,Ch1,,Ch2,,Ch3,,Ch4,,Ch5,,Ch6,,Ch7,,Ch8,
Time (s),R (kohm),ΔR/R0 (%),R (kohm),ΔR/R0 (%),R (kohm),ΔR/R0 (%),R (kohm),ΔR/R0 (%),R (kohm),ΔR/R0 (%),R (kohm),ΔR/R0 (%),R (kohm),ΔR/R0 (%),R (kohm),ΔR/R0 (%)
0.018,6.5456,0.0000,7.3016,0.0000,47091.7720,0.0000,NA,NA,NA,NA,NA,NA,NA,NA,NA,NA
0.113,6.5450,0.0000,7.3032,0.0000,51121.5760,0.0000,NA,NA,NA,NA,NA,NA,NA,NA,NA,NA
0.209,6.4898,0.0000,7.3032,0.0000,54491.1120,0.0000,NA,NA,NA,NA,NA,NA,NA,NA,NA,NA
0.306,6.4721,0.0000,7.2982,0.0000,54491.1120,0.0000,NA,NA,NA,NA,NA,NA,NA,NA,NA,NA
0.403,6.4596,0.0000,7.2941,0.0000,24827.2680,0.0000,185717.7120,0.0000,NA,NA,NA,NA,NA,NA,NA,NA
0.530,6.4523,0.0000,7.2831,0.0000,49205.1600,0.0000,NA,NA,NA,NA,NA,NA,NA,NA,NA,NA
0.602,6.4472,0.0000,7.2913,0.0000,49205.1600,0.0000,NA,NA,NA,NA,NA,NA,NA,NA,NA,NA
0.708,6.4580,0.0000,7.2913,0.0000,27236.8620,0.0000,NA,NA,NA,NA,NA,NA,NA,NA,NA,NA
0.796,6.4580,0.0000,7.2887,0.0000,29670.8920,0.0000,187152.1600,0.0000,NA,NA,NA,NA,NA,NA,NA,NA
0.909,6.4773,0.0000,7.3252,0.0000,29670.8920,0.0000,NA,NA,NA,NA,NA,NA,NA,NA,NA,NA
1.001,6.8859,0.0000,7.4398,1.5631,29452.0120,-0.7377,NA,NA,NA,NA,NA,NA,NA,NA,NA,NA
1.113,7.0860,2.9055,7.6538,4.4852,23864.9380,-19.5678,NA,NA,NA,NA,NA,NA,NA,NA,NA,NA
1.197,7.4283,7.8769,7.8484,7.1413,25509.6280,-14.0247,NA,NA,NA,NA,NA,NA,NA,NA,NA,NA
1.327,7.6901,11.6778,8.0435,9.8056,48910.9040,64.8447,NA,NA,NA,NA,NA,NA,NA,NA,NA,NA
1.391,7.7465,12.4971,8.1006,10.5845,51134.7200,72.3397,NA,NA,NA,NA,NA,NA,NA,NA,NA,NA
1.500,7.7465,12.4971,8.1224,10.8825,54639.0560,84.1504,NA,NA,NA,NA,NA,NA,NA,NA,NA,NA
1.594,7.7602,12.6965,8.1224,10.8825,54639.0560,84.1504,NA,NA,NA,NA,NA,NA,NA,NA,NA,NA
1.707,7.7856,13.0656,8.1211,10.8645,24618.2380,-17.0290,NA,NA,NA,NA,NA,NA,NA,NA,NA,NA
1.782,7.7959,13.2142,8.1232,10.8929,26283.7000,-11.4159,NA,NA,NA,NA,NA,NA,NA,NA,NA,NA
1.885,7.7971,13.2318,8.1267,10.9406,29722.6520,0.1744,NA,NA,NA,NA,NA,NA,NA,NA,NA,NA
1.986,7.9769,15.8434,8.1803,11.6729,29722.6520,0.1744,NA,NA,NA,NA,NA,NA,NA,NA,NA,NA
2.119,8.2462,19.7540,8.3698,14.2590,24349.7440,-17.9339,NA,NA,NA,NA,NA,NA,NA,NA,NA,NA
2.179,8.6521,25.6490,8.5783,17.1062,25808.4880,-13.0175,NA,NA,NA,NA,NA,NA,NA,NA,NA,NA
2.272,8.9289,29.6691,8.7086,18.8848,49312.5200,66.1983,NA,NA,NA,NA,NA,NA,NA,NA,NA,NA
2.375,9.0287,31.1185,8.7443,19.3719,51523.1040,73.6487,NA,NA,NA,NA,NA,NA,NA,NA,NA,NA
2.479,9.0373,31.2434,8.7472,19.4123,55732.9440,87.8371,NA,NA,NA,NA,NA,NA,NA,NA,NA,NA
2.569,9.0426,31.3193,8.7472,19.4123,55732.9440,87.8371,NA,NA,NA,NA,NA,NA,NA,NA,NA,NA
2.673,9.0426,31.3193,8.7387,19.2962,25049.5000,-15.5755,NA,NA,NA,NA,NA,NA,NA,NA,NA,NA
2.762,9.0228,31.0326,8.7735,19.7712,26993.1200,-9.0249,NA,NA,NA,NA,NA,NA,NA,NA,NA,NA
2.916,8.9830,30.4546,8.8210,20.4190,26993.1200,-9.0249,NA,NA,NA,NA,NA,NA,NA,NA,NA,NA
2.961,8.9722,30.2976,8.8279,20.5138,22587.1220,-23.8745,NA,NA,NA,NA,NA,NA,NA,NA,NA,NA
3.068,8.9684,30.2423,8.8293,20.5328,24455.3680,-17.5779,NA,NA,NA,NA,NA,NA,NA,NA,NA,NA
3.165,8.9515,29.9966,8.8293,20.5328,26083.6000,-12.0903,NA,NA,NA,NA,NA,NA,NA,NA,NA,NA
3.270,8.9322,29.7158,8.8140,20.3241,49647.0800,67.3259,NA,NA,NA,NA,NA,NA,NA,NA,NA,NA
3.368,8.9219,29.5671,8.8079,20.2398,49647.0800,67.3259,NA,NA,NA,NA,NA,NA,NA,NA,NA,NA
3.518,8.9122,29.4266,8.7942,20.0533,32201.0700,8.5275,NA,NA,NA,NA,NA,NA,NA,NA,NA,NA
3.555,8.9069,29.3486,8.7920,20.0227,32201.0700,8.5275,NA,NA,NA,NA,NA,NA,NA,NA,NA,NA
3.660,8.9012,29.2664,8.7920,20.0227,22936.8240,-22.6959,NA,NA,NA,NA,NA,NA,NA,NA,NA,NA
3.759,8.9010,29.2634,8.7780,19.8324,24550.5940,-17.2570,NA,NA,NA,NA,NA,NA,NA,NA,NA,NA
3.855,8.8856,29.0391,8.7661,19.6691,44742.6000,50.7963,NA,NA,NA,NA,NA,NA,NA,NA,NA,NA
3.948,8.8529,28.5641,8.7584,19.5647,47542.3760,60.2324,NA,NA,NA,NA,NA,NA,NA,NA,NA,NA
4.058,8.8134,27.9913,8.7381,19.2872,50063.9440,68.7308,NA,NA,NA,NA,NA,NA,NA,NA,NA,NA
4.175,8.7926,27.6888,8.7170,18.9989,52492.5520,76.9160,NA,NA,NA,NA,NA,NA,NA,NA,NA,NA
4.242,8.7685,27.3389,8.7049,18.8343,52492.5520,76.9160,NA,NA,NA,NA,NA,NA,NA,NA,NA,NA
4.341,8.7524,27.1050,8.6976,18.7339,29417.8100,-0.8530,NA,NA,NA,NA,NA,NA,NA,NA,NA,NA
4.445,8.7375,26.8891,8.6877,18.5992,32617.2140,9.9300,NA,NA,NA,NA,NA,NA,NA,NA,NA,NA
4.539,8.7127,26.5287,8.6742,18.4152,32617.2140,9.9300,NA,NA,NA,NA,NA,NA,NA,NA,NA,NA
4.635,8.6834,26.1027,8.6656,18.2970,23351.6360,-21.2978,NA,NA,NA,NA,NA,NA,NA,NA,NA,NA
4.759,8.6575,25.7274,8.6604,18.2272,24946.8920,-15.9213,NA,NA,NA,NA,NA,NA,NA,NA,NA,NA
4.831,8.6425,25.5090,8.6492,18.0734,45295.1880,52.6587,NA,NA,NA,NA,NA,NA,NA,NA,NA,NA
4.931,8.6018,24.9187,8.6443,18.0064,47986.5640,61.7294,NA,NA,NA,NA,NA,NA,NA,NA,NA,NA
5.031,8.5686,24.4362,8.6317,17.8353,50551.9760,70.3757,NA,NA,NA,NA,NA,NA,NA,NA,NA,NA
5.126,8.5506,24.1751,8.6159,17.6196,50551.9760,70.3757,NA,NA,NA,NA,NA,NA,NA,NA,NA,NA
5.225,8.5277,23.8418,8.6051,17.4712,26395.9280,-11.0376,NA,NA,NA,NA,NA,NA,NA,NA,NA,NA
5.320,8.5192,23.7184,8.5982,17.3778,29871.2200,0.6752,NA,NA,NA,NA,NA,NA,NA,NA,NA,NA
5.421,8.5055,23.5198,8.5941,17.3214,33282.4300,12.1720,NA,NA,NA,NA,NA,NA,NA,NA,NA,NA
5.529,8.5055,23.5198,8.5928,17.3040,33282.4300,12.1720,NA,NA,NA,NA,NA,NA,NA,NA,NA,NA
5.628,8.4909,23.3081,8.5794,17.1208,23762.2480,-19.9139,NA,NA,NA,NA,NA,NA,NA,NA,NA,NA
5.719,8.4860,23.2372,8.5732,17.0366,25323.6740,-14.6515,NA,NA,NA,NA,NA,NA,NA,NA,NA,NA
5.825,8.4663,22.9504,8.5668,16.9485,45971.0560,54.9365,NA,NA,NA,NA,NA,NA,NA,NA,NA,NA
5.909,8.4568,22.8119,8.5593,16.8460,48449.0720,63.2882,NA,NA,NA,NA,NA,NA,NA,NA,NA,NA
6.010,8.4338,22.4788,8.5548,16.7847,50938.5240,71.6784,NA,NA,NA,NA,NA,NA,NA,NA,NA,NA
6.112,8.4338,22.4782,8.5483,16.6960,50938.5240,71.6784,NA,NA,NA,NA,NA,NA,NA,NA,NA,NA
6.216,8.4338,22.4791,8.5400,16.5824,27266.2360,-8.1044,189618.6080,0.0000,NA,NA,NA,NA,NA,NA,NA,NA
6.317,8.4445,22.6337,8.5333,16.4913,27484.8660,-7.3676,NA,NA,NA,NA,NA,NA,NA,NA,NA,NA
6.416,8.4554,22.7925,8.5275,16.4120,29132.8640,-1.8133,NA,NA,NA,NA,NA,NA,NA,NA,NA,NA
6.520,8.4561,22.8029,8.5241,16.3661,29132.8640,-1.8133,NA,NA,NA,NA,NA,NA,NA,NA,NA,NA
6.603,8.4561,22.8029,8.5177,16.2784,23793.2720,-19.8094,NA,NA,NA,NA,NA,NA,NA,NA,NA,NA
6.700,8.4417,22.5939,8.5081,16.1480,26139.9460,-11.9004,NA,NA,NA,NA,NA,NA,NA,NA,NA,NA
6.800,8.4224,22.3136,8.5012,16.0537,50337.1040,69.6515,NA,NA,NA,NA,NA,NA,NA,NA,NA,NA
6.896,8.4089,22.1172,8.4961,15.9842,54455.5680,83.5320,NA,NA,NA,NA,NA,NA,NA,NA,NA,NA
6.995,8.4019,22.0156,8.4869,15.8588,56567.7480,90.6506,NA,NA,NA,NA,NA,NA,NA,NA,NA,NA
7.133,8.3969,21.9422,8.4809,15.7766,56567.7480,90.6506,NA,NA,NA,NA,NA,NA,NA,NA,NA,NA
7.193,8.3969,21.9422,8.4782,15.7397,26036.8380,-12.2479,NA,NA,NA,NA,NA,NA,NA,NA,NA,NA
7.292,8.3945,21.9076,8.4683,15.6045,27466.1480,-7.4307,NA,NA,NA,NA,NA,NA,NA,NA,NA,NA
7.410,8.3905,21.8493,8.4520,15.3820,27466.1480,-7.4307,NA,NA,NA,NA,NA,NA,NA,NA,NA,NA
7.491,8.3873,21.8031,8.4455,15.2924,21835.1920,-26.4087,NA,NA,NA,NA,NA,NA,NA,NA,NA,NA
7.582,8.3751,21.6258,8.4389,15.2035,24211.0420,-18.4014,NA,NA,NA,NA,NA,NA,NA,NA,NA,NA
7.696,8.3673,21.5125,8.4365,15.1707,26488.7840,-10.7247,NA,NA,NA,NA,NA,NA,NA,NA,NA,NA
7.793,8.3594,21.3982,8.4306,15.0892,51163.3440,72.4362,NA,NA,NA,NA,NA,NA,NA,NA,NA,NA
7.883,8.3492,21.2499,8.4289,15.0658,54864.7160,84.9109,NA,NA,NA,NA,NA,NA,NA,NA,NA,NA
7.980,8.3422,21.1490,8.4287,15.0634,57557.1800,93.9853,NA,NA,NA,NA,NA,NA,NA,NA,NA,NA
8.076,8.3346,21.0376,8.4217,14.9676,57557.1800,93.9853,NA,NA,NA,NA,NA,NA,NA,NA,NA,NA
8.179,8.3268,20.9251,8.4180,14.9180,26518.5240,-10.6244,NA,NA,NA,NA,NA,NA,NA,NA,NA,NA
8.271,8.3191,20.8135,8.4161,14.8922,27833.8340,-6.1914,NA,NA,NA,NA,NA,NA,NA,NA,NA,NA
8.370,8.3148,20.7507,8.4100,14.8082,27833.8340,-6.1914,NA,NA,NA,NA,NA,NA,NA,NA,NA,NA
8.483,8.3080,20.6511,8.3971,14.6327,22483.6880,-24.2231,NA,NA,NA,NA,NA,NA,NA,NA,NA,NA
8.577,8.2997,20.5318,8.3877,14.5036,52666.3200,77.5016,NA,NA,NA,NA,NA,NA,NA,NA,NA,NA
8.671,8.2873,20.3508,8.3794,14.3901,55111.3960,85.7423,NA,NA,NA,NA,NA,NA,NA,NA,NA,NA
8.771,8.2806,20.2530,8.3726,14.2982,55111.3960,85.7423,NA,NA,NA,NA,NA,NA,NA,NA,NA,NA
8.870,8.2756,20.1809,8.3679,14.2338,27998.7300,-5.6357,NA,NA,NA,NA,NA,NA,NA,NA,NA,NA
9.029,8.2817,20.2693,8.3574,14.0901,32268.4600,8.7546,NA,NA,NA,NA,NA,NA,NA,NA,NA,NA
9.062,8.2836,20.2973,8.3479,13.9603,32268.4600,8.7546,NA,NA,NA,NA,NA,NA,NA,NA,NA,NA
9.159,8.2836,20.2973,8.3394,13.8440,23504.8800,-20.7814,NA,NA,NA,NA,NA,NA,NA,NA,NA,NA
9.262,8.2689,20.0835,8.3338,13.7675,25092.2200,-15.4315,NA,NA,NA,NA,NA,NA,NA,NA,NA,NA
9.365,8.2620,19.9842,8.3279,13.6878,46190.2600,55.6753,NA,NA,NA,NA,NA,NA,NA,NA,NA,NA
9.453,8.2439,19.7207,8.3251,13.6496,49822.7440,67.9179,NA,NA,NA,NA,NA,NA,NA,NA,NA,NA
9.559,8.2281,19.4908,8.3050,13.3745,52678.2640,77.5419,NA,NA,NA,NA,NA,NA,NA,NA,NA,NA
9.651,8.2224,19.4079,8.2995,13.2992,52678.2640,77.5419,NA,NA,NA,NA,NA,NA,NA,NA,NA,NA
9.751,8.2380,19.6348,8.2925,13.2044,24754.0020,-16.5714,NA,NA,NA,NA,NA,NA,NA,NA,NA,NA
9.846,8.2380,19.6348,8.2893,13.1600,28932.5740,-2.4884,NA,NA,NA,NA,NA,NA,NA,NA,NA,NA
9.955,8.2322,19.5514,8.2888,13.1538,33174.3880,11.8079,NA,NA,NA,NA,NA,NA,NA,NA,NA,NA
10.042,8.2322,19.5514,8.2809,13.0460,33174.3880,11.8079,NA,NA,NA,NA,NA,NA,NA,NA,NA,NA
10.199,8.2259,19.4594,8.2712,12.9138,23945.1080,-19.2976,NA,NA,NA,NA,NA,NA,NA,NA,NA,NA
10.249,8.2084,19.2053,8.2657,12.8380,25526.1500,-13.9691,NA,NA,NA,NA,NA,NA,NA,NA,NA,NA
10.338,8.1822,18.8244,8.2615,12.7810,46977.5240,58.3287,NA,NA,NA,NA,NA,NA,NA,NA,NA,NA
10.436,8.1607,18.5127,8.2589,12.7460,50392.2240,69.8372,NA,NA,NA,NA,NA,NA,NA,NA,NA,NA
10.541,8.1669,18.6030,8.2539,12.6776,53175.9320,79.2192,NA,NA,NA,NA,NA,NA,NA,NA,NA,NA
10.630,8.1669,18.6030,8.2523,12.6561,53175.9320,79.2192,NA,NA,NA,NA,NA,NA,NA,NA,NA,NA
10.745,8.1639,18.5591,8.2406,12.4957,25843.4000,-12.8998,191004.0160,0.0000,NA,NA,NA,NA,NA,NA,NA,NA
10.824,8.1596,18.4965,8.2365,12.4393,50975.9120,71.8044,NA,NA,NA,NA,NA,NA,NA,NA,NA,NA
10.941,8.1393,18.2012,8.2345,12.4129,NA,NA,NA,NA,NA,NA,NA,NA,NA,NA,NA,NA
11.028,8.1229,17.9638,8.2281,12.3252,NA,NA,NA,NA,NA,NA,NA,NA,NA,NA,NA,NA
11.127,8.0776,17.3064,8.2158,12.1577,30733.8160,3.5824,NA,NA,NA,NA,NA,NA,NA,NA,NA,NA
11.227,8.0464,16.8522,8.2120,12.1059,30733.8160,3.5824,NA,NA,NA,NA,NA,NA,NA,NA,NA,NA
11.328,8.0302,16.6177,8.2071,12.0378,30720.7380,3.5383,NA,NA,NA,NA,NA,NA,NA,NA,NA,NA
11.431,8.0098,16.3213,8.1995,11.9344,23641.4400,-20.3211,NA,NA,NA,NA,NA,NA,NA,NA,NA,NA
11.526,7.9940,16.0914,8.1947,11.8690,25127.7980,-15.3116,NA,NA,NA,NA,NA,NA,NA,NA,NA,NA
11.619,7.9239,15.0735,8.1914,11.8238,46166.2400,55.5944,NA,NA,NA,NA,NA,NA,NA,NA,NA,NA
11.719,7.8423,13.8882,8.1893,11.7952,50161.1440,69.0584,NA,NA,NA,NA,NA,NA,NA,NA,NA,NA
11.818,7.8208,13.5763,8.1762,11.6172,54372.6160,83.2524,NA,NA,NA,NA,NA,NA,NA,NA,NA,NA
11.931,7.8166,13.5148,8.1762,11.6172,54372.6160,83.2524,NA,NA,NA,NA,NA,NA,NA,NA,NA,NA
12.019,7.8020,13.3032,8.1705,11.5383,24011.3900,-19.0743,NA,NA,NA,NA,NA,NA,NA,NA,NA,NA
12.117,7.7943,13.1914,8.1623,11.4265,24025.1380,-19.0279,NA,NA,NA,NA,NA,NA,NA,NA,NA,NA
12.219,7.7731,12.8836,8.1483,11.2362,25223.4400,-14.9893,NA,NA,NA,NA,NA,NA,NA,NA,NA,NA
12.315,7.7527,12.5873,8.1402,11.1258,44841.9040,51.1310,NA,NA,NA,NA,NA,NA,NA,NA,NA,NA
12.409,7.7406,12.4114,8.1347,11.0503,47242.7520,59.2226,NA,NA,NA,NA,NA,NA,NA,NA,NA,NA
12.526,7.6955,11.7571,8.1333,11.0304,50219.4600,69.2550,NA,NA,NA,NA,NA,NA,NA,NA,NA,NA
12.610,7.6306,10.8144,8.1253,10.9218,50219.4600,69.2550,NA,NA,NA,NA,NA,NA,NA,NA,NA,NA
12.720,7.6049,10.4406,8.1203,10.8529,28071.3040,-5.3911,190464.3840,0.0000,NA,NA,NA,NA,NA,NA,NA,NA
12.806,7.5282,9.3264,8.1016,10.5988,58472.9280,97.0717,NA,NA,NA,NA,NA,NA,NA,NA,NA,NA
12.922,7.4980,8.8890,8.0987,10.5584,58472.9280,97.0717,NA,NA,NA,NA,NA,NA,NA,NA,NA,NA
13.002,7.4926,8.8101,8.0930,10.4806,25978.1700,-12.4456,NA,NA,NA,NA,NA,NA,NA,NA,NA,NA
13.106,7.4822,8.6589,8.0793,10.2940,28485.4200,-3.9954,NA,NA,NA,NA,NA,NA,NA,NA,NA,NA
13.195,7.4490,8.1774,8.0714,10.1862,31132.6400,4.9265,NA,NA,NA,NA,NA,NA,NA,NA,NA,NA
13.300,7.4330,7.9448,8.0631,10.0729,31132.6400,4.9265,NA,NA,NA,NA,NA,NA,NA,NA,NA,NA
13.390,7.4296,7.8945,8.0570,9.9894,22669.1340,-23.5981,NA,NA,NA,NA,NA,NA,NA,NA,NA,NA
13.490,7.4137,7.6640,8.0477,9.8627,24652.0980,-16.9149,NA,NA,NA,NA,NA,NA,NA,NA,NA,NA
13.604,7.4080,7.5820,8.0457,9.8348,44652.9440,50.4941,NA,NA,NA,NA,NA,NA,NA,NA,NA,NA
13.690,7.4154,7.6889,8.0450,9.8260,52223.2520,76.0084,NA,NA,NA,NA,NA,NA,NA,NA,NA,NA
13.786,7.4154,7.6889,8.0439,9.8109,59735.9920,101.3286,NA,NA,NA,NA,NA,NA,NA,NA,NA,NA
13.885,7.4098,7.6083,8.0369,9.7154,59735.9920,101.3286,NA,NA,NA,NA,NA,NA,NA,NA,NA,NA
13.988,7.3735,7.0809,8.0367,9.7123,26701.7180,-10.0070,NA,NA,NA,NA,NA,NA,NA,NA,NA,NA
14.091,7.3364,6.5410,8.0350,9.6894,26701.7180,-10.0070,NA,NA,NA,NA,NA,NA,NA,NA,NA,NA
14.189,7.3228,6.3438,8.0245,9.5463,26580.1320,-10.4168,NA,NA,NA,NA,NA,NA,NA,NA,NA,NA
14.300,7.2872,5.8269,8.0192,9.4735,50671.0640,70.7770,NA,NA,NA,NA,NA,NA,NA,NA,NA,NA
14.377,7.2615,5.4543,8.0078,9.3173,52896.2960,78.2767,NA,NA,NA,NA,NA,NA,NA,NA,NA,NA
14.476,7.2615,5.4543,8.0034,9.2580,57497.9720,93.7858,NA,NA,NA,NA,NA,NA,NA,NA,NA,NA
14.578,7.2475,5.2501,7.9923,9.1067,57497.9720,93.7858,NA,NA,NA,NA,NA,NA,NA,NA,NA,NA
14.676,7.2423,5.1753,7.9854,9.0122,25985.8460,-12.4197,NA,NA,NA,NA,NA,NA,NA,NA,NA,NA
14.772,7.2295,4.9889,7.9798,8.9357,27764.6000,-6.4248,NA,NA,NA,NA,NA,NA,NA,NA,NA,NA
14.871,7.2232,4.8971,7.9792,8.9267,27764.6000,-6.4248,NA,NA,NA,NA,NA,NA,NA,NA,NA,NA
15.012,7.2025,4.5976,7.9763,8.8871,23127.9900,-22.0516,NA,NA,NA,NA,NA,NA,NA,NA,NA,NA
15.095,7.1923,4.4494,7.9686,8.7832,25029.1540,-15.6441,NA,NA,NA,NA,NA,NA,NA,NA,NA,NA
15.178,7.1886,4.3958,7.9648,8.7310,47890.1040,61.4043,NA,NA,NA,NA,NA,NA,NA,NA,NA,NA
15.263,7.1671,4.0829,7.9648,8.7310,50700.2520,70.8754,NA,NA,NA,NA,NA,NA,NA,NA,NA,NA
15.356,7.1505,3.8418,7.9549,8.5954,53860.2960,81.5257,NA,NA,NA,NA,NA,NA,NA,NA,NA,NA
15.522,7.1460,3.7764,7.9526,8.5636,58187.9760,96.1113,NA,NA,NA,NA,NA,NA,NA,NA,NA,NA
15.555,7.1468,3.7884,7.9431,8.4349,58187.9760,96.1113,NA,NA,NA,NA,NA,NA,NA,NA,NA,NA
15.659,7.1468,3.7884,7.9341,8.3122,26277.7120,-11.4361,NA,NA,NA,NA,NA,NA,NA,NA,NA,NA
15.748,7.1411,3.7050,7.9288,8.2390,28607.2880,-3.5847,NA,NA,NA,NA,NA,NA,NA,NA,NA,NA
15.855,7.1209,3.4122,7.9281,8.2293,28607.2880,-3.5847,NA,NA,NA,NA,NA,NA,NA,NA,NA,NA
15.948,7.1084,3.2311,7.9198,8.1171,23713.9200,-20.0768,NA,NA,NA,NA,NA,NA,NA,NA,NA,NA
16.049,7.1084,3.2311,7.9134,8.0296,25380.7960,-14.4589,NA,NA,NA,NA,NA,NA,NA,NA,NA,NA
16.149,7.0852,2.8941,7.9039,7.8997,48540.2880,63.5956,NA,NA,NA,NA,NA,NA,NA,NA,NA,NA
16.246,7.0631,2.5729,7.8932,7.7537,50739.1120,71.0064,NA,NA,NA,NA,NA,NA,NA,NA,NA,NA
16.339,7.0464,2.3301,7.8857,7.6510,54608.3800,84.0470,NA,NA,NA,NA,NA,NA,NA,NA,NA,NA
16.442,7.0378,2.2049,7.8798,7.5702,54608.3800,84.0470,NA,NA,NA,NA,NA,NA,NA,NA,NA,NA
16.535,7.0254,2.0253,7.8780,7.5452,24686.1420,-16.8001,NA,NA,NA,NA,NA,NA,NA,NA,NA,NA
16.656,7.0127,1.8402,7.8700,7.4361,26268.8460,-11.4659,NA,NA,NA,NA,NA,NA,NA,NA,NA,NA
16.759,7.0088,1.7838,7.8675,7.4031,29553.5640,-0.3954,NA,NA,NA,NA,NA,NA,NA,NA,NA,NA
16.838,7.0082,1.7762,7.8593,7.2909,29553.5640,-0.3954,NA,NA,NA,NA,NA,NA,NA,NA,NA,NA
16.932,6.9952,1.5866,7.8476,7.1314,24204.3760,-18.4238,NA,NA,NA,NA,NA,NA,NA,NA,NA,NA
17.064,6.9891,1.4975,7.8445,7.0891,25702.4160,-13.3750,NA,NA,NA,NA,NA,NA,NA,NA,NA,NA
17.125,6.9253,0.5716,7.8405,7.0336,49148.2400,65.6446,NA,NA,NA,NA,NA,NA,NA,NA,NA,NA
17.225,6.9063,0.2950,7.8319,6.9163,51513.3760,73.6159,NA,NA,NA,NA,NA,NA,NA,NA,NA,NA
17.363,6.8995,0.1967,7.8302,6.8929,56015.4800,88.7893,NA,NA,NA,NA,NA,NA,NA,NA,NA,NA
17.425,6.8968,0.1576,7.8100,6.6170,56015.4800,88.7893,NA,NA,NA,NA,NA,NA,NA,NA,NA,NA
17.525,6.8787,-0.1046,7.8002,6.4832,25124.7160,-15.3220,NA,NA,NA,NA,NA,NA,NA,NA,NA,NA
17.620,6.8632,-0.3308,7.7959,6.4250,24323.6260,-18.0219,NA,NA,NA,NA,NA,NA,NA,NA,NA,NA
17.719,6.8505,-0.5145,7.7912,6.3615,25996.1520,-12.3850,NA,NA,NA,NA,NA,NA,NA,NA,NA,NA
17.818,6.8310,-0.7976,7.7849,6.2752,47035.3520,58.5236,NA,NA,NA,NA,NA,NA,NA,NA,NA,NA
17.915,6.8199,-0.9597,7.7798,6.2054,49696.3120,67.4918,NA,NA,NA,NA,NA,NA,NA,NA,NA,NA
18.063,6.8127,-1.0638,7.7721,6.1008,52020.7760,75.3260,NA,NA,NA,NA,NA,NA,NA,NA,NA,NA
18.147,6.7983,-1.2735,7.7667,6.0258,52020.7760,75.3260,NA,NA,NA,NA,NA,NA,NA,NA,NA,NA
18.219,6.7852,-1.4632,7.7635,5.9829,28292.1440,-4.6468,191411.5520,0.0000,NA,NA,NA,NA,NA,NA,NA,NA
18.316,6.7771,-1.5811,7.7569,5.8923,56991.0240,92.0772,NA,NA,NA,NA,NA,NA,NA,NA,NA,NA
18.407,6.7636,-1.7770,7.7480,5.7714,56991.0240,92.0772,NA,NA,NA,NA,NA,NA,NA,NA,NA,NA
18.523,6.7602,-1.8267,7.7489,5.7830,26856.5520,-9.4852,191128.9280,0.0000,NA,NA,NA,NA,NA,NA,NA,NA
18.609,6.7602,-1.8267,7.7489,5.7830,57210.1920,92.8159,NA,NA,NA,NA,NA,NA,NA,NA,NA,NA
18.711,6.7457,-2.0367,7.7403,5.6655,NA,NA,NA,NA,NA,NA,NA,NA,NA,NA,NA,NA
18.807,6.7391,-2.1327,7.7352,5.5968,NA,NA,NA,NA,NA,NA,NA,NA,NA,NA,NA,NA
18.909,6.7494,-1.9824,7.7286,5.5059,30576.9300,3.0536,NA,NA,NA,NA,NA,NA,NA,NA,NA,NA
19.008,6.7843,-1.4754,7.7264,5.4759,31489.8200,6.1303,NA,NA,NA,NA,NA,NA,NA,NA,NA,NA
19.173,6.8038,-1.1924,7.7248,5.4544,31489.8200,6.1303,NA,NA,NA,NA,NA,NA,NA,NA,NA,NA
19.205,6.8064,-1.1557,7.7228,5.4267,23183.7880,-21.8635,NA,NA,NA,NA,NA,NA,NA,NA,NA,NA
19.302,6.8089,-1.1186,7.7081,5.2266,24328.0580,-18.0070,NA,NA,NA,NA,NA,NA,NA,NA,NA,NA
19.410,6.8089,-1.1186,7.7012,5.1320,43157.3440,45.4535,NA,NA,NA,NA,NA,NA,NA,NA,NA,NA
19.495,6.8087,-1.1211,7.6909,4.9914,45202.1400,52.3451,NA,NA,NA,NA,NA,NA,NA,NA,NA,NA
19.618,6.8087,-1.1211,7.6904,4.9843,49206.3800,65.8406,NA,NA,NA,NA,NA,NA,NA,NA,NA,NA
19.740,6.7989,-1.2642,7.6880,4.9518,49206.3800,65.8406,NA,NA,NA,NA,NA,NA,NA,NA,NA,NA
19.785,6.7976,-1.2827,7.6877,4.9484,27026.9120,-8.9110,NA,NA,NA,NA,NA,NA,NA,NA,NA,NA
19.891,6.7964,-1.3002,7.6856,4.9195,29201.3680,-1.5824,190358.6560,0.0000,NA,NA,NA,NA,NA,NA,NA,NA
20.005,6.7935,-1.3426,7.6843,4.9012,29506.3760,-0.5545,NA,NA,NA,NA,NA,NA,NA,NA,NA,NA
20.087,6.7846,-1.4711,7.6836,4.8924,29506.3760,-0.5545,NA,NA,NA,NA,NA,NA,NA,NA,NA,NA
20.189,6.7850,-1.4659,7.6787,4.8248,23789.2320,-19.8230,NA,NA,NA,NA,NA,NA,NA,NA,NA,NA
20.290,6.7850,-1.4659,7.6764,4.7939,25198.6220,-15.0729,NA,NA,NA,NA,NA,NA,NA,NA,NA,NA
20.387,6.7776,-1.5732,7.6755,4.7820,47799.2800,61.0982,NA,NA,NA,NA,NA,NA,NA,NA,NA,NA
20.488,6.7547,-1.9056,7.6706,4.7139,50453.0240,70.0422,NA,NA,NA,NA,NA,NA,NA,NA,NA,NA
20.586,6.7375,-2.1557,7.6688,4.6905,54941.8160,85.1708,NA,NA,NA,NA,NA,NA,NA,NA,NA,NA
20.681,6.7143,-2.4928,7.6604,4.5757,54941.8160,85.1708,NA,NA,NA,NA,NA,NA,NA,NA,NA,NA
20.779,6.7021,-2.6695,7.6598,4.5666,24421.5440,-17.6919,NA,NA,NA,NA,NA,NA,NA,NA,NA,NA
20.908,6.6869,-2.8912,7.6557,4.5115,26304.7760,-11.3448,195822.3680,0.0000,NA,NA,NA,NA,NA,NA,NA,NA
20.987,6.6788,-3.0081,7.6469,4.3912,52274.7200,76.1818,NA,NA,NA,NA,NA,NA,NA,NA,NA,NA
21.086,6.6719,-3.1085,7.6469,4.3912,52274.7200,76.1818,NA,NA,NA,NA,NA,NA,NA,NA,NA,NA
21.187,6.6640,-3.2234,7.6411,4.3116,27524.6900,-7.2334,NA,NA,NA,NA,NA,NA,NA,NA,NA,NA
21.275,6.6584,-3.3050,7.6357,4.2384,24197.0380,-18.4486,NA,NA,NA,NA,NA,NA,NA,NA,NA,NA
21.377,6.6543,-3.3634,7.6319,4.1862,41667.1680,40.4311,NA,NA,NA,NA,NA,NA,NA,NA,NA,NA
21.511,6.6516,-3.4036,7.6290,4.1465,47563.3600,60.3031,NA,NA,NA,NA,NA,NA,NA,NA,NA,NA
21.570,6.6399,-3.5735,7.6290,4.1465,55861.9120,88.2718,NA,NA,NA,NA,NA,NA,NA,NA,NA,NA
21.669,6.6326,-3.6793,7.6262,4.1082,55861.9120,88.2718,NA,NA,NA,NA,NA,NA,NA,NA,NA,NA
21.769,6.6288,-3.7343,7.6218,4.0482,26114.5100,-11.9861,NA,NA,NA,NA,NA,NA,NA,NA,NA,NA
21.870,6.6196,-3.8683,7.6203,4.0283,28721.1520,-3.2009,NA,NA,NA,NA,NA,NA,NA,NA,NA,NA
22.001,6.6133,-3.9592,7.6180,3.9964,31704.7640,6.8548,NA,NA,NA,NA,NA,NA,NA,NA,NA,NA
22.065,6.6120,-3.9786,7.6076,3.8542,31704.7640,6.8548,NA,NA,NA,NA,NA,NA,NA,NA,NA,NA
22.173,6.6120,-3.9786,7.6016,3.7731,22759.3180,-23.2941,NA,NA,NA,NA,NA,NA,NA,NA,NA,NA
22.255,6.6036,-4.1003,7.5986,3.7316,24304.8200,-18.0853,NA,NA,NA,NA,NA,NA,NA,NA,NA,NA
22.354,6.5965,-4.2037,7.5902,3.6170,42917.6560,44.6457,NA,NA,NA,NA,NA,NA,NA,NA,NA,NA
22.458,6.5943,-4.2351,7.5859,3.5584,49730.2480,67.6062,NA,NA,NA,NA,NA,NA,NA,NA,NA,NA
22.594,6.5900,-4.2985,7.5863,3.5635,58183.7640,96.0971,NA,NA,NA,NA,NA,NA,NA,NA,NA,NA
22.759,6.5870,-4.3415,7.5863,3.5635,58183.7640,96.0971,NA,NA,NA,NA,NA,NA,NA,NA,NA,NA
22.764,6.5804,-4.4368,7.5851,3.5468,26739.2760,-9.8804,NA,NA,NA,NA,NA,NA,NA,NA,NA,NA
22.846,6.5774,-4.4808,7.5815,3.4987,29436.4120,-0.7903,NA,NA,NA,NA,NA,NA,NA,NA,NA,NA
22.948,6.5778,-4.4749,7.5772,3.4392,29436.4120,-0.7903,NA,NA,NA,NA,NA,NA,NA,NA,NA,NA
23.046,6.5832,-4.3959,7.5686,3.3214,21615.2580,-27.1500,NA,NA,NA,NA,NA,NA,NA,NA,NA,NA
23.145,6.5832,-4.3959,7.5605,3.2116,22815.5280,-23.1047,NA,NA,NA,NA,NA,NA,NA,NA,NA,NA
23.241,6.5758,-4.5045,7.5696,3.3353,24834.8520,-16.2989,NA,NA,NA,NA,NA,NA,NA,NA,NA,NA
23.339,6.5604,-4.7273,7.5719,3.3674,44815.5680,51.0422,NA,NA,NA,NA,NA,NA,NA,NA,NA,NA
23.451,6.5511,-4.8634,7.5719,3.3674,52187.9120,75.8893,NA,NA,NA,NA,NA,NA,NA,NA,NA,NA
23.537,6.5418,-4.9971,7.5673,3.3042,60143.7640,102.7029,NA,NA,NA,NA,NA,NA,NA,NA,NA,NA
23.645,6.5481,-4.9068,7.5676,3.3078,60143.7640,102.7029,NA,NA,NA,NA,NA,NA,NA,NA,NA,NA
23.734,6.5481,-4.9068,7.5676,3.3078,27402.5380,-7.6450,NA,NA,NA,NA,NA,NA,NA,NA,NA,NA
23.872,6.5453,-4.9475,7.5672,3.3028,30086.8580,1.4019,NA,NA,NA,NA,NA,NA,NA,NA,NA,NA
23.926,6.5437,-4.9708,7.5594,3.1960,30086.8580,1.4019,NA,NA,NA,NA,NA,NA,NA,NA,NA,NA
24.033,6.5432,-4.9775,7.5532,3.1120,21906.7100,-26.1677,NA,NA,NA,NA,NA,NA,NA,NA,NA,NA
24.135,6.5425,-4.9878,7.5504,3.0737,55096.7920,85.6931,NA,NA,NA,NA,NA,NA,NA,NA,NA,NA
24.229,6.5275,-5.2049,7.5463,3.0178,59108.4360,99.2135,NA,NA,NA,NA,NA,NA,NA,NA,NA,NA
24.325,6.5190,-5.3295,7.5463,3.0178,59108.4360,99.2135,NA,NA,NA,NA,NA,NA,NA,NA,NA,NA
24.423,6.5187,-5.3331,7.5364,2.8831,27003.0140,-8.9916,NA,NA,NA,NA,NA,NA,NA,NA,NA,NA
24.563,6.5152,-5.3834,7.5348,2.8603,28561.6640,-3.7384,NA,NA,NA,NA,NA,NA,NA,NA,NA,NA
24.623,6.5060,-5.5169,7.5336,2.8441,28561.6640,-3.7384,NA,NA,NA,NA,NA,NA,NA,NA,NA,NA
24.717,6.5028,-5.5648,7.5328,2.8339,23515.0680,-20.7470,NA,NA,NA,NA,NA,NA,NA,NA,NA,NA
24.810,6.4979,-5.6359,7.5275,2.7613,25598.0500,-13.7267,NA,NA,NA,NA,NA,NA,NA,NA,NA,NA
24.911,6.4975,-5.6409,7.5268,2.7514,49143.8400,65.6298,NA,NA,NA,NA,NA,NA,NA,NA,NA,NA
25.005,6.4870,-5.7942,7.5268,2.7514,52820.9280,78.0227,NA,NA,NA,NA,NA,NA,NA,NA,NA,NA
25.108,6.4779,-5.9258,7.5210,2.6716,55220.6760,86.1106,NA,NA,NA,NA,NA,NA,NA,NA,NA,NA
25.205,6.4724,-6.0062,7.5176,2.6259,55220.6760,86.1106,NA,NA,NA,NA,NA,NA,NA,NA,NA,NA
25.343,6.4692,-6.0527,7.5140,2.5772,25158.5720,-15.2079,NA,NA,NA,NA,NA,NA,NA,NA,NA,NA
25.440,6.4676,-6.0756,7.5141,2.5774,26504.7900,-10.6707,NA,NA,NA,NA,NA,NA,NA,NA,NA,NA
25.509,6.4686,-6.0606,7.5141,2.5774,29060.6020,-2.0569,NA,NA,NA,NA,NA,NA,NA,NA,NA,NA
25.596,6.4695,-6.0480,7.5126,2.5577,29060.6020,-2.0569,NA,NA,NA,NA,NA,NA,NA,NA,NA,NA
25.696,6.4695,-6.0480,7.5064,2.4724,24119.0380,-18.7114,NA,NA,NA,NA,NA,NA,NA,NA,NA,NA
25.796,6.4640,-6.1283,7.5031,2.4283,26032.3820,-12.2629,NA,NA,NA,NA,NA,NA,NA,NA,NA,NA
25.896,6.4626,-6.1483,7.4973,2.3489,50127.7440,68.9459,NA,NA,NA,NA,NA,NA,NA,NA,NA,NA
25.988,6.4627,-6.1460,7.4935,2.2965,52711.9640,77.6555,NA,NA,NA,NA,NA,NA,NA,NA,NA,NA
26.086,6.4627,-6.1460,7.4933,2.2946,56323.1640,89.8263,NA,NA,NA,NA,NA,NA,NA,NA,NA,NA
26.191,6.4624,-6.1504,7.4917,2.2721,56323.1640,89.8263,NA,NA,NA,NA,NA,NA,NA,NA,NA,NA
26.360,6.4611,-6.1694,7.4907,2.2584,25576.6900,-13.7987,NA,NA,NA,NA,NA,NA,NA,NA,NA,NA
26.386,6.4582,-6.2117,7.4843,2.1714,26968.8540,-9.1067,NA,NA,NA,NA,NA,NA,NA,NA,NA,NA
26.484,6.4542,-6.2693,7.4829,2.1521,26968.8540,-9.1067,NA,NA,NA,NA,NA,NA,NA,NA,NA,NA
26.589,6.4463,-6.3851,7.4829,2.1521,22298.6220,-24.8468,NA,NA,NA,NA,NA,NA,NA,NA,NA,NA
26.672,6.4416,-6.4522,7.4814,2.1314,24480.2240,-17.4941,NA,NA,NA,NA,NA,NA,NA,NA,NA,NA
26.775,6.4280,-6.6505,7.4814,2.1314,26287.5340,-11.4030,NA,NA,NA,NA,NA,NA,NA,NA,NA,NA
26.869,6.4100,-6.9120,7.4805,2.1189,50768.5040,71.1054,NA,NA,NA,NA,NA,NA,NA,NA,NA,NA
26.987,6.4017,-7.0329,7.4783,2.0891,53144.6120,79.1136,NA,NA,NA,NA,NA,NA,NA,NA,NA,NA
27.070,6.3913,-7.1827,7.4771,2.0731,57188.6400,92.7432,NA,NA,NA,NA,NA,NA,NA,NA,NA,NA
27.180,6.3892,-7.2141,7.4761,2.0595,57188.6400,92.7432,NA,NA,NA,NA,NA,NA,NA,NA,NA,NA
27.277,6.3840,-7.2887,7.4787,2.0954,25977.9560,-12.4463,NA,NA,NA,NA,NA,NA,NA,NA,NA,NA
27.401,6.3834,-7.2986,7.4787,2.0954,24875.0320,-16.1635,NA,NA,NA,NA,NA,NA,NA,NA,NA,NA
27.498,6.3786,-7.3673,7.4785,2.0922,45027.9960,51.7581,NA,NA,NA,NA,NA,NA,NA,NA,NA,NA
27.596,6.3714,-7.4722,7.4785,2.0918,48316.0080,62.8398,NA,NA,NA,NA,NA,NA,NA,NA,NA,NA
27.667,6.3630,-7.5949,7.4741,2.0314,51056.4040,72.0757,NA,NA,NA,NA,NA,NA,NA,NA,NA,NA
27.770,6.3590,-7.6522,7.4741,2.0314,53583.1840,80.5918,NA,NA,NA,NA,NA,NA,NA,NA,NA,NA
27.858,6.3500,-7.7835,7.4685,1.9559,53583.1840,80.5918,NA,NA,NA,NA,NA,NA,NA,NA,NA,NA
27.956,6.3466,-7.8328,7.4698,1.9730,28870.8620,-2.6963,195999.3440,0.0000,NA,NA,NA,NA,NA,NA,NA,NA
28.055,6.3375,-7.9647,7.4707,1.9860,57145.0800,92.5964,NA,NA,NA,NA,NA,NA,NA,NA,NA,NA
28.175,6.3342,-8.0124,7.4708,1.9869,57145.0800,92.5964,NA,NA,NA,NA,NA,NA,NA,NA,NA,NA
28.254,6.3342,-8.0124,7.4708,1.9869,27682.1260,-6.7028,189218.3680,0.0000,NA,NA,NA,NA,NA,NA,NA,NA
28.353,6.3284,-8.0962,7.4715,1.9966,59420.3800,100.2649,NA,NA,NA,NA,NA,NA,NA,NA,NA,NA
28.457,6.3284,-8.0974,7.4715,1.9966,59420.3800,100.2649,NA,NA,NA,NA,NA,NA,NA,NA,NA,NA
28.555,6.3324,-8.0392,7.4704,1.9809,26029.3100,-12.2732,NA,NA,NA,NA,NA,NA,NA,NA,NA,NA
28.749,6.3348,-8.0046,7.4673,1.9395,24513.5680,-17.3818,NA,NA,NA,NA,NA,NA,NA,NA,NA,NA
28.757,6.3348,-8.0046,7.4647,1.9044,26205.5080,-11.6794,NA,NA,NA,NA,NA,NA,NA,NA,NA,NA
28.850,6.3285,-8.0949,7.4642,1.8974,48359.4560,62.9862,NA,NA,NA,NA,NA,NA,NA,NA,NA,NA
28.949,6.3191,-8.2318,7.4624,1.8717,52392.3480,76.5783,NA,NA,NA,NA,NA,NA,NA,NA,NA,NA
29.052,6.3093,-8.3748,7.4561,1.7864,55891.9040,88.3728,NA,NA,NA,NA,NA,NA,NA,NA,NA,NA
29.146,6.3043,-8.4470,7.4532,1.7469,55891.9040,88.3728,NA,NA,NA,NA,NA,NA,NA,NA,NA,NA
29.243,6.3041,-8.4501,7.4524,1.7354,25795.7680,-13.0604,190707.9200,0.0000,NA,NA,NA,NA,NA,NA,NA,NA
29.341,6.3041,-8.4501,7.4524,1.7353,50460.5840,70.0676,NA,NA,NA,NA,NA,NA,NA,NA,NA,NA
29.439,6.3006,-8.4999,7.4508,1.7145,50460.5840,70.0676,NA,NA,NA,NA,NA,NA,NA,NA,NA,NA
29.542,6.2994,-8.5181,7.4493,1.6931,27923.3340,-5.8898,187941.4400,0.0000,NA,NA,NA,NA,NA,NA,NA,NA
29.645,6.2969,-8.5547,7.4472,1.6644,27923.3340,-5.8898,194506.2240,0.0000,NA,NA,NA,NA,NA,NA,NA,NA
29.757,6.2874,-8.6916,7.4437,1.6174,53187.5600,79.2584,NA,NA,NA,NA,NA,NA,NA,NA,NA,NA
29.877,6.2852,-8.7240,7.4382,1.5426,53187.5600,79.2584,NA,NA,NA,NA,NA,NA,NA,NA,NA,NA
29.986,6.2789,-8.8155,7.4359,1.5107,28952.8920,-2.4199,194586.8160,0.0000,NA,NA,NA,NA,NA,NA,NA,NA
30.038,6.2755,-8.8654,7.4272,1.3920,58429.3320,96.9248,NA,NA,NA,NA,NA,NA,NA,NA,NA,NA
30.149,6.2755,-8.8654,7.4207,1.3026,58429.3320,96.9248,NA,NA,NA,NA,NA,NA,NA,NA,NA,NA
30.241,6.2714,-8.9248,7.4178,1.2636,27334.7460,-7.8735,NA,NA,NA,NA,NA,NA,NA,NA,NA,NA
30.341,6.2714,-8.9248,7.4178,1.2636,25026.8880,-15.6517,NA,NA,NA,NA,NA,NA,NA,NA,NA,NA
30.438,6.2654,-9.0115,7.4172,1.2553,47005.1760,58.4218,NA,NA,NA,NA,NA,NA,NA,NA,NA,NA
30.551,6.2555,-9.1558,7.4113,1.1742,52568.2120,77.1710,NA,NA,NA,NA,NA,NA,NA,NA,NA,NA
30.631,6.2499,-9.2364,7.4113,1.1742,56675.8880,91.0151,NA,NA,NA,NA,NA,NA,NA,NA,NA,NA
30.737,6.2461,-9.2914,7.4156,1.2334,58992.2520,98.8220,NA,NA,NA,NA,NA,NA,NA,NA,NA,NA
30.831,6.2413,-9.3621,7.4156,1.2334,58992.2520,98.8220,NA,NA,NA,NA,NA,NA,NA,NA,NA,NA
30.926,6.2381,-9.4086,7.4067,1.1117,27469.5820,-7.4191,NA,NA,NA,NA,NA,NA,NA,NA,NA,NA
31.051,6.2371,-9.4227,7.4095,1.1497,28939.6060,-2.4647,NA,NA,NA,NA,NA,NA,NA,NA,NA,NA
31.131,6.2371,-9.4227,7.4095,1.1497,28939.6060,-2.4647,NA,NA,NA,NA,NA,NA,NA,NA,NA,NA
31.227,6.2307,-9.5150,7.4017,1.0437,22958.5800,-22.6225,NA,NA,NA,NA,NA,NA,NA,NA,NA,NA
31.316,6.2263,-9.5794,7.4017,1.0437,25413.3500,-14.3492,NA,NA,NA,NA,NA,NA,NA,NA,NA,NA
31.416,6.2208,-9.6592,7.4017,1.0433,48679.0600,64.0634,NA,NA,NA,NA,NA,NA,NA,NA,NA,NA
31.515,6.2105,-9.8092,7.4017,1.0433,53841.8920,81.4637,NA,NA,NA,NA,NA,NA,NA,NA,NA,NA
31.612,6.1953,-10.0294,7.3966,0.9740,57231.0520,92.8862,NA,NA,NA,NA,NA,NA,NA,NA,NA,NA
31.723,6.1874,-10.1438,7.3989,1.0052,57231.0520,92.8862,NA,NA,NA,NA,NA,NA,NA,NA,NA,NA
31.811,6.1833,-10.2035,7.3989,1.0052,25604.5720,-13.7047,NA,NA,NA,NA,NA,NA,NA,NA,NA,NA
31.911,6.1833,-10.2035,7.3982,0.9953,27150.1460,-8.4957,NA,NA,NA,NA,NA,NA,NA,NA,NA,NA
32.010,6.1889,-10.1229,7.3982,0.9953,29128.5680,-1.8278,NA,NA,NA,NA,NA,NA,NA,NA,NA,NA
32.109,6.1889,-10.1229,7.3967,0.9756,29128.5680,-1.8278,NA,NA,NA,NA,NA,NA,NA,NA,NA,NA
32.205,6.1804,-10.2466,7.3554,0.4120,23759.0540,-19.9247,NA,NA,NA,NA,NA,NA,NA,NA,NA,NA
32.298,6.1764,-10.3049,7.3372,0.1626,26107.8980,-12.0084,NA,NA,NA,NA,NA,NA,NA,NA,NA,NA
32.396,6.1598,-10.5446,7.2987,-0.3623,50439.6400,69.9970,NA,NA,NA,NA,NA,NA,NA,NA,NA,NA
32.494,6.1444,-10.7684,7.2706,-0.7461,54884.3960,84.9772,NA,NA,NA,NA,NA,NA,NA,NA,NA,NA
32.597,6.1272,-11.0184,7.2450,-1.0949,57190.2280,92.7486,NA,NA,NA,NA,NA,NA,NA,NA,NA,NA
32.692,6.1194,-11.1316,7.2291,-1.3126,57190.2280,92.7486,NA,NA,NA,NA,NA,NA,NA,NA,NA,NA
32.804,6.1136,-11.2161,7.2191,-1.4495,25994.5080,-12.3905,NA,NA,NA,NA,NA,NA,NA,NA,NA,NA
32.896,6.2039,-9.9046,7.3179,-0.1010,25994.5080,-12.3905,NA,NA,NA,NA,NA,NA,NA,NA,NA,NA
33.001,6.4000,-7.0574,7.5181,2.6329,26265.2200,-11.4782,NA,NA,NA,NA,NA,NA,NA,NA,NA,NA
33.089,6.5833,-4.3944,7.7236,5.4383,47997.7480,61.7671,NA,NA,NA,NA,NA,NA,NA,NA,NA,NA
33.202,6.7732,-1.6375,7.9081,7.9562,51337.7120,73.0238,NA,NA,NA,NA,NA,NA,NA,NA,NA,NA
33.284,6.9909,1.5236,8.0484,9.8717,54188.8280,82.6330,NA,NA,NA,NA,NA,NA,NA,NA,NA,NA
33.385,7.2057,4.6435,8.0936,10.4895,54188.8280,82.6330,NA,NA,NA,NA,NA,NA,NA,NA,NA,NA
33.498,7.3421,6.6250,8.1036,10.6263,26550.4500,-10.5168,194363.7120,0.0000,NA,NA,NA,NA,NA,NA,NA,NA
33.594,7.4088,7.5932,8.1036,10.6263,52075.5280,75.5105,NA,NA,NA,NA,NA,NA,NA,NA,NA,NA
33.688,7.4373,8.0070,8.0854,10.3775,52075.5280,75.5105,NA,NA,NA,NA,NA,NA,NA,NA,NA,NA
33.780,7.4667,8.4340,8.0746,10.2293,27852.3040,-6.1292,187571.7120,0.0000,NA,NA,NA,NA,NA,NA,NA,NA
33.876,7.4667,8.4340,8.0792,10.2930,59803.9920,101.5578,NA,NA,NA,NA,NA,NA,NA,NA,NA,NA
33.985,7.4782,8.6007,8.0915,10.4603,59803.9920,101.5578,NA,NA,NA,NA,NA,NA,NA,NA,NA,NA
34.097,7.6569,11.1962,8.2069,12.0364,25852.1680,-12.8703,NA,NA,NA,NA,NA,NA,NA,NA,NA,NA
34.185,8.0190,16.4548,8.3924,14.5677,25852.1680,-12.8703,NA,NA,NA,NA,NA,NA,NA,NA,NA,NA
34.279,8.0472,16.8647,8.6121,17.5680,25932.3160,-12.6001,NA,NA,NA,NA,NA,NA,NA,NA,NA,NA
34.386,8.2139,19.2854,8.7281,19.1510,48161.7920,62.3200,NA,NA,NA,NA,NA,NA,NA,NA,NA,NA
34.480,8.2139,19.2854,8.7960,20.0772,51343.8280,73.0444,NA,NA,NA,NA,NA,NA,NA,NA,NA,NA
34.578,8.1848,18.8620,8.8169,20.3629,55493.0640,87.0286,NA,NA,NA,NA,NA,NA,NA,NA,NA,NA
34.690,8.4358,22.5075,8.8373,20.6411,55493.0640,87.0286,NA,NA,NA,NA,NA,NA,NA,NA,NA,NA
34.770,8.4358,22.5075,8.8373,20.6411,24760.6780,-16.5489,NA,NA,NA,NA,NA,NA,NA,NA,NA,NA
34.866,8.3841,21.7566,8.8373,20.6410,27341.1140,-7.8521,NA,NA,NA,NA,NA,NA,NA,NA,NA,NA
34.983,8.3307,20.9814,8.8233,20.4511,27341.1140,-7.8521,NA,NA,NA,NA,NA,NA,NA,NA,NA,NA
35.069,8.3605,21.4138,8.8456,20.7555,22841.7380,-23.0163,NA,NA,NA,NA,NA,NA,NA,NA,NA,NA
35.165,8.3765,21.6460,8.9167,21.7250,24343.5360,-17.9548,NA,NA,NA,NA,NA,NA,NA,NA,NA,NA
35.255,8.3897,21.8386,8.9533,22.2255,26129.0160,-11.9372,NA,NA,NA,NA,NA,NA,NA,NA,NA,NA
35.356,8.3932,21.8887,8.9533,22.2255,48245.7440,62.6029,NA,NA,NA,NA,NA,NA,NA,NA,NA,NA
35.451,8.3932,21.8887,8.9406,22.0515,52523.4440,77.0201,NA,NA,NA,NA,NA,NA,NA,NA,NA,NA
35.559,8.4107,22.1434,8.9262,21.8555,56371.7560,89.9901,NA,NA,NA,NA,NA,NA,NA,NA,NA,NA
35.651,8.4107,22.1434,8.8949,21.4283,56371.7560,89.9901,NA,NA,NA,NA,NA,NA,NA,NA,NA,NA
35.748,8.4054,22.0655,8.8797,21.2199,25347.4560,-14.5713,191359.9520,0.0000,NA,NA,NA,NA,NA,NA,NA,NA
35.852,8.4062,22.0779,8.8781,21.1984,50337.8640,69.6540,NA,NA,NA,NA,NA,NA,NA,NA,NA,NA
35.965,8.4137,22.1862,8.8541,20.8707,50337.8640,69.6540,NA,NA,NA,NA,NA,NA,NA,NA,NA,NA
36.054,8.4367,22.5206,8.8434,20.7252,25680.2780,-13.4496,NA,NA,NA,NA,NA,NA,NA,NA,NA,NA
36.144,8.4462,22.6592,8.8291,20.5300,23120.2280,-22.0777,NA,NA,NA,NA,NA,NA,NA,NA,NA,NA
36.247,8.4462,22.6592,8.8128,20.3073,25046.3380,-15.5862,NA,NA,NA,NA,NA,NA,NA,NA,NA,NA
36.351,8.4448,22.6377,8.8009,20.1441,45237.3480,52.4637,NA,NA,NA,NA,NA,NA,NA,NA,NA,NA
36.460,8.4448,22.6389,8.7939,20.0488,53182.7120,79.2420,NA,NA,NA,NA,NA,NA,NA,NA,NA,NA
36.540,8.4448,22.6389,8.7893,19.9865,61502.6320,107.2827,NA,NA,NA,NA,NA,NA,NA,NA,NA,NA
36.638,8.4435,22.6194,8.7788,19.8426,61502.6320,107.2827,NA,NA,NA,NA,NA,NA,NA,NA,NA,NA
36.757,8.4342,22.4841,8.7744,19.7828,27545.2800,-7.1640,NA,NA,NA,NA,NA,NA,NA,NA,NA,NA
36.831,8.4283,22.3988,8.7674,19.6876,30131.6660,1.5529,NA,NA,NA,NA,NA,NA,NA,NA,NA,NA
36.933,8.4286,22.4033,8.7664,19.6742,30131.6660,1.5529,NA,NA,NA,NA,NA,NA,NA,NA,NA,NA
37.036,8.4319,22.4511,8.7592,19.5748,21883.2040,-26.2469,NA,NA,NA,NA,NA,NA,NA,NA,NA,NA
37.205,8.4319,22.4511,8.7498,19.4476,23293.6060,-21.4934,NA,NA,NA,NA,NA,NA,NA,NA,NA,NA
37.239,8.4312,22.4410,8.7498,19.4476,40511.6160,36.5366,NA,NA,NA,NA,NA,NA,NA,NA,NA,NA
37.325,8.4259,22.3642,8.7120,18.9307,46588.2880,57.0168,NA,NA,NA,NA,NA,NA,NA,NA,NA,NA
37.424,8.4052,22.0627,8.6932,18.6749,55145.6120,85.8576,NA,NA,NA,NA,NA,NA,NA,NA,NA,NA
37.525,8.3926,21.8802,8.6917,18.6542,63080.1640,112.5995,NA,NA,NA,NA,NA,NA,NA,NA,NA,NA
37.614,8.3928,21.8827,8.6917,18.6542,63080.1640,112.5995,NA,NA,NA,NA,NA,NA,NA,NA,NA,NA
37.723,8.3928,21.8827,8.7109,18.9161,28231.2680,-4.8520,NA,NA,NA,NA,NA,NA,NA,NA,NA,NA
37.811,8.3735,21.6033,8.7109,18.9161,30734.1480,3.5835,NA,NA,NA,NA,NA,NA,NA,NA,NA,NA
37.916,8.3628,21.4467,8.7005,18.7747,30734.1480,3.5835,NA,NA,NA,NA,NA,NA,NA,NA,NA,NA
38.010,8.3538,21.3165,8.6889,18.6162,22204.9380,-25.1626,NA,NA,NA,NA,NA,NA,NA,NA,NA,NA
38.109,8.3517,21.2866,8.6644,18.2811,23781.5700,-19.8488,NA,NA,NA,NA,NA,NA,NA,NA,NA,NA
38.219,8.3332,21.0181,8.6513,18.1022,41984.2520,41.4998,NA,NA,NA,NA,NA,NA,NA,NA,NA,NA
38.359,8.3131,20.7263,8.6449,18.0149,48764.4920,64.3513,NA,NA,NA,NA,NA,NA,NA,NA,NA,NA
38.449,8.2885,20.3679,8.6255,17.7500,48764.4920,64.3513,NA,NA,NA,NA,NA,NA,NA,NA,NA,NA
38.524,8.2597,19.9502,8.6161,17.6221,29622.7600,-0.1622,NA,NA,NA,NA,NA,NA,NA,NA,NA,NA
38.609,8.2488,19.7919,8.6111,17.5541,29622.7600,-0.1622,NA,NA,NA,NA,NA,NA,NA,NA,NA,NA
38.705,8.2379,19.6330,8.5993,17.3920,24228.9460,-18.3410,NA,NA,NA,NA,NA,NA,NA,NA,NA,NA
38.806,8.2377,19.6302,8.5877,17.2341,26177.6000,-11.7735,NA,NA,NA,NA,NA,NA,NA,NA,NA,NA
38.901,8.1956,19.0192,8.5678,16.9621,50503.7600,70.2132,NA,NA,NA,NA,NA,NA,NA,NA,NA,NA
38.997,8.1817,18.8176,8.5327,16.4832,52944.6600,78.4397,NA,NA,NA,NA,NA,NA,NA,NA,NA,NA
39.096,8.1665,18.5960,8.5168,16.2664,56113.3560,89.1192,NA,NA,NA,NA,NA,NA,NA,NA,NA,NA
39.199,8.1606,18.5106,8.5048,16.1025,56113.3560,89.1192,NA,NA,NA,NA,NA,NA,NA,NA,NA,NA
39.291,8.1468,18.3100,8.4934,15.9464,25646.6380,-13.5630,NA,NA,NA,NA,NA,NA,NA,NA,NA,NA
39.396,8.1441,18.2716,8.4742,15.6843,27033.7840,-8.8879,NA,NA,NA,NA,NA,NA,NA,NA,NA,NA
39.522,8.1373,18.1731,8.4656,15.5678,27033.7840,-8.8879,NA,NA,NA,NA,NA,NA,NA,NA,NA,NA
39.585,8.1356,18.1481,8.4586,15.4725,22442.9460,-24.3604,NA,NA,NA,NA,NA,NA,NA,NA,NA,NA
39.685,8.1227,17.9601,8.4460,15.3002,24541.7900,-17.2866,NA,NA,NA,NA,NA,NA,NA,NA,NA,NA
39.785,8.1014,17.6506,8.4403,15.2221,26383.7120,-11.0788,NA,NA,NA,NA,NA,NA,NA,NA,NA,NA
39.883,8.0795,17.3327,8.4276,15.0491,50882.0800,71.4882,NA,NA,NA,NA,NA,NA,NA,NA,NA,NA
40.018,8.0461,16.8485,8.4219,14.9715,53040.8560,78.7639,NA,NA,NA,NA,NA,NA,NA,NA,NA,NA
40.181,8.0368,16.7136,8.4137,14.8594,57144.3840,92.5941,NA,NA,NA,NA,NA,NA,NA,NA,NA,NA
40.185,8.0327,16.6535,8.4028,14.7095,57144.3840,92.5941,NA,NA,NA,NA,NA,NA,NA,NA,NA,NA
40.278,8.0112,16.3416,8.3971,14.6325,26025.2420,-12.2870,NA,NA,NA,NA,NA,NA,NA,NA,NA,NA
40.370,8.0001,16.1803,8.3966,14.6250,27712.5540,-6.6002,NA,NA,NA,NA,NA,NA,NA,NA,NA,NA
40.475,7.9743,15.8052,8.3928,14.5736,27712.5540,-6.6002,NA,NA,NA,NA,NA,NA,NA,NA,NA,NA
40.574,7.9449,15.3788,8.3846,14.4615,23057.0280,-22.2907,NA,NA,NA,NA,NA,NA,NA,NA,NA,NA
40.669,7.8906,14.5900,8.3788,14.3818,25041.8320,-15.6014,NA,NA,NA,NA,NA,NA,NA,NA,NA,NA
40.767,7.8554,14.0793,8.3752,14.3336,48044.0240,61.9231,NA,NA,NA,NA,NA,NA,NA,NA,NA,NA
40.861,7.7744,12.9018,8.3580,14.0982,51239.8720,72.6941,NA,NA,NA,NA,NA,NA,NA,NA,NA,NA
40.956,7.7406,12.4117,8.3522,14.0196,53602.1880,80.6558,NA,NA,NA,NA,NA,NA,NA,NA,NA,NA
41.057,7.7259,12.1988,8.3468,13.9459,58424.0080,96.9068,NA,NA,NA,NA,NA,NA,NA,NA,NA,NA
41.154,7.6874,11.6387,8.3361,13.7993,58424.0080,96.9068,NA,NA,NA,NA,NA,NA,NA,NA,NA,NA
41.326,7.6300,10.8053,8.3297,13.7124,26403.6020,-11.0118,NA,NA,NA,NA,NA,NA,NA,NA,NA,NA
41.410,7.5926,10.2620,8.3246,13.6420,28411.6960,-4.2439,NA,NA,NA,NA,NA,NA,NA,NA,NA,NA
41.501,7.5557,9.7265,8.3210,13.5933,28411.6960,-4.2439,NA,NA,NA,NA,NA,NA,NA,NA,NA,NA
41.552,7.5377,9.4649,8.3174,13.5440,23584.5600,-20.5128,NA,NA,NA,NA,NA,NA,NA,NA,NA,NA
41.640,7.5058,9.0017,8.3110,13.4563,25403.7900,-14.3814,NA,NA,NA,NA,NA,NA,NA,NA,NA,NA
41.748,7.4166,7.7065,8.3071,13.4039,48716.6080,64.1899,NA,NA,NA,NA,NA,NA,NA,NA,NA,NA
41.849,7.3604,6.8908,8.2993,13.2968,51389.5840,73.1986,NA,NA,NA,NA,NA,NA,NA,NA,NA,NA
41.997,7.3599,6.8833,8.2928,13.2088,51389.5840,73.1986,NA,NA,NA,NA,NA,NA,NA,NA,NA,NA
42.045,7.2642,5.4925,8.2833,13.0785,33984.0000,14.5365,NA,NA,NA,NA,NA,NA,NA,NA,NA,NA
42.144,7.2353,5.0739,8.2767,12.9893,33984.0000,14.5365,NA,NA,NA,NA,NA,NA,NA,NA,NA,NA
42.237,7.2233,4.8997,8.2754,12.9707,23928.2680,-19.3544,NA,NA,NA,NA,NA,NA,NA,NA,NA,NA
42.346,7.1947,4.4838,8.2724,12.9293,25515.5060,-14.0049,NA,NA,NA,NA,NA,NA,NA,NA,NA,NA
42.436,7.1463,3.7810,8.2624,12.7939,46631.4600,57.1623,NA,NA,NA,NA,NA,NA,NA,NA,NA,NA
42.601,7.1141,3.3136,8.2575,12.7260,49379.9200,66.4255,NA,NA,NA,NA,NA,NA,NA,NA,NA,NA
42.631,7.1141,3.3136,8.2506,12.6329,51863.8280,74.7970,NA,NA,NA,NA,NA,NA,NA,NA,NA,NA
42.728,7.1092,3.2421,8.2495,12.6178,51863.8280,74.7970,NA,NA,NA,NA,NA,NA,NA,NA,NA,NA
42.829,7.1092,3.2421,8.2384,12.4662,27052.1320,-8.8260,191657.8880,0.0000,NA,NA,NA,NA,NA,NA,NA,NA
42.955,7.1120,3.2836,8.2368,12.4441,53702.5200,80.9940,NA,NA,NA,NA,NA,NA,NA,NA,NA,NA
43.022,7.1163,3.3451,8.2289,12.3367,53702.5200,80.9940,NA,NA,NA,NA,NA,NA,NA,NA,NA,NA
43.118,7.1163,3.3451,8.2179,12.1853,26332.4780,-11.2515,NA,NA,NA,NA,NA,NA,NA,NA,NA,NA
43.224,7.1147,3.3223,8.2076,12.0459,28522.0340,-3.8720,NA,NA,NA,NA,NA,NA,NA,NA,NA,NA
43.318,7.0981,3.0809,8.2010,11.9555,31719.4980,6.9044,NA,NA,NA,NA,NA,NA,NA,NA,NA,NA
43.418,7.0906,2.9716,8.1945,11.8666,31719.4980,6.9044,NA,NA,NA,NA,NA,NA,NA,NA,NA,NA
43.518,7.0770,2.7753,8.1844,11.7289,22904.3320,-22.8054,NA,NA,NA,NA,NA,NA,NA,NA,NA,NA
43.611,7.0694,2.6642,8.1778,11.6381,24151.7340,-18.6013,NA,NA,NA,NA,NA,NA,NA,NA,NA,NA
43.767,7.0332,2.1378,8.1655,11.4709,42133.9240,42.0042,NA,NA,NA,NA,NA,NA,NA,NA,NA,NA
43.820,6.9830,1.4099,8.1624,11.4288,42133.9240,42.0042,NA,NA,NA,NA,NA,NA,NA,NA,NA,NA
43.912,6.9596,1.0690,8.1587,11.3777,28317.5160,-4.5613,NA,NA,NA,NA,NA,NA,NA,NA,NA,NA
44.013,6.9274,0.6025,8.1536,11.3082,28317.5160,-4.5613,NA,NA,NA,NA,NA,NA,NA,NA,NA,NA
44.109,6.9367,0.7368,8.1409,11.1351,21772.2600,-26.6208,NA,NA,NA,NA,NA,NA,NA,NA,NA,NA
44.216,6.9606,1.0843,8.1330,11.0271,24145.6480,-18.6218,NA,NA,NA,NA,NA,NA,NA,NA,NA,NA
44.304,6.9653,1.1522,8.1299,10.9840,26668.2580,-10.1198,NA,NA,NA,NA,NA,NA,NA,NA,NA,NA
44.406,6.9653,1.1522,8.1215,10.8704,51678.4880,74.1723,NA,NA,NA,NA,NA,NA,NA,NA,NA,NA
44.511,6.9739,1.2767,8.1143,10.7719,55918.6920,88.4631,NA,NA,NA,NA,NA,NA,NA,NA,NA,NA
44.606,6.9748,1.2911,8.1101,10.7140,58215.6160,96.2045,NA,NA,NA,NA,NA,NA,NA,NA,NA,NA
44.698,6.9786,1.3452,8.1082,10.6882,58215.6160,96.2045,NA,NA,NA,NA,NA,NA,NA,NA,NA,NA
44.870,6.9918,1.5366,8.1066,10.6662,26882.9780,-9.3961,NA,NA,NA,NA,NA,NA,NA,NA,NA,NA
44.954,6.9947,1.5791,8.0930,10.4808,28251.8720,-4.7825,NA,NA,NA,NA,NA,NA,NA,NA,NA,NA
44.988,7.0021,1.6870,8.0897,10.4354,28251.8720,-4.7825,NA,NA,NA,NA,NA,NA,NA,NA,NA,NA
45.098,7.0021,1.6870,8.0835,10.3507,22361.4860,-24.6349,NA,NA,NA,NA,NA,NA,NA,NA,NA,NA
45.195,7.0113,1.8211,8.0765,10.2552,24790.6260,-16.4480,NA,NA,NA,NA,NA,NA,NA,NA,NA,NA
45.295,7.0113,1.8211,8.0735,10.2144,47194.5520,59.0601,NA,NA,NA,NA,NA,NA,NA,NA,NA,NA
45.382,7.0015,1.6782,8.0650,10.0982,52614.6640,77.3275,NA,NA,NA,NA,NA,NA,NA,NA,NA,NA
45.520,6.9996,1.6507,8.0649,10.0973,56257.7080,89.6057,NA,NA,NA,NA,NA,NA,NA,NA,NA,NA
45.580,6.9953,1.5879,8.0594,10.0227,58905.1520,98.5284,NA,NA,NA,NA,NA,NA,NA,NA,NA,NA
45.684,6.9932,1.5577,8.0578,10.0006,58905.1520,98.5284,NA,NA,NA,NA,NA,NA,NA,NA,NA,NA
45.777,6.9905,1.5182,8.0540,9.9478,27291.9520,-8.0178,NA,NA,NA,NA,NA,NA,NA,NA,NA,NA
45.876,6.9905,1.5182,8.0413,9.7749,28531.8540,-3.8389,NA,NA,NA,NA,NA,NA,NA,NA,NA,NA
45.978,6.9920,1.5400,8.0392,9.7462,28531.8540,-3.8389,NA,NA,NA,NA,NA,NA,NA,NA,NA,NA
46.068,6.9920,1.5400,8.0351,9.6905,23041.6700,-22.3425,NA,NA,NA,NA,NA,NA,NA,NA,NA,NA
46.196,6.9885,1.4890,8.0330,9.6616,25454.9020,-14.2092,NA,NA,NA,NA,NA,NA,NA,NA,NA,NA
46.302,6.9857,1.4482,8.0312,9.6369,48712.2640,64.1753,NA,NA,NA,NA,NA,NA,NA,NA,NA,NA
46.374,6.9830,1.4102,8.0226,9.5201,53585.4960,80.5995,NA,NA,NA,NA,NA,NA,NA,NA,NA,NA
46.480,6.9819,1.3928,8.0219,9.5107,53585.4960,80.5995,NA,NA,NA,NA,NA,NA,NA,NA,NA,NA
46.577,6.9812,1.3840,8.0113,9.3657,33519.9800,12.9726,NA,NA,NA,NA,NA,NA,NA,NA,NA,NA
46.701,6.9843,1.4287,7.9998,9.2090,33519.9800,12.9726,NA,NA,NA,NA,NA,NA,NA,NA,NA,NA
46.771,6.9870,1.4671,7.9998,9.2090,24057.1240,-18.9201,NA,NA,NA,NA,NA,NA,NA,NA,NA,NA
46.864,6.9870,1.4671,7.9952,9.1462,25643.0080,-13.5752,NA,NA,NA,NA,NA,NA,NA,NA,NA,NA
46.967,6.9828,1.4066,7.9851,9.0086,47213.7840,59.1249,NA,NA,NA,NA,NA,NA,NA,NA,NA,NA
47.058,6.9739,1.2781,7.9798,8.9352,50851.3960,71.3848,NA,NA,NA,NA,NA,NA,NA,NA,NA,NA
47.169,6.9604,1.0809,7.9763,8.8877,53777.8240,81.2477,NA,NA,NA,NA,NA,NA,NA,NA,NA,NA
47.265,6.9444,0.8483,7.9749,8.8681,53777.8240,81.2477,NA,NA,NA,NA,NA,NA,NA,NA,NA,NA
47.358,6.9317,0.6649,7.9709,8.8136,25528.4600,-13.9613,191361.2640,0.0000,NA,NA,NA,NA,NA,NA,NA,NA
47.450,6.9279,0.6087,7.9674,8.7659,50225.8000,69.2763,NA,NA,NA,NA,NA,NA,NA,NA,NA,NA
47.549,6.9054,0.2822,7.9605,8.6725,50225.8000,69.2763,NA,NA,NA,NA,NA,NA,NA,NA,NA,NA
47.648,6.8936,0.1111,7.9564,8.6163,27051.5600,-8.8280,NA,NA,NA,NA,NA,NA,NA,NA,NA,NA
47.745,6.8765,-0.1373,7.9497,8.5247,28979.0700,-2.3317,191282.0480,0.0000,NA,NA,NA,NA,NA,NA,NA,NA
47.842,6.8786,-0.1064,7.9472,8.4907,63023.3440,112.4080,NA,NA,NA,NA,NA,NA,NA,NA,NA,NA
47.990,6.8824,-0.0510,7.9451,8.4621,63023.3440,112.4080,NA,NA,NA,NA,NA,NA,NA,NA,NA,NA
48.086,6.8834,-0.0363,7.9439,8.4460,27602.3080,-6.9718,NA,NA,NA,NA,NA,NA,NA,NA,NA,NA
48.150,6.8834,-0.0363,7.9412,8.4083,25587.6360,-13.7618,NA,NA,NA,NA,NA,NA,NA,NA,NA,NA
48.324,6.8813,-0.0673,7.9303,8.2592,47274.7200,59.3303,NA,NA,NA,NA,NA,NA,NA,NA,NA,NA
48.342,6.8634,-0.3280,7.9243,8.1781,50471.7000,70.1051,NA,NA,NA,NA,NA,NA,NA,NA,NA,NA
48.449,6.8536,-0.4690,7.9146,8.0449,54896.0960,85.0167,NA,NA,NA,NA,NA,NA,NA,NA,NA,NA
48.541,6.8364,-0.7191,7.9092,7.9716,54896.0960,85.0167,NA,NA,NA,NA,NA,NA,NA,NA,NA,NA
48.634,6.8299,-0.8142,7.9055,7.9208,24163.8220,-18.5605,NA,NA,NA,NA,NA,NA,NA,NA,NA,NA
48.734,6.8259,-0.8724,7.9055,7.9208,26503.5600,-10.6749,NA,NA,NA,NA,NA,NA,NA,NA,NA,NA
48.835,6.8152,-1.0279,7.8985,7.8255,30945.3740,4.2954,NA,NA,NA,NA,NA,NA,NA,NA,NA,NA
48.934,6.8128,-1.0623,7.8900,7.7095,30945.3740,4.2954,NA,NA,NA,NA,NA,NA,NA,NA,NA,NA
49.039,6.8096,-1.1080,7.8705,7.4441,24159.0520,-18.5766,NA,NA,NA,NA,NA,NA,NA,NA,NA,NA
49.154,6.7937,-1.3395,7.8615,7.3201,25678.8320,-13.4545,NA,NA,NA,NA,NA,NA,NA,NA,NA,NA
49.220,6.7634,-1.7799,7.8581,7.2742,47337.4880,59.5418,NA,NA,NA,NA,NA,NA,NA,NA,NA,NA
49.337,6.7435,-2.0692,7.8576,7.2667,51428.9920,73.3315,NA,NA,NA,NA,NA,NA,NA,NA,NA,NA
49.426,6.7327,-2.2260,7.8551,7.2330,55436.4760,86.8379,NA,NA,NA,NA,NA,NA,NA,NA,NA,NA
49.529,6.7252,-2.3339,7.8541,7.2192,55436.4760,86.8379,NA,NA,NA,NA,NA,NA,NA,NA,NA,NA
49.617,6.7198,-2.4131,7.8451,7.0965,24670.0160,-16.8545,190170.8320,0.0000,NA,NA,NA,NA,NA,NA,NA,NA
49.715,6.7159,-2.4691,7.8362,6.9757,49463.8360,66.7083,NA,NA,NA,NA,NA,NA,NA,NA,NA,NA
49.835,6.7045,-2.6344,7.8301,6.8915,NA,NA,NA,NA,NA,NA,NA,NA,NA,NA,NA,NA
49.923,6.6964,-2.7529,7.8296,6.8851,NA,NA,NA,NA,NA,NA,NA,NA,NA,NA,NA,NA
50.025,6.6912,-2.8277,7.8296,6.8851,28222.9260,-4.8801,NA,NA,NA,NA,NA,NA,NA,NA,NA,NA
50.124,6.6898,-2.8485,7.8263,6.8397,28791.5500,-2.9637,NA,NA,NA,NA,NA,NA,NA,NA,NA,NA
50.246,6.6797,-2.9948,7.8252,6.8257,28791.5500,-2.9637,NA,NA,NA,NA,NA,NA,NA,NA,NA,NA
50.359,6.6634,-3.2324,7.8134,6.6643,23460.1380,-20.9321,NA,NA,NA,NA,NA,NA,NA,NA,NA,NA
50.406,6.6549,-3.3547,7.8061,6.5649,25540.7640,-13.9198,NA,NA,NA,NA,NA,NA,NA,NA,NA,NA
50.507,6.6428,-3.5305,7.7980,6.4534,48895.8960,64.7942,NA,NA,NA,NA,NA,NA,NA,NA,NA,NA
50.608,6.6393,-3.5819,7.7925,6.3783,52396.7600,76.5931,NA,NA,NA,NA,NA,NA,NA,NA,NA,NA
50.714,6.6393,-3.5819,7.7883,6.3210,54941.5120,85.1697,NA,NA,NA,NA,NA,NA,NA,NA,NA,NA
50.813,6.6368,-3.6175,7.7847,6.2725,54941.5120,85.1697,NA,NA,NA,NA,NA,NA,NA,NA,NA,NA
50.921,6.6381,-3.5993,7.7819,6.2334,25149.6740,-15.2379,NA,NA,NA,NA,NA,NA,NA,NA,NA,NA
50.998,6.6381,-3.5993,7.7748,6.1366,26561.2440,-10.4805,NA,NA,NA,NA,NA,NA,NA,NA,NA,NA
51.094,6.6266,-3.7658,7.7699,6.0705,29057.7680,-2.0664,NA,NA,NA,NA,NA,NA,NA,NA,NA,NA
51.201,6.6211,-3.8464,7.7534,5.8448,29057.7680,-2.0664,NA,NA,NA,NA,NA,NA,NA,NA,NA,NA
51.294,6.6142,-3.9462,7.7430,5.7032,23999.3360,-19.1149,NA,NA,NA,NA,NA,NA,NA,NA,NA,NA
51.395,6.6111,-3.9908,7.7416,5.6832,25985.8660,-12.4197,NA,NA,NA,NA,NA,NA,NA,NA,NA,NA
51.527,6.6024,-4.1181,7.7405,5.6687,49851.6880,68.0155,NA,NA,NA,NA,NA,NA,NA,NA,NA,NA
51.603,6.6064,-4.0597,7.7370,5.6209,49851.6880,68.0155,NA,NA,NA,NA,NA,NA,NA,NA,NA,NA
51.699,6.6064,-4.0597,7.7318,5.5500,30635.9300,3.2525,NA,NA,NA,NA,NA,NA,NA,NA,NA,NA
51.795,6.6044,-4.0887,7.7248,5.4541,30635.9300,3.2525,NA,NA,NA,NA,NA,NA,NA,NA,NA,NA
51.898,6.6026,-4.1155,7.7223,5.4200,22551.7420,-23.9937,NA,NA,NA,NA,NA,NA,NA,NA,NA,NA
51.990,6.6009,-4.1395,7.7161,5.3359,24063.0500,-18.9001,NA,NA,NA,NA,NA,NA,NA,NA,NA,NA
52.091,6.5905,-4.2907,7.7142,5.3096,26011.5020,-12.3333,NA,NA,NA,NA,NA,NA,NA,NA,NA,NA
52.191,6.5596,-4.7393,7.7130,5.2928,47873.5120,61.3484,NA,NA,NA,NA,NA,NA,NA,NA,NA,NA
52.315,6.5446,-4.9567,7.7085,5.2322,50825.8320,71.2986,NA,NA,NA,NA,NA,NA,NA,NA,NA,NA
52.382,6.5329,-5.1274,7.7020,5.1431,53415.3040,80.0259,NA,NA,NA,NA,NA,NA,NA,NA,NA,NA
52.474,6.5254,-5.2355,7.6967,5.0704,53415.3040,80.0259,NA,NA,NA,NA,NA,NA,NA,NA,NA,NA
52.582,6.4926,-5.7120,7.6907,4.9889,27555.9960,-7.1278,193436.4800,0.0000,NA,NA,NA,NA,NA,NA,NA,NA
52.678,6.4776,-5.9295,7.6899,4.9786,54080.1040,82.2665,NA,NA,NA,NA,NA,NA,NA,NA,NA,NA
52.770,6.4623,-6.1516,7.6799,4.8421,54080.1040,82.2665,NA,NA,NA,NA,NA,NA,NA,NA,NA,NA
52.875,6.4480,-6.3606,7.6729,4.7455,27241.5480,-8.1876,185226.9280,0.0000,NA,NA,NA,NA,NA,NA,NA,NA
52.967,6.4425,-6.4398,7.6695,4.6994,58682.3840,97.7776,NA,NA,NA,NA,NA,NA,NA,NA,NA,NA
53.078,6.4339,-6.5644,7.6627,4.6065,NA,NA,NA,NA,NA,NA,NA,NA,NA,NA,NA,NA
53.177,6.4288,-6.6386,7.6582,4.5457,NA,NA,NA,NA,NA,NA,NA,NA,NA,NA,NA,NA
53.269,6.4270,-6.6649,7.6552,4.5037,30632.3300,3.2403,NA,NA,NA,NA,NA,NA,NA,NA,NA,NA
53.392,6.4201,-6.7651,7.6453,4.3694,32051.6660,8.0239,194551.6320,0.0000,NA,NA,NA,NA,NA,NA,NA,NA
53.479,6.4201,-6.7651,7.6419,4.3232,32051.6660,8.0239,194551.6320,0.0000,NA,NA,NA,NA,NA,NA,NA,NA
53.574,6.4182,-6.7926,7.6376,4.2637,26551.6800,-10.5127,192041.4080,0.0000,NA,NA,NA,NA,NA,NA,NA,NA
53.673,6.4149,-6.8404,7.6281,4.1350,52436.8480,76.7282,NA,NA,NA,NA,NA,NA,NA,NA,NA,NA
53.771,6.4066,-6.9609,7.6238,4.0757,52436.8480,76.7282,NA,NA,NA,NA,NA,NA,NA,NA,NA,NA
53.881,6.4028,-7.0170,7.6188,4.0080,26570.3140,-10.4499,NA,NA,NA,NA,NA,NA,NA,NA,NA,NA
54.001,6.3982,-7.0827,7.6138,3.9388,28580.0980,-3.6763,NA,NA,NA,NA,NA,NA,NA,NA,NA,NA
54.064,6.3913,-7.1831,7.6093,3.8778,31685.7660,6.7907,NA,NA,NA,NA,NA,NA,NA,NA,NA,NA
54.174,6.3913,-7.1831,7.6066,3.8407,31685.7660,6.7907,NA,NA,NA,NA,NA,NA,NA,NA,NA,NA
54.277,6.3890,-7.2165,7.6032,3.7939,55703.6560,87.7384,NA,NA,NA,NA,NA,NA,NA,NA,NA,NA
54.379,6.3815,-7.3257,7.6019,3.7761,59286.5280,99.8138,NA,NA,NA,NA,NA,NA,NA,NA,NA,NA
54.483,6.3768,-7.3942,7.5974,3.7158,59286.5280,99.8138,NA,NA,NA,NA,NA,NA,NA,NA,NA,NA
54.564,6.3715,-7.4712,7.5901,3.6156,26731.5160,-9.9066,NA,NA,NA,NA,NA,NA,NA,NA,NA,NA
54.663,6.3715,-7.4712,7.5873,3.5780,28329.2440,-4.5218,NA,NA,NA,NA,NA,NA,NA,NA,NA,NA
54.767,6.3677,-7.5264,7.5793,3.4681,28329.2440,-4.5218,NA,NA,NA,NA,NA,NA,NA,NA,NA,NA
54.854,6.3656,-7.5568,7.5779,3.4486,21588.5460,-27.2400,NA,NA,NA,NA,NA,NA,NA,NA,NA,NA
54.954,6.3561,-7.6940,7.5735,3.3889,23838.7920,-19.6560,NA,NA,NA,NA,NA,NA,NA,NA,NA,NA
55.058,6.3518,-7.7570,7.5710,3.3549,26570.3960,-10.4496,NA,NA,NA,NA,NA,NA,NA,NA,NA,NA
55.188,6.3311,-8.0580,7.5726,3.3765,51237.9840,72.6877,NA,NA,NA,NA,NA,NA,NA,NA,NA,NA
55.248,6.3216,-8.1961,7.5726,3.3765,56424.4200,90.1676,NA,NA,NA,NA,NA,NA,NA,NA,NA,NA
55.365,6.3153,-8.2876,7.5696,3.3364,59543.2240,100.6789,NA,NA,NA,NA,NA,NA,NA,NA,NA,NA
55.447,6.3146,-8.2968,7.5666,3.2952,59543.2240,100.6789,NA,NA,NA,NA,NA,NA,NA,NA,NA,NA
55.547,6.3082,-8.3907,7.5617,3.2272,27179.2940,-8.3974,NA,NA,NA,NA,NA,NA,NA,NA,NA,NA
55.645,6.3020,-8.4808,7.5551,3.1378,28598.4000,-3.6146,NA,NA,NA,NA,NA,NA,NA,NA,NA,NA
55.741,6.3044,-8.4459,7.5502,3.0705,28598.4000,-3.6146,NA,NA,NA,NA,NA,NA,NA,NA,NA,NA
55.834,6.3051,-8.4353,7.5376,2.8991,22210.6120,-25.1434,NA,NA,NA,NA,NA,NA,NA,NA,NA,NA
55.938,6.3051,-8.4353,7.5345,2.8568,24575.3000,-17.1737,NA,NA,NA,NA,NA,NA,NA,NA,NA,NA
56.036,6.3034,-8.4603,7.5313,2.8125,46448.7000,56.5464,NA,NA,NA,NA,NA,NA,NA,NA,NA,NA
56.138,6.2914,-8.6338,7.5299,2.7937,52550.9600,77.1128,NA,NA,NA,NA,NA,NA,NA,NA,NA,NA
56.228,6.2882,-8.6806,7.5299,2.7942,57171.4880,92.6854,NA,NA,NA,NA,NA,NA,NA,NA,NA,NA
56.335,6.2773,-8.8386,7.5299,2.7942,59592.9280,100.8464,NA,NA,NA,NA,NA,NA,NA,NA,NA,NA
56.446,6.2763,-8.8533,7.5288,2.7786,59592.9280,100.8464,NA,NA,NA,NA,NA,NA,NA,NA,NA,NA
56.530,6.2765,-8.8510,7.5244,2.7184,27632.0740,-6.8714,NA,NA,NA,NA,NA,NA,NA,NA,NA,NA
56.629,6.2765,-8.8510,7.5215,2.6792,28975.6020,-2.3433,NA,NA,NA,NA,NA,NA,NA,NA,NA,NA
56.720,6.2757,-8.8614,7.5199,2.6572,28975.6020,-2.3433,NA,NA,NA,NA,NA,NA,NA,NA,NA,NA
56.819,6.2757,-8.8614,7.5089,2.5064,22756.4640,-23.3037,NA,NA,NA,NA,NA,NA,NA,NA,NA,NA
56.914,6.2764,-8.8521,7.5025,2.4193,25308.3620,-14.7031,NA,NA,NA,NA,NA,NA,NA,NA,NA,NA
57.018,6.2764,-8.8521,7.5012,2.4021,47942.6400,61.5814,NA,NA,NA,NA,NA,NA,NA,NA,NA,NA
57.120,6.2693,-8.9553,7.4996,2.3805,53774.7480,81.2374,NA,NA,NA,NA,NA,NA,NA,NA,NA,NA
57.221,6.2664,-8.9967,7.4996,2.3805,53774.7480,81.2374,NA,NA,NA,NA,NA,NA,NA,NA,NA,NA
57.323,6.2695,-8.9519,7.4925,2.2825,33159.9320,11.7591,NA,NA,NA,NA,NA,NA,NA,NA,NA,NA
57.412,6.2703,-8.9402,7.4845,2.1741,33159.9320,11.7591,NA,NA,NA,NA,NA,NA,NA,NA,NA,NA
57.516,6.2731,-8.8998,7.4802,2.1157,24068.0340,-18.8833,NA,NA,NA,NA,NA,NA,NA,NA,NA,NA
57.619,6.2731,-8.8998,7.4758,2.0552,25791.0340,-13.0763,NA,NA,NA,NA,NA,NA,NA,NA,NA,NA
57.707,6.2671,-8.9869,7.4683,1.9533,47302.8880,59.4252,NA,NA,NA,NA,NA,NA,NA,NA,NA,NA
57.810,6.2618,-9.0634,7.4683,1.9533,51393.8080,73.2129,NA,NA,NA,NA,NA,NA,NA,NA,NA,NA
57.915,6.2574,-9.1285,7.4678,1.9455,54655.7720,84.2067,NA,NA,NA,NA,NA,NA,NA,NA,NA,NA
58.015,6.2541,-9.1753,7.4670,1.9346,54655.7720,84.2067,NA,NA,NA,NA,NA,NA,NA,NA,NA,NA
58.164,6.2480,-9.2643,7.4643,1.8981,24854.7140,-16.2320,190773.7920,0.0000,NA,NA,NA,NA,NA,NA,NA,NA
58.202,6.2500,-9.2348,7.4643,1.8981,49251.7240,65.9934,NA,NA,NA,NA,NA,NA,NA,NA,NA,NA
58.315,6.2549,-9.1635,7.4642,1.8963,49251.7240,65.9934,NA,NA,NA,NA,NA,NA,NA,NA,NA,NA
58.401,6.2580,-9.1198,7.4579,1.8110,27145.2620,-8.5121,NA,NA,NA,NA,NA,NA,NA,NA,NA,NA
58.532,6.2580,-9.1185,7.4551,1.7730,29572.3140,-0.3322,188805.0240,0.0000,NA,NA,NA,NA,NA,NA,NA,NA
58.619,6.2582,-9.1163,7.4482,1.6789,29572.3140,-0.3322,NA,NA,NA,NA,NA,NA,NA,NA,NA,NA
58.737,6.2586,-9.1102,7.4442,1.6242,29380.9400,-0.9772,NA,NA,NA,NA,NA,NA,NA,NA,NA,NA
58.794,6.2598,-9.0932,7.4397,1.5625,23788.4660,-19.8256,NA,NA,NA,NA,NA,NA,NA,NA,NA,NA
58.890,6.2607,-9.0804,7.4380,1.5398,25426.2160,-14.3059,NA,NA,NA,NA,NA,NA,NA,NA,NA,NA
58.990,6.2607,-9.0804,7.4326,1.4656,48752.4120,64.3106,NA,NA,NA,NA,NA,NA,NA,NA,NA,NA
59.094,6.2552,-9.1597,7.4292,1.4194,51264.1760,72.7760,NA,NA,NA,NA,NA,NA,NA,NA,NA,NA
59.189,6.2504,-9.2300,7.4237,1.3436,55160.3120,85.9072,NA,NA,NA,NA,NA,NA,NA,NA,NA,NA
59.290,6.2452,-9.3049,7.4240,1.3476,55160.3120,85.9072,NA,NA,NA,NA,NA,NA,NA,NA,NA,NA
59.381,6.2418,-9.3543,7.4240,1.3476,24775.1100,-16.5003,NA,NA,NA,NA,NA,NA,NA,NA,NA,NA
59.483,6.2416,-9.3578,7.4196,1.2884,26253.3120,-11.5183,NA,NA,NA,NA,NA,NA,NA,NA,NA,NA
59.599,6.2355,-9.4464,7.4155,1.2317,29585.4020,-0.2881,NA,NA,NA,NA,NA,NA,NA,NA,NA,NA
59.675,6.2355,-9.4464,7.4139,1.2104,29585.4020,-0.2881,NA,NA,NA,NA,NA,NA,NA,NA,NA,NA
59.774,6.2290,-9.5403,7.4048,1.0860,24299.9120,-18.1018,NA,NA,NA,NA,NA,NA,NA,NA,NA,NA
59.940,6.2276,-9.5602,7.3982,0.9966,25788.5180,-13.0848,NA,NA,NA,NA,NA,NA,NA,NA,NA,NA
59.977,6.2136,-9.7646,7.3926,0.9190,49442.5200,66.6364,NA,NA,NA,NA,NA,NA,NA,NA,NA,NA
60.074,6.2027,-9.9228,7.3923,0.9156,51738.3520,74.3741,NA,NA,NA,NA,NA,NA,NA,NA,NA,NA
60.165,6.1915,-10.0846,7.3863,0.8334,56211.5640,89.4502,NA,NA,NA,NA,NA,NA,NA,NA,NA,NA
60.268,6.1862,-10.1614,7.3906,0.8920,56211.5640,89.4502,NA,NA,NA,NA,NA,NA,NA,NA,NA,NA
60.364,6.1841,-10.1917,7.3906,0.8920,25221.1600,-14.9970,NA,NA,NA,NA,NA,NA,NA,NA,NA,NA
60.483,6.1841,-10.1917,7.3893,0.8738,26882.6240,-9.3973,196340.1600,0.0000,NA,NA,NA,NA,NA,NA,NA,NA
60.569,6.1807,-10.2420,7.3877,0.8523,NA,NA,NA,NA,NA,NA,NA,NA,NA,NA,NA,NA
60.666,6.1787,-10.2713,7.3868,0.8397,NA,NA,NA,NA,NA,NA,NA,NA,NA,NA,NA,NA
60.764,6.1744,-10.3332,7.3781,0.7221,26470.1660,-10.7874,NA,NA,NA,NA,NA,NA,NA,NA,NA,NA
60.868,6.1744,-10.3332,7.3754,0.6843,28791.6000,-2.9635,NA,NA,NA,NA,NA,NA,NA,NA,NA,NA
60.963,6.1670,-10.4415,7.3757,0.6891,28791.6000,-2.9635,NA,NA,NA,NA,NA,NA,NA,NA,NA,NA
61.062,6.1607,-10.5318,7.3757,0.6891,22836.6200,-23.0336,NA,NA,NA,NA,NA,NA,NA,NA,NA,NA
61.214,6.1573,-10.5811,7.3756,0.6870,25347.8200,-14.5701,NA,NA,NA,NA,NA,NA,NA,NA,NA,NA
61.253,6.1562,-10.5980,7.3777,0.7161,48297.2880,62.7767,NA,NA,NA,NA,NA,NA,NA,NA,NA,NA
61.353,6.1517,-10.6633,7.3777,0.7161,53997.4960,81.9881,NA,NA,NA,NA,NA,NA,NA,NA,NA,NA
61.449,6.1416,-10.8103,7.3768,0.7031,57597.8120,94.1223,NA,NA,NA,NA,NA,NA,NA,NA,NA,NA
61.550,6.1374,-10.8700,7.3766,0.7004,57597.8120,94.1223,NA,NA,NA,NA,NA,NA,NA,NA,NA,NA
61.660,6.1352,-10.9025,7.3766,0.7004,25830.6100,-12.9429,NA,NA,NA,NA,NA,NA,NA,NA,NA,NA
61.771,6.1352,-10.9025,7.3708,0.6217,27312.2580,-7.9493,NA,NA,NA,NA,NA,NA,NA,NA,NA,NA
61.842,6.1294,-10.9867,7.3679,0.5818,29083.8580,-1.9785,NA,NA,NA,NA,NA,NA,NA,NA,NA,NA
61.943,6.1294,-10.9867,7.3656,0.5502,29083.8580,-1.9785,NA,NA,NA,NA,NA,NA,NA,NA,NA,NA
62.043,6.1199,-11.1250,7.3656,0.5502,23464.5520,-20.9173,NA,NA,NA,NA,NA,NA,NA,NA,NA,NA
62.139,6.1188,-11.1406,7.3626,0.5098,25951.3780,-12.5359,NA,NA,NA,NA,NA,NA,NA,NA,NA,NA
62.249,6.0907,-11.5485,7.3631,0.5174,49617.1080,67.2249,NA,NA,NA,NA,NA,NA,NA,NA,NA,NA
62.380,6.0786,-11.7240,7.3631,0.5174,49617.1080,67.2249,NA,NA,NA,NA,NA,NA,NA,NA,NA,NA
62.438,6.0742,-11.7889,7.3591,0.4625,29374.6860,-0.9983,NA,NA,NA,NA,NA,NA,NA,NA,NA,NA
62.537,6.0742,-11.7889,7.3540,0.3922,29374.6860,-0.9983,NA,NA,NA,NA,NA,NA,NA,NA,NA,NA
62.636,6.0729,-11.8075,7.3373,0.1643,22639.7940,-23.6970,NA,NA,NA,NA,NA,NA,NA,NA,NA,NA
62.734,6.0699,-11.8504,7.3245,-0.0108,24220.1780,-18.3706,NA,NA,NA,NA,NA,NA,NA,NA,NA,NA
62.843,6.0585,-12.0165,7.3169,-0.1134,26094.7440,-12.0527,NA,NA,NA,NA,NA,NA,NA,NA,NA,NA
62.978,6.0543,-12.0768,7.3006,-0.3366,48244.8800,62.6000,NA,NA,NA,NA,NA,NA,NA,NA,NA,NA
63.040,6.0500,-12.1394,7.2910,-0.4674,52114.9360,75.6433,NA,NA,NA,NA,NA,NA,NA,NA,NA,NA
63.124,6.0509,-12.1264,7.2849,-0.5515,54929.6200,85.1297,NA,NA,NA,NA,NA,NA,NA,NA,NA,NA
63.222,6.0509,-12.1264,7.2582,-0.9156,54929.6200,85.1297,NA,NA,NA,NA,NA,NA,NA,NA,NA,NA
63.324,6.0429,-12.2433,7.2456,-1.0879,25919.3480,-12.6439,191982.7040,0.0000,NA,NA,NA,NA,NA,NA,NA,NA
63.425,6.0401,-12.2840,7.2360,-1.2187,50521.0640,70.2715,NA,NA,NA,NA,NA,NA,NA,NA,NA,NA
63.521,6.0344,-12.3662,7.2178,-1.4670,50521.0640,70.2715,NA,NA,NA,NA,NA,NA,NA,NA,NA,NA
63.624,6.2179,-9.7011,7.3761,0.6937,27962.1680,-5.7589,187615.4240,0.0000,NA,NA,NA,NA,NA,NA,NA,NA
63.713,6.4820,-5.8668,7.5503,3.0720,59179.8080,99.4541,NA,NA,NA,NA,NA,NA,NA,NA,NA,NA
63.823,6.6882,-2.8710,7.7644,5.9947,NA,NA,NA,NA,NA,NA,NA,NA,NA,NA,NA,NA
63.926,6.8076,-1.1382,7.9200,8.1186,NA,NA,NA,NA,NA,NA,NA,NA,NA,NA,NA,NA
64.019,7.0202,1.9491,7.9996,9.2057,31903.1860,7.5235,NA,NA,NA,NA,NA,NA,NA,NA,NA,NA
64.121,7.2023,4.5943,8.0781,10.2778,33188.2720,11.8546,NA,NA,NA,NA,NA,NA,NA,NA,NA,NA
64.214,7.4045,7.5305,8.1123,10.7444,33188.2720,11.8546,NA,NA,NA,NA,NA,NA,NA,NA,NA,NA
64.310,7.4595,8.3292,8.1281,10.9604,23400.1800,-21.1342,NA,NA,NA,NA,NA,NA,NA,NA,NA,NA
64.416,7.4945,8.8381,8.1354,11.0592,24979.3400,-15.8120,NA,NA,NA,NA,NA,NA,NA,NA,NA,NA
64.535,7.5138,9.1184,8.1395,11.1160,45495.5280,53.3339,NA,NA,NA,NA,NA,NA,NA,NA,NA,NA
64.619,7.5138,9.1184,8.1505,11.2661,48356.0200,62.9746,NA,NA,NA,NA,NA,NA,NA,NA,NA,NA
64.724,7.4843,8.6888,8.1570,11.3549,48356.0200,62.9746,NA,NA,NA,NA,NA,NA,NA,NA,NA,NA
64.808,7.4605,8.3444,8.1570,11.3549,32360.9520,9.0663,NA,NA,NA,NA,NA,NA,NA,NA,NA,NA
64.916,7.4865,8.7212,8.1628,11.4336,32360.9520,9.0663,NA,NA,NA,NA,NA,NA,NA,NA,NA,NA
65.018,7.6436,11.0034,8.2335,12.3989,23014.0080,-22.4357,NA,NA,NA,NA,NA,NA,NA,NA,NA,NA
65.120,7.6436,11.0034,8.4219,14.9705,24215.9760,-18.3847,NA,NA,NA,NA,NA,NA,NA,NA,NA,NA
65.210,7.7664,12.7856,8.5674,16.9576,42194.6480,42.2089,NA,NA,NA,NA,NA,NA,NA,NA,NA,NA
65.328,8.5166,23.6802,8.7656,19.6625,47464.2320,59.9690,NA,NA,NA,NA,NA,NA,NA,NA,NA,NA
65.432,8.7574,27.1773,8.9122,21.6645,55439.2880,86.8474,NA,NA,NA,NA,NA,NA,NA,NA,NA,NA
65.494,9.0158,30.9303,9.0198,23.1325,55439.2880,86.8474,NA,NA,NA,NA,NA,NA,NA,NA,NA,NA
65.598,9.0767,31.8148,9.0576,23.6495,27173.0620,-8.4185,188546.4800,0.0000,NA,NA,NA,NA,NA,NA,NA,NA
65.718,9.0953,32.0850,9.0576,23.6495,58908.8640,98.5409,NA,NA,NA,NA,NA,NA,NA,NA,NA,NA
65.796,9.1068,32.2526,9.0575,23.6472,58908.8640,98.5409,NA,NA,NA,NA,NA,NA,NA,NA,NA,NA
65.884,9.1068,32.2526,9.0566,23.6358,25956.0580,-12.5201,NA,NA,NA,NA,NA,NA,NA,NA,NA,NA
65.985,9.0705,31.7255,9.0368,23.3646,27605.9420,-6.9595,NA,NA,NA,NA,NA,NA,NA,NA,NA,NA
66.083,9.0411,31.2982,9.0597,23.6777,29425.0600,-0.8285,NA,NA,NA,NA,NA,NA,NA,NA,NA,NA
66.180,9.0563,31.5184,9.0597,23.6777,29425.0600,-0.8285,NA,NA,NA,NA,NA,NA,NA,NA,NA,NA
66.285,9.0563,31.5184,9.0245,23.1966,23278.2080,-21.5453,NA,NA,NA,NA,NA,NA,NA,NA,NA,NA
66.401,9.0489,31.4107,9.0208,23.1461,25832.1500,-12.9377,NA,NA,NA,NA,NA,NA,NA,NA,NA,NA
66.478,8.9980,30.6722,9.0208,23.1461,49223.8960,65.8996,NA,NA,NA,NA,NA,NA,NA,NA,NA,NA
66.609,8.9311,29.7009,9.0000,22.8628,55307.1680,86.4021,NA,NA,NA,NA,NA,NA,NA,NA,NA,NA
66.676,8.8825,28.9953,9.0000,22.8628,59289.5680,99.8240,NA,NA,NA,NA,NA,NA,NA,NA,NA,NA
66.774,8.7798,27.5027,9.0006,22.8713,59289.5680,99.8240,NA,NA,NA,NA,NA,NA,NA,NA,NA,NA
66.916,8.7422,26.9579,9.0173,23.0985,26618.0160,-10.2891,NA,NA,NA,NA,NA,NA,NA,NA,NA,NA
66.976,8.6799,26.0523,9.0173,23.0985,26618.0160,-10.2891,NA,NA,NA,NA,NA,NA,NA,NA,NA,NA
67.084,8.6408,25.4841,9.0163,23.0858,26444.5040,-10.8739,NA,NA,NA,NA,NA,NA,NA,NA,NA,NA
67.176,8.6020,24.9212,9.0083,22.9758,48492.7440,63.4354,NA,NA,NA,NA,NA,NA,NA,NA,NA,NA
67.268,8.5780,24.5722,9.0076,22.9658,52604.3120,77.2927,NA,NA,NA,NA,NA,NA,NA,NA,NA,NA
67.377,8.5201,23.7318,9.0048,22.9279,55917.3000,88.4584,NA,NA,NA,NA,NA,NA,NA,NA,NA,NA
67.464,8.5002,23.4428,9.0150,23.0680,55917.3000,88.4584,NA,NA,NA,NA,NA,NA,NA,NA,NA,NA
67.570,8.5002,23.4428,9.0226,23.1714,25576.7100,-13.7986,194708.9600,0.0000,NA,NA,NA,NA,NA,NA,NA,NA
67.675,8.4949,23.3658,9.0316,23.2939,50452.6200,70.0408,NA,NA,NA,NA,NA,NA,NA,NA,NA,NA
67.758,8.4835,23.2003,9.0393,23.3997,50452.6200,70.0408,NA,NA,NA,NA,NA,NA,NA,NA,NA,NA
67.858,8.4760,23.0917,9.0511,23.5599,27954.2340,-5.7857,193516.8000,0.0000,NA,NA,NA,NA,NA,NA,NA,NA
67.958,8.4685,22.9818,9.0554,23.6184,57833.6320,94.9171,NA,NA,NA,NA,NA,NA,NA,NA,NA,NA
68.061,8.4542,22.7746,9.0586,23.6631,57833.6320,94.9171,NA,NA,NA,NA,NA,NA,NA,NA,NA,NA
68.202,8.4602,22.8619,9.0586,23.6631,25928.1600,-12.6142,NA,NA,NA,NA,NA,NA,NA,NA,NA,NA
68.264,8.4632,22.9061,9.0541,23.6007,25928.1600,-12.6142,NA,NA,NA,NA,NA,NA,NA,NA,NA,NA
68.371,8.4632,22.9061,9.0465,23.4979,26219.3660,-11.6327,NA,NA,NA,NA,NA,NA,NA,NA,NA,NA
68.451,8.4442,22.6290,9.0327,23.3091,49983.4640,68.4596,NA,NA,NA,NA,NA,NA,NA,NA,NA,NA
68.554,8.4306,22.4318,9.0232,23.1791,52763.3440,77.8286,NA,NA,NA,NA,NA,NA,NA,NA,NA,NA
68.665,8.4221,22.3088,9.0088,22.9835,56465.4040,90.3057,NA,NA,NA,NA,NA,NA,NA,NA,NA,NA
68.744,8.4187,22.2588,9.0023,22.8937,56465.4040,90.3057,NA,NA,NA,NA,NA,NA,NA,NA,NA,NA
68.846,8.4168,22.2315,8.9911,22.7417,25783.0680,-13.1032,NA,NA,NA,NA,NA,NA,NA,NA,NA,NA
68.946,8.4127,22.1717,8.9801,22.5904,27019.6700,-8.9354,NA,NA,NA,NA,NA,NA,NA,NA,NA,NA
69.045,8.4053,22.0649,8.9719,22.4793,27019.6700,-8.9354,NA,NA,NA,NA,NA,NA,NA,NA,NA,NA
69.165,8.4016,22.0110,8.9656,22.3937,22285.0840,-24.8924,NA,NA,NA,NA,NA,NA,NA,NA,NA,NA
69.237,8.4061,22.0770,8.9627,22.3530,24480.5860,-17.4929,NA,NA,NA,NA,NA,NA,NA,NA,NA,NA
69.335,8.4061,22.0770,8.9601,22.3180,26416.2980,-10.9690,NA,NA,NA,NA,NA,NA,NA,NA,NA,NA
69.443,8.3900,21.8420,8.9558,22.2590,51138.5200,72.3525,NA,NA,NA,NA,NA,NA,NA,NA,NA,NA
69.535,8.3787,21.6789,8.9470,22.1388,53608.8360,80.6782,NA,NA,NA,NA,NA,NA,NA,NA,NA,NA
69.636,8.3643,21.4692,8.9337,21.9575,57570.9600,94.0318,NA,NA,NA,NA,NA,NA,NA,NA,NA,NA
69.735,8.3594,21.3982,8.9322,21.9367,57570.9600,94.0318,NA,NA,NA,NA,NA,NA,NA,NA,NA,NA
69.825,8.3561,21.3508,8.9299,21.9062,26291.1140,-11.3909,NA,NA,NA,NA,NA,NA,NA,NA,NA,NA
69.929,8.3426,21.1544,8.9111,21.6492,27677.4000,-6.7187,NA,NA,NA,NA,NA,NA,NA,NA,NA,NA
70.023,8.3379,21.0862,8.9035,21.5456,27677.4000,-6.7187,NA,NA,NA,NA,NA,NA,NA,NA,NA,NA
70.129,8.3364,21.0638,8.8995,21.4906,22793.7820,-23.1780,NA,NA,NA,NA,NA,NA,NA,NA,NA,NA
70.228,8.3431,21.1615,8.8990,21.4835,24959.3660,-15.8793,NA,NA,NA,NA,NA,NA,NA,NA,NA,NA
70.314,8.3431,21.1615,8.8964,21.4480,48084.2520,62.0587,NA,NA,NA,NA,NA,NA,NA,NA,NA,NA
70.411,8.3318,20.9970,8.8901,21.3630,52046.1240,75.4114,NA,NA,NA,NA,NA,NA,NA,NA,NA,NA
70.611,8.3268,20.9242,8.8795,21.2175,54372.4720,83.2519,NA,NA,NA,NA,NA,NA,NA,NA,NA,NA
70.615,8.3268,20.9242,8.8629,20.9914,58681.7320,97.7754,NA,NA,NA,NA,NA,NA,NA,NA,NA,NA
70.726,8.3238,20.8811,8.8538,20.8667,58681.7320,97.7754,NA,NA,NA,NA,NA,NA,NA,NA,NA,NA
70.829,8.3062,20.6248,8.8372,20.6398,26903.7620,-9.3261,NA,NA,NA,NA,NA,NA,NA,NA,NA,NA
70.912,8.3025,20.5710,8.8302,20.5452,25430.7020,-14.2907,NA,NA,NA,NA,NA,NA,NA,NA,NA,NA
71.055,8.2958,20.4750,8.8203,20.4090,46154.3920,55.5544,NA,NA,NA,NA,NA,NA,NA,NA,NA,NA
71.154,8.2941,20.4500,8.8092,20.2583,49850.3080,68.0108,NA,NA,NA,NA,NA,NA,NA,NA,NA,NA
71.218,8.2337,19.5719,8.7830,19.9002,52624.9480,77.3622,NA,NA,NA,NA,NA,NA,NA,NA,NA,NA
71.311,8.2163,19.3192,8.7625,19.6211,52624.9480,77.3622,NA,NA,NA,NA,NA,NA,NA,NA,NA,NA
71.404,8.2103,19.2329,8.7490,19.4360,24833.2580,-16.3043,NA,NA,NA,NA,NA,NA,NA,NA,NA,NA
71.501,8.1863,18.8838,8.7406,19.3210,28904.9080,-2.5816,NA,NA,NA,NA,NA,NA,NA,NA,NA,NA
71.604,8.1769,18.7473,8.7366,19.2674,33296.3800,12.2190,NA,NA,NA,NA,NA,NA,NA,NA,NA,NA
71.695,8.1680,18.6189,8.7236,19.0892,33296.3800,12.2190,NA,NA,NA,NA,NA,NA,NA,NA,NA,NA
71.813,8.1624,18.5371,8.7116,18.9259,24013.9580,-19.0656,NA,NA,NA,NA,NA,NA,NA,NA,NA,NA
71.888,8.1518,18.3830,8.7004,18.7723,25570.7440,-13.8188,NA,NA,NA,NA,NA,NA,NA,NA,NA,NA
71.994,8.1325,18.1030,8.6885,18.6096,47236.5040,59.2015,NA,NA,NA,NA,NA,NA,NA,NA,NA,NA
72.087,8.1114,17.7960,8.6787,18.4763,50691.6560,70.8464,NA,NA,NA,NA,NA,NA,NA,NA,NA,NA
72.187,8.0990,17.6163,8.6739,18.4116,53628.5440,80.7446,NA,NA,NA,NA,NA,NA,NA,NA,NA,NA
72.321,8.0825,17.3768,8.6605,18.2286,53628.5440,80.7446,NA,NA,NA,NA,NA,NA,NA,NA,NA,NA
72.384,8.0677,17.1617,8.6351,17.8817,25451.2940,-14.2213,193836.4960,0.0000,NA,NA,NA,NA,NA,NA,NA,NA
72.484,8.0598,17.0477,8.6223,17.7065,49934.4640,68.2944,NA,NA,NA,NA,NA,NA,NA,NA,NA,NA
72.578,8.0453,16.8370,8.6165,17.6277,49934.4640,68.2944,NA,NA,NA,NA,NA,NA,NA,NA,NA,NA
72.689,8.0389,16.7443,8.6023,17.4330,27044.2560,-8.8526,NA,NA,NA,NA,NA,NA,NA,NA,NA,NA
72.786,8.0168,16.4231,8.5914,17.2849,27044.2560,-8.8526,NA,NA,NA,NA,NA,NA,NA,NA,NA,NA
72.887,8.0105,16.3313,8.5838,17.1807,25460.6680,-14.1897,NA,NA,NA,NA,NA,NA,NA,NA,NA,NA
73.022,8.0017,16.2031,8.5689,16.9775,47368.9040,59.6477,NA,NA,NA,NA,NA,NA,NA,NA,NA,NA
73.081,7.9901,16.0347,8.5559,16.8003,54244.9240,82.8220,NA,NA,NA,NA,NA,NA,NA,NA,NA,NA
73.180,7.9901,16.0347,8.5477,16.6887,60807.1480,104.9387,NA,NA,NA,NA,NA,NA,NA,NA,NA,NA
73.280,7.9869,15.9886,8.5448,16.6485,60807.1480,104.9387,NA,NA,NA,NA,NA,NA,NA,NA,NA,NA
73.383,7.9836,15.9404,8.5364,16.5338,26958.0880,-9.1430,NA,NA,NA,NA,NA,NA,NA,NA,NA,NA
73.473,7.9826,15.9259,8.5313,16.4642,29102.2280,-1.9166,NA,NA,NA,NA,NA,NA,NA,NA,NA,NA
73.605,7.9660,15.6846,8.5257,16.3875,29102.2280,-1.9166,NA,NA,NA,NA,NA,NA,NA,NA,NA,NA
73.664,7.9608,15.6090,8.5216,16.3318,21349.5240,-28.0456,NA,NA,NA,NA,NA,NA,NA,NA,NA,NA
73.766,7.9563,15.5442,8.5185,16.2902,23092.3500,-22.1717,NA,NA,NA,NA,NA,NA,NA,NA,NA,NA
73.857,7.9467,15.4054,8.5078,16.1428,25782.8720,-13.1038,NA,NA,NA,NA,NA,NA,NA,NA,NA,NA
73.962,7.9320,15.1911,8.4860,15.8455,48500.3240,63.4610,NA,NA,NA,NA,NA,NA,NA,NA,NA,NA
74.092,7.9320,15.1911,8.4813,15.7820,55523.9160,87.1326,NA,NA,NA,NA,NA,NA,NA,NA,NA,NA
74.154,7.8935,14.6324,8.4711,15.6419,62088.4920,109.2572,NA,NA,NA,NA,NA,NA,NA,NA,NA,NA
74.254,7.8803,14.4411,8.4711,15.6419,62088.4920,109.2572,NA,NA,NA,NA,NA,NA,NA,NA,NA,NA
74.355,7.8803,14.4411,8.4692,15.6172,27650.2820,-6.8101,NA,NA,NA,NA,NA,NA,NA,NA,NA,NA
74.454,7.8763,14.3816,8.4520,15.3815,29852.0640,0.6106,NA,NA,NA,NA,NA,NA,NA,NA,NA,NA
74.550,7.8763,14.3816,8.4412,15.2338,29852.0640,0.6106,NA,NA,NA,NA,NA,NA,NA,NA,NA,NA
74.648,7.8625,14.1823,8.4372,15.1800,21761.1040,-26.6584,NA,NA,NA,NA,NA,NA,NA,NA,NA,NA
74.775,7.8591,14.1321,8.4272,15.0434,23534.9420,-20.6800,NA,NA,NA,NA,NA,NA,NA,NA,NA,NA
74.844,7.8545,14.0662,8.4235,14.9926,42265.3840,42.4473,NA,NA,NA,NA,NA,NA,NA,NA,NA,NA
74.935,7.8061,13.3625,8.4214,14.9638,49249.7040,65.9866,NA,NA,NA,NA,NA,NA,NA,NA,NA,NA
75.041,7.7883,13.1038,8.4068,14.7647,56601.1960,90.7634,NA,NA,NA,NA,NA,NA,NA,NA,NA,NA
75.138,7.7544,12.6125,8.4030,14.7129,63460.7280,113.8821,NA,NA,NA,NA,NA,NA,NA,NA,NA,NA
75.236,7.7398,12.3994,8.3969,14.6298,63460.7280,113.8821,NA,NA,NA,NA,NA,NA,NA,NA,NA,NA
75.402,7.7161,12.0563,8.3969,14.6298,28428.5800,-4.1870,NA,NA,NA,NA,NA,NA,NA,NA,NA,NA
75.437,7.6840,11.5897,8.3793,14.3894,30636.4540,3.2542,NA,NA,NA,NA,NA,NA,NA,NA,NA,NA
75.534,7.6740,11.4440,8.3670,14.2207,30636.4540,3.2542,NA,NA,NA,NA,NA,NA,NA,NA,NA,NA
75.636,7.6639,11.2971,8.3597,14.1216,22151.9520,-25.3411,NA,NA,NA,NA,NA,NA,NA,NA,NA,NA
75.730,7.6415,10.9725,8.3560,14.0710,23944.3600,-19.3002,NA,NA,NA,NA,NA,NA,NA,NA,NA,NA
75.824,7.6284,10.7826,8.3514,14.0087,43003.9600,44.9365,NA,NA,NA,NA,NA,NA,NA,NA,NA,NA
75.965,7.6036,10.4224,8.3473,13.9525,50149.2120,69.0182,NA,NA,NA,NA,NA,NA,NA,NA,NA,NA
76.023,7.5534,9.6926,8.3436,13.9015,50149.2120,69.0182,NA,NA,NA,NA,NA,NA,NA,NA,NA,NA
76.127,7.5358,9.4370,8.3402,13.8549,29802.7080,0.4443,NA,NA,NA,NA,NA,NA,NA,NA,NA,NA
76.223,7.5093,9.0528,8.3373,13.8158,29802.7080,0.4443,NA,NA,NA,NA,NA,NA,NA,NA,NA,NA
76.321,7.5053,8.9951,8.3351,13.7858,24287.4260,-18.1439,NA,NA,NA,NA,NA,NA,NA,NA,NA,NA
76.413,7.4718,8.5079,8.3274,13.6802,26009.9140,-12.3386,NA,NA,NA,NA,NA,NA,NA,NA,NA,NA
76.566,7.4377,8.0134,8.3237,13.6301,50126.2440,68.9408,NA,NA,NA,NA,NA,NA,NA,NA,NA,NA
76.663,7.4011,7.4818,8.3203,13.5844,52728.8760,77.7125,NA,NA,NA,NA,NA,NA,NA,NA,NA,NA
76.706,7.3993,7.4555,8.3195,13.5728,56338.2160,89.8771,NA,NA,NA,NA,NA,NA,NA,NA,NA,NA
76.811,7.3858,7.2592,8.3089,13.4283,56338.2160,89.8771,NA,NA,NA,NA,NA,NA,NA,NA,NA,NA
76.908,7.3735,7.0811,8.3033,13.3519,25672.4880,-13.4758,NA,NA,NA,NA,NA,NA,NA,NA,NA,NA
77.009,7.3617,6.9093,8.2964,13.2573,26802.4760,-9.6674,NA,NA,NA,NA,NA,NA,NA,NA,NA,NA
77.163,7.3279,6.4189,8.2938,13.2226,26802.4760,-9.6674,NA,NA,NA,NA,NA,NA,NA,NA,NA,NA
77.200,7.2780,5.6929,8.2893,13.1606,22265.6060,-24.9581,NA,NA,NA,NA,NA,NA,NA,NA,NA,NA
77.318,7.2475,5.2501,8.2849,13.1001,24505.1340,-17.4102,NA,NA,NA,NA,NA,NA,NA,NA,NA,NA
77.408,7.2152,4.7818,8.2748,12.9621,26553.3800,-10.5070,NA,NA,NA,NA,NA,NA,NA,NA,NA,NA
77.496,7.1857,4.3526,8.2701,12.8989,51493.2240,73.5479,NA,NA,NA,NA,NA,NA,NA,NA,NA,NA
77.597,7.1695,4.1177,8.2484,12.6027,54311.0760,83.0450,NA,NA,NA,NA,NA,NA,NA,NA,NA,NA
77.694,7.1465,3.7845,8.2502,12.6272,57647.3200,94.2891,NA,NA,NA,NA,NA,NA,NA,NA,NA,NA
77.834,7.0997,3.1042,8.2502,12.6272,57647.3200,94.2891,NA,NA,NA,NA,NA,NA,NA,NA,NA,NA
77.897,7.0324,2.1273,8.2327,12.3880,26433.8820,-10.9097,NA,NA,NA,NA,NA,NA,NA,NA,NA,NA
78.006,7.0465,2.3314,8.2184,12.1928,27734.1380,-6.5275,NA,NA,NA,NA,NA,NA,NA,NA,NA,NA
78.097,7.0790,2.8035,8.2139,12.1314,27734.1380,-6.5275,NA,NA,NA,NA,NA,NA,NA,NA,NA,NA
78.179,7.0790,2.8035,8.2111,12.0932,22517.7640,-24.1082,NA,NA,NA,NA,NA,NA,NA,NA,NA,NA
78.326,7.0768,2.7717,8.2108,12.0885,24885.8780,-16.1270,NA,NA,NA,NA,NA,NA,NA,NA,NA,NA
78.390,7.0663,2.6194,8.2072,12.0398,47450.7080,59.9234,NA,NA,NA,NA,NA,NA,NA,NA,NA,NA
78.483,7.0562,2.4720,8.2066,12.0322,52382.2480,76.5442,NA,NA,NA,NA,NA,NA,NA,NA,NA,NA
78.578,7.0493,2.3719,8.2013,11.9594,55695.7440,87.7117,NA,NA,NA,NA,NA,NA,NA,NA,NA,NA
78.678,7.0385,2.2159,8.2013,11.9594,58908.9280,98.5411,NA,NA,NA,NA,NA,NA,NA,NA,NA,NA
78.777,7.0634,2.5776,8.1952,11.8766,58908.9280,98.5411,NA,NA,NA,NA,NA,NA,NA,NA,NA,NA
78.874,7.0854,2.8966,8.1917,11.8281,27176.8720,-8.4056,NA,NA,NA,NA,NA,NA,NA,NA,NA,NA
78.978,7.0959,3.0483,8.1862,11.7529,25516.9860,-13.9999,NA,NA,NA,NA,NA,NA,NA,NA,NA,NA
79.072,7.0959,3.0483,8.1671,11.4926,46240.0400,55.8431,NA,NA,NA,NA,NA,NA,NA,NA,NA,NA
79.177,7.0748,2.7425,8.1606,11.4043,50138.0400,68.9806,NA,NA,NA,NA,NA,NA,NA,NA,NA,NA
79.266,7.0340,2.1508,8.1482,11.2346,53430.6000,80.0775,NA,NA,NA,NA,NA,NA,NA,NA,NA,NA
79.366,7.0340,2.1508,8.1369,11.0804,53430.6000,80.0775,NA,NA,NA,NA,NA,NA,NA,NA,NA,NA
79.463,7.2030,4.6037,8.2800,13.0332,24250.8560,-18.2672,NA,NA,NA,NA,NA,NA,NA,NA,NA,NA
79.599,7.2030,4.6037,8.2800,13.0332,27894.9840,-5.9854,NA,NA,NA,NA,NA,NA,NA,NA,NA,NA
79.661,7.1600,3.9805,8.1187,10.8316,32758.2520,10.4053,NA,NA,NA,NA,NA,NA,NA,NA,NA,NA
79.763,7.1445,3.7555,8.1090,10.6998,32758.2520,10.4053,NA,NA,NA,NA,NA,NA,NA,NA,NA,NA
79.859,7.1074,3.2168,8.1090,10.6998,24055.3080,-18.9262,NA,NA,NA,NA,NA,NA,NA,NA,NA,NA
79.956,7.0839,2.8750,8.0684,10.1446,25713.6140,-13.3372,NA,NA,NA,NA,NA,NA,NA,NA,NA,NA
80.055,7.0138,1.8564,7.9719,8.8273,47181.6920,59.0168,NA,NA,NA,NA,NA,NA,NA,NA,NA,NA
80.180,6.9707,1.2303,7.9322,8.2856,51210.6200,72.5955,NA,NA,NA,NA,NA,NA,NA,NA,NA,NA
80.259,6.9598,1.0720,7.9148,8.0477,54586.2200,83.9723,NA,NA,NA,NA,NA,NA,NA,NA,NA,NA
80.350,6.9430,0.8292,7.8664,7.3876,54586.2200,83.9723,NA,NA,NA,NA,NA,NA,NA,NA,NA,NA
80.443,6.9253,0.5721,7.8297,6.8871,24765.1340,-16.5339,191175.5200,0.0000,NA,NA,NA,NA,NA,NA,NA,NA
80.544,6.9195,0.4874,7.8109,6.6300,49140.8480,65.6197,NA,NA,NA,NA,NA,NA,NA,NA,NA,NA
80.641,6.9102,0.3524,7.8019,6.5071,49140.8480,65.6197,NA,NA,NA,NA,NA,NA,NA,NA,NA,NA
80.776,6.8851,-0.0126,7.7804,6.2136,27006.4920,-8.9798,NA,NA,NA,NA,NA,NA,NA,NA,NA,NA
80.844,6.8696,-0.2374,7.7263,5.4743,27006.4920,-8.9798,NA,NA,NA,NA,NA,NA,NA,NA,NA,NA
80.945,6.8493,-0.5315,7.7057,5.1943,24894.9900,-16.0963,NA,NA,NA,NA,NA,NA,NA,NA,NA,NA
81.044,6.8376,-0.7022,7.6794,4.8350,44774.0160,50.9022,NA,NA,NA,NA,NA,NA,NA,NA,NA,NA
81.143,6.8240,-0.8991,7.6441,4.3530,52044.6920,75.4066,NA,NA,NA,NA,NA,NA,NA,NA,NA,NA
81.244,6.8096,-1.1082,7.6358,4.2390,59543.7520,100.6807,NA,NA,NA,NA,NA,NA,NA,NA,NA,NA
81.365,6.7973,-1.2866,7.6358,4.2390,59543.7520,100.6807,NA,NA,NA,NA,NA,NA,NA,NA,NA,NA
81.434,6.7863,-1.4478,7.6281,4.1347,26840.8520,-9.5381,NA,NA,NA,NA,NA,NA,NA,NA,NA,NA
81.535,6.7753,-1.6069,7.6180,3.9960,29445.2400,-0.7605,NA,NA,NA,NA,NA,NA,NA,NA,NA,NA
81.633,6.7626,-1.7910,7.6459,4.3767,29445.2400,-0.7605,NA,NA,NA,NA,NA,NA,NA,NA,NA,NA
81.728,6.7585,-1.8510,7.6753,4.7788,21576.7280,-27.2798,NA,NA,NA,NA,NA,NA,NA,NA,NA,NA
81.827,6.7018,-2.6735,7.6753,4.7788,22864.5320,-22.9395,NA,NA,NA,NA,NA,NA,NA,NA,NA,NA
81.984,6.6668,-3.1827,7.6718,4.7312,24939.0280,-15.9478,NA,NA,NA,NA,NA,NA,NA,NA,NA,NA
82.021,6.6406,-3.5627,7.6518,4.4579,45153.1800,52.1801,NA,NA,NA,NA,NA,NA,NA,NA,NA,NA
82.122,6.6104,-4.0017,7.6284,4.1386,52435.8400,76.7249,NA,NA,NA,NA,NA,NA,NA,NA,NA,NA
82.227,6.5923,-4.2644,7.6273,4.1238,60356.4920,103.4199,NA,NA,NA,NA,NA,NA,NA,NA,NA,NA
82.309,6.5814,-4.4224,7.6053,3.8230,60356.4920,103.4199,NA,NA,NA,NA,NA,NA,NA,NA,NA,NA
82.412,6.5680,-4.6179,7.5988,3.7344,27509.2360,-7.2854,NA,NA,NA,NA,NA,NA,NA,NA,NA,NA
82.515,6.5534,-4.8292,7.6035,3.7990,30216.1080,1.8375,NA,NA,NA,NA,NA,NA,NA,NA,NA,NA
82.615,6.5388,-5.0418,7.6035,3.7990,30216.1080,1.8375,NA,NA,NA,NA,NA,NA,NA,NA,NA,NA
82.708,6.5304,-5.1628,7.6020,3.7787,22054.8540,-25.6684,NA,NA,NA,NA,NA,NA,NA,NA,NA,NA
82.804,6.5085,-5.4817,7.6010,3.7646,23303.8500,-21.4589,NA,NA,NA,NA,NA,NA,NA,NA,NA,NA
82.906,6.4889,-5.7666,7.6068,3.8436,40420.1640,36.2283,NA,NA,NA,NA,NA,NA,NA,NA,NA,NA
82.998,6.4783,-5.9207,7.6068,3.8436,45393.3800,52.9896,NA,NA,NA,NA,NA,NA,NA,NA,NA,NA
83.123,6.4723,-6.0069,7.6031,3.7931,52989.3400,78.5903,NA,NA,NA,NA,NA,NA,NA,NA,NA,NA
83.199,6.4686,-6.0614,7.6020,3.7785,61114.8520,105.9758,NA,NA,NA,NA,NA,NA,NA,NA,NA,NA
83.295,6.4669,-6.0853,7.5844,3.5375,61114.8520,105.9758,NA,NA,NA,NA,NA,NA,NA,NA,NA,NA
83.396,6.4635,-6.1342,7.5732,3.3844,28231.0380,-4.8527,NA,NA,NA,NA,NA,NA,NA,NA,NA,NA
83.490,6.4613,-6.1673,7.5571,3.1658,31038.8660,4.6105,NA,NA,NA,NA,NA,NA,NA,NA,NA,NA
83.598,6.4601,-6.1840,7.5453,3.0046,31038.8660,4.6105,NA,NA,NA,NA,NA,NA,NA,NA,NA,NA
83.752,6.4633,-6.1380,7.5623,3.2363,22499.4900,-24.1698,NA,NA,NA,NA,NA,NA,NA,NA,NA,NA
83.803,6.4633,-6.1380,7.5623,3.2363,23679.3480,-20.1933,NA,NA,NA,NA,NA,NA,NA,NA,NA,NA
83.886,6.4520,-6.3020,7.5352,2.8661,41098.9040,38.5159,NA,NA,NA,NA,NA,NA,NA,NA,NA,NA
84.020,6.4326,-6.5831,7.5236,2.7077,45794.2280,54.3406,NA,NA,NA,NA,NA,NA,NA,NA,NA,NA
84.084,6.4204,-6.7605,7.5065,2.4744,45794.2280,54.3406,NA,NA,NA,NA,NA,NA,NA,NA,NA,NA
84.187,6.4189,-6.7825,7.5037,2.4367,30077.2900,1.3697,NA,NA,NA,NA,NA,NA,NA,NA,NA,NA
84.279,6.4189,-6.7825,7.4924,2.2817,30077.2900,1.3697,NA,NA,NA,NA,NA,NA,NA,NA,NA,NA
84.387,6.3988,-7.0746,7.4866,2.2028,23452.5780,-20.9576,NA,NA,NA,NA,NA,NA,NA,NA,NA,NA
84.480,6.3899,-7.2031,7.4841,2.1680,25927.0540,-12.6179,NA,NA,NA,NA,NA,NA,NA,NA,NA,NA
84.576,6.3803,-7.3438,7.4813,2.1301,49492.5040,66.8049,NA,NA,NA,NA,NA,NA,NA,NA,NA,NA
84.674,6.3795,-7.3554,7.4739,2.0289,55302.2040,86.3854,NA,NA,NA,NA,NA,NA,NA,NA,NA,NA
84.777,6.3646,-7.5718,7.4559,1.7832,59528.6480,100.6298,NA,NA,NA,NA,NA,NA,NA,NA,NA,NA
84.874,6.3572,-7.6779,7.4466,1.6560,59528.6480,100.6298,NA,NA,NA,NA,NA,NA,NA,NA,NA,NA
84.996,6.3464,-7.8347,7.4416,1.5889,26698.9580,-10.0163,NA,NA,NA,NA,NA,NA,NA,NA,NA,NA
85.073,6.3461,-7.8394,7.4416,1.5890,28413.7240,-4.2370,NA,NA,NA,NA,NA,NA,NA,NA,NA,NA
85.162,6.3456,-7.8472,7.4455,1.6414,28413.7240,-4.2370,NA,NA,NA,NA,NA,NA,NA,NA,NA,NA
85.259,6.3456,-7.8472,7.4490,1.6899,21413.7440,-27.8291,NA,NA,NA,NA,NA,NA,NA,NA,NA,NA
85.359,6.3385,-7.9502,7.4490,1.6899,23492.4780,-20.8231,NA,NA,NA,NA,NA,NA,NA,NA,NA,NA
85.458,6.3362,-7.9835,7.4486,1.6837,26224.0760,-11.6168,NA,NA,NA,NA,NA,NA,NA,NA,NA,NA
85.567,6.3341,-8.0142,7.4415,1.5866,49952.4600,68.3551,NA,NA,NA,NA,NA,NA,NA,NA,NA,NA
85.659,6.3341,-8.0142,7.4342,1.4873,56194.1720,89.3916,NA,NA,NA,NA,NA,NA,NA,NA,NA,NA
85.751,6.3357,-7.9909,7.4235,1.3411,61152.9840,106.1043,NA,NA,NA,NA,NA,NA,NA,NA,NA,NA
85.850,6.3357,-7.9909,7.4200,1.2934,61152.9840,106.1043,NA,NA,NA,NA,NA,NA,NA,NA,NA,NA
85.949,6.3322,-8.0416,7.4199,1.2927,27408.4960,-7.6250,NA,NA,NA,NA,NA,NA,NA,NA,NA,NA
86.055,6.3322,-8.0416,7.4198,1.2909,29373.1100,-1.0036,NA,NA,NA,NA,NA,NA,NA,NA,NA,NA
86.179,6.3379,-7.9591,7.4196,1.2882,29373.1100,-1.0036,NA,NA,NA,NA,NA,NA,NA,NA,NA,NA
86.239,6.3379,-7.9591,7.4104,1.1627,21788.7960,-26.5651,NA,NA,NA,NA,NA,NA,NA,NA,NA,NA
86.348,6.3346,-8.0061,7.3845,0.8094,23838.0680,-19.6584,NA,NA,NA,NA,NA,NA,NA,NA,NA,NA
86.438,6.3327,-8.0343,7.3709,0.6228,43536.1000,46.7300,NA,NA,NA,NA,NA,NA,NA,NA,NA,NA
86.549,6.3239,-8.1625,7.3646,0.5370,50231.5720,69.2958,NA,NA,NA,NA,NA,NA,NA,NA,NA,NA
86.678,6.3211,-8.2034,7.3611,0.4892,50231.5720,69.2958,NA,NA,NA,NA,NA,NA,NA,NA,NA,NA
86.741,6.3224,-8.1838,7.3585,0.4538,29729.7440,0.1983,NA,NA,NA,NA,NA,NA,NA,NA,NA,NA
86.842,6.3253,-8.1415,7.3568,0.4302,29729.7440,0.1983,NA,NA,NA,NA,NA,NA,NA,NA,NA,NA
86.937,6.3283,-8.0986,7.3511,0.3530,23819.8000,-19.7200,NA,NA,NA,NA,NA,NA,NA,NA,NA,NA
87.039,6.3331,-8.0281,7.3475,0.3041,25348.6380,-14.5673,NA,NA,NA,NA,NA,NA,NA,NA,NA,NA
87.137,6.3331,-8.0281,7.3440,0.2560,48578.0240,63.7228,NA,NA,NA,NA,NA,NA,NA,NA,NA,NA
87.234,6.3233,-8.1715,7.3329,0.1049,50947.2480,71.7078,NA,NA,NA,NA,NA,NA,NA,NA,NA,NA
87.379,6.3268,-8.1195,7.3276,0.0317,55119.2120,85.7686,NA,NA,NA,NA,NA,NA,NA,NA,NA,NA
87.436,6.3389,-7.9449,7.3610,0.4878,55119.2120,85.7686,NA,NA,NA,NA,NA,NA,NA,NA,NA,NA
87.546,6.3412,-7.9111,7.3776,0.7146,24824.6460,-16.3333,NA,NA,NA,NA,NA,NA,NA,NA,NA,NA
87.645,6.3412,-7.9111,7.4141,1.2128,26360.1660,-11.1582,NA,NA,NA,NA,NA,NA,NA,NA,NA,NA
87.738,6.3399,-7.9293,7.4471,1.6638,29464.9240,-0.6942,NA,NA,NA,NA,NA,NA,NA,NA,NA,NA
87.817,6.3398,-7.9308,7.4480,1.6751,29464.9240,-0.6942,NA,NA,NA,NA,NA,NA,NA,NA,NA,NA
87.952,6.3397,-7.9331,7.4480,1.6751,24232.6500,-18.3285,NA,NA,NA,NA,NA,NA,NA,NA,NA,NA
88.019,6.3390,-7.9431,7.4229,1.3337,25952.7680,-12.5312,NA,NA,NA,NA,NA,NA,NA,NA,NA,NA
88.131,6.3255,-8.1393,7.4019,1.0461,50017.7880,68.5753,NA,NA,NA,NA,NA,NA,NA,NA,NA,NA
88.208,6.3104,-8.3577,7.3859,0.8274,52713.3200,77.6600,NA,NA,NA,NA,NA,NA,NA,NA,NA,NA
88.311,6.3022,-8.4766,7.3704,0.6158,56212.2360,89.4525,NA,NA,NA,NA,NA,NA,NA,NA,NA,NA
88.409,6.2950,-8.5825,7.3529,0.3774,56212.2360,89.4525,NA,NA,NA,NA,NA,NA,NA,NA,NA,NA
88.526,6.2950,-8.5825,7.3445,0.2623,25651.3840,-13.5470,NA,NA,NA,NA,NA,NA,NA,NA,NA,NA
88.605,6.2904,-8.6492,7.3306,0.0726,27068.7440,-8.7700,NA,NA,NA,NA,NA,NA,NA,NA,NA,NA
88.703,6.2904,-8.6492,7.3191,-0.0841,27068.7440,-8.7700,NA,NA,NA,NA,NA,NA,NA,NA,NA,NA
88.812,6.2873,-8.6939,7.3091,-0.2201,22043.1620,-25.7078,NA,NA,NA,NA,NA,NA,NA,NA,NA,NA
88.898,6.2873,-8.6939,7.3063,-0.2590,24330.9360,-17.9973,NA,NA,NA,NA,NA,NA,NA,NA,NA,NA
88.998,6.2814,-8.7790,7.2975,-0.3791,26511.2440,-10.6490,NA,NA,NA,NA,NA,NA,NA,NA,NA,NA
89.102,6.2676,-8.9791,7.2788,-0.6339,51507.8640,73.5973,NA,NA,NA,NA,NA,NA,NA,NA,NA,NA
89.197,6.2580,-9.1194,7.2714,-0.7356,54834.5160,84.8091,NA,NA,NA,NA,NA,NA,NA,NA,NA,NA
89.289,6.2535,-9.1839,7.2654,-0.8165,57702.9240,94.4765,NA,NA,NA,NA,NA,NA,NA,NA,NA,NA
89.392,6.2470,-9.2786,7.2650,-0.8219,57702.9240,94.4765,NA,NA,NA,NA,NA,NA,NA,NA,NA,NA
89.489,6.2464,-9.2884,7.2629,-0.8508,26618.7300,-10.2867,NA,NA,NA,NA,NA,NA,NA,NA,NA,NA
89.582,6.2371,-9.4233,7.2629,-0.8518,28064.6040,-5.4137,NA,NA,NA,NA,NA,NA,NA,NA,NA,NA
89.680,6.2293,-9.5355,7.2506,-1.0194,28064.6040,-5.4137,NA,NA,NA,NA,NA,NA,NA,NA,NA,NA
89.797,6.2255,-9.5905,7.2432,-1.1195,22256.3940,-24.9891,NA,NA,NA,NA,NA,NA,NA,NA,NA,NA
89.898,6.2241,-9.6115,7.2398,-1.1662,53366.0800,79.8600,NA,NA,NA,NA,NA,NA,NA,NA,NA,NA
89.985,6.2099,-9.8172,7.2323,-1.2686,56125.4800,89.1601,NA,NA,NA,NA,NA,NA,NA,NA,NA,NA
90.081,6.2068,-9.8629,7.2304,-1.2943,56125.4800,89.1601,NA,NA,NA,NA,NA,NA,NA,NA,NA,NA
90.179,6.2068,-9.8629,7.2297,-1.3048,27074.5320,-8.7505,194288.7680,0.0000,NA,NA,NA,NA,NA,NA,NA,NA
90.286,6.2053,-9.8844,7.2179,-1.4654,52490.5840,76.9094,NA,NA,NA,NA,NA,NA,NA,NA,NA,NA
90.391,6.1966,-10.0111,7.2167,-1.4817,52490.5840,76.9094,NA,NA,NA,NA,NA,NA,NA,NA,NA,NA
90.470,6.1950,-10.0343,7.2160,-1.4913,28670.8900,-3.3703,189418.4640,0.0000,NA,NA,NA,NA,NA,NA,NA,NA
90.573,6.1917,-10.0816,7.2160,-1.4913,60494.4560,103.8849,NA,NA,NA,NA,NA,NA,NA,NA,NA,NA
90.675,6.1898,-10.1093,7.2150,-1.5051,60494.4560,103.8849,NA,NA,NA,NA,NA,NA,NA,NA,NA,NA
90.778,6.1757,-10.3142,7.2118,-1.5491,26651.7840,-10.1753,NA,NA,NA,NA,NA,NA,NA,NA,NA,NA
90.897,6.1763,-10.3062,7.2115,-1.5530,26651.7840,-10.1753,NA,NA,NA,NA,NA,NA,NA,NA,NA,NA
90.969,6.1763,-10.3062,7.2056,-1.6339,26642.5660,-10.2064,NA,NA,NA,NA,NA,NA,NA,NA,NA,NA
91.076,6.1676,-10.4316,7.2005,-1.7034,51066.8200,72.1108,NA,NA,NA,NA,NA,NA,NA,NA,NA,NA
91.171,6.1641,-10.4825,7.1976,-1.7420,53381.0000,79.9103,NA,NA,NA,NA,NA,NA,NA,NA,NA,NA
91.268,6.1580,-10.5711,7.1905,-1.8393,57475.0400,93.7085,NA,NA,NA,NA,NA,NA,NA,NA,NA,NA
91.368,6.1578,-10.5746,7.1908,-1.8356,57475.0400,93.7085,NA,NA,NA,NA,NA,NA,NA,NA,NA,NA
91.547,6.1560,-10.6006,7.1908,-1.8356,26281.2380,-11.4242,NA,NA,NA,NA,NA,NA,NA,NA,NA,NA
91.560,6.1560,-10.6006,7.1897,-1.8502,27761.3980,-6.4356,NA,NA,NA,NA,NA,NA,NA,NA,NA,NA
91.669,6.1589,-10.5584,7.1897,-1.8502,27761.3980,-6.4356,NA,NA,NA,NA,NA,NA,NA,NA,NA,NA
91.761,6.1616,-10.5192,7.1801,-1.9808,22747.4500,-23.3341,NA,NA,NA,NA,NA,NA,NA,NA,NA,NA
91.851,6.1691,-10.4106,7.1751,-2.0492,24988.7200,-15.7804,NA,NA,NA,NA,NA,NA,NA,NA,NA,NA
91.954,6.1691,-10.4106,7.1769,-2.0246,47631.9360,60.5342,NA,NA,NA,NA,NA,NA,NA,NA,NA,NA
92.056,6.1669,-10.4427,7.1769,-2.0246,52405.3800,76.6222,NA,NA,NA,NA,NA,NA,NA,NA,NA,NA
92.155,6.1648,-10.4725,7.1689,-2.1349,55396.4320,86.7030,NA,NA,NA,NA,NA,NA,NA,NA,NA,NA
92.252,6.1643,-10.4806,7.1737,-2.0694,58674.6720,97.7516,NA,NA,NA,NA,NA,NA,NA,NA,NA,NA
92.346,6.1691,-10.4109,7.1737,-2.0694,58674.6720,97.7516,NA,NA,NA,NA,NA,NA,NA,NA,NA,NA
92.442,6.1732,-10.3501,7.1684,-2.1417,27223.3100,-8.2491,NA,NA,NA,NA,NA,NA,NA,NA,NA,NA
92.543,6.1732,-10.3501,7.1684,-2.1417,28689.6760,-3.3070,NA,NA,NA,NA,NA,NA,NA,NA,NA,NA
92.644,6.1739,-10.3398,7.1660,-2.1742,28689.6760,-3.3070,NA,NA,NA,NA,NA,NA,NA,NA,NA,NA
92.739,6.1739,-10.3398,7.1629,-2.2166,22968.8180,-22.5880,NA,NA,NA,NA,NA,NA,NA,NA,NA,NA
92.842,6.1689,-10.4138,7.1585,-2.2760,25350.7740,-14.5601,NA,NA,NA,NA,NA,NA,NA,NA,NA,NA
92.929,6.1681,-10.4248,7.1504,-2.3868,48351.7600,62.9603,NA,NA,NA,NA,NA,NA,NA,NA,NA,NA
93.037,6.1592,-10.5546,7.1443,-2.4707,53863.9440,81.5380,NA,NA,NA,NA,NA,NA,NA,NA,NA,NA
93.124,6.1492,-10.6991,7.1375,-2.5629,57776.7200,94.7253,NA,NA,NA,NA,NA,NA,NA,NA,NA,NA
93.225,6.1660,-10.4557,7.1636,-2.2073,57776.7200,94.7253,NA,NA,NA,NA,NA,NA,NA,NA,NA,NA
93.322,6.3788,-7.3647,7.3070,-0.2488,25783.1620,-13.1028,NA,NA,NA,NA,NA,NA,NA,NA,NA,NA
93.422,6.6686,-3.1565,7.5434,2.9778,27591.7960,-7.0072,NA,NA,NA,NA,NA,NA,NA,NA,NA,NA
93.518,7.1283,3.5197,7.7248,5.4544,29525.6500,-0.4895,NA,NA,NA,NA,NA,NA,NA,NA,NA,NA
93.630,7.2469,5.2414,7.8388,7.0109,29525.6500,-0.4895,NA,NA,NA,NA,NA,NA,NA,NA,NA,NA
93.725,7.3449,6.6658,7.8893,7.7006,51862.8800,74.7938,NA,NA,NA,NA,NA,NA,NA,NA,NA,NA
93.820,7.3851,7.2482,7.9285,8.2356,55351.8840,86.5528,NA,NA,NA,NA,NA,NA,NA,NA,NA,NA
93.968,7.4032,7.5111,7.9467,8.4841,55351.8840,86.5528,NA,NA,NA,NA,NA,NA,NA,NA,NA,NA
94.019,7.4124,7.6458,7.9546,8.5915,24815.1420,-16.3654,189349.4400,0.0000,NA,NA,NA,NA,NA,NA,NA,NA
94.124,7.4198,7.7529,7.9575,8.6316,49558.0000,67.0256,NA,NA,NA,NA,NA,NA,NA,NA,NA,NA
94.217,7.4224,7.7900,7.9588,8.6482,49558.0000,67.0256,NA,NA,NA,NA,NA,NA,NA,NA,NA,NA
94.316,7.4224,7.7900,7.9718,8.8261,26814.4720,-9.6270,NA,NA,NA,NA,NA,NA,NA,NA,NA,NA
94.414,7.4305,7.9079,8.0393,9.7484,30041.9260,1.2505,195616.9440,0.0000,NA,NA,NA,NA,NA,NA,NA,NA
94.518,7.4626,8.3742,8.1798,11.6658,62677.6200,111.2428,NA,NA,NA,NA,NA,NA,NA,NA,NA,NA
94.616,7.7675,12.8015,8.4041,14.7284,62677.6200,111.2428,NA,NA,NA,NA,NA,NA,NA,NA,NA,NA
94.719,8.1410,18.2263,8.5473,16.6832,27622.5880,-6.9034,NA,NA,NA,NA,NA,NA,NA,NA,NA,NA
94.815,8.1410,18.2263,8.6351,17.8816,26016.4800,-12.3165,NA,NA,NA,NA,NA,NA,NA,NA,NA,NA
94.911,8.4082,22.1071,8.6656,18.2973,49109.7600,65.5149,NA,NA,NA,NA,NA,NA,NA,NA,NA,NA
95.018,8.4419,22.5964,8.6686,18.3382,53865.2200,81.5423,NA,NA,NA,NA,NA,NA,NA,NA,NA,NA
95.154,8.5098,23.5829,8.6686,18.3382,57016.0080,92.1614,NA,NA,NA,NA,NA,NA,NA,NA,NA,NA
95.214,8.5867,24.6987,8.6637,18.2714,57016.0080,92.1614,NA,NA,NA,NA,NA,NA,NA,NA,NA,NA
95.302,8.6059,24.9775,8.6952,18.7013,25769.5100,-13.1489,NA,NA,NA,NA,NA,NA,NA,NA,NA,NA
95.403,8.6362,25.4179,8.7703,19.7274,27402.5280,-7.6451,NA,NA,NA,NA,NA,NA,NA,NA,NA,NA
95.503,8.6522,25.6498,8.8798,21.2224,29399.6640,-0.9141,NA,NA,NA,NA,NA,NA,NA,NA,NA,NA
95.608,8.6522,25.6498,8.9277,21.8764,29399.6640,-0.9141,NA,NA,NA,NA,NA,NA,NA,NA,NA,NA
95.727,8.6423,25.5058,8.9277,21.8764,23447.9200,-20.9733,NA,NA,NA,NA,NA,NA,NA,NA,NA,NA
95.799,8.6166,25.1332,8.9183,21.7478,25930.7000,-12.6056,NA,NA,NA,NA,NA,NA,NA,NA,NA,NA
95.888,8.5502,24.1687,8.9031,21.5401,49412.8080,66.5363,NA,NA,NA,NA,NA,NA,NA,NA,NA,NA
95.992,8.4407,22.5789,8.8842,21.2814,55148.4520,85.8672,NA,NA,NA,NA,NA,NA,NA,NA,NA,NA
96.089,8.3797,21.6922,8.8641,21.0070,59456.0120,100.3850,NA,NA,NA,NA,NA,NA,NA,NA,NA,NA
96.184,8.3319,20.9986,8.8473,20.7776,59456.0120,100.3850,NA,NA,NA,NA,NA,NA,NA,NA,NA,NA
96.282,8.2997,20.5316,8.8407,20.6877,26580.7000,-10.4149,NA,NA,NA,NA,NA,NA,NA,NA,NA,NA
96.382,8.2566,19.9055,8.8278,20.5124,28371.3420,-4.3799,NA,NA,NA,NA,NA,NA,NA,NA,NA,NA
96.499,8.2084,19.2058,8.8193,20.3956,28371.3420,-4.3799,NA,NA,NA,NA,NA,NA,NA,NA,NA,NA
96.581,8.1913,18.9563,8.8177,20.3744,21452.4980,-27.6985,NA,NA,NA,NA,NA,NA,NA,NA,NA,NA
96.680,8.1829,18.8353,8.8177,20.3744,23476.1300,-20.8782,NA,NA,NA,NA,NA,NA,NA,NA,NA,NA
96.775,8.1717,18.6725,8.8172,20.3677,26174.9580,-11.7824,NA,NA,NA,NA,NA,NA,NA,NA,NA,NA
96.930,8.1429,18.2538,8.8200,20.4051,50082.7280,68.7941,NA,NA,NA,NA,NA,NA,NA,NA,NA,NA
96.974,8.1048,17.7005,8.8200,20.4051,56159.2920,89.2740,NA,NA,NA,NA,NA,NA,NA,NA,NA,NA
97.073,8.0865,17.4350,8.8172,20.3672,61540.5280,107.4104,NA,NA,NA,NA,NA,NA,NA,NA,NA,NA
97.165,8.0811,17.3561,8.8172,20.3672,61540.5280,107.4104,NA,NA,NA,NA,NA,NA,NA,NA,NA,NA
97.261,8.0783,17.3154,8.8148,20.3346,27366.8880,-7.7652,NA,NA,NA,NA,NA,NA,NA,NA,NA,NA
97.361,8.0710,17.2091,8.8148,20.3346,29436.2440,-0.7908,NA,NA,NA,NA,NA,NA,NA,NA,NA,NA
97.457,8.0602,17.0530,8.8026,20.1678,29436.2440,-0.7908,NA,NA,NA,NA,NA,NA,NA,NA,NA,NA
97.564,8.0589,17.0337,8.7851,19.9295,21747.5220,-26.7042,NA,NA,NA,NA,NA,NA,NA,NA,NA,NA
97.661,8.0574,17.0122,8.7705,19.7292,54234.6560,82.7874,NA,NA,NA,NA,NA,NA,NA,NA,NA,NA
97.765,8.0388,16.7423,8.7619,19.6119,58281.7840,96.4275,NA,NA,NA,NA,NA,NA,NA,NA,NA,NA
97.856,8.0377,16.7266,8.7493,19.4403,58281.7840,96.4275,NA,NA,NA,NA,NA,NA,NA,NA,NA,NA
97.965,8.0151,16.3987,8.7351,19.2467,26248.2680,-11.5353,NA,NA,NA,NA,NA,NA,NA,NA,NA,NA
98.054,8.0131,16.3683,8.7341,19.2328,28913.9040,-2.5513,NA,NA,NA,NA,NA,NA,NA,NA,NA,NA
98.179,8.0111,16.3393,8.7278,19.1469,28913.9040,-2.5513,NA,NA,NA,NA,NA,NA,NA,NA,NA,NA
98.251,8.0111,16.3393,8.7075,18.8702,23798.4700,-19.7919,NA,NA,NA,NA,NA,NA,NA,NA,NA,NA
98.372,8.0110,16.3385,8.6966,18.7206,25465.1040,-14.1748,NA,NA,NA,NA,NA,NA,NA,NA,NA,NA
98.446,8.0110,16.3385,8.6910,18.6442,48878.1360,64.7343,NA,NA,NA,NA,NA,NA,NA,NA,NA,NA
98.544,7.9957,16.1157,8.6764,18.4444,51434.2280,73.3491,NA,NA,NA,NA,NA,NA,NA,NA,NA,NA
98.644,7.9672,15.7021,8.6714,18.3774,54955.6760,85.2175,NA,NA,NA,NA,NA,NA,NA,NA,NA,NA
98.737,7.9672,15.7021,8.6707,18.3668,54955.6760,85.2175,NA,NA,NA,NA,NA,NA,NA,NA,NA,NA
98.839,7.9651,15.6716,8.6615,18.2419,24979.2640,-15.8122,NA,NA,NA,NA,NA,NA,NA,NA,NA,NA
98.936,7.9700,15.7428,8.6501,18.0860,26415.7100,-10.9710,NA,NA,NA,NA,NA,NA,NA,NA,NA,NA
99.039,7.9732,15.7890,8.6358,17.8909,29129.7440,-1.8238,NA,NA,NA,NA,NA,NA,NA,NA,NA,NA
99.138,7.9732,15.7890,8.6272,17.7735,29129.7440,-1.8238,NA,NA,NA,NA,NA,NA,NA,NA,NA,NA
99.226,7.9710,15.7576,8.6219,17.7009,24064.8960,-18.8939,NA,NA,NA,NA,NA,NA,NA,NA,NA,NA
99.353,7.9614,15.6178,8.6176,17.6427,26074.8140,-12.1199,NA,NA,NA,NA,NA,NA,NA,NA,NA,NA
99.423,7.9537,15.5061,8.6110,17.5529,50423.1960,69.9416,NA,NA,NA,NA,NA,NA,NA,NA,NA,NA
99.525,7.9419,15.3347,8.6010,17.4163,53805.4440,81.3408,NA,NA,NA,NA,NA,NA,NA,NA,NA,NA
99.630,7.9305,15.1687,8.5964,17.3536,56070.6680,88.9753,NA,NA,NA,NA,NA,NA,NA,NA,NA,NA
99.725,7.9191,15.0045,8.5927,17.3026,56070.6680,88.9753,NA,NA,NA,NA,NA,NA,NA,NA,NA,NA
99.815,7.9125,14.9079,8.5875,17.2315,25899.5300,-12.7106,NA,NA,NA,NA,NA,NA,NA,NA,NA,NA
99.977,7.8989,14.7100,8.5757,17.0701,27364.1960,-7.7743,NA,NA,NA,NA,NA,NA,NA,NA,NA,NA
100.014,7.8922,14.6136,8.5682,16.9674,27364.1960,-7.7743,NA,NA,NA,NA,NA,NA,NA,NA,NA,NA
100.110,7.8893,14.5710,8.5581,16.8303,21758.9840,-26.6656,NA,NA,NA,NA,NA,NA,NA,NA,NA,NA
100.209,7.8841,14.4963,8.5421,16.6117,24105.6880,-18.7564,NA,NA,NA,NA,NA,NA,NA,NA,NA,NA
100.318,7.8792,14.4239,8.5329,16.4865,26502.3060,-10.6791,NA,NA,NA,NA,NA,NA,NA,NA,NA,NA
100.408,7.8616,14.1691,8.5301,16.4484,51100.6480,72.2248,NA,NA,NA,NA,NA,NA,NA,NA,NA,NA
100.504,7.8330,13.7532,8.5106,16.1811,55637.5880,87.5157,NA,NA,NA,NA,NA,NA,NA,NA,NA,NA
100.609,7.8218,13.5907,8.5036,16.0862,58238.0840,96.2802,NA,NA,NA,NA,NA,NA,NA,NA,NA,NA
100.706,7.8161,13.5074,8.4994,16.0282,58238.0840,96.2802,NA,NA,NA,NA,NA,NA,NA,NA,NA,NA
100.818,7.8085,13.3977,8.4951,15.9698,26667.6440,-10.1219,NA,NA,NA,NA,NA,NA,NA,NA,NA,NA
100.902,7.8030,13.3185,8.4917,15.9230,25015.8460,-15.6889,NA,NA,NA,NA,NA,NA,NA,NA,NA,NA
101.004,7.8030,13.3185,8.4793,15.7538,45119.3200,52.0659,NA,NA,NA,NA,NA,NA,NA,NA,NA,NA
101.117,7.7957,13.2123,8.4580,15.4631,49265.5120,66.0399,NA,NA,NA,NA,NA,NA,NA,NA,NA,NA
101.199,7.7912,13.1462,8.4477,15.3235,53278.1280,79.5636,NA,NA,NA,NA,NA,NA,NA,NA,NA,NA
101.300,7.7912,13.1462,8.4287,15.0640,56560.5800,90.6265,NA,NA,NA,NA,NA,NA,NA,NA,NA,NA
101.392,7.7787,12.9643,8.4232,14.9879,56560.5800,90.6265,NA,NA,NA,NA,NA,NA,NA,NA,NA,NA
101.502,7.7738,12.8935,8.4072,14.7708,26475.1820,-10.7705,NA,NA,NA,NA,NA,NA,NA,NA,NA,NA
101.598,7.7744,12.9028,8.4012,14.6881,30647.3420,3.2909,NA,NA,NA,NA,NA,NA,NA,NA,NA,NA
101.703,7.7744,12.9028,8.3911,14.5505,30647.3420,3.2909,NA,NA,NA,NA,NA,NA,NA,NA,NA,NA
101.794,7.7615,12.7153,8.3850,14.4673,23628.6960,-20.3641,NA,NA,NA,NA,NA,NA,NA,NA,NA,NA
101.884,7.7580,12.6639,8.3820,14.4266,25206.6560,-15.0458,NA,NA,NA,NA,NA,NA,NA,NA,NA,NA
101.982,7.7577,12.6598,8.3746,14.3251,46604.6560,57.0720,NA,NA,NA,NA,NA,NA,NA,NA,NA,NA
102.078,7.7543,12.6105,8.3720,14.2895,50369.7000,69.7613,NA,NA,NA,NA,NA,NA,NA,NA,NA,NA
102.183,7.7533,12.5963,8.3720,14.2895,54679.2560,84.2859,NA,NA,NA,NA,NA,NA,NA,NA,NA,NA
102.283,7.7488,12.5313,8.3646,14.1886,54679.2560,84.2859,NA,NA,NA,NA,NA,NA,NA,NA,NA,NA
102.374,7.7591,12.6806,8.3537,14.0393,24134.3580,-18.6598,NA,NA,NA,NA,NA,NA,NA,NA,NA,NA
102.472,7.7604,12.6994,8.3471,13.9496,26401.0020,-11.0205,NA,NA,NA,NA,NA,NA,NA,NA,NA,NA
102.573,7.7638,12.7487,8.3431,13.8957,30418.3600,2.5192,NA,NA,NA,NA,NA,NA,NA,NA,NA,NA
102.674,7.7638,12.7487,8.3331,13.7585,30418.3600,2.5192,NA,NA,NA,NA,NA,NA,NA,NA,NA,NA
102.762,7.7625,12.7294,8.3307,13.7263,24240.5880,-18.3018,NA,NA,NA,NA,NA,NA,NA,NA,NA,NA
102.925,7.7606,12.7017,8.3067,13.3987,25679.8020,-13.4512,NA,NA,NA,NA,NA,NA,NA,NA,NA,NA
102.957,7.7517,12.5721,8.3009,13.3187,48692.8800,64.1099,NA,NA,NA,NA,NA,NA,NA,NA,NA,NA
103.070,7.7481,12.5201,8.3003,13.3112,51586.5000,73.8623,NA,NA,NA,NA,NA,NA,NA,NA,NA,NA
103.166,7.7413,12.4212,8.2955,13.2451,56006.7000,88.7597,NA,NA,NA,NA,NA,NA,NA,NA,NA,NA
103.259,7.7293,12.2478,8.2845,13.0956,56006.7000,88.7597,NA,NA,NA,NA,NA,NA,NA,NA,NA,NA
103.359,7.7210,12.1266,8.2794,13.0256,25100.1820,-15.4047,NA,NA,NA,NA,NA,NA,NA,NA,NA,NA
103.458,7.7124,12.0018,8.2644,12.8212,25011.7400,-15.7028,NA,NA,NA,NA,NA,NA,NA,NA,NA,NA
103.561,7.6951,11.7514,8.2600,12.7611,26123.0640,-11.9573,NA,NA,NA,NA,NA,NA,NA,NA,NA,NA
103.655,7.6835,11.5830,8.2499,12.6228,47487.2480,60.0466,NA,NA,NA,NA,NA,NA,NA,NA,NA,NA
103.750,7.6662,11.3317,8.2397,12.4842,50239.8840,69.3238,NA,NA,NA,NA,NA,NA,NA,NA,NA,NA
103.855,7.6574,11.2033,8.2355,12.4260,52836.0520,78.0737,NA,NA,NA,NA,NA,NA,NA,NA,NA,NA
103.964,7.6409,10.9634,8.2288,12.3353,52836.0520,78.0737,NA,NA,NA,NA,NA,NA,NA,NA,NA,NA
104.049,7.6266,10.7560,8.2209,12.2271,27916.9140,-5.9114,195873.1040,0.0000,NA,NA,NA,NA,NA,NA,NA,NA
104.175,7.5930,10.2687,8.2169,12.1724,54446.2880,83.5007,NA,NA,NA,NA,NA,NA,NA,NA,NA,NA
104.250,7.5655,9.8688,8.2141,12.1337,54446.2880,83.5007,NA,NA,NA,NA,NA,NA,NA,NA,NA,NA
104.348,7.5489,9.6282,8.2114,12.0972,27440.2500,-7.5179,187038.0800,0.0000,NA,NA,NA,NA,NA,NA,NA,NA
104.444,7.5285,9.3313,8.2061,12.0247,59383.9360,100.1421,NA,NA,NA,NA,NA,NA,NA,NA,NA,NA
104.542,7.4792,8.6161,8.2061,12.0247,59383.9360,100.1421,NA,NA,NA,NA,NA,NA,NA,NA,NA,NA
104.650,7.4595,8.3301,8.1902,11.8074,25996.0180,-12.3855,NA,NA,NA,NA,NA,NA,NA,NA,NA,NA
104.774,7.4480,8.1631,8.1830,11.7097,25996.0180,-12.3855,NA,NA,NA,NA,NA,NA,NA,NA,NA,NA
104.844,7.4230,7.7997,8.1787,11.6513,25963.7360,-12.4943,NA,NA,NA,NA,NA,NA,NA,NA,NA,NA
104.949,7.4064,7.5577,8.1712,11.5479,47720.4800,60.8326,NA,NA,NA,NA,NA,NA,NA,NA,NA,NA
105.041,7.3839,7.2321,8.1612,11.4121,51788.5080,74.5431,NA,NA,NA,NA,NA,NA,NA,NA,NA,NA
105.130,7.3839,7.2321,8.1524,11.2922,56136.6200,89.1976,NA,NA,NA,NA,NA,NA,NA,NA,NA,NA
105.250,7.3485,6.7179,8.1467,11.2135,56136.6200,89.1976,NA,NA,NA,NA,NA,NA,NA,NA,NA,NA
105.410,7.3306,6.4571,8.1431,11.1643,24998.3760,-15.7478,NA,NA,NA,NA,NA,NA,NA,NA,NA,NA
105.456,7.3068,6.1120,8.1324,11.0185,27160.9960,-8.4591,NA,NA,NA,NA,NA,NA,NA,NA,NA,NA
105.530,7.2886,5.8470,8.1261,10.9326,27160.9960,-8.4591,NA,NA,NA,NA,NA,NA,NA,NA,NA,NA
105.633,7.2724,5.6125,8.1163,10.7985,22650.0740,-23.6623,NA,NA,NA,NA,NA,NA,NA,NA,NA,NA
105.720,7.2584,5.4091,8.1102,10.7157,24465.4200,-17.5440,NA,NA,NA,NA,NA,NA,NA,NA,NA,NA
105.827,7.2441,5.2015,8.1077,10.6810,26178.3000,-11.7711,NA,NA,NA,NA,NA,NA,NA,NA,NA,NA
105.934,7.1733,4.1726,8.1027,10.6133,49871.1200,68.0810,NA,NA,NA,NA,NA,NA,NA,NA,NA,NA
106.019,7.1290,3.5293,8.0911,10.4550,52758.1920,77.8113,NA,NA,NA,NA,NA,NA,NA,NA,NA,NA
106.120,7.0946,3.0298,8.0852,10.3745,57270.9160,93.0205,NA,NA,NA,NA,NA,NA,NA,NA,NA,NA
106.215,7.0799,2.8174,8.0828,10.3411,57270.9160,93.0205,NA,NA,NA,NA,NA,NA,NA,NA,NA,NA
106.328,7.0723,2.7060,8.0748,10.2329,25776.0440,-13.1268,NA,NA,NA,NA,NA,NA,NA,NA,NA,NA
106.445,7.0531,2.4282,8.0659,10.1105,27762.5980,-6.4315,NA,NA,NA,NA,NA,NA,NA,NA,NA,NA
106.536,7.0396,2.2312,8.0622,10.0610,27762.5980,-6.4315,NA,NA,NA,NA,NA,NA,NA,NA,NA,NA
106.611,7.0315,2.1134,8.0490,9.8797,23015.4820,-22.4308,NA,NA,NA,NA,NA,NA,NA,NA,NA,NA
106.706,7.0286,2.0716,8.0444,9.8181,25064.3180,-15.5256,NA,NA,NA,NA,NA,NA,NA,NA,NA,NA
106.800,7.0286,2.0716,8.0346,9.6841,47985.2800,61.7251,NA,NA,NA,NA,NA,NA,NA,NA,NA,NA
106.899,7.0158,1.8864,8.0327,9.6579,51635.8960,74.0288,NA,NA,NA,NA,NA,NA,NA,NA,NA,NA
107.000,7.0163,1.8928,8.0269,9.5783,54180.8800,82.6062,NA,NA,NA,NA,NA,NA,NA,NA,NA,NA
107.126,7.0163,1.8928,8.0225,9.5182,58780.1640,98.1072,NA,NA,NA,NA,NA,NA,NA,NA,NA,NA
107.199,7.0061,1.7444,8.0157,9.4252,58780.1640,98.1072,NA,NA,NA,NA,NA,NA,NA,NA,NA,NA
107.291,6.9990,1.6423,8.0120,9.3752,26930.3680,-9.2364,NA,NA,NA,NA,NA,NA,NA,NA,NA,NA
107.391,6.9809,1.3786,8.0066,9.3021,28406.9740,-4.2598,NA,NA,NA,NA,NA,NA,NA,NA,NA,NA
107.486,6.9713,1.2395,8.0027,9.2476,28406.9740,-4.2598,NA,NA,NA,NA,NA,NA,NA,NA,NA,NA
107.586,6.9501,0.9320,7.9922,9.1046,23172.9860,-21.8999,NA,NA,NA,NA,NA,NA,NA,NA,NA,NA
107.691,6.9396,0.7790,7.9840,8.9933,25464.1360,-14.1781,NA,NA,NA,NA,NA,NA,NA,NA,NA,NA
107.790,6.9272,0.5987,7.9778,8.9077,48587.2440,63.7539,NA,NA,NA,NA,NA,NA,NA,NA,NA,NA
107.888,6.9240,0.5531,7.9732,8.8459,48587.2440,63.7539,NA,NA,NA,NA,NA,NA,NA,NA,NA,NA
107.991,6.9220,0.5243,7.9653,8.7369,28670.6340,-3.3712,NA,NA,NA,NA,NA,NA,NA,NA,NA,NA
108.085,6.9126,0.3864,7.9603,8.6687,32822.9480,10.6234,NA,NA,NA,NA,NA,NA,NA,NA,NA,NA
108.178,6.9066,0.2994,7.9538,8.5803,32822.9480,10.6234,NA,NA,NA,NA,NA,NA,NA,NA,NA,NA
108.281,6.8992,0.1924,7.9504,8.5335,24013.8000,-19.0661,NA,NA,NA,NA,NA,NA,NA,NA,NA,NA
108.379,6.8861,0.0025,7.9463,8.4785,25737.6460,-13.2562,NA,NA,NA,NA,NA,NA,NA,NA,NA,NA
108.474,6.8792,-0.0979,7.9399,8.3911,47507.1840,60.1138,NA,NA,NA,NA,NA,NA,NA,NA,NA,NA
108.586,6.8792,-0.0979,7.9258,8.1984,51271.8800,72.8020,NA,NA,NA,NA,NA,NA,NA,NA,NA,NA
108.682,6.8744,-0.1675,7.9175,8.0856,54690.0600,84.3223,NA,NA,NA,NA,NA,NA,NA,NA,NA,NA
108.777,6.8724,-0.1967,7.9093,7.9736,54690.0600,84.3223,NA,NA,NA,NA,NA,NA,NA,NA,NA,NA
108.874,6.8724,-0.1967,7.9068,7.9386,24761.0260,-16.5478,186626.4800,0.0000,NA,NA,NA,NA,NA,NA,NA,NA
108.978,6.8569,-0.4211,7.9060,7.9283,48719.3320,64.1991,NA,NA,NA,NA,NA,NA,NA,NA,NA,NA
109.075,6.8313,-0.7941,7.8972,7.8073,48719.3320,64.1991,NA,NA,NA,NA,NA,NA,NA,NA,NA,NA
109.158,6.8243,-0.8951,7.8954,7.7827,27020.9460,-8.9311,NA,NA,NA,NA,NA,NA,NA,NA,NA,NA
109.255,6.8243,-0.8951,7.8950,7.7778,29999.8160,1.1086,190306.6560,0.0000,NA,NA,NA,NA,NA,NA,NA,NA
109.369,6.8270,-0.8556,7.8919,7.7360,29999.8160,1.1086,NA,NA,NA,NA,NA,NA,NA,NA,NA,NA
109.465,6.8270,-0.8556,7.8851,7.6425,29428.5140,-0.8169,NA,NA,NA,NA,NA,NA,NA,NA,NA,NA
109.568,6.8205,-0.9507,7.8812,7.5895,23551.5860,-20.6239,NA,NA,NA,NA,NA,NA,NA,NA,NA,NA
109.675,6.8205,-0.9507,7.8766,7.5274,25594.6440,-13.7382,NA,NA,NA,NA,NA,NA,NA,NA,NA,NA
109.763,6.8175,-0.9945,7.8621,7.3291,49016.9840,65.2023,NA,NA,NA,NA,NA,NA,NA,NA,NA,NA
109.865,6.8027,-1.2085,7.8585,7.2798,52909.2680,78.3204,NA,NA,NA,NA,NA,NA,NA,NA,NA,NA
109.974,6.7956,-1.3126,7.8585,7.2798,55352.7720,86.5558,NA,NA,NA,NA,NA,NA,NA,NA,NA,NA
110.057,6.7816,-1.5146,7.8519,7.1891,55352.7720,86.5558,NA,NA,NA,NA,NA,NA,NA,NA,NA,NA
110.176,6.7800,-1.5391,7.8505,7.1704,25115.2160,-15.3540,NA,NA,NA,NA,NA,NA,NA,NA,NA,NA
110.250,6.7716,-1.6608,7.8372,6.9887,26490.3260,-10.7195,NA,NA,NA,NA,NA,NA,NA,NA,NA,NA
110.349,6.7636,-1.7772,7.8330,6.9312,28989.5580,-2.2963,NA,NA,NA,NA,NA,NA,NA,NA,NA,NA
110.447,6.7452,-2.0440,7.8307,6.8998,28989.5580,-2.2963,NA,NA,NA,NA,NA,NA,NA,NA,NA,NA
110.546,6.7360,-2.1781,7.8307,6.8998,23852.5220,-19.6097,NA,NA,NA,NA,NA,NA,NA,NA,NA,NA
110.644,6.7249,-2.3380,7.8221,6.7834,26083.2620,-12.0914,NA,NA,NA,NA,NA,NA,NA,NA,NA,NA
110.743,6.7055,-2.6198,7.8181,6.7287,50079.9640,68.7848,NA,NA,NA,NA,NA,NA,NA,NA,NA,NA
110.834,6.6896,-2.8517,7.8135,6.6651,54692.1960,84.3295,NA,NA,NA,NA,NA,NA,NA,NA,NA,NA
110.933,6.6664,-3.1886,7.8135,6.6651,57245.7280,92.9356,NA,NA,NA,NA,NA,NA,NA,NA,NA,NA
111.058,6.6499,-3.4279,7.8082,6.5924,57245.7280,92.9356,NA,NA,NA,NA,NA,NA,NA,NA,NA,NA
111.148,6.6413,-3.5524,7.8047,6.5445,26249.2540,-11.5320,NA,NA,NA,NA,NA,NA,NA,NA,NA,NA
111.235,6.6200,-3.8615,7.7980,6.4535,26249.2540,-11.5320,NA,NA,NA,NA,NA,NA,NA,NA,NA,NA
111.341,6.6106,-3.9990,7.7948,6.4102,26366.4380,-11.1370,NA,NA,NA,NA,NA,NA,NA,NA,NA,NA
111.435,6.5869,-4.3425,7.7901,6.3456,48339.0640,62.9175,NA,NA,NA,NA,NA,NA,NA,NA,NA,NA
111.541,6.5678,-4.6209,7.7856,6.2848,52220.1400,75.9979,NA,NA,NA,NA,NA,NA,NA,NA,NA,NA
111.627,6.5592,-4.7452,7.7856,6.2848,55502.2880,87.0597,NA,NA,NA,NA,NA,NA,NA,NA,NA,NA
111.733,6.5602,-4.7306,7.7774,6.1721,55502.2880,87.0597,NA,NA,NA,NA,NA,NA,NA,NA,NA,NA
111.834,6.5602,-4.7306,7.7713,6.0895,25729.0980,-13.2851,190349.9520,0.0000,NA,NA,NA,NA,NA,NA,NA,NA
111.966,6.5522,-4.8470,7.7662,6.0199,50267.4640,69.4168,NA,NA,NA,NA,NA,NA,NA,NA,NA,NA
112.020,6.5490,-4.8929,7.7620,5.9625,50267.4640,69.4168,NA,NA,NA,NA,NA,NA,NA,NA,NA,NA
112.122,6.5490,-4.8929,7.7569,5.8932,27897.5600,-5.9767,189386.6240,0.0000,NA,NA,NA,NA,NA,NA,NA,NA
112.219,6.5384,-5.0466,7.7544,5.8582,57632.9120,94.2406,NA,NA,NA,NA,NA,NA,NA,NA,NA,NA
112.324,6.5306,-5.1599,7.7510,5.8115,57632.9120,94.2406,NA,NA,NA,NA,NA,NA,NA,NA,NA,NA
112.427,6.5293,-5.1790,7.7476,5.7662,25955.4400,-12.5222,NA,NA,NA,NA,NA,NA,NA,NA,NA,NA
112.588,6.5259,-5.2291,7.7426,5.6975,25955.4400,-12.5222,NA,NA,NA,NA,NA,NA,NA,NA,NA,NA
112.620,6.5259,-5.2291,7.7347,5.5900,26317.1280,-11.3032,NA,NA,NA,NA,NA,NA,NA,NA,NA,NA
112.716,6.5192,-5.3257,7.7262,5.4737,50294.9360,69.5093,NA,NA,NA,NA,NA,NA,NA,NA,NA,NA
112.817,6.5147,-5.3918,7.7207,5.3991,53777.3840,81.2463,NA,NA,NA,NA,NA,NA,NA,NA,NA,NA
112.914,6.5114,-5.4388,7.7138,5.3045,56589.5120,90.7240,NA,NA,NA,NA,NA,NA,NA,NA,NA,NA
113.015,6.5100,-5.4600,7.7060,5.1976,56589.5120,90.7240,NA,NA,NA,NA,NA,NA,NA,NA,NA,NA
113.165,6.5100,-5.4600,7.7002,5.1193,26147.3380,-11.8755,NA,NA,NA,NA,NA,NA,NA,NA,NA,NA
113.208,6.5082,-5.4851,7.6971,5.0762,27539.5060,-7.1834,NA,NA,NA,NA,NA,NA,NA,NA,NA,NA
113.309,6.5052,-5.5298,7.6839,4.8955,27539.5060,-7.1834,NA,NA,NA,NA,NA,NA,NA,NA,NA,NA
113.402,6.5046,-5.5378,7.6759,4.7870,21856.5600,-26.3367,NA,NA,NA,NA,NA,NA,NA,NA,NA,NA
113.525,6.5027,-5.5659,7.6583,4.5472,24208.0780,-18.4114,NA,NA,NA,NA,NA,NA,NA,NA,NA,NA
113.598,6.5020,-5.5762,7.6533,4.4784,26671.0760,-10.1103,NA,NA,NA,NA,NA,NA,NA,NA,NA,NA
113.700,6.4663,-6.0945,7.6496,4.4275,51468.0200,73.4630,NA,NA,NA,NA,NA,NA,NA,NA,NA,NA
113.792,6.4505,-6.3243,7.6437,4.3467,55640.0120,87.5239,NA,NA,NA,NA,NA,NA,NA,NA,NA,NA
113.892,6.4363,-6.5305,7.6415,4.3179,58148.0960,95.9769,NA,NA,NA,NA,NA,NA,NA,NA,NA,NA
113.992,6.4320,-6.5929,7.6415,4.3179,58148.0960,95.9769,NA,NA,NA,NA,NA,NA,NA,NA,NA,NA
114.090,6.4320,-6.5929,7.6334,4.2072,26974.5480,-9.0875,NA,NA,NA,NA,NA,NA,NA,NA,NA,NA
114.185,6.4319,-6.5942,7.6241,4.0794,28527.3740,-3.8540,NA,NA,NA,NA,NA,NA,NA,NA,NA,NA
114.295,6.4254,-6.6882,7.6189,4.0088,28527.3740,-3.8540,NA,NA,NA,NA,NA,NA,NA,NA,NA,NA
114.389,6.4234,-6.7165,7.6139,3.9410,22169.0520,-25.2835,NA,NA,NA,NA,NA,NA,NA,NA,NA,NA
114.487,6.4152,-6.8366,7.6108,3.8980,24503.0360,-17.4173,NA,NA,NA,NA,NA,NA,NA,NA,NA,NA
114.587,6.4152,-6.8366,7.6086,3.8684,46004.3680,55.0488,NA,NA,NA,NA,NA,NA,NA,NA,NA,NA
114.678,6.4056,-6.9756,7.6066,3.8403,51991.9320,75.2287,NA,NA,NA,NA,NA,NA,NA,NA,NA,NA
114.773,6.3948,-7.1324,7.6043,3.8088,57170.6960,92.6828,NA,NA,NA,NA,NA,NA,NA,NA,NA,NA
114.871,6.3900,-7.2016,7.6016,3.7731,60331.8240,103.3367,NA,NA,NA,NA,NA,NA,NA,NA,NA,NA
115.011,6.3766,-7.3970,7.6007,3.7608,60331.8240,103.3367,NA,NA,NA,NA,NA,NA,NA,NA,NA,NA
115.075,6.3715,-7.4712,7.6001,3.7526,27893.9820,-5.9887,NA,NA,NA,NA,NA,NA,NA,NA,NA,NA
115.168,6.3673,-7.5315,7.5951,3.6844,29513.2960,-0.5311,NA,NA,NA,NA,NA,NA,NA,NA,NA,NA
115.276,6.3673,-7.5315,7.5821,3.5062,29513.2960,-0.5311,NA,NA,NA,NA,NA,NA,NA,NA,NA,NA
115.362,6.3649,-7.5663,7.5731,3.3831,22410.5820,-24.4695,NA,NA,NA,NA,NA,NA,NA,NA,NA,NA
115.465,6.3635,-7.5871,7.5686,3.3214,24714.5200,-16.7045,NA,NA,NA,NA,NA,NA,NA,NA,NA,NA
115.571,6.3635,-7.5871,7.5631,3.2465,46303.7040,56.0577,NA,NA,NA,NA,NA,NA,NA,NA,NA,NA
115.664,6.3542,-7.7221,7.5599,3.2028,46303.7040,56.0577,NA,NA,NA,NA,NA,NA,NA,NA,NA,NA
115.767,6.3505,-7.7760,7.5558,3.1477,26972.6060,-9.0941,NA,NA,NA,NA,NA,NA,NA,NA,NA,NA
115.884,6.3472,-7.8242,7.5554,3.1419,30909.2100,4.1735,NA,NA,NA,NA,NA,NA,NA,NA,NA,NA
115.970,6.3406,-7.9199,7.5524,3.1012,30909.2100,4.1735,NA,NA,NA,NA,NA,NA,NA,NA,NA,NA
116.060,6.3367,-7.9760,7.5497,3.0645,24214.5480,-18.3896,NA,NA,NA,NA,NA,NA,NA,NA,NA,NA
116.193,6.3286,-8.0935,7.5433,2.9765,25732.6060,-13.2732,NA,NA,NA,NA,NA,NA,NA,NA,NA,NA
116.254,6.3205,-8.2110,7.5417,2.9544,48123.1560,62.1898,NA,NA,NA,NA,NA,NA,NA,NA,NA,NA
116.357,6.3152,-8.2890,7.5337,2.8452,51720.4160,74.3137,NA,NA,NA,NA,NA,NA,NA,NA,NA,NA
116.446,6.3075,-8.3999,7.5317,2.8181,56170.7080,89.3125,NA,NA,NA,NA,NA,NA,NA,NA,NA,NA
116.546,6.3017,-8.4843,7.5183,2.6348,56170.7080,89.3125,NA,NA,NA,NA,NA,NA,NA,NA,NA,NA
116.655,6.2996,-8.5152,7.5131,2.5646,25006.3880,-15.7208,NA,NA,NA,NA,NA,NA,NA,NA,NA,NA
116.770,6.2928,-8.6133,7.5122,2.5524,27054.6780,-8.8174,NA,NA,NA,NA,NA,NA,NA,NA,NA,NA
116.839,6.2824,-8.7653,7.5122,2.5524,27054.6780,-8.8174,NA,NA,NA,NA,NA,NA,NA,NA,NA,NA
116.940,6.2791,-8.8121,7.5065,2.4744,22544.6460,-24.0176,NA,NA,NA,NA,NA,NA,NA,NA,NA,NA
117.041,6.2783,-8.8242,7.5004,2.3911,24426.6840,-17.6746,NA,NA,NA,NA,NA,NA,NA,NA,NA,NA
117.140,6.2774,-8.8380,7.4939,2.3027,26179.6220,-11.7666,NA,NA,NA,NA,NA,NA,NA,NA,NA,NA
117.237,6.2680,-8.9742,7.4919,2.2753,50102.9320,68.8622,NA,NA,NA,NA,NA,NA,NA,NA,NA,NA
117.333,6.2595,-9.0977,7.4891,2.2367,52893.0280,78.2657,NA,NA,NA,NA,NA,NA,NA,NA,NA,NA
117.436,6.2531,-9.1897,7.4780,2.0852,57478.3760,93.7197,NA,NA,NA,NA,NA,NA,NA,NA,NA,NA
117.541,6.2485,-9.2568,7.4773,2.0751,57478.3760,93.7197,NA,NA,NA,NA,NA,NA,NA,NA,NA,NA
117.627,6.2472,-9.2766,7.4771,2.0734,25982.7040,-12.4303,NA,NA,NA,NA,NA,NA,NA,NA,NA,NA
117.724,6.2375,-9.4175,7.4731,2.0179,27671.4520,-6.7387,NA,NA,NA,NA,NA,NA,NA,NA,NA,NA
117.825,6.2346,-9.4597,7.4697,1.9721,27671.4520,-6.7387,NA,NA,NA,NA,NA,NA,NA,NA,NA,NA
117.927,6.2309,-9.5122,7.4688,1.9593,22892.6860,-22.8446,NA,NA,NA,NA,NA,NA,NA,NA,NA,NA
118.027,6.2309,-9.5122,7.4687,1.9581,24945.8640,-15.9248,NA,NA,NA,NA,NA,NA,NA,NA,NA,NA
118.114,6.2251,-9.5976,7.4668,1.9328,47688.9520,60.7264,NA,NA,NA,NA,NA,NA,NA,NA,NA,NA
118.221,6.2141,-9.7561,7.4668,1.9328,51610.5800,73.9435,NA,NA,NA,NA,NA,NA,NA,NA,NA,NA
118.322,6.2080,-9.8454,7.4650,1.9083,51610.5800,73.9435,NA,NA,NA,NA,NA,NA,NA,NA,NA,NA
118.420,6.2068,-9.8626,7.4630,1.8812,32746.9360,10.3672,NA,NA,NA,NA,NA,NA,NA,NA,NA,NA
118.521,6.2068,-9.8626,7.4630,1.8812,32746.9360,10.3672,NA,NA,NA,NA,NA,NA,NA,NA,NA,NA
118.611,6.2058,-9.8775,7.4568,1.7963,23552.5340,-20.6207,NA,NA,NA,NA,NA,NA,NA,NA,NA,NA
118.712,6.2041,-9.9021,7.4504,1.7088,25106.7560,-15.3825,NA,NA,NA,NA,NA,NA,NA,NA,NA,NA
118.808,6.1992,-9.9734,7.4427,1.6027,46155.6400,55.5587,NA,NA,NA,NA,NA,NA,NA,NA,NA,NA
118.906,6.1893,-10.1166,7.4427,1.6027,49869.3640,68.0750,NA,NA,NA,NA,NA,NA,NA,NA,NA,NA
119.007,6.1764,-10.3039,7.4349,1.4966,53005.3600,78.6443,NA,NA,NA,NA,NA,NA,NA,NA,NA,NA
119.148,6.1662,-10.4522,7.4297,1.4258,53005.3600,78.6443,NA,NA,NA,NA,NA,NA,NA,NA,NA,NA
119.199,6.1676,-10.4320,7.4234,1.3401,24522.8680,-17.3504,NA,NA,NA,NA,NA,NA,NA,NA,NA,NA
119.299,6.1676,-10.4320,7.4217,1.3163,28461.2560,-4.0768,NA,NA,NA,NA,NA,NA,NA,NA,NA,NA
119.404,6.1687,-10.4167,7.4216,1.3159,32771.1800,10.4489,NA,NA,NA,NA,NA,NA,NA,NA,NA,NA
119.491,6.1687,-10.4167,7.4179,1.2643,32771.1800,10.4489,NA,NA,NA,NA,NA,NA,NA,NA,NA,NA
119.594,6.1644,-10.4790,7.4202,1.2966,24014.7660,-19.0629,NA,NA,NA,NA,NA,NA,NA,NA,NA,NA
119.691,6.1592,-10.5538,7.4202,1.2966,25654.4140,-13.5368,NA,NA,NA,NA,NA,NA,NA,NA,NA,NA
119.799,6.1450,-10.7597,7.4121,1.1863,47305.0560,59.4325,NA,NA,NA,NA,NA,NA,NA,NA,NA,NA
119.891,6.1427,-10.7943,7.4097,1.1525,51147.5160,72.3828,NA,NA,NA,NA,NA,NA,NA,NA,NA,NA
119.985,6.1432,-10.7864,7.4068,1.1129,54524.4800,83.7642,NA,NA,NA,NA,NA,NA,NA,NA,NA,NA
120.098,6.1432,-10.7864,7.3958,0.9628,54524.4800,83.7642,NA,NA,NA,NA,NA,NA,NA,NA,NA,NA
120.189,6.1429,-10.7910,7.3931,0.9267,24939.9400,-15.9448,189221.8400,0.0000,NA,NA,NA,NA,NA,NA,NA,NA
120.319,6.1429,-10.7910,7.3931,0.9267,49246.8720,65.9771,NA,NA,NA,NA,NA,NA,NA,NA,NA,NA
120.379,6.1402,-10.8298,7.3878,0.8542,49246.8720,65.9771,NA,NA,NA,NA,NA,NA,NA,NA,NA,NA
120.482,6.1411,-10.8172,7.3821,0.7765,26967.1240,-9.1125,NA,NA,NA,NA,NA,NA,NA,NA,NA,NA
120.587,6.1411,-10.8172,7.3811,0.7625,26967.1240,-9.1125,NA,NA,NA,NA,NA,NA,NA,NA,NA,NA
120.681,6.1397,-10.8371,7.3799,0.7462,24948.6860,-15.9153,NA,NA,NA,NA,NA,NA,NA,NA,NA,NA
120.795,6.1341,-10.9185,7.3708,0.6217,44786.3200,50.9436,NA,NA,NA,NA,NA,NA,NA,NA,NA,NA
120.881,6.1354,-10.8997,7.3697,0.6067,52128.2600,75.6882,NA,NA,NA,NA,NA,NA,NA,NA,NA,NA
120.974,6.1354,-10.8997,7.3708,0.6216,59462.6160,100.4072,NA,NA,NA,NA,NA,NA,NA,NA,NA,NA
121.073,6.1326,-10.9398,7.3708,0.6216,59462.6160,100.4072,NA,NA,NA,NA,NA,NA,NA,NA,NA,NA
121.168,6.1315,-10.9568,7.3726,0.6459,26882.5100,-9.3977,NA,NA,NA,NA,NA,NA,NA,NA,NA,NA
121.275,6.1320,-10.9493,7.3726,0.6459,29521.7580,-0.5026,NA,NA,NA,NA,NA,NA,NA,NA,NA,NA
121.377,6.1330,-10.9343,7.3700,0.6103,29521.7580,-0.5026,NA,NA,NA,NA,NA,NA,NA,NA,NA,NA
121.471,6.1398,-10.8360,7.3700,0.6103,21594.5180,-27.2199,NA,NA,NA,NA,NA,NA,NA,NA,NA,NA
121.567,6.1398,-10.8360,7.3679,0.5818,22879.5620,-22.8889,NA,NA,NA,NA,NA,NA,NA,NA,NA,NA
121.658,6.1361,-10.8899,7.3634,0.5203,24952.0060,-15.9041,NA,NA,NA,NA,NA,NA,NA,NA,NA,NA
121.763,6.1340,-10.9193,7.3634,0.5203,45072.8560,51.9093,NA,NA,NA,NA,NA,NA,NA,NA,NA,NA
121.855,6.1305,-10.9712,7.3620,0.5019,52244.4880,76.0799,NA,NA,NA,NA,NA,NA,NA,NA,NA,NA
121.954,6.1292,-10.9894,7.3617,0.4976,59968.0520,102.1107,NA,NA,NA,NA,NA,NA,NA,NA,NA,NA
122.050,6.1283,-11.0026,7.3589,0.4600,59968.0520,102.1107,NA,NA,NA,NA,NA,NA,NA,NA,NA,NA
122.162,6.1227,-11.0834,7.3575,0.4405,27543.6600,-7.1694,NA,NA,NA,NA,NA,NA,NA,NA,NA,NA
122.253,6.1196,-11.1291,7.3574,0.4391,30177.5000,1.7074,NA,NA,NA,NA,NA,NA,NA,NA,NA,NA
122.347,6.1310,-10.9639,7.3549,0.4047,30177.5000,1.7074,NA,NA,NA,NA,NA,NA,NA,NA,NA,NA
122.443,6.1725,-10.3614,7.3508,0.3482,22056.4840,-25.6629,NA,NA,NA,NA,NA,NA,NA,NA,NA,NA
122.544,6.2046,-9.8943,7.3438,0.2532,23254.6760,-21.6246,NA,NA,NA,NA,NA,NA,NA,NA,NA,NA
122.635,6.2095,-9.8232,7.3271,0.0257,40466.4640,36.3844,NA,NA,NA,NA,NA,NA,NA,NA,NA,NA
122.784,6.2095,-9.8232,7.2951,-0.4118,45175.6400,52.2558,NA,NA,NA,NA,NA,NA,NA,NA,NA,NA
122.836,6.2032,-9.9155,7.2214,-1.4182,52347.8320,76.4282,NA,NA,NA,NA,NA,NA,NA,NA,NA,NA
122.931,6.1946,-10.0394,7.1886,-1.8650,60594.3240,104.2214,NA,NA,NA,NA,NA,NA,NA,NA,NA,NA
123.042,6.1885,-10.1288,7.1654,-2.1817,60594.3240,104.2214,NA,NA,NA,NA,NA,NA,NA,NA,NA,NA
123.128,6.1821,-10.2218,7.1482,-2.4168,28290.2380,-4.6532,NA,NA,NA,NA,NA,NA,NA,NA,NA,NA
123.227,6.1794,-10.2612,7.1267,-2.7110,31025.4760,4.5654,NA,NA,NA,NA,NA,NA,NA,NA,NA,NA
123.353,6.3453,-7.8517,7.2332,-1.2563,31025.4760,4.5654,NA,NA,NA,NA,NA,NA,NA,NA,NA,NA
123.429,6.5330,-5.1250,7.4476,1.6701,22610.8460,-23.7945,NA,NA,NA,NA,NA,NA,NA,NA,NA,NA
123.523,6.6845,-2.9255,7.6533,4.4787,23708.2260,-20.0960,NA,NA,NA,NA,NA,NA,NA,NA,NA,NA
123.625,6.7758,-1.5991,7.8135,6.6657,41210.4880,38.8920,NA,NA,NA,NA,NA,NA,NA,NA,NA,NA
123.727,7.1698,4.1223,8.0315,9.6408,41210.4880,38.8920,NA,NA,NA,NA,NA,NA,NA,NA,NA,NA
123.822,7.3293,6.4385,8.1520,11.2857,28045.5400,-5.4779,NA,NA,NA,NA,NA,NA,NA,NA,NA,NA
123.919,7.4720,8.5112,8.1913,11.8230,29707.3740,0.1230,NA,NA,NA,NA,NA,NA,NA,NA,NA,NA
124.017,7.4900,8.7723,8.1977,11.9100,29707.3740,0.1230,NA,NA,NA,NA,NA,NA,NA,NA,NA,NA
124.127,7.5097,9.0579,8.1991,11.9294,23408.0880,-21.1076,NA,NA,NA,NA,NA,NA,NA,NA,NA,NA
124.218,7.5137,9.1166,8.1991,11.9294,25809.3040,-13.0147,NA,NA,NA,NA,NA,NA,NA,NA,NA,NA
124.323,7.5137,9.1166,8.1975,11.9072,49031.8800,65.2525,NA,NA,NA,NA,NA,NA,NA,NA,NA,NA
124.418,7.4936,8.8249,8.1992,11.9312,55073.5760,85.6148,NA,NA,NA,NA,NA,NA,NA,NA,NA,NA
124.511,7.4785,8.6052,8.2244,12.2746,59702.5120,101.2158,NA,NA,NA,NA,NA,NA,NA,NA,NA,NA
124.606,7.4709,8.4955,8.3138,13.4958,59702.5120,101.2158,NA,NA,NA,NA,NA,NA,NA,NA,NA,NA
124.706,7.6501,11.0974,8.4286,15.0626,26727.5100,-9.9201,NA,NA,NA,NA,NA,NA,NA,NA,NA,NA
124.807,8.1104,17.7816,8.6839,18.5479,28553.0100,-3.7676,NA,NA,NA,NA,NA,NA,NA,NA,NA,NA
124.914,8.5180,23.7011,8.7511,19.4655,28553.0100,-3.7676,NA,NA,NA,NA,NA,NA,NA,NA,NA,NA
125.010,8.7060,26.4311,8.8393,20.6687,21397.2040,-27.8849,NA,NA,NA,NA,NA,NA,NA,NA,NA,NA
125.098,8.8692,28.8023,8.8990,21.4835,23436.2900,-21.0125,NA,NA,NA,NA,NA,NA,NA,NA,NA,NA
125.201,8.9176,29.5047,8.9544,22.2397,26138.9120,-11.9039,NA,NA,NA,NA,NA,NA,NA,NA,NA,NA
125.303,8.9280,29.6558,8.9759,22.5339,49822.3520,67.9166,NA,NA,NA,NA,NA,NA,NA,NA,NA,NA
125.396,8.9290,29.6693,8.9759,22.5339,56187.5640,89.3693,NA,NA,NA,NA,NA,NA,NA,NA,NA,NA
125.496,8.9536,30.0273,8.9685,22.4327,61183.9480,106.2087,NA,NA,NA,NA,NA,NA,NA,NA,NA,NA
125.597,8.9596,30.1139,8.9590,22.3026,61183.9480,106.2087,NA,NA,NA,NA,NA,NA,NA,NA,NA,NA
125.688,8.9625,30.1571,8.9811,22.6047,27435.5100,-7.5339,NA,NA,NA,NA,NA,NA,NA,NA,NA,NA
125.799,8.9625,30.1571,9.1278,24.6070,29557.6320,-0.3817,NA,NA,NA,NA,NA,NA,NA,NA,NA,NA
125.905,8.9039,29.3055,9.1591,25.0343,29557.6320,-0.3817,NA,NA,NA,NA,NA,NA,NA,NA,NA,NA
125.988,8.8755,28.8933,9.1699,25.1825,21776.7800,-26.6056,NA,NA,NA,NA,NA,NA,NA,NA,NA,NA
126.085,8.8385,28.3554,9.1837,25.3703,23819.0060,-19.7226,NA,NA,NA,NA,NA,NA,NA,NA,NA,NA
126.175,8.8077,27.9087,9.1837,25.3703,43511.7440,46.6479,NA,NA,NA,NA,NA,NA,NA,NA,NA,NA
126.284,8.7247,26.7024,9.1762,25.2675,50337.4440,69.6526,NA,NA,NA,NA,NA,NA,NA,NA,NA,NA
126.379,8.6523,25.6511,9.1744,25.2430,50337.4440,69.6526,NA,NA,NA,NA,NA,NA,NA,NA,NA,NA
126.484,8.5971,24.8505,9.1652,25.1173,29705.1120,0.1153,NA,NA,NA,NA,NA,NA,NA,NA,NA,NA
126.581,8.5560,24.2538,9.1652,25.1173,29705.1120,0.1153,NA,NA,NA,NA,NA,NA,NA,NA,NA,NA
126.678,8.5360,23.9627,9.1834,25.3670,23862.1420,-19.5773,NA,NA,NA,NA,NA,NA,NA,NA,NA,NA
126.770,8.5017,23.4649,9.1834,25.3670,25385.7500,-14.4422,NA,NA,NA,NA,NA,NA,NA,NA,NA,NA
126.866,8.4641,22.9187,9.1581,25.0207,48306.0880,62.8063,NA,NA,NA,NA,NA,NA,NA,NA,NA,NA
126.975,8.4079,22.1023,9.1350,24.7062,50672.1560,70.7807,NA,NA,NA,NA,NA,NA,NA,NA,NA,NA
127.070,8.3864,21.7900,9.1206,24.5094,55030.2280,85.4687,NA,NA,NA,NA,NA,NA,NA,NA,NA,NA
127.166,8.3691,21.5387,9.1134,24.4107,55030.2280,85.4687,NA,NA,NA,NA,NA,NA,NA,NA,NA,NA
127.269,8.3691,21.5392,9.0984,24.2058,24714.4040,-16.7049,NA,NA,NA,NA,NA,NA,NA,NA,NA,NA
127.378,8.3691,21.5392,9.0950,24.1592,26351.8040,-11.1863,NA,NA,NA,NA,NA,NA,NA,NA,NA,NA
127.455,8.3622,21.4391,9.0616,23.7036,29773.3180,0.3452,NA,NA,NA,NA,NA,NA,NA,NA,NA,NA
127.563,8.3611,21.4234,9.0393,23.3990,29773.3180,0.3452,NA,NA,NA,NA,NA,NA,NA,NA,NA,NA
127.656,8.3780,21.6684,9.0280,23.2453,24324.4720,-18.0191,NA,NA,NA,NA,NA,NA,NA,NA,NA,NA
127.780,8.3815,21.7197,9.0138,23.0514,25837.9280,-12.9183,NA,NA,NA,NA,NA,NA,NA,NA,NA,NA
127.853,8.3921,21.8735,9.0063,22.9481,49546.1160,66.9856,NA,NA,NA,NA,NA,NA,NA,NA,NA,NA
127.948,8.3921,21.8735,8.9987,22.8456,51886.6480,74.8739,NA,NA,NA,NA,NA,NA,NA,NA,NA,NA
128.048,8.3905,21.8503,8.9931,22.7681,56151.4480,89.2476,NA,NA,NA,NA,NA,NA,NA,NA,NA,NA
128.145,8.4177,22.2440,8.9893,22.7165,56151.4480,89.2476,NA,NA,NA,NA,NA,NA,NA,NA,NA,NA
128.262,8.4391,22.5560,8.9880,22.6985,25358.6640,-14.5335,NA,NA,NA,NA,NA,NA,NA,NA,NA,NA
128.350,8.4567,22.8106,8.9880,22.6985,26954.9660,-9.1535,NA,NA,NA,NA,NA,NA,NA,NA,NA,NA
128.436,8.4802,23.1520,8.9777,22.5588,26954.9660,-9.1535,NA,NA,NA,NA,NA,NA,NA,NA,NA,NA
128.538,8.4926,23.3331,8.9707,22.4632,22396.0680,-24.5184,NA,NA,NA,NA,NA,NA,NA,NA,NA,NA
128.638,8.5029,23.4820,8.9707,22.4632,24484.5240,-17.4796,NA,NA,NA,NA,NA,NA,NA,NA,NA,NA
128.735,8.5029,23.4820,8.9676,22.4200,26263.8740,-11.4827,NA,NA,NA,NA,NA,NA,NA,NA,NA,NA
128.835,8.5026,23.4779,8.9676,22.4200,50782.7680,71.1535,NA,NA,NA,NA,NA,NA,NA,NA,NA,NA
128.931,8.4895,23.2881,8.9604,22.3223,53213.5280,79.3459,NA,NA,NA,NA,NA,NA,NA,NA,NA,NA
129.038,8.4882,23.2685,8.9537,22.2305,57295.5640,93.1036,NA,NA,NA,NA,NA,NA,NA,NA,NA,NA
129.145,8.4903,23.2997,8.9521,22.2094,57295.5640,93.1036,NA,NA,NA,NA,NA,NA,NA,NA,NA,NA
129.219,8.4903,23.2997,8.9448,22.1093,26032.0260,-12.2641,NA,NA,NA,NA,NA,NA,NA,NA,NA,NA
129.394,8.4983,23.4151,8.9438,22.0960,27609.7740,-6.9466,NA,NA,NA,NA,NA,NA,NA,NA,NA,NA
129.425,8.4983,23.4151,8.9401,22.0450,27609.7740,-6.9466,NA,NA,NA,NA,NA,NA,NA,NA,NA,NA
129.523,8.4921,23.3253,8.9337,21.9574,22811.8380,-23.1171,NA,NA,NA,NA,NA,NA,NA,NA,NA,NA
129.621,8.4921,23.3253,8.9318,21.9311,51791.8200,74.5543,NA,NA,NA,NA,NA,NA,NA,NA,NA,NA
129.721,8.4633,22.9068,8.9265,21.8598,54361.1760,83.2138,NA,NA,NA,NA,NA,NA,NA,NA,NA,NA
129.825,8.4407,22.5794,8.9261,21.8541,54361.1760,83.2138,NA,NA,NA,NA,NA,NA,NA,NA,NA,NA
129.985,8.4127,22.1719,8.9261,21.8541,28517.1680,-3.8884,NA,NA,NA,NA,NA,NA,NA,NA,NA,NA
130.024,8.4021,22.0179,8.9214,21.7894,32420.6680,9.2676,NA,NA,NA,NA,NA,NA,NA,NA,NA,NA
130.115,8.3980,21.9584,8.9182,21.7467,32420.6680,9.2676,NA,NA,NA,NA,NA,NA,NA,NA,NA,NA
130.209,8.3951,21.9165,8.9165,21.7234,23521.5780,-20.7251,NA,NA,NA,NA,NA,NA,NA,NA,NA,NA
130.312,8.3903,21.8468,8.9140,21.6891,25051.8180,-15.5677,NA,NA,NA,NA,NA,NA,NA,NA,NA,NA
130.410,8.3903,21.8468,8.9105,21.6412,46146.1920,55.5268,NA,NA,NA,NA,NA,NA,NA,NA,NA,NA
130.545,8.3811,21.7135,8.9094,21.6262,49662.3280,67.3773,NA,NA,NA,NA,NA,NA,NA,NA,NA,NA
130.608,8.3704,21.5580,8.8989,21.4825,52449.2720,76.7701,NA,NA,NA,NA,NA,NA,NA,NA,NA,NA
130.707,8.3529,21.3038,8.8804,21.2306,52449.2720,76.7701,NA,NA,NA,NA,NA,NA,NA,NA,NA,NA
130.794,8.3421,21.1467,8.8727,21.1244,24812.0060,-16.3759,NA,NA,NA,NA,NA,NA,NA,NA,NA,NA
130.895,8.3321,21.0022,8.8611,20.9661,28905.1460,-2.5808,NA,NA,NA,NA,NA,NA,NA,NA,NA,NA
130.995,8.3293,20.9609,8.8563,20.9003,33185.9800,11.8469,NA,NA,NA,NA,NA,NA,NA,NA,NA,NA
131.090,8.3293,20.9609,8.8545,20.8764,33185.9800,11.8469,NA,NA,NA,NA,NA,NA,NA,NA,NA,NA
131.190,8.3271,20.9293,8.8407,20.6881,24026.5080,-19.0233,NA,NA,NA,NA,NA,NA,NA,NA,NA,NA
131.288,8.3052,20.6112,8.8294,20.5338,25542.3420,-13.9145,NA,NA,NA,NA,NA,NA,NA,NA,NA,NA
131.390,8.2687,20.0813,8.8229,20.4445,47008.4880,58.4330,NA,NA,NA,NA,NA,NA,NA,NA,NA,NA
131.488,8.2511,19.8253,8.8185,20.3843,50591.3760,70.5084,NA,NA,NA,NA,NA,NA,NA,NA,NA,NA
131.582,8.2453,19.7415,8.8160,20.3512,53448.5720,80.1381,NA,NA,NA,NA,NA,NA,NA,NA,NA,NA
131.679,8.2375,19.6274,8.8142,20.3268,53448.5720,80.1381,NA,NA,NA,NA,NA,NA,NA,NA,NA,NA
131.774,8.2309,19.5323,8.8046,20.1946,25410.9100,-14.3574,191262.1600,0.0000,NA,NA,NA,NA,NA,NA,NA,NA
131.889,8.2244,19.4369,8.7983,20.1097,49902.9040,68.1881,NA,NA,NA,NA,NA,NA,NA,NA,NA,NA
131.986,8.2046,19.1500,8.7904,20.0009,NA,NA,NA,NA,NA,NA,NA,NA,NA,NA,NA,NA
132.095,8.1948,19.0074,8.7849,19.9270,NA,NA,NA,NA,NA,NA,NA,NA,NA,NA,NA,NA
132.265,8.1883,18.9139,8.7745,19.7849,29845.6960,0.5891,NA,NA,NA,NA,NA,NA,NA,NA,NA,NA
132.282,8.1979,19.0528,8.7675,19.6889,29905.6880,0.7913,NA,NA,NA,NA,NA,NA,NA,NA,NA,NA
132.382,8.1979,19.0528,8.7625,19.6210,29905.6880,0.7913,NA,NA,NA,NA,NA,NA,NA,NA,NA,NA
132.471,8.1727,18.6864,8.7579,19.5577,23783.8100,-19.8413,NA,NA,NA,NA,NA,NA,NA,NA,NA,NA
132.580,8.1694,18.6394,8.7453,19.3860,25205.5260,-15.0497,NA,NA,NA,NA,NA,NA,NA,NA,NA,NA
132.667,8.1694,18.6394,8.7389,19.2986,48022.4520,61.8504,NA,NA,NA,NA,NA,NA,NA,NA,NA,NA
132.774,8.1573,18.4624,8.7227,19.0771,50455.1880,70.0494,NA,NA,NA,NA,NA,NA,NA,NA,NA,NA
132.862,8.1466,18.3079,8.7152,18.9747,54909.3760,85.0614,NA,NA,NA,NA,NA,NA,NA,NA,NA,NA
132.975,8.1254,18.0003,8.7046,18.8305,54909.3760,85.0614,NA,NA,NA,NA,NA,NA,NA,NA,NA,NA
133.067,8.1125,17.8120,8.6901,18.6325,24463.5340,-17.5504,NA,NA,NA,NA,NA,NA,NA,NA,NA,NA
133.174,8.0801,17.3418,8.6765,18.4461,26198.9300,-11.7016,NA,NA,NA,NA,NA,NA,NA,NA,NA,NA
133.256,8.0703,17.1990,8.6701,18.3587,29840.1680,0.5705,NA,NA,NA,NA,NA,NA,NA,NA,NA,NA
133.361,8.0605,17.0574,8.6604,18.2262,29840.1680,0.5705,NA,NA,NA,NA,NA,NA,NA,NA,NA,NA
133.516,8.0595,17.0422,8.6462,18.0324,48997.7600,65.1375,NA,NA,NA,NA,NA,NA,NA,NA,NA,NA
133.562,8.0480,16.8753,8.6387,17.9307,51474.2000,73.4838,NA,NA,NA,NA,NA,NA,NA,NA,NA,NA
133.659,8.0415,16.7820,8.6324,17.8443,51474.2000,73.4838,NA,NA,NA,NA,NA,NA,NA,NA,NA,NA
133.758,8.0375,16.7228,8.6149,17.6049,27419.9660,-7.5863,191955.4080,0.0000,NA,NA,NA,NA,NA,NA,NA,NA
133.852,8.0329,16.6571,8.6069,17.4960,54940.2640,85.1655,NA,NA,NA,NA,NA,NA,NA,NA,NA,NA
133.960,8.0231,16.5144,8.6005,17.4086,54940.2640,85.1655,NA,NA,NA,NA,NA,NA,NA,NA,NA,NA
134.077,8.0179,16.4383,8.5965,17.3546,26256.6580,-11.5070,NA,NA,NA,NA,NA,NA,NA,NA,NA,NA
134.158,7.9922,16.0647,8.5862,17.2136,28592.9540,-3.6330,NA,NA,NA,NA,NA,NA,NA,NA,NA,NA
134.252,7.9792,15.8770,8.5706,17.0010,31691.7880,6.8110,NA,NA,NA,NA,NA,NA,NA,NA,NA,NA
134.347,7.9782,15.8624,8.5547,16.7840,31691.7880,6.8110,NA,NA,NA,NA,NA,NA,NA,NA,NA,NA
134.455,7.9782,15.8624,8.5429,16.6225,22874.8960,-22.9046,NA,NA,NA,NA,NA,NA,NA,NA,NA,NA
134.550,7.9692,15.7318,8.5349,16.5132,24213.8340,-18.3920,NA,NA,NA,NA,NA,NA,NA,NA,NA,NA
134.644,7.9645,15.6634,8.5287,16.4290,42227.4560,42.3195,NA,NA,NA,NA,NA,NA,NA,NA,NA,NA
134.773,7.9545,15.5174,8.5175,16.2764,47934.2720,61.5532,NA,NA,NA,NA,NA,NA,NA,NA,NA,NA
134.835,7.9453,15.3850,8.5136,16.2225,55910.9040,88.4369,NA,NA,NA,NA,NA,NA,NA,NA,NA,NA
134.936,7.9445,15.3727,8.5075,16.1391,55910.9040,88.4369,NA,NA,NA,NA,NA,NA,NA,NA,NA,NA
135.044,7.9395,15.3007,8.4922,15.9300,26902.3280,-9.3309,191175.7600,0.0000,NA,NA,NA,NA,NA,NA,NA,NA
135.148,7.9312,15.1797,8.4905,15.9076,27905.0240,-5.9515,NA,NA,NA,NA,NA,NA,NA,NA,NA,NA
135.232,7.9247,15.0859,8.4697,15.6230,32720.2280,10.2772,NA,NA,NA,NA,NA,NA,NA,NA,NA,NA
135.329,7.9194,15.0085,8.4599,15.4897,32720.2280,10.2772,NA,NA,NA,NA,NA,NA,NA,NA,NA,NA
135.428,7.9145,14.9366,8.4514,15.3737,24034.2840,-18.9971,NA,NA,NA,NA,NA,NA,NA,NA,NA,NA
135.533,7.9097,14.8675,8.4460,15.2999,25680.4160,-13.4491,NA,NA,NA,NA,NA,NA,NA,NA,NA,NA
135.623,7.8879,14.5504,8.4394,15.2096,47222.6800,59.1549,NA,NA,NA,NA,NA,NA,NA,NA,NA,NA
135.728,7.8598,14.1433,8.4375,15.1831,51202.5520,72.5683,NA,NA,NA,NA,NA,NA,NA,NA,NA,NA
135.828,7.8287,13.6915,8.4243,15.0035,54634.8760,84.1363,NA,NA,NA,NA,NA,NA,NA,NA,NA,NA
135.978,7.8332,13.7560,8.3983,14.6480,54634.8760,84.1363,NA,NA,NA,NA,NA,NA,NA,NA,NA,NA
136.024,7.8332,13.7560,8.3860,14.4803,24895.1320,-16.0958,191055.2160,0.0000,NA,NA,NA,NA,NA,NA,NA,NA
136.122,7.8323,13.7427,8.3843,14.4582,49137.7720,65.6094,NA,NA,NA,NA,NA,NA,NA,NA,NA,NA
136.221,7.8211,13.5807,8.3782,14.3737,49137.7720,65.6094,NA,NA,NA,NA,NA,NA,NA,NA,NA,NA
136.320,7.8148,13.4888,8.3694,14.2535,27088.7760,-8.7025,NA,NA,NA,NA,NA,NA,NA,NA,NA,NA
136.424,7.7934,13.1778,8.3676,14.2294,27088.7760,-8.7025,NA,NA,NA,NA,NA,NA,NA,NA,NA,NA
136.539,7.7750,12.9105,8.3609,14.1379,25106.3980,-15.3837,NA,NA,NA,NA,NA,NA,NA,NA,NA,NA
136.624,7.7519,12.5753,8.3546,14.0526,45609.3760,53.7176,NA,NA,NA,NA,NA,NA,NA,NA,NA,NA
136.723,7.6844,11.5954,8.3509,14.0018,53086.2080,78.9168,NA,NA,NA,NA,NA,NA,NA,NA,NA,NA
136.809,7.6483,11.0709,8.3409,13.8657,60369.1440,103.4625,NA,NA,NA,NA,NA,NA,NA,NA,NA,NA
136.909,7.6333,10.8538,8.3302,13.7196,60369.1440,103.4625,NA,NA,NA,NA,NA,NA,NA,NA,NA,NA
137.012,7.6265,10.7547,8.3211,13.5947,26891.0840,-9.3688,NA,NA,NA,NA,NA,NA,NA,NA,NA,NA
137.109,7.6222,10.6922,8.3162,13.5283,29320.8000,-1.1799,NA,NA,NA,NA,NA,NA,NA,NA,NA,NA
137.208,7.6013,10.3886,8.3055,13.3815,29320.8000,-1.1799,NA,NA,NA,NA,NA,NA,NA,NA,NA,NA
137.304,7.6011,10.3854,8.2978,13.2773,21361.5580,-28.0050,NA,NA,NA,NA,NA,NA,NA,NA,NA,NA
137.405,7.5773,10.0408,8.2841,13.0898,22931.0340,-22.7154,NA,NA,NA,NA,NA,NA,NA,NA,NA,NA
137.505,7.5684,9.9102,8.2749,12.9641,25423.5700,-14.3148,NA,NA,NA,NA,NA,NA,NA,NA,NA,NA
137.600,7.5595,9.7823,8.2739,12.9508,47197.3680,59.0696,NA,NA,NA,NA,NA,NA,NA,NA,NA,NA
137.700,7.5055,8.9970,8.2647,12.8248,54538.2200,83.8105,NA,NA,NA,NA,NA,NA,NA,NA,NA,NA
137.807,7.4668,8.4360,8.2557,12.7026,62006.5600,108.9811,NA,NA,NA,NA,NA,NA,NA,NA,NA,NA
137.889,7.3989,7.4498,8.2467,12.5787,62006.5600,108.9811,NA,NA,NA,NA,NA,NA,NA,NA,NA,NA
137.989,7.3418,6.6194,8.2418,12.5121,27591.1380,-7.0094,NA,NA,NA,NA,NA,NA,NA,NA,NA,NA
138.085,7.3162,6.2478,8.2418,12.5121,29989.7520,1.0747,NA,NA,NA,NA,NA,NA,NA,NA,NA,NA
138.187,7.2730,5.6214,8.2164,12.1657,29989.7520,1.0747,NA,NA,NA,NA,NA,NA,NA,NA,NA,NA
138.279,7.2730,5.6214,8.2030,11.9820,21739.5260,-26.7311,NA,NA,NA,NA,NA,NA,NA,NA,NA,NA
138.377,7.2582,5.4065,8.1961,11.8890,23410.9280,-21.0980,NA,NA,NA,NA,NA,NA,NA,NA,NA,NA
138.477,7.2443,5.2039,8.1906,11.8131,41607.9960,40.2317,NA,NA,NA,NA,NA,NA,NA,NA,NA,NA
138.574,7.2054,4.6400,8.1830,11.7096,48564.9960,63.6789,NA,NA,NA,NA,NA,NA,NA,NA,NA,NA
138.678,7.1779,4.2399,8.1727,11.5686,56128.7080,89.1709,NA,NA,NA,NA,NA,NA,NA,NA,NA,NA
138.772,7.1653,4.0567,8.1663,11.4810,63370.2280,113.5771,NA,NA,NA,NA,NA,NA,NA,NA,NA,NA
138.874,7.1412,3.7065,8.1630,11.4363,63370.2280,113.5771,NA,NA,NA,NA,NA,NA,NA,NA,NA,NA
139.004,7.1273,3.5054,8.1545,11.3208,28354.2920,-4.4373,NA,NA,NA,NA,NA,NA,NA,NA,NA,NA
139.078,7.1209,3.4127,8.1483,11.2358,30564.4580,3.0116,NA,NA,NA,NA,NA,NA,NA,NA,NA,NA
139.169,7.0999,3.1068,8.1441,11.1790,30564.4580,3.0116,NA,NA,NA,NA,NA,NA,NA,NA,NA,NA
139.267,7.0919,2.9915,8.1328,11.0246,22143.1480,-25.3708,NA,NA,NA,NA,NA,NA,NA,NA,NA,NA
139.358,7.0682,2.6471,8.1260,10.9313,23946.7860,-19.2920,NA,NA,NA,NA,NA,NA,NA,NA,NA,NA
139.466,7.0455,2.3169,8.1000,10.5768,43108.8880,45.2902,NA,NA,NA,NA,NA,NA,NA,NA,NA,NA
139.591,7.0209,1.9596,8.0909,10.4521,43108.8880,45.2902,NA,NA,NA,NA,NA,NA,NA,NA,NA,NA
139.661,7.0074,1.7638,8.0849,10.3699,26716.4480,-9.9574,NA,NA,NA,NA,NA,NA,NA,NA,NA,NA
139.762,6.9906,1.5196,8.0756,10.2434,29541.3680,-0.4365,NA,NA,NA,NA,NA,NA,NA,NA,NA,NA
139.857,6.9730,1.2648,8.0723,10.1977,29541.3680,-0.4365,NA,NA,NA,NA,NA,NA,NA,NA,NA,NA
139.954,6.9730,1.2648,8.0657,10.1076,24335.6780,-17.9813,NA,NA,NA,NA,NA,NA,NA,NA,NA,NA
140.115,6.9712,1.2379,8.0581,10.0044,25905.4180,-12.6908,NA,NA,NA,NA,NA,NA,NA,NA,NA,NA
140.157,6.9672,1.1798,8.0557,9.9710,49871.3760,68.0818,NA,NA,NA,NA,NA,NA,NA,NA,NA,NA
140.286,6.9705,1.2275,8.0508,9.9049,52103.6640,75.6053,NA,NA,NA,NA,NA,NA,NA,NA,NA,NA
140.350,6.9705,1.2275,8.0434,9.8041,56256.0520,89.6001,NA,NA,NA,NA,NA,NA,NA,NA,NA,NA
140.443,6.9795,1.3583,8.0416,9.7798,56256.0520,89.6001,NA,NA,NA,NA,NA,NA,NA,NA,NA,NA
140.569,6.9823,1.3989,8.0401,9.7589,25392.8320,-14.4184,NA,NA,NA,NA,NA,NA,NA,NA,NA,NA
140.659,6.9823,1.3996,8.0322,9.6508,26997.1080,-9.0115,NA,NA,NA,NA,NA,NA,NA,NA,NA,NA
140.760,6.9823,1.3996,8.0216,9.5057,26997.1080,-9.0115,NA,NA,NA,NA,NA,NA,NA,NA,NA,NA
140.852,6.9793,1.3555,8.0133,9.3926,22489.0760,-24.2049,NA,NA,NA,NA,NA,NA,NA,NA,NA,NA
140.940,6.9842,1.4265,8.0091,9.3362,24494.0200,-17.4476,NA,NA,NA,NA,NA,NA,NA,NA,NA,NA
141.029,6.9842,1.4265,8.0052,9.2819,26209.9020,-11.6646,NA,NA,NA,NA,NA,NA,NA,NA,NA,NA
141.163,6.9789,1.3497,8.0050,9.2797,50478.6960,70.1287,NA,NA,NA,NA,NA,NA,NA,NA,NA,NA
141.246,6.9671,1.1787,7.9990,9.1976,52840.3960,78.0883,NA,NA,NA,NA,NA,NA,NA,NA,NA,NA
141.375,6.9513,0.9492,7.9884,9.0530,57168.4880,92.6753,NA,NA,NA,NA,NA,NA,NA,NA,NA,NA
141.425,6.9379,0.7547,7.9857,9.0162,57168.4880,92.6753,NA,NA,NA,NA,NA,NA,NA,NA,NA,NA
141.523,6.9321,0.6707,7.9773,8.9019,25768.3060,-13.1529,NA,NA,NA,NA,NA,NA,NA,NA,NA,NA
141.626,6.9114,0.3694,7.9695,8.7953,27653.8260,-6.7981,NA,NA,NA,NA,NA,NA,NA,NA,NA,NA
141.724,6.8886,0.0389,7.9655,8.7409,27653.8260,-6.7981,NA,NA,NA,NA,NA,NA,NA,NA,NA,NA
141.816,6.8645,-0.3118,7.9622,8.6954,23045.5480,-22.3294,NA,NA,NA,NA,NA,NA,NA,NA,NA,NA
141.921,6.8543,-0.4589,7.9545,8.5905,24976.2820,-15.8223,NA,NA,NA,NA,NA,NA,NA,NA,NA,NA
142.024,6.8392,-0.6781,7.9458,8.4717,47876.0800,61.3571,NA,NA,NA,NA,NA,NA,NA,NA,NA,NA
142.128,6.8084,-1.1262,7.9412,8.4089,50708.7280,70.9040,NA,NA,NA,NA,NA,NA,NA,NA,NA,NA
142.219,6.7751,-1.6094,7.9303,8.2591,50708.7280,70.9040,NA,NA,NA,NA,NA,NA,NA,NA,NA,NA
142.314,6.7704,-1.6776,7.9258,8.1981,33145.6000,11.7108,NA,NA,NA,NA,NA,NA,NA,NA,NA,NA
142.424,6.7686,-1.7042,7.9143,8.0414,33145.6000,11.7108,NA,NA,NA,NA,NA,NA,NA,NA,NA,NA
142.507,6.7608,-1.8172,7.9078,7.9522,23530.4660,-20.6951,NA,NA,NA,NA,NA,NA,NA,NA,NA,NA
142.611,6.7470,-2.0182,7.9049,7.9136,25070.6460,-15.5042,NA,NA,NA,NA,NA,NA,NA,NA,NA,NA
142.708,6.7324,-2.2294,7.9021,7.8755,45705.0240,54.0399,NA,NA,NA,NA,NA,NA,NA,NA,NA,NA
142.815,6.7048,-2.6310,7.8935,7.7578,48603.6160,63.8091,NA,NA,NA,NA,NA,NA,NA,NA,NA,NA
142.915,6.6939,-2.7888,7.8853,7.6460,51041.0240,72.0239,NA,NA,NA,NA,NA,NA,NA,NA,NA,NA
143.006,6.6933,-2.7976,7.8798,7.5706,51041.0240,72.0239,NA,NA,NA,NA,NA,NA,NA,NA,NA,NA
143.137,6.6933,-2.7976,7.8792,7.5629,25990.3740,-12.4045,NA,NA,NA,NA,NA,NA,NA,NA,NA,NA
143.196,6.6914,-2.8253,7.8644,7.3600,29885.1120,0.7220,196221.0400,0.0000,NA,NA,NA,NA,NA,NA,NA,NA
143.301,6.6914,-2.8253,7.8602,7.3022,60813.4320,104.9599,NA,NA,NA,NA,NA,NA,NA,NA,NA,NA
143.408,6.6806,-2.9821,7.8551,7.2331,60813.4320,104.9599,NA,NA,NA,NA,NA,NA,NA,NA,NA,NA
143.497,6.6847,-2.9224,7.8485,7.1426,28301.3280,-4.6159,NA,NA,NA,NA,NA,NA,NA,NA,NA,NA
143.591,6.6914,-2.8252,7.8485,7.1426,30999.6360,4.4783,NA,NA,NA,NA,NA,NA,NA,NA,NA,NA
143.719,6.6941,-2.7856,7.8459,7.1073,30999.6360,4.4783,NA,NA,NA,NA,NA,NA,NA,NA,NA,NA
143.789,6.6941,-2.7856,7.8424,7.0592,22578.9960,-23.9019,NA,NA,NA,NA,NA,NA,NA,NA,NA,NA
143.889,6.6857,-2.9082,7.8309,6.9025,23690.4380,-20.1560,NA,NA,NA,NA,NA,NA,NA,NA,NA,NA
143.994,6.6842,-2.9292,7.8205,6.7614,41164.0320,38.7354,NA,NA,NA,NA,NA,NA,NA,NA,NA,NA
144.091,6.6788,-3.0075,7.8203,6.7586,45773.4880,54.2707,NA,NA,NA,NA,NA,NA,NA,NA,NA,NA
144.198,6.6706,-3.1278,7.8071,6.5777,45773.4880,54.2707,NA,NA,NA,NA,NA,NA,NA,NA,NA,NA
144.316,6.6659,-3.1950,7.8058,6.5601,29859.4000,0.6353,NA,NA,NA,NA,NA,NA,NA,NA,NA,NA
144.390,6.6542,-3.3650,7.7948,6.4106,29859.4000,0.6353,NA,NA,NA,NA,NA,NA,NA,NA,NA,NA
144.487,6.6522,-3.3942,7.7948,6.4106,23624.1320,-20.3794,NA,NA,NA,NA,NA,NA,NA,NA,NA,NA
144.584,6.6486,-3.4468,7.7879,6.3159,26088.1340,-12.0750,NA,NA,NA,NA,NA,NA,NA,NA,NA,NA
144.691,6.6285,-3.7380,7.7865,6.2972,50172.0640,69.0952,NA,NA,NA,NA,NA,NA,NA,NA,NA,NA
144.777,6.6157,-3.9247,7.7788,6.1916,55512.8000,87.0952,NA,NA,NA,NA,NA,NA,NA,NA,NA,NA
144.875,6.5934,-4.2478,7.7770,6.1665,58185.0240,96.1014,NA,NA,NA,NA,NA,NA,NA,NA,NA,NA
144.970,6.5661,-4.6454,7.7731,6.1135,58185.0240,96.1014,NA,NA,NA,NA,NA,NA,NA,NA,NA,NA
145.069,6.5567,-4.7816,7.7705,6.0777,26419.7440,-10.9574,NA,NA,NA,NA,NA,NA,NA,NA,NA,NA
145.169,6.5418,-4.9978,7.7682,6.0464,27889.5140,-6.0038,NA,NA,NA,NA,NA,NA,NA,NA,NA,NA
145.263,6.5369,-5.0695,7.7593,5.9252,27889.5140,-6.0038,NA,NA,NA,NA,NA,NA,NA,NA,NA,NA
145.366,6.5330,-5.1261,7.7542,5.8560,21719.4520,-26.7988,NA,NA,NA,NA,NA,NA,NA,NA,NA,NA
145.465,6.5292,-5.1809,7.7535,5.8463,24085.9040,-18.8231,NA,NA,NA,NA,NA,NA,NA,NA,NA,NA
145.558,6.5203,-5.3104,7.7525,5.8329,26670.4060,-10.1126,NA,NA,NA,NA,NA,NA,NA,NA,NA,NA
145.654,6.4965,-5.6549,7.7497,5.7947,51550.2040,73.7400,NA,NA,NA,NA,NA,NA,NA,NA,NA,NA
145.758,6.4748,-5.9709,7.7411,5.6768,56071.8880,88.9794,NA,NA,NA,NA,NA,NA,NA,NA,NA,NA
145.852,6.4586,-6.2064,7.7376,5.6287,58319.2760,96.5538,NA,NA,NA,NA,NA,NA,NA,NA,NA,NA
145.968,6.4558,-6.2474,7.7210,5.4023,58319.2760,96.5538,NA,NA,NA,NA,NA,NA,NA,NA,NA,NA
146.087,6.4558,-6.2474,7.7177,5.3573,26837.9380,-9.5479,NA,NA,NA,NA,NA,NA,NA,NA,NA,NA
146.150,6.4458,-6.3925,7.7109,5.2643,28209.7800,-4.9244,NA,NA,NA,NA,NA,NA,NA,NA,NA,NA
146.247,6.4458,-6.3925,7.6993,5.1057,28209.7800,-4.9244,NA,NA,NA,NA,NA,NA,NA,NA,NA,NA
146.356,6.4427,-6.4362,7.6990,5.1027,22284.1840,-24.8955,NA,NA,NA,NA,NA,NA,NA,NA,NA,NA
146.456,6.4366,-6.5257,7.6932,5.0231,24747.6160,-16.5929,NA,NA,NA,NA,NA,NA,NA,NA,NA,NA
146.541,6.4366,-6.5257,7.6871,4.9398,46837.6720,57.8573,NA,NA,NA,NA,NA,NA,NA,NA,NA,NA
146.644,6.4277,-6.6546,7.6855,4.9181,52542.1920,77.0833,NA,NA,NA,NA,NA,NA,NA,NA,NA,NA
146.738,6.4163,-6.8207,7.6779,4.8143,56517.6680,90.4819,NA,NA,NA,NA,NA,NA,NA,NA,NA,NA
146.841,6.4162,-6.8218,7.6721,4.7350,58976.4760,98.7688,NA,NA,NA,NA,NA,NA,NA,NA,NA,NA
146.940,6.4162,-6.8218,7.6638,4.6210,58976.4760,98.7688,NA,NA,NA,NA,NA,NA,NA,NA,NA,NA
147.029,6.4120,-6.8832,7.6618,4.5938,27253.6040,-8.1470,NA,NA,NA,NA,NA,NA,NA,NA,NA,NA
147.126,6.4052,-6.9818,7.6586,4.5501,28571.3140,-3.7059,NA,NA,NA,NA,NA,NA,NA,NA,NA,NA
147.250,6.4052,-6.9818,7.6573,4.5326,28571.3140,-3.7059,NA,NA,NA,NA,NA,NA,NA,NA,NA,NA
147.350,6.4092,-6.9229,7.6547,4.4979,22927.3800,-22.7277,NA,NA,NA,NA,NA,NA,NA,NA,NA,NA
147.420,6.4129,-6.8701,7.6519,4.4598,25385.6180,-14.4427,NA,NA,NA,NA,NA,NA,NA,NA,NA,NA
147.539,6.4129,-6.8701,7.6452,4.3672,48487.4800,63.4177,NA,NA,NA,NA,NA,NA,NA,NA,NA,NA
147.626,6.4035,-7.0063,7.6368,4.2532,48487.4800,63.4177,NA,NA,NA,NA,NA,NA,NA,NA,NA,NA
147.724,6.4035,-7.0063,7.6328,4.1978,28630.6720,-3.5059,NA,NA,NA,NA,NA,NA,NA,NA,NA,NA
147.821,6.4068,-6.9577,7.6291,4.1474,33145.2180,11.7095,NA,NA,NA,NA,NA,NA,NA,NA,NA,NA
147.986,6.4098,-6.9149,7.6248,4.0898,33145.2180,11.7095,NA,NA,NA,NA,NA,NA,NA,NA,NA,NA
148.014,6.4098,-6.9149,7.6227,4.0603,24057.5920,-18.9185,NA,NA,NA,NA,NA,NA,NA,NA,NA,NA
148.115,6.4055,-6.9768,7.6153,3.9591,25647.0080,-13.5617,NA,NA,NA,NA,NA,NA,NA,NA,NA,NA
148.214,6.3934,-7.1531,7.6188,4.0073,47255.0480,59.2640,NA,NA,NA,NA,NA,NA,NA,NA,NA,NA
148.311,6.3836,-7.2953,7.6196,4.0179,50876.0760,71.4680,NA,NA,NA,NA,NA,NA,NA,NA,NA,NA
148.418,6.3765,-7.3977,7.6207,4.0332,54117.6320,82.3930,NA,NA,NA,NA,NA,NA,NA,NA,NA,NA
148.534,6.3644,-7.5738,7.6207,4.0332,54117.6320,82.3930,NA,NA,NA,NA,NA,NA,NA,NA,NA,NA
148.619,6.3613,-7.6192,7.6160,3.9685,25292.0460,-14.7581,191024.7520,0.0000,NA,NA,NA,NA,NA,NA,NA,NA
148.702,6.3522,-7.7512,7.6102,3.8903,49660.5960,67.3714,NA,NA,NA,NA,NA,NA,NA,NA,NA,NA
148.799,6.3470,-7.8269,7.6003,3.7546,49660.5960,67.3714,NA,NA,NA,NA,NA,NA,NA,NA,NA,NA
148.905,6.3412,-7.9113,7.5999,3.7490,27081.2680,-8.7278,NA,NA,NA,NA,NA,NA,NA,NA,NA,NA
149.005,6.3405,-7.9213,7.5987,3.7326,29191.1360,-1.6169,190527.3760,0.0000,NA,NA,NA,NA,NA,NA,NA,NA
149.109,6.3405,-7.9213,7.5987,3.7326,29509.7960,-0.5429,NA,NA,NA,NA,NA,NA,NA,NA,NA,NA
149.201,6.3318,-8.0478,7.5943,3.6725,29509.7960,-0.5429,NA,NA,NA,NA,NA,NA,NA,NA,NA,NA
149.307,6.3321,-8.0426,7.5875,3.5799,23819.8840,-19.7197,NA,NA,NA,NA,NA,NA,NA,NA,NA,NA
149.425,6.3321,-8.0426,7.5838,3.5302,25223.9140,-14.9877,NA,NA,NA,NA,NA,NA,NA,NA,NA,NA
149.504,6.3288,-8.0914,7.5808,3.4888,47853.2600,61.2802,NA,NA,NA,NA,NA,NA,NA,NA,NA,NA
149.598,6.3231,-8.1735,7.5773,3.4414,50539.8240,70.3347,NA,NA,NA,NA,NA,NA,NA,NA,NA,NA
149.689,6.3140,-8.3054,7.5749,3.4080,55049.8160,85.5348,NA,NA,NA,NA,NA,NA,NA,NA,NA,NA
149.826,6.3075,-8.4009,7.5698,3.3379,55049.8160,85.5348,NA,NA,NA,NA,NA,NA,NA,NA,NA,NA
149.891,6.3037,-8.4562,7.5663,3.2904,24333.0880,-17.9900,NA,NA,NA,NA,NA,NA,NA,NA,NA,NA
149.990,6.2944,-8.5913,7.5608,3.2157,26334.7400,-11.2439,194703.8400,0.0000,NA,NA,NA,NA,NA,NA,NA,NA
150.090,6.2853,-8.7232,7.5601,3.2066,52231.8960,76.0375,NA,NA,NA,NA,NA,NA,NA,NA,NA,NA
150.195,6.2795,-8.8063,7.5553,3.1411,52231.8960,76.0375,NA,NA,NA,NA,NA,NA,NA,NA,NA,NA
150.330,6.2730,-8.9007,7.5483,3.0450,27585.6660,-7.0279,NA,NA,NA,NA,NA,NA,NA,NA,NA,NA
150.385,6.2727,-8.9062,7.5481,3.0419,24096.5900,-18.7871,NA,NA,NA,NA,NA,NA,NA,NA,NA,NA
150.487,6.2615,-9.0677,7.5439,2.9851,41613.2000,40.2492,NA,NA,NA,NA,NA,NA,NA,NA,NA,NA
150.584,6.2431,-9.3349,7.5402,2.9345,47786.6560,61.0557,NA,NA,NA,NA,NA,NA,NA,NA,NA,NA
150.680,6.2333,-9.4784,7.5392,2.9210,55983.7320,88.6823,NA,NA,NA,NA,NA,NA,NA,NA,NA,NA
150.783,6.2286,-9.5457,7.5389,2.9165,55983.7320,88.6823,NA,NA,NA,NA,NA,NA,NA,NA,NA,NA
150.881,6.2275,-9.5624,7.5320,2.8224,26115.1560,-11.9839,NA,NA,NA,NA,NA,NA,NA,NA,NA,NA
150.991,6.2218,-9.6455,7.5295,2.7876,28610.4600,-3.5740,NA,NA,NA,NA,NA,NA,NA,NA,NA,NA
151.095,6.2218,-9.6455,7.5295,2.7876,31742.0220,6.9803,NA,NA,NA,NA,NA,NA,NA,NA,NA,NA
151.197,6.2176,-9.7052,7.5109,2.5338,31742.0220,6.9803,NA,NA,NA,NA,NA,NA,NA,NA,NA,NA
151.282,6.2093,-9.8267,7.5066,2.4763,22751.6840,-23.3199,NA,NA,NA,NA,NA,NA,NA,NA,NA,NA
151.369,6.2073,-9.8556,7.5005,2.3925,24315.1620,-18.0505,NA,NA,NA,NA,NA,NA,NA,NA,NA,NA
151.470,6.1961,-10.0176,7.4976,2.3533,42875.0320,44.5020,NA,NA,NA,NA,NA,NA,NA,NA,NA,NA
151.575,6.1884,-10.1294,7.4957,2.3266,49798.2880,67.8355,NA,NA,NA,NA,NA,NA,NA,NA,NA,NA
151.673,6.1839,-10.1953,7.4951,2.3194,57977.4520,95.4018,NA,NA,NA,NA,NA,NA,NA,NA,NA,NA
151.759,6.1800,-10.2517,7.4951,2.3194,57977.4520,95.4018,NA,NA,NA,NA,NA,NA,NA,NA,NA,NA
151.861,6.1785,-10.2733,7.4921,2.2781,26762.3380,-9.8027,NA,NA,NA,NA,NA,NA,NA,NA,NA,NA
151.957,6.1738,-10.3425,7.4896,2.2434,29438.5700,-0.7830,NA,NA,NA,NA,NA,NA,NA,NA,NA,NA
152.054,6.1715,-10.3756,7.4839,2.1655,29438.5700,-0.7830,NA,NA,NA,NA,NA,NA,NA,NA,NA,NA
152.165,6.1698,-10.3998,7.4785,2.0914,21629.4820,-27.1020,NA,NA,NA,NA,NA,NA,NA,NA,NA,NA
152.249,6.1698,-10.3998,7.4665,1.9281,22801.7120,-23.1512,NA,NA,NA,NA,NA,NA,NA,NA,NA,NA
152.373,6.1697,-10.4016,7.4608,1.8504,24773.2680,-16.5065,NA,NA,NA,NA,NA,NA,NA,NA,NA,NA
152.465,6.1597,-10.5472,7.4560,1.7856,44579.4800,50.2465,NA,NA,NA,NA,NA,NA,NA,NA,NA,NA
152.561,6.1481,-10.7147,7.4503,1.7076,51907.9200,74.9456,NA,NA,NA,NA,NA,NA,NA,NA,NA,NA
152.657,6.1465,-10.7379,7.4516,1.7243,59973.6200,102.1295,NA,NA,NA,NA,NA,NA,NA,NA,NA,NA
152.763,6.1452,-10.7574,7.4516,1.7243,59973.6200,102.1295,NA,NA,NA,NA,NA,NA,NA,NA,NA,NA
152.838,6.1410,-10.8190,7.4500,1.7030,27449.9120,-7.4854,NA,NA,NA,NA,NA,NA,NA,NA,NA,NA
152.934,6.1398,-10.8353,7.4523,1.7348,30160.6940,1.6508,NA,NA,NA,NA,NA,NA,NA,NA,NA,NA
153.036,6.1405,-10.8258,7.4523,1.7348,30160.6940,1.6508,NA,NA,NA,NA,NA,NA,NA,NA,NA,NA
153.154,6.1457,-10.7498,7.4445,1.6274,21907.5900,-26.1647,NA,NA,NA,NA,NA,NA,NA,NA,NA,NA
153.247,6.1457,-10.7498,7.4404,1.5720,55240.7040,86.1781,NA,NA,NA,NA,NA,NA,NA,NA,NA,NA
153.368,6.1422,-10.8008,7.4403,1.5712,59185.4120,99.4730,NA,NA,NA,NA,NA,NA,NA,NA,NA,NA
153.434,6.1469,-10.7325,7.4393,1.5571,59185.4120,99.4730,NA,NA,NA,NA,NA,NA,NA,NA,NA,NA
153.536,6.1504,-10.6822,7.4365,1.5187,27032.5040,-8.8922,NA,NA,NA,NA,NA,NA,NA,NA,NA,NA
153.645,6.1594,-10.5512,7.4321,1.4591,28510.9400,-3.9094,NA,NA,NA,NA,NA,NA,NA,NA,NA,NA
153.734,6.1632,-10.4952,7.4296,1.4246,28510.9400,-3.9094,NA,NA,NA,NA,NA,NA,NA,NA,NA,NA
153.838,6.1655,-10.4632,7.4284,1.4081,23426.8240,-21.0444,NA,NA,NA,NA,NA,NA,NA,NA,NA,NA
153.941,6.1717,-10.3722,7.4190,1.2795,25582.1480,-13.7803,NA,NA,NA,NA,NA,NA,NA,NA,NA,NA
154.025,6.1717,-10.3722,7.4190,1.2795,49130.2200,65.5839,NA,NA,NA,NA,NA,NA,NA,NA,NA,NA
154.125,6.1689,-10.4135,7.4186,1.2740,53130.4120,79.0658,NA,NA,NA,NA,NA,NA,NA,NA,NA,NA
154.225,6.1670,-10.4411,7.4219,1.3194,55442.5440,86.8584,NA,NA,NA,NA,NA,NA,NA,NA,NA,NA
154.324,6.1681,-10.4251,7.4219,1.3194,55442.5440,86.8584,NA,NA,NA,NA,NA,NA,NA,NA,NA,NA
154.418,6.1685,-10.4194,7.4174,1.2580,25281.3180,-14.7942,NA,NA,NA,NA,NA,NA,NA,NA,NA,NA
154.585,6.1728,-10.3567,7.4096,1.1512,26649.7200,-10.1823,NA,NA,NA,NA,NA,NA,NA,NA,NA,NA
154.618,6.1802,-10.2495,7.4096,1.1512,28992.1420,-2.2876,NA,NA,NA,NA,NA,NA,NA,NA,NA,NA
154.713,6.1806,-10.2437,7.4070,1.1155,28992.1420,-2.2876,NA,NA,NA,NA,NA,NA,NA,NA,NA,NA
154.807,6.1859,-10.1660,7.4053,1.0921,24118.7620,-18.7124,NA,NA,NA,NA,NA,NA,NA,NA,NA,NA
154.937,6.1922,-10.0745,7.4040,1.0747,26120.1020,-11.9673,NA,NA,NA,NA,NA,NA,NA,NA,NA,NA
155.000,6.1997,-9.9659,7.3946,0.9462,50738.6080,71.0047,NA,NA,NA,NA,NA,NA,NA,NA,NA,NA
155.107,6.2102,-9.8128,7.3883,0.8604,53436.1520,80.0962,NA,NA,NA,NA,NA,NA,NA,NA,NA,NA
155.201,6.2159,-9.7312,7.3819,0.7739,56079.3880,89.0047,NA,NA,NA,NA,NA,NA,NA,NA,NA,NA
155.296,6.2370,-9.4240,7.3659,0.5544,56079.3880,89.0047,NA,NA,NA,NA,NA,NA,NA,NA,NA,NA
155.405,6.2610,-9.0758,7.3576,0.4414,25523.6440,-13.9775,NA,NA,NA,NA,NA,NA,NA,NA,NA,NA
155.511,6.2751,-8.8704,7.3456,0.2783,26869.6000,-9.4412,NA,NA,NA,NA,NA,NA,NA,NA,NA,NA
155.595,6.2826,-8.7617,7.3260,0.0102,26869.6000,-9.4412,NA,NA,NA,NA,NA,NA,NA,NA,NA,NA
155.693,6.2904,-8.6487,7.3144,-0.1479,22244.9840,-25.0276,NA,NA,NA,NA,NA,NA,NA,NA,NA,NA
155.815,6.2904,-8.6487,7.3003,-0.3408,24506.3280,-17.4062,NA,NA,NA,NA,NA,NA,NA,NA,NA,NA
155.884,6.3061,-8.4203,7.2850,-0.5491,26529.6820,-10.5868,NA,NA,NA,NA,NA,NA,NA,NA,NA,NA
155.980,6.3720,-7.4639,7.4034,1.0672,51336.0080,73.0181,NA,NA,NA,NA,NA,NA,NA,NA,NA,NA
156.080,6.5257,-5.2317,7.6099,3.8857,53376.9600,79.8967,NA,NA,NA,NA,NA,NA,NA,NA,NA,NA
156.179,6.7662,-1.7395,7.8305,6.8975,56934.6000,91.8871,NA,NA,NA,NA,NA,NA,NA,NA,NA,NA
156.281,6.9613,1.0941,7.9697,8.7974,56934.6000,91.8871,NA,NA,NA,NA,NA,NA,NA,NA,NA,NA
156.381,7.2346,5.0639,8.0819,10.3288,25919.3660,-12.6438,NA,NA,NA,NA,NA,NA,NA,NA,NA,NA
156.484,7.4509,8.2049,8.1205,10.8563,24843.3840,-16.2702,NA,NA,NA,NA,NA,NA,NA,NA,NA,NA
156.584,7.6187,10.6413,8.1365,11.0744,44826.6240,51.0795,NA,NA,NA,NA,NA,NA,NA,NA,NA,NA
156.680,7.6533,11.1435,8.1374,11.0870,48077.2960,62.0352,NA,NA,NA,NA,NA,NA,NA,NA,NA,NA
156.775,7.6533,11.1435,8.1374,11.0870,50652.4400,70.7142,NA,NA,NA,NA,NA,NA,NA,NA,NA,NA
156.875,7.6430,10.9940,8.1325,11.0201,53414.0520,80.0217,NA,NA,NA,NA,NA,NA,NA,NA,NA,NA
156.975,7.6365,10.8998,8.1292,10.9744,53414.0520,80.0217,NA,NA,NA,NA,NA,NA,NA,NA,NA,NA
157.066,7.6228,10.7008,8.1232,10.8925,28991.5420,-2.2896,195628.5920,0.0000,NA,NA,NA,NA,NA,NA,NA,NA
157.165,7.6177,10.6269,8.1169,10.8070,57054.8320,92.2923,NA,NA,NA,NA,NA,NA,NA,NA,NA,NA
157.270,7.5896,10.2187,8.1140,10.7670,57054.8320,92.2923,NA,NA,NA,NA,NA,NA,NA,NA,NA,NA
157.361,7.5744,9.9975,8.2494,12.6164,27885.0020,-6.0190,192722.9280,0.0000,NA,NA,NA,NA,NA,NA,NA,NA
157.485,7.8118,13.4462,8.4585,15.4702,60153.4320,102.7355,NA,NA,NA,NA,NA,NA,NA,NA,NA,NA
157.629,8.2745,20.1650,8.7132,18.9480,60153.4320,102.7355,NA,NA,NA,NA,NA,NA,NA,NA,NA,NA
157.662,8.6466,25.5684,8.7903,19.9994,25945.8120,-12.5547,NA,NA,NA,NA,NA,NA,NA,NA,NA,NA
157.765,9.0363,31.2277,8.8450,20.7470,24588.4240,-17.1295,NA,NA,NA,NA,NA,NA,NA,NA,NA,NA
157.866,9.1749,33.2412,8.8810,21.2388,26250.9080,-11.5264,NA,NA,NA,NA,NA,NA,NA,NA,NA,NA
157.957,9.2059,33.6906,8.8810,21.2388,48072.1040,62.0177,NA,NA,NA,NA,NA,NA,NA,NA,NA,NA
158.054,9.2188,33.8789,8.8790,21.2110,52109.5280,75.6251,NA,NA,NA,NA,NA,NA,NA,NA,NA,NA
158.164,9.2188,33.8789,8.8607,20.9607,55335.0800,86.4962,NA,NA,NA,NA,NA,NA,NA,NA,NA,NA
158.250,9.1862,33.4044,8.8365,20.6301,55335.0800,86.4962,NA,NA,NA,NA,NA,NA,NA,NA,NA,NA
158.354,9.1743,33.2323,8.7995,20.1260,25607.2120,-13.6958,193922.8480,0.0000,NA,NA,NA,NA,NA,NA,NA,NA
158.449,9.0491,31.4147,8.8422,20.7087,50483.5880,70.1452,NA,NA,NA,NA,NA,NA,NA,NA,NA,NA
158.547,8.9474,29.9374,8.8684,21.0655,50483.5880,70.1452,NA,NA,NA,NA,NA,NA,NA,NA,NA,NA
158.660,8.8449,28.4489,8.8684,21.0655,27928.2580,-5.8732,192328.2080,0.0000,NA,NA,NA,NA,NA,NA,NA,NA
158.770,8.7619,27.2431,8.8426,20.7140,27928.2580,-5.8732,NA,NA,NA,NA,NA,NA,NA,NA,NA,NA
158.853,8.6646,25.8296,8.8403,20.6827,29549.1300,-0.4104,NA,NA,NA,NA,NA,NA,NA,NA,NA,NA
158.957,8.5908,24.7588,8.8403,20.6827,29549.1300,-0.4104,NA,NA,NA,NA,NA,NA,NA,NA,NA,NA
159.050,8.5414,24.0418,8.8143,20.3276,24344.9440,-17.9501,NA,NA,NA,NA,NA,NA,NA,NA,NA,NA
159.158,8.5079,23.5544,8.7946,20.0584,26048.5080,-12.2085,NA,NA,NA,NA,NA,NA,NA,NA,NA,NA
159.248,8.4730,23.0472,8.7815,19.8802,49924.0560,68.2594,NA,NA,NA,NA,NA,NA,NA,NA,NA,NA
159.403,8.4288,22.4066,8.7542,19.5077,52045.7160,75.4100,NA,NA,NA,NA,NA,NA,NA,NA,NA,NA
159.436,8.3947,21.9105,8.7368,19.2699,55894.3600,88.3811,NA,NA,NA,NA,NA,NA,NA,NA,NA,NA
159.542,8.3814,21.7181,8.7335,19.2253,55894.3600,88.3811,NA,NA,NA,NA,NA,NA,NA,NA,NA,NA
159.658,8.3797,21.6934,8.7145,18.9651,25301.3760,-14.7266,NA,NA,NA,NA,NA,NA,NA,NA,NA,NA
159.735,8.3740,21.6094,8.7077,18.8720,26979.1700,-9.0719,NA,NA,NA,NA,NA,NA,NA,NA,NA,NA
159.837,8.3916,21.8652,8.6956,18.7075,26979.1700,-9.0719,NA,NA,NA,NA,NA,NA,NA,NA,NA,NA
159.933,8.4129,22.1746,8.6780,18.4672,22538.2980,-24.0390,NA,NA,NA,NA,NA,NA,NA,NA,NA,NA
160.051,8.4588,22.8411,8.6653,18.2933,24571.0300,-17.1881,NA,NA,NA,NA,NA,NA,NA,NA,NA,NA
160.126,8.4697,22.9998,8.6567,18.1762,26176.0220,-11.7788,NA,NA,NA,NA,NA,NA,NA,NA,NA,NA
160.221,8.4739,23.0611,8.6513,18.1020,50398.7680,69.8593,NA,NA,NA,NA,NA,NA,NA,NA,NA,NA
160.323,8.4888,23.2778,8.6363,17.8975,52760.2320,77.8182,NA,NA,NA,NA,NA,NA,NA,NA,NA,NA
160.420,8.5000,23.4397,8.6201,17.6763,57341.3880,93.2581,NA,NA,NA,NA,NA,NA,NA,NA,NA,NA
160.518,8.5062,23.5296,8.6038,17.4536,57341.3880,93.2581,NA,NA,NA,NA,NA,NA,NA,NA,NA,NA
160.615,8.5179,23.6995,8.5858,17.2079,25924.0680,-12.6279,NA,NA,NA,NA,NA,NA,NA,NA,NA,NA
160.716,8.5274,23.8380,8.5685,16.9722,27692.2860,-6.6685,NA,NA,NA,NA,NA,NA,NA,NA,NA,NA
160.809,8.5496,24.1599,8.5603,16.8597,27692.2860,-6.6685,NA,NA,NA,NA,NA,NA,NA,NA,NA,NA
160.924,8.5595,24.3040,8.5537,16.7704,23178.8220,-21.8803,NA,NA,NA,NA,NA,NA,NA,NA,NA,NA
161.014,8.5595,24.3040,8.5529,16.7585,50479.2040,70.1304,NA,NA,NA,NA,NA,NA,NA,NA,NA,NA
161.115,8.5555,24.2456,8.5431,16.6247,52943.2240,78.4349,NA,NA,NA,NA,NA,NA,NA,NA,NA,NA
161.213,8.5584,24.2880,8.5326,16.4820,52943.2240,78.4349,NA,NA,NA,NA,NA,NA,NA,NA,NA,NA
161.328,8.5584,24.2880,8.5194,16.3012,29192.2820,-1.6131,197058.4960,0.0000,NA,NA,NA,NA,NA,NA,NA,NA
161.411,8.5462,24.1112,8.5122,16.2040,58417.6480,96.8854,NA,NA,NA,NA,NA,NA,NA,NA,NA,NA
161.538,8.5527,24.2045,8.5098,16.1712,58417.6480,96.8854,NA,NA,NA,NA,NA,NA,NA,NA,NA,NA
161.601,8.5557,24.2493,8.5006,16.0451,27611.3260,-6.9414,196416.1600,0.0000,NA,NA,NA,NA,NA,NA,NA,NA
161.728,8.5629,24.3528,8.5000,16.0376,58625.6600,97.5864,NA,NA,NA,NA,NA,NA,NA,NA,NA,NA
161.808,8.5657,24.3942,8.4937,15.9516,58625.6600,97.5864,NA,NA,NA,NA,NA,NA,NA,NA,NA,NA
161.908,8.5657,24.3942,8.4827,15.8010,26434.6160,-10.9072,NA,NA,NA,NA,NA,NA,NA,NA,NA,NA
162.004,8.5543,24.2284,8.4758,15.7063,26434.6160,-10.9072,NA,NA,NA,NA,NA,NA,NA,NA,NA,NA
162.102,8.5530,24.2090,8.4723,15.6589,26403.8160,-11.0110,NA,NA,NA,NA,NA,NA,NA,NA,NA,NA
162.205,8.5375,23.9852,8.4657,15.5687,48446.2880,63.2788,NA,NA,NA,NA,NA,NA,NA,NA,NA,NA
162.329,8.5336,23.9279,8.4565,15.4428,52160.7040,75.7976,NA,NA,NA,NA,NA,NA,NA,NA,NA,NA
162.394,8.5321,23.9057,8.4446,15.2809,55291.9240,86.3507,NA,NA,NA,NA,NA,NA,NA,NA,NA,NA
162.504,8.5136,23.6367,8.4374,15.1822,55291.9240,86.3507,NA,NA,NA,NA,NA,NA,NA,NA,NA,NA
162.615,8.5181,23.7021,8.4345,15.1425,26023.8940,-12.2915,196831.4880,0.0000,NA,NA,NA,NA,NA,NA,NA,NA
162.699,8.5181,23.7021,8.4340,15.1354,50849.5680,71.3786,NA,NA,NA,NA,NA,NA,NA,NA,NA,NA
162.867,8.5113,23.6041,8.4243,15.0036,50849.5680,71.3786,NA,NA,NA,NA,NA,NA,NA,NA,NA,NA
162.906,8.4968,23.3938,8.4135,14.8560,27914.1900,-5.9206,190727.3440,0.0000,NA,NA,NA,NA,NA,NA,NA,NA
162.997,8.4968,23.3938,8.4092,14.7978,58774.7320,98.0889,NA,NA,NA,NA,NA,NA,NA,NA,NA,NA
163.086,8.4902,23.2975,8.4049,14.7392,58774.7320,98.0889,NA,NA,NA,NA,NA,NA,NA,NA,NA,NA
163.257,8.4853,23.2266,8.3910,14.5494,25952.0900,-12.5335,NA,NA,NA,NA,NA,NA,NA,NA,NA,NA
163.290,8.4850,23.2216,8.3857,14.4772,25952.0900,-12.5335,NA,NA,NA,NA,NA,NA,NA,NA,NA,NA
163.396,8.4766,23.1004,8.3770,14.3576,25979.2900,-12.4418,NA,NA,NA,NA,NA,NA,NA,NA,NA,NA
163.515,8.4610,22.8731,8.3638,14.1776,49047.6640,65.3057,NA,NA,NA,NA,NA,NA,NA,NA,NA,NA
163.586,8.4450,22.6412,8.3471,13.9491,51755.9120,74.4333,NA,NA,NA,NA,NA,NA,NA,NA,NA,NA
163.683,8.4378,22.5361,8.3445,13.9141,56205.8840,89.4311,NA,NA,NA,NA,NA,NA,NA,NA,NA,NA
163.777,8.4183,22.2529,8.3303,13.7198,56205.8840,89.4311,NA,NA,NA,NA,NA,NA,NA,NA,NA,NA
163.891,8.4079,22.1030,8.3298,13.7139,25178.2880,-15.1415,NA,NA,NA,NA,NA,NA,NA,NA,NA,NA
163.982,8.4025,22.0244,8.3298,13.7139,27063.5500,-8.7875,NA,NA,NA,NA,NA,NA,NA,NA,NA,NA
164.102,8.4038,22.0429,8.3284,13.6943,27063.5500,-8.7875,NA,NA,NA,NA,NA,NA,NA,NA,NA,NA
164.194,8.4038,22.0429,8.3240,13.6341,22643.0400,-23.6860,NA,NA,NA,NA,NA,NA,NA,NA,NA,NA
164.275,8.4022,22.0199,8.3191,13.5669,24405.8340,-17.7449,NA,NA,NA,NA,NA,NA,NA,NA,NA,NA
164.363,8.3877,21.8095,8.3152,13.5137,26127.0380,-11.9439,NA,NA,NA,NA,NA,NA,NA,NA,NA,NA
164.463,8.3749,21.6238,8.3027,13.3434,49187.2160,65.7760,NA,NA,NA,NA,NA,NA,NA,NA,NA,NA
164.566,8.3639,21.4636,8.3007,13.3160,52792.9720,77.9285,NA,NA,NA,NA,NA,NA,NA,NA,NA,NA
164.662,8.3482,21.2349,8.2931,13.2129,57191.3960,92.7525,NA,NA,NA,NA,NA,NA,NA,NA,NA,NA
164.765,8.3458,21.2003,8.2898,13.1672,57191.3960,92.7525,NA,NA,NA,NA,NA,NA,NA,NA,NA,NA
164.863,8.3325,21.0068,8.2881,13.1438,25507.8600,-14.0307,NA,NA,NA,NA,NA,NA,NA,NA,NA,NA
164.959,8.3332,21.0177,8.2809,13.0462,27976.0520,-5.7121,NA,NA,NA,NA,NA,NA,NA,NA,NA,NA
165.055,8.3345,21.0362,8.2744,12.9573,27976.0520,-5.7121,NA,NA,NA,NA,NA,NA,NA,NA,NA,NA
165.166,8.3396,21.1103,8.2643,12.8195,23204.1060,-21.7951,NA,NA,NA,NA,NA,NA,NA,NA,NA,NA
165.248,8.3396,21.1103,8.2595,12.7538,24745.1900,-16.6011,NA,NA,NA,NA,NA,NA,NA,NA,NA,NA
165.354,8.3335,21.0217,8.2451,12.5574,47444.2800,59.9018,NA,NA,NA,NA,NA,NA,NA,NA,NA,NA
165.447,8.3040,20.5941,8.2370,12.4466,49499.6840,66.8291,NA,NA,NA,NA,NA,NA,NA,NA,NA,NA
165.546,8.2721,20.1309,8.2307,12.3600,53620.1960,80.7165,NA,NA,NA,NA,NA,NA,NA,NA,NA,NA
165.648,8.2631,19.9993,8.2278,12.3214,57685.3040,94.4172,NA,NA,NA,NA,NA,NA,NA,NA,NA,NA
165.752,8.2504,19.8144,8.2233,12.2590,57685.3040,94.4172,NA,NA,NA,NA,NA,NA,NA,NA,NA,NA
165.862,8.2488,19.7913,8.2174,12.1793,25740.3600,-13.2471,NA,NA,NA,NA,NA,NA,NA,NA,NA,NA
165.952,8.2488,19.7913,8.2153,12.1508,25278.4860,-14.8038,NA,NA,NA,NA,NA,NA,NA,NA,NA,NA
166.043,8.2434,19.7128,8.2039,11.9947,45200.3200,52.3389,NA,NA,NA,NA,NA,NA,NA,NA,NA,NA
166.144,8.2190,19.3590,8.2016,11.9640,47544.8120,60.2406,NA,NA,NA,NA,NA,NA,NA,NA,NA,NA
166.236,8.2182,19.3478,8.1897,11.8011,50087.9680,68.8118,NA,NA,NA,NA,NA,NA,NA,NA,NA,NA
166.338,8.2182,19.3478,8.1890,11.7920,50087.9680,68.8118,NA,NA,NA,NA,NA,NA,NA,NA,NA,NA
166.455,8.2098,19.2250,8.1866,11.7583,26815.2920,-9.6242,NA,NA,NA,NA,NA,NA,NA,NA,NA,NA
166.528,8.2078,19.1964,8.1790,11.6544,30201.5880,1.7886,195822.7520,0.0000,NA,NA,NA,NA,NA,NA,NA,NA
166.638,8.1891,18.9244,8.1712,11.5487,62975.7960,112.2477,NA,NA,NA,NA,NA,NA,NA,NA,NA,NA
166.727,8.1783,18.7675,8.1664,11.4825,62975.7960,112.2477,NA,NA,NA,NA,NA,NA,NA,NA,NA,NA
166.842,8.1532,18.4033,8.1608,11.4058,28157.2860,-5.1013,NA,NA,NA,NA,NA,NA,NA,NA,NA,NA
166.924,8.1393,18.2013,8.1565,11.3482,30797.0120,3.7954,NA,NA,NA,NA,NA,NA,NA,NA,NA,NA
167.024,8.1360,18.1538,8.1537,11.3101,30797.0120,3.7954,NA,NA,NA,NA,NA,NA,NA,NA,NA,NA
167.124,8.1288,18.0487,8.1409,11.1348,22288.4480,-24.8811,NA,NA,NA,NA,NA,NA,NA,NA,NA,NA
167.236,8.1058,17.7149,8.1348,11.0516,23737.5020,-19.9973,NA,NA,NA,NA,NA,NA,NA,NA,NA,NA
167.380,8.0610,17.0645,8.1258,10.9282,41620.9800,40.2755,NA,NA,NA,NA,NA,NA,NA,NA,NA,NA
167.417,8.0384,16.7362,8.1205,10.8564,48123.8200,62.1920,NA,NA,NA,NA,NA,NA,NA,NA,NA,NA
167.514,8.0144,16.3873,8.1079,10.6836,56616.7880,90.8159,NA,NA,NA,NA,NA,NA,NA,NA,NA,NA
167.609,7.9642,15.6583,8.1018,10.6010,56616.7880,90.8159,NA,NA,NA,NA,NA,NA,NA,NA,NA,NA
167.730,7.9401,15.3089,8.1012,10.5926,25950.1140,-12.5402,NA,NA,NA,NA,NA,NA,NA,NA,NA,NA
167.813,7.9020,14.7552,8.0790,10.2892,25950.1140,-12.5402,NA,NA,NA,NA,NA,NA,NA,NA,NA,NA
167.919,7.8920,14.6110,8.0710,10.1812,26358.8080,-11.1627,NA,NA,NA,NA,NA,NA,NA,NA,NA,NA
168.013,7.8753,14.3676,8.0658,10.1093,50565.1920,70.4202,NA,NA,NA,NA,NA,NA,NA,NA,NA,NA
168.103,7.8391,13.8418,8.0647,10.0946,54199.8560,82.6701,NA,NA,NA,NA,NA,NA,NA,NA,NA,NA
168.205,7.8140,13.4783,8.0573,9.9936,56570.9680,90.6615,NA,NA,NA,NA,NA,NA,NA,NA,NA,NA
168.318,7.8046,13.3418,8.0497,9.8899,56570.9680,90.6615,NA,NA,NA,NA,NA,NA,NA,NA,NA,NA
168.416,7.7713,12.8572,8.0392,9.7462,25931.0320,-12.6045,NA,NA,NA,NA,NA,NA,NA,NA,NA,NA
168.499,7.7105,11.9747,8.0313,9.6382,27339.3520,-7.8580,NA,NA,NA,NA,NA,NA,NA,NA,NA,NA
168.596,7.6638,11.2963,8.0245,9.5460,27339.3520,-7.8580,NA,NA,NA,NA,NA,NA,NA,NA,NA,NA
168.694,7.6458,11.0351,8.0102,9.3501,22033.5940,-25.7400,NA,NA,NA,NA,NA,NA,NA,NA,NA,NA
168.792,7.5977,10.3367,8.0030,9.2522,24400.3080,-17.7635,NA,NA,NA,NA,NA,NA,NA,NA,NA,NA
168.889,7.5977,10.3367,7.9945,9.1360,26577.1620,-10.4268,NA,NA,NA,NA,NA,NA,NA,NA,NA,NA
169.015,7.5474,9.6064,7.9915,9.0948,51543.1520,73.7162,NA,NA,NA,NA,NA,NA,NA,NA,NA,NA
169.088,7.5160,9.1495,7.9824,8.9713,54419.8200,83.4115,NA,NA,NA,NA,NA,NA,NA,NA,NA,NA
169.189,7.5030,8.9618,7.9733,8.8469,57661.9720,94.3385,NA,NA,NA,NA,NA,NA,NA,NA,NA,NA
169.283,7.4898,8.7697,7.9586,8.6467,57661.9720,94.3385,NA,NA,NA,NA,NA,NA,NA,NA,NA,NA
169.381,7.4661,8.4245,7.9504,8.5344,26441.9460,-10.8825,NA,NA,NA,NA,NA,NA,NA,NA,NA,NA
169.527,7.4231,7.8008,7.9351,8.3247,27711.6160,-6.6034,NA,NA,NA,NA,NA,NA,NA,NA,NA,NA
169.576,7.3634,6.9334,7.9281,8.2295,27711.6160,-6.6034,NA,NA,NA,NA,NA,NA,NA,NA,NA,NA
169.681,7.3382,6.5672,7.9242,8.1763,22739.2620,-23.3617,NA,NA,NA,NA,NA,NA,NA,NA,NA,NA
169.777,7.3207,6.3138,7.9181,8.0927,24966.9180,-15.8538,NA,NA,NA,NA,NA,NA,NA,NA,NA,NA
169.878,7.3108,6.1694,7.9156,8.0587,47886.2360,61.3913,NA,NA,NA,NA,NA,NA,NA,NA,NA,NA
169.972,7.2725,5.6130,7.9039,7.8999,52249.9400,76.0983,NA,NA,NA,NA,NA,NA,NA,NA,NA,NA
170.106,7.2376,5.1065,7.8982,7.8212,54505.1080,83.6989,NA,NA,NA,NA,NA,NA,NA,NA,NA,NA
170.161,7.2127,4.7455,7.8887,7.6925,58580.0240,97.4326,NA,NA,NA,NA,NA,NA,NA,NA,NA,NA
170.283,7.1884,4.3919,7.8866,7.6635,58580.0240,97.4326,NA,NA,NA,NA,NA,NA,NA,NA,NA,NA
170.357,7.1443,3.7523,7.8774,7.5374,26895.5540,-9.3537,NA,NA,NA,NA,NA,NA,NA,NA,NA,NA
170.462,7.1272,3.5043,7.8686,7.4176,28363.4580,-4.4065,NA,NA,NA,NA,NA,NA,NA,NA,NA,NA
170.559,7.1045,3.1746,7.8641,7.3564,28363.4580,-4.4065,NA,NA,NA,NA,NA,NA,NA,NA,NA,NA
170.658,7.1036,3.1609,7.8467,7.1181,23370.9380,-21.2328,NA,NA,NA,NA,NA,NA,NA,NA,NA,NA
170.772,7.0992,3.0971,7.8409,7.0388,25520.6240,-13.9877,NA,NA,NA,NA,NA,NA,NA,NA,NA,NA
170.854,7.0911,2.9792,7.8375,6.9930,49031.6800,65.2518,NA,NA,NA,NA,NA,NA,NA,NA,NA,NA
170.956,7.0407,2.2471,7.8267,6.8462,52835.7680,78.0727,NA,NA,NA,NA,NA,NA,NA,NA,NA,NA
171.057,7.0065,1.7505,7.8248,6.8194,52835.7680,78.0727,NA,NA,NA,NA,NA,NA,NA,NA,NA,NA
171.158,6.9941,1.5707,7.8215,6.7751,33924.9280,14.3374,NA,NA,NA,NA,NA,NA,NA,NA,NA,NA
171.258,6.9769,1.3206,7.8145,6.6787,33924.9280,14.3374,NA,NA,NA,NA,NA,NA,NA,NA,NA,NA
171.398,6.9687,1.2019,7.8106,6.6250,24025.0160,-19.0283,NA,NA,NA,NA,NA,NA,NA,NA,NA,NA
171.451,6.9586,1.0556,7.8082,6.5930,25573.2580,-13.8103,NA,NA,NA,NA,NA,NA,NA,NA,NA,NA
171.569,6.9286,0.6199,7.8005,6.4885,47093.0680,58.7181,NA,NA,NA,NA,NA,NA,NA,NA,NA,NA
171.642,6.9070,0.3065,7.7956,6.4212,50256.0760,69.3784,NA,NA,NA,NA,NA,NA,NA,NA,NA,NA
171.747,6.8996,0.1977,7.7875,6.3099,52985.8800,78.5787,NA,NA,NA,NA,NA,NA,NA,NA,NA,NA
171.842,6.8744,-0.1678,7.7851,6.2780,52985.8800,78.5787,NA,NA,NA,NA,NA,NA,NA,NA,NA,NA
172.007,6.8649,-0.3054,7.7789,6.1925,26122.4180,-11.9594,193336.0960,0.0000,NA,NA,NA,NA,NA,NA,NA,NA
172.033,6.8427,-0.6284,7.7777,6.1765,51587.5680,73.8659,NA,NA,NA,NA,NA,NA,NA,NA,NA,NA
172.136,6.8377,-0.7007,7.7768,6.1642,51587.5680,73.8659,NA,NA,NA,NA,NA,NA,NA,NA,NA,NA
172.237,6.8377,-0.7007,7.7733,6.1169,26817.3920,-9.6172,NA,NA,NA,NA,NA,NA,NA,NA,NA,NA
172.327,6.8305,-0.8050,7.7641,5.9916,28698.5580,-3.2771,194840.9280,0.0000,NA,NA,NA,NA,NA,NA,NA,NA
172.435,6.8046,-1.1816,7.7586,5.9156,30301.0780,2.1239,NA,NA,NA,NA,NA,NA,NA,NA,NA,NA
172.567,6.7896,-1.3998,7.7516,5.8200,30301.0780,2.1239,NA,NA,NA,NA,NA,NA,NA,NA,NA,NA
172.636,6.7784,-1.5624,7.7448,5.7273,23662.5140,-20.2501,NA,NA,NA,NA,NA,NA,NA,NA,NA,NA
172.731,6.7742,-1.6229,7.7402,5.6645,25209.9940,-15.0346,NA,NA,NA,NA,NA,NA,NA,NA,NA,NA
172.846,6.7558,-1.8900,7.7366,5.6152,46335.5120,56.1649,NA,NA,NA,NA,NA,NA,NA,NA,NA,NA
172.934,6.7382,-2.1456,7.7351,5.5946,50301.4600,69.5313,NA,NA,NA,NA,NA,NA,NA,NA,NA,NA
173.029,6.7335,-2.2132,7.7256,5.4659,54477.5360,83.6060,NA,NA,NA,NA,NA,NA,NA,NA,NA,NA
173.120,6.7184,-2.4327,7.7234,5.4357,54477.5360,83.6060,NA,NA,NA,NA,NA,NA,NA,NA,NA,NA
173.219,6.7109,-2.5423,7.7069,5.2101,24078.2300,-18.8490,NA,NA,NA,NA,NA,NA,NA,NA,NA,NA
173.322,6.7084,-2.5780,7.7025,5.1496,26847.7780,-9.5148,NA,NA,NA,NA,NA,NA,NA,NA,NA,NA
173.422,6.7222,-2.3781,7.7002,5.1181,31585.9500,6.4543,NA,NA,NA,NA,NA,NA,NA,NA,NA,NA
173.515,6.7313,-2.2465,7.6985,5.0957,31585.9500,6.4543,NA,NA,NA,NA,NA,NA,NA,NA,NA,NA
173.632,6.7393,-2.1295,7.6985,5.0957,24048.6360,-18.9487,NA,NA,NA,NA,NA,NA,NA,NA,NA,NA
173.737,6.7393,-2.1295,7.6922,5.0089,25675.8040,-13.4647,NA,NA,NA,NA,NA,NA,NA,NA,NA,NA
173.809,6.7564,-1.8814,7.6893,4.9703,47007.6320,58.4301,NA,NA,NA,NA,NA,NA,NA,NA,NA,NA
173.906,6.7974,-1.2859,7.6891,4.9677,51342.9880,73.0416,NA,NA,NA,NA,NA,NA,NA,NA,NA,NA
174.007,6.8188,-0.9755,7.6831,4.8852,55261.3800,86.2478,NA,NA,NA,NA,NA,NA,NA,NA,NA,NA
174.126,6.8334,-0.7625,7.6793,4.8334,55261.3800,86.2478,NA,NA,NA,NA,NA,NA,NA,NA,NA,NA
174.197,6.8397,-0.6718,7.6750,4.7751,24621.8480,-17.0168,189485.6320,0.0000,NA,NA,NA,NA,NA,NA,NA,NA
174.313,6.8397,-0.6718,7.6741,4.7618,49074.2400,65.3952,NA,NA,NA,NA,NA,NA,NA,NA,NA,NA
174.407,6.8380,-0.6961,7.6699,4.7044,NA,NA,NA,NA,NA,NA,NA,NA,NA,NA,NA,NA
174.503,6.8102,-1.0993,7.6651,4.6388,NA,NA,NA,NA,NA,NA,NA,NA,NA,NA,NA,NA
174.605,6.7949,-1.3220,7.6673,4.6691,28464.5440,-4.0658,NA,NA,NA,NA,NA,NA,NA,NA,NA,NA
174.704,6.7862,-1.4485,7.6673,4.6691,28916.9780,-2.5409,NA,NA,NA,NA,NA,NA,NA,NA,NA,NA
174.795,6.7777,-1.5725,7.6601,4.5712,28916.9780,-2.5409,NA,NA,NA,NA,NA,NA,NA,NA,NA,NA
174.906,6.7759,-1.5977,7.6582,4.5450,23737.7200,-19.9966,NA,NA,NA,NA,NA,NA,NA,NA,NA,NA
174.993,6.7759,-1.5977,7.6549,4.5008,25757.8520,-13.1881,NA,NA,NA,NA,NA,NA,NA,NA,NA,NA
175.087,6.7723,-1.6498,7.6521,4.4619,49928.1840,68.2733,NA,NA,NA,NA,NA,NA,NA,NA,NA,NA
175.186,6.7505,-1.9666,7.6506,4.4416,52488.9000,76.9037,NA,NA,NA,NA,NA,NA,NA,NA,NA,NA
175.285,6.7337,-2.2106,7.6475,4.3998,54964.7680,85.2481,NA,NA,NA,NA,NA,NA,NA,NA,NA,NA
175.411,6.7280,-2.2938,7.6468,4.3901,54964.7680,85.2481,NA,NA,NA,NA,NA,NA,NA,NA,NA,NA
175.494,6.7117,-2.5298,7.6438,4.3493,24928.9640,-15.9818,NA,NA,NA,NA,NA,NA,NA,NA,NA,NA
175.597,6.7064,-2.6068,7.6396,4.2910,24928.9640,-15.9818,NA,NA,NA,NA,NA,NA,NA,NA,NA,NA
175.691,6.7036,-2.6474,7.6393,4.2874,25694.2640,-13.4025,NA,NA,NA,NA,NA,NA,NA,NA,NA,NA
175.779,6.6910,-2.8304,7.6346,4.2227,46977.2640,58.3278,NA,NA,NA,NA,NA,NA,NA,NA,NA,NA
175.881,6.6618,-3.2550,7.6265,4.1132,49929.4640,68.2776,NA,NA,NA,NA,NA,NA,NA,NA,NA,NA
175.981,6.6369,-3.6169,7.6180,3.9961,52273.6200,76.1781,NA,NA,NA,NA,NA,NA,NA,NA,NA,NA
176.076,6.6200,-3.8624,7.6126,3.9227,52273.6200,76.1781,NA,NA,NA,NA,NA,NA,NA,NA,NA,NA
176.193,6.6059,-4.0673,7.6065,3.8391,26516.6260,-10.6308,189334.5600,0.0000,NA,NA,NA,NA,NA,NA,NA,NA
176.276,6.5971,-4.1941,7.6056,3.8275,52231.2720,76.0354,NA,NA,NA,NA,NA,NA,NA,NA,NA,NA
176.373,6.5832,-4.3970,7.5976,3.7182,52231.2720,76.0354,NA,NA,NA,NA,NA,NA,NA,NA,NA,NA
176.471,6.5736,-4.5356,7.5941,3.6698,26809.9440,-9.6423,NA,NA,NA,NA,NA,NA,NA,NA,NA,NA
176.582,6.5608,-4.7222,7.5920,3.6417,28583.7380,-3.6640,NA,NA,NA,NA,NA,NA,NA,NA,NA,NA
176.734,6.5498,-4.8818,7.5915,3.6349,31658.0720,6.6974,NA,NA,NA,NA,NA,NA,NA,NA,NA,NA
176.763,6.5439,-4.9670,7.5853,3.5505,31658.0720,6.6974,NA,NA,NA,NA,NA,NA,NA,NA,NA,NA
176.862,6.5291,-5.1823,7.5792,3.4671,23140.3200,-22.0100,NA,NA,NA,NA,NA,NA,NA,NA,NA,NA
176.960,6.5127,-5.4201,7.5705,3.3484,24189.0640,-18.4754,NA,NA,NA,NA,NA,NA,NA,NA,NA,NA
177.061,6.5013,-5.5866,7.5649,3.2715,42085.4960,41.8410,NA,NA,NA,NA,NA,NA,NA,NA,NA,NA
177.157,6.4886,-5.7707,7.5613,3.2231,46339.5960,56.1786,NA,NA,NA,NA,NA,NA,NA,NA,NA,NA
177.256,6.4787,-5.9142,7.5592,3.1936,53735.8520,81.1063,NA,NA,NA,NA,NA,NA,NA,NA,NA,NA
177.360,6.4740,-5.9826,7.5553,3.1412,53735.8520,81.1063,NA,NA,NA,NA,NA,NA,NA,NA,NA,NA
177.462,6.4704,-6.0345,7.5523,3.1000,27375.3940,-7.7365,184555.9200,0.0000,NA,NA,NA,NA,NA,NA,NA,NA
177.569,6.4714,-6.0199,7.5460,3.0139,27510.9360,-7.2797,NA,NA,NA,NA,NA,NA,NA,NA,NA,NA
177.659,6.4719,-6.0135,7.5412,2.9483,31863.2580,7.3889,NA,NA,NA,NA,NA,NA,NA,NA,NA,NA
177.758,6.4732,-5.9937,7.5349,2.8618,31863.2580,7.3889,NA,NA,NA,NA,NA,NA,NA,NA,NA,NA
177.851,6.4732,-5.9937,7.5321,2.8238,24104.9680,-18.7589,NA,NA,NA,NA,NA,NA,NA,NA,NA,NA
178.023,6.4670,-6.0843,7.5163,2.6077,25732.5480,-13.2734,NA,NA,NA,NA,NA,NA,NA,NA,NA,NA
178.051,6.4539,-6.2743,7.5117,2.5450,47067.1120,58.6306,NA,NA,NA,NA,NA,NA,NA,NA,NA,NA
178.152,6.4463,-6.3844,7.5026,2.4211,51354.2680,73.0796,NA,NA,NA,NA,NA,NA,NA,NA,NA,NA
178.248,6.4379,-6.5071,7.4992,2.3747,55062.0880,85.5761,NA,NA,NA,NA,NA,NA,NA,NA,NA,NA
178.351,6.4246,-6.7001,7.4918,2.2736,55062.0880,85.5761,NA,NA,NA,NA,NA,NA,NA,NA,NA,NA
178.440,6.4169,-6.8110,7.4876,2.2167,24637.8240,-16.9630,185097.4080,0.0000,NA,NA,NA,NA,NA,NA,NA,NA
178.595,6.4122,-6.8799,7.4757,2.0542,48958.5520,65.0053,NA,NA,NA,NA,NA,NA,NA,NA,NA,NA
178.634,6.4093,-6.9223,7.4704,1.9811,48958.5520,65.0053,NA,NA,NA,NA,NA,NA,NA,NA,NA,NA
178.752,6.4074,-6.9493,7.4685,1.9553,26963.4120,-9.1250,NA,NA,NA,NA,NA,NA,NA,NA,NA,NA
178.844,6.4015,-7.0351,7.4648,1.9053,26963.4120,-9.1250,NA,NA,NA,NA,NA,NA,NA,NA,NA,NA
178.944,6.3988,-7.0741,7.4586,1.8207,24722.0940,-16.6790,NA,NA,NA,NA,NA,NA,NA,NA,NA,NA
179.064,6.3870,-7.2465,7.4570,1.7991,44218.8240,49.0310,NA,NA,NA,NA,NA,NA,NA,NA,NA,NA
179.175,6.3825,-7.3115,7.4520,1.7309,51632.0200,74.0157,NA,NA,NA,NA,NA,NA,NA,NA,NA,NA
179.244,6.3827,-7.3090,7.4505,1.7099,59618.7280,100.9334,NA,NA,NA,NA,NA,NA,NA,NA,NA,NA
179.335,6.3840,-7.2894,7.4473,1.6665,59618.7280,100.9334,NA,NA,NA,NA,NA,NA,NA,NA,NA,NA
179.433,6.3840,-7.2894,7.4465,1.6548,26794.2060,-9.6953,NA,NA,NA,NA,NA,NA,NA,NA,NA,NA
179.522,6.3835,-7.2965,7.4443,1.6251,29383.4660,-0.9687,NA,NA,NA,NA,NA,NA,NA,NA,NA,NA
179.637,6.3829,-7.3058,7.4420,1.5939,29383.4660,-0.9687,NA,NA,NA,NA,NA,NA,NA,NA,NA,NA
179.735,6.3837,-7.2943,7.4330,1.4704,21495.3420,-27.5541,NA,NA,NA,NA,NA,NA,NA,NA,NA,NA
179.823,6.3839,-7.2911,7.4273,1.3925,22796.5040,-23.1688,NA,NA,NA,NA,NA,NA,NA,NA,NA,NA
179.928,6.3839,-7.2911,7.4250,1.3618,24975.4720,-15.8250,NA,NA,NA,NA,NA,NA,NA,NA,NA,NA
180.019,6.3815,-7.3252,7.4250,1.3618,45607.3600,53.7108,NA,NA,NA,NA,NA,NA,NA,NA,NA,NA
180.119,6.3659,-7.5522,7.4185,1.2726,53225.2400,79.3854,NA,NA,NA,NA,NA,NA,NA,NA,NA,NA
180.213,6.3609,-7.6254,7.4183,1.2706,61268.0680,106.4922,NA,NA,NA,NA,NA,NA,NA,NA,NA,NA
180.333,6.3514,-7.7631,7.4161,1.2401,61268.0680,106.4922,NA,NA,NA,NA,NA,NA,NA,NA,NA,NA
180.408,6.3477,-7.8161,7.4125,1.1911,27475.3300,-7.3997,NA,NA,NA,NA,NA,NA,NA,NA,NA,NA
180.541,6.3438,-7.8726,7.4106,1.1645,30046.1200,1.2646,NA,NA,NA,NA,NA,NA,NA,NA,NA,NA
180.603,6.3382,-7.9550,7.4103,1.1607,30046.1200,1.2646,NA,NA,NA,NA,NA,NA,NA,NA,NA,NA
180.706,6.3348,-8.0042,7.3981,0.9940,21854.9640,-26.3421,NA,NA,NA,NA,NA,NA,NA,NA,NA,NA
180.806,6.3335,-8.0223,7.3927,0.9211,23242.1660,-21.6668,NA,NA,NA,NA,NA,NA,NA,NA,NA,NA
180.944,6.3292,-8.0859,7.3927,0.9211,40431.3200,36.2659,NA,NA,NA,NA,NA,NA,NA,NA,NA,NA
180.995,6.3144,-8.3000,7.3918,0.9086,46439.1360,56.5141,NA,NA,NA,NA,NA,NA,NA,NA,NA,NA
181.128,6.3034,-8.4600,7.3855,0.8222,54628.1520,84.1136,NA,NA,NA,NA,NA,NA,NA,NA,NA,NA
181.193,6.2969,-8.5549,7.3827,0.7848,62823.8840,111.7357,NA,NA,NA,NA,NA,NA,NA,NA,NA,NA
181.288,6.2919,-8.6269,7.3770,0.7061,62823.8840,111.7357,NA,NA,NA,NA,NA,NA,NA,NA,NA,NA
181.398,6.2900,-8.6548,7.3745,0.6718,28185.6680,-5.0057,NA,NA,NA,NA,NA,NA,NA,NA,NA,NA
181.540,6.2895,-8.6612,7.3706,0.6194,30818.5540,3.8680,NA,NA,NA,NA,NA,NA,NA,NA,NA,NA
181.597,6.2833,-8.7514,7.3645,0.5353,30818.5540,3.8680,NA,NA,NA,NA,NA,NA,NA,NA,NA,NA
181.697,6.2769,-8.8451,7.3554,0.4122,54214.8240,82.7206,NA,NA,NA,NA,NA,NA,NA,NA,NA,NA
181.807,6.2653,-9.0134,7.3521,0.3669,56064.2000,88.9535,NA,NA,NA,NA,NA,NA,NA,NA,NA,NA
181.889,6.2548,-9.1657,7.3473,0.3005,56064.2000,88.9535,NA,NA,NA,NA,NA,NA,NA,NA,NA,NA
181.986,6.2481,-9.2632,7.3426,0.2365,25443.7960,-14.2466,NA,NA,NA,NA,NA,NA,NA,NA,NA,NA
182.113,6.2351,-9.4513,7.3355,0.1400,26942.9660,-9.1939,NA,NA,NA,NA,NA,NA,NA,NA,NA,NA
182.182,6.2314,-9.5053,7.3290,0.0513,28994.4240,-2.2799,NA,NA,NA,NA,NA,NA,NA,NA,NA,NA
182.274,6.2314,-9.5053,7.3281,0.0391,28994.4240,-2.2799,NA,NA,NA,NA,NA,NA,NA,NA,NA,NA
182.378,6.2263,-9.5792,7.3257,0.0059,23966.3220,-19.2261,NA,NA,NA,NA,NA,NA,NA,NA,NA,NA
182.475,6.2031,-9.9159,7.3248,-0.0062,26200.3540,-11.6968,NA,NA,NA,NA,NA,NA,NA,NA,NA,NA
182.576,6.1897,-10.1106,7.3087,-0.2258,50761.4280,71.0816,NA,NA,NA,NA,NA,NA,NA,NA,NA,NA
182.675,6.1945,-10.0409,7.2983,-0.3678,54638.9640,84.1501,NA,NA,NA,NA,NA,NA,NA,NA,NA,NA
182.767,6.1945,-10.0409,7.2742,-0.6970,56888.3640,91.7312,NA,NA,NA,NA,NA,NA,NA,NA,NA,NA
182.866,6.1970,-10.0047,7.2532,-0.9841,56888.3640,91.7312,NA,NA,NA,NA,NA,NA,NA,NA,NA,NA
182.963,6.2012,-9.9438,7.2396,-1.1696,26046.4180,-12.2156,NA,NA,NA,NA,NA,NA,NA,NA,NA,NA
183.096,6.2040,-9.9038,7.2287,-1.3178,27454.2820,-7.4707,NA,NA,NA,NA,NA,NA,NA,NA,NA,NA
183.161,6.2104,-9.8107,7.2098,-1.5760,27454.2820,-7.4707,NA,NA,NA,NA,NA,NA,NA,NA,NA,NA
183.263,6.4783,-5.9202,7.2671,-0.7936,21800.6680,-26.5251,NA,NA,NA,NA,NA,NA,NA,NA,NA,NA
183.355,6.6292,-3.7290,7.3926,0.9200,24196.9960,-18.4487,NA,NA,NA,NA,NA,NA,NA,NA,NA,NA
183.459,6.7588,-1.8464,7.5983,3.7279,26658.7080,-10.1520,NA,NA,NA,NA,NA,NA,NA,NA,NA,NA
183.554,6.9435,0.8361,7.8074,6.5822,51838.3360,74.7111,NA,NA,NA,NA,NA,NA,NA,NA,NA,NA
183.657,7.3170,6.2605,7.8877,7.6788,55974.5640,88.6514,NA,NA,NA,NA,NA,NA,NA,NA,NA,NA
183.759,7.4971,8.8756,7.9697,8.7980,58167.2440,96.0414,NA,NA,NA,NA,NA,NA,NA,NA,NA,NA
183.877,7.5644,9.8531,8.0241,9.5400,58167.2440,96.0414,NA,NA,NA,NA,NA,NA,NA,NA,NA,NA
183.947,7.5900,10.2241,8.0404,9.7632,26723.9600,-9.9321,NA,NA,NA,NA,NA,NA,NA,NA,NA,NA
184.043,7.5939,10.2812,8.0460,9.8393,28194.4780,-4.9760,NA,NA,NA,NA,NA,NA,NA,NA,NA,NA
184.142,7.5939,10.2812,8.0489,9.8788,28194.4780,-4.9760,NA,NA,NA,NA,NA,NA,NA,NA,NA,NA
184.250,7.5889,10.2084,8.0489,9.8788,22316.2120,-24.7875,NA,NA,NA,NA,NA,NA,NA,NA,NA,NA
184.362,7.5889,10.2084,8.0470,9.8536,53270.0880,79.5365,NA,NA,NA,NA,NA,NA,NA,NA,NA,NA
184.443,7.5784,10.0568,8.0470,9.8536,56014.1560,88.7849,NA,NA,NA,NA,NA,NA,NA,NA,NA,NA
184.570,7.5721,9.9647,8.0361,9.7045,56014.1560,88.7849,NA,NA,NA,NA,NA,NA,NA,NA,NA,NA
184.639,7.5518,9.6694,8.0361,9.7045,27055.1800,-8.8158,193305.9680,0.0000,NA,NA,NA,NA,NA,NA,NA,NA
184.736,7.5518,9.6694,8.0333,9.6653,52271.2160,76.1700,NA,NA,NA,NA,NA,NA,NA,NA,NA,NA
184.834,7.5458,9.5822,8.0245,9.5457,52271.2160,76.1700,NA,NA,NA,NA,NA,NA,NA,NA,NA,NA
184.937,7.5318,9.3793,8.0770,10.2618,28888.5080,-2.6369,189984.5600,0.0000,NA,NA,NA,NA,NA,NA,NA,NA
185.039,7.5768,10.0325,8.1951,11.8747,61034.5520,105.7051,NA,NA,NA,NA,NA,NA,NA,NA,NA,NA
185.146,8.2342,19.5803,8.4843,15.8222,61034.5520,105.7051,NA,NA,NA,NA,NA,NA,NA,NA,NA,NA
185.268,8.4688,22.9868,8.6531,18.1269,26680.4000,-10.0789,NA,NA,NA,NA,NA,NA,NA,NA,NA,NA
185.334,8.8772,28.9170,8.8347,20.6061,26680.4000,-10.0789,NA,NA,NA,NA,NA,NA,NA,NA,NA,NA
185.430,9.0304,31.1419,8.8875,21.3270,26628.5160,-10.2537,NA,NA,NA,NA,NA,NA,NA,NA,NA,NA
185.530,9.0832,31.9096,8.9024,21.5307,50967.6080,71.7765,NA,NA,NA,NA,NA,NA,NA,NA,NA,NA
185.644,9.0897,32.0038,8.9054,21.5707,53246.4720,79.4569,NA,NA,NA,NA,NA,NA,NA,NA,NA,NA
185.725,9.0912,32.0248,8.9054,21.5707,57554.9920,93.9780,NA,NA,NA,NA,NA,NA,NA,NA,NA,NA
185.830,9.0912,32.0248,8.9045,21.5585,57554.9920,93.9780,NA,NA,NA,NA,NA,NA,NA,NA,NA,NA
185.920,9.0907,32.0188,8.8984,21.4759,26034.3040,-12.2564,NA,NA,NA,NA,NA,NA,NA,NA,NA,NA
186.019,9.0518,31.4536,8.8756,21.1642,27698.6960,-6.6469,NA,NA,NA,NA,NA,NA,NA,NA,NA,NA
186.122,9.0234,31.0407,8.8489,20.7999,27698.6960,-6.6469,NA,NA,NA,NA,NA,NA,NA,NA,NA,NA
186.227,8.9338,29.7394,8.8137,20.3188,22991.3900,-22.5120,NA,NA,NA,NA,NA,NA,NA,NA,NA,NA
186.314,8.8726,28.8511,8.8347,20.6068,25140.2660,-15.2696,NA,NA,NA,NA,NA,NA,NA,NA,NA,NA
186.430,8.7884,27.6274,8.8767,21.1801,48016.8000,61.8313,NA,NA,NA,NA,NA,NA,NA,NA,NA,NA
186.510,8.6672,25.8676,8.8767,21.1801,51953.7360,75.1000,NA,NA,NA,NA,NA,NA,NA,NA,NA,NA
186.665,8.5965,24.8408,8.8709,21.1006,54271.7280,82.9124,NA,NA,NA,NA,NA,NA,NA,NA,NA,NA
186.704,8.5650,24.3838,8.8751,21.1581,58557.5520,97.3569,NA,NA,NA,NA,NA,NA,NA,NA,NA,NA
186.804,8.5284,23.8519,8.9057,21.5760,58557.5520,97.3569,NA,NA,NA,NA,NA,NA,NA,NA,NA,NA
186.914,8.5120,23.6143,8.9294,21.8996,26859.7280,-9.4745,NA,NA,NA,NA,NA,NA,NA,NA,NA,NA
186.996,8.4858,23.2333,8.9294,21.8996,28348.7260,-4.4561,NA,NA,NA,NA,NA,NA,NA,NA,NA,NA
187.096,8.4843,23.2113,8.9197,21.7659,28348.7260,-4.4561,NA,NA,NA,NA,NA,NA,NA,NA,NA,NA
187.198,8.4732,23.0501,8.9066,21.5878,23371.6280,-21.2305,NA,NA,NA,NA,NA,NA,NA,NA,NA,NA
187.299,8.4499,22.7125,8.9049,21.5651,25636.8740,-13.5959,NA,NA,NA,NA,NA,NA,NA,NA,NA,NA
187.395,8.4387,22.5493,8.9049,21.5651,49311.8960,66.1962,NA,NA,NA,NA,NA,NA,NA,NA,NA,NA
187.515,8.4246,22.3451,8.8937,21.4119,53494.1280,80.2916,NA,NA,NA,NA,NA,NA,NA,NA,NA,NA
187.586,8.4050,22.0598,8.8810,21.2379,55949.8160,88.5680,NA,NA,NA,NA,NA,NA,NA,NA,NA,NA
187.690,8.3802,21.6996,8.8657,21.0291,55949.8160,88.5680,NA,NA,NA,NA,NA,NA,NA,NA,NA,NA
187.792,8.3549,21.3330,8.8511,20.8302,25497.6580,-14.0651,NA,NA,NA,NA,NA,NA,NA,NA,NA,NA
187.886,8.3416,21.1398,8.8437,20.7292,26954.2080,-9.1561,NA,NA,NA,NA,NA,NA,NA,NA,NA,NA
187.982,8.3059,20.6214,8.8278,20.5114,28959.3880,-2.3980,NA,NA,NA,NA,NA,NA,NA,NA,NA,NA
188.098,8.3059,20.6214,8.8014,20.1515,28959.3880,-2.3980,NA,NA,NA,NA,NA,NA,NA,NA,NA,NA
188.174,8.2895,20.3833,8.7828,19.8973,23726.9000,-20.0331,NA,NA,NA,NA,NA,NA,NA,NA,NA,NA
188.274,8.2813,20.2634,8.7723,19.7542,26068.5680,-12.1409,NA,NA,NA,NA,NA,NA,NA,NA,NA,NA
188.380,8.2648,20.0249,8.7637,19.6371,50189.0800,69.1526,NA,NA,NA,NA,NA,NA,NA,NA,NA,NA
188.474,8.2588,19.9373,8.7532,19.4933,55028.1520,85.4617,NA,NA,NA,NA,NA,NA,NA,NA,NA,NA
188.573,8.2418,19.6900,8.7362,19.2616,57911.0600,95.1780,NA,NA,NA,NA,NA,NA,NA,NA,NA,NA
188.722,8.2430,19.7071,8.7262,19.1245,57911.0600,95.1780,NA,NA,NA,NA,NA,NA,NA,NA,NA,NA
188.777,8.2482,19.7839,8.7158,18.9828,25995.6760,-12.3866,NA,NA,NA,NA,NA,NA,NA,NA,NA,NA
188.892,8.2482,19.7839,8.7090,18.8906,24538.5920,-17.2974,NA,NA,NA,NA,NA,NA,NA,NA,NA,NA
188.967,8.2435,19.7154,8.7035,18.8146,26214.3040,-11.6498,NA,NA,NA,NA,NA,NA,NA,NA,NA,NA
189.066,8.2314,19.5399,8.6911,18.6452,48352.5680,62.9630,NA,NA,NA,NA,NA,NA,NA,NA,NA,NA
189.163,8.2297,19.5149,8.6831,18.5367,52203.8600,75.9430,NA,NA,NA,NA,NA,NA,NA,NA,NA,NA
189.264,8.2251,19.4473,8.6755,18.4331,55483.6720,86.9970,NA,NA,NA,NA,NA,NA,NA,NA,NA,NA
189.400,8.2123,19.2618,8.6615,18.2419,55483.6720,86.9970,NA,NA,NA,NA,NA,NA,NA,NA,NA,NA
189.484,8.2010,19.0980,8.6514,18.1043,25612.9560,-13.6765,192915.5360,0.0000,NA,NA,NA,NA,NA,NA,NA,NA
189.577,8.1935,18.9886,8.6357,17.8892,50284.4600,69.4740,NA,NA,NA,NA,NA,NA,NA,NA,NA,NA
189.654,8.1838,18.8474,8.6214,17.6940,50284.4600,69.4740,NA,NA,NA,NA,NA,NA,NA,NA,NA,NA
189.755,8.1818,18.8190,8.6129,17.5781,27961.8240,-5.7601,191012.7840,0.0000,NA,NA,NA,NA,NA,NA,NA,NA
189.850,8.1818,18.8190,8.6096,17.5336,57912.6080,95.1832,NA,NA,NA,NA,NA,NA,NA,NA,NA,NA
189.958,8.1788,18.7751,8.6039,17.4556,NA,NA,NA,NA,NA,NA,NA,NA,NA,NA,NA,NA
190.059,8.1714,18.6675,8.5934,17.3127,NA,NA,NA,NA,NA,NA,NA,NA,NA,NA,NA,NA
190.154,8.1652,18.5781,8.5760,17.0745,32219.6280,8.5900,NA,NA,NA,NA,NA,NA,NA,NA,NA,NA
190.250,8.1678,18.6162,8.5580,16.8282,32998.3800,11.2147,NA,NA,NA,NA,NA,NA,NA,NA,NA,NA
190.346,8.1678,18.6162,8.5474,16.6837,32998.3800,11.2147,NA,NA,NA,NA,NA,NA,NA,NA,NA,NA
190.450,8.1646,18.5694,8.5404,16.5887,23487.4140,-20.8402,NA,NA,NA,NA,NA,NA,NA,NA,NA,NA
190.584,8.1579,18.4714,8.5314,16.4654,25036.6440,-15.6188,NA,NA,NA,NA,NA,NA,NA,NA,NA,NA
190.653,8.1530,18.4011,8.5162,16.2581,45902.4960,54.7055,NA,NA,NA,NA,NA,NA,NA,NA,NA,NA
190.768,8.1452,18.2873,8.5070,16.1319,49646.0080,67.3223,NA,NA,NA,NA,NA,NA,NA,NA,NA,NA
190.843,8.1352,18.1418,8.4998,16.0341,52587.1240,77.2347,NA,NA,NA,NA,NA,NA,NA,NA,NA,NA
190.939,8.1306,18.0756,8.4856,15.8403,52587.1240,77.2347,NA,NA,NA,NA,NA,NA,NA,NA,NA,NA
191.036,8.1246,17.9881,8.4763,15.7136,24353.7320,-17.9205,NA,NA,NA,NA,NA,NA,NA,NA,NA,NA
191.187,8.1172,17.8801,8.4632,15.5347,28230.4960,-4.8546,NA,NA,NA,NA,NA,NA,NA,NA,NA,NA
191.234,8.1127,17.8155,8.4356,15.1582,32844.1740,10.6949,NA,NA,NA,NA,NA,NA,NA,NA,NA,NA
191.344,8.1090,17.7612,8.4201,14.9466,32844.1740,10.6949,NA,NA,NA,NA,NA,NA,NA,NA,NA,NA
191.439,8.1031,17.6756,8.4024,14.7042,46195.9080,55.6944,NA,NA,NA,NA,NA,NA,NA,NA,NA,NA
191.543,8.0782,17.3149,8.3952,14.6059,50938.6960,71.6790,NA,NA,NA,NA,NA,NA,NA,NA,NA,NA
191.640,8.0719,17.2235,8.3855,14.4734,50938.6960,71.6790,NA,NA,NA,NA,NA,NA,NA,NA,NA,NA
191.770,8.0719,17.2235,8.3795,14.3922,28110.2040,-5.2600,189019.6640,0.0000,NA,NA,NA,NA,NA,NA,NA,NA
191.857,8.0673,17.1558,8.3686,14.2428,59497.5440,100.5250,NA,NA,NA,NA,NA,NA,NA,NA,NA,NA
191.941,8.0601,17.0512,8.3617,14.1496,59497.5440,100.5250,NA,NA,NA,NA,NA,NA,NA,NA,NA,NA
192.044,8.0553,16.9819,8.3573,14.0893,25987.0900,-12.4155,NA,NA,NA,NA,NA,NA,NA,NA,NA,NA
192.158,8.0553,16.9819,8.3492,13.9786,28533.2320,-3.8343,NA,NA,NA,NA,NA,NA,NA,NA,NA,NA
192.241,8.0493,16.8948,8.3434,13.8994,31116.6700,4.8727,NA,NA,NA,NA,NA,NA,NA,NA,NA,NA
192.336,8.0454,16.8380,8.3322,13.7465,31116.6700,4.8727,NA,NA,NA,NA,NA,NA,NA,NA,NA,NA
192.421,8.0434,16.8087,8.3261,13.6629,22608.9540,-23.8009,NA,NA,NA,NA,NA,NA,NA,NA,NA,NA
192.513,8.0294,16.6052,8.3207,13.5892,24521.4720,-17.3551,NA,NA,NA,NA,NA,NA,NA,NA,NA,NA
192.616,8.0034,16.2279,8.3162,13.5275,44132.5320,48.7402,NA,NA,NA,NA,NA,NA,NA,NA,NA,NA
192.717,7.9986,16.1578,8.3111,13.4582,51427.2640,73.3256,NA,NA,NA,NA,NA,NA,NA,NA,NA,NA
192.810,7.9877,16.0002,8.2941,13.2256,59323.9840,99.9400,NA,NA,NA,NA,NA,NA,NA,NA,NA,NA
192.920,7.9817,15.9135,8.2883,13.1468,59323.9840,99.9400,NA,NA,NA,NA,NA,NA,NA,NA,NA,NA
193.017,7.9793,15.8776,8.2710,12.9115,26679.9760,-10.0803,NA,NA,NA,NA,NA,NA,NA,NA,NA,NA
193.119,7.9706,15.7516,8.2690,12.8836,26679.9760,-10.0803,NA,NA,NA,NA,NA,NA,NA,NA,NA,NA
193.215,7.9706,15.7516,8.2607,12.7707,26960.6760,-9.1343,NA,NA,NA,NA,NA,NA,NA,NA,NA,NA
193.323,7.9588,15.5811,8.2567,12.7150,52083.8560,75.5386,NA,NA,NA,NA,NA,NA,NA,NA,NA,NA
193.408,7.9458,15.3914,8.2515,12.6444,55281.6040,86.3159,NA,NA,NA,NA,NA,NA,NA,NA,NA,NA
193.503,7.9396,15.3013,8.2446,12.5500,57870.2640,95.0405,NA,NA,NA,NA,NA,NA,NA,NA,NA,NA
193.600,7.9246,15.0839,8.2431,12.5304,57870.2640,95.0405,NA,NA,NA,NA,NA,NA,NA,NA,NA,NA
193.725,7.9161,14.9607,8.2388,12.4719,26692.6880,-10.0375,NA,NA,NA,NA,NA,NA,NA,NA,NA,NA
193.799,7.9097,14.8672,8.2287,12.3339,28148.3680,-5.1314,NA,NA,NA,NA,NA,NA,NA,NA,NA,NA
193.896,7.8895,14.5736,8.2155,12.1531,28148.3680,-5.1314,NA,NA,NA,NA,NA,NA,NA,NA,NA,NA
193.990,7.8798,14.4330,8.2074,12.0424,22370.9120,-24.6032,NA,NA,NA,NA,NA,NA,NA,NA,NA,NA
194.090,7.8443,13.9177,8.2051,12.0107,24809.8200,-16.3833,NA,NA,NA,NA,NA,NA,NA,NA,NA,NA
194.185,7.8161,13.5083,8.1973,11.9052,47157.1520,58.9341,NA,NA,NA,NA,NA,NA,NA,NA,NA,NA
194.291,7.7773,12.9445,8.1904,11.8099,52812.0800,77.9929,NA,NA,NA,NA,NA,NA,NA,NA,NA,NA
194.385,7.7484,12.5251,8.1863,11.7542,57472.1520,93.6988,NA,NA,NA,NA,NA,NA,NA,NA,NA,NA
194.486,7.7121,11.9973,8.1768,11.6250,59936.5480,102.0045,NA,NA,NA,NA,NA,NA,NA,NA,NA,NA
194.601,7.6942,11.7374,8.1732,11.5751,59936.5480,102.0045,NA,NA,NA,NA,NA,NA,NA,NA,NA,NA
194.729,7.6725,11.4232,8.1620,11.4227,27728.1280,-6.5477,NA,NA,NA,NA,NA,NA,NA,NA,NA,NA
194.774,7.6722,11.4179,8.1561,11.3424,29229.3500,-1.4881,NA,NA,NA,NA,NA,NA,NA,NA,NA,NA
194.900,7.6722,11.4179,8.1441,11.1781,29229.3500,-1.4881,NA,NA,NA,NA,NA,NA,NA,NA,NA,NA
195.022,7.6677,11.3528,8.1370,11.0814,22538.5260,-24.0383,NA,NA,NA,NA,NA,NA,NA,NA,NA,NA
195.122,7.6524,11.1310,8.1283,10.9634,24963.1280,-15.8666,NA,NA,NA,NA,NA,NA,NA,NA,NA,NA
195.169,7.6515,11.1175,8.1242,10.9062,47046.0160,58.5595,NA,NA,NA,NA,NA,NA,NA,NA,NA,NA
195.265,7.6367,10.9023,8.1206,10.8583,53432.9440,80.0854,NA,NA,NA,NA,NA,NA,NA,NA,NA,NA
195.374,7.6267,10.7570,8.1154,10.7869,59459.1280,100.3955,NA,NA,NA,NA,NA,NA,NA,NA,NA,NA
195.469,7.5873,10.1847,8.1085,10.6922,59459.1280,100.3955,NA,NA,NA,NA,NA,NA,NA,NA,NA,NA
195.561,7.5664,9.8811,8.1007,10.5865,26027.4320,-12.2796,NA,NA,NA,NA,NA,NA,NA,NA,NA,NA
195.660,7.5580,9.7599,8.0882,10.4149,28268.2980,-4.7272,NA,NA,NA,NA,NA,NA,NA,NA,NA,NA
195.760,7.5337,9.4065,8.0842,10.3606,30257.8800,1.9783,NA,NA,NA,NA,NA,NA,NA,NA,NA,NA
195.926,7.5217,9.2333,8.0734,10.2136,30257.8800,1.9783,NA,NA,NA,NA,NA,NA,NA,NA,NA,NA
195.982,7.4981,8.8902,8.0673,10.1303,22733.7660,-23.3802,NA,NA,NA,NA,NA,NA,NA,NA,NA,NA
196.054,7.4437,8.0996,8.0605,10.0372,25069.8520,-15.5069,NA,NA,NA,NA,NA,NA,NA,NA,NA,NA
196.164,7.3546,6.8057,8.0566,9.9836,46671.8000,57.2983,NA,NA,NA,NA,NA,NA,NA,NA,NA,NA
196.250,7.3076,6.1238,8.0553,9.9669,53544.4000,80.4610,NA,NA,NA,NA,NA,NA,NA,NA,NA,NA
196.353,7.2751,5.6514,8.0496,9.8887,60573.7280,104.1520,NA,NA,NA,NA,NA,NA,NA,NA,NA,NA
196.454,7.2572,5.3920,8.0469,9.8512,60573.7280,104.1520,NA,NA,NA,NA,NA,NA,NA,NA,NA,NA
196.583,7.2448,5.2117,8.0382,9.7326,25946.8360,-12.5512,NA,NA,NA,NA,NA,NA,NA,NA,NA,NA
196.645,7.2278,4.9643,8.0307,9.6308,24932.8540,-15.9686,NA,NA,NA,NA,NA,NA,NA,NA,NA,NA
196.825,7.2105,4.7139,8.0201,9.4852,26419.0440,-10.9597,NA,NA,NA,NA,NA,NA,NA,NA,NA,NA
196.843,7.1997,4.5563,8.0132,9.3913,50879.2760,71.4788,NA,NA,NA,NA,NA,NA,NA,NA,NA,NA
196.948,7.1785,4.2487,7.9996,9.2059,53062.6560,78.8374,NA,NA,NA,NA,NA,NA,NA,NA,NA,NA
197.035,7.1630,4.0230,7.9921,9.1037,57446.3000,93.6116,NA,NA,NA,NA,NA,NA,NA,NA,NA,NA
197.160,7.1549,3.9057,7.9851,9.0081,57446.3000,93.6116,NA,NA,NA,NA,NA,NA,NA,NA,NA,NA
197.241,7.1535,3.8858,7.9754,8.8759,26042.7120,-12.2281,NA,NA,NA,NA,NA,NA,NA,NA,NA,NA
197.331,7.1582,3.9536,7.9664,8.7532,27693.4360,-6.6646,NA,NA,NA,NA,NA,NA,NA,NA,NA,NA
197.429,7.1605,3.9876,7.9589,8.6499,27693.4360,-6.6646,NA,NA,NA,NA,NA,NA,NA,NA,NA,NA
197.531,7.1626,4.0172,7.9504,8.5340,22956.1000,-22.6309,NA,NA,NA,NA,NA,NA,NA,NA,NA,NA
197.626,7.1626,4.0172,7.9447,8.4562,25115.8420,-15.3519,NA,NA,NA,NA,NA,NA,NA,NA,NA,NA
197.766,7.1546,3.9021,7.9403,8.3965,48144.9480,62.2632,NA,NA,NA,NA,NA,NA,NA,NA,NA,NA
197.831,7.1515,3.8563,7.9322,8.2859,52292.9960,76.2434,NA,NA,NA,NA,NA,NA,NA,NA,NA,NA
197.935,7.1093,3.2434,7.9218,8.1436,54901.8360,85.0360,NA,NA,NA,NA,NA,NA,NA,NA,NA,NA
198.022,7.0748,2.7421,7.9155,8.0573,58640.6920,97.6371,NA,NA,NA,NA,NA,NA,NA,NA,NA,NA
198.125,7.0731,2.7183,7.9062,7.9312,58640.6920,97.6371,NA,NA,NA,NA,NA,NA,NA,NA,NA,NA
198.224,7.0604,2.5341,7.9003,7.8503,26996.1520,-9.0147,NA,NA,NA,NA,NA,NA,NA,NA,NA,NA
198.350,7.0440,2.2953,7.8927,7.7464,28370.8220,-4.3816,NA,NA,NA,NA,NA,NA,NA,NA,NA,NA
198.445,7.0299,2.0901,7.8866,7.6631,28370.8220,-4.3816,NA,NA,NA,NA,NA,NA,NA,NA,NA,NA
198.513,7.0116,1.8244,7.8794,7.5647,23128.9520,-22.0483,NA,NA,NA,NA,NA,NA,NA,NA,NA,NA
198.614,6.9836,1.4189,7.8777,7.5417,25495.8480,-14.0712,NA,NA,NA,NA,NA,NA,NA,NA,NA,NA
198.703,6.9783,1.3412,7.8675,7.4026,48885.1800,64.7580,NA,NA,NA,NA,NA,NA,NA,NA,NA,NA
198.802,6.9538,0.9854,7.8626,7.3359,53964.1240,81.8756,NA,NA,NA,NA,NA,NA,NA,NA,NA,NA
198.935,6.9320,0.6683,7.8582,7.2753,57446.9360,93.6138,NA,NA,NA,NA,NA,NA,NA,NA,NA,NA
199.012,6.9192,0.4834,7.8562,7.2486,57446.9360,93.6138,NA,NA,NA,NA,NA,NA,NA,NA,NA,NA
199.113,6.9157,0.4317,7.8479,7.1353,25747.6460,-13.2225,NA,NA,NA,NA,NA,NA,NA,NA,NA,NA
199.208,6.9143,0.4118,7.8450,7.0959,25747.6460,-13.2225,NA,NA,NA,NA,NA,NA,NA,NA,NA,NA
199.301,6.9143,0.4118,7.8372,6.9893,25917.0920,-12.6515,NA,NA,NA,NA,NA,NA,NA,NA,NA,NA
199.401,6.9023,0.2372,7.8293,6.8812,47192.4480,59.0530,NA,NA,NA,NA,NA,NA,NA,NA,NA,NA
199.551,6.8946,0.1259,7.8227,6.7907,51206.4920,72.5816,NA,NA,NA,NA,NA,NA,NA,NA,NA,NA
199.593,6.8893,0.0483,7.8193,6.7439,54824.0480,84.7738,NA,NA,NA,NA,NA,NA,NA,NA,NA,NA
199.693,6.8741,-0.1725,7.8060,6.5624,54824.0480,84.7738,NA,NA,NA,NA,NA,NA,NA,NA,NA,NA
199.788,6.8643,-0.3143,7.8003,6.4854,24779.1260,-16.4868,188470.1120,0.0000,NA,NA,NA,NA,NA,NA,NA,NA
199.894,6.8547,-0.4535,7.7989,6.4665,49060.8320,65.3500,NA,NA,NA,NA,NA,NA,NA,NA,NA,NA
199.992,6.8290,-0.8273,7.7893,6.3343,49060.8320,65.3500,NA,NA,NA,NA,NA,NA,NA,NA,NA,NA
200.092,6.8080,-1.1325,7.7849,6.2745,27059.3580,-8.8017,NA,NA,NA,NA,NA,NA,NA,NA,NA,NA
200.190,6.7974,-1.2859,7.7729,6.1104,30019.5580,1.1751,192045.3920,0.0000,NA,NA,NA,NA,NA,NA,NA,NA
200.284,6.7706,-1.6747,7.7659,6.0156,63676.3600,114.6088,NA,NA,NA,NA,NA,NA,NA,NA,NA,NA
200.390,6.7486,-1.9947,7.7496,5.7932,63676.3600,114.6088,NA,NA,NA,NA,NA,NA,NA,NA,NA,NA
200.487,6.7374,-2.1566,7.7426,5.6970,27629.3680,-6.8806,NA,NA,NA,NA,NA,NA,NA,NA,NA,NA
200.583,6.7249,-2.3380,7.7348,5.5909,26042.4660,-12.2289,NA,NA,NA,NA,NA,NA,NA,NA,NA,NA
200.685,6.7166,-2.4590,7.7258,5.4680,49486.7560,66.7855,NA,NA,NA,NA,NA,NA,NA,NA,NA,NA
200.780,6.7011,-2.6840,7.7212,5.4053,53654.3120,80.8315,NA,NA,NA,NA,NA,NA,NA,NA,NA,NA
200.882,6.6830,-2.9474,7.7186,5.3694,56047.8560,88.8985,NA,NA,NA,NA,NA,NA,NA,NA,NA,NA
201.000,6.6596,-3.2864,7.7137,5.3032,56047.8560,88.8985,NA,NA,NA,NA,NA,NA,NA,NA,NA,NA
201.073,6.6330,-3.6730,7.7129,5.2926,25573.7580,-13.8086,NA,NA,NA,NA,NA,NA,NA,NA,NA,NA
201.171,6.6163,-3.9151,7.7041,5.1724,27066.5780,-8.7773,NA,NA,NA,NA,NA,NA,NA,NA,NA,NA
201.270,6.5993,-4.1631,7.6933,5.0245,28988.9600,-2.2983,NA,NA,NA,NA,NA,NA,NA,NA,NA,NA
201.372,6.5895,-4.3045,7.6881,4.9532,28988.9600,-2.2983,NA,NA,NA,NA,NA,NA,NA,NA,NA,NA
201.466,6.5744,-4.5247,7.6799,4.8411,23682.7420,-20.1819,NA,NA,NA,NA,NA,NA,NA,NA,NA,NA
201.562,6.5636,-4.6817,7.6733,4.7520,26087.3380,-12.0777,NA,NA,NA,NA,NA,NA,NA,NA,NA,NA
201.664,6.5460,-4.9363,7.6666,4.6600,50394.5760,69.8452,NA,NA,NA,NA,NA,NA,NA,NA,NA,NA
201.764,6.5376,-5.0589,7.6595,4.5629,55376.2960,86.6351,NA,NA,NA,NA,NA,NA,NA,NA,NA,NA
201.865,6.5326,-5.1315,7.6542,4.4902,58791.8080,98.1464,NA,NA,NA,NA,NA,NA,NA,NA,NA,NA
201.960,6.5141,-5.4002,7.6503,4.4374,58791.8080,98.1464,NA,NA,NA,NA,NA,NA,NA,NA,NA,NA
202.059,6.4939,-5.6931,7.6477,4.4020,26487.0440,-10.7305,NA,NA,NA,NA,NA,NA,NA,NA,NA,NA
202.160,6.4714,-6.0206,7.6440,4.3515,28140.4120,-5.1582,NA,NA,NA,NA,NA,NA,NA,NA,NA,NA
202.248,6.4598,-6.1887,7.6395,4.2894,28140.4120,-5.1582,NA,NA,NA,NA,NA,NA,NA,NA,NA,NA
202.347,6.4559,-6.2449,7.6370,4.2560,21436.9640,-27.7509,NA,NA,NA,NA,NA,NA,NA,NA,NA,NA
202.446,6.4509,-6.3185,7.6301,4.1614,23582.1180,-20.5210,NA,NA,NA,NA,NA,NA,NA,NA,NA,NA
202.590,6.4426,-6.4380,7.6232,4.0673,26347.3300,-11.2014,NA,NA,NA,NA,NA,NA,NA,NA,NA,NA
202.641,6.4272,-6.6616,7.6120,3.9152,50559.4000,70.4007,NA,NA,NA,NA,NA,NA,NA,NA,NA,NA
202.742,6.4202,-6.7644,7.6053,3.8233,56665.0080,90.9784,NA,NA,NA,NA,NA,NA,NA,NA,NA,NA
202.839,6.4171,-6.8094,7.6008,3.7618,61086.3200,105.8796,NA,NA,NA,NA,NA,NA,NA,NA,NA,NA
202.944,6.4164,-6.8194,7.5951,3.6842,61086.3200,105.8796,NA,NA,NA,NA,NA,NA,NA,NA,NA,NA
203.036,6.4099,-6.9130,7.5922,3.6441,27321.9540,-7.9166,NA,NA,NA,NA,NA,NA,NA,NA,NA,NA
203.136,6.4064,-6.9644,7.5811,3.4922,29262.5860,-1.3761,NA,NA,NA,NA,NA,NA,NA,NA,NA,NA
203.239,6.4160,-6.8251,7.5743,3.4006,29262.5860,-1.3761,NA,NA,NA,NA,NA,NA,NA,NA,NA,NA
203.344,6.4224,-6.7322,7.5677,3.3104,21723.0520,-26.7867,NA,NA,NA,NA,NA,NA,NA,NA,NA,NA
203.443,6.4242,-6.7055,7.5632,3.2490,54351.5840,83.1815,NA,NA,NA,NA,NA,NA,NA,NA,NA,NA
203.564,6.4255,-6.6862,7.5601,3.2065,57949.0720,95.3061,NA,NA,NA,NA,NA,NA,NA,NA,NA,NA
203.639,6.4282,-6.6480,7.5516,3.0895,57949.0720,95.3061,NA,NA,NA,NA,NA,NA,NA,NA,NA,NA
203.783,6.4282,-6.6480,7.5472,3.0296,26089.5100,-12.0704,192802.9920,0.0000,NA,NA,NA,NA,NA,NA,NA,NA
203.837,6.4278,-6.6536,7.5414,2.9503,51556.5400,73.7613,NA,NA,NA,NA,NA,NA,NA,NA,NA,NA
203.925,6.4305,-6.6145,7.5341,2.8513,51556.5400,73.7613,NA,NA,NA,NA,NA,NA,NA,NA,NA,NA
204.023,6.4305,-6.6145,7.5308,2.8056,28368.2440,-4.3903,191900.6400,0.0000,NA,NA,NA,NA,NA,NA,NA,NA
204.122,6.4295,-6.6290,7.5255,2.7332,57024.0040,92.1884,NA,NA,NA,NA,NA,NA,NA,NA,NA,NA
204.221,6.4295,-6.6290,7.5221,2.6874,57024.0040,92.1884,NA,NA,NA,NA,NA,NA,NA,NA,NA,NA
204.332,6.4275,-6.6574,7.5162,2.6068,26923.0200,-9.2612,187952.3520,0.0000,NA,NA,NA,NA,NA,NA,NA,NA
204.424,6.4205,-6.7591,7.5111,2.5376,27779.8700,-6.3733,NA,NA,NA,NA,NA,NA,NA,NA,NA,NA
204.525,6.4146,-6.8452,7.5063,2.4712,32478.3980,9.4622,NA,NA,NA,NA,NA,NA,NA,NA,NA,NA
204.625,6.4085,-6.9336,7.5011,2.4011,32478.3980,9.4622,NA,NA,NA,NA,NA,NA,NA,NA,NA,NA
204.731,6.4047,-6.9887,7.4933,2.2940,24050.1920,-18.9435,NA,NA,NA,NA,NA,NA,NA,NA,NA,NA
204.842,6.3960,-7.1154,7.4914,2.2686,25688.1060,-13.4232,NA,NA,NA,NA,NA,NA,NA,NA,NA,NA
204.964,6.3857,-7.2653,7.4833,2.1570,46987.0000,58.3606,NA,NA,NA,NA,NA,NA,NA,NA,NA,NA
205.022,6.3715,-7.4702,7.4777,2.0816,51256.4840,72.7501,NA,NA,NA,NA,NA,NA,NA,NA,NA,NA
205.131,6.3654,-7.5596,7.4741,2.0322,55026.0960,85.4548,NA,NA,NA,NA,NA,NA,NA,NA,NA,NA
205.214,6.3523,-7.7495,7.4718,2.0008,55026.0960,85.4548,NA,NA,NA,NA,NA,NA,NA,NA,NA,NA
205.311,6.3523,-7.7495,7.4700,1.9766,24605.5240,-17.0718,187092.6720,0.0000,NA,NA,NA,NA,NA,NA,NA,NA
205.412,6.3489,-7.7992,7.4666,1.9300,49149.7360,65.6497,NA,NA,NA,NA,NA,NA,NA,NA,NA,NA
205.520,6.3515,-7.7619,7.4641,1.8962,NA,NA,NA,NA,NA,NA,NA,NA,NA,NA,NA,NA
205.617,6.3528,-7.7422,7.4627,1.8759,NA,NA,NA,NA,NA,NA,NA,NA,NA,NA,NA,NA
205.715,6.3593,-7.6482,7.4597,1.8348,28062.9280,-5.4193,NA,NA,NA,NA,NA,NA,NA,NA,NA,NA
205.813,6.3648,-7.5679,7.4543,1.7611,28706.5480,-3.2501,NA,NA,NA,NA,NA,NA,NA,NA,NA,NA
205.913,6.3695,-7.5002,7.4375,1.5320,28706.5480,-3.2501,NA,NA,NA,NA,NA,NA,NA,NA,NA,NA
206.013,6.3724,-7.4583,7.4324,1.4633,23305.3080,-21.4540,NA,NA,NA,NA,NA,NA,NA,NA,NA,NA
206.189,6.3778,-7.3801,7.4319,1.4563,25572.7860,-13.8119,NA,NA,NA,NA,NA,NA,NA,NA,NA,NA
206.200,6.3808,-7.3366,7.4257,1.3717,49076.0320,65.4013,NA,NA,NA,NA,NA,NA,NA,NA,NA,NA
206.303,6.3818,-7.3209,7.4226,1.3295,53875.2120,81.5760,NA,NA,NA,NA,NA,NA,NA,NA,NA,NA
206.400,6.3880,-7.2314,7.4215,1.3133,56692.2200,91.0702,NA,NA,NA,NA,NA,NA,NA,NA,NA,NA
206.494,6.3970,-7.1007,7.4107,1.1663,56692.2200,91.0702,NA,NA,NA,NA,NA,NA,NA,NA,NA,NA
206.594,6.3992,-7.0682,7.4107,1.1663,25637.5340,-13.5937,NA,NA,NA,NA,NA,NA,NA,NA,NA,NA
206.689,6.3992,-7.0682,7.4058,1.0989,27163.2180,-8.4516,NA,NA,NA,NA,NA,NA,NA,NA,NA,NA
206.803,6.3926,-7.1645,7.4035,1.0676,29027.3740,-2.1689,NA,NA,NA,NA,NA,NA,NA,NA,NA,NA
206.892,6.3918,-7.1757,7.3938,0.9356,29027.3740,-2.1689,NA,NA,NA,NA,NA,NA,NA,NA,NA,NA
206.992,6.3833,-7.3000,7.3925,0.9179,23448.5940,-20.9711,NA,NA,NA,NA,NA,NA,NA,NA,NA,NA
207.104,6.3785,-7.3690,7.3924,0.9162,25882.6720,-12.7675,NA,NA,NA,NA,NA,NA,NA,NA,NA,NA
207.194,6.3754,-7.4143,7.3924,0.9162,49581.8160,67.1059,NA,NA,NA,NA,NA,NA,NA,NA,NA,NA
207.286,6.3716,-7.4694,7.3902,0.8865,49581.8160,67.1059,NA,NA,NA,NA,NA,NA,NA,NA,NA,NA
207.404,6.3716,-7.4694,7.3917,0.9066,28775.1520,-3.0189,NA,NA,NA,NA,NA,NA,NA,NA,NA,NA
207.481,6.3641,-7.5790,7.3917,0.9066,28775.1520,-3.0189,NA,NA,NA,NA,NA,NA,NA,NA,NA,NA
207.586,6.3330,-8.0297,7.3913,0.9023,22834.2340,-23.0416,NA,NA,NA,NA,NA,NA,NA,NA,NA,NA
207.685,6.2965,-8.5594,7.3886,0.8652,24225.3960,-18.3530,NA,NA,NA,NA,NA,NA,NA,NA,NA,NA
207.780,6.2780,-8.8288,7.3873,0.8471,26168.5840,-11.8039,NA,NA,NA,NA,NA,NA,NA,NA,NA,NA
207.873,6.2581,-9.1181,7.3879,0.8550,48128.6440,62.2083,NA,NA,NA,NA,NA,NA,NA,NA,NA,NA
207.997,6.2464,-9.2879,7.3879,0.8550,52456.6400,76.7950,NA,NA,NA,NA,NA,NA,NA,NA,NA,NA
208.073,6.2382,-9.4066,7.3839,0.8008,56382.4000,90.0260,NA,NA,NA,NA,NA,NA,NA,NA,NA,NA
208.170,6.2282,-9.5513,7.3831,0.7893,56382.4000,90.0260,NA,NA,NA,NA,NA,NA,NA,NA,NA,NA
208.265,6.2159,-9.7309,7.3808,0.7585,25310.9460,-14.6944,188131.5040,0.0000,NA,NA,NA,NA,NA,NA,NA,NA
208.368,6.2111,-9.8005,7.3799,0.7462,50138.6080,68.9825,NA,NA,NA,NA,NA,NA,NA,NA,NA,NA
208.471,6.2016,-9.9376,7.3813,0.7653,50138.6080,68.9825,NA,NA,NA,NA,NA,NA,NA,NA,NA,NA
208.592,6.1935,-10.0563,7.3813,0.7653,27639.3300,-6.8470,187404.9280,0.0000,NA,NA,NA,NA,NA,NA,NA,NA
208.683,6.1875,-10.1434,7.3788,0.7312,56429.5320,90.1848,NA,NA,NA,NA,NA,NA,NA,NA,NA,NA
208.771,6.1771,-10.2933,7.3779,0.7181,NA,NA,NA,NA,NA,NA,NA,NA,NA,NA,NA,NA
208.865,6.1684,-10.4205,7.3732,0.6546,NA,NA,NA,NA,NA,NA,NA,NA,NA,NA,NA,NA
208.967,6.1577,-10.5752,7.3702,0.6140,32056.3000,8.0396,NA,NA,NA,NA,NA,NA,NA,NA,NA,NA
209.061,6.1534,-10.6380,7.3616,0.4957,32532.4800,9.6444,NA,NA,NA,NA,NA,NA,NA,NA,NA,NA
209.161,6.1519,-10.6604,7.3589,0.4588,32532.4800,9.6444,NA,NA,NA,NA,NA,NA,NA,NA,NA,NA
209.263,6.1501,-10.6868,7.3562,0.4222,23520.8440,-20.7275,NA,NA,NA,NA,NA,NA,NA,NA,NA,NA
209.363,6.1469,-10.7320,7.3531,0.3805,25148.2200,-15.2428,NA,NA,NA,NA,NA,NA,NA,NA,NA,NA
209.461,6.1459,-10.7476,7.3532,0.3815,45799.9840,54.3600,NA,NA,NA,NA,NA,NA,NA,NA,NA,NA
209.549,6.1380,-10.8615,7.3532,0.3815,50078.5520,68.7801,NA,NA,NA,NA,NA,NA,NA,NA,NA,NA
209.658,6.1278,-11.0103,7.3458,0.2808,53361.8680,79.8459,NA,NA,NA,NA,NA,NA,NA,NA,NA,NA
209.746,6.1227,-11.0833,7.3444,0.2619,53361.8680,79.8459,NA,NA,NA,NA,NA,NA,NA,NA,NA,NA
209.852,6.1197,-11.1269,7.3397,0.1971,23959.9720,-19.2476,NA,NA,NA,NA,NA,NA,NA,NA,NA,NA
209.973,6.1146,-11.2013,7.3353,0.1371,23961.0480,-19.2439,NA,NA,NA,NA,NA,NA,NA,NA,NA,NA
210.051,6.1123,-11.2344,7.3338,0.1171,24997.6180,-15.7504,NA,NA,NA,NA,NA,NA,NA,NA,NA,NA
210.145,6.1046,-11.3464,7.3312,0.0807,44379.6640,49.5731,NA,NA,NA,NA,NA,NA,NA,NA,NA,NA
210.314,6.0924,-11.5236,7.3294,0.0560,46773.3840,57.6406,NA,NA,NA,NA,NA,NA,NA,NA,NA,NA
210.396,6.0897,-11.5638,7.3285,0.0442,50088.1360,68.8124,NA,NA,NA,NA,NA,NA,NA,NA,NA,NA
210.476,6.0920,-11.5299,7.3223,-0.0403,50088.1360,68.8124,NA,NA,NA,NA,NA,NA,NA,NA,NA,NA
210.563,6.0936,-11.5068,7.3217,-0.0490,28076.5960,-5.3733,186844.6240,0.0000,NA,NA,NA,NA,NA,NA,NA,NA
210.636,6.0936,-11.5068,7.3159,-0.1275,58185.2240,96.1020,NA,NA,NA,NA,NA,NA,NA,NA,NA,NA
210.742,6.0925,-11.5224,7.3123,-0.1767,58185.2240,96.1020,NA,NA,NA,NA,NA,NA,NA,NA,NA,NA
210.841,6.0955,-11.4793,7.3109,-0.1963,26009.9460,-12.3385,NA,NA,NA,NA,NA,NA,NA,NA,NA,NA
210.981,6.0957,-11.4760,7.3100,-0.2089,28627.7460,-3.5157,NA,NA,NA,NA,NA,NA,NA,NA,NA,NA
211.034,6.1028,-11.3728,7.3100,-0.2089,31422.0220,5.9018,NA,NA,NA,NA,NA,NA,NA,NA,NA,NA
211.139,6.1057,-11.3315,7.3057,-0.2675,31422.0220,5.9018,NA,NA,NA,NA,NA,NA,NA,NA,NA,NA
211.248,6.1068,-11.3153,7.3018,-0.3199,22613.3280,-23.7862,NA,NA,NA,NA,NA,NA,NA,NA,NA,NA
211.336,6.1068,-11.3153,7.2978,-0.3753,24258.6980,-18.2408,NA,NA,NA,NA,NA,NA,NA,NA,NA,NA
211.421,6.1053,-11.3365,7.2963,-0.3946,42698.8120,43.9081,NA,NA,NA,NA,NA,NA,NA,NA,NA,NA
211.562,6.1053,-11.3365,7.2956,-0.4049,49481.5760,66.7681,NA,NA,NA,NA,NA,NA,NA,NA,NA,NA
211.620,6.1042,-11.3521,7.2924,-0.4478,57910.6720,95.1767,NA,NA,NA,NA,NA,NA,NA,NA,NA,NA
211.719,6.1018,-11.3876,7.2854,-0.5445,57910.6720,95.1767,NA,NA,NA,NA,NA,NA,NA,NA,NA,NA
211.829,6.1085,-11.2909,7.2827,-0.5813,26758.6220,-9.8152,190061.1360,0.0000,NA,NA,NA,NA,NA,NA,NA,NA
211.932,6.1128,-11.2274,7.2819,-0.5913,28457.1740,-4.0906,NA,NA,NA,NA,NA,NA,NA,NA,NA,NA
212.020,6.1176,-11.1586,7.2805,-0.6115,32947.3520,11.0427,NA,NA,NA,NA,NA,NA,NA,NA,NA,NA
212.145,6.1207,-11.1135,7.2796,-0.6232,32947.3520,11.0427,NA,NA,NA,NA,NA,NA,NA,NA,NA,NA
212.223,6.1207,-11.1128,7.2728,-0.7167,24046.2700,-18.9567,NA,NA,NA,NA,NA,NA,NA,NA,NA,NA
212.311,6.1207,-11.1128,7.2681,-0.7808,25650.3420,-13.5505,NA,NA,NA,NA,NA,NA,NA,NA,NA,NA
212.411,6.1133,-11.2208,7.2681,-0.7808,47106.6560,58.7639,NA,NA,NA,NA,NA,NA,NA,NA,NA,NA
212.525,6.1171,-11.1656,7.2674,-0.7901,51083.1520,72.1659,NA,NA,NA,NA,NA,NA,NA,NA,NA,NA
212.609,6.1186,-11.1438,7.2590,-0.9037,54244.9880,82.8222,NA,NA,NA,NA,NA,NA,NA,NA,NA,NA
212.775,6.1346,-10.9108,7.2513,-1.0094,54244.9880,82.8222,NA,NA,NA,NA,NA,NA,NA,NA,NA,NA
212.803,6.1440,-10.7745,7.2524,-0.9942,24763.0880,-16.5408,186740.9280,0.0000,NA,NA,NA,NA,NA,NA,NA,NA
212.914,6.1511,-10.6710,7.2524,-0.9942,48895.5960,64.7931,NA,NA,NA,NA,NA,NA,NA,NA,NA,NA
213.005,6.1570,-10.5856,7.2474,-1.0629,48895.5960,64.7931,NA,NA,NA,NA,NA,NA,NA,NA,NA,NA
213.105,6.1728,-10.3566,7.2434,-1.1175,27067.2520,-8.7751,NA,NA,NA,NA,NA,NA,NA,NA,NA,NA
213.214,6.1813,-10.2338,7.2327,-1.2628,27067.2520,-8.7751,NA,NA,NA,NA,NA,NA,NA,NA,NA,NA
213.350,6.1813,-10.2338,7.2199,-1.4381,24811.2640,-16.3784,NA,NA,NA,NA,NA,NA,NA,NA,NA,NA
213.402,6.1814,-10.2320,7.2118,-1.5494,44510.8320,50.0151,NA,NA,NA,NA,NA,NA,NA,NA,NA,NA
213.498,6.1839,-10.1959,7.1897,-1.8499,51913.6680,74.9650,NA,NA,NA,NA,NA,NA,NA,NA,NA,NA
213.600,6.1873,-10.1456,7.1814,-1.9639,59662.2880,101.0802,NA,NA,NA,NA,NA,NA,NA,NA,NA,NA
213.702,6.1944,-10.0423,7.1619,-2.2301,59662.2880,101.0802,NA,NA,NA,NA,NA,NA,NA,NA,NA,NA
213.808,6.1944,-10.0423,7.1398,-2.5316,26775.6440,-9.7579,NA,NA,NA,NA,NA,NA,NA,NA,NA,NA
213.887,6.1927,-10.0671,7.1284,-2.6876,29360.1080,-1.0474,NA,NA,NA,NA,NA,NA,NA,NA,NA,NA
213.989,6.1927,-10.0671,7.1216,-2.7804,29360.1080,-1.0474,NA,NA,NA,NA,NA,NA,NA,NA,NA,NA
214.092,6.2367,-9.4280,7.1891,-1.8591,21570.9640,-27.2992,NA,NA,NA,NA,NA,NA,NA,NA,NA,NA
214.189,6.3712,-7.4752,7.3661,0.5576,22792.0600,-23.1838,NA,NA,NA,NA,NA,NA,NA,NA,NA,NA
214.278,6.6444,-3.5082,7.5857,3.5559,24795.3600,-16.4320,NA,NA,NA,NA,NA,NA,NA,NA,NA,NA
214.380,6.9238,0.5503,7.7771,6.1683,44410.2840,49.6763,NA,NA,NA,NA,NA,NA,NA,NA,NA,NA
214.482,7.1598,3.9768,7.8469,7.1215,51648.5480,74.0714,NA,NA,NA,NA,NA,NA,NA,NA,NA,NA
214.574,7.4352,7.9766,7.9325,8.2903,60213.2200,102.9370,NA,NA,NA,NA,NA,NA,NA,NA,NA,NA
214.680,7.5917,10.2498,8.0129,9.3868,60213.2200,102.9370,NA,NA,NA,NA,NA,NA,NA,NA,NA,NA
214.777,7.6411,10.9665,8.0557,9.9716,27532.9000,-7.2057,NA,NA,NA,NA,NA,NA,NA,NA,NA,NA
214.874,7.6590,11.2273,8.0732,10.2103,30178.3260,1.7102,NA,NA,NA,NA,NA,NA,NA,NA,NA,NA
214.973,7.6604,11.2467,8.0732,10.2103,30178.3260,1.7102,NA,NA,NA,NA,NA,NA,NA,NA,NA,NA
215.080,7.6604,11.2467,8.0730,10.2074,22151.0860,-25.3441,NA,NA,NA,NA,NA,NA,NA,NA,NA,NA
215.197,7.6575,11.2048,8.0820,10.3304,23214.7880,-21.7590,NA,NA,NA,NA,NA,NA,NA,NA,NA,NA
215.261,7.6501,11.0977,8.0900,10.4395,40269.4000,35.7202,NA,NA,NA,NA,NA,NA,NA,NA,NA,NA
215.363,7.6467,11.0476,8.0900,10.4395,44286.2360,49.2582,NA,NA,NA,NA,NA,NA,NA,NA,NA,NA
215.467,7.6177,10.6268,8.0918,10.4644,51290.1360,72.8635,NA,NA,NA,NA,NA,NA,NA,NA,NA,NA
215.556,7.5713,9.9532,8.1473,11.2216,60319.0640,103.2937,NA,NA,NA,NA,NA,NA,NA,NA,NA,NA
215.660,7.8452,13.9302,8.3378,13.8224,60319.0640,103.2937,NA,NA,NA,NA,NA,NA,NA,NA,NA,NA
215.753,8.3072,20.6403,8.5430,16.6235,28320.3280,-4.5518,NA,NA,NA,NA,NA,NA,NA,NA,NA,NA
215.854,8.5145,23.6501,8.5981,17.3764,30855.9240,3.9939,NA,NA,NA,NA,NA,NA,NA,NA,NA,NA
215.964,8.7754,27.4393,8.6290,17.7974,30855.9240,3.9939,NA,NA,NA,NA,NA,NA,NA,NA,NA,NA
216.063,8.9790,30.3964,8.6818,18.5193,54869.4160,84.9267,NA,NA,NA,NA,NA,NA,NA,NA,NA,NA
216.150,9.1109,32.3112,8.7221,19.0691,59313.5840,99.9050,NA,NA,NA,NA,NA,NA,NA,NA,NA,NA
216.251,9.1596,33.0188,8.7609,19.5992,59313.5840,99.9050,NA,NA,NA,NA,NA,NA,NA,NA,NA,NA
216.400,9.1829,33.3571,8.7768,19.8159,25966.8260,-12.4838,NA,NA,NA,NA,NA,NA,NA,NA,NA,NA
216.462,9.1829,33.3571,8.7810,19.8737,27978.9760,-5.7023,NA,NA,NA,NA,NA,NA,NA,NA,NA,NA
216.547,9.1816,33.3381,8.7810,19.8737,29783.3780,0.3791,NA,NA,NA,NA,NA,NA,NA,NA,NA,NA
216.641,9.1811,33.3307,8.7783,19.8356,29783.3780,0.3791,NA,NA,NA,NA,NA,NA,NA,NA,NA,NA
216.742,9.1748,33.2403,8.7866,19.9497,23108.7040,-22.1166,NA,NA,NA,NA,NA,NA,NA,NA,NA,NA
216.915,9.1573,32.9859,8.7866,19.9497,25557.9460,-13.8619,NA,NA,NA,NA,NA,NA,NA,NA,NA,NA
216.932,9.0288,31.1193,8.9194,21.7619,48508.6120,63.4889,NA,NA,NA,NA,NA,NA,NA,NA,NA,NA
217.037,8.9581,30.0920,8.9434,22.0907,55064.1080,85.5829,NA,NA,NA,NA,NA,NA,NA,NA,NA,NA
217.135,8.8988,29.2311,8.9600,22.3162,60931.0760,105.3564,NA,NA,NA,NA,NA,NA,NA,NA,NA,NA
217.226,8.8946,29.1698,8.9600,22.3162,60931.0760,105.3564,NA,NA,NA,NA,NA,NA,NA,NA,NA,NA
217.330,8.8302,28.2347,8.9517,22.2039,26804.3920,-9.6610,NA,NA,NA,NA,NA,NA,NA,NA,NA,NA
217.426,8.7995,27.7888,9.0442,23.4657,28965.7760,-2.3765,NA,NA,NA,NA,NA,NA,NA,NA,NA,NA
217.527,8.7922,27.6836,9.0442,23.4657,28965.7760,-2.3765,NA,NA,NA,NA,NA,NA,NA,NA,NA,NA
217.642,8.7709,27.3738,8.9437,22.0939,21274.6220,-28.2980,NA,NA,NA,NA,NA,NA,NA,NA,NA,NA
217.740,8.7153,26.5672,8.9028,21.5361,23023.6520,-22.4032,NA,NA,NA,NA,NA,NA,NA,NA,NA,NA
217.821,8.6799,26.0530,8.8623,20.9830,25773.1340,-13.1366,NA,NA,NA,NA,NA,NA,NA,NA,NA,NA
217.920,8.6090,25.0235,8.8368,20.6354,48517.4160,63.5186,NA,NA,NA,NA,NA,NA,NA,NA,NA,NA
218.023,8.5806,24.6103,8.8244,20.4651,55575.5720,87.3067,NA,NA,NA,NA,NA,NA,NA,NA,NA,NA
218.136,8.5347,23.9436,8.7953,20.0683,62468.5800,110.5383,NA,NA,NA,NA,NA,NA,NA,NA,NA,NA
218.212,8.4962,23.3847,8.7796,19.8535,62468.5800,110.5383,NA,NA,NA,NA,NA,NA,NA,NA,NA,NA
218.306,8.4675,22.9673,8.7726,19.7582,27521.5500,-7.2439,NA,NA,NA,NA,NA,NA,NA,NA,NA,NA
218.415,8.4514,22.7347,8.7602,19.5896,29825.7660,0.5220,NA,NA,NA,NA,NA,NA,NA,NA,NA,NA
218.501,8.4186,22.2583,8.7501,19.4518,29825.7660,0.5220,NA,NA,NA,NA,NA,NA,NA,NA,NA,NA
218.613,8.4159,22.2186,8.7446,19.3760,21657.4940,-27.0076,NA,NA,NA,NA,NA,NA,NA,NA,NA,NA
218.713,8.4063,22.0796,8.7389,19.2982,54497.2080,83.6723,NA,NA,NA,NA,NA,NA,NA,NA,NA,NA
218.809,8.3924,21.8774,8.7366,19.2675,58774.9120,98.0895,NA,NA,NA,NA,NA,NA,NA,NA,NA,NA
218.921,8.3815,21.7189,8.7230,19.0816,58774.9120,98.0895,NA,NA,NA,NA,NA,NA,NA,NA,NA,NA
219.007,8.3774,21.6601,8.7144,18.9635,26546.7240,-10.5294,NA,NA,NA,NA,NA,NA,NA,NA,NA,NA
219.104,8.3535,21.3117,8.7057,18.8455,28418.8100,-4.2199,NA,NA,NA,NA,NA,NA,NA,NA,NA,NA
219.202,8.3501,21.2629,8.6914,18.6499,28418.8100,-4.2199,NA,NA,NA,NA,NA,NA,NA,NA,NA,NA
219.314,8.3467,21.2143,8.6730,18.3990,23631.2040,-20.3556,NA,NA,NA,NA,NA,NA,NA,NA,NA,NA
219.398,8.3467,21.2143,8.6616,18.2436,25694.7260,-13.4009,NA,NA,NA,NA,NA,NA,NA,NA,NA,NA
219.497,8.3390,21.1023,8.6562,18.1697,49604.5360,67.1825,NA,NA,NA,NA,NA,NA,NA,NA,NA,NA
219.601,8.3260,20.9129,8.6553,18.1576,53395.5560,79.9594,NA,NA,NA,NA,NA,NA,NA,NA,NA,NA
219.690,8.3109,20.6939,8.6436,17.9979,55533.0120,87.1633,NA,NA,NA,NA,NA,NA,NA,NA,NA,NA
219.794,8.3109,20.6939,8.6429,17.9872,55533.0120,87.1633,NA,NA,NA,NA,NA,NA,NA,NA,NA,NA
219.891,8.3120,20.7093,8.6429,17.9872,25391.0420,-14.4244,NA,NA,NA,NA,NA,NA,NA,NA,NA,NA
220.017,8.3120,20.7093,8.6399,17.9474,26776.6520,-9.7545,NA,NA,NA,NA,NA,NA,NA,NA,NA,NA
220.079,8.3081,20.6527,8.6292,17.8002,28863.0080,-2.7228,NA,NA,NA,NA,NA,NA,NA,NA,NA,NA
220.222,8.3081,20.6527,8.6223,17.7071,28863.0080,-2.7228,NA,NA,NA,NA,NA,NA,NA,NA,NA,NA
220.275,8.3054,20.6133,8.6168,17.6309,23910.0540,-19.4158,NA,NA,NA,NA,NA,NA,NA,NA,NA,NA
220.373,8.2985,20.5136,8.6137,17.5894,26213.5480,-11.6523,NA,NA,NA,NA,NA,NA,NA,NA,NA,NA
220.472,8.2932,20.4369,8.6043,17.4608,50746.3840,71.0309,NA,NA,NA,NA,NA,NA,NA,NA,NA,NA
220.603,8.2798,20.2423,8.5942,17.3223,55506.0880,87.0725,NA,NA,NA,NA,NA,NA,NA,NA,NA,NA
220.667,8.2670,20.0556,8.5878,17.2354,57966.6040,95.3652,NA,NA,NA,NA,NA,NA,NA,NA,NA,NA
220.773,8.2658,20.0393,8.5842,17.1861,57966.6040,95.3652,NA,NA,NA,NA,NA,NA,NA,NA,NA,NA
220.870,8.2674,20.0627,8.5702,16.9954,26287.3940,-11.4034,NA,NA,NA,NA,NA,NA,NA,NA,NA,NA
220.968,8.2674,20.0627,8.5628,16.8947,27815.5460,-6.2531,NA,NA,NA,NA,NA,NA,NA,NA,NA,NA
221.061,8.2650,20.0265,8.5522,16.7493,27815.5460,-6.2531,NA,NA,NA,NA,NA,NA,NA,NA,NA,NA
221.160,8.2650,20.0265,8.5454,16.6564,21525.0960,-27.4538,NA,NA,NA,NA,NA,NA,NA,NA,NA,NA
221.263,8.2515,19.8316,8.5238,16.3613,23817.0520,-19.7292,NA,NA,NA,NA,NA,NA,NA,NA,NA,NA
221.354,8.2451,19.7383,8.5156,16.2499,26516.5360,-10.6311,NA,NA,NA,NA,NA,NA,NA,NA,NA,NA
221.456,8.2236,19.4252,8.5133,16.2184,51264.1200,72.7758,NA,NA,NA,NA,NA,NA,NA,NA,NA,NA
221.554,8.2083,19.2041,8.5116,16.1950,56531.0920,90.5271,NA,NA,NA,NA,NA,NA,NA,NA,NA,NA
221.646,8.1859,18.8787,8.4932,15.9435,60585.0600,104.1902,NA,NA,NA,NA,NA,NA,NA,NA,NA,NA
221.744,8.1787,18.7733,8.4876,15.8682,60585.0600,104.1902,NA,NA,NA,NA,NA,NA,NA,NA,NA,NA
221.846,8.1693,18.6376,8.4838,15.8158,27287.8240,-8.0317,NA,NA,NA,NA,NA,NA,NA,NA,NA,NA
221.950,8.1510,18.3713,8.4688,15.6117,28959.5140,-2.3976,NA,NA,NA,NA,NA,NA,NA,NA,NA,NA
222.046,8.1350,18.1388,8.4606,15.4996,28959.5140,-2.3976,NA,NA,NA,NA,NA,NA,NA,NA,NA,NA
222.154,8.1301,18.0682,8.4526,15.3898,49569.5520,67.0646,NA,NA,NA,NA,NA,NA,NA,NA,NA,NA
222.251,8.1154,17.8545,8.4458,15.2972,53589.4400,80.6128,NA,NA,NA,NA,NA,NA,NA,NA,NA,NA
222.360,8.0893,17.4754,8.4350,15.1491,57098.9600,92.4410,NA,NA,NA,NA,NA,NA,NA,NA,NA,NA
222.439,8.0454,16.8377,8.4275,15.0472,57098.9600,92.4410,NA,NA,NA,NA,NA,NA,NA,NA,NA,NA
222.536,8.0209,16.4817,8.4146,14.8717,26092.6240,-12.0599,192303.1040,0.0000,NA,NA,NA,NA,NA,NA,NA,NA
222.643,8.0104,16.3293,8.4128,14.8471,51109.5440,72.2548,NA,NA,NA,NA,NA,NA,NA,NA,NA,NA
222.732,7.9747,15.8111,8.4038,14.7238,51109.5440,72.2548,NA,NA,NA,NA,NA,NA,NA,NA,NA,NA
222.838,7.9269,15.1173,8.3875,14.5011,28474.4940,-4.0322,193028.6080,0.0000,NA,NA,NA,NA,NA,NA,NA,NA
222.970,7.9054,14.8055,8.3809,14.4114,57631.2800,94.2351,NA,NA,NA,NA,NA,NA,NA,NA,NA,NA
223.034,7.8934,14.6309,8.3687,14.2445,57631.2800,94.2351,NA,NA,NA,NA,NA,NA,NA,NA,NA,NA
223.158,7.8747,14.3597,8.3519,14.0155,26558.7740,-10.4888,NA,NA,NA,NA,NA,NA,NA,NA,NA,NA
223.238,7.8645,14.2113,8.3415,13.8734,24432.6180,-17.6546,NA,NA,NA,NA,NA,NA,NA,NA,NA,NA
223.338,7.8521,14.0314,8.3293,13.7072,26737.5260,-9.8863,NA,NA,NA,NA,NA,NA,NA,NA,NA,NA
223.429,7.8094,13.4114,8.3202,13.5828,51679.1800,74.1747,NA,NA,NA,NA,NA,NA,NA,NA,NA,NA
223.554,7.7782,12.9573,8.3097,13.4398,56218.4400,89.4734,NA,NA,NA,NA,NA,NA,NA,NA,NA,NA
223.624,7.7701,12.8401,8.3041,13.3622,58828.7960,98.2711,NA,NA,NA,NA,NA,NA,NA,NA,NA,NA
223.740,7.7606,12.7023,8.2921,13.1989,58828.7960,98.2711,NA,NA,NA,NA,NA,NA,NA,NA,NA,NA
223.826,7.7441,12.4623,8.2862,13.1188,27112.6520,-8.6221,NA,NA,NA,NA,NA,NA,NA,NA,NA,NA
223.926,7.7289,12.2420,8.2774,12.9982,28634.2180,-3.4939,NA,NA,NA,NA,NA,NA,NA,NA,NA,NA
224.016,7.7287,12.2391,8.2635,12.8088,28634.2180,-3.4939,NA,NA,NA,NA,NA,NA,NA,NA,NA,NA
224.150,7.7287,12.2391,8.2627,12.7972,22072.1100,-25.6102,NA,NA,NA,NA,NA,NA,NA,NA,NA,NA
224.213,7.7163,12.0594,8.2528,12.6623,24409.7040,-17.7318,NA,NA,NA,NA,NA,NA,NA,NA,NA,NA
224.310,7.7080,11.9386,8.2439,12.5414,45856.6880,54.5511,NA,NA,NA,NA,NA,NA,NA,NA,NA,NA
224.414,7.6822,11.5639,8.2374,12.4525,52119.3720,75.6583,NA,NA,NA,NA,NA,NA,NA,NA,NA,NA
224.507,7.6590,11.2263,8.2357,12.4288,57990.8760,95.4470,NA,NA,NA,NA,NA,NA,NA,NA,NA,NA
224.605,7.6490,11.0810,8.2370,12.4468,61456.7280,107.1280,NA,NA,NA,NA,NA,NA,NA,NA,NA,NA
224.710,7.6490,11.0810,8.2370,12.4468,61456.7280,107.1280,NA,NA,NA,NA,NA,NA,NA,NA,NA,NA
224.802,7.6378,10.9186,8.2305,12.3577,28049.6640,-5.4640,NA,NA,NA,NA,NA,NA,NA,NA,NA,NA
224.899,7.6295,10.7985,8.2220,12.2420,29639.2700,-0.1066,NA,NA,NA,NA,NA,NA,NA,NA,NA,NA
224.997,7.6256,10.7422,8.2118,12.1021,29639.2700,-0.1066,NA,NA,NA,NA,NA,NA,NA,NA,NA,NA
225.099,7.6239,10.7164,8.2078,12.0481,22400.9980,-24.5018,NA,NA,NA,NA,NA,NA,NA,NA,NA,NA
225.196,7.6186,10.6397,8.2021,11.9704,24616.7080,-17.0341,NA,NA,NA,NA,NA,NA,NA,NA,NA,NA
225.339,7.6178,10.6288,8.1979,11.9131,45841.3840,54.4995,NA,NA,NA,NA,NA,NA,NA,NA,NA,NA
225.391,7.5926,10.2618,8.1965,11.8945,52520.7480,77.0110,NA,NA,NA,NA,NA,NA,NA,NA,NA,NA
225.486,7.5661,9.8779,8.1899,11.8033,58922.3120,98.5863,NA,NA,NA,NA,NA,NA,NA,NA,NA,NA
225.589,7.5613,9.8074,8.1877,11.7733,58922.3120,98.5863,NA,NA,NA,NA,NA,NA,NA,NA,NA,NA
225.692,7.5578,9.7572,8.1785,11.6487,26033.9440,-12.2576,NA,NA,NA,NA,NA,NA,NA,NA,NA,NA
225.790,7.5426,9.5363,8.1712,11.5484,26033.9440,-12.2576,NA,NA,NA,NA,NA,NA,NA,NA,NA,NA
225.946,7.5288,9.3353,8.1655,11.4712,25985.8700,-12.4197,NA,NA,NA,NA,NA,NA,NA,NA,NA,NA
225.990,7.4900,8.7730,8.1618,11.4199,48855.8720,64.6593,NA,NA,NA,NA,NA,NA,NA,NA,NA,NA
226.084,7.4615,8.3585,8.1585,11.3751,51734.2520,74.3603,NA,NA,NA,NA,NA,NA,NA,NA,NA,NA
226.192,7.4366,7.9972,8.1439,11.1750,56329.5920,89.8480,NA,NA,NA,NA,NA,NA,NA,NA,NA,NA
226.277,7.4127,7.6498,8.1360,11.0684,56329.5920,89.8480,NA,NA,NA,NA,NA,NA,NA,NA,NA,NA
226.377,7.3950,7.3923,8.1273,10.9486,25145.8720,-15.2507,NA,NA,NA,NA,NA,NA,NA,NA,NA,NA
226.479,7.3654,6.9629,8.1167,10.8046,26991.0100,-9.0320,NA,NA,NA,NA,NA,NA,NA,NA,NA,NA
226.580,7.3277,6.4153,8.1117,10.7355,26991.0100,-9.0320,NA,NA,NA,NA,NA,NA,NA,NA,NA,NA
226.674,7.2984,5.9894,8.1080,10.6852,22571.5140,-23.9271,NA,NA,NA,NA,NA,NA,NA,NA,NA,NA
226.773,7.2689,5.5611,8.1035,10.6239,24555.5640,-17.2402,NA,NA,NA,NA,NA,NA,NA,NA,NA,NA
226.873,7.2524,5.3215,8.0943,10.4986,26257.2000,-11.5052,NA,NA,NA,NA,NA,NA,NA,NA,NA,NA
226.975,7.2135,4.7574,8.0888,10.4237,50634.6240,70.6542,NA,NA,NA,NA,NA,NA,NA,NA,NA,NA
227.065,7.1932,4.4623,8.0840,10.3577,52980.7040,78.5612,NA,NA,NA,NA,NA,NA,NA,NA,NA,NA
227.190,7.1509,3.8477,8.0724,10.1991,57591.4920,94.1010,NA,NA,NA,NA,NA,NA,NA,NA,NA,NA
227.270,7.1320,3.5736,8.0648,10.0952,57591.4920,94.1010,NA,NA,NA,NA,NA,NA,NA,NA,NA,NA
227.360,7.1225,3.4351,8.0523,9.9257,26075.1660,-12.1187,NA,NA,NA,NA,NA,NA,NA,NA,NA,NA
227.456,7.1209,3.4125,8.0474,9.8586,27683.4980,-6.6981,NA,NA,NA,NA,NA,NA,NA,NA,NA,NA
227.560,7.1158,3.3374,8.0455,9.8321,27683.4980,-6.6981,NA,NA,NA,NA,NA,NA,NA,NA,NA,NA
227.675,7.1114,3.2744,8.0277,9.5897,22887.7620,-22.8612,NA,NA,NA,NA,NA,NA,NA,NA,NA,NA
227.751,7.0980,3.0790,8.0243,9.5424,25045.5560,-15.5888,NA,NA,NA,NA,NA,NA,NA,NA,NA,NA
227.848,7.0894,2.9550,8.0177,9.4534,47882.1560,61.3775,NA,NA,NA,NA,NA,NA,NA,NA,NA,NA
227.945,7.0842,2.8791,8.0141,9.4040,52151.8480,75.7677,NA,NA,NA,NA,NA,NA,NA,NA,NA,NA
228.046,7.0673,2.6337,8.0031,9.2536,54612.3200,84.0603,NA,NA,NA,NA,NA,NA,NA,NA,NA,NA
228.148,7.0927,3.0028,7.9970,9.1708,58682.9120,97.7794,NA,NA,NA,NA,NA,NA,NA,NA,NA,NA
228.283,7.0985,3.0867,7.9949,9.1414,58682.9120,97.7794,NA,NA,NA,NA,NA,NA,NA,NA,NA,NA
228.372,7.1216,3.4222,7.9896,9.0699,26954.1940,-9.1561,NA,NA,NA,NA,NA,NA,NA,NA,NA,NA
228.436,7.1442,3.7506,7.9853,9.0108,28240.1580,-4.8220,NA,NA,NA,NA,NA,NA,NA,NA,NA,NA
228.538,7.1442,3.7506,7.9790,8.9241,28240.1580,-4.8220,NA,NA,NA,NA,NA,NA,NA,NA,NA,NA
228.637,7.1272,3.5037,7.9670,8.7609,23200.1320,-21.8084,NA,NA,NA,NA,NA,NA,NA,NA,NA,NA
228.730,7.1130,3.2968,7.9560,8.6112,25517.5600,-13.9980,NA,NA,NA,NA,NA,NA,NA,NA,NA,NA
228.826,7.0779,2.7880,7.9514,8.5481,48989.6480,65.1101,NA,NA,NA,NA,NA,NA,NA,NA,NA,NA
228.934,7.0570,2.4842,7.9514,8.5481,53852.8960,81.5008,NA,NA,NA,NA,NA,NA,NA,NA,NA,NA
229.034,7.0488,2.3645,7.9439,8.4454,53852.8960,81.5008,NA,NA,NA,NA,NA,NA,NA,NA,NA,NA
229.131,7.0348,2.1620,7.9399,8.3908,33629.2680,13.3409,NA,NA,NA,NA,NA,NA,NA,NA,NA,NA
229.226,6.9870,1.4681,7.9340,8.3100,33629.2680,13.3409,NA,NA,NA,NA,NA,NA,NA,NA,NA,NA
229.324,6.9602,1.0777,7.9249,8.1865,24081.9960,-18.8363,NA,NA,NA,NA,NA,NA,NA,NA,NA,NA
229.422,6.9171,0.4528,7.9180,8.0919,25664.5940,-13.5025,NA,NA,NA,NA,NA,NA,NA,NA,NA,NA
229.540,6.8900,0.0596,7.9126,8.0178,47039.0240,58.5359,NA,NA,NA,NA,NA,NA,NA,NA,NA,NA
229.625,6.8613,-0.3576,7.9081,7.9570,50820.7840,71.2816,NA,NA,NA,NA,NA,NA,NA,NA,NA,NA
229.725,6.8368,-0.7140,7.9017,7.8698,54075.2880,82.2503,NA,NA,NA,NA,NA,NA,NA,NA,NA,NA
229.825,6.8259,-0.8723,7.8980,7.8188,54075.2880,82.2503,NA,NA,NA,NA,NA,NA,NA,NA,NA,NA
229.921,6.8259,-0.8723,7.8905,7.7164,24873.3520,-16.1692,189068.6400,0.0000,NA,NA,NA,NA,NA,NA,NA,NA
230.020,6.8120,-1.0745,7.8865,7.6616,49107.3200,65.5067,NA,NA,NA,NA,NA,NA,NA,NA,NA,NA
230.159,6.8070,-1.1462,7.8814,7.5925,49107.3200,65.5067,NA,NA,NA,NA,NA,NA,NA,NA,NA,NA
230.214,6.8051,-1.1735,7.8771,7.5340,27227.0920,-8.2364,NA,NA,NA,NA,NA,NA,NA,NA,NA,NA
230.310,6.8004,-1.2424,7.8721,7.4656,29960.9380,0.9775,191016.4640,0.0000,NA,NA,NA,NA,NA,NA,NA,NA
230.439,6.7908,-1.3817,7.8695,7.4292,29960.9380,0.9775,NA,NA,NA,NA,NA,NA,NA,NA,NA,NA
230.530,6.7989,-1.2639,7.8616,7.3219,29316.4200,-1.1947,NA,NA,NA,NA,NA,NA,NA,NA,NA,NA
230.608,6.8060,-1.1612,7.8424,7.0595,23694.2840,-20.1430,NA,NA,NA,NA,NA,NA,NA,NA,NA,NA
230.743,6.8254,-0.8798,7.8383,7.0039,25751.0100,-13.2112,NA,NA,NA,NA,NA,NA,NA,NA,NA,NA
230.806,6.8254,-0.8798,7.8351,6.9598,49652.8560,67.3453,NA,NA,NA,NA,NA,NA,NA,NA,NA,NA
230.910,6.8351,-0.7383,7.8286,6.8713,53139.5840,79.0967,NA,NA,NA,NA,NA,NA,NA,NA,NA,NA
231.010,6.8422,-0.6346,7.8278,6.8611,55267.5320,86.2685,NA,NA,NA,NA,NA,NA,NA,NA,NA,NA
231.095,6.8481,-0.5493,7.8236,6.8037,55267.5320,86.2685,NA,NA,NA,NA,NA,NA,NA,NA,NA,NA
231.208,6.8481,-0.5493,7.8163,6.7028,25225.0160,-14.9840,NA,NA,NA,NA,NA,NA,NA,NA,NA,NA
231.326,6.8431,-0.6226,7.8081,6.5921,26648.4480,-10.1866,NA,NA,NA,NA,NA,NA,NA,NA,NA,NA
231.423,6.8319,-0.7843,7.8009,6.4936,28895.7760,-2.6124,NA,NA,NA,NA,NA,NA,NA,NA,NA,NA
231.494,6.8319,-0.7843,7.7924,6.3777,28895.7760,-2.6124,NA,NA,NA,NA,NA,NA,NA,NA,NA,NA
231.587,6.8187,-0.9761,7.7880,6.3172,23997.7080,-19.1204,NA,NA,NA,NA,NA,NA,NA,NA,NA,NA
231.695,6.8128,-1.0629,7.7847,6.2715,26211.5900,-11.6589,NA,NA,NA,NA,NA,NA,NA,NA,NA,NA
231.786,6.8010,-1.2339,7.7764,6.1592,50821.9120,71.2854,NA,NA,NA,NA,NA,NA,NA,NA,NA,NA
231.948,6.7785,-1.5609,7.7732,6.1146,54921.6920,85.1029,NA,NA,NA,NA,NA,NA,NA,NA,NA,NA
231.984,6.7684,-1.7072,7.7714,6.0909,57173.9280,92.6937,NA,NA,NA,NA,NA,NA,NA,NA,NA,NA
232.086,6.7684,-1.7072,7.7714,6.0909,57173.9280,92.6937,NA,NA,NA,NA,NA,NA,NA,NA,NA,NA
232.178,6.7663,-1.7373,7.7644,5.9946,26077.5100,-12.1108,NA,NA,NA,NA,NA,NA,NA,NA,NA,NA
232.279,6.7491,-1.9875,7.7605,5.9415,27566.2800,-7.0932,NA,NA,NA,NA,NA,NA,NA,NA,NA,NA
232.381,6.7259,-2.3239,7.7538,5.8499,27566.2800,-7.0932,NA,NA,NA,NA,NA,NA,NA,NA,NA,NA
232.521,6.7112,-2.5381,7.7500,5.7983,21646.3720,-27.0451,NA,NA,NA,NA,NA,NA,NA,NA,NA,NA
232.570,6.7126,-2.5175,7.7468,5.7544,24019.5580,-19.0467,NA,NA,NA,NA,NA,NA,NA,NA,NA,NA
232.717,6.7126,-2.5175,7.7459,5.7423,26618.4000,-10.2878,NA,NA,NA,NA,NA,NA,NA,NA,NA,NA
232.776,6.6956,-2.7645,7.7459,5.7423,51667.0880,74.1339,NA,NA,NA,NA,NA,NA,NA,NA,NA,NA
232.875,6.6937,-2.7916,7.7428,5.7002,51667.0880,74.1339,NA,NA,NA,NA,NA,NA,NA,NA,NA,NA
232.972,6.6953,-2.7689,7.7419,5.6874,30393.8560,2.4366,NA,NA,NA,NA,NA,NA,NA,NA,NA,NA
233.075,6.7115,-2.5337,7.7419,5.6874,30393.8560,2.4366,NA,NA,NA,NA,NA,NA,NA,NA,NA,NA
233.210,6.7115,-2.5337,7.7397,5.6579,23258.3100,-21.6124,NA,NA,NA,NA,NA,NA,NA,NA,NA,NA
233.262,6.7098,-2.5577,7.7306,5.5336,24726.4800,-16.6642,NA,NA,NA,NA,NA,NA,NA,NA,NA,NA
233.364,6.7046,-2.6339,7.7281,5.4995,45318.2080,52.7363,NA,NA,NA,NA,NA,NA,NA,NA,NA,NA
233.465,6.6864,-2.8975,7.7238,5.4407,49111.1080,65.5195,NA,NA,NA,NA,NA,NA,NA,NA,NA,NA
233.560,6.6603,-3.2765,7.7078,5.2224,53070.0880,78.8625,NA,NA,NA,NA,NA,NA,NA,NA,NA,NA
233.661,6.5673,-4.6276,7.7013,5.1331,56490.3320,90.3897,NA,NA,NA,NA,NA,NA,NA,NA,NA,NA
233.795,6.5366,-5.0739,7.6938,5.0317,56490.3320,90.3897,NA,NA,NA,NA,NA,NA,NA,NA,NA,NA
233.850,6.4959,-5.6637,7.6884,4.9570,26220.7200,-11.6281,191884.5280,0.0000,NA,NA,NA,NA,NA,NA,NA,NA
233.954,6.4847,-5.8272,7.6883,4.9562,51137.4600,72.3489,NA,NA,NA,NA,NA,NA,NA,NA,NA,NA
234.051,6.4640,-6.1279,7.6879,4.9502,51137.4600,72.3489,NA,NA,NA,NA,NA,NA,NA,NA,NA,NA
234.147,6.4227,-6.7280,7.6858,4.9216,28869.0600,-2.7024,191418.8960,0.0000,NA,NA,NA,NA,NA,NA,NA,NA
234.246,6.3837,-7.2936,7.6821,4.8714,59532.0000,100.6411,NA,NA,NA,NA,NA,NA,NA,NA,NA,NA
234.420,6.3483,-7.8078,7.6780,4.8159,59532.0000,100.6411,NA,NA,NA,NA,NA,NA,NA,NA,NA,NA
234.445,6.3189,-8.2343,7.6686,4.6879,26312.8200,-11.3177,NA,NA,NA,NA,NA,NA,NA,NA,NA,NA
234.551,6.3062,-8.4188,7.6590,4.5568,24815.7040,-16.3635,NA,NA,NA,NA,NA,NA,NA,NA,NA,NA
234.645,6.2810,-8.7849,7.6544,4.4930,26857.8540,-9.4808,NA,NA,NA,NA,NA,NA,NA,NA,NA,NA
234.742,6.2491,-9.2489,7.6415,4.3171,52221.5400,76.0026,NA,NA,NA,NA,NA,NA,NA,NA,NA,NA
234.904,6.2432,-9.3344,7.6358,4.2400,55578.5440,87.3167,NA,NA,NA,NA,NA,NA,NA,NA,NA,NA
234.941,6.2388,-9.3978,7.6323,4.1919,57676.2040,94.3865,NA,NA,NA,NA,NA,NA,NA,NA,NA,NA
235.035,6.2375,-9.4175,7.6223,4.0554,57676.2040,94.3865,NA,NA,NA,NA,NA,NA,NA,NA,NA,NA
235.139,6.2347,-9.4570,7.6143,3.9463,26617.4480,-10.2910,NA,NA,NA,NA,NA,NA,NA,NA,NA,NA
235.235,6.2316,-9.5031,7.6097,3.8837,28084.2180,-5.3476,NA,NA,NA,NA,NA,NA,NA,NA,NA,NA
235.341,6.2271,-9.5681,7.5992,3.7397,28084.2180,-5.3476,NA,NA,NA,NA,NA,NA,NA,NA,NA,NA
235.432,6.2271,-9.5681,7.5929,3.6541,22320.9680,-24.7715,NA,NA,NA,NA,NA,NA,NA,NA,NA,NA
235.535,6.2320,-9.4969,7.5860,3.5599,24833.7060,-16.3028,NA,NA,NA,NA,NA,NA,NA,NA,NA,NA
235.622,6.2320,-9.4969,7.5799,3.4766,47258.1040,59.2743,NA,NA,NA,NA,NA,NA,NA,NA,NA,NA
235.721,6.2258,-9.5861,7.5665,3.2931,52923.0720,78.3670,NA,NA,NA,NA,NA,NA,NA,NA,NA,NA
235.818,6.2258,-9.5861,7.5597,3.2005,57352.0760,93.2941,NA,NA,NA,NA,NA,NA,NA,NA,NA,NA
235.921,6.2231,-9.6258,7.5536,3.1168,59659.9320,101.0723,NA,NA,NA,NA,NA,NA,NA,NA,NA,NA
236.018,6.2231,-9.6258,7.5470,3.0266,59659.9320,101.0723,NA,NA,NA,NA,NA,NA,NA,NA,NA,NA
236.119,6.2217,-9.6467,7.5415,2.9519,27533.1740,-7.2048,NA,NA,NA,NA,NA,NA,NA,NA,NA,NA
236.217,6.2194,-9.6799,7.5325,2.8295,29024.2200,-2.1795,NA,NA,NA,NA,NA,NA,NA,NA,NA,NA
236.313,6.2167,-9.7189,7.5281,2.7693,29024.2200,-2.1795,NA,NA,NA,NA,NA,NA,NA,NA,NA,NA
236.472,6.2152,-9.7407,7.5204,2.6636,22631.4140,-23.7252,NA,NA,NA,NA,NA,NA,NA,NA,NA,NA
236.509,6.2147,-9.7478,7.5146,2.5843,25092.1220,-15.4319,NA,NA,NA,NA,NA,NA,NA,NA,NA,NA
236.609,6.2147,-9.7478,7.5109,2.5344,47678.5760,60.6914,NA,NA,NA,NA,NA,NA,NA,NA,NA,NA
236.714,6.2103,-9.8123,7.5066,2.4761,53907.5200,81.6849,NA,NA,NA,NA,NA,NA,NA,NA,NA,NA
236.813,6.2099,-9.8181,7.5041,2.4420,53907.5200,81.6849,NA,NA,NA,NA,NA,NA,NA,NA,NA,NA
236.906,6.2077,-9.8489,7.5041,2.4420,32287.8000,8.8198,NA,NA,NA,NA,NA,NA,NA,NA,NA,NA
237.010,6.2075,-9.8531,7.4976,2.3523,32287.8000,8.8198,NA,NA,NA,NA,NA,NA,NA,NA,NA,NA
237.103,6.2068,-9.8628,7.4942,2.3059,24288.8580,-18.1391,NA,NA,NA,NA,NA,NA,NA,NA,NA,NA
237.205,6.2060,-9.8745,7.4922,2.2790,25743.6180,-13.2361,NA,NA,NA,NA,NA,NA,NA,NA,NA,NA
237.295,6.1994,-9.9702,7.4857,2.1898,47439.6960,59.8863,NA,NA,NA,NA,NA,NA,NA,NA,NA,NA
237.405,6.1939,-10.0498,7.4768,2.0684,51252.7240,72.7374,NA,NA,NA,NA,NA,NA,NA,NA,NA,NA
237.493,6.1911,-10.0904,7.4729,2.0162,55429.9840,86.8160,NA,NA,NA,NA,NA,NA,NA,NA,NA,NA
237.605,6.1837,-10.1982,7.4679,1.9474,55429.9840,86.8160,NA,NA,NA,NA,NA,NA,NA,NA,NA,NA
237.692,6.1807,-10.2411,7.4672,1.9378,24651.1640,-16.9180,187878.1440,0.0000,NA,NA,NA,NA,NA,NA,NA,NA
237.792,6.1788,-10.2691,7.4560,1.7855,49982.4480,68.4562,NA,NA,NA,NA,NA,NA,NA,NA,NA,NA
237.887,6.1679,-10.4283,7.4499,1.7021,49982.4480,68.4562,NA,NA,NA,NA,NA,NA,NA,NA,NA,NA
237.985,6.1645,-10.4765,7.4482,1.6787,26618.2500,-10.2883,NA,NA,NA,NA,NA,NA,NA,NA,NA,NA
238.082,6.1534,-10.6381,7.4472,1.6649,30137.0140,1.5710,193436.9440,0.0000,NA,NA,NA,NA,NA,NA,NA,NA
238.189,6.1532,-10.6409,7.4454,1.6399,30137.0140,1.5710,NA,NA,NA,NA,NA,NA,NA,NA,NA,NA
238.288,6.1450,-10.7601,7.4400,1.5664,29412.0500,-0.8724,NA,NA,NA,NA,NA,NA,NA,NA,NA,NA
238.390,6.1333,-10.9308,7.4389,1.5512,23083.3040,-22.2022,NA,NA,NA,NA,NA,NA,NA,NA,NA,NA
238.542,6.1325,-10.9416,7.4348,1.4952,25558.1920,-13.8611,NA,NA,NA,NA,NA,NA,NA,NA,NA,NA
238.605,6.1243,-11.0614,7.4355,1.5046,49037.2360,65.2705,NA,NA,NA,NA,NA,NA,NA,NA,NA,NA
238.684,6.1202,-11.1201,7.4355,1.5046,54447.4200,83.5045,NA,NA,NA,NA,NA,NA,NA,NA,NA,NA
238.792,6.1173,-11.1629,7.4307,1.4399,58153.9640,95.9967,NA,NA,NA,NA,NA,NA,NA,NA,NA,NA
238.877,6.1136,-11.2168,7.4307,1.4399,58153.9640,95.9967,NA,NA,NA,NA,NA,NA,NA,NA,NA,NA
238.980,6.1117,-11.2443,7.4279,1.4020,25782.8300,-13.1040,NA,NA,NA,NA,NA,NA,NA,NA,NA,NA
239.126,6.1103,-11.2641,7.4256,1.3703,27468.4880,-7.4228,NA,NA,NA,NA,NA,NA,NA,NA,NA,NA
239.172,6.1078,-11.3001,7.4231,1.3357,29323.0040,-1.1725,NA,NA,NA,NA,NA,NA,NA,NA,NA,NA
239.272,6.1096,-11.2747,7.4220,1.3201,29323.0040,-1.1725,NA,NA,NA,NA,NA,NA,NA,NA,NA,NA
239.369,6.1111,-11.2526,7.4162,1.2414,23360.5980,-21.2676,NA,NA,NA,NA,NA,NA,NA,NA,NA,NA
239.465,6.1111,-11.2526,7.4125,1.1905,25925.7680,-12.6222,NA,NA,NA,NA,NA,NA,NA,NA,NA,NA
239.570,6.1080,-11.2972,7.4086,1.1381,49658.9520,67.3659,NA,NA,NA,NA,NA,NA,NA,NA,NA,NA
239.719,6.1067,-11.3163,7.4068,1.1138,55753.9760,87.9080,NA,NA,NA,NA,NA,NA,NA,NA,NA,NA
239.756,6.1047,-11.3459,7.4004,1.0255,60069.3840,102.4522,NA,NA,NA,NA,NA,NA,NA,NA,NA,NA
239.862,6.1058,-11.3288,7.4000,1.0211,60069.3840,102.4522,NA,NA,NA,NA,NA,NA,NA,NA,NA,NA
239.964,6.1084,-11.2915,7.3980,0.9930,26541.2780,-10.5478,NA,NA,NA,NA,NA,NA,NA,NA,NA,NA
240.062,6.1084,-11.2915,7.3918,0.9088,28377.1500,-4.3603,NA,NA,NA,NA,NA,NA,NA,NA,NA,NA
240.163,6.1113,-11.2501,7.3895,0.8768,28377.1500,-4.3603,NA,NA,NA,NA,NA,NA,NA,NA,NA,NA
240.250,6.1170,-11.1671,7.3864,0.8342,21289.3920,-28.2482,NA,NA,NA,NA,NA,NA,NA,NA,NA,NA
240.363,6.1170,-11.1671,7.3831,0.7896,23413.9280,-21.0879,NA,NA,NA,NA,NA,NA,NA,NA,NA,NA
240.445,6.1155,-11.1886,7.3785,0.7275,26242.3500,-11.5552,NA,NA,NA,NA,NA,NA,NA,NA,NA,NA
240.553,6.1135,-11.2172,7.3760,0.6932,50224.8560,69.2732,NA,NA,NA,NA,NA,NA,NA,NA,NA,NA
240.650,6.1088,-11.2857,7.3767,0.7017,50224.8560,69.2732,NA,NA,NA,NA,NA,NA,NA,NA,NA,NA
240.745,6.1069,-11.3139,7.3767,0.7017,28964.8480,-2.3796,NA,NA,NA,NA,NA,NA,NA,NA,NA,NA
240.843,6.1070,-11.3120,7.3747,0.6745,28964.8480,-2.3796,NA,NA,NA,NA,NA,NA,NA,NA,NA,NA
241.010,6.1091,-11.2818,7.3709,0.6230,23428.5100,-21.0387,NA,NA,NA,NA,NA,NA,NA,NA,NA,NA
241.040,6.1091,-11.2818,7.3665,0.5633,24842.4040,-16.2735,NA,NA,NA,NA,NA,NA,NA,NA,NA,NA
241.139,6.1070,-11.3118,7.3655,0.5495,47383.5920,59.6972,NA,NA,NA,NA,NA,NA,NA,NA,NA,NA
241.235,6.0954,-11.4810,7.3664,0.5621,49472.1040,66.7362,NA,NA,NA,NA,NA,NA,NA,NA,NA,NA
241.332,6.0954,-11.4810,7.3664,0.5621,53426.2000,80.0627,NA,NA,NA,NA,NA,NA,NA,NA,NA,NA
241.430,6.0929,-11.5166,7.3601,0.4762,57511.3800,93.8310,NA,NA,NA,NA,NA,NA,NA,NA,NA,NA
241.529,6.0906,-11.5508,7.3529,0.3770,57511.3800,93.8310,NA,NA,NA,NA,NA,NA,NA,NA,NA,NA
241.633,6.0906,-11.5508,7.3506,0.3456,26046.3420,-12.2158,NA,NA,NA,NA,NA,NA,NA,NA,NA,NA
241.726,6.0900,-11.5596,7.3491,0.3257,28921.0280,-2.5273,NA,NA,NA,NA,NA,NA,NA,NA,NA,NA
241.829,6.0934,-11.5092,7.3487,0.3207,28921.0280,-2.5273,NA,NA,NA,NA,NA,NA,NA,NA,NA,NA
241.925,6.0958,-11.4749,7.3422,0.2318,23878.7040,-19.5214,NA,NA,NA,NA,NA,NA,NA,NA,NA,NA
242.017,6.0960,-11.4718,7.3393,0.1925,25458.8180,-14.1960,NA,NA,NA,NA,NA,NA,NA,NA,NA,NA
242.166,6.0960,-11.4718,7.3371,0.1620,48919.1280,64.8725,NA,NA,NA,NA,NA,NA,NA,NA,NA,NA
242.218,6.0889,-11.5755,7.3342,0.1227,51119.4120,72.2881,NA,NA,NA,NA,NA,NA,NA,NA,NA,NA
242.318,6.0928,-11.5179,7.3342,0.1224,54655.0040,84.2041,NA,NA,NA,NA,NA,NA,NA,NA,NA,NA
242.416,6.1031,-11.3686,7.3333,0.1104,54655.0040,84.2041,NA,NA,NA,NA,NA,NA,NA,NA,NA,NA
242.521,6.1093,-11.2780,7.3333,0.1104,24706.6180,-16.7311,NA,NA,NA,NA,NA,NA,NA,NA,NA,NA
242.610,6.1134,-11.2196,7.3311,0.0797,26225.6680,-11.6115,NA,NA,NA,NA,NA,NA,NA,NA,NA,NA
242.705,6.1226,-11.0851,7.3311,0.0797,29174.7920,-1.6720,NA,NA,NA,NA,NA,NA,NA,NA,NA,NA
242.808,6.1294,-10.9861,7.3257,0.0067,29174.7920,-1.6720,NA,NA,NA,NA,NA,NA,NA,NA,NA,NA
242.906,6.1294,-10.9861,7.3216,-0.0504,24297.5400,-18.1098,NA,NA,NA,NA,NA,NA,NA,NA,NA,NA
243.002,6.1245,-11.0579,7.3154,-0.1339,26101.7800,-12.0290,NA,NA,NA,NA,NA,NA,NA,NA,NA,NA
243.106,6.1141,-11.2089,7.3074,-0.2436,50433.0720,69.9749,NA,NA,NA,NA,NA,NA,NA,NA,NA,NA
243.198,6.0948,-11.4893,7.2880,-0.5085,53297.9920,79.6306,NA,NA,NA,NA,NA,NA,NA,NA,NA,NA
243.359,6.0893,-11.5688,7.2753,-0.6816,55874.9280,88.3156,NA,NA,NA,NA,NA,NA,NA,NA,NA,NA
243.394,6.0787,-11.7225,7.2638,-0.8384,55874.9280,88.3156,NA,NA,NA,NA,NA,NA,NA,NA,NA,NA
243.498,6.0739,-11.7922,7.2545,-0.9658,25498.8720,-14.0610,NA,NA,NA,NA,NA,NA,NA,NA,NA,NA
243.599,6.0621,-11.9642,7.2413,-1.1455,25497.9880,-14.0640,NA,NA,NA,NA,NA,NA,NA,NA,NA,NA
243.696,6.0559,-12.0540,7.2267,-1.3459,26159.0720,-11.8359,NA,NA,NA,NA,NA,NA,NA,NA,NA,NA
243.789,6.0425,-12.2482,7.2171,-1.4758,47729.4160,60.8628,NA,NA,NA,NA,NA,NA,NA,NA,NA,NA
243.890,6.1293,-10.9882,7.2820,-0.5903,50789.9920,71.1778,NA,NA,NA,NA,NA,NA,NA,NA,NA,NA
243.987,6.2475,-9.2714,7.4606,1.8482,53667.3000,80.8752,NA,NA,NA,NA,NA,NA,NA,NA,NA,NA
244.085,6.4207,-6.7561,7.6613,4.5876,53667.3000,80.8752,NA,NA,NA,NA,NA,NA,NA,NA,NA,NA
244.182,6.6182,-3.8885,7.7719,6.0978,26834.8360,-9.5584,193641.0080,0.0000,NA,NA,NA,NA,NA,NA,NA,NA
244.281,6.9811,1.3821,7.9098,7.9802,52426.0240,76.6918,NA,NA,NA,NA,NA,NA,NA,NA,NA,NA
244.385,7.2238,4.9070,8.0241,9.5407,52426.0240,76.6918,NA,NA,NA,NA,NA,NA,NA,NA,NA,NA
244.486,7.4584,8.3133,8.0975,10.5426,27914.7780,-5.9186,187725.0880,0.0000,NA,NA,NA,NA,NA,NA,NA,NA
244.591,7.5135,9.1131,8.1364,11.0738,60184.2960,102.8395,NA,NA,NA,NA,NA,NA,NA,NA,NA,NA
244.681,7.5413,9.5178,8.1512,11.2752,60184.2960,102.8395,NA,NA,NA,NA,NA,NA,NA,NA,NA,NA
244.784,7.5492,9.6322,8.1588,11.3790,25851.1020,-12.8739,NA,NA,NA,NA,NA,NA,NA,NA,NA,NA
244.879,7.5492,9.6322,8.1588,11.3790,25851.1020,-12.8739,NA,NA,NA,NA,NA,NA,NA,NA,NA,NA
244.975,7.5449,9.5691,8.1517,11.2823,25994.1400,-12.3918,NA,NA,NA,NA,NA,NA,NA,NA,NA,NA
245.094,7.5378,9.4663,8.1439,11.1759,49322.0080,66.2303,NA,NA,NA,NA,NA,NA,NA,NA,NA,NA
245.192,7.5255,9.2883,8.1407,11.1316,51561.1560,73.7769,NA,NA,NA,NA,NA,NA,NA,NA,NA,NA
245.279,7.5065,9.0122,8.1724,11.5645,55793.3760,88.0408,NA,NA,NA,NA,NA,NA,NA,NA,NA,NA
245.373,7.5381,9.4704,8.1790,11.6544,55793.3760,88.0408,NA,NA,NA,NA,NA,NA,NA,NA,NA,NA
245.472,7.6033,10.4176,8.3612,14.1422,25169.9620,-15.1695,NA,NA,NA,NA,NA,NA,NA,NA,NA,NA
245.570,8.0382,16.7329,8.5029,16.0767,26974.8420,-9.0865,NA,NA,NA,NA,NA,NA,NA,NA,NA,NA
245.671,8.4512,22.7318,8.6098,17.5356,26974.8420,-9.0865,NA,NA,NA,NA,NA,NA,NA,NA,NA,NA
245.777,8.6549,25.6890,8.6916,18.6527,22576.4920,-23.9103,NA,NA,NA,NA,NA,NA,NA,NA,NA,NA
245.865,9.0637,31.6258,8.8008,20.1438,24634.0920,-16.9756,NA,NA,NA,NA,NA,NA,NA,NA,NA,NA
245.963,9.1585,33.0034,8.8419,20.7040,26389.7520,-11.0584,NA,NA,NA,NA,NA,NA,NA,NA,NA,NA
246.063,9.1585,33.0034,8.8644,21.0120,51043.8880,72.0335,NA,NA,NA,NA,NA,NA,NA,NA,NA,NA
246.155,9.1749,33.2414,8.8644,21.0120,53162.6960,79.1746,NA,NA,NA,NA,NA,NA,NA,NA,NA,NA
246.256,9.1749,33.2414,8.8592,20.9405,56968.5080,92.0013,NA,NA,NA,NA,NA,NA,NA,NA,NA,NA
246.350,9.1743,33.2322,8.8583,20.9288,56968.5080,92.0013,NA,NA,NA,NA,NA,NA,NA,NA,NA,NA
246.455,9.1478,32.8474,8.8465,20.7669,26027.5020,-12.2793,NA,NA,NA,NA,NA,NA,NA,NA,NA,NA
246.559,9.1354,32.6673,8.8048,20.1986,27626.1960,-6.8913,NA,NA,NA,NA,NA,NA,NA,NA,NA,NA
246.643,9.1127,32.3380,8.7810,19.8731,27626.1960,-6.8913,NA,NA,NA,NA,NA,NA,NA,NA,NA,NA
246.740,9.0286,31.1159,8.7887,19.9787,22824.9940,-23.0728,NA,NA,NA,NA,NA,NA,NA,NA,NA,NA
246.840,8.8938,29.1588,8.8805,21.2307,25051.7380,-15.5680,NA,NA,NA,NA,NA,NA,NA,NA,NA,NA
246.979,8.7996,27.7914,8.9126,21.6699,48136.4720,62.2347,NA,NA,NA,NA,NA,NA,NA,NA,NA,NA
247.036,8.6708,25.9207,8.9146,21.6966,52817.2480,78.0103,NA,NA,NA,NA,NA,NA,NA,NA,NA,NA
247.133,8.6234,25.2314,8.9146,21.6966,55112.6760,85.7466,NA,NA,NA,NA,NA,NA,NA,NA,NA,NA
247.235,8.5775,24.5648,8.8946,21.4235,58329.6760,96.5889,NA,NA,NA,NA,NA,NA,NA,NA,NA,NA
247.330,8.5367,23.9726,8.8946,21.4235,58329.6760,96.5889,NA,NA,NA,NA,NA,NA,NA,NA,NA,NA
247.431,8.4963,23.3855,8.8896,21.3557,26982.9060,-9.0593,NA,NA,NA,NA,NA,NA,NA,NA,NA,NA
247.574,8.4564,22.8065,8.8886,21.3421,28388.5640,-4.3218,NA,NA,NA,NA,NA,NA,NA,NA,NA,NA
247.633,8.4235,22.3286,8.8627,20.9884,28388.5640,-4.3218,NA,NA,NA,NA,NA,NA,NA,NA,NA,NA
247.732,8.3980,21.9593,8.8553,20.8873,50185.1920,69.1395,NA,NA,NA,NA,NA,NA,NA,NA,NA,NA
247.827,8.3440,21.1739,8.8490,20.8020,53187.5200,79.2582,NA,NA,NA,NA,NA,NA,NA,NA,NA,NA
247.925,8.3094,20.6723,8.8352,20.6126,53187.5200,79.2582,NA,NA,NA,NA,NA,NA,NA,NA,NA,NA
248.032,8.2818,20.2708,8.8185,20.3846,24322.7500,-18.0249,NA,NA,NA,NA,NA,NA,NA,NA,NA,NA
248.176,8.2439,19.7214,8.8078,20.2392,27969.8240,-5.7331,NA,NA,NA,NA,NA,NA,NA,NA,NA,NA
248.223,8.2246,19.4403,8.7889,19.9803,32939.3440,11.0157,NA,NA,NA,NA,NA,NA,NA,NA,NA,NA
248.316,8.2081,19.2012,8.7665,19.6751,32939.3440,11.0157,NA,NA,NA,NA,NA,NA,NA,NA,NA,NA
248.416,8.1904,18.9434,8.7559,19.5302,24069.3640,-18.8789,NA,NA,NA,NA,NA,NA,NA,NA,NA,NA
248.522,8.1805,18.8002,8.7422,19.3439,25692.8920,-13.4071,NA,NA,NA,NA,NA,NA,NA,NA,NA,NA
248.616,8.1684,18.6237,8.7409,19.3261,46898.4480,58.0621,NA,NA,NA,NA,NA,NA,NA,NA,NA,NA
248.758,8.1408,18.2241,8.7246,19.1032,51034.5000,72.0019,NA,NA,NA,NA,NA,NA,NA,NA,NA,NA
248.808,8.1290,18.0514,8.7109,18.9164,54549.4480,83.8484,NA,NA,NA,NA,NA,NA,NA,NA,NA,NA
248.911,8.1257,18.0042,8.7064,18.8544,54549.4480,83.8484,NA,NA,NA,NA,NA,NA,NA,NA,NA,NA
249.010,8.1251,17.9949,8.6945,18.6922,24765.0980,-16.5340,188677.6800,0.0000,NA,NA,NA,NA,NA,NA,NA,NA
249.099,8.1347,18.1349,8.6867,18.5858,48846.4040,64.6274,NA,NA,NA,NA,NA,NA,NA,NA,NA,NA
249.203,8.1392,18.2003,8.6823,18.5261,48846.4040,64.6274,NA,NA,NA,NA,NA,NA,NA,NA,NA,NA
249.305,8.1392,18.2003,8.6770,18.4527,26974.1820,-9.0887,NA,NA,NA,NA,NA,NA,NA,NA,NA,NA
249.408,8.1433,18.2595,8.6696,18.3523,26974.1820,-9.0887,NA,NA,NA,NA,NA,NA,NA,NA,NA,NA
249.511,8.1433,18.2595,8.6593,18.2120,24719.5340,-16.6876,NA,NA,NA,NA,NA,NA,NA,NA,NA,NA
249.610,8.1279,18.0356,8.6526,18.1209,43679.8720,47.2146,NA,NA,NA,NA,NA,NA,NA,NA,NA,NA
249.694,8.1123,17.8097,8.6442,18.0056,50939.8560,71.6829,NA,NA,NA,NA,NA,NA,NA,NA,NA,NA
249.796,8.1097,17.7721,8.6261,17.7588,58845.3400,98.3268,NA,NA,NA,NA,NA,NA,NA,NA,NA,NA
249.930,8.0877,17.4527,8.6165,17.6269,58845.3400,98.3268,NA,NA,NA,NA,NA,NA,NA,NA,NA,NA
249.997,8.0858,17.4240,8.6049,17.4697,26864.1620,-9.4595,NA,NA,NA,NA,NA,NA,NA,NA,NA,NA
250.098,8.0840,17.3991,8.5979,17.3739,29533.6540,-0.4625,NA,NA,NA,NA,NA,NA,NA,NA,NA,NA
250.188,8.0830,17.3844,8.5812,17.1458,29533.6540,-0.4625,NA,NA,NA,NA,NA,NA,NA,NA,NA,NA
250.286,8.0825,17.3769,8.5654,16.9294,21740.1020,-26.7292,NA,NA,NA,NA,NA,NA,NA,NA,NA,NA
250.393,8.0794,17.3312,8.5566,16.8102,22807.6620,-23.1312,NA,NA,NA,NA,NA,NA,NA,NA,NA,NA
250.543,8.0717,17.2202,8.5421,16.6111,24696.1440,-16.7664,NA,NA,NA,NA,NA,NA,NA,NA,NA,NA
250.585,8.0482,16.8784,8.5393,16.5730,43625.2720,47.0305,NA,NA,NA,NA,NA,NA,NA,NA,NA,NA
250.681,8.0281,16.5872,8.5322,16.4762,50570.8640,70.4393,NA,NA,NA,NA,NA,NA,NA,NA,NA,NA
250.804,8.0168,16.4227,8.5140,16.2277,59458.2400,100.3925,NA,NA,NA,NA,NA,NA,NA,NA,NA,NA
250.872,7.9964,16.1263,8.4919,15.9269,59458.2400,100.3925,NA,NA,NA,NA,NA,NA,NA,NA,NA,NA
250.971,7.9865,15.9829,8.4850,15.8328,27613.3700,-6.9345,195167.3760,0.0000,NA,NA,NA,NA,NA,NA,NA,NA
251.122,7.9835,15.9393,8.4769,15.7214,59318.7600,99.9224,NA,NA,NA,NA,NA,NA,NA,NA,NA,NA
251.172,7.9621,15.6287,8.4711,15.6426,59318.7600,99.9224,NA,NA,NA,NA,NA,NA,NA,NA,NA,NA
251.278,7.9482,15.4260,8.4668,15.5840,26347.7160,-11.2001,NA,NA,NA,NA,NA,NA,NA,NA,NA,NA
251.375,7.9273,15.1236,8.4641,15.5465,26347.7160,-11.2001,NA,NA,NA,NA,NA,NA,NA,NA,NA,NA
251.476,7.9197,15.0127,8.4615,15.5115,26463.1860,-10.8110,NA,NA,NA,NA,NA,NA,NA,NA,NA,NA
251.572,7.9197,15.0127,8.4409,15.2305,48077.0560,62.0344,NA,NA,NA,NA,NA,NA,NA,NA,NA,NA
251.717,7.9147,14.9397,8.4330,15.1228,52215.0400,75.9807,NA,NA,NA,NA,NA,NA,NA,NA,NA,NA
251.770,7.9118,14.8985,8.4187,14.9273,55717.8800,87.7863,NA,NA,NA,NA,NA,NA,NA,NA,NA,NA
251.858,7.9022,14.7588,8.4063,14.7584,55717.8800,87.7863,NA,NA,NA,NA,NA,NA,NA,NA,NA,NA
251.971,7.8908,14.5925,8.3986,14.6526,25452.8100,-14.2162,192874.8480,0.0000,NA,NA,NA,NA,NA,NA,NA,NA
252.061,7.8868,14.5351,8.3952,14.6057,49981.0720,68.4515,NA,NA,NA,NA,NA,NA,NA,NA,NA,NA
252.158,7.8827,14.4753,8.3857,14.4763,49981.0720,68.4515,NA,NA,NA,NA,NA,NA,NA,NA,NA,NA
252.263,7.8726,14.3289,8.3854,14.4727,27990.9080,-5.6621,191334.7360,0.0000,NA,NA,NA,NA,NA,NA,NA,NA
252.388,7.8674,14.2538,8.3561,14.0723,57543.6720,93.9398,NA,NA,NA,NA,NA,NA,NA,NA,NA,NA
252.453,7.8615,14.1680,8.3511,14.0039,57543.6720,93.9398,NA,NA,NA,NA,NA,NA,NA,NA,NA,NA
252.573,7.8561,14.0884,8.3418,13.8772,25950.8220,-12.5378,NA,NA,NA,NA,NA,NA,NA,NA,NA,NA
252.656,7.8438,13.9106,8.3355,13.7910,25950.8220,-12.5378,NA,NA,NA,NA,NA,NA,NA,NA,NA,NA
252.756,7.8351,13.7846,8.3274,13.6812,26492.2640,-10.7130,NA,NA,NA,NA,NA,NA,NA,NA,NA,NA
252.854,7.8028,13.3146,8.3155,13.5189,51008.1200,71.9130,NA,NA,NA,NA,NA,NA,NA,NA,NA,NA
253.008,7.7843,13.0462,8.3118,13.4683,55114.5400,85.7529,NA,NA,NA,NA,NA,NA,NA,NA,NA,NA
253.044,7.7613,12.7119,8.2963,13.2558,57397.0720,93.4457,NA,NA,NA,NA,NA,NA,NA,NA,NA,NA
253.155,7.7487,12.5287,8.2876,13.1372,57397.0720,93.4457,NA,NA,NA,NA,NA,NA,NA,NA,NA,NA
253.249,7.7373,12.3633,8.2817,13.0573,26242.0120,-11.5564,NA,NA,NA,NA,NA,NA,NA,NA,NA,NA
253.354,7.7184,12.0894,8.2748,12.9626,27710.2760,-6.6079,NA,NA,NA,NA,NA,NA,NA,NA,NA,NA
253.452,7.7011,11.8378,8.2718,12.9214,27710.2760,-6.6079,NA,NA,NA,NA,NA,NA,NA,NA,NA,NA
253.544,7.6800,11.5316,8.2698,12.8945,21657.9340,-27.0061,NA,NA,NA,NA,NA,NA,NA,NA,NA,NA
253.642,7.6678,11.3551,8.2589,12.7453,23997.3360,-19.1216,NA,NA,NA,NA,NA,NA,NA,NA,NA,NA
253.795,7.6416,10.9745,8.2400,12.4872,26679.5880,-10.0816,NA,NA,NA,NA,NA,NA,NA,NA,NA,NA
253.884,7.6230,10.7042,8.2400,12.4872,51665.7760,74.1295,NA,NA,NA,NA,NA,NA,NA,NA,NA,NA
253.973,7.6029,10.4123,8.2384,12.4655,56975.0600,92.0234,NA,NA,NA,NA,NA,NA,NA,NA,NA,NA
254.026,7.5898,10.2221,8.2306,12.3590,60458.9600,103.7652,NA,NA,NA,NA,NA,NA,NA,NA,NA,NA
254.188,7.5751,10.0084,8.2170,12.1737,60458.9600,103.7652,NA,NA,NA,NA,NA,NA,NA,NA,NA,NA
254.239,7.5465,9.5934,8.2115,12.0989,27194.2960,-8.3469,NA,NA,NA,NA,NA,NA,NA,NA,NA,NA
254.321,7.5280,9.3243,8.2037,11.9919,28810.9120,-2.8984,NA,NA,NA,NA,NA,NA,NA,NA,NA,NA
254.418,7.4867,8.7249,8.1958,11.8848,28810.9120,-2.8984,NA,NA,NA,NA,NA,NA,NA,NA,NA,NA
254.518,7.4362,7.9915,8.1844,11.7284,21862.1840,-26.3177,NA,NA,NA,NA,NA,NA,NA,NA,NA,NA
254.620,7.4061,7.5544,8.1785,11.6474,24091.3200,-18.8049,NA,NA,NA,NA,NA,NA,NA,NA,NA,NA
254.724,7.3867,7.2723,8.1752,11.6031,44882.0400,51.2662,NA,NA,NA,NA,NA,NA,NA,NA,NA,NA
254.819,7.3416,6.6168,8.1675,11.4978,51662.2800,74.1177,NA,NA,NA,NA,NA,NA,NA,NA,NA,NA
254.912,7.3165,6.2522,8.1630,11.4361,58267.1040,96.3780,NA,NA,NA,NA,NA,NA,NA,NA,NA,NA
255.038,7.2879,5.8379,8.1570,11.3550,62896.7480,111.9813,NA,NA,NA,NA,NA,NA,NA,NA,NA,NA
255.103,7.2784,5.6988,8.1535,11.3067,62896.7480,111.9813,NA,NA,NA,NA,NA,NA,NA,NA,NA,NA
255.205,7.2500,5.2875,8.1424,11.1556,28013.9580,-5.5844,NA,NA,NA,NA,NA,NA,NA,NA,NA,NA
255.337,7.2361,5.0846,8.1342,11.0429,29918.1080,0.8332,NA,NA,NA,NA,NA,NA,NA,NA,NA,NA
255.401,7.2189,4.8355,8.1123,10.7440,29918.1080,0.8332,NA,NA,NA,NA,NA,NA,NA,NA,NA,NA
255.507,7.2166,4.8020,8.1018,10.6014,22141.5600,-25.3762,NA,NA,NA,NA,NA,NA,NA,NA,NA,NA
255.595,7.2090,4.6912,8.0939,10.4934,24341.3100,-17.9623,NA,NA,NA,NA,NA,NA,NA,NA,NA,NA
255.706,7.1848,4.3401,8.0812,10.3199,44441.7440,49.7823,NA,NA,NA,NA,NA,NA,NA,NA,NA,NA
255.800,7.1848,4.3401,8.0739,10.2196,44441.7440,49.7823,NA,NA,NA,NA,NA,NA,NA,NA,NA,NA
255.942,7.1296,3.5392,8.0662,10.1154,26607.2360,-10.3255,NA,NA,NA,NA,NA,NA,NA,NA,NA,NA
256.001,7.1064,3.2022,8.0590,10.0165,29768.9480,0.3305,NA,NA,NA,NA,NA,NA,NA,NA,NA,NA
256.093,7.0959,3.0496,8.0529,9.9336,29768.9480,0.3305,NA,NA,NA,NA,NA,NA,NA,NA,NA,NA
256.198,7.0929,3.0055,8.0453,9.8295,24443.4080,-17.6182,NA,NA,NA,NA,NA,NA,NA,NA,NA,NA
256.295,7.0874,2.9254,8.0383,9.7338,26023.2080,-12.2938,NA,NA,NA,NA,NA,NA,NA,NA,NA,NA
256.388,7.0711,2.6892,8.0356,9.6971,50160.6240,69.0567,NA,NA,NA,NA,NA,NA,NA,NA,NA,NA
256.551,7.0482,2.3562,8.0329,9.6598,52399.1640,76.6012,NA,NA,NA,NA,NA,NA,NA,NA,NA,NA
256.592,7.0327,2.1308,8.0254,9.5577,56010.6840,88.7732,NA,NA,NA,NA,NA,NA,NA,NA,NA,NA
256.685,7.0175,1.9112,8.0216,9.5061,56010.6840,88.7732,NA,NA,NA,NA,NA,NA,NA,NA,NA,NA
256.785,6.9962,1.6010,8.0130,9.3883,25431.8500,-14.2869,NA,NA,NA,NA,NA,NA,NA,NA,NA,NA
256.883,6.9840,1.4244,8.0084,9.3258,26927.3060,-9.2467,NA,NA,NA,NA,NA,NA,NA,NA,NA,NA
256.982,6.9751,1.2945,8.0045,9.2724,26927.3060,-9.2467,NA,NA,NA,NA,NA,NA,NA,NA,NA,NA
257.087,6.9741,1.2801,7.9941,9.1309,22262.0820,-24.9700,NA,NA,NA,NA,NA,NA,NA,NA,NA,NA
257.214,6.9763,1.3121,7.9858,9.0181,24507.3600,-17.4027,NA,NA,NA,NA,NA,NA,NA,NA,NA,NA
257.269,6.9763,1.3121,7.9785,8.9177,26625.8840,-10.2626,NA,NA,NA,NA,NA,NA,NA,NA,NA,NA
257.372,6.9647,1.1433,7.9725,8.8362,51905.0720,74.9360,NA,NA,NA,NA,NA,NA,NA,NA,NA,NA
257.464,6.9428,0.8262,7.9632,8.7094,54951.4320,85.2032,NA,NA,NA,NA,NA,NA,NA,NA,NA,NA
257.564,6.9120,0.3782,7.9575,8.6311,57374.3760,93.3692,NA,NA,NA,NA,NA,NA,NA,NA,NA,NA
257.662,6.9001,0.2051,7.9536,8.5782,57374.3760,93.3692,NA,NA,NA,NA,NA,NA,NA,NA,NA,NA
257.794,6.8952,0.1340,7.9375,8.3586,26377.2040,-11.1007,NA,NA,NA,NA,NA,NA,NA,NA,NA,NA
257.858,6.8871,0.0170,7.9279,8.2264,27817.5840,-6.2462,NA,NA,NA,NA,NA,NA,NA,NA,NA,NA
257.959,6.8679,-0.2627,7.9194,8.1105,27817.5840,-6.2462,NA,NA,NA,NA,NA,NA,NA,NA,NA,NA
258.059,6.8607,-0.3664,7.9133,8.0273,22406.8060,-24.4822,NA,NA,NA,NA,NA,NA,NA,NA,NA,NA
258.150,6.8660,-0.2900,7.9093,7.9736,24851.8220,-16.2417,NA,NA,NA,NA,NA,NA,NA,NA,NA,NA
258.251,6.8660,-0.2900,7.8960,7.7918,47402.7240,59.7617,NA,NA,NA,NA,NA,NA,NA,NA,NA,NA
258.388,6.8379,-0.6975,7.8936,7.7594,52982.7360,78.5681,NA,NA,NA,NA,NA,NA,NA,NA,NA,NA
258.462,6.8290,-0.8270,7.8913,7.7270,52982.7360,78.5681,NA,NA,NA,NA,NA,NA,NA,NA,NA,NA
258.549,6.8237,-0.9034,7.8862,7.6571,32176.9400,8.4461,NA,NA,NA,NA,NA,NA,NA,NA,NA,NA
258.651,6.8234,-0.9086,7.8834,7.6196,32176.9400,8.4461,NA,NA,NA,NA,NA,NA,NA,NA,NA,NA
258.750,6.8187,-0.9764,7.8788,7.5570,23627.3300,-20.3687,NA,NA,NA,NA,NA,NA,NA,NA,NA,NA
258.849,6.8180,-0.9860,7.8704,7.4421,25234.6800,-14.9514,NA,NA,NA,NA,NA,NA,NA,NA,NA,NA
258.976,6.8174,-0.9953,7.8693,7.4270,45874.5280,54.6112,NA,NA,NA,NA,NA,NA,NA,NA,NA,NA
259.043,6.8126,-1.0648,7.8557,7.2407,50046.3440,68.6715,NA,NA,NA,NA,NA,NA,NA,NA,NA,NA
259.139,6.8150,-1.0300,7.8526,7.1992,53750.7400,81.1565,NA,NA,NA,NA,NA,NA,NA,NA,NA,NA
259.238,6.8184,-0.9809,7.8425,7.0609,53750.7400,81.1565,NA,NA,NA,NA,NA,NA,NA,NA,NA,NA
259.334,6.8250,-0.8856,7.8339,6.9443,24011.9760,-19.0723,NA,NA,NA,NA,NA,NA,NA,NA,NA,NA
259.438,6.8351,-0.7382,7.8294,6.8817,27025.5600,-8.9156,195632.6560,0.0000,NA,NA,NA,NA,NA,NA,NA,NA
259.573,6.8389,-0.6829,7.8258,6.8329,52655.4360,77.4650,NA,NA,NA,NA,NA,NA,NA,NA,NA,NA
259.632,6.8440,-0.6094,7.8235,6.8024,52655.4360,77.4650,NA,NA,NA,NA,NA,NA,NA,NA,NA,NA
259.731,6.8568,-0.4235,7.8140,6.6721,29840.5660,0.5719,194517.0880,0.0000,NA,NA,NA,NA,NA,NA,NA,NA
259.827,6.8568,-0.4235,7.8092,6.6061,61316.9440,106.6569,NA,NA,NA,NA,NA,NA,NA,NA,NA,NA
259.932,6.8564,-0.4283,7.8059,6.5621,61316.9440,106.6569,NA,NA,NA,NA,NA,NA,NA,NA,NA,NA
260.038,6.8564,-0.4283,7.8030,6.5217,26847.0400,-9.5172,NA,NA,NA,NA,NA,NA,NA,NA,NA,NA
260.166,6.8558,-0.4385,7.7958,6.4235,25405.7860,-14.3747,NA,NA,NA,NA,NA,NA,NA,NA,NA,NA
260.232,6.8512,-0.5043,7.7926,6.3802,47858.3920,61.2974,NA,NA,NA,NA,NA,NA,NA,NA,NA,NA
260.326,6.8487,-0.5411,7.7791,6.1952,52902.6960,78.2983,NA,NA,NA,NA,NA,NA,NA,NA,NA,NA
260.425,6.8427,-0.6273,7.7739,6.1247,56097.2640,89.0650,NA,NA,NA,NA,NA,NA,NA,NA,NA,NA
260.528,6.8184,-0.9806,7.7678,6.0412,58984.3840,98.7955,NA,NA,NA,NA,NA,NA,NA,NA,NA,NA
260.625,6.8067,-1.1507,7.7647,5.9992,58984.3840,98.7955,NA,NA,NA,NA,NA,NA,NA,NA,NA,NA
260.779,6.7916,-1.3698,7.7619,5.9614,27319.9540,-7.9234,NA,NA,NA,NA,NA,NA,NA,NA,NA,NA
260.843,6.7794,-1.5476,7.7585,5.9139,28711.4580,-3.2336,NA,NA,NA,NA,NA,NA,NA,NA,NA,NA
260.917,6.7574,-1.8674,7.7561,5.8814,28711.4580,-3.2336,NA,NA,NA,NA,NA,NA,NA,NA,NA,NA
261.012,6.7423,-2.0864,7.7536,5.8475,22875.1180,-22.9038,NA,NA,NA,NA,NA,NA,NA,NA,NA,NA
261.109,6.7291,-2.2781,7.7497,5.7946,25356.6300,-14.5404,NA,NA,NA,NA,NA,NA,NA,NA,NA,NA
261.209,6.7177,-2.4434,7.7408,5.6725,48268.9080,62.6810,NA,NA,NA,NA,NA,NA,NA,NA,NA,NA
261.363,6.6928,-2.8044,7.7347,5.5898,54145.7680,82.4878,NA,NA,NA,NA,NA,NA,NA,NA,NA,NA
261.409,6.6806,-2.9814,7.7306,5.5331,58417.7080,96.8856,NA,NA,NA,NA,NA,NA,NA,NA,NA,NA
261.506,6.6751,-3.0622,7.7279,5.4968,58417.7080,96.8856,NA,NA,NA,NA,NA,NA,NA,NA,NA,NA
261.608,6.6666,-3.1851,7.7227,5.4252,25896.2200,-12.7218,NA,NA,NA,NA,NA,NA,NA,NA,NA,NA
261.705,6.6614,-3.2608,7.7169,5.3463,27753.9040,-6.4608,NA,NA,NA,NA,NA,NA,NA,NA,NA,NA
261.801,6.6539,-3.3692,7.7005,5.1222,29586.2220,-0.2854,NA,NA,NA,NA,NA,NA,NA,NA,NA,NA
261.918,6.6536,-3.3742,7.6923,5.0109,29586.2220,-0.2854,NA,NA,NA,NA,NA,NA,NA,NA,NA,NA
261.993,6.6536,-3.3742,7.6866,4.9330,23106.6420,-22.1235,NA,NA,NA,NA,NA,NA,NA,NA,NA,NA
262.091,6.6532,-3.3804,7.6829,4.8830,25563.2660,-13.8440,NA,NA,NA,NA,NA,NA,NA,NA,NA,NA
262.187,6.6380,-3.6005,7.6806,4.8517,48601.5280,63.8020,NA,NA,NA,NA,NA,NA,NA,NA,NA,NA
262.293,6.6140,-3.9494,7.6742,4.7642,54917.1760,85.0877,NA,NA,NA,NA,NA,NA,NA,NA,NA,NA
262.392,6.6059,-4.0669,7.6692,4.6950,60375.9840,103.4856,NA,NA,NA,NA,NA,NA,NA,NA,NA,NA
262.481,6.5883,-4.3230,7.6661,4.6531,60375.9840,103.4856,NA,NA,NA,NA,NA,NA,NA,NA,NA,NA
262.604,6.5823,-4.4090,7.6616,4.5918,26764.0480,-9.7970,NA,NA,NA,NA,NA,NA,NA,NA,NA,NA
262.689,6.5249,-5.2430,7.6587,4.5514,26764.0480,-9.7970,NA,NA,NA,NA,NA,NA,NA,NA,NA,NA
262.784,6.5057,-5.5217,7.6543,4.4925,26512.6060,-10.6444,NA,NA,NA,NA,NA,NA,NA,NA,NA,NA
262.884,6.4901,-5.7490,7.6452,4.3677,48733.1200,64.2456,NA,NA,NA,NA,NA,NA,NA,NA,NA,NA
262.978,6.4675,-6.0771,7.6341,4.2169,52829.2200,78.0507,NA,NA,NA,NA,NA,NA,NA,NA,NA,NA
263.110,6.4607,-6.1761,7.6294,4.1516,57047.2960,92.2669,NA,NA,NA,NA,NA,NA,NA,NA,NA,NA
263.175,6.4532,-6.2843,7.6208,4.0350,57047.2960,92.2669,NA,NA,NA,NA,NA,NA,NA,NA,NA,NA
263.282,6.4464,-6.3839,7.6090,3.8736,25473.3940,-14.1469,NA,NA,NA,NA,NA,NA,NA,NA,NA,NA
263.383,6.4425,-6.4396,7.6027,3.7874,27811.4880,-6.2668,NA,NA,NA,NA,NA,NA,NA,NA,NA,NA
263.468,6.3826,-7.3103,7.5969,3.7081,27811.4880,-6.2668,NA,NA,NA,NA,NA,NA,NA,NA,NA,NA
263.574,6.3587,-7.6572,7.5925,3.6483,23218.1860,-21.7476,NA,NA,NA,NA,NA,NA,NA,NA,NA,NA
263.710,6.3419,-7.9005,7.5865,3.5667,25043.4200,-15.5960,NA,NA,NA,NA,NA,NA,NA,NA,NA,NA
263.763,6.3367,-7.9767,7.5733,3.3868,48125.1120,62.1964,NA,NA,NA,NA,NA,NA,NA,NA,NA,NA
263.862,6.3233,-8.1705,7.5678,3.3118,51184.4880,72.5074,NA,NA,NA,NA,NA,NA,NA,NA,NA,NA
263.962,6.3122,-8.3320,7.5626,3.2401,53857.1960,81.5153,NA,NA,NA,NA,NA,NA,NA,NA,NA,NA
264.063,6.2987,-8.5286,7.5592,3.1942,58509.4880,97.1949,NA,NA,NA,NA,NA,NA,NA,NA,NA,NA
264.159,6.2916,-8.6307,7.5592,3.1942,58509.4880,97.1949,NA,NA,NA,NA,NA,NA,NA,NA,NA,NA
264.259,6.2881,-8.6815,7.5487,3.0502,26467.2880,-10.7971,NA,NA,NA,NA,NA,NA,NA,NA,NA,NA
264.393,6.2863,-8.7085,7.5453,3.0046,28325.2720,-4.5352,NA,NA,NA,NA,NA,NA,NA,NA,NA,NA
264.453,6.2858,-8.7156,7.5409,2.9433,28325.2720,-4.5352,NA,NA,NA,NA,NA,NA,NA,NA,NA,NA
264.552,6.2822,-8.7680,7.5385,2.9106,23501.7360,-20.7919,NA,NA,NA,NA,NA,NA,NA,NA,NA,NA
264.648,6.2754,-8.8662,7.5362,2.8791,25587.5980,-13.7620,NA,NA,NA,NA,NA,NA,NA,NA,NA,NA
264.769,6.2711,-8.9294,7.5344,2.8556,49319.7440,66.2227,NA,NA,NA,NA,NA,NA,NA,NA,NA,NA
264.840,6.2631,-9.0447,7.5230,2.6999,53261.8640,79.5088,NA,NA,NA,NA,NA,NA,NA,NA,NA,NA
264.938,6.2570,-9.1344,7.5230,2.6999,55582.8120,87.3311,NA,NA,NA,NA,NA,NA,NA,NA,NA,NA
265.035,6.2460,-9.2941,7.5197,2.6544,55582.8120,87.3311,NA,NA,NA,NA,NA,NA,NA,NA,NA,NA
265.135,6.2379,-9.4116,7.5136,2.5711,25372.1620,-14.4880,NA,NA,NA,NA,NA,NA,NA,NA,NA,NA
265.239,6.2351,-9.4518,7.5104,2.5279,26883.4300,-9.3946,NA,NA,NA,NA,NA,NA,NA,NA,NA,NA
265.341,6.2256,-9.5899,7.5074,2.4860,28857.8480,-2.7402,NA,NA,NA,NA,NA,NA,NA,NA,NA,NA
265.454,6.2183,-9.6959,7.4935,2.2968,28857.8480,-2.7402,NA,NA,NA,NA,NA,NA,NA,NA,NA,NA
265.558,6.2112,-9.7981,7.4922,2.2789,51185.9360,72.5123,NA,NA,NA,NA,NA,NA,NA,NA,NA,NA
265.635,6.2015,-9.9403,7.4910,2.2634,54087.4360,82.2912,NA,NA,NA,NA,NA,NA,NA,NA,NA,NA
265.733,6.1836,-10.2001,7.4893,2.2389,54087.4360,82.2912,NA,NA,NA,NA,NA,NA,NA,NA,NA,NA
265.832,6.1736,-10.3455,7.4850,2.1813,25147.9260,-15.2438,190898.7680,0.0000,NA,NA,NA,NA,NA,NA,NA,NA
265.932,6.1627,-10.5038,7.4830,2.1540,49288.1760,66.1163,NA,NA,NA,NA,NA,NA,NA,NA,NA,NA
266.038,6.1552,-10.6126,7.4766,2.0656,49288.1760,66.1163,NA,NA,NA,NA,NA,NA,NA,NA,NA,NA
266.180,6.1518,-10.6610,7.4727,2.0124,27238.9360,-8.1964,NA,NA,NA,NA,NA,NA,NA,NA,NA,NA
266.229,6.1401,-10.8317,7.4683,1.9535,29645.9020,-0.0842,189149.9040,0.0000,NA,NA,NA,NA,NA,NA,NA,NA
266.321,6.1369,-10.8777,7.4664,1.9265,64302.0480,116.7176,NA,NA,NA,NA,NA,NA,NA,NA,NA,NA
266.425,6.1369,-10.8777,7.4626,1.8747,64302.0480,116.7176,NA,NA,NA,NA,NA,NA,NA,NA,NA,NA
266.530,6.1326,-10.9408,7.4600,1.8398,27556.6400,-7.1257,NA,NA,NA,NA,NA,NA,NA,NA,NA,NA
266.627,6.1326,-10.9408,7.4574,1.8034,25984.9020,-12.4229,NA,NA,NA,NA,NA,NA,NA,NA,NA,NA
266.762,6.1287,-10.9969,7.4486,1.6834,49417.9440,66.5536,NA,NA,NA,NA,NA,NA,NA,NA,NA,NA
266.822,6.1259,-11.0374,7.4442,1.6236,52398.3880,76.5986,NA,NA,NA,NA,NA,NA,NA,NA,NA,NA
266.934,6.1257,-11.0404,7.4422,1.5961,55093.8480,85.6832,NA,NA,NA,NA,NA,NA,NA,NA,NA,NA
267.028,6.1275,-11.0140,7.4417,1.5894,55093.8480,85.6832,NA,NA,NA,NA,NA,NA,NA,NA,NA,NA
267.118,6.1275,-11.0140,7.4389,1.5514,25108.6460,-15.3762,NA,NA,NA,NA,NA,NA,NA,NA,NA,NA
267.212,6.1213,-11.1051,7.4353,1.5022,26534.7320,-10.5698,NA,NA,NA,NA,NA,NA,NA,NA,NA,NA
267.318,6.1198,-11.1258,7.4290,1.4160,28933.6960,-2.4846,NA,NA,NA,NA,NA,NA,NA,NA,NA,NA
267.408,6.1245,-11.0577,7.4231,1.3365,28933.6960,-2.4846,NA,NA,NA,NA,NA,NA,NA,NA,NA,NA
267.511,6.1274,-11.0159,7.4213,1.3115,24096.2700,-18.7882,NA,NA,NA,NA,NA,NA,NA,NA,NA,NA
267.608,6.1274,-11.0159,7.4182,1.2693,26204.1540,-11.6840,NA,NA,NA,NA,NA,NA,NA,NA,NA,NA
267.718,6.1223,-11.0905,7.4077,1.1251,50628.6280,70.6340,NA,NA,NA,NA,NA,NA,NA,NA,NA,NA
267.799,6.1158,-11.1842,7.4048,1.0859,54456.2600,83.5343,NA,NA,NA,NA,NA,NA,NA,NA,NA,NA
267.899,6.1098,-11.2718,7.4006,1.0293,56599.7800,90.7586,NA,NA,NA,NA,NA,NA,NA,NA,NA,NA
268.006,6.1059,-11.3287,7.3942,0.9410,56599.7800,90.7586,NA,NA,NA,NA,NA,NA,NA,NA,NA,NA
268.098,6.1039,-11.3576,7.3921,0.9129,26080.3960,-12.1011,NA,NA,NA,NA,NA,NA,NA,NA,NA,NA
268.202,6.0998,-11.4161,7.3880,0.8562,27575.8440,-7.0610,NA,NA,NA,NA,NA,NA,NA,NA,NA,NA
268.295,6.1039,-11.3566,7.3753,0.6837,27575.8440,-7.0610,NA,NA,NA,NA,NA,NA,NA,NA,NA,NA
268.391,6.1054,-11.3349,7.3733,0.6560,21720.9440,-26.7938,NA,NA,NA,NA,NA,NA,NA,NA,NA,NA
268.543,6.1071,-11.3112,7.3733,0.6560,24101.4420,-18.7708,NA,NA,NA,NA,NA,NA,NA,NA,NA,NA
268.588,6.1071,-11.3112,7.3712,0.6268,26599.6140,-10.3511,NA,NA,NA,NA,NA,NA,NA,NA,NA,NA
268.728,6.1049,-11.3421,7.3693,0.6012,51515.6440,73.6235,NA,NA,NA,NA,NA,NA,NA,NA,NA,NA
268.842,6.0941,-11.4989,7.3624,0.5068,56361.1920,89.9545,NA,NA,NA,NA,NA,NA,NA,NA,NA,NA
268.881,6.0878,-11.5913,7.3559,0.4188,59278.5720,99.7870,NA,NA,NA,NA,NA,NA,NA,NA,NA,NA
268.972,6.0843,-11.6417,7.3559,0.4188,59278.5720,99.7870,NA,NA,NA,NA,NA,NA,NA,NA,NA,NA
269.119,6.0843,-11.6417,7.3477,0.3070,27023.8340,-8.9214,NA,NA,NA,NA,NA,NA,NA,NA,NA,NA
269.171,6.0825,-11.6679,7.3431,0.2433,28554.2660,-3.7634,NA,NA,NA,NA,NA,NA,NA,NA,NA,NA
269.279,6.0782,-11.7298,7.3319,0.0907,28554.2660,-3.7634,NA,NA,NA,NA,NA,NA,NA,NA,NA,NA
269.378,6.0799,-11.7056,7.3279,0.0355,21897.4640,-26.1988,NA,NA,NA,NA,NA,NA,NA,NA,NA,NA
269.475,6.0799,-11.7056,7.3256,0.0046,53568.0320,80.5407,NA,NA,NA,NA,NA,NA,NA,NA,NA,NA
269.577,6.0822,-11.6727,7.3167,-0.1172,56724.1360,91.1777,NA,NA,NA,NA,NA,NA,NA,NA,NA,NA
269.685,6.0864,-11.6114,7.3130,-0.1673,56724.1360,91.1777,NA,NA,NA,NA,NA,NA,NA,NA,NA,NA
269.792,6.0872,-11.5992,7.3004,-0.3390,26211.8180,-11.6581,192214.8000,0.0000,NA,NA,NA,NA,NA,NA,NA,NA
269.868,6.0872,-11.5992,7.2943,-0.4224,51248.5440,72.7233,NA,NA,NA,NA,NA,NA,NA,NA,NA,NA
269.965,6.0881,-11.5864,7.2932,-0.4368,51248.5440,72.7233,NA,NA,NA,NA,NA,NA,NA,NA,NA,NA
270.069,6.0899,-11.5603,7.2833,-0.5733,28895.8320,-2.6122,190750.2400,0.0000,NA,NA,NA,NA,NA,NA,NA,NA
270.162,6.0900,-11.5596,7.2736,-0.7047,59634.9600,100.9881,NA,NA,NA,NA,NA,NA,NA,NA,NA,NA
270.260,6.0900,-11.5596,7.2704,-0.7494,59634.9600,100.9881,NA,NA,NA,NA,NA,NA,NA,NA,NA,NA
270.363,6.0909,-11.5457,7.2634,-0.8438,26706.5600,-9.9907,194641.8880,0.0000,NA,NA,NA,NA,NA,NA,NA,NA
270.465,6.0909,-11.5457,7.2581,-0.9171,28834.7280,-2.8181,197154.1440,0.0000,NA,NA,NA,NA,NA,NA,NA,NA
270.566,6.0820,-11.6749,7.2561,-0.9435,56349.4640,89.9150,NA,NA,NA,NA,NA,NA,NA,NA,NA,NA
270.680,6.0798,-11.7064,7.2510,-1.0139,56349.4640,89.9150,NA,NA,NA,NA,NA,NA,NA,NA,NA,NA
270.759,6.0798,-11.7064,7.2506,-1.0193,29270.3600,-1.3499,188400.3200,0.0000,NA,NA,NA,NA,NA,NA,NA,NA
270.901,6.0776,-11.7392,7.2475,-1.0608,29270.3600,-1.3499,NA,NA,NA,NA,NA,NA,NA,NA,NA,NA
270.962,6.0791,-11.7176,7.2416,-1.1417,28859.0100,-2.7363,NA,NA,NA,NA,NA,NA,NA,NA,NA,NA
271.067,6.0803,-11.6998,7.2401,-1.1617,23360.8440,-21.2668,NA,NA,NA,NA,NA,NA,NA,NA,NA,NA
271.163,6.0803,-11.6998,7.2401,-1.1617,25047.2760,-15.5830,NA,NA,NA,NA,NA,NA,NA,NA,NA,NA
271.268,6.0787,-11.7237,7.2388,-1.1800,48128.1680,62.2067,NA,NA,NA,NA,NA,NA,NA,NA,NA,NA
271.356,6.0710,-11.8353,7.2369,-1.2067,50497.6080,70.1924,NA,NA,NA,NA,NA,NA,NA,NA,NA,NA
271.492,6.0639,-11.9380,7.2308,-1.2893,53870.3200,81.5595,NA,NA,NA,NA,NA,NA,NA,NA,NA,NA
271.558,6.0586,-12.0155,7.2285,-1.3201,58392.4000,96.8003,NA,NA,NA,NA,NA,NA,NA,NA,NA,NA
271.655,6.0539,-12.0830,7.2220,-1.4091,58392.4000,96.8003,NA,NA,NA,NA,NA,NA,NA,NA,NA,NA
271.755,6.0532,-12.0939,7.2180,-1.4638,26238.8260,-11.5671,NA,NA,NA,NA,NA,NA,NA,NA,NA,NA
271.855,6.0504,-12.1337,7.2158,-1.4945,28451.0900,-4.1111,NA,NA,NA,NA,NA,NA,NA,NA,NA,NA
271.952,6.0494,-12.1484,7.2079,-1.6023,28451.0900,-4.1111,NA,NA,NA,NA,NA,NA,NA,NA,NA,NA
272.050,6.0459,-12.1996,7.2030,-1.6691,23655.3040,-20.2744,NA,NA,NA,NA,NA,NA,NA,NA,NA,NA
272.144,6.0232,-12.5284,7.2004,-1.7050,25657.0200,-13.5280,NA,NA,NA,NA,NA,NA,NA,NA,NA,NA
272.245,6.0148,-12.6514,7.1984,-1.7315,49527.8400,66.9240,NA,NA,NA,NA,NA,NA,NA,NA,NA,NA
272.340,5.9944,-12.9473,7.1983,-1.7327,52856.4080,78.1423,NA,NA,NA,NA,NA,NA,NA,NA,NA,NA
272.442,5.9880,-13.0405,7.1875,-1.8800,55007.9840,85.3938,NA,NA,NA,NA,NA,NA,NA,NA,NA,NA
272.530,5.9859,-13.0703,7.1822,-1.9531,55007.9840,85.3938,NA,NA,NA,NA,NA,NA,NA,NA,NA,NA
272.629,5.9849,-13.0855,7.1713,-2.1011,25136.7100,-15.2816,NA,NA,NA,NA,NA,NA,NA,NA,NA,NA
272.750,5.9849,-13.0855,7.1625,-2.2218,26569.6920,-10.4520,NA,NA,NA,NA,NA,NA,NA,NA,NA,NA
272.833,5.9803,-13.1527,7.1507,-2.3832,28845.5360,-2.7817,NA,NA,NA,NA,NA,NA,NA,NA,NA,NA
272.930,5.9767,-13.2048,7.1414,-2.5096,28845.5360,-2.7817,NA,NA,NA,NA,NA,NA,NA,NA,NA,NA
273.025,5.9675,-13.3383,7.1191,-2.8145,23986.4100,-19.1584,NA,NA,NA,NA,NA,NA,NA,NA,NA,NA
273.135,5.9631,-13.4024,7.1091,-2.9512,26190.0800,-11.7314,NA,NA,NA,NA,NA,NA,NA,NA,NA,NA
273.237,5.9549,-13.5203,7.0976,-3.1072,50633.4720,70.6503,NA,NA,NA,NA,NA,NA,NA,NA,NA,NA
273.323,5.9715,-13.2802,7.1233,-2.7572,50633.4720,70.6503,NA,NA,NA,NA,NA,NA,NA,NA,NA,NA
273.428,6.1612,-10.5250,7.2987,-0.3625,30121.5700,1.5189,NA,NA,NA,NA,NA,NA,NA,NA,NA,NA
273.533,6.3332,-8.0272,7.4648,1.9045,30121.5700,1.5189,NA,NA,NA,NA,NA,NA,NA,NA,NA,NA
273.622,6.4971,-5.6463,7.6525,4.4678,22652.9560,-23.6526,NA,NA,NA,NA,NA,NA,NA,NA,NA,NA
273.722,6.6902,-2.8429,7.8159,6.6982,24200.9580,-18.4354,NA,NA,NA,NA,NA,NA,NA,NA,NA,NA
273.820,6.9902,1.5143,7.8898,7.7071,26047.6540,-12.2114,NA,NA,NA,NA,NA,NA,NA,NA,NA,NA
273.932,7.2659,5.5172,7.9440,8.4468,48041.2320,61.9137,NA,NA,NA,NA,NA,NA,NA,NA,NA,NA
274.020,7.3914,7.3403,7.9777,8.9066,51749.3400,74.4111,NA,NA,NA,NA,NA,NA,NA,NA,NA,NA
274.115,7.4195,7.7488,7.9943,9.1337,54970.5440,85.2676,NA,NA,NA,NA,NA,NA,NA,NA,NA,NA
274.211,7.4247,7.8247,8.0033,9.2562,54970.5440,85.2676,NA,NA,NA,NA,NA,NA,NA,NA,NA,NA
274.317,7.4268,7.8540,8.0033,9.2562,25711.6100,-13.3440,190172.3520,0.0000,NA,NA,NA,NA,NA,NA,NA,NA
274.409,7.4268,7.8540,7.9996,9.2053,50370.6120,69.7644,NA,NA,NA,NA,NA,NA,NA,NA,NA,NA
274.527,7.4206,7.7641,7.9951,9.1442,50370.6120,69.7644,NA,NA,NA,NA,NA,NA,NA,NA,NA,NA
274.615,7.3999,7.4645,7.9988,9.1952,28042.2340,-5.4891,189132.7840,0.0000,NA,NA,NA,NA,NA,NA,NA,NA
274.710,7.3991,7.4528,8.0039,9.2644,58292.6400,96.4641,NA,NA,NA,NA,NA,NA,NA,NA,NA,NA
274.814,7.6313,10.8246,8.0994,10.5685,NA,NA,NA,NA,NA,NA,NA,NA,NA,NA,NA,NA
274.901,7.9116,14.8953,8.2776,13.0010,NA,NA,NA,NA,NA,NA,NA,NA,NA,NA,NA,NA
275.002,8.3066,20.6315,8.4299,15.0799,32289.8940,8.8268,NA,NA,NA,NA,NA,NA,NA,NA,NA,NA
275.128,8.5953,24.8244,8.5201,16.3115,33074.1580,11.4700,NA,NA,NA,NA,NA,NA,NA,NA,NA,NA
275.204,8.8897,29.0994,8.5978,17.3718,33074.1580,11.4700,NA,NA,NA,NA,NA,NA,NA,NA,NA,NA
275.296,9.0042,30.7618,8.6296,17.8056,23479.1880,-20.8679,NA,NA,NA,NA,NA,NA,NA,NA,NA,NA
275.391,9.1214,32.4644,8.6503,18.0891,24975.8400,-15.8238,NA,NA,NA,NA,NA,NA,NA,NA,NA,NA
275.491,9.1214,32.4644,8.6512,18.1016,45927.7320,54.7905,NA,NA,NA,NA,NA,NA,NA,NA,NA,NA
275.594,9.1261,32.5327,8.6512,18.1016,49467.4400,66.7204,NA,NA,NA,NA,NA,NA,NA,NA,NA,NA
275.757,9.1337,32.6431,8.6267,17.7666,52505.5280,76.9597,NA,NA,NA,NA,NA,NA,NA,NA,NA,NA
275.790,9.1445,32.7991,8.6009,17.4143,52505.5280,76.9597,NA,NA,NA,NA,NA,NA,NA,NA,NA,NA
275.890,9.1445,32.7991,8.5809,17.1415,24258.4640,-18.2415,NA,NA,NA,NA,NA,NA,NA,NA,NA,NA
275.989,9.0865,31.9568,8.6107,17.5477,24258.4640,-18.2415,NA,NA,NA,NA,NA,NA,NA,NA,NA,NA
276.081,8.9037,29.3020,8.6107,17.5477,24832.7820,-16.3059,NA,NA,NA,NA,NA,NA,NA,NA,NA,NA
276.190,8.8021,27.8270,8.5945,17.3266,44044.3600,48.4430,NA,NA,NA,NA,NA,NA,NA,NA,NA,NA
276.281,8.7540,27.1285,8.5669,16.9499,46234.3640,55.8240,NA,NA,NA,NA,NA,NA,NA,NA,NA,NA
276.378,8.7159,26.5758,8.5579,16.8274,50422.4320,69.9391,NA,NA,NA,NA,NA,NA,NA,NA,NA,NA
276.482,8.6441,25.5329,8.5935,17.3139,50422.4320,69.9391,NA,NA,NA,NA,NA,NA,NA,NA,NA,NA
276.579,8.5699,24.4545,8.6242,17.7320,28043.4860,-5.4849,189010.3040,0.0000,NA,NA,NA,NA,NA,NA,NA,NA
276.677,8.5269,23.8312,8.6242,17.7320,58805.5120,98.1926,NA,NA,NA,NA,NA,NA,NA,NA,NA,NA
276.775,8.4960,23.3812,8.6192,17.6640,58805.5120,98.1926,NA,NA,NA,NA,NA,NA,NA,NA,NA,NA
276.921,8.4775,23.1133,8.6142,17.5964,26017.8400,-12.3119,NA,NA,NA,NA,NA,NA,NA,NA,NA,NA
276.969,8.4509,22.7262,8.5881,17.2398,28590.1040,-3.6426,NA,NA,NA,NA,NA,NA,NA,NA,NA,NA
277.067,8.4270,22.3796,8.5580,16.8292,31245.1480,5.3057,NA,NA,NA,NA,NA,NA,NA,NA,NA,NA
277.164,8.3975,21.9512,8.5300,16.4459,31245.1480,5.3057,NA,NA,NA,NA,NA,NA,NA,NA,NA,NA
277.261,8.3802,21.6995,8.5059,16.1169,22602.5640,-23.8224,NA,NA,NA,NA,NA,NA,NA,NA,NA,NA
277.367,8.3691,21.5383,8.4906,15.9092,24407.4120,-17.7395,NA,NA,NA,NA,NA,NA,NA,NA,NA,NA
277.509,8.3371,21.0736,8.4851,15.8337,43583.3600,46.8893,NA,NA,NA,NA,NA,NA,NA,NA,NA,NA
277.558,8.3002,20.5386,8.4640,15.5455,50560.2880,70.4037,NA,NA,NA,NA,NA,NA,NA,NA,NA,NA
277.657,8.2895,20.3826,8.4553,15.4266,58589.0080,97.4629,NA,NA,NA,NA,NA,NA,NA,NA,NA,NA
277.751,8.2647,20.0230,8.4479,15.3256,58589.0080,97.4629,NA,NA,NA,NA,NA,NA,NA,NA,NA,NA
277.857,8.2625,19.9904,8.4446,15.2808,26688.7960,-10.0506,NA,NA,NA,NA,NA,NA,NA,NA,NA,NA
277.963,8.2523,19.8426,8.4437,15.2685,26688.7960,-10.0506,NA,NA,NA,NA,NA,NA,NA,NA,NA,NA
278.052,8.2501,19.8105,8.4390,15.2043,26945.3000,-9.1861,NA,NA,NA,NA,NA,NA,NA,NA,NA,NA
278.150,8.2435,19.7149,8.4390,15.2043,51902.8400,74.9285,NA,NA,NA,NA,NA,NA,NA,NA,NA,NA
278.256,8.2360,19.6062,8.4351,15.1509,55543.5600,87.1988,NA,NA,NA,NA,NA,NA,NA,NA,NA,NA
278.353,8.2286,19.4980,8.4330,15.1222,57969.9800,95.3766,NA,NA,NA,NA,NA,NA,NA,NA,NA,NA
278.466,8.2242,19.4344,8.4301,15.0832,57969.9800,95.3766,NA,NA,NA,NA,NA,NA,NA,NA,NA,NA
278.554,8.2214,19.3939,8.4230,14.9859,26738.4520,-9.8832,NA,NA,NA,NA,NA,NA,NA,NA,NA,NA
278.670,8.2179,19.3433,8.4182,14.9204,28214.5080,-4.9085,NA,NA,NA,NA,NA,NA,NA,NA,NA,NA
278.746,8.2179,19.3425,8.4075,14.7740,28214.5080,-4.9085,NA,NA,NA,NA,NA,NA,NA,NA,NA,NA
278.837,8.2179,19.3425,8.4013,14.6900,22280.0120,-24.9095,NA,NA,NA,NA,NA,NA,NA,NA,NA,NA
278.937,8.2214,19.3938,8.3979,14.6436,24648.5040,-16.9270,NA,NA,NA,NA,NA,NA,NA,NA,NA,NA
279.042,8.2214,19.3938,8.3858,14.4783,46544.8400,56.8704,NA,NA,NA,NA,NA,NA,NA,NA,NA,NA
279.133,8.2100,19.2281,8.3697,14.2578,52325.3000,76.3523,NA,NA,NA,NA,NA,NA,NA,NA,NA,NA
279.236,8.2039,19.1392,8.3628,14.1637,57195.3480,92.7659,NA,NA,NA,NA,NA,NA,NA,NA,NA,NA
279.392,8.1996,19.0773,8.3491,13.9765,60101.6360,102.5609,NA,NA,NA,NA,NA,NA,NA,NA,NA,NA
279.444,8.1944,19.0017,8.3404,13.8582,60101.6360,102.5609,NA,NA,NA,NA,NA,NA,NA,NA,NA,NA
279.531,8.1761,18.7356,8.3281,13.6901,27872.1780,-6.0622,NA,NA,NA,NA,NA,NA,NA,NA,NA,NA
279.631,8.1706,18.6558,8.3176,13.5465,29384.3680,-0.9657,NA,NA,NA,NA,NA,NA,NA,NA,NA,NA
279.733,8.1706,18.6558,8.3047,13.3706,29384.3680,-0.9657,NA,NA,NA,NA,NA,NA,NA,NA,NA,NA
279.836,8.1468,18.3107,8.2974,13.2708,22489.9200,-24.2021,NA,NA,NA,NA,NA,NA,NA,NA,NA,NA
279.955,8.1453,18.2885,8.2754,12.9707,24865.1500,-16.1968,NA,NA,NA,NA,NA,NA,NA,NA,NA,NA
280.019,8.1419,18.2393,8.2649,12.8270,46669.6400,57.2910,NA,NA,NA,NA,NA,NA,NA,NA,NA,NA
280.114,8.1263,18.0129,8.2560,12.7059,52923.7800,78.3694,NA,NA,NA,NA,NA,NA,NA,NA,NA,NA
280.212,8.1063,17.7219,8.2400,12.4877,59001.5080,98.8532,NA,NA,NA,NA,NA,NA,NA,NA,NA,NA
280.310,8.0771,17.2986,8.2358,12.4304,59001.5080,98.8532,NA,NA,NA,NA,NA,NA,NA,NA,NA,NA
280.407,8.0681,17.1681,8.2238,12.2661,26075.1580,-12.1187,NA,NA,NA,NA,NA,NA,NA,NA,NA,NA
280.512,8.0648,17.1197,8.2180,12.1873,28245.0780,-4.8054,NA,NA,NA,NA,NA,NA,NA,NA,NA,NA
280.603,8.0562,16.9944,8.1947,11.8690,30350.2360,2.2896,NA,NA,NA,NA,NA,NA,NA,NA,NA,NA
280.705,8.0505,16.9114,8.1856,11.7456,30350.2360,2.2896,NA,NA,NA,NA,NA,NA,NA,NA,NA,NA
280.816,8.0452,16.8357,8.1778,11.6382,22742.7760,-23.3499,NA,NA,NA,NA,NA,NA,NA,NA,NA,NA
280.895,8.0333,16.6628,8.1570,11.3550,24978.8720,-15.8135,NA,NA,NA,NA,NA,NA,NA,NA,NA,NA
281.005,8.0163,16.4153,8.1530,11.2998,46413.7760,56.4287,NA,NA,NA,NA,NA,NA,NA,NA,NA,NA
281.144,8.0072,16.2838,8.1473,11.2225,46413.7760,56.4287,NA,NA,NA,NA,NA,NA,NA,NA,NA,NA
281.196,7.9840,15.9461,8.1344,11.0455,27469.6200,-7.4190,NA,NA,NA,NA,NA,NA,NA,NA,NA,NA
281.303,7.9747,15.8107,8.1283,10.9625,27469.6200,-7.4190,NA,NA,NA,NA,NA,NA,NA,NA,NA,NA
281.402,7.9556,15.5346,8.1224,10.8828,22602.3320,-23.8232,NA,NA,NA,NA,NA,NA,NA,NA,NA,NA
281.497,7.9434,15.3565,8.1181,10.8240,24558.7040,-17.2296,NA,NA,NA,NA,NA,NA,NA,NA,NA,NA
281.589,7.9271,15.1199,8.1104,10.7180,26226.6080,-11.6083,NA,NA,NA,NA,NA,NA,NA,NA,NA,NA
281.729,7.9133,14.9201,8.1045,10.6377,50522.5520,70.2765,NA,NA,NA,NA,NA,NA,NA,NA,NA,NA
281.782,7.9058,14.8104,8.1004,10.5817,53032.8800,78.7371,NA,NA,NA,NA,NA,NA,NA,NA,NA,NA
281.885,7.8992,14.7155,8.0959,10.5209,57542.7600,93.9367,NA,NA,NA,NA,NA,NA,NA,NA,NA,NA
281.987,7.8947,14.6491,8.0927,10.4771,57542.7600,93.9367,NA,NA,NA,NA,NA,NA,NA,NA,NA,NA
282.080,7.8919,14.6086,8.0842,10.3602,26084.9180,-12.0858,NA,NA,NA,NA,NA,NA,NA,NA,NA,NA
282.181,7.8755,14.3709,8.0784,10.2812,27737.7480,-6.5153,NA,NA,NA,NA,NA,NA,NA,NA,NA,NA
282.271,7.8367,13.8072,8.0776,10.2703,27737.7480,-6.5153,NA,NA,NA,NA,NA,NA,NA,NA,NA,NA
282.387,7.8226,13.6019,8.0555,9.9693,22844.6200,-23.0066,NA,NA,NA,NA,NA,NA,NA,NA,NA,NA
282.473,7.8002,13.2767,8.0480,9.8670,25006.9060,-15.7191,NA,NA,NA,NA,NA,NA,NA,NA,NA,NA
282.575,7.7964,13.2222,8.0382,9.7334,47798.2400,61.0947,NA,NA,NA,NA,NA,NA,NA,NA,NA,NA
282.676,7.7753,12.9162,8.0343,9.6792,52096.0080,75.5795,NA,NA,NA,NA,NA,NA,NA,NA,NA,NA
282.771,7.7600,12.6937,8.0268,9.5773,54669.4400,84.2528,NA,NA,NA,NA,NA,NA,NA,NA,NA,NA
282.869,7.7560,12.6351,8.0227,9.5207,58820.0800,98.2417,NA,NA,NA,NA,NA,NA,NA,NA,NA,NA
283.005,7.7188,12.0952,8.0172,9.4457,58820.0800,98.2417,NA,NA,NA,NA,NA,NA,NA,NA,NA,NA
283.068,7.7188,12.0952,8.0116,9.3703,27050.1400,-8.8327,NA,NA,NA,NA,NA,NA,NA,NA,NA,NA
283.159,7.6953,11.7532,8.0030,9.2523,28415.8480,-4.2299,NA,NA,NA,NA,NA,NA,NA,NA,NA,NA
283.265,7.6953,11.7532,7.9981,9.1860,28415.8480,-4.2299,NA,NA,NA,NA,NA,NA,NA,NA,NA,NA
283.352,7.6922,11.7093,7.9941,9.1312,23078.3800,-22.2188,NA,NA,NA,NA,NA,NA,NA,NA,NA,NA
283.455,7.6590,11.2273,7.9934,9.1211,25416.0520,-14.3401,NA,NA,NA,NA,NA,NA,NA,NA,NA,NA
283.561,7.6324,10.8399,7.9618,8.6898,48650.6760,63.9677,NA,NA,NA,NA,NA,NA,NA,NA,NA,NA
283.642,7.6048,10.4392,7.9471,8.4887,53718.2000,81.0468,NA,NA,NA,NA,NA,NA,NA,NA,NA,NA
283.748,7.5855,10.1597,7.9263,8.2051,57155.6080,92.6319,NA,NA,NA,NA,NA,NA,NA,NA,NA,NA
283.851,7.5731,9.9787,7.9169,8.0762,57155.6080,92.6319,NA,NA,NA,NA,NA,NA,NA,NA,NA,NA
283.951,7.5750,10.0070,7.9049,7.9126,25753.5540,-13.2026,NA,NA,NA,NA,NA,NA,NA,NA,NA,NA
284.051,7.5750,10.0070,7.9032,7.8896,25753.5540,-13.2026,NA,NA,NA,NA,NA,NA,NA,NA,NA,NA
284.230,7.5718,9.9605,7.9015,7.8667,25958.2960,-12.5126,NA,NA,NA,NA,NA,NA,NA,NA,NA,NA
284.247,7.5375,9.4626,7.8935,7.7573,47308.7800,59.4451,NA,NA,NA,NA,NA,NA,NA,NA,NA,NA
284.351,7.5280,9.3244,7.8902,7.7126,51055.5880,72.0730,NA,NA,NA,NA,NA,NA,NA,NA,NA,NA
284.439,7.5245,9.2738,7.8789,7.5586,54660.8240,84.2237,NA,NA,NA,NA,NA,NA,NA,NA,NA,NA
284.544,7.5183,9.1838,7.8697,7.4320,54660.8240,84.2237,NA,NA,NA,NA,NA,NA,NA,NA,NA,NA
284.637,7.4888,8.7542,7.8665,7.3893,24845.5220,-16.2630,188613.1840,0.0000,NA,NA,NA,NA,NA,NA,NA,NA
284.747,7.4759,8.5674,7.8587,7.2822,49039.2240,65.2772,NA,NA,NA,NA,NA,NA,NA,NA,NA,NA
284.830,7.4495,8.1843,7.8587,7.2822,49039.2240,65.2772,NA,NA,NA,NA,NA,NA,NA,NA,NA,NA
284.935,7.4270,7.8568,7.8510,7.1777,27150.2480,-8.4953,NA,NA,NA,NA,NA,NA,NA,NA,NA,NA
285.040,7.4137,7.6641,7.8478,7.1330,29981.2180,1.0459,192778.3680,0.0000,NA,NA,NA,NA,NA,NA,NA,NA
285.133,7.3949,7.3907,7.8428,7.0652,63707.7200,114.7145,NA,NA,NA,NA,NA,NA,NA,NA,NA,NA
285.238,7.3820,7.2037,7.8350,6.9593,63707.7200,114.7145,NA,NA,NA,NA,NA,NA,NA,NA,NA,NA
285.342,7.3757,7.1129,7.8315,6.9109,27489.2720,-7.3527,NA,NA,NA,NA,NA,NA,NA,NA,NA,NA
285.430,7.3430,6.6376,7.8176,6.7218,25936.6620,-12.5855,NA,NA,NA,NA,NA,NA,NA,NA,NA,NA
285.528,7.3340,6.5071,7.8201,6.7557,49474.6960,66.7449,NA,NA,NA,NA,NA,NA,NA,NA,NA,NA
285.622,7.3006,6.0221,7.8201,6.7557,53371.9560,79.8798,NA,NA,NA,NA,NA,NA,NA,NA,NA,NA
285.726,7.2890,5.8537,7.8118,6.6420,55611.1440,87.4266,NA,NA,NA,NA,NA,NA,NA,NA,NA,NA
285.824,7.2750,5.6505,7.8021,6.5093,55611.1440,87.4266,NA,NA,NA,NA,NA,NA,NA,NA,NA,NA
285.928,7.2750,5.6505,7.8010,6.4945,25511.1780,-14.0195,NA,NA,NA,NA,NA,NA,NA,NA,NA,NA
286.045,7.2653,5.5085,7.7982,6.4565,27031.0920,-8.8969,NA,NA,NA,NA,NA,NA,NA,NA,NA,NA
286.117,7.2598,5.4291,7.7918,6.3686,29009.0380,-2.2307,NA,NA,NA,NA,NA,NA,NA,NA,NA,NA
286.216,7.2273,4.9566,7.7876,6.3120,29009.0380,-2.2307,NA,NA,NA,NA,NA,NA,NA,NA,NA,NA
286.309,7.2167,4.8032,7.7812,6.2240,23839.4360,-19.6538,NA,NA,NA,NA,NA,NA,NA,NA,NA,NA
286.411,7.1914,4.4352,7.7775,6.1739,26123.6740,-11.9552,NA,NA,NA,NA,NA,NA,NA,NA,NA,NA
286.512,7.1552,3.9097,7.7727,6.1088,50113.4640,68.8977,NA,NA,NA,NA,NA,NA,NA,NA,NA,NA
286.606,7.1375,3.6528,7.7727,6.1087,55077.0040,85.6264,NA,NA,NA,NA,NA,NA,NA,NA,NA,NA
286.703,7.1285,3.5225,7.7642,5.9930,58261.0960,96.3578,NA,NA,NA,NA,NA,NA,NA,NA,NA,NA
286.801,7.0941,3.0225,7.7543,5.8569,58261.0960,96.3578,NA,NA,NA,NA,NA,NA,NA,NA,NA,NA
286.899,7.0775,2.7818,7.7481,5.7724,26347.3780,-11.2013,NA,NA,NA,NA,NA,NA,NA,NA,NA,NA
287.002,7.0525,2.4191,7.7431,5.7039,27912.1100,-5.9276,NA,NA,NA,NA,NA,NA,NA,NA,NA,NA
287.152,7.0417,2.2617,7.7336,5.5750,27912.1100,-5.9276,NA,NA,NA,NA,NA,NA,NA,NA,NA,NA
287.188,7.0359,2.1781,7.7224,5.4213,21475.1020,-27.6223,NA,NA,NA,NA,NA,NA,NA,NA,NA,NA
287.293,7.0299,2.0906,7.7155,5.3268,23726.8880,-20.0331,NA,NA,NA,NA,NA,NA,NA,NA,NA,NA
287.396,7.0164,1.8951,7.7056,5.1929,26365.5120,-11.1401,NA,NA,NA,NA,NA,NA,NA,NA,NA,NA
287.487,6.9937,1.5645,7.6995,5.1087,50659.1840,70.7370,NA,NA,NA,NA,NA,NA,NA,NA,NA,NA
287.585,6.9812,1.3826,7.6981,5.0901,56544.2240,90.5714,NA,NA,NA,NA,NA,NA,NA,NA,NA,NA
287.690,6.9788,1.3486,7.6892,4.9689,60510.8760,103.9402,NA,NA,NA,NA,NA,NA,NA,NA,NA,NA
287.793,6.9742,1.2824,7.6802,4.8456,60510.8760,103.9402,NA,NA,NA,NA,NA,NA,NA,NA,NA,NA
287.919,6.9637,1.1294,7.6749,4.7728,27186.4640,-8.3733,NA,NA,NA,NA,NA,NA,NA,NA,NA,NA
287.985,6.9587,1.0570,7.6619,4.5956,28935.7320,-2.4777,NA,NA,NA,NA,NA,NA,NA,NA,NA,NA
288.090,6.9590,1.0604,7.6575,4.5352,28935.7320,-2.4777,NA,NA,NA,NA,NA,NA,NA,NA,NA,NA
288.192,6.9590,1.0604,7.6563,4.5193,49563.5200,67.0443,NA,NA,NA,NA,NA,NA,NA,NA,NA,NA
288.298,6.9502,0.9330,7.6455,4.3716,53595.0160,80.6316,NA,NA,NA,NA,NA,NA,NA,NA,NA,NA
288.379,6.9296,0.6342,7.6376,4.2645,57296.6960,93.1074,NA,NA,NA,NA,NA,NA,NA,NA,NA,NA
288.479,6.9243,0.5564,7.6284,4.1383,57296.6960,93.1074,NA,NA,NA,NA,NA,NA,NA,NA,NA,NA
288.585,6.9182,0.4689,7.6237,4.0738,26110.3320,-12.0002,193770.2720,0.0000,NA,NA,NA,NA,NA,NA,NA,NA
288.669,6.9102,0.3522,7.6191,4.0121,51260.8880,72.7649,NA,NA,NA,NA,NA,NA,NA,NA,NA,NA
288.771,6.9056,0.2856,7.6142,3.9442,51260.8880,72.7649,NA,NA,NA,NA,NA,NA,NA,NA,NA,NA
288.870,6.9028,0.2451,7.6117,3.9102,28569.7200,-3.7113,192382.5920,0.0000,NA,NA,NA,NA,NA,NA,NA,NA
288.972,6.8968,0.1577,7.6097,3.8838,58003.2560,95.4888,NA,NA,NA,NA,NA,NA,NA,NA,NA,NA
289.082,6.8873,0.0202,7.6026,3.7864,58003.2560,95.4888,NA,NA,NA,NA,NA,NA,NA,NA,NA,NA
289.183,6.8873,0.0202,7.5999,3.7491,26599.2120,-10.3525,NA,NA,NA,NA,NA,NA,NA,NA,NA,NA
289.321,6.8843,-0.0238,7.5957,3.6918,24378.5120,-17.8369,NA,NA,NA,NA,NA,NA,NA,NA,NA,NA
289.404,6.8843,-0.0238,7.5864,3.5655,26766.6620,-9.7881,NA,NA,NA,NA,NA,NA,NA,NA,NA,NA
289.499,6.8715,-0.2100,7.5814,3.4971,51799.3120,74.5796,NA,NA,NA,NA,NA,NA,NA,NA,NA,NA
289.562,6.8667,-0.2801,7.5698,3.3383,56316.8600,89.8051,NA,NA,NA,NA,NA,NA,NA,NA,NA,NA
289.660,6.8582,-0.4024,7.5626,3.2407,59015.2200,98.8994,NA,NA,NA,NA,NA,NA,NA,NA,NA,NA
289.766,6.8528,-0.4819,7.5579,3.1755,59015.2200,98.8994,NA,NA,NA,NA,NA,NA,NA,NA,NA,NA
289.858,6.8347,-0.7446,7.5540,3.1233,27129.1380,-8.5665,NA,NA,NA,NA,NA,NA,NA,NA,NA,NA
289.955,6.8301,-0.8112,7.5472,3.0300,28667.1780,-3.3828,NA,NA,NA,NA,NA,NA,NA,NA,NA,NA
290.098,6.8158,-1.0185,7.5360,2.8769,28667.1780,-3.3828,NA,NA,NA,NA,NA,NA,NA,NA,NA,NA
290.152,6.8160,-1.0156,7.5303,2.7993,22096.4080,-25.5283,NA,NA,NA,NA,NA,NA,NA,NA,NA,NA
290.264,6.8197,-0.9620,7.5220,2.6856,24473.7720,-17.5159,NA,NA,NA,NA,NA,NA,NA,NA,NA,NA
290.350,6.8197,-0.9620,7.5059,2.4663,46166.8880,55.5966,NA,NA,NA,NA,NA,NA,NA,NA,NA,NA
290.443,6.8058,-1.1637,7.5006,2.3944,51952.2720,75.0951,NA,NA,NA,NA,NA,NA,NA,NA,NA,NA
290.545,6.7863,-1.4473,7.4932,2.2933,57880.0400,95.0735,NA,NA,NA,NA,NA,NA,NA,NA,NA,NA
290.643,6.7702,-1.6809,7.4886,2.2296,61553.5600,107.4544,NA,NA,NA,NA,NA,NA,NA,NA,NA,NA
290.739,6.7617,-1.8045,7.4872,2.2110,61553.5600,107.4544,NA,NA,NA,NA,NA,NA,NA,NA,NA,NA
290.836,6.7578,-1.8612,7.4679,1.9468,28088.7040,-5.3325,NA,NA,NA,NA,NA,NA,NA,NA,NA,NA
290.937,6.7521,-1.9441,7.4595,1.8323,29709.6620,0.1307,NA,NA,NA,NA,NA,NA,NA,NA,NA,NA
291.040,6.7487,-1.9937,7.4534,1.7490,29709.6620,0.1307,NA,NA,NA,NA,NA,NA,NA,NA,NA,NA
291.140,6.7369,-2.1647,7.4494,1.6954,22328.9240,-24.7447,NA,NA,NA,NA,NA,NA,NA,NA,NA,NA
291.228,6.7277,-2.2982,7.4447,1.6311,24560.7640,-17.2227,NA,NA,NA,NA,NA,NA,NA,NA,NA,NA
291.331,6.7137,-2.5008,7.4334,1.4768,45660.3560,53.8894,NA,NA,NA,NA,NA,NA,NA,NA,NA,NA
291.429,6.6771,-3.0325,7.4267,1.3849,52286.0480,76.2200,NA,NA,NA,NA,NA,NA,NA,NA,NA,NA
291.532,6.6502,-3.4234,7.4193,1.2837,58877.0240,98.4336,NA,NA,NA,NA,NA,NA,NA,NA,NA,NA
291.635,6.6469,-3.4715,7.4152,1.2280,58877.0240,98.4336,NA,NA,NA,NA,NA,NA,NA,NA,NA,NA
291.733,6.6435,-3.5214,7.4074,1.1210,25902.1740,-12.7017,NA,NA,NA,NA,NA,NA,NA,NA,NA,NA
291.834,6.6378,-3.6038,7.4026,1.0557,25902.1740,-12.7017,NA,NA,NA,NA,NA,NA,NA,NA,NA,NA
291.946,6.6263,-3.7700,7.3952,0.9554,25967.1640,-12.4827,NA,NA,NA,NA,NA,NA,NA,NA,NA,NA
292.020,6.6117,-3.9831,7.3931,0.9267,48967.5360,65.0356,NA,NA,NA,NA,NA,NA,NA,NA,NA,NA
292.133,6.5989,-4.1680,7.3906,0.8915,51468.2800,73.4639,NA,NA,NA,NA,NA,NA,NA,NA,NA,NA
292.223,6.5975,-4.1884,7.3863,0.8340,55856.4120,88.2532,NA,NA,NA,NA,NA,NA,NA,NA,NA,NA
292.320,6.5725,-4.5514,7.3828,0.7855,55856.4120,88.2532,NA,NA,NA,NA,NA,NA,NA,NA,NA,NA
292.419,6.5639,-4.6766,7.3802,0.7507,25138.4400,-15.2758,NA,NA,NA,NA,NA,NA,NA,NA,NA,NA
292.533,6.5500,-4.8780,7.3768,0.7036,27088.8280,-8.7023,196970.6240,0.0000,NA,NA,NA,NA,NA,NA,NA,NA
292.614,6.5460,-4.9366,7.3752,0.6823,27088.8280,-8.7023,NA,NA,NA,NA,NA,NA,NA,NA,NA,NA
292.711,6.5403,-5.0200,7.3729,0.6508,25630.2800,-13.6181,NA,NA,NA,NA,NA,NA,NA,NA,NA,NA
292.806,6.5276,-5.2047,7.3668,0.5675,29686.0120,0.0510,197354.0480,0.0000,NA,NA,NA,NA,NA,NA,NA,NA
292.907,6.5144,-5.3963,7.3642,0.5324,59960.5440,102.0854,NA,NA,NA,NA,NA,NA,NA,NA,NA,NA
293.012,6.5080,-5.4889,7.3615,0.4945,59960.5440,102.0854,NA,NA,NA,NA,NA,NA,NA,NA,NA,NA
293.169,6.4946,-5.6830,7.3522,0.3679,28252.1480,-4.7816,NA,NA,NA,NA,NA,NA,NA,NA,NA,NA
293.210,6.4809,-5.8828,7.3458,0.2799,25471.3800,-14.1536,NA,NA,NA,NA,NA,NA,NA,NA,NA,NA
293.307,6.4725,-6.0037,7.3417,0.2244,47769.9680,60.9994,NA,NA,NA,NA,NA,NA,NA,NA,NA,NA
293.406,6.4669,-6.0851,7.3333,0.1104,54016.8760,82.0534,NA,NA,NA,NA,NA,NA,NA,NA,NA,NA
293.503,6.4603,-6.1812,7.3282,0.0402,59169.2720,99.4186,NA,NA,NA,NA,NA,NA,NA,NA,NA,NA
293.600,6.4441,-6.4162,7.3232,-0.0274,59169.2720,99.4186,NA,NA,NA,NA,NA,NA,NA,NA,NA,NA
293.709,6.4395,-6.4828,7.3145,-0.1466,25985.3680,-12.4213,NA,NA,NA,NA,NA,NA,NA,NA,NA,NA
293.797,6.4284,-6.6452,7.3113,-0.1911,28022.7140,-5.5549,NA,NA,NA,NA,NA,NA,NA,NA,NA,NA
293.899,6.4240,-6.7081,7.3103,-0.2047,30041.1520,1.2479,NA,NA,NA,NA,NA,NA,NA,NA,NA,NA
293.991,6.4250,-6.6937,7.3061,-0.2607,30041.1520,1.2479,NA,NA,NA,NA,NA,NA,NA,NA,NA,NA
294.089,6.4250,-6.6937,7.3037,-0.2944,22970.2600,-22.5832,NA,NA,NA,NA,NA,NA,NA,NA,NA,NA
294.209,6.4233,-6.7180,7.2976,-0.3772,25398.1000,-14.4006,NA,NA,NA,NA,NA,NA,NA,NA,NA,NA
294.289,6.4182,-6.7924,7.2948,-0.4162,47797.7160,61.0930,NA,NA,NA,NA,NA,NA,NA,NA,NA,NA
294.392,6.4108,-6.9007,7.2853,-0.5452,54626.5280,84.1081,NA,NA,NA,NA,NA,NA,NA,NA,NA,NA
294.479,6.4019,-7.0291,7.2814,-0.5992,60632.5400,104.3502,NA,NA,NA,NA,NA,NA,NA,NA,NA,NA
294.581,6.3976,-7.0918,7.2763,-0.6677,60632.5400,104.3502,NA,NA,NA,NA,NA,NA,NA,NA,NA,NA
294.675,6.3913,-7.1831,7.2702,-0.7516,26826.0480,-9.5880,NA,NA,NA,NA,NA,NA,NA,NA,NA,NA
294.774,6.3676,-7.5272,7.2645,-0.8299,29112.6580,-1.8814,NA,NA,NA,NA,NA,NA,NA,NA,NA,NA
294.882,6.3556,-7.7017,7.2614,-0.8719,29112.6580,-1.8814,NA,NA,NA,NA,NA,NA,NA,NA,NA,NA
294.981,6.3489,-7.7995,7.2571,-0.9303,21274.6820,-28.2978,NA,NA,NA,NA,NA,NA,NA,NA,NA,NA
295.076,6.3460,-7.8415,7.2542,-0.9696,22912.2460,-22.7787,NA,NA,NA,NA,NA,NA,NA,NA,NA,NA
295.165,6.3097,-8.3684,7.2476,-1.0601,25433.2620,-14.2821,NA,NA,NA,NA,NA,NA,NA,NA,NA,NA
295.275,6.2824,-8.7653,7.2441,-1.1076,47137.3400,58.8673,NA,NA,NA,NA,NA,NA,NA,NA,NA,NA
295.372,6.2580,-9.1198,7.2395,-1.1710,54348.4640,83.1710,NA,NA,NA,NA,NA,NA,NA,NA,NA,NA
295.471,6.2445,-9.3149,7.2371,-1.2037,61651.6640,107.7850,NA,NA,NA,NA,NA,NA,NA,NA,NA,NA
295.567,6.2287,-9.5446,7.2343,-1.2412,61651.6640,107.7850,NA,NA,NA,NA,NA,NA,NA,NA,NA,NA
295.656,6.2276,-9.5613,7.2325,-1.2664,27494.3920,-7.3355,NA,NA,NA,NA,NA,NA,NA,NA,NA,NA
295.786,6.2200,-9.6707,7.2288,-1.3163,29974.7120,1.0240,NA,NA,NA,NA,NA,NA,NA,NA,NA,NA
295.872,6.2200,-9.6707,7.2267,-1.3450,29974.7120,1.0240,NA,NA,NA,NA,NA,NA,NA,NA,NA,NA
295.959,6.2186,-9.6916,7.2153,-1.5006,21768.0780,-26.6349,NA,NA,NA,NA,NA,NA,NA,NA,NA,NA
296.064,6.2176,-9.7058,7.2098,-1.5767,54731.2920,84.4612,NA,NA,NA,NA,NA,NA,NA,NA,NA,NA
296.200,6.2113,-9.7975,7.2033,-1.6650,59163.4520,99.3990,NA,NA,NA,NA,NA,NA,NA,NA,NA,NA
296.254,6.2121,-9.7854,7.1978,-1.7405,59163.4520,99.3990,NA,NA,NA,NA,NA,NA,NA,NA,NA,NA
296.349,6.2121,-9.7854,7.1925,-1.8122,26913.8680,-9.2920,NA,NA,NA,NA,NA,NA,NA,NA,NA,NA
296.452,6.2133,-9.7681,7.1818,-1.9582,28469.7980,-4.0481,NA,NA,NA,NA,NA,NA,NA,NA,NA,NA
296.552,6.2133,-9.7681,7.1759,-2.0386,28469.7980,-4.0481,NA,NA,NA,NA,NA,NA,NA,NA,NA,NA
296.649,6.2120,-9.7876,7.1726,-2.0836,23368.1960,-21.2420,NA,NA,NA,NA,NA,NA,NA,NA,NA,NA
296.741,6.2114,-9.7964,7.1694,-2.1269,25533.3700,-13.9447,NA,NA,NA,NA,NA,NA,NA,NA,NA,NA
296.839,6.2055,-9.8823,7.1665,-2.1675,49077.0720,65.4048,NA,NA,NA,NA,NA,NA,NA,NA,NA,NA
296.942,6.1966,-10.0114,7.1617,-2.2328,53412.0120,80.0149,NA,NA,NA,NA,NA,NA,NA,NA,NA,NA
297.046,6.1918,-10.0807,7.1584,-2.2774,56311.8800,89.7883,NA,NA,NA,NA,NA,NA,NA,NA,NA,NA
297.138,6.1834,-10.2027,7.1552,-2.3216,56311.8800,89.7883,NA,NA,NA,NA,NA,NA,NA,NA,NA,NA
297.239,6.1673,-10.4359,7.1522,-2.3624,25660.9380,-13.5148,NA,NA,NA,NA,NA,NA,NA,NA,NA,NA
297.330,6.1628,-10.5018,7.1503,-2.3879,27207.4600,-8.3025,NA,NA,NA,NA,NA,NA,NA,NA,NA,NA
297.432,6.1553,-10.6100,7.1489,-2.4068,29102.9080,-1.9143,NA,NA,NA,NA,NA,NA,NA,NA,NA,NA
297.526,6.1519,-10.6593,7.1455,-2.4536,29102.9080,-1.9143,NA,NA,NA,NA,NA,NA,NA,NA,NA,NA
297.625,6.1414,-10.8121,7.1434,-2.4824,23513.0360,-20.7539,NA,NA,NA,NA,NA,NA,NA,NA,NA,NA
297.727,6.1311,-10.9615,7.1431,-2.4869,25937.1200,-12.5840,NA,NA,NA,NA,NA,NA,NA,NA,NA,NA
297.832,6.1223,-11.0898,7.1391,-2.5412,49601.4320,67.1720,NA,NA,NA,NA,NA,NA,NA,NA,NA,NA
297.973,6.1128,-11.2274,7.1387,-2.5471,54807.5480,84.7182,NA,NA,NA,NA,NA,NA,NA,NA,NA,NA
298.025,6.1045,-11.3479,7.1386,-2.5484,58877.4840,98.4352,NA,NA,NA,NA,NA,NA,NA,NA,NA,NA
298.116,6.0957,-11.4761,7.1360,-2.5830,58877.4840,98.4352,NA,NA,NA,NA,NA,NA,NA,NA,NA,NA
298.214,6.0900,-11.5592,7.1375,-2.5629,26584.5640,-10.4019,NA,NA,NA,NA,NA,NA,NA,NA,NA,NA
298.309,6.0881,-11.5862,7.1375,-2.5629,28326.1280,-4.5323,NA,NA,NA,NA,NA,NA,NA,NA,NA,NA
298.408,6.0883,-11.5837,7.1338,-2.6135,28326.1280,-4.5323,NA,NA,NA,NA,NA,NA,NA,NA,NA,NA
298.555,6.0883,-11.5837,7.1285,-2.6864,21384.7260,-27.9269,NA,NA,NA,NA,NA,NA,NA,NA,NA,NA
298.600,6.0877,-11.5922,7.1240,-2.7479,23464.8420,-20.9163,NA,NA,NA,NA,NA,NA,NA,NA,NA,NA
298.701,6.0875,-11.5949,7.1207,-2.7922,26245.0940,-11.5460,NA,NA,NA,NA,NA,NA,NA,NA,NA,NA
298.806,6.0851,-11.6294,7.1181,-2.8274,50025.4120,68.6010,NA,NA,NA,NA,NA,NA,NA,NA,NA,NA
298.908,6.0851,-11.6294,7.1163,-2.8523,50025.4120,68.6010,NA,NA,NA,NA,NA,NA,NA,NA,NA,NA
299.007,6.0867,-11.6072,7.1115,-2.9176,29079.6020,-1.9928,NA,NA,NA,NA,NA,NA,NA,NA,NA,NA
299.118,6.0879,-11.5899,7.1076,-2.9716,29079.6020,-1.9928,NA,NA,NA,NA,NA,NA,NA,NA,NA,NA
299.221,6.0879,-11.5899,7.1059,-2.9948,23322.9640,-21.3945,NA,NA,NA,NA,NA,NA,NA,NA,NA,NA
299.307,6.0864,-11.6106,7.1033,-3.0296,24738.3580,-16.6242,NA,NA,NA,NA,NA,NA,NA,NA,NA,NA
299.396,6.0859,-11.6189,7.1003,-3.0714,46961.2400,58.2738,NA,NA,NA,NA,NA,NA,NA,NA,NA,NA
299.492,6.0812,-11.6868,7.0941,-3.1553,49457.9880,66.6886,NA,NA,NA,NA,NA,NA,NA,NA,NA,NA
299.589,6.0795,-11.7109,7.0919,-3.1861,53907.2440,81.6839,NA,NA,NA,NA,NA,NA,NA,NA,NA,NA
299.748,6.0780,-11.7326,7.0874,-3.2465,57924.6600,95.2239,NA,NA,NA,NA,NA,NA,NA,NA,NA,NA
299.800,6.0767,-11.7519,7.0838,-3.2959,57924.6600,95.2239,NA,NA,NA,NA,NA,NA,NA,NA,NA,NA
299.888,6.0747,-11.7812,7.0816,-3.3263,26095.6300,-12.0497,194692.5600,0.0000,NA,NA,NA,NA,NA,NA,NA,NA
299.989,6.0712,-11.8313,7.0773,-3.3854,51967.8000,75.1474,NA,NA,NA,NA,NA,NA,NA,NA,NA,NA
300.083,6.0687,-11.8678,7.0765,-3.3962,51967.8000,75.1474,NA,NA,NA,NA,NA,NA,NA,NA,NA,NA
300.180,6.0627,-11.9553,7.0753,-3.4117,28101.4360,-5.2895,192025.6320,0.0000,NA,NA,NA,NA,NA,NA,NA,NA
300.305,6.0548,-12.0708,7.0715,-3.4639,55977.1680,88.6602,NA,NA,NA,NA,NA,NA,NA,NA,NA,NA
300.390,6.0471,-12.1815,7.0673,-3.5210,55977.1680,88.6602,NA,NA,NA,NA,NA,NA,NA,NA,NA,NA
300.484,6.0420,-12.2562,7.0672,-3.5227,26654.3840,-10.1666,NA,NA,NA,NA,NA,NA,NA,NA,NA,NA
300.582,6.0390,-12.2995,7.0668,-3.5289,24151.0660,-18.6035,NA,NA,NA,NA,NA,NA,NA,NA,NA,NA
300.680,6.0337,-12.3770,7.0648,-3.5559,26557.8640,-10.4919,NA,NA,NA,NA,NA,NA,NA,NA,NA,NA
300.776,6.0280,-12.4595,7.0632,-3.5776,51063.1520,72.0985,NA,NA,NA,NA,NA,NA,NA,NA,NA,NA
300.881,6.0240,-12.5181,7.0595,-3.6275,56573.4240,90.6698,NA,NA,NA,NA,NA,NA,NA,NA,NA,NA
300.973,6.0200,-12.5759,7.0569,-3.6637,60404.7480,103.5825,NA,NA,NA,NA,NA,NA,NA,NA,NA,NA
301.084,6.0193,-12.5861,7.0555,-3.6819,60404.7480,103.5825,NA,NA,NA,NA,NA,NA,NA,NA,NA,NA
301.173,6.0193,-12.5861,7.0505,-3.7502,27368.1820,-7.7608,NA,NA,NA,NA,NA,NA,NA,NA,NA,NA
301.315,6.0138,-12.6652,7.0470,-3.7986,29029.9520,-2.1602,NA,NA,NA,NA,NA,NA,NA,NA,NA,NA
301.368,6.0133,-12.6725,7.0370,-3.9346,29029.9520,-2.1602,NA,NA,NA,NA,NA,NA,NA,NA,NA,NA
301.466,6.0104,-12.7147,7.0325,-3.9962,21874.7760,-26.2753,NA,NA,NA,NA,NA,NA,NA,NA,NA,NA
301.565,6.0084,-12.7440,7.0271,-4.0707,24018.2800,-19.0510,NA,NA,NA,NA,NA,NA,NA,NA,NA,NA
301.658,6.0050,-12.7940,7.0254,-4.0939,44423.8000,49.7218,NA,NA,NA,NA,NA,NA,NA,NA,NA,NA
301.766,5.9981,-12.8940,7.0223,-4.1357,50928.0960,71.6433,NA,NA,NA,NA,NA,NA,NA,NA,NA,NA
301.855,5.9881,-13.0389,7.0204,-4.1620,57555.8440,93.9808,NA,NA,NA,NA,NA,NA,NA,NA,NA,NA
301.953,5.9881,-13.0389,7.0196,-4.1726,62631.2120,111.0864,NA,NA,NA,NA,NA,NA,NA,NA,NA,NA
302.133,5.9845,-13.0904,7.0203,-4.1632,62631.2120,111.0864,NA,NA,NA,NA,NA,NA,NA,NA,NA,NA
302.144,5.9845,-13.0904,7.0203,-4.1632,28194.6500,-4.9754,NA,NA,NA,NA,NA,NA,NA,NA,NA,NA
302.253,5.9770,-13.2001,7.0183,-4.1902,30190.9040,1.7526,NA,NA,NA,NA,NA,NA,NA,NA,NA,NA
302.355,5.9765,-13.2077,7.0171,-4.2072,30190.9040,1.7526,NA,NA,NA,NA,NA,NA,NA,NA,NA,NA
302.440,5.9753,-13.2251,7.0135,-4.2552,22178.0240,-25.2533,NA,NA,NA,NA,NA,NA,NA,NA,NA,NA
302.547,5.9694,-13.3101,7.0126,-4.2677,24253.8400,-18.2571,NA,NA,NA,NA,NA,NA,NA,NA,NA,NA
302.713,5.9694,-13.3101,7.0113,-4.2857,43982.3440,48.2340,NA,NA,NA,NA,NA,NA,NA,NA,NA,NA
302.747,5.9620,-13.4176,7.0113,-4.2857,51012.3520,71.9273,NA,NA,NA,NA,NA,NA,NA,NA,NA,NA
302.845,5.9581,-13.4752,7.0074,-4.3386,51012.3520,71.9273,NA,NA,NA,NA,NA,NA,NA,NA,NA,NA
302.948,5.9587,-13.4660,7.0053,-4.3674,30047.7460,1.2701,NA,NA,NA,NA,NA,NA,NA,NA,NA,NA
303.037,5.9587,-13.4660,7.0022,-4.4095,30047.7460,1.2701,NA,NA,NA,NA,NA,NA,NA,NA,NA,NA
303.136,5.9559,-13.5065,7.0010,-4.4269,24287.4900,-18.1437,NA,NA,NA,NA,NA,NA,NA,NA,NA,NA
303.246,5.9521,-13.5610,7.0003,-4.4365,25966.2460,-12.4858,NA,NA,NA,NA,NA,NA,NA,NA,NA,NA
303.369,5.9409,-13.7243,7.0002,-4.4374,50048.8960,68.6801,NA,NA,NA,NA,NA,NA,NA,NA,NA,NA
303.436,5.9357,-13.8000,7.0002,-4.4374,52665.6320,77.4993,NA,NA,NA,NA,NA,NA,NA,NA,NA,NA
303.535,5.9314,-13.8620,6.9999,-4.4411,56373.1040,89.9946,NA,NA,NA,NA,NA,NA,NA,NA,NA,NA
303.630,5.9271,-13.9251,6.9959,-4.4961,56373.1040,89.9946,NA,NA,NA,NA,NA,NA,NA,NA,NA,NA
303.732,5.9220,-13.9980,6.9959,-4.4961,25727.4880,-13.2905,NA,NA,NA,NA,NA,NA,NA,NA,NA,NA
303.819,5.9182,-14.0532,6.9914,-4.5579,27050.9800,-8.8299,NA,NA,NA,NA,NA,NA,NA,NA,NA,NA
303.920,5.9139,-14.1161,6.9850,-4.6456,27050.9800,-8.8299,NA,NA,NA,NA,NA,NA,NA,NA,NA,NA
304.026,5.9048,-14.2489,6.9850,-4.6456,22094.6060,-25.5344,NA,NA,NA,NA,NA,NA,NA,NA,NA,NA
304.118,5.9038,-14.2636,6.9795,-4.7206,24400.9120,-17.7614,NA,NA,NA,NA,NA,NA,NA,NA,NA,NA
304.215,5.8971,-14.3598,6.9638,-4.9347,26643.4900,-10.2033,NA,NA,NA,NA,NA,NA,NA,NA,NA,NA
304.315,5.8808,-14.5973,6.9519,-5.0967,51603.1160,73.9183,NA,NA,NA,NA,NA,NA,NA,NA,NA,NA
304.412,5.8727,-14.7142,6.9452,-5.1882,55206.1360,86.0616,NA,NA,NA,NA,NA,NA,NA,NA,NA,NA
304.526,5.8870,-14.5073,6.9506,-5.1140,57696.9680,94.4565,NA,NA,NA,NA,NA,NA,NA,NA,NA,NA
304.612,6.0081,-12.7488,7.0686,-3.5038,57696.9680,94.4565,NA,NA,NA,NA,NA,NA,NA,NA,NA,NA
304.703,6.2008,-9.9499,7.2199,-1.4388,26623.9320,-10.2692,NA,NA,NA,NA,NA,NA,NA,NA,NA,NA
304.803,6.3596,-7.6438,7.4159,1.2370,28091.2980,-5.3237,NA,NA,NA,NA,NA,NA,NA,NA,NA,NA
304.903,6.4758,-5.9563,7.5216,2.6810,28091.2980,-5.3237,NA,NA,NA,NA,NA,NA,NA,NA,NA,NA
305.015,6.5527,-4.8394,7.6129,3.9270,22286.0080,-24.8893,NA,NA,NA,NA,NA,NA,NA,NA,NA,NA
305.106,6.5991,-4.1663,7.6498,4.4309,24695.2260,-16.7695,NA,NA,NA,NA,NA,NA,NA,NA,NA,NA
305.205,6.6252,-3.7873,7.6711,4.7212,46746.0160,57.5484,NA,NA,NA,NA,NA,NA,NA,NA,NA,NA
305.294,6.6420,-3.5425,7.6837,4.8934,52449.8760,76.7722,NA,NA,NA,NA,NA,NA,NA,NA,NA,NA
305.393,6.6670,-3.1798,7.6903,4.9832,57009.6760,92.1401,NA,NA,NA,NA,NA,NA,NA,NA,NA,NA
305.491,6.7020,-2.6711,7.6903,4.9832,59473.7440,100.4447,NA,NA,NA,NA,NA,NA,NA,NA,NA,NA
305.586,6.7216,-2.3873,7.6901,4.9813,59473.7440,100.4447,NA,NA,NA,NA,NA,NA,NA,NA,NA,NA
305.686,6.7352,-2.1895,7.6967,5.0710,27606.2360,-6.9585,NA,NA,NA,NA,NA,NA,NA,NA,NA,NA
305.787,6.7472,-2.0142,7.6967,5.0710,29115.1160,-1.8731,NA,NA,NA,NA,NA,NA,NA,NA,NA,NA
305.902,6.8215,-0.9361,7.7603,5.9385,29115.1160,-1.8731,NA,NA,NA,NA,NA,NA,NA,NA,NA,NA
305.988,7.0726,2.7105,7.8677,7.4046,50829.8240,71.3121,NA,NA,NA,NA,NA,NA,NA,NA,NA,NA
306.087,7.4138,7.6660,7.9906,9.0833,54502.7880,83.6911,NA,NA,NA,NA,NA,NA,NA,NA,NA,NA
306.185,7.5968,10.3239,8.1054,10.6506,54502.7880,83.6911,NA,NA,NA,NA,NA,NA,NA,NA,NA,NA
306.312,7.7744,12.9021,8.1902,11.8076,24071.1220,-18.8729,NA,NA,NA,NA,NA,NA,NA,NA,NA,NA
306.386,7.9277,15.1292,8.2286,12.3327,26831.8820,-9.5683,NA,NA,NA,NA,NA,NA,NA,NA,NA,NA
306.473,8.0450,16.8326,8.2684,12.8758,31401.6580,5.8332,NA,NA,NA,NA,NA,NA,NA,NA,NA,NA
306.579,8.0889,17.4696,8.2854,13.1077,31401.6580,5.8332,NA,NA,NA,NA,NA,NA,NA,NA,NA,NA
306.677,8.1024,17.6657,8.2911,13.1854,24188.7600,-18.4765,NA,NA,NA,NA,NA,NA,NA,NA,NA,NA
306.777,8.1209,17.9347,8.2927,13.2073,25730.1480,-13.2815,NA,NA,NA,NA,NA,NA,NA,NA,NA,NA
306.926,8.1238,17.9761,8.2927,13.2073,47672.5160,60.6710,NA,NA,NA,NA,NA,NA,NA,NA,NA,NA
306.968,8.1337,18.1197,8.2742,12.9544,51566.3080,73.7943,NA,NA,NA,NA,NA,NA,NA,NA,NA,NA
307.066,8.1372,18.1712,8.2442,12.5448,55776.9520,87.9854,NA,NA,NA,NA,NA,NA,NA,NA,NA,NA
307.158,8.1372,18.1712,8.2531,12.6659,55776.9520,87.9854,NA,NA,NA,NA,NA,NA,NA,NA,NA,NA
307.263,8.1669,18.6021,8.2778,13.0039,24848.6120,-16.2526,NA,NA,NA,NA,NA,NA,NA,NA,NA,NA
307.368,8.2029,19.1259,8.2962,13.2546,27095.5500,-8.6797,NA,NA,NA,NA,NA,NA,NA,NA,NA,NA
307.453,8.2169,19.3292,8.3103,13.4469,27095.5500,-8.6797,NA,NA,NA,NA,NA,NA,NA,NA,NA,NA
307.567,8.2407,19.6737,8.3103,13.4469,22625.0760,-23.7466,NA,NA,NA,NA,NA,NA,NA,NA,NA,NA
307.668,8.2704,20.1055,8.3300,13.7168,24415.1120,-17.7136,NA,NA,NA,NA,NA,NA,NA,NA,NA,NA
307.748,8.3310,20.9861,8.3547,14.0540,26125.2900,-11.9498,NA,NA,NA,NA,NA,NA,NA,NA,NA,NA
307.853,8.3310,20.9861,8.3547,14.0540,49958.9440,68.3770,NA,NA,NA,NA,NA,NA,NA,NA,NA,NA
307.950,8.3023,20.5692,8.3479,13.9602,52746.2200,77.7709,NA,NA,NA,NA,NA,NA,NA,NA,NA,NA
308.047,8.2012,19.1009,8.3311,13.7312,57314.7320,93.1682,NA,NA,NA,NA,NA,NA,NA,NA,NA,NA
308.152,8.1527,18.3962,8.3109,13.4553,57314.7320,93.1682,NA,NA,NA,NA,NA,NA,NA,NA,NA,NA
308.252,8.1436,18.2641,8.2862,13.1187,25917.7220,-12.6493,NA,NA,NA,NA,NA,NA,NA,NA,NA,NA
308.339,8.1436,18.2641,8.2745,12.9580,27652.0000,-6.8043,NA,NA,NA,NA,NA,NA,NA,NA,NA,NA
308.440,8.1429,18.2534,8.2590,12.7474,27652.0000,-6.8043,NA,NA,NA,NA,NA,NA,NA,NA,NA,NA
308.542,8.1346,18.1338,8.2475,12.5906,22903.4720,-22.8083,NA,NA,NA,NA,NA,NA,NA,NA,NA,NA
308.699,8.1264,18.0138,8.2229,12.2543,51637.7200,74.0349,NA,NA,NA,NA,NA,NA,NA,NA,NA,NA
308.736,8.1068,17.7303,8.2106,12.0869,54420.5760,83.4140,NA,NA,NA,NA,NA,NA,NA,NA,NA,NA
308.836,8.0841,17.4007,8.2043,11.9999,54420.5760,83.4140,NA,NA,NA,NA,NA,NA,NA,NA,NA,NA
308.935,8.0697,17.1912,8.1948,11.8704,28535.0540,-3.8281,NA,NA,NA,NA,NA,NA,NA,NA,NA,NA
309.038,8.0436,16.8117,8.1943,11.8635,32375.8960,9.1167,NA,NA,NA,NA,NA,NA,NA,NA,NA,NA
309.135,8.0567,17.0028,8.1883,11.7814,32375.8960,9.1167,NA,NA,NA,NA,NA,NA,NA,NA,NA,NA
309.233,8.0567,17.0028,8.1683,11.5085,23515.7760,-20.7446,NA,NA,NA,NA,NA,NA,NA,NA,NA,NA
309.328,8.0482,16.8784,8.1656,11.4724,25098.1860,-15.4114,NA,NA,NA,NA,NA,NA,NA,NA,NA,NA
309.426,8.0473,16.8659,8.1651,11.4652,46150.5760,55.5416,NA,NA,NA,NA,NA,NA,NA,NA,NA,NA
309.520,8.0388,16.7424,8.1588,11.3797,49832.3680,67.9504,NA,NA,NA,NA,NA,NA,NA,NA,NA,NA
309.619,8.0283,16.5903,8.1496,11.2530,53027.7120,78.7196,NA,NA,NA,NA,NA,NA,NA,NA,NA,NA
309.716,8.0224,16.5047,8.1437,11.1730,53027.7120,78.7196,NA,NA,NA,NA,NA,NA,NA,NA,NA,NA
309.821,8.0224,16.5047,8.1378,11.0920,24430.3620,-17.6622,NA,NA,NA,NA,NA,NA,NA,NA,NA,NA
309.912,8.0146,16.3908,8.1336,11.0349,28148.9920,-5.1293,NA,NA,NA,NA,NA,NA,NA,NA,NA,NA
310.011,7.9831,15.9331,8.1271,10.9468,32741.7420,10.3497,NA,NA,NA,NA,NA,NA,NA,NA,NA,NA
310.114,7.9787,15.8695,8.1183,10.8263,32741.7420,10.3497,NA,NA,NA,NA,NA,NA,NA,NA,NA,NA
310.206,7.9823,15.9220,8.1111,10.7279,23988.3800,-19.1518,NA,NA,NA,NA,NA,NA,NA,NA,NA,NA
310.317,7.9823,15.9220,8.1072,10.6754,25680.8820,-13.4476,NA,NA,NA,NA,NA,NA,NA,NA,NA,NA
310.408,7.9583,15.5730,8.0946,10.5032,47163.7880,58.9564,NA,NA,NA,NA,NA,NA,NA,NA,NA,NA
310.567,7.9496,15.4475,8.0868,10.3958,51233.8880,72.6739,NA,NA,NA,NA,NA,NA,NA,NA,NA,NA
310.599,7.9291,15.1488,8.0816,10.3256,54633.8520,84.1328,NA,NA,NA,NA,NA,NA,NA,NA,NA,NA
310.702,7.9315,15.1834,8.0749,10.2343,54633.8520,84.1328,NA,NA,NA,NA,NA,NA,NA,NA,NA,NA
310.804,7.9315,15.1834,8.0639,10.0832,24783.5120,-16.4720,191172.4160,0.0000,NA,NA,NA,NA,NA,NA,NA,NA
310.895,7.9261,15.1052,8.0577,9.9987,49136.1920,65.6040,NA,NA,NA,NA,NA,NA,NA,NA,NA,NA
311.003,7.9035,14.7771,8.0495,9.8874,NA,NA,NA,NA,NA,NA,NA,NA,NA,NA,NA,NA
311.106,7.8817,14.4601,8.0351,9.6901,NA,NA,NA,NA,NA,NA,NA,NA,NA,NA,NA,NA
311.226,7.7868,13.0829,8.0314,9.6401,28508.9000,-3.9163,NA,NA,NA,NA,NA,NA,NA,NA,NA,NA
311.295,7.7326,12.2952,8.0265,9.5731,28979.2300,-2.3311,NA,NA,NA,NA,NA,NA,NA,NA,NA,NA
311.395,7.7189,12.0969,8.0202,9.4877,28979.2300,-2.3311,NA,NA,NA,NA,NA,NA,NA,NA,NA,NA
311.494,7.6921,11.7066,8.0146,9.4107,23450.8620,-20.9634,NA,NA,NA,NA,NA,NA,NA,NA,NA,NA
311.588,7.6805,11.5388,8.0067,9.3030,25524.4140,-13.9749,NA,NA,NA,NA,NA,NA,NA,NA,NA,NA
311.748,7.5740,9.9915,7.9954,9.1485,48980.8960,65.0806,NA,NA,NA,NA,NA,NA,NA,NA,NA,NA
311.790,7.4984,8.8940,7.9882,9.0500,53023.3920,78.7051,NA,NA,NA,NA,NA,NA,NA,NA,NA,NA
311.897,7.4513,8.2107,7.9786,8.9191,55566.4040,87.2758,NA,NA,NA,NA,NA,NA,NA,NA,NA,NA
311.998,7.3907,7.3304,7.9718,8.8261,55566.4040,87.2758,NA,NA,NA,NA,NA,NA,NA,NA,NA,NA
312.091,7.3862,7.2653,7.9642,8.7228,25469.2280,-14.1609,NA,NA,NA,NA,NA,NA,NA,NA,NA,NA
312.202,7.3511,6.7552,7.9530,8.5693,26975.1600,-9.0854,NA,NA,NA,NA,NA,NA,NA,NA,NA,NA
312.309,7.2876,5.8333,7.9390,8.3786,29014.6860,-2.2116,NA,NA,NA,NA,NA,NA,NA,NA,NA,NA
312.427,7.2553,5.3643,7.9215,8.1403,29014.6860,-2.2116,NA,NA,NA,NA,NA,NA,NA,NA,NA,NA
312.476,7.2437,5.1950,7.9110,7.9959,23664.4640,-20.2435,NA,NA,NA,NA,NA,NA,NA,NA,NA,NA
312.584,7.2418,5.1676,7.9016,7.8683,25942.0880,-12.5672,NA,NA,NA,NA,NA,NA,NA,NA,NA,NA
312.685,7.2353,5.0740,7.8948,7.7750,49788.6640,67.8031,NA,NA,NA,NA,NA,NA,NA,NA,NA,NA
312.772,7.2196,4.8455,7.8890,7.6962,49788.6640,67.8031,NA,NA,NA,NA,NA,NA,NA,NA,NA,NA
312.877,7.2136,4.7578,7.8790,7.5598,29348.8840,-1.0853,NA,NA,NA,NA,NA,NA,NA,NA,NA,NA
312.984,7.1922,4.4481,7.8680,7.4097,29348.8840,-1.0853,NA,NA,NA,NA,NA,NA,NA,NA,NA,NA
313.067,7.1768,4.2242,7.8517,7.1869,22685.9120,-23.5415,NA,NA,NA,NA,NA,NA,NA,NA,NA,NA
313.169,7.1739,4.1813,7.8380,6.9997,24181.3980,-18.5013,NA,NA,NA,NA,NA,NA,NA,NA,NA,NA
313.263,7.1856,4.3523,7.8291,6.8785,26137.3840,-11.9090,NA,NA,NA,NA,NA,NA,NA,NA,NA,NA
313.370,7.1941,4.4748,7.8172,6.7163,48406.8200,63.1458,NA,NA,NA,NA,NA,NA,NA,NA,NA,NA
313.522,7.1941,4.4748,7.8059,6.5614,52433.3600,76.7165,NA,NA,NA,NA,NA,NA,NA,NA,NA,NA
313.556,7.1852,4.3461,7.7914,6.3631,55992.9440,88.7134,NA,NA,NA,NA,NA,NA,NA,NA,NA,NA
313.661,7.1781,4.2432,7.7828,6.2462,55992.9440,88.7134,NA,NA,NA,NA,NA,NA,NA,NA,NA,NA
313.755,7.1163,3.3447,7.7754,6.1449,25519.9340,-13.9900,192245.7120,0.0000,NA,NA,NA,NA,NA,NA,NA,NA
313.854,7.0880,2.9347,7.7546,5.8617,50426.4720,69.9527,NA,NA,NA,NA,NA,NA,NA,NA,NA,NA
313.966,7.0479,2.3521,7.7473,5.7614,50426.4720,69.9527,NA,NA,NA,NA,NA,NA,NA,NA,NA,NA
314.052,7.0472,2.3415,7.7409,5.6742,27635.3540,-6.8604,190034.2880,0.0000,NA,NA,NA,NA,NA,NA,NA,NA
314.169,7.0533,2.4297,7.7365,5.6141,56848.6680,91.5974,NA,NA,NA,NA,NA,NA,NA,NA,NA,NA
314.252,7.0582,2.5009,7.7329,5.5648,NA,NA,NA,NA,NA,NA,NA,NA,NA,NA,NA,NA
314.354,7.0582,2.5009,7.7274,5.4894,NA,NA,NA,NA,NA,NA,NA,NA,NA,NA,NA,NA
314.450,7.0186,1.9259,7.7193,5.3799,31957.5440,7.7067,NA,NA,NA,NA,NA,NA,NA,NA,NA,NA
314.567,6.9953,1.5886,7.7145,5.3144,32536.0080,9.6563,NA,NA,NA,NA,NA,NA,NA,NA,NA,NA
314.651,6.9710,1.2354,7.7093,5.2433,32536.0080,9.6563,NA,NA,NA,NA,NA,NA,NA,NA,NA,NA
314.774,6.9398,0.7814,7.7035,5.1643,23472.5520,-20.8903,NA,NA,NA,NA,NA,NA,NA,NA,NA,NA
314.842,6.9152,0.4244,7.6985,5.0956,25077.0340,-15.4827,NA,NA,NA,NA,NA,NA,NA,NA,NA,NA
314.943,6.8959,0.1440,7.6908,4.9897,46046.4800,55.1908,NA,NA,NA,NA,NA,NA,NA,NA,NA,NA
315.038,6.8599,-0.3782,7.6842,4.9000,49934.1360,68.2933,NA,NA,NA,NA,NA,NA,NA,NA,NA,NA
315.140,6.8072,-1.1437,7.6800,4.8422,53268.5080,79.5312,NA,NA,NA,NA,NA,NA,NA,NA,NA,NA
315.233,6.7752,-1.6077,7.6738,4.7578,53268.5080,79.5312,NA,NA,NA,NA,NA,NA,NA,NA,NA,NA
315.429,6.7404,-2.1134,7.6709,4.7187,24136.6140,-18.6522,NA,NA,NA,NA,NA,NA,NA,NA,NA,NA
315.449,6.7237,-2.3555,7.6578,4.5400,24136.6140,-18.6522,NA,NA,NA,NA,NA,NA,NA,NA,NA,NA
315.536,6.7015,-2.6782,7.6481,4.4080,24937.8940,-15.9517,NA,NA,NA,NA,NA,NA,NA,NA,NA,NA
315.638,6.6894,-2.8549,7.6350,4.2286,44248.0960,49.1296,NA,NA,NA,NA,NA,NA,NA,NA,NA,NA
315.733,6.6828,-2.9495,7.6278,4.1303,46678.2440,57.3200,NA,NA,NA,NA,NA,NA,NA,NA,NA,NA
315.830,6.6746,-3.0693,7.6212,4.0405,50533.3600,70.3129,NA,NA,NA,NA,NA,NA,NA,NA,NA,NA
315.992,6.6603,-3.2775,7.6139,3.9407,50533.3600,70.3129,NA,NA,NA,NA,NA,NA,NA,NA,NA,NA
316.027,6.6520,-3.3980,7.6077,3.8560,28079.2360,-5.3644,188855.6960,0.0000,NA,NA,NA,NA,NA,NA,NA,NA
316.133,6.6473,-3.4657,7.6007,3.7602,59015.5800,98.9006,NA,NA,NA,NA,NA,NA,NA,NA,NA,NA
316.229,6.6334,-3.6678,7.5960,3.6955,59015.5800,98.9006,NA,NA,NA,NA,NA,NA,NA,NA,NA,NA
316.324,6.6469,-3.4716,7.5882,3.5895,26032.8360,-12.2614,NA,NA,NA,NA,NA,NA,NA,NA,NA,NA
316.419,6.6624,-3.2463,7.5813,3.4956,28839.9080,-2.8007,NA,NA,NA,NA,NA,NA,NA,NA,NA,NA
316.553,6.6668,-3.1818,7.5746,3.4043,31490.2520,6.1318,NA,NA,NA,NA,NA,NA,NA,NA,NA,NA
316.624,6.6668,-3.1818,7.5650,3.2734,31490.2520,6.1318,NA,NA,NA,NA,NA,NA,NA,NA,NA,NA
316.714,6.6663,-3.1900,7.5585,3.1843,22727.3480,-23.4019,NA,NA,NA,NA,NA,NA,NA,NA,NA,NA
316.818,6.6637,-3.2271,7.5545,3.1301,24345.9520,-17.9467,NA,NA,NA,NA,NA,NA,NA,NA,NA,NA
316.913,6.6536,-3.3736,7.5474,3.0320,43174.1280,45.5100,NA,NA,NA,NA,NA,NA,NA,NA,NA,NA
317.005,6.6481,-3.4538,7.5448,2.9973,49605.1640,67.1846,NA,NA,NA,NA,NA,NA,NA,NA,NA,NA
317.107,6.6462,-3.4815,7.5405,2.9386,57471.5400,93.6967,NA,NA,NA,NA,NA,NA,NA,NA,NA,NA
317.203,6.6255,-3.7826,7.5367,2.8860,57471.5400,93.6967,NA,NA,NA,NA,NA,NA,NA,NA,NA,NA
317.318,6.6048,-4.0829,7.5313,2.8132,26704.2980,-9.9983,192374.8000,0.0000,NA,NA,NA,NA,NA,NA,NA,NA
317.410,6.5957,-4.2155,7.5296,2.7893,28514.7160,-3.8967,NA,NA,NA,NA,NA,NA,NA,NA,NA,NA
317.505,6.5798,-4.4457,7.5270,2.7541,32691.2900,10.1797,NA,NA,NA,NA,NA,NA,NA,NA,NA,NA
317.609,6.5750,-4.5163,7.5222,2.6882,32691.2900,10.1797,NA,NA,NA,NA,NA,NA,NA,NA,NA,NA
317.722,6.5693,-4.5982,7.5153,2.5939,24027.2920,-19.0207,NA,NA,NA,NA,NA,NA,NA,NA,NA,NA
317.802,6.5585,-4.7559,7.5116,2.5446,25643.4520,-13.5737,NA,NA,NA,NA,NA,NA,NA,NA,NA,NA
317.910,6.5449,-4.9525,7.5073,2.4854,47278.8080,59.3441,NA,NA,NA,NA,NA,NA,NA,NA,NA,NA
317.999,6.5377,-5.0580,7.5062,2.4704,51257.3440,72.7530,NA,NA,NA,NA,NA,NA,NA,NA,NA,NA
318.103,6.5177,-5.3478,7.5043,2.4447,54761.8240,84.5641,NA,NA,NA,NA,NA,NA,NA,NA,NA,NA
318.194,6.4973,-5.6436,7.4994,2.3771,54761.8240,84.5641,NA,NA,NA,NA,NA,NA,NA,NA,NA,NA
318.293,6.4858,-5.8111,7.4937,2.2990,24870.1640,-16.1799,190757.6320,0.0000,NA,NA,NA,NA,NA,NA,NA,NA
318.409,6.4785,-5.9170,7.4856,2.1897,49427.1200,66.5845,NA,NA,NA,NA,NA,NA,NA,NA,NA,NA
318.486,6.4585,-6.2069,7.4823,2.1434,49427.1200,66.5845,NA,NA,NA,NA,NA,NA,NA,NA,NA,NA
318.607,6.4495,-6.3387,7.4765,2.0650,26823.8740,-9.5953,NA,NA,NA,NA,NA,NA,NA,NA,NA,NA
318.694,6.4443,-6.4143,7.4703,1.9803,26823.8740,-9.5953,NA,NA,NA,NA,NA,NA,NA,NA,NA,NA
318.788,6.4322,-6.5899,7.4638,1.8918,24826.2380,-16.3280,NA,NA,NA,NA,NA,NA,NA,NA,NA,NA
318.913,6.4119,-6.8849,7.4593,1.8304,44360.5440,49.5086,NA,NA,NA,NA,NA,NA,NA,NA,NA,NA
318.988,6.4005,-7.0496,7.4545,1.7647,51279.6760,72.8282,NA,NA,NA,NA,NA,NA,NA,NA,NA,NA
319.086,6.3957,-7.1188,7.4507,1.7120,58707.6560,97.8628,NA,NA,NA,NA,NA,NA,NA,NA,NA,NA
319.181,6.3844,-7.2830,7.4458,1.6457,58707.6560,97.8628,NA,NA,NA,NA,NA,NA,NA,NA,NA,NA
319.279,6.3734,-7.4431,7.4446,1.6288,26824.0580,-9.5947,NA,NA,NA,NA,NA,NA,NA,NA,NA,NA
319.377,6.3650,-7.5655,7.4395,1.5601,29526.8380,-0.4855,NA,NA,NA,NA,NA,NA,NA,NA,NA,NA
319.542,6.3631,-7.5923,7.4388,1.5500,29526.8380,-0.4855,NA,NA,NA,NA,NA,NA,NA,NA,NA,NA
319.577,6.3631,-7.5923,7.4163,1.2426,21674.6800,-26.9497,NA,NA,NA,NA,NA,NA,NA,NA,NA,NA
319.675,6.3595,-7.6451,7.4097,1.1532,22872.2280,-22.9136,NA,NA,NA,NA,NA,NA,NA,NA,NA,NA
319.774,6.3537,-7.7295,7.4022,1.0503,24775.5700,-16.4987,NA,NA,NA,NA,NA,NA,NA,NA,NA,NA
319.868,6.3464,-7.8359,7.3980,0.9931,44319.5440,49.3704,NA,NA,NA,NA,NA,NA,NA,NA,NA,NA
319.970,6.3370,-7.9714,7.3920,0.9111,51000.6760,71.8879,NA,NA,NA,NA,NA,NA,NA,NA,NA,NA
320.065,6.3292,-8.0859,7.3882,0.8596,59210.7760,99.5585,NA,NA,NA,NA,NA,NA,NA,NA,NA,NA
320.181,6.3288,-8.0905,7.3845,0.8082,59210.7760,99.5585,NA,NA,NA,NA,NA,NA,NA,NA,NA,NA
320.259,6.3235,-8.1674,7.3822,0.7771,27577.5480,-7.0552,194895.6480,0.0000,NA,NA,NA,NA,NA,NA,NA,NA
320.358,6.3053,-8.4327,7.3798,0.7445,57767.0960,94.6928,NA,NA,NA,NA,NA,NA,NA,NA,NA,NA
320.466,6.2967,-8.5567,7.3761,0.6945,57767.0960,94.6928,NA,NA,NA,NA,NA,NA,NA,NA,NA,NA
320.567,6.2883,-8.6788,7.3727,0.6478,26299.3160,-11.3632,NA,NA,NA,NA,NA,NA,NA,NA,NA,NA
320.668,6.2721,-8.9141,7.3686,0.5913,26299.3160,-11.3632,NA,NA,NA,NA,NA,NA,NA,NA,NA,NA
320.787,6.2640,-9.0322,7.3653,0.5467,26353.8220,-11.1795,NA,NA,NA,NA,NA,NA,NA,NA,NA,NA
320.860,6.2464,-9.2874,7.3637,0.5247,48375.6160,63.0407,NA,NA,NA,NA,NA,NA,NA,NA,NA,NA
320.953,6.2365,-9.4309,7.3586,0.4555,52282.3400,76.2075,NA,NA,NA,NA,NA,NA,NA,NA,NA,NA
321.051,6.2306,-9.5169,7.3509,0.3495,55501.5960,87.0574,NA,NA,NA,NA,NA,NA,NA,NA,NA,NA
321.154,6.2230,-9.6279,7.3460,0.2826,55501.5960,87.0574,NA,NA,NA,NA,NA,NA,NA,NA,NA,NA
321.256,6.2230,-9.6279,7.3428,0.2402,25697.7200,-13.3908,192359.5360,0.0000,NA,NA,NA,NA,NA,NA,NA,NA
321.356,6.2194,-9.6801,7.3416,0.2233,50577.0920,70.4603,NA,NA,NA,NA,NA,NA,NA,NA,NA,NA
321.475,6.2164,-9.7237,7.3377,0.1699,50577.0920,70.4603,NA,NA,NA,NA,NA,NA,NA,NA,NA,NA
321.551,6.2088,-9.8338,7.3357,0.1424,27889.5180,-6.0038,189386.7840,0.0000,NA,NA,NA,NA,NA,NA,NA,NA
321.649,6.2014,-9.9409,7.3329,0.1041,57710.0640,94.5006,NA,NA,NA,NA,NA,NA,NA,NA,NA,NA
321.749,6.1925,-10.0707,7.3324,0.0970,NA,NA,NA,NA,NA,NA,NA,NA,NA,NA,NA,NA
321.843,6.1881,-10.1340,7.3267,0.0202,NA,NA,NA,NA,NA,NA,NA,NA,NA,NA,NA,NA
321.959,6.1803,-10.2476,7.3197,-0.0757,32144.2820,8.3361,NA,NA,NA,NA,NA,NA,NA,NA,NA,NA
322.042,6.1838,-10.1962,7.3140,-0.1531,32834.7000,10.6630,NA,NA,NA,NA,NA,NA,NA,NA,NA,NA
322.140,6.1838,-10.1962,7.3115,-0.1881,32834.7000,10.6630,NA,NA,NA,NA,NA,NA,NA,NA,NA,NA
322.245,6.1760,-10.3107,7.3111,-0.1932,23482.5680,-20.8565,NA,NA,NA,NA,NA,NA,NA,NA,NA,NA
322.342,6.1731,-10.3520,7.3083,-0.2310,25009.7860,-15.7094,NA,NA,NA,NA,NA,NA,NA,NA,NA,NA
322.443,6.1667,-10.4444,7.3047,-0.2800,45726.1200,54.1110,NA,NA,NA,NA,NA,NA,NA,NA,NA,NA
322.613,6.1514,-10.6667,7.3047,-0.2812,49564.0120,67.0459,NA,NA,NA,NA,NA,NA,NA,NA,NA,NA
322.630,6.1452,-10.7577,7.2951,-0.4121,52833.5440,78.0652,NA,NA,NA,NA,NA,NA,NA,NA,NA,NA
322.729,6.1408,-10.8216,7.2924,-0.4485,52833.5440,78.0652,NA,NA,NA,NA,NA,NA,NA,NA,NA,NA
322.828,6.1387,-10.8524,7.2878,-0.5115,24284.8900,-18.1525,NA,NA,NA,NA,NA,NA,NA,NA,NA,NA
322.925,6.1366,-10.8826,7.2850,-0.5500,27922.7700,-5.8917,195831.1520,0.0000,NA,NA,NA,NA,NA,NA,NA,NA
323.035,6.1320,-10.9492,7.2783,-0.6410,30213.4220,1.8285,NA,NA,NA,NA,NA,NA,NA,NA,NA,NA
323.136,6.1309,-10.9651,7.2678,-0.7840,30213.4220,1.8285,NA,NA,NA,NA,NA,NA,NA,NA,NA,NA
323.231,6.1346,-10.9108,7.2626,-0.8556,22266.5600,-24.9549,NA,NA,NA,NA,NA,NA,NA,NA,NA,NA
323.327,6.1346,-10.9108,7.2617,-0.8680,24243.7340,-18.2912,NA,NA,NA,NA,NA,NA,NA,NA,NA,NA
323.428,6.1338,-10.9236,7.2488,-1.0437,44009.6960,48.3262,NA,NA,NA,NA,NA,NA,NA,NA,NA,NA
323.528,6.1234,-11.0735,7.2428,-1.1261,51063.0200,72.0980,NA,NA,NA,NA,NA,NA,NA,NA,NA,NA
323.619,6.1217,-11.0991,7.2399,-1.1645,58374.6360,96.7404,NA,NA,NA,NA,NA,NA,NA,NA,NA,NA
323.753,6.1216,-11.1000,7.2381,-1.1897,58374.6360,96.7404,NA,NA,NA,NA,NA,NA,NA,NA,NA,NA
323.816,6.1210,-11.1082,7.2381,-1.1897,25945.6820,-12.5551,NA,NA,NA,NA,NA,NA,NA,NA,NA,NA
323.919,6.1205,-11.1164,7.2347,-1.2358,28531.8500,-3.8389,NA,NA,NA,NA,NA,NA,NA,NA,NA,NA
324.012,6.1048,-11.3439,7.2316,-1.2787,31234.5360,5.2700,NA,NA,NA,NA,NA,NA,NA,NA,NA,NA
324.113,6.0989,-11.4292,7.2229,-1.3969,31234.5360,5.2700,NA,NA,NA,NA,NA,NA,NA,NA,NA,NA
324.215,6.0874,-11.5971,7.2179,-1.4658,22668.4260,-23.6005,NA,NA,NA,NA,NA,NA,NA,NA,NA,NA
324.366,6.0841,-11.6449,7.2148,-1.5080,24450.0640,-17.5958,NA,NA,NA,NA,NA,NA,NA,NA,NA,NA
324.405,6.0728,-11.8081,7.2126,-1.5381,43625.3480,47.0308,NA,NA,NA,NA,NA,NA,NA,NA,NA,NA
324.511,6.0673,-11.8888,7.2108,-1.5629,50398.9120,69.8598,NA,NA,NA,NA,NA,NA,NA,NA,NA,NA
324.612,6.0548,-12.0696,7.2043,-1.6510,58582.9120,97.4424,NA,NA,NA,NA,NA,NA,NA,NA,NA,NA
324.697,6.0495,-12.1468,7.2002,-1.7074,58582.9120,97.4424,NA,NA,NA,NA,NA,NA,NA,NA,NA,NA
324.802,6.0473,-12.1792,7.1953,-1.7742,26715.4680,-9.9607,196846.5280,0.0000,NA,NA,NA,NA,NA,NA,NA,NA
324.907,6.0450,-12.2129,7.1918,-1.8216,56034.7360,88.8542,NA,NA,NA,NA,NA,NA,NA,NA,NA,NA
325.003,6.0358,-12.3455,7.1864,-1.8949,NA,NA,NA,NA,NA,NA,NA,NA,NA,NA,NA,NA
325.097,6.0281,-12.4581,7.1789,-1.9972,NA,NA,NA,NA,NA,NA,NA,NA,NA,NA,NA,NA
325.204,6.0235,-12.5247,7.1741,-2.0632,30474.3940,2.7080,NA,NA,NA,NA,NA,NA,NA,NA,NA,NA
325.301,6.0160,-12.6336,7.1737,-2.0688,31330.5920,5.5937,NA,NA,NA,NA,NA,NA,NA,NA,NA,NA
325.399,6.0124,-12.6852,7.1618,-2.2315,31330.5920,5.5937,NA,NA,NA,NA,NA,NA,NA,NA,NA,NA
325.495,6.0087,-12.7394,7.1526,-2.3568,23113.5900,-22.1001,NA,NA,NA,NA,NA,NA,NA,NA,NA,NA
325.588,6.0031,-12.8203,7.1485,-2.4127,24316.3600,-18.0464,NA,NA,NA,NA,NA,NA,NA,NA,NA,NA
325.690,6.0008,-12.8543,7.1377,-2.5608,43055.9120,45.1116,NA,NA,NA,NA,NA,NA,NA,NA,NA,NA
325.784,5.9937,-12.9582,7.1333,-2.6205,45534.9880,53.4669,NA,NA,NA,NA,NA,NA,NA,NA,NA,NA
325.884,5.9771,-13.1986,7.1309,-2.6531,49006.1000,65.1656,NA,NA,NA,NA,NA,NA,NA,NA,NA,NA
325.993,5.9742,-13.2405,7.1284,-2.6867,49006.1000,65.1656,NA,NA,NA,NA,NA,NA,NA,NA,NA,NA
326.087,5.9668,-13.3486,7.1249,-2.7346,26988.8920,-9.0392,NA,NA,NA,NA,NA,NA,NA,NA,NA,NA
326.192,5.9632,-13.4010,7.1230,-2.7609,26988.8920,-9.0392,NA,NA,NA,NA,NA,NA,NA,NA,NA,NA
326.289,5.9596,-13.4527,7.1170,-2.8423,25028.9820,-15.6447,NA,NA,NA,NA,NA,NA,NA,NA,NA,NA
326.386,5.9531,-13.5471,7.1067,-2.9834,45028.7200,51.7606,NA,NA,NA,NA,NA,NA,NA,NA,NA,NA
326.478,5.9501,-13.5911,7.1006,-3.0661,52759.2080,77.8147,NA,NA,NA,NA,NA,NA,NA,NA,NA,NA
326.594,5.9429,-13.6946,7.1006,-3.0661,59606.9360,100.8936,NA,NA,NA,NA,NA,NA,NA,NA,NA,NA
326.692,5.9404,-13.7313,7.0998,-3.0780,59606.9360,100.8936,NA,NA,NA,NA,NA,NA,NA,NA,NA,NA
326.787,5.9376,-13.7717,7.0998,-3.0780,26714.2860,-9.9647,NA,NA,NA,NA,NA,NA,NA,NA,NA,NA
326.874,5.9332,-13.8364,7.0974,-3.1104,29501.3180,-0.5715,NA,NA,NA,NA,NA,NA,NA,NA,NA,NA
326.971,5.9324,-13.8483,7.0974,-3.1104,29501.3180,-0.5715,NA,NA,NA,NA,NA,NA,NA,NA,NA,NA
327.067,5.9324,-13.8477,7.0938,-3.1603,21585.9060,-27.2489,NA,NA,NA,NA,NA,NA,NA,NA,NA,NA
327.169,5.9324,-13.8477,7.0865,-3.2591,22841.1460,-23.0183,NA,NA,NA,NA,NA,NA,NA,NA,NA,NA
327.269,5.9282,-13.9082,7.0843,-3.2894,24967.0880,-15.8533,NA,NA,NA,NA,NA,NA,NA,NA,NA,NA
327.375,5.9217,-14.0028,7.0800,-3.3480,45284.1520,52.6215,NA,NA,NA,NA,NA,NA,NA,NA,NA,NA
327.457,5.9179,-14.0588,7.0796,-3.3530,51974.6680,75.1706,NA,NA,NA,NA,NA,NA,NA,NA,NA,NA
327.559,5.9161,-14.0843,7.0796,-3.3530,59919.4840,101.9470,NA,NA,NA,NA,NA,NA,NA,NA,NA,NA
327.658,5.9153,-14.0959,7.0784,-3.3703,59919.4840,101.9470,NA,NA,NA,NA,NA,NA,NA,NA,NA,NA
327.753,5.9135,-14.1228,7.0698,-3.4873,27448.8000,-7.4891,NA,NA,NA,NA,NA,NA,NA,NA,NA,NA
327.857,5.9121,-14.1418,7.0701,-3.4838,30170.5660,1.6841,NA,NA,NA,NA,NA,NA,NA,NA,NA,NA
327.953,5.9110,-14.1579,7.0701,-3.4838,30170.5660,1.6841,NA,NA,NA,NA,NA,NA,NA,NA,NA,NA
328.047,5.9084,-14.1969,7.0688,-3.5003,22151.9840,-25.3410,NA,NA,NA,NA,NA,NA,NA,NA,NA,NA
328.149,5.9075,-14.2096,7.0654,-3.5477,23263.5440,-21.5947,NA,NA,NA,NA,NA,NA,NA,NA,NA,NA
328.243,5.9008,-14.3063,7.0581,-3.6471,40581.4080,36.7718,NA,NA,NA,NA,NA,NA,NA,NA,NA,NA
328.346,5.8932,-14.4169,7.0543,-3.6983,44942.3880,51.4696,NA,NA,NA,NA,NA,NA,NA,NA,NA,NA
328.438,5.8881,-14.4909,7.0592,-3.6321,51653.0600,74.0866,NA,NA,NA,NA,NA,NA,NA,NA,NA,NA
328.541,5.8860,-14.5220,7.0615,-3.6005,60591.2320,104.2110,NA,NA,NA,NA,NA,NA,NA,NA,NA,NA
328.635,5.8840,-14.5500,7.0615,-3.6005,60591.2320,104.2110,NA,NA,NA,NA,NA,NA,NA,NA,NA,NA
328.786,5.8840,-14.5500,7.0570,-3.6619,28217.6040,-4.8980,197373.2640,0.0000,NA,NA,NA,NA,NA,NA,NA,NA
328.877,5.8780,-14.6380,7.0548,-3.6918,30110.9940,1.4833,NA,NA,NA,NA,NA,NA,NA,NA,NA,NA
328.941,5.8762,-14.6638,7.0490,-3.7712,30110.9940,1.4833,NA,NA,NA,NA,NA,NA,NA,NA,NA,NA
329.045,5.8720,-14.7247,7.0440,-3.8393,23181.2080,-21.8722,NA,NA,NA,NA,NA,NA,NA,NA,NA,NA
329.196,5.8704,-14.7478,7.0404,-3.8889,24688.1380,-16.7934,NA,NA,NA,NA,NA,NA,NA,NA,NA,NA
329.237,5.8704,-14.7478,7.0378,-3.9246,45144.4400,52.1506,NA,NA,NA,NA,NA,NA,NA,NA,NA,NA
329.334,5.8642,-14.8387,7.0372,-3.9323,49022.3200,65.2202,NA,NA,NA,NA,NA,NA,NA,NA,NA,NA
329.429,5.8514,-15.0245,7.0333,-3.9861,53041.8000,78.7671,NA,NA,NA,NA,NA,NA,NA,NA,NA,NA
329.530,5.8448,-15.1200,7.0310,-4.0164,56694.0680,91.0764,NA,NA,NA,NA,NA,NA,NA,NA,NA,NA
329.697,5.8411,-15.1734,7.0270,-4.0717,56694.0680,91.0764,NA,NA,NA,NA,NA,NA,NA,NA,NA,NA
329.718,5.8411,-15.1734,7.0270,-4.0717,26168.4360,-11.8044,195335.3760,0.0000,NA,NA,NA,NA,NA,NA,NA,NA
329.822,5.8363,-15.2436,7.0252,-4.0965,51351.8680,73.0715,NA,NA,NA,NA,NA,NA,NA,NA,NA,NA
329.928,5.8333,-15.2874,7.0246,-4.1044,51351.8680,73.0715,NA,NA,NA,NA,NA,NA,NA,NA,NA,NA
330.017,5.8320,-15.3057,7.0244,-4.1076,28594.5740,-3.6275,192077.2000,0.0000,NA,NA,NA,NA,NA,NA,NA,NA
330.117,5.8246,-15.4128,7.0239,-4.1144,58579.7040,97.4316,NA,NA,NA,NA,NA,NA,NA,NA,NA,NA
330.225,5.8193,-15.4908,7.0227,-4.1308,58579.7040,97.4316,NA,NA,NA,NA,NA,NA,NA,NA,NA,NA
330.352,5.8193,-15.4908,7.0180,-4.1943,26340.6800,-11.2238,NA,NA,NA,NA,NA,NA,NA,NA,NA,NA
330.422,5.8186,-15.5004,7.0179,-4.1959,24600.6200,-17.0884,NA,NA,NA,NA,NA,NA,NA,NA,NA,NA
330.525,5.8161,-15.5360,7.0146,-4.2406,26741.8520,-9.8718,NA,NA,NA,NA,NA,NA,NA,NA,NA,NA
330.623,5.8106,-15.6164,7.0146,-4.2406,51699.6880,74.2438,NA,NA,NA,NA,NA,NA,NA,NA,NA,NA
330.723,5.8038,-15.7147,7.0144,-4.2440,55668.2720,87.6191,NA,NA,NA,NA,NA,NA,NA,NA,NA,NA
330.812,5.8017,-15.7457,7.0144,-4.2440,57780.9680,94.7396,NA,NA,NA,NA,NA,NA,NA,NA,NA,NA
330.932,5.7979,-15.8011,7.0052,-4.3696,57780.9680,94.7396,NA,NA,NA,NA,NA,NA,NA,NA,NA,NA
331.005,5.7974,-15.8089,6.9938,-4.5241,26766.4340,-9.7889,NA,NA,NA,NA,NA,NA,NA,NA,NA,NA
331.107,5.7940,-15.8583,6.9778,-4.7435,28288.7980,-4.6581,NA,NA,NA,NA,NA,NA,NA,NA,NA,NA
331.205,5.7928,-15.8754,6.9632,-4.9423,28288.7980,-4.6581,NA,NA,NA,NA,NA,NA,NA,NA,NA,NA
331.302,5.7968,-15.8167,6.9500,-5.1227,22225.9740,-25.0917,NA,NA,NA,NA,NA,NA,NA,NA,NA,NA
331.398,5.7982,-15.7971,6.9352,-5.3242,24652.1580,-16.9147,NA,NA,NA,NA,NA,NA,NA,NA,NA,NA
331.584,5.7982,-15.7971,6.9277,-5.4277,46613.9840,57.1034,NA,NA,NA,NA,NA,NA,NA,NA,NA,NA
331.603,5.7946,-15.8485,6.9180,-5.5596,52511.7800,76.9808,NA,NA,NA,NA,NA,NA,NA,NA,NA,NA
331.693,5.7902,-15.9125,6.9097,-5.6727,57497.8880,93.7855,NA,NA,NA,NA,NA,NA,NA,NA,NA,NA
331.788,5.7879,-15.9464,6.9006,-5.7971,60448.8760,103.7312,NA,NA,NA,NA,NA,NA,NA,NA,NA,NA
331.889,5.8253,-15.4035,6.9353,-5.3235,60448.8760,103.7312,NA,NA,NA,NA,NA,NA,NA,NA,NA,NA
331.985,5.9361,-13.7942,7.0369,-3.9367,27719.2680,-6.5776,NA,NA,NA,NA,NA,NA,NA,NA,NA,NA
332.091,6.1679,-10.4277,7.2286,-1.3190,29277.9500,-1.3243,NA,NA,NA,NA,NA,NA,NA,NA,NA,NA
332.188,6.3041,-8.4504,7.3675,0.5767,29277.9500,-1.3243,NA,NA,NA,NA,NA,NA,NA,NA,NA,NA
332.294,6.4516,-6.3076,7.6014,3.7701,50712.7600,70.9175,NA,NA,NA,NA,NA,NA,NA,NA,NA,NA
332.385,6.6355,-3.6368,7.8331,6.9333,54430.8760,83.4487,NA,NA,NA,NA,NA,NA,NA,NA,NA,NA
332.488,6.7967,-1.2960,7.9798,8.9360,54430.8760,83.4487,NA,NA,NA,NA,NA,NA,NA,NA,NA,NA
332.586,7.0163,1.8930,8.0028,9.2492,24149.7380,-18.6080,NA,NA,NA,NA,NA,NA,NA,NA,NA,NA
332.682,7.1073,3.2145,8.0079,9.3195,26639.3560,-10.2172,NA,NA,NA,NA,NA,NA,NA,NA,NA,NA
332.776,7.1411,3.7055,8.0079,9.3195,30653.8160,3.3128,NA,NA,NA,NA,NA,NA,NA,NA,NA,NA
332.878,7.1652,4.0558,7.9941,9.1302,30653.8160,3.3128,NA,NA,NA,NA,NA,NA,NA,NA,NA,NA
332.980,7.1829,4.3128,7.9604,8.6708,24282.8620,-18.1593,NA,NA,NA,NA,NA,NA,NA,NA,NA,NA
333.074,7.1958,4.4992,7.9254,8.1931,25730.1220,-13.2816,NA,NA,NA,NA,NA,NA,NA,NA,NA,NA
333.175,7.2076,4.6706,7.9069,7.9408,48468.5120,63.3537,NA,NA,NA,NA,NA,NA,NA,NA,NA,NA
333.273,7.2163,4.7972,7.8970,7.8055,51278.2600,72.8235,NA,NA,NA,NA,NA,NA,NA,NA,NA,NA
333.371,7.2223,4.8844,7.8926,7.7450,55690.2720,87.6933,NA,NA,NA,NA,NA,NA,NA,NA,NA,NA
333.467,7.4773,8.5873,8.1256,10.9256,55690.2720,87.6933,NA,NA,NA,NA,NA,NA,NA,NA,NA,NA
333.572,7.8226,13.6027,8.3280,13.6892,24978.3520,-15.8153,NA,NA,NA,NA,NA,NA,NA,NA,NA,NA
333.666,8.1547,18.4260,8.5813,17.1468,27059.1480,-8.8024,NA,NA,NA,NA,NA,NA,NA,NA,NA,NA
333.757,8.2582,19.9287,8.6487,18.0667,27059.1480,-8.8024,NA,NA,NA,NA,NA,NA,NA,NA,NA,NA
333.855,8.5170,23.6861,8.6999,18.7656,22479.3080,-24.2378,NA,NA,NA,NA,NA,NA,NA,NA,NA,NA
333.953,8.6966,26.2943,8.7249,19.1079,24486.4840,-17.4730,NA,NA,NA,NA,NA,NA,NA,NA,NA,NA
334.086,8.8008,27.8089,8.7403,19.3173,26285.9980,-11.4081,NA,NA,NA,NA,NA,NA,NA,NA,NA,NA
334.152,8.8402,28.3800,8.7403,19.3173,50657.5520,70.7315,NA,NA,NA,NA,NA,NA,NA,NA,NA,NA
334.306,8.8447,28.4451,8.7373,19.2759,53084.7560,78.9119,NA,NA,NA,NA,NA,NA,NA,NA,NA,NA
334.390,8.8447,28.4451,8.7209,19.0521,57247.5040,92.9416,NA,NA,NA,NA,NA,NA,NA,NA,NA,NA
334.444,8.7996,27.7909,8.6564,18.1724,57247.5040,92.9416,NA,NA,NA,NA,NA,NA,NA,NA,NA,NA
334.541,8.7407,26.9354,8.6345,17.8727,26083.7620,-12.0897,NA,NA,NA,NA,NA,NA,NA,NA,NA,NA
334.640,8.7407,26.9354,8.6535,18.1326,27744.6020,-6.4922,NA,NA,NA,NA,NA,NA,NA,NA,NA,NA
334.736,8.7369,26.8801,8.6535,18.1326,27744.6020,-6.4922,NA,NA,NA,NA,NA,NA,NA,NA,NA,NA
334.845,8.7049,26.4150,8.6304,17.8168,22731.9020,-23.3865,NA,NA,NA,NA,NA,NA,NA,NA,NA,NA
334.939,8.6729,25.9507,8.6391,17.9362,52265.6240,76.1512,NA,NA,NA,NA,NA,NA,NA,NA,NA,NA
335.041,8.6374,25.4351,8.6479,18.0556,54888.6400,84.9915,NA,NA,NA,NA,NA,NA,NA,NA,NA,NA
335.152,8.6137,25.0906,8.6479,18.0556,54888.6400,84.9915,NA,NA,NA,NA,NA,NA,NA,NA,NA,NA
335.243,8.5882,24.7203,8.6944,18.6910,28104.6780,-5.2786,NA,NA,NA,NA,NA,NA,NA,NA,NA,NA
335.336,8.5625,24.3483,8.6944,18.6910,32066.1760,8.0728,NA,NA,NA,NA,NA,NA,NA,NA,NA,NA
335.445,8.5044,23.5032,8.6220,17.7020,32066.1760,8.0728,NA,NA,NA,NA,NA,NA,NA,NA,NA,NA
335.536,8.4651,22.9326,8.5963,17.3522,23534.9820,-20.6799,NA,NA,NA,NA,NA,NA,NA,NA,NA,NA
335.635,8.4296,22.4182,8.5808,17.1394,25167.2240,-15.1787,NA,NA,NA,NA,NA,NA,NA,NA,NA,NA
335.734,8.4004,21.9939,8.5686,16.9738,46194.5160,55.6897,NA,NA,NA,NA,NA,NA,NA,NA,NA,NA
335.822,8.3733,21.6001,8.5540,16.7740,50208.0960,69.2167,NA,NA,NA,NA,NA,NA,NA,NA,NA,NA
335.929,8.3272,20.9298,8.5324,16.4798,53587.6640,80.6069,NA,NA,NA,NA,NA,NA,NA,NA,NA,NA
336.043,8.3062,20.6252,8.5223,16.3417,53587.6640,80.6069,NA,NA,NA,NA,NA,NA,NA,NA,NA,NA
336.115,8.2855,20.3255,8.5087,16.1560,24238.6540,-18.3083,NA,NA,NA,NA,NA,NA,NA,NA,NA,NA
336.217,8.2739,20.1559,8.5040,16.0914,27598.9120,-6.9832,NA,NA,NA,NA,NA,NA,NA,NA,NA,NA
336.373,8.2661,20.0426,8.4996,16.0320,32381.7740,9.1365,NA,NA,NA,NA,NA,NA,NA,NA,NA,NA
336.411,8.2617,19.9797,8.4916,15.9230,32381.7740,9.1365,NA,NA,NA,NA,NA,NA,NA,NA,NA,NA
336.512,8.2525,19.8453,8.4853,15.8369,24037.0540,-18.9878,NA,NA,NA,NA,NA,NA,NA,NA,NA,NA
336.612,8.2469,19.7649,8.4824,15.7965,25706.3840,-13.3616,NA,NA,NA,NA,NA,NA,NA,NA,NA,NA
336.704,8.2209,19.3863,8.4787,15.7456,47090.9920,58.7111,NA,NA,NA,NA,NA,NA,NA,NA,NA,NA
336.802,8.2079,19.1983,8.4662,15.5762,51320.0880,72.9644,NA,NA,NA,NA,NA,NA,NA,NA,NA,NA
336.916,8.1979,19.0527,8.4631,15.5328,55138.0200,85.8320,NA,NA,NA,NA,NA,NA,NA,NA,NA,NA
336.998,8.1889,18.9214,8.4589,15.4760,55138.0200,85.8320,NA,NA,NA,NA,NA,NA,NA,NA,NA,NA
337.105,8.1762,18.7379,8.4468,15.3113,24735.8700,-16.6325,191912.2880,0.0000,NA,NA,NA,NA,NA,NA,NA,NA
337.210,8.1711,18.6628,8.4405,15.2241,49444.4120,66.6428,NA,NA,NA,NA,NA,NA,NA,NA,NA,NA
337.293,8.1528,18.3976,8.4405,15.2241,49444.4120,66.6428,NA,NA,NA,NA,NA,NA,NA,NA,NA,NA
337.400,8.1362,18.1565,8.4285,15.0603,26656.5020,-10.1594,NA,NA,NA,NA,NA,NA,NA,NA,NA,NA
337.560,8.1195,17.9140,8.4167,14.8995,26656.5020,-10.1594,NA,NA,NA,NA,NA,NA,NA,NA,NA,NA
337.614,8.1022,17.6624,8.4097,14.8036,24649.0100,-16.9253,NA,NA,NA,NA,NA,NA,NA,NA,NA,NA
337.695,8.0709,17.2082,8.4052,14.7422,43294.4880,45.9157,NA,NA,NA,NA,NA,NA,NA,NA,NA,NA
337.801,8.0552,16.9808,8.4014,14.6906,49885.5840,68.1297,NA,NA,NA,NA,NA,NA,NA,NA,NA,NA
337.899,8.0143,16.3864,8.3947,14.6000,57871.2160,95.0437,NA,NA,NA,NA,NA,NA,NA,NA,NA,NA
337.989,7.9940,16.0919,8.3831,14.4415,57871.2160,95.0437,NA,NA,NA,NA,NA,NA,NA,NA,NA,NA
338.090,7.9795,15.8809,8.3758,14.3412,26968.8780,-9.1066,196041.2960,0.0000,NA,NA,NA,NA,NA,NA,NA,NA
338.189,7.9685,15.7215,8.3646,14.1883,56661.1000,90.9653,NA,NA,NA,NA,NA,NA,NA,NA,NA,NA
338.300,7.9585,15.5759,8.3478,13.9599,56661.1000,90.9653,NA,NA,NA,NA,NA,NA,NA,NA,NA,NA
338.381,7.9474,15.4143,8.3331,13.7584,25667.5220,-13.4926,NA,NA,NA,NA,NA,NA,NA,NA,NA,NA
338.478,7.9425,15.3438,8.3259,13.6605,27289.0860,-8.0274,NA,NA,NA,NA,NA,NA,NA,NA,NA,NA
338.591,7.9337,15.2162,8.3222,13.6098,29186.8080,-1.6315,NA,NA,NA,NA,NA,NA,NA,NA,NA,NA
338.715,7.9268,15.1151,8.3199,13.5778,29186.8080,-1.6315,NA,NA,NA,NA,NA,NA,NA,NA,NA,NA
338.779,7.9200,15.0168,8.3104,13.4491,23431.2640,-21.0295,NA,NA,NA,NA,NA,NA,NA,NA,NA,NA
338.883,7.9149,14.9428,8.3039,13.3594,25830.7580,-12.9424,NA,NA,NA,NA,NA,NA,NA,NA,NA,NA
338.967,7.9023,14.7604,8.2983,13.2836,49216.2320,65.8738,NA,NA,NA,NA,NA,NA,NA,NA,NA,NA
339.081,7.8922,14.6135,8.2938,13.2220,54774.2520,84.6060,NA,NA,NA,NA,NA,NA,NA,NA,NA,NA
339.172,7.8774,14.3982,8.2883,13.1471,58813.6040,98.2199,NA,NA,NA,NA,NA,NA,NA,NA,NA,NA
339.281,7.8734,14.3405,8.2739,12.9508,58813.6040,98.2199,NA,NA,NA,NA,NA,NA,NA,NA,NA,NA
339.368,7.8677,14.2579,8.2646,12.8234,26025.1980,-12.2871,NA,NA,NA,NA,NA,NA,NA,NA,NA,NA
339.472,7.8677,14.2579,8.2583,12.7377,24511.6700,-17.3882,NA,NA,NA,NA,NA,NA,NA,NA,NA,NA
339.566,7.8592,14.1335,8.2488,12.6082,26251.9240,-11.5230,NA,NA,NA,NA,NA,NA,NA,NA,NA,NA
339.662,7.8577,14.1127,8.2429,12.5271,48304.2640,62.8002,NA,NA,NA,NA,NA,NA,NA,NA,NA,NA
339.762,7.8458,13.9391,8.2419,12.5142,52652.7240,77.4558,NA,NA,NA,NA,NA,NA,NA,NA,NA,NA
339.920,7.8380,13.8260,8.2272,12.3133,56416.5000,90.1409,NA,NA,NA,NA,NA,NA,NA,NA,NA,NA
339.980,7.8330,13.7528,8.2147,12.1416,56416.5000,90.1409,NA,NA,NA,NA,NA,NA,NA,NA,NA,NA
340.055,7.8243,13.6274,8.2100,12.0787,25479.1220,-14.1275,195316.7520,0.0000,NA,NA,NA,NA,NA,NA,NA,NA
340.153,7.8190,13.5497,8.1993,11.9321,50475.8480,70.1191,NA,NA,NA,NA,NA,NA,NA,NA,NA,NA
340.250,7.7983,13.2490,8.1948,11.8708,50475.8480,70.1191,NA,NA,NA,NA,NA,NA,NA,NA,NA,NA
340.348,7.7800,12.9844,8.1914,11.8240,27548.4640,-7.1532,192804.0960,0.0000,NA,NA,NA,NA,NA,NA,NA,NA
340.447,7.7595,12.6859,8.1893,11.7960,55945.7760,88.5544,NA,NA,NA,NA,NA,NA,NA,NA,NA,NA
340.560,7.7463,12.4941,8.1797,11.6645,NA,NA,NA,NA,NA,NA,NA,NA,NA,NA,NA,NA
340.652,7.7207,12.1223,8.1735,11.5799,NA,NA,NA,NA,NA,NA,NA,NA,NA,NA,NA,NA
340.758,7.7059,11.9070,8.1608,11.4068,31827.5800,7.2687,NA,NA,NA,NA,NA,NA,NA,NA,NA,NA
340.860,7.6963,11.7687,8.1527,11.2960,32298.7580,8.8567,NA,NA,NA,NA,NA,NA,NA,NA,NA,NA
340.962,7.6905,11.6844,8.1496,11.2536,32298.7580,8.8567,NA,NA,NA,NA,NA,NA,NA,NA,NA,NA
341.066,7.6827,11.5701,8.1437,11.1734,23463.6940,-20.9202,NA,NA,NA,NA,NA,NA,NA,NA,NA,NA
341.167,7.6403,10.9551,8.1332,11.0291,25110.6280,-15.3695,NA,NA,NA,NA,NA,NA,NA,NA,NA,NA
341.240,7.6191,10.6475,8.1284,10.9639,46148.8240,55.5357,NA,NA,NA,NA,NA,NA,NA,NA,NA,NA
341.367,7.5482,9.6169,8.1168,10.8062,50166.2280,69.0756,NA,NA,NA,NA,NA,NA,NA,NA,NA,NA
341.444,7.5002,8.9203,8.1105,10.7192,53735.9120,81.1065,NA,NA,NA,NA,NA,NA,NA,NA,NA,NA
341.536,7.4875,8.7364,8.1014,10.5955,53735.9120,81.1065,NA,NA,NA,NA,NA,NA,NA,NA,NA,NA
341.636,7.4766,8.5777,8.0921,10.4684,24014.9480,-19.0623,NA,NA,NA,NA,NA,NA,NA,NA,NA,NA
341.764,7.4754,8.5596,8.0848,10.3693,27163.0380,-8.4522,NA,NA,NA,NA,NA,NA,NA,NA,NA,NA
341.829,7.4643,8.3992,8.0804,10.3090,31987.1960,7.8067,NA,NA,NA,NA,NA,NA,NA,NA,NA,NA
341.962,7.4538,8.2468,8.0766,10.2566,31987.1960,7.8067,NA,NA,NA,NA,NA,NA,NA,NA,NA,NA
342.036,7.4320,7.9300,8.0708,10.1775,47519.8720,60.1565,NA,NA,NA,NA,NA,NA,NA,NA,NA,NA
342.129,7.3611,6.9000,8.0652,10.1014,50759.9960,71.0767,NA,NA,NA,NA,NA,NA,NA,NA,NA,NA
342.300,7.2989,5.9964,8.0479,9.8653,50759.9960,71.0767,NA,NA,NA,NA,NA,NA,NA,NA,NA,NA
342.323,7.2431,5.1873,8.0398,9.7548,27861.2920,-6.0989,191920.2400,0.0000,NA,NA,NA,NA,NA,NA,NA,NA
342.425,7.2161,4.7948,8.0359,9.7019,57252.9080,92.9598,NA,NA,NA,NA,NA,NA,NA,NA,NA,NA
342.523,7.2025,4.5978,8.0318,9.6453,57252.9080,92.9598,NA,NA,NA,NA,NA,NA,NA,NA,NA,NA
342.626,7.1883,4.3906,8.0262,9.5691,26054.2520,-12.1892,NA,NA,NA,NA,NA,NA,NA,NA,NA,NA
342.720,7.1684,4.1013,8.0237,9.5344,28622.9800,-3.5318,NA,NA,NA,NA,NA,NA,NA,NA,NA,NA
342.817,7.1562,3.9243,8.0215,9.5055,31593.9040,6.4811,NA,NA,NA,NA,NA,NA,NA,NA,NA,NA
342.943,7.1460,3.7770,8.0152,9.4194,31593.9040,6.4811,NA,NA,NA,NA,NA,NA,NA,NA,NA,NA
343.030,7.1388,3.6723,8.0087,9.3306,22754.9380,-23.3089,NA,NA,NA,NA,NA,NA,NA,NA,NA,NA
343.115,7.1102,3.2567,8.0026,9.2471,24279.4320,-18.1709,NA,NA,NA,NA,NA,NA,NA,NA,NA,NA
343.209,7.1029,3.1504,7.9958,9.1546,42647.0600,43.7337,NA,NA,NA,NA,NA,NA,NA,NA,NA,NA
343.311,7.0722,2.7056,7.9881,9.0491,48869.4040,64.7049,NA,NA,NA,NA,NA,NA,NA,NA,NA,NA
343.417,7.0633,2.5763,7.9839,8.9913,56956.1800,91.9598,NA,NA,NA,NA,NA,NA,NA,NA,NA,NA
343.512,7.0614,2.5478,7.9792,8.9273,56956.1800,91.9598,NA,NA,NA,NA,NA,NA,NA,NA,NA,NA
343.611,7.0614,2.5478,7.9766,8.8921,26782.6860,-9.7341,191542.6880,0.0000,NA,NA,NA,NA,NA,NA,NA,NA
343.710,7.0399,2.2353,7.9716,8.8236,28048.2080,-5.4689,NA,NA,NA,NA,NA,NA,NA,NA,NA,NA
343.820,7.0037,1.7105,7.9662,8.7505,32566.8160,9.7602,NA,NA,NA,NA,NA,NA,NA,NA,NA,NA
343.902,7.0037,1.7105,7.9552,8.5994,32566.8160,9.7602,NA,NA,NA,NA,NA,NA,NA,NA,NA,NA
344.003,6.9999,1.6546,7.9495,8.5219,24013.9320,-19.0657,NA,NA,NA,NA,NA,NA,NA,NA,NA,NA
344.120,6.9899,1.5091,7.9446,8.4547,25663.5580,-13.5059,NA,NA,NA,NA,NA,NA,NA,NA,NA,NA
344.203,6.9715,1.2422,7.9255,8.1938,47092.2440,58.7153,NA,NA,NA,NA,NA,NA,NA,NA,NA,NA
344.299,6.9678,1.1894,7.9159,8.0637,51435.8080,73.3544,NA,NA,NA,NA,NA,NA,NA,NA,NA,NA
344.408,6.9678,1.1894,7.9099,7.9819,55028.6880,85.4635,NA,NA,NA,NA,NA,NA,NA,NA,NA,NA
344.499,6.9531,0.9747,7.9021,7.8747,55028.6880,85.4635,NA,NA,NA,NA,NA,NA,NA,NA,NA,NA
344.591,6.9538,0.9849,7.8931,7.7521,24754.9940,-16.5681,190795.3280,0.0000,NA,NA,NA,NA,NA,NA,NA,NA
344.693,6.9538,0.9849,7.8874,7.6743,49369.1680,66.3892,NA,NA,NA,NA,NA,NA,NA,NA,NA,NA
344.788,6.9306,0.6486,7.8734,7.4827,49369.1680,66.3892,NA,NA,NA,NA,NA,NA,NA,NA,NA,NA
344.899,6.9199,0.4929,7.8663,7.3867,26821.2560,-9.6041,NA,NA,NA,NA,NA,NA,NA,NA,NA,NA
345.017,6.8969,0.1592,7.8563,7.2494,26821.2560,-9.6041,NA,NA,NA,NA,NA,NA,NA,NA,NA,NA
345.097,6.8877,0.0256,7.8507,7.1725,24716.0860,-16.6992,NA,NA,NA,NA,NA,NA,NA,NA,NA,NA
345.187,6.8629,-0.3348,7.8395,7.0203,43792.9600,47.5957,NA,NA,NA,NA,NA,NA,NA,NA,NA,NA
345.307,6.8359,-0.7266,7.8330,6.9308,50530.1920,70.3022,NA,NA,NA,NA,NA,NA,NA,NA,NA,NA
345.391,6.8093,-1.1136,7.8193,6.7446,58554.8480,97.3478,NA,NA,NA,NA,NA,NA,NA,NA,NA,NA
345.480,6.7950,-1.3204,7.8140,6.6727,58554.8480,97.3478,NA,NA,NA,NA,NA,NA,NA,NA,NA,NA
345.581,6.7818,-1.5126,7.8116,6.6391,26828.4800,-9.5798,NA,NA,NA,NA,NA,NA,NA,NA,NA,NA
345.677,6.7771,-1.5802,7.8061,6.5646,29483.2700,-0.6323,NA,NA,NA,NA,NA,NA,NA,NA,NA,NA
345.775,6.7506,-1.9649,7.8044,6.5407,29483.2700,-0.6323,NA,NA,NA,NA,NA,NA,NA,NA,NA,NA
345.916,6.7374,-2.1573,7.7952,6.4148,21775.6280,-26.6095,NA,NA,NA,NA,NA,NA,NA,NA,NA,NA
345.982,6.7150,-2.4830,7.7848,6.2732,22877.3760,-22.8962,NA,NA,NA,NA,NA,NA,NA,NA,NA,NA
346.071,6.6880,-2.8746,7.7836,6.2566,24721.6060,-16.6806,NA,NA,NA,NA,NA,NA,NA,NA,NA,NA
346.175,6.6563,-3.3348,7.7821,6.2366,44012.7760,48.3365,NA,NA,NA,NA,NA,NA,NA,NA,NA,NA
346.264,6.6020,-4.1240,7.7785,6.1871,50325.2200,69.6114,NA,NA,NA,NA,NA,NA,NA,NA,NA,NA
346.368,6.5775,-4.4791,7.7648,6.0010,58458.5640,97.0233,NA,NA,NA,NA,NA,NA,NA,NA,NA,NA
346.467,6.5647,-4.6657,7.7625,5.9693,58458.5640,97.0233,NA,NA,NA,NA,NA,NA,NA,NA,NA,NA
346.565,6.5617,-4.7094,7.7534,5.8454,27611.9680,-6.9392,193595.3120,0.0000,NA,NA,NA,NA,NA,NA,NA,NA
346.663,6.5497,-4.8829,7.7522,5.8287,58719.2600,97.9019,NA,NA,NA,NA,NA,NA,NA,NA,NA,NA
346.770,6.5322,-5.1366,7.7492,5.7870,58719.2600,97.9019,NA,NA,NA,NA,NA,NA,NA,NA,NA,NA
346.870,6.5429,-4.9817,7.7465,5.7513,26461.8980,-10.8153,NA,NA,NA,NA,NA,NA,NA,NA,NA,NA
346.960,6.5480,-4.9080,7.7450,5.7298,26461.8980,-10.8153,NA,NA,NA,NA,NA,NA,NA,NA,NA,NA
347.062,6.5480,-4.9080,7.7431,5.7037,26416.5920,-10.9680,NA,NA,NA,NA,NA,NA,NA,NA,NA,NA
347.163,6.5215,-5.2926,7.7346,5.5888,48501.6240,63.4653,NA,NA,NA,NA,NA,NA,NA,NA,NA,NA
347.271,6.5041,-5.5456,7.7311,5.5401,52537.5120,77.0675,NA,NA,NA,NA,NA,NA,NA,NA,NA,NA
347.360,6.5198,-5.3179,7.7205,5.3957,56142.7720,89.2183,NA,NA,NA,NA,NA,NA,NA,NA,NA,NA
347.451,6.5198,-5.3179,7.7153,5.3245,56142.7720,89.2183,NA,NA,NA,NA,NA,NA,NA,NA,NA,NA
347.550,6.5116,-5.4359,7.7097,5.2480,25528.6620,-13.9606,193169.7120,0.0000,NA,NA,NA,NA,NA,NA,NA,NA
347.707,6.5009,-5.5914,7.6986,5.0971,50406.0080,69.8837,NA,NA,NA,NA,NA,NA,NA,NA,NA,NA
347.764,6.4896,-5.7553,7.6949,5.0457,50406.0080,69.8837,NA,NA,NA,NA,NA,NA,NA,NA,NA,NA
347.855,6.4770,-5.9384,7.6890,4.9664,27648.2320,-6.8170,190852.7360,0.0000,NA,NA,NA,NA,NA,NA,NA,NA
347.940,6.4764,-5.9476,7.6865,4.9314,56474.0880,90.3350,NA,NA,NA,NA,NA,NA,NA,NA,NA,NA
348.085,6.4693,-6.0507,7.6847,4.9070,NA,NA,NA,NA,NA,NA,NA,NA,NA,NA,NA,NA
348.147,6.4555,-6.2503,7.6837,4.8938,NA,NA,NA,NA,NA,NA,NA,NA,NA,NA,NA,NA
348.240,6.4461,-6.3876,7.6770,4.8017,31983.6760,7.7948,NA,NA,NA,NA,NA,NA,NA,NA,NA,NA
348.350,6.4306,-6.6121,7.6742,4.7635,32497.1660,9.5254,NA,NA,NA,NA,NA,NA,NA,NA,NA,NA
348.446,6.4194,-6.7751,7.6674,4.6705,32497.1660,9.5254,NA,NA,NA,NA,NA,NA,NA,NA,NA,NA
348.549,6.4059,-6.9714,7.6590,4.5558,23476.8340,-20.8759,NA,NA,NA,NA,NA,NA,NA,NA,NA,NA
348.643,6.3767,-7.3947,7.6449,4.3642,25106.0160,-15.3850,NA,NA,NA,NA,NA,NA,NA,NA,NA,NA
348.737,6.3612,-7.6207,7.6462,4.3808,46052.2760,55.2103,NA,NA,NA,NA,NA,NA,NA,NA,NA,NA
348.893,6.3443,-7.8654,7.6462,4.3808,50026.0960,68.6033,NA,NA,NA,NA,NA,NA,NA,NA,NA,NA
348.931,6.3304,-8.0685,7.6316,4.1817,53493.8800,80.2908,NA,NA,NA,NA,NA,NA,NA,NA,NA,NA
349.033,6.3165,-8.2691,7.6193,4.0139,53493.8800,80.2908,NA,NA,NA,NA,NA,NA,NA,NA,NA,NA
349.143,6.3062,-8.4195,7.6152,3.9587,24104.7260,-18.7597,NA,NA,NA,NA,NA,NA,NA,NA,NA,NA
349.238,6.2996,-8.5156,7.6097,3.8834,27358.9840,-7.7918,NA,NA,NA,NA,NA,NA,NA,NA,NA,NA
349.328,6.2927,-8.6153,7.6080,3.8603,32120.3040,8.2553,NA,NA,NA,NA,NA,NA,NA,NA,NA,NA
349.422,6.2742,-8.8835,7.6054,3.8238,32120.3040,8.2553,NA,NA,NA,NA,NA,NA,NA,NA,NA,NA
349.531,6.2665,-8.9954,7.6016,3.7725,23925.6280,-19.3633,NA,NA,NA,NA,NA,NA,NA,NA,NA,NA
349.622,6.2532,-9.1892,7.6016,3.7724,25619.6700,-13.6539,NA,NA,NA,NA,NA,NA,NA,NA,NA,NA
349.728,6.2358,-9.4418,7.5990,3.7371,47064.7840,58.6227,NA,NA,NA,NA,NA,NA,NA,NA,NA,NA
349.857,6.2259,-9.5854,7.5959,3.6948,47064.7840,58.6227,NA,NA,NA,NA,NA,NA,NA,NA,NA,NA
349.924,6.2111,-9.7999,7.5896,3.6088,30972.0520,4.3853,191919.1840,0.0000,NA,NA,NA,NA,NA,NA,NA,NA
350.017,6.2046,-9.8941,7.5868,3.5711,30972.0520,4.3853,NA,NA,NA,NA,NA,NA,NA,NA,NA,NA
350.117,6.1999,-9.9635,7.5810,3.4914,25794.0260,-13.0662,NA,NA,NA,NA,NA,NA,NA,NA,NA,NA
350.214,6.1978,-9.9931,7.5770,3.4364,28620.7000,-3.5395,NA,NA,NA,NA,NA,NA,NA,NA,NA,NA
350.332,6.1867,-10.1554,7.5747,3.4057,31501.9460,6.1712,NA,NA,NA,NA,NA,NA,NA,NA,NA,NA
350.413,6.1813,-10.2333,7.5648,3.2703,31501.9460,6.1712,NA,NA,NA,NA,NA,NA,NA,NA,NA,NA
350.515,6.1782,-10.2776,7.5589,3.1890,22696.8720,-23.5046,NA,NA,NA,NA,NA,NA,NA,NA,NA,NA
350.606,6.1762,-10.3075,7.5550,3.1359,24334.4340,-17.9855,NA,NA,NA,NA,NA,NA,NA,NA,NA,NA
350.756,6.1677,-10.4302,7.5516,3.0907,42979.6720,44.8547,NA,NA,NA,NA,NA,NA,NA,NA,NA,NA
350.806,6.1639,-10.4862,7.5527,3.1057,49572.4760,67.0744,NA,NA,NA,NA,NA,NA,NA,NA,NA,NA
350.902,6.1574,-10.5794,7.5527,3.1057,57527.5920,93.8856,NA,NA,NA,NA,NA,NA,NA,NA,NA,NA
350.996,6.1379,-10.8628,7.5502,3.0711,57527.5920,93.8856,NA,NA,NA,NA,NA,NA,NA,NA,NA,NA
351.099,6.1338,-10.9224,7.5502,3.0711,26750.3780,-9.8430,192580.5440,0.0000,NA,NA,NA,NA,NA,NA,NA,NA
351.231,6.1193,-11.1337,7.5378,2.9012,56677.6280,91.0210,NA,NA,NA,NA,NA,NA,NA,NA,NA,NA
351.318,6.1112,-11.2518,7.5364,2.8818,NA,NA,NA,NA,NA,NA,NA,NA,NA,NA,NA,NA
351.411,6.1066,-11.3183,7.5364,2.8818,NA,NA,NA,NA,NA,NA,NA,NA,NA,NA,NA,NA
351.499,6.0998,-11.4164,7.5372,2.8931,30493.4040,2.7721,NA,NA,NA,NA,NA,NA,NA,NA,NA,NA
351.596,6.0993,-11.4243,7.5372,2.8931,31539.4200,6.2975,NA,NA,NA,NA,NA,NA,NA,NA,NA,NA
351.696,6.0993,-11.4243,7.5340,2.8494,31539.4200,6.2975,NA,NA,NA,NA,NA,NA,NA,NA,NA,NA
351.791,6.0986,-11.4347,7.5330,2.8363,23197.3300,-21.8179,NA,NA,NA,NA,NA,NA,NA,NA,NA,NA
351.901,6.0970,-11.4578,7.5300,2.7946,24502.8040,-17.4180,NA,NA,NA,NA,NA,NA,NA,NA,NA,NA
351.987,6.0950,-11.4858,7.5241,2.7143,43583.2840,46.8890,NA,NA,NA,NA,NA,NA,NA,NA,NA,NA
352.083,6.0919,-11.5307,7.5214,2.6781,46067.3200,55.2610,NA,NA,NA,NA,NA,NA,NA,NA,NA,NA
352.191,6.0786,-11.7244,7.5175,2.6252,49235.4760,65.9386,NA,NA,NA,NA,NA,NA,NA,NA,NA,NA
352.290,6.0723,-11.8162,7.5155,2.5970,49235.4760,65.9386,NA,NA,NA,NA,NA,NA,NA,NA,NA,NA
352.389,6.0693,-11.8592,7.5101,2.5232,26877.1740,-9.4157,NA,NA,NA,NA,NA,NA,NA,NA,NA,NA
352.501,6.0610,-11.9801,7.5045,2.4473,26877.1740,-9.4157,NA,NA,NA,NA,NA,NA,NA,NA,NA,NA
352.590,6.0603,-11.9907,7.4992,2.3750,24873.3060,-16.1693,NA,NA,NA,NA,NA,NA,NA,NA,NA,NA
352.689,6.0502,-12.1371,7.4940,2.3040,44569.2920,50.2122,NA,NA,NA,NA,NA,NA,NA,NA,NA,NA
352.789,6.0372,-12.3264,7.4904,2.2544,51673.5080,74.1556,NA,NA,NA,NA,NA,NA,NA,NA,NA,NA
352.881,6.0355,-12.3503,7.4813,2.1310,59180.7200,99.4572,NA,NA,NA,NA,NA,NA,NA,NA,NA,NA
352.986,6.0291,-12.4427,7.4783,2.0888,59180.7200,99.4572,NA,NA,NA,NA,NA,NA,NA,NA,NA,NA
353.070,6.0265,-12.4813,7.4727,2.0131,26935.5400,-9.2190,NA,NA,NA,NA,NA,NA,NA,NA,NA,NA
353.173,6.0239,-12.5192,7.4712,1.9927,29497.9120,-0.5830,NA,NA,NA,NA,NA,NA,NA,NA,NA,NA
353.271,6.0186,-12.5955,7.4695,1.9689,29497.9120,-0.5830,NA,NA,NA,NA,NA,NA,NA,NA,NA,NA
353.373,6.0131,-12.6757,7.4695,1.9689,21631.6040,-27.0949,NA,NA,NA,NA,NA,NA,NA,NA,NA,NA
353.473,6.0095,-12.7277,7.4662,1.9248,22883.9360,-22.8741,NA,NA,NA,NA,NA,NA,NA,NA,NA,NA
353.567,6.0044,-12.8027,7.4620,1.8662,24877.8380,-16.1541,NA,NA,NA,NA,NA,NA,NA,NA,NA,NA
353.703,5.9995,-12.8732,7.4579,1.8106,44678.8480,50.5814,NA,NA,NA,NA,NA,NA,NA,NA,NA,NA
353.763,5.9935,-12.9606,7.4515,1.7240,51451.5360,73.4074,NA,NA,NA,NA,NA,NA,NA,NA,NA,NA
353.870,5.9872,-13.0523,7.4475,1.6693,59537.1880,100.6586,NA,NA,NA,NA,NA,NA,NA,NA,NA,NA
353.953,5.9834,-13.1068,7.4457,1.6444,59537.1880,100.6586,NA,NA,NA,NA,NA,NA,NA,NA,NA,NA
354.055,5.9798,-13.1596,7.4446,1.6297,27573.3060,-7.0695,NA,NA,NA,NA,NA,NA,NA,NA,NA,NA
354.160,5.9736,-13.2493,7.4414,1.5853,30330.3440,2.2226,NA,NA,NA,NA,NA,NA,NA,NA,NA,NA
354.256,5.9662,-13.3568,7.4383,1.5427,30330.3440,2.2226,NA,NA,NA,NA,NA,NA,NA,NA,NA,NA
354.350,5.9643,-13.3848,7.4337,1.4804,22180.0200,-25.2465,NA,NA,NA,NA,NA,NA,NA,NA,NA,NA
354.453,5.9616,-13.4237,7.4161,1.2405,23319.9980,-21.4045,NA,NA,NA,NA,NA,NA,NA,NA,NA,NA
354.542,5.9595,-13.4546,7.4074,1.1217,40611.2200,36.8723,NA,NA,NA,NA,NA,NA,NA,NA,NA,NA
354.642,5.9526,-13.5537,7.4037,1.0713,44615.5160,50.3680,NA,NA,NA,NA,NA,NA,NA,NA,NA,NA
354.741,5.9463,-13.6458,7.3991,1.0077,51339.2080,73.0289,NA,NA,NA,NA,NA,NA,NA,NA,NA,NA
354.848,5.9402,-13.7340,7.3932,0.9281,59894.4600,101.8627,NA,NA,NA,NA,NA,NA,NA,NA,NA,NA
354.960,5.9355,-13.8026,7.3864,0.8346,59894.4600,101.8627,NA,NA,NA,NA,NA,NA,NA,NA,NA,NA
355.039,5.9323,-13.8492,7.3769,0.7056,28322.9200,-4.5431,195648.0160,0.0000,NA,NA,NA,NA,NA,NA,NA,NA
355.150,5.9289,-13.8990,7.3730,0.6521,29901.4800,0.7772,NA,NA,NA,NA,NA,NA,NA,NA,NA,NA
355.244,5.9258,-13.9435,7.3673,0.5745,29901.4800,0.7772,NA,NA,NA,NA,NA,NA,NA,NA,NA,NA
355.340,5.9244,-13.9634,7.3616,0.4960,23136.4900,-22.0229,NA,NA,NA,NA,NA,NA,NA,NA,NA,NA
355.436,5.9220,-13.9988,7.3606,0.4832,24673.5340,-16.8426,NA,NA,NA,NA,NA,NA,NA,NA,NA,NA
355.574,5.9205,-14.0208,7.3547,0.4016,45288.7400,52.6369,NA,NA,NA,NA,NA,NA,NA,NA,NA,NA
355.631,5.9139,-14.1168,7.3536,0.3875,49330.4680,66.2588,NA,NA,NA,NA,NA,NA,NA,NA,NA,NA
355.729,5.9101,-14.1711,7.3522,0.3685,53395.1720,79.9581,NA,NA,NA,NA,NA,NA,NA,NA,NA,NA
355.833,5.9042,-14.2568,7.3451,0.2707,56987.1680,92.0642,NA,NA,NA,NA,NA,NA,NA,NA,NA,NA
355.938,5.9013,-14.2996,7.3402,0.2047,56987.1680,92.0642,NA,NA,NA,NA,NA,NA,NA,NA,NA,NA
356.024,5.8985,-14.3400,7.3391,0.1884,26284.6700,-11.4126,195692.7520,0.0000,NA,NA,NA,NA,NA,NA,NA,NA
356.169,5.8969,-14.3639,7.3329,0.1051,51600.1840,73.9084,NA,NA,NA,NA,NA,NA,NA,NA,NA,NA
356.221,5.8947,-14.3947,7.3281,0.0395,51600.1840,73.9084,NA,NA,NA,NA,NA,NA,NA,NA,NA,NA
356.319,5.8974,-14.3562,7.3219,-0.0451,28480.1080,-4.0133,192907.2640,0.0000,NA,NA,NA,NA,NA,NA,NA,NA
356.415,5.8974,-14.3562,7.3214,-0.0528,58159.8720,96.0166,NA,NA,NA,NA,NA,NA,NA,NA,NA,NA
356.523,5.8939,-14.4071,7.3118,-0.1839,58159.8720,96.0166,NA,NA,NA,NA,NA,NA,NA,NA,NA,NA
356.624,5.8925,-14.4266,7.3072,-0.2466,26209.1200,-11.6672,NA,NA,NA,NA,NA,NA,NA,NA,NA,NA
356.725,5.8880,-14.4930,7.2963,-0.3949,24530.3280,-17.3253,NA,NA,NA,NA,NA,NA,NA,NA,NA,NA
356.817,5.8879,-14.4943,7.2904,-0.4753,26620.3640,-10.2812,NA,NA,NA,NA,NA,NA,NA,NA,NA,NA
356.919,5.8827,-14.5694,7.2856,-0.5406,51418.0960,73.2947,NA,NA,NA,NA,NA,NA,NA,NA,NA,NA
357.023,5.8795,-14.6163,7.2822,-0.5873,55244.5840,86.1912,NA,NA,NA,NA,NA,NA,NA,NA,NA,NA
357.111,5.8766,-14.6577,7.2766,-0.6642,57784.6400,94.7519,NA,NA,NA,NA,NA,NA,NA,NA,NA,NA
357.214,5.8753,-14.6770,7.2714,-0.7350,57784.6400,94.7519,NA,NA,NA,NA,NA,NA,NA,NA,NA,NA
357.322,5.8734,-14.7042,7.2684,-0.7765,26879.0760,-9.4093,NA,NA,NA,NA,NA,NA,NA,NA,NA,NA
357.409,5.8734,-14.7042,7.2635,-0.8435,28372.8820,-4.3747,NA,NA,NA,NA,NA,NA,NA,NA,NA,NA
357.548,5.8740,-14.6955,7.2618,-0.8663,28372.8820,-4.3747,NA,NA,NA,NA,NA,NA,NA,NA,NA,NA
357.604,5.8740,-14.6955,7.2593,-0.9004,22221.7860,-25.1058,NA,NA,NA,NA,NA,NA,NA,NA,NA,NA
357.714,5.8717,-14.7299,7.2536,-0.9775,24562.9640,-17.2153,NA,NA,NA,NA,NA,NA,NA,NA,NA,NA
357.802,5.8692,-14.7661,7.2511,-1.0117,46111.4800,55.4098,NA,NA,NA,NA,NA,NA,NA,NA,NA,NA
357.979,5.8638,-14.8438,7.2453,-1.0918,52037.3840,75.3819,NA,NA,NA,NA,NA,NA,NA,NA,NA,NA
358.028,5.8620,-14.8700,7.2434,-1.1174,56944.7600,91.9213,NA,NA,NA,NA,NA,NA,NA,NA,NA,NA
358.116,5.8584,-14.9223,7.2417,-1.1400,59858.2680,101.7407,NA,NA,NA,NA,NA,NA,NA,NA,NA,NA
358.206,5.8572,-14.9404,7.2417,-1.1400,59858.2680,101.7407,NA,NA,NA,NA,NA,NA,NA,NA,NA,NA
358.285,5.8530,-15.0010,7.2386,-1.1831,27772.9500,-6.3966,NA,NA,NA,NA,NA,NA,NA,NA,NA,NA
358.388,5.8532,-14.9976,7.2369,-1.2064,29360.5200,-1.0460,NA,NA,NA,NA,NA,NA,NA,NA,NA,NA
358.512,5.8532,-14.9976,7.2356,-1.2240,29360.5200,-1.0460,NA,NA,NA,NA,NA,NA,NA,NA,NA,NA
358.590,5.8484,-15.0680,7.2350,-1.2327,50984.1760,71.8323,NA,NA,NA,NA,NA,NA,NA,NA,NA,NA
358.686,5.8391,-15.2023,7.2351,-1.2309,54848.4480,84.8561,NA,NA,NA,NA,NA,NA,NA,NA,NA,NA
358.793,5.8343,-15.2719,7.2365,-1.2120,54848.4480,84.8561,NA,NA,NA,NA,NA,NA,NA,NA,NA,NA
358.892,5.8305,-15.3279,7.2365,-1.2120,24208.0520,-18.4114,NA,NA,NA,NA,NA,NA,NA,NA,NA,NA
358.993,5.8228,-15.4395,7.2349,-1.2340,26749.9040,-9.8446,197312.9280,0.0000,NA,NA,NA,NA,NA,NA,NA,NA
359.083,5.8181,-15.5078,7.2300,-1.3006,52788.0880,77.9120,NA,NA,NA,NA,NA,NA,NA,NA,NA,NA
359.200,5.8169,-15.5255,7.2283,-1.3229,52788.0880,77.9120,NA,NA,NA,NA,NA,NA,NA,NA,NA,NA
359.274,5.8111,-15.6097,7.2250,-1.3690,29398.8320,-0.9169,194386.7360,0.0000,NA,NA,NA,NA,NA,NA,NA,NA
359.379,5.8087,-15.6447,7.2208,-1.4261,59977.3280,102.1420,NA,NA,NA,NA,NA,NA,NA,NA,NA,NA
359.499,5.8074,-15.6625,7.2190,-1.4500,59977.3280,102.1420,NA,NA,NA,NA,NA,NA,NA,NA,NA,NA
359.595,5.8004,-15.7651,7.2171,-1.4770,26906.8780,-9.3156,NA,NA,NA,NA,NA,NA,NA,NA,NA,NA
359.682,5.8000,-15.7700,7.2170,-1.4781,25159.3160,-15.2054,NA,NA,NA,NA,NA,NA,NA,NA,NA,NA
359.785,5.7987,-15.7893,7.2157,-1.4951,47202.3120,59.0863,NA,NA,NA,NA,NA,NA,NA,NA,NA,NA
359.884,5.7968,-15.8171,7.2157,-1.4951,52453.0960,76.7830,NA,NA,NA,NA,NA,NA,NA,NA,NA,NA
359.976,5.7935,-15.8643,7.2166,-1.4830,56357.0120,89.9404,NA,NA,NA,NA,NA,NA,NA,NA,NA,NA
360.074,5.7929,-15.8736,7.2166,-1.4830,59057.7040,99.0426,NA,NA,NA,NA,NA,NA,NA,NA,NA,NA
360.167,5.7929,-15.8736,7.2159,-1.4927,59057.7040,99.0426,NA,NA,NA,NA,NA,NA,NA,NA,NA,NA
360.317,5.7928,-15.8755,7.2159,-1.4927,27502.6480,-7.3076,NA,NA,NA,NA,NA,NA,NA,NA,NA,NA
360.362,5.7911,-15.8990,7.2141,-1.5172,29010.9400,-2.2242,NA,NA,NA,NA,NA,NA,NA,NA,NA,NA
360.464,5.7923,-15.8824,7.2121,-1.5448,29010.9400,-2.2242,NA,NA,NA,NA,NA,NA,NA,NA,NA,NA
360.559,5.7923,-15.8824,7.2069,-1.6156,22819.4660,-23.0914,NA,NA,NA,NA,NA,NA,NA,NA,NA,NA
360.663,5.7933,-15.8677,7.2022,-1.6802,25219.6360,-15.0021,NA,NA,NA,NA,NA,NA,NA,NA,NA,NA
360.756,5.7933,-15.8677,7.1984,-1.7323,47673.9240,60.6757,NA,NA,NA,NA,NA,NA,NA,NA,NA,NA
360.852,5.7894,-15.9249,7.1950,-1.7775,53642.3480,80.7912,NA,NA,NA,NA,NA,NA,NA,NA,NA,NA
360.966,5.7828,-16.0199,7.1940,-1.7914,58285.1160,96.4387,NA,NA,NA,NA,NA,NA,NA,NA,NA,NA
361.046,5.7813,-16.0422,7.1844,-1.9228,58285.1160,96.4387,NA,NA,NA,NA,NA,NA,NA,NA,NA,NA
361.154,5.7808,-16.0491,7.1758,-2.0401,25944.2120,-12.5601,NA,NA,NA,NA,NA,NA,NA,NA,NA,NA
361.247,5.7807,-16.0512,7.1521,-2.3641,27863.1380,-6.0927,NA,NA,NA,NA,NA,NA,NA,NA,NA,NA
361.348,5.7747,-16.1383,7.1246,-2.7397,29794.2820,0.4159,NA,NA,NA,NA,NA,NA,NA,NA,NA,NA
361.457,5.7781,-16.0879,7.0980,-3.1029,29794.2820,0.4159,NA,NA,NA,NA,NA,NA,NA,NA,NA,NA
361.585,5.9102,-14.1707,7.1865,-1.8944,23123.1100,-22.0680,NA,NA,NA,NA,NA,NA,NA,NA,NA,NA
361.636,6.0496,-12.1450,7.3407,0.2107,25524.1960,-13.9756,NA,NA,NA,NA,NA,NA,NA,NA,NA,NA
361.736,6.1880,-10.1358,7.4814,2.1319,48192.5680,62.4237,NA,NA,NA,NA,NA,NA,NA,NA,NA,NA
361.840,6.3423,-7.8956,7.6414,4.3154,54581.8240,83.9575,NA,NA,NA,NA,NA,NA,NA,NA,NA,NA
361.943,6.4492,-6.3428,7.7026,5.1509,60186.1840,102.8459,NA,NA,NA,NA,NA,NA,NA,NA,NA,NA
362.036,6.4859,-5.8102,7.7191,5.3760,60186.1840,102.8459,NA,NA,NA,NA,NA,NA,NA,NA,NA,NA
362.161,6.4967,-5.6529,7.7191,5.3760,26674.0960,-10.1001,NA,NA,NA,NA,NA,NA,NA,NA,NA,NA
362.229,6.5349,-5.0981,7.7167,5.3444,26674.0960,-10.1001,NA,NA,NA,NA,NA,NA,NA,NA,NA,NA
362.330,6.5516,-4.8555,7.7048,5.1812,26562.6400,-10.4758,NA,NA,NA,NA,NA,NA,NA,NA,NA,NA
362.429,6.5664,-4.6409,7.6965,5.0681,48697.9880,64.1271,NA,NA,NA,NA,NA,NA,NA,NA,NA,NA
362.528,6.5739,-4.5311,7.7238,5.4409,52715.4320,77.6672,NA,NA,NA,NA,NA,NA,NA,NA,NA,NA
362.679,6.6777,-3.0247,7.8755,7.5116,57041.8640,92.2486,NA,NA,NA,NA,NA,NA,NA,NA,NA,NA
362.720,6.8899,0.0574,8.0592,10.0196,57041.8640,92.2486,NA,NA,NA,NA,NA,NA,NA,NA,NA,NA
362.821,7.0259,2.0330,8.2112,12.0943,25566.9540,-13.8315,NA,NA,NA,NA,NA,NA,NA,NA,NA,NA
362.920,7.2638,5.4873,8.3022,13.3365,28060.8520,-5.4263,NA,NA,NA,NA,NA,NA,NA,NA,NA,NA
363.023,7.3914,7.3404,8.3472,13.9515,28060.8520,-5.4263,NA,NA,NA,NA,NA,NA,NA,NA,NA,NA
363.121,7.5037,8.9707,8.3702,14.2656,23219.0760,-21.7446,NA,NA,NA,NA,NA,NA,NA,NA,NA,NA
363.209,7.6413,10.9701,8.3824,14.4316,24961.8340,-15.8710,NA,NA,NA,NA,NA,NA,NA,NA,NA,NA
363.365,7.6855,11.6118,8.3824,14.4316,47796.3760,61.0884,NA,NA,NA,NA,NA,NA,NA,NA,NA,NA
363.414,7.6855,11.6118,8.3775,14.3642,50625.7400,70.6243,NA,NA,NA,NA,NA,NA,NA,NA,NA,NA
363.505,7.6465,11.0446,8.3684,14.2411,53810.6640,81.3584,NA,NA,NA,NA,NA,NA,NA,NA,NA,NA
363.610,7.5657,9.8722,8.3425,13.8866,58405.6000,96.8448,NA,NA,NA,NA,NA,NA,NA,NA,NA,NA
363.710,7.5596,9.7831,8.3522,14.0192,58405.6000,96.8448,NA,NA,NA,NA,NA,NA,NA,NA,NA,NA
363.801,7.5459,9.5847,8.3522,14.0192,26432.3020,-10.9150,NA,NA,NA,NA,NA,NA,NA,NA,NA,NA
363.907,7.5534,9.6928,8.3089,13.4288,28518.2720,-3.8847,NA,NA,NA,NA,NA,NA,NA,NA,NA,NA
364.001,7.5534,9.6928,8.3097,13.4391,28518.2720,-3.8847,NA,NA,NA,NA,NA,NA,NA,NA,NA,NA
364.098,7.5515,9.6649,8.3111,13.4588,23558.8320,-20.5995,NA,NA,NA,NA,NA,NA,NA,NA,NA,NA
364.191,7.5040,8.9758,8.3111,13.4588,25533.7980,-13.9433,NA,NA,NA,NA,NA,NA,NA,NA,NA,NA
364.290,7.4608,8.3488,8.3104,13.4485,48996.7720,65.1341,NA,NA,NA,NA,NA,NA,NA,NA,NA,NA
364.394,7.3611,6.9009,8.3104,13.4485,52600.6080,77.2802,NA,NA,NA,NA,NA,NA,NA,NA,NA,NA
364.513,7.3405,6.6017,8.2935,13.2173,55135.5160,85.8236,NA,NA,NA,NA,NA,NA,NA,NA,NA,NA
364.581,7.3405,6.6017,8.2798,13.0316,55135.5160,85.8236,NA,NA,NA,NA,NA,NA,NA,NA,NA,NA
364.680,7.3270,6.4055,8.2605,12.7673,25294.3660,-14.7502,NA,NA,NA,NA,NA,NA,NA,NA,NA,NA
364.780,7.4062,7.5560,8.2369,12.4452,26765.9360,-9.7906,NA,NA,NA,NA,NA,NA,NA,NA,NA,NA
364.883,7.4062,7.5560,8.2239,12.2672,29038.8540,-2.1302,NA,NA,NA,NA,NA,NA,NA,NA,NA,NA
364.984,7.3951,7.3943,8.2065,12.0304,29038.8540,-2.1302,NA,NA,NA,NA,NA,NA,NA,NA,NA,NA
365.080,7.3745,7.0952,8.1936,11.8543,23848.4740,-19.6233,NA,NA,NA,NA,NA,NA,NA,NA,NA,NA
365.176,7.3334,6.4979,8.1853,11.7408,26047.0360,-12.2135,NA,NA,NA,NA,NA,NA,NA,NA,NA,NA
365.284,7.3053,6.0900,8.1637,11.4457,50085.4920,68.8035,NA,NA,NA,NA,NA,NA,NA,NA,NA,NA
365.365,7.2979,5.9832,8.1549,11.3261,54321.1560,83.0789,NA,NA,NA,NA,NA,NA,NA,NA,NA,NA
365.468,7.3508,6.7513,8.1539,11.3124,56881.2640,91.7073,NA,NA,NA,NA,NA,NA,NA,NA,NA,NA
365.572,7.3806,7.1834,8.1481,11.2337,56881.2640,91.7073,NA,NA,NA,NA,NA,NA,NA,NA,NA,NA
365.704,7.4032,7.5125,8.1311,11.0016,25924.0320,-12.6281,NA,NA,NA,NA,NA,NA,NA,NA,NA,NA
365.773,7.4032,7.5125,8.1282,10.9610,24526.5780,-17.3379,NA,NA,NA,NA,NA,NA,NA,NA,NA,NA
365.872,7.3885,7.2990,8.1255,10.9243,26146.2520,-11.8791,NA,NA,NA,NA,NA,NA,NA,NA,NA,NA
365.968,7.3829,7.2168,8.1228,10.8881,48307.4040,62.8108,NA,NA,NA,NA,NA,NA,NA,NA,NA,NA
366.064,7.3419,6.6220,8.1213,10.8674,52119.8840,75.6600,NA,NA,NA,NA,NA,NA,NA,NA,NA,NA
366.159,7.3244,6.3669,8.1027,10.6132,55441.3120,86.8542,NA,NA,NA,NA,NA,NA,NA,NA,NA,NA
366.300,7.2768,5.6755,8.0959,10.5207,55441.3120,86.8542,NA,NA,NA,NA,NA,NA,NA,NA,NA,NA
366.361,7.2406,5.1499,8.0937,10.4904,25790.0880,-13.0795,194688.4320,0.0000,NA,NA,NA,NA,NA,NA,NA,NA
366.452,7.1657,4.0629,8.0913,10.4576,50506.1760,70.2213,NA,NA,NA,NA,NA,NA,NA,NA,NA,NA
366.555,7.1486,3.8143,8.0886,10.4204,50506.1760,70.2213,NA,NA,NA,NA,NA,NA,NA,NA,NA,NA
366.657,7.1486,3.8143,8.0811,10.3190,27874.4920,-6.0544,191262.3840,0.0000,NA,NA,NA,NA,NA,NA,NA,NA
366.752,7.1400,3.6891,8.0755,10.2417,57864.1600,95.0200,NA,NA,NA,NA,NA,NA,NA,NA,NA,NA
366.860,7.1340,3.6023,8.0523,9.9248,NA,NA,NA,NA,NA,NA,NA,NA,NA,NA,NA,NA
366.956,7.1194,3.3897,8.0444,9.8170,NA,NA,NA,NA,NA,NA,NA,NA,NA,NA,NA,NA
367.057,7.1007,3.1182,8.0339,9.6746,32043.5760,7.9967,NA,NA,NA,NA,NA,NA,NA,NA,NA,NA
367.156,7.0926,3.0005,8.0316,9.6433,32929.2200,10.9816,NA,NA,NA,NA,NA,NA,NA,NA,NA,NA
367.264,7.0880,2.9344,8.0234,9.5308,32929.2200,10.9816,NA,NA,NA,NA,NA,NA,NA,NA,NA,NA
367.354,7.0800,2.8175,7.9998,9.2081,23477.1140,-20.8749,NA,NA,NA,NA,NA,NA,NA,NA,NA,NA
367.480,7.0549,2.4538,7.9933,9.1202,24977.8860,-15.8169,NA,NA,NA,NA,NA,NA,NA,NA,NA,NA
367.542,7.0361,2.1801,7.9840,8.9934,45889.6320,54.6621,NA,NA,NA,NA,NA,NA,NA,NA,NA,NA
367.650,7.0060,1.7440,7.9799,8.9370,49551.9160,67.0051,NA,NA,NA,NA,NA,NA,NA,NA,NA,NA
367.740,6.9365,0.7345,7.9748,8.8676,52622.8520,77.3551,NA,NA,NA,NA,NA,NA,NA,NA,NA,NA
367.845,6.9222,0.5264,7.9721,8.8303,52622.8520,77.3551,NA,NA,NA,NA,NA,NA,NA,NA,NA,NA
367.968,6.8867,0.0114,7.9655,8.7400,24471.5940,-17.5232,NA,NA,NA,NA,NA,NA,NA,NA,NA,NA
368.043,6.8735,-0.1811,7.9648,8.7308,28308.0800,-4.5931,NA,NA,NA,NA,NA,NA,NA,NA,NA,NA
368.162,6.8735,-0.1811,7.9486,8.5093,32737.1780,10.3343,NA,NA,NA,NA,NA,NA,NA,NA,NA,NA
368.241,6.8658,-0.2930,7.9396,8.3865,32737.1780,10.3343,NA,NA,NA,NA,NA,NA,NA,NA,NA,NA
368.344,6.8260,-0.8708,7.9325,8.2894,46499.0320,56.7160,NA,NA,NA,NA,NA,NA,NA,NA,NA,NA
368.444,6.8085,-1.1253,7.9279,8.2264,51415.1240,73.2847,NA,NA,NA,NA,NA,NA,NA,NA,NA,NA
368.535,6.8016,-1.2250,7.9138,8.0343,51415.1240,73.2847,NA,NA,NA,NA,NA,NA,NA,NA,NA,NA
368.629,6.7926,-1.3550,7.9054,7.9197,27944.1960,-5.8195,187569.0080,0.0000,NA,NA,NA,NA,NA,NA,NA,NA
368.786,6.7899,-1.3944,7.9012,7.8628,59030.2400,98.9500,NA,NA,NA,NA,NA,NA,NA,NA,NA,NA
368.835,6.7802,-1.5359,7.8991,7.8340,59030.2400,98.9500,NA,NA,NA,NA,NA,NA,NA,NA,NA,NA
368.928,6.7554,-1.8964,7.8928,7.7472,26020.1560,-12.3041,NA,NA,NA,NA,NA,NA,NA,NA,NA,NA
369.031,6.7359,-2.1793,7.8899,7.7082,28575.4960,-3.6918,NA,NA,NA,NA,NA,NA,NA,NA,NA,NA
369.124,6.7080,-2.5842,7.8875,7.6759,31122.5560,4.8926,NA,NA,NA,NA,NA,NA,NA,NA,NA,NA
369.235,6.6940,-2.7872,7.8820,7.6005,31122.5560,4.8926,NA,NA,NA,NA,NA,NA,NA,NA,NA,NA
369.321,6.6705,-3.1283,7.8783,7.5493,22685.2640,-23.5437,NA,NA,NA,NA,NA,NA,NA,NA,NA,NA
369.415,6.6527,-3.3872,7.8761,7.5203,24666.3880,-16.8667,NA,NA,NA,NA,NA,NA,NA,NA,NA,NA
369.517,6.6240,-3.8035,7.8664,7.3877,44654.2800,50.4986,NA,NA,NA,NA,NA,NA,NA,NA,NA,NA
369.616,6.5827,-4.4032,7.8581,7.2742,51698.5960,74.2401,NA,NA,NA,NA,NA,NA,NA,NA,NA,NA
369.713,6.5383,-5.0491,7.8525,7.1978,59154.6000,99.3691,NA,NA,NA,NA,NA,NA,NA,NA,NA,NA
369.810,6.5203,-5.3098,7.8507,7.1738,59154.6000,99.3691,NA,NA,NA,NA,NA,NA,NA,NA,NA,NA
369.916,6.5106,-5.4510,7.8362,6.9754,26674.3500,-10.0993,NA,NA,NA,NA,NA,NA,NA,NA,NA,NA
370.016,6.5059,-5.5194,7.8316,6.9129,26674.3500,-10.0993,NA,NA,NA,NA,NA,NA,NA,NA,NA,NA
370.105,6.5059,-5.5194,7.8220,6.7819,26740.5540,-9.8761,NA,NA,NA,NA,NA,NA,NA,NA,NA,NA
370.205,6.4897,-5.7547,7.8136,6.6670,51423.1440,73.3118,NA,NA,NA,NA,NA,NA,NA,NA,NA,NA
370.324,6.4814,-5.8754,7.8095,6.6112,54078.3320,82.2606,NA,NA,NA,NA,NA,NA,NA,NA,NA,NA
370.408,6.4752,-5.9646,7.8026,6.5168,57689.9120,94.4327,NA,NA,NA,NA,NA,NA,NA,NA,NA,NA
370.500,6.4721,-6.0098,7.7935,6.3927,57689.9120,94.4327,NA,NA,NA,NA,NA,NA,NA,NA,NA,NA
370.598,6.4649,-6.1145,7.7869,6.3026,26528.0400,-10.5924,NA,NA,NA,NA,NA,NA,NA,NA,NA,NA
370.700,6.4645,-6.1210,7.7833,6.2533,27981.7240,-5.6930,NA,NA,NA,NA,NA,NA,NA,NA,NA,NA
370.802,6.4574,-6.2240,7.7717,6.0943,27981.7240,-5.6930,NA,NA,NA,NA,NA,NA,NA,NA,NA,NA
370.895,6.4554,-6.2526,7.7657,6.0128,22580.4400,-23.8970,NA,NA,NA,NA,NA,NA,NA,NA,NA,NA
370.995,6.4532,-6.2849,7.7618,5.9595,24921.8400,-16.0058,NA,NA,NA,NA,NA,NA,NA,NA,NA,NA
371.115,6.4479,-6.3608,7.7547,5.8621,47204.5560,59.0938,NA,NA,NA,NA,NA,NA,NA,NA,NA,NA
371.195,6.4422,-6.4448,7.7530,5.8400,52412.6040,76.6465,NA,NA,NA,NA,NA,NA,NA,NA,NA,NA
371.284,6.4346,-6.5545,7.7448,5.7268,56108.9160,89.1042,NA,NA,NA,NA,NA,NA,NA,NA,NA,NA
371.388,6.4241,-6.7075,7.7364,5.6131,59008.5560,98.8769,NA,NA,NA,NA,NA,NA,NA,NA,NA,NA
371.489,6.4184,-6.7905,7.7334,5.5715,59008.5560,98.8769,NA,NA,NA,NA,NA,NA,NA,NA,NA,NA
371.586,6.4077,-6.9455,7.7314,5.5444,27458.2720,-7.4572,NA,NA,NA,NA,NA,NA,NA,NA,NA,NA
371.678,6.3971,-7.0997,7.7230,5.4295,29000.5140,-2.2594,NA,NA,NA,NA,NA,NA,NA,NA,NA,NA
371.784,6.3895,-7.2092,7.7182,5.3647,29000.5140,-2.2594,NA,NA,NA,NA,NA,NA,NA,NA,NA,NA
371.874,6.3844,-7.2841,7.7125,5.2866,22796.7840,-23.1679,NA,NA,NA,NA,NA,NA,NA,NA,NA,NA
371.971,6.3804,-7.3420,7.7125,5.2866,25188.2380,-15.1079,NA,NA,NA,NA,NA,NA,NA,NA,NA,NA
372.071,6.3661,-7.5487,7.7116,5.2741,47687.2080,60.7205,NA,NA,NA,NA,NA,NA,NA,NA,NA,NA
372.164,6.3516,-7.7593,7.7077,5.2213,53514.6000,80.3606,NA,NA,NA,NA,NA,NA,NA,NA,NA,NA
372.267,6.3452,-7.8532,7.7077,5.2213,58075.7840,95.7332,NA,NA,NA,NA,NA,NA,NA,NA,NA,NA
372.364,6.3433,-7.8810,7.6984,5.0946,58075.7840,95.7332,NA,NA,NA,NA,NA,NA,NA,NA,NA,NA
372.470,6.3363,-7.9814,7.6922,5.0088,25946.6800,-12.5517,NA,NA,NA,NA,NA,NA,NA,NA,NA,NA
372.559,6.3304,-8.0681,7.6825,4.8773,27919.7620,-5.9018,NA,NA,NA,NA,NA,NA,NA,NA,NA,NA
372.660,6.3286,-8.0943,7.6765,4.7944,29815.8180,0.4884,NA,NA,NA,NA,NA,NA,NA,NA,NA,NA
372.755,6.3258,-8.1351,7.6761,4.7900,29815.8180,0.4884,NA,NA,NA,NA,NA,NA,NA,NA,NA,NA
372.850,6.3204,-8.2137,7.6761,4.7900,22264.4900,-24.9618,NA,NA,NA,NA,NA,NA,NA,NA,NA,NA
372.984,6.3137,-8.3109,7.6638,4.6212,25490.1320,-14.0904,NA,NA,NA,NA,NA,NA,NA,NA,NA,NA
373.052,6.2973,-8.5488,7.6541,4.4887,48126.4080,62.2007,NA,NA,NA,NA,NA,NA,NA,NA,NA,NA
373.156,6.2731,-8.9003,7.6464,4.3847,54304.4720,83.0227,NA,NA,NA,NA,NA,NA,NA,NA,NA,NA
373.249,6.2582,-9.1166,7.6429,4.3362,59803.6000,101.5565,NA,NA,NA,NA,NA,NA,NA,NA,NA,NA
373.359,6.2491,-9.2488,7.6395,4.2902,59803.6000,101.5565,NA,NA,NA,NA,NA,NA,NA,NA,NA,NA
373.457,6.2434,-9.3319,7.6345,4.2216,26003.7120,-12.3595,NA,NA,NA,NA,NA,NA,NA,NA,NA,NA
373.550,6.2315,-9.5041,7.6211,4.0387,24597.1380,-17.1001,NA,NA,NA,NA,NA,NA,NA,NA,NA,NA
373.651,6.2263,-9.5800,7.6165,3.9754,26229.2640,-11.5993,NA,NA,NA,NA,NA,NA,NA,NA,NA,NA
373.745,6.1989,-9.9770,7.6100,3.8878,47748.0880,60.9257,NA,NA,NA,NA,NA,NA,NA,NA,NA,NA
373.850,6.1850,-10.1787,7.6034,3.7971,52661.0360,77.4838,NA,NA,NA,NA,NA,NA,NA,NA,NA,NA
373.957,6.1698,-10.3996,7.6000,3.7506,57074.9280,92.3600,NA,NA,NA,NA,NA,NA,NA,NA,NA,NA
374.060,6.1608,-10.5311,7.5889,3.5995,57074.9280,92.3600,NA,NA,NA,NA,NA,NA,NA,NA,NA,NA
374.136,6.1466,-10.7375,7.5772,3.4398,25575.3780,-13.8031,NA,NA,NA,NA,NA,NA,NA,NA,NA,NA
374.235,6.1426,-10.7956,7.5703,3.3458,28080.3240,-5.3607,NA,NA,NA,NA,NA,NA,NA,NA,NA,NA
374.330,6.1347,-10.9096,7.5685,3.3201,28080.3240,-5.3607,NA,NA,NA,NA,NA,NA,NA,NA,NA,NA
374.430,6.1347,-10.9096,7.5656,3.2805,23182.7840,-21.8669,NA,NA,NA,NA,NA,NA,NA,NA,NA,NA
374.531,6.1267,-11.0260,7.5515,3.0888,24842.5480,-16.2730,NA,NA,NA,NA,NA,NA,NA,NA,NA,NA
374.633,6.1231,-11.0780,7.5436,2.9805,47321.4640,59.4878,NA,NA,NA,NA,NA,NA,NA,NA,NA,NA
374.725,6.1082,-11.2951,7.5415,2.9527,50007.1680,68.5395,NA,NA,NA,NA,NA,NA,NA,NA,NA,NA
374.832,6.0933,-11.5112,7.5329,2.8349,53650.3360,80.8181,NA,NA,NA,NA,NA,NA,NA,NA,NA,NA
374.933,6.0773,-11.7430,7.5232,2.7025,58176.7840,96.0736,NA,NA,NA,NA,NA,NA,NA,NA,NA,NA
375.017,6.0606,-11.9861,7.5174,2.6234,58176.7840,96.0736,NA,NA,NA,NA,NA,NA,NA,NA,NA,NA
375.143,6.0482,-12.1654,7.5072,2.4834,26311.4020,-11.3225,NA,NA,NA,NA,NA,NA,NA,NA,NA,NA
375.222,6.0414,-12.2649,7.5037,2.4360,28550.0020,-3.7777,NA,NA,NA,NA,NA,NA,NA,NA,NA,NA
375.313,6.0376,-12.3200,7.4961,2.3325,28550.0020,-3.7777,NA,NA,NA,NA,NA,NA,NA,NA,NA,NA
375.412,6.0286,-12.4499,7.4906,2.2573,23588.8600,-20.4983,NA,NA,NA,NA,NA,NA,NA,NA,NA,NA
375.515,6.0240,-12.5168,7.4862,2.1971,25291.1220,-14.7612,NA,NA,NA,NA,NA,NA,NA,NA,NA,NA
375.606,6.0222,-12.5437,7.4834,2.1592,48745.4480,64.2871,NA,NA,NA,NA,NA,NA,NA,NA,NA,NA
375.711,6.0125,-12.6843,7.4737,2.0263,51832.0760,74.6900,NA,NA,NA,NA,NA,NA,NA,NA,NA,NA
375.802,6.0077,-12.7542,7.4699,1.9743,54972.9880,85.2758,NA,NA,NA,NA,NA,NA,NA,NA,NA,NA
375.905,6.0012,-12.8480,7.4610,1.8527,54972.9880,85.2758,NA,NA,NA,NA,NA,NA,NA,NA,NA,NA
376.003,5.9983,-12.8908,7.4585,1.8184,25042.0140,-15.6007,NA,NA,NA,NA,NA,NA,NA,NA,NA,NA
376.100,5.9804,-13.1509,7.4500,1.7034,25042.0140,-15.6007,NA,NA,NA,NA,NA,NA,NA,NA,NA,NA
376.200,5.9719,-13.2742,7.4460,1.6483,25666.7760,-13.4951,NA,NA,NA,NA,NA,NA,NA,NA,NA,NA
376.306,5.9514,-13.5720,7.4316,1.4519,47155.1840,58.9274,NA,NA,NA,NA,NA,NA,NA,NA,NA,NA
376.403,5.9359,-13.7974,7.4231,1.3364,50422.2880,69.9386,NA,NA,NA,NA,NA,NA,NA,NA,NA,NA
376.495,5.9285,-13.9044,7.4182,1.2691,52748.7800,77.7796,NA,NA,NA,NA,NA,NA,NA,NA,NA,NA
376.592,5.9166,-14.0766,7.4150,1.2255,52748.7800,77.7796,NA,NA,NA,NA,NA,NA,NA,NA,NA,NA
376.688,5.9117,-14.1477,7.3961,0.9669,25867.6000,-12.8183,189710.0160,0.0000,NA,NA,NA,NA,NA,NA,NA,NA
376.796,5.9026,-14.2807,7.3894,0.8761,50997.7640,71.8781,NA,NA,NA,NA,NA,NA,NA,NA,NA,NA
376.896,5.8979,-14.3490,7.3832,0.7907,50997.7640,71.8781,NA,NA,NA,NA,NA,NA,NA,NA,NA,NA
376.985,5.8840,-14.5510,7.3785,0.7275,26902.3460,-9.3308,NA,NA,NA,NA,NA,NA,NA,NA,NA,NA
377.140,5.8742,-14.6929,7.3672,0.5729,28920.8180,-2.5280,189876.1920,0.0000,NA,NA,NA,NA,NA,NA,NA,NA
377.208,5.8684,-14.7777,7.3608,0.4854,62729.2240,111.4167,NA,NA,NA,NA,NA,NA,NA,NA,NA,NA
377.302,5.8610,-14.8844,7.3582,0.4500,62729.2240,111.4167,NA,NA,NA,NA,NA,NA,NA,NA,NA,NA
377.390,5.8534,-14.9955,7.3504,0.3436,27569.4240,-7.0826,NA,NA,NA,NA,NA,NA,NA,NA,NA,NA
377.490,5.8524,-15.0089,7.3427,0.2378,25602.3800,-13.7121,NA,NA,NA,NA,NA,NA,NA,NA,NA,NA
377.589,5.8497,-15.0491,7.3382,0.1766,47957.9920,61.6331,NA,NA,NA,NA,NA,NA,NA,NA,NA,NA
377.684,5.8391,-15.2026,7.3322,0.0949,50642.9920,70.6824,NA,NA,NA,NA,NA,NA,NA,NA,NA,NA
377.778,5.8311,-15.3184,7.3256,0.0051,55097.1960,85.6944,NA,NA,NA,NA,NA,NA,NA,NA,NA,NA
377.884,5.8285,-15.3569,7.3134,-0.1624,55097.1960,85.6944,NA,NA,NA,NA,NA,NA,NA,NA,NA,NA
377.984,5.8275,-15.3710,7.3124,-0.1754,24607.1920,-17.0662,NA,NA,NA,NA,NA,NA,NA,NA,NA,NA
378.088,5.8231,-15.4349,7.3072,-0.2459,26428.2420,-10.9287,194590.0000,0.0000,NA,NA,NA,NA,NA,NA,NA,NA
378.174,5.8235,-15.4291,7.3011,-0.3297,52921.4400,78.3615,NA,NA,NA,NA,NA,NA,NA,NA,NA,NA
378.270,5.8235,-15.4291,7.3017,-0.3210,52921.4400,78.3615,NA,NA,NA,NA,NA,NA,NA,NA,NA,NA
378.400,5.8226,-15.4428,7.3017,-0.3210,28974.6080,-2.3467,194190.3360,0.0000,NA,NA,NA,NA,NA,NA,NA,NA
378.468,5.8222,-15.4482,7.3002,-0.3422,57968.2480,95.3708,NA,NA,NA,NA,NA,NA,NA,NA,NA,NA
378.572,5.8220,-15.4510,7.2897,-0.4854,57968.2480,95.3708,NA,NA,NA,NA,NA,NA,NA,NA,NA,NA
378.724,5.8186,-15.5001,7.2851,-0.5483,27293.5560,-8.0124,NA,NA,NA,NA,NA,NA,NA,NA,NA,NA
378.782,5.8188,-15.4978,7.2787,-0.6353,24822.2940,-16.3413,NA,NA,NA,NA,NA,NA,NA,NA,NA,NA
379.004,5.8188,-15.4978,7.2740,-0.7001,46039.1360,55.1660,NA,NA,NA,NA,NA,NA,NA,NA,NA,NA
379.007,5.8102,-15.6223,7.2719,-0.7284,52041.9480,75.3973,NA,NA,NA,NA,NA,NA,NA,NA,NA,NA
379.062,5.8046,-15.7034,7.2706,-0.7466,57287.9200,93.0778,NA,NA,NA,NA,NA,NA,NA,NA,NA,NA
379.159,5.8044,-15.7071,7.2711,-0.7394,60039.7040,102.3522,NA,NA,NA,NA,NA,NA,NA,NA,NA,NA
379.260,5.8025,-15.7337,7.2711,-0.7394,60039.7040,102.3522,NA,NA,NA,NA,NA,NA,NA,NA,NA,NA
379.357,5.7995,-15.7784,7.2636,-0.8420,28021.4480,-5.5591,NA,NA,NA,NA,NA,NA,NA,NA,NA,NA
379.507,5.7945,-15.8497,7.2579,-0.9200,29507.8040,-0.5497,NA,NA,NA,NA,NA,NA,NA,NA,NA,NA
379.557,5.7949,-15.8439,7.2576,-0.9238,29507.8040,-0.5497,NA,NA,NA,NA,NA,NA,NA,NA,NA,NA
379.650,5.7949,-15.8439,7.2533,-0.9819,22547.3860,-24.0084,NA,NA,NA,NA,NA,NA,NA,NA,NA,NA
379.754,5.7948,-15.8454,7.2527,-0.9906,24891.0340,-16.1096,NA,NA,NA,NA,NA,NA,NA,NA,NA,NA
379.860,5.7948,-15.8454,7.2445,-1.1020,46719.6000,57.4594,NA,NA,NA,NA,NA,NA,NA,NA,NA,NA
379.947,5.7942,-15.8552,7.2385,-1.1837,52898.3000,78.2835,NA,NA,NA,NA,NA,NA,NA,NA,NA,NA
380.048,5.7942,-15.8552,7.2332,-1.2563,58676.8080,97.7588,NA,NA,NA,NA,NA,NA,NA,NA,NA,NA
380.144,5.7935,-15.8651,7.2332,-1.2563,58676.8080,97.7588,NA,NA,NA,NA,NA,NA,NA,NA,NA,NA
380.239,5.7929,-15.8743,7.2326,-1.2645,26019.7820,-12.3054,NA,NA,NA,NA,NA,NA,NA,NA,NA,NA
380.340,5.7920,-15.8867,7.2277,-1.3322,28165.9880,-5.0720,NA,NA,NA,NA,NA,NA,NA,NA,NA,NA
380.441,5.7866,-15.9650,7.2220,-1.4096,30240.3000,1.9191,NA,NA,NA,NA,NA,NA,NA,NA,NA,NA
380.550,5.7866,-15.9650,7.2181,-1.4630,30240.3000,1.9191,NA,NA,NA,NA,NA,NA,NA,NA,NA,NA
380.637,5.7840,-16.0021,7.2102,-1.5707,22876.7280,-22.8984,NA,NA,NA,NA,NA,NA,NA,NA,NA,NA
380.750,5.7777,-16.0938,7.2078,-1.6031,25225.2400,-14.9832,NA,NA,NA,NA,NA,NA,NA,NA,NA,NA
380.854,5.7742,-16.1447,7.2020,-1.6821,47357.9520,59.6108,NA,NA,NA,NA,NA,NA,NA,NA,NA,NA
380.925,5.7727,-16.1672,7.2012,-1.6929,53726.7280,81.0755,NA,NA,NA,NA,NA,NA,NA,NA,NA,NA
381.028,5.7714,-16.1861,7.1911,-1.8320,60114.5440,102.6044,NA,NA,NA,NA,NA,NA,NA,NA,NA,NA
381.124,5.7701,-16.2040,7.1877,-1.8771,60114.5440,102.6044,NA,NA,NA,NA,NA,NA,NA,NA,NA,NA
381.230,5.7699,-16.2076,7.1827,-1.9455,26782.1400,-9.7360,NA,NA,NA,NA,NA,NA,NA,NA,NA,NA
381.385,5.7699,-16.2076,7.1822,-1.9525,26782.1400,-9.7360,NA,NA,NA,NA,NA,NA,NA,NA,NA,NA
381.422,5.7681,-16.2344,7.1807,-1.9729,26488.0660,-10.7271,NA,NA,NA,NA,NA,NA,NA,NA,NA,NA
381.520,5.7646,-16.2841,7.1721,-2.0906,49240.2560,65.9548,NA,NA,NA,NA,NA,NA,NA,NA,NA,NA
381.624,5.7646,-16.2841,7.1671,-2.1595,52774.4480,77.8661,NA,NA,NA,NA,NA,NA,NA,NA,NA,NA
381.733,5.7642,-16.2907,7.1634,-2.2092,57191.6120,92.7533,NA,NA,NA,NA,NA,NA,NA,NA,NA,NA
381.820,5.7642,-16.2907,7.1610,-2.2429,57191.6120,92.7533,NA,NA,NA,NA,NA,NA,NA,NA,NA,NA
381.912,5.7643,-16.2890,7.1569,-2.2977,25663.2140,-13.5071,NA,NA,NA,NA,NA,NA,NA,NA,NA,NA
382.013,5.7643,-16.2890,7.1551,-2.3227,27881.8920,-6.0295,NA,NA,NA,NA,NA,NA,NA,NA,NA,NA
382.111,5.7661,-16.2621,7.1542,-2.3346,27881.8920,-6.0295,NA,NA,NA,NA,NA,NA,NA,NA,NA,NA
382.212,5.7661,-16.2621,7.1528,-2.3543,23177.0500,-21.8862,NA,NA,NA,NA,NA,NA,NA,NA,NA,NA
382.316,5.7694,-16.2153,7.1495,-2.3995,24958.3400,-15.8827,NA,NA,NA,NA,NA,NA,NA,NA,NA,NA
382.407,5.7694,-16.2153,7.1470,-2.4337,47635.7360,60.5470,NA,NA,NA,NA,NA,NA,NA,NA,NA,NA
382.500,5.7614,-16.3317,7.1419,-2.5034,50644.9720,70.6891,NA,NA,NA,NA,NA,NA,NA,NA,NA,NA
382.609,5.7488,-16.5146,7.1413,-2.5106,53803.0760,81.3329,NA,NA,NA,NA,NA,NA,NA,NA,NA,NA
382.703,5.7442,-16.5808,7.1316,-2.6443,58494.8880,97.1457,NA,NA,NA,NA,NA,NA,NA,NA,NA,NA
382.803,5.7442,-16.5808,7.1286,-2.6846,58494.8880,97.1457,NA,NA,NA,NA,NA,NA,NA,NA,NA,NA
382.901,5.7388,-16.6588,7.1235,-2.7544,26512.6940,-10.6441,NA,NA,NA,NA,NA,NA,NA,NA,NA,NA
382.996,5.7372,-16.6826,7.1231,-2.7600,28476.8920,-4.0241,NA,NA,NA,NA,NA,NA,NA,NA,NA,NA
383.084,5.7360,-16.6996,7.1212,-2.7849,28476.8920,-4.0241,NA,NA,NA,NA,NA,NA,NA,NA,NA,NA
383.208,5.7362,-16.6963,7.1174,-2.8368,23558.8280,-20.5995,NA,NA,NA,NA,NA,NA,NA,NA,NA,NA
383.287,5.7391,-16.6546,7.1154,-2.8651,25465.2780,-14.1742,NA,NA,NA,NA,NA,NA,NA,NA,NA,NA
383.386,5.7391,-16.6546,7.1124,-2.9060,48835.2520,64.5898,NA,NA,NA,NA,NA,NA,NA,NA,NA,NA
383.488,5.7316,-16.7631,7.1095,-2.9457,52345.1640,76.4192,NA,NA,NA,NA,NA,NA,NA,NA,NA,NA
383.588,5.7271,-16.8293,7.0991,-3.0868,55206.7680,86.0637,NA,NA,NA,NA,NA,NA,NA,NA,NA,NA
383.732,5.7218,-16.9060,7.0991,-3.0868,55206.7680,86.0637,NA,NA,NA,NA,NA,NA,NA,NA,NA,NA
383.776,5.7166,-16.9818,7.0986,-3.0941,25171.6840,-15.1637,NA,NA,NA,NA,NA,NA,NA,NA,NA,NA
383.876,5.7140,-17.0194,7.0920,-3.1845,26647.2180,-10.1907,NA,NA,NA,NA,NA,NA,NA,NA,NA,NA
383.976,5.7124,-17.0423,7.0894,-3.2195,29025.5980,-2.1748,NA,NA,NA,NA,NA,NA,NA,NA,NA,NA
384.081,5.7116,-17.0541,7.0780,-3.3758,29025.5980,-2.1748,NA,NA,NA,NA,NA,NA,NA,NA,NA,NA
384.173,5.7110,-17.0623,7.0783,-3.3712,51002.3880,71.8937,NA,NA,NA,NA,NA,NA,NA,NA,NA,NA
384.329,5.7101,-17.0764,7.0783,-3.3712,53647.7520,80.8094,NA,NA,NA,NA,NA,NA,NA,NA,NA,NA
384.372,5.7094,-17.0860,7.0758,-3.4051,53647.7520,80.8094,NA,NA,NA,NA,NA,NA,NA,NA,NA,NA
384.470,5.7092,-17.0893,7.0742,-3.4270,25738.6640,-13.2528,191273.5360,0.0000,NA,NA,NA,NA,NA,NA,NA,NA
384.567,5.7068,-17.1236,7.0742,-3.4270,50815.7880,71.2648,NA,NA,NA,NA,NA,NA,NA,NA,NA,NA
384.674,5.7053,-17.1459,7.0666,-3.5311,50815.7880,71.2648,NA,NA,NA,NA,NA,NA,NA,NA,NA,NA
384.776,5.7053,-17.1459,7.0666,-3.5311,46681.0320,57.3294,NA,NA,NA,NA,NA,NA,NA,NA,NA,NA
384.894,5.7013,-17.2043,7.0627,-3.5838,49168.9200,65.7143,NA,NA,NA,NA,NA,NA,NA,NA,NA,NA
384.980,5.6964,-17.2754,7.0473,-3.7940,51495.0120,73.5540,NA,NA,NA,NA,NA,NA,NA,NA,NA,NA
385.075,5.6934,-17.3189,7.0450,-3.8261,51495.0120,73.5540,NA,NA,NA,NA,NA,NA,NA,NA,NA,NA
385.176,5.6913,-17.3483,7.0450,-3.8261,28333.3480,-4.5079,190691.2320,0.0000,NA,NA,NA,NA,NA,NA,NA,NA
385.264,5.6860,-17.4254,7.0431,-3.8515,57370.7520,93.3570,NA,NA,NA,NA,NA,NA,NA,NA,NA,NA
385.364,5.6843,-17.4511,7.0393,-3.9039,57370.7520,93.3570,NA,NA,NA,NA,NA,NA,NA,NA,NA,NA
385.467,5.6761,-17.5692,7.0380,-3.9208,26778.4120,-9.7485,189548.7680,0.0000,NA,NA,NA,NA,NA,NA,NA,NA
385.574,5.6734,-17.6086,7.0393,-3.9040,57306.1040,93.1391,NA,NA,NA,NA,NA,NA,NA,NA,NA,NA
385.668,5.6680,-17.6876,7.0393,-3.9040,NA,NA,NA,NA,NA,NA,NA,NA,NA,NA,NA,NA
385.769,5.6653,-17.7272,7.0382,-3.9181,NA,NA,NA,NA,NA,NA,NA,NA,NA,NA,NA,NA
385.863,5.6539,-17.8916,7.0304,-4.0251,30527.3760,2.8866,NA,NA,NA,NA,NA,NA,NA,NA,NA,NA
385.957,5.6515,-17.9269,7.0318,-4.0056,31607.5040,6.5270,NA,NA,NA,NA,NA,NA,NA,NA,NA,NA
386.060,5.6533,-17.9007,7.0318,-4.0056,31607.5040,6.5270,NA,NA,NA,NA,NA,NA,NA,NA,NA,NA
386.166,5.6533,-17.9007,7.0267,-4.0755,23218.5000,-21.7465,NA,NA,NA,NA,NA,NA,NA,NA,NA,NA
386.307,5.6515,-17.9263,7.0232,-4.1233,24546.9080,-17.2694,NA,NA,NA,NA,NA,NA,NA,NA,NA,NA
386.355,5.6497,-17.9528,7.0229,-4.1279,43633.9080,47.0596,NA,NA,NA,NA,NA,NA,NA,NA,NA,NA
386.452,5.6366,-18.1429,7.0129,-4.2639,46129.1000,55.4692,NA,NA,NA,NA,NA,NA,NA,NA,NA,NA
386.560,5.6364,-18.1460,7.0086,-4.3223,49027.3960,65.2374,NA,NA,NA,NA,NA,NA,NA,NA,NA,NA
386.700,5.6338,-18.1847,7.0055,-4.3649,49027.3960,65.2374,NA,NA,NA,NA,NA,NA,NA,NA,NA,NA
386.761,5.6338,-18.1847,7.0030,-4.3989,26887.5660,-9.3807,NA,NA,NA,NA,NA,NA,NA,NA,NA,NA
386.850,5.6384,-18.1175,6.9988,-4.4566,26887.5660,-9.3807,NA,NA,NA,NA,NA,NA,NA,NA,NA,NA
386.954,5.6384,-18.1175,6.9969,-4.4831,24989.6840,-15.7771,NA,NA,NA,NA,NA,NA,NA,NA,NA,NA
387.046,5.6353,-18.1615,6.9903,-4.5732,44822.2640,51.0648,NA,NA,NA,NA,NA,NA,NA,NA,NA,NA
387.152,5.6349,-18.1682,6.9876,-4.6100,51805.4760,74.6003,NA,NA,NA,NA,NA,NA,NA,NA,NA,NA
387.248,5.6322,-18.2068,6.9856,-4.6366,59436.9040,100.3206,NA,NA,NA,NA,NA,NA,NA,NA,NA,NA
387.405,5.6297,-18.2439,6.9856,-4.6366,59436.9040,100.3206,NA,NA,NA,NA,NA,NA,NA,NA,NA,NA
387.436,5.6268,-18.2864,6.9805,-4.7063,26860.2580,-9.4727,NA,NA,NA,NA,NA,NA,NA,NA,NA,NA
387.535,5.6236,-18.3317,6.9788,-4.7292,29458.8160,-0.7148,NA,NA,NA,NA,NA,NA,NA,NA,NA,NA
387.640,5.6184,-18.4084,6.9773,-4.7495,29458.8160,-0.7148,NA,NA,NA,NA,NA,NA,NA,NA,NA,NA
387.732,5.6164,-18.4364,6.9717,-4.8271,21570.5400,-27.3007,NA,NA,NA,NA,NA,NA,NA,NA,NA,NA
387.836,5.6160,-18.4431,6.9591,-4.9981,22885.5500,-22.8687,NA,NA,NA,NA,NA,NA,NA,NA,NA,NA
387.978,5.6160,-18.4431,6.9566,-5.0328,24994.1660,-15.7620,NA,NA,NA,NA,NA,NA,NA,NA,NA,NA
388.024,5.6124,-18.4949,6.9552,-5.0514,45275.9680,52.5939,NA,NA,NA,NA,NA,NA,NA,NA,NA,NA
388.132,5.6082,-18.5562,6.9524,-5.0902,52401.8880,76.6104,NA,NA,NA,NA,NA,NA,NA,NA,NA,NA
388.228,5.6040,-18.6167,6.9518,-5.0977,60470.4640,103.8040,NA,NA,NA,NA,NA,NA,NA,NA,NA,NA
388.321,5.6005,-18.6671,6.9518,-5.0980,60470.4640,103.8040,NA,NA,NA,NA,NA,NA,NA,NA,NA,NA
388.430,5.5996,-18.6808,6.9478,-5.1528,27519.7640,-7.2500,NA,NA,NA,NA,NA,NA,NA,NA,NA,NA
388.517,5.5985,-18.6966,6.9478,-5.1528,30197.7740,1.7758,NA,NA,NA,NA,NA,NA,NA,NA,NA,NA
388.613,5.5981,-18.7030,6.9415,-5.2389,30197.7740,1.7758,NA,NA,NA,NA,NA,NA,NA,NA,NA,NA
388.712,5.5981,-18.7030,6.9400,-5.2597,22076.4040,-25.5958,NA,NA,NA,NA,NA,NA,NA,NA,NA,NA
388.813,5.5945,-18.7545,6.9374,-5.2949,23291.6760,-21.4999,NA,NA,NA,NA,NA,NA,NA,NA,NA,NA
388.926,5.5945,-18.7545,6.9327,-5.3586,40542.6240,36.6411,NA,NA,NA,NA,NA,NA,NA,NA,NA,NA
389.004,5.5889,-18.8354,6.9323,-5.3645,45385.6160,52.9634,NA,NA,NA,NA,NA,NA,NA,NA,NA,NA
389.154,5.5818,-18.9387,6.9304,-5.3901,52689.1280,77.5785,NA,NA,NA,NA,NA,NA,NA,NA,NA,NA
389.199,5.5783,-18.9897,6.9302,-5.3936,61016.9680,105.6459,NA,NA,NA,NA,NA,NA,NA,NA,NA,NA
389.299,5.5782,-18.9922,6.9277,-5.4276,61016.9680,105.6459,NA,NA,NA,NA,NA,NA,NA,NA,NA,NA
389.402,5.5798,-18.9686,6.9277,-5.4276,28202.9000,-4.9476,NA,NA,NA,NA,NA,NA,NA,NA,NA,NA
389.503,5.5836,-18.9132,6.9240,-5.4781,31011.4160,4.5180,NA,NA,NA,NA,NA,NA,NA,NA,NA,NA
389.599,5.5838,-18.9103,6.9181,-5.5579,31011.4160,4.5180,NA,NA,NA,NA,NA,NA,NA,NA,NA,NA
389.694,5.5838,-18.9103,6.9167,-5.5769,22536.1060,-24.0464,NA,NA,NA,NA,NA,NA,NA,NA,NA,NA
389.794,5.5829,-18.9239,6.9024,-5.7724,23736.3580,-20.0012,NA,NA,NA,NA,NA,NA,NA,NA,NA,NA
389.900,5.5829,-18.9239,6.8984,-5.8277,41356.9320,39.3855,NA,NA,NA,NA,NA,NA,NA,NA,NA,NA
389.991,5.5743,-19.0485,6.8917,-5.9185,45824.3800,54.4422,NA,NA,NA,NA,NA,NA,NA,NA,NA,NA
390.099,5.5701,-19.1097,6.8920,-5.9146,45824.3800,54.4422,NA,NA,NA,NA,NA,NA,NA,NA,NA,NA
390.190,5.5719,-19.0828,6.8920,-5.9146,30112.7380,1.4892,NA,NA,NA,NA,NA,NA,NA,NA,NA,NA
390.306,5.5739,-19.0538,6.8803,-6.0737,30112.7380,1.4892,NA,NA,NA,NA,NA,NA,NA,NA,NA,NA
390.387,5.5739,-19.0538,6.8846,-6.0157,23412.1260,-21.0940,NA,NA,NA,NA,NA,NA,NA,NA,NA,NA
390.483,5.5695,-19.1176,6.8848,-6.0123,25865.4200,-12.8256,NA,NA,NA,NA,NA,NA,NA,NA,NA,NA
390.591,5.5665,-19.1620,6.8848,-6.0123,49113.7600,65.5284,NA,NA,NA,NA,NA,NA,NA,NA,NA,NA
390.676,5.5630,-19.2128,6.8850,-6.0107,55050.6480,85.5376,NA,NA,NA,NA,NA,NA,NA,NA,NA,NA
390.781,5.5611,-19.2391,6.8850,-6.0107,59355.2880,100.0455,NA,NA,NA,NA,NA,NA,NA,NA,NA,NA
390.901,5.5611,-19.2391,6.8834,-6.0316,59355.2880,100.0455,NA,NA,NA,NA,NA,NA,NA,NA,NA,NA
390.974,5.5577,-19.2892,6.8827,-6.0412,26703.3460,-10.0015,NA,NA,NA,NA,NA,NA,NA,NA,NA,NA
391.076,5.5542,-19.3403,6.8799,-6.0798,28539.2700,-3.8139,NA,NA,NA,NA,NA,NA,NA,NA,NA,NA
391.172,5.5542,-19.3403,6.8801,-6.0764,28539.2700,-3.8139,NA,NA,NA,NA,NA,NA,NA,NA,NA,NA
391.273,5.5541,-19.3416,6.8801,-6.0764,21407.6540,-27.8496,NA,NA,NA,NA,NA,NA,NA,NA,NA,NA
391.363,5.5535,-19.3498,6.8741,-6.1590,23452.4240,-20.9581,NA,NA,NA,NA,NA,NA,NA,NA,NA,NA
391.517,5.5506,-19.3923,6.8722,-6.1848,26181.7900,-11.7593,NA,NA,NA,NA,NA,NA,NA,NA,NA,NA
391.573,5.5466,-19.4497,6.8722,-6.1848,49729.2320,67.6028,NA,NA,NA,NA,NA,NA,NA,NA,NA,NA
391.672,5.5441,-19.4874,6.8699,-6.2162,56226.6480,89.5010,NA,NA,NA,NA,NA,NA,NA,NA,NA,NA
391.755,5.5448,-19.4762,6.8713,-6.1974,60974.4480,105.5026,NA,NA,NA,NA,NA,NA,NA,NA,NA,NA
391.858,5.5456,-19.4643,6.8713,-6.1974,60974.4480,105.5026,NA,NA,NA,NA,NA,NA,NA,NA,NA,NA
391.967,5.5456,-19.4643,6.8703,-6.2111,27480.8480,-7.3811,NA,NA,NA,NA,NA,NA,NA,NA,NA,NA
392.052,5.5441,-19.4873,6.8701,-6.2131,29368.2000,-1.0202,NA,NA,NA,NA,NA,NA,NA,NA,NA,NA
392.155,5.5441,-19.4873,6.8694,-6.2225,29368.2000,-1.0202,NA,NA,NA,NA,NA,NA,NA,NA,NA,NA
392.270,5.5431,-19.5005,6.8691,-6.2265,21769.7780,-26.6292,NA,NA,NA,NA,NA,NA,NA,NA,NA,NA
392.354,5.5419,-19.5181,6.8689,-6.2302,23807.6060,-19.7611,NA,NA,NA,NA,NA,NA,NA,NA,NA,NA
392.455,5.5419,-19.5181,6.8685,-6.2351,43397.8320,46.2640,NA,NA,NA,NA,NA,NA,NA,NA,NA,NA
392.546,5.5363,-19.5995,6.8683,-6.2381,50264.1840,69.4057,NA,NA,NA,NA,NA,NA,NA,NA,NA,NA
392.676,5.5294,-19.7003,6.8695,-6.2222,57203.5600,92.7935,NA,NA,NA,NA,NA,NA,NA,NA,NA,NA
392.759,5.5294,-19.7008,6.8695,-6.2222,60802.8360,104.9242,NA,NA,NA,NA,NA,NA,NA,NA,61137.4200,0.0000
392.871,5.5304,-19.6854,6.8628,-6.3135,60802.8360,104.9242,NA,NA,NA,NA,NA,NA,19591.4320,0.0000,NA,NA
392.962,5.5314,-19.6709,6.8561,-6.4040,23041.4360,-22.3433,NA,NA,NA,NA,NA,NA,NA,NA,NA,NA
393.137,5.5314,-19.6709,6.8458,-6.5451,24605.4860,-17.0720,NA,NA,NA,NA,NA,NA,NA,NA,NA,NA
393.172,5.5262,-19.7463,6.8407,-6.6150,59126.2560,99.2736,NA,NA,NA,NA,NA,NA,NA,NA,NA,NA
393.280,5.5246,-19.7698,6.8360,-6.6790,59126.2560,99.2736,NA,NA,NA,NA,NA,NA,NA,NA,NA,NA
393.375,5.6055,-18.5944,6.8964,-5.8547,56400.6240,90.0874,NA,NA,NA,NA,NA,NA,NA,NA,NA,NA
393.459,5.7278,-16.8197,7.0277,-4.0614,58974.8760,98.7634,NA,NA,NA,NA,NA,NA,NA,NA,NA,NA
393.559,5.8469,-15.0897,7.1508,-2.3812,58974.8760,98.7634,NA,NA,NA,NA,NA,NA,NA,NA,NA,NA
393.665,5.9617,-13.4216,7.2890,-0.4945,26994.9100,-9.0189,NA,NA,NA,NA,NA,NA,NA,NA,NA,NA
393.755,6.0483,-12.1642,7.4086,1.1374,28505.1840,-3.9288,NA,NA,NA,NA,NA,NA,NA,NA,NA,NA
393.871,6.1461,-10.7437,7.5333,2.8408,28505.1840,-3.9288,NA,NA,NA,NA,NA,NA,NA,NA,NA,NA
393.962,6.2023,-9.9275,7.5814,3.4971,49698.2880,67.4985,NA,NA,NA,NA,NA,NA,NA,NA,NA,NA
394.063,6.2252,-9.5958,7.6034,3.7966,53452.5920,80.1516,NA,NA,NA,NA,NA,NA,NA,NA,NA,NA
394.155,6.2361,-9.4378,7.6137,3.9378,56677.1680,91.0194,NA,NA,NA,NA,NA,NA,NA,NA,NA,NA
394.279,6.2375,-9.4163,7.6139,3.9401,56677.1680,91.0194,NA,NA,NA,NA,NA,NA,NA,NA,NA,NA
394.346,6.2404,-9.3747,7.6139,3.9401,26491.1760,-10.7166,193663.8400,0.0000,NA,NA,NA,NA,NA,NA,NA,NA
394.454,6.2405,-9.3729,7.6112,3.9040,51707.2960,74.2694,NA,NA,NA,NA,NA,NA,NA,NA,NA,NA
394.585,6.2420,-9.3515,7.6134,3.9337,51707.2960,74.2694,NA,NA,NA,NA,NA,NA,NA,NA,NA,NA
394.646,6.2588,-9.1083,7.6353,4.2322,28644.1500,-3.4604,191521.1040,0.0000,NA,NA,NA,NA,NA,NA,NA,NA
394.750,6.3055,-8.4291,7.6793,4.8332,59230.9280,99.6264,NA,NA,NA,NA,NA,NA,NA,NA,NA,NA
394.850,6.4046,-6.9898,7.7585,5.9151,59230.9280,99.6264,NA,NA,NA,NA,NA,NA,NA,NA,NA,NA
394.944,6.5220,-5.2855,7.8914,7.7281,26111.4040,-11.9966,NA,NA,NA,NA,NA,NA,NA,NA,NA,NA
395.046,6.6918,-2.8190,7.9376,8.3593,24689.4540,-16.7890,NA,NA,NA,NA,NA,NA,NA,NA,NA,NA
395.199,6.8729,-0.1887,8.0209,9.4963,26657.5600,-10.1559,NA,NA,NA,NA,NA,NA,NA,NA,NA,NA
395.239,7.0025,1.6932,8.1171,10.8096,51626.3520,73.9966,NA,NA,NA,NA,NA,NA,NA,NA,NA,NA
395.343,7.1513,3.8529,8.1485,11.2389,54722.9120,84.4330,NA,NA,NA,NA,NA,NA,NA,NA,NA,NA
395.457,7.2232,4.8971,8.1526,11.2947,57684.3520,94.4139,NA,NA,NA,NA,NA,NA,NA,NA,NA,NA
395.564,7.2723,5.6101,8.1526,11.2947,57684.3520,94.4139,NA,NA,NA,NA,NA,NA,NA,NA,NA,NA
395.635,7.3234,6.3532,8.1517,11.2827,26576.8940,-10.4277,NA,NA,NA,NA,NA,NA,NA,NA,NA,NA
395.743,7.3341,6.5078,8.1403,11.1265,28066.0200,-5.4089,NA,NA,NA,NA,NA,NA,NA,NA,NA,NA
395.838,7.3452,6.6691,8.1267,10.9411,28066.0200,-5.4089,NA,NA,NA,NA,NA,NA,NA,NA,NA,NA
395.924,7.3685,7.0077,8.1563,11.3443,22410.9500,-24.4682,NA,NA,NA,NA,NA,NA,NA,NA,NA,NA
396.044,7.3685,7.0077,8.1563,11.3443,24788.6240,-16.4547,NA,NA,NA,NA,NA,NA,NA,NA,NA,NA
396.127,7.3667,6.9822,8.1682,11.5079,47043.6480,58.5515,NA,NA,NA,NA,NA,NA,NA,NA,NA,NA
396.218,7.3670,6.9863,8.1789,11.6541,52565.3680,77.1614,NA,NA,NA,NA,NA,NA,NA,NA,NA,NA
396.365,7.3670,6.9863,8.1923,11.8369,56444.4560,90.2351,NA,NA,NA,NA,NA,NA,NA,NA,NA,NA
396.421,7.3707,7.0398,8.2075,12.0436,58953.9800,98.6930,NA,NA,NA,NA,NA,NA,NA,NA,NA,NA
396.509,7.3759,7.1150,8.2123,12.1095,58953.9800,98.6930,NA,NA,NA,NA,NA,NA,NA,NA,NA,NA
396.619,7.3825,7.2113,8.2123,12.1095,27483.7520,-7.3713,NA,NA,NA,NA,NA,NA,NA,NA,NA,NA
396.710,7.3825,7.2113,8.2209,12.2269,28943.1000,-2.4529,NA,NA,NA,NA,NA,NA,NA,NA,NA,NA
396.806,7.3634,6.9343,8.2209,12.2269,28943.1000,-2.4529,NA,NA,NA,NA,NA,NA,NA,NA,NA,NA
396.940,7.3337,6.5022,8.1998,11.9391,22719.2200,-23.4293,NA,NA,NA,NA,NA,NA,NA,NA,NA,NA
397.010,7.3197,6.2990,8.1835,11.7163,25147.3500,-15.2457,NA,NA,NA,NA,NA,NA,NA,NA,NA,NA
397.106,7.3038,6.0682,8.1690,11.5179,47627.3840,60.5189,NA,NA,NA,NA,NA,NA,NA,NA,NA,NA
397.209,7.2456,5.2224,8.1567,11.3505,53597.5560,80.6402,NA,NA,NA,NA,NA,NA,NA,NA,NA,NA
397.310,7.2402,5.1448,8.1462,11.2073,53597.5560,80.6402,NA,NA,NA,NA,NA,NA,NA,NA,NA,NA
397.403,7.2424,5.1765,8.1227,10.8859,32505.9320,9.5550,NA,NA,NA,NA,NA,NA,NA,NA,NA,NA
397.556,7.2424,5.1765,8.1113,10.7306,32505.9320,9.5550,NA,NA,NA,NA,NA,NA,NA,NA,NA,NA
397.606,7.2275,4.9604,8.1011,10.5918,24111.4400,-18.7371,NA,NA,NA,NA,NA,NA,NA,NA,NA,NA
397.698,7.2166,4.8016,8.0851,10.3726,25761.9020,-13.1745,NA,NA,NA,NA,NA,NA,NA,NA,NA,NA
397.794,7.2040,4.6188,8.0747,10.2307,47201.3120,59.0829,NA,NA,NA,NA,NA,NA,NA,NA,NA,NA
397.897,7.2005,4.5679,8.0632,10.0747,51417.2160,73.2918,NA,NA,NA,NA,NA,NA,NA,NA,NA,NA
398.000,7.1950,4.4878,8.0507,9.9033,55668.2960,87.6192,NA,NA,NA,NA,NA,NA,NA,NA,NA,NA
398.152,7.1889,4.4002,8.0380,9.7300,55668.2960,87.6192,NA,NA,NA,NA,NA,NA,NA,NA,NA,NA
398.192,7.1798,4.2668,8.0256,9.5612,24773.7120,-16.5050,190867.0560,0.0000,NA,NA,NA,NA,NA,NA,NA,NA
398.293,7.1734,4.1750,8.0189,9.4696,49870.8240,68.0800,NA,NA,NA,NA,NA,NA,NA,NA,NA,NA
398.392,7.1532,3.8808,8.0048,9.2766,49870.8240,68.0800,NA,NA,NA,NA,NA,NA,NA,NA,NA,NA
398.479,7.1455,3.7697,7.9967,9.1658,26627.1860,-10.2582,NA,NA,NA,NA,NA,NA,NA,NA,NA,NA
398.581,7.1395,3.6816,7.9891,9.0624,29965.9020,0.9943,194991.6800,0.0000,NA,NA,NA,NA,NA,NA,NA,NA
398.688,7.1395,3.6816,7.9859,9.0184,62171.2560,109.5362,NA,NA,NA,NA,NA,NA,NA,NA,NA,NA
398.789,7.1300,3.5440,7.9790,8.9252,62171.2560,109.5362,NA,NA,NA,NA,NA,NA,NA,NA,NA,NA
398.883,7.1241,3.4593,7.9723,8.8328,27638.2680,-6.8506,NA,NA,NA,NA,NA,NA,NA,NA,NA,NA
398.981,7.1206,3.4074,7.9686,8.7826,25875.9080,-12.7903,NA,NA,NA,NA,NA,NA,NA,NA,NA,NA
399.093,7.1085,3.2314,7.9592,8.6542,49343.9360,66.3042,NA,NA,NA,NA,NA,NA,NA,NA,NA,NA
399.182,7.0755,2.7522,7.9558,8.6083,54956.5800,85.2205,NA,NA,NA,NA,NA,NA,NA,NA,NA,NA
399.288,7.0430,2.2803,7.9513,8.5464,57641.9400,94.2710,NA,NA,NA,NA,NA,NA,NA,NA,NA,NA
399.422,7.0099,1.8007,7.9485,8.5077,57641.9400,94.2710,NA,NA,NA,NA,NA,NA,NA,NA,NA,NA
399.472,6.9990,1.6411,7.9403,8.3965,25546.9640,-13.8989,NA,NA,NA,NA,NA,NA,NA,NA,NA,NA
399.578,6.9888,1.4932,7.9351,8.3250,26873.6120,-9.4277,NA,NA,NA,NA,NA,NA,NA,NA,NA,NA
399.674,6.9734,1.2705,7.9258,8.1983,28804.5000,-2.9200,NA,NA,NA,NA,NA,NA,NA,NA,NA,NA
399.771,6.9649,1.1463,7.9191,8.1067,28804.5000,-2.9200,NA,NA,NA,NA,NA,NA,NA,NA,NA,NA
399.889,6.9518,0.9558,7.9003,7.8507,23521.7380,-20.7245,NA,NA,NA,NA,NA,NA,NA,NA,NA,NA
399.962,6.9387,0.7663,7.8916,7.7309,26110.9820,-11.9980,NA,NA,NA,NA,NA,NA,NA,NA,NA,NA
400.065,6.9251,0.5680,7.8791,7.5605,49567.9360,67.0591,NA,NA,NA,NA,NA,NA,NA,NA,NA,NA
400.168,6.9077,0.3161,7.8704,7.4427,55338.2640,86.5069,NA,NA,NA,NA,NA,NA,NA,NA,NA,NA
400.253,6.8823,-0.0530,7.8649,7.3667,59494.7760,100.5156,NA,NA,NA,NA,NA,NA,NA,NA,NA,NA
400.355,6.8687,-0.2500,7.8613,7.3175,59494.7760,100.5156,NA,NA,NA,NA,NA,NA,NA,NA,NA,NA
400.449,6.8562,-0.4320,7.8513,7.1810,26673.0540,-10.1036,NA,NA,NA,NA,NA,NA,NA,NA,NA,NA
400.565,6.8501,-0.5211,7.8446,7.0895,28579.9260,-3.6769,NA,NA,NA,NA,NA,NA,NA,NA,NA,NA
400.671,6.8199,-0.9598,7.8365,6.9796,28579.9260,-3.6769,NA,NA,NA,NA,NA,NA,NA,NA,NA,NA
400.753,6.8056,-1.1668,7.8277,6.8597,21421.4800,-27.8030,NA,NA,NA,NA,NA,NA,NA,NA,NA,NA
400.852,6.8007,-1.2379,7.8145,6.6784,23342.9040,-21.3273,NA,NA,NA,NA,NA,NA,NA,NA,NA,NA
400.944,6.8007,-1.2379,7.8035,6.5281,25990.0560,-12.4055,NA,NA,NA,NA,NA,NA,NA,NA,NA,NA
401.044,6.7877,-1.4266,7.7950,6.4124,49445.6240,66.6469,NA,NA,NA,NA,NA,NA,NA,NA,NA,NA
401.171,6.7799,-1.5401,7.7894,6.3361,55787.9760,88.0226,NA,NA,NA,NA,NA,NA,NA,NA,NA,NA
401.234,6.7733,-1.6352,7.7777,6.1769,61383.2760,106.8805,NA,NA,NA,NA,NA,NA,NA,NA,NA,NA
401.375,6.7692,-1.6954,7.7731,6.1139,61383.2760,106.8805,NA,NA,NA,NA,NA,NA,NA,NA,NA,NA
401.428,6.7612,-1.8112,7.7689,6.0558,27426.3960,-7.5646,NA,NA,NA,NA,NA,NA,NA,NA,NA,NA
401.527,6.7543,-1.9116,7.7631,5.9767,29529.5060,-0.4765,NA,NA,NA,NA,NA,NA,NA,NA,NA,NA
401.642,6.7422,-2.0876,7.7486,5.7794,29529.5060,-0.4765,NA,NA,NA,NA,NA,NA,NA,NA,NA,NA
401.734,6.7409,-2.1067,7.7316,5.5477,21764.9780,-26.6454,NA,NA,NA,NA,NA,NA,NA,NA,NA,NA
401.827,6.7322,-2.2324,7.7167,5.3437,54479.0560,83.6111,NA,NA,NA,NA,NA,NA,NA,NA,NA,NA
401.926,6.7124,-2.5207,7.7079,5.2240,58533.8360,97.2770,NA,NA,NA,NA,NA,NA,NA,NA,NA,NA
402.021,6.7067,-2.6025,7.6923,5.0103,58533.8360,97.2770,NA,NA,NA,NA,NA,NA,NA,NA,NA,NA
402.130,6.6821,-2.9606,7.6836,4.8914,26324.8120,-11.2773,NA,NA,NA,NA,NA,NA,NA,NA,NA,NA
402.225,6.6764,-3.0429,7.6785,4.8218,28761.6560,-3.0644,NA,NA,NA,NA,NA,NA,NA,NA,NA,NA
402.360,6.6645,-3.2164,7.6739,4.7593,28761.6560,-3.0644,NA,NA,NA,NA,NA,NA,NA,NA,NA,NA
402.422,6.6426,-3.5343,7.6576,4.5371,23720.7960,-20.0536,NA,NA,NA,NA,NA,NA,NA,NA,NA,NA
402.515,6.6392,-3.5838,7.6479,4.4042,25483.5140,-14.1127,NA,NA,NA,NA,NA,NA,NA,NA,NA,NA
402.612,6.6304,-3.7112,7.6389,4.2813,48817.7280,64.5307,NA,NA,NA,NA,NA,NA,NA,NA,NA,NA
402.724,6.6240,-3.8038,7.6303,4.1649,51560.4960,73.7747,NA,NA,NA,NA,NA,NA,NA,NA,NA,NA
402.815,6.6172,-3.9033,7.6247,4.0880,55065.0680,85.5862,NA,NA,NA,NA,NA,NA,NA,NA,NA,NA
402.917,6.5940,-4.2390,7.6209,4.0363,55065.0680,85.5862,NA,NA,NA,NA,NA,NA,NA,NA,NA,NA
403.010,6.5667,-4.6358,7.6131,3.9297,25088.5080,-15.4440,NA,NA,NA,NA,NA,NA,NA,NA,NA,NA
403.109,6.5304,-5.1637,7.6074,3.8520,26519.7760,-10.6202,NA,NA,NA,NA,NA,NA,NA,NA,NA,NA
403.204,6.5199,-5.3155,7.5998,3.7476,29067.6220,-2.0332,NA,NA,NA,NA,NA,NA,NA,NA,NA,NA
403.309,6.5080,-5.4883,7.5844,3.5372,29067.6220,-2.0332,NA,NA,NA,NA,NA,NA,NA,NA,NA,NA
403.400,6.4900,-5.7495,7.5759,3.4222,23992.9680,-19.1363,NA,NA,NA,NA,NA,NA,NA,NA,NA,NA
403.527,6.4652,-6.1107,7.5693,3.3318,26027.7560,-12.2785,NA,NA,NA,NA,NA,NA,NA,NA,NA,NA
403.591,6.4371,-6.5186,7.5652,3.2761,50364.5360,69.7439,NA,NA,NA,NA,NA,NA,NA,NA,NA,NA
403.704,6.4099,-6.9129,7.5530,3.1085,53772.4440,81.2296,NA,NA,NA,NA,NA,NA,NA,NA,NA,NA
403.788,6.3815,-7.3254,7.5461,3.0153,56247.3560,89.5708,NA,NA,NA,NA,NA,NA,NA,NA,NA,NA
403.888,6.3664,-7.5456,7.5397,2.9277,56247.3560,89.5708,NA,NA,NA,NA,NA,NA,NA,NA,NA,NA
403.990,6.3571,-7.6807,7.5342,2.8526,25964.9400,-12.4902,NA,NA,NA,NA,NA,NA,NA,NA,NA,NA
404.131,6.3458,-7.8438,7.5295,2.7886,27436.6380,-7.5301,NA,NA,NA,NA,NA,NA,NA,NA,NA,NA
404.183,6.3356,-7.9918,7.5248,2.7242,27436.6380,-7.5301,NA,NA,NA,NA,NA,NA,NA,NA,NA,NA
404.290,6.3269,-8.1184,7.5164,2.6089,21771.7600,-26.6225,NA,NA,NA,NA,NA,NA,NA,NA,NA,NA
404.383,6.3213,-8.2006,7.5109,2.5351,52152.1840,75.7688,NA,NA,NA,NA,NA,NA,NA,NA,NA,NA
404.510,6.3053,-8.4325,7.5053,2.4574,55039.0600,85.4985,NA,NA,NA,NA,NA,NA,NA,NA,NA,NA
404.586,6.2728,-8.9036,7.4990,2.3722,55039.0600,85.4985,NA,NA,NA,NA,NA,NA,NA,NA,NA,NA
404.692,6.2518,-9.2091,7.4874,2.2142,26237.5960,-11.5713,194476.8480,0.0000,NA,NA,NA,NA,NA,NA,NA,NA
404.777,6.2420,-9.3510,7.4807,2.1223,51005.0360,71.9026,NA,NA,NA,NA,NA,NA,NA,NA,NA,NA
404.874,6.2256,-9.5903,7.4785,2.0920,51005.0360,71.9026,NA,NA,NA,NA,NA,NA,NA,NA,NA,NA
404.979,6.2162,-9.7256,7.4770,2.0715,27950.6160,-5.7979,188649.5200,0.0000,NA,NA,NA,NA,NA,NA,NA,NA
405.089,6.2016,-9.9383,7.4701,1.9771,58534.1640,97.2781,NA,NA,NA,NA,NA,NA,NA,NA,NA,NA
405.179,6.1857,-10.1698,7.4638,1.8913,58534.1640,97.2781,NA,NA,NA,NA,NA,NA,NA,NA,NA,NA
405.286,6.1765,-10.3024,7.4589,1.8251,25896.8820,-12.7196,NA,NA,NA,NA,NA,NA,NA,NA,NA,NA
405.400,6.1659,-10.4574,7.4558,1.7822,25896.8820,-12.7196,NA,NA,NA,NA,NA,NA,NA,NA,NA,NA
405.470,6.1518,-10.6615,7.4494,1.6954,26137.8320,-11.9075,NA,NA,NA,NA,NA,NA,NA,NA,NA,NA
405.572,6.1303,-10.9730,7.4415,1.5874,50007.8120,68.5417,NA,NA,NA,NA,NA,NA,NA,NA,NA,NA
405.674,6.1119,-11.2416,7.4343,1.4887,52542.7000,77.0850,NA,NA,NA,NA,NA,NA,NA,NA,NA,NA
405.766,6.0922,-11.5265,7.4311,1.4449,56444.3040,90.2346,NA,NA,NA,NA,NA,NA,NA,NA,NA,NA
405.876,6.0818,-11.6786,7.4091,1.1442,56444.3040,90.2346,NA,NA,NA,NA,NA,NA,NA,NA,NA,NA
405.968,6.0754,-11.7706,7.4016,1.0417,25685.2180,-13.4329,NA,NA,NA,NA,NA,NA,NA,NA,NA,NA
406.058,6.0732,-11.8034,7.3937,0.9339,27164.2540,-8.4481,NA,NA,NA,NA,NA,NA,NA,NA,NA,NA
406.160,6.0714,-11.8286,7.3911,0.8993,27164.2540,-8.4481,NA,NA,NA,NA,NA,NA,NA,NA,NA,NA
406.266,6.0702,-11.8462,7.3856,0.8245,22110.3180,-25.4815,NA,NA,NA,NA,NA,NA,NA,NA,NA,NA
406.360,6.0582,-12.0205,7.3807,0.7575,24362.7820,-17.8900,NA,NA,NA,NA,NA,NA,NA,NA,NA,NA
406.460,6.0546,-12.0732,7.3783,0.7237,26560.9300,-10.4815,NA,NA,NA,NA,NA,NA,NA,NA,NA,NA
406.564,6.0369,-12.3304,7.3711,0.6262,51547.2760,73.7301,NA,NA,NA,NA,NA,NA,NA,NA,NA,NA
406.647,6.0254,-12.4977,7.3671,0.5710,54940.1600,85.1652,NA,NA,NA,NA,NA,NA,NA,NA,NA,NA
406.748,6.0083,-12.7458,7.3630,0.5155,57747.5840,94.6271,NA,NA,NA,NA,NA,NA,NA,NA,NA,NA
406.852,6.0007,-12.8551,7.3620,0.5021,57747.5840,94.6271,NA,NA,NA,NA,NA,NA,NA,NA,NA,NA
406.950,5.9919,-12.9837,7.3550,0.4060,26694.4120,-10.0316,NA,NA,NA,NA,NA,NA,NA,NA,NA,NA
407.045,5.9870,-13.0551,7.3488,0.3221,28161.3620,-5.0876,NA,NA,NA,NA,NA,NA,NA,NA,NA,NA
407.150,5.9818,-13.1305,7.3452,0.2728,28161.3620,-5.0876,NA,NA,NA,NA,NA,NA,NA,NA,NA,NA
407.241,5.9795,-13.1643,7.3413,0.2184,22313.6200,-24.7963,NA,NA,NA,NA,NA,NA,NA,NA,NA,NA
407.332,5.9743,-13.2387,7.3299,0.0642,24666.2000,-16.8673,NA,NA,NA,NA,NA,NA,NA,NA,NA,NA
407.443,5.9739,-13.2453,7.3280,0.0376,46521.1360,56.7905,NA,NA,NA,NA,NA,NA,NA,NA,NA,NA
407.530,5.9604,-13.4412,7.3170,-0.1120,52225.1680,76.0148,NA,NA,NA,NA,NA,NA,NA,NA,NA,NA
407.628,5.9515,-13.5702,7.3126,-0.1733,56800.2920,91.4344,NA,NA,NA,NA,NA,NA,NA,NA,NA,NA
407.730,5.9377,-13.7703,7.2970,-0.3852,59541.3800,100.6727,NA,NA,NA,NA,NA,NA,NA,NA,NA,NA
407.829,5.9289,-13.8990,7.2914,-0.4620,59541.3800,100.6727,NA,NA,NA,NA,NA,NA,NA,NA,NA,NA
407.927,5.9166,-14.0769,7.2909,-0.4685,27692.7360,-6.6670,NA,NA,NA,NA,NA,NA,NA,NA,NA,NA
408.030,5.9095,-14.1800,7.2866,-0.5282,29194.7980,-1.6046,NA,NA,NA,NA,NA,NA,NA,NA,NA,NA
408.130,5.9005,-14.3113,7.2740,-0.6993,29194.7980,-1.6046,NA,NA,NA,NA,NA,NA,NA,NA,NA,NA
408.220,5.8920,-14.4348,7.2680,-0.7822,22575.0000,-23.9153,NA,NA,NA,NA,NA,NA,NA,NA,NA,NA
408.351,5.8811,-14.5921,7.2596,-0.8967,24921.9480,-16.0054,NA,NA,NA,NA,NA,NA,NA,NA,NA,NA
408.422,5.8732,-14.7081,7.2513,-1.0101,46816.0880,57.7846,NA,NA,NA,NA,NA,NA,NA,NA,NA,NA
408.526,5.8599,-14.9012,7.2443,-1.1052,53112.4840,79.0053,NA,NA,NA,NA,NA,NA,NA,NA,NA,NA
408.613,5.8523,-15.0109,7.2421,-1.1349,53112.4840,79.0053,NA,NA,NA,NA,NA,NA,NA,NA,NA,NA
408.724,5.8478,-15.0761,7.2335,-1.2522,31729.5600,6.9383,NA,NA,NA,NA,NA,NA,NA,NA,NA,NA
408.820,5.8469,-15.0892,7.2279,-1.3287,31729.5600,6.9383,NA,NA,NA,NA,NA,NA,NA,NA,NA,NA
408.910,5.8416,-15.1658,7.2241,-1.3804,24157.6040,-18.5815,NA,NA,NA,NA,NA,NA,NA,NA,NA,NA
409.021,5.8389,-15.2050,7.2199,-1.4379,25785.3220,-13.0956,NA,NA,NA,NA,NA,NA,NA,NA,NA,NA
409.106,5.8281,-15.3627,7.2170,-1.4783,47698.8640,60.7598,NA,NA,NA,NA,NA,NA,NA,NA,NA,NA
409.209,5.8239,-15.4240,7.2128,-1.5346,51636.7400,74.0316,NA,NA,NA,NA,NA,NA,NA,NA,NA,NA
409.311,5.8202,-15.4771,7.2064,-1.6230,55937.7040,88.5272,NA,NA,NA,NA,NA,NA,NA,NA,NA,NA
409.400,5.8178,-15.5119,7.1903,-1.8417,55937.7040,88.5272,NA,NA,NA,NA,NA,NA,NA,NA,NA,NA
409.504,5.8161,-15.5366,7.1818,-1.9582,24889.6680,-16.1142,NA,NA,NA,NA,NA,NA,NA,NA,NA,NA
409.596,5.8107,-15.6151,7.1778,-2.0133,27175.9100,-8.4089,NA,NA,NA,NA,NA,NA,NA,NA,NA,NA
409.697,5.8063,-15.6792,7.1736,-2.0701,27175.9100,-8.4089,NA,NA,NA,NA,NA,NA,NA,NA,NA,NA
409.794,5.8005,-15.7635,7.1686,-2.1382,22625.1920,-23.7462,NA,NA,NA,NA,NA,NA,NA,NA,NA,NA
409.897,5.7985,-15.7919,7.1649,-2.1895,24462.4860,-17.5539,NA,NA,NA,NA,NA,NA,NA,NA,NA,NA
409.995,5.7955,-15.8354,7.1592,-2.2675,26139.0920,-11.9032,NA,NA,NA,NA,NA,NA,NA,NA,NA,NA
410.089,5.7894,-15.9250,7.1573,-2.2922,49837.2560,67.9668,NA,NA,NA,NA,NA,NA,NA,NA,NA,NA
410.186,5.7766,-16.1097,7.1516,-2.3700,52774.4360,77.8660,NA,NA,NA,NA,NA,NA,NA,NA,NA,NA
410.287,5.7693,-16.2167,7.1485,-2.4122,57440.0000,93.5904,NA,NA,NA,NA,NA,NA,NA,NA,NA,NA
410.451,5.7603,-16.3465,7.1456,-2.4520,57440.0000,93.5904,NA,NA,NA,NA,NA,NA,NA,NA,NA,NA
410.537,5.7564,-16.4030,7.1411,-2.5143,25867.1340,-12.8198,NA,NA,NA,NA,NA,NA,NA,NA,NA,NA
410.579,5.7546,-16.4291,7.1398,-2.5322,27695.4080,-6.6580,NA,NA,NA,NA,NA,NA,NA,NA,NA,NA
410.711,5.7506,-16.4877,7.1324,-2.6327,27695.4080,-6.6580,NA,NA,NA,NA,NA,NA,NA,NA,NA,NA
410.771,5.7486,-16.5162,7.1324,-2.6327,22928.2820,-22.7247,NA,NA,NA,NA,NA,NA,NA,NA,NA,NA
410.887,5.7486,-16.5162,7.1296,-2.6714,24977.6880,-15.8175,NA,NA,NA,NA,NA,NA,NA,NA,NA,NA
410.968,5.7445,-16.5765,7.1249,-2.7354,47762.7840,60.9752,NA,NA,NA,NA,NA,NA,NA,NA,NA,NA
411.064,5.7390,-16.6558,7.1223,-2.7707,51542.9200,73.7154,NA,NA,NA,NA,NA,NA,NA,NA,NA,NA
411.171,5.7305,-16.7791,7.1190,-2.8158,54019.4880,82.0622,NA,NA,NA,NA,NA,NA,NA,NA,NA,NA
411.260,5.7271,-16.8293,7.1174,-2.8381,58498.5440,97.1580,NA,NA,NA,NA,NA,NA,NA,NA,NA,NA
411.375,5.7194,-16.9406,7.1080,-2.9658,58498.5440,97.1580,NA,NA,NA,NA,NA,NA,NA,NA,NA,NA
411.474,5.7158,-16.9927,7.1044,-3.0152,26840.0000,-9.5410,NA,NA,NA,NA,NA,NA,NA,NA,NA,NA
411.565,5.7114,-17.0574,7.1044,-3.0152,25412.0120,-14.3537,NA,NA,NA,NA,NA,NA,NA,NA,NA,NA
411.675,5.7106,-17.0682,7.1027,-3.0382,46177.5040,55.6323,NA,NA,NA,NA,NA,NA,NA,NA,NA,NA
411.764,5.7048,-17.1523,7.1027,-3.0382,49846.2080,67.9970,NA,NA,NA,NA,NA,NA,NA,NA,NA,NA
411.903,5.7012,-17.2051,7.0989,-3.0907,52967.4880,78.5167,NA,NA,NA,NA,NA,NA,NA,NA,NA,NA
411.961,5.6998,-17.2250,7.0894,-3.2199,52967.4880,78.5167,NA,NA,NA,NA,NA,NA,NA,NA,NA,NA
412.064,5.6998,-17.2250,7.0865,-3.2595,24506.9240,-17.4042,NA,NA,NA,NA,NA,NA,NA,NA,NA,NA
412.163,5.6988,-17.2396,7.0851,-3.2788,28451.6120,-4.1093,195788.0800,0.0000,NA,NA,NA,NA,NA,NA,NA,NA
412.253,5.6988,-17.2396,7.0782,-3.3731,55435.0960,86.8333,NA,NA,NA,NA,NA,NA,NA,NA,NA,NA
412.356,5.6970,-17.2659,7.0742,-3.4278,55435.0960,86.8333,NA,NA,NA,NA,NA,NA,NA,NA,NA,NA
412.449,5.6988,-17.2400,7.0716,-3.4634,29182.4880,-1.6461,187450.6560,0.0000,NA,NA,NA,NA,NA,NA,NA,NA
412.549,5.6988,-17.2400,7.0668,-3.5282,62102.2840,109.3037,NA,NA,NA,NA,NA,NA,NA,NA,NA,NA
412.655,5.6980,-17.2517,7.0623,-3.5896,62102.2840,109.3037,NA,NA,NA,NA,NA,NA,NA,NA,NA,NA
412.754,5.6997,-17.2263,7.0535,-3.7095,26766.9800,-9.7871,NA,NA,NA,NA,NA,NA,NA,NA,NA,NA
412.859,5.7011,-17.2073,7.0500,-3.7578,25327.9860,-14.6369,NA,NA,NA,NA,NA,NA,NA,NA,NA,NA
412.955,5.7011,-17.2073,7.0484,-3.7796,47672.0840,60.6695,NA,NA,NA,NA,NA,NA,NA,NA,NA,NA
413.049,5.6927,-17.3287,7.0403,-3.8896,50762.4200,71.0849,NA,NA,NA,NA,NA,NA,NA,NA,NA,NA
413.197,5.6869,-17.4125,7.0402,-3.8920,53953.6200,81.8402,NA,NA,NA,NA,NA,NA,NA,NA,NA,NA
413.249,5.6797,-17.5180,7.0400,-3.8946,58645.9840,97.6549,NA,NA,NA,NA,NA,NA,NA,NA,NA,NA
413.339,5.6770,-17.5566,7.0359,-3.9499,58645.9840,97.6549,NA,NA,NA,NA,NA,NA,NA,NA,NA,NA
413.443,5.6658,-17.7198,7.0249,-4.1009,26552.3540,-10.5104,NA,NA,NA,NA,NA,NA,NA,NA,NA,NA
413.536,5.6658,-17.7198,7.0181,-4.1923,28591.0520,-3.6394,NA,NA,NA,NA,NA,NA,NA,NA,NA,NA
413.678,5.6653,-17.7260,7.0148,-4.2376,28591.0520,-3.6394,NA,NA,NA,NA,NA,NA,NA,NA,NA,NA
413.732,5.6653,-17.7260,7.0080,-4.3303,23500.1080,-20.7974,NA,NA,NA,NA,NA,NA,NA,NA,NA,NA
413.828,5.6606,-17.7953,7.0015,-4.4193,25546.8860,-13.8992,NA,NA,NA,NA,NA,NA,NA,NA,NA,NA
413.930,5.6572,-17.8445,6.9984,-4.4620,49014.5680,65.1941,NA,NA,NA,NA,NA,NA,NA,NA,NA,NA
414.026,5.6479,-17.9799,6.9961,-4.4940,52761.9400,77.8239,NA,NA,NA,NA,NA,NA,NA,NA,NA,NA
414.132,5.6430,-18.0501,6.9867,-4.6212,55256.1480,86.2302,NA,NA,NA,NA,NA,NA,NA,NA,NA,NA
414.226,5.6341,-18.1794,6.9867,-4.6221,55256.1480,86.2302,NA,NA,NA,NA,NA,NA,NA,NA,NA,NA
414.380,5.6328,-18.1979,6.9855,-4.6378,25400.2840,-14.3933,NA,NA,NA,NA,NA,NA,NA,NA,NA,NA
414.448,5.6306,-18.2312,6.9813,-4.6950,26870.0260,-9.4398,NA,NA,NA,NA,NA,NA,NA,NA,NA,NA
414.514,5.6234,-18.3352,6.9804,-4.7072,29008.3720,-2.2329,NA,NA,NA,NA,NA,NA,NA,NA,NA,NA
414.612,5.6251,-18.3102,6.9788,-4.7300,29008.3720,-2.2329,NA,NA,NA,NA,NA,NA,NA,NA,NA,NA
414.711,5.6253,-18.3079,6.9758,-4.7704,23794.1940,-19.8063,NA,NA,NA,NA,NA,NA,NA,NA,NA,NA
414.808,5.6253,-18.3079,6.9701,-4.8480,25986.0160,-12.4192,NA,NA,NA,NA,NA,NA,NA,NA,NA,NA
414.931,5.6227,-18.3446,6.9669,-4.8922,49917.6160,68.2377,NA,NA,NA,NA,NA,NA,NA,NA,NA,NA
415.003,5.6204,-18.3792,6.9672,-4.8876,54486.3400,83.6357,NA,NA,NA,NA,NA,NA,NA,NA,NA,NA
415.107,5.6177,-18.4179,6.9672,-4.8876,57280.8040,93.0539,NA,NA,NA,NA,NA,NA,NA,NA,NA,NA
415.203,5.6163,-18.4378,6.9652,-4.9147,57280.8040,93.0539,NA,NA,NA,NA,NA,NA,NA,NA,NA,NA
415.309,5.6163,-18.4378,6.9615,-4.9654,26284.5940,-11.4129,NA,NA,NA,NA,NA,NA,NA,NA,NA,NA
415.409,5.6183,-18.4088,6.9586,-5.0056,26284.5940,-11.4129,NA,NA,NA,NA,NA,NA,NA,NA,NA,NA
415.569,5.6183,-18.4088,6.9554,-5.0493,26388.9700,-11.0611,NA,NA,NA,NA,NA,NA,NA,NA,NA,NA
415.604,5.6151,-18.4562,6.9546,-5.0601,48383.4240,63.0670,NA,NA,NA,NA,NA,NA,NA,NA,NA,NA
415.719,5.6112,-18.5123,6.9515,-5.1025,52184.5200,75.8778,NA,NA,NA,NA,NA,NA,NA,NA,NA,NA
415.799,5.6110,-18.5154,6.9464,-5.1720,55675.3640,87.6430,NA,NA,NA,NA,NA,NA,NA,NA,NA,NA
415.908,5.6076,-18.5643,6.9416,-5.2378,55675.3640,87.6430,NA,NA,NA,NA,NA,NA,NA,NA,NA,NA
415.991,5.6069,-18.5753,6.9369,-5.3022,25691.6520,-13.4113,188549.1680,0.0000,NA,NA,NA,NA,NA,NA,NA,NA
416.093,5.6028,-18.6340,6.9342,-5.3388,50484.0880,70.1468,NA,NA,NA,NA,NA,NA,NA,NA,NA,NA
416.187,5.6026,-18.6376,6.9314,-5.3772,50484.0880,70.1468,NA,NA,NA,NA,NA,NA,NA,NA,NA,NA
416.286,5.6026,-18.6376,6.9280,-5.4234,27809.4560,-6.2736,186844.5920,0.0000,NA,NA,NA,NA,NA,NA,NA,NA
416.387,5.6010,-18.6600,6.9258,-5.4527,57445.6160,93.6093,NA,NA,NA,NA,NA,NA,NA,NA,NA,NA
416.488,5.5960,-18.7330,6.9207,-5.5231,57445.6160,93.6093,NA,NA,NA,NA,NA,NA,NA,NA,NA,NA
416.592,5.5960,-18.7330,6.9088,-5.6858,25980.0160,-12.4394,NA,NA,NA,NA,NA,NA,NA,NA,NA,NA
416.721,5.5962,-18.7307,6.9042,-5.7477,25980.0160,-12.4394,NA,NA,NA,NA,NA,NA,NA,NA,NA,NA
416.784,5.5962,-18.7307,6.8963,-5.8556,26280.5640,-11.4264,NA,NA,NA,NA,NA,NA,NA,NA,NA,NA
416.886,5.5907,-18.8104,6.8903,-5.9373,50267.9400,69.4184,NA,NA,NA,NA,NA,NA,NA,NA,NA,NA
416.981,5.5827,-18.9257,6.8894,-5.9493,53786.1840,81.2759,NA,NA,NA,NA,NA,NA,NA,NA,NA,NA
417.087,5.5773,-19.0044,6.8894,-5.9493,56675.6400,91.0143,NA,NA,NA,NA,NA,NA,NA,NA,NA,NA
417.228,5.5758,-19.0259,6.8855,-6.0026,56675.6400,91.0143,NA,NA,NA,NA,NA,NA,NA,NA,NA,NA
417.351,5.5752,-19.0351,6.8778,-6.1077,26025.9940,-12.2844,NA,NA,NA,NA,NA,NA,NA,NA,NA,NA
417.387,5.5732,-19.0645,6.8760,-6.1335,27525.7660,-7.2297,NA,NA,NA,NA,NA,NA,NA,NA,NA,NA
417.482,5.5720,-19.0811,6.8668,-6.2580,27525.7660,-7.2297,NA,NA,NA,NA,NA,NA,NA,NA,NA,NA
417.575,5.5739,-19.0537,6.8626,-6.3154,21835.1940,-26.4087,NA,NA,NA,NA,NA,NA,NA,NA,NA,NA
417.666,5.5749,-19.0387,6.8619,-6.3251,24220.9380,-18.3680,NA,NA,NA,NA,NA,NA,NA,NA,NA,NA
417.765,5.5749,-19.0387,6.8498,-6.4902,26555.5840,-10.4995,NA,NA,NA,NA,NA,NA,NA,NA,NA,NA
417.872,5.5707,-19.0999,6.8489,-6.5028,51314.2480,72.9447,NA,NA,NA,NA,NA,NA,NA,NA,NA,NA
417.962,5.5685,-19.1325,6.8444,-6.5638,55682.4400,87.6669,NA,NA,NA,NA,NA,NA,NA,NA,NA,NA
418.083,5.5658,-19.1711,6.8414,-6.6050,58174.7840,96.0669,NA,NA,NA,NA,NA,NA,NA,NA,NA,NA
418.160,5.5631,-19.2104,6.8409,-6.6120,58174.7840,96.0669,NA,NA,NA,NA,NA,NA,NA,NA,NA,NA
418.259,5.5614,-19.2351,6.8387,-6.6418,26942.0320,-9.1971,NA,NA,NA,NA,NA,NA,NA,NA,NA,NA
418.353,5.5569,-19.3009,6.8380,-6.6514,28463.2660,-4.0701,NA,NA,NA,NA,NA,NA,NA,NA,NA,NA
418.454,5.5524,-19.3656,6.8351,-6.6915,28463.2660,-4.0701,NA,NA,NA,NA,NA,NA,NA,NA,NA,NA
418.549,5.5517,-19.3770,6.8332,-6.7172,22151.0300,-25.3442,NA,NA,NA,NA,NA,NA,NA,NA,NA,NA
418.646,5.5491,-19.4147,6.8334,-6.7146,24485.7140,-17.4756,NA,NA,NA,NA,NA,NA,NA,NA,NA,NA
418.743,5.5487,-19.4192,6.8334,-6.7146,45861.5040,54.5673,NA,NA,NA,NA,NA,NA,NA,NA,NA,NA
418.843,5.5454,-19.4683,6.8303,-6.7565,51920.9760,74.9896,NA,NA,NA,NA,NA,NA,NA,NA,NA,NA
418.948,5.5445,-19.4810,6.8285,-6.7811,57178.3200,92.7085,NA,NA,NA,NA,NA,NA,NA,NA,NA,NA
419.091,5.5411,-19.5308,6.8259,-6.8171,60479.9320,103.8359,NA,NA,NA,NA,NA,NA,NA,NA,NA,NA
419.134,5.5384,-19.5691,6.8250,-6.8293,60479.9320,103.8359,NA,NA,NA,NA,NA,NA,NA,NA,NA,NA
419.239,5.5369,-19.5911,6.8217,-6.8747,27854.5860,-6.1215,NA,NA,NA,NA,NA,NA,NA,NA,NA,NA
419.334,5.5352,-19.6157,6.8197,-6.9014,29444.8280,-0.7619,NA,NA,NA,NA,NA,NA,NA,NA,NA,NA
419.441,5.5352,-19.6157,6.8151,-6.9641,29444.8280,-0.7619,NA,NA,NA,NA,NA,NA,NA,NA,NA,NA
419.537,5.5339,-19.6346,6.8142,-6.9770,50960.2000,71.7515,NA,NA,NA,NA,NA,NA,NA,NA,NA,NA
419.673,5.5310,-19.6763,6.8115,-7.0128,54714.6600,84.4052,NA,NA,NA,NA,NA,NA,NA,NA,NA,NA
419.775,5.5304,-19.6864,6.8062,-7.0858,54714.6600,84.4052,NA,NA,NA,NA,NA,NA,NA,NA,NA,NA
419.839,5.5302,-19.6890,6.8040,-7.1156,24207.4360,-18.4135,NA,NA,NA,NA,NA,NA,NA,NA,NA,NA
419.932,5.5265,-19.7417,6.8037,-7.1196,26623.9600,-10.2691,193956.3520,0.0000,NA,NA,NA,NA,NA,NA,NA,NA
420.041,5.5265,-19.7417,6.7963,-7.2206,52797.4360,77.9435,NA,NA,NA,NA,NA,NA,NA,NA,NA,NA
420.123,5.5253,-19.7604,6.7943,-7.2486,52797.4360,77.9435,NA,NA,NA,NA,NA,NA,NA,NA,NA,NA
420.289,5.5209,-19.8235,6.7867,-7.3518,29349.9900,-1.0815,191908.2240,0.0000,NA,NA,NA,NA,NA,NA,NA,NA
420.324,5.5204,-19.8312,6.7836,-7.3938,59830.7120,101.6478,NA,NA,NA,NA,NA,NA,NA,NA,NA,NA
420.484,5.5185,-19.8584,6.7816,-7.4220,59830.7120,101.6478,NA,NA,NA,NA,NA,NA,NA,NA,NA,NA
420.568,5.5190,-19.8510,6.7808,-7.4332,26993.2780,-9.0244,NA,NA,NA,NA,NA,NA,NA,NA,NA,NA
420.654,5.5190,-19.8510,6.7778,-7.4734,25113.2020,-15.3608,NA,NA,NA,NA,NA,NA,NA,NA,NA,NA
420.744,5.5177,-19.8703,6.7757,-7.5015,47163.5760,58.9557,NA,NA,NA,NA,NA,NA,NA,NA,NA,NA
420.827,5.5108,-19.9707,6.7707,-7.5708,52284.6840,76.2154,NA,NA,NA,NA,NA,NA,NA,NA,NA,NA
420.942,5.5077,-20.0153,6.7719,-7.5538,56375.9680,90.0043,NA,NA,NA,NA,NA,NA,NA,NA,NA,NA
421.019,5.5057,-20.0449,6.7719,-7.5538,59132.7680,99.2956,NA,NA,NA,NA,NA,NA,NA,NA,NA,NA
421.116,5.5057,-20.0449,6.7716,-7.5586,59132.7680,99.2956,NA,NA,NA,NA,NA,NA,NA,NA,NA,NA
421.214,5.4992,-20.1394,6.7666,-7.6269,27589.7000,-7.0143,NA,NA,NA,NA,NA,NA,NA,NA,NA,NA
421.312,5.4967,-20.1754,6.7609,-7.7046,29130.1100,-1.8226,NA,NA,NA,NA,NA,NA,NA,NA,NA,NA
421.411,5.4971,-20.1688,6.7577,-7.7479,29130.1100,-1.8226,NA,NA,NA,NA,NA,NA,NA,NA,NA,NA
421.507,5.4982,-20.1532,6.7553,-7.7811,22790.8980,-23.1877,NA,NA,NA,NA,NA,NA,NA,NA,NA,NA
421.610,5.4982,-20.1532,6.7507,-7.8433,25167.2400,-15.1787,NA,NA,NA,NA,NA,NA,NA,NA,NA,NA
421.703,5.4941,-20.2130,6.7505,-7.8459,47550.8600,60.2610,NA,NA,NA,NA,NA,NA,NA,NA,NA,NA
421.803,5.4902,-20.2690,6.7455,-7.9150,53515.4280,80.3634,NA,NA,NA,NA,NA,NA,NA,NA,NA,NA
421.901,5.4879,-20.3024,6.7478,-7.8827,58009.0440,95.5083,NA,NA,NA,NA,NA,NA,NA,NA,NA,NA
422.002,5.4863,-20.3256,6.7491,-7.8657,58009.0440,95.5083,NA,NA,NA,NA,NA,NA,NA,NA,NA,NA
422.094,5.4808,-20.4059,6.7491,-7.8657,25974.0060,-12.4596,NA,NA,NA,NA,NA,NA,NA,NA,NA,NA
422.191,5.4869,-20.3173,6.7474,-7.8882,27947.4260,-5.8086,NA,NA,NA,NA,NA,NA,NA,NA,NA,NA
422.296,5.4869,-20.3173,6.7433,-7.9449,29844.0420,0.5836,NA,NA,NA,NA,NA,NA,NA,NA,NA,NA
422.393,5.4833,-20.3701,6.7431,-7.9472,29844.0420,0.5836,NA,NA,NA,NA,NA,NA,NA,NA,NA,NA
422.489,5.4833,-20.3701,6.7406,-7.9815,23103.7660,-22.1332,NA,NA,NA,NA,NA,NA,NA,NA,NA,NA
422.586,5.4824,-20.3830,6.7406,-7.9815,25506.4120,-14.0356,NA,NA,NA,NA,NA,NA,NA,NA,NA,NA
422.714,5.4805,-20.4099,6.7393,-7.9990,48151.8360,62.2864,NA,NA,NA,NA,NA,NA,NA,NA,NA,NA
422.785,5.4741,-20.5038,6.7379,-8.0181,54274.6520,82.9222,NA,NA,NA,NA,NA,NA,NA,NA,NA,NA
422.892,5.4721,-20.5319,6.7390,-8.0030,59769.0880,101.4401,NA,NA,NA,NA,NA,NA,NA,NA,NA,NA
422.980,5.4750,-20.4908,6.7406,-7.9811,59769.0880,101.4401,NA,NA,NA,NA,NA,NA,NA,NA,NA,NA
423.086,5.4750,-20.4908,6.7416,-7.9677,26662.2240,-10.1401,NA,NA,NA,NA,NA,NA,NA,NA,NA,NA
423.183,5.4758,-20.4791,6.7416,-7.9677,26662.2240,-10.1401,NA,NA,NA,NA,NA,NA,NA,NA,NA,NA
423.307,5.4758,-20.4791,6.7410,-7.9756,26477.9280,-10.7613,NA,NA,NA,NA,NA,NA,NA,NA,NA,NA
423.382,5.4732,-20.5160,6.7420,-7.9615,48386.7120,63.0780,NA,NA,NA,NA,NA,NA,NA,NA,NA,NA
423.475,5.4693,-20.5728,6.7420,-7.9615,52719.8080,77.6819,NA,NA,NA,NA,NA,NA,NA,NA,NA,NA
423.575,5.4653,-20.6308,6.7407,-7.9802,57012.9760,92.1512,NA,NA,NA,NA,NA,NA,NA,NA,NA,NA
423.673,5.4631,-20.6626,6.7384,-8.0113,57012.9760,92.1512,NA,NA,NA,NA,NA,NA,NA,NA,NA,NA
423.771,5.4601,-20.7060,6.7384,-8.0113,25567.0820,-13.8311,190215.9840,0.0000,NA,NA,NA,NA,NA,NA,NA,NA
423.872,5.4598,-20.7110,6.7357,-8.0487,51446.8480,73.3916,NA,NA,NA,NA,NA,NA,NA,NA,NA,NA
423.969,5.4574,-20.7463,6.7316,-8.1043,51446.8480,73.3916,NA,NA,NA,NA,NA,NA,NA,NA,NA,NA
424.064,5.4572,-20.7494,6.7296,-8.1315,27239.2540,-8.1954,188488.4640,0.0000,NA,NA,NA,NA,NA,NA,NA,NA
424.169,5.4568,-20.7547,6.7287,-8.1432,54496.6920,83.6706,NA,NA,NA,NA,NA,NA,NA,NA,NA,NA
424.266,5.4553,-20.7756,6.7264,-8.1755,54496.6920,83.6706,NA,NA,NA,NA,NA,NA,NA,NA,NA,NA
424.374,5.4553,-20.7756,6.7236,-8.2135,26159.8320,-11.8333,NA,NA,NA,NA,NA,NA,NA,NA,NA,NA
424.467,5.4539,-20.7969,6.7230,-8.2220,26159.8320,-11.8333,NA,NA,NA,NA,NA,NA,NA,NA,NA,NA
424.598,5.4509,-20.8396,6.7230,-8.2220,26185.8280,-11.7457,NA,NA,NA,NA,NA,NA,NA,NA,NA,NA
424.664,5.4493,-20.8640,6.7180,-8.2893,49668.4960,67.3981,NA,NA,NA,NA,NA,NA,NA,NA,NA,NA
424.762,5.4493,-20.8640,6.7180,-8.2893,54938.5360,85.1597,NA,NA,NA,NA,NA,NA,NA,NA,NA,NA
424.859,5.4458,-20.9140,6.7186,-8.2814,58717.8400,97.8971,NA,NA,NA,NA,NA,NA,NA,NA,NA,NA
424.957,5.4438,-20.9426,6.7186,-8.2814,58717.8400,97.8971,NA,NA,NA,NA,NA,NA,NA,NA,NA,NA
425.056,5.4442,-20.9380,6.7091,-8.4115,26623.3700,-10.2711,NA,NA,NA,NA,NA,NA,NA,NA,NA,NA
425.163,5.4442,-20.9380,6.7056,-8.4586,28271.8440,-4.7152,NA,NA,NA,NA,NA,NA,NA,NA,NA,NA
425.251,5.4446,-20.9320,6.7046,-8.4729,28271.8440,-4.7152,NA,NA,NA,NA,NA,NA,NA,NA,NA,NA
425.348,5.4446,-20.9320,6.7052,-8.4650,21527.6760,-27.4451,NA,NA,NA,NA,NA,NA,NA,NA,NA,NA
425.455,5.4415,-20.9774,6.7052,-8.4650,23623.2600,-20.3824,NA,NA,NA,NA,NA,NA,NA,NA,NA,NA
425.549,5.4399,-20.9994,6.7024,-8.5025,26291.7860,-11.3886,NA,NA,NA,NA,NA,NA,NA,NA,NA,NA
425.643,5.4283,-21.1686,6.7006,-8.5272,50323.3200,69.6050,NA,NA,NA,NA,NA,NA,NA,NA,NA,NA
425.819,5.4230,-21.2455,6.7042,-8.4777,56148.7080,89.2384,NA,NA,NA,NA,NA,NA,NA,NA,NA,NA
425.839,5.4206,-21.2804,6.7066,-8.4449,60527.1080,103.9949,NA,NA,NA,NA,NA,NA,NA,NA,NA,NA
425.940,5.4243,-21.2266,6.7100,-8.3997,60527.1080,103.9949,NA,NA,NA,NA,NA,NA,NA,NA,NA,NA
426.037,5.4253,-21.2121,6.7100,-8.3997,27344.4920,-7.8407,NA,NA,NA,NA,NA,NA,NA,NA,NA,NA
426.140,5.4255,-21.2086,6.6967,-8.5809,29100.8600,-1.9212,NA,NA,NA,NA,NA,NA,NA,NA,NA,NA
426.232,5.4257,-21.2060,6.6923,-8.6410,29100.8600,-1.9212,NA,NA,NA,NA,NA,NA,NA,NA,NA,NA
426.367,5.4257,-21.2060,6.6895,-8.6795,21850.2940,-26.3578,NA,NA,NA,NA,NA,NA,NA,NA,NA,NA
426.435,5.4237,-21.2350,6.6803,-8.8038,23964.0400,-19.2338,NA,NA,NA,NA,NA,NA,NA,NA,NA,NA
426.525,5.4230,-21.2460,6.6758,-8.8657,44477.9760,49.9044,NA,NA,NA,NA,NA,NA,NA,NA,NA,NA
426.631,5.4140,-21.3753,6.6684,-8.9669,50804.1280,71.2255,NA,NA,NA,NA,NA,NA,NA,NA,NA,NA
426.729,5.4115,-21.4118,6.6843,-8.7497,57239.7840,92.9156,NA,NA,NA,NA,NA,NA,NA,NA,NA,NA
426.820,5.5212,-19.8194,6.7928,-7.2693,62314.9960,110.0206,NA,NA,NA,NA,NA,NA,NA,NA,NA,NA
426.989,5.6894,-17.3773,6.9267,-5.4402,62314.9960,110.0206,NA,NA,NA,NA,NA,NA,NA,NA,NA,NA
427.016,5.8135,-15.5737,7.0881,-3.2376,28103.0900,-5.2840,NA,NA,NA,NA,NA,NA,NA,NA,NA,NA
427.115,5.9176,-14.0625,7.1983,-1.7336,30095.3860,1.4307,NA,NA,NA,NA,NA,NA,NA,NA,NA,NA
427.219,5.9620,-13.4181,7.2668,-0.7982,30095.3860,1.4307,NA,NA,NA,NA,NA,NA,NA,NA,NA,NA
427.318,5.9776,-13.1913,7.2987,-0.3624,50845.8880,71.3662,NA,NA,NA,NA,NA,NA,NA,NA,NA,NA
427.416,5.9821,-13.1256,7.3106,-0.1998,54961.6000,85.2374,NA,NA,NA,NA,NA,NA,NA,NA,NA,NA
427.565,5.9821,-13.1256,7.3161,-0.1249,54961.6000,85.2374,NA,NA,NA,NA,NA,NA,NA,NA,NA,NA
427.611,5.9821,-13.1264,7.3194,-0.0796,24591.4860,-17.1192,NA,NA,NA,NA,NA,NA,NA,NA,NA,NA
427.710,5.9748,-13.2316,7.3234,-0.0250,26493.3120,-10.7094,194428.0960,0.0000,NA,NA,NA,NA,NA,NA,NA,NA
427.805,5.9732,-13.2557,7.3326,0.1000,52944.3520,78.4387,NA,NA,NA,NA,NA,NA,NA,NA,NA,NA
427.904,5.9732,-13.2557,7.3532,0.3820,52944.3520,78.4387,NA,NA,NA,NA,NA,NA,NA,NA,NA,NA
428.002,6.0162,-12.6312,7.4259,1.3734,29066.0960,-2.0383,194677.4560,0.0000,NA,NA,NA,NA,NA,NA,NA,NA
428.110,6.0840,-11.6467,7.5075,2.4875,58319.3920,96.5542,NA,NA,NA,NA,NA,NA,NA,NA,NA,NA
428.207,6.1717,-10.3728,7.6016,3.7728,58319.3920,96.5542,NA,NA,NA,NA,NA,NA,NA,NA,NA,NA
428.307,6.2971,-8.5510,7.7004,5.1218,27319.1580,-7.9261,NA,NA,NA,NA,NA,NA,NA,NA,NA,NA
428.409,6.3435,-7.8775,7.7918,6.3684,24914.6000,-16.0302,NA,NA,NA,NA,NA,NA,NA,NA,NA,NA
428.511,6.4074,-6.9497,7.8344,6.9500,46353.6480,56.2260,NA,NA,NA,NA,NA,NA,NA,NA,NA,NA
428.619,6.4671,-6.0824,7.8635,7.3485,52260.7120,76.1346,NA,NA,NA,NA,NA,NA,NA,NA,NA,NA
428.803,6.5001,-5.6036,7.8830,7.6147,56991.8680,92.0801,NA,NA,NA,NA,NA,NA,NA,NA,NA,NA
428.821,6.5319,-5.1422,7.8927,7.7468,59806.0800,101.5648,NA,NA,NA,NA,NA,NA,NA,NA,NA,NA
428.893,6.5559,-4.7923,7.8935,7.7572,59806.0800,101.5648,NA,NA,NA,NA,NA,NA,NA,NA,NA,NA
428.995,6.5755,-4.5085,7.8935,7.7572,27839.3200,-6.1730,NA,NA,NA,NA,NA,NA,NA,NA,NA,NA
429.091,6.6169,-3.9077,7.8838,7.6247,29338.4600,-1.1204,NA,NA,NA,NA,NA,NA,NA,NA,NA,NA
429.189,6.6553,-3.3491,7.8838,7.6247,29338.4600,-1.1204,NA,NA,NA,NA,NA,NA,NA,NA,NA,NA
429.315,6.6812,-2.9737,7.8806,7.5815,22657.3820,-23.6377,NA,NA,NA,NA,NA,NA,NA,NA,NA,NA
429.380,6.6932,-2.7986,7.8818,7.5975,24980.2840,-15.8088,NA,NA,NA,NA,NA,NA,NA,NA,NA,NA
429.481,6.7112,-2.5383,7.9136,8.0321,47053.1440,58.5835,NA,NA,NA,NA,NA,NA,NA,NA,NA,NA
429.589,6.7175,-2.4465,7.9297,8.2518,53180.5760,79.2348,NA,NA,NA,NA,NA,NA,NA,NA,NA,NA
429.676,6.7289,-2.2806,7.9620,8.6931,58737.3680,97.9629,NA,NA,NA,NA,NA,NA,NA,NA,NA,NA
429.782,6.7442,-2.0584,7.9724,8.8349,58737.3680,97.9629,NA,NA,NA,NA,NA,NA,NA,NA,NA,NA
429.873,6.7644,-1.7656,7.9724,8.8349,26017.1360,-12.3143,NA,NA,NA,NA,NA,NA,NA,NA,NA,NA
429.984,6.7758,-1.5989,7.9718,8.8258,28051.6840,-5.4572,NA,NA,NA,NA,NA,NA,NA,NA,NA,NA
430.072,6.7758,-1.5989,7.9718,8.8258,29960.9960,0.9777,NA,NA,NA,NA,NA,NA,NA,NA,NA,NA
430.171,6.7643,-1.7666,7.9671,8.7616,29960.9960,0.9777,NA,NA,NA,NA,NA,NA,NA,NA,NA,NA
430.264,6.7382,-2.1453,7.9483,8.5060,23065.2840,-22.2629,NA,NA,NA,NA,NA,NA,NA,NA,NA,NA
430.359,6.7341,-2.2055,7.9223,8.1511,25444.2580,-14.2451,NA,NA,NA,NA,NA,NA,NA,NA,NA,NA
430.521,6.7403,-2.1150,7.9007,7.8560,47951.6880,61.6119,NA,NA,NA,NA,NA,NA,NA,NA,NA,NA
430.559,6.7462,-2.0297,7.8769,7.5303,54283.6040,82.9524,NA,NA,NA,NA,NA,NA,NA,NA,NA,NA
430.670,6.7551,-1.9006,7.8575,7.2659,59968.6320,102.1127,NA,NA,NA,NA,NA,NA,NA,NA,NA,NA
430.754,6.7867,-1.4407,7.8459,7.1072,59968.6320,102.1127,NA,NA,NA,NA,NA,NA,NA,NA,NA,NA
430.860,6.8076,-1.1372,7.8373,6.9898,26682.9840,-10.0702,NA,NA,NA,NA,NA,NA,NA,NA,NA,NA
430.982,6.8172,-0.9988,7.8257,6.8323,26682.9840,-10.0702,NA,NA,NA,NA,NA,NA,NA,NA,NA,NA
431.058,6.8172,-0.9988,7.8168,6.7101,26487.8280,-10.7279,NA,NA,NA,NA,NA,NA,NA,NA,NA,NA
431.162,6.8113,-1.0843,7.8061,6.5642,48424.8600,63.2066,NA,NA,NA,NA,NA,NA,NA,NA,NA,NA
431.262,6.8113,-1.0843,7.7887,6.3272,52669.0200,77.5107,NA,NA,NA,NA,NA,NA,NA,NA,NA,NA
431.351,6.8174,-0.9952,7.7626,5.9703,56741.9880,91.2379,NA,NA,NA,NA,NA,NA,NA,NA,NA,NA
431.449,6.8214,-0.9367,7.7490,5.7846,56741.9880,91.2379,NA,NA,NA,NA,NA,NA,NA,NA,NA,NA
431.555,6.8226,-0.9192,7.7414,5.6805,25516.3140,-14.0022,192823.5040,0.0000,NA,NA,NA,NA,NA,NA,NA,NA
431.644,6.8226,-0.9192,7.7311,5.5398,51024.4720,71.9681,NA,NA,NA,NA,NA,NA,NA,NA,NA,NA
431.795,6.8066,-1.1520,7.7242,5.4468,51024.4720,71.9681,NA,NA,NA,NA,NA,NA,NA,NA,NA,NA
431.850,6.8088,-1.1196,7.7188,5.3730,27598.9440,-6.9831,191081.3280,0.0000,NA,NA,NA,NA,NA,NA,NA,NA
431.945,6.8088,-1.1196,7.7150,5.3204,55804.8480,88.0794,NA,NA,NA,NA,NA,NA,NA,NA,NA,NA
432.043,6.8034,-1.1991,7.7088,5.2356,55804.8480,88.0794,NA,NA,NA,NA,NA,NA,NA,NA,NA,NA
432.156,6.8152,-1.0275,7.7024,5.1488,26052.3960,-12.1954,NA,NA,NA,NA,NA,NA,NA,NA,NA,NA
432.246,6.8256,-0.8762,7.6942,5.0368,26052.3960,-12.1954,NA,NA,NA,NA,NA,NA,NA,NA,NA,NA
432.379,6.8256,-0.8762,7.6846,4.9057,26462.5060,-10.8132,NA,NA,NA,NA,NA,NA,NA,NA,NA,NA
432.479,6.8085,-1.1240,7.6771,4.8036,50843.8640,71.3594,NA,NA,NA,NA,NA,NA,NA,NA,NA,NA
432.539,6.7927,-1.3543,7.6723,4.7378,55170.2360,85.9406,NA,NA,NA,NA,NA,NA,NA,NA,NA,NA
432.638,6.7659,-1.7428,7.6647,4.6343,57364.8640,93.3372,NA,NA,NA,NA,NA,NA,NA,NA,NA,NA
432.731,6.7451,-2.0458,7.6593,4.5608,57364.8640,93.3372,NA,NA,NA,NA,NA,NA,NA,NA,NA,NA
432.830,6.7446,-2.0527,7.6484,4.4112,26362.3100,-11.1509,NA,NA,NA,NA,NA,NA,NA,NA,NA,NA
432.944,6.7228,-2.3689,7.6412,4.3132,27819.0260,-6.2414,NA,NA,NA,NA,NA,NA,NA,NA,NA,NA
433.031,6.6851,-2.9161,7.6301,4.1618,27819.0260,-6.2414,NA,NA,NA,NA,NA,NA,NA,NA,NA,NA
433.131,6.6692,-3.1474,7.6230,4.0651,21786.0320,-26.5744,NA,NA,NA,NA,NA,NA,NA,NA,NA,NA
433.222,6.6492,-3.4381,7.6127,3.9236,24093.8960,-18.7962,NA,NA,NA,NA,NA,NA,NA,NA,NA,NA
433.320,6.6351,-3.6429,7.6058,3.8293,26621.2720,-10.2782,NA,NA,NA,NA,NA,NA,NA,NA,NA,NA
433.422,6.5973,-4.1914,7.5946,3.6775,51420.7800,73.3038,NA,NA,NA,NA,NA,NA,NA,NA,NA,NA
433.517,6.5756,-4.5066,7.5865,3.5662,55867.6160,88.2910,NA,NA,NA,NA,NA,NA,NA,NA,NA,NA
433.622,6.5609,-4.7204,7.5734,3.3870,58409.5320,96.8580,NA,NA,NA,NA,NA,NA,NA,NA,NA,NA
433.717,6.5423,-4.9901,7.5654,3.2777,58409.5320,96.8580,NA,NA,NA,NA,NA,NA,NA,NA,NA,NA
433.822,6.5111,-5.4436,7.5590,3.1914,27001.8120,-8.9956,NA,NA,NA,NA,NA,NA,NA,NA,NA,NA
433.911,6.4640,-6.1283,7.5534,3.1151,28453.3660,-4.1034,NA,NA,NA,NA,NA,NA,NA,NA,NA,NA
434.027,6.4273,-6.6604,7.5491,3.0563,28453.3660,-4.1034,NA,NA,NA,NA,NA,NA,NA,NA,NA,NA
434.108,6.4016,-7.0343,7.5383,2.9091,22201.4700,-25.1742,NA,NA,NA,NA,NA,NA,NA,NA,NA,NA
434.209,6.3764,-7.4004,7.5311,2.8101,24603.6520,-17.0782,NA,NA,NA,NA,NA,NA,NA,NA,NA,NA
434.302,6.3498,-7.7861,7.5238,2.7101,46407.3440,56.4070,NA,NA,NA,NA,NA,NA,NA,NA,NA,NA
434.401,6.3287,-8.0920,7.5145,2.5840,52261.4080,76.1370,NA,NA,NA,NA,NA,NA,NA,NA,NA,NA
434.510,6.3195,-8.2267,7.5081,2.4958,56924.9440,91.8545,NA,NA,NA,NA,NA,NA,NA,NA,NA,NA
434.593,6.3048,-8.4394,7.4984,2.3643,59416.0560,100.2503,NA,NA,NA,NA,NA,NA,NA,NA,NA,NA
434.722,6.2973,-8.5483,7.4924,2.2812,59416.0560,100.2503,NA,NA,NA,NA,NA,NA,NA,NA,NA,NA
434.790,6.2724,-8.9102,7.4828,2.1507,27622.1540,-6.9049,NA,NA,NA,NA,NA,NA,NA,NA,NA,NA
434.890,6.2581,-9.1174,7.4737,2.0264,29141.3320,-1.7848,NA,NA,NA,NA,NA,NA,NA,NA,NA,NA
434.990,6.2432,-9.3343,7.4661,1.9222,29141.3320,-1.7848,NA,NA,NA,NA,NA,NA,NA,NA,NA,NA
435.089,6.2338,-9.4700,7.4558,1.7827,22689.4400,-23.5296,NA,NA,NA,NA,NA,NA,NA,NA,NA,NA
435.190,6.2205,-9.6632,7.4494,1.6946,25114.3820,-15.3568,NA,NA,NA,NA,NA,NA,NA,NA,NA,NA
435.292,6.2097,-9.8210,7.4431,1.6094,47545.3280,60.2423,NA,NA,NA,NA,NA,NA,NA,NA,NA,NA
435.383,6.1881,-10.1348,7.4279,1.4008,47545.3280,60.2423,NA,NA,NA,NA,NA,NA,NA,NA,NA,NA
435.484,6.1741,-10.3377,7.4226,1.3296,27662.7720,-6.7680,NA,NA,NA,NA,NA,NA,NA,NA,NA,NA
435.583,6.1650,-10.4697,7.4091,1.1445,32290.6600,8.8294,NA,NA,NA,NA,NA,NA,NA,NA,NA,NA
435.688,6.1540,-10.6302,7.4002,1.0237,32290.6600,8.8294,NA,NA,NA,NA,NA,NA,NA,NA,NA,NA
435.783,6.1446,-10.7657,7.3960,0.9656,24040.7280,-18.9754,NA,NA,NA,NA,NA,NA,NA,NA,NA,NA
435.881,6.1354,-10.9000,7.3841,0.8034,25686.7000,-13.4279,NA,NA,NA,NA,NA,NA,NA,NA,NA,NA
435.977,6.1118,-11.2427,7.3779,0.7183,47026.5840,58.4940,NA,NA,NA,NA,NA,NA,NA,NA,NA,NA
436.074,6.0912,-11.5417,7.3739,0.6648,51336.2040,73.0187,NA,NA,NA,NA,NA,NA,NA,NA,NA,NA
436.169,6.0731,-11.8044,7.3638,0.5263,54896.8960,85.0194,NA,NA,NA,NA,NA,NA,NA,NA,NA,NA
436.274,6.0628,-11.9535,7.3561,0.4209,54896.8960,85.0194,NA,NA,NA,NA,NA,NA,NA,NA,NA,NA
436.369,6.0504,-12.1335,7.3495,0.3309,24803.7020,-16.4039,189550.1760,0.0000,NA,NA,NA,NA,NA,NA,NA,NA
436.551,6.0433,-12.2374,7.3434,0.2474,49235.0640,65.9373,NA,NA,NA,NA,NA,NA,NA,NA,NA,NA
436.564,6.0263,-12.4844,7.3382,0.1763,49235.0640,65.9373,NA,NA,NA,NA,NA,NA,NA,NA,NA,NA
436.660,6.0175,-12.6121,7.3331,0.1065,26970.2580,-9.1020,NA,NA,NA,NA,NA,NA,NA,NA,NA,NA
436.760,6.0085,-12.7431,7.3265,0.0167,29651.8000,-0.0643,189414.8160,0.0000,NA,NA,NA,NA,NA,NA,NA,NA
436.868,5.9929,-12.9685,7.3200,-0.0715,29651.8000,-0.0643,NA,NA,NA,NA,NA,NA,NA,NA,NA,NA
436.973,5.9866,-13.0610,7.3093,-0.2174,29428.8280,-0.8158,NA,NA,NA,NA,NA,NA,NA,NA,NA,NA
437.075,5.9811,-13.1405,7.3062,-0.2599,23649.5260,-20.2938,NA,NA,NA,NA,NA,NA,NA,NA,NA,NA
437.170,5.9766,-13.2060,7.2965,-0.3930,25525.5720,-13.9710,NA,NA,NA,NA,NA,NA,NA,NA,NA,NA
437.265,5.9704,-13.2956,7.2825,-0.5840,48898.8960,64.8043,NA,NA,NA,NA,NA,NA,NA,NA,NA,NA
437.365,5.9575,-13.4829,7.2765,-0.6653,51782.9160,74.5243,NA,NA,NA,NA,NA,NA,NA,NA,NA,NA
437.462,5.9468,-13.6383,7.2731,-0.7115,54923.6960,85.1097,NA,NA,NA,NA,NA,NA,NA,NA,NA,NA
437.557,5.9413,-13.7189,7.2625,-0.8566,54923.6960,85.1097,NA,NA,NA,NA,NA,NA,NA,NA,NA,NA
437.652,5.9325,-13.8459,7.2472,-1.0657,24931.4620,-15.9733,NA,NA,NA,NA,NA,NA,NA,NA,NA,NA
437.763,5.9272,-13.9234,7.2406,-1.1562,26359.6680,-11.1598,NA,NA,NA,NA,NA,NA,NA,NA,NA,NA
437.849,5.9141,-14.1137,7.2358,-1.2207,29180.3020,-1.6534,NA,NA,NA,NA,NA,NA,NA,NA,NA,NA
437.948,5.9097,-14.1770,7.2313,-1.2829,29180.3020,-1.6534,NA,NA,NA,NA,NA,NA,NA,NA,NA,NA
438.044,5.9085,-14.1944,7.2234,-1.3909,24194.8420,-18.4560,NA,NA,NA,NA,NA,NA,NA,NA,NA,NA
438.138,5.9017,-14.2933,7.2185,-1.4572,25897.7840,-12.7165,NA,NA,NA,NA,NA,NA,NA,NA,NA,NA
438.243,5.8942,-14.4025,7.2098,-1.5755,49718.8720,67.5678,NA,NA,NA,NA,NA,NA,NA,NA,NA,NA
438.358,5.8858,-14.5239,7.2053,-1.6375,52121.0840,75.6640,NA,NA,NA,NA,NA,NA,NA,NA,NA,NA
438.433,5.8751,-14.6803,7.1928,-1.8075,55963.1120,88.6128,NA,NA,NA,NA,NA,NA,NA,NA,NA,NA
438.532,5.8689,-14.7704,7.1910,-1.8334,55963.1120,88.6128,NA,NA,NA,NA,NA,NA,NA,NA,NA,NA
438.635,5.8615,-14.8768,7.1890,-1.8594,25436.8680,-14.2700,NA,NA,NA,NA,NA,NA,NA,NA,NA,NA
438.733,5.8582,-14.9258,7.1855,-1.9084,26950.7080,-9.1679,NA,NA,NA,NA,NA,NA,NA,NA,NA,NA
438.892,5.8473,-15.0841,7.1800,-1.9835,26950.7080,-9.1679,NA,NA,NA,NA,NA,NA,NA,NA,NA,NA
438.929,5.8420,-15.1601,7.1740,-2.0654,22338.5040,-24.7124,NA,NA,NA,NA,NA,NA,NA,NA,NA,NA
439.030,5.8370,-15.2338,7.1648,-2.1899,50605.5080,70.5561,NA,NA,NA,NA,NA,NA,NA,NA,NA,NA
439.128,5.8250,-15.4077,7.1597,-2.2605,53135.9120,79.0843,NA,NA,NA,NA,NA,NA,NA,NA,NA,NA
439.235,5.8204,-15.4749,7.1515,-2.3722,53135.9120,79.0843,NA,NA,NA,NA,NA,NA,NA,NA,NA,NA
439.332,5.8080,-15.6541,7.1469,-2.4342,27964.2560,-5.7519,190620.1120,0.0000,NA,NA,NA,NA,NA,NA,NA,NA
439.431,5.8024,-15.7359,7.1410,-2.5154,55222.5520,86.1169,NA,NA,NA,NA,NA,NA,NA,NA,NA,NA
439.520,5.7967,-15.8188,7.1346,-2.6033,55222.5520,86.1169,NA,NA,NA,NA,NA,NA,NA,NA,NA,NA
439.622,5.7934,-15.8665,7.1285,-2.6861,27127.5420,-8.5719,184739.0400,0.0000,NA,NA,NA,NA,NA,NA,NA,NA
439.718,5.7934,-15.8665,7.1264,-2.7140,58392.9840,96.8023,NA,NA,NA,NA,NA,NA,NA,NA,NA,NA
439.814,5.7874,-15.9529,7.1259,-2.7216,58392.9840,96.8023,NA,NA,NA,NA,NA,NA,NA,NA,NA,NA
439.921,5.7807,-16.0500,7.1189,-2.8165,25848.7500,-12.8818,NA,NA,NA,NA,NA,NA,NA,NA,NA,NA
440.017,5.7809,-16.0471,7.1135,-2.8908,25848.7500,-12.8818,NA,NA,NA,NA,NA,NA,NA,NA,NA,NA
440.155,5.7809,-16.0471,7.1074,-2.9734,25891.3560,-12.7382,NA,NA,NA,NA,NA,NA,NA,NA,NA,NA
440.219,5.7693,-16.2161,7.1021,-3.0459,47075.7360,58.6597,NA,NA,NA,NA,NA,NA,NA,NA,NA,NA
440.314,5.7643,-16.2896,7.0953,-3.1386,51296.8000,72.8859,NA,NA,NA,NA,NA,NA,NA,NA,NA,NA
440.418,5.7592,-16.3635,7.0919,-3.1859,54790.2440,84.6599,NA,NA,NA,NA,NA,NA,NA,NA,NA,NA
440.510,5.7524,-16.4615,7.0848,-3.2822,54790.2440,84.6599,NA,NA,NA,NA,NA,NA,NA,NA,NA,NA
440.608,5.7504,-16.4914,7.0811,-3.3336,24950.7160,-15.9084,185783.9680,0.0000,NA,NA,NA,NA,NA,NA,NA,NA
440.739,5.7416,-16.6188,7.0788,-3.3646,49506.3480,66.8516,NA,NA,NA,NA,NA,NA,NA,NA,NA,NA
440.801,5.7371,-16.6841,7.0748,-3.4193,49506.3480,66.8516,NA,NA,NA,NA,NA,NA,NA,NA,NA,NA
440.922,5.7354,-16.7089,7.0707,-3.4744,27065.5500,-8.7808,NA,NA,NA,NA,NA,NA,NA,NA,NA,NA
441.045,5.7342,-16.7262,7.0680,-3.5116,29522.7220,-0.4994,185989.4560,0.0000,NA,NA,NA,NA,NA,NA,NA,NA
441.108,5.7328,-16.7468,7.0661,-3.5378,63736.8320,114.8127,NA,NA,NA,NA,NA,NA,NA,NA,NA,NA
441.208,5.7252,-16.8567,7.0618,-3.5969,63736.8320,114.8127,NA,NA,NA,NA,NA,NA,NA,NA,NA,NA
441.309,5.7236,-16.8794,7.0571,-3.6612,27491.7720,-7.3443,NA,NA,NA,NA,NA,NA,NA,NA,NA,NA
441.400,5.7199,-16.9338,7.0495,-3.7648,25765.4200,-13.1626,NA,NA,NA,NA,NA,NA,NA,NA,NA,NA
441.501,5.7199,-16.9338,7.0480,-3.7842,48473.8080,63.3716,NA,NA,NA,NA,NA,NA,NA,NA,NA,NA
441.601,5.7105,-17.0700,7.0418,-3.8700,50803.2120,71.2224,NA,NA,NA,NA,NA,NA,NA,NA,NA,NA
441.709,5.7056,-17.1420,7.0385,-3.9144,54893.2560,85.0071,NA,NA,NA,NA,NA,NA,NA,NA,NA,NA
441.797,5.6981,-17.2497,7.0329,-3.9915,54893.2560,85.0071,NA,NA,NA,NA,NA,NA,NA,NA,NA,NA
441.920,5.6939,-17.3109,7.0303,-4.0267,24745.1500,-16.6013,NA,NA,NA,NA,NA,NA,NA,NA,NA,NA
441.988,5.6880,-17.3964,7.0211,-4.1525,26416.6080,-10.9679,191780.4160,0.0000,NA,NA,NA,NA,NA,NA,NA,NA
442.087,5.6870,-17.4114,7.0176,-4.1996,52857.3000,78.1453,NA,NA,NA,NA,NA,NA,NA,NA,NA,NA
442.190,5.6863,-17.4214,7.0151,-4.2336,52857.3000,78.1453,NA,NA,NA,NA,NA,NA,NA,NA,NA,NA
442.300,5.6836,-17.4605,7.0129,-4.2635,29096.6240,-1.9355,192300.9600,0.0000,NA,NA,NA,NA,NA,NA,NA,NA
442.394,5.6830,-17.4695,7.0129,-4.2635,29096.6240,-1.9355,NA,NA,NA,NA,NA,NA,NA,NA,NA,NA
442.502,5.6835,-17.4617,7.0103,-4.2992,28985.1220,-2.3113,NA,NA,NA,NA,NA,NA,NA,NA,NA,NA
442.590,5.6835,-17.4617,7.0085,-4.3236,22391.8160,-24.5327,NA,NA,NA,NA,NA,NA,NA,NA,NA,NA
442.684,5.6821,-17.4832,7.0054,-4.3667,24847.8440,-16.2551,NA,NA,NA,NA,NA,NA,NA,NA,NA,NA
442.790,5.6821,-17.4832,7.0027,-4.4033,47017.1120,58.4621,NA,NA,NA,NA,NA,NA,NA,NA,NA,NA
442.885,5.6767,-17.5616,6.9986,-4.4593,52496.1840,76.9282,NA,NA,NA,NA,NA,NA,NA,NA,NA,NA
442.978,5.6725,-17.6223,6.9961,-4.4936,56121.4240,89.1464,NA,NA,NA,NA,NA,NA,NA,NA,NA,NA
443.081,5.6640,-17.7451,6.9947,-4.5126,58778.8640,98.1028,NA,NA,NA,NA,NA,NA,NA,NA,NA,NA
443.174,5.6591,-17.8173,6.9906,-4.5687,58778.8640,98.1028,NA,NA,NA,NA,NA,NA,NA,NA,NA,NA
443.280,5.6470,-17.9929,6.9883,-4.5996,27342.0200,-7.8490,NA,NA,NA,NA,NA,NA,NA,NA,NA,NA
443.371,5.6443,-18.0320,6.9787,-4.7315,28650.5640,-3.4388,NA,NA,NA,NA,NA,NA,NA,NA,NA,NA
443.469,5.6423,-18.0606,6.9734,-4.8033,28650.5640,-3.4388,NA,NA,NA,NA,NA,NA,NA,NA,NA,NA
443.575,5.6423,-18.0606,6.9654,-4.9130,23111.1340,-22.1084,NA,NA,NA,NA,NA,NA,NA,NA,NA,NA
443.680,5.6402,-18.0917,6.9593,-4.9957,25459.9060,-14.1923,NA,NA,NA,NA,NA,NA,NA,NA,NA,NA
443.766,5.6371,-18.1359,6.9567,-5.0313,48674.5040,64.0480,NA,NA,NA,NA,NA,NA,NA,NA,NA,NA
443.873,5.6292,-18.2504,6.9513,-5.1043,53515.4320,80.3634,NA,NA,NA,NA,NA,NA,NA,NA,NA,NA
443.959,5.6251,-18.3109,6.9506,-5.1141,56026.7760,88.8274,NA,NA,NA,NA,NA,NA,NA,NA,NA,NA
444.065,5.6206,-18.3758,6.9468,-5.1659,56026.7760,88.8274,NA,NA,NA,NA,NA,NA,NA,NA,NA,NA
444.166,5.6206,-18.3758,6.9461,-5.1765,25562.6120,-13.8462,NA,NA,NA,NA,NA,NA,NA,NA,NA,NA
444.252,5.6119,-18.5018,6.9410,-5.2452,27005.2680,-8.9840,NA,NA,NA,NA,NA,NA,NA,NA,NA,NA
444.367,5.6102,-18.5268,6.9367,-5.3041,29022.4420,-2.1855,NA,NA,NA,NA,NA,NA,NA,NA,NA,NA
444.453,5.6065,-18.5812,6.9331,-5.3540,29022.4420,-2.1855,NA,NA,NA,NA,NA,NA,NA,NA,NA,NA
444.547,5.6060,-18.5881,6.9325,-5.3616,23796.7900,-19.7975,NA,NA,NA,NA,NA,NA,NA,NA,NA,NA
444.645,5.6036,-18.6231,6.9314,-5.3772,26017.2420,-12.3139,NA,NA,NA,NA,NA,NA,NA,NA,NA,NA
444.746,5.5989,-18.6910,6.9298,-5.3980,50039.4480,68.6483,NA,NA,NA,NA,NA,NA,NA,NA,NA,NA
444.862,5.5922,-18.7881,6.9271,-5.4357,54102.3960,82.3417,NA,NA,NA,NA,NA,NA,NA,NA,NA,NA
444.938,5.5884,-18.8433,6.9267,-5.4408,56307.7760,89.7745,NA,NA,NA,NA,NA,NA,NA,NA,NA,NA
445.053,5.5919,-18.7922,6.9229,-5.4932,56307.7760,89.7745,NA,NA,NA,NA,NA,NA,NA,NA,NA,NA
445.159,5.5919,-18.7922,6.9170,-5.5732,25818.8340,-12.9826,NA,NA,NA,NA,NA,NA,NA,NA,NA,NA
445.240,5.5922,-18.7877,6.9044,-5.7449,24471.8420,-17.5224,NA,NA,NA,NA,NA,NA,NA,NA,NA,NA
445.343,5.5922,-18.7877,6.9021,-5.7765,26023.4980,-12.2928,NA,NA,NA,NA,NA,NA,NA,NA,NA,NA
445.441,5.5874,-18.8577,6.8978,-5.8351,48134.2320,62.2271,NA,NA,NA,NA,NA,NA,NA,NA,NA,NA
445.536,5.5849,-18.8946,6.8874,-5.9771,51407.3160,73.2584,NA,NA,NA,NA,NA,NA,NA,NA,NA,NA
445.643,5.5755,-19.0312,6.8841,-6.0220,54249.3000,82.8368,NA,NA,NA,NA,NA,NA,NA,NA,NA,NA
445.739,5.5709,-19.0968,6.8786,-6.0970,54249.3000,82.8368,NA,NA,NA,NA,NA,NA,NA,NA,NA,NA
445.839,5.5697,-19.1152,6.8764,-6.1270,26821.9560,-9.6018,192129.0240,0.0000,NA,NA,NA,NA,NA,NA,NA,NA
445.925,5.5697,-19.1152,6.8724,-6.1820,52708.1920,77.6428,NA,NA,NA,NA,NA,NA,NA,NA,NA,NA
446.028,5.5652,-19.1810,6.8724,-6.1820,52708.1920,77.6428,NA,NA,NA,NA,NA,NA,NA,NA,NA,NA
446.149,5.5631,-19.2104,6.8709,-6.2027,27583.9300,-7.0337,182405.6640,0.0000,NA,NA,NA,NA,NA,NA,NA,NA
446.222,5.5567,-19.3032,6.8682,-6.2389,59271.3920,99.7628,NA,NA,NA,NA,NA,NA,NA,NA,NA,NA
446.351,5.5521,-19.3703,6.8673,-6.2511,NA,NA,NA,NA,NA,NA,NA,NA,NA,NA,NA,NA
446.427,5.5510,-19.3866,6.8656,-6.2745,NA,NA,NA,NA,NA,NA,NA,NA,NA,NA,NA,NA
446.543,5.5459,-19.4613,6.8645,-6.2900,31089.8560,4.7823,NA,NA,NA,NA,NA,NA,NA,NA,NA,NA
446.625,5.5441,-19.4861,6.8533,-6.4432,32536.2260,9.6571,192767.5840,0.0000,NA,NA,NA,NA,NA,NA,NA,NA
446.763,5.5417,-19.5219,6.8533,-6.4432,32536.2260,9.6571,192767.5840,0.0000,NA,NA,NA,NA,NA,NA,NA,NA
446.835,5.5376,-19.5815,6.8503,-6.4839,25994.6980,-12.3899,187341.6000,0.0000,NA,NA,NA,NA,NA,NA,NA,NA
446.926,5.5339,-19.6347,6.8450,-6.5564,51022.2880,71.9607,NA,NA,NA,NA,NA,NA,NA,NA,NA,NA
447.027,5.5310,-19.6770,6.8411,-6.6098,51022.2880,71.9607,NA,NA,NA,NA,NA,NA,NA,NA,NA,NA
447.133,5.5297,-19.6962,6.8341,-6.7056,26805.3120,-9.6579,NA,NA,NA,NA,NA,NA,NA,NA,NA,NA
447.221,5.5295,-19.6983,6.8300,-6.7610,28647.7300,-3.4484,188558.4640,0.0000,NA,NA,NA,NA,NA,NA,NA,NA
447.338,5.5295,-19.6983,6.8199,-6.8990,29941.1920,0.9110,NA,NA,NA,NA,NA,NA,NA,NA,NA,NA
447.469,5.5289,-19.7068,6.8167,-6.9418,29941.1920,0.9110,NA,NA,NA,NA,NA,NA,NA,NA,NA,NA
447.564,5.5294,-19.7007,6.8092,-7.0443,23708.6160,-20.0947,NA,NA,NA,NA,NA,NA,NA,NA,NA,NA
447.623,5.5294,-19.7007,6.8061,-7.0873,25164.8120,-15.1869,NA,NA,NA,NA,NA,NA,NA,NA,NA,NA
447.724,5.5271,-19.7339,6.8017,-7.1474,46533.8600,56.8334,NA,NA,NA,NA,NA,NA,NA,NA,NA,NA
447.829,5.5198,-19.8401,6.8012,-7.1540,50232.5360,69.2990,NA,NA,NA,NA,NA,NA,NA,NA,NA,NA
447.932,5.5162,-19.8916,6.8012,-7.1540,54475.0800,83.5977,NA,NA,NA,NA,NA,NA,NA,NA,NA,NA
448.029,5.5151,-19.9080,6.8004,-7.1650,54475.0800,83.5977,NA,NA,NA,NA,NA,NA,NA,NA,NA,NA
448.123,5.5151,-19.9080,6.7996,-7.1759,24111.2340,-18.7378,NA,NA,NA,NA,NA,NA,NA,NA,NA,NA
448.210,5.5111,-19.9665,6.7963,-7.2208,26715.6560,-9.9601,192550.8800,0.0000,NA,NA,NA,NA,NA,NA,NA,NA
448.322,5.5101,-19.9812,6.7936,-7.2582,52692.0040,77.5882,NA,NA,NA,NA,NA,NA,NA,NA,NA,NA
448.447,5.5078,-20.0140,6.7906,-7.2988,52692.0040,77.5882,NA,NA,NA,NA,NA,NA,NA,NA,NA,NA
448.535,5.5073,-20.0217,6.7858,-7.3639,27999.0820,-5.6345,NA,NA,NA,NA,NA,NA,NA,NA,NA,NA
448.620,5.5073,-20.0217,6.7834,-7.3975,24203.0540,-18.4283,NA,NA,NA,NA,NA,NA,NA,NA,NA,NA
448.724,5.5020,-20.0977,6.7781,-7.4690,42503.2920,43.2491,NA,NA,NA,NA,NA,NA,NA,NA,NA,NA
448.810,5.5003,-20.1234,6.7777,-7.4750,49290.8640,66.1253,NA,NA,NA,NA,NA,NA,NA,NA,NA,NA
448.910,5.4961,-20.1838,6.7772,-7.4818,57325.3400,93.2040,NA,NA,NA,NA,NA,NA,NA,NA,NA,NA
449.004,5.4937,-20.2188,6.7755,-7.5055,57325.3400,93.2040,NA,NA,NA,NA,NA,NA,NA,NA,NA,NA
449.168,5.4931,-20.2267,6.7730,-7.5390,26041.5080,-12.2321,NA,NA,NA,NA,NA,NA,NA,NA,NA,NA
449.203,5.4912,-20.2544,6.7713,-7.5620,28751.4740,-3.0987,NA,NA,NA,NA,NA,NA,NA,NA,NA,NA
449.312,5.4903,-20.2687,6.7686,-7.5985,31404.6400,5.8433,NA,NA,NA,NA,NA,NA,NA,NA,NA,NA
449.399,5.4903,-20.2687,6.7666,-7.6270,31404.6400,5.8433,NA,NA,NA,NA,NA,NA,NA,NA,NA,NA
449.503,5.4924,-20.2374,6.7638,-7.6647,22728.2360,-23.3989,NA,NA,NA,NA,NA,NA,NA,NA,NA,NA
449.598,5.4924,-20.2374,6.7618,-7.6915,24515.0800,-17.3767,NA,NA,NA,NA,NA,NA,NA,NA,NA,NA
449.690,5.4894,-20.2810,6.7592,-7.7271,44327.9840,49.3989,NA,NA,NA,NA,NA,NA,NA,NA,NA,NA
449.797,5.4821,-20.3867,6.7579,-7.7449,51622.0160,73.9820,NA,NA,NA,NA,NA,NA,NA,NA,NA,NA
449.896,5.4796,-20.4228,6.7584,-7.7387,59272.2280,99.7656,NA,NA,NA,NA,NA,NA,NA,NA,NA,NA
449.985,5.4754,-20.4846,6.7584,-7.7387,59272.2280,99.7656,NA,NA,NA,NA,NA,NA,NA,NA,NA,NA
450.084,5.4749,-20.4919,6.7573,-7.7535,26724.5740,-9.9300,NA,NA,NA,NA,NA,NA,NA,NA,NA,NA
450.180,5.4748,-20.4935,6.7573,-7.7535,29452.6940,-0.7354,NA,NA,NA,NA,NA,NA,NA,NA,NA,NA
450.313,5.4709,-20.5496,6.7569,-7.7594,29452.6940,-0.7354,NA,NA,NA,NA,NA,NA,NA,NA,NA,NA
450.379,5.4712,-20.5458,6.7527,-7.8157,21448.2220,-27.7129,NA,NA,NA,NA,NA,NA,NA,NA,NA,NA
450.475,5.4729,-20.5214,6.7497,-7.8565,22902.1220,-22.8128,NA,NA,NA,NA,NA,NA,NA,NA,NA,NA
450.592,5.4729,-20.5214,6.7460,-7.9072,25230.9280,-14.9640,NA,NA,NA,NA,NA,NA,NA,NA,NA,NA
450.678,5.4688,-20.5803,6.7433,-7.9444,46263.4200,55.9219,NA,NA,NA,NA,NA,NA,NA,NA,NA,NA
450.772,5.4709,-20.5491,6.7428,-7.9511,53944.2080,81.8085,NA,NA,NA,NA,NA,NA,NA,NA,NA,NA
450.878,5.4709,-20.5491,6.7393,-7.9995,61386.3280,106.8907,NA,NA,NA,NA,NA,NA,NA,NA,NA,NA
450.978,5.4687,-20.5810,6.7411,-7.9741,61386.3280,106.8907,NA,NA,NA,NA,NA,NA,NA,NA,NA,NA
451.072,5.4647,-20.6398,6.7411,-7.9741,27405.0580,-7.6366,NA,NA,NA,NA,NA,NA,NA,NA,NA,NA
451.167,5.4647,-20.6398,6.7396,-7.9943,30030.0100,1.2103,NA,NA,NA,NA,NA,NA,NA,NA,NA,NA
451.266,5.4654,-20.6302,6.7383,-8.0132,30030.0100,1.2103,NA,NA,NA,NA,NA,NA,NA,NA,NA,NA
451.368,5.4654,-20.6302,6.7353,-8.0541,21783.5180,-26.5829,NA,NA,NA,NA,NA,NA,NA,NA,NA,NA
451.466,5.4642,-20.6471,6.7340,-8.0719,54451.5280,83.5183,NA,NA,NA,NA,NA,NA,NA,NA,NA,NA
451.597,5.4606,-20.6988,6.7330,-8.0851,58849.8040,98.3419,NA,NA,NA,NA,NA,NA,NA,NA,NA,NA
451.668,5.4606,-20.6988,6.7329,-8.0867,58849.8040,98.3419,NA,NA,NA,NA,NA,NA,NA,NA,NA,NA
451.759,5.4553,-20.7757,6.7289,-8.1410,26515.9260,-10.6332,NA,NA,NA,NA,NA,NA,NA,NA,NA,NA
451.869,5.4553,-20.7757,6.7261,-8.1787,28683.3560,-3.3283,NA,NA,NA,NA,NA,NA,NA,NA,NA,NA
451.952,5.4584,-20.7309,6.7225,-8.2288,28683.3560,-3.3283,NA,NA,NA,NA,NA,NA,NA,NA,NA,NA
452.052,5.4584,-20.7309,6.7221,-8.2335,23709.8120,-20.0907,NA,NA,NA,NA,NA,NA,NA,NA,NA,NA
452.181,5.4555,-20.7731,6.7250,-8.1946,25406.6000,-14.3720,NA,NA,NA,NA,NA,NA,NA,NA,NA,NA
452.258,5.4550,-20.7813,6.7250,-8.1946,48551.2960,63.6327,NA,NA,NA,NA,NA,NA,NA,NA,NA,NA
452.353,5.4487,-20.8723,6.7231,-8.2203,50960.8040,71.7535,NA,NA,NA,NA,NA,NA,NA,NA,NA,NA
452.459,5.4437,-20.9442,6.7231,-8.2203,54865.6720,84.9141,NA,NA,NA,NA,NA,NA,NA,NA,NA,NA
452.540,5.4395,-21.0061,6.7056,-8.4596,54865.6720,84.9141,NA,NA,NA,NA,NA,NA,NA,NA,NA,NA
452.640,5.4395,-21.0061,6.6995,-8.5422,24722.8800,-16.6763,NA,NA,NA,NA,NA,NA,NA,NA,NA,NA
452.735,5.4322,-21.1115,6.6866,-8.7189,26352.9020,-11.1826,NA,NA,NA,NA,NA,NA,NA,NA,NA,NA
452.839,5.4532,-20.8073,6.7142,-8.3415,29736.8000,0.2221,NA,NA,NA,NA,NA,NA,NA,NA,NA,NA
452.932,5.5652,-19.1802,6.8033,-7.1255,29736.8000,0.2221,NA,NA,NA,NA,NA,NA,NA,NA,NA,NA
453.031,5.6953,-17.2904,6.8977,-5.8368,24274.8200,-18.1864,NA,NA,NA,NA,NA,NA,NA,NA,NA,NA
453.151,5.8125,-15.5882,7.0447,-3.8301,25755.9580,-13.1945,NA,NA,NA,NA,NA,NA,NA,NA,NA,NA
453.227,5.9055,-14.2384,7.1337,-2.6148,49165.3680,65.7024,NA,NA,NA,NA,NA,NA,NA,NA,NA,NA
453.327,5.9987,-12.8848,7.2232,-1.3929,51470.2840,73.4706,NA,NA,NA,NA,NA,NA,NA,NA,NA,NA
453.423,6.0452,-12.2101,7.2767,-0.6630,55913.3040,88.4450,NA,NA,NA,NA,NA,NA,NA,NA,NA,NA
453.528,6.0755,-11.7694,7.3015,-0.3239,55913.3040,88.4450,NA,NA,NA,NA,NA,NA,NA,NA,NA,NA
453.622,6.0804,-11.6978,7.3222,-0.0417,25109.7220,-15.3725,NA,NA,NA,NA,NA,NA,NA,NA,NA,NA
453.722,6.0831,-11.6593,7.3345,0.1259,27021.6260,-8.9288,NA,NA,NA,NA,NA,NA,NA,NA,NA,NA
453.820,6.0831,-11.6593,7.3345,0.1259,27021.6260,-8.9288,NA,NA,NA,NA,NA,NA,NA,NA,NA,NA
453.962,6.0782,-11.7302,7.3369,0.1589,22609.5480,-23.7989,NA,NA,NA,NA,NA,NA,NA,NA,NA,NA
454.012,6.0726,-11.8115,7.3369,0.1589,24430.5400,-17.6616,NA,NA,NA,NA,NA,NA,NA,NA,NA,NA
454.113,6.0618,-11.9680,7.3438,0.2531,26085.3040,-12.0845,NA,NA,NA,NA,NA,NA,NA,NA,NA,NA
454.212,6.1067,-11.3168,7.3796,0.7425,49425.2080,66.5781,NA,NA,NA,NA,NA,NA,NA,NA,NA,NA
454.307,6.2205,-9.6632,7.4909,2.2613,52528.8080,77.0382,NA,NA,NA,NA,NA,NA,NA,NA,NA,NA
454.433,6.3943,-7.1400,7.5970,3.7104,56769.6240,91.3310,NA,NA,NA,NA,NA,NA,NA,NA,NA,NA
454.504,6.5693,-4.5977,7.6920,5.0073,56769.6240,91.3310,NA,NA,NA,NA,NA,NA,NA,NA,NA,NA
454.610,6.7444,-2.0549,7.7666,6.0257,25491.4080,-14.0861,NA,NA,NA,NA,NA,NA,NA,NA,NA,NA
454.696,6.8923,0.0929,7.8160,6.6988,27817.9300,-6.2450,NA,NA,NA,NA,NA,NA,NA,NA,NA,NA
454.810,6.9755,1.3011,7.8367,6.9826,27817.9300,-6.2450,NA,NA,NA,NA,NA,NA,NA,NA,NA,NA
454.899,7.0058,1.7411,7.8544,7.2239,47844.9400,61.2521,NA,NA,NA,NA,NA,NA,NA,NA,NA,NA
455.016,7.0269,2.0469,7.8544,7.2239,50354.1480,69.7089,NA,NA,NA,NA,NA,NA,NA,NA,NA,NA
455.152,7.0394,2.2279,7.8535,7.2116,52650.4160,77.4480,NA,NA,NA,NA,NA,NA,NA,NA,NA,NA
455.195,7.0532,2.4287,7.8523,7.1953,52650.4160,77.4480,NA,NA,NA,NA,NA,NA,NA,NA,NA,NA
455.310,7.1742,4.1856,7.8755,7.5117,29455.6760,-0.7253,194280.3840,0.0000,NA,NA,NA,NA,NA,NA,NA,NA
455.393,7.2093,4.6959,7.9215,8.1394,59377.7760,100.1213,NA,NA,NA,NA,NA,NA,NA,NA,NA,NA
455.491,7.2296,4.9901,7.9797,8.9341,59377.7760,100.1213,NA,NA,NA,NA,NA,NA,NA,NA,NA,NA
455.602,7.2480,5.2574,8.0052,9.2823,27487.1140,-7.3600,NA,NA,NA,NA,NA,NA,NA,NA,NA,NA
455.691,7.2480,5.2574,8.0052,9.2823,30128.1720,1.5412,NA,NA,NA,NA,NA,NA,NA,NA,NA,NA
455.791,7.2367,5.0933,7.9934,9.1215,30128.1720,1.5412,NA,NA,NA,NA,NA,NA,NA,NA,NA,NA
455.882,7.2040,4.6182,7.9742,8.8591,22171.9820,-25.2736,NA,NA,NA,NA,NA,NA,NA,NA,NA,NA
455.980,7.2286,4.9769,7.9523,8.5605,23253.7200,-21.6278,NA,NA,NA,NA,NA,NA,NA,NA,NA,NA
456.080,7.2286,4.9769,7.9371,8.3526,40226.3960,35.5753,NA,NA,NA,NA,NA,NA,NA,NA,NA,NA
456.181,7.2119,4.7330,7.9079,7.9544,44823.1760,51.0678,NA,NA,NA,NA,NA,NA,NA,NA,NA,NA
456.280,7.1741,4.1851,7.8853,7.6454,52260.0040,76.1322,NA,NA,NA,NA,NA,NA,NA,NA,NA,NA
456.385,7.1593,3.9700,7.8757,7.5141,61048.4280,105.7519,NA,NA,NA,NA,NA,NA,NA,NA,NA,NA
456.482,7.1432,3.7367,7.8485,7.1427,61048.4280,105.7519,NA,NA,NA,NA,NA,NA,NA,NA,NA,NA
456.578,7.1351,3.6179,7.8365,6.9795,27758.8480,-6.4442,NA,NA,NA,NA,NA,NA,NA,NA,NA,NA
456.678,7.1061,3.1969,7.8261,6.8378,25797.5800,-13.0542,NA,NA,NA,NA,NA,NA,NA,NA,NA,NA
456.784,7.0979,3.0776,7.8069,6.5752,48920.1360,64.8759,NA,NA,NA,NA,NA,NA,NA,NA,NA,NA
456.878,7.0623,2.5618,7.7963,6.4304,53878.5760,81.5873,NA,NA,NA,NA,NA,NA,NA,NA,NA,NA
456.989,7.0354,2.1705,7.7879,6.3151,56935.4320,91.8899,NA,NA,NA,NA,NA,NA,NA,NA,NA,NA
457.066,7.0151,1.8759,7.7750,6.1403,56935.4320,91.8899,NA,NA,NA,NA,NA,NA,NA,NA,NA,NA
457.166,7.0070,1.7583,7.7704,6.0763,25712.7220,-13.3402,NA,NA,NA,NA,NA,NA,NA,NA,NA,NA
457.271,7.0011,1.6726,7.7641,5.9902,27239.4960,-8.1945,NA,NA,NA,NA,NA,NA,NA,NA,NA,NA
457.368,6.9958,1.5953,7.7405,5.6685,29085.1500,-1.9741,NA,NA,NA,NA,NA,NA,NA,NA,NA,NA
457.457,6.9873,1.4727,7.7396,5.6558,29085.1500,-1.9741,NA,NA,NA,NA,NA,NA,NA,NA,NA,NA
457.562,6.9765,1.3147,7.7357,5.6031,23766.0860,-19.9010,NA,NA,NA,NA,NA,NA,NA,NA,NA,NA
457.673,6.9729,1.2629,7.7259,5.4698,26187.2980,-11.7408,NA,NA,NA,NA,NA,NA,NA,NA,NA,NA
457.756,6.9516,0.9529,7.7082,5.2278,50448.7680,70.0278,NA,NA,NA,NA,NA,NA,NA,NA,NA,NA
457.855,6.9357,0.7220,7.7018,5.1411,54870.3600,84.9299,NA,NA,NA,NA,NA,NA,NA,NA,NA,NA
457.954,6.9209,0.5071,7.6895,4.9727,56975.0000,92.0232,NA,NA,NA,NA,NA,NA,NA,NA,NA,NA
458.093,6.8882,0.0324,7.6869,4.9367,56975.0000,92.0232,NA,NA,NA,NA,NA,NA,NA,NA,NA,NA
458.152,6.8711,-0.2154,7.6869,4.9367,26210.4140,-11.6629,NA,NA,NA,NA,NA,NA,NA,NA,NA,NA
458.273,6.8468,-0.5689,7.6764,4.7941,27736.3640,-6.5200,NA,NA,NA,NA,NA,NA,NA,NA,NA,NA
458.346,6.8336,-0.7607,7.6764,4.7941,27736.3640,-6.5200,NA,NA,NA,NA,NA,NA,NA,NA,NA,NA
458.439,6.8270,-0.8559,7.6641,4.6260,21769.0080,-26.6318,NA,NA,NA,NA,NA,NA,NA,NA,NA,NA
458.535,6.8232,-0.9111,7.6559,4.5132,24080.9960,-18.8397,NA,NA,NA,NA,NA,NA,NA,NA,NA,NA
458.641,6.7830,-1.4957,7.6508,4.4445,26532.7680,-10.5764,NA,NA,NA,NA,NA,NA,NA,NA,NA,NA
458.733,6.7545,-1.9095,7.6482,4.4083,51232.2680,72.6684,NA,NA,NA,NA,NA,NA,NA,NA,NA,NA
458.835,6.7471,-2.0157,7.6310,4.1739,55364.0240,86.5937,NA,NA,NA,NA,NA,NA,NA,NA,NA,NA
458.939,6.7450,-2.0462,7.6245,4.0857,57675.2600,94.3833,NA,NA,NA,NA,NA,NA,NA,NA,NA,NA
459.029,6.7311,-2.2491,7.6119,3.9129,57675.2600,94.3833,NA,NA,NA,NA,NA,NA,NA,NA,NA,NA
459.145,6.7272,-2.3057,7.6048,3.8159,26724.2480,-9.9311,NA,NA,NA,NA,NA,NA,NA,NA,NA,NA
459.222,6.7180,-2.4391,7.5941,3.6696,28146.9820,-5.1360,NA,NA,NA,NA,NA,NA,NA,NA,NA,NA
459.365,6.7070,-2.5993,7.5880,3.5867,28146.9820,-5.1360,NA,NA,NA,NA,NA,NA,NA,NA,NA,NA
459.425,6.7070,-2.5993,7.5841,3.5331,22315.1380,-24.7911,NA,NA,NA,NA,NA,NA,NA,NA,NA,NA
459.558,6.6955,-2.7653,7.5808,3.4893,53135.2520,79.0821,NA,NA,NA,NA,NA,NA,NA,NA,NA,NA
459.627,6.6630,-3.2377,7.5758,3.4203,55838.4800,88.1928,NA,NA,NA,NA,NA,NA,NA,NA,NA,NA
459.733,6.6170,-3.9059,7.5684,3.3191,55838.4800,88.1928,NA,NA,NA,NA,NA,NA,NA,NA,NA,NA
459.827,6.6027,-4.1130,7.5639,3.2576,27509.6420,-7.2841,195801.7920,0.0000,NA,NA,NA,NA,NA,NA,NA,NA
459.932,6.5773,-4.4817,7.5607,3.2143,53786.8320,81.2781,NA,NA,NA,NA,NA,NA,NA,NA,NA,NA
460.019,6.5711,-4.5721,7.5578,3.1749,53786.8320,81.2781,NA,NA,NA,NA,NA,NA,NA,NA,NA,NA
460.112,6.5663,-4.6416,7.5550,3.1357,28409.9320,-4.2498,186622.3680,0.0000,NA,NA,NA,NA,NA,NA,NA,NA
460.211,6.5479,-4.9094,7.5495,3.0617,60597.2560,104.2313,NA,NA,NA,NA,NA,NA,NA,NA,NA,NA
460.325,6.5372,-5.0652,7.5426,2.9677,60597.2560,104.2313,NA,NA,NA,NA,NA,NA,NA,NA,NA,NA
460.420,6.5094,-5.4686,7.5348,2.8602,26711.6800,-9.9735,NA,NA,NA,NA,NA,NA,NA,NA,NA,NA
460.525,6.4834,-5.8455,7.5233,2.7043,26711.6800,-9.9735,NA,NA,NA,NA,NA,NA,NA,NA,NA,NA
460.614,6.4777,-5.9290,7.5159,2.6030,26437.5060,-10.8975,NA,NA,NA,NA,NA,NA,NA,NA,NA,NA
460.724,6.4538,-6.2755,7.5033,2.4303,48577.5760,63.7213,NA,NA,NA,NA,NA,NA,NA,NA,NA,NA
460.832,6.4234,-6.7175,7.4958,2.3280,52672.9600,77.5240,NA,NA,NA,NA,NA,NA,NA,NA,NA,NA
460.909,6.3900,-7.2017,7.4807,2.1216,57049.6000,92.2746,NA,NA,NA,NA,NA,NA,NA,NA,NA,NA
461.101,6.3713,-7.4745,7.4731,2.0181,57049.6000,92.2746,NA,NA,NA,NA,NA,NA,NA,NA,NA,NA
461.106,6.3371,-7.9711,7.4631,1.8823,25548.8100,-13.8927,189553.4720,0.0000,NA,NA,NA,NA,NA,NA,NA,NA
461.203,6.2888,-8.6714,7.4554,1.7773,51015.6040,71.9382,NA,NA,NA,NA,NA,NA,NA,NA,NA,NA
461.305,6.2710,-8.9306,7.4486,1.6845,51015.6040,71.9382,NA,NA,NA,NA,NA,NA,NA,NA,NA,NA
461.401,6.2513,-9.2170,7.4379,1.5378,27422.6260,-7.5773,188965.8240,0.0000,NA,NA,NA,NA,NA,NA,NA,NA
461.505,6.2244,-9.6073,7.4320,1.4569,55715.9400,87.7798,NA,NA,NA,NA,NA,NA,NA,NA,NA,NA
461.598,6.2010,-9.9475,7.4260,1.3755,55715.9400,87.7798,NA,NA,NA,NA,NA,NA,NA,NA,NA,NA
461.701,6.1860,-10.1643,7.4211,1.3080,25938.1220,-12.5806,NA,NA,NA,NA,NA,NA,NA,NA,NA,NA
461.799,6.1588,-10.5591,7.4191,1.2809,25938.1220,-12.5806,NA,NA,NA,NA,NA,NA,NA,NA,NA,NA
461.902,6.1486,-10.7082,7.4125,1.1904,26253.8040,-11.5166,NA,NA,NA,NA,NA,NA,NA,NA,NA,NA
462.001,6.1319,-10.9507,7.3975,0.9870,50249.5760,69.3565,NA,NA,NA,NA,NA,NA,NA,NA,NA,NA
462.107,6.1173,-11.1631,7.3887,0.8656,54219.3160,82.7357,NA,NA,NA,NA,NA,NA,NA,NA,NA,NA
462.194,6.0983,-11.4382,7.3765,0.6992,56407.4160,90.1103,NA,NA,NA,NA,NA,NA,NA,NA,NA,NA
462.333,6.0879,-11.5894,7.3705,0.6173,56407.4160,90.1103,NA,NA,NA,NA,NA,NA,NA,NA,NA,NA
462.387,6.0827,-11.6649,7.3612,0.4905,26076.2560,-12.1150,NA,NA,NA,NA,NA,NA,NA,NA,NA,NA
462.493,6.0798,-11.7069,7.3558,0.4175,27442.9420,-7.5089,NA,NA,NA,NA,NA,NA,NA,NA,NA,NA
462.581,6.0702,-11.8461,7.3498,0.3348,27442.9420,-7.5089,NA,NA,NA,NA,NA,NA,NA,NA,NA,NA
462.680,6.0662,-11.9046,7.3431,0.2439,21994.8280,-25.8707,NA,NA,NA,NA,NA,NA,NA,NA,NA,NA
462.779,6.0569,-12.0393,7.3351,0.1344,24350.4800,-17.9314,NA,NA,NA,NA,NA,NA,NA,NA,NA,NA
462.902,6.0502,-12.1368,7.3286,0.0456,26564.6260,-10.4691,NA,NA,NA,NA,NA,NA,NA,NA,NA,NA
462.977,6.0284,-12.4531,7.3242,-0.0142,51638.7680,74.0385,NA,NA,NA,NA,NA,NA,NA,NA,NA,NA
463.117,6.0176,-12.6109,7.3209,-0.0590,54563.4480,83.8955,NA,NA,NA,NA,NA,NA,NA,NA,NA,NA
463.167,6.0026,-12.8283,7.3150,-0.1397,57134.4080,92.5605,NA,NA,NA,NA,NA,NA,NA,NA,NA,NA
463.269,5.9898,-13.0136,7.3130,-0.1672,57134.4080,92.5605,NA,NA,NA,NA,NA,NA,NA,NA,NA,NA
463.393,5.9764,-13.2084,7.3084,-0.2305,26316.5700,-11.3051,NA,NA,NA,NA,NA,NA,NA,NA,NA,NA
463.461,5.9683,-13.3267,7.3005,-0.3384,27727.8360,-6.5487,NA,NA,NA,NA,NA,NA,NA,NA,NA,NA
463.559,5.9630,-13.4032,7.2943,-0.4226,27727.8360,-6.5487,NA,NA,NA,NA,NA,NA,NA,NA,NA,NA
463.662,5.9600,-13.4473,7.2891,-0.4938,22715.4940,-23.4418,NA,NA,NA,NA,NA,NA,NA,NA,NA,NA
463.759,5.9533,-13.5448,7.2826,-0.5824,25029.6280,-15.6425,NA,NA,NA,NA,NA,NA,NA,NA,NA,NA
463.858,5.9531,-13.5470,7.2743,-0.6950,47883.1760,61.3810,NA,NA,NA,NA,NA,NA,NA,NA,NA,NA
463.955,5.9405,-13.7308,7.2698,-0.7569,52186.7720,75.8854,NA,NA,NA,NA,NA,NA,NA,NA,NA,NA
464.083,5.9324,-13.8476,7.2677,-0.7860,54617.8320,84.0788,NA,NA,NA,NA,NA,NA,NA,NA,NA,NA
464.155,5.9227,-13.9889,7.2652,-0.8193,58388.1800,96.7861,NA,NA,NA,NA,NA,NA,NA,NA,NA,NA
464.254,5.9136,-14.1211,7.2587,-0.9084,58388.1800,96.7861,NA,NA,NA,NA,NA,NA,NA,NA,NA,NA
464.345,5.9069,-14.2175,7.2466,-1.0737,26867.8580,-9.4471,NA,NA,NA,NA,NA,NA,NA,NA,NA,NA
464.442,5.8987,-14.3370,7.2437,-1.1134,28365.6080,-4.3992,NA,NA,NA,NA,NA,NA,NA,NA,NA,NA
464.549,5.8921,-14.4330,7.2375,-1.1980,28365.6080,-4.3992,NA,NA,NA,NA,NA,NA,NA,NA,NA,NA
464.669,5.8835,-14.5578,7.2302,-1.2973,50021.4080,68.5875,NA,NA,NA,NA,NA,NA,NA,NA,NA,NA
464.745,5.8736,-14.7022,7.2213,-1.4186,52601.7680,77.2841,NA,NA,NA,NA,NA,NA,NA,NA,NA,NA
464.847,5.8619,-14.8721,7.2161,-1.4902,52601.7680,77.2841,NA,NA,NA,NA,NA,NA,NA,NA,NA,NA
464.951,5.8550,-14.9717,7.2033,-1.6651,24923.8880,-15.9989,NA,NA,NA,NA,NA,NA,NA,NA,NA,NA
465.039,5.8469,-15.0897,7.1998,-1.7119,29177.8160,-1.6618,194227.1040,0.0000,NA,NA,NA,NA,NA,NA,NA,NA
465.154,5.8452,-15.1133,7.1878,-1.8758,57644.9240,94.2811,NA,NA,NA,NA,NA,NA,NA,NA,NA,NA
465.242,5.8402,-15.1861,7.1782,-2.0070,57644.9240,94.2811,NA,NA,NA,NA,NA,NA,NA,NA,NA,NA
465.345,5.8305,-15.3278,7.1715,-2.0991,28602.2700,-3.6016,191696.0160,0.0000,NA,NA,NA,NA,NA,NA,NA,NA
465.438,5.8271,-15.3767,7.1684,-2.1418,61025.3600,105.6742,NA,NA,NA,NA,NA,NA,NA,NA,NA,NA
465.542,5.8207,-15.4692,7.1629,-2.2159,61025.3600,105.6742,NA,NA,NA,NA,NA,NA,NA,NA,NA,NA
465.641,5.8207,-15.4692,7.1542,-2.3353,26780.9320,-9.7401,NA,NA,NA,NA,NA,NA,NA,NA,NA,NA
465.742,5.8206,-15.4717,7.1441,-2.4733,25027.7520,-15.6488,NA,NA,NA,NA,NA,NA,NA,NA,NA,NA
465.859,5.8158,-15.5414,7.1383,-2.5522,45830.5600,54.4630,NA,NA,NA,NA,NA,NA,NA,NA,NA,NA
465.942,5.8046,-15.7039,7.1329,-2.6255,48642.2880,63.9394,NA,NA,NA,NA,NA,NA,NA,NA,NA,NA
466.035,5.7999,-15.7721,7.1295,-2.6720,53452.5520,80.1515,NA,NA,NA,NA,NA,NA,NA,NA,NA,NA
466.129,5.7947,-15.8470,7.1278,-2.6955,57171.1120,92.6842,NA,NA,NA,NA,NA,NA,NA,NA,NA,NA
466.232,5.7896,-15.9217,7.1252,-2.7315,57171.1120,92.6842,NA,NA,NA,NA,NA,NA,NA,NA,NA,NA
466.329,5.7801,-16.0596,7.1182,-2.8266,26502.9300,-10.6770,194646.0640,0.0000,NA,NA,NA,NA,NA,NA,NA,NA
466.432,5.7745,-16.1405,7.1148,-2.8733,51971.8280,75.1610,NA,NA,NA,NA,NA,NA,NA,NA,NA,NA
466.562,5.7708,-16.1945,7.1118,-2.9134,51971.8280,75.1610,NA,NA,NA,NA,NA,NA,NA,NA,NA,NA
466.619,5.7601,-16.3504,7.1091,-2.9513,28622.0260,-3.5350,191538.4640,0.0000,NA,NA,NA,NA,NA,NA,NA,NA
466.723,5.7543,-16.4343,7.1068,-2.9818,59021.5560,98.9207,NA,NA,NA,NA,NA,NA,NA,NA,NA,NA
466.825,5.7448,-16.5714,7.1053,-3.0030,59021.5560,98.9207,NA,NA,NA,NA,NA,NA,NA,NA,NA,NA
466.922,5.7388,-16.6591,7.1034,-3.0291,25931.5060,-12.6029,NA,NA,NA,NA,NA,NA,NA,NA,NA,NA
467.022,5.7384,-16.6651,7.0998,-3.0777,24763.3940,-16.5398,NA,NA,NA,NA,NA,NA,NA,NA,NA,NA
467.119,5.7328,-16.7459,7.0943,-3.1525,26399.7100,-11.0249,NA,NA,NA,NA,NA,NA,NA,NA,NA,NA
467.237,5.7226,-16.8941,7.0908,-3.2001,50941.2720,71.6877,NA,NA,NA,NA,NA,NA,NA,NA,NA,NA
467.320,5.7187,-16.9506,7.0908,-3.2001,53527.3120,80.4034,NA,NA,NA,NA,NA,NA,NA,NA,NA,NA
467.417,5.7144,-17.0138,7.0876,-3.2447,57569.0080,94.0252,NA,NA,NA,NA,NA,NA,NA,NA,NA,NA
467.515,5.7104,-17.0722,7.0806,-3.3403,57569.0080,94.0252,NA,NA,NA,NA,NA,NA,NA,NA,NA,NA
467.614,5.7094,-17.0861,7.0762,-3.4002,26232.2040,-11.5894,NA,NA,NA,NA,NA,NA,NA,NA,NA,NA
467.709,5.7058,-17.1383,7.0694,-3.4926,27833.9400,-6.1911,NA,NA,NA,NA,NA,NA,NA,NA,NA,NA
467.802,5.7058,-17.1383,7.0674,-3.5196,27833.9400,-6.1911,NA,NA,NA,NA,NA,NA,NA,NA,NA,NA
467.903,5.7053,-17.1458,7.0664,-3.5330,22964.3380,-22.6031,NA,NA,NA,NA,NA,NA,NA,NA,NA,NA
468.003,5.7047,-17.1542,7.0613,-3.6030,24913.2820,-16.0346,NA,NA,NA,NA,NA,NA,NA,NA,NA,NA
468.100,5.7036,-17.1697,7.0596,-3.6264,47483.3040,60.0333,NA,NA,NA,NA,NA,NA,NA,NA,NA,NA
468.195,5.6993,-17.2324,7.0585,-3.6421,50765.5200,71.0954,NA,NA,NA,NA,NA,NA,NA,NA,NA,NA
468.332,5.6954,-17.2892,7.0585,-3.6421,53109.9160,78.9967,NA,NA,NA,NA,NA,NA,NA,NA,NA,NA
468.396,5.6929,-17.3258,7.0537,-3.7069,57647.2360,94.2889,NA,NA,NA,NA,NA,NA,NA,NA,NA,NA
468.508,5.6921,-17.3375,7.0503,-3.7535,57647.2360,94.2889,NA,NA,NA,NA,NA,NA,NA,NA,NA,NA
468.595,5.6921,-17.3375,7.0470,-3.7981,26203.2480,-11.6870,NA,NA,NA,NA,NA,NA,NA,NA,NA,NA
468.691,5.6826,-17.4751,7.0376,-3.9264,28563.6440,-3.7318,NA,NA,NA,NA,NA,NA,NA,NA,NA,NA
468.782,5.6774,-17.5509,7.0343,-3.9720,28563.6440,-3.7318,NA,NA,NA,NA,NA,NA,NA,NA,NA,NA
468.932,5.6750,-17.5853,7.0328,-3.9929,23704.9880,-20.1069,NA,NA,NA,NA,NA,NA,NA,NA,NA,NA
469.025,5.6703,-17.6544,7.0314,-4.0114,25386.2040,-14.4407,NA,NA,NA,NA,NA,NA,NA,NA,NA,NA
469.081,5.6665,-17.7090,7.0277,-4.0624,48352.3560,62.9623,NA,NA,NA,NA,NA,NA,NA,NA,NA,NA
469.184,5.6582,-17.8294,7.0257,-4.0889,50923.2920,71.6271,NA,NA,NA,NA,NA,NA,NA,NA,NA,NA
469.281,5.6501,-17.9480,7.0234,-4.1207,50923.2920,71.6271,NA,NA,NA,NA,NA,NA,NA,NA,NA,NA
469.381,5.6485,-17.9701,7.0209,-4.1544,34338.1840,15.7302,NA,NA,NA,NA,NA,NA,NA,NA,NA,NA
469.508,5.6485,-17.9701,7.0177,-4.1988,34338.1840,15.7302,NA,NA,NA,NA,NA,NA,NA,NA,NA,NA
469.583,5.6476,-17.9835,7.0126,-4.2682,23889.9080,-19.4837,NA,NA,NA,NA,NA,NA,NA,NA,NA,NA
469.679,5.6476,-17.9835,7.0112,-4.2876,25499.8320,-14.0578,NA,NA,NA,NA,NA,NA,NA,NA,NA,NA
469.791,5.6423,-18.0609,7.0086,-4.3233,46596.8240,57.0456,NA,NA,NA,NA,NA,NA,NA,NA,NA,NA
469.873,5.6396,-18.0992,6.9978,-4.4706,49093.4520,65.4600,NA,NA,NA,NA,NA,NA,NA,NA,NA,NA
469.998,5.6348,-18.1702,6.9919,-4.5509,51476.5600,73.4918,NA,NA,NA,NA,NA,NA,NA,NA,NA,NA
470.064,5.6329,-18.1974,6.9911,-4.5617,51476.5600,73.4918,NA,NA,NA,NA,NA,NA,NA,NA,NA,NA
470.172,5.6285,-18.2613,6.9856,-4.6363,27100.0180,-8.6646,190730.1760,0.0000,NA,NA,NA,NA,NA,NA,NA,NA
470.261,5.6285,-18.2613,6.9832,-4.6695,53788.8920,81.2851,NA,NA,NA,NA,NA,NA,NA,NA,NA,NA
470.360,5.6240,-18.3257,6.9805,-4.7065,53788.8920,81.2851,NA,NA,NA,NA,NA,NA,NA,NA,NA,NA
470.467,5.6199,-18.3862,6.9800,-4.7126,26271.7180,-11.4563,NA,NA,NA,NA,NA,NA,NA,NA,NA,NA
470.567,5.6196,-18.3907,6.9755,-4.7740,28393.8680,-4.3040,NA,NA,NA,NA,NA,NA,NA,NA,NA,NA
470.659,5.6170,-18.4274,6.9725,-4.8152,31605.0620,6.5187,NA,NA,NA,NA,NA,NA,NA,NA,NA,NA
470.757,5.6167,-18.4318,6.9696,-4.8546,31605.0620,6.5187,NA,NA,NA,NA,NA,NA,NA,NA,NA,NA
470.846,5.6127,-18.4904,6.9575,-5.0203,22973.0260,-22.5739,NA,NA,NA,NA,NA,NA,NA,NA,NA,NA
470.955,5.6111,-18.5134,6.9508,-5.1123,24220.6860,-18.3689,NA,NA,NA,NA,NA,NA,NA,NA,NA,NA
471.069,5.6051,-18.6004,6.9479,-5.1513,42416.1160,42.9553,NA,NA,NA,NA,NA,NA,NA,NA,NA,NA
471.145,5.6005,-18.6679,6.9466,-5.1689,47810.9200,61.1375,NA,NA,NA,NA,NA,NA,NA,NA,NA,NA
471.248,5.5915,-18.7988,6.9416,-5.2377,55644.0640,87.5376,NA,NA,NA,NA,NA,NA,NA,NA,NA,NA
471.346,5.5884,-18.8427,6.9398,-5.2613,55644.0640,87.5376,NA,NA,NA,NA,NA,NA,NA,NA,NA,NA
471.446,5.5845,-18.9006,6.9379,-5.2879,26805.4540,-9.6574,187155.5520,0.0000,NA,NA,NA,NA,NA,NA,NA,NA
471.597,5.5845,-18.9006,6.9379,-5.2879,27929.1100,-5.8703,NA,NA,NA,NA,NA,NA,NA,NA,NA,NA
471.642,5.5837,-18.9117,6.9360,-5.3136,32616.1800,9.9265,NA,NA,NA,NA,NA,NA,NA,NA,NA,NA
471.741,5.5834,-18.9167,6.9344,-5.3360,32616.1800,9.9265,NA,NA,NA,NA,NA,NA,NA,NA,NA,NA
471.848,5.5797,-18.9691,6.9314,-5.3772,24015.5200,-19.0603,NA,NA,NA,NA,NA,NA,NA,NA,NA,NA
471.946,5.5754,-19.0320,6.9282,-5.4203,25585.0660,-13.7705,NA,NA,NA,NA,NA,NA,NA,NA,NA,NA
472.038,5.5656,-19.1741,6.9279,-5.4242,46887.8600,58.0265,NA,NA,NA,NA,NA,NA,NA,NA,NA,NA
472.134,5.5596,-19.2610,6.9255,-5.4578,50881.2600,71.4854,NA,NA,NA,NA,NA,NA,NA,NA,NA,NA
472.233,5.5532,-19.3538,6.9200,-5.5329,54343.8720,83.1555,NA,NA,NA,NA,NA,NA,NA,NA,NA,NA
472.348,5.5455,-19.4658,6.9079,-5.6974,54343.8720,83.1555,NA,NA,NA,NA,NA,NA,NA,NA,NA,NA
472.435,5.5417,-19.5221,6.9017,-5.7815,25091.3880,-15.4343,186543.2000,0.0000,NA,NA,NA,NA,NA,NA,NA,NA
472.554,5.5323,-19.6586,6.8980,-5.8320,49580.6240,67.1019,NA,NA,NA,NA,NA,NA,NA,NA,NA,NA
472.633,5.5289,-19.7075,6.8965,-5.8524,NA,NA,NA,NA,NA,NA,NA,NA,NA,NA,NA,NA
472.727,5.5248,-19.7663,6.8917,-5.9184,NA,NA,NA,NA,NA,NA,NA,NA,NA,NA,NA,NA
472.834,5.5214,-19.8170,6.8899,-5.9428,29475.3220,-0.6591,NA,NA,NA,NA,NA,NA,NA,NA,NA,NA
472.935,5.5243,-19.7740,6.8863,-5.9920,29614.8080,-0.1890,NA,NA,NA,NA,NA,NA,NA,NA,NA,NA
473.036,5.5268,-19.7383,6.8863,-5.9920,29614.8080,-0.1890,NA,NA,NA,NA,NA,NA,NA,NA,NA,NA
473.127,5.5282,-19.7169,6.8787,-6.0955,23749.6300,-19.9565,NA,NA,NA,NA,NA,NA,NA,NA,NA,NA
473.220,5.5292,-19.7024,6.8675,-6.2489,25200.3680,-15.0670,NA,NA,NA,NA,NA,NA,NA,NA,NA,NA
473.319,5.5292,-19.7024,6.8637,-6.3005,47797.3600,61.0918,NA,NA,NA,NA,NA,NA,NA,NA,NA,NA
473.419,5.5278,-19.7234,6.8637,-6.3005,50156.3360,69.0422,NA,NA,NA,NA,NA,NA,NA,NA,NA,NA
473.522,5.5276,-19.7270,6.8619,-6.3252,54452.2400,83.5207,NA,NA,NA,NA,NA,NA,NA,NA,NA,NA
473.632,5.5265,-19.7427,6.8624,-6.3192,54452.2400,83.5207,NA,NA,NA,NA,NA,NA,NA,NA,NA,NA
473.756,5.5256,-19.7558,6.8624,-6.3192,24441.4160,-17.6249,NA,NA,NA,NA,NA,NA,NA,NA,NA,NA
473.812,5.5269,-19.7367,6.8573,-6.3887,26309.2480,-11.3298,190990.7040,0.0000,NA,NA,NA,NA,NA,NA,NA,NA
473.927,5.5269,-19.7367,6.8564,-6.3999,30894.6000,4.1243,NA,NA,NA,NA,NA,NA,NA,NA,NA,NA
474.017,5.5302,-19.6890,6.8554,-6.4138,30894.6000,4.1243,NA,NA,NA,NA,NA,NA,NA,NA,NA,NA
474.124,5.5308,-19.6796,6.8524,-6.4547,22531.1640,-24.0631,NA,NA,NA,NA,NA,NA,NA,NA,NA,NA
474.212,5.5317,-19.6673,6.8478,-6.5182,23872.1520,-19.5435,NA,NA,NA,NA,NA,NA,NA,NA,NA,NA
474.343,5.5317,-19.6673,6.8431,-6.5823,41687.7280,40.5004,NA,NA,NA,NA,NA,NA,NA,NA,NA,NA
474.406,5.5306,-19.6828,6.8426,-6.5893,47450.0760,59.9213,NA,NA,NA,NA,NA,NA,NA,NA,NA,NA
474.505,5.5282,-19.7169,6.8426,-6.5893,55667.9560,87.6181,NA,NA,NA,NA,NA,NA,NA,NA,NA,NA
474.603,5.5266,-19.7404,6.8393,-6.6343,55667.9560,87.6181,NA,NA,NA,NA,NA,NA,NA,NA,NA,NA
474.710,5.5219,-19.8090,6.8378,-6.6538,26081.7680,-12.0964,NA,NA,NA,NA,NA,NA,NA,NA,NA,NA
474.804,5.5175,-19.8729,6.8378,-6.6538,28326.2780,-4.5318,NA,NA,NA,NA,NA,NA,NA,NA,NA,NA
474.961,5.5175,-19.8729,6.8372,-6.6624,31498.2600,6.1588,NA,NA,NA,NA,NA,NA,NA,NA,NA,NA
475.022,5.5176,-19.8711,6.8339,-6.7082,31498.2600,6.1588,NA,NA,NA,NA,NA,NA,NA,NA,NA,NA
475.101,5.5176,-19.8711,6.8314,-6.7419,22788.1100,-23.1971,NA,NA,NA,NA,NA,NA,NA,NA,NA,NA
475.193,5.5169,-19.8815,6.8269,-6.8038,24264.2820,-18.2219,NA,NA,NA,NA,NA,NA,NA,NA,NA,NA
475.293,5.5055,-20.0466,6.8256,-6.8206,42742.5720,44.0556,NA,NA,NA,NA,NA,NA,NA,NA,NA,NA
475.385,5.5008,-20.1162,6.8256,-6.8206,49008.6120,65.1740,NA,NA,NA,NA,NA,NA,NA,NA,NA,NA
475.552,5.4977,-20.1599,6.8145,-6.9731,57480.2120,93.7259,NA,NA,NA,NA,NA,NA,NA,NA,NA,NA
475.585,5.4954,-20.1945,6.8110,-7.0197,57480.2120,93.7259,NA,NA,NA,NA,NA,NA,NA,NA,NA,NA
475.694,5.4949,-20.2007,6.8110,-7.0197,26649.1240,-10.1843,191866.3520,0.0000,NA,NA,NA,NA,NA,NA,NA,NA
475.791,5.4943,-20.2106,6.8043,-7.1119,28780.7880,-2.9999,NA,NA,NA,NA,NA,NA,NA,NA,NA,NA
475.882,5.4936,-20.2199,6.8017,-7.1467,32997.9380,11.2132,NA,NA,NA,NA,NA,NA,NA,NA,NA,NA
475.983,5.4936,-20.2199,6.8011,-7.1556,32997.9380,11.2132,NA,NA,NA,NA,NA,NA,NA,NA,NA,NA
476.135,5.4946,-20.2051,6.8008,-7.1592,23853.0460,-19.6079,NA,NA,NA,NA,NA,NA,NA,NA,NA,NA
476.191,5.4946,-20.2051,6.7984,-7.1927,25484.0500,-14.1109,NA,NA,NA,NA,NA,NA,NA,NA,NA,NA
476.283,5.4906,-20.2643,6.7944,-7.2466,46696.8640,57.3827,NA,NA,NA,NA,NA,NA,NA,NA,NA,NA
476.381,5.4837,-20.3634,6.7905,-7.2995,50563.4400,70.4143,NA,NA,NA,NA,NA,NA,NA,NA,NA,NA
476.479,5.4745,-20.4976,6.7879,-7.3361,53909.5520,81.6917,NA,NA,NA,NA,NA,NA,NA,NA,NA,NA
476.573,5.4767,-20.4654,6.7879,-7.3361,53909.5520,81.6917,NA,NA,NA,NA,NA,NA,NA,NA,NA,NA
476.688,5.4767,-20.4654,6.7832,-7.3997,25747.0760,-13.2245,190949.3600,0.0000,NA,NA,NA,NA,NA,NA,NA,NA
476.770,5.4764,-20.4692,6.7792,-7.4539,50966.5040,71.7727,NA,NA,NA,NA,NA,NA,NA,NA,NA,NA
476.876,5.4779,-20.4486,6.7792,-7.4544,50966.5040,71.7727,NA,NA,NA,NA,NA,NA,NA,NA,NA,NA
476.972,5.4779,-20.4486,6.7776,-7.4761,26832.7440,-9.5654,NA,NA,NA,NA,NA,NA,NA,NA,NA,NA
477.077,5.4800,-20.4174,6.7744,-7.5203,26832.7440,-9.5654,NA,NA,NA,NA,NA,NA,NA,NA,NA,NA
477.174,5.4800,-20.4174,6.7712,-7.5640,25620.5220,-13.6510,NA,NA,NA,NA,NA,NA,NA,NA,NA,NA
477.291,5.4768,-20.4640,6.7705,-7.5725,47932.8680,61.5485,NA,NA,NA,NA,NA,NA,NA,NA,NA,NA
477.383,5.4715,-20.5408,6.7652,-7.6456,54160.2800,82.5367,NA,NA,NA,NA,NA,NA,NA,NA,NA,NA
477.471,5.4665,-20.6135,6.7630,-7.6760,59432.5560,100.3059,NA,NA,NA,NA,NA,NA,NA,NA,NA,NA
477.572,5.4652,-20.6325,6.7630,-7.6760,59432.5560,100.3059,NA,NA,NA,NA,NA,NA,NA,NA,NA,NA
477.669,5.4653,-20.6306,6.7583,-7.7394,26757.7640,-9.8181,NA,NA,NA,NA,NA,NA,NA,NA,NA,NA
477.755,5.4653,-20.6306,6.7559,-7.7719,28901.5000,-2.5931,NA,NA,NA,NA,NA,NA,NA,NA,NA,NA
477.854,5.4649,-20.6364,6.7545,-7.7922,28901.5000,-2.5931,NA,NA,NA,NA,NA,NA,NA,NA,NA,NA
477.958,5.4649,-20.6373,6.7522,-7.8233,21531.0200,-27.4339,NA,NA,NA,NA,NA,NA,NA,NA,NA,NA
478.057,5.4645,-20.6427,6.7522,-7.8229,23447.9280,-20.9733,NA,NA,NA,NA,NA,NA,NA,NA,NA,NA
478.160,5.4645,-20.6427,6.7522,-7.8229,26137.0880,-11.9100,NA,NA,NA,NA,NA,NA,NA,NA,NA,NA
478.251,5.4620,-20.6786,6.7505,-7.8459,49607.6240,67.1929,NA,NA,NA,NA,NA,NA,NA,NA,NA,NA
478.349,5.4602,-20.7058,6.7505,-7.8459,55532.5920,87.1619,NA,NA,NA,NA,NA,NA,NA,NA,NA,NA
478.442,5.4531,-20.8081,6.7425,-7.9553,60165.8280,102.7773,NA,NA,NA,NA,NA,NA,NA,NA,NA,NA
478.538,5.4521,-20.8231,6.7421,-7.9607,60165.8280,102.7773,NA,NA,NA,NA,NA,NA,NA,NA,NA,NA
478.639,5.4525,-20.8163,6.7421,-7.9607,27417.5720,-7.5944,NA,NA,NA,NA,NA,NA,NA,NA,NA,NA
478.756,5.4525,-20.8163,6.7380,-8.0166,29434.2560,-0.7975,NA,NA,NA,NA,NA,NA,NA,NA,NA,NA
478.838,5.4510,-20.8393,6.7346,-8.0630,29434.2560,-0.7975,NA,NA,NA,NA,NA,NA,NA,NA,NA,NA
478.932,5.4529,-20.8111,6.7314,-8.1074,21958.7420,-25.9923,NA,NA,NA,NA,NA,NA,NA,NA,NA,NA
479.100,5.4529,-20.8111,6.7297,-8.1296,24107.8880,-18.7490,NA,NA,NA,NA,NA,NA,NA,NA,NA,NA
479.130,5.4525,-20.8174,6.7279,-8.1546,44726.9960,50.7437,NA,NA,NA,NA,NA,NA,NA,NA,NA,NA
479.227,5.4462,-20.9091,6.7224,-8.2293,51021.1320,71.9569,NA,NA,NA,NA,NA,NA,NA,NA,NA,NA
479.325,5.4423,-20.9649,6.7224,-8.2293,56766.8640,91.3217,NA,NA,NA,NA,NA,NA,NA,NA,NA,NA
479.430,5.4411,-20.9831,6.7248,-8.1972,60817.8520,104.9748,NA,NA,NA,NA,NA,NA,NA,NA,NA,NA
479.525,5.4368,-21.0452,6.7248,-8.1972,60817.8520,104.9748,NA,NA,NA,NA,NA,NA,NA,NA,NA,NA
479.620,5.4345,-21.0786,6.7250,-8.1948,28028.0000,-5.5370,NA,NA,NA,NA,NA,NA,NA,NA,NA,NA
479.726,5.4352,-21.0688,6.7250,-8.1948,29753.4960,0.2784,NA,NA,NA,NA,NA,NA,NA,NA,NA,NA
479.822,5.4352,-21.0688,6.7211,-8.2480,29753.4960,0.2784,NA,NA,NA,NA,NA,NA,NA,NA,NA,NA
479.914,5.4356,-21.0621,6.7165,-8.3108,22494.7260,-24.1859,NA,NA,NA,NA,NA,NA,NA,NA,NA,NA
480.034,5.4365,-21.0491,6.7147,-8.3350,24827.7220,-16.3230,NA,NA,NA,NA,NA,NA,NA,NA,NA,NA
480.110,5.4365,-21.0491,6.7094,-8.4070,46683.8520,57.3389,NA,NA,NA,NA,NA,NA,NA,NA,NA,NA
480.218,5.4319,-21.1159,6.7095,-8.4055,52657.8920,77.4732,NA,NA,NA,NA,NA,NA,NA,NA,NA,NA
480.312,5.4279,-21.1741,6.7095,-8.4055,52657.8920,77.4732,NA,NA,NA,NA,NA,NA,NA,NA,NA,NA
480.412,5.4244,-21.2246,6.7074,-8.4345,32105.5740,8.2056,NA,NA,NA,NA,NA,NA,NA,NA,NA,NA
480.517,5.4250,-21.2161,6.7071,-8.4388,32105.5740,8.2056,NA,NA,NA,NA,NA,NA,NA,NA,NA,NA
480.618,5.4262,-21.1984,6.7051,-8.4666,23951.7620,-19.2752,NA,NA,NA,NA,NA,NA,NA,NA,NA,NA
480.706,5.4262,-21.1984,6.7028,-8.4973,25588.2300,-13.7598,NA,NA,NA,NA,NA,NA,NA,NA,NA,NA
480.803,5.4239,-21.2319,6.7022,-8.5054,46490.0400,56.6857,NA,NA,NA,NA,NA,NA,NA,NA,NA,NA
480.915,5.4212,-21.2709,6.7021,-8.5075,51024.7360,71.9690,NA,NA,NA,NA,NA,NA,NA,NA,NA,NA
481.000,5.4204,-21.2834,6.7015,-8.5151,55262.8080,86.2526,NA,NA,NA,NA,NA,NA,NA,NA,NA,NA
481.097,5.4195,-21.2959,6.7005,-8.5288,55262.8080,86.2526,NA,NA,NA,NA,NA,NA,NA,NA,NA,NA
481.200,5.4195,-21.2959,6.6991,-8.5478,24994.0260,-15.7625,187193.5680,0.0000,NA,NA,NA,NA,NA,NA,NA,NA
481.312,5.4180,-21.3176,6.6984,-8.5579,49849.3880,68.0077,NA,NA,NA,NA,NA,NA,NA,NA,NA,NA
481.394,5.4187,-21.3077,6.6998,-8.5386,49849.3880,68.0077,NA,NA,NA,NA,NA,NA,NA,NA,NA,NA
481.518,5.4187,-21.3077,6.6998,-8.5386,26881.0940,-9.4025,NA,NA,NA,NA,NA,NA,NA,NA,NA,NA
481.597,5.4198,-21.2924,6.6968,-8.5793,29518.7080,-0.5129,188869.3120,0.0000,NA,NA,NA,NA,NA,NA,NA,NA
481.706,5.4199,-21.2897,6.6968,-8.5793,29518.7080,-0.5129,NA,NA,NA,NA,NA,NA,NA,NA,NA,NA
481.802,5.4199,-21.2897,6.6958,-8.5926,29440.7000,-0.7758,NA,NA,NA,NA,NA,NA,NA,NA,NA,NA
481.887,5.4162,-21.3445,6.6881,-8.6980,23659.8820,-20.2589,NA,NA,NA,NA,NA,NA,NA,NA,NA,NA
481.992,5.4160,-21.3465,6.6839,-8.7560,25487.3720,-14.0997,NA,NA,NA,NA,NA,NA,NA,NA,NA,NA
482.123,5.4130,-21.3907,6.6760,-8.8625,48651.5440,63.9706,NA,NA,NA,NA,NA,NA,NA,NA,NA,NA
482.183,5.4021,-21.5481,6.6635,-9.0335,51273.1880,72.8064,NA,NA,NA,NA,NA,NA,NA,NA,NA,NA
482.288,5.3996,-21.5855,6.6486,-9.2378,54344.8640,83.1588,NA,NA,NA,NA,NA,NA,NA,NA,NA,NA
482.395,5.3964,-21.6322,6.6397,-9.3589,54344.8640,83.1588,NA,NA,NA,NA,NA,NA,NA,NA,NA,NA
482.498,5.3949,-21.6535,6.6292,-9.5020,24972.8740,-15.8338,NA,NA,NA,NA,NA,NA,NA,NA,NA,NA
482.596,5.3865,-21.7755,6.6173,-9.6648,26513.7160,-10.6407,NA,NA,NA,NA,NA,NA,NA,NA,NA,NA
482.707,5.4481,-20.8808,6.6504,-9.2132,29482.9920,-0.6333,NA,NA,NA,NA,NA,NA,NA,NA,NA,NA
482.776,5.6264,-18.2921,6.8476,-6.5200,29482.9920,-0.6333,NA,NA,NA,NA,NA,NA,NA,NA,NA,NA
482.881,5.7680,-16.2348,6.9811,-4.6986,24228.5040,-18.3425,NA,NA,NA,NA,NA,NA,NA,NA,NA,NA
482.970,5.8493,-15.0548,7.1236,-2.7526,25795.0120,-13.0629,NA,NA,NA,NA,NA,NA,NA,NA,NA,NA
483.077,5.9309,-13.8698,7.2475,-1.0607,49108.8320,65.5118,NA,NA,NA,NA,NA,NA,NA,NA,NA,NA
483.173,6.0284,-12.4532,7.3123,-0.1772,51330.3000,72.9988,NA,NA,NA,NA,NA,NA,NA,NA,NA,NA
483.300,6.0638,-11.9395,7.3405,0.2084,55312.0960,86.4187,NA,NA,NA,NA,NA,NA,NA,NA,NA,NA
483.366,6.0790,-11.7182,7.3560,0.4196,55312.0960,86.4187,NA,NA,NA,NA,NA,NA,NA,NA,NA,NA
483.462,6.0808,-11.6926,7.3578,0.4445,25404.9660,-14.3775,NA,NA,NA,NA,NA,NA,NA,NA,NA,NA
483.562,6.0808,-11.6926,7.3639,0.5273,27150.5520,-8.4943,NA,NA,NA,NA,NA,NA,NA,NA,NA,NA
483.651,6.0777,-11.7369,7.3639,0.5273,27150.5520,-8.4943,NA,NA,NA,NA,NA,NA,NA,NA,NA,NA
483.765,6.0715,-11.8282,7.3641,0.5310,22431.0900,-24.4004,NA,NA,NA,NA,NA,NA,NA,NA,NA,NA
483.870,6.0673,-11.8891,7.3646,0.5373,50611.8720,70.5775,NA,NA,NA,NA,NA,NA,NA,NA,NA,NA
483.961,6.1034,-11.3638,7.4242,1.3514,53243.1080,79.4456,NA,NA,NA,NA,NA,NA,NA,NA,NA,NA
484.062,6.2476,-9.2709,7.5378,2.9011,53243.1080,79.4456,NA,NA,NA,NA,NA,NA,NA,NA,NA,NA
484.158,6.4079,-6.9422,7.7082,5.2275,28270.6380,-4.7193,193377.1840,0.0000,NA,NA,NA,NA,NA,NA,NA,NA
484.308,6.6056,-4.0718,7.8729,7.4762,56302.8160,89.7577,NA,NA,NA,NA,NA,NA,NA,NA,NA,NA
484.395,6.8510,-0.5068,7.9919,9.1006,56302.8160,89.7577,NA,NA,NA,NA,NA,NA,NA,NA,NA,NA
484.447,7.0627,2.5662,8.0610,10.0446,26781.9260,-9.7367,190275.9200,0.0000,NA,NA,NA,NA,NA,NA,NA,NA
484.552,7.1148,3.3241,8.0862,10.3882,57531.8640,93.9000,NA,NA,NA,NA,NA,NA,NA,NA,NA,NA
484.649,7.1443,3.7521,8.0909,10.4524,57531.8640,93.9000,NA,NA,NA,NA,NA,NA,NA,NA,NA,NA
484.749,7.1551,3.9087,8.0942,10.4978,25770.4520,-13.1457,NA,NA,NA,NA,NA,NA,NA,NA,NA,NA
484.853,7.1551,3.9087,8.0949,10.5071,25770.4520,-13.1457,NA,NA,NA,NA,NA,NA,NA,NA,NA,NA
484.943,7.1491,3.8217,8.0949,10.5071,25772.7880,-13.1378,NA,NA,NA,NA,NA,NA,NA,NA,NA,NA
485.047,7.1274,3.5062,8.0795,10.2973,46807.6920,57.7563,NA,NA,NA,NA,NA,NA,NA,NA,NA,NA
485.182,7.1339,3.6015,8.0763,10.2529,50980.6320,71.8204,NA,NA,NA,NA,NA,NA,NA,NA,NA,NA
485.237,7.1404,3.6949,8.0867,10.3949,54690.8640,84.3250,NA,NA,NA,NA,NA,NA,NA,NA,NA,NA
485.339,7.1706,4.1343,8.0961,10.5229,54690.8640,84.3250,NA,NA,NA,NA,NA,NA,NA,NA,NA,NA
485.436,7.2029,4.6034,8.1438,11.1744,25326.3020,-14.6426,191510.2560,0.0000,NA,NA,NA,NA,NA,NA,NA,NA
485.544,7.2670,5.5341,8.1611,11.4102,50270.3120,69.4264,NA,NA,NA,NA,NA,NA,NA,NA,NA,NA
485.638,7.3049,6.0842,8.1822,11.6988,50270.3120,69.4264,NA,NA,NA,NA,NA,NA,NA,NA,NA,NA
485.761,7.3242,6.3647,8.2119,12.1036,27015.3140,-8.9501,NA,NA,NA,NA,NA,NA,NA,NA,NA,NA
485.843,7.3349,6.5197,8.2196,12.2093,29202.7980,-1.5776,191734.9600,0.0000,NA,NA,NA,NA,NA,NA,NA,NA
485.943,7.3442,6.6553,8.2196,12.2093,63142.0240,112.8080,NA,NA,NA,NA,NA,NA,NA,NA,NA,NA
486.048,7.3442,6.6553,8.2187,12.1973,63142.0240,112.8080,NA,NA,NA,NA,NA,NA,NA,NA,NA,NA
486.145,7.3333,6.4965,8.2137,12.1286,27364.7800,-7.7723,NA,NA,NA,NA,NA,NA,NA,NA,NA,NA
486.247,7.3242,6.3651,8.2065,12.0301,25610.3860,-13.6851,NA,NA,NA,NA,NA,NA,NA,NA,NA,NA
486.366,7.3107,6.1679,8.1720,11.5597,47676.7240,60.6852,NA,NA,NA,NA,NA,NA,NA,NA,NA,NA
486.436,7.2922,5.8997,8.1500,11.2589,49986.0400,68.4683,NA,NA,NA,NA,NA,NA,NA,NA,NA,NA
486.524,7.2692,5.5659,8.1229,10.8890,54377.2520,83.2680,NA,NA,NA,NA,NA,NA,NA,NA,NA,NA
486.624,7.2566,5.3832,8.0917,10.4626,54377.2520,83.2680,NA,NA,NA,NA,NA,NA,NA,NA,NA,NA
486.726,7.2538,5.3418,8.0732,10.2100,24655.3140,-16.9040,NA,NA,NA,NA,NA,NA,NA,NA,NA,NA
486.822,7.2448,5.2117,8.0539,9.9474,26609.8680,-10.3166,195644.3360,0.0000,NA,NA,NA,NA,NA,NA,NA,NA
486.917,7.2335,5.0480,8.0419,9.7833,53347.0800,79.7960,NA,NA,NA,NA,NA,NA,NA,NA,NA,NA
487.018,7.2279,4.9666,8.0125,9.3826,53347.0800,79.7960,NA,NA,NA,NA,NA,NA,NA,NA,NA,NA
487.118,7.2202,4.8536,7.9984,9.1894,29206.5800,-1.5649,197047.1840,0.0000,NA,NA,NA,NA,NA,NA,NA,NA
487.213,7.2127,4.7453,7.9856,9.0150,59463.0320,100.4086,NA,NA,NA,NA,NA,NA,NA,NA,NA,NA
487.321,7.1902,4.4180,7.9721,8.8299,59463.0320,100.4086,NA,NA,NA,NA,NA,NA,NA,NA,NA,NA
487.419,7.1778,4.2390,7.9604,8.6706,26969.4020,-9.1048,NA,NA,NA,NA,NA,NA,NA,NA,NA,NA
487.562,7.1706,4.1343,7.9535,8.5759,25144.8020,-15.2543,NA,NA,NA,NA,NA,NA,NA,NA,NA,NA
487.618,7.1661,4.0679,7.9457,8.4704,47092.5920,58.7165,NA,NA,NA,NA,NA,NA,NA,NA,NA,NA
487.712,7.1616,4.0030,7.9424,8.4253,52158.1640,75.7890,NA,NA,NA,NA,NA,NA,NA,NA,NA,NA
487.815,7.1381,3.6618,7.9367,8.3477,55561.0480,87.2578,NA,NA,NA,NA,NA,NA,NA,NA,NA,NA
487.911,7.1337,3.5983,7.9281,8.2302,58266.0960,96.3746,NA,NA,NA,NA,NA,NA,NA,NA,NA,NA
488.000,7.1285,3.5225,7.9204,8.1252,58266.0960,96.3746,NA,NA,NA,NA,NA,NA,NA,NA,NA,NA
488.134,7.1265,3.4936,7.9083,7.9590,27341.5880,-7.8505,NA,NA,NA,NA,NA,NA,NA,NA,NA,NA
488.202,7.1063,3.1998,7.9013,7.8643,28851.3400,-2.7621,NA,NA,NA,NA,NA,NA,NA,NA,NA,NA
488.298,7.0986,3.0885,7.8901,7.7114,28851.3400,-2.7621,NA,NA,NA,NA,NA,NA,NA,NA,NA,NA
488.399,7.0730,2.7162,7.8869,7.6678,23121.5280,-22.0734,NA,NA,NA,NA,NA,NA,NA,NA,NA,NA
488.492,7.0694,2.6639,7.8848,7.6389,25445.9220,-14.2394,NA,NA,NA,NA,NA,NA,NA,NA,NA,NA
488.591,7.0694,2.6639,7.8643,7.3587,48583.3680,63.7408,NA,NA,NA,NA,NA,NA,NA,NA,NA,NA
488.713,7.0434,2.2867,7.8597,7.2963,53055.7680,78.8142,NA,NA,NA,NA,NA,NA,NA,NA,NA,NA
488.791,7.0369,2.1922,7.8510,7.1770,55722.9960,87.8036,NA,NA,NA,NA,NA,NA,NA,NA,NA,NA
488.886,7.0154,1.8800,7.8455,7.1022,55722.9960,87.8036,NA,NA,NA,NA,NA,NA,NA,NA,NA,NA
488.991,6.9790,1.3519,7.8455,7.1022,25607.8040,-13.6939,NA,NA,NA,NA,NA,NA,NA,NA,NA,NA
489.087,6.9649,1.1461,7.8423,7.0579,27216.3400,-8.2726,NA,NA,NA,NA,NA,NA,NA,NA,NA,NA
489.187,6.9597,1.0715,7.8345,6.9527,29211.5480,-1.5481,NA,NA,NA,NA,NA,NA,NA,NA,NA,NA
489.277,6.9370,0.7415,7.8287,6.8734,29211.5480,-1.5481,NA,NA,NA,NA,NA,NA,NA,NA,NA,NA
489.389,6.9351,0.7134,7.8214,6.7733,23814.7940,-19.7368,NA,NA,NA,NA,NA,NA,NA,NA,NA,NA
489.484,6.8981,0.1763,7.8138,6.6687,25947.6020,-12.5486,NA,NA,NA,NA,NA,NA,NA,NA,NA,NA
489.600,6.8622,-0.3454,7.8090,6.6043,49723.8800,67.5847,NA,NA,NA,NA,NA,NA,NA,NA,NA,NA
489.673,6.8255,-0.8778,7.8005,6.4878,53676.2520,80.9054,NA,NA,NA,NA,NA,NA,NA,NA,NA,NA
489.767,6.8027,-1.2093,7.7956,6.4213,56155.7360,89.2620,NA,NA,NA,NA,NA,NA,NA,NA,NA,NA
489.868,6.7928,-1.3531,7.7901,6.3461,56155.7360,89.2620,NA,NA,NA,NA,NA,NA,NA,NA,NA,NA
489.972,6.7877,-1.4261,7.7852,6.2789,26223.0380,-11.6203,NA,NA,NA,NA,NA,NA,NA,NA,NA,NA
490.071,6.7742,-1.6227,7.7831,6.2507,26223.0380,-11.6203,NA,NA,NA,NA,NA,NA,NA,NA,NA,NA
490.168,6.7742,-1.6227,7.7764,6.1582,26182.8820,-11.7557,NA,NA,NA,NA,NA,NA,NA,NA,NA,NA
490.278,6.7607,-1.8188,7.7682,6.0464,47961.3000,61.6443,NA,NA,NA,NA,NA,NA,NA,NA,NA,NA
490.370,6.7537,-1.9209,7.7649,6.0022,51636.0440,74.0293,NA,NA,NA,NA,NA,NA,NA,NA,NA,NA
490.479,6.7514,-1.9532,7.7553,5.8701,54754.8240,84.5405,NA,NA,NA,NA,NA,NA,NA,NA,NA,NA
490.604,6.7416,-2.0960,7.7388,5.6458,54754.8240,84.5405,NA,NA,NA,NA,NA,NA,NA,NA,NA,NA
490.656,6.7416,-2.0960,7.7312,5.5415,26661.9980,-10.1409,196411.2160,0.0000,NA,NA,NA,NA,NA,NA,NA,NA
490.757,6.7361,-2.1766,7.7176,5.3567,52515.2880,76.9926,NA,NA,NA,NA,NA,NA,NA,NA,NA,NA
490.861,6.7265,-2.3152,7.7101,5.2532,52515.2880,76.9926,NA,NA,NA,NA,NA,NA,NA,NA,NA,NA
490.955,6.7225,-2.3736,7.7026,5.1510,27534.7940,-7.1993,186878.3040,0.0000,NA,NA,NA,NA,NA,NA,NA,NA
491.052,6.7194,-2.4190,7.6882,4.9543,58833.6800,98.2875,NA,NA,NA,NA,NA,NA,NA,NA,NA,NA
491.163,6.7177,-2.4438,7.6807,4.8526,NA,NA,NA,NA,NA,NA,NA,NA,NA,NA,NA,NA
491.256,6.7052,-2.6250,7.6764,4.7940,NA,NA,NA,NA,NA,NA,NA,NA,NA,NA,NA,NA
491.356,6.6988,-2.7184,7.6593,4.5600,31144.3980,4.9662,NA,NA,NA,NA,NA,NA,NA,NA,NA,NA
491.454,6.6992,-2.7115,7.6535,4.4815,32517.4180,9.5937,NA,NA,NA,NA,NA,NA,NA,NA,NA,NA
491.551,6.6992,-2.7115,7.6492,4.4230,32517.4180,9.5937,NA,NA,NA,NA,NA,NA,NA,NA,NA,NA
491.647,6.6934,-2.7967,7.6391,4.2846,23217.1120,-21.7512,NA,NA,NA,NA,NA,NA,NA,NA,NA,NA
491.749,6.6740,-3.0776,7.6344,4.2202,24839.2740,-16.2840,NA,NA,NA,NA,NA,NA,NA,NA,NA,NA
491.864,6.6666,-3.1859,7.6286,4.1406,45014.2400,51.7118,NA,NA,NA,NA,NA,NA,NA,NA,NA,NA
491.967,6.6534,-3.3777,7.6201,4.0253,45014.2400,51.7118,NA,NA,NA,NA,NA,NA,32408.9960,0.0000,NA,NA
492.061,6.6487,-3.4453,7.6149,3.9543,26133.2040,-11.9231,192057.5520,0.0000,NA,NA,NA,NA,NA,NA,NA,NA
492.160,6.6459,-3.4857,7.6105,3.8943,51917.5160,74.9779,NA,NA,NA,NA,NA,NA,NA,NA,NA,NA
492.324,6.6259,-3.7758,7.6021,3.7794,51917.5160,74.9779,NA,NA,NA,NA,NA,NA,NA,NA,NA,NA
492.358,6.6194,-3.8711,7.5870,3.5738,28425.4300,-4.1976,193029.5360,0.0000,NA,NA,NA,NA,NA,NA,NA,NA
492.455,6.6099,-4.0091,7.5801,3.4788,58285.5680,96.4402,NA,NA,NA,NA,NA,NA,NA,NA,NA,NA
492.560,6.5877,-4.3309,7.5746,3.4040,58285.5680,96.4402,NA,NA,NA,NA,NA,NA,NA,NA,NA,NA
492.663,6.5764,-4.4959,7.5717,3.3641,26414.8320,-10.9739,194626.0480,0.0000,NA,NA,NA,NA,NA,NA,NA,NA
492.766,6.5733,-4.5400,7.5638,3.2570,28793.8920,-2.9558,NA,NA,NA,NA,NA,NA,NA,NA,NA,NA
492.858,6.5654,-4.6557,7.5486,3.0496,32917.7960,10.9431,NA,NA,NA,NA,NA,NA,NA,NA,NA,NA
492.975,6.5530,-4.8348,7.5398,2.9293,32917.7960,10.9431,NA,NA,NA,NA,NA,NA,NA,NA,NA,NA
493.053,6.5284,-5.1928,7.5247,2.7226,23851.6180,-19.6127,NA,NA,NA,NA,NA,NA,NA,NA,NA,NA
493.149,6.5168,-5.3609,7.5187,2.6411,25425.3180,-14.3089,NA,NA,NA,NA,NA,NA,NA,NA,NA,NA
493.253,6.4917,-5.7247,7.5117,2.5447,46609.3120,57.0877,NA,NA,NA,NA,NA,NA,NA,NA,NA,NA
493.351,6.4674,-6.0783,7.5006,2.3932,50532.3000,70.3093,NA,NA,NA,NA,NA,NA,NA,NA,NA,NA
493.446,6.4407,-6.4662,7.4972,2.3468,53918.6000,81.7222,NA,NA,NA,NA,NA,NA,NA,NA,NA,NA
493.551,6.4291,-6.6343,7.4850,2.1804,53918.6000,81.7222,NA,NA,NA,NA,NA,NA,NA,NA,NA,NA
493.643,6.4029,-7.0156,7.4833,2.1576,25608.2040,-13.6925,192487.5040,0.0000,NA,NA,NA,NA,NA,NA,NA,NA
493.746,6.3885,-7.2243,7.4758,2.0553,50695.1720,70.8583,NA,NA,NA,NA,NA,NA,NA,NA,NA,NA
493.846,6.3682,-7.5187,7.4734,2.0224,NA,NA,NA,NA,NA,NA,NA,NA,NA,NA,NA,NA
493.943,6.3564,-7.6908,7.4609,1.8524,NA,NA,NA,NA,NA,NA,NA,NA,NA,NA,NA,NA
494.040,6.3450,-7.8556,7.4428,1.6042,30249.8620,1.9513,NA,NA,NA,NA,NA,NA,NA,NA,NA,NA
494.182,6.3376,-7.9629,7.4428,1.6042,30292.2660,2.0942,NA,NA,NA,NA,NA,NA,NA,NA,NA,NA
494.236,6.3331,-8.0283,7.4402,1.5698,30292.2660,2.0942,NA,NA,NA,NA,NA,NA,NA,NA,NA,NA
494.338,6.3234,-8.1689,7.4305,1.4371,23692.8920,-20.1477,NA,NA,NA,NA,NA,NA,NA,NA,NA,NA
494.439,6.3224,-8.1845,7.4263,1.3794,25075.9020,-15.4865,NA,NA,NA,NA,NA,NA,NA,NA,NA,NA
494.542,6.3159,-8.2785,7.4219,1.3190,46836.2160,57.8524,NA,NA,NA,NA,NA,NA,NA,NA,NA,NA
494.646,6.2973,-8.5478,7.4196,1.2886,47078.1920,58.6679,NA,NA,NA,NA,NA,NA,NA,NA,NA,NA
494.758,6.2807,-8.7898,7.4178,1.2636,47078.1920,58.6679,NA,NA,NA,NA,NA,NA,NA,NA,NA,NA
494.850,6.2567,-9.1383,7.4141,1.2129,30491.5900,2.7660,NA,NA,NA,NA,NA,NA,NA,NA,NA,NA
494.949,6.2428,-9.3397,7.4089,1.1423,30491.5900,2.7660,NA,NA,NA,NA,NA,NA,NA,NA,NA,NA
495.057,6.2252,-9.5948,7.4040,1.0755,22468.8980,-24.2729,NA,NA,NA,NA,NA,NA,NA,NA,NA,NA
495.146,6.2022,-9.9297,7.4000,1.0199,29236.9480,-1.4625,NA,NA,NA,NA,NA,NA,NA,NA,NA,NA
495.259,6.1897,-10.1109,7.3993,1.0114,29236.9480,-1.4625,NA,NA,NA,NA,NA,NA,NA,NA,NA,NA
495.357,6.1760,-10.3101,7.3923,0.9151,21679.1800,-26.9345,NA,NA,NA,NA,NA,NA,NA,NA,NA,NA
495.451,6.1705,-10.3895,7.3815,0.7673,22952.9780,-22.6414,NA,NA,NA,NA,NA,NA,NA,NA,NA,NA
495.560,6.1651,-10.4685,7.3703,0.6152,24974.5400,-15.8281,NA,NA,NA,NA,NA,NA,NA,NA,NA,NA
495.645,6.1548,-10.6184,7.3647,0.5388,44945.8800,51.4814,NA,NA,NA,NA,NA,NA,NA,NA,NA,NA
495.737,6.1444,-10.7685,7.3580,0.4471,52127.6560,75.6862,NA,NA,NA,NA,NA,NA,NA,NA,NA,NA
495.839,6.1365,-10.8840,7.3567,0.4293,60049.0200,102.3836,NA,NA,NA,NA,NA,NA,NA,NA,NA,NA
495.957,6.1304,-10.9725,7.3570,0.4333,60049.0200,102.3836,NA,NA,NA,NA,NA,NA,NA,NA,NA,NA
496.037,6.1170,-11.1673,7.3570,0.4333,27355.1940,-7.8046,NA,NA,NA,NA,NA,NA,NA,NA,NA,NA
496.131,6.1064,-11.3207,7.3511,0.3522,30119.2800,1.5112,NA,NA,NA,NA,NA,NA,NA,NA,NA,NA
496.230,6.0948,-11.4888,7.3473,0.3003,30119.2800,1.5112,NA,NA,NA,NA,NA,NA,NA,NA,NA,NA
496.320,6.0817,-11.6794,7.3438,0.2539,22102.1060,-25.5091,NA,NA,NA,NA,NA,NA,NA,NA,NA,NA
496.426,6.0734,-11.8005,7.3401,0.2026,23398.4340,-21.1401,NA,NA,NA,NA,NA,NA,NA,NA,NA,NA
496.521,6.0681,-11.8765,7.3347,0.1293,40966.4480,38.0695,NA,NA,NA,NA,NA,NA,NA,NA,NA,NA
496.616,6.0638,-11.9391,7.3316,0.0873,41322.9160,39.2709,NA,NA,NA,NA,NA,NA,NA,NA,NA,NA
496.721,6.0592,-12.0056,7.3300,0.0643,54000.8440,81.9994,NA,NA,NA,NA,NA,NA,NA,NA,NA,NA
496.816,6.0575,-12.0311,7.3231,-0.0291,61615.6400,107.6636,NA,NA,NA,NA,NA,NA,NA,NA,NA,NA
496.916,6.0464,-12.1923,7.3120,-0.1803,61615.6400,107.6636,NA,NA,NA,NA,NA,NA,NA,NA,NA,NA
497.012,6.0326,-12.3922,7.3064,-0.2573,28086.8460,-5.3387,NA,NA,NA,NA,NA,NA,NA,NA,NA,NA
497.122,6.0279,-12.4615,7.3019,-0.3191,30886.4680,4.0969,NA,NA,NA,NA,NA,NA,NA,NA,NA,NA
497.204,6.0205,-12.5677,7.2991,-0.3567,30886.4680,4.0969,NA,NA,NA,NA,NA,NA,NA,NA,NA,NA
497.308,6.0040,-12.8073,7.2892,-0.4924,22461.7300,-24.2971,NA,NA,NA,NA,NA,NA,NA,NA,NA,NA
497.409,5.9933,-12.9632,7.2831,-0.5752,23870.1820,-19.5502,NA,NA,NA,NA,NA,NA,NA,NA,NA,NA
497.515,5.9866,-13.0606,7.2799,-0.6195,41900.4560,41.2174,NA,NA,NA,NA,NA,NA,NA,NA,NA,NA
497.618,5.9763,-13.2105,7.2776,-0.6499,47969.0000,61.6702,NA,NA,NA,NA,NA,NA,NA,NA,NA,NA
497.771,5.9600,-13.4465,7.2685,-0.7750,55824.8480,88.1468,NA,NA,NA,NA,NA,NA,NA,NA,NA,NA
497.808,5.9512,-13.5748,7.2646,-0.8279,55824.8480,88.1468,NA,NA,NA,NA,NA,NA,NA,NA,NA,NA
497.915,5.9471,-13.6342,7.2563,-0.9414,25841.2820,-12.9070,NA,NA,NA,NA,NA,NA,NA,NA,NA,NA
497.997,5.9420,-13.7085,7.2495,-1.0342,25841.2820,-12.9070,NA,NA,NA,NA,NA,NA,NA,NA,NA,NA
498.095,5.9384,-13.7609,7.2422,-1.1336,26284.0520,-11.4147,NA,NA,NA,NA,NA,NA,NA,NA,NA,NA
498.194,5.9174,-14.0658,7.2373,-1.2008,49944.0320,68.3267,NA,NA,NA,NA,NA,NA,NA,NA,NA,NA
498.351,5.9065,-14.2233,7.2324,-1.2675,53586.4600,80.6028,NA,NA,NA,NA,NA,NA,NA,NA,NA,NA
498.387,5.8931,-14.4191,7.2275,-1.3344,55966.5360,88.6244,NA,NA,NA,NA,NA,NA,NA,NA,NA,NA
498.486,5.8862,-14.5185,7.2208,-1.4261,55966.5360,88.6244,NA,NA,NA,NA,NA,NA,NA,NA,NA,NA
498.585,5.8776,-14.6441,7.2168,-1.4812,26211.0060,-11.6609,NA,NA,NA,NA,NA,NA,NA,NA,NA,NA
498.683,5.8723,-14.7204,7.2161,-1.4894,27682.0500,-6.7030,NA,NA,NA,NA,NA,NA,NA,NA,NA,NA
498.782,5.8706,-14.7451,7.2069,-1.6150,27682.0500,-6.7030,NA,NA,NA,NA,NA,NA,NA,NA,NA,NA
498.877,5.8706,-14.7451,7.2011,-1.6943,22004.4800,-25.8382,NA,NA,NA,NA,NA,NA,NA,NA,NA,NA
498.981,5.8697,-14.7589,7.1910,-1.8322,24284.6400,-18.1533,NA,NA,NA,NA,NA,NA,NA,NA,NA,NA
499.084,5.8660,-14.8117,7.1882,-1.8703,26500.9140,-10.6838,NA,NA,NA,NA,NA,NA,NA,NA,NA,NA
499.170,5.8519,-15.0168,7.1851,-1.9134,51127.8080,72.3164,NA,NA,NA,NA,NA,NA,NA,NA,NA,NA
499.278,5.8438,-15.1340,7.1831,-1.9410,54404.5120,83.3599,NA,NA,NA,NA,NA,NA,NA,NA,NA,NA
499.365,5.8287,-15.3537,7.1753,-2.0465,56971.2520,92.0106,NA,NA,NA,NA,NA,NA,NA,NA,NA,NA
499.467,5.8239,-15.4229,7.1686,-2.1390,56971.2520,92.0106,NA,NA,NA,NA,NA,NA,NA,NA,NA,NA
499.568,5.8083,-15.6498,7.1646,-2.1931,26715.9680,-9.9590,NA,NA,NA,NA,NA,NA,NA,NA,NA,NA
499.662,5.8016,-15.7479,7.1627,-2.2195,28262.3340,-4.7473,NA,NA,NA,NA,NA,NA,NA,NA,NA,NA
499.760,5.7988,-15.7880,7.1585,-2.2758,28262.3340,-4.7473,NA,NA,NA,NA,NA,NA,NA,NA,NA,NA
499.857,5.7967,-15.8182,7.1515,-2.3718,22500.0980,-24.1678,NA,NA,NA,NA,NA,NA,NA,NA,NA,NA
499.955,5.7935,-15.8646,7.1459,-2.4488,24844.5580,-16.2662,NA,NA,NA,NA,NA,NA,NA,NA,NA,NA
500.055,5.7912,-15.8978,7.1414,-2.5098,47015.8760,58.4579,NA,NA,NA,NA,NA,NA,NA,NA,NA,NA
500.166,5.7775,-16.0971,7.1383,-2.5523,51913.2880,74.9637,NA,NA,NA,NA,NA,NA,NA,NA,NA,NA
500.266,5.7707,-16.1954,7.1360,-2.5835,55274.8080,86.2930,NA,NA,NA,NA,NA,NA,NA,NA,NA,NA
500.349,5.7654,-16.2734,7.1340,-2.6105,58076.9000,95.7370,NA,NA,NA,NA,NA,NA,NA,NA,NA,NA
500.446,5.7637,-16.2969,7.1319,-2.6400,58076.9000,95.7370,NA,NA,NA,NA,NA,NA,NA,NA,NA,NA
500.551,5.7573,-16.3906,7.1300,-2.6649,27328.6100,-7.8942,NA,NA,NA,NA,NA,NA,NA,NA,NA,NA
500.713,5.7557,-16.4137,7.1285,-2.6861,28844.0540,-2.7867,NA,NA,NA,NA,NA,NA,NA,NA,NA,NA
500.740,5.7487,-16.5153,7.1250,-2.7335,28844.0540,-2.7867,NA,NA,NA,NA,NA,NA,NA,NA,NA,NA
500.842,5.7461,-16.5538,7.1216,-2.7799,22994.3960,-22.5018,NA,NA,NA,NA,NA,NA,NA,NA,NA,NA
500.939,5.7460,-16.5546,7.1165,-2.8493,25311.7780,-14.6916,NA,NA,NA,NA,NA,NA,NA,NA,NA,NA
501.034,5.7460,-16.5546,7.1108,-2.9277,48152.5760,62.2889,NA,NA,NA,NA,NA,NA,NA,NA,NA,NA
501.145,5.7378,-16.6742,7.1056,-2.9981,52933.9360,78.4036,NA,NA,NA,NA,NA,NA,NA,NA,NA,NA
501.288,5.7312,-16.7696,7.1021,-3.0462,52933.9360,78.4036,NA,NA,NA,NA,NA,NA,NA,NA,NA,NA
501.338,5.7251,-16.8577,7.0986,-3.0934,33162.3780,11.7674,NA,NA,NA,NA,NA,NA,NA,NA,NA,NA
501.436,5.7234,-16.8834,7.0934,-3.1651,33162.3780,11.7674,NA,NA,NA,NA,NA,NA,NA,NA,NA,NA
501.535,5.7176,-16.9673,7.0900,-3.2116,23942.1460,-19.3076,NA,NA,NA,NA,NA,NA,NA,NA,NA,NA
501.633,5.7176,-16.9673,7.0838,-3.2963,25580.9540,-13.7843,NA,NA,NA,NA,NA,NA,NA,NA,NA,NA
501.790,5.7100,-17.0768,7.0774,-3.3834,46867.8080,57.9589,NA,NA,NA,NA,NA,NA,NA,NA,NA,NA
501.837,5.7031,-17.1771,7.0673,-3.5218,51026.1400,71.9737,NA,NA,NA,NA,NA,NA,NA,NA,NA,NA
501.987,5.6988,-17.2396,7.0655,-3.5464,54700.6120,84.3578,NA,NA,NA,NA,NA,NA,NA,NA,NA,NA
502.023,5.6977,-17.2556,7.0641,-3.5656,54700.6120,84.3578,NA,NA,NA,NA,NA,NA,NA,NA,NA,NA
502.121,5.6977,-17.2556,7.0626,-3.5849,25139.5320,-15.2721,191846.6240,0.0000,NA,NA,NA,NA,NA,NA,NA,NA
502.220,5.6955,-17.2885,7.0605,-3.6145,50012.0600,68.5560,NA,NA,NA,NA,NA,NA,NA,NA,NA,NA
502.326,5.6886,-17.3880,7.0541,-3.7013,50012.0600,68.5560,NA,NA,NA,NA,NA,NA,NA,NA,NA,NA
502.414,5.6857,-17.4306,7.0448,-3.8281,26960.7680,-9.1339,NA,NA,NA,NA,NA,NA,NA,NA,NA,NA
502.515,5.6802,-17.5105,7.0433,-3.8492,29280.6820,-1.3151,190534.6720,0.0000,NA,NA,NA,NA,NA,NA,NA,NA
502.619,5.6776,-17.5473,7.0393,-3.9040,29483.6240,-0.6312,NA,NA,NA,NA,NA,NA,NA,NA,NA,NA
502.730,5.6705,-17.6514,7.0332,-3.9871,29483.6240,-0.6312,NA,NA,NA,NA,NA,NA,NA,NA,NA,NA
502.837,5.6679,-17.6895,7.0259,-4.0870,23600.0020,-20.4608,NA,NA,NA,NA,NA,NA,NA,NA,NA,NA
502.919,5.6559,-17.8633,7.0252,-4.0955,25323.3820,-14.6524,NA,NA,NA,NA,NA,NA,NA,NA,NA,NA
503.014,5.6533,-17.9005,7.0242,-4.1099,48166.2240,62.3349,NA,NA,NA,NA,NA,NA,NA,NA,NA,NA
503.115,5.6488,-17.9665,7.0239,-4.1144,50594.3440,70.5184,NA,NA,NA,NA,NA,NA,NA,NA,NA,NA
503.211,5.6466,-17.9983,7.0220,-4.1396,54485.6520,83.6333,NA,NA,NA,NA,NA,NA,NA,NA,NA,NA
503.310,5.6460,-18.0069,7.0220,-4.1396,54485.6520,83.6333,NA,NA,NA,NA,NA,NA,NA,NA,NA,NA
503.415,5.6491,-17.9622,7.0203,-4.1631,24977.5560,-15.8180,NA,NA,NA,NA,NA,NA,NA,NA,NA,NA
503.507,5.6491,-17.9622,7.0145,-4.2427,26621.7340,-10.2766,NA,NA,NA,NA,NA,NA,NA,NA,NA,NA
503.605,5.6484,-17.9720,7.0094,-4.3113,29510.0940,-0.5419,NA,NA,NA,NA,NA,NA,NA,NA,NA,NA
503.737,5.6484,-17.9720,7.0060,-4.3587,29510.0940,-0.5419,NA,NA,NA,NA,NA,NA,NA,NA,NA,NA
503.803,5.6488,-17.9658,7.0024,-4.4075,24164.4700,-18.5583,NA,NA,NA,NA,NA,NA,NA,NA,NA,NA
503.897,5.6488,-17.9658,6.9973,-4.4763,25850.1280,-12.8771,NA,NA,NA,NA,NA,NA,NA,NA,NA,NA
503.998,5.6454,-18.0159,6.9931,-4.5344,49244.7840,65.9700,NA,NA,NA,NA,NA,NA,NA,NA,NA,NA
504.090,5.6421,-18.0635,6.9902,-4.5736,51717.3680,74.3034,NA,NA,NA,NA,NA,NA,NA,NA,NA,NA
504.186,5.6410,-18.0802,6.9881,-4.6026,55610.1800,87.4234,NA,NA,NA,NA,NA,NA,NA,NA,NA,NA
504.359,5.6410,-18.0802,6.9842,-4.6560,55610.1800,87.4234,NA,NA,NA,NA,NA,NA,NA,NA,NA,NA
504.386,5.6334,-18.1892,6.9778,-4.7434,25687.6320,-13.4248,NA,NA,NA,NA,NA,NA,NA,NA,NA,NA
504.483,5.6333,-18.1913,6.9737,-4.7988,27198.7460,-8.3319,NA,NA,NA,NA,NA,NA,NA,NA,NA,NA
504.584,5.6342,-18.1784,6.9735,-4.8014,27198.7460,-8.3319,NA,NA,NA,NA,NA,NA,NA,NA,NA,NA
504.678,5.6342,-18.1784,6.9690,-4.8638,22209.7860,-25.1462,NA,NA,NA,NA,NA,NA,NA,NA,NA,NA
504.804,5.6368,-18.1400,6.9648,-4.9208,24346.8200,-17.9438,NA,NA,NA,NA,NA,NA,NA,NA,NA,NA
504.879,5.6368,-18.1400,6.9621,-4.9570,26284.9900,-11.4115,NA,NA,NA,NA,NA,NA,NA,NA,NA,NA
504.994,5.6302,-18.2369,6.9602,-4.9839,50541.2080,70.3394,NA,NA,NA,NA,NA,NA,NA,NA,NA,NA
505.077,5.6279,-18.2697,6.9598,-4.9885,50541.2080,70.3394,NA,NA,NA,NA,NA,NA,NA,NA,NA,NA
505.195,5.6264,-18.2913,6.9566,-5.0328,31696.4440,6.8267,NA,NA,NA,NA,NA,NA,NA,NA,NA,NA
505.278,5.6280,-18.2679,6.9526,-5.0871,31696.4440,6.8267,NA,NA,NA,NA,NA,NA,NA,NA,NA,NA
505.376,5.6280,-18.2679,6.9433,-5.2137,22960.4400,-22.6163,NA,NA,NA,NA,NA,NA,NA,NA,NA,NA
505.509,5.6267,-18.2877,6.9420,-5.2319,24513.5980,-17.3817,NA,NA,NA,NA,NA,NA,NA,NA,NA,NA
505.575,5.6236,-18.3316,6.9409,-5.2474,44765.9800,50.8751,NA,NA,NA,NA,NA,NA,NA,NA,NA,NA
505.665,5.6141,-18.4697,6.9366,-5.3057,48652.4240,63.9736,NA,NA,NA,NA,NA,NA,NA,NA,NA,NA
505.808,5.6115,-18.5083,6.9348,-5.3301,52122.9400,75.6703,NA,NA,NA,NA,NA,NA,NA,NA,NA,NA
505.863,5.6083,-18.5546,6.9309,-5.3832,55190.7360,86.0097,NA,NA,NA,NA,NA,NA,NA,NA,NA,NA
505.975,5.6078,-18.5613,6.9285,-5.4167,55190.7360,86.0097,NA,NA,NA,NA,NA,NA,NA,NA,NA,NA
506.066,5.5984,-18.6976,6.9278,-5.4261,27921.9980,-5.8943,194311.5040,0.0000,NA,NA,NA,NA,NA,NA,NA,NA
506.182,5.5891,-18.8325,6.9278,-5.4261,54552.9760,83.8602,NA,NA,NA,NA,NA,NA,NA,NA,NA,NA
506.259,5.5833,-18.9167,6.9227,-5.4955,54552.9760,83.8602,NA,NA,NA,NA,NA,NA,NA,NA,NA,NA
506.356,5.5817,-18.9413,6.9203,-5.5280,28164.2620,-5.0778,185471.6960,0.0000,NA,NA,NA,NA,NA,NA,NA,NA
506.458,5.5817,-18.9413,6.9168,-5.5755,60110.3760,102.5904,NA,NA,NA,NA,NA,NA,NA,NA,NA,NA
506.561,5.5760,-19.0241,6.9168,-5.5755,60110.3760,102.5904,NA,NA,NA,NA,NA,NA,NA,NA,NA,NA
506.656,5.5725,-19.0739,6.9162,-5.5847,25817.3520,-12.9876,NA,NA,NA,NA,NA,NA,NA,NA,NA,NA
506.780,5.5725,-19.0739,6.9105,-5.6618,24662.9000,-16.8785,NA,NA,NA,NA,NA,NA,NA,NA,NA,NA
506.856,5.5707,-19.0999,6.9034,-5.7590,26107.1040,-12.0111,NA,NA,NA,NA,NA,NA,NA,NA,NA,NA
506.958,5.5611,-19.2404,6.8990,-5.8188,48711.0000,64.1710,NA,NA,NA,NA,NA,NA,NA,NA,NA,NA
507.055,5.5573,-19.2947,6.8955,-5.8674,52268.3040,76.1602,NA,NA,NA,NA,NA,NA,NA,NA,NA,NA
507.145,5.5535,-19.3508,6.8955,-5.8674,56918.4920,91.8328,NA,NA,NA,NA,NA,NA,NA,NA,NA,NA
507.247,5.5535,-19.3508,6.8904,-5.9356,56918.4920,91.8328,NA,NA,NA,NA,NA,NA,NA,NA,NA,NA
507.363,5.5496,-19.4064,6.8932,-5.8974,25743.6800,-13.2359,NA,NA,NA,NA,NA,NA,NA,NA,NA,NA
507.442,5.5458,-19.4622,6.8932,-5.8974,28024.1980,-5.5499,NA,NA,NA,NA,NA,NA,NA,NA,NA,NA
507.543,5.5461,-19.4573,6.8911,-5.9266,28024.1980,-5.5499,NA,NA,NA,NA,NA,NA,NA,NA,NA,NA
507.646,5.5476,-19.4358,6.8880,-5.9686,23121.3120,-22.0741,NA,NA,NA,NA,NA,NA,NA,NA,NA,NA
507.736,5.5476,-19.4358,6.8859,-5.9981,24845.7920,-16.2621,NA,NA,NA,NA,NA,NA,NA,NA,NA,NA
507.896,5.5447,-19.4773,6.8832,-6.0343,47321.7200,59.4887,NA,NA,NA,NA,NA,NA,NA,NA,NA,NA
507.934,5.5430,-19.5034,6.8824,-6.0460,50340.0480,69.6614,NA,NA,NA,NA,NA,NA,NA,NA,NA,NA
508.030,5.5425,-19.5105,6.8756,-6.1382,53183.7120,79.2454,NA,NA,NA,NA,NA,NA,NA,NA,NA,NA
508.132,5.5327,-19.6529,6.8730,-6.1735,58003.5000,95.4896,NA,NA,NA,NA,NA,NA,NA,NA,NA,NA
508.223,5.5281,-19.7184,6.8688,-6.2307,58003.5000,95.4896,NA,NA,NA,NA,NA,NA,NA,NA,NA,NA
508.330,5.5281,-19.7184,6.8683,-6.2376,26562.1200,-10.4775,NA,NA,NA,NA,NA,NA,NA,NA,NA,NA
508.462,5.5347,-19.6234,6.8633,-6.3068,28684.1400,-3.3257,NA,NA,NA,NA,NA,NA,NA,NA,NA,NA
508.626,5.5374,-19.5844,6.8590,-6.3651,28684.1400,-3.3257,NA,NA,NA,NA,NA,NA,NA,NA,NA,NA
508.631,5.5374,-19.5844,6.8564,-6.4002,23499.1480,-20.8007,NA,NA,NA,NA,NA,NA,NA,NA,NA,NA
508.717,5.5368,-19.5921,6.8548,-6.4219,25435.4600,-14.2747,NA,NA,NA,NA,NA,NA,NA,NA,NA,NA
508.822,5.5286,-19.7114,6.8507,-6.4780,48472.5920,63.3675,NA,NA,NA,NA,NA,NA,NA,NA,NA,NA
508.918,5.5159,-19.8957,6.8505,-6.4812,51932.0480,75.0269,NA,NA,NA,NA,NA,NA,NA,NA,NA,NA
509.017,5.5118,-19.9564,6.8469,-6.5296,51932.0480,75.0269,NA,NA,NA,NA,NA,NA,NA,NA,NA,NA
509.144,5.5196,-19.8427,6.8469,-6.5296,33666.6000,13.4668,NA,NA,NA,NA,NA,NA,NA,NA,NA,NA
509.218,5.5196,-19.8427,6.8454,-6.5507,33666.6000,13.4668,NA,NA,NA,NA,NA,NA,NA,NA,NA,NA
509.314,5.5226,-19.7986,6.8415,-6.6035,23910.1520,-19.4155,NA,NA,NA,NA,NA,NA,NA,NA,NA,NA
509.413,5.5226,-19.7986,6.8386,-6.6433,25495.3720,-14.0728,NA,NA,NA,NA,NA,NA,NA,NA,NA,NA
509.504,5.5159,-19.8965,6.8386,-6.6433,46788.2720,57.6908,NA,NA,NA,NA,NA,NA,NA,NA,NA,NA
509.606,5.5110,-19.9673,6.8349,-6.6935,50595.2280,70.5214,NA,NA,NA,NA,NA,NA,NA,NA,NA,NA
509.704,5.5067,-20.0303,6.8284,-6.7830,53905.7120,81.6788,NA,NA,NA,NA,NA,NA,NA,NA,NA,NA
509.808,5.5042,-20.0654,6.8248,-6.8320,53905.7120,81.6788,NA,NA,NA,NA,NA,NA,NA,NA,NA,NA
509.906,5.5008,-20.1152,6.8202,-6.8942,25666.9360,-13.4946,186628.3520,0.0000,NA,NA,NA,NA,NA,NA,NA,NA
510.005,5.5008,-20.1152,6.8198,-6.9007,50376.2040,69.7832,NA,NA,NA,NA,NA,NA,NA,NA,NA,NA
510.101,5.4992,-20.1384,6.8085,-7.0545,50376.2040,69.7832,NA,NA,NA,NA,NA,NA,NA,NA,NA,NA
510.190,5.4976,-20.1625,6.8079,-7.0625,26937.2480,-9.2132,NA,NA,NA,NA,NA,NA,NA,NA,NA,NA
510.295,5.4976,-20.1625,6.8079,-7.0625,29055.2280,-2.0750,187328.2400,0.0000,NA,NA,NA,NA,NA,NA,NA,NA
510.416,5.4925,-20.2357,6.8063,-7.0848,29408.0660,-0.8858,187328.2400,0.0000,NA,NA,NA,NA,NA,NA,NA,NA
510.508,5.4939,-20.2164,6.8015,-7.1506,29408.0660,-0.8858,NA,NA,NA,NA,NA,NA,NA,NA,NA,NA
510.598,5.4953,-20.1960,6.7983,-7.1933,23751.6960,-19.9495,NA,NA,NA,NA,NA,NA,NA,NA,NA,NA
510.699,5.4985,-20.1487,6.7980,-7.1984,25304.0220,-14.7177,NA,NA,NA,NA,NA,NA,NA,NA,NA,NA
510.798,5.4985,-20.1487,6.7994,-7.1791,48183.7400,62.3940,NA,NA,NA,NA,NA,NA,NA,NA,NA,NA
510.898,5.4957,-20.1900,6.7998,-7.1732,50568.2880,70.4306,NA,NA,NA,NA,NA,NA,NA,NA,NA,NA
510.984,5.4908,-20.2602,6.7998,-7.1732,54391.9920,83.3177,NA,NA,NA,NA,NA,NA,NA,NA,NA,NA
511.082,5.4889,-20.2883,6.7974,-7.2059,54391.9920,83.3177,NA,NA,NA,NA,NA,NA,NA,NA,NA,NA
511.198,5.4898,-20.2759,6.7943,-7.2482,25046.6660,-15.5851,NA,NA,NA,NA,NA,NA,NA,NA,NA,NA
511.286,5.4898,-20.2759,6.7932,-7.2629,26517.8500,-10.6267,NA,NA,NA,NA,NA,NA,NA,NA,NA,NA
511.382,5.4868,-20.3184,6.7927,-7.2703,29385.9240,-0.9604,NA,NA,NA,NA,NA,NA,NA,NA,NA,NA
511.543,5.4859,-20.3322,6.7895,-7.3140,29385.9240,-0.9604,NA,NA,NA,NA,NA,NA,NA,NA,NA,NA
511.570,5.4832,-20.3706,6.7895,-7.3140,24125.2640,-18.6905,NA,NA,NA,NA,NA,NA,NA,NA,NA,NA
511.671,5.4825,-20.3815,6.7898,-7.3095,25952.7520,-12.5313,NA,NA,NA,NA,NA,NA,NA,NA,NA,NA
511.771,5.4825,-20.3815,6.7904,-7.3012,49780.3520,67.7750,NA,NA,NA,NA,NA,NA,NA,NA,NA,NA
511.877,5.4811,-20.4014,6.7926,-7.2709,52721.4080,77.6873,NA,NA,NA,NA,NA,NA,NA,NA,NA,NA
511.965,5.4797,-20.4218,6.7926,-7.2709,55553.4640,87.2322,NA,NA,NA,NA,NA,NA,NA,NA,NA,NA
512.066,5.4773,-20.4572,6.7908,-7.2963,55553.4640,87.2322,NA,NA,NA,NA,NA,NA,NA,NA,NA,NA
512.169,5.4744,-20.4983,6.7815,-7.4235,25878.6140,-12.7811,NA,NA,NA,NA,NA,NA,NA,NA,NA,NA
512.260,5.4707,-20.5526,6.7634,-7.6699,27483.9560,-7.3706,NA,NA,NA,NA,NA,NA,NA,NA,NA,NA
512.355,5.4703,-20.5579,6.7534,-7.8066,27483.9560,-7.3706,NA,NA,NA,NA,NA,NA,NA,NA,NA,NA
512.457,5.4697,-20.5665,6.7384,-8.0113,21927.1600,-26.0988,NA,NA,NA,NA,NA,NA,NA,NA,NA,NA
512.561,5.4712,-20.5461,6.7234,-8.2156,24214.1380,-18.3909,NA,NA,NA,NA,NA,NA,NA,NA,NA,NA
512.663,5.4712,-20.5461,6.7090,-8.4122,26473.2140,-10.7772,NA,NA,NA,NA,NA,NA,NA,NA,NA,NA
512.758,5.5046,-20.0606,6.7144,-8.3384,50941.9120,71.6899,NA,NA,NA,NA,NA,NA,NA,NA,NA,NA
512.856,5.6047,-18.6063,6.8382,-6.6488,50941.9120,71.6899,NA,NA,NA,NA,NA,NA,NA,NA,NA,NA
512.959,5.7548,-16.4262,6.9632,-4.9427,31044.5120,4.6295,NA,NA,NA,NA,NA,NA,NA,NA,NA,NA
513.051,5.8791,-14.6222,7.0983,-3.0982,31044.5120,4.6295,NA,NA,NA,NA,NA,NA,NA,NA,NA,NA
513.156,5.9986,-12.8860,7.2209,-1.4250,22999.6220,-22.4842,NA,NA,NA,NA,NA,NA,NA,NA,NA,NA
513.251,6.0680,-11.8788,7.3109,-0.1966,24508.8120,-17.3978,NA,NA,NA,NA,NA,NA,NA,NA,NA,NA
513.347,6.1143,-11.2056,7.3547,0.4014,44498.4400,49.9734,NA,NA,NA,NA,NA,NA,NA,NA,NA,NA
513.450,6.1364,-10.8851,7.3886,0.8649,48766.4600,64.3579,NA,NA,NA,NA,NA,NA,NA,NA,NA,NA
513.548,6.1475,-10.7240,7.3996,1.0144,52938.1040,78.4176,NA,NA,NA,NA,NA,NA,NA,NA,NA,NA
513.648,6.1529,-10.6454,7.4032,1.0637,56585.4960,90.7105,NA,NA,NA,NA,NA,NA,NA,NA,NA,NA
513.735,6.1529,-10.6454,7.4066,1.1105,56585.4960,90.7105,NA,NA,NA,NA,NA,NA,NA,NA,NA,NA
513.836,6.1504,-10.6822,7.4066,1.1105,26672.1900,-10.1065,193316.1600,0.0000,NA,NA,NA,NA,NA,NA,NA,NA
513.942,6.1251,-11.0492,7.4030,1.0610,52214.5440,75.9790,NA,NA,NA,NA,NA,NA,NA,NA,NA,NA
514.033,6.1135,-11.2176,7.4009,1.0329,52214.5440,75.9790,NA,NA,NA,NA,NA,NA,NA,NA,NA,NA
514.130,6.1031,-11.3688,7.3997,1.0170,28548.2220,-3.7837,192022.6240,0.0000,NA,NA,NA,NA,NA,NA,NA,NA
514.242,6.1191,-11.1369,7.4030,1.0619,58960.3160,98.7143,NA,NA,NA,NA,NA,NA,NA,NA,NA,NA
514.337,6.1953,-10.0295,7.4989,2.3700,58960.3160,98.7143,NA,NA,NA,NA,NA,NA,NA,NA,NA,NA
514.431,6.3496,-7.7883,7.6383,4.2738,25890.1580,-12.7422,NA,NA,NA,NA,NA,NA,NA,NA,NA,NA
514.530,6.5689,-4.6042,7.7452,5.7326,24684.5340,-16.8056,NA,NA,NA,NA,NA,NA,NA,NA,NA,NA
514.637,6.8407,-0.6573,7.8679,7.4084,26573.9340,-10.4377,NA,NA,NA,NA,NA,NA,NA,NA,NA,NA
514.729,7.0007,1.6659,7.9363,8.3421,51089.8400,72.1884,NA,NA,NA,NA,NA,NA,NA,NA,NA,NA
514.826,7.0753,2.7496,7.9663,8.7509,54483.5840,83.6264,NA,NA,NA,NA,NA,NA,NA,NA,NA,NA
514.933,7.1215,3.4201,7.9781,8.9124,56955.8720,91.9587,NA,NA,NA,NA,NA,NA,NA,NA,NA,NA
515.026,7.1834,4.3199,7.9809,8.9500,56955.8720,91.9587,NA,NA,NA,NA,NA,NA,NA,NA,NA,NA
515.168,7.1834,4.3199,7.9809,8.9500,26823.5020,-9.5966,NA,NA,NA,NA,NA,NA,NA,NA,NA,NA
515.216,7.2013,4.5801,7.9562,8.6132,28382.0600,-4.3438,NA,NA,NA,NA,NA,NA,NA,NA,NA,NA
515.328,7.2971,5.9710,7.9209,8.1321,28382.0600,-4.3438,NA,NA,NA,NA,NA,NA,NA,NA,NA,NA
515.416,7.2971,5.9710,7.9833,8.9831,22333.1460,-24.7305,NA,NA,NA,NA,NA,NA,NA,NA,NA,NA
515.511,7.3346,6.5153,8.0277,9.5896,24619.8520,-17.0236,NA,NA,NA,NA,NA,NA,NA,NA,NA,NA
515.609,7.3367,6.5466,8.0290,9.6068,46241.6320,55.8485,NA,NA,NA,NA,NA,NA,NA,NA,NA,NA
515.759,7.3367,6.5466,8.0290,9.6068,51602.9280,73.9177,NA,NA,NA,NA,NA,NA,NA,NA,NA,NA
515.808,7.3352,6.5237,8.0038,9.2635,56387.8400,90.0443,NA,NA,NA,NA,NA,NA,NA,NA,NA,NA
515.905,7.3304,6.4547,8.0015,9.2320,58916.8280,98.5678,NA,NA,NA,NA,NA,NA,NA,NA,NA,NA
516.000,7.3045,6.0780,7.9950,9.1432,58916.8280,98.5678,NA,NA,NA,NA,NA,NA,NA,NA,NA,NA
516.105,7.2777,5.6898,7.9936,9.1240,27827.2760,-6.2136,NA,NA,NA,NA,NA,NA,NA,NA,NA,NA
516.209,7.1835,4.3210,7.9899,9.0739,29469.6940,-0.6781,NA,NA,NA,NA,NA,NA,NA,NA,NA,NA
516.299,7.1448,3.7590,7.9863,9.0248,29469.6940,-0.6781,NA,NA,NA,NA,NA,NA,NA,NA,NA,NA
516.401,7.0446,2.3047,7.9471,8.4889,22640.0500,-23.6961,NA,NA,NA,NA,NA,NA,NA,NA,NA,NA
516.490,7.0109,1.8146,7.9205,8.1259,24931.1760,-15.9743,NA,NA,NA,NA,NA,NA,NA,NA,NA,NA
516.599,7.0004,1.6618,7.8997,7.8416,46872.4320,57.9745,NA,NA,NA,NA,NA,NA,NA,NA,NA,NA
516.705,6.9819,1.3934,7.8878,7.6795,52785.2560,77.9025,NA,NA,NA,NA,NA,NA,NA,NA,NA,NA
516.810,6.9628,1.1156,7.8708,7.4480,52785.2560,77.9025,NA,NA,NA,NA,NA,NA,NA,NA,NA,NA
516.944,6.9472,0.8895,7.8618,7.3253,31736.5960,6.9621,NA,NA,NA,NA,NA,NA,NA,NA,NA,NA
516.994,6.9381,0.7568,7.8525,7.1971,31736.5960,6.9621,NA,NA,NA,NA,NA,NA,NA,NA,NA,NA
517.094,6.9180,0.4661,7.8432,7.0703,24144.5100,-18.6256,NA,NA,NA,NA,NA,NA,NA,NA,NA,NA
517.186,6.8824,-0.0513,7.8397,7.0224,25618.1000,-13.6592,NA,NA,NA,NA,NA,NA,NA,NA,NA,NA
517.283,6.8653,-0.2999,7.8236,6.8031,47281.9480,59.3547,NA,NA,NA,NA,NA,NA,NA,NA,NA,NA
517.385,6.8560,-0.4348,7.8168,6.7097,51066.0960,72.1084,NA,NA,NA,NA,NA,NA,NA,NA,NA,NA
517.498,6.8420,-0.6379,7.8081,6.5915,55604.5240,87.4043,NA,NA,NA,NA,NA,NA,NA,NA,NA,NA
517.581,6.8321,-0.7824,7.7945,6.4055,55604.5240,87.4043,NA,NA,NA,NA,NA,NA,NA,NA,NA,NA
517.685,6.8237,-0.9039,7.7866,6.2975,25098.6220,-15.4100,NA,NA,NA,NA,NA,NA,NA,NA,NA,NA
517.778,6.8202,-0.9549,7.7796,6.2021,27380.4900,-7.7194,NA,NA,NA,NA,NA,NA,NA,NA,NA,NA
517.870,6.8159,-1.0179,7.7761,6.1544,27380.4900,-7.7194,NA,NA,NA,NA,NA,NA,NA,NA,NA,NA
517.979,6.8175,-0.9945,7.7658,6.0142,22635.9360,-23.7100,NA,NA,NA,NA,NA,NA,NA,NA,NA,NA
518.086,6.8207,-0.9481,7.7598,5.9320,24392.2660,-17.7906,NA,NA,NA,NA,NA,NA,NA,NA,NA,NA
518.197,6.8207,-0.9481,7.7534,5.8452,26020.9200,-12.3015,NA,NA,NA,NA,NA,NA,NA,NA,NA,NA
518.261,6.8109,-1.0892,7.7441,5.7179,49391.2400,66.4636,NA,NA,NA,NA,NA,NA,NA,NA,NA,NA
518.370,6.7851,-1.4650,7.7390,5.6484,52018.0360,75.3167,NA,NA,NA,NA,NA,NA,NA,NA,NA,NA
518.460,6.7689,-1.6997,7.7349,5.5923,56853.3640,91.6133,NA,NA,NA,NA,NA,NA,NA,NA,NA,NA
518.560,6.7510,-1.9594,7.7225,5.4235,56853.3640,91.6133,NA,NA,NA,NA,NA,NA,NA,NA,NA,NA
518.660,6.7510,-1.9594,7.7177,5.3571,25933.5340,-12.5960,NA,NA,NA,NA,NA,NA,NA,NA,NA,NA
518.783,6.7449,-2.0484,7.7150,5.3206,27985.1460,-5.6815,NA,NA,NA,NA,NA,NA,NA,NA,NA,NA
518.851,6.7454,-2.0406,7.7049,5.1833,27985.1460,-5.6815,NA,NA,NA,NA,NA,NA,NA,NA,NA,NA
518.949,6.7454,-2.0406,7.7014,5.1356,22984.1000,-22.5365,NA,NA,NA,NA,NA,NA,NA,NA,NA,NA
519.056,6.7277,-2.2988,7.6949,5.0463,24914.0680,-16.0320,NA,NA,NA,NA,NA,NA,NA,NA,NA,NA
519.150,6.7277,-2.2988,7.6924,5.0117,47421.1000,59.8236,NA,NA,NA,NA,NA,NA,NA,NA,NA,NA
519.304,6.7082,-2.5810,7.6867,4.9344,50891.7880,71.5209,NA,NA,NA,NA,NA,NA,NA,NA,NA,NA
519.346,6.7053,-2.6241,7.6810,4.8563,53266.0680,79.5230,NA,NA,NA,NA,NA,NA,NA,NA,NA,NA
519.438,6.6988,-2.7179,7.6792,4.8322,57907.5840,95.1663,NA,NA,NA,NA,NA,NA,NA,NA,NA,NA
519.544,6.6987,-2.7193,7.6658,4.6483,57907.5840,95.1663,NA,NA,NA,NA,NA,NA,NA,NA,NA,NA
519.635,6.6920,-2.8158,7.6585,4.5490,26874.7220,-9.4239,NA,NA,NA,NA,NA,NA,NA,NA,NA,NA
519.734,6.6891,-2.8584,7.6486,4.4137,28590.2540,-3.6421,NA,NA,NA,NA,NA,NA,NA,NA,NA,NA
519.859,6.6833,-2.9422,7.6427,4.3342,28590.2540,-3.6421,NA,NA,NA,NA,NA,NA,NA,NA,NA,NA
519.934,6.6768,-3.0377,7.6368,4.2535,23278.8740,-21.5431,NA,NA,NA,NA,NA,NA,NA,NA,NA,NA
520.038,6.6570,-3.3254,7.6327,4.1972,25405.2440,-14.3765,NA,NA,NA,NA,NA,NA,NA,NA,NA,NA
520.140,6.6256,-3.7814,7.6301,4.1615,48344.5920,62.9361,NA,NA,NA,NA,NA,NA,NA,NA,NA,NA
520.245,6.6094,-4.0155,7.6205,4.0305,48344.5920,62.9361,NA,NA,NA,NA,NA,NA,NA,NA,NA,NA
520.346,6.6000,-4.1519,7.6158,3.9661,28672.6160,-3.3645,NA,NA,NA,NA,NA,NA,NA,NA,NA,NA
520.428,6.5878,-4.3298,7.6071,3.8476,32669.5080,10.1063,NA,NA,NA,NA,NA,NA,NA,NA,NA,NA
520.559,6.5878,-4.3298,7.6008,3.7619,32669.5080,10.1063,NA,NA,NA,NA,NA,NA,NA,NA,NA,NA
520.625,6.5864,-4.3502,7.5918,3.6389,23906.3900,-19.4281,NA,NA,NA,NA,NA,NA,NA,NA,NA,NA
520.728,6.5839,-4.3870,7.5864,3.5656,25585.6720,-13.7684,NA,NA,NA,NA,NA,NA,NA,NA,NA,NA
520.828,6.5657,-4.6506,7.5787,3.4599,46955.9800,58.2560,NA,NA,NA,NA,NA,NA,NA,NA,NA,NA
520.921,6.5516,-4.8555,7.5697,3.3373,51258.6560,72.7574,NA,NA,NA,NA,NA,NA,NA,NA,NA,NA
521.015,6.5289,-5.1850,7.5584,3.1834,55002.4080,85.3750,NA,NA,NA,NA,NA,NA,NA,NA,NA,NA
521.146,6.5167,-5.3625,7.5523,3.0996,55002.4080,85.3750,NA,NA,NA,NA,NA,NA,NA,NA,NA,NA
521.218,6.5091,-5.4730,7.5463,3.0177,24983.1940,-15.7990,190687.4880,0.0000,NA,NA,NA,NA,NA,NA,NA,NA
521.307,6.4928,-5.7099,7.5376,2.8987,49857.8960,68.0364,NA,NA,NA,NA,NA,NA,NA,NA,NA,NA
521.419,6.4817,-5.8706,7.5324,2.8273,49857.8960,68.0364,NA,NA,NA,NA,NA,NA,NA,NA,NA,NA
521.516,6.4616,-6.1628,7.5277,2.7641,26770.2960,-9.7759,NA,NA,NA,NA,NA,NA,NA,NA,NA,NA
521.608,6.4504,-6.3246,7.5149,2.5884,29490.2800,-0.6087,191614.0480,0.0000,NA,NA,NA,NA,NA,NA,NA,NA
521.715,6.4490,-6.3450,7.5069,2.4796,29490.2800,-0.6087,NA,NA,NA,NA,NA,NA,NA,NA,NA,NA
521.809,6.4490,-6.3450,7.4889,2.2343,29370.8620,-1.0112,NA,NA,NA,NA,NA,NA,NA,NA,NA,NA
521.907,6.4064,-6.9644,7.4808,2.1230,23495.0120,-20.8146,NA,NA,NA,NA,NA,NA,NA,NA,NA,NA
522.014,6.3924,-7.1669,7.4755,2.0506,25478.0920,-14.1310,NA,NA,NA,NA,NA,NA,NA,NA,NA,NA
522.107,6.3777,-7.3807,7.4654,1.9138,48684.7520,64.0825,NA,NA,NA,NA,NA,NA,NA,NA,NA,NA
522.200,6.3522,-7.7510,7.4607,1.8488,52295.2960,76.2512,NA,NA,NA,NA,NA,NA,NA,NA,NA,NA
522.302,6.3222,-8.1871,7.4500,1.7031,54791.8760,84.6654,NA,NA,NA,NA,NA,NA,NA,NA,NA,NA
522.401,6.2852,-8.7237,7.4459,1.6469,54791.8760,84.6654,NA,NA,NA,NA,NA,NA,NA,NA,NA,NA
522.496,6.2826,-8.7622,7.4347,1.4947,25586.2420,-13.7665,NA,NA,NA,NA,NA,NA,NA,NA,NA,NA
522.598,6.2603,-9.0856,7.4320,1.4570,27096.7400,-8.6757,NA,NA,NA,NA,NA,NA,NA,NA,NA,NA
522.688,6.2444,-9.3169,7.4252,1.3640,29243.5440,-1.4403,NA,NA,NA,NA,NA,NA,NA,NA,NA,NA
522.792,6.2400,-9.3813,7.4189,1.2786,29243.5440,-1.4403,NA,NA,NA,NA,NA,NA,NA,NA,NA,NA
522.928,6.2283,-9.5500,7.4134,1.2037,23768.6640,-19.8923,NA,NA,NA,NA,NA,NA,NA,NA,NA,NA
523.007,6.2251,-9.5975,7.4087,1.1393,25971.9600,-12.4665,NA,NA,NA,NA,NA,NA,NA,NA,NA,NA
523.100,6.2184,-9.6942,7.4054,1.0940,49699.5720,67.5028,NA,NA,NA,NA,NA,NA,NA,NA,NA,NA
523.185,6.2145,-9.7507,7.4049,1.0867,53997.4800,81.9881,NA,NA,NA,NA,NA,NA,NA,NA,NA,NA
523.290,6.2062,-9.8712,7.3933,0.9288,56944.3960,91.9201,NA,NA,NA,NA,NA,NA,NA,NA,NA,NA
523.379,6.1955,-10.0270,7.3776,0.7153,56944.3960,91.9201,NA,NA,NA,NA,NA,NA,NA,NA,NA,NA
523.521,6.1905,-10.0988,7.3743,0.6694,26497.4900,-10.6953,NA,NA,NA,NA,NA,NA,NA,NA,NA,NA
523.582,6.1727,-10.3577,7.3705,0.6176,26497.4900,-10.6953,NA,NA,NA,NA,NA,NA,NA,NA,NA,NA
523.679,6.1654,-10.4639,7.3651,0.5434,26334.1540,-11.2458,NA,NA,NA,NA,NA,NA,NA,NA,NA,NA
523.776,6.1585,-10.5641,7.3591,0.4615,48181.5640,62.3866,NA,NA,NA,NA,NA,NA,NA,NA,NA,NA
523.877,6.1555,-10.6072,7.3569,0.4316,52347.4640,76.4270,NA,NA,NA,NA,NA,NA,NA,NA,NA,NA
523.985,6.1481,-10.7152,7.3521,0.3663,56063.6880,88.9518,NA,NA,NA,NA,NA,NA,NA,NA,NA,NA
524.135,6.1449,-10.7619,7.3468,0.2939,56063.6880,88.9518,NA,NA,NA,NA,NA,NA,NA,NA,NA,NA
524.170,6.1323,-10.9443,7.3401,0.2032,25798.0800,-13.0526,191944.8000,0.0000,NA,NA,NA,NA,NA,NA,NA,NA
524.283,6.1248,-11.0535,7.3352,0.1354,50965.9080,71.7707,NA,NA,NA,NA,NA,NA,NA,NA,NA,NA
524.383,6.1141,-11.2092,7.3319,0.0901,50965.9080,71.7707,NA,NA,NA,NA,NA,NA,NA,NA,NA,NA
524.468,6.1076,-11.3028,7.3313,0.0832,27680.6580,-6.7077,190665.6800,0.0000,NA,NA,NA,NA,NA,NA,NA,NA
524.564,6.1050,-11.3404,7.3239,-0.0183,57008.6080,92.1365,NA,NA,NA,NA,NA,NA,NA,NA,NA,NA
524.681,6.0904,-11.5533,7.3155,-0.1331,57008.6080,92.1365,NA,NA,NA,NA,NA,NA,NA,NA,NA,NA
524.770,6.0732,-11.8029,7.3099,-0.2094,25763.8080,-13.1681,NA,NA,NA,NA,NA,NA,NA,NA,NA,NA
524.871,6.0641,-11.9344,7.3045,-0.2838,25763.8080,-13.1681,NA,NA,NA,NA,NA,NA,NA,NA,NA,NA
524.962,6.0530,-12.0958,7.2929,-0.4421,26194.0760,-11.7179,NA,NA,NA,NA,NA,NA,NA,NA,NA,NA
525.061,6.0443,-12.2225,7.2886,-0.4998,49789.5440,67.8060,NA,NA,NA,NA,NA,NA,NA,NA,NA,NA
525.170,6.0323,-12.3970,7.2834,-0.5715,53598.8280,80.6445,NA,NA,NA,NA,NA,NA,NA,NA,NA,NA
525.264,6.0248,-12.5061,7.2756,-0.6784,56127.0160,89.1652,NA,NA,NA,NA,NA,NA,NA,NA,NA,NA
525.361,6.0011,-12.8500,7.2705,-0.7478,56127.0160,89.1652,NA,NA,NA,NA,NA,NA,NA,NA,NA,NA
525.456,5.9893,-13.0217,7.2670,-0.7948,26274.1520,-11.4481,NA,NA,NA,NA,NA,NA,NA,NA,NA,NA
525.567,5.9802,-13.1532,7.2543,-0.9683,27816.5780,-6.2496,NA,NA,NA,NA,NA,NA,NA,NA,NA,NA
525.650,5.9689,-13.3173,7.2389,-1.1792,27816.5780,-6.2496,NA,NA,NA,NA,NA,NA,NA,NA,NA,NA
525.749,5.9633,-13.3992,7.2343,-1.2411,21855.4140,-26.3406,NA,NA,NA,NA,NA,NA,NA,NA,NA,NA
525.852,5.9573,-13.4863,7.2254,-1.3631,24097.4400,-18.7842,NA,NA,NA,NA,NA,NA,NA,NA,NA,NA
525.959,5.9535,-13.5406,7.2233,-1.3921,26468.8420,-10.7919,NA,NA,NA,NA,NA,NA,NA,NA,NA,NA
526.042,5.9430,-13.6944,7.2187,-1.4543,51022.8560,71.9627,NA,NA,NA,NA,NA,NA,NA,NA,NA,NA
526.144,5.9331,-13.8369,7.2107,-1.5641,55341.6320,86.5183,NA,NA,NA,NA,NA,NA,NA,NA,NA,NA
526.238,5.9270,-13.9255,7.2018,-1.6851,57946.1480,95.2963,NA,NA,NA,NA,NA,NA,NA,NA,NA,NA
526.345,5.9205,-14.0207,7.1951,-1.7773,57946.1480,95.2963,NA,NA,NA,NA,NA,NA,NA,NA,NA,NA
526.460,5.9085,-14.1955,7.1897,-1.8499,27174.2880,-8.4143,NA,NA,NA,NA,NA,NA,NA,NA,NA,NA
526.538,5.8982,-14.3448,7.1806,-1.9742,28830.3900,-2.8327,NA,NA,NA,NA,NA,NA,NA,NA,NA,NA
526.634,5.8912,-14.4459,7.1763,-2.0338,28830.3900,-2.8327,NA,NA,NA,NA,NA,NA,NA,NA,NA,NA
526.730,5.8912,-14.4459,7.1734,-2.0724,22127.4780,-25.4236,NA,NA,NA,NA,NA,NA,NA,NA,NA,NA
526.827,5.8801,-14.6066,7.1719,-2.0935,24354.0440,-17.9194,NA,NA,NA,NA,NA,NA,NA,NA,NA,NA
526.925,5.8670,-14.7977,7.1607,-2.2462,45524.0280,53.4299,NA,NA,NA,NA,NA,NA,NA,NA,NA,NA
527.026,5.8504,-15.0383,7.1618,-2.2316,51276.2600,72.8167,NA,NA,NA,NA,NA,NA,NA,NA,NA,NA
527.123,5.8419,-15.1616,7.1618,-2.2316,56887.0080,91.7267,NA,NA,NA,NA,NA,NA,NA,NA,NA,NA
527.218,5.8391,-15.2026,7.1592,-2.2675,60543.6080,104.0505,NA,NA,NA,NA,NA,NA,NA,NA,NA,NA
527.320,5.8350,-15.2615,7.1543,-2.3343,60543.6080,104.0505,NA,NA,NA,NA,NA,NA,NA,NA,NA,NA
527.415,5.8249,-15.4081,7.1520,-2.3654,28040.1840,-5.4960,NA,NA,NA,NA,NA,NA,NA,NA,NA,NA
527.523,5.8249,-15.4081,7.1428,-2.4910,29883.5240,0.7166,NA,NA,NA,NA,NA,NA,NA,NA,NA,NA
527.612,5.8195,-15.4866,7.1350,-2.5976,29883.5240,0.7166,NA,NA,NA,NA,NA,NA,NA,NA,NA,NA
527.726,5.8134,-15.5752,7.1350,-2.5976,22391.1060,-24.5351,NA,NA,NA,NA,NA,NA,NA,NA,NA,NA
527.805,5.8059,-15.6848,7.1317,-2.6417,24533.4300,-17.3148,NA,NA,NA,NA,NA,NA,NA,NA,NA,NA
527.920,5.8018,-15.7448,7.1250,-2.7341,45443.9600,53.1601,NA,NA,NA,NA,NA,NA,NA,NA,NA,NA
528.017,5.7953,-15.8387,7.1194,-2.8097,45443.9600,53.1601,NA,NA,NA,NA,NA,NA,NA,NA,NA,NA
528.108,5.7901,-15.9143,7.1185,-2.8219,26978.8780,-9.0729,195650.2080,0.0000,NA,NA,NA,NA,NA,NA,NA,NA
528.263,5.7803,-16.0568,7.1173,-2.8382,53004.0000,78.6397,NA,NA,NA,NA,NA,NA,NA,NA,NA,NA
528.345,5.7752,-16.1299,7.1173,-2.8382,53004.0000,78.6397,NA,NA,NA,NA,NA,NA,NA,NA,NA,NA
528.430,5.7702,-16.2035,7.1156,-2.8621,29159.8360,-1.7224,195810.4480,0.0000,NA,NA,NA,NA,NA,NA,NA,NA
528.516,5.7616,-16.3275,7.1132,-2.8952,59025.1000,98.9327,NA,NA,NA,NA,NA,NA,NA,NA,NA,NA
528.603,5.7542,-16.4359,7.1108,-2.9281,59025.1000,98.9327,NA,NA,NA,NA,NA,NA,NA,NA,NA,NA
528.698,5.7514,-16.4768,7.1107,-2.9293,27308.8680,-7.9607,194849.2000,0.0000,NA,NA,NA,NA,NA,NA,NA,NA
528.800,5.7503,-16.4923,7.1079,-2.9674,57458.8680,93.6540,NA,NA,NA,NA,NA,NA,NA,NA,NA,NA
528.925,5.7489,-16.5129,7.1040,-3.0200,57458.8680,93.6540,NA,NA,NA,NA,NA,NA,NA,NA,NA,NA
529.000,5.7489,-16.5129,7.1039,-3.0216,25900.3420,-12.7079,NA,NA,NA,NA,NA,NA,NA,NA,NA,NA
529.102,5.7438,-16.5871,7.0994,-3.0830,24356.0080,-17.9128,NA,NA,NA,NA,NA,NA,NA,NA,NA,NA
529.198,5.7391,-16.6544,7.0974,-3.1106,26082.1260,-12.0952,NA,NA,NA,NA,NA,NA,NA,NA,NA,NA
529.305,5.7326,-16.7492,7.0964,-3.1236,47956.3680,61.6277,NA,NA,NA,NA,NA,NA,NA,NA,NA,NA
529.391,5.7180,-16.9617,7.0941,-3.1552,52262.6000,76.1410,NA,NA,NA,NA,NA,NA,NA,NA,NA,NA
529.494,5.7070,-17.1214,7.0899,-3.2131,56091.6800,89.0462,NA,NA,NA,NA,NA,NA,NA,NA,NA,NA
529.588,5.7025,-17.1863,7.0874,-3.2464,56091.6800,89.0462,NA,NA,NA,NA,NA,NA,NA,NA,NA,NA
529.738,5.7024,-17.1880,7.0874,-3.2464,25622.8460,-13.6432,193120.1440,0.0000,NA,NA,NA,NA,NA,NA,NA,NA
529.825,5.7019,-17.1957,7.0859,-3.2670,50810.6760,71.2476,NA,NA,NA,NA,NA,NA,NA,NA,NA,NA
529.897,5.7039,-17.1661,7.0844,-3.2879,50810.6760,71.2476,NA,NA,NA,NA,NA,NA,NA,NA,NA,NA
529.995,5.7089,-17.0940,7.0834,-3.3015,26045.1840,-12.2197,NA,NA,NA,NA,NA,NA,NA,NA,NA,NA
530.127,5.7089,-17.0940,7.0792,-3.3585,23284.5880,-21.5238,NA,NA,NA,NA,NA,NA,NA,NA,NA,NA
530.185,5.7001,-17.2219,7.0770,-3.3886,25151.3360,-15.2323,NA,NA,NA,NA,NA,NA,NA,NA,NA,NA
530.291,5.6915,-17.3458,7.0752,-3.4141,45478.1840,53.2754,NA,NA,NA,NA,NA,NA,NA,NA,NA,NA
530.386,5.6884,-17.3906,7.0720,-3.4572,52425.6600,76.6905,NA,NA,NA,NA,NA,NA,NA,NA,NA,NA
530.481,5.6873,-17.4071,7.0698,-3.4878,59942.5640,102.0248,NA,NA,NA,NA,NA,NA,NA,NA,NA,NA
530.585,5.6866,-17.4167,7.0680,-3.5121,59942.5640,102.0248,NA,NA,NA,NA,NA,NA,NA,NA,NA,NA
530.720,5.6888,-17.3854,7.0639,-3.5677,27391.2380,-7.6831,NA,NA,NA,NA,NA,NA,NA,NA,NA,NA
530.777,5.6888,-17.3854,7.0608,-3.6104,30189.2560,1.7470,NA,NA,NA,NA,NA,NA,NA,NA,NA,NA
530.890,5.6873,-17.4068,7.0578,-3.6514,30189.2560,1.7470,NA,NA,NA,NA,NA,NA,NA,NA,NA,NA
530.970,5.6873,-17.4068,7.0554,-3.6837,22204.3680,-25.1645,NA,NA,NA,NA,NA,NA,NA,NA,NA,NA
531.065,5.6851,-17.4385,7.0542,-3.6999,23392.0720,-21.1615,NA,NA,NA,NA,NA,NA,NA,NA,NA,NA
531.193,5.6837,-17.4587,7.0487,-3.7753,40789.2960,37.4724,NA,NA,NA,NA,NA,NA,NA,NA,NA,NA
531.278,5.6773,-17.5519,7.0461,-3.8109,45407.9440,53.0387,NA,NA,NA,NA,NA,NA,NA,NA,NA,NA
531.375,5.6735,-17.6081,7.0448,-3.8287,52288.5680,76.2285,NA,NA,NA,NA,NA,NA,NA,NA,NA,NA
531.458,5.6699,-17.6604,7.0358,-3.9509,60226.8360,102.9829,NA,NA,NA,NA,NA,NA,NA,NA,NA,NA
531.564,5.6658,-17.7197,7.0319,-4.0050,60226.8360,102.9829,NA,NA,NA,NA,NA,NA,NA,NA,NA,NA
531.660,5.6637,-17.7503,7.0313,-4.0129,28126.6860,-5.2044,NA,NA,NA,NA,NA,NA,NA,NA,NA,NA
531.761,5.6656,-17.7216,7.0269,-4.0730,30926.4480,4.2316,NA,NA,NA,NA,NA,NA,NA,NA,NA,NA
531.881,5.6670,-17.7025,7.0190,-4.1807,30926.4480,4.2316,NA,NA,NA,NA,NA,NA,NA,NA,NA,NA
531.955,5.6670,-17.7025,7.0119,-4.2781,22702.3440,-23.4861,NA,NA,NA,NA,NA,NA,NA,NA,NA,NA
532.048,5.6630,-17.7604,7.0069,-4.3461,23852.2620,-19.6106,NA,NA,NA,NA,NA,NA,NA,NA,NA,NA
532.161,5.6602,-17.8003,7.0035,-4.3922,41604.9760,40.2215,NA,NA,NA,NA,NA,NA,NA,NA,NA,NA
532.255,5.6459,-18.0085,7.0022,-4.4103,45800.0400,54.3602,NA,NA,NA,NA,NA,NA,NA,NA,NA,NA
532.355,5.6428,-18.0531,7.0005,-4.4332,45800.0400,54.3602,NA,NA,NA,NA,NA,NA,NA,NA,NA,NA
532.442,5.6413,-18.0747,6.9958,-4.4974,30567.4260,3.0216,NA,NA,NA,NA,NA,NA,NA,NA,NA,NA
532.583,5.6390,-18.1089,6.9945,-4.5154,30567.4260,3.0216,NA,NA,NA,NA,NA,NA,NA,NA,NA,NA
532.647,5.6389,-18.1096,6.9926,-4.5411,23359.6540,-21.2708,NA,NA,NA,NA,NA,NA,NA,NA,NA,NA
532.741,5.6379,-18.1249,6.9908,-4.5655,25766.1420,-13.1602,NA,NA,NA,NA,NA,NA,NA,NA,NA,NA
532.841,5.6321,-18.2090,6.9908,-4.5655,48634.6840,63.9138,NA,NA,NA,NA,NA,NA,NA,NA,NA,NA
532.947,5.6279,-18.2702,6.9863,-4.6271,54510.5680,83.7173,NA,NA,NA,NA,NA,NA,NA,NA,NA,NA
533.030,5.6253,-18.3068,6.9722,-4.8196,59066.2480,99.0714,NA,NA,NA,NA,NA,NA,NA,NA,NA,NA
533.147,5.6205,-18.3776,6.9722,-4.8196,59066.2480,99.0714,NA,NA,NA,NA,NA,NA,NA,NA,NA,NA
533.229,5.6177,-18.4174,6.9722,-4.8196,26847.6880,-9.5151,NA,NA,NA,NA,NA,NA,NA,NA,NA,NA
533.334,5.6139,-18.4726,6.9673,-4.8860,28881.5160,-2.6604,NA,NA,NA,NA,NA,NA,NA,NA,NA,NA
533.425,5.6139,-18.4726,6.9632,-4.9423,28881.5160,-2.6604,NA,NA,NA,NA,NA,NA,NA,NA,NA,NA
533.527,5.6120,-18.5012,6.9545,-5.0615,21455.1460,-27.6896,NA,NA,NA,NA,NA,NA,NA,NA,NA,NA
533.624,5.6110,-18.5154,6.9524,-5.0906,23432.0320,-21.0269,NA,NA,NA,NA,NA,NA,NA,NA,NA,NA
533.748,5.6089,-18.5459,6.9517,-5.0998,26056.0740,-12.1830,NA,NA,NA,NA,NA,NA,NA,NA,NA,NA
533.821,5.6044,-18.6105,6.9517,-5.0998,49293.5600,66.1344,NA,NA,NA,NA,NA,NA,NA,NA,NA,NA
533.920,5.6014,-18.6549,6.9508,-5.1117,55510.6840,87.0880,NA,NA,NA,NA,NA,NA,NA,NA,NA,NA
534.020,5.5954,-18.7412,6.9508,-5.1117,60906.9280,105.2750,NA,NA,NA,NA,NA,NA,NA,NA,NA,NA
534.115,5.5904,-18.8136,6.9443,-5.1999,60906.9280,105.2750,NA,NA,NA,NA,NA,NA,NA,NA,NA,NA
534.214,5.5904,-18.8136,6.9443,-5.1999,27508.8580,-7.2867,NA,NA,NA,NA,NA,NA,NA,NA,NA,NA
534.312,5.5849,-18.8948,6.9406,-5.2509,29724.9420,0.1822,NA,NA,NA,NA,NA,NA,NA,NA,NA,NA
534.411,5.5834,-18.9159,6.9391,-5.2719,29724.9420,0.1822,NA,NA,NA,NA,NA,NA,NA,NA,NA,NA
534.511,5.5798,-18.9689,6.9387,-5.2776,21847.1080,-26.3686,NA,NA,NA,NA,NA,NA,NA,NA,NA,NA
534.600,5.5794,-18.9747,6.9349,-5.3285,23716.4460,-20.0683,NA,NA,NA,NA,NA,NA,NA,NA,NA,NA
534.715,5.5772,-19.0063,6.9331,-5.3539,42916.3360,44.6412,NA,NA,NA,NA,NA,NA,NA,NA,NA,NA
534.799,5.5716,-19.0875,6.9316,-5.3732,49457.3200,66.6863,NA,NA,NA,NA,NA,NA,NA,NA,NA,NA
534.905,5.5678,-19.1420,6.9291,-5.4079,56273.5920,89.6593,NA,NA,NA,NA,NA,NA,NA,NA,NA,NA
535.000,5.5639,-19.1998,6.9284,-5.4175,62414.8920,110.3573,NA,NA,NA,NA,NA,NA,NA,NA,NA,NA
535.096,5.5605,-19.2489,6.9268,-5.4388,62414.8920,110.3573,NA,NA,NA,NA,NA,NA,NA,NA,NA,NA
535.194,5.5592,-19.2681,6.9268,-5.4388,28281.6780,-4.6821,NA,NA,NA,NA,NA,NA,NA,NA,NA,NA
535.292,5.5595,-19.2634,6.9247,-5.4680,30567.6980,3.0225,NA,NA,NA,NA,NA,NA,NA,NA,NA,NA
535.399,5.5595,-19.2634,6.9230,-5.4919,30567.6980,3.0225,NA,NA,NA,NA,NA,NA,NA,NA,NA,NA
535.518,5.5562,-19.3108,6.9230,-5.4919,22237.7480,-25.0520,NA,NA,NA,NA,NA,NA,NA,NA,NA,NA
535.585,5.5558,-19.3163,6.9212,-5.5160,24106.8520,-18.7525,NA,NA,NA,NA,NA,NA,NA,NA,NA,NA
535.679,5.5521,-19.3703,6.9180,-5.5592,43393.1280,46.2481,NA,NA,NA,NA,NA,NA,NA,NA,NA,NA
535.803,5.5485,-19.4231,6.9178,-5.5625,49980.3720,68.4492,NA,NA,NA,NA,NA,NA,NA,NA,NA,NA
535.898,5.5448,-19.4759,6.9163,-5.5823,49980.3720,68.4492,NA,NA,NA,NA,NA,NA,NA,NA,NA,NA
535.989,5.5448,-19.4759,6.9145,-5.6070,29969.3260,1.0058,NA,NA,NA,NA,NA,NA,NA,NA,NA,NA
536.114,5.5452,-19.4703,6.9130,-5.6273,29969.3260,1.0058,NA,NA,NA,NA,NA,NA,NA,NA,NA,NA
536.178,5.5452,-19.4703,6.9097,-5.6726,24165.9440,-18.5534,NA,NA,NA,NA,NA,NA,NA,NA,NA,NA
536.277,5.5435,-19.4949,6.9061,-5.7224,25906.3220,-12.6878,NA,NA,NA,NA,NA,NA,NA,NA,NA,NA
536.373,5.5400,-19.5466,6.9026,-5.7699,49568.0560,67.0595,NA,NA,NA,NA,NA,NA,NA,NA,NA,NA
536.474,5.5354,-19.6128,6.9000,-5.8050,52184.2600,75.8770,NA,NA,NA,NA,NA,NA,NA,NA,NA,NA
536.570,5.5325,-19.6552,6.8972,-5.8436,55880.7120,88.3351,NA,NA,NA,NA,NA,NA,NA,NA,NA,NA
536.724,5.5308,-19.6791,6.8959,-5.8616,55880.7120,88.3351,NA,NA,NA,NA,NA,NA,NA,NA,NA,NA
536.775,5.5279,-19.7213,6.8944,-5.8817,25775.4440,-13.1289,NA,NA,NA,NA,NA,NA,NA,NA,NA,NA
536.865,5.5264,-19.7441,6.8901,-5.9401,27305.1100,-7.9734,NA,NA,NA,NA,NA,NA,NA,NA,NA,NA
536.962,5.5260,-19.7491,6.8883,-5.9652,27305.1100,-7.9734,NA,NA,NA,NA,NA,NA,NA,NA,NA,NA
537.063,5.5251,-19.7629,6.8832,-6.0348,22146.0320,-25.3611,NA,NA,NA,NA,NA,NA,NA,NA,NA,NA
537.162,5.5232,-19.7900,6.8771,-6.1185,24350.1360,-17.9326,NA,NA,NA,NA,NA,NA,NA,NA,NA,NA
537.252,5.5219,-19.8090,6.8766,-6.1253,26354.7660,-11.1764,NA,NA,NA,NA,NA,NA,NA,NA,NA,NA
537.367,5.5164,-19.8896,6.8742,-6.1571,50810.0680,71.2455,NA,NA,NA,NA,NA,NA,NA,NA,NA,NA
537.487,5.5126,-19.9437,6.8721,-6.1857,53620.3440,80.7170,NA,NA,NA,NA,NA,NA,NA,NA,NA,NA
537.552,5.5097,-19.9864,6.8705,-6.2082,57052.6520,92.2849,NA,NA,NA,NA,NA,NA,NA,NA,NA,NA
537.656,5.5045,-20.0613,6.8619,-6.3251,57052.6520,92.2849,NA,NA,NA,NA,NA,NA,NA,NA,NA,NA
537.755,5.5027,-20.0876,6.8613,-6.3341,26530.4840,-10.5841,NA,NA,NA,NA,NA,NA,NA,NA,NA,NA
537.872,5.4998,-20.1297,6.8613,-6.3341,28005.0320,-5.6145,NA,NA,NA,NA,NA,NA,NA,NA,NA,NA
537.943,5.5009,-20.1136,6.8564,-6.4007,28005.0320,-5.6145,NA,NA,NA,NA,NA,NA,NA,NA,NA,NA
538.061,5.5009,-20.1136,6.8537,-6.4372,22537.6600,-24.0412,NA,NA,NA,NA,NA,NA,NA,NA,NA,NA
538.165,5.4990,-20.1413,6.8519,-6.4622,24777.7480,-16.4914,NA,NA,NA,NA,NA,NA,NA,NA,NA,NA
538.238,5.4954,-20.1934,6.8436,-6.5745,46981.7400,58.3429,NA,NA,NA,NA,NA,NA,NA,NA,NA,NA
538.343,5.4931,-20.2280,6.8393,-6.6338,51721.3760,74.3169,NA,NA,NA,NA,NA,NA,NA,NA,NA,NA
538.441,5.4890,-20.2862,6.8393,-6.6338,51721.3760,74.3169,NA,NA,NA,NA,NA,NA,NA,NA,NA,NA
538.544,5.4865,-20.3228,6.8337,-6.7110,32241.9120,8.6651,NA,NA,NA,NA,NA,NA,NA,NA,NA,NA
538.639,5.4838,-20.3630,6.8233,-6.8522,32241.9120,8.6651,NA,NA,NA,NA,NA,NA,NA,NA,NA,NA
538.736,5.4812,-20.4008,6.8210,-6.8834,23466.6880,-20.9101,NA,NA,NA,NA,NA,NA,NA,NA,NA,NA
538.833,5.4812,-20.4008,6.8158,-6.9552,25084.3580,-15.4580,NA,NA,NA,NA,NA,NA,NA,NA,NA,NA
538.934,5.4811,-20.4014,6.8102,-7.0313,45980.7720,54.9693,NA,NA,NA,NA,NA,NA,NA,NA,NA,NA
539.028,5.4780,-20.4463,6.8102,-7.0313,50171.6480,69.0938,NA,NA,NA,NA,NA,NA,NA,NA,NA,NA
539.130,5.4735,-20.5113,6.8060,-7.0882,53728.0360,81.0799,NA,NA,NA,NA,NA,NA,NA,NA,NA,NA
539.238,5.4722,-20.5303,6.8017,-7.1478,53728.0360,81.0799,NA,NA,NA,NA,NA,NA,NA,NA,NA,NA
539.321,5.4710,-20.5480,6.7988,-7.1874,24466.1340,-17.5416,NA,NA,NA,NA,NA,NA,NA,NA,NA,NA
539.424,5.4710,-20.5480,6.7959,-7.2267,28102.9240,-5.2845,197127.2640,0.0000,NA,NA,NA,NA,NA,NA,NA,NA
539.519,5.4649,-20.6366,6.7934,-7.2610,55165.1600,85.9235,NA,NA,NA,NA,NA,NA,NA,NA,NA,NA
539.616,5.4652,-20.6325,6.7934,-7.2610,55165.1600,85.9235,NA,NA,NA,NA,NA,NA,NA,NA,NA,NA
539.714,5.4672,-20.6033,6.7889,-7.3226,29008.6300,-2.2320,187168.4000,0.0000,NA,NA,NA,NA,NA,NA,NA,NA
539.814,5.4672,-20.6033,6.7842,-7.3856,61406.4160,106.9584,NA,NA,NA,NA,NA,NA,NA,NA,NA,NA
539.925,5.4653,-20.6315,6.7836,-7.3938,61406.4160,106.9584,NA,NA,NA,NA,NA,NA,NA,NA,NA,NA
540.027,5.4660,-20.6211,6.7836,-7.3938,26602.0000,-10.3431,NA,NA,NA,NA,NA,NA,NA,NA,NA,NA
540.135,5.4668,-20.6100,6.7757,-7.5016,25190.8400,-15.0991,NA,NA,NA,NA,NA,NA,NA,NA,NA,NA
540.213,5.4668,-20.6100,6.7766,-7.4893,47358.8240,59.6138,NA,NA,NA,NA,NA,NA,NA,NA,NA,NA
540.350,5.4638,-20.6524,6.7766,-7.4893,49766.3720,67.7279,NA,NA,NA,NA,NA,NA,NA,NA,NA,NA
540.410,5.4617,-20.6834,6.7735,-7.5328,53467.1320,80.2006,NA,NA,NA,NA,NA,NA,NA,NA,NA,NA
540.516,5.4603,-20.7043,6.7714,-7.5602,58291.7800,96.4612,NA,NA,NA,NA,NA,NA,NA,NA,NA,NA
540.613,5.4599,-20.7094,6.7673,-7.6167,58291.7800,96.4612,NA,NA,NA,NA,NA,NA,NA,NA,NA,NA
540.720,5.4599,-20.7094,6.7669,-7.6218,26514.9340,-10.6365,NA,NA,NA,NA,NA,NA,NA,NA,NA,NA
540.805,5.4576,-20.7434,6.7651,-7.6467,28758.7300,-3.0743,NA,NA,NA,NA,NA,NA,NA,NA,NA,NA
540.967,5.4576,-20.7434,6.7605,-7.7094,28758.7300,-3.0743,NA,NA,NA,NA,NA,NA,NA,NA,NA,NA
540.999,5.4546,-20.7869,6.7604,-7.7108,23617.2900,-20.4025,NA,NA,NA,NA,NA,NA,NA,NA,NA,NA
541.104,5.4528,-20.8124,6.7616,-7.6943,25313.8560,-14.6845,NA,NA,NA,NA,NA,NA,NA,NA,NA,NA
541.220,5.4493,-20.8640,6.7651,-7.6468,48178.7200,62.3771,NA,NA,NA,NA,NA,NA,NA,NA,NA,NA
541.294,5.4444,-20.9344,6.7651,-7.6468,50773.3240,71.1217,NA,NA,NA,NA,NA,NA,NA,NA,NA,NA
541.396,5.4394,-21.0078,6.7626,-7.6815,54435.9400,83.4658,NA,NA,NA,NA,NA,NA,NA,NA,NA,NA
541.518,5.4381,-21.0267,6.7626,-7.6815,54435.9400,83.4658,NA,NA,NA,NA,NA,NA,NA,NA,NA,NA
541.593,5.4362,-21.0541,6.7596,-7.7213,25019.5960,-15.6763,NA,NA,NA,NA,NA,NA,NA,NA,NA,NA
541.687,5.4362,-21.0541,6.7603,-7.7124,26487.5320,-10.7289,NA,NA,NA,NA,NA,NA,NA,NA,NA,NA
541.795,5.4342,-21.0828,6.7603,-7.7124,29350.7500,-1.0790,NA,NA,NA,NA,NA,NA,NA,NA,NA,NA
541.878,5.4374,-21.0358,6.7576,-7.7490,29350.7500,-1.0790,NA,NA,NA,NA,NA,NA,NA,NA,NA,NA
541.979,5.4374,-21.0358,6.7512,-7.8364,24128.3920,-18.6799,NA,NA,NA,NA,NA,NA,NA,NA,NA,NA
542.083,5.4342,-21.0830,6.7457,-7.9121,25771.6860,-13.1415,NA,NA,NA,NA,NA,NA,NA,NA,NA,NA
542.176,5.4281,-21.1714,6.7422,-7.9588,49338.7280,66.2866,NA,NA,NA,NA,NA,NA,NA,NA,NA,NA
542.274,5.4254,-21.2107,6.7410,-7.9752,51710.8280,74.2813,NA,NA,NA,NA,NA,NA,NA,NA,NA,NA
542.385,5.4182,-21.3152,6.7429,-7.9500,55751.5240,87.8997,NA,NA,NA,NA,NA,NA,NA,NA,NA,NA
542.469,5.4170,-21.3326,6.7429,-7.9500,55751.5240,87.8997,NA,NA,NA,NA,NA,NA,NA,NA,NA,NA
542.580,5.4146,-21.3668,6.7320,-8.0985,25549.4620,-13.8905,NA,NA,NA,NA,NA,NA,NA,NA,NA,NA
542.674,5.4158,-21.3505,6.7273,-8.1634,25549.4620,-13.8905,NA,NA,NA,NA,NA,NA,NA,NA,NA,NA
542.809,5.4158,-21.3505,6.7169,-8.3054,26152.2300,-11.8590,NA,NA,NA,NA,NA,NA,NA,NA,NA,NA
542.868,5.4157,-21.3512,6.7113,-8.3818,47700.9040,60.7667,NA,NA,NA,NA,NA,NA,NA,NA,NA,NA
542.965,5.4150,-21.3615,6.7086,-8.4176,50862.9680,71.4238,NA,NA,NA,NA,NA,NA,NA,NA,NA,NA
543.069,5.4121,-21.4041,6.7005,-8.5281,53689.6240,80.9505,NA,NA,NA,NA,NA,NA,NA,NA,NA,NA
543.169,5.4121,-21.4041,6.6917,-8.6492,53689.6240,80.9505,NA,NA,NA,NA,NA,NA,NA,NA,NA,NA
543.310,5.4084,-21.4580,6.6815,-8.7880,27766.6360,-6.4179,191064.3040,0.0000,NA,NA,NA,NA,NA,NA,NA,NA
543.359,5.4060,-21.4915,6.6646,-9.0192,54417.8160,83.4047,NA,NA,NA,NA,NA,NA,NA,NA,NA,NA
543.464,5.4027,-21.5401,6.6544,-9.1575,54417.8160,83.4047,NA,NA,NA,NA,NA,NA,NA,NA,NA,NA
543.565,5.4018,-21.5535,6.6495,-9.2246,27119.3640,-8.5994,182429.9840,0.0000,NA,NA,NA,NA,NA,NA,NA,NA
543.655,5.4437,-20.9453,6.7061,-8.4526,58292.5120,96.4636,NA,NA,NA,NA,NA,NA,NA,NA,NA,NA
543.768,5.5548,-19.3307,6.8296,-6.7658,NA,NA,NA,NA,NA,NA,NA,NA,NA,NA,NA,NA
543.853,5.6834,-17.4641,6.9464,-5.1724,NA,NA,NA,NA,NA,NA,NA,NA,NA,NA,NA,NA
543.977,5.7850,-15.9889,7.1012,-3.0585,30553.5000,2.9747,NA,NA,NA,NA,NA,NA,NA,NA,NA,NA
544.056,5.8799,-14.6103,7.1899,-1.8481,32037.9720,7.9778,195924.1440,0.0000,NA,NA,NA,NA,NA,NA,NA,NA
544.157,5.9574,-13.4847,7.2426,-1.1277,32037.9720,7.9778,195924.1440,0.0000,NA,NA,NA,NA,NA,NA,NA,NA
544.261,5.9940,-12.9528,7.3001,-0.3432,52485.8320,76.8933,NA,NA,NA,NA,NA,NA,NA,NA,NA,NA
544.353,6.0088,-12.7378,7.3194,-0.0800,55892.2320,88.3740,NA,NA,NA,NA,NA,NA,NA,NA,NA,NA
544.498,6.0165,-12.6266,7.3194,-0.0800,55892.2320,88.3740,NA,NA,NA,NA,NA,NA,NA,NA,NA,NA
544.559,6.0186,-12.5960,7.3174,-0.1070,25591.0440,-13.7503,NA,NA,NA,NA,NA,NA,NA,NA,NA,NA
544.660,6.0203,-12.5705,7.3238,-0.0194,24302.1780,-18.0942,NA,NA,NA,NA,NA,NA,NA,NA,NA,NA
544.754,6.0203,-12.5705,7.3250,-0.0028,26084.4540,-12.0874,NA,NA,NA,NA,NA,NA,NA,NA,NA,NA
544.855,6.0095,-12.7276,7.3376,0.1691,47757.7040,60.9581,NA,NA,NA,NA,NA,NA,NA,NA,NA,NA
544.965,6.0178,-12.6082,7.3902,0.8866,51016.4040,71.9409,NA,NA,NA,NA,NA,NA,NA,NA,NA,NA
545.048,6.0889,-11.5751,7.4383,1.5436,53812.2560,81.3638,NA,NA,NA,NA,NA,NA,NA,NA,NA,NA
545.170,6.1804,-10.2465,7.5087,2.5048,53812.2560,81.3638,NA,NA,NA,NA,NA,NA,NA,NA,NA,NA
545.246,6.2749,-8.8739,7.5795,3.4702,27390.6720,-7.6850,193574.9120,0.0000,NA,NA,NA,NA,NA,NA,NA,NA
545.345,6.3565,-7.6890,7.6305,4.1676,53985.2080,81.9467,NA,NA,NA,NA,NA,NA,NA,NA,NA,NA
545.447,6.4695,-6.0475,7.6869,4.9365,53985.2080,81.9467,NA,NA,NA,NA,NA,NA,NA,NA,NA,NA
545.543,6.6739,-3.0790,7.7545,5.8600,26679.5300,-10.0818,NA,NA,NA,NA,NA,NA,NA,NA,NA,NA
545.700,6.7622,-1.7973,7.7887,6.3262,23888.0160,-19.4901,NA,NA,NA,NA,NA,NA,NA,NA,NA,NA
545.744,6.7941,-1.3343,7.7986,6.4622,26471.5160,-10.7829,NA,NA,NA,NA,NA,NA,NA,NA,NA,NA
545.841,6.8087,-1.1215,7.8050,6.5489,50185.1920,69.1395,NA,NA,NA,NA,NA,NA,NA,NA,NA,NA
545.947,6.8159,-1.0177,7.8050,6.5489,55781.8240,88.0018,NA,NA,NA,NA,NA,NA,NA,NA,NA,NA
546.032,6.8454,-0.5881,7.8139,6.6707,59867.8800,101.7731,NA,NA,NA,NA,NA,NA,NA,NA,NA,NA
546.136,6.8628,-0.3363,7.8394,7.0183,59867.8800,101.7731,NA,NA,NA,NA,NA,NA,NA,NA,NA,NA
546.229,6.8720,-0.2031,7.8494,7.1553,27451.6660,-7.4795,NA,NA,NA,NA,NA,NA,NA,NA,NA,NA
546.332,6.9179,0.4643,7.8778,7.5432,29186.8540,-1.6314,NA,NA,NA,NA,NA,NA,NA,NA,NA,NA
546.426,6.9179,0.4643,7.8874,7.6741,29186.8540,-1.6314,NA,NA,NA,NA,NA,NA,NA,NA,NA,NA
546.534,6.9175,0.4582,7.9087,7.9648,22027.3640,-25.7610,NA,NA,NA,NA,NA,NA,NA,NA,NA,NA
546.621,6.9201,0.4963,7.9263,8.2058,24242.9080,-18.2940,NA,NA,NA,NA,NA,NA,NA,NA,NA,NA
546.720,6.9342,0.7015,7.9311,8.2707,45462.2320,53.2217,NA,NA,NA,NA,NA,NA,NA,NA,NA,NA
546.817,6.9342,0.7015,7.9311,8.2707,51562.7480,73.7823,NA,NA,NA,NA,NA,NA,NA,NA,NA,NA
546.971,6.9388,0.7674,7.9455,8.4678,56968.1120,92.0000,NA,NA,NA,NA,NA,NA,NA,NA,NA,NA
547.010,6.9388,0.7674,7.9455,8.4678,60206.9080,102.9157,NA,NA,NA,NA,NA,NA,NA,NA,NA,NA
547.115,6.8880,0.0296,7.9327,8.2928,60206.9080,102.9157,NA,NA,NA,NA,NA,NA,NA,NA,NA,NA
547.211,6.8426,-0.6290,7.9045,7.9070,28028.7400,-5.5346,NA,NA,NA,NA,NA,NA,NA,NA,NA,NA
547.308,6.8274,-0.8502,7.8909,7.7220,29572.1340,-0.3328,NA,NA,NA,NA,NA,NA,NA,NA,NA,NA
547.425,6.8222,-0.9256,7.8832,7.6172,29572.1340,-0.3328,NA,NA,NA,NA,NA,NA,NA,NA,NA,NA
547.527,6.8265,-0.8639,7.8671,7.3970,22626.6100,-23.7414,NA,NA,NA,NA,NA,NA,NA,NA,NA,NA
547.605,6.8265,-0.8639,7.8554,7.2373,24984.4160,-15.7949,NA,NA,NA,NA,NA,NA,NA,NA,NA,NA
547.701,6.8175,-0.9940,7.8421,7.0554,47122.5200,58.8173,NA,NA,NA,NA,NA,NA,NA,NA,NA,NA
547.805,6.7989,-1.2646,7.8331,6.9325,53049.9840,78.7947,NA,NA,NA,NA,NA,NA,NA,NA,NA,NA
547.895,6.7989,-1.2646,7.8268,6.8475,57671.4840,94.3706,NA,NA,NA,NA,NA,NA,NA,NA,NA,NA
547.993,6.7936,-1.3414,7.8163,6.7036,57671.4840,94.3706,NA,NA,NA,NA,NA,NA,NA,NA,NA,NA
548.099,6.7936,-1.3414,7.8088,6.6014,25950.6300,-12.5384,NA,NA,NA,NA,NA,NA,NA,NA,NA,NA
548.201,6.7720,-1.6543,7.8016,6.5025,25950.6300,-12.5384,NA,NA,NA,NA,NA,NA,NA,NA,NA,NA
548.300,6.7684,-1.7066,7.7901,6.3461,25788.2140,-13.0858,NA,NA,NA,NA,NA,NA,NA,NA,NA,NA
548.400,6.7664,-1.7355,7.7756,6.1474,46791.7600,57.7026,NA,NA,NA,NA,NA,NA,NA,NA,NA,NA
548.534,6.7659,-1.7431,7.7605,5.9417,51171.8800,72.4649,NA,NA,NA,NA,NA,NA,NA,NA,NA,NA
548.624,6.7554,-1.8957,7.7473,5.7611,54911.8680,85.0698,NA,NA,NA,NA,NA,NA,NA,NA,NA,NA
548.710,6.7597,-1.8328,7.7411,5.6771,54911.8680,85.0698,NA,NA,NA,NA,NA,NA,NA,NA,NA,NA
548.784,6.7612,-1.8115,7.7280,5.4982,25124.9920,-15.3211,188718.7520,0.0000,NA,NA,NA,NA,NA,NA,NA,NA
548.888,6.7612,-1.8115,7.7224,5.4223,49911.7320,68.2178,NA,NA,NA,NA,NA,NA,NA,NA,NA,NA
548.988,6.7579,-1.8601,7.7153,5.3243,49911.7320,68.2178,NA,NA,NA,NA,NA,NA,NA,NA,NA,NA
549.086,6.7534,-1.9251,7.7086,5.2335,26910.0680,-9.3048,NA,NA,NA,NA,NA,NA,NA,NA,NA,NA
549.183,6.7425,-2.0829,7.7051,5.1854,29363.3240,-1.0366,189607.6320,0.0000,NA,NA,NA,NA,NA,NA,NA,NA
549.278,6.7425,-2.0829,7.6936,5.0288,62645.6640,111.1351,NA,NA,NA,NA,NA,NA,NA,NA,NA,NA
549.385,6.7316,-2.2411,7.6867,4.9348,62645.6640,111.1351,NA,NA,NA,NA,NA,NA,NA,NA,NA,NA
549.493,6.7114,-2.5351,7.6826,4.8778,27401.0880,-7.6499,NA,NA,NA,NA,NA,NA,NA,NA,NA,NA
549.602,6.6959,-2.7599,7.6718,4.7316,25677.9720,-13.4574,NA,NA,NA,NA,NA,NA,NA,NA,NA,NA
549.680,6.6785,-3.0119,7.6669,4.6642,48128.2720,62.2070,NA,NA,NA,NA,NA,NA,NA,NA,NA,NA
549.797,6.6558,-3.3424,7.6587,4.5515,50600.4360,70.5390,NA,NA,NA,NA,NA,NA,NA,NA,NA,NA
549.898,6.6017,-4.1277,7.6558,4.5130,54860.2000,84.8957,NA,NA,NA,NA,NA,NA,NA,NA,NA,NA
549.971,6.5826,-4.4056,7.6477,4.4015,54860.2000,84.8957,NA,NA,NA,NA,NA,NA,NA,NA,NA,NA
550.070,6.5421,-4.9931,7.6347,4.2241,24996.9020,-15.7528,NA,NA,NA,NA,NA,NA,NA,NA,NA,NA
550.177,6.5250,-5.2410,7.6280,4.1327,26578.0940,-10.4237,NA,NA,NA,NA,NA,NA,NA,NA,NA,NA
550.269,6.5067,-5.5070,7.6219,4.0499,29826.2460,0.5236,NA,NA,NA,NA,NA,NA,NA,NA,NA,NA
550.369,6.5017,-5.5796,7.6153,3.9601,29826.2460,0.5236,NA,NA,NA,NA,NA,NA,NA,NA,NA,NA
550.461,6.4995,-5.6121,7.6087,3.8692,24162.5980,-18.5646,NA,NA,NA,NA,NA,NA,NA,NA,NA,NA
550.568,6.4680,-6.0695,7.5953,3.6872,25591.8300,-13.7477,NA,NA,NA,NA,NA,NA,NA,NA,NA,NA
550.658,6.4530,-6.2876,7.5881,3.5888,48632.0480,63.9049,NA,NA,NA,NA,NA,NA,NA,NA,NA,NA
550.760,6.4268,-6.6677,7.5870,3.5732,51193.0800,72.5364,NA,NA,NA,NA,NA,NA,NA,NA,NA,NA
550.860,6.4041,-6.9982,7.5800,3.4773,56075.3200,88.9910,NA,NA,NA,NA,NA,NA,NA,NA,NA,NA
550.971,6.3934,-7.1535,7.5639,3.2582,56075.3200,88.9910,NA,NA,NA,NA,NA,NA,NA,NA,NA,NA
551.055,6.3862,-7.2570,7.5559,3.1489,25328.1680,-14.6363,NA,NA,NA,NA,NA,NA,NA,NA,NA,NA
551.159,6.3817,-7.3232,7.5530,3.1088,27194.6000,-8.3459,NA,NA,NA,NA,NA,NA,NA,NA,NA,NA
551.269,6.3658,-7.5540,7.5489,3.0533,27194.6000,-8.3459,NA,NA,NA,NA,NA,NA,NA,NA,NA,NA
551.348,6.3597,-7.6422,7.5452,3.0020,22515.3820,-24.1163,NA,NA,NA,NA,NA,NA,NA,NA,NA,NA
551.445,6.3591,-7.6504,7.5370,2.8911,24283.7200,-18.1564,NA,NA,NA,NA,NA,NA,NA,NA,NA,NA
551.540,6.3568,-7.6847,7.5322,2.8249,25960.9780,-12.5035,NA,NA,NA,NA,NA,NA,NA,NA,NA,NA
551.638,6.3444,-7.8650,7.5286,2.7760,48695.7360,64.1196,NA,NA,NA,NA,NA,NA,NA,NA,NA,NA
551.757,6.3361,-7.9850,7.5255,2.7332,52256.8920,76.1217,NA,NA,NA,NA,NA,NA,NA,NA,NA,NA
551.834,6.3188,-8.2367,7.5166,2.6127,57102.6200,92.4533,NA,NA,NA,NA,NA,NA,NA,NA,NA,NA
551.935,6.3105,-8.3568,7.5109,2.5349,57102.6200,92.4533,NA,NA,NA,NA,NA,NA,NA,NA,NA,NA
552.025,6.2895,-8.6616,7.5001,2.3872,25679.9320,-13.4508,NA,NA,NA,NA,NA,NA,NA,NA,NA,NA
552.129,6.2815,-8.7778,7.4901,2.2507,27998.6880,-5.6358,NA,NA,NA,NA,NA,NA,NA,NA,NA,NA
552.227,6.2778,-8.8316,7.4835,2.1602,27998.6880,-5.6358,NA,NA,NA,NA,NA,NA,NA,NA,NA,NA
552.390,6.2719,-8.9178,7.4777,2.0814,23059.5140,-22.2824,NA,NA,NA,NA,NA,NA,NA,NA,NA,NA
552.432,6.2643,-9.0281,7.4740,2.0310,50886.0720,71.5017,NA,NA,NA,NA,NA,NA,NA,NA,NA,NA
552.528,6.2544,-9.1713,7.4689,1.9615,53224.5480,79.3830,NA,NA,NA,NA,NA,NA,NA,NA,NA,NA
552.625,6.2439,-9.3241,7.4630,1.8802,53224.5480,79.3830,NA,NA,NA,NA,NA,NA,NA,NA,NA,NA
552.727,6.2335,-9.4748,7.4588,1.8227,29288.5880,-1.2885,194136.7200,0.0000,NA,NA,NA,NA,NA,NA,NA,NA
552.826,6.2239,-9.6139,7.4558,1.7818,59335.4480,99.9786,NA,NA,NA,NA,NA,NA,NA,NA,NA,NA
552.936,6.2140,-9.7583,7.4490,1.6898,59335.4480,99.9786,NA,NA,NA,NA,NA,NA,NA,NA,NA,NA
553.026,6.2058,-9.8774,7.4442,1.6236,27383.9120,-7.7078,NA,NA,NA,NA,NA,NA,NA,NA,NA,NA
553.118,6.1863,-10.1607,7.4372,1.5286,30211.4160,1.8217,NA,NA,NA,NA,NA,NA,NA,NA,NA,NA
553.214,6.1695,-10.4042,7.4325,1.4636,30211.4160,1.8217,NA,NA,NA,NA,NA,NA,NA,NA,NA,NA
553.314,6.1596,-10.5476,7.4190,1.2801,22143.5760,-25.3694,NA,NA,NA,NA,NA,NA,NA,NA,NA,NA
553.524,6.1456,-10.7515,7.4114,1.1762,23321.5860,-21.3991,NA,NA,NA,NA,NA,NA,NA,NA,NA,NA
553.518,6.1217,-11.0983,7.4058,1.0995,40607.5000,36.8597,NA,NA,NA,NA,NA,NA,NA,NA,NA,NA
553.610,6.0917,-11.5348,7.3950,0.9518,45875.2160,54.6135,NA,NA,NA,NA,NA,NA,NA,NA,NA,NA
553.712,6.0816,-11.6814,7.3890,0.8707,53298.9440,79.6338,NA,NA,NA,NA,NA,NA,NA,NA,NA,NA
553.801,6.0687,-11.8683,7.3816,0.7690,61890.4800,108.5899,NA,NA,NA,NA,NA,NA,NA,NA,NA,NA
553.914,6.0601,-11.9930,7.3734,0.6577,61890.4800,108.5899,NA,NA,NA,NA,NA,NA,NA,NA,NA,NA
554.004,6.0510,-12.1247,7.3671,0.5711,28010.1680,-5.5971,NA,NA,NA,NA,NA,NA,NA,NA,NA,NA
554.100,6.0445,-12.2197,7.3567,0.4291,30740.7740,3.6058,NA,NA,NA,NA,NA,NA,NA,NA,NA,NA
554.198,6.0337,-12.3765,7.3487,0.3202,30740.7740,3.6058,NA,NA,NA,NA,NA,NA,NA,NA,NA,NA
554.307,6.0215,-12.5533,7.3390,0.1871,53517.0560,80.3689,NA,NA,NA,NA,NA,NA,NA,NA,NA,NA
554.396,6.0115,-12.6992,7.3332,0.1088,55374.4560,86.6289,NA,NA,NA,NA,NA,NA,NA,NA,NA,NA
554.495,5.9935,-12.9597,7.3228,-0.0330,55374.4560,86.6289,NA,NA,NA,NA,NA,NA,NA,NA,NA,NA
554.599,5.9858,-13.0719,7.3196,-0.0775,25463.0480,-14.1817,NA,NA,NA,NA,NA,NA,NA,NA,NA,NA
554.715,5.9783,-13.1817,7.3130,-0.1677,26957.1980,-9.1460,NA,NA,NA,NA,NA,NA,NA,NA,NA,NA
554.787,5.9629,-13.4048,7.3003,-0.3400,29227.6560,-1.4938,NA,NA,NA,NA,NA,NA,NA,NA,NA,NA
554.886,5.9569,-13.4917,7.2949,-0.4142,29227.6560,-1.4938,NA,NA,NA,NA,NA,NA,NA,NA,NA,NA
554.987,5.9391,-13.7501,7.2910,-0.4672,24105.2060,-18.7581,NA,NA,NA,NA,NA,NA,NA,NA,NA,NA
555.106,5.9336,-13.8306,7.2835,-0.5703,26110.9720,-11.9980,NA,NA,NA,NA,NA,NA,NA,NA,NA,NA
555.186,5.9213,-14.0083,7.2748,-0.6883,50278.7040,69.4546,NA,NA,NA,NA,NA,NA,NA,NA,NA,NA
555.306,5.9064,-14.2248,7.2715,-0.7341,53488.3280,80.2721,NA,NA,NA,NA,NA,NA,NA,NA,NA,NA
555.375,5.8983,-14.3430,7.2625,-0.8569,55957.9640,88.5955,NA,NA,NA,NA,NA,NA,NA,NA,NA,NA
555.475,5.8936,-14.4112,7.2603,-0.8870,55957.9640,88.5955,NA,NA,NA,NA,NA,NA,NA,NA,NA,NA
555.570,5.8906,-14.4547,7.2553,-0.9543,25892.1960,-12.7354,NA,NA,NA,NA,NA,NA,NA,NA,NA,NA
555.671,5.8773,-14.6477,7.2500,-1.0274,27367.5320,-7.7630,NA,NA,NA,NA,NA,NA,NA,NA,NA,NA
555.775,5.8619,-14.8712,7.2429,-1.1236,27367.5320,-7.7630,NA,NA,NA,NA,NA,NA,NA,NA,NA,NA
555.869,5.8582,-14.9254,7.2335,-1.2529,22082.9280,-25.5738,NA,NA,NA,NA,NA,NA,NA,NA,NA,NA
555.968,5.8461,-15.1010,7.2314,-1.2817,24360.8320,-17.8965,NA,NA,NA,NA,NA,NA,NA,NA,NA,NA
556.076,5.8327,-15.2961,7.2248,-1.3708,26448.2520,-10.8613,NA,NA,NA,NA,NA,NA,NA,NA,NA,NA
556.170,5.8161,-15.5365,7.2187,-1.4552,50763.3560,71.0881,NA,NA,NA,NA,NA,NA,NA,NA,NA,NA
556.255,5.8010,-15.7556,7.2133,-1.5287,53671.2320,80.8885,NA,NA,NA,NA,NA,NA,NA,NA,NA,NA
556.354,5.7868,-15.9615,7.2024,-1.6769,57072.9440,92.3533,NA,NA,NA,NA,NA,NA,NA,NA,NA,NA
556.491,5.7782,-16.0865,7.1970,-1.7512,57072.9440,92.3533,NA,NA,NA,NA,NA,NA,NA,NA,NA,NA
556.573,5.7723,-16.1720,7.1937,-1.7963,26425.1400,-10.9392,NA,NA,NA,NA,NA,NA,NA,NA,NA,NA
556.648,5.7688,-16.2232,7.1907,-1.8372,27853.9360,-6.1237,NA,NA,NA,NA,NA,NA,NA,NA,NA,NA
556.747,5.7509,-16.4842,7.1849,-1.9160,27853.9360,-6.1237,NA,NA,NA,NA,NA,NA,NA,NA,NA,NA
556.854,5.7445,-16.5764,7.1789,-1.9977,22741.1060,-23.3555,NA,NA,NA,NA,NA,NA,NA,NA,NA,NA
556.947,5.7338,-16.7323,7.1742,-2.0625,52394.7680,76.5864,NA,NA,NA,NA,NA,NA,NA,NA,NA,NA
557.114,5.7298,-16.7902,7.1672,-2.1577,55069.1320,85.5999,NA,NA,NA,NA,NA,NA,NA,NA,NA,NA
557.181,5.7273,-16.8267,7.1636,-2.2071,55069.1320,85.5999,NA,NA,NA,NA,NA,NA,NA,NA,NA,NA
557.244,5.7176,-16.9665,7.1583,-2.2795,28567.7680,-3.7179,195585.7920,0.0000,NA,NA,NA,NA,NA,NA,NA,NA
557.343,5.7160,-16.9900,7.1558,-2.3137,55884.7920,88.3489,NA,NA,NA,NA,NA,NA,NA,NA,NA,NA
557.447,5.7116,-17.0544,7.1525,-2.3583,55884.7920,88.3489,NA,NA,NA,NA,NA,NA,NA,NA,NA,NA
557.549,5.7181,-16.9602,7.1499,-2.3941,27839.0780,-6.1738,187336.6240,0.0000,NA,NA,NA,NA,NA,NA,NA,NA
557.677,5.7181,-16.9602,7.1480,-2.4202,59603.2160,100.8811,NA,NA,NA,NA,NA,NA,NA,NA,NA,NA
557.741,5.7168,-16.9785,7.1472,-2.4310,59603.2160,100.8811,NA,NA,NA,NA,NA,NA,NA,NA,NA,NA
557.842,5.7150,-17.0052,7.1428,-2.4907,26782.6700,-9.7342,NA,NA,NA,NA,NA,NA,NA,NA,NA,NA
557.941,5.7150,-17.0052,7.1419,-2.5027,26782.6700,-9.7342,NA,NA,NA,NA,NA,NA,NA,NA,NA,NA
558.039,5.7065,-17.1282,7.1392,-2.5395,26389.4720,-11.0594,NA,NA,NA,NA,NA,NA,NA,NA,NA,NA
558.142,5.6935,-17.3178,7.1320,-2.6382,48008.5920,61.8037,NA,NA,NA,NA,NA,NA,NA,NA,NA,NA
558.234,5.6886,-17.3884,7.1299,-2.6667,52447.2160,76.7632,NA,NA,NA,NA,NA,NA,NA,NA,NA,NA
558.355,5.6767,-17.5606,7.1259,-2.7210,56375.0080,90.0011,NA,NA,NA,NA,NA,NA,NA,NA,NA,NA
558.450,5.6730,-17.6149,7.1227,-2.7655,56375.0080,90.0011,NA,NA,NA,NA,NA,NA,NA,NA,NA,NA
558.532,5.6698,-17.6615,7.1182,-2.8270,25682.7160,-13.4414,189900.5280,0.0000,NA,NA,NA,NA,NA,NA,NA,NA
558.638,5.6678,-17.6910,7.1134,-2.8922,50859.0400,71.4106,NA,NA,NA,NA,NA,NA,NA,NA,NA,NA
558.726,5.6676,-17.6936,7.1117,-2.9146,50859.0400,71.4106,NA,NA,NA,NA,NA,NA,NA,NA,NA,NA
558.823,5.6574,-17.8409,7.1098,-2.9419,27760.7740,-6.4377,188168.7040,0.0000,NA,NA,NA,NA,NA,NA,NA,NA
558.946,5.6534,-17.8992,7.1096,-2.9441,57558.3760,93.9894,NA,NA,NA,NA,NA,NA,NA,NA,NA,NA
559.023,5.6490,-17.9630,7.1057,-2.9969,57558.3760,93.9894,NA,NA,NA,NA,NA,NA,NA,NA,NA,NA
559.133,5.6431,-18.0488,7.0998,-3.0773,25805.0980,-13.0289,NA,NA,NA,NA,NA,NA,NA,NA,NA,NA
559.226,5.6431,-18.0488,7.1006,-3.0674,25805.0980,-13.0289,NA,NA,NA,NA,NA,NA,NA,NA,NA,NA
559.330,5.6423,-18.0601,7.1006,-3.0674,26065.9100,-12.1499,NA,NA,NA,NA,NA,NA,NA,NA,NA,NA
559.424,5.6369,-18.1393,7.0934,-3.1647,49490.3360,66.7976,NA,NA,NA,NA,NA,NA,NA,NA,NA,NA
559.551,5.6339,-18.1825,7.0898,-3.2141,51827.1640,74.6734,NA,NA,NA,NA,NA,NA,NA,NA,NA,NA
559.616,5.6328,-18.1982,7.0883,-3.2348,55913.3640,88.4452,NA,NA,NA,NA,NA,NA,NA,NA,NA,NA
559.719,5.6322,-18.2073,7.0800,-3.3485,55913.3640,88.4452,NA,NA,NA,NA,NA,NA,NA,NA,NA,NA
559.818,5.6330,-18.1962,7.0755,-3.4091,25595.5200,-13.7353,NA,NA,NA,NA,NA,NA,NA,NA,NA,NA
559.907,5.6346,-18.1727,7.0664,-3.5340,27239.1500,-8.1957,NA,NA,NA,NA,NA,NA,NA,NA,NA,NA
560.017,5.6370,-18.1369,7.0658,-3.5423,27239.1500,-8.1957,NA,NA,NA,NA,NA,NA,NA,NA,NA,NA
560.156,5.6391,-18.1069,7.0598,-3.6234,22474.7980,-24.2530,NA,NA,NA,NA,NA,NA,NA,NA,NA,NA
560.203,5.6391,-18.1069,7.0572,-3.6593,24436.2560,-17.6423,NA,NA,NA,NA,NA,NA,NA,NA,NA,NA
560.304,5.6338,-18.1835,7.0505,-3.7508,26139.8420,-11.9007,NA,NA,NA,NA,NA,NA,NA,NA,NA,NA
560.436,5.6247,-18.3165,7.0565,-3.6687,50000.4320,68.5168,NA,NA,NA,NA,NA,NA,NA,NA,NA,NA
560.498,5.6197,-18.3894,7.0565,-3.6687,52407.0680,76.6279,NA,NA,NA,NA,NA,NA,NA,NA,NA,NA
560.602,5.6197,-18.3887,7.0562,-3.6735,57296.3240,93.1062,NA,NA,NA,NA,NA,NA,NA,NA,NA,NA
560.725,5.6197,-18.3887,7.0511,-3.7425,57296.3240,93.1062,NA,NA,NA,NA,NA,NA,NA,NA,NA,NA
560.797,5.6176,-18.4192,7.0492,-3.7690,25947.5300,-12.5489,NA,NA,NA,NA,NA,NA,NA,NA,NA,NA
560.898,5.6151,-18.4562,7.0447,-3.8301,27866.8220,-6.0803,NA,NA,NA,NA,NA,NA,NA,NA,NA,NA
560.995,5.6151,-18.4562,7.0381,-3.9200,27866.8220,-6.0803,NA,NA,NA,NA,NA,NA,NA,NA,NA,NA
561.089,5.6163,-18.4378,7.0350,-3.9628,23059.5340,-22.2823,NA,NA,NA,NA,NA,NA,NA,NA,NA,NA
561.193,5.6163,-18.4378,7.0296,-4.0367,24908.5760,-16.0505,NA,NA,NA,NA,NA,NA,NA,NA,NA,NA
561.345,5.6132,-18.4837,7.0262,-4.0819,47324.4480,59.4979,NA,NA,NA,NA,NA,NA,NA,NA,NA,NA
561.381,5.6083,-18.5544,7.0238,-4.1149,49868.1800,68.0711,NA,NA,NA,NA,NA,NA,NA,NA,NA,NA
561.489,5.6048,-18.6047,7.0217,-4.1441,53411.6880,80.0138,NA,NA,NA,NA,NA,NA,NA,NA,NA,NA
561.589,5.6025,-18.6392,7.0165,-4.2153,58065.3720,95.6981,NA,NA,NA,NA,NA,NA,NA,NA,NA,NA
561.677,5.6011,-18.6593,7.0152,-4.2330,58065.3720,95.6981,NA,NA,NA,NA,NA,NA,NA,NA,NA,NA
561.775,5.5976,-18.7101,7.0128,-4.2655,26311.1480,-11.3234,NA,NA,NA,NA,NA,NA,NA,NA,NA,NA
561.873,5.5857,-18.8831,7.0080,-4.3310,28771.0540,-3.0327,NA,NA,NA,NA,NA,NA,NA,NA,NA,NA
562.015,5.5806,-18.9571,7.0024,-4.4071,28771.0540,-3.0327,NA,NA,NA,NA,NA,NA,NA,NA,NA,NA
562.071,5.5778,-18.9975,7.0006,-4.4320,23640.6020,-20.3239,NA,NA,NA,NA,NA,NA,NA,NA,NA,NA
562.171,5.5764,-19.0176,6.9999,-4.4409,25151.5200,-15.2317,NA,NA,NA,NA,NA,NA,NA,NA,NA,NA
562.271,5.5690,-19.1251,6.9999,-4.4409,47832.3520,61.2097,NA,NA,NA,NA,NA,NA,NA,NA,NA,NA
562.374,5.5612,-19.2391,6.9973,-4.4770,47832.3520,61.2097,NA,NA,NA,NA,NA,NA,NA,NA,NA,NA
562.535,5.5571,-19.2977,6.9952,-4.5054,30191.3320,1.7540,195326.1280,0.0000,NA,NA,NA,NA,NA,NA,NA,NA
562.598,5.5480,-19.4297,6.9947,-4.5131,61230.6560,106.3661,NA,NA,NA,NA,NA,NA,NA,NA,NA,NA
562.672,5.5426,-19.5091,6.9886,-4.5953,61230.6560,106.3661,NA,NA,NA,NA,NA,NA,NA,NA,NA,NA
562.770,5.5410,-19.5310,6.9886,-4.5953,28175.7700,-5.0390,NA,NA,NA,NA,NA,NA,NA,NA,NA,NA
562.866,5.5467,-19.4484,6.9839,-4.6596,31017.0160,4.5369,NA,NA,NA,NA,NA,NA,NA,NA,NA,NA
562.959,5.5487,-19.4205,6.9783,-4.7359,31017.0160,4.5369,NA,NA,NA,NA,NA,NA,NA,NA,NA,NA
563.067,5.5491,-19.4135,6.9754,-4.7759,22580.1380,-23.8980,NA,NA,NA,NA,NA,NA,NA,NA,NA,NA
563.187,5.5493,-19.4119,6.9680,-4.8773,23787.6620,-19.8283,NA,NA,NA,NA,NA,NA,NA,NA,NA,NA
563.261,5.5493,-19.4119,6.9628,-4.9482,41662.6360,40.4159,NA,NA,NA,NA,NA,NA,NA,NA,NA,NA
563.388,5.5461,-19.4570,6.9613,-4.9690,47019.9360,58.4716,NA,NA,NA,NA,NA,NA,NA,NA,NA,NA
563.455,5.5363,-19.6006,6.9527,-5.0864,54681.0240,84.2918,NA,NA,NA,NA,NA,NA,NA,NA,NA,NA
563.555,5.5339,-19.6342,6.9509,-5.1105,54681.0240,84.2918,NA,NA,NA,NA,NA,NA,NA,NA,NA,NA
563.717,5.5387,-19.5644,6.9505,-5.1156,25875.6520,-12.7911,NA,NA,NA,NA,NA,NA,NA,NA,NA,NA
563.754,5.5387,-19.5644,6.9487,-5.1403,28265.5180,-4.7365,NA,NA,NA,NA,NA,NA,NA,NA,NA,NA
563.838,5.5416,-19.5223,6.9438,-5.2075,31340.9680,5.6287,NA,NA,NA,NA,NA,NA,NA,NA,NA,NA
563.949,5.5416,-19.5223,6.9350,-5.3269,31340.9680,5.6287,NA,NA,NA,NA,NA,NA,NA,NA,NA,NA
564.055,5.5392,-19.5577,6.9237,-5.4814,54680.8320,84.2912,NA,NA,NA,NA,NA,NA,NA,NA,NA,NA
564.147,5.5316,-19.6683,6.9188,-5.5486,56448.1400,90.2475,NA,NA,NA,NA,NA,NA,NA,NA,NA,NA
564.283,5.5263,-19.7456,6.9112,-5.6526,56448.1400,90.2475,NA,NA,NA,NA,NA,NA,NA,NA,NA,NA
564.339,5.5192,-19.8485,6.9081,-5.6946,26238.9620,-11.5667,NA,NA,NA,NA,NA,NA,NA,NA,NA,NA
564.441,5.5161,-19.8927,6.8999,-5.8069,27665.1880,-6.7598,NA,NA,NA,NA,NA,NA,NA,NA,NA,NA
564.535,5.5089,-19.9977,6.8974,-5.8405,27665.1880,-6.7598,NA,NA,NA,NA,NA,NA,NA,NA,NA,NA
564.638,5.5087,-20.0007,6.8841,-6.0222,21940.0380,-26.0553,NA,NA,NA,NA,NA,NA,NA,NA,NA,NA
564.734,5.5087,-20.0007,6.8816,-6.0570,24321.4640,-18.0292,NA,NA,NA,NA,NA,NA,NA,NA,NA,NA
564.827,5.5079,-20.0118,6.8766,-6.1244,26564.1380,-10.4707,NA,NA,NA,NA,NA,NA,NA,NA,NA,NA
564.951,5.4984,-20.1501,6.8797,-6.0829,51283.7200,72.8419,NA,NA,NA,NA,NA,NA,NA,NA,NA,NA
565.022,5.4929,-20.2307,6.8836,-6.0289,54574.7400,83.9336,NA,NA,NA,NA,NA,NA,NA,NA,NA,NA
565.124,5.4896,-20.2780,6.8851,-6.0093,57184.9680,92.7309,NA,NA,NA,NA,NA,NA,NA,NA,NA,NA
565.223,5.4876,-20.3069,6.8851,-6.0093,57184.9680,92.7309,NA,NA,NA,NA,NA,NA,NA,NA,NA,NA
565.329,5.4817,-20.3924,6.8812,-6.0621,26639.5600,-10.2165,NA,NA,NA,NA,NA,NA,NA,NA,NA,NA
565.423,5.4797,-20.4223,6.8822,-6.0478,28027.2820,-5.5395,NA,NA,NA,NA,NA,NA,NA,NA,NA,NA
565.583,5.4774,-20.4551,6.8824,-6.0450,28027.2820,-5.5395,NA,NA,NA,NA,NA,NA,NA,NA,NA,NA
565.621,5.4713,-20.5446,6.8824,-6.0450,22723.6900,-23.4142,NA,NA,NA,NA,NA,NA,NA,NA,NA,NA
565.716,5.4687,-20.5818,6.8798,-6.0811,25010.5240,-15.7069,NA,NA,NA,NA,NA,NA,NA,NA,NA,NA
565.818,5.4633,-20.6602,6.8787,-6.0967,47651.8040,60.6012,NA,NA,NA,NA,NA,NA,NA,NA,NA,NA
565.916,5.4556,-20.7722,6.8764,-6.1268,51735.2440,74.3636,NA,NA,NA,NA,NA,NA,NA,NA,NA,NA
566.011,5.4507,-20.8432,6.8763,-6.1288,54360.3760,83.2111,NA,NA,NA,NA,NA,NA,NA,NA,NA,NA
566.117,5.4496,-20.8590,6.8763,-6.1288,58235.0640,96.2700,NA,NA,NA,NA,NA,NA,NA,NA,NA,NA
566.223,5.4492,-20.8646,6.8713,-6.1970,58235.0640,96.2700,NA,NA,NA,NA,NA,NA,NA,NA,NA,NA
566.302,5.4477,-20.8870,6.8692,-6.2252,27027.2760,-8.9098,NA,NA,NA,NA,NA,NA,NA,NA,NA,NA
566.397,5.4456,-20.9175,6.8661,-6.2685,28555.3720,-3.7596,NA,NA,NA,NA,NA,NA,NA,NA,NA,NA
566.505,5.4464,-20.9056,6.8639,-6.2982,28555.3720,-3.7596,NA,NA,NA,NA,NA,NA,NA,NA,NA,NA
566.599,5.4464,-20.9056,6.8597,-6.3558,23294.1140,-21.4917,NA,NA,NA,NA,NA,NA,NA,NA,NA,NA
566.761,5.4455,-20.9185,6.8585,-6.3720,25460.5440,-14.1902,NA,NA,NA,NA,NA,NA,NA,NA,NA,NA
566.788,5.4424,-20.9637,6.8585,-6.3720,48647.1440,63.9558,NA,NA,NA,NA,NA,NA,NA,NA,NA,NA
566.896,5.4355,-21.0643,6.8522,-6.4572,52300.6720,76.2693,NA,NA,NA,NA,NA,NA,NA,NA,NA,NA
567.028,5.4325,-21.1074,6.8498,-6.4907,52300.6720,76.2693,NA,NA,NA,NA,NA,NA,NA,NA,NA,NA
567.088,5.4294,-21.1522,6.8483,-6.5109,33689.5880,13.5442,NA,NA,NA,NA,NA,NA,NA,NA,NA,NA
567.187,5.4289,-21.1600,6.8428,-6.5856,33689.5880,13.5442,NA,NA,NA,NA,NA,NA,NA,NA,NA,NA
567.286,5.4269,-21.1886,6.8425,-6.5909,23938.6480,-19.3194,NA,NA,NA,NA,NA,NA,NA,NA,NA,NA
567.393,5.4269,-21.1886,6.8345,-6.7001,25617.1700,-13.6623,NA,NA,NA,NA,NA,NA,NA,NA,NA,NA
567.484,5.4219,-21.2619,6.8269,-6.8036,46968.2640,58.2974,NA,NA,NA,NA,NA,NA,NA,NA,NA,NA
567.580,5.4116,-21.4114,6.8230,-6.8566,50494.5920,70.1823,NA,NA,NA,NA,NA,NA,NA,NA,NA,NA
567.687,5.4065,-21.4848,6.8216,-6.8756,53422.1320,80.0490,NA,NA,NA,NA,NA,NA,NA,NA,NA,NA
567.775,5.4065,-21.4848,6.8149,-6.9670,53422.1320,80.0490,NA,NA,NA,NA,NA,NA,NA,NA,NA,NA
567.874,5.4039,-21.5222,6.8080,-7.0613,26171.4240,-11.7943,191558.0160,0.0000,NA,NA,NA,NA,NA,NA,NA,NA
567.988,5.4005,-21.5715,6.8033,-7.1257,51910.4320,74.9541,NA,NA,NA,NA,NA,NA,NA,NA,NA,NA
568.073,5.4007,-21.5686,6.8010,-7.1561,51910.4320,74.9541,NA,NA,NA,NA,NA,NA,NA,NA,NA,NA
568.182,5.4008,-21.5677,6.7977,-7.2013,26616.0840,-10.2956,NA,NA,NA,NA,NA,NA,NA,NA,NA,NA
568.296,5.4008,-21.5677,6.7964,-7.2195,28406.2300,-4.2623,192598.9600,0.0000,NA,NA,NA,NA,NA,NA,NA,NA
568.374,5.4009,-21.5657,6.7930,-7.2662,30347.0940,2.2790,NA,NA,NA,NA,NA,NA,NA,NA,NA,NA
568.499,5.4009,-21.5657,6.7871,-7.3467,30347.0940,2.2790,NA,NA,NA,NA,NA,NA,NA,NA,NA,NA
568.571,5.4041,-21.5203,6.7815,-7.4226,23569.5320,-20.5635,NA,NA,NA,NA,NA,NA,NA,NA,NA,NA
568.674,5.4060,-21.4918,6.7789,-7.4591,25107.9720,-15.3784,NA,NA,NA,NA,NA,NA,NA,NA,NA,NA
568.766,5.4060,-21.4918,6.7762,-7.4946,45845.0440,54.5118,NA,NA,NA,NA,NA,NA,NA,NA,NA,NA
568.869,5.4020,-21.5503,6.7735,-7.5322,50028.2400,68.6105,NA,NA,NA,NA,NA,NA,NA,NA,NA,NA
568.959,5.3948,-21.6548,6.7680,-7.6075,54419.9040,83.4118,NA,NA,NA,NA,NA,NA,NA,NA,NA,NA
569.069,5.3944,-21.6604,6.7634,-7.6699,54419.9040,83.4118,NA,NA,NA,NA,NA,NA,NA,NA,NA,NA
569.158,5.3925,-21.6887,6.7609,-7.7040,24174.7240,-18.5238,NA,NA,NA,NA,NA,NA,NA,NA,NA,NA
569.271,5.3925,-21.6887,6.7599,-7.7173,27120.5980,-8.5953,195071.3440,0.0000,NA,NA,NA,NA,NA,NA,NA,NA
569.354,5.3897,-21.7295,6.7589,-7.7317,53261.2800,79.5068,NA,NA,NA,NA,NA,NA,NA,NA,NA,NA
569.456,5.3901,-21.7238,6.7564,-7.7659,53261.2800,79.5068,NA,NA,NA,NA,NA,NA,NA,NA,NA,NA
569.556,5.3904,-21.7183,6.7564,-7.7659,29317.3580,-1.1915,190858.9280,0.0000,NA,NA,NA,NA,NA,NA,NA,NA
569.657,5.3904,-21.7183,6.7552,-7.7825,29317.3580,-1.1915,NA,NA,NA,NA,NA,NA,NA,NA,NA,NA
569.782,5.3893,-21.7343,6.7518,-7.8286,28766.3580,-3.0486,NA,NA,NA,NA,NA,NA,NA,NA,NA,NA
569.856,5.3903,-21.7208,6.7496,-7.8590,23125.7020,-22.0593,NA,NA,NA,NA,NA,NA,NA,NA,NA,NA
569.952,5.3925,-21.6882,6.7490,-7.8661,24988.7080,-15.7804,NA,NA,NA,NA,NA,NA,NA,NA,NA,NA
570.061,5.3925,-21.6882,6.7486,-7.8726,47607.9200,60.4533,NA,NA,NA,NA,NA,NA,NA,NA,NA,NA
570.155,5.3904,-21.7192,6.7469,-7.8959,50686.6880,70.8297,NA,NA,NA,NA,NA,NA,NA,NA,NA,NA
570.289,5.3852,-21.7943,6.7456,-7.9130,53466.1000,80.1971,NA,NA,NA,NA,NA,NA,NA,NA,NA,NA
570.347,5.3850,-21.7979,6.7409,-7.9769,58415.9600,96.8797,NA,NA,NA,NA,NA,NA,NA,NA,NA,NA
570.447,5.3851,-21.7959,6.7368,-8.0325,58415.9600,96.8797,NA,NA,NA,NA,NA,NA,NA,NA,NA,NA
570.545,5.3851,-21.7959,6.7311,-8.1106,26556.7220,-10.4957,NA,NA,NA,NA,NA,NA,NA,NA,NA,NA
570.646,5.3866,-21.7736,6.7307,-8.1168,28655.8660,-3.4209,NA,NA,NA,NA,NA,NA,NA,NA,NA,NA
570.745,5.3866,-21.7736,6.7277,-8.1576,28655.8660,-3.4209,NA,NA,NA,NA,NA,NA,NA,NA,NA,NA
570.833,5.3852,-21.7939,6.7247,-8.1982,23624.5080,-20.3782,NA,NA,NA,NA,NA,NA,NA,NA,NA,NA
570.954,5.3842,-21.8088,6.7232,-8.2193,25338.7540,-14.6006,NA,NA,NA,NA,NA,NA,NA,NA,NA,NA
571.028,5.3842,-21.8090,6.7199,-8.2636,48296.8480,62.7752,NA,NA,NA,NA,NA,NA,NA,NA,NA,NA
571.126,5.3799,-21.8720,6.7199,-8.2636,50658.5640,70.7349,NA,NA,NA,NA,NA,NA,NA,NA,NA,NA
571.238,5.3778,-21.9020,6.7186,-8.2813,54492.8840,83.6577,NA,NA,NA,NA,NA,NA,NA,NA,NA,NA
571.326,5.3778,-21.9020,6.7136,-8.3504,54492.8840,83.6577,NA,NA,NA,NA,NA,NA,NA,NA,NA,NA
571.424,5.3764,-21.9215,6.7087,-8.4166,24850.0100,-16.2478,NA,NA,NA,NA,NA,NA,NA,NA,NA,NA
571.521,5.3764,-21.9215,6.7035,-8.4878,26348.6740,-11.1969,NA,NA,NA,NA,NA,NA,NA,NA,NA,NA
571.645,5.3769,-21.9150,6.6963,-8.5863,29513.8900,-0.5291,NA,NA,NA,NA,NA,NA,NA,NA,NA,NA
571.723,5.3769,-21.9150,6.6942,-8.6143,29513.8900,-0.5291,NA,NA,NA,NA,NA,NA,NA,NA,NA,NA
571.817,5.3717,-21.9906,6.6907,-8.6627,24160.2780,-18.5725,NA,NA,NA,NA,NA,NA,NA,NA,NA,NA
571.913,5.3694,-22.0239,6.6898,-8.6750,25643.9940,-13.5719,NA,NA,NA,NA,NA,NA,NA,NA,NA,NA
572.022,5.3656,-22.0787,6.6829,-8.7686,48707.1520,64.1580,NA,NA,NA,NA,NA,NA,NA,NA,NA,NA
572.146,5.3621,-22.1297,6.6810,-8.7949,48707.1520,64.1580,NA,NA,NA,NA,NA,NA,NA,NA,NA,NA
572.224,5.3574,-22.1984,6.6773,-8.8451,31138.3280,4.9457,196930.5440,0.0000,NA,NA,NA,NA,NA,NA,NA,NA
572.314,5.3568,-22.2060,6.6770,-8.8495,31138.3280,4.9457,NA,NA,NA,NA,NA,NA,NA,NA,NA,NA
572.422,5.3534,-22.2567,6.6770,-8.8495,25881.4220,-12.7717,NA,NA,NA,NA,NA,NA,NA,NA,NA,NA
572.514,5.3527,-22.2662,6.6771,-8.8482,28320.3320,-4.5518,NA,NA,NA,NA,NA,NA,NA,NA,NA,NA
572.609,5.3557,-22.2233,6.6771,-8.8482,31673.5500,6.7496,NA,NA,NA,NA,NA,NA,NA,NA,NA,NA
572.719,5.3567,-22.2080,6.6696,-8.9501,31673.5500,6.7496,NA,NA,NA,NA,NA,NA,NA,NA,NA,NA
572.808,5.3567,-22.2080,6.6566,-9.1284,22948.2480,-22.6574,NA,NA,NA,NA,NA,NA,NA,NA,NA,NA
572.912,5.3560,-22.2185,6.6479,-9.2469,24321.1260,-18.0304,NA,NA,NA,NA,NA,NA,NA,NA,NA,NA
573.001,5.3464,-22.3579,6.6332,-9.4481,42824.1680,44.3306,NA,NA,NA,NA,NA,NA,NA,NA,NA,NA
573.101,5.3437,-22.3973,6.6198,-9.6310,48784.3800,64.4183,NA,NA,NA,NA,NA,NA,NA,NA,NA,NA
573.197,5.3429,-22.4081,6.6091,-9.7761,56841.1120,91.5720,NA,NA,NA,NA,NA,NA,NA,NA,NA,NA
573.354,5.3995,-21.5867,6.6280,-9.5189,56841.1120,91.5720,NA,NA,NA,NA,NA,NA,NA,NA,NA,NA
573.405,5.4911,-20.2560,6.7750,-7.5114,26539.9040,-10.5524,191506.2720,0.0000,NA,NA,NA,NA,NA,NA,NA,NA
573.489,5.6449,-18.0230,6.9326,-5.3605,56553.1760,90.6015,NA,NA,NA,NA,NA,NA,NA,NA,NA,NA
573.594,5.7980,-15.8000,7.1348,-2.6000,NA,NA,NA,NA,NA,NA,NA,NA,NA,NA,NA,NA
573.697,5.9167,-14.0752,7.2225,-1.4023,NA,NA,NA,NA,NA,NA,NA,NA,NA,NA,NA,NA
573.803,6.0164,-12.6275,7.2635,-0.8425,30378.0640,2.3834,NA,NA,NA,NA,NA,NA,NA,NA,NA,NA
573.909,6.0751,-11.7750,7.2879,-0.5095,31175.9680,5.0726,NA,NA,NA,NA,NA,NA,NA,NA,NA,NA
573.989,6.0974,-11.4518,7.3009,-0.3318,31175.9680,5.0726,NA,NA,NA,NA,NA,NA,NA,NA,NA,NA
574.089,6.1002,-11.4110,7.3036,-0.2953,23187.5220,-21.8509,NA,NA,NA,NA,NA,NA,NA,NA,NA,NA
574.192,6.1056,-11.3322,7.3051,-0.2744,24346.0940,-17.9462,NA,NA,NA,NA,NA,NA,NA,NA,NA,NA
574.283,6.1056,-11.3322,7.3074,-0.2443,43253.1120,45.7762,NA,NA,NA,NA,NA,NA,NA,NA,NA,NA
574.384,6.0975,-11.4498,7.3135,-0.1601,45546.9600,53.5072,NA,NA,NA,NA,NA,NA,NA,NA,NA,NA
574.494,6.0912,-11.5420,7.3171,-0.1111,49783.3080,67.7850,NA,NA,NA,NA,NA,NA,NA,NA,NA,NA
574.579,6.0800,-11.7039,7.3276,0.0326,49783.3080,67.7850,NA,NA,NA,NA,NA,NA,NA,NA,NA,NA
574.691,6.1258,-11.0395,7.3657,0.5529,26890.9160,-9.3694,NA,NA,NA,NA,NA,NA,NA,NA,NA,NA
574.783,6.2351,-9.4519,7.5557,3.1464,26890.9160,-9.3694,NA,NA,NA,NA,NA,NA,NA,NA,NA,NA
574.881,6.3886,-7.2233,7.7091,5.2407,25491.4600,-14.0860,NA,NA,NA,NA,NA,NA,NA,NA,NA,NA
574.976,6.7570,-1.8721,7.8577,7.2685,47392.8680,59.7285,NA,NA,NA,NA,NA,NA,NA,NA,NA,NA
575.075,6.9573,1.0356,7.9093,7.9727,53927.5720,81.7524,NA,NA,NA,NA,NA,NA,NA,NA,NA,NA
575.181,7.1154,3.3324,7.9569,8.6230,60000.3880,102.2197,NA,NA,NA,NA,NA,NA,NA,NA,NA,NA
575.271,7.2632,5.4793,8.0004,9.2162,60000.3880,102.2197,NA,NA,NA,NA,NA,NA,NA,NA,NA,NA
575.369,7.3785,7.1529,8.0182,9.4591,26840.6900,-9.5386,NA,NA,NA,NA,NA,NA,NA,NA,NA,NA
575.474,7.4162,7.7002,8.0241,9.5408,29138.1600,-1.7955,NA,NA,NA,NA,NA,NA,NA,NA,NA,NA
575.566,7.4486,8.1714,8.0241,9.5408,29138.1600,-1.7955,NA,NA,NA,NA,NA,NA,NA,NA,NA,NA
575.665,7.4698,8.4786,8.0125,9.3817,21428.1720,-27.7805,NA,NA,NA,NA,NA,NA,NA,NA,NA,NA
575.774,7.5273,9.3133,8.0723,10.1980,23306.4980,-21.4500,NA,NA,NA,NA,NA,NA,NA,NA,NA,NA
575.863,7.5943,10.2872,8.1527,11.2965,25951.1240,-12.5368,NA,NA,NA,NA,NA,NA,NA,NA,NA,NA
575.961,7.6539,11.1526,8.2116,12.1002,49178.2440,65.7458,NA,NA,NA,NA,NA,NA,NA,NA,NA,NA
576.053,7.6710,11.4004,8.2206,12.2223,55431.7040,86.8218,NA,NA,NA,NA,NA,NA,NA,NA,NA,NA
576.157,7.6831,11.5761,8.2450,12.5564,60836.1040,105.0363,NA,NA,NA,NA,NA,NA,NA,NA,NA,NA
576.255,7.6831,11.5761,8.2473,12.5875,60836.1040,105.0363,NA,NA,NA,NA,NA,NA,NA,NA,NA,NA
576.374,7.6769,11.4861,8.2598,12.7581,27605.7820,-6.9601,NA,NA,NA,NA,NA,NA,NA,NA,NA,NA
576.454,7.6118,10.5414,8.2598,12.7581,29652.7720,-0.0611,NA,NA,NA,NA,NA,NA,NA,NA,NA,NA
576.543,7.5587,9.7695,8.2515,12.6447,29652.7720,-0.0611,NA,NA,NA,NA,NA,NA,NA,NA,NA,NA
576.643,7.5185,9.1868,8.2341,12.4065,21885.0620,-26.2406,NA,NA,NA,NA,NA,NA,NA,NA,NA,NA
576.740,7.4518,8.2182,8.2280,12.3233,23943.8440,-19.3019,NA,NA,NA,NA,NA,NA,NA,NA,NA,NA
576.841,7.3669,6.9839,8.1989,11.9272,44174.2000,48.8806,NA,NA,NA,NA,NA,NA,NA,NA,NA,NA
576.937,7.3381,6.5670,8.1618,11.4195,50621.0960,70.6086,NA,NA,NA,NA,NA,NA,NA,NA,NA,NA
577.037,7.3138,6.2129,8.1494,11.2514,56876.5280,91.6913,NA,NA,NA,NA,NA,NA,NA,NA,NA,NA
577.141,7.3069,6.1138,8.1418,11.1477,61440.5240,107.0734,NA,NA,NA,NA,NA,NA,NA,NA,NA,NA
577.232,7.2960,5.9545,8.1311,11.0009,61440.5240,107.0734,NA,NA,NA,NA,NA,NA,NA,NA,NA,NA
577.329,7.3007,6.0235,8.1247,10.9134,28177.6600,-5.0326,NA,NA,NA,NA,NA,NA,NA,NA,NA,NA
577.445,7.3131,6.2027,8.1205,10.8558,29988.9120,1.0718,NA,NA,NA,NA,NA,NA,NA,NA,NA,NA
577.545,7.3134,6.2072,8.1177,10.8185,29988.9120,1.0718,NA,NA,NA,NA,NA,NA,NA,NA,NA,NA
577.627,7.3134,6.2072,8.1075,10.6790,22413.4840,-24.4597,NA,NA,NA,NA,NA,NA,NA,NA,NA,NA
577.737,7.3137,6.2122,8.1017,10.5995,24647.5120,-16.9303,NA,NA,NA,NA,NA,NA,NA,NA,NA,NA
577.823,7.3137,6.2122,8.0962,10.5246,46156.3760,55.5611,NA,NA,NA,NA,NA,NA,NA,NA,NA,NA
577.924,7.3023,6.0471,8.0920,10.4666,52430.0640,76.7054,NA,NA,NA,NA,NA,NA,NA,NA,NA,NA
578.027,7.2923,5.9017,8.0826,10.3386,52430.0640,76.7054,NA,NA,NA,NA,NA,NA,NA,NA,NA,NA
578.158,7.2923,5.9017,8.0693,10.1574,31673.1260,6.7481,NA,NA,NA,NA,NA,NA,NA,NA,NA,NA
578.218,7.2896,5.8621,8.0559,9.9744,31673.1260,6.7481,NA,NA,NA,NA,NA,NA,NA,NA,NA,NA
578.319,7.2846,5.7893,8.0504,9.8998,24039.7960,-18.9785,NA,NA,NA,NA,NA,NA,NA,NA,NA,NA
578.417,7.2790,5.7074,8.0422,9.7871,25653.4660,-13.5400,NA,NA,NA,NA,NA,NA,NA,NA,NA,NA
578.517,7.2573,5.3927,8.0367,9.7127,46803.5120,57.7422,NA,NA,NA,NA,NA,NA,NA,NA,NA,NA
578.615,7.2367,5.0933,8.0243,9.5431,51184.4040,72.5071,NA,NA,NA,NA,NA,NA,NA,NA,NA,NA
578.718,7.2261,4.9403,8.0190,9.4711,55591.0360,87.3588,NA,NA,NA,NA,NA,NA,NA,NA,NA,NA
578.815,7.2026,4.5981,8.0099,9.3465,55591.0360,87.3588,NA,NA,NA,NA,NA,NA,NA,NA,NA,NA
578.904,7.1940,4.4735,8.0035,9.2588,24885.1160,-16.1295,190502.0160,0.0000,NA,NA,NA,NA,NA,NA,NA,NA
578.999,7.1894,4.4076,7.9911,9.0899,49887.2480,68.1353,NA,NA,NA,NA,NA,NA,NA,NA,NA,NA
579.113,7.1864,4.3630,7.9801,8.9395,49887.2480,68.1353,NA,NA,NA,NA,NA,NA,NA,NA,NA,NA
579.197,7.1636,4.0318,7.9740,8.8565,26734.9260,-9.8951,NA,NA,NA,NA,NA,NA,NA,NA,NA,NA
579.312,7.1627,4.0187,7.9623,8.6962,29679.8600,0.0302,194395.7920,0.0000,NA,NA,NA,NA,NA,NA,NA,NA
579.408,7.1630,4.0238,7.9549,8.5956,29679.8600,0.0302,NA,NA,NA,NA,NA,NA,NA,NA,NA,NA
579.499,7.1636,4.0318,7.9495,8.5220,29438.2880,-0.7839,NA,NA,NA,NA,NA,NA,NA,NA,NA,NA
579.602,7.1646,4.0461,7.9382,8.3680,23605.1240,-20.4435,NA,NA,NA,NA,NA,NA,NA,NA,NA,NA
579.706,7.1646,4.0461,7.9310,8.2693,25510.8680,-14.0206,NA,NA,NA,NA,NA,NA,NA,NA,NA,NA
579.796,7.1626,4.0171,7.9260,8.2013,48712.9840,64.1777,NA,NA,NA,NA,NA,NA,NA,NA,NA,NA
579.935,7.1538,3.8901,7.9167,8.0747,51816.2680,74.6367,NA,NA,NA,NA,NA,NA,NA,NA,NA,NA
580.015,7.1502,3.8372,7.9086,7.9640,54361.4600,83.2148,NA,NA,NA,NA,NA,NA,NA,NA,NA,NA
580.099,7.1474,3.7964,7.8997,7.8426,54361.4600,83.2148,NA,NA,NA,NA,NA,NA,NA,NA,NA,NA
580.197,7.1399,3.6883,7.8976,7.8132,25127.2460,-15.3135,NA,NA,NA,NA,NA,NA,NA,NA,NA,NA
580.293,7.1376,3.6552,7.8783,7.5497,26609.1320,-10.3191,NA,NA,NA,NA,NA,NA,NA,NA,NA,NA
580.386,7.1327,3.5842,7.8679,7.4081,29395.6960,-0.9275,NA,NA,NA,NA,NA,NA,NA,NA,NA,NA
580.536,7.1177,3.3657,7.8608,7.3104,29395.6960,-0.9275,NA,NA,NA,NA,NA,NA,NA,NA,NA,NA
580.589,7.1012,3.1262,7.8569,7.2575,24200.6360,-18.4364,NA,NA,NA,NA,NA,NA,NA,NA,NA,NA
580.682,7.0915,2.9853,7.8435,7.0747,25893.1080,-12.7323,NA,NA,NA,NA,NA,NA,NA,NA,NA,NA
580.782,7.0797,2.8141,7.8399,7.0262,49463.8160,66.7082,NA,NA,NA,NA,NA,NA,NA,NA,NA,NA
580.878,7.0624,2.5629,7.8284,6.8688,51764.5520,74.4624,NA,NA,NA,NA,NA,NA,NA,NA,NA,NA
580.972,7.0517,2.4069,7.8257,6.8312,55454.4520,86.8985,NA,NA,NA,NA,NA,NA,NA,NA,NA,NA
581.073,7.0387,2.2184,7.8152,6.6890,55454.4520,86.8985,NA,NA,NA,NA,NA,NA,NA,NA,NA,NA
581.204,7.0243,2.0096,7.8040,6.5361,25605.1720,-13.7027,NA,NA,NA,NA,NA,NA,NA,NA,NA,NA
581.274,7.0230,1.9897,7.7905,6.3513,27151.1100,-8.4924,NA,NA,NA,NA,NA,NA,NA,NA,NA,NA
581.361,7.0193,1.9361,7.7828,6.2469,27151.1100,-8.4924,NA,NA,NA,NA,NA,NA,NA,NA,NA,NA
581.478,7.0159,1.8869,7.7678,6.0419,22328.8340,-24.7450,NA,NA,NA,NA,NA,NA,NA,NA,NA,NA
581.572,7.0146,1.8681,7.7608,5.9457,24372.7200,-17.8565,NA,NA,NA,NA,NA,NA,NA,NA,NA,NA
581.670,7.0126,1.8401,7.7542,5.8552,26085.5960,-12.0835,NA,NA,NA,NA,NA,NA,NA,NA,NA,NA
581.770,7.0000,1.6564,7.7498,5.7954,49923.9520,68.2590,NA,NA,NA,NA,NA,NA,NA,NA,NA,NA
581.871,6.9927,1.5501,7.7377,5.6305,49923.9520,68.2590,NA,NA,NA,NA,NA,NA,NA,NA,NA,NA
581.965,6.9894,1.5024,7.7317,5.5492,31826.7000,7.2657,NA,NA,NA,NA,NA,NA,NA,NA,NA,NA
582.064,6.9894,1.5024,7.7208,5.4002,31826.7000,7.2657,NA,NA,NA,NA,NA,NA,NA,NA,NA,NA
582.162,6.9829,1.4077,7.7104,5.2574,22936.0620,-22.6984,NA,NA,NA,NA,NA,NA,NA,NA,NA,NA
582.293,6.9778,1.3344,7.6846,4.9056,24496.7820,-17.4383,NA,NA,NA,NA,NA,NA,NA,NA,NA,NA
582.352,6.9639,1.1318,7.6770,4.8012,44983.7800,51.6091,NA,NA,NA,NA,NA,NA,NA,NA,NA,NA
582.462,6.9466,0.8809,7.6692,4.6948,48366.7600,63.0108,NA,NA,NA,NA,NA,NA,NA,NA,NA,NA
582.549,6.9334,0.6886,7.6553,4.5061,51125.0600,72.3071,NA,NA,NA,NA,NA,NA,NA,NA,NA,NA
582.654,6.9202,0.4969,7.6420,4.3238,53723.7760,81.0656,NA,NA,NA,NA,NA,NA,NA,NA,NA,NA
582.745,6.9097,0.3450,7.6357,4.2381,53723.7760,81.0656,NA,NA,NA,NA,NA,NA,NA,NA,NA,NA
582.844,6.9045,0.2693,7.6238,4.0761,29106.5860,-1.9019,195944.4000,0.0000,NA,NA,NA,NA,NA,NA,NA,NA
582.976,6.8785,-0.1083,7.6200,4.0235,58387.2320,96.7829,NA,NA,NA,NA,NA,NA,NA,NA,NA,NA
583.041,6.8681,-0.2598,7.6127,3.9242,58387.2320,96.7829,NA,NA,NA,NA,NA,NA,NA,NA,NA,NA
583.143,6.8562,-0.4320,7.6052,3.8213,27387.8200,-7.6947,194343.2480,0.0000,NA,NA,NA,NA,NA,NA,NA,NA
583.248,6.8479,-0.5520,7.5996,3.7454,58107.9280,95.8415,NA,NA,NA,NA,NA,NA,NA,NA,NA,NA
583.344,6.8294,-0.8214,7.5806,3.4855,58107.9280,95.8415,NA,NA,NA,NA,NA,NA,NA,NA,NA,NA
583.507,6.8041,-1.1885,7.5764,3.4284,25876.0040,-12.7899,NA,NA,NA,NA,NA,NA,NA,NA,NA,NA
583.540,6.7883,-1.4184,7.5688,3.3247,24405.3000,-17.7467,NA,NA,NA,NA,NA,NA,NA,NA,NA,NA
583.635,6.7732,-1.6366,7.5658,3.2838,26046.7000,-12.2146,NA,NA,NA,NA,NA,NA,NA,NA,NA,NA
583.736,6.7546,-1.9079,7.5596,3.1992,47748.8720,60.9283,NA,NA,NA,NA,NA,NA,NA,NA,NA,NA
583.861,6.7226,-2.3723,7.5527,3.1056,51890.0160,74.8853,NA,NA,NA,NA,NA,NA,NA,NA,NA,NA
583.928,6.6905,-2.8377,7.5428,2.9702,55390.0640,86.6815,NA,NA,NA,NA,NA,NA,NA,NA,NA,NA
584.035,6.6735,-3.0849,7.5395,2.9254,55390.0640,86.6815,NA,NA,NA,NA,NA,NA,NA,NA,NA,NA
584.127,6.6647,-3.2131,7.5364,2.8829,26290.5920,-11.3926,193742.9920,0.0000,NA,NA,NA,NA,NA,NA,NA,NA
584.244,6.6608,-3.2694,7.5313,2.8131,51306.1440,72.9174,NA,NA,NA,NA,NA,NA,NA,NA,NA,NA
584.323,6.6548,-3.3571,7.5265,2.7469,51306.1440,72.9174,NA,NA,NA,NA,NA,NA,NA,NA,NA,NA
584.428,6.6398,-3.5753,7.5178,2.6284,27765.7540,-6.4209,190352.1600,0.0000,NA,NA,NA,NA,NA,NA,NA,NA
584.526,6.6206,-3.8534,7.5131,2.5639,27765.7540,-6.4209,194360.2400,0.0000,NA,NA,NA,NA,NA,NA,NA,NA
584.633,6.6109,-3.9946,7.5029,2.4254,53184.1680,79.2469,NA,NA,NA,NA,NA,NA,NA,NA,NA,NA
584.728,6.5874,-4.3360,7.4960,2.3313,53184.1680,79.2469,NA,NA,NA,NA,NA,NA,NA,NA,NA,NA
584.826,6.5839,-4.3864,7.4913,2.2668,29241.3480,-1.4477,194713.6160,0.0000,NA,NA,NA,NA,NA,NA,NA,NA
584.924,6.5800,-4.4434,7.4789,2.0969,59322.1920,99.9340,NA,NA,NA,NA,NA,NA,NA,NA,NA,NA
585.033,6.5501,-4.8770,7.4684,1.9547,59322.1920,99.9340,NA,NA,NA,NA,NA,NA,NA,NA,NA,NA
585.132,6.5153,-5.3826,7.4643,1.8986,27053.9900,-8.8198,NA,NA,NA,NA,NA,NA,NA,NA,NA,NA
585.226,6.5095,-5.4665,7.4537,1.7530,25170.5700,-15.1675,NA,NA,NA,NA,NA,NA,NA,NA,NA,NA
585.327,6.4981,-5.6321,7.4440,1.6205,47257.0760,59.2708,NA,NA,NA,NA,NA,NA,NA,NA,NA,NA
585.420,6.4899,-5.7519,7.4376,1.5339,52322.7720,76.3438,NA,NA,NA,NA,NA,NA,NA,NA,NA,NA
585.622,6.4692,-6.0520,7.4299,1.4287,55770.6680,87.9642,NA,NA,NA,NA,NA,NA,NA,NA,NA,NA
585.644,6.4485,-6.3530,7.4231,1.3365,58141.7200,95.9554,NA,NA,NA,NA,NA,NA,NA,NA,NA,NA
585.718,6.4243,-6.7041,7.4142,1.2138,58141.7200,95.9554,NA,NA,NA,NA,NA,NA,NA,NA,NA,NA
585.821,6.4149,-6.8399,7.4068,1.1137,27291.5480,-8.0191,NA,NA,NA,NA,NA,NA,NA,NA,NA,NA
585.927,6.4200,-6.7669,7.4010,1.0347,28849.3940,-2.7687,NA,NA,NA,NA,NA,NA,NA,NA,NA,NA
586.019,6.4200,-6.7669,7.3890,0.8707,28849.3940,-2.7687,NA,NA,NA,NA,NA,NA,NA,NA,NA,NA
586.103,6.3985,-7.0785,7.3767,0.7024,23146.0980,-21.9906,NA,NA,NA,NA,NA,NA,NA,NA,NA,NA
586.208,6.3831,-7.3030,7.3645,0.5355,25495.0280,-14.0739,NA,NA,NA,NA,NA,NA,NA,NA,NA,NA
586.312,6.3758,-7.4091,7.3575,0.4409,48757.3360,64.3272,NA,NA,NA,NA,NA,NA,NA,NA,NA,NA
586.401,6.3537,-7.7290,7.3537,0.3885,53208.8760,79.3302,NA,NA,NA,NA,NA,NA,NA,NA,NA,NA
586.505,6.3435,-7.8772,7.3452,0.2718,55637.3320,87.5149,NA,NA,NA,NA,NA,NA,NA,NA,NA,NA
586.602,6.3302,-8.0701,7.3420,0.2285,55637.3320,87.5149,NA,NA,NA,NA,NA,NA,NA,NA,NA,NA
586.697,6.3214,-8.1991,7.3340,0.1194,25579.0340,-13.7908,NA,NA,NA,NA,NA,NA,NA,NA,NA,NA
586.797,6.3114,-8.3444,7.3340,0.1194,27108.4600,-8.6362,NA,NA,NA,NA,NA,NA,NA,NA,NA,NA
586.904,6.2944,-8.5905,7.3262,0.0128,29153.2540,-1.7446,NA,NA,NA,NA,NA,NA,NA,NA,NA,NA
587.004,6.2757,-8.8615,7.3171,-0.1112,29153.2540,-1.7446,NA,NA,NA,NA,NA,NA,NA,NA,NA,NA
587.139,6.2576,-9.1256,7.3106,-0.2003,23850.2680,-19.6173,NA,NA,NA,NA,NA,NA,NA,NA,NA,NA
587.195,6.2482,-9.2619,7.3076,-0.2414,26139.8160,-11.9008,NA,NA,NA,NA,NA,NA,NA,NA,NA,NA
587.284,6.2317,-9.5013,7.3046,-0.2812,49894.1520,68.1586,NA,NA,NA,NA,NA,NA,NA,NA,NA,NA
587.384,6.2224,-9.6355,7.3034,-0.2979,53687.6520,80.9438,NA,NA,NA,NA,NA,NA,NA,NA,NA,NA
587.482,6.1974,-9.9992,7.2984,-0.3661,55773.4800,87.9737,NA,NA,NA,NA,NA,NA,NA,NA,NA,NA
587.581,6.1765,-10.3028,7.2882,-0.5058,55773.4800,87.9737,NA,NA,NA,NA,NA,NA,NA,NA,NA,NA
587.713,6.1676,-10.4321,7.2813,-0.5998,26129.9260,-11.9341,NA,NA,NA,NA,NA,NA,NA,NA,NA,NA
587.798,6.1651,-10.4682,7.2759,-0.6732,26129.9260,-11.9341,NA,NA,NA,NA,NA,NA,NA,NA,NA,NA
587.881,6.1483,-10.7120,7.2704,-0.7488,26180.6660,-11.7631,NA,NA,NA,NA,NA,NA,NA,NA,NA,NA
587.982,6.1393,-10.8431,7.2628,-0.8519,47789.4360,61.0650,NA,NA,NA,NA,NA,NA,NA,NA,NA,NA
588.081,6.1343,-10.9149,7.2520,-1.0006,51349.1480,73.0624,NA,NA,NA,NA,NA,NA,NA,NA,NA,NA
588.172,6.1184,-11.1462,7.2471,-1.0671,54480.1800,83.6149,NA,NA,NA,NA,NA,NA,NA,NA,NA,NA
588.336,6.1093,-11.2787,7.2404,-1.1587,54480.1800,83.6149,NA,NA,NA,NA,NA,NA,NA,NA,NA,NA
588.396,6.1041,-11.3537,7.2381,-1.1891,26851.1920,-9.5033,194245.4880,0.0000,NA,NA,NA,NA,NA,NA,NA,NA
588.465,6.0968,-11.4602,7.2307,-1.2901,53011.0800,78.6636,NA,NA,NA,NA,NA,NA,NA,NA,NA,NA
588.570,6.0875,-11.5949,7.2223,-1.4050,53011.0800,78.6636,NA,NA,NA,NA,NA,NA,NA,NA,NA,NA
588.668,6.0804,-11.6979,7.2243,-1.3777,27496.7540,-7.3275,184961.8720,0.0000,NA,NA,NA,NA,NA,NA,NA,NA
588.766,6.0752,-11.7743,7.2243,-1.3777,59182.7120,99.4639,NA,NA,NA,NA,NA,NA,NA,NA,NA,NA
588.903,6.0651,-11.9199,7.2207,-1.4269,NA,NA,NA,NA,NA,NA,NA,NA,NA,NA,NA,NA
588.988,6.0631,-11.9499,7.2123,-1.5414,NA,NA,NA,NA,NA,NA,NA,NA,NA,NA,NA,NA
589.061,6.0570,-12.0378,7.2058,-1.6310,30958.3100,4.3390,NA,NA,NA,NA,NA,NA,NA,NA,NA,NA
589.169,6.0486,-12.1601,7.2027,-1.6726,32407.7820,9.2242,195657.9200,0.0000,NA,NA,NA,NA,NA,NA,NA,NA
589.269,6.0450,-12.2126,7.1984,-1.7314,32407.7820,9.2242,195657.9200,0.0000,NA,NA,NA,NA,NA,NA,NA,NA
589.374,6.0346,-12.3634,7.1972,-1.7479,53607.8160,80.6748,NA,NA,NA,NA,NA,NA,NA,NA,NA,NA
589.499,6.0204,-12.5697,7.1972,-1.7479,55595.6760,87.3745,NA,NA,NA,NA,NA,NA,NA,NA,NA,NA
589.577,6.0031,-12.8207,7.1956,-1.7698,55595.6760,87.3745,NA,NA,NA,NA,NA,NA,NA,NA,NA,NA
589.673,5.9895,-13.0181,7.1885,-1.8668,25754.1240,-13.2007,NA,NA,NA,NA,NA,NA,NA,NA,NA,NA
589.763,5.9698,-13.3043,7.1852,-1.9117,24276.0340,-18.1823,NA,NA,NA,NA,NA,NA,NA,NA,NA,NA
589.876,5.9576,-13.4815,7.1852,-1.9117,25927.7860,-12.6154,NA,NA,NA,NA,NA,NA,NA,NA,NA,NA
589.956,5.9498,-13.5951,7.1838,-1.9315,47496.2480,60.0769,NA,NA,NA,NA,NA,NA,NA,NA,NA,NA
590.056,5.9410,-13.7226,7.1825,-1.9493,50877.9920,71.4744,NA,NA,NA,NA,NA,NA,NA,NA,NA,NA
590.156,5.9345,-13.8172,7.1750,-2.0513,53981.7120,81.9349,NA,NA,NA,NA,NA,NA,NA,NA,NA,NA
590.251,5.9301,-13.8808,7.1706,-2.1114,53981.7120,81.9349,NA,NA,NA,NA,NA,NA,NA,NA,NA,NA
590.355,5.9193,-14.0379,7.1669,-2.1612,27094.4480,-8.6834,189699.5360,0.0000,NA,NA,NA,NA,NA,NA,NA,NA
590.452,5.9152,-14.0980,7.1646,-2.1925,53558.1240,80.5073,NA,NA,NA,NA,NA,NA,NA,NA,NA,NA
590.552,5.9095,-14.1801,7.1615,-2.2351,53558.1240,80.5073,NA,NA,NA,NA,NA,NA,NA,NA,NA,NA
590.700,5.9079,-14.2034,7.1567,-2.3016,26845.9560,-9.5209,NA,NA,NA,NA,NA,NA,NA,NA,NA,NA
590.757,5.9085,-14.1954,7.1533,-2.3473,23852.4520,-19.6099,NA,NA,NA,NA,NA,NA,NA,NA,NA,NA
590.859,5.9085,-14.1954,7.1495,-2.3990,26403.0640,-11.0136,NA,NA,NA,NA,NA,NA,NA,NA,NA,NA
590.952,5.9018,-14.2925,7.1428,-2.4904,50385.0880,69.8132,NA,NA,NA,NA,NA,NA,NA,NA,NA,NA
591.052,5.8997,-14.3222,7.1402,-2.5259,56289.0640,89.7114,NA,NA,NA,NA,NA,NA,NA,NA,NA,NA
591.150,5.8983,-14.3425,7.1389,-2.5441,60380.6720,103.5014,NA,NA,NA,NA,NA,NA,NA,NA,NA,NA
591.292,5.8944,-14.3989,7.1329,-2.6254,60380.6720,103.5014,NA,NA,NA,NA,NA,NA,NA,NA,NA,NA
591.342,5.8917,-14.4381,7.1302,-2.6624,27374.3020,-7.7402,NA,NA,NA,NA,NA,NA,NA,NA,NA,NA
591.433,5.8844,-14.5448,7.1251,-2.7322,29147.2280,-1.7649,NA,NA,NA,NA,NA,NA,NA,NA,NA,NA
591.535,5.8736,-14.7010,7.1196,-2.8068,29147.2280,-1.7649,NA,NA,NA,NA,NA,NA,NA,NA,NA,NA
591.631,5.8646,-14.8321,7.1144,-2.8778,22054.0680,-25.6710,NA,NA,NA,NA,NA,NA,NA,NA,NA,NA
591.730,5.8564,-14.9515,7.1086,-2.9581,24327.5020,-18.0089,NA,NA,NA,NA,NA,NA,NA,NA,NA,NA
591.835,5.8449,-15.1188,7.1066,-2.9843,45588.2640,53.6464,NA,NA,NA,NA,NA,NA,NA,NA,NA,NA
591.932,5.8274,-15.3724,7.0961,-3.1284,51824.1920,74.6634,NA,NA,NA,NA,NA,NA,NA,NA,NA,NA
592.030,5.8191,-15.4925,7.0952,-3.1404,57200.0640,92.7817,NA,NA,NA,NA,NA,NA,NA,NA,NA,NA
592.123,5.8128,-15.5846,7.0932,-3.1674,60551.0200,104.0755,NA,NA,NA,NA,NA,NA,NA,NA,NA,NA
592.227,5.8102,-15.6224,7.0904,-3.2060,60551.0200,104.0755,NA,NA,NA,NA,NA,NA,NA,NA,NA,NA
592.325,5.7991,-15.7839,7.0883,-3.2349,27884.1540,-6.0219,NA,NA,NA,NA,NA,NA,NA,NA,NA,NA
592.420,5.7948,-15.8460,7.0798,-3.3502,29517.8280,-0.5159,NA,NA,NA,NA,NA,NA,NA,NA,NA,NA
592.562,5.7948,-15.8460,7.0784,-3.3692,29517.8280,-0.5159,NA,NA,NA,NA,NA,NA,NA,NA,NA,NA
592.612,5.7953,-15.8388,7.0753,-3.4125,22672.6500,-23.5862,NA,NA,NA,NA,NA,NA,NA,NA,NA,NA
592.711,5.7953,-15.8388,7.0713,-3.4664,25039.8220,-15.6081,NA,NA,NA,NA,NA,NA,NA,NA,NA,NA
592.816,5.7908,-15.9035,7.0687,-3.5022,47482.4320,60.0303,NA,NA,NA,NA,NA,NA,NA,NA,NA,NA
592.908,5.7855,-15.9809,7.0659,-3.5403,53380.8920,79.9100,NA,NA,NA,NA,NA,NA,NA,NA,NA,NA
593.007,5.7815,-16.0385,7.0618,-3.5963,57958.1120,95.3366,NA,NA,NA,NA,NA,NA,NA,NA,NA,NA
593.107,5.7749,-16.1357,7.0534,-3.7114,57958.1120,95.3366,NA,NA,NA,NA,NA,NA,NA,NA,NA,NA
593.208,5.7737,-16.1523,7.0489,-3.7725,25798.3280,-13.0517,NA,NA,NA,NA,NA,NA,NA,NA,NA,NA
593.316,5.7643,-16.2887,7.0453,-3.8219,25798.3280,-13.0517,NA,NA,NA,NA,NA,NA,NA,NA,NA,NA
593.410,5.7642,-16.2897,7.0423,-3.8631,25791.2220,-13.0757,NA,NA,NA,NA,NA,NA,NA,NA,NA,NA
593.515,5.7590,-16.3658,7.0377,-3.9248,46509.7600,56.7521,NA,NA,NA,NA,NA,NA,NA,NA,NA,NA
593.601,5.7429,-16.5998,7.0353,-3.9577,50990.2600,71.8528,NA,NA,NA,NA,NA,NA,NA,NA,NA,NA
593.716,5.7340,-16.7289,7.0248,-4.1020,54919.9120,85.0969,NA,NA,NA,NA,NA,NA,NA,NA,NA,NA
593.793,5.7287,-16.8056,7.0221,-4.1380,54919.9120,85.0969,NA,NA,NA,NA,NA,NA,NA,NA,NA,NA
593.901,5.7245,-16.8676,7.0190,-4.1813,24986.9020,-15.7865,186387.2960,0.0000,NA,NA,NA,NA,NA,NA,NA,NA
593.997,5.7167,-16.9795,7.0186,-4.1867,49775.7760,67.7596,NA,NA,NA,NA,NA,NA,NA,NA,NA,NA
594.104,5.7048,-17.1533,7.0186,-4.1867,49775.7760,67.7596,NA,NA,NA,NA,NA,NA,NA,NA,NA,NA
594.188,5.6973,-17.2618,7.0175,-4.2015,27043.2280,-8.8560,NA,NA,NA,NA,NA,NA,NA,NA,NA,NA
594.350,5.6963,-17.2764,7.0175,-4.2015,29513.1700,-0.5316,188362.2720,0.0000,NA,NA,NA,NA,NA,NA,NA,NA
594.392,5.6920,-17.3385,7.0119,-4.2783,63387.4080,113.6350,NA,NA,NA,NA,NA,NA,NA,NA,NA,NA
594.491,5.6897,-17.3726,7.0133,-4.2589,63387.4080,113.6350,NA,NA,NA,NA,NA,NA,NA,NA,NA,NA
594.595,5.6852,-17.4380,7.0133,-4.2589,27305.9480,-7.9706,NA,NA,NA,NA,NA,NA,NA,NA,NA,NA
594.702,5.6833,-17.4657,7.0101,-4.3026,25848.8340,-12.8815,NA,NA,NA,NA,NA,NA,NA,NA,NA,NA
594.792,5.6806,-17.5037,7.0115,-4.2836,48511.6320,63.4991,NA,NA,NA,NA,NA,NA,NA,NA,NA,NA
594.892,5.6750,-17.5857,7.0115,-4.2836,50811.2480,71.2495,NA,NA,NA,NA,NA,NA,NA,NA,NA,NA
594.989,5.6694,-17.6671,7.0083,-4.3266,54418.4160,83.4067,NA,NA,NA,NA,NA,NA,NA,NA,NA,NA
595.098,5.6673,-17.6972,7.0083,-4.3266,54418.4160,83.4067,NA,NA,NA,NA,NA,NA,NA,NA,NA,NA
595.176,5.6614,-17.7839,6.9966,-4.4868,24896.8720,-16.0899,NA,NA,NA,NA,NA,NA,NA,NA,NA,NA
595.274,5.6605,-17.7966,6.9889,-4.5917,26466.1240,-10.8011,NA,NA,NA,NA,NA,NA,NA,NA,NA,NA
595.375,5.6471,-17.9903,6.9853,-4.6409,29752.8980,0.2764,NA,NA,NA,NA,NA,NA,NA,NA,NA,NA
595.472,5.6417,-18.0695,6.9822,-4.6834,29752.8980,0.2764,NA,NA,NA,NA,NA,NA,NA,NA,NA,NA
595.576,5.6412,-18.0763,6.9804,-4.7075,24270.2260,-18.2019,NA,NA,NA,NA,NA,NA,NA,NA,NA,NA
595.681,5.6412,-18.0763,6.9739,-4.7965,25769.9060,-13.1475,NA,NA,NA,NA,NA,NA,NA,NA,NA,NA
595.775,5.6338,-18.1839,6.9696,-4.8547,48917.9200,64.8684,NA,NA,NA,NA,NA,NA,NA,NA,NA,NA
595.869,5.6312,-18.2222,6.9690,-4.8635,51098.6480,72.2181,NA,NA,NA,NA,NA,NA,NA,NA,NA,NA
595.986,5.6255,-18.3042,6.9597,-4.9905,55429.4840,86.8143,NA,NA,NA,NA,NA,NA,NA,NA,NA,NA
596.085,5.6227,-18.3447,6.9547,-5.0580,55429.4840,86.8143,NA,NA,NA,NA,NA,NA,NA,NA,NA,NA
596.166,5.6199,-18.3858,6.9441,-5.2031,25252.0640,-14.8928,NA,NA,NA,NA,NA,NA,NA,NA,NA,NA
596.277,5.6187,-18.4032,6.9411,-5.2446,27159.6900,-8.4635,193149.8720,0.0000,NA,NA,NA,NA,NA,NA,NA,NA
596.360,5.6155,-18.4497,6.9389,-5.2737,27159.6900,-8.4635,NA,NA,NA,NA,NA,NA,NA,NA,NA,NA
596.460,5.6155,-18.4497,6.9359,-5.3150,25784.1720,-13.0994,NA,NA,NA,NA,NA,NA,NA,NA,NA,NA
596.563,5.6132,-18.4837,6.9313,-5.3783,25784.1720,-13.0994,NA,NA,NA,NA,NA,NA,NA,NA,NA,NA
596.694,5.6118,-18.5038,6.9283,-5.4187,24636.9780,-16.9658,NA,NA,NA,NA,NA,NA,NA,NA,NA,NA
596.758,5.6012,-18.6578,6.9244,-5.4719,42907.4760,44.6113,NA,NA,NA,NA,NA,NA,NA,NA,NA,NA
596.870,5.5984,-18.6977,6.9226,-5.4971,48587.5040,63.7548,NA,NA,NA,NA,NA,NA,NA,NA,NA,NA
596.954,5.5960,-18.7328,6.9213,-5.5142,56696.9760,91.0862,NA,NA,NA,NA,NA,NA,NA,NA,NA,NA
597.057,5.5890,-18.8343,6.9173,-5.5687,56696.9760,91.0862,NA,NA,NA,NA,NA,NA,NA,NA,NA,NA
597.147,5.5867,-18.8686,6.9146,-5.6053,26701.0680,-10.0092,189540.3840,0.0000,NA,NA,NA,NA,NA,NA,NA,NA
597.294,5.5840,-18.9071,6.9066,-5.7151,57239.3440,92.9141,NA,NA,NA,NA,NA,NA,NA,NA,NA,NA
597.350,5.5825,-18.9285,6.9036,-5.7564,57239.3440,92.9141,NA,NA,NA,NA,NA,NA,NA,NA,NA,NA
597.441,5.5786,-18.9859,6.8979,-5.8334,25682.4480,-13.4423,NA,NA,NA,NA,NA,NA,NA,NA,NA,NA
597.552,5.5786,-18.9859,6.8921,-5.9137,27368.3660,-7.7602,NA,NA,NA,NA,NA,NA,NA,NA,NA,NA
597.636,5.5779,-18.9954,6.8863,-5.9926,29270.4080,-1.3498,NA,NA,NA,NA,NA,NA,NA,NA,NA,NA
597.734,5.5779,-18.9954,6.8839,-6.0254,29270.4080,-1.3498,NA,NA,NA,NA,NA,NA,NA,NA,NA,NA
597.895,5.5754,-19.0321,6.8755,-6.1394,23632.0060,-20.3529,NA,NA,NA,NA,NA,NA,NA,NA,NA,NA
597.933,5.5688,-19.1277,6.8729,-6.1747,25986.4920,-12.4176,NA,NA,NA,NA,NA,NA,NA,NA,NA,NA
598.028,5.5625,-19.2200,6.8695,-6.2212,49887.4640,68.1360,NA,NA,NA,NA,NA,NA,NA,NA,NA,NA
598.126,5.5565,-19.3062,6.8642,-6.2935,54230.6240,82.7738,NA,NA,NA,NA,NA,NA,NA,NA,NA,NA
598.225,5.5522,-19.3698,6.8608,-6.3399,56721.1840,91.1678,NA,NA,NA,NA,NA,NA,NA,NA,NA,NA
598.347,5.5493,-19.4109,6.8555,-6.4124,56721.1840,91.1678,NA,NA,NA,NA,NA,NA,NA,NA,NA,NA
598.432,5.5463,-19.4547,6.8520,-6.4605,25785.9420,-13.0935,NA,NA,NA,NA,NA,NA,NA,NA,NA,NA
598.554,5.5463,-19.4547,6.8507,-6.4779,24384.8300,-17.8156,NA,NA,NA,NA,NA,NA,NA,NA,NA,NA
598.630,5.5441,-19.4861,6.8507,-6.4779,26004.2300,-12.3578,NA,NA,NA,NA,NA,NA,NA,NA,NA,NA
598.736,5.5344,-19.6276,6.8444,-6.5640,47735.0920,60.8819,NA,NA,NA,NA,NA,NA,NA,NA,NA,NA
598.818,5.5284,-19.7154,6.8342,-6.7037,51588.2440,73.8682,NA,NA,NA,NA,NA,NA,NA,NA,NA,NA
598.920,5.5261,-19.7486,6.8304,-6.7556,54757.2640,84.5488,NA,NA,NA,NA,NA,NA,NA,NA,NA,NA
599.020,5.5246,-19.7702,6.8250,-6.8294,54757.2640,84.5488,NA,NA,NA,NA,NA,NA,NA,NA,NA,NA
599.142,5.5238,-19.7820,6.8223,-6.8656,26430.1440,-10.9223,189581.6640,0.0000,NA,NA,NA,NA,NA,NA,NA,NA
599.214,5.5207,-19.8264,6.8206,-6.8889,51932.9160,75.0298,NA,NA,NA,NA,NA,NA,NA,NA,NA,NA
599.319,5.5148,-19.9117,6.8149,-6.9666,51932.9160,75.0298,NA,NA,NA,NA,NA,NA,NA,NA,NA,NA
599.423,5.5115,-19.9597,6.8128,-6.9951,27764.7740,-6.4242,184665.4240,0.0000,NA,NA,NA,NA,NA,NA,NA,NA
599.511,5.5095,-19.9888,6.8090,-7.0472,59059.1720,99.0475,NA,NA,NA,NA,NA,NA,NA,NA,NA,NA
599.621,5.5026,-20.0891,6.8042,-7.1126,NA,NA,NA,NA,NA,NA,NA,NA,NA,NA,NA,NA
599.721,5.4982,-20.1538,6.8025,-7.1367,NA,NA,NA,NA,NA,NA,NA,NA,NA,NA,NA,NA
599.811,5.4972,-20.1675,6.8007,-7.1610,31281.2480,5.4274,NA,NA,NA,NA,NA,NA,NA,NA,NA,NA
599.911,5.4980,-20.1563,6.8007,-7.1610,32706.3460,10.2304,NA,NA,NA,NA,NA,NA,NA,NA,NA,NA
600.038,5.4980,-20.1563,6.7994,-7.1787,32706.3460,10.2304,NA,NA,NA,NA,NA,NA,NA,NA,NA,NA
600.104,5.4979,-20.1573,6.7978,-7.2007,23207.4700,-21.7837,NA,NA,NA,NA,NA,NA,NA,NA,NA,NA
600.217,5.4919,-20.2447,6.7986,-7.1898,24829.6960,-16.3163,NA,NA,NA,NA,NA,NA,NA,NA,NA,NA
600.308,5.4916,-20.2488,6.7986,-7.1898,44917.4240,51.3855,NA,NA,NA,NA,NA,NA,NA,NA,NA,NA
600.399,5.4822,-20.3855,6.7910,-7.2929,47792.4800,61.0753,NA,NA,NA,NA,NA,NA,NA,NA,NA,NA
600.505,5.4778,-20.4493,6.7850,-7.3755,50552.4960,70.3774,NA,NA,NA,NA,NA,NA,NA,NA,NA,NA
600.593,5.4708,-20.5506,6.7885,-7.3278,50552.4960,70.3774,NA,NA,NA,NA,NA,NA,NA,NA,NA,NA
600.693,5.4691,-20.5759,6.7885,-7.3278,26574.4140,-10.4361,NA,NA,NA,NA,NA,NA,NA,NA,NA,NA
600.792,5.4653,-20.6308,6.7881,-7.3335,29818.8540,0.4987,193057.4880,0.0000,NA,NA,NA,NA,NA,NA,NA,NA
600.944,5.4653,-20.6313,6.7871,-7.3467,29818.8540,0.4987,NA,NA,NA,NA,NA,NA,NA,NA,NA,NA
600.998,5.4646,-20.6413,6.7841,-7.3880,29448.0240,-0.7511,NA,NA,NA,NA,NA,NA,NA,NA,NA,NA
601.100,5.4646,-20.6413,6.7841,-7.3880,23313.4120,-21.4267,NA,NA,NA,NA,NA,NA,NA,NA,NA,NA
601.203,5.4640,-20.6494,6.7782,-7.4684,25602.7940,-13.7107,NA,NA,NA,NA,NA,NA,NA,NA,NA,NA
601.305,5.4603,-20.7042,6.7704,-7.5746,48890.4240,64.7757,NA,NA,NA,NA,NA,NA,NA,NA,NA,NA
601.385,5.4530,-20.8095,6.7681,-7.6057,53060.9120,78.8315,NA,NA,NA,NA,NA,NA,NA,NA,NA,NA
601.561,5.4509,-20.8395,6.7681,-7.6057,55276.5320,86.2989,NA,NA,NA,NA,NA,NA,NA,NA,NA,NA
601.591,5.4522,-20.8219,6.7673,-7.6165,55276.5320,86.2989,NA,NA,NA,NA,NA,NA,NA,NA,NA,NA
601.679,5.4522,-20.8219,6.7673,-7.6165,25506.1260,-14.0365,NA,NA,NA,NA,NA,NA,NA,NA,NA,NA
601.781,5.4474,-20.8911,6.7665,-7.6277,27028.4960,-8.9057,NA,NA,NA,NA,NA,NA,NA,NA,NA,NA
601.880,5.4447,-20.9298,6.7624,-7.6842,29241.9640,-1.4456,NA,NA,NA,NA,NA,NA,NA,NA,NA,NA
601.981,5.4401,-20.9972,6.7574,-7.7519,29241.9640,-1.4456,NA,NA,NA,NA,NA,NA,NA,NA,NA,NA
602.075,5.4384,-21.0223,6.7550,-7.7844,23946.6660,-19.2924,NA,NA,NA,NA,NA,NA,NA,NA,NA,NA
602.181,5.4382,-21.0249,6.7548,-7.7875,26040.0980,-12.2369,NA,NA,NA,NA,NA,NA,NA,NA,NA,NA
602.278,5.4347,-21.0754,6.7517,-7.8299,50084.3400,68.7996,NA,NA,NA,NA,NA,NA,NA,NA,NA,NA
602.366,5.4283,-21.1677,6.7497,-7.8565,53581.3400,80.5855,NA,NA,NA,NA,NA,NA,NA,NA,NA,NA
602.467,5.4246,-21.2228,6.7496,-7.8585,55677.9680,87.6518,NA,NA,NA,NA,NA,NA,NA,NA,NA,NA
602.570,5.4258,-21.2053,6.7495,-7.8596,55677.9680,87.6518,NA,NA,NA,NA,NA,NA,NA,NA,NA,NA
602.678,5.4258,-21.2053,6.7486,-7.8720,25970.9900,-12.4698,NA,NA,NA,NA,NA,NA,NA,NA,NA,NA
602.787,5.4234,-21.2393,6.7486,-7.8720,27438.4580,-7.5240,NA,NA,NA,NA,NA,NA,NA,NA,NA,NA
602.862,5.4234,-21.2398,6.7414,-7.9700,27438.4580,-7.5240,NA,NA,NA,NA,NA,NA,NA,NA,NA,NA
602.978,5.4224,-21.2542,6.7366,-8.0360,21974.7420,-25.9384,NA,NA,NA,NA,NA,NA,NA,NA,NA,NA
603.063,5.4224,-21.2542,6.7343,-8.0670,51564.7360,73.7890,NA,NA,NA,NA,NA,NA,NA,NA,NA,NA
603.161,5.4161,-21.3463,6.7281,-8.1518,54408.8040,83.3743,NA,NA,NA,NA,NA,NA,NA,NA,NA,NA
603.300,5.4098,-21.4377,6.7264,-8.1758,54408.8040,83.3743,NA,NA,NA,NA,NA,NA,NA,NA,NA,NA
603.356,5.4074,-21.4720,6.7264,-8.1758,27099.0320,-8.6680,192298.7520,0.0000,NA,NA,NA,NA,NA,NA,NA,NA
603.464,5.4074,-21.4720,6.7258,-8.1830,53462.6960,80.1857,NA,NA,NA,NA,NA,NA,NA,NA,NA,NA
603.561,5.4029,-21.5369,6.7240,-8.2085,53462.6960,80.1857,NA,NA,NA,NA,NA,NA,NA,NA,NA,NA
603.650,5.4029,-21.5369,6.7205,-8.2558,27508.6920,-7.2873,182418.5280,0.0000,NA,NA,NA,NA,NA,NA,NA,NA
603.751,5.4027,-21.5400,6.7189,-8.2772,59204.4960,99.5373,NA,NA,NA,NA,NA,NA,NA,NA,NA,NA
603.851,5.3991,-21.5926,6.7168,-8.3067,59204.4960,99.5373,NA,NA,NA,NA,NA,NA,NA,NA,NA,NA
603.961,5.3991,-21.5926,6.7168,-8.3067,25854.2440,-12.8633,NA,NA,NA,NA,NA,NA,NA,NA,NA,NA
604.062,5.4012,-21.5622,6.7065,-8.4462,25854.2440,-12.8633,NA,NA,NA,NA,NA,NA,NA,NA,NA,NA
604.155,5.4012,-21.5622,6.7045,-8.4741,25815.8160,-12.9928,NA,NA,NA,NA,NA,NA,NA,NA,NA,NA
604.255,5.3971,-21.6212,6.7004,-8.5299,46873.5600,57.9783,NA,NA,NA,NA,NA,NA,NA,NA,NA,NA
604.345,5.3929,-21.6818,6.6986,-8.5548,50951.3440,71.7216,NA,NA,NA,NA,NA,NA,NA,NA,NA,NA
604.495,5.3857,-21.7872,6.6981,-8.5619,55287.5520,86.3360,NA,NA,NA,NA,NA,NA,NA,NA,NA,NA
604.554,5.3776,-21.9049,6.6942,-8.6141,55287.5520,86.3360,NA,NA,NA,NA,NA,NA,NA,NA,NA,NA
604.643,5.3761,-21.9264,6.6860,-8.7265,24934.8260,-15.9620,181563.0560,0.0000,NA,NA,NA,NA,NA,NA,NA,NA
604.749,5.3761,-21.9264,6.6839,-8.7553,50144.4800,69.0023,NA,NA,NA,NA,NA,NA,NA,NA,NA,NA
604.834,5.3760,-21.9276,6.6795,-8.8153,50144.4800,69.0023,NA,NA,NA,NA,NA,NA,NA,NA,NA,NA
604.937,5.3746,-21.9479,6.6736,-8.8961,26839.6080,-9.5423,NA,NA,NA,NA,NA,NA,NA,NA,NA,NA
605.034,5.3746,-21.9479,6.6713,-8.9271,29829.3440,0.5340,190206.1920,0.0000,NA,NA,NA,NA,NA,NA,NA,NA
605.187,5.3749,-21.9444,6.6726,-8.9093,63063.9120,112.5447,NA,NA,NA,NA,NA,NA,NA,NA,NA,NA
605.239,5.3753,-21.9383,6.6730,-8.9039,63063.9120,112.5447,NA,NA,NA,NA,NA,NA,NA,NA,NA,NA
605.342,5.3753,-21.9383,6.6730,-8.9039,27249.1320,-8.1621,NA,NA,NA,NA,NA,NA,NA,NA,NA,NA
605.468,5.3789,-21.8858,6.6709,-8.9328,25965.4240,-12.4886,NA,NA,NA,NA,NA,NA,NA,NA,NA,NA
605.541,5.3789,-21.8858,6.6704,-8.9399,49047.6760,65.3057,NA,NA,NA,NA,NA,NA,NA,NA,NA,NA
605.642,5.3774,-21.9081,6.6704,-8.9399,52315.3760,76.3189,NA,NA,NA,NA,NA,NA,NA,NA,NA,NA
605.741,5.3756,-21.9337,6.6674,-8.9799,54498.3200,83.6760,NA,NA,NA,NA,NA,NA,NA,NA,NA,NA
605.834,5.3744,-21.9505,6.6640,-9.0265,54498.3200,83.6760,NA,NA,NA,NA,NA,NA,NA,NA,NA,NA
605.925,5.3743,-21.9522,6.6628,-9.0433,25274.1420,-14.8184,NA,NA,NA,NA,NA,NA,NA,NA,NA,NA
606.030,5.3743,-21.9522,6.6621,-9.0524,26755.3480,-9.8263,NA,NA,NA,NA,NA,NA,NA,NA,NA,NA
606.125,5.3758,-21.9306,6.6609,-9.0699,29214.5040,-1.5382,NA,NA,NA,NA,NA,NA,NA,NA,NA,NA
606.221,5.3758,-21.9306,6.6609,-9.0699,29214.5040,-1.5382,NA,NA,NA,NA,NA,NA,NA,NA,NA,NA
606.318,5.3745,-21.9496,6.6604,-9.0766,24028.9820,-19.0150,NA,NA,NA,NA,NA,NA,NA,NA,NA,NA
606.416,5.3735,-21.9635,6.6596,-9.0866,25948.8640,-12.5444,NA,NA,NA,NA,NA,NA,NA,NA,NA,NA
606.518,5.3687,-22.0337,6.6570,-9.1224,49696.5080,67.4925,NA,NA,NA,NA,NA,NA,NA,NA,NA,NA
606.621,5.3687,-22.0337,6.6551,-9.1480,52659.2840,77.4779,NA,NA,NA,NA,NA,NA,NA,NA,NA,NA
606.705,5.3686,-22.0349,6.6551,-9.1480,55702.4640,87.7344,NA,NA,NA,NA,NA,NA,NA,NA,NA,NA
606.810,5.3686,-22.0349,6.6508,-9.2075,55702.4640,87.7344,NA,NA,NA,NA,NA,NA,NA,NA,NA,NA
