,Ch1,,Ch2,,Ch3,,Ch4,,Ch5,,Ch6,,Ch7,,Ch8,
Time (s),R (kohm),ΔR/R0 (%),R (kohm),ΔR/R0 (%),R (kohm),ΔR/R0 (%),R (kohm),ΔR/R0 (%),R (kohm),ΔR/R0 (%),R (kohm),ΔR/R0 (%),R (kohm),ΔR/R0 (%),R (kohm),ΔR/R0 (%)
0.052,5.1034,0.0000,5.3157,0.0000,22857.7140,0.0000,NA,NA,NA,NA,NA,NA,NA,NA,NA,NA
0.149,5.1051,0.0000,5.3169,0.0000,25041.9600,0.0000,NA,NA,NA,NA,NA,NA,NA,NA,NA,NA
0.254,5.1051,0.0000,5.3181,0.0000,46444.8000,0.0000,NA,NA,NA,NA,NA,NA,NA,NA,NA,NA
0.345,5.1025,0.0000,5.3183,0.0000,51732.9760,0.0000,NA,NA,NA,NA,NA,NA,NA,NA,NA,NA
0.443,5.1009,0.0000,5.3191,0.0000,56503.1680,0.0000,NA,NA,NA,NA,NA,NA,NA,NA,NA,NA
0.538,5.1001,0.0000,5.3191,0.0000,56503.1680,0.0000,NA,NA,NA,NA,NA,NA,NA,NA,NA,NA
0.640,5.1009,0.0000,5.3195,0.0000,26087.9620,0.0000,NA,NA,NA,NA,NA,NA,NA,NA,NA,NA
0.734,5.1037,0.0000,5.3199,0.0000,28221.0960,0.0000,NA,NA,NA,NA,NA,NA,NA,NA,NA,NA
0.878,5.1064,0.0000,5.3199,0.0000,30306.4040,0.0000,NA,NA,NA,NA,NA,NA,NA,NA,NA,NA
0.934,5.1137,0.0000,5.3348,0.0000,30306.4040,0.0000,NA,NA,NA,NA,NA,NA,NA,NA,NA,NA
1.029,5.1495,0.0000,5.4050,1.3168,23121.8800,-23.7063,NA,NA,NA,NA,NA,NA,NA,NA,NA,NA
1.132,5.2043,1.0644,5.4783,2.6916,25285.8660,-16.5659,NA,NA,NA,NA,NA,NA,NA,NA,NA,NA
1.231,5.2703,2.3458,5.5639,4.2959,46734.3800,54.2063,NA,NA,NA,NA,NA,NA,NA,NA,NA,NA
1.324,5.3246,3.4014,5.6339,5.6080,52459.4320,73.0969,NA,NA,NA,NA,NA,NA,NA,NA,NA,NA
1.426,5.3872,4.6167,5.7044,6.9288,58176.3920,91.9607,NA,NA,NA,NA,NA,NA,NA,NA,NA,NA
1.520,5.4261,5.3724,5.7453,7.6965,58176.3920,91.9607,NA,NA,NA,NA,NA,NA,NA,NA,NA,NA
1.625,5.4747,6.3156,5.8008,8.7362,26785.5240,-11.6176,NA,NA,NA,NA,NA,NA,NA,NA,NA,NA
1.717,5.5170,7.1377,5.8430,9.5268,29073.6620,-4.0676,NA,NA,NA,NA,NA,NA,NA,NA,NA,NA
1.811,5.5519,7.8152,5.8782,10.1861,29073.6620,-4.0676,NA,NA,NA,NA,NA,NA,NA,NA,NA,NA
1.918,5.5751,8.2659,5.9157,10.8899,21504.3280,-29.0436,NA,NA,NA,NA,NA,NA,NA,NA,NA,NA
2.033,5.6060,8.8657,5.9630,11.7765,23099.2880,-23.7808,NA,NA,NA,NA,NA,NA,NA,NA,NA,NA
2.114,5.6204,9.1454,6.0048,12.5597,25457.5980,-15.9993,NA,NA,NA,NA,NA,NA,NA,NA,NA,NA
2.203,5.6439,9.6014,6.0403,13.2257,46968.6800,54.9794,NA,NA,NA,NA,NA,NA,NA,NA,NA,NA
2.307,5.6711,10.1303,6.0798,13.9655,52825.0240,74.3032,NA,NA,NA,NA,NA,NA,NA,NA,NA,NA
2.404,5.6857,10.4144,6.1093,14.5181,59243.3800,95.4814,NA,NA,NA,NA,NA,NA,NA,NA,NA,NA
2.517,5.6948,10.5905,6.1503,15.2870,59243.3800,95.4814,NA,NA,NA,NA,NA,NA,NA,NA,NA,NA
2.622,5.7109,10.9027,6.1693,15.6442,26720.1500,-11.8333,NA,NA,NA,NA,NA,NA,NA,NA,NA,NA
2.711,5.7205,11.0900,6.1863,15.9627,25089.8500,-17.2127,NA,NA,NA,NA,NA,NA,NA,NA,NA,NA
2.798,5.7267,11.2101,6.2053,16.3175,46563.5040,53.6425,NA,NA,NA,NA,NA,NA,NA,NA,NA,NA
2.898,5.7345,11.3612,6.2158,16.5155,50052.0880,65.1535,NA,NA,NA,NA,NA,NA,NA,NA,NA,NA
2.995,5.7345,11.3612,6.2158,16.5155,53527.7960,76.6221,NA,NA,NA,NA,NA,NA,NA,NA,NA,NA
3.102,5.7328,11.3288,6.2135,16.4729,58336.2040,92.4880,NA,NA,NA,NA,NA,NA,NA,NA,NA,NA
3.190,5.7328,11.3288,6.2109,16.4237,58336.2040,92.4880,NA,NA,NA,NA,NA,NA,NA,NA,NA,NA
3.296,5.7291,11.2556,6.1942,16.1093,26835.6400,-11.4522,NA,NA,NA,NA,NA,NA,NA,NA,NA,NA
3.388,5.7165,11.0110,6.1726,15.7053,28719.8980,-5.2349,NA,NA,NA,NA,NA,NA,NA,NA,NA,NA
3.489,5.7120,10.9238,6.1576,15.4244,28719.8980,-5.2349,NA,NA,NA,NA,NA,NA,NA,NA,NA,NA
3.600,5.7101,10.8868,6.1351,15.0020,23335.3040,-23.0021,NA,NA,NA,NA,NA,NA,NA,NA,NA,NA
3.687,5.7041,10.7699,6.1140,14.6064,25326.1000,-16.4332,NA,NA,NA,NA,NA,NA,NA,NA,NA,NA
3.779,5.6980,10.6520,6.0948,14.2474,47650.5360,57.2293,NA,NA,NA,NA,NA,NA,NA,NA,NA,NA
3.895,5.6822,10.3460,6.0819,14.0057,51827.7400,71.0125,NA,NA,NA,NA,NA,NA,NA,NA,NA,NA
3.986,5.6702,10.1126,6.0720,13.8196,54962.6600,81.3566,NA,NA,NA,NA,NA,NA,NA,NA,NA,NA
4.076,5.6625,9.9637,6.0650,13.6890,54962.6600,81.3566,NA,NA,NA,NA,NA,NA,NA,NA,NA,NA
4.172,5.6485,9.6915,6.0553,13.5063,25673.1820,-15.2879,NA,NA,NA,NA,NA,NA,NA,NA,NA,NA
4.282,5.6433,9.5899,6.0319,13.0675,27247.6400,-10.0928,NA,NA,NA,NA,NA,NA,NA,NA,NA,NA
4.376,5.6299,9.3306,6.0182,12.8109,29366.0300,-3.1029,NA,NA,NA,NA,NA,NA,NA,NA,NA,NA
4.473,5.6250,9.2340,6.0000,12.4695,29366.0300,-3.1029,NA,NA,NA,NA,NA,NA,NA,NA,NA,NA
4.564,5.6212,9.1618,5.9835,12.1608,23594.8360,-22.1457,NA,NA,NA,NA,NA,NA,NA,NA,NA,NA
4.661,5.6162,9.0638,5.9699,11.9055,25710.7280,-15.1640,NA,NA,NA,NA,NA,NA,NA,NA,NA,NA
4.768,5.6046,8.8386,5.9433,11.4067,48162.3480,58.9181,NA,NA,NA,NA,NA,NA,NA,NA,NA,NA
4.862,5.5989,8.7271,5.9364,11.2784,53089.1360,75.1746,NA,NA,NA,NA,NA,NA,NA,NA,NA,NA
5.012,5.6208,9.1528,5.9475,11.4865,56866.8160,87.6396,NA,NA,NA,NA,NA,NA,NA,NA,NA,NA
5.059,5.6440,9.6042,5.9847,12.1829,56866.8160,87.6396,NA,NA,NA,NA,NA,NA,NA,NA,NA,NA
5.162,5.6701,10.1110,6.0413,13.2444,26552.5900,-12.3862,NA,NA,NA,NA,NA,NA,NA,NA,NA,NA
5.261,5.7035,10.7601,6.0758,13.8914,26552.5900,-12.3862,NA,NA,NA,NA,NA,NA,NA,NA,NA,NA
5.362,5.7252,11.1797,6.1014,14.3698,26421.2840,-12.8195,NA,NA,NA,NA,NA,NA,NA,NA,NA,NA
5.462,5.7343,11.3569,6.1132,14.5925,48146.4880,58.8657,NA,NA,NA,NA,NA,NA,NA,NA,NA,NA
5.572,5.7373,11.4148,6.1132,14.5925,52430.4000,73.0011,NA,NA,NA,NA,NA,NA,NA,NA,NA,NA
5.657,5.7373,11.4148,6.1107,14.5458,56186.1000,85.3935,NA,NA,NA,NA,NA,NA,NA,NA,NA,NA
5.751,5.7360,11.3909,6.1016,14.3737,56186.1000,85.3935,NA,NA,NA,NA,NA,NA,NA,NA,NA,NA
5.847,5.7278,11.2312,6.0929,14.2118,25746.2840,-15.0467,189248.4480,0.0000,NA,NA,NA,NA,NA,NA,NA,NA
5.958,5.7276,11.2273,6.0795,13.9598,50794.5120,67.6032,NA,NA,NA,NA,NA,NA,NA,NA,NA,NA
6.054,5.7056,10.7993,6.0746,13.8675,50794.5120,67.6032,NA,NA,NA,NA,NA,NA,NA,NA,NA,NA
6.146,5.7009,10.7087,6.0630,13.6505,27377.8220,-9.6632,186556.5920,0.0000,NA,NA,NA,NA,NA,NA,NA,NA
6.266,5.7009,10.7087,6.0486,13.3801,55024.8720,81.5619,NA,NA,NA,NA,NA,NA,NA,NA,NA,NA
6.341,5.6933,10.5607,6.0408,13.2345,55024.8720,81.5619,NA,NA,NA,NA,NA,NA,NA,NA,NA,NA
6.451,5.6887,10.4725,6.0289,13.0112,25912.3180,-14.4989,NA,NA,NA,NA,NA,NA,NA,NA,NA,NA
6.542,5.6860,10.4202,6.0124,12.7026,25912.3180,-14.4989,NA,NA,NA,NA,NA,NA,NA,NA,NA,NA
6.639,5.6827,10.3562,5.9981,12.4342,26002.2840,-14.2020,NA,NA,NA,NA,NA,NA,NA,NA,NA,NA
6.735,5.6770,10.2447,5.9910,12.3009,48674.5920,60.6083,NA,NA,NA,NA,NA,NA,NA,NA,NA,NA
6.847,5.6694,10.0967,5.9865,12.2173,52879.3120,74.4823,NA,NA,NA,NA,NA,NA,NA,NA,NA,NA
6.941,5.6642,9.9953,5.9843,12.1755,56131.1160,85.2121,NA,NA,NA,NA,NA,NA,NA,NA,NA,NA
7.032,5.6546,9.8103,5.9779,12.0563,56131.1160,85.2121,NA,NA,NA,NA,NA,NA,NA,NA,NA,NA
7.133,5.6468,9.6579,5.9721,11.9476,26448.9480,-12.7282,NA,NA,NA,NA,NA,NA,NA,NA,NA,NA
7.227,5.6426,9.5758,5.9700,11.9067,27968.1260,-7.7155,NA,NA,NA,NA,NA,NA,NA,NA,NA,NA
7.329,5.6389,9.5048,5.9595,11.7115,27968.1260,-7.7155,NA,NA,NA,NA,NA,NA,NA,NA,NA,NA
7.430,5.6375,9.4778,5.9501,11.5343,21772.4660,-28.1589,NA,NA,NA,NA,NA,NA,NA,NA,NA,NA
7.540,5.6358,9.4444,5.9415,11.3742,23907.5200,-21.1140,NA,NA,NA,NA,NA,NA,NA,NA,NA,NA
7.641,5.6358,9.4444,5.9338,11.2290,26387.4860,-12.9310,NA,NA,NA,NA,NA,NA,NA,NA,NA,NA
7.714,5.6131,9.0036,5.9228,11.0233,50086.3360,65.2665,NA,NA,NA,NA,NA,NA,NA,NA,NA,NA
7.826,5.6075,8.8942,5.9177,10.9272,55079.3240,81.7415,NA,NA,NA,NA,NA,NA,NA,NA,NA,NA
7.914,5.6046,8.8391,5.9111,10.8032,58291.6640,92.3411,NA,NA,NA,NA,NA,NA,NA,NA,NA,NA
8.015,5.5963,8.6765,5.8993,10.5830,58291.6640,92.3411,NA,NA,NA,NA,NA,NA,NA,NA,NA,NA
8.109,5.5909,8.5719,5.8939,10.4816,27257.8340,-10.0592,NA,NA,NA,NA,NA,NA,NA,NA,NA,NA
8.218,5.5891,8.5385,5.8895,10.3982,28846.3340,-4.8177,NA,NA,NA,NA,NA,NA,NA,NA,NA,NA
8.308,5.5873,8.5021,5.8807,10.2338,28846.3340,-4.8177,NA,NA,NA,NA,NA,NA,NA,NA,NA,NA
8.430,5.5854,8.4665,5.8764,10.1532,22033.7160,-27.2968,NA,NA,NA,NA,NA,NA,NA,NA,NA,NA
8.510,5.5845,8.4478,5.8651,9.9417,24172.0880,-20.2410,NA,NA,NA,NA,NA,NA,NA,NA,NA,NA
8.661,5.5807,8.3749,5.8616,9.8759,44754.3280,47.6728,NA,NA,NA,NA,NA,NA,NA,NA,NA,NA
8.708,5.5736,8.2363,5.8547,9.7469,50561.9720,66.8359,NA,NA,NA,NA,NA,NA,NA,NA,NA,NA
8.808,5.5699,8.1653,5.8526,9.7073,56332.6840,85.8772,NA,NA,NA,NA,NA,NA,NA,NA,NA,NA
8.893,5.5678,8.1241,5.8506,9.6689,60653.6920,100.1349,NA,NA,NA,NA,NA,NA,NA,NA,NA,NA
8.996,5.5666,8.1015,5.8479,9.6191,60653.6920,100.1349,NA,NA,NA,NA,NA,NA,NA,NA,NA,NA
9.091,5.5631,8.0333,5.8448,9.5599,28142.8360,-7.1390,NA,NA,NA,NA,NA,NA,NA,NA,NA,NA
9.240,5.5584,7.9421,5.8376,9.4254,29837.8020,-1.5462,NA,NA,NA,NA,NA,NA,NA,NA,NA,NA
9.288,5.5604,7.9801,5.8336,9.3501,29837.8020,-1.5462,NA,NA,NA,NA,NA,NA,NA,NA,NA,NA
9.386,5.5622,8.0159,5.8307,9.2963,22325.0740,-26.3355,NA,NA,NA,NA,NA,NA,NA,NA,NA,NA
9.487,5.5622,8.0159,5.8242,9.1746,24420.6420,-19.4209,NA,NA,NA,NA,NA,NA,NA,NA,NA,NA
9.579,5.5586,7.9455,5.8217,9.1282,44639.6720,47.2945,NA,NA,NA,NA,NA,NA,NA,NA,NA,NA
9.690,5.5569,7.9121,5.8145,8.9922,50941.7360,68.0890,NA,NA,NA,NA,NA,NA,NA,NA,NA,NA
9.821,5.5569,7.9121,5.8150,9.0024,50941.7360,68.0890,NA,NA,NA,NA,NA,NA,NA,NA,NA,NA
9.881,5.5586,7.9455,5.8150,9.0024,30453.0300,0.4838,NA,NA,NA,NA,NA,NA,NA,NA,NA,NA
9.989,5.5603,7.9780,5.8106,8.9204,30453.0300,0.4838,NA,NA,NA,NA,NA,NA,NA,NA,NA,NA
10.086,5.5615,8.0010,5.8084,8.8791,24169.9040,-20.2482,NA,NA,NA,NA,NA,NA,NA,NA,NA,NA
10.177,5.5615,8.0010,5.8073,8.8580,25676.6880,-15.2764,NA,NA,NA,NA,NA,NA,NA,NA,NA,NA
10.282,5.5589,7.9520,5.8019,8.7567,48505.9200,60.0517,NA,NA,NA,NA,NA,NA,NA,NA,NA,NA
10.377,5.5574,7.9220,5.8019,8.7567,51460.7040,69.8014,NA,NA,NA,NA,NA,NA,NA,NA,NA,NA
10.470,5.5552,7.8796,5.7965,8.6547,56150.4280,85.2758,NA,NA,NA,NA,NA,NA,NA,NA,NA,NA
10.567,5.5552,7.8796,5.7962,8.6500,56150.4280,85.2758,NA,NA,NA,NA,NA,NA,NA,NA,NA,NA
10.686,5.5572,7.9180,5.7962,8.6500,25514.6760,-15.8109,NA,NA,NA,NA,NA,NA,NA,NA,NA,NA
10.769,5.5572,7.9180,5.7877,8.4904,27193.4320,-10.2717,NA,NA,NA,NA,NA,NA,NA,NA,NA,NA
10.862,5.5568,7.9109,5.7829,8.4007,27193.4320,-10.2717,NA,NA,NA,NA,NA,NA,NA,NA,NA,NA
11.018,5.5568,7.9109,5.7813,8.3711,22282.3260,-26.4765,NA,NA,NA,NA,NA,NA,NA,NA,NA,NA
11.066,5.5526,7.8288,5.7792,8.3301,24326.8700,-19.7303,NA,NA,NA,NA,NA,NA,NA,NA,NA,NA
11.162,5.5526,7.8288,5.7815,8.3739,26159.0640,-13.6847,NA,NA,NA,NA,NA,NA,NA,NA,NA,NA
11.260,5.5465,7.7095,5.7815,8.3739,49970.3280,64.8837,NA,NA,NA,NA,NA,NA,NA,NA,NA,NA
11.367,5.5419,7.6204,5.7794,8.3351,52897.1720,74.5412,NA,NA,NA,NA,NA,NA,NA,NA,NA,NA
11.451,5.5333,7.4538,5.7783,8.3148,57171.3760,88.6445,NA,NA,NA,NA,NA,NA,NA,NA,NA,NA
11.590,5.5305,7.3992,5.7763,8.2771,57171.3760,88.6445,NA,NA,NA,NA,NA,NA,NA,NA,NA,NA
11.651,5.5294,7.3776,5.7707,8.1713,26440.6840,-12.7555,NA,NA,NA,NA,NA,NA,NA,NA,NA,NA
11.743,5.5294,7.3776,5.7675,8.1126,27914.3660,-7.8928,NA,NA,NA,NA,NA,NA,NA,NA,NA,NA
11.848,5.5286,7.3629,5.7658,8.0806,27914.3660,-7.8928,NA,NA,NA,NA,NA,NA,NA,NA,NA,NA
11.940,5.5298,7.3864,5.7616,8.0020,22553.4520,-25.5819,NA,NA,NA,NA,NA,NA,NA,NA,NA,NA
12.046,5.5306,7.4012,5.7586,7.9457,24758.9220,-18.3047,NA,NA,NA,NA,NA,NA,NA,NA,NA,NA
12.138,5.5306,7.4012,5.7564,7.9041,46387.6880,53.0623,NA,NA,NA,NA,NA,NA,NA,NA,NA,NA
12.257,5.5268,7.3276,5.7553,7.8828,51178.8120,68.8713,NA,NA,NA,NA,NA,NA,NA,NA,NA,NA
12.331,5.5244,7.2810,5.7553,7.8828,54735.4840,80.6070,NA,NA,NA,NA,NA,NA,NA,NA,NA,NA
12.427,5.5197,7.1902,5.7522,7.8242,58289.0760,92.3325,NA,NA,NA,NA,NA,NA,NA,NA,NA,NA
12.547,5.5172,7.1405,5.7516,7.8130,58289.0760,92.3325,NA,NA,NA,NA,NA,NA,NA,NA,NA,NA
12.635,5.5163,7.1234,5.7516,7.8128,27317.2900,-9.8630,NA,NA,NA,NA,NA,NA,NA,NA,NA,NA
12.739,5.5163,7.1234,5.7500,7.7842,25504.5280,-15.8444,NA,NA,NA,NA,NA,NA,NA,NA,NA,NA
12.829,5.5155,7.1076,5.7500,7.7842,46121.7320,52.1848,NA,NA,NA,NA,NA,NA,NA,NA,NA,NA
12.933,5.5131,7.0617,5.7464,7.7164,50215.2440,65.6919,NA,NA,NA,NA,NA,NA,NA,NA,NA,NA
13.034,5.5065,6.9332,5.7452,7.6932,53784.6320,77.4695,NA,NA,NA,NA,NA,NA,NA,NA,NA,NA
13.129,5.5091,6.9834,5.7430,7.6516,53784.6320,77.4695,NA,NA,NA,NA,NA,NA,NA,NA,NA,NA
13.230,5.5091,6.9834,5.7418,7.6296,24261.5160,-19.9459,NA,NA,NA,NA,NA,NA,NA,NA,NA,NA
13.319,5.5075,6.9520,5.7398,7.5925,27394.2200,-9.6091,193745.5520,0.0000,NA,NA,NA,NA,NA,NA,NA,NA
13.423,5.5085,6.9720,5.7366,7.5331,53351.2160,76.0394,NA,NA,NA,NA,NA,NA,NA,NA,NA,NA
13.527,5.5088,6.9782,5.7350,7.5018,53351.2160,76.0394,NA,NA,NA,NA,NA,NA,NA,NA,NA,NA
13.615,5.5097,6.9959,5.7338,7.4801,29219.2780,-3.5871,182181.7120,0.0000,NA,NA,NA,NA,NA,NA,NA,NA
13.722,5.5097,6.9959,5.7336,7.4771,60113.8960,98.3538,NA,NA,NA,NA,NA,NA,NA,NA,NA,NA
13.820,5.5067,6.9382,5.7336,7.4771,60113.8960,98.3538,NA,NA,NA,NA,NA,NA,NA,NA,NA,NA
13.918,5.5075,6.9522,5.7324,7.4543,26732.9220,-11.7912,NA,NA,NA,NA,NA,NA,NA,NA,NA,NA
14.067,5.5075,6.9522,5.7309,7.4259,25206.9060,-16.8265,NA,NA,NA,NA,NA,NA,NA,NA,NA,NA
14.113,5.5041,6.8877,5.7309,7.4259,46927.8640,54.8447,NA,NA,NA,NA,NA,NA,NA,NA,NA,NA
14.215,5.5029,6.8635,5.7286,7.3832,50818.3400,67.6819,NA,NA,NA,NA,NA,NA,NA,NA,NA,NA
14.313,5.4963,6.7346,5.7286,7.3832,53768.1880,77.4153,NA,NA,NA,NA,NA,NA,NA,NA,NA,NA
14.416,5.4949,6.7088,5.7277,7.3651,58523.6240,93.1065,NA,NA,NA,NA,NA,NA,NA,NA,NA,NA
14.507,5.4868,6.5512,5.7250,7.3153,58523.6240,93.1065,NA,NA,NA,NA,NA,NA,NA,NA,NA,NA
14.627,5.4862,6.5391,5.7260,7.3332,27044.8740,-10.7619,NA,NA,NA,NA,NA,NA,NA,NA,NA,NA
14.711,5.4844,6.5051,5.7260,7.3332,28612.1320,-5.5905,NA,NA,NA,NA,NA,NA,NA,NA,NA,NA
14.800,5.4839,6.4949,5.7249,7.3125,28612.1320,-5.5905,NA,NA,NA,NA,NA,NA,NA,NA,NA,NA
14.904,5.4839,6.4949,5.7234,7.2859,23240.9340,-23.3135,NA,NA,NA,NA,NA,NA,NA,NA,NA,NA
14.998,5.4832,6.4807,5.7198,7.2180,25356.8820,-16.3316,NA,NA,NA,NA,NA,NA,NA,NA,NA,NA
15.104,5.4807,6.4320,5.7189,7.2007,47867.8000,57.9462,NA,NA,NA,NA,NA,NA,NA,NA,NA,NA
15.228,5.4745,6.3130,5.7170,7.1657,52096.6280,71.8997,NA,NA,NA,NA,NA,NA,NA,NA,NA,NA
15.293,5.4710,6.2435,5.7155,7.1367,55292.0920,82.4436,NA,NA,NA,NA,NA,NA,NA,NA,NA,NA
15.400,5.4674,6.1750,5.7155,7.1367,55292.0920,82.4436,NA,NA,NA,NA,NA,NA,NA,NA,NA,NA
15.482,5.4672,6.1696,5.7118,7.0673,25704.9540,-15.1831,NA,NA,NA,NA,NA,NA,NA,NA,NA,NA
15.584,5.4661,6.1493,5.7087,7.0092,27235.9140,-10.1315,NA,NA,NA,NA,NA,NA,NA,NA,NA,NA
15.682,5.4644,6.1159,5.7080,6.9964,29116.2480,-3.9271,NA,NA,NA,NA,NA,NA,NA,NA,NA,NA
15.782,5.4644,6.1168,5.7027,6.8968,29116.2480,-3.9271,NA,NA,NA,NA,NA,NA,NA,NA,NA,NA
15.889,5.4661,6.1483,5.7027,6.8968,23582.1300,-22.1876,NA,NA,NA,NA,NA,NA,NA,NA,NA,NA
15.976,5.4661,6.1483,5.6983,6.8137,25815.8920,-14.8170,NA,NA,NA,NA,NA,NA,NA,NA,NA,NA
16.073,5.4629,6.0866,5.6921,6.6981,48796.5240,61.0106,NA,NA,NA,NA,NA,NA,NA,NA,NA,NA
16.175,5.4578,5.9887,5.6885,6.6313,53725.5920,77.2747,NA,NA,NA,NA,NA,NA,NA,NA,NA,NA
16.273,5.4553,5.9393,5.6894,6.6484,57129.4200,88.5061,NA,NA,NA,NA,NA,NA,NA,NA,NA,NA
16.447,5.4536,5.9068,5.6894,6.6484,57129.4200,88.5061,NA,NA,NA,NA,NA,NA,NA,NA,NA,NA
16.476,5.4478,5.7933,5.6871,6.6043,26459.2280,-12.6943,NA,NA,NA,NA,NA,NA,NA,NA,NA,NA
16.572,5.4517,5.8694,5.6865,6.5934,26459.2280,-12.6943,NA,NA,NA,NA,NA,NA,NA,NA,NA,NA
16.675,5.4517,5.8694,5.6827,6.5226,26454.3100,-12.7105,NA,NA,NA,NA,NA,NA,NA,NA,NA,NA
16.781,5.4453,5.7449,5.6822,6.5132,48157.0160,58.9005,NA,NA,NA,NA,NA,NA,NA,NA,NA,NA
16.866,5.4422,5.6851,5.6822,6.5132,52345.5440,72.7211,NA,NA,NA,NA,NA,NA,NA,NA,NA,NA
17.021,5.4387,5.6173,5.6755,6.3863,55837.7680,84.2441,NA,NA,NA,NA,NA,NA,NA,NA,NA,NA
17.061,5.4373,5.5892,5.6738,6.3550,55837.7680,84.2441,NA,NA,NA,NA,NA,NA,NA,NA,NA,NA
17.160,5.4357,5.5587,5.6714,6.3095,25677.8700,-15.2725,186182.5280,0.0000,NA,NA,NA,NA,NA,NA,NA,NA
17.266,5.4357,5.5587,5.6663,6.2151,50270.5160,65.8742,NA,NA,NA,NA,NA,NA,NA,NA,NA,NA
17.357,5.4352,5.5497,5.6645,6.1815,50270.5160,65.8742,NA,NA,NA,NA,NA,NA,NA,NA,NA,NA
17.460,5.4352,5.5497,5.6617,6.1290,27585.8220,-8.9769,181338.2240,0.0000,NA,NA,NA,NA,NA,NA,NA,NA
17.558,5.4331,5.5073,5.6592,6.0813,56162.3040,85.3150,NA,NA,NA,NA,NA,NA,NA,NA,NA,NA
17.659,5.4298,5.4434,5.6626,6.1462,56162.3040,85.3150,NA,NA,NA,NA,NA,NA,NA,NA,NA,NA
17.760,5.4298,5.4434,5.6634,6.1597,25930.6620,-14.4383,NA,NA,NA,NA,NA,NA,NA,NA,NA,NA
17.866,5.4338,5.5212,5.6634,6.1597,25930.6620,-14.4383,NA,NA,NA,NA,NA,NA,NA,NA,NA,NA
17.954,5.4338,5.5212,5.6580,6.0590,26157.0720,-13.6913,NA,NA,NA,NA,NA,NA,NA,NA,NA,NA
18.057,5.4153,5.1631,5.6566,6.0336,49529.6160,63.4295,NA,NA,NA,NA,NA,NA,NA,NA,NA,NA
18.152,5.4176,5.2070,5.6528,5.9611,52963.3120,74.7595,NA,NA,NA,NA,NA,NA,NA,NA,NA,NA
18.248,5.4176,5.2070,5.6524,5.9535,56092.6480,85.0851,NA,NA,NA,NA,NA,NA,NA,NA,NA,NA
18.346,5.4163,5.1815,5.6524,5.9535,56092.6480,85.0851,NA,NA,NA,NA,NA,NA,NA,NA,NA,NA
18.446,5.4157,5.1695,5.6497,5.9031,26063.3320,-14.0006,NA,NA,NA,NA,NA,NA,NA,NA,NA,NA
18.547,5.4157,5.1695,5.6480,5.8725,27479.5020,-9.3277,NA,NA,NA,NA,NA,NA,NA,NA,NA,NA
18.641,5.4179,5.2133,5.6453,5.8205,27479.5020,-9.3277,NA,NA,NA,NA,NA,NA,NA,NA,NA,NA
18.736,5.4179,5.2133,5.6443,5.8022,21883.1140,-27.7938,NA,NA,NA,NA,NA,NA,NA,NA,NA,NA
18.850,5.4154,5.1639,5.6438,5.7936,24156.7560,-20.2916,NA,NA,NA,NA,NA,NA,NA,NA,NA,NA
18.942,5.4154,5.1639,5.6405,5.7318,26386.9480,-12.9328,NA,NA,NA,NA,NA,NA,NA,NA,NA,NA
19.032,5.4103,5.0657,5.6366,5.6576,50536.3760,66.7515,NA,NA,NA,NA,NA,NA,NA,NA,NA,NA
19.128,5.4084,5.0287,5.6366,5.6576,54419.2360,79.5635,NA,NA,NA,NA,NA,NA,NA,NA,NA,NA
19.228,5.4071,5.0034,5.6331,5.5924,57378.9440,89.3294,NA,NA,NA,NA,NA,NA,NA,NA,NA,NA
19.323,5.4071,5.0034,5.6322,5.5756,57378.9440,89.3294,NA,NA,NA,NA,NA,NA,NA,NA,NA,NA
19.449,5.4048,4.9583,5.6289,5.5139,26906.0640,-11.2199,NA,NA,NA,NA,NA,NA,NA,NA,NA,NA
19.532,5.4040,4.9422,5.6271,5.4803,28302.0500,-6.6136,NA,NA,NA,NA,NA,NA,NA,NA,NA,NA
19.623,5.4060,4.9821,5.6248,5.4374,28302.0500,-6.6136,NA,NA,NA,NA,NA,NA,NA,NA,NA,NA
19.718,5.4060,4.9821,5.6231,5.4049,22253.9560,-26.5701,NA,NA,NA,NA,NA,NA,NA,NA,NA,NA
19.821,5.4039,4.9417,5.6207,5.3605,24517.8140,-19.1002,NA,NA,NA,NA,NA,NA,NA,NA,NA,NA
19.927,5.4029,4.9219,5.6183,5.3154,45769.5680,51.0228,NA,NA,NA,NA,NA,NA,NA,NA,NA,NA
20.074,5.3964,4.7958,5.6168,5.2872,51286.2400,69.2258,NA,NA,NA,NA,NA,NA,NA,NA,NA,NA
20.118,5.3940,4.7482,5.6160,5.2722,55705.7040,83.8084,NA,NA,NA,NA,NA,NA,NA,NA,NA,NA
20.206,5.3904,4.6783,5.6143,5.2409,58800.4320,94.0198,NA,NA,NA,NA,NA,NA,NA,NA,NA,NA
20.308,5.3892,4.6556,5.6137,5.2295,58800.4320,94.0198,NA,NA,NA,NA,NA,NA,NA,NA,NA,NA
20.411,5.3846,4.5661,5.6106,5.1712,27730.4280,-8.4998,NA,NA,NA,NA,NA,NA,NA,NA,NA,NA
20.503,5.3870,4.6137,5.6073,5.1090,29208.4080,-3.6230,NA,NA,NA,NA,NA,NA,NA,NA,NA,NA
20.616,5.3876,4.6241,5.6057,5.0792,29208.4080,-3.6230,NA,NA,NA,NA,NA,NA,NA,NA,NA,NA
20.706,5.3876,4.6241,5.6017,5.0044,50845.7920,67.7724,NA,NA,NA,NA,NA,NA,NA,NA,NA,NA
20.803,5.3829,4.5340,5.5990,4.9526,54579.7920,80.0933,NA,NA,NA,NA,NA,NA,NA,NA,NA,NA
20.908,5.3806,4.4894,5.5963,4.9027,54579.7920,80.0933,NA,NA,NA,NA,NA,NA,NA,NA,NA,NA
21.000,5.3801,4.4781,5.5976,4.9277,24240.2360,-20.0161,NA,NA,NA,NA,NA,NA,NA,NA,NA,NA
21.096,5.3773,4.4252,5.5976,4.9277,26996.9980,-10.9198,192338.8320,0.0000,NA,NA,NA,NA,NA,NA,NA,NA
21.230,5.3748,4.3762,5.5975,4.9258,52582.3920,73.5026,NA,NA,NA,NA,NA,NA,NA,NA,NA,NA
21.295,5.3744,4.3680,5.5958,4.8930,52582.3920,73.5026,NA,NA,NA,NA,NA,NA,NA,NA,NA,NA
21.393,5.3720,4.3210,5.5967,4.9104,29186.9600,-3.6938,184615.4560,0.0000,NA,NA,NA,NA,NA,NA,NA,NA
21.500,5.3699,4.2815,5.5967,4.9104,59424.8880,96.0803,NA,NA,NA,NA,NA,NA,NA,NA,NA,NA
21.597,5.3694,4.2714,5.5951,4.8799,59424.8880,96.0803,NA,NA,NA,NA,NA,NA,NA,NA,NA,NA
21.703,5.3709,4.2995,5.5924,4.8288,26732.9780,-11.7910,NA,NA,NA,NA,NA,NA,NA,NA,NA,NA
21.801,5.3722,4.3251,5.5868,4.7246,25174.3600,-16.9339,NA,NA,NA,NA,NA,NA,NA,NA,NA,NA
21.895,5.3722,4.3251,5.5816,4.6271,46697.6120,54.0850,NA,NA,NA,NA,NA,NA,NA,NA,NA,NA
21.990,5.3673,4.2296,5.5784,4.5675,51010.7200,68.3166,NA,NA,NA,NA,NA,NA,NA,NA,NA,NA
22.096,5.3650,4.1852,5.5756,4.5140,54139.5080,78.6405,NA,NA,NA,NA,NA,NA,NA,NA,NA,NA
22.186,5.3634,4.1542,5.5736,4.4770,58552.1480,93.2006,NA,NA,NA,NA,NA,NA,NA,NA,NA,NA
22.288,5.3618,4.1237,5.5719,4.4456,58552.1480,93.2006,NA,NA,NA,NA,NA,NA,NA,NA,NA,NA
22.431,5.3616,4.1190,5.5719,4.4456,27193.0980,-10.2728,NA,NA,NA,NA,NA,NA,NA,NA,NA,NA
22.480,5.3595,4.0794,5.5672,4.3565,28643.6240,-5.4866,NA,NA,NA,NA,NA,NA,NA,NA,NA,NA
22.588,5.3590,4.0685,5.5651,4.3179,28643.6240,-5.4866,NA,NA,NA,NA,NA,NA,NA,NA,NA,NA
22.676,5.3575,4.0395,5.5640,4.2967,23146.4060,-23.6254,NA,NA,NA,NA,NA,NA,NA,NA,NA,NA
22.778,5.3573,4.0363,5.5631,4.2810,25320.5040,-16.4516,NA,NA,NA,NA,NA,NA,NA,NA,NA,NA
22.873,5.3556,4.0022,5.5595,4.2120,47755.7600,57.5765,NA,NA,NA,NA,NA,NA,NA,NA,NA,NA
23.025,5.3533,3.9590,5.5582,4.1883,52263.4040,72.4500,NA,NA,NA,NA,NA,NA,NA,NA,NA,NA
23.069,5.3471,3.8384,5.5555,4.1374,55573.7800,83.3731,NA,NA,NA,NA,NA,NA,NA,NA,NA,NA
23.165,5.3448,3.7928,5.5555,4.1374,55573.7800,83.3731,NA,NA,NA,NA,NA,NA,NA,NA,NA,NA
23.262,5.3427,3.7532,5.5544,4.1169,25783.6300,-14.9235,NA,NA,NA,NA,NA,NA,NA,NA,NA,NA
23.361,5.3398,3.6956,5.5493,4.0218,27292.9580,-9.9433,NA,NA,NA,NA,NA,NA,NA,NA,NA,NA
23.468,5.3398,3.6956,5.5461,3.9608,29207.7820,-3.6250,NA,NA,NA,NA,NA,NA,NA,NA,NA,NA
23.608,5.3392,3.6840,5.5432,3.9080,29207.7820,-3.6250,NA,NA,NA,NA,NA,NA,NA,NA,NA,NA
23.657,5.3391,3.6823,5.5414,3.8734,23533.2180,-22.3490,NA,NA,NA,NA,NA,NA,NA,NA,NA,NA
23.756,5.3388,3.6762,5.5408,3.8619,25753.1880,-15.0239,NA,NA,NA,NA,NA,NA,NA,NA,NA,NA
23.851,5.3261,3.4295,5.5368,3.7871,48524.4080,60.1127,NA,NA,NA,NA,NA,NA,NA,NA,NA,NA
23.948,5.3222,3.3554,5.5368,3.7863,53589.7800,76.8266,NA,NA,NA,NA,NA,NA,NA,NA,NA,NA
24.055,5.3182,3.2772,5.5348,3.7492,57083.3080,88.3539,NA,NA,NA,NA,NA,NA,NA,NA,NA,NA
24.149,5.3128,3.1718,5.5338,3.7318,57083.3080,88.3539,NA,NA,NA,NA,NA,NA,NA,NA,NA,NA
24.282,5.3170,3.2535,5.5307,3.6735,26497.7720,-12.5671,NA,NA,NA,NA,NA,NA,NA,NA,NA,NA
24.352,5.3177,3.2669,5.5307,3.6735,26497.7720,-12.5671,NA,NA,NA,NA,NA,NA,NA,NA,NA,NA
24.449,5.3177,3.2669,5.5284,3.6296,26493.1060,-12.5825,NA,NA,NA,NA,NA,NA,NA,NA,NA,NA
24.546,5.3138,3.1910,5.5253,3.5722,48313.1480,59.4156,NA,NA,NA,NA,NA,NA,NA,NA,NA,NA
24.643,5.3124,3.1639,5.5236,3.5393,52320.5840,72.6387,NA,NA,NA,NA,NA,NA,NA,NA,NA,NA
24.748,5.3090,3.0982,5.5211,3.4922,55717.8680,83.8485,NA,NA,NA,NA,NA,NA,NA,NA,NA,NA
24.843,5.3083,3.0838,5.5203,3.4787,55717.8680,83.8485,NA,NA,NA,NA,NA,NA,NA,NA,NA,NA
24.942,5.3056,3.0322,5.5192,3.4577,25781.6520,-14.9300,186748.6240,0.0000,NA,NA,NA,NA,NA,NA,NA,NA
25.061,5.3002,2.9278,5.5169,3.4146,50294.7360,65.9542,NA,NA,NA,NA,NA,NA,NA,NA,NA,NA
25.135,5.3000,2.9228,5.5168,3.4127,50294.7360,65.9542,NA,NA,NA,NA,NA,NA,NA,NA,NA,NA
25.231,5.3018,2.9592,5.5164,3.4051,27547.4540,-9.1035,180590.6720,0.0000,NA,NA,NA,NA,NA,NA,NA,NA
25.417,5.3018,2.9592,5.5164,3.4051,56369.7840,85.9996,NA,NA,NA,NA,NA,NA,NA,NA,NA,NA
25.438,5.3022,2.9669,5.5143,3.3647,56369.7840,85.9996,NA,NA,NA,NA,NA,NA,NA,NA,NA,NA
25.546,5.3040,3.0015,5.5093,3.2714,25963.3180,-14.3306,NA,NA,NA,NA,NA,NA,NA,NA,NA,NA
25.634,5.3068,3.0560,5.5084,3.2554,25963.3180,-14.3306,NA,NA,NA,NA,NA,NA,NA,NA,NA,NA
25.731,5.3068,3.0560,5.5048,3.1870,26091.2600,-13.9084,NA,NA,NA,NA,NA,NA,NA,NA,NA,NA
25.833,5.3038,2.9979,5.5023,3.1412,49217.2880,62.3990,NA,NA,NA,NA,NA,NA,NA,NA,NA,NA
25.934,5.3034,2.9885,5.5016,3.1279,52244.4280,72.3874,NA,NA,NA,NA,NA,NA,NA,NA,NA,NA
26.084,5.3000,2.9231,5.5015,3.1252,56086.9240,85.0662,NA,NA,NA,NA,NA,NA,NA,NA,NA,NA
26.132,5.3000,2.9231,5.4982,3.0635,56086.9240,85.0662,NA,NA,NA,NA,NA,NA,NA,NA,NA,NA
26.223,5.2989,2.9015,5.4975,3.0506,25861.7600,-14.6657,NA,NA,NA,NA,NA,NA,NA,NA,NA,NA
26.330,5.2976,2.8770,5.4960,3.0218,27304.8680,-9.9040,NA,NA,NA,NA,NA,NA,NA,NA,NA,NA
26.419,5.2996,2.9164,5.4960,3.0224,27304.8680,-9.9040,NA,NA,NA,NA,NA,NA,NA,NA,NA,NA
26.520,5.3009,2.9413,5.4960,3.0224,22098.7160,-27.0824,NA,NA,NA,NA,NA,NA,NA,NA,NA,NA
26.637,5.3009,2.9413,5.4960,3.0221,24271.7160,-19.9123,NA,NA,NA,NA,NA,NA,NA,NA,NA,NA
26.715,5.3002,2.9272,5.4955,3.0134,26348.7260,-13.0589,NA,NA,NA,NA,NA,NA,NA,NA,NA,NA
26.813,5.2945,2.8172,5.4928,2.9629,50224.1760,65.7213,NA,NA,NA,NA,NA,NA,NA,NA,NA,NA
26.910,5.2926,2.7805,5.4917,2.9415,53521.8520,76.6025,NA,NA,NA,NA,NA,NA,NA,NA,NA,NA
27.005,5.2918,2.7633,5.4863,2.8400,57272.9200,88.9796,NA,NA,NA,NA,NA,NA,NA,NA,NA,NA
27.105,5.2911,2.7506,5.4856,2.8272,57272.9200,88.9796,NA,NA,NA,NA,NA,NA,NA,NA,NA,NA
27.210,5.2896,2.7213,5.4870,2.8538,26566.0420,-12.3418,NA,NA,NA,NA,NA,NA,NA,NA,NA,NA
27.301,5.2903,2.7341,5.4870,2.8538,27949.4400,-7.7771,NA,NA,NA,NA,NA,NA,NA,NA,NA,NA
27.404,5.2909,2.7470,5.4852,2.8202,27949.4400,-7.7771,NA,NA,NA,NA,NA,NA,NA,NA,NA,NA
27.495,5.2937,2.8016,5.4834,2.7862,22509.1000,-25.7282,NA,NA,NA,NA,NA,NA,NA,NA,NA,NA
27.595,5.2937,2.8016,5.4833,2.7849,24711.9400,-18.4597,NA,NA,NA,NA,NA,NA,NA,NA,NA,NA
27.691,5.2880,2.6911,5.4831,2.7806,46304.0240,52.7863,NA,NA,NA,NA,NA,NA,NA,NA,NA,NA
27.792,5.2819,2.5719,5.4824,2.7675,51102.7360,68.6203,NA,NA,NA,NA,NA,NA,NA,NA,NA,NA
27.894,5.2808,2.5510,5.4821,2.7617,54545.2240,79.9792,NA,NA,NA,NA,NA,NA,NA,NA,NA,NA
27.987,5.2797,2.5299,5.4804,2.7293,58421.5120,92.7695,NA,NA,NA,NA,NA,NA,NA,NA,NA,NA
28.084,5.2797,2.5299,5.4793,2.7099,58421.5120,92.7695,NA,NA,NA,NA,NA,NA,NA,NA,NA,NA
28.181,5.2761,2.4599,5.4792,2.7070,27216.0920,-10.1969,NA,NA,NA,NA,NA,NA,NA,NA,NA,NA
28.288,5.2749,2.4357,5.4778,2.6810,28656.2960,-5.4448,NA,NA,NA,NA,NA,NA,NA,NA,NA,NA
28.421,5.2747,2.4324,5.4747,2.6226,28656.2960,-5.4448,NA,NA,NA,NA,NA,NA,NA,NA,NA,NA
28.485,5.2762,2.4621,5.4740,2.6094,22964.7260,-24.2248,NA,NA,NA,NA,NA,NA,NA,NA,NA,NA
28.578,5.2771,2.4796,5.4730,2.5910,25201.3040,-16.8450,NA,NA,NA,NA,NA,NA,NA,NA,NA,NA
28.669,5.2771,2.4796,5.4684,2.5049,47360.3360,56.2717,NA,NA,NA,NA,NA,NA,NA,NA,NA,NA
28.781,5.2763,2.4637,5.4671,2.4808,52443.5120,73.0443,NA,NA,NA,NA,NA,NA,NA,NA,NA,NA
28.887,5.2762,2.4614,5.4671,2.4808,52443.5120,73.0443,NA,NA,NA,NA,NA,NA,NA,NA,NA,NA
28.975,5.2773,2.4819,5.4659,2.4583,32721.6520,7.9694,NA,NA,NA,NA,NA,NA,NA,NA,NA,NA
29.082,5.2780,2.4970,5.4638,2.4195,32721.6520,7.9694,NA,NA,NA,NA,NA,NA,NA,NA,NA,NA
29.171,5.2781,2.4990,5.4622,2.3887,23992.9160,-20.8322,NA,NA,NA,NA,NA,NA,NA,NA,NA,NA
29.276,5.2781,2.4990,5.4619,2.3840,25651.7280,-15.3587,NA,NA,NA,NA,NA,NA,NA,NA,NA,NA
29.366,5.2741,2.4204,5.4607,2.3601,47064.9680,55.2971,NA,NA,NA,NA,NA,NA,NA,NA,NA,NA
29.463,5.2716,2.3713,5.4607,2.3601,50948.9720,68.1129,NA,NA,NA,NA,NA,NA,NA,NA,NA,NA
29.565,5.2687,2.3162,5.4552,2.2585,54230.1040,78.9394,NA,NA,NA,NA,NA,NA,NA,NA,NA,NA
29.666,5.2668,2.2777,5.4544,2.2433,54230.1040,78.9394,NA,NA,NA,NA,NA,NA,NA,NA,NA,NA
29.759,5.2665,2.2724,5.4479,2.1202,25174.2380,-16.9343,181512.1760,0.0000,NA,NA,NA,NA,NA,NA,NA,NA
29.866,5.2630,2.2051,5.4463,2.0916,49290.4960,62.6405,NA,NA,NA,NA,NA,NA,NA,NA,NA,NA
29.961,5.2612,2.1708,5.4455,2.0766,49290.4960,62.6405,NA,NA,NA,NA,NA,NA,NA,NA,NA,NA
30.050,5.2593,2.1335,5.4462,2.0894,26832.2500,-11.4634,NA,NA,NA,NA,NA,NA,NA,NA,NA,NA
30.149,5.2593,2.1322,5.4462,2.0894,29183.2440,-3.7060,177760.1280,0.0000,NA,NA,NA,NA,NA,NA,NA,NA
30.258,5.2540,2.0296,5.4451,2.0687,29326.5180,-3.2333,NA,NA,NA,NA,NA,NA,NA,NA,NA,NA
30.357,5.2528,2.0069,5.4431,2.0308,29326.5180,-3.2333,NA,NA,NA,NA,NA,NA,NA,NA,NA,NA
30.463,5.2535,2.0198,5.4431,2.0308,23683.5360,-21.8530,NA,NA,NA,NA,NA,NA,NA,NA,NA,NA
30.552,5.2546,2.0409,5.4418,2.0066,25234.2820,-16.7361,NA,NA,NA,NA,NA,NA,NA,NA,NA,NA
30.657,5.2546,2.0409,5.4400,1.9727,47696.3440,57.3804,NA,NA,NA,NA,NA,NA,NA,NA,NA,NA
30.809,5.2509,1.9705,5.4390,1.9545,50404.7200,66.3171,NA,NA,NA,NA,NA,NA,NA,NA,NA,NA
30.843,5.2450,1.8559,5.4377,1.9295,54711.6600,80.5284,NA,NA,NA,NA,NA,NA,NA,NA,NA,NA
30.945,5.2429,1.8148,5.4367,1.9102,54711.6600,80.5284,NA,NA,NA,NA,NA,NA,NA,NA,NA,NA
31.040,5.2413,1.7835,5.4345,1.8695,24943.7900,-17.6947,NA,NA,NA,NA,NA,NA,NA,NA,NA,NA
31.151,5.2427,1.8107,5.4334,1.8497,26410.3880,-12.8554,187231.0560,0.0000,NA,NA,NA,NA,NA,NA,NA,NA
31.240,5.2434,1.8245,5.4320,1.8234,52837.5440,74.3445,NA,NA,NA,NA,NA,NA,NA,NA,NA,NA
31.340,5.2436,1.8277,5.4306,1.7959,52837.5440,74.3445,NA,NA,NA,NA,NA,NA,NA,NA,NA,NA
31.443,5.2436,1.8277,5.4222,1.6396,28511.0100,-5.9241,187850.1280,0.0000,NA,NA,NA,NA,NA,NA,NA,NA
31.541,5.2408,1.7731,5.4208,1.6128,28993.7640,-4.3312,NA,NA,NA,NA,NA,NA,NA,NA,NA,NA
31.649,5.2390,1.7393,5.4195,1.5879,28993.7640,-4.3312,NA,NA,NA,NA,NA,NA,NA,NA,NA,NA
31.740,5.2422,1.8009,5.4204,1.6056,22244.6300,-26.6009,NA,NA,NA,NA,NA,NA,NA,NA,NA,NA
31.835,5.2422,1.8009,5.4204,1.6056,24363.1760,-19.6105,NA,NA,NA,NA,NA,NA,NA,NA,NA,NA
31.932,5.2409,1.7755,5.4187,1.5729,44730.2240,47.5933,NA,NA,NA,NA,NA,NA,NA,NA,NA,NA
32.056,5.2380,1.7196,5.4190,1.5783,50105.2320,65.3289,NA,NA,NA,NA,NA,NA,NA,NA,NA,NA
32.129,5.2372,1.7035,5.4190,1.5783,54841.4920,80.9568,NA,NA,NA,NA,NA,NA,NA,NA,NA,NA
32.235,5.2343,1.6483,5.4193,1.5847,58222.7960,92.1138,NA,NA,NA,NA,NA,NA,NA,NA,NA,NA
32.326,5.2343,1.6483,5.4193,1.5847,58222.7960,92.1138,NA,NA,NA,NA,NA,NA,NA,NA,NA,NA
32.423,5.2335,1.6320,5.4200,1.5983,27905.5460,-7.9219,NA,NA,NA,NA,NA,NA,NA,NA,NA,NA
32.521,5.2351,1.6633,5.4200,1.5983,29610.8520,-2.2951,NA,NA,NA,NA,NA,NA,NA,NA,NA,NA
32.647,5.2351,1.6633,5.4139,1.4829,29610.8520,-2.2951,NA,NA,NA,NA,NA,NA,NA,NA,NA,NA
32.719,5.2346,1.6536,5.4139,1.4842,22706.2680,-25.0777,NA,NA,NA,NA,NA,NA,NA,NA,NA,NA
32.813,5.2519,1.9901,5.4331,1.8439,24917.3000,-17.7821,NA,NA,NA,NA,NA,NA,NA,NA,NA,NA
32.912,5.2779,2.4946,5.4845,2.8067,45965.8240,51.6703,NA,NA,NA,NA,NA,NA,NA,NA,NA,NA
33.020,5.3234,3.3778,5.5320,3.6975,51308.5720,69.2994,NA,NA,NA,NA,NA,NA,NA,NA,NA,NA
33.108,5.3793,4.4642,5.5788,4.5751,55919.5520,84.5140,NA,NA,NA,NA,NA,NA,NA,NA,NA,NA
33.212,5.4222,5.2961,5.6427,5.7723,55919.5520,84.5140,NA,NA,NA,NA,NA,NA,NA,NA,NA,NA
33.323,5.4784,6.3877,5.7019,6.8812,25942.9440,-14.3978,NA,NA,NA,NA,NA,NA,NA,NA,NA,NA
33.420,5.5183,7.1633,5.7435,7.6618,25942.9440,-14.3978,NA,NA,NA,NA,NA,NA,NA,NA,NA,NA
33.509,5.5391,7.5670,5.7933,8.5954,25811.8740,-14.8303,NA,NA,NA,NA,NA,NA,NA,NA,NA,NA
33.615,5.5661,8.0913,5.8326,9.3329,46850.7240,54.5902,NA,NA,NA,NA,NA,NA,NA,NA,NA,NA
33.703,5.5943,8.6391,5.8779,10.1806,51284.9200,69.2214,NA,NA,NA,NA,NA,NA,NA,NA,NA,NA
33.811,5.6202,9.1415,5.9105,10.7926,55262.7800,82.3469,NA,NA,NA,NA,NA,NA,NA,NA,NA,NA
33.904,5.6525,9.7686,5.9499,11.5303,55262.7800,82.3469,NA,NA,NA,NA,NA,NA,NA,NA,NA,NA
34.004,5.6879,10.4561,5.9694,11.8962,25271.3920,-16.6137,188437.3600,0.0000,NA,NA,NA,NA,NA,NA,NA,NA
34.109,5.7168,11.0175,5.9970,12.4133,50355.2160,66.1537,NA,NA,NA,NA,NA,NA,NA,NA,NA,NA
34.202,5.7450,11.5658,6.0298,13.0279,50355.2160,66.1537,NA,NA,NA,NA,NA,NA,NA,NA,NA,NA
34.295,5.7733,12.1155,6.0576,13.5502,26429.7880,-12.7914,NA,NA,NA,NA,NA,NA,NA,NA,NA,NA
34.397,5.8117,12.8602,6.1055,14.4475,29069.8180,-4.0803,185798.1280,0.0000,NA,NA,NA,NA,NA,NA,NA,NA
34.489,5.8312,13.2382,6.1361,15.0212,60639.9680,100.0896,NA,NA,NA,NA,NA,NA,NA,NA,NA,NA
34.603,5.8675,13.9446,6.1781,15.8078,60639.9680,100.0896,NA,NA,NA,NA,NA,NA,NA,NA,NA,NA
34.695,5.8965,14.5076,6.2153,16.5053,27442.4020,-9.4502,NA,NA,NA,NA,NA,NA,NA,NA,NA,NA
34.802,5.9275,15.1094,6.2436,17.0361,25532.1200,-15.7534,NA,NA,NA,NA,NA,NA,NA,NA,NA,NA
34.893,5.9419,15.3894,6.2657,17.4505,47202.1760,55.7498,NA,NA,NA,NA,NA,NA,NA,NA,NA,NA
34.990,5.9604,15.7480,6.3021,18.1320,50476.4840,66.5539,NA,NA,NA,NA,NA,NA,NA,NA,NA,NA
35.089,5.9749,16.0287,6.3277,18.6130,54615.7560,80.2119,NA,NA,NA,NA,NA,NA,NA,NA,NA,NA
35.187,5.9974,16.4667,6.3509,19.0470,54615.7560,80.2119,NA,NA,NA,NA,NA,NA,NA,NA,NA,NA
35.294,6.0134,16.7770,6.3644,19.3010,25280.4340,-16.5839,NA,NA,NA,NA,NA,NA,NA,NA,NA,NA
35.382,6.0213,16.9303,6.3858,19.7024,26906.7240,-11.2177,NA,NA,NA,NA,NA,NA,NA,NA,NA,NA
35.487,6.0449,17.3892,6.4046,20.0548,29747.5480,-1.8440,NA,NA,NA,NA,NA,NA,NA,NA,NA,NA
35.580,6.0604,17.6899,6.4253,20.4423,29747.5480,-1.8440,NA,NA,NA,NA,NA,NA,NA,NA,NA,NA
35.678,6.0751,17.9748,6.4421,20.7567,23964.8120,-20.9249,NA,NA,NA,NA,NA,NA,NA,NA,NA,NA
35.774,6.0821,18.1120,6.4530,20.9622,25602.1680,-15.5223,NA,NA,NA,NA,NA,NA,NA,NA,NA,NA
35.879,6.0845,18.1571,6.4596,21.0853,48103.6880,58.7245,NA,NA,NA,NA,NA,NA,NA,NA,NA,NA
35.968,6.0860,18.1868,6.4596,21.0853,51244.9800,69.0896,NA,NA,NA,NA,NA,NA,NA,NA,NA,NA
36.065,6.0875,18.2168,6.4572,21.0393,55888.6760,84.4121,NA,NA,NA,NA,NA,NA,NA,NA,NA,NA
36.216,6.0888,18.2419,6.4430,20.7736,55888.6760,84.4121,NA,NA,NA,NA,NA,NA,NA,NA,NA,NA
36.258,6.0888,18.2419,6.4254,20.4448,25654.6760,-15.3490,NA,NA,NA,NA,NA,NA,NA,NA,NA,NA
36.367,6.0857,18.1812,6.4134,20.2193,27329.4000,-9.8230,NA,NA,NA,NA,NA,NA,NA,NA,NA,NA
36.460,6.0834,18.1371,6.3872,19.7281,27329.4000,-9.8230,NA,NA,NA,NA,NA,NA,NA,NA,NA,NA
36.569,6.0808,18.0868,6.3658,19.3275,22275.5480,-26.4989,NA,NA,NA,NA,NA,NA,NA,NA,NA,NA
36.653,6.0792,18.0544,6.3450,18.9364,24230.3760,-20.0487,NA,NA,NA,NA,NA,NA,NA,NA,NA,NA
36.781,6.0726,17.9269,6.3261,18.5827,25991.4200,-14.2379,NA,NA,NA,NA,NA,NA,NA,NA,NA,NA
36.852,6.0468,17.4257,6.3072,18.2277,48954.9920,61.5335,NA,NA,NA,NA,NA,NA,NA,NA,NA,NA
36.957,6.0334,17.1653,6.2908,17.9214,52178.7680,72.1708,NA,NA,NA,NA,NA,NA,NA,NA,NA,NA
37.050,6.0223,16.9493,6.2789,17.6971,57015.9040,88.1315,NA,NA,NA,NA,NA,NA,NA,NA,NA,NA
37.144,6.0048,16.6108,6.2711,17.5517,57015.9040,88.1315,NA,NA,NA,NA,NA,NA,NA,NA,NA,NA
37.241,5.9977,16.4727,6.2588,17.3216,26038.6520,-14.0820,NA,NA,NA,NA,NA,NA,NA,NA,NA,NA
37.350,5.9961,16.4409,6.2448,17.0584,27977.2260,-7.6854,NA,NA,NA,NA,NA,NA,NA,NA,NA,NA
37.436,5.9886,16.2966,6.2281,16.7459,27977.2260,-7.6854,NA,NA,NA,NA,NA,NA,NA,NA,NA,NA
37.544,5.9746,16.0243,6.2064,16.3385,22864.1280,-24.5568,NA,NA,NA,NA,NA,NA,NA,NA,NA,NA
37.646,5.9688,15.9112,6.1900,16.0321,51539.9880,70.0630,NA,NA,NA,NA,NA,NA,NA,NA,NA,NA
37.741,5.9547,15.6375,6.1710,15.6762,53705.2760,77.2077,NA,NA,NA,NA,NA,NA,NA,NA,NA,NA
37.847,5.9709,15.9527,6.1776,15.7993,53705.2760,77.2077,NA,NA,NA,NA,NA,NA,NA,NA,NA,NA
37.936,5.9867,16.2581,6.1977,16.1758,28617.0720,-5.5742,191417.5360,0.0000,NA,NA,NA,NA,NA,NA,NA,NA
38.041,6.0177,16.8610,6.2323,16.8250,57025.9680,88.1647,NA,NA,NA,NA,NA,NA,NA,NA,NA,NA
38.140,6.0547,17.5797,6.2700,17.5302,57025.9680,88.1647,NA,NA,NA,NA,NA,NA,NA,NA,NA,NA
38.232,6.0845,18.1584,6.2928,17.9578,27539.0320,-9.1313,186570.6720,0.0000,NA,NA,NA,NA,NA,NA,NA,NA
38.340,6.0994,18.4473,6.3061,18.2081,57082.7120,88.3520,NA,NA,NA,NA,NA,NA,NA,NA,NA,NA
38.429,6.1078,18.6109,6.3134,18.3438,57082.7120,88.3520,NA,NA,NA,NA,NA,NA,NA,NA,NA,NA
38.536,6.1078,18.6109,6.3142,18.3597,26435.7980,-12.7716,NA,NA,NA,NA,NA,NA,NA,NA,NA,NA
38.647,6.1036,18.5298,6.3142,18.3597,26435.7980,-12.7716,NA,NA,NA,NA,NA,NA,NA,NA,NA,NA
38.734,6.0981,18.4221,6.3023,18.1369,26281.3020,-13.2814,NA,NA,NA,NA,NA,NA,NA,NA,NA,NA
38.832,6.0848,18.1641,6.2963,18.0241,48230.7360,59.1437,NA,NA,NA,NA,NA,NA,NA,NA,NA,NA
38.926,6.0786,18.0426,6.2903,17.9119,52157.2320,72.0997,NA,NA,NA,NA,NA,NA,NA,NA,NA,NA
39.029,6.0609,17.7000,6.2760,17.6433,55497.6600,83.1219,NA,NA,NA,NA,NA,NA,NA,NA,NA,NA
39.123,6.0550,17.5850,6.2676,17.4859,55497.6600,83.1219,NA,NA,NA,NA,NA,NA,NA,NA,NA,NA
39.221,6.0517,17.5209,6.2539,17.2298,26161.2380,-13.6775,192932.6080,0.0000,NA,NA,NA,NA,NA,NA,NA,NA
39.319,6.0493,17.4737,6.2457,17.0764,51383.9080,69.5480,NA,NA,NA,NA,NA,NA,NA,NA,NA,NA
39.416,6.0425,17.3425,6.2345,16.8654,51383.9080,69.5480,NA,NA,NA,NA,NA,NA,NA,NA,NA,NA
39.515,6.0385,17.2643,6.2292,16.7654,27147.4780,-10.4233,179561.3760,0.0000,NA,NA,NA,NA,NA,NA,NA,NA
39.620,6.0335,17.1668,6.2116,16.4369,56073.8440,85.0231,NA,NA,NA,NA,NA,NA,NA,NA,NA,NA
39.721,6.0235,16.9727,6.1987,16.1951,NA,NA,NA,NA,NA,NA,NA,NA,NA,NA,NA,NA
39.869,6.0189,16.8847,6.1903,16.0366,NA,NA,NA,NA,NA,NA,NA,NA,NA,NA,NA,NA
39.912,6.0050,16.6146,6.1779,15.8039,30999.7740,2.2879,NA,NA,NA,NA,NA,NA,NA,NA,NA,NA
40.028,6.0042,16.5989,6.1702,15.6608,32020.9080,5.6572,193828.6880,0.0000,NA,NA,NA,NA,NA,NA,NA,NA
40.114,6.0031,16.5775,6.1658,15.5779,32020.9080,5.6572,193828.6880,0.0000,NA,NA,NA,NA,NA,NA,NA,NA
40.214,5.9986,16.4894,6.1617,15.5009,52796.2200,74.2081,NA,NA,NA,NA,NA,NA,NA,NA,NA,NA
40.309,5.9936,16.3927,6.1538,15.3525,56036.9240,84.9013,NA,NA,NA,NA,NA,NA,NA,NA,NA,NA
40.420,5.9832,16.1914,6.1458,15.2032,56036.9240,84.9013,NA,NA,NA,NA,NA,NA,NA,NA,NA,NA
40.517,5.9820,16.1676,6.1405,15.1030,26038.9520,-14.0810,NA,NA,NA,NA,NA,NA,NA,NA,NA,NA
40.618,5.9820,16.1676,6.1344,14.9900,24380.1400,-19.5545,NA,NA,NA,NA,NA,NA,NA,NA,NA,NA
40.711,5.9818,16.1638,6.1311,14.9281,26134.9840,-13.7642,NA,NA,NA,NA,NA,NA,NA,NA,NA,NA
40.807,5.9734,16.0011,6.1282,14.8736,48226.6960,59.1304,NA,NA,NA,NA,NA,NA,NA,NA,NA,NA
40.913,5.9632,15.8030,6.1204,14.7276,52183.4720,72.1863,NA,NA,NA,NA,NA,NA,NA,NA,NA,NA
41.008,5.9603,15.7466,6.1169,14.6604,55552.0000,83.3012,NA,NA,NA,NA,NA,NA,NA,NA,NA,NA
41.105,5.9611,15.7619,6.1153,14.6317,55552.0000,83.3012,NA,NA,NA,NA,NA,NA,NA,NA,NA,NA
41.200,5.9611,15.7619,6.1122,14.5730,26244.7040,-13.4021,191996.5440,0.0000,NA,NA,NA,NA,NA,NA,NA,NA
41.306,5.9572,15.6849,6.1106,14.5424,51636.1880,70.3805,NA,NA,NA,NA,NA,NA,NA,NA,NA,NA
41.397,5.9559,15.6609,6.1057,14.4504,51636.1880,70.3805,NA,NA,NA,NA,NA,NA,NA,NA,NA,NA
41.510,5.9505,15.5550,6.1035,14.4103,27027.6120,-10.8188,178821.0080,0.0000,NA,NA,NA,NA,NA,NA,NA,NA
41.620,5.9490,15.5274,6.1010,14.3637,27180.3180,-10.3149,NA,NA,NA,NA,NA,NA,NA,NA,NA,NA
41.705,5.9464,15.4755,6.0963,14.2753,30153.5320,-0.5044,NA,NA,NA,NA,NA,NA,NA,NA,NA,NA
41.799,5.9464,15.4754,6.0921,14.1964,30153.5320,-0.5044,NA,NA,NA,NA,NA,NA,NA,NA,NA,NA
41.899,5.9470,15.4881,6.0921,14.1964,23866.7460,-21.2485,NA,NA,NA,NA,NA,NA,NA,NA,NA,NA
41.996,5.9470,15.4881,6.0866,14.0932,25498.0080,-15.8659,NA,NA,NA,NA,NA,NA,NA,NA,NA,NA
42.096,5.9353,15.2604,6.0835,14.0355,46988.9880,55.0464,NA,NA,NA,NA,NA,NA,NA,NA,NA,NA
42.255,5.9351,15.2570,6.0827,14.0205,51191.8280,68.9142,NA,NA,NA,NA,NA,NA,NA,NA,NA,NA
42.288,5.9351,15.2570,6.0827,14.0205,55846.0680,84.2715,NA,NA,NA,NA,NA,NA,NA,NA,NA,NA
42.392,5.9325,15.2060,6.0806,13.9815,55846.0680,84.2715,NA,NA,NA,NA,NA,NA,NA,NA,NA,NA
42.487,5.9315,15.1874,6.0784,13.9399,25387.9120,-16.2292,187977.2160,0.0000,NA,NA,NA,NA,NA,NA,NA,NA
42.596,5.9237,15.0345,6.0727,13.8335,51223.5280,69.0188,NA,NA,NA,NA,NA,NA,NA,NA,NA,NA
42.689,5.9197,14.9584,6.0669,13.7231,NA,NA,NA,NA,NA,NA,NA,NA,NA,NA,NA,NA
42.797,5.9136,14.8393,6.0658,13.7041,NA,NA,NA,NA,NA,NA,NA,NA,NA,NA,NA,NA
42.885,5.9099,14.7667,6.0579,13.5548,28646.6920,-5.4764,NA,NA,NA,NA,NA,NA,NA,NA,NA,NA
42.988,5.9099,14.7667,6.0553,13.5064,29610.1520,-2.2974,NA,NA,NA,NA,NA,NA,NA,NA,NA,NA
43.085,5.9102,14.7741,6.0553,13.5064,29610.1520,-2.2974,NA,NA,NA,NA,NA,NA,NA,NA,NA,NA
43.182,5.9117,14.8028,6.0503,13.4134,23077.5240,-23.8526,NA,NA,NA,NA,NA,NA,NA,NA,NA,NA
43.311,5.9117,14.8028,6.0468,13.3472,25075.5860,-17.2598,NA,NA,NA,NA,NA,NA,NA,NA,NA,NA
43.386,5.9091,14.7516,6.0427,13.2695,46517.0960,53.4893,NA,NA,NA,NA,NA,NA,NA,NA,NA,NA
43.474,5.8962,14.5008,6.0413,13.2433,51047.2560,68.4372,NA,NA,NA,NA,NA,NA,NA,NA,NA,NA
43.586,5.8962,14.5008,6.0361,13.1460,54720.4160,80.5573,NA,NA,NA,NA,NA,NA,NA,NA,NA,NA
43.673,5.8953,14.4838,6.0342,13.1107,54720.4160,80.5573,NA,NA,NA,NA,NA,NA,NA,NA,NA,NA
43.766,5.8957,14.4912,6.0342,13.1107,25712.8300,-15.1571,NA,NA,NA,NA,NA,NA,NA,NA,NA,NA
43.867,5.8980,14.5372,6.0320,13.0706,27308.3300,-9.8925,NA,NA,NA,NA,NA,NA,NA,NA,NA,NA
44.009,5.8980,14.5372,6.0277,12.9888,29587.1660,-2.3732,NA,NA,NA,NA,NA,NA,NA,NA,NA,NA
44.061,5.8972,14.5209,6.0236,12.9128,29587.1660,-2.3732,NA,NA,NA,NA,NA,NA,NA,NA,NA,NA
44.160,5.8954,14.4851,6.0194,12.8335,23610.3960,-22.0944,NA,NA,NA,NA,NA,NA,NA,NA,NA,NA
44.268,5.8951,14.4799,6.0165,12.7791,25544.4340,-15.7128,NA,NA,NA,NA,NA,NA,NA,NA,NA,NA
44.366,5.8902,14.3841,6.0159,12.7686,47728.9680,57.4881,NA,NA,NA,NA,NA,NA,NA,NA,NA,NA
44.462,5.8861,14.3048,6.0173,12.7948,47728.9680,57.4881,NA,NA,NA,NA,NA,NA,NA,NA,NA,NA
44.561,5.8836,14.2570,6.0173,12.7948,29599.5920,-2.3322,NA,NA,NA,NA,NA,NA,NA,NA,NA,NA
44.659,5.8812,14.2109,6.0152,12.7546,29599.5920,-2.3322,NA,NA,NA,NA,NA,NA,NA,NA,NA,NA
44.759,5.8812,14.2097,6.0130,12.7135,22434.9760,-25.9728,NA,NA,NA,NA,NA,NA,NA,NA,NA,NA
44.860,5.8759,14.1071,6.0082,12.6232,24124.3280,-20.3986,NA,NA,NA,NA,NA,NA,NA,NA,NA,NA
44.951,5.8726,14.0435,6.0062,12.5858,26094.9940,-13.8961,NA,NA,NA,NA,NA,NA,NA,NA,NA,NA
45.061,5.8552,13.7055,6.0025,12.5161,48380.1280,59.6366,NA,NA,NA,NA,NA,NA,NA,NA,NA,NA
45.148,5.8500,13.6037,6.0003,12.4757,51655.6480,70.4447,NA,NA,NA,NA,NA,NA,NA,NA,NA,NA
45.247,5.8413,13.4352,5.9976,12.4250,54721.0240,80.5593,NA,NA,NA,NA,NA,NA,NA,NA,NA,NA
45.344,5.8413,13.4352,5.9959,12.3922,54721.0240,80.5593,NA,NA,NA,NA,NA,NA,NA,NA,NA,NA
45.451,5.8374,13.3602,5.9948,12.3720,26915.6260,-11.1883,190960.6080,0.0000,NA,NA,NA,NA,NA,NA,NA,NA
45.545,5.8374,13.3602,5.9934,12.3464,52425.1640,72.9838,NA,NA,NA,NA,NA,NA,NA,NA,NA,NA
45.638,5.8368,13.3469,5.9910,12.3020,52425.1640,72.9838,NA,NA,NA,NA,NA,NA,NA,NA,NA,NA
45.746,5.8362,13.3368,5.9860,12.2078,27039.0420,-10.7811,176853.1680,0.0000,NA,NA,NA,NA,NA,NA,NA,NA
45.921,5.8362,13.3368,5.9839,12.1676,57120.3200,88.4761,NA,NA,NA,NA,NA,NA,NA,NA,NA,NA
45.946,5.8341,13.2946,5.9836,12.1634,NA,NA,NA,NA,NA,NA,NA,NA,NA,NA,NA,NA
46.060,5.8268,13.1539,5.9801,12.0967,NA,NA,NA,NA,NA,NA,NA,NA,NA,NA,NA,NA
46.144,5.8243,13.1048,5.9730,11.9634,30741.5120,1.4357,NA,NA,NA,NA,NA,NA,NA,NA,NA,NA
46.237,5.8206,13.0328,5.9711,11.9275,31901.4640,5.2631,186844.0320,0.0000,NA,NA,NA,NA,NA,NA,NA,NA
46.352,5.8196,13.0134,5.9695,11.8984,31901.4640,5.2631,186844.0320,0.0000,NA,NA,NA,NA,NA,NA,NA,NA
46.444,5.8185,12.9915,5.9691,11.8907,26127.3600,-13.7893,188543.1840,0.0000,NA,NA,NA,NA,NA,NA,NA,NA
46.543,5.8169,12.9614,5.9689,11.8865,51319.9960,69.3371,NA,NA,NA,NA,NA,NA,NA,NA,NA,NA
46.646,5.8137,12.8984,5.9709,11.9243,51319.9960,69.3371,NA,NA,NA,NA,NA,NA,NA,NA,NA,NA
46.738,5.8115,12.8570,5.9709,11.9243,26368.7280,-12.9929,NA,NA,NA,NA,NA,NA,NA,NA,NA,NA
46.842,5.8106,12.8394,5.9703,11.9130,28524.2360,-5.8805,186755.2000,0.0000,NA,NA,NA,NA,NA,NA,NA,NA
46.947,5.8034,12.6986,5.9696,11.8996,30049.7300,-0.8469,NA,NA,NA,NA,NA,NA,NA,NA,NA,NA
47.085,5.8052,12.7345,5.9687,11.8826,30049.7300,-0.8469,NA,NA,NA,NA,NA,NA,NA,NA,NA,NA
47.153,5.8052,12.7345,5.9659,11.8315,23428.6860,-22.6939,NA,NA,NA,NA,NA,NA,NA,NA,NA,NA
47.245,5.8028,12.6869,5.9648,11.8103,25086.4300,-17.2240,NA,NA,NA,NA,NA,NA,NA,NA,NA,NA
47.337,5.8006,12.6445,5.9624,11.7656,45936.9280,51.5750,NA,NA,NA,NA,NA,NA,NA,NA,NA,NA
47.432,5.7925,12.4868,5.9629,11.7740,50193.5040,65.6201,NA,NA,NA,NA,NA,NA,NA,NA,NA,NA
47.531,5.7842,12.3269,5.9629,11.7740,54547.3240,79.9861,NA,NA,NA,NA,NA,NA,NA,NA,NA,NA
47.690,5.7720,12.0899,5.9598,11.7157,54547.3240,79.9861,NA,NA,NA,NA,NA,NA,NA,NA,NA,NA
47.735,5.7685,12.0205,5.9565,11.6554,24404.3440,-19.4746,NA,NA,NA,NA,NA,NA,NA,NA,NA,NA
47.826,5.7677,12.0058,5.9544,11.6145,26954.6180,-11.0597,196200.0320,0.0000,NA,NA,NA,NA,NA,NA,NA,NA
47.924,5.7623,11.9018,5.9491,11.5164,53025.9280,74.9661,NA,NA,NA,NA,NA,NA,NA,NA,NA,NA
48.034,5.7609,11.8738,5.9491,11.5164,53025.9280,74.9661,NA,NA,NA,NA,NA,NA,NA,NA,NA,NA
48.136,5.7635,11.9239,5.9425,11.3930,27583.5240,-8.9845,NA,NA,NA,NA,NA,NA,NA,NA,NA,NA
48.226,5.7635,11.9239,5.9395,11.3365,24400.6320,-19.4869,NA,NA,NA,NA,NA,NA,NA,NA,NA,NA
48.332,5.7585,11.8279,5.9375,11.2977,42743.9360,41.0393,NA,NA,NA,NA,NA,NA,NA,NA,NA,NA
48.434,5.7538,11.7362,5.9335,11.2226,48706.6200,60.7140,NA,NA,NA,NA,NA,NA,NA,NA,NA,NA
48.521,5.7503,11.6686,5.9317,11.1903,55356.4760,82.6560,NA,NA,NA,NA,NA,NA,NA,NA,NA,NA
48.617,5.7456,11.5776,5.9275,11.1106,55356.4760,82.6560,NA,NA,NA,NA,NA,NA,NA,NA,NA,NA
48.724,5.7395,11.4588,5.9261,11.0839,26092.3920,-13.9047,NA,NA,NA,NA,NA,NA,NA,NA,NA,NA
48.820,5.7394,11.4554,5.9251,11.0662,28766.0780,-5.0825,NA,NA,NA,NA,NA,NA,NA,NA,NA,NA
48.920,5.7393,11.4551,5.9249,11.0628,31572.1060,4.1764,NA,NA,NA,NA,NA,NA,NA,NA,NA,NA
49.011,5.7393,11.4551,5.9207,10.9831,31572.1060,4.1764,NA,NA,NA,NA,NA,NA,NA,NA,NA,NA
49.106,5.7341,11.3540,5.9151,10.8776,22906.0260,-24.4185,NA,NA,NA,NA,NA,NA,NA,NA,NA,NA
49.211,5.7320,11.3134,5.9140,10.8576,24678.7340,-18.5692,NA,NA,NA,NA,NA,NA,NA,NA,NA,NA
49.304,5.7236,11.1503,5.9094,10.7710,44169.8400,45.7442,NA,NA,NA,NA,NA,NA,NA,NA,NA,NA
49.466,5.7097,10.8802,5.9075,10.7358,50333.3880,66.0817,NA,NA,NA,NA,NA,NA,NA,NA,NA,NA
49.508,5.7035,10.7590,5.9044,10.6777,57156.4640,88.5953,NA,NA,NA,NA,NA,NA,NA,NA,NA,NA
49.606,5.7000,10.6906,5.9003,10.6008,57156.4640,88.5953,NA,NA,NA,NA,NA,NA,NA,NA,NA,NA
49.722,5.6926,10.5483,5.8984,10.5660,26850.8760,-11.4020,NA,NA,NA,NA,NA,NA,NA,NA,NA,NA
49.798,5.6907,10.5097,5.8960,10.5209,29455.0780,-2.8091,NA,NA,NA,NA,NA,NA,NA,NA,NA,NA
49.894,5.6912,10.5210,5.8958,10.5162,29455.0780,-2.8091,NA,NA,NA,NA,NA,NA,NA,NA,NA,NA
49.996,5.6912,10.5210,5.8914,10.4349,21650.8840,-28.5600,NA,NA,NA,NA,NA,NA,NA,NA,NA,NA
50.089,5.6863,10.4253,5.8918,10.4413,23015.4500,-24.0575,NA,NA,NA,NA,NA,NA,NA,NA,NA,NA
50.196,5.6844,10.3887,5.8918,10.4413,25187.3040,-16.8911,NA,NA,NA,NA,NA,NA,NA,NA,NA,NA
50.283,5.6781,10.2664,5.8874,10.3586,45549.0800,50.2952,NA,NA,NA,NA,NA,NA,NA,NA,NA,NA
50.391,5.6709,10.1265,5.8851,10.3160,51892.8320,71.2273,NA,NA,NA,NA,NA,NA,NA,NA,NA,NA
50.492,5.6684,10.0774,5.8821,10.2604,58834.5800,94.1325,NA,NA,NA,NA,NA,NA,NA,NA,NA,NA
50.580,5.6667,10.0440,5.8771,10.1657,58834.5800,94.1325,NA,NA,NA,NA,NA,NA,NA,NA,NA,NA
50.680,5.6604,9.9220,5.8773,10.1707,27566.6180,-9.0403,NA,NA,NA,NA,NA,NA,NA,NA,NA,NA
50.779,5.6575,9.8664,5.8773,10.1707,30142.1820,-0.5419,NA,NA,NA,NA,NA,NA,NA,NA,NA,NA
50.887,5.6566,9.8490,5.8754,10.1334,30142.1820,-0.5419,NA,NA,NA,NA,NA,NA,NA,NA,NA,NA
50.994,5.6565,9.8465,5.8731,10.0918,21975.9620,-27.4874,NA,NA,NA,NA,NA,NA,NA,NA,NA,NA
51.079,5.6562,9.8405,5.8717,10.0644,54179.8920,78.7737,NA,NA,NA,NA,NA,NA,NA,NA,NA,NA
51.173,5.6545,9.8082,5.8715,10.0615,58906.9600,94.3713,NA,NA,NA,NA,NA,NA,NA,NA,NA,NA
51.311,5.6545,9.8082,5.8680,9.9956,58906.9600,94.3713,NA,NA,NA,NA,NA,NA,NA,NA,NA,NA
51.375,5.6500,9.7201,5.8632,9.9063,26909.8400,-11.2074,NA,NA,NA,NA,NA,NA,NA,NA,NA,NA
51.469,5.6483,9.6877,5.8576,9.7999,28833.6360,-4.8596,NA,NA,NA,NA,NA,NA,NA,NA,NA,NA
51.575,5.6483,9.6877,5.8538,9.7293,28833.6360,-4.8596,NA,NA,NA,NA,NA,NA,NA,NA,NA,NA
51.673,5.6409,9.5436,5.8528,9.7107,23416.6660,-22.7336,NA,NA,NA,NA,NA,NA,NA,NA,NA,NA
51.763,5.6386,9.4997,5.8509,9.6756,25313.2480,-16.4756,NA,NA,NA,NA,NA,NA,NA,NA,NA,NA
51.860,5.6317,9.3648,5.8458,9.5796,47506.7280,56.7548,NA,NA,NA,NA,NA,NA,NA,NA,NA,NA
51.958,5.6219,9.1754,5.8419,9.5070,50940.4720,68.0848,NA,NA,NA,NA,NA,NA,NA,NA,NA,NA
52.055,5.6152,9.0436,5.8374,9.4214,54895.9080,81.1363,NA,NA,NA,NA,NA,NA,NA,NA,NA,NA
52.161,5.6122,8.9859,5.8352,9.3806,54895.9080,81.1363,NA,NA,NA,NA,NA,NA,NA,NA,NA,NA
52.273,5.6100,8.9433,5.8343,9.3643,25231.6260,-16.7449,NA,NA,NA,NA,NA,NA,NA,NA,NA,NA
52.353,5.6056,8.8580,5.8343,9.3642,26773.5560,-11.6571,NA,NA,NA,NA,NA,NA,NA,NA,NA,NA
52.447,5.6008,8.7641,5.8291,9.2655,29427.5880,-2.8998,NA,NA,NA,NA,NA,NA,NA,NA,NA,NA
52.548,5.6008,8.7641,5.8265,9.2168,29427.5880,-2.8998,NA,NA,NA,NA,NA,NA,NA,NA,NA,NA
52.641,5.5950,8.6520,5.8265,9.2168,23944.4560,-20.9921,NA,NA,NA,NA,NA,NA,NA,NA,NA,NA
52.741,5.5897,8.5489,5.8228,9.1488,25706.2660,-15.1788,NA,NA,NA,NA,NA,NA,NA,NA,NA,NA
52.840,5.5872,8.5006,5.8200,9.0966,48395.8320,59.6885,NA,NA,NA,NA,NA,NA,NA,NA,NA,NA
52.987,5.5845,8.4476,5.8184,9.0667,51618.2200,70.3212,NA,NA,NA,NA,NA,NA,NA,NA,NA,NA
53.044,5.5821,8.4024,5.8193,9.0836,55978.7560,84.7093,NA,NA,NA,NA,NA,NA,NA,NA,NA,NA
53.140,5.5817,8.3943,5.8193,9.0836,55978.7560,84.7093,NA,NA,NA,NA,NA,NA,NA,NA,NA,NA
53.235,5.5825,8.4089,5.8152,9.0064,25760.2640,-15.0006,NA,NA,NA,NA,NA,NA,NA,NA,NA,NA
53.334,5.5825,8.4089,5.8139,8.9808,27384.5660,-9.6410,NA,NA,NA,NA,NA,NA,NA,NA,NA,NA
53.427,5.5779,8.3191,5.8106,8.9194,27384.5660,-9.6410,NA,NA,NA,NA,NA,NA,NA,NA,NA,NA
53.550,5.5777,8.3166,5.8079,8.8696,22161.2820,-26.8759,NA,NA,NA,NA,NA,NA,NA,NA,NA,NA
53.657,5.5794,8.3500,5.8076,8.8626,24157.3620,-20.2896,NA,NA,NA,NA,NA,NA,NA,NA,NA,NA
53.728,5.5794,8.3500,5.8062,8.8375,26027.8680,-14.1176,NA,NA,NA,NA,NA,NA,NA,NA,NA,NA
53.820,5.5740,8.2451,5.8040,8.7951,49397.3280,62.9930,NA,NA,NA,NA,NA,NA,NA,NA,NA,NA
53.928,5.5712,8.1891,5.8030,8.7772,52451.4720,73.0706,NA,NA,NA,NA,NA,NA,NA,NA,NA,NA
54.017,5.5681,8.1292,5.8008,8.7351,57190.6560,88.7082,NA,NA,NA,NA,NA,NA,NA,NA,NA,NA
54.122,5.5661,8.0916,5.7995,8.7120,57190.6560,88.7082,NA,NA,NA,NA,NA,NA,NA,NA,NA,NA
54.212,5.5665,8.0981,5.7985,8.6926,26302.6640,-13.2109,NA,NA,NA,NA,NA,NA,NA,NA,NA,NA
54.318,5.5665,8.0981,5.7953,8.6335,27968.3020,-7.7149,NA,NA,NA,NA,NA,NA,NA,NA,NA,NA
54.416,5.5719,8.2044,5.7919,8.5693,27968.3020,-7.7149,NA,NA,NA,NA,NA,NA,NA,NA,NA,NA
54.515,5.5719,8.2044,5.7880,8.4963,49127.3600,62.1022,NA,NA,NA,NA,NA,NA,NA,NA,NA,NA
54.615,5.5555,7.8852,5.7849,8.4371,51818.5520,70.9822,NA,NA,NA,NA,NA,NA,NA,NA,NA,NA
54.708,5.5549,7.8729,5.7813,8.3712,54474.7920,79.7468,NA,NA,NA,NA,NA,NA,NA,NA,NA,NA
54.836,5.5593,7.9581,5.7792,8.3302,54474.7920,79.7468,NA,NA,NA,NA,NA,NA,NA,NA,NA,NA
54.908,5.5593,7.9581,5.7756,8.2638,28188.5980,-6.9880,194085.9840,0.0000,NA,NA,NA,NA,NA,NA,NA,NA
55.011,5.5569,7.9125,5.7733,8.2213,55060.8360,81.6805,NA,NA,NA,NA,NA,NA,NA,NA,NA,NA
55.109,5.5540,7.8568,5.7718,8.1927,55060.8360,81.6805,NA,NA,NA,NA,NA,NA,NA,NA,NA,NA
55.201,5.5513,7.8039,5.7679,8.1195,27690.0380,-8.6330,179331.6160,0.0000,NA,NA,NA,NA,NA,NA,NA,NA
55.312,5.5503,7.7837,5.7663,8.0895,58114.5440,91.7566,NA,NA,NA,NA,NA,NA,NA,NA,NA,NA
55.452,5.5466,7.7120,5.7651,8.0663,58114.5440,91.7566,NA,NA,NA,NA,NA,NA,NA,NA,NA,NA
55.507,5.5408,7.5995,5.7642,8.0501,26034.4120,-14.0960,NA,NA,NA,NA,NA,NA,NA,NA,NA,NA
55.603,5.5408,7.5995,5.7601,7.9725,24416.8740,-19.4333,NA,NA,NA,NA,NA,NA,NA,NA,NA,NA
55.708,5.5375,7.5355,5.7596,7.9639,26199.5580,-13.5511,NA,NA,NA,NA,NA,NA,NA,NA,NA,NA
55.808,5.5301,7.3920,5.7542,7.8632,48199.5600,59.0408,NA,NA,NA,NA,NA,NA,NA,NA,NA,NA
55.900,5.5257,7.3057,5.7521,7.8221,52455.4200,73.0836,NA,NA,NA,NA,NA,NA,NA,NA,NA,NA
56.038,5.5230,7.2546,5.7470,7.7278,56538.4160,86.5560,NA,NA,NA,NA,NA,NA,NA,NA,NA,NA
56.113,5.5183,7.1628,5.7436,7.6634,56538.4160,86.5560,NA,NA,NA,NA,NA,NA,NA,NA,NA,NA
56.190,5.5183,7.1628,5.7416,7.6256,25744.3220,-15.0532,187721.8240,0.0000,NA,NA,NA,NA,NA,NA,NA,NA
56.291,5.5131,7.0615,5.7392,7.5804,50998.6240,68.2767,NA,NA,NA,NA,NA,NA,NA,NA,NA,NA
56.388,5.5114,7.0283,5.7387,7.5727,50998.6240,68.2767,NA,NA,NA,NA,NA,NA,NA,NA,NA,NA
56.490,5.5107,7.0154,5.7373,7.5457,27125.1900,-10.4968,183819.1040,0.0000,NA,NA,NA,NA,NA,NA,NA,NA
56.638,5.5098,6.9983,5.7373,7.5457,54930.9800,81.2521,NA,NA,NA,NA,NA,NA,NA,NA,NA,NA
56.692,5.5080,6.9623,5.7372,7.5438,NA,NA,NA,NA,NA,NA,NA,NA,NA,NA,NA,NA
56.785,5.5068,6.9387,5.7358,7.5172,NA,NA,NA,NA,NA,NA,NA,NA,NA,NA,NA,NA
56.895,5.5052,6.9079,5.7358,7.5172,31278.1300,3.2063,NA,NA,NA,NA,NA,NA,NA,NA,NA,NA
56.993,5.5044,6.8930,5.7295,7.3998,31991.1800,5.5591,NA,NA,NA,NA,NA,NA,NA,NA,NA,NA
57.092,5.5060,6.9239,5.7268,7.3485,31991.1800,5.5591,NA,NA,NA,NA,NA,NA,NA,NA,NA,NA
57.228,5.5060,6.9239,5.7268,7.3485,23408.5180,-22.7605,NA,NA,NA,NA,NA,NA,NA,NA,NA,NA
57.282,5.5076,6.9550,5.7225,7.2686,25021.5740,-17.4380,NA,NA,NA,NA,NA,NA,NA,NA,NA,NA
57.394,5.5076,6.9550,5.7214,7.2482,45933.9800,51.5653,NA,NA,NA,NA,NA,NA,NA,NA,NA,NA
57.487,5.5056,6.9163,5.7209,7.2380,49550.5040,63.4985,NA,NA,NA,NA,NA,NA,NA,NA,NA,NA
57.582,5.5036,6.8767,5.7204,7.2282,52872.1760,74.4588,NA,NA,NA,NA,NA,NA,NA,NA,NA,NA
57.672,5.5009,6.8253,5.7154,7.1355,52872.1760,74.4588,NA,NA,NA,NA,NA,NA,NA,NA,NA,NA
57.802,5.5009,6.8253,5.7140,7.1088,24672.4540,-18.5900,NA,NA,NA,NA,NA,NA,NA,NA,NA,NA
57.877,5.4995,6.7984,5.7093,7.0213,24672.4540,-18.5900,NA,NA,NA,NA,NA,NA,NA,NA,NA,NA
57.981,5.4976,6.7609,5.7057,6.9541,24878.4920,-17.9101,NA,NA,NA,NA,NA,NA,NA,NA,NA,NA
58.069,5.4951,6.7122,5.7034,6.9098,43458.8960,43.3984,NA,NA,NA,NA,NA,NA,NA,NA,NA,NA
58.177,5.4895,6.6035,5.7020,6.8843,46636.7520,53.8841,NA,NA,NA,NA,NA,NA,NA,NA,NA,NA
58.272,5.4875,6.5645,5.7009,6.8624,51833.2680,71.0307,NA,NA,NA,NA,NA,NA,NA,NA,NA,NA
58.367,5.4818,6.4540,5.6994,6.8361,51833.2680,71.0307,NA,NA,NA,NA,NA,NA,NA,NA,NA,NA
58.465,5.4818,6.4540,5.6977,6.8025,27341.8880,-9.7818,175350.8160,0.0000,NA,NA,NA,NA,NA,NA,NA,NA
58.569,5.4787,6.3931,5.6973,6.7959,57359.2480,89.2644,NA,NA,NA,NA,NA,NA,NA,NA,NA,NA
58.674,5.4745,6.3121,5.6940,6.7333,57359.2480,89.2644,NA,NA,NA,NA,NA,NA,NA,NA,NA,NA
58.765,5.4745,6.3121,5.6926,6.7070,26132.8280,-13.7713,NA,NA,NA,NA,NA,NA,NA,NA,NA,NA
58.856,5.4728,6.2793,5.6900,6.6587,28491.0320,-5.9901,NA,NA,NA,NA,NA,NA,NA,NA,NA,NA
59.008,5.4728,6.2793,5.6900,6.6587,30690.3580,1.2669,NA,NA,NA,NA,NA,NA,NA,NA,NA,NA
59.058,5.4739,6.2997,5.6868,6.5985,30690.3580,1.2669,NA,NA,NA,NA,NA,NA,NA,NA,NA,NA
59.160,5.4739,6.2997,5.6846,6.5578,22916.8500,-24.3828,NA,NA,NA,NA,NA,NA,NA,NA,NA,NA
59.249,5.4719,6.2620,5.6782,6.4386,24979.2700,-17.5776,NA,NA,NA,NA,NA,NA,NA,NA,NA,NA
59.345,5.4635,6.0977,5.6776,6.4266,45809.5440,51.1547,NA,NA,NA,NA,NA,NA,NA,NA,NA,NA
59.443,5.4588,6.0065,5.6742,6.3625,51847.2080,71.0767,NA,NA,NA,NA,NA,NA,NA,NA,NA,NA
59.549,5.4577,5.9854,5.6717,6.3158,58095.1360,91.6926,NA,NA,NA,NA,NA,NA,NA,NA,NA,NA
59.648,5.4578,5.9880,5.6692,6.2682,58095.1360,91.6926,NA,NA,NA,NA,NA,NA,NA,NA,NA,NA
59.749,5.4578,5.9880,5.6692,6.2682,26838.9580,-11.4413,NA,NA,NA,NA,NA,NA,NA,NA,NA,NA
59.845,5.4575,5.9817,5.6635,6.1616,26838.9580,-11.4413,NA,NA,NA,NA,NA,NA,NA,NA,NA,NA
59.954,5.4563,5.9594,5.6602,6.1001,26382.3500,-12.9479,NA,NA,NA,NA,NA,NA,NA,NA,NA,NA
60.043,5.4515,5.8648,5.6579,6.0568,48512.0800,60.0720,NA,NA,NA,NA,NA,NA,NA,NA,NA,NA
60.145,5.4473,5.7829,5.6570,6.0401,52663.0000,73.7686,NA,NA,NA,NA,NA,NA,NA,NA,NA,NA
60.236,5.4461,5.7597,5.6570,6.0401,57440.0440,89.5310,NA,NA,NA,NA,NA,NA,NA,NA,NA,NA
60.342,5.4432,5.7052,5.6557,6.0164,57440.0440,89.5310,NA,NA,NA,NA,NA,NA,NA,NA,NA,NA
60.432,5.4434,5.7081,5.6530,5.9663,26042.5680,-14.0691,NA,NA,NA,NA,NA,NA,NA,NA,NA,NA
60.531,5.4434,5.7081,5.6506,5.9199,28121.5240,-7.2093,NA,NA,NA,NA,NA,NA,NA,NA,NA,NA
60.628,5.4428,5.6958,5.6491,5.8930,28121.5240,-7.2093,NA,NA,NA,NA,NA,NA,NA,NA,NA,NA
60.735,5.4453,5.7443,5.6420,5.7601,22951.2460,-24.2693,NA,NA,NA,NA,NA,NA,NA,NA,NA,NA
60.878,5.4453,5.7443,5.6401,5.7240,24706.1500,-18.4788,NA,NA,NA,NA,NA,NA,NA,NA,NA,NA
60.928,5.4452,5.7435,5.6369,5.6645,46283.9120,52.7199,NA,NA,NA,NA,NA,NA,NA,NA,NA,NA
61.020,5.4440,5.7203,5.6359,5.6449,49479.5480,63.2643,NA,NA,NA,NA,NA,NA,NA,NA,NA,NA
61.127,5.4394,5.6300,5.6325,5.5806,53619.4880,76.9246,NA,NA,NA,NA,NA,NA,NA,NA,NA,NA
61.235,5.4379,5.6013,5.6310,5.5536,58473.8000,92.9421,NA,NA,NA,NA,NA,NA,NA,NA,NA,NA
61.323,5.4392,5.6269,5.6269,5.4757,58473.8000,92.9421,NA,NA,NA,NA,NA,NA,NA,NA,NA,NA
61.432,5.4394,5.6312,5.6245,5.4314,26733.3780,-11.7897,NA,NA,NA,NA,NA,NA,NA,NA,NA,NA
61.521,5.4419,5.6797,5.6230,5.4039,28780.0100,-5.0365,NA,NA,NA,NA,NA,NA,NA,NA,NA,NA
61.607,5.4419,5.6797,5.6180,5.3100,28780.0100,-5.0365,NA,NA,NA,NA,NA,NA,NA,NA,NA,NA
61.705,5.4388,5.6187,5.6137,5.2293,23391.8580,-22.8155,NA,NA,NA,NA,NA,NA,NA,NA,NA,NA
61.805,5.4388,5.6195,5.6126,5.2076,25206.5320,-16.8277,NA,NA,NA,NA,NA,NA,NA,NA,NA,NA
61.906,5.4388,5.6195,5.6093,5.1460,47420.5520,56.4704,NA,NA,NA,NA,NA,NA,NA,NA,NA,NA
62.005,5.4292,5.4329,5.6071,5.1058,50681.4120,67.2300,NA,NA,NA,NA,NA,NA,NA,NA,NA,NA
62.099,5.4245,5.3415,5.6055,5.0746,54632.0640,80.2657,NA,NA,NA,NA,NA,NA,NA,NA,NA,NA
62.206,5.4217,5.2862,5.6018,5.0057,54632.0640,80.2657,NA,NA,NA,NA,NA,NA,NA,NA,NA,NA
62.293,5.4181,5.2171,5.5994,4.9607,25377.5260,-16.2635,NA,NA,NA,NA,NA,NA,NA,NA,NA,NA
62.391,5.4110,5.0798,5.5945,4.8681,26938.6880,-11.1122,NA,NA,NA,NA,NA,NA,NA,NA,NA,NA
62.517,5.4122,5.1013,5.5922,4.8266,29444.6400,-2.8435,NA,NA,NA,NA,NA,NA,NA,NA,NA,NA
62.606,5.4122,5.1013,5.5893,4.7709,29444.6400,-2.8435,NA,NA,NA,NA,NA,NA,NA,NA,NA,NA
62.689,5.4131,5.1190,5.5870,4.7283,23752.0120,-21.6271,NA,NA,NA,NA,NA,NA,NA,NA,NA,NA
62.790,5.4131,5.1190,5.5856,4.7026,25637.3000,-15.4063,NA,NA,NA,NA,NA,NA,NA,NA,NA,NA
62.885,5.4111,5.0807,5.5825,4.6431,47958.2480,58.2446,NA,NA,NA,NA,NA,NA,NA,NA,NA,NA
62.980,5.4003,4.8707,5.5800,4.5975,51747.8160,70.7488,NA,NA,NA,NA,NA,NA,NA,NA,NA,NA
63.077,5.3960,4.7880,5.5782,4.5642,55715.0120,83.8391,NA,NA,NA,NA,NA,NA,NA,NA,NA,NA
63.207,5.3957,4.7824,5.5773,4.5458,55715.0120,83.8391,NA,NA,NA,NA,NA,NA,NA,NA,NA,NA
63.285,5.3946,4.7604,5.5756,4.5153,26103.2900,-13.8687,NA,NA,NA,NA,NA,NA,NA,NA,NA,NA
63.381,5.3942,4.7529,5.5738,4.4800,26103.2900,-13.8687,NA,NA,NA,NA,NA,NA,NA,NA,NA,NA
63.477,5.3934,4.7371,5.5713,4.4346,26311.9600,-13.1802,NA,NA,NA,NA,NA,NA,NA,NA,NA,NA
63.580,5.3884,4.6397,5.5713,4.4346,48248.7840,59.2033,NA,NA,NA,NA,NA,NA,NA,NA,NA,NA
63.672,5.3864,4.6011,5.5701,4.4108,51876.0160,71.1718,NA,NA,NA,NA,NA,NA,NA,NA,NA,NA
63.790,5.3876,4.6243,5.5721,4.4485,55053.9640,81.6579,NA,NA,NA,NA,NA,NA,NA,NA,NA,NA
63.870,5.4009,4.8834,5.6078,5.1186,55053.9640,81.6579,NA,NA,NA,NA,NA,NA,NA,NA,NA,NA
63.969,5.4311,5.4684,5.6442,5.8013,26473.3740,-12.6476,188662.4960,0.0000,NA,NA,NA,NA,NA,NA,NA,NA
64.075,5.4601,6.0316,5.6765,6.4060,51936.0160,71.3698,NA,NA,NA,NA,NA,NA,NA,NA,NA,NA
64.171,5.4997,6.8011,5.7189,7.2004,51936.0160,71.3698,NA,NA,NA,NA,NA,NA,NA,NA,NA,NA
64.266,5.5325,7.4380,5.7671,8.1037,27164.9040,-10.3658,177976.3680,0.0000,NA,NA,NA,NA,NA,NA,NA,NA
64.361,5.5762,8.2880,5.8120,8.9463,56374.0040,86.0135,NA,NA,NA,NA,NA,NA,NA,NA,NA,NA
64.471,5.6104,8.9519,5.8625,9.8921,NA,NA,NA,NA,NA,NA,NA,NA,NA,NA,NA,NA
64.563,5.6518,9.7561,5.8982,10.5622,NA,NA,NA,NA,NA,NA,NA,NA,NA,NA,NA,NA
64.662,5.6874,10.4473,5.9441,11.4228,30995.9920,2.2754,NA,NA,NA,NA,NA,NA,NA,NA,NA,NA
64.760,5.7261,11.1977,5.9858,12.2037,32038.8720,5.7165,194315.1520,0.0000,NA,NA,NA,NA,NA,NA,NA,NA
64.870,5.7478,11.6194,6.0135,12.7231,32038.8720,5.7165,194315.1520,0.0000,NA,NA,NA,NA,NA,NA,NA,NA
64.961,5.7624,11.9027,6.0475,13.3603,52955.0080,74.7321,NA,NA,NA,NA,NA,NA,NA,NA,NA,NA
65.126,5.7792,12.2300,6.0786,13.9425,56621.9920,86.8318,NA,NA,NA,NA,NA,NA,NA,NA,NA,NA
65.164,5.8023,12.6781,6.1141,14.6079,56621.9920,86.8318,NA,NA,NA,NA,NA,NA,NA,NA,NA,NA
65.263,5.8271,13.1586,6.1444,15.1764,25948.3460,-14.3800,NA,NA,NA,NA,NA,NA,NA,NA,NA,NA
65.362,5.8461,13.5292,6.1825,15.8900,24370.6780,-19.5857,NA,NA,NA,NA,NA,NA,NA,NA,NA,NA
65.461,5.8598,13.7948,6.1986,16.1932,26122.1560,-13.8065,NA,NA,NA,NA,NA,NA,NA,NA,NA,NA
65.557,5.8750,14.0897,6.2293,16.7675,48012.6560,58.4241,NA,NA,NA,NA,NA,NA,NA,NA,NA,NA
65.676,5.8835,14.2551,6.2470,17.1004,52209.7920,72.2731,NA,NA,NA,NA,NA,NA,NA,NA,NA,NA
65.750,5.8999,14.5729,6.2571,17.2894,56014.7880,84.8282,NA,NA,NA,NA,NA,NA,NA,NA,NA,NA
65.850,5.9089,14.7481,6.2677,17.4884,56014.7880,84.8282,NA,NA,NA,NA,NA,NA,NA,NA,NA,NA
65.952,5.9196,14.9560,6.2768,17.6579,25875.9220,-14.6190,190635.1840,0.0000,NA,NA,NA,NA,NA,NA,NA,NA
66.050,5.9312,15.1803,6.2886,17.8799,51019.4720,68.3455,NA,NA,NA,NA,NA,NA,NA,NA,NA,NA
66.157,5.9388,15.3277,6.2945,17.9900,51019.4720,68.3455,NA,NA,NA,NA,NA,NA,NA,NA,NA,NA
66.281,5.9599,15.7393,6.2989,18.0720,25799.6180,-14.8707,NA,NA,NA,NA,NA,NA,NA,NA,NA,NA
66.353,5.9721,15.9746,6.3030,18.1490,23392.0840,-22.8147,NA,NA,NA,NA,NA,NA,NA,NA,NA,NA
66.449,5.9769,16.0693,6.3099,18.2788,25395.8920,-16.2029,NA,NA,NA,NA,NA,NA,NA,NA,NA,NA
66.549,5.9852,16.2301,6.3141,18.3584,45387.1440,49.7609,NA,NA,NA,NA,NA,NA,NA,NA,NA,NA
66.642,5.9901,16.3246,6.3143,18.3618,51742.9880,70.7329,NA,NA,NA,NA,NA,NA,NA,NA,NA,NA
66.745,5.9990,16.4969,6.3143,18.3618,58209.2440,92.0691,NA,NA,NA,NA,NA,NA,NA,NA,NA,NA
66.848,6.0027,16.5703,6.3108,18.2962,58209.2440,92.0691,NA,NA,NA,NA,NA,NA,NA,NA,NA,NA
66.940,6.0067,16.6471,6.3077,18.2384,27585.2220,-8.9789,NA,NA,NA,NA,NA,NA,NA,NA,NA,NA
67.047,6.0083,16.6782,6.2980,18.0561,30294.3160,-0.0399,NA,NA,NA,NA,NA,NA,NA,NA,NA,NA
67.136,6.0083,16.6782,6.2755,17.6345,30294.3160,-0.0399,NA,NA,NA,NA,NA,NA,NA,NA,NA,NA
67.232,6.0078,16.6687,6.2568,17.2845,22252.6860,-26.5743,NA,NA,NA,NA,NA,NA,NA,NA,NA,NA
67.341,6.0029,16.5732,6.2329,16.8363,23578.3900,-22.2000,NA,NA,NA,NA,NA,NA,NA,NA,NA,NA
67.435,5.9927,16.3745,6.2196,16.5858,41031.6800,35.3895,NA,NA,NA,NA,NA,NA,NA,NA,NA,NA
67.525,5.9734,15.9999,6.2034,16.2827,45695.1920,50.7773,NA,NA,NA,NA,NA,NA,NA,NA,NA,NA
67.634,5.9667,15.8695,6.1936,16.0992,52133.3760,72.0210,NA,NA,NA,NA,NA,NA,NA,NA,NA,NA
67.730,5.9626,15.7905,6.1831,15.9021,58909.4640,94.3796,NA,NA,NA,NA,NA,NA,NA,NA,NA,NA
67.819,5.9616,15.7721,6.1760,15.7686,58909.4640,94.3796,NA,NA,NA,NA,NA,NA,NA,NA,NA,NA
67.928,5.9609,15.7586,6.1675,15.6095,28269.2280,-6.7219,194592.8320,0.0000,NA,NA,NA,NA,NA,NA,NA,NA
68.072,5.9609,15.7586,6.1616,15.4994,57387.0240,89.3561,NA,NA,NA,NA,NA,NA,NA,NA,NA,NA
68.121,5.9560,15.6626,6.1499,15.2791,57387.0240,89.3561,NA,NA,NA,NA,NA,NA,NA,NA,NA,NA
68.222,5.9438,15.4265,6.1427,15.1455,26659.4200,-12.0337,NA,NA,NA,NA,NA,NA,NA,NA,NA,NA
68.327,5.9413,15.3772,6.1329,14.9609,24912.3080,-17.7985,NA,NA,NA,NA,NA,NA,NA,NA,NA,NA
68.421,5.9370,15.2943,6.1263,14.8381,44839.1720,47.9528,NA,NA,NA,NA,NA,NA,NA,NA,NA,NA
68.514,5.9254,15.0676,6.1222,14.7610,49131.1560,62.1148,NA,NA,NA,NA,NA,NA,NA,NA,NA,NA
68.620,5.9193,14.9503,6.1183,14.6884,53218.3200,75.6009,NA,NA,NA,NA,NA,NA,NA,NA,NA,NA
68.721,5.9188,14.9400,6.1132,14.5915,56645.6560,86.9099,NA,NA,NA,NA,NA,NA,NA,NA,NA,NA
68.815,5.9194,14.9511,6.1026,14.3935,56645.6560,86.9099,NA,NA,NA,NA,NA,NA,NA,NA,NA,NA
68.915,5.9194,14.9511,6.0962,14.2739,26880.2420,-11.3051,195911.5680,0.0000,NA,NA,NA,NA,NA,NA,NA,NA
69.008,5.9102,14.7738,6.0883,14.1258,52770.9760,74.1248,NA,NA,NA,NA,NA,NA,NA,NA,NA,NA
69.121,5.9076,14.7228,6.0819,14.0055,52770.9760,74.1248,NA,NA,NA,NA,NA,NA,NA,NA,NA,NA
69.248,5.9008,14.5915,6.0751,13.8785,27972.8940,-7.6997,186761.7920,0.0000,NA,NA,NA,NA,NA,NA,NA,NA
69.306,5.8931,14.4403,6.0649,13.6866,57027.1120,88.1685,NA,NA,NA,NA,NA,NA,NA,NA,NA,NA
69.414,5.8867,14.3165,6.0555,13.5112,57027.1120,88.1685,NA,NA,NA,NA,NA,NA,NA,NA,NA,NA
69.511,5.8867,14.3165,6.0489,13.3862,25831.2640,-14.7663,NA,NA,NA,NA,NA,NA,NA,NA,NA,NA
69.604,5.8870,14.3219,6.0342,13.1107,24453.8720,-19.3112,NA,NA,NA,NA,NA,NA,NA,NA,NA,NA
69.703,5.8939,14.4563,6.0401,13.2225,26110.4180,-13.8452,NA,NA,NA,NA,NA,NA,NA,NA,NA,NA
69.854,5.9158,14.8829,6.0778,13.9280,49192.9040,62.3185,NA,NA,NA,NA,NA,NA,NA,NA,NA,NA
69.905,5.9648,15.8337,6.1391,15.0779,52533.8200,73.3423,NA,NA,NA,NA,NA,NA,NA,NA,NA,NA
69.997,6.0254,17.0096,6.1996,16.2106,57043.9920,88.2242,NA,NA,NA,NA,NA,NA,NA,NA,NA,NA
70.101,6.0812,18.0943,6.2413,16.9926,57043.9920,88.2242,NA,NA,NA,NA,NA,NA,NA,NA,NA,NA
70.194,6.1201,18.8492,6.3018,18.1270,26722.3880,-11.8259,NA,NA,NA,NA,NA,NA,NA,NA,NA,NA
70.287,6.1460,19.3523,6.3515,19.0579,28348.4700,-6.4605,NA,NA,NA,NA,NA,NA,NA,NA,NA,NA
70.390,6.1653,19.7267,6.3744,19.4876,28348.4700,-6.4605,NA,NA,NA,NA,NA,NA,NA,NA,NA,NA
70.484,6.1779,19.9710,6.3823,19.6370,22566.1040,-25.5401,NA,NA,NA,NA,NA,NA,NA,NA,NA,NA
70.587,6.1811,20.0346,6.3845,19.6782,24630.6100,-18.7280,NA,NA,NA,NA,NA,NA,NA,NA,NA,NA
70.686,6.1811,20.0346,6.3849,19.6844,45825.1040,51.2060,NA,NA,NA,NA,NA,NA,NA,NA,NA,NA
70.780,6.1749,19.9137,6.3849,19.6844,50308.8760,66.0008,NA,NA,NA,NA,NA,NA,NA,NA,NA,NA
70.881,6.1615,19.6533,6.3743,19.4856,54078.7200,78.4399,NA,NA,NA,NA,NA,NA,NA,NA,NA,NA
70.974,6.1521,19.4700,6.3610,19.2368,58266.1640,92.2569,NA,NA,NA,NA,NA,NA,NA,NA,NA,NA
71.099,6.1513,19.4559,6.3472,18.9780,58266.1640,92.2569,NA,NA,NA,NA,NA,NA,NA,NA,NA,NA
71.170,6.1479,19.3892,6.3323,18.6997,27452.7280,-9.4161,NA,NA,NA,NA,NA,NA,NA,NA,NA,NA
71.271,6.1388,19.2130,6.3233,18.5296,29039.8260,-4.1792,NA,NA,NA,NA,NA,NA,NA,NA,NA,NA
71.366,6.1373,19.1842,6.3146,18.3672,29039.8260,-4.1792,NA,NA,NA,NA,NA,NA,NA,NA,NA,NA
71.480,6.1336,19.1117,6.3089,18.2598,22854.5520,-24.5884,NA,NA,NA,NA,NA,NA,NA,NA,NA,NA
71.561,6.1272,18.9876,6.2988,18.0705,25002.9320,-17.4995,NA,NA,NA,NA,NA,NA,NA,NA,NA,NA
71.669,6.1234,18.9143,6.2904,17.9142,46312.9200,52.8156,NA,NA,NA,NA,NA,NA,NA,NA,NA,NA
71.777,6.1123,18.6969,6.2817,17.7499,51889.9600,71.2178,NA,NA,NA,NA,NA,NA,NA,NA,NA,NA
71.864,6.1012,18.4817,6.2685,17.5034,51889.9600,71.2178,NA,NA,NA,NA,NA,NA,NA,NA,NA,NA
71.966,6.0993,18.4453,6.2626,17.3928,32349.2240,6.7406,NA,NA,NA,NA,NA,NA,NA,NA,NA,NA
72.068,6.0968,18.3961,6.2491,17.1390,32349.2240,6.7406,NA,NA,NA,NA,NA,NA,NA,NA,NA,NA
72.196,6.0894,18.2530,6.2366,16.9042,24020.1380,-20.7424,NA,NA,NA,NA,NA,NA,NA,NA,NA,NA
72.254,6.0892,18.2485,6.2277,16.7383,25717.2900,-15.1424,NA,NA,NA,NA,NA,NA,NA,NA,NA,NA
72.358,6.0692,17.8616,6.2208,16.6096,47099.3400,55.4105,NA,NA,NA,NA,NA,NA,NA,NA,NA,NA
72.451,6.0671,17.8205,6.2117,16.4377,51373.3120,69.5131,NA,NA,NA,NA,NA,NA,NA,NA,NA,NA
72.555,6.0539,17.5639,6.1944,16.1131,55273.4160,82.3820,NA,NA,NA,NA,NA,NA,NA,NA,NA,NA
72.647,6.0406,17.3055,6.1853,15.9436,55273.4160,82.3820,NA,NA,NA,NA,NA,NA,NA,NA,NA,NA
72.818,6.0369,17.2340,6.1790,15.8258,24862.3720,-17.9633,186796.6080,0.0000,NA,NA,NA,NA,NA,NA,NA,NA
72.850,6.0272,17.0453,6.1710,15.6754,49352.6560,62.8456,NA,NA,NA,NA,NA,NA,NA,NA,NA,NA
72.946,6.0168,16.8429,6.1611,15.4892,49352.6560,62.8456,NA,NA,NA,NA,NA,NA,NA,NA,NA,NA
73.040,6.0059,16.6324,6.1549,15.3726,26491.3780,-12.5882,NA,NA,NA,NA,NA,NA,NA,NA,NA,NA
73.139,6.0010,16.5362,6.1494,15.2709,29505.6360,-2.6422,186041.8400,0.0000,NA,NA,NA,NA,NA,NA,NA,NA
73.242,5.9950,16.4204,6.1407,15.1066,60629.0640,100.0536,NA,NA,NA,NA,NA,NA,NA,NA,NA,NA
73.346,5.9893,16.3083,6.1330,14.9628,60629.0640,100.0536,NA,NA,NA,NA,NA,NA,NA,NA,NA,NA
73.476,5.9898,16.3185,6.1256,14.8244,27476.3940,-9.3380,NA,NA,NA,NA,NA,NA,NA,NA,NA,NA
73.547,5.9898,16.3185,6.1187,14.6953,25677.1420,-15.2749,NA,NA,NA,NA,NA,NA,NA,NA,NA,NA
73.639,5.9898,16.3182,6.1139,14.6057,47849.5120,57.8858,NA,NA,NA,NA,NA,NA,NA,NA,NA,NA
73.738,5.9801,16.1303,6.1047,14.4329,52166.7720,72.1312,NA,NA,NA,NA,NA,NA,NA,NA,NA,NA
73.838,5.9759,16.0489,6.0986,14.3180,55290.1680,82.4372,NA,NA,NA,NA,NA,NA,NA,NA,NA,NA
73.931,5.9678,15.8913,6.0935,14.2225,55290.1680,82.4372,NA,NA,NA,NA,NA,NA,NA,NA,NA,NA
74.047,5.9704,15.9427,6.0909,14.1746,25792.7880,-14.8933,NA,NA,NA,NA,NA,NA,NA,NA,NA,NA
74.144,5.9704,15.9427,6.0835,14.0361,27331.6460,-9.8156,NA,NA,NA,NA,NA,NA,NA,NA,NA,NA
74.233,5.9713,15.9594,6.0791,13.9536,29261.5280,-3.4477,NA,NA,NA,NA,NA,NA,NA,NA,NA,NA
74.325,5.9713,15.9594,6.0761,13.8971,29261.5280,-3.4477,NA,NA,NA,NA,NA,NA,NA,NA,NA,NA
74.425,5.9713,15.9588,6.0725,13.8298,23566.8280,-22.2381,NA,NA,NA,NA,NA,NA,NA,NA,NA,NA
74.524,5.9663,15.8626,6.0664,13.7143,25765.1640,-14.9844,NA,NA,NA,NA,NA,NA,NA,NA,NA,NA
74.628,5.9556,15.6551,6.0600,13.5955,48402.1600,59.7093,NA,NA,NA,NA,NA,NA,NA,NA,NA,NA
74.720,5.9402,15.3551,6.0557,13.5148,53657.4800,77.0500,NA,NA,NA,NA,NA,NA,NA,NA,NA,NA
74.820,5.9389,15.3298,6.0550,13.5010,57301.6280,89.0743,NA,NA,NA,NA,NA,NA,NA,NA,NA,NA
74.913,5.9304,15.1662,6.0516,13.4371,57301.6280,89.0743,NA,NA,NA,NA,NA,NA,NA,NA,NA,NA
75.010,5.9286,15.1301,6.0504,13.4145,26669.9300,-11.9990,NA,NA,NA,NA,NA,NA,NA,NA,NA,NA
75.117,5.9265,15.0891,6.0475,13.3603,28380.3580,-6.3552,NA,NA,NA,NA,NA,NA,NA,NA,NA,NA
75.208,5.9294,15.1457,6.0410,13.2394,28380.3580,-6.3552,NA,NA,NA,NA,NA,NA,NA,NA,NA,NA
75.318,5.9296,15.1490,6.0367,13.1574,21488.8000,-29.0949,NA,NA,NA,NA,NA,NA,NA,NA,NA,NA
75.405,5.9296,15.1490,6.0323,13.0759,23460.0360,-22.5905,NA,NA,NA,NA,NA,NA,NA,NA,NA,NA
75.502,5.9252,15.0648,6.0265,12.9668,26002.5180,-14.2012,NA,NA,NA,NA,NA,NA,NA,NA,NA,NA
75.598,5.9186,14.9366,6.0241,12.9208,48834.3120,61.1353,NA,NA,NA,NA,NA,NA,NA,NA,NA,NA
75.700,5.9146,14.8587,6.0147,12.7448,54656.5920,80.3467,NA,NA,NA,NA,NA,NA,NA,NA,NA,NA
75.820,5.9103,14.7756,6.0112,12.6799,59399.4400,95.9963,NA,NA,NA,NA,NA,NA,NA,NA,NA,NA
75.893,5.9103,14.7756,6.0101,12.6596,59399.4400,95.9963,NA,NA,NA,NA,NA,NA,NA,NA,NA,NA
76.000,5.9080,14.7296,6.0101,12.6596,27510.3480,-9.2260,NA,NA,NA,NA,NA,NA,NA,NA,NA,NA
76.087,5.9046,14.6654,6.0096,12.6505,29485.2280,-2.7096,NA,NA,NA,NA,NA,NA,NA,NA,NA,NA
76.197,5.9046,14.6654,6.0087,12.6337,29485.2280,-2.7096,NA,NA,NA,NA,NA,NA,NA,NA,NA,NA
76.292,5.9022,14.6178,6.0078,12.6154,49658.2000,63.8538,NA,NA,NA,NA,NA,NA,NA,NA,NA,NA
76.428,5.9000,14.5745,6.0064,12.5899,54103.5720,78.5219,NA,NA,NA,NA,NA,NA,NA,NA,NA,NA
76.488,5.8959,14.4953,6.0049,12.5622,58103.9080,91.7216,NA,NA,NA,NA,NA,NA,NA,NA,NA,NA
76.595,5.8883,14.3484,6.0008,12.4842,58103.9080,91.7216,NA,NA,NA,NA,NA,NA,NA,NA,NA,NA
76.683,5.8854,14.2917,5.9972,12.4173,26260.0540,-13.3515,190734.8000,0.0000,NA,NA,NA,NA,NA,NA,NA,NA
76.791,5.8834,14.2523,5.9950,12.3763,51846.4400,71.0742,NA,NA,NA,NA,NA,NA,NA,NA,NA,NA
76.889,5.8834,14.2523,5.9917,12.3149,51846.4400,71.0742,NA,NA,NA,NA,NA,NA,NA,NA,NA,NA
76.993,5.8827,14.2391,5.9911,12.3035,27763.0500,-8.3921,189080.1280,0.0000,NA,NA,NA,NA,NA,NA,NA,NA
77.078,5.8740,14.0711,5.9895,12.2732,55036.4880,81.6002,NA,NA,NA,NA,NA,NA,NA,NA,NA,NA
77.192,5.8697,13.9863,5.9876,12.2379,55036.4880,81.6002,NA,NA,NA,NA,NA,NA,NA,NA,NA,NA
77.284,5.8687,13.9664,5.9823,12.1389,26407.2520,-12.8658,NA,NA,NA,NA,NA,NA,NA,NA,NA,NA
77.389,5.8679,13.9510,5.9816,12.1243,24122.6140,-20.4042,NA,NA,NA,NA,NA,NA,NA,NA,NA,NA
77.486,5.8675,13.9436,5.9773,12.0439,26381.7080,-12.9501,NA,NA,NA,NA,NA,NA,NA,NA,NA,NA
77.576,5.8541,13.6829,5.9762,12.0237,49740.8640,64.1266,NA,NA,NA,NA,NA,NA,NA,NA,NA,NA
77.677,5.8469,13.5447,5.9725,11.9541,54870.4920,81.0525,NA,NA,NA,NA,NA,NA,NA,NA,NA,NA
77.775,5.8430,13.4683,5.9711,11.9283,58579.2360,93.2900,NA,NA,NA,NA,NA,NA,NA,NA,NA,NA
77.873,5.8422,13.4518,5.9689,11.8862,58579.2360,93.2900,NA,NA,NA,NA,NA,NA,NA,NA,NA,NA
77.968,5.8407,13.4240,5.9620,11.7576,27499.8180,-9.2607,NA,NA,NA,NA,NA,NA,NA,NA,NA,NA
78.071,5.8375,13.3622,5.9616,11.7495,29212.1440,-3.6107,NA,NA,NA,NA,NA,NA,NA,NA,NA,NA
78.169,5.8336,13.2847,5.9571,11.6664,29212.1440,-3.6107,NA,NA,NA,NA,NA,NA,NA,NA,NA,NA
78.266,5.8333,13.2804,5.9590,11.7009,21983.1600,-27.4636,NA,NA,NA,NA,NA,NA,NA,NA,NA,NA
78.365,5.8328,13.2693,5.9590,11.7009,24040.7000,-20.6745,NA,NA,NA,NA,NA,NA,NA,NA,NA,NA
78.461,5.8287,13.1913,5.9495,11.5242,44061.4400,45.3866,NA,NA,NA,NA,NA,NA,NA,NA,NA,NA
78.565,5.8260,13.1375,5.9378,11.3042,49812.9600,64.3645,NA,NA,NA,NA,NA,NA,NA,NA,NA,NA
78.660,5.8220,13.0612,5.9435,11.4113,55879.9880,84.3834,NA,NA,NA,NA,NA,NA,NA,NA,NA,NA
78.801,5.8163,12.9503,5.9435,11.4113,60784.7600,100.5674,NA,NA,NA,NA,NA,NA,NA,NA,NA,NA
78.857,5.8124,12.8738,5.9383,11.3129,60784.7600,100.5674,NA,NA,NA,NA,NA,NA,NA,NA,NA,NA
78.955,5.8134,12.8940,5.9378,11.3033,28363.0640,-6.4123,NA,NA,NA,NA,NA,NA,NA,NA,NA,NA
79.051,5.8147,12.9177,5.9378,11.3033,30318.9500,0.0414,NA,NA,NA,NA,NA,NA,NA,NA,NA,NA
79.154,5.8167,12.9565,5.9358,11.2658,30318.9500,0.0414,NA,NA,NA,NA,NA,NA,NA,NA,NA,NA
79.244,5.8167,12.9565,5.9330,11.2144,22316.1920,-26.3648,NA,NA,NA,NA,NA,NA,NA,NA,NA,NA
79.339,5.8133,12.8910,5.9300,11.1577,24289.2520,-19.8544,NA,NA,NA,NA,NA,NA,NA,NA,NA,NA
79.442,5.8127,12.8790,5.9264,11.0907,43804.8200,44.5398,NA,NA,NA,NA,NA,NA,NA,NA,NA,NA
79.546,5.8046,12.7233,5.9227,11.0218,50012.6840,65.0235,NA,NA,NA,NA,NA,NA,NA,NA,NA,NA
79.651,5.7971,12.5761,5.9217,11.0021,50012.6840,65.0235,NA,NA,NA,NA,NA,NA,NA,NA,NA,NA
79.740,5.7913,12.4645,5.9182,10.9366,30234.6440,-0.2368,NA,NA,NA,NA,NA,NA,NA,NA,NA,NA
79.842,5.7952,12.5403,5.9156,10.8876,30234.6440,-0.2368,NA,NA,NA,NA,NA,NA,NA,NA,NA,NA
79.943,5.7952,12.5403,5.9109,10.8001,24131.1660,-20.3760,NA,NA,NA,NA,NA,NA,NA,NA,NA,NA
80.082,5.7898,12.4355,5.9083,10.7516,25714.5120,-15.1516,NA,NA,NA,NA,NA,NA,NA,NA,NA,NA
80.137,5.7858,12.3565,5.9083,10.7516,48680.8960,60.6291,NA,NA,NA,NA,NA,NA,NA,NA,NA,NA
80.231,5.7797,12.2384,5.9025,10.6428,51821.0320,70.9904,NA,NA,NA,NA,NA,NA,NA,NA,NA,NA
80.330,5.7763,12.1726,5.8991,10.5787,56330.1400,85.8688,NA,NA,NA,NA,NA,NA,NA,NA,NA,NA
80.442,5.7718,12.0864,5.8955,10.5103,56330.1400,85.8688,NA,NA,NA,NA,NA,NA,NA,NA,NA,NA
80.526,5.7691,12.0341,5.8939,10.4803,25796.5340,-14.8809,NA,NA,NA,NA,NA,NA,NA,NA,NA,NA
80.676,5.7651,11.9561,5.8896,10.4011,27321.3480,-9.8496,NA,NA,NA,NA,NA,NA,NA,NA,NA,NA
80.726,5.7651,11.9561,5.8816,10.2502,27321.3480,-9.8496,NA,NA,NA,NA,NA,NA,NA,NA,NA,NA
80.822,5.7646,11.9448,5.8811,10.2417,22166.9700,-26.8571,NA,NA,NA,NA,NA,NA,NA,NA,NA,NA
80.915,5.7627,11.9093,5.8811,10.2417,24278.5800,-19.8896,NA,NA,NA,NA,NA,NA,NA,NA,NA,NA
81.016,5.7588,11.8328,5.8763,10.1509,26311.4340,-13.1819,NA,NA,NA,NA,NA,NA,NA,NA,NA,NA
81.120,5.7553,11.7650,5.8801,10.2221,50244.4000,65.7881,NA,NA,NA,NA,NA,NA,NA,NA,NA,NA
81.219,5.7485,11.6331,5.8801,10.2221,53678.5760,77.1196,NA,NA,NA,NA,NA,NA,NA,NA,NA,NA
81.329,5.7445,11.5553,5.8803,10.2269,57272.4480,88.9780,NA,NA,NA,NA,NA,NA,NA,NA,NA,NA
81.416,5.7433,11.5324,5.8803,10.2269,57272.4480,88.9780,NA,NA,NA,NA,NA,NA,NA,NA,NA,NA
81.506,5.7408,11.4827,5.8772,10.1685,26698.8940,-11.9035,NA,NA,NA,NA,NA,NA,NA,NA,NA,NA
81.602,5.7394,11.4570,5.8719,10.0679,28074.9960,-7.3628,NA,NA,NA,NA,NA,NA,NA,NA,NA,NA
81.711,5.7416,11.4991,5.8719,10.0679,28074.9960,-7.3628,NA,NA,NA,NA,NA,NA,NA,NA,NA,NA
81.801,5.7419,11.5049,5.8671,9.9790,22353.5620,-26.2415,NA,NA,NA,NA,NA,NA,NA,NA,NA,NA
81.898,5.7419,11.5049,5.8655,9.9493,24628.9920,-18.7334,NA,NA,NA,NA,NA,NA,NA,NA,NA,NA
81.997,5.7388,11.4455,5.8579,9.8067,45974.9520,51.7005,NA,NA,NA,NA,NA,NA,NA,NA,NA,NA
82.097,5.7353,11.3774,5.8603,9.8519,51322.9520,69.3469,NA,NA,NA,NA,NA,NA,NA,NA,NA,NA
82.194,5.7313,11.2988,5.8621,9.8845,55576.0320,83.3805,NA,NA,NA,NA,NA,NA,NA,NA,NA,NA
82.294,5.7290,11.2535,5.8644,9.9276,58629.0160,93.4542,NA,NA,NA,NA,NA,NA,NA,NA,NA,NA
82.449,5.7280,11.2356,5.8644,9.9276,58629.0160,93.4542,NA,NA,NA,NA,NA,NA,NA,NA,NA,NA
82.481,5.7279,11.2330,5.8599,9.8438,27651.5360,-8.7601,NA,NA,NA,NA,NA,NA,NA,NA,NA,NA
82.590,5.7249,11.1742,5.8545,9.7421,29093.7100,-4.0014,NA,NA,NA,NA,NA,NA,NA,NA,NA,NA
82.682,5.7249,11.1742,5.8539,9.7304,29093.7100,-4.0014,NA,NA,NA,NA,NA,NA,NA,NA,NA,NA
82.782,5.7191,11.0619,5.8519,9.6936,22649.4560,-25.2651,NA,NA,NA,NA,NA,NA,NA,NA,NA,NA
82.876,5.7191,11.0619,5.8464,9.5900,24955.0940,-17.6574,NA,NA,NA,NA,NA,NA,NA,NA,NA,NA
83.054,5.7162,11.0054,5.8421,9.5109,46310.6960,52.8083,NA,NA,NA,NA,NA,NA,NA,NA,NA,NA
83.082,5.7117,10.9178,5.8404,9.4777,52165.8920,72.1283,NA,NA,NA,NA,NA,NA,NA,NA,NA,NA
83.186,5.7021,10.7319,5.8392,9.4549,52165.8920,72.1283,NA,NA,NA,NA,NA,NA,NA,NA,NA,NA
83.291,5.7065,10.8179,5.8392,9.4549,31897.4560,5.2499,NA,NA,NA,NA,NA,NA,NA,NA,NA,NA
83.376,5.7065,10.8179,5.8384,9.4404,31897.4560,5.2499,NA,NA,NA,NA,NA,NA,NA,NA,NA,NA
83.475,5.7056,10.7996,5.8371,9.4171,24057.0960,-20.6204,NA,NA,NA,NA,NA,NA,NA,NA,NA,NA
83.629,5.7042,10.7718,5.8371,9.4171,25735.7840,-15.0814,NA,NA,NA,NA,NA,NA,NA,NA,NA,NA
83.671,5.7029,10.7470,5.8356,9.3889,47063.4680,55.2922,NA,NA,NA,NA,NA,NA,NA,NA,NA,NA
83.772,5.6883,10.4630,5.8356,9.3889,51362.5200,69.4774,NA,NA,NA,NA,NA,NA,NA,NA,NA,NA
83.876,5.6808,10.3185,5.8327,9.3347,55674.0320,83.7039,NA,NA,NA,NA,NA,NA,NA,NA,NA,NA
83.959,5.6762,10.2296,5.8325,9.3308,55674.0320,83.7039,NA,NA,NA,NA,NA,NA,NA,NA,NA,NA
84.067,5.6724,10.1550,5.8273,9.2325,24948.8900,-17.6778,186720.6240,0.0000,NA,NA,NA,NA,NA,NA,NA,NA
84.159,5.6707,10.1227,5.8227,9.1456,50037.6960,65.1060,NA,NA,NA,NA,NA,NA,NA,NA,NA,NA
84.274,5.6660,10.0312,5.8203,9.1016,50037.6960,65.1060,NA,NA,NA,NA,NA,NA,NA,NA,NA,NA
84.363,5.6645,10.0014,5.8200,9.0960,26192.8860,-13.5731,NA,NA,NA,NA,NA,NA,NA,NA,NA,NA
84.454,5.6645,10.0014,5.8184,9.0650,29412.4360,-2.9498,187715.4240,0.0000,NA,NA,NA,NA,NA,NA,NA,NA
84.570,5.6601,9.9156,5.8181,9.0610,29412.4360,-2.9498,NA,NA,NA,NA,NA,NA,NA,NA,NA,NA
84.658,5.6624,9.9609,5.8168,9.0350,29350.6200,-3.1537,NA,NA,NA,NA,NA,NA,NA,NA,NA,NA
84.811,5.6624,9.9609,5.8161,9.0235,23014.5020,-24.0606,NA,NA,NA,NA,NA,NA,NA,NA,NA,NA
84.857,5.6548,9.8127,5.8161,9.0235,25319.1400,-16.4561,NA,NA,NA,NA,NA,NA,NA,NA,NA,NA
84.952,5.6548,9.8127,5.8162,9.0250,47835.6640,57.8401,NA,NA,NA,NA,NA,NA,NA,NA,NA,NA
85.052,5.6444,9.6118,5.8162,9.0250,53531.6880,76.6349,NA,NA,NA,NA,NA,NA,NA,NA,NA,NA
85.151,5.6383,9.4925,5.8134,8.9730,57013.6080,88.1240,NA,NA,NA,NA,NA,NA,NA,NA,NA,NA
85.257,5.6312,9.3556,5.8117,8.9404,57013.6080,88.1240,NA,NA,NA,NA,NA,NA,NA,NA,NA,NA
85.349,5.6301,9.3332,5.8098,8.9055,25832.9600,-14.7607,NA,NA,NA,NA,NA,NA,NA,NA,NA,NA
85.501,5.6307,9.3452,5.8091,8.8920,27460.1340,-9.3916,NA,NA,NA,NA,NA,NA,NA,NA,NA,NA
85.554,5.6317,9.3647,5.8091,8.8908,29241.6560,-3.5133,NA,NA,NA,NA,NA,NA,NA,NA,NA,NA
85.649,5.6317,9.3647,5.8087,8.8842,29241.6560,-3.5133,NA,NA,NA,NA,NA,NA,NA,NA,NA,NA
85.739,5.6308,9.3479,5.8084,8.8788,23318.9780,-23.0559,NA,NA,NA,NA,NA,NA,NA,NA,NA,NA
85.839,5.6282,9.2963,5.8022,8.7617,25815.3640,-14.8188,NA,NA,NA,NA,NA,NA,NA,NA,NA,NA
85.935,5.6201,9.1405,5.7982,8.6864,48919.5360,61.4165,NA,NA,NA,NA,NA,NA,NA,NA,NA,NA
86.030,5.6091,8.9269,5.7969,8.6621,54674.8480,80.4069,NA,NA,NA,NA,NA,NA,NA,NA,NA,NA
86.126,5.6073,8.8910,5.7969,8.6621,58922.0800,94.4212,NA,NA,NA,NA,NA,NA,NA,NA,NA,NA
86.225,5.6104,8.9521,5.7963,8.6517,58922.0800,94.4212,NA,NA,NA,NA,NA,NA,NA,NA,NA,NA
86.329,5.6104,8.9521,5.7946,8.6204,26609.3080,-12.1991,NA,NA,NA,NA,NA,NA,NA,NA,NA,NA
86.424,5.6092,8.9282,5.7940,8.6078,28531.0000,-5.8582,NA,NA,NA,NA,NA,NA,NA,NA,NA,NA
86.531,5.6080,8.9053,5.7937,8.6034,28531.0000,-5.8582,NA,NA,NA,NA,NA,NA,NA,NA,NA,NA
86.662,5.6088,8.9194,5.7893,8.5201,21308.7260,-29.6890,NA,NA,NA,NA,NA,NA,NA,NA,NA,NA
86.715,5.6088,8.9194,5.7882,8.4989,23369.4500,-22.8894,NA,NA,NA,NA,NA,NA,NA,NA,NA,NA
86.828,5.6082,8.9080,5.7858,8.4539,26073.8500,-13.9659,NA,NA,NA,NA,NA,NA,NA,NA,NA,NA
86.928,5.5999,8.7479,5.7835,8.4111,49241.4880,62.4788,NA,NA,NA,NA,NA,NA,NA,NA,NA,NA
87.019,5.5966,8.6834,5.7817,8.3786,49241.4880,62.4788,NA,NA,NA,NA,NA,NA,NA,NA,NA,NA
87.118,5.5906,8.5662,5.7811,8.3675,28749.9840,-5.1356,195443.1520,0.0000,NA,NA,NA,NA,NA,NA,NA,NA
87.220,5.5885,8.5259,5.7811,8.3675,28749.9840,-5.1356,195443.1520,0.0000,NA,NA,NA,NA,NA,NA,NA,NA
87.321,5.5873,8.5026,5.7730,8.2139,47447.8240,56.5604,NA,NA,NA,NA,NA,NA,NA,NA,NA,NA
87.411,5.5850,8.4575,5.7643,8.0523,55018.9280,81.5423,NA,NA,NA,NA,NA,NA,NA,NA,NA,NA
87.510,5.5818,8.3956,5.7616,8.0003,55018.9280,81.5423,NA,NA,NA,NA,NA,NA,NA,NA,NA,NA
87.611,5.5810,8.3794,5.7613,7.9946,26103.5000,-13.8680,NA,NA,NA,NA,NA,NA,NA,NA,NA,NA
87.705,5.5770,8.3031,5.7613,7.9946,28442.4100,-6.1505,NA,NA,NA,NA,NA,NA,NA,NA,NA,NA
87.850,5.5779,8.3204,5.7603,7.9760,31572.9200,4.1790,NA,NA,NA,NA,NA,NA,NA,NA,NA,NA
87.913,5.5793,8.3478,5.7596,7.9639,31572.9200,4.1790,NA,NA,NA,NA,NA,NA,NA,NA,NA,NA
88.010,5.5793,8.3478,5.7579,7.9319,55401.8760,82.8058,NA,NA,NA,NA,NA,NA,NA,NA,NA,NA
88.114,5.5722,8.2094,5.7576,7.9267,57906.4040,91.0699,NA,NA,NA,NA,NA,NA,NA,NA,NA,NA
88.203,5.5708,8.1827,5.7563,7.9016,57906.4040,91.0699,NA,NA,NA,NA,NA,NA,NA,NA,NA,NA
88.311,5.5708,8.1827,5.7555,7.8866,26503.5500,-12.5480,NA,NA,NA,NA,NA,NA,NA,NA,NA,NA
88.460,5.5651,8.0718,5.7533,7.8456,27956.3980,-7.7542,NA,NA,NA,NA,NA,NA,NA,NA,NA,NA
88.499,5.5651,8.0718,5.7514,7.8094,27956.3980,-7.7542,NA,NA,NA,NA,NA,NA,NA,NA,NA,NA
88.598,5.5604,7.9810,5.7460,7.7086,21625.5280,-28.6437,NA,NA,NA,NA,NA,NA,NA,NA,NA,NA
88.699,5.5593,7.9592,5.7425,7.6425,23880.2520,-21.2039,NA,NA,NA,NA,NA,NA,NA,NA,NA,NA
88.793,5.5588,7.9488,5.7384,7.5664,26493.8020,-12.5802,NA,NA,NA,NA,NA,NA,NA,NA,NA,NA
88.893,5.5539,7.8537,5.7385,7.5680,50620.7520,67.0299,NA,NA,NA,NA,NA,NA,NA,NA,NA,NA
89.029,5.5465,7.7103,5.7400,7.5961,56249.7640,85.6036,NA,NA,NA,NA,NA,NA,NA,NA,NA,NA
89.090,5.5459,7.6995,5.7400,7.5961,59860.3840,97.5173,NA,NA,NA,NA,NA,NA,NA,NA,NA,NA
89.196,5.5459,7.6995,5.7381,7.5613,59860.3840,97.5173,NA,NA,NA,NA,NA,NA,NA,NA,NA,NA
89.288,5.5456,7.6927,5.7353,7.5077,27291.0100,-9.9497,NA,NA,NA,NA,NA,NA,NA,NA,NA,NA
89.398,5.5427,7.6372,5.7344,7.4917,29097.8500,-3.9878,NA,NA,NA,NA,NA,NA,NA,NA,NA,NA
89.485,5.5410,7.6029,5.7308,7.4241,29097.8500,-3.9878,NA,NA,NA,NA,NA,NA,NA,NA,NA,NA
89.577,5.5407,7.5980,5.7259,7.3323,21888.6700,-27.7754,NA,NA,NA,NA,NA,NA,NA,NA,NA,NA
89.675,5.5415,7.6137,5.7239,7.2941,24060.3400,-20.6097,NA,NA,NA,NA,NA,NA,NA,NA,NA,NA
89.775,5.5415,7.6137,5.7215,7.2502,44394.1640,46.4844,NA,NA,NA,NA,NA,NA,NA,NA,NA,NA
89.869,5.5375,7.5346,5.7195,7.2116,50838.9320,67.7498,NA,NA,NA,NA,NA,NA,NA,NA,NA,NA
89.968,5.5300,7.3901,5.7188,7.1995,57225.6320,88.8236,NA,NA,NA,NA,NA,NA,NA,NA,NA,NA
90.077,5.5203,7.2015,5.7190,7.2030,61829.4720,104.0145,NA,NA,NA,NA,NA,NA,NA,NA,NA,NA
90.170,5.5218,7.2300,5.7190,7.2030,61829.4720,104.0145,NA,NA,NA,NA,NA,NA,NA,NA,NA,NA
90.296,5.5218,7.2300,5.7188,7.1981,28192.7460,-6.9743,NA,NA,NA,NA,NA,NA,NA,NA,NA,NA
90.364,5.5262,7.3157,5.7171,7.1675,30022.6160,-0.9364,NA,NA,NA,NA,NA,NA,NA,NA,NA,NA
90.456,5.5274,7.3399,5.7139,7.1062,30022.6160,-0.9364,NA,NA,NA,NA,NA,NA,NA,NA,NA,NA
90.555,5.5274,7.3399,5.7131,7.0911,22206.9500,-26.7252,NA,NA,NA,NA,NA,NA,NA,NA,NA,NA
90.668,5.5266,7.3238,5.7108,7.0492,24372.2900,-19.5804,NA,NA,NA,NA,NA,NA,NA,NA,NA,NA
90.757,5.5265,7.3228,5.7077,6.9899,44097.5200,45.5056,NA,NA,NA,NA,NA,NA,NA,NA,NA,NA
90.904,5.5245,7.2834,5.7070,6.9779,51300.2440,69.2720,NA,NA,NA,NA,NA,NA,NA,NA,NA,NA
90.958,5.5240,7.2739,5.7034,6.9099,51300.2440,69.2720,NA,NA,NA,NA,NA,NA,NA,NA,NA,NA
91.053,5.5254,7.3005,5.7015,6.8739,30301.3460,-0.0167,NA,NA,NA,NA,NA,NA,NA,NA,NA,NA
91.157,5.5266,7.3233,5.6946,6.7450,30301.3460,-0.0167,NA,NA,NA,NA,NA,NA,NA,NA,NA,NA
91.250,5.5271,7.3345,5.6930,6.7158,24398.0860,-19.4953,NA,NA,NA,NA,NA,NA,NA,NA,NA,NA
91.348,5.5271,7.3345,5.6930,6.7158,25943.6700,-14.3954,NA,NA,NA,NA,NA,NA,NA,NA,NA,NA
91.471,5.5189,7.1741,5.6889,6.6377,49330.8800,62.7738,NA,NA,NA,NA,NA,NA,NA,NA,NA,NA
91.545,5.5151,7.1014,5.6883,6.6266,51736.2080,70.7105,NA,NA,NA,NA,NA,NA,NA,NA,NA,NA
91.645,5.5132,7.0630,5.6883,6.6266,55773.9480,84.0335,NA,NA,NA,NA,NA,NA,NA,NA,NA,NA
91.746,5.5055,6.9133,5.6867,6.5966,55773.9480,84.0335,NA,NA,NA,NA,NA,NA,NA,NA,NA,NA
91.837,5.5049,6.9028,5.6866,6.5949,25507.9900,-15.8330,NA,NA,NA,NA,NA,NA,NA,NA,NA,NA
92.017,5.5034,6.8735,5.6849,6.5634,26934.9900,-11.1244,NA,NA,NA,NA,NA,NA,NA,NA,NA,NA
92.044,5.5049,6.9027,5.6837,6.5416,26934.9900,-11.1244,NA,NA,NA,NA,NA,NA,NA,NA,NA,NA
92.134,5.5049,6.9027,5.6832,6.5322,22229.9780,-26.6492,NA,NA,NA,NA,NA,NA,NA,NA,NA,NA
92.230,5.5041,6.8863,5.6840,6.5470,24504.5860,-19.1439,NA,NA,NA,NA,NA,NA,NA,NA,NA,NA
92.330,5.5017,6.8402,5.6840,6.5470,26470.1880,-12.6581,NA,NA,NA,NA,NA,NA,NA,NA,NA,NA
92.431,5.4937,6.6847,5.6840,6.5468,50879.8800,67.8849,NA,NA,NA,NA,NA,NA,NA,NA,NA,NA
92.526,5.4871,6.5566,5.6851,6.5664,53785.2600,77.4716,NA,NA,NA,NA,NA,NA,NA,NA,NA,NA
92.622,5.4863,6.5417,5.6851,6.5664,57325.5920,89.1534,NA,NA,NA,NA,NA,NA,NA,NA,NA,NA
92.726,5.4804,6.4270,5.6826,6.5211,57325.5920,89.1534,NA,NA,NA,NA,NA,NA,NA,NA,NA,NA
92.829,5.4804,6.4275,5.6812,6.4938,26541.4740,-12.4229,NA,NA,NA,NA,NA,NA,NA,NA,NA,NA
92.917,5.4811,6.4398,5.6758,6.3935,27852.9880,-8.0954,NA,NA,NA,NA,NA,NA,NA,NA,NA,NA
93.014,5.4819,6.4561,5.6726,6.3321,27852.9880,-8.0954,NA,NA,NA,NA,NA,NA,NA,NA,NA,NA
93.116,5.4842,6.5000,5.6708,6.2998,22450.7540,-25.9208,NA,NA,NA,NA,NA,NA,NA,NA,NA,NA
93.237,5.4842,6.5000,5.6711,6.3042,24727.4940,-18.4084,NA,NA,NA,NA,NA,NA,NA,NA,NA,NA
93.308,5.4835,6.4870,5.6711,6.3042,46451.8880,53.2742,NA,NA,NA,NA,NA,NA,NA,NA,NA,NA
93.416,5.4752,6.3255,5.6683,6.2513,51746.6240,70.7448,NA,NA,NA,NA,NA,NA,NA,NA,NA,NA
93.509,5.4734,6.2903,5.6677,6.2412,55560.8240,83.3303,NA,NA,NA,NA,NA,NA,NA,NA,NA,NA
93.604,5.4741,6.3051,5.6676,6.2394,58394.5280,92.6805,NA,NA,NA,NA,NA,NA,NA,NA,NA,NA
93.703,5.4741,6.3051,5.6669,6.2266,58394.5280,92.6805,NA,NA,NA,NA,NA,NA,NA,NA,NA,NA
93.837,5.4736,6.2942,5.6650,6.1906,27548.7120,-9.0994,NA,NA,NA,NA,NA,NA,NA,NA,NA,NA
93.901,5.4725,6.2731,5.6586,6.0699,28966.7500,-4.4204,NA,NA,NA,NA,NA,NA,NA,NA,NA,NA
93.997,5.4714,6.2509,5.6577,6.0535,28966.7500,-4.4204,NA,NA,NA,NA,NA,NA,NA,NA,NA,NA
94.098,5.4720,6.2626,5.6577,6.0535,22692.1540,-25.1242,NA,NA,NA,NA,NA,NA,NA,NA,NA,NA
94.191,5.4720,6.2626,5.6519,5.9444,24976.7200,-17.5860,NA,NA,NA,NA,NA,NA,NA,NA,NA,NA
94.294,5.4712,6.2487,5.6484,5.8798,46397.4280,53.0945,NA,NA,NA,NA,NA,NA,NA,NA,NA,NA
94.457,5.4621,6.0708,5.6469,5.8510,46397.4280,53.0945,NA,NA,NA,NA,NA,NA,NA,NA,NA,NA
94.509,5.4590,6.0115,5.6469,5.8510,27428.8980,-9.4947,192145.6800,0.0000,NA,NA,NA,NA,NA,NA,NA,NA
94.598,5.4531,5.8971,5.6466,5.8447,52748.9120,74.0520,NA,NA,NA,NA,NA,NA,NA,NA,NA,NA
94.689,5.4445,5.7298,5.6429,5.7762,52748.9120,74.0520,NA,NA,NA,NA,NA,NA,NA,NA,NA,NA
94.789,5.4434,5.7087,5.6429,5.7762,29159.4580,-3.7845,187241.5040,0.0000,NA,NA,NA,NA,NA,NA,NA,NA
94.888,5.4424,5.6897,5.6381,5.6854,59341.3920,95.8048,NA,NA,NA,NA,NA,NA,NA,NA,NA,NA
94.992,5.4483,5.8025,5.6324,5.5788,59341.3920,95.8048,NA,NA,NA,NA,NA,NA,NA,NA,NA,NA
95.093,5.4492,5.8205,5.6289,5.5129,26711.5620,-11.8617,NA,NA,NA,NA,NA,NA,NA,NA,NA,NA
95.190,5.4507,5.8507,5.6274,5.4854,25172.7280,-16.9392,NA,NA,NA,NA,NA,NA,NA,NA,NA,NA
95.291,5.4507,5.8507,5.6239,5.4199,46529.0880,53.5289,NA,NA,NA,NA,NA,NA,NA,NA,NA,NA
95.391,5.4473,5.7832,5.6217,5.3791,50942.5680,68.0918,NA,NA,NA,NA,NA,NA,NA,NA,NA,NA
95.482,5.4451,5.7403,5.6184,5.3163,54216.9040,78.8959,NA,NA,NA,NA,NA,NA,NA,NA,NA,NA
95.583,5.4435,5.7093,5.6156,5.2644,58327.4880,92.4593,NA,NA,NA,NA,NA,NA,NA,NA,NA,NA
95.690,5.4407,5.6553,5.6159,5.2698,58327.4880,92.4593,NA,NA,NA,NA,NA,NA,NA,NA,NA,NA
95.795,5.4640,6.1088,5.6405,5.7317,27517.1920,-9.2034,NA,NA,NA,NA,NA,NA,NA,NA,NA,NA
95.873,5.5040,6.8854,5.6724,6.3283,29103.6800,-3.9685,NA,NA,NA,NA,NA,NA,NA,NA,NA,NA
95.972,5.5391,7.5668,5.7172,7.1698,29103.6800,-3.9685,NA,NA,NA,NA,NA,NA,NA,NA,NA,NA
96.074,5.5940,8.6335,5.7756,8.2635,23042.6300,-23.9678,NA,NA,NA,NA,NA,NA,NA,NA,NA,NA
96.173,5.6431,9.5870,5.8211,9.1165,25279.2780,-16.5877,NA,NA,NA,NA,NA,NA,NA,NA,NA,NA
96.272,5.6666,10.0429,5.8640,9.9206,47287.1520,56.0302,NA,NA,NA,NA,NA,NA,NA,NA,NA,NA
96.372,5.6781,10.2654,5.8982,10.5610,52184.1320,72.1885,NA,NA,NA,NA,NA,NA,NA,NA,NA,NA
96.463,5.7117,10.9178,5.9367,11.2838,56182.5800,85.3819,NA,NA,NA,NA,NA,NA,NA,NA,NA,NA
96.561,5.7272,11.2194,5.9811,12.1161,56182.5800,85.3819,NA,NA,NA,NA,NA,NA,NA,NA,NA,NA
96.660,5.7463,11.5896,6.0321,13.0716,25904.6160,-14.5243,NA,NA,NA,NA,NA,NA,NA,NA,NA,NA
96.813,5.7567,11.7929,6.0634,13.6589,27801.4300,-8.2655,NA,NA,NA,NA,NA,NA,NA,NA,NA,NA
96.854,5.7863,12.3675,6.0932,14.2174,29844.0820,-1.5255,NA,NA,NA,NA,NA,NA,NA,NA,NA,NA
96.962,5.8012,12.6561,6.1115,14.5591,29844.0820,-1.5255,NA,NA,NA,NA,NA,NA,NA,NA,NA,NA
97.072,5.8229,13.0779,6.1445,15.1782,23313.0640,-23.0755,NA,NA,NA,NA,NA,NA,NA,NA,NA,NA
97.149,5.8347,13.3068,6.1739,15.7296,25576.6620,-15.6064,NA,NA,NA,NA,NA,NA,NA,NA,NA,NA
97.248,5.8507,13.6180,6.2002,16.2218,47753.0080,57.5674,NA,NA,NA,NA,NA,NA,NA,NA,NA,NA
97.342,5.8663,13.9216,6.2320,16.8195,53039.0800,75.0095,NA,NA,NA,NA,NA,NA,NA,NA,NA,NA
97.451,5.8909,14.3980,6.2526,17.2049,57697.8400,90.3817,NA,NA,NA,NA,NA,NA,NA,NA,NA,NA
97.545,5.8985,14.5469,6.2600,17.3432,57697.8400,90.3817,NA,NA,NA,NA,NA,NA,NA,NA,NA,NA
97.656,5.9046,14.6654,6.2600,17.3432,26712.3400,-11.8591,NA,NA,NA,NA,NA,NA,NA,NA,NA,NA
97.746,5.9062,14.6951,6.2516,17.1854,26712.3400,-11.8591,NA,NA,NA,NA,NA,NA,NA,NA,NA,NA
97.841,5.9062,14.6951,6.2379,16.9300,26413.4820,-12.8452,NA,NA,NA,NA,NA,NA,NA,NA,NA,NA
97.947,5.8959,14.4949,6.2260,16.7054,47928.6320,58.1469,NA,NA,NA,NA,NA,NA,NA,NA,NA,NA
98.049,5.8858,14.2984,6.2192,16.5780,52227.3960,72.3312,NA,NA,NA,NA,NA,NA,NA,NA,NA,NA
98.146,5.8704,13.9995,6.2142,16.4850,56577.1600,86.6838,NA,NA,NA,NA,NA,NA,NA,NA,NA,NA
98.234,5.8622,13.8413,6.1973,16.1685,56577.1600,86.6838,NA,NA,NA,NA,NA,NA,NA,NA,NA,NA
98.349,5.8439,13.4855,6.1872,15.9793,25864.1640,-14.6578,188063.3920,0.0000,NA,NA,NA,NA,NA,NA,NA,NA
98.429,5.8346,13.3053,6.1814,15.8704,51597.8600,70.2540,NA,NA,NA,NA,NA,NA,NA,NA,NA,NA
98.534,5.8191,13.0043,6.1639,15.5423,51597.8600,70.2540,NA,NA,NA,NA,NA,NA,NA,NA,NA,NA
98.686,5.8149,12.9231,6.1548,15.3713,27066.7080,-10.6898,187749.1680,0.0000,NA,NA,NA,NA,NA,NA,NA,NA
98.729,5.8131,12.8871,6.1462,15.2109,53773.2760,77.4321,NA,NA,NA,NA,NA,NA,NA,NA,NA,NA
98.834,5.8099,12.8253,6.1312,14.9301,53773.2760,77.4321,NA,NA,NA,NA,NA,NA,NA,NA,NA,NA
98.932,5.8106,12.8389,6.1235,14.7846,26047.6660,-14.0523,NA,NA,NA,NA,NA,NA,NA,NA,NA,NA
99.026,5.8106,12.8389,6.1177,14.6770,26047.6660,-14.0523,NA,NA,NA,NA,NA,NA,NA,NA,NA,NA
99.134,5.8070,12.7688,6.1060,14.4566,26013.6880,-14.1644,NA,NA,NA,NA,NA,NA,NA,NA,NA,NA
99.224,5.8022,12.6750,6.0981,14.3081,48372.1240,59.6102,NA,NA,NA,NA,NA,NA,NA,NA,NA,NA
99.329,5.7996,12.6248,6.0880,14.1192,53573.7360,76.7736,NA,NA,NA,NA,NA,NA,NA,NA,NA,NA
99.430,5.7973,12.5808,6.0815,13.9980,57629.8840,90.1574,NA,NA,NA,NA,NA,NA,NA,NA,NA,NA
99.521,5.7934,12.5043,6.0767,13.9069,57629.8840,90.1574,NA,NA,NA,NA,NA,NA,NA,NA,NA,NA
99.636,5.7927,12.4924,6.0706,13.7939,26622.0460,-12.1570,NA,NA,NA,NA,NA,NA,NA,NA,NA,NA
99.723,5.7854,12.3500,6.0609,13.6121,28590.5540,-5.6617,NA,NA,NA,NA,NA,NA,NA,NA,NA,NA
99.849,5.7828,12.2986,6.0516,13.4376,28590.5540,-5.6617,NA,NA,NA,NA,NA,NA,NA,NA,NA,NA
99.909,5.7815,12.2731,6.0412,13.2413,21650.8420,-28.5602,NA,NA,NA,NA,NA,NA,NA,NA,NA,NA
100.010,5.7797,12.2396,6.0332,13.0920,23569.1040,-22.2306,NA,NA,NA,NA,NA,NA,NA,NA,NA,NA
100.113,5.7845,12.3321,6.0411,13.2397,26035.4120,-14.0927,NA,NA,NA,NA,NA,NA,NA,NA,NA,NA
100.204,5.8123,12.8715,6.0608,13.6088,48766.8280,60.9126,NA,NA,NA,NA,NA,NA,NA,NA,NA,NA
100.306,5.8627,13.8516,6.0951,14.2531,54296.8960,79.1598,NA,NA,NA,NA,NA,NA,NA,NA,NA,NA
100.405,5.9105,14.7796,6.1249,14.8108,59188.2800,95.2996,NA,NA,NA,NA,NA,NA,NA,NA,NA,NA
100.499,5.9554,15.6513,6.1508,15.2973,59188.2800,95.2996,NA,NA,NA,NA,NA,NA,NA,NA,NA,NA
100.607,5.9768,16.0660,6.1694,15.6462,27453.0080,-9.4152,NA,NA,NA,NA,NA,NA,NA,NA,NA,NA
100.690,5.9953,16.4256,6.1846,15.9310,29556.6020,-2.4741,NA,NA,NA,NA,NA,NA,NA,NA,NA,NA
100.795,6.0098,16.7065,6.1936,16.0985,29556.6020,-2.4741,NA,NA,NA,NA,NA,NA,NA,NA,NA,NA
100.910,6.0215,16.9349,6.1968,16.1596,22017.0120,-27.3519,NA,NA,NA,NA,NA,NA,NA,NA,NA,NA
101.006,6.0261,17.0234,6.1968,16.1596,23898.6960,-21.1431,NA,NA,NA,NA,NA,NA,NA,NA,NA,NA
101.089,6.0261,17.0234,6.1938,16.1028,42967.7120,41.7777,NA,NA,NA,NA,NA,NA,NA,NA,NA,NA
101.185,6.0246,16.9940,6.1910,16.0509,48934.9920,61.4675,NA,NA,NA,NA,NA,NA,NA,NA,NA,NA
101.289,6.0115,16.7402,6.1887,16.0071,55107.9920,81.8361,NA,NA,NA,NA,NA,NA,NA,NA,NA,NA
101.382,6.0037,16.5892,6.1774,15.7946,60981.7680,101.2174,NA,NA,NA,NA,NA,NA,NA,NA,NA,NA
101.477,6.0022,16.5590,6.1707,15.6690,60981.7680,101.2174,NA,NA,NA,NA,NA,NA,NA,NA,NA,NA
101.577,5.9981,16.4805,6.1586,15.4420,28200.5080,-6.9487,NA,NA,NA,NA,NA,NA,NA,NA,NA,NA
101.690,5.9875,16.2738,6.1510,15.3002,30520.1720,0.7054,NA,NA,NA,NA,NA,NA,NA,NA,NA,NA
101.778,5.9839,16.2036,6.1459,15.2047,30520.1720,0.7054,NA,NA,NA,NA,NA,NA,NA,NA,NA,NA
101.870,5.9749,16.0299,6.1316,14.9364,22407.1300,-26.0647,NA,NA,NA,NA,NA,NA,NA,NA,NA,NA
101.967,5.9711,15.9554,6.1228,14.7713,24035.6160,-20.6913,NA,NA,NA,NA,NA,NA,NA,NA,NA,NA
102.072,5.9615,15.7702,6.1074,14.4838,42612.9600,40.6071,NA,NA,NA,NA,NA,NA,NA,NA,NA,NA
102.208,5.9511,15.5665,6.0938,14.2290,48695.0040,60.6756,NA,NA,NA,NA,NA,NA,NA,NA,NA,NA
102.270,5.9447,15.4441,6.0732,13.8413,48695.0040,60.6756,NA,NA,NA,NA,NA,NA,NA,NA,NA,NA
102.371,5.9333,15.2217,6.0618,13.6286,30042.4520,-0.8709,NA,NA,NA,NA,NA,NA,NA,NA,NA,NA
102.467,5.9281,15.1210,6.0484,13.3769,30042.4520,-0.8709,NA,NA,NA,NA,NA,NA,NA,NA,NA,NA
102.567,5.9183,14.9307,6.0409,13.2372,23977.6300,-20.8826,NA,NA,NA,NA,NA,NA,NA,NA,NA,NA
102.671,5.9098,14.7657,6.0302,13.0355,25824.0600,-14.7901,NA,NA,NA,NA,NA,NA,NA,NA,NA,NA
102.758,5.8836,14.2561,6.0199,12.8422,48771.2720,60.9273,NA,NA,NA,NA,NA,NA,NA,NA,NA,NA
102.868,5.8710,14.0110,6.0139,12.7299,52375.8440,72.8210,NA,NA,NA,NA,NA,NA,NA,NA,NA,NA
102.953,5.8637,13.8695,6.0071,12.6030,56172.2000,85.3476,NA,NA,NA,NA,NA,NA,NA,NA,NA,NA
103.054,5.8609,13.8154,5.9992,12.4548,56172.2000,85.3476,NA,NA,NA,NA,NA,NA,NA,NA,NA,NA
103.150,5.8500,13.6044,5.9940,12.3566,26290.4840,-13.2511,NA,NA,NA,NA,NA,NA,NA,NA,NA,NA
103.249,5.8476,13.5575,5.9926,12.3313,27799.7480,-8.2710,NA,NA,NA,NA,NA,NA,NA,NA,NA,NA
103.352,5.8369,13.3498,5.9836,12.1628,27799.7480,-8.2710,NA,NA,NA,NA,NA,NA,NA,NA,NA,NA
103.472,5.8351,13.3149,5.9755,12.0104,21857.0200,-27.8799,NA,NA,NA,NA,NA,NA,NA,NA,NA,NA
103.547,5.8320,13.2546,5.9711,11.9275,23977.1100,-20.8843,NA,NA,NA,NA,NA,NA,NA,NA,NA,NA
103.645,5.8298,13.2109,5.9685,11.8789,26267.4160,-13.3272,NA,NA,NA,NA,NA,NA,NA,NA,NA,NA
103.738,5.8103,12.8322,5.9622,11.7615,49765.0240,64.2063,NA,NA,NA,NA,NA,NA,NA,NA,NA,NA
103.837,5.8015,12.6631,5.9595,11.7114,53998.0000,78.1736,NA,NA,NA,NA,NA,NA,NA,NA,NA,NA
103.937,5.7971,12.5763,5.9560,11.6445,57349.6280,89.2327,NA,NA,NA,NA,NA,NA,NA,NA,NA,NA
104.032,5.7966,12.5672,5.9535,11.5980,57349.6280,89.2327,NA,NA,NA,NA,NA,NA,NA,NA,NA,NA
104.136,5.7923,12.4837,5.9502,11.5373,27116.3880,-10.5259,NA,NA,NA,NA,NA,NA,NA,NA,NA,NA
104.232,5.7923,12.4837,5.9472,11.4795,28812.3440,-4.9298,NA,NA,NA,NA,NA,NA,NA,NA,NA,NA
104.330,5.7906,12.4504,5.9451,11.4404,28812.3440,-4.9298,NA,NA,NA,NA,NA,NA,NA,NA,NA,NA
104.431,5.7906,12.4504,5.9375,11.2980,22230.4260,-26.6478,NA,NA,NA,NA,NA,NA,NA,NA,NA,NA
104.524,5.7933,12.5033,5.9343,11.2384,24308.6300,-19.7905,NA,NA,NA,NA,NA,NA,NA,NA,NA,NA
104.625,5.7933,12.5033,5.9343,11.2384,44734.7880,47.6084,NA,NA,NA,NA,NA,NA,NA,NA,NA,NA
104.751,5.7799,12.2427,5.9336,11.2243,50171.7000,65.5482,NA,NA,NA,NA,NA,NA,NA,NA,NA,NA
104.819,5.7702,12.0542,5.9315,11.1864,55338.7200,82.5974,NA,NA,NA,NA,NA,NA,NA,NA,NA,NA
104.916,5.7676,12.0043,5.9302,11.1617,59238.1000,95.4640,NA,NA,NA,NA,NA,NA,NA,NA,NA,NA
105.030,5.7647,11.9481,5.9259,11.0808,59238.1000,95.4640,NA,NA,NA,NA,NA,NA,NA,NA,NA,NA
105.125,5.7573,11.8039,5.9234,11.0336,27510.5360,-9.2253,NA,NA,NA,NA,NA,NA,NA,NA,NA,NA
105.221,5.7560,11.7784,5.9206,10.9816,25481.0400,-15.9219,NA,NA,NA,NA,NA,NA,NA,NA,NA,NA
105.315,5.7560,11.7784,5.9187,10.9450,46043.4000,51.9263,NA,NA,NA,NA,NA,NA,NA,NA,NA,NA
105.420,5.7507,11.6754,5.9170,10.9147,50226.9720,65.7306,NA,NA,NA,NA,NA,NA,NA,NA,NA,NA
105.512,5.7498,11.6592,5.9137,10.8521,54750.0840,80.6552,NA,NA,NA,NA,NA,NA,NA,NA,NA,NA
105.612,5.7463,11.5905,5.9114,10.8089,54750.0840,80.6552,NA,NA,NA,NA,NA,NA,NA,NA,NA,NA
105.716,5.7463,11.5905,5.9098,10.7797,24578.3100,-18.9006,NA,NA,NA,NA,NA,NA,NA,NA,NA,NA
105.809,5.7445,11.5557,5.9055,10.6988,26780.4980,-11.6342,194601.6160,0.0000,NA,NA,NA,NA,NA,NA,NA,NA
105.909,5.7426,11.5185,5.9013,10.6194,53200.9560,75.5436,NA,NA,NA,NA,NA,NA,NA,NA,NA,NA
106.032,5.7425,11.5164,5.8986,10.5700,53200.9560,75.5436,NA,NA,NA,NA,NA,NA,NA,NA,NA,NA
106.106,5.7425,11.5164,5.8965,10.5295,28774.3920,-5.0551,191009.8400,0.0000,NA,NA,NA,NA,NA,NA,NA,NA
106.206,5.7402,11.4717,5.8909,10.4254,57822.7000,90.7937,NA,NA,NA,NA,NA,NA,NA,NA,NA,NA
106.308,5.7387,11.4418,5.8872,10.3559,57822.7000,90.7937,NA,NA,NA,NA,NA,NA,NA,NA,NA,NA
106.410,5.7337,11.3462,5.8853,10.3204,26861.7560,-11.3661,NA,NA,NA,NA,NA,NA,NA,NA,NA,NA
106.505,5.7335,11.3416,5.8791,10.2045,24868.2100,-17.9440,NA,NA,NA,NA,NA,NA,NA,NA,NA,NA
106.602,5.7301,11.2756,5.8774,10.1719,45620.5840,50.5312,NA,NA,NA,NA,NA,NA,NA,NA,NA,NA
106.708,5.7235,11.1485,5.8689,10.0120,50780.5880,67.5573,NA,NA,NA,NA,NA,NA,NA,NA,NA,NA
106.800,5.7117,10.9186,5.8689,10.0120,55268.0000,82.3641,NA,NA,NA,NA,NA,NA,NA,NA,NA,NA
106.892,5.7025,10.7403,5.8655,9.9484,58704.9640,93.7048,NA,NA,NA,NA,NA,NA,NA,NA,NA,NA
107.046,5.6974,10.6411,5.8615,9.8738,58704.9640,93.7048,NA,NA,NA,NA,NA,NA,NA,NA,NA,NA
107.094,5.6971,10.6352,5.8566,9.7814,27864.5280,-8.0573,NA,NA,NA,NA,NA,NA,NA,NA,NA,NA
107.191,5.6898,10.4926,5.8539,9.7307,29518.8040,-2.5988,NA,NA,NA,NA,NA,NA,NA,NA,NA,NA
107.286,5.6891,10.4788,5.8515,9.6871,29518.8040,-2.5988,NA,NA,NA,NA,NA,NA,NA,NA,NA,NA
107.384,5.6867,10.4335,5.8486,9.6320,22743.6580,-24.9543,NA,NA,NA,NA,NA,NA,NA,NA,NA,NA
107.481,5.6825,10.3507,5.8476,9.6141,24885.0980,-17.8883,NA,NA,NA,NA,NA,NA,NA,NA,NA,NA
107.584,5.6719,10.1458,5.8428,9.5235,46034.0400,51.8954,NA,NA,NA,NA,NA,NA,NA,NA,NA,NA
107.685,5.6615,9.9436,5.8402,9.4735,51516.8800,69.9868,NA,NA,NA,NA,NA,NA,NA,NA,NA,NA
107.774,5.6553,9.8236,5.8359,9.3930,56555.2800,86.6116,NA,NA,NA,NA,NA,NA,NA,NA,NA,NA
107.878,5.6468,9.6583,5.8352,9.3810,56555.2800,86.6116,NA,NA,NA,NA,NA,NA,NA,NA,NA,NA
107.969,5.6396,9.5185,5.8345,9.3671,26084.2140,-13.9317,NA,NA,NA,NA,NA,NA,NA,NA,NA,NA
108.078,5.6368,9.4647,5.8332,9.3431,28282.4320,-6.6784,NA,NA,NA,NA,NA,NA,NA,NA,NA,NA
108.168,5.6269,9.2713,5.8306,9.2942,30423.5300,0.3865,NA,NA,NA,NA,NA,NA,NA,NA,NA,NA
108.271,5.6242,9.2192,5.8280,9.2456,30423.5300,0.3865,NA,NA,NA,NA,NA,NA,NA,NA,NA,NA
108.366,5.6193,9.1247,5.8261,9.2100,23053.5380,-23.9318,NA,NA,NA,NA,NA,NA,NA,NA,NA,NA
108.461,5.6174,9.0879,5.8261,9.2100,25167.3160,-16.9571,NA,NA,NA,NA,NA,NA,NA,NA,NA,NA
108.557,5.6115,8.9721,5.8188,9.0736,46313.2800,52.8168,NA,NA,NA,NA,NA,NA,NA,NA,NA,NA
108.663,5.6049,8.8435,5.8170,9.0405,52006.8800,71.6036,NA,NA,NA,NA,NA,NA,NA,NA,NA,NA
108.813,5.6027,8.8012,5.8165,9.0296,58031.0480,91.4811,NA,NA,NA,NA,NA,NA,NA,NA,NA,NA
108.865,5.5982,8.7144,5.8164,9.0288,58031.0480,91.4811,NA,NA,NA,NA,NA,NA,NA,NA,NA,NA
108.959,5.5943,8.6390,5.8159,9.0198,26768.4840,-11.6738,NA,NA,NA,NA,NA,NA,NA,NA,NA,NA
109.060,5.5903,8.5609,5.8167,9.0340,26768.4840,-11.6738,NA,NA,NA,NA,NA,NA,NA,NA,NA,NA
109.161,5.5879,8.5152,5.8167,9.0340,26383.3380,-12.9447,NA,NA,NA,NA,NA,NA,NA,NA,NA,NA
109.256,5.5809,8.3791,5.8157,9.0156,48701.0400,60.6955,NA,NA,NA,NA,NA,NA,NA,NA,NA,NA
109.362,5.5778,8.3186,5.8108,8.9240,52480.0080,73.1647,NA,NA,NA,NA,NA,NA,NA,NA,NA,NA
109.458,5.5772,8.3067,5.8089,8.8871,57107.4320,88.4335,NA,NA,NA,NA,NA,NA,NA,NA,NA,NA
109.567,5.5759,8.2803,5.8063,8.8395,57107.4320,88.4335,NA,NA,NA,NA,NA,NA,NA,NA,NA,NA
109.651,5.5733,8.2304,5.8060,8.8338,26072.7960,-13.9694,NA,NA,NA,NA,NA,NA,NA,NA,NA,NA
109.743,5.5732,8.2293,5.7995,8.7120,28097.2800,-7.2893,NA,NA,NA,NA,NA,NA,NA,NA,NA,NA
109.844,5.5749,8.2623,5.7988,8.6980,28097.2800,-7.2893,NA,NA,NA,NA,NA,NA,NA,NA,NA,NA
110.007,5.5773,8.3089,5.7947,8.6217,22916.4720,-24.3841,NA,NA,NA,NA,NA,NA,NA,NA,NA,NA
110.039,5.5773,8.3089,5.7910,8.5519,24833.5460,-18.0584,NA,NA,NA,NA,NA,NA,NA,NA,NA,NA
110.140,5.5764,8.2917,5.7861,8.4599,46737.6120,54.2170,NA,NA,NA,NA,NA,NA,NA,NA,NA,NA
110.233,5.5678,8.1242,5.7870,8.4770,50588.2800,66.9227,NA,NA,NA,NA,NA,NA,NA,NA,NA,NA
110.334,5.5644,8.0577,5.7870,8.4770,53608.8640,76.8896,NA,NA,NA,NA,NA,NA,NA,NA,NA,NA
110.438,5.5625,8.0213,5.7838,8.4167,58412.7600,92.7406,NA,NA,NA,NA,NA,NA,NA,NA,NA,NA
110.535,5.5613,7.9975,5.7809,8.3626,58412.7600,92.7406,NA,NA,NA,NA,NA,NA,NA,NA,NA,NA
110.659,5.5598,7.9677,5.7783,8.3148,26980.5420,-10.9741,NA,NA,NA,NA,NA,NA,NA,NA,NA,NA
110.730,5.5593,7.9596,5.7773,8.2950,28746.5140,-5.1471,NA,NA,NA,NA,NA,NA,NA,NA,NA,NA
110.820,5.5588,7.9494,5.7762,8.2750,28746.5140,-5.1471,NA,NA,NA,NA,NA,NA,NA,NA,NA,NA
110.924,5.5588,7.9494,5.7716,8.1890,23217.2320,-23.3917,NA,NA,NA,NA,NA,NA,NA,NA,NA,NA
111.019,5.5613,7.9984,5.7686,8.1327,25325.3240,-16.4357,NA,NA,NA,NA,NA,NA,NA,NA,NA,NA
111.118,5.5613,7.9984,5.7671,8.1036,47599.9320,57.0623,NA,NA,NA,NA,NA,NA,NA,NA,NA,NA
111.220,5.5474,7.7281,5.7637,8.0406,51992.2520,71.5553,NA,NA,NA,NA,NA,NA,NA,NA,NA,NA
111.310,5.5419,7.6203,5.7627,8.0219,55175.2560,82.0581,NA,NA,NA,NA,NA,NA,NA,NA,NA,NA
111.411,5.5394,7.5716,5.7613,7.9952,55175.2560,82.0581,NA,NA,NA,NA,NA,NA,NA,NA,NA,NA
111.514,5.5366,7.5171,5.7562,7.9002,25641.3720,-15.3929,NA,NA,NA,NA,NA,NA,NA,NA,NA,NA
111.607,5.5349,7.4845,5.7536,7.8521,27178.3140,-10.3215,NA,NA,NA,NA,NA,NA,NA,NA,NA,NA
111.710,5.5368,7.5224,5.7471,7.7296,29322.3040,-3.2472,NA,NA,NA,NA,NA,NA,NA,NA,NA,NA
111.822,5.5368,7.5224,5.7434,7.6606,29322.3040,-3.2472,NA,NA,NA,NA,NA,NA,NA,NA,NA,NA
111.901,5.5326,7.4412,5.7419,7.6325,23556.6780,-22.2716,NA,NA,NA,NA,NA,NA,NA,NA,NA,NA
112.003,5.5304,7.3980,5.7407,7.6098,25719.1760,-15.1362,NA,NA,NA,NA,NA,NA,NA,NA,NA,NA
112.093,5.5200,7.1958,5.7407,7.6098,48074.6120,58.6286,NA,NA,NA,NA,NA,NA,NA,NA,NA,NA
112.192,5.5111,7.0223,5.7352,7.5057,53174.7600,75.4572,NA,NA,NA,NA,NA,NA,NA,NA,NA,NA
112.290,5.5083,6.9678,5.7352,7.5057,57184.3240,88.6873,NA,NA,NA,NA,NA,NA,NA,NA,NA,NA
112.491,5.5044,6.8936,5.7326,7.4570,57184.3240,88.6873,NA,NA,NA,NA,NA,NA,NA,NA,NA,NA
112.496,5.5029,6.8634,5.7300,7.4078,26021.6400,-14.1381,NA,NA,NA,NA,NA,NA,NA,NA,NA,NA
112.600,5.4995,6.7979,5.7300,7.4078,24463.2980,-19.2801,NA,NA,NA,NA,NA,NA,NA,NA,NA,NA
112.697,5.4977,6.7621,5.7257,7.3276,26214.8500,-13.5006,NA,NA,NA,NA,NA,NA,NA,NA,NA,NA
112.790,5.4937,6.6840,5.7229,7.2766,48052.4160,58.5553,NA,NA,NA,NA,NA,NA,NA,NA,NA,NA
112.887,5.4900,6.6138,5.7208,7.2356,52428.2600,72.9940,NA,NA,NA,NA,NA,NA,NA,NA,NA,NA
113.043,5.4837,6.4905,5.7187,7.1970,56421.2360,86.1694,NA,NA,NA,NA,NA,NA,NA,NA,NA,NA
113.080,5.4801,6.4204,5.7177,7.1790,56421.2360,86.1694,NA,NA,NA,NA,NA,NA,NA,NA,NA,NA
113.187,5.4799,6.4165,5.7139,7.1064,25823.4960,-14.7919,190385.9200,0.0000,NA,NA,NA,NA,NA,NA,NA,NA
113.288,5.4742,6.3067,5.7140,7.1086,51099.6880,68.6102,NA,NA,NA,NA,NA,NA,NA,NA,NA,NA
113.379,5.4715,6.2541,5.7140,7.1086,51099.6880,68.6102,NA,NA,NA,NA,NA,NA,NA,NA,NA,NA
113.482,5.4629,6.0867,5.7096,7.0256,27154.3340,-10.4007,186300.8640,0.0000,NA,NA,NA,NA,NA,NA,NA,NA
113.575,5.4594,6.0198,5.7079,6.9950,54670.6240,80.3930,NA,NA,NA,NA,NA,NA,NA,NA,NA,NA
113.712,5.4556,5.9447,5.7081,6.9981,NA,NA,NA,NA,NA,NA,NA,NA,NA,NA,NA,NA
113.782,5.4545,5.9239,5.7087,7.0088,NA,NA,NA,NA,NA,NA,NA,NA,NA,NA,NA,NA
113.878,5.4511,5.8577,5.7087,7.0088,31263.2400,3.1572,NA,NA,NA,NA,NA,NA,NA,NA,NA,NA
113.990,5.4497,5.8299,5.7061,6.9606,31810.6500,4.9635,NA,NA,NA,NA,NA,NA,NA,NA,NA,NA
114.073,5.4492,5.8208,5.7061,6.9606,31810.6500,4.9635,NA,NA,NA,NA,NA,NA,NA,NA,NA,NA
114.242,5.4492,5.8208,5.6990,6.8275,23411.1160,-22.7519,NA,NA,NA,NA,NA,NA,NA,NA,NA,NA
114.276,5.4481,5.7994,5.6960,6.7720,25105.3720,-17.1615,NA,NA,NA,NA,NA,NA,NA,NA,NA,NA
114.369,5.4471,5.7809,5.6941,6.7365,45832.6000,51.2307,NA,NA,NA,NA,NA,NA,NA,NA,NA,NA
114.467,5.4410,5.6623,5.6923,6.7029,49919.5840,64.7163,NA,NA,NA,NA,NA,NA,NA,NA,NA,NA
114.569,5.4354,5.5532,5.6923,6.7029,53686.1320,77.1445,NA,NA,NA,NA,NA,NA,NA,NA,NA,NA
114.661,5.4364,5.5722,5.6901,6.6617,53686.1320,77.1445,NA,NA,NA,NA,NA,NA,NA,NA,NA,NA
114.759,5.4364,5.5722,5.6877,6.6159,24296.7920,-19.8295,NA,NA,NA,NA,NA,NA,NA,NA,NA,NA
114.875,5.4352,5.5480,5.6845,6.5557,27334.5280,-9.8061,194503.1040,0.0000,NA,NA,NA,NA,NA,NA,NA,NA
114.996,5.4250,5.3500,5.6854,6.5725,30689.3540,1.2636,NA,NA,NA,NA,NA,NA,NA,NA,NA,NA
115.060,5.4223,5.2993,5.6854,6.5725,30689.3540,1.2636,NA,NA,NA,NA,NA,NA,NA,NA,NA,NA
115.158,5.4208,5.2694,5.6777,6.4277,22432.8960,-25.9797,NA,NA,NA,NA,NA,NA,NA,NA,NA,NA
115.260,5.4169,5.1933,5.6757,6.3909,24109.3600,-20.4480,NA,NA,NA,NA,NA,NA,NA,NA,NA,NA
115.355,5.4156,5.1677,5.6731,6.3420,42886.7800,41.5106,NA,NA,NA,NA,NA,NA,NA,NA,NA,NA
115.503,5.4117,5.0922,5.6700,6.2838,48732.4440,60.7992,NA,NA,NA,NA,NA,NA,NA,NA,NA,NA
115.565,5.4067,4.9952,5.6670,6.2270,55344.4080,82.6162,NA,NA,NA,NA,NA,NA,NA,NA,NA,NA
115.655,5.4045,4.9519,5.6631,6.1551,55344.4080,82.6162,NA,NA,NA,NA,NA,NA,NA,NA,NA,NA
115.752,5.4045,4.9519,5.6630,6.1527,26011.0060,-14.1732,NA,NA,NA,NA,NA,NA,NA,NA,NA,NA
115.852,5.4042,4.9465,5.6630,6.1527,28707.4920,-5.2758,NA,NA,NA,NA,NA,NA,NA,NA,NA,NA
115.947,5.3993,4.8513,5.6601,6.0979,31618.3820,4.3290,NA,NA,NA,NA,NA,NA,NA,NA,NA,NA
116.046,5.3993,4.8512,5.6584,6.0658,31618.3820,4.3290,NA,NA,NA,NA,NA,NA,NA,NA,NA,NA
116.140,5.3990,4.8451,5.6541,5.9856,22899.3780,-24.4405,NA,NA,NA,NA,NA,NA,NA,NA,NA,NA
116.241,5.3960,4.7885,5.6535,5.9747,24453.6840,-19.3118,NA,NA,NA,NA,NA,NA,NA,NA,NA,NA
116.337,5.3960,4.7885,5.6528,5.9608,43016.4560,41.9385,NA,NA,NA,NA,NA,NA,NA,NA,NA,NA
116.439,5.3863,4.5998,5.6481,5.8740,48662.1760,60.5673,NA,NA,NA,NA,NA,NA,NA,NA,NA,NA
116.537,5.3832,4.5391,5.6458,5.8308,55799.9200,84.1192,NA,NA,NA,NA,NA,NA,NA,NA,NA,NA
116.631,5.3875,4.6220,5.6435,5.7878,55799.9200,84.1192,NA,NA,NA,NA,NA,NA,NA,NA,NA,NA
116.740,5.3875,4.6220,5.6423,5.7651,26676.0720,-11.9788,182714.1760,0.0000,NA,NA,NA,NA,NA,NA,NA,NA
116.835,5.3851,4.5758,5.6423,5.7651,28186.9240,-6.9935,NA,NA,NA,NA,NA,NA,NA,NA,NA,NA
116.935,5.3777,4.4313,5.6399,5.7208,32178.7840,6.1782,NA,NA,NA,NA,NA,NA,NA,NA,NA,NA
117.038,5.3793,4.4642,5.6391,5.7043,32178.7840,6.1782,NA,NA,NA,NA,NA,NA,NA,NA,NA,NA
117.127,5.3793,4.4642,5.6378,5.6814,23966.4380,-20.9196,NA,NA,NA,NA,NA,NA,NA,NA,NA,NA
117.241,5.3766,4.4111,5.6377,5.6794,25640.1620,-15.3969,NA,NA,NA,NA,NA,NA,NA,NA,NA,NA
117.335,5.3698,4.2784,5.6367,5.6595,46880.7080,54.6891,NA,NA,NA,NA,NA,NA,NA,NA,NA,NA
117.425,5.3679,4.2427,5.6336,5.6021,50929.5840,68.0489,NA,NA,NA,NA,NA,NA,NA,NA,NA,NA
117.522,5.3660,4.2059,5.6333,5.5967,54461.9120,79.7043,NA,NA,NA,NA,NA,NA,NA,NA,NA,NA
117.621,5.3630,4.1469,5.6272,5.4824,54461.9120,79.7043,NA,NA,NA,NA,NA,NA,NA,NA,NA,NA
117.721,5.3627,4.1419,5.6255,5.4507,24969.1140,-17.6111,182992.9600,0.0000,NA,NA,NA,NA,NA,NA,NA,NA
117.820,5.3621,4.1290,5.6248,5.4372,49597.8480,63.6547,NA,NA,NA,NA,NA,NA,NA,NA,NA,NA
117.914,5.3602,4.0922,5.6248,5.4372,49597.8480,63.6547,NA,NA,NA,NA,NA,NA,NA,NA,NA,NA
118.023,5.3604,4.0967,5.6239,5.4202,26481.3960,-12.6211,NA,NA,NA,NA,NA,NA,NA,NA,NA,NA
118.133,5.3616,4.1193,5.6218,5.3809,26481.3960,-12.6211,NA,NA,NA,NA,NA,NA,NA,NA,NA,NA
118.218,5.3616,4.1193,5.6200,5.3472,24893.2540,-17.8614,NA,NA,NA,NA,NA,NA,NA,NA,NA,NA
118.318,5.3586,4.0617,5.6190,5.3285,44087.2240,45.4716,NA,NA,NA,NA,NA,NA,NA,NA,NA,NA
118.460,5.3534,3.9597,5.6173,5.2970,50411.5160,66.3395,NA,NA,NA,NA,NA,NA,NA,NA,NA,NA
118.513,5.3541,3.9738,5.6099,5.1584,56973.7880,87.9926,NA,NA,NA,NA,NA,NA,NA,NA,NA,NA
118.609,5.3598,4.0837,5.6100,5.1586,56973.7880,87.9926,NA,NA,NA,NA,NA,NA,NA,NA,NA,NA
118.706,5.3598,4.0837,5.6103,5.1657,26800.8780,-11.5669,186071.5840,0.0000,NA,NA,NA,NA,NA,NA,NA,NA
118.841,5.3551,3.9925,5.6108,5.1748,55080.5640,81.7456,NA,NA,NA,NA,NA,NA,NA,NA,NA,NA
118.904,5.3561,4.0128,5.6114,5.1858,55080.5640,81.7456,NA,NA,NA,NA,NA,NA,NA,NA,NA,NA
119.003,5.3561,4.0128,5.6114,5.1858,25571.4640,-15.6236,NA,NA,NA,NA,NA,NA,NA,NA,NA,NA
119.101,5.3548,3.9874,5.6107,5.1723,27165.3560,-10.3643,NA,NA,NA,NA,NA,NA,NA,NA,NA,NA
119.201,5.3548,3.9874,5.6036,5.0389,29355.6900,-3.1370,NA,NA,NA,NA,NA,NA,NA,NA,NA,NA
119.300,5.3536,3.9649,5.6036,5.0389,29355.6900,-3.1370,NA,NA,NA,NA,NA,NA,NA,NA,NA,NA
119.391,5.3536,3.9649,5.5975,4.9255,23658.8900,-21.9344,NA,NA,NA,NA,NA,NA,NA,NA,NA,NA
119.489,5.3519,3.9309,5.5982,4.9376,25782.5580,-14.9270,NA,NA,NA,NA,NA,NA,NA,NA,NA,NA
119.619,5.3491,3.8778,5.5990,4.9527,48547.4400,60.1887,NA,NA,NA,NA,NA,NA,NA,NA,NA,NA
119.687,5.3491,3.8778,5.6001,4.9747,53085.1680,75.1616,NA,NA,NA,NA,NA,NA,NA,NA,NA,NA
119.788,5.3466,3.8291,5.6001,4.9747,56340.8160,85.9040,NA,NA,NA,NA,NA,NA,NA,NA,NA,NA
119.882,5.3445,3.7880,5.5993,4.9586,56340.8160,85.9040,NA,NA,NA,NA,NA,NA,NA,NA,NA,NA
119.992,5.3445,3.7880,5.5944,4.8661,26452.5140,-12.7164,NA,NA,NA,NA,NA,NA,NA,NA,NA,NA
120.100,5.3450,3.7971,5.5923,4.8277,26452.5140,-12.7164,NA,NA,NA,NA,NA,NA,NA,NA,NA,NA
120.190,5.3450,3.7971,5.5906,4.7964,26364.3900,-13.0072,NA,NA,NA,NA,NA,NA,NA,NA,NA,NA
120.285,5.3383,3.6667,5.5906,4.7964,48085.9400,58.6659,NA,NA,NA,NA,NA,NA,NA,NA,NA,NA
120.387,5.3369,3.6399,5.5879,4.7442,52168.2600,72.1361,NA,NA,NA,NA,NA,NA,NA,NA,NA,NA
120.484,5.3369,3.6399,5.5900,4.7850,55821.1560,84.1893,NA,NA,NA,NA,NA,NA,NA,NA,NA,NA
120.581,5.3355,3.6137,5.5900,4.7850,55821.1560,84.1893,NA,NA,NA,NA,NA,NA,NA,NA,NA,NA
120.678,5.3355,3.6137,5.5897,4.7792,25926.8220,-14.4510,187829.1200,0.0000,NA,NA,NA,NA,NA,NA,NA,NA
120.854,5.3345,3.5929,5.5880,4.7474,50837.2480,67.7442,NA,NA,NA,NA,NA,NA,NA,NA,NA,NA
120.875,5.3339,3.5814,5.5862,4.7129,50837.2480,67.7442,NA,NA,NA,NA,NA,NA,NA,NA,NA,NA
120.982,5.3340,3.5835,5.5857,4.7036,27391.0640,-9.6196,183853.8240,0.0000,NA,NA,NA,NA,NA,NA,NA,NA
121.077,5.3340,3.5835,5.5841,4.6732,55725.2720,83.8729,NA,NA,NA,NA,NA,NA,NA,NA,NA,NA
121.172,5.3336,3.5768,5.5835,4.6623,55725.2720,83.8729,NA,NA,NA,NA,NA,NA,NA,NA,NA,NA
121.272,5.3336,3.5768,5.5835,4.6620,25893.8220,-14.5599,NA,NA,NA,NA,NA,NA,NA,NA,NA,NA
121.397,5.3344,3.5919,5.5806,4.6076,25893.8220,-14.5599,NA,NA,NA,NA,NA,NA,NA,NA,NA,NA
121.475,5.3344,3.5919,5.5778,4.5565,26052.0720,-14.0377,NA,NA,NA,NA,NA,NA,NA,NA,NA,NA
121.567,5.3302,3.5104,5.5767,4.5355,48964.6680,61.5654,NA,NA,NA,NA,NA,NA,NA,NA,NA,NA
121.670,5.3263,3.4333,5.5767,4.5355,52861.1840,74.4225,NA,NA,NA,NA,NA,NA,NA,NA,NA,NA
121.768,5.3243,3.3944,5.5757,4.5163,56125.9080,85.1949,NA,NA,NA,NA,NA,NA,NA,NA,NA,NA
121.864,5.3253,3.4144,5.5693,4.3966,56125.9080,85.1949,NA,NA,NA,NA,NA,NA,NA,NA,NA,NA
121.960,5.3253,3.4144,5.5686,4.3825,26269.2860,-13.3210,NA,NA,NA,NA,NA,NA,NA,NA,NA,NA
122.072,5.3242,3.3934,5.5667,4.3480,27865.4500,-8.0543,NA,NA,NA,NA,NA,NA,NA,NA,NA,NA
122.155,5.3242,3.3935,5.5663,4.3402,27865.4500,-8.0543,NA,NA,NA,NA,NA,NA,NA,NA,NA,NA
122.260,5.3308,3.5206,5.5641,4.2996,21852.0020,-27.8964,NA,NA,NA,NA,NA,NA,NA,NA,NA,NA
122.368,5.3314,3.5336,5.5641,4.2996,23984.0520,-20.8614,NA,NA,NA,NA,NA,NA,NA,NA,NA,NA
122.449,5.3314,3.5336,5.5632,4.2829,26268.9580,-13.3221,NA,NA,NA,NA,NA,NA,NA,NA,NA,NA
122.546,5.3257,3.4228,5.5614,4.2479,49781.9000,64.2620,NA,NA,NA,NA,NA,NA,NA,NA,NA,NA
122.672,5.3215,3.3400,5.5594,4.2117,54170.7840,78.7437,NA,NA,NA,NA,NA,NA,NA,NA,NA,NA
122.751,5.3099,3.1158,5.5596,4.2152,57437.0840,89.5213,NA,NA,NA,NA,NA,NA,NA,NA,NA,NA
122.849,5.3103,3.1234,5.5596,4.2152,57437.0840,89.5213,NA,NA,NA,NA,NA,NA,NA,NA,NA,NA
122.942,5.3119,3.1551,5.5574,4.1731,27113.7700,-10.5345,NA,NA,NA,NA,NA,NA,NA,NA,NA,NA
123.044,5.3123,3.1619,5.5565,4.1565,28809.4120,-4.9395,NA,NA,NA,NA,NA,NA,NA,NA,NA,NA
123.141,5.3123,3.1619,5.5545,4.1194,28809.4120,-4.9395,NA,NA,NA,NA,NA,NA,NA,NA,NA,NA
123.277,5.3108,3.1327,5.5539,4.1085,22171.3160,-26.8428,NA,NA,NA,NA,NA,NA,NA,NA,NA,NA
123.333,5.3126,3.1681,5.5476,3.9890,24295.0260,-19.8353,NA,NA,NA,NA,NA,NA,NA,NA,NA,NA
123.440,5.3126,3.1681,5.5476,3.9890,44853.3880,47.9997,NA,NA,NA,NA,NA,NA,NA,NA,NA,NA
123.540,5.3103,3.1231,5.5486,4.0093,50291.3160,65.9429,NA,NA,NA,NA,NA,NA,NA,NA,NA,NA
123.628,5.3077,3.0738,5.5486,4.0093,55599.7400,83.4587,NA,NA,NA,NA,NA,NA,NA,NA,NA,NA
123.731,5.3077,3.0738,5.5501,4.0359,59592.3640,96.6329,NA,NA,NA,NA,NA,NA,NA,NA,NA,NA
123.821,5.3042,3.0045,5.5501,4.0359,59592.3640,96.6329,NA,NA,NA,NA,NA,NA,NA,NA,NA,NA
123.925,5.3042,3.0045,5.5439,3.9204,28016.3040,-7.5565,NA,NA,NA,NA,NA,NA,NA,NA,NA,NA
124.017,5.3067,3.0544,5.5427,3.8980,29896.5500,-1.3524,NA,NA,NA,NA,NA,NA,NA,NA,NA,NA
124.126,5.3074,3.0667,5.5427,3.8980,29896.5500,-1.3524,NA,NA,NA,NA,NA,NA,NA,NA,NA,NA
124.221,5.3074,3.0667,5.5387,3.8232,50785.9440,67.5750,NA,NA,NA,NA,NA,NA,NA,NA,NA,NA
124.324,5.3063,3.0456,5.5378,3.8064,55031.0000,81.5821,NA,NA,NA,NA,NA,NA,NA,NA,NA,NA
124.424,5.3066,3.0514,5.5353,3.7597,55031.0000,81.5821,NA,NA,NA,NA,NA,NA,NA,NA,NA,NA
124.517,5.3066,3.0514,5.5329,3.7133,24833.6900,-18.0579,NA,NA,NA,NA,NA,NA,NA,NA,NA,NA
124.617,5.3047,3.0142,5.5288,3.6370,27037.1600,-10.7873,193506.4160,0.0000,NA,NA,NA,NA,NA,NA,NA,NA
124.711,5.3047,3.0142,5.5277,3.6175,54010.7440,78.2156,NA,NA,NA,NA,NA,NA,NA,NA,NA,NA
124.814,5.3031,2.9836,5.5277,3.6175,54010.7440,78.2156,NA,NA,NA,NA,NA,NA,NA,NA,NA,NA
124.910,5.3014,2.9515,5.5246,3.5583,28593.1120,-5.6532,190913.5200,0.0000,NA,NA,NA,NA,NA,NA,NA,NA
125.009,5.3014,2.9515,5.5208,3.4880,57304.4680,89.0837,NA,NA,NA,NA,NA,NA,NA,NA,NA,NA
125.126,5.2970,2.8647,5.5204,3.4804,57304.4680,89.0837,NA,NA,NA,NA,NA,NA,NA,NA,NA,NA
125.240,5.2955,2.8354,5.5225,3.5198,26926.8940,-11.1511,NA,NA,NA,NA,NA,NA,NA,NA,NA,NA
125.312,5.3112,3.1410,5.5530,4.0913,24795.8740,-18.1827,NA,NA,NA,NA,NA,NA,NA,NA,NA,NA
125.407,5.3305,3.5158,5.6099,5.1584,45305.2080,49.4905,NA,NA,NA,NA,NA,NA,NA,NA,NA,NA
125.506,5.3807,4.4900,5.6545,5.9927,50578.7800,66.8914,NA,NA,NA,NA,NA,NA,NA,NA,NA,NA
125.605,5.4385,5.6133,5.6945,6.7441,55063.1360,81.6881,NA,NA,NA,NA,NA,NA,NA,NA,NA,NA
125.702,5.4901,6.6145,5.7439,7.6691,58525.7840,93.1136,NA,NA,NA,NA,NA,NA,NA,NA,NA,NA
125.817,5.5479,7.7383,5.7924,8.5791,58525.7840,93.1136,NA,NA,NA,NA,NA,NA,NA,NA,NA,NA
125.901,5.5722,8.2087,5.8406,9.4827,27957.3940,-7.7509,NA,NA,NA,NA,NA,NA,NA,NA,NA,NA
125.995,5.5957,8.6655,5.8719,10.0693,29695.3100,-2.0164,NA,NA,NA,NA,NA,NA,NA,NA,NA,NA
126.094,5.6224,9.1851,5.9065,10.7182,29695.3100,-2.0164,NA,NA,NA,NA,NA,NA,NA,NA,NA,NA
126.206,5.6365,9.4584,5.9338,11.2291,22799.3620,-24.7705,NA,NA,NA,NA,NA,NA,NA,NA,NA,NA
126.300,5.6447,9.6172,5.9666,11.8439,24846.8200,-18.0146,NA,NA,NA,NA,NA,NA,NA,NA,NA,NA
126.389,5.6500,9.7210,5.9850,12.1894,45946.3920,51.6062,NA,NA,NA,NA,NA,NA,NA,NA,NA,NA
126.515,5.6665,10.0401,6.0150,12.7505,51355.2800,69.4536,NA,NA,NA,NA,NA,NA,NA,NA,NA,NA
126.584,5.6799,10.3011,6.0498,13.4037,56672.5760,86.9987,NA,NA,NA,NA,NA,NA,NA,NA,NA,NA
126.681,5.7009,10.7082,6.0723,13.8250,56672.5760,86.9987,NA,NA,NA,NA,NA,NA,NA,NA,NA,NA
126.836,5.7114,10.9130,6.0993,14.3321,26035.9700,-14.0909,NA,NA,NA,NA,NA,NA,NA,NA,NA,NA
126.882,5.7282,11.2389,6.1144,14.6142,28305.2580,-6.6030,NA,NA,NA,NA,NA,NA,NA,NA,NA,NA
126.978,5.7478,11.6187,6.1342,14.9858,30512.4580,0.6799,NA,NA,NA,NA,NA,NA,NA,NA,NA,NA
127.073,5.7649,11.9520,6.1458,15.2033,30512.4580,0.6799,NA,NA,NA,NA,NA,NA,NA,NA,NA,NA
127.173,5.7732,12.1124,6.1525,15.3294,23040.9640,-23.9733,NA,NA,NA,NA,NA,NA,NA,NA,NA,NA
127.272,5.7734,12.1161,6.1551,15.3769,25114.9200,-17.1300,NA,NA,NA,NA,NA,NA,NA,NA,NA,NA
127.376,5.7734,12.1161,6.1551,15.3769,46253.4480,52.6194,NA,NA,NA,NA,NA,NA,NA,NA,NA,NA
127.472,5.7627,11.9096,6.1546,15.3687,51769.6360,70.8208,NA,NA,NA,NA,NA,NA,NA,NA,NA,NA
127.561,5.7600,11.8565,6.1526,15.3305,57655.2440,90.2411,NA,NA,NA,NA,NA,NA,NA,NA,NA,NA
127.668,5.7566,11.7911,6.1484,15.2525,57655.2440,90.2411,NA,NA,NA,NA,NA,NA,NA,NA,NA,NA
127.791,5.7534,11.7282,6.1427,15.1442,26785.7900,-11.6167,NA,NA,NA,NA,NA,NA,NA,NA,NA,NA
127.875,5.7484,11.6310,6.1352,15.0045,26785.7900,-11.6167,NA,NA,NA,NA,NA,NA,NA,NA,NA,NA
127.987,5.7447,11.5587,6.1282,14.8723,26337.2000,-13.0969,NA,NA,NA,NA,NA,NA,NA,NA,NA,NA
128.062,5.7352,11.3742,6.1175,14.6723,48713.5520,60.7368,NA,NA,NA,NA,NA,NA,NA,NA,NA,NA
128.160,5.7291,11.2565,6.1083,14.5006,52424.5440,72.9817,NA,NA,NA,NA,NA,NA,NA,NA,NA,NA
128.271,5.7226,11.1296,6.0905,14.1662,57009.0960,88.1091,NA,NA,NA,NA,NA,NA,NA,NA,NA,NA
128.357,5.7184,11.0493,6.0773,13.9183,57009.0960,88.1091,NA,NA,NA,NA,NA,NA,NA,NA,NA,NA
128.454,5.7148,10.9785,6.0689,13.7606,26256.4440,-13.3634,NA,NA,NA,NA,NA,NA,NA,NA,NA,NA
128.562,5.7127,10.9383,6.0544,13.4899,28363.2060,-6.4118,NA,NA,NA,NA,NA,NA,NA,NA,NA,NA
128.691,5.7073,10.8333,6.0444,13.3020,28363.2060,-6.4118,NA,NA,NA,NA,NA,NA,NA,NA,NA,NA
128.749,5.7061,10.8100,6.0324,13.0765,22832.3840,-24.6615,NA,NA,NA,NA,NA,NA,NA,NA,NA,NA
128.846,5.7026,10.7407,6.0177,12.8023,24720.4380,-18.4316,NA,NA,NA,NA,NA,NA,NA,NA,NA,NA
128.945,5.7001,10.6928,6.0068,12.5980,46247.7120,52.6005,NA,NA,NA,NA,NA,NA,NA,NA,NA,NA
129.074,5.6963,10.6188,5.9996,12.4623,50210.7360,65.6770,NA,NA,NA,NA,NA,NA,NA,NA,NA,NA
129.168,5.6906,10.5096,5.9892,12.2676,53388.8000,76.1634,NA,NA,NA,NA,NA,NA,NA,NA,NA,NA
129.241,5.6866,10.4311,5.9781,12.0590,58223.9360,92.1176,NA,NA,NA,NA,NA,NA,NA,NA,NA,NA
129.337,5.6837,10.3756,5.9712,11.9306,58223.9360,92.1176,NA,NA,NA,NA,NA,NA,NA,NA,NA,NA
129.447,5.6828,10.3564,5.9566,11.6557,27197.2100,-10.2592,NA,NA,NA,NA,NA,NA,NA,NA,NA,NA
129.535,5.6820,10.3411,5.9494,11.5215,29030.5100,-4.2100,NA,NA,NA,NA,NA,NA,NA,NA,NA,NA
129.631,5.6785,10.2740,5.9401,11.3477,29030.5100,-4.2100,NA,NA,NA,NA,NA,NA,NA,NA,NA,NA
129.732,5.6756,10.2180,5.9325,11.2043,23160.2240,-23.5798,NA,NA,NA,NA,NA,NA,NA,NA,NA,NA
129.838,5.6672,10.0543,5.9215,10.9981,25190.2220,-16.8815,NA,NA,NA,NA,NA,NA,NA,NA,NA,NA
129.925,5.6636,9.9841,5.9114,10.8082,46954.6920,54.9332,NA,NA,NA,NA,NA,NA,NA,NA,NA,NA
130.027,5.6519,9.7572,5.9035,10.6609,51510.1120,69.9644,NA,NA,NA,NA,NA,NA,NA,NA,NA,NA
130.120,5.6441,9.6062,5.8962,10.5251,54947.6800,81.3072,NA,NA,NA,NA,NA,NA,NA,NA,NA,NA
130.222,5.6453,9.6298,5.8974,10.5463,54947.6800,81.3072,NA,NA,NA,NA,NA,NA,NA,NA,NA,NA
130.352,5.6784,10.2724,5.9185,10.9417,25731.4540,-15.0957,NA,NA,NA,NA,NA,NA,NA,NA,NA,NA
130.426,5.7053,10.7933,5.9556,11.6375,27553.1280,-9.0848,NA,NA,NA,NA,NA,NA,NA,NA,NA,NA
130.510,5.7624,11.9025,6.0000,12.4700,29677.5560,-2.0750,NA,NA,NA,NA,NA,NA,NA,NA,NA,NA
130.624,5.7962,12.5584,6.0339,13.1058,29677.5560,-2.0750,NA,NA,NA,NA,NA,NA,NA,NA,NA,NA
130.709,5.8123,12.8725,6.0526,13.4565,23406.9820,-22.7656,NA,NA,NA,NA,NA,NA,NA,NA,NA,NA
130.819,5.8159,12.9416,6.0624,13.6396,25577.0600,-15.6051,NA,NA,NA,NA,NA,NA,NA,NA,NA,NA
130.907,5.8177,12.9776,6.0668,13.7227,47639.1680,57.1918,NA,NA,NA,NA,NA,NA,NA,NA,NA,NA
131.001,5.8177,12.9776,6.0704,13.7892,52954.4160,74.7301,NA,NA,NA,NA,NA,NA,NA,NA,NA,NA
131.099,5.8172,12.9670,6.0704,13.7892,57148.0960,88.5677,NA,NA,NA,NA,NA,NA,NA,NA,NA,NA
131.205,5.8134,12.8926,6.0673,13.7310,57148.0960,88.5677,NA,NA,NA,NA,NA,NA,NA,NA,NA,NA
131.306,5.8088,12.8046,6.0627,13.6446,26619.0980,-12.1668,NA,NA,NA,NA,NA,NA,NA,NA,NA,NA
131.404,5.8066,12.7612,6.0550,13.5006,26619.0980,-12.1668,NA,NA,NA,NA,NA,NA,NA,NA,NA,NA
131.504,5.8032,12.6957,6.0466,13.3442,26359.8080,-13.0223,NA,NA,NA,NA,NA,NA,NA,NA,NA,NA
131.599,5.7949,12.5338,6.0372,13.1682,47959.9200,58.2501,NA,NA,NA,NA,NA,NA,NA,NA,NA,NA
131.711,5.7839,12.3205,6.0178,12.8038,52362.1560,72.7759,NA,NA,NA,NA,NA,NA,NA,NA,NA,NA
131.797,5.7757,12.1620,6.0078,12.6157,56237.2920,85.5624,NA,NA,NA,NA,NA,NA,NA,NA,NA,NA
131.891,5.7647,11.9474,6.0007,12.4828,56237.2920,85.5624,NA,NA,NA,NA,NA,NA,NA,NA,NA,NA
131.994,5.7597,11.8510,5.9875,12.2355,25691.8060,-15.2265,190271.7280,0.0000,NA,NA,NA,NA,NA,NA,NA,NA
132.088,5.7424,11.5142,5.9790,12.0764,50727.7840,67.3831,NA,NA,NA,NA,NA,NA,NA,NA,NA,NA
132.191,5.7345,11.3617,5.9698,11.9046,50727.7840,67.3831,NA,NA,NA,NA,NA,NA,NA,NA,NA,NA
132.283,5.7228,11.1349,5.9592,11.7044,27297.7220,-9.9275,185843.1680,0.0000,NA,NA,NA,NA,NA,NA,NA,NA
132.385,5.7172,11.0245,5.9515,11.5599,55244.9840,82.2882,NA,NA,NA,NA,NA,NA,NA,NA,NA,NA
132.496,5.7050,10.7890,5.9408,11.3602,NA,NA,NA,NA,NA,NA,NA,NA,NA,NA,NA,NA
132.585,5.6978,10.6478,5.9345,11.2429,NA,NA,NA,NA,NA,NA,NA,NA,NA,NA,NA,NA
132.694,5.6873,10.4443,5.9212,10.9926,31782.5880,4.8709,NA,NA,NA,NA,NA,NA,NA,NA,NA,NA
132.790,5.6849,10.3983,5.9140,10.8574,32164.0260,6.1295,NA,NA,NA,NA,NA,NA,NA,NA,NA,NA
132.911,5.6848,10.3953,5.9106,10.7937,32164.0260,6.1295,NA,NA,NA,NA,NA,NA,NA,NA,NA,NA
132.985,5.6848,10.3953,5.9068,10.7237,23481.1280,-22.5209,NA,NA,NA,NA,NA,NA,NA,NA,NA,NA
133.077,5.6816,10.3333,5.9018,10.6297,25129.6180,-17.0815,NA,NA,NA,NA,NA,NA,NA,NA,NA,NA
133.184,5.6797,10.2972,5.9001,10.5980,45761.6800,50.9967,NA,NA,NA,NA,NA,NA,NA,NA,NA,NA
133.286,5.6745,10.1958,5.8936,10.4762,49775.4760,64.2408,NA,NA,NA,NA,NA,NA,NA,NA,NA,NA
133.379,5.6706,10.1194,5.8913,10.4319,53275.7480,75.7904,NA,NA,NA,NA,NA,NA,NA,NA,NA,NA
133.479,5.6645,10.0025,5.8878,10.3666,53275.7480,75.7904,NA,NA,NA,NA,NA,NA,NA,NA,NA,NA
133.575,5.6622,9.9573,5.8826,10.2691,24195.5240,-20.1637,NA,NA,NA,NA,NA,NA,NA,NA,NA,NA
133.676,5.6566,9.8489,5.8784,10.1908,27326.8580,-9.8314,193680.3040,0.0000,NA,NA,NA,NA,NA,NA,NA,NA
133.781,5.6545,9.8083,5.8736,10.1009,30520.7940,0.7074,NA,NA,NA,NA,NA,NA,NA,NA,NA,NA
133.872,5.6529,9.7766,5.8700,10.0323,30520.7940,0.7074,NA,NA,NA,NA,NA,NA,NA,NA,NA,NA
134.023,5.6517,9.7536,5.8683,10.0005,22362.7600,-26.2111,NA,NA,NA,NA,NA,NA,NA,NA,NA,NA
134.068,5.6513,9.7445,5.8614,9.8727,24060.8860,-20.6079,NA,NA,NA,NA,NA,NA,NA,NA,NA,NA
134.169,5.6456,9.6346,5.8549,9.7495,42956.1800,41.7396,NA,NA,NA,NA,NA,NA,NA,NA,NA,NA
134.267,5.6382,9.4920,5.8528,9.7107,49323.2040,62.7485,NA,NA,NA,NA,NA,NA,NA,NA,NA,NA
134.361,5.6336,9.4022,5.8460,9.5825,56410.8360,86.1350,NA,NA,NA,NA,NA,NA,NA,NA,NA,NA
134.461,5.6275,9.2824,5.8442,9.5498,56410.8360,86.1350,NA,NA,NA,NA,NA,NA,NA,NA,NA,NA
134.558,5.6264,9.2617,5.8423,9.5140,26025.2380,-14.1263,NA,NA,NA,NA,NA,NA,NA,NA,NA,NA
134.657,5.6193,9.1250,5.8371,9.4167,28701.3420,-5.2961,NA,NA,NA,NA,NA,NA,NA,NA,NA,NA
134.760,5.6223,9.1816,5.8346,9.3698,31515.3620,3.9891,NA,NA,NA,NA,NA,NA,NA,NA,NA,NA
134.849,5.6223,9.1816,5.8285,9.2546,31515.3620,3.9891,NA,NA,NA,NA,NA,NA,NA,NA,NA,NA
134.955,5.6195,9.1286,5.8247,9.1837,22815.8460,-24.7161,NA,NA,NA,NA,NA,NA,NA,NA,NA,NA
135.050,5.6186,9.1109,5.8217,9.1285,24407.8720,-19.4630,NA,NA,NA,NA,NA,NA,NA,NA,NA,NA
135.153,5.6089,8.9222,5.8217,9.1285,42966.0520,41.7722,NA,NA,NA,NA,NA,NA,NA,NA,NA,NA
135.242,5.6041,8.8280,5.8175,9.0493,49180.0880,62.2762,NA,NA,NA,NA,NA,NA,NA,NA,NA,NA
135.338,5.5985,8.7196,5.8118,8.9421,56678.8280,87.0193,NA,NA,NA,NA,NA,NA,NA,NA,NA,NA
135.445,5.5950,8.6522,5.8106,8.9196,56678.8280,87.0193,NA,NA,NA,NA,NA,NA,NA,NA,NA,NA
135.537,5.5926,8.6051,5.8104,8.9164,26701.2260,-11.8958,185785.1840,0.0000,NA,NA,NA,NA,NA,NA,NA,NA
135.639,5.5864,8.4858,5.8104,8.9159,55859.7280,84.3166,NA,NA,NA,NA,NA,NA,NA,NA,NA,NA
135.745,5.5835,8.4281,5.8082,8.8739,NA,NA,NA,NA,NA,NA,NA,NA,NA,NA,NA,NA
135.881,5.5824,8.4081,5.8058,8.8296,NA,NA,NA,NA,NA,NA,NA,NA,NA,NA,NA,NA
135.940,5.5771,8.3047,5.8041,8.7974,30531.6400,0.7432,NA,NA,NA,NA,NA,NA,NA,NA,NA,NA
136.040,5.5754,8.2716,5.8033,8.7829,31414.5760,3.6566,187644.0640,0.0000,NA,NA,NA,NA,NA,NA,NA,NA
136.146,5.5744,8.2525,5.8023,8.7637,31414.5760,3.6566,187644.0640,0.0000,NA,NA,NA,NA,NA,NA,NA,NA
136.251,5.5707,8.1808,5.7979,8.6810,26891.7340,-11.2672,187537.4720,0.0000,NA,NA,NA,NA,NA,NA,NA,NA
136.348,5.5654,8.0775,5.7961,8.6478,53160.0760,75.4087,NA,NA,NA,NA,NA,NA,NA,NA,NA,NA
136.476,5.5626,8.0227,5.7950,8.6279,53160.0760,75.4087,NA,NA,NA,NA,NA,NA,NA,NA,NA,NA
136.541,5.5605,7.9824,5.7930,8.5903,26256.3360,-13.3637,NA,NA,NA,NA,NA,NA,NA,NA,NA,NA
136.646,5.5527,7.8312,5.7900,8.5334,28469.5680,-6.0609,190212.2080,0.0000,NA,NA,NA,NA,NA,NA,NA,NA
136.752,5.5492,7.7625,5.7877,8.4905,30731.3100,1.4020,NA,NA,NA,NA,NA,NA,NA,NA,NA,NA
136.846,5.5410,7.6026,5.7862,8.4624,30731.3100,1.4020,NA,NA,NA,NA,NA,NA,NA,NA,NA,NA
136.950,5.5385,7.5552,5.7853,8.4447,23491.6820,-22.4861,NA,NA,NA,NA,NA,NA,NA,NA,NA,NA
137.065,5.5378,7.5413,5.7846,8.4323,25142.0620,-17.0404,NA,NA,NA,NA,NA,NA,NA,NA,NA,NA
137.144,5.5306,7.4007,5.7826,8.3946,45787.4920,51.0819,NA,NA,NA,NA,NA,NA,NA,NA,NA,NA
137.237,5.5200,7.1953,5.7796,8.3378,50105.0560,65.3283,NA,NA,NA,NA,NA,NA,NA,NA,NA,NA
137.330,5.5159,7.1168,5.7763,8.2770,54207.3720,78.8644,NA,NA,NA,NA,NA,NA,NA,NA,NA,NA
137.439,5.5121,7.0427,5.7744,8.2403,54207.3720,78.8644,NA,NA,NA,NA,NA,NA,NA,NA,NA,NA
137.530,5.5107,7.0147,5.7743,8.2383,24262.4980,-19.9427,NA,NA,NA,NA,NA,NA,NA,NA,NA,NA
137.678,5.5044,6.8928,5.7719,8.1939,26795.7160,-11.5840,192370.4320,0.0000,NA,NA,NA,NA,NA,NA,NA,NA
137.733,5.5014,6.8344,5.7702,8.1618,52606.3640,73.5817,NA,NA,NA,NA,NA,NA,NA,NA,NA,NA
137.828,5.5014,6.8344,5.7687,8.1350,52606.3640,73.5817,NA,NA,NA,NA,NA,NA,NA,NA,NA,NA
137.940,5.4998,6.8042,5.7674,8.1106,27591.8420,-8.9571,NA,NA,NA,NA,NA,NA,NA,NA,NA,NA
138.035,5.4998,6.8042,5.7636,8.0386,24213.9660,-20.1028,NA,NA,NA,NA,NA,NA,NA,NA,NA,NA
138.128,5.4997,6.8010,5.7591,7.9538,41897.4640,38.2462,NA,NA,NA,NA,NA,NA,NA,NA,NA,NA
138.271,5.4953,6.7166,5.7572,7.9193,47541.4080,56.8692,NA,NA,NA,NA,NA,NA,NA,NA,NA,NA
138.321,5.4911,6.6338,5.7518,7.8167,54897.1280,81.1404,NA,NA,NA,NA,NA,NA,NA,NA,NA,NA
138.417,5.4912,6.6372,5.7509,7.7996,54897.1280,81.1404,NA,NA,NA,NA,NA,NA,NA,NA,NA,NA
138.516,5.4912,6.6372,5.7442,7.6757,26125.6720,-13.7949,NA,NA,NA,NA,NA,NA,NA,NA,NA,NA
138.621,5.4884,6.5821,5.7412,7.6195,28699.0280,-5.3038,NA,NA,NA,NA,NA,NA,NA,NA,NA,NA
138.712,5.4896,6.6059,5.7402,7.5996,31726.6780,4.6864,NA,NA,NA,NA,NA,NA,NA,NA,NA,NA
138.857,5.4896,6.6059,5.7366,7.5332,31726.6780,4.6864,NA,NA,NA,NA,NA,NA,NA,NA,NA,NA
138.912,5.4854,6.5230,5.7328,7.4622,23005.7320,-24.0895,NA,NA,NA,NA,NA,NA,NA,NA,NA,NA
139.007,5.4853,6.5222,5.7311,7.4301,24415.4720,-19.4379,NA,NA,NA,NA,NA,NA,NA,NA,NA,NA
139.106,5.4785,6.3895,5.7249,7.3123,42560.4880,40.4340,NA,NA,NA,NA,NA,NA,NA,NA,NA,NA
139.206,5.4729,6.2815,5.7247,7.3086,47841.2680,57.8586,NA,NA,NA,NA,NA,NA,NA,NA,NA,NA
139.325,5.4703,6.2299,5.7220,7.2586,55105.7880,81.8289,NA,NA,NA,NA,NA,NA,NA,NA,NA,NA
139.406,5.4667,6.1609,5.7195,7.2111,55105.7880,81.8289,NA,NA,NA,NA,NA,NA,NA,NA,NA,NA
139.501,5.4657,6.1405,5.7180,7.1845,26898.0600,-11.2463,177917.6960,0.0000,NA,NA,NA,NA,NA,NA,NA,NA
139.598,5.4636,6.1012,5.7189,7.2012,57181.2120,88.6770,NA,NA,NA,NA,NA,NA,NA,NA,NA,NA
139.694,5.4564,5.9612,5.7189,7.2012,57181.2120,88.6770,NA,NA,NA,NA,NA,NA,NA,NA,NA,NA
139.806,5.4556,5.9457,5.7156,7.1387,25914.8460,-14.4905,NA,NA,NA,NA,NA,NA,NA,NA,NA,NA
139.901,5.4555,5.9425,5.7134,7.0968,25914.8460,-14.4905,NA,NA,NA,NA,NA,NA,NA,NA,NA,NA
140.042,5.4555,5.9425,5.7115,7.0627,25884.4220,-14.5909,NA,NA,NA,NA,NA,NA,NA,NA,NA,NA
140.093,5.4495,5.8272,5.7113,7.0576,46976.9320,55.0066,NA,NA,NA,NA,NA,NA,NA,NA,NA,NA
140.196,5.4480,5.7972,5.7110,7.0536,51271.9280,69.1785,NA,NA,NA,NA,NA,NA,NA,NA,NA,NA
140.294,5.4417,5.6753,5.7073,6.9830,55194.1720,82.1205,NA,NA,NA,NA,NA,NA,NA,NA,NA,NA
140.390,5.4404,5.6495,5.7015,6.8749,55194.1720,82.1205,NA,NA,NA,NA,NA,NA,NA,NA,NA,NA
140.491,5.4369,5.5827,5.6993,6.8339,24944.6600,-17.6918,182010.3040,0.0000,NA,NA,NA,NA,NA,NA,NA,NA
140.594,5.4368,5.5794,5.6993,6.8339,49480.3840,63.2671,NA,NA,NA,NA,NA,NA,NA,NA,NA,NA
140.694,5.4339,5.5227,5.6988,6.8238,49480.3840,63.2671,NA,NA,NA,NA,NA,NA,NA,NA,NA,NA
140.786,5.4320,5.4873,5.6963,6.7764,26499.5820,-12.5611,NA,NA,NA,NA,NA,NA,NA,NA,NA,NA
140.884,5.4320,5.4873,5.6963,6.7764,29568.0340,-2.4363,184208.3680,0.0000,NA,NA,NA,NA,NA,NA,NA,NA
140.975,5.4293,5.4344,5.6978,6.8052,61062.9120,101.4852,NA,NA,NA,NA,NA,NA,NA,NA,NA,NA
141.091,5.4254,5.3583,5.6978,6.8052,61062.9120,101.4852,NA,NA,NA,NA,NA,NA,NA,NA,NA,NA
141.190,5.4238,5.3284,5.6961,6.7731,27488.2720,-9.2988,NA,NA,NA,NA,NA,NA,NA,NA,NA,NA
141.288,5.4215,5.2827,5.6961,6.7731,25743.8160,-15.0549,NA,NA,NA,NA,NA,NA,NA,NA,NA,NA
141.382,5.4203,5.2593,5.6941,6.7366,47996.5600,58.3710,NA,NA,NA,NA,NA,NA,NA,NA,NA,NA
141.485,5.4130,5.1183,5.6935,6.7250,52460.0400,73.0989,NA,NA,NA,NA,NA,NA,NA,NA,NA,NA
141.573,5.4098,5.0548,5.6899,6.6577,55452.8400,82.9740,NA,NA,NA,NA,NA,NA,NA,NA,NA,NA
141.670,5.4072,5.0060,5.6852,6.5681,55452.8400,82.9740,NA,NA,NA,NA,NA,NA,NA,NA,NA,NA
141.767,5.4059,4.9798,5.6842,6.5493,25762.7420,-14.9924,NA,NA,NA,NA,NA,NA,NA,NA,NA,NA
141.910,5.4059,4.9798,5.6832,6.5311,27292.1160,-9.9460,NA,NA,NA,NA,NA,NA,NA,NA,NA,NA
141.968,5.4043,4.9490,5.6805,6.4811,29287.6520,-3.3615,NA,NA,NA,NA,NA,NA,NA,NA,NA,NA
142.070,5.4043,4.9490,5.6795,6.4627,29287.6520,-3.3615,NA,NA,NA,NA,NA,NA,NA,NA,NA,NA
142.161,5.4023,4.9102,5.6777,6.4292,23612.3960,-22.0878,NA,NA,NA,NA,NA,NA,NA,NA,NA,NA
142.257,5.4000,4.8661,5.6777,6.4292,25870.8540,-14.6357,NA,NA,NA,NA,NA,NA,NA,NA,NA,NA
142.403,5.3973,4.8137,5.6743,6.3641,48810.3920,61.0564,NA,NA,NA,NA,NA,NA,NA,NA,NA,NA
142.460,5.3949,4.7658,5.6728,6.3361,53818.3240,77.5807,NA,NA,NA,NA,NA,NA,NA,NA,NA,NA
142.553,5.3901,4.6739,5.6719,6.3197,57300.8000,89.0716,NA,NA,NA,NA,NA,NA,NA,NA,NA,NA
142.656,5.3880,4.6313,5.6692,6.2692,57300.8000,89.0716,NA,NA,NA,NA,NA,NA,NA,NA,NA,NA
142.747,5.3831,4.5368,5.6678,6.2434,26569.2300,-12.3313,NA,NA,NA,NA,NA,NA,NA,NA,NA,NA
142.846,5.3795,4.4665,5.6636,6.1641,28189.6240,-6.9846,NA,NA,NA,NA,NA,NA,NA,NA,NA,NA
142.968,5.3774,4.4272,5.6615,6.1244,28189.6240,-6.9846,NA,NA,NA,NA,NA,NA,NA,NA,NA,NA
143.045,5.3804,4.4838,5.6585,6.0688,21562.9140,-28.8503,NA,NA,NA,NA,NA,NA,NA,NA,NA,NA
143.153,5.3813,4.5028,5.6566,6.0336,23625.7300,-22.0438,NA,NA,NA,NA,NA,NA,NA,NA,NA,NA
143.240,5.3813,4.5028,5.6557,6.0159,26206.3960,-13.5285,NA,NA,NA,NA,NA,NA,NA,NA,NA,NA
143.336,5.3699,4.2813,5.6509,5.9269,49577.7200,63.5883,NA,NA,NA,NA,NA,NA,NA,NA,NA,NA
143.440,5.3650,4.1857,5.6487,5.8839,55001.8800,81.4860,NA,NA,NA,NA,NA,NA,NA,NA,NA,NA
143.537,5.3621,4.1291,5.6468,5.8487,59142.2440,95.1477,NA,NA,NA,NA,NA,NA,NA,NA,NA,NA
143.676,5.3606,4.1008,5.6431,5.7801,59142.2440,95.1477,NA,NA,NA,NA,NA,NA,NA,NA,NA,NA
143.728,5.3606,4.1008,5.6413,5.7457,27342.2640,-9.7806,NA,NA,NA,NA,NA,NA,NA,NA,NA,NA
143.833,5.3587,4.0630,5.6390,5.7032,29146.7300,-3.8265,NA,NA,NA,NA,NA,NA,NA,NA,NA,NA
143.935,5.3570,4.0304,5.6376,5.6773,29146.7300,-3.8265,NA,NA,NA,NA,NA,NA,NA,NA,NA,NA
144.032,5.3551,3.9941,5.6376,5.6773,49598.6480,63.6573,NA,NA,NA,NA,NA,NA,NA,NA,NA,NA
144.133,5.3511,3.9160,5.6362,5.6510,53781.0960,77.4579,NA,NA,NA,NA,NA,NA,NA,NA,NA,NA
144.229,5.3494,3.8834,5.6342,5.6132,57335.6920,89.1867,NA,NA,NA,NA,NA,NA,NA,NA,NA,NA
144.329,5.3476,3.8480,5.6297,5.5296,57335.6920,89.1867,NA,NA,NA,NA,NA,NA,NA,NA,NA,NA
144.440,5.3423,3.7451,5.6276,5.4901,26312.6220,-13.1780,187314.5280,0.0000,NA,NA,NA,NA,NA,NA,NA,NA
144.529,5.3405,3.7090,5.6257,5.4531,51385.7440,69.5541,NA,NA,NA,NA,NA,NA,NA,NA,NA,NA
144.620,5.3390,3.6798,5.6227,5.3975,51385.7440,69.5541,NA,NA,NA,NA,NA,NA,NA,NA,NA,NA
144.717,5.3383,3.6680,5.6221,5.3858,28205.7000,-6.9316,185226.7040,0.0000,NA,NA,NA,NA,NA,NA,NA,NA
144.868,5.3342,3.5882,5.6221,5.3858,56853.1840,87.5946,NA,NA,NA,NA,NA,NA,NA,NA,NA,NA
144.927,5.3335,3.5730,5.6196,5.3394,56853.1840,87.5946,NA,NA,NA,NA,NA,NA,NA,NA,NA,NA
145.021,5.3331,3.5656,5.6194,5.3350,26223.0060,-13.4737,NA,NA,NA,NA,NA,NA,NA,NA,NA,NA
145.124,5.3333,3.5694,5.6158,5.2684,24451.1840,-19.3201,NA,NA,NA,NA,NA,NA,NA,NA,NA,NA
145.217,5.3333,3.5694,5.6125,5.2059,26513.7880,-12.5142,NA,NA,NA,NA,NA,NA,NA,NA,NA,NA
145.316,5.3233,3.3767,5.6118,5.1935,50522.7720,66.7066,NA,NA,NA,NA,NA,NA,NA,NA,NA,NA
145.413,5.3192,3.2956,5.6097,5.1542,54430.0120,79.5990,NA,NA,NA,NA,NA,NA,NA,NA,NA,NA
145.519,5.3190,3.2927,5.6085,5.1311,57509.0480,89.7587,NA,NA,NA,NA,NA,NA,NA,NA,NA,NA
145.614,5.3184,3.2815,5.6072,5.1066,57509.0480,89.7587,NA,NA,NA,NA,NA,NA,NA,NA,NA,NA
145.715,5.3184,3.2815,5.6043,5.0520,27018.1820,-10.8499,NA,NA,NA,NA,NA,NA,NA,NA,NA,NA
145.805,5.3146,3.2075,5.6025,5.0184,28536.3120,-5.8407,NA,NA,NA,NA,NA,NA,NA,NA,NA,NA
145.913,5.3143,3.2005,5.5993,4.9596,28536.3120,-5.8407,NA,NA,NA,NA,NA,NA,NA,NA,NA,NA
146.006,5.3155,3.2253,5.5979,4.9318,22296.7620,-26.4289,NA,NA,NA,NA,NA,NA,NA,NA,NA,NA
146.099,5.3155,3.2253,5.5979,4.9318,24642.2600,-18.6896,NA,NA,NA,NA,NA,NA,NA,NA,NA,NA
146.203,5.3149,3.2127,5.5977,4.9296,45625.5680,50.5476,NA,NA,NA,NA,NA,NA,NA,NA,NA,NA
146.295,5.3126,3.1672,5.5941,4.8614,51162.9240,68.8189,NA,NA,NA,NA,NA,NA,NA,NA,NA,NA
146.398,5.3087,3.0919,5.5898,4.7801,55707.7360,83.8151,NA,NA,NA,NA,NA,NA,NA,NA,NA,NA
146.489,5.3080,3.0785,5.5893,4.7716,58904.5160,94.3633,NA,NA,NA,NA,NA,NA,NA,NA,NA,NA
146.657,5.3080,3.0785,5.5866,4.7203,58904.5160,94.3633,NA,NA,NA,NA,NA,NA,NA,NA,NA,NA
146.694,5.3069,3.0575,5.5854,4.6977,27835.3080,-8.1537,NA,NA,NA,NA,NA,NA,NA,NA,NA,NA
146.791,5.3109,3.1354,5.5839,4.6700,29443.8520,-2.8461,NA,NA,NA,NA,NA,NA,NA,NA,NA,NA
146.894,5.3109,3.1354,5.5839,4.6700,29443.8520,-2.8461,NA,NA,NA,NA,NA,NA,NA,NA,NA,NA
146.994,5.3100,3.1184,5.5838,4.6692,22639.7560,-25.2971,NA,NA,NA,NA,NA,NA,NA,NA,NA,NA
147.079,5.3104,3.1252,5.5791,4.5807,24943.4000,-17.6959,NA,NA,NA,NA,NA,NA,NA,NA,NA,NA
147.176,5.3104,3.1252,5.5778,4.5550,46360.5200,52.9727,NA,NA,NA,NA,NA,NA,NA,NA,NA,NA
147.280,5.3084,3.0872,5.5759,4.5195,52059.3120,71.7766,NA,NA,NA,NA,NA,NA,NA,NA,NA,NA
147.371,5.3070,3.0600,5.5751,4.5050,57230.6000,88.8400,NA,NA,NA,NA,NA,NA,NA,NA,NA,NA
147.472,5.3056,3.0313,5.5742,4.4891,57230.6000,88.8400,NA,NA,NA,NA,NA,NA,NA,NA,NA,NA
147.579,5.3036,2.9925,5.5737,4.4786,26065.5340,-13.9933,NA,NA,NA,NA,NA,NA,NA,NA,NA,NA
147.686,5.3056,3.0322,5.5731,4.4679,26065.5340,-13.9933,NA,NA,NA,NA,NA,NA,NA,NA,NA,NA
147.773,5.3056,3.0322,5.5725,4.4565,25885.9760,-14.5858,NA,NA,NA,NA,NA,NA,NA,NA,NA,NA
147.872,5.2994,2.9123,5.5725,4.4564,47109.9920,55.4457,NA,NA,NA,NA,NA,NA,NA,NA,NA,NA
147.966,5.2961,2.8473,5.5717,4.4422,51340.2120,69.4038,NA,NA,NA,NA,NA,NA,NA,NA,NA,NA
148.073,5.2962,2.8503,5.5695,4.4010,55566.9600,83.3506,NA,NA,NA,NA,NA,NA,NA,NA,NA,NA
148.165,5.2962,2.8503,5.5682,4.3764,55566.9600,83.3506,NA,NA,NA,NA,NA,NA,NA,NA,NA,NA
148.274,5.2943,2.8118,5.5685,4.3821,25036.0100,-17.3904,184384.4000,0.0000,NA,NA,NA,NA,NA,NA,NA,NA
148.360,5.2927,2.7822,5.5685,4.3821,50050.0240,65.1467,NA,NA,NA,NA,NA,NA,NA,NA,NA,NA
148.459,5.2895,2.7187,5.5619,4.2574,50050.0240,65.1467,NA,NA,NA,NA,NA,NA,NA,NA,NA,NA
148.562,5.2878,2.6858,5.5591,4.2060,26365.3380,-13.0041,NA,NA,NA,NA,NA,NA,NA,NA,NA,NA
148.660,5.2873,2.6769,5.5591,4.2060,29583.9000,-2.3840,185917.1680,0.0000,NA,NA,NA,NA,NA,NA,NA,NA
148.757,5.2873,2.6769,5.5587,4.1973,60489.8400,99.5943,NA,NA,NA,NA,NA,NA,NA,NA,NA,NA
148.869,5.2863,2.6568,5.5575,4.1756,60489.8400,99.5943,NA,NA,NA,NA,NA,NA,NA,NA,NA,NA
148.961,5.2844,2.6205,5.5551,4.1308,27550.0800,-9.0949,NA,NA,NA,NA,NA,NA,NA,NA,NA,NA
149.102,5.2846,2.6243,5.5544,4.1170,25715.7860,-15.1474,NA,NA,NA,NA,NA,NA,NA,NA,NA,NA
149.154,5.2846,2.6243,5.5517,4.0666,47772.0880,57.6303,NA,NA,NA,NA,NA,NA,NA,NA,NA,NA
149.265,5.2811,2.5573,5.5500,4.0338,52630.4520,73.6612,NA,NA,NA,NA,NA,NA,NA,NA,NA,NA
149.356,5.2794,2.5240,5.5479,3.9955,55906.6520,84.4714,NA,NA,NA,NA,NA,NA,NA,NA,NA,NA
149.449,5.2740,2.4194,5.5454,3.9489,55906.6520,84.4714,NA,NA,NA,NA,NA,NA,NA,NA,NA,NA
149.620,5.2728,2.3960,5.5437,3.9170,25838.8140,-14.7414,NA,NA,NA,NA,NA,NA,NA,NA,NA,NA
149.648,5.2735,2.4095,5.5437,3.9170,27444.5760,-9.4430,NA,NA,NA,NA,NA,NA,NA,NA,NA,NA
149.744,5.2762,2.4617,5.5428,3.9002,29370.5200,-3.0881,NA,NA,NA,NA,NA,NA,NA,NA,NA,NA
149.846,5.2771,2.4792,5.5400,3.8472,29370.5200,-3.0881,NA,NA,NA,NA,NA,NA,NA,NA,NA,NA
149.939,5.2771,2.4792,5.5388,3.8246,23526.3580,-22.3717,NA,NA,NA,NA,NA,NA,NA,NA,NA,NA
150.044,5.2756,2.4489,5.5388,3.8246,25825.1120,-14.7866,NA,NA,NA,NA,NA,NA,NA,NA,NA,NA
150.139,5.2690,2.3213,5.5357,3.7675,48812.1920,61.0623,NA,NA,NA,NA,NA,NA,NA,NA,NA,NA
150.286,5.2682,2.3063,5.5310,3.6788,53917.3840,77.9076,NA,NA,NA,NA,NA,NA,NA,NA,NA,NA
150.333,5.2667,2.2766,5.5249,3.5633,57564.6520,89.9422,NA,NA,NA,NA,NA,NA,NA,NA,NA,NA
150.427,5.2627,2.1987,5.5240,3.5471,57564.6520,89.9422,NA,NA,NA,NA,NA,NA,NA,NA,NA,NA
150.529,5.2612,2.1702,5.5241,3.5501,26627.0620,-12.1405,NA,NA,NA,NA,NA,NA,NA,NA,NA,NA
150.631,5.2624,2.1930,5.5241,3.5501,28288.3540,-6.6588,NA,NA,NA,NA,NA,NA,NA,NA,NA,NA
150.732,5.2684,2.3096,5.5251,3.5674,28288.3540,-6.6588,NA,NA,NA,NA,NA,NA,NA,NA,NA,NA
150.848,5.2695,2.3306,5.5251,3.5674,21564.3100,-28.8457,NA,NA,NA,NA,NA,NA,NA,NA,NA,NA
150.926,5.2700,2.3403,5.5243,3.5524,23605.1420,-22.1117,NA,NA,NA,NA,NA,NA,NA,NA,NA,NA
151.022,5.2700,2.3403,5.5198,3.4677,26172.8300,-13.6393,NA,NA,NA,NA,NA,NA,NA,NA,NA,NA
151.127,5.2614,2.1736,5.5190,3.4531,49500.5280,63.3336,NA,NA,NA,NA,NA,NA,NA,NA,NA,NA
151.214,5.2613,2.1720,5.5190,3.4531,54977.4160,81.4053,NA,NA,NA,NA,NA,NA,NA,NA,NA,NA
151.323,5.2611,2.1689,5.5168,3.4127,59138.3320,95.1348,NA,NA,NA,NA,NA,NA,NA,NA,NA,NA
151.478,5.2611,2.1689,5.5168,3.4127,59138.3320,95.1348,NA,NA,NA,NA,NA,NA,NA,NA,NA,NA
151.519,5.2578,2.1038,5.5156,3.3893,27360.5060,-9.7204,NA,NA,NA,NA,NA,NA,NA,NA,NA,NA
151.607,5.2561,2.0713,5.5118,3.3177,29029.3480,-4.2138,NA,NA,NA,NA,NA,NA,NA,NA,NA,NA
151.704,5.2558,2.0650,5.5128,3.3369,29029.3480,-4.2138,NA,NA,NA,NA,NA,NA,NA,NA,NA,NA
151.807,5.2596,2.1398,5.5128,3.3369,21921.7320,-27.6663,NA,NA,NA,NA,NA,NA,NA,NA,NA,NA
151.921,5.2596,2.1398,5.5097,3.2784,54128.8880,78.6054,NA,NA,NA,NA,NA,NA,NA,NA,NA,NA
152.005,5.2521,1.9936,5.5097,3.2784,57999.1880,91.3760,NA,NA,NA,NA,NA,NA,NA,NA,NA,NA
152.115,5.2563,2.0752,5.5116,3.3158,57999.1880,91.3760,NA,NA,NA,NA,NA,NA,NA,NA,NA,NA
152.204,5.2563,2.0752,5.5116,3.3158,26526.9800,-12.4707,189202.5440,0.0000,NA,NA,NA,NA,NA,NA,NA,NA
152.301,5.2574,2.0967,5.5110,3.3042,52161.3840,72.1134,NA,NA,NA,NA,NA,NA,NA,NA,NA,NA
152.401,5.2574,2.0967,5.5079,3.2457,52161.3840,72.1134,NA,NA,NA,NA,NA,NA,NA,NA,NA,NA
152.496,5.2623,2.1920,5.5063,3.2161,27921.8980,-7.8680,187555.8080,0.0000,NA,NA,NA,NA,NA,NA,NA,NA
152.597,5.2623,2.1920,5.5038,3.1693,56223.7600,85.5178,NA,NA,NA,NA,NA,NA,NA,NA,NA,NA
152.696,5.2591,2.1286,5.5022,3.1390,56223.7600,85.5178,NA,NA,NA,NA,NA,NA,NA,NA,NA,NA
152.800,5.2568,2.0836,5.5022,3.1390,26617.8600,-12.1708,183953.4240,0.0000,NA,NA,NA,NA,NA,NA,NA,NA
152.895,5.2562,2.0733,5.5028,3.1507,28322.6860,-6.5455,195950.0960,0.0000,NA,NA,NA,NA,NA,NA,NA,NA
153.000,5.2557,2.0624,5.5028,3.1507,55185.4640,82.0918,NA,NA,NA,NA,NA,NA,NA,NA,NA,NA
153.100,5.2551,2.0522,5.5023,3.1398,55185.4640,82.0918,NA,NA,NA,NA,NA,NA,NA,NA,NA,NA
153.220,5.2551,2.0522,5.5026,3.1470,28682.8820,-5.3570,182721.7120,0.0000,NA,NA,NA,NA,NA,NA,NA,NA
153.300,5.2549,2.0479,5.5026,3.1470,28919.4440,-4.5765,NA,NA,NA,NA,NA,NA,NA,NA,NA,NA
153.396,5.2549,2.0479,5.5001,3.0988,28919.4440,-4.5765,NA,NA,NA,NA,NA,NA,NA,NA,NA,NA
153.500,5.2550,2.0494,5.4978,3.0556,22999.8880,-24.1088,NA,NA,NA,NA,NA,NA,NA,NA,NA,NA
153.596,5.2550,2.0494,5.4940,2.9849,24572.4140,-18.9201,NA,NA,NA,NA,NA,NA,NA,NA,NA,NA
153.694,5.2505,1.9614,5.4923,2.9525,45895.7720,51.4392,NA,NA,NA,NA,NA,NA,NA,NA,NA,NA
153.795,5.2507,1.9652,5.5088,3.2630,49034.7440,61.7966,NA,NA,NA,NA,NA,NA,NA,NA,NA,NA
153.895,5.2712,2.3639,5.5322,3.7010,53350.1400,76.0359,NA,NA,NA,NA,NA,NA,NA,NA,NA,NA
153.988,5.3062,3.0433,5.5791,4.5806,58122.5480,91.7831,NA,NA,NA,NA,NA,NA,NA,NA,NA,NA
154.086,5.3614,4.1152,5.6237,5.4160,58122.5480,91.7831,NA,NA,NA,NA,NA,NA,NA,NA,NA,NA
154.184,5.3867,4.6079,5.6732,6.3447,26774.8780,-11.6527,NA,NA,NA,NA,NA,NA,NA,NA,NA,NA
154.286,5.4390,5.6218,5.7095,7.0242,29106.5780,-3.9590,NA,NA,NA,NA,NA,NA,NA,NA,NA,NA
154.377,5.4830,6.4771,5.7712,8.1810,29106.5780,-3.9590,NA,NA,NA,NA,NA,NA,NA,NA,NA,NA
154.482,5.5229,7.2527,5.8132,8.9678,23418.0220,-22.7291,NA,NA,NA,NA,NA,NA,NA,NA,NA,NA
154.573,5.5504,7.7857,5.8477,9.6154,25092.4720,-17.2041,NA,NA,NA,NA,NA,NA,NA,NA,NA,NA
154.674,5.5645,8.0600,5.8825,10.2667,46914.5920,54.8009,NA,NA,NA,NA,NA,NA,NA,NA,NA,NA
154.770,5.5788,8.3366,5.9257,11.0777,50281.4080,65.9102,NA,NA,NA,NA,NA,NA,NA,NA,NA,NA
154.866,5.6015,8.7775,5.9463,11.4629,54541.1440,79.9657,NA,NA,NA,NA,NA,NA,NA,NA,NA,NA
155.024,5.6324,9.3781,5.9735,11.9723,54541.1440,79.9657,NA,NA,NA,NA,NA,NA,NA,NA,NA,NA
155.066,5.6533,9.7837,5.9990,12.4510,25211.1860,-16.8123,NA,NA,NA,NA,NA,NA,NA,NA,NA,NA
155.170,5.6763,10.2301,6.0142,12.7363,26895.3120,-11.2554,NA,NA,NA,NA,NA,NA,NA,NA,NA,NA
155.270,5.7000,10.6904,6.0349,13.1243,29562.9580,-2.4531,NA,NA,NA,NA,NA,NA,NA,NA,NA,NA
155.358,5.7201,11.0820,6.0729,13.8367,29562.9580,-2.4531,NA,NA,NA,NA,NA,NA,NA,NA,NA,NA
155.455,5.7431,11.5280,6.0966,14.2810,23840.2820,-21.3358,NA,NA,NA,NA,NA,NA,NA,NA,NA,NA
155.552,5.7553,11.7660,6.1231,14.7783,25594.8400,-15.5464,NA,NA,NA,NA,NA,NA,NA,NA,NA,NA
155.674,5.7692,12.0349,6.1476,15.2367,48079.5680,58.6449,NA,NA,NA,NA,NA,NA,NA,NA,NA,NA
155.754,5.7784,12.2134,6.1677,15.6133,51477.2680,69.8561,NA,NA,NA,NA,NA,NA,NA,NA,NA,NA
155.847,5.7860,12.3617,6.1945,16.1154,55769.7680,84.0197,NA,NA,NA,NA,NA,NA,NA,NA,NA,NA
155.954,5.8000,12.6338,6.2154,16.5073,55769.7680,84.0197,NA,NA,NA,NA,NA,NA,NA,NA,NA,NA
156.054,5.8120,12.8661,6.2304,16.7895,25781.1620,-14.9316,NA,NA,NA,NA,NA,NA,NA,NA,NA,NA
156.150,5.8348,13.3097,6.2492,17.1411,24399.9700,-19.4891,NA,NA,NA,NA,NA,NA,NA,NA,NA,NA
156.277,5.8354,13.3210,6.2729,17.5853,26103.8740,-13.8668,NA,NA,NA,NA,NA,NA,NA,NA,NA,NA
156.348,5.8498,13.6000,6.2952,18.0029,48173.2520,58.9540,NA,NA,NA,NA,NA,NA,NA,NA,NA,NA
156.450,5.8557,13.7152,6.3148,18.3717,51505.2520,69.9484,NA,NA,NA,NA,NA,NA,NA,NA,NA,NA
156.544,5.8648,13.8917,6.3297,18.6508,54547.3120,79.9861,NA,NA,NA,NA,NA,NA,NA,NA,NA,NA
156.647,5.8732,14.0541,6.3494,19.0190,54547.3120,79.9861,NA,NA,NA,NA,NA,NA,NA,NA,NA,NA
156.737,5.8912,14.4044,6.3692,19.3899,26745.1000,-11.7510,192409.3440,0.0000,NA,NA,NA,NA,NA,NA,NA,NA
156.843,5.9042,14.6569,6.3871,19.7265,52512.6480,73.2724,NA,NA,NA,NA,NA,NA,NA,NA,NA,NA
156.940,5.9141,14.8494,6.3956,19.8862,52512.6480,73.2724,NA,NA,NA,NA,NA,NA,NA,NA,NA,NA
157.047,5.9180,14.9256,6.4015,19.9954,27127.2360,-10.4901,180728.3200,0.0000,NA,NA,NA,NA,NA,NA,NA,NA
157.137,5.9188,14.9401,6.4047,20.0558,56869.6320,87.6489,NA,NA,NA,NA,NA,NA,NA,NA,NA,NA
157.236,5.9188,14.9401,6.4047,20.0558,NA,NA,NA,NA,NA,NA,NA,NA,NA,NA,NA,NA
157.333,5.9186,14.9364,6.4022,20.0084,NA,NA,NA,NA,NA,NA,NA,NA,NA,NA,NA,NA
157.478,5.9167,14.8985,6.3941,19.8573,30907.7940,1.9844,NA,NA,NA,NA,NA,NA,NA,NA,NA,NA
157.543,5.9153,14.8718,6.3874,19.7315,32018.3060,5.6486,192418.6560,0.0000,NA,NA,NA,NA,NA,NA,NA,NA
157.646,5.9153,14.8724,6.3763,19.5227,32018.3060,5.6486,192418.6560,0.0000,NA,NA,NA,NA,NA,NA,NA,NA
157.738,5.9153,14.8724,6.3705,19.4150,25751.3960,-15.0299,190681.6160,0.0000,NA,NA,NA,NA,NA,NA,NA,NA
157.839,5.9050,14.6714,6.3584,19.1889,50200.5480,65.6434,NA,NA,NA,NA,NA,NA,NA,NA,NA,NA
157.939,5.8944,14.4657,6.3404,18.8515,50200.5480,65.6434,NA,NA,NA,NA,NA,NA,NA,NA,NA,NA
158.071,5.8892,14.3654,6.3305,18.6649,26469.9420,-12.6589,NA,NA,NA,NA,NA,NA,NA,NA,NA,NA
158.128,5.8798,14.1836,6.3227,18.5186,28844.9340,-4.8223,186474.0160,0.0000,NA,NA,NA,NA,NA,NA,NA,NA
158.235,5.8722,14.0350,6.3040,18.1686,29437.2260,-2.8680,NA,NA,NA,NA,NA,NA,NA,NA,NA,NA
158.345,5.8628,13.8522,6.2939,17.9781,29437.2260,-2.8680,NA,NA,NA,NA,NA,NA,NA,NA,NA,NA
158.437,5.8528,13.6592,6.2760,17.6432,23464.4240,-22.5760,NA,NA,NA,NA,NA,NA,NA,NA,NA,NA
158.539,5.8476,13.5581,6.2660,17.4570,25065.3760,-17.2935,NA,NA,NA,NA,NA,NA,NA,NA,NA,NA
158.632,5.8436,13.4798,6.2522,17.1981,46904.8000,54.7686,NA,NA,NA,NA,NA,NA,NA,NA,NA,NA
158.731,5.8587,13.7729,6.2912,17.9279,50110.3240,65.3457,NA,NA,NA,NA,NA,NA,NA,NA,NA,NA
158.826,5.9071,14.7128,6.3221,18.5070,54760.4680,80.6894,NA,NA,NA,NA,NA,NA,NA,NA,NA,NA
158.935,5.9495,15.5373,6.3686,19.3800,54760.4680,80.6894,NA,NA,NA,NA,NA,NA,NA,NA,NA,NA
159.028,5.9934,16.3897,6.4055,20.0712,25095.6040,-17.1937,NA,NA,NA,NA,NA,NA,NA,NA,NA,NA
159.126,6.0239,16.9810,6.4383,20.6855,26941.7220,-11.1022,NA,NA,NA,NA,NA,NA,NA,NA,NA,NA
159.219,6.0663,17.8040,6.4829,21.5223,29873.3540,-1.4289,NA,NA,NA,NA,NA,NA,NA,NA,NA,NA
159.315,6.0857,18.1810,6.5010,21.8618,29873.3540,-1.4289,NA,NA,NA,NA,NA,NA,NA,NA,NA,NA
159.415,6.0945,18.3530,6.5011,21.8623,23921.8300,-21.0667,NA,NA,NA,NA,NA,NA,NA,NA,NA,NA
159.512,6.0945,18.3530,6.5011,21.8623,25557.6680,-15.6691,NA,NA,NA,NA,NA,NA,NA,NA,NA,NA
159.618,6.0917,18.2980,6.4924,21.7003,48002.0720,58.3892,NA,NA,NA,NA,NA,NA,NA,NA,NA,NA
159.710,6.0856,18.1795,6.4808,21.4827,51246.0080,69.0930,NA,NA,NA,NA,NA,NA,NA,NA,NA,NA
159.812,6.0770,18.0128,6.4613,21.1169,55841.3520,84.2559,NA,NA,NA,NA,NA,NA,NA,NA,NA,NA
159.905,6.0673,17.8233,6.4462,20.8348,55841.3520,84.2559,NA,NA,NA,NA,NA,NA,NA,NA,NA,NA
159.999,6.0546,17.5781,6.4339,20.6029,25784.8340,-14.9195,NA,NA,NA,NA,NA,NA,NA,NA,NA,NA
160.106,6.0538,17.5624,6.4211,20.3643,27487.0620,-9.3028,NA,NA,NA,NA,NA,NA,NA,NA,NA,NA
160.196,6.0514,17.5147,6.4001,19.9694,27487.0620,-9.3028,NA,NA,NA,NA,NA,NA,NA,NA,NA,NA
160.302,6.0507,17.5021,6.3838,19.6636,22115.3720,-27.0274,NA,NA,NA,NA,NA,NA,NA,NA,NA,NA
160.425,6.0392,17.2780,6.3718,19.4391,51396.4320,69.5893,NA,NA,NA,NA,NA,NA,NA,NA,NA,NA
160.509,6.0339,17.1746,6.3590,19.2001,54044.0800,78.3256,NA,NA,NA,NA,NA,NA,NA,NA,NA,NA
160.597,6.0259,17.0204,6.3430,18.8998,54044.0800,78.3256,NA,NA,NA,NA,NA,NA,NA,NA,NA,NA
160.698,6.0145,16.7979,6.3337,18.7257,27306.0280,-9.9001,191096.6560,0.0000,NA,NA,NA,NA,NA,NA,NA,NA
160.796,6.0089,16.6908,6.3241,18.5459,53338.2320,75.9966,NA,NA,NA,NA,NA,NA,NA,NA,NA,NA
160.893,5.9928,16.3774,6.3180,18.4313,53338.2320,75.9966,NA,NA,NA,NA,NA,NA,NA,NA,NA,NA
161.010,5.9798,16.1251,6.3069,18.2233,27194.2180,-10.2691,177392.5760,0.0000,NA,NA,NA,NA,NA,NA,NA,NA
161.095,5.9751,16.0343,6.2942,17.9845,57840.0880,90.8510,NA,NA,NA,NA,NA,NA,NA,NA,NA,NA
161.188,5.9655,15.8463,6.2856,17.8234,57840.0880,90.8510,NA,NA,NA,NA,NA,NA,NA,NA,NA,NA
161.301,5.9592,15.7247,6.2707,17.5446,26045.2500,-14.0602,NA,NA,NA,NA,NA,NA,NA,NA,NA,NA
161.393,5.9472,15.4912,6.2606,17.3547,26045.2500,-14.0602,NA,NA,NA,NA,NA,NA,NA,NA,NA,NA
161.495,5.9442,15.4334,6.2534,17.2206,25921.7140,-14.4679,NA,NA,NA,NA,NA,NA,NA,NA,NA,NA
161.593,5.9312,15.1814,6.2434,17.0324,47187.7640,55.7023,NA,NA,NA,NA,NA,NA,NA,NA,NA,NA
161.693,5.9251,15.0629,6.2367,16.9066,51390.4960,69.5698,NA,NA,NA,NA,NA,NA,NA,NA,NA,NA
161.786,5.9219,14.9995,6.2235,16.6602,55605.1960,83.4767,NA,NA,NA,NA,NA,NA,NA,NA,NA,NA
161.881,5.9168,14.9011,6.2205,16.6036,55605.1960,83.4767,NA,NA,NA,NA,NA,NA,NA,NA,NA,NA
161.988,5.9152,14.8707,6.2087,16.3822,25041.7780,-17.3713,183681.4080,0.0000,NA,NA,NA,NA,NA,NA,NA,NA
162.080,5.9152,14.8707,6.2030,16.2746,50060.6640,65.1818,NA,NA,NA,NA,NA,NA,NA,NA,NA,NA
162.189,5.9121,14.8096,6.1918,16.0647,50060.6640,65.1818,NA,NA,NA,NA,NA,NA,NA,NA,NA,NA
162.290,5.8990,14.5555,6.1869,15.9732,26335.3940,-13.1029,NA,NA,NA,NA,NA,NA,NA,NA,NA,NA
162.382,5.8957,14.4916,6.1855,15.9470,29551.7780,-2.4900,188184.8480,0.0000,NA,NA,NA,NA,NA,NA,NA,NA
162.472,5.8910,14.3996,6.1807,15.8576,60693.2000,100.2653,NA,NA,NA,NA,NA,NA,NA,NA,NA,NA
162.580,5.8852,14.2870,6.1732,15.7159,60693.2000,100.2653,NA,NA,NA,NA,NA,NA,NA,NA,NA,NA
162.677,5.8832,14.2482,6.1703,15.6631,27616.2080,-8.8767,NA,NA,NA,NA,NA,NA,NA,NA,NA,NA
162.780,5.8801,14.1892,6.1615,15.4977,25701.6480,-15.1940,NA,NA,NA,NA,NA,NA,NA,NA,NA,NA
162.881,5.8768,14.1252,6.1515,15.3102,47914.2920,58.0996,NA,NA,NA,NA,NA,NA,NA,NA,NA,NA
162.972,5.8698,13.9893,6.1447,15.1814,52418.9600,72.9633,NA,NA,NA,NA,NA,NA,NA,NA,NA,NA
163.071,5.8619,13.8357,6.1414,15.1206,55396.2040,82.7871,NA,NA,NA,NA,NA,NA,NA,NA,NA,NA
163.170,5.8496,13.5958,6.1357,15.0129,55396.2040,82.7871,NA,NA,NA,NA,NA,NA,NA,NA,NA,NA
163.273,5.8440,13.4884,6.1317,14.9379,25796.1400,-14.8822,NA,NA,NA,NA,NA,NA,NA,NA,NA,NA
163.412,5.8380,13.3719,6.1243,14.7994,27311.6200,-9.8817,NA,NA,NA,NA,NA,NA,NA,NA,NA,NA
163.457,5.8393,13.3961,6.1209,14.7364,29324.7420,-3.2391,NA,NA,NA,NA,NA,NA,NA,NA,NA,NA
163.558,5.8393,13.3961,6.1176,14.6746,29324.7420,-3.2391,NA,NA,NA,NA,NA,NA,NA,NA,NA,NA
163.658,5.8361,13.3336,6.1154,14.6336,23662.7040,-21.9218,NA,NA,NA,NA,NA,NA,NA,NA,NA,NA
163.758,5.8319,13.2534,6.1113,14.5567,25884.6280,-14.5902,NA,NA,NA,NA,NA,NA,NA,NA,NA,NA
163.853,5.8229,13.0770,6.1058,14.4537,48859.8640,61.2196,NA,NA,NA,NA,NA,NA,NA,NA,NA,NA
163.951,5.8181,12.9847,6.1056,14.4494,53541.8320,76.6684,NA,NA,NA,NA,NA,NA,NA,NA,NA,NA
164.049,5.8161,12.9465,6.0996,14.3373,56642.1800,86.8984,NA,NA,NA,NA,NA,NA,NA,NA,NA,NA
164.145,5.8091,12.8091,6.0967,14.2830,56642.1800,86.8984,NA,NA,NA,NA,NA,NA,NA,NA,NA,NA
164.246,5.8065,12.7602,6.0955,14.2602,26453.3880,-12.7135,NA,NA,NA,NA,NA,NA,NA,NA,NA,NA
164.342,5.8057,12.7442,6.0929,14.2115,28022.5900,-7.5357,NA,NA,NA,NA,NA,NA,NA,NA,NA,NA
164.444,5.8054,12.7377,6.0919,14.1918,28022.5900,-7.5357,NA,NA,NA,NA,NA,NA,NA,NA,NA,NA
164.539,5.8066,12.7621,6.0904,14.1642,21708.2360,-28.3708,NA,NA,NA,NA,NA,NA,NA,NA,NA,NA
164.673,5.8078,12.7842,6.0858,14.0785,23855.6440,-21.2851,NA,NA,NA,NA,NA,NA,NA,NA,NA,NA
164.738,5.8078,12.7842,6.0778,13.9274,26306.5940,-13.1979,NA,NA,NA,NA,NA,NA,NA,NA,NA,NA
164.832,5.7997,12.6282,6.0778,13.9290,49963.9680,64.8627,NA,NA,NA,NA,NA,NA,NA,NA,NA,NA
164.934,5.7849,12.3403,6.0778,13.9290,54759.0440,80.6847,NA,NA,NA,NA,NA,NA,NA,NA,NA,NA
165.026,5.7836,12.3147,6.0731,13.8409,57980.1320,91.3131,NA,NA,NA,NA,NA,NA,NA,NA,NA,NA
165.128,5.7860,12.3606,6.0713,13.8072,57980.1320,91.3131,NA,NA,NA,NA,NA,NA,NA,NA,NA,NA
165.224,5.7860,12.3606,6.0705,13.7916,27157.0180,-10.3918,NA,NA,NA,NA,NA,NA,NA,NA,NA,NA
165.326,5.7855,12.3508,6.0700,13.7824,28729.9120,-5.2018,NA,NA,NA,NA,NA,NA,NA,NA,NA,NA
165.430,5.7855,12.3508,6.0675,13.7357,28729.9120,-5.2018,NA,NA,NA,NA,NA,NA,NA,NA,NA,NA
165.527,5.7853,12.3475,6.0673,13.7306,22122.0980,-27.0052,NA,NA,NA,NA,NA,NA,NA,NA,NA,NA
165.629,5.7853,12.3475,6.0661,13.7087,53861.4000,77.7228,NA,NA,NA,NA,NA,NA,NA,NA,NA,NA
165.722,5.7790,12.2260,6.0650,13.6885,56912.9360,87.7918,NA,NA,NA,NA,NA,NA,NA,NA,NA,NA
165.863,5.7743,12.1331,6.0625,13.6412,56912.9360,87.7918,NA,NA,NA,NA,NA,NA,NA,NA,NA,NA
165.927,5.7723,12.0961,6.0603,13.6006,26690.8260,-11.9301,191249.2320,0.0000,NA,NA,NA,NA,NA,NA,NA,NA
166.020,5.7679,12.0089,6.0585,13.5671,51799.3360,70.9188,NA,NA,NA,NA,NA,NA,NA,NA,NA,NA
166.121,5.7656,11.9646,6.0580,13.5580,51799.3360,70.9188,NA,NA,NA,NA,NA,NA,NA,NA,NA,NA
166.217,5.7656,11.9646,6.0541,13.4834,28372.8240,-6.3801,184909.0720,0.0000,NA,NA,NA,NA,NA,NA,NA,NA
166.321,5.7587,11.8314,6.0506,13.4182,58225.0160,92.1212,NA,NA,NA,NA,NA,NA,NA,NA,NA,NA
166.414,5.7554,11.7671,6.0482,13.3741,58225.0160,92.1212,NA,NA,NA,NA,NA,NA,NA,NA,NA,NA
166.518,5.7554,11.7671,6.0461,13.3342,26693.8560,-11.9201,196335.2480,0.0000,NA,NA,NA,NA,NA,NA,NA,NA
166.615,5.7499,11.6606,6.0443,13.3012,29028.3040,-4.2173,197520.1920,0.0000,NA,NA,NA,NA,NA,NA,NA,NA
166.713,5.7499,11.6606,6.0441,13.2962,57324.1520,89.1486,NA,NA,NA,NA,NA,NA,NA,NA,NA,NA
166.808,5.7486,11.6355,6.0373,13.1692,57324.1520,89.1486,NA,NA,NA,NA,NA,NA,NA,NA,NA,NA
166.920,5.7442,11.5502,6.0344,13.1142,28387.5260,-6.3316,183317.7600,0.0000,NA,NA,NA,NA,NA,NA,NA,NA
167.020,5.7424,11.5148,6.0340,13.1079,29114.5100,-3.9328,NA,NA,NA,NA,NA,NA,NA,NA,NA,NA
167.117,5.7441,11.5471,6.0300,13.0323,29114.5100,-3.9328,NA,NA,NA,NA,NA,NA,NA,NA,NA,NA
167.213,5.7449,11.5636,6.0266,12.9691,23165.1680,-23.5635,NA,NA,NA,NA,NA,NA,NA,NA,NA,NA
167.316,5.7449,11.5636,6.0245,12.9295,24610.5820,-18.7941,NA,NA,NA,NA,NA,NA,NA,NA,NA,NA
167.408,5.7429,11.5250,6.0226,12.8931,45550.1920,50.2989,NA,NA,NA,NA,NA,NA,NA,NA,NA,NA
167.514,5.7335,11.3409,6.0182,12.8117,48988.1160,61.6428,NA,NA,NA,NA,NA,NA,NA,NA,NA,NA
167.612,5.7298,11.2702,6.0167,12.7832,53419.4080,76.2644,NA,NA,NA,NA,NA,NA,NA,NA,NA,NA
167.707,5.7299,11.2726,6.0140,12.7326,57353.8080,89.2465,NA,NA,NA,NA,NA,NA,NA,NA,NA,NA
167.804,5.7299,11.2726,6.0108,12.6725,57353.8080,89.2465,NA,NA,NA,NA,NA,NA,NA,NA,NA,NA
167.908,5.7261,11.1977,6.0100,12.6580,26271.9620,-13.3122,189751.0400,0.0000,NA,NA,NA,NA,NA,NA,NA,NA
168.011,5.7276,11.2278,6.0087,12.6335,51459.7920,69.7984,NA,NA,NA,NA,NA,NA,NA,NA,NA,NA
168.100,5.7276,11.2278,6.0012,12.4922,51459.7920,69.7984,NA,NA,NA,NA,NA,NA,NA,NA,NA,NA
168.210,5.7216,11.1097,5.9990,12.4519,28150.2320,-7.1146,186833.0080,0.0000,NA,NA,NA,NA,NA,NA,NA,NA
168.300,5.7184,11.0484,5.9943,12.3633,56709.3560,87.1200,NA,NA,NA,NA,NA,NA,NA,NA,NA,NA
168.403,5.7157,10.9953,5.9906,12.2929,56709.3560,87.1200,NA,NA,NA,NA,NA,NA,NA,NA,NA,NA
168.496,5.7141,10.9644,5.9893,12.2701,26125.2460,-13.7963,NA,NA,NA,NA,NA,NA,NA,NA,NA,NA
168.595,5.7141,10.9644,5.9888,12.2600,24482.4860,-19.2168,NA,NA,NA,NA,NA,NA,NA,NA,NA,NA
168.694,5.7060,10.8073,5.9872,12.2293,26448.6920,-12.7290,NA,NA,NA,NA,NA,NA,NA,NA,NA,NA
168.808,5.7002,10.6960,5.9845,12.1800,50351.9120,66.1428,NA,NA,NA,NA,NA,NA,NA,NA,NA,NA
168.887,5.6929,10.5540,5.9862,12.2109,54187.0000,78.7972,NA,NA,NA,NA,NA,NA,NA,NA,NA,NA
168.985,5.6903,10.5030,5.9862,12.2109,57282.5280,89.0113,NA,NA,NA,NA,NA,NA,NA,NA,NA,NA
169.088,5.6893,10.4833,5.9825,12.1426,57282.5280,89.0113,NA,NA,NA,NA,NA,NA,NA,NA,NA,NA
169.185,5.6861,10.4216,5.9806,12.1063,26795.1040,-11.5860,NA,NA,NA,NA,NA,NA,NA,NA,NA,NA
169.286,5.6845,10.3910,5.9745,11.9922,28218.9120,-6.8880,NA,NA,NA,NA,NA,NA,NA,NA,NA,NA
169.381,5.6824,10.3495,5.9739,11.9809,28218.9120,-6.8880,NA,NA,NA,NA,NA,NA,NA,NA,NA,NA
169.484,5.6799,10.3000,5.9739,11.9809,22414.1180,-26.0416,NA,NA,NA,NA,NA,NA,NA,NA,NA,NA
169.596,5.6810,10.3222,5.9682,11.8747,24632.9860,-18.7202,NA,NA,NA,NA,NA,NA,NA,NA,NA,NA
169.676,5.6810,10.3222,5.9640,11.7955,46090.8640,52.0829,NA,NA,NA,NA,NA,NA,NA,NA,NA,NA
169.780,5.6719,10.1462,5.9650,11.8141,51293.4360,69.2495,NA,NA,NA,NA,NA,NA,NA,NA,NA,NA
169.874,5.6690,10.0889,5.9650,11.8141,55479.2520,83.0612,NA,NA,NA,NA,NA,NA,NA,NA,NA,NA
169.973,5.6685,10.0801,5.9649,11.8111,58469.0200,92.9263,NA,NA,NA,NA,NA,NA,NA,NA,NA,NA
170.084,5.6685,10.0801,5.9649,11.8129,58469.0200,92.9263,NA,NA,NA,NA,NA,NA,NA,NA,NA,NA
170.178,5.6667,10.0453,5.9649,11.8129,27413.9460,-9.5440,NA,NA,NA,NA,NA,NA,NA,NA,NA,NA
170.272,5.6665,10.0404,5.9592,11.7051,28849.7840,-4.8063,NA,NA,NA,NA,NA,NA,NA,NA,NA,NA
170.368,5.6665,10.0404,5.9549,11.6245,28849.7840,-4.8063,NA,NA,NA,NA,NA,NA,NA,NA,NA,NA
170.464,5.6655,10.0209,5.9521,11.5717,50623.3120,67.0383,NA,NA,NA,NA,NA,NA,NA,NA,NA,NA
170.567,5.6552,9.8209,5.9491,11.5152,53849.3720,77.6831,NA,NA,NA,NA,NA,NA,NA,NA,NA,NA
170.685,5.6478,9.6769,5.9491,11.5152,53849.3720,77.6831,NA,NA,NA,NA,NA,NA,NA,NA,NA,NA
170.766,5.6496,9.7134,5.9462,11.4622,24376.5320,-19.5664,NA,NA,NA,NA,NA,NA,NA,NA,NA,NA
170.861,5.6496,9.7134,5.9450,11.4389,27704.0240,-8.5869,195058.7360,0.0000,NA,NA,NA,NA,NA,NA,NA,NA
170.957,5.6454,9.6318,5.9436,11.4130,53992.2640,78.1546,NA,NA,NA,NA,NA,NA,NA,NA,NA,NA
171.054,5.6416,9.5578,5.9416,11.3753,53992.2640,78.1546,NA,NA,NA,NA,NA,NA,NA,NA,NA,NA
171.154,5.6416,9.5578,5.9328,11.2104,29003.7040,-4.2984,181627.8080,0.0000,NA,NA,NA,NA,NA,NA,NA,NA
171.248,5.6392,9.5100,5.9328,11.2104,60576.2680,99.8794,NA,NA,NA,NA,NA,NA,NA,NA,NA,NA
171.356,5.6379,9.4856,5.9288,11.1357,60576.2680,99.8794,NA,NA,NA,NA,NA,NA,NA,NA,NA,NA
171.457,5.6356,9.4399,5.9278,11.1172,26761.3680,-11.6973,NA,NA,NA,NA,NA,NA,NA,NA,NA,NA
171.553,5.6354,9.4369,5.9278,11.1172,25226.6360,-16.7614,NA,NA,NA,NA,NA,NA,NA,NA,NA,NA
171.654,5.6354,9.4369,5.9227,11.0218,46964.5680,54.9658,NA,NA,NA,NA,NA,NA,NA,NA,NA,NA
171.747,5.6323,9.3768,5.9223,11.0139,50012.9000,65.0242,NA,NA,NA,NA,NA,NA,NA,NA,NA,NA
171.873,5.6295,9.3214,5.9222,11.0109,53625.5280,76.9445,NA,NA,NA,NA,NA,NA,NA,NA,NA,NA
171.952,5.6181,9.1015,5.9214,10.9967,58326.9680,92.4576,NA,NA,NA,NA,NA,NA,NA,NA,NA,NA
172.051,5.6134,9.0100,5.9189,10.9496,58326.9680,92.4576,NA,NA,NA,NA,NA,NA,NA,NA,NA,NA
172.140,5.6121,8.9841,5.9189,10.9496,26557.4660,-12.3701,NA,NA,NA,NA,NA,NA,NA,NA,NA,NA
172.240,5.6104,8.9513,5.9167,10.9093,28716.5320,-5.2460,NA,NA,NA,NA,NA,NA,NA,NA,NA,NA
172.396,5.6104,8.9513,5.9130,10.8387,28716.5320,-5.2460,NA,NA,NA,NA,NA,NA,NA,NA,NA,NA
172.445,5.6093,8.9297,5.9086,10.7574,23535.6280,-22.3411,NA,NA,NA,NA,NA,NA,NA,NA,NA,NA
172.532,5.6088,8.9211,5.9058,10.7050,25355.7800,-16.3352,NA,NA,NA,NA,NA,NA,NA,NA,NA,NA
172.639,5.6088,8.9211,5.9026,10.6444,47955.8000,58.2365,NA,NA,NA,NA,NA,NA,NA,NA,NA,NA
172.739,5.6009,8.7667,5.9023,10.6385,50924.3040,68.0315,NA,NA,NA,NA,NA,NA,NA,NA,NA,NA
172.828,5.5954,8.6609,5.9023,10.6385,54689.4480,80.4551,NA,NA,NA,NA,NA,NA,NA,NA,NA,NA
172.932,5.5913,8.5799,5.8974,10.5467,54689.4480,80.4551,NA,NA,NA,NA,NA,NA,NA,NA,NA,NA
173.023,5.5881,8.5174,5.8945,10.4922,25127.6940,-17.0878,NA,NA,NA,NA,NA,NA,NA,NA,NA,NA
173.127,5.5881,8.5174,5.8908,10.4236,26579.7520,-12.2966,NA,NA,NA,NA,NA,NA,NA,NA,NA,NA
173.218,5.5873,8.5025,5.8891,10.3917,29223.0780,-3.5746,NA,NA,NA,NA,NA,NA,NA,NA,NA,NA
173.327,5.5877,8.5096,5.8891,10.3917,29223.0780,-3.5746,NA,NA,NA,NA,NA,NA,NA,NA,NA,NA
173.417,5.5908,8.5713,5.8849,10.3116,24012.4540,-20.7677,NA,NA,NA,NA,NA,NA,NA,NA,NA,NA
173.522,5.5908,8.5713,5.8798,10.2166,25796.9760,-14.8795,NA,NA,NA,NA,NA,NA,NA,NA,NA,NA
173.610,5.5765,8.2930,5.8769,10.1631,48903.7880,61.3645,NA,NA,NA,NA,NA,NA,NA,NA,NA,NA
173.712,5.5625,8.0218,5.8737,10.1028,51980.7840,71.5175,NA,NA,NA,NA,NA,NA,NA,NA,NA,NA
173.811,5.5599,7.9700,5.8724,10.0782,55796.2520,84.1071,NA,NA,NA,NA,NA,NA,NA,NA,NA,NA
173.907,5.5614,7.9999,5.8724,10.0782,55796.2520,84.1071,NA,NA,NA,NA,NA,NA,NA,NA,NA,NA
174.012,5.5614,7.9999,5.8719,10.0695,25736.8300,-15.0779,NA,NA,NA,NA,NA,NA,NA,NA,NA,NA
174.108,5.5587,7.9465,5.8719,10.0695,25736.8300,-15.0779,NA,NA,NA,NA,NA,NA,NA,NA,NA,NA
174.209,5.5579,7.9323,5.8680,9.9959,26300.5300,-13.2179,NA,NA,NA,NA,NA,NA,NA,NA,NA,NA
174.311,5.5553,7.8814,5.8648,9.9358,47916.4080,58.1065,NA,NA,NA,NA,NA,NA,NA,NA,NA,NA
174.401,5.5435,7.6520,5.8632,9.9050,51009.7520,68.3134,NA,NA,NA,NA,NA,NA,NA,NA,NA,NA
174.509,5.5421,7.6250,5.8629,9.9007,53688.5920,77.1526,NA,NA,NA,NA,NA,NA,NA,NA,NA,NA
174.599,5.5436,7.6538,5.8611,9.8654,53688.5920,77.1526,NA,NA,NA,NA,NA,NA,NA,NA,NA,NA
174.705,5.5436,7.6538,5.8611,9.8654,27120.4680,-10.5124,187649.4400,0.0000,NA,NA,NA,NA,NA,NA,NA,NA
174.795,5.5409,7.6011,5.8605,9.8552,52799.3320,74.2184,NA,NA,NA,NA,NA,NA,NA,NA,NA,NA
174.899,5.5388,7.5615,5.8566,9.7816,52799.3320,74.2184,NA,NA,NA,NA,NA,NA,NA,NA,NA,NA
174.997,5.5388,7.5615,5.8545,9.7417,27353.9660,-9.7420,174814.7360,0.0000,NA,NA,NA,NA,NA,NA,NA,NA
175.110,5.5351,7.4898,5.8522,9.6994,57976.0400,91.2996,NA,NA,NA,NA,NA,NA,NA,NA,NA,NA
175.192,5.5312,7.4135,5.8517,9.6906,57976.0400,91.2996,NA,NA,NA,NA,NA,NA,NA,NA,NA,NA
175.300,5.5303,7.3951,5.8517,9.6897,26020.4420,-14.1421,NA,NA,NA,NA,NA,NA,NA,NA,NA,NA
175.416,5.5297,7.3849,5.8475,9.6116,26020.4420,-14.1421,NA,NA,NA,NA,NA,NA,NA,NA,NA,NA
175.501,5.5297,7.3849,5.8470,9.6022,25883.1780,-14.5950,NA,NA,NA,NA,NA,NA,NA,NA,NA,NA
175.593,5.5253,7.2994,5.8443,9.5514,47162.1440,55.6177,NA,NA,NA,NA,NA,NA,NA,NA,NA,NA
175.692,5.5190,7.1758,5.8407,9.4838,51236.8960,69.0629,NA,NA,NA,NA,NA,NA,NA,NA,NA,NA
175.788,5.5153,7.1052,5.8344,9.3658,55695.8200,83.7757,NA,NA,NA,NA,NA,NA,NA,NA,NA,NA
175.895,5.5099,7.0002,5.8321,9.3229,55695.8200,83.7757,NA,NA,NA,NA,NA,NA,NA,NA,NA,NA
176.025,5.5107,7.0158,5.8308,9.2988,24999.0160,-17.5124,182105.5360,0.0000,NA,NA,NA,NA,NA,NA,NA,NA
176.086,5.5107,7.0158,5.8288,9.2607,50122.1360,65.3846,NA,NA,NA,NA,NA,NA,NA,NA,NA,NA
176.181,5.5052,6.9081,5.8285,9.2545,50122.1360,65.3846,NA,NA,NA,NA,NA,NA,NA,NA,NA,NA
176.277,5.5010,6.8271,5.8308,9.2978,26316.7840,-13.1643,NA,NA,NA,NA,NA,NA,NA,NA,NA,NA
176.379,5.4982,6.7714,5.8308,9.2978,29506.4280,-2.6396,185542.1920,0.0000,NA,NA,NA,NA,NA,NA,NA,NA
176.477,5.4988,6.7830,5.8300,9.2833,60422.4080,99.3717,NA,NA,NA,NA,NA,NA,NA,NA,NA,NA
176.582,5.4988,6.7830,5.8293,9.2701,60422.4080,99.3717,NA,NA,NA,NA,NA,NA,NA,NA,NA,NA
176.691,5.4953,6.7160,5.8293,9.2701,27490.7560,-9.2906,NA,NA,NA,NA,NA,NA,NA,NA,NA,NA
176.777,5.4953,6.7160,5.8235,9.1605,25687.0580,-15.2421,NA,NA,NA,NA,NA,NA,NA,NA,NA,NA
176.879,5.4943,6.6974,5.8177,9.0535,47960.5440,58.2522,NA,NA,NA,NA,NA,NA,NA,NA,NA,NA
176.986,5.4881,6.5761,5.8163,9.0269,52406.7640,72.9231,NA,NA,NA,NA,NA,NA,NA,NA,NA,NA
177.078,5.4768,6.3572,5.8160,9.0214,55628.4640,83.5535,NA,NA,NA,NA,NA,NA,NA,NA,NA,NA
177.200,5.4790,6.3998,5.8155,9.0115,55628.4640,83.5535,NA,NA,NA,NA,NA,NA,NA,NA,NA,NA
177.266,5.4791,6.4021,5.8155,9.0115,25775.8000,-14.9493,NA,NA,NA,NA,NA,NA,NA,NA,NA,NA
177.365,5.4791,6.4021,5.8139,8.9813,27311.8620,-9.8809,NA,NA,NA,NA,NA,NA,NA,NA,NA,NA
177.483,5.4762,6.3443,5.8128,8.9611,29278.6340,-3.3913,NA,NA,NA,NA,NA,NA,NA,NA,NA,NA
177.566,5.4768,6.3574,5.8037,8.7897,29278.6340,-3.3913,NA,NA,NA,NA,NA,NA,NA,NA,NA,NA
177.664,5.4774,6.3678,5.8013,8.7446,23658.1180,-21.9369,NA,NA,NA,NA,NA,NA,NA,NA,NA,NA
177.754,5.4774,6.3678,5.8009,8.7377,25905.5900,-14.5211,NA,NA,NA,NA,NA,NA,NA,NA,NA,NA
177.883,5.4746,6.3150,5.8009,8.7377,48891.7000,61.3246,NA,NA,NA,NA,NA,NA,NA,NA,NA,NA
177.951,5.4694,6.2130,5.7985,8.6928,53504.0400,76.5437,NA,NA,NA,NA,NA,NA,NA,NA,NA,NA
178.049,5.4664,6.1541,5.7952,8.6312,56637.5720,86.8832,NA,NA,NA,NA,NA,NA,NA,NA,NA,NA
178.150,5.4643,6.1149,5.7922,8.5738,56637.5720,86.8832,NA,NA,NA,NA,NA,NA,NA,NA,NA,NA
178.248,5.4568,5.9675,5.7912,8.5565,26430.4680,-12.7892,NA,NA,NA,NA,NA,NA,NA,NA,NA,NA
178.341,5.4543,5.9196,5.7897,8.5277,27987.2940,-7.6522,NA,NA,NA,NA,NA,NA,NA,NA,NA,NA
178.482,5.4521,5.8765,5.7894,8.5227,27987.2940,-7.6522,NA,NA,NA,NA,NA,NA,NA,NA,NA,NA
178.545,5.4537,5.9090,5.7885,8.5055,21692.6880,-28.4221,NA,NA,NA,NA,NA,NA,NA,NA,NA,NA
178.637,5.4548,5.9295,5.7872,8.4816,23876.9720,-21.2148,NA,NA,NA,NA,NA,NA,NA,NA,NA,NA
178.734,5.4548,5.9295,5.7859,8.4571,26327.6100,-13.1286,NA,NA,NA,NA,NA,NA,NA,NA,NA,NA
178.837,5.4508,5.8521,5.7831,8.4041,49974.4880,64.8975,NA,NA,NA,NA,NA,NA,NA,NA,NA,NA
178.937,5.4492,5.8211,5.7811,8.3659,54543.9800,79.9751,NA,NA,NA,NA,NA,NA,NA,NA,NA,NA
179.055,5.4453,5.7442,5.7792,8.3319,57742.5320,90.5291,NA,NA,NA,NA,NA,NA,NA,NA,NA,NA
179.128,5.4412,5.6648,5.7775,8.2984,57742.5320,90.5291,NA,NA,NA,NA,NA,NA,NA,NA,NA,NA
179.234,5.4410,5.6615,5.7763,8.2761,27080.2400,-10.6452,NA,NA,NA,NA,NA,NA,NA,NA,NA,NA
179.324,5.4391,5.6252,5.7745,8.2427,28569.9220,-5.7298,NA,NA,NA,NA,NA,NA,NA,NA,NA,NA
179.428,5.4380,5.6027,5.7713,8.1824,28569.9220,-5.7298,NA,NA,NA,NA,NA,NA,NA,NA,NA,NA
179.526,5.4380,5.6027,5.7707,8.1714,49689.9520,63.9586,NA,NA,NA,NA,NA,NA,NA,NA,NA,NA
179.677,5.4337,5.5196,5.7680,8.1209,53340.2120,76.0031,NA,NA,NA,NA,NA,NA,NA,NA,NA,NA
179.727,5.4337,5.5196,5.7651,8.0670,56433.6720,86.2104,NA,NA,NA,NA,NA,NA,NA,NA,NA,NA
179.830,5.4365,5.5743,5.7641,8.0478,56433.6720,86.2104,NA,NA,NA,NA,NA,NA,NA,NA,NA,NA
179.921,5.4365,5.5743,5.7593,7.9576,26826.2700,-11.4832,189854.3520,0.0000,NA,NA,NA,NA,NA,NA,NA,NA
180.026,5.4358,5.5608,5.7574,7.9219,51848.6560,71.0815,NA,NA,NA,NA,NA,NA,NA,NA,NA,NA
180.127,5.4363,5.5693,5.7550,7.8782,51848.6560,71.0815,NA,NA,NA,NA,NA,NA,NA,NA,NA,NA
180.293,5.4363,5.5693,5.7528,7.8359,28378.9940,-6.3597,182542.6240,0.0000,NA,NA,NA,NA,NA,NA,NA,NA
180.314,5.4358,5.5603,5.7528,7.8370,58519.8160,93.0939,NA,NA,NA,NA,NA,NA,NA,NA,NA,NA
180.421,5.4320,5.4875,5.7528,7.8370,58519.8160,93.0939,NA,NA,NA,NA,NA,NA,NA,NA,NA,NA
180.522,5.4297,5.4421,5.7480,7.7458,25893.4500,-14.5611,NA,NA,NA,NA,NA,NA,NA,NA,NA,NA
180.617,5.4297,5.4421,5.7465,7.7189,24694.5600,-18.5170,NA,NA,NA,NA,NA,NA,NA,NA,NA,NA
180.712,5.4297,5.4412,5.7473,7.7337,26250.8040,-13.3820,NA,NA,NA,NA,NA,NA,NA,NA,NA,NA
180.844,5.4248,5.3474,5.7473,7.7337,49842.5360,64.4621,NA,NA,NA,NA,NA,NA,NA,NA,NA,NA
180.914,5.4229,5.3107,5.7442,7.6756,52615.4840,73.6118,NA,NA,NA,NA,NA,NA,NA,NA,NA,NA
181.009,5.4204,5.2619,5.7425,7.6440,57209.7200,88.7711,NA,NA,NA,NA,NA,NA,NA,NA,NA,NA
181.111,5.4194,5.2420,5.7401,7.5986,57209.7200,88.7711,NA,NA,NA,NA,NA,NA,NA,NA,NA,NA
181.208,5.4156,5.1689,5.7384,7.5664,26251.3620,-13.3801,NA,NA,NA,NA,NA,NA,NA,NA,NA,NA
181.309,5.4107,5.0722,5.7377,7.5526,27912.3560,-7.8995,NA,NA,NA,NA,NA,NA,NA,NA,NA,NA
181.397,5.4131,5.1200,5.7359,7.5185,27912.3560,-7.8995,NA,NA,NA,NA,NA,NA,NA,NA,NA,NA
181.498,5.4132,5.1222,5.7353,7.5074,22823.0160,-24.6924,NA,NA,NA,NA,NA,NA,NA,NA,NA,NA
181.595,5.4152,5.1601,5.7327,7.4592,24842.4360,-18.0291,NA,NA,NA,NA,NA,NA,NA,NA,NA,NA
181.709,5.4152,5.1601,5.7308,7.4232,46892.0480,54.7265,NA,NA,NA,NA,NA,NA,NA,NA,NA,NA
181.800,5.4101,5.0612,5.7306,7.4206,50564.6440,66.8448,NA,NA,NA,NA,NA,NA,NA,NA,NA,NA
181.886,5.4093,5.0460,5.7306,7.4206,53599.7600,76.8595,NA,NA,NA,NA,NA,NA,NA,NA,NA,NA
182.049,5.4085,5.0298,5.7266,7.3453,58230.4440,92.1391,NA,NA,NA,NA,NA,NA,NA,NA,NA,NA
182.094,5.4085,5.0298,5.7249,7.3125,58230.4440,92.1391,NA,NA,NA,NA,NA,NA,NA,NA,NA,NA
182.189,5.4057,4.9758,5.7209,7.2378,26909.4900,-11.2086,NA,NA,NA,NA,NA,NA,NA,NA,NA,NA
182.280,5.4057,4.9758,5.7190,7.2023,28605.6780,-5.6118,NA,NA,NA,NA,NA,NA,NA,NA,NA,NA
182.397,5.4051,4.9639,5.7188,7.1991,28605.6780,-5.6118,NA,NA,NA,NA,NA,NA,NA,NA,NA,NA
182.480,5.4051,4.9639,5.7151,7.1287,23305.2440,-23.1013,NA,NA,NA,NA,NA,NA,NA,NA,NA,NA
182.574,5.4040,4.9427,5.7137,7.1028,25337.7260,-16.3948,NA,NA,NA,NA,NA,NA,NA,NA,NA,NA
182.681,5.4022,4.9074,5.7126,7.0835,47921.2040,58.1224,NA,NA,NA,NA,NA,NA,NA,NA,NA,NA
182.774,5.3986,4.8378,5.7122,7.0744,51894.9240,71.2342,NA,NA,NA,NA,NA,NA,NA,NA,NA,NA
182.888,5.3951,4.7702,5.7119,7.0690,54708.4560,80.5178,NA,NA,NA,NA,NA,NA,NA,NA,NA,NA
182.967,5.3889,4.6497,5.7118,7.0674,54708.4560,80.5178,NA,NA,NA,NA,NA,NA,NA,NA,NA,NA
183.080,5.3877,4.6263,5.7080,6.9965,25517.2860,-15.8023,NA,NA,NA,NA,NA,NA,NA,NA,NA,NA
183.173,5.3829,4.5331,5.7062,6.9632,25517.2860,-15.8023,NA,NA,NA,NA,NA,NA,NA,NA,NA,NA
183.269,5.3829,4.5331,5.7050,6.9405,25787.5940,-14.9104,NA,NA,NA,NA,NA,NA,NA,NA,NA,NA
183.371,5.3795,4.4676,5.7047,6.9338,47147.8600,55.5706,NA,NA,NA,NA,NA,NA,NA,NA,NA,NA
183.464,5.3776,4.4303,5.7017,6.8786,50975.6800,68.2010,NA,NA,NA,NA,NA,NA,NA,NA,NA,NA
183.572,5.3756,4.3906,5.6979,6.8073,54318.5320,79.2312,NA,NA,NA,NA,NA,NA,NA,NA,NA,NA
183.663,5.3776,4.4307,5.6953,6.7585,54318.5320,79.2312,NA,NA,NA,NA,NA,NA,NA,NA,NA,NA
183.766,5.3817,4.5097,5.6935,6.7246,25633.1900,-15.4199,187378.4160,0.0000,NA,NA,NA,NA,NA,NA,NA,NA
183.855,5.3817,4.5097,5.6923,6.7022,50703.6880,67.3035,NA,NA,NA,NA,NA,NA,NA,NA,NA,NA
183.977,5.3790,4.4581,5.6904,6.6662,50703.6880,67.3035,NA,NA,NA,NA,NA,NA,NA,NA,NA,NA
184.062,5.3803,4.4829,5.6880,6.6222,26481.2040,-12.6218,NA,NA,NA,NA,NA,NA,NA,NA,NA,NA
184.155,5.3803,4.4829,5.6869,6.6005,28733.8660,-5.1888,184185.6960,0.0000,NA,NA,NA,NA,NA,NA,NA,NA
184.257,5.3815,4.5067,5.6809,6.4884,60296.2400,98.9554,NA,NA,NA,NA,NA,NA,NA,NA,NA,NA
184.356,5.3815,4.5067,5.6775,6.4249,60296.2400,98.9554,NA,NA,NA,NA,NA,NA,NA,NA,NA,NA
184.456,5.3805,4.4870,5.6754,6.3853,27507.2600,-9.2361,NA,NA,NA,NA,NA,NA,NA,NA,NA,NA
184.562,5.3805,4.4870,5.6704,6.2919,25389.8320,-16.2229,NA,NA,NA,NA,NA,NA,NA,NA,NA,NA
184.660,5.3804,4.4851,5.6703,6.2903,46574.1680,53.6776,NA,NA,NA,NA,NA,NA,NA,NA,NA,NA
184.757,5.3692,4.2675,5.6703,6.2903,49983.9720,64.9287,NA,NA,NA,NA,NA,NA,NA,NA,NA,NA
184.848,5.3654,4.1929,5.6656,6.2010,54703.8400,80.5026,NA,NA,NA,NA,NA,NA,NA,NA,NA,NA
184.956,5.3639,4.1636,5.6633,6.1588,54703.8400,80.5026,NA,NA,NA,NA,NA,NA,NA,NA,NA,NA
185.092,5.3728,4.3373,5.6784,6.4406,25069.1400,-17.2810,NA,NA,NA,NA,NA,NA,NA,NA,NA,NA
185.141,5.3848,4.5702,5.6965,6.7809,27065.9020,-10.6925,195070.7200,0.0000,NA,NA,NA,NA,NA,NA,NA,NA
185.246,5.4114,5.0869,5.7186,7.1946,54278.0920,79.0978,NA,NA,NA,NA,NA,NA,NA,NA,NA,NA
185.336,5.4389,5.6199,5.7367,7.5349,54278.0920,79.0978,NA,NA,NA,NA,NA,NA,NA,NA,NA,NA
185.440,5.4852,6.5206,5.7628,8.0229,28282.3460,-6.6786,193927.6480,0.0000,NA,NA,NA,NA,NA,NA,NA,NA
185.598,5.5071,6.9453,5.7976,8.6764,56329.6560,85.8672,NA,NA,NA,NA,NA,NA,NA,NA,NA,NA
185.649,5.5345,7.4769,5.8409,9.4869,56329.6560,85.8672,NA,NA,NA,NA,NA,NA,NA,NA,NA,NA
185.748,5.5675,8.1176,5.8752,10.1297,26781.7840,-11.6300,NA,NA,NA,NA,NA,NA,NA,NA,NA,NA
185.840,5.6118,8.9789,5.9113,10.8077,24635.9640,-18.7104,NA,NA,NA,NA,NA,NA,NA,NA,NA,NA
185.940,5.6316,9.3639,5.9489,11.5120,44763.1720,47.7020,NA,NA,NA,NA,NA,NA,NA,NA,NA,NA
186.033,5.6577,9.8703,6.0006,12.4811,49901.1840,64.6556,NA,NA,NA,NA,NA,NA,NA,NA,NA,NA
186.136,5.6932,10.5599,6.0397,13.2138,54507.4720,79.8546,NA,NA,NA,NA,NA,NA,NA,NA,NA,NA
186.255,5.7295,11.2637,6.0694,13.7703,58324.9880,92.4510,NA,NA,NA,NA,NA,NA,NA,NA,NA,NA
186.327,5.7684,12.0197,6.1015,14.3727,58324.9880,92.4510,NA,NA,NA,NA,NA,NA,NA,NA,NA,NA
186.429,5.7888,12.4158,6.1336,14.9736,27962.2340,-7.7349,NA,NA,NA,NA,NA,NA,NA,NA,NA,NA
186.528,5.8237,13.0928,6.1600,15.4697,29785.9460,-1.7173,NA,NA,NA,NA,NA,NA,NA,NA,NA,NA
186.630,5.8553,13.7076,6.2051,16.3141,29785.9460,-1.7173,NA,NA,NA,NA,NA,NA,NA,NA,NA,NA
186.719,5.8781,14.1506,6.2396,16.9619,22745.8400,-24.9471,NA,NA,NA,NA,NA,NA,NA,NA,NA,NA
186.820,5.9020,14.6147,6.2682,17.4972,24826.6140,-18.0813,NA,NA,NA,NA,NA,NA,NA,NA,NA,NA
186.914,5.9163,14.8922,6.3035,18.1599,45734.6760,50.9076,NA,NA,NA,NA,NA,NA,NA,NA,NA,NA
187.011,5.9267,15.0939,6.3293,18.6420,50975.1960,68.1994,NA,NA,NA,NA,NA,NA,NA,NA,NA,NA
187.109,5.9473,15.4931,6.3583,19.1866,55697.9000,83.7826,NA,NA,NA,NA,NA,NA,NA,NA,NA,NA
187.207,5.9593,15.7258,6.3792,19.5786,55697.9000,83.7826,NA,NA,NA,NA,NA,NA,NA,NA,NA,NA
187.309,5.9739,16.0095,6.3916,19.8105,26022.7040,-14.1346,NA,NA,NA,NA,NA,NA,NA,NA,NA,NA
187.412,5.9800,16.1287,6.3970,19.9108,28127.7780,-7.1887,NA,NA,NA,NA,NA,NA,NA,NA,NA,NA
187.511,5.9872,16.2678,6.3970,19.9116,30342.6140,0.1195,NA,NA,NA,NA,NA,NA,NA,NA,NA,NA
187.599,5.9872,16.2678,6.3970,19.9116,30342.6140,0.1195,NA,NA,NA,NA,NA,NA,NA,NA,NA,NA
187.708,5.9828,16.1823,6.3847,19.6809,23210.8160,-23.4128,NA,NA,NA,NA,NA,NA,NA,NA,NA,NA
187.808,5.9817,16.1625,6.3772,19.5401,25331.1000,-16.4167,NA,NA,NA,NA,NA,NA,NA,NA,NA,NA
187.894,5.9785,16.0987,6.3654,19.3199,46858.6960,54.6165,NA,NA,NA,NA,NA,NA,NA,NA,NA,NA
188.021,5.9698,15.9297,6.3426,18.8924,52309.0200,72.6006,NA,NA,NA,NA,NA,NA,NA,NA,NA,NA
188.092,5.9566,15.6742,6.3254,18.5701,57124.5600,88.4901,NA,NA,NA,NA,NA,NA,NA,NA,NA,NA
188.191,5.9496,15.5375,6.3120,18.3181,57124.5600,88.4901,NA,NA,NA,NA,NA,NA,NA,NA,NA,NA
188.300,5.9411,15.3727,6.2955,18.0082,26719.1360,-11.8367,NA,NA,NA,NA,NA,NA,NA,NA,NA,NA
188.397,5.9369,15.2925,6.2810,17.7374,26719.1360,-11.8367,NA,NA,NA,NA,NA,NA,NA,NA,NA,NA
188.500,5.9308,15.1739,6.2733,17.5921,26371.2780,-12.9845,NA,NA,NA,NA,NA,NA,NA,NA,NA,NA
188.594,5.9181,14.9274,6.2639,17.4162,48059.6480,58.5792,NA,NA,NA,NA,NA,NA,NA,NA,NA,NA
188.704,5.9112,14.7926,6.2515,17.1841,52569.2040,73.4591,NA,NA,NA,NA,NA,NA,NA,NA,NA,NA
188.785,5.9065,14.7013,6.2410,16.9865,56740.3640,87.2224,NA,NA,NA,NA,NA,NA,NA,NA,NA,NA
188.889,5.9039,14.6501,6.2205,16.6036,56740.3640,87.2224,NA,NA,NA,NA,NA,NA,NA,NA,NA,NA
188.981,5.8984,14.5432,6.2105,16.4160,25932.4240,-14.4325,193826.4640,0.0000,NA,NA,NA,NA,NA,NA,NA,NA
189.086,5.8932,14.4438,6.1941,16.1086,51517.0240,69.9873,NA,NA,NA,NA,NA,NA,NA,NA,NA,NA
189.180,5.8904,14.3878,6.1879,15.9922,51517.0240,69.9873,NA,NA,NA,NA,NA,NA,NA,NA,NA,NA
189.294,5.8850,14.2847,6.1840,15.9198,27033.5220,-10.7993,189781.4240,0.0000,NA,NA,NA,NA,NA,NA,NA,NA
189.384,5.8819,14.2230,6.1796,15.8368,54319.5280,79.2345,NA,NA,NA,NA,NA,NA,NA,NA,NA,NA
189.482,5.8761,14.1111,6.1702,15.6609,NA,NA,NA,NA,NA,NA,NA,NA,NA,NA,NA,NA
189.577,5.8705,14.0026,6.1649,15.5601,NA,NA,NA,NA,NA,NA,NA,NA,NA,NA,NA,NA
189.675,5.8667,13.9283,6.1551,15.3771,31083.3580,2.5637,NA,NA,NA,NA,NA,NA,NA,NA,NA,NA
189.779,5.8637,13.8707,6.1512,15.3039,31757.1740,4.7870,NA,NA,NA,NA,NA,NA,NA,NA,NA,NA
189.889,5.8626,13.8480,6.1475,15.2348,31757.1740,4.7870,NA,NA,NA,NA,NA,NA,NA,NA,NA,NA
189.977,5.8607,13.8124,6.1435,15.1597,23359.2160,-22.9232,NA,NA,NA,NA,NA,NA,NA,NA,NA,NA
190.079,5.8546,13.6928,6.1384,15.0639,25015.5820,-17.4578,NA,NA,NA,NA,NA,NA,NA,NA,NA,NA
190.180,5.8507,13.6174,6.1316,14.9375,45789.1160,51.0873,NA,NA,NA,NA,NA,NA,NA,NA,NA,NA
190.264,5.8315,13.2455,6.1256,14.8239,49680.4200,63.9271,NA,NA,NA,NA,NA,NA,NA,NA,NA,NA
190.366,5.8235,13.0896,6.1224,14.7648,53228.1200,75.6332,NA,NA,NA,NA,NA,NA,NA,NA,NA,NA
190.469,5.8195,13.0112,6.1175,14.6716,53228.1200,75.6332,NA,NA,NA,NA,NA,NA,NA,NA,NA,NA
190.570,5.8184,12.9896,6.1119,14.5682,24670.5680,-18.5962,NA,NA,NA,NA,NA,NA,NA,NA,NA,NA
190.661,5.8154,12.9316,6.1131,14.5905,28118.4300,-7.2195,NA,NA,NA,NA,NA,NA,NA,NA,NA,NA
190.760,5.8329,13.2715,6.1280,14.8692,31882.5360,5.2007,NA,NA,NA,NA,NA,NA,NA,NA,NA,NA
190.854,5.8608,13.8143,6.1656,15.5736,31882.5360,5.2007,NA,NA,NA,NA,NA,NA,NA,NA,NA,NA
190.960,5.8896,14.3731,6.2066,16.3432,23803.6360,-21.4567,NA,NA,NA,NA,NA,NA,NA,NA,NA,NA
191.051,5.9087,14.7434,6.2681,17.4950,25461.4660,-15.9865,NA,NA,NA,NA,NA,NA,NA,NA,NA,NA
191.162,5.9460,15.4690,6.3272,18.6034,46679.8480,54.0264,NA,NA,NA,NA,NA,NA,NA,NA,NA,NA
191.261,5.9827,16.1810,6.3703,19.4117,46679.8480,54.0264,NA,NA,NA,NA,NA,NA,NA,NA,NA,NA
191.359,6.0277,17.0549,6.4213,20.3676,29983.0420,-1.0670,189169.8560,0.0000,NA,NA,NA,NA,NA,NA,NA,NA
191.461,6.0512,17.5108,6.4440,20.7927,29983.0420,-1.0670,NA,NA,NA,NA,NA,NA,NA,NA,NA,NA
191.549,6.0610,17.7007,6.4524,20.9507,25848.2660,-14.7102,NA,NA,NA,NA,NA,NA,NA,NA,NA,NA
191.673,6.0680,17.8373,6.4589,21.0719,28537.1520,-5.8379,NA,NA,NA,NA,NA,NA,NA,NA,NA,NA
191.744,6.0687,17.8506,6.4589,21.0719,31125.2260,2.7018,NA,NA,NA,NA,NA,NA,NA,NA,NA,NA
191.841,6.0687,17.8506,6.4504,20.9127,31125.2260,2.7018,NA,NA,NA,NA,NA,NA,NA,NA,NA,NA
191.951,6.0687,17.8505,6.4376,20.6736,22942.2280,-24.2991,NA,NA,NA,NA,NA,NA,NA,NA,NA,NA
192.042,6.0661,17.8007,6.4286,20.5039,24861.8840,-17.9649,NA,NA,NA,NA,NA,NA,NA,NA,NA,NA
192.138,6.0463,17.4165,6.4229,20.3963,45039.5640,48.6140,NA,NA,NA,NA,NA,NA,NA,NA,NA,NA
192.270,6.0392,17.2781,6.4064,20.0882,51114.4320,68.6588,NA,NA,NA,NA,NA,NA,NA,NA,NA,NA
192.329,6.0341,17.1796,6.3963,19.8976,57420.3360,89.4660,NA,NA,NA,NA,NA,NA,NA,NA,NA,NA
192.435,6.0289,17.0781,6.3870,19.7240,57420.3360,89.4660,NA,NA,NA,NA,NA,NA,NA,NA,NA,NA
192.535,6.0244,16.9911,6.3770,19.5371,26790.9360,-11.5998,NA,NA,NA,NA,NA,NA,NA,NA,NA,NA
192.628,6.0210,16.9239,6.3683,19.3739,29312.4140,-3.2798,NA,NA,NA,NA,NA,NA,NA,NA,NA,NA
192.731,6.0175,16.8569,6.3580,19.1805,29312.4140,-3.2798,NA,NA,NA,NA,NA,NA,NA,NA,NA,NA
192.878,6.0153,16.8142,6.3487,19.0066,21600.9480,-28.7248,NA,NA,NA,NA,NA,NA,NA,NA,NA,NA
192.933,6.0079,16.6696,6.3416,18.8739,53013.2480,74.9242,NA,NA,NA,NA,NA,NA,NA,NA,NA,NA
193.035,6.0009,16.5353,6.3257,18.5753,57414.4560,89.4466,NA,NA,NA,NA,NA,NA,NA,NA,NA,NA
193.124,5.9923,16.3673,6.3165,18.4030,57414.4560,89.4466,NA,NA,NA,NA,NA,NA,NA,NA,NA,NA
193.231,5.9814,16.1559,6.3114,18.3074,26279.2060,-13.2883,NA,NA,NA,NA,NA,NA,NA,NA,NA,NA
193.333,5.9758,16.0463,6.2963,18.0237,28169.9900,-7.0494,NA,NA,NA,NA,NA,NA,NA,NA,NA,NA
193.419,5.9728,15.9889,6.2822,17.7599,28169.9900,-7.0494,NA,NA,NA,NA,NA,NA,NA,NA,NA,NA
193.516,5.9664,15.8641,6.2739,17.6036,22924.9980,-24.3559,NA,NA,NA,NA,NA,NA,NA,NA,NA,NA
193.622,5.9622,15.7829,6.2662,17.4596,24944.9240,-17.6909,NA,NA,NA,NA,NA,NA,NA,NA,NA,NA
193.719,5.9613,15.7660,6.2520,17.1930,46977.5800,55.0088,NA,NA,NA,NA,NA,NA,NA,NA,NA,NA
193.813,5.9467,15.4826,6.2382,16.9352,50691.7640,67.2642,NA,NA,NA,NA,NA,NA,NA,NA,NA,NA
193.907,5.9339,15.2339,6.2270,16.7256,53618.9760,76.9229,NA,NA,NA,NA,NA,NA,NA,NA,NA,NA
194.010,5.9283,15.1250,6.2213,16.6189,58477.0200,92.9527,NA,NA,NA,NA,NA,NA,NA,NA,NA,NA
194.107,5.9254,15.0685,6.2139,16.4788,58477.0200,92.9527,NA,NA,NA,NA,NA,NA,NA,NA,NA,NA
194.209,5.9245,15.0510,6.2046,16.3046,26891.6740,-11.2674,NA,NA,NA,NA,NA,NA,NA,NA,NA,NA
194.305,5.9202,14.9679,6.1964,16.1523,28641.8280,-5.4925,NA,NA,NA,NA,NA,NA,NA,NA,NA,NA
194.404,5.9202,14.9679,6.1860,15.9570,28641.8280,-5.4925,NA,NA,NA,NA,NA,NA,NA,NA,NA,NA
194.501,5.9158,14.8818,6.1796,15.8360,23346.2940,-22.9658,NA,NA,NA,NA,NA,NA,NA,NA,NA,NA
194.627,5.9143,14.8530,6.1763,15.7740,25379.5900,-16.2567,NA,NA,NA,NA,NA,NA,NA,NA,NA,NA
194.699,5.9139,14.8449,6.1680,15.6188,47988.5440,58.3446,NA,NA,NA,NA,NA,NA,NA,NA,NA,NA
194.793,5.9006,14.5861,6.1634,15.5331,51833.1160,71.0302,NA,NA,NA,NA,NA,NA,NA,NA,NA,NA
194.888,5.8956,14.4887,6.1589,15.4480,54838.8560,80.9481,NA,NA,NA,NA,NA,NA,NA,NA,NA,NA
194.987,5.8848,14.2790,6.1495,15.2727,54838.8560,80.9481,NA,NA,NA,NA,NA,NA,NA,NA,NA,NA
195.090,5.8834,14.2529,6.1450,15.1875,25480.5080,-15.9237,NA,NA,NA,NA,NA,NA,NA,NA,NA,NA
195.194,5.8744,14.0770,6.1440,15.1685,27011.2080,-10.8729,NA,NA,NA,NA,NA,NA,NA,NA,NA,NA
195.291,5.8698,13.9878,6.1404,15.1019,29197.0640,-3.6604,NA,NA,NA,NA,NA,NA,NA,NA,NA,NA
195.386,5.8570,13.7410,6.1365,15.0295,29197.0640,-3.6604,NA,NA,NA,NA,NA,NA,NA,NA,NA,NA
195.487,5.8526,13.6543,6.1285,14.8780,23835.2440,-21.3525,NA,NA,NA,NA,NA,NA,NA,NA,NA,NA
195.583,5.8452,13.5110,6.1226,14.7688,25883.7820,-14.5930,NA,NA,NA,NA,NA,NA,NA,NA,NA,NA
195.680,5.8308,13.2319,6.1168,14.6599,49091.0960,61.9826,NA,NA,NA,NA,NA,NA,NA,NA,NA,NA
195.811,5.8196,13.0129,6.1141,14.6093,53021.6640,74.9520,NA,NA,NA,NA,NA,NA,NA,NA,NA,NA
195.873,5.8141,12.9065,6.1133,14.5944,56022.5760,84.8539,NA,NA,NA,NA,NA,NA,NA,NA,NA,NA
195.973,5.8105,12.8369,6.1064,14.4636,56022.5760,84.8539,NA,NA,NA,NA,NA,NA,NA,NA,NA,NA
196.075,5.8088,12.8033,6.1041,14.4210,26191.1060,-13.5790,NA,NA,NA,NA,NA,NA,NA,NA,NA,NA
196.175,5.8059,12.7471,6.0973,14.2943,26191.1060,-13.5790,NA,NA,NA,NA,NA,NA,NA,NA,NA,NA
196.278,5.8059,12.7471,6.0942,14.2358,26344.6840,-13.0722,NA,NA,NA,NA,NA,NA,NA,NA,NA,NA
196.368,5.7970,12.5755,6.0914,14.1835,48188.7360,59.0051,NA,NA,NA,NA,NA,NA,NA,NA,NA,NA
196.471,5.7930,12.4963,6.0857,14.0758,51926.4920,71.3383,NA,NA,NA,NA,NA,NA,NA,NA,NA,NA
196.563,5.7902,12.4433,6.0839,14.0433,54945.6040,81.3003,NA,NA,NA,NA,NA,NA,NA,NA,NA,NA
196.662,5.7899,12.4365,6.0799,13.9681,54945.6040,81.3003,NA,NA,NA,NA,NA,NA,NA,NA,NA,NA
196.766,5.7875,12.3897,6.0781,13.9336,26165.0600,-13.6649,189517.7120,0.0000,NA,NA,NA,NA,NA,NA,NA,NA
196.858,5.7842,12.3268,6.0740,13.8575,50921.0320,68.0207,NA,NA,NA,NA,NA,NA,NA,NA,NA,NA
196.956,5.7731,12.1114,6.0719,13.8180,50921.0320,68.0207,NA,NA,NA,NA,NA,NA,NA,NA,NA,NA
197.056,5.7677,12.0054,6.0718,13.8152,27630.8720,-8.8283,180868.4000,0.0000,NA,NA,NA,NA,NA,NA,NA,NA
197.163,5.7602,11.8603,6.0718,13.8152,57338.7200,89.1967,NA,NA,NA,NA,NA,NA,NA,NA,NA,NA
197.253,5.7521,11.7035,6.0674,13.7331,57338.7200,89.1967,NA,NA,NA,NA,NA,NA,NA,NA,NA,NA
197.360,5.7467,11.5980,6.0658,13.7027,25961.1820,-14.3376,NA,NA,NA,NA,NA,NA,NA,NA,NA,NA
197.454,5.7431,11.5275,6.0655,13.6973,25961.1820,-14.3376,NA,NA,NA,NA,NA,NA,NA,NA,NA,NA
197.553,5.7418,11.5036,6.0622,13.6361,25964.3380,-14.3272,NA,NA,NA,NA,NA,NA,NA,NA,NA,NA
197.694,5.7366,11.4012,6.0608,13.6097,48825.5360,61.1063,NA,NA,NA,NA,NA,NA,NA,NA,NA,NA
197.767,5.7341,11.3533,6.0573,13.5438,51621.2440,70.3311,NA,NA,NA,NA,NA,NA,NA,NA,NA,NA
197.845,5.7298,11.2704,6.0559,13.5170,55929.6040,84.5471,NA,NA,NA,NA,NA,NA,NA,NA,NA,NA
197.950,5.7255,11.1866,6.0544,13.4900,55929.6040,84.5471,NA,NA,NA,NA,NA,NA,NA,NA,NA,NA
198.051,5.7221,11.1198,6.0471,13.3522,25648.8180,-15.3683,NA,NA,NA,NA,NA,NA,NA,NA,NA,NA
198.138,5.7176,11.0330,6.0438,13.2910,27230.9680,-10.1478,NA,NA,NA,NA,NA,NA,NA,NA,NA,NA
198.254,5.7070,10.8271,6.0380,13.1828,27230.9680,-10.1478,NA,NA,NA,NA,NA,NA,NA,NA,NA,NA
198.341,5.7072,10.8316,6.0345,13.1166,22294.8140,-26.4353,NA,NA,NA,NA,NA,NA,NA,NA,NA,NA
198.432,5.7072,10.8316,6.0340,13.1080,24421.8980,-19.4167,NA,NA,NA,NA,NA,NA,NA,NA,NA,NA
198.542,5.7037,10.7635,6.0325,13.0792,26273.2040,-13.3081,NA,NA,NA,NA,NA,NA,NA,NA,NA,NA
198.640,5.6996,10.6843,6.0287,13.0079,50044.6480,65.1290,NA,NA,NA,NA,NA,NA,NA,NA,NA,NA
198.757,5.6929,10.5536,6.0233,12.9059,53024.7120,74.9621,NA,NA,NA,NA,NA,NA,NA,NA,NA,NA
198.831,5.6885,10.4680,6.0201,12.8463,57062.9320,88.2867,NA,NA,NA,NA,NA,NA,NA,NA,NA,NA
198.926,5.6883,10.4643,6.0186,12.8193,57062.9320,88.2867,NA,NA,NA,NA,NA,NA,NA,NA,NA,NA
199.029,5.6854,10.4086,6.0109,12.6748,26381.1380,-12.9519,NA,NA,NA,NA,NA,NA,NA,NA,NA,NA
199.129,5.6785,10.2743,6.0069,12.6000,27918.4220,-7.8795,NA,NA,NA,NA,NA,NA,NA,NA,NA,NA
199.225,5.6779,10.2612,6.0051,12.5651,27918.4220,-7.8795,NA,NA,NA,NA,NA,NA,NA,NA,NA,NA
199.319,5.6729,10.1642,5.9966,12.4056,22634.1980,-25.3155,NA,NA,NA,NA,NA,NA,NA,NA,NA,NA
199.510,5.6715,10.1381,5.9924,12.3272,24792.1900,-18.1949,NA,NA,NA,NA,NA,NA,NA,NA,NA,NA
199.515,5.6684,10.0769,5.9932,12.3424,46469.0720,53.3309,NA,NA,NA,NA,NA,NA,NA,NA,NA,NA
199.610,5.6609,9.9311,5.9932,12.3424,51128.2960,68.7046,NA,NA,NA,NA,NA,NA,NA,NA,NA,NA
199.708,5.6487,9.6957,5.9914,12.3089,54463.7560,79.7104,NA,NA,NA,NA,NA,NA,NA,NA,NA,NA
199.810,5.6416,9.5576,5.9898,12.2790,58239.3520,92.1685,NA,NA,NA,NA,NA,NA,NA,NA,NA,NA
199.914,5.6380,9.4866,5.9875,12.2360,58239.3520,92.1685,NA,NA,NA,NA,NA,NA,NA,NA,NA,NA
200.025,5.6367,9.4612,5.9830,12.1505,27230.8840,-10.1481,NA,NA,NA,NA,NA,NA,NA,NA,NA,NA
200.110,5.6326,9.3828,5.9803,12.1009,28692.6380,-5.3248,NA,NA,NA,NA,NA,NA,NA,NA,NA,NA
200.212,5.6383,9.4921,5.9760,12.0195,28692.6380,-5.3248,NA,NA,NA,NA,NA,NA,NA,NA,NA,NA
200.307,5.6383,9.4921,5.9714,11.9338,50556.1680,66.8168,NA,NA,NA,NA,NA,NA,NA,NA,NA,NA
200.401,5.6250,9.2346,5.9688,11.8847,53782.9640,77.4640,NA,NA,NA,NA,NA,NA,NA,NA,NA,NA
200.503,5.6214,9.1655,5.9676,11.8619,53782.9640,77.4640,NA,NA,NA,NA,NA,NA,NA,NA,NA,NA
200.615,5.6160,9.0591,5.9648,11.8094,24411.3160,-19.4516,NA,NA,NA,NA,NA,NA,NA,NA,NA,NA
200.708,5.6165,9.0696,5.9593,11.7067,27703.4840,-8.5887,194427.1840,0.0000,NA,NA,NA,NA,NA,NA,NA,NA
200.798,5.6165,9.0696,5.9577,11.6776,54371.5240,79.4061,NA,NA,NA,NA,NA,NA,NA,NA,NA,NA
200.902,5.6153,9.0463,5.9526,11.5823,54371.5240,79.4061,NA,NA,NA,NA,NA,NA,NA,NA,NA,NA
200.993,5.6153,9.0463,5.9492,11.5183,29053.7840,-4.1332,182084.3040,0.0000,NA,NA,NA,NA,NA,NA,NA,NA
201.090,5.6147,9.0340,5.9480,11.4950,60374.8840,99.2149,NA,NA,NA,NA,NA,NA,NA,NA,NA,NA
201.219,5.6147,9.0340,5.9458,11.4542,60374.8840,99.2149,NA,NA,NA,NA,NA,NA,NA,NA,NA,NA
201.298,5.6146,9.0336,5.9445,11.4287,26748.4440,-11.7400,NA,NA,NA,NA,NA,NA,NA,NA,NA,NA
201.396,5.6132,9.0058,5.9380,11.3084,25231.9780,-16.7437,NA,NA,NA,NA,NA,NA,NA,NA,NA,NA
201.506,5.6132,9.0058,5.9341,11.2348,46964.1200,54.9643,NA,NA,NA,NA,NA,NA,NA,NA,NA,NA
201.598,5.6068,8.8805,5.9332,11.2174,50327.3760,66.0619,NA,NA,NA,NA,NA,NA,NA,NA,NA,NA
201.689,5.6029,8.8050,5.9332,11.2174,53610.2920,76.8943,NA,NA,NA,NA,NA,NA,NA,NA,NA,NA
201.783,5.5977,8.7041,5.9287,11.1337,58415.4520,92.7495,NA,NA,NA,NA,NA,NA,NA,NA,NA,NA
201.889,5.5963,8.6766,5.9285,11.1292,58415.4520,92.7495,NA,NA,NA,NA,NA,NA,NA,NA,NA,NA
201.985,5.5953,8.6578,5.9233,11.0314,26800.3820,-11.5686,NA,NA,NA,NA,NA,NA,NA,NA,NA,NA
202.084,5.5956,8.6645,5.9196,10.9631,28617.4720,-5.5729,NA,NA,NA,NA,NA,NA,NA,NA,NA,NA
202.183,5.5956,8.6645,5.9173,10.9199,28617.4720,-5.5729,NA,NA,NA,NA,NA,NA,NA,NA,NA,NA
202.278,5.5956,8.6631,5.9150,10.8761,23386.0320,-22.8347,NA,NA,NA,NA,NA,NA,NA,NA,NA,NA
202.394,5.5906,8.5659,5.9135,10.8481,25395.3300,-16.2047,NA,NA,NA,NA,NA,NA,NA,NA,NA,NA
202.473,5.5898,8.5510,5.9096,10.7762,48034.9200,58.4976,NA,NA,NA,NA,NA,NA,NA,NA,NA,NA
202.569,5.5828,8.4148,5.9072,10.7295,51993.6680,71.5600,NA,NA,NA,NA,NA,NA,NA,NA,NA,NA
202.674,5.5726,8.2166,5.9072,10.7295,54835.0640,80.9356,NA,NA,NA,NA,NA,NA,NA,NA,NA,NA
202.765,5.5687,8.1423,5.9063,10.7128,54835.0640,80.9356,NA,NA,NA,NA,NA,NA,NA,NA,NA,NA
202.870,5.5687,8.1423,5.9032,10.6559,25528.4440,-15.7655,NA,NA,NA,NA,NA,NA,NA,NA,NA,NA
202.966,5.5651,8.0714,5.8989,10.5740,27055.2140,-10.7277,NA,NA,NA,NA,NA,NA,NA,NA,NA,NA
203.059,5.5619,8.0089,5.8944,10.4896,29228.4400,-3.5569,NA,NA,NA,NA,NA,NA,NA,NA,NA,NA
203.166,5.5627,8.0249,5.8940,10.4830,29228.4400,-3.5569,NA,NA,NA,NA,NA,NA,NA,NA,NA,NA
203.260,5.5627,8.0249,5.8903,10.4136,23732.8580,-21.6903,NA,NA,NA,NA,NA,NA,NA,NA,NA,NA
203.365,5.5592,7.9571,5.8863,10.3385,25889.7620,-14.5733,NA,NA,NA,NA,NA,NA,NA,NA,NA,NA
203.450,5.5531,7.8394,5.8822,10.2625,48877.7520,61.2786,NA,NA,NA,NA,NA,NA,NA,NA,NA,NA
203.551,5.5506,7.7894,5.8786,10.1943,53378.2080,76.1285,NA,NA,NA,NA,NA,NA,NA,NA,NA,NA
203.678,5.5487,7.7521,5.8766,10.1568,56336.9960,85.8914,NA,NA,NA,NA,NA,NA,NA,NA,NA,NA
203.750,5.5442,7.6653,5.8766,10.1572,56336.9960,85.8914,NA,NA,NA,NA,NA,NA,NA,NA,NA,NA
203.856,5.5439,7.6593,5.8766,10.1572,26358.7800,-13.0257,NA,NA,NA,NA,NA,NA,NA,NA,NA,NA
203.955,5.5423,7.6282,5.8718,10.0665,26358.7800,-13.0257,NA,NA,NA,NA,NA,NA,NA,NA,NA,NA
204.055,5.5423,7.6282,5.8703,10.0396,26380.7220,-12.9533,NA,NA,NA,NA,NA,NA,NA,NA,NA,NA
204.208,5.5344,7.4759,5.8697,10.0272,48204.1200,59.0559,NA,NA,NA,NA,NA,NA,NA,NA,NA,NA
204.252,5.5344,7.4759,5.8668,9.9730,52157.2360,72.0997,NA,NA,NA,NA,NA,NA,NA,NA,NA,NA
204.345,5.5348,7.4826,5.8646,9.9320,55465.2440,83.0149,NA,NA,NA,NA,NA,NA,NA,NA,NA,NA
204.439,5.5348,7.4833,5.8641,9.9219,55465.2440,83.0149,NA,NA,NA,NA,NA,NA,NA,NA,NA,NA
204.538,5.5348,7.4833,5.8619,9.8804,25912.1460,-14.4994,186418.0960,0.0000,NA,NA,NA,NA,NA,NA,NA,NA
204.641,5.5332,7.4518,5.8598,9.8418,50549.6200,66.7952,NA,NA,NA,NA,NA,NA,NA,NA,NA,NA
204.735,5.5267,7.3263,5.8551,9.7533,50549.6200,66.7952,NA,NA,NA,NA,NA,NA,NA,NA,NA,NA
204.845,5.5267,7.3263,5.8472,9.6058,27673.9120,-8.6863,181521.0240,0.0000,NA,NA,NA,NA,NA,NA,NA,NA
204.940,5.5239,7.2705,5.8436,9.5386,56584.6800,86.7087,NA,NA,NA,NA,NA,NA,NA,NA,NA,NA
205.030,5.5173,7.1425,5.8428,9.5233,56584.6800,86.7087,NA,NA,NA,NA,NA,NA,NA,NA,NA,NA
205.137,5.5167,7.1326,5.8428,9.5233,25932.1960,-14.4333,NA,NA,NA,NA,NA,NA,NA,NA,NA,NA
205.232,5.5103,7.0082,5.8411,9.4906,25932.1960,-14.4333,NA,NA,NA,NA,NA,NA,NA,NA,NA,NA
205.332,5.5090,6.9825,5.8379,9.4309,26085.2560,-13.9282,NA,NA,NA,NA,NA,NA,NA,NA,NA,NA
205.432,5.5056,6.9153,5.8363,9.4013,49186.0160,62.2958,NA,NA,NA,NA,NA,NA,NA,NA,NA,NA
205.529,5.4990,6.7877,5.8347,9.3719,52371.5120,72.8068,NA,NA,NA,NA,NA,NA,NA,NA,NA,NA
205.634,5.4968,6.7443,5.8308,9.2988,56072.3920,85.0183,NA,NA,NA,NA,NA,NA,NA,NA,NA,NA
205.720,5.4958,6.7260,5.8308,9.2988,56072.3920,85.0183,NA,NA,NA,NA,NA,NA,NA,NA,NA,NA
205.826,5.4958,6.7260,5.8278,9.2429,25988.3920,-14.2479,NA,NA,NA,NA,NA,NA,NA,NA,NA,NA
205.917,5.4917,6.6458,5.8245,9.1793,27474.9580,-9.3427,NA,NA,NA,NA,NA,NA,NA,NA,NA,NA
206.015,5.4877,6.5679,5.8190,9.0774,27474.9580,-9.3427,NA,NA,NA,NA,NA,NA,NA,NA,NA,NA
206.120,5.4928,6.6678,5.8158,9.0173,21979.4520,-27.4759,NA,NA,NA,NA,NA,NA,NA,NA,NA,NA
206.219,5.4948,6.7066,5.8156,9.0138,24181.5660,-20.2097,NA,NA,NA,NA,NA,NA,NA,NA,NA,NA
206.310,5.4948,6.7066,5.8142,8.9868,26423.1580,-12.8133,NA,NA,NA,NA,NA,NA,NA,NA,NA,NA
206.410,5.4884,6.5827,5.8132,8.9677,50435.7640,66.4195,NA,NA,NA,NA,NA,NA,NA,NA,NA,NA
206.513,5.4835,6.4867,5.8108,8.9236,54306.6320,79.1919,NA,NA,NA,NA,NA,NA,NA,NA,NA,NA
206.636,5.4815,6.4478,5.8108,8.9236,57350.2680,89.2348,NA,NA,NA,NA,NA,NA,NA,NA,NA,NA
206.702,5.4811,6.4406,5.8061,8.8356,57350.2680,89.2348,NA,NA,NA,NA,NA,NA,NA,NA,NA,NA
206.811,5.4801,6.4212,5.8040,8.7966,26863.8500,-11.3592,NA,NA,NA,NA,NA,NA,NA,NA,NA,NA
206.905,5.4774,6.3685,5.8016,8.7501,28389.2920,-6.3258,NA,NA,NA,NA,NA,NA,NA,NA,NA,NA
206.995,5.4757,6.3346,5.7992,8.7060,28389.2920,-6.3258,NA,NA,NA,NA,NA,NA,NA,NA,NA,NA
207.092,5.4740,6.3023,5.7990,8.7017,22264.2160,-26.5363,NA,NA,NA,NA,NA,NA,NA,NA,NA,NA
207.195,5.4725,6.2739,5.7983,8.6896,24513.8800,-19.1132,NA,NA,NA,NA,NA,NA,NA,NA,NA,NA
207.292,5.4725,6.2739,5.7952,8.6309,45683.0240,50.7372,NA,NA,NA,NA,NA,NA,NA,NA,NA,NA
207.387,5.4675,6.1757,5.7863,8.4633,51097.2960,68.6023,NA,NA,NA,NA,NA,NA,NA,NA,NA,NA
207.493,5.4615,6.0597,5.7863,8.4648,55657.1840,83.6483,NA,NA,NA,NA,NA,NA,NA,NA,NA,NA
207.584,5.4572,5.9754,5.7863,8.4648,58860.7480,94.2188,NA,NA,NA,NA,NA,NA,NA,NA,NA,NA
207.689,5.4534,5.9019,5.7880,8.4961,58860.7480,94.2188,NA,NA,NA,NA,NA,NA,NA,NA,NA,NA
207.841,5.4527,5.8894,5.7880,8.4961,27806.9940,-8.2471,NA,NA,NA,NA,NA,NA,NA,NA,NA,NA
207.880,5.4526,5.8860,5.7866,8.4705,29350.9560,-3.1526,NA,NA,NA,NA,NA,NA,NA,NA,NA,NA
207.979,5.4515,5.8651,5.7807,8.3585,29350.9560,-3.1526,NA,NA,NA,NA,NA,NA,NA,NA,NA,NA
208.076,5.4543,5.9195,5.7782,8.3120,22601.1300,-25.4246,NA,NA,NA,NA,NA,NA,NA,NA,NA,NA
208.171,5.4543,5.9195,5.7744,8.2404,24841.6480,-18.0317,NA,NA,NA,NA,NA,NA,NA,NA,NA,NA
208.269,5.4524,5.8821,5.7696,8.1514,46107.7280,52.1386,NA,NA,NA,NA,NA,NA,NA,NA,NA,NA
208.456,5.4469,5.7764,5.7684,8.1289,51820.7080,70.9893,NA,NA,NA,NA,NA,NA,NA,NA,NA,NA
208.472,5.4438,5.7164,5.7679,8.1200,51820.7080,70.9893,NA,NA,NA,NA,NA,NA,NA,NA,NA,NA
208.581,5.4429,5.6978,5.7679,8.1200,31593.6120,4.2473,NA,NA,NA,NA,NA,NA,NA,NA,NA,NA
208.671,5.4401,5.6433,5.7679,8.1196,31593.6120,4.2473,NA,NA,NA,NA,NA,NA,NA,NA,NA,NA
208.767,5.4396,5.6337,5.7678,8.1166,24073.2100,-20.5673,NA,NA,NA,NA,NA,NA,NA,NA,NA,NA
208.873,5.4344,5.5337,5.7678,8.1166,25693.6740,-15.2203,NA,NA,NA,NA,NA,NA,NA,NA,NA,NA
208.964,5.4322,5.4911,5.7665,8.0921,47354.8720,56.2537,NA,NA,NA,NA,NA,NA,NA,NA,NA,NA
209.070,5.4175,5.2058,5.7623,8.0138,51351.5280,69.4412,NA,NA,NA,NA,NA,NA,NA,NA,NA,NA
209.163,5.4153,5.1616,5.7595,7.9624,55638.1480,83.5854,NA,NA,NA,NA,NA,NA,NA,NA,NA,NA
209.260,5.4131,5.1193,5.7548,7.8731,55638.1480,83.5854,NA,NA,NA,NA,NA,NA,NA,NA,NA,NA
209.361,5.4173,5.2011,5.7520,7.8221,25003.9940,-17.4960,183350.2560,0.0000,NA,NA,NA,NA,NA,NA,NA,NA
209.455,5.4173,5.2011,5.7502,7.7865,50450.5200,66.4682,NA,NA,NA,NA,NA,NA,NA,NA,NA,NA
209.560,5.4113,5.0848,5.7484,7.7532,50450.5200,66.4682,NA,NA,NA,NA,NA,NA,NA,NA,NA,NA
209.650,5.4087,5.0351,5.7483,7.7526,26086.4100,-13.9244,NA,NA,NA,NA,NA,NA,NA,NA,NA,NA
209.756,5.4061,4.9841,5.7433,7.6585,29469.2020,-2.7625,187329.7440,0.0000,NA,NA,NA,NA,NA,NA,NA,NA
209.860,5.4052,4.9672,5.7382,7.5630,29469.5320,-2.7614,NA,NA,NA,NA,NA,NA,NA,NA,NA,NA
209.953,5.4047,4.9567,5.7365,7.5313,29469.5320,-2.7614,NA,NA,NA,NA,NA,NA,NA,NA,NA,NA
210.052,5.4047,4.9567,5.7348,7.4980,22940.0320,-24.3063,NA,NA,NA,NA,NA,NA,NA,NA,NA,NA
210.170,5.4038,4.9390,5.7322,7.4503,25232.2160,-16.7430,NA,NA,NA,NA,NA,NA,NA,NA,NA,NA
210.261,5.4038,4.9390,5.7309,7.4265,47217.5320,55.8005,NA,NA,NA,NA,NA,NA,NA,NA,NA,NA
210.348,5.3971,4.8093,5.7277,7.3649,52664.3120,73.7729,NA,NA,NA,NA,NA,NA,NA,NA,NA,NA
210.446,5.3921,4.7121,5.7286,7.3831,56777.2680,87.3441,NA,NA,NA,NA,NA,NA,NA,NA,NA,NA
210.543,5.3919,4.7085,5.7286,7.3831,56777.2680,87.3441,NA,NA,NA,NA,NA,NA,NA,NA,NA,NA
210.648,5.3919,4.7085,5.7270,7.3526,25997.6080,-14.2174,NA,NA,NA,NA,NA,NA,NA,NA,NA,NA
210.750,5.3930,4.7299,5.7260,7.3332,27740.2300,-8.4674,NA,NA,NA,NA,NA,NA,NA,NA,NA,NA
210.889,5.3930,4.7299,5.7242,7.3009,29652.3400,-2.1582,NA,NA,NA,NA,NA,NA,NA,NA,NA,NA
210.943,5.3932,4.7331,5.7203,7.2275,29652.3400,-2.1582,NA,NA,NA,NA,NA,NA,NA,NA,NA,NA
211.033,5.3932,4.7331,5.7203,7.2275,23224.2200,-23.3686,NA,NA,NA,NA,NA,NA,NA,NA,NA,NA
211.139,5.3889,4.6502,5.7181,7.1864,25582.4080,-15.5875,NA,NA,NA,NA,NA,NA,NA,NA,NA,NA
211.225,5.3848,4.5705,5.7180,7.1836,47831.4920,57.8264,NA,NA,NA,NA,NA,NA,NA,NA,NA,NA
211.333,5.3821,4.5180,5.7163,7.1526,53536.0280,76.6492,NA,NA,NA,NA,NA,NA,NA,NA,NA,NA
211.472,5.3815,4.5068,5.7168,7.1604,58438.0240,92.8240,NA,NA,NA,NA,NA,NA,NA,NA,NA,NA
211.521,5.3743,4.3655,5.7168,7.1604,58438.0240,92.8240,NA,NA,NA,NA,NA,NA,NA,NA,NA,NA
211.621,5.3743,4.3655,5.7166,7.1571,26727.0800,-11.8105,NA,NA,NA,NA,NA,NA,NA,NA,NA,NA
211.721,5.3707,4.2958,5.7173,7.1713,28754.7880,-5.1198,NA,NA,NA,NA,NA,NA,NA,NA,NA,NA
211.818,5.3715,4.3117,5.7173,7.1713,28754.7880,-5.1198,NA,NA,NA,NA,NA,NA,NA,NA,NA,NA
211.931,5.3739,4.3577,5.7137,7.1032,21363.1780,-29.5094,NA,NA,NA,NA,NA,NA,NA,NA,NA,NA
212.020,5.3739,4.3577,5.7091,7.0168,53092.8560,75.1869,NA,NA,NA,NA,NA,NA,NA,NA,NA,NA
212.119,5.3720,4.3216,5.7060,6.9589,56650.1640,86.9247,NA,NA,NA,NA,NA,NA,NA,NA,NA,NA
212.214,5.3696,4.2750,5.7044,6.9291,56650.1640,86.9247,NA,NA,NA,NA,NA,NA,NA,NA,NA,NA
212.314,5.3689,4.2609,5.6985,6.8176,25447.1000,-16.0339,185494.8480,0.0000,NA,NA,NA,NA,NA,NA,NA,NA
212.426,5.3664,4.2126,5.6969,6.7891,50603.2760,66.9722,NA,NA,NA,NA,NA,NA,NA,NA,NA,NA
212.522,5.3648,4.1819,5.6963,6.7780,50603.2760,66.9722,NA,NA,NA,NA,NA,NA,NA,NA,NA,NA
212.611,5.3583,4.0548,5.6970,6.7905,27309.4940,-9.8887,184664.7200,0.0000,NA,NA,NA,NA,NA,NA,NA,NA
212.713,5.3581,4.0516,5.6970,6.7905,54411.1680,79.5369,NA,NA,NA,NA,NA,NA,NA,NA,NA,NA
212.811,5.3571,4.0317,5.6956,6.7638,54411.1680,79.5369,NA,NA,NA,NA,NA,NA,NA,NA,NA,NA
212.919,5.3571,4.0317,5.6940,6.7342,26055.4020,-14.0267,NA,NA,NA,NA,NA,NA,NA,NA,NA,NA
213.010,5.3556,4.0030,5.6937,6.7286,26055.4020,-14.0267,NA,NA,NA,NA,NA,NA,NA,NA,NA,NA
213.112,5.3556,4.0030,5.6901,6.6600,25956.3520,-14.3536,NA,NA,NA,NA,NA,NA,NA,NA,NA,NA
213.256,5.3543,3.9775,5.6865,6.5940,48274.5680,59.2883,NA,NA,NA,NA,NA,NA,NA,NA,NA,NA
213.303,5.3525,3.9420,5.6865,6.5940,53374.8280,76.1173,NA,NA,NA,NA,NA,NA,NA,NA,NA,NA
213.401,5.3470,3.8364,5.6785,6.4437,57105.8560,88.4283,NA,NA,NA,NA,NA,NA,NA,NA,NA,NA
213.499,5.3470,3.8364,5.6766,6.4074,57105.8560,88.4283,NA,NA,NA,NA,NA,NA,NA,NA,NA,NA
213.601,5.3511,3.9163,5.6766,6.4074,26621.7580,-12.1580,NA,NA,NA,NA,NA,NA,NA,NA,NA,NA
213.693,5.3512,3.9183,5.6714,6.3108,28549.8720,-5.7959,NA,NA,NA,NA,NA,NA,NA,NA,NA,NA
213.850,5.3516,3.9249,5.6677,6.2405,28549.8720,-5.7959,NA,NA,NA,NA,NA,NA,NA,NA,NA,NA
213.898,5.3522,3.9379,5.6649,6.1887,21773.2280,-28.1563,NA,NA,NA,NA,NA,NA,NA,NA,NA,NA
213.992,5.3522,3.9379,5.6605,6.1061,23678.8340,-21.8685,NA,NA,NA,NA,NA,NA,NA,NA,NA,NA
214.089,5.3481,3.8578,5.6589,6.0769,26037.9360,-14.0844,NA,NA,NA,NA,NA,NA,NA,NA,NA,NA
214.191,5.3448,3.7932,5.6575,6.0494,48732.5960,60.7997,NA,NA,NA,NA,NA,NA,NA,NA,NA,NA
214.286,5.3423,3.7442,5.6629,6.1512,54193.9160,78.8200,NA,NA,NA,NA,NA,NA,NA,NA,NA,NA
214.381,5.3598,4.0849,5.6848,6.5623,58564.0360,93.2398,NA,NA,NA,NA,NA,NA,NA,NA,NA,NA
214.484,5.4061,4.9840,5.7415,7.6242,58564.0360,93.2398,NA,NA,NA,NA,NA,NA,NA,NA,NA,NA
214.575,5.4629,6.0876,5.7768,8.2868,27391.0960,-9.6194,NA,NA,NA,NA,NA,NA,NA,NA,NA,NA
214.685,5.5032,6.8699,5.8219,9.1306,29480.6880,-2.7246,NA,NA,NA,NA,NA,NA,NA,NA,NA,NA
214.773,5.5733,8.2298,5.8645,9.9299,29480.6880,-2.7246,NA,NA,NA,NA,NA,NA,NA,NA,NA,NA
214.875,5.6028,8.8032,5.9010,10.6139,22113.2760,-27.0343,NA,NA,NA,NA,NA,NA,NA,NA,NA,NA
214.973,5.6305,9.3419,5.9404,11.3522,24008.4840,-20.7808,NA,NA,NA,NA,NA,NA,NA,NA,NA,NA
215.093,5.6452,9.6277,5.9773,12.0450,43631.3720,43.9675,NA,NA,NA,NA,NA,NA,NA,NA,NA,NA
215.164,5.6615,9.9428,6.0205,12.8537,49138.8720,62.1402,NA,NA,NA,NA,NA,NA,NA,NA,NA,NA
215.268,5.6720,10.1478,6.0568,13.5343,54987.0160,81.4370,NA,NA,NA,NA,NA,NA,NA,NA,NA,NA
215.369,5.6937,10.5696,6.1070,14.4760,60127.5880,98.3990,NA,NA,NA,NA,NA,NA,NA,NA,NA,NA
215.467,5.7175,11.0306,6.1337,14.9752,60127.5880,98.3990,NA,NA,NA,NA,NA,NA,NA,NA,NA,NA
215.608,5.7540,11.7397,6.1768,15.7848,28149.8620,-7.1158,NA,NA,NA,NA,NA,NA,NA,NA,NA,NA
215.655,5.7796,12.2368,6.2161,16.5207,30359.0240,0.1736,NA,NA,NA,NA,NA,NA,NA,NA,NA,NA
215.763,5.8053,12.7362,6.2434,17.0323,30359.0240,0.1736,NA,NA,NA,NA,NA,NA,NA,NA,NA,NA
215.857,5.8275,13.1667,6.2828,17.7713,22458.5340,-25.8951,NA,NA,NA,NA,NA,NA,NA,NA,NA,NA
215.949,5.8448,13.5038,6.3304,18.6628,24341.6560,-19.6815,NA,NA,NA,NA,NA,NA,NA,NA,NA,NA
216.054,5.8564,13.7289,6.3718,19.4392,43751.6960,44.3645,NA,NA,NA,NA,NA,NA,NA,NA,NA,NA
216.205,5.8706,14.0046,6.4056,20.0737,49874.1440,64.5664,NA,NA,NA,NA,NA,NA,NA,NA,NA,NA
216.260,5.8906,14.3928,6.4284,20.4995,49874.1440,64.5664,NA,NA,NA,NA,NA,NA,NA,NA,NA,NA
216.353,5.9260,15.0796,6.4412,20.7401,30447.6060,0.4659,NA,NA,NA,NA,NA,NA,NA,NA,NA,NA
216.450,5.9414,15.3788,6.4473,20.8546,30447.6060,0.4659,NA,NA,NA,NA,NA,NA,NA,NA,NA,NA
216.548,5.9418,15.3865,6.4473,20.8546,24106.2460,-20.4582,NA,NA,NA,NA,NA,NA,NA,NA,NA,NA
216.650,5.9418,15.3865,6.4377,20.6738,25733.8180,-15.0879,NA,NA,NA,NA,NA,NA,NA,NA,NA,NA
216.741,5.9292,15.1413,6.4312,20.5533,48430.5920,59.8032,NA,NA,NA,NA,NA,NA,NA,NA,NA,NA
216.877,5.9196,14.9560,6.4214,20.3695,51417.5920,69.6592,NA,NA,NA,NA,NA,NA,NA,NA,NA,NA
216.934,5.9089,14.7486,6.4078,20.1150,55552.6320,83.3033,NA,NA,NA,NA,NA,NA,NA,NA,NA,NA
217.036,5.9026,14.6258,6.3929,19.8354,55552.6320,83.3033,NA,NA,NA,NA,NA,NA,NA,NA,NA,NA
217.147,5.8948,14.4748,6.3705,19.4143,25931.7180,-14.4349,NA,NA,NA,NA,NA,NA,NA,NA,NA,NA
217.231,5.8838,14.2614,6.3534,19.0951,27699.3640,-8.6023,NA,NA,NA,NA,NA,NA,NA,NA,NA,NA
217.426,5.8812,14.2110,6.3363,18.7738,27699.3640,-8.6023,NA,NA,NA,NA,NA,NA,NA,NA,NA,NA
217.436,5.8741,14.0717,6.3179,18.4285,22101.6840,-27.0726,NA,NA,NA,NA,NA,NA,NA,NA,NA,NA
217.534,5.8717,14.0258,6.3073,18.2294,24169.4880,-20.2496,NA,NA,NA,NA,NA,NA,NA,NA,NA,NA
217.623,5.8674,13.9418,6.2962,18.0224,26241.9320,-13.4113,NA,NA,NA,NA,NA,NA,NA,NA,NA,NA
217.730,5.8551,13.7024,6.2879,17.8664,49706.0560,64.0117,NA,NA,NA,NA,NA,NA,NA,NA,NA,NA
217.820,5.8482,13.5691,6.2775,17.6722,53435.2920,76.3168,NA,NA,NA,NA,NA,NA,NA,NA,NA,NA
217.918,5.8456,13.5188,6.2696,17.5233,56816.9840,87.4752,NA,NA,NA,NA,NA,NA,NA,NA,NA,NA
218.020,5.8429,13.4661,6.2590,17.3242,56816.9840,87.4752,NA,NA,NA,NA,NA,NA,NA,NA,NA,NA
218.118,5.8399,13.4080,6.2522,17.1980,26765.7280,-11.6829,NA,NA,NA,NA,NA,NA,NA,NA,NA,NA
218.224,5.8359,13.3311,6.2427,17.0198,28431.2160,-6.1874,NA,NA,NA,NA,NA,NA,NA,NA,NA,NA
218.315,5.8349,13.3113,6.2244,16.6768,28431.2160,-6.1874,NA,NA,NA,NA,NA,NA,NA,NA,NA,NA
218.407,5.8338,13.2896,6.2136,16.4741,22392.6680,-26.1124,NA,NA,NA,NA,NA,NA,NA,NA,NA,NA
218.506,5.8332,13.2776,6.2004,16.2273,24571.0940,-18.9244,NA,NA,NA,NA,NA,NA,NA,NA,NA,NA
218.610,5.8327,13.2689,6.1954,16.1333,45717.0080,50.8493,NA,NA,NA,NA,NA,NA,NA,NA,NA,NA
218.702,5.8280,13.1762,6.1911,16.0527,50790.9720,67.5915,NA,NA,NA,NA,NA,NA,NA,NA,NA,NA
218.812,5.8252,13.1232,6.1809,15.8617,54937.6240,81.2740,NA,NA,NA,NA,NA,NA,NA,NA,NA,NA
218.900,5.8222,13.0642,6.1780,15.8070,58130.3160,91.8087,NA,NA,NA,NA,NA,NA,NA,NA,NA,NA
219.002,5.8207,13.0346,6.1724,15.7022,58130.3160,91.8087,NA,NA,NA,NA,NA,NA,NA,NA,NA,NA
219.092,5.8134,12.8942,6.1694,15.6444,27659.3240,-8.7344,NA,NA,NA,NA,NA,NA,NA,NA,NA,NA
219.194,5.8116,12.8577,6.1671,15.6020,29427.5640,-2.8998,NA,NA,NA,NA,NA,NA,NA,NA,NA,NA
219.302,5.8116,12.8577,6.1646,15.5547,29427.5640,-2.8998,NA,NA,NA,NA,NA,NA,NA,NA,NA,NA
219.396,5.8053,12.7355,6.1603,15.4748,50492.2440,66.6059,NA,NA,NA,NA,NA,NA,NA,NA,NA,NA
219.505,5.7992,12.6180,6.1575,15.4214,54186.3880,78.7952,NA,NA,NA,NA,NA,NA,NA,NA,NA,NA
219.592,5.7937,12.5117,6.1535,15.3475,54186.3880,78.7952,NA,NA,NA,NA,NA,NA,NA,NA,NA,NA
219.696,5.7915,12.4687,6.1515,15.3099,24519.8460,-19.0935,NA,NA,NA,NA,NA,NA,NA,NA,NA,NA
219.792,5.7889,12.4167,6.1439,15.1671,27197.6920,-10.2576,194338.4000,0.0000,NA,NA,NA,NA,NA,NA,NA,NA
219.893,5.7851,12.3435,6.1406,15.1052,53597.3160,76.8515,NA,NA,NA,NA,NA,NA,NA,NA,NA,NA
219.981,5.7825,12.2934,6.1386,15.0684,53597.3160,76.8515,NA,NA,NA,NA,NA,NA,NA,NA,NA,NA
220.090,5.7806,12.2558,6.1271,14.8525,28961.4740,-4.4378,190399.3120,0.0000,NA,NA,NA,NA,NA,NA,NA,NA
220.181,5.7739,12.1257,6.1240,14.7943,58807.0320,94.0416,NA,NA,NA,NA,NA,NA,NA,NA,NA,NA
220.293,5.7685,12.0210,6.1177,14.6767,58807.0320,94.0416,NA,NA,NA,NA,NA,NA,NA,NA,NA,NA
220.385,5.7675,12.0030,6.1153,14.6305,26660.0820,-12.0315,NA,NA,NA,NA,NA,NA,NA,NA,NA,NA
220.484,5.7812,12.2677,6.1253,14.8179,25090.1200,-17.2118,NA,NA,NA,NA,NA,NA,NA,NA,NA,NA
220.581,5.7948,12.5328,6.1581,15.4340,46193.0800,52.4202,NA,NA,NA,NA,NA,NA,NA,NA,NA,NA
220.685,5.8305,13.2257,6.2094,16.3951,50814.8560,67.6704,NA,NA,NA,NA,NA,NA,NA,NA,NA,NA
220.784,5.8831,14.2469,6.2658,17.4523,54372.5280,79.4094,NA,NA,NA,NA,NA,NA,NA,NA,NA,NA
220.877,5.9196,14.9549,6.3347,18.7438,58171.9920,91.9462,NA,NA,NA,NA,NA,NA,NA,NA,NA,NA
221.005,5.9374,15.3010,6.3768,19.5321,58171.9920,91.9462,NA,NA,NA,NA,NA,NA,NA,NA,NA,NA
221.070,5.9634,15.8055,6.3972,19.9152,27525.6800,-9.1754,NA,NA,NA,NA,NA,NA,NA,NA,NA,NA
221.180,5.9748,16.0286,6.4031,20.0262,29286.9420,-3.3639,NA,NA,NA,NA,NA,NA,NA,NA,NA,NA
221.269,5.9810,16.1480,6.4037,20.0364,29286.9420,-3.3639,NA,NA,NA,NA,NA,NA,NA,NA,NA,NA
221.368,5.9810,16.1480,6.4037,20.0364,22967.9780,-24.2141,NA,NA,NA,NA,NA,NA,NA,NA,NA,NA
221.462,5.9809,16.1452,6.3886,19.7546,25142.6840,-17.0384,NA,NA,NA,NA,NA,NA,NA,NA,NA,NA
221.565,5.9809,16.1452,6.3772,19.5407,46868.9080,54.6502,NA,NA,NA,NA,NA,NA,NA,NA,NA,NA
221.668,5.9681,15.8982,6.3673,19.3547,52236.5160,72.3613,NA,NA,NA,NA,NA,NA,NA,NA,NA,NA
221.762,5.9605,15.7499,6.3576,19.1730,56637.8160,86.8840,NA,NA,NA,NA,NA,NA,NA,NA,NA,NA
221.860,5.9490,15.5259,6.3420,18.8811,56637.8160,86.8840,NA,NA,NA,NA,NA,NA,NA,NA,NA,NA
221.959,5.9389,15.3302,6.3325,18.7021,25922.5340,-14.4652,NA,NA,NA,NA,NA,NA,NA,NA,NA,NA
222.053,5.9293,15.1434,6.3241,18.5454,27858.2360,-8.0781,NA,NA,NA,NA,NA,NA,NA,NA,NA,NA
222.164,5.9231,15.0237,6.3119,18.3165,29873.0540,-1.4299,NA,NA,NA,NA,NA,NA,NA,NA,NA,NA
222.261,5.9183,14.9298,6.2988,18.0716,29873.0540,-1.4299,NA,NA,NA,NA,NA,NA,NA,NA,NA,NA
222.349,5.9153,14.8724,6.2806,17.7292,23235.6940,-23.3307,NA,NA,NA,NA,NA,NA,NA,NA,NA,NA
222.449,5.9064,14.6984,6.2555,17.2592,25527.7740,-15.7677,NA,NA,NA,NA,NA,NA,NA,NA,NA,NA
222.541,5.8994,14.5626,6.2390,16.9498,47761.6680,57.5960,NA,NA,NA,NA,NA,NA,NA,NA,NA,NA
222.639,5.8857,14.2974,6.2315,16.8102,53574.9240,76.7776,NA,NA,NA,NA,NA,NA,NA,NA,NA,NA
222.737,5.8769,14.1258,6.2126,16.4556,58536.3800,93.1486,NA,NA,NA,NA,NA,NA,NA,NA,NA,NA
222.844,5.8730,14.0503,6.2009,16.2358,58536.3800,93.1486,NA,NA,NA,NA,NA,NA,NA,NA,NA,NA
222.945,5.8613,13.8230,6.1921,16.0701,26675.8420,-11.9795,NA,NA,NA,NA,NA,NA,NA,NA,NA,NA
223.038,5.8522,13.6474,6.1798,15.8400,26675.8420,-11.9795,NA,NA,NA,NA,NA,NA,NA,NA,NA,NA
223.147,5.8491,13.5874,6.1725,15.7039,26444.0200,-12.7444,NA,NA,NA,NA,NA,NA,NA,NA,NA,NA
223.238,5.8420,13.4486,6.1652,15.5672,48219.4960,59.1066,NA,NA,NA,NA,NA,NA,NA,NA,NA,NA
223.338,5.8339,13.2912,6.1580,15.4308,52507.7400,73.2563,NA,NA,NA,NA,NA,NA,NA,NA,NA,NA
223.443,5.8278,13.1732,6.1555,15.3840,56802.4080,87.4271,NA,NA,NA,NA,NA,NA,NA,NA,NA,NA
223.529,5.8181,12.9844,6.1436,15.1626,56802.4080,87.4271,NA,NA,NA,NA,NA,NA,NA,NA,NA,NA
223.632,5.8155,12.9343,6.1378,15.0524,25740.8020,-15.0648,190357.7120,0.0000,NA,NA,NA,NA,NA,NA,NA,NA
223.730,5.8067,12.7628,6.1339,14.9802,51358.7800,69.4651,NA,NA,NA,NA,NA,NA,NA,NA,NA,NA
223.824,5.7981,12.5960,6.1305,14.9156,51358.7800,69.4651,NA,NA,NA,NA,NA,NA,NA,NA,NA,NA
223.922,5.7938,12.5119,6.1276,14.8627,26970.5160,-11.0072,188309.2320,0.0000,NA,NA,NA,NA,NA,NA,NA,NA
224.031,5.7877,12.3939,6.1245,14.8028,53522.5200,76.6047,NA,NA,NA,NA,NA,NA,NA,NA,NA,NA
224.119,5.7841,12.3252,6.1195,14.7095,53522.5200,76.6047,NA,NA,NA,NA,NA,NA,NA,NA,NA,NA
224.230,5.7815,12.2730,6.1155,14.6350,26098.6660,-13.8840,NA,NA,NA,NA,NA,NA,NA,NA,NA,NA
224.324,5.7756,12.1595,6.1120,14.5687,26098.6660,-13.8840,NA,NA,NA,NA,NA,NA,NA,NA,NA,NA
224.428,5.7737,12.1215,6.1084,14.5017,26010.0440,-14.1764,NA,NA,NA,NA,NA,NA,NA,NA,NA,NA
224.520,5.7630,11.9147,6.1011,14.3652,48528.3200,60.1256,NA,NA,NA,NA,NA,NA,NA,NA,NA,NA
224.621,5.7560,11.7786,6.0926,14.2058,53723.9360,77.2693,NA,NA,NA,NA,NA,NA,NA,NA,NA,NA
224.726,5.7511,11.6834,6.0893,14.1432,57686.9880,90.3459,NA,NA,NA,NA,NA,NA,NA,NA,NA,NA
224.816,5.7454,11.5725,6.0828,14.0227,57686.9880,90.3459,NA,NA,NA,NA,NA,NA,NA,NA,NA,NA
224.910,5.7434,11.5332,6.0802,13.9724,26735.0260,-11.7842,NA,NA,NA,NA,NA,NA,NA,NA,NA,NA
225.010,5.7388,11.4446,6.0778,13.9280,28484.1780,-6.0127,NA,NA,NA,NA,NA,NA,NA,NA,NA,NA
225.111,5.7307,11.2878,6.0731,13.8394,28484.1780,-6.0127,NA,NA,NA,NA,NA,NA,NA,NA,NA,NA
225.222,5.7307,11.2878,6.0707,13.7955,21568.6340,-28.8314,NA,NA,NA,NA,NA,NA,NA,NA,NA,NA
225.311,5.7291,11.2566,6.0682,13.7492,23630.4620,-22.0282,NA,NA,NA,NA,NA,NA,NA,NA,NA,NA
225.404,5.7273,11.2218,6.0664,13.7141,26107.2280,-13.8557,NA,NA,NA,NA,NA,NA,NA,NA,NA,NA
225.499,5.7156,10.9951,6.0649,13.6859,49078.2960,61.9403,NA,NA,NA,NA,NA,NA,NA,NA,NA,NA
225.596,5.7130,10.9431,6.0636,13.6613,54873.7800,81.0633,NA,NA,NA,NA,NA,NA,NA,NA,NA,NA
225.707,5.7057,10.8020,6.0611,13.6157,59528.6720,96.4227,NA,NA,NA,NA,NA,NA,NA,NA,NA,NA
225.828,5.7010,10.7103,6.0590,13.5765,59528.6720,96.4227,NA,NA,NA,NA,NA,NA,NA,NA,NA,NA
225.893,5.7010,10.7103,6.0566,13.5314,27532.8280,-9.1518,NA,NA,NA,NA,NA,NA,NA,NA,NA,NA
225.991,5.6955,10.6042,6.0536,13.4738,29582.0980,-2.3899,NA,NA,NA,NA,NA,NA,NA,NA,NA,NA
226.087,5.6953,10.6003,6.0502,13.4107,29582.0980,-2.3899,NA,NA,NA,NA,NA,NA,NA,NA,NA,NA
226.191,5.6918,10.5327,6.0442,13.2981,21890.4100,-27.7697,NA,NA,NA,NA,NA,NA,NA,NA,NA,NA
226.282,5.6929,10.5526,6.0409,13.2366,23865.5640,-21.2524,NA,NA,NA,NA,NA,NA,NA,NA,NA,NA
226.392,5.6929,10.5526,6.0402,13.2229,43074.9840,42.1316,NA,NA,NA,NA,NA,NA,NA,NA,NA,NA
226.493,5.6882,10.4623,6.0402,13.2229,49276.9880,62.5960,NA,NA,NA,NA,NA,NA,NA,NA,NA,NA
226.575,5.6823,10.3465,6.0357,13.1386,55589.9560,83.4264,NA,NA,NA,NA,NA,NA,NA,NA,NA,NA
226.676,5.6771,10.2463,6.0302,13.0363,61189.7920,101.9038,NA,NA,NA,NA,NA,NA,NA,NA,NA,NA
226.780,5.6736,10.1781,6.0282,12.9987,61189.7920,101.9038,NA,NA,NA,NA,NA,NA,NA,NA,NA,NA
226.870,5.6735,10.1769,6.0282,12.9987,28273.1620,-6.7090,NA,NA,NA,NA,NA,NA,NA,NA,NA,NA
226.976,5.6745,10.1968,6.0248,12.9347,30429.7340,0.4069,NA,NA,NA,NA,NA,NA,NA,NA,NA,NA
227.095,5.6745,10.1968,6.0199,12.8428,30429.7340,0.4069,NA,NA,NA,NA,NA,NA,NA,NA,NA,NA
227.165,5.6727,10.1604,6.0164,12.7765,22292.0160,-26.4445,NA,NA,NA,NA,NA,NA,NA,NA,NA,NA
227.268,5.6712,10.1313,6.0138,12.7285,24238.5280,-20.0218,NA,NA,NA,NA,NA,NA,NA,NA,NA,NA
227.361,5.6711,10.1306,6.0096,12.6507,43279.4880,42.8064,NA,NA,NA,NA,NA,NA,NA,NA,NA,NA
227.469,5.6648,10.0069,6.0081,12.6226,49769.3280,64.2205,NA,NA,NA,NA,NA,NA,NA,NA,NA,NA
227.606,5.6608,9.9293,6.0038,12.5415,49769.3280,64.2205,NA,NA,NA,NA,NA,NA,NA,NA,NA,NA
227.665,5.6581,9.8773,5.9926,12.3305,30101.6980,-0.6755,NA,NA,NA,NA,NA,NA,NA,NA,NA,NA
227.771,5.6575,9.8658,5.9896,12.2759,30101.6980,-0.6755,NA,NA,NA,NA,NA,NA,NA,NA,NA,NA
227.859,5.6575,9.8658,5.9849,12.1876,24154.1140,-20.3003,NA,NA,NA,NA,NA,NA,NA,NA,NA,NA
227.958,5.6539,9.7960,5.9852,12.1917,25791.3220,-14.8981,NA,NA,NA,NA,NA,NA,NA,NA,NA,NA
228.058,5.6521,9.7614,5.9852,12.1917,48811.9200,61.0614,NA,NA,NA,NA,NA,NA,NA,NA,NA,NA
228.198,5.6449,9.6215,5.9836,12.1626,51894.1840,71.2317,NA,NA,NA,NA,NA,NA,NA,NA,NA,NA
228.253,5.6402,9.5307,5.9836,12.1626,55928.9840,84.5451,NA,NA,NA,NA,NA,NA,NA,NA,NA,NA
228.354,5.6380,9.4871,5.9811,12.1159,55928.9840,84.5451,NA,NA,NA,NA,NA,NA,NA,NA,NA,NA
228.448,5.6380,9.4871,5.9714,11.9336,25807.9760,-14.8432,NA,NA,NA,NA,NA,NA,NA,NA,NA,NA
228.550,5.6362,9.4523,5.9706,11.9196,27374.6320,-9.6738,NA,NA,NA,NA,NA,NA,NA,NA,NA,NA
228.646,5.6339,9.4067,5.9712,11.9292,27374.6320,-9.6738,NA,NA,NA,NA,NA,NA,NA,NA,NA,NA
228.750,5.6338,9.4063,5.9712,11.9292,22112.8440,-27.0357,NA,NA,NA,NA,NA,NA,NA,NA,NA,NA
228.837,5.6321,9.3732,5.9645,11.8048,24222.2780,-20.0754,NA,NA,NA,NA,NA,NA,NA,NA,NA,NA
228.962,5.6310,9.3519,5.9616,11.7508,26290.2660,-13.2518,NA,NA,NA,NA,NA,NA,NA,NA,NA,NA
229.042,5.6270,9.2731,5.9604,11.7281,50140.0000,65.4436,NA,NA,NA,NA,NA,NA,NA,NA,NA,NA
229.134,5.6215,9.1677,5.9589,11.7002,53516.2800,76.5841,NA,NA,NA,NA,NA,NA,NA,NA,NA,NA
229.229,5.6182,9.1024,5.9589,11.7002,57136.7320,88.5302,NA,NA,NA,NA,NA,NA,NA,NA,NA,NA
229.337,5.6172,9.0837,5.9560,11.6455,57136.7320,88.5302,NA,NA,NA,NA,NA,NA,NA,NA,NA,NA
229.478,5.6172,9.0831,5.9541,11.6088,26742.4400,-11.7598,NA,NA,NA,NA,NA,NA,NA,NA,NA,NA
229.528,5.6121,8.9848,5.9500,11.5330,28163.4280,-7.0710,NA,NA,NA,NA,NA,NA,NA,NA,NA,NA
229.625,5.6106,8.9542,5.9481,11.4968,28163.4280,-7.0710,NA,NA,NA,NA,NA,NA,NA,NA,NA,NA
229.730,5.6076,8.8969,5.9440,11.4209,22393.9440,-26.1082,NA,NA,NA,NA,NA,NA,NA,NA,NA,NA
229.819,5.6069,8.8835,5.9394,11.3334,24581.7780,-18.8892,NA,NA,NA,NA,NA,NA,NA,NA,NA,NA
229.916,5.6033,8.8133,5.9357,11.2654,45877.7680,51.3798,NA,NA,NA,NA,NA,NA,NA,NA,NA,NA
230.021,5.5961,8.6733,5.9351,11.2528,50981.1720,68.2191,NA,NA,NA,NA,NA,NA,NA,NA,NA,NA
230.125,5.5899,8.5537,5.9343,11.2390,50981.1720,68.2191,NA,NA,NA,NA,NA,NA,NA,NA,NA,NA
230.219,5.5878,8.5115,5.9323,11.2009,31638.0000,4.3938,NA,NA,NA,NA,NA,NA,NA,NA,NA,NA
230.323,5.5864,8.4855,5.9285,11.1294,31638.0000,4.3938,NA,NA,NA,NA,NA,NA,NA,NA,NA,NA
230.413,5.5859,8.4751,5.9266,11.0939,23503.6420,-22.4466,NA,NA,NA,NA,NA,NA,NA,NA,NA,NA
230.524,5.5859,8.4751,5.9253,11.0704,25216.2120,-16.7958,NA,NA,NA,NA,NA,NA,NA,NA,NA,NA
230.675,5.5827,8.4141,5.9239,11.0432,45890.7960,51.4228,NA,NA,NA,NA,NA,NA,NA,NA,NA,NA
230.713,5.5767,8.2966,5.9239,11.0432,50087.7360,65.2711,NA,NA,NA,NA,NA,NA,NA,NA,NA,NA
230.808,5.5681,8.1298,5.9207,10.9840,53953.8120,78.0278,NA,NA,NA,NA,NA,NA,NA,NA,NA,NA
230.905,5.5537,7.8509,5.9168,10.9095,53953.8120,78.0278,NA,NA,NA,NA,NA,NA,NA,NA,NA,NA
231.005,5.5501,7.7807,5.9174,10.9218,24323.5060,-19.7414,NA,NA,NA,NA,NA,NA,NA,NA,NA,NA
231.111,5.5501,7.7807,5.9174,10.9218,27274.7060,-10.0035,194128.2720,0.0000,NA,NA,NA,NA,NA,NA,NA,NA
231.205,5.5480,7.7396,5.9172,10.9174,53459.7600,76.3976,NA,NA,NA,NA,NA,NA,NA,NA,NA,NA
231.305,5.5484,7.7474,5.9104,10.7911,53459.7600,76.3976,NA,NA,NA,NA,NA,NA,NA,NA,NA,NA
231.397,5.5517,7.8114,5.9081,10.7468,29071.2540,-4.0755,186004.5760,0.0000,NA,NA,NA,NA,NA,NA,NA,NA
231.497,5.5517,7.8114,5.9060,10.7088,59742.9760,97.1299,NA,NA,NA,NA,NA,NA,NA,NA,NA,NA
231.600,5.5499,7.7764,5.9039,10.6683,59742.9760,97.1299,NA,NA,NA,NA,NA,NA,NA,NA,NA,NA
231.704,5.5499,7.7764,5.9034,10.6583,26702.6000,-11.8912,NA,NA,NA,NA,NA,NA,NA,NA,NA,NA
231.796,5.5503,7.7836,5.9027,10.6459,25169.1140,-16.9512,NA,NA,NA,NA,NA,NA,NA,NA,NA,NA
231.898,5.5503,7.7836,5.9013,10.6198,46847.7120,54.5802,NA,NA,NA,NA,NA,NA,NA,NA,NA,NA
231.992,5.5402,7.5880,5.8989,10.5756,50684.4360,67.2400,NA,NA,NA,NA,NA,NA,NA,NA,NA,NA
232.096,5.5385,7.5555,5.8975,10.5480,53669.3760,77.0892,NA,NA,NA,NA,NA,NA,NA,NA,NA,NA
232.198,5.5352,7.4900,5.8953,10.5073,58423.7400,92.7769,NA,NA,NA,NA,NA,NA,NA,NA,NA,NA
232.292,5.5328,7.4452,5.8939,10.4802,58423.7400,92.7769,NA,NA,NA,NA,NA,NA,NA,NA,NA,NA
232.410,5.5333,7.4548,5.8914,10.4347,27054.7000,-10.7294,NA,NA,NA,NA,NA,NA,NA,NA,NA,NA
232.481,5.5357,7.5014,5.8898,10.4039,28734.8920,-5.1854,NA,NA,NA,NA,NA,NA,NA,NA,NA,NA
232.581,5.5369,7.5246,5.8848,10.3108,28734.8920,-5.1854,NA,NA,NA,NA,NA,NA,NA,NA,NA,NA
232.677,5.5369,7.5246,5.8826,10.2691,23293.6180,-23.1396,NA,NA,NA,NA,NA,NA,NA,NA,NA,NA
232.780,5.5321,7.4313,5.8826,10.2691,25352.0900,-16.3474,NA,NA,NA,NA,NA,NA,NA,NA,NA,NA
232.879,5.5321,7.4313,5.8770,10.1640,47759.1040,57.5875,NA,NA,NA,NA,NA,NA,NA,NA,NA,NA
232.973,5.5263,7.3175,5.8770,10.1640,51879.7240,71.1840,NA,NA,NA,NA,NA,NA,NA,NA,NA,NA
233.101,5.5224,7.2423,5.8723,10.0769,55002.2880,81.4873,NA,NA,NA,NA,NA,NA,NA,NA,NA,NA
233.169,5.5168,7.1341,5.8698,10.0301,55002.2880,81.4873,NA,NA,NA,NA,NA,NA,NA,NA,NA,NA
233.273,5.5133,7.0646,5.8678,9.9916,25645.2560,-15.3801,NA,NA,NA,NA,NA,NA,NA,NA,NA,NA
233.367,5.5123,7.0469,5.8676,9.9873,27268.6800,-10.0234,NA,NA,NA,NA,NA,NA,NA,NA,NA,NA
233.469,5.5114,7.0279,5.8625,9.8934,29411.1920,-2.9539,NA,NA,NA,NA,NA,NA,NA,NA,NA,NA
233.562,5.5143,7.0843,5.8577,9.8030,29411.1920,-2.9539,NA,NA,NA,NA,NA,NA,NA,NA,NA,NA
233.668,5.5143,7.0843,5.8554,9.7603,23616.3440,-22.0747,NA,NA,NA,NA,NA,NA,NA,NA,NA,NA
233.758,5.5094,6.9897,5.8535,9.7246,25788.9220,-14.9060,NA,NA,NA,NA,NA,NA,NA,NA,NA,NA
233.860,5.4990,6.7871,5.8533,9.7200,48628.8080,60.4572,NA,NA,NA,NA,NA,NA,NA,NA,NA,NA
233.958,5.4951,6.7118,5.8533,9.7200,53240.8000,75.6751,NA,NA,NA,NA,NA,NA,NA,NA,NA,NA
234.048,5.4926,6.6639,5.8492,9.6434,56592.4080,86.7342,NA,NA,NA,NA,NA,NA,NA,NA,NA,NA
234.172,5.4888,6.5897,5.8419,9.5054,56592.4080,86.7342,NA,NA,NA,NA,NA,NA,NA,NA,NA,NA
234.257,5.4877,6.5684,5.8402,9.4743,26445.1240,-12.7408,NA,NA,NA,NA,NA,NA,NA,NA,NA,NA
234.354,5.4852,6.5205,5.8362,9.3996,26445.1240,-12.7408,NA,NA,NA,NA,NA,NA,NA,NA,NA,NA
234.455,5.4852,6.5205,5.8359,9.3946,26360.2160,-13.0210,NA,NA,NA,NA,NA,NA,NA,NA,NA,NA
234.547,5.4814,6.4459,5.8353,9.3829,48150.1440,58.8778,NA,NA,NA,NA,NA,NA,NA,NA,NA,NA
234.651,5.4739,6.3000,5.8325,9.3304,52195.1160,72.2247,NA,NA,NA,NA,NA,NA,NA,NA,NA,NA
234.749,5.4661,6.1496,5.8312,9.3060,55670.8560,83.6934,NA,NA,NA,NA,NA,NA,NA,NA,NA,NA
234.842,5.4649,6.1259,5.8304,9.2908,55670.8560,83.6934,NA,NA,NA,NA,NA,NA,NA,NA,NA,NA
234.940,5.4649,6.1259,5.8282,9.2491,25889.5320,-14.5741,187698.4640,0.0000,NA,NA,NA,NA,NA,NA,NA,NA
235.045,5.4593,6.0174,5.8260,9.2082,50585.4920,66.9135,NA,NA,NA,NA,NA,NA,NA,NA,NA,NA
235.142,5.4594,6.0193,5.8258,9.2037,50585.4920,66.9135,NA,NA,NA,NA,NA,NA,NA,NA,NA,NA
235.240,5.4594,6.0193,5.8278,9.2426,27470.0820,-9.3588,182526.3680,0.0000,NA,NA,NA,NA,NA,NA,NA,NA
235.334,5.4569,5.9709,5.8278,9.2426,56231.7680,85.5442,NA,NA,NA,NA,NA,NA,NA,NA,NA,NA
235.469,5.4506,5.8483,5.8248,9.1851,56231.7680,85.5442,NA,NA,NA,NA,NA,NA,NA,NA,NA,NA
235.540,5.4491,5.8196,5.8223,9.1387,25913.5540,-14.4948,NA,NA,NA,NA,NA,NA,NA,NA,NA,NA
235.636,5.4498,5.8319,5.8185,9.0672,25913.5540,-14.4948,NA,NA,NA,NA,NA,NA,NA,NA,NA,NA
235.745,5.4498,5.8319,5.8152,9.0061,26060.1780,-14.0110,NA,NA,NA,NA,NA,NA,NA,NA,NA,NA
235.841,5.4470,5.7772,5.8141,8.9850,49015.6160,61.7335,NA,NA,NA,NA,NA,NA,NA,NA,NA,NA
235.932,5.4438,5.7159,5.8078,8.8662,52291.9080,72.5441,NA,NA,NA,NA,NA,NA,NA,NA,NA,NA
236.079,5.4427,5.6946,5.8063,8.8398,55970.6000,84.6824,NA,NA,NA,NA,NA,NA,NA,NA,NA,NA
236.129,5.4434,5.7077,5.8038,8.7915,55970.6000,84.6824,NA,NA,NA,NA,NA,NA,NA,NA,NA,NA
236.237,5.4435,5.7109,5.8032,8.7812,25950.8180,-14.3718,NA,NA,NA,NA,NA,NA,NA,NA,NA,NA
236.328,5.4452,5.7425,5.7978,8.6789,27399.0180,-9.5933,NA,NA,NA,NA,NA,NA,NA,NA,NA,NA
236.421,5.4452,5.7425,5.7939,8.6061,27399.0180,-9.5933,NA,NA,NA,NA,NA,NA,NA,NA,NA,NA
236.529,5.4463,5.7644,5.7916,8.5627,22049.1340,-27.2460,NA,NA,NA,NA,NA,NA,NA,NA,NA,NA
236.635,5.4497,5.8310,5.7916,8.5627,24196.6160,-20.1601,NA,NA,NA,NA,NA,NA,NA,NA,NA,NA
236.717,5.4497,5.8310,5.7915,8.5625,26326.9600,-13.1307,NA,NA,NA,NA,NA,NA,NA,NA,NA,NA
236.820,5.4445,5.7287,5.7915,8.5625,50161.7040,65.5152,NA,NA,NA,NA,NA,NA,NA,NA,NA,NA
236.910,5.4401,5.6444,5.7893,8.5195,53715.4400,77.2412,NA,NA,NA,NA,NA,NA,NA,NA,NA,NA
237.007,5.4384,5.6118,5.7863,8.4644,57199.6320,88.7378,NA,NA,NA,NA,NA,NA,NA,NA,NA,NA
237.108,5.4384,5.6116,5.7846,8.4322,57199.6320,88.7378,NA,NA,NA,NA,NA,NA,NA,NA,NA,NA
237.228,5.4384,5.6116,5.7816,8.3757,26708.0040,-11.8734,NA,NA,NA,NA,NA,NA,NA,NA,NA,NA
237.312,5.4381,5.6051,5.7800,8.3465,28175.8240,-7.0301,NA,NA,NA,NA,NA,NA,NA,NA,NA,NA
237.402,5.4381,5.6052,5.7761,8.2721,28175.8240,-7.0301,NA,NA,NA,NA,NA,NA,NA,NA,NA,NA
237.497,5.4391,5.6248,5.7734,8.2224,22403.9320,-26.0753,NA,NA,NA,NA,NA,NA,NA,NA,NA,NA
237.597,5.4395,5.6321,5.7717,8.1910,24642.2280,-18.6897,NA,NA,NA,NA,NA,NA,NA,NA,NA,NA
237.697,5.4395,5.6321,5.7709,8.1755,45988.7760,51.7461,NA,NA,NA,NA,NA,NA,NA,NA,NA,NA
237.840,5.4366,5.5765,5.7686,8.1332,50997.8080,68.2740,NA,NA,NA,NA,NA,NA,NA,NA,NA,NA
237.887,5.4298,5.4436,5.7680,8.1211,55023.5040,81.5574,NA,NA,NA,NA,NA,NA,NA,NA,NA,NA
237.989,5.4276,5.4008,5.7671,8.1039,58340.9080,92.5036,NA,NA,NA,NA,NA,NA,NA,NA,NA,NA
238.089,5.4244,5.3388,5.7678,8.1175,58340.9080,92.5036,NA,NA,NA,NA,NA,NA,NA,NA,NA,NA
238.196,5.4244,5.3388,5.7678,8.1175,27446.8400,-9.4355,NA,NA,NA,NA,NA,NA,NA,NA,NA,NA
238.289,5.4255,5.3611,5.7648,8.0610,28928.8020,-4.5456,NA,NA,NA,NA,NA,NA,NA,NA,NA,NA
238.412,5.4255,5.3611,5.7610,7.9893,28928.8020,-4.5456,NA,NA,NA,NA,NA,NA,NA,NA,NA,NA
238.488,5.4226,5.3042,5.7610,7.9893,50659.6560,67.1583,NA,NA,NA,NA,NA,NA,NA,NA,NA,NA
238.594,5.4204,5.2622,5.7609,7.9878,53947.4400,78.0067,NA,NA,NA,NA,NA,NA,NA,NA,NA,NA
238.693,5.4183,5.2207,5.7582,7.9366,53947.4400,78.0067,NA,NA,NA,NA,NA,NA,NA,NA,NA,NA
238.781,5.4176,5.2068,5.7569,7.9122,24347.6920,-19.6616,NA,NA,NA,NA,NA,NA,NA,NA,NA,NA
238.886,5.4168,5.1912,5.7549,7.8758,27598.9560,-8.9336,194476.9440,0.0000,NA,NA,NA,NA,NA,NA,NA,NA
239.037,5.4173,5.2004,5.7549,7.8758,53838.9440,77.6487,NA,NA,NA,NA,NA,NA,NA,NA,NA,NA
239.085,5.4173,5.2005,5.7521,7.8229,53838.9440,77.6487,NA,NA,NA,NA,NA,NA,NA,NA,NA,NA
239.186,5.4173,5.2005,5.7492,7.7694,29011.6720,-4.2721,181772.6400,0.0000,NA,NA,NA,NA,NA,NA,NA,NA
239.278,5.4159,5.1750,5.7482,7.7508,60168.5600,98.5341,NA,NA,NA,NA,NA,NA,NA,NA,NA,NA
239.380,5.4152,5.1608,5.7482,7.7508,60168.5600,98.5341,NA,NA,NA,NA,NA,NA,NA,NA,NA,NA
239.480,5.4147,5.1514,5.7433,7.6574,26774.0300,-11.6555,NA,NA,NA,NA,NA,NA,NA,NA,NA,NA
239.576,5.4132,5.1213,5.7406,7.6080,25198.1620,-16.8553,NA,NA,NA,NA,NA,NA,NA,NA,NA,NA
239.674,5.4132,5.1213,5.7401,7.5979,46901.9760,54.7593,NA,NA,NA,NA,NA,NA,NA,NA,NA,NA
239.770,5.4092,5.0431,5.7401,7.5979,50310.8880,66.0074,NA,NA,NA,NA,NA,NA,NA,NA,NA,NA
239.874,5.4052,4.9654,5.7367,7.5345,53548.5680,76.6906,NA,NA,NA,NA,NA,NA,NA,NA,NA,NA
239.967,5.4028,4.9189,5.7339,7.4824,58432.5800,92.8060,NA,NA,NA,NA,NA,NA,NA,NA,NA,NA
240.064,5.4028,4.9189,5.7328,7.4607,58432.5800,92.8060,NA,NA,NA,NA,NA,NA,NA,NA,NA,NA
240.161,5.4027,4.9177,5.7316,7.4380,26794.1680,-11.5891,NA,NA,NA,NA,NA,NA,NA,NA,NA,NA
240.299,5.4037,4.9366,5.7269,7.3498,28672.1060,-5.3926,NA,NA,NA,NA,NA,NA,NA,NA,NA,NA
240.367,5.4049,4.9609,5.7245,7.3055,28672.1060,-5.3926,NA,NA,NA,NA,NA,NA,NA,NA,NA,NA
240.454,5.4049,4.9609,5.7236,7.2890,23409.8800,-22.7560,NA,NA,NA,NA,NA,NA,NA,NA,NA,NA
240.558,5.4014,4.8928,5.7175,7.1743,25347.4580,-16.3627,NA,NA,NA,NA,NA,NA,NA,NA,NA,NA
240.657,5.3994,4.8545,5.7171,7.1663,47931.4800,58.1563,NA,NA,NA,NA,NA,NA,NA,NA,NA,NA
240.748,5.3859,4.5924,5.7114,7.0598,51684.5720,70.5401,NA,NA,NA,NA,NA,NA,NA,NA,NA,NA
240.856,5.3846,4.5666,5.7098,7.0294,54756.6320,80.6768,NA,NA,NA,NA,NA,NA,NA,NA,NA,NA
240.946,5.3808,4.4925,5.7086,7.0078,54756.6320,80.6768,NA,NA,NA,NA,NA,NA,NA,NA,NA,NA
241.044,5.3801,4.4782,5.7096,7.0261,25400.7540,-16.1868,NA,NA,NA,NA,NA,NA,NA,NA,NA,NA
241.145,5.3755,4.3886,5.7097,7.0287,26889.4920,-11.2746,NA,NA,NA,NA,NA,NA,NA,NA,NA,NA
241.236,5.3743,4.3656,5.7102,7.0385,29209.8000,-3.6184,NA,NA,NA,NA,NA,NA,NA,NA,NA,NA
241.337,5.3735,4.3514,5.7102,7.0385,29209.8000,-3.6184,NA,NA,NA,NA,NA,NA,NA,NA,NA,NA
241.494,5.3735,4.3514,5.7061,6.9607,23826.4880,-21.3813,NA,NA,NA,NA,NA,NA,NA,NA,NA,NA
241.537,5.3720,4.3219,5.7023,6.8888,25827.7680,-14.7779,NA,NA,NA,NA,NA,NA,NA,NA,NA,NA
241.633,5.3681,4.2451,5.7008,6.8612,49009.3480,61.7128,NA,NA,NA,NA,NA,NA,NA,NA,NA,NA
241.730,5.3601,4.0899,5.7005,6.8564,52918.2960,74.6109,NA,NA,NA,NA,NA,NA,NA,NA,NA,NA
241.829,5.3601,4.0899,5.7005,6.8564,55953.6720,84.6266,NA,NA,NA,NA,NA,NA,NA,NA,NA,NA
241.927,5.3590,4.0701,5.6992,6.8315,55953.6720,84.6266,NA,NA,NA,NA,NA,NA,NA,NA,NA,NA
242.029,5.3610,4.1071,5.6992,6.8315,26099.5100,-13.8812,NA,NA,NA,NA,NA,NA,NA,NA,NA,NA
242.130,5.3625,4.1368,5.6899,6.6569,26099.5100,-13.8812,NA,NA,NA,NA,NA,NA,NA,NA,NA,NA
242.237,5.3625,4.1368,5.6880,6.6210,26350.4800,-13.0531,NA,NA,NA,NA,NA,NA,NA,NA,NA,NA
242.329,5.3612,4.1110,5.6863,6.5903,48156.3960,58.8984,NA,NA,NA,NA,NA,NA,NA,NA,NA,NA
242.432,5.3609,4.1055,5.6845,6.5559,51829.3480,71.0178,NA,NA,NA,NA,NA,NA,NA,NA,NA,NA
242.523,5.3581,4.0516,5.6845,6.5559,54818.8840,80.8822,NA,NA,NA,NA,NA,NA,NA,NA,NA,NA
242.617,5.3551,3.9938,5.6828,6.5249,54818.8840,80.8822,NA,NA,NA,NA,NA,NA,NA,NA,NA,NA
242.725,5.3540,3.9713,5.6793,6.4590,26419.0940,-12.8267,187895.9200,0.0000,NA,NA,NA,NA,NA,NA,NA,NA
242.818,5.3526,3.9442,5.6789,6.4503,51530.5040,70.0317,NA,NA,NA,NA,NA,NA,NA,NA,NA,NA
242.919,5.3499,3.8917,5.6789,6.4503,51530.5040,70.0317,NA,NA,NA,NA,NA,NA,NA,NA,NA,NA
243.019,5.3493,3.8804,5.6761,6.3976,27501.9320,-9.2537,176812.1280,0.0000,NA,NA,NA,NA,NA,NA,NA,NA
243.116,5.3481,3.8570,5.6756,6.3899,57563.9120,89.9398,NA,NA,NA,NA,NA,NA,NA,NA,NA,NA
243.246,5.3452,3.8017,5.6756,6.3899,57563.9120,89.9398,NA,NA,NA,NA,NA,NA,NA,NA,NA,NA
243.319,5.3452,3.8017,5.6683,6.2525,25994.7000,-14.2270,NA,NA,NA,NA,NA,NA,NA,NA,NA,NA
243.419,5.3441,3.7800,5.6678,6.2427,25994.7000,-14.2270,NA,NA,NA,NA,NA,NA,NA,NA,NA,NA
243.513,5.3441,3.7800,5.6693,6.2707,25892.5380,-14.5641,NA,NA,NA,NA,NA,NA,NA,NA,NA,NA
243.612,5.3412,3.7236,5.6693,6.2707,48330.1120,59.4716,NA,NA,NA,NA,NA,NA,NA,NA,NA,NA
243.708,5.3385,3.6707,5.6689,6.2639,51375.4320,69.5201,NA,NA,NA,NA,NA,NA,NA,NA,NA,NA
243.836,5.3362,3.6271,5.6642,6.1760,55952.9040,84.6240,NA,NA,NA,NA,NA,NA,NA,NA,NA,NA
243.902,5.3345,3.5930,5.6630,6.1536,55952.9040,84.6240,NA,NA,NA,NA,NA,NA,NA,NA,NA,NA
244.004,5.3363,3.6288,5.6623,6.1393,25275.8020,-16.5991,NA,NA,NA,NA,NA,NA,NA,NA,NA,NA
244.107,5.3363,3.6288,5.6605,6.1059,27247.6160,-10.0929,190486.9760,0.0000,NA,NA,NA,NA,NA,NA,NA,NA
244.197,5.3359,3.6215,5.6562,6.0259,27247.6160,-10.0929,NA,NA,NA,NA,NA,NA,NA,NA,NA,NA
244.298,5.3348,3.5997,5.6551,6.0050,25646.3060,-15.3766,NA,NA,NA,NA,NA,NA,NA,NA,NA,NA
244.394,5.3335,3.5742,5.6555,6.0125,29329.6420,-3.2230,190997.6800,0.0000,NA,NA,NA,NA,NA,NA,NA,NA
244.502,5.3323,3.5514,5.6555,6.0125,59201.5520,95.3434,NA,NA,NA,NA,NA,NA,NA,NA,NA,NA
244.601,5.3323,3.5514,5.6547,5.9971,59201.5520,95.3434,NA,NA,NA,NA,NA,NA,NA,NA,NA,NA
244.697,5.3297,3.4999,5.6542,5.9886,27768.4000,-8.3745,NA,NA,NA,NA,NA,NA,NA,NA,NA,NA
244.800,5.3305,3.5161,5.6506,5.9212,25450.8340,-16.0216,NA,NA,NA,NA,NA,NA,NA,NA,NA,NA
244.897,5.3305,3.5161,5.6503,5.9144,47072.6960,55.3226,NA,NA,NA,NA,NA,NA,NA,NA,NA,NA
244.990,5.3298,3.5023,5.6503,5.9144,52462.2880,73.1063,NA,NA,NA,NA,NA,NA,NA,NA,NA,NA
245.093,5.3252,3.4124,5.6492,5.8947,56661.3000,86.9615,NA,NA,NA,NA,NA,NA,NA,NA,NA,NA
245.187,5.3254,3.4163,5.6484,5.8796,56661.3000,86.9615,NA,NA,NA,NA,NA,NA,NA,NA,NA,NA
245.293,5.3265,3.4375,5.6484,5.8796,25809.0080,-14.8398,NA,NA,NA,NA,NA,NA,NA,NA,NA,NA
245.385,5.3265,3.4375,5.6466,5.8462,27847.4440,-8.1137,NA,NA,NA,NA,NA,NA,NA,NA,NA,NA
245.479,5.3251,3.4113,5.6415,5.7492,30094.3360,-0.6997,NA,NA,NA,NA,NA,NA,NA,NA,NA,NA
245.632,5.3251,3.4113,5.6359,5.6454,30094.3360,-0.6997,NA,NA,NA,NA,NA,NA,NA,NA,NA,NA
245.679,5.3224,3.3584,5.6349,5.6261,23377.7120,-22.8621,NA,NA,NA,NA,NA,NA,NA,NA,NA,NA
245.773,5.3171,3.2564,5.6327,5.5843,25629.5000,-15.4321,NA,NA,NA,NA,NA,NA,NA,NA,NA,NA
245.874,5.3141,3.1970,5.6314,5.5600,48033.8240,58.4940,NA,NA,NA,NA,NA,NA,NA,NA,NA,NA
245.973,5.3121,3.1582,5.6287,5.5101,53515.5760,76.5817,NA,NA,NA,NA,NA,NA,NA,NA,NA,NA
246.075,5.3106,3.1301,5.6363,5.6525,57916.1120,91.1019,NA,NA,NA,NA,NA,NA,NA,NA,NA,NA
246.167,5.3308,3.5220,5.6484,5.8792,57916.1120,91.1019,NA,NA,NA,NA,NA,NA,NA,NA,NA,NA
246.301,5.3448,3.7929,5.6722,6.3256,26533.5320,-12.4491,NA,NA,NA,NA,NA,NA,NA,NA,NA,NA
246.371,5.3618,4.1230,5.6965,6.7807,28496.3980,-5.9724,NA,NA,NA,NA,NA,NA,NA,NA,NA,NA
246.463,5.4124,5.1069,5.7387,7.5713,28496.3980,-5.9724,NA,NA,NA,NA,NA,NA,NA,NA,NA,NA
246.569,5.4498,5.8321,5.7744,8.2405,21559.8000,-28.8606,NA,NA,NA,NA,NA,NA,NA,NA,NA,NA
246.664,5.4881,6.5760,5.8251,9.1907,23552.7900,-22.2844,NA,NA,NA,NA,NA,NA,NA,NA,NA,NA
246.756,5.5047,6.8994,5.8665,9.9669,26095.6360,-13.8940,NA,NA,NA,NA,NA,NA,NA,NA,NA,NA
246.866,5.5296,7.3819,5.9078,10.7416,49091.6520,61.9844,NA,NA,NA,NA,NA,NA,NA,NA,NA,NA
246.961,5.5504,7.7869,5.9374,11.2970,54659.3720,80.3558,NA,NA,NA,NA,NA,NA,NA,NA,NA,NA
247.050,5.5814,8.3890,5.9824,12.1392,59143.2720,95.1511,NA,NA,NA,NA,NA,NA,NA,NA,NA,NA
247.145,5.6064,8.8730,6.0225,12.8921,59143.2720,95.1511,NA,NA,NA,NA,NA,NA,NA,NA,NA,NA
247.250,5.6231,9.1979,6.0429,13.2743,27186.8320,-10.2934,NA,NA,NA,NA,NA,NA,NA,NA,NA,NA
247.346,5.6408,9.5418,6.0791,13.9535,29218.7860,-3.5887,NA,NA,NA,NA,NA,NA,NA,NA,NA,NA
247.467,5.6650,10.0107,6.1107,14.5452,29218.7860,-3.5887,NA,NA,NA,NA,NA,NA,NA,NA,NA,NA
247.548,5.6834,10.3691,6.1344,14.9889,48940.7360,61.4865,NA,NA,NA,NA,NA,NA,NA,NA,NA,NA
247.646,5.6955,10.6045,6.1633,15.5305,53082.9360,75.1542,NA,NA,NA,NA,NA,NA,NA,NA,NA,NA
247.759,5.7158,10.9971,6.1779,15.8045,56916.0200,87.8020,NA,NA,NA,NA,NA,NA,NA,NA,NA,NA
247.849,5.7271,11.2174,6.1960,16.1448,56916.0200,87.8020,NA,NA,NA,NA,NA,NA,NA,NA,NA,NA
247.938,5.7469,11.6014,6.2066,16.3421,26559.9340,-12.3620,191023.7120,0.0000,NA,NA,NA,NA,NA,NA,NA,NA
248.115,5.7657,11.9673,6.2211,16.6152,52100.3720,71.9121,NA,NA,NA,NA,NA,NA,NA,NA,NA,NA
248.133,5.7750,12.1481,6.2306,16.7924,52100.3720,71.9121,NA,NA,NA,NA,NA,NA,NA,NA,NA,NA
248.237,5.7884,12.4083,6.2551,17.2509,28287.5900,-6.6613,190086.0960,0.0000,NA,NA,NA,NA,NA,NA,NA,NA
248.343,5.7976,12.5865,6.2815,17.7458,57121.7280,88.4807,NA,NA,NA,NA,NA,NA,NA,NA,NA,NA
248.440,5.8069,12.7678,6.2950,17.9997,57121.7280,88.4807,NA,NA,NA,NA,NA,NA,NA,NA,NA,NA
248.535,5.8243,13.1048,6.3074,18.2318,26193.0060,-13.5727,NA,NA,NA,NA,NA,NA,NA,NA,NA,NA
248.635,5.8341,13.2959,6.3174,18.4190,24494.4900,-19.1772,NA,NA,NA,NA,NA,NA,NA,NA,NA,NA
248.731,5.8384,13.3780,6.3274,18.6069,26475.6760,-12.6400,NA,NA,NA,NA,NA,NA,NA,NA,NA,NA
248.834,5.8446,13.4984,6.3338,18.7265,50294.7280,65.9541,NA,NA,NA,NA,NA,NA,NA,NA,NA,NA
248.929,5.8525,13.6522,6.3365,18.7784,54007.2640,78.2041,NA,NA,NA,NA,NA,NA,NA,NA,NA,NA
249.027,5.8648,13.8921,6.3370,18.7866,56838.7000,87.5468,NA,NA,NA,NA,NA,NA,NA,NA,NA,NA
249.127,5.8727,14.0441,6.3370,18.7866,56838.7000,87.5468,NA,NA,NA,NA,NA,NA,NA,NA,NA,NA
249.229,5.8805,14.1957,6.3355,18.7596,26804.7440,-11.5542,NA,NA,NA,NA,NA,NA,NA,NA,NA,NA
249.324,5.8888,14.3582,6.3261,18.5833,28487.5480,-6.0016,NA,NA,NA,NA,NA,NA,NA,NA,NA,NA
249.423,5.8953,14.4847,6.3159,18.3922,28487.5480,-6.0016,NA,NA,NA,NA,NA,NA,NA,NA,NA,NA
249.516,5.8962,14.5007,6.3106,18.2925,22456.1940,-25.9028,NA,NA,NA,NA,NA,NA,NA,NA,NA,NA
249.624,5.8962,14.5007,6.3046,18.1789,24662.4560,-18.6230,NA,NA,NA,NA,NA,NA,NA,NA,NA,NA
249.713,5.8935,14.4482,6.2927,17.9572,46076.3040,52.0349,NA,NA,NA,NA,NA,NA,NA,NA,NA,NA
249.811,5.8857,14.2969,6.2824,17.7643,51078.5880,68.5406,NA,NA,NA,NA,NA,NA,NA,NA,NA,NA
249.907,5.8813,14.2126,6.2720,17.5693,55154.9400,81.9910,NA,NA,NA,NA,NA,NA,NA,NA,NA,NA
250.013,5.8776,14.1406,6.2575,17.2964,58053.3640,91.5548,NA,NA,NA,NA,NA,NA,NA,NA,NA,NA
250.105,5.8733,14.0567,6.2465,17.0905,58053.3640,91.5548,NA,NA,NA,NA,NA,NA,NA,NA,NA,NA
250.210,5.8693,13.9787,6.2345,16.8660,27529.3780,-9.1632,NA,NA,NA,NA,NA,NA,NA,NA,NA,NA
250.306,5.8645,13.8853,6.2215,16.6219,29190.6460,-3.6816,NA,NA,NA,NA,NA,NA,NA,NA,NA,NA
250.412,5.8617,13.8315,6.2132,16.4672,29190.6460,-3.6816,NA,NA,NA,NA,NA,NA,NA,NA,NA,NA
250.502,5.8613,13.8237,6.2037,16.2880,22856.0280,-24.5835,NA,NA,NA,NA,NA,NA,NA,NA,NA,NA
250.594,5.8606,13.8090,6.1974,16.1693,25144.9880,-17.0308,NA,NA,NA,NA,NA,NA,NA,NA,NA,NA
250.695,5.8565,13.7312,6.1833,15.9062,47050.8840,55.2506,NA,NA,NA,NA,NA,NA,NA,NA,NA,NA
250.791,5.8480,13.5655,6.1755,15.7597,52311.9280,72.6101,NA,NA,NA,NA,NA,NA,NA,NA,NA,NA
250.891,5.8434,13.4763,6.1636,15.5364,56398.8960,86.0956,NA,NA,NA,NA,NA,NA,NA,NA,NA,NA
251.036,5.8384,13.3783,6.1591,15.4531,56398.8960,86.0956,NA,NA,NA,NA,NA,NA,NA,NA,NA,NA
251.100,5.8384,13.3783,6.1549,15.3733,25751.3900,-15.0299,NA,NA,NA,NA,NA,NA,NA,NA,NA,NA
251.193,5.8360,13.3320,6.1507,15.2948,25751.3900,-15.0299,NA,NA,NA,NA,NA,NA,NA,NA,NA,NA
251.297,5.8347,13.3068,6.1482,15.2472,25802.3880,-14.8616,NA,NA,NA,NA,NA,NA,NA,NA,NA,NA
251.393,5.8296,13.2079,6.1437,15.1630,46568.6800,53.6595,NA,NA,NA,NA,NA,NA,NA,NA,NA,NA
251.489,5.8261,13.1408,6.1385,15.0663,50824.3760,67.7018,NA,NA,NA,NA,NA,NA,NA,NA,NA,NA
251.607,5.8183,12.9879,6.1304,14.9149,54629.1840,80.2562,NA,NA,NA,NA,NA,NA,NA,NA,NA,NA
251.686,5.8150,12.9248,6.1259,14.8305,54629.1840,80.2562,NA,NA,NA,NA,NA,NA,NA,NA,NA,NA
251.785,5.8123,12.8729,6.1097,14.5264,25203.6360,-16.8373,187038.4800,0.0000,NA,NA,NA,NA,NA,NA,NA,NA
251.875,5.8114,12.8553,6.1009,14.3619,49909.5360,64.6831,NA,NA,NA,NA,NA,NA,NA,NA,NA,NA
251.986,5.8033,12.6982,6.0928,14.2093,49909.5360,64.6831,NA,NA,NA,NA,NA,NA,NA,NA,NA,NA
252.079,5.7999,12.6303,6.0865,14.0913,26795.1540,-11.5858,NA,NA,NA,NA,NA,NA,NA,NA,NA,NA
252.200,5.7980,12.5934,6.0792,13.9548,29530.2400,-2.5611,187641.8400,0.0000,NA,NA,NA,NA,NA,NA,NA,NA
252.270,5.7919,12.4757,6.0701,13.7833,61322.8320,102.3428,NA,NA,NA,NA,NA,NA,NA,NA,NA,NA
252.388,5.7946,12.5284,6.0762,13.8984,61322.8320,102.3428,NA,NA,NA,NA,NA,NA,NA,NA,NA,NA
252.485,5.8284,13.1843,6.1089,14.5103,27298.2600,-9.9258,NA,NA,NA,NA,NA,NA,NA,NA,NA,NA
252.578,5.8643,13.8826,6.1605,15.4782,25752.9460,-15.0247,NA,NA,NA,NA,NA,NA,NA,NA,NA,NA
252.670,5.9069,14.7091,6.2228,16.6467,48115.2160,58.7625,NA,NA,NA,NA,NA,NA,NA,NA,NA,NA
252.780,5.9486,15.5188,6.2706,17.5428,51460.3960,69.8004,NA,NA,NA,NA,NA,NA,NA,NA,NA,NA
252.867,5.9900,16.3228,6.3040,18.1688,54286.9000,79.1268,NA,NA,NA,NA,NA,NA,NA,NA,NA,NA
252.964,6.0084,16.6802,6.3200,18.4691,54286.9000,79.1268,NA,NA,NA,NA,NA,NA,NA,NA,NA,NA
253.064,6.0185,16.8762,6.3273,18.6053,25349.8060,-16.3550,NA,NA,NA,NA,NA,NA,NA,NA,NA,NA
253.159,6.0241,16.9856,6.3273,18.6053,26960.0680,-11.0417,NA,NA,NA,NA,NA,NA,NA,NA,NA,NA
253.258,6.0282,17.0655,6.3253,18.5671,29510.5820,-2.6259,NA,NA,NA,NA,NA,NA,NA,NA,NA,NA
253.357,6.0282,17.0655,6.3176,18.4235,29510.5820,-2.6259,NA,NA,NA,NA,NA,NA,NA,NA,NA,NA
253.500,6.0251,17.0054,6.3038,18.1638,23956.6320,-20.9519,NA,NA,NA,NA,NA,NA,NA,NA,NA,NA
253.552,6.0163,16.8333,6.2948,17.9963,25933.2020,-14.4300,NA,NA,NA,NA,NA,NA,NA,NA,NA,NA
253.649,6.0081,16.6736,6.2868,17.8453,48917.4960,61.4098,NA,NA,NA,NA,NA,NA,NA,NA,NA,NA
253.755,6.0051,16.6153,6.2724,17.5756,52595.4960,73.5458,NA,NA,NA,NA,NA,NA,NA,NA,NA,NA
253.845,5.9952,16.4239,6.2632,17.4045,55476.8840,83.0533,NA,NA,NA,NA,NA,NA,NA,NA,NA,NA
253.993,5.9880,16.2841,6.2546,17.2422,55476.8840,83.0533,NA,NA,NA,NA,NA,NA,NA,NA,NA,NA
254.045,5.9744,16.0194,6.2406,16.9796,26119.7900,-13.8143,NA,NA,NA,NA,NA,NA,NA,NA,NA,NA
254.141,5.9562,15.6658,6.2312,16.8037,27774.8600,-8.3532,NA,NA,NA,NA,NA,NA,NA,NA,NA,NA
254.244,5.9525,15.5955,6.2141,16.4841,27774.8600,-8.3532,NA,NA,NA,NA,NA,NA,NA,NA,NA,NA
254.334,5.9520,15.5852,6.2016,16.2484,21908.3420,-27.7105,NA,NA,NA,NA,NA,NA,NA,NA,NA,NA
254.434,5.9491,15.5294,6.1868,15.9717,24092.2560,-20.5044,NA,NA,NA,NA,NA,NA,NA,NA,NA,NA
254.531,5.9463,15.4735,6.1775,15.7975,26426.8200,-12.8012,NA,NA,NA,NA,NA,NA,NA,NA,NA,NA
254.634,5.9435,15.4193,6.1703,15.6625,50258.7800,65.8355,NA,NA,NA,NA,NA,NA,NA,NA,NA,NA
254.732,5.9396,15.3433,6.1609,15.4855,54114.5200,78.5580,NA,NA,NA,NA,NA,NA,NA,NA,NA,NA
254.827,5.9366,15.2855,6.1544,15.3640,56852.9400,87.5938,NA,NA,NA,NA,NA,NA,NA,NA,NA,NA
254.930,5.9345,15.2457,6.1461,15.2080,56852.9400,87.5938,NA,NA,NA,NA,NA,NA,NA,NA,NA,NA
255.027,5.9253,15.0654,6.1395,15.0852,26775.8000,-11.6497,NA,NA,NA,NA,NA,NA,NA,NA,NA,NA
255.125,5.9110,14.7880,6.1293,14.8937,28268.6980,-6.7237,NA,NA,NA,NA,NA,NA,NA,NA,NA,NA
255.220,5.9046,14.6646,6.1229,14.7730,28268.6980,-6.7237,NA,NA,NA,NA,NA,NA,NA,NA,NA,NA
255.326,5.9026,14.6251,6.1108,14.5466,22315.4740,-26.3671,NA,NA,NA,NA,NA,NA,NA,NA,NA,NA
255.422,5.8961,14.4994,6.1032,14.4036,53035.8040,74.9987,NA,NA,NA,NA,NA,NA,NA,NA,NA,NA
255.534,5.8857,14.2969,6.0919,14.1927,56021.4160,84.8501,NA,NA,NA,NA,NA,NA,NA,NA,NA,NA
255.621,5.8833,14.2510,6.0856,14.0753,56021.4160,84.8501,NA,NA,NA,NA,NA,NA,NA,NA,NA,NA
255.717,5.8808,14.2021,6.0794,13.9579,27155.8040,-10.3958,190241.9840,0.0000,NA,NA,NA,NA,NA,NA,NA,NA
255.854,5.8716,14.0228,6.0738,13.8526,52625.2320,73.6439,NA,NA,NA,NA,NA,NA,NA,NA,NA,NA
255.920,5.8665,13.9241,6.0694,13.7717,52625.2320,73.6439,NA,NA,NA,NA,NA,NA,NA,NA,NA,NA
256.012,5.8626,13.8497,6.0661,13.7093,28384.4300,-6.3418,182790.1440,0.0000,NA,NA,NA,NA,NA,NA,NA,NA
256.117,5.8612,13.8222,6.0627,13.6460,59156.0000,95.1931,NA,NA,NA,NA,NA,NA,NA,NA,NA,NA
256.207,5.8534,13.6693,6.0602,13.5983,59156.0000,95.1931,NA,NA,NA,NA,NA,NA,NA,NA,NA,NA
256.316,5.8467,13.5409,6.0575,13.5472,26637.0700,-12.1075,NA,NA,NA,NA,NA,NA,NA,NA,NA,NA
256.409,5.8442,13.4910,6.0558,13.5163,26637.0700,-12.1075,NA,NA,NA,NA,NA,NA,NA,NA,NA,NA
256.517,5.8405,13.4199,6.0457,13.3263,26455.9700,-12.7050,NA,NA,NA,NA,NA,NA,NA,NA,NA,NA
256.611,5.8335,13.2836,6.0406,13.2318,49637.0120,63.7839,NA,NA,NA,NA,NA,NA,NA,NA,NA,NA
256.707,5.8281,13.1783,6.0323,13.0746,52425.5480,72.9850,NA,NA,NA,NA,NA,NA,NA,NA,NA,NA
256.802,5.8246,13.1103,6.0224,12.8893,56842.5480,87.5595,NA,NA,NA,NA,NA,NA,NA,NA,NA,NA
256.906,5.8223,13.0664,6.0207,12.8578,56842.5480,87.5595,NA,NA,NA,NA,NA,NA,NA,NA,NA,NA
257.034,5.8198,13.0186,6.0159,12.7683,26061.6880,-14.0060,NA,NA,NA,NA,NA,NA,NA,NA,NA,NA
257.106,5.8198,13.0186,6.0125,12.7033,27965.9260,-7.7227,NA,NA,NA,NA,NA,NA,NA,NA,NA,NA
257.196,5.8153,12.9311,6.0113,12.6809,27965.9260,-7.7227,NA,NA,NA,NA,NA,NA,NA,NA,NA,NA
257.293,5.8129,12.8837,6.0064,12.5903,22954.8880,-24.2573,NA,NA,NA,NA,NA,NA,NA,NA,NA,NA
257.395,5.8104,12.8346,6.0039,12.5430,24906.3120,-17.8183,NA,NA,NA,NA,NA,NA,NA,NA,NA,NA
257.491,5.8055,12.7396,6.0006,12.4808,47073.0800,55.3239,NA,NA,NA,NA,NA,NA,NA,NA,NA,NA
257.627,5.7955,12.5458,5.9985,12.4424,50591.6120,66.9337,NA,NA,NA,NA,NA,NA,NA,NA,NA,NA
257.689,5.7866,12.3729,5.9984,12.4399,53376.9280,76.1243,NA,NA,NA,NA,NA,NA,NA,NA,NA,NA
257.784,5.7794,12.2330,5.9984,12.4399,57889.5240,91.0142,NA,NA,NA,NA,NA,NA,NA,NA,NA,NA
257.890,5.7773,12.1923,5.9912,12.3046,57889.5240,91.0142,NA,NA,NA,NA,NA,NA,NA,NA,NA,NA
257.981,5.7742,12.1319,5.9846,12.1805,26742.0000,-11.7612,NA,NA,NA,NA,NA,NA,NA,NA,NA,NA
258.088,5.7680,12.0112,5.9841,12.1719,28634.3200,-5.5173,NA,NA,NA,NA,NA,NA,NA,NA,NA,NA
258.241,5.7707,12.0638,5.9841,12.1719,28634.3200,-5.5173,NA,NA,NA,NA,NA,NA,NA,NA,NA,NA
258.283,5.7707,12.0638,5.9809,12.1113,23419.9280,-22.7228,NA,NA,NA,NA,NA,NA,NA,NA,NA,NA
258.370,5.7720,12.0891,5.9809,12.1113,25427.9260,-16.0972,NA,NA,NA,NA,NA,NA,NA,NA,NA,NA
258.473,5.7720,12.0891,5.9781,12.0590,48017.9920,58.4417,NA,NA,NA,NA,NA,NA,NA,NA,NA,NA
258.568,5.7609,11.8741,5.9759,12.0186,51732.0640,70.6968,NA,NA,NA,NA,NA,NA,NA,NA,NA,NA
258.686,5.7508,11.6769,5.9725,11.9539,54602.7840,80.1691,NA,NA,NA,NA,NA,NA,NA,NA,NA,NA
258.811,5.7440,11.5455,5.9737,11.9772,54602.7840,80.1691,NA,NA,NA,NA,NA,NA,NA,NA,NA,NA
258.862,5.7401,11.4693,5.9737,11.9772,25303.3060,-16.5084,NA,NA,NA,NA,NA,NA,NA,NA,NA,NA
258.965,5.7392,11.4534,5.9730,11.9643,26873.5860,-11.3270,NA,NA,NA,NA,NA,NA,NA,NA,NA,NA
259.057,5.7382,11.4328,5.9712,11.9309,29163.0320,-3.7727,NA,NA,NA,NA,NA,NA,NA,NA,NA,NA
259.167,5.7382,11.4328,5.9693,11.8938,29163.0320,-3.7727,NA,NA,NA,NA,NA,NA,NA,NA,NA,NA
259.260,5.7316,11.3042,5.9660,11.8323,50640.8240,67.0961,NA,NA,NA,NA,NA,NA,NA,NA,NA,NA
259.404,5.7203,11.0861,5.9660,11.8320,53405.3840,76.2181,NA,NA,NA,NA,NA,NA,NA,NA,NA,NA
259.481,5.7150,10.9831,5.9635,11.7866,53405.3840,76.2181,NA,NA,NA,NA,NA,NA,NA,NA,NA,NA
259.556,5.7086,10.8573,5.9591,11.7023,25811.1720,-14.8326,184496.2720,0.0000,NA,NA,NA,NA,NA,NA,NA,NA
259.655,5.7048,10.7843,5.9569,11.6619,50583.8240,66.9080,NA,NA,NA,NA,NA,NA,NA,NA,NA,NA
259.751,5.7015,10.7200,5.9549,11.6239,50583.8240,66.9080,NA,NA,NA,NA,NA,NA,NA,NA,NA,NA
259.850,5.6954,10.6026,5.9517,11.5640,26848.8200,-11.4088,NA,NA,NA,NA,NA,NA,NA,NA,NA,NA
259.959,5.6945,10.5853,5.9503,11.5383,28860.1480,-4.7721,183396.2240,0.0000,NA,NA,NA,NA,NA,NA,NA,NA
260.055,5.6913,10.5213,5.9495,11.5238,61535.8640,103.0457,NA,NA,NA,NA,NA,NA,NA,NA,NA,NA
260.153,5.6846,10.3916,5.9432,11.4058,61535.8640,103.0457,NA,NA,NA,NA,NA,NA,NA,NA,NA,NA
260.249,5.6859,10.4177,5.9411,11.3662,27526.9000,-9.1713,NA,NA,NA,NA,NA,NA,NA,NA,NA,NA
260.353,5.6876,10.4496,5.9403,11.3502,25609.6020,-15.4977,NA,NA,NA,NA,NA,NA,NA,NA,NA,NA
260.447,5.6876,10.4496,5.9347,11.2455,47238.0480,55.8682,NA,NA,NA,NA,NA,NA,NA,NA,NA,NA
260.546,5.6812,10.3265,5.9294,11.1474,50024.7040,65.0631,NA,NA,NA,NA,NA,NA,NA,NA,NA,NA
260.666,5.6775,10.2536,5.9258,11.0794,54415.9320,79.5526,NA,NA,NA,NA,NA,NA,NA,NA,NA,NA
260.740,5.6742,10.1907,5.9258,11.0794,54415.9320,79.5526,NA,NA,NA,NA,NA,NA,NA,NA,NA,NA
260.842,5.6685,10.0789,5.9227,11.0207,24604.9920,-18.8126,NA,NA,NA,NA,NA,NA,NA,NA,NA,NA
260.935,5.6661,10.0319,5.9223,11.0129,26625.2660,-12.1464,189959.9200,0.0000,NA,NA,NA,NA,NA,NA,NA,NA
261.038,5.6642,9.9952,5.9166,10.9065,52681.7760,73.8305,NA,NA,NA,NA,NA,NA,NA,NA,NA,NA
261.134,5.6587,9.8898,5.9132,10.8420,52681.7760,73.8305,NA,NA,NA,NA,NA,NA,NA,NA,NA,NA
261.266,5.6567,9.8501,5.9085,10.7545,28966.7860,-4.4202,189998.8800,0.0000,NA,NA,NA,NA,NA,NA,NA,NA
261.327,5.6502,9.7248,5.9076,10.7377,57906.3720,91.0698,NA,NA,NA,NA,NA,NA,NA,NA,NA,NA
261.441,5.6456,9.6343,5.9076,10.7377,57906.3720,91.0698,NA,NA,NA,NA,NA,NA,NA,NA,NA,NA
261.534,5.6456,9.6343,5.9076,10.7373,27135.5200,-10.4628,NA,NA,NA,NA,NA,NA,NA,NA,NA,NA
261.629,5.6453,9.6282,5.8990,10.5766,24925.1880,-17.7560,NA,NA,NA,NA,NA,NA,NA,NA,NA,NA
261.727,5.6453,9.6282,5.8951,10.5040,46033.0640,51.8922,NA,NA,NA,NA,NA,NA,NA,NA,NA,NA
261.846,5.6328,9.3868,5.8944,10.4897,51449.6120,69.7648,NA,NA,NA,NA,NA,NA,NA,NA,NA,NA
261.927,5.6287,9.3057,5.8921,10.4475,55801.7040,84.1251,NA,NA,NA,NA,NA,NA,NA,NA,NA,NA
262.023,5.6242,9.2200,5.8887,10.3836,58748.7960,93.8494,NA,NA,NA,NA,NA,NA,NA,NA,NA,NA
262.132,5.6242,9.2200,5.8870,10.3525,58748.7960,93.8494,NA,NA,NA,NA,NA,NA,NA,NA,NA,NA
262.221,5.6229,9.1938,5.8869,10.3507,27744.2280,-8.4542,NA,NA,NA,NA,NA,NA,NA,NA,NA,NA
262.320,5.6233,9.2021,5.8862,10.3371,29246.2980,-3.4980,NA,NA,NA,NA,NA,NA,NA,NA,NA,NA
262.448,5.6233,9.2021,5.8839,10.2937,29246.2980,-3.4980,NA,NA,NA,NA,NA,NA,NA,NA,NA,NA
262.522,5.6224,9.1835,5.8793,10.2081,22788.2720,-24.8071,NA,NA,NA,NA,NA,NA,NA,NA,NA,NA
262.611,5.6207,9.1504,5.8746,10.1198,25079.9840,-17.2453,NA,NA,NA,NA,NA,NA,NA,NA,NA,NA
262.710,5.6207,9.1504,5.8730,10.0896,46942.7440,54.8938,NA,NA,NA,NA,NA,NA,NA,NA,NA,NA
262.818,5.6161,9.0622,5.8721,10.0731,52621.6440,73.6321,NA,NA,NA,NA,NA,NA,NA,NA,NA,NA
262.917,5.6096,8.9356,5.8699,10.0321,57184.6880,88.6885,NA,NA,NA,NA,NA,NA,NA,NA,NA,NA
263.035,5.6089,8.9216,5.8677,9.9904,57184.6880,88.6885,NA,NA,NA,NA,NA,NA,NA,NA,NA,NA
263.104,5.6061,8.8668,5.8677,9.9904,25921.5000,-14.4686,NA,NA,NA,NA,NA,NA,NA,NA,NA,NA
263.211,5.6035,8.8167,5.8633,9.9068,27898.9680,-7.9437,NA,NA,NA,NA,NA,NA,NA,NA,NA,NA
263.309,5.5988,8.7257,5.8602,9.8499,29832.4720,-1.5638,NA,NA,NA,NA,NA,NA,NA,NA,NA,NA
263.409,5.6008,8.7640,5.8577,9.8031,29832.4720,-1.5638,NA,NA,NA,NA,NA,NA,NA,NA,NA,NA
263.496,5.6008,8.7640,5.8555,9.7617,23183.9240,-23.5016,NA,NA,NA,NA,NA,NA,NA,NA,NA,NA
263.597,5.5975,8.7000,5.8516,9.6885,25507.4360,-15.8348,NA,NA,NA,NA,NA,NA,NA,NA,NA,NA
263.686,5.5910,8.5742,5.8502,9.6618,47732.2120,57.4988,NA,NA,NA,NA,NA,NA,NA,NA,NA,NA
263.786,5.5887,8.5299,5.8453,9.5704,53811.6080,77.5585,NA,NA,NA,NA,NA,NA,NA,NA,NA,NA
263.884,5.5840,8.4390,5.8430,9.5262,58678.7240,93.6182,NA,NA,NA,NA,NA,NA,NA,NA,NA,NA
263.986,5.5830,8.4195,5.8422,9.5124,58678.7240,93.6182,NA,NA,NA,NA,NA,NA,NA,NA,NA,NA
264.090,5.5819,8.3972,5.8409,9.4871,26617.9760,-12.1705,NA,NA,NA,NA,NA,NA,NA,NA,NA,NA
264.208,5.5769,8.3005,5.8387,9.4463,26617.9760,-12.1705,NA,NA,NA,NA,NA,NA,NA,NA,NA,NA
264.294,5.5743,8.2493,5.8370,9.4148,26418.3800,-12.8291,NA,NA,NA,NA,NA,NA,NA,NA,NA,NA
264.387,5.5699,8.1642,5.8370,9.4148,47907.3440,58.0766,NA,NA,NA,NA,NA,NA,NA,NA,NA,NA
264.482,5.5681,8.1293,5.8345,9.3668,52322.7120,72.6457,NA,NA,NA,NA,NA,NA,NA,NA,NA,NA
264.578,5.5665,8.0989,5.8274,9.2340,56261.4640,85.6422,NA,NA,NA,NA,NA,NA,NA,NA,NA,NA
264.688,5.5667,8.1024,5.8256,9.2010,56261.4640,85.6422,NA,NA,NA,NA,NA,NA,NA,NA,NA,NA
264.815,5.5667,8.1024,5.8236,9.1637,25649.6480,-15.3656,188019.8080,0.0000,NA,NA,NA,NA,NA,NA,NA,NA
264.876,5.5651,8.0716,5.8247,9.1843,50830.8040,67.7230,NA,NA,NA,NA,NA,NA,NA,NA,NA,NA
264.983,5.5634,8.0381,5.8250,9.1886,50830.8040,67.7230,NA,NA,NA,NA,NA,NA,NA,NA,NA,NA
265.073,5.5634,8.0381,5.8250,9.1886,27331.5600,-9.8159,185546.1120,0.0000,NA,NA,NA,NA,NA,NA,NA,NA
265.169,5.5619,8.0097,5.8240,9.1713,55148.9960,81.9714,NA,NA,NA,NA,NA,NA,NA,NA,NA,NA
265.271,5.5617,8.0045,5.8215,9.1248,55148.9960,81.9714,NA,NA,NA,NA,NA,NA,NA,NA,NA,NA
265.376,5.5598,7.9689,5.8195,9.0860,25937.7560,-14.4149,NA,NA,NA,NA,NA,NA,NA,NA,NA,NA
265.471,5.5616,8.0028,5.8158,9.0169,25937.7560,-14.4149,NA,NA,NA,NA,NA,NA,NA,NA,NA,NA
265.572,5.5616,8.0028,5.8114,8.9345,26226.5280,-13.4621,NA,NA,NA,NA,NA,NA,NA,NA,NA,NA
265.671,5.5554,7.8831,5.8096,8.9007,49394.2560,62.9829,NA,NA,NA,NA,NA,NA,NA,NA,NA,NA
265.768,5.5532,7.8412,5.8090,8.8888,53615.9000,76.9128,NA,NA,NA,NA,NA,NA,NA,NA,NA,NA
265.862,5.5527,7.8312,5.8086,8.8827,56455.0400,86.2809,NA,NA,NA,NA,NA,NA,NA,NA,NA,NA
265.971,5.5487,7.7527,5.8076,8.8642,56455.0400,86.2809,NA,NA,NA,NA,NA,NA,NA,NA,NA,NA
266.090,5.5460,7.7011,5.8065,8.8429,26297.5000,-13.2279,NA,NA,NA,NA,NA,NA,NA,NA,NA,NA
266.156,5.5447,7.6759,5.8064,8.8410,27866.7540,-8.0499,NA,NA,NA,NA,NA,NA,NA,NA,NA,NA
266.258,5.5411,7.6053,5.7997,8.7158,27866.7540,-8.0499,NA,NA,NA,NA,NA,NA,NA,NA,NA,NA
266.369,5.5421,7.6258,5.7966,8.6568,21815.4080,-28.0172,NA,NA,NA,NA,NA,NA,NA,NA,NA,NA
266.459,5.5421,7.6258,5.7937,8.6024,24020.9540,-20.7397,NA,NA,NA,NA,NA,NA,NA,NA,NA,NA
266.553,5.5358,7.5017,5.7920,8.5705,26482.9460,-12.6160,NA,NA,NA,NA,NA,NA,NA,NA,NA,NA
266.657,5.5321,7.4303,5.7908,8.5479,50378.9280,66.2320,NA,NA,NA,NA,NA,NA,NA,NA,NA,NA
266.757,5.5260,7.3125,5.7899,8.5318,54805.3120,80.8374,NA,NA,NA,NA,NA,NA,NA,NA,NA,NA
266.841,5.5215,7.2250,5.7863,8.4647,57683.2440,90.3335,NA,NA,NA,NA,NA,NA,NA,NA,NA,NA
266.944,5.5191,7.1788,5.7839,8.4185,57683.2440,90.3335,NA,NA,NA,NA,NA,NA,NA,NA,NA,NA
267.040,5.5191,7.1788,5.7848,8.4353,27017.2660,-10.8529,NA,NA,NA,NA,NA,NA,NA,NA,NA,NA
267.201,5.5184,7.1637,5.7848,8.4353,28670.2760,-5.3986,NA,NA,NA,NA,NA,NA,NA,NA,NA,NA
267.239,5.5116,7.0318,5.7827,8.3962,28670.2760,-5.3986,NA,NA,NA,NA,NA,NA,NA,NA,NA,NA
267.335,5.5106,7.0125,5.7779,8.3074,22217.5680,-26.6902,NA,NA,NA,NA,NA,NA,NA,NA,NA,NA
267.437,5.5066,6.9363,5.7750,8.2517,24448.0840,-19.3303,NA,NA,NA,NA,NA,NA,NA,NA,NA,NA
267.537,5.5064,6.9317,5.7731,8.2171,45595.4640,50.4483,NA,NA,NA,NA,NA,NA,NA,NA,NA,NA
267.630,5.4993,6.7931,5.7731,8.2171,51219.6640,69.0061,NA,NA,NA,NA,NA,NA,NA,NA,NA,NA
267.728,5.4949,6.7076,5.7708,8.1744,55907.6880,84.4748,NA,NA,NA,NA,NA,NA,NA,NA,NA,NA
267.837,5.4923,6.6571,5.7690,8.1405,58906.0960,94.3685,NA,NA,NA,NA,NA,NA,NA,NA,NA,NA
267.933,5.4895,6.6035,5.7679,8.1198,58906.0960,94.3685,NA,NA,NA,NA,NA,NA,NA,NA,NA,NA
268.020,5.4895,6.6035,5.7666,8.0949,27743.7400,-8.4558,NA,NA,NA,NA,NA,NA,NA,NA,NA,NA
268.117,5.4883,6.5804,5.7647,8.0599,29305.7660,-3.3017,NA,NA,NA,NA,NA,NA,NA,NA,NA,NA
268.220,5.4883,6.5804,5.7635,8.0360,29305.7660,-3.3017,NA,NA,NA,NA,NA,NA,NA,NA,NA,NA
268.325,5.4869,6.5529,5.7609,7.9881,50508.8560,66.6607,NA,NA,NA,NA,NA,NA,NA,NA,NA,NA
268.442,5.4799,6.4169,5.7592,7.9554,54218.4080,78.9008,NA,NA,NA,NA,NA,NA,NA,NA,NA,NA
268.527,5.4729,6.2812,5.7567,7.9091,54218.4080,78.9008,NA,NA,NA,NA,NA,NA,NA,NA,NA,NA
268.615,5.4728,6.2781,5.7561,7.8973,24318.4500,-19.7580,NA,NA,NA,NA,NA,NA,NA,NA,NA,NA
268.713,5.4728,6.2781,5.7532,7.8441,27065.5440,-10.6936,190888.1920,0.0000,NA,NA,NA,NA,NA,NA,NA,NA
268.823,5.4721,6.2648,5.7507,7.7963,52934.7160,74.6651,NA,NA,NA,NA,NA,NA,NA,NA,NA,NA
268.913,5.4694,6.2135,5.7491,7.7672,52934.7160,74.6651,NA,NA,NA,NA,NA,NA,NA,NA,NA,NA
269.008,5.4699,6.2226,5.7470,7.7283,29329.1940,-3.2244,187068.4160,0.0000,NA,NA,NA,NA,NA,NA,NA,NA
269.111,5.4699,6.2226,5.7454,7.6969,60013.6640,98.0230,NA,NA,NA,NA,NA,NA,NA,NA,NA,NA
269.222,5.4672,6.1700,5.7447,7.6845,60013.6640,98.0230,NA,NA,NA,NA,NA,NA,NA,NA,NA,NA
269.315,5.4672,6.1700,5.7447,7.6838,26671.4440,-11.9940,NA,NA,NA,NA,NA,NA,NA,NA,NA,NA
269.423,5.4719,6.2622,5.7406,7.6079,25308.1280,-16.4925,NA,NA,NA,NA,NA,NA,NA,NA,NA,NA
269.516,5.4719,6.2622,5.7380,7.5595,47066.3840,55.3018,NA,NA,NA,NA,NA,NA,NA,NA,NA,NA
269.617,5.4643,6.1134,5.7346,7.4957,51138.3520,68.7378,NA,NA,NA,NA,NA,NA,NA,NA,NA,NA
269.711,5.4599,6.0291,5.7346,7.4957,53833.3960,77.6304,NA,NA,NA,NA,NA,NA,NA,NA,NA,NA
269.801,5.4546,5.9261,5.7333,7.4701,58116.4080,91.7628,NA,NA,NA,NA,NA,NA,NA,NA,NA,NA
269.903,5.4543,5.9195,5.7324,7.4537,58116.4080,91.7628,NA,NA,NA,NA,NA,NA,NA,NA,NA,NA
270.008,5.4486,5.8097,5.7311,7.4302,27081.3940,-10.6413,NA,NA,NA,NA,NA,NA,NA,NA,NA,NA
270.114,5.4553,5.9386,5.7284,7.3796,28656.8780,-5.4428,NA,NA,NA,NA,NA,NA,NA,NA,NA,NA
270.209,5.4553,5.9386,5.7280,7.3715,28656.8780,-5.4428,NA,NA,NA,NA,NA,NA,NA,NA,NA,NA
270.297,5.4479,5.7952,5.7258,7.3306,23290.5560,-23.1497,NA,NA,NA,NA,NA,NA,NA,NA,NA,NA
270.389,5.4457,5.7537,5.7247,7.3089,25464.5840,-15.9762,NA,NA,NA,NA,NA,NA,NA,NA,NA,NA
270.488,5.4433,5.7056,5.7247,7.3089,48067.7000,58.6058,NA,NA,NA,NA,NA,NA,NA,NA,NA,NA
270.588,5.4395,5.6333,5.7211,7.2428,52332.3240,72.6774,NA,NA,NA,NA,NA,NA,NA,NA,NA,NA
270.682,5.4370,5.5834,5.7182,7.1867,55121.1320,81.8795,NA,NA,NA,NA,NA,NA,NA,NA,NA,NA
270.816,5.4300,5.4476,5.7163,7.1522,55121.1320,81.8795,NA,NA,NA,NA,NA,NA,NA,NA,NA,NA
270.885,5.4285,5.4183,5.7125,7.0804,25599.6340,-15.5306,NA,NA,NA,NA,NA,NA,NA,NA,NA,NA
270.977,5.4260,5.3708,5.7100,7.0345,27133.0700,-10.4708,NA,NA,NA,NA,NA,NA,NA,NA,NA,NA
271.079,5.4260,5.3708,5.7049,6.9377,29159.6600,-3.7838,NA,NA,NA,NA,NA,NA,NA,NA,NA,NA
271.174,5.4258,5.3660,5.7042,6.9252,29159.6600,-3.7838,NA,NA,NA,NA,NA,NA,NA,NA,NA,NA
271.283,5.4251,5.3537,5.7000,6.8457,23739.5180,-21.6683,NA,NA,NA,NA,NA,NA,NA,NA,NA,NA
271.374,5.4240,5.3317,5.6974,6.7971,25918.2840,-14.4792,NA,NA,NA,NA,NA,NA,NA,NA,NA,NA
271.467,5.4210,5.2736,5.6960,6.7714,49079.2560,61.9435,NA,NA,NA,NA,NA,NA,NA,NA,NA,NA
271.574,5.4159,5.1739,5.6958,6.7672,53563.1840,76.7388,NA,NA,NA,NA,NA,NA,NA,NA,NA,NA
271.669,5.4142,5.1402,5.6946,6.7445,56300.5360,85.7711,NA,NA,NA,NA,NA,NA,NA,NA,NA,NA
271.764,5.4124,5.1054,5.6944,6.7421,56300.5360,85.7711,NA,NA,NA,NA,NA,NA,NA,NA,NA,NA
271.866,5.4124,5.1054,5.6944,6.7421,26256.4140,-13.3635,NA,NA,NA,NA,NA,NA,NA,NA,NA,NA
271.966,5.4162,5.1805,5.6919,6.6937,26256.4140,-13.3635,NA,NA,NA,NA,NA,NA,NA,NA,NA,NA
272.088,5.4162,5.1805,5.6899,6.6562,26323.5500,-13.1420,NA,NA,NA,NA,NA,NA,NA,NA,NA,NA
272.164,5.4137,5.1313,5.6885,6.6307,47870.9640,57.9566,NA,NA,NA,NA,NA,NA,NA,NA,NA,NA
272.263,5.4103,5.0650,5.6892,6.6433,51762.2200,70.7963,NA,NA,NA,NA,NA,NA,NA,NA,NA,NA
272.362,5.4103,5.0650,5.6892,6.6433,54960.9240,81.3509,NA,NA,NA,NA,NA,NA,NA,NA,NA,NA
272.456,5.4054,4.9696,5.6887,6.6355,54960.9240,81.3509,NA,NA,NA,NA,NA,NA,NA,NA,NA,NA
272.557,5.4047,4.9558,5.6841,6.5486,26135.1180,-13.7637,187089.7280,0.0000,NA,NA,NA,NA,NA,NA,NA,NA
272.684,5.4045,4.9533,5.6828,6.5233,50776.0440,67.5423,NA,NA,NA,NA,NA,NA,NA,NA,NA,NA
272.757,5.4021,4.9054,5.6818,6.5058,50776.0440,67.5423,NA,NA,NA,NA,NA,NA,NA,NA,NA,NA
272.848,5.4019,4.9028,5.6816,6.5019,27700.8700,-8.5973,182182.7680,0.0000,NA,NA,NA,NA,NA,NA,NA,NA
272.958,5.3994,4.8537,5.6815,6.5005,57458.6320,89.5924,NA,NA,NA,NA,NA,NA,NA,NA,NA,NA
273.051,5.3998,4.8612,5.6802,6.4755,57458.6320,89.5924,NA,NA,NA,NA,NA,NA,NA,NA,NA,NA
273.154,5.3998,4.8612,5.6797,6.4660,25883.6760,-14.5934,NA,NA,NA,NA,NA,NA,NA,NA,NA,NA
273.269,5.3988,4.8417,5.6793,6.4582,25883.6760,-14.5934,NA,NA,NA,NA,NA,NA,NA,NA,NA,NA
273.357,5.3988,4.8417,5.6737,6.3530,25984.9940,-14.2591,NA,NA,NA,NA,NA,NA,NA,NA,NA,NA
273.457,5.3961,4.7893,5.6709,6.3003,48868.2800,61.2474,NA,NA,NA,NA,NA,NA,NA,NA,NA,NA
273.549,5.3889,4.6499,5.6698,6.2803,51521.1360,70.0008,NA,NA,NA,NA,NA,NA,NA,NA,NA,NA
273.644,5.3851,4.5769,5.6664,6.2169,55716.3160,83.8434,NA,NA,NA,NA,NA,NA,NA,NA,NA,NA
273.743,5.3841,4.5558,5.6645,6.1814,55716.3160,83.8434,NA,NA,NA,NA,NA,NA,NA,NA,NA,NA
273.843,5.3834,4.5434,5.6637,6.1662,25569.2680,-15.6308,NA,NA,NA,NA,NA,NA,NA,NA,NA,NA
273.937,5.3799,4.4744,5.6628,6.1487,27281.3220,-9.9817,NA,NA,NA,NA,NA,NA,NA,NA,NA,NA
274.042,5.3795,4.4674,5.6591,6.0801,27281.3220,-9.9817,NA,NA,NA,NA,NA,NA,NA,NA,NA,NA
274.144,5.3795,4.4674,5.6538,5.9798,22357.9660,-26.2269,NA,NA,NA,NA,NA,NA,NA,NA,NA,NA
274.233,5.3803,4.4820,5.6505,5.9183,24391.5080,-19.5170,NA,NA,NA,NA,NA,NA,NA,NA,NA,NA
274.330,5.3803,4.4820,5.6505,5.9183,26228.4380,-13.4558,NA,NA,NA,NA,NA,NA,NA,NA,NA,NA
274.454,5.3761,4.4007,5.6498,5.9049,49678.9960,63.9224,NA,NA,NA,NA,NA,NA,NA,NA,NA,NA
274.527,5.3741,4.3629,5.6498,5.9049,52386.3440,72.8557,NA,NA,NA,NA,NA,NA,NA,NA,NA,NA
274.620,5.3704,4.2896,5.6507,5.9224,56528.8160,86.5243,NA,NA,NA,NA,NA,NA,NA,NA,NA,NA
274.722,5.3691,4.2644,5.6507,5.9224,56528.8160,86.5243,NA,NA,NA,NA,NA,NA,NA,NA,NA,NA
274.817,5.3683,4.2501,5.6485,5.8815,26351.9480,-13.0483,NA,NA,NA,NA,NA,NA,NA,NA,NA,NA
274.918,5.3651,4.1874,5.6468,5.8493,28283.1400,-6.6760,NA,NA,NA,NA,NA,NA,NA,NA,NA,NA
275.051,5.3644,4.1734,5.6461,5.8364,28283.1400,-6.6760,NA,NA,NA,NA,NA,NA,NA,NA,NA,NA
275.114,5.3644,4.1734,5.6461,5.8364,22805.5360,-24.7501,NA,NA,NA,NA,NA,NA,NA,NA,NA,NA
275.216,5.3631,4.1489,5.6400,5.7214,24843.8400,-18.0245,NA,NA,NA,NA,NA,NA,NA,NA,NA,NA
275.312,5.3631,4.1489,5.6364,5.6545,46538.8080,53.5610,NA,NA,NA,NA,NA,NA,NA,NA,NA,NA
275.408,5.3542,3.9759,5.6341,5.6109,50389.1760,66.2658,NA,NA,NA,NA,NA,NA,NA,NA,NA,NA
275.503,5.3513,3.9192,5.6339,5.6066,53364.9040,76.0846,NA,NA,NA,NA,NA,NA,NA,NA,NA,NA
275.658,5.3468,3.8324,5.6372,5.6686,57298.7040,89.0647,NA,NA,NA,NA,NA,NA,NA,NA,NA,NA
275.705,5.3524,3.9409,5.6432,5.7819,57298.7040,89.0647,NA,NA,NA,NA,NA,NA,NA,NA,NA,NA
275.806,5.3815,4.5067,5.6688,6.2624,26979.6680,-10.9770,NA,NA,NA,NA,NA,NA,NA,NA,NA,NA
275.902,5.4345,5.5359,5.6938,6.7295,28817.8860,-4.9116,NA,NA,NA,NA,NA,NA,NA,NA,NA,NA
275.996,5.4631,6.0915,5.7197,7.2151,28817.8860,-4.9116,NA,NA,NA,NA,NA,NA,NA,NA,NA,NA
276.096,5.4898,6.6086,5.7501,7.7861,23245.4840,-23.2984,NA,NA,NA,NA,NA,NA,NA,NA,NA,NA
276.234,5.5190,7.1759,5.7825,8.3932,25336.2200,-16.3998,NA,NA,NA,NA,NA,NA,NA,NA,NA,NA
276.291,5.5334,7.4566,5.8111,8.9288,47663.2240,57.2711,NA,NA,NA,NA,NA,NA,NA,NA,NA,NA
276.399,5.5487,7.7530,5.8298,9.2790,51800.4920,70.9226,NA,NA,NA,NA,NA,NA,NA,NA,NA,NA
276.490,5.5656,8.0810,5.8606,9.8561,51800.4920,70.9226,NA,NA,NA,NA,NA,NA,NA,NA,NA,NA
276.591,5.5788,8.3379,5.8830,10.2762,33183.4940,9.4933,NA,NA,NA,NA,NA,NA,NA,NA,NA,NA
276.698,5.5962,8.6760,5.9058,10.7049,33183.4940,9.4933,NA,NA,NA,NA,NA,NA,NA,NA,NA,NA
276.821,5.6137,9.0153,5.9329,11.2120,23945.0660,-20.9901,NA,NA,NA,NA,NA,NA,NA,NA,NA,NA
276.885,5.6232,9.1995,5.9578,11.6780,25490.3320,-15.8913,NA,NA,NA,NA,NA,NA,NA,NA,NA,NA
276.985,5.6296,9.3235,5.9884,12.2534,46504.5520,53.4479,NA,NA,NA,NA,NA,NA,NA,NA,NA,NA
277.078,5.6403,9.5327,6.0262,12.9614,50252.5240,65.8149,NA,NA,NA,NA,NA,NA,NA,NA,NA,NA
277.192,5.6563,9.8421,6.0517,13.4393,53518.0560,76.5899,NA,NA,NA,NA,NA,NA,NA,NA,NA,NA
277.276,5.6753,10.2116,6.0796,13.9615,53518.0560,76.5899,NA,NA,NA,NA,NA,NA,NA,NA,NA,NA
277.375,5.6862,10.4237,6.1098,14.5290,25567.3880,-15.6370,184191.9520,0.0000,NA,NA,NA,NA,NA,NA,NA,NA
277.480,5.6956,10.6053,6.1341,14.9837,50309.2640,66.0021,NA,NA,NA,NA,NA,NA,NA,NA,NA,NA
277.569,5.7091,10.8673,6.1605,15.4790,50309.2640,66.0021,NA,NA,NA,NA,NA,NA,NA,NA,NA,NA
277.677,5.7173,11.0276,6.1828,15.8963,26747.5360,-11.7430,NA,NA,NA,NA,NA,NA,NA,NA,NA,NA
277.777,5.7254,11.1837,6.2148,16.4955,28993.1260,-4.3333,184505.7760,0.0000,NA,NA,NA,NA,NA,NA,NA,NA
277.878,5.7482,11.6274,6.2392,16.9540,29554.0300,-2.4826,NA,NA,NA,NA,NA,NA,NA,NA,NA,NA
277.971,5.7777,12.2008,6.2649,17.4356,29554.0300,-2.4826,NA,NA,NA,NA,NA,NA,NA,NA,NA,NA
278.073,5.8064,12.7578,6.2910,17.9250,23709.0400,-21.7689,NA,NA,NA,NA,NA,NA,NA,NA,NA,NA
278.168,5.8239,13.0980,6.3305,18.6655,25199.8080,-16.8499,NA,NA,NA,NA,NA,NA,NA,NA,NA,NA
278.265,5.8343,13.2988,6.3643,19.2978,47312.4880,56.1138,NA,NA,NA,NA,NA,NA,NA,NA,NA,NA
278.361,5.8414,13.4362,6.3817,19.6257,49884.2040,64.5995,NA,NA,NA,NA,NA,NA,NA,NA,NA,NA
278.463,5.8456,13.5194,6.3848,19.6821,53885.8440,77.8035,NA,NA,NA,NA,NA,NA,NA,NA,NA,NA
278.574,5.8494,13.5924,6.3848,19.6821,53885.8440,77.8035,NA,NA,NA,NA,NA,NA,NA,NA,NA,NA
278.680,5.8544,13.6887,6.3768,19.5329,24815.6280,-18.1175,NA,NA,NA,NA,NA,NA,NA,NA,NA,NA
278.758,5.8544,13.6887,6.3683,19.3734,26704.5700,-11.8847,NA,NA,NA,NA,NA,NA,NA,NA,NA,NA
278.856,5.8511,13.6260,6.3561,19.1450,29908.9100,-1.3116,NA,NA,NA,NA,NA,NA,NA,NA,NA,NA
278.951,5.8494,13.5924,6.3437,18.9126,29908.9100,-1.3116,NA,NA,NA,NA,NA,NA,NA,NA,NA,NA
279.054,5.8487,13.5788,6.3298,18.6529,24111.2160,-20.4418,NA,NA,NA,NA,NA,NA,NA,NA,NA,NA
279.146,5.8475,13.5559,6.3105,18.2907,25681.7480,-15.2597,NA,NA,NA,NA,NA,NA,NA,NA,NA,NA
279.272,5.8324,13.2629,6.2958,18.0142,48372.0560,59.6100,NA,NA,NA,NA,NA,NA,NA,NA,NA,NA
279.344,5.8237,13.0936,6.2802,17.7223,51066.7360,68.5015,NA,NA,NA,NA,NA,NA,NA,NA,NA,NA
279.437,5.8188,12.9980,6.2615,17.3723,55158.8880,82.0041,NA,NA,NA,NA,NA,NA,NA,NA,NA,NA
279.548,5.8147,12.9183,6.2443,17.0491,55158.8880,82.0041,NA,NA,NA,NA,NA,NA,NA,NA,NA,NA
279.644,5.8123,12.8723,6.2353,16.8797,25501.8620,-15.8532,NA,NA,NA,NA,NA,NA,NA,NA,NA,NA
279.751,5.8123,12.8723,6.2203,16.5990,27364.1400,-9.7084,NA,NA,NA,NA,NA,NA,NA,NA,NA,NA
279.880,5.8005,12.6437,6.2069,16.3480,27364.1400,-9.7084,NA,NA,NA,NA,NA,NA,NA,NA,NA,NA
279.949,5.7972,12.5785,6.1930,16.0879,22290.6200,-26.4491,NA,NA,NA,NA,NA,NA,NA,NA,NA,NA
280.038,5.7962,12.5588,6.1849,15.9366,50684.9720,67.2418,NA,NA,NA,NA,NA,NA,NA,NA,NA,NA
280.136,5.7871,12.3830,6.1744,15.7398,53530.2880,76.6303,NA,NA,NA,NA,NA,NA,NA,NA,NA,NA
280.237,5.7871,12.3830,6.1663,15.5868,53530.2880,76.6303,NA,NA,NA,NA,NA,NA,NA,NA,NA,NA
280.338,5.7818,12.2798,6.1613,15.4940,27641.8200,-8.7921,187231.4400,0.0000,NA,NA,NA,NA,NA,NA,NA,NA
280.453,5.7768,12.1825,6.1444,15.1766,54089.9440,78.4769,NA,NA,NA,NA,NA,NA,NA,NA,NA,NA
280.528,5.7614,11.8830,6.1346,14.9926,54089.9440,78.4769,NA,NA,NA,NA,NA,NA,NA,NA,NA,NA
280.628,5.7542,11.7442,6.1214,14.7460,27181.1540,-10.3122,180594.8480,0.0000,NA,NA,NA,NA,NA,NA,NA,NA
280.732,5.7432,11.5306,6.1093,14.5195,57623.1440,90.1352,NA,NA,NA,NA,NA,NA,NA,NA,NA,NA
280.826,5.7370,11.4092,6.1017,14.3771,57623.1440,90.1352,NA,NA,NA,NA,NA,NA,NA,NA,NA,NA
280.933,5.7370,11.4092,6.0948,14.2469,25788.7580,-14.9066,NA,NA,NA,NA,NA,NA,NA,NA,NA,NA
281.066,5.7458,11.5808,6.0907,14.1710,25788.7580,-14.9066,NA,NA,NA,NA,NA,NA,NA,NA,NA,NA
281.124,5.7515,11.6919,6.0994,14.3337,25833.3080,-14.7596,NA,NA,NA,NA,NA,NA,NA,NA,NA,NA
281.222,5.7894,12.4272,6.1138,14.6039,46791.1040,54.3935,NA,NA,NA,NA,NA,NA,NA,NA,NA,NA
281.332,5.8354,13.3212,6.1423,15.1378,50697.7960,67.2841,NA,NA,NA,NA,NA,NA,NA,NA,NA,NA
281.429,5.8875,14.3325,6.1743,15.7363,54918.0040,81.2092,NA,NA,NA,NA,NA,NA,NA,NA,NA,NA
281.524,5.9299,15.1552,6.1875,15.9839,54918.0040,81.2092,NA,NA,NA,NA,NA,NA,NA,NA,NA,NA
281.650,5.9577,15.6961,6.1988,16.1959,25144.8020,-17.0314,182525.4720,0.0000,NA,NA,NA,NA,NA,NA,NA,NA
281.726,5.9648,15.8337,6.2013,16.2427,50237.8560,65.7665,NA,NA,NA,NA,NA,NA,NA,NA,NA,NA
281.817,5.9678,15.8919,6.2013,16.2427,50237.8560,65.7665,NA,NA,NA,NA,NA,NA,NA,NA,NA,NA
281.912,5.9695,15.9248,6.1963,16.1491,26509.6360,-12.5279,NA,NA,NA,NA,NA,NA,NA,NA,NA,NA
282.009,5.9695,15.9248,6.1963,16.1491,29599.8740,-2.3313,188909.9680,0.0000,NA,NA,NA,NA,NA,NA,NA,NA
282.111,5.9662,15.8601,6.1901,16.0342,60927.3520,101.0379,NA,NA,NA,NA,NA,NA,NA,NA,NA,NA
282.246,5.9630,15.7976,6.1853,15.9434,60927.3520,101.0379,NA,NA,NA,NA,NA,NA,NA,NA,NA,NA
282.312,5.9587,15.7143,6.1732,15.7163,27453.9260,-9.4121,NA,NA,NA,NA,NA,NA,NA,NA,NA,NA
282.414,5.9529,15.6025,6.1577,15.4255,25802.8040,-14.8602,NA,NA,NA,NA,NA,NA,NA,NA,NA,NA
282.506,5.9518,15.5816,6.1420,15.1322,48091.9760,58.6859,NA,NA,NA,NA,NA,NA,NA,NA,NA,NA
282.612,5.9346,15.2462,6.1305,14.9170,52220.1640,72.3074,NA,NA,NA,NA,NA,NA,NA,NA,NA,NA
282.713,5.9223,15.0086,6.1205,14.7294,55270.3120,82.3717,NA,NA,NA,NA,NA,NA,NA,NA,NA,NA
282.801,5.9153,14.8728,6.1106,14.5428,55270.3120,82.3717,NA,NA,NA,NA,NA,NA,NA,NA,NA,NA
282.917,5.9103,14.7754,6.1053,14.4446,25637.9160,-15.4043,NA,NA,NA,NA,NA,NA,NA,NA,NA,NA
282.997,5.9061,14.6940,6.1034,14.4075,27275.8880,-9.9996,NA,NA,NA,NA,NA,NA,NA,NA,NA,NA
283.097,5.9031,14.6360,6.0964,14.2765,29352.3280,-3.1481,NA,NA,NA,NA,NA,NA,NA,NA,NA,NA
283.193,5.9011,14.5974,6.0859,14.0803,29352.3280,-3.1481,NA,NA,NA,NA,NA,NA,NA,NA,NA,NA
283.300,5.8991,14.5578,6.0781,13.9333,23726.8120,-21.7102,NA,NA,NA,NA,NA,NA,NA,NA,NA,NA
283.409,5.8858,14.2998,6.0727,13.8333,25978.0600,-14.2819,NA,NA,NA,NA,NA,NA,NA,NA,NA,NA
283.485,5.8714,14.0199,6.0685,13.7533,49299.4320,62.6700,NA,NA,NA,NA,NA,NA,NA,NA,NA,NA
283.589,5.8594,13.7866,6.0656,13.6987,53826.1520,77.6065,NA,NA,NA,NA,NA,NA,NA,NA,NA,NA
283.683,5.8477,13.5590,6.0616,13.6253,56784.2760,87.3673,NA,NA,NA,NA,NA,NA,NA,NA,NA,NA
283.783,5.8373,13.3581,6.0576,13.5500,56784.2760,87.3673,NA,NA,NA,NA,NA,NA,NA,NA,NA,NA
283.896,5.8277,13.1705,6.0534,13.4715,26352.1020,-13.0477,NA,NA,NA,NA,NA,NA,NA,NA,NA,NA
284.025,5.8220,13.0608,6.0468,13.3481,27859.0820,-8.0753,NA,NA,NA,NA,NA,NA,NA,NA,NA,NA
284.080,5.8188,12.9983,6.0430,13.2767,27859.0820,-8.0753,NA,NA,NA,NA,NA,NA,NA,NA,NA,NA
284.174,5.8172,12.9672,6.0386,13.1935,21726.3060,-28.3112,NA,NA,NA,NA,NA,NA,NA,NA,NA,NA
284.284,5.8130,12.8858,6.0306,13.0433,23929.0360,-21.0430,NA,NA,NA,NA,NA,NA,NA,NA,NA,NA
284.376,5.8104,12.8358,6.0255,12.9474,26458.6240,-12.6963,NA,NA,NA,NA,NA,NA,NA,NA,NA,NA
284.466,5.7957,12.5490,6.0191,12.8283,50398.9440,66.2980,NA,NA,NA,NA,NA,NA,NA,NA,NA,NA
284.568,5.7790,12.2255,6.0157,12.7643,55028.0320,81.5723,NA,NA,NA,NA,NA,NA,NA,NA,NA,NA
284.698,5.7717,12.0828,6.0125,12.7042,57981.0000,91.3160,NA,NA,NA,NA,NA,NA,NA,NA,NA,NA
284.761,5.7689,12.0299,6.0117,12.6899,57981.0000,91.3160,NA,NA,NA,NA,NA,NA,NA,NA,NA,NA
284.868,5.7598,11.8530,6.0078,12.6161,26999.2880,-10.9123,NA,NA,NA,NA,NA,NA,NA,NA,NA,NA
284.956,5.7564,11.7868,6.0078,12.6160,28542.4200,-5.8205,NA,NA,NA,NA,NA,NA,NA,NA,NA,NA
285.053,5.7513,11.6877,6.0005,12.4791,28542.4200,-5.8205,NA,NA,NA,NA,NA,NA,NA,NA,NA,NA
285.166,5.7490,11.6432,5.9985,12.4411,22138.7200,-26.9504,NA,NA,NA,NA,NA,NA,NA,NA,NA,NA
285.296,5.7437,11.5389,5.9928,12.3342,53308.7360,75.8992,NA,NA,NA,NA,NA,NA,NA,NA,NA,NA
285.360,5.7354,11.3782,5.9877,12.2396,56267.2800,85.6614,NA,NA,NA,NA,NA,NA,NA,NA,NA,NA
285.456,5.7280,11.2346,5.9822,12.1367,56267.2800,85.6614,NA,NA,NA,NA,NA,NA,NA,NA,NA,NA
285.555,5.7253,11.1827,5.9786,12.0685,26776.0080,-11.6490,189529.0240,0.0000,NA,NA,NA,NA,NA,NA,NA,NA
285.653,5.7241,11.1590,5.9760,12.0198,51753.4080,70.7672,NA,NA,NA,NA,NA,NA,NA,NA,NA,NA
285.756,5.7193,11.0655,5.9748,11.9973,51753.4080,70.7672,NA,NA,NA,NA,NA,NA,NA,NA,NA,NA
285.846,5.7094,10.8729,5.9729,11.9623,28490.9000,-5.9905,184952.2400,0.0000,NA,NA,NA,NA,NA,NA,NA,NA
285.948,5.7069,10.8251,5.9683,11.8755,58374.3000,92.6137,NA,NA,NA,NA,NA,NA,NA,NA,NA,NA
286.046,5.7051,10.7900,5.9669,11.8493,58374.3000,92.6137,NA,NA,NA,NA,NA,NA,NA,NA,NA,NA
286.166,5.6997,10.6853,5.9669,11.8493,26680.8720,-11.9629,195933.7920,0.0000,NA,NA,NA,NA,NA,NA,NA,NA
286.258,5.6948,10.5907,5.9664,11.8409,28991.3320,-4.3393,196916.6240,0.0000,NA,NA,NA,NA,NA,NA,NA,NA
286.349,5.6922,10.5401,5.9664,11.8409,57569.2400,89.9573,NA,NA,NA,NA,NA,NA,NA,NA,NA,NA
286.473,5.6868,10.4358,5.9646,11.8068,57569.2400,89.9573,NA,NA,NA,NA,NA,NA,NA,NA,NA,NA
286.545,5.6793,10.2896,5.9621,11.7588,28363.8920,-6.4096,183064.7360,0.0000,NA,NA,NA,NA,NA,NA,NA,NA
286.651,5.6781,10.2665,5.9607,11.7329,29237.3360,-3.5275,NA,NA,NA,NA,NA,NA,NA,NA,NA,NA
286.753,5.6737,10.1812,5.9565,11.6545,29237.3360,-3.5275,NA,NA,NA,NA,NA,NA,NA,NA,NA,NA
286.851,5.6724,10.1552,5.9497,11.5265,23120.9260,-23.7094,NA,NA,NA,NA,NA,NA,NA,NA,NA,NA
286.946,5.6679,10.0673,5.9457,11.4530,24636.5940,-18.7083,NA,NA,NA,NA,NA,NA,NA,NA,NA,NA
287.090,5.6629,9.9706,5.9429,11.4000,45364.5920,49.6865,NA,NA,NA,NA,NA,NA,NA,NA,NA,NA
287.153,5.6485,9.6905,5.9394,11.3342,48980.7960,61.6186,NA,NA,NA,NA,NA,NA,NA,NA,NA,NA
287.249,5.6412,9.5488,5.9375,11.2990,53447.7800,76.3580,NA,NA,NA,NA,NA,NA,NA,NA,NA,NA
287.338,5.6359,9.4467,5.9350,11.2507,57138.6280,88.5365,NA,NA,NA,NA,NA,NA,NA,NA,NA,NA
287.436,5.6260,9.2534,5.9333,11.2191,57138.6280,88.5365,NA,NA,NA,NA,NA,NA,NA,NA,NA,NA
287.537,5.6201,9.1390,5.9308,11.1735,26358.8380,-13.0255,189909.2480,0.0000,NA,NA,NA,NA,NA,NA,NA,NA
287.689,5.6170,9.0789,5.9302,11.1621,51501.0240,69.9345,NA,NA,NA,NA,NA,NA,NA,NA,NA,NA
287.736,5.6085,8.9134,5.9253,11.0692,51501.0240,69.9345,NA,NA,NA,NA,NA,NA,NA,NA,NA,NA
287.829,5.6020,8.7887,5.9203,10.9757,28309.0700,-6.5905,186525.6800,0.0000,NA,NA,NA,NA,NA,NA,NA,NA
287.931,5.6000,8.7490,5.9154,10.8848,56972.4880,87.9883,NA,NA,NA,NA,NA,NA,NA,NA,NA,NA
288.036,5.5943,8.6378,5.9147,10.8710,56972.4880,87.9883,NA,NA,NA,NA,NA,NA,NA,NA,NA,NA
288.132,5.5940,8.6332,5.9107,10.7961,26050.7600,-14.0421,NA,NA,NA,NA,NA,NA,NA,NA,NA,NA
288.229,5.5940,8.6332,5.9034,10.6600,24553.3380,-18.9830,NA,NA,NA,NA,NA,NA,NA,NA,NA,NA
288.336,5.5872,8.5004,5.9029,10.6505,26436.0980,-12.7706,NA,NA,NA,NA,NA,NA,NA,NA,NA,NA
288.431,5.5850,8.4574,5.8993,10.5818,50261.8080,65.8455,NA,NA,NA,NA,NA,NA,NA,NA,NA,NA
288.523,5.5815,8.3907,5.8972,10.5427,53568.9480,76.7578,NA,NA,NA,NA,NA,NA,NA,NA,NA,NA
288.627,5.5805,8.3700,5.8972,10.5427,57051.6400,88.2495,NA,NA,NA,NA,NA,NA,NA,NA,NA,NA
288.722,5.5805,8.3700,5.8951,10.5038,57051.6400,88.2495,NA,NA,NA,NA,NA,NA,NA,NA,NA,NA
288.873,5.5768,8.2991,5.8930,10.4642,26601.1140,-12.2261,NA,NA,NA,NA,NA,NA,NA,NA,NA,NA
288.913,5.5748,8.2606,5.8930,10.4640,28044.2880,-7.4642,NA,NA,NA,NA,NA,NA,NA,NA,NA,NA
289.021,5.5745,8.2548,5.8920,10.4458,28044.2880,-7.4642,NA,NA,NA,NA,NA,NA,NA,NA,NA,NA
289.112,5.5714,8.1933,5.8902,10.4126,22502.4540,-25.7502,NA,NA,NA,NA,NA,NA,NA,NA,NA,NA
289.209,5.5707,8.1795,5.8877,10.3653,24660.6840,-18.6288,NA,NA,NA,NA,NA,NA,NA,NA,NA,NA
289.306,5.5679,8.1259,5.8849,10.3122,46089.3120,52.0778,NA,NA,NA,NA,NA,NA,NA,NA,NA,NA
289.448,5.5615,8.0022,5.8829,10.2740,50937.1080,68.0737,NA,NA,NA,NA,NA,NA,NA,NA,NA,NA
289.502,5.5615,8.0022,5.8824,10.2653,54452.0040,79.6716,NA,NA,NA,NA,NA,NA,NA,NA,NA,NA
289.606,5.5597,7.9657,5.8822,10.2620,58226.5560,92.1262,NA,NA,NA,NA,NA,NA,NA,NA,NA,NA
289.704,5.5597,7.9657,5.8786,10.1949,58226.5560,92.1262,NA,NA,NA,NA,NA,NA,NA,NA,NA,NA
289.806,5.5588,7.9490,5.8763,10.1506,27242.7880,-10.1088,NA,NA,NA,NA,NA,NA,NA,NA,NA,NA
289.898,5.5576,7.9264,5.8696,10.0249,28772.5540,-5.0611,NA,NA,NA,NA,NA,NA,NA,NA,NA,NA
290.029,5.5577,7.9284,5.8672,9.9807,28772.5540,-5.0611,NA,NA,NA,NA,NA,NA,NA,NA,NA,NA
290.106,5.5577,7.9284,5.8627,9.8958,50370.2160,66.2032,NA,NA,NA,NA,NA,NA,NA,NA,NA,NA
290.202,5.5501,7.7806,5.8576,9.8002,53516.9520,76.5863,NA,NA,NA,NA,NA,NA,NA,NA,NA,NA
290.297,5.5509,7.7956,5.8557,9.7643,53516.9520,76.5863,NA,NA,NA,NA,NA,NA,NA,NA,NA,NA
290.398,5.5510,7.7982,5.8504,9.6656,24580.5560,-18.8932,NA,NA,NA,NA,NA,NA,NA,NA,NA,NA
290.496,5.5510,7.7982,5.8482,9.6252,28131.3040,-7.1770,193242.7040,0.0000,NA,NA,NA,NA,NA,NA,NA,NA
290.629,5.5428,7.6392,5.8463,9.5886,54817.6000,80.8779,NA,NA,NA,NA,NA,NA,NA,NA,NA,NA
290.691,5.5406,7.5956,5.8407,9.4833,54817.6000,80.8779,NA,NA,NA,NA,NA,NA,NA,NA,NA,NA
290.786,5.5403,7.5898,5.8400,9.4699,28919.0420,-4.5778,179837.6000,0.0000,NA,NA,NA,NA,NA,NA,NA,NA
290.885,5.5331,7.4501,5.8364,9.4034,60550.0800,99.7930,NA,NA,NA,NA,NA,NA,NA,NA,NA,NA
290.995,5.5309,7.4079,5.8331,9.3412,60550.0800,99.7930,NA,NA,NA,NA,NA,NA,NA,NA,NA,NA
291.097,5.5259,7.3097,5.8312,9.3050,26811.4240,-11.5322,NA,NA,NA,NA,NA,NA,NA,NA,NA,NA
291.206,5.5259,7.3097,5.8273,9.2323,25096.4780,-17.1908,NA,NA,NA,NA,NA,NA,NA,NA,NA,NA
291.286,5.5242,7.2776,5.8277,9.2397,46466.3880,53.3220,NA,NA,NA,NA,NA,NA,NA,NA,NA,NA
291.391,5.5156,7.1103,5.8277,9.2397,49334.3360,62.7852,NA,NA,NA,NA,NA,NA,NA,NA,NA,NA
291.489,5.5093,6.9874,5.8243,9.1771,53582.6240,76.8030,NA,NA,NA,NA,NA,NA,NA,NA,NA,NA
291.579,5.5043,6.8916,5.8217,9.1281,58040.0680,91.5109,NA,NA,NA,NA,NA,NA,NA,NA,NA,NA
291.683,5.5007,6.8212,5.8202,9.0998,58040.0680,91.5109,NA,NA,NA,NA,NA,NA,NA,NA,NA,NA
291.820,5.5011,6.8283,5.8176,9.0505,26400.5820,-12.8878,NA,NA,NA,NA,NA,NA,NA,NA,NA,NA
291.873,5.5011,6.8283,5.8167,9.0347,28944.1460,-4.4950,NA,NA,NA,NA,NA,NA,NA,NA,NA,NA
291.973,5.5007,6.8207,5.8123,8.9521,28944.1460,-4.4950,NA,NA,NA,NA,NA,NA,NA,NA,NA,NA
292.074,5.4961,6.7317,5.8078,8.8676,23595.7980,-22.1425,NA,NA,NA,NA,NA,NA,NA,NA,NA,NA
292.165,5.4961,6.7317,5.8053,8.8195,25216.4400,-16.7950,NA,NA,NA,NA,NA,NA,NA,NA,NA,NA
292.268,5.4935,6.6804,5.8050,8.8151,47542.8960,56.8741,NA,NA,NA,NA,NA,NA,NA,NA,NA,NA
292.416,5.4867,6.5499,5.8037,8.7894,50267.6200,65.8647,NA,NA,NA,NA,NA,NA,NA,NA,NA,NA
292.461,5.4748,6.3179,5.8029,8.7748,54644.8880,80.3081,NA,NA,NA,NA,NA,NA,NA,NA,NA,NA
292.566,5.4703,6.2308,5.7991,8.7039,54644.8880,80.3081,NA,NA,NA,NA,NA,NA,NA,NA,NA,NA
292.657,5.4646,6.1206,5.7981,8.6856,24850.8440,-18.0013,NA,NA,NA,NA,NA,NA,NA,NA,NA,NA
292.754,5.4646,6.1204,5.7956,8.6377,26526.5720,-12.4721,NA,NA,NA,NA,NA,NA,NA,NA,NA,NA
292.862,5.4649,6.1262,5.7932,8.5931,29607.6200,-2.3057,NA,NA,NA,NA,NA,NA,NA,NA,NA,NA
292.950,5.4649,6.1262,5.7916,8.5636,29607.6200,-2.3057,NA,NA,NA,NA,NA,NA,NA,NA,NA,NA
293.073,5.4642,6.1130,5.7892,8.5178,24080.4020,-20.5435,NA,NA,NA,NA,NA,NA,NA,NA,NA,NA
293.152,5.4622,6.0738,5.7886,8.5073,25669.4760,-15.3002,NA,NA,NA,NA,NA,NA,NA,NA,NA,NA
293.246,5.4544,5.9221,5.7873,8.4822,48532.2480,60.1386,NA,NA,NA,NA,NA,NA,NA,NA,NA,NA
293.341,5.4486,5.8098,5.7853,8.4447,51236.1040,69.0603,NA,NA,NA,NA,NA,NA,NA,NA,NA,NA
293.449,5.4441,5.7226,5.7831,8.4049,55730.5880,83.8905,NA,NA,NA,NA,NA,NA,NA,NA,NA,NA
293.541,5.4376,5.5950,5.7823,8.3882,55730.5880,83.8905,NA,NA,NA,NA,NA,NA,NA,NA,NA,NA
293.656,5.4413,5.6673,5.7791,8.3289,25449.5980,-16.0257,NA,NA,NA,NA,NA,NA,NA,NA,NA,NA
293.747,5.4413,5.6673,5.7774,8.2975,25401.0760,-16.1858,NA,NA,NA,NA,NA,NA,NA,NA,NA,NA
293.844,5.4388,5.6193,5.7740,8.2330,26215.6740,-13.4979,NA,NA,NA,NA,NA,NA,NA,NA,NA,NA
293.943,5.4323,5.4926,5.7688,8.1359,47408.8120,56.4317,NA,NA,NA,NA,NA,NA,NA,NA,NA,NA
294.049,5.4315,5.4776,5.7669,8.1013,50360.3800,66.1708,NA,NA,NA,NA,NA,NA,NA,NA,NA,NA
294.137,5.4282,5.4126,5.7611,7.9922,52853.7800,74.3981,NA,NA,NA,NA,NA,NA,NA,NA,NA,NA
294.251,5.4227,5.3055,5.7578,7.9298,52853.7800,74.3981,NA,NA,NA,NA,NA,NA,NA,NA,NA,NA
294.337,5.4227,5.3055,5.7544,7.8663,27668.2260,-8.7050,185905.4080,0.0000,NA,NA,NA,NA,NA,NA,NA,NA
294.432,5.4213,5.2782,5.7528,7.8368,54347.0840,79.3254,NA,NA,NA,NA,NA,NA,NA,NA,NA,NA
294.537,5.4213,5.2794,5.7527,7.8347,54347.0840,79.3254,NA,NA,NA,NA,NA,NA,NA,NA,NA,NA
294.634,5.4213,5.2794,5.7527,7.8347,26960.2160,-11.0412,175475.5360,0.0000,NA,NA,NA,NA,NA,NA,NA,NA
294.725,5.4176,5.2067,5.7514,7.8105,57160.9840,88.6102,NA,NA,NA,NA,NA,NA,NA,NA,NA,NA
294.833,5.4158,5.1719,5.7514,7.8105,57160.9840,88.6102,NA,NA,NA,NA,NA,NA,NA,NA,NA,NA
294.929,5.4165,5.1850,5.7508,7.7990,25908.5820,-14.5112,NA,NA,NA,NA,NA,NA,NA,NA,NA,NA
295.036,5.4165,5.1850,5.7506,7.7958,25908.5820,-14.5112,NA,NA,NA,NA,NA,NA,NA,NA,NA,NA
295.124,5.4151,5.1592,5.7484,7.7528,25908.4840,-14.5115,NA,NA,NA,NA,NA,NA,NA,NA,NA,NA
295.225,5.4111,5.0807,5.7471,7.7287,47120.2080,55.4794,NA,NA,NA,NA,NA,NA,NA,NA,NA,NA
295.320,5.4096,5.0518,5.7460,7.7092,51392.1120,69.5751,NA,NA,NA,NA,NA,NA,NA,NA,NA,NA
295.438,5.4082,5.0254,5.7422,7.6367,55043.5840,81.6236,NA,NA,NA,NA,NA,NA,NA,NA,NA,NA
295.523,5.4089,5.0390,5.7395,7.5870,55043.5840,81.6236,NA,NA,NA,NA,NA,NA,NA,NA,NA,NA
295.621,5.4089,5.0390,5.7381,7.5615,25035.5420,-17.3919,181283.6960,0.0000,NA,NA,NA,NA,NA,NA,NA,NA
295.718,5.4069,4.9984,5.7353,7.5083,49319.6320,62.7367,NA,NA,NA,NA,NA,NA,NA,NA,NA,NA
295.814,5.4069,4.9984,5.7328,7.4617,49319.6320,62.7367,NA,NA,NA,NA,NA,NA,NA,NA,NA,NA
295.915,5.4061,4.9834,5.7307,7.4227,26836.4180,-11.4497,NA,NA,NA,NA,NA,NA,NA,NA,NA,NA
296.035,5.4061,4.9834,5.7307,7.4210,29470.2980,-2.7588,181636.6720,0.0000,NA,NA,NA,NA,NA,NA,NA,NA
296.112,5.4064,4.9893,5.7292,7.3933,62142.0800,105.0460,NA,NA,NA,NA,NA,NA,NA,NA,NA,NA
296.222,5.4064,4.9893,5.7292,7.3933,62142.0800,105.0460,NA,NA,NA,NA,NA,NA,NA,NA,NA,NA
296.312,5.4046,4.9539,5.7219,7.2562,27415.5360,-9.5388,NA,NA,NA,NA,NA,NA,NA,NA,NA,NA
296.414,5.4045,4.9535,5.7197,7.2150,25821.0260,-14.8001,NA,NA,NA,NA,NA,NA,NA,NA,NA,NA
296.508,5.4041,4.9459,5.7197,7.2150,48333.7880,59.4837,NA,NA,NA,NA,NA,NA,NA,NA,NA,NA
296.638,5.4017,4.8984,5.7145,7.1191,51252.3200,69.1138,NA,NA,NA,NA,NA,NA,NA,NA,NA,NA
296.707,5.4006,4.8769,5.7144,7.1164,54578.0800,80.0876,NA,NA,NA,NA,NA,NA,NA,NA,NA,NA
296.806,5.3998,4.8614,5.7144,7.1164,54578.0800,80.0876,NA,NA,NA,NA,NA,NA,NA,NA,NA,NA
296.902,5.4014,4.8931,5.7117,7.0658,25196.9660,-16.8593,NA,NA,NA,NA,NA,NA,NA,NA,NA,NA
297.006,5.4025,4.9130,5.7111,7.0548,26677.0920,-11.9754,NA,NA,NA,NA,NA,NA,NA,NA,NA,NA
297.098,5.4032,4.9275,5.7083,7.0027,29230.4160,-3.5504,NA,NA,NA,NA,NA,NA,NA,NA,NA,NA
297.212,5.4032,4.9275,5.7072,6.9816,29230.4160,-3.5504,NA,NA,NA,NA,NA,NA,NA,NA,NA,NA
297.303,5.4025,4.9143,5.7018,6.8809,24084.8760,-20.5288,NA,NA,NA,NA,NA,NA,NA,NA,NA,NA
297.392,5.4006,4.8763,5.7002,6.8507,25861.2820,-14.6673,NA,NA,NA,NA,NA,NA,NA,NA,NA,NA
297.495,5.3983,4.8327,5.6990,6.8283,48988.5920,61.6444,NA,NA,NA,NA,NA,NA,NA,NA,NA,NA
297.595,5.3913,4.6958,5.7002,6.8499,52051.1960,71.7498,NA,NA,NA,NA,NA,NA,NA,NA,NA,NA
297.685,5.3885,4.6416,5.7002,6.8499,55866.3600,84.3385,NA,NA,NA,NA,NA,NA,NA,NA,NA,NA
297.805,5.3869,4.6118,5.6908,6.6732,55866.3600,84.3385,NA,NA,NA,NA,NA,NA,NA,NA,NA,NA
297.884,5.3869,4.6118,5.6836,6.5391,25759.2280,-15.0040,NA,NA,NA,NA,NA,NA,NA,NA,NA,NA
297.982,5.3834,4.5431,5.6827,6.5214,27221.7740,-10.1781,NA,NA,NA,NA,NA,NA,NA,NA,NA,NA
298.078,5.3866,4.6051,5.6796,6.4646,27221.7740,-10.1781,NA,NA,NA,NA,NA,NA,NA,NA,NA,NA
298.175,5.3866,4.6051,5.6784,6.4409,22138.3260,-26.9517,NA,NA,NA,NA,NA,NA,NA,NA,NA,NA
298.275,5.3866,4.6045,5.6753,6.3843,24284.9540,-19.8686,NA,NA,NA,NA,NA,NA,NA,NA,NA,NA
298.379,5.3838,4.5501,5.6788,6.4491,26209.5300,-13.5182,NA,NA,NA,NA,NA,NA,NA,NA,NA,NA
298.471,5.3774,4.4255,5.6788,6.4491,50077.8480,65.2385,NA,NA,NA,NA,NA,NA,NA,NA,NA,NA
298.571,5.3702,4.2866,5.6786,6.4458,52894.6880,74.5330,NA,NA,NA,NA,NA,NA,NA,NA,NA,NA
298.665,5.3675,4.2340,5.6786,6.4458,56827.8840,87.5111,NA,NA,NA,NA,NA,NA,NA,NA,NA,NA
298.763,5.3626,4.1391,5.6734,6.3482,56827.8840,87.5111,NA,NA,NA,NA,NA,NA,NA,NA,NA,NA
298.863,5.3626,4.1391,5.6648,6.1871,26313.6600,-13.1746,NA,NA,NA,NA,NA,NA,NA,NA,NA,NA
299.013,5.3591,4.0710,5.6648,6.1871,27857.0020,-8.0821,NA,NA,NA,NA,NA,NA,NA,NA,NA,NA
299.062,5.3581,4.0522,5.6611,6.1170,27857.0020,-8.0821,NA,NA,NA,NA,NA,NA,NA,NA,NA,NA
299.170,5.3551,3.9926,5.6579,6.0575,49072.6560,61.9217,NA,NA,NA,NA,NA,NA,NA,NA,NA,NA
299.259,5.3524,3.9418,5.6570,6.0403,51865.8960,71.1384,NA,NA,NA,NA,NA,NA,NA,NA,NA,NA
299.375,5.3524,3.9418,5.6556,6.0143,54430.1880,79.5996,NA,NA,NA,NA,NA,NA,NA,NA,NA,NA
299.472,5.3481,3.8581,5.6556,6.0143,54430.1880,79.5996,NA,NA,NA,NA,NA,NA,NA,NA,NA,NA
299.549,5.3456,3.8097,5.6542,5.9874,28223.3760,-6.8732,188912.8640,0.0000,NA,NA,NA,NA,NA,NA,NA,NA
299.667,5.3449,3.7959,5.6506,5.9198,54507.9760,79.8563,NA,NA,NA,NA,NA,NA,NA,NA,NA,NA
299.763,5.3410,3.7196,5.6506,5.9203,54507.9760,79.8563,NA,NA,NA,NA,NA,NA,NA,NA,NA,NA
299.855,5.3410,3.7196,5.6507,5.9221,27868.3220,-8.0448,178156.5600,0.0000,NA,NA,NA,NA,NA,NA,NA,NA
299.953,5.3405,3.7103,5.6507,5.9221,58921.9840,94.4209,NA,NA,NA,NA,NA,NA,NA,NA,NA,NA
300.053,5.3357,3.6162,5.6524,5.9542,58921.9840,94.4209,NA,NA,NA,NA,NA,NA,NA,NA,NA,NA
300.151,5.3357,3.6159,5.6524,5.9542,26068.2080,-13.9845,NA,NA,NA,NA,NA,NA,NA,NA,NA,NA
300.254,5.3366,3.6333,5.6508,5.9246,24533.5340,-19.0484,NA,NA,NA,NA,NA,NA,NA,NA,NA,NA
300.350,5.3366,3.6333,5.6481,5.8736,26209.1020,-13.5196,NA,NA,NA,NA,NA,NA,NA,NA,NA,NA
300.441,5.3342,3.5880,5.6459,5.8325,48049.0480,58.5442,NA,NA,NA,NA,NA,NA,NA,NA,NA,NA
300.541,5.3318,3.5419,5.6439,5.7956,52515.4600,73.2817,NA,NA,NA,NA,NA,NA,NA,NA,NA,NA
300.643,5.3256,3.4212,5.6429,5.7764,56516.1240,86.4824,NA,NA,NA,NA,NA,NA,NA,NA,NA,NA
300.745,5.3241,3.3906,5.6426,5.7711,56516.1240,86.4824,NA,NA,NA,NA,NA,NA,NA,NA,NA,NA
300.876,5.3232,3.3741,5.6405,5.7309,25608.7560,-15.5005,184759.5200,0.0000,NA,NA,NA,NA,NA,NA,NA,NA
300.937,5.3232,3.3741,5.6400,5.7208,50491.9560,66.6049,NA,NA,NA,NA,NA,NA,NA,NA,NA,NA
301.034,5.3209,3.3297,5.6400,5.7208,50491.9560,66.6049,NA,NA,NA,NA,NA,NA,NA,NA,NA,NA
301.136,5.3198,3.3079,5.6373,5.6706,27300.6160,-9.9180,182764.4000,0.0000,NA,NA,NA,NA,NA,NA,NA,NA
301.233,5.3187,3.2859,5.6390,5.7023,55455.4160,82.9825,NA,NA,NA,NA,NA,NA,NA,NA,NA,NA
301.344,5.3147,3.2081,5.6390,5.7023,NA,NA,NA,NA,NA,NA,NA,NA,NA,NA,NA,NA
301.480,5.3138,3.1919,5.6375,5.6743,NA,NA,NA,NA,NA,NA,NA,NA,NA,NA,NA,NA
301.530,5.3125,3.1663,5.6341,5.6105,31534.2940,4.0516,NA,NA,NA,NA,NA,NA,NA,NA,NA,NA
301.644,5.3121,3.1581,5.6332,5.5939,32302.4580,6.5862,NA,NA,NA,NA,NA,NA,NA,NA,NA,NA
301.732,5.3121,3.1581,5.6332,5.5939,32302.4580,6.5862,NA,NA,NA,NA,NA,NA,NA,NA,NA,NA
301.827,5.3123,3.1622,5.6298,5.5305,23454.9620,-22.6072,NA,NA,NA,NA,NA,NA,NA,NA,NA,NA
301.927,5.3132,3.1797,5.6290,5.5160,25043.4780,-17.3657,NA,NA,NA,NA,NA,NA,NA,NA,NA,NA
302.041,5.3132,3.1797,5.6289,5.5144,45712.3200,50.8339,NA,NA,NA,NA,NA,NA,NA,NA,NA,NA
302.120,5.3081,3.0813,5.6289,5.5144,49530.0880,63.4311,NA,NA,NA,NA,NA,NA,NA,NA,NA,NA
302.225,5.3035,2.9907,5.6279,5.4941,52575.2760,73.4791,NA,NA,NA,NA,NA,NA,NA,NA,NA,NA
302.316,5.3037,2.9959,5.6279,5.4941,52575.2760,73.4791,NA,NA,NA,NA,NA,NA,NA,NA,NA,NA
302.415,5.3037,2.9959,5.6253,5.4455,24570.2760,-18.9271,NA,NA,NA,NA,NA,NA,NA,NA,NA,NA
302.511,5.3030,2.9821,5.6241,5.4241,28321.5600,-6.5493,191972.8160,0.0000,NA,NA,NA,NA,NA,NA,NA,NA
302.674,5.3003,2.9302,5.6241,5.4241,30026.8600,-0.9224,NA,NA,NA,NA,NA,NA,NA,NA,NA,NA
302.723,5.2987,2.8986,5.6198,5.3424,30026.8600,-0.9224,NA,NA,NA,NA,NA,NA,NA,NA,NA,NA
302.822,5.2987,2.8988,5.6177,5.3044,22432.4180,-25.9813,NA,NA,NA,NA,NA,NA,NA,NA,NA,NA
302.914,5.3012,2.9471,5.6115,5.1882,24535.4580,-19.0420,NA,NA,NA,NA,NA,NA,NA,NA,NA,NA
303.020,5.3012,2.9471,5.6115,5.1882,45162.0040,49.0180,NA,NA,NA,NA,NA,NA,NA,NA,NA,NA
303.112,5.2968,2.8607,5.6127,5.2097,51202.5960,68.9498,NA,NA,NA,NA,NA,NA,NA,NA,NA,NA
303.245,5.2957,2.8389,5.6127,5.2097,57414.5240,89.4468,NA,NA,NA,NA,NA,NA,NA,NA,NA,NA
303.307,5.2957,2.8389,5.6120,5.1970,57414.5240,89.4468,NA,NA,NA,NA,NA,NA,NA,NA,NA,NA
303.408,5.2926,2.7792,5.6104,5.1670,26194.4140,-13.5681,NA,NA,NA,NA,NA,NA,NA,NA,NA,NA
303.503,5.2952,2.8306,5.6072,5.1078,28464.4660,-6.0777,NA,NA,NA,NA,NA,NA,NA,NA,NA,NA
303.602,5.2957,2.8405,5.6072,5.1078,30535.0720,0.7545,NA,NA,NA,NA,NA,NA,NA,NA,NA,NA
303.700,5.2966,2.8566,5.6038,5.0430,30535.0720,0.7545,NA,NA,NA,NA,NA,NA,NA,NA,NA,NA
303.795,5.3017,2.9571,5.6017,5.0047,22929.6620,-24.3405,NA,NA,NA,NA,NA,NA,NA,NA,NA,NA
303.896,5.3017,2.9571,5.6011,4.9933,25093.1720,-17.2018,NA,NA,NA,NA,NA,NA,NA,NA,NA,NA
303.992,5.2930,2.7883,5.6009,4.9879,46316.8320,52.8285,NA,NA,NA,NA,NA,NA,NA,NA,NA,NA
304.089,5.2873,2.6759,5.6004,4.9793,52578.0600,73.4883,NA,NA,NA,NA,NA,NA,NA,NA,NA,NA
304.188,5.2873,2.6759,5.6003,4.9781,58715.7760,93.7405,NA,NA,NA,NA,NA,NA,NA,NA,NA,NA
304.291,5.2792,2.5196,5.6004,4.9802,58715.7760,93.7405,NA,NA,NA,NA,NA,NA,NA,NA,NA,NA
304.454,5.2768,2.4737,5.6014,4.9978,26812.5260,-11.5285,NA,NA,NA,NA,NA,NA,NA,NA,NA,NA
304.491,5.2781,2.4985,5.6014,4.9978,26812.5260,-11.5285,NA,NA,NA,NA,NA,NA,NA,NA,NA,NA
304.587,5.2781,2.4985,5.5995,4.9616,26442.2740,-12.7502,NA,NA,NA,NA,NA,NA,NA,NA,NA,NA
304.691,5.2775,2.4867,5.5995,4.9616,48319.0880,59.4352,NA,NA,NA,NA,NA,NA,NA,NA,NA,NA
304.783,5.2775,2.4867,5.5994,4.9598,52442.3560,73.0405,NA,NA,NA,NA,NA,NA,NA,NA,NA,NA
304.890,5.2813,2.5610,5.5980,4.9347,56538.8120,86.5573,NA,NA,NA,NA,NA,NA,NA,NA,NA,NA
304.981,5.2813,2.5610,5.5958,4.8929,56538.8120,86.5573,NA,NA,NA,NA,NA,NA,NA,NA,NA,NA
305.087,5.2790,2.5164,5.5956,4.8901,25707.6520,-15.1742,187189.5360,0.0000,NA,NA,NA,NA,NA,NA,NA,NA
305.176,5.2779,2.4941,5.5946,4.8715,51165.1200,68.8261,NA,NA,NA,NA,NA,NA,NA,NA,NA,NA
305.276,5.2779,2.4941,5.5917,4.8168,51165.1200,68.8261,NA,NA,NA,NA,NA,NA,NA,NA,NA,NA
305.375,5.2764,2.4655,5.5926,4.8327,27210.1980,-10.2163,184662.6720,0.0000,NA,NA,NA,NA,NA,NA,NA,NA
305.481,5.2754,2.4459,5.5926,4.8327,54297.0880,79.1604,NA,NA,NA,NA,NA,NA,NA,NA,NA,NA
305.570,5.2754,2.4459,5.5940,4.8597,54297.0880,79.1604,NA,NA,NA,NA,NA,NA,NA,NA,NA,NA
305.716,5.2745,2.4285,5.5958,4.8926,25978.5120,-14.2805,NA,NA,NA,NA,NA,NA,NA,NA,NA,NA
305.777,5.2744,2.4268,5.5958,4.8926,25978.5120,-14.2805,NA,NA,NA,NA,NA,NA,NA,NA,NA,NA
305.873,5.2744,2.4268,5.5920,4.8216,26107.1840,-13.8559,NA,NA,NA,NA,NA,NA,NA,NA,NA,NA
305.975,5.2733,2.4058,5.5887,4.7609,48762.8800,60.8996,NA,NA,NA,NA,NA,NA,NA,NA,NA,NA
306.070,5.2733,2.4058,5.5876,4.7389,53013.8160,74.9261,NA,NA,NA,NA,NA,NA,NA,NA,NA,NA
306.168,5.2724,2.3869,5.5876,4.7389,56033.5040,84.8900,NA,NA,NA,NA,NA,NA,NA,NA,NA,NA
306.277,5.2712,2.3635,5.5869,4.7256,56033.5040,84.8900,NA,NA,NA,NA,NA,NA,NA,NA,NA,NA
306.365,5.2711,2.3622,5.5838,4.6678,26342.0860,-13.0808,NA,NA,NA,NA,NA,NA,NA,NA,NA,NA
306.463,5.2702,2.3448,5.5809,4.6144,28212.0780,-6.9105,NA,NA,NA,NA,NA,NA,NA,NA,NA,NA
306.562,5.2724,2.3871,5.5787,4.5724,28212.0780,-6.9105,NA,NA,NA,NA,NA,NA,NA,NA,NA,NA
306.661,5.2724,2.3871,5.5765,4.5314,21961.0320,-27.5367,NA,NA,NA,NA,NA,NA,NA,NA,NA,NA
306.757,5.2727,2.3942,5.5740,4.4846,23982.6300,-20.8661,NA,NA,NA,NA,NA,NA,NA,NA,NA,NA
306.854,5.2727,2.3942,5.5728,4.4618,26258.8580,-13.3554,NA,NA,NA,NA,NA,NA,NA,NA,NA,NA
306.952,5.2658,2.2593,5.5716,4.4392,49428.0160,63.0943,NA,NA,NA,NA,NA,NA,NA,NA,NA,NA
307.055,5.2606,2.1582,5.5711,4.4311,53837.0160,77.6424,NA,NA,NA,NA,NA,NA,NA,NA,NA,NA
307.148,5.2571,2.0900,5.5711,4.4311,56926.8840,87.8378,NA,NA,NA,NA,NA,NA,NA,NA,NA,NA
307.255,5.2548,2.0458,5.5707,4.4221,56926.8840,87.8378,NA,NA,NA,NA,NA,NA,NA,NA,NA,NA
307.348,5.2554,2.0577,5.5751,4.5052,26954.7260,-11.0593,NA,NA,NA,NA,NA,NA,NA,NA,NA,NA
307.453,5.2792,2.5188,5.6043,5.0526,28798.9700,-4.9740,NA,NA,NA,NA,NA,NA,NA,NA,NA,NA
307.538,5.3130,3.1749,5.6384,5.6920,28798.9700,-4.9740,NA,NA,NA,NA,NA,NA,NA,NA,NA,NA
307.641,5.3636,4.1593,5.6919,6.6953,22413.3060,-26.0443,NA,NA,NA,NA,NA,NA,NA,NA,NA,NA
307.736,5.4355,5.5549,5.7609,7.9887,24481.5320,-19.2199,NA,NA,NA,NA,NA,NA,NA,NA,NA,NA
307.841,5.4762,6.3453,5.8162,9.0249,45313.9600,49.5194,NA,NA,NA,NA,NA,NA,NA,NA,NA,NA
308.002,5.5188,7.1722,5.8600,9.8459,50241.6160,65.7789,NA,NA,NA,NA,NA,NA,NA,NA,NA,NA
308.039,5.5642,8.0532,5.9193,10.9568,54556.5200,80.0165,NA,NA,NA,NA,NA,NA,NA,NA,NA,NA
308.128,5.5997,8.7427,5.9639,11.7940,57741.4600,90.5256,NA,NA,NA,NA,NA,NA,NA,NA,NA,NA
308.227,5.6386,9.4991,5.9869,12.2251,57741.4600,90.5256,NA,NA,NA,NA,NA,NA,NA,NA,NA,NA
308.327,5.6716,10.1391,6.0284,13.0026,27647.5320,-8.7733,NA,NA,NA,NA,NA,NA,NA,NA,NA,NA
308.421,5.7132,10.9473,6.0637,13.6648,29447.3000,-2.8347,NA,NA,NA,NA,NA,NA,NA,NA,NA,NA
308.517,5.7326,11.3250,6.1078,14.4908,29447.3000,-2.8347,NA,NA,NA,NA,NA,NA,NA,NA,NA,NA
308.615,5.7716,12.0821,6.1508,15.2970,22843.4960,-24.6249,NA,NA,NA,NA,NA,NA,NA,NA,NA,NA
308.715,5.8010,12.6516,6.1929,16.0858,24999.3160,-17.5114,NA,NA,NA,NA,NA,NA,NA,NA,NA,NA
308.821,5.8164,12.9516,6.2348,16.8716,46380.8400,53.0397,NA,NA,NA,NA,NA,NA,NA,NA,NA,NA
308.925,5.8385,13.3810,6.2639,17.4169,51433.7320,69.7124,NA,NA,NA,NA,NA,NA,NA,NA,NA,NA
309.016,5.8572,13.7440,6.3093,18.2678,51433.7320,69.7124,NA,NA,NA,NA,NA,NA,NA,NA,NA,NA
309.116,5.8869,14.3199,6.3531,19.0881,32366.5620,6.7978,NA,NA,NA,NA,NA,NA,NA,NA,NA,NA
309.227,5.9078,14.7273,6.3849,19.6856,32366.5620,6.7978,NA,NA,NA,NA,NA,NA,NA,NA,NA,NA
309.313,5.9209,14.9808,6.4138,20.2266,23879.4220,-21.2067,NA,NA,NA,NA,NA,NA,NA,NA,NA,NA
309.417,5.9293,15.1446,6.4386,20.6923,25551.1540,-15.6906,NA,NA,NA,NA,NA,NA,NA,NA,NA,NA
309.511,5.9404,15.3588,6.4645,21.1771,46617.9840,53.8222,NA,NA,NA,NA,NA,NA,NA,NA,NA,NA
309.614,5.9572,15.6856,6.4870,21.5994,50709.3040,67.3221,NA,NA,NA,NA,NA,NA,NA,NA,NA,NA
309.706,5.9809,16.1456,6.5051,21.9375,54586.9760,80.1170,NA,NA,NA,NA,NA,NA,NA,NA,NA,NA
309.804,5.9941,16.4015,6.5467,22.7171,54586.9760,80.1170,NA,NA,NA,NA,NA,NA,NA,NA,NA,NA
309.907,6.0135,16.7790,6.5819,23.3783,25374.7100,-16.2728,187478.7520,0.0000,NA,NA,NA,NA,NA,NA,NA,NA
310.000,6.0237,16.9766,6.6040,23.7928,50629.6400,67.0592,NA,NA,NA,NA,NA,NA,NA,NA,NA,NA
310.105,6.0307,17.1140,6.6149,23.9956,50629.6400,67.0592,NA,NA,NA,NA,NA,NA,NA,NA,NA,NA
310.192,6.0353,17.2026,6.6149,23.9956,26506.2160,-12.5392,NA,NA,NA,NA,NA,NA,NA,NA,NA,NA
310.314,6.0371,17.2383,6.6115,23.9317,29157.2160,-3.7919,187893.4080,0.0000,NA,NA,NA,NA,NA,NA,NA,NA
310.410,6.0419,17.3314,6.5968,23.6563,29412.0700,-2.9510,NA,NA,NA,NA,NA,NA,NA,NA,NA,NA
310.499,6.0436,17.3633,6.5842,23.4199,29412.0700,-2.9510,NA,NA,NA,NA,NA,NA,NA,NA,NA,NA
310.596,6.0436,17.3633,6.5731,23.2120,23481.5440,-22.5195,NA,NA,NA,NA,NA,NA,NA,NA,NA,NA
310.696,6.0431,17.3539,6.5537,22.8499,25279.2580,-16.5877,NA,NA,NA,NA,NA,NA,NA,NA,NA,NA
310.791,6.0431,17.3539,6.5296,22.3981,47421.8400,56.4747,NA,NA,NA,NA,NA,NA,NA,NA,NA,NA
310.895,6.0250,17.0032,6.5145,22.1149,50769.6360,67.5211,NA,NA,NA,NA,NA,NA,NA,NA,NA,NA
310.991,6.0164,16.8350,6.4950,21.7478,54290.2480,79.1379,NA,NA,NA,NA,NA,NA,NA,NA,NA,NA
311.097,6.0043,16.6004,6.4758,21.3895,54290.2480,79.1379,NA,NA,NA,NA,NA,NA,NA,NA,NA,NA
311.185,5.9928,16.3766,6.4564,21.0257,25304.2980,-16.5051,NA,NA,NA,NA,NA,NA,NA,NA,NA,NA
311.285,5.9781,16.0915,6.4332,20.5893,26952.2720,-11.0674,NA,NA,NA,NA,NA,NA,NA,NA,NA,NA
311.382,5.9718,15.9700,6.4057,20.0740,29645.4360,-2.1810,NA,NA,NA,NA,NA,NA,NA,NA,NA,NA
311.480,5.9647,15.8324,6.3924,19.8250,29645.4360,-2.1810,NA,NA,NA,NA,NA,NA,NA,NA,NA,NA
311.575,5.9620,15.7786,6.3792,19.5781,23922.1320,-21.0658,NA,NA,NA,NA,NA,NA,NA,NA,NA,NA
311.674,5.9534,15.6125,6.3735,19.4708,25745.2320,-15.0502,NA,NA,NA,NA,NA,NA,NA,NA,NA,NA
311.775,5.9419,15.3892,6.3565,19.1533,48442.2880,59.8418,NA,NA,NA,NA,NA,NA,NA,NA,NA,NA
311.875,5.9343,15.2410,6.3499,19.0297,51841.5600,71.0581,NA,NA,NA,NA,NA,NA,NA,NA,NA,NA
311.966,5.9227,15.0161,6.3370,18.7872,55427.5680,82.8906,NA,NA,NA,NA,NA,NA,NA,NA,NA,NA
312.073,5.9161,14.8872,6.3186,18.4423,55427.5680,82.8906,NA,NA,NA,NA,NA,NA,NA,NA,NA,NA
312.170,5.9126,14.8204,6.3113,18.3052,25862.7700,-14.6624,NA,NA,NA,NA,NA,NA,NA,NA,NA,NA
312.275,5.9124,14.8160,6.2988,18.0700,27556.7520,-9.0728,NA,NA,NA,NA,NA,NA,NA,NA,NA,NA
312.360,5.9023,14.6188,6.2895,17.8969,27556.7520,-9.0728,NA,NA,NA,NA,NA,NA,NA,NA,NA,NA
312.468,5.9018,14.6093,6.2817,17.7503,22164.8600,-26.8641,NA,NA,NA,NA,NA,NA,NA,NA,NA,NA
312.560,5.9010,14.5953,6.2687,17.5068,51322.1120,69.3441,NA,NA,NA,NA,NA,NA,NA,NA,NA,NA
312.660,5.8921,14.4216,6.2595,17.3351,54288.0000,79.1305,NA,NA,NA,NA,NA,NA,NA,NA,NA,NA
312.767,5.8855,14.2937,6.2457,17.0759,54288.0000,79.1305,NA,NA,NA,NA,NA,NA,NA,NA,NA,NA
312.855,5.8845,14.2743,6.2374,16.9207,27144.4900,-10.4332,190452.2720,0.0000,NA,NA,NA,NA,NA,NA,NA,NA
312.956,5.8999,14.5733,6.2512,17.1792,53411.6000,76.2387,NA,NA,NA,NA,NA,NA,NA,NA,NA,NA
313.056,5.9254,15.0690,6.2849,17.8100,53411.6000,76.2387,NA,NA,NA,NA,NA,NA,NA,NA,NA,NA
313.161,5.9628,15.7950,6.3236,18.5361,27212.3200,-10.2093,182144.1600,0.0000,NA,NA,NA,NA,NA,NA,NA,NA
313.250,6.0150,16.8089,6.3740,19.4799,57113.7680,88.4545,NA,NA,NA,NA,NA,NA,NA,NA,NA,NA
313.386,6.0460,17.4094,6.4257,20.4503,57113.7680,88.4545,NA,NA,NA,NA,NA,NA,NA,NA,NA,NA
313.485,6.0889,18.2433,6.4727,21.3313,25856.2020,-14.6840,NA,NA,NA,NA,NA,NA,NA,NA,NA,NA
313.563,6.1323,19.0870,6.5227,22.2681,25856.2020,-14.6840,NA,NA,NA,NA,NA,NA,NA,NA,NA,NA
313.649,6.1505,19.4393,6.5535,22.8462,25781.2660,-14.9313,NA,NA,NA,NA,NA,NA,NA,NA,NA,NA
313.761,6.1511,19.4509,6.5665,23.0897,46918.9120,54.8152,NA,NA,NA,NA,NA,NA,NA,NA,NA,NA
313.848,6.1511,19.4509,6.5665,23.0897,50948.6640,68.1119,NA,NA,NA,NA,NA,NA,NA,NA,NA,NA
313.944,6.1421,19.2760,6.5642,23.0457,55261.5720,82.3429,NA,NA,NA,NA,NA,NA,NA,NA,NA,NA
314.045,6.1410,19.2559,6.5613,22.9920,55261.5720,82.3429,NA,NA,NA,NA,NA,NA,NA,NA,NA,NA
314.139,6.1409,19.2527,6.5550,22.8725,25320.6380,-16.4512,186078.1600,0.0000,NA,NA,NA,NA,NA,NA,NA,NA
314.241,6.1388,19.2128,6.5320,22.4422,50893.6720,67.9304,NA,NA,NA,NA,NA,NA,NA,NA,NA,NA
314.348,6.1314,19.0687,6.5085,22.0025,50893.6720,67.9304,NA,NA,NA,NA,NA,NA,NA,NA,NA,NA
314.438,6.1269,18.9808,6.4878,21.6142,25996.2960,-14.2218,NA,NA,NA,NA,NA,NA,NA,NA,NA,NA
314.541,6.1173,18.7949,6.4714,21.3071,29184.5420,-3.7017,190975.5360,0.0000,NA,NA,NA,NA,NA,NA,NA,NA
314.634,6.1120,18.6913,6.4588,21.0700,59264.3200,95.5505,NA,NA,NA,NA,NA,NA,NA,NA,NA,NA
314.749,6.1088,18.6298,6.4418,20.7512,59264.3200,95.5505,NA,NA,NA,NA,NA,NA,NA,NA,NA,NA
314.835,6.1088,18.6298,6.4245,20.4274,27520.6920,-9.1918,NA,NA,NA,NA,NA,NA,NA,NA,NA,NA
314.933,6.1060,18.5750,6.4113,20.1796,25586.9780,-15.5724,NA,NA,NA,NA,NA,NA,NA,NA,NA,NA
315.043,6.0976,18.4133,6.3943,19.8619,47460.7440,56.6030,NA,NA,NA,NA,NA,NA,NA,NA,NA,NA
315.130,6.0919,18.3024,6.3810,19.6110,52480.9280,73.1678,NA,NA,NA,NA,NA,NA,NA,NA,NA,NA
315.286,6.0878,18.2212,6.3670,19.3487,55900.1720,84.4500,NA,NA,NA,NA,NA,NA,NA,NA,NA,NA
315.327,6.0829,18.1276,6.3560,19.1440,55900.1720,84.4500,NA,NA,NA,NA,NA,NA,NA,NA,NA,NA
315.432,6.0773,18.0183,6.3475,18.9843,25746.8980,-15.0447,NA,NA,NA,NA,NA,NA,NA,NA,NA,NA
315.524,6.0689,17.8558,6.3291,18.6383,27179.1720,-10.3187,NA,NA,NA,NA,NA,NA,NA,NA,NA,NA
315.620,6.0516,17.5191,6.3183,18.4367,29327.0180,-3.2316,NA,NA,NA,NA,NA,NA,NA,NA,NA,NA
315.721,6.0425,17.3415,6.3052,18.1910,29327.0180,-3.2316,NA,NA,NA,NA,NA,NA,NA,NA,NA,NA
315.863,6.0335,17.1684,6.2975,18.0466,23670.4340,-21.8963,NA,NA,NA,NA,NA,NA,NA,NA,NA,NA
315.916,6.0155,16.8180,6.2892,17.8907,25799.4480,-14.8713,NA,NA,NA,NA,NA,NA,NA,NA,NA,NA
316.015,6.0051,16.6168,6.2811,17.7388,48496.4240,60.0204,NA,NA,NA,NA,NA,NA,NA,NA,NA,NA
316.112,5.9971,16.4605,6.2778,17.6765,53417.5760,76.2584,NA,NA,NA,NA,NA,NA,NA,NA,NA,NA
316.210,5.9878,16.2809,6.2700,17.5313,57062.4040,88.2850,NA,NA,NA,NA,NA,NA,NA,NA,NA,NA
316.307,5.9805,16.1389,6.2684,17.5017,57062.4040,88.2850,NA,NA,NA,NA,NA,NA,NA,NA,NA,NA
316.433,5.9782,16.0942,6.2574,17.2942,26540.1680,-12.4272,NA,NA,NA,NA,NA,NA,NA,NA,NA,NA
316.500,5.9734,16.0008,6.2444,17.0507,28102.2240,-7.2730,NA,NA,NA,NA,NA,NA,NA,NA,NA,NA
316.602,5.9594,15.7283,6.2384,16.9385,28102.2240,-7.2730,NA,NA,NA,NA,NA,NA,NA,NA,NA,NA
316.700,5.9574,15.6893,6.2336,16.8486,21654.3380,-28.5486,NA,NA,NA,NA,NA,NA,NA,NA,NA,NA
316.795,5.9556,15.6542,6.2315,16.8096,23804.2580,-21.4547,NA,NA,NA,NA,NA,NA,NA,NA,NA,NA
316.898,5.9538,15.6195,6.2258,16.7019,26272.3700,-13.3108,NA,NA,NA,NA,NA,NA,NA,NA,NA,NA
317.046,5.9429,15.4077,6.2244,16.6757,50471.8160,66.5385,NA,NA,NA,NA,NA,NA,NA,NA,NA,NA
317.092,5.9378,15.3088,6.2244,16.6757,55392.9760,82.7765,NA,NA,NA,NA,NA,NA,NA,NA,NA,NA
317.189,5.9322,15.2010,6.2186,16.5669,58413.9120,92.7445,NA,NA,NA,NA,NA,NA,NA,NA,NA,NA
317.291,5.9283,15.1255,6.2186,16.5669,58413.9120,92.7445,NA,NA,NA,NA,NA,NA,NA,NA,NA,NA
317.389,5.9266,15.0921,6.2169,16.5356,27170.7940,-10.3464,NA,NA,NA,NA,NA,NA,NA,NA,NA,NA
317.480,5.9240,15.0403,6.2166,16.5293,28790.1800,-5.0030,NA,NA,NA,NA,NA,NA,NA,NA,NA,NA
317.579,5.9225,15.0129,6.2108,16.4205,28790.1800,-5.0030,NA,NA,NA,NA,NA,NA,NA,NA,NA,NA
317.684,5.9216,14.9953,6.2077,16.3634,22065.2480,-27.1928,NA,NA,NA,NA,NA,NA,NA,NA,NA,NA
317.782,5.9173,14.9117,6.2066,16.3425,53845.3120,77.6697,NA,NA,NA,NA,NA,NA,NA,NA,NA,NA
317.883,5.9127,14.8208,6.2030,16.2749,57054.0520,88.2574,NA,NA,NA,NA,NA,NA,NA,NA,NA,NA
317.986,5.9105,14.7792,6.1989,16.1986,57054.0520,88.2574,NA,NA,NA,NA,NA,NA,NA,NA,NA,NA
318.075,5.9082,14.7337,6.1942,16.1104,26649.4360,-12.0667,192769.4560,0.0000,NA,NA,NA,NA,NA,NA,NA,NA
318.181,5.9063,14.6971,6.1942,16.1104,51735.2720,70.7074,NA,NA,NA,NA,NA,NA,NA,NA,NA,NA
318.280,5.9025,14.6241,6.1933,16.0931,51735.2720,70.7074,NA,NA,NA,NA,NA,NA,NA,NA,NA,NA
318.375,5.9025,14.6241,6.1896,16.0240,28348.0960,-6.4617,186746.5600,0.0000,NA,NA,NA,NA,NA,NA,NA,NA
318.471,5.9015,14.6038,6.1886,16.0058,58284.6320,92.3179,NA,NA,NA,NA,NA,NA,NA,NA,NA,NA
318.576,5.8957,14.4917,6.1870,15.9757,58284.6320,92.3179,NA,NA,NA,NA,NA,NA,NA,NA,NA,NA
318.683,5.8907,14.3955,6.1882,15.9972,26611.9960,-12.1902,NA,NA,NA,NA,NA,NA,NA,NA,NA,NA
318.776,5.8847,14.2789,6.1882,15.9972,26611.9960,-12.1902,NA,NA,NA,NA,NA,NA,NA,NA,NA,NA
318.882,5.8821,14.2280,6.1871,15.9762,26566.7980,-12.3393,NA,NA,NA,NA,NA,NA,NA,NA,NA,NA
318.969,5.8743,14.0757,6.1827,15.8950,49857.8960,64.5127,NA,NA,NA,NA,NA,NA,NA,NA,NA,NA
319.074,5.8721,14.0329,6.1817,15.8752,52694.2840,73.8718,NA,NA,NA,NA,NA,NA,NA,NA,NA,NA
319.165,5.8662,13.9181,6.1768,15.7836,56920.2000,87.8158,NA,NA,NA,NA,NA,NA,NA,NA,NA,NA
319.271,5.8631,13.8587,6.1710,15.6760,56920.2000,87.8158,NA,NA,NA,NA,NA,NA,NA,NA,NA,NA
319.424,5.8587,13.7740,6.1695,15.6475,26373.0560,-12.9786,NA,NA,NA,NA,NA,NA,NA,NA,NA,NA
319.456,5.8573,13.7452,6.1664,15.5896,28052.3780,-7.4375,NA,NA,NA,NA,NA,NA,NA,NA,NA,NA
319.559,5.8561,13.7235,6.1664,15.5896,28052.3780,-7.4375,NA,NA,NA,NA,NA,NA,NA,NA,NA,NA
319.663,5.8538,13.6777,6.1625,15.5169,22789.7620,-24.8022,NA,NA,NA,NA,NA,NA,NA,NA,NA,NA
319.753,5.8525,13.6525,6.1625,15.5169,24912.9640,-17.7964,NA,NA,NA,NA,NA,NA,NA,NA,NA,NA
319.858,5.8491,13.5871,6.1596,15.4615,46829.0480,54.5187,NA,NA,NA,NA,NA,NA,NA,NA,NA,NA
319.958,5.8378,13.3677,6.1586,15.4432,50956.8160,68.1388,NA,NA,NA,NA,NA,NA,NA,NA,NA,NA
320.043,5.8330,13.2734,6.1573,15.4186,53735.1560,77.3063,NA,NA,NA,NA,NA,NA,NA,NA,NA,NA
320.145,5.8302,13.2192,6.1560,15.3941,57997.3120,91.3698,NA,NA,NA,NA,NA,NA,NA,NA,NA,NA
320.244,5.8281,13.1789,6.1547,15.3695,57997.3120,91.3698,NA,NA,NA,NA,NA,NA,NA,NA,NA,NA
320.343,5.8243,13.1043,6.1524,15.3267,27064.1420,-10.6983,NA,NA,NA,NA,NA,NA,NA,NA,NA,NA
320.454,5.8281,13.1783,6.1506,15.2924,28665.1800,-5.4154,NA,NA,NA,NA,NA,NA,NA,NA,NA,NA
320.540,5.8281,13.1783,6.1487,15.2574,28665.1800,-5.4154,NA,NA,NA,NA,NA,NA,NA,NA,NA,NA
320.650,5.8232,13.0830,6.1466,15.2188,23242.1200,-23.3095,NA,NA,NA,NA,NA,NA,NA,NA,NA,NA
320.746,5.8171,12.9654,6.1435,15.1603,25359.2600,-16.3238,NA,NA,NA,NA,NA,NA,NA,NA,NA,NA
320.830,5.8144,12.9134,6.1402,15.0978,47787.7520,57.6820,NA,NA,NA,NA,NA,NA,NA,NA,NA,NA
320.929,5.8083,12.7951,6.1365,15.0290,52048.7760,71.7418,NA,NA,NA,NA,NA,NA,NA,NA,NA,NA
321.027,5.7949,12.5338,6.1359,15.0167,54956.4840,81.3362,NA,NA,NA,NA,NA,NA,NA,NA,NA,NA
321.135,5.7892,12.4242,6.1322,14.9474,54956.4840,81.3362,NA,NA,NA,NA,NA,NA,NA,NA,NA,NA
321.235,5.7866,12.3739,6.1309,14.9228,25569.6140,-15.6297,NA,NA,NA,NA,NA,NA,NA,NA,NA,NA
321.325,5.7821,12.2855,6.1292,14.8921,27104.4540,-10.5653,NA,NA,NA,NA,NA,NA,NA,NA,NA,NA
321.417,5.7787,12.2203,6.1273,14.8553,29176.9600,-3.7268,NA,NA,NA,NA,NA,NA,NA,NA,NA,NA
321.521,5.7771,12.1887,6.1273,14.8553,29176.9600,-3.7268,NA,NA,NA,NA,NA,NA,NA,NA,NA,NA
321.614,5.7764,12.1744,6.1237,14.7878,23674.4080,-21.8832,NA,NA,NA,NA,NA,NA,NA,NA,NA,NA
321.715,5.7742,12.1328,6.1224,14.7637,25861.3120,-14.6672,NA,NA,NA,NA,NA,NA,NA,NA,NA,NA
321.820,5.7663,11.9781,6.1220,14.7576,48817.8320,61.0809,NA,NA,NA,NA,NA,NA,NA,NA,NA,NA
321.920,5.7641,11.9360,6.1193,14.7066,48817.8320,61.0809,NA,NA,NA,NA,NA,NA,NA,NA,NA,NA
322.014,5.7624,11.9034,6.1172,14.6664,29652.6100,-2.1573,NA,NA,NA,NA,NA,NA,NA,NA,NA,NA
322.116,5.7561,11.7798,6.1132,14.5921,29652.6100,-2.1573,NA,NA,NA,NA,NA,NA,NA,NA,NA,NA
322.219,5.7552,11.7629,6.1105,14.5417,22565.3160,-25.5427,NA,NA,NA,NA,NA,NA,NA,NA,NA,NA
322.316,5.7507,11.6755,6.1093,14.5195,24122.0240,-20.4062,NA,NA,NA,NA,NA,NA,NA,NA,NA,NA
322.436,5.7413,11.4932,6.1088,14.5096,26031.9360,-14.1042,NA,NA,NA,NA,NA,NA,NA,NA,NA,NA
322.511,5.7368,11.4059,6.1084,14.5028,47858.9120,57.9168,NA,NA,NA,NA,NA,NA,NA,NA,NA,NA
322.606,5.7311,11.2959,6.1084,14.5028,51776.5080,70.8435,NA,NA,NA,NA,NA,NA,NA,NA,NA,NA
322.704,5.7260,11.1960,6.1027,14.3954,55031.9080,81.5851,NA,NA,NA,NA,NA,NA,NA,NA,NA,NA
322.805,5.7232,11.1417,6.1013,14.3690,55031.9080,81.5851,NA,NA,NA,NA,NA,NA,NA,NA,NA,NA
322.910,5.7215,11.1091,6.0987,14.3197,26113.1860,-13.8361,188749.4240,0.0000,NA,NA,NA,NA,NA,NA,NA,NA
323.024,5.7209,11.0966,6.0971,14.2903,50816.1480,67.6746,NA,NA,NA,NA,NA,NA,NA,NA,NA,NA
323.102,5.7100,10.8862,6.0954,14.2582,50816.1480,67.6746,NA,NA,NA,NA,NA,NA,NA,NA,NA,NA
323.193,5.7066,10.8188,6.0910,14.1764,27562.3220,-9.0545,182536.4480,0.0000,NA,NA,NA,NA,NA,NA,NA,NA
323.292,5.7036,10.7608,6.0898,14.1540,57129.8320,88.5075,NA,NA,NA,NA,NA,NA,NA,NA,NA,NA
323.397,5.6970,10.6333,6.0829,14.0236,NA,NA,NA,NA,NA,NA,NA,NA,NA,NA,NA,NA
323.495,5.6937,10.5688,6.0783,13.9382,NA,NA,NA,NA,NA,NA,NA,NA,NA,NA,NA,NA
323.600,5.6865,10.4293,6.0757,13.8897,31514.3400,3.9857,NA,NA,NA,NA,NA,NA,NA,NA,NA,NA
323.691,5.6849,10.3974,6.0757,13.8897,32524.0020,7.3173,NA,NA,NA,NA,NA,NA,NA,NA,NA,NA
323.791,5.6834,10.3696,6.0724,13.8274,32524.0020,7.3173,NA,NA,NA,NA,NA,NA,NA,NA,NA,NA
323.887,5.6805,10.3122,6.0703,13.7883,23353.0820,-22.9434,NA,NA,NA,NA,NA,NA,NA,NA,NA,NA
323.988,5.6805,10.3122,6.0637,13.6648,24965.4580,-17.6232,NA,NA,NA,NA,NA,NA,NA,NA,NA,NA
324.088,5.6797,10.2970,6.0598,13.5909,45461.4640,50.0061,NA,NA,NA,NA,NA,NA,NA,NA,NA,NA
324.186,5.6684,10.0772,6.0561,13.5224,48703.5280,60.7038,NA,NA,NA,NA,NA,NA,NA,NA,NA,NA
324.286,5.6617,9.9470,6.0539,13.4794,51495.5680,69.9165,NA,NA,NA,NA,NA,NA,NA,NA,NA,NA
324.380,5.6595,9.9049,6.0539,13.4794,51495.5680,69.9165,NA,NA,NA,NA,NA,NA,NA,NA,NA,NA
324.492,5.6597,9.9086,6.0452,13.3171,25255.6740,-16.6656,NA,NA,NA,NA,NA,NA,NA,NA,NA,NA
324.583,5.6598,9.9098,6.0434,13.2830,25255.6740,-16.6656,NA,NA,NA,NA,NA,NA,NA,NA,NA,NA
324.687,5.6598,9.9098,6.0393,13.2062,24659.8680,-18.6315,NA,NA,NA,NA,NA,NA,NA,NA,NA,NA
324.778,5.6576,9.8682,6.0385,13.1909,42737.7680,41.0189,NA,NA,NA,NA,NA,NA,NA,NA,NA,NA
324.916,5.6533,9.7849,6.0385,13.1909,46841.7080,54.5604,NA,NA,NA,NA,NA,NA,NA,NA,NA,NA
324.974,5.6504,9.7278,6.0329,13.0859,53469.1520,76.4286,NA,NA,NA,NA,NA,NA,NA,NA,NA,NA
325.076,5.6473,9.6672,6.0287,13.0072,53469.1520,76.4286,NA,NA,NA,NA,NA,NA,NA,NA,NA,NA
325.175,5.6467,9.6552,6.0279,12.9927,27253.3700,-10.0739,177574.8480,0.0000,NA,NA,NA,NA,NA,NA,NA,NA
325.274,5.6466,9.6542,6.0236,12.9128,57784.7000,90.6683,NA,NA,NA,NA,NA,NA,NA,NA,NA,NA
325.366,5.6409,9.5442,6.0191,12.8283,57784.7000,90.6683,NA,NA,NA,NA,NA,NA,NA,NA,NA,NA
325.474,5.6380,9.4865,6.0176,12.8004,25971.2980,-14.3043,NA,NA,NA,NA,NA,NA,NA,NA,NA,NA
325.567,5.6374,9.4764,6.0176,12.7999,28015.3160,-7.5597,NA,NA,NA,NA,NA,NA,NA,NA,NA,NA
325.660,5.6386,9.4992,6.0173,12.7933,29998.3920,-1.0163,NA,NA,NA,NA,NA,NA,NA,NA,NA,NA
325.775,5.6386,9.4992,6.0156,12.7630,29998.3920,-1.0163,NA,NA,NA,NA,NA,NA,NA,NA,NA,NA
325.865,5.6335,9.3993,6.0138,12.7293,23174.1520,-23.5338,NA,NA,NA,NA,NA,NA,NA,NA,NA,NA
325.954,5.6327,9.3836,6.0125,12.7039,25439.7940,-16.0580,NA,NA,NA,NA,NA,NA,NA,NA,NA,NA
326.060,5.6223,9.1816,6.0117,12.6892,47545.7200,56.8834,NA,NA,NA,NA,NA,NA,NA,NA,NA,NA
326.155,5.6171,9.0812,6.0092,12.6418,53374.9440,76.1177,NA,NA,NA,NA,NA,NA,NA,NA,NA,NA
326.251,5.6078,8.9017,6.0079,12.6185,58503.8720,93.0413,NA,NA,NA,NA,NA,NA,NA,NA,NA,NA
326.354,5.6071,8.8862,6.0032,12.5291,58503.8720,93.0413,NA,NA,NA,NA,NA,NA,NA,NA,NA,NA
326.452,5.6007,8.7636,6.0010,12.4877,26634.6480,-12.1154,NA,NA,NA,NA,NA,NA,NA,NA,NA,NA
326.560,5.6007,8.7626,5.9983,12.4379,26634.6480,-12.1154,NA,NA,NA,NA,NA,NA,NA,NA,NA,NA
326.691,5.6004,8.7572,5.9963,12.4003,26385.6180,-12.9372,NA,NA,NA,NA,NA,NA,NA,NA,NA,NA
326.751,5.5956,8.6638,5.9949,12.3741,47884.4880,58.0012,NA,NA,NA,NA,NA,NA,NA,NA,NA,NA
326.855,5.5927,8.6084,5.9932,12.3434,52290.4880,72.5394,NA,NA,NA,NA,NA,NA,NA,NA,NA,NA
326.945,5.5905,8.5646,5.9932,12.3434,56427.5240,86.1901,NA,NA,NA,NA,NA,NA,NA,NA,NA,NA
327.050,5.5846,8.4507,5.9860,12.2077,56427.5240,86.1901,NA,NA,NA,NA,NA,NA,NA,NA,NA,NA
327.142,5.5840,8.4389,5.9820,12.1327,25691.0220,-15.2291,184544.1920,0.0000,NA,NA,NA,NA,NA,NA,NA,NA
327.263,5.5840,8.4389,5.9810,12.1133,50754.3200,67.4706,NA,NA,NA,NA,NA,NA,NA,NA,NA,NA
327.339,5.5768,8.2990,5.9810,12.1133,50754.3200,67.4706,NA,NA,NA,NA,NA,NA,NA,NA,NA,NA
327.434,5.5772,8.3062,5.9804,12.1023,27306.2440,-9.8994,184258.2560,0.0000,NA,NA,NA,NA,NA,NA,NA,NA
327.540,5.5772,8.3062,5.9766,12.0315,55151.9360,81.9811,NA,NA,NA,NA,NA,NA,NA,NA,NA,NA
327.633,5.5697,8.1605,5.9714,11.9338,55151.9360,81.9811,NA,NA,NA,NA,NA,NA,NA,NA,NA,NA
327.743,5.5715,8.1965,5.9719,11.9431,25910.7120,-14.5042,NA,NA,NA,NA,NA,NA,NA,NA,NA,NA
327.892,5.5715,8.1965,5.9719,11.9431,25910.7120,-14.5042,NA,NA,NA,NA,NA,NA,NA,NA,NA,NA
327.930,5.5715,8.1956,5.9679,11.8682,26159.2960,-13.6839,NA,NA,NA,NA,NA,NA,NA,NA,NA,NA
328.030,5.5732,8.2284,5.9659,11.8309,49197.6120,62.3340,NA,NA,NA,NA,NA,NA,NA,NA,NA,NA
328.127,5.5732,8.2284,5.9639,11.7927,53213.8760,75.5862,NA,NA,NA,NA,NA,NA,NA,NA,NA,NA
328.227,5.5708,8.1813,5.9618,11.7535,56088.3160,85.0708,NA,NA,NA,NA,NA,NA,NA,NA,NA,NA
328.329,5.5708,8.1829,5.9609,11.7372,56088.3160,85.0708,NA,NA,NA,NA,NA,NA,NA,NA,NA,NA
328.475,5.5708,8.1829,5.9609,11.7372,26290.0720,-13.2524,NA,NA,NA,NA,NA,NA,NA,NA,NA,NA
328.523,5.5697,8.1611,5.9560,11.6447,27779.5760,-8.3376,NA,NA,NA,NA,NA,NA,NA,NA,NA,NA
328.624,5.5716,8.1985,5.9531,11.5904,27779.5760,-8.3376,NA,NA,NA,NA,NA,NA,NA,NA,NA,NA
328.717,5.5724,8.2128,5.9488,11.5103,21886.5480,-27.7824,NA,NA,NA,NA,NA,NA,NA,NA,NA,NA
328.815,5.5724,8.2128,5.9441,11.4224,24082.0900,-20.5379,NA,NA,NA,NA,NA,NA,NA,NA,NA,NA
328.919,5.5715,8.1958,5.9433,11.4072,26442.4380,-12.7497,NA,NA,NA,NA,NA,NA,NA,NA,NA,NA
329.063,5.5690,8.1482,5.9414,11.3716,50382.8000,66.2447,NA,NA,NA,NA,NA,NA,NA,NA,NA,NA
329.108,5.5615,8.0009,5.9384,11.3158,54374.4240,79.4156,NA,NA,NA,NA,NA,NA,NA,NA,NA,NA
329.214,5.5586,7.9448,5.9384,11.3158,57177.3920,88.6644,NA,NA,NA,NA,NA,NA,NA,NA,NA,NA
329.310,5.5558,7.8907,5.9373,11.2939,57177.3920,88.6644,NA,NA,NA,NA,NA,NA,NA,NA,NA,NA
329.405,5.5545,7.8654,5.9347,11.2450,26899.4500,-11.2417,NA,NA,NA,NA,NA,NA,NA,NA,NA,NA
329.503,5.5522,7.8203,5.9316,11.1886,28430.0420,-6.1913,NA,NA,NA,NA,NA,NA,NA,NA,NA,NA
329.631,5.5522,7.8203,5.9316,11.1886,28430.0420,-6.1913,NA,NA,NA,NA,NA,NA,NA,NA,NA,NA
329.702,5.5493,7.7646,5.9292,11.1422,22344.1600,-26.2725,NA,NA,NA,NA,NA,NA,NA,NA,NA,NA
329.800,5.5493,7.7646,5.9280,11.1199,24591.5800,-18.8568,NA,NA,NA,NA,NA,NA,NA,NA,NA,NA
329.893,5.5449,7.6786,5.9273,11.1073,45905.1360,51.4701,NA,NA,NA,NA,NA,NA,NA,NA,NA,NA
329.991,5.5398,7.5797,5.9267,11.0956,51166.4840,68.8306,NA,NA,NA,NA,NA,NA,NA,NA,NA,NA
330.089,5.5280,7.3516,5.9260,11.0828,55373.4840,82.7122,NA,NA,NA,NA,NA,NA,NA,NA,NA,NA
330.185,5.5271,7.3330,5.9257,11.0779,58236.3840,92.1587,NA,NA,NA,NA,NA,NA,NA,NA,NA,NA
330.286,5.5290,7.3701,5.9257,11.0779,58236.3840,92.1587,NA,NA,NA,NA,NA,NA,NA,NA,NA,NA
330.380,5.5305,7.4002,5.9223,11.0129,27524.3880,-9.1796,NA,NA,NA,NA,NA,NA,NA,NA,NA,NA
330.487,5.5305,7.4002,5.9208,10.9846,29012.6720,-4.2688,NA,NA,NA,NA,NA,NA,NA,NA,NA,NA
330.578,5.5297,7.3846,5.9201,10.9719,29012.6720,-4.2688,NA,NA,NA,NA,NA,NA,NA,NA,NA,NA
330.680,5.5272,7.3363,5.9173,10.9188,22789.9440,-24.8016,NA,NA,NA,NA,NA,NA,NA,NA,NA,NA
330.773,5.5272,7.3363,5.9141,10.8589,25115.0160,-17.1297,NA,NA,NA,NA,NA,NA,NA,NA,NA,NA
330.881,5.5253,7.2984,5.9141,10.8589,46898.5360,54.7479,NA,NA,NA,NA,NA,NA,NA,NA,NA,NA
330.983,5.5205,7.2047,5.9131,10.8415,46898.5360,54.7479,NA,NA,NA,NA,NA,NA,NA,NA,NA,NA
331.076,5.5177,7.1519,5.9144,10.8657,27927.1920,-7.8505,193991.2800,0.0000,NA,NA,NA,NA,NA,NA,NA,NA
331.175,5.5149,7.0975,5.9144,10.8657,54084.5760,78.4592,NA,NA,NA,NA,NA,NA,NA,NA,NA,NA
331.308,5.5100,7.0024,5.9130,10.8382,54084.5760,78.4592,NA,NA,NA,NA,NA,NA,NA,NA,NA,NA
331.373,5.5099,7.0002,5.9122,10.8246,29082.2020,-4.0394,183328.1440,0.0000,NA,NA,NA,NA,NA,NA,NA,NA
331.484,5.5099,7.0002,5.9109,10.8005,60429.2800,99.3944,NA,NA,NA,NA,NA,NA,NA,NA,NA,NA
331.580,5.5067,6.9367,5.9062,10.7111,60429.2800,99.3944,NA,NA,NA,NA,NA,NA,NA,NA,NA,NA
331.681,5.5070,6.9430,5.9054,10.6970,26636.7040,-12.1087,NA,NA,NA,NA,NA,NA,NA,NA,NA,NA
331.779,5.5078,6.9578,5.9034,10.6587,25251.9080,-16.6780,NA,NA,NA,NA,NA,NA,NA,NA,NA,NA
331.875,5.5078,6.9578,5.9026,10.6436,46995.7040,55.0686,NA,NA,NA,NA,NA,NA,NA,NA,NA,NA
331.968,5.5023,6.8521,5.9012,10.6186,50089.1720,65.2759,NA,NA,NA,NA,NA,NA,NA,NA,NA,NA
332.068,5.4992,6.7914,5.8981,10.5602,53379.2120,76.1318,NA,NA,NA,NA,NA,NA,NA,NA,NA,NA
332.181,5.4934,6.6793,5.8961,10.5225,58028.2280,91.4718,NA,NA,NA,NA,NA,NA,NA,NA,NA,NA
332.271,5.4891,6.5959,5.8939,10.4802,58028.2280,91.4718,NA,NA,NA,NA,NA,NA,NA,NA,NA,NA
332.364,5.4873,6.5597,5.8898,10.4044,26583.4380,-12.2844,NA,NA,NA,NA,NA,NA,NA,NA,NA,NA
332.466,5.4884,6.5815,5.8878,10.3671,28876.8740,-4.7169,NA,NA,NA,NA,NA,NA,NA,NA,NA,NA
332.559,5.4927,6.6655,5.8878,10.3671,28876.8740,-4.7169,NA,NA,NA,NA,NA,NA,NA,NA,NA,NA
332.659,5.4927,6.6655,5.8855,10.3239,23548.7340,-22.2978,NA,NA,NA,NA,NA,NA,NA,NA,NA,NA
332.752,5.4935,6.6816,5.8774,10.1711,25349.4420,-16.3562,NA,NA,NA,NA,NA,NA,NA,NA,NA,NA
332.854,5.4935,6.6816,5.8774,10.1711,47694.4000,57.3740,NA,NA,NA,NA,NA,NA,NA,NA,NA,NA
332.946,5.4914,6.6395,5.8746,10.1191,50751.5840,67.4616,NA,NA,NA,NA,NA,NA,NA,NA,NA,NA
333.055,5.4879,6.5730,5.8707,10.0459,54418.4680,79.5610,NA,NA,NA,NA,NA,NA,NA,NA,NA,NA
333.199,5.4873,6.5601,5.8696,10.0247,54418.4680,79.5610,NA,NA,NA,NA,NA,NA,NA,NA,NA,NA
333.241,5.4857,6.5303,5.8680,9.9956,25132.4840,-17.0720,NA,NA,NA,NA,NA,NA,NA,NA,NA,NA
333.345,5.4833,6.4831,5.8631,9.9036,26754.7700,-11.7191,NA,NA,NA,NA,NA,NA,NA,NA,NA,NA
333.440,5.4845,6.5054,5.8609,9.8626,29639.1640,-2.2016,NA,NA,NA,NA,NA,NA,NA,NA,NA,NA
333.544,5.4851,6.5185,5.8603,9.8512,29639.1640,-2.2016,NA,NA,NA,NA,NA,NA,NA,NA,NA,NA
333.635,5.4851,6.5185,5.8570,9.7892,24052.3240,-20.6362,NA,NA,NA,NA,NA,NA,NA,NA,NA,NA
333.742,5.4810,6.4392,5.8518,9.6910,25726.6480,-15.1115,NA,NA,NA,NA,NA,NA,NA,NA,NA,NA
333.845,5.4723,6.2693,5.8475,9.6108,48283.1760,59.3167,NA,NA,NA,NA,NA,NA,NA,NA,NA,NA
333.936,5.4595,6.0207,5.8429,9.5259,51146.6680,68.7652,NA,NA,NA,NA,NA,NA,NA,NA,NA,NA
334.025,5.4579,5.9900,5.8417,9.5034,55102.0720,81.8166,NA,NA,NA,NA,NA,NA,NA,NA,NA,NA
334.125,5.4531,5.8974,5.8359,9.3934,55102.0720,81.8166,NA,NA,NA,NA,NA,NA,NA,NA,NA,NA
334.223,5.4514,5.8632,5.8329,9.3371,25666.8100,-15.3090,NA,NA,NA,NA,NA,NA,NA,NA,NA,NA
334.330,5.4508,5.8517,5.8321,9.3228,27523.6820,-9.1820,NA,NA,NA,NA,NA,NA,NA,NA,NA,NA
334.447,5.4497,5.8309,5.8302,9.2872,27523.6820,-9.1820,NA,NA,NA,NA,NA,NA,NA,NA,NA,NA
334.524,5.4497,5.8309,5.8288,9.2605,22243.4740,-26.6047,NA,NA,NA,NA,NA,NA,NA,NA,NA,NA
334.626,5.4497,5.8308,5.8245,9.1807,50829.7480,67.7195,NA,NA,NA,NA,NA,NA,NA,NA,NA,NA
334.724,5.4436,5.7111,5.8207,9.1091,53896.3040,77.8380,NA,NA,NA,NA,NA,NA,NA,NA,NA,NA
334.819,5.4356,5.5576,5.8187,9.0720,53896.3040,77.8380,NA,NA,NA,NA,NA,NA,NA,NA,NA,NA
334.920,5.4329,5.5052,5.8243,9.1767,27663.8580,-8.7194,187631.0080,0.0000,NA,NA,NA,NA,NA,NA,NA,NA
335.031,5.4360,5.5643,5.8419,9.5055,54382.7600,79.4431,NA,NA,NA,NA,NA,NA,NA,NA,NA,NA
335.144,5.4664,6.1542,5.8794,10.2090,54382.7600,79.4431,NA,NA,NA,NA,NA,NA,NA,NA,NA,NA
335.219,5.4884,6.5823,5.9042,10.6743,27004.2240,-10.8960,180013.2160,0.0000,NA,NA,NA,NA,NA,NA,NA,NA
335.310,5.5150,7.0990,5.9540,11.6081,57087.4960,88.3678,NA,NA,NA,NA,NA,NA,NA,NA,NA,NA
335.409,5.5437,7.6566,5.9855,12.1985,57087.4960,88.3678,NA,NA,NA,NA,NA,NA,NA,NA,NA,NA
335.516,5.5801,8.3622,6.0262,12.9612,25774.6400,-14.9532,NA,NA,NA,NA,NA,NA,NA,NA,NA,NA
335.665,5.6217,9.1716,6.0497,13.4016,25774.6400,-14.9532,NA,NA,NA,NA,NA,NA,NA,NA,NA,NA
335.714,5.6405,9.5355,6.0631,13.6530,25850.9480,-14.7014,NA,NA,NA,NA,NA,NA,NA,NA,NA,NA
335.809,5.6508,9.7363,6.0757,13.8889,46550.0520,53.5981,NA,NA,NA,NA,NA,NA,NA,NA,NA,NA
335.907,5.6730,10.1664,6.1064,14.4638,50747.8440,67.4492,NA,NA,NA,NA,NA,NA,NA,NA,NA,NA
336.003,5.6919,10.5333,6.1327,14.9568,54728.2600,80.5832,NA,NA,NA,NA,NA,NA,NA,NA,NA,NA
336.111,5.7141,10.9653,6.1575,15.4226,54728.2600,80.5832,NA,NA,NA,NA,NA,NA,NA,NA,NA,NA
336.200,5.7470,11.6040,6.2002,16.2218,25220.1860,-16.7827,183407.1040,0.0000,NA,NA,NA,NA,NA,NA,NA,NA
336.301,5.7748,12.1433,6.2316,16.8109,50109.4320,65.3427,NA,NA,NA,NA,NA,NA,NA,NA,NA,NA
336.424,5.7958,12.5514,6.2485,17.1286,50109.4320,65.3427,NA,NA,NA,NA,NA,NA,NA,NA,NA,NA
336.498,5.8180,12.9826,6.2859,17.8289,26563.8500,-12.3491,NA,NA,NA,NA,NA,NA,NA,NA,NA,NA
336.593,5.8389,13.3894,6.3258,18.5762,29318.5120,-3.2597,187208.2880,0.0000,NA,NA,NA,NA,NA,NA,NA,NA
336.696,5.8626,13.8495,6.3557,19.1369,61023.7680,101.3560,NA,NA,NA,NA,NA,NA,NA,NA,NA,NA
336.812,5.8920,14.4200,6.3917,19.8129,61023.7680,101.3560,NA,NA,NA,NA,NA,NA,NA,NA,NA,NA
336.895,5.9077,14.7255,6.4177,20.3004,27319.5560,-9.8555,NA,NA,NA,NA,NA,NA,NA,NA,NA,NA
337.000,5.9166,14.8979,6.4257,20.4493,25695.1560,-15.2154,NA,NA,NA,NA,NA,NA,NA,NA,NA,NA
337.094,5.9166,14.8979,6.4257,20.4493,47659.3200,57.2582,NA,NA,NA,NA,NA,NA,NA,NA,NA,NA
337.206,5.9161,14.8880,6.4207,20.3553,51179.4520,68.8734,NA,NA,NA,NA,NA,NA,NA,NA,NA,NA
337.294,5.9098,14.7659,6.4163,20.2738,54459.6880,79.6970,NA,NA,NA,NA,NA,NA,NA,NA,NA,NA
337.388,5.8978,14.5323,6.3938,19.8523,54459.6880,79.6970,NA,NA,NA,NA,NA,NA,NA,NA,NA,NA
337.493,5.8888,14.3574,6.3569,19.1609,25323.7400,-16.4410,NA,NA,NA,NA,NA,NA,NA,NA,NA,NA
337.586,5.8810,14.2052,6.3372,18.7901,26944.7940,-11.0921,NA,NA,NA,NA,NA,NA,NA,NA,NA,NA
337.705,5.8699,13.9915,6.3184,18.4389,29629.1160,-2.2348,NA,NA,NA,NA,NA,NA,NA,NA,NA,NA
337.780,5.8624,13.8451,6.3079,18.2406,29629.1160,-2.2348,NA,NA,NA,NA,NA,NA,NA,NA,NA,NA
337.883,5.8554,13.7084,6.2988,18.0708,23994.6440,-20.8265,NA,NA,NA,NA,NA,NA,NA,NA,NA,NA
337.973,5.8510,13.6229,6.2839,17.7907,25818.8320,-14.8073,NA,NA,NA,NA,NA,NA,NA,NA,NA,NA
338.077,5.8392,13.3935,6.2731,17.5883,48515.9880,60.0849,NA,NA,NA,NA,NA,NA,NA,NA,NA,NA
338.180,5.8281,13.1782,6.2646,17.4289,51677.9440,70.5182,NA,NA,NA,NA,NA,NA,NA,NA,NA,NA
338.266,5.8241,13.1010,6.2518,17.1898,55329.9480,82.5685,NA,NA,NA,NA,NA,NA,NA,NA,NA,NA
338.367,5.8115,12.8563,6.2446,17.0541,55329.9480,82.5685,NA,NA,NA,NA,NA,NA,NA,NA,NA,NA
338.464,5.8115,12.8563,6.2349,16.8723,25822.5660,-14.7950,NA,NA,NA,NA,NA,NA,NA,NA,NA,NA
338.563,5.8097,12.8213,6.2247,16.6817,27535.0460,-9.1445,NA,NA,NA,NA,NA,NA,NA,NA,NA,NA
338.666,5.8039,12.7097,6.2177,16.5507,27535.0460,-9.1445,NA,NA,NA,NA,NA,NA,NA,NA,NA,NA
338.756,5.8017,12.6665,6.2080,16.3679,22195.1020,-26.7643,NA,NA,NA,NA,NA,NA,NA,NA,NA,NA
338.858,5.8034,12.6998,6.2014,16.2461,24253.3460,-19.9729,NA,NA,NA,NA,NA,NA,NA,NA,NA,NA
338.988,5.8034,12.6998,6.1929,16.0864,26133.7320,-13.7683,NA,NA,NA,NA,NA,NA,NA,NA,NA,NA
339.059,5.7921,12.4791,6.1892,16.0160,49339.5520,62.8024,NA,NA,NA,NA,NA,NA,NA,NA,NA,NA
339.163,5.7853,12.3471,6.1818,15.8770,52212.2440,72.2812,NA,NA,NA,NA,NA,NA,NA,NA,NA,NA
339.248,5.7823,12.2889,6.1704,15.6636,56460.1600,86.2978,NA,NA,NA,NA,NA,NA,NA,NA,NA,NA
339.345,5.7747,12.1413,6.1675,15.6095,56460.1600,86.2978,NA,NA,NA,NA,NA,NA,NA,NA,NA,NA
339.446,5.7743,12.1342,6.1650,15.5619,26272.6100,-13.3100,NA,NA,NA,NA,NA,NA,NA,NA,NA,NA
339.563,5.7689,12.0292,6.1561,15.3965,28173.2740,-7.0385,NA,NA,NA,NA,NA,NA,NA,NA,NA,NA
339.636,5.7670,11.9914,6.1496,15.2747,28173.2740,-7.0385,NA,NA,NA,NA,NA,NA,NA,NA,NA,NA
339.747,5.7647,11.9468,6.1437,15.1641,22771.9900,-24.8608,NA,NA,NA,NA,NA,NA,NA,NA,NA,NA
339.868,5.7581,11.8201,6.1385,15.0661,51646.5440,70.4146,NA,NA,NA,NA,NA,NA,NA,NA,NA,NA
339.945,5.7466,11.5965,6.1319,14.9415,54601.5520,80.1651,NA,NA,NA,NA,NA,NA,NA,NA,NA,NA
340.044,5.7419,11.5048,6.1248,14.8102,54601.5520,80.1651,NA,NA,NA,NA,NA,NA,NA,NA,NA,NA
340.141,5.7322,11.3173,6.1149,14.6246,28503.5140,-5.9489,191194.8480,0.0000,NA,NA,NA,NA,NA,NA,NA,NA
340.240,5.7210,11.0993,6.1045,14.4296,56133.0720,85.2185,NA,NA,NA,NA,NA,NA,NA,NA,NA,NA
340.335,5.7142,10.9677,6.0982,14.3107,56133.0720,85.2185,NA,NA,NA,NA,NA,NA,NA,NA,NA,NA
340.462,5.7125,10.9341,6.1002,14.3481,27545.5900,-9.1097,184694.1440,0.0000,NA,NA,NA,NA,NA,NA,NA,NA
340.534,5.7195,11.0691,6.1236,14.7865,58193.8160,92.0182,NA,NA,NA,NA,NA,NA,NA,NA,NA,NA
340.639,5.7392,11.4522,6.1620,15.5058,58193.8160,92.0182,NA,NA,NA,NA,NA,NA,NA,NA,NA,NA
340.735,5.7737,12.1226,6.1945,16.1154,25876.5300,-14.6170,NA,NA,NA,NA,NA,NA,NA,NA,NA,NA
340.836,5.8014,12.6601,6.2358,16.8895,24492.4600,-19.1839,NA,NA,NA,NA,NA,NA,NA,NA,NA,NA
340.936,5.8161,12.9463,6.2759,17.6409,26137.2880,-13.7566,NA,NA,NA,NA,NA,NA,NA,NA,NA,NA
341.071,5.8249,13.1160,6.3070,18.2241,47710.3040,57.4265,NA,NA,NA,NA,NA,NA,NA,NA,NA,NA
341.133,5.8357,13.3259,6.3246,18.5543,51752.4680,70.7641,NA,NA,NA,NA,NA,NA,NA,NA,NA,NA
341.228,5.8495,13.5941,6.3352,18.7525,55608.9960,83.4893,NA,NA,NA,NA,NA,NA,NA,NA,NA,NA
341.333,5.8510,13.6236,6.3352,18.7525,55608.9960,83.4893,NA,NA,NA,NA,NA,NA,NA,NA,NA,NA
341.430,5.8510,13.6236,6.3341,18.7320,26013.5860,-14.1647,189047.2960,0.0000,NA,NA,NA,NA,NA,NA,NA,NA
341.549,5.8461,13.5291,6.3317,18.6881,51377.9360,69.5283,NA,NA,NA,NA,NA,NA,NA,NA,NA,NA
341.619,5.8447,13.5019,6.3239,18.5413,51377.9360,69.5283,NA,NA,NA,NA,NA,NA,NA,NA,NA,NA
341.719,5.8422,13.4520,6.3144,18.3629,27432.6740,-9.4823,185332.2880,0.0000,NA,NA,NA,NA,NA,NA,NA,NA
341.814,5.8418,13.4456,6.3093,18.2681,56330.0040,85.8683,NA,NA,NA,NA,NA,NA,NA,NA,NA,NA
341.921,5.8372,13.3549,6.3007,18.1074,NA,NA,NA,NA,NA,NA,NA,NA,NA,NA,NA,NA
342.024,5.8306,13.2266,6.2913,17.9307,NA,NA,NA,NA,NA,NA,NA,NA,NA,NA,NA,NA
342.115,5.8257,13.1316,6.2804,17.7264,31310.4860,3.3131,NA,NA,NA,NA,NA,NA,NA,NA,NA,NA
342.258,5.8246,13.1106,6.2674,17.4827,32191.8000,6.2211,NA,NA,NA,NA,NA,NA,NA,NA,NA,NA
342.315,5.8217,13.0540,6.2592,17.3290,32191.8000,6.2211,NA,NA,NA,NA,NA,NA,NA,NA,NA,NA
342.412,5.8185,12.9928,6.2465,17.0897,23424.8200,-22.7067,NA,NA,NA,NA,NA,NA,NA,NA,NA,NA
342.512,5.8150,12.9249,6.2388,16.9454,25026.1740,-17.4228,NA,NA,NA,NA,NA,NA,NA,NA,NA,NA
342.610,5.8143,12.9105,6.2228,16.6462,45770.8520,51.0270,NA,NA,NA,NA,NA,NA,NA,NA,NA,NA
342.713,5.8050,12.7312,6.2098,16.4035,48853.7560,61.1994,NA,NA,NA,NA,NA,NA,NA,NA,NA,NA
342.860,5.8000,12.6339,6.1992,16.2037,51279.8000,69.2045,NA,NA,NA,NA,NA,NA,NA,NA,NA,NA
342.902,5.7968,12.5706,6.1810,15.8633,51279.8000,69.2045,NA,NA,NA,NA,NA,NA,NA,NA,NA,NA
343.001,5.7881,12.4013,6.1703,15.6616,25478.3680,-15.9307,NA,NA,NA,NA,NA,NA,NA,NA,NA,NA
343.113,5.7831,12.3047,6.1654,15.5710,29339.0540,-3.1919,191534.1440,0.0000,NA,NA,NA,NA,NA,NA,NA,NA
343.205,5.7748,12.1442,6.1498,15.2773,29584.9100,-2.3807,NA,NA,NA,NA,NA,NA,NA,NA,NA,NA
343.306,5.7677,12.0064,6.1415,15.1218,29584.9100,-2.3807,NA,NA,NA,NA,NA,NA,NA,NA,NA,NA
343.424,5.7648,11.9496,6.1298,14.9036,22780.9520,-24.8312,NA,NA,NA,NA,NA,NA,NA,NA,NA,NA
343.500,5.7573,11.8048,6.1214,14.7449,25064.5880,-17.2961,NA,NA,NA,NA,NA,NA,NA,NA,NA,NA
343.602,5.7548,11.7551,6.1164,14.6527,46837.8800,54.5478,NA,NA,NA,NA,NA,NA,NA,NA,NA,NA
343.693,5.7477,11.6181,6.1107,14.5447,52399.2160,72.8982,NA,NA,NA,NA,NA,NA,NA,NA,NA,NA
343.792,5.7397,11.4619,6.1078,14.4914,56926.6600,87.8371,NA,NA,NA,NA,NA,NA,NA,NA,NA,NA
343.891,5.7358,11.3863,6.0999,14.3425,56926.6600,87.8371,NA,NA,NA,NA,NA,NA,NA,NA,NA,NA
344.022,5.7309,11.2914,6.0946,14.2441,25952.3340,-14.3668,NA,NA,NA,NA,NA,NA,NA,NA,NA,NA
344.106,5.7284,11.2427,6.0918,14.1912,27640.3020,-8.7972,NA,NA,NA,NA,NA,NA,NA,NA,NA,NA
344.189,5.7262,11.2004,6.0865,14.0923,29528.6820,-2.5662,NA,NA,NA,NA,NA,NA,NA,NA,NA,NA
344.281,5.7243,11.1622,6.0815,13.9969,29528.6820,-2.5662,NA,NA,NA,NA,NA,NA,NA,NA,NA,NA
344.387,5.7216,11.1097,6.0771,13.9159,23401.5060,-22.7836,NA,NA,NA,NA,NA,NA,NA,NA,NA,NA
344.494,5.7134,10.9511,6.0729,13.8358,25708.8540,-15.1702,NA,NA,NA,NA,NA,NA,NA,NA,NA,NA
344.640,5.7012,10.7140,6.0694,13.7717,48357.4720,59.5619,NA,NA,NA,NA,NA,NA,NA,NA,NA,NA
344.673,5.6957,10.6074,6.0619,13.6304,53792.5560,77.4957,NA,NA,NA,NA,NA,NA,NA,NA,NA,NA
344.778,5.6910,10.5165,6.0605,13.6038,56990.8680,88.0489,NA,NA,NA,NA,NA,NA,NA,NA,NA,NA
344.869,5.6892,10.4810,6.0554,13.5090,56990.8680,88.0489,NA,NA,NA,NA,NA,NA,NA,NA,NA,NA
344.973,5.6870,10.4392,6.0519,13.4430,26441.1940,-12.7538,NA,NA,NA,NA,NA,NA,NA,NA,NA,NA
345.066,5.6810,10.3229,6.0476,13.3628,27926.0380,-7.8543,NA,NA,NA,NA,NA,NA,NA,NA,NA,NA
345.166,5.6790,10.2830,6.0446,13.3064,27926.0380,-7.8543,NA,NA,NA,NA,NA,NA,NA,NA,NA,NA
345.269,5.6754,10.2139,6.0434,13.2841,21744.0380,-28.2527,NA,NA,NA,NA,NA,NA,NA,NA,NA,NA
345.383,5.6726,10.1582,6.0396,13.2116,52250.9520,72.4089,NA,NA,NA,NA,NA,NA,NA,NA,NA,NA
345.470,5.6597,9.9089,6.0374,13.1710,55031.8960,81.5850,NA,NA,NA,NA,NA,NA,NA,NA,NA,NA
345.565,5.6545,9.8076,6.0362,13.1481,55031.8960,81.5850,NA,NA,NA,NA,NA,NA,NA,NA,NA,NA
345.666,5.6527,9.7732,6.0311,13.0526,26331.7380,-13.1149,190638.3680,0.0000,NA,NA,NA,NA,NA,NA,NA,NA
345.813,5.6463,9.6479,6.0294,13.0213,51230.7680,69.0427,NA,NA,NA,NA,NA,NA,NA,NA,NA,NA
345.862,5.6425,9.5738,6.0274,12.9833,51230.7680,69.0427,NA,NA,NA,NA,NA,NA,NA,NA,NA,NA
345.961,5.6407,9.5404,6.0264,12.9653,27614.6300,-8.8819,180334.8640,0.0000,NA,NA,NA,NA,NA,NA,NA,NA
346.067,5.6337,9.4045,6.0223,12.8872,57762.6320,90.5955,NA,NA,NA,NA,NA,NA,NA,NA,NA,NA
346.155,5.6296,9.3238,6.0206,12.8558,57762.6320,90.5955,NA,NA,NA,NA,NA,NA,NA,NA,NA,NA
346.267,5.6285,9.3036,6.0170,12.7886,25998.7840,-14.2136,NA,NA,NA,NA,NA,NA,NA,NA,NA,NA
346.362,5.6252,9.2387,6.0164,12.7782,25998.7840,-14.2136,NA,NA,NA,NA,NA,NA,NA,NA,NA,NA
346.458,5.6252,9.2387,6.0154,12.7582,25907.4380,-14.5150,NA,NA,NA,NA,NA,NA,NA,NA,NA,NA
346.557,5.6103,8.9484,6.0154,12.7582,47884.1680,58.0002,NA,NA,NA,NA,NA,NA,NA,NA,NA,NA
346.667,5.6053,8.8517,6.0133,12.7196,51184.5160,68.8901,NA,NA,NA,NA,NA,NA,NA,NA,NA,NA
346.753,5.6045,8.8369,6.0133,12.7196,55538.1120,83.2554,NA,NA,NA,NA,NA,NA,NA,NA,NA,NA
346.849,5.6028,8.8034,6.0112,12.6790,55538.1120,83.2554,NA,NA,NA,NA,NA,NA,NA,NA,NA,NA
346.945,5.6024,8.7950,6.0067,12.5950,25068.3940,-17.2835,NA,NA,NA,NA,NA,NA,NA,NA,NA,NA
347.095,5.5997,8.7444,6.0057,12.5776,27397.3520,-9.5988,194927.0720,0.0000,NA,NA,NA,NA,NA,NA,NA,NA
347.147,5.5940,8.6324,6.0013,12.4945,27397.3520,-9.5988,NA,NA,NA,NA,NA,NA,NA,NA,NA,NA
347.245,5.5932,8.6173,6.0004,12.4781,26106.9080,-13.8568,NA,NA,NA,NA,NA,NA,NA,NA,NA,NA
347.338,5.5883,8.5227,5.9967,12.4086,29555.0320,-2.4793,192290.2400,0.0000,NA,NA,NA,NA,NA,NA,NA,NA
347.436,5.5879,8.5149,5.9896,12.2749,60540.9760,99.7630,NA,NA,NA,NA,NA,NA,NA,NA,NA,NA
347.542,5.5838,8.4342,5.9864,12.2159,60540.9760,99.7630,NA,NA,NA,NA,NA,NA,NA,NA,NA,NA
347.661,5.5762,8.2864,5.9846,12.1807,27459.6360,-9.3933,NA,NA,NA,NA,NA,NA,NA,NA,NA,NA
347.741,5.5744,8.2527,5.9807,12.1079,25723.6040,-15.1216,NA,NA,NA,NA,NA,NA,NA,NA,NA,NA
347.842,5.5726,8.2168,5.9768,12.0355,47974.3080,58.2976,NA,NA,NA,NA,NA,NA,NA,NA,NA,NA
347.946,5.5688,8.1437,5.9768,12.0355,52402.8760,72.9102,NA,NA,NA,NA,NA,NA,NA,NA,NA,NA
348.033,5.5662,8.0930,5.9767,12.0333,55169.9800,82.0407,NA,NA,NA,NA,NA,NA,NA,NA,NA,NA
348.138,5.5641,8.0528,5.9764,12.0276,55169.9800,82.0407,NA,NA,NA,NA,NA,NA,NA,NA,NA,NA
348.233,5.5670,8.1081,5.9751,12.0039,25601.5720,-15.5242,NA,NA,NA,NA,NA,NA,NA,NA,NA,NA
348.333,5.5670,8.1081,5.9716,11.9368,27096.6320,-10.5911,NA,NA,NA,NA,NA,NA,NA,NA,NA,NA
348.430,5.5609,7.9896,5.9691,11.8913,29304.4780,-3.3060,NA,NA,NA,NA,NA,NA,NA,NA,NA,NA
348.529,5.5609,7.9896,5.9675,11.8607,29304.4780,-3.3060,NA,NA,NA,NA,NA,NA,NA,NA,NA,NA
348.631,5.5572,7.9188,5.9665,11.8429,23856.2200,-21.2832,NA,NA,NA,NA,NA,NA,NA,NA,NA,NA
348.736,5.5572,7.9188,5.9647,11.8089,25978.6880,-14.2799,NA,NA,NA,NA,NA,NA,NA,NA,NA,NA
348.822,5.5517,7.8117,5.9614,11.7467,49267.0480,62.5632,NA,NA,NA,NA,NA,NA,NA,NA,NA,NA
348.919,5.5495,7.7682,5.9600,11.7198,53171.0440,75.4449,NA,NA,NA,NA,NA,NA,NA,NA,NA,NA
349.017,5.5442,7.6652,5.9600,11.7198,55876.9760,84.3735,NA,NA,NA,NA,NA,NA,NA,NA,NA,NA
349.113,5.5401,7.5866,5.9574,11.6712,55876.9760,84.3735,NA,NA,NA,NA,NA,NA,NA,NA,NA,NA
349.235,5.5399,7.5829,5.9544,11.6148,26012.6900,-14.1677,NA,NA,NA,NA,NA,NA,NA,NA,NA,NA
349.312,5.5399,7.5829,5.9511,11.5538,27535.8520,-9.1418,NA,NA,NA,NA,NA,NA,NA,NA,NA,NA
349.445,5.5359,7.5036,5.9472,11.4807,27535.8520,-9.1418,NA,NA,NA,NA,NA,NA,NA,NA,NA,NA
349.506,5.5348,7.4833,5.9454,11.4467,21949.5700,-27.5745,NA,NA,NA,NA,NA,NA,NA,NA,NA,NA
349.602,5.5338,7.4638,5.9428,11.3983,24204.1340,-20.1352,NA,NA,NA,NA,NA,NA,NA,NA,NA,NA
349.704,5.5334,7.4551,5.9396,11.3377,26393.8040,-12.9101,NA,NA,NA,NA,NA,NA,NA,NA,NA,NA
349.795,5.5314,7.4165,5.9385,11.3176,50413.6080,66.3464,NA,NA,NA,NA,NA,NA,NA,NA,NA,NA
349.909,5.5210,7.2155,5.9382,11.3115,53674.5920,77.1064,NA,NA,NA,NA,NA,NA,NA,NA,NA,NA
350.001,5.5205,7.2055,5.9362,11.2737,56918.1080,87.8088,NA,NA,NA,NA,NA,NA,NA,NA,NA,NA
350.099,5.5196,7.1878,5.9350,11.2507,56918.1080,87.8088,NA,NA,NA,NA,NA,NA,NA,NA,NA,NA
350.194,5.5204,7.2031,5.9339,11.2309,26463.4660,-12.6803,NA,NA,NA,NA,NA,NA,NA,NA,NA,NA
350.290,5.5204,7.2031,5.9311,11.1785,27959.0060,-7.7456,NA,NA,NA,NA,NA,NA,NA,NA,NA,NA
350.394,5.5213,7.2213,5.9261,11.0847,27959.0060,-7.7456,NA,NA,NA,NA,NA,NA,NA,NA,NA,NA
350.506,5.5220,7.2341,5.9238,11.0415,22579.8960,-25.4946,NA,NA,NA,NA,NA,NA,NA,NA,NA,NA
350.589,5.5220,7.2341,5.9233,11.0314,52229.3560,72.3377,NA,NA,NA,NA,NA,NA,NA,NA,NA,NA
350.689,5.5189,7.1740,5.9213,10.9944,54750.0800,80.6552,NA,NA,NA,NA,NA,NA,NA,NA,NA,NA
350.785,5.5184,7.1655,5.9169,10.9114,54750.0800,80.6552,NA,NA,NA,NA,NA,NA,NA,NA,NA,NA
350.884,5.5200,7.1958,5.9152,10.8808,28148.4220,-7.1205,192735.8080,0.0000,NA,NA,NA,NA,NA,NA,NA,NA
350.994,5.5200,7.1958,5.9140,10.8577,54474.1840,79.7448,NA,NA,NA,NA,NA,NA,NA,NA,NA,NA
351.083,5.5182,7.1600,5.9137,10.8518,54474.1840,79.7448,NA,NA,NA,NA,NA,NA,NA,NA,NA,NA
351.231,5.5182,7.1600,5.9106,10.7947,28043.6900,-7.4661,180244.9920,0.0000,NA,NA,NA,NA,NA,NA,NA,NA
351.293,5.5168,7.1336,5.9027,10.6466,59250.6400,95.5053,NA,NA,NA,NA,NA,NA,NA,NA,NA,NA
351.381,5.5122,7.0443,5.9019,10.6319,59250.6400,95.5053,NA,NA,NA,NA,NA,NA,NA,NA,NA,NA
351.486,5.5066,6.9362,5.9018,10.6294,26687.5160,-11.9410,NA,NA,NA,NA,NA,NA,NA,NA,NA,NA
351.580,5.5086,6.9750,5.9018,10.6294,26687.5160,-11.9410,NA,NA,NA,NA,NA,NA,NA,NA,NA,NA
351.680,5.5086,6.9750,5.8998,10.5915,26416.5040,-12.8352,NA,NA,NA,NA,NA,NA,NA,NA,NA,NA
351.851,5.5050,6.9044,5.8976,10.5514,47896.6560,58.0414,NA,NA,NA,NA,NA,NA,NA,NA,NA,NA
351.873,5.4994,6.7949,5.8959,10.5190,52151.8040,72.0818,NA,NA,NA,NA,NA,NA,NA,NA,NA,NA
351.980,5.4962,6.7344,5.8957,10.5147,56160.5600,85.3092,NA,NA,NA,NA,NA,NA,NA,NA,NA,NA
352.069,5.4934,6.6790,5.8936,10.4763,56160.5600,85.3092,NA,NA,NA,NA,NA,NA,NA,NA,NA,NA
352.173,5.4893,6.5994,5.8902,10.4114,25650.2700,-15.3635,184378.7680,0.0000,NA,NA,NA,NA,NA,NA,NA,NA
352.279,5.4868,6.5512,5.8889,10.3879,50471.3800,66.5370,NA,NA,NA,NA,NA,NA,NA,NA,NA,NA
352.383,5.4834,6.4852,5.8880,10.3704,50471.3800,66.5370,NA,NA,NA,NA,NA,NA,NA,NA,NA,NA
352.468,5.4834,6.4852,5.8864,10.3409,27461.3280,-9.3877,183307.5520,0.0000,NA,NA,NA,NA,NA,NA,NA,NA
352.559,5.4822,6.4619,5.8845,10.3057,55966.6640,84.6694,NA,NA,NA,NA,NA,NA,NA,NA,NA,NA
352.668,5.4782,6.3846,5.8796,10.2130,NA,NA,NA,NA,NA,NA,NA,NA,NA,NA,NA,NA
352.761,5.4738,6.2986,5.8776,10.1754,NA,NA,NA,NA,NA,NA,NA,NA,NA,NA,NA,NA
352.869,5.4711,6.2457,5.8758,10.1413,31701.7600,4.6042,NA,NA,NA,NA,NA,NA,NA,NA,NA,NA
352.966,5.4727,6.2765,5.8738,10.1039,32438.8300,7.0362,NA,NA,NA,NA,NA,NA,NA,NA,NA,NA
353.110,5.4738,6.2985,5.8733,10.0942,32438.8300,7.0362,NA,NA,NA,NA,NA,NA,NA,NA,NA,NA
353.163,5.4738,6.2985,5.8679,9.9937,23430.6300,-22.6875,NA,NA,NA,NA,NA,NA,NA,NA,NA,NA
353.261,5.4726,6.2759,5.8657,9.9526,24984.9120,-17.5590,NA,NA,NA,NA,NA,NA,NA,NA,NA,NA
353.360,5.4726,6.2759,5.8646,9.9310,45616.7520,50.5185,NA,NA,NA,NA,NA,NA,NA,NA,NA,NA
353.451,5.4575,5.9829,5.8646,9.9319,49211.2120,62.3789,NA,NA,NA,NA,NA,NA,NA,NA,NA,NA
353.558,5.4580,5.9908,5.8646,9.9319,52057.6720,71.7712,NA,NA,NA,NA,NA,NA,NA,NA,NA,NA
353.658,5.4583,5.9972,5.8629,9.8991,52057.6720,71.7712,NA,NA,NA,NA,NA,NA,NA,NA,NA,NA
353.750,5.4583,5.9972,5.8614,9.8715,24904.1300,-17.8255,NA,NA,NA,NA,NA,NA,NA,NA,NA,NA
353.848,5.4588,6.0078,5.8559,9.7692,28872.6900,-4.7307,192353.1360,0.0000,NA,NA,NA,NA,NA,NA,NA,NA
353.962,5.4588,6.0078,5.8503,9.6638,29763.9880,-1.7898,NA,NA,NA,NA,NA,NA,NA,NA,NA,NA
354.054,5.4562,5.9564,5.8503,9.6638,29763.9880,-1.7898,NA,NA,NA,NA,NA,NA,NA,NA,NA,NA
354.148,5.4562,5.9564,5.8503,9.6634,22635.3060,-25.3118,NA,NA,NA,NA,NA,NA,NA,NA,NA,NA
354.267,5.4581,5.9937,5.8480,9.6209,24870.4040,-17.9368,NA,NA,NA,NA,NA,NA,NA,NA,NA,NA
354.346,5.4581,5.9937,5.8480,9.6209,46284.6320,52.7223,NA,NA,NA,NA,NA,NA,NA,NA,NA,NA
354.442,5.4506,5.8476,5.8435,9.5372,52219.0800,72.3038,NA,NA,NA,NA,NA,NA,NA,NA,NA,NA
354.539,5.4482,5.8013,5.8422,9.5111,57383.1280,89.3432,NA,NA,NA,NA,NA,NA,NA,NA,NA,NA
354.637,5.4452,5.7437,5.8407,9.4847,57383.1280,89.3432,NA,NA,NA,NA,NA,NA,NA,NA,NA,NA
354.738,5.4452,5.7437,5.8393,9.4582,25991.9080,-14.2363,NA,NA,NA,NA,NA,NA,NA,NA,NA,NA
354.880,5.4439,5.7180,5.8377,9.4281,28163.4920,-7.0708,NA,NA,NA,NA,NA,NA,NA,NA,NA,NA
354.937,5.4443,5.7257,5.8364,9.4038,30152.4560,-0.5080,NA,NA,NA,NA,NA,NA,NA,NA,NA,NA
355.030,5.4443,5.7257,5.8356,9.3876,30152.4560,-0.5080,NA,NA,NA,NA,NA,NA,NA,NA,NA,NA
355.134,5.4411,5.6627,5.8356,9.3876,23214.9060,-23.3993,NA,NA,NA,NA,NA,NA,NA,NA,NA,NA
355.225,5.4399,5.6399,5.8348,9.3728,25492.8920,-15.8828,NA,NA,NA,NA,NA,NA,NA,NA,NA,NA
355.329,5.4370,5.5834,5.8348,9.3728,47692.9360,57.3692,NA,NA,NA,NA,NA,NA,NA,NA,NA,NA
355.469,5.4341,5.5270,5.8338,9.3546,53545.9360,76.6819,NA,NA,NA,NA,NA,NA,NA,NA,NA,NA
355.520,5.4276,5.4008,5.8326,9.3329,58131.0120,91.8110,NA,NA,NA,NA,NA,NA,NA,NA,NA,NA
355.627,5.4257,5.3640,5.8308,9.2982,58131.0120,91.8110,NA,NA,NA,NA,NA,NA,NA,NA,NA,NA
355.714,5.4257,5.3640,5.8308,9.2982,26645.7300,-12.0789,NA,NA,NA,NA,NA,NA,NA,NA,NA,NA
355.822,5.4217,5.2861,5.8267,9.2214,28593.1280,-5.6532,NA,NA,NA,NA,NA,NA,NA,NA,NA,NA
355.911,5.4235,5.3216,5.8259,9.2055,28593.1280,-5.6532,NA,NA,NA,NA,NA,NA,NA,NA,NA,NA
356.069,5.4252,5.3545,5.8253,9.1943,21473.6040,-29.1450,NA,NA,NA,NA,NA,NA,NA,NA,NA,NA
356.121,5.4252,5.3545,5.8214,9.1218,52776.9920,74.1447,NA,NA,NA,NA,NA,NA,NA,NA,NA,NA
356.213,5.4201,5.2548,5.8189,9.0751,56226.2960,85.5261,NA,NA,NA,NA,NA,NA,NA,NA,NA,NA
356.311,5.4176,5.2074,5.8182,9.0629,56226.2960,85.5261,NA,NA,NA,NA,NA,NA,NA,NA,NA,NA
356.418,5.4176,5.2074,5.8169,9.0373,25787.8200,-14.9097,189905.0720,0.0000,NA,NA,NA,NA,NA,NA,NA,NA
356.511,5.4142,5.1415,5.8156,9.0135,50765.8000,67.5085,NA,NA,NA,NA,NA,NA,NA,NA,NA,NA
356.606,5.4131,5.1199,5.8152,9.0061,50765.8000,67.5085,NA,NA,NA,NA,NA,NA,NA,NA,NA,NA
356.715,5.4127,5.1121,5.8130,8.9654,27535.0700,-9.1444,184572.2560,0.0000,NA,NA,NA,NA,NA,NA,NA,NA
356.804,5.4103,5.0661,5.8116,8.9381,56268.2560,85.6646,NA,NA,NA,NA,NA,NA,NA,NA,NA,NA
356.908,5.4113,5.0839,5.8111,8.9286,56268.2560,85.6646,NA,NA,NA,NA,NA,NA,NA,NA,NA,NA
357.009,5.4113,5.0839,5.8111,8.9286,25900.5400,-14.5377,NA,NA,NA,NA,NA,NA,NA,NA,NA,NA
357.106,5.4107,5.0728,5.8086,8.8817,25900.5400,-14.5377,NA,NA,NA,NA,NA,NA,NA,NA,NA,NA
357.240,5.4107,5.0728,5.8054,8.8224,26103.0740,-13.8694,NA,NA,NA,NA,NA,NA,NA,NA,NA,NA
357.301,5.4070,5.0013,5.8039,8.7935,49014.9280,61.7313,NA,NA,NA,NA,NA,NA,NA,NA,NA,NA
357.401,5.4045,4.9525,5.8039,8.7935,51888.5840,71.2133,NA,NA,NA,NA,NA,NA,NA,NA,NA,NA
357.506,5.4021,4.9067,5.8032,8.7806,55864.4000,84.3320,NA,NA,NA,NA,NA,NA,NA,NA,NA,NA
357.597,5.4044,4.9505,5.8015,8.7490,55864.4000,84.3320,NA,NA,NA,NA,NA,NA,NA,NA,NA,NA
357.694,5.4044,4.9505,5.8015,8.7490,25708.4260,-15.1716,NA,NA,NA,NA,NA,NA,NA,NA,NA,NA
357.842,5.4091,5.0426,5.7989,8.7003,27349.0980,-9.7580,NA,NA,NA,NA,NA,NA,NA,NA,NA,NA
357.893,5.4097,5.0543,5.7963,8.6515,27349.0980,-9.7580,NA,NA,NA,NA,NA,NA,NA,NA,NA,NA
357.999,5.4097,5.0543,5.7943,8.6133,22316.4460,-26.3639,NA,NA,NA,NA,NA,NA,NA,NA,NA,NA
358.086,5.4103,5.0656,5.7940,8.6091,24366.3180,-19.6001,NA,NA,NA,NA,NA,NA,NA,NA,NA,NA
358.186,5.4103,5.0656,5.7926,8.5819,26153.2920,-13.7037,NA,NA,NA,NA,NA,NA,NA,NA,NA,NA
358.286,5.4059,4.9791,5.7908,8.5480,49809.6720,64.3536,NA,NA,NA,NA,NA,NA,NA,NA,NA,NA
358.398,5.4017,4.8983,5.7902,8.5366,52566.1680,73.4490,NA,NA,NA,NA,NA,NA,NA,NA,NA,NA
358.482,5.3973,4.8125,5.7876,8.4878,56979.4240,88.0112,NA,NA,NA,NA,NA,NA,NA,NA,NA,NA
358.581,5.3940,4.7485,5.7876,8.4878,56979.4240,88.0112,NA,NA,NA,NA,NA,NA,NA,NA,NA,NA
358.678,5.3906,4.6835,5.7822,8.3874,26194.1280,-13.5690,NA,NA,NA,NA,NA,NA,NA,NA,NA,NA
358.772,5.3937,4.7427,5.7817,8.3773,27988.2220,-7.6491,NA,NA,NA,NA,NA,NA,NA,NA,NA,NA
358.879,5.3937,4.7439,5.7772,8.2938,27988.2220,-7.6491,NA,NA,NA,NA,NA,NA,NA,NA,NA,NA
358.975,5.3937,4.7439,5.7747,8.2473,22922.1060,-24.3655,NA,NA,NA,NA,NA,NA,NA,NA,NA,NA
359.078,5.3925,4.7191,5.7742,8.2373,24848.1000,-18.0104,NA,NA,NA,NA,NA,NA,NA,NA,NA,NA
359.170,5.3925,4.7191,5.7724,8.2036,46762.1440,54.2979,NA,NA,NA,NA,NA,NA,NA,NA,NA,NA
359.265,5.3877,4.6259,5.7722,8.2006,50485.2880,66.5829,NA,NA,NA,NA,NA,NA,NA,NA,NA,NA
359.372,5.3843,4.5613,5.7709,8.1757,53422.0000,76.2730,NA,NA,NA,NA,NA,NA,NA,NA,NA,NA
359.467,5.3806,4.4877,5.7691,8.1423,57964.8640,91.2628,NA,NA,NA,NA,NA,NA,NA,NA,NA,NA
359.589,5.3799,4.4758,5.7683,8.1276,57964.8640,91.2628,NA,NA,NA,NA,NA,NA,NA,NA,NA,NA
359.651,5.3792,4.4617,5.7657,8.0786,26610.3400,-12.1957,NA,NA,NA,NA,NA,NA,NA,NA,NA,NA
359.751,5.3792,4.4617,5.7652,8.0689,28610.2660,-5.5966,NA,NA,NA,NA,NA,NA,NA,NA,NA,NA
359.861,5.3792,4.4605,5.7635,8.0374,28610.2660,-5.5966,NA,NA,NA,NA,NA,NA,NA,NA,NA,NA
359.952,5.3843,4.5599,5.7611,7.9917,23414.9940,-22.7391,NA,NA,NA,NA,NA,NA,NA,NA,NA,NA
360.055,5.3843,4.5599,5.7578,7.9292,25306.8920,-16.4966,NA,NA,NA,NA,NA,NA,NA,NA,NA,NA
360.145,5.3841,4.5569,5.7562,7.9008,47849.7240,57.8865,NA,NA,NA,NA,NA,NA,NA,NA,NA,NA
360.258,5.3787,4.4524,5.7560,7.8966,51098.2800,68.6056,NA,NA,NA,NA,NA,NA,NA,NA,NA,NA
360.352,5.3743,4.3664,5.7549,7.8759,51098.2800,68.6056,NA,NA,NA,NA,NA,NA,NA,NA,NA,NA
360.466,5.3700,4.2826,5.7543,7.8646,33478.4880,10.4667,NA,NA,NA,NA,NA,NA,NA,NA,NA,NA
360.544,5.3721,4.3243,5.7543,7.8646,33478.4880,10.4667,NA,NA,NA,NA,NA,NA,NA,NA,NA,NA
360.650,5.3728,4.3377,5.7504,7.7904,23943.3160,-20.9959,NA,NA,NA,NA,NA,NA,NA,NA,NA,NA
360.749,5.3728,4.3377,5.7473,7.7332,25560.0660,-15.6612,NA,NA,NA,NA,NA,NA,NA,NA,NA,NA
360.898,5.3693,4.2697,5.7462,7.7120,46543.7280,53.5772,NA,NA,NA,NA,NA,NA,NA,NA,NA,NA
360.937,5.3651,4.1870,5.7437,7.6650,49818.4520,64.3826,NA,NA,NA,NA,NA,NA,NA,NA,NA,NA
361.040,5.3640,4.1659,5.7437,7.6650,52401.7160,72.9064,NA,NA,NA,NA,NA,NA,NA,NA,NA,NA
361.132,5.3640,4.1659,5.7399,7.5949,52401.7160,72.9064,NA,NA,NA,NA,NA,NA,NA,NA,NA,NA
361.230,5.3590,4.0697,5.7379,7.5560,26478.6640,-12.6301,185417.1520,0.0000,NA,NA,NA,NA,NA,NA,NA,NA
361.329,5.3585,4.0599,5.7373,7.5456,52051.4800,71.7508,NA,NA,NA,NA,NA,NA,NA,NA,NA,NA
361.453,5.3566,4.0226,5.7358,7.5174,52051.4800,71.7508,NA,NA,NA,NA,NA,NA,NA,NA,NA,NA
361.524,5.3560,4.0108,5.7345,7.4938,26378.0240,-12.9622,NA,NA,NA,NA,NA,NA,NA,NA,NA,NA
361.632,5.3546,3.9838,5.7319,7.4443,28411.3720,-6.2529,187694.1120,0.0000,NA,NA,NA,NA,NA,NA,NA,NA
361.734,5.3546,3.9835,5.7310,7.4277,30523.7540,0.7172,NA,NA,NA,NA,NA,NA,NA,NA,NA,NA
361.830,5.3582,4.0543,5.7301,7.4100,30523.7540,0.7172,NA,NA,NA,NA,NA,NA,NA,NA,NA,NA
361.935,5.3593,4.0748,5.7281,7.3725,23423.6920,-22.7104,NA,NA,NA,NA,NA,NA,NA,NA,NA,NA
362.039,5.3593,4.0748,5.7280,7.3715,25061.5480,-17.3061,NA,NA,NA,NA,NA,NA,NA,NA,NA,NA
362.133,5.3569,4.0283,5.7254,7.3228,45421.5840,49.8745,NA,NA,NA,NA,NA,NA,NA,NA,NA,NA
362.226,5.3525,3.9431,5.7203,7.2266,49517.3200,63.3890,NA,NA,NA,NA,NA,NA,NA,NA,NA,NA
362.320,5.3510,3.9130,5.7181,7.1860,53696.9520,77.1802,NA,NA,NA,NA,NA,NA,NA,NA,NA,NA
362.422,5.3507,3.9072,5.7167,7.1590,53696.9520,77.1802,NA,NA,NA,NA,NA,NA,NA,NA,NA,NA
362.520,5.3507,3.9072,5.7062,6.9618,24716.9540,-18.4431,NA,NA,NA,NA,NA,NA,NA,NA,NA,NA
362.646,5.3500,3.8935,5.7062,6.9618,27488.5360,-9.2979,193479.5040,0.0000,NA,NA,NA,NA,NA,NA,NA,NA
362.712,5.3495,3.8838,5.7039,6.9202,54173.6800,78.7532,NA,NA,NA,NA,NA,NA,NA,NA,NA,NA
362.819,5.3495,3.8838,5.7034,6.9097,54173.6800,78.7532,NA,NA,NA,NA,NA,NA,NA,NA,NA,NA
362.906,5.3461,3.8177,5.6999,6.8450,28765.6600,-5.0839,188496.4480,0.0000,NA,NA,NA,NA,NA,NA,NA,NA
363.020,5.3453,3.8037,5.6927,6.7095,28907.3860,-4.6162,NA,NA,NA,NA,NA,NA,NA,NA,NA,NA
363.114,5.3419,3.7367,5.6926,6.7081,28907.3860,-4.6162,NA,NA,NA,NA,NA,NA,NA,NA,NA,NA
363.248,5.3428,3.7550,5.6926,6.7081,22894.3560,-24.4570,NA,NA,NA,NA,NA,NA,NA,NA,NA,NA
363.309,5.3428,3.7550,5.6868,6.5996,24766.0620,-18.2811,NA,NA,NA,NA,NA,NA,NA,NA,NA,NA
363.409,5.3430,3.7584,5.7122,7.0749,46075.6560,52.0327,NA,NA,NA,NA,NA,NA,NA,NA,NA,NA
363.503,5.3682,4.2484,5.7605,7.9797,49778.1440,64.2496,NA,NA,NA,NA,NA,NA,NA,NA,NA,NA
363.606,5.4014,4.8919,5.7918,8.5671,52955.7120,74.7344,NA,NA,NA,NA,NA,NA,NA,NA,NA,NA
363.701,5.4487,5.8117,5.8205,9.1055,57573.5400,89.9715,NA,NA,NA,NA,NA,NA,NA,NA,NA,NA
363.813,5.4840,6.4967,5.8560,9.7701,57573.5400,89.9715,NA,NA,NA,NA,NA,NA,NA,NA,NA,NA
363.905,5.5169,7.1353,5.8952,10.5048,26867.7480,-11.3463,NA,NA,NA,NA,NA,NA,NA,NA,NA,NA
363.998,5.5790,8.3412,5.9422,11.3860,29103.5080,-3.9691,NA,NA,NA,NA,NA,NA,NA,NA,NA,NA
364.099,5.6140,9.0210,5.9751,12.0030,29103.5080,-3.9691,NA,NA,NA,NA,NA,NA,NA,NA,NA,NA
364.189,5.6521,9.7602,6.0127,12.7079,23393.7940,-22.8091,NA,NA,NA,NA,NA,NA,NA,NA,NA,NA
364.288,5.6717,10.1412,6.0427,13.2697,25186.6760,-16.8932,NA,NA,NA,NA,NA,NA,NA,NA,NA,NA
364.426,5.6997,10.6849,6.0663,13.7127,47159.9560,55.6105,NA,NA,NA,NA,NA,NA,NA,NA,NA,NA
364.487,5.7272,11.2191,6.0975,14.2974,50462.1200,66.5065,NA,NA,NA,NA,NA,NA,NA,NA,NA,NA
364.588,5.7564,11.7858,6.1387,15.0690,54128.2800,78.6034,NA,NA,NA,NA,NA,NA,NA,NA,NA,NA
364.679,5.7893,12.4258,6.1668,15.5963,54128.2800,78.6034,NA,NA,NA,NA,NA,NA,NA,NA,NA,NA
364.788,5.8119,12.8638,6.1959,16.1416,25151.1120,-17.0106,NA,NA,NA,NA,NA,NA,NA,NA,NA,NA
364.882,5.8445,13.4966,6.2244,16.6771,26914.1920,-11.1931,NA,NA,NA,NA,NA,NA,NA,NA,NA,NA
365.007,5.8641,13.8770,6.2514,17.1824,29694.7540,-2.0182,NA,NA,NA,NA,NA,NA,NA,NA,NA,NA
365.071,5.8882,14.3460,6.2739,17.6034,29694.7540,-2.0182,NA,NA,NA,NA,NA,NA,NA,NA,NA,NA
365.169,5.9136,14.8389,6.2951,18.0023,23928.6380,-21.0443,NA,NA,NA,NA,NA,NA,NA,NA,NA,NA
365.275,5.9281,15.1210,6.3244,18.5515,25645.9500,-15.3778,NA,NA,NA,NA,NA,NA,NA,NA,NA,NA
365.383,5.9377,15.3072,6.3530,19.0873,48111.4320,58.7501,NA,NA,NA,NA,NA,NA,NA,NA,NA,NA
365.472,5.9643,15.8231,6.3887,19.7555,48111.4320,58.7501,NA,NA,NA,NA,NA,NA,NA,NA,NA,NA
365.568,5.9798,16.1246,6.4227,20.3940,30365.9360,0.1964,NA,NA,NA,NA,NA,NA,NA,NA,NA,NA
365.667,6.0101,16.7136,6.4552,21.0021,30365.9360,0.1964,NA,NA,NA,NA,NA,NA,NA,NA,NA,NA
365.769,6.0344,17.1852,6.4901,21.6568,22456.1740,-25.9029,NA,NA,NA,NA,NA,NA,NA,NA,NA,NA
365.866,6.0718,17.9113,6.5288,22.3815,23970.8600,-20.9050,NA,NA,NA,NA,NA,NA,NA,NA,NA,NA
365.959,6.0943,18.3491,6.5616,22.9973,25869.6280,-14.6397,NA,NA,NA,NA,NA,NA,NA,NA,NA,NA
366.063,6.1159,18.7681,6.6097,23.8988,47324.6120,56.1538,NA,NA,NA,NA,NA,NA,NA,NA,NA,NA
366.158,6.1379,19.1946,6.6519,24.6889,50533.2920,66.7413,NA,NA,NA,NA,NA,NA,NA,NA,NA,NA
366.287,6.1637,19.6962,6.6742,25.1072,53604.4240,76.8749,NA,NA,NA,NA,NA,NA,NA,NA,NA,NA
366.353,6.1769,19.9528,6.6770,25.1605,53604.4240,76.8749,NA,NA,NA,NA,NA,NA,NA,NA,NA,NA
366.452,6.1844,20.0980,6.6770,25.1605,27504.2740,-9.2460,192583.9360,0.0000,NA,NA,NA,NA,NA,NA,NA,NA
366.560,6.1844,20.0980,6.6696,25.0222,54116.8000,78.5656,NA,NA,NA,NA,NA,NA,NA,NA,NA,NA
366.648,6.1828,20.0669,6.6659,24.9515,54116.8000,78.5656,NA,NA,NA,NA,NA,NA,NA,NA,NA,NA
366.750,6.1792,19.9963,6.6541,24.7318,26880.6000,-11.3039,182870.2080,0.0000,NA,NA,NA,NA,NA,NA,NA,NA
366.845,6.1777,19.9682,6.6335,24.3455,56548.2160,86.5883,NA,NA,NA,NA,NA,NA,NA,NA,NA,NA
366.960,6.1702,19.8221,6.6130,23.9609,NA,NA,NA,NA,NA,NA,NA,NA,NA,NA,NA,NA
367.048,6.1631,19.6850,6.6001,23.7188,NA,NA,NA,NA,NA,NA,NA,NA,NA,NA,NA,NA
367.147,6.1536,19.4990,6.5813,23.3663,30440.8600,0.4437,NA,NA,NA,NA,NA,NA,NA,NA,NA,NA
367.254,6.1412,19.2592,6.5703,23.1600,31584.6620,4.2178,191820.3840,0.0000,NA,NA,NA,NA,NA,NA,NA,NA
367.359,6.1333,19.1059,6.5525,22.8269,31584.6620,4.2178,191820.3840,0.0000,NA,NA,NA,NA,NA,NA,NA,NA
367.493,6.1225,18.8958,6.5401,22.5948,26453.9040,-12.7118,190875.1520,0.0000,NA,NA,NA,NA,NA,NA,NA,NA
367.551,6.1128,18.7067,6.5208,22.2326,52283.8600,72.5175,NA,NA,NA,NA,NA,NA,NA,NA,NA,NA
367.653,6.1051,18.5588,6.5093,22.0175,52283.8600,72.5175,NA,NA,NA,NA,NA,NA,NA,NA,NA,NA
367.760,6.0998,18.4551,6.4958,21.7646,26250.1340,-13.3842,NA,NA,NA,NA,NA,NA,NA,NA,NA,NA
367.853,6.0923,18.3088,6.4834,21.5321,28305.4160,-6.6025,192250.5280,0.0000,NA,NA,NA,NA,NA,NA,NA,NA
367.955,6.0882,18.2297,6.4719,21.3151,30586.2000,0.9232,NA,NA,NA,NA,NA,NA,NA,NA,NA,NA
368.086,6.0826,18.1216,6.4642,21.1719,30586.2000,0.9232,NA,NA,NA,NA,NA,NA,NA,NA,NA,NA
368.145,6.0802,18.0745,6.4496,20.8969,23413.3660,-22.7445,NA,NA,NA,NA,NA,NA,NA,NA,NA,NA
368.245,6.0749,17.9714,6.4399,20.7152,25035.5280,-17.3920,NA,NA,NA,NA,NA,NA,NA,NA,NA,NA
368.349,6.0627,17.7348,6.4242,20.4207,45422.8960,49.8789,NA,NA,NA,NA,NA,NA,NA,NA,NA,NA
368.440,6.0485,17.4593,6.4142,20.2350,49648.7800,63.8227,NA,NA,NA,NA,NA,NA,NA,NA,NA,NA
368.544,6.0353,17.2024,6.4077,20.1114,53780.9200,77.4573,NA,NA,NA,NA,NA,NA,NA,NA,NA,NA
368.639,6.0272,17.0446,6.3923,19.8231,53780.9200,77.4573,NA,NA,NA,NA,NA,NA,NA,NA,NA,NA
368.739,6.0202,16.9086,6.3759,19.5160,24499.1460,-19.1618,NA,NA,NA,NA,NA,NA,NA,NA,NA,NA
368.839,6.0134,16.7765,6.3587,19.1930,27355.7340,-9.7361,195542.1440,0.0000,NA,NA,NA,NA,NA,NA,NA,NA
368.944,6.0047,16.6088,6.3446,18.9295,53908.3920,77.8779,NA,NA,NA,NA,NA,NA,NA,NA,NA,NA
369.040,5.9830,16.1869,6.3325,18.7035,53908.3920,77.8779,NA,NA,NA,NA,NA,NA,NA,NA,NA,NA
369.183,5.9760,16.0514,6.3246,18.5547,27758.3640,-8.4076,NA,NA,NA,NA,NA,NA,NA,NA,NA,NA
369.243,5.9801,16.1297,6.3191,18.4510,24606.9420,-18.8061,NA,NA,NA,NA,NA,NA,NA,NA,NA,NA
369.336,5.9845,16.2155,6.3325,18.7028,43603.8360,43.8766,NA,NA,NA,NA,NA,NA,NA,NA,NA,NA
369.430,6.0004,16.5254,6.3510,19.0486,49704.9520,64.0081,NA,NA,NA,NA,NA,NA,NA,NA,NA,NA
369.529,6.0167,16.8418,6.3662,19.3350,56068.4720,85.0054,NA,NA,NA,NA,NA,NA,NA,NA,NA,NA
369.634,6.0781,18.0345,6.3956,19.8849,56068.4720,85.0054,NA,NA,NA,NA,NA,NA,NA,NA,NA,NA
369.738,6.1181,18.8096,6.4212,20.3647,25981.5200,-14.2705,NA,NA,NA,NA,NA,NA,NA,NA,NA,NA
369.854,6.1578,19.5805,6.4440,20.7935,28517.9380,-5.9013,NA,NA,NA,NA,NA,NA,NA,NA,NA,NA
369.920,6.1914,20.2343,6.4539,20.9779,31236.4360,3.0688,NA,NA,NA,NA,NA,NA,NA,NA,NA,NA
370.022,6.2055,20.5081,6.4545,20.9900,31236.4360,3.0688,NA,NA,NA,NA,NA,NA,NA,NA,NA,NA
370.119,6.2102,20.5982,6.4545,20.9900,23023.4240,-24.0312,NA,NA,NA,NA,NA,NA,NA,NA,NA,NA
370.218,6.2102,20.5982,6.4455,20.8203,24840.9900,-18.0339,NA,NA,NA,NA,NA,NA,NA,NA,NA,NA
370.314,6.2006,20.4124,6.4378,20.6757,44833.0240,47.9325,NA,NA,NA,NA,NA,NA,NA,NA,NA,NA
370.417,6.1962,20.3267,6.4337,20.6002,51306.4520,69.2924,NA,NA,NA,NA,NA,NA,NA,NA,NA,NA
370.520,6.1894,20.1945,6.4172,20.2894,57648.1400,90.2177,NA,NA,NA,NA,NA,NA,NA,NA,NA,NA
370.608,6.1853,20.1146,6.4048,20.0578,57648.1400,90.2177,NA,NA,NA,NA,NA,NA,NA,NA,NA,NA
370.705,6.1796,20.0045,6.3884,19.7508,26696.3240,-11.9119,NA,NA,NA,NA,NA,NA,NA,NA,NA,NA
370.804,6.1769,19.9520,6.3835,19.6585,29225.2060,-3.5676,NA,NA,NA,NA,NA,NA,NA,NA,NA,NA
370.913,6.1652,19.7242,6.3715,19.4344,29225.2060,-3.5676,NA,NA,NA,NA,NA,NA,NA,NA,NA,NA
371.050,6.1596,19.6161,6.3594,19.2076,21650.9080,-28.5600,NA,NA,NA,NA,NA,NA,NA,NA,NA,NA
371.099,6.1466,19.3637,6.3478,18.9900,22996.1360,-24.1212,NA,NA,NA,NA,NA,NA,NA,NA,NA,NA
371.200,6.1403,19.2412,6.3420,18.8811,25304.4220,-16.5047,NA,NA,NA,NA,NA,NA,NA,NA,NA,NA
371.293,6.1229,18.9034,6.3389,18.8221,45985.9280,51.7367,NA,NA,NA,NA,NA,NA,NA,NA,NA,NA
371.400,6.1052,18.5606,6.3332,18.7162,52918.9240,74.6130,NA,NA,NA,NA,NA,NA,NA,NA,NA,NA
371.494,6.0939,18.3408,6.3262,18.5838,59888.4600,97.6099,NA,NA,NA,NA,NA,NA,NA,NA,NA,NA
371.618,6.0842,18.1527,6.3212,18.4900,59888.4600,97.6099,NA,NA,NA,NA,NA,NA,NA,NA,NA,NA
371.686,6.0782,18.0350,6.3212,18.4900,27461.0440,-9.3886,NA,NA,NA,NA,NA,NA,NA,NA,NA,NA
371.783,6.0742,17.9583,6.3140,18.3567,29994.0400,-1.0307,NA,NA,NA,NA,NA,NA,NA,NA,NA,NA
371.888,6.0666,17.8108,6.3078,18.2387,29994.0400,-1.0307,NA,NA,NA,NA,NA,NA,NA,NA,NA,NA
371.989,6.0619,17.7189,6.2974,18.0450,21868.0940,-27.8433,NA,NA,NA,NA,NA,NA,NA,NA,NA,NA
372.107,6.0602,17.6867,6.2911,17.9271,54110.9440,78.5462,NA,NA,NA,NA,NA,NA,NA,NA,NA,NA
372.209,6.0455,17.3997,6.2881,17.8694,58643.0680,93.5006,NA,NA,NA,NA,NA,NA,NA,NA,NA,NA
372.288,6.0386,17.2661,6.2847,17.8064,58643.0680,93.5006,NA,NA,NA,NA,NA,NA,NA,NA,NA,NA
372.383,6.0280,17.0602,6.2805,17.7288,26755.6100,-11.7163,NA,NA,NA,NA,NA,NA,NA,NA,NA,NA
372.483,6.0257,17.0159,6.2741,17.6074,28666.4640,-5.4112,NA,NA,NA,NA,NA,NA,NA,NA,NA,NA
372.574,6.0208,16.9207,6.2699,17.5291,28666.4640,-5.4112,NA,NA,NA,NA,NA,NA,NA,NA,NA,NA
372.682,6.0194,16.8939,6.2586,17.3167,23536.9560,-22.3367,NA,NA,NA,NA,NA,NA,NA,NA,NA,NA
372.771,6.0169,16.8458,6.2538,17.2282,25388.7200,-16.2266,NA,NA,NA,NA,NA,NA,NA,NA,NA,NA
372.894,6.0132,16.7740,6.2530,17.2123,48046.7520,58.5366,NA,NA,NA,NA,NA,NA,NA,NA,NA,NA
372.968,5.9986,16.4894,6.2449,17.0603,51115.5960,68.6627,NA,NA,NA,NA,NA,NA,NA,NA,NA,NA
373.071,5.9909,16.3395,6.2415,16.9976,54728.0240,80.5824,NA,NA,NA,NA,NA,NA,NA,NA,NA,NA
373.164,5.9877,16.2787,6.2380,16.9317,54728.0240,80.5824,NA,NA,NA,NA,NA,NA,NA,NA,NA,NA
373.260,5.9765,16.0599,6.2380,16.9312,25184.7740,-16.8995,NA,NA,NA,NA,NA,NA,NA,NA,NA,NA
373.361,5.9735,16.0024,6.2341,16.8585,26634.5300,-12.1158,NA,NA,NA,NA,NA,NA,NA,NA,NA,NA
373.486,5.9773,16.0764,6.2311,16.8024,29320.9340,-3.2517,NA,NA,NA,NA,NA,NA,NA,NA,NA,NA
373.564,5.9773,16.0764,6.2273,16.7314,29320.9340,-3.2517,NA,NA,NA,NA,NA,NA,NA,NA,NA,NA
373.655,5.9746,16.0234,6.2250,16.6882,24051.5840,-20.6386,NA,NA,NA,NA,NA,NA,NA,NA,NA,NA
373.758,5.9665,15.8661,6.2230,16.6501,25773.4700,-14.9570,NA,NA,NA,NA,NA,NA,NA,NA,NA,NA
373.853,5.9580,15.7021,6.2198,16.5908,48857.9760,61.2134,NA,NA,NA,NA,NA,NA,NA,NA,NA,NA
373.953,5.9481,15.5094,6.2191,16.5766,51801.4640,70.9258,NA,NA,NA,NA,NA,NA,NA,NA,NA,NA
374.062,5.9429,15.4076,6.2191,16.5766,55772.5440,84.0289,NA,NA,NA,NA,NA,NA,NA,NA,NA,NA
374.147,5.9390,15.3332,6.2154,16.5070,55772.5440,84.0289,NA,NA,NA,NA,NA,NA,NA,NA,NA,NA
374.246,5.9393,15.3383,6.2120,16.4447,25595.8060,-15.5432,NA,NA,NA,NA,NA,NA,NA,NA,NA,NA
374.342,5.9393,15.3383,6.2105,16.4153,27215.2800,-10.1996,NA,NA,NA,NA,NA,NA,NA,NA,NA,NA
374.445,5.9364,15.2826,6.2104,16.4142,27215.2800,-10.1996,NA,NA,NA,NA,NA,NA,NA,NA,NA,NA
374.540,5.9364,15.2826,6.2026,16.2681,22219.6800,-26.6832,NA,NA,NA,NA,NA,NA,NA,NA,NA,NA
374.643,5.9311,15.1785,6.1973,16.1691,24295.3660,-19.8342,NA,NA,NA,NA,NA,NA,NA,NA,NA,NA
374.734,5.9283,15.1243,6.1931,16.0897,26138.3120,-13.7532,NA,NA,NA,NA,NA,NA,NA,NA,NA,NA
374.834,5.9126,14.8206,6.1911,16.0513,49725.1040,64.0746,NA,NA,NA,NA,NA,NA,NA,NA,NA,NA
374.929,5.9039,14.6499,6.1908,16.0466,52507.5600,73.2557,NA,NA,NA,NA,NA,NA,NA,NA,NA,NA
375.024,5.8991,14.5584,6.1832,15.9033,57007.0360,88.1023,NA,NA,NA,NA,NA,NA,NA,NA,NA,NA
375.151,5.8942,14.4623,6.1791,15.8264,57007.0360,88.1023,NA,NA,NA,NA,NA,NA,NA,NA,NA,NA
375.237,5.8934,14.4462,6.1771,15.7904,26220.4380,-13.4822,NA,NA,NA,NA,NA,NA,NA,NA,NA,NA
375.333,5.8907,14.3954,6.1724,15.7023,24910.7500,-17.8037,NA,NA,NA,NA,NA,NA,NA,NA,NA,NA
375.426,5.8907,14.3954,6.1710,15.6746,44973.6840,48.3966,NA,NA,NA,NA,NA,NA,NA,NA,NA,NA
375.526,5.8839,14.2621,6.1672,15.6048,48506.3560,60.0532,NA,NA,NA,NA,NA,NA,NA,NA,NA,NA
375.622,5.8779,14.1464,6.1637,15.5380,51400.2440,69.6019,NA,NA,NA,NA,NA,NA,NA,NA,NA,NA
375.723,5.8723,14.0380,6.1637,15.5380,54030.8120,78.2818,NA,NA,NA,NA,NA,NA,NA,NA,NA,NA
375.864,5.8701,13.9950,6.1631,15.5278,54030.8120,78.2818,NA,NA,NA,NA,NA,NA,NA,NA,NA,NA
375.919,5.8701,13.9950,6.1561,15.3968,28357.8080,-6.4297,194736.5440,0.0000,NA,NA,NA,NA,NA,NA,NA,NA
376.017,5.8701,13.9935,6.1555,15.3857,55041.2840,81.6160,NA,NA,NA,NA,NA,NA,NA,NA,NA,NA
376.113,5.8646,13.8873,6.1536,15.3493,55041.2840,81.6160,NA,NA,NA,NA,NA,NA,NA,NA,NA,NA
376.224,5.8610,13.8185,6.1505,15.2903,27773.9000,-8.3563,180383.5680,0.0000,NA,NA,NA,NA,NA,NA,NA,NA
376.313,5.8584,13.7667,6.1472,15.2286,58628.0720,93.4511,NA,NA,NA,NA,NA,NA,NA,NA,NA,NA
376.462,5.8551,13.7041,6.1469,15.2227,58628.0720,93.4511,NA,NA,NA,NA,NA,NA,NA,NA,NA,NA
376.523,5.8532,13.6664,6.1465,15.2168,26078.3800,-13.9509,NA,NA,NA,NA,NA,NA,NA,NA,NA,NA
376.614,5.8510,13.6243,6.1418,15.1277,24492.7360,-19.1830,NA,NA,NA,NA,NA,NA,NA,NA,NA,NA
376.718,5.8500,13.6047,6.1417,15.1260,26243.0000,-13.4077,NA,NA,NA,NA,NA,NA,NA,NA,NA,NA
376.812,5.8427,13.4615,6.1417,15.1260,48152.9880,58.8872,NA,NA,NA,NA,NA,NA,NA,NA,NA,NA
376.912,5.8384,13.3798,6.1406,15.1056,52432.7120,73.0087,NA,NA,NA,NA,NA,NA,NA,NA,NA,NA
377.055,5.8317,13.2486,6.1342,14.9846,56458.1120,86.2910,NA,NA,NA,NA,NA,NA,NA,NA,NA,NA
377.103,5.8307,13.2288,6.1321,14.9458,56458.1120,86.2910,NA,NA,NA,NA,NA,NA,NA,NA,NA,NA
377.209,5.8227,13.0748,6.1274,14.8579,25592.2380,-15.5550,187129.2160,0.0000,NA,NA,NA,NA,NA,NA,NA,NA
377.301,5.8215,13.0505,6.1274,14.8579,50488.0480,66.5920,NA,NA,NA,NA,NA,NA,NA,NA,NA,NA
377.407,5.8254,13.1260,6.1236,14.7869,50488.0480,66.5920,NA,NA,NA,NA,NA,NA,NA,NA,NA,NA
377.505,5.8254,13.1260,6.1221,14.7588,27412.6960,-9.5482,183964.3680,0.0000,NA,NA,NA,NA,NA,NA,NA,NA
377.595,5.8241,13.1018,6.1205,14.7296,55620.4000,83.5269,NA,NA,NA,NA,NA,NA,NA,NA,NA,NA
377.702,5.8184,12.9905,6.1193,14.7061,NA,NA,NA,NA,NA,NA,NA,NA,NA,NA,NA,NA
377.799,5.8176,12.9755,6.1193,14.7061,NA,NA,NA,NA,NA,NA,NA,NA,NA,NA,NA,NA
377.904,5.8124,12.8739,6.1190,14.7001,31590.2520,4.2362,NA,NA,NA,NA,NA,NA,NA,NA,NA,NA
377.993,5.8076,12.7801,6.1184,14.6893,32282.3160,6.5198,NA,NA,NA,NA,NA,NA,NA,NA,NA,NA
378.096,5.8061,12.7522,6.1094,14.5209,32282.3160,6.5198,NA,NA,NA,NA,NA,NA,NA,NA,NA,NA
378.195,5.8056,12.7418,6.1047,14.4329,23435.5640,-22.6712,NA,NA,NA,NA,NA,NA,NA,NA,NA,NA
378.294,5.8056,12.7418,6.0977,14.3010,25011.8320,-17.4701,NA,NA,NA,NA,NA,NA,NA,NA,NA,NA
378.391,5.8034,12.6997,6.0900,14.1569,45898.7800,51.4491,NA,NA,NA,NA,NA,NA,NA,NA,NA,NA
378.484,5.7951,12.5388,6.0877,14.1139,49456.8160,63.1893,NA,NA,NA,NA,NA,NA,NA,NA,NA,NA
378.592,5.7869,12.3787,6.0840,14.0450,52539.5440,73.3612,NA,NA,NA,NA,NA,NA,NA,NA,NA,NA
378.681,5.7798,12.2405,6.0824,14.0143,52539.5440,73.3612,NA,NA,NA,NA,NA,NA,NA,NA,NA,NA
378.811,5.7772,12.1905,6.0794,13.9583,24738.9280,-18.3706,NA,NA,NA,NA,NA,NA,NA,NA,NA,NA
378.882,5.7662,11.9763,6.0786,13.9434,24738.9280,-18.3706,NA,NA,NA,NA,NA,NA,NA,NA,NA,NA
378.984,5.7632,11.9186,6.0702,13.7851,24795.2480,-18.1848,NA,NA,NA,NA,NA,NA,NA,NA,NA,NA
379.085,5.7603,11.8616,6.0695,13.7723,43216.2120,42.5976,NA,NA,NA,NA,NA,NA,NA,NA,NA,NA
379.190,5.7535,11.7298,6.0665,13.7170,46371.8960,53.0102,NA,NA,NA,NA,NA,NA,NA,NA,NA,NA
379.283,5.7499,11.6606,6.0653,13.6945,51805.1040,70.9378,NA,NA,NA,NA,NA,NA,NA,NA,NA,NA
379.425,5.7442,11.5494,6.0617,13.6261,51805.1040,70.9378,NA,NA,NA,NA,NA,NA,NA,NA,NA,NA
379.473,5.7422,11.5103,6.0617,13.6259,27497.3800,-9.2687,175607.8080,0.0000,NA,NA,NA,NA,NA,NA,NA,NA
379.579,5.7380,11.4287,6.0567,13.5326,58024.1640,91.4584,NA,NA,NA,NA,NA,NA,NA,NA,NA,NA
379.672,5.7359,11.3877,6.0543,13.4882,58024.1640,91.4584,NA,NA,NA,NA,NA,NA,NA,NA,NA,NA
379.777,5.7345,11.3612,6.0536,13.4748,26199.6940,-13.5506,NA,NA,NA,NA,NA,NA,NA,NA,NA,NA
379.865,5.7309,11.2913,6.0527,13.4576,28411.7200,-6.2518,NA,NA,NA,NA,NA,NA,NA,NA,NA,NA
379.993,5.7301,11.2762,6.0496,13.4005,30597.5940,0.9608,NA,NA,NA,NA,NA,NA,NA,NA,NA,NA
380.061,5.7306,11.2853,6.0465,13.3409,30597.5940,0.9608,NA,NA,NA,NA,NA,NA,NA,NA,NA,NA
380.158,5.7306,11.2853,6.0446,13.3058,22849.6640,-24.6045,NA,NA,NA,NA,NA,NA,NA,NA,NA,NA
380.258,5.7255,11.1854,6.0426,13.2690,25054.8660,-17.3281,NA,NA,NA,NA,NA,NA,NA,NA,NA,NA
380.365,5.7221,11.1207,6.0402,13.2233,46146.5000,52.2665,NA,NA,NA,NA,NA,NA,NA,NA,NA,NA
380.456,5.7190,11.0604,6.0393,13.2075,52398.3800,72.8954,NA,NA,NA,NA,NA,NA,NA,NA,NA,NA
380.583,5.7173,11.0265,6.0393,13.2075,58878.8520,94.2786,NA,NA,NA,NA,NA,NA,NA,NA,NA,NA
380.651,5.7094,10.8746,6.0390,13.2016,58878.8520,94.2786,NA,NA,NA,NA,NA,NA,NA,NA,NA,NA
380.767,5.7057,10.8012,6.0381,13.1839,26740.4640,-11.7663,NA,NA,NA,NA,NA,NA,NA,NA,NA,NA
380.859,5.7057,10.8012,6.0341,13.1085,26740.4640,-11.7663,NA,NA,NA,NA,NA,NA,NA,NA,NA,NA
380.952,5.7039,10.7667,6.0319,13.0682,26445.7080,-12.7389,NA,NA,NA,NA,NA,NA,NA,NA,NA,NA
381.054,5.6962,10.6175,6.0308,13.0478,48840.1120,61.1544,NA,NA,NA,NA,NA,NA,NA,NA,NA,NA
381.158,5.6885,10.4679,6.0282,12.9981,52433.1240,73.0100,NA,NA,NA,NA,NA,NA,NA,NA,NA,NA
381.261,5.6897,10.4913,6.0282,12.9981,56780.2520,87.3540,NA,NA,NA,NA,NA,NA,NA,NA,NA,NA
381.355,5.6897,10.4913,6.0236,12.9116,56780.2520,87.3540,NA,NA,NA,NA,NA,NA,NA,NA,NA,NA
381.449,5.6904,10.5057,6.0221,12.8835,25777.1600,-14.9448,NA,NA,NA,NA,NA,NA,NA,NA,NA,NA
381.543,5.6904,10.5057,6.0194,12.8330,28010.5280,-7.5755,NA,NA,NA,NA,NA,NA,NA,NA,NA,NA
381.635,5.6870,10.4393,6.0145,12.7421,28010.5280,-7.5755,NA,NA,NA,NA,NA,NA,NA,NA,NA,NA
381.743,5.6849,10.3973,6.0136,12.7247,23140.8820,-23.6436,NA,NA,NA,NA,NA,NA,NA,NA,NA,NA
381.838,5.6845,10.3898,6.0103,12.6627,24891.4800,-17.8673,NA,NA,NA,NA,NA,NA,NA,NA,NA,NA
381.933,5.6826,10.3531,6.0087,12.6331,46870.8320,54.6565,NA,NA,NA,NA,NA,NA,NA,NA,NA,NA
382.034,5.6748,10.2025,6.0089,12.6366,49749.5880,64.1554,NA,NA,NA,NA,NA,NA,NA,NA,NA,NA
382.127,5.6668,10.0461,6.0089,12.6366,53252.8560,75.7149,NA,NA,NA,NA,NA,NA,NA,NA,NA,NA
382.230,5.6628,9.9695,6.0057,12.5776,57901.0480,91.0522,NA,NA,NA,NA,NA,NA,NA,NA,NA,NA
382.322,5.6593,9.9012,6.0046,12.5570,57901.0480,91.0522,NA,NA,NA,NA,NA,NA,NA,NA,NA,NA
382.420,5.6583,9.8812,6.0003,12.4750,26452.4320,-12.7167,NA,NA,NA,NA,NA,NA,NA,NA,NA,NA
382.531,5.6533,9.7834,5.9961,12.3961,28733.3380,-5.1905,NA,NA,NA,NA,NA,NA,NA,NA,NA,NA
382.625,5.6533,9.7834,5.9929,12.3377,28733.3380,-5.1905,NA,NA,NA,NA,NA,NA,NA,NA,NA,NA
382.720,5.6529,9.7763,5.9856,12.2004,23558.4240,-22.2659,NA,NA,NA,NA,NA,NA,NA,NA,NA,NA
382.813,5.6512,9.7445,5.9824,12.1391,25373.4840,-16.2768,NA,NA,NA,NA,NA,NA,NA,NA,NA,NA
382.924,5.6484,9.6896,5.9806,12.1055,47991.0360,58.3528,NA,NA,NA,NA,NA,NA,NA,NA,NA,NA
383.020,5.6420,9.5652,5.9769,12.0362,51015.6680,68.3330,NA,NA,NA,NA,NA,NA,NA,NA,NA,NA
383.107,5.6388,9.5025,5.9738,11.9789,54398.9320,79.4965,NA,NA,NA,NA,NA,NA,NA,NA,NA,NA
383.207,5.6333,9.3959,5.9721,11.9471,54398.9320,79.4965,NA,NA,NA,NA,NA,NA,NA,NA,NA,NA
383.302,5.6275,9.2842,5.9715,11.9352,25060.3380,-17.3101,NA,NA,NA,NA,NA,NA,NA,NA,NA,NA
383.403,5.6195,9.1273,5.9669,11.8496,26507.8000,-12.5340,NA,NA,NA,NA,NA,NA,NA,NA,NA,NA
383.499,5.6218,9.1722,5.9645,11.8043,29149.7060,-3.8167,NA,NA,NA,NA,NA,NA,NA,NA,NA,NA
383.652,5.6218,9.1722,5.9607,11.7328,29149.7060,-3.8167,NA,NA,NA,NA,NA,NA,NA,NA,NA,NA
383.703,5.6162,9.0639,5.9582,11.6857,24008.0280,-20.7823,NA,NA,NA,NA,NA,NA,NA,NA,NA,NA
383.795,5.6162,9.0639,5.9568,11.6597,25888.2940,-14.5781,NA,NA,NA,NA,NA,NA,NA,NA,NA,NA
383.891,5.6098,8.9389,5.9555,11.6352,49261.8960,62.5462,NA,NA,NA,NA,NA,NA,NA,NA,NA,NA
383.988,5.6060,8.8650,5.9548,11.6234,52480.6680,73.1669,NA,NA,NA,NA,NA,NA,NA,NA,NA,NA
384.095,5.6042,8.8312,5.9531,11.5902,55551.0480,83.2981,NA,NA,NA,NA,NA,NA,NA,NA,NA,NA
384.250,5.6023,8.7948,5.9520,11.5701,55551.0480,83.2981,NA,NA,NA,NA,NA,NA,NA,NA,NA,NA
384.307,5.6020,8.7886,5.9479,11.4926,25746.0340,-15.0475,NA,NA,NA,NA,NA,NA,NA,NA,NA,NA
384.397,5.5997,8.7433,5.9459,11.4566,24427.5540,-19.3980,NA,NA,NA,NA,NA,NA,NA,NA,NA,NA
384.491,5.5997,8.7433,5.9443,11.4252,26086.2660,-13.9249,NA,NA,NA,NA,NA,NA,NA,NA,NA,NA
384.595,5.5911,8.5762,5.9390,11.3258,47981.4240,58.3211,NA,NA,NA,NA,NA,NA,NA,NA,NA,NA
384.684,5.5880,8.5160,5.9337,11.2271,51156.4920,68.7976,NA,NA,NA,NA,NA,NA,NA,NA,NA,NA
384.823,5.5879,8.5135,5.9337,11.2271,53996.9880,78.1702,NA,NA,NA,NA,NA,NA,NA,NA,NA,NA
384.883,5.5879,8.5135,5.9296,11.1499,53996.9880,78.1702,NA,NA,NA,NA,NA,NA,NA,NA,NA,NA
384.978,5.5849,8.4564,5.9292,11.1436,26612.1380,-12.1897,186060.0640,0.0000,NA,NA,NA,NA,NA,NA,NA,NA
385.086,5.5837,8.4324,5.9292,11.1436,51901.2440,71.2550,NA,NA,NA,NA,NA,NA,NA,NA,NA,NA
385.176,5.5792,8.3459,5.9280,11.1204,51901.2440,71.2550,NA,NA,NA,NA,NA,NA,NA,NA,NA,NA
385.272,5.5811,8.3813,5.9278,11.1162,27535.6580,-9.1424,176385.9040,0.0000,NA,NA,NA,NA,NA,NA,NA,NA
385.382,5.5814,8.3881,5.9278,11.1162,57806.5200,90.7403,NA,NA,NA,NA,NA,NA,NA,NA,NA,NA
385.487,5.5814,8.3881,5.9216,10.9999,NA,NA,NA,NA,NA,NA,NA,NA,NA,NA,NA,NA
385.578,5.5777,8.3165,5.9179,10.9312,NA,NA,NA,NA,NA,NA,NA,NA,NA,NA,NA,NA
385.672,5.5784,8.3296,5.9156,10.8872,31364.2040,3.4904,NA,NA,NA,NA,NA,NA,NA,NA,NA,NA
385.780,5.5815,8.3895,5.9143,10.8641,32625.6640,7.6527,193134.3840,0.0000,NA,NA,NA,NA,NA,NA,NA,NA
385.880,5.5815,8.3895,5.9123,10.8260,32625.6640,7.6527,193134.3840,0.0000,NA,NA,NA,NA,NA,NA,NA,NA
386.032,5.5799,8.3589,5.9106,10.7941,54126.1440,78.5964,NA,NA,NA,NA,NA,NA,NA,NA,NA,NA
386.074,5.5763,8.2884,5.9091,10.7669,57349.9280,89.2337,NA,NA,NA,NA,NA,NA,NA,NA,NA,NA
386.185,5.5779,8.3196,5.9091,10.7669,57349.9280,89.2337,NA,NA,NA,NA,NA,NA,NA,NA,NA,NA
386.272,5.5779,8.3196,5.9004,10.6025,25969.4260,-14.3104,NA,NA,NA,NA,NA,NA,NA,NA,NA,NA
386.373,5.5779,8.3203,5.8956,10.5122,24417.7900,-19.4303,NA,NA,NA,NA,NA,NA,NA,NA,NA,NA
386.472,5.5779,8.3203,5.8996,10.5872,26095.5800,-13.8942,NA,NA,NA,NA,NA,NA,NA,NA,NA,NA
386.594,5.5645,8.0598,5.8996,10.5872,47925.7920,58.1375,NA,NA,NA,NA,NA,NA,NA,NA,NA,NA
386.662,5.5642,8.0542,5.8910,10.4262,51881.9600,71.1914,NA,NA,NA,NA,NA,NA,NA,NA,NA,NA
386.770,5.5603,7.9778,5.8882,10.3751,55346.1800,82.6221,NA,NA,NA,NA,NA,NA,NA,NA,NA,NA
386.860,5.5605,7.9828,5.8882,10.3751,55346.1800,82.6221,NA,NA,NA,NA,NA,NA,NA,NA,NA,NA
386.969,5.5629,8.0294,5.8832,10.2801,25671.3600,-15.2939,184234.6720,0.0000,NA,NA,NA,NA,NA,NA,NA,NA
387.057,5.5629,8.0294,5.8820,10.2577,50549.0960,66.7934,NA,NA,NA,NA,NA,NA,NA,NA,NA,NA
387.184,5.5552,7.8798,5.8833,10.2824,50549.0960,66.7934,NA,NA,NA,NA,NA,NA,NA,NA,NA,NA
387.262,5.5574,7.9211,5.8833,10.2824,26005.8260,-14.1903,NA,NA,NA,NA,NA,NA,NA,NA,NA,NA
387.371,5.5607,7.9869,5.8795,10.2108,23269.2820,-23.2199,NA,NA,NA,NA,NA,NA,NA,NA,NA,NA
387.462,5.5607,7.9869,5.8795,10.2108,25196.7640,-16.8599,NA,NA,NA,NA,NA,NA,NA,NA,NA,NA
387.555,5.5563,7.9014,5.8728,10.0859,45436.1280,49.9225,NA,NA,NA,NA,NA,NA,NA,NA,NA,NA
387.662,5.5547,7.8703,5.8711,10.0539,52214.0680,72.2872,NA,NA,NA,NA,NA,NA,NA,NA,NA,NA
387.757,5.5548,7.8723,5.8711,10.0539,59373.8920,95.9120,NA,NA,NA,NA,NA,NA,NA,NA,NA,NA
387.880,5.5548,7.8723,5.8657,9.9528,59373.8920,95.9120,NA,NA,NA,NA,NA,NA,NA,NA,NA,NA
387.952,5.5497,7.7724,5.8643,9.9261,27494.4480,-9.2784,194405.7760,0.0000,NA,NA,NA,NA,NA,NA,NA,NA
388.053,5.5479,7.7381,5.8664,9.9648,56096.2880,85.0971,NA,NA,NA,NA,NA,NA,NA,NA,NA,NA
388.148,5.5456,7.6925,5.8664,9.9648,56096.2880,85.0971,NA,NA,NA,NA,NA,NA,NA,NA,NA,NA
388.253,5.5451,7.6836,5.8617,9.8773,26072.6540,-13.9698,NA,NA,NA,NA,NA,NA,NA,NA,NA,NA
388.340,5.5459,7.6991,5.8617,9.8773,27564.4320,-9.0475,NA,NA,NA,NA,NA,NA,NA,NA,NA,NA
388.472,5.5467,7.7149,5.8587,9.8221,27564.4320,-9.0475,NA,NA,NA,NA,NA,NA,NA,NA,NA,NA
388.545,5.5467,7.7149,5.8528,9.7105,21819.7060,-28.0030,NA,NA,NA,NA,NA,NA,NA,NA,NA,NA
388.639,5.5458,7.6971,5.8487,9.6335,24070.4160,-20.5765,NA,NA,NA,NA,NA,NA,NA,NA,NA,NA
388.732,5.5457,7.6953,5.8473,9.6067,26426.5700,-12.8020,NA,NA,NA,NA,NA,NA,NA,NA,NA,NA
388.852,5.5402,7.5889,5.8426,9.5198,50229.2320,65.7380,NA,NA,NA,NA,NA,NA,NA,NA,NA,NA
388.939,5.5394,7.5730,5.8405,9.4808,50229.2320,65.7380,NA,NA,NA,NA,NA,NA,NA,NA,NA,NA
389.059,5.5394,7.5730,5.8371,9.4170,30718.9920,1.3614,NA,NA,NA,NA,NA,NA,NA,NA,NA,NA
389.135,5.5382,7.5484,5.8356,9.3882,30718.9920,1.3614,NA,NA,NA,NA,NA,NA,NA,NA,NA,NA
389.230,5.5382,7.5484,5.8348,9.3735,23068.2180,-23.8834,NA,NA,NA,NA,NA,NA,NA,NA,NA,NA
389.331,5.5365,7.5153,5.8317,9.3159,24687.0340,-18.5419,NA,NA,NA,NA,NA,NA,NA,NA,NA,NA
389.428,5.5338,7.4635,5.8314,9.3104,44611.1440,47.2004,NA,NA,NA,NA,NA,NA,NA,NA,NA,NA
389.525,5.5279,7.3494,5.8314,9.3104,48823.9520,61.1011,NA,NA,NA,NA,NA,NA,NA,NA,NA,NA
389.622,5.5268,7.3280,5.8301,9.2857,52794.8640,74.2037,NA,NA,NA,NA,NA,NA,NA,NA,NA,NA
389.721,5.5270,7.3325,5.8260,9.2080,56079.6840,85.0424,NA,NA,NA,NA,NA,NA,NA,NA,NA,NA
389.823,5.5304,7.3970,5.8255,9.1998,56079.6840,85.0424,NA,NA,NA,NA,NA,NA,NA,NA,NA,NA
389.917,5.5309,7.4070,5.8231,9.1533,26679.3700,-11.9679,191911.8400,0.0000,NA,NA,NA,NA,NA,NA,NA,NA
390.025,5.5309,7.4070,5.8196,9.0883,51676.5520,70.5136,NA,NA,NA,NA,NA,NA,NA,NA,NA,NA
390.122,5.5301,7.3923,5.8189,9.0755,51676.5520,70.5136,NA,NA,NA,NA,NA,NA,NA,NA,NA,NA
390.217,5.5249,7.2905,5.8189,9.0755,28434.7360,-6.1758,185704.7520,0.0000,NA,NA,NA,NA,NA,NA,NA,NA
390.313,5.5224,7.2417,5.8132,8.9686,58203.0320,92.0486,NA,NA,NA,NA,NA,NA,NA,NA,NA,NA
390.418,5.5224,7.2417,5.8083,8.8757,58203.0320,92.0486,NA,NA,NA,NA,NA,NA,NA,NA,NA,NA
390.518,5.5230,7.2541,5.8079,8.8688,25905.1680,-14.5225,NA,NA,NA,NA,NA,NA,NA,NA,NA,NA
390.611,5.5230,7.2541,5.8064,8.8407,24668.8680,-18.6018,NA,NA,NA,NA,NA,NA,NA,NA,NA,NA
390.719,5.5229,7.2516,5.8068,8.8490,26491.2500,-12.5886,NA,NA,NA,NA,NA,NA,NA,NA,NA,NA
390.820,5.5191,7.1777,5.8068,8.8490,50472.7600,66.5416,NA,NA,NA,NA,NA,NA,NA,NA,NA,NA
390.906,5.5189,7.1736,5.8041,8.7981,53650.9360,77.0284,NA,NA,NA,NA,NA,NA,NA,NA,NA,NA
391.024,5.5170,7.1376,5.8041,8.7981,56983.5640,88.0248,NA,NA,NA,NA,NA,NA,NA,NA,NA,NA
391.100,5.5145,7.0889,5.8019,8.7562,56983.5640,88.0248,NA,NA,NA,NA,NA,NA,NA,NA,NA,NA
391.200,5.5139,7.0766,5.7984,8.6906,26634.9680,-12.1144,NA,NA,NA,NA,NA,NA,NA,NA,NA,NA
391.311,5.5137,7.0733,5.7964,8.6537,28247.2380,-6.7945,NA,NA,NA,NA,NA,NA,NA,NA,NA,NA
391.408,5.5125,7.0501,5.7963,8.6524,28247.2380,-6.7945,NA,NA,NA,NA,NA,NA,NA,NA,NA,NA
391.523,5.5114,7.0293,5.7935,8.5994,22436.2580,-25.9686,NA,NA,NA,NA,NA,NA,NA,NA,NA,NA
391.599,5.5087,6.9760,5.7916,8.5637,24674.4900,-18.5832,NA,NA,NA,NA,NA,NA,NA,NA,NA,NA
391.690,5.5072,6.9475,5.7904,8.5418,46028.7720,51.8780,NA,NA,NA,NA,NA,NA,NA,NA,NA,NA
391.794,5.5012,6.8308,5.7902,8.5369,50900.0760,67.9516,NA,NA,NA,NA,NA,NA,NA,NA,NA,NA
391.887,5.4980,6.7675,5.7902,8.5369,54909.3440,81.1807,NA,NA,NA,NA,NA,NA,NA,NA,NA,NA
392.042,5.4920,6.6526,5.7911,8.5547,57895.9680,91.0354,NA,NA,NA,NA,NA,NA,NA,NA,NA,NA
392.084,5.4913,6.6375,5.7911,8.5547,57895.9680,91.0354,NA,NA,NA,NA,NA,NA,NA,NA,NA,NA
392.182,5.4912,6.6368,5.7889,8.5127,27599.3260,-8.9324,NA,NA,NA,NA,NA,NA,NA,NA,NA,NA
392.280,5.4887,6.5872,5.7844,8.4293,29281.4920,-3.3818,NA,NA,NA,NA,NA,NA,NA,NA,NA,NA
392.379,5.4887,6.5872,5.7825,8.3921,29281.4920,-3.3818,NA,NA,NA,NA,NA,NA,NA,NA,NA,NA
392.475,5.4867,6.5498,5.7762,8.2755,22823.5260,-24.6907,NA,NA,NA,NA,NA,NA,NA,NA,NA,NA
392.605,5.4867,6.5498,5.7698,8.1552,24990.3960,-17.5409,NA,NA,NA,NA,NA,NA,NA,NA,NA,NA
392.672,5.4857,6.5289,5.7655,8.0738,46493.8400,53.4126,NA,NA,NA,NA,NA,NA,NA,NA,NA,NA
392.780,5.4807,6.4325,5.7645,8.0554,51761.1600,70.7928,NA,NA,NA,NA,NA,NA,NA,NA,NA,NA
392.875,5.4730,6.2825,5.7607,7.9846,51761.1600,70.7928,NA,NA,NA,NA,NA,NA,NA,NA,NA,NA
392.978,5.4729,6.2803,5.7579,7.9317,32045.7520,5.7392,NA,NA,NA,NA,NA,NA,NA,NA,NA,NA
393.072,5.4729,6.2818,5.7535,7.8488,32045.7520,5.7392,NA,NA,NA,NA,NA,NA,NA,NA,NA,NA
393.169,5.4733,6.2892,5.7525,7.8298,24006.0540,-20.7888,NA,NA,NA,NA,NA,NA,NA,NA,NA,NA
393.279,5.4733,6.2892,5.7543,7.8646,25633.6760,-15.4183,NA,NA,NA,NA,NA,NA,NA,NA,NA,NA
393.368,5.4828,6.4725,5.7914,8.5602,46642.3920,53.9028,NA,NA,NA,NA,NA,NA,NA,NA,NA,NA
393.466,5.5094,6.9897,5.8315,9.3111,50722.1280,67.3644,NA,NA,NA,NA,NA,NA,NA,NA,NA,NA
393.563,5.5408,7.5990,5.8844,10.3022,54999.8080,81.4792,NA,NA,NA,NA,NA,NA,NA,NA,NA,NA
393.658,5.5770,8.3026,5.9275,11.1113,54999.8080,81.4792,NA,NA,NA,NA,NA,NA,NA,NA,NA,NA
393.758,5.6223,9.1831,5.9747,11.9961,25255.7400,-16.6653,185371.4720,0.0000,NA,NA,NA,NA,NA,NA,NA,NA
393.863,5.6593,9.9013,6.0203,12.8506,50923.1040,68.0275,NA,NA,NA,NA,NA,NA,NA,NA,NA,NA
393.970,5.6856,10.4124,6.0502,13.4105,50923.1040,68.0275,NA,NA,NA,NA,NA,NA,NA,NA,NA,NA
394.051,5.7183,11.0463,6.0979,14.3047,26174.7060,-13.6331,NA,NA,NA,NA,NA,NA,NA,NA,NA,NA
394.160,5.7363,11.3952,6.1270,14.8512,29323.4600,-3.2434,192054.3680,0.0000,NA,NA,NA,NA,NA,NA,NA,NA
394.262,5.7630,11.9146,6.1563,15.3997,29555.3280,-2.4783,NA,NA,NA,NA,NA,NA,NA,NA,NA,NA
394.354,5.8034,12.6988,6.1886,16.0055,29555.3280,-2.4783,NA,NA,NA,NA,NA,NA,NA,NA,NA,NA
394.459,5.8389,13.3888,6.2298,16.7773,23017.3600,-24.0512,NA,NA,NA,NA,NA,NA,NA,NA,NA,NA
394.560,5.8786,14.1588,6.2612,17.3657,25226.6980,-16.7612,NA,NA,NA,NA,NA,NA,NA,NA,NA,NA
394.654,5.9011,14.5973,6.3025,18.1406,47090.2640,55.3806,NA,NA,NA,NA,NA,NA,NA,NA,NA,NA
394.746,5.9237,15.0353,6.3457,18.9502,52311.9240,72.6101,NA,NA,NA,NA,NA,NA,NA,NA,NA,NA
394.851,5.9587,15.7142,6.3816,19.6227,56321.9920,85.8419,NA,NA,NA,NA,NA,NA,NA,NA,NA,NA
394.948,5.9852,16.2296,6.4133,20.2166,56321.9920,85.8419,NA,NA,NA,NA,NA,NA,NA,NA,NA,NA
395.040,6.0150,16.8077,6.4448,20.8077,25865.4520,-14.6535,NA,NA,NA,NA,NA,NA,NA,NA,NA,NA
395.143,6.0449,17.3890,6.4676,21.2360,27918.8120,-7.8782,NA,NA,NA,NA,NA,NA,NA,NA,NA,NA
395.244,6.0645,17.7691,6.4894,21.6436,30070.3600,-0.7789,NA,NA,NA,NA,NA,NA,NA,NA,NA,NA
395.339,6.0847,18.1621,6.5166,22.1545,30070.3600,-0.7789,NA,NA,NA,NA,NA,NA,NA,NA,NA,NA
395.435,6.1049,18.5535,6.5423,22.6361,23296.9560,-23.1286,NA,NA,NA,NA,NA,NA,NA,NA,NA,NA
395.532,6.1162,18.7726,6.5616,22.9978,25506.6260,-15.8375,NA,NA,NA,NA,NA,NA,NA,NA,NA,NA
395.627,6.1319,19.0781,6.5965,23.6517,47458.7480,56.5964,NA,NA,NA,NA,NA,NA,NA,NA,NA,NA
395.729,6.1485,19.4018,6.6149,23.9963,53070.7440,75.1140,NA,NA,NA,NA,NA,NA,NA,NA,NA,NA
395.828,6.1697,19.8134,6.6401,24.4678,58133.6600,91.8197,NA,NA,NA,NA,NA,NA,NA,NA,NA,NA
395.923,6.1911,20.2273,6.6539,24.7267,58133.6600,91.8197,NA,NA,NA,NA,NA,NA,NA,NA,NA,NA
396.028,6.2014,20.4274,6.6736,25.0967,26572.1100,-12.3218,NA,NA,NA,NA,NA,NA,NA,NA,NA,NA
396.118,6.2132,20.6566,6.6809,25.2331,28886.0020,-4.6868,NA,NA,NA,NA,NA,NA,NA,NA,NA,NA
396.219,6.2304,20.9906,6.6855,25.3189,28886.0020,-4.6868,NA,NA,NA,NA,NA,NA,NA,NA,NA,NA
396.320,6.2415,21.2065,6.6863,25.3338,21546.7960,-28.9035,NA,NA,NA,NA,NA,NA,NA,NA,NA,NA
396.411,6.2574,21.5147,6.6984,25.5616,23261.3960,-23.2459,NA,NA,NA,NA,NA,NA,NA,NA,NA,NA
396.515,6.2575,21.5175,6.7016,25.6220,25686.5360,-15.2439,NA,NA,NA,NA,NA,NA,NA,NA,NA,NA
396.609,6.2575,21.5175,6.7044,25.6745,47871.9080,57.9597,NA,NA,NA,NA,NA,NA,NA,NA,NA,NA
396.712,6.2636,21.6360,6.7077,25.7358,53702.4880,77.1985,NA,NA,NA,NA,NA,NA,NA,NA,NA,NA
396.805,6.2778,21.9114,6.7108,25.7937,59578.2480,96.5863,NA,NA,NA,NA,NA,NA,NA,NA,NA,NA
396.915,6.2804,21.9630,6.7189,25.9458,59578.2480,96.5863,NA,NA,NA,NA,NA,NA,NA,NA,NA,NA
397.009,6.2867,22.0844,6.7214,25.9928,26569.0400,-12.3319,NA,NA,NA,NA,NA,NA,NA,NA,NA,NA
397.112,6.2874,22.0976,6.7214,25.9928,25176.6200,-16.9264,NA,NA,NA,NA,NA,NA,NA,NA,NA,NA
397.213,6.2874,22.0976,6.7200,25.9658,46668.5240,53.9890,NA,NA,NA,NA,NA,NA,NA,NA,NA,NA
397.317,6.2848,22.0472,6.7169,25.9077,49774.6360,64.2380,NA,NA,NA,NA,NA,NA,NA,NA,NA,NA
397.403,6.2848,22.0472,6.7121,25.8182,53229.4560,75.6377,NA,NA,NA,NA,NA,NA,NA,NA,NA,NA
397.500,6.2829,22.0108,6.7121,25.8175,57665.3400,90.2744,NA,NA,NA,NA,NA,NA,NA,NA,NA,NA
397.603,6.2771,21.8973,6.7031,25.6499,57665.3400,90.2744,NA,NA,NA,NA,NA,NA,NA,NA,NA,NA
397.711,6.2740,21.8378,6.6863,25.3353,26850.0460,-11.4047,NA,NA,NA,NA,NA,NA,NA,NA,NA,NA
397.796,6.2731,21.8199,6.6709,25.0455,28922.0920,-4.5677,NA,NA,NA,NA,NA,NA,NA,NA,NA,NA
397.889,6.2731,21.8199,6.6556,24.7588,28922.0920,-4.5677,NA,NA,NA,NA,NA,NA,NA,NA,NA,NA
398.003,6.2683,21.7267,6.6488,24.6315,23427.6660,-22.6973,NA,NA,NA,NA,NA,NA,NA,NA,NA,NA
398.094,6.2664,21.6909,6.6228,24.1436,25323.4800,-16.4418,NA,NA,NA,NA,NA,NA,NA,NA,NA,NA
398.195,6.2640,21.6443,6.6048,23.8074,47576.1200,56.9837,NA,NA,NA,NA,NA,NA,NA,NA,NA,NA
398.284,6.2574,21.5150,6.5950,23.6225,51483.5200,69.8767,NA,NA,NA,NA,NA,NA,NA,NA,NA,NA
398.385,6.2489,21.3498,6.5828,23.3943,54487.5520,79.7889,NA,NA,NA,NA,NA,NA,NA,NA,NA,NA
398.490,6.2436,21.2478,6.5678,23.1125,54487.5520,79.7889,NA,NA,NA,NA,NA,NA,NA,NA,NA,NA
398.577,6.2381,21.1410,6.5547,22.8680,25511.6760,-15.8208,NA,NA,NA,NA,NA,NA,NA,NA,NA,NA
398.685,6.2345,21.0705,6.5465,22.7147,27224.9940,-10.1675,NA,NA,NA,NA,NA,NA,NA,NA,NA,NA
398.772,6.2242,20.8700,6.5360,22.5169,29532.1680,-2.5547,NA,NA,NA,NA,NA,NA,NA,NA,NA,NA
398.871,6.2242,20.8700,6.5253,22.3174,29532.1680,-2.5547,NA,NA,NA,NA,NA,NA,NA,NA,NA,NA
398.967,6.2155,20.7023,6.5068,21.9704,23767.7820,-21.5751,NA,NA,NA,NA,NA,NA,NA,NA,NA,NA
399.064,6.2113,20.6195,6.4964,21.7743,25814.4020,-14.8220,NA,NA,NA,NA,NA,NA,NA,NA,NA,NA
399.171,6.1965,20.3336,6.4903,21.6597,48568.1800,60.2572,NA,NA,NA,NA,NA,NA,NA,NA,NA,NA
399.263,6.1894,20.1947,6.4839,21.5411,53091.0400,75.1809,NA,NA,NA,NA,NA,NA,NA,NA,NA,NA
399.357,6.1883,20.1734,6.4763,21.3980,56230.3200,85.5394,NA,NA,NA,NA,NA,NA,NA,NA,NA,NA
399.460,6.1860,20.1284,6.4712,21.3018,56230.3200,85.5394,NA,NA,NA,NA,NA,NA,NA,NA,NA,NA
399.565,6.1799,20.0104,6.4674,21.2308,26364.4880,-13.0069,NA,NA,NA,NA,NA,NA,NA,NA,NA,NA
399.659,6.1840,20.0905,6.4627,21.1435,26364.4880,-13.0069,NA,NA,NA,NA,NA,NA,NA,NA,NA,NA
399.765,6.1840,20.0905,6.4597,21.0878,26306.5280,-13.1981,NA,NA,NA,NA,NA,NA,NA,NA,NA,NA
399.877,6.1654,19.7285,6.4554,21.0060,47706.3240,57.4133,NA,NA,NA,NA,NA,NA,NA,NA,NA,NA
399.960,6.1583,19.5903,6.4514,20.9318,51664.5680,70.4741,NA,NA,NA,NA,NA,NA,NA,NA,NA,NA
400.053,6.1529,19.4871,6.4480,20.8669,55471.1960,83.0346,NA,NA,NA,NA,NA,NA,NA,NA,NA,NA
400.153,6.1479,19.3896,6.4412,20.7405,55471.1960,83.0346,NA,NA,NA,NA,NA,NA,NA,NA,NA,NA
400.250,6.1429,19.2927,6.4368,20.6582,26024.0200,-14.1303,191479.5680,0.0000,NA,NA,NA,NA,NA,NA,NA,NA
400.355,6.1414,19.2631,6.4301,20.5329,51345.9920,69.4229,NA,NA,NA,NA,NA,NA,NA,NA,NA,NA
400.479,6.1213,18.8732,6.4220,20.3794,51345.9920,69.4229,NA,NA,NA,NA,NA,NA,NA,NA,NA,NA
400.544,6.1197,18.8420,6.4118,20.1883,27422.8820,-9.5146,188245.4400,0.0000,NA,NA,NA,NA,NA,NA,NA,NA
400.642,6.1184,18.8168,6.3996,19.9611,55991.5240,84.7515,NA,NA,NA,NA,NA,NA,NA,NA,NA,NA
400.742,6.1132,18.7145,6.3898,19.7758,55991.5240,84.7515,NA,NA,NA,NA,NA,NA,NA,NA,NA,NA
400.850,6.1097,18.6472,6.3771,19.5393,25780.5600,-14.9336,NA,NA,NA,NA,NA,NA,NA,NA,NA,NA
400.948,6.1088,18.6302,6.3697,19.4001,25780.5600,-14.9336,NA,NA,NA,NA,NA,NA,NA,NA,NA,NA
401.097,6.1067,18.5897,6.3574,19.1691,26107.4920,-13.8549,NA,NA,NA,NA,NA,NA,NA,NA,NA,NA
401.140,6.0931,18.3258,6.3469,18.9726,48885.8640,61.3054,NA,NA,NA,NA,NA,NA,NA,NA,NA,NA
401.238,6.0852,18.1723,6.3401,18.8455,52578.2720,73.4890,NA,NA,NA,NA,NA,NA,NA,NA,NA,NA
401.335,6.0830,18.1286,6.3334,18.7190,55708.0680,83.8162,NA,NA,NA,NA,NA,NA,NA,NA,NA,NA
401.440,6.0879,18.2239,6.3389,18.8230,55708.0680,83.8162,NA,NA,NA,NA,NA,NA,NA,NA,NA,NA
401.538,6.1339,19.1165,6.3618,19.2520,26226.1060,-13.4635,NA,NA,NA,NA,NA,NA,NA,NA,NA,NA
401.669,6.1661,19.7430,6.4083,20.1229,28092.7920,-7.3041,NA,NA,NA,NA,NA,NA,NA,NA,NA,NA
401.741,6.2104,20.6021,6.4677,21.2361,28092.7920,-7.3041,NA,NA,NA,NA,NA,NA,NA,NA,NA,NA
401.832,6.2544,21.4564,6.5273,22.3534,21928.2600,-27.6448,NA,NA,NA,NA,NA,NA,NA,NA,NA,NA
401.929,6.2839,22.0310,6.5918,23.5633,24039.5800,-20.6782,NA,NA,NA,NA,NA,NA,NA,NA,NA,NA
402.026,6.3093,22.5242,6.6358,24.3873,26371.9080,-12.9824,NA,NA,NA,NA,NA,NA,NA,NA,NA,NA
402.126,6.3316,22.9570,6.6919,25.4391,49925.1120,64.7345,NA,NA,NA,NA,NA,NA,NA,NA,NA,NA
402.222,6.3461,23.2383,6.7125,25.8266,54292.7080,79.1460,NA,NA,NA,NA,NA,NA,NA,NA,NA,NA
402.319,6.3462,23.2405,6.7155,25.8817,57277.6240,88.9951,NA,NA,NA,NA,NA,NA,NA,NA,NA,NA
402.414,6.3471,23.2585,6.7155,25.8817,57277.6240,88.9951,NA,NA,NA,NA,NA,NA,NA,NA,NA,NA
402.516,6.3471,23.2585,6.7070,25.7230,27067.1380,-10.6884,NA,NA,NA,NA,NA,NA,NA,NA,NA,NA
402.620,6.3435,23.1885,6.6878,25.3622,28856.3360,-4.7847,NA,NA,NA,NA,NA,NA,NA,NA,NA,NA
402.709,6.3430,23.1783,6.6714,25.0558,28856.3360,-4.7847,NA,NA,NA,NA,NA,NA,NA,NA,NA,NA
402.813,6.3345,23.0123,6.6628,24.8939,22223.0500,-26.6721,NA,NA,NA,NA,NA,NA,NA,NA,NA,NA
402.915,6.3329,22.9822,6.6451,24.5614,24338.0420,-19.6934,NA,NA,NA,NA,NA,NA,NA,NA,NA,NA
403.007,6.3257,22.8415,6.6372,24.4151,44972.7640,48.3936,NA,NA,NA,NA,NA,NA,NA,NA,NA,NA
403.104,6.3100,22.5379,6.6229,24.1463,50454.6080,66.4817,NA,NA,NA,NA,NA,NA,NA,NA,NA,NA
403.202,6.2975,22.2948,6.6177,24.0490,55779.6120,84.0522,NA,NA,NA,NA,NA,NA,NA,NA,NA,NA
403.300,6.2870,22.0903,6.6108,23.9200,59757.8440,97.1789,NA,NA,NA,NA,NA,NA,NA,NA,NA,NA
403.426,6.2821,21.9958,6.5967,23.6549,59757.8440,97.1789,NA,NA,NA,NA,NA,NA,NA,NA,NA,NA
403.493,6.2764,21.8849,6.5831,23.3994,28076.1980,-7.3589,NA,NA,NA,NA,NA,NA,NA,NA,NA,NA
403.592,6.2663,21.6879,6.5705,23.1646,29756.4840,-1.8145,NA,NA,NA,NA,NA,NA,NA,NA,NA,NA
403.688,6.2609,21.5841,6.5611,22.9887,29756.4840,-1.8145,NA,NA,NA,NA,NA,NA,NA,NA,NA,NA
403.794,6.2535,21.4393,6.5554,22.8813,22443.8480,-25.9435,NA,NA,NA,NA,NA,NA,NA,NA,NA,NA
403.886,6.2535,21.4393,6.5435,22.6586,24547.4740,-19.0024,NA,NA,NA,NA,NA,NA,NA,NA,NA,NA
403.991,6.2519,21.4079,6.5306,22.4153,45185.7760,49.0965,NA,NA,NA,NA,NA,NA,NA,NA,NA,NA
404.090,6.2458,21.2898,6.5156,22.1348,51403.9080,69.6140,NA,NA,NA,NA,NA,NA,NA,NA,NA,NA
404.187,6.2398,21.1732,6.4983,21.8102,51403.9080,69.6140,NA,NA,NA,NA,NA,NA,NA,NA,NA,NA
404.290,6.2318,21.0194,6.4877,21.6125,30820.3880,1.6960,NA,NA,NA,NA,NA,NA,NA,NA,NA,NA
404.388,6.2318,21.0194,6.4709,21.2979,30820.3880,1.6960,NA,NA,NA,NA,NA,NA,NA,NA,NA,NA
404.481,6.2251,20.8875,6.4610,21.1113,24259.0820,-19.9539,NA,NA,NA,NA,NA,NA,NA,NA,NA,NA
404.585,6.2215,20.8184,6.4550,20.9994,25729.2540,-15.1029,NA,NA,NA,NA,NA,NA,NA,NA,NA,NA
404.679,6.2159,20.7092,6.4414,20.7430,48201.6800,59.0478,NA,NA,NA,NA,NA,NA,NA,NA,NA,NA
404.778,6.2080,20.5559,6.4349,20.6227,51274.9560,69.1885,NA,NA,NA,NA,NA,NA,NA,NA,NA,NA
404.874,6.2020,20.4395,6.4249,20.4347,55653.4520,83.6359,NA,NA,NA,NA,NA,NA,NA,NA,NA,NA
404.983,6.1977,20.3563,6.4216,20.3724,55653.4520,83.6359,NA,NA,NA,NA,NA,NA,NA,NA,NA,NA
405.071,6.1977,20.3563,6.4129,20.2106,25300.8520,-16.5165,NA,NA,NA,NA,NA,NA,NA,NA,NA,NA
405.174,6.1919,20.2429,6.4065,20.0906,27220.2420,-10.1832,195633.8080,0.0000,NA,NA,NA,NA,NA,NA,NA,NA
405.289,6.1853,20.1156,6.3961,19.8941,27220.2420,-10.1832,NA,NA,NA,NA,NA,NA,NA,NA,NA,NA
405.371,6.1853,20.1156,6.3907,19.7932,25432.0660,-16.0835,NA,NA,NA,NA,NA,NA,NA,NA,NA,NA
405.462,6.1833,20.0758,6.3877,19.7365,29162.3800,-3.7749,195863.9520,0.0000,NA,NA,NA,NA,NA,NA,NA,NA
405.570,6.1751,19.9168,6.3824,19.6371,29576.7800,-2.4075,NA,NA,NA,NA,NA,NA,NA,NA,NA,NA
405.674,6.1682,19.7836,6.3757,19.5118,29576.7800,-2.4075,NA,NA,NA,NA,NA,NA,NA,NA,NA,NA
405.765,6.1676,19.7717,6.3696,19.3986,22793.1440,-24.7910,NA,NA,NA,NA,NA,NA,NA,NA,NA,NA
405.892,6.1676,19.7717,6.3665,19.3402,25035.6040,-17.3917,NA,NA,NA,NA,NA,NA,NA,NA,NA,NA
405.961,6.1674,19.7681,6.3617,19.2505,46589.4400,53.7280,NA,NA,NA,NA,NA,NA,NA,NA,NA,NA
406.068,6.1643,19.7082,6.3611,19.2393,52244.0040,72.3860,NA,NA,NA,NA,NA,NA,NA,NA,NA,NA
406.160,6.1578,19.5817,6.3546,19.1166,57477.9960,89.6563,NA,NA,NA,NA,NA,NA,NA,NA,NA,NA
406.256,6.1544,19.5162,6.3483,18.9995,57477.9960,89.6563,NA,NA,NA,NA,NA,NA,NA,NA,NA,NA
406.356,6.1487,19.4056,6.3455,18.9465,26017.8020,-14.1508,NA,NA,NA,NA,NA,NA,NA,NA,NA,NA
406.462,6.1466,19.3630,6.3455,18.9465,28161.7300,-7.0766,NA,NA,NA,NA,NA,NA,NA,NA,NA,NA
406.549,6.1459,19.3510,6.3420,18.8804,30303.5520,-0.0094,NA,NA,NA,NA,NA,NA,NA,NA,NA,NA
406.648,6.1459,19.3510,6.3399,18.8411,30303.5520,-0.0094,NA,NA,NA,NA,NA,NA,NA,NA,NA,NA
406.745,6.1408,19.2504,6.3342,18.7342,23013.1100,-24.0652,NA,NA,NA,NA,NA,NA,NA,NA,NA,NA
406.852,6.1399,19.2342,6.3319,18.6918,25295.0880,-16.5355,NA,NA,NA,NA,NA,NA,NA,NA,NA,NA
406.945,6.1277,18.9974,6.3278,18.6150,47008.5280,55.1109,NA,NA,NA,NA,NA,NA,NA,NA,NA,NA
407.087,6.1230,18.9059,6.3278,18.6150,53046.3680,75.0335,NA,NA,NA,NA,NA,NA,NA,NA,NA,NA
407.136,6.1179,18.8063,6.3207,18.4806,58848.5120,94.1785,NA,NA,NA,NA,NA,NA,NA,NA,NA,NA
407.241,6.1132,18.7153,6.3170,18.4121,58848.5120,94.1785,NA,NA,NA,NA,NA,NA,NA,NA,NA,NA
407.348,6.1084,18.6214,6.3151,18.3772,26759.1420,-11.7047,NA,NA,NA,NA,NA,NA,NA,NA,NA,NA
407.435,6.1045,18.5474,6.3143,18.3616,29090.3380,-4.0126,NA,NA,NA,NA,NA,NA,NA,NA,NA,NA
407.593,6.1032,18.5212,6.3112,18.3036,29090.3380,-4.0126,NA,NA,NA,NA,NA,NA,NA,NA,NA,NA
407.629,6.1032,18.5212,6.3096,18.2738,21419.9500,-29.3220,NA,NA,NA,NA,NA,NA,NA,NA,NA,NA
407.725,6.1009,18.4763,6.3080,18.2425,23058.3040,-23.9161,NA,NA,NA,NA,NA,NA,NA,NA,NA,NA
407.824,6.0996,18.4520,6.3080,18.2425,25499.9600,-15.8595,NA,NA,NA,NA,NA,NA,NA,NA,NA,NA
407.936,6.0884,18.2346,6.3036,18.1605,46919.6800,54.8177,NA,NA,NA,NA,NA,NA,NA,NA,NA,NA
408.028,6.0840,18.1483,6.3004,18.1004,46919.6800,54.8177,NA,NA,NA,NA,NA,NA,NA,NA,NA,NA
408.190,6.0716,17.9076,6.2975,18.0457,28498.3060,-5.9661,NA,NA,NA,NA,NA,NA,NA,NA,NA,NA
408.223,6.0668,17.8137,6.2967,18.0313,28498.3060,-5.9661,NA,NA,NA,NA,NA,NA,NA,NA,NA,NA
408.322,6.0666,17.8095,6.2956,18.0114,23051.7880,-23.9376,NA,NA,NA,NA,NA,NA,NA,NA,NA,NA
408.426,6.0690,17.8564,6.2900,17.9053,24915.7200,-17.7873,NA,NA,NA,NA,NA,NA,NA,NA,NA,NA
408.516,6.0690,17.8564,6.2874,17.8571,47055.3400,55.2653,NA,NA,NA,NA,NA,NA,NA,NA,NA,NA
408.629,6.0495,17.4782,6.2854,17.8200,50504.9360,66.6477,NA,NA,NA,NA,NA,NA,NA,NA,NA,NA
408.713,6.0493,17.4744,6.2844,17.8003,53379.8600,76.1339,NA,NA,NA,NA,NA,NA,NA,NA,NA,NA
408.864,6.0439,17.3699,6.2838,17.7896,58041.4760,91.5155,NA,NA,NA,NA,NA,NA,NA,NA,NA,NA
408.912,6.0413,17.3192,6.2835,17.7838,58041.4760,91.5155,NA,NA,NA,NA,NA,NA,NA,NA,NA,NA
409.012,6.0400,17.2940,6.2817,17.7505,26810.3180,-11.5358,NA,NA,NA,NA,NA,NA,NA,NA,NA,NA
409.105,6.0389,17.2729,6.2758,17.6400,28770.0400,-5.0694,NA,NA,NA,NA,NA,NA,NA,NA,NA,NA
409.207,6.0389,17.2729,6.2715,17.5598,28770.0400,-5.0694,NA,NA,NA,NA,NA,NA,NA,NA,NA,NA
409.304,6.0417,17.3277,6.2702,17.5351,23382.8240,-22.8453,NA,NA,NA,NA,NA,NA,NA,NA,NA,NA
409.413,6.0417,17.3277,6.2670,17.4752,25420.0480,-16.1232,NA,NA,NA,NA,NA,NA,NA,NA,NA,NA
409.502,6.0352,17.2002,6.2613,17.3674,47968.7360,58.2792,NA,NA,NA,NA,NA,NA,NA,NA,NA,NA
409.600,6.0235,16.9738,6.2600,17.3442,51972.9560,71.4917,NA,NA,NA,NA,NA,NA,NA,NA,NA,NA
409.699,6.0216,16.9362,6.2575,17.2968,54925.7640,81.2348,NA,NA,NA,NA,NA,NA,NA,NA,NA,NA
409.793,6.0108,16.7260,6.2564,17.2765,54925.7640,81.2348,NA,NA,NA,NA,NA,NA,NA,NA,NA,NA
409.897,6.0030,16.5750,6.2515,17.1837,25532.3460,-15.7526,NA,NA,NA,NA,NA,NA,NA,NA,NA,NA
409.989,6.0030,16.5750,6.2481,17.1197,27129.7640,-10.4817,NA,NA,NA,NA,NA,NA,NA,NA,NA,NA
410.096,5.9989,16.4961,6.2455,17.0719,29231.3900,-3.5472,NA,NA,NA,NA,NA,NA,NA,NA,NA,NA
410.182,6.0034,16.5834,6.2436,17.0365,29231.3900,-3.5472,NA,NA,NA,NA,NA,NA,NA,NA,NA,NA
410.288,6.0034,16.5834,6.2424,17.0131,23693.1280,-21.8214,NA,NA,NA,NA,NA,NA,NA,NA,NA,NA
410.378,5.9996,16.5100,6.2383,16.9367,25907.6260,-14.5144,NA,NA,NA,NA,NA,NA,NA,NA,NA,NA
410.478,5.9941,16.4017,6.2331,16.8400,48864.1040,61.2336,NA,NA,NA,NA,NA,NA,NA,NA,NA,NA
410.610,5.9875,16.2742,6.2308,16.7961,53713.2120,77.2339,NA,NA,NA,NA,NA,NA,NA,NA,NA,NA
410.678,5.9803,16.1344,6.2289,16.7598,56787.5680,87.3781,NA,NA,NA,NA,NA,NA,NA,NA,NA,NA
410.783,5.9760,16.0515,6.2282,16.7479,56787.5680,87.3781,NA,NA,NA,NA,NA,NA,NA,NA,NA,NA
410.879,5.9739,16.0106,6.2270,16.7253,26332.7940,-13.1115,NA,NA,NA,NA,NA,NA,NA,NA,NA,NA
410.980,5.9724,15.9809,6.2249,16.6858,26332.7940,-13.1115,NA,NA,NA,NA,NA,NA,NA,NA,NA,NA
411.073,5.9714,15.9612,6.2249,16.6847,26380.7300,-12.9533,NA,NA,NA,NA,NA,NA,NA,NA,NA,NA
411.176,5.9692,15.9191,6.2196,16.5861,48002.0240,58.3890,NA,NA,NA,NA,NA,NA,NA,NA,NA,NA
411.277,5.9659,15.8555,6.2164,16.5269,51963.1520,71.4593,NA,NA,NA,NA,NA,NA,NA,NA,NA,NA
411.367,5.9635,15.8089,6.2147,16.4951,55464.9080,83.0138,NA,NA,NA,NA,NA,NA,NA,NA,NA,NA
411.467,5.9623,15.7850,6.2131,16.4638,55464.9080,83.0138,NA,NA,NA,NA,NA,NA,NA,NA,NA,NA
411.563,5.9586,15.7131,6.2126,16.4546,25820.5520,-14.8017,191532.3520,0.0000,NA,NA,NA,NA,NA,NA,NA,NA
411.668,5.9567,15.6763,6.2101,16.4087,50778.9680,67.5519,NA,NA,NA,NA,NA,NA,NA,NA,NA,NA
411.759,5.9553,15.6497,6.2097,16.4016,50778.9680,67.5519,NA,NA,NA,NA,NA,NA,NA,NA,NA,NA
411.888,5.9549,15.6405,6.2080,16.3696,27554.2380,-9.0811,186716.8640,0.0000,NA,NA,NA,NA,NA,NA,NA,NA
411.962,5.9533,15.6109,6.2050,16.3134,56341.1840,85.9052,NA,NA,NA,NA,NA,NA,NA,NA,NA,NA
412.056,5.9511,15.5675,6.2044,16.3011,56341.1840,85.9052,NA,NA,NA,NA,NA,NA,NA,NA,NA,NA
412.163,5.9504,15.5537,6.1963,16.1488,25850.7260,-14.7021,NA,NA,NA,NA,NA,NA,NA,NA,NA,NA
412.263,5.9488,15.5223,6.1929,16.0854,25850.7260,-14.7021,NA,NA,NA,NA,NA,NA,NA,NA,NA,NA
412.362,5.9431,15.4124,6.1927,16.0826,26199.3900,-13.5516,NA,NA,NA,NA,NA,NA,NA,NA,NA,NA
412.463,5.9306,15.1685,6.1861,15.9584,49500.2120,63.3325,NA,NA,NA,NA,NA,NA,NA,NA,NA,NA
412.560,5.9201,14.9648,6.1856,15.9482,52966.8280,74.7711,NA,NA,NA,NA,NA,NA,NA,NA,NA,NA
412.654,5.9181,14.9262,6.1895,16.0217,55830.5360,84.2203,NA,NA,NA,NA,NA,NA,NA,NA,NA,NA
412.763,5.9136,14.8394,6.1895,16.0217,55830.5360,84.2203,NA,NA,NA,NA,NA,NA,NA,NA,NA,NA
412.861,5.9083,14.7357,6.1873,15.9813,26081.0600,-13.9421,NA,NA,NA,NA,NA,NA,NA,NA,NA,NA
412.948,5.9079,14.7278,6.1825,15.8913,27622.4020,-8.8562,NA,NA,NA,NA,NA,NA,NA,NA,NA,NA
413.064,5.9084,14.7388,6.1825,15.8913,27622.4020,-8.8562,NA,NA,NA,NA,NA,NA,NA,NA,NA,NA
413.152,5.9084,14.7388,6.1771,15.7887,21912.6740,-27.6962,NA,NA,NA,NA,NA,NA,NA,NA,NA,NA
413.258,5.9107,14.7828,6.1739,15.7306,24127.4520,-20.3883,NA,NA,NA,NA,NA,NA,NA,NA,NA,NA
413.344,5.9107,14.7828,6.1721,15.6967,26453.2460,-12.7140,NA,NA,NA,NA,NA,NA,NA,NA,NA,NA
413.436,5.9030,14.6326,6.1707,15.6688,50519.1920,66.6948,NA,NA,NA,NA,NA,NA,NA,NA,NA,NA
413.535,5.9014,14.6020,6.1707,15.6688,54488.8560,79.7932,NA,NA,NA,NA,NA,NA,NA,NA,NA,NA
413.699,5.8987,14.5489,6.1674,15.6087,57327.3400,89.1592,NA,NA,NA,NA,NA,NA,NA,NA,NA,NA
413.730,5.8987,14.5489,6.1604,15.4770,57327.3400,89.1592,NA,NA,NA,NA,NA,NA,NA,NA,NA,NA
413.831,5.8947,14.4731,6.1611,15.4897,26993.3900,-10.9317,NA,NA,NA,NA,NA,NA,NA,NA,NA,NA
413.927,5.8947,14.4718,6.1611,15.4897,28565.9720,-5.7428,NA,NA,NA,NA,NA,NA,NA,NA,NA,NA
414.023,5.8947,14.4718,6.1571,15.4146,28565.9720,-5.7428,NA,NA,NA,NA,NA,NA,NA,NA,NA,NA
414.120,5.8944,14.4662,6.1543,15.3626,22257.1900,-26.5594,NA,NA,NA,NA,NA,NA,NA,NA,NA,NA
414.263,5.8936,14.4506,6.1528,15.3347,24444.6540,-19.3416,NA,NA,NA,NA,NA,NA,NA,NA,NA,NA
414.319,5.8927,14.4326,6.1522,15.3222,45504.3040,50.1475,NA,NA,NA,NA,NA,NA,NA,NA,NA,NA
414.428,5.8809,14.2049,6.1477,15.2378,51026.8160,68.3697,NA,NA,NA,NA,NA,NA,NA,NA,NA,NA
414.512,5.8762,14.1123,6.1475,15.2352,55814.7680,84.1682,NA,NA,NA,NA,NA,NA,NA,NA,NA,NA
414.615,5.8688,13.9689,6.1475,15.2352,59103.7960,95.0208,NA,NA,NA,NA,NA,NA,NA,NA,NA,NA
414.710,5.8690,13.9726,6.1445,15.1795,59103.7960,95.0208,NA,NA,NA,NA,NA,NA,NA,NA,NA,NA
414.842,5.8690,13.9726,6.1438,15.1649,27837.9820,-8.1449,NA,NA,NA,NA,NA,NA,NA,NA,NA,NA
414.908,5.8644,13.8841,6.1438,15.1649,29461.6760,-2.7873,NA,NA,NA,NA,NA,NA,NA,NA,NA,NA
415.014,5.8645,13.8859,6.1426,15.1423,29461.6760,-2.7873,NA,NA,NA,NA,NA,NA,NA,NA,NA,NA
415.115,5.8645,13.8859,6.1387,15.0691,50594.4760,66.9432,NA,NA,NA,NA,NA,NA,NA,NA,NA,NA
415.210,5.8585,13.7683,6.1387,15.0691,54336.1440,79.2893,NA,NA,NA,NA,NA,NA,NA,NA,NA,NA
415.305,5.8550,13.7009,6.1346,14.9926,54336.1440,79.2893,NA,NA,NA,NA,NA,NA,NA,NA,NA,NA
415.460,5.8536,13.6749,6.1323,14.9493,24360.8120,-19.6183,NA,NA,NA,NA,NA,NA,NA,NA,NA,NA
415.504,5.8534,13.6705,6.1271,14.8528,26826.8920,-11.4811,192718.0800,0.0000,NA,NA,NA,NA,NA,NA,NA,NA
415.605,5.8453,13.5131,6.1241,14.7954,52782.4680,74.1628,NA,NA,NA,NA,NA,NA,NA,NA,NA,NA
415.704,5.8425,13.4581,6.1172,14.6667,52782.4680,74.1628,NA,NA,NA,NA,NA,NA,NA,NA,NA,NA
415.801,5.8409,13.4274,6.1150,14.6250,29197.1540,-3.6601,190047.0560,0.0000,NA,NA,NA,NA,NA,NA,NA,NA
415.907,5.8339,13.2923,6.1119,14.5675,59017.7120,94.7368,NA,NA,NA,NA,NA,NA,NA,NA,NA,NA
416.002,5.8300,13.2165,6.1117,14.5642,59017.7120,94.7368,NA,NA,NA,NA,NA,NA,NA,NA,NA,NA
416.100,5.8254,13.1270,6.1107,14.5457,26805.9680,-11.5502,NA,NA,NA,NA,NA,NA,NA,NA,NA,NA
416.201,5.8227,13.0746,6.1060,14.4569,25117.3060,-17.1221,NA,NA,NA,NA,NA,NA,NA,NA,NA,NA
416.299,5.8201,13.0241,6.1060,14.4578,46665.7600,53.9799,NA,NA,NA,NA,NA,NA,NA,NA,NA,NA
416.403,5.8133,12.8915,6.1060,14.4578,51597.1480,70.2516,NA,NA,NA,NA,NA,NA,NA,NA,NA,NA
416.495,5.8046,12.7218,6.1060,14.4569,55329.3600,82.5666,NA,NA,NA,NA,NA,NA,NA,NA,NA,NA
416.644,5.8004,12.6405,6.1052,14.4412,58420.0920,92.7648,NA,NA,NA,NA,NA,NA,NA,NA,NA,NA
416.696,5.7969,12.5727,6.1042,14.4237,58420.0920,92.7648,NA,NA,NA,NA,NA,NA,NA,NA,NA,NA
416.790,5.7969,12.5727,6.1029,14.3995,27512.8500,-9.2177,NA,NA,NA,NA,NA,NA,NA,NA,NA,NA
416.890,5.7932,12.5006,6.1015,14.3723,29039.7480,-4.1795,NA,NA,NA,NA,NA,NA,NA,NA,NA,NA
416.981,5.7932,12.5006,6.1015,14.3723,29039.7480,-4.1795,NA,NA,NA,NA,NA,NA,NA,NA,NA,NA
417.086,5.7912,12.4624,6.0955,14.2603,22897.0920,-24.4480,NA,NA,NA,NA,NA,NA,NA,NA,NA,NA
417.245,5.7952,12.5391,6.0914,14.1823,25214.4760,-16.8015,NA,NA,NA,NA,NA,NA,NA,NA,NA,NA
417.286,5.7952,12.5391,6.0875,14.1099,47195.9680,55.7294,NA,NA,NA,NA,NA,NA,NA,NA,NA,NA
417.383,5.7827,12.2981,6.0872,14.1043,52627.0960,73.6501,NA,NA,NA,NA,NA,NA,NA,NA,NA,NA
417.484,5.7813,12.2707,6.0819,14.0057,56909.2960,87.7798,NA,NA,NA,NA,NA,NA,NA,NA,NA,NA
417.574,5.7771,12.1889,6.0769,13.9114,56909.2960,87.7798,NA,NA,NA,NA,NA,NA,NA,NA,NA,NA
417.670,5.7750,12.1480,6.0752,13.8799,25934.9880,-14.4241,NA,NA,NA,NA,NA,NA,NA,NA,NA,NA
417.778,5.7750,12.1480,6.0638,13.6663,27814.3980,-8.2227,NA,NA,NA,NA,NA,NA,NA,NA,NA,NA
417.877,5.7689,12.0299,6.0631,13.6528,29809.5100,-1.6396,NA,NA,NA,NA,NA,NA,NA,NA,NA,NA
417.967,5.7684,12.0195,6.0600,13.5941,29809.5100,-1.6396,NA,NA,NA,NA,NA,NA,NA,NA,NA,NA
418.062,5.7692,12.0352,6.0553,13.5056,23230.7160,-23.3472,NA,NA,NA,NA,NA,NA,NA,NA,NA,NA
418.162,5.7692,12.0352,6.0545,13.4921,25554.7400,-15.6787,NA,NA,NA,NA,NA,NA,NA,NA,NA,NA
418.261,5.7649,11.9512,6.0526,13.4555,47888.2080,58.0135,NA,NA,NA,NA,NA,NA,NA,NA,NA,NA
418.356,5.7606,11.8673,6.0466,13.3437,53620.5880,76.9282,NA,NA,NA,NA,NA,NA,NA,NA,NA,NA
418.452,5.7546,11.7523,6.0488,13.3845,58517.1000,93.0849,NA,NA,NA,NA,NA,NA,NA,NA,NA,NA
418.550,5.7520,11.7018,6.0489,13.3872,58517.1000,93.0849,NA,NA,NA,NA,NA,NA,NA,NA,NA,NA
418.655,5.7520,11.7016,6.0489,13.3872,26674.0800,-11.9853,NA,NA,NA,NA,NA,NA,NA,NA,NA,NA
418.754,5.7513,11.6881,6.0459,13.3306,26674.0800,-11.9853,NA,NA,NA,NA,NA,NA,NA,NA,NA,NA
418.860,5.7499,11.6609,6.0446,13.3054,26448.5600,-12.7295,NA,NA,NA,NA,NA,NA,NA,NA,NA,NA
418.953,5.7445,11.5547,6.0399,13.2175,48044.4680,58.5291,NA,NA,NA,NA,NA,NA,NA,NA,NA,NA
419.046,5.7414,11.4955,6.0376,13.1739,52192.9000,72.2174,NA,NA,NA,NA,NA,NA,NA,NA,NA,NA
419.147,5.7388,11.4441,6.0343,13.1126,56446.6680,86.2533,NA,NA,NA,NA,NA,NA,NA,NA,NA,NA
419.254,5.7388,11.4441,6.0317,13.0635,56446.6680,86.2533,NA,NA,NA,NA,NA,NA,NA,NA,NA,NA
419.340,5.7322,11.3169,6.0297,13.0274,25733.0040,-15.0905,188594.8960,0.0000,NA,NA,NA,NA,NA,NA,NA,NA
419.444,5.7283,11.2399,6.0283,13.0011,51057.9440,68.4725,NA,NA,NA,NA,NA,NA,NA,NA,NA,NA
419.542,5.7190,11.0594,6.0270,12.9759,51057.9440,68.4725,NA,NA,NA,NA,NA,NA,NA,NA,NA,NA
419.642,5.7169,11.0193,6.0234,12.9079,27286.4340,-9.9648,187080.1440,0.0000,NA,NA,NA,NA,NA,NA,NA,NA
419.732,5.7171,11.0230,6.0197,12.8400,54375.6320,79.4196,NA,NA,NA,NA,NA,NA,NA,NA,NA,NA
419.838,5.7171,11.0230,6.0168,12.7854,54375.6320,79.4196,NA,NA,NA,NA,NA,NA,NA,NA,NA,NA
419.945,5.7186,11.0528,6.0151,12.7535,26031.9880,-14.1040,NA,NA,NA,NA,NA,NA,NA,NA,NA,NA
420.037,5.7190,11.0603,6.0099,12.6550,26031.9880,-14.1040,NA,NA,NA,NA,NA,NA,NA,NA,NA,NA
420.133,5.7190,11.0603,6.0070,12.6011,26138.6200,-13.7522,NA,NA,NA,NA,NA,NA,NA,NA,NA,NA
420.294,5.7113,10.9107,6.0056,12.5755,48986.0520,61.6360,NA,NA,NA,NA,NA,NA,NA,NA,NA,NA
420.336,5.7093,10.8717,6.0059,12.5808,54059.3160,78.3759,NA,NA,NA,NA,NA,NA,NA,NA,NA,NA
420.428,5.7074,10.8354,6.0059,12.5808,57397.3520,89.3902,NA,NA,NA,NA,NA,NA,NA,NA,NA,NA
420.536,5.7069,10.8243,6.0020,12.5070,57397.3520,89.3902,NA,NA,NA,NA,NA,NA,NA,NA,NA,NA
420.630,5.7048,10.7849,6.0004,12.4777,26545.6240,-12.4092,NA,NA,NA,NA,NA,NA,NA,NA,NA,NA
420.723,5.7043,10.7740,5.9958,12.3906,28229.4760,-6.8531,NA,NA,NA,NA,NA,NA,NA,NA,NA,NA
420.906,5.7041,10.7711,5.9919,12.3174,28229.4760,-6.8531,NA,NA,NA,NA,NA,NA,NA,NA,NA,NA
420.923,5.7057,10.8010,5.9906,12.2935,21653.8080,-28.5504,NA,NA,NA,NA,NA,NA,NA,NA,NA,NA
421.018,5.7112,10.9093,5.9924,12.3273,23738.7000,-21.6710,NA,NA,NA,NA,NA,NA,NA,NA,NA,NA
421.117,5.7112,10.9093,5.9924,12.3273,26270.4300,-13.3172,NA,NA,NA,NA,NA,NA,NA,NA,NA,NA
421.213,5.7008,10.7065,5.9921,12.3225,49919.1760,64.7149,NA,NA,NA,NA,NA,NA,NA,NA,NA,NA
421.311,5.6977,10.6458,5.9921,12.3214,55356.7080,82.6568,NA,NA,NA,NA,NA,NA,NA,NA,NA,NA
421.414,5.6973,10.6387,5.9901,12.2843,59196.6200,95.3271,NA,NA,NA,NA,NA,NA,NA,NA,NA,NA
421.520,5.6971,10.6356,5.9885,12.2548,59196.6200,95.3271,NA,NA,NA,NA,NA,NA,NA,NA,NA,NA
421.611,5.6968,10.6287,5.9885,12.2548,27307.9240,-9.8939,NA,NA,NA,NA,NA,NA,NA,NA,NA,NA
421.704,5.6968,10.6287,5.9834,12.1595,29056.0100,-4.1258,NA,NA,NA,NA,NA,NA,NA,NA,NA,NA
421.799,5.6946,10.5869,5.9813,12.1200,29056.0100,-4.1258,NA,NA,NA,NA,NA,NA,NA,NA,NA,NA
421.906,5.6937,10.5688,5.9778,12.0544,21988.6560,-27.4455,NA,NA,NA,NA,NA,NA,NA,NA,NA,NA
422.026,5.6937,10.5688,5.9749,11.9993,24093.9760,-20.4987,NA,NA,NA,NA,NA,NA,NA,NA,NA,NA
422.095,5.6915,10.5268,5.9724,11.9518,44272.0080,46.0814,NA,NA,NA,NA,NA,NA,NA,NA,NA,NA
422.195,5.6863,10.4250,5.9712,11.9309,50321.7600,66.0433,NA,NA,NA,NA,NA,NA,NA,NA,NA,NA
422.291,5.6841,10.3819,5.9714,11.9346,56368.7560,85.9962,NA,NA,NA,NA,NA,NA,NA,NA,NA,NA
422.389,5.6834,10.3683,5.9730,11.9635,60742.8440,100.4291,NA,NA,NA,NA,NA,NA,NA,NA,NA,NA
422.488,5.6834,10.3683,5.9730,11.9635,60742.8440,100.4291,NA,NA,NA,NA,NA,NA,NA,NA,NA,NA
422.589,5.6808,10.3176,5.9704,11.9153,28050.9920,-7.4420,NA,NA,NA,NA,NA,NA,NA,NA,NA,NA
422.683,5.6783,10.2697,5.9671,11.8529,30002.1660,-1.0039,NA,NA,NA,NA,NA,NA,NA,NA,NA,NA
422.791,5.6783,10.2697,5.9663,11.8381,30002.1660,-1.0039,NA,NA,NA,NA,NA,NA,NA,NA,NA,NA
422.882,5.6792,10.2870,5.9663,11.8381,22324.0640,-26.3388,NA,NA,NA,NA,NA,NA,NA,NA,NA,NA
422.992,5.6792,10.2870,5.9631,11.7788,24435.3560,-19.3723,NA,NA,NA,NA,NA,NA,NA,NA,NA,NA
423.079,5.6768,10.2415,5.9574,11.6715,44556.6360,47.0205,NA,NA,NA,NA,NA,NA,NA,NA,NA,NA
423.188,5.6742,10.1908,5.9555,11.6365,51086.9800,68.5683,NA,NA,NA,NA,NA,NA,NA,NA,NA,NA
423.295,5.6625,9.9627,5.9539,11.6051,51086.9800,68.5683,NA,NA,NA,NA,NA,NA,NA,NA,NA,NA
423.378,5.6631,9.9750,5.9532,11.5930,30605.8540,0.9881,NA,NA,NA,NA,NA,NA,NA,NA,NA,NA
423.477,5.6631,9.9750,5.9529,11.5875,30605.8540,0.9881,NA,NA,NA,NA,NA,NA,NA,NA,NA,NA
423.577,5.6609,9.9323,5.9514,11.5584,24171.6180,-20.2425,NA,NA,NA,NA,NA,NA,NA,NA,NA,NA
423.670,5.6609,9.9323,5.9502,11.5358,25691.0400,-15.2290,NA,NA,NA,NA,NA,NA,NA,NA,NA,NA
423.769,5.6520,9.7583,5.9494,11.5213,48349.9880,59.5372,NA,NA,NA,NA,NA,NA,NA,NA,NA,NA
423.893,5.6482,9.6856,5.9454,11.4470,51057.6960,68.4716,NA,NA,NA,NA,NA,NA,NA,NA,NA,NA
423.966,5.6439,9.6015,5.9432,11.4054,55453.9160,82.9776,NA,NA,NA,NA,NA,NA,NA,NA,NA,NA
424.062,5.6438,9.5994,5.9412,11.3674,55453.9160,82.9776,NA,NA,NA,NA,NA,NA,NA,NA,NA,NA
424.158,5.6403,9.5311,5.9393,11.3320,25471.9980,-15.9518,NA,NA,NA,NA,NA,NA,NA,NA,NA,NA
424.260,5.6444,9.6110,5.9373,11.2939,27417.5420,-9.5322,193506.4960,0.0000,NA,NA,NA,NA,NA,NA,NA,NA
424.357,5.6444,9.6110,5.9331,11.2155,27417.5420,-9.5322,NA,NA,NA,NA,NA,NA,NA,NA,NA,NA
424.485,5.6418,9.5608,5.9306,11.1685,25512.9500,-15.8166,NA,NA,NA,NA,NA,NA,NA,NA,NA,NA
424.554,5.6418,9.5608,5.9248,11.0610,29135.9460,-3.8621,193784.9280,0.0000,NA,NA,NA,NA,NA,NA,NA,NA
424.670,5.6382,9.4912,5.9210,10.9896,29570.6880,-2.4276,NA,NA,NA,NA,NA,NA,NA,NA,NA,NA
424.767,5.6362,9.4532,5.9121,10.8216,29570.6880,-2.4276,NA,NA,NA,NA,NA,NA,NA,NA,NA,NA
424.856,5.6364,9.4561,5.9049,10.6869,22861.8900,-24.5642,NA,NA,NA,NA,NA,NA,NA,NA,NA,NA
424.999,5.6364,9.4561,5.9022,10.6372,25073.9460,-17.2652,NA,NA,NA,NA,NA,NA,NA,NA,NA,NA
425.055,5.6354,9.4368,5.8954,10.5095,46724.9200,54.1751,NA,NA,NA,NA,NA,NA,NA,NA,NA,NA
425.150,5.6298,9.3279,5.8917,10.4404,52142.8800,72.0523,NA,NA,NA,NA,NA,NA,NA,NA,NA,NA
425.253,5.6263,9.2609,5.8893,10.3944,56905.2080,87.7663,NA,NA,NA,NA,NA,NA,NA,NA,NA,NA
425.344,5.6263,9.2595,5.8929,10.4618,56905.2080,87.7663,NA,NA,NA,NA,NA,NA,NA,NA,NA,NA
425.443,5.6344,9.4167,5.9100,10.7832,25873.5940,-14.6266,NA,NA,NA,NA,NA,NA,NA,NA,NA,NA
425.543,5.6488,9.6964,5.9195,10.9607,27985.3040,-7.6588,NA,NA,NA,NA,NA,NA,NA,NA,NA,NA
425.643,5.6767,10.2388,5.9363,11.2753,30098.0020,-0.6877,NA,NA,NA,NA,NA,NA,NA,NA,NA,NA
425.740,5.7143,10.9684,5.9721,11.9463,30098.0020,-0.6877,NA,NA,NA,NA,NA,NA,NA,NA,NA,NA
425.844,5.7598,11.8523,6.0056,12.5744,23243.6180,-23.3046,NA,NA,NA,NA,NA,NA,NA,NA,NA,NA
425.939,5.7827,12.2979,6.0325,13.0785,25459.5240,-15.9929,NA,NA,NA,NA,NA,NA,NA,NA,NA,NA
426.033,5.8103,12.8338,6.0586,13.5692,47548.8040,56.8936,NA,NA,NA,NA,NA,NA,NA,NA,NA,NA
426.133,5.8288,13.1924,6.0787,13.9449,53060.2560,75.0794,NA,NA,NA,NA,NA,NA,NA,NA,NA,NA
426.245,5.8513,13.6302,6.1185,14.6911,58262.2680,92.2441,NA,NA,NA,NA,NA,NA,NA,NA,NA,NA
426.326,5.8754,14.0968,6.1479,15.2429,58262.2680,92.2441,NA,NA,NA,NA,NA,NA,NA,NA,NA,NA
426.426,5.9072,14.7148,6.1788,15.8206,26552.1580,-12.3876,NA,NA,NA,NA,NA,NA,NA,NA,NA,NA
426.527,5.9430,15.4105,6.2067,16.3439,28711.4580,-5.2627,NA,NA,NA,NA,NA,NA,NA,NA,NA,NA
426.625,5.9745,16.0217,6.2464,17.0879,28711.4580,-5.2627,NA,NA,NA,NA,NA,NA,NA,NA,NA,NA
426.740,5.9944,16.4091,6.2942,17.9839,21513.7060,-29.0127,NA,NA,NA,NA,NA,NA,NA,NA,NA,NA
426.883,6.0063,16.6398,6.3491,19.0131,52575.0480,73.4783,NA,NA,NA,NA,NA,NA,NA,NA,NA,NA
426.926,6.0355,17.2057,6.3822,19.6336,56361.5280,85.9723,NA,NA,NA,NA,NA,NA,NA,NA,NA,NA
427.025,6.0585,17.6523,6.4335,20.5967,56361.5280,85.9723,NA,NA,NA,NA,NA,NA,NA,NA,NA,NA
427.122,6.0758,17.9887,6.4580,21.0544,25956.5480,-14.3529,191412.8320,0.0000,NA,NA,NA,NA,NA,NA,NA,NA
427.226,6.0858,18.1825,6.4962,21.7710,51698.9760,70.5876,NA,NA,NA,NA,NA,NA,NA,NA,NA,NA
427.325,6.1104,18.6608,6.5364,22.5241,51698.9760,70.5876,NA,NA,NA,NA,NA,NA,NA,NA,NA,NA
427.458,6.1460,19.3518,6.5705,23.1648,27148.3920,-10.4203,190470.8800,0.0000,NA,NA,NA,NA,NA,NA,NA,NA
427.512,6.1618,19.6592,6.5944,23.6114,54646.6560,80.3139,NA,NA,NA,NA,NA,NA,NA,NA,NA,NA
427.611,6.1796,20.0046,6.6306,24.2906,54646.6560,80.3139,NA,NA,NA,NA,NA,NA,NA,NA,NA,NA
427.726,6.1946,20.2954,6.6559,24.7655,25968.8520,-14.3123,NA,NA,NA,NA,NA,NA,NA,NA,NA,NA
427.814,6.2178,20.7464,6.6860,25.3295,25968.8520,-14.3123,NA,NA,NA,NA,NA,NA,NA,NA,NA,NA
427.913,6.2305,20.9928,6.7385,26.3140,26120.0360,-13.8135,NA,NA,NA,NA,NA,NA,NA,NA,NA,NA
428.074,6.2505,21.3812,6.7693,26.8898,48816.2880,61.0758,NA,NA,NA,NA,NA,NA,NA,NA,NA,NA
428.108,6.2643,21.6501,6.7984,27.4361,53322.1200,75.9434,NA,NA,NA,NA,NA,NA,NA,NA,NA,NA
428.209,6.2756,21.8697,6.8198,27.8374,56449.7520,86.2634,NA,NA,NA,NA,NA,NA,NA,NA,NA,NA
428.307,6.2894,22.1379,6.8484,28.3740,56449.7520,86.2634,NA,NA,NA,NA,NA,NA,NA,NA,NA,NA
428.408,6.2986,22.3153,6.8643,28.6710,26405.9500,-12.8701,NA,NA,NA,NA,NA,NA,NA,NA,NA,NA
428.505,6.3119,22.5749,6.8790,28.9475,28140.2840,-7.1474,NA,NA,NA,NA,NA,NA,NA,NA,NA,NA
428.672,6.3183,22.6989,6.8839,29.0383,28140.2840,-7.1474,NA,NA,NA,NA,NA,NA,NA,NA,NA,NA
428.710,6.3219,22.7688,6.8839,29.0383,21896.0780,-27.7510,NA,NA,NA,NA,NA,NA,NA,NA,NA,NA
428.794,6.3295,22.9151,6.8802,28.9687,23932.7120,-21.0308,NA,NA,NA,NA,NA,NA,NA,NA,NA,NA
428.899,6.3295,22.9151,6.8736,28.8458,26298.2080,-13.2256,NA,NA,NA,NA,NA,NA,NA,NA,NA,NA
428.990,6.3241,22.8112,6.8595,28.5804,49747.5360,64.1486,NA,NA,NA,NA,NA,NA,NA,NA,NA,NA
429.092,6.3191,22.7134,6.8421,28.2556,54499.5120,79.8284,NA,NA,NA,NA,NA,NA,NA,NA,NA,NA
429.204,6.3111,22.5594,6.8175,27.7935,57856.9040,90.9065,NA,NA,NA,NA,NA,NA,NA,NA,NA,NA
429.293,6.3104,22.5439,6.7953,27.3769,57856.9040,90.9065,NA,NA,NA,NA,NA,NA,NA,NA,NA,NA
429.389,6.3033,22.4072,6.7719,26.9393,27132.8540,-10.4715,NA,NA,NA,NA,NA,NA,NA,NA,NA,NA
429.480,6.2957,22.2597,6.7430,26.3966,28939.2280,-4.5112,NA,NA,NA,NA,NA,NA,NA,NA,NA,NA
429.579,6.2848,22.0473,6.7081,25.7437,28939.2280,-4.5112,NA,NA,NA,NA,NA,NA,NA,NA,NA,NA
429.685,6.2731,21.8199,6.6903,25.4096,22262.9180,-26.5405,NA,NA,NA,NA,NA,NA,NA,NA,NA,NA
429.819,6.2669,21.7006,6.6713,25.0530,24363.6160,-19.6090,NA,NA,NA,NA,NA,NA,NA,NA,NA,NA
429.872,6.2608,21.5807,6.6584,24.8121,45106.5440,48.8350,NA,NA,NA,NA,NA,NA,NA,NA,NA,NA
429.973,6.2541,21.4515,6.6504,24.6624,50426.0520,66.3874,NA,NA,NA,NA,NA,NA,NA,NA,NA,NA
430.077,6.2486,21.3439,6.6384,24.4360,55579.8160,83.3930,NA,NA,NA,NA,NA,NA,NA,NA,NA,NA
430.165,6.2402,21.1820,6.6323,24.3228,59029.1800,94.7746,NA,NA,NA,NA,NA,NA,NA,NA,NA,NA
430.267,6.2374,21.1275,6.6214,24.1178,59029.1800,94.7746,NA,NA,NA,NA,NA,NA,NA,NA,NA,NA
430.416,6.2314,21.0115,6.6065,23.8378,27810.3400,-8.2361,NA,NA,NA,NA,NA,NA,NA,NA,NA,NA
430.462,6.2281,20.9475,6.5947,23.6183,29601.3200,-2.3265,NA,NA,NA,NA,NA,NA,NA,NA,NA,NA
430.559,6.2263,20.9122,6.5859,23.4527,29601.3200,-2.3265,NA,NA,NA,NA,NA,NA,NA,NA,NA,NA
430.664,6.2233,20.8536,6.5774,23.2935,22644.6420,-25.2810,NA,NA,NA,NA,NA,NA,NA,NA,NA,NA
430.760,6.2208,20.8046,6.5706,23.1654,24814.0760,-18.1227,NA,NA,NA,NA,NA,NA,NA,NA,NA,NA
430.863,6.2154,20.6991,6.5651,23.0629,46077.5400,52.0390,NA,NA,NA,NA,NA,NA,NA,NA,NA,NA
430.958,6.2051,20.4994,6.5610,22.9859,51579.3640,70.1930,NA,NA,NA,NA,NA,NA,NA,NA,NA,NA
431.063,6.1908,20.2225,6.5545,22.8645,51579.3640,70.1930,NA,NA,NA,NA,NA,NA,NA,NA,NA,NA
431.157,6.1849,20.1083,6.5475,22.7328,31788.5280,4.8905,NA,NA,NA,NA,NA,NA,NA,NA,NA,NA
431.253,6.1845,20.1002,6.5425,22.6400,31788.5280,4.8905,NA,NA,NA,NA,NA,NA,NA,NA,NA,NA
431.352,6.1845,20.1002,6.5373,22.5420,24133.3260,-20.3689,NA,NA,NA,NA,NA,NA,NA,NA,NA,NA
431.449,6.1784,19.9823,6.5340,22.4797,25620.4440,-15.4619,NA,NA,NA,NA,NA,NA,NA,NA,NA,NA
431.590,6.1653,19.7264,6.5235,22.2835,46759.6040,54.2895,NA,NA,NA,NA,NA,NA,NA,NA,NA,NA
431.653,6.1610,19.6440,6.5172,22.1646,50750.0600,67.4566,NA,NA,NA,NA,NA,NA,NA,NA,NA,NA
431.743,6.1576,19.5783,6.5133,22.0911,54983.8960,81.4267,NA,NA,NA,NA,NA,NA,NA,NA,NA,NA
431.843,6.1566,19.5574,6.4995,21.8336,54983.8960,81.4267,NA,NA,NA,NA,NA,NA,NA,NA,NA,NA
431.940,6.1475,19.3808,6.4914,21.6820,25210.7540,-16.8138,188022.4800,0.0000,NA,NA,NA,NA,NA,NA,NA,NA
432.037,6.1424,19.2828,6.4865,21.5886,50427.6640,66.3928,NA,NA,NA,NA,NA,NA,NA,NA,NA,NA
432.150,6.1374,19.1846,6.4759,21.3907,50427.6640,66.3928,NA,NA,NA,NA,NA,NA,NA,NA,NA,NA
432.267,6.1299,19.0398,6.4667,21.2182,26431.1000,-12.7871,NA,NA,NA,NA,NA,NA,NA,NA,NA,NA
432.333,6.1292,19.0263,6.4556,21.0105,29465.2500,-2.7755,191897.6800,0.0000,NA,NA,NA,NA,NA,NA,NA,NA
432.440,6.1244,18.9327,6.4486,20.8797,29507.8720,-2.6349,NA,NA,NA,NA,NA,NA,NA,NA,NA,NA
432.541,6.1187,18.8214,6.4365,20.6529,29507.8720,-2.6349,NA,NA,NA,NA,NA,NA,NA,NA,NA,NA
432.640,6.1187,18.8214,6.4292,20.5153,23352.3280,-22.9459,NA,NA,NA,NA,NA,NA,NA,NA,NA,NA
432.738,6.1407,19.2493,6.4377,20.6745,25439.7380,-16.0582,NA,NA,NA,NA,NA,NA,NA,NA,NA,NA
432.831,6.1617,19.6564,6.4512,20.9272,47818.8920,57.7848,NA,NA,NA,NA,NA,NA,NA,NA,NA,NA
432.936,6.1913,20.2326,6.4963,21.7732,51943.4440,71.3943,NA,NA,NA,NA,NA,NA,NA,NA,NA,NA
433.025,6.2204,20.7967,6.5519,22.8144,54868.0800,81.0445,NA,NA,NA,NA,NA,NA,NA,NA,NA,NA
433.132,6.2549,21.4676,6.6272,24.2269,54868.0800,81.0445,NA,NA,NA,NA,NA,NA,NA,NA,NA,NA
433.223,6.2845,22.0415,6.6855,25.3195,25535.2780,-15.7430,NA,NA,NA,NA,NA,NA,NA,NA,NA,NA
433.324,6.3203,22.7376,6.7297,26.1486,27216.6520,-10.1950,NA,NA,NA,NA,NA,NA,NA,NA,NA,NA
433.420,6.3348,23.0184,6.7454,26.4422,29520.8760,-2.5920,NA,NA,NA,NA,NA,NA,NA,NA,NA,NA
433.519,6.3415,23.1495,6.7459,26.4525,29520.8760,-2.5920,NA,NA,NA,NA,NA,NA,NA,NA,NA,NA
433.614,6.3415,23.1495,6.7459,26.4525,23787.4360,-21.5102,NA,NA,NA,NA,NA,NA,NA,NA,NA,NA
433.721,6.3398,23.1163,6.7432,26.4019,25909.1800,-14.5092,NA,NA,NA,NA,NA,NA,NA,NA,NA,NA
433.810,6.3354,23.0305,6.7323,26.1974,48886.2840,61.3068,NA,NA,NA,NA,NA,NA,NA,NA,NA,NA
433.907,6.3110,22.5564,6.7141,25.8548,52900.7480,74.5530,NA,NA,NA,NA,NA,NA,NA,NA,NA,NA
434.058,6.3106,22.5489,6.6964,25.5242,55693.2440,83.7672,NA,NA,NA,NA,NA,NA,NA,NA,NA,NA
434.107,6.3097,22.5321,6.6813,25.2412,55693.2440,83.7672,NA,NA,NA,NA,NA,NA,NA,NA,NA,NA
434.203,6.3035,22.4100,6.6693,25.0151,26190.2740,-13.5817,NA,NA,NA,NA,NA,NA,NA,NA,NA,NA
434.304,6.3007,22.3567,6.6573,24.7914,27847.6660,-8.1129,NA,NA,NA,NA,NA,NA,NA,NA,NA,NA
434.400,6.3007,22.3567,6.6479,24.6147,27847.6660,-8.1129,NA,NA,NA,NA,NA,NA,NA,NA,NA,NA
434.500,6.2969,22.2819,6.6415,24.4943,21846.3640,-27.9150,NA,NA,NA,NA,NA,NA,NA,NA,NA,NA
434.600,6.2923,22.1930,6.6259,24.2015,24020.7660,-20.7403,NA,NA,NA,NA,NA,NA,NA,NA,NA,NA
434.698,6.2870,22.0907,6.6109,23.9212,26365.0900,-13.0049,NA,NA,NA,NA,NA,NA,NA,NA,NA,NA
434.796,6.2691,21.7425,6.6014,23.7432,50270.7520,65.8750,NA,NA,NA,NA,NA,NA,NA,NA,NA,NA
434.888,6.2438,21.2507,6.5835,23.4071,54367.1040,79.3915,NA,NA,NA,NA,NA,NA,NA,NA,NA,NA
434.988,6.2367,21.1145,6.5732,23.2139,57045.6200,88.2296,NA,NA,NA,NA,NA,NA,NA,NA,NA,NA
435.094,6.2312,21.0059,6.5643,23.0475,57045.6200,88.2296,NA,NA,NA,NA,NA,NA,NA,NA,NA,NA
435.190,6.2228,20.8440,6.5483,22.7476,26506.9520,-12.5368,NA,NA,NA,NA,NA,NA,NA,NA,NA,NA
435.299,6.2161,20.7136,6.5385,22.5632,24984.4740,-17.5604,NA,NA,NA,NA,NA,NA,NA,NA,NA,NA
435.393,6.2123,20.6390,6.5320,22.4414,44601.1920,47.1675,NA,NA,NA,NA,NA,NA,NA,NA,NA,NA
435.490,6.1936,20.2759,6.5267,22.3434,48740.0720,60.8243,NA,NA,NA,NA,NA,NA,NA,NA,NA,NA
435.582,6.1837,20.0849,6.5239,22.2899,52299.9760,72.5707,NA,NA,NA,NA,NA,NA,NA,NA,NA,NA
435.685,6.1784,19.9812,6.5153,22.1284,55293.6360,82.4487,NA,NA,NA,NA,NA,NA,NA,NA,NA,NA
435.814,6.1738,19.8916,6.5100,22.0301,55293.6360,82.4487,NA,NA,NA,NA,NA,NA,NA,NA,NA,NA
435.876,6.1710,19.8381,6.5003,21.8480,27265.6060,-10.0335,193301.3440,0.0000,NA,NA,NA,NA,NA,NA,NA,NA
435.981,6.1669,19.7585,6.4945,21.7395,52998.3920,74.8752,NA,NA,NA,NA,NA,NA,NA,NA,NA,NA
436.073,6.1646,19.7130,6.4879,21.6156,52998.3920,74.8752,NA,NA,NA,NA,NA,NA,NA,NA,NA,NA
436.177,6.1600,19.6241,6.4841,21.5448,28284.8600,-6.6704,181913.7440,0.0000,NA,NA,NA,NA,NA,NA,NA,NA
436.270,6.1560,19.5474,6.4789,21.4461,59610.6160,96.6931,NA,NA,NA,NA,NA,NA,NA,NA,NA,NA
436.398,6.1512,19.4527,6.4699,21.2785,59610.6160,96.6931,NA,NA,NA,NA,NA,NA,NA,NA,NA,NA
436.482,6.1483,19.3973,6.4650,21.1864,25925.1880,-14.4564,NA,NA,NA,NA,NA,NA,NA,NA,NA,NA
436.581,6.1483,19.3973,6.4616,21.1235,24728.6640,-18.4045,NA,NA,NA,NA,NA,NA,NA,NA,NA,NA
436.678,6.1470,19.3716,6.4573,21.0420,26229.2400,-13.4531,NA,NA,NA,NA,NA,NA,NA,NA,NA,NA
436.773,6.1368,19.1743,6.4543,20.9867,48780.2800,60.9570,NA,NA,NA,NA,NA,NA,NA,NA,NA,NA
436.866,6.1283,19.0093,6.4504,20.9118,52274.5000,72.4866,NA,NA,NA,NA,NA,NA,NA,NA,NA,NA
436.964,6.1231,18.9078,6.4479,20.8655,56549.4960,86.5926,NA,NA,NA,NA,NA,NA,NA,NA,NA,NA
437.095,6.1196,18.8398,6.4422,20.7591,56549.4960,86.5926,NA,NA,NA,NA,NA,NA,NA,NA,NA,NA
437.162,6.1187,18.8213,6.4365,20.6521,25638.9220,-15.4010,NA,NA,NA,NA,NA,NA,NA,NA,NA,NA
437.260,6.1140,18.7304,6.4331,20.5891,28034.2640,-7.4972,NA,NA,NA,NA,NA,NA,NA,NA,NA,NA
437.363,6.1105,18.6627,6.4258,20.4518,28034.2640,-7.4972,NA,NA,NA,NA,NA,NA,NA,NA,NA,NA
437.456,6.1086,18.6260,6.4217,20.3741,23234.3200,-23.3353,NA,NA,NA,NA,NA,NA,NA,NA,NA,NA
437.554,6.1077,18.6095,6.4178,20.3010,24799.8540,-18.1696,NA,NA,NA,NA,NA,NA,NA,NA,NA,NA
437.684,6.1077,18.6095,6.4145,20.2398,46711.6160,54.1312,NA,NA,NA,NA,NA,NA,NA,NA,NA,NA
437.752,6.0972,18.4054,6.4104,20.1620,49346.6480,62.8258,NA,NA,NA,NA,NA,NA,NA,NA,NA,NA
437.851,6.0878,18.2217,6.4077,20.1115,53160.5440,75.4103,NA,NA,NA,NA,NA,NA,NA,NA,NA,NA
437.950,6.0717,17.9098,6.4058,20.0776,57646.6720,90.2128,NA,NA,NA,NA,NA,NA,NA,NA,NA,NA
438.041,6.0692,17.8611,6.4008,19.9833,57646.6720,90.2128,NA,NA,NA,NA,NA,NA,NA,NA,NA,NA
438.137,6.0692,17.8611,6.3970,19.9123,26256.1020,-13.3645,NA,NA,NA,NA,NA,NA,NA,NA,NA,NA
438.241,6.0671,17.8205,6.3947,19.8692,28888.1420,-4.6797,NA,NA,NA,NA,NA,NA,NA,NA,NA,NA
438.337,6.0671,17.8205,6.3933,19.8418,28888.1420,-4.6797,NA,NA,NA,NA,NA,NA,NA,NA,NA,NA
438.434,6.0639,17.7583,6.3900,19.7802,23561.4640,-22.2558,NA,NA,NA,NA,NA,NA,NA,NA,NA,NA
438.536,6.0634,17.7485,6.3883,19.7491,25152.4960,-17.0060,NA,NA,NA,NA,NA,NA,NA,NA,NA,NA
438.632,6.0634,17.7485,6.3846,19.6800,47617.6720,57.1208,NA,NA,NA,NA,NA,NA,NA,NA,NA,NA
438.738,6.0563,17.6102,6.3835,19.6578,50129.3520,65.4084,NA,NA,NA,NA,NA,NA,NA,NA,NA,NA
438.894,6.0471,17.4317,6.3779,19.5538,50129.3520,65.4084,NA,NA,NA,NA,NA,NA,NA,NA,NA,NA
438.938,6.0474,17.4383,6.3741,19.4827,33366.7480,10.0980,191995.3120,0.0000,NA,NA,NA,NA,NA,NA,NA,NA
439.033,6.0474,17.4383,6.3711,19.4270,33366.7480,10.0980,191995.3120,0.0000,NA,NA,NA,NA,NA,NA,NA,NA
439.133,6.0466,17.4214,6.3667,19.3439,54856.1800,81.0052,NA,NA,NA,NA,NA,NA,NA,NA,NA,NA
439.229,6.0367,17.2291,6.3659,19.3290,57593.8800,90.0386,NA,NA,NA,NA,NA,NA,NA,NA,NA,NA
439.329,6.0355,17.2058,6.3663,19.3355,57593.8800,90.0386,NA,NA,NA,NA,NA,NA,NA,NA,NA,NA
439.433,6.0327,17.1514,6.3663,19.3355,26894.8080,-11.2570,NA,NA,NA,NA,NA,NA,NA,NA,NA,NA
439.525,6.0327,17.1514,6.3611,19.2385,28330.1140,-6.5210,NA,NA,NA,NA,NA,NA,NA,NA,NA,NA
439.623,6.0291,17.0824,6.3563,19.1479,28330.1140,-6.5210,NA,NA,NA,NA,NA,NA,NA,NA,NA,NA
439.727,6.0304,17.1080,6.3478,18.9897,22287.7060,-26.4588,NA,NA,NA,NA,NA,NA,NA,NA,NA,NA
439.823,6.0304,17.1080,6.3460,18.9552,53075.3520,75.1292,NA,NA,NA,NA,NA,NA,NA,NA,NA,NA
439.928,6.0163,16.8331,6.3399,18.8406,55804.9320,84.1358,NA,NA,NA,NA,NA,NA,NA,NA,NA,NA
440.051,6.0135,16.7787,6.3368,18.7831,55804.9320,84.1358,NA,NA,NA,NA,NA,NA,NA,NA,NA,NA
440.125,6.0071,16.6555,6.3351,18.7521,27368.2460,-9.6948,191893.5360,0.0000,NA,NA,NA,NA,NA,NA,NA,NA
440.222,6.0046,16.6060,6.3351,18.7514,53087.5360,75.1694,NA,NA,NA,NA,NA,NA,NA,NA,NA,NA
440.315,6.0019,16.5531,6.3337,18.7249,53087.5360,75.1694,NA,NA,NA,NA,NA,NA,NA,NA,NA,NA
440.420,6.0019,16.5531,6.3322,18.6973,28217.9540,-6.8911,178993.6960,0.0000,NA,NA,NA,NA,NA,NA,NA,NA
440.514,6.0001,16.5184,6.3290,18.6372,59217.7440,95.3968,NA,NA,NA,NA,NA,NA,NA,NA,NA,NA
440.658,5.9954,16.4270,6.3287,18.6313,59217.7440,95.3968,NA,NA,NA,NA,NA,NA,NA,NA,NA,NA
440.719,5.9914,16.3491,6.3287,18.6313,26775.3240,-11.6513,NA,NA,NA,NA,NA,NA,NA,NA,NA,NA
440.818,5.9929,16.3791,6.3285,18.6272,26775.3240,-11.6513,NA,NA,NA,NA,NA,NA,NA,NA,NA,NA
440.916,5.9929,16.3791,6.3266,18.5912,26487.0700,-12.6024,NA,NA,NA,NA,NA,NA,NA,NA,NA,NA
441.012,5.9877,16.2775,6.3260,18.5803,48415.3120,59.7527,NA,NA,NA,NA,NA,NA,NA,NA,NA,NA
441.106,5.9805,16.1389,6.3238,18.5389,52484.4080,73.1793,NA,NA,NA,NA,NA,NA,NA,NA,NA,NA
441.225,5.9760,16.0518,6.3207,18.4813,56800.2880,87.4201,NA,NA,NA,NA,NA,NA,NA,NA,NA,NA
441.311,5.9760,16.0518,6.3197,18.4634,56800.2880,87.4201,NA,NA,NA,NA,NA,NA,NA,NA,NA,NA
441.405,5.9714,15.9615,6.3169,18.4107,25706.5860,-15.1777,187155.9840,0.0000,NA,NA,NA,NA,NA,NA,NA,NA
441.508,5.9714,15.9615,6.3136,18.3486,50933.0400,68.0603,NA,NA,NA,NA,NA,NA,NA,NA,NA,NA
441.599,5.9707,15.9471,6.3119,18.3163,50933.0400,68.0603,NA,NA,NA,NA,NA,NA,NA,NA,NA,NA
441.708,5.9675,15.8860,6.3134,18.3448,27227.2620,-10.1600,185773.0880,0.0000,NA,NA,NA,NA,NA,NA,NA,NA
441.798,5.9656,15.8492,6.3134,18.3448,54908.5760,81.1781,NA,NA,NA,NA,NA,NA,NA,NA,NA,NA
441.896,5.9643,15.8238,6.3091,18.2635,54908.5760,81.1781,NA,NA,NA,NA,NA,NA,NA,NA,NA,NA
441.999,5.9612,15.7631,6.3029,18.1470,25992.1500,-14.2355,NA,NA,NA,NA,NA,NA,NA,NA,NA,NA
442.101,5.9624,15.7868,6.3007,18.1073,25992.1500,-14.2355,NA,NA,NA,NA,NA,NA,NA,NA,NA,NA
442.199,5.9624,15.7868,6.2997,18.0883,26163.0600,-13.6715,NA,NA,NA,NA,NA,NA,NA,NA,NA,NA
442.299,5.9610,15.7606,6.2937,17.9749,49393.2760,62.9797,NA,NA,NA,NA,NA,NA,NA,NA,NA,NA
442.413,5.9437,15.4231,6.2915,17.9343,53308.1320,75.8973,NA,NA,NA,NA,NA,NA,NA,NA,NA,NA
442.492,5.9415,15.3817,6.2915,17.9343,56112.6160,85.1510,NA,NA,NA,NA,NA,NA,NA,NA,NA,NA
442.591,5.9379,15.3117,6.2860,17.8311,56112.6160,85.1510,NA,NA,NA,NA,NA,NA,NA,NA,NA,NA
442.690,5.9393,15.3379,6.2812,17.7415,26071.5540,-13.9734,NA,NA,NA,NA,NA,NA,NA,NA,NA,NA
442.784,5.9415,15.3816,6.2761,17.6451,27559.7040,-9.0631,NA,NA,NA,NA,NA,NA,NA,NA,NA,NA
442.882,5.9425,15.4002,6.2675,17.4838,27559.7040,-9.0631,NA,NA,NA,NA,NA,NA,NA,NA,NA,NA
442.988,5.9442,15.4332,6.2669,17.4733,21998.3920,-27.4134,NA,NA,NA,NA,NA,NA,NA,NA,NA,NA
443.082,5.9442,15.4332,6.2643,17.4239,24223.7940,-20.0704,NA,NA,NA,NA,NA,NA,NA,NA,NA,NA
443.174,5.9412,15.3754,6.2643,17.4239,26404.5520,-12.8747,NA,NA,NA,NA,NA,NA,NA,NA,NA,NA
443.276,5.9323,15.2029,6.2643,17.4245,50457.5520,66.4914,NA,NA,NA,NA,NA,NA,NA,NA,NA,NA
443.372,5.9323,15.2029,6.2649,17.4350,53567.9560,76.7546,NA,NA,NA,NA,NA,NA,NA,NA,NA,NA
443.474,5.9312,15.1803,6.2649,17.4350,57120.2560,88.4759,NA,NA,NA,NA,NA,NA,NA,NA,NA,NA
443.568,5.9307,15.1707,6.2606,17.3548,57120.2560,88.4759,NA,NA,NA,NA,NA,NA,NA,NA,NA,NA
443.694,5.9271,15.1020,6.2593,17.3306,26458.2160,-12.6976,NA,NA,NA,NA,NA,NA,NA,NA,NA,NA
443.763,5.9244,15.0483,6.2593,17.3306,27840.8060,-8.1356,NA,NA,NA,NA,NA,NA,NA,NA,NA,NA
443.861,5.9244,15.0483,6.2571,17.2897,27840.8060,-8.1356,NA,NA,NA,NA,NA,NA,NA,NA,NA,NA
443.964,5.9249,15.0583,6.2537,17.2257,22786.1880,-24.8140,NA,NA,NA,NA,NA,NA,NA,NA,NA,NA
444.058,5.9249,15.0583,6.2495,17.1464,24915.9640,-17.7865,NA,NA,NA,NA,NA,NA,NA,NA,NA,NA
444.204,5.9194,14.9526,6.2488,17.1331,47068.6280,55.3092,NA,NA,NA,NA,NA,NA,NA,NA,NA,NA
444.255,5.9138,14.8421,6.2427,17.0189,51063.8680,68.4920,NA,NA,NA,NA,NA,NA,NA,NA,NA,NA
444.349,5.9062,14.6955,6.2389,16.9482,53653.7640,77.0377,NA,NA,NA,NA,NA,NA,NA,NA,NA,NA
444.456,5.8997,14.5696,6.2367,16.9063,58013.4480,91.4231,NA,NA,NA,NA,NA,NA,NA,NA,NA,NA
444.547,5.8979,14.5335,6.2352,16.8791,58013.4480,91.4231,NA,NA,NA,NA,NA,NA,NA,NA,NA,NA
444.645,5.8913,14.4066,6.2314,16.8069,26738.7360,-11.7720,NA,NA,NA,NA,NA,NA,NA,NA,NA,NA
444.746,5.8852,14.2877,6.2282,16.7478,28545.5200,-5.8103,NA,NA,NA,NA,NA,NA,NA,NA,NA,NA
444.873,5.8836,14.2568,6.2261,16.7081,28545.5200,-5.8103,NA,NA,NA,NA,NA,NA,NA,NA,NA,NA
444.940,5.8827,14.2390,6.2218,16.6278,23397.1300,-22.7981,NA,NA,NA,NA,NA,NA,NA,NA,NA,NA
445.055,5.8827,14.2390,6.2195,16.5840,25353.2100,-16.3437,NA,NA,NA,NA,NA,NA,NA,NA,NA,NA
445.144,5.8753,14.0957,6.2165,16.5275,48107.5760,58.7373,NA,NA,NA,NA,NA,NA,NA,NA,NA,NA
445.246,5.8655,13.9058,6.2148,16.4968,48107.5760,58.7373,NA,NA,NA,NA,NA,NA,NA,NA,NA,NA
445.337,5.8655,13.9058,6.2148,16.4968,29567.3040,-2.4388,192792.6080,0.0000,NA,NA,NA,NA,NA,NA,NA,NA
445.488,5.8616,13.8292,6.2115,16.4353,58090.3600,91.6768,NA,NA,NA,NA,NA,NA,NA,NA,NA,NA
445.537,5.8599,13.7972,6.2100,16.4072,58090.3600,91.6768,NA,NA,NA,NA,NA,NA,NA,NA,NA,NA
445.633,5.8599,13.7972,6.2081,16.3708,28390.8920,-6.3205,184859.2160,0.0000,NA,NA,NA,NA,NA,NA,NA,NA
445.730,5.8560,13.7204,6.2060,16.3313,59457.6320,96.1883,NA,NA,NA,NA,NA,NA,NA,NA,NA,NA
445.835,5.8555,13.7104,6.2030,16.2752,59457.6320,96.1883,NA,NA,NA,NA,NA,NA,NA,NA,NA,NA
445.932,5.8538,13.6771,6.1999,16.2172,27173.9860,-10.3358,NA,NA,NA,NA,NA,NA,NA,NA,NA,NA
446.031,5.8534,13.6693,6.1941,16.1089,28749.5360,-5.1371,NA,NA,NA,NA,NA,NA,NA,NA,NA,NA
446.138,5.8534,13.6693,6.1930,16.0877,28749.5360,-5.1371,NA,NA,NA,NA,NA,NA,NA,NA,NA,NA
446.242,5.8526,13.6539,6.1898,16.0270,49465.0040,63.2163,NA,NA,NA,NA,NA,NA,NA,NA,NA,NA
446.336,5.8401,13.4128,6.1847,15.9320,53117.5760,75.2685,NA,NA,NA,NA,NA,NA,NA,NA,NA,NA
446.441,5.8380,13.3701,6.1813,15.8687,56485.8160,86.3824,NA,NA,NA,NA,NA,NA,NA,NA,NA,NA
446.524,5.8311,13.2380,6.1790,15.8249,56485.8160,86.3824,NA,NA,NA,NA,NA,NA,NA,NA,NA,NA
446.651,5.8262,13.1423,6.1790,15.8249,26656.3120,-12.0440,190263.2800,0.0000,NA,NA,NA,NA,NA,NA,NA,NA
446.726,5.8229,13.0775,6.1759,15.7670,51712.4560,70.6321,NA,NA,NA,NA,NA,NA,NA,NA,NA,NA
446.827,5.8219,13.0592,6.1752,15.7545,51712.4560,70.6321,NA,NA,NA,NA,NA,NA,NA,NA,NA,NA
446.919,5.8249,13.1162,6.1731,15.7144,28469.3200,-6.0617,185082.6400,0.0000,NA,NA,NA,NA,NA,NA,NA,NA
447.023,5.8249,13.1162,6.1708,15.6706,58677.5360,93.6143,NA,NA,NA,NA,NA,NA,NA,NA,NA,NA
447.126,5.8215,13.0498,6.1692,15.6417,58677.5360,93.6143,NA,NA,NA,NA,NA,NA,NA,NA,NA,NA
447.236,5.8262,13.1415,6.1689,15.6367,25915.1100,-14.4897,NA,NA,NA,NA,NA,NA,NA,NA,NA,NA
447.328,5.8272,13.1622,6.1646,15.5560,24739.1520,-18.3699,NA,NA,NA,NA,NA,NA,NA,NA,NA,NA
447.424,5.8272,13.1622,6.1625,15.5160,26235.1680,-13.4336,NA,NA,NA,NA,NA,NA,NA,NA,NA,NA
447.515,5.8199,13.0206,6.1600,15.4689,49689.2800,63.9564,NA,NA,NA,NA,NA,NA,NA,NA,NA,NA
447.618,5.8135,12.8951,6.1588,15.4474,52435.3880,73.0175,NA,NA,NA,NA,NA,NA,NA,NA,NA,NA
447.712,5.8101,12.8298,6.1570,15.4120,56835.3600,87.5358,NA,NA,NA,NA,NA,NA,NA,NA,NA,NA
447.870,5.8091,12.8099,6.1552,15.3795,56835.3600,87.5358,NA,NA,NA,NA,NA,NA,NA,NA,NA,NA
447.904,5.8077,12.7829,6.1548,15.3710,25982.1360,-14.2685,NA,NA,NA,NA,NA,NA,NA,NA,NA,NA
448.006,5.8059,12.7474,6.1527,15.3332,27899.9780,-7.9403,NA,NA,NA,NA,NA,NA,NA,NA,NA,NA
448.111,5.8041,12.7127,6.1492,15.2665,27899.9780,-7.9403,NA,NA,NA,NA,NA,NA,NA,NA,NA,NA
448.207,5.8062,12.7527,6.1447,15.1815,23046.6660,-23.9545,NA,NA,NA,NA,NA,NA,NA,NA,NA,NA
448.302,5.8062,12.7527,6.1418,15.1282,24875.3800,-17.9204,NA,NA,NA,NA,NA,NA,NA,NA,NA,NA
448.413,5.8051,12.7331,6.1404,15.1014,47070.8000,55.3163,NA,NA,NA,NA,NA,NA,NA,NA,NA,NA
448.495,5.7934,12.5052,6.1404,15.1014,49912.0000,64.6913,NA,NA,NA,NA,NA,NA,NA,NA,NA,NA
448.597,5.7879,12.3986,6.1366,15.0312,53410.7880,76.2360,NA,NA,NA,NA,NA,NA,NA,NA,NA,NA
448.692,5.7802,12.2484,6.1338,14.9789,58017.4960,91.4364,NA,NA,NA,NA,NA,NA,NA,NA,NA,NA
448.791,5.7767,12.1799,6.1313,14.9320,58017.4960,91.4364,NA,NA,NA,NA,NA,NA,NA,NA,NA,NA
448.889,5.7754,12.1548,6.1313,14.9320,26409.5600,-12.8582,NA,NA,NA,NA,NA,NA,NA,NA,NA,NA
449.016,5.7765,12.1770,6.1295,14.8982,28697.6400,-5.3083,NA,NA,NA,NA,NA,NA,NA,NA,NA,NA
449.085,5.7765,12.1770,6.1268,14.8472,28697.6400,-5.3083,NA,NA,NA,NA,NA,NA,NA,NA,NA,NA
449.183,5.7749,12.1466,6.1229,14.7728,23590.4340,-22.1602,NA,NA,NA,NA,NA,NA,NA,NA,NA,NA
449.279,5.7731,12.1109,6.1195,14.7107,25214.3300,-16.8020,NA,NA,NA,NA,NA,NA,NA,NA,NA,NA
449.382,5.7731,12.1109,6.1162,14.6474,47559.7360,56.9297,NA,NA,NA,NA,NA,NA,NA,NA,NA,NA
449.486,5.7612,11.8792,6.1147,14.6200,50113.7760,65.3571,NA,NA,NA,NA,NA,NA,NA,NA,NA,NA
449.582,5.7553,11.7644,6.1104,14.5392,50113.7760,65.3571,NA,NA,NA,NA,NA,NA,NA,NA,NA,NA
449.701,5.7556,11.7701,6.1083,14.4997,33509.3600,10.5686,194510.1760,0.0000,NA,NA,NA,NA,NA,NA,NA,NA
449.789,5.7556,11.7701,6.1070,14.4747,33509.3600,10.5686,194510.1760,0.0000,NA,NA,NA,NA,NA,NA,NA,NA
449.882,5.7520,11.7010,6.1035,14.4098,55038.1320,81.6056,NA,NA,NA,NA,NA,NA,NA,NA,NA,NA
449.984,5.7449,11.5626,6.0976,14.2994,57739.8040,90.5201,NA,NA,NA,NA,NA,NA,NA,NA,NA,NA
450.073,5.7440,11.5447,6.0905,14.1671,57739.8040,90.5201,NA,NA,NA,NA,NA,NA,NA,NA,NA,NA
450.171,5.7442,11.5502,6.0899,14.1546,26869.1500,-11.3417,NA,NA,NA,NA,NA,NA,NA,NA,NA,NA
450.270,5.7459,11.5821,6.0856,14.0744,28403.7360,-6.2781,NA,NA,NA,NA,NA,NA,NA,NA,NA,NA
450.370,5.7466,11.5967,6.0841,14.0457,28403.7360,-6.2781,NA,NA,NA,NA,NA,NA,NA,NA,NA,NA
450.482,5.7466,11.5967,6.0841,14.0457,22286.0860,-26.4641,NA,NA,NA,NA,NA,NA,NA,NA,NA,NA
450.573,5.7443,11.5523,6.0843,14.0510,53028.2880,74.9739,NA,NA,NA,NA,NA,NA,NA,NA,NA,NA
450.671,5.7419,11.5052,6.0843,14.0510,55765.6040,84.0060,NA,NA,NA,NA,NA,NA,NA,NA,NA,NA
450.819,5.7397,11.4622,6.0787,13.9451,55765.6040,84.0060,NA,NA,NA,NA,NA,NA,NA,NA,NA,NA
450.865,5.7345,11.3621,6.0769,13.9111,27423.3020,-9.5132,190059.4880,0.0000,NA,NA,NA,NA,NA,NA,NA,NA
450.977,5.7319,11.3116,6.0740,13.8577,53190.5040,75.5091,NA,NA,NA,NA,NA,NA,NA,NA,NA,NA
451.063,5.7290,11.2551,6.0736,13.8493,53190.5040,75.5091,NA,NA,NA,NA,NA,NA,NA,NA,NA,NA
451.162,5.7269,11.2142,6.0719,13.8177,28340.2560,-6.4876,178634.8320,0.0000,NA,NA,NA,NA,NA,NA,NA,NA
451.262,5.7236,11.1500,6.0719,13.8177,59500.0560,96.3283,NA,NA,NA,NA,NA,NA,NA,NA,NA,NA
451.413,5.7167,11.0155,6.0714,13.8075,59500.0560,96.3283,NA,NA,NA,NA,NA,NA,NA,NA,NA,NA
451.464,5.7135,10.9533,6.0703,13.7883,26754.8420,-11.7188,NA,NA,NA,NA,NA,NA,NA,NA,NA,NA
451.564,5.7110,10.9058,6.0691,13.7644,26754.8420,-11.7188,NA,NA,NA,NA,NA,NA,NA,NA,NA,NA
451.660,5.7084,10.8538,6.0662,13.7117,26442.7060,-12.7488,NA,NA,NA,NA,NA,NA,NA,NA,NA,NA
451.759,5.7044,10.7767,6.0635,13.6601,48303.8480,59.3850,NA,NA,NA,NA,NA,NA,NA,NA,NA,NA
451.856,5.6972,10.6370,6.0615,13.6235,52404.8760,72.9168,NA,NA,NA,NA,NA,NA,NA,NA,NA,NA
452.015,5.6943,10.5799,6.0588,13.5730,56615.6040,86.8107,NA,NA,NA,NA,NA,NA,NA,NA,NA,NA
452.050,5.6876,10.4513,6.0556,13.5115,56615.6040,86.8107,NA,NA,NA,NA,NA,NA,NA,NA,NA,NA
452.160,5.6916,10.5289,6.0540,13.4817,25678.2300,-15.2713,185856.5280,0.0000,NA,NA,NA,NA,NA,NA,NA,NA
452.254,5.6916,10.5289,6.0528,13.4598,51071.6400,68.5177,NA,NA,NA,NA,NA,NA,NA,NA,NA,NA
452.347,5.6850,10.4005,6.0482,13.3729,51071.6400,68.5177,NA,NA,NA,NA,NA,NA,NA,NA,NA,NA
452.447,5.6834,10.3682,6.0498,13.4041,27120.7480,-10.5115,185006.2880,0.0000,NA,NA,NA,NA,NA,NA,NA,NA
452.592,5.6834,10.3682,6.0498,13.4041,54661.0240,80.3613,NA,NA,NA,NA,NA,NA,NA,NA,NA,NA
452.650,5.6847,10.3950,6.0474,13.3577,54661.0240,80.3613,NA,NA,NA,NA,NA,NA,NA,NA,NA,NA
452.754,5.6847,10.3950,6.0421,13.2592,25965.9840,-14.3218,NA,NA,NA,NA,NA,NA,NA,NA,NA,NA
452.853,5.6853,10.4049,6.0393,13.2068,25965.9840,-14.3218,NA,NA,NA,NA,NA,NA,NA,NA,NA,NA
452.944,5.6853,10.4049,6.0345,13.1160,26152.7080,-13.7057,NA,NA,NA,NA,NA,NA,NA,NA,NA,NA
453.041,5.6783,10.2690,6.0329,13.0863,49273.2800,62.5837,NA,NA,NA,NA,NA,NA,NA,NA,NA,NA
