,Ch1,,Ch2,,Ch3,,Ch4,,Ch5,,Ch6,,Ch7,,Ch8,
Time (s),R (kohm),ΔR/R0 (%),R (kohm),ΔR/R0 (%),R (kohm),ΔR/R0 (%),R (kohm),ΔR/R0 (%),R (kohm),ΔR/R0 (%),R (kohm),ΔR/R0 (%),R (kohm),ΔR/R0 (%),R (kohm),ΔR/R0 (%)
0.074,1.7749,0.0000,1.0448,0.0000,NA,NA,NA,NA,NA,NA,NA,NA,NA,NA,NA,NA
0.171,1.7654,0.0000,1.0449,0.0000,NA,NA,NA,NA,NA,NA,NA,NA,NA,NA,NA,NA
0.270,1.7647,0.0000,1.0449,0.0000,NA,NA,NA,NA,NA,NA,NA,NA,NA,NA,NA,NA
0.386,1.7642,0.0000,1.0448,0.0000,NA,NA,NA,NA,NA,NA,NA,NA,NA,NA,NA,NA
0.475,1.7687,0.0000,1.0447,0.0000,NA,NA,NA,NA,NA,NA,NA,NA,NA,NA,NA,NA
0.562,1.7687,0.0000,1.0445,0.0000,NA,NA,NA,NA,NA,NA,NA,NA,NA,NA,NA,NA
0.664,1.7717,0.0000,1.0445,0.0000,NA,NA,NA,NA,NA,NA,NA,NA,NA,NA,NA,NA
0.761,1.7717,0.0000,1.0445,0.0000,NA,NA,NA,NA,NA,NA,NA,NA,NA,NA,NA,NA
0.855,1.7700,0.0000,1.0445,0.0000,NA,NA,NA,NA,NA,NA,NA,NA,NA,NA,NA,NA
0.958,1.8790,0.0000,1.0628,0.0000,NA,NA,NA,NA,NA,NA,NA,NA,NA,NA,NA,NA
1.059,2.0313,0.0000,1.1094,4.3855,NA,NA,NA,NA,NA,NA,NA,NA,NA,NA,NA,NA
1.156,2.1174,4.2382,1.1327,6.5772,NA,NA,NA,NA,NA,NA,NA,NA,NA,NA,NA,NA
1.259,2.1440,5.5443,1.1563,8.7986,NA,NA,NA,NA,NA,NA,NA,NA,NA,NA,NA,NA
1.356,2.1526,5.9698,1.1594,9.0976,NA,NA,NA,NA,NA,NA,NA,NA,NA,NA,NA,NA
1.443,2.1526,5.9698,1.1594,9.0976,NA,NA,NA,NA,NA,NA,NA,NA,NA,NA,NA,NA
1.543,2.1308,4.8984,1.1561,8.7796,NA,NA,NA,NA,NA,NA,NA,NA,NA,NA,NA,NA
1.644,2.1178,4.2567,1.1544,8.6201,NA,NA,NA,NA,NA,NA,NA,NA,NA,NA,NA,NA
1.744,2.1002,3.3901,1.1525,8.4460,NA,NA,NA,NA,NA,NA,NA,NA,NA,NA,NA,NA
1.833,2.0857,2.6759,1.1481,8.0263,NA,NA,NA,NA,NA,NA,NA,NA,NA,NA,NA,NA
1.939,2.0775,2.2736,1.1403,7.2926,NA,NA,NA,NA,NA,NA,NA,NA,NA,NA,NA,NA
2.043,2.0606,1.4410,1.1372,7.0065,NA,NA,NA,NA,NA,NA,NA,NA,NA,NA,NA,NA
2.203,2.0543,1.1316,1.1348,6.7823,NA,NA,NA,NA,NA,NA,NA,NA,NA,NA,NA,NA
2.231,2.0370,0.2766,1.1328,6.5877,NA,NA,NA,NA,NA,NA,NA,NA,NA,NA,NA,NA
2.327,2.0502,0.9292,1.1378,7.0648,NA,NA,NA,NA,NA,NA,NA,NA,NA,NA,NA,NA
2.427,2.1094,3.8413,1.1614,9.2859,NA,NA,NA,NA,NA,NA,NA,NA,NA,NA,NA,NA
2.525,2.1631,6.4871,1.1882,11.7996,NA,NA,NA,NA,NA,NA,NA,NA,NA,NA,NA,NA
2.620,2.2110,8.8465,1.2128,14.1156,NA,NA,NA,NA,NA,NA,NA,NA,NA,NA,NA,NA
2.772,2.2385,10.2003,1.2261,15.3657,NA,NA,NA,NA,NA,NA,NA,NA,NA,NA,NA,NA
2.823,2.2654,11.5243,1.2368,16.3789,NA,NA,NA,NA,NA,NA,NA,NA,NA,NA,NA,NA
2.921,2.2969,13.0706,1.2450,17.1443,NA,NA,NA,NA,NA,NA,NA,NA,NA,NA,NA,NA
3.016,2.3089,13.6653,1.2519,17.7935,NA,NA,NA,NA,NA,NA,NA,NA,NA,NA,NA,NA
3.107,2.3347,14.9361,1.2615,18.7000,NA,NA,NA,NA,NA,NA,NA,NA,NA,NA,NA,NA
3.216,2.3447,15.4258,1.2680,19.3169,NA,NA,NA,NA,NA,NA,NA,NA,NA,NA,NA,NA
3.309,2.3628,16.3170,1.2721,19.7012,NA,NA,NA,NA,NA,NA,NA,NA,NA,NA,NA,NA
3.423,2.3700,16.6734,1.2762,20.0868,NA,NA,NA,NA,NA,NA,NA,NA,NA,NA,NA,NA
3.508,2.3903,17.6723,1.2813,20.5648,NA,NA,NA,NA,NA,NA,NA,NA,NA,NA,NA,NA
3.599,2.3975,18.0265,1.2842,20.8377,NA,NA,NA,NA,NA,NA,NA,NA,NA,NA,NA,NA
3.695,2.4001,18.1542,1.2901,21.3886,NA,NA,NA,NA,NA,NA,NA,NA,NA,NA,NA,NA
3.795,2.4093,18.6078,1.2959,21.9347,NA,NA,NA,NA,NA,NA,NA,NA,NA,NA,NA,NA
3.898,2.4130,18.7906,1.2989,22.2237,NA,NA,NA,NA,NA,NA,NA,NA,NA,NA,NA,NA
4.011,2.4222,19.2399,1.3030,22.6030,NA,NA,NA,NA,NA,NA,NA,NA,NA,NA,NA,NA
4.088,2.4245,19.3552,1.3050,22.7912,NA,NA,NA,NA,NA,NA,NA,NA,NA,NA,NA,NA
4.200,2.4370,19.9685,1.3078,23.0558,NA,NA,NA,NA,NA,NA,NA,NA,NA,NA,NA,NA
4.292,2.4380,20.0193,1.3085,23.1278,NA,NA,NA,NA,NA,NA,NA,NA,NA,NA,NA,NA
4.381,2.4380,20.0193,1.3085,23.1278,NA,NA,NA,NA,NA,NA,NA,NA,NA,NA,NA,NA
4.537,2.4293,19.5902,1.3078,23.0589,NA,NA,NA,NA,NA,NA,NA,NA,NA,NA,NA,NA
4.576,2.4268,19.4665,1.3061,22.8969,NA,NA,NA,NA,NA,NA,NA,NA,NA,NA,NA,NA
4.679,2.4117,18.7239,1.3025,22.5613,NA,NA,NA,NA,NA,NA,NA,NA,NA,NA,NA,NA
4.785,2.3973,18.0149,1.2977,22.1052,NA,NA,NA,NA,NA,NA,NA,NA,NA,NA,NA,NA
4.872,2.3749,16.9146,1.2942,21.7776,NA,NA,NA,NA,NA,NA,NA,NA,NA,NA,NA,NA
4.972,2.3605,16.2032,1.2849,20.9007,NA,NA,NA,NA,NA,NA,NA,NA,NA,NA,NA,NA
5.070,2.3414,15.2660,1.2808,20.5153,NA,NA,NA,NA,NA,NA,NA,NA,NA,NA,NA,NA
5.187,2.3355,14.9710,1.2770,20.1624,NA,NA,NA,NA,NA,NA,NA,NA,NA,NA,NA,NA
5.272,2.3216,14.2888,1.2707,19.5653,NA,NA,NA,NA,NA,NA,NA,NA,NA,NA,NA,NA
5.361,2.3155,13.9893,1.2660,19.1280,NA,NA,NA,NA,NA,NA,NA,NA,NA,NA,NA,NA
5.461,2.3063,13.5360,1.2623,18.7776,NA,NA,NA,NA,NA,NA,NA,NA,NA,NA,NA,NA
5.572,2.2925,12.8566,1.2587,18.4361,NA,NA,NA,NA,NA,NA,NA,NA,NA,NA,NA,NA
5.656,2.2873,12.6009,1.2506,17.6798,NA,NA,NA,NA,NA,NA,NA,NA,NA,NA,NA,NA
5.755,2.2789,12.1886,1.2470,17.3348,NA,NA,NA,NA,NA,NA,NA,NA,NA,NA,NA,NA
5.850,2.2699,11.7417,1.2445,17.1029,NA,NA,NA,NA,NA,NA,NA,NA,NA,NA,NA,NA
5.946,2.2642,11.4634,1.2425,16.9110,NA,NA,NA,NA,NA,NA,NA,NA,NA,NA,NA,NA
6.047,2.2608,11.2935,1.2412,16.7904,NA,NA,NA,NA,NA,NA,NA,NA,NA,NA,NA,NA
6.144,2.2561,11.0649,1.2360,16.2985,NA,NA,NA,NA,NA,NA,NA,NA,NA,NA,NA,NA
6.244,2.2499,10.7576,1.2338,16.0980,NA,NA,NA,NA,NA,NA,NA,NA,NA,NA,NA,NA
6.376,2.2476,10.6444,1.2309,15.8196,NA,NA,NA,NA,NA,NA,NA,NA,NA,NA,NA,NA
6.447,2.2461,10.5741,1.2296,15.7033,NA,NA,NA,NA,NA,NA,NA,NA,NA,NA,NA,NA
6.541,2.2457,10.5516,1.2286,15.6008,NA,NA,NA,NA,NA,NA,NA,NA,NA,NA,NA,NA
6.635,2.2329,9.9205,1.2279,15.5437,NA,NA,NA,NA,NA,NA,NA,NA,NA,NA,NA,NA
6.730,2.2329,9.9205,1.2269,15.4483,NA,NA,NA,NA,NA,NA,NA,NA,NA,NA,NA,NA
6.851,2.2281,9.6844,1.2232,15.0983,NA,NA,NA,NA,NA,NA,NA,NA,NA,NA,NA,NA
6.955,2.2281,9.6844,1.2219,14.9749,NA,NA,NA,NA,NA,NA,NA,NA,NA,NA,NA,NA
7.025,2.2257,9.5685,1.2213,14.9151,NA,NA,NA,NA,NA,NA,NA,NA,NA,NA,NA,NA
7.147,2.2248,9.5213,1.2207,14.8608,NA,NA,NA,NA,NA,NA,NA,NA,NA,NA,NA,NA
7.221,2.2146,9.0191,1.2193,14.7302,NA,NA,NA,NA,NA,NA,NA,NA,NA,NA,NA,NA
7.329,2.2146,9.0191,1.2187,14.6700,NA,NA,NA,NA,NA,NA,NA,NA,NA,NA,NA,NA
7.428,2.1969,8.1482,1.2173,14.5416,NA,NA,NA,NA,NA,NA,NA,NA,NA,NA,NA,NA
7.569,2.2029,8.4453,1.2173,14.5391,NA,NA,NA,NA,NA,NA,NA,NA,NA,NA,NA,NA
7.614,2.2029,8.4453,1.2163,14.4482,NA,NA,NA,NA,NA,NA,NA,NA,NA,NA,NA,NA
7.709,2.2011,8.3572,1.2153,14.3581,NA,NA,NA,NA,NA,NA,NA,NA,NA,NA,NA,NA
7.807,2.2004,8.3237,1.2123,14.0724,NA,NA,NA,NA,NA,NA,NA,NA,NA,NA,NA,NA
7.906,2.2001,8.3081,1.2126,14.0993,NA,NA,NA,NA,NA,NA,NA,NA,NA,NA,NA,NA
8.016,2.1883,7.7259,1.2126,14.0993,NA,NA,NA,NA,NA,NA,NA,NA,NA,NA,NA,NA
8.103,2.1926,7.9408,1.2108,13.9338,NA,NA,NA,NA,NA,NA,NA,NA,NA,NA,NA,NA
8.219,2.1943,8.0202,1.2112,13.9650,NA,NA,NA,NA,NA,NA,NA,NA,NA,NA,NA,NA
8.297,2.1943,8.0202,1.2112,13.9714,NA,NA,NA,NA,NA,NA,NA,NA,NA,NA,NA,NA
8.399,2.1938,7.9970,1.2112,13.9714,NA,NA,NA,NA,NA,NA,NA,NA,NA,NA,NA,NA
8.492,2.1929,7.9536,1.2104,13.8969,NA,NA,NA,NA,NA,NA,NA,NA,NA,NA,NA,NA
8.595,2.1912,7.8709,1.2095,13.8040,NA,NA,NA,NA,NA,NA,NA,NA,NA,NA,NA,NA
8.692,2.1903,7.8239,1.2082,13.6904,NA,NA,NA,NA,NA,NA,NA,NA,NA,NA,NA,NA
8.792,2.1802,7.3278,1.2082,13.6904,NA,NA,NA,NA,NA,NA,NA,NA,NA,NA,NA,NA
8.895,2.1827,7.4518,1.2073,13.6044,NA,NA,NA,NA,NA,NA,NA,NA,NA,NA,NA,NA
8.988,2.1827,7.4518,1.2071,13.5808,NA,NA,NA,NA,NA,NA,NA,NA,NA,NA,NA,NA
9.079,2.1838,7.5043,1.2071,13.5808,NA,NA,NA,NA,NA,NA,NA,NA,NA,NA,NA,NA
9.180,2.1838,7.5043,1.2070,13.5736,NA,NA,NA,NA,NA,NA,NA,NA,NA,NA,NA,NA
9.285,2.1840,7.5134,1.2063,13.5032,NA,NA,NA,NA,NA,NA,NA,NA,NA,NA,NA,NA
9.421,2.1840,7.5134,1.2068,13.5553,NA,NA,NA,NA,NA,NA,NA,NA,NA,NA,NA,NA
9.478,2.1811,7.3705,1.2068,13.5553,NA,NA,NA,NA,NA,NA,NA,NA,NA,NA,NA,NA
9.573,2.1793,7.2824,1.2059,13.4678,NA,NA,NA,NA,NA,NA,NA,NA,NA,NA,NA,NA
9.675,2.1766,7.1510,1.2075,13.6212,NA,NA,NA,NA,NA,NA,NA,NA,NA,NA,NA,NA
9.765,2.1816,7.3984,1.2075,13.6212,NA,NA,NA,NA,NA,NA,NA,NA,NA,NA,NA,NA
9.872,2.1816,7.3984,1.2064,13.5129,NA,NA,NA,NA,NA,NA,NA,NA,NA,NA,NA,NA
10.014,2.1759,7.1174,1.2067,13.5403,NA,NA,NA,NA,NA,NA,NA,NA,NA,NA,NA,NA
10.060,2.1767,7.1572,1.2067,13.5403,NA,NA,NA,NA,NA,NA,NA,NA,NA,NA,NA,NA
10.169,2.1816,7.3988,1.2064,13.5176,NA,NA,NA,NA,NA,NA,NA,NA,NA,NA,NA,NA
10.262,2.1816,7.3988,1.2055,13.4339,NA,NA,NA,NA,NA,NA,NA,NA,NA,NA,NA,NA
10.351,2.1777,7.2057,1.2057,13.4553,NA,NA,NA,NA,NA,NA,NA,NA,NA,NA,NA,NA
10.454,2.1790,7.2683,1.2061,13.4863,NA,NA,NA,NA,NA,NA,NA,NA,NA,NA,NA,NA
10.592,2.1790,7.2683,1.2061,13.4863,NA,NA,NA,NA,NA,NA,NA,NA,NA,NA,NA,NA
10.648,2.1805,7.3432,1.2058,13.4620,NA,NA,NA,NA,NA,NA,NA,NA,NA,NA,NA,NA
10.745,2.1818,7.4058,1.2055,13.4359,NA,NA,NA,NA,NA,NA,NA,NA,NA,NA,NA,NA
10.859,2.1833,7.4825,1.2043,13.3155,NA,NA,NA,NA,NA,NA,NA,NA,NA,NA,NA,NA
10.946,2.1833,7.4825,1.2032,13.2173,NA,NA,NA,NA,NA,NA,NA,NA,NA,NA,NA,NA
11.039,2.1761,7.1272,1.2035,13.2473,NA,NA,NA,NA,NA,NA,NA,NA,NA,NA,NA,NA
11.146,2.1747,7.0555,1.2036,13.2571,NA,NA,NA,NA,NA,NA,NA,NA,NA,NA,NA,NA
11.240,2.1738,7.0122,1.2039,13.2849,NA,NA,NA,NA,NA,NA,NA,NA,NA,NA,NA,NA
11.340,2.1802,7.3279,1.2039,13.2849,NA,NA,NA,NA,NA,NA,NA,NA,NA,NA,NA,NA
11.433,2.1802,7.3279,1.2036,13.2533,NA,NA,NA,NA,NA,NA,NA,NA,NA,NA,NA,NA
11.532,2.1755,7.0960,1.2035,13.2452,NA,NA,NA,NA,NA,NA,NA,NA,NA,NA,NA,NA
11.629,2.1760,7.1219,1.2029,13.1888,NA,NA,NA,NA,NA,NA,NA,NA,NA,NA,NA,NA
11.760,2.1760,7.1219,1.2033,13.2246,NA,NA,NA,NA,NA,NA,NA,NA,NA,NA,NA,NA
11.822,2.1731,6.9809,1.2036,13.2503,NA,NA,NA,NA,NA,NA,NA,NA,NA,NA,NA,NA
11.925,2.1700,6.8247,1.2047,13.3605,NA,NA,NA,NA,NA,NA,NA,NA,NA,NA,NA,NA
12.018,2.1696,6.8046,1.2047,13.3605,NA,NA,NA,NA,NA,NA,NA,NA,NA,NA,NA,NA
12.113,2.1676,6.7088,1.2023,13.1285,NA,NA,NA,NA,NA,NA,NA,NA,NA,NA,NA,NA
12.216,2.1698,6.8142,1.2021,13.1119,NA,NA,NA,NA,NA,NA,NA,NA,NA,NA,NA,NA
12.363,2.1698,6.8142,1.2013,13.0337,NA,NA,NA,NA,NA,NA,NA,NA,NA,NA,NA,NA
12.424,2.1683,6.7402,1.2001,12.9218,NA,NA,NA,NA,NA,NA,NA,NA,NA,NA,NA,NA
12.515,2.1683,6.7402,1.1991,12.8336,NA,NA,NA,NA,NA,NA,NA,NA,NA,NA,NA,NA
12.614,2.1643,6.5435,1.1991,12.8336,NA,NA,NA,NA,NA,NA,NA,NA,NA,NA,NA,NA
12.709,2.1624,6.4542,1.1977,12.7005,NA,NA,NA,NA,NA,NA,NA,NA,NA,NA,NA,NA
12.810,2.1602,6.3455,1.1977,12.7005,NA,NA,NA,NA,NA,NA,NA,NA,NA,NA,NA,NA
12.950,2.1625,6.4577,1.1972,12.6514,NA,NA,NA,NA,NA,NA,NA,NA,NA,NA,NA,NA
12.996,2.1625,6.4577,1.1974,12.6652,NA,NA,NA,NA,NA,NA,NA,NA,NA,NA,NA,NA
13.107,2.1611,6.3882,1.1978,12.7062,NA,NA,NA,NA,NA,NA,NA,NA,NA,NA,NA,NA
13.203,2.1611,6.3882,1.1978,12.7062,NA,NA,NA,NA,NA,NA,NA,NA,NA,NA,NA,NA
13.299,2.1585,6.2608,1.1975,12.6785,NA,NA,NA,NA,NA,NA,NA,NA,NA,NA,NA,NA
13.395,2.1537,6.0240,1.1971,12.6451,NA,NA,NA,NA,NA,NA,NA,NA,NA,NA,NA,NA
13.489,2.1537,6.0240,1.1971,12.6451,NA,NA,NA,NA,NA,NA,NA,NA,NA,NA,NA,NA
13.584,2.1539,6.0356,1.1968,12.6108,NA,NA,NA,NA,NA,NA,NA,NA,NA,NA,NA,NA
13.684,2.1539,6.0356,1.1961,12.5439,NA,NA,NA,NA,NA,NA,NA,NA,NA,NA,NA,NA
13.780,2.1498,5.8298,1.1966,12.5901,NA,NA,NA,NA,NA,NA,NA,NA,NA,NA,NA,NA
13.881,2.1498,5.8298,1.1966,12.5901,NA,NA,NA,NA,NA,NA,NA,NA,NA,NA,NA,NA
13.979,2.1496,5.8235,1.1960,12.5393,NA,NA,NA,NA,NA,NA,NA,NA,NA,NA,NA,NA
14.074,2.1492,5.8017,1.1957,12.5091,NA,NA,NA,NA,NA,NA,NA,NA,NA,NA,NA,NA
14.174,2.1506,5.8722,1.1957,12.5093,NA,NA,NA,NA,NA,NA,NA,NA,NA,NA,NA,NA
14.270,2.1506,5.8722,1.1957,12.5093,NA,NA,NA,NA,NA,NA,NA,NA,NA,NA,NA,NA
14.370,2.1531,5.9928,1.1949,12.4316,NA,NA,NA,NA,NA,NA,NA,NA,NA,NA,NA,NA
14.475,2.1531,5.9928,1.1952,12.4621,NA,NA,NA,NA,NA,NA,NA,NA,NA,NA,NA,NA
14.573,2.1540,6.0389,1.1953,12.4679,NA,NA,NA,NA,NA,NA,NA,NA,NA,NA,NA,NA
14.665,2.1540,6.0389,1.1955,12.4896,NA,NA,NA,NA,NA,NA,NA,NA,NA,NA,NA,NA
14.768,2.1513,5.9076,1.1955,12.4896,NA,NA,NA,NA,NA,NA,NA,NA,NA,NA,NA,NA
14.856,2.1513,5.9076,1.1954,12.4814,NA,NA,NA,NA,NA,NA,NA,NA,NA,NA,NA,NA
14.959,2.1509,5.8854,1.1948,12.4282,NA,NA,NA,NA,NA,NA,NA,NA,NA,NA,NA,NA
15.053,2.1597,6.3194,1.1948,12.4282,NA,NA,NA,NA,NA,NA,NA,NA,NA,NA,NA,NA
15.152,2.1597,6.3194,1.1944,12.3867,NA,NA,NA,NA,NA,NA,NA,NA,NA,NA,NA,NA
15.261,2.1576,6.2150,1.1924,12.2033,NA,NA,NA,NA,NA,NA,NA,NA,NA,NA,NA,NA
15.386,2.1576,6.2150,1.1918,12.1426,NA,NA,NA,NA,NA,NA,NA,NA,NA,NA,NA,NA
15.449,2.1575,6.2090,1.1918,12.1426,NA,NA,NA,NA,NA,NA,NA,NA,NA,NA,NA,NA
15.544,2.1546,6.0676,1.1911,12.0799,NA,NA,NA,NA,NA,NA,NA,NA,NA,NA,NA,NA
15.646,2.1539,6.0339,1.1906,12.0255,NA,NA,NA,NA,NA,NA,NA,NA,NA,NA,NA,NA
15.743,2.1520,5.9395,1.1906,12.0255,NA,NA,NA,NA,NA,NA,NA,NA,NA,NA,NA,NA
15.835,2.1520,5.9395,1.1903,12.0008,NA,NA,NA,NA,NA,NA,NA,NA,NA,NA,NA,NA
15.936,2.1548,6.0762,1.1903,12.0008,NA,NA,NA,NA,NA,NA,NA,NA,NA,NA,NA,NA
16.031,2.1548,6.0762,1.1903,12.0034,NA,NA,NA,NA,NA,NA,NA,NA,NA,NA,NA,NA
16.130,2.1450,5.5936,1.1903,12.0034,NA,NA,NA,NA,NA,NA,NA,NA,NA,NA,NA,NA
16.234,2.1422,5.4577,1.1907,12.0366,NA,NA,NA,NA,NA,NA,NA,NA,NA,NA,NA,NA
16.329,2.1415,5.4224,1.1907,12.0366,NA,NA,NA,NA,NA,NA,NA,NA,NA,NA,NA,NA
16.421,2.1456,5.6246,1.1893,11.9078,NA,NA,NA,NA,NA,NA,NA,NA,NA,NA,NA,NA
16.531,2.1456,5.6246,1.1893,11.9061,NA,NA,NA,NA,NA,NA,NA,NA,NA,NA,NA,NA
16.626,2.1433,5.5095,1.1878,11.7701,NA,NA,NA,NA,NA,NA,NA,NA,NA,NA,NA,NA
16.716,2.1433,5.5095,1.1878,11.7701,NA,NA,NA,NA,NA,NA,NA,NA,NA,NA,NA,NA
16.826,2.1439,5.5406,1.1867,11.6624,NA,NA,NA,NA,NA,NA,NA,NA,NA,NA,NA,NA
16.920,2.1439,5.5406,1.1871,11.7027,NA,NA,NA,NA,NA,NA,NA,NA,NA,NA,NA,NA
17.012,2.1406,5.3802,1.1871,11.7027,NA,NA,NA,NA,NA,NA,NA,NA,NA,NA,NA,NA
17.105,2.1449,5.5881,1.1870,11.6884,NA,NA,NA,NA,NA,NA,NA,NA,NA,NA,NA,NA
17.202,2.1466,5.6735,1.1851,11.5161,NA,NA,NA,NA,NA,NA,NA,NA,NA,NA,NA,NA
17.308,2.1466,5.6735,1.1851,11.5122,NA,NA,NA,NA,NA,NA,NA,NA,NA,NA,NA,NA
17.402,2.1431,5.5034,1.1853,11.5301,NA,NA,NA,NA,NA,NA,NA,NA,NA,NA,NA,NA
17.501,2.1465,5.6700,1.1853,11.5301,NA,NA,NA,NA,NA,NA,NA,NA,NA,NA,NA,NA
17.598,2.1465,5.6700,1.1853,11.5269,NA,NA,NA,NA,NA,NA,NA,NA,NA,NA,NA,NA
17.694,2.1460,5.6454,1.1846,11.4667,NA,NA,NA,NA,NA,NA,NA,NA,NA,NA,NA,NA
17.796,2.1453,5.6102,1.1842,11.4313,NA,NA,NA,NA,NA,NA,NA,NA,NA,NA,NA,NA
17.895,2.1382,5.2586,1.1846,11.4645,NA,NA,NA,NA,NA,NA,NA,NA,NA,NA,NA,NA
17.989,2.1382,5.2593,1.1846,11.4645,NA,NA,NA,NA,NA,NA,NA,NA,NA,NA,NA,NA
18.089,2.1382,5.2593,1.1832,11.3335,NA,NA,NA,NA,NA,NA,NA,NA,NA,NA,NA,NA
18.199,2.1400,5.3481,1.1830,11.3175,NA,NA,NA,NA,NA,NA,NA,NA,NA,NA,NA,NA
18.286,2.1400,5.3481,1.1828,11.2941,NA,NA,NA,NA,NA,NA,NA,NA,NA,NA,NA,NA
18.410,2.1404,5.3680,1.1829,11.3011,NA,NA,NA,NA,NA,NA,NA,NA,NA,NA,NA,NA
18.484,2.1404,5.3680,1.1829,11.3011,NA,NA,NA,NA,NA,NA,NA,NA,NA,NA,NA,NA
18.579,2.1365,5.1760,1.1828,11.2939,NA,NA,NA,NA,NA,NA,NA,NA,NA,NA,NA,NA
18.675,2.1359,5.1489,1.1813,11.1568,NA,NA,NA,NA,NA,NA,NA,NA,NA,NA,NA,NA
18.780,2.1359,5.1489,1.1823,11.2495,NA,NA,NA,NA,NA,NA,NA,NA,NA,NA,NA,NA
18.875,2.1365,5.1748,1.1823,11.2495,NA,NA,NA,NA,NA,NA,NA,NA,NA,NA,NA,NA
18.977,2.1365,5.1748,1.1818,11.2006,NA,NA,NA,NA,NA,NA,NA,NA,NA,NA,NA,NA
19.067,2.1389,5.2961,1.1807,11.0973,NA,NA,NA,NA,NA,NA,NA,NA,NA,NA,NA,NA
19.168,2.1402,5.3584,1.1804,11.0698,NA,NA,NA,NA,NA,NA,NA,NA,NA,NA,NA,NA
19.270,2.1402,5.3584,1.1806,11.0852,NA,NA,NA,NA,NA,NA,NA,NA,NA,NA,NA,NA
19.366,2.1366,5.1833,1.1806,11.0852,NA,NA,NA,NA,NA,NA,NA,NA,NA,NA,NA,NA
19.458,2.1366,5.1833,1.1797,10.9998,NA,NA,NA,NA,NA,NA,NA,NA,NA,NA,NA,NA
19.619,2.1360,5.1500,1.1787,10.9127,NA,NA,NA,NA,NA,NA,NA,NA,NA,NA,NA,NA
19.656,2.1360,5.1500,1.1784,10.8831,NA,NA,NA,NA,NA,NA,NA,NA,NA,NA,NA,NA
19.759,2.1378,5.2387,1.1792,10.9549,NA,NA,NA,NA,NA,NA,NA,NA,NA,NA,NA,NA
19.851,2.1378,5.2387,1.1792,10.9549,NA,NA,NA,NA,NA,NA,NA,NA,NA,NA,NA,NA
19.958,2.1370,5.1999,1.1778,10.8278,NA,NA,NA,NA,NA,NA,NA,NA,NA,NA,NA,NA
20.053,2.1303,4.8729,1.1779,10.8340,NA,NA,NA,NA,NA,NA,NA,NA,NA,NA,NA,NA
20.222,2.1293,4.8243,1.1779,10.8340,NA,NA,NA,NA,NA,NA,NA,NA,NA,NA,NA,NA
20.240,2.1293,4.8243,1.1777,10.8154,NA,NA,NA,NA,NA,NA,NA,NA,NA,NA,NA,NA
20.345,2.1275,4.7321,1.1774,10.7887,NA,NA,NA,NA,NA,NA,NA,NA,NA,NA,NA,NA
20.440,2.1275,4.7321,1.1776,10.8041,NA,NA,NA,NA,NA,NA,NA,NA,NA,NA,NA,NA
20.543,2.1288,4.8000,1.1776,10.8041,NA,NA,NA,NA,NA,NA,NA,NA,NA,NA,NA,NA
20.640,2.1297,4.8434,1.1770,10.7496,NA,NA,NA,NA,NA,NA,NA,NA,NA,NA,NA,NA
20.740,2.1307,4.8936,1.1762,10.6775,NA,NA,NA,NA,NA,NA,NA,NA,NA,NA,NA,NA
20.832,2.1307,4.8936,1.1759,10.6453,NA,NA,NA,NA,NA,NA,NA,NA,NA,NA,NA,NA
20.935,2.1283,4.7741,1.1747,10.5345,NA,NA,NA,NA,NA,NA,NA,NA,NA,NA,NA,NA
21.031,2.1256,4.6405,1.1745,10.5150,NA,NA,NA,NA,NA,NA,NA,NA,NA,NA,NA,NA
21.123,2.1254,4.6304,1.1741,10.4746,NA,NA,NA,NA,NA,NA,NA,NA,NA,NA,NA,NA
21.219,2.1227,4.4954,1.1752,10.5780,NA,NA,NA,NA,NA,NA,NA,NA,NA,NA,NA,NA
21.341,2.1227,4.4954,1.1752,10.5780,NA,NA,NA,NA,NA,NA,NA,NA,NA,NA,NA,NA
21.419,2.1236,4.5425,1.1737,10.4372,NA,NA,NA,NA,NA,NA,NA,NA,NA,NA,NA,NA
21.517,2.1236,4.5425,1.1727,10.3477,NA,NA,NA,NA,NA,NA,NA,NA,NA,NA,NA,NA
21.618,2.1233,4.5253,1.1724,10.3165,NA,NA,NA,NA,NA,NA,NA,NA,NA,NA,NA,NA
21.715,2.1201,4.3670,1.1722,10.3031,NA,NA,NA,NA,NA,NA,NA,NA,NA,NA,NA,NA
21.806,2.1201,4.3670,1.1713,10.2102,NA,NA,NA,NA,NA,NA,NA,NA,NA,NA,NA,NA
21.947,2.1213,4.4301,1.1708,10.1681,NA,NA,NA,NA,NA,NA,NA,NA,NA,NA,NA,NA
22.007,2.1213,4.4301,1.1708,10.1659,NA,NA,NA,NA,NA,NA,NA,NA,NA,NA,NA,NA
22.102,2.1206,4.3942,1.1695,10.0432,NA,NA,NA,NA,NA,NA,NA,NA,NA,NA,NA,NA
22.214,2.1218,4.4539,1.1690,9.9998,NA,NA,NA,NA,NA,NA,NA,NA,NA,NA,NA,NA
22.305,2.1218,4.4539,1.1689,9.9854,NA,NA,NA,NA,NA,NA,NA,NA,NA,NA,NA,NA
22.401,2.1186,4.2949,1.1684,9.9421,NA,NA,NA,NA,NA,NA,NA,NA,NA,NA,NA,NA
22.494,2.1186,4.2949,1.1683,9.9340,NA,NA,NA,NA,NA,NA,NA,NA,NA,NA,NA,NA
22.622,2.1211,4.4177,1.1683,9.9340,NA,NA,NA,NA,NA,NA,NA,NA,NA,NA,NA,NA
22.699,2.1211,4.4177,1.1667,9.7839,NA,NA,NA,NA,NA,NA,NA,NA,NA,NA,NA,NA
22.787,2.1146,4.0978,1.1663,9.7455,NA,NA,NA,NA,NA,NA,NA,NA,NA,NA,NA,NA
22.889,2.1136,4.0481,1.1667,9.7807,NA,NA,NA,NA,NA,NA,NA,NA,NA,NA,NA,NA
22.984,2.1127,4.0071,1.1667,9.7807,NA,NA,NA,NA,NA,NA,NA,NA,NA,NA,NA,NA
23.082,2.1147,4.1023,1.1653,9.6534,NA,NA,NA,NA,NA,NA,NA,NA,NA,NA,NA,NA
23.204,2.1147,4.1023,1.1653,9.6530,NA,NA,NA,NA,NA,NA,NA,NA,NA,NA,NA,NA
23.279,2.1129,4.0147,1.1653,9.6530,NA,NA,NA,NA,NA,NA,NA,NA,NA,NA,NA,NA
23.378,2.1129,4.0147,1.1649,9.6142,NA,NA,NA,NA,NA,NA,NA,NA,NA,NA,NA,NA
23.490,2.1149,4.1124,1.1654,9.6624,NA,NA,NA,NA,NA,NA,NA,NA,NA,NA,NA,NA
23.570,2.1149,4.1124,1.1654,9.6624,NA,NA,NA,NA,NA,NA,NA,NA,NA,NA,NA,NA
23.668,2.1137,4.0535,1.1640,9.5288,NA,NA,NA,NA,NA,NA,NA,NA,NA,NA,NA,NA
23.766,2.1126,4.0009,1.1633,9.4656,NA,NA,NA,NA,NA,NA,NA,NA,NA,NA,NA,NA
23.866,2.1130,4.0205,1.1634,9.4715,NA,NA,NA,NA,NA,NA,NA,NA,NA,NA,NA,NA
23.963,2.1130,4.0205,1.1634,9.4715,NA,NA,NA,NA,NA,NA,NA,NA,NA,NA,NA,NA
24.072,2.1120,3.9709,1.1633,9.4648,NA,NA,NA,NA,NA,NA,NA,NA,NA,NA,NA,NA
24.163,2.1090,3.8212,1.1628,9.4173,NA,NA,NA,NA,NA,NA,NA,NA,NA,NA,NA,NA
24.256,2.1090,3.8212,1.1626,9.3912,NA,NA,NA,NA,NA,NA,NA,NA,NA,NA,NA,NA
24.368,2.1079,3.7673,1.1614,9.2844,NA,NA,NA,NA,NA,NA,NA,NA,NA,NA,NA,NA
24.457,2.1080,3.7749,1.1616,9.3048,NA,NA,NA,NA,NA,NA,NA,NA,NA,NA,NA,NA
24.549,2.1102,3.8811,1.1616,9.3048,NA,NA,NA,NA,NA,NA,NA,NA,NA,NA,NA,NA
24.645,2.1102,3.8811,1.1594,9.0934,NA,NA,NA,NA,NA,NA,NA,NA,NA,NA,NA,NA
24.772,2.1089,3.8192,1.1591,9.0679,NA,NA,NA,NA,NA,NA,NA,NA,NA,NA,NA,NA
24.845,2.1078,3.7624,1.1596,9.1144,NA,NA,NA,NA,NA,NA,NA,NA,NA,NA,NA,NA
24.996,2.1066,3.7061,1.1597,9.1197,NA,NA,NA,NA,NA,NA,NA,NA,NA,NA,NA,NA
25.033,2.1079,3.7680,1.1597,9.1197,NA,NA,NA,NA,NA,NA,NA,NA,NA,NA,NA,NA
25.139,2.1079,3.7680,1.1592,9.0743,NA,NA,NA,NA,NA,NA,NA,NA,NA,NA,NA,NA
25.236,2.1031,3.5322,1.1590,9.0528,NA,NA,NA,NA,NA,NA,NA,NA,NA,NA,NA,NA
25.333,2.1044,3.5974,1.1576,8.9268,NA,NA,NA,NA,NA,NA,NA,NA,NA,NA,NA,NA
25.441,2.1066,3.7038,1.1576,8.9268,NA,NA,NA,NA,NA,NA,NA,NA,NA,NA,NA,NA
25.531,2.1066,3.7038,1.1574,8.9092,NA,NA,NA,NA,NA,NA,NA,NA,NA,NA,NA,NA
25.630,2.1011,3.4321,1.1582,8.9779,NA,NA,NA,NA,NA,NA,NA,NA,NA,NA,NA,NA
25.724,2.1012,3.4387,1.1582,8.9779,NA,NA,NA,NA,NA,NA,NA,NA,NA,NA,NA,NA
25.833,2.1012,3.4387,1.1579,8.9551,NA,NA,NA,NA,NA,NA,NA,NA,NA,NA,NA,NA
25.918,2.1007,3.4155,1.1566,8.8334,NA,NA,NA,NA,NA,NA,NA,NA,NA,NA,NA,NA
26.020,2.1001,3.3833,1.1566,8.8334,NA,NA,NA,NA,NA,NA,NA,NA,NA,NA,NA,NA
26.159,2.1001,3.3833,1.1561,8.7804,NA,NA,NA,NA,NA,NA,NA,NA,NA,NA,NA,NA
26.220,2.0993,3.3452,1.1561,8.7804,NA,NA,NA,NA,NA,NA,NA,NA,NA,NA,NA,NA
26.312,2.0936,3.0640,1.1549,8.6668,NA,NA,NA,NA,NA,NA,NA,NA,NA,NA,NA,NA
26.412,2.0936,3.0640,1.1555,8.7260,NA,NA,NA,NA,NA,NA,NA,NA,NA,NA,NA,NA
26.506,2.0874,2.7580,1.1555,8.7260,NA,NA,NA,NA,NA,NA,NA,NA,NA,NA,NA,NA
26.608,2.0861,2.6964,1.1552,8.6973,NA,NA,NA,NA,NA,NA,NA,NA,NA,NA,NA,NA
26.705,2.0870,2.7388,1.1551,8.6898,NA,NA,NA,NA,NA,NA,NA,NA,NA,NA,NA,NA
26.822,2.0889,2.8359,1.1539,8.5755,NA,NA,NA,NA,NA,NA,NA,NA,NA,NA,NA,NA
26.898,2.0889,2.8359,1.1531,8.5055,NA,NA,NA,NA,NA,NA,NA,NA,NA,NA,NA,NA
27.003,2.0874,2.7614,1.1530,8.4937,NA,NA,NA,NA,NA,NA,NA,NA,NA,NA,NA,NA
27.093,2.0833,2.5575,1.1532,8.5110,NA,NA,NA,NA,NA,NA,NA,NA,NA,NA,NA,NA
27.193,2.0864,2.7107,1.1534,8.5273,NA,NA,NA,NA,NA,NA,NA,NA,NA,NA,NA,NA
27.291,2.0864,2.7107,1.1534,8.5273,NA,NA,NA,NA,NA,NA,NA,NA,NA,NA,NA,NA
27.414,2.0875,2.7647,1.1532,8.5130,NA,NA,NA,NA,NA,NA,NA,NA,NA,NA,NA,NA
27.487,2.0888,2.8309,1.1532,8.5130,NA,NA,NA,NA,NA,NA,NA,NA,NA,NA,NA,NA
27.593,2.0888,2.8309,1.1524,8.4388,NA,NA,NA,NA,NA,NA,NA,NA,NA,NA,NA,NA
27.686,2.0937,3.0699,1.1516,8.3613,NA,NA,NA,NA,NA,NA,NA,NA,NA,NA,NA,NA
27.785,2.0937,3.0699,1.1506,8.2695,NA,NA,NA,NA,NA,NA,NA,NA,NA,NA,NA,NA
27.934,2.0914,2.9571,1.1485,8.0708,NA,NA,NA,NA,NA,NA,NA,NA,NA,NA,NA,NA
27.984,2.0909,2.9325,1.1485,8.0708,NA,NA,NA,NA,NA,NA,NA,NA,NA,NA,NA,NA
28.079,2.0826,2.5248,1.1484,8.0628,NA,NA,NA,NA,NA,NA,NA,NA,NA,NA,NA,NA
28.181,2.0856,2.6704,1.1486,8.0754,NA,NA,NA,NA,NA,NA,NA,NA,NA,NA,NA,NA
28.273,2.0866,2.7187,1.1486,8.0754,NA,NA,NA,NA,NA,NA,NA,NA,NA,NA,NA,NA
28.371,2.0910,2.9374,1.1478,7.9981,NA,NA,NA,NA,NA,NA,NA,NA,NA,NA,NA,NA
28.465,2.0910,2.9374,1.1470,7.9301,NA,NA,NA,NA,NA,NA,NA,NA,NA,NA,NA,NA
28.570,2.0892,2.8498,1.1462,7.8565,NA,NA,NA,NA,NA,NA,NA,NA,NA,NA,NA,NA
28.664,2.0844,2.6103,1.1466,7.8919,NA,NA,NA,NA,NA,NA,NA,NA,NA,NA,NA,NA
28.769,2.0835,2.5691,1.1467,7.9004,NA,NA,NA,NA,NA,NA,NA,NA,NA,NA,NA,NA
28.859,2.0894,2.8563,1.1467,7.9004,NA,NA,NA,NA,NA,NA,NA,NA,NA,NA,NA,NA
28.960,2.0894,2.8563,1.1466,7.8873,NA,NA,NA,NA,NA,NA,NA,NA,NA,NA,NA,NA
29.057,2.0800,2.3971,1.1465,7.8819,NA,NA,NA,NA,NA,NA,NA,NA,NA,NA,NA,NA
29.202,2.0800,2.3971,1.1465,7.8819,NA,NA,NA,NA,NA,NA,NA,NA,NA,NA,NA,NA
29.251,2.0826,2.5226,1.1463,7.8660,NA,NA,NA,NA,NA,NA,NA,NA,NA,NA,NA,NA
29.346,2.0826,2.5226,1.1465,7.8790,NA,NA,NA,NA,NA,NA,NA,NA,NA,NA,NA,NA
29.442,2.0755,2.1736,1.1465,7.8790,NA,NA,NA,NA,NA,NA,NA,NA,NA,NA,NA,NA
29.552,2.0760,2.2008,1.1460,7.8367,NA,NA,NA,NA,NA,NA,NA,NA,NA,NA,NA,NA
29.642,2.0763,2.2119,1.1460,7.8367,NA,NA,NA,NA,NA,NA,NA,NA,NA,NA,NA,NA
29.801,2.0800,2.3963,1.1458,7.8107,NA,NA,NA,NA,NA,NA,NA,NA,NA,NA,NA,NA
29.840,2.0800,2.3963,1.1454,7.7746,NA,NA,NA,NA,NA,NA,NA,NA,NA,NA,NA,NA
29.943,2.0767,2.2314,1.1438,7.6221,NA,NA,NA,NA,NA,NA,NA,NA,NA,NA,NA,NA
30.037,2.0767,2.2314,1.1437,7.6132,NA,NA,NA,NA,NA,NA,NA,NA,NA,NA,NA,NA
30.131,2.0705,1.9297,1.1428,7.5313,NA,NA,NA,NA,NA,NA,NA,NA,NA,NA,NA,NA
30.231,2.0702,1.9123,1.1428,7.5313,NA,NA,NA,NA,NA,NA,NA,NA,NA,NA,NA,NA
30.328,2.0639,1.6029,1.1434,7.5900,NA,NA,NA,NA,NA,NA,NA,NA,NA,NA,NA,NA
30.424,2.0682,1.8139,1.1434,7.5900,NA,NA,NA,NA,NA,NA,NA,NA,NA,NA,NA,NA
30.529,2.0706,1.9336,1.1429,7.5442,NA,NA,NA,NA,NA,NA,NA,NA,NA,NA,NA,NA
30.627,2.0734,2.0711,1.1419,7.4488,NA,NA,NA,NA,NA,NA,NA,NA,NA,NA,NA,NA
30.723,2.0734,2.0711,1.1410,7.3611,NA,NA,NA,NA,NA,NA,NA,NA,NA,NA,NA,NA
30.815,2.0732,2.0630,1.1403,7.2990,NA,NA,NA,NA,NA,NA,NA,NA,NA,NA,NA,NA
30.913,2.0732,2.0630,1.1406,7.3288,NA,NA,NA,NA,NA,NA,NA,NA,NA,NA,NA,NA
31.024,2.0718,1.9892,1.1406,7.3288,NA,NA,NA,NA,NA,NA,NA,NA,NA,NA,NA,NA
31.107,2.0718,1.9892,1.1401,7.2750,NA,NA,NA,NA,NA,NA,NA,NA,NA,NA,NA,NA
31.203,2.0730,2.0504,1.1401,7.2750,NA,NA,NA,NA,NA,NA,NA,NA,NA,NA,NA,NA
31.310,2.0730,2.0504,1.1400,7.2725,NA,NA,NA,NA,NA,NA,NA,NA,NA,NA,NA,NA
31.401,2.0720,1.9992,1.1395,7.2245,NA,NA,NA,NA,NA,NA,NA,NA,NA,NA,NA,NA
31.511,2.0657,1.6925,1.1383,7.1056,NA,NA,NA,NA,NA,NA,NA,NA,NA,NA,NA,NA
31.600,2.0681,1.8118,1.1376,7.0452,NA,NA,NA,NA,NA,NA,NA,NA,NA,NA,NA,NA
31.698,2.0690,1.8521,1.1373,7.0170,NA,NA,NA,NA,NA,NA,NA,NA,NA,NA,NA,NA
31.795,2.0690,1.8521,1.1355,6.8472,NA,NA,NA,NA,NA,NA,NA,NA,NA,NA,NA,NA
31.897,2.0719,1.9957,1.1366,6.9473,NA,NA,NA,NA,NA,NA,NA,NA,NA,NA,NA,NA
31.991,2.0719,1.9957,1.1366,6.9473,NA,NA,NA,NA,NA,NA,NA,NA,NA,NA,NA,NA
32.090,2.0709,1.9461,1.1345,6.7545,NA,NA,NA,NA,NA,NA,NA,NA,NA,NA,NA,NA
32.215,2.0706,1.9347,1.1352,6.8216,NA,NA,NA,NA,NA,NA,NA,NA,NA,NA,NA,NA
32.283,2.0632,1.5701,1.1352,6.8216,NA,NA,NA,NA,NA,NA,NA,NA,NA,NA,NA,NA
32.383,2.0642,1.6170,1.1352,6.8143,NA,NA,NA,NA,NA,NA,NA,NA,NA,NA,NA,NA
32.490,2.0651,1.6607,1.1346,6.7580,NA,NA,NA,NA,NA,NA,NA,NA,NA,NA,NA,NA
32.584,2.0679,1.7986,1.1346,6.7580,NA,NA,NA,NA,NA,NA,NA,NA,NA,NA,NA,NA
32.676,2.0679,1.7986,1.1335,6.6530,NA,NA,NA,NA,NA,NA,NA,NA,NA,NA,NA,NA
32.798,2.0658,1.6954,1.1328,6.5950,NA,NA,NA,NA,NA,NA,NA,NA,NA,NA,NA,NA
32.881,2.0658,1.6954,1.1326,6.5732,NA,NA,NA,NA,NA,NA,NA,NA,NA,NA,NA,NA
32.967,2.0607,1.4433,1.1326,6.5732,NA,NA,NA,NA,NA,NA,NA,NA,NA,NA,NA,NA
33.065,2.0558,1.2024,1.1325,6.5662,NA,NA,NA,NA,NA,NA,NA,NA,NA,NA,NA,NA
33.165,2.0538,1.1042,1.1320,6.5141,NA,NA,NA,NA,NA,NA,NA,NA,NA,NA,NA,NA
33.269,2.0589,1.3586,1.1320,6.5141,NA,NA,NA,NA,NA,NA,NA,NA,NA,NA,NA,NA
33.422,2.0589,1.3586,1.1310,6.4188,NA,NA,NA,NA,NA,NA,NA,NA,NA,NA,NA,NA
33.465,2.0544,1.1337,1.1310,6.4188,NA,NA,NA,NA,NA,NA,NA,NA,NA,NA,NA,NA
33.557,2.0544,1.1337,1.1304,6.3686,NA,NA,NA,NA,NA,NA,NA,NA,NA,NA,NA,NA
33.652,2.0533,1.0825,1.1303,6.3567,NA,NA,NA,NA,NA,NA,NA,NA,NA,NA,NA,NA
33.761,2.0533,1.0825,1.1279,6.1343,NA,NA,NA,NA,NA,NA,NA,NA,NA,NA,NA,NA
33.854,2.0487,0.8549,1.1279,6.1343,NA,NA,NA,NA,NA,NA,NA,NA,NA,NA,NA,NA
33.949,2.0479,0.8176,1.1275,6.0916,NA,NA,NA,NA,NA,NA,NA,NA,NA,NA,NA,NA
34.050,2.0476,0.7989,1.1283,6.1680,NA,NA,NA,NA,NA,NA,NA,NA,NA,NA,NA,NA
34.144,2.0526,1.0456,1.1284,6.1799,NA,NA,NA,NA,NA,NA,NA,NA,NA,NA,NA,NA
34.240,2.0707,1.9354,1.1344,6.7416,NA,NA,NA,NA,NA,NA,NA,NA,NA,NA,NA,NA
34.346,2.1104,3.8915,1.1534,8.5263,NA,NA,NA,NA,NA,NA,NA,NA,NA,NA,NA,NA
34.439,2.1361,5.1588,1.1661,9.7213,NA,NA,NA,NA,NA,NA,NA,NA,NA,NA,NA,NA
34.538,2.1451,5.6001,1.1709,10.1803,NA,NA,NA,NA,NA,NA,NA,NA,NA,NA,NA,NA
34.634,2.1534,6.0070,1.1721,10.2865,NA,NA,NA,NA,NA,NA,NA,NA,NA,NA,NA,NA
34.739,2.1534,6.0070,1.1733,10.4042,NA,NA,NA,NA,NA,NA,NA,NA,NA,NA,NA,NA
34.828,2.1489,5.7893,1.1733,10.4042,NA,NA,NA,NA,NA,NA,NA,NA,NA,NA,NA,NA
34.925,2.1472,5.7019,1.1725,10.3287,NA,NA,NA,NA,NA,NA,NA,NA,NA,NA,NA,NA
35.042,2.1447,5.5782,1.1714,10.2267,NA,NA,NA,NA,NA,NA,NA,NA,NA,NA,NA,NA
35.130,2.1438,5.5385,1.1692,10.0124,NA,NA,NA,NA,NA,NA,NA,NA,NA,NA,NA,NA
35.219,2.1362,5.1612,1.1659,9.7063,NA,NA,NA,NA,NA,NA,NA,NA,NA,NA,NA,NA
35.323,2.1309,4.8986,1.1643,9.5531,NA,NA,NA,NA,NA,NA,NA,NA,NA,NA,NA,NA
35.418,2.1268,4.6978,1.1622,9.3539,NA,NA,NA,NA,NA,NA,NA,NA,NA,NA,NA,NA
35.526,2.1232,4.5209,1.1607,9.2210,NA,NA,NA,NA,NA,NA,NA,NA,NA,NA,NA,NA
35.618,2.1198,4.3545,1.1580,8.9591,NA,NA,NA,NA,NA,NA,NA,NA,NA,NA,NA,NA
35.719,2.1152,4.1298,1.1566,8.8261,NA,NA,NA,NA,NA,NA,NA,NA,NA,NA,NA,NA
35.825,2.1139,4.0655,1.1580,8.9666,NA,NA,NA,NA,NA,NA,NA,NA,NA,NA,NA,NA
35.919,2.1509,5.8871,1.1728,10.3528,NA,NA,NA,NA,NA,NA,NA,NA,NA,NA,NA,NA
36.011,2.1723,6.9390,1.1849,11.4941,NA,NA,NA,NA,NA,NA,NA,NA,NA,NA,NA,NA
36.102,2.2041,8.5023,1.2015,13.0545,NA,NA,NA,NA,NA,NA,NA,NA,NA,NA,NA,NA
36.200,2.2357,10.0611,1.2126,14.0970,NA,NA,NA,NA,NA,NA,NA,NA,NA,NA,NA,NA
36.303,2.2475,10.6431,1.2237,15.1404,NA,NA,NA,NA,NA,NA,NA,NA,NA,NA,NA,NA
36.423,2.2638,11.4454,1.2321,15.9384,NA,NA,NA,NA,NA,NA,NA,NA,NA,NA,NA,NA
36.494,2.2765,12.0669,1.2453,17.1780,NA,NA,NA,NA,NA,NA,NA,NA,NA,NA,NA,NA
36.598,2.3121,13.8228,1.2589,18.4582,NA,NA,NA,NA,NA,NA,NA,NA,NA,NA,NA,NA
36.697,2.3301,14.7065,1.2676,19.2748,NA,NA,NA,NA,NA,NA,NA,NA,NA,NA,NA,NA
36.786,2.3502,15.6947,1.2789,20.3371,NA,NA,NA,NA,NA,NA,NA,NA,NA,NA,NA,NA
36.932,2.3706,16.7005,1.2869,21.0901,NA,NA,NA,NA,NA,NA,NA,NA,NA,NA,NA,NA
36.981,2.3963,17.9680,1.2934,21.7058,NA,NA,NA,NA,NA,NA,NA,NA,NA,NA,NA,NA
37.089,2.4094,18.6119,1.3001,22.3342,NA,NA,NA,NA,NA,NA,NA,NA,NA,NA,NA,NA
37.185,2.4279,19.5197,1.3087,23.1379,NA,NA,NA,NA,NA,NA,NA,NA,NA,NA,NA,NA
37.284,2.4403,20.1323,1.3169,23.9117,NA,NA,NA,NA,NA,NA,NA,NA,NA,NA,NA,NA
37.379,2.4567,20.9388,1.3209,24.2897,NA,NA,NA,NA,NA,NA,NA,NA,NA,NA,NA,NA
37.474,2.4820,22.1859,1.3267,24.8353,NA,NA,NA,NA,NA,NA,NA,NA,NA,NA,NA,NA
37.606,2.4867,22.4158,1.3344,25.5632,NA,NA,NA,NA,NA,NA,NA,NA,NA,NA,NA,NA
37.666,2.5074,23.4355,1.3407,26.1546,NA,NA,NA,NA,NA,NA,NA,NA,NA,NA,NA,NA
37.766,2.5181,23.9610,1.3465,26.6993,NA,NA,NA,NA,NA,NA,NA,NA,NA,NA,NA,NA
37.879,2.5271,24.4053,1.3500,27.0241,NA,NA,NA,NA,NA,NA,NA,NA,NA,NA,NA,NA
37.967,2.5271,24.4053,1.3534,27.3525,NA,NA,NA,NA,NA,NA,NA,NA,NA,NA,NA,NA
38.057,2.5338,24.7330,1.3560,27.5910,NA,NA,NA,NA,NA,NA,NA,NA,NA,NA,NA,NA
38.194,2.5338,24.7330,1.3571,27.6943,NA,NA,NA,NA,NA,NA,NA,NA,NA,NA,NA,NA
38.253,2.5282,24.4598,1.3571,27.6943,NA,NA,NA,NA,NA,NA,NA,NA,NA,NA,NA,NA
38.356,2.5167,23.8912,1.3565,27.6372,NA,NA,NA,NA,NA,NA,NA,NA,NA,NA,NA,NA
38.461,2.5128,23.7001,1.3534,27.3454,NA,NA,NA,NA,NA,NA,NA,NA,NA,NA,NA,NA
38.556,2.4953,22.8390,1.3489,26.9230,NA,NA,NA,NA,NA,NA,NA,NA,NA,NA,NA,NA
38.647,2.4911,22.6338,1.3426,26.3362,NA,NA,NA,NA,NA,NA,NA,NA,NA,NA,NA,NA
38.782,2.4649,21.3410,1.3357,25.6870,NA,NA,NA,NA,NA,NA,NA,NA,NA,NA,NA,NA
38.855,2.4523,20.7240,1.3318,25.3160,NA,NA,NA,NA,NA,NA,NA,NA,NA,NA,NA,NA
38.945,2.4449,20.3579,1.3207,24.2735,NA,NA,NA,NA,NA,NA,NA,NA,NA,NA,NA,NA
39.040,2.4379,20.0132,1.3162,23.8489,NA,NA,NA,NA,NA,NA,NA,NA,NA,NA,NA,NA
39.137,2.4342,19.8323,1.3114,23.3979,NA,NA,NA,NA,NA,NA,NA,NA,NA,NA,NA,NA
39.242,2.4208,19.1742,1.3088,23.1486,NA,NA,NA,NA,NA,NA,NA,NA,NA,NA,NA,NA
39.350,2.4060,18.4459,1.3028,22.5914,NA,NA,NA,NA,NA,NA,NA,NA,NA,NA,NA,NA
39.437,2.3948,17.8921,1.2993,22.2617,NA,NA,NA,NA,NA,NA,NA,NA,NA,NA,NA,NA
39.532,2.3898,17.6456,1.2974,22.0755,NA,NA,NA,NA,NA,NA,NA,NA,NA,NA,NA,NA
39.627,2.3743,16.8851,1.2950,21.8542,NA,NA,NA,NA,NA,NA,NA,NA,NA,NA,NA,NA
39.726,2.3699,16.6691,1.2909,21.4677,NA,NA,NA,NA,NA,NA,NA,NA,NA,NA,NA,NA
39.830,2.3693,16.6392,1.2886,21.2544,NA,NA,NA,NA,NA,NA,NA,NA,NA,NA,NA,NA
39.964,2.3536,15.8641,1.2875,21.1458,NA,NA,NA,NA,NA,NA,NA,NA,NA,NA,NA,NA
40.026,2.3536,15.8641,1.2847,20.8825,NA,NA,NA,NA,NA,NA,NA,NA,NA,NA,NA,NA
40.134,2.3487,15.6223,1.2834,20.7648,NA,NA,NA,NA,NA,NA,NA,NA,NA,NA,NA,NA
40.241,2.3487,15.6223,1.2805,20.4890,NA,NA,NA,NA,NA,NA,NA,NA,NA,NA,NA,NA
40.311,2.3400,15.1970,1.2805,20.4883,NA,NA,NA,NA,NA,NA,NA,NA,NA,NA,NA,NA
40.411,2.3364,15.0156,1.2800,20.4379,NA,NA,NA,NA,NA,NA,NA,NA,NA,NA,NA,NA
40.511,2.3294,14.6747,1.2776,20.2148,NA,NA,NA,NA,NA,NA,NA,NA,NA,NA,NA,NA
40.625,2.3235,14.3828,1.2767,20.1333,NA,NA,NA,NA,NA,NA,NA,NA,NA,NA,NA,NA
40.706,2.3235,14.3828,1.2767,20.1292,NA,NA,NA,NA,NA,NA,NA,NA,NA,NA,NA,NA
40.803,2.3227,14.3445,1.2758,20.0499,NA,NA,NA,NA,NA,NA,NA,NA,NA,NA,NA,NA
40.907,2.3227,14.3445,1.2731,19.7924,NA,NA,NA,NA,NA,NA,NA,NA,NA,NA,NA,NA
40.997,2.3167,14.0498,1.2721,19.6942,NA,NA,NA,NA,NA,NA,NA,NA,NA,NA,NA,NA
41.099,2.3155,13.9878,1.2721,19.6942,NA,NA,NA,NA,NA,NA,NA,NA,NA,NA,NA,NA
41.201,2.3123,13.8328,1.2709,19.5894,NA,NA,NA,NA,NA,NA,NA,NA,NA,NA,NA,NA
41.289,2.3160,14.0118,1.2705,19.5511,NA,NA,NA,NA,NA,NA,NA,NA,NA,NA,NA,NA
41.422,2.3160,14.0118,1.2701,19.5069,NA,NA,NA,NA,NA,NA,NA,NA,NA,NA,NA,NA
41.488,2.3080,13.6191,1.2701,19.5069,NA,NA,NA,NA,NA,NA,NA,NA,NA,NA,NA,NA
41.584,2.3080,13.6191,1.2705,19.5477,NA,NA,NA,NA,NA,NA,NA,NA,NA,NA,NA,NA
41.681,2.3076,13.6019,1.2705,19.5477,NA,NA,NA,NA,NA,NA,NA,NA,NA,NA,NA,NA
41.821,2.3076,13.6019,1.2682,19.3351,NA,NA,NA,NA,NA,NA,NA,NA,NA,NA,NA,NA
41.880,2.2945,12.9542,1.2681,19.3246,NA,NA,NA,NA,NA,NA,NA,NA,NA,NA,NA,NA
41.986,2.2916,12.8122,1.2680,19.3109,NA,NA,NA,NA,NA,NA,NA,NA,NA,NA,NA,NA
42.083,2.2916,12.8122,1.2678,19.2898,NA,NA,NA,NA,NA,NA,NA,NA,NA,NA,NA,NA
42.172,2.2969,13.0734,1.2677,19.2830,NA,NA,NA,NA,NA,NA,NA,NA,NA,NA,NA,NA
42.279,2.2972,13.0878,1.2679,19.3054,NA,NA,NA,NA,NA,NA,NA,NA,NA,NA,NA,NA
42.366,2.2972,13.0878,1.2681,19.3196,NA,NA,NA,NA,NA,NA,NA,NA,NA,NA,NA,NA
42.482,2.2919,12.8292,1.2681,19.3196,NA,NA,NA,NA,NA,NA,NA,NA,NA,NA,NA,NA
42.568,2.2928,12.8690,1.2679,19.3080,NA,NA,NA,NA,NA,NA,NA,NA,NA,NA,NA,NA
42.663,2.2928,12.8690,1.2669,19.2097,NA,NA,NA,NA,NA,NA,NA,NA,NA,NA,NA,NA
42.760,2.2920,12.8318,1.2664,19.1586,NA,NA,NA,NA,NA,NA,NA,NA,NA,NA,NA,NA
42.864,2.2916,12.8127,1.2663,19.1526,NA,NA,NA,NA,NA,NA,NA,NA,NA,NA,NA,NA
42.974,2.2934,12.9018,1.2661,19.1384,NA,NA,NA,NA,NA,NA,NA,NA,NA,NA,NA,NA
43.058,2.2934,12.9018,1.2648,19.0082,NA,NA,NA,NA,NA,NA,NA,NA,NA,NA,NA,NA
43.159,2.2884,12.6559,1.2650,19.0261,NA,NA,NA,NA,NA,NA,NA,NA,NA,NA,NA,NA
43.248,2.2731,11.9032,1.2650,19.0261,NA,NA,NA,NA,NA,NA,NA,NA,NA,NA,NA,NA
43.350,2.2713,11.8123,1.2643,18.9685,NA,NA,NA,NA,NA,NA,NA,NA,NA,NA,NA,NA
43.445,2.2775,12.1156,1.2643,18.9614,NA,NA,NA,NA,NA,NA,NA,NA,NA,NA,NA,NA
43.594,2.2776,12.1213,1.2642,18.9544,NA,NA,NA,NA,NA,NA,NA,NA,NA,NA,NA,NA
43.645,2.2832,12.3980,1.2640,18.9374,NA,NA,NA,NA,NA,NA,NA,NA,NA,NA,NA,NA
43.743,2.2832,12.3980,1.2637,18.9102,NA,NA,NA,NA,NA,NA,NA,NA,NA,NA,NA,NA
43.834,2.2712,11.8085,1.2630,18.8420,NA,NA,NA,NA,NA,NA,NA,NA,NA,NA,NA,NA
43.945,2.2721,11.8521,1.2625,18.7928,NA,NA,NA,NA,NA,NA,NA,NA,NA,NA,NA,NA
44.029,2.2749,11.9895,1.2617,18.7173,NA,NA,NA,NA,NA,NA,NA,NA,NA,NA,NA,NA
44.134,2.2755,12.0200,1.2614,18.6888,NA,NA,NA,NA,NA,NA,NA,NA,NA,NA,NA,NA
44.229,2.2755,12.0200,1.2608,18.6307,NA,NA,NA,NA,NA,NA,NA,NA,NA,NA,NA,NA
44.326,2.2769,12.0901,1.2607,18.6223,NA,NA,NA,NA,NA,NA,NA,NA,NA,NA,NA,NA
44.426,2.2779,12.1380,1.2602,18.5779,NA,NA,NA,NA,NA,NA,NA,NA,NA,NA,NA,NA
44.524,2.2779,12.1380,1.2599,18.5507,NA,NA,NA,NA,NA,NA,NA,NA,NA,NA,NA,NA
44.620,2.2735,11.9197,1.2599,18.5507,NA,NA,NA,NA,NA,NA,NA,NA,NA,NA,NA,NA
44.760,2.2716,11.8284,1.2597,18.5327,NA,NA,NA,NA,NA,NA,NA,NA,NA,NA,NA,NA
44.816,2.2707,11.7845,1.2596,18.5238,NA,NA,NA,NA,NA,NA,NA,NA,NA,NA,NA,NA
44.928,2.2717,11.8342,1.2590,18.4679,NA,NA,NA,NA,NA,NA,NA,NA,NA,NA,NA,NA
45.015,2.2717,11.8342,1.2573,18.3036,NA,NA,NA,NA,NA,NA,NA,NA,NA,NA,NA,NA
45.110,2.2681,11.6566,1.2572,18.2932,NA,NA,NA,NA,NA,NA,NA,NA,NA,NA,NA,NA
45.207,2.2752,12.0054,1.2555,18.1352,NA,NA,NA,NA,NA,NA,NA,NA,NA,NA,NA,NA
45.341,2.2752,12.0054,1.2553,18.1210,NA,NA,NA,NA,NA,NA,NA,NA,NA,NA,NA,NA
45.400,2.2670,11.6010,1.2550,18.0940,NA,NA,NA,NA,NA,NA,NA,NA,NA,NA,NA,NA
45.505,2.2663,11.5663,1.2550,18.0940,NA,NA,NA,NA,NA,NA,NA,NA,NA,NA,NA,NA
45.599,2.2628,11.3955,1.2553,18.1136,NA,NA,NA,NA,NA,NA,NA,NA,NA,NA,NA,NA
45.701,2.2632,11.4125,1.2553,18.1136,NA,NA,NA,NA,NA,NA,NA,NA,NA,NA,NA,NA
45.797,2.2633,11.4180,1.2551,18.0968,NA,NA,NA,NA,NA,NA,NA,NA,NA,NA,NA,NA
45.910,2.2639,11.4469,1.2551,18.0968,NA,NA,NA,NA,NA,NA,NA,NA,NA,NA,NA,NA
45.992,2.2647,11.4871,1.2542,18.0166,NA,NA,NA,NA,NA,NA,NA,NA,NA,NA,NA,NA
46.088,2.2672,11.6117,1.2547,18.0568,NA,NA,NA,NA,NA,NA,NA,NA,NA,NA,NA,NA
46.187,2.2672,11.6117,1.2547,18.0568,NA,NA,NA,NA,NA,NA,NA,NA,NA,NA,NA,NA
46.283,2.2643,11.4699,1.2541,18.0042,NA,NA,NA,NA,NA,NA,NA,NA,NA,NA,NA,NA
46.379,2.2576,11.1397,1.2541,18.0042,NA,NA,NA,NA,NA,NA,NA,NA,NA,NA,NA,NA
46.551,2.2576,11.1397,1.2533,17.9298,NA,NA,NA,NA,NA,NA,NA,NA,NA,NA,NA,NA
46.576,2.2626,11.3864,1.2533,17.9298,NA,NA,NA,NA,NA,NA,NA,NA,NA,NA,NA,NA
46.678,2.2626,11.3864,1.2524,17.8489,NA,NA,NA,NA,NA,NA,NA,NA,NA,NA,NA,NA
46.777,2.2639,11.4505,1.2508,17.6938,NA,NA,NA,NA,NA,NA,NA,NA,NA,NA,NA,NA
46.872,2.2639,11.4505,1.2508,17.6921,NA,NA,NA,NA,NA,NA,NA,NA,NA,NA,NA,NA
46.966,2.2530,10.9125,1.2513,17.7378,NA,NA,NA,NA,NA,NA,NA,NA,NA,NA,NA,NA
47.073,2.2530,10.9125,1.2513,17.7378,NA,NA,NA,NA,NA,NA,NA,NA,NA,NA,NA,NA
47.163,2.2571,11.1115,1.2499,17.6138,NA,NA,NA,NA,NA,NA,NA,NA,NA,NA,NA,NA
47.272,2.2600,11.2564,1.2499,17.6138,NA,NA,NA,NA,NA,NA,NA,NA,NA,NA,NA,NA
47.369,2.2600,11.2564,1.2495,17.5678,NA,NA,NA,NA,NA,NA,NA,NA,NA,NA,NA,NA
47.461,2.2618,11.3428,1.2497,17.5869,NA,NA,NA,NA,NA,NA,NA,NA,NA,NA,NA,NA
47.568,2.2618,11.3428,1.2497,17.5869,NA,NA,NA,NA,NA,NA,NA,NA,NA,NA,NA,NA
47.660,2.2601,11.2630,1.2461,17.2552,NA,NA,NA,NA,NA,NA,NA,NA,NA,NA,NA,NA
47.752,2.2563,11.0744,1.2467,17.3071,NA,NA,NA,NA,NA,NA,NA,NA,NA,NA,NA,NA
47.858,2.2563,11.0744,1.2471,17.3505,NA,NA,NA,NA,NA,NA,NA,NA,NA,NA,NA,NA
47.949,2.2528,10.9003,1.2471,17.3505,NA,NA,NA,NA,NA,NA,NA,NA,NA,NA,NA,NA
48.053,2.2524,10.8825,1.2487,17.4958,NA,NA,NA,NA,NA,NA,NA,NA,NA,NA,NA,NA
48.144,2.2575,11.1322,1.2487,17.4975,NA,NA,NA,NA,NA,NA,NA,NA,NA,NA,NA,NA
48.241,2.2575,11.1322,1.2487,17.4975,NA,NA,NA,NA,NA,NA,NA,NA,NA,NA,NA,NA
48.395,2.2538,10.9506,1.2474,17.3766,NA,NA,NA,NA,NA,NA,NA,NA,NA,NA,NA,NA
48.442,2.2538,10.9506,1.2465,17.2865,NA,NA,NA,NA,NA,NA,NA,NA,NA,NA,NA,NA
48.540,2.2464,10.5885,1.2462,17.2578,NA,NA,NA,NA,NA,NA,NA,NA,NA,NA,NA,NA
48.633,2.2488,10.7049,1.2462,17.2578,NA,NA,NA,NA,NA,NA,NA,NA,NA,NA,NA,NA
48.730,2.2488,10.7049,1.2454,17.1891,NA,NA,NA,NA,NA,NA,NA,NA,NA,NA,NA,NA
48.829,2.2429,10.4162,1.2456,17.2017,NA,NA,NA,NA,NA,NA,NA,NA,NA,NA,NA,NA
48.962,2.2429,10.4161,1.2456,17.2017,NA,NA,NA,NA,NA,NA,NA,NA,NA,NA,NA,NA
49.027,2.2478,10.6535,1.2447,17.1210,NA,NA,NA,NA,NA,NA,NA,NA,NA,NA,NA,NA
49.125,2.2478,10.6535,1.2447,17.1208,NA,NA,NA,NA,NA,NA,NA,NA,NA,NA,NA,NA
49.217,2.2491,10.7200,1.2440,17.0560,NA,NA,NA,NA,NA,NA,NA,NA,NA,NA,NA,NA
49.319,2.2491,10.7200,1.2440,17.0560,NA,NA,NA,NA,NA,NA,NA,NA,NA,NA,NA,NA
49.423,2.2434,10.4416,1.2442,17.0700,NA,NA,NA,NA,NA,NA,NA,NA,NA,NA,NA,NA
49.566,2.2456,10.5497,1.2442,17.0700,NA,NA,NA,NA,NA,NA,NA,NA,NA,NA,NA,NA
49.618,2.2463,10.5812,1.2431,16.9724,NA,NA,NA,NA,NA,NA,NA,NA,NA,NA,NA,NA
49.710,2.2478,10.6537,1.2428,16.9391,NA,NA,NA,NA,NA,NA,NA,NA,NA,NA,NA,NA
49.807,2.2478,10.6537,1.2428,16.9391,NA,NA,NA,NA,NA,NA,NA,NA,NA,NA,NA,NA
49.904,2.2446,10.4994,1.2409,16.7606,NA,NA,NA,NA,NA,NA,NA,NA,NA,NA,NA,NA
50.013,2.2446,10.4994,1.2401,16.6846,NA,NA,NA,NA,NA,NA,NA,NA,NA,NA,NA,NA
50.103,2.2381,10.1792,1.2400,16.6741,NA,NA,NA,NA,NA,NA,NA,NA,NA,NA,NA,NA
50.205,2.2375,10.1479,1.2394,16.6194,NA,NA,NA,NA,NA,NA,NA,NA,NA,NA,NA,NA
50.296,2.2382,10.1811,1.2400,16.6812,NA,NA,NA,NA,NA,NA,NA,NA,NA,NA,NA,NA
50.402,2.2397,10.2570,1.2400,16.6812,NA,NA,NA,NA,NA,NA,NA,NA,NA,NA,NA,NA
50.499,2.2397,10.2570,1.2414,16.8139,NA,NA,NA,NA,NA,NA,NA,NA,NA,NA,NA,NA
50.588,2.2424,10.3886,1.2416,16.8267,NA,NA,NA,NA,NA,NA,NA,NA,NA,NA,NA,NA
50.689,2.2424,10.3886,1.2416,16.8267,NA,NA,NA,NA,NA,NA,NA,NA,NA,NA,NA,NA
50.791,2.2381,10.1786,1.2409,16.7653,NA,NA,NA,NA,NA,NA,NA,NA,NA,NA,NA,NA
50.886,2.2338,9.9671,1.2410,16.7685,NA,NA,NA,NA,NA,NA,NA,NA,NA,NA,NA,NA
50.981,2.2334,9.9474,1.2410,16.7685,NA,NA,NA,NA,NA,NA,NA,NA,NA,NA,NA,NA
51.090,2.2361,10.0818,1.2391,16.5911,NA,NA,NA,NA,NA,NA,NA,NA,NA,NA,NA,NA
51.185,2.2361,10.0818,1.2385,16.5381,NA,NA,NA,NA,NA,NA,NA,NA,NA,NA,NA,NA
51.277,2.2317,9.8617,1.2386,16.5427,NA,NA,NA,NA,NA,NA,NA,NA,NA,NA,NA,NA
51.391,2.2289,9.7249,1.2386,16.5427,NA,NA,NA,NA,NA,NA,NA,NA,NA,NA,NA,NA
51.471,2.2314,9.8471,1.2380,16.4871,NA,NA,NA,NA,NA,NA,NA,NA,NA,NA,NA,NA
51.571,2.2314,9.8471,1.2380,16.4871,NA,NA,NA,NA,NA,NA,NA,NA,NA,NA,NA,NA
51.687,2.2325,9.9017,1.2374,16.4291,NA,NA,NA,NA,NA,NA,NA,NA,NA,NA,NA,NA
51.768,2.2325,9.9017,1.2365,16.3503,NA,NA,NA,NA,NA,NA,NA,NA,NA,NA,NA,NA
51.882,2.2316,9.8571,1.2356,16.2598,NA,NA,NA,NA,NA,NA,NA,NA,NA,NA,NA,NA
51.984,2.2316,9.8571,1.2356,16.2598,NA,NA,NA,NA,NA,NA,NA,NA,NA,NA,NA,NA
52.064,2.2265,9.6059,1.2350,16.2112,NA,NA,NA,NA,NA,NA,NA,NA,NA,NA,NA,NA
52.164,2.2265,9.6059,1.2350,16.2112,NA,NA,NA,NA,NA,NA,NA,NA,NA,NA,NA,NA
52.258,2.2214,9.3565,1.2331,16.0315,NA,NA,NA,NA,NA,NA,NA,NA,NA,NA,NA,NA
52.355,2.2237,9.4713,1.2327,15.9922,NA,NA,NA,NA,NA,NA,NA,NA,NA,NA,NA,NA
52.469,2.2237,9.4713,1.2318,15.9043,NA,NA,NA,NA,NA,NA,NA,NA,NA,NA,NA,NA
52.552,2.2243,9.4998,1.2319,15.9146,NA,NA,NA,NA,NA,NA,NA,NA,NA,NA,NA,NA
52.656,2.2243,9.4998,1.2319,15.9146,NA,NA,NA,NA,NA,NA,NA,NA,NA,NA,NA,NA
52.747,2.2225,9.4122,1.2311,15.8430,NA,NA,NA,NA,NA,NA,NA,NA,NA,NA,NA,NA
52.853,2.2225,9.4122,1.2316,15.8913,NA,NA,NA,NA,NA,NA,NA,NA,NA,NA,NA,NA
52.940,2.2181,9.1928,1.2316,15.8913,NA,NA,NA,NA,NA,NA,NA,NA,NA,NA,NA,NA
53.049,2.2171,9.1422,1.2313,15.8588,NA,NA,NA,NA,NA,NA,NA,NA,NA,NA,NA,NA
53.179,2.2169,9.1338,1.2307,15.8013,NA,NA,NA,NA,NA,NA,NA,NA,NA,NA,NA,NA
53.236,2.2165,9.1135,1.2303,15.7656,NA,NA,NA,NA,NA,NA,NA,NA,NA,NA,NA,NA
53.330,2.2165,9.1135,1.2300,15.7385,NA,NA,NA,NA,NA,NA,NA,NA,NA,NA,NA,NA
53.441,2.2212,9.3483,1.2300,15.7358,NA,NA,NA,NA,NA,NA,NA,NA,NA,NA,NA,NA
53.536,2.2212,9.3483,1.2298,15.7223,NA,NA,NA,NA,NA,NA,NA,NA,NA,NA,NA,NA
53.625,2.2162,9.1023,1.2286,15.6058,NA,NA,NA,NA,NA,NA,NA,NA,NA,NA,NA,NA
53.730,2.2103,8.8117,1.2284,15.5843,NA,NA,NA,NA,NA,NA,NA,NA,NA,NA,NA,NA
53.822,2.2094,8.7649,1.2282,15.5687,NA,NA,NA,NA,NA,NA,NA,NA,NA,NA,NA,NA
53.931,2.2094,8.7649,1.2278,15.5329,NA,NA,NA,NA,NA,NA,NA,NA,NA,NA,NA,NA
54.023,2.2133,8.9575,1.2278,15.5329,NA,NA,NA,NA,NA,NA,NA,NA,NA,NA,NA,NA
54.118,2.2133,8.9575,1.2278,15.5292,NA,NA,NA,NA,NA,NA,NA,NA,NA,NA,NA,NA
54.216,2.2139,8.9857,1.2259,15.3536,NA,NA,NA,NA,NA,NA,NA,NA,NA,NA,NA,NA
54.325,2.2186,9.2170,1.2257,15.3301,NA,NA,NA,NA,NA,NA,NA,NA,NA,NA,NA,NA
54.413,2.2186,9.2170,1.2247,15.2355,NA,NA,NA,NA,NA,NA,NA,NA,NA,NA,NA,NA
54.523,2.2141,8.9957,1.2242,15.1869,NA,NA,NA,NA,NA,NA,NA,NA,NA,NA,NA,NA
54.602,2.2103,8.8076,1.2233,15.1055,NA,NA,NA,NA,NA,NA,NA,NA,NA,NA,NA,NA
54.699,2.2095,8.7694,1.2239,15.1674,NA,NA,NA,NA,NA,NA,NA,NA,NA,NA,NA,NA
54.815,2.2095,8.7694,1.2239,15.1674,NA,NA,NA,NA,NA,NA,NA,NA,NA,NA,NA,NA
54.924,2.2054,8.5676,1.2228,15.0586,NA,NA,NA,NA,NA,NA,NA,NA,NA,NA,NA,NA
55.000,2.2054,8.5691,1.2221,14.9985,NA,NA,NA,NA,NA,NA,NA,NA,NA,NA,NA,NA
55.112,2.2054,8.5691,1.2218,14.9625,NA,NA,NA,NA,NA,NA,NA,NA,NA,NA,NA,NA
55.195,2.2039,8.4970,1.2218,14.9625,NA,NA,NA,NA,NA,NA,NA,NA,NA,NA,NA,NA
55.291,2.2039,8.4935,1.2207,14.8652,NA,NA,NA,NA,NA,NA,NA,NA,NA,NA,NA,NA
55.385,2.2042,8.5093,1.2207,14.8652,NA,NA,NA,NA,NA,NA,NA,NA,NA,NA,NA,NA
55.516,2.2042,8.5093,1.2203,14.8261,NA,NA,NA,NA,NA,NA,NA,NA,NA,NA,NA,NA
55.623,2.2037,8.4869,1.2199,14.7848,NA,NA,NA,NA,NA,NA,NA,NA,NA,NA,NA,NA
55.715,2.2036,8.4788,1.2199,14.7848,NA,NA,NA,NA,NA,NA,NA,NA,NA,NA,NA,NA
55.795,2.2008,8.3418,1.2197,14.7694,NA,NA,NA,NA,NA,NA,NA,NA,NA,NA,NA,NA
55.878,2.1981,8.2088,1.2183,14.6332,NA,NA,NA,NA,NA,NA,NA,NA,NA,NA,NA,NA
55.987,2.1981,8.2088,1.2175,14.5571,NA,NA,NA,NA,NA,NA,NA,NA,NA,NA,NA,NA
56.221,2.1971,8.1602,1.2175,14.5570,NA,NA,NA,NA,NA,NA,NA,NA,NA,NA,NA,NA
56.225,2.1964,8.1278,1.2163,14.4492,NA,NA,NA,NA,NA,NA,NA,NA,NA,NA,NA,NA
56.314,2.1952,8.0659,1.2159,14.4126,NA,NA,NA,NA,NA,NA,NA,NA,NA,NA,NA,NA
56.372,2.1937,7.9928,1.2159,14.4126,NA,NA,NA,NA,NA,NA,NA,NA,NA,NA,NA,NA
56.461,2.1927,7.9430,1.2145,14.2790,NA,NA,NA,NA,NA,NA,NA,NA,NA,NA,NA,NA
56.565,2.1935,7.9816,1.2139,14.2188,NA,NA,NA,NA,NA,NA,NA,NA,NA,NA,NA,NA
56.674,2.1935,7.9816,1.2135,14.1877,NA,NA,NA,NA,NA,NA,NA,NA,NA,NA,NA,NA
56.786,2.1914,7.8812,1.2137,14.1990,NA,NA,NA,NA,NA,NA,NA,NA,NA,NA,NA,NA
56.853,2.1919,7.9022,1.2137,14.1990,NA,NA,NA,NA,NA,NA,NA,NA,NA,NA,NA,NA
56.973,2.1945,8.0341,1.2134,14.1773,NA,NA,NA,NA,NA,NA,NA,NA,NA,NA,NA,NA
57.052,2.1945,8.0341,1.2124,14.0777,NA,NA,NA,NA,NA,NA,NA,NA,NA,NA,NA,NA
57.177,2.1852,7.5757,1.2121,14.0573,NA,NA,NA,NA,NA,NA,NA,NA,NA,NA,NA,NA
57.254,2.1866,7.6455,1.2122,14.0604,NA,NA,NA,NA,NA,NA,NA,NA,NA,NA,NA,NA
57.353,2.1866,7.6455,1.2122,14.0604,NA,NA,NA,NA,NA,NA,NA,NA,NA,NA,NA,NA
57.444,2.1910,7.8583,1.2119,14.0336,NA,NA,NA,NA,NA,NA,NA,NA,NA,NA,NA,NA
57.541,2.1910,7.8583,1.2119,14.0336,NA,NA,NA,NA,NA,NA,NA,NA,NA,NA,NA,NA
57.652,2.1853,7.5807,1.2116,14.0072,NA,NA,NA,NA,NA,NA,NA,NA,NA,NA,NA,NA
57.737,2.1853,7.5807,1.2109,13.9416,NA,NA,NA,NA,NA,NA,NA,NA,NA,NA,NA,NA
57.837,2.1791,7.2723,1.2100,13.8546,NA,NA,NA,NA,NA,NA,NA,NA,NA,NA,NA,NA
57.992,2.1789,7.2649,1.2094,13.8007,NA,NA,NA,NA,NA,NA,NA,NA,NA,NA,NA,NA
58.049,2.1791,7.2741,1.2086,13.7215,NA,NA,NA,NA,NA,NA,NA,NA,NA,NA,NA,NA
58.137,2.1791,7.2741,1.2086,13.7215,NA,NA,NA,NA,NA,NA,NA,NA,NA,NA,NA,NA
58.228,2.1771,7.1756,1.2081,13.6798,NA,NA,NA,NA,NA,NA,NA,NA,NA,NA,NA,NA
58.335,2.1771,7.1747,1.2079,13.6564,NA,NA,NA,NA,NA,NA,NA,NA,NA,NA,NA,NA
58.426,2.1774,7.1917,1.2073,13.6005,NA,NA,NA,NA,NA,NA,NA,NA,NA,NA,NA,NA
58.527,2.1782,7.2315,1.2085,13.7096,NA,NA,NA,NA,NA,NA,NA,NA,NA,NA,NA,NA
58.626,2.1782,7.2315,1.2085,13.7096,NA,NA,NA,NA,NA,NA,NA,NA,NA,NA,NA,NA
58.713,2.1772,7.1792,1.2070,13.5766,NA,NA,NA,NA,NA,NA,NA,NA,NA,NA,NA,NA
58.821,2.1835,7.4891,1.2070,13.5766,NA,NA,NA,NA,NA,NA,NA,NA,NA,NA,NA,NA
58.919,2.1835,7.4891,1.2059,13.4662,NA,NA,NA,NA,NA,NA,NA,NA,NA,NA,NA,NA
59.020,2.1829,7.4596,1.2055,13.4324,NA,NA,NA,NA,NA,NA,NA,NA,NA,NA,NA,NA
59.110,2.1817,7.4042,1.2048,13.3625,NA,NA,NA,NA,NA,NA,NA,NA,NA,NA,NA,NA
59.209,2.1795,7.2950,1.2048,13.3625,NA,NA,NA,NA,NA,NA,NA,NA,NA,NA,NA,NA
59.331,2.1786,7.2504,1.2021,13.1150,NA,NA,NA,NA,NA,NA,NA,NA,NA,NA,NA,NA
59.397,2.1779,7.2168,1.2019,13.0897,NA,NA,NA,NA,NA,NA,NA,NA,NA,NA,NA,NA
59.505,2.1775,7.1943,1.2017,13.0704,NA,NA,NA,NA,NA,NA,NA,NA,NA,NA,NA,NA
59.599,2.1710,6.8760,1.2011,13.0180,NA,NA,NA,NA,NA,NA,NA,NA,NA,NA,NA,NA
59.749,2.1724,6.9449,1.2015,13.0510,NA,NA,NA,NA,NA,NA,NA,NA,NA,NA,NA,NA
59.796,2.1724,6.9449,1.2015,13.0510,NA,NA,NA,NA,NA,NA,NA,NA,NA,NA,NA,NA
59.908,2.1674,6.6970,1.2005,12.9599,NA,NA,NA,NA,NA,NA,NA,NA,NA,NA,NA,NA
59.987,2.1674,6.6970,1.1993,12.8463,NA,NA,NA,NA,NA,NA,NA,NA,NA,NA,NA,NA
60.083,2.1672,6.6904,1.1994,12.8601,NA,NA,NA,NA,NA,NA,NA,NA,NA,NA,NA,NA
60.188,2.1651,6.5859,1.1994,12.8601,NA,NA,NA,NA,NA,NA,NA,NA,NA,NA,NA,NA
60.329,2.1633,6.4962,1.1982,12.7417,NA,NA,NA,NA,NA,NA,NA,NA,NA,NA,NA,NA
60.381,2.1646,6.5619,1.1982,12.7417,NA,NA,NA,NA,NA,NA,NA,NA,NA,NA,NA,NA
60.482,2.1646,6.5619,1.1973,12.6624,NA,NA,NA,NA,NA,NA,NA,NA,NA,NA,NA,NA
60.574,2.1614,6.4049,1.1972,12.6474,NA,NA,NA,NA,NA,NA,NA,NA,NA,NA,NA,NA
60.683,2.1574,6.2045,1.1966,12.5938,NA,NA,NA,NA,NA,NA,NA,NA,NA,NA,NA,NA
60.772,2.1624,6.4534,1.1963,12.5691,NA,NA,NA,NA,NA,NA,NA,NA,NA,NA,NA,NA
60.868,2.1624,6.4534,1.1961,12.5518,NA,NA,NA,NA,NA,NA,NA,NA,NA,NA,NA,NA
60.999,2.1623,6.4480,1.1947,12.4154,NA,NA,NA,NA,NA,NA,NA,NA,NA,NA,NA,NA
61.081,2.1610,6.3844,1.1947,12.4154,NA,NA,NA,NA,NA,NA,NA,NA,NA,NA,NA,NA
61.167,2.1641,6.5349,1.1945,12.3997,NA,NA,NA,NA,NA,NA,NA,NA,NA,NA,NA,NA
61.262,2.1641,6.5349,1.1945,12.4008,NA,NA,NA,NA,NA,NA,NA,NA,NA,NA,NA,NA
61.374,2.1582,6.2472,1.1953,12.4690,NA,NA,NA,NA,NA,NA,NA,NA,NA,NA,NA,NA
61.460,2.1550,6.0878,1.1953,12.4690,NA,NA,NA,NA,NA,NA,NA,NA,NA,NA,NA,NA
61.578,2.1540,6.0392,1.1942,12.3658,NA,NA,NA,NA,NA,NA,NA,NA,NA,NA,NA,NA
61.651,2.1461,5.6503,1.1932,12.2768,NA,NA,NA,NA,NA,NA,NA,NA,NA,NA,NA,NA
61.761,2.1461,5.6503,1.1925,12.2047,NA,NA,NA,NA,NA,NA,NA,NA,NA,NA,NA,NA
61.846,2.1492,5.8036,1.1903,12.0059,NA,NA,NA,NA,NA,NA,NA,NA,NA,NA,NA,NA
61.949,2.1492,5.8036,1.1897,11.9451,NA,NA,NA,NA,NA,NA,NA,NA,NA,NA,NA,NA
62.050,2.1562,6.1459,1.1894,11.9130,NA,NA,NA,NA,NA,NA,NA,NA,NA,NA,NA,NA
62.189,2.1562,6.1459,1.1892,11.8967,NA,NA,NA,NA,NA,NA,NA,NA,NA,NA,NA,NA
62.253,2.1509,5.8876,1.1888,11.8639,NA,NA,NA,NA,NA,NA,NA,NA,NA,NA,NA,NA
62.342,2.1497,5.8272,1.1883,11.8166,NA,NA,NA,NA,NA,NA,NA,NA,NA,NA,NA,NA
62.436,2.1453,5.6109,1.1882,11.7999,NA,NA,NA,NA,NA,NA,NA,NA,NA,NA,NA,NA
62.531,2.1518,5.9316,1.1878,11.7693,NA,NA,NA,NA,NA,NA,NA,NA,NA,NA,NA,NA
62.637,2.1536,6.0172,1.1876,11.7501,NA,NA,NA,NA,NA,NA,NA,NA,NA,NA,NA,NA
62.747,2.1554,6.1065,1.1876,11.7493,NA,NA,NA,NA,NA,NA,NA,NA,NA,NA,NA,NA
62.834,2.1554,6.1066,1.1876,11.7493,NA,NA,NA,NA,NA,NA,NA,NA,NA,NA,NA,NA
62.926,2.1554,6.1066,1.1876,11.7480,NA,NA,NA,NA,NA,NA,NA,NA,NA,NA,NA,NA
63.026,2.1462,5.6557,1.1868,11.6749,NA,NA,NA,NA,NA,NA,NA,NA,NA,NA,NA,NA
63.126,2.1462,5.6557,1.1856,11.5609,NA,NA,NA,NA,NA,NA,NA,NA,NA,NA,NA,NA
63.221,2.1468,5.6850,1.1856,11.5609,NA,NA,NA,NA,NA,NA,NA,NA,NA,NA,NA,NA
63.326,2.1468,5.6850,1.1846,11.4682,NA,NA,NA,NA,NA,NA,NA,NA,NA,NA,NA,NA
63.512,2.1465,5.6696,1.1848,11.4860,NA,NA,NA,NA,NA,NA,NA,NA,NA,NA,NA,NA
63.516,2.1465,5.6696,1.1848,11.4860,NA,NA,NA,NA,NA,NA,NA,NA,NA,NA,NA,NA
63.632,2.1399,5.3417,1.1841,11.4144,NA,NA,NA,NA,NA,NA,NA,NA,NA,NA,NA,NA
63.715,2.1399,5.3417,1.1823,11.2499,NA,NA,NA,NA,NA,NA,NA,NA,NA,NA,NA,NA
63.804,2.1370,5.1998,1.1815,11.1765,NA,NA,NA,NA,NA,NA,NA,NA,NA,NA,NA,NA
63.908,2.1370,5.1998,1.1815,11.1695,NA,NA,NA,NA,NA,NA,NA,NA,NA,NA,NA,NA
64.008,2.1362,5.1622,1.1800,11.0335,NA,NA,NA,NA,NA,NA,NA,NA,NA,NA,NA,NA
64.104,2.1398,5.3396,1.1785,10.8873,NA,NA,NA,NA,NA,NA,NA,NA,NA,NA,NA,NA
64.208,2.1398,5.3396,1.1788,10.9162,NA,NA,NA,NA,NA,NA,NA,NA,NA,NA,NA,NA
64.300,2.1764,7.1409,1.1875,11.7425,NA,NA,NA,NA,NA,NA,NA,NA,NA,NA,NA,NA
64.393,2.2040,8.5017,1.2006,12.9680,NA,NA,NA,NA,NA,NA,NA,NA,NA,NA,NA,NA
64.495,2.2347,10.0096,1.2149,14.3124,NA,NA,NA,NA,NA,NA,NA,NA,NA,NA,NA,NA
64.589,2.2562,11.0695,1.2321,15.9332,NA,NA,NA,NA,NA,NA,NA,NA,NA,NA,NA,NA
64.693,2.2891,12.6871,1.2395,16.6350,NA,NA,NA,NA,NA,NA,NA,NA,NA,NA,NA,NA
64.797,2.3000,13.2253,1.2420,16.8683,NA,NA,NA,NA,NA,NA,NA,NA,NA,NA,NA,NA
64.887,2.3000,13.2253,1.2424,16.9071,NA,NA,NA,NA,NA,NA,NA,NA,NA,NA,NA,NA
64.983,2.2988,13.1656,1.2426,16.9236,NA,NA,NA,NA,NA,NA,NA,NA,NA,NA,NA,NA
65.079,2.2986,13.1549,1.2426,16.9236,NA,NA,NA,NA,NA,NA,NA,NA,NA,NA,NA,NA
65.212,2.2903,12.7473,1.2419,16.8531,NA,NA,NA,NA,NA,NA,NA,NA,NA,NA,NA,NA
65.277,2.2868,12.5745,1.2381,16.5001,NA,NA,NA,NA,NA,NA,NA,NA,NA,NA,NA,NA
65.369,2.2716,11.8288,1.2362,16.3226,NA,NA,NA,NA,NA,NA,NA,NA,NA,NA,NA,NA
65.475,2.2716,11.8288,1.2350,16.2119,NA,NA,NA,NA,NA,NA,NA,NA,NA,NA,NA,NA
65.568,2.2616,11.3339,1.2329,16.0112,NA,NA,NA,NA,NA,NA,NA,NA,NA,NA,NA,NA
65.664,2.2616,11.3339,1.2314,15.8655,NA,NA,NA,NA,NA,NA,NA,NA,NA,NA,NA,NA
65.793,2.2535,10.9355,1.2298,15.7140,NA,NA,NA,NA,NA,NA,NA,NA,NA,NA,NA,NA
65.869,2.2361,10.0786,1.2287,15.6157,NA,NA,NA,NA,NA,NA,NA,NA,NA,NA,NA,NA
65.964,2.2318,9.8681,1.2271,15.4603,NA,NA,NA,NA,NA,NA,NA,NA,NA,NA,NA,NA
66.066,2.2250,9.5316,1.2254,15.3012,NA,NA,NA,NA,NA,NA,NA,NA,NA,NA,NA,NA
66.156,2.2231,9.4412,1.2229,15.0666,NA,NA,NA,NA,NA,NA,NA,NA,NA,NA,NA,NA
66.257,2.2146,9.0228,1.2213,14.9187,NA,NA,NA,NA,NA,NA,NA,NA,NA,NA,NA,NA
66.387,2.2146,9.0228,1.2201,14.8016,NA,NA,NA,NA,NA,NA,NA,NA,NA,NA,NA,NA
66.458,2.1955,8.0819,1.2172,14.5350,NA,NA,NA,NA,NA,NA,NA,NA,NA,NA,NA,NA
66.546,2.2003,8.3175,1.2163,14.4446,NA,NA,NA,NA,NA,NA,NA,NA,NA,NA,NA,NA
66.656,2.2116,8.8750,1.2171,14.5209,NA,NA,NA,NA,NA,NA,NA,NA,NA,NA,NA,NA
66.748,2.2371,10.1273,1.2245,15.2178,NA,NA,NA,NA,NA,NA,NA,NA,NA,NA,NA,NA
66.841,2.2695,11.7218,1.2374,16.4321,NA,NA,NA,NA,NA,NA,NA,NA,NA,NA,NA,NA
66.935,2.3020,13.3265,1.2497,17.5885,NA,NA,NA,NA,NA,NA,NA,NA,NA,NA,NA,NA
67.053,2.3308,14.7419,1.2620,18.7498,NA,NA,NA,NA,NA,NA,NA,NA,NA,NA,NA,NA
67.138,2.3669,16.5201,1.2739,19.8709,NA,NA,NA,NA,NA,NA,NA,NA,NA,NA,NA,NA
67.233,2.3915,17.7316,1.2851,20.9250,NA,NA,NA,NA,NA,NA,NA,NA,NA,NA,NA,NA
67.336,2.4026,18.2761,1.2951,21.8639,NA,NA,NA,NA,NA,NA,NA,NA,NA,NA,NA,NA
67.429,2.4116,18.7220,1.3086,23.1338,NA,NA,NA,NA,NA,NA,NA,NA,NA,NA,NA,NA
67.540,2.4317,19.7079,1.3203,24.2320,NA,NA,NA,NA,NA,NA,NA,NA,NA,NA,NA,NA
67.628,2.4485,20.5381,1.3253,24.7040,NA,NA,NA,NA,NA,NA,NA,NA,NA,NA,NA,NA
67.726,2.4638,21.2892,1.3332,25.4492,NA,NA,NA,NA,NA,NA,NA,NA,NA,NA,NA,NA
67.819,2.4907,22.6152,1.3426,26.3296,NA,NA,NA,NA,NA,NA,NA,NA,NA,NA,NA,NA
67.922,2.5017,23.1537,1.3470,26.7485,NA,NA,NA,NA,NA,NA,NA,NA,NA,NA,NA,NA
68.016,2.5186,23.9868,1.3508,27.1076,NA,NA,NA,NA,NA,NA,NA,NA,NA,NA,NA,NA
68.156,2.5254,24.3237,1.3604,28.0083,NA,NA,NA,NA,NA,NA,NA,NA,NA,NA,NA,NA
68.208,2.5413,25.1056,1.3674,28.6676,NA,NA,NA,NA,NA,NA,NA,NA,NA,NA,NA,NA
68.307,2.5506,25.5645,1.3711,29.0159,NA,NA,NA,NA,NA,NA,NA,NA,NA,NA,NA,NA
68.417,2.5530,25.6799,1.3777,29.6360,NA,NA,NA,NA,NA,NA,NA,NA,NA,NA,NA,NA
68.514,2.5639,26.2181,1.3805,29.9021,NA,NA,NA,NA,NA,NA,NA,NA,NA,NA,NA,NA
68.602,2.5639,26.2181,1.3831,30.1433,NA,NA,NA,NA,NA,NA,NA,NA,NA,NA,NA,NA
68.700,2.5682,26.4297,1.3842,30.2495,NA,NA,NA,NA,NA,NA,NA,NA,NA,NA,NA,NA
68.820,2.5682,26.4297,1.3848,30.2997,NA,NA,NA,NA,NA,NA,NA,NA,NA,NA,NA,NA
68.903,2.5630,26.1705,1.3848,30.2997,NA,NA,NA,NA,NA,NA,NA,NA,NA,NA,NA,NA
69.000,2.5501,25.5369,1.3837,30.1988,NA,NA,NA,NA,NA,NA,NA,NA,NA,NA,NA,NA
69.099,2.5477,25.4212,1.3835,30.1807,NA,NA,NA,NA,NA,NA,NA,NA,NA,NA,NA,NA
69.200,2.5456,25.3179,1.3830,30.1363,NA,NA,NA,NA,NA,NA,NA,NA,NA,NA,NA,NA
69.291,2.5439,25.2309,1.3809,29.9391,NA,NA,NA,NA,NA,NA,NA,NA,NA,NA,NA,NA
69.393,2.5361,24.8465,1.3788,29.7397,NA,NA,NA,NA,NA,NA,NA,NA,NA,NA,NA,NA
69.492,2.5361,24.8465,1.3762,29.4956,NA,NA,NA,NA,NA,NA,NA,NA,NA,NA,NA,NA
69.584,2.5237,24.2361,1.3715,29.0477,NA,NA,NA,NA,NA,NA,NA,NA,NA,NA,NA,NA
69.688,2.5129,23.7073,1.3664,28.5729,NA,NA,NA,NA,NA,NA,NA,NA,NA,NA,NA,NA
69.781,2.5078,23.4530,1.3610,28.0666,NA,NA,NA,NA,NA,NA,NA,NA,NA,NA,NA,NA
69.874,2.4994,23.0401,1.3572,27.7025,NA,NA,NA,NA,NA,NA,NA,NA,NA,NA,NA,NA
70.019,2.4950,22.8276,1.3539,27.3980,NA,NA,NA,NA,NA,NA,NA,NA,NA,NA,NA,NA
70.071,2.4796,22.0647,1.3509,27.1136,NA,NA,NA,NA,NA,NA,NA,NA,NA,NA,NA,NA
70.168,2.4774,21.9606,1.3477,26.8162,NA,NA,NA,NA,NA,NA,NA,NA,NA,NA,NA,NA
70.270,2.4608,21.1432,1.3427,26.3402,NA,NA,NA,NA,NA,NA,NA,NA,NA,NA,NA,NA
70.369,2.4589,21.0499,1.3401,26.0957,NA,NA,NA,NA,NA,NA,NA,NA,NA,NA,NA,NA
70.464,2.4575,20.9768,1.3377,25.8684,NA,NA,NA,NA,NA,NA,NA,NA,NA,NA,NA,NA
70.563,2.4525,20.7340,1.3367,25.7758,NA,NA,NA,NA,NA,NA,NA,NA,NA,NA,NA,NA
70.663,2.4493,20.5741,1.3343,25.5485,NA,NA,NA,NA,NA,NA,NA,NA,NA,NA,NA,NA
70.767,2.4449,20.3597,1.3322,25.3504,NA,NA,NA,NA,NA,NA,NA,NA,NA,NA,NA,NA
70.856,2.4434,20.2874,1.3309,25.2273,NA,NA,NA,NA,NA,NA,NA,NA,NA,NA,NA,NA
70.956,2.4371,19.9742,1.3300,25.1494,NA,NA,NA,NA,NA,NA,NA,NA,NA,NA,NA,NA
71.055,2.4371,19.9742,1.3292,25.0739,NA,NA,NA,NA,NA,NA,NA,NA,NA,NA,NA,NA
71.146,2.4254,19.4000,1.3270,24.8683,NA,NA,NA,NA,NA,NA,NA,NA,NA,NA,NA,NA
71.257,2.4230,19.2794,1.3248,24.6614,NA,NA,NA,NA,NA,NA,NA,NA,NA,NA,NA,NA
71.349,2.4220,19.2332,1.3240,24.5850,NA,NA,NA,NA,NA,NA,NA,NA,NA,NA,NA,NA
71.440,2.4220,19.2332,1.3227,24.4595,NA,NA,NA,NA,NA,NA,NA,NA,NA,NA,NA,NA
71.547,2.4185,19.0569,1.3227,24.4595,NA,NA,NA,NA,NA,NA,NA,NA,NA,NA,NA,NA
71.638,2.4142,18.8490,1.3223,24.4184,NA,NA,NA,NA,NA,NA,NA,NA,NA,NA,NA,NA
71.734,2.4128,18.7799,1.3223,24.4184,NA,NA,NA,NA,NA,NA,NA,NA,NA,NA,NA,NA
71.834,2.4102,18.6526,1.3198,24.1884,NA,NA,NA,NA,NA,NA,NA,NA,NA,NA,NA,NA
71.942,2.4102,18.6526,1.3191,24.1212,NA,NA,NA,NA,NA,NA,NA,NA,NA,NA,NA,NA
72.028,2.4093,18.6082,1.3165,23.8733,NA,NA,NA,NA,NA,NA,NA,NA,NA,NA,NA,NA
72.139,2.4093,18.6082,1.3156,23.7911,NA,NA,NA,NA,NA,NA,NA,NA,NA,NA,NA,NA
72.228,2.4082,18.5534,1.3147,23.7065,NA,NA,NA,NA,NA,NA,NA,NA,NA,NA,NA,NA
72.367,2.4082,18.5534,1.3142,23.6628,NA,NA,NA,NA,NA,NA,NA,NA,NA,NA,NA,NA
72.418,2.3995,18.1218,1.3122,23.4700,NA,NA,NA,NA,NA,NA,NA,NA,NA,NA,NA,NA
72.518,2.3939,17.8491,1.3119,23.4458,NA,NA,NA,NA,NA,NA,NA,NA,NA,NA,NA,NA
72.622,2.3868,17.4992,1.3119,23.4458,NA,NA,NA,NA,NA,NA,NA,NA,NA,NA,NA,NA
72.716,2.3919,17.7487,1.3112,23.3731,NA,NA,NA,NA,NA,NA,NA,NA,NA,NA,NA,NA
72.818,2.3919,17.7487,1.3112,23.3731,NA,NA,NA,NA,NA,NA,NA,NA,NA,NA,NA,NA
72.959,2.3876,17.5381,1.3111,23.3647,NA,NA,NA,NA,NA,NA,NA,NA,NA,NA,NA,NA
73.011,2.3855,17.4361,1.3111,23.3647,NA,NA,NA,NA,NA,NA,NA,NA,NA,NA,NA,NA
73.117,2.3810,17.2113,1.3092,23.1926,NA,NA,NA,NA,NA,NA,NA,NA,NA,NA,NA,NA
73.212,2.3798,17.1526,1.3092,23.1926,NA,NA,NA,NA,NA,NA,NA,NA,NA,NA,NA,NA
73.303,2.3799,17.1605,1.3088,23.1533,NA,NA,NA,NA,NA,NA,NA,NA,NA,NA,NA,NA
73.413,2.3839,17.3570,1.3083,23.1019,NA,NA,NA,NA,NA,NA,NA,NA,NA,NA,NA,NA
73.501,2.3839,17.3570,1.3078,23.0607,NA,NA,NA,NA,NA,NA,NA,NA,NA,NA,NA,NA
73.627,2.3802,17.1731,1.3077,23.0452,NA,NA,NA,NA,NA,NA,NA,NA,NA,NA,NA,NA
73.694,2.3779,17.0628,1.3061,22.8952,NA,NA,NA,NA,NA,NA,NA,NA,NA,NA,NA,NA
73.803,2.3793,17.1291,1.3059,22.8765,NA,NA,NA,NA,NA,NA,NA,NA,NA,NA,NA,NA
73.890,2.3793,17.1291,1.3059,22.8765,NA,NA,NA,NA,NA,NA,NA,NA,NA,NA,NA,NA
73.998,2.3692,16.6340,1.3057,22.8645,NA,NA,NA,NA,NA,NA,NA,NA,NA,NA,NA,NA
74.089,2.3692,16.6340,1.3057,22.8645,NA,NA,NA,NA,NA,NA,NA,NA,NA,NA,NA,NA
74.198,2.3684,16.5924,1.3051,22.8043,NA,NA,NA,NA,NA,NA,NA,NA,NA,NA,NA,NA
74.288,2.3633,16.3429,1.3050,22.7969,NA,NA,NA,NA,NA,NA,NA,NA,NA,NA,NA,NA
74.384,2.3633,16.3429,1.3037,22.6695,NA,NA,NA,NA,NA,NA,NA,NA,NA,NA,NA,NA
74.483,2.3624,16.2984,1.3037,22.6695,NA,NA,NA,NA,NA,NA,NA,NA,NA,NA,NA,NA
74.581,2.3624,16.2952,1.3000,22.3244,NA,NA,NA,NA,NA,NA,NA,NA,NA,NA,NA,NA
74.693,2.3591,16.1347,1.3003,22.3519,NA,NA,NA,NA,NA,NA,NA,NA,NA,NA,NA,NA
74.825,2.3588,16.1189,1.3010,22.4203,NA,NA,NA,NA,NA,NA,NA,NA,NA,NA,NA,NA
74.874,2.3562,15.9906,1.3010,22.4203,NA,NA,NA,NA,NA,NA,NA,NA,NA,NA,NA,NA
74.968,2.3547,15.9167,1.3000,22.3251,NA,NA,NA,NA,NA,NA,NA,NA,NA,NA,NA,NA
75.074,2.3547,15.9167,1.2998,22.3023,NA,NA,NA,NA,NA,NA,NA,NA,NA,NA,NA,NA
75.163,2.3581,16.0852,1.2998,22.3023,NA,NA,NA,NA,NA,NA,NA,NA,NA,NA,NA,NA
75.271,2.3581,16.0852,1.2995,22.2814,NA,NA,NA,NA,NA,NA,NA,NA,NA,NA,NA,NA
75.357,2.3579,16.0756,1.2990,22.2274,NA,NA,NA,NA,NA,NA,NA,NA,NA,NA,NA,NA
75.474,2.3582,16.0921,1.2990,22.2274,NA,NA,NA,NA,NA,NA,NA,NA,NA,NA,NA,NA
75.557,2.3582,16.0921,1.2983,22.1622,NA,NA,NA,NA,NA,NA,NA,NA,NA,NA,NA,NA
75.655,2.3559,15.9756,1.2984,22.1708,NA,NA,NA,NA,NA,NA,NA,NA,NA,NA,NA,NA
75.751,2.3559,15.9756,1.2984,22.1708,NA,NA,NA,NA,NA,NA,NA,NA,NA,NA,NA,NA
75.848,2.3548,15.9256,1.2973,22.0685,NA,NA,NA,NA,NA,NA,NA,NA,NA,NA,NA,NA
75.995,2.3535,15.8589,1.2965,21.9900,NA,NA,NA,NA,NA,NA,NA,NA,NA,NA,NA,NA
76.043,2.3541,15.8899,1.2961,21.9534,NA,NA,NA,NA,NA,NA,NA,NA,NA,NA,NA,NA
76.139,2.3541,15.8899,1.2958,21.9242,NA,NA,NA,NA,NA,NA,NA,NA,NA,NA,NA,NA
76.248,2.3430,15.3446,1.2954,21.8900,NA,NA,NA,NA,NA,NA,NA,NA,NA,NA,NA,NA
76.341,2.3405,15.2173,1.2952,21.8765,NA,NA,NA,NA,NA,NA,NA,NA,NA,NA,NA,NA
76.436,2.3316,14.7837,1.2950,21.8494,NA,NA,NA,NA,NA,NA,NA,NA,NA,NA,NA,NA
76.566,2.3392,15.1554,1.2946,21.8118,NA,NA,NA,NA,NA,NA,NA,NA,NA,NA,NA,NA
76.634,2.3392,15.1554,1.2942,21.7747,NA,NA,NA,NA,NA,NA,NA,NA,NA,NA,NA,NA
76.730,2.3384,15.1183,1.2936,21.7247,NA,NA,NA,NA,NA,NA,NA,NA,NA,NA,NA,NA
76.825,2.3335,14.8766,1.2935,21.7120,NA,NA,NA,NA,NA,NA,NA,NA,NA,NA,NA,NA
76.923,2.3365,15.0226,1.2931,21.6737,NA,NA,NA,NA,NA,NA,NA,NA,NA,NA,NA,NA
77.020,2.3371,15.0524,1.2929,21.6553,NA,NA,NA,NA,NA,NA,NA,NA,NA,NA,NA,NA
77.113,2.3389,15.1425,1.2917,21.5385,NA,NA,NA,NA,NA,NA,NA,NA,NA,NA,NA,NA
77.252,2.3389,15.1425,1.2913,21.5029,NA,NA,NA,NA,NA,NA,NA,NA,NA,NA,NA,NA
77.318,2.3307,14.7350,1.2906,21.4426,NA,NA,NA,NA,NA,NA,NA,NA,NA,NA,NA,NA
77.415,2.3307,14.7350,1.2893,21.3147,NA,NA,NA,NA,NA,NA,NA,NA,NA,NA,NA,NA
77.517,2.3290,14.6536,1.2890,21.2896,NA,NA,NA,NA,NA,NA,NA,NA,NA,NA,NA,NA
77.614,2.3284,14.6249,1.2882,21.2102,NA,NA,NA,NA,NA,NA,NA,NA,NA,NA,NA,NA
77.710,2.3252,14.4655,1.2875,21.1476,NA,NA,NA,NA,NA,NA,NA,NA,NA,NA,NA,NA
77.825,2.3253,14.4703,1.2871,21.1082,NA,NA,NA,NA,NA,NA,NA,NA,NA,NA,NA,NA
77.904,2.3255,14.4834,1.2870,21.1005,NA,NA,NA,NA,NA,NA,NA,NA,NA,NA,NA,NA
78.009,2.3255,14.4834,1.2870,21.1005,NA,NA,NA,NA,NA,NA,NA,NA,NA,NA,NA,NA
78.115,2.3239,14.4010,1.2850,20.9134,NA,NA,NA,NA,NA,NA,NA,NA,NA,NA,NA,NA
78.201,2.3207,14.2450,1.2844,20.8575,NA,NA,NA,NA,NA,NA,NA,NA,NA,NA,NA,NA
78.329,2.3207,14.2450,1.2843,20.8512,NA,NA,NA,NA,NA,NA,NA,NA,NA,NA,NA,NA
78.397,2.3187,14.1485,1.2843,20.8512,NA,NA,NA,NA,NA,NA,NA,NA,NA,NA,NA,NA
78.495,2.3174,14.0801,1.2837,20.7880,NA,NA,NA,NA,NA,NA,NA,NA,NA,NA,NA,NA
78.594,2.3174,14.0801,1.2837,20.7864,NA,NA,NA,NA,NA,NA,NA,NA,NA,NA,NA,NA
78.689,2.3113,13.7808,1.2823,20.6592,NA,NA,NA,NA,NA,NA,NA,NA,NA,NA,NA,NA
78.783,2.3113,13.7808,1.2822,20.6504,NA,NA,NA,NA,NA,NA,NA,NA,NA,NA,NA,NA
78.896,2.3119,13.8131,1.2822,20.6504,NA,NA,NA,NA,NA,NA,NA,NA,NA,NA,NA,NA
78.998,2.3119,13.8131,1.2800,20.4411,NA,NA,NA,NA,NA,NA,NA,NA,NA,NA,NA,NA
79.078,2.3058,13.5108,1.2784,20.2888,NA,NA,NA,NA,NA,NA,NA,NA,NA,NA,NA,NA
79.186,2.3054,13.4898,1.2781,20.2609,NA,NA,NA,NA,NA,NA,NA,NA,NA,NA,NA,NA
79.272,2.3048,13.4615,1.2775,20.2112,NA,NA,NA,NA,NA,NA,NA,NA,NA,NA,NA,NA
79.369,2.3114,13.7863,1.2775,20.2112,NA,NA,NA,NA,NA,NA,NA,NA,NA,NA,NA,NA
79.528,2.3114,13.7863,1.2771,20.1727,NA,NA,NA,NA,NA,NA,NA,NA,NA,NA,NA,NA
79.574,2.3113,13.7825,1.2751,19.9819,NA,NA,NA,NA,NA,NA,NA,NA,NA,NA,NA,NA
79.664,2.3113,13.7825,1.2751,19.9819,NA,NA,NA,NA,NA,NA,NA,NA,NA,NA,NA,NA
79.768,2.3023,13.3369,1.2736,19.8410,NA,NA,NA,NA,NA,NA,NA,NA,NA,NA,NA,NA
79.861,2.2996,13.2062,1.2732,19.8016,NA,NA,NA,NA,NA,NA,NA,NA,NA,NA,NA,NA
79.960,2.2987,13.1616,1.2735,19.8323,NA,NA,NA,NA,NA,NA,NA,NA,NA,NA,NA,NA
80.057,2.3069,13.5647,1.2735,19.8323,NA,NA,NA,NA,NA,NA,NA,NA,NA,NA,NA,NA
80.208,2.3069,13.5647,1.2731,19.7887,NA,NA,NA,NA,NA,NA,NA,NA,NA,NA,NA,NA
80.259,2.3029,13.3667,1.2726,19.7501,NA,NA,NA,NA,NA,NA,NA,NA,NA,NA,NA,NA
80.351,2.3025,13.3506,1.2723,19.7159,NA,NA,NA,NA,NA,NA,NA,NA,NA,NA,NA,NA
80.457,2.3005,13.2486,1.2722,19.7094,NA,NA,NA,NA,NA,NA,NA,NA,NA,NA,NA,NA
80.547,2.2984,13.1474,1.2717,19.6651,NA,NA,NA,NA,NA,NA,NA,NA,NA,NA,NA,NA
80.642,2.2906,12.7612,1.2727,19.7559,NA,NA,NA,NA,NA,NA,NA,NA,NA,NA,NA,NA
80.792,2.2906,12.7612,1.2727,19.7559,NA,NA,NA,NA,NA,NA,NA,NA,NA,NA,NA,NA
80.837,2.2894,12.7059,1.2712,19.6105,NA,NA,NA,NA,NA,NA,NA,NA,NA,NA,NA,NA
80.936,2.2917,12.8189,1.2712,19.6105,NA,NA,NA,NA,NA,NA,NA,NA,NA,NA,NA,NA
81.041,2.2917,12.8189,1.2697,19.4708,NA,NA,NA,NA,NA,NA,NA,NA,NA,NA,NA,NA
81.135,2.2907,12.7688,1.2683,19.3407,NA,NA,NA,NA,NA,NA,NA,NA,NA,NA,NA,NA
81.231,2.2907,12.7688,1.2676,19.2706,NA,NA,NA,NA,NA,NA,NA,NA,NA,NA,NA,NA
81.330,2.2866,12.5672,1.2666,19.1792,NA,NA,NA,NA,NA,NA,NA,NA,NA,NA,NA,NA
81.430,2.2854,12.5094,1.2663,19.1508,NA,NA,NA,NA,NA,NA,NA,NA,NA,NA,NA,NA
81.525,2.2731,11.9029,1.2656,19.0835,NA,NA,NA,NA,NA,NA,NA,NA,NA,NA,NA,NA
81.626,2.2830,12.3871,1.2654,19.0662,NA,NA,NA,NA,NA,NA,NA,NA,NA,NA,NA,NA
81.728,2.2833,12.4042,1.2645,18.9845,NA,NA,NA,NA,NA,NA,NA,NA,NA,NA,NA,NA
81.827,2.2833,12.4042,1.2639,18.9278,NA,NA,NA,NA,NA,NA,NA,NA,NA,NA,NA,NA
81.938,2.2795,12.2187,1.2639,18.9278,NA,NA,NA,NA,NA,NA,NA,NA,NA,NA,NA,NA
82.016,2.2795,12.2187,1.2630,18.8387,NA,NA,NA,NA,NA,NA,NA,NA,NA,NA,NA,NA
82.115,2.2743,11.9602,1.2628,18.8224,NA,NA,NA,NA,NA,NA,NA,NA,NA,NA,NA,NA
82.208,2.2756,12.0247,1.2628,18.8224,NA,NA,NA,NA,NA,NA,NA,NA,NA,NA,NA,NA
82.315,2.2756,12.0247,1.2623,18.7793,NA,NA,NA,NA,NA,NA,NA,NA,NA,NA,NA,NA
82.411,2.2750,11.9953,1.2606,18.6167,NA,NA,NA,NA,NA,NA,NA,NA,NA,NA,NA,NA
82.571,2.2761,12.0469,1.2606,18.6160,NA,NA,NA,NA,NA,NA,NA,NA,NA,NA,NA,NA
82.602,2.2761,12.0469,1.2597,18.5347,NA,NA,NA,NA,NA,NA,NA,NA,NA,NA,NA,NA
82.708,2.2707,11.7818,1.2581,18.3773,NA,NA,NA,NA,NA,NA,NA,NA,NA,NA,NA,NA
82.800,2.2699,11.7445,1.2576,18.3381,NA,NA,NA,NA,NA,NA,NA,NA,NA,NA,NA,NA
82.903,2.2678,11.6388,1.2570,18.2732,NA,NA,NA,NA,NA,NA,NA,NA,NA,NA,NA,NA
83.000,2.2627,11.3915,1.2564,18.2253,NA,NA,NA,NA,NA,NA,NA,NA,NA,NA,NA,NA
83.130,2.2587,11.1946,1.2563,18.2085,NA,NA,NA,NA,NA,NA,NA,NA,NA,NA,NA,NA
83.192,2.2610,11.3070,1.2558,18.1696,NA,NA,NA,NA,NA,NA,NA,NA,NA,NA,NA,NA
83.285,2.2610,11.3070,1.2553,18.1195,NA,NA,NA,NA,NA,NA,NA,NA,NA,NA,NA,NA
83.388,2.2617,11.3421,1.2537,17.9656,NA,NA,NA,NA,NA,NA,NA,NA,NA,NA,NA,NA
83.484,2.2626,11.3857,1.2533,17.9303,NA,NA,NA,NA,NA,NA,NA,NA,NA,NA,NA,NA
83.579,2.2626,11.3857,1.2533,17.9303,NA,NA,NA,NA,NA,NA,NA,NA,NA,NA,NA,NA
83.680,2.2601,11.2610,1.2531,17.9080,NA,NA,NA,NA,NA,NA,NA,NA,NA,NA,NA,NA
83.778,2.2583,11.1739,1.2518,17.7885,NA,NA,NA,NA,NA,NA,NA,NA,NA,NA,NA,NA
83.876,2.2583,11.1739,1.2518,17.7842,NA,NA,NA,NA,NA,NA,NA,NA,NA,NA,NA,NA
83.975,2.2584,11.1800,1.2501,17.6265,NA,NA,NA,NA,NA,NA,NA,NA,NA,NA,NA,NA
84.070,2.2584,11.1800,1.2510,17.7125,NA,NA,NA,NA,NA,NA,NA,NA,NA,NA,NA,NA
84.171,2.2534,10.9294,1.2511,17.7192,NA,NA,NA,NA,NA,NA,NA,NA,NA,NA,NA,NA
84.267,2.2489,10.7111,1.2511,17.7192,NA,NA,NA,NA,NA,NA,NA,NA,NA,NA,NA,NA
84.419,2.2489,10.7111,1.2507,17.6882,NA,NA,NA,NA,NA,NA,NA,NA,NA,NA,NA,NA
84.462,2.2470,10.6151,1.2507,17.6882,NA,NA,NA,NA,NA,NA,NA,NA,NA,NA,NA,NA
84.561,2.2470,10.6151,1.2498,17.6046,NA,NA,NA,NA,NA,NA,NA,NA,NA,NA,NA,NA
84.661,2.2428,10.4110,1.2493,17.5494,NA,NA,NA,NA,NA,NA,NA,NA,NA,NA,NA,NA
84.756,2.2433,10.4326,1.2492,17.5408,NA,NA,NA,NA,NA,NA,NA,NA,NA,NA,NA,NA
84.860,2.2433,10.4326,1.2492,17.5408,NA,NA,NA,NA,NA,NA,NA,NA,NA,NA,NA,NA
84.978,2.2414,10.3426,1.2483,17.4610,NA,NA,NA,NA,NA,NA,NA,NA,NA,NA,NA,NA
85.050,2.2399,10.2671,1.2483,17.4610,NA,NA,NA,NA,NA,NA,NA,NA,NA,NA,NA,NA
85.154,2.2372,10.1328,1.2477,17.3984,NA,NA,NA,NA,NA,NA,NA,NA,NA,NA,NA,NA
85.251,2.2360,10.0740,1.2455,17.2002,NA,NA,NA,NA,NA,NA,NA,NA,NA,NA,NA,NA
85.344,2.2383,10.1891,1.2440,17.0582,NA,NA,NA,NA,NA,NA,NA,NA,NA,NA,NA,NA
85.445,2.2383,10.1891,1.2434,16.9967,NA,NA,NA,NA,NA,NA,NA,NA,NA,NA,NA,NA
85.546,2.2311,9.8340,1.2424,16.9045,NA,NA,NA,NA,NA,NA,NA,NA,NA,NA,NA,NA
85.636,2.2299,9.7762,1.2420,16.8671,NA,NA,NA,NA,NA,NA,NA,NA,NA,NA,NA,NA
85.739,2.2241,9.4902,1.2413,16.7965,NA,NA,NA,NA,NA,NA,NA,NA,NA,NA,NA,NA
85.831,2.2231,9.4391,1.2403,16.7046,NA,NA,NA,NA,NA,NA,NA,NA,NA,NA,NA,NA
85.939,2.2231,9.4391,1.2403,16.7046,NA,NA,NA,NA,NA,NA,NA,NA,NA,NA,NA,NA
86.029,2.2207,9.3199,1.2395,16.6312,NA,NA,NA,NA,NA,NA,NA,NA,NA,NA,NA,NA
86.127,2.2207,9.3199,1.2389,16.5746,NA,NA,NA,NA,NA,NA,NA,NA,NA,NA,NA,NA
86.230,2.2211,9.3434,1.2385,16.5353,NA,NA,NA,NA,NA,NA,NA,NA,NA,NA,NA,NA
86.322,2.2211,9.3434,1.2381,16.4949,NA,NA,NA,NA,NA,NA,NA,NA,NA,NA,NA,NA
86.422,2.2173,9.1566,1.2373,16.4261,NA,NA,NA,NA,NA,NA,NA,NA,NA,NA,NA,NA
86.520,2.2173,9.1566,1.2357,16.2768,NA,NA,NA,NA,NA,NA,NA,NA,NA,NA,NA,NA
86.619,2.2171,9.1453,1.2350,16.2103,NA,NA,NA,NA,NA,NA,NA,NA,NA,NA,NA,NA
86.714,2.2156,9.0728,1.2348,16.1886,NA,NA,NA,NA,NA,NA,NA,NA,NA,NA,NA,NA
86.818,2.2148,9.0306,1.2336,16.0785,NA,NA,NA,NA,NA,NA,NA,NA,NA,NA,NA,NA
86.914,2.2181,9.1958,1.2338,16.0927,NA,NA,NA,NA,NA,NA,NA,NA,NA,NA,NA,NA
87.009,2.2181,9.1958,1.2338,16.0927,NA,NA,NA,NA,NA,NA,NA,NA,NA,NA,NA,NA
87.104,2.2154,9.0632,1.2333,16.0475,NA,NA,NA,NA,NA,NA,NA,NA,NA,NA,NA,NA
87.211,2.2154,9.0632,1.2333,16.0475,NA,NA,NA,NA,NA,NA,NA,NA,NA,NA,NA,NA
87.369,2.2104,8.8134,1.2318,15.9046,NA,NA,NA,NA,NA,NA,NA,NA,NA,NA,NA,NA
87.401,2.2093,8.7591,1.2304,15.7713,NA,NA,NA,NA,NA,NA,NA,NA,NA,NA,NA,NA
87.501,2.2086,8.7260,1.2297,15.7055,NA,NA,NA,NA,NA,NA,NA,NA,NA,NA,NA,NA
87.601,2.2124,8.9116,1.2294,15.6794,NA,NA,NA,NA,NA,NA,NA,NA,NA,NA,NA,NA
87.696,2.2124,8.9116,1.2288,15.6267,NA,NA,NA,NA,NA,NA,NA,NA,NA,NA,NA,NA
87.802,2.2100,8.7945,1.2288,15.6267,NA,NA,NA,NA,NA,NA,NA,NA,NA,NA,NA,NA
87.895,2.2100,8.7945,1.2286,15.6019,NA,NA,NA,NA,NA,NA,NA,NA,NA,NA,NA,NA
87.995,2.2085,8.7231,1.2269,15.4429,NA,NA,NA,NA,NA,NA,NA,NA,NA,NA,NA,NA
88.091,2.2022,8.4087,1.2269,15.4483,NA,NA,NA,NA,NA,NA,NA,NA,NA,NA,NA,NA
88.186,2.2022,8.4087,1.2271,15.4645,NA,NA,NA,NA,NA,NA,NA,NA,NA,NA,NA,NA
88.279,2.2083,8.7101,1.2271,15.4645,NA,NA,NA,NA,NA,NA,NA,NA,NA,NA,NA,NA
88.376,2.2083,8.7101,1.2253,15.2961,NA,NA,NA,NA,NA,NA,NA,NA,NA,NA,NA,NA
88.533,2.2072,8.6556,1.2252,15.2856,NA,NA,NA,NA,NA,NA,NA,NA,NA,NA,NA,NA
88.575,2.2072,8.6556,1.2246,15.2335,NA,NA,NA,NA,NA,NA,NA,NA,NA,NA,NA,NA
88.679,2.2020,8.4005,1.2242,15.1878,NA,NA,NA,NA,NA,NA,NA,NA,NA,NA,NA,NA
88.778,2.1975,8.1794,1.2242,15.1878,NA,NA,NA,NA,NA,NA,NA,NA,NA,NA,NA,NA
88.868,2.1975,8.1794,1.2239,15.1590,NA,NA,NA,NA,NA,NA,NA,NA,NA,NA,NA,NA
88.970,2.1974,8.1760,1.2239,15.1590,NA,NA,NA,NA,NA,NA,NA,NA,NA,NA,NA,NA
89.096,2.1974,8.1760,1.2231,15.0871,NA,NA,NA,NA,NA,NA,NA,NA,NA,NA,NA,NA
89.163,2.1942,8.0169,1.2231,15.0872,NA,NA,NA,NA,NA,NA,NA,NA,NA,NA,NA,NA
89.262,2.1942,8.0169,1.2231,15.0872,NA,NA,NA,NA,NA,NA,NA,NA,NA,NA,NA,NA
89.368,2.1907,7.8458,1.2215,14.9387,NA,NA,NA,NA,NA,NA,NA,NA,NA,NA,NA,NA
89.462,2.1902,7.8185,1.2215,14.9387,NA,NA,NA,NA,NA,NA,NA,NA,NA,NA,NA,NA
89.575,2.1899,7.8080,1.2208,14.8744,NA,NA,NA,NA,NA,NA,NA,NA,NA,NA,NA,NA
89.661,2.1891,7.7655,1.2208,14.8730,NA,NA,NA,NA,NA,NA,NA,NA,NA,NA,NA,NA
89.800,2.1908,7.8503,1.2202,14.8197,NA,NA,NA,NA,NA,NA,NA,NA,NA,NA,NA,NA
89.857,2.1908,7.8503,1.2195,14.7500,NA,NA,NA,NA,NA,NA,NA,NA,NA,NA,NA,NA
89.945,2.1846,7.5436,1.2201,14.8050,NA,NA,NA,NA,NA,NA,NA,NA,NA,NA,NA,NA
90.051,2.1829,7.4603,1.2201,14.8050,NA,NA,NA,NA,NA,NA,NA,NA,NA,NA,NA,NA
90.145,2.1797,7.3043,1.2194,14.7362,NA,NA,NA,NA,NA,NA,NA,NA,NA,NA,NA,NA
90.243,2.1764,7.1419,1.2187,14.6693,NA,NA,NA,NA,NA,NA,NA,NA,NA,NA,NA,NA
90.351,2.1764,7.1419,1.2189,14.6968,NA,NA,NA,NA,NA,NA,NA,NA,NA,NA,NA,NA
90.431,2.1775,7.1950,1.2189,14.6968,NA,NA,NA,NA,NA,NA,NA,NA,NA,NA,NA,NA
90.546,2.1775,7.1950,1.2181,14.6211,NA,NA,NA,NA,NA,NA,NA,NA,NA,NA,NA,NA
90.635,2.1760,7.1218,1.2175,14.5588,NA,NA,NA,NA,NA,NA,NA,NA,NA,NA,NA,NA
90.728,2.1754,7.0899,1.2172,14.5304,NA,NA,NA,NA,NA,NA,NA,NA,NA,NA,NA,NA
90.835,2.1734,6.9922,1.2145,14.2792,NA,NA,NA,NA,NA,NA,NA,NA,NA,NA,NA,NA
90.943,2.1726,6.9526,1.2143,14.2626,NA,NA,NA,NA,NA,NA,NA,NA,NA,NA,NA,NA
91.028,2.1726,6.9526,1.2139,14.2235,NA,NA,NA,NA,NA,NA,NA,NA,NA,NA,NA,NA
91.122,2.1717,6.9114,1.2130,14.1419,NA,NA,NA,NA,NA,NA,NA,NA,NA,NA,NA,NA
91.225,2.1718,6.9149,1.2127,14.1093,NA,NA,NA,NA,NA,NA,NA,NA,NA,NA,NA,NA
91.332,2.1718,6.9149,1.2099,13.8499,NA,NA,NA,NA,NA,NA,NA,NA,NA,NA,NA,NA
91.417,2.1710,6.8750,1.2099,13.8499,NA,NA,NA,NA,NA,NA,NA,NA,NA,NA,NA,NA
91.553,2.1667,6.6614,1.2096,13.8143,NA,NA,NA,NA,NA,NA,NA,NA,NA,NA,NA,NA
91.616,2.1664,6.6471,1.2096,13.8207,NA,NA,NA,NA,NA,NA,NA,NA,NA,NA,NA,NA
91.708,2.1665,6.6520,1.2096,13.8207,NA,NA,NA,NA,NA,NA,NA,NA,NA,NA,NA,NA
91.803,2.1692,6.7870,1.2090,13.7592,NA,NA,NA,NA,NA,NA,NA,NA,NA,NA,NA,NA
91.916,2.1692,6.7870,1.2087,13.7333,NA,NA,NA,NA,NA,NA,NA,NA,NA,NA,NA,NA
92.004,2.1680,6.7279,1.2085,13.7169,NA,NA,NA,NA,NA,NA,NA,NA,NA,NA,NA,NA
92.099,2.1632,6.4900,1.2082,13.6853,NA,NA,NA,NA,NA,NA,NA,NA,NA,NA,NA,NA
92.231,2.1618,6.4244,1.2078,13.6525,NA,NA,NA,NA,NA,NA,NA,NA,NA,NA,NA,NA
92.302,2.1588,6.2764,1.2073,13.6006,NA,NA,NA,NA,NA,NA,NA,NA,NA,NA,NA,NA
92.393,2.1543,6.0541,1.2052,13.4046,NA,NA,NA,NA,NA,NA,NA,NA,NA,NA,NA,NA
92.487,2.1540,6.0368,1.2052,13.4046,NA,NA,NA,NA,NA,NA,NA,NA,NA,NA,NA,NA
92.581,2.1540,6.0368,1.2048,13.3670,NA,NA,NA,NA,NA,NA,NA,NA,NA,NA,NA,NA
92.682,2.1620,6.4345,1.2029,13.1868,NA,NA,NA,NA,NA,NA,NA,NA,NA,NA,NA,NA
92.798,2.1969,8.1523,1.2159,14.4095,NA,NA,NA,NA,NA,NA,NA,NA,NA,NA,NA,NA
92.883,2.2310,9.8304,1.2304,15.7785,NA,NA,NA,NA,NA,NA,NA,NA,NA,NA,NA,NA
92.977,2.2632,11.4163,1.2461,17.2565,NA,NA,NA,NA,NA,NA,NA,NA,NA,NA,NA,NA
93.085,2.2795,12.2161,1.2539,17.9850,NA,NA,NA,NA,NA,NA,NA,NA,NA,NA,NA,NA
93.178,2.2968,13.0687,1.2555,18.1375,NA,NA,NA,NA,NA,NA,NA,NA,NA,NA,NA,NA
93.282,2.2968,13.0687,1.2567,18.2536,NA,NA,NA,NA,NA,NA,NA,NA,NA,NA,NA,NA
93.386,2.2883,12.6504,1.2567,18.2536,NA,NA,NA,NA,NA,NA,NA,NA,NA,NA,NA,NA
93.473,2.2858,12.5245,1.2560,18.1812,NA,NA,NA,NA,NA,NA,NA,NA,NA,NA,NA,NA
93.567,2.2761,12.0492,1.2551,18.0996,NA,NA,NA,NA,NA,NA,NA,NA,NA,NA,NA,NA
93.665,2.2718,11.8353,1.2538,17.9745,NA,NA,NA,NA,NA,NA,NA,NA,NA,NA,NA,NA
93.764,2.2633,11.4196,1.2515,17.7593,NA,NA,NA,NA,NA,NA,NA,NA,NA,NA,NA,NA
93.862,2.2590,11.2073,1.2512,17.7290,NA,NA,NA,NA,NA,NA,NA,NA,NA,NA,NA,NA
94.004,2.2510,10.8132,1.2479,17.4191,NA,NA,NA,NA,NA,NA,NA,NA,NA,NA,NA,NA
94.058,2.2408,10.3108,1.2471,17.3436,NA,NA,NA,NA,NA,NA,NA,NA,NA,NA,NA,NA
94.168,2.2401,10.2773,1.2442,17.0741,NA,NA,NA,NA,NA,NA,NA,NA,NA,NA,NA,NA
94.263,2.2376,10.1548,1.2428,16.9458,NA,NA,NA,NA,NA,NA,NA,NA,NA,NA,NA,NA
94.354,2.2372,10.1354,1.2409,16.7673,NA,NA,NA,NA,NA,NA,NA,NA,NA,NA,NA,NA
94.447,2.2399,10.2677,1.2425,16.9104,NA,NA,NA,NA,NA,NA,NA,NA,NA,NA,NA,NA
94.547,2.2585,11.1820,1.2487,17.4968,NA,NA,NA,NA,NA,NA,NA,NA,NA,NA,NA,NA
94.649,2.3006,13.2564,1.2603,18.5859,NA,NA,NA,NA,NA,NA,NA,NA,NA,NA,NA,NA
94.740,2.3303,14.7152,1.2751,19.9788,NA,NA,NA,NA,NA,NA,NA,NA,NA,NA,NA,NA
94.840,2.3753,16.9324,1.2916,21.5323,NA,NA,NA,NA,NA,NA,NA,NA,NA,NA,NA,NA
94.940,2.3916,17.7362,1.3052,22.8087,NA,NA,NA,NA,NA,NA,NA,NA,NA,NA,NA,NA
95.036,2.4275,19.5006,1.3193,24.1403,NA,NA,NA,NA,NA,NA,NA,NA,NA,NA,NA,NA
95.139,2.4680,21.4953,1.3335,25.4759,NA,NA,NA,NA,NA,NA,NA,NA,NA,NA,NA,NA
95.233,2.5014,23.1389,1.3481,26.8494,NA,NA,NA,NA,NA,NA,NA,NA,NA,NA,NA,NA
95.331,2.5552,25.7880,1.3573,27.7196,NA,NA,NA,NA,NA,NA,NA,NA,NA,NA,NA,NA
95.431,2.5715,26.5913,1.3655,28.4862,NA,NA,NA,NA,NA,NA,NA,NA,NA,NA,NA,NA
95.526,2.6016,28.0737,1.3782,29.6821,NA,NA,NA,NA,NA,NA,NA,NA,NA,NA,NA,NA
95.619,2.6235,29.1505,1.3892,30.7209,NA,NA,NA,NA,NA,NA,NA,NA,NA,NA,NA,NA
95.733,2.6704,31.4623,1.3988,31.6230,NA,NA,NA,NA,NA,NA,NA,NA,NA,NA,NA,NA
95.829,2.6857,32.2116,1.4118,32.8461,NA,NA,NA,NA,NA,NA,NA,NA,NA,NA,NA,NA
95.923,2.7212,33.9618,1.4188,33.5007,NA,NA,NA,NA,NA,NA,NA,NA,NA,NA,NA,NA
96.013,2.7454,35.1539,1.4248,34.0660,NA,NA,NA,NA,NA,NA,NA,NA,NA,NA,NA,NA
96.121,2.7668,36.2069,1.4334,34.8752,NA,NA,NA,NA,NA,NA,NA,NA,NA,NA,NA,NA
96.209,2.7768,36.6954,1.4367,35.1905,NA,NA,NA,NA,NA,NA,NA,NA,NA,NA,NA,NA
96.370,2.7771,36.7103,1.4371,35.2219,NA,NA,NA,NA,NA,NA,NA,NA,NA,NA,NA,NA
96.402,2.7771,36.7103,1.4371,35.2219,NA,NA,NA,NA,NA,NA,NA,NA,NA,NA,NA,NA
96.514,2.7744,36.5784,1.4363,35.1521,NA,NA,NA,NA,NA,NA,NA,NA,NA,NA,NA,NA
96.611,2.7705,36.3894,1.4359,35.1096,NA,NA,NA,NA,NA,NA,NA,NA,NA,NA,NA,NA
96.701,2.7386,34.8170,1.4345,34.9836,NA,NA,NA,NA,NA,NA,NA,NA,NA,NA,NA,NA
96.797,2.7308,34.4344,1.4328,34.8205,NA,NA,NA,NA,NA,NA,NA,NA,NA,NA,NA,NA
96.894,2.7166,33.7320,1.4311,34.6627,NA,NA,NA,NA,NA,NA,NA,NA,NA,NA,NA,NA
96.999,2.7166,33.7320,1.4298,34.5328,NA,NA,NA,NA,NA,NA,NA,NA,NA,NA,NA,NA
97.090,2.7088,33.3498,1.4255,34.1368,NA,NA,NA,NA,NA,NA,NA,NA,NA,NA,NA,NA
97.187,2.7043,33.1289,1.4188,33.4992,NA,NA,NA,NA,NA,NA,NA,NA,NA,NA,NA,NA
97.284,2.6866,32.2549,1.4156,33.1993,NA,NA,NA,NA,NA,NA,NA,NA,NA,NA,NA,NA
97.383,2.6589,30.8933,1.4130,32.9544,NA,NA,NA,NA,NA,NA,NA,NA,NA,NA,NA,NA
97.530,2.6423,30.0789,1.4056,32.2595,NA,NA,NA,NA,NA,NA,NA,NA,NA,NA,NA,NA
97.574,2.6277,29.3581,1.4026,31.9814,NA,NA,NA,NA,NA,NA,NA,NA,NA,NA,NA,NA
97.682,2.6230,29.1260,1.3976,31.5083,NA,NA,NA,NA,NA,NA,NA,NA,NA,NA,NA,NA
97.782,2.6080,28.3865,1.3943,31.1967,NA,NA,NA,NA,NA,NA,NA,NA,NA,NA,NA,NA
97.872,2.6065,28.3131,1.3910,30.8902,NA,NA,NA,NA,NA,NA,NA,NA,NA,NA,NA,NA
97.974,2.5992,27.9550,1.3873,30.5360,NA,NA,NA,NA,NA,NA,NA,NA,NA,NA,NA,NA
98.073,2.5963,27.8127,1.3844,30.2691,NA,NA,NA,NA,NA,NA,NA,NA,NA,NA,NA,NA
98.176,2.5731,26.6689,1.3827,30.1085,NA,NA,NA,NA,NA,NA,NA,NA,NA,NA,NA,NA
98.271,2.5645,26.2474,1.3816,30.0064,NA,NA,NA,NA,NA,NA,NA,NA,NA,NA,NA,NA
98.362,2.5627,26.1561,1.3808,29.9314,NA,NA,NA,NA,NA,NA,NA,NA,NA,NA,NA,NA
98.471,2.5621,26.1307,1.3795,29.8024,NA,NA,NA,NA,NA,NA,NA,NA,NA,NA,NA,NA
98.565,2.5594,25.9962,1.3782,29.6830,NA,NA,NA,NA,NA,NA,NA,NA,NA,NA,NA,NA
98.658,2.5582,25.9381,1.3764,29.5145,NA,NA,NA,NA,NA,NA,NA,NA,NA,NA,NA,NA
98.808,2.5582,25.9381,1.3752,29.4006,NA,NA,NA,NA,NA,NA,NA,NA,NA,NA,NA,NA
98.861,2.5453,25.3021,1.3729,29.1819,NA,NA,NA,NA,NA,NA,NA,NA,NA,NA,NA,NA
98.958,2.5394,25.0127,1.3715,29.0476,NA,NA,NA,NA,NA,NA,NA,NA,NA,NA,NA,NA
99.053,2.5284,24.4692,1.3692,28.8322,NA,NA,NA,NA,NA,NA,NA,NA,NA,NA,NA,NA
99.145,2.5327,24.6789,1.3678,28.7034,NA,NA,NA,NA,NA,NA,NA,NA,NA,NA,NA,NA
99.249,2.5327,24.6789,1.3652,28.4571,NA,NA,NA,NA,NA,NA,NA,NA,NA,NA,NA,NA
99.354,2.5275,24.4237,1.3636,28.3099,NA,NA,NA,NA,NA,NA,NA,NA,NA,NA,NA,NA
99.443,2.5262,24.3635,1.3628,28.2301,NA,NA,NA,NA,NA,NA,NA,NA,NA,NA,NA,NA
99.537,2.5179,23.9503,1.3620,28.1560,NA,NA,NA,NA,NA,NA,NA,NA,NA,NA,NA,NA
99.645,2.5130,23.7131,1.3614,28.1020,NA,NA,NA,NA,NA,NA,NA,NA,NA,NA,NA,NA
99.741,2.5096,23.5460,1.3596,27.9348,NA,NA,NA,NA,NA,NA,NA,NA,NA,NA,NA,NA
99.838,2.5072,23.4250,1.3573,27.7131,NA,NA,NA,NA,NA,NA,NA,NA,NA,NA,NA,NA
99.980,2.5018,23.1617,1.3551,27.5099,NA,NA,NA,NA,NA,NA,NA,NA,NA,NA,NA,NA
100.033,2.5001,23.0768,1.3544,27.4419,NA,NA,NA,NA,NA,NA,NA,NA,NA,NA,NA,NA
100.128,2.5001,23.0768,1.3530,27.3089,NA,NA,NA,NA,NA,NA,NA,NA,NA,NA,NA,NA
100.227,2.4911,22.6336,1.3523,27.2491,NA,NA,NA,NA,NA,NA,NA,NA,NA,NA,NA,NA
100.330,2.4901,22.5828,1.3510,27.1236,NA,NA,NA,NA,NA,NA,NA,NA,NA,NA,NA,NA
100.418,2.4811,22.1412,1.3495,26.9779,NA,NA,NA,NA,NA,NA,NA,NA,NA,NA,NA,NA
100.565,2.4739,21.7870,1.3472,26.7676,NA,NA,NA,NA,NA,NA,NA,NA,NA,NA,NA,NA
100.615,2.4750,21.8409,1.3459,26.6414,NA,NA,NA,NA,NA,NA,NA,NA,NA,NA,NA,NA
100.716,2.4750,21.8409,1.3451,26.5709,NA,NA,NA,NA,NA,NA,NA,NA,NA,NA,NA,NA
100.817,2.4689,21.5427,1.3418,26.2595,NA,NA,NA,NA,NA,NA,NA,NA,NA,NA,NA,NA
100.912,2.4608,21.1423,1.3416,26.2408,NA,NA,NA,NA,NA,NA,NA,NA,NA,NA,NA,NA
101.009,2.4583,21.0162,1.3412,26.2010,NA,NA,NA,NA,NA,NA,NA,NA,NA,NA,NA,NA
101.158,2.4636,21.2798,1.3409,26.1701,NA,NA,NA,NA,NA,NA,NA,NA,NA,NA,NA,NA
101.213,2.4636,21.2798,1.3389,25.9838,NA,NA,NA,NA,NA,NA,NA,NA,NA,NA,NA,NA
101.301,2.4541,20.8118,1.3386,25.9584,NA,NA,NA,NA,NA,NA,NA,NA,NA,NA,NA,NA
101.393,2.4541,20.8118,1.3373,25.8309,NA,NA,NA,NA,NA,NA,NA,NA,NA,NA,NA,NA
101.498,2.4450,20.3658,1.3359,25.7000,NA,NA,NA,NA,NA,NA,NA,NA,NA,NA,NA,NA
101.595,2.4450,20.3658,1.3358,25.6929,NA,NA,NA,NA,NA,NA,NA,NA,NA,NA,NA,NA
101.698,2.4434,20.2873,1.3357,25.6828,NA,NA,NA,NA,NA,NA,NA,NA,NA,NA,NA,NA
101.785,2.4412,20.1786,1.3350,25.6173,NA,NA,NA,NA,NA,NA,NA,NA,NA,NA,NA,NA
101.890,2.4335,19.7985,1.3343,25.5558,NA,NA,NA,NA,NA,NA,NA,NA,NA,NA,NA,NA
101.992,2.4335,19.7985,1.3346,25.5803,NA,NA,NA,NA,NA,NA,NA,NA,NA,NA,NA,NA
102.092,2.4321,19.7286,1.3346,25.5803,NA,NA,NA,NA,NA,NA,NA,NA,NA,NA,NA,NA
102.181,2.4352,19.8830,1.3325,25.3826,NA,NA,NA,NA,NA,NA,NA,NA,NA,NA,NA,NA
102.288,2.4352,19.8830,1.3322,25.3533,NA,NA,NA,NA,NA,NA,NA,NA,NA,NA,NA,NA
102.383,2.4312,19.6837,1.3325,25.3793,NA,NA,NA,NA,NA,NA,NA,NA,NA,NA,NA,NA
102.471,2.4309,19.6721,1.3325,25.3793,NA,NA,NA,NA,NA,NA,NA,NA,NA,NA,NA,NA
102.574,2.4261,19.4323,1.3317,25.3085,NA,NA,NA,NA,NA,NA,NA,NA,NA,NA,NA,NA
102.671,2.4235,19.3071,1.3305,25.1897,NA,NA,NA,NA,NA,NA,NA,NA,NA,NA,NA,NA
102.775,2.4244,19.3518,1.3291,25.0593,NA,NA,NA,NA,NA,NA,NA,NA,NA,NA,NA,NA
102.865,2.4270,19.4764,1.3274,24.8978,NA,NA,NA,NA,NA,NA,NA,NA,NA,NA,NA,NA
102.965,2.4270,19.4764,1.3271,24.8699,NA,NA,NA,NA,NA,NA,NA,NA,NA,NA,NA,NA
103.075,2.4237,19.3161,1.3272,24.8844,NA,NA,NA,NA,NA,NA,NA,NA,NA,NA,NA,NA
103.166,2.4237,19.3161,1.3272,24.8844,NA,NA,NA,NA,NA,NA,NA,NA,NA,NA,NA,NA
103.258,2.4210,19.1803,1.3264,24.8071,NA,NA,NA,NA,NA,NA,NA,NA,NA,NA,NA,NA
103.360,2.4155,18.9107,1.3263,24.7994,NA,NA,NA,NA,NA,NA,NA,NA,NA,NA,NA,NA
103.466,2.4155,18.9107,1.3248,24.6605,NA,NA,NA,NA,NA,NA,NA,NA,NA,NA,NA,NA
103.547,2.4139,18.8336,1.3248,24.6605,NA,NA,NA,NA,NA,NA,NA,NA,NA,NA,NA,NA
103.654,2.4139,18.8336,1.3251,24.6893,NA,NA,NA,NA,NA,NA,NA,NA,NA,NA,NA,NA
103.755,2.4184,19.0520,1.3251,24.6893,NA,NA,NA,NA,NA,NA,NA,NA,NA,NA,NA,NA
103.843,2.4184,19.0520,1.3248,24.6534,NA,NA,NA,NA,NA,NA,NA,NA,NA,NA,NA,NA
103.948,2.4083,18.5584,1.3245,24.6312,NA,NA,NA,NA,NA,NA,NA,NA,NA,NA,NA,NA
104.040,2.4011,18.2032,1.3245,24.6312,NA,NA,NA,NA,NA,NA,NA,NA,NA,NA,NA,NA
104.164,2.4011,18.2032,1.3237,24.5541,NA,NA,NA,NA,NA,NA,NA,NA,NA,NA,NA,NA
104.245,2.4034,18.3154,1.3232,24.5054,NA,NA,NA,NA,NA,NA,NA,NA,NA,NA,NA,NA
104.343,2.4037,18.3325,1.3231,24.4977,NA,NA,NA,NA,NA,NA,NA,NA,NA,NA,NA,NA
104.438,2.4048,18.3833,1.3226,24.4547,NA,NA,NA,NA,NA,NA,NA,NA,NA,NA,NA,NA
104.527,2.4048,18.3833,1.3226,24.4547,NA,NA,NA,NA,NA,NA,NA,NA,NA,NA,NA,NA
104.629,2.3961,17.9561,1.3211,24.3081,NA,NA,NA,NA,NA,NA,NA,NA,NA,NA,NA,NA
104.753,2.3949,17.8971,1.3211,24.3057,NA,NA,NA,NA,NA,NA,NA,NA,NA,NA,NA,NA
104.826,2.3944,17.8708,1.3194,24.1482,NA,NA,NA,NA,NA,NA,NA,NA,NA,NA,NA,NA
104.924,2.4008,18.1894,1.3194,24.1482,NA,NA,NA,NA,NA,NA,NA,NA,NA,NA,NA,NA
105.024,2.4008,18.1894,1.3189,24.1030,NA,NA,NA,NA,NA,NA,NA,NA,NA,NA,NA,NA
105.119,2.3954,17.9214,1.3176,23.9814,NA,NA,NA,NA,NA,NA,NA,NA,NA,NA,NA,NA
105.220,2.3943,17.8695,1.3168,23.9043,NA,NA,NA,NA,NA,NA,NA,NA,NA,NA,NA,NA
105.332,2.3995,18.1240,1.3157,23.8016,NA,NA,NA,NA,NA,NA,NA,NA,NA,NA,NA,NA
105.413,2.3995,18.1240,1.3158,23.8087,NA,NA,NA,NA,NA,NA,NA,NA,NA,NA,NA,NA
105.513,2.3881,17.5609,1.3158,23.8087,NA,NA,NA,NA,NA,NA,NA,NA,NA,NA,NA,NA
105.611,2.3871,17.5130,1.3153,23.7648,NA,NA,NA,NA,NA,NA,NA,NA,NA,NA,NA,NA
105.705,2.3856,17.4397,1.3143,23.6701,NA,NA,NA,NA,NA,NA,NA,NA,NA,NA,NA,NA
105.810,2.3856,17.4397,1.3138,23.6197,NA,NA,NA,NA,NA,NA,NA,NA,NA,NA,NA,NA
105.965,2.3813,17.2283,1.3133,23.5785,NA,NA,NA,NA,NA,NA,NA,NA,NA,NA,NA,NA
106.008,2.3806,17.1919,1.3133,23.5785,NA,NA,NA,NA,NA,NA,NA,NA,NA,NA,NA,NA
106.098,2.3793,17.1280,1.3126,23.5122,NA,NA,NA,NA,NA,NA,NA,NA,NA,NA,NA,NA
106.193,2.3782,17.0762,1.3126,23.5122,NA,NA,NA,NA,NA,NA,NA,NA,NA,NA,NA,NA
106.296,2.3782,17.0762,1.3122,23.4703,NA,NA,NA,NA,NA,NA,NA,NA,NA,NA,NA,NA
106.393,2.3784,17.0848,1.3116,23.4201,NA,NA,NA,NA,NA,NA,NA,NA,NA,NA,NA,NA
106.488,2.3784,17.0848,1.3106,23.3186,NA,NA,NA,NA,NA,NA,NA,NA,NA,NA,NA,NA
106.584,2.3766,16.9957,1.3110,23.3591,NA,NA,NA,NA,NA,NA,NA,NA,NA,NA,NA,NA
106.696,2.3766,16.9957,1.3110,23.3591,NA,NA,NA,NA,NA,NA,NA,NA,NA,NA,NA,NA
106.779,2.3695,16.6460,1.3102,23.2843,NA,NA,NA,NA,NA,NA,NA,NA,NA,NA,NA,NA
106.885,2.3641,16.3822,1.3101,23.2764,NA,NA,NA,NA,NA,NA,NA,NA,NA,NA,NA,NA
106.978,2.3677,16.5560,1.3101,23.2764,NA,NA,NA,NA,NA,NA,NA,NA,NA,NA,NA,NA
107.125,2.3705,16.6940,1.3091,23.1792,NA,NA,NA,NA,NA,NA,NA,NA,NA,NA,NA,NA
107.176,2.3705,16.6940,1.3076,23.0376,NA,NA,NA,NA,NA,NA,NA,NA,NA,NA,NA,NA
107.277,2.3642,16.3857,1.3074,23.0206,NA,NA,NA,NA,NA,NA,NA,NA,NA,NA,NA,NA
107.368,2.3619,16.2722,1.3075,23.0260,NA,NA,NA,NA,NA,NA,NA,NA,NA,NA,NA,NA
107.466,2.3606,16.2111,1.3080,23.0726,NA,NA,NA,NA,NA,NA,NA,NA,NA,NA,NA,NA
107.566,2.3594,16.1503,1.3080,23.0726,NA,NA,NA,NA,NA,NA,NA,NA,NA,NA,NA,NA
107.679,2.3594,16.1522,1.3068,22.9628,NA,NA,NA,NA,NA,NA,NA,NA,NA,NA,NA,NA
107.805,2.3620,16.2763,1.3063,22.9152,NA,NA,NA,NA,NA,NA,NA,NA,NA,NA,NA,NA
107.864,2.3620,16.2763,1.3057,22.8598,NA,NA,NA,NA,NA,NA,NA,NA,NA,NA,NA,NA
107.978,2.3588,16.1220,1.3057,22.8598,NA,NA,NA,NA,NA,NA,NA,NA,NA,NA,NA,NA
108.066,2.3570,16.0339,1.3052,22.8150,NA,NA,NA,NA,NA,NA,NA,NA,NA,NA,NA,NA
108.178,2.3539,15.8784,1.3058,22.8706,NA,NA,NA,NA,NA,NA,NA,NA,NA,NA,NA,NA
108.248,2.3539,15.8784,1.3058,22.8706,NA,NA,NA,NA,NA,NA,NA,NA,NA,NA,NA,NA
108.398,2.3503,15.7016,1.3054,22.8288,NA,NA,NA,NA,NA,NA,NA,NA,NA,NA,NA,NA
108.452,2.3507,15.7216,1.3040,22.6988,NA,NA,NA,NA,NA,NA,NA,NA,NA,NA,NA,NA
108.616,2.3507,15.7216,1.3031,22.6139,NA,NA,NA,NA,NA,NA,NA,NA,NA,NA,NA,NA
108.745,2.3522,15.7951,1.3015,22.4638,NA,NA,NA,NA,NA,NA,NA,NA,NA,NA,NA,NA
108.840,2.3456,15.4722,1.3008,22.4014,NA,NA,NA,NA,NA,NA,NA,NA,NA,NA,NA,NA
108.937,2.3456,15.4722,1.2999,22.3107,NA,NA,NA,NA,NA,NA,NA,NA,NA,NA,NA,NA
109.034,2.3427,15.3272,1.2987,22.2017,NA,NA,NA,NA,NA,NA,NA,NA,NA,NA,NA,NA
109.133,2.3427,15.3272,1.2975,22.0878,NA,NA,NA,NA,NA,NA,NA,NA,NA,NA,NA,NA
109.248,2.3389,15.1388,1.2975,22.0878,NA,NA,NA,NA,NA,NA,NA,NA,NA,NA,NA,NA
109.333,2.3377,15.0800,1.2968,22.0262,NA,NA,NA,NA,NA,NA,NA,NA,NA,NA,NA,NA
109.436,2.3377,15.0800,1.2965,21.9948,NA,NA,NA,NA,NA,NA,NA,NA,NA,NA,NA,NA
109.527,2.3342,14.9071,1.2965,21.9948,NA,NA,NA,NA,NA,NA,NA,NA,NA,NA,NA,NA
109.630,2.3342,14.9071,1.2948,21.8343,NA,NA,NA,NA,NA,NA,NA,NA,NA,NA,NA,NA
109.730,2.3305,14.7280,1.2949,21.8432,NA,NA,NA,NA,NA,NA,NA,NA,NA,NA,NA,NA
109.826,2.3304,14.7230,1.2949,21.8432,NA,NA,NA,NA,NA,NA,NA,NA,NA,NA,NA,NA
109.917,2.3284,14.6259,1.2937,21.7301,NA,NA,NA,NA,NA,NA,NA,NA,NA,NA,NA,NA
110.015,2.3373,15.0634,1.2937,21.7304,NA,NA,NA,NA,NA,NA,NA,NA,NA,NA,NA,NA
110.130,2.3373,15.0634,1.2937,21.7304,NA,NA,NA,NA,NA,NA,NA,NA,NA,NA,NA,NA
110.282,2.3262,14.5144,1.2936,21.7209,NA,NA,NA,NA,NA,NA,NA,NA,NA,NA,NA,NA
110.410,2.3310,14.7501,1.2930,21.6616,NA,NA,NA,NA,NA,NA,NA,NA,NA,NA,NA,NA
110.540,2.3310,14.7501,1.2928,21.6444,NA,NA,NA,NA,NA,NA,NA,NA,NA,NA,NA,NA
110.597,2.3237,14.3917,1.2928,21.6444,NA,NA,NA,NA,NA,NA,NA,NA,NA,NA,NA,NA
110.755,2.3210,14.2604,1.2925,21.6210,NA,NA,NA,NA,NA,NA,NA,NA,NA,NA,NA,NA
110.795,2.3201,14.2156,1.2922,21.5904,NA,NA,NA,NA,NA,NA,NA,NA,NA,NA,NA,NA
110.902,2.3235,14.3842,1.2921,21.5836,NA,NA,NA,NA,NA,NA,NA,NA,NA,NA,NA,NA
111.007,2.3235,14.3842,1.2915,21.5197,NA,NA,NA,NA,NA,NA,NA,NA,NA,NA,NA,NA
111.104,2.3186,14.1419,1.2910,21.4812,NA,NA,NA,NA,NA,NA,NA,NA,NA,NA,NA,NA
111.196,2.3185,14.1353,1.2894,21.3267,NA,NA,NA,NA,NA,NA,NA,NA,NA,NA,NA,NA
111.300,2.3193,14.1744,1.2883,21.2267,NA,NA,NA,NA,NA,NA,NA,NA,NA,NA,NA,NA
111.419,2.3193,14.1744,1.2885,21.2416,NA,NA,NA,NA,NA,NA,NA,NA,NA,NA,NA,NA
111.491,2.3149,13.9580,1.2885,21.2416,NA,NA,NA,NA,NA,NA,NA,NA,NA,NA,NA,NA
111.580,2.3173,14.0779,1.2885,21.2385,NA,NA,NA,NA,NA,NA,NA,NA,NA,NA,NA,NA
111.678,2.3173,14.0779,1.2874,21.1409,NA,NA,NA,NA,NA,NA,NA,NA,NA,NA,NA,NA
111.779,2.3162,14.0254,1.2860,21.0023,NA,NA,NA,NA,NA,NA,NA,NA,NA,NA,NA,NA
111.913,2.3162,14.0254,1.2853,20.9425,NA,NA,NA,NA,NA,NA,NA,NA,NA,NA,NA,NA
111.975,2.3177,14.0975,1.2848,20.8940,NA,NA,NA,NA,NA,NA,NA,NA,NA,NA,NA,NA
112.072,2.3177,14.0975,1.2839,20.8089,NA,NA,NA,NA,NA,NA,NA,NA,NA,NA,NA,NA
112.170,2.3103,13.7323,1.2845,20.8688,NA,NA,NA,NA,NA,NA,NA,NA,NA,NA,NA,NA
112.271,2.3101,13.7253,1.2845,20.8688,NA,NA,NA,NA,NA,NA,NA,NA,NA,NA,NA,NA
112.369,2.3095,13.6920,1.2837,20.7903,NA,NA,NA,NA,NA,NA,NA,NA,NA,NA,NA,NA
112.463,2.3092,13.6782,1.2831,20.7308,NA,NA,NA,NA,NA,NA,NA,NA,NA,NA,NA,NA
112.562,2.3092,13.6782,1.2828,20.7013,NA,NA,NA,NA,NA,NA,NA,NA,NA,NA,NA,NA
112.664,2.3071,13.5768,1.2828,20.7013,NA,NA,NA,NA,NA,NA,NA,NA,NA,NA,NA,NA
112.759,2.3071,13.5768,1.2825,20.6744,NA,NA,NA,NA,NA,NA,NA,NA,NA,NA,NA,NA
112.854,2.3029,13.3694,1.2823,20.6565,NA,NA,NA,NA,NA,NA,NA,NA,NA,NA,NA,NA
112.969,2.3029,13.3694,1.2796,20.4007,NA,NA,NA,NA,NA,NA,NA,NA,NA,NA,NA,NA
113.057,2.3030,13.3709,1.2797,20.4152,NA,NA,NA,NA,NA,NA,NA,NA,NA,NA,NA,NA
113.150,2.3030,13.3709,1.2797,20.4152,NA,NA,NA,NA,NA,NA,NA,NA,NA,NA,NA,NA
113.248,2.3038,13.4124,1.2783,20.2785,NA,NA,NA,NA,NA,NA,NA,NA,NA,NA,NA,NA
113.358,2.3038,13.4124,1.2777,20.2250,NA,NA,NA,NA,NA,NA,NA,NA,NA,NA,NA,NA
113.452,2.2984,13.1463,1.2767,20.1310,NA,NA,NA,NA,NA,NA,NA,NA,NA,NA,NA,NA
113.539,2.2940,12.9308,1.2769,20.1511,NA,NA,NA,NA,NA,NA,NA,NA,NA,NA,NA,NA
113.635,2.2940,12.9308,1.2769,20.1511,NA,NA,NA,NA,NA,NA,NA,NA,NA,NA,NA,NA
113.738,2.2930,12.8820,1.2768,20.1446,NA,NA,NA,NA,NA,NA,NA,NA,NA,NA,NA,NA
113.829,2.2930,12.8820,1.2759,20.0532,NA,NA,NA,NA,NA,NA,NA,NA,NA,NA,NA,NA
113.946,2.2886,12.6665,1.2750,19.9722,NA,NA,NA,NA,NA,NA,NA,NA,NA,NA,NA,NA
114.029,2.2886,12.6665,1.2747,19.9401,NA,NA,NA,NA,NA,NA,NA,NA,NA,NA,NA,NA
114.131,2.2864,12.5547,1.2736,19.8376,NA,NA,NA,NA,NA,NA,NA,NA,NA,NA,NA,NA
114.247,2.2793,12.2054,1.2741,19.8827,NA,NA,NA,NA,NA,NA,NA,NA,NA,NA,NA,NA
114.326,2.2814,12.3105,1.2743,19.9052,NA,NA,NA,NA,NA,NA,NA,NA,NA,NA,NA,NA
114.443,2.2840,12.4379,1.2743,19.9052,NA,NA,NA,NA,NA,NA,NA,NA,NA,NA,NA,NA
114.525,2.2840,12.4379,1.2737,19.8460,NA,NA,NA,NA,NA,NA,NA,NA,NA,NA,NA,NA
114.617,2.2833,12.4037,1.2734,19.8217,NA,NA,NA,NA,NA,NA,NA,NA,NA,NA,NA,NA
114.717,2.2829,12.3814,1.2738,19.8548,NA,NA,NA,NA,NA,NA,NA,NA,NA,NA,NA,NA
114.821,2.2799,12.2349,1.2738,19.8548,NA,NA,NA,NA,NA,NA,NA,NA,NA,NA,NA,NA
114.915,2.2729,11.8930,1.2721,19.6977,NA,NA,NA,NA,NA,NA,NA,NA,NA,NA,NA,NA
115.014,2.2729,11.8930,1.2714,19.6323,NA,NA,NA,NA,NA,NA,NA,NA,NA,NA,NA,NA
115.108,2.2772,12.1009,1.2706,19.5617,NA,NA,NA,NA,NA,NA,NA,NA,NA,NA,NA,NA
115.224,2.2776,12.1220,1.2701,19.5064,NA,NA,NA,NA,NA,NA,NA,NA,NA,NA,NA,NA
115.313,2.2822,12.3488,1.2701,19.5064,NA,NA,NA,NA,NA,NA,NA,NA,NA,NA,NA,NA
115.401,2.2822,12.3488,1.2693,19.4379,NA,NA,NA,NA,NA,NA,NA,NA,NA,NA,NA,NA
115.542,2.2784,12.1627,1.2694,19.4456,NA,NA,NA,NA,NA,NA,NA,NA,NA,NA,NA,NA
115.604,2.2784,12.1627,1.2694,19.4456,NA,NA,NA,NA,NA,NA,NA,NA,NA,NA,NA,NA
115.688,2.2773,12.1088,1.2686,19.3656,NA,NA,NA,NA,NA,NA,NA,NA,NA,NA,NA,NA
115.801,2.2742,11.9571,1.2686,19.3656,NA,NA,NA,NA,NA,NA,NA,NA,NA,NA,NA,NA
115.890,2.2731,11.9011,1.2676,19.2733,NA,NA,NA,NA,NA,NA,NA,NA,NA,NA,NA,NA
115.984,2.2744,11.9660,1.2675,19.2689,NA,NA,NA,NA,NA,NA,NA,NA,NA,NA,NA,NA
116.082,2.2744,11.9660,1.2666,19.1807,NA,NA,NA,NA,NA,NA,NA,NA,NA,NA,NA,NA
116.190,2.2717,11.8307,1.2656,19.0844,NA,NA,NA,NA,NA,NA,NA,NA,NA,NA,NA,NA
116.277,2.2698,11.7412,1.2649,19.0190,NA,NA,NA,NA,NA,NA,NA,NA,NA,NA,NA,NA
116.377,2.2688,11.6920,1.2641,18.9443,NA,NA,NA,NA,NA,NA,NA,NA,NA,NA,NA,NA
116.476,2.2656,11.5305,1.2641,18.9496,NA,NA,NA,NA,NA,NA,NA,NA,NA,NA,NA,NA
116.573,2.2656,11.5305,1.2641,18.9496,NA,NA,NA,NA,NA,NA,NA,NA,NA,NA,NA,NA
116.671,2.2668,11.5910,1.2637,18.9088,NA,NA,NA,NA,NA,NA,NA,NA,NA,NA,NA,NA
116.770,2.2668,11.5910,1.2629,18.8329,NA,NA,NA,NA,NA,NA,NA,NA,NA,NA,NA,NA
116.876,2.2661,11.5592,1.2629,18.8329,NA,NA,NA,NA,NA,NA,NA,NA,NA,NA,NA,NA
116.965,2.2661,11.5592,1.2619,18.7363,NA,NA,NA,NA,NA,NA,NA,NA,NA,NA,NA,NA
117.071,2.2666,11.5812,1.2608,18.6309,NA,NA,NA,NA,NA,NA,NA,NA,NA,NA,NA,NA
117.172,2.2666,11.5812,1.2601,18.5649,NA,NA,NA,NA,NA,NA,NA,NA,NA,NA,NA,NA
117.262,2.2658,11.5437,1.2601,18.5649,NA,NA,NA,NA,NA,NA,NA,NA,NA,NA,NA,NA
117.364,2.2624,11.3727,1.2595,18.5157,NA,NA,NA,NA,NA,NA,NA,NA,NA,NA,NA,NA
117.454,2.2592,11.2192,1.2595,18.5157,NA,NA,NA,NA,NA,NA,NA,NA,NA,NA,NA,NA
117.577,2.2590,11.2055,1.2584,18.4093,NA,NA,NA,NA,NA,NA,NA,NA,NA,NA,NA,NA
117.702,2.2555,11.0339,1.2573,18.3062,NA,NA,NA,NA,NA,NA,NA,NA,NA,NA,NA,NA
117.766,2.2555,11.0339,1.2575,18.3287,NA,NA,NA,NA,NA,NA,NA,NA,NA,NA,NA,NA
117.845,2.2509,10.8065,1.2575,18.3287,NA,NA,NA,NA,NA,NA,NA,NA,NA,NA,NA,NA
118.012,2.2426,10.3979,1.2571,18.2917,NA,NA,NA,NA,NA,NA,NA,NA,NA,NA,NA,NA
118.052,2.2443,10.4847,1.2571,18.2863,NA,NA,NA,NA,NA,NA,NA,NA,NA,NA,NA,NA
118.150,2.2527,10.8982,1.2568,18.2632,NA,NA,NA,NA,NA,NA,NA,NA,NA,NA,NA,NA
118.251,2.2527,10.8982,1.2567,18.2472,NA,NA,NA,NA,NA,NA,NA,NA,NA,NA,NA,NA
118.347,2.2577,11.1439,1.2551,18.1028,NA,NA,NA,NA,NA,NA,NA,NA,NA,NA,NA,NA
118.439,2.2577,11.1439,1.2546,18.0490,NA,NA,NA,NA,NA,NA,NA,NA,NA,NA,NA,NA
118.579,2.2523,10.8796,1.2542,18.0159,NA,NA,NA,NA,NA,NA,NA,NA,NA,NA,NA,NA
118.633,2.2513,10.8266,1.2538,17.9752,NA,NA,NA,NA,NA,NA,NA,NA,NA,NA,NA,NA
118.738,2.2504,10.7840,1.2536,17.9587,NA,NA,NA,NA,NA,NA,NA,NA,NA,NA,NA,NA
118.821,2.2453,10.5344,1.2536,17.9587,NA,NA,NA,NA,NA,NA,NA,NA,NA,NA,NA,NA
118.920,2.2453,10.5344,1.2526,17.8599,NA,NA,NA,NA,NA,NA,NA,NA,NA,NA,NA,NA
119.017,2.2447,10.5049,1.2523,17.8402,NA,NA,NA,NA,NA,NA,NA,NA,NA,NA,NA,NA
119.162,2.2447,10.5049,1.2517,17.7766,NA,NA,NA,NA,NA,NA,NA,NA,NA,NA,NA,NA
119.218,2.2417,10.3535,1.2512,17.7359,NA,NA,NA,NA,NA,NA,NA,NA,NA,NA,NA,NA
119.316,2.2360,10.0732,1.2508,17.6952,NA,NA,NA,NA,NA,NA,NA,NA,NA,NA,NA,NA
119.409,2.2350,10.0277,1.2503,17.6465,NA,NA,NA,NA,NA,NA,NA,NA,NA,NA,NA,NA
119.513,2.2418,10.3600,1.2499,17.6056,NA,NA,NA,NA,NA,NA,NA,NA,NA,NA,NA,NA
119.610,2.2418,10.3600,1.2490,17.5269,NA,NA,NA,NA,NA,NA,NA,NA,NA,NA,NA,NA
119.707,2.2353,10.0397,1.2496,17.5814,NA,NA,NA,NA,NA,NA,NA,NA,NA,NA,NA,NA
119.830,2.2344,9.9981,1.2496,17.5814,NA,NA,NA,NA,NA,NA,NA,NA,NA,NA,NA,NA
119.902,2.2319,9.8754,1.2489,17.5113,NA,NA,NA,NA,NA,NA,NA,NA,NA,NA,NA,NA
120.002,2.2319,9.8754,1.2488,17.5026,NA,NA,NA,NA,NA,NA,NA,NA,NA,NA,NA,NA
120.111,2.2281,9.6858,1.2475,17.3845,NA,NA,NA,NA,NA,NA,NA,NA,NA,NA,NA,NA
120.194,2.2308,9.8181,1.2468,17.3221,NA,NA,NA,NA,NA,NA,NA,NA,NA,NA,NA,NA
120.294,2.2308,9.8181,1.2468,17.3221,NA,NA,NA,NA,NA,NA,NA,NA,NA,NA,NA,NA
120.387,2.2281,9.6844,1.2465,17.2866,NA,NA,NA,NA,NA,NA,NA,NA,NA,NA,NA,NA
120.488,2.2256,9.5647,1.2458,17.2238,NA,NA,NA,NA,NA,NA,NA,NA,NA,NA,NA,NA
120.592,2.2270,9.6339,1.2455,17.1939,NA,NA,NA,NA,NA,NA,NA,NA,NA,NA,NA,NA
120.688,2.2270,9.6339,1.2447,17.1227,NA,NA,NA,NA,NA,NA,NA,NA,NA,NA,NA,NA
120.789,2.2242,9.4952,1.2444,17.0880,NA,NA,NA,NA,NA,NA,NA,NA,NA,NA,NA,NA
120.881,2.2242,9.4952,1.2442,17.0716,NA,NA,NA,NA,NA,NA,NA,NA,NA,NA,NA,NA
121.012,2.2236,9.4623,1.2432,16.9746,NA,NA,NA,NA,NA,NA,NA,NA,NA,NA,NA,NA
121.082,2.2267,9.6193,1.2432,16.9746,NA,NA,NA,NA,NA,NA,NA,NA,NA,NA,NA,NA
121.174,2.2267,9.6193,1.2422,16.8884,NA,NA,NA,NA,NA,NA,NA,NA,NA,NA,NA,NA
121.271,2.2252,9.5412,1.2422,16.8884,NA,NA,NA,NA,NA,NA,NA,NA,NA,NA,NA,NA
121.372,2.2252,9.5412,1.2419,16.8581,NA,NA,NA,NA,NA,NA,NA,NA,NA,NA,NA,NA
121.493,2.2219,9.3800,1.2408,16.7502,NA,NA,NA,NA,NA,NA,NA,NA,NA,NA,NA,NA
121.573,2.2219,9.3800,1.2396,16.6376,NA,NA,NA,NA,NA,NA,NA,NA,NA,NA,NA,NA
121.672,2.2139,8.9852,1.2396,16.6376,NA,NA,NA,NA,NA,NA,NA,NA,NA,NA,NA,NA
121.769,2.2083,8.7125,1.2383,16.5220,NA,NA,NA,NA,NA,NA,NA,NA,NA,NA,NA,NA
121.859,2.2083,8.7125,1.2371,16.4009,NA,NA,NA,NA,NA,NA,NA,NA,NA,NA,NA,NA
121.959,2.2130,8.9447,1.2366,16.3557,NA,NA,NA,NA,NA,NA,NA,NA,NA,NA,NA,NA
122.054,2.2130,8.9447,1.2363,16.3328,NA,NA,NA,NA,NA,NA,NA,NA,NA,NA,NA,NA
122.225,2.2166,9.1210,1.2361,16.3078,NA,NA,NA,NA,NA,NA,NA,NA,NA,NA,NA,NA
122.264,2.2166,9.1210,1.2361,16.3078,NA,NA,NA,NA,NA,NA,NA,NA,NA,NA,NA,NA
122.352,2.2132,8.9522,1.2356,16.2651,NA,NA,NA,NA,NA,NA,NA,NA,NA,NA,NA,NA
122.457,2.2106,8.8227,1.2356,16.2651,NA,NA,NA,NA,NA,NA,NA,NA,NA,NA,NA,NA
122.549,2.2111,8.8468,1.2348,16.1865,NA,NA,NA,NA,NA,NA,NA,NA,NA,NA,NA,NA
122.649,2.2122,8.9050,1.2344,16.1513,NA,NA,NA,NA,NA,NA,NA,NA,NA,NA,NA,NA
122.766,2.2122,8.9050,1.2334,16.0546,NA,NA,NA,NA,NA,NA,NA,NA,NA,NA,NA,NA
122.855,2.2067,8.6332,1.2328,16.0045,NA,NA,NA,NA,NA,NA,NA,NA,NA,NA,NA,NA
122.937,2.2067,8.6332,1.2326,15.9859,NA,NA,NA,NA,NA,NA,NA,NA,NA,NA,NA,NA
123.031,2.2025,8.4269,1.2318,15.9039,NA,NA,NA,NA,NA,NA,NA,NA,NA,NA,NA,NA
123.131,2.1985,8.2296,1.2320,15.9263,NA,NA,NA,NA,NA,NA,NA,NA,NA,NA,NA,NA
123.231,2.1981,8.2112,1.2320,15.9263,NA,NA,NA,NA,NA,NA,NA,NA,NA,NA,NA,NA
123.403,2.2073,8.6614,1.2315,15.8782,NA,NA,NA,NA,NA,NA,NA,NA,NA,NA,NA,NA
123.435,2.2073,8.6614,1.2311,15.8448,NA,NA,NA,NA,NA,NA,NA,NA,NA,NA,NA,NA
123.524,2.2026,8.4323,1.2305,15.7873,NA,NA,NA,NA,NA,NA,NA,NA,NA,NA,NA,NA
123.627,2.2023,8.4140,1.2301,15.7496,NA,NA,NA,NA,NA,NA,NA,NA,NA,NA,NA,NA
123.717,2.2035,8.4744,1.2300,15.7339,NA,NA,NA,NA,NA,NA,NA,NA,NA,NA,NA,NA
123.821,2.2035,8.4744,1.2300,15.7339,NA,NA,NA,NA,NA,NA,NA,NA,NA,NA,NA,NA
123.912,2.1995,8.2760,1.2293,15.6691,NA,NA,NA,NA,NA,NA,NA,NA,NA,NA,NA,NA
124.021,2.1994,8.2752,1.2290,15.6443,NA,NA,NA,NA,NA,NA,NA,NA,NA,NA,NA,NA
124.153,2.1994,8.2752,1.2289,15.6325,NA,NA,NA,NA,NA,NA,NA,NA,NA,NA,NA,NA
124.214,2.1979,8.2002,1.2286,15.6062,NA,NA,NA,NA,NA,NA,NA,NA,NA,NA,NA,NA
124.314,2.1984,8.2225,1.2277,15.5194,NA,NA,NA,NA,NA,NA,NA,NA,NA,NA,NA,NA
124.406,2.1988,8.2449,1.2276,15.5152,NA,NA,NA,NA,NA,NA,NA,NA,NA,NA,NA,NA
124.556,2.1988,8.2449,1.2277,15.5209,NA,NA,NA,NA,NA,NA,NA,NA,NA,NA,NA,NA
124.612,2.1938,7.9955,1.2277,15.5209,NA,NA,NA,NA,NA,NA,NA,NA,NA,NA,NA,NA
124.698,2.1938,7.9955,1.2270,15.4532,NA,NA,NA,NA,NA,NA,NA,NA,NA,NA,NA,NA
124.803,2.1905,7.8336,1.2269,15.4475,NA,NA,NA,NA,NA,NA,NA,NA,NA,NA,NA,NA
124.885,2.1905,7.8336,1.2249,15.2598,NA,NA,NA,NA,NA,NA,NA,NA,NA,NA,NA,NA
124.994,2.1803,7.3324,1.2252,15.2862,NA,NA,NA,NA,NA,NA,NA,NA,NA,NA,NA,NA
125.143,2.1787,7.2565,1.2252,15.2862,NA,NA,NA,NA,NA,NA,NA,NA,NA,NA,NA,NA
125.185,2.1787,7.2565,1.2242,15.1942,NA,NA,NA,NA,NA,NA,NA,NA,NA,NA,NA,NA
125.286,2.1848,7.5522,1.2235,15.1240,NA,NA,NA,NA,NA,NA,NA,NA,NA,NA,NA,NA
125.385,2.1848,7.5522,1.2227,15.0474,NA,NA,NA,NA,NA,NA,NA,NA,NA,NA,NA,NA
125.487,2.1821,7.4201,1.2213,14.9140,NA,NA,NA,NA,NA,NA,NA,NA,NA,NA,NA,NA
125.578,2.1821,7.4201,1.2205,14.8454,NA,NA,NA,NA,NA,NA,NA,NA,NA,NA,NA,NA
125.679,2.1833,7.4816,1.2191,14.7086,NA,NA,NA,NA,NA,NA,NA,NA,NA,NA,NA,NA
125.772,2.1833,7.4816,1.2191,14.7086,NA,NA,NA,NA,NA,NA,NA,NA,NA,NA,NA,NA
125.893,2.1794,7.2868,1.2190,14.7018,NA,NA,NA,NA,NA,NA,NA,NA,NA,NA,NA,NA
125.975,2.1766,7.1496,1.2190,14.7018,NA,NA,NA,NA,NA,NA,NA,NA,NA,NA,NA,NA
126.065,2.1947,8.0416,1.2227,15.0541,NA,NA,NA,NA,NA,NA,NA,NA,NA,NA,NA,NA
126.165,2.2314,9.8485,1.2299,15.7242,NA,NA,NA,NA,NA,NA,NA,NA,NA,NA,NA,NA
126.264,2.2510,10.8146,1.2394,16.6183,NA,NA,NA,NA,NA,NA,NA,NA,NA,NA,NA,NA
126.427,2.2871,12.5890,1.2531,17.9097,NA,NA,NA,NA,NA,NA,NA,NA,NA,NA,NA,NA
126.461,2.2993,13.1936,1.2587,18.4409,NA,NA,NA,NA,NA,NA,NA,NA,NA,NA,NA,NA
126.567,2.3058,13.5093,1.2641,18.9464,NA,NA,NA,NA,NA,NA,NA,NA,NA,NA,NA,NA
126.657,2.3080,13.6182,1.2654,19.0712,NA,NA,NA,NA,NA,NA,NA,NA,NA,NA,NA,NA
126.757,2.3080,13.6182,1.2654,19.0712,NA,NA,NA,NA,NA,NA,NA,NA,NA,NA,NA,NA
126.852,2.3068,13.5589,1.2651,19.0439,NA,NA,NA,NA,NA,NA,NA,NA,NA,NA,NA,NA
127.027,2.3068,13.5589,1.2611,18.6646,NA,NA,NA,NA,NA,NA,NA,NA,NA,NA,NA,NA
127.047,2.2983,13.1403,1.2608,18.6401,NA,NA,NA,NA,NA,NA,NA,NA,NA,NA,NA,NA
127.164,2.2935,12.9039,1.2595,18.5156,NA,NA,NA,NA,NA,NA,NA,NA,NA,NA,NA,NA
127.256,2.2824,12.3599,1.2595,18.5156,NA,NA,NA,NA,NA,NA,NA,NA,NA,NA,NA,NA
127.344,2.2775,12.1180,1.2569,18.2638,NA,NA,NA,NA,NA,NA,NA,NA,NA,NA,NA,NA
127.435,2.2699,11.7431,1.2549,18.0788,NA,NA,NA,NA,NA,NA,NA,NA,NA,NA,NA,NA
127.586,2.2669,11.5960,1.2549,18.0788,NA,NA,NA,NA,NA,NA,NA,NA,NA,NA,NA,NA
127.639,2.2651,11.5061,1.2534,17.9416,NA,NA,NA,NA,NA,NA,NA,NA,NA,NA,NA,NA
127.731,2.2552,11.0186,1.2513,17.7446,NA,NA,NA,NA,NA,NA,NA,NA,NA,NA,NA,NA
127.830,2.2530,10.9120,1.2502,17.6358,NA,NA,NA,NA,NA,NA,NA,NA,NA,NA,NA,NA
127.938,2.2487,10.7017,1.2488,17.5055,NA,NA,NA,NA,NA,NA,NA,NA,NA,NA,NA,NA
128.033,2.2478,10.6561,1.2475,17.3871,NA,NA,NA,NA,NA,NA,NA,NA,NA,NA,NA,NA
128.136,2.2369,10.1173,1.2470,17.3374,NA,NA,NA,NA,NA,NA,NA,NA,NA,NA,NA,NA
128.224,2.2347,10.0088,1.2468,17.3178,NA,NA,NA,NA,NA,NA,NA,NA,NA,NA,NA,NA
128.322,2.2320,9.8790,1.2465,17.2854,NA,NA,NA,NA,NA,NA,NA,NA,NA,NA,NA,NA
128.419,2.2687,11.6843,1.2505,17.6629,NA,NA,NA,NA,NA,NA,NA,NA,NA,NA,NA,NA
128.523,2.3183,14.1247,1.2671,19.2316,NA,NA,NA,NA,NA,NA,NA,NA,NA,NA,NA,NA
128.618,2.3824,17.2809,1.2862,21.0253,NA,NA,NA,NA,NA,NA,NA,NA,NA,NA,NA,NA
128.711,2.4187,19.0699,1.3027,22.5746,NA,NA,NA,NA,NA,NA,NA,NA,NA,NA,NA,NA
128.810,2.4664,21.4186,1.3222,24.4131,NA,NA,NA,NA,NA,NA,NA,NA,NA,NA,NA,NA
128.909,2.5009,23.1179,1.3382,25.9166,NA,NA,NA,NA,NA,NA,NA,NA,NA,NA,NA,NA
129.010,2.5308,24.5880,1.3551,27.5048,NA,NA,NA,NA,NA,NA,NA,NA,NA,NA,NA,NA
129.101,2.5888,27.4439,1.3649,28.4335,NA,NA,NA,NA,NA,NA,NA,NA,NA,NA,NA,NA
129.205,2.6070,28.3398,1.3771,29.5798,NA,NA,NA,NA,NA,NA,NA,NA,NA,NA,NA,NA
129.351,2.6640,31.1469,1.3910,30.8860,NA,NA,NA,NA,NA,NA,NA,NA,NA,NA,NA,NA
129.397,2.6953,32.6833,1.4003,31.7624,NA,NA,NA,NA,NA,NA,NA,NA,NA,NA,NA,NA
129.505,2.7361,34.6944,1.4089,32.5724,NA,NA,NA,NA,NA,NA,NA,NA,NA,NA,NA,NA
129.594,2.7513,35.4431,1.4171,33.3436,NA,NA,NA,NA,NA,NA,NA,NA,NA,NA,NA,NA
129.687,2.7690,36.3154,1.4293,34.4942,NA,NA,NA,NA,NA,NA,NA,NA,NA,NA,NA,NA
129.794,2.7888,37.2881,1.4342,34.9554,NA,NA,NA,NA,NA,NA,NA,NA,NA,NA,NA,NA
129.952,2.8080,38.2339,1.4363,35.1521,NA,NA,NA,NA,NA,NA,NA,NA,NA,NA,NA,NA
129.984,2.8117,38.4167,1.4404,35.5373,NA,NA,NA,NA,NA,NA,NA,NA,NA,NA,NA,NA
130.082,2.8117,38.4167,1.4424,35.7219,NA,NA,NA,NA,NA,NA,NA,NA,NA,NA,NA,NA
130.178,2.8097,38.3157,1.4424,35.7219,NA,NA,NA,NA,NA,NA,NA,NA,NA,NA,NA,NA
130.280,2.7988,37.7826,1.4383,35.3419,NA,NA,NA,NA,NA,NA,NA,NA,NA,NA,NA,NA
130.375,2.7895,37.3245,1.4382,35.3315,NA,NA,NA,NA,NA,NA,NA,NA,NA,NA,NA,NA
130.477,2.7775,36.7333,1.4351,35.0379,NA,NA,NA,NA,NA,NA,NA,NA,NA,NA,NA,NA
130.602,2.7659,36.1604,1.4302,34.5712,NA,NA,NA,NA,NA,NA,NA,NA,NA,NA,NA,NA
130.671,2.7555,35.6487,1.4247,34.0614,NA,NA,NA,NA,NA,NA,NA,NA,NA,NA,NA,NA
130.769,2.7298,34.3823,1.4210,33.7137,NA,NA,NA,NA,NA,NA,NA,NA,NA,NA,NA,NA
130.879,2.7153,33.6692,1.4146,33.1057,NA,NA,NA,NA,NA,NA,NA,NA,NA,NA,NA,NA
130.961,2.6900,32.4231,1.4117,32.8345,NA,NA,NA,NA,NA,NA,NA,NA,NA,NA,NA,NA
131.066,2.6802,31.9412,1.4069,32.3792,NA,NA,NA,NA,NA,NA,NA,NA,NA,NA,NA,NA
131.217,2.6602,30.9592,1.4039,32.1050,NA,NA,NA,NA,NA,NA,NA,NA,NA,NA,NA,NA
131.252,2.6514,30.5269,1.4017,31.8957,NA,NA,NA,NA,NA,NA,NA,NA,NA,NA,NA,NA
131.360,2.6481,30.3631,1.3986,31.5996,NA,NA,NA,NA,NA,NA,NA,NA,NA,NA,NA,NA
131.454,2.6359,29.7597,1.3961,31.3640,NA,NA,NA,NA,NA,NA,NA,NA,NA,NA,NA,NA
131.553,2.6339,29.6607,1.3901,30.7974,NA,NA,NA,NA,NA,NA,NA,NA,NA,NA,NA,NA
131.651,2.6246,29.2076,1.3852,30.3375,NA,NA,NA,NA,NA,NA,NA,NA,NA,NA,NA,NA
131.792,2.5987,27.9315,1.3840,30.2266,NA,NA,NA,NA,NA,NA,NA,NA,NA,NA,NA,NA
131.847,2.5978,27.8859,1.3825,30.0876,NA,NA,NA,NA,NA,NA,NA,NA,NA,NA,NA,NA
131.939,2.5907,27.5364,1.3818,30.0238,NA,NA,NA,NA,NA,NA,NA,NA,NA,NA,NA,NA
132.057,2.5907,27.5364,1.3798,29.8326,NA,NA,NA,NA,NA,NA,NA,NA,NA,NA,NA,NA
132.141,2.5831,27.1614,1.3793,29.7856,NA,NA,NA,NA,NA,NA,NA,NA,NA,NA,NA,NA
132.233,2.5831,27.1614,1.3785,29.7123,NA,NA,NA,NA,NA,NA,NA,NA,NA,NA,NA,NA
132.354,2.5635,26.1953,1.3767,29.5374,NA,NA,NA,NA,NA,NA,NA,NA,NA,NA,NA,NA
132.429,2.5635,26.1953,1.3749,29.3759,NA,NA,NA,NA,NA,NA,NA,NA,NA,NA,NA,NA
132.531,2.5507,25.5696,1.3727,29.1691,NA,NA,NA,NA,NA,NA,NA,NA,NA,NA,NA,NA
132.628,2.5463,25.3522,1.3717,29.0748,NA,NA,NA,NA,NA,NA,NA,NA,NA,NA,NA,NA
132.725,2.5415,25.1161,1.3699,28.8984,NA,NA,NA,NA,NA,NA,NA,NA,NA,NA,NA,NA
132.836,2.5432,25.2003,1.3687,28.7840,NA,NA,NA,NA,NA,NA,NA,NA,NA,NA,NA,NA
132.922,2.5432,25.2003,1.3678,28.7075,NA,NA,NA,NA,NA,NA,NA,NA,NA,NA,NA,NA
133.030,2.5375,24.9189,1.3652,28.4582,NA,NA,NA,NA,NA,NA,NA,NA,NA,NA,NA,NA
133.115,2.5375,24.9189,1.3639,28.3334,NA,NA,NA,NA,NA,NA,NA,NA,NA,NA,NA,NA
133.212,2.5310,24.5960,1.3630,28.2500,NA,NA,NA,NA,NA,NA,NA,NA,NA,NA,NA,NA
133.312,2.5266,24.3817,1.3623,28.1818,NA,NA,NA,NA,NA,NA,NA,NA,NA,NA,NA,NA
133.409,2.5239,24.2469,1.3609,28.0537,NA,NA,NA,NA,NA,NA,NA,NA,NA,NA,NA,NA
133.507,2.5211,24.1076,1.3608,28.0410,NA,NA,NA,NA,NA,NA,NA,NA,NA,NA,NA,NA
133.630,2.5197,24.0407,1.3595,27.9220,NA,NA,NA,NA,NA,NA,NA,NA,NA,NA,NA,NA
133.707,2.5184,23.9765,1.3575,27.7333,NA,NA,NA,NA,NA,NA,NA,NA,NA,NA,NA,NA
133.803,2.5181,23.9612,1.3559,27.5863,NA,NA,NA,NA,NA,NA,NA,NA,NA,NA,NA,NA
133.912,2.5144,23.7778,1.3556,27.5576,NA,NA,NA,NA,NA,NA,NA,NA,NA,NA,NA,NA
134.006,2.5121,23.6675,1.3547,27.4686,NA,NA,NA,NA,NA,NA,NA,NA,NA,NA,NA,NA
134.117,2.5041,23.2723,1.3540,27.4064,NA,NA,NA,NA,NA,NA,NA,NA,NA,NA,NA,NA
134.205,2.4884,22.4989,1.3523,27.2487,NA,NA,NA,NA,NA,NA,NA,NA,NA,NA,NA,NA
134.297,2.4875,22.4542,1.3523,27.2418,NA,NA,NA,NA,NA,NA,NA,NA,NA,NA,NA,NA
134.388,2.4916,22.6599,1.3523,27.2418,NA,NA,NA,NA,NA,NA,NA,NA,NA,NA,NA,NA
134.492,2.4916,22.6599,1.3506,27.0858,NA,NA,NA,NA,NA,NA,NA,NA,NA,NA,NA,NA
134.590,2.4871,22.4354,1.3505,27.0777,NA,NA,NA,NA,NA,NA,NA,NA,NA,NA,NA,NA
134.712,2.4871,22.4354,1.3496,26.9913,NA,NA,NA,NA,NA,NA,NA,NA,NA,NA,NA,NA
134.782,2.4839,22.2775,1.3496,26.9913,NA,NA,NA,NA,NA,NA,NA,NA,NA,NA,NA,NA
134.888,2.4839,22.2775,1.3472,26.7629,NA,NA,NA,NA,NA,NA,NA,NA,NA,NA,NA,NA
134.980,2.4721,21.6974,1.3452,26.5737,NA,NA,NA,NA,NA,NA,NA,NA,NA,NA,NA,NA
135.079,2.4727,21.7265,1.3455,26.6070,NA,NA,NA,NA,NA,NA,NA,NA,NA,NA,NA,NA
135.171,2.4727,21.7265,1.3455,26.6070,NA,NA,NA,NA,NA,NA,NA,NA,NA,NA,NA,NA
135.276,2.4715,21.6683,1.3449,26.5479,NA,NA,NA,NA,NA,NA,NA,NA,NA,NA,NA,NA
135.401,2.4732,21.7516,1.3444,26.5004,NA,NA,NA,NA,NA,NA,NA,NA,NA,NA,NA,NA
135.479,2.4741,21.7982,1.3428,26.3532,NA,NA,NA,NA,NA,NA,NA,NA,NA,NA,NA,NA
135.563,2.4741,21.7982,1.3425,26.3268,NA,NA,NA,NA,NA,NA,NA,NA,NA,NA,NA,NA
135.664,2.4684,21.5135,1.3418,26.2612,NA,NA,NA,NA,NA,NA,NA,NA,NA,NA,NA,NA
135.766,2.4662,21.4087,1.3414,26.2200,NA,NA,NA,NA,NA,NA,NA,NA,NA,NA,NA,NA
135.857,2.4629,21.2465,1.3404,26.1212,NA,NA,NA,NA,NA,NA,NA,NA,NA,NA,NA,NA
136.004,2.4629,21.2465,1.3399,26.0783,NA,NA,NA,NA,NA,NA,NA,NA,NA,NA,NA,NA
136.058,2.4561,20.9079,1.3394,26.0280,NA,NA,NA,NA,NA,NA,NA,NA,NA,NA,NA,NA
136.151,2.4548,20.8478,1.3391,26.0000,NA,NA,NA,NA,NA,NA,NA,NA,NA,NA,NA,NA
136.254,2.4499,20.6039,1.3386,25.9563,NA,NA,NA,NA,NA,NA,NA,NA,NA,NA,NA,NA
136.350,2.4527,20.7438,1.3386,25.9563,NA,NA,NA,NA,NA,NA,NA,NA,NA,NA,NA,NA
136.444,2.4527,20.7438,1.3361,25.7216,NA,NA,NA,NA,NA,NA,NA,NA,NA,NA,NA,NA
136.576,2.4546,20.8372,1.3336,25.4880,NA,NA,NA,NA,NA,NA,NA,NA,NA,NA,NA,NA
136.639,2.4546,20.8372,1.3335,25.4717,NA,NA,NA,NA,NA,NA,NA,NA,NA,NA,NA,NA
136.736,2.4524,20.7305,1.3341,25.5280,NA,NA,NA,NA,NA,NA,NA,NA,NA,NA,NA,NA
136.842,2.4504,20.6272,1.3341,25.5280,NA,NA,NA,NA,NA,NA,NA,NA,NA,NA,NA,NA
136.938,2.4477,20.4947,1.3338,25.5002,NA,NA,NA,NA,NA,NA,NA,NA,NA,NA,NA,NA
137.031,2.4477,20.4947,1.3338,25.5002,NA,NA,NA,NA,NA,NA,NA,NA,NA,NA,NA,NA
137.151,2.4445,20.3408,1.3299,25.1411,NA,NA,NA,NA,NA,NA,NA,NA,NA,NA,NA,NA
137.236,2.4489,20.5580,1.3297,25.1209,NA,NA,NA,NA,NA,NA,NA,NA,NA,NA,NA,NA
137.326,2.4489,20.5580,1.3292,25.0694,NA,NA,NA,NA,NA,NA,NA,NA,NA,NA,NA,NA
137.426,2.4463,20.4260,1.3292,25.0694,NA,NA,NA,NA,NA,NA,NA,NA,NA,NA,NA,NA
137.525,2.4463,20.4260,1.3299,25.1392,NA,NA,NA,NA,NA,NA,NA,NA,NA,NA,NA,NA
137.629,2.4423,20.2302,1.3299,25.1392,NA,NA,NA,NA,NA,NA,NA,NA,NA,NA,NA,NA
137.777,2.4386,20.0478,1.3276,24.9248,NA,NA,NA,NA,NA,NA,NA,NA,NA,NA,NA,NA
137.814,2.4386,20.0478,1.3271,24.8769,NA,NA,NA,NA,NA,NA,NA,NA,NA,NA,NA,NA
137.920,2.4312,19.6855,1.3271,24.8769,NA,NA,NA,NA,NA,NA,NA,NA,NA,NA,NA,NA
138.025,2.4298,19.6148,1.3261,24.7828,NA,NA,NA,NA,NA,NA,NA,NA,NA,NA,NA,NA
138.115,2.4249,19.3731,1.3261,24.7828,NA,NA,NA,NA,NA,NA,NA,NA,NA,NA,NA,NA
138.218,2.4249,19.3731,1.3269,24.8512,NA,NA,NA,NA,NA,NA,NA,NA,NA,NA,NA,NA
138.336,2.4228,19.2714,1.3269,24.8512,NA,NA,NA,NA,NA,NA,NA,NA,NA,NA,NA,NA
138.407,2.4228,19.2714,1.3266,24.8274,NA,NA,NA,NA,NA,NA,NA,NA,NA,NA,NA,NA
138.501,2.4216,19.2112,1.3257,24.7461,NA,NA,NA,NA,NA,NA,NA,NA,NA,NA,NA,NA
138.601,2.4174,19.0032,1.3250,24.6782,NA,NA,NA,NA,NA,NA,NA,NA,NA,NA,NA,NA
138.710,2.4174,19.0032,1.3236,24.5455,NA,NA,NA,NA,NA,NA,NA,NA,NA,NA,NA,NA
138.800,2.4145,18.8640,1.3233,24.5153,NA,NA,NA,NA,NA,NA,NA,NA,NA,NA,NA,NA
138.896,2.4132,18.8006,1.3228,24.4686,NA,NA,NA,NA,NA,NA,NA,NA,NA,NA,NA,NA
138.998,2.4100,18.6384,1.3221,24.4005,NA,NA,NA,NA,NA,NA,NA,NA,NA,NA,NA,NA
139.089,2.4105,18.6659,1.3220,24.3920,NA,NA,NA,NA,NA,NA,NA,NA,NA,NA,NA,NA
139.190,2.4105,18.6659,1.3220,24.3920,NA,NA,NA,NA,NA,NA,NA,NA,NA,NA,NA,NA
139.287,2.4083,18.5590,1.3187,24.0873,NA,NA,NA,NA,NA,NA,NA,NA,NA,NA,NA,NA
139.388,2.4077,18.5295,1.3176,23.9824,NA,NA,NA,NA,NA,NA,NA,NA,NA,NA,NA,NA
139.479,2.4112,18.6976,1.3174,23.9603,NA,NA,NA,NA,NA,NA,NA,NA,NA,NA,NA,NA
139.582,2.4112,18.6976,1.3164,23.8627,NA,NA,NA,NA,NA,NA,NA,NA,NA,NA,NA,NA
139.675,2.4046,18.3726,1.3158,23.8128,NA,NA,NA,NA,NA,NA,NA,NA,NA,NA,NA,NA
139.773,2.4046,18.3726,1.3158,23.8128,NA,NA,NA,NA,NA,NA,NA,NA,NA,NA,NA,NA
139.870,2.3997,18.1357,1.3157,23.7975,NA,NA,NA,NA,NA,NA,NA,NA,NA,NA,NA,NA
139.974,2.3992,18.1078,1.3157,23.7975,NA,NA,NA,NA,NA,NA,NA,NA,NA,NA,NA,NA
140.066,2.3976,18.0310,1.3145,23.6881,NA,NA,NA,NA,NA,NA,NA,NA,NA,NA,NA,NA
140.220,2.3943,17.8695,1.3140,23.6437,NA,NA,NA,NA,NA,NA,NA,NA,NA,NA,NA,NA
140.265,2.3921,17.7599,1.3133,23.5765,NA,NA,NA,NA,NA,NA,NA,NA,NA,NA,NA,NA
140.374,2.3944,17.8705,1.3133,23.5765,NA,NA,NA,NA,NA,NA,NA,NA,NA,NA,NA,NA
140.463,2.3944,17.8705,1.3134,23.5841,NA,NA,NA,NA,NA,NA,NA,NA,NA,NA,NA,NA
140.560,2.3902,17.6674,1.3134,23.5841,NA,NA,NA,NA,NA,NA,NA,NA,NA,NA,NA,NA
140.660,2.3902,17.6674,1.3133,23.5785,NA,NA,NA,NA,NA,NA,NA,NA,NA,NA,NA,NA
140.765,2.3830,17.3134,1.3128,23.5264,NA,NA,NA,NA,NA,NA,NA,NA,NA,NA,NA,NA
140.869,2.3787,17.0984,1.3123,23.4798,NA,NA,NA,NA,NA,NA,NA,NA,NA,NA,NA,NA
140.956,2.3787,17.0984,1.3111,23.3712,NA,NA,NA,NA,NA,NA,NA,NA,NA,NA,NA,NA
141.045,2.3802,17.1760,1.3102,23.2863,NA,NA,NA,NA,NA,NA,NA,NA,NA,NA,NA,NA
141.151,2.3802,17.1760,1.3095,23.2144,NA,NA,NA,NA,NA,NA,NA,NA,NA,NA,NA,NA
141.249,2.3804,17.1852,1.3087,23.1412,NA,NA,NA,NA,NA,NA,NA,NA,NA,NA,NA,NA
141.339,2.3804,17.1852,1.3086,23.1289,NA,NA,NA,NA,NA,NA,NA,NA,NA,NA,NA,NA
141.440,2.3738,16.8602,1.3086,23.1289,NA,NA,NA,NA,NA,NA,NA,NA,NA,NA,NA,NA
141.540,2.3690,16.6235,1.3079,23.0685,NA,NA,NA,NA,NA,NA,NA,NA,NA,NA,NA,NA
141.641,2.3690,16.6235,1.3067,22.9510,NA,NA,NA,NA,NA,NA,NA,NA,NA,NA,NA,NA
141.732,2.3631,16.3311,1.3047,22.7665,NA,NA,NA,NA,NA,NA,NA,NA,NA,NA,NA,NA
141.831,2.3628,16.3150,1.3041,22.7093,NA,NA,NA,NA,NA,NA,NA,NA,NA,NA,NA,NA
141.966,2.3654,16.4431,1.3032,22.6288,NA,NA,NA,NA,NA,NA,NA,NA,NA,NA,NA,NA
142.033,2.3654,16.4431,1.3025,22.5596,NA,NA,NA,NA,NA,NA,NA,NA,NA,NA,NA,NA
142.127,2.3606,16.2097,1.3007,22.3904,NA,NA,NA,NA,NA,NA,NA,NA,NA,NA,NA,NA
142.225,2.3606,16.2097,1.3001,22.3374,NA,NA,NA,NA,NA,NA,NA,NA,NA,NA,NA,NA
142.321,2.3580,16.0817,1.3004,22.3572,NA,NA,NA,NA,NA,NA,NA,NA,NA,NA,NA,NA
142.416,2.3552,15.9408,1.3004,22.3572,NA,NA,NA,NA,NA,NA,NA,NA,NA,NA,NA,NA
142.527,2.3550,15.9321,1.2997,22.2930,NA,NA,NA,NA,NA,NA,NA,NA,NA,NA,NA,NA
142.614,2.3550,15.9321,1.2997,22.2930,NA,NA,NA,NA,NA,NA,NA,NA,NA,NA,NA,NA
142.716,2.3522,15.7953,1.2995,22.2773,NA,NA,NA,NA,NA,NA,NA,NA,NA,NA,NA,NA
142.813,2.3522,15.7953,1.2996,22.2904,NA,NA,NA,NA,NA,NA,NA,NA,NA,NA,NA,NA
142.914,2.3517,15.7706,1.2996,22.2904,NA,NA,NA,NA,NA,NA,NA,NA,NA,NA,NA,NA
143.016,2.3455,15.4670,1.2985,22.1874,NA,NA,NA,NA,NA,NA,NA,NA,NA,NA,NA,NA
143.162,2.3444,15.4103,1.2968,22.0249,NA,NA,NA,NA,NA,NA,NA,NA,NA,NA,NA,NA
143.199,2.3444,15.4121,1.2959,21.9391,NA,NA,NA,NA,NA,NA,NA,NA,NA,NA,NA,NA
143.296,2.3444,15.4121,1.2940,21.7637,NA,NA,NA,NA,NA,NA,NA,NA,NA,NA,NA,NA
143.395,2.3432,15.3518,1.2932,21.6852,NA,NA,NA,NA,NA,NA,NA,NA,NA,NA,NA,NA
143.493,2.3427,15.3295,1.2932,21.6852,NA,NA,NA,NA,NA,NA,NA,NA,NA,NA,NA,NA
143.597,2.3412,15.2517,1.2918,21.5501,NA,NA,NA,NA,NA,NA,NA,NA,NA,NA,NA,NA
143.697,2.3382,15.1074,1.2923,21.6024,NA,NA,NA,NA,NA,NA,NA,NA,NA,NA,NA,NA
143.811,2.3382,15.1074,1.2923,21.6024,NA,NA,NA,NA,NA,NA,NA,NA,NA,NA,NA,NA
143.891,2.3368,15.0390,1.2907,21.4442,NA,NA,NA,NA,NA,NA,NA,NA,NA,NA,NA,NA
144.000,2.3368,15.0390,1.2900,21.3815,NA,NA,NA,NA,NA,NA,NA,NA,NA,NA,NA,NA
144.085,2.3364,15.0196,1.2894,21.3311,NA,NA,NA,NA,NA,NA,NA,NA,NA,NA,NA,NA
144.185,2.3359,14.9909,1.2888,21.2744,NA,NA,NA,NA,NA,NA,NA,NA,NA,NA,NA,NA
144.331,2.3314,14.7709,1.2885,21.2395,NA,NA,NA,NA,NA,NA,NA,NA,NA,NA,NA,NA
144.375,2.3300,14.7044,1.2882,21.2153,NA,NA,NA,NA,NA,NA,NA,NA,NA,NA,NA,NA
144.476,2.3300,14.7044,1.2871,21.1098,NA,NA,NA,NA,NA,NA,NA,NA,NA,NA,NA,NA
144.576,2.3207,14.2444,1.2859,20.9950,NA,NA,NA,NA,NA,NA,NA,NA,NA,NA,NA,NA
144.667,2.3174,14.0841,1.2852,20.9303,NA,NA,NA,NA,NA,NA,NA,NA,NA,NA,NA,NA
144.771,2.3204,14.2294,1.2847,20.8836,NA,NA,NA,NA,NA,NA,NA,NA,NA,NA,NA,NA
144.867,2.3204,14.2294,1.2835,20.7752,NA,NA,NA,NA,NA,NA,NA,NA,NA,NA,NA,NA
144.968,2.3197,14.1964,1.2823,20.6567,NA,NA,NA,NA,NA,NA,NA,NA,NA,NA,NA,NA
145.083,2.3197,14.1964,1.2827,20.6944,NA,NA,NA,NA,NA,NA,NA,NA,NA,NA,NA,NA
145.166,2.3191,14.1659,1.2827,20.6944,NA,NA,NA,NA,NA,NA,NA,NA,NA,NA,NA,NA
145.261,2.3176,14.0905,1.2822,20.6527,NA,NA,NA,NA,NA,NA,NA,NA,NA,NA,NA,NA
145.358,2.3176,14.0905,1.2821,20.6366,NA,NA,NA,NA,NA,NA,NA,NA,NA,NA,NA,NA
145.458,2.3137,13.8982,1.2814,20.5726,NA,NA,NA,NA,NA,NA,NA,NA,NA,NA,NA,NA
145.595,2.3112,13.7746,1.2814,20.5726,NA,NA,NA,NA,NA,NA,NA,NA,NA,NA,NA,NA
145.646,2.3064,13.5384,1.2809,20.5225,NA,NA,NA,NA,NA,NA,NA,NA,NA,NA,NA,NA
145.748,2.3055,13.4943,1.2801,20.4495,NA,NA,NA,NA,NA,NA,NA,NA,NA,NA,NA,NA
145.848,2.3010,13.2771,1.2792,20.3708,NA,NA,NA,NA,NA,NA,NA,NA,NA,NA,NA,NA
145.941,2.2984,13.1458,1.2786,20.3104,NA,NA,NA,NA,NA,NA,NA,NA,NA,NA,NA,NA
146.048,2.2984,13.1458,1.2783,20.2823,NA,NA,NA,NA,NA,NA,NA,NA,NA,NA,NA,NA
146.165,2.2955,13.0048,1.2775,20.2100,NA,NA,NA,NA,NA,NA,NA,NA,NA,NA,NA,NA
146.238,2.2955,13.0048,1.2759,20.0575,NA,NA,NA,NA,NA,NA,NA,NA,NA,NA,NA,NA
146.336,2.2998,13.2179,1.2767,20.1271,NA,NA,NA,NA,NA,NA,NA,NA,NA,NA,NA,NA
146.433,2.3006,13.2540,1.2768,20.1433,NA,NA,NA,NA,NA,NA,NA,NA,NA,NA,NA,NA
146.531,2.3010,13.2736,1.2768,20.1433,NA,NA,NA,NA,NA,NA,NA,NA,NA,NA,NA,NA
146.631,2.3017,13.3085,1.2768,20.1382,NA,NA,NA,NA,NA,NA,NA,NA,NA,NA,NA,NA
146.733,2.3017,13.3085,1.2760,20.0644,NA,NA,NA,NA,NA,NA,NA,NA,NA,NA,NA,NA
146.819,2.3008,13.2648,1.2756,20.0303,NA,NA,NA,NA,NA,NA,NA,NA,NA,NA,NA,NA
146.918,2.3002,13.2353,1.2750,19.9669,NA,NA,NA,NA,NA,NA,NA,NA,NA,NA,NA,NA
147.018,2.2942,12.9386,1.2737,19.8482,NA,NA,NA,NA,NA,NA,NA,NA,NA,NA,NA,NA
147.114,2.2916,12.8128,1.2724,19.7267,NA,NA,NA,NA,NA,NA,NA,NA,NA,NA,NA,NA
147.210,2.2943,12.9440,1.2724,19.7267,NA,NA,NA,NA,NA,NA,NA,NA,NA,NA,NA,NA
147.309,2.2943,12.9440,1.2715,19.6395,NA,NA,NA,NA,NA,NA,NA,NA,NA,NA,NA,NA
147.411,2.2905,12.7561,1.2708,19.5721,NA,NA,NA,NA,NA,NA,NA,NA,NA,NA,NA,NA
147.515,2.2905,12.7561,1.2709,19.5867,NA,NA,NA,NA,NA,NA,NA,NA,NA,NA,NA,NA
147.608,2.2885,12.6600,1.2709,19.5867,NA,NA,NA,NA,NA,NA,NA,NA,NA,NA,NA,NA
147.702,2.2878,12.6257,1.2706,19.5564,NA,NA,NA,NA,NA,NA,NA,NA,NA,NA,NA,NA
147.803,2.2761,12.0491,1.2691,19.4195,NA,NA,NA,NA,NA,NA,NA,NA,NA,NA,NA,NA
147.942,2.2775,12.1191,1.2690,19.4061,NA,NA,NA,NA,NA,NA,NA,NA,NA,NA,NA,NA
148.008,2.2791,12.1973,1.2683,19.3380,NA,NA,NA,NA,NA,NA,NA,NA,NA,NA,NA,NA
148.098,2.2800,12.2390,1.2680,19.3101,NA,NA,NA,NA,NA,NA,NA,NA,NA,NA,NA,NA
148.193,2.2800,12.2390,1.2675,19.2617,NA,NA,NA,NA,NA,NA,NA,NA,NA,NA,NA,NA
148.301,2.2813,12.3065,1.2646,18.9956,NA,NA,NA,NA,NA,NA,NA,NA,NA,NA,NA,NA
148.395,2.2813,12.3065,1.2640,18.9333,NA,NA,NA,NA,NA,NA,NA,NA,NA,NA,NA,NA
148.492,2.2795,12.2169,1.2635,18.8852,NA,NA,NA,NA,NA,NA,NA,NA,NA,NA,NA,NA
148.588,2.2782,12.1502,1.2635,18.8852,NA,NA,NA,NA,NA,NA,NA,NA,NA,NA,NA,NA
148.690,2.2752,12.0068,1.2631,18.8495,NA,NA,NA,NA,NA,NA,NA,NA,NA,NA,NA,NA
148.780,2.2820,12.3392,1.2631,18.8495,NA,NA,NA,NA,NA,NA,NA,NA,NA,NA,NA,NA
148.881,2.2820,12.3392,1.2625,18.7982,NA,NA,NA,NA,NA,NA,NA,NA,NA,NA,NA,NA
148.978,2.2780,12.1413,1.2614,18.6883,NA,NA,NA,NA,NA,NA,NA,NA,NA,NA,NA,NA
149.075,2.2768,12.0818,1.2608,18.6365,NA,NA,NA,NA,NA,NA,NA,NA,NA,NA,NA,NA
149.214,2.2723,11.8612,1.2609,18.6439,NA,NA,NA,NA,NA,NA,NA,NA,NA,NA,NA,NA
149.275,2.2713,11.8132,1.2609,18.6439,NA,NA,NA,NA,NA,NA,NA,NA,NA,NA,NA,NA
149.368,2.2701,11.7545,1.2609,18.6439,NA,NA,NA,NA,NA,NA,NA,NA,NA,NA,NA,NA
149.463,2.2737,11.9322,1.2599,18.5517,NA,NA,NA,NA,NA,NA,NA,NA,NA,NA,NA,NA
149.571,2.2737,11.9322,1.2603,18.5856,NA,NA,NA,NA,NA,NA,NA,NA,NA,NA,NA,NA
149.659,2.2766,12.0720,1.2603,18.5856,NA,NA,NA,NA,NA,NA,NA,NA,NA,NA,NA,NA
149.760,2.2766,12.0720,1.2586,18.4240,NA,NA,NA,NA,NA,NA,NA,NA,NA,NA,NA,NA
149.857,2.2667,11.5869,1.2570,18.2823,NA,NA,NA,NA,NA,NA,NA,NA,NA,NA,NA,NA
149.955,2.2667,11.5869,1.2569,18.2724,NA,NA,NA,NA,NA,NA,NA,NA,NA,NA,NA,NA
150.058,2.2658,11.5426,1.2570,18.2778,NA,NA,NA,NA,NA,NA,NA,NA,NA,NA,NA,NA
150.157,2.2621,11.3575,1.2570,18.2778,NA,NA,NA,NA,NA,NA,NA,NA,NA,NA,NA,NA
150.260,2.2574,11.1310,1.2561,18.1914,NA,NA,NA,NA,NA,NA,NA,NA,NA,NA,NA,NA
150.399,2.2565,11.0860,1.2553,18.1166,NA,NA,NA,NA,NA,NA,NA,NA,NA,NA,NA,NA
150.449,2.2565,11.0860,1.2543,18.0283,NA,NA,NA,NA,NA,NA,NA,NA,NA,NA,NA,NA
150.548,2.2560,11.0584,1.2530,17.9022,NA,NA,NA,NA,NA,NA,NA,NA,NA,NA,NA,NA
150.651,2.2565,11.0847,1.2526,17.8650,NA,NA,NA,NA,NA,NA,NA,NA,NA,NA,NA,NA
150.742,2.2565,11.0847,1.2524,17.8461,NA,NA,NA,NA,NA,NA,NA,NA,NA,NA,NA,NA
150.852,2.2556,11.0389,1.2524,17.8407,NA,NA,NA,NA,NA,NA,NA,NA,NA,NA,NA,NA
150.934,2.2542,10.9708,1.2526,17.8632,NA,NA,NA,NA,NA,NA,NA,NA,NA,NA,NA,NA
151.040,2.2535,10.9366,1.2526,17.8632,NA,NA,NA,NA,NA,NA,NA,NA,NA,NA,NA,NA
151.140,2.2535,10.9366,1.2512,17.7306,NA,NA,NA,NA,NA,NA,NA,NA,NA,NA,NA,NA
151.227,2.2548,10.9993,1.2508,17.6938,NA,NA,NA,NA,NA,NA,NA,NA,NA,NA,NA,NA
151.329,2.2548,10.9993,1.2506,17.6711,NA,NA,NA,NA,NA,NA,NA,NA,NA,NA,NA,NA
151.440,2.2521,10.8677,1.2498,17.5991,NA,NA,NA,NA,NA,NA,NA,NA,NA,NA,NA,NA
151.551,2.2521,10.8677,1.2471,17.3421,NA,NA,NA,NA,NA,NA,NA,NA,NA,NA,NA,NA
151.622,2.2422,10.3802,1.2459,17.2309,NA,NA,NA,NA,NA,NA,NA,NA,NA,NA,NA,NA
151.719,2.2460,10.5688,1.2457,17.2158,NA,NA,NA,NA,NA,NA,NA,NA,NA,NA,NA,NA
151.829,2.2460,10.5688,1.2447,17.1181,NA,NA,NA,NA,NA,NA,NA,NA,NA,NA,NA,NA
151.913,2.2463,10.5800,1.2447,17.1181,NA,NA,NA,NA,NA,NA,NA,NA,NA,NA,NA,NA
152.022,2.2463,10.5800,1.2441,17.0648,NA,NA,NA,NA,NA,NA,NA,NA,NA,NA,NA,NA
152.108,2.2453,10.5352,1.2428,16.9451,NA,NA,NA,NA,NA,NA,NA,NA,NA,NA,NA,NA
152.207,2.2453,10.5352,1.2423,16.8914,NA,NA,NA,NA,NA,NA,NA,NA,NA,NA,NA,NA
152.307,2.2355,10.0521,1.2419,16.8562,NA,NA,NA,NA,NA,NA,NA,NA,NA,NA,NA,NA
152.408,2.2336,9.9591,1.2408,16.7561,NA,NA,NA,NA,NA,NA,NA,NA,NA,NA,NA,NA
152.511,2.2334,9.9486,1.2402,16.6965,NA,NA,NA,NA,NA,NA,NA,NA,NA,NA,NA,NA
152.602,2.2360,10.0747,1.2394,16.6174,NA,NA,NA,NA,NA,NA,NA,NA,NA,NA,NA,NA
152.774,2.2360,10.0747,1.2387,16.5557,NA,NA,NA,NA,NA,NA,NA,NA,NA,NA,NA,NA
152.799,2.2371,10.1316,1.2372,16.4188,NA,NA,NA,NA,NA,NA,NA,NA,NA,NA,NA,NA
152.900,2.2371,10.1316,1.2369,16.3855,NA,NA,NA,NA,NA,NA,NA,NA,NA,NA,NA,NA
152.992,2.2308,9.8179,1.2358,16.2848,NA,NA,NA,NA,NA,NA,NA,NA,NA,NA,NA,NA
153.103,2.2308,9.8179,1.2372,16.4155,NA,NA,NA,NA,NA,NA,NA,NA,NA,NA,NA,NA
153.199,2.2397,10.2593,1.2410,16.7700,NA,NA,NA,NA,NA,NA,NA,NA,NA,NA,NA,NA
153.291,2.2649,11.4981,1.2474,17.3702,NA,NA,NA,NA,NA,NA,NA,NA,NA,NA,NA,NA
153.384,2.3037,13.4061,1.2585,18.4195,NA,NA,NA,NA,NA,NA,NA,NA,NA,NA,NA,NA
153.487,2.3513,15.7488,1.2677,19.2867,NA,NA,NA,NA,NA,NA,NA,NA,NA,NA,NA,NA
153.576,2.3654,16.4431,1.2780,20.2562,NA,NA,NA,NA,NA,NA,NA,NA,NA,NA,NA,NA
153.673,2.3820,17.2636,1.2821,20.6381,NA,NA,NA,NA,NA,NA,NA,NA,NA,NA,NA,NA
153.772,2.3820,17.2636,1.2839,20.8101,NA,NA,NA,NA,NA,NA,NA,NA,NA,NA,NA,NA
153.875,2.3780,17.0636,1.2839,20.8101,NA,NA,NA,NA,NA,NA,NA,NA,NA,NA,NA,NA
153.978,2.3769,17.0101,1.2843,20.8444,NA,NA,NA,NA,NA,NA,NA,NA,NA,NA,NA,NA
154.066,2.3667,16.5112,1.2843,20.8444,NA,NA,NA,NA,NA,NA,NA,NA,NA,NA,NA,NA
154.163,2.3667,16.5112,1.2836,20.7835,NA,NA,NA,NA,NA,NA,NA,NA,NA,NA,NA,NA
154.272,2.3523,15.8010,1.2801,20.4545,NA,NA,NA,NA,NA,NA,NA,NA,NA,NA,NA,NA
154.363,2.3472,15.5472,1.2794,20.3819,NA,NA,NA,NA,NA,NA,NA,NA,NA,NA,NA,NA
154.457,2.3337,14.8866,1.2764,20.1063,NA,NA,NA,NA,NA,NA,NA,NA,NA,NA,NA,NA
154.611,2.3305,14.7289,1.2761,20.0719,NA,NA,NA,NA,NA,NA,NA,NA,NA,NA,NA,NA
154.661,2.3263,14.5200,1.2726,19.7489,NA,NA,NA,NA,NA,NA,NA,NA,NA,NA,NA,NA
154.751,2.3170,14.0621,1.2711,19.6054,NA,NA,NA,NA,NA,NA,NA,NA,NA,NA,NA,NA
154.848,2.3132,13.8730,1.2695,19.4584,NA,NA,NA,NA,NA,NA,NA,NA,NA,NA,NA,NA
154.952,2.3127,13.8533,1.2686,19.3730,NA,NA,NA,NA,NA,NA,NA,NA,NA,NA,NA,NA
155.046,2.3143,13.9273,1.2692,19.4248,NA,NA,NA,NA,NA,NA,NA,NA,NA,NA,NA,NA
155.203,2.3270,14.5562,1.2768,20.1416,NA,NA,NA,NA,NA,NA,NA,NA,NA,NA,NA,NA
155.247,2.3476,15.5695,1.2846,20.8706,NA,NA,NA,NA,NA,NA,NA,NA,NA,NA,NA,NA
155.348,2.3895,17.6322,1.2981,22.1472,NA,NA,NA,NA,NA,NA,NA,NA,NA,NA,NA,NA
155.446,2.4272,19.4877,1.3075,23.0284,NA,NA,NA,NA,NA,NA,NA,NA,NA,NA,NA,NA
155.546,2.4584,21.0210,1.3208,24.2829,NA,NA,NA,NA,NA,NA,NA,NA,NA,NA,NA,NA
155.636,2.4994,23.0431,1.3324,25.3729,NA,NA,NA,NA,NA,NA,NA,NA,NA,NA,NA,NA
155.781,2.5180,23.9572,1.3432,26.3862,NA,NA,NA,NA,NA,NA,NA,NA,NA,NA,NA,NA
155.830,2.5504,25.5548,1.3549,27.4918,NA,NA,NA,NA,NA,NA,NA,NA,NA,NA,NA,NA
155.937,2.5673,26.3857,1.3598,27.9489,NA,NA,NA,NA,NA,NA,NA,NA,NA,NA,NA,NA
156.025,2.5967,27.8329,1.3663,28.5640,NA,NA,NA,NA,NA,NA,NA,NA,NA,NA,NA,NA
156.122,2.6164,28.7996,1.3757,29.4446,NA,NA,NA,NA,NA,NA,NA,NA,NA,NA,NA,NA
156.221,2.6329,29.6116,1.3823,30.0685,NA,NA,NA,NA,NA,NA,NA,NA,NA,NA,NA,NA
156.322,2.6564,30.7725,1.3874,30.5464,NA,NA,NA,NA,NA,NA,NA,NA,NA,NA,NA,NA
156.424,2.6634,31.1175,1.3917,30.9546,NA,NA,NA,NA,NA,NA,NA,NA,NA,NA,NA,NA
156.515,2.6993,32.8802,1.3970,31.4510,NA,NA,NA,NA,NA,NA,NA,NA,NA,NA,NA,NA
156.623,2.7106,33.4395,1.4024,31.9622,NA,NA,NA,NA,NA,NA,NA,NA,NA,NA,NA,NA
156.711,2.7154,33.6738,1.4091,32.5852,NA,NA,NA,NA,NA,NA,NA,NA,NA,NA,NA,NA
156.810,2.7277,34.2794,1.4137,33.0236,NA,NA,NA,NA,NA,NA,NA,NA,NA,NA,NA,NA
156.908,2.7337,34.5749,1.4197,33.5842,NA,NA,NA,NA,NA,NA,NA,NA,NA,NA,NA,NA
157.006,2.7675,36.2419,1.4225,33.8503,NA,NA,NA,NA,NA,NA,NA,NA,NA,NA,NA,NA
157.099,2.7706,36.3949,1.4307,34.6229,NA,NA,NA,NA,NA,NA,NA,NA,NA,NA,NA,NA
157.198,2.7871,37.2070,1.4344,34.9740,NA,NA,NA,NA,NA,NA,NA,NA,NA,NA,NA,NA
157.301,2.7871,37.2070,1.4364,35.1563,NA,NA,NA,NA,NA,NA,NA,NA,NA,NA,NA,NA
157.392,2.7827,36.9878,1.4375,35.2651,NA,NA,NA,NA,NA,NA,NA,NA,NA,NA,NA,NA
157.535,2.7804,36.8727,1.4378,35.2880,NA,NA,NA,NA,NA,NA,NA,NA,NA,NA,NA,NA
157.590,2.7725,36.4871,1.4380,35.3096,NA,NA,NA,NA,NA,NA,NA,NA,NA,NA,NA,NA
157.695,2.7640,36.0666,1.4380,35.3096,NA,NA,NA,NA,NA,NA,NA,NA,NA,NA,NA,NA
157.790,2.7601,35.8771,1.4361,35.1276,NA,NA,NA,NA,NA,NA,NA,NA,NA,NA,NA,NA
157.886,2.7565,35.6988,1.4336,34.8947,NA,NA,NA,NA,NA,NA,NA,NA,NA,NA,NA,NA
157.995,2.7511,35.4337,1.4324,34.7842,NA,NA,NA,NA,NA,NA,NA,NA,NA,NA,NA,NA
158.081,2.7255,34.1713,1.4312,34.6738,NA,NA,NA,NA,NA,NA,NA,NA,NA,NA,NA,NA
158.231,2.7175,33.7798,1.4261,34.1875,NA,NA,NA,NA,NA,NA,NA,NA,NA,NA,NA,NA
158.273,2.6990,32.8683,1.4200,33.6123,NA,NA,NA,NA,NA,NA,NA,NA,NA,NA,NA,NA
158.376,2.6921,32.5293,1.4152,33.1661,NA,NA,NA,NA,NA,NA,NA,NA,NA,NA,NA,NA
158.479,2.6837,32.1126,1.4131,32.9640,NA,NA,NA,NA,NA,NA,NA,NA,NA,NA,NA,NA
158.570,2.6781,31.8381,1.4119,32.8488,NA,NA,NA,NA,NA,NA,NA,NA,NA,NA,NA,NA
158.666,2.6627,31.0817,1.4103,32.7031,NA,NA,NA,NA,NA,NA,NA,NA,NA,NA,NA,NA
158.806,2.6602,30.9562,1.4075,32.4372,NA,NA,NA,NA,NA,NA,NA,NA,NA,NA,NA,NA
158.865,2.6486,30.3861,1.4040,32.1132,NA,NA,NA,NA,NA,NA,NA,NA,NA,NA,NA,NA
158.960,2.6362,29.7764,1.4012,31.8497,NA,NA,NA,NA,NA,NA,NA,NA,NA,NA,NA,NA
159.063,2.6348,29.7080,1.3995,31.6864,NA,NA,NA,NA,NA,NA,NA,NA,NA,NA,NA,NA
159.166,2.6359,29.7632,1.3985,31.5893,NA,NA,NA,NA,NA,NA,NA,NA,NA,NA,NA,NA
159.262,2.6359,29.7632,1.3971,31.4593,NA,NA,NA,NA,NA,NA,NA,NA,NA,NA,NA,NA
159.423,2.6222,29.0894,1.3964,31.3917,NA,NA,NA,NA,NA,NA,NA,NA,NA,NA,NA,NA
159.459,2.6138,28.6731,1.3948,31.2434,NA,NA,NA,NA,NA,NA,NA,NA,NA,NA,NA,NA
159.555,2.6097,28.4711,1.3923,31.0133,NA,NA,NA,NA,NA,NA,NA,NA,NA,NA,NA,NA
159.643,2.6061,28.2955,1.3909,30.8816,NA,NA,NA,NA,NA,NA,NA,NA,NA,NA,NA,NA
159.752,2.6054,28.2593,1.3906,30.8453,NA,NA,NA,NA,NA,NA,NA,NA,NA,NA,NA,NA
159.850,2.5934,27.6676,1.3900,30.7939,NA,NA,NA,NA,NA,NA,NA,NA,NA,NA,NA,NA
159.939,2.5920,27.6018,1.3891,30.7070,NA,NA,NA,NA,NA,NA,NA,NA,NA,NA,NA,NA
160.050,2.5920,27.5998,1.3882,30.6220,NA,NA,NA,NA,NA,NA,NA,NA,NA,NA,NA,NA
160.142,2.5920,27.5998,1.3861,30.4222,NA,NA,NA,NA,NA,NA,NA,NA,NA,NA,NA,NA
160.237,2.5744,26.7362,1.3844,30.2639,NA,NA,NA,NA,NA,NA,NA,NA,NA,NA,NA,NA
160.349,2.5744,26.7362,1.3840,30.2247,NA,NA,NA,NA,NA,NA,NA,NA,NA,NA,NA,NA
160.445,2.5741,26.7198,1.3830,30.1324,NA,NA,NA,NA,NA,NA,NA,NA,NA,NA,NA,NA
160.538,2.5741,26.7198,1.3819,30.0314,NA,NA,NA,NA,NA,NA,NA,NA,NA,NA,NA,NA
160.637,2.5741,26.7183,1.3814,29.9876,NA,NA,NA,NA,NA,NA,NA,NA,NA,NA,NA,NA
160.725,2.5681,26.4263,1.3796,29.8142,NA,NA,NA,NA,NA,NA,NA,NA,NA,NA,NA,NA
160.824,2.5652,26.2804,1.3784,29.7045,NA,NA,NA,NA,NA,NA,NA,NA,NA,NA,NA,NA
160.918,2.5588,25.9649,1.3784,29.7045,NA,NA,NA,NA,NA,NA,NA,NA,NA,NA,NA,NA
161.026,2.5592,25.9856,1.3763,29.5034,NA,NA,NA,NA,NA,NA,NA,NA,NA,NA,NA,NA
161.113,2.5592,25.9856,1.3750,29.3782,NA,NA,NA,NA,NA,NA,NA,NA,NA,NA,NA,NA
161.210,2.5612,26.0824,1.3748,29.3601,NA,NA,NA,NA,NA,NA,NA,NA,NA,NA,NA,NA
161.333,2.5612,26.0824,1.3741,29.2950,NA,NA,NA,NA,NA,NA,NA,NA,NA,NA,NA,NA
161.414,2.5578,25.9154,1.3723,29.1230,NA,NA,NA,NA,NA,NA,NA,NA,NA,NA,NA,NA
161.508,2.5564,25.8478,1.3704,28.9522,NA,NA,NA,NA,NA,NA,NA,NA,NA,NA,NA,NA
161.610,2.5494,25.5055,1.3696,28.8764,NA,NA,NA,NA,NA,NA,NA,NA,NA,NA,NA,NA
161.730,2.5494,25.5055,1.3692,28.8333,NA,NA,NA,NA,NA,NA,NA,NA,NA,NA,NA,NA
161.810,2.5420,25.1388,1.3689,28.8045,NA,NA,NA,NA,NA,NA,NA,NA,NA,NA,NA,NA
161.901,2.5435,25.2143,1.3689,28.8045,NA,NA,NA,NA,NA,NA,NA,NA,NA,NA,NA,NA
161.997,2.5435,25.2143,1.3679,28.7143,NA,NA,NA,NA,NA,NA,NA,NA,NA,NA,NA,NA
162.091,2.5434,25.2091,1.3675,28.6716,NA,NA,NA,NA,NA,NA,NA,NA,NA,NA,NA,NA
162.191,2.5434,25.2091,1.3664,28.5750,NA,NA,NA,NA,NA,NA,NA,NA,NA,NA,NA,NA
162.293,2.5384,24.9638,1.3658,28.5195,NA,NA,NA,NA,NA,NA,NA,NA,NA,NA,NA,NA
162.398,2.5384,24.9638,1.3656,28.4925,NA,NA,NA,NA,NA,NA,NA,NA,NA,NA,NA,NA
162.483,2.5265,24.3779,1.3649,28.4323,NA,NA,NA,NA,NA,NA,NA,NA,NA,NA,NA,NA
162.593,2.5265,24.3779,1.3647,28.4122,NA,NA,NA,NA,NA,NA,NA,NA,NA,NA,NA,NA
162.699,2.5227,24.1892,1.3630,28.2548,NA,NA,NA,NA,NA,NA,NA,NA,NA,NA,NA,NA
162.782,2.5223,24.1680,1.3627,28.2197,NA,NA,NA,NA,NA,NA,NA,NA,NA,NA,NA,NA
162.946,2.5223,24.1680,1.3627,28.2256,NA,NA,NA,NA,NA,NA,NA,NA,NA,NA,NA,NA
163.003,2.5240,24.2532,1.3627,28.2256,NA,NA,NA,NA,NA,NA,NA,NA,NA,NA,NA,NA
163.075,2.5240,24.2532,1.3622,28.1764,NA,NA,NA,NA,NA,NA,NA,NA,NA,NA,NA,NA
163.176,2.5179,23.9511,1.3627,28.2273,NA,NA,NA,NA,NA,NA,NA,NA,NA,NA,NA,NA
163.281,2.5168,23.9002,1.3627,28.2273,NA,NA,NA,NA,NA,NA,NA,NA,NA,NA,NA,NA
163.374,2.5160,23.8591,1.3610,28.0592,NA,NA,NA,NA,NA,NA,NA,NA,NA,NA,NA,NA
163.471,2.5173,23.9231,1.3607,28.0358,NA,NA,NA,NA,NA,NA,NA,NA,NA,NA,NA,NA
163.563,2.5173,23.9231,1.3607,28.0329,NA,NA,NA,NA,NA,NA,NA,NA,NA,NA,NA,NA
163.670,2.5147,23.7950,1.3596,27.9300,NA,NA,NA,NA,NA,NA,NA,NA,NA,NA,NA,NA
163.759,2.5163,23.8753,1.3589,27.8628,NA,NA,NA,NA,NA,NA,NA,NA,NA,NA,NA,NA
163.858,2.5182,23.9651,1.3589,27.8616,NA,NA,NA,NA,NA,NA,NA,NA,NA,NA,NA,NA
163.966,2.5182,23.9651,1.3571,27.6923,NA,NA,NA,NA,NA,NA,NA,NA,NA,NA,NA,NA
164.066,2.5139,23.7544,1.3569,27.6748,NA,NA,NA,NA,NA,NA,NA,NA,NA,NA,NA,NA
164.189,2.5110,23.6107,1.3568,27.6689,NA,NA,NA,NA,NA,NA,NA,NA,NA,NA,NA,NA
164.249,2.5049,23.3146,1.3566,27.6534,NA,NA,NA,NA,NA,NA,NA,NA,NA,NA,NA,NA
164.346,2.5115,23.6368,1.3566,27.6534,NA,NA,NA,NA,NA,NA,NA,NA,NA,NA,NA,NA
164.443,2.5115,23.6368,1.3561,27.6026,NA,NA,NA,NA,NA,NA,NA,NA,NA,NA,NA,NA
164.544,2.5109,23.6104,1.3555,27.5466,NA,NA,NA,NA,NA,NA,NA,NA,NA,NA,NA,NA
164.652,2.5109,23.6104,1.3546,27.4574,NA,NA,NA,NA,NA,NA,NA,NA,NA,NA,NA,NA
164.796,2.5037,23.2553,1.3545,27.4537,NA,NA,NA,NA,NA,NA,NA,NA,NA,NA,NA,NA
164.831,2.5030,23.2212,1.3541,27.4159,NA,NA,NA,NA,NA,NA,NA,NA,NA,NA,NA,NA
164.937,2.4924,22.6968,1.3543,27.4315,NA,NA,NA,NA,NA,NA,NA,NA,NA,NA,NA,NA
165.032,2.4984,22.9927,1.3552,27.5195,NA,NA,NA,NA,NA,NA,NA,NA,NA,NA,NA,NA
165.127,2.4984,22.9927,1.3552,27.5195,NA,NA,NA,NA,NA,NA,NA,NA,NA,NA,NA,NA
165.230,2.4962,22.8827,1.3537,27.3775,NA,NA,NA,NA,NA,NA,NA,NA,NA,NA,NA,NA
165.326,2.4962,22.8827,1.3533,27.3360,NA,NA,NA,NA,NA,NA,NA,NA,NA,NA,NA,NA
165.430,2.4932,22.7354,1.3533,27.3360,NA,NA,NA,NA,NA,NA,NA,NA,NA,NA,NA,NA
165.525,2.4918,22.6679,1.3501,27.0375,NA,NA,NA,NA,NA,NA,NA,NA,NA,NA,NA,NA
165.619,2.4810,22.1351,1.3511,27.1285,NA,NA,NA,NA,NA,NA,NA,NA,NA,NA,NA,NA
165.718,2.4893,22.5452,1.3511,27.1285,NA,NA,NA,NA,NA,NA,NA,NA,NA,NA,NA,NA
165.815,2.4893,22.5452,1.3509,27.1099,NA,NA,NA,NA,NA,NA,NA,NA,NA,NA,NA,NA
165.924,2.4836,22.2631,1.3509,27.1099,NA,NA,NA,NA,NA,NA,NA,NA,NA,NA,NA,NA
166.015,2.4836,22.2631,1.3503,27.0599,NA,NA,NA,NA,NA,NA,NA,NA,NA,NA,NA,NA
166.114,2.4792,22.0495,1.3498,27.0112,NA,NA,NA,NA,NA,NA,NA,NA,NA,NA,NA,NA
166.208,2.4787,22.0217,1.3494,26.9754,NA,NA,NA,NA,NA,NA,NA,NA,NA,NA,NA,NA
166.314,2.4721,21.6956,1.3494,26.9754,NA,NA,NA,NA,NA,NA,NA,NA,NA,NA,NA,NA
166.404,2.4712,21.6543,1.3483,26.8655,NA,NA,NA,NA,NA,NA,NA,NA,NA,NA,NA,NA
166.522,2.4712,21.6526,1.3482,26.8583,NA,NA,NA,NA,NA,NA,NA,NA,NA,NA,NA,NA
166.595,2.4712,21.6526,1.3470,26.7460,NA,NA,NA,NA,NA,NA,NA,NA,NA,NA,NA,NA
166.700,2.4676,21.4766,1.3461,26.6577,NA,NA,NA,NA,NA,NA,NA,NA,NA,NA,NA,NA
166.793,2.4673,21.4620,1.3455,26.6093,NA,NA,NA,NA,NA,NA,NA,NA,NA,NA,NA,NA
166.889,2.4673,21.4620,1.3451,26.5672,NA,NA,NA,NA,NA,NA,NA,NA,NA,NA,NA,NA
166.989,2.4676,21.4766,1.3450,26.5569,NA,NA,NA,NA,NA,NA,NA,NA,NA,NA,NA,NA
167.145,2.4676,21.4766,1.3444,26.4994,NA,NA,NA,NA,NA,NA,NA,NA,NA,NA,NA,NA
167.182,2.4655,21.3750,1.3443,26.4962,NA,NA,NA,NA,NA,NA,NA,NA,NA,NA,NA,NA
167.281,2.4642,21.3102,1.3440,26.4683,NA,NA,NA,NA,NA,NA,NA,NA,NA,NA,NA,NA
167.404,2.4622,21.2122,1.3431,26.3835,NA,NA,NA,NA,NA,NA,NA,NA,NA,NA,NA,NA
167.480,2.4602,21.1122,1.3422,26.2979,NA,NA,NA,NA,NA,NA,NA,NA,NA,NA,NA,NA
167.574,2.4587,21.0363,1.3422,26.2940,NA,NA,NA,NA,NA,NA,NA,NA,NA,NA,NA,NA
167.683,2.4552,20.8636,1.3418,26.2558,NA,NA,NA,NA,NA,NA,NA,NA,NA,NA,NA,NA
167.770,2.4436,20.2940,1.3416,26.2351,NA,NA,NA,NA,NA,NA,NA,NA,NA,NA,NA,NA
167.871,2.4378,20.0081,1.3416,26.2351,NA,NA,NA,NA,NA,NA,NA,NA,NA,NA,NA,NA
167.968,2.4354,19.8928,1.3414,26.2160,NA,NA,NA,NA,NA,NA,NA,NA,NA,NA,NA,NA
168.073,2.4356,19.8990,1.3401,26.0979,NA,NA,NA,NA,NA,NA,NA,NA,NA,NA,NA,NA
168.163,2.4356,19.8990,1.3397,26.0595,NA,NA,NA,NA,NA,NA,NA,NA,NA,NA,NA,NA
168.268,2.4341,19.8255,1.3393,26.0173,NA,NA,NA,NA,NA,NA,NA,NA,NA,NA,NA,NA
168.394,2.4332,19.7809,1.3381,25.9045,NA,NA,NA,NA,NA,NA,NA,NA,NA,NA,NA,NA
168.455,2.4324,19.7456,1.3375,25.8502,NA,NA,NA,NA,NA,NA,NA,NA,NA,NA,NA,NA
168.555,2.4323,19.7391,1.3368,25.7911,NA,NA,NA,NA,NA,NA,NA,NA,NA,NA,NA,NA
168.653,2.4305,19.6509,1.3362,25.7292,NA,NA,NA,NA,NA,NA,NA,NA,NA,NA,NA,NA
168.752,2.4418,20.2060,1.3360,25.7155,NA,NA,NA,NA,NA,NA,NA,NA,NA,NA,NA,NA
168.849,2.4418,20.2060,1.3355,25.6624,NA,NA,NA,NA,NA,NA,NA,NA,NA,NA,NA,NA
168.950,2.4358,19.9122,1.3351,25.6312,NA,NA,NA,NA,NA,NA,NA,NA,NA,NA,NA,NA
169.047,2.4358,19.9122,1.3351,25.6287,NA,NA,NA,NA,NA,NA,NA,NA,NA,NA,NA,NA
169.145,2.4307,19.6607,1.3351,25.6287,NA,NA,NA,NA,NA,NA,NA,NA,NA,NA,NA,NA
169.251,2.4199,19.1300,1.3334,25.4659,NA,NA,NA,NA,NA,NA,NA,NA,NA,NA,NA,NA
169.339,2.4199,19.1300,1.3331,25.4421,NA,NA,NA,NA,NA,NA,NA,NA,NA,NA,NA,NA
169.433,2.4214,19.2009,1.3331,25.4421,NA,NA,NA,NA,NA,NA,NA,NA,NA,NA,NA,NA
169.534,2.4214,19.2009,1.3317,25.3055,NA,NA,NA,NA,NA,NA,NA,NA,NA,NA,NA,NA
169.636,2.4231,19.2849,1.3308,25.2241,NA,NA,NA,NA,NA,NA,NA,NA,NA,NA,NA,NA
169.731,2.4231,19.2849,1.3304,25.1851,NA,NA,NA,NA,NA,NA,NA,NA,NA,NA,NA,NA
169.834,2.4191,19.0888,1.3305,25.1949,NA,NA,NA,NA,NA,NA,NA,NA,NA,NA,NA,NA
169.930,2.4142,18.8458,1.3305,25.1949,NA,NA,NA,NA,NA,NA,NA,NA,NA,NA,NA,NA
170.028,2.4111,18.6959,1.3295,25.1031,NA,NA,NA,NA,NA,NA,NA,NA,NA,NA,NA,NA
170.123,2.4083,18.5550,1.3293,25.0855,NA,NA,NA,NA,NA,NA,NA,NA,NA,NA,NA,NA
170.221,2.4075,18.5161,1.3282,24.9756,NA,NA,NA,NA,NA,NA,NA,NA,NA,NA,NA,NA
170.320,2.4102,18.6483,1.3278,24.9370,NA,NA,NA,NA,NA,NA,NA,NA,NA,NA,NA,NA
170.424,2.4102,18.6483,1.3274,24.9017,NA,NA,NA,NA,NA,NA,NA,NA,NA,NA,NA,NA
170.515,2.4091,18.5947,1.3273,24.8953,NA,NA,NA,NA,NA,NA,NA,NA,NA,NA,NA,NA
170.614,2.4008,18.1890,1.3252,24.6913,NA,NA,NA,NA,NA,NA,NA,NA,NA,NA,NA,NA
170.766,2.4009,18.1931,1.3252,24.6913,NA,NA,NA,NA,NA,NA,NA,NA,NA,NA,NA,NA
170.811,2.4009,18.1931,1.3240,24.5854,NA,NA,NA,NA,NA,NA,NA,NA,NA,NA,NA,NA
170.906,2.4017,18.2299,1.3238,24.5640,NA,NA,NA,NA,NA,NA,NA,NA,NA,NA,NA,NA
171.006,2.4023,18.2630,1.3230,24.4849,NA,NA,NA,NA,NA,NA,NA,NA,NA,NA,NA,NA
171.098,2.4023,18.2630,1.3224,24.4361,NA,NA,NA,NA,NA,NA,NA,NA,NA,NA,NA,NA
171.206,2.4011,18.2032,1.3222,24.4110,NA,NA,NA,NA,NA,NA,NA,NA,NA,NA,NA,NA
171.295,2.3952,17.9139,1.3212,24.3217,NA,NA,NA,NA,NA,NA,NA,NA,NA,NA,NA,NA
171.392,2.3952,17.9139,1.3203,24.2359,NA,NA,NA,NA,NA,NA,NA,NA,NA,NA,NA,NA
171.490,2.3908,17.6942,1.3202,24.2269,NA,NA,NA,NA,NA,NA,NA,NA,NA,NA,NA,NA
171.593,2.3915,17.7299,1.3202,24.2269,NA,NA,NA,NA,NA,NA,NA,NA,NA,NA,NA,NA
171.690,2.3917,17.7394,1.3193,24.1421,NA,NA,NA,NA,NA,NA,NA,NA,NA,NA,NA,NA
171.796,2.3930,17.8017,1.3181,24.0307,NA,NA,NA,NA,NA,NA,NA,NA,NA,NA,NA,NA
171.889,2.3930,17.8017,1.3181,24.0307,NA,NA,NA,NA,NA,NA,NA,NA,NA,NA,NA,NA
171.999,2.3875,17.5307,1.3181,24.0301,NA,NA,NA,NA,NA,NA,NA,NA,NA,NA,NA,NA
172.080,2.3814,17.2314,1.3181,24.0301,NA,NA,NA,NA,NA,NA,NA,NA,NA,NA,NA,NA
172.176,2.3814,17.2314,1.3170,23.9258,NA,NA,NA,NA,NA,NA,NA,NA,NA,NA,NA,NA
172.285,2.3753,16.9306,1.3170,23.9258,NA,NA,NA,NA,NA,NA,NA,NA,NA,NA,NA,NA
172.371,2.3745,16.8954,1.3142,23.6630,NA,NA,NA,NA,NA,NA,NA,NA,NA,NA,NA,NA
172.521,2.3766,16.9977,1.3132,23.5676,NA,NA,NA,NA,NA,NA,NA,NA,NA,NA,NA,NA
172.573,2.3766,16.9977,1.3132,23.5676,NA,NA,NA,NA,NA,NA,NA,NA,NA,NA,NA,NA
172.672,2.3736,16.8499,1.3108,23.3444,NA,NA,NA,NA,NA,NA,NA,NA,NA,NA,NA,NA
172.765,2.3736,16.8499,1.3108,23.3378,NA,NA,NA,NA,NA,NA,NA,NA,NA,NA,NA,NA
172.862,2.3726,16.7986,1.3104,23.3013,NA,NA,NA,NA,NA,NA,NA,NA,NA,NA,NA,NA
172.962,2.3712,16.7301,1.3104,23.3013,NA,NA,NA,NA,NA,NA,NA,NA,NA,NA,NA,NA
173.066,2.3715,16.7467,1.3091,23.1815,NA,NA,NA,NA,NA,NA,NA,NA,NA,NA,NA,NA
173.156,2.3755,16.9441,1.3091,23.1815,NA,NA,NA,NA,NA,NA,NA,NA,NA,NA,NA,NA
173.255,2.3755,16.9441,1.3088,23.1478,NA,NA,NA,NA,NA,NA,NA,NA,NA,NA,NA,NA
173.359,2.3737,16.8535,1.3081,23.0826,NA,NA,NA,NA,NA,NA,NA,NA,NA,NA,NA,NA
173.451,2.3642,16.3842,1.3069,22.9742,NA,NA,NA,NA,NA,NA,NA,NA,NA,NA,NA,NA
173.557,2.3627,16.3101,1.3067,22.9589,NA,NA,NA,NA,NA,NA,NA,NA,NA,NA,NA,NA
173.643,2.3591,16.1352,1.3060,22.8914,NA,NA,NA,NA,NA,NA,NA,NA,NA,NA,NA,NA
173.749,2.3582,16.0901,1.3058,22.8699,NA,NA,NA,NA,NA,NA,NA,NA,NA,NA,NA,NA
173.843,2.3579,16.0760,1.3055,22.8449,NA,NA,NA,NA,NA,NA,NA,NA,NA,NA,NA,NA
173.947,2.3579,16.0760,1.3058,22.8719,NA,NA,NA,NA,NA,NA,NA,NA,NA,NA,NA,NA
174.041,2.3507,15.7222,1.3058,22.8719,NA,NA,NA,NA,NA,NA,NA,NA,NA,NA,NA,NA
174.138,2.3504,15.7090,1.3051,22.8083,NA,NA,NA,NA,NA,NA,NA,NA,NA,NA,NA,NA
174.239,2.3506,15.7181,1.3030,22.6048,NA,NA,NA,NA,NA,NA,NA,NA,NA,NA,NA,NA
174.335,2.3506,15.7181,1.3026,22.5726,NA,NA,NA,NA,NA,NA,NA,NA,NA,NA,NA,NA
174.433,2.3470,15.5389,1.3024,22.5521,NA,NA,NA,NA,NA,NA,NA,NA,NA,NA,NA,NA
174.528,2.3470,15.5389,1.3021,22.5228,NA,NA,NA,NA,NA,NA,NA,NA,NA,NA,NA,NA
174.627,2.3454,15.4602,1.2990,22.2302,NA,NA,NA,NA,NA,NA,NA,NA,NA,NA,NA,NA
174.722,2.3481,15.5949,1.2983,22.1596,NA,NA,NA,NA,NA,NA,NA,NA,NA,NA,NA,NA
174.825,2.3481,15.5949,1.2983,22.1596,NA,NA,NA,NA,NA,NA,NA,NA,NA,NA,NA,NA
174.920,2.3432,15.3522,1.2968,22.0212,NA,NA,NA,NA,NA,NA,NA,NA,NA,NA,NA,NA
175.018,2.3420,15.2946,1.2968,22.0212,NA,NA,NA,NA,NA,NA,NA,NA,NA,NA,NA,NA
175.122,2.3419,15.2876,1.2960,21.9513,NA,NA,NA,NA,NA,NA,NA,NA,NA,NA,NA,NA
175.215,2.3371,15.0498,1.2960,21.9513,NA,NA,NA,NA,NA,NA,NA,NA,NA,NA,NA,NA
175.310,2.3371,15.0498,1.2948,21.8378,NA,NA,NA,NA,NA,NA,NA,NA,NA,NA,NA,NA
175.406,2.3377,15.0808,1.2948,21.8313,NA,NA,NA,NA,NA,NA,NA,NA,NA,NA,NA,NA
175.549,2.3377,15.0808,1.2940,21.7550,NA,NA,NA,NA,NA,NA,NA,NA,NA,NA,NA,NA
175.609,2.3390,15.1439,1.2942,21.7781,NA,NA,NA,NA,NA,NA,NA,NA,NA,NA,NA,NA
175.707,2.3390,15.1439,1.2942,21.7781,NA,NA,NA,NA,NA,NA,NA,NA,NA,NA,NA,NA
175.806,2.3348,14.9406,1.2928,21.6507,NA,NA,NA,NA,NA,NA,NA,NA,NA,NA,NA,NA
175.898,2.3336,14.8789,1.2938,21.7393,NA,NA,NA,NA,NA,NA,NA,NA,NA,NA,NA,NA
175.997,2.3252,14.4651,1.2938,21.7393,NA,NA,NA,NA,NA,NA,NA,NA,NA,NA,NA,NA
176.154,2.3251,14.4633,1.2937,21.7312,NA,NA,NA,NA,NA,NA,NA,NA,NA,NA,NA,NA
176.198,2.3098,13.7075,1.2937,21.7312,NA,NA,NA,NA,NA,NA,NA,NA,NA,NA,NA,NA
176.296,2.3109,13.7604,1.2932,21.6831,NA,NA,NA,NA,NA,NA,NA,NA,NA,NA,NA,NA
176.388,2.3121,13.8222,1.2917,21.5443,NA,NA,NA,NA,NA,NA,NA,NA,NA,NA,NA,NA
176.489,2.3164,14.0345,1.2914,21.5159,NA,NA,NA,NA,NA,NA,NA,NA,NA,NA,NA,NA
176.583,2.3164,14.0345,1.2915,21.5283,NA,NA,NA,NA,NA,NA,NA,NA,NA,NA,NA,NA
176.686,2.3122,13.8241,1.2915,21.5283,NA,NA,NA,NA,NA,NA,NA,NA,NA,NA,NA,NA
176.790,2.3115,13.7923,1.2894,21.3232,NA,NA,NA,NA,NA,NA,NA,NA,NA,NA,NA,NA
176.881,2.3137,13.8997,1.2887,21.2621,NA,NA,NA,NA,NA,NA,NA,NA,NA,NA,NA,NA
176.974,2.3137,13.8997,1.2888,21.2677,NA,NA,NA,NA,NA,NA,NA,NA,NA,NA,NA,NA
177.085,2.3104,13.7388,1.2892,21.3063,NA,NA,NA,NA,NA,NA,NA,NA,NA,NA,NA,NA
177.172,2.3104,13.7388,1.2892,21.3063,NA,NA,NA,NA,NA,NA,NA,NA,NA,NA,NA,NA
177.266,2.3086,13.6477,1.2878,21.1716,NA,NA,NA,NA,NA,NA,NA,NA,NA,NA,NA,NA
177.374,2.3071,13.5769,1.2872,21.1222,NA,NA,NA,NA,NA,NA,NA,NA,NA,NA,NA,NA
177.467,2.3063,13.5355,1.2861,21.0136,NA,NA,NA,NA,NA,NA,NA,NA,NA,NA,NA,NA
177.572,2.3032,13.3837,1.2855,20.9581,NA,NA,NA,NA,NA,NA,NA,NA,NA,NA,NA,NA
177.662,2.3019,13.3184,1.2847,20.8839,NA,NA,NA,NA,NA,NA,NA,NA,NA,NA,NA,NA
177.765,2.3016,13.3025,1.2848,20.8920,NA,NA,NA,NA,NA,NA,NA,NA,NA,NA,NA,NA
177.861,2.3014,13.2958,1.2848,20.8920,NA,NA,NA,NA,NA,NA,NA,NA,NA,NA,NA,NA
178.015,2.2983,13.1433,1.2841,20.8321,NA,NA,NA,NA,NA,NA,NA,NA,NA,NA,NA,NA
178.057,2.2945,12.9551,1.2829,20.7151,NA,NA,NA,NA,NA,NA,NA,NA,NA,NA,NA,NA
178.149,2.2945,12.9551,1.2821,20.6385,NA,NA,NA,NA,NA,NA,NA,NA,NA,NA,NA,NA
178.251,2.2944,12.9478,1.2816,20.5909,NA,NA,NA,NA,NA,NA,NA,NA,NA,NA,NA,NA
178.365,2.2944,12.9478,1.2809,20.5306,NA,NA,NA,NA,NA,NA,NA,NA,NA,NA,NA,NA
178.451,2.2903,12.7501,1.2809,20.5306,NA,NA,NA,NA,NA,NA,NA,NA,NA,NA,NA,NA
178.549,2.2882,12.6456,1.2806,20.4965,NA,NA,NA,NA,NA,NA,NA,NA,NA,NA,NA,NA
178.642,2.2869,12.5826,1.2782,20.2760,NA,NA,NA,NA,NA,NA,NA,NA,NA,NA,NA,NA
178.740,2.2884,12.6535,1.2783,20.2820,NA,NA,NA,NA,NA,NA,NA,NA,NA,NA,NA,NA
178.844,2.2884,12.6535,1.2783,20.2820,NA,NA,NA,NA,NA,NA,NA,NA,NA,NA,NA,NA
178.936,2.2862,12.5455,1.2775,20.2040,NA,NA,NA,NA,NA,NA,NA,NA,NA,NA,NA,NA
179.030,2.2862,12.5455,1.2774,20.1951,NA,NA,NA,NA,NA,NA,NA,NA,NA,NA,NA,NA
179.153,2.2878,12.6260,1.2770,20.1593,NA,NA,NA,NA,NA,NA,NA,NA,NA,NA,NA,NA
179.228,2.2878,12.6260,1.2753,20.0044,NA,NA,NA,NA,NA,NA,NA,NA,NA,NA,NA,NA
179.324,2.2782,12.1512,1.2751,19.9834,NA,NA,NA,NA,NA,NA,NA,NA,NA,NA,NA,NA
179.436,2.2774,12.1117,1.2752,19.9874,NA,NA,NA,NA,NA,NA,NA,NA,NA,NA,NA,NA
179.523,2.2632,11.4129,1.2752,19.9874,NA,NA,NA,NA,NA,NA,NA,NA,NA,NA,NA,NA
179.615,2.2743,11.9596,1.2751,19.9789,NA,NA,NA,NA,NA,NA,NA,NA,NA,NA,NA,NA
179.757,2.2743,11.9596,1.2744,19.9126,NA,NA,NA,NA,NA,NA,NA,NA,NA,NA,NA,NA
179.821,2.2726,11.8743,1.2736,19.8427,NA,NA,NA,NA,NA,NA,NA,NA,NA,NA,NA,NA
179.913,2.2726,11.8743,1.2721,19.6946,NA,NA,NA,NA,NA,NA,NA,NA,NA,NA,NA,NA
180.006,2.2675,11.6247,1.2709,19.5829,NA,NA,NA,NA,NA,NA,NA,NA,NA,NA,NA,NA
180.113,2.2670,11.6015,1.2702,19.5242,NA,NA,NA,NA,NA,NA,NA,NA,NA,NA,NA,NA
180.205,2.2678,11.6383,1.2707,19.5670,NA,NA,NA,NA,NA,NA,NA,NA,NA,NA,NA,NA
180.305,2.2689,11.6927,1.2707,19.5670,NA,NA,NA,NA,NA,NA,NA,NA,NA,NA,NA,NA
180.412,2.2689,11.6927,1.2706,19.5530,NA,NA,NA,NA,NA,NA,NA,NA,NA,NA,NA,NA
180.499,2.2686,11.6804,1.2703,19.5308,NA,NA,NA,NA,NA,NA,NA,NA,NA,NA,NA,NA
180.597,2.2681,11.6551,1.2694,19.4492,NA,NA,NA,NA,NA,NA,NA,NA,NA,NA,NA,NA
180.695,2.2653,11.5190,1.2689,19.4013,NA,NA,NA,NA,NA,NA,NA,NA,NA,NA,NA,NA
180.800,2.2653,11.5190,1.2688,19.3865,NA,NA,NA,NA,NA,NA,NA,NA,NA,NA,NA,NA
180.895,2.2639,11.4504,1.2671,19.2271,NA,NA,NA,NA,NA,NA,NA,NA,NA,NA,NA,NA
180.990,2.2642,11.4617,1.2662,19.1399,NA,NA,NA,NA,NA,NA,NA,NA,NA,NA,NA,NA
181.097,2.2642,11.4617,1.2662,19.1399,NA,NA,NA,NA,NA,NA,NA,NA,NA,NA,NA,NA
181.187,2.2623,11.3682,1.2655,19.0819,NA,NA,NA,NA,NA,NA,NA,NA,NA,NA,NA,NA
181.281,2.2623,11.3682,1.2655,19.0819,NA,NA,NA,NA,NA,NA,NA,NA,NA,NA,NA,NA
181.385,2.2615,11.3324,1.2645,18.9826,NA,NA,NA,NA,NA,NA,NA,NA,NA,NA,NA,NA
181.480,2.2607,11.2932,1.2636,18.8967,NA,NA,NA,NA,NA,NA,NA,NA,NA,NA,NA,NA
181.583,2.2563,11.0767,1.2648,19.0087,NA,NA,NA,NA,NA,NA,NA,NA,NA,NA,NA,NA
181.697,2.2563,11.0767,1.2649,19.0223,NA,NA,NA,NA,NA,NA,NA,NA,NA,NA,NA,NA
181.774,2.2515,10.8384,1.2649,19.0223,NA,NA,NA,NA,NA,NA,NA,NA,NA,NA,NA,NA
181.866,2.2558,11.0511,1.2633,18.8662,NA,NA,NA,NA,NA,NA,NA,NA,NA,NA,NA,NA
181.976,2.2558,11.0511,1.2619,18.7380,NA,NA,NA,NA,NA,NA,NA,NA,NA,NA,NA,NA
182.066,2.2476,10.6438,1.2599,18.5532,NA,NA,NA,NA,NA,NA,NA,NA,NA,NA,NA,NA
182.252,2.2476,10.6438,1.2589,18.4549,NA,NA,NA,NA,NA,NA,NA,NA,NA,NA,NA,NA
182.260,2.2475,10.6405,1.2585,18.4166,NA,NA,NA,NA,NA,NA,NA,NA,NA,NA,NA,NA
182.366,2.2458,10.5580,1.2575,18.3205,NA,NA,NA,NA,NA,NA,NA,NA,NA,NA,NA,NA
182.456,2.2432,10.4315,1.2568,18.2618,NA,NA,NA,NA,NA,NA,NA,NA,NA,NA,NA,NA
182.553,2.2466,10.5946,1.2566,18.2391,NA,NA,NA,NA,NA,NA,NA,NA,NA,NA,NA,NA
182.659,2.2466,10.5946,1.2553,18.1194,NA,NA,NA,NA,NA,NA,NA,NA,NA,NA,NA,NA
182.817,2.2451,10.5222,1.2549,18.0822,NA,NA,NA,NA,NA,NA,NA,NA,NA,NA,NA,NA
182.856,2.2451,10.5222,1.2548,18.0713,NA,NA,NA,NA,NA,NA,NA,NA,NA,NA,NA,NA
182.947,2.2429,10.4137,1.2543,18.0205,NA,NA,NA,NA,NA,NA,NA,NA,NA,NA,NA,NA
183.043,2.2471,10.6206,1.2595,18.5125,NA,NA,NA,NA,NA,NA,NA,NA,NA,NA,NA,NA
183.143,2.2975,13.1037,1.2706,19.5559,NA,NA,NA,NA,NA,NA,NA,NA,NA,NA,NA,NA
183.242,2.3594,16.1518,1.2824,20.6704,NA,NA,NA,NA,NA,NA,NA,NA,NA,NA,NA,NA
183.394,2.3963,17.9662,1.2974,22.0795,NA,NA,NA,NA,NA,NA,NA,NA,NA,NA,NA,NA
183.448,2.4277,19.5132,1.3030,22.6073,NA,NA,NA,NA,NA,NA,NA,NA,NA,NA,NA,NA
183.534,2.4304,19.6467,1.3046,22.7526,NA,NA,NA,NA,NA,NA,NA,NA,NA,NA,NA,NA
183.641,2.4304,19.6467,1.3046,22.7526,NA,NA,NA,NA,NA,NA,NA,NA,NA,NA,NA,NA
183.730,2.4289,19.5726,1.3043,22.7316,NA,NA,NA,NA,NA,NA,NA,NA,NA,NA,NA,NA
183.828,2.4240,19.3303,1.3043,22.7316,NA,NA,NA,NA,NA,NA,NA,NA,NA,NA,NA,NA
183.959,2.4159,18.9312,1.3020,22.5150,NA,NA,NA,NA,NA,NA,NA,NA,NA,NA,NA,NA
184.023,2.3994,18.1185,1.3012,22.4380,NA,NA,NA,NA,NA,NA,NA,NA,NA,NA,NA,NA
184.128,2.3994,18.1185,1.3009,22.4066,NA,NA,NA,NA,NA,NA,NA,NA,NA,NA,NA,NA
184.221,2.3913,17.7217,1.3009,22.4066,NA,NA,NA,NA,NA,NA,NA,NA,NA,NA,NA,NA
184.316,2.3890,17.6091,1.2984,22.1744,NA,NA,NA,NA,NA,NA,NA,NA,NA,NA,NA,NA
184.419,2.3837,17.3480,1.2979,22.1274,NA,NA,NA,NA,NA,NA,NA,NA,NA,NA,NA,NA
184.517,2.3743,16.8854,1.2976,22.1009,NA,NA,NA,NA,NA,NA,NA,NA,NA,NA,NA,NA
184.610,2.3548,15.9245,1.2938,21.7397,NA,NA,NA,NA,NA,NA,NA,NA,NA,NA,NA,NA
184.709,2.3465,15.5144,1.2923,21.6036,NA,NA,NA,NA,NA,NA,NA,NA,NA,NA,NA,NA
184.808,2.3465,15.5144,1.2918,21.5502,NA,NA,NA,NA,NA,NA,NA,NA,NA,NA,NA,NA
184.908,2.3436,15.3745,1.2899,21.3741,NA,NA,NA,NA,NA,NA,NA,NA,NA,NA,NA,NA
185.000,2.3422,15.3045,1.2871,21.1131,NA,NA,NA,NA,NA,NA,NA,NA,NA,NA,NA,NA
185.104,2.3404,15.2157,1.2856,20.9722,NA,NA,NA,NA,NA,NA,NA,NA,NA,NA,NA,NA
185.203,2.3305,14.7294,1.2857,20.9743,NA,NA,NA,NA,NA,NA,NA,NA,NA,NA,NA,NA
185.298,2.3203,14.2271,1.2857,20.9743,NA,NA,NA,NA,NA,NA,NA,NA,NA,NA,NA,NA
185.392,2.3218,14.2988,1.2852,20.9283,NA,NA,NA,NA,NA,NA,NA,NA,NA,NA,NA,NA
185.506,2.3218,14.2988,1.2833,20.7521,NA,NA,NA,NA,NA,NA,NA,NA,NA,NA,NA,NA
185.596,2.3194,14.1824,1.2830,20.7252,NA,NA,NA,NA,NA,NA,NA,NA,NA,NA,NA,NA
185.719,2.3194,14.1824,1.2828,20.7023,NA,NA,NA,NA,NA,NA,NA,NA,NA,NA,NA,NA
185.800,2.3181,14.1159,1.2812,20.5503,NA,NA,NA,NA,NA,NA,NA,NA,NA,NA,NA,NA
185.887,2.3181,14.1159,1.2808,20.5183,NA,NA,NA,NA,NA,NA,NA,NA,NA,NA,NA,NA
185.978,2.3104,13.7370,1.2805,20.4881,NA,NA,NA,NA,NA,NA,NA,NA,NA,NA,NA,NA
186.085,2.3287,14.6409,1.2823,20.6538,NA,NA,NA,NA,NA,NA,NA,NA,NA,NA,NA,NA
186.180,2.3748,16.9101,1.2927,21.6346,NA,NA,NA,NA,NA,NA,NA,NA,NA,NA,NA,NA
186.323,2.4382,20.0314,1.3068,22.9605,NA,NA,NA,NA,NA,NA,NA,NA,NA,NA,NA,NA
186.370,2.4698,21.5864,1.3191,24.1230,NA,NA,NA,NA,NA,NA,NA,NA,NA,NA,NA,NA
186.469,2.5387,24.9775,1.3382,25.9156,NA,NA,NA,NA,NA,NA,NA,NA,NA,NA,NA,NA
186.569,2.5774,26.8830,1.3562,27.6086,NA,NA,NA,NA,NA,NA,NA,NA,NA,NA,NA,NA
186.673,2.6036,28.1701,1.3686,28.7811,NA,NA,NA,NA,NA,NA,NA,NA,NA,NA,NA,NA
186.763,2.6379,29.8604,1.3824,30.0780,NA,NA,NA,NA,NA,NA,NA,NA,NA,NA,NA,NA
186.860,2.6883,32.3417,1.3975,31.4999,NA,NA,NA,NA,NA,NA,NA,NA,NA,NA,NA,NA
186.968,2.7257,34.1826,1.4089,32.5725,NA,NA,NA,NA,NA,NA,NA,NA,NA,NA,NA,NA
187.058,2.7504,35.3980,1.4209,33.6960,NA,NA,NA,NA,NA,NA,NA,NA,NA,NA,NA,NA
187.156,2.7946,37.5736,1.4291,34.4684,NA,NA,NA,NA,NA,NA,NA,NA,NA,NA,NA,NA
187.259,2.8100,38.3331,1.4343,34.9581,NA,NA,NA,NA,NA,NA,NA,NA,NA,NA,NA,NA
187.355,2.8441,40.0110,1.4423,35.7106,NA,NA,NA,NA,NA,NA,NA,NA,NA,NA,NA,NA
187.456,2.8609,40.8384,1.4546,36.8667,NA,NA,NA,NA,NA,NA,NA,NA,NA,NA,NA,NA
187.573,2.8973,42.6319,1.4623,37.5983,NA,NA,NA,NA,NA,NA,NA,NA,NA,NA,NA,NA
187.651,2.9093,43.2224,1.4721,38.5152,NA,NA,NA,NA,NA,NA,NA,NA,NA,NA,NA,NA
187.743,2.9342,44.4465,1.4769,38.9724,NA,NA,NA,NA,NA,NA,NA,NA,NA,NA,NA,NA
187.848,2.9500,45.2262,1.4809,39.3428,NA,NA,NA,NA,NA,NA,NA,NA,NA,NA,NA,NA
187.937,2.9500,45.2262,1.4831,39.5563,NA,NA,NA,NA,NA,NA,NA,NA,NA,NA,NA,NA
188.032,2.9539,45.4137,1.4844,39.6782,NA,NA,NA,NA,NA,NA,NA,NA,NA,NA,NA,NA
188.190,2.9539,45.4137,1.4854,39.7682,NA,NA,NA,NA,NA,NA,NA,NA,NA,NA,NA,NA
188.233,2.9530,45.3710,1.4854,39.7682,NA,NA,NA,NA,NA,NA,NA,NA,NA,NA,NA,NA
188.330,2.9530,45.3710,1.4853,39.7645,NA,NA,NA,NA,NA,NA,NA,NA,NA,NA,NA,NA
188.427,2.9505,45.2473,1.4840,39.6335,NA,NA,NA,NA,NA,NA,NA,NA,NA,NA,NA,NA
188.520,2.9489,45.1724,1.4820,39.4456,NA,NA,NA,NA,NA,NA,NA,NA,NA,NA,NA,NA
188.628,2.9259,44.0384,1.4797,39.2368,NA,NA,NA,NA,NA,NA,NA,NA,NA,NA,NA,NA
188.783,2.9083,43.1708,1.4780,39.0699,NA,NA,NA,NA,NA,NA,NA,NA,NA,NA,NA,NA
188.816,2.9002,42.7726,1.4734,38.6408,NA,NA,NA,NA,NA,NA,NA,NA,NA,NA,NA,NA
188.917,2.8787,41.7118,1.4707,38.3837,NA,NA,NA,NA,NA,NA,NA,NA,NA,NA,NA,NA
189.021,2.8638,40.9791,1.4655,37.8977,NA,NA,NA,NA,NA,NA,NA,NA,NA,NA,NA,NA
189.115,2.8476,40.1838,1.4627,37.6379,NA,NA,NA,NA,NA,NA,NA,NA,NA,NA,NA,NA
189.209,2.8327,39.4511,1.4588,37.2688,NA,NA,NA,NA,NA,NA,NA,NA,NA,NA,NA,NA
189.311,2.8092,38.2932,1.4557,36.9726,NA,NA,NA,NA,NA,NA,NA,NA,NA,NA,NA,NA
189.411,2.8092,38.2932,1.4510,36.5351,NA,NA,NA,NA,NA,NA,NA,NA,NA,NA,NA,NA
189.497,2.7905,37.3725,1.4483,36.2792,NA,NA,NA,NA,NA,NA,NA,NA,NA,NA,NA,NA
189.605,2.7840,37.0533,1.4468,36.1403,NA,NA,NA,NA,NA,NA,NA,NA,NA,NA,NA,NA
189.706,2.7746,36.5896,1.4418,35.6683,NA,NA,NA,NA,NA,NA,NA,NA,NA,NA,NA,NA
189.803,2.7688,36.3061,1.4387,35.3790,NA,NA,NA,NA,NA,NA,NA,NA,NA,NA,NA,NA
189.895,2.7623,35.9830,1.4368,35.2002,NA,NA,NA,NA,NA,NA,NA,NA,NA,NA,NA,NA
190.002,2.7561,35.6796,1.4305,34.6049,NA,NA,NA,NA,NA,NA,NA,NA,NA,NA,NA,NA
190.089,2.7549,35.6186,1.4289,34.4521,NA,NA,NA,NA,NA,NA,NA,NA,NA,NA,NA,NA
190.189,2.7534,35.5462,1.4283,34.3972,NA,NA,NA,NA,NA,NA,NA,NA,NA,NA,NA,NA
190.291,2.7498,35.3663,1.4262,34.2025,NA,NA,NA,NA,NA,NA,NA,NA,NA,NA,NA,NA
190.384,2.7374,34.7600,1.4243,34.0213,NA,NA,NA,NA,NA,NA,NA,NA,NA,NA,NA,NA
190.513,2.7331,34.5463,1.4209,33.7028,NA,NA,NA,NA,NA,NA,NA,NA,NA,NA,NA,NA
190.585,2.7247,34.1348,1.4192,33.5376,NA,NA,NA,NA,NA,NA,NA,NA,NA,NA,NA,NA
190.680,2.7187,33.8353,1.4181,33.4329,NA,NA,NA,NA,NA,NA,NA,NA,NA,NA,NA,NA
190.781,2.7166,33.7343,1.4175,33.3826,NA,NA,NA,NA,NA,NA,NA,NA,NA,NA,NA,NA
190.882,2.7119,33.5038,1.4165,33.2875,NA,NA,NA,NA,NA,NA,NA,NA,NA,NA,NA,NA
190.979,2.7119,33.5038,1.4147,33.1179,NA,NA,NA,NA,NA,NA,NA,NA,NA,NA,NA,NA
191.121,2.6991,32.8740,1.4136,33.0143,NA,NA,NA,NA,NA,NA,NA,NA,NA,NA,NA,NA
191.170,2.6825,32.0557,1.4119,32.8489,NA,NA,NA,NA,NA,NA,NA,NA,NA,NA,NA,NA
191.268,2.6825,32.0557,1.4113,32.8009,NA,NA,NA,NA,NA,NA,NA,NA,NA,NA,NA,NA
191.368,2.6811,31.9888,1.4102,32.6969,NA,NA,NA,NA,NA,NA,NA,NA,NA,NA,NA,NA
191.461,2.6811,31.9888,1.4083,32.5111,NA,NA,NA,NA,NA,NA,NA,NA,NA,NA,NA,NA
191.568,2.6645,31.1676,1.4074,32.4307,NA,NA,NA,NA,NA,NA,NA,NA,NA,NA,NA,NA
191.656,2.6645,31.1676,1.4070,32.3965,NA,NA,NA,NA,NA,NA,NA,NA,NA,NA,NA,NA
191.772,2.6422,30.0712,1.4049,32.1963,NA,NA,NA,NA,NA,NA,NA,NA,NA,NA,NA,NA
191.867,2.6476,30.3399,1.4049,32.1905,NA,NA,NA,NA,NA,NA,NA,NA,NA,NA,NA,NA
191.951,2.6476,30.3399,1.4034,32.0570,NA,NA,NA,NA,NA,NA,NA,NA,NA,NA,NA,NA
192.064,2.6474,30.3300,1.4034,32.0495,NA,NA,NA,NA,NA,NA,NA,NA,NA,NA,NA,NA
192.153,2.6474,30.3300,1.4014,31.8624,NA,NA,NA,NA,NA,NA,NA,NA,NA,NA,NA,NA
192.246,2.6422,30.0740,1.3999,31.7225,NA,NA,NA,NA,NA,NA,NA,NA,NA,NA,NA,NA
192.358,2.6422,30.0740,1.3959,31.3432,NA,NA,NA,NA,NA,NA,NA,NA,NA,NA,NA,NA
192.444,2.6357,29.7492,1.3971,31.4576,NA,NA,NA,NA,NA,NA,NA,NA,NA,NA,NA,NA
192.552,2.6357,29.7492,1.3991,31.6518,NA,NA,NA,NA,NA,NA,NA,NA,NA,NA,NA,NA
192.642,2.6297,29.4583,1.3991,31.6518,NA,NA,NA,NA,NA,NA,NA,NA,NA,NA,NA,NA
192.734,2.6291,29.4269,1.3984,31.5807,NA,NA,NA,NA,NA,NA,NA,NA,NA,NA,NA,NA
192.872,2.6291,29.4269,1.3945,31.2202,NA,NA,NA,NA,NA,NA,NA,NA,NA,NA,NA,NA
192.970,2.6246,29.2057,1.3946,31.2214,NA,NA,NA,NA,NA,NA,NA,NA,NA,NA,NA,NA
193.026,2.6246,29.2057,1.3946,31.2214,NA,NA,NA,NA,NA,NA,NA,NA,NA,NA,NA,NA
193.133,2.6295,29.4486,1.3935,31.1180,NA,NA,NA,NA,NA,NA,NA,NA,NA,NA,NA,NA
193.228,2.6295,29.4486,1.3935,31.1180,NA,NA,NA,NA,NA,NA,NA,NA,NA,NA,NA,NA
193.322,2.6157,28.7676,1.3931,31.0869,NA,NA,NA,NA,NA,NA,NA,NA,NA,NA,NA,NA
193.426,2.6157,28.7676,1.3929,31.0630,NA,NA,NA,NA,NA,NA,NA,NA,NA,NA,NA,NA
193.572,2.6093,28.4532,1.3925,31.0291,NA,NA,NA,NA,NA,NA,NA,NA,NA,NA,NA,NA
193.619,2.6081,28.3920,1.3923,31.0083,NA,NA,NA,NA,NA,NA,NA,NA,NA,NA,NA,NA
193.723,2.6070,28.3412,1.3903,30.8247,NA,NA,NA,NA,NA,NA,NA,NA,NA,NA,NA,NA
193.816,2.6026,28.1203,1.3890,30.7008,NA,NA,NA,NA,NA,NA,NA,NA,NA,NA,NA,NA
193.915,2.6022,28.1005,1.3878,30.5874,NA,NA,NA,NA,NA,NA,NA,NA,NA,NA,NA,NA
194.007,2.5984,27.9143,1.3877,30.5716,NA,NA,NA,NA,NA,NA,NA,NA,NA,NA,NA,NA
194.154,2.5967,27.8307,1.3875,30.5549,NA,NA,NA,NA,NA,NA,NA,NA,NA,NA,NA,NA
194.207,2.5946,27.7292,1.3867,30.4780,NA,NA,NA,NA,NA,NA,NA,NA,NA,NA,NA,NA
194.304,2.5904,27.5220,1.3868,30.4932,NA,NA,NA,NA,NA,NA,NA,NA,NA,NA,NA,NA
194.409,2.5904,27.5220,1.3868,30.4932,NA,NA,NA,NA,NA,NA,NA,NA,NA,NA,NA,NA
194.508,2.5886,27.4329,1.3856,30.3794,NA,NA,NA,NA,NA,NA,NA,NA,NA,NA,NA,NA
194.597,2.5874,27.3739,1.3851,30.3281,NA,NA,NA,NA,NA,NA,NA,NA,NA,NA,NA,NA
194.754,2.5817,27.0956,1.3851,30.3281,NA,NA,NA,NA,NA,NA,NA,NA,NA,NA,NA,NA
194.801,2.5807,27.0461,1.3844,30.2613,NA,NA,NA,NA,NA,NA,NA,NA,NA,NA,NA,NA
194.896,2.5807,27.0461,1.3841,30.2334,NA,NA,NA,NA,NA,NA,NA,NA,NA,NA,NA,NA
195.004,2.5775,26.8870,1.3831,30.1386,NA,NA,NA,NA,NA,NA,NA,NA,NA,NA,NA,NA
195.085,2.5718,26.6074,1.3830,30.1305,NA,NA,NA,NA,NA,NA,NA,NA,NA,NA,NA,NA
195.188,2.5718,26.6074,1.3809,29.9389,NA,NA,NA,NA,NA,NA,NA,NA,NA,NA,NA,NA
195.277,2.5572,25.8889,1.3800,29.8556,NA,NA,NA,NA,NA,NA,NA,NA,NA,NA,NA,NA
195.395,2.5572,25.8890,1.3798,29.8357,NA,NA,NA,NA,NA,NA,NA,NA,NA,NA,NA,NA
195.476,2.5586,25.9578,1.3785,29.7125,NA,NA,NA,NA,NA,NA,NA,NA,NA,NA,NA,NA
195.575,2.5597,26.0080,1.3782,29.6794,NA,NA,NA,NA,NA,NA,NA,NA,NA,NA,NA,NA
195.674,2.5597,26.0080,1.3770,29.5725,NA,NA,NA,NA,NA,NA,NA,NA,NA,NA,NA,NA
195.770,2.5627,26.1579,1.3764,29.5126,NA,NA,NA,NA,NA,NA,NA,NA,NA,NA,NA,NA
195.873,2.5627,26.1579,1.3748,29.3613,NA,NA,NA,NA,NA,NA,NA,NA,NA,NA,NA,NA
195.994,2.5649,26.2642,1.3740,29.2908,NA,NA,NA,NA,NA,NA,NA,NA,NA,NA,NA,NA
196.070,2.5649,26.2642,1.3740,29.2908,NA,NA,NA,NA,NA,NA,NA,NA,NA,NA,NA,NA
196.160,2.5557,25.8133,1.3741,29.2988,NA,NA,NA,NA,NA,NA,NA,NA,NA,NA,NA,NA
196.282,2.5612,26.0827,1.3741,29.2988,NA,NA,NA,NA,NA,NA,NA,NA,NA,NA,NA,NA
196.356,2.5612,26.0827,1.3729,29.1860,NA,NA,NA,NA,NA,NA,NA,NA,NA,NA,NA,NA
196.459,2.5435,25.2107,1.3707,28.9781,NA,NA,NA,NA,NA,NA,NA,NA,NA,NA,NA,NA
196.561,2.5435,25.2107,1.3697,28.8847,NA,NA,NA,NA,NA,NA,NA,NA,NA,NA,NA,NA
196.653,2.5411,25.0929,1.3696,28.8762,NA,NA,NA,NA,NA,NA,NA,NA,NA,NA,NA,NA
196.744,2.5411,25.0929,1.3679,28.7133,NA,NA,NA,NA,NA,NA,NA,NA,NA,NA,NA,NA
196.846,2.5390,24.9894,1.3669,28.6230,NA,NA,NA,NA,NA,NA,NA,NA,NA,NA,NA,NA
196.954,2.5377,24.9283,1.3676,28.6892,NA,NA,NA,NA,NA,NA,NA,NA,NA,NA,NA,NA
197.039,2.5357,24.8309,1.3676,28.6892,NA,NA,NA,NA,NA,NA,NA,NA,NA,NA,NA,NA
197.144,2.5372,24.9005,1.3674,28.6632,NA,NA,NA,NA,NA,NA,NA,NA,NA,NA,NA,NA
197.238,2.5372,24.9005,1.3672,28.6443,NA,NA,NA,NA,NA,NA,NA,NA,NA,NA,NA,NA
197.338,2.5387,24.9746,1.3654,28.4798,NA,NA,NA,NA,NA,NA,NA,NA,NA,NA,NA,NA
197.434,2.5387,24.9746,1.3641,28.3514,NA,NA,NA,NA,NA,NA,NA,NA,NA,NA,NA,NA
197.559,2.5229,24.1992,1.3646,28.4040,NA,NA,NA,NA,NA,NA,NA,NA,NA,NA,NA,NA
197.632,2.5243,24.2653,1.3646,28.4040,NA,NA,NA,NA,NA,NA,NA,NA,NA,NA,NA,NA
197.760,2.5243,24.2653,1.3647,28.4106,NA,NA,NA,NA,NA,NA,NA,NA,NA,NA,NA,NA
197.830,2.5265,24.3752,1.3647,28.4106,NA,NA,NA,NA,NA,NA,NA,NA,NA,NA,NA,NA
197.926,2.5265,24.3752,1.3631,28.2589,NA,NA,NA,NA,NA,NA,NA,NA,NA,NA,NA,NA
198.020,2.5293,24.5159,1.3625,28.2006,NA,NA,NA,NA,NA,NA,NA,NA,NA,NA,NA,NA
198.118,2.5293,24.5159,1.3614,28.1058,NA,NA,NA,NA,NA,NA,NA,NA,NA,NA,NA,NA
198.222,2.5276,24.4285,1.3612,28.0867,NA,NA,NA,NA,NA,NA,NA,NA,NA,NA,NA,NA
198.361,2.5279,24.4430,1.3593,27.9010,NA,NA,NA,NA,NA,NA,NA,NA,NA,NA,NA,NA
198.410,2.5279,24.4430,1.3587,27.8433,NA,NA,NA,NA,NA,NA,NA,NA,NA,NA,NA,NA
198.516,2.5218,24.1424,1.3587,27.8498,NA,NA,NA,NA,NA,NA,NA,NA,NA,NA,NA,NA
198.611,2.5159,23.8536,1.3593,27.9036,NA,NA,NA,NA,NA,NA,NA,NA,NA,NA,NA,NA
198.714,2.5192,24.0159,1.3593,27.9036,NA,NA,NA,NA,NA,NA,NA,NA,NA,NA,NA,NA
198.808,2.5192,24.0159,1.3578,27.7672,NA,NA,NA,NA,NA,NA,NA,NA,NA,NA,NA,NA
198.901,2.5178,23.9464,1.3578,27.7672,NA,NA,NA,NA,NA,NA,NA,NA,NA,NA,NA,NA
199.023,2.5117,23.6467,1.3579,27.7699,NA,NA,NA,NA,NA,NA,NA,NA,NA,NA,NA,NA
199.094,2.5116,23.6402,1.3579,27.7699,NA,NA,NA,NA,NA,NA,NA,NA,NA,NA,NA,NA
199.199,2.5111,23.6193,1.3558,27.5748,NA,NA,NA,NA,NA,NA,NA,NA,NA,NA,NA,NA
199.292,2.5113,23.6265,1.3556,27.5591,NA,NA,NA,NA,NA,NA,NA,NA,NA,NA,NA,NA
199.397,2.5113,23.6265,1.3553,27.5235,NA,NA,NA,NA,NA,NA,NA,NA,NA,NA,NA,NA
199.489,2.5072,23.4236,1.3529,27.3046,NA,NA,NA,NA,NA,NA,NA,NA,NA,NA,NA,NA
199.590,2.5050,23.3181,1.3518,27.1941,NA,NA,NA,NA,NA,NA,NA,NA,NA,NA,NA,NA
199.687,2.5035,23.2426,1.3512,27.1450,NA,NA,NA,NA,NA,NA,NA,NA,NA,NA,NA,NA
199.793,2.4879,22.4749,1.3509,27.1104,NA,NA,NA,NA,NA,NA,NA,NA,NA,NA,NA,NA
199.892,2.4875,22.4545,1.3500,27.0251,NA,NA,NA,NA,NA,NA,NA,NA,NA,NA,NA,NA
199.985,2.4914,22.6459,1.3499,27.0233,NA,NA,NA,NA,NA,NA,NA,NA,NA,NA,NA,NA
200.080,2.4914,22.6459,1.3492,26.9543,NA,NA,NA,NA,NA,NA,NA,NA,NA,NA,NA,NA
200.211,2.4943,22.7898,1.3481,26.8453,NA,NA,NA,NA,NA,NA,NA,NA,NA,NA,NA,NA
200.272,2.4943,22.7898,1.3469,26.7355,NA,NA,NA,NA,NA,NA,NA,NA,NA,NA,NA,NA
200.372,2.4923,22.6935,1.3475,26.7951,NA,NA,NA,NA,NA,NA,NA,NA,NA,NA,NA,NA
200.470,2.4863,22.3962,1.3475,26.7951,NA,NA,NA,NA,NA,NA,NA,NA,NA,NA,NA,NA
200.569,2.4820,22.1851,1.3462,26.6723,NA,NA,NA,NA,NA,NA,NA,NA,NA,NA,NA,NA
200.715,2.4821,22.1910,1.3461,26.6654,NA,NA,NA,NA,NA,NA,NA,NA,NA,NA,NA,NA
200.764,2.4821,22.1910,1.3455,26.6045,NA,NA,NA,NA,NA,NA,NA,NA,NA,NA,NA,NA
200.862,2.4800,22.0848,1.3446,26.5223,NA,NA,NA,NA,NA,NA,NA,NA,NA,NA,NA,NA
200.956,2.4800,22.0848,1.3441,26.4770,NA,NA,NA,NA,NA,NA,NA,NA,NA,NA,NA,NA
201.056,2.4689,21.5423,1.3433,26.3945,NA,NA,NA,NA,NA,NA,NA,NA,NA,NA,NA,NA
201.150,2.4689,21.5423,1.3423,26.3080,NA,NA,NA,NA,NA,NA,NA,NA,NA,NA,NA,NA
201.254,2.4579,20.9995,1.3416,26.2349,NA,NA,NA,NA,NA,NA,NA,NA,NA,NA,NA,NA
201.431,2.4595,21.0782,1.3412,26.1969,NA,NA,NA,NA,NA,NA,NA,NA,NA,NA,NA,NA
201.446,2.4595,21.0782,1.3407,26.1568,NA,NA,NA,NA,NA,NA,NA,NA,NA,NA,NA,NA
201.549,2.4686,21.5263,1.3407,26.1568,NA,NA,NA,NA,NA,NA,NA,NA,NA,NA,NA,NA
201.649,2.4686,21.5263,1.3404,26.1211,NA,NA,NA,NA,NA,NA,NA,NA,NA,NA,NA,NA
201.741,2.4681,21.4997,1.3374,25.8446,NA,NA,NA,NA,NA,NA,NA,NA,NA,NA,NA,NA
201.849,2.4681,21.4997,1.3374,25.8446,NA,NA,NA,NA,NA,NA,NA,NA,NA,NA,NA,NA
201.954,2.4576,20.9862,1.3373,25.8309,NA,NA,NA,NA,NA,NA,NA,NA,NA,NA,NA,NA
202.040,2.4541,20.8124,1.3373,25.8309,NA,NA,NA,NA,NA,NA,NA,NA,NA,NA,NA,NA
202.139,2.4492,20.5695,1.3359,25.7029,NA,NA,NA,NA,NA,NA,NA,NA,NA,NA,NA,NA
202.239,2.4492,20.5695,1.3359,25.7029,NA,NA,NA,NA,NA,NA,NA,NA,NA,NA,NA,NA
202.329,2.4479,20.5058,1.3347,25.5882,NA,NA,NA,NA,NA,NA,NA,NA,NA,NA,NA,NA
202.429,2.4486,20.5426,1.3336,25.4889,NA,NA,NA,NA,NA,NA,NA,NA,NA,NA,NA,NA
202.555,2.4486,20.5426,1.3333,25.4536,NA,NA,NA,NA,NA,NA,NA,NA,NA,NA,NA,NA
202.624,2.4426,20.2446,1.3322,25.3494,NA,NA,NA,NA,NA,NA,NA,NA,NA,NA,NA,NA
202.725,2.4403,20.1338,1.3313,25.2650,NA,NA,NA,NA,NA,NA,NA,NA,NA,NA,NA,NA
202.821,2.4389,20.0623,1.3325,25.3818,NA,NA,NA,NA,NA,NA,NA,NA,NA,NA,NA,NA
202.913,2.4382,20.0309,1.3325,25.3818,NA,NA,NA,NA,NA,NA,NA,NA,NA,NA,NA,NA
203.013,2.4343,19.8360,1.3325,25.3843,NA,NA,NA,NA,NA,NA,NA,NA,NA,NA,NA,NA
203.128,2.4380,20.0180,1.3325,25.3843,NA,NA,NA,NA,NA,NA,NA,NA,NA,NA,NA,NA
203.216,2.4380,20.0180,1.3311,25.2467,NA,NA,NA,NA,NA,NA,NA,NA,NA,NA,NA,NA
203.314,2.4332,19.7830,1.3306,25.2072,NA,NA,NA,NA,NA,NA,NA,NA,NA,NA,NA,NA
203.406,2.4332,19.7830,1.3288,25.0383,NA,NA,NA,NA,NA,NA,NA,NA,NA,NA,NA,NA
203.516,2.4318,19.7147,1.3277,24.9330,NA,NA,NA,NA,NA,NA,NA,NA,NA,NA,NA,NA
203.612,2.4279,19.5210,1.3264,24.8055,NA,NA,NA,NA,NA,NA,NA,NA,NA,NA,NA,NA
203.701,2.4265,19.4542,1.3265,24.8188,NA,NA,NA,NA,NA,NA,NA,NA,NA,NA,NA,NA
203.799,2.4269,19.4725,1.3265,24.8188,NA,NA,NA,NA,NA,NA,NA,NA,NA,NA,NA,NA
203.898,2.4269,19.4725,1.3240,24.5849,NA,NA,NA,NA,NA,NA,NA,NA,NA,NA,NA,NA
203.992,2.4230,19.2819,1.3236,24.5426,NA,NA,NA,NA,NA,NA,NA,NA,NA,NA,NA,NA
204.093,2.4230,19.2819,1.3231,24.5020,NA,NA,NA,NA,NA,NA,NA,NA,NA,NA,NA,NA
204.187,2.4215,19.2079,1.3232,24.5082,NA,NA,NA,NA,NA,NA,NA,NA,NA,NA,NA,NA
204.292,2.4153,18.9032,1.3232,24.5082,NA,NA,NA,NA,NA,NA,NA,NA,NA,NA,NA,NA
204.385,2.4153,18.9032,1.3237,24.5501,NA,NA,NA,NA,NA,NA,NA,NA,NA,NA,NA,NA
204.489,2.4147,18.8718,1.3237,24.5501,NA,NA,NA,NA,NA,NA,NA,NA,NA,NA,NA,NA
204.587,2.4147,18.8718,1.3214,24.3396,NA,NA,NA,NA,NA,NA,NA,NA,NA,NA,NA,NA
204.678,2.4161,18.9424,1.3210,24.3001,NA,NA,NA,NA,NA,NA,NA,NA,NA,NA,NA,NA
204.776,2.4161,18.9424,1.3206,24.2592,NA,NA,NA,NA,NA,NA,NA,NA,NA,NA,NA,NA
204.875,2.4174,19.0044,1.3198,24.1873,NA,NA,NA,NA,NA,NA,NA,NA,NA,NA,NA,NA
204.974,2.4174,19.0044,1.3196,24.1651,NA,NA,NA,NA,NA,NA,NA,NA,NA,NA,NA,NA
205.070,2.4076,18.5222,1.3186,24.0771,NA,NA,NA,NA,NA,NA,NA,NA,NA,NA,NA,NA
205.174,2.4061,18.4493,1.3180,24.0179,NA,NA,NA,NA,NA,NA,NA,NA,NA,NA,NA,NA
205.270,2.4061,18.4493,1.3173,23.9530,NA,NA,NA,NA,NA,NA,NA,NA,NA,NA,NA,NA
205.363,2.4018,18.2384,1.3174,23.9566,NA,NA,NA,NA,NA,NA,NA,NA,NA,NA,NA,NA
205.468,2.4002,18.1601,1.3174,23.9566,NA,NA,NA,NA,NA,NA,NA,NA,NA,NA,NA,NA
205.562,2.4012,18.2057,1.3166,23.8904,NA,NA,NA,NA,NA,NA,NA,NA,NA,NA,NA,NA
205.668,2.4012,18.2057,1.3166,23.8845,NA,NA,NA,NA,NA,NA,NA,NA,NA,NA,NA,NA
205.752,2.3993,18.1139,1.3164,23.8670,NA,NA,NA,NA,NA,NA,NA,NA,NA,NA,NA,NA
205.865,2.3981,18.0540,1.3159,23.8247,NA,NA,NA,NA,NA,NA,NA,NA,NA,NA,NA,NA
205.962,2.3962,17.9593,1.3158,23.8060,NA,NA,NA,NA,NA,NA,NA,NA,NA,NA,NA,NA
206.052,2.3962,17.9593,1.3147,23.7048,NA,NA,NA,NA,NA,NA,NA,NA,NA,NA,NA,NA
206.173,2.3950,17.9029,1.3141,23.6520,NA,NA,NA,NA,NA,NA,NA,NA,NA,NA,NA,NA
206.250,2.3950,17.9029,1.3139,23.6342,NA,NA,NA,NA,NA,NA,NA,NA,NA,NA,NA,NA
206.349,2.3879,17.5537,1.3139,23.6325,NA,NA,NA,NA,NA,NA,NA,NA,NA,NA,NA,NA
206.445,2.3885,17.5835,1.3134,23.5893,NA,NA,NA,NA,NA,NA,NA,NA,NA,NA,NA,NA
206.543,2.3885,17.5835,1.3119,23.4408,NA,NA,NA,NA,NA,NA,NA,NA,NA,NA,NA,NA
206.634,2.3953,17.9159,1.3111,23.3685,NA,NA,NA,NA,NA,NA,NA,NA,NA,NA,NA,NA
206.796,2.3953,17.9159,1.3106,23.3242,NA,NA,NA,NA,NA,NA,NA,NA,NA,NA,NA,NA
206.834,2.3884,17.5768,1.3097,23.2383,NA,NA,NA,NA,NA,NA,NA,NA,NA,NA,NA,NA
206.939,2.3884,17.5768,1.3096,23.2289,NA,NA,NA,NA,NA,NA,NA,NA,NA,NA,NA,NA
207.031,2.3839,17.3546,1.3096,23.2289,NA,NA,NA,NA,NA,NA,NA,NA,NA,NA,NA,NA
207.138,2.3783,17.0811,1.3091,23.1810,NA,NA,NA,NA,NA,NA,NA,NA,NA,NA,NA,NA
207.232,2.3776,17.0469,1.3084,23.1162,NA,NA,NA,NA,NA,NA,NA,NA,NA,NA,NA,NA
207.335,2.3765,16.9914,1.3078,23.0582,NA,NA,NA,NA,NA,NA,NA,NA,NA,NA,NA,NA
207.435,2.3765,16.9914,1.3071,22.9925,NA,NA,NA,NA,NA,NA,NA,NA,NA,NA,NA,NA
207.533,2.3774,17.0374,1.3062,22.9037,NA,NA,NA,NA,NA,NA,NA,NA,NA,NA,NA,NA
207.614,2.3774,17.0374,1.3056,22.8463,NA,NA,NA,NA,NA,NA,NA,NA,NA,NA,NA,NA
207.718,2.3722,16.7803,1.3042,22.7183,NA,NA,NA,NA,NA,NA,NA,NA,NA,NA,NA,NA
207.816,2.3722,16.7803,1.3040,22.7008,NA,NA,NA,NA,NA,NA,NA,NA,NA,NA,NA,NA
207.914,2.3718,16.7593,1.3033,22.6348,NA,NA,NA,NA,NA,NA,NA,NA,NA,NA,NA,NA
208.010,2.3700,16.6703,1.3035,22.6543,NA,NA,NA,NA,NA,NA,NA,NA,NA,NA,NA,NA
208.122,2.3709,16.7173,1.3035,22.6543,NA,NA,NA,NA,NA,NA,NA,NA,NA,NA,NA,NA
208.212,2.3709,16.7173,1.3029,22.5943,NA,NA,NA,NA,NA,NA,NA,NA,NA,NA,NA,NA
208.312,2.3700,16.6723,1.3020,22.5132,NA,NA,NA,NA,NA,NA,NA,NA,NA,NA,NA,NA
208.398,2.3684,16.5924,1.3015,22.4646,NA,NA,NA,NA,NA,NA,NA,NA,NA,NA,NA,NA
208.504,2.3684,16.5924,1.3003,22.3553,NA,NA,NA,NA,NA,NA,NA,NA,NA,NA,NA,NA
208.593,2.3610,16.2279,1.2991,22.2412,NA,NA,NA,NA,NA,NA,NA,NA,NA,NA,NA,NA
208.694,2.3554,15.9512,1.2985,22.1851,NA,NA,NA,NA,NA,NA,NA,NA,NA,NA,NA,NA
208.799,2.3545,15.9072,1.2977,22.1093,NA,NA,NA,NA,NA,NA,NA,NA,NA,NA,NA,NA
208.890,2.3549,15.9265,1.2971,22.0553,NA,NA,NA,NA,NA,NA,NA,NA,NA,NA,NA,NA
209.001,2.3549,15.9265,1.2961,21.9607,NA,NA,NA,NA,NA,NA,NA,NA,NA,NA,NA,NA
209.089,2.3551,15.9402,1.2957,21.9172,NA,NA,NA,NA,NA,NA,NA,NA,NA,NA,NA,NA
209.220,2.3551,15.9402,1.2958,21.9256,NA,NA,NA,NA,NA,NA,NA,NA,NA,NA,NA,NA
209.289,2.3505,15.7113,1.2960,21.9484,NA,NA,NA,NA,NA,NA,NA,NA,NA,NA,NA,NA
209.377,2.3505,15.7113,1.2960,21.9484,NA,NA,NA,NA,NA,NA,NA,NA,NA,NA,NA,NA
209.482,2.3459,15.4850,1.2956,21.9118,NA,NA,NA,NA,NA,NA,NA,NA,NA,NA,NA,NA
209.571,2.3463,15.5072,1.2956,21.9094,NA,NA,NA,NA,NA,NA,NA,NA,NA,NA,NA,NA
209.718,2.3463,15.5072,1.2954,21.8907,NA,NA,NA,NA,NA,NA,NA,NA,NA,NA,NA,NA
209.768,2.3439,15.3884,1.2954,21.8907,NA,NA,NA,NA,NA,NA,NA,NA,NA,NA,NA,NA
209.872,2.3439,15.3884,1.2944,21.7999,NA,NA,NA,NA,NA,NA,NA,NA,NA,NA,NA,NA
209.964,2.3426,15.3233,1.2931,21.6744,NA,NA,NA,NA,NA,NA,NA,NA,NA,NA,NA,NA
210.069,2.3426,15.3233,1.2931,21.6744,NA,NA,NA,NA,NA,NA,NA,NA,NA,NA,NA,NA
210.162,2.3367,15.0336,1.2924,21.6052,NA,NA,NA,NA,NA,NA,NA,NA,NA,NA,NA,NA
210.268,2.3372,15.0548,1.2922,21.5922,NA,NA,NA,NA,NA,NA,NA,NA,NA,NA,NA,NA
210.425,2.3372,15.0548,1.2918,21.5556,NA,NA,NA,NA,NA,NA,NA,NA,NA,NA,NA,NA
210.459,2.3351,14.9518,1.2915,21.5227,NA,NA,NA,NA,NA,NA,NA,NA,NA,NA,NA,NA
210.558,2.3351,14.9518,1.2912,21.4981,NA,NA,NA,NA,NA,NA,NA,NA,NA,NA,NA,NA
210.655,2.3378,15.0870,1.2908,21.4544,NA,NA,NA,NA,NA,NA,NA,NA,NA,NA,NA,NA
210.750,2.3378,15.0870,1.2911,21.4837,NA,NA,NA,NA,NA,NA,NA,NA,NA,NA,NA,NA
210.842,2.3284,14.6224,1.2911,21.4837,NA,NA,NA,NA,NA,NA,NA,NA,NA,NA,NA,NA
210.950,2.3232,14.3670,1.2909,21.4718,NA,NA,NA,NA,NA,NA,NA,NA,NA,NA,NA,NA
211.041,2.3242,14.4163,1.2900,21.3823,NA,NA,NA,NA,NA,NA,NA,NA,NA,NA,NA,NA
211.146,2.3278,14.5948,1.2898,21.3628,NA,NA,NA,NA,NA,NA,NA,NA,NA,NA,NA,NA
211.236,2.3278,14.5948,1.2888,21.2724,NA,NA,NA,NA,NA,NA,NA,NA,NA,NA,NA,NA
211.351,2.3216,14.2907,1.2883,21.2263,NA,NA,NA,NA,NA,NA,NA,NA,NA,NA,NA,NA
211.437,2.3179,14.1072,1.2867,21.0717,NA,NA,NA,NA,NA,NA,NA,NA,NA,NA,NA,NA
211.533,2.3118,13.8047,1.2865,21.0565,NA,NA,NA,NA,NA,NA,NA,NA,NA,NA,NA,NA
211.641,2.3118,13.8047,1.2865,21.0565,NA,NA,NA,NA,NA,NA,NA,NA,NA,NA,NA,NA
211.729,2.3116,13.7990,1.2865,21.0500,NA,NA,NA,NA,NA,NA,NA,NA,NA,NA,NA,NA
211.823,2.3116,13.7990,1.2849,20.8999,NA,NA,NA,NA,NA,NA,NA,NA,NA,NA,NA,NA
211.922,2.3116,13.7976,1.2840,20.8138,NA,NA,NA,NA,NA,NA,NA,NA,NA,NA,NA,NA
212.019,2.3116,13.7976,1.2838,20.7969,NA,NA,NA,NA,NA,NA,NA,NA,NA,NA,NA,NA
212.115,2.3129,13.8595,1.2851,20.9211,NA,NA,NA,NA,NA,NA,NA,NA,NA,NA,NA,NA
212.215,2.3129,13.8595,1.2851,20.9211,NA,NA,NA,NA,NA,NA,NA,NA,NA,NA,NA,NA
212.314,2.3095,13.6946,1.2834,20.7593,NA,NA,NA,NA,NA,NA,NA,NA,NA,NA,NA,NA
212.409,2.3110,13.7663,1.2834,20.7593,NA,NA,NA,NA,NA,NA,NA,NA,NA,NA,NA,NA
212.516,2.3110,13.7663,1.2828,20.7089,NA,NA,NA,NA,NA,NA,NA,NA,NA,NA,NA,NA
212.609,2.3069,13.5655,1.2828,20.7054,NA,NA,NA,NA,NA,NA,NA,NA,NA,NA,NA,NA
212.762,2.3069,13.5655,1.2808,20.5148,NA,NA,NA,NA,NA,NA,NA,NA,NA,NA,NA,NA
212.805,2.2968,13.0703,1.2811,20.5436,NA,NA,NA,NA,NA,NA,NA,NA,NA,NA,NA,NA
212.921,2.2958,13.0169,1.2822,20.6504,NA,NA,NA,NA,NA,NA,NA,NA,NA,NA,NA,NA
212.996,2.2943,12.9453,1.2822,20.6504,NA,NA,NA,NA,NA,NA,NA,NA,NA,NA,NA,NA
213.095,2.2996,13.2071,1.2811,20.5452,NA,NA,NA,NA,NA,NA,NA,NA,NA,NA,NA,NA
213.194,2.2996,13.2071,1.2807,20.5078,NA,NA,NA,NA,NA,NA,NA,NA,NA,NA,NA,NA
213.292,2.2969,13.0727,1.2807,20.5078,NA,NA,NA,NA,NA,NA,NA,NA,NA,NA,NA,NA
213.389,2.2969,13.0748,1.2789,20.3407,NA,NA,NA,NA,NA,NA,NA,NA,NA,NA,NA,NA
213.488,2.2969,13.0748,1.2784,20.2950,NA,NA,NA,NA,NA,NA,NA,NA,NA,NA,NA,NA
213.591,2.2956,13.0096,1.2770,20.1640,NA,NA,NA,NA,NA,NA,NA,NA,NA,NA,NA,NA
213.685,2.2940,12.9285,1.2770,20.1597,NA,NA,NA,NA,NA,NA,NA,NA,NA,NA,NA,NA
213.786,2.2907,12.7662,1.2771,20.1729,NA,NA,NA,NA,NA,NA,NA,NA,NA,NA,NA,NA
213.922,2.2776,12.1206,1.2771,20.1729,NA,NA,NA,NA,NA,NA,NA,NA,NA,NA,NA,NA
213.986,2.2859,12.5339,1.2773,20.1878,NA,NA,NA,NA,NA,NA,NA,NA,NA,NA,NA,NA
214.083,2.2859,12.5339,1.2773,20.1878,NA,NA,NA,NA,NA,NA,NA,NA,NA,NA,NA,NA
214.198,2.2836,12.4197,1.2764,20.1075,NA,NA,NA,NA,NA,NA,NA,NA,NA,NA,NA,NA
214.270,2.2850,12.4891,1.2764,20.1075,NA,NA,NA,NA,NA,NA,NA,NA,NA,NA,NA,NA
214.369,2.2850,12.4891,1.2755,20.0152,NA,NA,NA,NA,NA,NA,NA,NA,NA,NA,NA,NA
214.514,2.2836,12.4180,1.2758,20.0491,NA,NA,NA,NA,NA,NA,NA,NA,NA,NA,NA,NA
214.573,2.2824,12.3602,1.2758,20.0491,NA,NA,NA,NA,NA,NA,NA,NA,NA,NA,NA,NA
214.663,2.2881,12.6419,1.2761,20.0735,NA,NA,NA,NA,NA,NA,NA,NA,NA,NA,NA,NA
214.772,2.2881,12.6419,1.2761,20.0735,NA,NA,NA,NA,NA,NA,NA,NA,NA,NA,NA,NA
214.865,2.2895,12.7087,1.2750,19.9708,NA,NA,NA,NA,NA,NA,NA,NA,NA,NA,NA,NA
214.956,2.2895,12.7087,1.2733,19.8148,NA,NA,NA,NA,NA,NA,NA,NA,NA,NA,NA,NA
215.064,2.2824,12.3606,1.2723,19.7216,NA,NA,NA,NA,NA,NA,NA,NA,NA,NA,NA,NA
215.153,2.2824,12.3606,1.2723,19.7203,NA,NA,NA,NA,NA,NA,NA,NA,NA,NA,NA,NA
215.254,2.2786,12.1725,1.2731,19.7915,NA,NA,NA,NA,NA,NA,NA,NA,NA,NA,NA,NA
215.356,2.2787,12.1782,1.2731,19.7915,NA,NA,NA,NA,NA,NA,NA,NA,NA,NA,NA,NA
215.451,2.2797,12.2286,1.2727,19.7555,NA,NA,NA,NA,NA,NA,NA,NA,NA,NA,NA,NA
215.546,2.2797,12.2286,1.2709,19.5813,NA,NA,NA,NA,NA,NA,NA,NA,NA,NA,NA,NA
215.648,2.2789,12.1861,1.2699,19.4912,NA,NA,NA,NA,NA,NA,NA,NA,NA,NA,NA,NA
215.750,2.2764,12.0626,1.2695,19.4521,NA,NA,NA,NA,NA,NA,NA,NA,NA,NA,NA,NA
215.838,2.2758,12.0358,1.2681,19.3213,NA,NA,NA,NA,NA,NA,NA,NA,NA,NA,NA,NA
215.942,2.2746,11.9776,1.2694,19.4482,NA,NA,NA,NA,NA,NA,NA,NA,NA,NA,NA,NA
216.038,2.2743,11.9595,1.2696,19.4619,NA,NA,NA,NA,NA,NA,NA,NA,NA,NA,NA,NA
216.137,2.2683,11.6655,1.2696,19.4619,NA,NA,NA,NA,NA,NA,NA,NA,NA,NA,NA,NA
216.232,2.2701,11.7527,1.2687,19.3753,NA,NA,NA,NA,NA,NA,NA,NA,NA,NA,NA,NA
216.335,2.2701,11.7527,1.2681,19.3212,NA,NA,NA,NA,NA,NA,NA,NA,NA,NA,NA,NA
216.427,2.2775,12.1191,1.2677,19.2860,NA,NA,NA,NA,NA,NA,NA,NA,NA,NA,NA,NA
216.529,2.2775,12.1191,1.2674,19.2595,NA,NA,NA,NA,NA,NA,NA,NA,NA,NA,NA,NA
216.627,2.2734,11.9148,1.2674,19.2584,NA,NA,NA,NA,NA,NA,NA,NA,NA,NA,NA,NA
216.726,2.2734,11.9148,1.2672,19.2385,NA,NA,NA,NA,NA,NA,NA,NA,NA,NA,NA,NA
216.816,2.2595,11.2308,1.2672,19.2385,NA,NA,NA,NA,NA,NA,NA,NA,NA,NA,NA,NA
216.949,2.2629,11.3976,1.2670,19.2174,NA,NA,NA,NA,NA,NA,NA,NA,NA,NA,NA,NA
217.017,2.2668,11.5935,1.2656,19.0863,NA,NA,NA,NA,NA,NA,NA,NA,NA,NA,NA,NA
217.109,2.2668,11.5935,1.2654,19.0641,NA,NA,NA,NA,NA,NA,NA,NA,NA,NA,NA,NA
217.208,2.2651,11.5083,1.2648,19.0118,NA,NA,NA,NA,NA,NA,NA,NA,NA,NA,NA,NA
217.311,2.2637,11.4387,1.2646,18.9896,NA,NA,NA,NA,NA,NA,NA,NA,NA,NA,NA,NA
217.405,2.2634,11.4232,1.2645,18.9805,NA,NA,NA,NA,NA,NA,NA,NA,NA,NA,NA,NA
217.545,2.2655,11.5275,1.2645,18.9805,NA,NA,NA,NA,NA,NA,NA,NA,NA,NA,NA,NA
217.600,2.2655,11.5275,1.2641,18.9449,NA,NA,NA,NA,NA,NA,NA,NA,NA,NA,NA,NA
217.697,2.2644,11.4730,1.2635,18.8934,NA,NA,NA,NA,NA,NA,NA,NA,NA,NA,NA,NA
217.795,2.2644,11.4730,1.2619,18.7427,NA,NA,NA,NA,NA,NA,NA,NA,NA,NA,NA,NA
217.905,2.2630,11.4023,1.2615,18.7047,NA,NA,NA,NA,NA,NA,NA,NA,NA,NA,NA,NA
217.995,2.2630,11.4023,1.2609,18.6437,NA,NA,NA,NA,NA,NA,NA,NA,NA,NA,NA,NA
218.091,2.2555,11.0353,1.2610,18.6570,NA,NA,NA,NA,NA,NA,NA,NA,NA,NA,NA,NA
218.198,2.2599,11.2508,1.2610,18.6570,NA,NA,NA,NA,NA,NA,NA,NA,NA,NA,NA,NA
218.290,2.2600,11.2563,1.2595,18.5171,NA,NA,NA,NA,NA,NA,NA,NA,NA,NA,NA,NA
218.386,2.2600,11.2563,1.2595,18.5134,NA,NA,NA,NA,NA,NA,NA,NA,NA,NA,NA,NA
218.481,2.2593,11.2232,1.2595,18.5109,NA,NA,NA,NA,NA,NA,NA,NA,NA,NA,NA,NA
218.588,2.2571,11.1160,1.2592,18.4872,NA,NA,NA,NA,NA,NA,NA,NA,NA,NA,NA,NA
218.691,2.2571,11.1160,1.2583,18.4013,NA,NA,NA,NA,NA,NA,NA,NA,NA,NA,NA,NA
218.808,2.2513,10.8284,1.2579,18.3660,NA,NA,NA,NA,NA,NA,NA,NA,NA,NA,NA,NA
218.889,2.2503,10.7772,1.2577,18.3482,NA,NA,NA,NA,NA,NA,NA,NA,NA,NA,NA,NA
218.975,2.2480,10.6669,1.2570,18.2795,NA,NA,NA,NA,NA,NA,NA,NA,NA,NA,NA,NA
219.072,2.2470,10.6181,1.2565,18.2273,NA,NA,NA,NA,NA,NA,NA,NA,NA,NA,NA,NA
219.167,2.2481,10.6709,1.2565,18.2273,NA,NA,NA,NA,NA,NA,NA,NA,NA,NA,NA,NA
219.307,2.2485,10.6899,1.2555,18.1396,NA,NA,NA,NA,NA,NA,NA,NA,NA,NA,NA,NA
219.361,2.2485,10.6899,1.2546,18.0546,NA,NA,NA,NA,NA,NA,NA,NA,NA,NA,NA,NA
219.465,2.2467,10.6020,1.2544,18.0359,NA,NA,NA,NA,NA,NA,NA,NA,NA,NA,NA,NA
219.571,2.2440,10.4674,1.2544,18.0359,NA,NA,NA,NA,NA,NA,NA,NA,NA,NA,NA,NA
219.655,2.2440,10.4674,1.2522,17.8276,NA,NA,NA,NA,NA,NA,NA,NA,NA,NA,NA,NA
219.749,2.2456,10.5466,1.2522,17.8276,NA,NA,NA,NA,NA,NA,NA,NA,NA,NA,NA,NA
219.886,2.2456,10.5466,1.2510,17.7164,NA,NA,NA,NA,NA,NA,NA,NA,NA,NA,NA,NA
219.949,2.2475,10.6431,1.2512,17.7325,NA,NA,NA,NA,NA,NA,NA,NA,NA,NA,NA,NA
220.048,2.2475,10.6431,1.2512,17.7325,NA,NA,NA,NA,NA,NA,NA,NA,NA,NA,NA,NA
220.144,2.2410,10.3215,1.2505,17.6699,NA,NA,NA,NA,NA,NA,NA,NA,NA,NA,NA,NA
220.255,2.2410,10.3215,1.2500,17.6211,NA,NA,NA,NA,NA,NA,NA,NA,NA,NA,NA,NA
220.341,2.2391,10.2291,1.2502,17.6369,NA,NA,NA,NA,NA,NA,NA,NA,NA,NA,NA,NA
220.448,2.2391,10.2291,1.2502,17.6369,NA,NA,NA,NA,NA,NA,NA,NA,NA,NA,NA,NA
220.538,2.2352,10.0365,1.2498,17.6040,NA,NA,NA,NA,NA,NA,NA,NA,NA,NA,NA,NA
220.636,2.2398,10.2616,1.2496,17.5791,NA,NA,NA,NA,NA,NA,NA,NA,NA,NA,NA,NA
220.731,2.2398,10.2616,1.2504,17.6577,NA,NA,NA,NA,NA,NA,NA,NA,NA,NA,NA,NA
220.842,2.2424,10.3890,1.2504,17.6577,NA,NA,NA,NA,NA,NA,NA,NA,NA,NA,NA,NA
220.929,2.2424,10.3890,1.2500,17.6156,NA,NA,NA,NA,NA,NA,NA,NA,NA,NA,NA,NA
221.041,2.2405,10.2981,1.2496,17.5771,NA,NA,NA,NA,NA,NA,NA,NA,NA,NA,NA,NA
221.131,2.2387,10.2089,1.2469,17.3235,NA,NA,NA,NA,NA,NA,NA,NA,NA,NA,NA,NA
221.237,2.2378,10.1656,1.2466,17.2976,NA,NA,NA,NA,NA,NA,NA,NA,NA,NA,NA,NA
221.318,2.2381,10.1806,1.2460,17.2467,NA,NA,NA,NA,NA,NA,NA,NA,NA,NA,NA,NA
221.427,2.2381,10.1806,1.2458,17.2285,NA,NA,NA,NA,NA,NA,NA,NA,NA,NA,NA,NA
221.522,2.2383,10.1905,1.2458,17.2285,NA,NA,NA,NA,NA,NA,NA,NA,NA,NA,NA,NA
221.623,2.2383,10.1905,1.2459,17.2293,NA,NA,NA,NA,NA,NA,NA,NA,NA,NA,NA,NA
221.714,2.2353,10.0384,1.2459,17.2293,NA,NA,NA,NA,NA,NA,NA,NA,NA,NA,NA,NA
221.821,2.2327,9.9107,1.2441,17.0672,NA,NA,NA,NA,NA,NA,NA,NA,NA,NA,NA,NA
221.910,2.2328,9.9175,1.2444,17.0918,NA,NA,NA,NA,NA,NA,NA,NA,NA,NA,NA,NA
222.005,2.2328,9.9175,1.2444,17.0918,NA,NA,NA,NA,NA,NA,NA,NA,NA,NA,NA,NA
222.107,2.2327,9.9127,1.2457,17.2164,NA,NA,NA,NA,NA,NA,NA,NA,NA,NA,NA,NA
222.203,2.2389,10.2190,1.2457,17.2164,NA,NA,NA,NA,NA,NA,NA,NA,NA,NA,NA,NA
222.343,2.2389,10.2190,1.2449,17.1400,NA,NA,NA,NA,NA,NA,NA,NA,NA,NA,NA,NA
222.406,2.2357,10.0618,1.2448,17.1279,NA,NA,NA,NA,NA,NA,NA,NA,NA,NA,NA,NA
222.495,2.2357,10.0618,1.2439,17.0430,NA,NA,NA,NA,NA,NA,NA,NA,NA,NA,NA,NA
222.604,2.2311,9.8351,1.2439,17.0443,NA,NA,NA,NA,NA,NA,NA,NA,NA,NA,NA,NA
222.693,2.2260,9.5807,1.2441,17.0609,NA,NA,NA,NA,NA,NA,NA,NA,NA,NA,NA,NA
222.785,2.2252,9.5434,1.2446,17.1091,NA,NA,NA,NA,NA,NA,NA,NA,NA,NA,NA,NA
222.922,2.2233,9.4509,1.2446,17.1091,NA,NA,NA,NA,NA,NA,NA,NA,NA,NA,NA,NA
222.982,2.2233,9.4509,1.2438,17.0399,NA,NA,NA,NA,NA,NA,NA,NA,NA,NA,NA,NA
223.091,2.2249,9.5297,1.2438,17.0399,NA,NA,NA,NA,NA,NA,NA,NA,NA,NA,NA,NA
223.181,2.2249,9.5297,1.2429,16.9538,NA,NA,NA,NA,NA,NA,NA,NA,NA,NA,NA,NA
223.279,2.2221,9.3917,1.2417,16.8356,NA,NA,NA,NA,NA,NA,NA,NA,NA,NA,NA,NA
223.390,2.2160,9.0899,1.2461,17.2560,NA,NA,NA,NA,NA,NA,NA,NA,NA,NA,NA,NA
223.543,2.2594,11.2259,1.2591,18.4760,NA,NA,NA,NA,NA,NA,NA,NA,NA,NA,NA,NA
223.569,2.3110,13.7672,1.2726,19.7447,NA,NA,NA,NA,NA,NA,NA,NA,NA,NA,NA,NA
223.674,2.3293,14.6681,1.2858,20.9882,NA,NA,NA,NA,NA,NA,NA,NA,NA,NA,NA,NA
223.772,2.3617,16.2632,1.2913,21.5075,NA,NA,NA,NA,NA,NA,NA,NA,NA,NA,NA,NA
223.870,2.3646,16.4047,1.2928,21.6469,NA,NA,NA,NA,NA,NA,NA,NA,NA,NA,NA,NA
223.966,2.3687,16.6059,1.2951,21.8584,NA,NA,NA,NA,NA,NA,NA,NA,NA,NA,NA,NA
224.059,2.3687,16.6059,1.2951,21.8584,NA,NA,NA,NA,NA,NA,NA,NA,NA,NA,NA,NA
224.193,2.3636,16.3567,1.2946,21.8185,NA,NA,NA,NA,NA,NA,NA,NA,NA,NA,NA,NA
224.257,2.3563,15.9966,1.2942,21.7781,NA,NA,NA,NA,NA,NA,NA,NA,NA,NA,NA,NA
224.355,2.3559,15.9754,1.2942,21.7781,NA,NA,NA,NA,NA,NA,NA,NA,NA,NA,NA,NA
224.460,2.3499,15.6815,1.2933,21.6959,NA,NA,NA,NA,NA,NA,NA,NA,NA,NA,NA,NA
224.549,2.3414,15.2633,1.2924,21.6101,NA,NA,NA,NA,NA,NA,NA,NA,NA,NA,NA,NA
224.646,2.3285,14.6294,1.2904,21.4230,NA,NA,NA,NA,NA,NA,NA,NA,NA,NA,NA,NA
224.777,2.3285,14.6294,1.2893,21.3214,NA,NA,NA,NA,NA,NA,NA,NA,NA,NA,NA,NA
224.845,2.3209,14.2550,1.2872,21.1231,NA,NA,NA,NA,NA,NA,NA,NA,NA,NA,NA,NA
224.945,2.3156,13.9935,1.2841,20.8269,NA,NA,NA,NA,NA,NA,NA,NA,NA,NA,NA,NA
225.045,2.3112,13.7751,1.2829,20.7167,NA,NA,NA,NA,NA,NA,NA,NA,NA,NA,NA,NA
225.139,2.3112,13.7751,1.2808,20.5138,NA,NA,NA,NA,NA,NA,NA,NA,NA,NA,NA,NA
225.247,2.2955,13.0044,1.2799,20.4301,NA,NA,NA,NA,NA,NA,NA,NA,NA,NA,NA,NA
225.357,2.2955,13.0044,1.2780,20.2545,NA,NA,NA,NA,NA,NA,NA,NA,NA,NA,NA,NA
225.431,2.2892,12.6923,1.2775,20.2085,NA,NA,NA,NA,NA,NA,NA,NA,NA,NA,NA,NA
225.536,2.2832,12.3992,1.2751,19.9831,NA,NA,NA,NA,NA,NA,NA,NA,NA,NA,NA,NA
225.631,2.2832,12.3992,1.2738,19.8622,NA,NA,NA,NA,NA,NA,NA,NA,NA,NA,NA,NA
225.735,2.2831,12.3933,1.2725,19.7372,NA,NA,NA,NA,NA,NA,NA,NA,NA,NA,NA,NA
225.823,2.2831,12.3933,1.2717,19.6613,NA,NA,NA,NA,NA,NA,NA,NA,NA,NA,NA,NA
225.929,2.2934,12.9010,1.2708,19.5774,NA,NA,NA,NA,NA,NA,NA,NA,NA,NA,NA,NA
226.025,2.3097,13.7021,1.2772,20.1802,NA,NA,NA,NA,NA,NA,NA,NA,NA,NA,NA,NA
226.119,2.3302,14.7104,1.2874,21.1351,NA,NA,NA,NA,NA,NA,NA,NA,NA,NA,NA,NA
226.222,2.3666,16.5049,1.2935,21.7140,NA,NA,NA,NA,NA,NA,NA,NA,NA,NA,NA,NA
226.315,2.4131,18.7910,1.3073,23.0116,NA,NA,NA,NA,NA,NA,NA,NA,NA,NA,NA,NA
226.410,2.4422,20.2248,1.3165,23.8787,NA,NA,NA,NA,NA,NA,NA,NA,NA,NA,NA,NA
226.537,2.4593,21.0689,1.3247,24.6488,NA,NA,NA,NA,NA,NA,NA,NA,NA,NA,NA,NA
226.609,2.4904,22.5989,1.3300,25.1474,NA,NA,NA,NA,NA,NA,NA,NA,NA,NA,NA,NA
226.714,2.4959,22.8695,1.3346,25.5834,NA,NA,NA,NA,NA,NA,NA,NA,NA,NA,NA,NA
226.807,2.5213,24.1217,1.3394,26.0319,NA,NA,NA,NA,NA,NA,NA,NA,NA,NA,NA,NA
226.900,2.5398,25.0290,1.3420,26.2758,NA,NA,NA,NA,NA,NA,NA,NA,NA,NA,NA,NA
227.000,2.5468,25.3731,1.3436,26.4311,NA,NA,NA,NA,NA,NA,NA,NA,NA,NA,NA,NA
227.118,2.5650,26.2715,1.3495,26.9808,NA,NA,NA,NA,NA,NA,NA,NA,NA,NA,NA,NA
227.198,2.5695,26.4905,1.3540,27.4092,NA,NA,NA,NA,NA,NA,NA,NA,NA,NA,NA,NA
227.291,2.5823,27.1206,1.3569,27.6798,NA,NA,NA,NA,NA,NA,NA,NA,NA,NA,NA,NA
227.387,2.5838,27.1949,1.3628,28.2303,NA,NA,NA,NA,NA,NA,NA,NA,NA,NA,NA,NA
227.495,2.6195,28.9546,1.3692,28.8313,NA,NA,NA,NA,NA,NA,NA,NA,NA,NA,NA,NA
227.586,2.6209,29.0241,1.3747,29.3498,NA,NA,NA,NA,NA,NA,NA,NA,NA,NA,NA,NA
227.745,2.6334,29.6375,1.3795,29.8029,NA,NA,NA,NA,NA,NA,NA,NA,NA,NA,NA,NA
227.808,2.6372,29.8264,1.3856,30.3797,NA,NA,NA,NA,NA,NA,NA,NA,NA,NA,NA,NA
227.883,2.6455,30.2318,1.3912,30.9019,NA,NA,NA,NA,NA,NA,NA,NA,NA,NA,NA,NA
227.976,2.6496,30.4346,1.3942,31.1893,NA,NA,NA,NA,NA,NA,NA,NA,NA,NA,NA,NA
228.079,2.6551,30.7052,1.3978,31.5265,NA,NA,NA,NA,NA,NA,NA,NA,NA,NA,NA,NA
228.174,2.6561,30.7581,1.4020,31.9229,NA,NA,NA,NA,NA,NA,NA,NA,NA,NA,NA,NA
228.281,2.6561,30.7581,1.4029,32.0097,NA,NA,NA,NA,NA,NA,NA,NA,NA,NA,NA,NA
228.408,2.6599,30.9439,1.4031,32.0297,NA,NA,NA,NA,NA,NA,NA,NA,NA,NA,NA,NA
228.471,2.6599,30.9439,1.4031,32.0297,NA,NA,NA,NA,NA,NA,NA,NA,NA,NA,NA,NA
228.563,2.6543,30.6664,1.4028,31.9956,NA,NA,NA,NA,NA,NA,NA,NA,NA,NA,NA,NA
228.663,2.6543,30.6664,1.4021,31.9311,NA,NA,NA,NA,NA,NA,NA,NA,NA,NA,NA,NA
228.766,2.6513,30.5204,1.4011,31.8372,NA,NA,NA,NA,NA,NA,NA,NA,NA,NA,NA,NA
228.863,2.6512,30.5136,1.3992,31.6536,NA,NA,NA,NA,NA,NA,NA,NA,NA,NA,NA,NA
229.015,2.6411,30.0194,1.3960,31.3553,NA,NA,NA,NA,NA,NA,NA,NA,NA,NA,NA,NA
229.059,2.6265,29.2972,1.3950,31.2634,NA,NA,NA,NA,NA,NA,NA,NA,NA,NA,NA,NA
229.154,2.6204,28.9961,1.3929,31.0695,NA,NA,NA,NA,NA,NA,NA,NA,NA,NA,NA,NA
229.253,2.6186,28.9113,1.3902,30.8069,NA,NA,NA,NA,NA,NA,NA,NA,NA,NA,NA,NA
229.349,2.6167,28.8172,1.3876,30.5652,NA,NA,NA,NA,NA,NA,NA,NA,NA,NA,NA,NA
229.445,2.6027,28.1269,1.3835,30.1833,NA,NA,NA,NA,NA,NA,NA,NA,NA,NA,NA,NA
229.580,2.5974,27.8648,1.3812,29.9686,NA,NA,NA,NA,NA,NA,NA,NA,NA,NA,NA,NA
229.642,2.5789,26.9565,1.3792,29.7736,NA,NA,NA,NA,NA,NA,NA,NA,NA,NA,NA,NA
229.742,2.5696,26.4981,1.3769,29.5574,NA,NA,NA,NA,NA,NA,NA,NA,NA,NA,NA,NA
229.836,2.5667,26.3526,1.3755,29.4256,NA,NA,NA,NA,NA,NA,NA,NA,NA,NA,NA,NA
229.936,2.5624,26.1455,1.3726,29.1589,NA,NA,NA,NA,NA,NA,NA,NA,NA,NA,NA,NA
230.035,2.5609,26.0684,1.3709,28.9964,NA,NA,NA,NA,NA,NA,NA,NA,NA,NA,NA,NA
230.146,2.5540,25.7295,1.3689,28.8115,NA,NA,NA,NA,NA,NA,NA,NA,NA,NA,NA,NA
230.232,2.5506,25.5636,1.3675,28.6724,NA,NA,NA,NA,NA,NA,NA,NA,NA,NA,NA,NA
230.329,2.5434,25.2084,1.3657,28.5038,NA,NA,NA,NA,NA,NA,NA,NA,NA,NA,NA,NA
230.431,2.5434,25.2084,1.3627,28.2191,NA,NA,NA,NA,NA,NA,NA,NA,NA,NA,NA,NA
230.525,2.5361,24.8506,1.3621,28.1664,NA,NA,NA,NA,NA,NA,NA,NA,NA,NA,NA,NA
230.622,2.5317,24.6333,1.3621,28.1664,NA,NA,NA,NA,NA,NA,NA,NA,NA,NA,NA,NA
230.731,2.5314,24.6181,1.3600,27.9681,NA,NA,NA,NA,NA,NA,NA,NA,NA,NA,NA,NA
230.841,2.5207,24.0899,1.3592,27.8932,NA,NA,NA,NA,NA,NA,NA,NA,NA,NA,NA,NA
230.914,2.5207,24.0899,1.3574,27.7209,NA,NA,NA,NA,NA,NA,NA,NA,NA,NA,NA,NA
231.014,2.5169,23.9011,1.3568,27.6656,NA,NA,NA,NA,NA,NA,NA,NA,NA,NA,NA,NA
231.113,2.5161,23.8662,1.3546,27.4587,NA,NA,NA,NA,NA,NA,NA,NA,NA,NA,NA,NA
231.214,2.5138,23.7484,1.3534,27.3494,NA,NA,NA,NA,NA,NA,NA,NA,NA,NA,NA,NA
231.335,2.5000,23.0699,1.3528,27.2922,NA,NA,NA,NA,NA,NA,NA,NA,NA,NA,NA,NA
231.406,2.4985,22.9952,1.3528,27.2922,NA,NA,NA,NA,NA,NA,NA,NA,NA,NA,NA,NA
231.505,2.5017,23.1533,1.3523,27.2433,NA,NA,NA,NA,NA,NA,NA,NA,NA,NA,NA,NA
231.600,2.5036,23.2509,1.3523,27.2433,NA,NA,NA,NA,NA,NA,NA,NA,NA,NA,NA,NA
231.699,2.5036,23.2509,1.3522,27.2346,NA,NA,NA,NA,NA,NA,NA,NA,NA,NA,NA,NA
231.802,2.4991,23.0255,1.3500,27.0244,NA,NA,NA,NA,NA,NA,NA,NA,NA,NA,NA,NA
231.928,2.4991,23.0255,1.3492,26.9570,NA,NA,NA,NA,NA,NA,NA,NA,NA,NA,NA,NA
231.996,2.4958,22.8648,1.3492,26.9570,NA,NA,NA,NA,NA,NA,NA,NA,NA,NA,NA,NA
232.092,2.4905,22.6017,1.3477,26.8088,NA,NA,NA,NA,NA,NA,NA,NA,NA,NA,NA,NA
232.190,2.4905,22.6016,1.3471,26.7579,NA,NA,NA,NA,NA,NA,NA,NA,NA,NA,NA,NA
232.288,2.4905,22.6016,1.3482,26.8620,NA,NA,NA,NA,NA,NA,NA,NA,NA,NA,NA,NA
232.385,2.4918,22.6658,1.3482,26.8620,NA,NA,NA,NA,NA,NA,NA,NA,NA,NA,NA,NA
232.534,2.4918,22.6658,1.3484,26.8775,NA,NA,NA,NA,NA,NA,NA,NA,NA,NA,NA,NA
232.587,2.4852,22.3437,1.3484,26.8775,NA,NA,NA,NA,NA,NA,NA,NA,NA,NA,NA,NA
232.677,2.4852,22.3437,1.3474,26.7876,NA,NA,NA,NA,NA,NA,NA,NA,NA,NA,NA,NA
232.786,2.4729,21.7372,1.3473,26.7712,NA,NA,NA,NA,NA,NA,NA,NA,NA,NA,NA,NA
232.874,2.4687,21.5293,1.3473,26.7712,NA,NA,NA,NA,NA,NA,NA,NA,NA,NA,NA,NA
232.976,2.4687,21.5293,1.3462,26.6664,NA,NA,NA,NA,NA,NA,NA,NA,NA,NA,NA,NA
233.069,2.4687,21.5289,1.3457,26.6237,NA,NA,NA,NA,NA,NA,NA,NA,NA,NA,NA,NA
233.215,2.4657,21.3814,1.3457,26.6208,NA,NA,NA,NA,NA,NA,NA,NA,NA,NA,NA,NA
233.265,2.4657,21.3814,1.3447,26.5312,NA,NA,NA,NA,NA,NA,NA,NA,NA,NA,NA,NA
233.364,2.4645,21.3222,1.3429,26.3589,NA,NA,NA,NA,NA,NA,NA,NA,NA,NA,NA,NA
233.460,2.4583,21.0193,1.3420,26.2804,NA,NA,NA,NA,NA,NA,NA,NA,NA,NA,NA,NA
233.570,2.4576,20.9850,1.3420,26.2804,NA,NA,NA,NA,NA,NA,NA,NA,NA,NA,NA,NA
233.658,2.4529,20.7531,1.3422,26.2937,NA,NA,NA,NA,NA,NA,NA,NA,NA,NA,NA,NA
233.807,2.4584,21.0215,1.3422,26.2937,NA,NA,NA,NA,NA,NA,NA,NA,NA,NA,NA,NA
233.860,2.4584,21.0215,1.3420,26.2751,NA,NA,NA,NA,NA,NA,NA,NA,NA,NA,NA,NA
233.958,2.4583,21.0177,1.3418,26.2579,NA,NA,NA,NA,NA,NA,NA,NA,NA,NA,NA,NA
234.050,2.4583,21.0177,1.3404,26.1274,NA,NA,NA,NA,NA,NA,NA,NA,NA,NA,NA,NA
234.141,2.4503,20.6263,1.3394,26.0313,NA,NA,NA,NA,NA,NA,NA,NA,NA,NA,NA,NA
234.243,2.4492,20.5713,1.3388,25.9746,NA,NA,NA,NA,NA,NA,NA,NA,NA,NA,NA,NA
234.374,2.4453,20.3805,1.3397,26.0632,NA,NA,NA,NA,NA,NA,NA,NA,NA,NA,NA,NA
234.440,2.4415,20.1922,1.3397,26.0632,NA,NA,NA,NA,NA,NA,NA,NA,NA,NA,NA,NA
234.549,2.4438,20.3062,1.3378,25.8851,NA,NA,NA,NA,NA,NA,NA,NA,NA,NA,NA,NA
234.637,2.4438,20.3062,1.3375,25.8566,NA,NA,NA,NA,NA,NA,NA,NA,NA,NA,NA,NA
234.741,2.4399,20.1142,1.3375,25.8566,NA,NA,NA,NA,NA,NA,NA,NA,NA,NA,NA,NA
234.830,2.4360,19.9199,1.3351,25.6232,NA,NA,NA,NA,NA,NA,NA,NA,NA,NA,NA,NA
234.970,2.4240,19.3305,1.3361,25.7162,NA,NA,NA,NA,NA,NA,NA,NA,NA,NA,NA,NA
235.026,2.4306,19.6527,1.3361,25.7162,NA,NA,NA,NA,NA,NA,NA,NA,NA,NA,NA,NA
235.136,2.4306,19.6527,1.3358,25.6880,NA,NA,NA,NA,NA,NA,NA,NA,NA,NA,NA,NA
235.222,2.4270,19.4801,1.3358,25.6880,NA,NA,NA,NA,NA,NA,NA,NA,NA,NA,NA,NA
235.329,2.4273,19.4939,1.3350,25.6163,NA,NA,NA,NA,NA,NA,NA,NA,NA,NA,NA,NA
235.419,2.4310,19.6748,1.3345,25.5658,NA,NA,NA,NA,NA,NA,NA,NA,NA,NA,NA,NA
235.569,2.4310,19.6748,1.3343,25.5541,NA,NA,NA,NA,NA,NA,NA,NA,NA,NA,NA,NA
235.614,2.4293,19.5925,1.3343,25.5541,NA,NA,NA,NA,NA,NA,NA,NA,NA,NA,NA,NA
235.717,2.4266,19.4561,1.3341,25.5310,NA,NA,NA,NA,NA,NA,NA,NA,NA,NA,NA,NA
235.813,2.4266,19.4561,1.3339,25.5144,NA,NA,NA,NA,NA,NA,NA,NA,NA,NA,NA,NA
235.910,2.4307,19.6600,1.3333,25.4574,NA,NA,NA,NA,NA,NA,NA,NA,NA,NA,NA,NA
236.010,2.4307,19.6600,1.3330,25.4320,NA,NA,NA,NA,NA,NA,NA,NA,NA,NA,NA,NA
236.125,2.4269,19.4732,1.3320,25.3312,NA,NA,NA,NA,NA,NA,NA,NA,NA,NA,NA,NA
236.210,2.4269,19.4732,1.3320,25.3312,NA,NA,NA,NA,NA,NA,NA,NA,NA,NA,NA,NA
236.297,2.4188,19.0717,1.3312,25.2611,NA,NA,NA,NA,NA,NA,NA,NA,NA,NA,NA,NA
236.405,2.4173,19.0001,1.3309,25.2293,NA,NA,NA,NA,NA,NA,NA,NA,NA,NA,NA,NA
236.498,2.4121,18.7444,1.3305,25.1930,NA,NA,NA,NA,NA,NA,NA,NA,NA,NA,NA,NA
236.596,2.4226,19.2591,1.3305,25.1930,NA,NA,NA,NA,NA,NA,NA,NA,NA,NA,NA,NA
236.700,2.4226,19.2591,1.3299,25.1392,NA,NA,NA,NA,NA,NA,NA,NA,NA,NA,NA,NA
236.809,2.4266,19.4592,1.3283,24.9833,NA,NA,NA,NA,NA,NA,NA,NA,NA,NA,NA,NA
236.891,2.4266,19.4592,1.3279,24.9474,NA,NA,NA,NA,NA,NA,NA,NA,NA,NA,NA,NA
236.988,2.4186,19.0627,1.3282,24.9795,NA,NA,NA,NA,NA,NA,NA,NA,NA,NA,NA,NA
237.082,2.4146,18.8682,1.3282,24.9795,NA,NA,NA,NA,NA,NA,NA,NA,NA,NA,NA,NA
237.182,2.4120,18.7393,1.3281,24.9679,NA,NA,NA,NA,NA,NA,NA,NA,NA,NA,NA,NA
237.324,2.4127,18.7753,1.3279,24.9471,NA,NA,NA,NA,NA,NA,NA,NA,NA,NA,NA,NA
237.376,2.4127,18.7753,1.3266,24.8257,NA,NA,NA,NA,NA,NA,NA,NA,NA,NA,NA,NA
237.486,2.4131,18.7939,1.3266,24.8257,NA,NA,NA,NA,NA,NA,NA,NA,NA,NA,NA,NA
237.575,2.4131,18.7939,1.3256,24.7363,NA,NA,NA,NA,NA,NA,NA,NA,NA,NA,NA,NA
237.671,2.4067,18.4777,1.3249,24.6682,NA,NA,NA,NA,NA,NA,NA,NA,NA,NA,NA,NA
237.767,2.4067,18.4777,1.3238,24.5660,NA,NA,NA,NA,NA,NA,NA,NA,NA,NA,NA,NA
237.874,2.4065,18.4695,1.3234,24.5236,NA,NA,NA,NA,NA,NA,NA,NA,NA,NA,NA,NA
237.963,2.4015,18.2213,1.3227,24.4622,NA,NA,NA,NA,NA,NA,NA,NA,NA,NA,NA,NA
238.067,2.3988,18.0913,1.3225,24.4387,NA,NA,NA,NA,NA,NA,NA,NA,NA,NA,NA,NA
238.161,2.3982,18.0617,1.3225,24.4387,NA,NA,NA,NA,NA,NA,NA,NA,NA,NA,NA,NA
238.266,2.3982,18.0617,1.3217,24.3651,NA,NA,NA,NA,NA,NA,NA,NA,NA,NA,NA,NA
238.356,2.3805,17.1891,1.3214,24.3373,NA,NA,NA,NA,NA,NA,NA,NA,NA,NA,NA,NA
238.461,2.3822,17.2709,1.3214,24.3373,NA,NA,NA,NA,NA,NA,NA,NA,NA,NA,NA,NA
238.582,2.3842,17.3729,1.3209,24.2869,NA,NA,NA,NA,NA,NA,NA,NA,NA,NA,NA,NA
238.650,2.3856,17.4415,1.3209,24.2869,NA,NA,NA,NA,NA,NA,NA,NA,NA,NA,NA,NA
238.749,2.3856,17.4415,1.3205,24.2573,NA,NA,NA,NA,NA,NA,NA,NA,NA,NA,NA,NA
238.846,2.3931,17.8086,1.3205,24.2553,NA,NA,NA,NA,NA,NA,NA,NA,NA,NA,NA,NA
238.942,2.3931,17.8086,1.3181,24.0257,NA,NA,NA,NA,NA,NA,NA,NA,NA,NA,NA,NA
239.050,2.3915,17.7313,1.3181,24.0257,NA,NA,NA,NA,NA,NA,NA,NA,NA,NA,NA,NA
239.151,2.3862,17.4708,1.3174,23.9632,NA,NA,NA,NA,NA,NA,NA,NA,NA,NA,NA,NA
239.240,2.3879,17.5548,1.3152,23.7586,NA,NA,NA,NA,NA,NA,NA,NA,NA,NA,NA,NA
239.335,2.3879,17.5548,1.3152,23.7586,NA,NA,NA,NA,NA,NA,NA,NA,NA,NA,NA,NA
239.432,2.3789,17.1113,1.3145,23.6891,NA,NA,NA,NA,NA,NA,NA,NA,NA,NA,NA,NA
239.531,2.3751,16.9209,1.3135,23.5967,NA,NA,NA,NA,NA,NA,NA,NA,NA,NA,NA,NA
239.628,2.3771,17.0205,1.3127,23.5165,NA,NA,NA,NA,NA,NA,NA,NA,NA,NA,NA,NA
239.737,2.3771,17.0205,1.3126,23.5073,NA,NA,NA,NA,NA,NA,NA,NA,NA,NA,NA,NA
239.833,2.3748,16.9059,1.3113,23.3862,NA,NA,NA,NA,NA,NA,NA,NA,NA,NA,NA,NA
239.929,2.3748,16.9059,1.3114,23.4002,NA,NA,NA,NA,NA,NA,NA,NA,NA,NA,NA,NA
240.020,2.3702,16.6826,1.3114,23.4002,NA,NA,NA,NA,NA,NA,NA,NA,NA,NA,NA,NA
240.115,2.3680,16.5733,1.3091,23.1770,NA,NA,NA,NA,NA,NA,NA,NA,NA,NA,NA,NA
240.216,2.3652,16.4346,1.3102,23.2814,NA,NA,NA,NA,NA,NA,NA,NA,NA,NA,NA,NA
240.342,2.3677,16.5571,1.3102,23.2814,NA,NA,NA,NA,NA,NA,NA,NA,NA,NA,NA,NA
240.412,2.3677,16.5571,1.3088,23.1495,NA,NA,NA,NA,NA,NA,NA,NA,NA,NA,NA,NA
240.520,2.3664,16.4965,1.3088,23.1495,NA,NA,NA,NA,NA,NA,NA,NA,NA,NA,NA,NA
240.612,2.3664,16.4965,1.3076,23.0345,NA,NA,NA,NA,NA,NA,NA,NA,NA,NA,NA,NA
240.706,2.3641,16.3821,1.3071,22.9965,NA,NA,NA,NA,NA,NA,NA,NA,NA,NA,NA,NA
240.802,2.3563,15.9957,1.3071,22.9965,NA,NA,NA,NA,NA,NA,NA,NA,NA,NA,NA,NA
240.909,2.3547,15.9179,1.3055,22.8403,NA,NA,NA,NA,NA,NA,NA,NA,NA,NA,NA,NA
241.000,2.3554,15.9512,1.3055,22.8403,NA,NA,NA,NA,NA,NA,NA,NA,NA,NA,NA,NA
241.096,2.3554,15.9512,1.3046,22.7533,NA,NA,NA,NA,NA,NA,NA,NA,NA,NA,NA,NA
241.194,2.3555,15.9578,1.3041,22.7138,NA,NA,NA,NA,NA,NA,NA,NA,NA,NA,NA,NA
241.292,2.3555,15.9578,1.3031,22.6194,NA,NA,NA,NA,NA,NA,NA,NA,NA,NA,NA,NA
241.386,2.3497,15.6704,1.3026,22.5645,NA,NA,NA,NA,NA,NA,NA,NA,NA,NA,NA,NA
241.495,2.3428,15.3314,1.3025,22.5574,NA,NA,NA,NA,NA,NA,NA,NA,NA,NA,NA,NA
241.584,2.3405,15.2216,1.3021,22.5237,NA,NA,NA,NA,NA,NA,NA,NA,NA,NA,NA,NA
241.695,2.3433,15.3592,1.3015,22.4615,NA,NA,NA,NA,NA,NA,NA,NA,NA,NA,NA,NA
241.785,2.3433,15.3592,1.2997,22.2915,NA,NA,NA,NA,NA,NA,NA,NA,NA,NA,NA,NA
241.883,2.3413,15.2587,1.2988,22.2085,NA,NA,NA,NA,NA,NA,NA,NA,NA,NA,NA,NA
241.978,2.3413,15.2587,1.2988,22.2085,NA,NA,NA,NA,NA,NA,NA,NA,NA,NA,NA,NA
242.124,2.3385,15.1209,1.2967,22.0089,NA,NA,NA,NA,NA,NA,NA,NA,NA,NA,NA,NA
242.173,2.3385,15.1209,1.2955,21.9010,NA,NA,NA,NA,NA,NA,NA,NA,NA,NA,NA,NA
242.267,2.3330,14.8492,1.2957,21.9228,NA,NA,NA,NA,NA,NA,NA,NA,NA,NA,NA,NA
242.369,2.3340,14.9011,1.2957,21.9228,NA,NA,NA,NA,NA,NA,NA,NA,NA,NA,NA,NA
242.469,2.3343,14.9127,1.2954,21.8904,NA,NA,NA,NA,NA,NA,NA,NA,NA,NA,NA,NA
242.566,2.3347,14.9325,1.2954,21.8904,NA,NA,NA,NA,NA,NA,NA,NA,NA,NA,NA,NA
242.667,2.3347,14.9325,1.2945,21.8066,NA,NA,NA,NA,NA,NA,NA,NA,NA,NA,NA,NA
242.790,2.3360,14.9957,1.2934,21.7005,NA,NA,NA,NA,NA,NA,NA,NA,NA,NA,NA,NA
242.857,2.3360,14.9957,1.2927,21.6371,NA,NA,NA,NA,NA,NA,NA,NA,NA,NA,NA,NA
242.962,2.3276,14.5835,1.2925,21.6227,NA,NA,NA,NA,NA,NA,NA,NA,NA,NA,NA,NA
243.057,2.3258,14.4948,1.2923,21.6034,NA,NA,NA,NA,NA,NA,NA,NA,NA,NA,NA,NA
243.151,2.3186,14.1418,1.2923,21.6034,NA,NA,NA,NA,NA,NA,NA,NA,NA,NA,NA,NA
243.247,2.3171,14.0662,1.2923,21.5971,NA,NA,NA,NA,NA,NA,NA,NA,NA,NA,NA,NA
243.350,2.3160,14.0120,1.2914,21.5170,NA,NA,NA,NA,NA,NA,NA,NA,NA,NA,NA,NA
243.449,2.3162,14.0215,1.2914,21.5170,NA,NA,NA,NA,NA,NA,NA,NA,NA,NA,NA,NA
243.555,2.3162,14.0215,1.2897,21.3573,NA,NA,NA,NA,NA,NA,NA,NA,NA,NA,NA,NA
243.640,2.3115,13.7928,1.2911,21.4871,NA,NA,NA,NA,NA,NA,NA,NA,NA,NA,NA,NA
243.749,2.3107,13.7541,1.2911,21.4871,NA,NA,NA,NA,NA,NA,NA,NA,NA,NA,NA,NA
243.846,2.3079,13.6136,1.2911,21.4824,NA,NA,NA,NA,NA,NA,NA,NA,NA,NA,NA,NA
243.943,2.3092,13.6763,1.2893,21.3209,NA,NA,NA,NA,NA,NA,NA,NA,NA,NA,NA,NA
244.042,2.3092,13.6763,1.2877,21.1669,NA,NA,NA,NA,NA,NA,NA,NA,NA,NA,NA,NA
244.138,2.3099,13.7119,1.2869,21.0916,NA,NA,NA,NA,NA,NA,NA,NA,NA,NA,NA,NA
244.230,2.3099,13.7119,1.2863,21.0374,NA,NA,NA,NA,NA,NA,NA,NA,NA,NA,NA,NA
244.336,2.3091,13.6719,1.2858,20.9898,NA,NA,NA,NA,NA,NA,NA,NA,NA,NA,NA,NA
244.426,2.3091,13.6719,1.2858,20.9898,NA,NA,NA,NA,NA,NA,NA,NA,NA,NA,NA,NA
244.527,2.3053,13.4851,1.2846,20.8754,NA,NA,NA,NA,NA,NA,NA,NA,NA,NA,NA,NA
244.624,2.3043,13.4388,1.2841,20.8261,NA,NA,NA,NA,NA,NA,NA,NA,NA,NA,NA,NA
244.719,2.3049,13.4680,1.2822,20.6474,NA,NA,NA,NA,NA,NA,NA,NA,NA,NA,NA,NA
244.817,2.3053,13.4862,1.2822,20.6474,NA,NA,NA,NA,NA,NA,NA,NA,NA,NA,NA,NA
244.922,2.3053,13.4862,1.2803,20.4700,NA,NA,NA,NA,NA,NA,NA,NA,NA,NA,NA,NA
245.013,2.3028,13.3655,1.2797,20.4179,NA,NA,NA,NA,NA,NA,NA,NA,NA,NA,NA,NA
245.126,2.3026,13.3530,1.2794,20.3814,NA,NA,NA,NA,NA,NA,NA,NA,NA,NA,NA,NA
245.212,2.2950,12.9786,1.2783,20.2865,NA,NA,NA,NA,NA,NA,NA,NA,NA,NA,NA,NA
245.320,2.2897,12.7185,1.2782,20.2692,NA,NA,NA,NA,NA,NA,NA,NA,NA,NA,NA,NA
245.411,2.2897,12.7185,1.2779,20.2441,NA,NA,NA,NA,NA,NA,NA,NA,NA,NA,NA,NA
245.508,2.2875,12.6109,1.2780,20.2564,NA,NA,NA,NA,NA,NA,NA,NA,NA,NA,NA,NA
245.601,2.2875,12.6109,1.2780,20.2564,NA,NA,NA,NA,NA,NA,NA,NA,NA,NA,NA,NA
245.701,2.2850,12.4877,1.2764,20.1077,NA,NA,NA,NA,NA,NA,NA,NA,NA,NA,NA,NA
245.798,2.2850,12.4877,1.2762,20.0882,NA,NA,NA,NA,NA,NA,NA,NA,NA,NA,NA,NA
245.900,2.2847,12.4722,1.2759,20.0585,NA,NA,NA,NA,NA,NA,NA,NA,NA,NA,NA,NA
245.996,2.2847,12.4722,1.2749,19.9661,NA,NA,NA,NA,NA,NA,NA,NA,NA,NA,NA,NA
246.086,2.2828,12.3802,1.2744,19.9144,NA,NA,NA,NA,NA,NA,NA,NA,NA,NA,NA,NA
246.200,2.2815,12.3154,1.2744,19.9138,NA,NA,NA,NA,NA,NA,NA,NA,NA,NA,NA,NA
246.287,2.2811,12.2969,1.2742,19.8932,NA,NA,NA,NA,NA,NA,NA,NA,NA,NA,NA,NA
246.416,2.2800,12.2435,1.2727,19.7567,NA,NA,NA,NA,NA,NA,NA,NA,NA,NA,NA,NA
246.485,2.2744,11.9635,1.2721,19.7013,NA,NA,NA,NA,NA,NA,NA,NA,NA,NA,NA,NA
246.582,2.2744,11.9635,1.2721,19.7013,NA,NA,NA,NA,NA,NA,NA,NA,NA,NA,NA,NA
246.676,2.2707,11.7830,1.2717,19.6576,NA,NA,NA,NA,NA,NA,NA,NA,NA,NA,NA,NA
246.775,2.2707,11.7842,1.2717,19.6576,NA,NA,NA,NA,NA,NA,NA,NA,NA,NA,NA,NA
246.913,2.2707,11.7842,1.2707,19.5639,NA,NA,NA,NA,NA,NA,NA,NA,NA,NA,NA,NA
246.974,2.2712,11.8098,1.2705,19.5475,NA,NA,NA,NA,NA,NA,NA,NA,NA,NA,NA,NA
247.066,2.2712,11.8098,1.2699,19.4894,NA,NA,NA,NA,NA,NA,NA,NA,NA,NA,NA,NA
247.174,2.2701,11.7512,1.2693,19.4365,NA,NA,NA,NA,NA,NA,NA,NA,NA,NA,NA,NA
247.261,2.2701,11.7512,1.2691,19.4209,NA,NA,NA,NA,NA,NA,NA,NA,NA,NA,NA,NA
247.368,2.2695,11.7233,1.2685,19.3580,NA,NA,NA,NA,NA,NA,NA,NA,NA,NA,NA,NA
247.475,2.2667,11.5862,1.2681,19.3198,NA,NA,NA,NA,NA,NA,NA,NA,NA,NA,NA,NA
247.566,2.2667,11.5862,1.2677,19.2856,NA,NA,NA,NA,NA,NA,NA,NA,NA,NA,NA,NA
247.663,2.2631,11.4069,1.2669,19.2130,NA,NA,NA,NA,NA,NA,NA,NA,NA,NA,NA,NA
247.756,2.2631,11.4069,1.2668,19.2008,NA,NA,NA,NA,NA,NA,NA,NA,NA,NA,NA,NA
247.852,2.2649,11.4980,1.2667,19.1911,NA,NA,NA,NA,NA,NA,NA,NA,NA,NA,NA,NA
247.942,2.2649,11.4980,1.2646,18.9936,NA,NA,NA,NA,NA,NA,NA,NA,NA,NA,NA,NA
248.052,2.2567,11.0954,1.2640,18.9392,NA,NA,NA,NA,NA,NA,NA,NA,NA,NA,NA,NA
248.148,2.2539,10.9571,1.2640,18.9392,NA,NA,NA,NA,NA,NA,NA,NA,NA,NA,NA,NA
248.253,2.2527,10.8949,1.2636,18.8991,NA,NA,NA,NA,NA,NA,NA,NA,NA,NA,NA,NA
248.351,2.2599,11.2528,1.2635,18.8911,NA,NA,NA,NA,NA,NA,NA,NA,NA,NA,NA,NA
248.440,2.2599,11.2528,1.2635,18.8911,NA,NA,NA,NA,NA,NA,NA,NA,NA,NA,NA,NA
248.536,2.2550,11.0099,1.2631,18.8482,NA,NA,NA,NA,NA,NA,NA,NA,NA,NA,NA,NA
248.642,2.2534,10.9318,1.2620,18.7526,NA,NA,NA,NA,NA,NA,NA,NA,NA,NA,NA,NA
248.742,2.2478,10.6550,1.2616,18.7087,NA,NA,NA,NA,NA,NA,NA,NA,NA,NA,NA,NA
248.830,2.2478,10.6550,1.2611,18.6674,NA,NA,NA,NA,NA,NA,NA,NA,NA,NA,NA,NA
248.925,2.2437,10.4526,1.2596,18.5268,NA,NA,NA,NA,NA,NA,NA,NA,NA,NA,NA,NA
249.025,2.2448,10.5096,1.2596,18.5268,NA,NA,NA,NA,NA,NA,NA,NA,NA,NA,NA,NA
249.124,2.2448,10.5096,1.2593,18.4922,NA,NA,NA,NA,NA,NA,NA,NA,NA,NA,NA,NA
249.229,2.2436,10.4474,1.2579,18.3637,NA,NA,NA,NA,NA,NA,NA,NA,NA,NA,NA,NA
249.372,2.2436,10.4474,1.2563,18.2151,NA,NA,NA,NA,NA,NA,NA,NA,NA,NA,NA,NA
249.426,2.2398,10.2616,1.2560,18.1832,NA,NA,NA,NA,NA,NA,NA,NA,NA,NA,NA,NA
249.514,2.2395,10.2494,1.2551,18.1025,NA,NA,NA,NA,NA,NA,NA,NA,NA,NA,NA,NA
249.613,2.2386,10.2040,1.2560,18.1852,NA,NA,NA,NA,NA,NA,NA,NA,NA,NA,NA,NA
249.720,2.2477,10.6510,1.2606,18.6168,NA,NA,NA,NA,NA,NA,NA,NA,NA,NA,NA,NA
249.817,2.2780,12.1423,1.2709,19.5850,NA,NA,NA,NA,NA,NA,NA,NA,NA,NA,NA,NA
249.960,2.3497,15.6713,1.2903,21.4095,NA,NA,NA,NA,NA,NA,NA,NA,NA,NA,NA,NA
250.004,2.3972,18.0110,1.3089,23.1616,NA,NA,NA,NA,NA,NA,NA,NA,NA,NA,NA,NA
250.105,2.4600,21.1024,1.3200,24.2047,NA,NA,NA,NA,NA,NA,NA,NA,NA,NA,NA,NA
250.199,2.4760,21.8888,1.3274,24.8983,NA,NA,NA,NA,NA,NA,NA,NA,NA,NA,NA,NA
250.310,2.4809,22.1320,1.3322,25.3527,NA,NA,NA,NA,NA,NA,NA,NA,NA,NA,NA,NA
250.398,2.4809,22.1320,1.3348,25.5996,NA,NA,NA,NA,NA,NA,NA,NA,NA,NA,NA,NA
250.534,2.4748,21.8316,1.3348,25.5996,NA,NA,NA,NA,NA,NA,NA,NA,NA,NA,NA,NA
250.592,2.4613,21.1646,1.3338,25.5025,NA,NA,NA,NA,NA,NA,NA,NA,NA,NA,NA,NA
250.694,2.4566,20.9354,1.3309,25.2290,NA,NA,NA,NA,NA,NA,NA,NA,NA,NA,NA,NA
250.789,2.4489,20.5543,1.3299,25.1333,NA,NA,NA,NA,NA,NA,NA,NA,NA,NA,NA,NA
250.884,2.4489,20.5543,1.3276,24.9255,NA,NA,NA,NA,NA,NA,NA,NA,NA,NA,NA,NA
250.997,2.4313,19.6907,1.3250,24.6786,NA,NA,NA,NA,NA,NA,NA,NA,NA,NA,NA,NA
251.131,2.4222,19.2392,1.3232,24.5072,NA,NA,NA,NA,NA,NA,NA,NA,NA,NA,NA,NA
251.181,2.4080,18.5409,1.3197,24.1809,NA,NA,NA,NA,NA,NA,NA,NA,NA,NA,NA,NA
251.279,2.3932,17.8150,1.3172,23.9395,NA,NA,NA,NA,NA,NA,NA,NA,NA,NA,NA,NA
251.388,2.3888,17.5980,1.3149,23.7218,NA,NA,NA,NA,NA,NA,NA,NA,NA,NA,NA,NA
251.473,2.3795,17.1391,1.3106,23.3189,NA,NA,NA,NA,NA,NA,NA,NA,NA,NA,NA,NA
251.572,2.3762,16.9760,1.3082,23.0972,NA,NA,NA,NA,NA,NA,NA,NA,NA,NA,NA,NA
251.677,2.3692,16.6333,1.3058,22.8705,NA,NA,NA,NA,NA,NA,NA,NA,NA,NA,NA,NA
251.775,2.3653,16.4400,1.3022,22.5339,NA,NA,NA,NA,NA,NA,NA,NA,NA,NA,NA,NA
251.867,2.3591,16.1364,1.3002,22.3472,NA,NA,NA,NA,NA,NA,NA,NA,NA,NA,NA,NA
251.967,2.3560,15.9818,1.2990,22.2298,NA,NA,NA,NA,NA,NA,NA,NA,NA,NA,NA,NA
252.068,2.3511,15.7393,1.2969,22.0298,NA,NA,NA,NA,NA,NA,NA,NA,NA,NA,NA,NA
252.156,2.3515,15.7609,1.2963,21.9735,NA,NA,NA,NA,NA,NA,NA,NA,NA,NA,NA,NA
252.259,2.3534,15.8537,1.2958,21.9324,NA,NA,NA,NA,NA,NA,NA,NA,NA,NA,NA,NA
252.400,2.3534,15.8537,1.2941,21.7712,NA,NA,NA,NA,NA,NA,NA,NA,NA,NA,NA,NA
252.451,2.3378,15.0860,1.2941,21.7677,NA,NA,NA,NA,NA,NA,NA,NA,NA,NA,NA,NA
252.545,2.3378,15.0860,1.2930,21.6639,NA,NA,NA,NA,NA,NA,NA,NA,NA,NA,NA,NA
252.649,2.3355,14.9725,1.2907,21.4522,NA,NA,NA,NA,NA,NA,NA,NA,NA,NA,NA,NA
252.749,2.3367,15.0331,1.2905,21.4312,NA,NA,NA,NA,NA,NA,NA,NA,NA,NA,NA,NA
252.850,2.3419,15.2870,1.2903,21.4136,NA,NA,NA,NA,NA,NA,NA,NA,NA,NA,NA,NA
252.985,2.3876,17.5397,1.2975,22.0862,NA,NA,NA,NA,NA,NA,NA,NA,NA,NA,NA,NA
253.050,2.4466,20.4402,1.3195,24.1548,NA,NA,NA,NA,NA,NA,NA,NA,NA,NA,NA,NA
253.136,2.4829,22.2306,1.3409,26.1686,NA,NA,NA,NA,NA,NA,NA,NA,NA,NA,NA,NA
253.235,2.5535,25.7067,1.3587,27.8492,NA,NA,NA,NA,NA,NA,NA,NA,NA,NA,NA,NA
253.336,2.6101,28.4894,1.3822,30.0554,NA,NA,NA,NA,NA,NA,NA,NA,NA,NA,NA,NA
253.442,2.6902,32.4363,1.3963,31.3888,NA,NA,NA,NA,NA,NA,NA,NA,NA,NA,NA,NA
253.582,2.7244,34.1174,1.4149,33.1398,NA,NA,NA,NA,NA,NA,NA,NA,NA,NA,NA,NA
253.629,2.7743,36.5751,1.4324,34.7853,NA,NA,NA,NA,NA,NA,NA,NA,NA,NA,NA,NA
253.726,2.8012,37.9007,1.4494,36.3823,NA,NA,NA,NA,NA,NA,NA,NA,NA,NA,NA,NA
253.825,2.8131,38.4836,1.4632,37.6797,NA,NA,NA,NA,NA,NA,NA,NA,NA,NA,NA,NA
253.929,2.8220,38.9241,1.4692,38.2493,NA,NA,NA,NA,NA,NA,NA,NA,NA,NA,NA,NA
254.023,2.8579,40.6919,1.4834,39.5770,NA,NA,NA,NA,NA,NA,NA,NA,NA,NA,NA,NA
254.183,2.8955,42.5431,1.4871,39.9260,NA,NA,NA,NA,NA,NA,NA,NA,NA,NA,NA,NA
254.221,2.8998,42.7543,1.4933,40.5108,NA,NA,NA,NA,NA,NA,NA,NA,NA,NA,NA,NA
254.319,2.9279,44.1345,1.4964,40.8089,NA,NA,NA,NA,NA,NA,NA,NA,NA,NA,NA,NA
254.407,2.9279,44.1345,1.4964,40.8089,NA,NA,NA,NA,NA,NA,NA,NA,NA,NA,NA,NA
254.500,2.9178,43.6396,1.4957,40.7388,NA,NA,NA,NA,NA,NA,NA,NA,NA,NA,NA,NA
254.610,2.9115,43.3268,1.4944,40.6146,NA,NA,NA,NA,NA,NA,NA,NA,NA,NA,NA,NA
254.752,2.8847,42.0091,1.4928,40.4628,NA,NA,NA,NA,NA,NA,NA,NA,NA,NA,NA,NA
254.809,2.8767,41.6170,1.4928,40.4628,NA,NA,NA,NA,NA,NA,NA,NA,NA,NA,NA,NA
254.906,2.8680,41.1861,1.4885,40.0596,NA,NA,NA,NA,NA,NA,NA,NA,NA,NA,NA,NA
255.004,2.8560,40.5974,1.4864,39.8639,NA,NA,NA,NA,NA,NA,NA,NA,NA,NA,NA,NA
255.093,2.8536,40.4806,1.4810,39.3581,NA,NA,NA,NA,NA,NA,NA,NA,NA,NA,NA,NA
255.201,2.8341,39.5169,1.4741,38.7062,NA,NA,NA,NA,NA,NA,NA,NA,NA,NA,NA,NA
255.354,2.8260,39.1214,1.4700,38.3247,NA,NA,NA,NA,NA,NA,NA,NA,NA,NA,NA,NA
255.397,2.8082,38.2425,1.4638,37.7382,NA,NA,NA,NA,NA,NA,NA,NA,NA,NA,NA,NA
255.490,2.7971,37.6959,1.4604,37.4202,NA,NA,NA,NA,NA,NA,NA,NA,NA,NA,NA,NA
255.596,2.7835,37.0294,1.4574,37.1349,NA,NA,NA,NA,NA,NA,NA,NA,NA,NA,NA,NA
255.692,2.7768,36.6966,1.4551,36.9220,NA,NA,NA,NA,NA,NA,NA,NA,NA,NA,NA,NA
255.784,2.7732,36.5204,1.4501,36.4485,NA,NA,NA,NA,NA,NA,NA,NA,NA,NA,NA,NA
255.887,2.7627,36.0020,1.4475,36.2024,NA,NA,NA,NA,NA,NA,NA,NA,NA,NA,NA,NA
256.018,2.7543,35.5893,1.4422,35.7058,NA,NA,NA,NA,NA,NA,NA,NA,NA,NA,NA,NA
256.077,2.7453,35.1492,1.4387,35.3766,NA,NA,NA,NA,NA,NA,NA,NA,NA,NA,NA,NA
256.183,2.7236,34.0802,1.4364,35.1600,NA,NA,NA,NA,NA,NA,NA,NA,NA,NA,NA,NA
256.281,2.7146,33.6370,1.4347,34.9990,NA,NA,NA,NA,NA,NA,NA,NA,NA,NA,NA,NA
256.370,2.7115,33.4852,1.4337,34.9034,NA,NA,NA,NA,NA,NA,NA,NA,NA,NA,NA,NA
256.470,2.7040,33.1152,1.4291,34.4736,NA,NA,NA,NA,NA,NA,NA,NA,NA,NA,NA,NA
256.603,2.6991,32.8708,1.4286,34.4212,NA,NA,NA,NA,NA,NA,NA,NA,NA,NA,NA,NA
256.663,2.6991,32.8708,1.4265,34.2305,NA,NA,NA,NA,NA,NA,NA,NA,NA,NA,NA,NA
256.769,2.6857,32.2132,1.4260,34.1811,NA,NA,NA,NA,NA,NA,NA,NA,NA,NA,NA,NA
256.861,2.6838,32.1201,1.4255,34.1337,NA,NA,NA,NA,NA,NA,NA,NA,NA,NA,NA,NA
256.952,2.6737,31.6216,1.4253,34.1166,NA,NA,NA,NA,NA,NA,NA,NA,NA,NA,NA,NA
257.051,2.6647,31.1794,1.4214,33.7438,NA,NA,NA,NA,NA,NA,NA,NA,NA,NA,NA,NA
257.153,2.6616,31.0262,1.4193,33.5534,NA,NA,NA,NA,NA,NA,NA,NA,NA,NA,NA,NA
257.257,2.6581,30.8551,1.4188,33.4999,NA,NA,NA,NA,NA,NA,NA,NA,NA,NA,NA,NA
257.350,2.6581,30.8551,1.4188,33.4999,NA,NA,NA,NA,NA,NA,NA,NA,NA,NA,NA,NA
257.442,2.6549,30.6973,1.4165,33.2844,NA,NA,NA,NA,NA,NA,NA,NA,NA,NA,NA,NA
257.551,2.6434,30.1313,1.4142,33.0728,NA,NA,NA,NA,NA,NA,NA,NA,NA,NA,NA,NA
257.644,2.6497,30.4428,1.4131,32.9699,NA,NA,NA,NA,NA,NA,NA,NA,NA,NA,NA,NA
257.754,2.6497,30.4428,1.4133,32.9834,NA,NA,NA,NA,NA,NA,NA,NA,NA,NA,NA,NA
257.834,2.6401,29.9698,1.4133,32.9834,NA,NA,NA,NA,NA,NA,NA,NA,NA,NA,NA,NA
257.938,2.6401,29.9698,1.4118,32.8392,NA,NA,NA,NA,NA,NA,NA,NA,NA,NA,NA,NA
258.035,2.6298,29.4599,1.4108,32.7511,NA,NA,NA,NA,NA,NA,NA,NA,NA,NA,NA,NA
258.130,2.6298,29.4599,1.4098,32.6541,NA,NA,NA,NA,NA,NA,NA,NA,NA,NA,NA,NA
258.228,2.6188,28.9215,1.4083,32.5160,NA,NA,NA,NA,NA,NA,NA,NA,NA,NA,NA,NA
258.354,2.6188,28.9215,1.4054,32.2433,NA,NA,NA,NA,NA,NA,NA,NA,NA,NA,NA,NA
258.421,2.6170,28.8287,1.4045,32.1547,NA,NA,NA,NA,NA,NA,NA,NA,NA,NA,NA,NA
258.526,2.6157,28.7673,1.4039,32.0982,NA,NA,NA,NA,NA,NA,NA,NA,NA,NA,NA,NA
258.632,2.6145,28.7076,1.4040,32.1141,NA,NA,NA,NA,NA,NA,NA,NA,NA,NA,NA,NA
258.716,2.6116,28.5672,1.4040,32.1141,NA,NA,NA,NA,NA,NA,NA,NA,NA,NA,NA,NA
258.812,2.6116,28.5672,1.4038,32.0952,NA,NA,NA,NA,NA,NA,NA,NA,NA,NA,NA,NA
258.913,2.6069,28.3345,1.4008,31.8042,NA,NA,NA,NA,NA,NA,NA,NA,NA,NA,NA,NA
259.024,2.6069,28.3345,1.3998,31.7181,NA,NA,NA,NA,NA,NA,NA,NA,NA,NA,NA,NA
259.115,2.6039,28.1881,1.3992,31.6604,NA,NA,NA,NA,NA,NA,NA,NA,NA,NA,NA,NA
259.210,2.5970,27.8459,1.3984,31.5800,NA,NA,NA,NA,NA,NA,NA,NA,NA,NA,NA,NA
259.305,2.5946,27.7271,1.3985,31.5888,NA,NA,NA,NA,NA,NA,NA,NA,NA,NA,NA,NA
259.406,2.5948,27.7380,1.3985,31.5888,NA,NA,NA,NA,NA,NA,NA,NA,NA,NA,NA,NA
259.499,2.5948,27.7380,1.3982,31.5600,NA,NA,NA,NA,NA,NA,NA,NA,NA,NA,NA,NA
259.619,2.5888,27.4426,1.3975,31.4982,NA,NA,NA,NA,NA,NA,NA,NA,NA,NA,NA,NA
259.693,2.5888,27.4426,1.3972,31.4677,NA,NA,NA,NA,NA,NA,NA,NA,NA,NA,NA,NA
259.796,2.5847,27.2412,1.3961,31.3635,NA,NA,NA,NA,NA,NA,NA,NA,NA,NA,NA,NA
259.897,2.5795,26.9850,1.3954,31.2983,NA,NA,NA,NA,NA,NA,NA,NA,NA,NA,NA,NA
259.990,2.5730,26.6650,1.3937,31.1379,NA,NA,NA,NA,NA,NA,NA,NA,NA,NA,NA,NA
260.146,2.5762,26.8213,1.3937,31.1379,NA,NA,NA,NA,NA,NA,NA,NA,NA,NA,NA,NA
260.184,2.5762,26.8213,1.3911,30.8919,NA,NA,NA,NA,NA,NA,NA,NA,NA,NA,NA,NA
260.288,2.5724,26.6355,1.3909,30.8805,NA,NA,NA,NA,NA,NA,NA,NA,NA,NA,NA,NA
260.384,2.5724,26.6355,1.3901,30.8004,NA,NA,NA,NA,NA,NA,NA,NA,NA,NA,NA,NA
260.476,2.5722,26.6255,1.3887,30.6668,NA,NA,NA,NA,NA,NA,NA,NA,NA,NA,NA,NA
260.591,2.5607,26.0619,1.3879,30.5927,NA,NA,NA,NA,NA,NA,NA,NA,NA,NA,NA,NA
260.675,2.5598,26.0134,1.3874,30.5515,NA,NA,NA,NA,NA,NA,NA,NA,NA,NA,NA,NA
260.806,2.5597,26.0083,1.3873,30.5368,NA,NA,NA,NA,NA,NA,NA,NA,NA,NA,NA,NA
260.873,2.5597,26.0083,1.3856,30.3760,NA,NA,NA,NA,NA,NA,NA,NA,NA,NA,NA,NA
260.978,2.5584,25.9471,1.3846,30.2829,NA,NA,NA,NA,NA,NA,NA,NA,NA,NA,NA,NA
261.074,2.5584,25.9471,1.3846,30.2829,NA,NA,NA,NA,NA,NA,NA,NA,NA,NA,NA,NA
261.168,2.5533,25.6969,1.3829,30.1227,NA,NA,NA,NA,NA,NA,NA,NA,NA,NA,NA,NA
261.323,2.5533,25.6969,1.3828,30.1137,NA,NA,NA,NA,NA,NA,NA,NA,NA,NA,NA,NA
261.362,2.5482,25.4436,1.3824,30.0816,NA,NA,NA,NA,NA,NA,NA,NA,NA,NA,NA,NA
261.464,2.5469,25.3809,1.3821,30.0448,NA,NA,NA,NA,NA,NA,NA,NA,NA,NA,NA,NA
261.559,2.5391,24.9974,1.3812,29.9600,NA,NA,NA,NA,NA,NA,NA,NA,NA,NA,NA,NA
261.657,2.5347,24.7802,1.3812,29.9600,NA,NA,NA,NA,NA,NA,NA,NA,NA,NA,NA,NA
261.755,2.5347,24.7802,1.3786,29.7186,NA,NA,NA,NA,NA,NA,NA,NA,NA,NA,NA,NA
261.859,2.5301,24.5515,1.3784,29.7047,NA,NA,NA,NA,NA,NA,NA,NA,NA,NA,NA,NA
261.962,2.5301,24.5515,1.3784,29.7047,NA,NA,NA,NA,NA,NA,NA,NA,NA,NA,NA,NA
262.048,2.5313,24.6140,1.3777,29.6328,NA,NA,NA,NA,NA,NA,NA,NA,NA,NA,NA,NA
262.150,2.5313,24.6140,1.3777,29.6328,NA,NA,NA,NA,NA,NA,NA,NA,NA,NA,NA,NA
262.245,2.5283,24.4652,1.3765,29.5219,NA,NA,NA,NA,NA,NA,NA,NA,NA,NA,NA,NA
262.341,2.5315,24.6199,1.3758,29.4584,NA,NA,NA,NA,NA,NA,NA,NA,NA,NA,NA,NA
262.450,2.5315,24.6199,1.3745,29.3304,NA,NA,NA,NA,NA,NA,NA,NA,NA,NA,NA,NA
262.584,2.5264,24.3702,1.3739,29.2750,NA,NA,NA,NA,NA,NA,NA,NA,NA,NA,NA,NA
262.631,2.5264,24.3702,1.3731,29.2044,NA,NA,NA,NA,NA,NA,NA,NA,NA,NA,NA,NA
262.736,2.5200,24.0569,1.3733,29.2190,NA,NA,NA,NA,NA,NA,NA,NA,NA,NA,NA,NA
262.839,2.5184,23.9756,1.3733,29.2190,NA,NA,NA,NA,NA,NA,NA,NA,NA,NA,NA,NA
262.939,2.5171,23.9115,1.3718,29.0805,NA,NA,NA,NA,NA,NA,NA,NA,NA,NA,NA,NA
263.052,2.5176,23.9390,1.3702,28.9301,NA,NA,NA,NA,NA,NA,NA,NA,NA,NA,NA,NA
263.149,2.5176,23.9390,1.3692,28.8350,NA,NA,NA,NA,NA,NA,NA,NA,NA,NA,NA,NA
263.220,2.5155,23.8354,1.3685,28.7703,NA,NA,NA,NA,NA,NA,NA,NA,NA,NA,NA,NA
263.325,2.5155,23.8354,1.3680,28.7232,NA,NA,NA,NA,NA,NA,NA,NA,NA,NA,NA,NA
263.419,2.5175,23.9349,1.3668,28.6060,NA,NA,NA,NA,NA,NA,NA,NA,NA,NA,NA,NA
263.511,2.5175,23.9349,1.3664,28.5753,NA,NA,NA,NA,NA,NA,NA,NA,NA,NA,NA,NA
263.614,2.5149,23.8044,1.3651,28.4516,NA,NA,NA,NA,NA,NA,NA,NA,NA,NA,NA,NA
263.721,2.5026,23.1983,1.3648,28.4198,NA,NA,NA,NA,NA,NA,NA,NA,NA,NA,NA,NA
263.809,2.5026,23.1979,1.3641,28.3576,NA,NA,NA,NA,NA,NA,NA,NA,NA,NA,NA,NA
263.905,2.5026,23.1979,1.3637,28.3197,NA,NA,NA,NA,NA,NA,NA,NA,NA,NA,NA,NA
264.010,2.4912,22.6362,1.3637,28.3197,NA,NA,NA,NA,NA,NA,NA,NA,NA,NA,NA,NA
264.120,2.4899,22.5727,1.3636,28.3110,NA,NA,NA,NA,NA,NA,NA,NA,NA,NA,NA,NA
264.198,2.4879,22.4762,1.3604,28.0085,NA,NA,NA,NA,NA,NA,NA,NA,NA,NA,NA,NA
264.295,2.4965,22.8986,1.3602,27.9912,NA,NA,NA,NA,NA,NA,NA,NA,NA,NA,NA,NA
264.399,2.4965,22.8986,1.3595,27.9222,NA,NA,NA,NA,NA,NA,NA,NA,NA,NA,NA,NA
264.494,2.4925,22.7042,1.3584,27.8226,NA,NA,NA,NA,NA,NA,NA,NA,NA,NA,NA,NA
264.590,2.4875,22.4575,1.3592,27.8912,NA,NA,NA,NA,NA,NA,NA,NA,NA,NA,NA,NA
264.694,2.4833,22.2491,1.3592,27.8912,NA,NA,NA,NA,NA,NA,NA,NA,NA,NA,NA,NA
264.791,2.4833,22.2491,1.3590,27.8802,NA,NA,NA,NA,NA,NA,NA,NA,NA,NA,NA,NA
264.888,2.4776,21.9705,1.3572,27.7020,NA,NA,NA,NA,NA,NA,NA,NA,NA,NA,NA,NA
264.989,2.4794,22.0590,1.3572,27.7020,NA,NA,NA,NA,NA,NA,NA,NA,NA,NA,NA,NA
265.078,2.4798,22.0773,1.3567,27.6578,NA,NA,NA,NA,NA,NA,NA,NA,NA,NA,NA,NA
265.182,2.4813,22.1484,1.3554,27.5387,NA,NA,NA,NA,NA,NA,NA,NA,NA,NA,NA,NA
265.274,2.4813,22.1484,1.3542,27.4264,NA,NA,NA,NA,NA,NA,NA,NA,NA,NA,NA,NA
265.399,2.4728,21.7318,1.3539,27.3921,NA,NA,NA,NA,NA,NA,NA,NA,NA,NA,NA,NA
265.472,2.4721,21.6970,1.3526,27.2780,NA,NA,NA,NA,NA,NA,NA,NA,NA,NA,NA,NA
265.591,2.4707,21.6295,1.3534,27.3510,NA,NA,NA,NA,NA,NA,NA,NA,NA,NA,NA,NA
265.679,2.4695,21.5692,1.3534,27.3510,NA,NA,NA,NA,NA,NA,NA,NA,NA,NA,NA,NA
265.767,2.4654,21.3687,1.3533,27.3345,NA,NA,NA,NA,NA,NA,NA,NA,NA,NA,NA,NA
265.863,2.4677,21.4816,1.3519,27.2060,NA,NA,NA,NA,NA,NA,NA,NA,NA,NA,NA,NA
265.967,2.4677,21.4816,1.3513,27.1510,NA,NA,NA,NA,NA,NA,NA,NA,NA,NA,NA,NA
266.063,2.4567,20.9404,1.3509,27.1105,NA,NA,NA,NA,NA,NA,NA,NA,NA,NA,NA,NA
266.199,2.4537,20.7937,1.3498,27.0071,NA,NA,NA,NA,NA,NA,NA,NA,NA,NA,NA,NA
266.260,2.4434,20.2855,1.3489,26.9219,NA,NA,NA,NA,NA,NA,NA,NA,NA,NA,NA,NA
266.353,2.4434,20.2855,1.3485,26.8844,NA,NA,NA,NA,NA,NA,NA,NA,NA,NA,NA,NA
266.450,2.4426,20.2443,1.3471,26.7596,NA,NA,NA,NA,NA,NA,NA,NA,NA,NA,NA,NA
266.554,2.4486,20.5417,1.3471,26.7596,NA,NA,NA,NA,NA,NA,NA,NA,NA,NA,NA,NA
266.645,2.4486,20.5417,1.3454,26.5961,NA,NA,NA,NA,NA,NA,NA,NA,NA,NA,NA,NA
266.777,2.4432,20.2742,1.3448,26.5411,NA,NA,NA,NA,NA,NA,NA,NA,NA,NA,NA,NA
266.842,2.4432,20.2742,1.3432,26.3924,NA,NA,NA,NA,NA,NA,NA,NA,NA,NA,NA,NA
266.941,2.4418,20.2052,1.3425,26.3228,NA,NA,NA,NA,NA,NA,NA,NA,NA,NA,NA,NA
267.038,2.4384,20.0376,1.3403,26.1179,NA,NA,NA,NA,NA,NA,NA,NA,NA,NA,NA,NA
267.139,2.4384,20.0376,1.3402,26.1060,NA,NA,NA,NA,NA,NA,NA,NA,NA,NA,NA,NA
267.239,2.4336,19.8033,1.3402,26.1060,NA,NA,NA,NA,NA,NA,NA,NA,NA,NA,NA,NA
267.399,2.4327,19.7579,1.3394,26.0343,NA,NA,NA,NA,NA,NA,NA,NA,NA,NA,NA,NA
267.434,2.4341,19.8275,1.3386,25.9572,NA,NA,NA,NA,NA,NA,NA,NA,NA,NA,NA,NA
267.530,2.4341,19.8275,1.3382,25.9185,NA,NA,NA,NA,NA,NA,NA,NA,NA,NA,NA,NA
267.625,2.4271,19.4811,1.3368,25.7867,NA,NA,NA,NA,NA,NA,NA,NA,NA,NA,NA,NA
267.728,2.4287,19.5590,1.3352,25.6358,NA,NA,NA,NA,NA,NA,NA,NA,NA,NA,NA,NA
267.824,2.4287,19.5590,1.3348,25.5962,NA,NA,NA,NA,NA,NA,NA,NA,NA,NA,NA,NA
267.965,2.4235,19.3072,1.3343,25.5474,NA,NA,NA,NA,NA,NA,NA,NA,NA,NA,NA,NA
268.029,2.4235,19.3067,1.3339,25.5164,NA,NA,NA,NA,NA,NA,NA,NA,NA,NA,NA,NA
268.125,2.4246,19.3576,1.3339,25.5138,NA,NA,NA,NA,NA,NA,NA,NA,NA,NA,NA,NA
268.214,2.4246,19.3576,1.3325,25.3848,NA,NA,NA,NA,NA,NA,NA,NA,NA,NA,NA,NA
268.310,2.4225,19.2585,1.3319,25.3240,NA,NA,NA,NA,NA,NA,NA,NA,NA,NA,NA,NA
268.414,2.4216,19.2133,1.3304,25.1804,NA,NA,NA,NA,NA,NA,NA,NA,NA,NA,NA,NA
268.547,2.4165,18.9630,1.3302,25.1618,NA,NA,NA,NA,NA,NA,NA,NA,NA,NA,NA,NA
268.611,2.4149,18.8831,1.3293,25.0837,NA,NA,NA,NA,NA,NA,NA,NA,NA,NA,NA,NA
268.708,2.4118,18.7305,1.3293,25.0837,NA,NA,NA,NA,NA,NA,NA,NA,NA,NA,NA,NA
268.800,2.4118,18.7305,1.3281,24.9673,NA,NA,NA,NA,NA,NA,NA,NA,NA,NA,NA,NA
268.905,2.4057,18.4311,1.3270,24.8650,NA,NA,NA,NA,NA,NA,NA,NA,NA,NA,NA,NA
269.000,2.4058,18.4349,1.3254,24.7123,NA,NA,NA,NA,NA,NA,NA,NA,NA,NA,NA,NA
269.096,2.4058,18.4349,1.3244,24.6198,NA,NA,NA,NA,NA,NA,NA,NA,NA,NA,NA,NA
269.194,2.3949,17.8964,1.3236,24.5442,NA,NA,NA,NA,NA,NA,NA,NA,NA,NA,NA,NA
269.290,2.3984,18.0705,1.3223,24.4255,NA,NA,NA,NA,NA,NA,NA,NA,NA,NA,NA,NA
269.384,2.4002,18.1584,1.3223,24.4255,NA,NA,NA,NA,NA,NA,NA,NA,NA,NA,NA,NA
269.487,2.4006,18.1769,1.3216,24.3606,NA,NA,NA,NA,NA,NA,NA,NA,NA,NA,NA,NA
269.595,2.4006,18.1769,1.3215,24.3515,NA,NA,NA,NA,NA,NA,NA,NA,NA,NA,NA,NA
269.688,2.4000,18.1480,1.3214,24.3348,NA,NA,NA,NA,NA,NA,NA,NA,NA,NA,NA,NA
269.790,2.4004,18.1677,1.3193,24.1414,NA,NA,NA,NA,NA,NA,NA,NA,NA,NA,NA,NA
269.883,2.4004,18.1677,1.3187,24.0841,NA,NA,NA,NA,NA,NA,NA,NA,NA,NA,NA,NA
269.976,2.3901,17.6616,1.3180,24.0174,NA,NA,NA,NA,NA,NA,NA,NA,NA,NA,NA,NA
270.079,2.3905,17.6824,1.3180,24.0174,NA,NA,NA,NA,NA,NA,NA,NA,NA,NA,NA,NA
270.171,2.3905,17.6824,1.3189,24.1000,NA,NA,NA,NA,NA,NA,NA,NA,NA,NA,NA,NA
270.272,2.3909,17.7017,1.3189,24.1000,NA,NA,NA,NA,NA,NA,NA,NA,NA,NA,NA,NA
270.367,2.3909,17.7017,1.3185,24.0684,NA,NA,NA,NA,NA,NA,NA,NA,NA,NA,NA,NA
270.474,2.3903,17.6687,1.3166,23.8879,NA,NA,NA,NA,NA,NA,NA,NA,NA,NA,NA,NA
270.566,2.3903,17.6687,1.3160,23.8298,NA,NA,NA,NA,NA,NA,NA,NA,NA,NA,NA,NA
270.660,2.3846,17.3880,1.3150,23.7364,NA,NA,NA,NA,NA,NA,NA,NA,NA,NA,NA,NA
270.764,2.3815,17.2368,1.3150,23.7364,NA,NA,NA,NA,NA,NA,NA,NA,NA,NA,NA,NA
270.859,2.3737,16.8544,1.3140,23.6447,NA,NA,NA,NA,NA,NA,NA,NA,NA,NA,NA,NA
270.953,2.3719,16.7663,1.3134,23.5825,NA,NA,NA,NA,NA,NA,NA,NA,NA,NA,NA,NA
271.057,2.3719,16.7663,1.3131,23.5529,NA,NA,NA,NA,NA,NA,NA,NA,NA,NA,NA,NA
271.155,2.3714,16.7386,1.3130,23.5428,NA,NA,NA,NA,NA,NA,NA,NA,NA,NA,NA,NA
271.256,2.3714,16.7386,1.3130,23.5428,NA,NA,NA,NA,NA,NA,NA,NA,NA,NA,NA,NA
271.357,2.3684,16.5925,1.3127,23.5215,NA,NA,NA,NA,NA,NA,NA,NA,NA,NA,NA,NA
271.448,2.3667,16.5114,1.3127,23.5215,NA,NA,NA,NA,NA,NA,NA,NA,NA,NA,NA,NA
271.577,2.3632,16.3354,1.3119,23.4472,NA,NA,NA,NA,NA,NA,NA,NA,NA,NA,NA,NA
271.649,2.3635,16.3503,1.3116,23.4172,NA,NA,NA,NA,NA,NA,NA,NA,NA,NA,NA,NA
271.744,2.3635,16.3503,1.3115,23.4042,NA,NA,NA,NA,NA,NA,NA,NA,NA,NA,NA,NA
271.844,2.3644,16.3978,1.3115,23.4042,NA,NA,NA,NA,NA,NA,NA,NA,NA,NA,NA,NA
271.934,2.3644,16.3978,1.3105,23.3077,NA,NA,NA,NA,NA,NA,NA,NA,NA,NA,NA,NA
272.033,2.3633,16.3404,1.3087,23.1429,NA,NA,NA,NA,NA,NA,NA,NA,NA,NA,NA,NA
272.135,2.3633,16.3404,1.3074,23.0239,NA,NA,NA,NA,NA,NA,NA,NA,NA,NA,NA,NA
272.227,2.3624,16.2970,1.3073,23.0121,NA,NA,NA,NA,NA,NA,NA,NA,NA,NA,NA,NA
272.334,2.3486,15.6183,1.3072,23.0040,NA,NA,NA,NA,NA,NA,NA,NA,NA,NA,NA,NA
272.426,2.3486,15.6183,1.3067,22.9503,NA,NA,NA,NA,NA,NA,NA,NA,NA,NA,NA,NA
272.519,2.3527,15.8215,1.3074,23.0204,NA,NA,NA,NA,NA,NA,NA,NA,NA,NA,NA,NA
272.620,2.3527,15.8215,1.3074,23.0204,NA,NA,NA,NA,NA,NA,NA,NA,NA,NA,NA,NA
272.766,2.3387,15.1331,1.3045,22.7488,NA,NA,NA,NA,NA,NA,NA,NA,NA,NA,NA,NA
272.820,2.3416,15.2737,1.3045,22.7488,NA,NA,NA,NA,NA,NA,NA,NA,NA,NA,NA,NA
272.916,2.3416,15.2737,1.3032,22.6238,NA,NA,NA,NA,NA,NA,NA,NA,NA,NA,NA,NA
273.012,2.3391,15.1526,1.3044,22.7342,NA,NA,NA,NA,NA,NA,NA,NA,NA,NA,NA,NA
273.120,2.3391,15.1526,1.3045,22.7482,NA,NA,NA,NA,NA,NA,NA,NA,NA,NA,NA,NA
273.208,2.3380,15.0972,1.3045,22.7482,NA,NA,NA,NA,NA,NA,NA,NA,NA,NA,NA,NA
273.341,2.3378,15.0875,1.3042,22.7166,NA,NA,NA,NA,NA,NA,NA,NA,NA,NA,NA,NA
273.404,2.3429,15.3381,1.3042,22.7166,NA,NA,NA,NA,NA,NA,NA,NA,NA,NA,NA,NA
273.500,2.3429,15.3381,1.3032,22.6229,NA,NA,NA,NA,NA,NA,NA,NA,NA,NA,NA,NA
273.603,2.3443,15.4055,1.3030,22.6042,NA,NA,NA,NA,NA,NA,NA,NA,NA,NA,NA,NA
273.704,2.3443,15.4055,1.3015,22.4660,NA,NA,NA,NA,NA,NA,NA,NA,NA,NA,NA,NA
273.794,2.3335,14.8756,1.3003,22.3476,NA,NA,NA,NA,NA,NA,NA,NA,NA,NA,NA,NA
273.893,2.3284,14.6240,1.2995,22.2726,NA,NA,NA,NA,NA,NA,NA,NA,NA,NA,NA,NA
274.014,2.3268,14.5429,1.2980,22.1356,NA,NA,NA,NA,NA,NA,NA,NA,NA,NA,NA,NA
274.092,2.3289,14.6481,1.2980,22.1356,NA,NA,NA,NA,NA,NA,NA,NA,NA,NA,NA,NA
274.190,2.3289,14.6481,1.2965,21.9987,NA,NA,NA,NA,NA,NA,NA,NA,NA,NA,NA,NA
274.282,2.3305,14.7255,1.2950,21.8531,NA,NA,NA,NA,NA,NA,NA,NA,NA,NA,NA,NA
274.382,2.3305,14.7255,1.2942,21.7749,NA,NA,NA,NA,NA,NA,NA,NA,NA,NA,NA,NA
274.514,2.3233,14.3744,1.2938,21.7360,NA,NA,NA,NA,NA,NA,NA,NA,NA,NA,NA,NA
274.584,2.3212,14.2688,1.2908,21.4626,NA,NA,NA,NA,NA,NA,NA,NA,NA,NA,NA,NA
274.677,2.3164,14.0354,1.2907,21.4530,NA,NA,NA,NA,NA,NA,NA,NA,NA,NA,NA,NA
274.773,2.3161,14.0194,1.2907,21.4530,NA,NA,NA,NA,NA,NA,NA,NA,NA,NA,NA,NA
274.882,2.3156,13.9960,1.2886,21.2527,NA,NA,NA,NA,NA,NA,NA,NA,NA,NA,NA,NA
274.970,2.3235,14.3804,1.2892,21.3105,NA,NA,NA,NA,NA,NA,NA,NA,NA,NA,NA,NA
275.073,2.3417,15.2808,1.2946,21.8186,NA,NA,NA,NA,NA,NA,NA,NA,NA,NA,NA,NA
275.165,2.3860,17.4600,1.3090,23.1719,NA,NA,NA,NA,NA,NA,NA,NA,NA,NA,NA,NA
275.267,2.4112,18.6995,1.3260,24.7673,NA,NA,NA,NA,NA,NA,NA,NA,NA,NA,NA,NA
275.358,2.4475,20.4885,1.3322,25.3532,NA,NA,NA,NA,NA,NA,NA,NA,NA,NA,NA,NA
275.466,2.4594,21.0739,1.3357,25.6806,NA,NA,NA,NA,NA,NA,NA,NA,NA,NA,NA,NA
275.556,2.4686,21.5260,1.3373,25.8381,NA,NA,NA,NA,NA,NA,NA,NA,NA,NA,NA,NA
275.657,2.4723,21.7072,1.3379,25.8948,NA,NA,NA,NA,NA,NA,NA,NA,NA,NA,NA,NA
275.785,2.4723,21.7072,1.3383,25.9287,NA,NA,NA,NA,NA,NA,NA,NA,NA,NA,NA,NA
275.848,2.4653,21.3639,1.3383,25.9287,NA,NA,NA,NA,NA,NA,NA,NA,NA,NA,NA,NA
275.950,2.4622,21.2111,1.3379,25.8930,NA,NA,NA,NA,NA,NA,NA,NA,NA,NA,NA,NA
276.048,2.4547,20.8408,1.3365,25.7588,NA,NA,NA,NA,NA,NA,NA,NA,NA,NA,NA,NA
276.149,2.4427,20.2499,1.3332,25.4484,NA,NA,NA,NA,NA,NA,NA,NA,NA,NA,NA,NA
276.241,2.4337,19.8052,1.3311,25.2527,NA,NA,NA,NA,NA,NA,NA,NA,NA,NA,NA,NA
276.355,2.4247,19.3646,1.3308,25.2175,NA,NA,NA,NA,NA,NA,NA,NA,NA,NA,NA,NA
276.441,2.4132,18.7973,1.3251,24.6825,NA,NA,NA,NA,NA,NA,NA,NA,NA,NA,NA,NA
276.535,2.4082,18.5521,1.3234,24.5303,NA,NA,NA,NA,NA,NA,NA,NA,NA,NA,NA,NA
276.633,2.3958,17.9423,1.3193,24.1385,NA,NA,NA,NA,NA,NA,NA,NA,NA,NA,NA,NA
276.727,2.3901,17.6601,1.3182,24.0340,NA,NA,NA,NA,NA,NA,NA,NA,NA,NA,NA,NA
276.839,2.3893,17.6207,1.3160,23.8310,NA,NA,NA,NA,NA,NA,NA,NA,NA,NA,NA,NA
276.967,2.3839,17.3546,1.3148,23.7175,NA,NA,NA,NA,NA,NA,NA,NA,NA,NA,NA,NA
277.030,2.3839,17.3546,1.3131,23.5540,NA,NA,NA,NA,NA,NA,NA,NA,NA,NA,NA,NA
277.126,2.3703,16.6869,1.3116,23.4127,NA,NA,NA,NA,NA,NA,NA,NA,NA,NA,NA,NA
277.220,2.3703,16.6855,1.3108,23.3448,NA,NA,NA,NA,NA,NA,NA,NA,NA,NA,NA,NA
277.319,2.3705,16.6945,1.3082,23.0934,NA,NA,NA,NA,NA,NA,NA,NA,NA,NA,NA,NA
277.423,2.3831,17.3176,1.3155,23.7857,NA,NA,NA,NA,NA,NA,NA,NA,NA,NA,NA,NA
277.552,2.4186,19.0658,1.3261,24.7831,NA,NA,NA,NA,NA,NA,NA,NA,NA,NA,NA,NA
277.619,2.4654,21.3686,1.3350,25.6163,NA,NA,NA,NA,NA,NA,NA,NA,NA,NA,NA,NA
277.711,2.4967,22.9086,1.3518,27.2013,NA,NA,NA,NA,NA,NA,NA,NA,NA,NA,NA,NA
277.807,2.5629,26.1667,1.3625,28.2005,NA,NA,NA,NA,NA,NA,NA,NA,NA,NA,NA,NA
277.905,2.5897,27.4851,1.3687,28.7851,NA,NA,NA,NA,NA,NA,NA,NA,NA,NA,NA,NA
278.014,2.6308,29.5113,1.3773,29.5968,NA,NA,NA,NA,NA,NA,NA,NA,NA,NA,NA,NA
278.101,2.6494,30.4248,1.3819,30.0284,NA,NA,NA,NA,NA,NA,NA,NA,NA,NA,NA,NA
278.238,2.6687,31.3776,1.3904,30.8342,NA,NA,NA,NA,NA,NA,NA,NA,NA,NA,NA,NA
278.301,2.7067,33.2459,1.3956,31.3151,NA,NA,NA,NA,NA,NA,NA,NA,NA,NA,NA,NA
278.403,2.7324,34.5101,1.4008,31.8061,NA,NA,NA,NA,NA,NA,NA,NA,NA,NA,NA,NA
278.498,2.7549,35.6185,1.4078,32.4704,NA,NA,NA,NA,NA,NA,NA,NA,NA,NA,NA,NA
278.600,2.7652,36.1249,1.4171,33.3438,NA,NA,NA,NA,NA,NA,NA,NA,NA,NA,NA,NA
278.733,2.7999,37.8367,1.4245,34.0425,NA,NA,NA,NA,NA,NA,NA,NA,NA,NA,NA,NA
278.789,2.8083,38.2477,1.4281,34.3762,NA,NA,NA,NA,NA,NA,NA,NA,NA,NA,NA,NA
278.887,2.8083,38.2477,1.4346,34.9862,NA,NA,NA,NA,NA,NA,NA,NA,NA,NA,NA,NA
278.990,2.8231,38.9750,1.4378,35.2880,NA,NA,NA,NA,NA,NA,NA,NA,NA,NA,NA,NA
279.081,2.8231,38.9750,1.4446,35.9335,NA,NA,NA,NA,NA,NA,NA,NA,NA,NA,NA,NA
279.183,2.8387,39.7447,1.4466,36.1202,NA,NA,NA,NA,NA,NA,NA,NA,NA,NA,NA,NA
279.275,2.8387,39.7447,1.4530,36.7232,NA,NA,NA,NA,NA,NA,NA,NA,NA,NA,NA,NA
279.384,2.8376,39.6910,1.4554,36.9459,NA,NA,NA,NA,NA,NA,NA,NA,NA,NA,NA,NA
279.479,2.8376,39.6910,1.4558,36.9844,NA,NA,NA,NA,NA,NA,NA,NA,NA,NA,NA,NA
279.569,2.8349,39.5573,1.4566,37.0578,NA,NA,NA,NA,NA,NA,NA,NA,NA,NA,NA,NA
279.678,2.8280,39.2198,1.4566,37.0578,NA,NA,NA,NA,NA,NA,NA,NA,NA,NA,NA,NA
279.775,2.8280,39.2198,1.4562,37.0180,NA,NA,NA,NA,NA,NA,NA,NA,NA,NA,NA,NA
279.867,2.8261,39.1268,1.4560,37.0022,NA,NA,NA,NA,NA,NA,NA,NA,NA,NA,NA,NA
279.980,2.8261,39.1268,1.4556,36.9687,NA,NA,NA,NA,NA,NA,NA,NA,NA,NA,NA,NA
280.066,2.8129,38.4772,1.4536,36.7752,NA,NA,NA,NA,NA,NA,NA,NA,NA,NA,NA,NA
280.160,2.8129,38.4772,1.4519,36.6138,NA,NA,NA,NA,NA,NA,NA,NA,NA,NA,NA,NA
280.259,2.7973,37.7090,1.4506,36.4973,NA,NA,NA,NA,NA,NA,NA,NA,NA,NA,NA,NA
280.364,2.7973,37.7090,1.4506,36.4973,NA,NA,NA,NA,NA,NA,NA,NA,NA,NA,NA,NA
280.456,2.7848,37.0911,1.4478,36.2272,NA,NA,NA,NA,NA,NA,NA,NA,NA,NA,NA,NA
280.594,2.7752,36.6170,1.4471,36.1630,NA,NA,NA,NA,NA,NA,NA,NA,NA,NA,NA,NA
280.656,2.7749,36.6043,1.4382,35.3299,NA,NA,NA,NA,NA,NA,NA,NA,NA,NA,NA,NA
280.761,2.7609,35.9167,1.4369,35.2029,NA,NA,NA,NA,NA,NA,NA,NA,NA,NA,NA,NA
280.844,2.7560,35.6717,1.4316,34.7062,NA,NA,NA,NA,NA,NA,NA,NA,NA,NA,NA,NA
280.944,2.7337,34.5759,1.4286,34.4290,NA,NA,NA,NA,NA,NA,NA,NA,NA,NA,NA,NA
281.037,2.7337,34.5759,1.4265,34.2278,NA,NA,NA,NA,NA,NA,NA,NA,NA,NA,NA,NA
281.141,2.7140,33.6044,1.4253,34.1158,NA,NA,NA,NA,NA,NA,NA,NA,NA,NA,NA,NA
281.237,2.7097,33.3963,1.4240,33.9958,NA,NA,NA,NA,NA,NA,NA,NA,NA,NA,NA,NA
281.336,2.7011,32.9706,1.4216,33.7621,NA,NA,NA,NA,NA,NA,NA,NA,NA,NA,NA,NA
281.432,2.6976,32.7996,1.4195,33.5711,NA,NA,NA,NA,NA,NA,NA,NA,NA,NA,NA,NA
281.529,2.6890,32.3774,1.4175,33.3782,NA,NA,NA,NA,NA,NA,NA,NA,NA,NA,NA,NA
281.624,2.6813,31.9943,1.4175,33.3782,NA,NA,NA,NA,NA,NA,NA,NA,NA,NA,NA,NA
281.723,2.6774,31.8060,1.4151,33.1564,NA,NA,NA,NA,NA,NA,NA,NA,NA,NA,NA,NA
281.819,2.6724,31.5561,1.4143,33.0823,NA,NA,NA,NA,NA,NA,NA,NA,NA,NA,NA,NA
281.919,2.6694,31.4122,1.4134,32.9951,NA,NA,NA,NA,NA,NA,NA,NA,NA,NA,NA,NA
282.037,2.6487,30.3937,1.4134,32.9942,NA,NA,NA,NA,NA,NA,NA,NA,NA,NA,NA,NA
282.131,2.6455,30.2347,1.4119,32.8540,NA,NA,NA,NA,NA,NA,NA,NA,NA,NA,NA,NA
282.221,2.6463,30.2743,1.4116,32.8250,NA,NA,NA,NA,NA,NA,NA,NA,NA,NA,NA,NA
282.318,2.6463,30.2743,1.4096,32.6371,NA,NA,NA,NA,NA,NA,NA,NA,NA,NA,NA,NA
282.411,2.6322,29.5772,1.4097,32.6475,NA,NA,NA,NA,NA,NA,NA,NA,NA,NA,NA,NA
282.510,2.6232,29.1386,1.4097,32.6475,NA,NA,NA,NA,NA,NA,NA,NA,NA,NA,NA,NA
282.605,2.6193,28.9427,1.4087,32.5503,NA,NA,NA,NA,NA,NA,NA,NA,NA,NA,NA,NA
282.711,2.6217,29.0642,1.4078,32.4632,NA,NA,NA,NA,NA,NA,NA,NA,NA,NA,NA,NA
282.803,2.6217,29.0642,1.4073,32.4159,NA,NA,NA,NA,NA,NA,NA,NA,NA,NA,NA,NA
282.942,2.6157,28.7689,1.4063,32.3251,NA,NA,NA,NA,NA,NA,NA,NA,NA,NA,NA,NA
283.003,2.6136,28.6656,1.4051,32.2098,NA,NA,NA,NA,NA,NA,NA,NA,NA,NA,NA,NA
283.095,2.6042,28.2010,1.4039,32.1012,NA,NA,NA,NA,NA,NA,NA,NA,NA,NA,NA,NA
283.196,2.6001,28.0004,1.4037,32.0827,NA,NA,NA,NA,NA,NA,NA,NA,NA,NA,NA,NA
283.290,2.5973,27.8613,1.4037,32.0827,NA,NA,NA,NA,NA,NA,NA,NA,NA,NA,NA,NA
283.391,2.6050,28.2420,1.4029,32.0049,NA,NA,NA,NA,NA,NA,NA,NA,NA,NA,NA,NA
283.519,2.6050,28.2420,1.4021,31.9319,NA,NA,NA,NA,NA,NA,NA,NA,NA,NA,NA,NA
283.588,2.5931,27.6537,1.4001,31.7464,NA,NA,NA,NA,NA,NA,NA,NA,NA,NA,NA,NA
283.691,2.5942,27.7078,1.3989,31.6294,NA,NA,NA,NA,NA,NA,NA,NA,NA,NA,NA,NA
283.783,2.5942,27.7078,1.3984,31.5813,NA,NA,NA,NA,NA,NA,NA,NA,NA,NA,NA,NA
283.879,2.5914,27.5731,1.3988,31.6201,NA,NA,NA,NA,NA,NA,NA,NA,NA,NA,NA,NA
283.974,2.5912,27.5607,1.3997,31.7014,NA,NA,NA,NA,NA,NA,NA,NA,NA,NA,NA,NA
284.078,2.5929,27.6466,1.3997,31.7014,NA,NA,NA,NA,NA,NA,NA,NA,NA,NA,NA,NA
284.209,2.5929,27.6466,1.3983,31.5745,NA,NA,NA,NA,NA,NA,NA,NA,NA,NA,NA,NA
284.272,2.5894,27.4700,1.3979,31.5359,NA,NA,NA,NA,NA,NA,NA,NA,NA,NA,NA,NA
284.370,2.5894,27.4700,1.3973,31.4825,NA,NA,NA,NA,NA,NA,NA,NA,NA,NA,NA,NA
284.481,2.5847,27.2401,1.3973,31.4825,NA,NA,NA,NA,NA,NA,NA,NA,NA,NA,NA,NA
284.570,2.5847,27.2401,1.3949,31.2553,NA,NA,NA,NA,NA,NA,NA,NA,NA,NA,NA,NA
284.661,2.5816,27.0901,1.3953,31.2952,NA,NA,NA,NA,NA,NA,NA,NA,NA,NA,NA,NA
284.767,2.5663,26.3335,1.3954,31.2970,NA,NA,NA,NA,NA,NA,NA,NA,NA,NA,NA,NA
284.861,2.5660,26.3182,1.3954,31.2970,NA,NA,NA,NA,NA,NA,NA,NA,NA,NA,NA,NA
284.957,2.5711,26.5691,1.3955,31.3111,NA,NA,NA,NA,NA,NA,NA,NA,NA,NA,NA,NA
285.053,2.5711,26.5691,1.3955,31.3111,NA,NA,NA,NA,NA,NA,NA,NA,NA,NA,NA,NA
285.150,2.5663,26.3373,1.3951,31.2732,NA,NA,NA,NA,NA,NA,NA,NA,NA,NA,NA,NA
285.251,2.5674,26.3886,1.3936,31.1323,NA,NA,NA,NA,NA,NA,NA,NA,NA,NA,NA,NA
285.375,2.5674,26.3886,1.3929,31.0635,NA,NA,NA,NA,NA,NA,NA,NA,NA,NA,NA,NA
285.448,2.5655,26.2942,1.3928,31.0596,NA,NA,NA,NA,NA,NA,NA,NA,NA,NA,NA,NA
285.542,2.5585,25.9490,1.3902,30.8067,NA,NA,NA,NA,NA,NA,NA,NA,NA,NA,NA,NA
285.645,2.5555,25.8032,1.3900,30.7966,NA,NA,NA,NA,NA,NA,NA,NA,NA,NA,NA,NA
285.738,2.5555,25.8032,1.3879,30.5911,NA,NA,NA,NA,NA,NA,NA,NA,NA,NA,NA,NA
285.845,2.5522,25.6388,1.3871,30.5230,NA,NA,NA,NA,NA,NA,NA,NA,NA,NA,NA,NA
285.960,2.5522,25.6388,1.3861,30.4257,NA,NA,NA,NA,NA,NA,NA,NA,NA,NA,NA,NA
286.039,2.5518,25.6217,1.3855,30.3710,NA,NA,NA,NA,NA,NA,NA,NA,NA,NA,NA,NA
286.130,2.5518,25.6217,1.3849,30.3155,NA,NA,NA,NA,NA,NA,NA,NA,NA,NA,NA,NA
286.236,2.5404,25.0593,1.3834,30.1753,NA,NA,NA,NA,NA,NA,NA,NA,NA,NA,NA,NA
286.326,2.5362,24.8510,1.3829,30.1247,NA,NA,NA,NA,NA,NA,NA,NA,NA,NA,NA,NA
286.429,2.5316,24.6274,1.3820,30.0409,NA,NA,NA,NA,NA,NA,NA,NA,NA,NA,NA,NA
286.519,2.5398,25.0289,1.3782,29.6845,NA,NA,NA,NA,NA,NA,NA,NA,NA,NA,NA,NA
286.619,2.5398,25.0289,1.3783,29.6932,NA,NA,NA,NA,NA,NA,NA,NA,NA,NA,NA,NA
286.721,2.5372,24.9034,1.3783,29.6932,NA,NA,NA,NA,NA,NA,NA,NA,NA,NA,NA,NA
286.826,2.5348,24.7838,1.3789,29.7495,NA,NA,NA,NA,NA,NA,NA,NA,NA,NA,NA,NA
286.916,2.5347,24.7811,1.3789,29.7495,NA,NA,NA,NA,NA,NA,NA,NA,NA,NA,NA,NA
287.009,2.5347,24.7811,1.3785,29.7084,NA,NA,NA,NA,NA,NA,NA,NA,NA,NA,NA,NA
287.173,2.5360,24.8415,1.3769,29.5606,NA,NA,NA,NA,NA,NA,NA,NA,NA,NA,NA,NA
287.213,2.5360,24.8415,1.3762,29.4963,NA,NA,NA,NA,NA,NA,NA,NA,NA,NA,NA,NA
287.303,2.5361,24.8497,1.3759,29.4656,NA,NA,NA,NA,NA,NA,NA,NA,NA,NA,NA,NA
287.412,2.5361,24.8497,1.3743,29.3119,NA,NA,NA,NA,NA,NA,NA,NA,NA,NA,NA,NA
287.505,2.5355,24.8203,1.3736,29.2469,NA,NA,NA,NA,NA,NA,NA,NA,NA,NA,NA,NA
287.601,2.5355,24.8203,1.3732,29.2091,NA,NA,NA,NA,NA,NA,NA,NA,NA,NA,NA,NA
287.698,2.5303,24.5631,1.3729,29.1852,NA,NA,NA,NA,NA,NA,NA,NA,NA,NA,NA,NA
287.794,2.5304,24.5676,1.3730,29.1966,NA,NA,NA,NA,NA,NA,NA,NA,NA,NA,NA,NA
287.892,2.5304,24.5676,1.3730,29.1966,NA,NA,NA,NA,NA,NA,NA,NA,NA,NA,NA,NA
287.989,2.5234,24.2221,1.3721,29.1112,NA,NA,NA,NA,NA,NA,NA,NA,NA,NA,NA,NA
288.088,2.5248,24.2924,1.3714,29.0380,NA,NA,NA,NA,NA,NA,NA,NA,NA,NA,NA,NA
288.183,2.5248,24.2924,1.3709,28.9951,NA,NA,NA,NA,NA,NA,NA,NA,NA,NA,NA,NA
288.318,2.5238,24.2444,1.3692,28.8388,NA,NA,NA,NA,NA,NA,NA,NA,NA,NA,NA,NA
288.383,2.5216,24.1350,1.3687,28.7857,NA,NA,NA,NA,NA,NA,NA,NA,NA,NA,NA,NA
288.480,2.5169,23.9034,1.3690,28.8185,NA,NA,NA,NA,NA,NA,NA,NA,NA,NA,NA,NA
288.581,2.5169,23.9034,1.3690,28.8185,NA,NA,NA,NA,NA,NA,NA,NA,NA,NA,NA,NA
288.674,2.5173,23.9243,1.3688,28.7980,NA,NA,NA,NA,NA,NA,NA,NA,NA,NA,NA,NA
288.778,2.5173,23.9243,1.3681,28.7299,NA,NA,NA,NA,NA,NA,NA,NA,NA,NA,NA,NA
288.873,2.5140,23.7581,1.3671,28.6331,NA,NA,NA,NA,NA,NA,NA,NA,NA,NA,NA,NA
289.018,2.5140,23.7581,1.3662,28.5534,NA,NA,NA,NA,NA,NA,NA,NA,NA,NA,NA,NA
289.065,2.5085,23.4910,1.3652,28.4595,NA,NA,NA,NA,NA,NA,NA,NA,NA,NA,NA,NA
289.165,2.5060,23.3690,1.3648,28.4193,NA,NA,NA,NA,NA,NA,NA,NA,NA,NA,NA,NA
289.262,2.5027,23.2060,1.3645,28.3894,NA,NA,NA,NA,NA,NA,NA,NA,NA,NA,NA,NA
289.362,2.5058,23.3573,1.3645,28.3894,NA,NA,NA,NA,NA,NA,NA,NA,NA,NA,NA,NA
289.463,2.5058,23.3573,1.3637,28.3208,NA,NA,NA,NA,NA,NA,NA,NA,NA,NA,NA,NA
289.582,2.4999,23.0677,1.3629,28.2397,NA,NA,NA,NA,NA,NA,NA,NA,NA,NA,NA,NA
289.655,2.4999,23.0677,1.3629,28.2397,NA,NA,NA,NA,NA,NA,NA,NA,NA,NA,NA,NA
289.751,2.4947,22.8102,1.3617,28.1255,NA,NA,NA,NA,NA,NA,NA,NA,NA,NA,NA,NA
289.849,2.4942,22.7856,1.3600,27.9710,NA,NA,NA,NA,NA,NA,NA,NA,NA,NA,NA,NA
289.952,2.4911,22.6326,1.3604,28.0074,NA,NA,NA,NA,NA,NA,NA,NA,NA,NA,NA,NA
290.046,2.4955,22.8501,1.3604,28.0074,NA,NA,NA,NA,NA,NA,NA,NA,NA,NA,NA,NA
290.170,2.4955,22.8501,1.3599,27.9587,NA,NA,NA,NA,NA,NA,NA,NA,NA,NA,NA,NA
290.240,2.4956,22.8559,1.3561,27.6039,NA,NA,NA,NA,NA,NA,NA,NA,NA,NA,NA,NA
290.347,2.4956,22.8559,1.3550,27.5018,NA,NA,NA,NA,NA,NA,NA,NA,NA,NA,NA,NA
290.439,2.4917,22.6634,1.3534,27.3470,NA,NA,NA,NA,NA,NA,NA,NA,NA,NA,NA,NA
290.534,2.4824,22.2058,1.3524,27.2525,NA,NA,NA,NA,NA,NA,NA,NA,NA,NA,NA,NA
290.635,2.4712,21.6548,1.3520,27.2161,NA,NA,NA,NA,NA,NA,NA,NA,NA,NA,NA,NA
290.742,2.4739,21.7859,1.3520,27.2161,NA,NA,NA,NA,NA,NA,NA,NA,NA,NA,NA,NA
290.830,2.4769,21.9326,1.3527,27.2783,NA,NA,NA,NA,NA,NA,NA,NA,NA,NA,NA,NA
290.927,2.4801,22.0925,1.3527,27.2783,NA,NA,NA,NA,NA,NA,NA,NA,NA,NA,NA,NA
291.027,2.4801,22.0925,1.3496,26.9867,NA,NA,NA,NA,NA,NA,NA,NA,NA,NA,NA,NA
291.123,2.4771,21.9437,1.3485,26.8919,NA,NA,NA,NA,NA,NA,NA,NA,NA,NA,NA,NA
291.218,2.4771,21.9437,1.3482,26.8608,NA,NA,NA,NA,NA,NA,NA,NA,NA,NA,NA,NA
291.322,2.4754,21.8611,1.3482,26.8608,NA,NA,NA,NA,NA,NA,NA,NA,NA,NA,NA,NA
291.419,2.4691,21.5524,1.3460,26.6520,NA,NA,NA,NA,NA,NA,NA,NA,NA,NA,NA,NA
291.517,2.4694,21.5671,1.3457,26.6212,NA,NA,NA,NA,NA,NA,NA,NA,NA,NA,NA,NA
291.608,2.4736,21.7708,1.3457,26.6212,NA,NA,NA,NA,NA,NA,NA,NA,NA,NA,NA,NA
291.711,2.4736,21.7708,1.3455,26.6084,NA,NA,NA,NA,NA,NA,NA,NA,NA,NA,NA,NA
291.815,2.4646,21.3266,1.3451,26.5683,NA,NA,NA,NA,NA,NA,NA,NA,NA,NA,NA,NA
291.912,2.4646,21.3266,1.3447,26.5335,NA,NA,NA,NA,NA,NA,NA,NA,NA,NA,NA,NA
292.007,2.4616,21.1815,1.3434,26.4110,NA,NA,NA,NA,NA,NA,NA,NA,NA,NA,NA,NA
292.103,2.4541,20.8109,1.3431,26.3767,NA,NA,NA,NA,NA,NA,NA,NA,NA,NA,NA,NA
292.202,2.4541,20.8109,1.3440,26.4673,NA,NA,NA,NA,NA,NA,NA,NA,NA,NA,NA,NA
292.297,2.4558,20.8978,1.3440,26.4673,NA,NA,NA,NA,NA,NA,NA,NA,NA,NA,NA,NA
292.398,2.4558,20.8978,1.3441,26.4715,NA,NA,NA,NA,NA,NA,NA,NA,NA,NA,NA,NA
292.494,2.4574,20.9757,1.3441,26.4715,NA,NA,NA,NA,NA,NA,NA,NA,NA,NA,NA,NA
292.585,2.4574,20.9757,1.3438,26.4431,NA,NA,NA,NA,NA,NA,NA,NA,NA,NA,NA,NA
292.686,2.4580,21.0062,1.3420,26.2750,NA,NA,NA,NA,NA,NA,NA,NA,NA,NA,NA,NA
292.783,2.4580,21.0062,1.3417,26.2519,NA,NA,NA,NA,NA,NA,NA,NA,NA,NA,NA,NA
292.880,2.4490,20.5608,1.3417,26.2519,NA,NA,NA,NA,NA,NA,NA,NA,NA,NA,NA,NA
292.982,2.4476,20.4929,1.3386,25.9550,NA,NA,NA,NA,NA,NA,NA,NA,NA,NA,NA,NA
293.093,2.4467,20.4466,1.3385,25.9462,NA,NA,NA,NA,NA,NA,NA,NA,NA,NA,NA,NA
293.182,2.4467,20.4466,1.3387,25.9698,NA,NA,NA,NA,NA,NA,NA,NA,NA,NA,NA,NA
293.276,2.4421,20.2219,1.3387,25.9698,NA,NA,NA,NA,NA,NA,NA,NA,NA,NA,NA,NA
293.384,2.4421,20.2219,1.3382,25.9169,NA,NA,NA,NA,NA,NA,NA,NA,NA,NA,NA,NA
293.474,2.4408,20.1565,1.3376,25.8656,NA,NA,NA,NA,NA,NA,NA,NA,NA,NA,NA,NA
293.570,2.4387,20.0544,1.3366,25.7659,NA,NA,NA,NA,NA,NA,NA,NA,NA,NA,NA,NA
293.718,2.4369,19.9655,1.3349,25.6096,NA,NA,NA,NA,NA,NA,NA,NA,NA,NA,NA,NA
293.763,2.4375,19.9927,1.3340,25.5262,NA,NA,NA,NA,NA,NA,NA,NA,NA,NA,NA,NA
293.868,2.4375,19.9927,1.3340,25.5262,NA,NA,NA,NA,NA,NA,NA,NA,NA,NA,NA,NA
293.962,2.4365,19.9430,1.3327,25.4010,NA,NA,NA,NA,NA,NA,NA,NA,NA,NA,NA,NA
294.069,2.4365,19.9430,1.3325,25.3838,NA,NA,NA,NA,NA,NA,NA,NA,NA,NA,NA,NA
294.154,2.4139,18.8317,1.3321,25.3464,NA,NA,NA,NA,NA,NA,NA,NA,NA,NA,NA,NA
294.257,2.4149,18.8823,1.3328,25.4102,NA,NA,NA,NA,NA,NA,NA,NA,NA,NA,NA,NA
294.380,2.4149,18.8823,1.3333,25.4527,NA,NA,NA,NA,NA,NA,NA,NA,NA,NA,NA,NA
294.449,2.4197,19.1192,1.3333,25.4527,NA,NA,NA,NA,NA,NA,NA,NA,NA,NA,NA,NA
294.546,2.4197,19.1192,1.3326,25.3908,NA,NA,NA,NA,NA,NA,NA,NA,NA,NA,NA,NA
294.645,2.4226,19.2635,1.3320,25.3389,NA,NA,NA,NA,NA,NA,NA,NA,NA,NA,NA,NA
294.750,2.4226,19.2635,1.3318,25.3163,NA,NA,NA,NA,NA,NA,NA,NA,NA,NA,NA,NA
294.847,2.4136,18.8177,1.3310,25.2410,NA,NA,NA,NA,NA,NA,NA,NA,NA,NA,NA,NA
294.989,2.4136,18.8177,1.3310,25.2446,NA,NA,NA,NA,NA,NA,NA,NA,NA,NA,NA,NA
295.041,2.4130,18.7871,1.3310,25.2446,NA,NA,NA,NA,NA,NA,NA,NA,NA,NA,NA,NA
295.133,2.4144,18.8577,1.3303,25.1728,NA,NA,NA,NA,NA,NA,NA,NA,NA,NA,NA,NA
295.244,2.4144,18.8577,1.3291,25.0616,NA,NA,NA,NA,NA,NA,NA,NA,NA,NA,NA,NA
295.331,2.4106,18.6691,1.3286,25.0134,NA,NA,NA,NA,NA,NA,NA,NA,NA,NA,NA,NA
295.440,2.4106,18.6691,1.3280,24.9571,NA,NA,NA,NA,NA,NA,NA,NA,NA,NA,NA,NA
295.528,2.4049,18.3889,1.3278,24.9424,NA,NA,NA,NA,NA,NA,NA,NA,NA,NA,NA,NA
295.636,2.4049,18.3889,1.3278,24.9424,NA,NA,NA,NA,NA,NA,NA,NA,NA,NA,NA,NA
295.722,2.4022,18.2546,1.3263,24.8012,NA,NA,NA,NA,NA,NA,NA,NA,NA,NA,NA,NA
295.829,2.4033,18.3109,1.3257,24.7443,NA,NA,NA,NA,NA,NA,NA,NA,NA,NA,NA,NA
295.919,2.4033,18.3109,1.3251,24.6875,NA,NA,NA,NA,NA,NA,NA,NA,NA,NA,NA,NA
296.025,2.3969,17.9959,1.3251,24.6841,NA,NA,NA,NA,NA,NA,NA,NA,NA,NA,NA,NA
296.178,2.3969,17.9959,1.3244,24.6213,NA,NA,NA,NA,NA,NA,NA,NA,NA,NA,NA,NA
296.220,2.3990,18.0988,1.3230,24.4869,NA,NA,NA,NA,NA,NA,NA,NA,NA,NA,NA,NA
296.311,2.3990,18.0988,1.3223,24.4258,NA,NA,NA,NA,NA,NA,NA,NA,NA,NA,NA,NA
296.415,2.3963,17.9674,1.3220,24.3927,NA,NA,NA,NA,NA,NA,NA,NA,NA,NA,NA,NA
296.515,2.3963,17.9674,1.3188,24.0939,NA,NA,NA,NA,NA,NA,NA,NA,NA,NA,NA,NA
296.602,2.3922,17.7647,1.3179,24.0105,NA,NA,NA,NA,NA,NA,NA,NA,NA,NA,NA,NA
296.706,2.3901,17.6627,1.3164,23.8664,NA,NA,NA,NA,NA,NA,NA,NA,NA,NA,NA,NA
296.806,2.3894,17.6290,1.3162,23.8505,NA,NA,NA,NA,NA,NA,NA,NA,NA,NA,NA,NA
296.899,2.3971,18.0061,1.3161,23.8422,NA,NA,NA,NA,NA,NA,NA,NA,NA,NA,NA,NA
296.995,2.3971,18.0061,1.3163,23.8574,NA,NA,NA,NA,NA,NA,NA,NA,NA,NA,NA,NA
297.100,2.3904,17.6749,1.3163,23.8574,NA,NA,NA,NA,NA,NA,NA,NA,NA,NA,NA,NA
297.195,2.3904,17.6749,1.3147,23.7051,NA,NA,NA,NA,NA,NA,NA,NA,NA,NA,NA,NA
297.313,2.3848,17.3985,1.3154,23.7774,NA,NA,NA,NA,NA,NA,NA,NA,NA,NA,NA,NA
297.397,2.3852,17.4200,1.3154,23.7774,NA,NA,NA,NA,NA,NA,NA,NA,NA,NA,NA,NA
297.490,2.3852,17.4200,1.3146,23.6963,NA,NA,NA,NA,NA,NA,NA,NA,NA,NA,NA,NA
297.591,2.3851,17.4154,1.3134,23.5814,NA,NA,NA,NA,NA,NA,NA,NA,NA,NA,NA,NA
297.686,2.3851,17.4154,1.3135,23.5961,NA,NA,NA,NA,NA,NA,NA,NA,NA,NA,NA,NA
297.789,2.3860,17.4591,1.3147,23.7094,NA,NA,NA,NA,NA,NA,NA,NA,NA,NA,NA,NA
297.932,2.3860,17.4591,1.3147,23.7094,NA,NA,NA,NA,NA,NA,NA,NA,NA,NA,NA,NA
297.967,2.3638,16.3688,1.3133,23.5770,NA,NA,NA,NA,NA,NA,NA,NA,NA,NA,NA,NA
298.066,2.3609,16.2229,1.3127,23.5207,NA,NA,NA,NA,NA,NA,NA,NA,NA,NA,NA,NA
298.181,2.3627,16.3112,1.3123,23.4781,NA,NA,NA,NA,NA,NA,NA,NA,NA,NA,NA,NA
298.271,2.3691,16.6286,1.3119,23.4456,NA,NA,NA,NA,NA,NA,NA,NA,NA,NA,NA,NA
298.369,2.3709,16.7152,1.3119,23.4429,NA,NA,NA,NA,NA,NA,NA,NA,NA,NA,NA,NA
298.473,2.3779,17.0595,1.3078,23.0578,NA,NA,NA,NA,NA,NA,NA,NA,NA,NA,NA,NA
298.591,2.3779,17.0595,1.3070,22.9787,NA,NA,NA,NA,NA,NA,NA,NA,NA,NA,NA,NA
298.678,2.3709,16.7144,1.3065,22.9311,NA,NA,NA,NA,NA,NA,NA,NA,NA,NA,NA,NA
298.756,2.3653,16.4383,1.3065,22.9311,NA,NA,NA,NA,NA,NA,NA,NA,NA,NA,NA,NA
298.861,2.3634,16.3450,1.3058,22.8696,NA,NA,NA,NA,NA,NA,NA,NA,NA,NA,NA,NA
298.952,2.3672,16.5326,1.3057,22.8592,NA,NA,NA,NA,NA,NA,NA,NA,NA,NA,NA,NA
299.051,2.3672,16.5326,1.3064,22.9295,NA,NA,NA,NA,NA,NA,NA,NA,NA,NA,NA,NA
299.185,2.3617,16.2639,1.3064,22.9295,NA,NA,NA,NA,NA,NA,NA,NA,NA,NA,NA,NA
299.247,2.3624,16.2988,1.3059,22.8789,NA,NA,NA,NA,NA,NA,NA,NA,NA,NA,NA,NA
299.350,2.3624,16.2988,1.3059,22.8789,NA,NA,NA,NA,NA,NA,NA,NA,NA,NA,NA,NA
299.443,2.3623,16.2904,1.3051,22.8007,NA,NA,NA,NA,NA,NA,NA,NA,NA,NA,NA,NA
299.547,2.3527,15.8193,1.3052,22.8098,NA,NA,NA,NA,NA,NA,NA,NA,NA,NA,NA,NA
299.637,2.3527,15.8193,1.3052,22.8098,NA,NA,NA,NA,NA,NA,NA,NA,NA,NA,NA,NA
299.747,2.3515,15.7600,1.3049,22.7816,NA,NA,NA,NA,NA,NA,NA,NA,NA,NA,NA,NA
299.835,2.3515,15.7600,1.3045,22.7518,NA,NA,NA,NA,NA,NA,NA,NA,NA,NA,NA,NA
299.957,2.3472,15.5472,1.3044,22.7407,NA,NA,NA,NA,NA,NA,NA,NA,NA,NA,NA,NA
300.033,2.3469,15.5320,1.3029,22.6015,NA,NA,NA,NA,NA,NA,NA,NA,NA,NA,NA,NA
300.127,2.3460,15.4915,1.3029,22.6015,NA,NA,NA,NA,NA,NA,NA,NA,NA,NA,NA,NA
300.223,2.3480,15.5896,1.3017,22.4808,NA,NA,NA,NA,NA,NA,NA,NA,NA,NA,NA,NA
300.326,2.3489,15.6314,1.3010,22.4181,NA,NA,NA,NA,NA,NA,NA,NA,NA,NA,NA,NA
300.423,2.3565,16.0073,1.3006,22.3842,NA,NA,NA,NA,NA,NA,NA,NA,NA,NA,NA,NA
300.517,2.3565,16.0073,1.2994,22.2657,NA,NA,NA,NA,NA,NA,NA,NA,NA,NA,NA,NA
300.618,2.3518,15.7742,1.2999,22.3176,NA,NA,NA,NA,NA,NA,NA,NA,NA,NA,NA,NA
300.718,2.3481,15.5939,1.2999,22.3176,NA,NA,NA,NA,NA,NA,NA,NA,NA,NA,NA,NA
300.819,2.3476,15.5687,1.2987,22.2038,NA,NA,NA,NA,NA,NA,NA,NA,NA,NA,NA,NA
300.909,2.3432,15.3514,1.2986,22.1906,NA,NA,NA,NA,NA,NA,NA,NA,NA,NA,NA,NA
301.017,2.3432,15.3514,1.2973,22.0700,NA,NA,NA,NA,NA,NA,NA,NA,NA,NA,NA,NA
301.110,2.3380,15.0980,1.2974,22.0793,NA,NA,NA,NA,NA,NA,NA,NA,NA,NA,NA,NA
301.234,2.3380,15.0980,1.2975,22.0879,NA,NA,NA,NA,NA,NA,NA,NA,NA,NA,NA,NA
301.303,2.3380,15.0982,1.2975,22.0879,NA,NA,NA,NA,NA,NA,NA,NA,NA,NA,NA,NA
301.405,2.3380,15.0982,1.2969,22.0319,NA,NA,NA,NA,NA,NA,NA,NA,NA,NA,NA,NA
301.497,2.3324,14.8226,1.2968,22.0250,NA,NA,NA,NA,NA,NA,NA,NA,NA,NA,NA,NA
301.597,2.3324,14.8226,1.2968,22.0250,NA,NA,NA,NA,NA,NA,NA,NA,NA,NA,NA,NA
301.693,2.3302,14.7117,1.2967,22.0102,NA,NA,NA,NA,NA,NA,NA,NA,NA,NA,NA,NA
301.793,2.3350,14.9485,1.2960,21.9484,NA,NA,NA,NA,NA,NA,NA,NA,NA,NA,NA,NA
301.894,2.3350,14.9485,1.2955,21.9004,NA,NA,NA,NA,NA,NA,NA,NA,NA,NA,NA,NA
301.989,2.3338,14.8873,1.2952,21.8725,NA,NA,NA,NA,NA,NA,NA,NA,NA,NA,NA,NA
302.118,2.3330,14.8486,1.2935,21.7117,NA,NA,NA,NA,NA,NA,NA,NA,NA,NA,NA,NA
302.184,2.3252,14.4668,1.2927,21.6405,NA,NA,NA,NA,NA,NA,NA,NA,NA,NA,NA,NA
302.286,2.3235,14.3846,1.2931,21.6750,NA,NA,NA,NA,NA,NA,NA,NA,NA,NA,NA,NA
302.381,2.3213,14.2757,1.2931,21.6750,NA,NA,NA,NA,NA,NA,NA,NA,NA,NA,NA,NA
302.476,2.3255,14.4829,1.2924,21.6079,NA,NA,NA,NA,NA,NA,NA,NA,NA,NA,NA,NA
302.585,2.3255,14.4829,1.2913,21.5033,NA,NA,NA,NA,NA,NA,NA,NA,NA,NA,NA,NA
302.672,2.3282,14.6142,1.2907,21.4470,NA,NA,NA,NA,NA,NA,NA,NA,NA,NA,NA,NA
302.805,2.3282,14.6142,1.2898,21.3649,NA,NA,NA,NA,NA,NA,NA,NA,NA,NA,NA,NA
302.867,2.3211,14.2659,1.2897,21.3542,NA,NA,NA,NA,NA,NA,NA,NA,NA,NA,NA,NA
302.969,2.3203,14.2232,1.2887,21.2573,NA,NA,NA,NA,NA,NA,NA,NA,NA,NA,NA,NA
303.063,2.3164,14.0334,1.2889,21.2796,NA,NA,NA,NA,NA,NA,NA,NA,NA,NA,NA,NA
303.171,2.3219,14.3051,1.2889,21.2796,NA,NA,NA,NA,NA,NA,NA,NA,NA,NA,NA,NA
303.325,2.3219,14.3051,1.2885,21.2373,NA,NA,NA,NA,NA,NA,NA,NA,NA,NA,NA,NA
303.357,2.3157,14.0010,1.2873,21.1258,NA,NA,NA,NA,NA,NA,NA,NA,NA,NA,NA,NA
303.462,2.3157,14.0010,1.2867,21.0741,NA,NA,NA,NA,NA,NA,NA,NA,NA,NA,NA,NA
303.555,2.3144,13.9367,1.2861,21.0136,NA,NA,NA,NA,NA,NA,NA,NA,NA,NA,NA,NA
303.654,2.3131,13.8728,1.2849,20.9069,NA,NA,NA,NA,NA,NA,NA,NA,NA,NA,NA,NA
303.754,2.3104,13.7375,1.2841,20.8280,NA,NA,NA,NA,NA,NA,NA,NA,NA,NA,NA,NA
303.850,2.3090,13.6688,1.2837,20.7888,NA,NA,NA,NA,NA,NA,NA,NA,NA,NA,NA,NA
304.003,2.3076,13.5982,1.2832,20.7425,NA,NA,NA,NA,NA,NA,NA,NA,NA,NA,NA,NA
304.050,2.3052,13.4822,1.2828,20.7086,NA,NA,NA,NA,NA,NA,NA,NA,NA,NA,NA,NA
304.143,2.3052,13.4822,1.2819,20.6202,NA,NA,NA,NA,NA,NA,NA,NA,NA,NA,NA,NA
304.242,2.2990,13.1766,1.2808,20.5137,NA,NA,NA,NA,NA,NA,NA,NA,NA,NA,NA,NA
304.343,2.2997,13.2110,1.2799,20.4337,NA,NA,NA,NA,NA,NA,NA,NA,NA,NA,NA,NA
304.446,2.3031,13.3776,1.2799,20.4327,NA,NA,NA,NA,NA,NA,NA,NA,NA,NA,NA,NA
304.535,2.3031,13.3776,1.2797,20.4177,NA,NA,NA,NA,NA,NA,NA,NA,NA,NA,NA,NA
304.634,2.3043,13.4375,1.2792,20.3652,NA,NA,NA,NA,NA,NA,NA,NA,NA,NA,NA,NA
304.727,2.3043,13.4375,1.2787,20.3217,NA,NA,NA,NA,NA,NA,NA,NA,NA,NA,NA,NA
304.836,2.3122,13.8260,1.2786,20.3066,NA,NA,NA,NA,NA,NA,NA,NA,NA,NA,NA,NA
304.933,2.3203,14.2267,1.2803,20.4716,NA,NA,NA,NA,NA,NA,NA,NA,NA,NA,NA,NA
305.021,2.3368,15.0358,1.2838,20.8033,NA,NA,NA,NA,NA,NA,NA,NA,NA,NA,NA,NA
305.148,2.3679,16.5704,1.2895,21.3323,NA,NA,NA,NA,NA,NA,NA,NA,NA,NA,NA,NA
305.221,2.4173,19.0016,1.3044,22.7335,NA,NA,NA,NA,NA,NA,NA,NA,NA,NA,NA,NA
305.315,2.4654,21.3704,1.3161,23.8358,NA,NA,NA,NA,NA,NA,NA,NA,NA,NA,NA,NA
305.419,2.4819,22.1791,1.3242,24.6004,NA,NA,NA,NA,NA,NA,NA,NA,NA,NA,NA,NA
305.514,2.5001,23.0780,1.3283,24.9871,NA,NA,NA,NA,NA,NA,NA,NA,NA,NA,NA,NA
305.622,2.5043,23.2825,1.3303,25.1767,NA,NA,NA,NA,NA,NA,NA,NA,NA,NA,NA,NA
305.777,2.5061,23.3709,1.3307,25.2087,NA,NA,NA,NA,NA,NA,NA,NA,NA,NA,NA,NA
305.808,2.5061,23.3709,1.3313,25.2687,NA,NA,NA,NA,NA,NA,NA,NA,NA,NA,NA,NA
305.903,2.5010,23.1183,1.3313,25.2687,NA,NA,NA,NA,NA,NA,NA,NA,NA,NA,NA,NA
306.008,2.4985,22.9977,1.3299,25.1395,NA,NA,NA,NA,NA,NA,NA,NA,NA,NA,NA,NA
306.101,2.4901,22.5848,1.3287,25.0230,NA,NA,NA,NA,NA,NA,NA,NA,NA,NA,NA,NA
306.206,2.4743,21.8061,1.3278,24.9356,NA,NA,NA,NA,NA,NA,NA,NA,NA,NA,NA,NA
306.294,2.4743,21.8061,1.3273,24.8944,NA,NA,NA,NA,NA,NA,NA,NA,NA,NA,NA,NA
306.398,2.4593,21.0675,1.3267,24.8335,NA,NA,NA,NA,NA,NA,NA,NA,NA,NA,NA,NA
306.491,2.4593,21.0675,1.3257,24.7422,NA,NA,NA,NA,NA,NA,NA,NA,NA,NA,NA,NA
306.588,2.4489,20.5536,1.3235,24.5367,NA,NA,NA,NA,NA,NA,NA,NA,NA,NA,NA,NA
306.687,2.4427,20.2483,1.3211,24.3107,NA,NA,NA,NA,NA,NA,NA,NA,NA,NA,NA,NA
306.785,2.4388,20.0599,1.3178,23.9970,NA,NA,NA,NA,NA,NA,NA,NA,NA,NA,NA,NA
306.881,2.4372,19.9805,1.3171,23.9350,NA,NA,NA,NA,NA,NA,NA,NA,NA,NA,NA,NA
306.997,2.4372,19.9805,1.3144,23.6794,NA,NA,NA,NA,NA,NA,NA,NA,NA,NA,NA,NA
307.086,2.4306,19.6526,1.3107,23.3317,NA,NA,NA,NA,NA,NA,NA,NA,NA,NA,NA,NA
307.179,2.4310,19.6731,1.3125,23.5016,NA,NA,NA,NA,NA,NA,NA,NA,NA,NA,NA,NA
307.273,2.4549,20.8514,1.3163,23.8534,NA,NA,NA,NA,NA,NA,NA,NA,NA,NA,NA,NA
307.377,2.4796,22.0654,1.3233,24.5117,NA,NA,NA,NA,NA,NA,NA,NA,NA,NA,NA,NA
307.472,2.5037,23.2557,1.3307,25.2086,NA,NA,NA,NA,NA,NA,NA,NA,NA,NA,NA,NA
307.640,2.5575,25.9027,1.3349,25.6045,NA,NA,NA,NA,NA,NA,NA,NA,NA,NA,NA,NA
307.669,2.5763,26.8259,1.3461,26.6595,NA,NA,NA,NA,NA,NA,NA,NA,NA,NA,NA,NA
307.770,2.6307,29.5061,1.3561,27.5996,NA,NA,NA,NA,NA,NA,NA,NA,NA,NA,NA,NA
307.863,2.6527,30.5890,1.3615,28.1105,NA,NA,NA,NA,NA,NA,NA,NA,NA,NA,NA,NA
307.962,2.6891,32.3807,1.3705,28.9552,NA,NA,NA,NA,NA,NA,NA,NA,NA,NA,NA,NA
308.058,2.7021,33.0210,1.3821,30.0535,NA,NA,NA,NA,NA,NA,NA,NA,NA,NA,NA,NA
308.211,2.7252,34.1570,1.3968,31.4308,NA,NA,NA,NA,NA,NA,NA,NA,NA,NA,NA,NA
308.265,2.7622,35.9796,1.4036,32.0752,NA,NA,NA,NA,NA,NA,NA,NA,NA,NA,NA,NA
308.352,2.7774,36.7265,1.4173,33.3576,NA,NA,NA,NA,NA,NA,NA,NA,NA,NA,NA,NA
308.450,2.8205,38.8499,1.4261,34.1890,NA,NA,NA,NA,NA,NA,NA,NA,NA,NA,NA,NA
308.551,2.8432,39.9670,1.4342,34.9541,NA,NA,NA,NA,NA,NA,NA,NA,NA,NA,NA,NA
308.648,2.8707,41.3211,1.4436,35.8357,NA,NA,NA,NA,NA,NA,NA,NA,NA,NA,NA,NA
308.756,2.8842,41.9853,1.4481,36.2627,NA,NA,NA,NA,NA,NA,NA,NA,NA,NA,NA,NA
308.844,2.9101,43.2618,1.4586,37.2465,NA,NA,NA,NA,NA,NA,NA,NA,NA,NA,NA,NA
308.941,2.9163,43.5634,1.4640,37.7538,NA,NA,NA,NA,NA,NA,NA,NA,NA,NA,NA,NA
309.041,2.9273,44.1069,1.4693,38.2545,NA,NA,NA,NA,NA,NA,NA,NA,NA,NA,NA,NA
309.134,2.9399,44.7290,1.4701,38.3307,NA,NA,NA,NA,NA,NA,NA,NA,NA,NA,NA,NA
309.241,2.9399,44.7290,1.4711,38.4206,NA,NA,NA,NA,NA,NA,NA,NA,NA,NA,NA,NA
309.371,2.9388,44.6728,1.4721,38.5158,NA,NA,NA,NA,NA,NA,NA,NA,NA,NA,NA,NA
309.438,2.9388,44.6728,1.4721,38.5158,NA,NA,NA,NA,NA,NA,NA,NA,NA,NA,NA,NA
309.530,2.9229,43.8880,1.4715,38.4588,NA,NA,NA,NA,NA,NA,NA,NA,NA,NA,NA,NA
309.629,2.9127,43.3873,1.4692,38.2495,NA,NA,NA,NA,NA,NA,NA,NA,NA,NA,NA,NA
309.720,2.9090,43.2049,1.4684,38.1707,NA,NA,NA,NA,NA,NA,NA,NA,NA,NA,NA,NA
309.825,2.8936,42.4453,1.4651,37.8609,NA,NA,NA,NA,NA,NA,NA,NA,NA,NA,NA,NA
309.952,2.8851,42.0278,1.4621,37.5776,NA,NA,NA,NA,NA,NA,NA,NA,NA,NA,NA,NA
310.014,2.8744,41.5041,1.4587,37.2523,NA,NA,NA,NA,NA,NA,NA,NA,NA,NA,NA,NA
310.111,2.8689,41.2321,1.4537,36.7850,NA,NA,NA,NA,NA,NA,NA,NA,NA,NA,NA,NA
310.210,2.8444,40.0257,1.4479,36.2372,NA,NA,NA,NA,NA,NA,NA,NA,NA,NA,NA,NA
310.316,2.8433,39.9708,1.4436,35.8372,NA,NA,NA,NA,NA,NA,NA,NA,NA,NA,NA,NA
310.412,2.8266,39.1483,1.4413,35.6165,NA,NA,NA,NA,NA,NA,NA,NA,NA,NA,NA,NA
310.547,2.8087,38.2666,1.4370,35.2151,NA,NA,NA,NA,NA,NA,NA,NA,NA,NA,NA,NA
310.608,2.8040,38.0380,1.4312,34.6649,NA,NA,NA,NA,NA,NA,NA,NA,NA,NA,NA,NA
310.700,2.7901,37.3543,1.4291,34.4700,NA,NA,NA,NA,NA,NA,NA,NA,NA,NA,NA,NA
310.797,2.7901,37.3543,1.4269,34.2621,NA,NA,NA,NA,NA,NA,NA,NA,NA,NA,NA,NA
310.900,2.7844,37.0742,1.4236,33.9587,NA,NA,NA,NA,NA,NA,NA,NA,NA,NA,NA,NA
310.993,2.7844,37.0742,1.4225,33.8523,NA,NA,NA,NA,NA,NA,NA,NA,NA,NA,NA,NA
311.130,2.7770,36.7060,1.4184,33.4614,NA,NA,NA,NA,NA,NA,NA,NA,NA,NA,NA,NA
311.188,2.7568,35.7137,1.4171,33.3416,NA,NA,NA,NA,NA,NA,NA,NA,NA,NA,NA,NA
311.293,2.7525,35.5036,1.4157,33.2125,NA,NA,NA,NA,NA,NA,NA,NA,NA,NA,NA,NA
311.390,2.7454,35.1504,1.4141,33.0556,NA,NA,NA,NA,NA,NA,NA,NA,NA,NA,NA,NA
311.485,2.7427,35.0206,1.4137,33.0209,NA,NA,NA,NA,NA,NA,NA,NA,NA,NA,NA,NA
311.582,2.7371,34.7434,1.4121,32.8725,NA,NA,NA,NA,NA,NA,NA,NA,NA,NA,NA,NA
311.682,2.7293,34.3604,1.4114,32.8071,NA,NA,NA,NA,NA,NA,NA,NA,NA,NA,NA,NA
311.780,2.7293,34.3575,1.4104,32.7158,NA,NA,NA,NA,NA,NA,NA,NA,NA,NA,NA,NA
311.880,2.7262,34.2047,1.4100,32.6784,NA,NA,NA,NA,NA,NA,NA,NA,NA,NA,NA,NA
311.975,2.7250,34.1466,1.4078,32.4657,NA,NA,NA,NA,NA,NA,NA,NA,NA,NA,NA,NA
312.081,2.7250,34.1466,1.4074,32.4330,NA,NA,NA,NA,NA,NA,NA,NA,NA,NA,NA,NA
312.176,2.7213,33.9642,1.4052,32.2216,NA,NA,NA,NA,NA,NA,NA,NA,NA,NA,NA,NA
312.312,2.7213,33.9642,1.4045,32.1549,NA,NA,NA,NA,NA,NA,NA,NA,NA,NA,NA,NA
312.363,2.7082,33.3223,1.4046,32.1634,NA,NA,NA,NA,NA,NA,NA,NA,NA,NA,NA,NA
312.462,2.7078,33.3015,1.4046,32.1634,NA,NA,NA,NA,NA,NA,NA,NA,NA,NA,NA,NA
312.564,2.7005,32.9394,1.4028,31.9968,NA,NA,NA,NA,NA,NA,NA,NA,NA,NA,NA,NA
312.673,2.6904,32.4421,1.4025,31.9682,NA,NA,NA,NA,NA,NA,NA,NA,NA,NA,NA,NA
312.761,2.6904,32.4421,1.4025,31.9682,NA,NA,NA,NA,NA,NA,NA,NA,NA,NA,NA,NA
312.857,2.6875,32.3019,1.4023,31.9507,NA,NA,NA,NA,NA,NA,NA,NA,NA,NA,NA,NA
312.982,2.6875,32.3019,1.4013,31.8523,NA,NA,NA,NA,NA,NA,NA,NA,NA,NA,NA,NA
313.050,2.6859,32.2216,1.4005,31.7829,NA,NA,NA,NA,NA,NA,NA,NA,NA,NA,NA,NA
313.159,2.6859,32.2216,1.4003,31.7658,NA,NA,NA,NA,NA,NA,NA,NA,NA,NA,NA,NA
313.248,2.6793,31.9002,1.3994,31.6772,NA,NA,NA,NA,NA,NA,NA,NA,NA,NA,NA,NA
313.345,2.6745,31.6602,1.3989,31.6261,NA,NA,NA,NA,NA,NA,NA,NA,NA,NA,NA,NA
313.444,2.6720,31.5401,1.3980,31.5410,NA,NA,NA,NA,NA,NA,NA,NA,NA,NA,NA,NA
313.548,2.6679,31.3345,1.3978,31.5288,NA,NA,NA,NA,NA,NA,NA,NA,NA,NA,NA,NA
313.643,2.6633,31.1095,1.3960,31.3545,NA,NA,NA,NA,NA,NA,NA,NA,NA,NA,NA,NA
313.739,2.6640,31.1458,1.3961,31.3656,NA,NA,NA,NA,NA,NA,NA,NA,NA,NA,NA,NA
313.841,2.6640,31.1458,1.3961,31.3656,NA,NA,NA,NA,NA,NA,NA,NA,NA,NA,NA,NA
313.931,2.6554,30.7204,1.3952,31.2817,NA,NA,NA,NA,NA,NA,NA,NA,NA,NA,NA,NA
314.037,2.6503,30.4692,1.3952,31.2817,NA,NA,NA,NA,NA,NA,NA,NA,NA,NA,NA,NA
314.147,2.6483,30.3737,1.3948,31.2416,NA,NA,NA,NA,NA,NA,NA,NA,NA,NA,NA,NA
314.235,2.6486,30.3847,1.3947,31.2361,NA,NA,NA,NA,NA,NA,NA,NA,NA,NA,NA,NA
314.331,2.6486,30.3847,1.3947,31.2361,NA,NA,NA,NA,NA,NA,NA,NA,NA,NA,NA,NA
314.420,2.6479,30.3522,1.3938,31.1515,NA,NA,NA,NA,NA,NA,NA,NA,NA,NA,NA,NA
314.528,2.6469,30.3023,1.3935,31.1231,NA,NA,NA,NA,NA,NA,NA,NA,NA,NA,NA,NA
314.621,2.6365,29.7934,1.3934,31.1098,NA,NA,NA,NA,NA,NA,NA,NA,NA,NA,NA,NA
314.748,2.6365,29.7934,1.3942,31.1906,NA,NA,NA,NA,NA,NA,NA,NA,NA,NA,NA,NA
314.813,2.6304,29.4931,1.3942,31.1906,NA,NA,NA,NA,NA,NA,NA,NA,NA,NA,NA,NA
314.912,2.6331,29.6242,1.3938,31.1509,NA,NA,NA,NA,NA,NA,NA,NA,NA,NA,NA,NA
315.025,2.6331,29.6242,1.3932,31.0889,NA,NA,NA,NA,NA,NA,NA,NA,NA,NA,NA,NA
315.117,2.6272,29.3330,1.3909,30.8748,NA,NA,NA,NA,NA,NA,NA,NA,NA,NA,NA,NA
315.216,2.6259,29.2702,1.3889,30.6851,NA,NA,NA,NA,NA,NA,NA,NA,NA,NA,NA,NA
315.367,2.6234,29.1481,1.3889,30.6851,NA,NA,NA,NA,NA,NA,NA,NA,NA,NA,NA,NA
315.400,2.6234,29.1481,1.3884,30.6385,NA,NA,NA,NA,NA,NA,NA,NA,NA,NA,NA,NA
315.505,2.6175,28.8548,1.3906,30.8521,NA,NA,NA,NA,NA,NA,NA,NA,NA,NA,NA,NA
315.602,2.6135,28.6605,1.3906,30.8521,NA,NA,NA,NA,NA,NA,NA,NA,NA,NA,NA,NA
315.696,2.6122,28.5966,1.3901,30.7988,NA,NA,NA,NA,NA,NA,NA,NA,NA,NA,NA,NA
315.798,2.6116,28.5665,1.3884,30.6417,NA,NA,NA,NA,NA,NA,NA,NA,NA,NA,NA,NA
315.889,2.6112,28.5452,1.3868,30.4927,NA,NA,NA,NA,NA,NA,NA,NA,NA,NA,NA,NA
315.983,2.6067,28.3253,1.3854,30.3624,NA,NA,NA,NA,NA,NA,NA,NA,NA,NA,NA,NA
316.096,2.6047,28.2262,1.3846,30.2820,NA,NA,NA,NA,NA,NA,NA,NA,NA,NA,NA,NA
316.210,2.6028,28.1339,1.3842,30.2452,NA,NA,NA,NA,NA,NA,NA,NA,NA,NA,NA,NA
316.297,2.6010,28.0419,1.3840,30.2307,NA,NA,NA,NA,NA,NA,NA,NA,NA,NA,NA,NA
316.387,2.5995,27.9673,1.3828,30.1147,NA,NA,NA,NA,NA,NA,NA,NA,NA,NA,NA,NA
316.490,2.6012,28.0535,1.3826,30.0991,NA,NA,NA,NA,NA,NA,NA,NA,NA,NA,NA,NA
316.608,2.6012,28.0535,1.3811,29.9553,NA,NA,NA,NA,NA,NA,NA,NA,NA,NA,NA,NA
316.681,2.6010,28.0444,1.3803,29.8845,NA,NA,NA,NA,NA,NA,NA,NA,NA,NA,NA,NA
316.780,2.6010,28.0444,1.3803,29.8845,NA,NA,NA,NA,NA,NA,NA,NA,NA,NA,NA,NA
316.882,2.5978,27.8859,1.3797,29.8273,NA,NA,NA,NA,NA,NA,NA,NA,NA,NA,NA,NA
316.977,2.5933,27.6666,1.3785,29.7074,NA,NA,NA,NA,NA,NA,NA,NA,NA,NA,NA,NA
317.074,2.5890,27.4537,1.3776,29.6243,NA,NA,NA,NA,NA,NA,NA,NA,NA,NA,NA,NA
317.196,2.5885,27.4257,1.3772,29.5850,NA,NA,NA,NA,NA,NA,NA,NA,NA,NA,NA,NA
317.272,2.5885,27.4257,1.3757,29.4491,NA,NA,NA,NA,NA,NA,NA,NA,NA,NA,NA,NA
317.382,2.5914,27.5717,1.3756,29.4400,NA,NA,NA,NA,NA,NA,NA,NA,NA,NA,NA,NA
317.468,2.5914,27.5717,1.3746,29.3437,NA,NA,NA,NA,NA,NA,NA,NA,NA,NA,NA,NA
317.563,2.5856,27.2834,1.3739,29.2772,NA,NA,NA,NA,NA,NA,NA,NA,NA,NA,NA,NA
317.716,2.5856,27.2834,1.3735,29.2415,NA,NA,NA,NA,NA,NA,NA,NA,NA,NA,NA,NA
317.757,2.5713,26.5814,1.3731,29.1994,NA,NA,NA,NA,NA,NA,NA,NA,NA,NA,NA,NA
317.883,2.5696,26.4963,1.3731,29.1994,NA,NA,NA,NA,NA,NA,NA,NA,NA,NA,NA,NA
317.955,2.5593,25.9903,1.3723,29.1297,NA,NA,NA,NA,NA,NA,NA,NA,NA,NA,NA,NA
318.055,2.5650,26.2724,1.3723,29.1297,NA,NA,NA,NA,NA,NA,NA,NA,NA,NA,NA,NA
318.160,2.5650,26.2724,1.3722,29.1129,NA,NA,NA,NA,NA,NA,NA,NA,NA,NA,NA,NA
318.249,2.5645,26.2452,1.3697,28.8854,NA,NA,NA,NA,NA,NA,NA,NA,NA,NA,NA,NA
318.373,2.5645,26.2452,1.3688,28.7988,NA,NA,NA,NA,NA,NA,NA,NA,NA,NA,NA,NA
318.450,2.5641,26.2255,1.3682,28.7447,NA,NA,NA,NA,NA,NA,NA,NA,NA,NA,NA,NA
318.543,2.5627,26.1563,1.3681,28.7290,NA,NA,NA,NA,NA,NA,NA,NA,NA,NA,NA,NA
318.641,2.5551,25.7858,1.3675,28.6708,NA,NA,NA,NA,NA,NA,NA,NA,NA,NA,NA,NA
318.733,2.5525,25.6559,1.3656,28.4924,NA,NA,NA,NA,NA,NA,NA,NA,NA,NA,NA,NA
318.844,2.5535,25.7044,1.3649,28.4349,NA,NA,NA,NA,NA,NA,NA,NA,NA,NA,NA,NA
318.940,2.5578,25.9152,1.3649,28.4349,NA,NA,NA,NA,NA,NA,NA,NA,NA,NA,NA,NA
319.032,2.5578,25.9152,1.3639,28.3367,NA,NA,NA,NA,NA,NA,NA,NA,NA,NA,NA,NA
319.151,2.5535,25.7053,1.3621,28.1661,NA,NA,NA,NA,NA,NA,NA,NA,NA,NA,NA,NA
319.234,2.5525,25.6558,1.3614,28.1025,NA,NA,NA,NA,NA,NA,NA,NA,NA,NA,NA,NA
319.341,2.5497,25.5197,1.3614,28.1025,NA,NA,NA,NA,NA,NA,NA,NA,NA,NA,NA,NA
319.423,2.5534,25.6996,1.3609,28.0548,NA,NA,NA,NA,NA,NA,NA,NA,NA,NA,NA,NA
319.528,2.5534,25.6996,1.3611,28.0769,NA,NA,NA,NA,NA,NA,NA,NA,NA,NA,NA,NA
319.617,2.5460,25.3353,1.3611,28.0769,NA,NA,NA,NA,NA,NA,NA,NA,NA,NA,NA,NA
319.721,2.5454,25.3083,1.3604,28.0034,NA,NA,NA,NA,NA,NA,NA,NA,NA,NA,NA,NA
319.821,2.5440,25.2391,1.3593,27.9026,NA,NA,NA,NA,NA,NA,NA,NA,NA,NA,NA,NA
319.919,2.5440,25.2391,1.3587,27.8503,NA,NA,NA,NA,NA,NA,NA,NA,NA,NA,NA,NA
320.012,2.5385,24.9666,1.3573,27.7187,NA,NA,NA,NA,NA,NA,NA,NA,NA,NA,NA,NA
320.115,2.5370,24.8942,1.3566,27.6482,NA,NA,NA,NA,NA,NA,NA,NA,NA,NA,NA,NA
320.210,2.5329,24.6932,1.3565,27.6364,NA,NA,NA,NA,NA,NA,NA,NA,NA,NA,NA,NA
320.312,2.5288,24.4879,1.3563,27.6169,NA,NA,NA,NA,NA,NA,NA,NA,NA,NA,NA,NA
320.432,2.5287,24.4831,1.3563,27.6169,NA,NA,NA,NA,NA,NA,NA,NA,NA,NA,NA,NA
320.504,2.5336,24.7264,1.3531,27.3160,NA,NA,NA,NA,NA,NA,NA,NA,NA,NA,NA,NA
320.599,2.5336,24.7264,1.3523,27.2451,NA,NA,NA,NA,NA,NA,NA,NA,NA,NA,NA,NA
320.705,2.5286,24.4816,1.3519,27.2087,NA,NA,NA,NA,NA,NA,NA,NA,NA,NA,NA,NA
320.819,2.5268,24.3897,1.3505,27.0759,NA,NA,NA,NA,NA,NA,NA,NA,NA,NA,NA,NA
320.892,2.5234,24.2237,1.3500,27.0283,NA,NA,NA,NA,NA,NA,NA,NA,NA,NA,NA,NA
320.993,2.5229,24.1995,1.3498,27.0082,NA,NA,NA,NA,NA,NA,NA,NA,NA,NA,NA,NA
321.089,2.5229,24.1995,1.3474,26.7879,NA,NA,NA,NA,NA,NA,NA,NA,NA,NA,NA,NA
321.185,2.5217,24.1372,1.3474,26.7879,NA,NA,NA,NA,NA,NA,NA,NA,NA,NA,NA,NA
321.336,2.5217,24.1372,1.3467,26.7157,NA,NA,NA,NA,NA,NA,NA,NA,NA,NA,NA,NA
321.390,2.5225,24.1801,1.3458,26.6343,NA,NA,NA,NA,NA,NA,NA,NA,NA,NA,NA,NA
321.481,2.5225,24.1801,1.3458,26.6373,NA,NA,NA,NA,NA,NA,NA,NA,NA,NA,NA,NA
321.584,2.5218,24.1438,1.3458,26.6373,NA,NA,NA,NA,NA,NA,NA,NA,NA,NA,NA,NA
321.679,2.5110,23.6116,1.3445,26.5096,NA,NA,NA,NA,NA,NA,NA,NA,NA,NA,NA,NA
321.777,2.5096,23.5444,1.3447,26.5323,NA,NA,NA,NA,NA,NA,NA,NA,NA,NA,NA,NA
321.872,2.5096,23.5444,1.3450,26.5578,NA,NA,NA,NA,NA,NA,NA,NA,NA,NA,NA,NA
321.973,2.5079,23.4612,1.3450,26.5578,NA,NA,NA,NA,NA,NA,NA,NA,NA,NA,NA,NA
322.071,2.5088,23.5048,1.3430,26.3724,NA,NA,NA,NA,NA,NA,NA,NA,NA,NA,NA,NA
322.173,2.5088,23.5048,1.3421,26.2814,NA,NA,NA,NA,NA,NA,NA,NA,NA,NA,NA,NA
322.263,2.5027,23.2048,1.3386,25.9565,NA,NA,NA,NA,NA,NA,NA,NA,NA,NA,NA,NA
322.366,2.5006,23.0984,1.3382,25.9174,NA,NA,NA,NA,NA,NA,NA,NA,NA,NA,NA,NA
322.464,2.4962,22.8865,1.3378,25.8800,NA,NA,NA,NA,NA,NA,NA,NA,NA,NA,NA,NA
322.608,2.4950,22.8236,1.3366,25.7667,NA,NA,NA,NA,NA,NA,NA,NA,NA,NA,NA,NA
322.657,2.4932,22.7366,1.3343,25.5489,NA,NA,NA,NA,NA,NA,NA,NA,NA,NA,NA,NA
322.757,2.4959,22.8716,1.3347,25.5904,NA,NA,NA,NA,NA,NA,NA,NA,NA,NA,NA,NA
322.853,2.4959,22.8716,1.3347,25.5904,NA,NA,NA,NA,NA,NA,NA,NA,NA,NA,NA,NA
322.951,2.4965,22.9012,1.3332,25.4454,NA,NA,NA,NA,NA,NA,NA,NA,NA,NA,NA,NA
323.050,2.4965,22.9012,1.3338,25.5034,NA,NA,NA,NA,NA,NA,NA,NA,NA,NA,NA,NA
323.164,2.4912,22.6362,1.3338,25.5034,NA,NA,NA,NA,NA,NA,NA,NA,NA,NA,NA,NA
323.244,2.4907,22.6144,1.3312,25.2581,NA,NA,NA,NA,NA,NA,NA,NA,NA,NA,NA,NA
323.350,2.4898,22.5708,1.3313,25.2654,NA,NA,NA,NA,NA,NA,NA,NA,NA,NA,NA,NA
323.443,2.4898,22.5704,1.3313,25.2654,NA,NA,NA,NA,NA,NA,NA,NA,NA,NA,NA,NA
323.535,2.4878,22.4686,1.3310,25.2409,NA,NA,NA,NA,NA,NA,NA,NA,NA,NA,NA,NA
323.635,2.4860,22.3837,1.3310,25.2409,NA,NA,NA,NA,NA,NA,NA,NA,NA,NA,NA,NA
323.755,2.4860,22.3837,1.3300,25.1493,NA,NA,NA,NA,NA,NA,NA,NA,NA,NA,NA,NA
323.836,2.4786,22.0199,1.3283,24.9911,NA,NA,NA,NA,NA,NA,NA,NA,NA,NA,NA,NA
323.930,2.4697,21.5813,1.3273,24.8954,NA,NA,NA,NA,NA,NA,NA,NA,NA,NA,NA,NA
324.025,2.4667,21.4338,1.3266,24.8240,NA,NA,NA,NA,NA,NA,NA,NA,NA,NA,NA,NA
324.128,2.4655,21.3708,1.3266,24.8240,NA,NA,NA,NA,NA,NA,NA,NA,NA,NA,NA,NA
324.235,2.4654,21.3696,1.3246,24.6355,NA,NA,NA,NA,NA,NA,NA,NA,NA,NA,NA,NA
324.340,2.4683,21.5116,1.3246,24.6355,NA,NA,NA,NA,NA,NA,NA,NA,NA,NA,NA,NA
324.429,2.4683,21.5116,1.3243,24.6151,NA,NA,NA,NA,NA,NA,NA,NA,NA,NA,NA,NA
324.516,2.4591,21.0573,1.3233,24.5153,NA,NA,NA,NA,NA,NA,NA,NA,NA,NA,NA,NA
324.618,2.4591,21.0573,1.3233,24.5153,NA,NA,NA,NA,NA,NA,NA,NA,NA,NA,NA,NA
324.721,2.4543,20.8205,1.3218,24.3798,NA,NA,NA,NA,NA,NA,NA,NA,NA,NA,NA,NA
324.807,2.4577,20.9884,1.3218,24.3798,NA,NA,NA,NA,NA,NA,NA,NA,NA,NA,NA,NA
324.946,2.4577,20.9884,1.3213,24.3263,NA,NA,NA,NA,NA,NA,NA,NA,NA,NA,NA,NA
325.009,2.4521,20.7125,1.3208,24.2816,NA,NA,NA,NA,NA,NA,NA,NA,NA,NA,NA,NA
325.105,2.4521,20.7125,1.3202,24.2256,NA,NA,NA,NA,NA,NA,NA,NA,NA,NA,NA,NA
325.208,2.4535,20.7810,1.3204,24.2417,NA,NA,NA,NA,NA,NA,NA,NA,NA,NA,NA,NA
325.304,2.4535,20.7810,1.3204,24.2417,NA,NA,NA,NA,NA,NA,NA,NA,NA,NA,NA,NA
325.397,2.4460,20.4132,1.3196,24.1652,NA,NA,NA,NA,NA,NA,NA,NA,NA,NA,NA,NA
325.513,2.4460,20.4132,1.3191,24.1242,NA,NA,NA,NA,NA,NA,NA,NA,NA,NA,NA,NA
325.600,2.4403,20.1304,1.3177,23.9904,NA,NA,NA,NA,NA,NA,NA,NA,NA,NA,NA,NA
325.695,2.4432,20.2761,1.3169,23.9114,NA,NA,NA,NA,NA,NA,NA,NA,NA,NA,NA,NA
325.795,2.4432,20.2761,1.3159,23.8201,NA,NA,NA,NA,NA,NA,NA,NA,NA,NA,NA,NA
325.891,2.4464,20.4320,1.3161,23.8392,NA,NA,NA,NA,NA,NA,NA,NA,NA,NA,NA,NA
325.982,2.4464,20.4320,1.3161,23.8392,NA,NA,NA,NA,NA,NA,NA,NA,NA,NA,NA,NA
326.132,2.4384,20.0406,1.3161,23.8361,NA,NA,NA,NA,NA,NA,NA,NA,NA,NA,NA,NA
326.184,2.4383,20.0359,1.3159,23.8182,NA,NA,NA,NA,NA,NA,NA,NA,NA,NA,NA,NA
326.285,2.4335,19.7999,1.3157,23.7986,NA,NA,NA,NA,NA,NA,NA,NA,NA,NA,NA,NA
326.385,2.4326,19.7515,1.3144,23.6783,NA,NA,NA,NA,NA,NA,NA,NA,NA,NA,NA,NA
326.475,2.4312,19.6822,1.3136,23.6029,NA,NA,NA,NA,NA,NA,NA,NA,NA,NA,NA,NA
326.576,2.4316,19.7017,1.3121,23.4657,NA,NA,NA,NA,NA,NA,NA,NA,NA,NA,NA,NA
326.670,2.4316,19.7017,1.3115,23.4105,NA,NA,NA,NA,NA,NA,NA,NA,NA,NA,NA,NA
326.792,2.4331,19.7788,1.3113,23.3919,NA,NA,NA,NA,NA,NA,NA,NA,NA,NA,NA,NA
326.864,2.4331,19.7788,1.3112,23.3753,NA,NA,NA,NA,NA,NA,NA,NA,NA,NA,NA,NA
326.968,2.4267,19.4626,1.3109,23.3539,NA,NA,NA,NA,NA,NA,NA,NA,NA,NA,NA,NA
327.067,2.4219,19.2268,1.3109,23.3516,NA,NA,NA,NA,NA,NA,NA,NA,NA,NA,NA,NA
327.164,2.4219,19.2268,1.3091,23.1838,NA,NA,NA,NA,NA,NA,NA,NA,NA,NA,NA,NA
327.256,2.4191,19.0873,1.3082,23.0923,NA,NA,NA,NA,NA,NA,NA,NA,NA,NA,NA,NA
327.354,2.4191,19.0873,1.3074,23.0189,NA,NA,NA,NA,NA,NA,NA,NA,NA,NA,NA,NA
327.461,2.4208,19.1726,1.3069,22.9775,NA,NA,NA,NA,NA,NA,NA,NA,NA,NA,NA,NA
327.561,2.4208,19.1726,1.3061,22.8991,NA,NA,NA,NA,NA,NA,NA,NA,NA,NA,NA,NA
327.650,2.4192,19.0916,1.3060,22.8874,NA,NA,NA,NA,NA,NA,NA,NA,NA,NA,NA,NA
327.746,2.4125,18.7621,1.3060,22.8874,NA,NA,NA,NA,NA,NA,NA,NA,NA,NA,NA,NA
327.849,2.4113,18.7068,1.3056,22.8553,NA,NA,NA,NA,NA,NA,NA,NA,NA,NA,NA,NA
327.999,2.4191,19.0879,1.3054,22.8329,NA,NA,NA,NA,NA,NA,NA,NA,NA,NA,NA,NA
328.043,2.4191,19.0879,1.3054,22.8329,NA,NA,NA,NA,NA,NA,NA,NA,NA,NA,NA,NA
328.136,2.4117,18.7232,1.3042,22.7220,NA,NA,NA,NA,NA,NA,NA,NA,NA,NA,NA,NA
328.248,2.4098,18.6332,1.3042,22.7220,NA,NA,NA,NA,NA,NA,NA,NA,NA,NA,NA,NA
328.349,2.4080,18.5437,1.3037,22.6761,NA,NA,NA,NA,NA,NA,NA,NA,NA,NA,NA,NA
328.436,2.4080,18.5437,1.3034,22.6400,NA,NA,NA,NA,NA,NA,NA,NA,NA,NA,NA,NA
328.528,2.4032,18.3066,1.3020,22.5116,NA,NA,NA,NA,NA,NA,NA,NA,NA,NA,NA,NA
328.623,2.4032,18.3055,1.3019,22.5035,NA,NA,NA,NA,NA,NA,NA,NA,NA,NA,NA,NA
328.725,2.4032,18.3055,1.3015,22.4661,NA,NA,NA,NA,NA,NA,NA,NA,NA,NA,NA,NA
328.826,2.4014,18.2176,1.2998,22.3005,NA,NA,NA,NA,NA,NA,NA,NA,NA,NA,NA,NA
328.917,2.3974,18.0193,1.2987,22.2044,NA,NA,NA,NA,NA,NA,NA,NA,NA,NA,NA,NA
329.027,2.3956,17.9301,1.2987,22.2044,NA,NA,NA,NA,NA,NA,NA,NA,NA,NA,NA,NA
329.181,2.3929,17.8011,1.2970,22.0384,NA,NA,NA,NA,NA,NA,NA,NA,NA,NA,NA,NA
329.221,2.3933,17.8204,1.2965,21.9991,NA,NA,NA,NA,NA,NA,NA,NA,NA,NA,NA,NA
329.315,2.3934,17.8240,1.2964,21.9881,NA,NA,NA,NA,NA,NA,NA,NA,NA,NA,NA,NA
329.420,2.3952,17.9112,1.2964,21.9844,NA,NA,NA,NA,NA,NA,NA,NA,NA,NA,NA,NA
329.509,2.3952,17.9112,1.2947,21.8277,NA,NA,NA,NA,NA,NA,NA,NA,NA,NA,NA,NA
329.613,2.3903,17.6715,1.2960,21.9457,NA,NA,NA,NA,NA,NA,NA,NA,NA,NA,NA,NA
329.724,2.3880,17.5575,1.2960,21.9457,NA,NA,NA,NA,NA,NA,NA,NA,NA,NA,NA,NA
329.810,2.3772,17.0265,1.2936,21.7186,NA,NA,NA,NA,NA,NA,NA,NA,NA,NA,NA,NA
329.898,2.3805,17.1904,1.2933,21.6896,NA,NA,NA,NA,NA,NA,NA,NA,NA,NA,NA,NA
330.004,2.3805,17.1904,1.2934,21.7022,NA,NA,NA,NA,NA,NA,NA,NA,NA,NA,NA,NA
330.094,2.3791,17.1176,1.2936,21.7228,NA,NA,NA,NA,NA,NA,NA,NA,NA,NA,NA,NA
330.191,2.3793,17.1318,1.2936,21.7228,NA,NA,NA,NA,NA,NA,NA,NA,NA,NA,NA,NA
330.351,2.3842,17.3715,1.2921,21.5786,NA,NA,NA,NA,NA,NA,NA,NA,NA,NA,NA,NA
330.400,2.3842,17.3715,1.2910,21.4794,NA,NA,NA,NA,NA,NA,NA,NA,NA,NA,NA,NA
330.489,2.3688,16.6136,1.2908,21.4593,NA,NA,NA,NA,NA,NA,NA,NA,NA,NA,NA,NA
330.586,2.3647,16.4113,1.2908,21.4593,NA,NA,NA,NA,NA,NA,NA,NA,NA,NA,NA,NA
330.692,2.3657,16.4613,1.2908,21.4582,NA,NA,NA,NA,NA,NA,NA,NA,NA,NA,NA,NA
330.786,2.3676,16.5542,1.2911,21.4835,NA,NA,NA,NA,NA,NA,NA,NA,NA,NA,NA,NA
330.882,2.3676,16.5542,1.2911,21.4835,NA,NA,NA,NA,NA,NA,NA,NA,NA,NA,NA,NA
330.985,2.3681,16.5767,1.2900,21.3794,NA,NA,NA,NA,NA,NA,NA,NA,NA,NA,NA,NA
331.077,2.3681,16.5767,1.2900,21.3794,NA,NA,NA,NA,NA,NA,NA,NA,NA,NA,NA,NA
331.170,2.3585,16.1034,1.2893,21.3149,NA,NA,NA,NA,NA,NA,NA,NA,NA,NA,NA,NA
331.282,2.3585,16.1034,1.2887,21.2596,NA,NA,NA,NA,NA,NA,NA,NA,NA,NA,NA,NA
331.371,2.3548,15.9254,1.2877,21.1699,NA,NA,NA,NA,NA,NA,NA,NA,NA,NA,NA,NA
331.475,2.3603,16.1965,1.2877,21.1651,NA,NA,NA,NA,NA,NA,NA,NA,NA,NA,NA,NA
331.562,2.3605,16.2054,1.2876,21.1598,NA,NA,NA,NA,NA,NA,NA,NA,NA,NA,NA,NA
331.667,2.3631,16.3308,1.2865,21.0554,NA,NA,NA,NA,NA,NA,NA,NA,NA,NA,NA,NA
331.759,2.3631,16.3308,1.2859,20.9938,NA,NA,NA,NA,NA,NA,NA,NA,NA,NA,NA,NA
331.859,2.3583,16.0935,1.2856,20.9708,NA,NA,NA,NA,NA,NA,NA,NA,NA,NA,NA,NA
331.957,2.3583,16.0935,1.2856,20.9708,NA,NA,NA,NA,NA,NA,NA,NA,NA,NA,NA,NA
332.092,2.3559,15.9772,1.2862,21.0259,NA,NA,NA,NA,NA,NA,NA,NA,NA,NA,NA,NA
332.160,2.3576,16.0602,1.2862,21.0259,NA,NA,NA,NA,NA,NA,NA,NA,NA,NA,NA,NA
332.254,2.3576,16.0602,1.2849,20.9006,NA,NA,NA,NA,NA,NA,NA,NA,NA,NA,NA,NA
332.348,2.3520,15.7866,1.2837,20.7891,NA,NA,NA,NA,NA,NA,NA,NA,NA,NA,NA,NA
332.443,2.3520,15.7866,1.2821,20.6371,NA,NA,NA,NA,NA,NA,NA,NA,NA,NA,NA,NA
332.549,2.3488,15.6262,1.2814,20.5757,NA,NA,NA,NA,NA,NA,NA,NA,NA,NA,NA,NA
332.643,2.3488,15.6262,1.2808,20.5148,NA,NA,NA,NA,NA,NA,NA,NA,NA,NA,NA,NA
332.740,2.3499,15.6844,1.2808,20.5148,NA,NA,NA,NA,NA,NA,NA,NA,NA,NA,NA,NA
332.840,2.3499,15.6844,1.2801,20.4481,NA,NA,NA,NA,NA,NA,NA,NA,NA,NA,NA,NA
332.934,2.3407,15.2270,1.2801,20.4481,NA,NA,NA,NA,NA,NA,NA,NA,NA,NA,NA,NA
333.046,2.3429,15.3397,1.2798,20.4246,NA,NA,NA,NA,NA,NA,NA,NA,NA,NA,NA,NA
333.137,2.3429,15.3397,1.2791,20.3537,NA,NA,NA,NA,NA,NA,NA,NA,NA,NA,NA,NA
333.236,2.3402,15.2060,1.2784,20.2909,NA,NA,NA,NA,NA,NA,NA,NA,NA,NA,NA,NA
333.343,2.3402,15.2060,1.2775,20.2025,NA,NA,NA,NA,NA,NA,NA,NA,NA,NA,NA,NA
333.431,2.3375,15.0717,1.2770,20.1592,NA,NA,NA,NA,NA,NA,NA,NA,NA,NA,NA,NA
333.524,2.3341,14.9061,1.2764,20.1043,NA,NA,NA,NA,NA,NA,NA,NA,NA,NA,NA,NA
333.617,2.3319,14.7940,1.2748,19.9504,NA,NA,NA,NA,NA,NA,NA,NA,NA,NA,NA,NA
333.724,2.3284,14.6238,1.2741,19.8848,NA,NA,NA,NA,NA,NA,NA,NA,NA,NA,NA,NA
333.836,2.3284,14.6238,1.2732,19.8038,NA,NA,NA,NA,NA,NA,NA,NA,NA,NA,NA,NA
333.920,2.3217,14.2943,1.2725,19.7321,NA,NA,NA,NA,NA,NA,NA,NA,NA,NA,NA,NA
334.010,2.3217,14.2943,1.2720,19.6863,NA,NA,NA,NA,NA,NA,NA,NA,NA,NA,NA,NA
334.113,2.3220,14.3103,1.2709,19.5871,NA,NA,NA,NA,NA,NA,NA,NA,NA,NA,NA,NA
334.225,2.3220,14.3103,1.2757,20.0414,NA,NA,NA,NA,NA,NA,NA,NA,NA,NA,NA,NA
334.313,2.3399,15.1879,1.2838,20.8032,NA,NA,NA,NA,NA,NA,NA,NA,NA,NA,NA,NA
334.409,2.3665,16.5010,1.2956,21.9079,NA,NA,NA,NA,NA,NA,NA,NA,NA,NA,NA,NA
334.516,2.4152,18.8967,1.3058,22.8736,NA,NA,NA,NA,NA,NA,NA,NA,NA,NA,NA,NA
334.600,2.4600,21.1009,1.3180,24.0163,NA,NA,NA,NA,NA,NA,NA,NA,NA,NA,NA,NA
334.696,2.4721,21.6996,1.3230,24.4925,NA,NA,NA,NA,NA,NA,NA,NA,NA,NA,NA,NA
334.800,2.4805,22.1137,1.3258,24.7495,NA,NA,NA,NA,NA,NA,NA,NA,NA,NA,NA,NA
334.906,2.4810,22.1361,1.3273,24.8905,NA,NA,NA,NA,NA,NA,NA,NA,NA,NA,NA,NA
334.992,2.4810,22.1361,1.3285,25.0027,NA,NA,NA,NA,NA,NA,NA,NA,NA,NA,NA,NA
335.090,2.4708,21.6338,1.3286,25.0156,NA,NA,NA,NA,NA,NA,NA,NA,NA,NA,NA,NA
335.186,2.4606,21.1310,1.3290,25.0522,NA,NA,NA,NA,NA,NA,NA,NA,NA,NA,NA,NA
335.280,2.4600,21.1032,1.3290,25.0522,NA,NA,NA,NA,NA,NA,NA,NA,NA,NA,NA,NA
335.389,2.4600,21.1032,1.3286,25.0166,NA,NA,NA,NA,NA,NA,NA,NA,NA,NA,NA,NA
335.484,2.4555,20.8817,1.3275,24.9076,NA,NA,NA,NA,NA,NA,NA,NA,NA,NA,NA,NA
335.578,2.4521,20.7153,1.3266,24.8222,NA,NA,NA,NA,NA,NA,NA,NA,NA,NA,NA,NA
335.714,2.4505,20.6343,1.3232,24.5068,NA,NA,NA,NA,NA,NA,NA,NA,NA,NA,NA,NA
335.795,2.4443,20.3289,1.3215,24.3458,NA,NA,NA,NA,NA,NA,NA,NA,NA,NA,NA,NA
335.870,2.4335,19.7974,1.3201,24.2143,NA,NA,NA,NA,NA,NA,NA,NA,NA,NA,NA,NA
335.980,2.4335,19.7974,1.3185,24.0653,NA,NA,NA,NA,NA,NA,NA,NA,NA,NA,NA,NA
336.071,2.4261,19.4351,1.3164,23.8655,NA,NA,NA,NA,NA,NA,NA,NA,NA,NA,NA,NA
336.164,2.4173,19.0024,1.3144,23.6771,NA,NA,NA,NA,NA,NA,NA,NA,NA,NA,NA,NA
336.261,2.4133,18.8041,1.3069,22.9702,NA,NA,NA,NA,NA,NA,NA,NA,NA,NA,NA,NA
336.373,2.4051,18.3999,1.3047,22.7686,NA,NA,NA,NA,NA,NA,NA,NA,NA,NA,NA,NA
336.462,2.4028,18.2859,1.3022,22.5353,NA,NA,NA,NA,NA,NA,NA,NA,NA,NA,NA,NA
336.556,2.4030,18.2947,1.3011,22.4261,NA,NA,NA,NA,NA,NA,NA,NA,NA,NA,NA,NA
336.658,2.4030,18.2947,1.3010,22.4209,NA,NA,NA,NA,NA,NA,NA,NA,NA,NA,NA,NA
336.762,2.4084,18.5634,1.3002,22.3406,NA,NA,NA,NA,NA,NA,NA,NA,NA,NA,NA,NA
336.854,2.4223,19.2443,1.3073,23.0136,NA,NA,NA,NA,NA,NA,NA,NA,NA,NA,NA,NA
336.955,2.4616,21.1799,1.3170,23.9268,NA,NA,NA,NA,NA,NA,NA,NA,NA,NA,NA,NA
337.078,2.4780,21.9888,1.3378,25.8784,NA,NA,NA,NA,NA,NA,NA,NA,NA,NA,NA,NA
337.144,2.5149,23.8024,1.3496,26.9896,NA,NA,NA,NA,NA,NA,NA,NA,NA,NA,NA,NA
337.243,2.5543,25.7462,1.3597,27.9441,NA,NA,NA,NA,NA,NA,NA,NA,NA,NA,NA,NA
337.339,2.6004,28.0121,1.3760,29.4761,NA,NA,NA,NA,NA,NA,NA,NA,NA,NA,NA,NA
337.436,2.6366,29.7956,1.3888,30.6814,NA,NA,NA,NA,NA,NA,NA,NA,NA,NA,NA,NA
337.578,2.6625,31.0729,1.3979,31.5402,NA,NA,NA,NA,NA,NA,NA,NA,NA,NA,NA,NA
337.635,2.7016,32.9973,1.4093,32.6042,NA,NA,NA,NA,NA,NA,NA,NA,NA,NA,NA,NA
337.732,2.7158,33.6970,1.4187,33.4961,NA,NA,NA,NA,NA,NA,NA,NA,NA,NA,NA,NA
337.831,2.7398,34.8785,1.4250,34.0838,NA,NA,NA,NA,NA,NA,NA,NA,NA,NA,NA,NA
337.929,2.7502,35.3896,1.4374,35.2487,NA,NA,NA,NA,NA,NA,NA,NA,NA,NA,NA,NA
338.029,2.7856,37.1330,1.4496,36.4031,NA,NA,NA,NA,NA,NA,NA,NA,NA,NA,NA,NA
338.127,2.8109,38.3756,1.4562,37.0198,NA,NA,NA,NA,NA,NA,NA,NA,NA,NA,NA,NA
338.220,2.8233,38.9889,1.4608,37.4507,NA,NA,NA,NA,NA,NA,NA,NA,NA,NA,NA,NA
338.329,2.8379,39.7036,1.4652,37.8698,NA,NA,NA,NA,NA,NA,NA,NA,NA,NA,NA,NA
338.416,2.8413,39.8714,1.4678,38.1094,NA,NA,NA,NA,NA,NA,NA,NA,NA,NA,NA,NA
338.527,2.8413,39.8714,1.4708,38.3984,NA,NA,NA,NA,NA,NA,NA,NA,NA,NA,NA,NA
338.618,2.8348,39.5515,1.4742,38.7156,NA,NA,NA,NA,NA,NA,NA,NA,NA,NA,NA,NA
338.747,2.8325,39.4392,1.4788,39.1491,NA,NA,NA,NA,NA,NA,NA,NA,NA,NA,NA,NA
338.809,2.8315,39.3919,1.4788,39.1491,NA,NA,NA,NA,NA,NA,NA,NA,NA,NA,NA,NA
338.915,2.8287,39.2550,1.4817,39.4172,NA,NA,NA,NA,NA,NA,NA,NA,NA,NA,NA,NA
339.013,2.8273,39.1819,1.4817,39.4172,NA,NA,NA,NA,NA,NA,NA,NA,NA,NA,NA,NA
339.106,2.8265,39.1439,1.4807,39.3227,NA,NA,NA,NA,NA,NA,NA,NA,NA,NA,NA,NA
339.205,2.8183,38.7395,1.4802,39.2826,NA,NA,NA,NA,NA,NA,NA,NA,NA,NA,NA,NA
339.335,2.8152,38.5867,1.4800,39.2604,NA,NA,NA,NA,NA,NA,NA,NA,NA,NA,NA,NA
339.394,2.8113,38.3961,1.4800,39.2582,NA,NA,NA,NA,NA,NA,NA,NA,NA,NA,NA,NA
339.495,2.7963,37.6594,1.4766,38.9392,NA,NA,NA,NA,NA,NA,NA,NA,NA,NA,NA,NA
339.593,2.7887,37.2813,1.4717,38.4781,NA,NA,NA,NA,NA,NA,NA,NA,NA,NA,NA,NA
339.688,2.7852,37.1125,1.4694,38.2593,NA,NA,NA,NA,NA,NA,NA,NA,NA,NA,NA,NA
339.794,2.7800,36.8530,1.4621,37.5771,NA,NA,NA,NA,NA,NA,NA,NA,NA,NA,NA,NA
339.895,2.7655,36.1426,1.4520,36.6243,NA,NA,NA,NA,NA,NA,NA,NA,NA,NA,NA,NA
339.982,2.7586,35.7998,1.4487,36.3191,NA,NA,NA,NA,NA,NA,NA,NA,NA,NA,NA,NA
340.079,2.7496,35.3588,1.4423,35.7128,NA,NA,NA,NA,NA,NA,NA,NA,NA,NA,NA,NA
340.186,2.7233,34.0653,1.4400,35.4948,NA,NA,NA,NA,NA,NA,NA,NA,NA,NA,NA,NA
340.281,2.7116,33.4904,1.4372,35.2380,NA,NA,NA,NA,NA,NA,NA,NA,NA,NA,NA,NA
340.373,2.6960,32.7223,1.4335,34.8868,NA,NA,NA,NA,NA,NA,NA,NA,NA,NA,NA,NA
340.473,2.6923,32.5386,1.4310,34.6523,NA,NA,NA,NA,NA,NA,NA,NA,NA,NA,NA,NA
340.614,2.6752,31.6958,1.4302,34.5725,NA,NA,NA,NA,NA,NA,NA,NA,NA,NA,NA,NA
340.674,2.6752,31.6958,1.4276,34.3322,NA,NA,NA,NA,NA,NA,NA,NA,NA,NA,NA,NA
340.779,2.6600,30.9455,1.4230,33.8974,NA,NA,NA,NA,NA,NA,NA,NA,NA,NA,NA,NA
340.865,2.6499,30.4483,1.4225,33.8468,NA,NA,NA,NA,NA,NA,NA,NA,NA,NA,NA,NA
340.965,2.6494,30.4237,1.4197,33.5883,NA,NA,NA,NA,NA,NA,NA,NA,NA,NA,NA,NA
341.068,2.6451,30.2127,1.4178,33.4111,NA,NA,NA,NA,NA,NA,NA,NA,NA,NA,NA,NA
341.211,2.6400,29.9632,1.4143,33.0797,NA,NA,NA,NA,NA,NA,NA,NA,NA,NA,NA,NA
341.257,2.6400,29.9632,1.4126,32.9204,NA,NA,NA,NA,NA,NA,NA,NA,NA,NA,NA,NA
341.352,2.6351,29.7242,1.4122,32.8858,NA,NA,NA,NA,NA,NA,NA,NA,NA,NA,NA,NA
341.458,2.6351,29.7242,1.4122,32.8821,NA,NA,NA,NA,NA,NA,NA,NA,NA,NA,NA,NA
341.552,2.6324,29.5905,1.4103,32.7055,NA,NA,NA,NA,NA,NA,NA,NA,NA,NA,NA,NA
341.653,2.6138,28.6714,1.4088,32.5599,NA,NA,NA,NA,NA,NA,NA,NA,NA,NA,NA,NA
341.767,2.6138,28.6714,1.4069,32.3850,NA,NA,NA,NA,NA,NA,NA,NA,NA,NA,NA,NA
341.847,2.6194,28.9478,1.4069,32.3850,NA,NA,NA,NA,NA,NA,NA,NA,NA,NA,NA,NA
341.954,2.6194,28.9478,1.4063,32.3247,NA,NA,NA,NA,NA,NA,NA,NA,NA,NA,NA,NA
342.041,2.6111,28.5395,1.4062,32.3138,NA,NA,NA,NA,NA,NA,NA,NA,NA,NA,NA,NA
342.146,2.6111,28.5395,1.4065,32.3431,NA,NA,NA,NA,NA,NA,NA,NA,NA,NA,NA,NA
342.239,2.6098,28.4765,1.4065,32.3431,NA,NA,NA,NA,NA,NA,NA,NA,NA,NA,NA,NA
342.358,2.6054,28.2603,1.4047,32.1754,NA,NA,NA,NA,NA,NA,NA,NA,NA,NA,NA,NA
342.436,2.6050,28.2417,1.4040,32.1061,NA,NA,NA,NA,NA,NA,NA,NA,NA,NA,NA,NA
342.530,2.6008,28.0356,1.4037,32.0779,NA,NA,NA,NA,NA,NA,NA,NA,NA,NA,NA,NA
342.628,2.6008,28.0356,1.4031,32.0280,NA,NA,NA,NA,NA,NA,NA,NA,NA,NA,NA,NA
342.724,2.6025,28.1173,1.4018,31.9016,NA,NA,NA,NA,NA,NA,NA,NA,NA,NA,NA,NA
342.823,2.6025,28.1173,1.4009,31.8224,NA,NA,NA,NA,NA,NA,NA,NA,NA,NA,NA,NA
342.919,2.5982,27.9054,1.4005,31.7841,NA,NA,NA,NA,NA,NA,NA,NA,NA,NA,NA,NA
343.017,2.5910,27.5531,1.4004,31.7692,NA,NA,NA,NA,NA,NA,NA,NA,NA,NA,NA,NA
343.137,2.5779,26.9074,1.4003,31.7575,NA,NA,NA,NA,NA,NA,NA,NA,NA,NA,NA,NA
343.222,2.5973,27.8612,1.4000,31.7305,NA,NA,NA,NA,NA,NA,NA,NA,NA,NA,NA,NA
343.312,2.5973,27.8612,1.4000,31.7305,NA,NA,NA,NA,NA,NA,NA,NA,NA,NA,NA,NA
343.421,2.5903,27.5188,1.3995,31.6823,NA,NA,NA,NA,NA,NA,NA,NA,NA,NA,NA,NA
343.544,2.5903,27.5188,1.3993,31.6681,NA,NA,NA,NA,NA,NA,NA,NA,NA,NA,NA,NA
343.611,2.5779,26.9059,1.3985,31.5941,NA,NA,NA,NA,NA,NA,NA,NA,NA,NA,NA,NA
343.710,2.5779,26.9059,1.3985,31.5941,NA,NA,NA,NA,NA,NA,NA,NA,NA,NA,NA,NA
343.808,2.5738,26.7054,1.3964,31.3931,NA,NA,NA,NA,NA,NA,NA,NA,NA,NA,NA,NA
343.906,2.5784,26.9299,1.3964,31.3931,NA,NA,NA,NA,NA,NA,NA,NA,NA,NA,NA,NA
344.002,2.5784,26.9299,1.3938,31.1547,NA,NA,NA,NA,NA,NA,NA,NA,NA,NA,NA,NA
344.130,2.5716,26.5981,1.3946,31.2286,NA,NA,NA,NA,NA,NA,NA,NA,NA,NA,NA,NA
344.198,2.5687,26.4548,1.3946,31.2286,NA,NA,NA,NA,NA,NA,NA,NA,NA,NA,NA,NA
344.300,2.5684,26.4397,1.3937,31.1401,NA,NA,NA,NA,NA,NA,NA,NA,NA,NA,NA,NA
344.387,2.5684,26.4397,1.3938,31.1497,NA,NA,NA,NA,NA,NA,NA,NA,NA,NA,NA,NA
344.488,2.5670,26.3717,1.3938,31.1497,NA,NA,NA,NA,NA,NA,NA,NA,NA,NA,NA,NA
344.584,2.5670,26.3717,1.3931,31.0881,NA,NA,NA,NA,NA,NA,NA,NA,NA,NA,NA,NA
344.716,2.5623,26.1401,1.3938,31.1476,NA,NA,NA,NA,NA,NA,NA,NA,NA,NA,NA,NA
344.780,2.5596,26.0049,1.3938,31.1476,NA,NA,NA,NA,NA,NA,NA,NA,NA,NA,NA,NA
344.887,2.5594,25.9972,1.3916,30.9445,NA,NA,NA,NA,NA,NA,NA,NA,NA,NA,NA,NA
344.982,2.5600,26.0255,1.3913,30.9150,NA,NA,NA,NA,NA,NA,NA,NA,NA,NA,NA,NA
345.081,2.5600,26.0255,1.3924,31.0176,NA,NA,NA,NA,NA,NA,NA,NA,NA,NA,NA,NA
345.179,2.5573,25.8945,1.3924,31.0176,NA,NA,NA,NA,NA,NA,NA,NA,NA,NA,NA,NA
345.282,2.5586,25.9568,1.3921,30.9924,NA,NA,NA,NA,NA,NA,NA,NA,NA,NA,NA,NA
345.368,2.5586,25.9568,1.3904,30.8313,NA,NA,NA,NA,NA,NA,NA,NA,NA,NA,NA,NA
345.463,2.5509,25.5786,1.3893,30.7269,NA,NA,NA,NA,NA,NA,NA,NA,NA,NA,NA,NA
345.579,2.5509,25.5786,1.3891,30.7107,NA,NA,NA,NA,NA,NA,NA,NA,NA,NA,NA,NA
345.665,2.5559,25.8240,1.3891,30.7107,NA,NA,NA,NA,NA,NA,NA,NA,NA,NA,NA,NA
345.769,2.5559,25.8240,1.3867,30.4774,NA,NA,NA,NA,NA,NA,NA,NA,NA,NA,NA,NA
345.882,2.5573,25.8928,1.3834,30.1680,NA,NA,NA,NA,NA,NA,NA,NA,NA,NA,NA,NA
345.958,2.5573,25.8928,1.3834,30.1680,NA,NA,NA,NA,NA,NA,NA,NA,NA,NA,NA,NA
346.069,2.5460,25.3375,1.3820,30.0407,NA,NA,NA,NA,NA,NA,NA,NA,NA,NA,NA,NA
346.161,2.5372,24.9018,1.3816,30.0007,NA,NA,NA,NA,NA,NA,NA,NA,NA,NA,NA,NA
346.247,2.5381,24.9476,1.3807,29.9203,NA,NA,NA,NA,NA,NA,NA,NA,NA,NA,NA,NA
346.346,2.5381,24.9476,1.3804,29.8925,NA,NA,NA,NA,NA,NA,NA,NA,NA,NA,NA,NA
346.444,2.5263,24.3644,1.3804,29.8925,NA,NA,NA,NA,NA,NA,NA,NA,NA,NA,NA,NA
346.599,2.5214,24.1240,1.3814,29.9868,NA,NA,NA,NA,NA,NA,NA,NA,NA,NA,NA,NA
346.637,2.5216,24.1347,1.3814,29.9868,NA,NA,NA,NA,NA,NA,NA,NA,NA,NA,NA,NA
346.737,2.5268,24.3899,1.3812,29.9633,NA,NA,NA,NA,NA,NA,NA,NA,NA,NA,NA,NA
346.840,2.5268,24.3899,1.3807,29.9200,NA,NA,NA,NA,NA,NA,NA,NA,NA,NA,NA,NA
346.938,2.5258,24.3419,1.3792,29.7751,NA,NA,NA,NA,NA,NA,NA,NA,NA,NA,NA,NA
347.034,2.5258,24.3419,1.3782,29.6856,NA,NA,NA,NA,NA,NA,NA,NA,NA,NA,NA,NA
347.153,2.5238,24.2450,1.3772,29.5902,NA,NA,NA,NA,NA,NA,NA,NA,NA,NA,NA,NA
347.236,2.5238,24.2450,1.3772,29.5902,NA,NA,NA,NA,NA,NA,NA,NA,NA,NA,NA,NA
347.328,2.5178,23.9472,1.3771,29.5770,NA,NA,NA,NA,NA,NA,NA,NA,NA,NA,NA,NA
347.423,2.5165,23.8823,1.3758,29.4557,NA,NA,NA,NA,NA,NA,NA,NA,NA,NA,NA,NA
347.539,2.5160,23.8607,1.3747,29.3546,NA,NA,NA,NA,NA,NA,NA,NA,NA,NA,NA,NA
347.621,2.5114,23.6302,1.3737,29.2579,NA,NA,NA,NA,NA,NA,NA,NA,NA,NA,NA,NA
347.772,2.5114,23.6302,1.3724,29.1343,NA,NA,NA,NA,NA,NA,NA,NA,NA,NA,NA,NA
347.818,2.5103,23.5768,1.3716,29.0573,NA,NA,NA,NA,NA,NA,NA,NA,NA,NA,NA,NA
347.929,2.5100,23.5631,1.3696,28.8698,NA,NA,NA,NA,NA,NA,NA,NA,NA,NA,NA,NA
348.016,2.5067,23.3997,1.3692,28.8357,NA,NA,NA,NA,NA,NA,NA,NA,NA,NA,NA,NA
348.120,2.5053,23.3336,1.3692,28.8357,NA,NA,NA,NA,NA,NA,NA,NA,NA,NA,NA,NA
348.211,2.5024,23.1882,1.3689,28.8058,NA,NA,NA,NA,NA,NA,NA,NA,NA,NA,NA,NA
348.307,2.5034,23.2380,1.3680,28.7183,NA,NA,NA,NA,NA,NA,NA,NA,NA,NA,NA,NA
348.407,2.5034,23.2380,1.3675,28.6794,NA,NA,NA,NA,NA,NA,NA,NA,NA,NA,NA,NA
348.501,2.5011,23.1270,1.3673,28.6577,NA,NA,NA,NA,NA,NA,NA,NA,NA,NA,NA,NA
348.602,2.5011,23.1270,1.3663,28.5591,NA,NA,NA,NA,NA,NA,NA,NA,NA,NA,NA,NA
348.700,2.4990,23.0241,1.3653,28.4711,NA,NA,NA,NA,NA,NA,NA,NA,NA,NA,NA,NA
348.795,2.4952,22.8359,1.3651,28.4529,NA,NA,NA,NA,NA,NA,NA,NA,NA,NA,NA,NA
348.900,2.4942,22.7873,1.3651,28.4529,NA,NA,NA,NA,NA,NA,NA,NA,NA,NA,NA,NA
349.017,2.4947,22.8084,1.3651,28.4475,NA,NA,NA,NA,NA,NA,NA,NA,NA,NA,NA,NA
349.094,2.4947,22.8084,1.3644,28.3845,NA,NA,NA,NA,NA,NA,NA,NA,NA,NA,NA,NA
349.192,2.4863,22.3975,1.3632,28.2733,NA,NA,NA,NA,NA,NA,NA,NA,NA,NA,NA,NA
349.285,2.4863,22.3975,1.3632,28.2665,NA,NA,NA,NA,NA,NA,NA,NA,NA,NA,NA,NA
349.389,2.4885,22.5071,1.3628,28.2376,NA,NA,NA,NA,NA,NA,NA,NA,NA,NA,NA,NA
349.482,2.4885,22.5071,1.3622,28.1773,NA,NA,NA,NA,NA,NA,NA,NA,NA,NA,NA,NA
349.577,2.4825,22.2102,1.3616,28.1248,NA,NA,NA,NA,NA,NA,NA,NA,NA,NA,NA,NA
349.684,2.4776,21.9670,1.3616,28.1248,NA,NA,NA,NA,NA,NA,NA,NA,NA,NA,NA,NA
349.774,2.4623,21.2146,1.3594,27.9111,NA,NA,NA,NA,NA,NA,NA,NA,NA,NA,NA,NA
349.875,2.4645,21.3221,1.3582,27.8009,NA,NA,NA,NA,NA,NA,NA,NA,NA,NA,NA,NA
349.983,2.4646,21.3271,1.3589,27.8672,NA,NA,NA,NA,NA,NA,NA,NA,NA,NA,NA,NA
350.075,2.4727,21.7287,1.3589,27.8672,NA,NA,NA,NA,NA,NA,NA,NA,NA,NA,NA,NA
350.191,2.4727,21.7287,1.3556,27.5574,NA,NA,NA,NA,NA,NA,NA,NA,NA,NA,NA,NA
350.276,2.4660,21.3953,1.3548,27.4805,NA,NA,NA,NA,NA,NA,NA,NA,NA,NA,NA,NA
350.360,2.4645,21.3221,1.3545,27.4535,NA,NA,NA,NA,NA,NA,NA,NA,NA,NA,NA,NA
350.471,2.4629,21.2430,1.3544,27.4459,NA,NA,NA,NA,NA,NA,NA,NA,NA,NA,NA,NA
350.562,2.4725,21.7173,1.3537,27.3808,NA,NA,NA,NA,NA,NA,NA,NA,NA,NA,NA,NA
350.666,2.4725,21.7173,1.3525,27.2641,NA,NA,NA,NA,NA,NA,NA,NA,NA,NA,NA,NA
350.804,2.4674,21.4656,1.3520,27.2172,NA,NA,NA,NA,NA,NA,NA,NA,NA,NA,NA,NA
350.850,2.4665,21.4238,1.3510,27.1220,NA,NA,NA,NA,NA,NA,NA,NA,NA,NA,NA,NA
350.960,2.4625,21.2256,1.3507,27.0922,NA,NA,NA,NA,NA,NA,NA,NA,NA,NA,NA,NA
351.049,2.4625,21.2256,1.3511,27.1343,NA,NA,NA,NA,NA,NA,NA,NA,NA,NA,NA,NA
351.156,2.4595,21.0791,1.3513,27.1530,NA,NA,NA,NA,NA,NA,NA,NA,NA,NA,NA,NA
351.248,2.4573,20.9668,1.3513,27.1530,NA,NA,NA,NA,NA,NA,NA,NA,NA,NA,NA,NA
351.343,2.4573,20.9668,1.3501,27.0356,NA,NA,NA,NA,NA,NA,NA,NA,NA,NA,NA,NA
351.441,2.4520,20.7100,1.3492,26.9533,NA,NA,NA,NA,NA,NA,NA,NA,NA,NA,NA,NA
351.536,2.4520,20.7100,1.3492,26.9533,NA,NA,NA,NA,NA,NA,NA,NA,NA,NA,NA,NA
351.644,2.4501,20.6172,1.3483,26.8652,NA,NA,NA,NA,NA,NA,NA,NA,NA,NA,NA,NA
351.737,2.4501,20.6172,1.3468,26.7235,NA,NA,NA,NA,NA,NA,NA,NA,NA,NA,NA,NA
351.832,2.4480,20.5109,1.3462,26.6730,NA,NA,NA,NA,NA,NA,NA,NA,NA,NA,NA,NA
351.939,2.4467,20.4469,1.3438,26.4463,NA,NA,NA,NA,NA,NA,NA,NA,NA,NA,NA,NA
352.029,2.4441,20.3175,1.3438,26.4463,NA,NA,NA,NA,NA,NA,NA,NA,NA,NA,NA,NA
352.123,2.4480,20.5102,1.3432,26.3900,NA,NA,NA,NA,NA,NA,NA,NA,NA,NA,NA,NA
352.232,2.4480,20.5102,1.3422,26.2983,NA,NA,NA,NA,NA,NA,NA,NA,NA,NA,NA,NA
352.327,2.4419,20.2100,1.3421,26.2844,NA,NA,NA,NA,NA,NA,NA,NA,NA,NA,NA,NA
352.437,2.4392,20.0792,1.3427,26.3454,NA,NA,NA,NA,NA,NA,NA,NA,NA,NA,NA,NA
352.563,2.4381,20.0235,1.3427,26.3454,NA,NA,NA,NA,NA,NA,NA,NA,NA,NA,NA,NA
352.630,2.4338,19.8129,1.3409,26.1720,NA,NA,NA,NA,NA,NA,NA,NA,NA,NA,NA,NA
352.716,2.4331,19.7792,1.3410,26.1832,NA,NA,NA,NA,NA,NA,NA,NA,NA,NA,NA,NA
352.810,2.4354,19.8916,1.3410,26.1832,NA,NA,NA,NA,NA,NA,NA,NA,NA,NA,NA,NA
352.906,2.4354,19.8916,1.3410,26.1792,NA,NA,NA,NA,NA,NA,NA,NA,NA,NA,NA,NA
353.003,2.4303,19.6378,1.3410,26.1792,NA,NA,NA,NA,NA,NA,NA,NA,NA,NA,NA,NA
353.105,2.4303,19.6378,1.3397,26.0611,NA,NA,NA,NA,NA,NA,NA,NA,NA,NA,NA,NA
353.202,2.4324,19.7428,1.3391,26.0014,NA,NA,NA,NA,NA,NA,NA,NA,NA,NA,NA,NA
353.296,2.4324,19.7428,1.3379,25.8911,NA,NA,NA,NA,NA,NA,NA,NA,NA,NA,NA,NA
353.411,2.4267,19.4618,1.3379,25.8901,NA,NA,NA,NA,NA,NA,NA,NA,NA,NA,NA,NA
353.499,2.4267,19.4618,1.3355,25.6621,NA,NA,NA,NA,NA,NA,NA,NA,NA,NA,NA,NA
353.591,2.4233,19.2941,1.3354,25.6592,NA,NA,NA,NA,NA,NA,NA,NA,NA,NA,NA,NA
353.769,2.4233,19.2941,1.3339,25.5140,NA,NA,NA,NA,NA,NA,NA,NA,NA,NA,NA,NA
353.792,2.4226,19.2599,1.3327,25.4028,NA,NA,NA,NA,NA,NA,NA,NA,NA,NA,NA,NA
353.889,2.4226,19.2599,1.3317,25.3045,NA,NA,NA,NA,NA,NA,NA,NA,NA,NA,NA,NA
353.992,2.4149,18.8827,1.3305,25.1892,NA,NA,NA,NA,NA,NA,NA,NA,NA,NA,NA,NA
354.084,2.4133,18.8048,1.3305,25.1892,NA,NA,NA,NA,NA,NA,NA,NA,NA,NA,NA,NA
354.185,2.4097,18.6269,1.3292,25.0689,NA,NA,NA,NA,NA,NA,NA,NA,NA,NA,NA,NA
354.278,2.4126,18.7706,1.3291,25.0656,NA,NA,NA,NA,NA,NA,NA,NA,NA,NA,NA,NA
354.417,2.4126,18.7706,1.3292,25.0713,NA,NA,NA,NA,NA,NA,NA,NA,NA,NA,NA,NA
354.482,2.4106,18.6683,1.3292,25.0713,NA,NA,NA,NA,NA,NA,NA,NA,NA,NA,NA,NA
354.571,2.4106,18.6683,1.3282,24.9758,NA,NA,NA,NA,NA,NA,NA,NA,NA,NA,NA,NA
354.668,2.4082,18.5516,1.3272,24.8875,NA,NA,NA,NA,NA,NA,NA,NA,NA,NA,NA,NA
354.777,2.4044,18.3654,1.3257,24.7425,NA,NA,NA,NA,NA,NA,NA,NA,NA,NA,NA,NA
354.863,2.4027,18.2835,1.3250,24.6783,NA,NA,NA,NA,NA,NA,NA,NA,NA,NA,NA,NA
355.029,2.4060,18.4418,1.3250,24.6783,NA,NA,NA,NA,NA,NA,NA,NA,NA,NA,NA,NA
355.064,2.4060,18.4418,1.3241,24.5952,NA,NA,NA,NA,NA,NA,NA,NA,NA,NA,NA,NA
355.176,2.4054,18.4124,1.3230,24.4905,NA,NA,NA,NA,NA,NA,NA,NA,NA,NA,NA,NA
355.257,2.4054,18.4124,1.3226,24.4538,NA,NA,NA,NA,NA,NA,NA,NA,NA,NA,NA,NA
355.360,2.4008,18.1898,1.3223,24.4209,NA,NA,NA,NA,NA,NA,NA,NA,NA,NA,NA,NA
355.455,2.3891,17.6143,1.3223,24.4209,NA,NA,NA,NA,NA,NA,NA,NA,NA,NA,NA,NA
355.581,2.3891,17.6141,1.3219,24.3809,NA,NA,NA,NA,NA,NA,NA,NA,NA,NA,NA,NA
355.648,2.3889,17.6022,1.3218,24.3780,NA,NA,NA,NA,NA,NA,NA,NA,NA,NA,NA,NA
355.745,2.3889,17.6022,1.3212,24.3178,NA,NA,NA,NA,NA,NA,NA,NA,NA,NA,NA,NA
355.847,2.3896,17.6376,1.3208,24.2847,NA,NA,NA,NA,NA,NA,NA,NA,NA,NA,NA,NA
355.947,2.3896,17.6376,1.3205,24.2518,NA,NA,NA,NA,NA,NA,NA,NA,NA,NA,NA,NA
356.042,2.3868,17.4996,1.3189,24.1001,NA,NA,NA,NA,NA,NA,NA,NA,NA,NA,NA,NA
356.194,2.3868,17.4996,1.3189,24.1001,NA,NA,NA,NA,NA,NA,NA,NA,NA,NA,NA,NA
356.273,2.3849,17.4051,1.3184,24.0579,NA,NA,NA,NA,NA,NA,NA,NA,NA,NA,NA,NA
356.334,2.3832,17.3198,1.3183,24.0431,NA,NA,NA,NA,NA,NA,NA,NA,NA,NA,NA,NA
356.436,2.3824,17.2803,1.3173,23.9489,NA,NA,NA,NA,NA,NA,NA,NA,NA,NA,NA,NA
356.532,2.3842,17.3706,1.3173,23.9489,NA,NA,NA,NA,NA,NA,NA,NA,NA,NA,NA,NA
356.629,2.3842,17.3706,1.3169,23.9157,NA,NA,NA,NA,NA,NA,NA,NA,NA,NA,NA,NA
356.738,2.3841,17.3660,1.3169,23.9103,NA,NA,NA,NA,NA,NA,NA,NA,NA,NA,NA,NA
356.825,2.3841,17.3660,1.3169,23.9103,NA,NA,NA,NA,NA,NA,NA,NA,NA,NA,NA,NA
356.930,2.3759,16.9603,1.3159,23.8234,NA,NA,NA,NA,NA,NA,NA,NA,NA,NA,NA,NA
357.018,2.3723,16.7849,1.3153,23.7597,NA,NA,NA,NA,NA,NA,NA,NA,NA,NA,NA,NA
357.130,2.3712,16.7331,1.3149,23.7268,NA,NA,NA,NA,NA,NA,NA,NA,NA,NA,NA,NA
357.220,2.3756,16.9477,1.3145,23.6865,NA,NA,NA,NA,NA,NA,NA,NA,NA,NA,NA,NA
357.326,2.3756,16.9477,1.3129,23.5403,NA,NA,NA,NA,NA,NA,NA,NA,NA,NA,NA,NA
357.411,2.3752,16.9293,1.3126,23.5142,NA,NA,NA,NA,NA,NA,NA,NA,NA,NA,NA,NA
357.509,2.3752,16.9293,1.3120,23.4515,NA,NA,NA,NA,NA,NA,NA,NA,NA,NA,NA,NA
357.606,2.3693,16.6388,1.3102,23.2807,NA,NA,NA,NA,NA,NA,NA,NA,NA,NA,NA,NA
357.711,2.3667,16.5085,1.3091,23.1801,NA,NA,NA,NA,NA,NA,NA,NA,NA,NA,NA,NA
357.807,2.3644,16.3971,1.3091,23.1801,NA,NA,NA,NA,NA,NA,NA,NA,NA,NA,NA,NA
357.963,2.3644,16.3971,1.3081,23.0869,NA,NA,NA,NA,NA,NA,NA,NA,NA,NA,NA,NA
358.001,2.3706,16.7025,1.3063,22.9146,NA,NA,NA,NA,NA,NA,NA,NA,NA,NA,NA,NA
358.099,2.3706,16.7025,1.3063,22.9146,NA,NA,NA,NA,NA,NA,NA,NA,NA,NA,NA,NA
358.191,2.3661,16.4774,1.3063,22.9122,NA,NA,NA,NA,NA,NA,NA,NA,NA,NA,NA,NA
358.290,2.3582,16.0920,1.3055,22.8394,NA,NA,NA,NA,NA,NA,NA,NA,NA,NA,NA,NA
358.389,2.3580,16.0823,1.3055,22.8394,NA,NA,NA,NA,NA,NA,NA,NA,NA,NA,NA,NA
358.513,2.3598,16.1688,1.3049,22.7858,NA,NA,NA,NA,NA,NA,NA,NA,NA,NA,NA,NA
358.589,2.3598,16.1688,1.3033,22.6348,NA,NA,NA,NA,NA,NA,NA,NA,NA,NA,NA,NA
358.681,2.3616,16.2598,1.3036,22.6664,NA,NA,NA,NA,NA,NA,NA,NA,NA,NA,NA,NA
358.781,2.3616,16.2598,1.3036,22.6664,NA,NA,NA,NA,NA,NA,NA,NA,NA,NA,NA,NA
358.881,2.3614,16.2471,1.3025,22.5617,NA,NA,NA,NA,NA,NA,NA,NA,NA,NA,NA,NA
358.975,2.3452,15.4522,1.3029,22.6001,NA,NA,NA,NA,NA,NA,NA,NA,NA,NA,NA,NA
359.119,2.3430,15.3435,1.3029,22.6001,NA,NA,NA,NA,NA,NA,NA,NA,NA,NA,NA,NA
359.170,2.3472,15.5510,1.3011,22.4253,NA,NA,NA,NA,NA,NA,NA,NA,NA,NA,NA,NA
359.276,2.3472,15.5510,1.3011,22.4253,NA,NA,NA,NA,NA,NA,NA,NA,NA,NA,NA,NA
359.372,2.3525,15.8110,1.3002,22.3446,NA,NA,NA,NA,NA,NA,NA,NA,NA,NA,NA,NA
359.467,2.3525,15.8110,1.2987,22.2059,NA,NA,NA,NA,NA,NA,NA,NA,NA,NA,NA,NA
359.569,2.3519,15.7795,1.2984,22.1717,NA,NA,NA,NA,NA,NA,NA,NA,NA,NA,NA,NA
359.663,2.3519,15.7795,1.2980,22.1339,NA,NA,NA,NA,NA,NA,NA,NA,NA,NA,NA,NA
359.803,2.3463,15.5033,1.2975,22.0860,NA,NA,NA,NA,NA,NA,NA,NA,NA,NA,NA,NA
359.863,2.3451,15.4461,1.2974,22.0790,NA,NA,NA,NA,NA,NA,NA,NA,NA,NA,NA,NA
359.960,2.3372,15.0566,1.2965,21.9922,NA,NA,NA,NA,NA,NA,NA,NA,NA,NA,NA,NA
360.053,2.3362,15.0056,1.2959,21.9422,NA,NA,NA,NA,NA,NA,NA,NA,NA,NA,NA,NA
360.159,2.3357,14.9854,1.2931,21.6771,NA,NA,NA,NA,NA,NA,NA,NA,NA,NA,NA,NA
360.252,2.3377,15.0794,1.2930,21.6680,NA,NA,NA,NA,NA,NA,NA,NA,NA,NA,NA,NA
360.394,2.3377,15.0794,1.2932,21.6847,NA,NA,NA,NA,NA,NA,NA,NA,NA,NA,NA,NA
360.448,2.3354,14.9689,1.2940,21.7595,NA,NA,NA,NA,NA,NA,NA,NA,NA,NA,NA,NA
360.551,2.3366,15.0279,1.2943,21.7847,NA,NA,NA,NA,NA,NA,NA,NA,NA,NA,NA,NA
360.641,2.3366,15.0279,1.2943,21.7847,NA,NA,NA,NA,NA,NA,NA,NA,NA,NA,NA,NA
360.739,2.3381,15.1031,1.2932,21.6884,NA,NA,NA,NA,NA,NA,NA,NA,NA,NA,NA,NA
360.839,2.3381,15.1031,1.2926,21.6307,NA,NA,NA,NA,NA,NA,NA,NA,NA,NA,NA,NA
360.945,2.3359,14.9923,1.2918,21.5569,NA,NA,NA,NA,NA,NA,NA,NA,NA,NA,NA,NA
361.037,2.3330,14.8480,1.2912,21.4972,NA,NA,NA,NA,NA,NA,NA,NA,NA,NA,NA,NA
361.130,2.3311,14.7565,1.2912,21.4972,NA,NA,NA,NA,NA,NA,NA,NA,NA,NA,NA,NA
361.227,2.3311,14.7565,1.2909,21.4661,NA,NA,NA,NA,NA,NA,NA,NA,NA,NA,NA,NA
361.328,2.3268,14.5458,1.2904,21.4226,NA,NA,NA,NA,NA,NA,NA,NA,NA,NA,NA,NA
361.430,2.3277,14.5884,1.2904,21.4226,NA,NA,NA,NA,NA,NA,NA,NA,NA,NA,NA,NA
361.541,2.3277,14.5884,1.2897,21.3512,NA,NA,NA,NA,NA,NA,NA,NA,NA,NA,NA,NA
361.623,2.3228,14.3460,1.2888,21.2733,NA,NA,NA,NA,NA,NA,NA,NA,NA,NA,NA,NA
361.724,2.3219,14.3045,1.2886,21.2528,NA,NA,NA,NA,NA,NA,NA,NA,NA,NA,NA,NA
361.818,2.3232,14.3668,1.2880,21.1947,NA,NA,NA,NA,NA,NA,NA,NA,NA,NA,NA,NA
361.922,2.3232,14.3668,1.2876,21.1610,NA,NA,NA,NA,NA,NA,NA,NA,NA,NA,NA,NA
362.038,2.3168,14.0547,1.2866,21.0605,NA,NA,NA,NA,NA,NA,NA,NA,NA,NA,NA,NA
362.127,2.3138,13.9029,1.2862,21.0228,NA,NA,NA,NA,NA,NA,NA,NA,NA,NA,NA,NA
362.209,2.3138,13.9029,1.2837,20.7902,NA,NA,NA,NA,NA,NA,NA,NA,NA,NA,NA,NA
362.305,2.3157,13.9998,1.2828,20.7102,NA,NA,NA,NA,NA,NA,NA,NA,NA,NA,NA,NA
362.412,2.3157,13.9998,1.2803,20.4714,NA,NA,NA,NA,NA,NA,NA,NA,NA,NA,NA,NA
362.505,2.3163,14.0290,1.2796,20.4000,NA,NA,NA,NA,NA,NA,NA,NA,NA,NA,NA,NA
362.599,2.3163,14.0290,1.2783,20.2817,NA,NA,NA,NA,NA,NA,NA,NA,NA,NA,NA,NA
362.698,2.3128,13.8539,1.2775,20.2089,NA,NA,NA,NA,NA,NA,NA,NA,NA,NA,NA,NA
362.808,2.3100,13.7186,1.2784,20.2935,NA,NA,NA,NA,NA,NA,NA,NA,NA,NA,NA,NA
362.899,2.3055,13.4942,1.2784,20.2935,NA,NA,NA,NA,NA,NA,NA,NA,NA,NA,NA,NA
363.000,2.3086,13.6511,1.2783,20.2852,NA,NA,NA,NA,NA,NA,NA,NA,NA,NA,NA,NA
363.090,2.3086,13.6511,1.2776,20.2205,NA,NA,NA,NA,NA,NA,NA,NA,NA,NA,NA,NA
363.193,2.3307,14.7357,1.2829,20.7114,NA,NA,NA,NA,NA,NA,NA,NA,NA,NA,NA,NA
363.285,2.3692,16.6338,1.2949,21.8402,NA,NA,NA,NA,NA,NA,NA,NA,NA,NA,NA,NA
363.400,2.4284,19.5451,1.3127,23.5192,NA,NA,NA,NA,NA,NA,NA,NA,NA,NA,NA,NA
363.486,2.4623,21.2169,1.3274,24.9020,NA,NA,NA,NA,NA,NA,NA,NA,NA,NA,NA,NA
363.586,2.4941,22.7789,1.3354,25.6510,NA,NA,NA,NA,NA,NA,NA,NA,NA,NA,NA,NA
363.676,2.5063,23.3812,1.3435,26.4171,NA,NA,NA,NA,NA,NA,NA,NA,NA,NA,NA,NA
363.776,2.5110,23.6152,1.3471,26.7571,NA,NA,NA,NA,NA,NA,NA,NA,NA,NA,NA,NA
363.873,2.5136,23.7396,1.3471,26.7602,NA,NA,NA,NA,NA,NA,NA,NA,NA,NA,NA,NA
364.003,2.5144,23.7796,1.3471,26.7602,NA,NA,NA,NA,NA,NA,NA,NA,NA,NA,NA,NA
364.077,2.5144,23.7796,1.3460,26.6496,NA,NA,NA,NA,NA,NA,NA,NA,NA,NA,NA,NA
364.167,2.5102,23.5730,1.3418,26.2581,NA,NA,NA,NA,NA,NA,NA,NA,NA,NA,NA,NA
364.263,2.5026,23.2003,1.3403,26.1137,NA,NA,NA,NA,NA,NA,NA,NA,NA,NA,NA,NA
364.371,2.4990,23.0228,1.3398,26.0686,NA,NA,NA,NA,NA,NA,NA,NA,NA,NA,NA,NA
364.459,2.4826,22.2171,1.3357,25.6863,NA,NA,NA,NA,NA,NA,NA,NA,NA,NA,NA,NA
364.603,2.4780,21.9907,1.3335,25.4788,NA,NA,NA,NA,NA,NA,NA,NA,NA,NA,NA,NA
364.663,2.4780,21.9907,1.3322,25.3565,NA,NA,NA,NA,NA,NA,NA,NA,NA,NA,NA,NA
364.756,2.4656,21.3764,1.3291,25.0634,NA,NA,NA,NA,NA,NA,NA,NA,NA,NA,NA,NA
364.854,2.4609,21.1486,1.3262,24.7922,NA,NA,NA,NA,NA,NA,NA,NA,NA,NA,NA,NA
364.948,2.4547,20.8421,1.3245,24.6308,NA,NA,NA,NA,NA,NA,NA,NA,NA,NA,NA,NA
365.045,2.4528,20.7498,1.3233,24.5133,NA,NA,NA,NA,NA,NA,NA,NA,NA,NA,NA,NA
365.208,2.4490,20.5607,1.3217,24.3696,NA,NA,NA,NA,NA,NA,NA,NA,NA,NA,NA,NA
365.249,2.4488,20.5526,1.3207,24.2734,NA,NA,NA,NA,NA,NA,NA,NA,NA,NA,NA,NA
365.342,2.4470,20.4626,1.3196,24.1654,NA,NA,NA,NA,NA,NA,NA,NA,NA,NA,NA,NA
365.440,2.4470,20.4626,1.3171,23.9369,NA,NA,NA,NA,NA,NA,NA,NA,NA,NA,NA,NA
365.533,2.4331,19.7783,1.3160,23.8301,NA,NA,NA,NA,NA,NA,NA,NA,NA,NA,NA,NA
365.638,2.4285,19.5525,1.3149,23.7258,NA,NA,NA,NA,NA,NA,NA,NA,NA,NA,NA,NA
365.732,2.4229,19.2750,1.3139,23.6343,NA,NA,NA,NA,NA,NA,NA,NA,NA,NA,NA,NA
365.830,2.4301,19.6307,1.3115,23.4076,NA,NA,NA,NA,NA,NA,NA,NA,NA,NA,NA,NA
365.929,2.4301,19.6307,1.3109,23.3520,NA,NA,NA,NA,NA,NA,NA,NA,NA,NA,NA,NA
366.028,2.4263,19.4444,1.3102,23.2878,NA,NA,NA,NA,NA,NA,NA,NA,NA,NA,NA,NA
366.122,2.4218,19.2202,1.3075,23.0318,NA,NA,NA,NA,NA,NA,NA,NA,NA,NA,NA,NA
366.230,2.4181,19.0373,1.3067,22.9573,NA,NA,NA,NA,NA,NA,NA,NA,NA,NA,NA,NA
366.365,2.4201,19.1389,1.3130,23.5449,NA,NA,NA,NA,NA,NA,NA,NA,NA,NA,NA,NA
366.415,2.4543,20.8196,1.3247,24.6520,NA,NA,NA,NA,NA,NA,NA,NA,NA,NA,NA,NA
366.519,2.5014,23.1384,1.3362,25.7295,NA,NA,NA,NA,NA,NA,NA,NA,NA,NA,NA,NA
366.618,2.5202,24.0673,1.3441,26.4765,NA,NA,NA,NA,NA,NA,NA,NA,NA,NA,NA,NA
366.719,2.5601,26.0294,1.3509,27.1127,NA,NA,NA,NA,NA,NA,NA,NA,NA,NA,NA,NA
366.810,2.5873,27.3703,1.3602,27.9862,NA,NA,NA,NA,NA,NA,NA,NA,NA,NA,NA,NA
366.943,2.6075,28.3641,1.3697,28.8868,NA,NA,NA,NA,NA,NA,NA,NA,NA,NA,NA,NA
367.008,2.6230,29.1272,1.3789,29.7514,NA,NA,NA,NA,NA,NA,NA,NA,NA,NA,NA,NA
367.102,2.6299,29.4672,1.3829,30.1278,NA,NA,NA,NA,NA,NA,NA,NA,NA,NA,NA,NA
367.207,2.6569,30.7978,1.3874,30.5483,NA,NA,NA,NA,NA,NA,NA,NA,NA,NA,NA,NA
367.300,2.6742,31.6458,1.3932,31.0947,NA,NA,NA,NA,NA,NA,NA,NA,NA,NA,NA,NA
367.398,2.7216,33.9791,1.4008,31.8118,NA,NA,NA,NA,NA,NA,NA,NA,NA,NA,NA,NA
367.503,2.7319,34.4878,1.4065,32.3467,NA,NA,NA,NA,NA,NA,NA,NA,NA,NA,NA,NA
367.593,2.7666,36.1932,1.4116,32.8220,NA,NA,NA,NA,NA,NA,NA,NA,NA,NA,NA,NA
367.690,2.7905,37.3740,1.4199,33.6043,NA,NA,NA,NA,NA,NA,NA,NA,NA,NA,NA,NA
367.797,2.8047,38.0708,1.4270,34.2761,NA,NA,NA,NA,NA,NA,NA,NA,NA,NA,NA,NA
367.888,2.8163,38.6428,1.4314,34.6915,NA,NA,NA,NA,NA,NA,NA,NA,NA,NA,NA,NA
367.981,2.8310,39.3672,1.4413,35.6178,NA,NA,NA,NA,NA,NA,NA,NA,NA,NA,NA,NA
368.125,2.8667,41.1217,1.4483,36.2816,NA,NA,NA,NA,NA,NA,NA,NA,NA,NA,NA,NA
368.189,2.8787,41.7164,1.4552,36.9252,NA,NA,NA,NA,NA,NA,NA,NA,NA,NA,NA,NA
368.282,2.8950,42.5165,1.4649,37.8376,NA,NA,NA,NA,NA,NA,NA,NA,NA,NA,NA,NA
368.378,2.9262,44.0543,1.4681,38.1391,NA,NA,NA,NA,NA,NA,NA,NA,NA,NA,NA,NA
368.476,2.9590,45.6655,1.4767,38.9491,NA,NA,NA,NA,NA,NA,NA,NA,NA,NA,NA,NA
368.578,2.9608,45.7575,1.4865,39.8693,NA,NA,NA,NA,NA,NA,NA,NA,NA,NA,NA,NA
368.669,2.9649,45.9554,1.4895,40.1509,NA,NA,NA,NA,NA,NA,NA,NA,NA,NA,NA,NA
368.795,2.9659,46.0072,1.4917,40.3598,NA,NA,NA,NA,NA,NA,NA,NA,NA,NA,NA,NA
368.864,2.9736,46.3861,1.4929,40.4720,NA,NA,NA,NA,NA,NA,NA,NA,NA,NA,NA,NA
368.961,2.9810,46.7499,1.4931,40.4976,NA,NA,NA,NA,NA,NA,NA,NA,NA,NA,NA,NA
369.082,2.9810,46.7499,1.4931,40.4976,NA,NA,NA,NA,NA,NA,NA,NA,NA,NA,NA,NA
369.161,2.9795,46.6781,1.4929,40.4717,NA,NA,NA,NA,NA,NA,NA,NA,NA,NA,NA,NA
369.256,2.9715,46.2831,1.4903,40.2286,NA,NA,NA,NA,NA,NA,NA,NA,NA,NA,NA,NA
369.368,2.9611,45.7713,1.4890,40.1080,NA,NA,NA,NA,NA,NA,NA,NA,NA,NA,NA,NA
369.463,2.9477,45.1099,1.4870,39.9195,NA,NA,NA,NA,NA,NA,NA,NA,NA,NA,NA,NA
369.553,2.9283,44.1576,1.4843,39.6674,NA,NA,NA,NA,NA,NA,NA,NA,NA,NA,NA,NA
369.648,2.9253,44.0089,1.4832,39.5647,NA,NA,NA,NA,NA,NA,NA,NA,NA,NA,NA,NA
369.760,2.9219,43.8420,1.4803,39.2881,NA,NA,NA,NA,NA,NA,NA,NA,NA,NA,NA,NA
369.861,2.9110,43.3037,1.4760,38.8890,NA,NA,NA,NA,NA,NA,NA,NA,NA,NA,NA,NA
369.942,2.9068,43.0987,1.4721,38.5173,NA,NA,NA,NA,NA,NA,NA,NA,NA,NA,NA,NA
370.048,2.8858,42.0622,1.4689,38.2125,NA,NA,NA,NA,NA,NA,NA,NA,NA,NA,NA,NA
370.138,2.8769,41.6247,1.4640,37.7516,NA,NA,NA,NA,NA,NA,NA,NA,NA,NA,NA,NA
370.241,2.8609,40.8373,1.4616,37.5253,NA,NA,NA,NA,NA,NA,NA,NA,NA,NA,NA,NA
370.352,2.8609,40.8373,1.4597,37.3552,NA,NA,NA,NA,NA,NA,NA,NA,NA,NA,NA,NA
370.433,2.8373,39.6757,1.4588,37.2655,NA,NA,NA,NA,NA,NA,NA,NA,NA,NA,NA,NA
370.531,2.8313,39.3801,1.4571,37.1039,NA,NA,NA,NA,NA,NA,NA,NA,NA,NA,NA,NA
370.629,2.8246,39.0532,1.4562,37.0233,NA,NA,NA,NA,NA,NA,NA,NA,NA,NA,NA,NA
370.728,2.8172,38.6849,1.4552,36.9255,NA,NA,NA,NA,NA,NA,NA,NA,NA,NA,NA,NA
370.824,2.8147,38.5613,1.4545,36.8583,NA,NA,NA,NA,NA,NA,NA,NA,NA,NA,NA,NA
370.919,2.8071,38.1912,1.4531,36.7255,NA,NA,NA,NA,NA,NA,NA,NA,NA,NA,NA,NA
371.021,2.8069,38.1808,1.4476,36.2167,NA,NA,NA,NA,NA,NA,NA,NA,NA,NA,NA,NA
371.117,2.8067,38.1696,1.4462,36.0834,NA,NA,NA,NA,NA,NA,NA,NA,NA,NA,NA,NA
371.214,2.8067,38.1696,1.4437,35.8475,NA,NA,NA,NA,NA,NA,NA,NA,NA,NA,NA,NA
371.311,2.8027,37.9705,1.4423,35.7098,NA,NA,NA,NA,NA,NA,NA,NA,NA,NA,NA,NA
371.423,2.8027,37.9705,1.4413,35.6180,NA,NA,NA,NA,NA,NA,NA,NA,NA,NA,NA,NA
371.513,2.7780,36.7571,1.4412,35.6057,NA,NA,NA,NA,NA,NA,NA,NA,NA,NA,NA,NA
371.607,2.7783,36.7701,1.4410,35.5918,NA,NA,NA,NA,NA,NA,NA,NA,NA,NA,NA,NA
371.720,2.7783,36.7701,1.4400,35.4995,NA,NA,NA,NA,NA,NA,NA,NA,NA,NA,NA,NA
371.801,2.7776,36.7375,1.4399,35.4888,NA,NA,NA,NA,NA,NA,NA,NA,NA,NA,NA,NA
371.903,2.7776,36.7375,1.4384,35.3461,NA,NA,NA,NA,NA,NA,NA,NA,NA,NA,NA,NA
371.997,2.7657,36.1496,1.4364,35.1546,NA,NA,NA,NA,NA,NA,NA,NA,NA,NA,NA,NA
372.099,2.7657,36.1496,1.4360,35.1249,NA,NA,NA,NA,NA,NA,NA,NA,NA,NA,NA,NA
372.191,2.7546,35.6045,1.4345,34.9816,NA,NA,NA,NA,NA,NA,NA,NA,NA,NA,NA,NA
372.290,2.7506,35.4061,1.4335,34.8823,NA,NA,NA,NA,NA,NA,NA,NA,NA,NA,NA,NA
372.392,2.7430,35.0341,1.4327,34.8060,NA,NA,NA,NA,NA,NA,NA,NA,NA,NA,NA,NA
372.484,2.7450,35.1344,1.4317,34.7175,NA,NA,NA,NA,NA,NA,NA,NA,NA,NA,NA,NA
372.586,2.7450,35.1344,1.4312,34.6718,NA,NA,NA,NA,NA,NA,NA,NA,NA,NA,NA,NA
372.682,2.7484,35.2983,1.4303,34.5810,NA,NA,NA,NA,NA,NA,NA,NA,NA,NA,NA,NA
372.789,2.7484,35.2983,1.4303,34.5810,NA,NA,NA,NA,NA,NA,NA,NA,NA,NA,NA,NA
372.940,2.7394,34.8569,1.4285,34.4116,NA,NA,NA,NA,NA,NA,NA,NA,NA,NA,NA,NA
372.977,2.7373,34.7544,1.4276,34.3336,NA,NA,NA,NA,NA,NA,NA,NA,NA,NA,NA,NA
373.074,2.7344,34.6096,1.4284,34.4052,NA,NA,NA,NA,NA,NA,NA,NA,NA,NA,NA,NA
373.175,2.7329,34.5348,1.4284,34.4052,NA,NA,NA,NA,NA,NA,NA,NA,NA,NA,NA,NA
373.271,2.7295,34.3695,1.4269,34.2650,NA,NA,NA,NA,NA,NA,NA,NA,NA,NA,NA,NA
373.369,2.7299,34.3903,1.4269,34.2650,NA,NA,NA,NA,NA,NA,NA,NA,NA,NA,NA,NA
373.475,2.7299,34.3903,1.4269,34.2641,NA,NA,NA,NA,NA,NA,NA,NA,NA,NA,NA,NA
373.580,2.7239,34.0953,1.4269,34.2641,NA,NA,NA,NA,NA,NA,NA,NA,NA,NA,NA,NA
373.661,2.7239,34.0953,1.4249,34.0795,NA,NA,NA,NA,NA,NA,NA,NA,NA,NA,NA,NA
373.765,2.7226,34.0298,1.4254,34.1250,NA,NA,NA,NA,NA,NA,NA,NA,NA,NA,NA,NA
373.860,2.7100,33.4099,1.4254,34.1250,NA,NA,NA,NA,NA,NA,NA,NA,NA,NA,NA,NA
373.955,2.7100,33.4099,1.4253,34.1178,NA,NA,NA,NA,NA,NA,NA,NA,NA,NA,NA,NA
374.055,2.7049,33.1560,1.4253,34.1178,NA,NA,NA,NA,NA,NA,NA,NA,NA,NA,NA,NA
374.224,2.7060,33.2118,1.4242,34.0151,NA,NA,NA,NA,NA,NA,NA,NA,NA,NA,NA,NA
374.258,2.7106,33.4382,1.4234,33.9357,NA,NA,NA,NA,NA,NA,NA,NA,NA,NA,NA,NA
374.351,2.7106,33.4382,1.4234,33.9357,NA,NA,NA,NA,NA,NA,NA,NA,NA,NA,NA,NA
374.445,2.7052,33.1717,1.4226,33.8599,NA,NA,NA,NA,NA,NA,NA,NA,NA,NA,NA,NA
374.545,2.6976,32.8003,1.4219,33.7955,NA,NA,NA,NA,NA,NA,NA,NA,NA,NA,NA,NA
374.645,2.6976,32.8003,1.4215,33.7608,NA,NA,NA,NA,NA,NA,NA,NA,NA,NA,NA,NA
374.740,2.6947,32.6564,1.4215,33.7608,NA,NA,NA,NA,NA,NA,NA,NA,NA,NA,NA,NA
374.840,2.6918,32.5134,1.4211,33.7143,NA,NA,NA,NA,NA,NA,NA,NA,NA,NA,NA,NA
374.934,2.7007,32.9503,1.4209,33.6975,NA,NA,NA,NA,NA,NA,NA,NA,NA,NA,NA,NA
375.030,2.7007,32.9503,1.4203,33.6457,NA,NA,NA,NA,NA,NA,NA,NA,NA,NA,NA,NA
375.143,2.7009,32.9629,1.4198,33.5980,NA,NA,NA,NA,NA,NA,NA,NA,NA,NA,NA,NA
375.232,2.7009,32.9629,1.4194,33.5635,NA,NA,NA,NA,NA,NA,NA,NA,NA,NA,NA,NA
375.361,2.6974,32.7906,1.4194,33.5635,NA,NA,NA,NA,NA,NA,NA,NA,NA,NA,NA,NA
375.429,2.6918,32.5147,1.4190,33.5220,NA,NA,NA,NA,NA,NA,NA,NA,NA,NA,NA,NA
375.524,2.6924,32.5409,1.4190,33.5220,NA,NA,NA,NA,NA,NA,NA,NA,NA,NA,NA,NA
375.627,2.6924,32.5409,1.4184,33.4670,NA,NA,NA,NA,NA,NA,NA,NA,NA,NA,NA,NA
375.719,2.6814,31.9992,1.4181,33.4387,NA,NA,NA,NA,NA,NA,NA,NA,NA,NA,NA,NA
375.814,2.6782,31.8442,1.4184,33.4641,NA,NA,NA,NA,NA,NA,NA,NA,NA,NA,NA,NA
375.956,2.6738,31.6295,1.4184,33.4641,NA,NA,NA,NA,NA,NA,NA,NA,NA,NA,NA,NA
376.020,2.6731,31.5903,1.4152,33.1644,NA,NA,NA,NA,NA,NA,NA,NA,NA,NA,NA,NA
376.121,2.6721,31.5442,1.4140,33.0552,NA,NA,NA,NA,NA,NA,NA,NA,NA,NA,NA,NA
376.212,2.6741,31.6443,1.4140,33.0552,NA,NA,NA,NA,NA,NA,NA,NA,NA,NA,NA,NA
376.304,2.6741,31.6443,1.4139,33.0449,NA,NA,NA,NA,NA,NA,NA,NA,NA,NA,NA,NA
376.410,2.6741,31.6434,1.4139,33.0449,NA,NA,NA,NA,NA,NA,NA,NA,NA,NA,NA,NA
376.575,2.6741,31.6434,1.4135,33.0033,NA,NA,NA,NA,NA,NA,NA,NA,NA,NA,NA,NA
376.602,2.6479,30.3508,1.4111,32.7816,NA,NA,NA,NA,NA,NA,NA,NA,NA,NA,NA,NA
376.708,2.6542,30.6604,1.4097,32.6490,NA,NA,NA,NA,NA,NA,NA,NA,NA,NA,NA,NA
376.793,2.6542,30.6604,1.4087,32.5551,NA,NA,NA,NA,NA,NA,NA,NA,NA,NA,NA,NA
376.897,2.6485,30.3810,1.4087,32.5527,NA,NA,NA,NA,NA,NA,NA,NA,NA,NA,NA,NA
376.992,2.6485,30.3810,1.4067,32.3632,NA,NA,NA,NA,NA,NA,NA,NA,NA,NA,NA,NA
377.088,2.6521,30.5614,1.4064,32.3402,NA,NA,NA,NA,NA,NA,NA,NA,NA,NA,NA,NA
377.203,2.6521,30.5614,1.4060,32.3022,NA,NA,NA,NA,NA,NA,NA,NA,NA,NA,NA,NA
377.280,2.6515,30.5294,1.4055,32.2552,NA,NA,NA,NA,NA,NA,NA,NA,NA,NA,NA,NA
377.392,2.6455,30.2344,1.4055,32.2469,NA,NA,NA,NA,NA,NA,NA,NA,NA,NA,NA,NA
377.485,2.6455,30.2344,1.4054,32.2434,NA,NA,NA,NA,NA,NA,NA,NA,NA,NA,NA,NA
377.585,2.6481,30.3616,1.4044,32.1478,NA,NA,NA,NA,NA,NA,NA,NA,NA,NA,NA,NA
377.741,2.6481,30.3616,1.4017,31.8888,NA,NA,NA,NA,NA,NA,NA,NA,NA,NA,NA,NA
377.781,2.6471,30.3141,1.4009,31.8150,NA,NA,NA,NA,NA,NA,NA,NA,NA,NA,NA,NA
377.873,2.6471,30.3141,1.4009,31.8150,NA,NA,NA,NA,NA,NA,NA,NA,NA,NA,NA,NA
377.981,2.6453,30.2239,1.4016,31.8848,NA,NA,NA,NA,NA,NA,NA,NA,NA,NA,NA,NA
378.065,2.6453,30.2239,1.4016,31.8848,NA,NA,NA,NA,NA,NA,NA,NA,NA,NA,NA,NA
378.170,2.6363,29.7817,1.4004,31.7698,NA,NA,NA,NA,NA,NA,NA,NA,NA,NA,NA,NA
378.293,2.6469,30.3015,1.4015,31.8786,NA,NA,NA,NA,NA,NA,NA,NA,NA,NA,NA,NA
378.362,2.6469,30.3015,1.4015,31.8786,NA,NA,NA,NA,NA,NA,NA,NA,NA,NA,NA,NA
378.459,2.6395,29.9378,1.4010,31.8294,NA,NA,NA,NA,NA,NA,NA,NA,NA,NA,NA,NA
378.557,2.6375,29.8417,1.4000,31.7365,NA,NA,NA,NA,NA,NA,NA,NA,NA,NA,NA,NA
378.663,2.6287,29.4078,1.3986,31.6004,NA,NA,NA,NA,NA,NA,NA,NA,NA,NA,NA,NA
378.752,2.6287,29.4078,1.3980,31.5473,NA,NA,NA,NA,NA,NA,NA,NA,NA,NA,NA,NA
378.852,2.6290,29.4198,1.3982,31.5682,NA,NA,NA,NA,NA,NA,NA,NA,NA,NA,NA,NA
378.960,2.6290,29.4198,1.3982,31.5682,NA,NA,NA,NA,NA,NA,NA,NA,NA,NA,NA,NA
379.046,2.6279,29.3652,1.3964,31.3955,NA,NA,NA,NA,NA,NA,NA,NA,NA,NA,NA,NA
379.158,2.6239,29.1706,1.3943,31.2001,NA,NA,NA,NA,NA,NA,NA,NA,NA,NA,NA,NA
379.248,2.6226,29.1051,1.3932,31.0903,NA,NA,NA,NA,NA,NA,NA,NA,NA,NA,NA,NA
379.347,2.6252,29.2348,1.3932,31.0903,NA,NA,NA,NA,NA,NA,NA,NA,NA,NA,NA,NA
379.444,2.6252,29.2348,1.3925,31.0259,NA,NA,NA,NA,NA,NA,NA,NA,NA,NA,NA,NA
379.593,2.6117,28.5703,1.3924,31.0188,NA,NA,NA,NA,NA,NA,NA,NA,NA,NA,NA,NA
379.640,2.6117,28.5703,1.3913,30.9133,NA,NA,NA,NA,NA,NA,NA,NA,NA,NA,NA,NA
379.737,2.6092,28.4451,1.3911,30.8932,NA,NA,NA,NA,NA,NA,NA,NA,NA,NA,NA,NA
379.831,2.6040,28.1921,1.3900,30.7895,NA,NA,NA,NA,NA,NA,NA,NA,NA,NA,NA,NA
379.938,2.6084,28.4065,1.3888,30.6821,NA,NA,NA,NA,NA,NA,NA,NA,NA,NA,NA,NA
380.029,2.6084,28.4097,1.3868,30.4934,NA,NA,NA,NA,NA,NA,NA,NA,NA,NA,NA,NA
380.135,2.6084,28.4097,1.3860,30.4138,NA,NA,NA,NA,NA,NA,NA,NA,NA,NA,NA,NA
380.230,2.6094,28.4568,1.3830,30.1304,NA,NA,NA,NA,NA,NA,NA,NA,NA,NA,NA,NA
380.322,2.6094,28.4568,1.3830,30.1304,NA,NA,NA,NA,NA,NA,NA,NA,NA,NA,NA,NA
380.417,2.6045,28.2136,1.3825,30.0822,NA,NA,NA,NA,NA,NA,NA,NA,NA,NA,NA,NA
380.521,2.6042,28.2013,1.3826,30.0972,NA,NA,NA,NA,NA,NA,NA,NA,NA,NA,NA,NA
380.619,2.6042,28.2013,1.3826,30.0972,NA,NA,NA,NA,NA,NA,NA,NA,NA,NA,NA,NA
380.749,2.6001,28.0007,1.3824,30.0803,NA,NA,NA,NA,NA,NA,NA,NA,NA,NA,NA,NA
380.806,2.6001,28.0007,1.3824,30.0803,NA,NA,NA,NA,NA,NA,NA,NA,NA,NA,NA,NA
380.906,2.6002,28.0016,1.3824,30.0803,NA,NA,NA,NA,NA,NA,NA,NA,NA,NA,NA,NA
381.007,2.6002,28.0016,1.3803,29.8840,NA,NA,NA,NA,NA,NA,NA,NA,NA,NA,NA,NA
381.109,2.5948,27.7360,1.3798,29.8300,NA,NA,NA,NA,NA,NA,NA,NA,NA,NA,NA,NA
381.209,2.5945,27.7231,1.3798,29.8300,NA,NA,NA,NA,NA,NA,NA,NA,NA,NA,NA,NA
381.299,2.5890,27.4517,1.3777,29.6324,NA,NA,NA,NA,NA,NA,NA,NA,NA,NA,NA,NA
381.399,2.5893,27.4656,1.3777,29.6324,NA,NA,NA,NA,NA,NA,NA,NA,NA,NA,NA,NA
381.497,2.5893,27.4656,1.3771,29.5773,NA,NA,NA,NA,NA,NA,NA,NA,NA,NA,NA,NA
381.607,2.5791,26.9652,1.3758,29.4572,NA,NA,NA,NA,NA,NA,NA,NA,NA,NA,NA,NA
381.690,2.5774,26.8796,1.3748,29.3630,NA,NA,NA,NA,NA,NA,NA,NA,NA,NA,NA,NA
381.786,2.5698,26.5064,1.3743,29.3168,NA,NA,NA,NA,NA,NA,NA,NA,NA,NA,NA,NA
381.891,2.5685,26.4413,1.3741,29.2996,NA,NA,NA,NA,NA,NA,NA,NA,NA,NA,NA,NA
381.990,2.5650,26.2719,1.3728,29.1716,NA,NA,NA,NA,NA,NA,NA,NA,NA,NA,NA,NA
382.084,2.5741,26.7175,1.3719,29.0903,NA,NA,NA,NA,NA,NA,NA,NA,NA,NA,NA,NA
382.192,2.5741,26.7175,1.3715,29.0510,NA,NA,NA,NA,NA,NA,NA,NA,NA,NA,NA,NA
382.282,2.5735,26.6908,1.3712,29.0251,NA,NA,NA,NA,NA,NA,NA,NA,NA,NA,NA,NA
382.379,2.5705,26.5399,1.3708,28.9825,NA,NA,NA,NA,NA,NA,NA,NA,NA,NA,NA,NA
382.480,2.5653,26.2851,1.3708,28.9825,NA,NA,NA,NA,NA,NA,NA,NA,NA,NA,NA,NA
382.587,2.5653,26.2851,1.3666,28.5861,NA,NA,NA,NA,NA,NA,NA,NA,NA,NA,NA,NA
382.668,2.5652,26.2806,1.3666,28.5861,NA,NA,NA,NA,NA,NA,NA,NA,NA,NA,NA,NA
382.766,2.5652,26.2806,1.3667,28.5961,NA,NA,NA,NA,NA,NA,NA,NA,NA,NA,NA,NA
382.873,2.5634,26.1937,1.3667,28.5961,NA,NA,NA,NA,NA,NA,NA,NA,NA,NA,NA,NA
382.959,2.5634,26.1937,1.3648,28.4179,NA,NA,NA,NA,NA,NA,NA,NA,NA,NA,NA,NA
383.061,2.5517,25.6175,1.3645,28.3888,NA,NA,NA,NA,NA,NA,NA,NA,NA,NA,NA,NA
383.191,2.5517,25.6175,1.3645,28.3888,NA,NA,NA,NA,NA,NA,NA,NA,NA,NA,NA,NA
383.259,2.5476,25.4136,1.3640,28.3468,NA,NA,NA,NA,NA,NA,NA,NA,NA,NA,NA,NA
383.352,2.5505,25.5578,1.3637,28.3219,NA,NA,NA,NA,NA,NA,NA,NA,NA,NA,NA,NA
383.454,2.5505,25.5578,1.3634,28.2903,NA,NA,NA,NA,NA,NA,NA,NA,NA,NA,NA,NA
383.559,2.5550,25.7802,1.3634,28.2903,NA,NA,NA,NA,NA,NA,NA,NA,NA,NA,NA,NA
383.648,2.5550,25.7802,1.3625,28.2035,NA,NA,NA,NA,NA,NA,NA,NA,NA,NA,NA,NA
383.745,2.5527,25.6665,1.3619,28.1499,NA,NA,NA,NA,NA,NA,NA,NA,NA,NA,NA,NA
383.850,2.5527,25.6665,1.3616,28.1199,NA,NA,NA,NA,NA,NA,NA,NA,NA,NA,NA,NA
383.951,2.5506,25.5643,1.3613,28.0942,NA,NA,NA,NA,NA,NA,NA,NA,NA,NA,NA,NA
384.039,2.5438,25.2298,1.3613,28.0942,NA,NA,NA,NA,NA,NA,NA,NA,NA,NA,NA,NA
384.145,2.5428,25.1791,1.3607,28.0346,NA,NA,NA,NA,NA,NA,NA,NA,NA,NA,NA,NA
384.239,2.5453,25.3000,1.3587,27.8436,NA,NA,NA,NA,NA,NA,NA,NA,NA,NA,NA,NA
384.372,2.5453,25.3000,1.3597,27.9456,NA,NA,NA,NA,NA,NA,NA,NA,NA,NA,NA,NA
384.441,2.5366,24.8743,1.3597,27.9456,NA,NA,NA,NA,NA,NA,NA,NA,NA,NA,NA,NA
384.535,2.5360,24.8457,1.3562,27.6088,NA,NA,NA,NA,NA,NA,NA,NA,NA,NA,NA,NA
384.627,2.5308,24.5889,1.3551,27.5070,NA,NA,NA,NA,NA,NA,NA,NA,NA,NA,NA,NA
384.728,2.5282,24.4594,1.3551,27.5070,NA,NA,NA,NA,NA,NA,NA,NA,NA,NA,NA,NA
384.822,2.5210,24.1065,1.3534,27.3463,NA,NA,NA,NA,NA,NA,NA,NA,NA,NA,NA,NA
384.942,2.5209,24.1000,1.3516,27.1827,NA,NA,NA,NA,NA,NA,NA,NA,NA,NA,NA,NA
385.019,2.5209,24.1000,1.3520,27.2123,NA,NA,NA,NA,NA,NA,NA,NA,NA,NA,NA,NA
385.119,2.5228,24.1957,1.3520,27.2123,NA,NA,NA,NA,NA,NA,NA,NA,NA,NA,NA,NA
385.206,2.5228,24.1957,1.3504,27.0673,NA,NA,NA,NA,NA,NA,NA,NA,NA,NA,NA,NA
385.316,2.5200,24.0544,1.3501,27.0355,NA,NA,NA,NA,NA,NA,NA,NA,NA,NA,NA,NA
385.409,2.5180,23.9561,1.3488,26.9180,NA,NA,NA,NA,NA,NA,NA,NA,NA,NA,NA,NA
385.515,2.5155,23.8331,1.3471,26.7538,NA,NA,NA,NA,NA,NA,NA,NA,NA,NA,NA,NA
385.607,2.5161,23.8656,1.3483,26.8685,NA,NA,NA,NA,NA,NA,NA,NA,NA,NA,NA,NA
385.716,2.5161,23.8656,1.3483,26.8685,NA,NA,NA,NA,NA,NA,NA,NA,NA,NA,NA,NA
385.808,2.5144,23.7779,1.3479,26.8328,NA,NA,NA,NA,NA,NA,NA,NA,NA,NA,NA,NA
385.901,2.5144,23.7779,1.3466,26.7063,NA,NA,NA,NA,NA,NA,NA,NA,NA,NA,NA,NA
386.001,2.5097,23.5480,1.3455,26.6014,NA,NA,NA,NA,NA,NA,NA,NA,NA,NA,NA,NA
386.099,2.5096,23.5418,1.3455,26.6098,NA,NA,NA,NA,NA,NA,NA,NA,NA,NA,NA,NA
386.192,2.4998,23.0597,1.3455,26.6098,NA,NA,NA,NA,NA,NA,NA,NA,NA,NA,NA,NA
386.293,2.4991,23.0247,1.3448,26.5408,NA,NA,NA,NA,NA,NA,NA,NA,NA,NA,NA,NA
386.391,2.4965,22.8974,1.3440,26.4625,NA,NA,NA,NA,NA,NA,NA,NA,NA,NA,NA,NA
386.494,2.5061,23.3740,1.3436,26.4278,NA,NA,NA,NA,NA,NA,NA,NA,NA,NA,NA,NA
386.593,2.5061,23.3740,1.3433,26.4013,NA,NA,NA,NA,NA,NA,NA,NA,NA,NA,NA,NA
386.687,2.5041,23.2754,1.3418,26.2616,NA,NA,NA,NA,NA,NA,NA,NA,NA,NA,NA,NA
386.802,2.5041,23.2754,1.3417,26.2456,NA,NA,NA,NA,NA,NA,NA,NA,NA,NA,NA,NA
386.882,2.5010,23.1217,1.3417,26.2456,NA,NA,NA,NA,NA,NA,NA,NA,NA,NA,NA,NA
386.996,2.4986,23.0013,1.3404,26.1214,NA,NA,NA,NA,NA,NA,NA,NA,NA,NA,NA,NA
387.071,2.4994,23.0438,1.3399,26.0815,NA,NA,NA,NA,NA,NA,NA,NA,NA,NA,NA,NA
387.180,2.4994,23.0438,1.3396,26.0472,NA,NA,NA,NA,NA,NA,NA,NA,NA,NA,NA,NA
387.279,2.4944,22.7979,1.3389,25.9819,NA,NA,NA,NA,NA,NA,NA,NA,NA,NA,NA,NA
387.363,2.4944,22.7979,1.3389,25.9819,NA,NA,NA,NA,NA,NA,NA,NA,NA,NA,NA,NA
387.476,2.4853,22.3474,1.3374,25.8413,NA,NA,NA,NA,NA,NA,NA,NA,NA,NA,NA,NA
387.565,2.4837,22.2669,1.3360,25.7130,NA,NA,NA,NA,NA,NA,NA,NA,NA,NA,NA,NA
387.661,2.4782,21.9987,1.3352,25.6379,NA,NA,NA,NA,NA,NA,NA,NA,NA,NA,NA,NA
387.759,2.4808,22.1259,1.3336,25.4826,NA,NA,NA,NA,NA,NA,NA,NA,NA,NA,NA,NA
387.884,2.4808,22.1259,1.3336,25.4826,NA,NA,NA,NA,NA,NA,NA,NA,NA,NA,NA,NA
387.977,2.4792,22.0497,1.3328,25.4142,NA,NA,NA,NA,NA,NA,NA,NA,NA,NA,NA,NA
388.055,2.4792,22.0497,1.3328,25.4142,NA,NA,NA,NA,NA,NA,NA,NA,NA,NA,NA,NA
388.157,2.4770,21.9388,1.3328,25.4098,NA,NA,NA,NA,NA,NA,NA,NA,NA,NA,NA,NA
388.271,2.4770,21.9388,1.3328,25.4067,NA,NA,NA,NA,NA,NA,NA,NA,NA,NA,NA,NA
388.347,2.4683,21.5129,1.3322,25.3559,NA,NA,NA,NA,NA,NA,NA,NA,NA,NA,NA,NA
388.447,2.4690,21.5470,1.3315,25.2841,NA,NA,NA,NA,NA,NA,NA,NA,NA,NA,NA,NA
388.547,2.4690,21.5470,1.3310,25.2440,NA,NA,NA,NA,NA,NA,NA,NA,NA,NA,NA,NA
388.640,2.4700,21.5945,1.3310,25.2440,NA,NA,NA,NA,NA,NA,NA,NA,NA,NA,NA,NA
388.740,2.4700,21.5945,1.3310,25.2399,NA,NA,NA,NA,NA,NA,NA,NA,NA,NA,NA,NA
388.841,2.4722,21.7007,1.3289,25.0420,NA,NA,NA,NA,NA,NA,NA,NA,NA,NA,NA,NA
388.934,2.4722,21.7007,1.3299,25.1352,NA,NA,NA,NA,NA,NA,NA,NA,NA,NA,NA,NA
389.034,2.4616,21.1811,1.3301,25.1516,NA,NA,NA,NA,NA,NA,NA,NA,NA,NA,NA,NA
389.134,2.4556,20.8851,1.3301,25.1516,NA,NA,NA,NA,NA,NA,NA,NA,NA,NA,NA,NA
389.236,2.4465,20.4370,1.3275,24.9136,NA,NA,NA,NA,NA,NA,NA,NA,NA,NA,NA,NA
389.324,2.4541,20.8140,1.3270,24.8604,NA,NA,NA,NA,NA,NA,NA,NA,NA,NA,NA,NA
389.434,2.4541,20.8140,1.3266,24.8260,NA,NA,NA,NA,NA,NA,NA,NA,NA,NA,NA,NA
389.523,2.4460,20.4116,1.3256,24.7373,NA,NA,NA,NA,NA,NA,NA,NA,NA,NA,NA,NA
389.619,2.4460,20.4116,1.3262,24.7858,NA,NA,NA,NA,NA,NA,NA,NA,NA,NA,NA,NA
389.750,2.4441,20.3173,1.3262,24.7858,NA,NA,NA,NA,NA,NA,NA,NA,NA,NA,NA,NA
389.826,2.4373,19.9829,1.3256,24.7350,NA,NA,NA,NA,NA,NA,NA,NA,NA,NA,NA,NA
389.919,2.4373,19.9829,1.3232,24.5049,NA,NA,NA,NA,NA,NA,NA,NA,NA,NA,NA,NA
390.017,2.4379,20.0156,1.3222,24.4112,NA,NA,NA,NA,NA,NA,NA,NA,NA,NA,NA,NA
390.112,2.4379,20.0156,1.3215,24.3455,NA,NA,NA,NA,NA,NA,NA,NA,NA,NA,NA,NA
390.210,2.4434,20.2843,1.3211,24.3074,NA,NA,NA,NA,NA,NA,NA,NA,NA,NA,NA,NA
390.365,2.4434,20.2843,1.3198,24.1884,NA,NA,NA,NA,NA,NA,NA,NA,NA,NA,NA,NA
390.408,2.4268,19.4692,1.3195,24.1556,NA,NA,NA,NA,NA,NA,NA,NA,NA,NA,NA,NA
390.504,2.4268,19.4692,1.3193,24.1369,NA,NA,NA,NA,NA,NA,NA,NA,NA,NA,NA,NA
390.605,2.4213,19.1962,1.3179,24.0082,NA,NA,NA,NA,NA,NA,NA,NA,NA,NA,NA,NA
390.706,2.4262,19.4401,1.3176,23.9768,NA,NA,NA,NA,NA,NA,NA,NA,NA,NA,NA,NA
390.799,2.4262,19.4401,1.3176,23.9768,NA,NA,NA,NA,NA,NA,NA,NA,NA,NA,NA,NA
390.943,2.4306,19.6561,1.3175,23.9684,NA,NA,NA,NA,NA,NA,NA,NA,NA,NA,NA,NA
390.995,2.4306,19.6561,1.3171,23.9305,NA,NA,NA,NA,NA,NA,NA,NA,NA,NA,NA,NA
391.094,2.4319,19.7208,1.3154,23.7724,NA,NA,NA,NA,NA,NA,NA,NA,NA,NA,NA,NA
391.189,2.4330,19.7723,1.3151,23.7403,NA,NA,NA,NA,NA,NA,NA,NA,NA,NA,NA,NA
391.285,2.4330,19.7723,1.3123,23.4825,NA,NA,NA,NA,NA,NA,NA,NA,NA,NA,NA,NA
391.382,2.4302,19.6352,1.3117,23.4249,NA,NA,NA,NA,NA,NA,NA,NA,NA,NA,NA,NA
391.483,2.4191,19.0867,1.3118,23.4320,NA,NA,NA,NA,NA,NA,NA,NA,NA,NA,NA,NA
391.591,2.4221,19.2379,1.3118,23.4320,NA,NA,NA,NA,NA,NA,NA,NA,NA,NA,NA,NA
391.681,2.4221,19.2379,1.3098,23.2495,NA,NA,NA,NA,NA,NA,NA,NA,NA,NA,NA,NA
391.780,2.4231,19.2861,1.3098,23.2495,NA,NA,NA,NA,NA,NA,NA,NA,NA,NA,NA,NA
391.871,2.4231,19.2861,1.3085,23.1267,NA,NA,NA,NA,NA,NA,NA,NA,NA,NA,NA,NA
391.979,2.4136,18.8196,1.3079,23.0664,NA,NA,NA,NA,NA,NA,NA,NA,NA,NA,NA,NA
392.072,2.4121,18.7455,1.3067,22.9513,NA,NA,NA,NA,NA,NA,NA,NA,NA,NA,NA,NA
392.211,2.4076,18.5205,1.3056,22.8472,NA,NA,NA,NA,NA,NA,NA,NA,NA,NA,NA,NA
392.262,2.4051,18.4004,1.3056,22.8472,NA,NA,NA,NA,NA,NA,NA,NA,NA,NA,NA,NA
392.362,2.4037,18.3300,1.3027,22.5801,NA,NA,NA,NA,NA,NA,NA,NA,NA,NA,NA,NA
392.465,2.4052,18.4033,1.3013,22.4480,NA,NA,NA,NA,NA,NA,NA,NA,NA,NA,NA,NA
392.561,2.4052,18.4033,1.3013,22.4510,NA,NA,NA,NA,NA,NA,NA,NA,NA,NA,NA,NA
392.658,2.4074,18.5106,1.3025,22.5627,NA,NA,NA,NA,NA,NA,NA,NA,NA,NA,NA,NA
392.795,2.4223,19.2450,1.3128,23.5264,NA,NA,NA,NA,NA,NA,NA,NA,NA,NA,NA,NA
392.849,2.4570,20.9529,1.3229,24.4834,NA,NA,NA,NA,NA,NA,NA,NA,NA,NA,NA,NA
392.959,2.5202,24.0675,1.3404,26.1219,NA,NA,NA,NA,NA,NA,NA,NA,NA,NA,NA,NA
393.049,2.5507,25.5660,1.3563,27.6245,NA,NA,NA,NA,NA,NA,NA,NA,NA,NA,NA,NA
393.146,2.6007,28.0290,1.3648,28.4177,NA,NA,NA,NA,NA,NA,NA,NA,NA,NA,NA,NA
393.244,2.6170,28.8319,1.3750,29.3830,NA,NA,NA,NA,NA,NA,NA,NA,NA,NA,NA,NA
393.352,2.6497,30.4389,1.3813,29.9753,NA,NA,NA,NA,NA,NA,NA,NA,NA,NA,NA,NA
393.442,2.6538,30.6450,1.3829,30.1237,NA,NA,NA,NA,NA,NA,NA,NA,NA,NA,NA,NA
393.539,2.6561,30.7556,1.3842,30.2432,NA,NA,NA,NA,NA,NA,NA,NA,NA,NA,NA,NA
393.641,2.6561,30.7556,1.3846,30.2879,NA,NA,NA,NA,NA,NA,NA,NA,NA,NA,NA,NA
393.731,2.6503,30.4728,1.3857,30.3882,NA,NA,NA,NA,NA,NA,NA,NA,NA,NA,NA,NA
393.831,2.6502,30.4637,1.3857,30.3882,NA,NA,NA,NA,NA,NA,NA,NA,NA,NA,NA,NA
393.982,2.6395,29.9368,1.3839,30.2185,NA,NA,NA,NA,NA,NA,NA,NA,NA,NA,NA,NA
394.033,2.6341,29.6748,1.3839,30.2185,NA,NA,NA,NA,NA,NA,NA,NA,NA,NA,NA,NA
394.122,2.6225,29.1026,1.3829,30.1201,NA,NA,NA,NA,NA,NA,NA,NA,NA,NA,NA,NA
394.233,2.6167,28.8153,1.3804,29.8853,NA,NA,NA,NA,NA,NA,NA,NA,NA,NA,NA,NA
394.317,2.6008,28.0348,1.3777,29.6317,NA,NA,NA,NA,NA,NA,NA,NA,NA,NA,NA,NA
394.418,2.5950,27.7456,1.3747,29.3500,NA,NA,NA,NA,NA,NA,NA,NA,NA,NA,NA,NA
394.556,2.5868,27.3424,1.3724,29.1349,NA,NA,NA,NA,NA,NA,NA,NA,NA,NA,NA,NA
394.618,2.5821,27.1131,1.3701,28.9197,NA,NA,NA,NA,NA,NA,NA,NA,NA,NA,NA,NA
394.715,2.5821,27.1131,1.3688,28.8011,NA,NA,NA,NA,NA,NA,NA,NA,NA,NA,NA,NA
394.818,2.5652,26.2832,1.3680,28.7260,NA,NA,NA,NA,NA,NA,NA,NA,NA,NA,NA,NA
394.906,2.5652,26.2832,1.3672,28.6473,NA,NA,NA,NA,NA,NA,NA,NA,NA,NA,NA,NA
395.009,2.5582,25.9356,1.3657,28.5063,NA,NA,NA,NA,NA,NA,NA,NA,NA,NA,NA,NA
395.100,2.5512,25.5903,1.3649,28.4344,NA,NA,NA,NA,NA,NA,NA,NA,NA,NA,NA,NA
395.215,2.5502,25.5440,1.3644,28.3881,NA,NA,NA,NA,NA,NA,NA,NA,NA,NA,NA,NA
395.305,2.5492,25.4910,1.3642,28.3680,NA,NA,NA,NA,NA,NA,NA,NA,NA,NA,NA,NA
395.407,2.5492,25.4910,1.3623,28.1869,NA,NA,NA,NA,NA,NA,NA,NA,NA,NA,NA,NA
395.499,2.5481,25.4411,1.3615,28.1108,NA,NA,NA,NA,NA,NA,NA,NA,NA,NA,NA,NA
395.593,2.5481,25.4411,1.3602,27.9872,NA,NA,NA,NA,NA,NA,NA,NA,NA,NA,NA,NA
395.690,2.5377,24.9281,1.3541,27.4135,NA,NA,NA,NA,NA,NA,NA,NA,NA,NA,NA,NA
395.801,2.5245,24.2759,1.3530,27.3084,NA,NA,NA,NA,NA,NA,NA,NA,NA,NA,NA,NA
395.896,2.5222,24.1656,1.3511,27.1278,NA,NA,NA,NA,NA,NA,NA,NA,NA,NA,NA,NA
395.999,2.5187,23.9937,1.3502,27.0461,NA,NA,NA,NA,NA,NA,NA,NA,NA,NA,NA,NA
396.099,2.5189,23.9999,1.3497,26.9985,NA,NA,NA,NA,NA,NA,NA,NA,NA,NA,NA,NA
396.190,2.5189,23.9999,1.3487,26.9088,NA,NA,NA,NA,NA,NA,NA,NA,NA,NA,NA,NA
396.292,2.5153,23.8264,1.3482,26.8567,NA,NA,NA,NA,NA,NA,NA,NA,NA,NA,NA,NA
396.389,2.5153,23.8264,1.3473,26.7727,NA,NA,NA,NA,NA,NA,NA,NA,NA,NA,NA,NA
396.487,2.5226,24.1824,1.3488,26.9174,NA,NA,NA,NA,NA,NA,NA,NA,NA,NA,NA,NA
396.592,2.5337,24.7318,1.3520,27.2175,NA,NA,NA,NA,NA,NA,NA,NA,NA,NA,NA,NA
396.678,2.5483,25.4513,1.3622,28.1731,NA,NA,NA,NA,NA,NA,NA,NA,NA,NA,NA,NA
396.775,2.5821,27.1142,1.3729,29.1858,NA,NA,NA,NA,NA,NA,NA,NA,NA,NA,NA,NA
396.929,2.6025,28.1159,1.3828,30.1125,NA,NA,NA,NA,NA,NA,NA,NA,NA,NA,NA,NA
396.978,2.6589,30.8939,1.3955,31.3132,NA,NA,NA,NA,NA,NA,NA,NA,NA,NA,NA,NA
397.080,2.6919,32.5177,1.4012,31.8453,NA,NA,NA,NA,NA,NA,NA,NA,NA,NA,NA,NA
397.179,2.7434,35.0537,1.4103,32.7052,NA,NA,NA,NA,NA,NA,NA,NA,NA,NA,NA,NA
397.274,2.7599,35.8681,1.4207,33.6827,NA,NA,NA,NA,NA,NA,NA,NA,NA,NA,NA,NA
397.364,2.7787,36.7898,1.4338,34.9138,NA,NA,NA,NA,NA,NA,NA,NA,NA,NA,NA,NA
397.464,2.7971,37.6965,1.4395,35.4525,NA,NA,NA,NA,NA,NA,NA,NA,NA,NA,NA,NA
397.568,2.8243,39.0368,1.4465,36.1089,NA,NA,NA,NA,NA,NA,NA,NA,NA,NA,NA,NA
397.663,2.8638,40.9809,1.4571,37.1026,NA,NA,NA,NA,NA,NA,NA,NA,NA,NA,NA,NA
397.757,2.8746,41.5114,1.4623,37.5912,NA,NA,NA,NA,NA,NA,NA,NA,NA,NA,NA,NA
397.856,2.8872,42.1327,1.4654,37.8874,NA,NA,NA,NA,NA,NA,NA,NA,NA,NA,NA,NA
397.954,2.8967,42.6021,1.4725,38.5528,NA,NA,NA,NA,NA,NA,NA,NA,NA,NA,NA,NA
398.051,2.9040,42.9617,1.4845,39.6853,NA,NA,NA,NA,NA,NA,NA,NA,NA,NA,NA,NA
398.152,2.9075,43.1316,1.4891,40.1176,NA,NA,NA,NA,NA,NA,NA,NA,NA,NA,NA,NA
398.257,2.9216,43.8252,1.4933,40.5087,NA,NA,NA,NA,NA,NA,NA,NA,NA,NA,NA,NA
398.339,2.9283,44.1544,1.5030,41.4291,NA,NA,NA,NA,NA,NA,NA,NA,NA,NA,NA,NA
398.444,2.9309,44.2845,1.5104,42.1231,NA,NA,NA,NA,NA,NA,NA,NA,NA,NA,NA,NA
398.542,2.9349,44.4827,1.5137,42.4318,NA,NA,NA,NA,NA,NA,NA,NA,NA,NA,NA,NA
398.647,2.9349,44.4827,1.5196,42.9842,NA,NA,NA,NA,NA,NA,NA,NA,NA,NA,NA,NA
398.795,2.9296,44.2221,1.5208,43.0971,NA,NA,NA,NA,NA,NA,NA,NA,NA,NA,NA,NA
398.841,2.9283,44.1552,1.5227,43.2804,NA,NA,NA,NA,NA,NA,NA,NA,NA,NA,NA,NA
398.930,2.9225,43.8699,1.5227,43.2804,NA,NA,NA,NA,NA,NA,NA,NA,NA,NA,NA,NA
399.029,2.8942,42.4785,1.5226,43.2716,NA,NA,NA,NA,NA,NA,NA,NA,NA,NA,NA,NA
399.140,2.8886,42.2022,1.5214,43.1568,NA,NA,NA,NA,NA,NA,NA,NA,NA,NA,NA,NA
399.222,2.8828,41.9140,1.5214,43.1568,NA,NA,NA,NA,NA,NA,NA,NA,NA,NA,NA,NA
399.375,2.8828,41.9140,1.5197,42.9935,NA,NA,NA,NA,NA,NA,NA,NA,NA,NA,NA,NA
399.432,2.8729,41.4270,1.5184,42.8726,NA,NA,NA,NA,NA,NA,NA,NA,NA,NA,NA,NA
399.521,2.8729,41.4270,1.5163,42.6804,NA,NA,NA,NA,NA,NA,NA,NA,NA,NA,NA,NA
399.622,2.8701,41.2915,1.5118,42.2515,NA,NA,NA,NA,NA,NA,NA,NA,NA,NA,NA,NA
399.720,2.8687,41.2201,1.5070,41.8023,NA,NA,NA,NA,NA,NA,NA,NA,NA,NA,NA,NA
399.826,2.8585,40.7206,1.5034,41.4615,NA,NA,NA,NA,NA,NA,NA,NA,NA,NA,NA,NA
399.918,2.8420,39.9098,1.5012,41.2548,NA,NA,NA,NA,NA,NA,NA,NA,NA,NA,NA,NA
400.007,2.8412,39.8673,1.4954,40.7079,NA,NA,NA,NA,NA,NA,NA,NA,NA,NA,NA,NA
400.120,2.8284,39.2379,1.4922,40.4086,NA,NA,NA,NA,NA,NA,NA,NA,NA,NA,NA,NA
400.214,2.8284,39.2379,1.4898,40.1833,NA,NA,NA,NA,NA,NA,NA,NA,NA,NA,NA,NA
400.308,2.8256,39.1026,1.4880,40.0184,NA,NA,NA,NA,NA,NA,NA,NA,NA,NA,NA,NA
400.400,2.8243,39.0352,1.4859,39.8126,NA,NA,NA,NA,NA,NA,NA,NA,NA,NA,NA,NA
400.538,2.8047,38.0733,1.4831,39.5561,NA,NA,NA,NA,NA,NA,NA,NA,NA,NA,NA,NA
400.599,2.7991,37.7969,1.4817,39.4246,NA,NA,NA,NA,NA,NA,NA,NA,NA,NA,NA,NA
400.703,2.7942,37.5557,1.4798,39.2395,NA,NA,NA,NA,NA,NA,NA,NA,NA,NA,NA,NA
400.795,2.8036,38.0175,1.4776,39.0341,NA,NA,NA,NA,NA,NA,NA,NA,NA,NA,NA,NA
400.887,2.8036,38.0175,1.4764,38.9240,NA,NA,NA,NA,NA,NA,NA,NA,NA,NA,NA,NA
400.994,2.7986,37.7729,1.4753,38.8227,NA,NA,NA,NA,NA,NA,NA,NA,NA,NA,NA,NA
401.140,2.7986,37.7729,1.4741,38.7073,NA,NA,NA,NA,NA,NA,NA,NA,NA,NA,NA,NA
401.188,2.7843,37.0656,1.4724,38.5457,NA,NA,NA,NA,NA,NA,NA,NA,NA,NA,NA,NA
401.292,2.7808,36.8953,1.4717,38.4786,NA,NA,NA,NA,NA,NA,NA,NA,NA,NA,NA,NA
401.389,2.7760,36.6588,1.4717,38.4789,NA,NA,NA,NA,NA,NA,NA,NA,NA,NA,NA,NA
401.480,2.7750,36.6116,1.4717,38.4789,NA,NA,NA,NA,NA,NA,NA,NA,NA,NA,NA,NA
401.577,2.7750,36.6116,1.4693,38.2549,NA,NA,NA,NA,NA,NA,NA,NA,NA,NA,NA,NA
401.718,2.7644,36.0860,1.4661,37.9560,NA,NA,NA,NA,NA,NA,NA,NA,NA,NA,NA,NA
401.779,2.7641,36.0742,1.4654,37.8869,NA,NA,NA,NA,NA,NA,NA,NA,NA,NA,NA,NA
401.875,2.7572,35.7345,1.4650,37.8509,NA,NA,NA,NA,NA,NA,NA,NA,NA,NA,NA,NA
401.978,2.7544,35.5933,1.4622,37.5892,NA,NA,NA,NA,NA,NA,NA,NA,NA,NA,NA,NA
402.064,2.7522,35.4863,1.4620,37.5686,NA,NA,NA,NA,NA,NA,NA,NA,NA,NA,NA,NA
402.158,2.7498,35.3705,1.4620,37.5686,NA,NA,NA,NA,NA,NA,NA,NA,NA,NA,NA,NA
402.269,2.7471,35.2358,1.4620,37.5677,NA,NA,NA,NA,NA,NA,NA,NA,NA,NA,NA,NA
402.358,2.7469,35.2278,1.4620,37.5677,NA,NA,NA,NA,NA,NA,NA,NA,NA,NA,NA,NA
402.459,2.7469,35.2278,1.4611,37.4806,NA,NA,NA,NA,NA,NA,NA,NA,NA,NA,NA,NA
402.558,2.7401,34.8893,1.4596,37.3386,NA,NA,NA,NA,NA,NA,NA,NA,NA,NA,NA,NA
402.652,2.7400,34.8863,1.4588,37.2664,NA,NA,NA,NA,NA,NA,NA,NA,NA,NA,NA,NA
402.754,2.7319,34.4886,1.4593,37.3145,NA,NA,NA,NA,NA,NA,NA,NA,NA,NA,NA,NA
402.919,2.7275,34.2703,1.4593,37.3145,NA,NA,NA,NA,NA,NA,NA,NA,NA,NA,NA,NA
402.951,2.7227,34.0359,1.4568,37.0796,NA,NA,NA,NA,NA,NA,NA,NA,NA,NA,NA,NA
403.045,2.7206,33.9309,1.4568,37.0770,NA,NA,NA,NA,NA,NA,NA,NA,NA,NA,NA,NA
403.142,2.7206,33.9309,1.4565,37.0486,NA,NA,NA,NA,NA,NA,NA,NA,NA,NA,NA,NA
403.266,2.7163,33.7205,1.4551,36.9195,NA,NA,NA,NA,NA,NA,NA,NA,NA,NA,NA,NA
403.337,2.7166,33.7324,1.4543,36.8403,NA,NA,NA,NA,NA,NA,NA,NA,NA,NA,NA,NA
403.434,2.7166,33.7324,1.4539,36.8040,NA,NA,NA,NA,NA,NA,NA,NA,NA,NA,NA,NA
403.531,2.7052,33.1724,1.4538,36.7971,NA,NA,NA,NA,NA,NA,NA,NA,NA,NA,NA,NA
403.636,2.7048,33.1534,1.4524,36.6647,NA,NA,NA,NA,NA,NA,NA,NA,NA,NA,NA,NA
403.731,2.7022,33.0272,1.4517,36.6009,NA,NA,NA,NA,NA,NA,NA,NA,NA,NA,NA,NA
403.841,2.7022,33.0272,1.4523,36.6547,NA,NA,NA,NA,NA,NA,NA,NA,NA,NA,NA,NA
403.927,2.7005,32.9404,1.4523,36.6547,NA,NA,NA,NA,NA,NA,NA,NA,NA,NA,NA,NA
404.020,2.7005,32.9404,1.4502,36.4616,NA,NA,NA,NA,NA,NA,NA,NA,NA,NA,NA,NA
404.133,2.6899,32.4204,1.4502,36.4616,NA,NA,NA,NA,NA,NA,NA,NA,NA,NA,NA,NA
404.220,2.6876,32.3060,1.4480,36.2531,NA,NA,NA,NA,NA,NA,NA,NA,NA,NA,NA,NA
404.320,2.6784,31.8541,1.4466,36.1155,NA,NA,NA,NA,NA,NA,NA,NA,NA,NA,NA,NA
404.418,2.6768,31.7755,1.4460,36.0588,NA,NA,NA,NA,NA,NA,NA,NA,NA,NA,NA,NA
404.510,2.6774,31.8020,1.4444,35.9160,NA,NA,NA,NA,NA,NA,NA,NA,NA,NA,NA,NA
404.608,2.6778,31.8243,1.4432,35.7945,NA,NA,NA,NA,NA,NA,NA,NA,NA,NA,NA,NA
404.711,2.6778,31.8243,1.4432,35.7945,NA,NA,NA,NA,NA,NA,NA,NA,NA,NA,NA,NA
404.808,2.6797,31.9198,1.4422,35.7074,NA,NA,NA,NA,NA,NA,NA,NA,NA,NA,NA,NA
404.914,2.6797,31.9198,1.4414,35.6336,NA,NA,NA,NA,NA,NA,NA,NA,NA,NA,NA,NA
404.998,2.6710,31.4897,1.4411,35.5996,NA,NA,NA,NA,NA,NA,NA,NA,NA,NA,NA,NA
405.107,2.6661,31.2473,1.4408,35.5717,NA,NA,NA,NA,NA,NA,NA,NA,NA,NA,NA,NA
405.197,2.6548,30.6909,1.4396,35.4585,NA,NA,NA,NA,NA,NA,NA,NA,NA,NA,NA,NA
405.304,2.6547,30.6878,1.4389,35.3932,NA,NA,NA,NA,NA,NA,NA,NA,NA,NA,NA,NA
405.407,2.6492,30.4177,1.4387,35.3733,NA,NA,NA,NA,NA,NA,NA,NA,NA,NA,NA,NA
405.496,2.6516,30.5330,1.4387,35.3733,NA,NA,NA,NA,NA,NA,NA,NA,NA,NA,NA,NA
405.593,2.6516,30.5330,1.4374,35.2494,NA,NA,NA,NA,NA,NA,NA,NA,NA,NA,NA,NA
405.690,2.6474,30.3286,1.4374,35.2548,NA,NA,NA,NA,NA,NA,NA,NA,NA,NA,NA,NA
405.797,2.6474,30.3286,1.4374,35.2548,NA,NA,NA,NA,NA,NA,NA,NA,NA,NA,NA,NA
405.888,2.6438,30.1483,1.4361,35.1297,NA,NA,NA,NA,NA,NA,NA,NA,NA,NA,NA,NA
405.982,2.6438,30.1483,1.4355,35.0784,NA,NA,NA,NA,NA,NA,NA,NA,NA,NA,NA,NA
406.081,2.6389,29.9104,1.4355,35.0784,NA,NA,NA,NA,NA,NA,NA,NA,NA,NA,NA,NA
406.192,2.6372,29.8263,1.4351,35.0315,NA,NA,NA,NA,NA,NA,NA,NA,NA,NA,NA,NA
406.277,2.6371,29.8216,1.4339,34.9279,NA,NA,NA,NA,NA,NA,NA,NA,NA,NA,NA,NA
406.371,2.6357,29.7541,1.4339,34.9279,NA,NA,NA,NA,NA,NA,NA,NA,NA,NA,NA,NA
406.473,2.6357,29.7541,1.4334,34.8810,NA,NA,NA,NA,NA,NA,NA,NA,NA,NA,NA,NA
406.574,2.6303,29.4858,1.4326,34.8023,NA,NA,NA,NA,NA,NA,NA,NA,NA,NA,NA,NA
406.665,2.6303,29.4858,1.4319,34.7374,NA,NA,NA,NA,NA,NA,NA,NA,NA,NA,NA,NA
406.761,2.6277,29.3561,1.4303,34.5850,NA,NA,NA,NA,NA,NA,NA,NA,NA,NA,NA,NA
406.861,2.6277,29.3561,1.4294,34.5037,NA,NA,NA,NA,NA,NA,NA,NA,NA,NA,NA,NA
406.971,2.6271,29.3269,1.4285,34.4123,NA,NA,NA,NA,NA,NA,NA,NA,NA,NA,NA,NA
407.108,2.6163,28.7946,1.4278,34.3511,NA,NA,NA,NA,NA,NA,NA,NA,NA,NA,NA,NA
407.162,2.6118,28.5737,1.4268,34.2564,NA,NA,NA,NA,NA,NA,NA,NA,NA,NA,NA,NA
407.258,2.6111,28.5398,1.4268,34.2541,NA,NA,NA,NA,NA,NA,NA,NA,NA,NA,NA,NA
407.350,2.6104,28.5055,1.4268,34.2541,NA,NA,NA,NA,NA,NA,NA,NA,NA,NA,NA,NA
407.474,2.6091,28.4424,1.4267,34.2440,NA,NA,NA,NA,NA,NA,NA,NA,NA,NA,NA,NA
407.554,2.6091,28.4424,1.4259,34.1690,NA,NA,NA,NA,NA,NA,NA,NA,NA,NA,NA,NA
407.646,2.6150,28.7303,1.4235,33.9439,NA,NA,NA,NA,NA,NA,NA,NA,NA,NA,NA,NA
407.778,2.6150,28.7303,1.4225,33.8516,NA,NA,NA,NA,NA,NA,NA,NA,NA,NA,NA,NA
407.849,2.6062,28.2986,1.4219,33.7916,NA,NA,NA,NA,NA,NA,NA,NA,NA,NA,NA,NA
407.938,2.6056,28.2709,1.4218,33.7877,NA,NA,NA,NA,NA,NA,NA,NA,NA,NA,NA,NA
408.037,2.6030,28.1425,1.4199,33.6033,NA,NA,NA,NA,NA,NA,NA,NA,NA,NA,NA,NA
408.136,2.6006,28.0261,1.4185,33.4749,NA,NA,NA,NA,NA,NA,NA,NA,NA,NA,NA,NA
408.233,2.5982,27.9038,1.4179,33.4170,NA,NA,NA,NA,NA,NA,NA,NA,NA,NA,NA,NA
408.342,2.5963,27.8112,1.4173,33.3576,NA,NA,NA,NA,NA,NA,NA,NA,NA,NA,NA,NA
408.424,2.5963,27.8112,1.4170,33.3301,NA,NA,NA,NA,NA,NA,NA,NA,NA,NA,NA,NA
408.522,2.5930,27.6475,1.4168,33.3161,NA,NA,NA,NA,NA,NA,NA,NA,NA,NA,NA,NA
408.624,2.5930,27.6475,1.4163,33.2637,NA,NA,NA,NA,NA,NA,NA,NA,NA,NA,NA,NA
408.752,2.5901,27.5081,1.4148,33.1233,NA,NA,NA,NA,NA,NA,NA,NA,NA,NA,NA,NA
408.830,2.5901,27.5081,1.4142,33.0727,NA,NA,NA,NA,NA,NA,NA,NA,NA,NA,NA,NA
408.938,2.5877,27.3887,1.4126,32.9227,NA,NA,NA,NA,NA,NA,NA,NA,NA,NA,NA,NA
409.022,2.5866,27.3350,1.4121,32.8698,NA,NA,NA,NA,NA,NA,NA,NA,NA,NA,NA,NA
409.119,2.5866,27.3350,1.4115,32.8116,NA,NA,NA,NA,NA,NA,NA,NA,NA,NA,NA,NA
409.210,2.5868,27.3441,1.4115,32.8116,NA,NA,NA,NA,NA,NA,NA,NA,NA,NA,NA,NA
409.307,2.5868,27.3441,1.4108,32.7480,NA,NA,NA,NA,NA,NA,NA,NA,NA,NA,NA,NA
409.405,2.5800,27.0118,1.4096,32.6373,NA,NA,NA,NA,NA,NA,NA,NA,NA,NA,NA,NA
409.503,2.5718,26.6049,1.4090,32.5783,NA,NA,NA,NA,NA,NA,NA,NA,NA,NA,NA,NA
409.603,2.5718,26.6049,1.4075,32.4396,NA,NA,NA,NA,NA,NA,NA,NA,NA,NA,NA,NA
409.709,2.5730,26.6653,1.4068,32.3766,NA,NA,NA,NA,NA,NA,NA,NA,NA,NA,NA,NA
409.801,2.5730,26.6653,1.4032,32.0303,NA,NA,NA,NA,NA,NA,NA,NA,NA,NA,NA,NA
409.901,2.5629,26.1659,1.4023,31.9462,NA,NA,NA,NA,NA,NA,NA,NA,NA,NA,NA,NA
409.995,2.5640,26.2212,1.4008,31.8079,NA,NA,NA,NA,NA,NA,NA,NA,NA,NA,NA,NA
410.095,2.5640,26.2212,1.4000,31.7306,NA,NA,NA,NA,NA,NA,NA,NA,NA,NA,NA,NA
410.192,2.5639,26.2190,1.3995,31.6896,NA,NA,NA,NA,NA,NA,NA,NA,NA,NA,NA,NA
410.292,2.5619,26.1178,1.3994,31.6751,NA,NA,NA,NA,NA,NA,NA,NA,NA,NA,NA,NA
410.383,2.5613,26.0890,1.3992,31.6604,NA,NA,NA,NA,NA,NA,NA,NA,NA,NA,NA,NA
410.496,2.5613,26.0890,1.3972,31.4674,NA,NA,NA,NA,NA,NA,NA,NA,NA,NA,NA,NA
410.589,2.5623,26.1374,1.3963,31.3856,NA,NA,NA,NA,NA,NA,NA,NA,NA,NA,NA,NA
410.686,2.5623,26.1374,1.3950,31.2589,NA,NA,NA,NA,NA,NA,NA,NA,NA,NA,NA,NA
410.800,2.5520,25.6298,1.3948,31.2474,NA,NA,NA,NA,NA,NA,NA,NA,NA,NA,NA,NA
410.882,2.5520,25.6298,1.3948,31.2474,NA,NA,NA,NA,NA,NA,NA,NA,NA,NA,NA,NA
410.973,2.5456,25.3139,1.3941,31.1808,NA,NA,NA,NA,NA,NA,NA,NA,NA,NA,NA,NA
411.074,2.5492,25.4944,1.3936,31.1289,NA,NA,NA,NA,NA,NA,NA,NA,NA,NA,NA,NA
411.173,2.5492,25.4944,1.3927,31.0447,NA,NA,NA,NA,NA,NA,NA,NA,NA,NA,NA,NA
411.266,2.5450,25.2850,1.3918,30.9577,NA,NA,NA,NA,NA,NA,NA,NA,NA,NA,NA,NA
411.406,2.5419,25.1337,1.3914,30.9212,NA,NA,NA,NA,NA,NA,NA,NA,NA,NA,NA,NA
411.464,2.5417,25.1253,1.3902,30.8071,NA,NA,NA,NA,NA,NA,NA,NA,NA,NA,NA,NA
411.563,2.5417,25.1253,1.3891,30.7058,NA,NA,NA,NA,NA,NA,NA,NA,NA,NA,NA,NA
411.657,2.5393,25.0052,1.3881,30.6160,NA,NA,NA,NA,NA,NA,NA,NA,NA,NA,NA,NA
411.759,2.5235,24.2304,1.3878,30.5821,NA,NA,NA,NA,NA,NA,NA,NA,NA,NA,NA,NA
411.855,2.5225,24.1781,1.3875,30.5606,NA,NA,NA,NA,NA,NA,NA,NA,NA,NA,NA,NA
411.955,2.5225,24.1781,1.3849,30.3152,NA,NA,NA,NA,NA,NA,NA,NA,NA,NA,NA,NA
412.057,2.5211,24.1081,1.3827,30.1021,NA,NA,NA,NA,NA,NA,NA,NA,NA,NA,NA,NA
412.147,2.5216,24.1352,1.3827,30.1021,NA,NA,NA,NA,NA,NA,NA,NA,NA,NA,NA,NA
412.247,2.5216,24.1352,1.3821,30.0465,NA,NA,NA,NA,NA,NA,NA,NA,NA,NA,NA,NA
412.351,2.5217,24.1396,1.3829,30.1234,NA,NA,NA,NA,NA,NA,NA,NA,NA,NA,NA,NA
412.448,2.5217,24.1396,1.3829,30.1234,NA,NA,NA,NA,NA,NA,NA,NA,NA,NA,NA,NA
412.592,2.5209,24.0995,1.3825,30.0832,NA,NA,NA,NA,NA,NA,NA,NA,NA,NA,NA,NA
412.646,2.5211,24.1103,1.3805,29.8963,NA,NA,NA,NA,NA,NA,NA,NA,NA,NA,NA,NA
412.734,2.5219,24.1506,1.3802,29.8747,NA,NA,NA,NA,NA,NA,NA,NA,NA,NA,NA,NA
412.844,2.5219,24.1506,1.3785,29.7111,NA,NA,NA,NA,NA,NA,NA,NA,NA,NA,NA,NA
412.937,2.5132,23.7234,1.3773,29.5943,NA,NA,NA,NA,NA,NA,NA,NA,NA,NA,NA,NA
413.028,2.5114,23.6333,1.3777,29.6322,NA,NA,NA,NA,NA,NA,NA,NA,NA,NA,NA,NA
413.126,2.5114,23.6333,1.3777,29.6322,NA,NA,NA,NA,NA,NA,NA,NA,NA,NA,NA,NA
413.236,2.5161,23.8661,1.3764,29.5148,NA,NA,NA,NA,NA,NA,NA,NA,NA,NA,NA,NA
413.324,2.5161,23.8661,1.3751,29.3903,NA,NA,NA,NA,NA,NA,NA,NA,NA,NA,NA,NA
413.421,2.5126,23.6912,1.3747,29.3565,NA,NA,NA,NA,NA,NA,NA,NA,NA,NA,NA,NA
413.519,2.5126,23.6912,1.3741,29.2947,NA,NA,NA,NA,NA,NA,NA,NA,NA,NA,NA,NA
413.624,2.5021,23.1749,1.3733,29.2185,NA,NA,NA,NA,NA,NA,NA,NA,NA,NA,NA,NA
413.757,2.4995,23.0477,1.3731,29.1991,NA,NA,NA,NA,NA,NA,NA,NA,NA,NA,NA,NA
413.810,2.4952,22.8348,1.3722,29.1159,NA,NA,NA,NA,NA,NA,NA,NA,NA,NA,NA,NA
413.911,2.5037,23.2518,1.3722,29.1159,NA,NA,NA,NA,NA,NA,NA,NA,NA,NA,NA,NA
414.007,2.5037,23.2518,1.3715,29.0559,NA,NA,NA,NA,NA,NA,NA,NA,NA,NA,NA,NA
414.113,2.4991,23.0287,1.3709,28.9913,NA,NA,NA,NA,NA,NA,NA,NA,NA,NA,NA,NA
414.203,2.4956,22.8565,1.3696,28.8752,NA,NA,NA,NA,NA,NA,NA,NA,NA,NA,NA,NA
414.320,2.4941,22.7792,1.3694,28.8588,NA,NA,NA,NA,NA,NA,NA,NA,NA,NA,NA,NA
414.407,2.4941,22.7792,1.3689,28.8062,NA,NA,NA,NA,NA,NA,NA,NA,NA,NA,NA,NA
414.496,2.4912,22.6386,1.3689,28.8112,NA,NA,NA,NA,NA,NA,NA,NA,NA,NA,NA,NA
414.608,2.4926,22.7095,1.3689,28.8112,NA,NA,NA,NA,NA,NA,NA,NA,NA,NA,NA,NA
414.701,2.4926,22.7095,1.3679,28.7086,NA,NA,NA,NA,NA,NA,NA,NA,NA,NA,NA,NA
414.792,2.4901,22.5845,1.3665,28.5767,NA,NA,NA,NA,NA,NA,NA,NA,NA,NA,NA,NA
414.892,2.4901,22.5845,1.3651,28.4538,NA,NA,NA,NA,NA,NA,NA,NA,NA,NA,NA,NA
414.991,2.4865,22.4077,1.3644,28.3853,NA,NA,NA,NA,NA,NA,NA,NA,NA,NA,NA,NA
415.082,2.4851,22.3399,1.3622,28.1779,NA,NA,NA,NA,NA,NA,NA,NA,NA,NA,NA,NA
415.189,2.4830,22.2331,1.3616,28.1213,NA,NA,NA,NA,NA,NA,NA,NA,NA,NA,NA,NA
415.280,2.4826,22.2144,1.3616,28.1230,NA,NA,NA,NA,NA,NA,NA,NA,NA,NA,NA,NA
415.377,2.4766,21.9195,1.3616,28.1230,NA,NA,NA,NA,NA,NA,NA,NA,NA,NA,NA,NA
415.481,2.4776,21.9697,1.3614,28.1006,NA,NA,NA,NA,NA,NA,NA,NA,NA,NA,NA,NA
415.609,2.4776,21.9697,1.3607,28.0393,NA,NA,NA,NA,NA,NA,NA,NA,NA,NA,NA,NA
415.672,2.4793,22.0537,1.3607,28.0393,NA,NA,NA,NA,NA,NA,NA,NA,NA,NA,NA,NA
415.777,2.4793,22.0537,1.3599,27.9608,NA,NA,NA,NA,NA,NA,NA,NA,NA,NA,NA,NA
415.868,2.4795,22.0645,1.3587,27.8466,NA,NA,NA,NA,NA,NA,NA,NA,NA,NA,NA,NA
415.974,2.4795,22.0645,1.3584,27.8206,NA,NA,NA,NA,NA,NA,NA,NA,NA,NA,NA,NA
416.061,2.4595,21.0798,1.3576,27.7406,NA,NA,NA,NA,NA,NA,NA,NA,NA,NA,NA,NA
416.172,2.4637,21.2827,1.3576,27.7406,NA,NA,NA,NA,NA,NA,NA,NA,NA,NA,NA,NA
416.263,2.4637,21.2827,1.3562,27.6093,NA,NA,NA,NA,NA,NA,NA,NA,NA,NA,NA,NA
416.356,2.4652,21.3592,1.3551,27.5049,NA,NA,NA,NA,NA,NA,NA,NA,NA,NA,NA,NA
416.456,2.4652,21.3592,1.3545,27.4487,NA,NA,NA,NA,NA,NA,NA,NA,NA,NA,NA,NA
416.553,2.4660,21.3961,1.3541,27.4172,NA,NA,NA,NA,NA,NA,NA,NA,NA,NA,NA,NA
416.705,2.4660,21.3961,1.3537,27.3774,NA,NA,NA,NA,NA,NA,NA,NA,NA,NA,NA,NA
416.750,2.4568,20.9453,1.3522,27.2395,NA,NA,NA,NA,NA,NA,NA,NA,NA,NA,NA,NA
416.858,2.4528,20.7491,1.3517,27.1920,NA,NA,NA,NA,NA,NA,NA,NA,NA,NA,NA,NA
416.949,2.4468,20.4523,1.3516,27.1816,NA,NA,NA,NA,NA,NA,NA,NA,NA,NA,NA,NA
417.042,2.4540,20.8061,1.3512,27.1454,NA,NA,NA,NA,NA,NA,NA,NA,NA,NA,NA,NA
417.144,2.4540,20.8061,1.3468,26.7258,NA,NA,NA,NA,NA,NA,NA,NA,NA,NA,NA,NA
417.238,2.4513,20.6719,1.3468,26.7266,NA,NA,NA,NA,NA,NA,NA,NA,NA,NA,NA,NA
417.380,2.4513,20.6719,1.3468,26.7266,NA,NA,NA,NA,NA,NA,NA,NA,NA,NA,NA,NA
417.430,2.4450,20.3614,1.3468,26.7238,NA,NA,NA,NA,NA,NA,NA,NA,NA,NA,NA,NA
417.540,2.4439,20.3121,1.3465,26.7026,NA,NA,NA,NA,NA,NA,NA,NA,NA,NA,NA,NA
417.631,2.4385,20.0431,1.3479,26.8341,NA,NA,NA,NA,NA,NA,NA,NA,NA,NA,NA,NA
417.730,2.4388,20.0582,1.3479,26.8341,NA,NA,NA,NA,NA,NA,NA,NA,NA,NA,NA,NA
417.824,2.4389,20.0643,1.3472,26.7640,NA,NA,NA,NA,NA,NA,NA,NA,NA,NA,NA,NA
417.926,2.4389,20.0643,1.3441,26.4778,NA,NA,NA,NA,NA,NA,NA,NA,NA,NA,NA,NA
418.021,2.4376,19.9986,1.3432,26.3885,NA,NA,NA,NA,NA,NA,NA,NA,NA,NA,NA,NA
418.127,2.4376,19.9986,1.3424,26.3174,NA,NA,NA,NA,NA,NA,NA,NA,NA,NA,NA,NA
418.223,2.4307,19.6621,1.3418,26.2542,NA,NA,NA,NA,NA,NA,NA,NA,NA,NA,NA,NA
418.313,2.4310,19.6737,1.3418,26.2542,NA,NA,NA,NA,NA,NA,NA,NA,NA,NA,NA,NA
418.425,2.4310,19.6737,1.3406,26.1441,NA,NA,NA,NA,NA,NA,NA,NA,NA,NA,NA,NA
418.514,2.4300,19.6245,1.3409,26.1684,NA,NA,NA,NA,NA,NA,NA,NA,NA,NA,NA,NA
418.610,2.4288,19.5647,1.3409,26.1684,NA,NA,NA,NA,NA,NA,NA,NA,NA,NA,NA,NA
418.703,2.4288,19.5647,1.3406,26.1487,NA,NA,NA,NA,NA,NA,NA,NA,NA,NA,NA,NA
418.806,2.4286,19.5544,1.3392,26.0128,NA,NA,NA,NA,NA,NA,NA,NA,NA,NA,NA,NA
418.903,2.4282,19.5369,1.3388,25.9755,NA,NA,NA,NA,NA,NA,NA,NA,NA,NA,NA,NA
418.997,2.4310,19.6722,1.3388,25.9755,NA,NA,NA,NA,NA,NA,NA,NA,NA,NA,NA,NA
419.116,2.4310,19.6722,1.3380,25.8960,NA,NA,NA,NA,NA,NA,NA,NA,NA,NA,NA,NA
419.198,2.4293,19.5925,1.3380,25.8960,NA,NA,NA,NA,NA,NA,NA,NA,NA,NA,NA,NA
419.298,2.4293,19.5925,1.3377,25.8714,NA,NA,NA,NA,NA,NA,NA,NA,NA,NA,NA,NA
419.401,2.4261,19.4341,1.3377,25.8714,NA,NA,NA,NA,NA,NA,NA,NA,NA,NA,NA,NA
419.500,2.4259,19.4250,1.3367,25.7756,NA,NA,NA,NA,NA,NA,NA,NA,NA,NA,NA,NA
419.586,2.4247,19.3635,1.3355,25.6652,NA,NA,NA,NA,NA,NA,NA,NA,NA,NA,NA,NA
419.749,2.4245,19.3523,1.3350,25.6216,NA,NA,NA,NA,NA,NA,NA,NA,NA,NA,NA,NA
419.784,2.4217,19.2180,1.3346,25.5824,NA,NA,NA,NA,NA,NA,NA,NA,NA,NA,NA,NA
419.881,2.4264,19.4484,1.3346,25.5824,NA,NA,NA,NA,NA,NA,NA,NA,NA,NA,NA,NA
419.981,2.4264,19.4484,1.3335,25.4781,NA,NA,NA,NA,NA,NA,NA,NA,NA,NA,NA,NA
420.066,2.4232,19.2891,1.3327,25.4046,NA,NA,NA,NA,NA,NA,NA,NA,NA,NA,NA,NA
420.187,2.4232,19.2891,1.3324,25.3721,NA,NA,NA,NA,NA,NA,NA,NA,NA,NA,NA,NA
420.281,2.4193,19.0982,1.3324,25.3692,NA,NA,NA,NA,NA,NA,NA,NA,NA,NA,NA,NA
420.402,2.4155,18.9105,1.3319,25.3276,NA,NA,NA,NA,NA,NA,NA,NA,NA,NA,NA,NA
420.474,2.4108,18.6797,1.3318,25.3140,NA,NA,NA,NA,NA,NA,NA,NA,NA,NA,NA,NA
420.566,2.4147,18.8703,1.3317,25.3080,NA,NA,NA,NA,NA,NA,NA,NA,NA,NA,NA,NA
420.675,2.4147,18.8703,1.3308,25.2248,NA,NA,NA,NA,NA,NA,NA,NA,NA,NA,NA,NA
420.780,2.4146,18.8667,1.3304,25.1870,NA,NA,NA,NA,NA,NA,NA,NA,NA,NA,NA,NA
420.871,2.4146,18.8667,1.3300,25.1432,NA,NA,NA,NA,NA,NA,NA,NA,NA,NA,NA,NA
420.998,2.4099,18.6342,1.3300,25.1432,NA,NA,NA,NA,NA,NA,NA,NA,NA,NA,NA,NA
421.058,2.4092,18.6012,1.3285,25.0013,NA,NA,NA,NA,NA,NA,NA,NA,NA,NA,NA,NA
421.170,2.4074,18.5140,1.3283,24.9859,NA,NA,NA,NA,NA,NA,NA,NA,NA,NA,NA,NA
421.251,2.4071,18.4998,1.3273,24.8906,NA,NA,NA,NA,NA,NA,NA,NA,NA,NA,NA,NA
421.350,2.4071,18.4998,1.3264,24.8081,NA,NA,NA,NA,NA,NA,NA,NA,NA,NA,NA,NA
421.447,2.4062,18.4524,1.3264,24.8081,NA,NA,NA,NA,NA,NA,NA,NA,NA,NA,NA,NA
421.610,2.4062,18.4524,1.3253,24.7049,NA,NA,NA,NA,NA,NA,NA,NA,NA,NA,NA,NA
421.643,2.4027,18.2813,1.3231,24.4974,NA,NA,NA,NA,NA,NA,NA,NA,NA,NA,NA,NA
421.746,2.4027,18.2813,1.3222,24.4098,NA,NA,NA,NA,NA,NA,NA,NA,NA,NA,NA,NA
421.842,2.4007,18.1853,1.3220,24.3935,NA,NA,NA,NA,NA,NA,NA,NA,NA,NA,NA,NA
421.949,2.3964,17.9719,1.3216,24.3587,NA,NA,NA,NA,NA,NA,NA,NA,NA,NA,NA,NA
422.038,2.3949,17.8968,1.3207,24.2745,NA,NA,NA,NA,NA,NA,NA,NA,NA,NA,NA,NA
422.136,2.3934,17.8236,1.3212,24.3195,NA,NA,NA,NA,NA,NA,NA,NA,NA,NA,NA,NA
422.231,2.3934,17.8236,1.3212,24.3195,NA,NA,NA,NA,NA,NA,NA,NA,NA,NA,NA,NA
422.329,2.3913,17.7223,1.3192,24.1339,NA,NA,NA,NA,NA,NA,NA,NA,NA,NA,NA,NA
422.429,2.3895,17.6329,1.3184,24.0567,NA,NA,NA,NA,NA,NA,NA,NA,NA,NA,NA,NA
422.527,2.3871,17.5155,1.3184,24.0567,NA,NA,NA,NA,NA,NA,NA,NA,NA,NA,NA,NA
422.629,2.3852,17.4195,1.3176,23.9840,NA,NA,NA,NA,NA,NA,NA,NA,NA,NA,NA,NA
422.727,2.3826,17.2932,1.3176,23.9840,NA,NA,NA,NA,NA,NA,NA,NA,NA,NA,NA,NA
422.822,2.3826,17.2932,1.3160,23.8285,NA,NA,NA,NA,NA,NA,NA,NA,NA,NA,NA,NA
422.920,2.3831,17.3182,1.3146,23.6952,NA,NA,NA,NA,NA,NA,NA,NA,NA,NA,NA,NA
423.020,2.3831,17.3182,1.3143,23.6737,NA,NA,NA,NA,NA,NA,NA,NA,NA,NA,NA,NA
423.110,2.3931,17.8074,1.3188,24.0917,NA,NA,NA,NA,NA,NA,NA,NA,NA,NA,NA,NA
423.208,2.4237,19.3168,1.3290,25.0565,NA,NA,NA,NA,NA,NA,NA,NA,NA,NA,NA,NA
423.314,2.4901,22.5850,1.3463,26.6825,NA,NA,NA,NA,NA,NA,NA,NA,NA,NA,NA,NA
423.406,2.5322,24.6574,1.3624,28.1990,NA,NA,NA,NA,NA,NA,NA,NA,NA,NA,NA,NA
423.525,2.5699,26.5111,1.3733,29.2235,NA,NA,NA,NA,NA,NA,NA,NA,NA,NA,NA,NA
423.602,2.6013,28.0595,1.3800,29.8523,NA,NA,NA,NA,NA,NA,NA,NA,NA,NA,NA,NA
423.698,2.6023,28.1053,1.3838,30.2079,NA,NA,NA,NA,NA,NA,NA,NA,NA,NA,NA,NA
423.794,2.6124,28.6068,1.3861,30.4229,NA,NA,NA,NA,NA,NA,NA,NA,NA,NA,NA,NA
423.904,2.6124,28.6068,1.3866,30.4719,NA,NA,NA,NA,NA,NA,NA,NA,NA,NA,NA,NA
424.016,2.6116,28.5650,1.3868,30.4924,NA,NA,NA,NA,NA,NA,NA,NA,NA,NA,NA,NA
424.112,2.6116,28.5650,1.3868,30.4924,NA,NA,NA,NA,NA,NA,NA,NA,NA,NA,NA,NA
424.191,2.6008,28.0339,1.3857,30.3853,NA,NA,NA,NA,NA,NA,NA,NA,NA,NA,NA,NA
424.290,2.5717,26.5991,1.3859,30.4094,NA,NA,NA,NA,NA,NA,NA,NA,NA,NA,NA,NA
424.386,2.5717,26.5991,1.3859,30.4094,NA,NA,NA,NA,NA,NA,NA,NA,NA,NA,NA,NA
424.522,2.5564,25.8476,1.3800,29.8503,NA,NA,NA,NA,NA,NA,NA,NA,NA,NA,NA,NA
424.583,2.5553,25.7936,1.3800,29.8503,NA,NA,NA,NA,NA,NA,NA,NA,NA,NA,NA,NA
424.677,2.5402,25.0527,1.3767,29.5441,NA,NA,NA,NA,NA,NA,NA,NA,NA,NA,NA,NA
424.778,2.5329,24.6929,1.3732,29.2114,NA,NA,NA,NA,NA,NA,NA,NA,NA,NA,NA,NA
424.886,2.5251,24.3081,1.3699,28.8973,NA,NA,NA,NA,NA,NA,NA,NA,NA,NA,NA,NA
424.974,2.5136,23.7429,1.3687,28.7841,NA,NA,NA,NA,NA,NA,NA,NA,NA,NA,NA,NA
425.072,2.5094,23.5317,1.3660,28.5339,NA,NA,NA,NA,NA,NA,NA,NA,NA,NA,NA,NA
425.167,2.5033,23.2336,1.3649,28.4294,NA,NA,NA,NA,NA,NA,NA,NA,NA,NA,NA,NA
425.270,2.5021,23.1768,1.3645,28.3923,NA,NA,NA,NA,NA,NA,NA,NA,NA,NA,NA,NA
425.400,2.4968,22.9160,1.3606,28.0303,NA,NA,NA,NA,NA,NA,NA,NA,NA,NA,NA,NA
425.463,2.4863,22.3985,1.3587,27.8456,NA,NA,NA,NA,NA,NA,NA,NA,NA,NA,NA,NA
425.560,2.4839,22.2780,1.3575,27.7355,NA,NA,NA,NA,NA,NA,NA,NA,NA,NA,NA,NA
425.656,2.4807,22.1226,1.3568,27.6694,NA,NA,NA,NA,NA,NA,NA,NA,NA,NA,NA,NA
425.781,2.4807,22.1226,1.3528,27.2910,NA,NA,NA,NA,NA,NA,NA,NA,NA,NA,NA,NA
425.857,2.4737,21.7779,1.3521,27.2274,NA,NA,NA,NA,NA,NA,NA,NA,NA,NA,NA,NA
425.959,2.4737,21.7779,1.3501,27.0420,NA,NA,NA,NA,NA,NA,NA,NA,NA,NA,NA,NA
426.055,2.4636,21.2792,1.3476,26.8003,NA,NA,NA,NA,NA,NA,NA,NA,NA,NA,NA,NA
426.151,2.4633,21.2635,1.3464,26.6901,NA,NA,NA,NA,NA,NA,NA,NA,NA,NA,NA,NA
426.253,2.4628,21.2416,1.3454,26.5960,NA,NA,NA,NA,NA,NA,NA,NA,NA,NA,NA,NA
426.367,2.4615,21.1754,1.3432,26.3912,NA,NA,NA,NA,NA,NA,NA,NA,NA,NA,NA,NA
426.442,2.4611,21.1552,1.3427,26.3431,NA,NA,NA,NA,NA,NA,NA,NA,NA,NA,NA,NA
426.538,2.4535,20.7813,1.3417,26.2519,NA,NA,NA,NA,NA,NA,NA,NA,NA,NA,NA,NA
426.637,2.4512,20.6699,1.3399,26.0813,NA,NA,NA,NA,NA,NA,NA,NA,NA,NA,NA,NA
426.740,2.4436,20.2931,1.3394,26.0291,NA,NA,NA,NA,NA,NA,NA,NA,NA,NA,NA,NA
426.837,2.4470,20.4617,1.3399,26.0813,NA,NA,NA,NA,NA,NA,NA,NA,NA,NA,NA,NA
426.928,2.4892,22.5412,1.3517,27.1845,NA,NA,NA,NA,NA,NA,NA,NA,NA,NA,NA,NA
427.039,2.5181,23.9603,1.3612,28.0814,NA,NA,NA,NA,NA,NA,NA,NA,NA,NA,NA,NA
427.125,2.5341,24.7496,1.3709,28.9977,NA,NA,NA,NA,NA,NA,NA,NA,NA,NA,NA,NA
427.220,2.5927,27.6351,1.3821,30.0484,NA,NA,NA,NA,NA,NA,NA,NA,NA,NA,NA,NA
427.330,2.6255,29.2510,1.3971,31.4568,NA,NA,NA,NA,NA,NA,NA,NA,NA,NA,NA,NA
427.418,2.6827,32.0639,1.4100,32.6723,NA,NA,NA,NA,NA,NA,NA,NA,NA,NA,NA,NA
427.538,2.7037,33.1009,1.4190,33.5227,NA,NA,NA,NA,NA,NA,NA,NA,NA,NA,NA,NA
427.618,2.7320,34.4911,1.4315,34.6977,NA,NA,NA,NA,NA,NA,NA,NA,NA,NA,NA,NA
427.718,2.7585,35.7991,1.4408,35.5688,NA,NA,NA,NA,NA,NA,NA,NA,NA,NA,NA,NA
427.816,2.7695,36.3393,1.4475,36.2033,NA,NA,NA,NA,NA,NA,NA,NA,NA,NA,NA,NA
427.911,2.8103,38.3455,1.4548,36.8890,NA,NA,NA,NA,NA,NA,NA,NA,NA,NA,NA,NA
428.013,2.8221,38.9281,1.4656,37.9062,NA,NA,NA,NA,NA,NA,NA,NA,NA,NA,NA,NA
428.189,2.8405,39.8359,1.4710,38.4150,NA,NA,NA,NA,NA,NA,NA,NA,NA,NA,NA,NA
428.204,2.8486,40.2331,1.4785,39.1189,NA,NA,NA,NA,NA,NA,NA,NA,NA,NA,NA,NA
428.308,2.8779,41.6762,1.4864,39.8622,NA,NA,NA,NA,NA,NA,NA,NA,NA,NA,NA,NA
428.404,2.8779,41.6762,1.4901,40.2102,NA,NA,NA,NA,NA,NA,NA,NA,NA,NA,NA,NA
428.498,2.8693,41.2497,1.4957,40.7390,NA,NA,NA,NA,NA,NA,NA,NA,NA,NA,NA,NA
428.594,2.8692,41.2454,1.5016,41.2893,NA,NA,NA,NA,NA,NA,NA,NA,NA,NA,NA,NA
428.741,2.8739,41.4785,1.5065,41.7570,NA,NA,NA,NA,NA,NA,NA,NA,NA,NA,NA,NA
428.794,2.8739,41.4785,1.5094,42.0245,NA,NA,NA,NA,NA,NA,NA,NA,NA,NA,NA,NA
428.889,2.8644,41.0117,1.5123,42.3020,NA,NA,NA,NA,NA,NA,NA,NA,NA,NA,NA,NA
428.992,2.8594,40.7645,1.5139,42.4526,NA,NA,NA,NA,NA,NA,NA,NA,NA,NA,NA,NA
429.085,2.8554,40.5684,1.5147,42.5251,NA,NA,NA,NA,NA,NA,NA,NA,NA,NA,NA,NA
429.181,2.8585,40.7194,1.5147,42.5251,NA,NA,NA,NA,NA,NA,NA,NA,NA,NA,NA,NA
429.288,2.8585,40.7194,1.5142,42.4829,NA,NA,NA,NA,NA,NA,NA,NA,NA,NA,NA,NA
429.378,2.8490,40.2510,1.5138,42.4457,NA,NA,NA,NA,NA,NA,NA,NA,NA,NA,NA,NA
429.474,2.8423,39.9238,1.5103,42.1094,NA,NA,NA,NA,NA,NA,NA,NA,NA,NA,NA,NA
429.578,2.8290,39.2656,1.5102,42.0984,NA,NA,NA,NA,NA,NA,NA,NA,NA,NA,NA,NA
429.679,2.8279,39.2137,1.5074,41.8409,NA,NA,NA,NA,NA,NA,NA,NA,NA,NA,NA,NA
429.775,2.8264,39.1412,1.5015,41.2874,NA,NA,NA,NA,NA,NA,NA,NA,NA,NA,NA,NA
429.870,2.8136,38.5102,1.4953,40.7044,NA,NA,NA,NA,NA,NA,NA,NA,NA,NA,NA,NA
429.972,2.8070,38.1831,1.4918,40.3743,NA,NA,NA,NA,NA,NA,NA,NA,NA,NA,NA,NA
430.065,2.7882,37.2611,1.4860,39.8284,NA,NA,NA,NA,NA,NA,NA,NA,NA,NA,NA,NA
430.159,2.7846,37.0834,1.4820,39.4500,NA,NA,NA,NA,NA,NA,NA,NA,NA,NA,NA,NA
430.262,2.7671,36.2185,1.4760,38.8826,NA,NA,NA,NA,NA,NA,NA,NA,NA,NA,NA,NA
430.357,2.7579,35.7663,1.4694,38.2613,NA,NA,NA,NA,NA,NA,NA,NA,NA,NA,NA,NA
430.451,2.7369,34.7349,1.4658,37.9220,NA,NA,NA,NA,NA,NA,NA,NA,NA,NA,NA,NA
430.574,2.7369,34.7312,1.4624,37.6013,NA,NA,NA,NA,NA,NA,NA,NA,NA,NA,NA,NA
430.648,2.7324,34.5097,1.4569,37.0861,NA,NA,NA,NA,NA,NA,NA,NA,NA,NA,NA,NA
430.753,2.7237,34.0860,1.4539,36.8029,NA,NA,NA,NA,NA,NA,NA,NA,NA,NA,NA,NA
430.846,2.7242,34.1098,1.4524,36.6614,NA,NA,NA,NA,NA,NA,NA,NA,NA,NA,NA,NA
430.942,2.7266,34.2278,1.4522,36.6457,NA,NA,NA,NA,NA,NA,NA,NA,NA,NA,NA,NA
431.078,2.7266,34.2278,1.4470,36.1597,NA,NA,NA,NA,NA,NA,NA,NA,NA,NA,NA,NA
431.140,2.7158,33.6947,1.4451,35.9779,NA,NA,NA,NA,NA,NA,NA,NA,NA,NA,NA,NA
431.243,2.7135,33.5837,1.4444,35.9136,NA,NA,NA,NA,NA,NA,NA,NA,NA,NA,NA,NA
431.333,2.7093,33.3760,1.4421,35.6938,NA,NA,NA,NA,NA,NA,NA,NA,NA,NA,NA,NA
431.432,2.7073,33.2743,1.4416,35.6454,NA,NA,NA,NA,NA,NA,NA,NA,NA,NA,NA,NA
431.531,2.7073,33.2743,1.4408,35.5705,NA,NA,NA,NA,NA,NA,NA,NA,NA,NA,NA,NA
431.630,2.7046,33.1434,1.4404,35.5310,NA,NA,NA,NA,NA,NA,NA,NA,NA,NA,NA,NA
431.801,2.7046,33.1434,1.4392,35.4186,NA,NA,NA,NA,NA,NA,NA,NA,NA,NA,NA,NA
431.829,2.7059,33.2068,1.4385,35.3593,NA,NA,NA,NA,NA,NA,NA,NA,NA,NA,NA,NA
431.924,2.7059,33.2068,1.4379,35.3032,NA,NA,NA,NA,NA,NA,NA,NA,NA,NA,NA,NA
432.023,2.6936,32.6022,1.4369,35.2058,NA,NA,NA,NA,NA,NA,NA,NA,NA,NA,NA,NA
432.124,2.6915,32.5003,1.4365,35.1724,NA,NA,NA,NA,NA,NA,NA,NA,NA,NA,NA,NA
432.217,2.6915,32.5003,1.4367,35.1848,NA,NA,NA,NA,NA,NA,NA,NA,NA,NA,NA,NA
432.369,2.6968,32.7576,1.4367,35.1848,NA,NA,NA,NA,NA,NA,NA,NA,NA,NA,NA,NA
432.418,2.6968,32.7576,1.4356,35.0865,NA,NA,NA,NA,NA,NA,NA,NA,NA,NA,NA,NA
432.529,2.6901,32.4275,1.4348,35.0074,NA,NA,NA,NA,NA,NA,NA,NA,NA,NA,NA,NA
432.609,2.6880,32.3258,1.4342,34.9519,NA,NA,NA,NA,NA,NA,NA,NA,NA,NA,NA,NA
432.705,2.6833,32.0939,1.4342,34.9519,NA,NA,NA,NA,NA,NA,NA,NA,NA,NA,NA,NA
432.807,2.6810,31.9826,1.4333,34.8710,NA,NA,NA,NA,NA,NA,NA,NA,NA,NA,NA,NA
432.899,2.6834,32.0988,1.4340,34.9293,NA,NA,NA,NA,NA,NA,NA,NA,NA,NA,NA,NA
433.005,2.6893,32.3913,1.4340,34.9293,NA,NA,NA,NA,NA,NA,NA,NA,NA,NA,NA,NA
433.107,2.6893,32.3913,1.4332,34.8604,NA,NA,NA,NA,NA,NA,NA,NA,NA,NA,NA,NA
433.201,2.6859,32.2206,1.4319,34.7367,NA,NA,NA,NA,NA,NA,NA,NA,NA,NA,NA,NA
433.293,2.6859,32.2206,1.4303,34.5860,NA,NA,NA,NA,NA,NA,NA,NA,NA,NA,NA,NA
433.388,2.6738,31.6256,1.4295,34.5103,NA,NA,NA,NA,NA,NA,NA,NA,NA,NA,NA,NA
433.524,2.6721,31.5446,1.4287,34.4299,NA,NA,NA,NA,NA,NA,NA,NA,NA,NA,NA,NA
433.593,2.6658,31.2319,1.4287,34.4344,NA,NA,NA,NA,NA,NA,NA,NA,NA,NA,NA,NA
433.690,2.6680,31.3424,1.4287,34.4349,NA,NA,NA,NA,NA,NA,NA,NA,NA,NA,NA,NA
433.789,2.6680,31.3424,1.4287,34.4349,NA,NA,NA,NA,NA,NA,NA,NA,NA,NA,NA,NA
433.880,2.6664,31.2633,1.4285,34.4118,NA,NA,NA,NA,NA,NA,NA,NA,NA,NA,NA,NA
433.981,2.6664,31.2633,1.4281,34.3751,NA,NA,NA,NA,NA,NA,NA,NA,NA,NA,NA,NA
434.112,2.6575,30.8227,1.4258,34.1653,NA,NA,NA,NA,NA,NA,NA,NA,NA,NA,NA,NA
434.176,2.6575,30.8227,1.4257,34.1534,NA,NA,NA,NA,NA,NA,NA,NA,NA,NA,NA,NA
434.276,2.6528,30.5934,1.4255,34.1337,NA,NA,NA,NA,NA,NA,NA,NA,NA,NA,NA,NA
434.378,2.6496,30.4339,1.4255,34.1337,NA,NA,NA,NA,NA,NA,NA,NA,NA,NA,NA,NA
434.480,2.6464,30.2766,1.4258,34.1589,NA,NA,NA,NA,NA,NA,NA,NA,NA,NA,NA,NA
434.565,2.6480,30.3582,1.4258,34.1589,NA,NA,NA,NA,NA,NA,NA,NA,NA,NA,NA,NA
434.666,2.6480,30.3582,1.4242,34.0118,NA,NA,NA,NA,NA,NA,NA,NA,NA,NA,NA,NA
434.803,2.6324,29.5888,1.4225,33.8460,NA,NA,NA,NA,NA,NA,NA,NA,NA,NA,NA,NA
434.864,2.6294,29.4397,1.4220,33.7992,NA,NA,NA,NA,NA,NA,NA,NA,NA,NA,NA,NA
434.961,2.6359,29.7633,1.4214,33.7484,NA,NA,NA,NA,NA,NA,NA,NA,NA,NA,NA,NA
435.056,2.6359,29.7633,1.4209,33.7006,NA,NA,NA,NA,NA,NA,NA,NA,NA,NA,NA,NA
435.152,2.6400,29.9625,1.4197,33.5845,NA,NA,NA,NA,NA,NA,NA,NA,NA,NA,NA,NA
435.257,2.6400,29.9625,1.4195,33.5715,NA,NA,NA,NA,NA,NA,NA,NA,NA,NA,NA,NA
435.356,2.6380,29.8662,1.4175,33.3801,NA,NA,NA,NA,NA,NA,NA,NA,NA,NA,NA,NA
435.448,2.6380,29.8662,1.4175,33.3801,NA,NA,NA,NA,NA,NA,NA,NA,NA,NA,NA,NA
435.553,2.6202,28.9880,1.4165,33.2819,NA,NA,NA,NA,NA,NA,NA,NA,NA,NA,NA,NA
435.652,2.6187,28.9170,1.4156,33.1977,NA,NA,NA,NA,NA,NA,NA,NA,NA,NA,NA,NA
435.742,2.6111,28.5416,1.4148,33.1303,NA,NA,NA,NA,NA,NA,NA,NA,NA,NA,NA,NA
435.839,2.6154,28.7537,1.4147,33.1166,NA,NA,NA,NA,NA,NA,NA,NA,NA,NA,NA,NA
435.940,2.6154,28.7537,1.4147,33.1166,NA,NA,NA,NA,NA,NA,NA,NA,NA,NA,NA,NA
436.043,2.6091,28.4427,1.4140,33.0467,NA,NA,NA,NA,NA,NA,NA,NA,NA,NA,NA,NA
436.136,2.6091,28.4427,1.4140,33.0467,NA,NA,NA,NA,NA,NA,NA,NA,NA,NA,NA,NA
436.232,2.6089,28.4306,1.4123,32.8943,NA,NA,NA,NA,NA,NA,NA,NA,NA,NA,NA,NA
436.327,2.6089,28.4306,1.4111,32.7817,NA,NA,NA,NA,NA,NA,NA,NA,NA,NA,NA,NA
436.431,2.6058,28.2785,1.4106,32.7321,NA,NA,NA,NA,NA,NA,NA,NA,NA,NA,NA,NA
436.523,2.6029,28.1386,1.4106,32.7278,NA,NA,NA,NA,NA,NA,NA,NA,NA,NA,NA,NA
436.629,2.6013,28.0587,1.4109,32.7621,NA,NA,NA,NA,NA,NA,NA,NA,NA,NA,NA,NA
436.719,2.6039,28.1870,1.4109,32.7621,NA,NA,NA,NA,NA,NA,NA,NA,NA,NA,NA,NA
436.824,2.6039,28.1870,1.4095,32.6231,NA,NA,NA,NA,NA,NA,NA,NA,NA,NA,NA,NA
436.915,2.6012,28.0553,1.4071,32.3993,NA,NA,NA,NA,NA,NA,NA,NA,NA,NA,NA,NA
437.018,2.6012,28.0553,1.4062,32.3168,NA,NA,NA,NA,NA,NA,NA,NA,NA,NA,NA,NA
437.119,2.5986,27.9229,1.4058,32.2752,NA,NA,NA,NA,NA,NA,NA,NA,NA,NA,NA,NA
437.212,2.5954,27.7659,1.4043,32.1368,NA,NA,NA,NA,NA,NA,NA,NA,NA,NA,NA,NA
437.311,2.5912,27.5602,1.4033,32.0455,NA,NA,NA,NA,NA,NA,NA,NA,NA,NA,NA,NA
437.413,2.5913,27.5679,1.4033,32.0455,NA,NA,NA,NA,NA,NA,NA,NA,NA,NA,NA,NA
437.505,2.5913,27.5679,1.4030,32.0161,NA,NA,NA,NA,NA,NA,NA,NA,NA,NA,NA,NA
437.612,2.5862,27.3153,1.4020,31.9218,NA,NA,NA,NA,NA,NA,NA,NA,NA,NA,NA,NA
437.707,2.5862,27.3153,1.4015,31.8763,NA,NA,NA,NA,NA,NA,NA,NA,NA,NA,NA,NA
437.807,2.5812,27.0670,1.4015,31.8760,NA,NA,NA,NA,NA,NA,NA,NA,NA,NA,NA,NA
437.898,2.5713,26.5824,1.4006,31.7944,NA,NA,NA,NA,NA,NA,NA,NA,NA,NA,NA,NA
437.994,2.5707,26.5536,1.4004,31.7745,NA,NA,NA,NA,NA,NA,NA,NA,NA,NA,NA,NA
438.101,2.5715,26.5910,1.3996,31.6995,NA,NA,NA,NA,NA,NA,NA,NA,NA,NA,NA,NA
438.199,2.5715,26.5910,1.3977,31.5176,NA,NA,NA,NA,NA,NA,NA,NA,NA,NA,NA,NA
438.351,2.5715,26.5898,1.3973,31.4817,NA,NA,NA,NA,NA,NA,NA,NA,NA,NA,NA,NA
438.393,2.5715,26.5898,1.3971,31.4568,NA,NA,NA,NA,NA,NA,NA,NA,NA,NA,NA,NA
438.485,2.5634,26.1921,1.3952,31.2793,NA,NA,NA,NA,NA,NA,NA,NA,NA,NA,NA,NA
438.587,2.5558,25.8161,1.3951,31.2746,NA,NA,NA,NA,NA,NA,NA,NA,NA,NA,NA,NA
438.678,2.5510,25.5808,1.3943,31.1995,NA,NA,NA,NA,NA,NA,NA,NA,NA,NA,NA,NA
438.776,2.5500,25.5334,1.3943,31.1995,NA,NA,NA,NA,NA,NA,NA,NA,NA,NA,NA,NA
438.878,2.5524,25.6485,1.3916,30.9468,NA,NA,NA,NA,NA,NA,NA,NA,NA,NA,NA,NA
438.984,2.5524,25.6485,1.3916,30.9468,NA,NA,NA,NA,NA,NA,NA,NA,NA,NA,NA,NA
439.075,2.5502,25.5406,1.3914,30.9244,NA,NA,NA,NA,NA,NA,NA,NA,NA,NA,NA,NA
439.181,2.5572,25.8855,1.3894,30.7401,NA,NA,NA,NA,NA,NA,NA,NA,NA,NA,NA,NA
439.269,2.5572,25.8855,1.3894,30.7401,NA,NA,NA,NA,NA,NA,NA,NA,NA,NA,NA,NA
439.364,2.5549,25.7729,1.3889,30.6925,NA,NA,NA,NA,NA,NA,NA,NA,NA,NA,NA,NA
439.473,2.5496,25.5114,1.3879,30.5950,NA,NA,NA,NA,NA,NA,NA,NA,NA,NA,NA,NA
439.591,2.5429,25.1812,1.3862,30.4334,NA,NA,NA,NA,NA,NA,NA,NA,NA,NA,NA,NA
439.658,2.5414,25.1115,1.3858,30.3964,NA,NA,NA,NA,NA,NA,NA,NA,NA,NA,NA,NA
439.764,2.5387,24.9776,1.3841,30.2361,NA,NA,NA,NA,NA,NA,NA,NA,NA,NA,NA,NA
439.855,2.5384,24.9608,1.3833,30.1664,NA,NA,NA,NA,NA,NA,NA,NA,NA,NA,NA,NA
439.958,2.5384,24.9608,1.3826,30.0922,NA,NA,NA,NA,NA,NA,NA,NA,NA,NA,NA,NA
440.049,2.5345,24.7693,1.3808,29.9312,NA,NA,NA,NA,NA,NA,NA,NA,NA,NA,NA,NA
440.179,2.5326,24.6737,1.3820,30.0400,NA,NA,NA,NA,NA,NA,NA,NA,NA,NA,NA,NA
440.249,2.5294,24.5176,1.3820,30.0400,NA,NA,NA,NA,NA,NA,NA,NA,NA,NA,NA,NA
440.338,2.5294,24.5176,1.3812,29.9630,NA,NA,NA,NA,NA,NA,NA,NA,NA,NA,NA,NA
440.447,2.5263,24.3650,1.3810,29.9463,NA,NA,NA,NA,NA,NA,NA,NA,NA,NA,NA,NA
440.542,2.5263,24.3650,1.3814,29.9814,NA,NA,NA,NA,NA,NA,NA,NA,NA,NA,NA,NA
440.640,2.5224,24.1741,1.3814,29.9814,NA,NA,NA,NA,NA,NA,NA,NA,NA,NA,NA,NA
440.791,2.5148,23.8008,1.3790,29.7575,NA,NA,NA,NA,NA,NA,NA,NA,NA,NA,NA,NA
440.844,2.5124,23.6820,1.3772,29.5873,NA,NA,NA,NA,NA,NA,NA,NA,NA,NA,NA,NA
440.934,2.5114,23.6309,1.3770,29.5663,NA,NA,NA,NA,NA,NA,NA,NA,NA,NA,NA,NA
441.032,2.5114,23.6309,1.3755,29.4237,NA,NA,NA,NA,NA,NA,NA,NA,NA,NA,NA,NA
441.126,2.5072,23.4258,1.3757,29.4513,NA,NA,NA,NA,NA,NA,NA,NA,NA,NA,NA,NA
441.223,2.5078,23.4540,1.3757,29.4513,NA,NA,NA,NA,NA,NA,NA,NA,NA,NA,NA,NA
441.326,2.5078,23.4540,1.3742,29.3069,NA,NA,NA,NA,NA,NA,NA,NA,NA,NA,NA,NA
441.419,2.5074,23.4351,1.3738,29.2721,NA,NA,NA,NA,NA,NA,NA,NA,NA,NA,NA,NA
441.520,2.5014,23.1394,1.3723,29.1243,NA,NA,NA,NA,NA,NA,NA,NA,NA,NA,NA,NA
441.613,2.5107,23.5959,1.3723,29.1243,NA,NA,NA,NA,NA,NA,NA,NA,NA,NA,NA,NA
441.717,2.5107,23.5959,1.3713,29.0370,NA,NA,NA,NA,NA,NA,NA,NA,NA,NA,NA,NA
441.815,2.5043,23.2824,1.3713,29.0370,NA,NA,NA,NA,NA,NA,NA,NA,NA,NA,NA,NA
441.950,2.5043,23.2824,1.3706,28.9687,NA,NA,NA,NA,NA,NA,NA,NA,NA,NA,NA,NA
442.032,2.5004,23.0892,1.3704,28.9447,NA,NA,NA,NA,NA,NA,NA,NA,NA,NA,NA,NA
442.108,2.5004,23.0892,1.3697,28.8855,NA,NA,NA,NA,NA,NA,NA,NA,NA,NA,NA,NA
442.207,2.4982,22.9825,1.3691,28.8275,NA,NA,NA,NA,NA,NA,NA,NA,NA,NA,NA,NA
442.303,2.4923,22.6904,1.3675,28.6725,NA,NA,NA,NA,NA,NA,NA,NA,NA,NA,NA,NA
442.403,2.4873,22.4444,1.3675,28.6725,NA,NA,NA,NA,NA,NA,NA,NA,NA,NA,NA,NA
442.496,2.4905,22.6030,1.3672,28.6442,NA,NA,NA,NA,NA,NA,NA,NA,NA,NA,NA,NA
442.598,2.4905,22.6030,1.3668,28.6120,NA,NA,NA,NA,NA,NA,NA,NA,NA,NA,NA,NA
442.696,2.4931,22.7322,1.3659,28.5280,NA,NA,NA,NA,NA,NA,NA,NA,NA,NA,NA,NA
442.789,2.4931,22.7322,1.3651,28.4455,NA,NA,NA,NA,NA,NA,NA,NA,NA,NA,NA,NA
442.886,2.4814,22.1577,1.3650,28.4420,NA,NA,NA,NA,NA,NA,NA,NA,NA,NA,NA,NA
442.995,2.4814,22.1577,1.3650,28.4420,NA,NA,NA,NA,NA,NA,NA,NA,NA,NA,NA,NA
443.083,2.4748,21.8315,1.3633,28.2770,NA,NA,NA,NA,NA,NA,NA,NA,NA,NA,NA,NA
443.181,2.4675,21.4694,1.3633,28.2756,NA,NA,NA,NA,NA,NA,NA,NA,NA,NA,NA,NA
443.310,2.4675,21.4694,1.3619,28.1474,NA,NA,NA,NA,NA,NA,NA,NA,NA,NA,NA,NA
443.381,2.4722,21.7038,1.3618,28.1381,NA,NA,NA,NA,NA,NA,NA,NA,NA,NA,NA,NA
443.474,2.4722,21.7038,1.3611,28.0732,NA,NA,NA,NA,NA,NA,NA,NA,NA,NA,NA,NA
443.584,2.4751,21.8464,1.3603,27.9982,NA,NA,NA,NA,NA,NA,NA,NA,NA,NA,NA,NA
443.679,2.4751,21.8464,1.3601,27.9794,NA,NA,NA,NA,NA,NA,NA,NA,NA,NA,NA,NA
443.773,2.4687,21.5309,1.3596,27.9343,NA,NA,NA,NA,NA,NA,NA,NA,NA,NA,NA,NA
443.872,2.4621,21.2035,1.3583,27.8058,NA,NA,NA,NA,NA,NA,NA,NA,NA,NA,NA,NA
443.970,2.4621,21.2035,1.3566,27.6521,NA,NA,NA,NA,NA,NA,NA,NA,NA,NA,NA,NA
444.062,2.4597,21.0862,1.3566,27.6521,NA,NA,NA,NA,NA,NA,NA,NA,NA,NA,NA,NA
444.158,2.4597,21.0861,1.3565,27.6431,NA,NA,NA,NA,NA,NA,NA,NA,NA,NA,NA,NA
444.268,2.4594,21.0748,1.3555,27.5459,NA,NA,NA,NA,NA,NA,NA,NA,NA,NA,NA,NA
444.392,2.4594,21.0748,1.3541,27.4151,NA,NA,NA,NA,NA,NA,NA,NA,NA,NA,NA,NA
444.464,2.4553,20.8708,1.3531,27.3176,NA,NA,NA,NA,NA,NA,NA,NA,NA,NA,NA,NA
444.591,2.4507,20.6449,1.3527,27.2800,NA,NA,NA,NA,NA,NA,NA,NA,NA,NA,NA,NA
444.652,2.4507,20.6449,1.3504,27.0647,NA,NA,NA,NA,NA,NA,NA,NA,NA,NA,NA,NA
444.752,2.4455,20.3898,1.3501,27.0408,NA,NA,NA,NA,NA,NA,NA,NA,NA,NA,NA,NA
444.847,2.4410,20.1680,1.3493,26.9634,NA,NA,NA,NA,NA,NA,NA,NA,NA,NA,NA,NA
444.943,2.4422,20.2249,1.3491,26.9418,NA,NA,NA,NA,NA,NA,NA,NA,NA,NA,NA,NA
445.041,2.4422,20.2249,1.3490,26.9353,NA,NA,NA,NA,NA,NA,NA,NA,NA,NA,NA,NA
445.154,2.4370,19.9682,1.3488,26.9166,NA,NA,NA,NA,NA,NA,NA,NA,NA,NA,NA,NA
445.241,2.4370,19.9720,1.3489,26.9233,NA,NA,NA,NA,NA,NA,NA,NA,NA,NA,NA,NA
445.339,2.4370,19.9720,1.3489,26.9233,NA,NA,NA,NA,NA,NA,NA,NA,NA,NA,NA,NA
445.434,2.4456,20.3948,1.3478,26.8263,NA,NA,NA,NA,NA,NA,NA,NA,NA,NA,NA,NA
445.541,2.4456,20.3948,1.3463,26.6833,NA,NA,NA,NA,NA,NA,NA,NA,NA,NA,NA,NA
445.629,2.4383,20.0329,1.3459,26.6472,NA,NA,NA,NA,NA,NA,NA,NA,NA,NA,NA,NA
445.721,2.4361,19.9233,1.3440,26.4625,NA,NA,NA,NA,NA,NA,NA,NA,NA,NA,NA,NA
445.826,2.4376,19.9992,1.3440,26.4600,NA,NA,NA,NA,NA,NA,NA,NA,NA,NA,NA,NA
445.916,2.4376,19.9992,1.3434,26.4038,NA,NA,NA,NA,NA,NA,NA,NA,NA,NA,NA,NA
446.029,2.4315,19.7016,1.3430,26.3679,NA,NA,NA,NA,NA,NA,NA,NA,NA,NA,NA,NA
446.124,2.4305,19.6520,1.3433,26.4022,NA,NA,NA,NA,NA,NA,NA,NA,NA,NA,NA,NA
446.217,2.4262,19.4363,1.3433,26.4022,NA,NA,NA,NA,NA,NA,NA,NA,NA,NA,NA,NA
446.317,2.4260,19.4304,1.3409,26.1770,NA,NA,NA,NA,NA,NA,NA,NA,NA,NA,NA,NA
446.410,2.4260,19.4300,1.3403,26.1195,NA,NA,NA,NA,NA,NA,NA,NA,NA,NA,NA,NA
446.516,2.4226,19.2602,1.3403,26.1195,NA,NA,NA,NA,NA,NA,NA,NA,NA,NA,NA,NA
446.621,2.4201,19.1398,1.3391,26.0073,NA,NA,NA,NA,NA,NA,NA,NA,NA,NA,NA,NA
446.772,2.4167,18.9721,1.3398,26.0653,NA,NA,NA,NA,NA,NA,NA,NA,NA,NA,NA,NA
446.807,2.4167,18.9721,1.3398,26.0653,NA,NA,NA,NA,NA,NA,NA,NA,NA,NA,NA,NA
446.899,2.4130,18.7875,1.3397,26.0564,NA,NA,NA,NA,NA,NA,NA,NA,NA,NA,NA,NA
446.997,2.4123,18.7520,1.3383,25.9315,NA,NA,NA,NA,NA,NA,NA,NA,NA,NA,NA,NA
447.100,2.4123,18.7520,1.3384,25.9399,NA,NA,NA,NA,NA,NA,NA,NA,NA,NA,NA,NA
447.193,2.4083,18.5584,1.3386,25.9562,NA,NA,NA,NA,NA,NA,NA,NA,NA,NA,NA,NA
447.324,2.4045,18.3685,1.3389,25.9819,NA,NA,NA,NA,NA,NA,NA,NA,NA,NA,NA,NA
447.400,2.4045,18.3685,1.3389,25.9819,NA,NA,NA,NA,NA,NA,NA,NA,NA,NA,NA,NA
447.493,2.4065,18.4680,1.3379,25.8900,NA,NA,NA,NA,NA,NA,NA,NA,NA,NA,NA,NA
447.598,2.4105,18.6643,1.3366,25.7657,NA,NA,NA,NA,NA,NA,NA,NA,NA,NA,NA,NA
447.696,2.4105,18.6643,1.3352,25.6406,NA,NA,NA,NA,NA,NA,NA,NA,NA,NA,NA,NA
447.784,2.4093,18.6083,1.3341,25.5304,NA,NA,NA,NA,NA,NA,NA,NA,NA,NA,NA,NA
447.876,2.4093,18.6083,1.3333,25.4564,NA,NA,NA,NA,NA,NA,NA,NA,NA,NA,NA,NA
447.973,2.3996,18.1302,1.3328,25.4134,NA,NA,NA,NA,NA,NA,NA,NA,NA,NA,NA,NA
448.077,2.3977,18.0339,1.3327,25.4019,NA,NA,NA,NA,NA,NA,NA,NA,NA,NA,NA,NA
448.182,2.3936,17.8331,1.3323,25.3652,NA,NA,NA,NA,NA,NA,NA,NA,NA,NA,NA,NA
448.270,2.3936,17.8331,1.3320,25.3379,NA,NA,NA,NA,NA,NA,NA,NA,NA,NA,NA,NA
448.376,2.3911,17.7080,1.3320,25.3379,NA,NA,NA,NA,NA,NA,NA,NA,NA,NA,NA,NA
448.520,2.3884,17.5784,1.3313,25.2693,NA,NA,NA,NA,NA,NA,NA,NA,NA,NA,NA,NA
448.563,2.3884,17.5784,1.3300,25.1442,NA,NA,NA,NA,NA,NA,NA,NA,NA,NA,NA,NA
448.667,2.3889,17.6009,1.3299,25.1362,NA,NA,NA,NA,NA,NA,NA,NA,NA,NA,NA,NA
448.763,2.3889,17.6009,1.3299,25.1362,NA,NA,NA,NA,NA,NA,NA,NA,NA,NA,NA,NA
448.859,2.3898,17.6485,1.3287,25.0257,NA,NA,NA,NA,NA,NA,NA,NA,NA,NA,NA,NA
448.975,2.3918,17.7434,1.3287,25.0257,NA,NA,NA,NA,NA,NA,NA,NA,NA,NA,NA,NA
449.133,2.3925,17.7769,1.3288,25.0376,NA,NA,NA,NA,NA,NA,NA,NA,NA,NA,NA,NA
449.149,2.3925,17.7769,1.3288,25.0376,NA,NA,NA,NA,NA,NA,NA,NA,NA,NA,NA,NA
449.253,2.3923,17.7685,1.3274,24.9015,NA,NA,NA,NA,NA,NA,NA,NA,NA,NA,NA,NA
449.355,2.3909,17.7003,1.3267,24.8344,NA,NA,NA,NA,NA,NA,NA,NA,NA,NA,NA,NA
449.449,2.3894,17.6274,1.3253,24.7084,NA,NA,NA,NA,NA,NA,NA,NA,NA,NA,NA,NA
449.541,2.3854,17.4310,1.3250,24.6720,NA,NA,NA,NA,NA,NA,NA,NA,NA,NA,NA,NA
449.649,2.3848,17.4005,1.3240,24.5847,NA,NA,NA,NA,NA,NA,NA,NA,NA,NA,NA,NA
449.736,2.3814,17.2317,1.3231,24.4974,NA,NA,NA,NA,NA,NA,NA,NA,NA,NA,NA,NA
449.835,2.3824,17.2802,1.3231,24.4974,NA,NA,NA,NA,NA,NA,NA,NA,NA,NA,NA,NA
449.939,2.3824,17.2802,1.3229,24.4745,NA,NA,NA,NA,NA,NA,NA,NA,NA,NA,NA,NA
450.035,2.3886,17.5870,1.3229,24.4745,NA,NA,NA,NA,NA,NA,NA,NA,NA,NA,NA,NA
450.135,2.3886,17.5870,1.3236,24.5465,NA,NA,NA,NA,NA,NA,NA,NA,NA,NA,NA,NA
450.228,2.3849,17.4037,1.3236,24.5465,NA,NA,NA,NA,NA,NA,NA,NA,NA,NA,NA,NA
450.327,2.3813,17.2281,1.3227,24.4601,NA,NA,NA,NA,NA,NA,NA,NA,NA,NA,NA,NA
450.430,2.3790,17.1146,1.3225,24.4425,NA,NA,NA,NA,NA,NA,NA,NA,NA,NA,NA,NA
450.523,2.3813,17.2261,1.3225,24.4425,NA,NA,NA,NA,NA,NA,NA,NA,NA,NA,NA,NA
450.620,2.3813,17.2261,1.3214,24.3387,NA,NA,NA,NA,NA,NA,NA,NA,NA,NA,NA,NA
450.718,2.3738,16.8593,1.3208,24.2788,NA,NA,NA,NA,NA,NA,NA,NA,NA,NA,NA,NA
450.826,2.3738,16.8593,1.3199,24.1996,NA,NA,NA,NA,NA,NA,NA,NA,NA,NA,NA,NA
450.914,2.3704,16.6927,1.3195,24.1588,NA,NA,NA,NA,NA,NA,NA,NA,NA,NA,NA,NA
451.022,2.3704,16.6927,1.3189,24.1009,NA,NA,NA,NA,NA,NA,NA,NA,NA,NA,NA,NA
451.111,2.3686,16.6035,1.3185,24.0662,NA,NA,NA,NA,NA,NA,NA,NA,NA,NA,NA,NA
451.209,2.3664,16.4957,1.3183,24.0421,NA,NA,NA,NA,NA,NA,NA,NA,NA,NA,NA,NA
451.322,2.3643,16.3923,1.3183,24.0421,NA,NA,NA,NA,NA,NA,NA,NA,NA,NA,NA,NA
451.417,2.3743,16.8837,1.3173,23.9556,NA,NA,NA,NA,NA,NA,NA,NA,NA,NA,NA,NA
451.501,2.3743,16.8837,1.3168,23.9028,NA,NA,NA,NA,NA,NA,NA,NA,NA,NA,NA,NA
451.607,2.3738,16.8592,1.3155,23.7807,NA,NA,NA,NA,NA,NA,NA,NA,NA,NA,NA,NA
451.697,2.3690,16.6221,1.3152,23.7521,NA,NA,NA,NA,NA,NA,NA,NA,NA,NA,NA,NA
451.796,2.3690,16.6221,1.3152,23.7521,NA,NA,NA,NA,NA,NA,NA,NA,NA,NA,NA,NA
451.902,2.3653,16.4414,1.3146,23.6958,NA,NA,NA,NA,NA,NA,NA,NA,NA,NA,NA,NA
451.992,2.3559,15.9764,1.3142,23.6648,NA,NA,NA,NA,NA,NA,NA,NA,NA,NA,NA,NA
452.113,2.3559,15.9764,1.3131,23.5570,NA,NA,NA,NA,NA,NA,NA,NA,NA,NA,NA,NA
452.190,2.3553,15.9501,1.3124,23.4916,NA,NA,NA,NA,NA,NA,NA,NA,NA,NA,NA,NA
452.286,2.3553,15.9501,1.3109,23.3512,NA,NA,NA,NA,NA,NA,NA,NA,NA,NA,NA,NA
452.380,2.3500,15.6853,1.3079,23.0710,NA,NA,NA,NA,NA,NA,NA,NA,NA,NA,NA,NA
452.486,2.3401,15.1983,1.3073,23.0066,NA,NA,NA,NA,NA,NA,NA,NA,NA,NA,NA,NA
452.583,2.3430,15.3426,1.3065,22.9396,NA,NA,NA,NA,NA,NA,NA,NA,NA,NA,NA,NA
452.722,2.3503,15.7028,1.3061,22.9018,NA,NA,NA,NA,NA,NA,NA,NA,NA,NA,NA,NA
452.777,2.3503,15.7028,1.3060,22.8883,NA,NA,NA,NA,NA,NA,NA,NA,NA,NA,NA,NA
452.875,2.3514,15.7583,1.3052,22.8137,NA,NA,NA,NA,NA,NA,NA,NA,NA,NA,NA,NA
452.968,2.3514,15.7583,1.3060,22.8844,NA,NA,NA,NA,NA,NA,NA,NA,NA,NA,NA,NA
453.069,2.3708,16.7130,1.3151,23.7429,NA,NA,NA,NA,NA,NA,NA,NA,NA,NA,NA,NA
453.167,2.4242,19.3389,1.3256,24.7313,NA,NA,NA,NA,NA,NA,NA,NA,NA,NA,NA,NA
453.278,2.4650,21.3475,1.3455,26.6093,NA,NA,NA,NA,NA,NA,NA,NA,NA,NA,NA,NA
453.409,2.5258,24.3412,1.3596,27.9353,NA,NA,NA,NA,NA,NA,NA,NA,NA,NA,NA,NA
453.463,2.5421,25.1423,1.3704,28.9511,NA,NA,NA,NA,NA,NA,NA,NA,NA,NA,NA,NA
453.560,2.5825,27.1349,1.3783,29.6921,NA,NA,NA,NA,NA,NA,NA,NA,NA,NA,NA,NA
453.673,2.5825,27.1349,1.3814,29.9793,NA,NA,NA,NA,NA,NA,NA,NA,NA,NA,NA,NA
453.762,2.5771,26.8650,1.3833,30.1660,NA,NA,NA,NA,NA,NA,NA,NA,NA,NA,NA,NA
453.856,2.5771,26.8650,1.3833,30.1660,NA,NA,NA,NA,NA,NA,NA,NA,NA,NA,NA,NA
453.998,2.5669,26.3670,1.3828,30.1169,NA,NA,NA,NA,NA,NA,NA,NA,NA,NA,NA,NA
454.047,2.5644,26.2439,1.3828,30.1169,NA,NA,NA,NA,NA,NA,NA,NA,NA,NA,NA,NA
454.149,2.5603,26.0412,1.3803,29.8816,NA,NA,NA,NA,NA,NA,NA,NA,NA,NA,NA,NA
454.243,2.5566,25.8601,1.3790,29.7562,NA,NA,NA,NA,NA,NA,NA,NA,NA,NA,NA,NA
454.344,2.5474,25.4057,1.3758,29.4579,NA,NA,NA,NA,NA,NA,NA,NA,NA,NA,NA,NA
454.443,2.5358,24.8352,1.3728,29.1779,NA,NA,NA,NA,NA,NA,NA,NA,NA,NA,NA,NA
454.539,2.5255,24.3270,1.3726,29.1506,NA,NA,NA,NA,NA,NA,NA,NA,NA,NA,NA,NA
454.647,2.5210,24.1051,1.3688,28.8002,NA,NA,NA,NA,NA,NA,NA,NA,NA,NA,NA,NA
454.734,2.5158,23.8504,1.3673,28.6535,NA,NA,NA,NA,NA,NA,NA,NA,NA,NA,NA,NA
454.834,2.5121,23.6688,1.3640,28.3463,NA,NA,NA,NA,NA,NA,NA,NA,NA,NA,NA,NA
454.932,2.5112,23.6233,1.3636,28.3066,NA,NA,NA,NA,NA,NA,NA,NA,NA,NA,NA,NA
455.026,2.5067,23.4011,1.3604,28.0120,NA,NA,NA,NA,NA,NA,NA,NA,NA,NA,NA,NA
455.156,2.5042,23.2767,1.3592,27.8919,NA,NA,NA,NA,NA,NA,NA,NA,NA,NA,NA,NA
455.221,2.5029,23.2161,1.3573,27.7153,NA,NA,NA,NA,NA,NA,NA,NA,NA,NA,NA,NA
455.320,2.4960,22.8754,1.3561,27.5997,NA,NA,NA,NA,NA,NA,NA,NA,NA,NA,NA,NA
455.425,2.4837,22.2699,1.3545,27.4551,NA,NA,NA,NA,NA,NA,NA,NA,NA,NA,NA,NA
455.523,2.4811,22.1398,1.3525,27.2615,NA,NA,NA,NA,NA,NA,NA,NA,NA,NA,NA,NA
455.615,2.4644,21.3212,1.3512,27.1443,NA,NA,NA,NA,NA,NA,NA,NA,NA,NA,NA,NA
455.719,2.4649,21.3440,1.3499,27.0151,NA,NA,NA,NA,NA,NA,NA,NA,NA,NA,NA,NA
455.817,2.4695,21.5685,1.3491,26.9483,NA,NA,NA,NA,NA,NA,NA,NA,NA,NA,NA,NA
455.906,2.4695,21.5685,1.3474,26.7859,NA,NA,NA,NA,NA,NA,NA,NA,NA,NA,NA,NA
456.022,2.4645,21.3259,1.3463,26.6787,NA,NA,NA,NA,NA,NA,NA,NA,NA,NA,NA,NA
456.113,2.4645,21.3259,1.3453,26.5860,NA,NA,NA,NA,NA,NA,NA,NA,NA,NA,NA,NA
456.201,2.4625,21.2245,1.3446,26.5185,NA,NA,NA,NA,NA,NA,NA,NA,NA,NA,NA,NA
456.302,2.4552,20.8667,1.3424,26.3156,NA,NA,NA,NA,NA,NA,NA,NA,NA,NA,NA,NA
456.409,2.4520,20.7093,1.3401,26.0982,NA,NA,NA,NA,NA,NA,NA,NA,NA,NA,NA,NA
456.497,2.4473,20.4772,1.3392,26.0090,NA,NA,NA,NA,NA,NA,NA,NA,NA,NA,NA,NA
456.602,2.4473,20.4772,1.3372,25.8225,NA,NA,NA,NA,NA,NA,NA,NA,NA,NA,NA,NA
456.691,2.4396,20.0999,1.3347,25.5846,NA,NA,NA,NA,NA,NA,NA,NA,NA,NA,NA,NA
456.787,2.4389,20.0632,1.3335,25.4756,NA,NA,NA,NA,NA,NA,NA,NA,NA,NA,NA,NA
456.921,2.4341,19.8273,1.3287,25.0250,NA,NA,NA,NA,NA,NA,NA,NA,NA,NA,NA,NA
456.983,2.4250,19.3796,1.3278,24.9356,NA,NA,NA,NA,NA,NA,NA,NA,NA,NA,NA,NA
457.088,2.4235,19.3052,1.3267,24.8348,NA,NA,NA,NA,NA,NA,NA,NA,NA,NA,NA,NA
457.180,2.4188,19.0724,1.3256,24.7316,NA,NA,NA,NA,NA,NA,NA,NA,NA,NA,NA,NA
457.280,2.4187,19.0688,1.3248,24.6592,NA,NA,NA,NA,NA,NA,NA,NA,NA,NA,NA,NA
457.389,2.4127,18.7746,1.3245,24.6303,NA,NA,NA,NA,NA,NA,NA,NA,NA,NA,NA,NA
457.476,2.4127,18.7746,1.3236,24.5417,NA,NA,NA,NA,NA,NA,NA,NA,NA,NA,NA,NA
457.613,2.4145,18.8633,1.3214,24.3363,NA,NA,NA,NA,NA,NA,NA,NA,NA,NA,NA,NA
457.674,2.4173,18.9999,1.3248,24.6537,NA,NA,NA,NA,NA,NA,NA,NA,NA,NA,NA,NA
457.776,2.4468,20.4523,1.3372,25.8267,NA,NA,NA,NA,NA,NA,NA,NA,NA,NA,NA,NA
457.864,2.4852,22.3448,1.3523,27.2437,NA,NA,NA,NA,NA,NA,NA,NA,NA,NA,NA,NA
457.967,2.5437,25.2249,1.3696,28.8754,NA,NA,NA,NA,NA,NA,NA,NA,NA,NA,NA,NA
458.113,2.6126,28.6133,1.3858,30.3967,NA,NA,NA,NA,NA,NA,NA,NA,NA,NA,NA,NA
458.165,2.6456,30.2407,1.4009,31.8203,NA,NA,NA,NA,NA,NA,NA,NA,NA,NA,NA,NA
458.258,2.7178,33.7928,1.4193,33.5496,NA,NA,NA,NA,NA,NA,NA,NA,NA,NA,NA,NA
458.367,2.7525,35.5019,1.4388,35.3889,NA,NA,NA,NA,NA,NA,NA,NA,NA,NA,NA,NA
458.455,2.7718,36.4519,1.4518,36.6055,NA,NA,NA,NA,NA,NA,NA,NA,NA,NA,NA,NA
458.557,2.8025,37.9610,1.4575,37.1474,NA,NA,NA,NA,NA,NA,NA,NA,NA,NA,NA,NA
458.671,2.8716,41.3665,1.4676,38.0954,NA,NA,NA,NA,NA,NA,NA,NA,NA,NA,NA,NA
458.788,2.8903,42.2873,1.4805,39.3036,NA,NA,NA,NA,NA,NA,NA,NA,NA,NA,NA,NA
458.849,2.9390,44.6844,1.4887,40.0825,NA,NA,NA,NA,NA,NA,NA,NA,NA,NA,NA,NA
458.943,2.9553,45.4873,1.4956,40.7317,NA,NA,NA,NA,NA,NA,NA,NA,NA,NA,NA,NA
459.041,2.9670,46.0590,1.5065,41.7510,NA,NA,NA,NA,NA,NA,NA,NA,NA,NA,NA,NA
459.141,2.9934,47.3597,1.5117,42.2420,NA,NA,NA,NA,NA,NA,NA,NA,NA,NA,NA,NA
459.234,3.0317,49.2480,1.5209,43.1138,NA,NA,NA,NA,NA,NA,NA,NA,NA,NA,NA,NA
459.389,3.0639,50.8305,1.5254,43.5285,NA,NA,NA,NA,NA,NA,NA,NA,NA,NA,NA,NA
459.436,3.0797,51.6102,1.5348,44.4218,NA,NA,NA,NA,NA,NA,NA,NA,NA,NA,NA,NA
459.529,3.1100,53.0990,1.5397,44.8749,NA,NA,NA,NA,NA,NA,NA,NA,NA,NA,NA,NA
459.628,3.1225,53.7155,1.5443,45.3145,NA,NA,NA,NA,NA,NA,NA,NA,NA,NA,NA,NA
459.727,3.1264,53.9098,1.5502,45.8621,NA,NA,NA,NA,NA,NA,NA,NA,NA,NA,NA,NA
459.834,3.1333,54.2474,1.5541,46.2301,NA,NA,NA,NA,NA,NA,NA,NA,NA,NA,NA,NA
460.018,3.1395,54.5533,1.5556,46.3756,NA,NA,NA,NA,NA,NA,NA,NA,NA,NA,NA,NA
460.023,3.1395,54.5533,1.5556,46.3756,NA,NA,NA,NA,NA,NA,NA,NA,NA,NA,NA,NA
460.119,3.1391,54.5346,1.5550,46.3188,NA,NA,NA,NA,NA,NA,NA,NA,NA,NA,NA,NA
460.219,3.1221,53.6967,1.5550,46.3188,NA,NA,NA,NA,NA,NA,NA,NA,NA,NA,NA,NA
460.315,3.1182,53.5043,1.5536,46.1854,NA,NA,NA,NA,NA,NA,NA,NA,NA,NA,NA,NA
460.414,3.0733,51.2934,1.5494,45.7883,NA,NA,NA,NA,NA,NA,NA,NA,NA,NA,NA,NA
460.512,3.0715,51.2055,1.5444,45.3215,NA,NA,NA,NA,NA,NA,NA,NA,NA,NA,NA,NA
460.606,3.0532,50.3048,1.5394,44.8525,NA,NA,NA,NA,NA,NA,NA,NA,NA,NA,NA,NA
460.712,3.0410,49.7018,1.5328,44.2260,NA,NA,NA,NA,NA,NA,NA,NA,NA,NA,NA,NA
460.805,3.0377,49.5415,1.5293,43.9018,NA,NA,NA,NA,NA,NA,NA,NA,NA,NA,NA,NA
460.903,3.0137,48.3606,1.5246,43.4559,NA,NA,NA,NA,NA,NA,NA,NA,NA,NA,NA,NA
460.996,3.0040,47.8808,1.5208,43.0981,NA,NA,NA,NA,NA,NA,NA,NA,NA,NA,NA,NA
461.101,2.9768,46.5413,1.5172,42.7594,NA,NA,NA,NA,NA,NA,NA,NA,NA,NA,NA,NA
461.195,2.9684,46.1302,1.5150,42.5503,NA,NA,NA,NA,NA,NA,NA,NA,NA,NA,NA,NA
461.291,2.9500,45.2260,1.5133,42.3907,NA,NA,NA,NA,NA,NA,NA,NA,NA,NA,NA,NA
461.394,2.9460,45.0276,1.5098,42.0670,NA,NA,NA,NA,NA,NA,NA,NA,NA,NA,NA,NA
461.486,2.9393,44.6972,1.5062,41.7294,NA,NA,NA,NA,NA,NA,NA,NA,NA,NA,NA,NA
461.594,2.9321,44.3442,1.5004,41.1801,NA,NA,NA,NA,NA,NA,NA,NA,NA,NA,NA,NA
461.687,2.9229,43.8894,1.4971,40.8739,NA,NA,NA,NA,NA,NA,NA,NA,NA,NA,NA,NA
461.795,2.9141,43.4552,1.4957,40.7373,NA,NA,NA,NA,NA,NA,NA,NA,NA,NA,NA,NA
461.881,2.9141,43.4552,1.4908,40.2779,NA,NA,NA,NA,NA,NA,NA,NA,NA,NA,NA,NA
461.983,2.9037,42.9459,1.4895,40.1520,NA,NA,NA,NA,NA,NA,NA,NA,NA,NA,NA,NA
462.076,2.9009,42.8047,1.4888,40.0895,NA,NA,NA,NA,NA,NA,NA,NA,NA,NA,NA,NA
462.180,2.8823,41.8912,1.4854,39.7721,NA,NA,NA,NA,NA,NA,NA,NA,NA,NA,NA,NA
462.335,2.8742,41.4928,1.4828,39.5200,NA,NA,NA,NA,NA,NA,NA,NA,NA,NA,NA,NA
462.373,2.8741,41.4862,1.4811,39.3686,NA,NA,NA,NA,NA,NA,NA,NA,NA,NA,NA,NA
462.470,2.8815,41.8521,1.4793,39.1981,NA,NA,NA,NA,NA,NA,NA,NA,NA,NA,NA,NA
462.575,2.8815,41.8521,1.4787,39.1391,NA,NA,NA,NA,NA,NA,NA,NA,NA,NA,NA,NA
462.668,2.8618,40.8830,1.4774,39.0171,NA,NA,NA,NA,NA,NA,NA,NA,NA,NA,NA,NA
462.769,2.8618,40.8830,1.4768,38.9643,NA,NA,NA,NA,NA,NA,NA,NA,NA,NA,NA,NA
462.861,2.8532,40.4584,1.4763,38.9114,NA,NA,NA,NA,NA,NA,NA,NA,NA,NA,NA,NA
462.962,2.8494,40.2707,1.4756,38.8492,NA,NA,NA,NA,NA,NA,NA,NA,NA,NA,NA,NA
463.063,2.8494,40.2707,1.4745,38.7465,NA,NA,NA,NA,NA,NA,NA,NA,NA,NA,NA,NA
463.152,2.8452,40.0653,1.4733,38.6295,NA,NA,NA,NA,NA,NA,NA,NA,NA,NA,NA,NA
463.254,2.8452,40.0653,1.4712,38.4361,NA,NA,NA,NA,NA,NA,NA,NA,NA,NA,NA,NA
463.349,2.8414,39.8760,1.4703,38.3511,NA,NA,NA,NA,NA,NA,NA,NA,NA,NA,NA,NA
463.445,2.8382,39.7181,1.4693,38.2545,NA,NA,NA,NA,NA,NA,NA,NA,NA,NA,NA,NA
463.563,2.8368,39.6516,1.4688,38.2115,NA,NA,NA,NA,NA,NA,NA,NA,NA,NA,NA,NA
463.650,2.8253,39.0851,1.4688,38.2115,NA,NA,NA,NA,NA,NA,NA,NA,NA,NA,NA,NA
463.739,2.8197,38.8108,1.4665,37.9933,NA,NA,NA,NA,NA,NA,NA,NA,NA,NA,NA,NA
463.846,2.8180,38.7259,1.4654,37.8918,NA,NA,NA,NA,NA,NA,NA,NA,NA,NA,NA,NA
463.936,2.8205,38.8490,1.4646,37.8163,NA,NA,NA,NA,NA,NA,NA,NA,NA,NA,NA,NA
464.036,2.8205,38.8490,1.4636,37.7193,NA,NA,NA,NA,NA,NA,NA,NA,NA,NA,NA,NA
464.135,2.8168,38.6681,1.4629,37.6488,NA,NA,NA,NA,NA,NA,NA,NA,NA,NA,NA,NA
464.228,2.8094,38.3022,1.4616,37.5332,NA,NA,NA,NA,NA,NA,NA,NA,NA,NA,NA,NA
464.333,2.8094,38.3022,1.4611,37.4863,NA,NA,NA,NA,NA,NA,NA,NA,NA,NA,NA,NA
464.425,2.8074,38.2062,1.4604,37.4190,NA,NA,NA,NA,NA,NA,NA,NA,NA,NA,NA,NA
464.525,2.8051,38.0909,1.4604,37.4190,NA,NA,NA,NA,NA,NA,NA,NA,NA,NA,NA,NA
464.626,2.8051,38.0909,1.4597,37.3530,NA,NA,NA,NA,NA,NA,NA,NA,NA,NA,NA,NA
464.763,2.8056,38.1156,1.4594,37.3247,NA,NA,NA,NA,NA,NA,NA,NA,NA,NA,NA,NA
464.816,2.8056,38.1156,1.4594,37.3247,NA,NA,NA,NA,NA,NA,NA,NA,NA,NA,NA,NA
464.919,2.7894,37.3204,1.4580,37.1870,NA,NA,NA,NA,NA,NA,NA,NA,NA,NA,NA,NA
465.015,2.7894,37.3204,1.4565,37.0464,NA,NA,NA,NA,NA,NA,NA,NA,NA,NA,NA,NA
465.116,2.7885,37.2721,1.4559,36.9890,NA,NA,NA,NA,NA,NA,NA,NA,NA,NA,NA,NA
465.215,2.7877,37.2338,1.4550,36.9041,NA,NA,NA,NA,NA,NA,NA,NA,NA,NA,NA,NA
465.305,2.7868,37.1879,1.4548,36.8876,NA,NA,NA,NA,NA,NA,NA,NA,NA,NA,NA,NA
465.408,2.7848,37.0933,1.4542,36.8362,NA,NA,NA,NA,NA,NA,NA,NA,NA,NA,NA,NA
465.505,2.7791,36.8132,1.4532,36.7349,NA,NA,NA,NA,NA,NA,NA,NA,NA,NA,NA,NA
465.602,2.7758,36.6506,1.4531,36.7326,NA,NA,NA,NA,NA,NA,NA,NA,NA,NA,NA,NA
465.698,2.7745,36.5845,1.4519,36.6176,NA,NA,NA,NA,NA,NA,NA,NA,NA,NA,NA,NA
465.802,2.7643,36.0819,1.4519,36.6176,NA,NA,NA,NA,NA,NA,NA,NA,NA,NA,NA,NA
465.895,2.7643,36.0819,1.4510,36.5317,NA,NA,NA,NA,NA,NA,NA,NA,NA,NA,NA,NA
465.996,2.7650,36.1163,1.4505,36.4857,NA,NA,NA,NA,NA,NA,NA,NA,NA,NA,NA,NA
466.088,2.7650,36.1163,1.4469,36.1438,NA,NA,NA,NA,NA,NA,NA,NA,NA,NA,NA,NA
466.197,2.7635,36.0451,1.4461,36.0697,NA,NA,NA,NA,NA,NA,NA,NA,NA,NA,NA,NA
466.285,2.7635,36.0451,1.4443,35.9048,NA,NA,NA,NA,NA,NA,NA,NA,NA,NA,NA,NA
466.382,2.7551,35.6291,1.4446,35.9319,NA,NA,NA,NA,NA,NA,NA,NA,NA,NA,NA,NA
466.535,2.7551,35.6291,1.4446,35.9319,NA,NA,NA,NA,NA,NA,NA,NA,NA,NA,NA,NA
466.582,2.7523,35.4893,1.4435,35.8269,NA,NA,NA,NA,NA,NA,NA,NA,NA,NA,NA,NA
466.687,2.7524,35.4960,1.4435,35.8269,NA,NA,NA,NA,NA,NA,NA,NA,NA,NA,NA,NA
466.779,2.7524,35.4960,1.4422,35.7002,NA,NA,NA,NA,NA,NA,NA,NA,NA,NA,NA,NA
466.881,2.7512,35.4394,1.4416,35.6511,NA,NA,NA,NA,NA,NA,NA,NA,NA,NA,NA,NA
466.975,2.7479,35.2762,1.4413,35.6173,NA,NA,NA,NA,NA,NA,NA,NA,NA,NA,NA,NA
467.119,2.7379,34.7833,1.4403,35.5266,NA,NA,NA,NA,NA,NA,NA,NA,NA,NA,NA,NA
467.171,2.7356,34.6674,1.4403,35.5266,NA,NA,NA,NA,NA,NA,NA,NA,NA,NA,NA,NA
467.262,2.7324,34.5125,1.4376,35.2718,NA,NA,NA,NA,NA,NA,NA,NA,NA,NA,NA,NA
467.363,2.7377,34.7714,1.4344,34.9706,NA,NA,NA,NA,NA,NA,NA,NA,NA,NA,NA,NA
467.459,2.7377,34.7714,1.4344,34.9706,NA,NA,NA,NA,NA,NA,NA,NA,NA,NA,NA,NA
467.557,2.7343,34.6055,1.4334,34.8749,NA,NA,NA,NA,NA,NA,NA,NA,NA,NA,NA,NA
467.654,2.7343,34.6055,1.4322,34.7624,NA,NA,NA,NA,NA,NA,NA,NA,NA,NA,NA,NA
467.768,2.7277,34.2822,1.4316,34.7084,NA,NA,NA,NA,NA,NA,NA,NA,NA,NA,NA,NA
467.855,2.7277,34.2822,1.4315,34.6977,NA,NA,NA,NA,NA,NA,NA,NA,NA,NA,NA,NA
467.947,2.7199,33.8984,1.4311,34.6607,NA,NA,NA,NA,NA,NA,NA,NA,NA,NA,NA,NA
468.056,2.7167,33.7407,1.4311,34.6607,NA,NA,NA,NA,NA,NA,NA,NA,NA,NA,NA,NA
468.144,2.7167,33.7407,1.4304,34.5926,NA,NA,NA,NA,NA,NA,NA,NA,NA,NA,NA,NA
468.278,2.7133,33.5733,1.4298,34.5362,NA,NA,NA,NA,NA,NA,NA,NA,NA,NA,NA,NA
468.344,2.7133,33.5733,1.4287,34.4348,NA,NA,NA,NA,NA,NA,NA,NA,NA,NA,NA,NA
468.444,2.7173,33.7674,1.4283,34.3990,NA,NA,NA,NA,NA,NA,NA,NA,NA,NA,NA,NA
468.536,2.7173,33.7674,1.4262,34.2019,NA,NA,NA,NA,NA,NA,NA,NA,NA,NA,NA,NA
468.637,2.7066,33.2432,1.4263,34.2091,NA,NA,NA,NA,NA,NA,NA,NA,NA,NA,NA,NA
468.742,2.7042,33.1221,1.4265,34.2303,NA,NA,NA,NA,NA,NA,NA,NA,NA,NA,NA,NA
468.831,2.6985,32.8415,1.4265,34.2303,NA,NA,NA,NA,NA,NA,NA,NA,NA,NA,NA,NA
469.004,2.7058,33.2035,1.4264,34.2150,NA,NA,NA,NA,NA,NA,NA,NA,NA,NA,NA,NA
469.036,2.7058,33.2035,1.4256,34.1441,NA,NA,NA,NA,NA,NA,NA,NA,NA,NA,NA,NA
469.128,2.6913,32.4864,1.4239,33.9799,NA,NA,NA,NA,NA,NA,NA,NA,NA,NA,NA,NA
469.227,2.6913,32.4864,1.4236,33.9525,NA,NA,NA,NA,NA,NA,NA,NA,NA,NA,NA,NA
469.326,2.6912,32.4830,1.4185,33.4733,NA,NA,NA,NA,NA,NA,NA,NA,NA,NA,NA,NA
469.430,2.6875,32.3008,1.4181,33.4365,NA,NA,NA,NA,NA,NA,NA,NA,NA,NA,NA,NA
469.514,2.6952,32.6815,1.4183,33.4511,NA,NA,NA,NA,NA,NA,NA,NA,NA,NA,NA,NA
469.622,2.6952,32.6815,1.4183,33.4511,NA,NA,NA,NA,NA,NA,NA,NA,NA,NA,NA,NA
469.715,2.6885,32.3528,1.4177,33.3959,NA,NA,NA,NA,NA,NA,NA,NA,NA,NA,NA,NA
469.809,2.6885,32.3528,1.4174,33.3751,NA,NA,NA,NA,NA,NA,NA,NA,NA,NA,NA,NA
469.903,2.6756,31.7182,1.4174,33.3700,NA,NA,NA,NA,NA,NA,NA,NA,NA,NA,NA,NA
470.015,2.6738,31.6295,1.4174,33.3700,NA,NA,NA,NA,NA,NA,NA,NA,NA,NA,NA,NA
470.156,2.6673,31.3084,1.4172,33.3555,NA,NA,NA,NA,NA,NA,NA,NA,NA,NA,NA,NA
470.201,2.6696,31.4199,1.4168,33.3126,NA,NA,NA,NA,NA,NA,NA,NA,NA,NA,NA,NA
470.301,2.6696,31.4199,1.4161,33.2452,NA,NA,NA,NA,NA,NA,NA,NA,NA,NA,NA,NA
470.396,2.6669,31.2861,1.4152,33.1601,NA,NA,NA,NA,NA,NA,NA,NA,NA,NA,NA,NA
470.495,2.6669,31.2861,1.4144,33.0878,NA,NA,NA,NA,NA,NA,NA,NA,NA,NA,NA,NA
470.597,2.6622,31.0556,1.4138,33.0331,NA,NA,NA,NA,NA,NA,NA,NA,NA,NA,NA,NA
470.691,2.6622,31.0556,1.4133,32.9885,NA,NA,NA,NA,NA,NA,NA,NA,NA,NA,NA,NA
470.804,2.6493,30.4194,1.4138,33.0277,NA,NA,NA,NA,NA,NA,NA,NA,NA,NA,NA,NA
470.899,2.6493,30.4194,1.4138,33.0277,NA,NA,NA,NA,NA,NA,NA,NA,NA,NA,NA,NA
470.992,2.6513,30.5200,1.4116,32.8238,NA,NA,NA,NA,NA,NA,NA,NA,NA,NA,NA,NA
471.083,2.6558,30.7435,1.4109,32.7621,NA,NA,NA,NA,NA,NA,NA,NA,NA,NA,NA,NA
471.180,2.6575,30.8258,1.4108,32.7498,NA,NA,NA,NA,NA,NA,NA,NA,NA,NA,NA,NA
471.316,2.6575,30.8258,1.4094,32.6181,NA,NA,NA,NA,NA,NA,NA,NA,NA,NA,NA,NA
471.376,2.6562,30.7615,1.4086,32.5431,NA,NA,NA,NA,NA,NA,NA,NA,NA,NA,NA,NA
471.473,2.6518,30.5446,1.4086,32.5399,NA,NA,NA,NA,NA,NA,NA,NA,NA,NA,NA,NA
471.575,2.6477,30.3438,1.4086,32.5399,NA,NA,NA,NA,NA,NA,NA,NA,NA,NA,NA,NA
471.669,2.6449,30.2069,1.4062,32.3170,NA,NA,NA,NA,NA,NA,NA,NA,NA,NA,NA,NA
471.779,2.6485,30.3795,1.4062,32.3170,NA,NA,NA,NA,NA,NA,NA,NA,NA,NA,NA,NA
471.865,2.6485,30.3795,1.4059,32.2923,NA,NA,NA,NA,NA,NA,NA,NA,NA,NA,NA,NA
471.981,2.6458,30.2513,1.4033,32.0445,NA,NA,NA,NA,NA,NA,NA,NA,NA,NA,NA,NA
472.060,2.6458,30.2513,1.4027,31.9907,NA,NA,NA,NA,NA,NA,NA,NA,NA,NA,NA,NA
472.155,2.6416,30.0433,1.4022,31.9448,NA,NA,NA,NA,NA,NA,NA,NA,NA,NA,NA,NA
472.260,2.6299,29.4674,1.4022,31.9448,NA,NA,NA,NA,NA,NA,NA,NA,NA,NA,NA,NA
472.359,2.6264,29.2928,1.4019,31.9105,NA,NA,NA,NA,NA,NA,NA,NA,NA,NA,NA,NA
472.467,2.6285,29.3991,1.4019,31.9105,NA,NA,NA,NA,NA,NA,NA,NA,NA,NA,NA,NA
472.602,2.6285,29.3991,1.4005,31.7814,NA,NA,NA,NA,NA,NA,NA,NA,NA,NA,NA,NA
472.655,2.6242,29.1865,1.3999,31.7262,NA,NA,NA,NA,NA,NA,NA,NA,NA,NA,NA,NA
472.750,2.6242,29.1865,1.3996,31.6930,NA,NA,NA,NA,NA,NA,NA,NA,NA,NA,NA,NA
472.843,2.6247,29.2084,1.3976,31.5065,NA,NA,NA,NA,NA,NA,NA,NA,NA,NA,NA,NA
472.947,2.6247,29.2084,1.3970,31.4469,NA,NA,NA,NA,NA,NA,NA,NA,NA,NA,NA,NA
473.044,2.6188,28.9183,1.3959,31.3516,NA,NA,NA,NA,NA,NA,NA,NA,NA,NA,NA,NA
473.141,2.6188,28.9183,1.3959,31.3516,NA,NA,NA,NA,NA,NA,NA,NA,NA,NA,NA,NA
473.236,2.6124,28.6028,1.3958,31.3359,NA,NA,NA,NA,NA,NA,NA,NA,NA,NA,NA,NA
473.336,2.6124,28.6067,1.3958,31.3359,NA,NA,NA,NA,NA,NA,NA,NA,NA,NA,NA,NA
473.438,2.6124,28.6067,1.3948,31.2449,NA,NA,NA,NA,NA,NA,NA,NA,NA,NA,NA,NA
473.529,2.5981,27.9009,1.3936,31.1350,NA,NA,NA,NA,NA,NA,NA,NA,NA,NA,NA,NA
473.625,2.5981,27.9009,1.3936,31.1292,NA,NA,NA,NA,NA,NA,NA,NA,NA,NA,NA,NA
473.739,2.5959,27.7910,1.3923,31.0060,NA,NA,NA,NA,NA,NA,NA,NA,NA,NA,NA,NA
473.823,2.5959,27.7910,1.3906,30.8525,NA,NA,NA,NA,NA,NA,NA,NA,NA,NA,NA,NA
473.921,2.5919,27.5939,1.3918,30.9653,NA,NA,NA,NA,NA,NA,NA,NA,NA,NA,NA,NA
474.037,2.5942,27.7074,1.3918,30.9653,NA,NA,NA,NA,NA,NA,NA,NA,NA,NA,NA,NA
474.117,2.5943,27.7139,1.3898,30.7721,NA,NA,NA,NA,NA,NA,NA,NA,NA,NA,NA,NA
474.218,2.5971,27.8524,1.3898,30.7721,NA,NA,NA,NA,NA,NA,NA,NA,NA,NA,NA,NA
474.359,2.5971,27.8524,1.3897,30.7639,NA,NA,NA,NA,NA,NA,NA,NA,NA,NA,NA,NA
474.416,2.5921,27.6052,1.3868,30.4954,NA,NA,NA,NA,NA,NA,NA,NA,NA,NA,NA,NA
474.507,2.5872,27.3642,1.3857,30.3910,NA,NA,NA,NA,NA,NA,NA,NA,NA,NA,NA,NA
474.605,2.5844,27.2243,1.3861,30.4211,NA,NA,NA,NA,NA,NA,NA,NA,NA,NA,NA,NA
474.696,2.5826,27.1387,1.3861,30.4211,NA,NA,NA,NA,NA,NA,NA,NA,NA,NA,NA,NA
474.814,2.5804,27.0314,1.3841,30.2329,NA,NA,NA,NA,NA,NA,NA,NA,NA,NA,NA,NA
474.955,2.5810,27.0583,1.3841,30.2329,NA,NA,NA,NA,NA,NA,NA,NA,NA,NA,NA,NA
474.996,2.5810,27.0583,1.3837,30.1957,NA,NA,NA,NA,NA,NA,NA,NA,NA,NA,NA,NA
475.095,2.5848,27.2482,1.3837,30.1957,NA,NA,NA,NA,NA,NA,NA,NA,NA,NA,NA,NA
475.197,2.5848,27.2482,1.3836,30.1930,NA,NA,NA,NA,NA,NA,NA,NA,NA,NA,NA,NA
475.317,2.5810,27.0603,1.3830,30.1323,NA,NA,NA,NA,NA,NA,NA,NA,NA,NA,NA,NA
475.392,2.5808,27.0495,1.3812,29.9687,NA,NA,NA,NA,NA,NA,NA,NA,NA,NA,NA,NA
475.545,2.5721,26.6191,1.3807,29.9212,NA,NA,NA,NA,NA,NA,NA,NA,NA,NA,NA,NA
475.577,2.5718,26.6075,1.3804,29.8914,NA,NA,NA,NA,NA,NA,NA,NA,NA,NA,NA,NA
475.685,2.5718,26.6075,1.3802,29.8661,NA,NA,NA,NA,NA,NA,NA,NA,NA,NA,NA,NA
475.781,2.5678,26.4081,1.3802,29.8661,NA,NA,NA,NA,NA,NA,NA,NA,NA,NA,NA,NA
475.885,2.5698,26.5097,1.3790,29.7581,NA,NA,NA,NA,NA,NA,NA,NA,NA,NA,NA,NA
475.979,2.5698,26.5097,1.3777,29.6365,NA,NA,NA,NA,NA,NA,NA,NA,NA,NA,NA,NA
476.085,2.5673,26.3839,1.3771,29.5831,NA,NA,NA,NA,NA,NA,NA,NA,NA,NA,NA,NA
476.182,2.5689,26.4653,1.3761,29.4890,NA,NA,NA,NA,NA,NA,NA,NA,NA,NA,NA,NA
476.268,2.5690,26.4680,1.3752,29.3978,NA,NA,NA,NA,NA,NA,NA,NA,NA,NA,NA,NA
476.367,2.5690,26.4680,1.3748,29.3658,NA,NA,NA,NA,NA,NA,NA,NA,NA,NA,NA,NA
476.467,2.5590,25.9759,1.3748,29.3658,NA,NA,NA,NA,NA,NA,NA,NA,NA,NA,NA,NA
476.587,2.5549,25.7761,1.3734,29.2300,NA,NA,NA,NA,NA,NA,NA,NA,NA,NA,NA,NA
476.663,2.5536,25.7108,1.3730,29.1908,NA,NA,NA,NA,NA,NA,NA,NA,NA,NA,NA,NA
476.766,2.5549,25.7743,1.3716,29.0611,NA,NA,NA,NA,NA,NA,NA,NA,NA,NA,NA,NA
476.858,2.5549,25.7743,1.3697,28.8781,NA,NA,NA,NA,NA,NA,NA,NA,NA,NA,NA,NA
476.960,2.5520,25.6292,1.3684,28.7648,NA,NA,NA,NA,NA,NA,NA,NA,NA,NA,NA,NA
477.055,2.5611,26.0768,1.3682,28.7408,NA,NA,NA,NA,NA,NA,NA,NA,NA,NA,NA,NA
477.165,2.5611,26.0768,1.3682,28.7408,NA,NA,NA,NA,NA,NA,NA,NA,NA,NA,NA,NA
477.250,2.5505,25.5586,1.3677,28.6951,NA,NA,NA,NA,NA,NA,NA,NA,NA,NA,NA,NA
477.390,2.5495,25.5077,1.3676,28.6878,NA,NA,NA,NA,NA,NA,NA,NA,NA,NA,NA,NA
477.447,2.5432,25.1977,1.3660,28.5331,NA,NA,NA,NA,NA,NA,NA,NA,NA,NA,NA,NA
477.548,2.5381,24.9480,1.3647,28.4158,NA,NA,NA,NA,NA,NA,NA,NA,NA,NA,NA,NA
477.646,2.5389,24.9883,1.3640,28.3425,NA,NA,NA,NA,NA,NA,NA,NA,NA,NA,NA,NA
477.738,2.5407,25.0736,1.3632,28.2701,NA,NA,NA,NA,NA,NA,NA,NA,NA,NA,NA,NA
477.839,2.5407,25.0736,1.3624,28.1922,NA,NA,NA,NA,NA,NA,NA,NA,NA,NA,NA,NA
477.938,2.5438,25.2253,1.3615,28.1079,NA,NA,NA,NA,NA,NA,NA,NA,NA,NA,NA,NA
478.034,2.5438,25.2253,1.3614,28.0997,NA,NA,NA,NA,NA,NA,NA,NA,NA,NA,NA,NA
478.136,2.5370,24.8936,1.3594,27.9116,NA,NA,NA,NA,NA,NA,NA,NA,NA,NA,NA,NA
478.229,2.5297,24.5329,1.3594,27.9116,NA,NA,NA,NA,NA,NA,NA,NA,NA,NA,NA,NA
478.330,2.5297,24.5329,1.3592,27.8901,NA,NA,NA,NA,NA,NA,NA,NA,NA,NA,NA,NA
478.432,2.5295,24.5227,1.3589,27.8700,NA,NA,NA,NA,NA,NA,NA,NA,NA,NA,NA,NA
478.567,2.5295,24.5227,1.3583,27.8097,NA,NA,NA,NA,NA,NA,NA,NA,NA,NA,NA,NA
478.618,2.5216,24.1323,1.3574,27.7275,NA,NA,NA,NA,NA,NA,NA,NA,NA,NA,NA,NA
478.724,2.5216,24.1323,1.3570,27.6868,NA,NA,NA,NA,NA,NA,NA,NA,NA,NA,NA,NA
478.817,2.5239,24.2464,1.3571,27.6922,NA,NA,NA,NA,NA,NA,NA,NA,NA,NA,NA,NA
478.921,2.5239,24.2464,1.3571,27.6922,NA,NA,NA,NA,NA,NA,NA,NA,NA,NA,NA,NA
479.012,2.5244,24.2739,1.3570,27.6862,NA,NA,NA,NA,NA,NA,NA,NA,NA,NA,NA,NA
479.169,2.5248,24.2916,1.3570,27.6849,NA,NA,NA,NA,NA,NA,NA,NA,NA,NA,NA,NA
479.214,2.5248,24.2916,1.3564,27.6356,NA,NA,NA,NA,NA,NA,NA,NA,NA,NA,NA,NA
479.306,2.5248,24.2941,1.3555,27.5462,NA,NA,NA,NA,NA,NA,NA,NA,NA,NA,NA,NA
479.411,2.5248,24.2941,1.3562,27.6100,NA,NA,NA,NA,NA,NA,NA,NA,NA,NA,NA,NA
479.511,2.5117,23.6490,1.3562,27.6100,NA,NA,NA,NA,NA,NA,NA,NA,NA,NA,NA,NA
479.599,2.5099,23.5605,1.3549,27.4916,NA,NA,NA,NA,NA,NA,NA,NA,NA,NA,NA,NA
479.714,2.5069,23.4099,1.3547,27.4714,NA,NA,NA,NA,NA,NA,NA,NA,NA,NA,NA,NA
479.801,2.5134,23.7307,1.3546,27.4612,NA,NA,NA,NA,NA,NA,NA,NA,NA,NA,NA,NA
479.899,2.5134,23.7307,1.3544,27.4468,NA,NA,NA,NA,NA,NA,NA,NA,NA,NA,NA,NA
479.996,2.5084,23.4866,1.3536,27.3649,NA,NA,NA,NA,NA,NA,NA,NA,NA,NA,NA,NA
480.091,2.5081,23.4680,1.3532,27.3281,NA,NA,NA,NA,NA,NA,NA,NA,NA,NA,NA,NA
480.193,2.5004,23.0933,1.3526,27.2773,NA,NA,NA,NA,NA,NA,NA,NA,NA,NA,NA,NA
480.349,2.5043,23.2834,1.3526,27.2773,NA,NA,NA,NA,NA,NA,NA,NA,NA,NA,NA,NA
480.379,2.5056,23.3453,1.3524,27.2543,NA,NA,NA,NA,NA,NA,NA,NA,NA,NA,NA,NA
480.484,2.5056,23.3453,1.3523,27.2479,NA,NA,NA,NA,NA,NA,NA,NA,NA,NA,NA,NA
480.583,2.5020,23.1713,1.3511,27.1329,NA,NA,NA,NA,NA,NA,NA,NA,NA,NA,NA,NA
480.679,2.4966,22.9063,1.3498,27.0145,NA,NA,NA,NA,NA,NA,NA,NA,NA,NA,NA,NA
480.773,2.4980,22.9710,1.3500,27.0326,NA,NA,NA,NA,NA,NA,NA,NA,NA,NA,NA,NA
480.909,2.4980,22.9710,1.3500,27.0326,NA,NA,NA,NA,NA,NA,NA,NA,NA,NA,NA,NA
480.976,2.4936,22.7567,1.3485,26.8911,NA,NA,NA,NA,NA,NA,NA,NA,NA,NA,NA,NA
481.073,2.4943,22.7885,1.3480,26.8384,NA,NA,NA,NA,NA,NA,NA,NA,NA,NA,NA,NA
481.164,2.4943,22.7885,1.3472,26.7669,NA,NA,NA,NA,NA,NA,NA,NA,NA,NA,NA,NA
481.267,2.4893,22.5427,1.3459,26.6449,NA,NA,NA,NA,NA,NA,NA,NA,NA,NA,NA,NA
481.361,2.4893,22.5427,1.3449,26.5448,NA,NA,NA,NA,NA,NA,NA,NA,NA,NA,NA,NA
481.461,2.4859,22.3775,1.3447,26.5298,NA,NA,NA,NA,NA,NA,NA,NA,NA,NA,NA,NA
481.555,2.4859,22.3775,1.3434,26.4053,NA,NA,NA,NA,NA,NA,NA,NA,NA,NA,NA,NA
481.658,2.4675,21.4730,1.3439,26.4574,NA,NA,NA,NA,NA,NA,NA,NA,NA,NA,NA,NA
481.757,2.4689,21.5406,1.3439,26.4574,NA,NA,NA,NA,NA,NA,NA,NA,NA,NA,NA,NA
481.866,2.4694,21.5657,1.3431,26.3772,NA,NA,NA,NA,NA,NA,NA,NA,NA,NA,NA,NA
481.946,2.4696,21.5732,1.3412,26.2009,NA,NA,NA,NA,NA,NA,NA,NA,NA,NA,NA,NA
482.088,2.4696,21.5732,1.3412,26.2009,NA,NA,NA,NA,NA,NA,NA,NA,NA,NA,NA,NA
482.147,2.4680,21.4984,1.3394,26.0330,NA,NA,NA,NA,NA,NA,NA,NA,NA,NA,NA,NA
482.246,2.4680,21.4984,1.3381,25.9087,NA,NA,NA,NA,NA,NA,NA,NA,NA,NA,NA,NA
482.337,2.4550,20.8543,1.3373,25.8307,NA,NA,NA,NA,NA,NA,NA,NA,NA,NA,NA,NA
482.449,2.4543,20.8201,1.3368,25.7824,NA,NA,NA,NA,NA,NA,NA,NA,NA,NA,NA,NA
482.543,2.4501,20.6152,1.3366,25.7650,NA,NA,NA,NA,NA,NA,NA,NA,NA,NA,NA,NA
482.635,2.4817,22.1723,1.3393,26.0176,NA,NA,NA,NA,NA,NA,NA,NA,NA,NA,NA,NA
482.761,2.5199,24.0507,1.3501,27.0336,NA,NA,NA,NA,NA,NA,NA,NA,NA,NA,NA,NA
482.834,2.5873,27.3706,1.3642,28.3683,NA,NA,NA,NA,NA,NA,NA,NA,NA,NA,NA,NA
482.926,2.6487,30.3936,1.3835,30.1774,NA,NA,NA,NA,NA,NA,NA,NA,NA,NA,NA,NA
483.034,2.6956,32.6982,1.4004,31.7710,NA,NA,NA,NA,NA,NA,NA,NA,NA,NA,NA,NA
483.123,2.7050,33.1625,1.4063,32.3261,NA,NA,NA,NA,NA,NA,NA,NA,NA,NA,NA,NA
483.225,2.7113,33.4729,1.4063,32.3261,NA,NA,NA,NA,NA,NA,NA,NA,NA,NA,NA,NA
483.339,2.7118,33.4978,1.4054,32.2452,NA,NA,NA,NA,NA,NA,NA,NA,NA,NA,NA,NA
483.420,2.7118,33.4978,1.4054,32.2452,NA,NA,NA,NA,NA,NA,NA,NA,NA,NA,NA,NA
483.518,2.6946,32.6528,1.4042,32.1292,NA,NA,NA,NA,NA,NA,NA,NA,NA,NA,NA,NA
483.611,2.6914,32.4953,1.4042,32.1292,NA,NA,NA,NA,NA,NA,NA,NA,NA,NA,NA,NA
483.714,2.6759,31.7297,1.4006,31.7875,NA,NA,NA,NA,NA,NA,NA,NA,NA,NA,NA,NA
483.812,2.6729,31.5853,1.4000,31.7340,NA,NA,NA,NA,NA,NA,NA,NA,NA,NA,NA,NA
483.904,2.6628,31.0878,1.3974,31.4917,NA,NA,NA,NA,NA,NA,NA,NA,NA,NA,NA,NA
484.006,2.6580,30.8502,1.3974,31.4917,NA,NA,NA,NA,NA,NA,NA,NA,NA,NA,NA,NA
484.109,2.6477,30.3442,1.3935,31.1258,NA,NA,NA,NA,NA,NA,NA,NA,NA,NA,NA,NA
484.206,2.6430,30.1098,1.3925,31.0250,NA,NA,NA,NA,NA,NA,NA,NA,NA,NA,NA,NA
484.308,2.6430,30.1098,1.3902,30.8142,NA,NA,NA,NA,NA,NA,NA,NA,NA,NA,NA,NA
484.396,2.6210,29.0291,1.3892,30.7137,NA,NA,NA,NA,NA,NA,NA,NA,NA,NA,NA,NA
484.565,2.6210,29.0291,1.3867,30.4807,NA,NA,NA,NA,NA,NA,NA,NA,NA,NA,NA,NA
484.598,2.6153,28.7490,1.3826,30.0930,NA,NA,NA,NA,NA,NA,NA,NA,NA,NA,NA,NA
484.689,2.6079,28.3827,1.3808,29.9250,NA,NA,NA,NA,NA,NA,NA,NA,NA,NA,NA,NA
484.795,2.6022,28.1021,1.3772,29.5839,NA,NA,NA,NA,NA,NA,NA,NA,NA,NA,NA,NA
484.894,2.6016,28.0751,1.3765,29.5197,NA,NA,NA,NA,NA,NA,NA,NA,NA,NA,NA,NA
484.983,2.6016,28.0751,1.3743,29.3114,NA,NA,NA,NA,NA,NA,NA,NA,NA,NA,NA,NA
485.084,2.5891,27.4561,1.3721,29.1108,NA,NA,NA,NA,NA,NA,NA,NA,NA,NA,NA,NA
485.183,2.5891,27.4561,1.3701,28.9203,NA,NA,NA,NA,NA,NA,NA,NA,NA,NA,NA,NA
485.284,2.5869,27.3501,1.3658,28.5183,NA,NA,NA,NA,NA,NA,NA,NA,NA,NA,NA,NA
485.379,2.5869,27.3501,1.3641,28.3583,NA,NA,NA,NA,NA,NA,NA,NA,NA,NA,NA,NA
485.472,2.5700,26.5172,1.3617,28.1254,NA,NA,NA,NA,NA,NA,NA,NA,NA,NA,NA,NA
485.571,2.5647,26.2549,1.3607,28.0349,NA,NA,NA,NA,NA,NA,NA,NA,NA,NA,NA,NA
485.725,2.5569,25.8711,1.3595,27.9217,NA,NA,NA,NA,NA,NA,NA,NA,NA,NA,NA,NA
485.764,2.5591,25.9829,1.3588,27.8579,NA,NA,NA,NA,NA,NA,NA,NA,NA,NA,NA,NA
485.871,2.5591,25.9829,1.3574,27.7231,NA,NA,NA,NA,NA,NA,NA,NA,NA,NA,NA,NA
485.963,2.5592,25.9872,1.3558,27.5744,NA,NA,NA,NA,NA,NA,NA,NA,NA,NA,NA,NA
486.069,2.5592,25.9872,1.3534,27.3490,NA,NA,NA,NA,NA,NA,NA,NA,NA,NA,NA,NA
486.160,2.5452,25.2950,1.3529,27.2998,NA,NA,NA,NA,NA,NA,NA,NA,NA,NA,NA,NA
486.260,2.5447,25.2704,1.3567,27.6586,NA,NA,NA,NA,NA,NA,NA,NA,NA,NA,NA,NA
486.407,2.5859,27.2992,1.3653,28.4684,NA,NA,NA,NA,NA,NA,NA,NA,NA,NA,NA,NA
486.454,2.6553,30.7161,1.3809,29.9368,NA,NA,NA,NA,NA,NA,NA,NA,NA,NA,NA,NA
486.573,2.7082,33.3217,1.3951,31.2691,NA,NA,NA,NA,NA,NA,NA,NA,NA,NA,NA,NA
486.649,2.7766,36.6904,1.4114,32.8015,NA,NA,NA,NA,NA,NA,NA,NA,NA,NA,NA,NA
486.744,2.8139,38.5258,1.4308,34.6294,NA,NA,NA,NA,NA,NA,NA,NA,NA,NA,NA,NA
486.852,2.8709,41.3318,1.4447,35.9354,NA,NA,NA,NA,NA,NA,NA,NA,NA,NA,NA,NA
486.962,2.9046,42.9876,1.4561,37.0141,NA,NA,NA,NA,NA,NA,NA,NA,NA,NA,NA,NA
487.040,2.9575,45.5950,1.4676,38.0928,NA,NA,NA,NA,NA,NA,NA,NA,NA,NA,NA,NA
487.139,3.0092,48.1361,1.4758,38.8690,NA,NA,NA,NA,NA,NA,NA,NA,NA,NA,NA,NA
487.239,3.0186,48.6014,1.4935,40.5349,NA,NA,NA,NA,NA,NA,NA,NA,NA,NA,NA,NA
487.331,3.0983,52.5224,1.5007,41.2054,NA,NA,NA,NA,NA,NA,NA,NA,NA,NA,NA,NA
487.442,3.1115,53.1741,1.5078,41.8768,NA,NA,NA,NA,NA,NA,NA,NA,NA,NA,NA,NA
487.538,3.1382,54.4911,1.5170,42.7395,NA,NA,NA,NA,NA,NA,NA,NA,NA,NA,NA,NA
487.619,3.1516,55.1509,1.5259,43.5781,NA,NA,NA,NA,NA,NA,NA,NA,NA,NA,NA,NA
487.730,3.1516,55.1509,1.5351,44.4413,NA,NA,NA,NA,NA,NA,NA,NA,NA,NA,NA,NA
487.822,3.1557,55.3487,1.5413,45.0322,NA,NA,NA,NA,NA,NA,NA,NA,NA,NA,NA,NA
487.920,3.1618,55.6511,1.5449,45.3684,NA,NA,NA,NA,NA,NA,NA,NA,NA,NA,NA,NA
488.020,3.1780,56.4493,1.5452,45.3935,NA,NA,NA,NA,NA,NA,NA,NA,NA,NA,NA,NA
488.171,3.1780,56.4493,1.5452,45.3935,NA,NA,NA,NA,NA,NA,NA,NA,NA,NA,NA,NA
488.217,3.1763,56.3642,1.5444,45.3185,NA,NA,NA,NA,NA,NA,NA,NA,NA,NA,NA,NA
488.315,3.1763,56.3642,1.5421,45.1055,NA,NA,NA,NA,NA,NA,NA,NA,NA,NA,NA,NA
488.418,3.1630,55.7083,1.5407,44.9745,NA,NA,NA,NA,NA,NA,NA,NA,NA,NA,NA,NA
488.512,3.1363,54.3951,1.5357,44.4998,NA,NA,NA,NA,NA,NA,NA,NA,NA,NA,NA,NA
488.624,3.1257,53.8749,1.5333,44.2737,NA,NA,NA,NA,NA,NA,NA,NA,NA,NA,NA,NA
488.706,3.1032,52.7661,1.5297,43.9402,NA,NA,NA,NA,NA,NA,NA,NA,NA,NA,NA,NA
488.804,3.0984,52.5303,1.5253,43.5269,NA,NA,NA,NA,NA,NA,NA,NA,NA,NA,NA,NA
488.905,3.0739,51.3252,1.5228,43.2929,NA,NA,NA,NA,NA,NA,NA,NA,NA,NA,NA,NA
489.002,3.0630,50.7877,1.5192,42.9467,NA,NA,NA,NA,NA,NA,NA,NA,NA,NA,NA,NA
489.099,3.0441,49.8577,1.5152,42.5687,NA,NA,NA,NA,NA,NA,NA,NA,NA,NA,NA,NA
489.193,3.0122,48.2878,1.5097,42.0518,NA,NA,NA,NA,NA,NA,NA,NA,NA,NA,NA,NA
489.342,2.9996,47.6641,1.5068,41.7799,NA,NA,NA,NA,NA,NA,NA,NA,NA,NA,NA,NA
489.390,2.9865,47.0196,1.5036,41.4773,NA,NA,NA,NA,NA,NA,NA,NA,NA,NA,NA,NA
489.489,2.9800,46.6996,1.5016,41.2972,NA,NA,NA,NA,NA,NA,NA,NA,NA,NA,NA,NA
489.584,2.9762,46.5144,1.4996,41.1009,NA,NA,NA,NA,NA,NA,NA,NA,NA,NA,NA,NA
489.694,2.9625,45.8391,1.4968,40.8460,NA,NA,NA,NA,NA,NA,NA,NA,NA,NA,NA,NA
489.786,2.9495,45.1972,1.4936,40.5417,NA,NA,NA,NA,NA,NA,NA,NA,NA,NA,NA,NA
489.875,2.9345,44.4615,1.4916,40.3535,NA,NA,NA,NA,NA,NA,NA,NA,NA,NA,NA,NA
489.980,2.9289,44.1835,1.4900,40.2030,NA,NA,NA,NA,NA,NA,NA,NA,NA,NA,NA,NA
490.082,2.9208,43.7847,1.4870,39.9216,NA,NA,NA,NA,NA,NA,NA,NA,NA,NA,NA,NA
490.178,2.9208,43.7885,1.4870,39.9216,NA,NA,NA,NA,NA,NA,NA,NA,NA,NA,NA,NA
490.275,2.9208,43.7885,1.4834,39.5835,NA,NA,NA,NA,NA,NA,NA,NA,NA,NA,NA,NA
490.372,2.9110,43.3020,1.4817,39.4209,NA,NA,NA,NA,NA,NA,NA,NA,NA,NA,NA,NA
490.514,2.9100,43.2574,1.4795,39.2180,NA,NA,NA,NA,NA,NA,NA,NA,NA,NA,NA,NA
490.567,2.9020,42.8600,1.4795,39.2180,NA,NA,NA,NA,NA,NA,NA,NA,NA,NA,NA,NA
490.671,2.8949,42.5098,1.4767,38.9542,NA,NA,NA,NA,NA,NA,NA,NA,NA,NA,NA,NA
490.764,2.8845,41.9988,1.4749,38.7811,NA,NA,NA,NA,NA,NA,NA,NA,NA,NA,NA,NA
490.857,2.8850,42.0221,1.4748,38.7740,NA,NA,NA,NA,NA,NA,NA,NA,NA,NA,NA,NA
490.963,2.8857,42.0582,1.4748,38.7740,NA,NA,NA,NA,NA,NA,NA,NA,NA,NA,NA,NA
491.054,2.8857,42.0582,1.4731,38.6142,NA,NA,NA,NA,NA,NA,NA,NA,NA,NA,NA,NA
491.201,2.8850,42.0232,1.4722,38.5295,NA,NA,NA,NA,NA,NA,NA,NA,NA,NA,NA,NA
491.256,2.8782,41.6907,1.4705,38.3696,NA,NA,NA,NA,NA,NA,NA,NA,NA,NA,NA,NA
491.353,2.8644,41.0122,1.4690,38.2245,NA,NA,NA,NA,NA,NA,NA,NA,NA,NA,NA,NA
491.443,2.8632,40.9536,1.4677,38.1041,NA,NA,NA,NA,NA,NA,NA,NA,NA,NA,NA,NA
491.547,2.8596,40.7749,1.4672,38.0527,NA,NA,NA,NA,NA,NA,NA,NA,NA,NA,NA,NA
491.641,2.8596,40.7749,1.4640,37.7583,NA,NA,NA,NA,NA,NA,NA,NA,NA,NA,NA,NA
491.790,2.8607,40.8264,1.4638,37.7406,NA,NA,NA,NA,NA,NA,NA,NA,NA,NA,NA,NA
491.838,2.8607,40.8264,1.4623,37.5913,NA,NA,NA,NA,NA,NA,NA,NA,NA,NA,NA,NA
491.952,2.8490,40.2497,1.4598,37.3622,NA,NA,NA,NA,NA,NA,NA,NA,NA,NA,NA,NA
492.038,2.8490,40.2497,1.4598,37.3622,NA,NA,NA,NA,NA,NA,NA,NA,NA,NA,NA,NA
492.128,2.8330,39.4644,1.4583,37.2156,NA,NA,NA,NA,NA,NA,NA,NA,NA,NA,NA,NA
492.230,2.8284,39.2398,1.4583,37.2156,NA,NA,NA,NA,NA,NA,NA,NA,NA,NA,NA,NA
492.333,2.8196,38.8041,1.4567,37.0706,NA,NA,NA,NA,NA,NA,NA,NA,NA,NA,NA,NA
492.422,2.8231,38.9757,1.4567,37.0706,NA,NA,NA,NA,NA,NA,NA,NA,NA,NA,NA,NA
492.526,2.8231,38.9757,1.4547,36.8839,NA,NA,NA,NA,NA,NA,NA,NA,NA,NA,NA,NA
492.620,2.8215,38.8963,1.4541,36.8210,NA,NA,NA,NA,NA,NA,NA,NA,NA,NA,NA,NA
492.722,2.8215,38.8963,1.4540,36.8188,NA,NA,NA,NA,NA,NA,NA,NA,NA,NA,NA,NA
492.818,2.8159,38.6249,1.4521,36.6375,NA,NA,NA,NA,NA,NA,NA,NA,NA,NA,NA,NA
492.925,2.8096,38.3116,1.4511,36.5377,NA,NA,NA,NA,NA,NA,NA,NA,NA,NA,NA,NA
493.017,2.8028,37.9795,1.4495,36.3945,NA,NA,NA,NA,NA,NA,NA,NA,NA,NA,NA,NA
493.115,2.8018,37.9266,1.4487,36.3147,NA,NA,NA,NA,NA,NA,NA,NA,NA,NA,NA,NA
493.226,2.8018,37.9266,1.4488,36.3274,NA,NA,NA,NA,NA,NA,NA,NA,NA,NA,NA,NA
493.309,2.8027,37.9734,1.4488,36.3274,NA,NA,NA,NA,NA,NA,NA,NA,NA,NA,NA,NA
493.412,2.8027,37.9734,1.4476,36.2118,NA,NA,NA,NA,NA,NA,NA,NA,NA,NA,NA,NA
493.501,2.7950,37.5934,1.4438,35.8576,NA,NA,NA,NA,NA,NA,NA,NA,NA,NA,NA,NA
493.606,2.7950,37.5934,1.4438,35.8558,NA,NA,NA,NA,NA,NA,NA,NA,NA,NA,NA,NA
493.695,2.7862,37.1607,1.4438,35.8558,NA,NA,NA,NA,NA,NA,NA,NA,NA,NA,NA,NA
493.802,2.7765,36.6826,1.4428,35.7646,NA,NA,NA,NA,NA,NA,NA,NA,NA,NA,NA,NA
493.893,2.7765,36.6817,1.4428,35.7596,NA,NA,NA,NA,NA,NA,NA,NA,NA,NA,NA,NA
493.988,2.7787,36.7907,1.4428,35.7596,NA,NA,NA,NA,NA,NA,NA,NA,NA,NA,NA,NA
494.095,2.7787,36.7907,1.4426,35.7390,NA,NA,NA,NA,NA,NA,NA,NA,NA,NA,NA,NA
494.206,2.7788,36.7968,1.4422,35.7047,NA,NA,NA,NA,NA,NA,NA,NA,NA,NA,NA,NA
494.289,2.7788,36.7968,1.4417,35.6582,NA,NA,NA,NA,NA,NA,NA,NA,NA,NA,NA,NA
494.379,2.7698,36.3515,1.4415,35.6400,NA,NA,NA,NA,NA,NA,NA,NA,NA,NA,NA,NA
494.482,2.7698,36.3515,1.4404,35.5304,NA,NA,NA,NA,NA,NA,NA,NA,NA,NA,NA,NA
494.579,2.7682,36.2750,1.4402,35.5126,NA,NA,NA,NA,NA,NA,NA,NA,NA,NA,NA,NA
494.675,2.7682,36.2750,1.4390,35.4000,NA,NA,NA,NA,NA,NA,NA,NA,NA,NA,NA,NA
494.771,2.7606,35.8984,1.4391,35.4131,NA,NA,NA,NA,NA,NA,NA,NA,NA,NA,NA,NA
494.874,2.7512,35.4385,1.4391,35.4131,NA,NA,NA,NA,NA,NA,NA,NA,NA,NA,NA,NA
494.974,2.7484,35.2973,1.4383,35.3380,NA,NA,NA,NA,NA,NA,NA,NA,NA,NA,NA,NA
495.066,2.7477,35.2657,1.4383,35.3347,NA,NA,NA,NA,NA,NA,NA,NA,NA,NA,NA,NA
495.166,2.7463,35.1979,1.4387,35.3715,NA,NA,NA,NA,NA,NA,NA,NA,NA,NA,NA,NA
495.265,2.7514,35.4451,1.4387,35.3715,NA,NA,NA,NA,NA,NA,NA,NA,NA,NA,NA,NA
495.396,2.7514,35.4451,1.4362,35.1365,NA,NA,NA,NA,NA,NA,NA,NA,NA,NA,NA,NA
495.462,2.7419,34.9801,1.4354,35.0600,NA,NA,NA,NA,NA,NA,NA,NA,NA,NA,NA,NA
495.567,2.7419,34.9801,1.4340,34.9369,NA,NA,NA,NA,NA,NA,NA,NA,NA,NA,NA,NA
495.652,2.7342,34.6028,1.4320,34.7467,NA,NA,NA,NA,NA,NA,NA,NA,NA,NA,NA,NA
495.759,2.7181,33.8070,1.4318,34.7247,NA,NA,NA,NA,NA,NA,NA,NA,NA,NA,NA,NA
495.849,2.7229,34.0459,1.4303,34.5870,NA,NA,NA,NA,NA,NA,NA,NA,NA,NA,NA,NA
495.994,2.7242,34.1062,1.4297,34.5286,NA,NA,NA,NA,NA,NA,NA,NA,NA,NA,NA,NA
496.051,2.7242,34.1062,1.4287,34.4302,NA,NA,NA,NA,NA,NA,NA,NA,NA,NA,NA,NA
496.145,2.7281,34.3010,1.4287,34.4302,NA,NA,NA,NA,NA,NA,NA,NA,NA,NA,NA,NA
496.250,2.7281,34.3010,1.4278,34.3538,NA,NA,NA,NA,NA,NA,NA,NA,NA,NA,NA,NA
496.339,2.7231,34.0547,1.4275,34.3232,NA,NA,NA,NA,NA,NA,NA,NA,NA,NA,NA,NA
496.440,2.7222,34.0121,1.4275,34.3232,NA,NA,NA,NA,NA,NA,NA,NA,NA,NA,NA,NA
496.544,2.7152,33.6658,1.4265,34.2249,NA,NA,NA,NA,NA,NA,NA,NA,NA,NA,NA,NA
496.635,2.7085,33.3366,1.4258,34.1608,NA,NA,NA,NA,NA,NA,NA,NA,NA,NA,NA,NA
496.738,2.7085,33.3366,1.4245,34.0358,NA,NA,NA,NA,NA,NA,NA,NA,NA,NA,NA,NA
496.827,2.7038,33.1031,1.4234,33.9345,NA,NA,NA,NA,NA,NA,NA,NA,NA,NA,NA,NA
496.933,2.7038,33.1031,1.4230,33.8966,NA,NA,NA,NA,NA,NA,NA,NA,NA,NA,NA,NA
497.024,2.7110,33.4607,1.4210,33.7064,NA,NA,NA,NA,NA,NA,NA,NA,NA,NA,NA,NA
497.136,2.7110,33.4607,1.4208,33.6902,NA,NA,NA,NA,NA,NA,NA,NA,NA,NA,NA,NA
497.217,2.7089,33.3556,1.4198,33.5949,NA,NA,NA,NA,NA,NA,NA,NA,NA,NA,NA,NA
497.315,2.7049,33.1564,1.4196,33.5811,NA,NA,NA,NA,NA,NA,NA,NA,NA,NA,NA,NA
497.415,2.7049,33.1564,1.4196,33.5811,NA,NA,NA,NA,NA,NA,NA,NA,NA,NA,NA,NA
497.512,2.7012,32.9760,1.4186,33.4843,NA,NA,NA,NA,NA,NA,NA,NA,NA,NA,NA,NA
497.618,2.7012,32.9760,1.4162,33.2538,NA,NA,NA,NA,NA,NA,NA,NA,NA,NA,NA,NA
497.708,2.6993,32.8814,1.4155,33.1923,NA,NA,NA,NA,NA,NA,NA,NA,NA,NA,NA,NA
497.814,2.6993,32.8814,1.4150,33.1434,NA,NA,NA,NA,NA,NA,NA,NA,NA,NA,NA,NA
497.905,2.6880,32.3274,1.4142,33.0674,NA,NA,NA,NA,NA,NA,NA,NA,NA,NA,NA,NA
498.006,2.6827,32.0664,1.4153,33.1714,NA,NA,NA,NA,NA,NA,NA,NA,NA,NA,NA,NA
498.104,2.6806,31.9617,1.4153,33.1714,NA,NA,NA,NA,NA,NA,NA,NA,NA,NA,NA,NA
498.202,2.6842,32.1390,1.4148,33.1225,NA,NA,NA,NA,NA,NA,NA,NA,NA,NA,NA,NA
498.369,2.6842,32.1390,1.4146,33.1060,NA,NA,NA,NA,NA,NA,NA,NA,NA,NA,NA,NA
498.404,2.6758,31.7241,1.4146,33.1060,NA,NA,NA,NA,NA,NA,NA,NA,NA,NA,NA,NA
498.498,2.6758,31.7241,1.4115,32.8186,NA,NA,NA,NA,NA,NA,NA,NA,NA,NA,NA,NA
498.594,2.6694,31.4084,1.4114,32.8093,NA,NA,NA,NA,NA,NA,NA,NA,NA,NA,NA,NA
498.694,2.6694,31.4084,1.4114,32.8093,NA,NA,NA,NA,NA,NA,NA,NA,NA,NA,NA,NA
498.785,2.6665,31.2687,1.4104,32.7156,NA,NA,NA,NA,NA,NA,NA,NA,NA,NA,NA,NA
498.906,2.6665,31.2687,1.4081,32.4985,NA,NA,NA,NA,NA,NA,NA,NA,NA,NA,NA,NA
498.973,2.6596,30.9306,1.4070,32.3938,NA,NA,NA,NA,NA,NA,NA,NA,NA,NA,NA,NA
499.083,2.6595,30.9233,1.4053,32.2333,NA,NA,NA,NA,NA,NA,NA,NA,NA,NA,NA,NA
499.178,2.6564,30.7716,1.4051,32.2097,NA,NA,NA,NA,NA,NA,NA,NA,NA,NA,NA,NA
499.275,2.6585,30.8764,1.4051,32.2121,NA,NA,NA,NA,NA,NA,NA,NA,NA,NA,NA,NA
499.375,2.6585,30.8764,1.4051,32.2121,NA,NA,NA,NA,NA,NA,NA,NA,NA,NA,NA,NA
499.474,2.6507,30.4921,1.4048,32.1871,NA,NA,NA,NA,NA,NA,NA,NA,NA,NA,NA,NA
499.589,2.6512,30.5144,1.4042,32.1262,NA,NA,NA,NA,NA,NA,NA,NA,NA,NA,NA,NA
499.668,2.6525,30.5807,1.4038,32.0935,NA,NA,NA,NA,NA,NA,NA,NA,NA,NA,NA,NA
499.771,2.6525,30.5807,1.4029,32.0026,NA,NA,NA,NA,NA,NA,NA,NA,NA,NA,NA,NA
499.864,2.6509,30.5000,1.4022,31.9405,NA,NA,NA,NA,NA,NA,NA,NA,NA,NA,NA,NA
499.960,2.6472,30.3196,1.4021,31.9329,NA,NA,NA,NA,NA,NA,NA,NA,NA,NA,NA,NA
500.059,2.6431,30.1166,1.4021,31.9329,NA,NA,NA,NA,NA,NA,NA,NA,NA,NA,NA,NA
500.154,2.6412,30.0208,1.4017,31.8912,NA,NA,NA,NA,NA,NA,NA,NA,NA,NA,NA,NA
500.257,2.6412,30.0208,1.4009,31.8223,NA,NA,NA,NA,NA,NA,NA,NA,NA,NA,NA,NA
500.356,2.6342,29.6785,1.4002,31.7518,NA,NA,NA,NA,NA,NA,NA,NA,NA,NA,NA,NA
500.448,2.6357,29.7522,1.3990,31.6394,NA,NA,NA,NA,NA,NA,NA,NA,NA,NA,NA,NA
500.548,2.6376,29.8473,1.3990,31.6394,NA,NA,NA,NA,NA,NA,NA,NA,NA,NA,NA,NA
500.646,2.6376,29.8473,1.3951,31.2766,NA,NA,NA,NA,NA,NA,NA,NA,NA,NA,NA,NA
500.805,2.6260,29.2739,1.3929,31.0656,NA,NA,NA,NA,NA,NA,NA,NA,NA,NA,NA,NA
500.850,2.6229,29.1207,1.3928,31.0566,NA,NA,NA,NA,NA,NA,NA,NA,NA,NA,NA,NA
500.953,2.6201,28.9842,1.3924,31.0213,NA,NA,NA,NA,NA,NA,NA,NA,NA,NA,NA,NA
501.038,2.6249,29.2181,1.3922,31.0028,NA,NA,NA,NA,NA,NA,NA,NA,NA,NA,NA,NA
501.138,2.6249,29.2181,1.3917,30.9505,NA,NA,NA,NA,NA,NA,NA,NA,NA,NA,NA,NA
501.235,2.6190,28.9273,1.3915,30.9322,NA,NA,NA,NA,NA,NA,NA,NA,NA,NA,NA,NA
501.332,2.6190,28.9273,1.3901,30.8049,NA,NA,NA,NA,NA,NA,NA,NA,NA,NA,NA,NA
501.435,2.6097,28.4703,1.3895,30.7435,NA,NA,NA,NA,NA,NA,NA,NA,NA,NA,NA,NA
501.528,2.6090,28.4349,1.3891,30.7066,NA,NA,NA,NA,NA,NA,NA,NA,NA,NA,NA,NA
501.625,2.6074,28.3592,1.3882,30.6201,NA,NA,NA,NA,NA,NA,NA,NA,NA,NA,NA,NA
501.720,2.6070,28.3372,1.3854,30.3619,NA,NA,NA,NA,NA,NA,NA,NA,NA,NA,NA,NA
501.824,2.6070,28.3372,1.3854,30.3619,NA,NA,NA,NA,NA,NA,NA,NA,NA,NA,NA,NA
501.985,2.6058,28.2789,1.3853,30.3521,NA,NA,NA,NA,NA,NA,NA,NA,NA,NA,NA,NA
502.015,2.6052,28.2516,1.3852,30.3426,NA,NA,NA,NA,NA,NA,NA,NA,NA,NA,NA,NA
502.113,2.6031,28.1450,1.3850,30.3227,NA,NA,NA,NA,NA,NA,NA,NA,NA,NA,NA,NA
502.214,2.6031,28.1450,1.3848,30.2994,NA,NA,NA,NA,NA,NA,NA,NA,NA,NA,NA,NA
502.309,2.5948,27.7371,1.3843,30.2582,NA,NA,NA,NA,NA,NA,NA,NA,NA,NA,NA,NA
502.412,2.5998,27.9836,1.3843,30.2582,NA,NA,NA,NA,NA,NA,NA,NA,NA,NA,NA,NA
502.509,2.5998,27.9836,1.3833,30.1658,NA,NA,NA,NA,NA,NA,NA,NA,NA,NA,NA,NA
502.604,2.5969,27.8410,1.3816,29.9984,NA,NA,NA,NA,NA,NA,NA,NA,NA,NA,NA,NA
502.702,2.5969,27.8410,1.3810,29.9415,NA,NA,NA,NA,NA,NA,NA,NA,NA,NA,NA,NA
502.799,2.5986,27.9274,1.3798,29.8325,NA,NA,NA,NA,NA,NA,NA,NA,NA,NA,NA,NA
502.904,2.5986,27.9274,1.3783,29.6942,NA,NA,NA,NA,NA,NA,NA,NA,NA,NA,NA,NA
502.999,2.5949,27.7447,1.3777,29.6383,NA,NA,NA,NA,NA,NA,NA,NA,NA,NA,NA,NA
503.132,2.5949,27.7447,1.3781,29.6700,NA,NA,NA,NA,NA,NA,NA,NA,NA,NA,NA,NA
503.193,2.5887,27.4386,1.3781,29.6700,NA,NA,NA,NA,NA,NA,NA,NA,NA,NA,NA,NA
503.294,2.5874,27.3738,1.3777,29.6333,NA,NA,NA,NA,NA,NA,NA,NA,NA,NA,NA,NA
503.391,2.5874,27.3738,1.3776,29.6255,NA,NA,NA,NA,NA,NA,NA,NA,NA,NA,NA,NA
503.509,2.5843,27.2194,1.3770,29.5663,NA,NA,NA,NA,NA,NA,NA,NA,NA,NA,NA,NA
503.584,2.5843,27.2194,1.3764,29.5155,NA,NA,NA,NA,NA,NA,NA,NA,NA,NA,NA,NA
503.731,2.5787,26.9465,1.3764,29.5155,NA,NA,NA,NA,NA,NA,NA,NA,NA,NA,NA,NA
503.780,2.5773,26.8772,1.3759,29.4631,NA,NA,NA,NA,NA,NA,NA,NA,NA,NA,NA,NA
503.877,2.5709,26.5624,1.3742,29.3066,NA,NA,NA,NA,NA,NA,NA,NA,NA,NA,NA,NA
503.981,2.5725,26.6419,1.3742,29.3066,NA,NA,NA,NA,NA,NA,NA,NA,NA,NA,NA,NA
504.073,2.5725,26.6419,1.3733,29.2192,NA,NA,NA,NA,NA,NA,NA,NA,NA,NA,NA,NA
504.178,2.5693,26.4819,1.3733,29.2192,NA,NA,NA,NA,NA,NA,NA,NA,NA,NA,NA,NA
504.278,2.5693,26.4819,1.3724,29.1333,NA,NA,NA,NA,NA,NA,NA,NA,NA,NA,NA,NA
504.374,2.5693,26.4807,1.3707,28.9754,NA,NA,NA,NA,NA,NA,NA,NA,NA,NA,NA,NA
504.463,2.5693,26.4807,1.3702,28.9275,NA,NA,NA,NA,NA,NA,NA,NA,NA,NA,NA,NA
504.559,2.5610,26.0740,1.3684,28.7609,NA,NA,NA,NA,NA,NA,NA,NA,NA,NA,NA,NA
504.670,2.5587,25.9613,1.3684,28.7609,NA,NA,NA,NA,NA,NA,NA,NA,NA,NA,NA,NA
504.763,2.5567,25.8624,1.3682,28.7410,NA,NA,NA,NA,NA,NA,NA,NA,NA,NA,NA,NA
504.896,2.5572,25.8893,1.3685,28.7739,NA,NA,NA,NA,NA,NA,NA,NA,NA,NA,NA,NA
504.968,2.5572,25.8893,1.3685,28.7739,NA,NA,NA,NA,NA,NA,NA,NA,NA,NA,NA,NA
505.058,2.5616,26.1046,1.3661,28.5483,NA,NA,NA,NA,NA,NA,NA,NA,NA,NA,NA,NA
505.156,2.5616,26.1046,1.3653,28.4701,NA,NA,NA,NA,NA,NA,NA,NA,NA,NA,NA,NA
505.246,2.5605,26.0504,1.3639,28.3367,NA,NA,NA,NA,NA,NA,NA,NA,NA,NA,NA,NA
505.346,2.5605,26.0504,1.3634,28.2917,NA,NA,NA,NA,NA,NA,NA,NA,NA,NA,NA,NA
505.448,2.5475,25.4098,1.3648,28.4205,NA,NA,NA,NA,NA,NA,NA,NA,NA,NA,NA,NA
505.567,2.5489,25.4805,1.3648,28.4205,NA,NA,NA,NA,NA,NA,NA,NA,NA,NA,NA,NA
505.642,2.5489,25.4805,1.3638,28.3254,NA,NA,NA,NA,NA,NA,NA,NA,NA,NA,NA,NA
505.734,2.5486,25.4663,1.3635,28.3023,NA,NA,NA,NA,NA,NA,NA,NA,NA,NA,NA,NA
505.833,2.5480,25.4357,1.3630,28.2522,NA,NA,NA,NA,NA,NA,NA,NA,NA,NA,NA,NA
505.935,2.5431,25.1918,1.3619,28.1495,NA,NA,NA,NA,NA,NA,NA,NA,NA,NA,NA,NA
506.031,2.5400,25.0406,1.3610,28.0655,NA,NA,NA,NA,NA,NA,NA,NA,NA,NA,NA,NA
506.128,2.5411,25.0962,1.3610,28.0655,NA,NA,NA,NA,NA,NA,NA,NA,NA,NA,NA,NA
506.225,2.5411,25.0962,1.3603,28.0000,NA,NA,NA,NA,NA,NA,NA,NA,NA,NA,NA,NA
506.333,2.5400,25.0388,1.3600,27.9655,NA,NA,NA,NA,NA,NA,NA,NA,NA,NA,NA,NA
506.426,2.5400,25.0388,1.3597,27.9410,NA,NA,NA,NA,NA,NA,NA,NA,NA,NA,NA,NA
506.526,2.5350,24.7962,1.3597,27.9410,NA,NA,NA,NA,NA,NA,NA,NA,NA,NA,NA,NA
506.619,2.5293,24.5122,1.3579,27.7743,NA,NA,NA,NA,NA,NA,NA,NA,NA,NA,NA,NA
506.716,2.5268,24.3905,1.3582,27.8003,NA,NA,NA,NA,NA,NA,NA,NA,NA,NA,NA,NA
506.814,2.5350,24.7954,1.3582,27.8003,NA,NA,NA,NA,NA,NA,NA,NA,NA,NA,NA,NA
506.914,2.5350,24.7954,1.3568,27.6685,NA,NA,NA,NA,NA,NA,NA,NA,NA,NA,NA,NA
507.010,2.5254,24.3233,1.3568,27.6685,NA,NA,NA,NA,NA,NA,NA,NA,NA,NA,NA,NA
507.108,2.5254,24.3233,1.3553,27.5314,NA,NA,NA,NA,NA,NA,NA,NA,NA,NA,NA,NA
507.205,2.5292,24.5093,1.3546,27.4659,NA,NA,NA,NA,NA,NA,NA,NA,NA,NA,NA,NA
507.307,2.5292,24.5093,1.3543,27.4342,NA,NA,NA,NA,NA,NA,NA,NA,NA,NA,NA,NA
507.445,2.5264,24.3725,1.3549,27.4902,NA,NA,NA,NA,NA,NA,NA,NA,NA,NA,NA,NA
507.507,2.5232,24.2138,1.3549,27.4902,NA,NA,NA,NA,NA,NA,NA,NA,NA,NA,NA,NA
507.596,2.5223,24.1683,1.3534,27.3496,NA,NA,NA,NA,NA,NA,NA,NA,NA,NA,NA,NA
507.691,2.5223,24.1683,1.3535,27.3622,NA,NA,NA,NA,NA,NA,NA,NA,NA,NA,NA,NA
507.792,2.5217,24.1392,1.3535,27.3622,NA,NA,NA,NA,NA,NA,NA,NA,NA,NA,NA,NA
507.904,2.5217,24.1392,1.3533,27.3362,NA,NA,NA,NA,NA,NA,NA,NA,NA,NA,NA,NA
508.028,2.5210,24.1064,1.3529,27.3016,NA,NA,NA,NA,NA,NA,NA,NA,NA,NA,NA,NA
508.086,2.5168,23.8988,1.3523,27.2463,NA,NA,NA,NA,NA,NA,NA,NA,NA,NA,NA,NA
508.183,2.5155,23.8340,1.3522,27.2389,NA,NA,NA,NA,NA,NA,NA,NA,NA,NA,NA,NA
508.293,2.5090,23.5168,1.3515,27.1702,NA,NA,NA,NA,NA,NA,NA,NA,NA,NA,NA,NA
508.380,2.5132,23.7198,1.3515,27.1702,NA,NA,NA,NA,NA,NA,NA,NA,NA,NA,NA,NA
508.488,2.5132,23.7198,1.3504,27.0673,NA,NA,NA,NA,NA,NA,NA,NA,NA,NA,NA,NA
508.613,2.5155,23.8327,1.3496,26.9939,NA,NA,NA,NA,NA,NA,NA,NA,NA,NA,NA,NA
508.670,2.5155,23.8327,1.3491,26.9458,NA,NA,NA,NA,NA,NA,NA,NA,NA,NA,NA,NA
508.774,2.5118,23.6508,1.3491,26.9458,NA,NA,NA,NA,NA,NA,NA,NA,NA,NA,NA,NA
508.873,2.5118,23.6508,1.3487,26.9032,NA,NA,NA,NA,NA,NA,NA,NA,NA,NA,NA,NA
508.972,2.5023,23.1865,1.3483,26.8733,NA,NA,NA,NA,NA,NA,NA,NA,NA,NA,NA,NA
509.065,2.5023,23.1865,1.3469,26.7402,NA,NA,NA,NA,NA,NA,NA,NA,NA,NA,NA,NA
509.208,2.5012,23.1287,1.3450,26.5572,NA,NA,NA,NA,NA,NA,NA,NA,NA,NA,NA,NA
509.258,2.5041,23.2724,1.3450,26.5536,NA,NA,NA,NA,NA,NA,NA,NA,NA,NA,NA,NA
509.365,2.5041,23.2724,1.3450,26.5536,NA,NA,NA,NA,NA,NA,NA,NA,NA,NA,NA,NA
509.458,2.5014,23.1415,1.3446,26.5192,NA,NA,NA,NA,NA,NA,NA,NA,NA,NA,NA,NA
509.564,2.5014,23.1415,1.3445,26.5152,NA,NA,NA,NA,NA,NA,NA,NA,NA,NA,NA,NA
509.657,2.5000,23.0731,1.3445,26.5142,NA,NA,NA,NA,NA,NA,NA,NA,NA,NA,NA,NA
509.771,2.4997,23.0586,1.3445,26.5100,NA,NA,NA,NA,NA,NA,NA,NA,NA,NA,NA,NA
509.867,2.4986,23.0022,1.3427,26.3408,NA,NA,NA,NA,NA,NA,NA,NA,NA,NA,NA,NA
509.953,2.4961,22.8803,1.3427,26.3408,NA,NA,NA,NA,NA,NA,NA,NA,NA,NA,NA,NA
510.043,2.4963,22.8898,1.3425,26.3224,NA,NA,NA,NA,NA,NA,NA,NA,NA,NA,NA,NA
510.140,2.4963,22.8898,1.3421,26.2848,NA,NA,NA,NA,NA,NA,NA,NA,NA,NA,NA,NA
510.240,2.4904,22.6003,1.3419,26.2633,NA,NA,NA,NA,NA,NA,NA,NA,NA,NA,NA,NA
510.399,2.4867,22.4160,1.3415,26.2260,NA,NA,NA,NA,NA,NA,NA,NA,NA,NA,NA,NA
510.433,2.4856,22.3608,1.3415,26.2261,NA,NA,NA,NA,NA,NA,NA,NA,NA,NA,NA,NA
510.542,2.4855,22.3558,1.3415,26.2262,NA,NA,NA,NA,NA,NA,NA,NA,NA,NA,NA,NA
510.631,2.4850,22.3305,1.3415,26.2262,NA,NA,NA,NA,NA,NA,NA,NA,NA,NA,NA,NA
510.725,2.4886,22.5084,1.3413,26.2073,NA,NA,NA,NA,NA,NA,NA,NA,NA,NA,NA,NA
510.827,2.4886,22.5084,1.3407,26.1542,NA,NA,NA,NA,NA,NA,NA,NA,NA,NA,NA,NA
510.971,2.4875,22.4551,1.3403,26.1178,NA,NA,NA,NA,NA,NA,NA,NA,NA,NA,NA,NA
511.024,2.4861,22.3871,1.3376,25.8614,NA,NA,NA,NA,NA,NA,NA,NA,NA,NA,NA,NA
511.118,2.4777,21.9753,1.3383,25.9308,NA,NA,NA,NA,NA,NA,NA,NA,NA,NA,NA,NA
511.227,2.4764,21.9108,1.3383,25.9308,NA,NA,NA,NA,NA,NA,NA,NA,NA,NA,NA,NA
511.332,2.4734,21.7604,1.3385,25.9489,NA,NA,NA,NA,NA,NA,NA,NA,NA,NA,NA,NA
511.417,2.4773,21.9558,1.3385,25.9489,NA,NA,NA,NA,NA,NA,NA,NA,NA,NA,NA,NA
511.515,2.4773,21.9558,1.3380,25.9006,NA,NA,NA,NA,NA,NA,NA,NA,NA,NA,NA,NA
511.612,2.4749,21.8353,1.3372,25.8210,NA,NA,NA,NA,NA,NA,NA,NA,NA,NA,NA,NA
511.715,2.4749,21.8353,1.3359,25.7014,NA,NA,NA,NA,NA,NA,NA,NA,NA,NA,NA,NA
511.806,2.4728,21.7307,1.3351,25.6307,NA,NA,NA,NA,NA,NA,NA,NA,NA,NA,NA,NA
511.904,2.4658,21.3871,1.3336,25.4871,NA,NA,NA,NA,NA,NA,NA,NA,NA,NA,NA,NA
512.002,2.4654,21.3685,1.3334,25.4661,NA,NA,NA,NA,NA,NA,NA,NA,NA,NA,NA,NA
512.099,2.4660,21.3971,1.3316,25.3003,NA,NA,NA,NA,NA,NA,NA,NA,NA,NA,NA,NA
512.251,2.4660,21.3971,1.3308,25.2250,NA,NA,NA,NA,NA,NA,NA,NA,NA,NA,NA,NA
512.296,2.4621,21.2077,1.3293,25.0775,NA,NA,NA,NA,NA,NA,NA,NA,NA,NA,NA,NA
512.394,2.4621,21.2077,1.3291,25.0592,NA,NA,NA,NA,NA,NA,NA,NA,NA,NA,NA,NA
512.501,2.4534,20.7767,1.3288,25.0316,NA,NA,NA,NA,NA,NA,NA,NA,NA,NA,NA,NA
512.592,2.4469,20.4586,1.3277,24.9343,NA,NA,NA,NA,NA,NA,NA,NA,NA,NA,NA,NA
512.697,2.4469,20.4586,1.3277,24.9343,NA,NA,NA,NA,NA,NA,NA,NA,NA,NA,NA,NA
512.796,2.4736,21.7732,1.3307,25.2124,NA,NA,NA,NA,NA,NA,NA,NA,NA,NA,NA,NA
512.880,2.5149,23.8037,1.3424,26.3093,NA,NA,NA,NA,NA,NA,NA,NA,NA,NA,NA,NA
512.981,2.5894,27.4741,1.3588,27.8542,NA,NA,NA,NA,NA,NA,NA,NA,NA,NA,NA,NA
513.081,2.6393,29.9307,1.3744,29.3240,NA,NA,NA,NA,NA,NA,NA,NA,NA,NA,NA,NA
513.181,2.6620,31.0448,1.3954,31.3049,NA,NA,NA,NA,NA,NA,NA,NA,NA,NA,NA,NA
513.275,2.6951,32.6761,1.4032,32.0389,NA,NA,NA,NA,NA,NA,NA,NA,NA,NA,NA,NA
513.382,2.7030,33.0639,1.4055,32.2526,NA,NA,NA,NA,NA,NA,NA,NA,NA,NA,NA,NA
513.470,2.7081,33.3179,1.4055,32.2526,NA,NA,NA,NA,NA,NA,NA,NA,NA,NA,NA,NA
513.570,2.7081,33.3179,1.4037,32.0840,NA,NA,NA,NA,NA,NA,NA,NA,NA,NA,NA,NA
513.667,2.6965,32.7462,1.4018,31.9025,NA,NA,NA,NA,NA,NA,NA,NA,NA,NA,NA,NA
513.770,2.6892,32.3857,1.4006,31.7865,NA,NA,NA,NA,NA,NA,NA,NA,NA,NA,NA,NA
513.864,2.6760,31.7367,1.3984,31.5784,NA,NA,NA,NA,NA,NA,NA,NA,NA,NA,NA,NA
513.980,2.6690,31.3924,1.3950,31.2675,NA,NA,NA,NA,NA,NA,NA,NA,NA,NA,NA,NA
514.055,2.6617,31.0297,1.3936,31.1346,NA,NA,NA,NA,NA,NA,NA,NA,NA,NA,NA,NA
514.171,2.6566,30.7825,1.3932,31.0898,NA,NA,NA,NA,NA,NA,NA,NA,NA,NA,NA,NA
514.257,2.6545,30.6764,1.3915,30.9342,NA,NA,NA,NA,NA,NA,NA,NA,NA,NA,NA,NA
514.353,2.6374,29.8333,1.3893,30.7281,NA,NA,NA,NA,NA,NA,NA,NA,NA,NA,NA,NA
514.456,2.6268,29.3155,1.3872,30.5336,NA,NA,NA,NA,NA,NA,NA,NA,NA,NA,NA,NA
514.556,2.6145,28.7076,1.3827,30.1014,NA,NA,NA,NA,NA,NA,NA,NA,NA,NA,NA,NA
514.650,2.6145,28.7076,1.3795,29.8055,NA,NA,NA,NA,NA,NA,NA,NA,NA,NA,NA,NA
514.745,2.5900,27.5041,1.3776,29.6252,NA,NA,NA,NA,NA,NA,NA,NA,NA,NA,NA,NA
514.848,2.5900,27.5041,1.3746,29.3480,NA,NA,NA,NA,NA,NA,NA,NA,NA,NA,NA,NA
514.988,2.5816,27.0909,1.3741,29.2996,NA,NA,NA,NA,NA,NA,NA,NA,NA,NA,NA,NA
515.034,2.5796,26.9882,1.3724,29.1369,NA,NA,NA,NA,NA,NA,NA,NA,NA,NA,NA,NA
515.182,2.5790,26.9583,1.3705,28.9559,NA,NA,NA,NA,NA,NA,NA,NA,NA,NA,NA,NA
515.241,2.5811,27.0624,1.3692,28.8397,NA,NA,NA,NA,NA,NA,NA,NA,NA,NA,NA,NA
515.334,2.5811,27.0624,1.3690,28.8154,NA,NA,NA,NA,NA,NA,NA,NA,NA,NA,NA,NA
515.425,2.5667,26.3530,1.3691,28.8229,NA,NA,NA,NA,NA,NA,NA,NA,NA,NA,NA,NA
515.529,2.5667,26.3530,1.3691,28.8229,NA,NA,NA,NA,NA,NA,NA,NA,NA,NA,NA,NA
515.621,2.5643,26.2380,1.3663,28.5603,NA,NA,NA,NA,NA,NA,NA,NA,NA,NA,NA,NA
515.769,2.5565,25.8537,1.3654,28.4749,NA,NA,NA,NA,NA,NA,NA,NA,NA,NA,NA,NA
515.820,2.5565,25.8537,1.3647,28.4120,NA,NA,NA,NA,NA,NA,NA,NA,NA,NA,NA,NA
515.926,2.5515,25.6045,1.3622,28.1767,NA,NA,NA,NA,NA,NA,NA,NA,NA,NA,NA,NA
516.019,2.5515,25.6045,1.3598,27.9544,NA,NA,NA,NA,NA,NA,NA,NA,NA,NA,NA,NA
516.118,2.5475,25.4113,1.3587,27.8494,NA,NA,NA,NA,NA,NA,NA,NA,NA,NA,NA,NA
516.212,2.5475,25.4113,1.3576,27.7481,NA,NA,NA,NA,NA,NA,NA,NA,NA,NA,NA,NA
516.311,2.5390,24.9923,1.3559,27.5842,NA,NA,NA,NA,NA,NA,NA,NA,NA,NA,NA,NA
516.411,2.5263,24.3647,1.3558,27.5719,NA,NA,NA,NA,NA,NA,NA,NA,NA,NA,NA,NA
516.502,2.5283,24.4658,1.3558,27.5719,NA,NA,NA,NA,NA,NA,NA,NA,NA,NA,NA,NA
516.597,2.5283,24.4658,1.3550,27.4981,NA,NA,NA,NA,NA,NA,NA,NA,NA,NA,NA,NA
516.700,2.5127,23.6955,1.3540,27.4007,NA,NA,NA,NA,NA,NA,NA,NA,NA,NA,NA,NA
516.798,2.5073,23.4295,1.3518,27.1935,NA,NA,NA,NA,NA,NA,NA,NA,NA,NA,NA,NA
516.894,2.5053,23.3310,1.3484,26.8782,NA,NA,NA,NA,NA,NA,NA,NA,NA,NA,NA,NA
516.989,2.5109,23.6097,1.3470,26.7472,NA,NA,NA,NA,NA,NA,NA,NA,NA,NA,NA,NA
517.097,2.5146,23.7910,1.3467,26.7165,NA,NA,NA,NA,NA,NA,NA,NA,NA,NA,NA,NA
517.194,2.5468,25.3772,1.3532,27.3324,NA,NA,NA,NA,NA,NA,NA,NA,NA,NA,NA,NA
517.289,2.5870,27.3537,1.3674,28.6628,NA,NA,NA,NA,NA,NA,NA,NA,NA,NA,NA,NA
517.386,2.6608,30.9869,1.3864,30.4565,NA,NA,NA,NA,NA,NA,NA,NA,NA,NA,NA,NA
517.484,2.7069,33.2579,1.4014,31.8647,NA,NA,NA,NA,NA,NA,NA,NA,NA,NA,NA,NA
517.593,2.7687,36.2997,1.4166,33.2942,NA,NA,NA,NA,NA,NA,NA,NA,NA,NA,NA,NA
517.682,2.8212,38.8816,1.4356,35.0867,NA,NA,NA,NA,NA,NA,NA,NA,NA,NA,NA,NA
517.779,2.8442,40.0150,1.4505,36.4896,NA,NA,NA,NA,NA,NA,NA,NA,NA,NA,NA,NA
517.873,2.8902,42.2812,1.4596,37.3419,NA,NA,NA,NA,NA,NA,NA,NA,NA,NA,NA,NA
517.977,2.9185,43.6735,1.4715,38.4630,NA,NA,NA,NA,NA,NA,NA,NA,NA,NA,NA,NA
518.075,2.9705,46.2354,1.4798,39.2438,NA,NA,NA,NA,NA,NA,NA,NA,NA,NA,NA,NA
518.175,2.9872,47.0538,1.4914,40.3316,NA,NA,NA,NA,NA,NA,NA,NA,NA,NA,NA,NA
518.265,3.0080,48.0775,1.5017,41.3063,NA,NA,NA,NA,NA,NA,NA,NA,NA,NA,NA,NA
518.360,3.0292,49.1239,1.5107,42.1510,NA,NA,NA,NA,NA,NA,NA,NA,NA,NA,NA,NA
518.470,3.0439,49.8472,1.5203,43.0552,NA,NA,NA,NA,NA,NA,NA,NA,NA,NA,NA,NA
518.558,3.1010,52.6575,1.5253,43.5196,NA,NA,NA,NA,NA,NA,NA,NA,NA,NA,NA,NA
518.657,3.1041,52.8111,1.5335,44.2909,NA,NA,NA,NA,NA,NA,NA,NA,NA,NA,NA,NA
518.791,3.1212,53.6520,1.5374,44.6664,NA,NA,NA,NA,NA,NA,NA,NA,NA,NA,NA,NA
518.854,3.1348,54.3232,1.5480,45.6564,NA,NA,NA,NA,NA,NA,NA,NA,NA,NA,NA,NA
518.958,3.1440,54.7745,1.5567,46.4814,NA,NA,NA,NA,NA,NA,NA,NA,NA,NA,NA,NA
519.054,3.1487,55.0062,1.5611,46.8919,NA,NA,NA,NA,NA,NA,NA,NA,NA,NA,NA,NA
519.145,3.1487,55.0062,1.5676,47.5004,NA,NA,NA,NA,NA,NA,NA,NA,NA,NA,NA,NA
519.248,3.1524,55.1857,1.5701,47.7366,NA,NA,NA,NA,NA,NA,NA,NA,NA,NA,NA,NA
519.342,3.1524,55.1857,1.5716,47.8782,NA,NA,NA,NA,NA,NA,NA,NA,NA,NA,NA,NA
519.439,3.1251,53.8440,1.5716,47.8782,NA,NA,NA,NA,NA,NA,NA,NA,NA,NA,NA,NA
519.538,3.1178,53.4840,1.5714,47.8582,NA,NA,NA,NA,NA,NA,NA,NA,NA,NA,NA,NA
519.652,3.1132,53.2604,1.5699,47.7168,NA,NA,NA,NA,NA,NA,NA,NA,NA,NA,NA,NA
519.741,3.1036,52.7854,1.5638,47.1449,NA,NA,NA,NA,NA,NA,NA,NA,NA,NA,NA,NA
519.841,3.0890,52.0653,1.5613,46.9143,NA,NA,NA,NA,NA,NA,NA,NA,NA,NA,NA,NA
519.962,3.0811,51.6799,1.5597,46.7575,NA,NA,NA,NA,NA,NA,NA,NA,NA,NA,NA,NA
520.028,3.0618,50.7283,1.5569,46.4950,NA,NA,NA,NA,NA,NA,NA,NA,NA,NA,NA,NA
520.129,3.0475,50.0232,1.5569,46.4950,NA,NA,NA,NA,NA,NA,NA,NA,NA,NA,NA,NA
520.236,3.0415,49.7277,1.5538,46.2077,NA,NA,NA,NA,NA,NA,NA,NA,NA,NA,NA,NA
520.325,3.0117,48.2619,1.5470,45.5691,NA,NA,NA,NA,NA,NA,NA,NA,NA,NA,NA,NA
520.424,3.0024,47.8044,1.5380,44.7171,NA,NA,NA,NA,NA,NA,NA,NA,NA,NA,NA,NA
520.519,2.9659,46.0085,1.5341,44.3480,NA,NA,NA,NA,NA,NA,NA,NA,NA,NA,NA,NA
520.624,2.9556,45.5009,1.5292,43.8903,NA,NA,NA,NA,NA,NA,NA,NA,NA,NA,NA,NA
520.714,2.9426,44.8622,1.5256,43.5510,NA,NA,NA,NA,NA,NA,NA,NA,NA,NA,NA,NA
520.817,2.9404,44.7509,1.5237,43.3760,NA,NA,NA,NA,NA,NA,NA,NA,NA,NA,NA,NA
520.911,2.9394,44.7020,1.5206,43.0836,NA,NA,NA,NA,NA,NA,NA,NA,NA,NA,NA,NA
521.009,2.9294,44.2105,1.5178,42.8143,NA,NA,NA,NA,NA,NA,NA,NA,NA,NA,NA,NA
521.104,2.9252,44.0049,1.5124,42.3077,NA,NA,NA,NA,NA,NA,NA,NA,NA,NA,NA,NA
521.234,2.9116,43.3323,1.5098,42.0662,NA,NA,NA,NA,NA,NA,NA,NA,NA,NA,NA,NA
521.302,2.9059,43.0538,1.5058,41.6873,NA,NA,NA,NA,NA,NA,NA,NA,NA,NA,NA,NA
521.398,2.8975,42.6415,1.5036,41.4801,NA,NA,NA,NA,NA,NA,NA,NA,NA,NA,NA,NA
521.497,2.8949,42.5123,1.5019,41.3215,NA,NA,NA,NA,NA,NA,NA,NA,NA,NA,NA,NA
521.592,2.8892,42.2298,1.4987,41.0253,NA,NA,NA,NA,NA,NA,NA,NA,NA,NA,NA,NA
521.702,2.8878,42.1603,1.4941,40.5908,NA,NA,NA,NA,NA,NA,NA,NA,NA,NA,NA,NA
521.804,2.8796,41.7576,1.4919,40.3764,NA,NA,NA,NA,NA,NA,NA,NA,NA,NA,NA,NA
521.891,2.8784,41.7015,1.4902,40.2210,NA,NA,NA,NA,NA,NA,NA,NA,NA,NA,NA,NA
521.987,2.8745,41.5055,1.4891,40.1192,NA,NA,NA,NA,NA,NA,NA,NA,NA,NA,NA,NA
522.089,2.8651,41.0439,1.4866,39.8851,NA,NA,NA,NA,NA,NA,NA,NA,NA,NA,NA,NA
522.187,2.8651,41.0439,1.4842,39.6570,NA,NA,NA,NA,NA,NA,NA,NA,NA,NA,NA,NA
522.280,2.8619,40.8847,1.4834,39.5782,NA,NA,NA,NA,NA,NA,NA,NA,NA,NA,NA,NA
522.410,2.8614,40.8637,1.4829,39.5311,NA,NA,NA,NA,NA,NA,NA,NA,NA,NA,NA,NA
522.474,2.8615,40.8664,1.4809,39.3503,NA,NA,NA,NA,NA,NA,NA,NA,NA,NA,NA,NA
522.571,2.8615,40.8664,1.4801,39.2678,NA,NA,NA,NA,NA,NA,NA,NA,NA,NA,NA,NA
522.670,2.8502,40.3096,1.4785,39.1225,NA,NA,NA,NA,NA,NA,NA,NA,NA,NA,NA,NA
522.780,2.8546,40.5257,1.4776,39.0384,NA,NA,NA,NA,NA,NA,NA,NA,NA,NA,NA,NA
522.870,2.8546,40.5257,1.4749,38.7836,NA,NA,NA,NA,NA,NA,NA,NA,NA,NA,NA,NA
522.963,2.8376,39.6894,1.4740,38.6983,NA,NA,NA,NA,NA,NA,NA,NA,NA,NA,NA,NA
523.068,2.8376,39.6894,1.4740,38.6983,NA,NA,NA,NA,NA,NA,NA,NA,NA,NA,NA,NA
523.161,2.8392,39.7683,1.4725,38.5513,NA,NA,NA,NA,NA,NA,NA,NA,NA,NA,NA,NA
523.264,2.8392,39.7683,1.4722,38.5262,NA,NA,NA,NA,NA,NA,NA,NA,NA,NA,NA,NA
523.360,2.8268,39.1601,1.4709,38.4089,NA,NA,NA,NA,NA,NA,NA,NA,NA,NA,NA,NA
523.453,2.8106,38.3640,1.4691,38.2386,NA,NA,NA,NA,NA,NA,NA,NA,NA,NA,NA,NA
523.550,2.8048,38.0773,1.4691,38.2386,NA,NA,NA,NA,NA,NA,NA,NA,NA,NA,NA,NA
523.646,2.8048,38.0773,1.4678,38.1132,NA,NA,NA,NA,NA,NA,NA,NA,NA,NA,NA,NA
523.757,2.7997,37.8250,1.4653,37.8758,NA,NA,NA,NA,NA,NA,NA,NA,NA,NA,NA,NA
523.846,2.7965,37.6669,1.4639,37.7460,NA,NA,NA,NA,NA,NA,NA,NA,NA,NA,NA,NA
523.943,2.7965,37.6669,1.4613,37.4981,NA,NA,NA,NA,NA,NA,NA,NA,NA,NA,NA,NA
524.047,2.7908,37.3876,1.4613,37.4981,NA,NA,NA,NA,NA,NA,NA,NA,NA,NA,NA,NA
524.212,2.7864,37.1721,1.4575,37.1400,NA,NA,NA,NA,NA,NA,NA,NA,NA,NA,NA,NA
524.251,2.7853,37.1142,1.4575,37.1400,NA,NA,NA,NA,NA,NA,NA,NA,NA,NA,NA,NA
524.340,2.7813,36.9213,1.4553,36.9327,NA,NA,NA,NA,NA,NA,NA,NA,NA,NA,NA,NA
524.437,2.7789,36.8036,1.4516,36.5895,NA,NA,NA,NA,NA,NA,NA,NA,NA,NA,NA,NA
524.531,2.7809,36.9014,1.4537,36.7910,NA,NA,NA,NA,NA,NA,NA,NA,NA,NA,NA,NA
524.628,2.7809,36.9014,1.4537,36.7910,NA,NA,NA,NA,NA,NA,NA,NA,NA,NA,NA,NA
524.782,2.7748,36.5970,1.4530,36.7233,NA,NA,NA,NA,NA,NA,NA,NA,NA,NA,NA,NA
524.825,2.7748,36.5970,1.4530,36.7233,NA,NA,NA,NA,NA,NA,NA,NA,NA,NA,NA,NA
524.925,2.7708,36.4047,1.4524,36.6602,NA,NA,NA,NA,NA,NA,NA,NA,NA,NA,NA,NA
525.021,2.7580,35.7725,1.4505,36.4840,NA,NA,NA,NA,NA,NA,NA,NA,NA,NA,NA,NA
525.118,2.7519,35.4741,1.4464,36.1032,NA,NA,NA,NA,NA,NA,NA,NA,NA,NA,NA,NA
525.233,2.7557,35.6582,1.4458,36.0432,NA,NA,NA,NA,NA,NA,NA,NA,NA,NA,NA,NA
525.325,2.7557,35.6582,1.4435,35.8222,NA,NA,NA,NA,NA,NA,NA,NA,NA,NA,NA,NA
525.453,2.7458,35.1718,1.4426,35.7412,NA,NA,NA,NA,NA,NA,NA,NA,NA,NA,NA,NA
525.514,2.7445,35.1058,1.4429,35.7663,NA,NA,NA,NA,NA,NA,NA,NA,NA,NA,NA,NA
525.608,2.7432,35.0459,1.4451,35.9746,NA,NA,NA,NA,NA,NA,NA,NA,NA,NA,NA,NA
525.715,2.7432,35.0459,1.4463,36.0911,NA,NA,NA,NA,NA,NA,NA,NA,NA,NA,NA,NA
525.806,2.7405,34.9117,1.4463,36.0911,NA,NA,NA,NA,NA,NA,NA,NA,NA,NA,NA,NA
525.900,2.7327,34.5289,1.4457,36.0328,NA,NA,NA,NA,NA,NA,NA,NA,NA,NA,NA,NA
526.037,2.7327,34.5289,1.4441,35.8805,NA,NA,NA,NA,NA,NA,NA,NA,NA,NA,NA,NA
526.099,2.7301,34.4000,1.4441,35.8790,NA,NA,NA,NA,NA,NA,NA,NA,NA,NA,NA,NA
526.200,2.7301,34.4000,1.4420,35.6852,NA,NA,NA,NA,NA,NA,NA,NA,NA,NA,NA,NA
526.297,2.7250,34.1476,1.4410,35.5911,NA,NA,NA,NA,NA,NA,NA,NA,NA,NA,NA,NA
526.412,2.7234,34.0696,1.4383,35.3367,NA,NA,NA,NA,NA,NA,NA,NA,NA,NA,NA,NA
526.505,2.7134,33.5779,1.4370,35.2116,NA,NA,NA,NA,NA,NA,NA,NA,NA,NA,NA,NA
526.609,2.7061,33.2164,1.4357,35.0907,NA,NA,NA,NA,NA,NA,NA,NA,NA,NA,NA,NA
526.690,2.7038,33.1042,1.4334,34.8740,NA,NA,NA,NA,NA,NA,NA,NA,NA,NA,NA,NA
526.784,2.7035,33.0895,1.4333,34.8696,NA,NA,NA,NA,NA,NA,NA,NA,NA,NA,NA,NA
526.879,2.6993,32.8835,1.4334,34.8757,NA,NA,NA,NA,NA,NA,NA,NA,NA,NA,NA,NA
526.983,2.6959,32.7138,1.4334,34.8757,NA,NA,NA,NA,NA,NA,NA,NA,NA,NA,NA,NA
527.076,2.6959,32.7138,1.4325,34.7902,NA,NA,NA,NA,NA,NA,NA,NA,NA,NA,NA,NA
527.173,2.6897,32.4085,1.4311,34.6586,NA,NA,NA,NA,NA,NA,NA,NA,NA,NA,NA,NA
527.272,2.6896,32.4029,1.4299,34.5479,NA,NA,NA,NA,NA,NA,NA,NA,NA,NA,NA,NA
527.376,2.6852,32.1894,1.4298,34.5418,NA,NA,NA,NA,NA,NA,NA,NA,NA,NA,NA,NA
527.469,2.6871,32.2834,1.4298,34.5418,NA,NA,NA,NA,NA,NA,NA,NA,NA,NA,NA,NA
527.578,2.6888,32.3637,1.4268,34.2569,NA,NA,NA,NA,NA,NA,NA,NA,NA,NA,NA,NA
527.671,2.6932,32.5826,1.4259,34.1688,NA,NA,NA,NA,NA,NA,NA,NA,NA,NA,NA,NA
527.813,2.6932,32.5826,1.4256,34.1439,NA,NA,NA,NA,NA,NA,NA,NA,NA,NA,NA,NA
527.858,2.6871,32.2826,1.4253,34.1187,NA,NA,NA,NA,NA,NA,NA,NA,NA,NA,NA,NA
527.970,2.6871,32.2826,1.4258,34.1624,NA,NA,NA,NA,NA,NA,NA,NA,NA,NA,NA,NA
528.057,2.6805,31.9565,1.4258,34.1624,NA,NA,NA,NA,NA,NA,NA,NA,NA,NA,NA,NA
528.153,2.6805,31.9565,1.4250,34.0835,NA,NA,NA,NA,NA,NA,NA,NA,NA,NA,NA,NA
528.264,2.6772,31.7955,1.4243,34.0242,NA,NA,NA,NA,NA,NA,NA,NA,NA,NA,NA,NA
528.391,2.6752,31.6960,1.4227,33.8672,NA,NA,NA,NA,NA,NA,NA,NA,NA,NA,NA,NA
528.454,2.6752,31.6960,1.4220,33.8006,NA,NA,NA,NA,NA,NA,NA,NA,NA,NA,NA,NA
528.546,2.6746,31.6676,1.4220,33.8006,NA,NA,NA,NA,NA,NA,NA,NA,NA,NA,NA,NA
528.649,2.6746,31.6676,1.4208,33.6863,NA,NA,NA,NA,NA,NA,NA,NA,NA,NA,NA,NA
528.745,2.6691,31.3967,1.4200,33.6198,NA,NA,NA,NA,NA,NA,NA,NA,NA,NA,NA,NA
528.837,2.6548,30.6928,1.4197,33.5865,NA,NA,NA,NA,NA,NA,NA,NA,NA,NA,NA,NA
528.938,2.6548,30.6928,1.4178,33.4091,NA,NA,NA,NA,NA,NA,NA,NA,NA,NA,NA,NA
529.062,2.6574,30.8178,1.4167,33.3007,NA,NA,NA,NA,NA,NA,NA,NA,NA,NA,NA,NA
529.130,2.6574,30.8178,1.4149,33.1385,NA,NA,NA,NA,NA,NA,NA,NA,NA,NA,NA,NA
529.234,2.6516,30.5336,1.4146,33.1100,NA,NA,NA,NA,NA,NA,NA,NA,NA,NA,NA,NA
529.337,2.6516,30.5336,1.4138,33.0336,NA,NA,NA,NA,NA,NA,NA,NA,NA,NA,NA,NA
529.424,2.6470,30.3101,1.4131,32.9680,NA,NA,NA,NA,NA,NA,NA,NA,NA,NA,NA,NA
529.587,2.6453,30.2232,1.4131,32.9680,NA,NA,NA,NA,NA,NA,NA,NA,NA,NA,NA,NA
529.628,2.6519,30.5477,1.4124,32.9032,NA,NA,NA,NA,NA,NA,NA,NA,NA,NA,NA,NA
529.722,2.6519,30.5477,1.4107,32.7406,NA,NA,NA,NA,NA,NA,NA,NA,NA,NA,NA,NA
529.819,2.6468,30.2963,1.4104,32.7109,NA,NA,NA,NA,NA,NA,NA,NA,NA,NA,NA,NA
529.918,2.6468,30.2963,1.4054,32.2460,NA,NA,NA,NA,NA,NA,NA,NA,NA,NA,NA,NA
530.014,2.6383,29.8802,1.4076,32.4524,NA,NA,NA,NA,NA,NA,NA,NA,NA,NA,NA,NA
530.113,2.6383,29.8802,1.4077,32.4566,NA,NA,NA,NA,NA,NA,NA,NA,NA,NA,NA,NA
530.208,2.6354,29.7371,1.4092,32.6015,NA,NA,NA,NA,NA,NA,NA,NA,NA,NA,NA,NA
530.304,2.6354,29.7371,1.4092,32.6015,NA,NA,NA,NA,NA,NA,NA,NA,NA,NA,NA,NA
530.409,2.6299,29.4677,1.4073,32.4230,NA,NA,NA,NA,NA,NA,NA,NA,NA,NA,NA,NA
530.503,2.6302,29.4825,1.4074,32.4311,NA,NA,NA,NA,NA,NA,NA,NA,NA,NA,NA,NA
530.603,2.6302,29.4825,1.4074,32.4311,NA,NA,NA,NA,NA,NA,NA,NA,NA,NA,NA,NA
530.705,2.6245,29.2003,1.4040,32.1129,NA,NA,NA,NA,NA,NA,NA,NA,NA,NA,NA,NA
530.837,2.6073,28.3521,1.4039,32.1035,NA,NA,NA,NA,NA,NA,NA,NA,NA,NA,NA,NA
530.897,2.6062,28.2982,1.4039,32.1014,NA,NA,NA,NA,NA,NA,NA,NA,NA,NA,NA,NA
530.991,2.6059,28.2856,1.4022,31.9418,NA,NA,NA,NA,NA,NA,NA,NA,NA,NA,NA,NA
531.093,2.6059,28.2856,1.4022,31.9382,NA,NA,NA,NA,NA,NA,NA,NA,NA,NA,NA,NA
531.194,2.6053,28.2564,1.4022,31.9382,NA,NA,NA,NA,NA,NA,NA,NA,NA,NA,NA,NA
531.292,2.6053,28.2564,1.4000,31.7291,NA,NA,NA,NA,NA,NA,NA,NA,NA,NA,NA,NA
531.413,2.6082,28.3967,1.4000,31.7291,NA,NA,NA,NA,NA,NA,NA,NA,NA,NA,NA,NA
531.487,2.6082,28.3967,1.3995,31.6833,NA,NA,NA,NA,NA,NA,NA,NA,NA,NA,NA,NA
531.582,2.6047,28.2251,1.3979,31.5350,NA,NA,NA,NA,NA,NA,NA,NA,NA,NA,NA,NA
531.683,2.6023,28.1071,1.3974,31.4927,NA,NA,NA,NA,NA,NA,NA,NA,NA,NA,NA,NA
531.776,2.5988,27.9368,1.3968,31.4282,NA,NA,NA,NA,NA,NA,NA,NA,NA,NA,NA,NA
531.872,2.6016,28.0749,1.3961,31.3649,NA,NA,NA,NA,NA,NA,NA,NA,NA,NA,NA,NA
531.986,2.6016,28.0749,1.3947,31.2350,NA,NA,NA,NA,NA,NA,NA,NA,NA,NA,NA,NA
532.074,2.5996,27.9749,1.3944,31.2060,NA,NA,NA,NA,NA,NA,NA,NA,NA,NA,NA,NA
532.169,2.5996,27.9749,1.3940,31.1686,NA,NA,NA,NA,NA,NA,NA,NA,NA,NA,NA,NA
532.265,2.5948,27.7390,1.3938,31.1493,NA,NA,NA,NA,NA,NA,NA,NA,NA,NA,NA,NA
532.377,2.5948,27.7390,1.3937,31.1420,NA,NA,NA,NA,NA,NA,NA,NA,NA,NA,NA,NA
532.472,2.5919,27.5956,1.3937,31.1405,NA,NA,NA,NA,NA,NA,NA,NA,NA,NA,NA,NA
532.561,2.5875,27.3790,1.3937,31.1405,NA,NA,NA,NA,NA,NA,NA,NA,NA,NA,NA,NA
532.657,2.5875,27.3790,1.3936,31.1308,NA,NA,NA,NA,NA,NA,NA,NA,NA,NA,NA,NA
532.759,2.5819,27.1018,1.3922,31.0004,NA,NA,NA,NA,NA,NA,NA,NA,NA,NA,NA,NA
532.861,2.5812,27.0688,1.3915,30.9356,NA,NA,NA,NA,NA,NA,NA,NA,NA,NA,NA,NA
532.953,2.5761,26.8153,1.3910,30.8842,NA,NA,NA,NA,NA,NA,NA,NA,NA,NA,NA,NA
533.050,2.5761,26.8153,1.3903,30.8237,NA,NA,NA,NA,NA,NA,NA,NA,NA,NA,NA,NA
533.146,2.5731,26.6709,1.3893,30.7229,NA,NA,NA,NA,NA,NA,NA,NA,NA,NA,NA,NA
533.249,2.5731,26.6709,1.3887,30.6704,NA,NA,NA,NA,NA,NA,NA,NA,NA,NA,NA,NA
533.346,2.5730,26.6654,1.3883,30.6364,NA,NA,NA,NA,NA,NA,NA,NA,NA,NA,NA,NA
533.440,2.5721,26.6200,1.3879,30.5909,NA,NA,NA,NA,NA,NA,NA,NA,NA,NA,NA,NA
533.551,2.5692,26.4800,1.3877,30.5786,NA,NA,NA,NA,NA,NA,NA,NA,NA,NA,NA,NA
533.642,2.5675,26.3940,1.3863,30.4404,NA,NA,NA,NA,NA,NA,NA,NA,NA,NA,NA,NA
533.739,2.5675,26.3940,1.3856,30.3808,NA,NA,NA,NA,NA,NA,NA,NA,NA,NA,NA,NA
533.830,2.5666,26.3477,1.3847,30.2894,NA,NA,NA,NA,NA,NA,NA,NA,NA,NA,NA,NA
533.933,2.5666,26.3477,1.3846,30.2823,NA,NA,NA,NA,NA,NA,NA,NA,NA,NA,NA,NA
534.029,2.5632,26.1810,1.3831,30.1455,NA,NA,NA,NA,NA,NA,NA,NA,NA,NA,NA,NA
534.125,2.5621,26.1273,1.3808,29.9280,NA,NA,NA,NA,NA,NA,NA,NA,NA,NA,NA,NA
534.222,2.5616,26.1040,1.3799,29.8406,NA,NA,NA,NA,NA,NA,NA,NA,NA,NA,NA,NA
534.335,2.5577,25.9141,1.3784,29.6980,NA,NA,NA,NA,NA,NA,NA,NA,NA,NA,NA,NA
534.444,2.5572,25.8893,1.3778,29.6405,NA,NA,NA,NA,NA,NA,NA,NA,NA,NA,NA,NA
534.517,2.5534,25.6981,1.3778,29.6405,NA,NA,NA,NA,NA,NA,NA,NA,NA,NA,NA,NA
534.621,2.5534,25.6981,1.3770,29.5711,NA,NA,NA,NA,NA,NA,NA,NA,NA,NA,NA,NA
534.715,2.5533,25.6956,1.3759,29.4616,NA,NA,NA,NA,NA,NA,NA,NA,NA,NA,NA,NA
534.814,2.5534,25.7000,1.3748,29.3587,NA,NA,NA,NA,NA,NA,NA,NA,NA,NA,NA,NA
534.909,2.5534,25.7000,1.3745,29.3330,NA,NA,NA,NA,NA,NA,NA,NA,NA,NA,NA,NA
535.009,2.5499,25.5284,1.3733,29.2235,NA,NA,NA,NA,NA,NA,NA,NA,NA,NA,NA,NA
535.103,2.5429,25.1814,1.3733,29.2170,NA,NA,NA,NA,NA,NA,NA,NA,NA,NA,NA,NA
535.204,2.5429,25.1814,1.3733,29.2170,NA,NA,NA,NA,NA,NA,NA,NA,NA,NA,NA,NA
535.300,2.5392,25.0011,1.3729,29.1854,NA,NA,NA,NA,NA,NA,NA,NA,NA,NA,NA,NA
535.406,2.5414,25.1078,1.3721,29.1115,NA,NA,NA,NA,NA,NA,NA,NA,NA,NA,NA,NA
535.499,2.5414,25.1078,1.3715,29.0555,NA,NA,NA,NA,NA,NA,NA,NA,NA,NA,NA,NA
535.604,2.5425,25.1651,1.3707,28.9782,NA,NA,NA,NA,NA,NA,NA,NA,NA,NA,NA,NA
535.695,2.5425,25.1651,1.3684,28.7575,NA,NA,NA,NA,NA,NA,NA,NA,NA,NA,NA,NA
535.787,2.5318,24.6378,1.3673,28.6549,NA,NA,NA,NA,NA,NA,NA,NA,NA,NA,NA,NA
535.897,2.5306,24.5771,1.3667,28.5962,NA,NA,NA,NA,NA,NA,NA,NA,NA,NA,NA,NA
535.993,2.5284,24.4683,1.3665,28.5832,NA,NA,NA,NA,NA,NA,NA,NA,NA,NA,NA,NA
536.085,2.5336,24.7259,1.3665,28.5832,NA,NA,NA,NA,NA,NA,NA,NA,NA,NA,NA,NA
536.185,2.5336,24.7259,1.3660,28.5357,NA,NA,NA,NA,NA,NA,NA,NA,NA,NA,NA,NA
536.283,2.5316,24.6274,1.3652,28.4629,NA,NA,NA,NA,NA,NA,NA,NA,NA,NA,NA,NA
536.376,2.5303,24.5608,1.3651,28.4466,NA,NA,NA,NA,NA,NA,NA,NA,NA,NA,NA,NA
536.489,2.5251,24.3077,1.3651,28.4466,NA,NA,NA,NA,NA,NA,NA,NA,NA,NA,NA,NA
536.574,2.5259,24.3443,1.3644,28.3859,NA,NA,NA,NA,NA,NA,NA,NA,NA,NA,NA,NA
536.681,2.5262,24.3603,1.3640,28.3485,NA,NA,NA,NA,NA,NA,NA,NA,NA,NA,NA,NA
536.820,2.5290,24.5010,1.3615,28.1108,NA,NA,NA,NA,NA,NA,NA,NA,NA,NA,NA,NA
536.877,2.5290,24.5010,1.3611,28.0732,NA,NA,NA,NA,NA,NA,NA,NA,NA,NA,NA,NA
536.963,2.5232,24.2111,1.3604,28.0095,NA,NA,NA,NA,NA,NA,NA,NA,NA,NA,NA,NA
537.056,2.5232,24.2111,1.3604,28.0095,NA,NA,NA,NA,NA,NA,NA,NA,NA,NA,NA,NA
537.161,2.5191,24.0101,1.3598,27.9552,NA,NA,NA,NA,NA,NA,NA,NA,NA,NA,NA,NA
537.260,2.5191,24.0101,1.3593,27.9016,NA,NA,NA,NA,NA,NA,NA,NA,NA,NA,NA,NA
537.416,2.5179,23.9530,1.3590,27.8748,NA,NA,NA,NA,NA,NA,NA,NA,NA,NA,NA,NA
537.465,2.5169,23.9031,1.3593,27.9040,NA,NA,NA,NA,NA,NA,NA,NA,NA,NA,NA,NA
537.558,2.5130,23.7103,1.3593,27.9044,NA,NA,NA,NA,NA,NA,NA,NA,NA,NA,NA,NA
537.649,2.5158,23.8479,1.3593,27.9044,NA,NA,NA,NA,NA,NA,NA,NA,NA,NA,NA,NA
537.750,2.5158,23.8479,1.3593,27.9032,NA,NA,NA,NA,NA,NA,NA,NA,NA,NA,NA,NA
537.850,2.5062,23.3743,1.3589,27.8692,NA,NA,NA,NA,NA,NA,NA,NA,NA,NA,NA,NA
537.943,2.5038,23.2606,1.3573,27.7122,NA,NA,NA,NA,NA,NA,NA,NA,NA,NA,NA,NA
538.056,2.5031,23.2223,1.3563,27.6235,NA,NA,NA,NA,NA,NA,NA,NA,NA,NA,NA,NA
538.140,2.5029,23.2137,1.3558,27.5715,NA,NA,NA,NA,NA,NA,NA,NA,NA,NA,NA,NA
538.239,2.4993,23.0386,1.3549,27.4915,NA,NA,NA,NA,NA,NA,NA,NA,NA,NA,NA,NA
538.337,2.5025,23.1955,1.3549,27.4915,NA,NA,NA,NA,NA,NA,NA,NA,NA,NA,NA,NA
538.435,2.5025,23.1955,1.3536,27.3650,NA,NA,NA,NA,NA,NA,NA,NA,NA,NA,NA,NA
538.538,2.5052,23.3262,1.3529,27.3038,NA,NA,NA,NA,NA,NA,NA,NA,NA,NA,NA,NA
538.654,2.5052,23.3262,1.3514,27.1633,NA,NA,NA,NA,NA,NA,NA,NA,NA,NA,NA,NA
538.725,2.5061,23.3709,1.3510,27.1236,NA,NA,NA,NA,NA,NA,NA,NA,NA,NA,NA,NA
538.824,2.5061,23.3709,1.3510,27.1236,NA,NA,NA,NA,NA,NA,NA,NA,NA,NA,NA,NA
538.928,2.4953,22.8379,1.3507,27.0931,NA,NA,NA,NA,NA,NA,NA,NA,NA,NA,NA,NA
539.021,2.4920,22.6790,1.3506,27.0836,NA,NA,NA,NA,NA,NA,NA,NA,NA,NA,NA,NA
539.130,2.4884,22.5025,1.3506,27.0836,NA,NA,NA,NA,NA,NA,NA,NA,NA,NA,NA,NA
539.217,2.4884,22.5025,1.3505,27.0737,NA,NA,NA,NA,NA,NA,NA,NA,NA,NA,NA,NA
539.317,2.4936,22.7575,1.3505,27.0737,NA,NA,NA,NA,NA,NA,NA,NA,NA,NA,NA,NA
539.412,2.4936,22.7575,1.3504,27.0664,NA,NA,NA,NA,NA,NA,NA,NA,NA,NA,NA,NA
539.521,2.4885,22.5038,1.3506,27.0819,NA,NA,NA,NA,NA,NA,NA,NA,NA,NA,NA,NA
539.609,2.4966,22.9020,1.3506,27.0819,NA,NA,NA,NA,NA,NA,NA,NA,NA,NA,NA,NA
539.705,2.4966,22.9020,1.3488,26.9198,NA,NA,NA,NA,NA,NA,NA,NA,NA,NA,NA,NA
539.821,2.4987,23.0085,1.3488,26.9198,NA,NA,NA,NA,NA,NA,NA,NA,NA,NA,NA,NA
539.902,2.4987,23.0085,1.3476,26.8028,NA,NA,NA,NA,NA,NA,NA,NA,NA,NA,NA,NA
539.999,2.5009,23.1133,1.3475,26.7898,NA,NA,NA,NA,NA,NA,NA,NA,NA,NA,NA,NA
540.104,2.5009,23.1133,1.3463,26.6804,NA,NA,NA,NA,NA,NA,NA,NA,NA,NA,NA,NA
540.194,2.4962,22.8840,1.3462,26.6742,NA,NA,NA,NA,NA,NA,NA,NA,NA,NA,NA,NA
540.295,2.4900,22.5769,1.3462,26.6742,NA,NA,NA,NA,NA,NA,NA,NA,NA,NA,NA,NA
540.419,2.4860,22.3813,1.3446,26.5219,NA,NA,NA,NA,NA,NA,NA,NA,NA,NA,NA,NA
540.486,2.4867,22.4177,1.3446,26.5219,NA,NA,NA,NA,NA,NA,NA,NA,NA,NA,NA,NA
540.589,2.4867,22.4177,1.3440,26.4598,NA,NA,NA,NA,NA,NA,NA,NA,NA,NA,NA,NA
540.692,2.4856,22.3615,1.3428,26.3559,NA,NA,NA,NA,NA,NA,NA,NA,NA,NA,NA,NA
540.780,2.4852,22.3408,1.3416,26.2421,NA,NA,NA,NA,NA,NA,NA,NA,NA,NA,NA,NA
540.879,2.4809,22.1295,1.3405,26.1361,NA,NA,NA,NA,NA,NA,NA,NA,NA,NA,NA,NA
541.001,2.4691,21.5482,1.3401,26.0946,NA,NA,NA,NA,NA,NA,NA,NA,NA,NA,NA,NA
541.075,2.4538,20.7967,1.3390,25.9951,NA,NA,NA,NA,NA,NA,NA,NA,NA,NA,NA,NA
541.171,2.4563,20.9205,1.3387,25.9646,NA,NA,NA,NA,NA,NA,NA,NA,NA,NA,NA,NA
541.280,2.4563,20.9205,1.3383,25.9268,NA,NA,NA,NA,NA,NA,NA,NA,NA,NA,NA,NA
541.370,2.4629,21.2449,1.3385,25.9435,NA,NA,NA,NA,NA,NA,NA,NA,NA,NA,NA,NA
541.471,2.4629,21.2449,1.3385,25.9435,NA,NA,NA,NA,NA,NA,NA,NA,NA,NA,NA,NA
541.565,2.4587,21.0367,1.3371,25.8175,NA,NA,NA,NA,NA,NA,NA,NA,NA,NA,NA,NA
541.673,2.4587,21.0367,1.3342,25.5444,NA,NA,NA,NA,NA,NA,NA,NA,NA,NA,NA,NA
541.759,2.4485,20.5360,1.3351,25.6240,NA,NA,NA,NA,NA,NA,NA,NA,NA,NA,NA,NA
541.871,2.4990,23.0242,1.3426,26.3361,NA,NA,NA,NA,NA,NA,NA,NA,NA,NA,NA,NA
541.968,2.5536,25.7084,1.3620,28.1617,NA,NA,NA,NA,NA,NA,NA,NA,NA,NA,NA,NA
542.055,2.6147,28.7177,1.3765,29.5268,NA,NA,NA,NA,NA,NA,NA,NA,NA,NA,NA,NA
542.193,2.6298,29.4636,1.3860,30.4170,NA,NA,NA,NA,NA,NA,NA,NA,NA,NA,NA,NA
542.258,2.6648,31.1847,1.3927,31.0450,NA,NA,NA,NA,NA,NA,NA,NA,NA,NA,NA,NA
542.348,2.6689,31.3847,1.3954,31.2988,NA,NA,NA,NA,NA,NA,NA,NA,NA,NA,NA,NA
542.456,2.6689,31.3847,1.3954,31.2988,NA,NA,NA,NA,NA,NA,NA,NA,NA,NA,NA,NA
542.553,2.6662,31.2538,1.3948,31.2421,NA,NA,NA,NA,NA,NA,NA,NA,NA,NA,NA,NA
542.643,2.6535,30.6290,1.3947,31.2380,NA,NA,NA,NA,NA,NA,NA,NA,NA,NA,NA,NA
542.746,2.6505,30.4805,1.3946,31.2215,NA,NA,NA,NA,NA,NA,NA,NA,NA,NA,NA,NA
542.849,2.6453,30.2253,1.3940,31.1682,NA,NA,NA,NA,NA,NA,NA,NA,NA,NA,NA,NA
542.939,2.6441,30.1650,1.3936,31.1346,NA,NA,NA,NA,NA,NA,NA,NA,NA,NA,NA,NA
543.041,2.6432,30.1225,1.3925,31.0312,NA,NA,NA,NA,NA,NA,NA,NA,NA,NA,NA,NA
543.145,2.6338,29.6598,1.3918,30.9666,NA,NA,NA,NA,NA,NA,NA,NA,NA,NA,NA,NA
543.237,2.6252,29.2336,1.3894,30.7394,NA,NA,NA,NA,NA,NA,NA,NA,NA,NA,NA,NA
543.329,2.6211,29.0321,1.3879,30.5931,NA,NA,NA,NA,NA,NA,NA,NA,NA,NA,NA,NA
543.456,2.6148,28.7216,1.3848,30.3035,NA,NA,NA,NA,NA,NA,NA,NA,NA,NA,NA,NA
543.525,2.6088,28.4278,1.3832,30.1492,NA,NA,NA,NA,NA,NA,NA,NA,NA,NA,NA,NA
543.630,2.6042,28.2014,1.3826,30.0917,NA,NA,NA,NA,NA,NA,NA,NA,NA,NA,NA,NA
543.720,2.6027,28.1277,1.3822,30.0567,NA,NA,NA,NA,NA,NA,NA,NA,NA,NA,NA,NA
543.837,2.5978,27.8877,1.3820,30.0375,NA,NA,NA,NA,NA,NA,NA,NA,NA,NA,NA,NA
543.919,2.5954,27.7669,1.3779,29.6578,NA,NA,NA,NA,NA,NA,NA,NA,NA,NA,NA,NA
544.016,2.5821,27.1131,1.3762,29.4938,NA,NA,NA,NA,NA,NA,NA,NA,NA,NA,NA,NA
544.123,2.5726,26.6449,1.3761,29.4869,NA,NA,NA,NA,NA,NA,NA,NA,NA,NA,NA,NA
544.209,2.5667,26.3525,1.3722,29.1147,NA,NA,NA,NA,NA,NA,NA,NA,NA,NA,NA,NA
544.308,2.5667,26.3525,1.3704,28.9524,NA,NA,NA,NA,NA,NA,NA,NA,NA,NA,NA,NA
544.424,2.5664,26.3425,1.3679,28.7092,NA,NA,NA,NA,NA,NA,NA,NA,NA,NA,NA,NA
544.510,2.5636,26.2027,1.3667,28.6037,NA,NA,NA,NA,NA,NA,NA,NA,NA,NA,NA,NA
544.652,2.5636,26.2027,1.3662,28.5561,NA,NA,NA,NA,NA,NA,NA,NA,NA,NA,NA,NA
544.697,2.5525,25.6564,1.3649,28.4304,NA,NA,NA,NA,NA,NA,NA,NA,NA,NA,NA,NA
544.801,2.5415,25.1119,1.3643,28.3777,NA,NA,NA,NA,NA,NA,NA,NA,NA,NA,NA,NA
544.897,2.5397,25.0233,1.3640,28.3504,NA,NA,NA,NA,NA,NA,NA,NA,NA,NA,NA,NA
544.993,2.5377,24.9274,1.3625,28.2014,NA,NA,NA,NA,NA,NA,NA,NA,NA,NA,NA,NA
545.093,2.5377,24.9274,1.3611,28.0763,NA,NA,NA,NA,NA,NA,NA,NA,NA,NA,NA,NA
545.196,2.5300,24.5490,1.3611,28.0763,NA,NA,NA,NA,NA,NA,NA,NA,NA,NA,NA,NA
545.318,2.5300,24.5490,1.3593,27.9003,NA,NA,NA,NA,NA,NA,NA,NA,NA,NA,NA,NA
545.382,2.5212,24.1126,1.3566,27.6467,NA,NA,NA,NA,NA,NA,NA,NA,NA,NA,NA,NA
545.491,2.5212,24.1126,1.3561,27.6030,NA,NA,NA,NA,NA,NA,NA,NA,NA,NA,NA,NA
545.581,2.5117,23.6459,1.3548,27.4827,NA,NA,NA,NA,NA,NA,NA,NA,NA,NA,NA,NA
545.676,2.5116,23.6412,1.3515,27.1705,NA,NA,NA,NA,NA,NA,NA,NA,NA,NA,NA,NA
545.777,2.5115,23.6376,1.3483,26.8671,NA,NA,NA,NA,NA,NA,NA,NA,NA,NA,NA,NA
545.875,2.5029,23.2165,1.3474,26.7880,NA,NA,NA,NA,NA,NA,NA,NA,NA,NA,NA,NA
545.969,2.4977,22.9587,1.3474,26.7880,NA,NA,NA,NA,NA,NA,NA,NA,NA,NA,NA,NA
546.080,2.4947,22.8108,1.3473,26.7745,NA,NA,NA,NA,NA,NA,NA,NA,NA,NA,NA,NA
546.166,2.4940,22.7756,1.3471,26.7547,NA,NA,NA,NA,NA,NA,NA,NA,NA,NA,NA,NA
546.272,2.4940,22.7756,1.3464,26.6907,NA,NA,NA,NA,NA,NA,NA,NA,NA,NA,NA,NA
546.423,2.4846,22.3129,1.3434,26.4081,NA,NA,NA,NA,NA,NA,NA,NA,NA,NA,NA,NA
546.470,2.4795,22.0624,1.3416,26.2399,NA,NA,NA,NA,NA,NA,NA,NA,NA,NA,NA,NA
546.568,2.4795,22.0624,1.3405,26.1374,NA,NA,NA,NA,NA,NA,NA,NA,NA,NA,NA,NA
546.658,2.4851,22.3369,1.3405,26.1339,NA,NA,NA,NA,NA,NA,NA,NA,NA,NA,NA,NA
546.757,2.4851,22.3369,1.3391,25.9998,NA,NA,NA,NA,NA,NA,NA,NA,NA,NA,NA,NA
546.865,2.4752,21.8481,1.3380,25.9039,NA,NA,NA,NA,NA,NA,NA,NA,NA,NA,NA,NA
547.025,2.4721,21.6978,1.3373,25.8340,NA,NA,NA,NA,NA,NA,NA,NA,NA,NA,NA,NA
547.051,2.4791,22.0442,1.3401,26.0997,NA,NA,NA,NA,NA,NA,NA,NA,NA,NA,NA,NA
547.146,2.5114,23.6336,1.3470,26.7437,NA,NA,NA,NA,NA,NA,NA,NA,NA,NA,NA,NA
547.250,2.5505,25.5573,1.3524,27.2557,NA,NA,NA,NA,NA,NA,NA,NA,NA,NA,NA,NA
547.347,2.5968,27.8376,1.3600,27.9696,NA,NA,NA,NA,NA,NA,NA,NA,NA,NA,NA,NA
547.436,2.6230,29.1274,1.3667,28.6027,NA,NA,NA,NA,NA,NA,NA,NA,NA,NA,NA,NA
547.538,2.6474,30.3257,1.3784,29.7047,NA,NA,NA,NA,NA,NA,NA,NA,NA,NA,NA,NA
547.659,2.7019,33.0110,1.3904,30.8310,NA,NA,NA,NA,NA,NA,NA,NA,NA,NA,NA,NA
547.735,2.7267,34.2337,1.3998,31.7127,NA,NA,NA,NA,NA,NA,NA,NA,NA,NA,NA,NA
547.829,2.7647,36.1011,1.4042,32.1260,NA,NA,NA,NA,NA,NA,NA,NA,NA,NA,NA,NA
547.933,2.7825,36.9764,1.4123,32.8895,NA,NA,NA,NA,NA,NA,NA,NA,NA,NA,NA,NA
548.027,2.8260,39.1194,1.4212,33.7289,NA,NA,NA,NA,NA,NA,NA,NA,NA,NA,NA,NA
548.127,2.8433,39.9707,1.4266,34.2334,NA,NA,NA,NA,NA,NA,NA,NA,NA,NA,NA,NA
548.294,2.8468,40.1440,1.4334,34.8747,NA,NA,NA,NA,NA,NA,NA,NA,NA,NA,NA,NA
548.330,2.8641,40.9930,1.4406,35.5578,NA,NA,NA,NA,NA,NA,NA,NA,NA,NA,NA,NA
548.425,2.8872,42.1307,1.4464,36.0953,NA,NA,NA,NA,NA,NA,NA,NA,NA,NA,NA,NA
548.519,2.9271,44.0976,1.4548,36.8859,NA,NA,NA,NA,NA,NA,NA,NA,NA,NA,NA,NA
548.614,2.9435,44.9054,1.4615,37.5227,NA,NA,NA,NA,NA,NA,NA,NA,NA,NA,NA,NA
548.717,2.9598,45.7084,1.4661,37.9551,NA,NA,NA,NA,NA,NA,NA,NA,NA,NA,NA,NA
548.857,2.9604,45.7341,1.4695,38.2763,NA,NA,NA,NA,NA,NA,NA,NA,NA,NA,NA,NA
548.911,2.9771,46.5565,1.4716,38.4688,NA,NA,NA,NA,NA,NA,NA,NA,NA,NA,NA,NA
549.013,2.9771,46.5565,1.4724,38.5468,NA,NA,NA,NA,NA,NA,NA,NA,NA,NA,NA,NA
549.102,2.9686,46.1376,1.4732,38.6235,NA,NA,NA,NA,NA,NA,NA,NA,NA,NA,NA,NA
549.209,2.9655,45.9893,1.4732,38.6235,NA,NA,NA,NA,NA,NA,NA,NA,NA,NA,NA,NA
549.305,2.9445,44.9520,1.4730,38.5989,NA,NA,NA,NA,NA,NA,NA,NA,NA,NA,NA,NA
549.399,2.9270,44.0931,1.4720,38.5037,NA,NA,NA,NA,NA,NA,NA,NA,NA,NA,NA,NA
549.497,2.9182,43.6566,1.4681,38.1413,NA,NA,NA,NA,NA,NA,NA,NA,NA,NA,NA,NA
549.600,2.9037,42.9449,1.4664,37.9783,NA,NA,NA,NA,NA,NA,NA,NA,NA,NA,NA,NA
549.692,2.8988,42.7059,1.4640,37.7593,NA,NA,NA,NA,NA,NA,NA,NA,NA,NA,NA,NA
549.797,2.8682,41.1975,1.4611,37.4831,NA,NA,NA,NA,NA,NA,NA,NA,NA,NA,NA,NA
549.890,2.8601,40.7982,1.4594,37.3213,NA,NA,NA,NA,NA,NA,NA,NA,NA,NA,NA,NA
550.016,2.8433,39.9730,1.4534,36.7623,NA,NA,NA,NA,NA,NA,NA,NA,NA,NA,NA,NA
550.081,2.8304,39.3365,1.4510,36.5284,NA,NA,NA,NA,NA,NA,NA,NA,NA,NA,NA,NA
550.193,2.8279,39.2157,1.4476,36.2169,NA,NA,NA,NA,NA,NA,NA,NA,NA,NA,NA,NA
550.287,2.8150,38.5768,1.4465,36.1052,NA,NA,NA,NA,NA,NA,NA,NA,NA,NA,NA,NA
550.389,2.8100,38.3343,1.4433,35.8058,NA,NA,NA,NA,NA,NA,NA,NA,NA,NA,NA,NA
550.475,2.8028,37.9767,1.4415,35.6349,NA,NA,NA,NA,NA,NA,NA,NA,NA,NA,NA,NA
550.576,2.8028,37.9767,1.4388,35.3871,NA,NA,NA,NA,NA,NA,NA,NA,NA,NA,NA,NA
550.670,2.7924,37.4634,1.4360,35.1171,NA,NA,NA,NA,NA,NA,NA,NA,NA,NA,NA,NA
550.769,2.7897,37.3317,1.4315,34.7001,NA,NA,NA,NA,NA,NA,NA,NA,NA,NA,NA,NA
550.869,2.7831,37.0092,1.4289,34.4509,NA,NA,NA,NA,NA,NA,NA,NA,NA,NA,NA,NA
550.973,2.7811,36.9110,1.4268,34.2536,NA,NA,NA,NA,NA,NA,NA,NA,NA,NA,NA,NA
551.060,2.7811,36.9110,1.4235,33.9453,NA,NA,NA,NA,NA,NA,NA,NA,NA,NA,NA,NA
551.205,2.7765,36.6851,1.4219,33.7915,NA,NA,NA,NA,NA,NA,NA,NA,NA,NA,NA,NA
551.263,2.7765,36.6851,1.4185,33.4777,NA,NA,NA,NA,NA,NA,NA,NA,NA,NA,NA,NA
551.355,2.7574,35.7417,1.4166,33.2971,NA,NA,NA,NA,NA,NA,NA,NA,NA,NA,NA,NA
551.456,2.7574,35.7417,1.4159,33.2306,NA,NA,NA,NA,NA,NA,NA,NA,NA,NA,NA,NA
551.554,2.7496,35.3577,1.4138,33.0315,NA,NA,NA,NA,NA,NA,NA,NA,NA,NA,NA,NA
551.655,2.7568,35.7133,1.4133,32.9831,NA,NA,NA,NA,NA,NA,NA,NA,NA,NA,NA,NA
551.766,2.7568,35.7133,1.4109,32.7632,NA,NA,NA,NA,NA,NA,NA,NA,NA,NA,NA,NA
551.854,2.7457,35.1644,1.4104,32.7115,NA,NA,NA,NA,NA,NA,NA,NA,NA,NA,NA,NA
551.954,2.7438,35.0722,1.4079,32.4802,NA,NA,NA,NA,NA,NA,NA,NA,NA,NA,NA,NA
552.042,2.7327,34.5266,1.4060,32.2994,NA,NA,NA,NA,NA,NA,NA,NA,NA,NA,NA,NA
552.141,2.7314,34.4637,1.4057,32.2672,NA,NA,NA,NA,NA,NA,NA,NA,NA,NA,NA,NA
552.240,2.7253,34.1618,1.4037,32.0838,NA,NA,NA,NA,NA,NA,NA,NA,NA,NA,NA,NA
552.373,2.7224,34.0196,1.4007,31.7966,NA,NA,NA,NA,NA,NA,NA,NA,NA,NA,NA,NA
552.436,2.7218,33.9904,1.4008,31.8118,NA,NA,NA,NA,NA,NA,NA,NA,NA,NA,NA,NA
552.536,2.7233,34.0657,1.4008,31.8118,NA,NA,NA,NA,NA,NA,NA,NA,NA,NA,NA,NA
552.626,2.7233,34.0657,1.4003,31.7660,NA,NA,NA,NA,NA,NA,NA,NA,NA,NA,NA,NA
552.736,2.7253,34.1616,1.3995,31.6859,NA,NA,NA,NA,NA,NA,NA,NA,NA,NA,NA,NA
552.828,2.7253,34.1616,1.3984,31.5859,NA,NA,NA,NA,NA,NA,NA,NA,NA,NA,NA,NA
552.922,2.7177,33.7879,1.3978,31.5291,NA,NA,NA,NA,NA,NA,NA,NA,NA,NA,NA,NA
553.053,2.7177,33.7879,1.3974,31.4926,NA,NA,NA,NA,NA,NA,NA,NA,NA,NA,NA,NA
553.119,2.7104,33.4315,1.3966,31.4174,NA,NA,NA,NA,NA,NA,NA,NA,NA,NA,NA,NA
553.214,2.7104,33.4315,1.3966,31.4174,NA,NA,NA,NA,NA,NA,NA,NA,NA,NA,NA,NA
553.315,2.7078,33.3028,1.3964,31.3987,NA,NA,NA,NA,NA,NA,NA,NA,NA,NA,NA,NA
553.410,2.7048,33.1534,1.3964,31.3930,NA,NA,NA,NA,NA,NA,NA,NA,NA,NA,NA,NA
553.512,2.6954,32.6892,1.3952,31.2801,NA,NA,NA,NA,NA,NA,NA,NA,NA,NA,NA,NA
553.623,2.6974,32.7890,1.3964,31.3931,NA,NA,NA,NA,NA,NA,NA,NA,NA,NA,NA,NA
553.712,2.6974,32.7890,1.3964,31.3931,NA,NA,NA,NA,NA,NA,NA,NA,NA,NA,NA,NA
553.804,2.6890,32.3755,1.3948,31.2429,NA,NA,NA,NA,NA,NA,NA,NA,NA,NA,NA,NA
553.901,2.6891,32.3787,1.3936,31.1323,NA,NA,NA,NA,NA,NA,NA,NA,NA,NA,NA,NA
554.008,2.6904,32.4456,1.3930,31.0739,NA,NA,NA,NA,NA,NA,NA,NA,NA,NA,NA,NA
554.166,2.6904,32.4456,1.3908,30.8725,NA,NA,NA,NA,NA,NA,NA,NA,NA,NA,NA,NA
554.195,2.6776,31.8168,1.3908,30.8725,NA,NA,NA,NA,NA,NA,NA,NA,NA,NA,NA,NA
554.295,2.6733,31.6048,1.3902,30.8096,NA,NA,NA,NA,NA,NA,NA,NA,NA,NA,NA,NA
554.397,2.6678,31.3318,1.3898,30.7709,NA,NA,NA,NA,NA,NA,NA,NA,NA,NA,NA,NA
554.489,2.6738,31.6249,1.3901,30.7984,NA,NA,NA,NA,NA,NA,NA,NA,NA,NA,NA,NA
554.588,2.6738,31.6249,1.3901,30.7984,NA,NA,NA,NA,NA,NA,NA,NA,NA,NA,NA,NA
554.692,2.6721,31.5413,1.3886,30.6610,NA,NA,NA,NA,NA,NA,NA,NA,NA,NA,NA,NA
554.784,2.6721,31.5413,1.3878,30.5872,NA,NA,NA,NA,NA,NA,NA,NA,NA,NA,NA,NA
554.878,2.6628,31.0850,1.3878,30.5872,NA,NA,NA,NA,NA,NA,NA,NA,NA,NA,NA,NA
554.980,2.6601,30.9546,1.3855,30.3704,NA,NA,NA,NA,NA,NA,NA,NA,NA,NA,NA,NA
555.079,2.6528,30.5936,1.3850,30.3184,NA,NA,NA,NA,NA,NA,NA,NA,NA,NA,NA,NA
555.182,2.6605,30.9703,1.3850,30.3184,NA,NA,NA,NA,NA,NA,NA,NA,NA,NA,NA,NA
555.279,2.6605,30.9703,1.3837,30.2036,NA,NA,NA,NA,NA,NA,NA,NA,NA,NA,NA,NA
555.413,2.6554,30.7219,1.3837,30.2036,NA,NA,NA,NA,NA,NA,NA,NA,NA,NA,NA,NA
555.471,2.6579,30.8428,1.3836,30.1900,NA,NA,NA,NA,NA,NA,NA,NA,NA,NA,NA,NA
555.578,2.6588,30.8878,1.3820,30.0377,NA,NA,NA,NA,NA,NA,NA,NA,NA,NA,NA,NA
555.671,2.6588,30.8878,1.3820,30.0377,NA,NA,NA,NA,NA,NA,NA,NA,NA,NA,NA,NA
555.767,2.6492,30.4174,1.3817,30.0126,NA,NA,NA,NA,NA,NA,NA,NA,NA,NA,NA,NA
555.865,2.6494,30.4250,1.3797,29.8255,NA,NA,NA,NA,NA,NA,NA,NA,NA,NA,NA,NA
556.005,2.6494,30.4250,1.3797,29.8255,NA,NA,NA,NA,NA,NA,NA,NA,NA,NA,NA,NA
556.057,2.6454,30.2290,1.3768,29.5479,NA,NA,NA,NA,NA,NA,NA,NA,NA,NA,NA,NA
556.155,2.6454,30.2290,1.3757,29.4511,NA,NA,NA,NA,NA,NA,NA,NA,NA,NA,NA,NA
556.257,2.6390,29.9148,1.3755,29.4256,NA,NA,NA,NA,NA,NA,NA,NA,NA,NA,NA,NA
556.348,2.6390,29.9148,1.3739,29.2761,NA,NA,NA,NA,NA,NA,NA,NA,NA,NA,NA,NA
556.447,2.6366,29.7944,1.3741,29.2993,NA,NA,NA,NA,NA,NA,NA,NA,NA,NA,NA,NA
556.545,2.6366,29.7944,1.3741,29.2993,NA,NA,NA,NA,NA,NA,NA,NA,NA,NA,NA,NA
556.676,2.6188,28.9198,1.3725,29.1475,NA,NA,NA,NA,NA,NA,NA,NA,NA,NA,NA,NA
556.740,2.6229,29.1225,1.3725,29.1475,NA,NA,NA,NA,NA,NA,NA,NA,NA,NA,NA,NA
556.840,2.6229,29.1225,1.3715,29.0562,NA,NA,NA,NA,NA,NA,NA,NA,NA,NA,NA,NA
556.935,2.6229,29.1209,1.3705,28.9620,NA,NA,NA,NA,NA,NA,NA,NA,NA,NA,NA,NA
557.044,2.6240,29.1751,1.3695,28.8629,NA,NA,NA,NA,NA,NA,NA,NA,NA,NA,NA,NA
557.139,2.6330,29.6211,1.3693,28.8403,NA,NA,NA,NA,NA,NA,NA,NA,NA,NA,NA,NA
557.230,2.6330,29.6211,1.3682,28.7368,NA,NA,NA,NA,NA,NA,NA,NA,NA,NA,NA,NA
557.340,2.6300,29.4711,1.3680,28.7245,NA,NA,NA,NA,NA,NA,NA,NA,NA,NA,NA,NA
557.432,2.6287,29.4089,1.3680,28.7245,NA,NA,NA,NA,NA,NA,NA,NA,NA,NA,NA,NA
557.523,2.6202,28.9872,1.3672,28.6447,NA,NA,NA,NA,NA,NA,NA,NA,NA,NA,NA,NA
557.627,2.6202,28.9872,1.3672,28.6447,NA,NA,NA,NA,NA,NA,NA,NA,NA,NA,NA,NA
557.770,2.6116,28.5650,1.3664,28.5677,NA,NA,NA,NA,NA,NA,NA,NA,NA,NA,NA,NA
557.827,2.6095,28.4602,1.3664,28.5677,NA,NA,NA,NA,NA,NA,NA,NA,NA,NA,NA,NA
557.917,2.6053,28.2532,1.3656,28.4971,NA,NA,NA,NA,NA,NA,NA,NA,NA,NA,NA,NA
558.016,2.6034,28.1627,1.3656,28.4971,NA,NA,NA,NA,NA,NA,NA,NA,NA,NA,NA,NA
558.116,2.6034,28.1627,1.3648,28.4241,NA,NA,NA,NA,NA,NA,NA,NA,NA,NA,NA,NA
558.208,2.6146,28.7154,1.3643,28.3720,NA,NA,NA,NA,NA,NA,NA,NA,NA,NA,NA,NA
558.304,2.6146,28.7154,1.3635,28.3018,NA,NA,NA,NA,NA,NA,NA,NA,NA,NA,NA,NA
558.419,2.6120,28.5870,1.3620,28.1615,NA,NA,NA,NA,NA,NA,NA,NA,NA,NA,NA,NA
558.505,2.6120,28.5870,1.3616,28.1200,NA,NA,NA,NA,NA,NA,NA,NA,NA,NA,NA,NA
558.600,2.6059,28.2865,1.3616,28.1248,NA,NA,NA,NA,NA,NA,NA,NA,NA,NA,NA,NA
558.696,2.6022,28.1010,1.3616,28.1248,NA,NA,NA,NA,NA,NA,NA,NA,NA,NA,NA,NA
558.799,2.5985,27.9183,1.3613,28.0962,NA,NA,NA,NA,NA,NA,NA,NA,NA,NA,NA,NA
558.901,2.6021,28.0984,1.3613,28.0962,NA,NA,NA,NA,NA,NA,NA,NA,NA,NA,NA,NA
559.022,2.6021,28.0984,1.3599,27.9593,NA,NA,NA,NA,NA,NA,NA,NA,NA,NA,NA,NA
559.090,2.5933,27.6658,1.3599,27.9593,NA,NA,NA,NA,NA,NA,NA,NA,NA,NA,NA,NA
559.186,2.5933,27.6658,1.3575,27.7382,NA,NA,NA,NA,NA,NA,NA,NA,NA,NA,NA,NA
559.284,2.5927,27.6333,1.3570,27.6874,NA,NA,NA,NA,NA,NA,NA,NA,NA,NA,NA,NA
559.392,2.5855,27.2798,1.3569,27.6769,NA,NA,NA,NA,NA,NA,NA,NA,NA,NA,NA,NA
559.484,2.5842,27.2160,1.3547,27.4670,NA,NA,NA,NA,NA,NA,NA,NA,NA,NA,NA,NA
559.588,2.5853,27.2718,1.3546,27.4614,NA,NA,NA,NA,NA,NA,NA,NA,NA,NA,NA,NA
559.678,2.5853,27.2718,1.3526,27.2720,NA,NA,NA,NA,NA,NA,NA,NA,NA,NA,NA,NA
559.785,2.5799,27.0055,1.3526,27.2720,NA,NA,NA,NA,NA,NA,NA,NA,NA,NA,NA,NA
559.875,2.5799,27.0055,1.3523,27.2440,NA,NA,NA,NA,NA,NA,NA,NA,NA,NA,NA,NA
559.979,2.5786,26.9408,1.3511,27.1306,NA,NA,NA,NA,NA,NA,NA,NA,NA,NA,NA,NA
560.071,2.5726,26.6477,1.3507,27.0923,NA,NA,NA,NA,NA,NA,NA,NA,NA,NA,NA,NA
560.188,2.5707,26.5502,1.3507,27.0923,NA,NA,NA,NA,NA,NA,NA,NA,NA,NA,NA,NA
560.268,2.5727,26.6498,1.3505,27.0726,NA,NA,NA,NA,NA,NA,NA,NA,NA,NA,NA,NA
560.368,2.5727,26.6498,1.3498,27.0121,NA,NA,NA,NA,NA,NA,NA,NA,NA,NA,NA,NA
560.464,2.5749,26.7586,1.3497,27.0041,NA,NA,NA,NA,NA,NA,NA,NA,NA,NA,NA,NA
560.557,2.5749,26.7586,1.3487,26.9063,NA,NA,NA,NA,NA,NA,NA,NA,NA,NA,NA,NA
560.657,2.5736,26.6962,1.3473,26.7703,NA,NA,NA,NA,NA,NA,NA,NA,NA,NA,NA,NA
560.754,2.5736,26.6962,1.3473,26.7703,NA,NA,NA,NA,NA,NA,NA,NA,NA,NA,NA,NA
560.861,2.5685,26.4415,1.3466,26.7098,NA,NA,NA,NA,NA,NA,NA,NA,NA,NA,NA,NA
560.950,2.5648,26.2592,1.3463,26.6852,NA,NA,NA,NA,NA,NA,NA,NA,NA,NA,NA,NA
561.064,2.5629,26.1697,1.3469,26.7392,NA,NA,NA,NA,NA,NA,NA,NA,NA,NA,NA,NA
561.148,2.5619,26.1207,1.3469,26.7392,NA,NA,NA,NA,NA,NA,NA,NA,NA,NA,NA,NA
561.241,2.5614,26.0941,1.3457,26.6244,NA,NA,NA,NA,NA,NA,NA,NA,NA,NA,NA,NA
561.388,2.5522,25.6412,1.3450,26.5587,NA,NA,NA,NA,NA,NA,NA,NA,NA,NA,NA,NA
561.447,2.5512,25.5928,1.3445,26.5136,NA,NA,NA,NA,NA,NA,NA,NA,NA,NA,NA,NA
561.536,2.5460,25.3377,1.3437,26.4332,NA,NA,NA,NA,NA,NA,NA,NA,NA,NA,NA,NA
561.634,2.5428,25.1771,1.3430,26.3721,NA,NA,NA,NA,NA,NA,NA,NA,NA,NA,NA,NA
561.741,2.5388,24.9820,1.3423,26.3057,NA,NA,NA,NA,NA,NA,NA,NA,NA,NA,NA,NA
561.837,2.5380,24.9398,1.3423,26.3057,NA,NA,NA,NA,NA,NA,NA,NA,NA,NA,NA,NA
561.964,2.5384,24.9605,1.3394,26.0281,NA,NA,NA,NA,NA,NA,NA,NA,NA,NA,NA,NA
562.035,2.5417,25.1242,1.3388,25.9758,NA,NA,NA,NA,NA,NA,NA,NA,NA,NA,NA,NA
562.134,2.5434,25.2092,1.3382,25.9145,NA,NA,NA,NA,NA,NA,NA,NA,NA,NA,NA,NA
562.227,2.5434,25.2092,1.3380,25.8952,NA,NA,NA,NA,NA,NA,NA,NA,NA,NA,NA,NA
562.343,2.5386,24.9708,1.3360,25.7115,NA,NA,NA,NA,NA,NA,NA,NA,NA,NA,NA,NA
562.419,2.5362,24.8525,1.3351,25.6271,NA,NA,NA,NA,NA,NA,NA,NA,NA,NA,NA,NA
562.513,2.5311,24.6008,1.3333,25.4579,NA,NA,NA,NA,NA,NA,NA,NA,NA,NA,NA,NA
562.651,2.5293,24.5126,1.3335,25.4724,NA,NA,NA,NA,NA,NA,NA,NA,NA,NA,NA,NA
562.711,2.5296,24.5294,1.3335,25.4724,NA,NA,NA,NA,NA,NA,NA,NA,NA,NA,NA,NA
562.813,2.5296,24.5294,1.3324,25.3735,NA,NA,NA,NA,NA,NA,NA,NA,NA,NA,NA,NA
562.911,2.5251,24.3073,1.3300,25.1480,NA,NA,NA,NA,NA,NA,NA,NA,NA,NA,NA,NA
563.007,2.5251,24.3073,1.3299,25.1408,NA,NA,NA,NA,NA,NA,NA,NA,NA,NA,NA,NA
563.105,2.5209,24.0988,1.3299,25.1408,NA,NA,NA,NA,NA,NA,NA,NA,NA,NA,NA,NA
563.212,2.5164,23.8778,1.3285,25.0061,NA,NA,NA,NA,NA,NA,NA,NA,NA,NA,NA,NA
563.307,2.5141,23.7653,1.3273,24.8917,NA,NA,NA,NA,NA,NA,NA,NA,NA,NA,NA,NA
563.395,2.5127,23.6989,1.3272,24.8836,NA,NA,NA,NA,NA,NA,NA,NA,NA,NA,NA,NA
563.496,2.5127,23.6989,1.3288,25.0374,NA,NA,NA,NA,NA,NA,NA,NA,NA,NA,NA,NA
563.593,2.5122,23.6721,1.3288,25.0374,NA,NA,NA,NA,NA,NA,NA,NA,NA,NA,NA,NA
563.693,2.5118,23.6502,1.3278,24.9371,NA,NA,NA,NA,NA,NA,NA,NA,NA,NA,NA,NA
563.789,2.5074,23.4336,1.3251,24.6824,NA,NA,NA,NA,NA,NA,NA,NA,NA,NA,NA,NA
563.884,2.5058,23.3578,1.3242,24.5984,NA,NA,NA,NA,NA,NA,NA,NA,NA,NA,NA,NA
563.985,2.5037,23.2556,1.3233,24.5134,NA,NA,NA,NA,NA,NA,NA,NA,NA,NA,NA,NA
564.091,2.5041,23.2712,1.3233,24.5134,NA,NA,NA,NA,NA,NA,NA,NA,NA,NA,NA,NA
564.178,2.5041,23.2712,1.3211,24.3116,NA,NA,NA,NA,NA,NA,NA,NA,NA,NA,NA,NA
564.278,2.5018,23.1602,1.3211,24.3116,NA,NA,NA,NA,NA,NA,NA,NA,NA,NA,NA,NA
564.373,2.4994,23.0402,1.3211,24.3097,NA,NA,NA,NA,NA,NA,NA,NA,NA,NA,NA,NA
564.483,2.4989,23.0182,1.3215,24.3444,NA,NA,NA,NA,NA,NA,NA,NA,NA,NA,NA,NA
564.583,2.4965,22.8979,1.3215,24.3444,NA,NA,NA,NA,NA,NA,NA,NA,NA,NA,NA,NA
564.668,2.4950,22.8232,1.3204,24.2403,NA,NA,NA,NA,NA,NA,NA,NA,NA,NA,NA,NA
564.777,2.4943,22.7922,1.3197,24.1813,NA,NA,NA,NA,NA,NA,NA,NA,NA,NA,NA,NA
564.866,2.4970,22.9233,1.3197,24.1807,NA,NA,NA,NA,NA,NA,NA,NA,NA,NA,NA,NA
564.965,2.4970,22.9233,1.3205,24.2572,NA,NA,NA,NA,NA,NA,NA,NA,NA,NA,NA,NA
565.069,2.4883,22.4938,1.3226,24.4471,NA,NA,NA,NA,NA,NA,NA,NA,NA,NA,NA,NA
565.165,2.4814,22.1539,1.3226,24.4471,NA,NA,NA,NA,NA,NA,NA,NA,NA,NA,NA,NA
565.254,2.4814,22.1539,1.3213,24.3277,NA,NA,NA,NA,NA,NA,NA,NA,NA,NA,NA,NA
565.360,2.4763,21.9065,1.3202,24.2256,NA,NA,NA,NA,NA,NA,NA,NA,NA,NA,NA,NA
565.451,2.4763,21.9065,1.3197,24.1784,NA,NA,NA,NA,NA,NA,NA,NA,NA,NA,NA,NA
565.560,2.4791,22.0434,1.3197,24.1756,NA,NA,NA,NA,NA,NA,NA,NA,NA,NA,NA,NA
565.651,2.4791,22.0434,1.3185,24.0621,NA,NA,NA,NA,NA,NA,NA,NA,NA,NA,NA,NA
565.755,2.4763,21.9039,1.3186,24.0742,NA,NA,NA,NA,NA,NA,NA,NA,NA,NA,NA,NA
565.847,2.4763,21.9039,1.3186,24.0742,NA,NA,NA,NA,NA,NA,NA,NA,NA,NA,NA,NA
565.949,2.4750,21.8428,1.3177,23.9939,NA,NA,NA,NA,NA,NA,NA,NA,NA,NA,NA,NA
566.038,2.4667,21.4307,1.3174,23.9654,NA,NA,NA,NA,NA,NA,NA,NA,NA,NA,NA,NA
566.140,2.4663,21.4113,1.3159,23.8241,NA,NA,NA,NA,NA,NA,NA,NA,NA,NA,NA,NA
566.262,2.4762,21.9022,1.3159,23.8240,NA,NA,NA,NA,NA,NA,NA,NA,NA,NA,NA,NA
566.338,2.4762,21.9022,1.3152,23.7565,NA,NA,NA,NA,NA,NA,NA,NA,NA,NA,NA,NA
566.435,2.4751,21.8453,1.3153,23.7597,NA,NA,NA,NA,NA,NA,NA,NA,NA,NA,NA,NA
566.528,2.4724,21.7119,1.3153,23.7664,NA,NA,NA,NA,NA,NA,NA,NA,NA,NA,NA,NA
566.631,2.4650,21.3487,1.3158,23.8105,NA,NA,NA,NA,NA,NA,NA,NA,NA,NA,NA,NA
566.787,2.4643,21.3162,1.3158,23.8131,NA,NA,NA,NA,NA,NA,NA,NA,NA,NA,NA,NA
566.820,2.4643,21.3162,1.3158,23.8131,NA,NA,NA,NA,NA,NA,NA,NA,NA,NA,NA,NA
566.926,2.4637,21.2820,1.3154,23.7684,NA,NA,NA,NA,NA,NA,NA,NA,NA,NA,NA,NA
567.022,2.4604,21.1203,1.3142,23.6631,NA,NA,NA,NA,NA,NA,NA,NA,NA,NA,NA,NA
567.122,2.4605,21.1254,1.3131,23.5583,NA,NA,NA,NA,NA,NA,NA,NA,NA,NA,NA,NA
567.213,2.4605,21.1254,1.3127,23.5193,NA,NA,NA,NA,NA,NA,NA,NA,NA,NA,NA,NA
567.315,2.4553,20.8689,1.3120,23.4491,NA,NA,NA,NA,NA,NA,NA,NA,NA,NA,NA,NA
567.412,2.4553,20.8689,1.3120,23.4491,NA,NA,NA,NA,NA,NA,NA,NA,NA,NA,NA,NA
567.511,2.4527,20.7452,1.3098,23.2438,NA,NA,NA,NA,NA,NA,NA,NA,NA,NA,NA,NA
567.608,2.4625,21.2275,1.3095,23.2186,NA,NA,NA,NA,NA,NA,NA,NA,NA,NA,NA,NA
567.705,2.4625,21.2275,1.3095,23.2186,NA,NA,NA,NA,NA,NA,NA,NA,NA,NA,NA,NA
567.807,2.4627,21.2337,1.3090,23.1692,NA,NA,NA,NA,NA,NA,NA,NA,NA,NA,NA,NA
567.906,2.4627,21.2337,1.3107,23.3292,NA,NA,NA,NA,NA,NA,NA,NA,NA,NA,NA,NA
568.036,2.4558,20.8955,1.3133,23.5721,NA,NA,NA,NA,NA,NA,NA,NA,NA,NA,NA,NA
568.093,2.4558,20.8955,1.3168,23.9027,NA,NA,NA,NA,NA,NA,NA,NA,NA,NA,NA,NA
568.196,2.4524,20.7259,1.3170,23.9236,NA,NA,NA,NA,NA,NA,NA,NA,NA,NA,NA,NA
568.296,2.4524,20.7259,1.3273,24.8896,NA,NA,NA,NA,NA,NA,NA,NA,NA,NA,NA,NA
568.387,2.4481,20.5150,1.3302,25.1625,NA,NA,NA,NA,NA,NA,NA,NA,NA,NA,NA,NA
568.488,2.4423,20.2299,1.3318,25.3201,NA,NA,NA,NA,NA,NA,NA,NA,NA,NA,NA,NA
568.585,2.4423,20.2299,1.3328,25.4087,NA,NA,NA,NA,NA,NA,NA,NA,NA,NA,NA,NA
568.682,2.4429,20.2621,1.3332,25.4499,NA,NA,NA,NA,NA,NA,NA,NA,NA,NA,NA,NA
568.794,2.4429,20.2621,1.3332,25.4499,NA,NA,NA,NA,NA,NA,NA,NA,NA,NA,NA,NA
568.900,2.4380,20.0211,1.3362,25.7261,NA,NA,NA,NA,NA,NA,NA,NA,NA,NA,NA,NA
568.980,2.4369,19.9645,1.3377,25.8759,NA,NA,NA,NA,NA,NA,NA,NA,NA,NA,NA,NA
569.076,2.4327,19.7566,1.3377,25.8759,NA,NA,NA,NA,NA,NA,NA,NA,NA,NA,NA,NA
569.200,2.4305,19.6512,1.3262,24.7867,NA,NA,NA,NA,NA,NA,NA,NA,NA,NA,NA,NA
569.278,2.4305,19.6512,1.3149,23.7293,NA,NA,NA,NA,NA,NA,NA,NA,NA,NA,NA,NA
569.370,2.4268,19.4663,1.3105,23.3075,NA,NA,NA,NA,NA,NA,NA,NA,NA,NA,NA,NA
569.466,2.4277,19.5144,1.3094,23.2085,NA,NA,NA,NA,NA,NA,NA,NA,NA,NA,NA,NA
569.561,2.4304,19.6454,1.3134,23.5848,NA,NA,NA,NA,NA,NA,NA,NA,NA,NA,NA,NA
569.667,2.4304,19.6454,1.3161,23.8347,NA,NA,NA,NA,NA,NA,NA,NA,NA,NA,NA,NA
569.757,2.4321,19.7295,1.3185,24.0673,NA,NA,NA,NA,NA,NA,NA,NA,NA,NA,NA,NA
569.862,2.4321,19.7295,1.3200,24.2092,NA,NA,NA,NA,NA,NA,NA,NA,NA,NA,NA,NA
569.955,2.4305,19.6509,1.3200,24.2092,NA,NA,NA,NA,NA,NA,NA,NA,NA,NA,NA,NA
570.048,2.4279,19.5209,1.3212,24.3217,NA,NA,NA,NA,NA,NA,NA,NA,NA,NA,NA,NA
570.147,2.4167,18.9705,1.3228,24.4683,NA,NA,NA,NA,NA,NA,NA,NA,NA,NA,NA,NA
570.261,2.4174,19.0063,1.3239,24.5686,NA,NA,NA,NA,NA,NA,NA,NA,NA,NA,NA,NA
570.410,2.4174,19.0063,1.3239,24.5686,NA,NA,NA,NA,NA,NA,NA,NA,NA,NA,NA,NA
570.447,2.4214,19.2037,1.3248,24.6547,NA,NA,NA,NA,NA,NA,NA,NA,NA,NA,NA,NA
570.542,2.4214,19.2037,1.3249,24.6640,NA,NA,NA,NA,NA,NA,NA,NA,NA,NA,NA,NA
570.640,2.4103,18.6556,1.3249,24.6640,NA,NA,NA,NA,NA,NA,NA,NA,NA,NA,NA,NA
570.738,2.4110,18.6890,1.3246,24.6417,NA,NA,NA,NA,NA,NA,NA,NA,NA,NA,NA,NA
570.845,2.4110,18.6890,1.3240,24.5791,NA,NA,NA,NA,NA,NA,NA,NA,NA,NA,NA,NA
570.977,2.4102,18.6512,1.3237,24.5529,NA,NA,NA,NA,NA,NA,NA,NA,NA,NA,NA,NA
571.032,2.4097,18.6253,1.3230,24.4900,NA,NA,NA,NA,NA,NA,NA,NA,NA,NA,NA,NA
571.146,2.4111,18.6970,1.3228,24.4649,NA,NA,NA,NA,NA,NA,NA,NA,NA,NA,NA,NA
571.228,2.4111,18.6970,1.3208,24.2791,NA,NA,NA,NA,NA,NA,NA,NA,NA,NA,NA,NA
571.325,2.4061,18.4496,1.3154,23.7688,NA,NA,NA,NA,NA,NA,NA,NA,NA,NA,NA,NA
571.426,2.4061,18.4496,1.3109,23.3454,NA,NA,NA,NA,NA,NA,NA,NA,NA,NA,NA,NA
571.521,2.4026,18.2765,1.3115,23.4039,NA,NA,NA,NA,NA,NA,NA,NA,NA,NA,NA,NA
571.624,2.4026,18.2765,1.3125,23.5045,NA,NA,NA,NA,NA,NA,NA,NA,NA,NA,NA,NA
571.716,2.4021,18.2509,1.3141,23.6514,NA,NA,NA,NA,NA,NA,NA,NA,NA,NA,NA,NA
571.813,2.4025,18.2736,1.3185,24.0606,NA,NA,NA,NA,NA,NA,NA,NA,NA,NA,NA,NA
571.921,2.4165,18.9588,1.3293,25.0852,NA,NA,NA,NA,NA,NA,NA,NA,NA,NA,NA,NA
572.007,2.4795,22.0634,1.3436,26.4240,NA,NA,NA,NA,NA,NA,NA,NA,NA,NA,NA,NA
572.162,2.5262,24.3621,1.3552,27.5198,NA,NA,NA,NA,NA,NA,NA,NA,NA,NA,NA,NA
572.214,2.5646,26.2522,1.3699,28.9029,NA,NA,NA,NA,NA,NA,NA,NA,NA,NA,NA,NA
572.310,2.5786,26.9384,1.3785,29.7098,NA,NA,NA,NA,NA,NA,NA,NA,NA,NA,NA,NA
572.407,2.5905,27.5243,1.3859,30.4051,NA,NA,NA,NA,NA,NA,NA,NA,NA,NA,NA,NA
572.502,2.5979,27.8898,1.3902,30.8101,NA,NA,NA,NA,NA,NA,NA,NA,NA,NA,NA,NA
572.607,2.6020,28.0942,1.3926,31.0343,NA,NA,NA,NA,NA,NA,NA,NA,NA,NA,NA,NA
572.693,2.6153,28.7477,1.3934,31.1100,NA,NA,NA,NA,NA,NA,NA,NA,NA,NA,NA,NA
572.795,2.6153,28.7477,1.3940,31.1725,NA,NA,NA,NA,NA,NA,NA,NA,NA,NA,NA,NA
572.896,2.6098,28.4778,1.3940,31.1725,NA,NA,NA,NA,NA,NA,NA,NA,NA,NA,NA,NA
572.994,2.6098,28.4778,1.3934,31.1166,NA,NA,NA,NA,NA,NA,NA,NA,NA,NA,NA,NA
573.089,2.6039,28.1855,1.3917,30.9490,NA,NA,NA,NA,NA,NA,NA,NA,NA,NA,NA,NA
573.190,2.6039,28.1855,1.3907,30.8551,NA,NA,NA,NA,NA,NA,NA,NA,NA,NA,NA,NA
573.286,2.5873,27.3701,1.3882,30.6191,NA,NA,NA,NA,NA,NA,NA,NA,NA,NA,NA,NA
573.414,2.5823,27.1243,1.3849,30.3159,NA,NA,NA,NA,NA,NA,NA,NA,NA,NA,NA,NA
573.487,2.5726,26.6457,1.3833,30.1575,NA,NA,NA,NA,NA,NA,NA,NA,NA,NA,NA,NA
573.575,2.5711,26.5723,1.3822,30.0552,NA,NA,NA,NA,NA,NA,NA,NA,NA,NA,NA,NA
573.686,2.5700,26.5175,1.3799,29.8411,NA,NA,NA,NA,NA,NA,NA,NA,NA,NA,NA,NA
573.778,2.5610,26.0724,1.3788,29.7395,NA,NA,NA,NA,NA,NA,NA,NA,NA,NA,NA,NA
573.873,2.5562,25.8399,1.3786,29.7227,NA,NA,NA,NA,NA,NA,NA,NA,NA,NA,NA,NA
573.997,2.5451,25.2928,1.3786,29.7227,NA,NA,NA,NA,NA,NA,NA,NA,NA,NA,NA,NA
574.069,2.5403,25.0575,1.3785,29.7107,NA,NA,NA,NA,NA,NA,NA,NA,NA,NA,NA,NA
574.166,2.5304,24.5677,1.3783,29.6932,NA,NA,NA,NA,NA,NA,NA,NA,NA,NA,NA,NA
574.257,2.5310,24.5982,1.3783,29.6932,NA,NA,NA,NA,NA,NA,NA,NA,NA,NA,NA,NA
574.366,2.5310,24.5982,1.3781,29.6765,NA,NA,NA,NA,NA,NA,NA,NA,NA,NA,NA,NA
574.471,2.5216,24.1348,1.3781,29.6727,NA,NA,NA,NA,NA,NA,NA,NA,NA,NA,NA,NA
574.623,2.5216,24.1348,1.3778,29.6479,NA,NA,NA,NA,NA,NA,NA,NA,NA,NA,NA,NA
574.659,2.5181,23.9628,1.3778,29.6479,NA,NA,NA,NA,NA,NA,NA,NA,NA,NA,NA,NA
574.754,2.5176,23.9390,1.3757,29.4499,NA,NA,NA,NA,NA,NA,NA,NA,NA,NA,NA,NA
574.849,2.5068,23.4067,1.3747,29.3528,NA,NA,NA,NA,NA,NA,NA,NA,NA,NA,NA,NA
574.946,2.5068,23.4067,1.3746,29.3466,NA,NA,NA,NA,NA,NA,NA,NA,NA,NA,NA,NA
575.046,2.5059,23.3642,1.3751,29.3899,NA,NA,NA,NA,NA,NA,NA,NA,NA,NA,NA,NA
575.143,2.5086,23.4960,1.3751,29.3899,NA,NA,NA,NA,NA,NA,NA,NA,NA,NA,NA,NA
575.247,2.5086,23.4960,1.3730,29.1902,NA,NA,NA,NA,NA,NA,NA,NA,NA,NA,NA,NA
575.341,2.5079,23.4609,1.3697,28.8866,NA,NA,NA,NA,NA,NA,NA,NA,NA,NA,NA,NA
575.440,2.5079,23.4609,1.3697,28.8803,NA,NA,NA,NA,NA,NA,NA,NA,NA,NA,NA,NA
575.539,2.5052,23.3291,1.3696,28.8702,NA,NA,NA,NA,NA,NA,NA,NA,NA,NA,NA,NA
575.633,2.4987,23.0067,1.3690,28.8126,NA,NA,NA,NA,NA,NA,NA,NA,NA,NA,NA,NA
575.732,2.4964,22.8929,1.3690,28.8136,NA,NA,NA,NA,NA,NA,NA,NA,NA,NA,NA,NA
575.830,2.4942,22.7871,1.3690,28.8136,NA,NA,NA,NA,NA,NA,NA,NA,NA,NA,NA,NA
575.926,2.4942,22.7871,1.3677,28.6898,NA,NA,NA,NA,NA,NA,NA,NA,NA,NA,NA,NA
576.037,2.4895,22.5559,1.3669,28.6224,NA,NA,NA,NA,NA,NA,NA,NA,NA,NA,NA,NA
576.124,2.4895,22.5559,1.3667,28.6033,NA,NA,NA,NA,NA,NA,NA,NA,NA,NA,NA,NA
576.229,2.4847,22.3168,1.3662,28.5518,NA,NA,NA,NA,NA,NA,NA,NA,NA,NA,NA,NA
576.364,2.4761,21.8949,1.3647,28.4143,NA,NA,NA,NA,NA,NA,NA,NA,NA,NA,NA,NA
576.430,2.4728,21.7313,1.3633,28.2756,NA,NA,NA,NA,NA,NA,NA,NA,NA,NA,NA,NA
576.518,2.4735,21.7657,1.3630,28.2526,NA,NA,NA,NA,NA,NA,NA,NA,NA,NA,NA,NA
576.612,2.4735,21.7657,1.3611,28.0747,NA,NA,NA,NA,NA,NA,NA,NA,NA,NA,NA,NA
576.715,2.4698,21.5833,1.3611,28.0747,NA,NA,NA,NA,NA,NA,NA,NA,NA,NA,NA,NA
576.815,2.4658,21.3858,1.3591,27.8813,NA,NA,NA,NA,NA,NA,NA,NA,NA,NA,NA,NA
576.906,2.4605,21.1272,1.3581,27.7940,NA,NA,NA,NA,NA,NA,NA,NA,NA,NA,NA,NA
577.062,2.4582,21.0135,1.3588,27.8581,NA,NA,NA,NA,NA,NA,NA,NA,NA,NA,NA,NA
577.109,2.4638,21.2874,1.3588,27.8581,NA,NA,NA,NA,NA,NA,NA,NA,NA,NA,NA,NA
577.207,2.4638,21.2874,1.3564,27.6355,NA,NA,NA,NA,NA,NA,NA,NA,NA,NA,NA,NA
577.299,2.4537,20.7898,1.3564,27.6355,NA,NA,NA,NA,NA,NA,NA,NA,NA,NA,NA,NA
577.396,2.4537,20.7898,1.3540,27.4078,NA,NA,NA,NA,NA,NA,NA,NA,NA,NA,NA,NA
577.492,2.4498,20.6003,1.3529,27.3046,NA,NA,NA,NA,NA,NA,NA,NA,NA,NA,NA,NA
577.616,2.4459,20.4104,1.3514,27.1642,NA,NA,NA,NA,NA,NA,NA,NA,NA,NA,NA,NA
577.702,2.4439,20.3106,1.3502,27.0518,NA,NA,NA,NA,NA,NA,NA,NA,NA,NA,NA,NA
577.792,2.4430,20.2636,1.3473,26.7762,NA,NA,NA,NA,NA,NA,NA,NA,NA,NA,NA,NA
577.899,2.4542,20.8151,1.3519,27.2046,NA,NA,NA,NA,NA,NA,NA,NA,NA,NA,NA,NA
577.983,2.4992,23.0320,1.3597,27.9412,NA,NA,NA,NA,NA,NA,NA,NA,NA,NA,NA,NA
578.088,2.5224,24.1728,1.3675,28.6765,NA,NA,NA,NA,NA,NA,NA,NA,NA,NA,NA,NA
578.193,2.5710,26.5658,1.3820,30.0389,NA,NA,NA,NA,NA,NA,NA,NA,NA,NA,NA,NA
578.275,2.5981,27.9001,1.3937,31.1376,NA,NA,NA,NA,NA,NA,NA,NA,NA,NA,NA,NA
578.375,2.6180,28.8786,1.4056,32.2602,NA,NA,NA,NA,NA,NA,NA,NA,NA,NA,NA,NA
578.471,2.6514,30.5247,1.4127,32.9242,NA,NA,NA,NA,NA,NA,NA,NA,NA,NA,NA,NA
578.576,2.6727,31.5713,1.4281,34.3768,NA,NA,NA,NA,NA,NA,NA,NA,NA,NA,NA,NA
578.674,2.7141,33.6087,1.4368,35.1932,NA,NA,NA,NA,NA,NA,NA,NA,NA,NA,NA,NA
578.826,2.7280,34.2937,1.4464,36.1001,NA,NA,NA,NA,NA,NA,NA,NA,NA,NA,NA,NA
578.867,2.7668,36.2039,1.4518,36.6055,NA,NA,NA,NA,NA,NA,NA,NA,NA,NA,NA,NA
578.989,2.7859,37.1439,1.4593,37.3106,NA,NA,NA,NA,NA,NA,NA,NA,NA,NA,NA,NA
579.058,2.7964,37.6607,1.4632,37.6772,NA,NA,NA,NA,NA,NA,NA,NA,NA,NA,NA,NA
579.165,2.8090,38.2839,1.4685,38.1797,NA,NA,NA,NA,NA,NA,NA,NA,NA,NA,NA,NA
579.257,2.8129,38.4753,1.4720,38.5050,NA,NA,NA,NA,NA,NA,NA,NA,NA,NA,NA,NA
579.388,2.8255,39.0946,1.4738,38.6798,NA,NA,NA,NA,NA,NA,NA,NA,NA,NA,NA,NA
579.456,2.8255,39.0946,1.4796,39.2274,NA,NA,NA,NA,NA,NA,NA,NA,NA,NA,NA,NA
579.550,2.8294,39.2870,1.4823,39.4770,NA,NA,NA,NA,NA,NA,NA,NA,NA,NA,NA,NA
579.656,2.8294,39.2870,1.4824,39.4857,NA,NA,NA,NA,NA,NA,NA,NA,NA,NA,NA,NA
579.753,2.8127,38.4652,1.4836,39.6007,NA,NA,NA,NA,NA,NA,NA,NA,NA,NA,NA,NA
579.854,2.8127,38.4651,1.4836,39.6007,NA,NA,NA,NA,NA,NA,NA,NA,NA,NA,NA,NA
579.992,2.7948,37.5845,1.4824,39.4840,NA,NA,NA,NA,NA,NA,NA,NA,NA,NA,NA,NA
580.046,2.7854,37.1204,1.4824,39.4840,NA,NA,NA,NA,NA,NA,NA,NA,NA,NA,NA,NA
580.137,2.7780,36.7587,1.4823,39.4801,NA,NA,NA,NA,NA,NA,NA,NA,NA,NA,NA,NA
580.258,2.7762,36.6667,1.4805,39.3119,NA,NA,NA,NA,NA,NA,NA,NA,NA,NA,NA,NA
580.333,2.7619,35.9630,1.4777,39.0457,NA,NA,NA,NA,NA,NA,NA,NA,NA,NA,NA,NA
580.443,2.7574,35.7412,1.4665,37.9903,NA,NA,NA,NA,NA,NA,NA,NA,NA,NA,NA,NA
580.531,2.7446,35.1137,1.4803,39.2888,NA,NA,NA,NA,NA,NA,NA,NA,NA,NA,NA,NA
580.659,2.7373,34.7524,1.4825,39.4949,NA,NA,NA,NA,NA,NA,NA,NA,NA,NA,NA,NA
580.723,2.7334,34.5621,1.4825,39.4949,NA,NA,NA,NA,NA,NA,NA,NA,NA,NA,NA,NA
580.820,2.7271,34.2530,1.4663,37.9746,NA,NA,NA,NA,NA,NA,NA,NA,NA,NA,NA,NA
580.919,2.7257,34.1821,1.4775,39.0245,NA,NA,NA,NA,NA,NA,NA,NA,NA,NA,NA,NA
581.017,2.7128,33.5465,1.4798,39.2389,NA,NA,NA,NA,NA,NA,NA,NA,NA,NA,NA,NA
581.113,2.7128,33.5465,1.4840,39.6419,NA,NA,NA,NA,NA,NA,NA,NA,NA,NA,NA,NA
581.216,2.7002,32.9278,1.4840,39.6419,NA,NA,NA,NA,NA,NA,NA,NA,NA,NA,NA,NA
581.327,2.6952,32.6809,1.4600,37.3795,NA,NA,NA,NA,NA,NA,NA,NA,NA,NA,NA,NA
581.413,2.6941,32.6254,1.4517,36.5946,NA,NA,NA,NA,NA,NA,NA,NA,NA,NA,NA,NA
581.507,2.6864,32.2480,1.4483,36.2808,NA,NA,NA,NA,NA,NA,NA,NA,NA,NA,NA,NA
581.602,2.6864,32.2480,1.4448,35.9453,NA,NA,NA,NA,NA,NA,NA,NA,NA,NA,NA,NA
581.739,2.6809,31.9767,1.4428,35.7575,NA,NA,NA,NA,NA,NA,NA,NA,NA,NA,NA,NA
581.811,2.6786,31.8642,1.4414,35.6322,NA,NA,NA,NA,NA,NA,NA,NA,NA,NA,NA,NA
581.895,2.6752,31.6939,1.4383,35.3357,NA,NA,NA,NA,NA,NA,NA,NA,NA,NA,NA,NA
581.996,2.6633,31.1079,1.4376,35.2668,NA,NA,NA,NA,NA,NA,NA,NA,NA,NA,NA,NA
582.098,2.6613,31.0095,1.4367,35.1847,NA,NA,NA,NA,NA,NA,NA,NA,NA,NA,NA,NA
582.191,2.6558,30.7404,1.4345,34.9765,NA,NA,NA,NA,NA,NA,NA,NA,NA,NA,NA,NA
582.301,2.6557,30.7362,1.4333,34.8635,NA,NA,NA,NA,NA,NA,NA,NA,NA,NA,NA,NA
582.392,2.6523,30.5669,1.4324,34.7855,NA,NA,NA,NA,NA,NA,NA,NA,NA,NA,NA,NA
582.489,2.6523,30.5669,1.4310,34.6549,NA,NA,NA,NA,NA,NA,NA,NA,NA,NA,NA,NA
582.583,2.6439,30.1545,1.4306,34.6132,NA,NA,NA,NA,NA,NA,NA,NA,NA,NA,NA,NA
582.687,2.6405,29.9859,1.4302,34.5706,NA,NA,NA,NA,NA,NA,NA,NA,NA,NA,NA,NA
582.779,2.6365,29.7894,1.4279,34.3569,NA,NA,NA,NA,NA,NA,NA,NA,NA,NA,NA,NA
582.886,2.6285,29.3979,1.4259,34.1741,NA,NA,NA,NA,NA,NA,NA,NA,NA,NA,NA,NA
583.026,2.6285,29.3979,1.4240,33.9918,NA,NA,NA,NA,NA,NA,NA,NA,NA,NA,NA,NA
583.088,2.6264,29.2961,1.4160,33.2407,NA,NA,NA,NA,NA,NA,NA,NA,NA,NA,NA,NA
583.176,2.6241,29.1796,1.4121,32.8716,NA,NA,NA,NA,NA,NA,NA,NA,NA,NA,NA,NA
583.282,2.6215,29.0537,1.4098,32.6559,NA,NA,NA,NA,NA,NA,NA,NA,NA,NA,NA,NA
583.373,2.6162,28.7935,1.4080,32.4877,NA,NA,NA,NA,NA,NA,NA,NA,NA,NA,NA,NA
583.467,2.6129,28.6294,1.4048,32.1841,NA,NA,NA,NA,NA,NA,NA,NA,NA,NA,NA,NA
583.568,2.6129,28.6294,1.4038,32.0940,NA,NA,NA,NA,NA,NA,NA,NA,NA,NA,NA,NA
583.667,2.6061,28.2932,1.4026,31.9811,NA,NA,NA,NA,NA,NA,NA,NA,NA,NA,NA,NA
583.757,2.5916,27.5799,1.4006,31.7943,NA,NA,NA,NA,NA,NA,NA,NA,NA,NA,NA,NA
583.860,2.5916,27.5799,1.3982,31.5671,NA,NA,NA,NA,NA,NA,NA,NA,NA,NA,NA,NA
583.960,2.6013,28.0568,1.3973,31.4777,NA,NA,NA,NA,NA,NA,NA,NA,NA,NA,NA,NA
584.052,2.6013,28.0568,1.3965,31.4040,NA,NA,NA,NA,NA,NA,NA,NA,NA,NA,NA,NA
584.148,2.5863,27.3186,1.3960,31.3531,NA,NA,NA,NA,NA,NA,NA,NA,NA,NA,NA,NA
584.252,2.5863,27.3186,1.3957,31.3279,NA,NA,NA,NA,NA,NA,NA,NA,NA,NA,NA,NA
584.350,2.5844,27.2243,1.3930,31.0713,NA,NA,NA,NA,NA,NA,NA,NA,NA,NA,NA,NA
584.443,2.5810,27.0600,1.3930,31.0713,NA,NA,NA,NA,NA,NA,NA,NA,NA,NA,NA,NA
584.547,2.5810,27.0600,1.3913,30.9115,NA,NA,NA,NA,NA,NA,NA,NA,NA,NA,NA,NA
584.643,2.5899,27.4992,1.3912,30.9055,NA,NA,NA,NA,NA,NA,NA,NA,NA,NA,NA,NA
584.741,2.5899,27.4992,1.3895,30.7422,NA,NA,NA,NA,NA,NA,NA,NA,NA,NA,NA,NA
584.838,2.5840,27.2066,1.3830,30.1359,NA,NA,NA,NA,NA,NA,NA,NA,NA,NA,NA,NA
584.945,2.5840,27.2066,1.3820,30.0429,NA,NA,NA,NA,NA,NA,NA,NA,NA,NA,NA,NA
585.042,2.5749,26.7569,1.3796,29.8107,NA,NA,NA,NA,NA,NA,NA,NA,NA,NA,NA,NA
585.130,2.5702,26.5278,1.3786,29.7159,NA,NA,NA,NA,NA,NA,NA,NA,NA,NA,NA,NA
585.247,2.5702,26.5278,1.3783,29.6918,NA,NA,NA,NA,NA,NA,NA,NA,NA,NA,NA,NA
585.326,2.5711,26.5720,1.3761,29.4820,NA,NA,NA,NA,NA,NA,NA,NA,NA,NA,NA,NA
585.454,2.5711,26.5720,1.3751,29.3888,NA,NA,NA,NA,NA,NA,NA,NA,NA,NA,NA,NA
585.530,2.5668,26.3593,1.3741,29.2992,NA,NA,NA,NA,NA,NA,NA,NA,NA,NA,NA,NA
585.622,2.5668,26.3593,1.3726,29.1557,NA,NA,NA,NA,NA,NA,NA,NA,NA,NA,NA,NA
585.714,2.5607,26.0594,1.3713,29.0294,NA,NA,NA,NA,NA,NA,NA,NA,NA,NA,NA,NA
585.815,2.5533,25.6959,1.3706,28.9651,NA,NA,NA,NA,NA,NA,NA,NA,NA,NA,NA,NA
585.915,2.5502,25.5419,1.3707,28.9807,NA,NA,NA,NA,NA,NA,NA,NA,NA,NA,NA,NA
586.066,2.5491,25.4883,1.3921,30.9937,NA,NA,NA,NA,NA,NA,NA,NA,NA,NA,NA,NA
586.109,2.5429,25.1813,1.3921,30.9937,NA,NA,NA,NA,NA,NA,NA,NA,NA,NA,NA,NA
586.208,2.5392,25.0026,1.3701,28.9240,NA,NA,NA,NA,NA,NA,NA,NA,NA,NA,NA,NA
586.303,2.5392,25.0026,1.3744,29.3243,NA,NA,NA,NA,NA,NA,NA,NA,NA,NA,NA,NA
586.405,2.5331,24.7030,1.3744,29.3243,NA,NA,NA,NA,NA,NA,NA,NA,NA,NA,NA,NA
586.504,2.5331,24.7030,1.3739,29.2769,NA,NA,NA,NA,NA,NA,NA,NA,NA,NA,NA,NA
586.672,2.5294,24.5166,1.3787,29.7329,NA,NA,NA,NA,NA,NA,NA,NA,NA,NA,NA,NA
586.693,2.5294,24.5166,1.3802,29.8695,NA,NA,NA,NA,NA,NA,NA,NA,NA,NA,NA,NA
586.809,2.5260,24.3511,1.3802,29.8695,NA,NA,NA,NA,NA,NA,NA,NA,NA,NA,NA,NA
586.892,2.5252,24.3123,1.3790,29.7534,NA,NA,NA,NA,NA,NA,NA,NA,NA,NA,NA,NA
586.997,2.5237,24.2361,1.3759,29.4632,NA,NA,NA,NA,NA,NA,NA,NA,NA,NA,NA,NA
587.093,2.5231,24.2093,1.3695,28.8675,NA,NA,NA,NA,NA,NA,NA,NA,NA,NA,NA,NA
587.195,2.5208,24.0953,1.3673,28.6555,NA,NA,NA,NA,NA,NA,NA,NA,NA,NA,NA,NA
587.285,2.5186,23.9875,1.3661,28.5452,NA,NA,NA,NA,NA,NA,NA,NA,NA,NA,NA,NA
587.388,2.5186,23.9875,1.3987,31.6070,NA,NA,NA,NA,NA,NA,NA,NA,NA,NA,NA,NA
587.487,2.5099,23.5582,1.4073,32.4192,NA,NA,NA,NA,NA,NA,NA,NA,NA,NA,NA,NA
587.589,2.5099,23.5582,1.4104,32.7097,NA,NA,NA,NA,NA,NA,NA,NA,NA,NA,NA,NA
587.679,2.5075,23.4409,1.4134,32.9921,NA,NA,NA,NA,NA,NA,NA,NA,NA,NA,NA,NA
587.775,2.5075,23.4409,1.4134,32.9921,NA,NA,NA,NA,NA,NA,NA,NA,NA,NA,NA,NA
587.870,2.4871,22.4366,1.4140,33.0549,NA,NA,NA,NA,NA,NA,NA,NA,NA,NA,NA,NA
587.972,2.4944,22.7934,1.4151,33.1529,NA,NA,NA,NA,NA,NA,NA,NA,NA,NA,NA,NA
588.077,2.4944,22.7934,1.4152,33.1597,NA,NA,NA,NA,NA,NA,NA,NA,NA,NA,NA,NA
588.164,2.4907,22.6136,1.4156,33.2025,NA,NA,NA,NA,NA,NA,NA,NA,NA,NA,NA,NA
588.263,2.4915,22.6541,1.4156,33.2025,NA,NA,NA,NA,NA,NA,NA,NA,NA,NA,NA,NA
588.363,2.4916,22.6592,1.4067,32.3665,NA,NA,NA,NA,NA,NA,NA,NA,NA,NA,NA,NA
588.460,2.4916,22.6592,1.4067,32.3665,NA,NA,NA,NA,NA,NA,NA,NA,NA,NA,NA,NA
588.556,2.4825,22.2097,1.3967,31.4199,NA,NA,NA,NA,NA,NA,NA,NA,NA,NA,NA,NA
588.657,2.4797,22.0698,1.3794,29.7942,NA,NA,NA,NA,NA,NA,NA,NA,NA,NA,NA,NA
588.751,2.4764,21.9097,1.3708,28.9875,NA,NA,NA,NA,NA,NA,NA,NA,NA,NA,NA,NA
588.848,2.4820,22.1852,1.3633,28.2848,NA,NA,NA,NA,NA,NA,NA,NA,NA,NA,NA,NA
588.948,2.4820,22.1852,1.3580,27.7826,NA,NA,NA,NA,NA,NA,NA,NA,NA,NA,NA,NA
589.068,2.4798,22.0765,1.3546,27.4593,NA,NA,NA,NA,NA,NA,NA,NA,NA,NA,NA,NA
589.152,2.4764,21.9073,1.3523,27.2489,NA,NA,NA,NA,NA,NA,NA,NA,NA,NA,NA,NA
589.242,2.4694,21.5628,1.3473,26.7707,NA,NA,NA,NA,NA,NA,NA,NA,NA,NA,NA,NA
589.341,2.4678,21.4844,1.3460,26.6482,NA,NA,NA,NA,NA,NA,NA,NA,NA,NA,NA,NA
589.438,2.4608,21.1404,1.3444,26.5021,NA,NA,NA,NA,NA,NA,NA,NA,NA,NA,NA,NA
589.535,2.4675,21.4725,1.3379,25.8930,NA,NA,NA,NA,NA,NA,NA,NA,NA,NA,NA,NA
589.634,2.4675,21.4725,1.3362,25.7276,NA,NA,NA,NA,NA,NA,NA,NA,NA,NA,NA,NA
589.734,2.4654,21.3656,1.3352,25.6396,NA,NA,NA,NA,NA,NA,NA,NA,NA,NA,NA,NA
589.829,2.4654,21.3656,1.3320,25.3364,NA,NA,NA,NA,NA,NA,NA,NA,NA,NA,NA,NA
589.941,2.4637,21.2859,1.3272,24.8791,NA,NA,NA,NA,NA,NA,NA,NA,NA,NA,NA,NA
590.028,2.4635,21.2739,1.3247,24.6514,NA,NA,NA,NA,NA,NA,NA,NA,NA,NA,NA,NA
590.188,2.4542,20.8187,1.3226,24.4504,NA,NA,NA,NA,NA,NA,NA,NA,NA,NA,NA,NA
590.222,2.4538,20.7959,1.3196,24.1697,NA,NA,NA,NA,NA,NA,NA,NA,NA,NA,NA,NA
590.319,2.4538,20.7959,1.3181,24.0308,NA,NA,NA,NA,NA,NA,NA,NA,NA,NA,NA,NA
590.421,2.4517,20.6940,1.3171,23.9312,NA,NA,NA,NA,NA,NA,NA,NA,NA,NA,NA,NA
590.513,2.4517,20.6940,1.3156,23.7963,NA,NA,NA,NA,NA,NA,NA,NA,NA,NA,NA,NA
590.612,2.4472,20.4740,1.3148,23.7202,NA,NA,NA,NA,NA,NA,NA,NA,NA,NA,NA,NA
590.717,2.4472,20.4740,1.3128,23.5264,NA,NA,NA,NA,NA,NA,NA,NA,NA,NA,NA,NA
590.828,2.4471,20.4690,1.3113,23.3837,NA,NA,NA,NA,NA,NA,NA,NA,NA,NA,NA,NA
590.908,2.4462,20.4227,1.3096,23.2268,NA,NA,NA,NA,NA,NA,NA,NA,NA,NA,NA,NA
591.010,2.4307,19.6598,1.3091,23.1844,NA,NA,NA,NA,NA,NA,NA,NA,NA,NA,NA,NA
591.104,2.4357,19.9040,1.3091,23.1827,NA,NA,NA,NA,NA,NA,NA,NA,NA,NA,NA,NA
591.203,2.4357,19.9040,1.3076,23.0348,NA,NA,NA,NA,NA,NA,NA,NA,NA,NA,NA,NA
591.299,2.4336,19.8046,1.3065,22.9340,NA,NA,NA,NA,NA,NA,NA,NA,NA,NA,NA,NA
591.458,2.4336,19.8046,1.3051,22.8038,NA,NA,NA,NA,NA,NA,NA,NA,NA,NA,NA,NA
591.496,2.4329,19.7665,1.3046,22.7559,NA,NA,NA,NA,NA,NA,NA,NA,NA,NA,NA,NA
591.594,2.4313,19.6874,1.3043,22.7270,NA,NA,NA,NA,NA,NA,NA,NA,NA,NA,NA,NA
591.688,2.4257,19.4126,1.3042,22.7220,NA,NA,NA,NA,NA,NA,NA,NA,NA,NA,NA,NA
591.785,2.4270,19.4798,1.3036,22.6613,NA,NA,NA,NA,NA,NA,NA,NA,NA,NA,NA,NA
591.897,2.4270,19.4798,1.3018,22.4974,NA,NA,NA,NA,NA,NA,NA,NA,NA,NA,NA,NA
591.985,2.4286,19.5546,1.3018,22.4974,NA,NA,NA,NA,NA,NA,NA,NA,NA,NA,NA,NA
592.088,2.4286,19.5546,1.3014,22.4574,NA,NA,NA,NA,NA,NA,NA,NA,NA,NA,NA,NA
592.180,2.4255,19.4017,1.3004,22.3656,NA,NA,NA,NA,NA,NA,NA,NA,NA,NA,NA,NA
592.291,2.4248,19.3697,1.3004,22.3656,NA,NA,NA,NA,NA,NA,NA,NA,NA,NA,NA,NA
592.373,2.4185,19.0602,1.2989,22.2181,NA,NA,NA,NA,NA,NA,NA,NA,NA,NA,NA,NA
592.478,2.4185,19.0602,1.2988,22.2135,NA,NA,NA,NA,NA,NA,NA,NA,NA,NA,NA,NA
592.574,2.4154,18.9050,1.2964,21.9875,NA,NA,NA,NA,NA,NA,NA,NA,NA,NA,NA,NA
592.670,2.4235,19.3062,1.2952,21.8712,NA,NA,NA,NA,NA,NA,NA,NA,NA,NA,NA,NA
592.767,2.4235,19.3062,1.2954,21.8871,NA,NA,NA,NA,NA,NA,NA,NA,NA,NA,NA,NA
592.864,2.4189,19.0778,1.2954,21.8871,NA,NA,NA,NA,NA,NA,NA,NA,NA,NA,NA,NA
592.961,2.4136,18.8202,1.2944,21.7944,NA,NA,NA,NA,NA,NA,NA,NA,NA,NA,NA,NA
593.063,2.4105,18.6668,1.2936,21.7232,NA,NA,NA,NA,NA,NA,NA,NA,NA,NA,NA,NA
593.178,2.4093,18.6072,1.2936,21.7176,NA,NA,NA,NA,NA,NA,NA,NA,NA,NA,NA,NA
593.261,2.4080,18.5426,1.2940,21.7588,NA,NA,NA,NA,NA,NA,NA,NA,NA,NA,NA,NA
593.352,2.4085,18.5688,1.2940,21.7588,NA,NA,NA,NA,NA,NA,NA,NA,NA,NA,NA,NA
593.457,2.4100,18.6402,1.2919,21.5651,NA,NA,NA,NA,NA,NA,NA,NA,NA,NA,NA,NA
593.549,2.4100,18.6402,1.2919,21.5651,NA,NA,NA,NA,NA,NA,NA,NA,NA,NA,NA,NA
593.647,2.4078,18.5306,1.2911,21.4848,NA,NA,NA,NA,NA,NA,NA,NA,NA,NA,NA,NA
593.803,2.4064,18.4636,1.2899,21.3748,NA,NA,NA,NA,NA,NA,NA,NA,NA,NA,NA,NA
593.846,2.4064,18.4636,1.2896,21.3457,NA,NA,NA,NA,NA,NA,NA,NA,NA,NA,NA,NA
593.942,2.4063,18.4594,1.2901,21.3891,NA,NA,NA,NA,NA,NA,NA,NA,NA,NA,NA,NA
594.040,2.4063,18.4594,1.2901,21.3891,NA,NA,NA,NA,NA,NA,NA,NA,NA,NA,NA,NA
594.136,2.4057,18.4313,1.2901,21.3959,NA,NA,NA,NA,NA,NA,NA,NA,NA,NA,NA,NA
594.234,2.4057,18.4313,1.2901,21.3959,NA,NA,NA,NA,NA,NA,NA,NA,NA,NA,NA,NA
594.408,2.4047,18.3797,1.2901,21.3898,NA,NA,NA,NA,NA,NA,NA,NA,NA,NA,NA,NA
594.435,2.4005,18.1707,1.2901,21.3944,NA,NA,NA,NA,NA,NA,NA,NA,NA,NA,NA,NA
594.527,2.4005,18.1707,1.2904,21.4186,NA,NA,NA,NA,NA,NA,NA,NA,NA,NA,NA,NA
594.627,2.4035,18.3224,1.2904,21.4186,NA,NA,NA,NA,NA,NA,NA,NA,NA,NA,NA,NA
594.733,2.4035,18.3224,1.2890,21.2884,NA,NA,NA,NA,NA,NA,NA,NA,NA,NA,NA,NA
594.830,2.4052,18.4061,1.2893,21.3140,NA,NA,NA,NA,NA,NA,NA,NA,NA,NA,NA,NA
594.918,2.4052,18.4061,1.2893,21.3140,NA,NA,NA,NA,NA,NA,NA,NA,NA,NA,NA,NA
595.032,2.4034,18.3162,1.2881,21.2062,NA,NA,NA,NA,NA,NA,NA,NA,NA,NA,NA,NA
595.119,2.4034,18.3162,1.2875,21.1440,NA,NA,NA,NA,NA,NA,NA,NA,NA,NA,NA,NA
595.218,2.3946,17.8844,1.2871,21.1146,NA,NA,NA,NA,NA,NA,NA,NA,NA,NA,NA,NA
595.313,2.3936,17.8339,1.2865,21.0575,NA,NA,NA,NA,NA,NA,NA,NA,NA,NA,NA,NA
595.407,2.3919,17.7500,1.2893,21.3204,NA,NA,NA,NA,NA,NA,NA,NA,NA,NA,NA,NA
595.514,2.3919,17.7500,1.2893,21.3204,NA,NA,NA,NA,NA,NA,NA,NA,NA,NA,NA,NA
595.667,2.3906,17.6864,1.2880,21.1939,NA,NA,NA,NA,NA,NA,NA,NA,NA,NA,NA,NA
595.709,2.3900,17.6545,1.2860,21.0087,NA,NA,NA,NA,NA,NA,NA,NA,NA,NA,NA,NA
595.803,2.3900,17.6545,1.2860,21.0087,NA,NA,NA,NA,NA,NA,NA,NA,NA,NA,NA,NA
595.908,2.3871,17.5145,1.2850,20.9113,NA,NA,NA,NA,NA,NA,NA,NA,NA,NA,NA,NA
596.009,2.3860,17.4596,1.2848,20.8957,NA,NA,NA,NA,NA,NA,NA,NA,NA,NA,NA,NA
596.098,2.3852,17.4181,1.2850,20.9148,NA,NA,NA,NA,NA,NA,NA,NA,NA,NA,NA,NA
596.196,2.3746,16.8976,1.2951,21.8641,NA,NA,NA,NA,NA,NA,NA,NA,NA,NA,NA,NA
596.296,2.3746,16.8976,1.2983,22.1596,NA,NA,NA,NA,NA,NA,NA,NA,NA,NA,NA,NA
596.392,2.3804,17.1842,1.3047,22.7694,NA,NA,NA,NA,NA,NA,NA,NA,NA,NA,NA,NA
596.490,2.3804,17.1842,1.3047,22.7694,NA,NA,NA,NA,NA,NA,NA,NA,NA,NA,NA,NA
596.603,2.3757,16.9541,1.3023,22.5387,NA,NA,NA,NA,NA,NA,NA,NA,NA,NA,NA,NA
596.684,2.3726,16.7997,1.2964,21.9888,NA,NA,NA,NA,NA,NA,NA,NA,NA,NA,NA,NA
596.806,2.3726,16.7997,1.2973,22.0720,NA,NA,NA,NA,NA,NA,NA,NA,NA,NA,NA,NA
596.874,2.3723,16.7852,1.2973,22.0720,NA,NA,NA,NA,NA,NA,NA,NA,NA,NA,NA,NA
596.980,2.3719,16.7648,1.2926,21.6291,NA,NA,NA,NA,NA,NA,NA,NA,NA,NA,NA,NA
597.076,2.3722,16.7824,1.2909,21.4708,NA,NA,NA,NA,NA,NA,NA,NA,NA,NA,NA,NA
597.170,2.3722,16.7824,1.2898,21.3635,NA,NA,NA,NA,NA,NA,NA,NA,NA,NA,NA,NA
597.280,2.3735,16.8420,1.2883,21.2186,NA,NA,NA,NA,NA,NA,NA,NA,NA,NA,NA,NA
597.413,2.3735,16.8420,1.2893,21.3176,NA,NA,NA,NA,NA,NA,NA,NA,NA,NA,NA,NA
597.471,2.3668,16.5136,1.2893,21.3176,NA,NA,NA,NA,NA,NA,NA,NA,NA,NA,NA,NA
597.571,2.3644,16.3952,1.2884,21.2340,NA,NA,NA,NA,NA,NA,NA,NA,NA,NA,NA,NA
597.674,2.3644,16.3952,1.2998,22.3028,NA,NA,NA,NA,NA,NA,NA,NA,NA,NA,NA,NA
597.762,2.3634,16.3482,1.3014,22.4545,NA,NA,NA,NA,NA,NA,NA,NA,NA,NA,NA,NA
597.866,2.3643,16.3890,1.3014,22.4545,NA,NA,NA,NA,NA,NA,NA,NA,NA,NA,NA,NA
598.020,2.3643,16.3890,1.3042,22.7190,NA,NA,NA,NA,NA,NA,NA,NA,NA,NA,NA,NA
598.057,2.3612,16.2378,1.3068,22.9611,NA,NA,NA,NA,NA,NA,NA,NA,NA,NA,NA,NA
598.147,2.3610,16.2271,1.3077,23.0499,NA,NA,NA,NA,NA,NA,NA,NA,NA,NA,NA,NA
598.259,2.3577,16.0677,1.3082,23.0970,NA,NA,NA,NA,NA,NA,NA,NA,NA,NA,NA,NA
598.350,2.3618,16.2702,1.3089,23.1641,NA,NA,NA,NA,NA,NA,NA,NA,NA,NA,NA,NA
598.446,2.3618,16.2702,1.3133,23.5741,NA,NA,NA,NA,NA,NA,NA,NA,NA,NA,NA,NA
598.569,2.3599,16.1757,1.3174,23.9603,NA,NA,NA,NA,NA,NA,NA,NA,NA,NA,NA,NA
598.645,2.3599,16.1757,1.3198,24.1834,NA,NA,NA,NA,NA,NA,NA,NA,NA,NA,NA,NA
598.738,2.3550,15.9321,1.3235,24.5361,NA,NA,NA,NA,NA,NA,NA,NA,NA,NA,NA,NA
598.843,2.3550,15.9321,1.3240,24.5820,NA,NA,NA,NA,NA,NA,NA,NA,NA,NA,NA,NA
598.933,2.3521,15.7888,1.3256,24.7297,NA,NA,NA,NA,NA,NA,NA,NA,NA,NA,NA,NA
599.033,2.3521,15.7888,1.3256,24.7297,NA,NA,NA,NA,NA,NA,NA,NA,NA,NA,NA,NA
599.131,2.3511,15.7430,1.3236,24.5436,NA,NA,NA,NA,NA,NA,NA,NA,NA,NA,NA,NA
599.227,2.3543,15.8987,1.3235,24.5359,NA,NA,NA,NA,NA,NA,NA,NA,NA,NA,NA,NA
599.339,2.3543,15.8987,1.3207,24.2678,NA,NA,NA,NA,NA,NA,NA,NA,NA,NA,NA,NA
599.432,2.3533,15.8479,1.3207,24.2678,NA,NA,NA,NA,NA,NA,NA,NA,NA,NA,NA,NA
599.523,2.3531,15.8375,1.3181,24.0244,NA,NA,NA,NA,NA,NA,NA,NA,NA,NA,NA,NA
599.622,2.3506,15.7189,1.3077,23.0510,NA,NA,NA,NA,NA,NA,NA,NA,NA,NA,NA,NA
599.736,2.3475,15.5644,1.3045,22.7461,NA,NA,NA,NA,NA,NA,NA,NA,NA,NA,NA,NA
599.816,2.3474,15.5597,1.3023,22.5420,NA,NA,NA,NA,NA,NA,NA,NA,NA,NA,NA,NA
599.918,2.3488,15.6275,1.2998,22.3045,NA,NA,NA,NA,NA,NA,NA,NA,NA,NA,NA,NA
600.016,2.3488,15.6275,1.2983,22.1644,NA,NA,NA,NA,NA,NA,NA,NA,NA,NA,NA,NA
600.108,2.3541,15.8892,1.2982,22.1523,NA,NA,NA,NA,NA,NA,NA,NA,NA,NA,NA,NA
600.208,2.3541,15.8892,1.2978,22.1138,NA,NA,NA,NA,NA,NA,NA,NA,NA,NA,NA,NA
600.302,2.3482,15.5996,1.2968,22.0271,NA,NA,NA,NA,NA,NA,NA,NA,NA,NA,NA,NA
600.425,2.3495,15.6610,1.2970,22.0408,NA,NA,NA,NA,NA,NA,NA,NA,NA,NA,NA,NA
600.507,2.3495,15.6610,1.2970,22.0408,NA,NA,NA,NA,NA,NA,NA,NA,NA,NA,NA,NA
600.607,2.3537,15.8702,1.2969,22.0365,NA,NA,NA,NA,NA,NA,NA,NA,NA,NA,NA,NA
600.707,2.3537,15.8702,1.2966,22.0041,NA,NA,NA,NA,NA,NA,NA,NA,NA,NA,NA,NA
600.798,2.3495,15.6606,1.2964,21.9875,NA,NA,NA,NA,NA,NA,NA,NA,NA,NA,NA,NA
600.892,2.3495,15.6606,1.2964,21.9875,NA,NA,NA,NA,NA,NA,NA,NA,NA,NA,NA,NA
600.992,2.3456,15.4727,1.2954,21.8878,NA,NA,NA,NA,NA,NA,NA,NA,NA,NA,NA,NA
601.086,2.3385,15.1220,1.2958,21.9317,NA,NA,NA,NA,NA,NA,NA,NA,NA,NA,NA,NA
601.193,2.3355,14.9755,1.2958,21.9317,NA,NA,NA,NA,NA,NA,NA,NA,NA,NA,NA,NA
601.285,2.3341,14.9024,1.2938,21.7432,NA,NA,NA,NA,NA,NA,NA,NA,NA,NA,NA,NA
601.383,2.3341,14.9024,1.2936,21.7176,NA,NA,NA,NA,NA,NA,NA,NA,NA,NA,NA,NA
601.481,2.3420,15.2930,1.2920,21.5751,NA,NA,NA,NA,NA,NA,NA,NA,NA,NA,NA,NA
601.578,2.3420,15.2930,1.2921,21.5767,NA,NA,NA,NA,NA,NA,NA,NA,NA,NA,NA,NA
601.687,2.3344,14.9206,1.2932,21.6876,NA,NA,NA,NA,NA,NA,NA,NA,NA,NA,NA,NA
601.779,2.3344,14.9206,1.2962,21.9681,NA,NA,NA,NA,NA,NA,NA,NA,NA,NA,NA,NA
601.872,2.3315,14.7772,1.2962,21.9681,NA,NA,NA,NA,NA,NA,NA,NA,NA,NA,NA,NA
601.974,2.3347,14.9320,1.2911,21.4854,NA,NA,NA,NA,NA,NA,NA,NA,NA,NA,NA,NA
602.073,2.3347,14.9320,1.2870,21.0972,NA,NA,NA,NA,NA,NA,NA,NA,NA,NA,NA,NA
602.174,2.3256,14.4856,1.2835,20.7745,NA,NA,NA,NA,NA,NA,NA,NA,NA,NA,NA,NA
602.268,2.3256,14.4856,1.2801,20.4513,NA,NA,NA,NA,NA,NA,NA,NA,NA,NA,NA,NA
602.366,2.3236,14.3896,1.2773,20.1883,NA,NA,NA,NA,NA,NA,NA,NA,NA,NA,NA,NA
602.458,2.3236,14.3896,1.2762,20.0832,NA,NA,NA,NA,NA,NA,NA,NA,NA,NA,NA,NA
602.556,2.3234,14.3764,1.2781,20.2677,NA,NA,NA,NA,NA,NA,NA,NA,NA,NA,NA,NA
602.659,2.3234,14.3764,1.2781,20.2677,NA,NA,NA,NA,NA,NA,NA,NA,NA,NA,NA,NA
602.782,2.3201,14.2133,1.2780,20.2576,NA,NA,NA,NA,NA,NA,NA,NA,NA,NA,NA,NA
602.850,2.3156,13.9936,1.2761,20.0716,NA,NA,NA,NA,NA,NA,NA,NA,NA,NA,NA,NA
602.948,2.3187,14.1461,1.2728,19.7659,NA,NA,NA,NA,NA,NA,NA,NA,NA,NA,NA,NA
603.051,2.3202,14.2197,1.2702,19.5236,NA,NA,NA,NA,NA,NA,NA,NA,NA,NA,NA,NA
603.147,2.3202,14.2197,1.2676,19.2730,NA,NA,NA,NA,NA,NA,NA,NA,NA,NA,NA,NA
