,Ch1,,Ch2,,Ch3,,Ch4,,Ch5,,Ch6,,Ch7,,Ch8,
Time (s),R (kohm),ΔR/R0 (%),R (kohm),ΔR/R0 (%),R (kohm),ΔR/R0 (%),R (kohm),ΔR/R0 (%),R (kohm),ΔR/R0 (%),R (kohm),ΔR/R0 (%),R (kohm),ΔR/R0 (%),R (kohm),ΔR/R0 (%)
0.073,1.7803,0.0000,1.0097,0.0000,NA,NA,NA,NA,NA,NA,NA,NA,NA,NA,NA,NA
0.172,1.7799,0.0000,1.0097,0.0000,NA,NA,NA,NA,NA,NA,NA,NA,NA,NA,NA,NA
0.272,1.7799,0.0000,1.0096,0.0000,NA,NA,NA,NA,NA,NA,NA,NA,NA,NA,NA,NA
0.368,1.7796,0.0000,1.0098,0.0000,NA,NA,NA,NA,NA,NA,NA,NA,NA,NA,NA,NA
0.466,1.7796,0.0000,1.0098,0.0000,NA,NA,NA,NA,NA,NA,NA,NA,NA,NA,NA,NA
0.576,1.7792,0.0000,1.0096,0.0000,NA,NA,NA,NA,NA,NA,NA,NA,NA,NA,NA,NA
0.666,1.7813,0.0000,1.0094,0.0000,NA,NA,NA,NA,NA,NA,NA,NA,NA,NA,NA,NA
0.764,1.7813,0.0000,1.0096,0.0000,NA,NA,NA,NA,NA,NA,NA,NA,NA,NA,NA,NA
0.859,1.7809,0.0000,1.0096,0.0000,NA,NA,NA,NA,NA,NA,NA,NA,NA,NA,NA,NA
1.005,1.7809,0.0000,1.0095,-0.0100,NA,NA,NA,NA,NA,NA,NA,NA,NA,NA,NA,NA
1.056,1.7775,-0.1925,1.0093,-0.0368,NA,NA,NA,NA,NA,NA,NA,NA,NA,NA,NA,NA
1.154,1.7786,-0.1330,1.0089,-0.0687,NA,NA,NA,NA,NA,NA,NA,NA,NA,NA,NA,NA
1.260,1.7790,-0.1080,1.0087,-0.0916,NA,NA,NA,NA,NA,NA,NA,NA,NA,NA,NA,NA
1.347,1.7847,0.2094,1.0090,-0.0654,NA,NA,NA,NA,NA,NA,NA,NA,NA,NA,NA,NA
1.442,1.8099,1.6267,1.0294,1.9548,NA,NA,NA,NA,NA,NA,NA,NA,NA,NA,NA,NA
1.548,1.8618,4.5382,1.0486,3.8564,NA,NA,NA,NA,NA,NA,NA,NA,NA,NA,NA,NA
1.693,1.8877,5.9928,1.0656,5.5449,NA,NA,NA,NA,NA,NA,NA,NA,NA,NA,NA,NA
1.734,1.9077,7.1158,1.0751,6.4862,NA,NA,NA,NA,NA,NA,NA,NA,NA,NA,NA,NA
1.840,1.9295,8.3436,1.0844,7.4003,NA,NA,NA,NA,NA,NA,NA,NA,NA,NA,NA,NA
1.937,1.9400,8.9310,1.0959,8.5410,NA,NA,NA,NA,NA,NA,NA,NA,NA,NA,NA,NA
2.030,1.9589,9.9910,1.1005,8.9991,NA,NA,NA,NA,NA,NA,NA,NA,NA,NA,NA,NA
2.128,1.9672,10.4569,1.1062,9.5622,NA,NA,NA,NA,NA,NA,NA,NA,NA,NA,NA,NA
2.296,1.9840,11.4018,1.1126,10.1985,NA,NA,NA,NA,NA,NA,NA,NA,NA,NA,NA,NA
2.329,1.9903,11.7576,1.1161,10.5435,NA,NA,NA,NA,NA,NA,NA,NA,NA,NA,NA,NA
2.425,2.0004,12.3249,1.1209,11.0216,NA,NA,NA,NA,NA,NA,NA,NA,NA,NA,NA,NA
2.523,2.0048,12.5718,1.1250,11.4311,NA,NA,NA,NA,NA,NA,NA,NA,NA,NA,NA,NA
2.625,2.0112,12.9293,1.1292,11.8426,NA,NA,NA,NA,NA,NA,NA,NA,NA,NA,NA,NA
2.720,2.0170,13.2565,1.1335,12.2669,NA,NA,NA,NA,NA,NA,NA,NA,NA,NA,NA,NA
2.825,2.0201,13.4278,1.1384,12.7568,NA,NA,NA,NA,NA,NA,NA,NA,NA,NA,NA,NA
2.921,2.0320,14.0960,1.1411,13.0224,NA,NA,NA,NA,NA,NA,NA,NA,NA,NA,NA,NA
3.012,2.0320,14.0960,1.1439,13.3012,NA,NA,NA,NA,NA,NA,NA,NA,NA,NA,NA,NA
3.111,2.0382,14.4483,1.1467,13.5756,NA,NA,NA,NA,NA,NA,NA,NA,NA,NA,NA,NA
3.211,2.0408,14.5901,1.1500,13.9003,NA,NA,NA,NA,NA,NA,NA,NA,NA,NA,NA,NA
3.308,2.0429,14.7108,1.1515,14.0512,NA,NA,NA,NA,NA,NA,NA,NA,NA,NA,NA,NA
3.420,2.0530,15.2778,1.1527,14.1681,NA,NA,NA,NA,NA,NA,NA,NA,NA,NA,NA,NA
3.500,2.0530,15.2778,1.1540,14.3008,NA,NA,NA,NA,NA,NA,NA,NA,NA,NA,NA,NA
3.602,2.0528,15.2656,1.1541,14.3130,NA,NA,NA,NA,NA,NA,NA,NA,NA,NA,NA,NA
3.696,2.0499,15.1004,1.1541,14.3130,NA,NA,NA,NA,NA,NA,NA,NA,NA,NA,NA,NA
3.801,2.0429,14.7083,1.1526,14.1602,NA,NA,NA,NA,NA,NA,NA,NA,NA,NA,NA,NA
3.899,2.0424,14.6794,1.1518,14.0789,NA,NA,NA,NA,NA,NA,NA,NA,NA,NA,NA,NA
4.051,2.0293,13.9440,1.1488,13.7884,NA,NA,NA,NA,NA,NA,NA,NA,NA,NA,NA,NA
4.088,2.0244,13.6724,1.1462,13.5299,NA,NA,NA,NA,NA,NA,NA,NA,NA,NA,NA,NA
4.186,2.0133,13.0458,1.1435,13.2620,NA,NA,NA,NA,NA,NA,NA,NA,NA,NA,NA,NA
4.283,2.0022,12.4264,1.1421,13.1246,NA,NA,NA,NA,NA,NA,NA,NA,NA,NA,NA,NA
4.381,2.0000,12.3015,1.1381,12.7199,NA,NA,NA,NA,NA,NA,NA,NA,NA,NA,NA,NA
4.483,1.9893,11.7008,1.1367,12.5875,NA,NA,NA,NA,NA,NA,NA,NA,NA,NA,NA,NA
4.644,1.9871,11.5790,1.1337,12.2832,NA,NA,NA,NA,NA,NA,NA,NA,NA,NA,NA,NA
4.672,1.9804,11.2015,1.1311,12.0350,NA,NA,NA,NA,NA,NA,NA,NA,NA,NA,NA,NA
4.776,1.9756,10.9335,1.1299,11.9155,NA,NA,NA,NA,NA,NA,NA,NA,NA,NA,NA,NA
4.875,1.9661,10.3949,1.1265,11.5721,NA,NA,NA,NA,NA,NA,NA,NA,NA,NA,NA,NA
4.970,1.9566,9.8613,1.1246,11.3834,NA,NA,NA,NA,NA,NA,NA,NA,NA,NA,NA,NA
5.068,1.9521,9.6095,1.1217,11.0988,NA,NA,NA,NA,NA,NA,NA,NA,NA,NA,NA,NA
5.200,1.9472,9.3350,1.1205,10.9809,NA,NA,NA,NA,NA,NA,NA,NA,NA,NA,NA,NA
5.268,1.9452,9.2263,1.1181,10.7459,NA,NA,NA,NA,NA,NA,NA,NA,NA,NA,NA,NA
5.361,1.9414,9.0127,1.1174,10.6766,NA,NA,NA,NA,NA,NA,NA,NA,NA,NA,NA,NA
5.459,1.9414,9.0127,1.1164,10.5752,NA,NA,NA,NA,NA,NA,NA,NA,NA,NA,NA,NA
5.558,1.9364,8.7291,1.1151,10.4467,NA,NA,NA,NA,NA,NA,NA,NA,NA,NA,NA,NA
5.656,1.9381,8.8270,1.1143,10.3665,NA,NA,NA,NA,NA,NA,NA,NA,NA,NA,NA,NA
5.752,1.9381,8.8270,1.1134,10.2777,NA,NA,NA,NA,NA,NA,NA,NA,NA,NA,NA,NA
5.899,1.9335,8.5682,1.1124,10.1784,NA,NA,NA,NA,NA,NA,NA,NA,NA,NA,NA,NA
5.949,1.9509,9.5433,1.1138,10.3157,NA,NA,NA,NA,NA,NA,NA,NA,NA,NA,NA,NA
6.052,1.9753,10.9164,1.1239,11.3174,NA,NA,NA,NA,NA,NA,NA,NA,NA,NA,NA,NA
6.148,1.9859,11.5086,1.1327,12.1897,NA,NA,NA,NA,NA,NA,NA,NA,NA,NA,NA,NA
6.241,1.9974,12.1528,1.1393,12.8465,NA,NA,NA,NA,NA,NA,NA,NA,NA,NA,NA,NA
6.351,2.0097,12.8473,1.1416,13.0663,NA,NA,NA,NA,NA,NA,NA,NA,NA,NA,NA,NA
6.454,2.0156,13.1748,1.1416,13.0663,NA,NA,NA,NA,NA,NA,NA,NA,NA,NA,NA,NA
6.531,2.0156,13.1748,1.1404,12.9532,NA,NA,NA,NA,NA,NA,NA,NA,NA,NA,NA,NA
6.631,2.0063,12.6530,1.1398,12.8969,NA,NA,NA,NA,NA,NA,NA,NA,NA,NA,NA,NA
6.743,2.0063,12.6530,1.1397,12.8807,NA,NA,NA,NA,NA,NA,NA,NA,NA,NA,NA,NA
6.825,1.9949,12.0125,1.1383,12.7439,NA,NA,NA,NA,NA,NA,NA,NA,NA,NA,NA,NA
6.953,1.9757,10.9378,1.1376,12.6739,NA,NA,NA,NA,NA,NA,NA,NA,NA,NA,NA,NA
7.025,1.9688,10.5488,1.1346,12.3735,NA,NA,NA,NA,NA,NA,NA,NA,NA,NA,NA,NA
7.130,1.9625,10.1981,1.1324,12.1546,NA,NA,NA,NA,NA,NA,NA,NA,NA,NA,NA,NA
7.218,1.9592,10.0126,1.1298,11.8978,NA,NA,NA,NA,NA,NA,NA,NA,NA,NA,NA,NA
7.337,1.9574,9.9082,1.1281,11.7372,NA,NA,NA,NA,NA,NA,NA,NA,NA,NA,NA,NA
7.422,1.9551,9.7810,1.1258,11.5077,NA,NA,NA,NA,NA,NA,NA,NA,NA,NA,NA,NA
7.513,1.9508,9.5368,1.1251,11.4391,NA,NA,NA,NA,NA,NA,NA,NA,NA,NA,NA,NA
7.666,1.9472,9.3372,1.1243,11.3619,NA,NA,NA,NA,NA,NA,NA,NA,NA,NA,NA,NA
7.710,1.9415,9.0152,1.1212,11.0538,NA,NA,NA,NA,NA,NA,NA,NA,NA,NA,NA,NA
7.809,1.9330,8.5394,1.1185,10.7863,NA,NA,NA,NA,NA,NA,NA,NA,NA,NA,NA,NA
7.910,1.9308,8.4180,1.1167,10.6016,NA,NA,NA,NA,NA,NA,NA,NA,NA,NA,NA,NA
8.009,1.9301,8.3736,1.1144,10.3720,NA,NA,NA,NA,NA,NA,NA,NA,NA,NA,NA,NA
8.100,1.9301,8.3736,1.1124,10.1831,NA,NA,NA,NA,NA,NA,NA,NA,NA,NA,NA,NA
8.254,1.9155,7.5574,1.1107,10.0085,NA,NA,NA,NA,NA,NA,NA,NA,NA,NA,NA,NA
8.297,1.9261,8.1510,1.1098,9.9241,NA,NA,NA,NA,NA,NA,NA,NA,NA,NA,NA,NA
8.396,1.9467,9.3089,1.1150,10.4325,NA,NA,NA,NA,NA,NA,NA,NA,NA,NA,NA,NA
8.500,1.9877,11.6107,1.1231,11.2337,NA,NA,NA,NA,NA,NA,NA,NA,NA,NA,NA,NA
8.609,1.9973,12.1495,1.1320,12.1151,NA,NA,NA,NA,NA,NA,NA,NA,NA,NA,NA,NA
8.686,2.0136,13.0636,1.1352,12.4391,NA,NA,NA,NA,NA,NA,NA,NA,NA,NA,NA,NA
8.802,2.0149,13.1351,1.1359,12.5086,NA,NA,NA,NA,NA,NA,NA,NA,NA,NA,NA,NA
8.894,2.0149,13.1351,1.1359,12.5086,NA,NA,NA,NA,NA,NA,NA,NA,NA,NA,NA,NA
8.985,2.0143,13.1035,1.1348,12.4001,NA,NA,NA,NA,NA,NA,NA,NA,NA,NA,NA,NA
9.093,1.9996,12.2793,1.1322,12.1437,NA,NA,NA,NA,NA,NA,NA,NA,NA,NA,NA,NA
9.182,1.9954,12.0405,1.1313,12.0551,NA,NA,NA,NA,NA,NA,NA,NA,NA,NA,NA,NA
9.281,1.9865,11.5421,1.1297,11.8967,NA,NA,NA,NA,NA,NA,NA,NA,NA,NA,NA,NA
9.427,1.9823,11.3083,1.1281,11.7334,NA,NA,NA,NA,NA,NA,NA,NA,NA,NA,NA,NA
9.478,1.9807,11.2193,1.1266,11.5814,NA,NA,NA,NA,NA,NA,NA,NA,NA,NA,NA,NA
9.572,1.9691,10.5686,1.1235,11.2767,NA,NA,NA,NA,NA,NA,NA,NA,NA,NA,NA,NA
9.669,1.9620,10.1700,1.1193,10.8576,NA,NA,NA,NA,NA,NA,NA,NA,NA,NA,NA,NA
9.773,1.9575,9.9159,1.1170,10.6349,NA,NA,NA,NA,NA,NA,NA,NA,NA,NA,NA,NA
9.887,1.9531,9.6698,1.1147,10.4037,NA,NA,NA,NA,NA,NA,NA,NA,NA,NA,NA,NA
9.991,1.9504,9.5184,1.1131,10.2520,NA,NA,NA,NA,NA,NA,NA,NA,NA,NA,NA,NA
10.076,1.9523,9.6234,1.1120,10.1402,NA,NA,NA,NA,NA,NA,NA,NA,NA,NA,NA,NA
10.167,1.9523,9.6234,1.1106,9.9962,NA,NA,NA,NA,NA,NA,NA,NA,NA,NA,NA,NA
10.257,1.9477,9.3652,1.1094,9.8845,NA,NA,NA,NA,NA,NA,NA,NA,NA,NA,NA,NA
10.351,1.9455,9.2428,1.1085,9.7954,NA,NA,NA,NA,NA,NA,NA,NA,NA,NA,NA,NA
10.461,1.9392,8.8895,1.1083,9.7686,NA,NA,NA,NA,NA,NA,NA,NA,NA,NA,NA,NA
10.557,1.9365,8.7353,1.1073,9.6704,NA,NA,NA,NA,NA,NA,NA,NA,NA,NA,NA,NA
10.684,1.9308,8.4160,1.1059,9.5341,NA,NA,NA,NA,NA,NA,NA,NA,NA,NA,NA,NA
10.745,1.9293,8.3312,1.1047,9.4169,NA,NA,NA,NA,NA,NA,NA,NA,NA,NA,NA,NA
10.846,1.9304,8.3905,1.1037,9.3190,NA,NA,NA,NA,NA,NA,NA,NA,NA,NA,NA,NA
10.943,1.9304,8.3905,1.1023,9.1739,NA,NA,NA,NA,NA,NA,NA,NA,NA,NA,NA,NA
11.035,1.9224,7.9448,1.1014,9.0915,NA,NA,NA,NA,NA,NA,NA,NA,NA,NA,NA,NA
11.140,1.9206,7.8438,1.0998,8.9332,NA,NA,NA,NA,NA,NA,NA,NA,NA,NA,NA,NA
11.259,1.9175,7.6710,1.0990,8.8477,NA,NA,NA,NA,NA,NA,NA,NA,NA,NA,NA,NA
11.336,1.9170,7.6432,1.0989,8.8416,NA,NA,NA,NA,NA,NA,NA,NA,NA,NA,NA,NA
11.438,1.9170,7.6432,1.0983,8.7784,NA,NA,NA,NA,NA,NA,NA,NA,NA,NA,NA,NA
11.531,1.9104,7.2678,1.0978,8.7290,NA,NA,NA,NA,NA,NA,NA,NA,NA,NA,NA,NA
11.640,1.9072,7.0927,1.0977,8.7256,NA,NA,NA,NA,NA,NA,NA,NA,NA,NA,NA,NA
11.725,1.9092,7.2005,1.0977,8.7256,NA,NA,NA,NA,NA,NA,NA,NA,NA,NA,NA,NA
11.824,1.9092,7.2005,1.0962,8.5730,NA,NA,NA,NA,NA,NA,NA,NA,NA,NA,NA,NA
11.920,1.9020,6.8006,1.0944,8.3907,NA,NA,NA,NA,NA,NA,NA,NA,NA,NA,NA,NA
12.018,1.9004,6.7094,1.0943,8.3865,NA,NA,NA,NA,NA,NA,NA,NA,NA,NA,NA,NA
12.124,1.9004,6.7094,1.0938,8.3400,NA,NA,NA,NA,NA,NA,NA,NA,NA,NA,NA,NA
12.214,1.9040,6.9094,1.0913,8.0875,NA,NA,NA,NA,NA,NA,NA,NA,NA,NA,NA,NA
12.315,1.9040,6.9094,1.0913,8.0875,NA,NA,NA,NA,NA,NA,NA,NA,NA,NA,NA,NA
12.436,1.9024,6.8180,1.0905,8.0133,NA,NA,NA,NA,NA,NA,NA,NA,NA,NA,NA,NA
12.508,1.9024,6.8180,1.0892,7.8839,NA,NA,NA,NA,NA,NA,NA,NA,NA,NA,NA,NA
12.602,1.9015,6.7675,1.0891,7.8698,NA,NA,NA,NA,NA,NA,NA,NA,NA,NA,NA,NA
12.714,1.8956,6.4410,1.0889,7.8511,NA,NA,NA,NA,NA,NA,NA,NA,NA,NA,NA,NA
12.801,1.8913,6.1952,1.0892,7.8824,NA,NA,NA,NA,NA,NA,NA,NA,NA,NA,NA,NA
12.897,1.8923,6.2515,1.0892,7.8824,NA,NA,NA,NA,NA,NA,NA,NA,NA,NA,NA,NA
12.996,1.8923,6.2515,1.0888,7.8369,NA,NA,NA,NA,NA,NA,NA,NA,NA,NA,NA,NA
13.107,1.8914,6.2022,1.0877,7.7293,NA,NA,NA,NA,NA,NA,NA,NA,NA,NA,NA,NA
13.196,1.8909,6.1745,1.0866,7.6252,NA,NA,NA,NA,NA,NA,NA,NA,NA,NA,NA,NA
13.296,1.8878,5.9995,1.0860,7.5636,NA,NA,NA,NA,NA,NA,NA,NA,NA,NA,NA,NA
13.388,1.8864,5.9221,1.0856,7.5287,NA,NA,NA,NA,NA,NA,NA,NA,NA,NA,NA,NA
13.485,1.8801,5.5695,1.0846,7.4205,NA,NA,NA,NA,NA,NA,NA,NA,NA,NA,NA,NA
13.581,1.8798,5.5495,1.0846,7.4205,NA,NA,NA,NA,NA,NA,NA,NA,NA,NA,NA,NA
13.686,1.8792,5.5173,1.0829,7.2543,NA,NA,NA,NA,NA,NA,NA,NA,NA,NA,NA,NA
13.778,1.8783,5.4663,1.0829,7.2534,NA,NA,NA,NA,NA,NA,NA,NA,NA,NA,NA,NA
13.875,1.8783,5.4663,1.0823,7.2020,NA,NA,NA,NA,NA,NA,NA,NA,NA,NA,NA,NA
13.986,1.8746,5.2582,1.0803,7.0033,NA,NA,NA,NA,NA,NA,NA,NA,NA,NA,NA,NA
14.077,1.8743,5.2412,1.0792,6.8902,NA,NA,NA,NA,NA,NA,NA,NA,NA,NA,NA,NA
14.171,1.8688,4.9346,1.0780,6.7672,NA,NA,NA,NA,NA,NA,NA,NA,NA,NA,NA,NA
14.276,1.8671,4.8410,1.0773,6.7027,NA,NA,NA,NA,NA,NA,NA,NA,NA,NA,NA,NA
14.369,1.8660,4.7753,1.0771,6.6833,NA,NA,NA,NA,NA,NA,NA,NA,NA,NA,NA,NA
14.464,1.8678,4.8765,1.0770,6.6674,NA,NA,NA,NA,NA,NA,NA,NA,NA,NA,NA,NA
14.573,1.8678,4.8765,1.0765,6.6193,NA,NA,NA,NA,NA,NA,NA,NA,NA,NA,NA,NA
14.669,1.8665,4.8045,1.0760,6.5687,NA,NA,NA,NA,NA,NA,NA,NA,NA,NA,NA,NA
14.763,1.8653,4.7384,1.0752,6.4972,NA,NA,NA,NA,NA,NA,NA,NA,NA,NA,NA,NA
14.869,1.8638,4.6539,1.0752,6.4931,NA,NA,NA,NA,NA,NA,NA,NA,NA,NA,NA,NA
14.954,1.8615,4.5243,1.0752,6.4913,NA,NA,NA,NA,NA,NA,NA,NA,NA,NA,NA,NA
15.053,1.8612,4.5088,1.0745,6.4261,NA,NA,NA,NA,NA,NA,NA,NA,NA,NA,NA,NA
15.151,1.8592,4.3972,1.0744,6.4190,NA,NA,NA,NA,NA,NA,NA,NA,NA,NA,NA,NA
15.251,1.8592,4.3972,1.0727,6.2507,NA,NA,NA,NA,NA,NA,NA,NA,NA,NA,NA,NA
15.347,1.8594,4.4036,1.0719,6.1698,NA,NA,NA,NA,NA,NA,NA,NA,NA,NA,NA,NA
15.448,1.8594,4.4036,1.0705,6.0271,NA,NA,NA,NA,NA,NA,NA,NA,NA,NA,NA,NA
15.547,1.8583,4.3449,1.0686,5.8430,NA,NA,NA,NA,NA,NA,NA,NA,NA,NA,NA,NA
15.645,1.8580,4.3284,1.0683,5.8079,NA,NA,NA,NA,NA,NA,NA,NA,NA,NA,NA,NA
15.748,1.8524,4.0136,1.0675,5.7343,NA,NA,NA,NA,NA,NA,NA,NA,NA,NA,NA,NA
15.845,1.8513,3.9495,1.0675,5.7343,NA,NA,NA,NA,NA,NA,NA,NA,NA,NA,NA,NA
15.935,1.8501,3.8820,1.0670,5.6771,NA,NA,NA,NA,NA,NA,NA,NA,NA,NA,NA,NA
16.065,1.8520,3.9907,1.0670,5.6771,NA,NA,NA,NA,NA,NA,NA,NA,NA,NA,NA,NA
16.131,1.8520,3.9907,1.0669,5.6751,NA,NA,NA,NA,NA,NA,NA,NA,NA,NA,NA,NA
16.228,1.8532,4.0595,1.0663,5.6111,NA,NA,NA,NA,NA,NA,NA,NA,NA,NA,NA,NA
16.331,1.8532,4.0595,1.0663,5.6111,NA,NA,NA,NA,NA,NA,NA,NA,NA,NA,NA,NA
16.420,1.8482,3.7760,1.0658,5.5664,NA,NA,NA,NA,NA,NA,NA,NA,NA,NA,NA,NA
16.536,1.8470,3.7106,1.0658,5.5664,NA,NA,NA,NA,NA,NA,NA,NA,NA,NA,NA,NA
16.624,1.8441,3.5452,1.0654,5.5238,NA,NA,NA,NA,NA,NA,NA,NA,NA,NA,NA,NA
16.713,1.8465,3.6804,1.0654,5.5238,NA,NA,NA,NA,NA,NA,NA,NA,NA,NA,NA,NA
16.824,1.8465,3.6804,1.0654,5.5210,NA,NA,NA,NA,NA,NA,NA,NA,NA,NA,NA,NA
16.915,1.8459,3.6491,1.0648,5.4681,NA,NA,NA,NA,NA,NA,NA,NA,NA,NA,NA,NA
17.023,1.8459,3.6491,1.0644,5.4233,NA,NA,NA,NA,NA,NA,NA,NA,NA,NA,NA,NA
17.106,1.8432,3.4981,1.0641,5.3920,NA,NA,NA,NA,NA,NA,NA,NA,NA,NA,NA,NA
17.252,1.8368,3.1355,1.0631,5.2979,NA,NA,NA,NA,NA,NA,NA,NA,NA,NA,NA,NA
17.308,1.8351,3.0441,1.0626,5.2427,NA,NA,NA,NA,NA,NA,NA,NA,NA,NA,NA,NA
17.401,1.8348,3.0271,1.0626,5.2504,NA,NA,NA,NA,NA,NA,NA,NA,NA,NA,NA,NA
17.509,1.8351,3.0430,1.0629,5.2791,NA,NA,NA,NA,NA,NA,NA,NA,NA,NA,NA,NA
17.600,1.8375,3.1787,1.0629,5.2791,NA,NA,NA,NA,NA,NA,NA,NA,NA,NA,NA,NA
17.697,1.8375,3.1787,1.0618,5.1668,NA,NA,NA,NA,NA,NA,NA,NA,NA,NA,NA,NA
17.795,1.8378,3.1926,1.0618,5.1668,NA,NA,NA,NA,NA,NA,NA,NA,NA,NA,NA,NA
17.893,1.8378,3.1926,1.0603,5.0183,NA,NA,NA,NA,NA,NA,NA,NA,NA,NA,NA,NA
17.997,1.8372,3.1574,1.0600,4.9867,NA,NA,NA,NA,NA,NA,NA,NA,NA,NA,NA,NA
18.088,1.8343,2.9990,1.0600,4.9867,NA,NA,NA,NA,NA,NA,NA,NA,NA,NA,NA,NA
18.191,1.8339,2.9729,1.0595,4.9419,NA,NA,NA,NA,NA,NA,NA,NA,NA,NA,NA,NA
18.283,1.8340,2.9826,1.0587,4.8561,NA,NA,NA,NA,NA,NA,NA,NA,NA,NA,NA,NA
18.387,1.8340,2.9826,1.0587,4.8561,NA,NA,NA,NA,NA,NA,NA,NA,NA,NA,NA,NA
18.482,1.8354,3.0595,1.0581,4.8043,NA,NA,NA,NA,NA,NA,NA,NA,NA,NA,NA,NA
18.578,1.8354,3.0595,1.0587,4.8587,NA,NA,NA,NA,NA,NA,NA,NA,NA,NA,NA,NA
18.674,1.8329,2.9201,1.0587,4.8587,NA,NA,NA,NA,NA,NA,NA,NA,NA,NA,NA,NA
18.781,1.8297,2.7358,1.0580,4.7898,NA,NA,NA,NA,NA,NA,NA,NA,NA,NA,NA,NA
18.874,1.8307,2.7955,1.0580,4.7898,NA,NA,NA,NA,NA,NA,NA,NA,NA,NA,NA,NA
18.967,1.8307,2.7955,1.0575,4.7416,NA,NA,NA,NA,NA,NA,NA,NA,NA,NA,NA,NA
19.069,1.8329,2.9198,1.0569,4.6782,NA,NA,NA,NA,NA,NA,NA,NA,NA,NA,NA,NA
19.170,1.8329,2.9198,1.0569,4.6782,NA,NA,NA,NA,NA,NA,NA,NA,NA,NA,NA,NA
19.270,1.8281,2.6465,1.0564,4.6330,NA,NA,NA,NA,NA,NA,NA,NA,NA,NA,NA,NA
19.364,1.8269,2.5811,1.0564,4.6330,NA,NA,NA,NA,NA,NA,NA,NA,NA,NA,NA,NA
19.468,1.8270,2.5896,1.0550,4.4901,NA,NA,NA,NA,NA,NA,NA,NA,NA,NA,NA,NA
19.554,1.8301,2.7632,1.0542,4.4134,NA,NA,NA,NA,NA,NA,NA,NA,NA,NA,NA,NA
19.689,1.8301,2.7632,1.0541,4.4017,NA,NA,NA,NA,NA,NA,NA,NA,NA,NA,NA,NA
19.751,1.8292,2.7121,1.0541,4.4017,NA,NA,NA,NA,NA,NA,NA,NA,NA,NA,NA,NA
19.850,1.8292,2.7121,1.0537,4.3632,NA,NA,NA,NA,NA,NA,NA,NA,NA,NA,NA,NA
19.948,1.8266,2.5670,1.0535,4.3471,NA,NA,NA,NA,NA,NA,NA,NA,NA,NA,NA,NA
20.049,1.8269,2.5828,1.0537,4.3605,NA,NA,NA,NA,NA,NA,NA,NA,NA,NA,NA,NA
20.145,1.8269,2.5828,1.0537,4.3605,NA,NA,NA,NA,NA,NA,NA,NA,NA,NA,NA,NA
20.275,1.8254,2.4983,1.0530,4.2950,NA,NA,NA,NA,NA,NA,NA,NA,NA,NA,NA,NA
20.339,1.8254,2.4983,1.0529,4.2811,NA,NA,NA,NA,NA,NA,NA,NA,NA,NA,NA,NA
20.448,1.8247,2.4597,1.0526,4.2550,NA,NA,NA,NA,NA,NA,NA,NA,NA,NA,NA,NA
20.543,1.8247,2.4597,1.0530,4.2910,NA,NA,NA,NA,NA,NA,NA,NA,NA,NA,NA,NA
20.635,1.8244,2.4428,1.0530,4.2910,NA,NA,NA,NA,NA,NA,NA,NA,NA,NA,NA,NA
20.729,1.8244,2.4428,1.0535,4.3404,NA,NA,NA,NA,NA,NA,NA,NA,NA,NA,NA,NA
20.856,1.8221,2.3117,1.0535,4.3404,NA,NA,NA,NA,NA,NA,NA,NA,NA,NA,NA,NA
20.924,1.8221,2.3117,1.0528,4.2771,NA,NA,NA,NA,NA,NA,NA,NA,NA,NA,NA,NA
21.029,1.8215,2.2798,1.0527,4.2696,NA,NA,NA,NA,NA,NA,NA,NA,NA,NA,NA,NA
21.123,1.8202,2.2035,1.0525,4.2502,NA,NA,NA,NA,NA,NA,NA,NA,NA,NA,NA,NA
21.220,1.8202,2.2035,1.0520,4.1994,NA,NA,NA,NA,NA,NA,NA,NA,NA,NA,NA,NA
21.324,1.8203,2.2109,1.0511,4.1068,NA,NA,NA,NA,NA,NA,NA,NA,NA,NA,NA,NA
21.436,1.8203,2.2109,1.0516,4.1593,NA,NA,NA,NA,NA,NA,NA,NA,NA,NA,NA,NA
21.515,1.8172,2.0339,1.0516,4.1593,NA,NA,NA,NA,NA,NA,NA,NA,NA,NA,NA,NA
21.611,1.8142,1.8663,1.0515,4.1435,NA,NA,NA,NA,NA,NA,NA,NA,NA,NA,NA,NA
21.721,1.8140,1.8564,1.0515,4.1435,NA,NA,NA,NA,NA,NA,NA,NA,NA,NA,NA,NA
21.816,1.8145,1.8846,1.0505,4.0467,NA,NA,NA,NA,NA,NA,NA,NA,NA,NA,NA,NA
21.910,1.8145,1.8846,1.0499,3.9878,NA,NA,NA,NA,NA,NA,NA,NA,NA,NA,NA,NA
22.060,1.8140,1.8586,1.0501,4.0115,NA,NA,NA,NA,NA,NA,NA,NA,NA,NA,NA,NA
22.099,1.8140,1.8586,1.0501,4.0115,NA,NA,NA,NA,NA,NA,NA,NA,NA,NA,NA,NA
22.204,1.8083,1.5375,1.0484,3.8376,NA,NA,NA,NA,NA,NA,NA,NA,NA,NA,NA,NA
22.304,1.8074,1.4876,1.0477,3.7655,NA,NA,NA,NA,NA,NA,NA,NA,NA,NA,NA,NA
22.401,1.8074,1.4876,1.0477,3.7655,NA,NA,NA,NA,NA,NA,NA,NA,NA,NA,NA,NA
22.492,1.8099,1.6272,1.0476,3.7591,NA,NA,NA,NA,NA,NA,NA,NA,NA,NA,NA,NA
22.596,1.8099,1.6272,1.0476,3.7591,NA,NA,NA,NA,NA,NA,NA,NA,NA,NA,NA,NA
22.690,1.8085,1.5465,1.0468,3.6828,NA,NA,NA,NA,NA,NA,NA,NA,NA,NA,NA,NA
22.788,1.8075,1.4907,1.0456,3.5633,NA,NA,NA,NA,NA,NA,NA,NA,NA,NA,NA,NA
22.889,1.8041,1.3025,1.0458,3.5789,NA,NA,NA,NA,NA,NA,NA,NA,NA,NA,NA,NA
22.985,1.8038,1.2828,1.0458,3.5860,NA,NA,NA,NA,NA,NA,NA,NA,NA,NA,NA,NA
23.082,1.8033,1.2583,1.0458,3.5860,NA,NA,NA,NA,NA,NA,NA,NA,NA,NA,NA,NA
23.177,1.8033,1.2583,1.0456,3.5612,NA,NA,NA,NA,NA,NA,NA,NA,NA,NA,NA,NA
23.289,1.8028,1.2284,1.0455,3.5557,NA,NA,NA,NA,NA,NA,NA,NA,NA,NA,NA,NA
23.376,1.8022,1.1934,1.0451,3.5127,NA,NA,NA,NA,NA,NA,NA,NA,NA,NA,NA,NA
23.467,1.8022,1.1934,1.0444,3.4449,NA,NA,NA,NA,NA,NA,NA,NA,NA,NA,NA,NA
23.569,1.8025,1.2120,1.0440,3.4054,NA,NA,NA,NA,NA,NA,NA,NA,NA,NA,NA,NA
23.670,1.8025,1.2120,1.0438,3.3804,NA,NA,NA,NA,NA,NA,NA,NA,NA,NA,NA,NA
23.764,1.8016,1.1621,1.0443,3.4295,NA,NA,NA,NA,NA,NA,NA,NA,NA,NA,NA,NA
23.865,1.8016,1.1621,1.0443,3.4295,NA,NA,NA,NA,NA,NA,NA,NA,NA,NA,NA,NA
23.977,1.8013,1.1443,1.0434,3.3432,NA,NA,NA,NA,NA,NA,NA,NA,NA,NA,NA,NA
24.067,1.8004,1.0931,1.0434,3.3432,NA,NA,NA,NA,NA,NA,NA,NA,NA,NA,NA,NA
24.157,1.8004,1.0931,1.0429,3.2913,NA,NA,NA,NA,NA,NA,NA,NA,NA,NA,NA,NA
24.257,1.8001,1.0759,1.0424,3.2414,NA,NA,NA,NA,NA,NA,NA,NA,NA,NA,NA,NA
24.359,1.8001,1.0759,1.0422,3.2288,NA,NA,NA,NA,NA,NA,NA,NA,NA,NA,NA,NA
24.462,1.7988,1.0052,1.0422,3.2288,NA,NA,NA,NA,NA,NA,NA,NA,NA,NA,NA,NA
24.550,1.7988,1.0052,1.0421,3.2142,NA,NA,NA,NA,NA,NA,NA,NA,NA,NA,NA,NA
24.650,1.7995,1.0432,1.0421,3.2142,NA,NA,NA,NA,NA,NA,NA,NA,NA,NA,NA,NA
24.750,1.7995,1.0432,1.0415,3.1575,NA,NA,NA,NA,NA,NA,NA,NA,NA,NA,NA,NA
24.845,1.7961,0.8509,1.0408,3.0873,NA,NA,NA,NA,NA,NA,NA,NA,NA,NA,NA,NA
24.940,1.7961,0.8509,1.0394,2.9457,NA,NA,NA,NA,NA,NA,NA,NA,NA,NA,NA,NA
25.056,1.7949,0.7833,1.0397,2.9808,NA,NA,NA,NA,NA,NA,NA,NA,NA,NA,NA,NA
25.147,1.7949,0.7833,1.0397,2.9808,NA,NA,NA,NA,NA,NA,NA,NA,NA,NA,NA,NA
25.250,1.7936,0.7125,1.0390,2.9094,NA,NA,NA,NA,NA,NA,NA,NA,NA,NA,NA,NA
25.333,1.7961,0.8524,1.0391,2.9183,NA,NA,NA,NA,NA,NA,NA,NA,NA,NA,NA,NA
25.428,1.7961,0.8524,1.0394,2.9446,NA,NA,NA,NA,NA,NA,NA,NA,NA,NA,NA,NA
25.536,1.7948,0.7815,1.0394,2.9446,NA,NA,NA,NA,NA,NA,NA,NA,NA,NA,NA,NA
25.621,1.7948,0.7815,1.0380,2.8085,NA,NA,NA,NA,NA,NA,NA,NA,NA,NA,NA,NA
25.721,1.7957,0.8302,1.0379,2.7963,NA,NA,NA,NA,NA,NA,NA,NA,NA,NA,NA,NA
25.830,1.7957,0.8302,1.0379,2.7963,NA,NA,NA,NA,NA,NA,NA,NA,NA,NA,NA,NA
25.924,1.7935,0.7050,1.0393,2.9348,NA,NA,NA,NA,NA,NA,NA,NA,NA,NA,NA,NA
26.020,1.7926,0.6543,1.0393,2.9348,NA,NA,NA,NA,NA,NA,NA,NA,NA,NA,NA,NA
26.114,1.7926,0.6538,1.0383,2.8344,NA,NA,NA,NA,NA,NA,NA,NA,NA,NA,NA,NA
26.268,1.7910,0.5674,1.0383,2.8344,NA,NA,NA,NA,NA,NA,NA,NA,NA,NA,NA,NA
26.312,1.7910,0.5630,1.0382,2.8280,NA,NA,NA,NA,NA,NA,NA,NA,NA,NA,NA,NA
26.423,1.7928,0.6693,1.0385,2.8598,NA,NA,NA,NA,NA,NA,NA,NA,NA,NA,NA,NA
26.526,1.7928,0.6693,1.0387,2.8778,NA,NA,NA,NA,NA,NA,NA,NA,NA,NA,NA,NA
26.609,1.7847,0.2116,1.0387,2.8778,NA,NA,NA,NA,NA,NA,NA,NA,NA,NA,NA,NA
26.704,1.7847,0.2116,1.0383,2.8367,NA,NA,NA,NA,NA,NA,NA,NA,NA,NA,NA,NA
26.804,1.7831,0.1246,1.0381,2.8217,NA,NA,NA,NA,NA,NA,NA,NA,NA,NA,NA,NA
26.899,1.7848,0.2148,1.0379,2.8037,NA,NA,NA,NA,NA,NA,NA,NA,NA,NA,NA,NA
27.002,1.7848,0.2148,1.0379,2.8022,NA,NA,NA,NA,NA,NA,NA,NA,NA,NA,NA,NA
27.095,1.7837,0.1544,1.0378,2.7887,NA,NA,NA,NA,NA,NA,NA,NA,NA,NA,NA,NA
27.192,1.7843,0.1900,1.0366,2.6670,NA,NA,NA,NA,NA,NA,NA,NA,NA,NA,NA,NA
27.297,1.7863,0.3001,1.0360,2.6102,NA,NA,NA,NA,NA,NA,NA,NA,NA,NA,NA,NA
27.392,1.7863,0.3001,1.0358,2.5929,NA,NA,NA,NA,NA,NA,NA,NA,NA,NA,NA,NA
27.503,1.7859,0.2802,1.0357,2.5768,NA,NA,NA,NA,NA,NA,NA,NA,NA,NA,NA,NA
27.584,1.7861,0.2927,1.0357,2.5768,NA,NA,NA,NA,NA,NA,NA,NA,NA,NA,NA,NA
27.684,1.7861,0.2927,1.0348,2.4905,NA,NA,NA,NA,NA,NA,NA,NA,NA,NA,NA,NA
27.780,1.7846,0.2089,1.0344,2.4515,NA,NA,NA,NA,NA,NA,NA,NA,NA,NA,NA,NA
27.876,1.7846,0.2089,1.0344,2.4515,NA,NA,NA,NA,NA,NA,NA,NA,NA,NA,NA,NA
27.973,1.7857,0.2695,1.0321,2.2221,NA,NA,NA,NA,NA,NA,NA,NA,NA,NA,NA,NA
28.081,1.7857,0.2695,1.0324,2.2513,NA,NA,NA,NA,NA,NA,NA,NA,NA,NA,NA,NA
28.172,1.7848,0.2156,1.0328,2.2910,NA,NA,NA,NA,NA,NA,NA,NA,NA,NA,NA,NA
28.281,1.7826,0.0947,1.0331,2.3212,NA,NA,NA,NA,NA,NA,NA,NA,NA,NA,NA,NA
28.369,1.7808,-0.0071,1.0335,2.3642,NA,NA,NA,NA,NA,NA,NA,NA,NA,NA,NA,NA
28.468,1.7835,0.1469,1.0335,2.3642,NA,NA,NA,NA,NA,NA,NA,NA,NA,NA,NA,NA
28.604,1.7838,0.1637,1.0334,2.3495,NA,NA,NA,NA,NA,NA,NA,NA,NA,NA,NA,NA
28.663,1.7838,0.1637,1.0333,2.3466,NA,NA,NA,NA,NA,NA,NA,NA,NA,NA,NA,NA
28.758,1.7829,0.1128,1.0333,2.3466,NA,NA,NA,NA,NA,NA,NA,NA,NA,NA,NA,NA
28.862,1.7829,0.1128,1.0329,2.3000,NA,NA,NA,NA,NA,NA,NA,NA,NA,NA,NA,NA
28.955,1.7811,0.0115,1.0330,2.3135,NA,NA,NA,NA,NA,NA,NA,NA,NA,NA,NA,NA
29.054,1.7810,0.0038,1.0330,2.3135,NA,NA,NA,NA,NA,NA,NA,NA,NA,NA,NA,NA
29.201,1.7810,0.0038,1.0327,2.2879,NA,NA,NA,NA,NA,NA,NA,NA,NA,NA,NA,NA
29.251,1.7805,-0.0231,1.0327,2.2810,NA,NA,NA,NA,NA,NA,NA,NA,NA,NA,NA,NA
29.354,1.7805,-0.0231,1.0320,2.2156,NA,NA,NA,NA,NA,NA,NA,NA,NA,NA,NA,NA
29.444,1.7795,-0.0793,1.0306,2.0748,NA,NA,NA,NA,NA,NA,NA,NA,NA,NA,NA,NA
29.548,1.7792,-0.0947,1.0306,2.0748,NA,NA,NA,NA,NA,NA,NA,NA,NA,NA,NA,NA
29.645,1.7775,-0.1948,1.0305,2.0662,NA,NA,NA,NA,NA,NA,NA,NA,NA,NA,NA,NA
29.741,1.7791,-0.1044,1.0305,2.0662,NA,NA,NA,NA,NA,NA,NA,NA,NA,NA,NA,NA
29.862,1.7791,-0.1044,1.0312,2.1326,NA,NA,NA,NA,NA,NA,NA,NA,NA,NA,NA,NA
29.937,1.7800,-0.0528,1.0312,2.1326,NA,NA,NA,NA,NA,NA,NA,NA,NA,NA,NA,NA
30.031,1.7800,-0.0528,1.0315,2.1625,NA,NA,NA,NA,NA,NA,NA,NA,NA,NA,NA,NA
30.133,1.7774,-0.1983,1.0318,2.1939,NA,NA,NA,NA,NA,NA,NA,NA,NA,NA,NA,NA
30.226,1.7755,-0.3066,1.0318,2.1939,NA,NA,NA,NA,NA,NA,NA,NA,NA,NA,NA,NA
30.333,1.7725,-0.4708,1.0314,2.1582,NA,NA,NA,NA,NA,NA,NA,NA,NA,NA,NA,NA
30.452,1.7759,-0.2845,1.0314,2.1582,NA,NA,NA,NA,NA,NA,NA,NA,NA,NA,NA,NA
30.529,1.7759,-0.2845,1.0308,2.0958,NA,NA,NA,NA,NA,NA,NA,NA,NA,NA,NA,NA
30.621,1.7757,-0.2924,1.0304,2.0562,NA,NA,NA,NA,NA,NA,NA,NA,NA,NA,NA,NA
30.719,1.7757,-0.2924,1.0302,2.0365,NA,NA,NA,NA,NA,NA,NA,NA,NA,NA,NA,NA
30.815,1.7750,-0.3339,1.0290,1.9133,NA,NA,NA,NA,NA,NA,NA,NA,NA,NA,NA,NA
30.923,1.7750,-0.3339,1.0290,1.9133,NA,NA,NA,NA,NA,NA,NA,NA,NA,NA,NA,NA
31.037,1.7709,-0.5632,1.0287,1.8867,NA,NA,NA,NA,NA,NA,NA,NA,NA,NA,NA,NA
31.120,1.7712,-0.5467,1.0287,1.8867,NA,NA,NA,NA,NA,NA,NA,NA,NA,NA,NA,NA
31.211,1.7716,-0.5239,1.0282,1.8355,NA,NA,NA,NA,NA,NA,NA,NA,NA,NA,NA,NA
31.307,1.7748,-0.3420,1.0281,1.8265,NA,NA,NA,NA,NA,NA,NA,NA,NA,NA,NA,NA
31.401,1.7748,-0.3420,1.0260,1.6201,NA,NA,NA,NA,NA,NA,NA,NA,NA,NA,NA,NA
31.503,1.7765,-0.2487,1.0260,1.6201,NA,NA,NA,NA,NA,NA,NA,NA,NA,NA,NA,NA
31.597,1.7765,-0.2487,1.0259,1.6153,NA,NA,NA,NA,NA,NA,NA,NA,NA,NA,NA,NA
31.712,1.7733,-0.4276,1.0259,1.6153,NA,NA,NA,NA,NA,NA,NA,NA,NA,NA,NA,NA
31.804,1.7724,-0.4808,1.0257,1.5943,NA,NA,NA,NA,NA,NA,NA,NA,NA,NA,NA,NA
31.897,1.7688,-0.6792,1.0255,1.5686,NA,NA,NA,NA,NA,NA,NA,NA,NA,NA,NA,NA
31.988,1.7687,-0.6871,1.0255,1.5678,NA,NA,NA,NA,NA,NA,NA,NA,NA,NA,NA,NA
32.096,1.7699,-0.6167,1.0239,1.4141,NA,NA,NA,NA,NA,NA,NA,NA,NA,NA,NA,NA
32.190,1.7712,-0.5475,1.0239,1.4168,NA,NA,NA,NA,NA,NA,NA,NA,NA,NA,NA,NA
32.287,1.7712,-0.5475,1.0249,1.5147,NA,NA,NA,NA,NA,NA,NA,NA,NA,NA,NA,NA
32.382,1.7701,-0.6066,1.0249,1.5147,NA,NA,NA,NA,NA,NA,NA,NA,NA,NA,NA,NA
32.483,1.7701,-0.6066,1.0240,1.4273,NA,NA,NA,NA,NA,NA,NA,NA,NA,NA,NA,NA
32.575,1.7702,-0.6018,1.0252,1.5386,NA,NA,NA,NA,NA,NA,NA,NA,NA,NA,NA,NA
32.671,1.7702,-0.6018,1.0252,1.5386,NA,NA,NA,NA,NA,NA,NA,NA,NA,NA,NA,NA
32.779,1.7714,-0.5353,1.0250,1.5229,NA,NA,NA,NA,NA,NA,NA,NA,NA,NA,NA,NA
32.873,1.7721,-0.4939,1.0250,1.5229,NA,NA,NA,NA,NA,NA,NA,NA,NA,NA,NA,NA
32.976,1.7721,-0.4939,1.0250,1.5178,NA,NA,NA,NA,NA,NA,NA,NA,NA,NA,NA,NA
33.072,1.7703,-0.5952,1.0250,1.5178,NA,NA,NA,NA,NA,NA,NA,NA,NA,NA,NA,NA
33.175,1.7703,-0.5952,1.0241,1.4365,NA,NA,NA,NA,NA,NA,NA,NA,NA,NA,NA,NA
33.260,1.7695,-0.6439,1.0239,1.4164,NA,NA,NA,NA,NA,NA,NA,NA,NA,NA,NA,NA
33.365,1.7634,-0.9819,1.0236,1.3877,NA,NA,NA,NA,NA,NA,NA,NA,NA,NA,NA,NA
33.469,1.7634,-0.9819,1.0233,1.3515,NA,NA,NA,NA,NA,NA,NA,NA,NA,NA,NA,NA
33.558,1.7657,-0.8530,1.0231,1.3330,NA,NA,NA,NA,NA,NA,NA,NA,NA,NA,NA,NA
33.655,1.7657,-0.8530,1.0230,1.3256,NA,NA,NA,NA,NA,NA,NA,NA,NA,NA,NA,NA
33.755,1.7706,-0.5777,1.0227,1.2933,NA,NA,NA,NA,NA,NA,NA,NA,NA,NA,NA,NA
33.857,1.7706,-0.5777,1.0230,1.3228,NA,NA,NA,NA,NA,NA,NA,NA,NA,NA,NA,NA
33.952,1.7661,-0.8313,1.0230,1.3228,NA,NA,NA,NA,NA,NA,NA,NA,NA,NA,NA,NA
34.078,1.7635,-0.9793,1.0227,1.2959,NA,NA,NA,NA,NA,NA,NA,NA,NA,NA,NA,NA
34.138,1.7617,-1.0810,1.0222,1.2455,NA,NA,NA,NA,NA,NA,NA,NA,NA,NA,NA,NA
34.245,1.7621,-1.0573,1.0215,1.1787,NA,NA,NA,NA,NA,NA,NA,NA,NA,NA,NA,NA
34.340,1.7621,-1.0573,1.0207,1.0922,NA,NA,NA,NA,NA,NA,NA,NA,NA,NA,NA,NA
34.441,1.7641,-0.9476,1.0205,1.0714,NA,NA,NA,NA,NA,NA,NA,NA,NA,NA,NA,NA
34.541,1.7641,-0.9476,1.0201,1.0323,NA,NA,NA,NA,NA,NA,NA,NA,NA,NA,NA,NA
34.638,1.7690,-0.6676,1.0205,1.0731,NA,NA,NA,NA,NA,NA,NA,NA,NA,NA,NA,NA
34.731,1.7926,0.6565,1.0331,2.3220,NA,NA,NA,NA,NA,NA,NA,NA,NA,NA,NA,NA
34.838,1.8293,2.7177,1.0482,3.8224,NA,NA,NA,NA,NA,NA,NA,NA,NA,NA,NA,NA
34.927,1.8668,4.8225,1.0609,5.0764,NA,NA,NA,NA,NA,NA,NA,NA,NA,NA,NA,NA
35.028,1.8863,5.9146,1.0736,6.3323,NA,NA,NA,NA,NA,NA,NA,NA,NA,NA,NA,NA
35.128,1.9171,7.6479,1.0806,7.0249,NA,NA,NA,NA,NA,NA,NA,NA,NA,NA,NA,NA
35.291,1.9212,7.8768,1.0881,7.7679,NA,NA,NA,NA,NA,NA,NA,NA,NA,NA,NA,NA
35.320,1.9506,9.5267,1.0960,8.5523,NA,NA,NA,NA,NA,NA,NA,NA,NA,NA,NA,NA
35.415,1.9581,9.9479,1.1027,9.2172,NA,NA,NA,NA,NA,NA,NA,NA,NA,NA,NA,NA
35.513,1.9695,10.5911,1.1077,9.7111,NA,NA,NA,NA,NA,NA,NA,NA,NA,NA,NA,NA
35.616,1.9749,10.8907,1.1143,10.3633,NA,NA,NA,NA,NA,NA,NA,NA,NA,NA,NA,NA
35.708,1.9889,11.6796,1.1192,10.8486,NA,NA,NA,NA,NA,NA,NA,NA,NA,NA,NA,NA
35.817,1.9950,12.0218,1.1246,11.3826,NA,NA,NA,NA,NA,NA,NA,NA,NA,NA,NA,NA
35.908,2.0061,12.6448,1.1297,11.8910,NA,NA,NA,NA,NA,NA,NA,NA,NA,NA,NA,NA
36.009,2.0128,13.0218,1.1371,12.6254,NA,NA,NA,NA,NA,NA,NA,NA,NA,NA,NA,NA
36.110,2.0160,13.1970,1.1407,12.9771,NA,NA,NA,NA,NA,NA,NA,NA,NA,NA,NA,NA
36.202,2.0247,13.6867,1.1450,13.4060,NA,NA,NA,NA,NA,NA,NA,NA,NA,NA,NA,NA
36.297,2.0287,13.9152,1.1475,13.6544,NA,NA,NA,NA,NA,NA,NA,NA,NA,NA,NA,NA
36.414,2.0301,13.9896,1.1482,13.7240,NA,NA,NA,NA,NA,NA,NA,NA,NA,NA,NA,NA
36.500,2.0301,13.9896,1.1485,13.7574,NA,NA,NA,NA,NA,NA,NA,NA,NA,NA,NA,NA
36.590,2.0243,13.6631,1.1485,13.7574,NA,NA,NA,NA,NA,NA,NA,NA,NA,NA,NA,NA
36.696,2.0203,13.4395,1.1473,13.6309,NA,NA,NA,NA,NA,NA,NA,NA,NA,NA,NA,NA
36.786,2.0096,12.8379,1.1457,13.4750,NA,NA,NA,NA,NA,NA,NA,NA,NA,NA,NA,NA
36.895,1.9930,11.9080,1.1442,13.3277,NA,NA,NA,NA,NA,NA,NA,NA,NA,NA,NA,NA
36.999,1.9746,10.8743,1.1417,13.0820,NA,NA,NA,NA,NA,NA,NA,NA,NA,NA,NA,NA
37.089,1.9603,10.0719,1.1368,12.5919,NA,NA,NA,NA,NA,NA,NA,NA,NA,NA,NA,NA
37.183,1.9553,9.7923,1.1339,12.3076,NA,NA,NA,NA,NA,NA,NA,NA,NA,NA,NA,NA
37.282,1.9465,9.2994,1.1300,11.9220,NA,NA,NA,NA,NA,NA,NA,NA,NA,NA,NA,NA
37.377,1.9439,9.1536,1.1279,11.7090,NA,NA,NA,NA,NA,NA,NA,NA,NA,NA,NA,NA
37.477,1.9260,8.1458,1.1251,11.4341,NA,NA,NA,NA,NA,NA,NA,NA,NA,NA,NA,NA
37.573,1.9260,8.1458,1.1236,11.2836,NA,NA,NA,NA,NA,NA,NA,NA,NA,NA,NA,NA
37.689,1.9172,7.6534,1.1212,11.0470,NA,NA,NA,NA,NA,NA,NA,NA,NA,NA,NA,NA
37.769,1.9166,7.6166,1.1198,10.9144,NA,NA,NA,NA,NA,NA,NA,NA,NA,NA,NA,NA
37.870,1.9166,7.6166,1.1176,10.6921,NA,NA,NA,NA,NA,NA,NA,NA,NA,NA,NA,NA
37.970,1.9144,7.4960,1.1140,10.3417,NA,NA,NA,NA,NA,NA,NA,NA,NA,NA,NA,NA
38.068,1.9134,7.4410,1.1105,9.9887,NA,NA,NA,NA,NA,NA,NA,NA,NA,NA,NA,NA
38.177,1.9102,7.2598,1.1085,9.7883,NA,NA,NA,NA,NA,NA,NA,NA,NA,NA,NA,NA
38.266,1.9102,7.2598,1.1073,9.6768,NA,NA,NA,NA,NA,NA,NA,NA,NA,NA,NA,NA
38.362,1.9031,6.8579,1.1059,9.5383,NA,NA,NA,NA,NA,NA,NA,NA,NA,NA,NA,NA
38.458,1.9007,6.7227,1.1053,9.4732,NA,NA,NA,NA,NA,NA,NA,NA,NA,NA,NA,NA
38.551,1.9039,6.9041,1.1036,9.3032,NA,NA,NA,NA,NA,NA,NA,NA,NA,NA,NA,NA
38.647,1.9193,7.7704,1.1078,9.7238,NA,NA,NA,NA,NA,NA,NA,NA,NA,NA,NA,NA
38.799,1.9310,8.4291,1.1180,10.7352,NA,NA,NA,NA,NA,NA,NA,NA,NA,NA,NA,NA
38.847,1.9627,10.2075,1.1275,11.6700,NA,NA,NA,NA,NA,NA,NA,NA,NA,NA,NA,NA
38.946,1.9783,11.0824,1.1360,12.5169,NA,NA,NA,NA,NA,NA,NA,NA,NA,NA,NA,NA
39.037,1.9920,11.8535,1.1427,13.1775,NA,NA,NA,NA,NA,NA,NA,NA,NA,NA,NA,NA
39.137,1.9961,12.0833,1.1453,13.4405,NA,NA,NA,NA,NA,NA,NA,NA,NA,NA,NA,NA
39.241,1.9961,12.0833,1.1467,13.5707,NA,NA,NA,NA,NA,NA,NA,NA,NA,NA,NA,NA
39.331,1.9941,11.9672,1.1467,13.5707,NA,NA,NA,NA,NA,NA,NA,NA,NA,NA,NA,NA
39.448,1.9941,11.9672,1.1455,13.4595,NA,NA,NA,NA,NA,NA,NA,NA,NA,NA,NA,NA
39.532,1.9877,11.6086,1.1443,13.3370,NA,NA,NA,NA,NA,NA,NA,NA,NA,NA,NA,NA
39.627,1.9837,11.3831,1.1436,13.2687,NA,NA,NA,NA,NA,NA,NA,NA,NA,NA,NA,NA
39.723,1.9710,10.6720,1.1415,13.0596,NA,NA,NA,NA,NA,NA,NA,NA,NA,NA,NA,NA
39.817,1.9654,10.3562,1.1394,12.8478,NA,NA,NA,NA,NA,NA,NA,NA,NA,NA,NA,NA
39.917,1.9515,9.5775,1.1353,12.4502,NA,NA,NA,NA,NA,NA,NA,NA,NA,NA,NA,NA
40.022,1.9418,9.0338,1.1320,12.1184,NA,NA,NA,NA,NA,NA,NA,NA,NA,NA,NA,NA
40.114,1.9350,8.6525,1.1292,11.8411,NA,NA,NA,NA,NA,NA,NA,NA,NA,NA,NA,NA
40.223,1.9272,8.2131,1.1259,11.5171,NA,NA,NA,NA,NA,NA,NA,NA,NA,NA,NA,NA
40.311,1.9233,7.9951,1.1198,10.9079,NA,NA,NA,NA,NA,NA,NA,NA,NA,NA,NA,NA
40.423,1.9131,7.4193,1.1158,10.5152,NA,NA,NA,NA,NA,NA,NA,NA,NA,NA,NA,NA
40.517,1.9102,7.2559,1.1129,10.2285,NA,NA,NA,NA,NA,NA,NA,NA,NA,NA,NA,NA
40.619,1.9046,6.9428,1.1114,10.0777,NA,NA,NA,NA,NA,NA,NA,NA,NA,NA,NA,NA
40.709,1.9011,6.7492,1.1108,10.0215,NA,NA,NA,NA,NA,NA,NA,NA,NA,NA,NA,NA
40.804,1.8982,6.5848,1.1085,9.7907,NA,NA,NA,NA,NA,NA,NA,NA,NA,NA,NA,NA
40.898,1.8964,6.4852,1.1074,9.6881,NA,NA,NA,NA,NA,NA,NA,NA,NA,NA,NA,NA
41.008,1.8962,6.4710,1.1058,9.5219,NA,NA,NA,NA,NA,NA,NA,NA,NA,NA,NA,NA
41.100,1.9109,7.3002,1.1062,9.5689,NA,NA,NA,NA,NA,NA,NA,NA,NA,NA,NA,NA
41.191,1.9252,8.1012,1.1118,10.1155,NA,NA,NA,NA,NA,NA,NA,NA,NA,NA,NA,NA
41.287,1.9516,9.5846,1.1240,11.3282,NA,NA,NA,NA,NA,NA,NA,NA,NA,NA,NA,NA
41.394,1.9753,10.9135,1.1317,12.0912,NA,NA,NA,NA,NA,NA,NA,NA,NA,NA,NA,NA
41.495,1.9998,12.2872,1.1394,12.8483,NA,NA,NA,NA,NA,NA,NA,NA,NA,NA,NA,NA
41.585,2.0211,13.4872,1.1426,13.1685,NA,NA,NA,NA,NA,NA,NA,NA,NA,NA,NA,NA
41.684,2.0263,13.7769,1.1482,13.7227,NA,NA,NA,NA,NA,NA,NA,NA,NA,NA,NA,NA
41.777,2.0269,13.8109,1.1498,13.8787,NA,NA,NA,NA,NA,NA,NA,NA,NA,NA,NA,NA
41.893,2.0269,13.8109,1.1506,13.9652,NA,NA,NA,NA,NA,NA,NA,NA,NA,NA,NA,NA
41.979,2.0221,13.5400,1.1506,13.9652,NA,NA,NA,NA,NA,NA,NA,NA,NA,NA,NA,NA
42.077,2.0164,13.2218,1.1500,13.9021,NA,NA,NA,NA,NA,NA,NA,NA,NA,NA,NA,NA
42.169,2.0014,12.3824,1.1474,13.6469,NA,NA,NA,NA,NA,NA,NA,NA,NA,NA,NA,NA
42.268,1.9939,11.9590,1.1415,13.0613,NA,NA,NA,NA,NA,NA,NA,NA,NA,NA,NA,NA
42.365,1.9820,11.2915,1.1386,12.7777,NA,NA,NA,NA,NA,NA,NA,NA,NA,NA,NA,NA
42.483,1.9768,11.0006,1.1341,12.3306,NA,NA,NA,NA,NA,NA,NA,NA,NA,NA,NA,NA
42.573,1.9694,10.5838,1.1305,11.9714,NA,NA,NA,NA,NA,NA,NA,NA,NA,NA,NA,NA
42.659,1.9623,10.1836,1.1285,11.7763,NA,NA,NA,NA,NA,NA,NA,NA,NA,NA,NA,NA
42.765,1.9576,9.9202,1.1254,11.4664,NA,NA,NA,NA,NA,NA,NA,NA,NA,NA,NA,NA
42.861,1.9526,9.6398,1.1240,11.3304,NA,NA,NA,NA,NA,NA,NA,NA,NA,NA,NA,NA
42.955,1.9526,9.6398,1.1222,11.1526,NA,NA,NA,NA,NA,NA,NA,NA,NA,NA,NA,NA
43.056,1.9402,8.9438,1.1211,11.0391,NA,NA,NA,NA,NA,NA,NA,NA,NA,NA,NA,NA
43.169,1.9402,8.9438,1.1184,10.7775,NA,NA,NA,NA,NA,NA,NA,NA,NA,NA,NA,NA
43.252,1.9377,8.8007,1.1184,10.7775,NA,NA,NA,NA,NA,NA,NA,NA,NA,NA,NA,NA
43.352,1.9377,8.8007,1.1172,10.6530,NA,NA,NA,NA,NA,NA,NA,NA,NA,NA,NA,NA
43.449,1.9288,8.3012,1.1172,10.6530,NA,NA,NA,NA,NA,NA,NA,NA,NA,NA,NA,NA
43.597,1.9251,8.0957,1.1162,10.5532,NA,NA,NA,NA,NA,NA,NA,NA,NA,NA,NA,NA
43.639,1.9242,8.0460,1.1155,10.4884,NA,NA,NA,NA,NA,NA,NA,NA,NA,NA,NA,NA
43.751,1.9228,7.9678,1.1151,10.4444,NA,NA,NA,NA,NA,NA,NA,NA,NA,NA,NA,NA
43.833,1.9226,7.9566,1.1137,10.3046,NA,NA,NA,NA,NA,NA,NA,NA,NA,NA,NA,NA
43.940,1.9185,7.7255,1.1129,10.2297,NA,NA,NA,NA,NA,NA,NA,NA,NA,NA,NA,NA
44.035,1.9173,7.6557,1.1123,10.1651,NA,NA,NA,NA,NA,NA,NA,NA,NA,NA,NA,NA
44.135,1.9124,7.3801,1.1116,10.1009,NA,NA,NA,NA,NA,NA,NA,NA,NA,NA,NA,NA
44.234,1.9099,7.2439,1.1115,10.0884,NA,NA,NA,NA,NA,NA,NA,NA,NA,NA,NA,NA
44.319,1.9069,7.0731,1.1100,9.9409,NA,NA,NA,NA,NA,NA,NA,NA,NA,NA,NA,NA
44.449,1.9069,7.0731,1.1096,9.8997,NA,NA,NA,NA,NA,NA,NA,NA,NA,NA,NA,NA
44.524,1.9031,6.8602,1.1084,9.7829,NA,NA,NA,NA,NA,NA,NA,NA,NA,NA,NA,NA
44.621,1.9023,6.8158,1.1083,9.7772,NA,NA,NA,NA,NA,NA,NA,NA,NA,NA,NA,NA
44.714,1.9021,6.8034,1.1083,9.7772,NA,NA,NA,NA,NA,NA,NA,NA,NA,NA,NA,NA
44.854,1.8978,6.5635,1.1073,9.6745,NA,NA,NA,NA,NA,NA,NA,NA,NA,NA,NA,NA
44.913,1.8977,6.5541,1.1070,9.6405,NA,NA,NA,NA,NA,NA,NA,NA,NA,NA,NA,NA
45.007,1.8948,6.3934,1.1074,9.6801,NA,NA,NA,NA,NA,NA,NA,NA,NA,NA,NA,NA
45.132,1.8976,6.5503,1.1074,9.6801,NA,NA,NA,NA,NA,NA,NA,NA,NA,NA,NA,NA
45.214,1.8976,6.5503,1.1055,9.4991,NA,NA,NA,NA,NA,NA,NA,NA,NA,NA,NA,NA
45.307,1.8955,6.4306,1.1043,9.3801,NA,NA,NA,NA,NA,NA,NA,NA,NA,NA,NA,NA
45.398,1.8950,6.4027,1.1042,9.3631,NA,NA,NA,NA,NA,NA,NA,NA,NA,NA,NA,NA
45.507,1.8914,6.2010,1.1039,9.3328,NA,NA,NA,NA,NA,NA,NA,NA,NA,NA,NA,NA
45.594,1.8897,6.1072,1.1022,9.1710,NA,NA,NA,NA,NA,NA,NA,NA,NA,NA,NA,NA
45.694,1.8881,6.0162,1.1017,9.1196,NA,NA,NA,NA,NA,NA,NA,NA,NA,NA,NA,NA
45.796,1.8873,5.9737,1.1011,9.0589,NA,NA,NA,NA,NA,NA,NA,NA,NA,NA,NA,NA
45.891,1.8851,5.8486,1.0998,8.9311,NA,NA,NA,NA,NA,NA,NA,NA,NA,NA,NA,NA
45.993,1.8830,5.7293,1.0992,8.8703,NA,NA,NA,NA,NA,NA,NA,NA,NA,NA,NA,NA
46.098,1.8830,5.7293,1.0994,8.8862,NA,NA,NA,NA,NA,NA,NA,NA,NA,NA,NA,NA
46.189,1.8816,5.6554,1.0994,8.8862,NA,NA,NA,NA,NA,NA,NA,NA,NA,NA,NA,NA
46.282,1.8816,5.6554,1.0988,8.8303,NA,NA,NA,NA,NA,NA,NA,NA,NA,NA,NA,NA
46.383,1.8807,5.6037,1.0988,8.8297,NA,NA,NA,NA,NA,NA,NA,NA,NA,NA,NA,NA
46.488,1.8807,5.6037,1.0984,8.7948,NA,NA,NA,NA,NA,NA,NA,NA,NA,NA,NA,NA
46.640,1.8807,5.6026,1.0974,8.6908,NA,NA,NA,NA,NA,NA,NA,NA,NA,NA,NA,NA
46.676,1.8807,5.6026,1.0967,8.6209,NA,NA,NA,NA,NA,NA,NA,NA,NA,NA,NA,NA
46.774,1.8785,5.4790,1.0949,8.4426,NA,NA,NA,NA,NA,NA,NA,NA,NA,NA,NA,NA
46.867,1.8785,5.4790,1.0945,8.4050,NA,NA,NA,NA,NA,NA,NA,NA,NA,NA,NA,NA
46.970,1.8721,5.1217,1.0935,8.3021,NA,NA,NA,NA,NA,NA,NA,NA,NA,NA,NA,NA
47.066,1.8700,5.0035,1.0928,8.2333,NA,NA,NA,NA,NA,NA,NA,NA,NA,NA,NA,NA
47.214,1.8694,4.9697,1.0920,8.1582,NA,NA,NA,NA,NA,NA,NA,NA,NA,NA,NA,NA
47.265,1.8701,5.0083,1.0915,8.1083,NA,NA,NA,NA,NA,NA,NA,NA,NA,NA,NA,NA
47.363,1.8701,5.0083,1.0910,8.0635,NA,NA,NA,NA,NA,NA,NA,NA,NA,NA,NA,NA
47.454,1.8715,5.0832,1.0908,8.0369,NA,NA,NA,NA,NA,NA,NA,NA,NA,NA,NA,NA
47.558,1.8715,5.0832,1.0903,7.9915,NA,NA,NA,NA,NA,NA,NA,NA,NA,NA,NA,NA
47.657,1.8664,4.7976,1.0900,7.9610,NA,NA,NA,NA,NA,NA,NA,NA,NA,NA,NA,NA
47.749,1.8632,4.6223,1.0889,7.8500,NA,NA,NA,NA,NA,NA,NA,NA,NA,NA,NA,NA
47.854,1.8615,4.5219,1.0890,7.8559,NA,NA,NA,NA,NA,NA,NA,NA,NA,NA,NA,NA
47.946,1.8633,4.6255,1.0890,7.8559,NA,NA,NA,NA,NA,NA,NA,NA,NA,NA,NA,NA
48.043,1.8633,4.6255,1.0870,7.6603,NA,NA,NA,NA,NA,NA,NA,NA,NA,NA,NA,NA
48.143,1.8620,4.5509,1.0864,7.6042,NA,NA,NA,NA,NA,NA,NA,NA,NA,NA,NA,NA
48.237,1.8620,4.5509,1.0856,7.5289,NA,NA,NA,NA,NA,NA,NA,NA,NA,NA,NA,NA
48.340,1.8592,4.3974,1.0853,7.4945,NA,NA,NA,NA,NA,NA,NA,NA,NA,NA,NA,NA
48.464,1.8585,4.3537,1.0846,7.4231,NA,NA,NA,NA,NA,NA,NA,NA,NA,NA,NA,NA
48.533,1.8513,3.9503,1.0841,7.3757,NA,NA,NA,NA,NA,NA,NA,NA,NA,NA,NA,NA
48.638,1.8513,3.9503,1.0834,7.3080,NA,NA,NA,NA,NA,NA,NA,NA,NA,NA,NA,NA
48.732,1.8503,3.8935,1.0829,7.2602,NA,NA,NA,NA,NA,NA,NA,NA,NA,NA,NA,NA
48.841,1.8523,4.0066,1.0827,7.2391,NA,NA,NA,NA,NA,NA,NA,NA,NA,NA,NA,NA
48.935,1.8523,4.0066,1.0824,7.2084,NA,NA,NA,NA,NA,NA,NA,NA,NA,NA,NA,NA
49.080,1.8518,3.9783,1.0813,7.0942,NA,NA,NA,NA,NA,NA,NA,NA,NA,NA,NA,NA
49.129,1.8518,3.9783,1.0807,7.0435,NA,NA,NA,NA,NA,NA,NA,NA,NA,NA,NA,NA
49.230,1.8502,3.8869,1.0805,7.0160,NA,NA,NA,NA,NA,NA,NA,NA,NA,NA,NA,NA
49.320,1.8481,3.7719,1.0801,6.9793,NA,NA,NA,NA,NA,NA,NA,NA,NA,NA,NA,NA
49.414,1.8454,3.6208,1.0796,6.9264,NA,NA,NA,NA,NA,NA,NA,NA,NA,NA,NA,NA
49.516,1.8445,3.5699,1.0791,6.8773,NA,NA,NA,NA,NA,NA,NA,NA,NA,NA,NA,NA
49.659,1.8445,3.5699,1.0781,6.7810,NA,NA,NA,NA,NA,NA,NA,NA,NA,NA,NA,NA
49.709,1.8464,3.6761,1.0779,6.7632,NA,NA,NA,NA,NA,NA,NA,NA,NA,NA,NA,NA
49.820,1.8464,3.6761,1.0780,6.7704,NA,NA,NA,NA,NA,NA,NA,NA,NA,NA,NA,NA
49.910,1.8457,3.6374,1.0780,6.7704,NA,NA,NA,NA,NA,NA,NA,NA,NA,NA,NA,NA
50.014,1.8457,3.6374,1.0774,6.7090,NA,NA,NA,NA,NA,NA,NA,NA,NA,NA,NA,NA
50.100,1.8387,3.2418,1.0760,6.5778,NA,NA,NA,NA,NA,NA,NA,NA,NA,NA,NA,NA
50.254,1.8366,3.1254,1.0753,6.5020,NA,NA,NA,NA,NA,NA,NA,NA,NA,NA,NA,NA
50.295,1.8373,3.1668,1.0749,6.4597,NA,NA,NA,NA,NA,NA,NA,NA,NA,NA,NA,NA
50.395,1.8393,3.2759,1.0747,6.4481,NA,NA,NA,NA,NA,NA,NA,NA,NA,NA,NA,NA
50.492,1.8393,3.2759,1.0741,6.3896,NA,NA,NA,NA,NA,NA,NA,NA,NA,NA,NA,NA
50.598,1.8396,3.2934,1.0735,6.3284,NA,NA,NA,NA,NA,NA,NA,NA,NA,NA,NA,NA
50.693,1.8396,3.2934,1.0731,6.2882,NA,NA,NA,NA,NA,NA,NA,NA,NA,NA,NA,NA
50.850,1.8375,3.1762,1.0730,6.2789,NA,NA,NA,NA,NA,NA,NA,NA,NA,NA,NA,NA
50.893,1.8375,3.1762,1.0721,6.1855,NA,NA,NA,NA,NA,NA,NA,NA,NA,NA,NA,NA
50.981,1.8321,2.8711,1.0714,6.1127,NA,NA,NA,NA,NA,NA,NA,NA,NA,NA,NA,NA
51.080,1.8282,2.6537,1.0713,6.1069,NA,NA,NA,NA,NA,NA,NA,NA,NA,NA,NA,NA
51.179,1.8289,2.6921,1.0706,6.0348,NA,NA,NA,NA,NA,NA,NA,NA,NA,NA,NA,NA
51.274,1.8296,2.7350,1.0701,5.9901,NA,NA,NA,NA,NA,NA,NA,NA,NA,NA,NA,NA
51.426,1.8296,2.7350,1.0699,5.9712,NA,NA,NA,NA,NA,NA,NA,NA,NA,NA,NA,NA
51.481,1.8275,2.6159,1.0693,5.9119,NA,NA,NA,NA,NA,NA,NA,NA,NA,NA,NA,NA
51.574,1.8265,2.5571,1.0686,5.8414,NA,NA,NA,NA,NA,NA,NA,NA,NA,NA,NA,NA
51.665,1.8262,2.5433,1.0678,5.7632,NA,NA,NA,NA,NA,NA,NA,NA,NA,NA,NA,NA
51.762,1.8251,2.4820,1.0678,5.7625,NA,NA,NA,NA,NA,NA,NA,NA,NA,NA,NA,NA
51.865,1.8242,2.4304,1.0674,5.7174,NA,NA,NA,NA,NA,NA,NA,NA,NA,NA,NA,NA
51.960,1.8257,2.5136,1.0674,5.7174,NA,NA,NA,NA,NA,NA,NA,NA,NA,NA,NA,NA
52.129,1.8257,2.5136,1.0672,5.7045,NA,NA,NA,NA,NA,NA,NA,NA,NA,NA,NA,NA
52.162,1.8242,2.4296,1.0652,5.5053,NA,NA,NA,NA,NA,NA,NA,NA,NA,NA,NA,NA
52.253,1.8242,2.4296,1.0647,5.4536,NA,NA,NA,NA,NA,NA,NA,NA,NA,NA,NA,NA
52.360,1.8235,2.3894,1.0646,5.4477,NA,NA,NA,NA,NA,NA,NA,NA,NA,NA,NA,NA
52.450,1.8208,2.2368,1.0646,5.4477,NA,NA,NA,NA,NA,NA,NA,NA,NA,NA,NA,NA
52.553,1.8219,2.3033,1.0638,5.3604,NA,NA,NA,NA,NA,NA,NA,NA,NA,NA,NA,NA
52.675,1.8219,2.3033,1.0637,5.3506,NA,NA,NA,NA,NA,NA,NA,NA,NA,NA,NA,NA
52.749,1.8194,2.1581,1.0623,5.2186,NA,NA,NA,NA,NA,NA,NA,NA,NA,NA,NA,NA
52.845,1.8194,2.1581,1.0623,5.2186,NA,NA,NA,NA,NA,NA,NA,NA,NA,NA,NA,NA
52.937,1.8189,2.1336,1.0620,5.1898,NA,NA,NA,NA,NA,NA,NA,NA,NA,NA,NA,NA
53.049,1.8171,2.0283,1.0618,5.1688,NA,NA,NA,NA,NA,NA,NA,NA,NA,NA,NA,NA
53.133,1.8170,2.0270,1.0612,5.1033,NA,NA,NA,NA,NA,NA,NA,NA,NA,NA,NA,NA
53.252,1.8163,1.9873,1.0612,5.1033,NA,NA,NA,NA,NA,NA,NA,NA,NA,NA,NA,NA
53.335,1.8163,1.9873,1.0611,5.0940,NA,NA,NA,NA,NA,NA,NA,NA,NA,NA,NA,NA
53.430,1.8118,1.7328,1.0600,4.9875,NA,NA,NA,NA,NA,NA,NA,NA,NA,NA,NA,NA
53.523,1.8108,1.6748,1.0604,5.0270,NA,NA,NA,NA,NA,NA,NA,NA,NA,NA,NA,NA
53.621,1.8077,1.5054,1.0604,5.0270,NA,NA,NA,NA,NA,NA,NA,NA,NA,NA,NA,NA
53.720,1.8081,1.5233,1.0588,4.8712,NA,NA,NA,NA,NA,NA,NA,NA,NA,NA,NA,NA
53.885,1.8083,1.5362,1.0580,4.7870,NA,NA,NA,NA,NA,NA,NA,NA,NA,NA,NA,NA
53.923,1.8083,1.5362,1.0580,4.7870,NA,NA,NA,NA,NA,NA,NA,NA,NA,NA,NA,NA
54.017,1.8072,1.4757,1.0567,4.6595,NA,NA,NA,NA,NA,NA,NA,NA,NA,NA,NA,NA
54.113,1.8109,1.6846,1.0567,4.6595,NA,NA,NA,NA,NA,NA,NA,NA,NA,NA,NA,NA
54.216,1.8109,1.6846,1.0566,4.6548,NA,NA,NA,NA,NA,NA,NA,NA,NA,NA,NA,NA
54.312,1.8078,1.5098,1.0555,4.5389,NA,NA,NA,NA,NA,NA,NA,NA,NA,NA,NA,NA
54.455,1.8058,1.3993,1.0555,4.5389,NA,NA,NA,NA,NA,NA,NA,NA,NA,NA,NA,NA
54.506,1.8042,1.3092,1.0551,4.4986,NA,NA,NA,NA,NA,NA,NA,NA,NA,NA,NA,NA
54.610,1.8039,1.2909,1.0549,4.4877,NA,NA,NA,NA,NA,NA,NA,NA,NA,NA,NA,NA
54.705,1.8039,1.2909,1.0549,4.4877,NA,NA,NA,NA,NA,NA,NA,NA,NA,NA,NA,NA
54.798,1.8062,1.4213,1.0553,4.5234,NA,NA,NA,NA,NA,NA,NA,NA,NA,NA,NA,NA
54.897,1.8062,1.4213,1.0553,4.5234,NA,NA,NA,NA,NA,NA,NA,NA,NA,NA,NA,NA
54.996,1.8057,1.3882,1.0542,4.4139,NA,NA,NA,NA,NA,NA,NA,NA,NA,NA,NA,NA
55.091,1.8057,1.3882,1.0543,4.4239,NA,NA,NA,NA,NA,NA,NA,NA,NA,NA,NA,NA
55.188,1.8052,1.3601,1.0543,4.4239,NA,NA,NA,NA,NA,NA,NA,NA,NA,NA,NA,NA
55.292,1.8052,1.3601,1.0540,4.3894,NA,NA,NA,NA,NA,NA,NA,NA,NA,NA,NA,NA
55.387,1.8025,1.2091,1.0531,4.3012,NA,NA,NA,NA,NA,NA,NA,NA,NA,NA,NA,NA
55.481,1.8019,1.1799,1.0531,4.3012,NA,NA,NA,NA,NA,NA,NA,NA,NA,NA,NA,NA
55.580,1.8013,1.1450,1.0515,4.1461,NA,NA,NA,NA,NA,NA,NA,NA,NA,NA,NA,NA
55.681,1.8024,1.2030,1.0510,4.0991,NA,NA,NA,NA,NA,NA,NA,NA,NA,NA,NA,NA
55.776,1.8024,1.2030,1.0499,3.9855,NA,NA,NA,NA,NA,NA,NA,NA,NA,NA,NA,NA
55.871,1.8014,1.1523,1.0499,3.9881,NA,NA,NA,NA,NA,NA,NA,NA,NA,NA,NA,NA
55.972,1.7979,0.9529,1.0500,3.9974,NA,NA,NA,NA,NA,NA,NA,NA,NA,NA,NA,NA
56.073,1.7969,0.8963,1.0500,3.9974,NA,NA,NA,NA,NA,NA,NA,NA,NA,NA,NA,NA
56.166,1.7964,0.8674,1.0496,3.9622,NA,NA,NA,NA,NA,NA,NA,NA,NA,NA,NA,NA
56.267,1.7964,0.8674,1.0494,3.9432,NA,NA,NA,NA,NA,NA,NA,NA,NA,NA,NA,NA
56.366,1.7977,0.9427,1.0494,3.9364,NA,NA,NA,NA,NA,NA,NA,NA,NA,NA,NA,NA
56.468,1.7977,0.9427,1.0494,3.9364,NA,NA,NA,NA,NA,NA,NA,NA,NA,NA,NA,NA
56.560,1.7950,0.7886,1.0494,3.9363,NA,NA,NA,NA,NA,NA,NA,NA,NA,NA,NA,NA
56.657,1.7949,0.7851,1.0489,3.8910,NA,NA,NA,NA,NA,NA,NA,NA,NA,NA,NA,NA
56.756,1.7946,0.7691,1.0488,3.8796,NA,NA,NA,NA,NA,NA,NA,NA,NA,NA,NA,NA
56.877,1.7974,0.9249,1.0488,3.8796,NA,NA,NA,NA,NA,NA,NA,NA,NA,NA,NA,NA
56.959,1.7974,0.9249,1.0484,3.8371,NA,NA,NA,NA,NA,NA,NA,NA,NA,NA,NA,NA
57.053,1.7944,0.7572,1.0482,3.8202,NA,NA,NA,NA,NA,NA,NA,NA,NA,NA,NA,NA
57.146,1.7944,0.7572,1.0480,3.7973,NA,NA,NA,NA,NA,NA,NA,NA,NA,NA,NA,NA
57.246,1.7931,0.6853,1.0480,3.7973,NA,NA,NA,NA,NA,NA,NA,NA,NA,NA,NA,NA
57.398,1.7931,0.6853,1.0474,3.7381,NA,NA,NA,NA,NA,NA,NA,NA,NA,NA,NA,NA
57.449,1.7911,0.5725,1.0473,3.7301,NA,NA,NA,NA,NA,NA,NA,NA,NA,NA,NA,NA
57.538,1.7911,0.5725,1.0470,3.7002,NA,NA,NA,NA,NA,NA,NA,NA,NA,NA,NA,NA
57.636,1.7863,0.3001,1.0462,3.6222,NA,NA,NA,NA,NA,NA,NA,NA,NA,NA,NA,NA
57.733,1.7858,0.2708,1.0462,3.6222,NA,NA,NA,NA,NA,NA,NA,NA,NA,NA,NA,NA
57.835,1.7858,0.2708,1.0450,3.5060,NA,NA,NA,NA,NA,NA,NA,NA,NA,NA,NA,NA
57.929,1.7848,0.2201,1.0448,3.4844,NA,NA,NA,NA,NA,NA,NA,NA,NA,NA,NA,NA
58.027,1.7848,0.2201,1.0438,3.3803,NA,NA,NA,NA,NA,NA,NA,NA,NA,NA,NA,NA
58.125,1.7847,0.2103,1.0438,3.3803,NA,NA,NA,NA,NA,NA,NA,NA,NA,NA,NA,NA
58.220,1.7847,0.2103,1.0432,3.3254,NA,NA,NA,NA,NA,NA,NA,NA,NA,NA,NA,NA
58.323,1.7839,0.1684,1.0422,3.2283,NA,NA,NA,NA,NA,NA,NA,NA,NA,NA,NA,NA
58.421,1.7834,0.1382,1.0421,3.2195,NA,NA,NA,NA,NA,NA,NA,NA,NA,NA,NA,NA
58.532,1.7862,0.2965,1.0421,3.2195,NA,NA,NA,NA,NA,NA,NA,NA,NA,NA,NA,NA
58.613,1.7862,0.2965,1.0420,3.2050,NA,NA,NA,NA,NA,NA,NA,NA,NA,NA,NA,NA
58.711,1.7818,0.0480,1.0412,3.1287,NA,NA,NA,NA,NA,NA,NA,NA,NA,NA,NA,NA
58.818,1.7809,-0.0007,1.0412,3.1287,NA,NA,NA,NA,NA,NA,NA,NA,NA,NA,NA,NA
58.908,1.7809,-0.0007,1.0412,3.1236,NA,NA,NA,NA,NA,NA,NA,NA,NA,NA,NA,NA
59.011,1.7809,-0.0017,1.0412,3.1222,NA,NA,NA,NA,NA,NA,NA,NA,NA,NA,NA,NA
59.111,1.7809,-0.0017,1.0407,3.0772,NA,NA,NA,NA,NA,NA,NA,NA,NA,NA,NA,NA
59.208,1.7785,-0.1337,1.0405,3.0551,NA,NA,NA,NA,NA,NA,NA,NA,NA,NA,NA,NA
59.306,1.7785,-0.1337,1.0406,3.0620,NA,NA,NA,NA,NA,NA,NA,NA,NA,NA,NA,NA
59.409,1.7752,-0.3235,1.0406,3.0620,NA,NA,NA,NA,NA,NA,NA,NA,NA,NA,NA,NA
59.517,1.7747,-0.3480,1.0405,3.0551,NA,NA,NA,NA,NA,NA,NA,NA,NA,NA,NA,NA
59.594,1.7733,-0.4278,1.0402,3.0282,NA,NA,NA,NA,NA,NA,NA,NA,NA,NA,NA,NA
59.691,1.7767,-0.2398,1.0399,2.9981,NA,NA,NA,NA,NA,NA,NA,NA,NA,NA,NA,NA
59.866,1.7767,-0.2398,1.0395,2.9591,NA,NA,NA,NA,NA,NA,NA,NA,NA,NA,NA,NA
59.886,1.7741,-0.3841,1.0393,2.9352,NA,NA,NA,NA,NA,NA,NA,NA,NA,NA,NA,NA
60.001,1.7740,-0.3864,1.0382,2.8324,NA,NA,NA,NA,NA,NA,NA,NA,NA,NA,NA,NA
60.087,1.7793,-0.0928,1.0381,2.8177,NA,NA,NA,NA,NA,NA,NA,NA,NA,NA,NA,NA
60.185,1.7793,-0.0928,1.0378,2.7892,NA,NA,NA,NA,NA,NA,NA,NA,NA,NA,NA,NA
60.277,1.7778,-0.1752,1.0371,2.7163,NA,NA,NA,NA,NA,NA,NA,NA,NA,NA,NA,NA
60.393,1.7805,-0.0258,1.0371,2.7163,NA,NA,NA,NA,NA,NA,NA,NA,NA,NA,NA,NA
60.482,1.7805,-0.0258,1.0365,2.6632,NA,NA,NA,NA,NA,NA,NA,NA,NA,NA,NA,NA
60.572,1.7754,-0.3090,1.0357,2.5818,NA,NA,NA,NA,NA,NA,NA,NA,NA,NA,NA,NA
60.678,1.7754,-0.3090,1.0348,2.4894,NA,NA,NA,NA,NA,NA,NA,NA,NA,NA,NA,NA
60.773,1.7767,-0.2357,1.0344,2.4573,NA,NA,NA,NA,NA,NA,NA,NA,NA,NA,NA,NA
60.867,1.7767,-0.2357,1.0335,2.3632,NA,NA,NA,NA,NA,NA,NA,NA,NA,NA,NA,NA
60.969,1.7736,-0.4094,1.0339,2.3997,NA,NA,NA,NA,NA,NA,NA,NA,NA,NA,NA,NA
61.081,1.7733,-0.4260,1.0345,2.4664,NA,NA,NA,NA,NA,NA,NA,NA,NA,NA,NA,NA
61.165,1.7733,-0.4260,1.0345,2.4664,NA,NA,NA,NA,NA,NA,NA,NA,NA,NA,NA,NA
61.259,1.7709,-0.5650,1.0346,2.4727,NA,NA,NA,NA,NA,NA,NA,NA,NA,NA,NA,NA
61.363,1.7709,-0.5650,1.0346,2.4727,NA,NA,NA,NA,NA,NA,NA,NA,NA,NA,NA,NA
61.464,1.7697,-0.6329,1.0344,2.4498,NA,NA,NA,NA,NA,NA,NA,NA,NA,NA,NA,NA
61.621,1.7680,-0.7283,1.0334,2.3560,NA,NA,NA,NA,NA,NA,NA,NA,NA,NA,NA,NA
61.652,1.7658,-0.8489,1.0329,2.3005,NA,NA,NA,NA,NA,NA,NA,NA,NA,NA,NA,NA
61.752,1.7654,-0.8743,1.0326,2.2757,NA,NA,NA,NA,NA,NA,NA,NA,NA,NA,NA,NA
61.853,1.7660,-0.8368,1.0326,2.2711,NA,NA,NA,NA,NA,NA,NA,NA,NA,NA,NA,NA
61.948,1.7669,-0.7899,1.0321,2.2233,NA,NA,NA,NA,NA,NA,NA,NA,NA,NA,NA,NA
62.043,1.7669,-0.7899,1.0317,2.1827,NA,NA,NA,NA,NA,NA,NA,NA,NA,NA,NA,NA
62.149,1.7756,-0.2997,1.0310,2.1166,NA,NA,NA,NA,NA,NA,NA,NA,NA,NA,NA,NA
62.244,1.7885,0.4267,1.0335,2.3680,NA,NA,NA,NA,NA,NA,NA,NA,NA,NA,NA,NA
62.365,1.8241,2.4244,1.0411,3.1172,NA,NA,NA,NA,NA,NA,NA,NA,NA,NA,NA,NA
62.440,1.8485,3.7962,1.0551,4.5074,NA,NA,NA,NA,NA,NA,NA,NA,NA,NA,NA,NA
62.529,1.8833,5.7496,1.0673,5.7085,NA,NA,NA,NA,NA,NA,NA,NA,NA,NA,NA,NA
62.631,1.8982,6.5877,1.0764,6.6148,NA,NA,NA,NA,NA,NA,NA,NA,NA,NA,NA,NA
62.726,1.9200,7.8109,1.0830,7.2648,NA,NA,NA,NA,NA,NA,NA,NA,NA,NA,NA,NA
62.831,1.9412,9.0003,1.0950,8.4543,NA,NA,NA,NA,NA,NA,NA,NA,NA,NA,NA,NA
62.928,1.9534,9.6835,1.1048,9.4257,NA,NA,NA,NA,NA,NA,NA,NA,NA,NA,NA,NA
63.027,1.9684,10.5254,1.1129,10.2250,NA,NA,NA,NA,NA,NA,NA,NA,NA,NA,NA,NA
63.119,1.9710,10.6724,1.1185,10.7797,NA,NA,NA,NA,NA,NA,NA,NA,NA,NA,NA,NA
63.214,1.9766,10.9882,1.1246,11.3826,NA,NA,NA,NA,NA,NA,NA,NA,NA,NA,NA,NA
63.324,1.9797,11.1583,1.1311,12.0268,NA,NA,NA,NA,NA,NA,NA,NA,NA,NA,NA,NA
63.412,1.9879,11.6190,1.1397,12.8819,NA,NA,NA,NA,NA,NA,NA,NA,NA,NA,NA,NA
63.507,1.9994,12.2658,1.1438,13.2892,NA,NA,NA,NA,NA,NA,NA,NA,NA,NA,NA,NA
63.606,2.0048,12.5678,1.1459,13.4917,NA,NA,NA,NA,NA,NA,NA,NA,NA,NA,NA,NA
63.708,2.0068,12.6811,1.1469,13.5914,NA,NA,NA,NA,NA,NA,NA,NA,NA,NA,NA,NA
63.805,2.0068,12.6811,1.1475,13.6530,NA,NA,NA,NA,NA,NA,NA,NA,NA,NA,NA,NA
63.908,2.0043,12.5432,1.1475,13.6530,NA,NA,NA,NA,NA,NA,NA,NA,NA,NA,NA,NA
64.008,1.9971,12.1368,1.1467,13.5724,NA,NA,NA,NA,NA,NA,NA,NA,NA,NA,NA,NA
64.110,1.9836,11.3824,1.1453,13.4334,NA,NA,NA,NA,NA,NA,NA,NA,NA,NA,NA,NA
64.202,1.9696,10.5931,1.1388,12.7890,NA,NA,NA,NA,NA,NA,NA,NA,NA,NA,NA,NA
64.297,1.9540,9.7156,1.1323,12.1521,NA,NA,NA,NA,NA,NA,NA,NA,NA,NA,NA,NA
64.390,1.9471,9.3293,1.1241,11.3335,NA,NA,NA,NA,NA,NA,NA,NA,NA,NA,NA,NA
64.490,1.9347,8.6347,1.1168,10.6190,NA,NA,NA,NA,NA,NA,NA,NA,NA,NA,NA,NA
64.610,1.9228,7.9647,1.1148,10.4176,NA,NA,NA,NA,NA,NA,NA,NA,NA,NA,NA,NA
64.684,1.9125,7.3879,1.1122,10.1585,NA,NA,NA,NA,NA,NA,NA,NA,NA,NA,NA,NA
64.796,1.9034,6.8797,1.1086,9.8029,NA,NA,NA,NA,NA,NA,NA,NA,NA,NA,NA,NA
64.880,1.8995,6.6569,1.1041,9.3559,NA,NA,NA,NA,NA,NA,NA,NA,NA,NA,NA,NA
64.983,1.8858,5.8864,1.1008,9.0258,NA,NA,NA,NA,NA,NA,NA,NA,NA,NA,NA,NA
65.076,1.8832,5.7431,1.0982,8.7696,NA,NA,NA,NA,NA,NA,NA,NA,NA,NA,NA,NA
65.218,1.8778,5.4394,1.0942,8.3712,NA,NA,NA,NA,NA,NA,NA,NA,NA,NA,NA,NA
65.275,1.8756,5.3132,1.0919,8.1488,NA,NA,NA,NA,NA,NA,NA,NA,NA,NA,NA,NA
65.373,1.8679,4.8847,1.0903,7.9939,NA,NA,NA,NA,NA,NA,NA,NA,NA,NA,NA,NA
65.471,1.8653,4.7390,1.0893,7.8909,NA,NA,NA,NA,NA,NA,NA,NA,NA,NA,NA,NA
65.571,1.8650,4.7212,1.0885,7.8146,NA,NA,NA,NA,NA,NA,NA,NA,NA,NA,NA,NA
65.664,1.9021,6.8043,1.0958,8.5354,NA,NA,NA,NA,NA,NA,NA,NA,NA,NA,NA,NA
65.806,1.9288,8.3016,1.1036,9.3043,NA,NA,NA,NA,NA,NA,NA,NA,NA,NA,NA,NA
65.858,1.9601,10.0628,1.1145,10.3882,NA,NA,NA,NA,NA,NA,NA,NA,NA,NA,NA,NA
65.956,1.9723,10.7451,1.1223,11.1633,NA,NA,NA,NA,NA,NA,NA,NA,NA,NA,NA,NA
66.053,1.9771,11.0156,1.1258,11.5056,NA,NA,NA,NA,NA,NA,NA,NA,NA,NA,NA,NA
66.157,1.9771,11.0156,1.1271,11.6315,NA,NA,NA,NA,NA,NA,NA,NA,NA,NA,NA,NA
66.251,1.9739,10.8335,1.1279,11.7148,NA,NA,NA,NA,NA,NA,NA,NA,NA,NA,NA,NA
66.347,1.9717,10.7107,1.1279,11.7158,NA,NA,NA,NA,NA,NA,NA,NA,NA,NA,NA,NA
66.462,1.9717,10.7107,1.1279,11.7158,NA,NA,NA,NA,NA,NA,NA,NA,NA,NA,NA,NA
66.556,1.9655,10.3664,1.1266,11.5851,NA,NA,NA,NA,NA,NA,NA,NA,NA,NA,NA,NA
66.648,1.9604,10.0799,1.1249,11.4186,NA,NA,NA,NA,NA,NA,NA,NA,NA,NA,NA,NA
66.744,1.9421,9.0504,1.1225,11.1813,NA,NA,NA,NA,NA,NA,NA,NA,NA,NA,NA,NA
66.849,1.9314,8.4482,1.1184,10.7696,NA,NA,NA,NA,NA,NA,NA,NA,NA,NA,NA,NA
66.948,1.9198,7.7965,1.1164,10.5792,NA,NA,NA,NA,NA,NA,NA,NA,NA,NA,NA,NA
67.075,1.8995,6.6555,1.1131,10.2469,NA,NA,NA,NA,NA,NA,NA,NA,NA,NA,NA,NA
67.137,1.8947,6.3904,1.1105,9.9871,NA,NA,NA,NA,NA,NA,NA,NA,NA,NA,NA,NA
67.230,1.8923,6.2561,1.1085,9.7933,NA,NA,NA,NA,NA,NA,NA,NA,NA,NA,NA,NA
67.330,1.8914,6.2043,1.1067,9.6129,NA,NA,NA,NA,NA,NA,NA,NA,NA,NA,NA,NA
67.428,1.8970,6.5199,1.1032,9.2697,NA,NA,NA,NA,NA,NA,NA,NA,NA,NA,NA,NA
67.526,1.9193,7.7681,1.1082,9.7661,NA,NA,NA,NA,NA,NA,NA,NA,NA,NA,NA,NA
67.638,1.9452,9.2222,1.1189,10.8217,NA,NA,NA,NA,NA,NA,NA,NA,NA,NA,NA,NA
67.718,1.9707,10.6547,1.1261,11.5345,NA,NA,NA,NA,NA,NA,NA,NA,NA,NA,NA,NA
67.819,1.9847,11.4413,1.1330,12.2204,NA,NA,NA,NA,NA,NA,NA,NA,NA,NA,NA,NA
67.915,1.9931,11.9121,1.1358,12.4928,NA,NA,NA,NA,NA,NA,NA,NA,NA,NA,NA,NA
68.023,1.9965,12.1030,1.1370,12.6126,NA,NA,NA,NA,NA,NA,NA,NA,NA,NA,NA,NA
68.116,2.0010,12.3545,1.1379,12.6999,NA,NA,NA,NA,NA,NA,NA,NA,NA,NA,NA,NA
68.236,2.0010,12.3545,1.1389,12.8076,NA,NA,NA,NA,NA,NA,NA,NA,NA,NA,NA,NA
68.303,1.9941,11.9672,1.1389,12.8076,NA,NA,NA,NA,NA,NA,NA,NA,NA,NA,NA,NA
68.410,1.9816,11.2694,1.1375,12.6690,NA,NA,NA,NA,NA,NA,NA,NA,NA,NA,NA,NA
68.499,1.9727,10.7675,1.1354,12.4537,NA,NA,NA,NA,NA,NA,NA,NA,NA,NA,NA,NA
68.604,1.9647,10.3174,1.1325,12.1678,NA,NA,NA,NA,NA,NA,NA,NA,NA,NA,NA,NA
68.712,1.9618,10.1556,1.1281,11.7341,NA,NA,NA,NA,NA,NA,NA,NA,NA,NA,NA,NA
68.805,1.9547,9.7552,1.1260,11.5264,NA,NA,NA,NA,NA,NA,NA,NA,NA,NA,NA,NA
68.894,1.9512,9.5609,1.1245,11.3753,NA,NA,NA,NA,NA,NA,NA,NA,NA,NA,NA,NA
68.997,1.9404,8.9520,1.1223,11.1552,NA,NA,NA,NA,NA,NA,NA,NA,NA,NA,NA,NA
69.091,1.9392,8.8885,1.1209,11.0191,NA,NA,NA,NA,NA,NA,NA,NA,NA,NA,NA,NA
69.192,1.9245,8.0620,1.1196,10.8955,NA,NA,NA,NA,NA,NA,NA,NA,NA,NA,NA,NA
69.295,1.9219,7.9140,1.1180,10.7284,NA,NA,NA,NA,NA,NA,NA,NA,NA,NA,NA,NA
69.383,1.9219,7.9140,1.1166,10.5914,NA,NA,NA,NA,NA,NA,NA,NA,NA,NA,NA,NA
69.490,1.9203,7.8276,1.1157,10.5047,NA,NA,NA,NA,NA,NA,NA,NA,NA,NA,NA,NA
69.579,1.9194,7.7738,1.1151,10.4482,NA,NA,NA,NA,NA,NA,NA,NA,NA,NA,NA,NA
69.692,1.9178,7.6862,1.1133,10.2689,NA,NA,NA,NA,NA,NA,NA,NA,NA,NA,NA,NA
69.787,1.9173,7.6573,1.1124,10.1802,NA,NA,NA,NA,NA,NA,NA,NA,NA,NA,NA,NA
69.876,1.9169,7.6374,1.1119,10.1329,NA,NA,NA,NA,NA,NA,NA,NA,NA,NA,NA,NA
69.977,1.9166,7.6206,1.1114,10.0835,NA,NA,NA,NA,NA,NA,NA,NA,NA,NA,NA,NA
70.114,1.9131,7.4239,1.1099,9.9294,NA,NA,NA,NA,NA,NA,NA,NA,NA,NA,NA,NA
70.166,1.9131,7.4239,1.1083,9.7714,NA,NA,NA,NA,NA,NA,NA,NA,NA,NA,NA,NA
70.274,1.9110,7.3028,1.1071,9.6572,NA,NA,NA,NA,NA,NA,NA,NA,NA,NA,NA,NA
70.364,1.9100,7.2491,1.1065,9.5941,NA,NA,NA,NA,NA,NA,NA,NA,NA,NA,NA,NA
70.459,1.9093,7.2093,1.1057,9.5105,NA,NA,NA,NA,NA,NA,NA,NA,NA,NA,NA,NA
70.557,1.9050,6.9685,1.1048,9.4230,NA,NA,NA,NA,NA,NA,NA,NA,NA,NA,NA,NA
70.684,1.9040,6.9114,1.1037,9.3197,NA,NA,NA,NA,NA,NA,NA,NA,NA,NA,NA,NA
70.755,1.8986,6.6067,1.1035,9.2947,NA,NA,NA,NA,NA,NA,NA,NA,NA,NA,NA,NA
70.854,1.8959,6.4567,1.1024,9.1879,NA,NA,NA,NA,NA,NA,NA,NA,NA,NA,NA,NA
70.951,1.8936,6.3262,1.1026,9.2049,NA,NA,NA,NA,NA,NA,NA,NA,NA,NA,NA,NA
71.057,1.8940,6.3464,1.1026,9.2049,NA,NA,NA,NA,NA,NA,NA,NA,NA,NA,NA,NA
71.151,1.8940,6.3464,1.1013,9.0829,NA,NA,NA,NA,NA,NA,NA,NA,NA,NA,NA,NA
71.281,1.8892,6.0812,1.1013,9.0816,NA,NA,NA,NA,NA,NA,NA,NA,NA,NA,NA,NA
71.332,1.8892,6.0812,1.1008,9.0307,NA,NA,NA,NA,NA,NA,NA,NA,NA,NA,NA,NA
71.446,1.8855,5.8693,1.1004,8.9867,NA,NA,NA,NA,NA,NA,NA,NA,NA,NA,NA,NA
71.539,1.8844,5.8110,1.0997,8.9208,NA,NA,NA,NA,NA,NA,NA,NA,NA,NA,NA,NA
71.641,1.8846,5.8189,1.0989,8.8377,NA,NA,NA,NA,NA,NA,NA,NA,NA,NA,NA,NA
71.735,1.8846,5.8189,1.0983,8.7810,NA,NA,NA,NA,NA,NA,NA,NA,NA,NA,NA,NA
71.896,1.8791,5.5110,1.0978,8.7360,NA,NA,NA,NA,NA,NA,NA,NA,NA,NA,NA,NA
71.938,1.8784,5.4714,1.0967,8.6188,NA,NA,NA,NA,NA,NA,NA,NA,NA,NA,NA,NA
72.026,1.8769,5.3864,1.0963,8.5828,NA,NA,NA,NA,NA,NA,NA,NA,NA,NA,NA,NA
72.133,1.8786,5.4838,1.0955,8.5022,NA,NA,NA,NA,NA,NA,NA,NA,NA,NA,NA,NA
72.223,1.8786,5.4838,1.0945,8.4070,NA,NA,NA,NA,NA,NA,NA,NA,NA,NA,NA,NA
72.320,1.8779,5.4476,1.0939,8.3469,NA,NA,NA,NA,NA,NA,NA,NA,NA,NA,NA,NA
72.416,1.8758,5.3284,1.0937,8.3275,NA,NA,NA,NA,NA,NA,NA,NA,NA,NA,NA,NA
72.525,1.8739,5.2211,1.0930,8.2563,NA,NA,NA,NA,NA,NA,NA,NA,NA,NA,NA,NA
72.625,1.8739,5.2211,1.0927,8.2271,NA,NA,NA,NA,NA,NA,NA,NA,NA,NA,NA,NA
72.721,1.8687,4.9284,1.0916,8.1219,NA,NA,NA,NA,NA,NA,NA,NA,NA,NA,NA,NA
72.814,1.8664,4.8013,1.0916,8.1139,NA,NA,NA,NA,NA,NA,NA,NA,NA,NA,NA,NA
72.908,1.8623,4.5696,1.0914,8.1002,NA,NA,NA,NA,NA,NA,NA,NA,NA,NA,NA,NA
73.039,1.8618,4.5429,1.0911,8.0703,NA,NA,NA,NA,NA,NA,NA,NA,NA,NA,NA,NA
73.107,1.8602,4.4517,1.0897,7.9287,NA,NA,NA,NA,NA,NA,NA,NA,NA,NA,NA,NA
73.206,1.8638,4.6511,1.0895,7.9092,NA,NA,NA,NA,NA,NA,NA,NA,NA,NA,NA,NA
73.299,1.8638,4.6511,1.0889,7.8500,NA,NA,NA,NA,NA,NA,NA,NA,NA,NA,NA,NA
73.404,1.8608,4.4833,1.0874,7.7011,NA,NA,NA,NA,NA,NA,NA,NA,NA,NA,NA,NA
73.509,1.8608,4.4833,1.0868,7.6468,NA,NA,NA,NA,NA,NA,NA,NA,NA,NA,NA,NA
73.665,1.8583,4.3436,1.0863,7.5911,NA,NA,NA,NA,NA,NA,NA,NA,NA,NA,NA,NA
73.704,1.8572,4.2831,1.0851,7.4788,NA,NA,NA,NA,NA,NA,NA,NA,NA,NA,NA,NA
73.797,1.8572,4.2804,1.0846,7.4270,NA,NA,NA,NA,NA,NA,NA,NA,NA,NA,NA,NA
73.899,1.8564,4.2355,1.0845,7.4193,NA,NA,NA,NA,NA,NA,NA,NA,NA,NA,NA,NA
73.997,1.8564,4.2355,1.0838,7.3415,NA,NA,NA,NA,NA,NA,NA,NA,NA,NA,NA,NA
74.091,1.8573,4.2864,1.0827,7.2401,NA,NA,NA,NA,NA,NA,NA,NA,NA,NA,NA,NA
74.222,1.8573,4.2864,1.0827,7.2401,NA,NA,NA,NA,NA,NA,NA,NA,NA,NA,NA,NA
74.281,1.8534,4.0672,1.0820,7.1645,NA,NA,NA,NA,NA,NA,NA,NA,NA,NA,NA,NA
74.391,1.8493,3.8366,1.0814,7.1044,NA,NA,NA,NA,NA,NA,NA,NA,NA,NA,NA,NA
74.480,1.8493,3.8366,1.0807,7.0354,NA,NA,NA,NA,NA,NA,NA,NA,NA,NA,NA,NA
74.573,1.8487,3.8067,1.0805,7.0189,NA,NA,NA,NA,NA,NA,NA,NA,NA,NA,NA,NA
74.668,1.8487,3.8067,1.0797,6.9438,NA,NA,NA,NA,NA,NA,NA,NA,NA,NA,NA,NA
74.769,1.8482,3.7774,1.0792,6.8950,NA,NA,NA,NA,NA,NA,NA,NA,NA,NA,NA,NA
74.866,1.8482,3.7774,1.0787,6.8368,NA,NA,NA,NA,NA,NA,NA,NA,NA,NA,NA,NA
74.966,1.8444,3.5637,1.0782,6.7937,NA,NA,NA,NA,NA,NA,NA,NA,NA,NA,NA,NA
75.068,1.8415,3.4015,1.0782,6.7937,NA,NA,NA,NA,NA,NA,NA,NA,NA,NA,NA,NA
75.170,1.8411,3.3768,1.0780,6.7738,NA,NA,NA,NA,NA,NA,NA,NA,NA,NA,NA,NA
75.257,1.8421,3.4355,1.0780,6.7699,NA,NA,NA,NA,NA,NA,NA,NA,NA,NA,NA,NA
75.361,1.8421,3.4355,1.0778,6.7481,NA,NA,NA,NA,NA,NA,NA,NA,NA,NA,NA,NA
75.460,1.8418,3.4190,1.0769,6.6621,NA,NA,NA,NA,NA,NA,NA,NA,NA,NA,NA,NA
75.552,1.8418,3.4190,1.0769,6.6641,NA,NA,NA,NA,NA,NA,NA,NA,NA,NA,NA,NA
75.658,1.8355,3.0661,1.0769,6.6641,NA,NA,NA,NA,NA,NA,NA,NA,NA,NA,NA,NA
75.749,1.8325,2.8970,1.0765,6.6214,NA,NA,NA,NA,NA,NA,NA,NA,NA,NA,NA,NA
75.859,1.8325,2.8970,1.0761,6.5879,NA,NA,NA,NA,NA,NA,NA,NA,NA,NA,NA,NA
75.950,1.8344,3.0026,1.0752,6.4965,NA,NA,NA,NA,NA,NA,NA,NA,NA,NA,NA,NA
76.045,1.8344,3.0026,1.0747,6.4473,NA,NA,NA,NA,NA,NA,NA,NA,NA,NA,NA,NA
76.139,1.8327,2.9069,1.0739,6.3652,NA,NA,NA,NA,NA,NA,NA,NA,NA,NA,NA,NA
76.241,1.8320,2.8690,1.0725,6.2272,NA,NA,NA,NA,NA,NA,NA,NA,NA,NA,NA,NA
76.335,1.8324,2.8893,1.0719,6.1713,NA,NA,NA,NA,NA,NA,NA,NA,NA,NA,NA,NA
76.446,1.8324,2.8893,1.0718,6.1595,NA,NA,NA,NA,NA,NA,NA,NA,NA,NA,NA,NA
76.532,1.8282,2.6543,1.0705,6.0301,NA,NA,NA,NA,NA,NA,NA,NA,NA,NA,NA,NA
76.636,1.8282,2.6543,1.0705,6.0256,NA,NA,NA,NA,NA,NA,NA,NA,NA,NA,NA,NA
76.727,1.8254,2.4975,1.0697,5.9508,NA,NA,NA,NA,NA,NA,NA,NA,NA,NA,NA,NA
76.828,1.8254,2.4975,1.0689,5.8653,NA,NA,NA,NA,NA,NA,NA,NA,NA,NA,NA,NA
76.922,1.8254,2.4970,1.0685,5.8281,NA,NA,NA,NA,NA,NA,NA,NA,NA,NA,NA,NA
77.027,1.8254,2.4970,1.0685,5.8281,NA,NA,NA,NA,NA,NA,NA,NA,NA,NA,NA,NA
77.119,1.8230,2.3612,1.0679,5.7681,NA,NA,NA,NA,NA,NA,NA,NA,NA,NA,NA,NA
77.256,1.8236,2.3949,1.0670,5.6862,NA,NA,NA,NA,NA,NA,NA,NA,NA,NA,NA,NA
77.315,1.8236,2.3949,1.0658,5.5607,NA,NA,NA,NA,NA,NA,NA,NA,NA,NA,NA,NA
77.412,1.8222,2.3172,1.0652,5.5080,NA,NA,NA,NA,NA,NA,NA,NA,NA,NA,NA,NA
77.508,1.8222,2.3172,1.0643,5.4152,NA,NA,NA,NA,NA,NA,NA,NA,NA,NA,NA,NA
77.612,1.8231,2.3699,1.0643,5.4111,NA,NA,NA,NA,NA,NA,NA,NA,NA,NA,NA,NA
77.725,1.8231,2.3699,1.0641,5.3896,NA,NA,NA,NA,NA,NA,NA,NA,NA,NA,NA,NA
77.853,1.8189,2.1313,1.0641,5.3896,NA,NA,NA,NA,NA,NA,NA,NA,NA,NA,NA,NA
77.903,1.8189,2.1313,1.0638,5.3673,NA,NA,NA,NA,NA,NA,NA,NA,NA,NA,NA,NA
78.001,1.8160,1.9693,1.0635,5.3329,NA,NA,NA,NA,NA,NA,NA,NA,NA,NA,NA,NA
78.104,1.8177,2.0656,1.0633,5.3154,NA,NA,NA,NA,NA,NA,NA,NA,NA,NA,NA,NA
78.205,1.8177,2.0656,1.0622,5.2084,NA,NA,NA,NA,NA,NA,NA,NA,NA,NA,NA,NA
78.298,1.8167,2.0096,1.0614,5.1251,NA,NA,NA,NA,NA,NA,NA,NA,NA,NA,NA,NA
78.440,1.8167,2.0096,1.0608,5.0725,NA,NA,NA,NA,NA,NA,NA,NA,NA,NA,NA,NA
78.486,1.8112,1.7003,1.0605,5.0388,NA,NA,NA,NA,NA,NA,NA,NA,NA,NA,NA,NA
78.591,1.8109,1.6841,1.0604,5.0290,NA,NA,NA,NA,NA,NA,NA,NA,NA,NA,NA,NA
78.684,1.8109,1.6841,1.0604,5.0329,NA,NA,NA,NA,NA,NA,NA,NA,NA,NA,NA,NA
78.786,1.8090,1.5746,1.0604,5.0329,NA,NA,NA,NA,NA,NA,NA,NA,NA,NA,NA,NA
78.887,1.8090,1.5746,1.0601,5.0021,NA,NA,NA,NA,NA,NA,NA,NA,NA,NA,NA,NA
78.974,1.8057,1.3934,1.0595,4.9351,NA,NA,NA,NA,NA,NA,NA,NA,NA,NA,NA,NA
79.092,1.8065,1.4346,1.0595,4.9351,NA,NA,NA,NA,NA,NA,NA,NA,NA,NA,NA,NA
79.181,1.8073,1.4830,1.0590,4.8882,NA,NA,NA,NA,NA,NA,NA,NA,NA,NA,NA,NA
79.273,1.8073,1.4830,1.0584,4.8347,NA,NA,NA,NA,NA,NA,NA,NA,NA,NA,NA,NA
79.382,1.8072,1.4775,1.0581,4.8032,NA,NA,NA,NA,NA,NA,NA,NA,NA,NA,NA,NA
79.472,1.8071,1.4691,1.0581,4.8032,NA,NA,NA,NA,NA,NA,NA,NA,NA,NA,NA,NA
79.625,1.8071,1.4691,1.0567,4.6612,NA,NA,NA,NA,NA,NA,NA,NA,NA,NA,NA,NA
79.668,1.8043,1.3140,1.0567,4.6612,NA,NA,NA,NA,NA,NA,NA,NA,NA,NA,NA,NA
79.764,1.8043,1.3140,1.0556,4.5575,NA,NA,NA,NA,NA,NA,NA,NA,NA,NA,NA,NA
79.860,1.8007,1.1117,1.0548,4.4766,NA,NA,NA,NA,NA,NA,NA,NA,NA,NA,NA,NA
79.969,1.8007,1.1117,1.0548,4.4766,NA,NA,NA,NA,NA,NA,NA,NA,NA,NA,NA,NA
80.060,1.7998,1.0625,1.0544,4.4359,NA,NA,NA,NA,NA,NA,NA,NA,NA,NA,NA,NA
80.216,1.7998,1.0625,1.0544,4.4359,NA,NA,NA,NA,NA,NA,NA,NA,NA,NA,NA,NA
80.255,1.7975,0.9323,1.0543,4.4204,NA,NA,NA,NA,NA,NA,NA,NA,NA,NA,NA,NA
80.348,1.8013,1.1435,1.0536,4.3566,NA,NA,NA,NA,NA,NA,NA,NA,NA,NA,NA,NA
80.452,1.8013,1.1435,1.0536,4.3566,NA,NA,NA,NA,NA,NA,NA,NA,NA,NA,NA,NA
80.548,1.8039,1.2897,1.0524,4.2406,NA,NA,NA,NA,NA,NA,NA,NA,NA,NA,NA,NA
80.642,1.8039,1.2897,1.0519,4.1891,NA,NA,NA,NA,NA,NA,NA,NA,NA,NA,NA,NA
80.756,1.8016,1.1580,1.0501,4.0120,NA,NA,NA,NA,NA,NA,NA,NA,NA,NA,NA,NA
80.853,1.8016,1.1580,1.0501,4.0120,NA,NA,NA,NA,NA,NA,NA,NA,NA,NA,NA,NA
80.941,1.7996,1.0480,1.0491,3.9097,NA,NA,NA,NA,NA,NA,NA,NA,NA,NA,NA,NA
81.036,1.7988,1.0033,1.0496,3.9629,NA,NA,NA,NA,NA,NA,NA,NA,NA,NA,NA,NA
81.133,1.7988,1.0033,1.0496,3.9629,NA,NA,NA,NA,NA,NA,NA,NA,NA,NA,NA,NA
81.239,1.7982,0.9724,1.0494,3.9422,NA,NA,NA,NA,NA,NA,NA,NA,NA,NA,NA,NA
81.332,1.7982,0.9724,1.0489,3.8874,NA,NA,NA,NA,NA,NA,NA,NA,NA,NA,NA,NA
81.431,1.7970,0.9010,1.0485,3.8510,NA,NA,NA,NA,NA,NA,NA,NA,NA,NA,NA,NA
81.528,1.7970,0.9010,1.0473,3.7351,NA,NA,NA,NA,NA,NA,NA,NA,NA,NA,NA,NA
81.623,1.7915,0.5944,1.0475,3.7552,NA,NA,NA,NA,NA,NA,NA,NA,NA,NA,NA,NA
81.721,1.7915,0.5944,1.0477,3.7699,NA,NA,NA,NA,NA,NA,NA,NA,NA,NA,NA,NA
81.819,1.7890,0.4536,1.0477,3.7699,NA,NA,NA,NA,NA,NA,NA,NA,NA,NA,NA,NA
81.925,1.7921,0.6285,1.0469,3.6885,NA,NA,NA,NA,NA,NA,NA,NA,NA,NA,NA,NA
82.068,1.7921,0.6285,1.0468,3.6849,NA,NA,NA,NA,NA,NA,NA,NA,NA,NA,NA,NA
82.111,1.7925,0.6516,1.0462,3.6189,NA,NA,NA,NA,NA,NA,NA,NA,NA,NA,NA,NA
82.208,1.7925,0.6516,1.0462,3.6189,NA,NA,NA,NA,NA,NA,NA,NA,NA,NA,NA,NA
82.319,1.7869,0.3334,1.0460,3.6017,NA,NA,NA,NA,NA,NA,NA,NA,NA,NA,NA,NA
82.413,1.7851,0.2329,1.0456,3.5576,NA,NA,NA,NA,NA,NA,NA,NA,NA,NA,NA,NA
82.504,1.7855,0.2544,1.0452,3.5195,NA,NA,NA,NA,NA,NA,NA,NA,NA,NA,NA,NA
82.657,1.7855,0.2544,1.0450,3.5068,NA,NA,NA,NA,NA,NA,NA,NA,NA,NA,NA,NA
82.704,1.7853,0.2464,1.0450,3.5068,NA,NA,NA,NA,NA,NA,NA,NA,NA,NA,NA,NA
82.801,1.7854,0.2509,1.0450,3.5002,NA,NA,NA,NA,NA,NA,NA,NA,NA,NA,NA,NA
82.903,1.7854,0.2509,1.0448,3.4805,NA,NA,NA,NA,NA,NA,NA,NA,NA,NA,NA,NA
82.992,1.7842,0.1837,1.0447,3.4725,NA,NA,NA,NA,NA,NA,NA,NA,NA,NA,NA,NA
83.096,1.7842,0.1837,1.0450,3.4989,NA,NA,NA,NA,NA,NA,NA,NA,NA,NA,NA,NA
83.252,1.7809,0.0000,1.0450,3.4989,NA,NA,NA,NA,NA,NA,NA,NA,NA,NA,NA,NA
83.284,1.7805,-0.0254,1.0436,3.3673,NA,NA,NA,NA,NA,NA,NA,NA,NA,NA,NA,NA
83.398,1.7803,-0.0337,1.0429,3.2972,NA,NA,NA,NA,NA,NA,NA,NA,NA,NA,NA,NA
83.492,1.7805,-0.0243,1.0429,3.2972,NA,NA,NA,NA,NA,NA,NA,NA,NA,NA,NA,NA
83.579,1.7805,-0.0243,1.0425,3.2522,NA,NA,NA,NA,NA,NA,NA,NA,NA,NA,NA,NA
83.681,1.7797,-0.0688,1.0425,3.2522,NA,NA,NA,NA,NA,NA,NA,NA,NA,NA,NA,NA
83.777,1.7797,-0.0688,1.0428,3.2860,NA,NA,NA,NA,NA,NA,NA,NA,NA,NA,NA,NA
83.873,1.7807,-0.0154,1.0428,3.2860,NA,NA,NA,NA,NA,NA,NA,NA,NA,NA,NA,NA
83.972,1.7807,-0.0154,1.0418,3.1852,NA,NA,NA,NA,NA,NA,NA,NA,NA,NA,NA,NA
84.075,1.7776,-0.1855,1.0415,3.1608,NA,NA,NA,NA,NA,NA,NA,NA,NA,NA,NA,NA
84.168,1.7776,-0.1855,1.0412,3.1307,NA,NA,NA,NA,NA,NA,NA,NA,NA,NA,NA,NA
84.275,1.7818,0.0482,1.0402,3.0255,NA,NA,NA,NA,NA,NA,NA,NA,NA,NA,NA,NA
84.364,1.7818,0.0482,1.0396,2.9728,NA,NA,NA,NA,NA,NA,NA,NA,NA,NA,NA,NA
84.478,1.7783,-0.1481,1.0394,2.9434,NA,NA,NA,NA,NA,NA,NA,NA,NA,NA,NA,NA
84.566,1.7761,-0.2696,1.0394,2.9434,NA,NA,NA,NA,NA,NA,NA,NA,NA,NA,NA,NA
84.660,1.7762,-0.2683,1.0388,2.8925,NA,NA,NA,NA,NA,NA,NA,NA,NA,NA,NA,NA
84.756,1.7780,-0.1625,1.0384,2.8470,NA,NA,NA,NA,NA,NA,NA,NA,NA,NA,NA,NA
84.861,1.7780,-0.1625,1.0383,2.8441,NA,NA,NA,NA,NA,NA,NA,NA,NA,NA,NA,NA
85.002,1.7783,-0.1492,1.0380,2.8055,NA,NA,NA,NA,NA,NA,NA,NA,NA,NA,NA,NA
85.056,1.7783,-0.1492,1.0380,2.8055,NA,NA,NA,NA,NA,NA,NA,NA,NA,NA,NA,NA
85.147,1.7729,-0.4500,1.0376,2.7682,NA,NA,NA,NA,NA,NA,NA,NA,NA,NA,NA,NA
85.255,1.7710,-0.5592,1.0375,2.7567,NA,NA,NA,NA,NA,NA,NA,NA,NA,NA,NA,NA
85.349,1.7673,-0.7631,1.0375,2.7567,NA,NA,NA,NA,NA,NA,NA,NA,NA,NA,NA,NA
85.443,1.7682,-0.7152,1.0371,2.7224,NA,NA,NA,NA,NA,NA,NA,NA,NA,NA,NA,NA
85.547,1.7682,-0.7152,1.0371,2.7224,NA,NA,NA,NA,NA,NA,NA,NA,NA,NA,NA,NA
85.668,1.7732,-0.4356,1.0356,2.5704,NA,NA,NA,NA,NA,NA,NA,NA,NA,NA,NA,NA
85.739,1.7732,-0.4356,1.0353,2.5455,NA,NA,NA,NA,NA,NA,NA,NA,NA,NA,NA,NA
85.838,1.7695,-0.6397,1.0353,2.5455,NA,NA,NA,NA,NA,NA,NA,NA,NA,NA,NA,NA
85.930,1.7695,-0.6397,1.0355,2.5607,NA,NA,NA,NA,NA,NA,NA,NA,NA,NA,NA,NA
86.037,1.7648,-0.9040,1.0359,2.6055,NA,NA,NA,NA,NA,NA,NA,NA,NA,NA,NA,NA
86.129,1.7684,-0.7045,1.0359,2.6055,NA,NA,NA,NA,NA,NA,NA,NA,NA,NA,NA,NA
86.230,1.7684,-0.7045,1.0353,2.5414,NA,NA,NA,NA,NA,NA,NA,NA,NA,NA,NA,NA
86.321,1.7695,-0.6398,1.0353,2.5414,NA,NA,NA,NA,NA,NA,NA,NA,NA,NA,NA,NA
86.419,1.7695,-0.6398,1.0349,2.5070,NA,NA,NA,NA,NA,NA,NA,NA,NA,NA,NA,NA
86.517,1.7682,-0.7123,1.0338,2.3973,NA,NA,NA,NA,NA,NA,NA,NA,NA,NA,NA,NA
86.621,1.7682,-0.7123,1.0335,2.3626,NA,NA,NA,NA,NA,NA,NA,NA,NA,NA,NA,NA
86.712,1.7657,-0.8579,1.0333,2.3483,NA,NA,NA,NA,NA,NA,NA,NA,NA,NA,NA,NA
86.819,1.7650,-0.8957,1.0331,2.3247,NA,NA,NA,NA,NA,NA,NA,NA,NA,NA,NA,NA
86.908,1.7634,-0.9857,1.0327,2.2884,NA,NA,NA,NA,NA,NA,NA,NA,NA,NA,NA,NA
87.006,1.7642,-0.9401,1.0327,2.2884,NA,NA,NA,NA,NA,NA,NA,NA,NA,NA,NA,NA
87.114,1.7642,-0.9374,1.0322,2.2316,NA,NA,NA,NA,NA,NA,NA,NA,NA,NA,NA,NA
87.205,1.7642,-0.9374,1.0321,2.2269,NA,NA,NA,NA,NA,NA,NA,NA,NA,NA,NA,NA
87.300,1.7635,-0.9805,1.0321,2.2256,NA,NA,NA,NA,NA,NA,NA,NA,NA,NA,NA,NA
87.446,1.7644,-0.9252,1.0319,2.2091,NA,NA,NA,NA,NA,NA,NA,NA,NA,NA,NA,NA
87.495,1.7644,-0.9252,1.0314,2.1607,NA,NA,NA,NA,NA,NA,NA,NA,NA,NA,NA,NA
87.594,1.7613,-1.1007,1.0315,2.1651,NA,NA,NA,NA,NA,NA,NA,NA,NA,NA,NA,NA
87.692,1.7599,-1.1829,1.0315,2.1651,NA,NA,NA,NA,NA,NA,NA,NA,NA,NA,NA,NA
87.792,1.7619,-1.0694,1.0308,2.1012,NA,NA,NA,NA,NA,NA,NA,NA,NA,NA,NA,NA
87.894,1.7619,-1.0694,1.0308,2.0925,NA,NA,NA,NA,NA,NA,NA,NA,NA,NA,NA,NA
87.984,1.7609,-1.1240,1.0308,2.0925,NA,NA,NA,NA,NA,NA,NA,NA,NA,NA,NA,NA
88.107,1.7603,-1.1605,1.0306,2.0767,NA,NA,NA,NA,NA,NA,NA,NA,NA,NA,NA,NA
88.191,1.7571,-1.3385,1.0298,1.9934,NA,NA,NA,NA,NA,NA,NA,NA,NA,NA,NA,NA
88.284,1.7608,-1.1329,1.0296,1.9727,NA,NA,NA,NA,NA,NA,NA,NA,NA,NA,NA,NA
88.377,1.7608,-1.1329,1.0296,1.9793,NA,NA,NA,NA,NA,NA,NA,NA,NA,NA,NA,NA
88.478,1.7608,-1.1288,1.0296,1.9793,NA,NA,NA,NA,NA,NA,NA,NA,NA,NA,NA,NA
88.573,1.7608,-1.1288,1.0294,1.9549,NA,NA,NA,NA,NA,NA,NA,NA,NA,NA,NA,NA
88.673,1.7581,-1.2817,1.0295,1.9638,NA,NA,NA,NA,NA,NA,NA,NA,NA,NA,NA,NA
88.772,1.7581,-1.2817,1.0295,1.9638,NA,NA,NA,NA,NA,NA,NA,NA,NA,NA,NA,NA
88.870,1.7569,-1.3519,1.0293,1.9514,NA,NA,NA,NA,NA,NA,NA,NA,NA,NA,NA,NA
88.963,1.7576,-1.3120,1.0293,1.9514,NA,NA,NA,NA,NA,NA,NA,NA,NA,NA,NA,NA
89.065,1.7576,-1.3120,1.0295,1.9632,NA,NA,NA,NA,NA,NA,NA,NA,NA,NA,NA,NA
89.166,1.7593,-1.2161,1.0295,1.9632,NA,NA,NA,NA,NA,NA,NA,NA,NA,NA,NA,NA
89.297,1.7593,-1.2161,1.0288,1.9005,NA,NA,NA,NA,NA,NA,NA,NA,NA,NA,NA,NA
89.366,1.7559,-1.4040,1.0279,1.8138,NA,NA,NA,NA,NA,NA,NA,NA,NA,NA,NA,NA
89.454,1.7559,-1.4040,1.0275,1.7742,NA,NA,NA,NA,NA,NA,NA,NA,NA,NA,NA,NA
89.557,1.7535,-1.5389,1.0271,1.7260,NA,NA,NA,NA,NA,NA,NA,NA,NA,NA,NA,NA
89.659,1.7524,-1.6017,1.0270,1.7174,NA,NA,NA,NA,NA,NA,NA,NA,NA,NA,NA,NA
89.751,1.7524,-1.6017,1.0258,1.6030,NA,NA,NA,NA,NA,NA,NA,NA,NA,NA,NA,NA
89.896,1.7525,-1.5973,1.0258,1.6030,NA,NA,NA,NA,NA,NA,NA,NA,NA,NA,NA,NA
89.940,1.7525,-1.5973,1.0249,1.5091,NA,NA,NA,NA,NA,NA,NA,NA,NA,NA,NA,NA
90.039,1.7531,-1.5637,1.0249,1.5091,NA,NA,NA,NA,NA,NA,NA,NA,NA,NA,NA,NA
90.145,1.7536,-1.5321,1.0248,1.5022,NA,NA,NA,NA,NA,NA,NA,NA,NA,NA,NA,NA
90.235,1.7536,-1.5321,1.0246,1.4843,NA,NA,NA,NA,NA,NA,NA,NA,NA,NA,NA,NA
90.349,1.7498,-1.7504,1.0243,1.4496,NA,NA,NA,NA,NA,NA,NA,NA,NA,NA,NA,NA
90.496,1.7483,-1.8344,1.0242,1.4431,NA,NA,NA,NA,NA,NA,NA,NA,NA,NA,NA,NA
90.545,1.7494,-1.7700,1.0241,1.4362,NA,NA,NA,NA,NA,NA,NA,NA,NA,NA,NA,NA
90.635,1.7494,-1.7700,1.0239,1.4117,NA,NA,NA,NA,NA,NA,NA,NA,NA,NA,NA,NA
90.736,1.7488,-1.8046,1.0236,1.3847,NA,NA,NA,NA,NA,NA,NA,NA,NA,NA,NA,NA
90.831,1.7488,-1.8046,1.0214,1.1677,NA,NA,NA,NA,NA,NA,NA,NA,NA,NA,NA,NA
90.925,1.7484,-1.8289,1.0207,1.1001,NA,NA,NA,NA,NA,NA,NA,NA,NA,NA,NA,NA
91.041,1.7484,-1.8289,1.0209,1.1162,NA,NA,NA,NA,NA,NA,NA,NA,NA,NA,NA,NA
91.120,1.7475,-1.8775,1.0211,1.1377,NA,NA,NA,NA,NA,NA,NA,NA,NA,NA,NA,NA
91.214,1.7481,-1.8440,1.0211,1.1377,NA,NA,NA,NA,NA,NA,NA,NA,NA,NA,NA,NA
91.329,1.7481,-1.8440,1.0208,1.1107,NA,NA,NA,NA,NA,NA,NA,NA,NA,NA,NA,NA
91.414,1.7472,-1.8938,1.0208,1.1107,NA,NA,NA,NA,NA,NA,NA,NA,NA,NA,NA,NA
91.513,1.7472,-1.8938,1.0214,1.1623,NA,NA,NA,NA,NA,NA,NA,NA,NA,NA,NA,NA
91.608,1.7464,-1.9371,1.0217,1.1917,NA,NA,NA,NA,NA,NA,NA,NA,NA,NA,NA,NA
91.706,1.7464,-1.9371,1.0218,1.2097,NA,NA,NA,NA,NA,NA,NA,NA,NA,NA,NA,NA
91.807,1.7440,-2.0763,1.0221,1.2375,NA,NA,NA,NA,NA,NA,NA,NA,NA,NA,NA,NA
91.912,1.7425,-2.1558,1.0221,1.2375,NA,NA,NA,NA,NA,NA,NA,NA,NA,NA,NA,NA
92.001,1.7437,-2.0877,1.0215,1.1800,NA,NA,NA,NA,NA,NA,NA,NA,NA,NA,NA,NA
92.108,1.7437,-2.0877,1.0215,1.1800,NA,NA,NA,NA,NA,NA,NA,NA,NA,NA,NA,NA
92.259,1.7431,-2.1232,1.0213,1.1529,NA,NA,NA,NA,NA,NA,NA,NA,NA,NA,NA,NA
92.292,1.7448,-2.0310,1.0211,1.1385,NA,NA,NA,NA,NA,NA,NA,NA,NA,NA,NA,NA
92.395,1.7448,-2.0310,1.0210,1.1262,NA,NA,NA,NA,NA,NA,NA,NA,NA,NA,NA,NA
92.490,1.7426,-2.1515,1.0207,1.0995,NA,NA,NA,NA,NA,NA,NA,NA,NA,NA,NA,NA
92.586,1.7420,-2.1842,1.0207,1.0995,NA,NA,NA,NA,NA,NA,NA,NA,NA,NA,NA,NA
92.686,1.7406,-2.2663,1.0199,1.0152,NA,NA,NA,NA,NA,NA,NA,NA,NA,NA,NA,NA
92.787,1.7397,-2.3139,1.0199,1.0152,NA,NA,NA,NA,NA,NA,NA,NA,NA,NA,NA,NA
92.888,1.7398,-2.3090,1.0195,0.9768,NA,NA,NA,NA,NA,NA,NA,NA,NA,NA,NA,NA
92.978,1.7422,-2.1735,1.0190,0.9259,NA,NA,NA,NA,NA,NA,NA,NA,NA,NA,NA,NA
93.093,1.7422,-2.1735,1.0188,0.9047,NA,NA,NA,NA,NA,NA,NA,NA,NA,NA,NA,NA
93.184,1.7417,-2.2015,1.0182,0.8527,NA,NA,NA,NA,NA,NA,NA,NA,NA,NA,NA,NA
93.277,1.7417,-2.2015,1.0180,0.8329,NA,NA,NA,NA,NA,NA,NA,NA,NA,NA,NA,NA
93.371,1.7398,-2.3086,1.0187,0.8931,NA,NA,NA,NA,NA,NA,NA,NA,NA,NA,NA,NA
93.478,1.7361,-2.5189,1.0187,0.8931,NA,NA,NA,NA,NA,NA,NA,NA,NA,NA,NA,NA
93.574,1.7387,-2.3709,1.0186,0.8875,NA,NA,NA,NA,NA,NA,NA,NA,NA,NA,NA,NA
93.664,1.7387,-2.3709,1.0181,0.8430,NA,NA,NA,NA,NA,NA,NA,NA,NA,NA,NA,NA
93.766,1.7342,-2.6233,1.0177,0.8008,NA,NA,NA,NA,NA,NA,NA,NA,NA,NA,NA,NA
93.864,1.7340,-2.6371,1.0177,0.8008,NA,NA,NA,NA,NA,NA,NA,NA,NA,NA,NA,NA
93.956,1.7340,-2.6371,1.0168,0.7107,NA,NA,NA,NA,NA,NA,NA,NA,NA,NA,NA,NA
94.083,1.7374,-2.4450,1.0168,0.7084,NA,NA,NA,NA,NA,NA,NA,NA,NA,NA,NA,NA
94.166,1.7374,-2.4450,1.0170,0.7322,NA,NA,NA,NA,NA,NA,NA,NA,NA,NA,NA,NA
94.262,1.7404,-2.2730,1.0170,0.7322,NA,NA,NA,NA,NA,NA,NA,NA,NA,NA,NA,NA
94.368,1.7404,-2.2730,1.0161,0.6442,NA,NA,NA,NA,NA,NA,NA,NA,NA,NA,NA,NA
94.451,1.7367,-2.4851,1.0162,0.6467,NA,NA,NA,NA,NA,NA,NA,NA,NA,NA,NA,NA
94.545,1.7367,-2.4851,1.0162,0.6467,NA,NA,NA,NA,NA,NA,NA,NA,NA,NA,NA,NA
94.698,1.7349,-2.5844,1.0163,0.6588,NA,NA,NA,NA,NA,NA,NA,NA,NA,NA,NA,NA
94.739,1.7349,-2.5844,1.0163,0.6588,NA,NA,NA,NA,NA,NA,NA,NA,NA,NA,NA,NA
94.844,1.7347,-2.5933,1.0161,0.6430,NA,NA,NA,NA,NA,NA,NA,NA,NA,NA,NA,NA
94.937,1.7328,-2.7000,1.0161,0.6387,NA,NA,NA,NA,NA,NA,NA,NA,NA,NA,NA,NA
95.036,1.7327,-2.7078,1.0161,0.6387,NA,NA,NA,NA,NA,NA,NA,NA,NA,NA,NA,NA
95.135,1.7326,-2.7161,1.0156,0.5911,NA,NA,NA,NA,NA,NA,NA,NA,NA,NA,NA,NA
95.237,1.7311,-2.7981,1.0156,0.5903,NA,NA,NA,NA,NA,NA,NA,NA,NA,NA,NA,NA
95.335,1.7294,-2.8955,1.0156,0.5903,NA,NA,NA,NA,NA,NA,NA,NA,NA,NA,NA,NA
95.434,1.7294,-2.8955,1.0153,0.5659,NA,NA,NA,NA,NA,NA,NA,NA,NA,NA,NA,NA
95.532,1.7274,-3.0043,1.0150,0.5358,NA,NA,NA,NA,NA,NA,NA,NA,NA,NA,NA,NA
95.644,1.7538,-1.5250,1.0175,0.7801,NA,NA,NA,NA,NA,NA,NA,NA,NA,NA,NA,NA
95.732,1.7809,-0.0016,1.0315,2.1684,NA,NA,NA,NA,NA,NA,NA,NA,NA,NA,NA,NA
95.845,1.8237,2.4005,1.0462,3.6237,NA,NA,NA,NA,NA,NA,NA,NA,NA,NA,NA,NA
95.928,1.8478,3.7534,1.0603,5.0187,NA,NA,NA,NA,NA,NA,NA,NA,NA,NA,NA,NA
96.021,1.8674,4.8541,1.0723,6.2074,NA,NA,NA,NA,NA,NA,NA,NA,NA,NA,NA,NA
96.113,1.8885,6.0426,1.0834,7.3039,NA,NA,NA,NA,NA,NA,NA,NA,NA,NA,NA,NA
96.212,1.9046,6.9451,1.0903,7.9919,NA,NA,NA,NA,NA,NA,NA,NA,NA,NA,NA,NA
96.312,1.9327,8.5221,1.0990,8.8486,NA,NA,NA,NA,NA,NA,NA,NA,NA,NA,NA,NA
96.424,1.9433,9.1151,1.1053,9.4743,NA,NA,NA,NA,NA,NA,NA,NA,NA,NA,NA,NA
96.512,1.9600,10.0546,1.1112,10.0575,NA,NA,NA,NA,NA,NA,NA,NA,NA,NA,NA,NA
96.610,1.9690,10.5594,1.1152,10.4606,NA,NA,NA,NA,NA,NA,NA,NA,NA,NA,NA,NA
96.702,1.9799,11.1707,1.1179,10.7224,NA,NA,NA,NA,NA,NA,NA,NA,NA,NA,NA,NA
96.801,1.9799,11.1707,1.1218,11.1094,NA,NA,NA,NA,NA,NA,NA,NA,NA,NA,NA,NA
96.925,1.9775,11.0379,1.1234,11.2722,NA,NA,NA,NA,NA,NA,NA,NA,NA,NA,NA,NA
97.036,1.9754,10.9197,1.1237,11.2992,NA,NA,NA,NA,NA,NA,NA,NA,NA,NA,NA,NA
97.094,1.9711,10.6768,1.1237,11.2992,NA,NA,NA,NA,NA,NA,NA,NA,NA,NA,NA,NA
97.187,1.9672,10.4581,1.1232,11.2479,NA,NA,NA,NA,NA,NA,NA,NA,NA,NA,NA,NA
97.293,1.9642,10.2884,1.1218,11.1125,NA,NA,NA,NA,NA,NA,NA,NA,NA,NA,NA,NA
97.392,1.9580,9.9450,1.1202,10.9465,NA,NA,NA,NA,NA,NA,NA,NA,NA,NA,NA,NA
97.482,1.9454,9.2354,1.1180,10.7335,NA,NA,NA,NA,NA,NA,NA,NA,NA,NA,NA,NA
97.584,1.9289,8.3084,1.1127,10.2056,NA,NA,NA,NA,NA,NA,NA,NA,NA,NA,NA,NA
97.694,1.9174,7.6641,1.1089,9.8323,NA,NA,NA,NA,NA,NA,NA,NA,NA,NA,NA,NA
97.776,1.9056,7.0013,1.1030,9.2465,NA,NA,NA,NA,NA,NA,NA,NA,NA,NA,NA,NA
97.875,1.9013,6.7595,1.1004,8.9905,NA,NA,NA,NA,NA,NA,NA,NA,NA,NA,NA,NA
97.977,1.8995,6.6569,1.0978,8.7306,NA,NA,NA,NA,NA,NA,NA,NA,NA,NA,NA,NA
98.072,1.8933,6.3078,1.0950,8.4555,NA,NA,NA,NA,NA,NA,NA,NA,NA,NA,NA,NA
98.225,1.8891,6.0716,1.0921,8.1655,NA,NA,NA,NA,NA,NA,NA,NA,NA,NA,NA,NA
98.269,1.8821,5.6804,1.0905,8.0089,NA,NA,NA,NA,NA,NA,NA,NA,NA,NA,NA,NA
98.369,1.8802,5.5714,1.0883,7.7899,NA,NA,NA,NA,NA,NA,NA,NA,NA,NA,NA,NA
98.460,1.8760,5.3372,1.0874,7.7011,NA,NA,NA,NA,NA,NA,NA,NA,NA,NA,NA,NA
98.564,1.8759,5.3302,1.0865,7.6136,NA,NA,NA,NA,NA,NA,NA,NA,NA,NA,NA,NA
98.660,1.8759,5.3302,1.0851,7.4734,NA,NA,NA,NA,NA,NA,NA,NA,NA,NA,NA,NA
98.763,1.8748,5.2721,1.0834,7.3062,NA,NA,NA,NA,NA,NA,NA,NA,NA,NA,NA,NA
98.863,1.8748,5.2721,1.0823,7.1975,NA,NA,NA,NA,NA,NA,NA,NA,NA,NA,NA,NA
98.957,1.8680,4.8913,1.0815,7.1225,NA,NA,NA,NA,NA,NA,NA,NA,NA,NA,NA,NA
99.049,1.8676,4.8659,1.0811,7.0799,NA,NA,NA,NA,NA,NA,NA,NA,NA,NA,NA,NA
99.144,1.8651,4.7261,1.0801,6.9832,NA,NA,NA,NA,NA,NA,NA,NA,NA,NA,NA,NA
99.250,1.8638,4.6552,1.0801,6.9832,NA,NA,NA,NA,NA,NA,NA,NA,NA,NA,NA,NA
99.351,1.8615,4.5230,1.0790,6.8672,NA,NA,NA,NA,NA,NA,NA,NA,NA,NA,NA,NA
99.452,1.8593,4.3997,1.0777,6.7409,NA,NA,NA,NA,NA,NA,NA,NA,NA,NA,NA,NA
99.541,1.8593,4.3997,1.0770,6.6692,NA,NA,NA,NA,NA,NA,NA,NA,NA,NA,NA,NA
99.646,1.8548,4.1475,1.0766,6.6368,NA,NA,NA,NA,NA,NA,NA,NA,NA,NA,NA,NA
99.743,1.8548,4.1475,1.0755,6.5189,NA,NA,NA,NA,NA,NA,NA,NA,NA,NA,NA,NA
99.832,1.8518,3.9792,1.0751,6.4818,NA,NA,NA,NA,NA,NA,NA,NA,NA,NA,NA,NA
99.931,1.8469,3.7042,1.0738,6.3555,NA,NA,NA,NA,NA,NA,NA,NA,NA,NA,NA,NA
100.070,1.8439,3.5338,1.0734,6.3149,NA,NA,NA,NA,NA,NA,NA,NA,NA,NA,NA,NA
100.125,1.8411,3.3776,1.0734,6.3149,NA,NA,NA,NA,NA,NA,NA,NA,NA,NA,NA,NA
100.224,1.8411,3.3776,1.0720,6.1750,NA,NA,NA,NA,NA,NA,NA,NA,NA,NA,NA,NA
100.332,1.8334,2.9456,1.0706,6.0388,NA,NA,NA,NA,NA,NA,NA,NA,NA,NA,NA,NA
100.422,1.8325,2.8982,1.0696,5.9396,NA,NA,NA,NA,NA,NA,NA,NA,NA,NA,NA,NA
100.519,1.8325,2.8981,1.0682,5.7995,NA,NA,NA,NA,NA,NA,NA,NA,NA,NA,NA,NA
100.614,1.8481,3.7743,1.0689,5.8669,NA,NA,NA,NA,NA,NA,NA,NA,NA,NA,NA,NA
100.717,1.8938,6.3357,1.0807,7.0408,NA,NA,NA,NA,NA,NA,NA,NA,NA,NA,NA,NA
100.814,1.9204,7.8300,1.0910,8.0565,NA,NA,NA,NA,NA,NA,NA,NA,NA,NA,NA,NA
100.915,1.9535,9.6907,1.1005,8.9976,NA,NA,NA,NA,NA,NA,NA,NA,NA,NA,NA,NA
101.012,1.9606,10.0898,1.1046,9.4090,NA,NA,NA,NA,NA,NA,NA,NA,NA,NA,NA,NA
101.106,1.9606,10.0898,1.1067,9.6159,NA,NA,NA,NA,NA,NA,NA,NA,NA,NA,NA,NA
101.230,1.9603,10.0713,1.1070,9.6394,NA,NA,NA,NA,NA,NA,NA,NA,NA,NA,NA,NA
101.304,1.9502,9.5021,1.1070,9.6394,NA,NA,NA,NA,NA,NA,NA,NA,NA,NA,NA,NA
101.393,1.9471,9.3306,1.1066,9.6075,NA,NA,NA,NA,NA,NA,NA,NA,NA,NA,NA,NA
101.504,1.9374,8.7872,1.1057,9.5163,NA,NA,NA,NA,NA,NA,NA,NA,NA,NA,NA,NA
101.599,1.9205,7.8343,1.1038,9.3272,NA,NA,NA,NA,NA,NA,NA,NA,NA,NA,NA,NA
101.698,1.9142,7.4818,1.1001,8.9649,NA,NA,NA,NA,NA,NA,NA,NA,NA,NA,NA,NA
101.836,1.9017,6.7794,1.0945,8.4036,NA,NA,NA,NA,NA,NA,NA,NA,NA,NA,NA,NA
101.886,1.8962,6.4704,1.0925,8.2122,NA,NA,NA,NA,NA,NA,NA,NA,NA,NA,NA,NA
101.992,1.8897,6.1100,1.0892,7.8804,NA,NA,NA,NA,NA,NA,NA,NA,NA,NA,NA,NA
102.092,1.8862,5.9126,1.0876,7.7206,NA,NA,NA,NA,NA,NA,NA,NA,NA,NA,NA,NA
102.194,1.8786,5.4860,1.0867,7.6286,NA,NA,NA,NA,NA,NA,NA,NA,NA,NA,NA,NA
102.278,1.8722,5.1254,1.0855,7.5146,NA,NA,NA,NA,NA,NA,NA,NA,NA,NA,NA,NA
102.391,1.8722,5.1254,1.0848,7.4439,NA,NA,NA,NA,NA,NA,NA,NA,NA,NA,NA,NA
102.496,1.8672,4.8426,1.0835,7.3134,NA,NA,NA,NA,NA,NA,NA,NA,NA,NA,NA,NA
102.584,1.8639,4.6597,1.0817,7.1332,NA,NA,NA,NA,NA,NA,NA,NA,NA,NA,NA,NA
102.674,1.8576,4.3030,1.0797,6.9399,NA,NA,NA,NA,NA,NA,NA,NA,NA,NA,NA,NA
102.774,1.8550,4.1565,1.0783,6.7982,NA,NA,NA,NA,NA,NA,NA,NA,NA,NA,NA,NA
102.868,1.8515,3.9650,1.0770,6.6676,NA,NA,NA,NA,NA,NA,NA,NA,NA,NA,NA,NA
102.966,1.8470,3.7088,1.0761,6.5864,NA,NA,NA,NA,NA,NA,NA,NA,NA,NA,NA,NA
103.069,1.8458,3.6432,1.0739,6.3665,NA,NA,NA,NA,NA,NA,NA,NA,NA,NA,NA,NA
103.172,1.8597,4.4226,1.0750,6.4717,NA,NA,NA,NA,NA,NA,NA,NA,NA,NA,NA,NA
103.257,1.8823,5.6901,1.0809,7.0586,NA,NA,NA,NA,NA,NA,NA,NA,NA,NA,NA,NA
103.364,1.9190,7.7516,1.0928,8.2391,NA,NA,NA,NA,NA,NA,NA,NA,NA,NA,NA,NA
103.455,1.9355,8.6786,1.1032,9.2633,NA,NA,NA,NA,NA,NA,NA,NA,NA,NA,NA,NA
103.556,1.9460,9.2675,1.1092,9.8654,NA,NA,NA,NA,NA,NA,NA,NA,NA,NA,NA,NA
103.669,1.9519,9.5993,1.1111,10.0507,NA,NA,NA,NA,NA,NA,NA,NA,NA,NA,NA,NA
103.754,1.9541,9.7218,1.1147,10.4070,NA,NA,NA,NA,NA,NA,NA,NA,NA,NA,NA,NA
103.847,1.9563,9.8472,1.1147,10.4070,NA,NA,NA,NA,NA,NA,NA,NA,NA,NA,NA,NA
103.951,1.9563,9.8472,1.1127,10.2069,NA,NA,NA,NA,NA,NA,NA,NA,NA,NA,NA,NA
104.047,1.9507,9.5322,1.1128,10.2135,NA,NA,NA,NA,NA,NA,NA,NA,NA,NA,NA,NA
104.190,1.9469,9.3182,1.1128,10.2135,NA,NA,NA,NA,NA,NA,NA,NA,NA,NA,NA,NA
104.235,1.9435,9.1269,1.1114,10.0808,NA,NA,NA,NA,NA,NA,NA,NA,NA,NA,NA,NA
104.342,1.9414,9.0088,1.1113,10.0677,NA,NA,NA,NA,NA,NA,NA,NA,NA,NA,NA,NA
104.439,1.9347,8.6320,1.1096,9.9000,NA,NA,NA,NA,NA,NA,NA,NA,NA,NA,NA,NA
104.533,1.9310,8.4246,1.1087,9.8075,NA,NA,NA,NA,NA,NA,NA,NA,NA,NA,NA,NA
104.641,1.9283,8.2769,1.1058,9.5200,NA,NA,NA,NA,NA,NA,NA,NA,NA,NA,NA,NA
104.734,1.9245,8.0594,1.1036,9.3022,NA,NA,NA,NA,NA,NA,NA,NA,NA,NA,NA,NA
104.827,1.9214,7.8895,1.1019,9.1357,NA,NA,NA,NA,NA,NA,NA,NA,NA,NA,NA,NA
104.925,1.9147,7.5104,1.1001,8.9645,NA,NA,NA,NA,NA,NA,NA,NA,NA,NA,NA,NA
105.027,1.9105,7.2777,1.0983,8.7802,NA,NA,NA,NA,NA,NA,NA,NA,NA,NA,NA,NA
105.126,1.9050,6.9659,1.0968,8.6307,NA,NA,NA,NA,NA,NA,NA,NA,NA,NA,NA,NA
105.225,1.9019,6.7908,1.0946,8.4186,NA,NA,NA,NA,NA,NA,NA,NA,NA,NA,NA,NA
105.317,1.8989,6.6226,1.0928,8.2330,NA,NA,NA,NA,NA,NA,NA,NA,NA,NA,NA,NA
105.440,1.8971,6.5229,1.0928,8.2323,NA,NA,NA,NA,NA,NA,NA,NA,NA,NA,NA,NA
105.516,1.8967,6.5026,1.0914,8.0955,NA,NA,NA,NA,NA,NA,NA,NA,NA,NA,NA,NA
105.610,1.8919,6.2318,1.0907,8.0311,NA,NA,NA,NA,NA,NA,NA,NA,NA,NA,NA,NA
105.716,1.8915,6.2069,1.0896,7.9244,NA,NA,NA,NA,NA,NA,NA,NA,NA,NA,NA,NA
105.804,1.8897,6.1055,1.0890,7.8649,NA,NA,NA,NA,NA,NA,NA,NA,NA,NA,NA,NA
105.920,1.8867,5.9411,1.0884,7.8004,NA,NA,NA,NA,NA,NA,NA,NA,NA,NA,NA,NA
106.029,1.8850,5.8446,1.0880,7.7618,NA,NA,NA,NA,NA,NA,NA,NA,NA,NA,NA,NA
106.099,1.8850,5.8446,1.0875,7.7099,NA,NA,NA,NA,NA,NA,NA,NA,NA,NA,NA,NA
106.196,1.8786,5.4853,1.0861,7.5724,NA,NA,NA,NA,NA,NA,NA,NA,NA,NA,NA,NA
106.296,1.8756,5.3173,1.0857,7.5301,NA,NA,NA,NA,NA,NA,NA,NA,NA,NA,NA,NA
106.390,1.8740,5.2287,1.0848,7.4414,NA,NA,NA,NA,NA,NA,NA,NA,NA,NA,NA,NA
106.502,1.8731,5.1737,1.0846,7.4279,NA,NA,NA,NA,NA,NA,NA,NA,NA,NA,NA,NA
106.609,1.8729,5.1646,1.0832,7.2888,NA,NA,NA,NA,NA,NA,NA,NA,NA,NA,NA,NA
106.690,1.8668,4.8196,1.0825,7.2140,NA,NA,NA,NA,NA,NA,NA,NA,NA,NA,NA,NA
106.789,1.8662,4.7899,1.0818,7.1461,NA,NA,NA,NA,NA,NA,NA,NA,NA,NA,NA,NA
106.892,1.8605,4.4681,1.0809,7.0600,NA,NA,NA,NA,NA,NA,NA,NA,NA,NA,NA,NA
106.981,1.8585,4.3546,1.0807,7.0415,NA,NA,NA,NA,NA,NA,NA,NA,NA,NA,NA,NA
107.076,1.8541,4.1080,1.0806,7.0254,NA,NA,NA,NA,NA,NA,NA,NA,NA,NA,NA,NA
107.228,1.8535,4.0774,1.0795,6.9209,NA,NA,NA,NA,NA,NA,NA,NA,NA,NA,NA,NA
107.278,1.8499,3.8716,1.0778,6.7540,NA,NA,NA,NA,NA,NA,NA,NA,NA,NA,NA,NA
107.372,1.8512,3.9465,1.0769,6.6604,NA,NA,NA,NA,NA,NA,NA,NA,NA,NA,NA,NA
107.472,1.8512,3.9465,1.0755,6.5193,NA,NA,NA,NA,NA,NA,NA,NA,NA,NA,NA,NA
107.569,1.8495,3.8488,1.0748,6.4494,NA,NA,NA,NA,NA,NA,NA,NA,NA,NA,NA,NA
107.665,1.8495,3.8488,1.0742,6.3961,NA,NA,NA,NA,NA,NA,NA,NA,NA,NA,NA,NA
107.791,1.8462,3.6655,1.0744,6.4170,NA,NA,NA,NA,NA,NA,NA,NA,NA,NA,NA,NA
107.867,1.8461,3.6604,1.0744,6.4170,NA,NA,NA,NA,NA,NA,NA,NA,NA,NA,NA,NA
107.957,1.8425,3.4575,1.0738,6.3510,NA,NA,NA,NA,NA,NA,NA,NA,NA,NA,NA,NA
108.055,1.8365,3.1183,1.0723,6.2098,NA,NA,NA,NA,NA,NA,NA,NA,NA,NA,NA,NA
108.157,1.8365,3.1220,1.0706,6.0382,NA,NA,NA,NA,NA,NA,NA,NA,NA,NA,NA,NA
108.274,1.8368,3.1400,1.0700,5.9772,NA,NA,NA,NA,NA,NA,NA,NA,NA,NA,NA,NA
108.400,1.8368,3.1400,1.0700,5.9772,NA,NA,NA,NA,NA,NA,NA,NA,NA,NA,NA,NA
108.449,1.8377,3.1906,1.0700,5.9748,NA,NA,NA,NA,NA,NA,NA,NA,NA,NA,NA,NA
108.548,1.8377,3.1906,1.0694,5.9188,NA,NA,NA,NA,NA,NA,NA,NA,NA,NA,NA,NA
108.651,1.8355,3.0659,1.0690,5.8834,NA,NA,NA,NA,NA,NA,NA,NA,NA,NA,NA,NA
108.745,1.8365,3.1185,1.0688,5.8647,NA,NA,NA,NA,NA,NA,NA,NA,NA,NA,NA,NA
108.847,1.8366,3.1266,1.0685,5.8322,NA,NA,NA,NA,NA,NA,NA,NA,NA,NA,NA,NA
108.945,1.8368,3.1354,1.0685,5.8303,NA,NA,NA,NA,NA,NA,NA,NA,NA,NA,NA,NA
109.080,1.8368,3.1354,1.0668,5.6574,NA,NA,NA,NA,NA,NA,NA,NA,NA,NA,NA,NA
109.135,1.8347,3.0192,1.0660,5.5845,NA,NA,NA,NA,NA,NA,NA,NA,NA,NA,NA,NA
109.229,1.8347,3.0192,1.0659,5.5730,NA,NA,NA,NA,NA,NA,NA,NA,NA,NA,NA,NA
109.336,1.8316,2.8456,1.0659,5.5730,NA,NA,NA,NA,NA,NA,NA,NA,NA,NA,NA,NA
109.437,1.8245,2.4449,1.0658,5.5661,NA,NA,NA,NA,NA,NA,NA,NA,NA,NA,NA,NA
109.532,1.8235,2.3888,1.0649,5.4763,NA,NA,NA,NA,NA,NA,NA,NA,NA,NA,NA,NA
109.657,1.8249,2.4663,1.0644,5.4209,NA,NA,NA,NA,NA,NA,NA,NA,NA,NA,NA,NA
109.727,1.8249,2.4663,1.0641,5.3897,NA,NA,NA,NA,NA,NA,NA,NA,NA,NA,NA,NA
109.819,1.8248,2.4636,1.0634,5.3228,NA,NA,NA,NA,NA,NA,NA,NA,NA,NA,NA,NA
109.918,1.8248,2.4636,1.0635,5.3355,NA,NA,NA,NA,NA,NA,NA,NA,NA,NA,NA,NA
110.023,1.8167,2.0102,1.0635,5.3379,NA,NA,NA,NA,NA,NA,NA,NA,NA,NA,NA,NA
110.112,1.8126,1.7809,1.0635,5.3379,NA,NA,NA,NA,NA,NA,NA,NA,NA,NA,NA,NA
110.218,1.8137,1.8418,1.0627,5.2574,NA,NA,NA,NA,NA,NA,NA,NA,NA,NA,NA,NA
110.307,1.8171,2.0328,1.0622,5.2053,NA,NA,NA,NA,NA,NA,NA,NA,NA,NA,NA,NA
110.404,1.8171,2.0328,1.0619,5.1793,NA,NA,NA,NA,NA,NA,NA,NA,NA,NA,NA,NA
110.508,1.8168,2.0121,1.0604,5.0314,NA,NA,NA,NA,NA,NA,NA,NA,NA,NA,NA,NA
110.604,1.8168,2.0121,1.0598,4.9676,NA,NA,NA,NA,NA,NA,NA,NA,NA,NA,NA,NA
110.705,1.8158,1.9565,1.0596,4.9490,NA,NA,NA,NA,NA,NA,NA,NA,NA,NA,NA,NA
110.824,1.8158,1.9565,1.0596,4.9490,NA,NA,NA,NA,NA,NA,NA,NA,NA,NA,NA,NA
110.895,1.8135,1.8289,1.0590,4.8890,NA,NA,NA,NA,NA,NA,NA,NA,NA,NA,NA,NA
111.013,1.8135,1.8289,1.0589,4.8803,NA,NA,NA,NA,NA,NA,NA,NA,NA,NA,NA,NA
111.092,1.8105,1.6599,1.0581,4.7963,NA,NA,NA,NA,NA,NA,NA,NA,NA,NA,NA,NA
111.199,1.8093,1.5903,1.0570,4.6923,NA,NA,NA,NA,NA,NA,NA,NA,NA,NA,NA,NA
111.288,1.8082,1.5337,1.0564,4.6355,NA,NA,NA,NA,NA,NA,NA,NA,NA,NA,NA,NA
111.432,1.8062,1.4191,1.0570,4.6938,NA,NA,NA,NA,NA,NA,NA,NA,NA,NA,NA,NA
111.490,1.8051,1.3572,1.0570,4.6938,NA,NA,NA,NA,NA,NA,NA,NA,NA,NA,NA,NA
111.589,1.8060,1.4054,1.0560,4.5971,NA,NA,NA,NA,NA,NA,NA,NA,NA,NA,NA,NA
111.684,1.8060,1.4054,1.0557,4.5649,NA,NA,NA,NA,NA,NA,NA,NA,NA,NA,NA,NA
111.775,1.8068,1.4513,1.0548,4.4783,NA,NA,NA,NA,NA,NA,NA,NA,NA,NA,NA,NA
111.873,1.8068,1.4513,1.0542,4.4139,NA,NA,NA,NA,NA,NA,NA,NA,NA,NA,NA,NA
111.978,1.8081,1.5254,1.0539,4.3827,NA,NA,NA,NA,NA,NA,NA,NA,NA,NA,NA,NA
112.074,1.8081,1.5254,1.0535,4.3425,NA,NA,NA,NA,NA,NA,NA,NA,NA,NA,NA,NA
112.167,1.8048,1.3415,1.0531,4.3044,NA,NA,NA,NA,NA,NA,NA,NA,NA,NA,NA,NA
112.292,1.8010,1.1258,1.0529,4.2894,NA,NA,NA,NA,NA,NA,NA,NA,NA,NA,NA,NA
112.371,1.7942,0.7452,1.0528,4.2723,NA,NA,NA,NA,NA,NA,NA,NA,NA,NA,NA,NA
112.460,1.7991,1.0181,1.0527,4.2609,NA,NA,NA,NA,NA,NA,NA,NA,NA,NA,NA,NA
112.604,1.7992,1.0280,1.0524,4.2344,NA,NA,NA,NA,NA,NA,NA,NA,NA,NA,NA,NA
112.666,1.7992,1.0280,1.0516,4.1610,NA,NA,NA,NA,NA,NA,NA,NA,NA,NA,NA,NA
112.755,1.7990,1.0156,1.0511,4.1094,NA,NA,NA,NA,NA,NA,NA,NA,NA,NA,NA,NA
112.851,1.7966,0.8792,1.0508,4.0759,NA,NA,NA,NA,NA,NA,NA,NA,NA,NA,NA,NA
112.964,1.7953,0.8067,1.0508,4.0759,NA,NA,NA,NA,NA,NA,NA,NA,NA,NA,NA,NA
113.051,1.7936,0.7127,1.0500,3.9970,NA,NA,NA,NA,NA,NA,NA,NA,NA,NA,NA,NA
113.150,1.7961,0.8546,1.0497,3.9692,NA,NA,NA,NA,NA,NA,NA,NA,NA,NA,NA,NA
113.252,1.7961,0.8546,1.0492,3.9201,NA,NA,NA,NA,NA,NA,NA,NA,NA,NA,NA,NA
113.345,1.7949,0.7866,1.0492,3.9201,NA,NA,NA,NA,NA,NA,NA,NA,NA,NA,NA,NA
113.436,1.7945,0.7647,1.0473,3.7340,NA,NA,NA,NA,NA,NA,NA,NA,NA,NA,NA,NA
113.567,1.7926,0.6540,1.0469,3.6899,NA,NA,NA,NA,NA,NA,NA,NA,NA,NA,NA,NA
113.635,1.7926,0.6540,1.0471,3.7076,NA,NA,NA,NA,NA,NA,NA,NA,NA,NA,NA,NA
113.736,1.7907,0.5484,1.0471,3.7076,NA,NA,NA,NA,NA,NA,NA,NA,NA,NA,NA,NA
113.836,1.7907,0.5484,1.0468,3.6820,NA,NA,NA,NA,NA,NA,NA,NA,NA,NA,NA,NA
113.933,1.7905,0.5368,1.0461,3.6148,NA,NA,NA,NA,NA,NA,NA,NA,NA,NA,NA,NA
114.032,1.7882,0.4096,1.0460,3.6060,NA,NA,NA,NA,NA,NA,NA,NA,NA,NA,NA,NA
114.132,1.7881,0.4029,1.0457,3.5688,NA,NA,NA,NA,NA,NA,NA,NA,NA,NA,NA,NA
114.223,1.7870,0.3388,1.0457,3.5688,NA,NA,NA,NA,NA,NA,NA,NA,NA,NA,NA,NA
114.324,1.7870,0.3388,1.0443,3.4316,NA,NA,NA,NA,NA,NA,NA,NA,NA,NA,NA,NA
114.477,1.7857,0.2666,1.0437,3.3729,NA,NA,NA,NA,NA,NA,NA,NA,NA,NA,NA,NA
114.518,1.7799,-0.0574,1.0437,3.3768,NA,NA,NA,NA,NA,NA,NA,NA,NA,NA,NA,NA
114.625,1.7798,-0.0617,1.0437,3.3768,NA,NA,NA,NA,NA,NA,NA,NA,NA,NA,NA,NA
114.716,1.7865,0.3120,1.0436,3.3672,NA,NA,NA,NA,NA,NA,NA,NA,NA,NA,NA,NA
114.844,1.7865,0.3120,1.0434,3.3450,NA,NA,NA,NA,NA,NA,NA,NA,NA,NA,NA,NA
114.909,1.7817,0.0419,1.0434,3.3397,NA,NA,NA,NA,NA,NA,NA,NA,NA,NA,NA,NA
115.002,1.7810,0.0018,1.0431,3.3101,NA,NA,NA,NA,NA,NA,NA,NA,NA,NA,NA,NA
115.110,1.7810,0.0018,1.0425,3.2563,NA,NA,NA,NA,NA,NA,NA,NA,NA,NA,NA,NA
115.205,1.7788,-0.1180,1.0425,3.2563,NA,NA,NA,NA,NA,NA,NA,NA,NA,NA,NA,NA
115.298,1.7784,-0.1416,1.0410,3.1090,NA,NA,NA,NA,NA,NA,NA,NA,NA,NA,NA,NA
115.401,1.7797,-0.0675,1.0409,3.0952,NA,NA,NA,NA,NA,NA,NA,NA,NA,NA,NA,NA
115.501,1.7804,-0.0279,1.0405,3.0614,NA,NA,NA,NA,NA,NA,NA,NA,NA,NA,NA,NA
115.654,1.7804,-0.0279,1.0399,3.0025,NA,NA,NA,NA,NA,NA,NA,NA,NA,NA,NA,NA
115.693,1.7802,-0.0412,1.0396,2.9719,NA,NA,NA,NA,NA,NA,NA,NA,NA,NA,NA,NA
115.791,1.7841,0.1781,1.0394,2.9480,NA,NA,NA,NA,NA,NA,NA,NA,NA,NA,NA,NA
115.892,1.7841,0.1781,1.0386,2.8728,NA,NA,NA,NA,NA,NA,NA,NA,NA,NA,NA,NA
115.993,1.7753,-0.3175,1.0384,2.8535,NA,NA,NA,NA,NA,NA,NA,NA,NA,NA,NA,NA
116.093,1.7739,-0.3932,1.0385,2.8609,NA,NA,NA,NA,NA,NA,NA,NA,NA,NA,NA,NA
116.185,1.7724,-0.4785,1.0385,2.8609,NA,NA,NA,NA,NA,NA,NA,NA,NA,NA,NA,NA
116.281,1.7753,-0.3138,1.0383,2.8424,NA,NA,NA,NA,NA,NA,NA,NA,NA,NA,NA,NA
116.391,1.7753,-0.3138,1.0371,2.7215,NA,NA,NA,NA,NA,NA,NA,NA,NA,NA,NA,NA
116.476,1.7734,-0.4206,1.0371,2.7180,NA,NA,NA,NA,NA,NA,NA,NA,NA,NA,NA,NA
116.579,1.7734,-0.4206,1.0362,2.6311,NA,NA,NA,NA,NA,NA,NA,NA,NA,NA,NA,NA
116.679,1.7699,-0.6205,1.0356,2.5754,NA,NA,NA,NA,NA,NA,NA,NA,NA,NA,NA,NA
116.808,1.7698,-0.6254,1.0356,2.5691,NA,NA,NA,NA,NA,NA,NA,NA,NA,NA,NA,NA
116.872,1.7690,-0.6690,1.0355,2.5621,NA,NA,NA,NA,NA,NA,NA,NA,NA,NA,NA,NA
116.971,1.7730,-0.4453,1.0359,2.5980,NA,NA,NA,NA,NA,NA,NA,NA,NA,NA,NA,NA
117.067,1.7730,-0.4453,1.0359,2.5980,NA,NA,NA,NA,NA,NA,NA,NA,NA,NA,NA,NA
117.160,1.7699,-0.6197,1.0356,2.5738,NA,NA,NA,NA,NA,NA,NA,NA,NA,NA,NA,NA
117.255,1.7699,-0.6197,1.0351,2.5174,NA,NA,NA,NA,NA,NA,NA,NA,NA,NA,NA,NA
117.405,1.7699,-0.6173,1.0350,2.5082,NA,NA,NA,NA,NA,NA,NA,NA,NA,NA,NA,NA
117.459,1.7699,-0.6173,1.0334,2.3521,NA,NA,NA,NA,NA,NA,NA,NA,NA,NA,NA,NA
117.554,1.7666,-0.8042,1.0339,2.4033,NA,NA,NA,NA,NA,NA,NA,NA,NA,NA,NA,NA
117.648,1.7661,-0.8309,1.0339,2.4033,NA,NA,NA,NA,NA,NA,NA,NA,NA,NA,NA,NA
117.752,1.7662,-0.8264,1.0337,2.3882,NA,NA,NA,NA,NA,NA,NA,NA,NA,NA,NA,NA
117.861,1.7667,-0.7967,1.0334,2.3572,NA,NA,NA,NA,NA,NA,NA,NA,NA,NA,NA,NA
117.948,1.7667,-0.7967,1.0336,2.3733,NA,NA,NA,NA,NA,NA,NA,NA,NA,NA,NA,NA
118.053,1.7643,-0.9355,1.0336,2.3733,NA,NA,NA,NA,NA,NA,NA,NA,NA,NA,NA,NA
118.140,1.7640,-0.9483,1.0324,2.2554,NA,NA,NA,NA,NA,NA,NA,NA,NA,NA,NA,NA
118.241,1.7634,-0.9829,1.0330,2.3173,NA,NA,NA,NA,NA,NA,NA,NA,NA,NA,NA,NA
118.347,1.7628,-1.0162,1.0330,2.3173,NA,NA,NA,NA,NA,NA,NA,NA,NA,NA,NA,NA
118.435,1.7608,-1.1320,1.0326,2.2746,NA,NA,NA,NA,NA,NA,NA,NA,NA,NA,NA,NA
118.532,1.7621,-1.0544,1.0317,2.1843,NA,NA,NA,NA,NA,NA,NA,NA,NA,NA,NA,NA
118.655,1.7621,-1.0544,1.0317,2.1843,NA,NA,NA,NA,NA,NA,NA,NA,NA,NA,NA,NA
118.730,1.7601,-1.1719,1.0302,2.0328,NA,NA,NA,NA,NA,NA,NA,NA,NA,NA,NA,NA
118.831,1.7602,-1.1621,1.0307,2.0861,NA,NA,NA,NA,NA,NA,NA,NA,NA,NA,NA,NA
118.925,1.7602,-1.1621,1.0307,2.0861,NA,NA,NA,NA,NA,NA,NA,NA,NA,NA,NA,NA
119.025,1.7581,-1.2816,1.0294,1.9582,NA,NA,NA,NA,NA,NA,NA,NA,NA,NA,NA,NA
119.120,1.7576,-1.3101,1.0285,1.8652,NA,NA,NA,NA,NA,NA,NA,NA,NA,NA,NA,NA
119.226,1.7579,-1.2946,1.0285,1.8652,NA,NA,NA,NA,NA,NA,NA,NA,NA,NA,NA,NA
119.316,1.7579,-1.2946,1.0284,1.8617,NA,NA,NA,NA,NA,NA,NA,NA,NA,NA,NA,NA
119.413,1.7545,-1.4826,1.0294,1.9553,NA,NA,NA,NA,NA,NA,NA,NA,NA,NA,NA,NA
119.512,1.7534,-1.5482,1.0294,1.9553,NA,NA,NA,NA,NA,NA,NA,NA,NA,NA,NA,NA
119.612,1.7534,-1.5482,1.0287,1.8890,NA,NA,NA,NA,NA,NA,NA,NA,NA,NA,NA,NA
119.706,1.7536,-1.5343,1.0286,1.8760,NA,NA,NA,NA,NA,NA,NA,NA,NA,NA,NA,NA
119.864,1.7539,-1.5179,1.0286,1.8760,NA,NA,NA,NA,NA,NA,NA,NA,NA,NA,NA,NA
119.893,1.7544,-1.4900,1.0285,1.8733,NA,NA,NA,NA,NA,NA,NA,NA,NA,NA,NA,NA
120.004,1.7568,-1.3563,1.0285,1.8733,NA,NA,NA,NA,NA,NA,NA,NA,NA,NA,NA,NA
120.104,1.7568,-1.3563,1.0283,1.8461,NA,NA,NA,NA,NA,NA,NA,NA,NA,NA,NA,NA
120.198,1.7546,-1.4766,1.0275,1.7660,NA,NA,NA,NA,NA,NA,NA,NA,NA,NA,NA,NA
120.298,1.7546,-1.4781,1.0267,1.6948,NA,NA,NA,NA,NA,NA,NA,NA,NA,NA,NA,NA
120.434,1.7530,-1.5657,1.0267,1.6930,NA,NA,NA,NA,NA,NA,NA,NA,NA,NA,NA,NA
120.491,1.7527,-1.5833,1.0266,1.6850,NA,NA,NA,NA,NA,NA,NA,NA,NA,NA,NA,NA
120.592,1.7519,-1.6297,1.0258,1.6045,NA,NA,NA,NA,NA,NA,NA,NA,NA,NA,NA,NA
120.694,1.7530,-1.5657,1.0256,1.5855,NA,NA,NA,NA,NA,NA,NA,NA,NA,NA,NA,NA
120.787,1.7530,-1.5657,1.0257,1.5930,NA,NA,NA,NA,NA,NA,NA,NA,NA,NA,NA,NA
120.882,1.7523,-1.6084,1.0257,1.5930,NA,NA,NA,NA,NA,NA,NA,NA,NA,NA,NA,NA
120.984,1.7523,-1.6084,1.0249,1.5112,NA,NA,NA,NA,NA,NA,NA,NA,NA,NA,NA,NA
121.075,1.7518,-1.6336,1.0247,1.4881,NA,NA,NA,NA,NA,NA,NA,NA,NA,NA,NA,NA
121.185,1.7518,-1.6336,1.0243,1.4573,NA,NA,NA,NA,NA,NA,NA,NA,NA,NA,NA,NA
121.277,1.7493,-1.7745,1.0240,1.4209,NA,NA,NA,NA,NA,NA,NA,NA,NA,NA,NA,NA
121.374,1.7469,-1.9116,1.0240,1.4209,NA,NA,NA,NA,NA,NA,NA,NA,NA,NA,NA,NA
121.471,1.7469,-1.9116,1.0235,1.3685,NA,NA,NA,NA,NA,NA,NA,NA,NA,NA,NA,NA
121.569,1.7500,-1.7366,1.0229,1.3151,NA,NA,NA,NA,NA,NA,NA,NA,NA,NA,NA,NA
121.664,1.7500,-1.7366,1.0229,1.3177,NA,NA,NA,NA,NA,NA,NA,NA,NA,NA,NA,NA
121.757,1.7397,-2.3160,1.0232,1.3386,NA,NA,NA,NA,NA,NA,NA,NA,NA,NA,NA,NA
121.862,1.7420,-2.1858,1.0232,1.3386,NA,NA,NA,NA,NA,NA,NA,NA,NA,NA,NA,NA
121.967,1.7420,-2.1858,1.0227,1.2981,NA,NA,NA,NA,NA,NA,NA,NA,NA,NA,NA,NA
122.055,1.7418,-2.1978,1.0227,1.2934,NA,NA,NA,NA,NA,NA,NA,NA,NA,NA,NA,NA
122.156,1.7418,-2.1978,1.0222,1.2443,NA,NA,NA,NA,NA,NA,NA,NA,NA,NA,NA,NA
122.291,1.7450,-2.0200,1.0222,1.2443,NA,NA,NA,NA,NA,NA,NA,NA,NA,NA,NA,NA
122.350,1.7450,-2.0200,1.0213,1.1577,NA,NA,NA,NA,NA,NA,NA,NA,NA,NA,NA,NA
122.453,1.7434,-2.1076,1.0205,1.0741,NA,NA,NA,NA,NA,NA,NA,NA,NA,NA,NA,NA
122.563,1.7424,-2.1606,1.0204,1.0625,NA,NA,NA,NA,NA,NA,NA,NA,NA,NA,NA,NA
122.646,1.7424,-2.1606,1.0203,1.0551,NA,NA,NA,NA,NA,NA,NA,NA,NA,NA,NA,NA
122.750,1.7432,-2.1165,1.0201,1.0337,NA,NA,NA,NA,NA,NA,NA,NA,NA,NA,NA,NA
122.857,1.7432,-2.1165,1.0196,0.9876,NA,NA,NA,NA,NA,NA,NA,NA,NA,NA,NA,NA
122.943,1.7419,-2.1887,1.0194,0.9710,NA,NA,NA,NA,NA,NA,NA,NA,NA,NA,NA,NA
123.034,1.7419,-2.1939,1.0190,0.9284,NA,NA,NA,NA,NA,NA,NA,NA,NA,NA,NA,NA
123.134,1.7394,-2.3336,1.0183,0.8617,NA,NA,NA,NA,NA,NA,NA,NA,NA,NA,NA,NA
123.233,1.7394,-2.3336,1.0179,0.8234,NA,NA,NA,NA,NA,NA,NA,NA,NA,NA,NA,NA
123.332,1.7343,-2.6164,1.0178,0.8063,NA,NA,NA,NA,NA,NA,NA,NA,NA,NA,NA,NA
123.487,1.7321,-2.7417,1.0178,0.8063,NA,NA,NA,NA,NA,NA,NA,NA,NA,NA,NA,NA
123.528,1.7323,-2.7331,1.0169,0.7196,NA,NA,NA,NA,NA,NA,NA,NA,NA,NA,NA,NA
123.625,1.7348,-2.5895,1.0166,0.6933,NA,NA,NA,NA,NA,NA,NA,NA,NA,NA,NA,NA
123.724,1.7348,-2.5895,1.0162,0.6494,NA,NA,NA,NA,NA,NA,NA,NA,NA,NA,NA,NA
123.817,1.7330,-2.6898,1.0175,0.7774,NA,NA,NA,NA,NA,NA,NA,NA,NA,NA,NA,NA
123.917,1.7668,-0.7934,1.0258,1.6007,NA,NA,NA,NA,NA,NA,NA,NA,NA,NA,NA,NA
124.051,1.8110,1.6877,1.0345,2.4591,NA,NA,NA,NA,NA,NA,NA,NA,NA,NA,NA,NA
124.109,1.8347,3.0194,1.0459,3.5940,NA,NA,NA,NA,NA,NA,NA,NA,NA,NA,NA,NA
124.216,1.8731,5.1735,1.0552,4.5145,NA,NA,NA,NA,NA,NA,NA,NA,NA,NA,NA,NA
124.304,1.8901,6.1289,1.0681,5.7894,NA,NA,NA,NA,NA,NA,NA,NA,NA,NA,NA,NA
124.412,1.9175,7.6712,1.0780,6.7686,NA,NA,NA,NA,NA,NA,NA,NA,NA,NA,NA,NA
124.504,1.9288,8.3023,1.0877,7.7314,NA,NA,NA,NA,NA,NA,NA,NA,NA,NA,NA,NA
124.627,1.9441,9.1595,1.0976,8.7095,NA,NA,NA,NA,NA,NA,NA,NA,NA,NA,NA,NA
124.704,1.9692,10.5697,1.1059,9.5347,NA,NA,NA,NA,NA,NA,NA,NA,NA,NA,NA,NA
124.805,1.9885,11.6532,1.1146,10.3966,NA,NA,NA,NA,NA,NA,NA,NA,NA,NA,NA,NA
124.896,2.0063,12.6541,1.1206,10.9914,NA,NA,NA,NA,NA,NA,NA,NA,NA,NA,NA,NA
125.000,2.0144,13.1075,1.1286,11.7866,NA,NA,NA,NA,NA,NA,NA,NA,NA,NA,NA,NA
125.091,2.0301,13.9898,1.1353,12.4482,NA,NA,NA,NA,NA,NA,NA,NA,NA,NA,NA,NA
125.190,2.0460,14.8815,1.1407,12.9795,NA,NA,NA,NA,NA,NA,NA,NA,NA,NA,NA,NA
125.292,2.0587,15.5997,1.1454,13.4455,NA,NA,NA,NA,NA,NA,NA,NA,NA,NA,NA,NA
125.384,2.0633,15.8579,1.1490,13.8054,NA,NA,NA,NA,NA,NA,NA,NA,NA,NA,NA,NA
125.484,2.0659,15.9990,1.1512,14.0189,NA,NA,NA,NA,NA,NA,NA,NA,NA,NA,NA,NA
125.578,2.0712,16.2998,1.1521,14.1073,NA,NA,NA,NA,NA,NA,NA,NA,NA,NA,NA,NA
125.686,2.0712,16.2998,1.1532,14.2165,NA,NA,NA,NA,NA,NA,NA,NA,NA,NA,NA,NA
125.828,2.0613,15.7408,1.1532,14.2165,NA,NA,NA,NA,NA,NA,NA,NA,NA,NA,NA,NA
125.877,2.0553,15.4087,1.1503,13.9291,NA,NA,NA,NA,NA,NA,NA,NA,NA,NA,NA,NA
125.972,2.0334,14.1792,1.1465,13.5590,NA,NA,NA,NA,NA,NA,NA,NA,NA,NA,NA,NA
126.075,2.0259,13.7559,1.1418,13.0918,NA,NA,NA,NA,NA,NA,NA,NA,NA,NA,NA,NA
126.172,2.0028,12.4592,1.1361,12.5244,NA,NA,NA,NA,NA,NA,NA,NA,NA,NA,NA,NA
126.269,1.9900,11.7372,1.1323,12.1511,NA,NA,NA,NA,NA,NA,NA,NA,NA,NA,NA,NA
126.368,1.9823,11.3080,1.1302,11.9397,NA,NA,NA,NA,NA,NA,NA,NA,NA,NA,NA,NA
126.465,1.9785,11.0957,1.1271,11.6350,NA,NA,NA,NA,NA,NA,NA,NA,NA,NA,NA,NA
126.565,1.9762,10.9672,1.1253,11.4588,NA,NA,NA,NA,NA,NA,NA,NA,NA,NA,NA,NA
126.658,1.9674,10.4688,1.1228,11.2063,NA,NA,NA,NA,NA,NA,NA,NA,NA,NA,NA,NA
126.763,1.9674,10.4688,1.1213,11.0570,NA,NA,NA,NA,NA,NA,NA,NA,NA,NA,NA,NA
126.860,1.9626,10.2028,1.1190,10.8292,NA,NA,NA,NA,NA,NA,NA,NA,NA,NA,NA,NA
126.953,1.9525,9.6326,1.1178,10.7149,NA,NA,NA,NA,NA,NA,NA,NA,NA,NA,NA,NA
127.052,1.9511,9.5575,1.1171,10.6454,NA,NA,NA,NA,NA,NA,NA,NA,NA,NA,NA,NA
127.153,1.9506,9.5244,1.1167,10.6005,NA,NA,NA,NA,NA,NA,NA,NA,NA,NA,NA,NA
127.260,1.9506,9.5244,1.1156,10.4992,NA,NA,NA,NA,NA,NA,NA,NA,NA,NA,NA,NA
127.346,1.9466,9.3032,1.1131,10.2446,NA,NA,NA,NA,NA,NA,NA,NA,NA,NA,NA,NA
127.443,1.9466,9.3032,1.1116,10.0985,NA,NA,NA,NA,NA,NA,NA,NA,NA,NA,NA,NA
127.540,1.9364,8.7300,1.1107,10.0062,NA,NA,NA,NA,NA,NA,NA,NA,NA,NA,NA,NA
127.683,1.9351,8.6568,1.1093,9.8703,NA,NA,NA,NA,NA,NA,NA,NA,NA,NA,NA,NA
127.735,1.9301,8.3780,1.1070,9.6413,NA,NA,NA,NA,NA,NA,NA,NA,NA,NA,NA,NA
127.833,1.9213,7.8818,1.1050,9.4458,NA,NA,NA,NA,NA,NA,NA,NA,NA,NA,NA,NA
127.931,1.9213,7.8818,1.1033,9.2815,NA,NA,NA,NA,NA,NA,NA,NA,NA,NA,NA,NA
128.039,1.9198,7.7968,1.1024,9.1877,NA,NA,NA,NA,NA,NA,NA,NA,NA,NA,NA,NA
128.127,1.9198,7.7968,1.1007,9.0245,NA,NA,NA,NA,NA,NA,NA,NA,NA,NA,NA,NA
128.255,1.9197,7.7936,1.0998,8.9336,NA,NA,NA,NA,NA,NA,NA,NA,NA,NA,NA,NA
128.334,1.9213,7.8809,1.1003,8.9828,NA,NA,NA,NA,NA,NA,NA,NA,NA,NA,NA,NA
128.418,1.9377,8.8031,1.1077,9.7113,NA,NA,NA,NA,NA,NA,NA,NA,NA,NA,NA,NA
128.516,1.9651,10.3437,1.1141,10.3425,NA,NA,NA,NA,NA,NA,NA,NA,NA,NA,NA,NA
128.616,1.9801,11.1822,1.1222,11.1515,NA,NA,NA,NA,NA,NA,NA,NA,NA,NA,NA,NA
128.712,1.9920,11.8530,1.1261,11.5344,NA,NA,NA,NA,NA,NA,NA,NA,NA,NA,NA,NA
128.873,1.9963,12.0921,1.1285,11.7777,NA,NA,NA,NA,NA,NA,NA,NA,NA,NA,NA,NA
128.925,1.9970,12.1342,1.1297,11.8888,NA,NA,NA,NA,NA,NA,NA,NA,NA,NA,NA,NA
129.008,1.9970,12.1342,1.1297,11.8948,NA,NA,NA,NA,NA,NA,NA,NA,NA,NA,NA,NA
129.112,1.9935,11.9388,1.1302,11.9398,NA,NA,NA,NA,NA,NA,NA,NA,NA,NA,NA,NA
129.203,1.9932,11.9219,1.1302,11.9398,NA,NA,NA,NA,NA,NA,NA,NA,NA,NA,NA,NA
129.300,1.9846,11.4363,1.1301,11.9315,NA,NA,NA,NA,NA,NA,NA,NA,NA,NA,NA,NA
129.405,1.9746,10.8769,1.1291,11.8370,NA,NA,NA,NA,NA,NA,NA,NA,NA,NA,NA,NA
129.497,1.9679,10.4962,1.1268,11.6045,NA,NA,NA,NA,NA,NA,NA,NA,NA,NA,NA,NA
129.595,1.9509,9.5443,1.1243,11.3611,NA,NA,NA,NA,NA,NA,NA,NA,NA,NA,NA,NA
129.693,1.9428,9.0878,1.1187,10.8045,NA,NA,NA,NA,NA,NA,NA,NA,NA,NA,NA,NA
129.799,1.9309,8.4208,1.1160,10.5336,NA,NA,NA,NA,NA,NA,NA,NA,NA,NA,NA,NA
129.888,1.9253,8.1063,1.1142,10.3599,NA,NA,NA,NA,NA,NA,NA,NA,NA,NA,NA,NA
129.986,1.9182,7.7076,1.1127,10.2053,NA,NA,NA,NA,NA,NA,NA,NA,NA,NA,NA,NA
130.096,1.9156,7.5600,1.1108,10.0174,NA,NA,NA,NA,NA,NA,NA,NA,NA,NA,NA,NA
130.206,1.9106,7.2829,1.1095,9.8936,NA,NA,NA,NA,NA,NA,NA,NA,NA,NA,NA,NA
130.277,1.9094,7.2116,1.1076,9.7066,NA,NA,NA,NA,NA,NA,NA,NA,NA,NA,NA,NA
130.378,1.9037,6.8943,1.1064,9.5812,NA,NA,NA,NA,NA,NA,NA,NA,NA,NA,NA,NA
130.485,1.8981,6.5772,1.1044,9.3826,NA,NA,NA,NA,NA,NA,NA,NA,NA,NA,NA,NA
130.631,1.8943,6.3659,1.1025,9.2003,NA,NA,NA,NA,NA,NA,NA,NA,NA,NA,NA,NA
130.673,1.8929,6.2865,1.1013,9.0833,NA,NA,NA,NA,NA,NA,NA,NA,NA,NA,NA,NA
130.779,1.8929,6.2865,1.0999,8.9391,NA,NA,NA,NA,NA,NA,NA,NA,NA,NA,NA,NA
130.873,1.8943,6.3677,1.0986,8.8153,NA,NA,NA,NA,NA,NA,NA,NA,NA,NA,NA,NA
130.967,1.9148,7.5148,1.1014,9.0869,NA,NA,NA,NA,NA,NA,NA,NA,NA,NA,NA,NA
131.065,1.9445,9.1862,1.1088,9.8231,NA,NA,NA,NA,NA,NA,NA,NA,NA,NA,NA,NA
131.168,1.9606,10.0911,1.1178,10.7178,NA,NA,NA,NA,NA,NA,NA,NA,NA,NA,NA,NA
131.278,1.9686,10.5388,1.1246,11.3914,NA,NA,NA,NA,NA,NA,NA,NA,NA,NA,NA,NA
131.359,1.9735,10.8144,1.1279,11.7112,NA,NA,NA,NA,NA,NA,NA,NA,NA,NA,NA,NA
131.455,1.9745,10.8712,1.1285,11.7761,NA,NA,NA,NA,NA,NA,NA,NA,NA,NA,NA,NA
131.563,1.9802,11.1894,1.1292,11.8422,NA,NA,NA,NA,NA,NA,NA,NA,NA,NA,NA,NA
131.654,1.9802,11.1894,1.1292,11.8422,NA,NA,NA,NA,NA,NA,NA,NA,NA,NA,NA,NA
131.752,1.9743,10.8601,1.1283,11.7496,NA,NA,NA,NA,NA,NA,NA,NA,NA,NA,NA,NA
131.872,1.9701,10.6244,1.1258,11.5030,NA,NA,NA,NA,NA,NA,NA,NA,NA,NA,NA,NA
131.943,1.9549,9.7687,1.1219,11.1211,NA,NA,NA,NA,NA,NA,NA,NA,NA,NA,NA,NA
132.045,1.9448,9.2040,1.1190,10.8297,NA,NA,NA,NA,NA,NA,NA,NA,NA,NA,NA,NA
132.138,1.9338,8.5833,1.1174,10.6690,NA,NA,NA,NA,NA,NA,NA,NA,NA,NA,NA,NA
132.236,1.9293,8.3299,1.1140,10.3359,NA,NA,NA,NA,NA,NA,NA,NA,NA,NA,NA,NA
132.402,1.9281,8.2652,1.1122,10.1543,NA,NA,NA,NA,NA,NA,NA,NA,NA,NA,NA,NA
132.440,1.9201,7.8139,1.1088,9.8205,NA,NA,NA,NA,NA,NA,NA,NA,NA,NA,NA,NA
132.532,1.9163,7.6000,1.1056,9.5016,NA,NA,NA,NA,NA,NA,NA,NA,NA,NA,NA,NA
132.640,1.9092,7.2002,1.1025,9.1955,NA,NA,NA,NA,NA,NA,NA,NA,NA,NA,NA,NA
132.746,1.9073,7.0969,1.1010,9.0455,NA,NA,NA,NA,NA,NA,NA,NA,NA,NA,NA,NA
132.823,1.9053,6.9857,1.0999,8.9426,NA,NA,NA,NA,NA,NA,NA,NA,NA,NA,NA,NA
132.925,1.9041,6.9145,1.0993,8.8761,NA,NA,NA,NA,NA,NA,NA,NA,NA,NA,NA,NA
133.021,1.9029,6.8482,1.0981,8.7637,NA,NA,NA,NA,NA,NA,NA,NA,NA,NA,NA,NA
133.135,1.8991,6.6372,1.0974,8.6883,NA,NA,NA,NA,NA,NA,NA,NA,NA,NA,NA,NA
133.217,1.8976,6.5537,1.0961,8.5632,NA,NA,NA,NA,NA,NA,NA,NA,NA,NA,NA,NA
133.330,1.8946,6.3850,1.0954,8.4988,NA,NA,NA,NA,NA,NA,NA,NA,NA,NA,NA,NA
133.423,1.8932,6.3048,1.0940,8.3576,NA,NA,NA,NA,NA,NA,NA,NA,NA,NA,NA,NA
133.513,1.8909,6.1744,1.0936,8.3134,NA,NA,NA,NA,NA,NA,NA,NA,NA,NA,NA,NA
133.659,1.8900,6.1218,1.0936,8.3134,NA,NA,NA,NA,NA,NA,NA,NA,NA,NA,NA,NA
133.709,1.8878,6.0030,1.0932,8.2746,NA,NA,NA,NA,NA,NA,NA,NA,NA,NA,NA,NA
133.809,1.8874,5.9783,1.0922,8.1760,NA,NA,NA,NA,NA,NA,NA,NA,NA,NA,NA,NA
133.903,1.8874,5.9783,1.0925,8.2043,NA,NA,NA,NA,NA,NA,NA,NA,NA,NA,NA,NA
134.002,1.8829,5.7267,1.0925,8.2043,NA,NA,NA,NA,NA,NA,NA,NA,NA,NA,NA,NA
134.111,1.8829,5.7267,1.0908,8.0361,NA,NA,NA,NA,NA,NA,NA,NA,NA,NA,NA,NA
134.201,1.8803,5.5791,1.0901,7.9737,NA,NA,NA,NA,NA,NA,NA,NA,NA,NA,NA,NA
134.303,1.8801,5.5668,1.0899,7.9492,NA,NA,NA,NA,NA,NA,NA,NA,NA,NA,NA,NA
134.393,1.8794,5.5268,1.0899,7.9492,NA,NA,NA,NA,NA,NA,NA,NA,NA,NA,NA,NA
134.496,1.8796,5.5396,1.0895,7.9123,NA,NA,NA,NA,NA,NA,NA,NA,NA,NA,NA,NA
134.586,1.8796,5.5396,1.0879,7.7551,NA,NA,NA,NA,NA,NA,NA,NA,NA,NA,NA,NA
134.695,1.8801,5.5711,1.0878,7.7454,NA,NA,NA,NA,NA,NA,NA,NA,NA,NA,NA,NA
134.787,1.8801,5.5711,1.0873,7.6926,NA,NA,NA,NA,NA,NA,NA,NA,NA,NA,NA,NA
134.881,1.8781,5.4587,1.0873,7.6926,NA,NA,NA,NA,NA,NA,NA,NA,NA,NA,NA,NA
134.984,1.8781,5.4587,1.0852,7.4856,NA,NA,NA,NA,NA,NA,NA,NA,NA,NA,NA,NA
135.079,1.8715,5.0861,1.0850,7.4607,NA,NA,NA,NA,NA,NA,NA,NA,NA,NA,NA,NA
135.174,1.8715,5.0861,1.0858,7.5453,NA,NA,NA,NA,NA,NA,NA,NA,NA,NA,NA,NA
135.270,1.8631,4.6142,1.0858,7.5453,NA,NA,NA,NA,NA,NA,NA,NA,NA,NA,NA,NA
135.369,1.8671,4.8404,1.0845,7.4128,NA,NA,NA,NA,NA,NA,NA,NA,NA,NA,NA,NA
135.475,1.8682,4.8976,1.0843,7.3904,NA,NA,NA,NA,NA,NA,NA,NA,NA,NA,NA,NA
135.566,1.8682,4.8976,1.0839,7.3527,NA,NA,NA,NA,NA,NA,NA,NA,NA,NA,NA,NA
135.662,1.8644,4.6852,1.0838,7.3482,NA,NA,NA,NA,NA,NA,NA,NA,NA,NA,NA,NA
135.760,1.8637,4.6476,1.0823,7.1982,NA,NA,NA,NA,NA,NA,NA,NA,NA,NA,NA,NA
135.855,1.8627,4.5942,1.0829,7.2522,NA,NA,NA,NA,NA,NA,NA,NA,NA,NA,NA,NA
135.989,1.8624,4.5731,1.0829,7.2522,NA,NA,NA,NA,NA,NA,NA,NA,NA,NA,NA,NA
136.056,1.8624,4.5731,1.0819,7.1532,NA,NA,NA,NA,NA,NA,NA,NA,NA,NA,NA,NA
136.164,1.8598,4.4281,1.0815,7.1168,NA,NA,NA,NA,NA,NA,NA,NA,NA,NA,NA,NA
136.250,1.8598,4.4281,1.0810,7.0674,NA,NA,NA,NA,NA,NA,NA,NA,NA,NA,NA,NA
136.346,1.8540,4.1043,1.0806,7.0313,NA,NA,NA,NA,NA,NA,NA,NA,NA,NA,NA,NA
136.450,1.8535,4.0754,1.0806,7.0313,NA,NA,NA,NA,NA,NA,NA,NA,NA,NA,NA,NA
136.544,1.8502,3.8900,1.0798,6.9491,NA,NA,NA,NA,NA,NA,NA,NA,NA,NA,NA,NA
136.674,1.8530,4.0460,1.0792,6.8887,NA,NA,NA,NA,NA,NA,NA,NA,NA,NA,NA,NA
136.739,1.8530,4.0460,1.0791,6.8825,NA,NA,NA,NA,NA,NA,NA,NA,NA,NA,NA,NA
136.839,1.8530,4.0472,1.0778,6.7516,NA,NA,NA,NA,NA,NA,NA,NA,NA,NA,NA,NA
136.935,1.8530,4.0472,1.0775,6.7170,NA,NA,NA,NA,NA,NA,NA,NA,NA,NA,NA,NA
137.034,1.8517,3.9757,1.0775,6.7170,NA,NA,NA,NA,NA,NA,NA,NA,NA,NA,NA,NA
137.130,1.8517,3.9757,1.0770,6.6681,NA,NA,NA,NA,NA,NA,NA,NA,NA,NA,NA,NA
137.230,1.8484,3.7898,1.0762,6.5915,NA,NA,NA,NA,NA,NA,NA,NA,NA,NA,NA,NA
137.326,1.8477,3.7469,1.0764,6.6107,NA,NA,NA,NA,NA,NA,NA,NA,NA,NA,NA,NA
137.428,1.8477,3.7469,1.0764,6.6107,NA,NA,NA,NA,NA,NA,NA,NA,NA,NA,NA,NA
137.523,1.8461,3.6573,1.0757,6.5475,NA,NA,NA,NA,NA,NA,NA,NA,NA,NA,NA,NA
137.624,1.8461,3.6573,1.0749,6.4618,NA,NA,NA,NA,NA,NA,NA,NA,NA,NA,NA,NA
137.720,1.8453,3.6153,1.0748,6.4496,NA,NA,NA,NA,NA,NA,NA,NA,NA,NA,NA,NA
137.905,1.8453,3.6153,1.0741,6.3819,NA,NA,NA,NA,NA,NA,NA,NA,NA,NA,NA,NA
137.918,1.8414,3.3976,1.0735,6.3285,NA,NA,NA,NA,NA,NA,NA,NA,NA,NA,NA,NA
138.010,1.8403,3.3310,1.0730,6.2808,NA,NA,NA,NA,NA,NA,NA,NA,NA,NA,NA,NA
138.113,1.8404,3.3421,1.0726,6.2325,NA,NA,NA,NA,NA,NA,NA,NA,NA,NA,NA,NA
138.209,1.8427,3.4704,1.0728,6.2542,NA,NA,NA,NA,NA,NA,NA,NA,NA,NA,NA,NA
138.302,1.8427,3.4704,1.0730,6.2754,NA,NA,NA,NA,NA,NA,NA,NA,NA,NA,NA,NA
138.435,1.8409,3.3661,1.0730,6.2754,NA,NA,NA,NA,NA,NA,NA,NA,NA,NA,NA,NA
138.505,1.8409,3.3661,1.0723,6.2026,NA,NA,NA,NA,NA,NA,NA,NA,NA,NA,NA,NA
138.599,1.8361,3.0957,1.0718,6.1524,NA,NA,NA,NA,NA,NA,NA,NA,NA,NA,NA,NA
138.703,1.8344,3.0040,1.0715,6.1265,NA,NA,NA,NA,NA,NA,NA,NA,NA,NA,NA,NA
138.794,1.8325,2.8974,1.0708,6.0604,NA,NA,NA,NA,NA,NA,NA,NA,NA,NA,NA,NA
138.895,1.8274,2.6082,1.0703,6.0111,NA,NA,NA,NA,NA,NA,NA,NA,NA,NA,NA,NA
139.023,1.8276,2.6212,1.0697,5.9470,NA,NA,NA,NA,NA,NA,NA,NA,NA,NA,NA,NA
139.094,1.8295,2.7283,1.0688,5.8559,NA,NA,NA,NA,NA,NA,NA,NA,NA,NA,NA,NA
139.191,1.8301,2.7618,1.0684,5.8158,NA,NA,NA,NA,NA,NA,NA,NA,NA,NA,NA,NA
139.292,1.8301,2.7618,1.0675,5.7326,NA,NA,NA,NA,NA,NA,NA,NA,NA,NA,NA,NA
139.387,1.8295,2.7257,1.0672,5.7062,NA,NA,NA,NA,NA,NA,NA,NA,NA,NA,NA,NA
139.479,1.8290,2.7010,1.0669,5.6699,NA,NA,NA,NA,NA,NA,NA,NA,NA,NA,NA,NA
139.592,1.8218,2.2959,1.0669,5.6699,NA,NA,NA,NA,NA,NA,NA,NA,NA,NA,NA,NA
139.678,1.8230,2.3601,1.0662,5.6027,NA,NA,NA,NA,NA,NA,NA,NA,NA,NA,NA,NA
139.773,1.8280,2.6422,1.0662,5.6027,NA,NA,NA,NA,NA,NA,NA,NA,NA,NA,NA,NA
139.876,1.8280,2.6422,1.0658,5.5658,NA,NA,NA,NA,NA,NA,NA,NA,NA,NA,NA,NA
139.971,1.8307,2.7930,1.0647,5.4531,NA,NA,NA,NA,NA,NA,NA,NA,NA,NA,NA,NA
140.074,1.8307,2.7930,1.0643,5.4095,NA,NA,NA,NA,NA,NA,NA,NA,NA,NA,NA,NA
140.165,1.8270,2.5894,1.0643,5.4095,NA,NA,NA,NA,NA,NA,NA,NA,NA,NA,NA,NA
140.268,1.8228,2.3514,1.0632,5.3057,NA,NA,NA,NA,NA,NA,NA,NA,NA,NA,NA,NA
140.362,1.8213,2.2658,1.0640,5.3882,NA,NA,NA,NA,NA,NA,NA,NA,NA,NA,NA,NA
140.461,1.8192,2.1512,1.0640,5.3882,NA,NA,NA,NA,NA,NA,NA,NA,NA,NA,NA,NA
140.558,1.8192,2.1512,1.0628,5.2676,NA,NA,NA,NA,NA,NA,NA,NA,NA,NA,NA,NA
140.666,1.8169,2.0225,1.0628,5.2631,NA,NA,NA,NA,NA,NA,NA,NA,NA,NA,NA,NA
140.806,1.8156,1.9495,1.0625,5.2329,NA,NA,NA,NA,NA,NA,NA,NA,NA,NA,NA,NA
140.853,1.8156,1.9467,1.0622,5.2074,NA,NA,NA,NA,NA,NA,NA,NA,NA,NA,NA,NA
140.951,1.8156,1.9467,1.0621,5.1936,NA,NA,NA,NA,NA,NA,NA,NA,NA,NA,NA,NA
141.044,1.8157,1.9513,1.0619,5.1723,NA,NA,NA,NA,NA,NA,NA,NA,NA,NA,NA,NA
141.145,1.8157,1.9513,1.0614,5.1244,NA,NA,NA,NA,NA,NA,NA,NA,NA,NA,NA,NA
141.248,1.8168,2.0130,1.0610,5.0884,NA,NA,NA,NA,NA,NA,NA,NA,NA,NA,NA,NA
141.395,1.8168,2.0130,1.0607,5.0533,NA,NA,NA,NA,NA,NA,NA,NA,NA,NA,NA,NA
141.440,1.8130,1.8030,1.0602,5.0083,NA,NA,NA,NA,NA,NA,NA,NA,NA,NA,NA,NA
141.537,1.8124,1.7662,1.0600,4.9902,NA,NA,NA,NA,NA,NA,NA,NA,NA,NA,NA,NA
141.637,1.8103,1.6502,1.0592,4.9136,NA,NA,NA,NA,NA,NA,NA,NA,NA,NA,NA,NA
141.732,1.8133,1.8160,1.0592,4.9096,NA,NA,NA,NA,NA,NA,NA,NA,NA,NA,NA,NA
141.846,1.8133,1.8160,1.0582,4.8094,NA,NA,NA,NA,NA,NA,NA,NA,NA,NA,NA,NA
141.928,1.8124,1.7678,1.0576,4.7490,NA,NA,NA,NA,NA,NA,NA,NA,NA,NA,NA,NA
142.099,1.8124,1.7678,1.0572,4.7080,NA,NA,NA,NA,NA,NA,NA,NA,NA,NA,NA,NA
142.123,1.8095,1.6044,1.0566,4.6530,NA,NA,NA,NA,NA,NA,NA,NA,NA,NA,NA,NA
142.226,1.8095,1.6044,1.0566,4.6530,NA,NA,NA,NA,NA,NA,NA,NA,NA,NA,NA,NA
142.318,1.8069,1.4599,1.0557,4.5615,NA,NA,NA,NA,NA,NA,NA,NA,NA,NA,NA,NA
142.417,1.8063,1.4253,1.0554,4.5339,NA,NA,NA,NA,NA,NA,NA,NA,NA,NA,NA,NA
142.520,1.8056,1.3871,1.0550,4.4885,NA,NA,NA,NA,NA,NA,NA,NA,NA,NA,NA,NA
142.610,1.8061,1.4123,1.0550,4.4885,NA,NA,NA,NA,NA,NA,NA,NA,NA,NA,NA,NA
142.719,1.8061,1.4123,1.0539,4.3883,NA,NA,NA,NA,NA,NA,NA,NA,NA,NA,NA,NA
142.812,1.8065,1.4373,1.0535,4.3432,NA,NA,NA,NA,NA,NA,NA,NA,NA,NA,NA,NA
142.905,1.8065,1.4373,1.0531,4.3039,NA,NA,NA,NA,NA,NA,NA,NA,NA,NA,NA,NA
143.008,1.8034,1.2604,1.0529,4.2892,NA,NA,NA,NA,NA,NA,NA,NA,NA,NA,NA,NA
143.111,1.8018,1.1711,1.0529,4.2892,NA,NA,NA,NA,NA,NA,NA,NA,NA,NA,NA,NA
143.202,1.8020,1.1823,1.0519,4.1821,NA,NA,NA,NA,NA,NA,NA,NA,NA,NA,NA,NA
143.301,1.8026,1.2188,1.0521,4.2033,NA,NA,NA,NA,NA,NA,NA,NA,NA,NA,NA,NA
143.405,1.8026,1.2188,1.0521,4.2033,NA,NA,NA,NA,NA,NA,NA,NA,NA,NA,NA,NA
143.496,1.8004,1.0948,1.0516,4.1593,NA,NA,NA,NA,NA,NA,NA,NA,NA,NA,NA,NA
143.595,1.8004,1.0948,1.0512,4.1143,NA,NA,NA,NA,NA,NA,NA,NA,NA,NA,NA,NA
143.694,1.7978,0.9468,1.0495,3.9488,NA,NA,NA,NA,NA,NA,NA,NA,NA,NA,NA,NA
143.786,1.7973,0.9168,1.0490,3.9033,NA,NA,NA,NA,NA,NA,NA,NA,NA,NA,NA,NA
143.884,1.7953,0.8072,1.0490,3.9033,NA,NA,NA,NA,NA,NA,NA,NA,NA,NA,NA,NA
143.986,1.7959,0.8389,1.0488,3.8763,NA,NA,NA,NA,NA,NA,NA,NA,NA,NA,NA,NA
144.081,1.7959,0.8389,1.0479,3.7897,NA,NA,NA,NA,NA,NA,NA,NA,NA,NA,NA,NA
144.180,1.7948,0.7797,1.0482,3.8158,NA,NA,NA,NA,NA,NA,NA,NA,NA,NA,NA,NA
144.283,1.7948,0.7797,1.0483,3.8248,NA,NA,NA,NA,NA,NA,NA,NA,NA,NA,NA,NA
144.401,1.7891,0.4592,1.0483,3.8329,NA,NA,NA,NA,NA,NA,NA,NA,NA,NA,NA,NA
144.473,1.7891,0.4592,1.0483,3.8329,NA,NA,NA,NA,NA,NA,NA,NA,NA,NA,NA,NA
144.572,1.7878,0.3840,1.0481,3.8104,NA,NA,NA,NA,NA,NA,NA,NA,NA,NA,NA,NA
144.668,1.7928,0.6656,1.0473,3.7313,NA,NA,NA,NA,NA,NA,NA,NA,NA,NA,NA,NA
144.773,1.7928,0.6656,1.0470,3.6973,NA,NA,NA,NA,NA,NA,NA,NA,NA,NA,NA,NA
144.861,1.7908,0.5531,1.0459,3.5875,NA,NA,NA,NA,NA,NA,NA,NA,NA,NA,NA,NA
144.957,1.7893,0.4687,1.0455,3.5527,NA,NA,NA,NA,NA,NA,NA,NA,NA,NA,NA,NA
145.060,1.7902,0.5205,1.0454,3.5419,NA,NA,NA,NA,NA,NA,NA,NA,NA,NA,NA,NA
145.161,1.7902,0.5205,1.0454,3.5419,NA,NA,NA,NA,NA,NA,NA,NA,NA,NA,NA,NA
145.256,1.7867,0.3221,1.0446,3.4650,NA,NA,NA,NA,NA,NA,NA,NA,NA,NA,NA,NA
145.364,1.7855,0.2548,1.0446,3.4587,NA,NA,NA,NA,NA,NA,NA,NA,NA,NA,NA,NA
145.455,1.7836,0.1526,1.0445,3.4560,NA,NA,NA,NA,NA,NA,NA,NA,NA,NA,NA,NA
145.569,1.7836,0.1526,1.0443,3.4304,NA,NA,NA,NA,NA,NA,NA,NA,NA,NA,NA,NA
145.669,1.7832,0.1253,1.0437,3.3768,NA,NA,NA,NA,NA,NA,NA,NA,NA,NA,NA,NA
145.745,1.7847,0.2117,1.0437,3.3768,NA,NA,NA,NA,NA,NA,NA,NA,NA,NA,NA,NA
145.849,1.7847,0.2117,1.0433,3.3373,NA,NA,NA,NA,NA,NA,NA,NA,NA,NA,NA,NA
145.946,1.7824,0.0800,1.0423,3.2403,NA,NA,NA,NA,NA,NA,NA,NA,NA,NA,NA,NA
146.048,1.7824,0.0800,1.0423,3.2403,NA,NA,NA,NA,NA,NA,NA,NA,NA,NA,NA,NA
146.136,1.7792,-0.0942,1.0417,3.1719,NA,NA,NA,NA,NA,NA,NA,NA,NA,NA,NA,NA
146.245,1.7783,-0.1456,1.0414,3.1416,NA,NA,NA,NA,NA,NA,NA,NA,NA,NA,NA,NA
146.336,1.7783,-0.1456,1.0410,3.1082,NA,NA,NA,NA,NA,NA,NA,NA,NA,NA,NA,NA
146.433,1.7799,-0.0567,1.0408,3.0840,NA,NA,NA,NA,NA,NA,NA,NA,NA,NA,NA,NA
146.536,1.7799,-0.0567,1.0410,3.1076,NA,NA,NA,NA,NA,NA,NA,NA,NA,NA,NA,NA
146.629,1.7797,-0.0697,1.0410,3.1076,NA,NA,NA,NA,NA,NA,NA,NA,NA,NA,NA,NA
146.725,1.7797,-0.0697,1.0413,3.1392,NA,NA,NA,NA,NA,NA,NA,NA,NA,NA,NA,NA
146.885,1.7756,-0.2975,1.0413,3.1392,NA,NA,NA,NA,NA,NA,NA,NA,NA,NA,NA,NA
146.930,1.7750,-0.3317,1.0410,3.1026,NA,NA,NA,NA,NA,NA,NA,NA,NA,NA,NA,NA
147.021,1.7750,-0.3317,1.0406,3.0705,NA,NA,NA,NA,NA,NA,NA,NA,NA,NA,NA,NA
147.117,1.7729,-0.4535,1.0398,2.9838,NA,NA,NA,NA,NA,NA,NA,NA,NA,NA,NA,NA
147.213,1.7729,-0.4535,1.0388,2.8893,NA,NA,NA,NA,NA,NA,NA,NA,NA,NA,NA,NA
147.325,1.7727,-0.4639,1.0387,2.8803,NA,NA,NA,NA,NA,NA,NA,NA,NA,NA,NA,NA
147.469,1.7727,-0.4639,1.0379,2.7975,NA,NA,NA,NA,NA,NA,NA,NA,NA,NA,NA,NA
147.507,1.7702,-0.6017,1.0369,2.6997,NA,NA,NA,NA,NA,NA,NA,NA,NA,NA,NA,NA
147.612,1.7682,-0.7146,1.0367,2.6797,NA,NA,NA,NA,NA,NA,NA,NA,NA,NA,NA,NA
147.703,1.7676,-0.7469,1.0367,2.6797,NA,NA,NA,NA,NA,NA,NA,NA,NA,NA,NA,NA
147.801,1.7688,-0.6817,1.0359,2.5971,NA,NA,NA,NA,NA,NA,NA,NA,NA,NA,NA,NA
147.904,1.7698,-0.6224,1.0355,2.5603,NA,NA,NA,NA,NA,NA,NA,NA,NA,NA,NA,NA
148.031,1.7698,-0.6224,1.0357,2.5844,NA,NA,NA,NA,NA,NA,NA,NA,NA,NA,NA,NA
148.124,1.7677,-0.7431,1.0357,2.5844,NA,NA,NA,NA,NA,NA,NA,NA,NA,NA,NA,NA
148.193,1.7677,-0.7431,1.0356,2.5672,NA,NA,NA,NA,NA,NA,NA,NA,NA,NA,NA,NA
148.290,1.7668,-0.7929,1.0348,2.4946,NA,NA,NA,NA,NA,NA,NA,NA,NA,NA,NA,NA
148.396,1.7645,-0.9238,1.0347,2.4850,NA,NA,NA,NA,NA,NA,NA,NA,NA,NA,NA,NA
148.490,1.7645,-0.9238,1.0337,2.3846,NA,NA,NA,NA,NA,NA,NA,NA,NA,NA,NA,NA
148.634,1.7633,-0.9914,1.0337,2.3846,NA,NA,NA,NA,NA,NA,NA,NA,NA,NA,NA,NA
148.685,1.7633,-0.9914,1.0337,2.3824,NA,NA,NA,NA,NA,NA,NA,NA,NA,NA,NA,NA
148.785,1.7620,-1.0640,1.0337,2.3824,NA,NA,NA,NA,NA,NA,NA,NA,NA,NA,NA,NA
148.880,1.7611,-1.1135,1.0330,2.3166,NA,NA,NA,NA,NA,NA,NA,NA,NA,NA,NA,NA
148.978,1.7621,-1.0593,1.0328,2.2914,NA,NA,NA,NA,NA,NA,NA,NA,NA,NA,NA,NA
149.080,1.7628,-1.0201,1.0321,2.2218,NA,NA,NA,NA,NA,NA,NA,NA,NA,NA,NA,NA
149.190,1.7628,-1.0201,1.0319,2.2007,NA,NA,NA,NA,NA,NA,NA,NA,NA,NA,NA,NA
149.269,1.7622,-1.0500,1.0319,2.2007,NA,NA,NA,NA,NA,NA,NA,NA,NA,NA,NA,NA
149.371,1.7622,-1.0500,1.0314,2.1590,NA,NA,NA,NA,NA,NA,NA,NA,NA,NA,NA,NA
149.470,1.7579,-1.2917,1.0313,2.1506,NA,NA,NA,NA,NA,NA,NA,NA,NA,NA,NA,NA
149.563,1.7574,-1.3208,1.0313,2.1506,NA,NA,NA,NA,NA,NA,NA,NA,NA,NA,NA,NA
149.665,1.7570,-1.3418,1.0306,2.0747,NA,NA,NA,NA,NA,NA,NA,NA,NA,NA,NA,NA
149.818,1.7615,-1.0883,1.0306,2.0736,NA,NA,NA,NA,NA,NA,NA,NA,NA,NA,NA,NA
149.869,1.7615,-1.0883,1.0301,2.0222,NA,NA,NA,NA,NA,NA,NA,NA,NA,NA,NA,NA
149.953,1.7551,-1.4487,1.0298,1.9929,NA,NA,NA,NA,NA,NA,NA,NA,NA,NA,NA,NA
150.053,1.7541,-1.5070,1.0291,1.9300,NA,NA,NA,NA,NA,NA,NA,NA,NA,NA,NA,NA
150.153,1.7593,-1.2121,1.0291,1.9257,NA,NA,NA,NA,NA,NA,NA,NA,NA,NA,NA,NA
150.250,1.7593,-1.2121,1.0288,1.8996,NA,NA,NA,NA,NA,NA,NA,NA,NA,NA,NA,NA
150.393,1.7550,-1.4579,1.0288,1.9021,NA,NA,NA,NA,NA,NA,NA,NA,NA,NA,NA,NA
150.445,1.7515,-1.6548,1.0288,1.9021,NA,NA,NA,NA,NA,NA,NA,NA,NA,NA,NA,NA
150.546,1.7507,-1.6973,1.0285,1.8701,NA,NA,NA,NA,NA,NA,NA,NA,NA,NA,NA,NA
150.648,1.7527,-1.5842,1.0284,1.8589,NA,NA,NA,NA,NA,NA,NA,NA,NA,NA,NA,NA
150.759,1.7527,-1.5842,1.0284,1.8589,NA,NA,NA,NA,NA,NA,NA,NA,NA,NA,NA,NA
150.837,1.7542,-1.5031,1.0280,1.8227,NA,NA,NA,NA,NA,NA,NA,NA,NA,NA,NA,NA
150.931,1.7542,-1.5031,1.0273,1.7453,NA,NA,NA,NA,NA,NA,NA,NA,NA,NA,NA,NA
151.027,1.7501,-1.7324,1.0270,1.7185,NA,NA,NA,NA,NA,NA,NA,NA,NA,NA,NA,NA
151.133,1.7493,-1.7785,1.0269,1.7100,NA,NA,NA,NA,NA,NA,NA,NA,NA,NA,NA,NA
151.227,1.7493,-1.7781,1.0267,1.6947,NA,NA,NA,NA,NA,NA,NA,NA,NA,NA,NA,NA
151.324,1.7500,-1.7376,1.0260,1.6220,NA,NA,NA,NA,NA,NA,NA,NA,NA,NA,NA,NA
151.424,1.7500,-1.7376,1.0260,1.6172,NA,NA,NA,NA,NA,NA,NA,NA,NA,NA,NA,NA
151.518,1.7485,-1.8201,1.0255,1.5668,NA,NA,NA,NA,NA,NA,NA,NA,NA,NA,NA,NA
151.616,1.7485,-1.8203,1.0253,1.5543,NA,NA,NA,NA,NA,NA,NA,NA,NA,NA,NA,NA
151.716,1.7460,-1.9598,1.0251,1.5318,NA,NA,NA,NA,NA,NA,NA,NA,NA,NA,NA,NA
151.822,1.7456,-1.9856,1.0239,1.4153,NA,NA,NA,NA,NA,NA,NA,NA,NA,NA,NA,NA
151.914,1.7440,-2.0745,1.0232,1.3444,NA,NA,NA,NA,NA,NA,NA,NA,NA,NA,NA,NA
152.017,1.7432,-2.1181,1.0230,1.3260,NA,NA,NA,NA,NA,NA,NA,NA,NA,NA,NA,NA
152.111,1.7437,-2.0914,1.0229,1.3173,NA,NA,NA,NA,NA,NA,NA,NA,NA,NA,NA,NA
152.255,1.7452,-2.0084,1.0230,1.3236,NA,NA,NA,NA,NA,NA,NA,NA,NA,NA,NA,NA
152.303,1.7452,-2.0084,1.0230,1.3236,NA,NA,NA,NA,NA,NA,NA,NA,NA,NA,NA,NA
152.405,1.7446,-2.0422,1.0230,1.3200,NA,NA,NA,NA,NA,NA,NA,NA,NA,NA,NA,NA
152.498,1.7633,-0.9870,1.0303,2.0506,NA,NA,NA,NA,NA,NA,NA,NA,NA,NA,NA,NA
152.604,1.8181,2.0894,1.0417,3.1714,NA,NA,NA,NA,NA,NA,NA,NA,NA,NA,NA,NA
152.695,1.8448,3.5864,1.0555,4.5384,NA,NA,NA,NA,NA,NA,NA,NA,NA,NA,NA,NA
152.795,1.8722,5.1245,1.0680,5.7821,NA,NA,NA,NA,NA,NA,NA,NA,NA,NA,NA,NA
152.888,1.9082,7.1477,1.0780,6.7702,NA,NA,NA,NA,NA,NA,NA,NA,NA,NA,NA,NA
152.996,1.9209,7.8576,1.0883,7.7892,NA,NA,NA,NA,NA,NA,NA,NA,NA,NA,NA,NA
153.092,1.9541,9.7228,1.0968,8.6311,NA,NA,NA,NA,NA,NA,NA,NA,NA,NA,NA,NA
153.187,1.9704,10.6362,1.1083,9.7682,NA,NA,NA,NA,NA,NA,NA,NA,NA,NA,NA,NA
153.281,1.9849,11.4525,1.1132,10.2606,NA,NA,NA,NA,NA,NA,NA,NA,NA,NA,NA,NA
153.382,1.9961,12.0837,1.1198,10.9089,NA,NA,NA,NA,NA,NA,NA,NA,NA,NA,NA,NA
153.480,2.0038,12.5164,1.1273,11.6543,NA,NA,NA,NA,NA,NA,NA,NA,NA,NA,NA,NA
153.581,2.0156,13.1784,1.1327,12.1937,NA,NA,NA,NA,NA,NA,NA,NA,NA,NA,NA,NA
153.689,2.0291,13.9340,1.1397,12.8811,NA,NA,NA,NA,NA,NA,NA,NA,NA,NA,NA,NA
153.773,2.0459,14.8785,1.1454,13.4436,NA,NA,NA,NA,NA,NA,NA,NA,NA,NA,NA,NA
153.868,2.0527,15.2596,1.1489,13.7973,NA,NA,NA,NA,NA,NA,NA,NA,NA,NA,NA,NA
153.973,2.0660,16.0058,1.1524,14.1430,NA,NA,NA,NA,NA,NA,NA,NA,NA,NA,NA,NA
154.071,2.0660,16.0058,1.1551,14.4100,NA,NA,NA,NA,NA,NA,NA,NA,NA,NA,NA,NA
154.164,2.0770,16.6260,1.1590,14.7953,NA,NA,NA,NA,NA,NA,NA,NA,NA,NA,NA,NA
154.259,2.0772,16.6375,1.1620,15.0945,NA,NA,NA,NA,NA,NA,NA,NA,NA,NA,NA,NA
154.367,2.0772,16.6375,1.1667,15.5527,NA,NA,NA,NA,NA,NA,NA,NA,NA,NA,NA,NA
154.459,2.0850,17.0731,1.1688,15.7628,NA,NA,NA,NA,NA,NA,NA,NA,NA,NA,NA,NA
154.561,2.0850,17.0731,1.1701,15.8922,NA,NA,NA,NA,NA,NA,NA,NA,NA,NA,NA,NA
154.676,2.0750,16.5106,1.1701,15.8922,NA,NA,NA,NA,NA,NA,NA,NA,NA,NA,NA,NA
154.755,2.0708,16.2758,1.1695,15.8342,NA,NA,NA,NA,NA,NA,NA,NA,NA,NA,NA,NA
154.846,2.0550,15.3911,1.1673,15.6130,NA,NA,NA,NA,NA,NA,NA,NA,NA,NA,NA,NA
154.946,2.0466,14.9148,1.1616,15.0505,NA,NA,NA,NA,NA,NA,NA,NA,NA,NA,NA,NA
155.049,2.0319,14.0908,1.1572,14.6170,NA,NA,NA,NA,NA,NA,NA,NA,NA,NA,NA,NA
155.146,2.0270,13.8162,1.1521,14.1103,NA,NA,NA,NA,NA,NA,NA,NA,NA,NA,NA,NA
155.248,2.0119,12.9674,1.1477,13.6717,NA,NA,NA,NA,NA,NA,NA,NA,NA,NA,NA,NA
155.336,2.0077,12.7331,1.1455,13.4598,NA,NA,NA,NA,NA,NA,NA,NA,NA,NA,NA,NA
155.438,2.0007,12.3430,1.1427,13.1833,NA,NA,NA,NA,NA,NA,NA,NA,NA,NA,NA,NA
155.544,1.9907,11.7815,1.1393,12.8441,NA,NA,NA,NA,NA,NA,NA,NA,NA,NA,NA,NA
155.640,1.9821,11.2960,1.1359,12.5048,NA,NA,NA,NA,NA,NA,NA,NA,NA,NA,NA,NA
155.750,1.9680,10.5035,1.1334,12.2626,NA,NA,NA,NA,NA,NA,NA,NA,NA,NA,NA,NA
155.832,1.9636,10.2572,1.1301,11.9340,NA,NA,NA,NA,NA,NA,NA,NA,NA,NA,NA,NA
155.928,1.9563,9.8451,1.1260,11.5294,NA,NA,NA,NA,NA,NA,NA,NA,NA,NA,NA,NA
156.020,1.9563,9.8451,1.1238,11.3093,NA,NA,NA,NA,NA,NA,NA,NA,NA,NA,NA,NA
156.117,1.9491,9.4456,1.1198,10.9160,NA,NA,NA,NA,NA,NA,NA,NA,NA,NA,NA,NA
156.223,1.9459,9.2635,1.1187,10.8027,NA,NA,NA,NA,NA,NA,NA,NA,NA,NA,NA,NA
156.319,1.9428,9.0879,1.1182,10.7491,NA,NA,NA,NA,NA,NA,NA,NA,NA,NA,NA,NA
156.480,1.9460,9.2674,1.1182,10.7491,NA,NA,NA,NA,NA,NA,NA,NA,NA,NA,NA,NA
156.519,1.9620,10.1652,1.1227,11.1986,NA,NA,NA,NA,NA,NA,NA,NA,NA,NA,NA,NA
156.612,2.0038,12.5145,1.1298,11.9031,NA,NA,NA,NA,NA,NA,NA,NA,NA,NA,NA,NA
156.707,2.0220,13.5363,1.1406,12.9715,NA,NA,NA,NA,NA,NA,NA,NA,NA,NA,NA,NA
156.809,2.0562,15.4565,1.1510,14.0007,NA,NA,NA,NA,NA,NA,NA,NA,NA,NA,NA,NA
156.906,2.0673,16.0802,1.1575,14.6412,NA,NA,NA,NA,NA,NA,NA,NA,NA,NA,NA,NA
157.004,2.0683,16.1375,1.1595,14.8441,NA,NA,NA,NA,NA,NA,NA,NA,NA,NA,NA,NA
157.103,2.0683,16.1375,1.1611,15.0057,NA,NA,NA,NA,NA,NA,NA,NA,NA,NA,NA,NA
157.206,2.0659,15.9994,1.1620,15.0897,NA,NA,NA,NA,NA,NA,NA,NA,NA,NA,NA,NA
157.306,2.0661,16.0102,1.1620,15.0897,NA,NA,NA,NA,NA,NA,NA,NA,NA,NA,NA,NA
157.395,2.0661,16.0102,1.1616,15.0471,NA,NA,NA,NA,NA,NA,NA,NA,NA,NA,NA,NA
157.493,2.0484,15.0203,1.1590,14.7905,NA,NA,NA,NA,NA,NA,NA,NA,NA,NA,NA,NA
157.590,2.0431,14.7231,1.1559,14.4875,NA,NA,NA,NA,NA,NA,NA,NA,NA,NA,NA,NA
157.688,2.0216,13.5148,1.1541,14.3053,NA,NA,NA,NA,NA,NA,NA,NA,NA,NA,NA,NA
157.789,2.0112,12.9278,1.1516,14.0646,NA,NA,NA,NA,NA,NA,NA,NA,NA,NA,NA,NA
157.884,2.0036,12.5013,1.1502,13.9217,NA,NA,NA,NA,NA,NA,NA,NA,NA,NA,NA,NA
157.980,1.9893,11.6986,1.1486,13.7653,NA,NA,NA,NA,NA,NA,NA,NA,NA,NA,NA,NA
158.088,1.9861,11.5199,1.1468,13.5906,NA,NA,NA,NA,NA,NA,NA,NA,NA,NA,NA,NA
158.203,1.9846,11.4362,1.1451,13.4182,NA,NA,NA,NA,NA,NA,NA,NA,NA,NA,NA,NA
158.278,1.9846,11.4362,1.1444,13.3510,NA,NA,NA,NA,NA,NA,NA,NA,NA,NA,NA,NA
158.379,1.9806,11.2124,1.1435,13.2554,NA,NA,NA,NA,NA,NA,NA,NA,NA,NA,NA,NA
158.470,1.9802,11.1899,1.1429,13.1983,NA,NA,NA,NA,NA,NA,NA,NA,NA,NA,NA,NA
158.568,1.9769,11.0038,1.1406,12.9756,NA,NA,NA,NA,NA,NA,NA,NA,NA,NA,NA,NA
158.674,1.9739,10.8344,1.1389,12.7986,NA,NA,NA,NA,NA,NA,NA,NA,NA,NA,NA,NA
158.824,1.9710,10.6708,1.1365,12.5657,NA,NA,NA,NA,NA,NA,NA,NA,NA,NA,NA,NA
158.867,1.9685,10.5327,1.1354,12.4600,NA,NA,NA,NA,NA,NA,NA,NA,NA,NA,NA,NA
158.960,1.9679,10.5014,1.1325,12.1737,NA,NA,NA,NA,NA,NA,NA,NA,NA,NA,NA,NA
159.064,1.9592,10.0089,1.1302,11.9388,NA,NA,NA,NA,NA,NA,NA,NA,NA,NA,NA,NA
159.155,1.9592,10.0089,1.1281,11.7382,NA,NA,NA,NA,NA,NA,NA,NA,NA,NA,NA,NA
159.254,1.9561,9.8369,1.1269,11.6158,NA,NA,NA,NA,NA,NA,NA,NA,NA,NA,NA,NA
159.350,1.9507,9.5311,1.1249,11.4210,NA,NA,NA,NA,NA,NA,NA,NA,NA,NA,NA,NA
159.457,1.9531,9.6653,1.1237,11.2982,NA,NA,NA,NA,NA,NA,NA,NA,NA,NA,NA,NA
159.546,1.9531,9.6653,1.1229,11.2222,NA,NA,NA,NA,NA,NA,NA,NA,NA,NA,NA,NA
159.648,1.9558,9.8193,1.1217,11.0960,NA,NA,NA,NA,NA,NA,NA,NA,NA,NA,NA,NA
159.744,1.9678,10.4958,1.1266,11.5809,NA,NA,NA,NA,NA,NA,NA,NA,NA,NA,NA,NA
159.844,1.9866,11.5477,1.1340,12.3213,NA,NA,NA,NA,NA,NA,NA,NA,NA,NA,NA,NA
159.936,2.0264,13.7832,1.1445,13.3621,NA,NA,NA,NA,NA,NA,NA,NA,NA,NA,NA,NA
160.070,2.0426,14.6942,1.1544,14.3412,NA,NA,NA,NA,NA,NA,NA,NA,NA,NA,NA,NA
160.133,2.0604,15.6940,1.1592,14.8109,NA,NA,NA,NA,NA,NA,NA,NA,NA,NA,NA,NA
160.231,2.0610,15.7278,1.1617,15.0589,NA,NA,NA,NA,NA,NA,NA,NA,NA,NA,NA,NA
160.335,2.0698,16.2225,1.1629,15.1843,NA,NA,NA,NA,NA,NA,NA,NA,NA,NA,NA,NA
160.424,2.0698,16.2225,1.1634,15.2322,NA,NA,NA,NA,NA,NA,NA,NA,NA,NA,NA,NA
160.528,2.0658,15.9949,1.1634,15.2322,NA,NA,NA,NA,NA,NA,NA,NA,NA,NA,NA,NA
160.622,2.0620,15.7837,1.1629,15.1847,NA,NA,NA,NA,NA,NA,NA,NA,NA,NA,NA,NA
160.731,2.0530,15.2771,1.1611,15.0067,NA,NA,NA,NA,NA,NA,NA,NA,NA,NA,NA,NA
160.822,2.0418,14.6455,1.1581,14.7012,NA,NA,NA,NA,NA,NA,NA,NA,NA,NA,NA,NA
160.921,2.0365,14.3497,1.1547,14.3651,NA,NA,NA,NA,NA,NA,NA,NA,NA,NA,NA,NA
161.024,2.0281,13.8768,1.1501,13.9099,NA,NA,NA,NA,NA,NA,NA,NA,NA,NA,NA,NA
161.113,2.0241,13.6554,1.1465,13.5591,NA,NA,NA,NA,NA,NA,NA,NA,NA,NA,NA,NA
161.214,2.0147,13.1258,1.1445,13.3539,NA,NA,NA,NA,NA,NA,NA,NA,NA,NA,NA,NA
161.309,2.0106,12.8982,1.1432,13.2304,NA,NA,NA,NA,NA,NA,NA,NA,NA,NA,NA,NA
161.413,2.0040,12.5272,1.1421,13.1210,NA,NA,NA,NA,NA,NA,NA,NA,NA,NA,NA,NA
161.505,1.9955,12.0501,1.1407,12.9821,NA,NA,NA,NA,NA,NA,NA,NA,NA,NA,NA,NA
161.607,1.9955,12.0501,1.1383,12.7408,NA,NA,NA,NA,NA,NA,NA,NA,NA,NA,NA,NA
161.701,1.9879,11.6192,1.1368,12.5934,NA,NA,NA,NA,NA,NA,NA,NA,NA,NA,NA,NA
161.801,1.9868,11.5616,1.1360,12.5162,NA,NA,NA,NA,NA,NA,NA,NA,NA,NA,NA,NA
161.904,1.9834,11.3711,1.1348,12.3957,NA,NA,NA,NA,NA,NA,NA,NA,NA,NA,NA,NA
162.004,1.9834,11.3711,1.1345,12.3646,NA,NA,NA,NA,NA,NA,NA,NA,NA,NA,NA,NA
162.099,1.9804,11.1997,1.1326,12.1786,NA,NA,NA,NA,NA,NA,NA,NA,NA,NA,NA,NA
162.207,1.9754,10.9174,1.1326,12.1786,NA,NA,NA,NA,NA,NA,NA,NA,NA,NA,NA,NA
162.301,1.9754,10.9174,1.1318,12.0990,NA,NA,NA,NA,NA,NA,NA,NA,NA,NA,NA,NA
162.464,1.9758,10.9426,1.1314,12.0588,NA,NA,NA,NA,NA,NA,NA,NA,NA,NA,NA,NA
162.488,1.9758,10.9426,1.1303,11.9531,NA,NA,NA,NA,NA,NA,NA,NA,NA,NA,NA,NA
162.595,1.9765,10.9821,1.1302,11.9419,NA,NA,NA,NA,NA,NA,NA,NA,NA,NA,NA,NA
162.692,1.9765,10.9821,1.1300,11.9256,NA,NA,NA,NA,NA,NA,NA,NA,NA,NA,NA,NA
162.777,1.9738,10.8304,1.1279,11.7136,NA,NA,NA,NA,NA,NA,NA,NA,NA,NA,NA,NA
162.879,1.9679,10.5006,1.1274,11.6645,NA,NA,NA,NA,NA,NA,NA,NA,NA,NA,NA,NA
163.001,1.9657,10.3763,1.1271,11.6373,NA,NA,NA,NA,NA,NA,NA,NA,NA,NA,NA,NA
163.081,1.9662,10.4019,1.1271,11.6339,NA,NA,NA,NA,NA,NA,NA,NA,NA,NA,NA,NA
163.178,1.9662,10.4019,1.1271,11.6308,NA,NA,NA,NA,NA,NA,NA,NA,NA,NA,NA,NA
163.268,1.9664,10.4170,1.1254,11.4687,NA,NA,NA,NA,NA,NA,NA,NA,NA,NA,NA,NA
163.372,1.9664,10.4170,1.1251,11.4348,NA,NA,NA,NA,NA,NA,NA,NA,NA,NA,NA,NA
163.489,1.9571,9.8893,1.1242,11.3489,NA,NA,NA,NA,NA,NA,NA,NA,NA,NA,NA,NA
163.568,1.9561,9.8373,1.1236,11.2870,NA,NA,NA,NA,NA,NA,NA,NA,NA,NA,NA,NA
163.667,1.9515,9.5758,1.1233,11.2538,NA,NA,NA,NA,NA,NA,NA,NA,NA,NA,NA,NA
163.761,1.9515,9.5796,1.1232,11.2452,NA,NA,NA,NA,NA,NA,NA,NA,NA,NA,NA,NA
163.872,1.9515,9.5796,1.1231,11.2421,NA,NA,NA,NA,NA,NA,NA,NA,NA,NA,NA,NA
163.961,1.9496,9.4687,1.1231,11.2346,NA,NA,NA,NA,NA,NA,NA,NA,NA,NA,NA,NA
164.048,1.9485,9.4084,1.1229,11.2142,NA,NA,NA,NA,NA,NA,NA,NA,NA,NA,NA,NA
164.200,1.9461,9.2754,1.1222,11.1536,NA,NA,NA,NA,NA,NA,NA,NA,NA,NA,NA,NA
164.253,1.9461,9.2754,1.1220,11.1293,NA,NA,NA,NA,NA,NA,NA,NA,NA,NA,NA,NA
164.346,1.9429,9.0923,1.1216,11.0889,NA,NA,NA,NA,NA,NA,NA,NA,NA,NA,NA,NA
164.448,1.9429,9.0923,1.1214,11.0691,NA,NA,NA,NA,NA,NA,NA,NA,NA,NA,NA,NA
164.541,1.9389,8.8720,1.1206,10.9945,NA,NA,NA,NA,NA,NA,NA,NA,NA,NA,NA,NA
164.641,1.9374,8.7836,1.1205,10.9766,NA,NA,NA,NA,NA,NA,NA,NA,NA,NA,NA,NA
164.820,1.9373,8.7777,1.1185,10.7807,NA,NA,NA,NA,NA,NA,NA,NA,NA,NA,NA,NA
164.846,1.9334,8.5638,1.1179,10.7235,NA,NA,NA,NA,NA,NA,NA,NA,NA,NA,NA,NA
164.941,1.9333,8.5540,1.1159,10.5232,NA,NA,NA,NA,NA,NA,NA,NA,NA,NA,NA,NA
165.033,1.9327,8.5234,1.1153,10.4698,NA,NA,NA,NA,NA,NA,NA,NA,NA,NA,NA,NA
165.128,1.9327,8.5234,1.1141,10.3465,NA,NA,NA,NA,NA,NA,NA,NA,NA,NA,NA,NA
165.228,1.9314,8.4505,1.1133,10.2704,NA,NA,NA,NA,NA,NA,NA,NA,NA,NA,NA,NA
165.323,1.9314,8.4505,1.1119,10.1295,NA,NA,NA,NA,NA,NA,NA,NA,NA,NA,NA,NA
165.429,1.9316,8.4627,1.1119,10.1271,NA,NA,NA,NA,NA,NA,NA,NA,NA,NA,NA,NA
165.522,1.9316,8.4627,1.1109,10.0320,NA,NA,NA,NA,NA,NA,NA,NA,NA,NA,NA,NA
165.619,1.9252,8.0990,1.1099,9.9317,NA,NA,NA,NA,NA,NA,NA,NA,NA,NA,NA,NA
165.724,1.9226,7.9564,1.1096,9.9005,NA,NA,NA,NA,NA,NA,NA,NA,NA,NA,NA,NA
165.814,1.9226,7.9564,1.1091,9.8556,NA,NA,NA,NA,NA,NA,NA,NA,NA,NA,NA,NA
165.927,1.9216,7.9012,1.1089,9.8278,NA,NA,NA,NA,NA,NA,NA,NA,NA,NA,NA,NA
166.013,1.9216,7.9012,1.1083,9.7719,NA,NA,NA,NA,NA,NA,NA,NA,NA,NA,NA,NA
166.106,1.9192,7.7661,1.1077,9.7138,NA,NA,NA,NA,NA,NA,NA,NA,NA,NA,NA,NA
166.201,1.9182,7.7088,1.1065,9.5945,NA,NA,NA,NA,NA,NA,NA,NA,NA,NA,NA,NA
166.306,1.9125,7.3876,1.1058,9.5258,NA,NA,NA,NA,NA,NA,NA,NA,NA,NA,NA,NA
166.406,1.9107,7.2884,1.1058,9.5258,NA,NA,NA,NA,NA,NA,NA,NA,NA,NA,NA,NA
166.496,1.9096,7.2236,1.1053,9.4795,NA,NA,NA,NA,NA,NA,NA,NA,NA,NA,NA,NA
166.618,1.9094,7.2142,1.1050,9.4424,NA,NA,NA,NA,NA,NA,NA,NA,NA,NA,NA,NA
166.701,1.9094,7.2142,1.1047,9.4133,NA,NA,NA,NA,NA,NA,NA,NA,NA,NA,NA,NA
166.791,1.9084,7.1568,1.1045,9.3965,NA,NA,NA,NA,NA,NA,NA,NA,NA,NA,NA,NA
166.890,1.9083,7.1512,1.1035,9.2942,NA,NA,NA,NA,NA,NA,NA,NA,NA,NA,NA,NA
166.987,1.9043,6.9281,1.1028,9.2236,NA,NA,NA,NA,NA,NA,NA,NA,NA,NA,NA,NA
167.097,1.9042,6.9208,1.1028,9.2236,NA,NA,NA,NA,NA,NA,NA,NA,NA,NA,NA,NA
167.199,1.9012,6.7559,1.1025,9.2011,NA,NA,NA,NA,NA,NA,NA,NA,NA,NA,NA,NA
167.282,1.8996,6.6643,1.1025,9.2011,NA,NA,NA,NA,NA,NA,NA,NA,NA,NA,NA,NA
167.381,1.8996,6.6643,1.1019,9.1370,NA,NA,NA,NA,NA,NA,NA,NA,NA,NA,NA,NA
167.478,1.9001,6.6920,1.1011,9.0583,NA,NA,NA,NA,NA,NA,NA,NA,NA,NA,NA,NA
167.582,1.9001,6.6920,1.1004,8.9930,NA,NA,NA,NA,NA,NA,NA,NA,NA,NA,NA,NA
167.677,1.9001,6.6926,1.1002,8.9663,NA,NA,NA,NA,NA,NA,NA,NA,NA,NA,NA,NA
167.775,1.9001,6.6926,1.0989,8.8415,NA,NA,NA,NA,NA,NA,NA,NA,NA,NA,NA,NA
167.875,1.8956,6.4382,1.0974,8.6969,NA,NA,NA,NA,NA,NA,NA,NA,NA,NA,NA,NA
167.967,1.8947,6.3900,1.0974,8.6969,NA,NA,NA,NA,NA,NA,NA,NA,NA,NA,NA,NA
168.064,1.8920,6.2345,1.0962,8.5724,NA,NA,NA,NA,NA,NA,NA,NA,NA,NA,NA,NA
168.163,1.8902,6.1377,1.0960,8.5516,NA,NA,NA,NA,NA,NA,NA,NA,NA,NA,NA,NA
168.262,1.8902,6.1377,1.0952,8.4766,NA,NA,NA,NA,NA,NA,NA,NA,NA,NA,NA,NA
168.398,1.8863,5.9175,1.0952,8.4766,NA,NA,NA,NA,NA,NA,NA,NA,NA,NA,NA,NA
168.466,1.8867,5.9413,1.0936,8.3207,NA,NA,NA,NA,NA,NA,NA,NA,NA,NA,NA,NA
168.554,1.8867,5.9413,1.0936,8.3207,NA,NA,NA,NA,NA,NA,NA,NA,NA,NA,NA,NA
168.662,1.8861,5.9058,1.0936,8.3138,NA,NA,NA,NA,NA,NA,NA,NA,NA,NA,NA,NA
168.750,1.8834,5.7542,1.0925,8.2027,NA,NA,NA,NA,NA,NA,NA,NA,NA,NA,NA,NA
168.846,1.8827,5.7172,1.0921,8.1710,NA,NA,NA,NA,NA,NA,NA,NA,NA,NA,NA,NA
168.945,1.8827,5.7172,1.0914,8.0999,NA,NA,NA,NA,NA,NA,NA,NA,NA,NA,NA,NA
169.043,1.8818,5.6632,1.0914,8.1010,NA,NA,NA,NA,NA,NA,NA,NA,NA,NA,NA,NA
169.146,1.8818,5.6632,1.0914,8.1016,NA,NA,NA,NA,NA,NA,NA,NA,NA,NA,NA,NA
169.238,1.8805,5.5888,1.0914,8.1016,NA,NA,NA,NA,NA,NA,NA,NA,NA,NA,NA,NA
169.350,1.8750,5.2807,1.0908,8.0399,NA,NA,NA,NA,NA,NA,NA,NA,NA,NA,NA,NA
169.436,1.8742,5.2377,1.0904,7.9957,NA,NA,NA,NA,NA,NA,NA,NA,NA,NA,NA,NA
169.567,1.8742,5.2377,1.0903,7.9925,NA,NA,NA,NA,NA,NA,NA,NA,NA,NA,NA,NA
169.638,1.8704,5.0251,1.0896,7.9160,NA,NA,NA,NA,NA,NA,NA,NA,NA,NA,NA,NA
169.733,1.8723,5.1314,1.0893,7.8910,NA,NA,NA,NA,NA,NA,NA,NA,NA,NA,NA,NA
169.827,1.8723,5.1314,1.0885,7.8120,NA,NA,NA,NA,NA,NA,NA,NA,NA,NA,NA,NA
169.927,1.8691,4.9497,1.0880,7.7615,NA,NA,NA,NA,NA,NA,NA,NA,NA,NA,NA,NA
170.025,1.8670,4.8348,1.0871,7.6678,NA,NA,NA,NA,NA,NA,NA,NA,NA,NA,NA,NA
170.124,1.8658,4.7672,1.0862,7.5873,NA,NA,NA,NA,NA,NA,NA,NA,NA,NA,NA,NA
170.238,1.8652,4.7341,1.0854,7.5027,NA,NA,NA,NA,NA,NA,NA,NA,NA,NA,NA,NA
170.320,1.8643,4.6827,1.0850,7.4604,NA,NA,NA,NA,NA,NA,NA,NA,NA,NA,NA,NA
170.412,1.8677,4.8702,1.0850,7.4604,NA,NA,NA,NA,NA,NA,NA,NA,NA,NA,NA,NA
170.522,1.8677,4.8702,1.0847,7.4337,NA,NA,NA,NA,NA,NA,NA,NA,NA,NA,NA,NA
170.608,1.8691,4.9524,1.0844,7.4093,NA,NA,NA,NA,NA,NA,NA,NA,NA,NA,NA,NA
170.714,1.8691,4.9524,1.0834,7.3015,NA,NA,NA,NA,NA,NA,NA,NA,NA,NA,NA,NA
170.864,1.8666,4.8104,1.0831,7.2753,NA,NA,NA,NA,NA,NA,NA,NA,NA,NA,NA,NA
170.906,1.8666,4.8104,1.0818,7.1492,NA,NA,NA,NA,NA,NA,NA,NA,NA,NA,NA,NA
171.012,1.8612,4.5051,1.0818,7.1492,NA,NA,NA,NA,NA,NA,NA,NA,NA,NA,NA,NA
171.103,1.8545,4.1287,1.0813,7.1023,NA,NA,NA,NA,NA,NA,NA,NA,NA,NA,NA,NA
171.200,1.8559,4.2098,1.0808,7.0487,NA,NA,NA,NA,NA,NA,NA,NA,NA,NA,NA,NA
171.294,1.8568,4.2613,1.0808,7.0487,NA,NA,NA,NA,NA,NA,NA,NA,NA,NA,NA,NA
171.391,1.8568,4.2613,1.0797,6.9406,NA,NA,NA,NA,NA,NA,NA,NA,NA,NA,NA,NA
171.490,1.8558,4.2028,1.0789,6.8605,NA,NA,NA,NA,NA,NA,NA,NA,NA,NA,NA,NA
171.587,1.8558,4.2028,1.0783,6.8042,NA,NA,NA,NA,NA,NA,NA,NA,NA,NA,NA,NA
171.686,1.8538,4.0902,1.0781,6.7813,NA,NA,NA,NA,NA,NA,NA,NA,NA,NA,NA,NA
171.785,1.8530,4.0495,1.0778,6.7475,NA,NA,NA,NA,NA,NA,NA,NA,NA,NA,NA,NA
171.895,1.8521,3.9978,1.0771,6.6866,NA,NA,NA,NA,NA,NA,NA,NA,NA,NA,NA,NA
172.024,1.8521,3.9978,1.0771,6.6785,NA,NA,NA,NA,NA,NA,NA,NA,NA,NA,NA,NA
172.083,1.8522,4.0002,1.0771,6.6785,NA,NA,NA,NA,NA,NA,NA,NA,NA,NA,NA,NA
172.187,1.8522,4.0002,1.0770,6.6699,NA,NA,NA,NA,NA,NA,NA,NA,NA,NA,NA,NA
172.282,1.8491,3.8302,1.0757,6.5389,NA,NA,NA,NA,NA,NA,NA,NA,NA,NA,NA,NA
172.384,1.8476,3.7453,1.0756,6.5301,NA,NA,NA,NA,NA,NA,NA,NA,NA,NA,NA,NA
172.480,1.8474,3.7348,1.0745,6.4285,NA,NA,NA,NA,NA,NA,NA,NA,NA,NA,NA,NA
172.574,1.8493,3.8414,1.0746,6.4340,NA,NA,NA,NA,NA,NA,NA,NA,NA,NA,NA,NA
172.662,1.8493,3.8414,1.0746,6.4340,NA,NA,NA,NA,NA,NA,NA,NA,NA,NA,NA,NA
172.766,1.8490,3.8217,1.0734,6.3165,NA,NA,NA,NA,NA,NA,NA,NA,NA,NA,NA,NA
172.864,1.8490,3.8217,1.0730,6.2789,NA,NA,NA,NA,NA,NA,NA,NA,NA,NA,NA,NA
172.960,1.8439,3.5350,1.0728,6.2605,NA,NA,NA,NA,NA,NA,NA,NA,NA,NA,NA,NA
173.073,1.8402,3.3255,1.0728,6.2570,NA,NA,NA,NA,NA,NA,NA,NA,NA,NA,NA,NA
173.219,1.8408,3.3641,1.0729,6.2657,NA,NA,NA,NA,NA,NA,NA,NA,NA,NA,NA,NA
173.262,1.8414,3.3938,1.0729,6.2657,NA,NA,NA,NA,NA,NA,NA,NA,NA,NA,NA,NA
173.354,1.8414,3.3938,1.0722,6.1963,NA,NA,NA,NA,NA,NA,NA,NA,NA,NA,NA,NA
173.449,1.8403,3.3365,1.0721,6.1844,NA,NA,NA,NA,NA,NA,NA,NA,NA,NA,NA,NA
173.546,1.8403,3.3365,1.0703,6.0114,NA,NA,NA,NA,NA,NA,NA,NA,NA,NA,NA,NA
173.650,1.8378,3.1914,1.0698,5.9551,NA,NA,NA,NA,NA,NA,NA,NA,NA,NA,NA,NA
173.742,1.8367,3.1312,1.0694,5.9199,NA,NA,NA,NA,NA,NA,NA,NA,NA,NA,NA,NA
173.844,1.8357,3.0745,1.0697,5.9456,NA,NA,NA,NA,NA,NA,NA,NA,NA,NA,NA,NA
173.939,1.8354,3.0603,1.0697,5.9456,NA,NA,NA,NA,NA,NA,NA,NA,NA,NA,NA,NA
174.037,1.8347,3.0190,1.0695,5.9302,NA,NA,NA,NA,NA,NA,NA,NA,NA,NA,NA,NA
174.138,1.8359,3.0869,1.0676,5.7379,NA,NA,NA,NA,NA,NA,NA,NA,NA,NA,NA,NA
174.250,1.8359,3.0869,1.0676,5.7379,NA,NA,NA,NA,NA,NA,NA,NA,NA,NA,NA,NA
174.339,1.8316,2.8473,1.0671,5.6954,NA,NA,NA,NA,NA,NA,NA,NA,NA,NA,NA,NA
174.459,1.8316,2.8473,1.0667,5.6536,NA,NA,NA,NA,NA,NA,NA,NA,NA,NA,NA,NA
174.529,1.8311,2.8171,1.0666,5.6409,NA,NA,NA,NA,NA,NA,NA,NA,NA,NA,NA,NA
174.629,1.8291,2.7058,1.0660,5.5786,NA,NA,NA,NA,NA,NA,NA,NA,NA,NA,NA,NA
174.727,1.8283,2.6591,1.0668,5.6639,NA,NA,NA,NA,NA,NA,NA,NA,NA,NA,NA,NA
174.827,1.8283,2.6596,1.0668,5.6639,NA,NA,NA,NA,NA,NA,NA,NA,NA,NA,NA,NA
174.926,1.8283,2.6596,1.0664,5.6213,NA,NA,NA,NA,NA,NA,NA,NA,NA,NA,NA,NA
175.046,1.8290,2.6973,1.0648,5.4589,NA,NA,NA,NA,NA,NA,NA,NA,NA,NA,NA,NA
175.115,1.8290,2.6973,1.0644,5.4194,NA,NA,NA,NA,NA,NA,NA,NA,NA,NA,NA,NA
175.213,1.8266,2.5637,1.0640,5.3864,NA,NA,NA,NA,NA,NA,NA,NA,NA,NA,NA,NA
175.313,1.8223,2.3218,1.0640,5.3864,NA,NA,NA,NA,NA,NA,NA,NA,NA,NA,NA,NA
175.407,1.8172,2.0362,1.0637,5.3528,NA,NA,NA,NA,NA,NA,NA,NA,NA,NA,NA,NA
175.506,1.8204,2.2165,1.0631,5.2957,NA,NA,NA,NA,NA,NA,NA,NA,NA,NA,NA,NA
175.612,1.8215,2.2793,1.0621,5.1970,NA,NA,NA,NA,NA,NA,NA,NA,NA,NA,NA,NA
175.701,1.8241,2.4268,1.0625,5.2359,NA,NA,NA,NA,NA,NA,NA,NA,NA,NA,NA,NA
175.808,1.8241,2.4268,1.0625,5.2359,NA,NA,NA,NA,NA,NA,NA,NA,NA,NA,NA,NA
175.897,1.8215,2.2762,1.0617,5.1611,NA,NA,NA,NA,NA,NA,NA,NA,NA,NA,NA,NA
176.001,1.8215,2.2762,1.0617,5.1611,NA,NA,NA,NA,NA,NA,NA,NA,NA,NA,NA,NA
176.097,1.8178,2.0725,1.0613,5.1190,NA,NA,NA,NA,NA,NA,NA,NA,NA,NA,NA,NA
176.278,1.8157,1.9520,1.0613,5.1190,NA,NA,NA,NA,NA,NA,NA,NA,NA,NA,NA,NA
176.290,1.8166,2.0024,1.0611,5.0992,NA,NA,NA,NA,NA,NA,NA,NA,NA,NA,NA,NA
176.385,1.8176,2.0584,1.0607,5.0555,NA,NA,NA,NA,NA,NA,NA,NA,NA,NA,NA,NA
176.484,1.8176,2.0584,1.0601,4.9989,NA,NA,NA,NA,NA,NA,NA,NA,NA,NA,NA,NA
176.580,1.8169,2.0190,1.0599,4.9754,NA,NA,NA,NA,NA,NA,NA,NA,NA,NA,NA,NA
176.678,1.8128,1.7883,1.0598,4.9705,NA,NA,NA,NA,NA,NA,NA,NA,NA,NA,NA,NA
176.783,1.8121,1.7499,1.0594,4.9318,NA,NA,NA,NA,NA,NA,NA,NA,NA,NA,NA,NA
176.884,1.8117,1.7301,1.0589,4.8762,NA,NA,NA,NA,NA,NA,NA,NA,NA,NA,NA,NA
176.971,1.8146,1.8886,1.0585,4.8443,NA,NA,NA,NA,NA,NA,NA,NA,NA,NA,NA,NA
177.069,1.8146,1.8886,1.0584,4.8325,NA,NA,NA,NA,NA,NA,NA,NA,NA,NA,NA,NA
177.175,1.8141,1.8618,1.0580,4.7947,NA,NA,NA,NA,NA,NA,NA,NA,NA,NA,NA,NA
177.267,1.8141,1.8618,1.0580,4.7882,NA,NA,NA,NA,NA,NA,NA,NA,NA,NA,NA,NA
177.369,1.8130,1.8033,1.0577,4.7648,NA,NA,NA,NA,NA,NA,NA,NA,NA,NA,NA,NA
177.466,1.8101,1.6368,1.0577,4.7648,NA,NA,NA,NA,NA,NA,NA,NA,NA,NA,NA,NA
177.566,1.8101,1.6368,1.0562,4.6081,NA,NA,NA,NA,NA,NA,NA,NA,NA,NA,NA,NA
177.661,1.8081,1.5284,1.0562,4.6081,NA,NA,NA,NA,NA,NA,NA,NA,NA,NA,NA,NA
177.754,1.8081,1.5284,1.0562,4.6137,NA,NA,NA,NA,NA,NA,NA,NA,NA,NA,NA,NA
177.858,1.8091,1.5835,1.0562,4.6137,NA,NA,NA,NA,NA,NA,NA,NA,NA,NA,NA,NA
177.952,1.8091,1.5835,1.0554,4.5342,NA,NA,NA,NA,NA,NA,NA,NA,NA,NA,NA,NA
178.054,1.8061,1.4160,1.0546,4.4499,NA,NA,NA,NA,NA,NA,NA,NA,NA,NA,NA,NA
178.154,1.8026,1.2167,1.0554,4.5310,NA,NA,NA,NA,NA,NA,NA,NA,NA,NA,NA,NA
178.261,1.8025,1.2099,1.0556,4.5522,NA,NA,NA,NA,NA,NA,NA,NA,NA,NA,NA,NA
178.343,1.8035,1.2672,1.0556,4.5522,NA,NA,NA,NA,NA,NA,NA,NA,NA,NA,NA,NA
178.447,1.8035,1.2672,1.0547,4.4619,NA,NA,NA,NA,NA,NA,NA,NA,NA,NA,NA,NA
178.543,1.8018,1.1747,1.0548,4.4688,NA,NA,NA,NA,NA,NA,NA,NA,NA,NA,NA,NA
178.689,1.8013,1.1421,1.0548,4.4688,NA,NA,NA,NA,NA,NA,NA,NA,NA,NA,NA,NA
178.736,1.7999,1.0650,1.0532,4.3129,NA,NA,NA,NA,NA,NA,NA,NA,NA,NA,NA,NA
178.842,1.7999,1.0650,1.0532,4.3129,NA,NA,NA,NA,NA,NA,NA,NA,NA,NA,NA,NA
178.939,1.7972,0.9153,1.0527,4.2616,NA,NA,NA,NA,NA,NA,NA,NA,NA,NA,NA,NA
179.033,1.8007,1.1104,1.0523,4.2300,NA,NA,NA,NA,NA,NA,NA,NA,NA,NA,NA,NA
179.128,1.8007,1.1104,1.0524,4.2391,NA,NA,NA,NA,NA,NA,NA,NA,NA,NA,NA,NA
179.230,1.7990,1.0124,1.0524,4.2391,NA,NA,NA,NA,NA,NA,NA,NA,NA,NA,NA,NA
179.315,1.7984,0.9835,1.0521,4.2027,NA,NA,NA,NA,NA,NA,NA,NA,NA,NA,NA,NA
179.427,1.8007,1.1125,1.0519,4.1840,NA,NA,NA,NA,NA,NA,NA,NA,NA,NA,NA,NA
179.522,1.8007,1.1125,1.0519,4.1840,NA,NA,NA,NA,NA,NA,NA,NA,NA,NA,NA,NA
179.623,1.7971,0.9103,1.0512,4.1155,NA,NA,NA,NA,NA,NA,NA,NA,NA,NA,NA,NA
179.726,1.7971,0.9082,1.0500,3.9980,NA,NA,NA,NA,NA,NA,NA,NA,NA,NA,NA,NA
179.870,1.7964,0.8667,1.0498,3.9786,NA,NA,NA,NA,NA,NA,NA,NA,NA,NA,NA,NA
179.918,1.7950,0.7890,1.0489,3.8853,NA,NA,NA,NA,NA,NA,NA,NA,NA,NA,NA,NA
180.011,1.7942,0.7477,1.0485,3.8471,NA,NA,NA,NA,NA,NA,NA,NA,NA,NA,NA,NA
180.121,1.7947,0.7731,1.0486,3.8597,NA,NA,NA,NA,NA,NA,NA,NA,NA,NA,NA,NA
180.206,1.7947,0.7731,1.0488,3.8816,NA,NA,NA,NA,NA,NA,NA,NA,NA,NA,NA,NA
180.301,1.7921,0.6253,1.0488,3.8816,NA,NA,NA,NA,NA,NA,NA,NA,NA,NA,NA,NA
180.405,1.7902,0.5182,1.0486,3.8567,NA,NA,NA,NA,NA,NA,NA,NA,NA,NA,NA,NA
180.498,1.7890,0.4519,1.0480,3.7957,NA,NA,NA,NA,NA,NA,NA,NA,NA,NA,NA,NA
180.601,1.7886,0.4317,1.0476,3.7645,NA,NA,NA,NA,NA,NA,NA,NA,NA,NA,NA,NA
180.694,1.7902,0.5225,1.0471,3.7122,NA,NA,NA,NA,NA,NA,NA,NA,NA,NA,NA,NA
180.806,1.7912,0.5789,1.0466,3.6574,NA,NA,NA,NA,NA,NA,NA,NA,NA,NA,NA,NA
180.887,1.7912,0.5789,1.0468,3.6802,NA,NA,NA,NA,NA,NA,NA,NA,NA,NA,NA,NA
180.996,1.7918,0.6122,1.0468,3.6802,NA,NA,NA,NA,NA,NA,NA,NA,NA,NA,NA,NA
181.085,1.7918,0.6122,1.0466,3.6584,NA,NA,NA,NA,NA,NA,NA,NA,NA,NA,NA,NA
181.182,1.7902,0.5209,1.0459,3.5917,NA,NA,NA,NA,NA,NA,NA,NA,NA,NA,NA,NA
181.293,1.7861,0.2910,1.0459,3.5917,NA,NA,NA,NA,NA,NA,NA,NA,NA,NA,NA,NA
181.402,1.7857,0.2652,1.0452,3.5212,NA,NA,NA,NA,NA,NA,NA,NA,NA,NA,NA,NA
181.475,1.7857,0.2657,1.0448,3.4853,NA,NA,NA,NA,NA,NA,NA,NA,NA,NA,NA,NA
181.621,1.7857,0.2657,1.0445,3.4538,NA,NA,NA,NA,NA,NA,NA,NA,NA,NA,NA,NA
181.671,1.7852,0.2382,1.0439,3.3986,NA,NA,NA,NA,NA,NA,NA,NA,NA,NA,NA,NA
181.776,1.7852,0.2382,1.0432,3.3278,NA,NA,NA,NA,NA,NA,NA,NA,NA,NA,NA,NA
181.870,1.7798,-0.0635,1.0426,3.2639,NA,NA,NA,NA,NA,NA,NA,NA,NA,NA,NA,NA
181.969,1.7775,-0.1925,1.0423,3.2324,NA,NA,NA,NA,NA,NA,NA,NA,NA,NA,NA,NA
182.066,1.7757,-0.2922,1.0418,3.1828,NA,NA,NA,NA,NA,NA,NA,NA,NA,NA,NA,NA
182.202,1.7763,-0.2624,1.0401,3.0197,NA,NA,NA,NA,NA,NA,NA,NA,NA,NA,NA,NA
182.261,1.7774,-0.1976,1.0396,2.9674,NA,NA,NA,NA,NA,NA,NA,NA,NA,NA,NA,NA
182.364,1.7777,-0.1784,1.0391,2.9208,NA,NA,NA,NA,NA,NA,NA,NA,NA,NA,NA,NA
182.456,1.7777,-0.1784,1.0388,2.8900,NA,NA,NA,NA,NA,NA,NA,NA,NA,NA,NA,NA
182.555,1.7742,-0.3763,1.0384,2.8453,NA,NA,NA,NA,NA,NA,NA,NA,NA,NA,NA,NA
182.681,1.7868,0.3275,1.0418,3.1878,NA,NA,NA,NA,NA,NA,NA,NA,NA,NA,NA,NA
182.753,1.8169,2.0221,1.0493,3.9287,NA,NA,NA,NA,NA,NA,NA,NA,NA,NA,NA,NA
182.875,1.8427,3.4675,1.0611,5.0999,NA,NA,NA,NA,NA,NA,NA,NA,NA,NA,NA,NA
182.954,1.8772,5.4035,1.0702,5.9972,NA,NA,NA,NA,NA,NA,NA,NA,NA,NA,NA,NA
183.046,1.9122,7.3732,1.0842,7.3893,NA,NA,NA,NA,NA,NA,NA,NA,NA,NA,NA,NA
183.140,1.9396,8.9110,1.0911,8.0662,NA,NA,NA,NA,NA,NA,NA,NA,NA,NA,NA,NA
183.245,1.9583,9.9607,1.0990,8.8491,NA,NA,NA,NA,NA,NA,NA,NA,NA,NA,NA,NA
183.341,1.9712,10.6828,1.1073,9.6751,NA,NA,NA,NA,NA,NA,NA,NA,NA,NA,NA,NA
183.452,1.9975,12.1618,1.1153,10.4682,NA,NA,NA,NA,NA,NA,NA,NA,NA,NA,NA,NA
183.538,2.0078,12.7384,1.1250,11.4228,NA,NA,NA,NA,NA,NA,NA,NA,NA,NA,NA,NA
183.639,2.0288,13.9168,1.1324,12.1617,NA,NA,NA,NA,NA,NA,NA,NA,NA,NA,NA,NA
183.737,2.0379,14.4308,1.1405,12.9632,NA,NA,NA,NA,NA,NA,NA,NA,NA,NA,NA,NA
183.828,2.0443,14.7886,1.1481,13.7177,NA,NA,NA,NA,NA,NA,NA,NA,NA,NA,NA,NA
183.929,2.0541,15.3397,1.1571,14.6094,NA,NA,NA,NA,NA,NA,NA,NA,NA,NA,NA,NA
184.025,2.0588,15.6045,1.1621,15.1011,NA,NA,NA,NA,NA,NA,NA,NA,NA,NA,NA,NA
184.129,2.0808,16.8372,1.1688,15.7666,NA,NA,NA,NA,NA,NA,NA,NA,NA,NA,NA,NA
184.218,2.0882,17.2530,1.1725,16.1317,NA,NA,NA,NA,NA,NA,NA,NA,NA,NA,NA,NA
184.327,2.1140,18.7003,1.1760,16.4794,NA,NA,NA,NA,NA,NA,NA,NA,NA,NA,NA,NA
184.420,2.1213,19.1144,1.1810,16.9709,NA,NA,NA,NA,NA,NA,NA,NA,NA,NA,NA,NA
184.518,2.1298,19.5915,1.1855,17.4214,NA,NA,NA,NA,NA,NA,NA,NA,NA,NA,NA,NA
184.612,2.1298,19.5915,1.1884,17.7048,NA,NA,NA,NA,NA,NA,NA,NA,NA,NA,NA,NA
184.712,2.1233,19.2258,1.1897,17.8384,NA,NA,NA,NA,NA,NA,NA,NA,NA,NA,NA,NA
184.808,2.1209,19.0869,1.1897,17.8384,NA,NA,NA,NA,NA,NA,NA,NA,NA,NA,NA,NA
184.904,2.1154,18.7789,1.1896,17.8272,NA,NA,NA,NA,NA,NA,NA,NA,NA,NA,NA,NA
185.000,2.1114,18.5562,1.1895,17.8110,NA,NA,NA,NA,NA,NA,NA,NA,NA,NA,NA,NA
185.099,2.1093,18.4383,1.1883,17.6981,NA,NA,NA,NA,NA,NA,NA,NA,NA,NA,NA,NA
185.198,2.0995,17.8874,1.1854,17.4125,NA,NA,NA,NA,NA,NA,NA,NA,NA,NA,NA,NA
185.299,2.0900,17.3563,1.1816,17.0372,NA,NA,NA,NA,NA,NA,NA,NA,NA,NA,NA,NA
185.392,2.0812,16.8589,1.1781,16.6887,NA,NA,NA,NA,NA,NA,NA,NA,NA,NA,NA,NA
185.494,2.0756,16.5486,1.1755,16.4288,NA,NA,NA,NA,NA,NA,NA,NA,NA,NA,NA,NA
185.599,2.0580,15.5585,1.1714,16.0228,NA,NA,NA,NA,NA,NA,NA,NA,NA,NA,NA,NA
185.685,2.0519,15.2177,1.1696,15.8442,NA,NA,NA,NA,NA,NA,NA,NA,NA,NA,NA,NA
185.785,2.0504,15.1299,1.1665,15.5393,NA,NA,NA,NA,NA,NA,NA,NA,NA,NA,NA,NA
185.881,2.0403,14.5625,1.1649,15.3742,NA,NA,NA,NA,NA,NA,NA,NA,NA,NA,NA,NA
185.988,2.0332,14.1634,1.1622,15.1156,NA,NA,NA,NA,NA,NA,NA,NA,NA,NA,NA,NA
186.096,2.0263,13.7794,1.1610,14.9931,NA,NA,NA,NA,NA,NA,NA,NA,NA,NA,NA,NA
186.181,2.0253,13.7203,1.1595,14.8398,NA,NA,NA,NA,NA,NA,NA,NA,NA,NA,NA,NA
186.272,2.0188,13.3564,1.1589,14.7858,NA,NA,NA,NA,NA,NA,NA,NA,NA,NA,NA,NA
186.382,2.0184,13.3334,1.1579,14.6823,NA,NA,NA,NA,NA,NA,NA,NA,NA,NA,NA,NA
186.490,2.0177,13.2934,1.1572,14.6169,NA,NA,NA,NA,NA,NA,NA,NA,NA,NA,NA,NA
186.570,2.0157,13.1812,1.1567,14.5690,NA,NA,NA,NA,NA,NA,NA,NA,NA,NA,NA,NA
186.664,2.0145,13.1143,1.1560,14.4964,NA,NA,NA,NA,NA,NA,NA,NA,NA,NA,NA,NA
186.771,2.0112,12.9326,1.1557,14.4682,NA,NA,NA,NA,NA,NA,NA,NA,NA,NA,NA,NA
186.863,2.0093,12.8222,1.1545,14.3499,NA,NA,NA,NA,NA,NA,NA,NA,NA,NA,NA,NA
186.966,2.0041,12.5305,1.1539,14.2905,NA,NA,NA,NA,NA,NA,NA,NA,NA,NA,NA,NA
187.102,2.0003,12.3175,1.1513,14.0303,NA,NA,NA,NA,NA,NA,NA,NA,NA,NA,NA,NA
187.159,1.9936,11.9439,1.1499,13.8954,NA,NA,NA,NA,NA,NA,NA,NA,NA,NA,NA,NA
187.264,1.9889,11.6789,1.1481,13.7108,NA,NA,NA,NA,NA,NA,NA,NA,NA,NA,NA,NA
187.352,1.9889,11.6789,1.1469,13.5910,NA,NA,NA,NA,NA,NA,NA,NA,NA,NA,NA,NA
187.453,1.9762,10.9650,1.1450,13.4110,NA,NA,NA,NA,NA,NA,NA,NA,NA,NA,NA,NA
187.550,1.9762,10.9650,1.1437,13.2760,NA,NA,NA,NA,NA,NA,NA,NA,NA,NA,NA,NA
187.678,1.9715,10.7006,1.1428,13.1935,NA,NA,NA,NA,NA,NA,NA,NA,NA,NA,NA,NA
187.742,1.9690,10.5601,1.1427,13.1778,NA,NA,NA,NA,NA,NA,NA,NA,NA,NA,NA,NA
187.842,1.9657,10.3726,1.1410,13.0096,NA,NA,NA,NA,NA,NA,NA,NA,NA,NA,NA,NA
187.943,1.9661,10.3974,1.1410,13.0096,NA,NA,NA,NA,NA,NA,NA,NA,NA,NA,NA,NA
188.037,1.9661,10.3974,1.1403,12.9442,NA,NA,NA,NA,NA,NA,NA,NA,NA,NA,NA,NA
188.134,1.9635,10.2539,1.1396,12.8770,NA,NA,NA,NA,NA,NA,NA,NA,NA,NA,NA,NA
188.234,1.9635,10.2539,1.1385,12.7609,NA,NA,NA,NA,NA,NA,NA,NA,NA,NA,NA,NA
188.330,1.9642,10.2919,1.1377,12.6873,NA,NA,NA,NA,NA,NA,NA,NA,NA,NA,NA,NA
188.436,1.9642,10.2919,1.1367,12.5884,NA,NA,NA,NA,NA,NA,NA,NA,NA,NA,NA,NA
188.528,1.9593,10.0149,1.1363,12.5494,NA,NA,NA,NA,NA,NA,NA,NA,NA,NA,NA,NA
188.637,1.9709,10.6675,1.1404,12.9517,NA,NA,NA,NA,NA,NA,NA,NA,NA,NA,NA,NA
188.726,2.0113,12.9346,1.1481,13.7186,NA,NA,NA,NA,NA,NA,NA,NA,NA,NA,NA,NA
188.822,2.0576,15.5353,1.1584,14.7369,NA,NA,NA,NA,NA,NA,NA,NA,NA,NA,NA,NA
188.919,2.0672,16.0770,1.1680,15.6875,NA,NA,NA,NA,NA,NA,NA,NA,NA,NA,NA,NA
189.017,2.0863,17.1471,1.1726,16.1401,NA,NA,NA,NA,NA,NA,NA,NA,NA,NA,NA,NA
189.124,2.0872,17.1965,1.1761,16.4925,NA,NA,NA,NA,NA,NA,NA,NA,NA,NA,NA,NA
189.212,2.0875,17.2130,1.1780,16.6743,NA,NA,NA,NA,NA,NA,NA,NA,NA,NA,NA,NA
189.312,2.0875,17.2130,1.1784,16.7146,NA,NA,NA,NA,NA,NA,NA,NA,NA,NA,NA,NA
189.407,2.0804,16.8139,1.1788,16.7533,NA,NA,NA,NA,NA,NA,NA,NA,NA,NA,NA,NA
189.505,2.0802,16.8058,1.1788,16.7533,NA,NA,NA,NA,NA,NA,NA,NA,NA,NA,NA,NA
189.604,2.0713,16.3041,1.1780,16.6800,NA,NA,NA,NA,NA,NA,NA,NA,NA,NA,NA,NA
189.709,2.0637,15.8763,1.1731,16.1902,NA,NA,NA,NA,NA,NA,NA,NA,NA,NA,NA,NA
189.798,2.0527,15.2574,1.1707,15.9494,NA,NA,NA,NA,NA,NA,NA,NA,NA,NA,NA,NA
189.905,2.0289,13.9247,1.1692,15.8088,NA,NA,NA,NA,NA,NA,NA,NA,NA,NA,NA,NA
189.994,2.0217,13.5176,1.1662,15.5106,NA,NA,NA,NA,NA,NA,NA,NA,NA,NA,NA,NA
190.099,2.0133,13.0465,1.1646,15.3496,NA,NA,NA,NA,NA,NA,NA,NA,NA,NA,NA,NA
190.191,2.0133,13.0465,1.1623,15.1165,NA,NA,NA,NA,NA,NA,NA,NA,NA,NA,NA,NA
190.289,2.0084,12.7727,1.1596,14.8571,NA,NA,NA,NA,NA,NA,NA,NA,NA,NA,NA,NA
190.392,2.0075,12.7236,1.1575,14.6444,NA,NA,NA,NA,NA,NA,NA,NA,NA,NA,NA,NA
190.485,2.0045,12.5536,1.1563,14.5299,NA,NA,NA,NA,NA,NA,NA,NA,NA,NA,NA,NA
190.588,2.0031,12.4728,1.1555,14.4451,NA,NA,NA,NA,NA,NA,NA,NA,NA,NA,NA,NA
190.680,1.9989,12.2387,1.1548,14.3815,NA,NA,NA,NA,NA,NA,NA,NA,NA,NA,NA,NA
190.778,1.9947,12.0059,1.1539,14.2911,NA,NA,NA,NA,NA,NA,NA,NA,NA,NA,NA,NA
190.886,1.9935,11.9347,1.1527,14.1733,NA,NA,NA,NA,NA,NA,NA,NA,NA,NA,NA,NA
190.974,1.9918,11.8387,1.1520,14.1035,NA,NA,NA,NA,NA,NA,NA,NA,NA,NA,NA,NA
191.072,1.9918,11.8387,1.1511,14.0077,NA,NA,NA,NA,NA,NA,NA,NA,NA,NA,NA,NA
191.221,1.9875,11.5969,1.1503,13.9324,NA,NA,NA,NA,NA,NA,NA,NA,NA,NA,NA,NA
191.268,1.9875,11.5969,1.1494,13.8453,NA,NA,NA,NA,NA,NA,NA,NA,NA,NA,NA,NA
191.374,1.9770,11.0097,1.1485,13.7496,NA,NA,NA,NA,NA,NA,NA,NA,NA,NA,NA,NA
191.463,1.9730,10.7856,1.1479,13.6976,NA,NA,NA,NA,NA,NA,NA,NA,NA,NA,NA,NA
191.569,1.9688,10.5464,1.1460,13.5110,NA,NA,NA,NA,NA,NA,NA,NA,NA,NA,NA,NA
191.657,1.9671,10.4512,1.1447,13.3820,NA,NA,NA,NA,NA,NA,NA,NA,NA,NA,NA,NA
191.760,1.9661,10.3992,1.1438,13.2837,NA,NA,NA,NA,NA,NA,NA,NA,NA,NA,NA,NA
191.855,1.9653,10.3501,1.1428,13.1850,NA,NA,NA,NA,NA,NA,NA,NA,NA,NA,NA,NA
191.953,1.9670,10.4461,1.1419,13.1036,NA,NA,NA,NA,NA,NA,NA,NA,NA,NA,NA,NA
192.050,1.9942,11.9746,1.1459,13.5004,NA,NA,NA,NA,NA,NA,NA,NA,NA,NA,NA,NA
192.160,2.0167,13.2414,1.1540,14.2959,NA,NA,NA,NA,NA,NA,NA,NA,NA,NA,NA,NA
192.247,2.0341,14.2130,1.1676,15.6496,NA,NA,NA,NA,NA,NA,NA,NA,NA,NA,NA,NA
192.341,2.0648,15.9396,1.1724,16.1256,NA,NA,NA,NA,NA,NA,NA,NA,NA,NA,NA,NA
192.474,2.0761,16.5760,1.1756,16.4402,NA,NA,NA,NA,NA,NA,NA,NA,NA,NA,NA,NA
192.540,2.0813,16.8662,1.1766,16.5338,NA,NA,NA,NA,NA,NA,NA,NA,NA,NA,NA,NA
192.639,2.0813,16.8662,1.1766,16.5338,NA,NA,NA,NA,NA,NA,NA,NA,NA,NA,NA,NA
192.733,2.0793,16.7528,1.1761,16.4895,NA,NA,NA,NA,NA,NA,NA,NA,NA,NA,NA,NA
192.836,2.0732,16.4092,1.1758,16.4580,NA,NA,NA,NA,NA,NA,NA,NA,NA,NA,NA,NA
192.979,2.0693,16.1936,1.1751,16.3862,NA,NA,NA,NA,NA,NA,NA,NA,NA,NA,NA,NA
193.040,2.0608,15.7151,1.1710,15.9861,NA,NA,NA,NA,NA,NA,NA,NA,NA,NA,NA,NA
193.130,2.0468,14.9301,1.1670,15.5836,NA,NA,NA,NA,NA,NA,NA,NA,NA,NA,NA,NA
193.225,2.0360,14.3212,1.1653,15.4151,NA,NA,NA,NA,NA,NA,NA,NA,NA,NA,NA,NA
193.324,2.0322,14.1067,1.1602,14.9110,NA,NA,NA,NA,NA,NA,NA,NA,NA,NA,NA,NA
193.431,2.0230,13.5949,1.1566,14.5574,NA,NA,NA,NA,NA,NA,NA,NA,NA,NA,NA,NA
193.522,2.0192,13.3813,1.1550,14.3947,NA,NA,NA,NA,NA,NA,NA,NA,NA,NA,NA,NA
193.628,2.0135,13.0565,1.1539,14.2881,NA,NA,NA,NA,NA,NA,NA,NA,NA,NA,NA,NA
193.727,2.0066,12.6692,1.1531,14.2049,NA,NA,NA,NA,NA,NA,NA,NA,NA,NA,NA,NA
193.819,2.0034,12.4904,1.1515,14.0546,NA,NA,NA,NA,NA,NA,NA,NA,NA,NA,NA,NA
193.910,2.0004,12.3210,1.1506,13.9570,NA,NA,NA,NA,NA,NA,NA,NA,NA,NA,NA,NA
194.005,2.0004,12.3210,1.1493,13.8300,NA,NA,NA,NA,NA,NA,NA,NA,NA,NA,NA,NA
194.108,1.9952,12.0316,1.1478,13.6856,NA,NA,NA,NA,NA,NA,NA,NA,NA,NA,NA,NA
194.261,1.9941,11.9711,1.1467,13.5713,NA,NA,NA,NA,NA,NA,NA,NA,NA,NA,NA,NA
194.303,1.9803,11.1962,1.1456,13.4682,NA,NA,NA,NA,NA,NA,NA,NA,NA,NA,NA,NA
194.404,1.9797,11.1618,1.1445,13.3534,NA,NA,NA,NA,NA,NA,NA,NA,NA,NA,NA,NA
194.503,1.9797,11.1618,1.1443,13.3369,NA,NA,NA,NA,NA,NA,NA,NA,NA,NA,NA,NA
194.598,1.9812,11.2426,1.1436,13.2711,NA,NA,NA,NA,NA,NA,NA,NA,NA,NA,NA,NA
194.705,1.9812,11.2426,1.1407,12.9773,NA,NA,NA,NA,NA,NA,NA,NA,NA,NA,NA,NA
194.831,1.9770,11.0071,1.1405,12.9628,NA,NA,NA,NA,NA,NA,NA,NA,NA,NA,NA,NA
194.892,1.9750,10.8979,1.1402,12.9343,NA,NA,NA,NA,NA,NA,NA,NA,NA,NA,NA,NA
194.990,1.9754,10.9191,1.1383,12.7475,NA,NA,NA,NA,NA,NA,NA,NA,NA,NA,NA,NA
195.084,1.9754,10.9191,1.1363,12.5471,NA,NA,NA,NA,NA,NA,NA,NA,NA,NA,NA,NA
195.183,1.9734,10.8061,1.1353,12.4464,NA,NA,NA,NA,NA,NA,NA,NA,NA,NA,NA,NA
195.288,1.9731,10.7922,1.1350,12.4194,NA,NA,NA,NA,NA,NA,NA,NA,NA,NA,NA,NA
195.407,1.9711,10.6793,1.1346,12.3781,NA,NA,NA,NA,NA,NA,NA,NA,NA,NA,NA,NA
195.479,1.9711,10.6793,1.1344,12.3574,NA,NA,NA,NA,NA,NA,NA,NA,NA,NA,NA,NA
195.576,1.9659,10.3889,1.1344,12.3574,NA,NA,NA,NA,NA,NA,NA,NA,NA,NA,NA,NA
195.673,1.9649,10.3320,1.1343,12.3490,NA,NA,NA,NA,NA,NA,NA,NA,NA,NA,NA,NA
195.770,1.9615,10.1379,1.1342,12.3372,NA,NA,NA,NA,NA,NA,NA,NA,NA,NA,NA,NA
195.871,1.9584,9.9625,1.1340,12.3211,NA,NA,NA,NA,NA,NA,NA,NA,NA,NA,NA,NA
195.970,1.9562,9.8395,1.1331,12.2282,NA,NA,NA,NA,NA,NA,NA,NA,NA,NA,NA,NA
196.079,1.9565,9.8605,1.1319,12.1096,NA,NA,NA,NA,NA,NA,NA,NA,NA,NA,NA,NA
196.166,1.9565,9.8605,1.1319,12.1096,NA,NA,NA,NA,NA,NA,NA,NA,NA,NA,NA,NA
196.261,1.9551,9.7814,1.1318,12.1049,NA,NA,NA,NA,NA,NA,NA,NA,NA,NA,NA,NA
196.361,1.9551,9.7814,1.1312,12.0355,NA,NA,NA,NA,NA,NA,NA,NA,NA,NA,NA,NA
196.460,1.9495,9.4682,1.1307,11.9922,NA,NA,NA,NA,NA,NA,NA,NA,NA,NA,NA,NA
196.606,1.9457,9.2503,1.1297,11.8883,NA,NA,NA,NA,NA,NA,NA,NA,NA,NA,NA,NA
196.652,1.9446,9.1895,1.1282,11.7477,NA,NA,NA,NA,NA,NA,NA,NA,NA,NA,NA,NA
196.769,1.9417,9.0293,1.1281,11.7369,NA,NA,NA,NA,NA,NA,NA,NA,NA,NA,NA,NA
196.853,1.9417,9.0293,1.1270,11.6259,NA,NA,NA,NA,NA,NA,NA,NA,NA,NA,NA,NA
196.946,1.9418,9.0356,1.1270,11.6259,NA,NA,NA,NA,NA,NA,NA,NA,NA,NA,NA,NA
197.047,1.9418,9.0356,1.1262,11.5421,NA,NA,NA,NA,NA,NA,NA,NA,NA,NA,NA,NA
197.150,1.9379,8.8132,1.1256,11.4815,NA,NA,NA,NA,NA,NA,NA,NA,NA,NA,NA,NA
197.248,1.9336,8.5732,1.1249,11.4199,NA,NA,NA,NA,NA,NA,NA,NA,NA,NA,NA,NA
197.339,1.9318,8.4736,1.1240,11.3246,NA,NA,NA,NA,NA,NA,NA,NA,NA,NA,NA,NA
197.433,1.9296,8.3480,1.1237,11.2978,NA,NA,NA,NA,NA,NA,NA,NA,NA,NA,NA,NA
197.540,1.9294,8.3393,1.1225,11.1826,NA,NA,NA,NA,NA,NA,NA,NA,NA,NA,NA,NA
197.635,1.9265,8.1764,1.1226,11.1921,NA,NA,NA,NA,NA,NA,NA,NA,NA,NA,NA,NA
197.735,1.9251,8.0935,1.1226,11.1921,NA,NA,NA,NA,NA,NA,NA,NA,NA,NA,NA,NA
197.877,1.9234,8.0024,1.1205,10.9819,NA,NA,NA,NA,NA,NA,NA,NA,NA,NA,NA,NA
197.926,1.9234,8.0024,1.1197,10.8966,NA,NA,NA,NA,NA,NA,NA,NA,NA,NA,NA,NA
198.040,1.9201,7.8119,1.1194,10.8683,NA,NA,NA,NA,NA,NA,NA,NA,NA,NA,NA,NA
198.127,1.9197,7.7909,1.1192,10.8564,NA,NA,NA,NA,NA,NA,NA,NA,NA,NA,NA,NA
198.218,1.9173,7.6549,1.1191,10.8446,NA,NA,NA,NA,NA,NA,NA,NA,NA,NA,NA,NA
198.322,1.9153,7.5471,1.1191,10.8404,NA,NA,NA,NA,NA,NA,NA,NA,NA,NA,NA,NA
198.413,1.9141,7.4795,1.1181,10.7411,NA,NA,NA,NA,NA,NA,NA,NA,NA,NA,NA,NA
198.519,1.9111,7.3068,1.1176,10.6975,NA,NA,NA,NA,NA,NA,NA,NA,NA,NA,NA,NA
198.609,1.9111,7.3068,1.1175,10.6834,NA,NA,NA,NA,NA,NA,NA,NA,NA,NA,NA,NA
198.706,1.9098,7.2336,1.1166,10.5993,NA,NA,NA,NA,NA,NA,NA,NA,NA,NA,NA,NA
198.808,1.9083,7.1504,1.1154,10.4740,NA,NA,NA,NA,NA,NA,NA,NA,NA,NA,NA,NA
198.904,1.9083,7.1523,1.1149,10.4217,NA,NA,NA,NA,NA,NA,NA,NA,NA,NA,NA,NA
199.003,1.9083,7.1523,1.1143,10.3647,NA,NA,NA,NA,NA,NA,NA,NA,NA,NA,NA,NA
199.102,1.9071,7.0860,1.1129,10.2320,NA,NA,NA,NA,NA,NA,NA,NA,NA,NA,NA,NA
199.202,1.9062,7.0337,1.1124,10.1809,NA,NA,NA,NA,NA,NA,NA,NA,NA,NA,NA,NA
199.322,1.9062,7.0337,1.1124,10.1809,NA,NA,NA,NA,NA,NA,NA,NA,NA,NA,NA,NA
199.399,1.9018,6.7858,1.1119,10.1328,NA,NA,NA,NA,NA,NA,NA,NA,NA,NA,NA,NA
199.491,1.9018,6.7858,1.1117,10.1104,NA,NA,NA,NA,NA,NA,NA,NA,NA,NA,NA,NA
199.588,1.8988,6.6201,1.1109,10.0302,NA,NA,NA,NA,NA,NA,NA,NA,NA,NA,NA,NA
199.688,1.8971,6.5228,1.1105,9.9869,NA,NA,NA,NA,NA,NA,NA,NA,NA,NA,NA,NA
199.786,1.8971,6.5228,1.1100,9.9408,NA,NA,NA,NA,NA,NA,NA,NA,NA,NA,NA,NA
199.886,1.8995,6.6598,1.1097,9.9125,NA,NA,NA,NA,NA,NA,NA,NA,NA,NA,NA,NA
199.980,1.8995,6.6598,1.1083,9.7703,NA,NA,NA,NA,NA,NA,NA,NA,NA,NA,NA,NA
200.092,1.8985,6.6003,1.1076,9.7029,NA,NA,NA,NA,NA,NA,NA,NA,NA,NA,NA,NA
200.182,1.8985,6.6003,1.1072,9.6606,NA,NA,NA,NA,NA,NA,NA,NA,NA,NA,NA,NA
200.285,1.8939,6.3451,1.1059,9.5355,NA,NA,NA,NA,NA,NA,NA,NA,NA,NA,NA,NA
200.373,1.8902,6.1342,1.1054,9.4814,NA,NA,NA,NA,NA,NA,NA,NA,NA,NA,NA,NA
200.469,1.8891,6.0764,1.1040,9.3502,NA,NA,NA,NA,NA,NA,NA,NA,NA,NA,NA,NA
200.571,1.8891,6.0764,1.1035,9.2995,NA,NA,NA,NA,NA,NA,NA,NA,NA,NA,NA,NA
200.664,1.8896,6.1034,1.1033,9.2734,NA,NA,NA,NA,NA,NA,NA,NA,NA,NA,NA,NA
200.763,1.8896,6.1034,1.1032,9.2711,NA,NA,NA,NA,NA,NA,NA,NA,NA,NA,NA,NA
200.871,1.8862,5.9103,1.1024,9.1912,NA,NA,NA,NA,NA,NA,NA,NA,NA,NA,NA,NA
200.962,1.8888,6.0593,1.1016,9.1052,NA,NA,NA,NA,NA,NA,NA,NA,NA,NA,NA,NA
201.061,1.8888,6.0593,1.1015,9.0948,NA,NA,NA,NA,NA,NA,NA,NA,NA,NA,NA,NA
201.151,1.8861,5.9073,1.1008,9.0256,NA,NA,NA,NA,NA,NA,NA,NA,NA,NA,NA,NA
201.257,1.8854,5.8645,1.0999,8.9358,NA,NA,NA,NA,NA,NA,NA,NA,NA,NA,NA,NA
201.352,1.8854,5.8645,1.0997,8.9191,NA,NA,NA,NA,NA,NA,NA,NA,NA,NA,NA,NA
201.459,1.8840,5.7858,1.0993,8.8790,NA,NA,NA,NA,NA,NA,NA,NA,NA,NA,NA,NA
201.548,1.8809,5.6154,1.0983,8.7814,NA,NA,NA,NA,NA,NA,NA,NA,NA,NA,NA,NA
201.646,1.8809,5.6154,1.0983,8.7776,NA,NA,NA,NA,NA,NA,NA,NA,NA,NA,NA,NA
201.743,1.8795,5.5358,1.0974,8.6925,NA,NA,NA,NA,NA,NA,NA,NA,NA,NA,NA,NA
201.850,1.8756,5.3137,1.0971,8.6637,NA,NA,NA,NA,NA,NA,NA,NA,NA,NA,NA,NA
201.936,1.8754,5.3072,1.0963,8.5832,NA,NA,NA,NA,NA,NA,NA,NA,NA,NA,NA,NA
202.065,1.8754,5.3022,1.0962,8.5717,NA,NA,NA,NA,NA,NA,NA,NA,NA,NA,NA,NA
202.136,1.8750,5.2826,1.0952,8.4755,NA,NA,NA,NA,NA,NA,NA,NA,NA,NA,NA,NA
202.232,1.8720,5.1110,1.0952,8.4755,NA,NA,NA,NA,NA,NA,NA,NA,NA,NA,NA,NA
202.340,1.8705,5.0312,1.0945,8.4072,NA,NA,NA,NA,NA,NA,NA,NA,NA,NA,NA,NA
202.432,1.8684,4.9106,1.0936,8.3123,NA,NA,NA,NA,NA,NA,NA,NA,NA,NA,NA,NA
202.535,1.8661,4.7838,1.0928,8.2411,NA,NA,NA,NA,NA,NA,NA,NA,NA,NA,NA,NA
202.684,1.8661,4.7838,1.0927,8.2286,NA,NA,NA,NA,NA,NA,NA,NA,NA,NA,NA,NA
202.718,1.8653,4.7392,1.0915,8.1117,NA,NA,NA,NA,NA,NA,NA,NA,NA,NA,NA,NA
202.823,1.8658,4.7657,1.0912,8.0744,NA,NA,NA,NA,NA,NA,NA,NA,NA,NA,NA,NA
202.926,1.8658,4.7657,1.0914,8.1010,NA,NA,NA,NA,NA,NA,NA,NA,NA,NA,NA,NA
203.017,1.8641,4.6716,1.0914,8.1010,NA,NA,NA,NA,NA,NA,NA,NA,NA,NA,NA,NA
203.126,1.8613,4.5151,1.0903,7.9914,NA,NA,NA,NA,NA,NA,NA,NA,NA,NA,NA,NA
203.232,1.8629,4.6033,1.0899,7.9523,NA,NA,NA,NA,NA,NA,NA,NA,NA,NA,NA,NA
203.309,1.8629,4.6033,1.0891,7.8663,NA,NA,NA,NA,NA,NA,NA,NA,NA,NA,NA,NA
203.410,1.8578,4.3170,1.0882,7.7832,NA,NA,NA,NA,NA,NA,NA,NA,NA,NA,NA,NA
203.504,1.8578,4.3170,1.0875,7.7127,NA,NA,NA,NA,NA,NA,NA,NA,NA,NA,NA,NA
203.606,1.8577,4.3135,1.0875,7.7127,NA,NA,NA,NA,NA,NA,NA,NA,NA,NA,NA,NA
203.702,1.8577,4.3135,1.0862,7.5823,NA,NA,NA,NA,NA,NA,NA,NA,NA,NA,NA,NA
203.798,1.8524,4.0143,1.0856,7.5274,NA,NA,NA,NA,NA,NA,NA,NA,NA,NA,NA,NA
203.903,1.8513,3.9508,1.0852,7.4808,NA,NA,NA,NA,NA,NA,NA,NA,NA,NA,NA,NA
203.998,1.8479,3.7629,1.0848,7.4424,NA,NA,NA,NA,NA,NA,NA,NA,NA,NA,NA,NA
204.102,1.8496,3.8567,1.0846,7.4229,NA,NA,NA,NA,NA,NA,NA,NA,NA,NA,NA,NA
204.206,1.8496,3.8567,1.0831,7.2798,NA,NA,NA,NA,NA,NA,NA,NA,NA,NA,NA,NA
204.294,1.8476,3.7425,1.0826,7.2237,NA,NA,NA,NA,NA,NA,NA,NA,NA,NA,NA,NA
204.394,1.8463,3.6690,1.0808,7.0504,NA,NA,NA,NA,NA,NA,NA,NA,NA,NA,NA,NA
204.509,1.8423,3.4456,1.0800,6.9706,NA,NA,NA,NA,NA,NA,NA,NA,NA,NA,NA,NA
204.581,1.8421,3.4355,1.0797,6.9349,NA,NA,NA,NA,NA,NA,NA,NA,NA,NA,NA,NA
204.686,1.8406,3.3513,1.0788,6.8535,NA,NA,NA,NA,NA,NA,NA,NA,NA,NA,NA,NA
204.777,1.8450,3.5954,1.0785,6.8163,NA,NA,NA,NA,NA,NA,NA,NA,NA,NA,NA,NA
204.887,1.8450,3.5954,1.0785,6.8163,NA,NA,NA,NA,NA,NA,NA,NA,NA,NA,NA,NA
204.974,1.8432,3.4982,1.0781,6.7831,NA,NA,NA,NA,NA,NA,NA,NA,NA,NA,NA,NA
205.064,1.8432,3.4982,1.0771,6.6837,NA,NA,NA,NA,NA,NA,NA,NA,NA,NA,NA,NA
205.173,1.8409,3.3668,1.0766,6.6360,NA,NA,NA,NA,NA,NA,NA,NA,NA,NA,NA,NA
205.270,1.8409,3.3668,1.0765,6.6239,NA,NA,NA,NA,NA,NA,NA,NA,NA,NA,NA,NA
205.365,1.8389,3.2568,1.0774,6.7117,NA,NA,NA,NA,NA,NA,NA,NA,NA,NA,NA,NA
205.466,1.8396,3.2939,1.0774,6.7117,NA,NA,NA,NA,NA,NA,NA,NA,NA,NA,NA,NA
205.566,1.8396,3.2939,1.0763,6.6061,NA,NA,NA,NA,NA,NA,NA,NA,NA,NA,NA,NA
205.656,1.8375,3.1748,1.0759,6.5607,NA,NA,NA,NA,NA,NA,NA,NA,NA,NA,NA,NA
205.766,1.8375,3.1748,1.0759,6.5607,NA,NA,NA,NA,NA,NA,NA,NA,NA,NA,NA,NA
205.861,1.8371,3.1532,1.0751,6.4831,NA,NA,NA,NA,NA,NA,NA,NA,NA,NA,NA,NA
205.952,1.8371,3.1532,1.0751,6.4831,NA,NA,NA,NA,NA,NA,NA,NA,NA,NA,NA,NA
206.058,1.8337,2.9636,1.0751,6.4888,NA,NA,NA,NA,NA,NA,NA,NA,NA,NA,NA,NA
206.215,1.8337,2.9636,1.0751,6.4888,NA,NA,NA,NA,NA,NA,NA,NA,NA,NA,NA,NA
206.253,1.8331,2.9307,1.0748,6.4552,NA,NA,NA,NA,NA,NA,NA,NA,NA,NA,NA,NA
206.344,1.8313,2.8263,1.0741,6.3878,NA,NA,NA,NA,NA,NA,NA,NA,NA,NA,NA,NA
206.455,1.8313,2.8263,1.0736,6.3329,NA,NA,NA,NA,NA,NA,NA,NA,NA,NA,NA,NA
206.542,1.8360,3.0942,1.0734,6.3146,NA,NA,NA,NA,NA,NA,NA,NA,NA,NA,NA,NA
206.642,1.8360,3.0942,1.0733,6.3045,NA,NA,NA,NA,NA,NA,NA,NA,NA,NA,NA,NA
206.734,1.8346,3.0161,1.0732,6.2995,NA,NA,NA,NA,NA,NA,NA,NA,NA,NA,NA,NA
206.859,1.8300,2.7579,1.0732,6.2995,NA,NA,NA,NA,NA,NA,NA,NA,NA,NA,NA,NA
206.938,1.8297,2.7394,1.0724,6.2157,NA,NA,NA,NA,NA,NA,NA,NA,NA,NA,NA,NA
207.038,1.8317,2.8507,1.0721,6.1864,NA,NA,NA,NA,NA,NA,NA,NA,NA,NA,NA,NA
207.132,1.8317,2.8507,1.0716,6.1368,NA,NA,NA,NA,NA,NA,NA,NA,NA,NA,NA,NA
207.226,1.8328,2.9151,1.0714,6.1191,NA,NA,NA,NA,NA,NA,NA,NA,NA,NA,NA,NA
207.328,1.8328,2.9151,1.0705,6.0303,NA,NA,NA,NA,NA,NA,NA,NA,NA,NA,NA,NA
207.429,1.8332,2.9352,1.0705,6.0303,NA,NA,NA,NA,NA,NA,NA,NA,NA,NA,NA,NA
207.527,1.8332,2.9352,1.0704,6.0195,NA,NA,NA,NA,NA,NA,NA,NA,NA,NA,NA,NA
207.619,1.8266,2.5665,1.0698,5.9608,NA,NA,NA,NA,NA,NA,NA,NA,NA,NA,NA,NA
207.722,1.8244,2.4382,1.0698,5.9608,NA,NA,NA,NA,NA,NA,NA,NA,NA,NA,NA,NA
207.813,1.8180,2.0799,1.0685,5.8277,NA,NA,NA,NA,NA,NA,NA,NA,NA,NA,NA,NA
207.919,1.8244,2.4400,1.0685,5.8277,NA,NA,NA,NA,NA,NA,NA,NA,NA,NA,NA,NA
208.009,1.8249,2.4702,1.0684,5.8206,NA,NA,NA,NA,NA,NA,NA,NA,NA,NA,NA,NA
208.112,1.8280,2.6444,1.0670,5.6814,NA,NA,NA,NA,NA,NA,NA,NA,NA,NA,NA,NA
208.206,1.8285,2.6729,1.0665,5.6320,NA,NA,NA,NA,NA,NA,NA,NA,NA,NA,NA,NA
208.313,1.8285,2.6729,1.0663,5.6151,NA,NA,NA,NA,NA,NA,NA,NA,NA,NA,NA,NA
208.405,1.8260,2.5305,1.0654,5.5197,NA,NA,NA,NA,NA,NA,NA,NA,NA,NA,NA,NA
208.499,1.8236,2.3982,1.0658,5.5632,NA,NA,NA,NA,NA,NA,NA,NA,NA,NA,NA,NA
208.650,1.8236,2.3982,1.0658,5.5632,NA,NA,NA,NA,NA,NA,NA,NA,NA,NA,NA,NA
208.703,1.8209,2.2446,1.0647,5.4568,NA,NA,NA,NA,NA,NA,NA,NA,NA,NA,NA,NA
208.800,1.8209,2.2446,1.0644,5.4211,NA,NA,NA,NA,NA,NA,NA,NA,NA,NA,NA,NA
208.892,1.8200,2.1913,1.0640,5.3836,NA,NA,NA,NA,NA,NA,NA,NA,NA,NA,NA,NA
208.990,1.8191,2.1446,1.0639,5.3725,NA,NA,NA,NA,NA,NA,NA,NA,NA,NA,NA,NA
209.079,1.8174,2.0465,1.0639,5.3730,NA,NA,NA,NA,NA,NA,NA,NA,NA,NA,NA,NA
209.199,1.8187,2.1201,1.0639,5.3730,NA,NA,NA,NA,NA,NA,NA,NA,NA,NA,NA,NA
209.294,1.8187,2.1201,1.0638,5.3643,NA,NA,NA,NA,NA,NA,NA,NA,NA,NA,NA,NA
209.387,1.8153,1.9283,1.0629,5.2740,NA,NA,NA,NA,NA,NA,NA,NA,NA,NA,NA,NA
209.481,1.8153,1.9283,1.0623,5.2149,NA,NA,NA,NA,NA,NA,NA,NA,NA,NA,NA,NA
209.583,1.8144,1.8798,1.0621,5.1916,NA,NA,NA,NA,NA,NA,NA,NA,NA,NA,NA,NA
209.675,1.8111,1.6915,1.0619,5.1780,NA,NA,NA,NA,NA,NA,NA,NA,NA,NA,NA,NA
209.824,1.8110,1.6860,1.0619,5.1728,NA,NA,NA,NA,NA,NA,NA,NA,NA,NA,NA,NA
209.870,1.8106,1.6645,1.0619,5.1728,NA,NA,NA,NA,NA,NA,NA,NA,NA,NA,NA,NA
209.970,1.8106,1.6645,1.0616,5.1498,NA,NA,NA,NA,NA,NA,NA,NA,NA,NA,NA,NA
210.064,1.8131,1.8076,1.0614,5.1305,NA,NA,NA,NA,NA,NA,NA,NA,NA,NA,NA,NA
210.160,1.8131,1.8076,1.0610,5.0848,NA,NA,NA,NA,NA,NA,NA,NA,NA,NA,NA,NA
210.264,1.8123,1.7619,1.0607,5.0579,NA,NA,NA,NA,NA,NA,NA,NA,NA,NA,NA,NA
210.391,1.8123,1.7619,1.0603,5.0220,NA,NA,NA,NA,NA,NA,NA,NA,NA,NA,NA,NA
210.456,1.8099,1.6284,1.0602,5.0074,NA,NA,NA,NA,NA,NA,NA,NA,NA,NA,NA,NA
210.559,1.8084,1.5419,1.0601,5.0028,NA,NA,NA,NA,NA,NA,NA,NA,NA,NA,NA,NA
210.653,1.8067,1.4445,1.0594,4.9253,NA,NA,NA,NA,NA,NA,NA,NA,NA,NA,NA,NA
210.753,1.8062,1.4213,1.0594,4.9253,NA,NA,NA,NA,NA,NA,NA,NA,NA,NA,NA,NA
210.858,1.8062,1.4213,1.0594,4.9249,NA,NA,NA,NA,NA,NA,NA,NA,NA,NA,NA,NA
210.950,1.8067,1.4463,1.0591,4.8958,NA,NA,NA,NA,NA,NA,NA,NA,NA,NA,NA,NA
211.061,1.8067,1.4463,1.0589,4.8832,NA,NA,NA,NA,NA,NA,NA,NA,NA,NA,NA,NA
211.143,1.8030,1.2381,1.0576,4.7536,NA,NA,NA,NA,NA,NA,NA,NA,NA,NA,NA,NA
211.247,1.8027,1.2241,1.0576,4.7485,NA,NA,NA,NA,NA,NA,NA,NA,NA,NA,NA,NA
211.342,1.7990,1.0140,1.0571,4.7016,NA,NA,NA,NA,NA,NA,NA,NA,NA,NA,NA,NA
211.436,1.7991,1.0197,1.0571,4.7016,NA,NA,NA,NA,NA,NA,NA,NA,NA,NA,NA,NA
211.536,1.7998,1.0570,1.0570,4.6923,NA,NA,NA,NA,NA,NA,NA,NA,NA,NA,NA,NA
211.686,1.8015,1.1566,1.0563,4.6212,NA,NA,NA,NA,NA,NA,NA,NA,NA,NA,NA,NA
211.731,1.8015,1.1566,1.0556,4.5511,NA,NA,NA,NA,NA,NA,NA,NA,NA,NA,NA,NA
211.836,1.8006,1.1046,1.0556,4.5511,NA,NA,NA,NA,NA,NA,NA,NA,NA,NA,NA,NA
211.928,1.8006,1.1046,1.0553,4.5259,NA,NA,NA,NA,NA,NA,NA,NA,NA,NA,NA,NA
212.020,1.7995,1.0425,1.0553,4.5259,NA,NA,NA,NA,NA,NA,NA,NA,NA,NA,NA,NA
212.126,1.7995,1.0425,1.0540,4.3923,NA,NA,NA,NA,NA,NA,NA,NA,NA,NA,NA,NA
212.227,1.7946,0.7663,1.0535,4.3470,NA,NA,NA,NA,NA,NA,NA,NA,NA,NA,NA,NA
212.320,1.7946,0.7663,1.0535,4.3470,NA,NA,NA,NA,NA,NA,NA,NA,NA,NA,NA,NA
212.412,1.7934,0.7016,1.0517,4.1700,NA,NA,NA,NA,NA,NA,NA,NA,NA,NA,NA,NA
212.511,1.7914,0.5885,1.0508,4.0810,NA,NA,NA,NA,NA,NA,NA,NA,NA,NA,NA,NA
212.625,1.7914,0.5885,1.0507,4.0718,NA,NA,NA,NA,NA,NA,NA,NA,NA,NA,NA,NA
212.718,1.7922,0.6318,1.0506,4.0546,NA,NA,NA,NA,NA,NA,NA,NA,NA,NA,NA,NA
212.822,1.7922,0.6318,1.0512,4.1183,NA,NA,NA,NA,NA,NA,NA,NA,NA,NA,NA,NA
212.905,1.7921,0.6247,1.0512,4.1183,NA,NA,NA,NA,NA,NA,NA,NA,NA,NA,NA,NA
213.004,1.7921,0.6247,1.0515,4.1424,NA,NA,NA,NA,NA,NA,NA,NA,NA,NA,NA,NA
213.107,1.7876,0.3739,1.0515,4.1424,NA,NA,NA,NA,NA,NA,NA,NA,NA,NA,NA,NA
213.204,1.7857,0.2666,1.0513,4.1284,NA,NA,NA,NA,NA,NA,NA,NA,NA,NA,NA,NA
213.301,1.7853,0.2453,1.0510,4.0952,NA,NA,NA,NA,NA,NA,NA,NA,NA,NA,NA,NA
213.471,1.7854,0.2486,1.0503,4.0290,NA,NA,NA,NA,NA,NA,NA,NA,NA,NA,NA,NA
213.490,1.7906,0.5421,1.0521,4.2067,NA,NA,NA,NA,NA,NA,NA,NA,NA,NA,NA,NA
213.589,1.8265,2.5566,1.0595,4.9401,NA,NA,NA,NA,NA,NA,NA,NA,NA,NA,NA,NA
213.687,1.8522,4.0012,1.0709,6.0707,NA,NA,NA,NA,NA,NA,NA,NA,NA,NA,NA,NA
213.792,1.9005,6.7125,1.0815,7.1220,NA,NA,NA,NA,NA,NA,NA,NA,NA,NA,NA,NA
213.886,1.9348,8.6408,1.0934,8.2938,NA,NA,NA,NA,NA,NA,NA,NA,NA,NA,NA,NA
213.980,1.9546,9.7541,1.1026,9.2109,NA,NA,NA,NA,NA,NA,NA,NA,NA,NA,NA,NA
214.081,1.9703,10.6321,1.1106,9.9982,NA,NA,NA,NA,NA,NA,NA,NA,NA,NA,NA,NA
214.183,1.9952,12.0325,1.1206,10.9872,NA,NA,NA,NA,NA,NA,NA,NA,NA,NA,NA,NA
214.280,2.0262,13.7716,1.1266,11.5841,NA,NA,NA,NA,NA,NA,NA,NA,NA,NA,NA,NA
214.383,2.0400,14.5451,1.1321,12.1330,NA,NA,NA,NA,NA,NA,NA,NA,NA,NA,NA,NA
214.471,2.0615,15.7533,1.1401,12.9190,NA,NA,NA,NA,NA,NA,NA,NA,NA,NA,NA,NA
214.612,2.0706,16.2678,1.1489,13.7911,NA,NA,NA,NA,NA,NA,NA,NA,NA,NA,NA,NA
214.681,2.0755,16.5380,1.1552,14.4193,NA,NA,NA,NA,NA,NA,NA,NA,NA,NA,NA,NA
214.766,2.0905,17.3821,1.1623,15.1168,NA,NA,NA,NA,NA,NA,NA,NA,NA,NA,NA,NA
214.866,2.1042,18.1499,1.1687,15.7505,NA,NA,NA,NA,NA,NA,NA,NA,NA,NA,NA,NA
214.957,2.1274,19.4572,1.1737,16.2536,NA,NA,NA,NA,NA,NA,NA,NA,NA,NA,NA,NA
215.063,2.1339,19.8198,1.1804,16.9176,NA,NA,NA,NA,NA,NA,NA,NA,NA,NA,NA,NA
215.154,2.1469,20.5517,1.1838,17.2495,NA,NA,NA,NA,NA,NA,NA,NA,NA,NA,NA,NA
215.274,2.1512,20.7885,1.1878,17.6425,NA,NA,NA,NA,NA,NA,NA,NA,NA,NA,NA,NA
215.355,2.1662,21.6315,1.1912,17.9856,NA,NA,NA,NA,NA,NA,NA,NA,NA,NA,NA,NA
215.453,2.1694,21.8129,1.1937,18.2352,NA,NA,NA,NA,NA,NA,NA,NA,NA,NA,NA,NA
215.557,2.1694,21.8129,1.1952,18.3823,NA,NA,NA,NA,NA,NA,NA,NA,NA,NA,NA,NA
215.650,2.1640,21.5105,1.1963,18.4915,NA,NA,NA,NA,NA,NA,NA,NA,NA,NA,NA,NA
215.742,2.1620,21.3952,1.1964,18.4948,NA,NA,NA,NA,NA,NA,NA,NA,NA,NA,NA,NA
215.864,2.1576,21.1524,1.1964,18.4948,NA,NA,NA,NA,NA,NA,NA,NA,NA,NA,NA,NA
215.958,2.1574,21.1399,1.1951,18.3677,NA,NA,NA,NA,NA,NA,NA,NA,NA,NA,NA,NA
216.042,2.1513,20.7990,1.1951,18.3677,NA,NA,NA,NA,NA,NA,NA,NA,NA,NA,NA,NA
216.138,2.1488,20.6557,1.1941,18.2660,NA,NA,NA,NA,NA,NA,NA,NA,NA,NA,NA,NA
216.231,2.1348,19.8703,1.1914,18.0060,NA,NA,NA,NA,NA,NA,NA,NA,NA,NA,NA,NA
216.341,2.1273,19.4493,1.1897,17.8384,NA,NA,NA,NA,NA,NA,NA,NA,NA,NA,NA,NA
216.440,2.1140,18.7004,1.1868,17.5467,NA,NA,NA,NA,NA,NA,NA,NA,NA,NA,NA,NA
216.537,2.1072,18.3211,1.1829,17.1612,NA,NA,NA,NA,NA,NA,NA,NA,NA,NA,NA,NA
216.626,2.0992,17.8735,1.1805,16.9276,NA,NA,NA,NA,NA,NA,NA,NA,NA,NA,NA,NA
216.729,2.0827,16.9449,1.1774,16.6134,NA,NA,NA,NA,NA,NA,NA,NA,NA,NA,NA,NA
216.820,2.0731,16.4058,1.1750,16.3776,NA,NA,NA,NA,NA,NA,NA,NA,NA,NA,NA,NA
216.925,2.0617,15.7644,1.1715,16.0345,NA,NA,NA,NA,NA,NA,NA,NA,NA,NA,NA,NA
217.016,2.0569,15.4959,1.1695,15.8333,NA,NA,NA,NA,NA,NA,NA,NA,NA,NA,NA,NA
217.116,2.0529,15.2705,1.1674,15.6293,NA,NA,NA,NA,NA,NA,NA,NA,NA,NA,NA,NA
217.244,2.0472,14.9515,1.1662,15.5040,NA,NA,NA,NA,NA,NA,NA,NA,NA,NA,NA,NA
217.313,2.0472,14.9515,1.1631,15.2005,NA,NA,NA,NA,NA,NA,NA,NA,NA,NA,NA,NA
217.407,2.0364,14.3452,1.1614,15.0338,NA,NA,NA,NA,NA,NA,NA,NA,NA,NA,NA,NA
217.506,2.0346,14.2421,1.1593,14.8230,NA,NA,NA,NA,NA,NA,NA,NA,NA,NA,NA,NA
217.605,2.0349,14.2586,1.1580,14.6991,NA,NA,NA,NA,NA,NA,NA,NA,NA,NA,NA,NA
217.695,2.0351,14.2719,1.1570,14.6007,NA,NA,NA,NA,NA,NA,NA,NA,NA,NA,NA,NA
217.804,2.0351,14.2719,1.1558,14.4768,NA,NA,NA,NA,NA,NA,NA,NA,NA,NA,NA,NA
217.908,2.0343,14.2244,1.1553,14.4256,NA,NA,NA,NA,NA,NA,NA,NA,NA,NA,NA,NA
218.007,2.0327,14.1357,1.1536,14.2546,NA,NA,NA,NA,NA,NA,NA,NA,NA,NA,NA,NA
218.095,2.0327,14.1357,1.1527,14.1692,NA,NA,NA,NA,NA,NA,NA,NA,NA,NA,NA,NA
218.215,2.0321,14.1062,1.1514,14.0415,NA,NA,NA,NA,NA,NA,NA,NA,NA,NA,NA,NA
218.291,2.0321,14.1062,1.1512,14.0197,NA,NA,NA,NA,NA,NA,NA,NA,NA,NA,NA,NA
218.394,2.0289,13.9245,1.1498,13.8811,NA,NA,NA,NA,NA,NA,NA,NA,NA,NA,NA,NA
218.490,2.0239,13.6456,1.1494,13.8397,NA,NA,NA,NA,NA,NA,NA,NA,NA,NA,NA,NA
218.586,2.0238,13.6384,1.1477,13.6791,NA,NA,NA,NA,NA,NA,NA,NA,NA,NA,NA,NA
218.685,2.0200,13.4214,1.1452,13.4283,NA,NA,NA,NA,NA,NA,NA,NA,NA,NA,NA,NA
218.781,2.0165,13.2261,1.1441,13.3228,NA,NA,NA,NA,NA,NA,NA,NA,NA,NA,NA,NA
218.880,2.0047,12.5632,1.1437,13.2772,NA,NA,NA,NA,NA,NA,NA,NA,NA,NA,NA,NA
218.974,2.0047,12.5632,1.1412,13.0338,NA,NA,NA,NA,NA,NA,NA,NA,NA,NA,NA,NA
219.079,1.9984,12.2114,1.1405,12.9569,NA,NA,NA,NA,NA,NA,NA,NA,NA,NA,NA,NA
219.178,1.9963,12.0925,1.1401,12.9241,NA,NA,NA,NA,NA,NA,NA,NA,NA,NA,NA,NA
219.268,1.9963,12.0925,1.1400,12.9116,NA,NA,NA,NA,NA,NA,NA,NA,NA,NA,NA,NA
219.364,1.9973,12.1512,1.1395,12.8625,NA,NA,NA,NA,NA,NA,NA,NA,NA,NA,NA,NA
219.480,1.9980,12.1874,1.1388,12.7889,NA,NA,NA,NA,NA,NA,NA,NA,NA,NA,NA,NA
219.560,1.9980,12.1874,1.1382,12.7317,NA,NA,NA,NA,NA,NA,NA,NA,NA,NA,NA,NA
219.663,1.9977,12.1732,1.1371,12.6215,NA,NA,NA,NA,NA,NA,NA,NA,NA,NA,NA,NA
219.757,1.9930,11.9079,1.1365,12.5652,NA,NA,NA,NA,NA,NA,NA,NA,NA,NA,NA,NA
219.859,2.0098,12.8509,1.1386,12.7761,NA,NA,NA,NA,NA,NA,NA,NA,NA,NA,NA,NA
219.951,2.0411,14.6099,1.1475,13.6589,NA,NA,NA,NA,NA,NA,NA,NA,NA,NA,NA,NA
220.057,2.0677,16.1022,1.1597,14.8635,NA,NA,NA,NA,NA,NA,NA,NA,NA,NA,NA,NA
220.148,2.0789,16.7290,1.1682,15.7096,NA,NA,NA,NA,NA,NA,NA,NA,NA,NA,NA,NA
220.246,2.0958,17.6804,1.1742,16.2979,NA,NA,NA,NA,NA,NA,NA,NA,NA,NA,NA,NA
220.340,2.1027,18.0700,1.1773,16.6057,NA,NA,NA,NA,NA,NA,NA,NA,NA,NA,NA,NA
220.441,2.1105,18.5032,1.1812,16.9941,NA,NA,NA,NA,NA,NA,NA,NA,NA,NA,NA,NA
220.542,2.1105,18.5032,1.1816,17.0304,NA,NA,NA,NA,NA,NA,NA,NA,NA,NA,NA,NA
220.651,2.1091,18.4280,1.1836,17.2289,NA,NA,NA,NA,NA,NA,NA,NA,NA,NA,NA,NA
220.742,2.1066,18.2881,1.1836,17.2289,NA,NA,NA,NA,NA,NA,NA,NA,NA,NA,NA,NA
220.833,2.1062,18.2650,1.1832,17.1867,NA,NA,NA,NA,NA,NA,NA,NA,NA,NA,NA,NA
220.931,2.0925,17.4967,1.1824,17.1119,NA,NA,NA,NA,NA,NA,NA,NA,NA,NA,NA,NA
221.027,2.0886,17.2780,1.1804,16.9176,NA,NA,NA,NA,NA,NA,NA,NA,NA,NA,NA,NA
221.127,2.0795,16.7656,1.1786,16.7358,NA,NA,NA,NA,NA,NA,NA,NA,NA,NA,NA,NA
221.279,2.0751,16.5161,1.1753,16.4073,NA,NA,NA,NA,NA,NA,NA,NA,NA,NA,NA,NA
221.329,2.0665,16.0360,1.1726,16.1424,NA,NA,NA,NA,NA,NA,NA,NA,NA,NA,NA,NA
221.421,2.0622,15.7922,1.1711,15.9916,NA,NA,NA,NA,NA,NA,NA,NA,NA,NA,NA,NA
221.519,2.0592,15.6224,1.1702,15.9066,NA,NA,NA,NA,NA,NA,NA,NA,NA,NA,NA,NA
221.625,2.0491,15.0593,1.1687,15.7546,NA,NA,NA,NA,NA,NA,NA,NA,NA,NA,NA,NA
221.716,2.0483,15.0109,1.1677,15.6572,NA,NA,NA,NA,NA,NA,NA,NA,NA,NA,NA,NA
221.813,2.0426,14.6925,1.1662,15.5036,NA,NA,NA,NA,NA,NA,NA,NA,NA,NA,NA,NA
221.909,2.0426,14.6925,1.1624,15.1265,NA,NA,NA,NA,NA,NA,NA,NA,NA,NA,NA,NA
222.020,2.0407,14.5875,1.1605,14.9465,NA,NA,NA,NA,NA,NA,NA,NA,NA,NA,NA,NA
222.107,2.0402,14.5569,1.1595,14.8404,NA,NA,NA,NA,NA,NA,NA,NA,NA,NA,NA,NA
222.205,2.0321,14.1020,1.1566,14.5596,NA,NA,NA,NA,NA,NA,NA,NA,NA,NA,NA,NA
222.308,2.0275,13.8447,1.1554,14.4332,NA,NA,NA,NA,NA,NA,NA,NA,NA,NA,NA,NA
222.399,2.0269,13.8112,1.1525,14.1537,NA,NA,NA,NA,NA,NA,NA,NA,NA,NA,NA,NA
222.503,2.0190,13.3686,1.1498,13.8808,NA,NA,NA,NA,NA,NA,NA,NA,NA,NA,NA,NA
222.596,2.0190,13.3686,1.1477,13.6725,NA,NA,NA,NA,NA,NA,NA,NA,NA,NA,NA,NA
222.695,2.0155,13.1739,1.1459,13.4921,NA,NA,NA,NA,NA,NA,NA,NA,NA,NA,NA,NA
222.790,2.0155,13.1739,1.1428,13.1896,NA,NA,NA,NA,NA,NA,NA,NA,NA,NA,NA,NA
222.894,2.0063,12.6546,1.1417,13.0774,NA,NA,NA,NA,NA,NA,NA,NA,NA,NA,NA,NA
223.027,2.0034,12.4930,1.1412,13.0284,NA,NA,NA,NA,NA,NA,NA,NA,NA,NA,NA,NA
223.091,2.0026,12.4467,1.1404,12.9511,NA,NA,NA,NA,NA,NA,NA,NA,NA,NA,NA,NA
223.182,2.0039,12.5218,1.1399,12.9064,NA,NA,NA,NA,NA,NA,NA,NA,NA,NA,NA,NA
223.284,2.0039,12.5218,1.1396,12.8678,NA,NA,NA,NA,NA,NA,NA,NA,NA,NA,NA,NA
223.379,2.0002,12.3123,1.1392,12.8371,NA,NA,NA,NA,NA,NA,NA,NA,NA,NA,NA,NA
223.477,1.9987,12.2300,1.1380,12.7111,NA,NA,NA,NA,NA,NA,NA,NA,NA,NA,NA,NA
223.615,1.9935,11.9376,1.1373,12.6484,NA,NA,NA,NA,NA,NA,NA,NA,NA,NA,NA,NA
223.683,2.0014,12.3785,1.1389,12.8041,NA,NA,NA,NA,NA,NA,NA,NA,NA,NA,NA,NA
223.776,2.0353,14.2832,1.1471,13.6106,NA,NA,NA,NA,NA,NA,NA,NA,NA,NA,NA,NA
223.877,2.0715,16.3149,1.1552,14.4196,NA,NA,NA,NA,NA,NA,NA,NA,NA,NA,NA,NA
223.969,2.0825,16.9358,1.1634,15.2296,NA,NA,NA,NA,NA,NA,NA,NA,NA,NA,NA,NA
224.065,2.1110,18.5314,1.1685,15.7312,NA,NA,NA,NA,NA,NA,NA,NA,NA,NA,NA,NA
224.203,2.1198,19.0280,1.1725,16.1278,NA,NA,NA,NA,NA,NA,NA,NA,NA,NA,NA,NA
224.264,2.1253,19.3369,1.1746,16.3386,NA,NA,NA,NA,NA,NA,NA,NA,NA,NA,NA,NA
224.365,2.1253,19.3369,1.1767,16.5423,NA,NA,NA,NA,NA,NA,NA,NA,NA,NA,NA,NA
224.461,2.1230,19.2084,1.1769,16.5658,NA,NA,NA,NA,NA,NA,NA,NA,NA,NA,NA,NA
224.562,2.1230,19.2084,1.1769,16.5658,NA,NA,NA,NA,NA,NA,NA,NA,NA,NA,NA,NA
224.651,2.1192,18.9945,1.1750,16.3829,NA,NA,NA,NA,NA,NA,NA,NA,NA,NA,NA,NA
224.752,2.1111,18.5370,1.1750,16.3829,NA,NA,NA,NA,NA,NA,NA,NA,NA,NA,NA,NA
224.857,2.1054,18.2171,1.1729,16.1739,NA,NA,NA,NA,NA,NA,NA,NA,NA,NA,NA,NA
224.953,2.0920,17.4682,1.1707,15.9514,NA,NA,NA,NA,NA,NA,NA,NA,NA,NA,NA,NA
225.042,2.0857,17.1149,1.1677,15.6542,NA,NA,NA,NA,NA,NA,NA,NA,NA,NA,NA,NA
225.141,2.0750,16.5137,1.1653,15.4150,NA,NA,NA,NA,NA,NA,NA,NA,NA,NA,NA,NA
225.250,2.0644,15.9179,1.1626,15.1550,NA,NA,NA,NA,NA,NA,NA,NA,NA,NA,NA,NA
225.351,2.0586,15.5895,1.1595,14.8455,NA,NA,NA,NA,NA,NA,NA,NA,NA,NA,NA,NA
225.471,2.0520,15.2209,1.1577,14.6662,NA,NA,NA,NA,NA,NA,NA,NA,NA,NA,NA,NA
225.529,2.0493,15.0703,1.1561,14.5081,NA,NA,NA,NA,NA,NA,NA,NA,NA,NA,NA,NA
225.641,2.0414,14.6265,1.1551,14.4092,NA,NA,NA,NA,NA,NA,NA,NA,NA,NA,NA,NA
225.731,2.0414,14.6265,1.1537,14.2675,NA,NA,NA,NA,NA,NA,NA,NA,NA,NA,NA,NA
225.830,2.0395,14.5195,1.1527,14.1733,NA,NA,NA,NA,NA,NA,NA,NA,NA,NA,NA,NA
225.931,2.0338,14.1970,1.1518,14.0856,NA,NA,NA,NA,NA,NA,NA,NA,NA,NA,NA,NA
226.049,2.0325,14.1277,1.1471,13.6108,NA,NA,NA,NA,NA,NA,NA,NA,NA,NA,NA,NA
226.119,2.0299,13.9804,1.1455,13.4580,NA,NA,NA,NA,NA,NA,NA,NA,NA,NA,NA,NA
226.226,2.0299,13.9804,1.1447,13.3781,NA,NA,NA,NA,NA,NA,NA,NA,NA,NA,NA,NA
226.315,2.0226,13.5726,1.1445,13.3548,NA,NA,NA,NA,NA,NA,NA,NA,NA,NA,NA,NA
226.415,2.0196,13.3993,1.1434,13.2469,NA,NA,NA,NA,NA,NA,NA,NA,NA,NA,NA,NA
226.518,2.0182,13.3210,1.1425,13.1577,NA,NA,NA,NA,NA,NA,NA,NA,NA,NA,NA,NA
226.612,2.0162,13.2082,1.1419,13.1044,NA,NA,NA,NA,NA,NA,NA,NA,NA,NA,NA,NA
226.705,2.0153,13.1606,1.1415,13.0646,NA,NA,NA,NA,NA,NA,NA,NA,NA,NA,NA,NA
226.805,2.0156,13.1753,1.1413,13.0424,NA,NA,NA,NA,NA,NA,NA,NA,NA,NA,NA,NA
226.903,2.0160,13.1977,1.1407,12.9805,NA,NA,NA,NA,NA,NA,NA,NA,NA,NA,NA,NA
227.006,2.0160,13.1977,1.1403,12.9442,NA,NA,NA,NA,NA,NA,NA,NA,NA,NA,NA,NA
227.099,2.0133,13.0506,1.1396,12.8684,NA,NA,NA,NA,NA,NA,NA,NA,NA,NA,NA,NA
227.196,2.0065,12.6684,1.1384,12.7550,NA,NA,NA,NA,NA,NA,NA,NA,NA,NA,NA,NA
227.307,2.0039,12.5226,1.1377,12.6838,NA,NA,NA,NA,NA,NA,NA,NA,NA,NA,NA,NA
227.391,2.0020,12.4136,1.1373,12.6416,NA,NA,NA,NA,NA,NA,NA,NA,NA,NA,NA,NA
227.497,2.0007,12.3422,1.1369,12.6046,NA,NA,NA,NA,NA,NA,NA,NA,NA,NA,NA,NA
227.598,1.9998,12.2893,1.1369,12.6046,NA,NA,NA,NA,NA,NA,NA,NA,NA,NA,NA,NA
227.697,1.9998,12.2893,1.1349,12.4063,NA,NA,NA,NA,NA,NA,NA,NA,NA,NA,NA,NA
227.846,1.9939,11.9567,1.1334,12.2554,NA,NA,NA,NA,NA,NA,NA,NA,NA,NA,NA,NA
227.897,1.9934,11.9320,1.1329,12.2135,NA,NA,NA,NA,NA,NA,NA,NA,NA,NA,NA,NA
227.987,1.9920,11.8518,1.1326,12.1808,NA,NA,NA,NA,NA,NA,NA,NA,NA,NA,NA,NA
228.087,1.9825,11.3207,1.1322,12.1410,NA,NA,NA,NA,NA,NA,NA,NA,NA,NA,NA,NA
228.185,1.9812,11.2458,1.1315,12.0666,NA,NA,NA,NA,NA,NA,NA,NA,NA,NA,NA,NA
228.282,1.9858,11.5025,1.1312,12.0430,NA,NA,NA,NA,NA,NA,NA,NA,NA,NA,NA,NA
228.391,1.9858,11.5025,1.1305,11.9701,NA,NA,NA,NA,NA,NA,NA,NA,NA,NA,NA,NA
228.470,1.9848,11.4456,1.1305,11.9701,NA,NA,NA,NA,NA,NA,NA,NA,NA,NA,NA,NA
228.578,1.9848,11.4456,1.1299,11.9107,NA,NA,NA,NA,NA,NA,NA,NA,NA,NA,NA,NA
228.665,1.9809,11.2306,1.1293,11.8529,NA,NA,NA,NA,NA,NA,NA,NA,NA,NA,NA,NA
228.763,1.9789,11.1147,1.1287,11.7928,NA,NA,NA,NA,NA,NA,NA,NA,NA,NA,NA,NA
228.862,1.9775,11.0403,1.1281,11.7342,NA,NA,NA,NA,NA,NA,NA,NA,NA,NA,NA,NA
228.994,1.9762,10.9618,1.1277,11.6953,NA,NA,NA,NA,NA,NA,NA,NA,NA,NA,NA,NA
229.058,1.9762,10.9618,1.1253,11.4608,NA,NA,NA,NA,NA,NA,NA,NA,NA,NA,NA,NA
229.167,1.9738,10.8320,1.1248,11.4092,NA,NA,NA,NA,NA,NA,NA,NA,NA,NA,NA,NA
229.262,1.9738,10.8320,1.1244,11.3647,NA,NA,NA,NA,NA,NA,NA,NA,NA,NA,NA,NA
229.356,1.9727,10.7675,1.1237,11.2950,NA,NA,NA,NA,NA,NA,NA,NA,NA,NA,NA,NA
229.458,1.9727,10.7675,1.1231,11.2354,NA,NA,NA,NA,NA,NA,NA,NA,NA,NA,NA,NA
229.555,1.9648,10.3261,1.1221,11.1374,NA,NA,NA,NA,NA,NA,NA,NA,NA,NA,NA,NA
229.688,1.9629,10.2155,1.1221,11.1374,NA,NA,NA,NA,NA,NA,NA,NA,NA,NA,NA,NA
229.751,1.9621,10.1751,1.1193,10.8623,NA,NA,NA,NA,NA,NA,NA,NA,NA,NA,NA,NA
229.845,1.9649,10.3293,1.1193,10.8623,NA,NA,NA,NA,NA,NA,NA,NA,NA,NA,NA,NA
229.936,1.9649,10.3293,1.1192,10.8507,NA,NA,NA,NA,NA,NA,NA,NA,NA,NA,NA,NA
230.045,1.9625,10.1960,1.1192,10.8507,NA,NA,NA,NA,NA,NA,NA,NA,NA,NA,NA,NA
230.135,1.9625,10.1960,1.1180,10.7293,NA,NA,NA,NA,NA,NA,NA,NA,NA,NA,NA,NA
230.232,1.9573,9.9038,1.1175,10.6788,NA,NA,NA,NA,NA,NA,NA,NA,NA,NA,NA,NA
230.338,1.9561,9.8358,1.1172,10.6496,NA,NA,NA,NA,NA,NA,NA,NA,NA,NA,NA,NA
230.430,1.9512,9.5597,1.1164,10.5738,NA,NA,NA,NA,NA,NA,NA,NA,NA,NA,NA,NA
230.527,1.9557,9.8161,1.1159,10.5250,NA,NA,NA,NA,NA,NA,NA,NA,NA,NA,NA,NA
230.638,1.9557,9.8161,1.1151,10.4410,NA,NA,NA,NA,NA,NA,NA,NA,NA,NA,NA,NA
230.721,1.9541,9.7261,1.1145,10.3829,NA,NA,NA,NA,NA,NA,NA,NA,NA,NA,NA,NA
230.875,1.9541,9.7261,1.1140,10.3398,NA,NA,NA,NA,NA,NA,NA,NA,NA,NA,NA,NA
230.918,1.9498,9.4824,1.1128,10.2222,NA,NA,NA,NA,NA,NA,NA,NA,NA,NA,NA,NA
231.017,1.9495,9.4667,1.1136,10.2944,NA,NA,NA,NA,NA,NA,NA,NA,NA,NA,NA,NA
231.111,1.9449,9.2047,1.1136,10.2944,NA,NA,NA,NA,NA,NA,NA,NA,NA,NA,NA,NA
231.209,1.9434,9.1226,1.1125,10.1878,NA,NA,NA,NA,NA,NA,NA,NA,NA,NA,NA,NA
231.325,1.9434,9.1226,1.1118,10.1182,NA,NA,NA,NA,NA,NA,NA,NA,NA,NA,NA,NA
231.460,1.9437,9.1423,1.1118,10.1182,NA,NA,NA,NA,NA,NA,NA,NA,NA,NA,NA,NA
231.501,1.9437,9.1423,1.1109,10.0323,NA,NA,NA,NA,NA,NA,NA,NA,NA,NA,NA,NA
231.608,1.9435,9.1264,1.1109,10.0267,NA,NA,NA,NA,NA,NA,NA,NA,NA,NA,NA,NA
231.704,1.9435,9.1264,1.1101,9.9480,NA,NA,NA,NA,NA,NA,NA,NA,NA,NA,NA,NA
231.797,1.9407,8.9722,1.1100,9.9448,NA,NA,NA,NA,NA,NA,NA,NA,NA,NA,NA,NA
231.908,1.9407,8.9722,1.1075,9.6915,NA,NA,NA,NA,NA,NA,NA,NA,NA,NA,NA,NA
232.054,1.9359,8.7046,1.1078,9.7247,NA,NA,NA,NA,NA,NA,NA,NA,NA,NA,NA,NA
232.095,1.9347,8.6343,1.1078,9.7247,NA,NA,NA,NA,NA,NA,NA,NA,NA,NA,NA,NA
232.194,1.9310,8.4290,1.1063,9.5755,NA,NA,NA,NA,NA,NA,NA,NA,NA,NA,NA,NA
232.290,1.9281,8.2656,1.1053,9.4742,NA,NA,NA,NA,NA,NA,NA,NA,NA,NA,NA,NA
232.384,1.9265,8.1743,1.1053,9.4742,NA,NA,NA,NA,NA,NA,NA,NA,NA,NA,NA,NA
232.486,1.9259,8.1384,1.1031,9.2550,NA,NA,NA,NA,NA,NA,NA,NA,NA,NA,NA,NA
232.633,1.9254,8.1146,1.1027,9.2216,NA,NA,NA,NA,NA,NA,NA,NA,NA,NA,NA,NA
232.686,1.9236,8.0118,1.1021,9.1563,NA,NA,NA,NA,NA,NA,NA,NA,NA,NA,NA,NA
232.782,1.9233,7.9922,1.1014,9.0920,NA,NA,NA,NA,NA,NA,NA,NA,NA,NA,NA,NA
232.879,1.9249,8.0831,1.1014,9.0861,NA,NA,NA,NA,NA,NA,NA,NA,NA,NA,NA,NA
232.990,1.9249,8.0831,1.1013,9.0821,NA,NA,NA,NA,NA,NA,NA,NA,NA,NA,NA,NA
233.081,1.9200,7.8079,1.1004,8.9884,NA,NA,NA,NA,NA,NA,NA,NA,NA,NA,NA,NA
233.170,1.9189,7.7499,1.1003,8.9811,NA,NA,NA,NA,NA,NA,NA,NA,NA,NA,NA,NA
233.266,1.9189,7.7499,1.1000,8.9465,NA,NA,NA,NA,NA,NA,NA,NA,NA,NA,NA,NA
233.368,1.9174,7.6651,1.1000,8.9465,NA,NA,NA,NA,NA,NA,NA,NA,NA,NA,NA,NA
233.468,1.9165,7.6138,1.0989,8.8433,NA,NA,NA,NA,NA,NA,NA,NA,NA,NA,NA,NA
233.560,1.9159,7.5775,1.0981,8.7656,NA,NA,NA,NA,NA,NA,NA,NA,NA,NA,NA,NA
233.661,1.9159,7.5775,1.0971,8.6622,NA,NA,NA,NA,NA,NA,NA,NA,NA,NA,NA,NA
233.793,1.9120,7.3622,1.0971,8.6605,NA,NA,NA,NA,NA,NA,NA,NA,NA,NA,NA,NA
233.878,1.9110,7.3028,1.0971,8.6605,NA,NA,NA,NA,NA,NA,NA,NA,NA,NA,NA,NA
233.952,1.9084,7.1562,1.0969,8.6482,NA,NA,NA,NA,NA,NA,NA,NA,NA,NA,NA,NA
234.049,1.9069,7.0758,1.0958,8.5314,NA,NA,NA,NA,NA,NA,NA,NA,NA,NA,NA,NA
234.151,1.9069,7.0758,1.0954,8.4946,NA,NA,NA,NA,NA,NA,NA,NA,NA,NA,NA,NA
234.245,1.9056,6.9984,1.0952,8.4713,NA,NA,NA,NA,NA,NA,NA,NA,NA,NA,NA,NA
234.344,1.9056,6.9984,1.0941,8.3631,NA,NA,NA,NA,NA,NA,NA,NA,NA,NA,NA,NA
234.458,1.9092,7.2015,1.0930,8.2613,NA,NA,NA,NA,NA,NA,NA,NA,NA,NA,NA,NA
234.542,1.9092,7.2015,1.0928,8.2414,NA,NA,NA,NA,NA,NA,NA,NA,NA,NA,NA,NA
234.641,1.9044,6.9349,1.0925,8.2047,NA,NA,NA,NA,NA,NA,NA,NA,NA,NA,NA,NA
234.737,1.9017,6.7802,1.0925,8.2047,NA,NA,NA,NA,NA,NA,NA,NA,NA,NA,NA,NA
234.839,1.9017,6.7802,1.0905,8.0119,NA,NA,NA,NA,NA,NA,NA,NA,NA,NA,NA,NA
234.992,1.9019,6.7912,1.0905,8.0119,NA,NA,NA,NA,NA,NA,NA,NA,NA,NA,NA,NA
235.040,1.9019,6.7912,1.0895,7.9080,NA,NA,NA,NA,NA,NA,NA,NA,NA,NA,NA,NA
235.159,1.9009,6.7381,1.0895,7.9080,NA,NA,NA,NA,NA,NA,NA,NA,NA,NA,NA,NA
235.226,1.9009,6.7381,1.0891,7.8746,NA,NA,NA,NA,NA,NA,NA,NA,NA,NA,NA,NA
235.327,1.8971,6.5207,1.0884,7.8050,NA,NA,NA,NA,NA,NA,NA,NA,NA,NA,NA,NA
235.423,1.8944,6.3719,1.0884,7.8050,NA,NA,NA,NA,NA,NA,NA,NA,NA,NA,NA,NA
235.524,1.8930,6.2939,1.0878,7.7387,NA,NA,NA,NA,NA,NA,NA,NA,NA,NA,NA,NA
235.658,1.8941,6.3541,1.0873,7.6887,NA,NA,NA,NA,NA,NA,NA,NA,NA,NA,NA,NA
235.713,1.8941,6.3541,1.0871,7.6732,NA,NA,NA,NA,NA,NA,NA,NA,NA,NA,NA,NA
235.820,1.8930,6.2951,1.0868,7.6464,NA,NA,NA,NA,NA,NA,NA,NA,NA,NA,NA,NA
235.918,1.8930,6.2951,1.0868,7.6464,NA,NA,NA,NA,NA,NA,NA,NA,NA,NA,NA,NA
236.010,1.8875,5.9831,1.0865,7.6156,NA,NA,NA,NA,NA,NA,NA,NA,NA,NA,NA,NA
236.105,1.8875,5.9831,1.0865,7.6156,NA,NA,NA,NA,NA,NA,NA,NA,NA,NA,NA,NA
236.203,1.8855,5.8716,1.0864,7.6056,NA,NA,NA,NA,NA,NA,NA,NA,NA,NA,NA,NA
236.302,1.8849,5.8406,1.0856,7.5264,NA,NA,NA,NA,NA,NA,NA,NA,NA,NA,NA,NA
236.400,1.8869,5.9496,1.0852,7.4891,NA,NA,NA,NA,NA,NA,NA,NA,NA,NA,NA,NA
236.496,1.8869,5.9496,1.0845,7.4104,NA,NA,NA,NA,NA,NA,NA,NA,NA,NA,NA,NA
236.598,1.8841,5.7906,1.0849,7.4498,NA,NA,NA,NA,NA,NA,NA,NA,NA,NA,NA,NA
236.695,1.8827,5.7174,1.0849,7.4498,NA,NA,NA,NA,NA,NA,NA,NA,NA,NA,NA,NA
236.831,1.8789,5.5034,1.0845,7.4177,NA,NA,NA,NA,NA,NA,NA,NA,NA,NA,NA,NA
236.890,1.8789,5.4987,1.0841,7.3783,NA,NA,NA,NA,NA,NA,NA,NA,NA,NA,NA,NA
236.990,1.8789,5.4987,1.0835,7.3187,NA,NA,NA,NA,NA,NA,NA,NA,NA,NA,NA,NA
237.087,1.8822,5.6871,1.0832,7.2880,NA,NA,NA,NA,NA,NA,NA,NA,NA,NA,NA,NA
237.181,1.8822,5.6871,1.0824,7.2050,NA,NA,NA,NA,NA,NA,NA,NA,NA,NA,NA,NA
237.286,1.8804,5.5870,1.0822,7.1856,NA,NA,NA,NA,NA,NA,NA,NA,NA,NA,NA,NA
237.402,1.8804,5.5870,1.0822,7.1856,NA,NA,NA,NA,NA,NA,NA,NA,NA,NA,NA,NA
237.479,1.8672,4.8428,1.0811,7.0775,NA,NA,NA,NA,NA,NA,NA,NA,NA,NA,NA,NA
237.580,1.8722,5.1247,1.0819,7.1531,NA,NA,NA,NA,NA,NA,NA,NA,NA,NA,NA,NA
237.678,1.8722,5.1247,1.0819,7.1531,NA,NA,NA,NA,NA,NA,NA,NA,NA,NA,NA,NA
237.775,1.8759,5.3332,1.0808,7.0484,NA,NA,NA,NA,NA,NA,NA,NA,NA,NA,NA,NA
237.875,1.8759,5.3332,1.0808,7.0484,NA,NA,NA,NA,NA,NA,NA,NA,NA,NA,NA,NA
238.017,1.8742,5.2351,1.0805,7.0164,NA,NA,NA,NA,NA,NA,NA,NA,NA,NA,NA,NA
238.066,1.8742,5.2351,1.0800,6.9728,NA,NA,NA,NA,NA,NA,NA,NA,NA,NA,NA,NA
238.161,1.8681,4.8945,1.0795,6.9174,NA,NA,NA,NA,NA,NA,NA,NA,NA,NA,NA,NA
238.258,1.8681,4.8945,1.0795,6.9174,NA,NA,NA,NA,NA,NA,NA,NA,NA,NA,NA,NA
238.363,1.8666,4.8119,1.0791,6.8776,NA,NA,NA,NA,NA,NA,NA,NA,NA,NA,NA,NA
238.456,1.8695,4.9740,1.0782,6.7872,NA,NA,NA,NA,NA,NA,NA,NA,NA,NA,NA,NA
238.587,1.8707,5.0386,1.0782,6.7871,NA,NA,NA,NA,NA,NA,NA,NA,NA,NA,NA,NA
238.652,1.8707,5.0386,1.0778,6.7502,NA,NA,NA,NA,NA,NA,NA,NA,NA,NA,NA,NA
238.749,1.8692,4.9564,1.0767,6.6383,NA,NA,NA,NA,NA,NA,NA,NA,NA,NA,NA,NA
238.848,1.8686,4.9247,1.0762,6.5954,NA,NA,NA,NA,NA,NA,NA,NA,NA,NA,NA,NA
238.946,1.8669,4.8254,1.0761,6.5806,NA,NA,NA,NA,NA,NA,NA,NA,NA,NA,NA,NA
239.042,1.8636,4.6398,1.0751,6.4863,NA,NA,NA,NA,NA,NA,NA,NA,NA,NA,NA,NA
239.139,1.8639,4.6599,1.0750,6.4788,NA,NA,NA,NA,NA,NA,NA,NA,NA,NA,NA,NA
239.288,1.8639,4.6599,1.0750,6.4788,NA,NA,NA,NA,NA,NA,NA,NA,NA,NA,NA,NA
239.337,1.8630,4.6064,1.0750,6.4754,NA,NA,NA,NA,NA,NA,NA,NA,NA,NA,NA,NA
239.437,1.8625,4.5803,1.0740,6.3712,NA,NA,NA,NA,NA,NA,NA,NA,NA,NA,NA,NA
239.538,1.8601,4.4432,1.0740,6.3703,NA,NA,NA,NA,NA,NA,NA,NA,NA,NA,NA,NA
239.640,1.8590,4.3842,1.0740,6.3703,NA,NA,NA,NA,NA,NA,NA,NA,NA,NA,NA,NA
239.731,1.8590,4.3842,1.0744,6.4188,NA,NA,NA,NA,NA,NA,NA,NA,NA,NA,NA,NA
239.837,1.8588,4.3742,1.0744,6.4188,NA,NA,NA,NA,NA,NA,NA,NA,NA,NA,NA,NA
239.927,1.8584,4.3491,1.0738,6.3518,NA,NA,NA,NA,NA,NA,NA,NA,NA,NA,NA,NA
240.021,1.8578,4.3145,1.0725,6.2217,NA,NA,NA,NA,NA,NA,NA,NA,NA,NA,NA,NA
240.126,1.8578,4.3145,1.0712,6.1022,NA,NA,NA,NA,NA,NA,NA,NA,NA,NA,NA,NA
240.227,1.8547,4.1435,1.0708,6.0618,NA,NA,NA,NA,NA,NA,NA,NA,NA,NA,NA,NA
240.318,1.8546,4.1385,1.0703,6.0088,NA,NA,NA,NA,NA,NA,NA,NA,NA,NA,NA,NA
240.424,1.8514,3.9557,1.0702,6.0011,NA,NA,NA,NA,NA,NA,NA,NA,NA,NA,NA,NA
240.518,1.8510,3.9353,1.0703,6.0059,NA,NA,NA,NA,NA,NA,NA,NA,NA,NA,NA,NA
240.609,1.8489,3.8192,1.0703,6.0079,NA,NA,NA,NA,NA,NA,NA,NA,NA,NA,NA,NA
240.705,1.8497,3.8592,1.0703,6.0079,NA,NA,NA,NA,NA,NA,NA,NA,NA,NA,NA,NA
240.807,1.8497,3.8592,1.0697,5.9482,NA,NA,NA,NA,NA,NA,NA,NA,NA,NA,NA,NA
240.903,1.8503,3.8943,1.0696,5.9358,NA,NA,NA,NA,NA,NA,NA,NA,NA,NA,NA,NA
241.007,1.8503,3.8943,1.0686,5.8409,NA,NA,NA,NA,NA,NA,NA,NA,NA,NA,NA,NA
241.098,1.8494,3.8463,1.0691,5.8889,NA,NA,NA,NA,NA,NA,NA,NA,NA,NA,NA,NA
241.196,1.8479,3.7587,1.0691,5.8889,NA,NA,NA,NA,NA,NA,NA,NA,NA,NA,NA,NA
241.297,1.8444,3.5666,1.0687,5.8457,NA,NA,NA,NA,NA,NA,NA,NA,NA,NA,NA,NA
241.391,1.8464,3.6747,1.0687,5.8457,NA,NA,NA,NA,NA,NA,NA,NA,NA,NA,NA,NA
241.487,1.8464,3.6747,1.0675,5.7289,NA,NA,NA,NA,NA,NA,NA,NA,NA,NA,NA,NA
241.612,1.8414,3.3958,1.0670,5.6849,NA,NA,NA,NA,NA,NA,NA,NA,NA,NA,NA,NA
241.691,1.8403,3.3324,1.0670,5.6849,NA,NA,NA,NA,NA,NA,NA,NA,NA,NA,NA,NA
241.789,1.8429,3.4783,1.0665,5.6282,NA,NA,NA,NA,NA,NA,NA,NA,NA,NA,NA,NA
241.881,1.8429,3.4783,1.0663,5.6101,NA,NA,NA,NA,NA,NA,NA,NA,NA,NA,NA,NA
241.978,1.8377,3.1879,1.0657,5.5530,NA,NA,NA,NA,NA,NA,NA,NA,NA,NA,NA,NA
242.088,1.8356,3.0704,1.0661,5.5974,NA,NA,NA,NA,NA,NA,NA,NA,NA,NA,NA,NA
242.218,1.8357,3.0743,1.0661,5.5974,NA,NA,NA,NA,NA,NA,NA,NA,NA,NA,NA,NA
242.275,1.8394,3.2859,1.0657,5.5579,NA,NA,NA,NA,NA,NA,NA,NA,NA,NA,NA,NA
242.368,1.8394,3.2859,1.0652,5.5020,NA,NA,NA,NA,NA,NA,NA,NA,NA,NA,NA,NA
242.477,1.8388,3.2467,1.0631,5.2979,NA,NA,NA,NA,NA,NA,NA,NA,NA,NA,NA,NA
242.572,1.8388,3.2467,1.0624,5.2223,NA,NA,NA,NA,NA,NA,NA,NA,NA,NA,NA,NA
242.663,1.8338,2.9674,1.0622,5.2084,NA,NA,NA,NA,NA,NA,NA,NA,NA,NA,NA,NA
242.771,1.8328,2.9133,1.0617,5.1526,NA,NA,NA,NA,NA,NA,NA,NA,NA,NA,NA,NA
242.861,1.8283,2.6600,1.0612,5.1091,NA,NA,NA,NA,NA,NA,NA,NA,NA,NA,NA,NA
242.956,1.8302,2.7643,1.0612,5.1091,NA,NA,NA,NA,NA,NA,NA,NA,NA,NA,NA,NA
243.057,1.8302,2.7643,1.0610,5.0836,NA,NA,NA,NA,NA,NA,NA,NA,NA,NA,NA,NA
243.163,1.8314,2.8322,1.0598,4.9667,NA,NA,NA,NA,NA,NA,NA,NA,NA,NA,NA,NA
243.255,1.8314,2.8322,1.0592,4.9135,NA,NA,NA,NA,NA,NA,NA,NA,NA,NA,NA,NA
243.348,1.8268,2.5761,1.0592,4.9135,NA,NA,NA,NA,NA,NA,NA,NA,NA,NA,NA,NA
243.457,1.8268,2.5761,1.0573,4.7214,NA,NA,NA,NA,NA,NA,NA,NA,NA,NA,NA,NA
243.551,1.8264,2.5507,1.0571,4.7016,NA,NA,NA,NA,NA,NA,NA,NA,NA,NA,NA,NA
243.643,1.8262,2.5438,1.0571,4.6964,NA,NA,NA,NA,NA,NA,NA,NA,NA,NA,NA,NA
243.743,1.8255,2.5020,1.0551,4.5038,NA,NA,NA,NA,NA,NA,NA,NA,NA,NA,NA,NA
243.843,1.8262,2.5432,1.0552,4.5091,NA,NA,NA,NA,NA,NA,NA,NA,NA,NA,NA,NA
243.943,1.8384,3.2267,1.0593,4.9167,NA,NA,NA,NA,NA,NA,NA,NA,NA,NA,NA,NA
244.050,1.8775,5.4205,1.0718,6.1546,NA,NA,NA,NA,NA,NA,NA,NA,NA,NA,NA,NA
244.141,1.9008,6.7289,1.0839,7.3538,NA,NA,NA,NA,NA,NA,NA,NA,NA,NA,NA,NA
244.230,1.9379,8.8124,1.0949,8.4431,NA,NA,NA,NA,NA,NA,NA,NA,NA,NA,NA,NA
244.332,1.9554,9.7939,1.1062,9.5637,NA,NA,NA,NA,NA,NA,NA,NA,NA,NA,NA,NA
244.430,1.9878,11.6182,1.1156,10.4923,NA,NA,NA,NA,NA,NA,NA,NA,NA,NA,NA,NA
244.524,1.9964,12.1000,1.1239,11.3175,NA,NA,NA,NA,NA,NA,NA,NA,NA,NA,NA,NA
244.670,2.0327,14.1350,1.1330,12.2154,NA,NA,NA,NA,NA,NA,NA,NA,NA,NA,NA,NA
244.736,2.0433,14.7325,1.1429,13.1960,NA,NA,NA,NA,NA,NA,NA,NA,NA,NA,NA,NA
244.816,2.0625,15.8118,1.1526,14.1578,NA,NA,NA,NA,NA,NA,NA,NA,NA,NA,NA,NA
244.916,2.0799,16.7896,1.1597,14.8633,NA,NA,NA,NA,NA,NA,NA,NA,NA,NA,NA,NA
245.018,2.0983,17.8200,1.1705,15.9351,NA,NA,NA,NA,NA,NA,NA,NA,NA,NA,NA,NA
245.141,2.1220,19.1519,1.1782,16.6969,NA,NA,NA,NA,NA,NA,NA,NA,NA,NA,NA,NA
245.209,2.1300,19.5997,1.1819,17.0624,NA,NA,NA,NA,NA,NA,NA,NA,NA,NA,NA,NA
245.310,2.1500,20.7234,1.1876,17.6241,NA,NA,NA,NA,NA,NA,NA,NA,NA,NA,NA,NA
245.410,2.1570,21.1163,1.1940,18.2642,NA,NA,NA,NA,NA,NA,NA,NA,NA,NA,NA,NA
245.503,2.1596,21.2625,1.1992,18.7731,NA,NA,NA,NA,NA,NA,NA,NA,NA,NA,NA,NA
245.607,2.1610,21.3401,1.2036,19.2114,NA,NA,NA,NA,NA,NA,NA,NA,NA,NA,NA,NA
245.702,2.1617,21.3780,1.2060,19.4459,NA,NA,NA,NA,NA,NA,NA,NA,NA,NA,NA,NA
245.820,2.1621,21.4047,1.2060,19.4459,NA,NA,NA,NA,NA,NA,NA,NA,NA,NA,NA,NA
245.902,2.1621,21.4047,1.2060,19.4484,NA,NA,NA,NA,NA,NA,NA,NA,NA,NA,NA,NA
245.993,2.1615,21.3681,1.2060,19.4484,NA,NA,NA,NA,NA,NA,NA,NA,NA,NA,NA,NA
246.099,2.1600,21.2865,1.2048,19.3313,NA,NA,NA,NA,NA,NA,NA,NA,NA,NA,NA,NA
246.193,2.1502,20.7358,1.2031,19.1635,NA,NA,NA,NA,NA,NA,NA,NA,NA,NA,NA,NA
246.286,2.1411,20.2232,1.2016,19.0104,NA,NA,NA,NA,NA,NA,NA,NA,NA,NA,NA,NA
246.384,2.1297,19.5823,1.2008,18.9330,NA,NA,NA,NA,NA,NA,NA,NA,NA,NA,NA,NA
246.488,2.1195,19.0131,1.1991,18.7629,NA,NA,NA,NA,NA,NA,NA,NA,NA,NA,NA,NA
246.587,2.1100,18.4786,1.1964,18.4955,NA,NA,NA,NA,NA,NA,NA,NA,NA,NA,NA,NA
246.680,2.1039,18.1331,1.1955,18.4109,NA,NA,NA,NA,NA,NA,NA,NA,NA,NA,NA,NA
246.780,2.1010,17.9727,1.1925,18.1154,NA,NA,NA,NA,NA,NA,NA,NA,NA,NA,NA,NA
246.879,2.0929,17.5186,1.1907,17.9329,NA,NA,NA,NA,NA,NA,NA,NA,NA,NA,NA,NA
246.976,2.0929,17.5186,1.1881,17.6720,NA,NA,NA,NA,NA,NA,NA,NA,NA,NA,NA,NA
247.079,2.0813,16.8667,1.1836,17.2292,NA,NA,NA,NA,NA,NA,NA,NA,NA,NA,NA,NA
247.168,2.0786,16.7139,1.1814,17.0151,NA,NA,NA,NA,NA,NA,NA,NA,NA,NA,NA,NA
247.277,2.0687,16.1603,1.1811,16.9848,NA,NA,NA,NA,NA,NA,NA,NA,NA,NA,NA,NA
247.364,2.0646,15.9310,1.1811,16.9848,NA,NA,NA,NA,NA,NA,NA,NA,NA,NA,NA,NA
247.464,2.0646,15.9310,1.1800,16.8714,NA,NA,NA,NA,NA,NA,NA,NA,NA,NA,NA,NA
247.598,2.0643,15.9109,1.1788,16.7557,NA,NA,NA,NA,NA,NA,NA,NA,NA,NA,NA,NA
247.663,2.0635,15.8639,1.1782,16.6996,NA,NA,NA,NA,NA,NA,NA,NA,NA,NA,NA,NA
247.759,2.0623,15.7975,1.1763,16.5124,NA,NA,NA,NA,NA,NA,NA,NA,NA,NA,NA,NA
247.868,2.0581,15.5635,1.1765,16.5304,NA,NA,NA,NA,NA,NA,NA,NA,NA,NA,NA,NA
247.960,2.0566,15.4793,1.1765,16.5304,NA,NA,NA,NA,NA,NA,NA,NA,NA,NA,NA,NA
248.049,2.0530,15.2760,1.1759,16.4703,NA,NA,NA,NA,NA,NA,NA,NA,NA,NA,NA,NA
248.151,2.0530,15.2760,1.1754,16.4153,NA,NA,NA,NA,NA,NA,NA,NA,NA,NA,NA,NA
248.250,2.0531,15.2805,1.1746,16.3431,NA,NA,NA,NA,NA,NA,NA,NA,NA,NA,NA,NA
248.343,2.0531,15.2805,1.1741,16.2876,NA,NA,NA,NA,NA,NA,NA,NA,NA,NA,NA,NA
248.445,2.0487,15.0336,1.1737,16.2497,NA,NA,NA,NA,NA,NA,NA,NA,NA,NA,NA,NA
248.537,2.0487,15.0336,1.1733,16.2119,NA,NA,NA,NA,NA,NA,NA,NA,NA,NA,NA,NA
248.635,2.0418,14.6462,1.1729,16.1670,NA,NA,NA,NA,NA,NA,NA,NA,NA,NA,NA,NA
248.733,2.0416,14.6382,1.1719,16.0734,NA,NA,NA,NA,NA,NA,NA,NA,NA,NA,NA,NA
248.886,2.0416,14.6382,1.1711,15.9932,NA,NA,NA,NA,NA,NA,NA,NA,NA,NA,NA,NA
248.927,2.0370,14.3812,1.1707,15.9525,NA,NA,NA,NA,NA,NA,NA,NA,NA,NA,NA,NA
249.037,2.0370,14.3812,1.1699,15.8705,NA,NA,NA,NA,NA,NA,NA,NA,NA,NA,NA,NA
249.131,2.0401,14.5533,1.1696,15.8394,NA,NA,NA,NA,NA,NA,NA,NA,NA,NA,NA,NA
249.237,2.0401,14.5533,1.1690,15.7830,NA,NA,NA,NA,NA,NA,NA,NA,NA,NA,NA,NA
249.326,2.0335,14.1824,1.1681,15.6923,NA,NA,NA,NA,NA,NA,NA,NA,NA,NA,NA,NA
249.477,2.0315,14.0701,1.1676,15.6452,NA,NA,NA,NA,NA,NA,NA,NA,NA,NA,NA,NA
249.513,2.0264,13.7807,1.1670,15.5822,NA,NA,NA,NA,NA,NA,NA,NA,NA,NA,NA,NA
249.616,2.0264,13.7807,1.1659,15.4794,NA,NA,NA,NA,NA,NA,NA,NA,NA,NA,NA,NA
249.718,2.0209,13.4734,1.1646,15.3514,NA,NA,NA,NA,NA,NA,NA,NA,NA,NA,NA,NA
249.813,2.0202,13.4324,1.1639,15.2787,NA,NA,NA,NA,NA,NA,NA,NA,NA,NA,NA,NA
249.910,2.0147,13.1264,1.1634,15.2329,NA,NA,NA,NA,NA,NA,NA,NA,NA,NA,NA,NA
250.053,2.0083,12.7681,1.1629,15.1777,NA,NA,NA,NA,NA,NA,NA,NA,NA,NA,NA,NA
250.112,2.0082,12.7604,1.1622,15.1158,NA,NA,NA,NA,NA,NA,NA,NA,NA,NA,NA,NA
250.208,2.0031,12.4738,1.1614,15.0322,NA,NA,NA,NA,NA,NA,NA,NA,NA,NA,NA,NA
250.302,2.0031,12.4738,1.1602,14.9125,NA,NA,NA,NA,NA,NA,NA,NA,NA,NA,NA,NA
250.399,1.9981,12.1953,1.1594,14.8385,NA,NA,NA,NA,NA,NA,NA,NA,NA,NA,NA,NA
250.578,1.9981,12.1953,1.1585,14.7406,NA,NA,NA,NA,NA,NA,NA,NA,NA,NA,NA,NA
250.598,1.9974,12.1538,1.1574,14.6309,NA,NA,NA,NA,NA,NA,NA,NA,NA,NA,NA,NA
250.692,1.9963,12.0917,1.1563,14.5297,NA,NA,NA,NA,NA,NA,NA,NA,NA,NA,NA,NA
250.793,2.0160,13.1978,1.1593,14.8243,NA,NA,NA,NA,NA,NA,NA,NA,NA,NA,NA,NA
250.892,2.0516,15.1974,1.1664,15.5298,NA,NA,NA,NA,NA,NA,NA,NA,NA,NA,NA,NA
250.995,2.0762,16.5800,1.1798,16.8496,NA,NA,NA,NA,NA,NA,NA,NA,NA,NA,NA,NA
251.083,2.1061,18.2568,1.1904,17.9055,NA,NA,NA,NA,NA,NA,NA,NA,NA,NA,NA,NA
251.244,2.1217,19.1364,1.1988,18.7388,NA,NA,NA,NA,NA,NA,NA,NA,NA,NA,NA,NA
251.285,2.1372,20.0052,1.2039,19.2417,NA,NA,NA,NA,NA,NA,NA,NA,NA,NA,NA,NA
251.383,2.1416,20.2514,1.2061,19.4570,NA,NA,NA,NA,NA,NA,NA,NA,NA,NA,NA,NA
251.475,2.1418,20.2632,1.2073,19.5760,NA,NA,NA,NA,NA,NA,NA,NA,NA,NA,NA,NA
251.573,2.1418,20.2632,1.2073,19.5760,NA,NA,NA,NA,NA,NA,NA,NA,NA,NA,NA,NA
251.674,2.1418,20.2605,1.2070,19.5515,NA,NA,NA,NA,NA,NA,NA,NA,NA,NA,NA,NA
251.849,2.1229,19.2008,1.2062,19.4684,NA,NA,NA,NA,NA,NA,NA,NA,NA,NA,NA,NA
251.879,2.1099,18.4713,1.2037,19.2217,NA,NA,NA,NA,NA,NA,NA,NA,NA,NA,NA,NA
251.987,2.0954,17.6590,1.1981,18.6700,NA,NA,NA,NA,NA,NA,NA,NA,NA,NA,NA,NA
252.061,2.0948,17.6264,1.1951,18.3666,NA,NA,NA,NA,NA,NA,NA,NA,NA,NA,NA,NA
252.160,2.0776,16.6575,1.1903,17.8931,NA,NA,NA,NA,NA,NA,NA,NA,NA,NA,NA,NA
252.262,2.0726,16.3763,1.1877,17.6397,NA,NA,NA,NA,NA,NA,NA,NA,NA,NA,NA,NA
252.362,2.0647,15.9359,1.1857,17.4371,NA,NA,NA,NA,NA,NA,NA,NA,NA,NA,NA,NA
252.463,2.0616,15.7606,1.1827,17.1375,NA,NA,NA,NA,NA,NA,NA,NA,NA,NA,NA,NA
252.563,2.0578,15.5443,1.1809,16.9649,NA,NA,NA,NA,NA,NA,NA,NA,NA,NA,NA,NA
252.659,2.0500,15.1079,1.1797,16.8457,NA,NA,NA,NA,NA,NA,NA,NA,NA,NA,NA,NA
252.752,2.0500,15.1079,1.1775,16.6237,NA,NA,NA,NA,NA,NA,NA,NA,NA,NA,NA,NA
252.849,2.0434,14.7397,1.1764,16.5126,NA,NA,NA,NA,NA,NA,NA,NA,NA,NA,NA,NA
252.954,2.0428,14.7063,1.1756,16.4353,NA,NA,NA,NA,NA,NA,NA,NA,NA,NA,NA,NA
253.044,2.0385,14.4624,1.1738,16.2596,NA,NA,NA,NA,NA,NA,NA,NA,NA,NA,NA,NA
253.138,2.0378,14.4210,1.1727,16.1481,NA,NA,NA,NA,NA,NA,NA,NA,NA,NA,NA,NA
253.241,2.0378,14.4210,1.1708,15.9634,NA,NA,NA,NA,NA,NA,NA,NA,NA,NA,NA,NA
253.336,2.0380,14.4362,1.1700,15.8793,NA,NA,NA,NA,NA,NA,NA,NA,NA,NA,NA,NA
253.431,2.0380,14.4362,1.1681,15.6945,NA,NA,NA,NA,NA,NA,NA,NA,NA,NA,NA,NA
253.529,2.0343,14.2260,1.1670,15.5844,NA,NA,NA,NA,NA,NA,NA,NA,NA,NA,NA,NA
253.646,2.0342,14.2231,1.1669,15.5750,NA,NA,NA,NA,NA,NA,NA,NA,NA,NA,NA,NA
253.719,2.0300,13.9868,1.1664,15.5271,NA,NA,NA,NA,NA,NA,NA,NA,NA,NA,NA,NA
253.823,2.0236,13.6276,1.1655,15.4387,NA,NA,NA,NA,NA,NA,NA,NA,NA,NA,NA,NA
253.921,2.0226,13.5694,1.1651,15.3985,NA,NA,NA,NA,NA,NA,NA,NA,NA,NA,NA,NA
254.022,2.0221,13.5433,1.1648,15.3717,NA,NA,NA,NA,NA,NA,NA,NA,NA,NA,NA,NA
254.116,2.0214,13.5029,1.1643,15.3146,NA,NA,NA,NA,NA,NA,NA,NA,NA,NA,NA,NA
254.260,2.0178,13.3017,1.1641,15.2951,NA,NA,NA,NA,NA,NA,NA,NA,NA,NA,NA,NA
254.324,2.0143,13.1047,1.1640,15.2913,NA,NA,NA,NA,NA,NA,NA,NA,NA,NA,NA,NA
254.415,2.0132,13.0425,1.1629,15.1793,NA,NA,NA,NA,NA,NA,NA,NA,NA,NA,NA,NA
254.514,2.0115,12.9440,1.1613,15.0261,NA,NA,NA,NA,NA,NA,NA,NA,NA,NA,NA,NA
254.606,2.0096,12.8390,1.1603,14.9184,NA,NA,NA,NA,NA,NA,NA,NA,NA,NA,NA,NA
254.703,2.0026,12.4495,1.1566,14.5599,NA,NA,NA,NA,NA,NA,NA,NA,NA,NA,NA,NA
254.809,1.9948,12.0105,1.1547,14.3655,NA,NA,NA,NA,NA,NA,NA,NA,NA,NA,NA,NA
254.902,1.9923,11.8668,1.1539,14.2847,NA,NA,NA,NA,NA,NA,NA,NA,NA,NA,NA,NA
255.006,1.9890,11.6832,1.1523,14.1352,NA,NA,NA,NA,NA,NA,NA,NA,NA,NA,NA,NA
255.097,2.0127,13.0120,1.1544,14.3344,NA,NA,NA,NA,NA,NA,NA,NA,NA,NA,NA,NA
255.194,2.0312,14.0539,1.1608,14.9768,NA,NA,NA,NA,NA,NA,NA,NA,NA,NA,NA,NA
255.292,2.0693,16.1923,1.1668,15.5703,NA,NA,NA,NA,NA,NA,NA,NA,NA,NA,NA,NA
255.449,2.0834,16.9838,1.1748,16.3547,NA,NA,NA,NA,NA,NA,NA,NA,NA,NA,NA,NA
255.494,2.0953,17.6513,1.1781,16.6851,NA,NA,NA,NA,NA,NA,NA,NA,NA,NA,NA,NA
255.584,2.0953,17.6513,1.1815,17.0182,NA,NA,NA,NA,NA,NA,NA,NA,NA,NA,NA,NA
255.683,2.1023,18.0460,1.1831,17.1797,NA,NA,NA,NA,NA,NA,NA,NA,NA,NA,NA,NA
255.782,2.1023,18.0460,1.1831,17.1797,NA,NA,NA,NA,NA,NA,NA,NA,NA,NA,NA,NA
255.881,2.0984,17.8256,1.1826,17.1320,NA,NA,NA,NA,NA,NA,NA,NA,NA,NA,NA,NA
255.980,2.0879,17.2357,1.1823,17.0977,NA,NA,NA,NA,NA,NA,NA,NA,NA,NA,NA,NA
256.079,2.0861,17.1352,1.1807,16.9408,NA,NA,NA,NA,NA,NA,NA,NA,NA,NA,NA,NA
256.172,2.0775,16.6544,1.1776,16.6389,NA,NA,NA,NA,NA,NA,NA,NA,NA,NA,NA,NA
256.268,2.0668,16.0513,1.1741,16.2920,NA,NA,NA,NA,NA,NA,NA,NA,NA,NA,NA,NA
256.373,2.0611,15.7345,1.1707,15.9576,NA,NA,NA,NA,NA,NA,NA,NA,NA,NA,NA,NA
256.469,2.0555,15.4157,1.1690,15.7886,NA,NA,NA,NA,NA,NA,NA,NA,NA,NA,NA,NA
256.568,2.0504,15.1322,1.1658,15.4626,NA,NA,NA,NA,NA,NA,NA,NA,NA,NA,NA,NA
256.672,2.0416,14.6384,1.1640,15.2867,NA,NA,NA,NA,NA,NA,NA,NA,NA,NA,NA,NA
256.766,2.0412,14.6156,1.1626,15.1537,NA,NA,NA,NA,NA,NA,NA,NA,NA,NA,NA,NA
256.862,2.0355,14.2924,1.1613,15.0179,NA,NA,NA,NA,NA,NA,NA,NA,NA,NA,NA,NA
256.955,2.0355,14.2924,1.1597,14.8603,NA,NA,NA,NA,NA,NA,NA,NA,NA,NA,NA,NA
257.054,2.0323,14.1128,1.1562,14.5143,NA,NA,NA,NA,NA,NA,NA,NA,NA,NA,NA,NA
257.196,2.0323,14.1128,1.1545,14.3449,NA,NA,NA,NA,NA,NA,NA,NA,NA,NA,NA,NA
257.257,2.0290,13.9314,1.1542,14.3191,NA,NA,NA,NA,NA,NA,NA,NA,NA,NA,NA,NA
257.355,2.0240,13.6494,1.1542,14.3191,NA,NA,NA,NA,NA,NA,NA,NA,NA,NA,NA,NA
257.447,2.0220,13.5376,1.1542,14.3136,NA,NA,NA,NA,NA,NA,NA,NA,NA,NA,NA,NA
257.543,2.0202,13.4325,1.1538,14.2770,NA,NA,NA,NA,NA,NA,NA,NA,NA,NA,NA,NA
257.650,2.0202,13.4325,1.1528,14.1816,NA,NA,NA,NA,NA,NA,NA,NA,NA,NA,NA,NA
257.808,2.0172,13.2666,1.1523,14.1346,NA,NA,NA,NA,NA,NA,NA,NA,NA,NA,NA,NA
257.837,2.0143,13.1061,1.1523,14.1326,NA,NA,NA,NA,NA,NA,NA,NA,NA,NA,NA,NA
257.936,2.0099,12.8561,1.1517,14.0663,NA,NA,NA,NA,NA,NA,NA,NA,NA,NA,NA,NA
258.038,2.0099,12.8561,1.1512,14.0215,NA,NA,NA,NA,NA,NA,NA,NA,NA,NA,NA,NA
258.134,1.9948,12.0071,1.1510,14.0056,NA,NA,NA,NA,NA,NA,NA,NA,NA,NA,NA,NA
258.232,1.9973,12.1474,1.1509,13.9935,NA,NA,NA,NA,NA,NA,NA,NA,NA,NA,NA,NA
258.332,1.9973,12.1474,1.1502,13.9249,NA,NA,NA,NA,NA,NA,NA,NA,NA,NA,NA,NA
258.431,1.9941,11.9706,1.1490,13.8043,NA,NA,NA,NA,NA,NA,NA,NA,NA,NA,NA,NA
258.524,1.9941,11.9684,1.1474,13.6429,NA,NA,NA,NA,NA,NA,NA,NA,NA,NA,NA,NA
258.627,1.9937,11.9455,1.1480,13.7010,NA,NA,NA,NA,NA,NA,NA,NA,NA,NA,NA,NA
258.719,1.9926,11.8878,1.1480,13.7010,NA,NA,NA,NA,NA,NA,NA,NA,NA,NA,NA,NA
258.816,1.9886,11.6583,1.1478,13.6807,NA,NA,NA,NA,NA,NA,NA,NA,NA,NA,NA,NA
258.957,1.9913,11.8138,1.1478,13.6807,NA,NA,NA,NA,NA,NA,NA,NA,NA,NA,NA,NA
259.013,1.9913,11.8138,1.1468,13.5875,NA,NA,NA,NA,NA,NA,NA,NA,NA,NA,NA,NA
259.117,1.9852,11.4675,1.1459,13.5006,NA,NA,NA,NA,NA,NA,NA,NA,NA,NA,NA,NA
259.207,1.9852,11.4675,1.1451,13.4168,NA,NA,NA,NA,NA,NA,NA,NA,NA,NA,NA,NA
259.313,1.9813,11.2528,1.1441,13.3200,NA,NA,NA,NA,NA,NA,NA,NA,NA,NA,NA,NA
259.408,1.9808,11.2239,1.1434,13.2502,NA,NA,NA,NA,NA,NA,NA,NA,NA,NA,NA,NA
259.506,1.9789,11.1142,1.1434,13.2502,NA,NA,NA,NA,NA,NA,NA,NA,NA,NA,NA,NA
259.642,1.9775,11.0368,1.1427,13.1832,NA,NA,NA,NA,NA,NA,NA,NA,NA,NA,NA,NA
259.697,1.9706,10.6503,1.1427,13.1832,NA,NA,NA,NA,NA,NA,NA,NA,NA,NA,NA,NA
259.800,1.9708,10.6594,1.1418,13.0913,NA,NA,NA,NA,NA,NA,NA,NA,NA,NA,NA,NA
259.899,1.9708,10.6594,1.1408,12.9903,NA,NA,NA,NA,NA,NA,NA,NA,NA,NA,NA,NA
259.995,1.9747,10.8796,1.1405,12.9595,NA,NA,NA,NA,NA,NA,NA,NA,NA,NA,NA,NA
260.094,1.9747,10.8796,1.1404,12.9473,NA,NA,NA,NA,NA,NA,NA,NA,NA,NA,NA,NA
260.246,1.9726,10.7631,1.1404,12.9473,NA,NA,NA,NA,NA,NA,NA,NA,NA,NA,NA,NA
260.289,1.9726,10.7631,1.1394,12.8572,NA,NA,NA,NA,NA,NA,NA,NA,NA,NA,NA,NA
260.387,1.9712,10.6817,1.1392,12.8347,NA,NA,NA,NA,NA,NA,NA,NA,NA,NA,NA,NA
260.485,1.9712,10.6817,1.1385,12.7646,NA,NA,NA,NA,NA,NA,NA,NA,NA,NA,NA,NA
260.578,1.9683,10.5217,1.1385,12.7646,NA,NA,NA,NA,NA,NA,NA,NA,NA,NA,NA,NA
260.678,1.9683,10.5217,1.1377,12.6830,NA,NA,NA,NA,NA,NA,NA,NA,NA,NA,NA,NA
260.824,1.9657,10.3761,1.1370,12.6191,NA,NA,NA,NA,NA,NA,NA,NA,NA,NA,NA,NA
260.873,1.9657,10.3761,1.1357,12.4828,NA,NA,NA,NA,NA,NA,NA,NA,NA,NA,NA,NA
260.970,1.9571,9.8929,1.1349,12.4066,NA,NA,NA,NA,NA,NA,NA,NA,NA,NA,NA,NA
261.066,1.9581,9.9504,1.1349,12.4066,NA,NA,NA,NA,NA,NA,NA,NA,NA,NA,NA,NA
261.169,1.9581,9.9504,1.1343,12.3496,NA,NA,NA,NA,NA,NA,NA,NA,NA,NA,NA,NA
261.268,1.9568,9.8768,1.1335,12.2648,NA,NA,NA,NA,NA,NA,NA,NA,NA,NA,NA,NA
261.362,1.9567,9.8720,1.1329,12.2086,NA,NA,NA,NA,NA,NA,NA,NA,NA,NA,NA,NA
261.467,1.9544,9.7412,1.1325,12.1656,NA,NA,NA,NA,NA,NA,NA,NA,NA,NA,NA,NA
261.560,1.9541,9.7233,1.1320,12.1222,NA,NA,NA,NA,NA,NA,NA,NA,NA,NA,NA,NA
261.659,1.9504,9.5142,1.1318,12.1030,NA,NA,NA,NA,NA,NA,NA,NA,NA,NA,NA,NA
261.752,1.9516,9.5835,1.1317,12.0930,NA,NA,NA,NA,NA,NA,NA,NA,NA,NA,NA,NA
261.850,1.9516,9.5835,1.1317,12.0870,NA,NA,NA,NA,NA,NA,NA,NA,NA,NA,NA,NA
262.002,1.9517,9.5865,1.1317,12.0870,NA,NA,NA,NA,NA,NA,NA,NA,NA,NA,NA,NA
262.055,1.9517,9.5865,1.1308,12.0007,NA,NA,NA,NA,NA,NA,NA,NA,NA,NA,NA,NA
262.155,1.9523,9.6247,1.1303,11.9504,NA,NA,NA,NA,NA,NA,NA,NA,NA,NA,NA,NA
262.249,1.9523,9.6247,1.1287,11.7934,NA,NA,NA,NA,NA,NA,NA,NA,NA,NA,NA,NA
262.341,1.9444,9.1773,1.1283,11.7540,NA,NA,NA,NA,NA,NA,NA,NA,NA,NA,NA,NA
262.440,1.9419,9.0377,1.1265,11.5758,NA,NA,NA,NA,NA,NA,NA,NA,NA,NA,NA,NA
262.537,1.9406,8.9644,1.1264,11.5616,NA,NA,NA,NA,NA,NA,NA,NA,NA,NA,NA,NA
262.639,1.9397,8.9141,1.1264,11.5616,NA,NA,NA,NA,NA,NA,NA,NA,NA,NA,NA,NA
262.734,1.9397,8.9141,1.1261,11.5331,NA,NA,NA,NA,NA,NA,NA,NA,NA,NA,NA,NA
262.842,1.9406,8.9655,1.1261,11.5331,NA,NA,NA,NA,NA,NA,NA,NA,NA,NA,NA,NA
262.927,1.9406,8.9655,1.1250,11.4232,NA,NA,NA,NA,NA,NA,NA,NA,NA,NA,NA,NA
263.026,1.9259,8.1422,1.1235,11.2740,NA,NA,NA,NA,NA,NA,NA,NA,NA,NA,NA,NA
263.125,1.9262,8.1594,1.1234,11.2723,NA,NA,NA,NA,NA,NA,NA,NA,NA,NA,NA,NA
263.225,1.9262,8.1594,1.1224,11.1664,NA,NA,NA,NA,NA,NA,NA,NA,NA,NA,NA,NA
263.318,1.9278,8.2450,1.1224,11.1664,NA,NA,NA,NA,NA,NA,NA,NA,NA,NA,NA,NA
263.424,1.9278,8.2450,1.1203,10.9595,NA,NA,NA,NA,NA,NA,NA,NA,NA,NA,NA,NA
263.515,1.9274,8.2241,1.1204,10.9732,NA,NA,NA,NA,NA,NA,NA,NA,NA,NA,NA,NA
263.617,1.9274,8.2241,1.1204,10.9732,NA,NA,NA,NA,NA,NA,NA,NA,NA,NA,NA,NA
263.714,1.9241,8.0379,1.1191,10.8426,NA,NA,NA,NA,NA,NA,NA,NA,NA,NA,NA,NA
263.859,1.9223,7.9368,1.1186,10.7935,NA,NA,NA,NA,NA,NA,NA,NA,NA,NA,NA,NA
263.916,1.9211,7.8712,1.1180,10.7335,NA,NA,NA,NA,NA,NA,NA,NA,NA,NA,NA,NA
264.009,1.9196,7.7873,1.1176,10.6888,NA,NA,NA,NA,NA,NA,NA,NA,NA,NA,NA,NA
264.101,1.9189,7.7451,1.1175,10.6823,NA,NA,NA,NA,NA,NA,NA,NA,NA,NA,NA,NA
264.202,1.9212,7.8782,1.1171,10.6476,NA,NA,NA,NA,NA,NA,NA,NA,NA,NA,NA,NA
264.301,1.9212,7.8782,1.1157,10.5090,NA,NA,NA,NA,NA,NA,NA,NA,NA,NA,NA,NA
264.456,1.9154,7.5496,1.1146,10.3940,NA,NA,NA,NA,NA,NA,NA,NA,NA,NA,NA,NA
264.494,1.9154,7.5496,1.1140,10.3394,NA,NA,NA,NA,NA,NA,NA,NA,NA,NA,NA,NA
264.597,1.9149,7.5219,1.1137,10.3103,NA,NA,NA,NA,NA,NA,NA,NA,NA,NA,NA,NA
264.696,1.9130,7.4180,1.1135,10.2875,NA,NA,NA,NA,NA,NA,NA,NA,NA,NA,NA,NA
264.796,1.9102,7.2564,1.1135,10.2875,NA,NA,NA,NA,NA,NA,NA,NA,NA,NA,NA,NA
264.892,1.9109,7.2992,1.1133,10.2724,NA,NA,NA,NA,NA,NA,NA,NA,NA,NA,NA,NA
264.987,1.9112,7.3148,1.1117,10.1125,NA,NA,NA,NA,NA,NA,NA,NA,NA,NA,NA,NA
265.086,1.9119,7.3529,1.1093,9.8733,NA,NA,NA,NA,NA,NA,NA,NA,NA,NA,NA,NA
265.183,1.9119,7.3529,1.1088,9.8217,NA,NA,NA,NA,NA,NA,NA,NA,NA,NA,NA,NA
265.281,1.9098,7.2381,1.1090,9.8448,NA,NA,NA,NA,NA,NA,NA,NA,NA,NA,NA,NA
265.386,1.9073,7.0965,1.1092,9.8601,NA,NA,NA,NA,NA,NA,NA,NA,NA,NA,NA,NA
265.482,1.9073,7.0964,1.1092,9.8601,NA,NA,NA,NA,NA,NA,NA,NA,NA,NA,NA,NA
265.639,1.9073,7.0964,1.1077,9.7139,NA,NA,NA,NA,NA,NA,NA,NA,NA,NA,NA,NA
265.668,1.9042,6.9225,1.1071,9.6557,NA,NA,NA,NA,NA,NA,NA,NA,NA,NA,NA,NA
265.768,1.9048,6.9537,1.1071,9.6557,NA,NA,NA,NA,NA,NA,NA,NA,NA,NA,NA,NA
265.884,1.9048,6.9537,1.1059,9.5353,NA,NA,NA,NA,NA,NA,NA,NA,NA,NA,NA,NA
265.972,1.9031,6.8627,1.1045,9.3997,NA,NA,NA,NA,NA,NA,NA,NA,NA,NA,NA,NA
266.062,1.9031,6.8627,1.1044,9.3870,NA,NA,NA,NA,NA,NA,NA,NA,NA,NA,NA,NA
266.176,1.9013,6.7566,1.1046,9.4095,NA,NA,NA,NA,NA,NA,NA,NA,NA,NA,NA,NA
266.257,1.8974,6.5391,1.1046,9.4095,NA,NA,NA,NA,NA,NA,NA,NA,NA,NA,NA,NA
266.357,1.8971,6.5222,1.1046,9.4051,NA,NA,NA,NA,NA,NA,NA,NA,NA,NA,NA,NA
266.459,1.8970,6.5150,1.1046,9.4051,NA,NA,NA,NA,NA,NA,NA,NA,NA,NA,NA,NA
266.561,1.8957,6.4445,1.1036,9.3104,NA,NA,NA,NA,NA,NA,NA,NA,NA,NA,NA,NA
266.658,1.8985,6.5990,1.1033,9.2733,NA,NA,NA,NA,NA,NA,NA,NA,NA,NA,NA,NA
266.751,1.8985,6.5990,1.1032,9.2646,NA,NA,NA,NA,NA,NA,NA,NA,NA,NA,NA,NA
266.843,1.8949,6.4021,1.1022,9.1646,NA,NA,NA,NA,NA,NA,NA,NA,NA,NA,NA,NA
266.947,1.8905,6.1511,1.1016,9.1076,NA,NA,NA,NA,NA,NA,NA,NA,NA,NA,NA,NA
267.055,1.8889,6.0632,1.1018,9.1241,NA,NA,NA,NA,NA,NA,NA,NA,NA,NA,NA,NA
267.157,1.8916,6.2120,1.1018,9.1241,NA,NA,NA,NA,NA,NA,NA,NA,NA,NA,NA,NA
267.235,1.8916,6.2120,1.1011,9.0590,NA,NA,NA,NA,NA,NA,NA,NA,NA,NA,NA,NA
267.336,1.8953,6.4220,1.1009,9.0361,NA,NA,NA,NA,NA,NA,NA,NA,NA,NA,NA,NA
267.445,1.8953,6.4220,1.0998,8.9353,NA,NA,NA,NA,NA,NA,NA,NA,NA,NA,NA,NA
267.531,1.8894,6.0880,1.0998,8.9353,NA,NA,NA,NA,NA,NA,NA,NA,NA,NA,NA,NA
267.633,1.8894,6.0880,1.0992,8.8678,NA,NA,NA,NA,NA,NA,NA,NA,NA,NA,NA,NA
267.725,1.8861,5.9032,1.0972,8.6754,NA,NA,NA,NA,NA,NA,NA,NA,NA,NA,NA,NA
267.827,1.8863,5.9143,1.0963,8.5818,NA,NA,NA,NA,NA,NA,NA,NA,NA,NA,NA,NA
267.925,1.8863,5.9143,1.0971,8.6619,NA,NA,NA,NA,NA,NA,NA,NA,NA,NA,NA,NA
268.028,1.8845,5.8129,1.0971,8.6619,NA,NA,NA,NA,NA,NA,NA,NA,NA,NA,NA,NA
268.121,1.8836,5.7637,1.0966,8.6167,NA,NA,NA,NA,NA,NA,NA,NA,NA,NA,NA,NA
268.223,1.8832,5.7421,1.0962,8.5761,NA,NA,NA,NA,NA,NA,NA,NA,NA,NA,NA,NA
268.316,1.8832,5.7421,1.0933,8.2897,NA,NA,NA,NA,NA,NA,NA,NA,NA,NA,NA,NA
268.432,1.8790,5.5056,1.0928,8.2373,NA,NA,NA,NA,NA,NA,NA,NA,NA,NA,NA,NA
268.509,1.8790,5.5056,1.0930,8.2566,NA,NA,NA,NA,NA,NA,NA,NA,NA,NA,NA,NA
268.608,1.8765,5.3644,1.0930,8.2566,NA,NA,NA,NA,NA,NA,NA,NA,NA,NA,NA,NA
268.705,1.8767,5.3775,1.0921,8.1630,NA,NA,NA,NA,NA,NA,NA,NA,NA,NA,NA,NA
268.814,1.8767,5.3775,1.0917,8.1271,NA,NA,NA,NA,NA,NA,NA,NA,NA,NA,NA,NA
268.900,1.8784,5.4735,1.0916,8.1142,NA,NA,NA,NA,NA,NA,NA,NA,NA,NA,NA,NA
269.001,1.8784,5.4735,1.0909,8.0493,NA,NA,NA,NA,NA,NA,NA,NA,NA,NA,NA,NA
269.095,1.8725,5.1395,1.0907,8.0326,NA,NA,NA,NA,NA,NA,NA,NA,NA,NA,NA,NA
269.205,1.8723,5.1310,1.0906,8.0174,NA,NA,NA,NA,NA,NA,NA,NA,NA,NA,NA,NA
269.290,1.8724,5.1378,1.0904,8.0031,NA,NA,NA,NA,NA,NA,NA,NA,NA,NA,NA,NA
269.390,1.8743,5.2405,1.0905,8.0068,NA,NA,NA,NA,NA,NA,NA,NA,NA,NA,NA,NA
269.486,1.8743,5.2405,1.0905,8.0068,NA,NA,NA,NA,NA,NA,NA,NA,NA,NA,NA,NA
269.585,1.8715,5.0838,1.0897,7.9265,NA,NA,NA,NA,NA,NA,NA,NA,NA,NA,NA,NA
269.688,1.8702,5.0109,1.0889,7.8501,NA,NA,NA,NA,NA,NA,NA,NA,NA,NA,NA,NA
269.843,1.8738,5.2130,1.0885,7.8160,NA,NA,NA,NA,NA,NA,NA,NA,NA,NA,NA,NA
269.878,1.8738,5.2130,1.0885,7.8141,NA,NA,NA,NA,NA,NA,NA,NA,NA,NA,NA,NA
269.977,1.8679,4.8812,1.0885,7.8141,NA,NA,NA,NA,NA,NA,NA,NA,NA,NA,NA,NA
270.086,1.8677,4.8742,1.0880,7.7604,NA,NA,NA,NA,NA,NA,NA,NA,NA,NA,NA,NA
270.185,1.8634,4.6315,1.0880,7.7604,NA,NA,NA,NA,NA,NA,NA,NA,NA,NA,NA,NA
270.272,1.8630,4.6108,1.0877,7.7318,NA,NA,NA,NA,NA,NA,NA,NA,NA,NA,NA,NA
270.375,1.8612,4.5083,1.0867,7.6352,NA,NA,NA,NA,NA,NA,NA,NA,NA,NA,NA,NA
270.467,1.8612,4.5083,1.0864,7.6030,NA,NA,NA,NA,NA,NA,NA,NA,NA,NA,NA,NA
270.563,1.8597,4.4203,1.0864,7.6012,NA,NA,NA,NA,NA,NA,NA,NA,NA,NA,NA,NA
270.662,1.8643,4.6823,1.0860,7.5639,NA,NA,NA,NA,NA,NA,NA,NA,NA,NA,NA,NA
270.763,1.8643,4.6823,1.0856,7.5230,NA,NA,NA,NA,NA,NA,NA,NA,NA,NA,NA,NA
270.858,1.8607,4.4771,1.0856,7.5230,NA,NA,NA,NA,NA,NA,NA,NA,NA,NA,NA,NA
271.007,1.8596,4.4150,1.0840,7.3635,NA,NA,NA,NA,NA,NA,NA,NA,NA,NA,NA,NA
271.058,1.8572,4.2815,1.0838,7.3471,NA,NA,NA,NA,NA,NA,NA,NA,NA,NA,NA,NA
271.154,1.8572,4.2815,1.0834,7.3027,NA,NA,NA,NA,NA,NA,NA,NA,NA,NA,NA,NA
271.250,1.8573,4.2876,1.0828,7.2426,NA,NA,NA,NA,NA,NA,NA,NA,NA,NA,NA,NA
271.357,1.8573,4.2876,1.0826,7.2270,NA,NA,NA,NA,NA,NA,NA,NA,NA,NA,NA,NA
271.449,1.8564,4.2381,1.0823,7.1954,NA,NA,NA,NA,NA,NA,NA,NA,NA,NA,NA,NA
271.544,1.8554,4.1821,1.0821,7.1759,NA,NA,NA,NA,NA,NA,NA,NA,NA,NA,NA,NA
271.652,1.8549,4.1513,1.0821,7.1759,NA,NA,NA,NA,NA,NA,NA,NA,NA,NA,NA,NA
271.744,1.8537,4.0876,1.0819,7.1557,NA,NA,NA,NA,NA,NA,NA,NA,NA,NA,NA,NA
271.837,1.8537,4.0876,1.0813,7.0998,NA,NA,NA,NA,NA,NA,NA,NA,NA,NA,NA,NA
271.948,1.8518,3.9823,1.0813,7.0990,NA,NA,NA,NA,NA,NA,NA,NA,NA,NA,NA,NA
272.038,1.8523,4.0061,1.0813,7.0990,NA,NA,NA,NA,NA,NA,NA,NA,NA,NA,NA,NA
272.178,1.8523,4.0061,1.0805,7.0171,NA,NA,NA,NA,NA,NA,NA,NA,NA,NA,NA,NA
272.234,1.8495,3.8505,1.0800,6.9722,NA,NA,NA,NA,NA,NA,NA,NA,NA,NA,NA,NA
272.336,1.8506,3.9133,1.0797,6.9362,NA,NA,NA,NA,NA,NA,NA,NA,NA,NA,NA,NA
272.428,1.8547,4.1442,1.0795,6.9190,NA,NA,NA,NA,NA,NA,NA,NA,NA,NA,NA,NA
272.527,1.8547,4.1442,1.0794,6.9071,NA,NA,NA,NA,NA,NA,NA,NA,NA,NA,NA,NA
272.627,1.8520,3.9931,1.0792,6.8873,NA,NA,NA,NA,NA,NA,NA,NA,NA,NA,NA,NA
272.723,1.8520,3.9931,1.0788,6.8553,NA,NA,NA,NA,NA,NA,NA,NA,NA,NA,NA,NA
272.821,1.8484,3.7894,1.0785,6.8170,NA,NA,NA,NA,NA,NA,NA,NA,NA,NA,NA,NA
272.925,1.8484,3.7894,1.0773,6.7061,NA,NA,NA,NA,NA,NA,NA,NA,NA,NA,NA,NA
273.014,1.8513,3.9528,1.0773,6.7061,NA,NA,NA,NA,NA,NA,NA,NA,NA,NA,NA,NA
273.108,1.8513,3.9528,1.0764,6.6110,NA,NA,NA,NA,NA,NA,NA,NA,NA,NA,NA,NA
273.212,1.8492,3.8337,1.0766,6.6295,NA,NA,NA,NA,NA,NA,NA,NA,NA,NA,NA,NA
273.326,1.8445,3.5710,1.0766,6.6295,NA,NA,NA,NA,NA,NA,NA,NA,NA,NA,NA,NA
273.455,1.8431,3.4899,1.0756,6.5343,NA,NA,NA,NA,NA,NA,NA,NA,NA,NA,NA,NA
273.498,1.8451,3.6036,1.0754,6.5170,NA,NA,NA,NA,NA,NA,NA,NA,NA,NA,NA,NA
273.609,1.8451,3.6036,1.0754,6.5159,NA,NA,NA,NA,NA,NA,NA,NA,NA,NA,NA,NA
273.703,1.8420,3.4266,1.0750,6.4733,NA,NA,NA,NA,NA,NA,NA,NA,NA,NA,NA,NA
273.800,1.8418,3.4195,1.0744,6.4165,NA,NA,NA,NA,NA,NA,NA,NA,NA,NA,NA,NA
273.888,1.8388,3.2481,1.0752,6.4920,NA,NA,NA,NA,NA,NA,NA,NA,NA,NA,NA,NA
274.038,1.8388,3.2481,1.0752,6.4920,NA,NA,NA,NA,NA,NA,NA,NA,NA,NA,NA,NA
274.094,1.8371,3.1513,1.0744,6.4131,NA,NA,NA,NA,NA,NA,NA,NA,NA,NA,NA,NA
274.197,1.8378,3.1922,1.0744,6.4131,NA,NA,NA,NA,NA,NA,NA,NA,NA,NA,NA,NA
274.285,1.8378,3.1922,1.0738,6.3512,NA,NA,NA,NA,NA,NA,NA,NA,NA,NA,NA,NA
274.385,1.8340,2.9773,1.0732,6.2998,NA,NA,NA,NA,NA,NA,NA,NA,NA,NA,NA,NA
274.483,1.8340,2.9773,1.0727,6.2487,NA,NA,NA,NA,NA,NA,NA,NA,NA,NA,NA,NA
274.579,1.8315,2.8423,1.0725,6.2219,NA,NA,NA,NA,NA,NA,NA,NA,NA,NA,NA,NA
274.678,1.8315,2.8423,1.0725,6.2219,NA,NA,NA,NA,NA,NA,NA,NA,NA,NA,NA,NA
274.774,1.8307,2.7932,1.0720,6.1728,NA,NA,NA,NA,NA,NA,NA,NA,NA,NA,NA,NA
274.882,1.8307,2.7932,1.0720,6.1728,NA,NA,NA,NA,NA,NA,NA,NA,NA,NA,NA,NA
274.972,1.8270,2.5853,1.0710,6.0807,NA,NA,NA,NA,NA,NA,NA,NA,NA,NA,NA,NA
275.066,1.8282,2.6560,1.0706,6.0394,NA,NA,NA,NA,NA,NA,NA,NA,NA,NA,NA,NA
275.169,1.8282,2.6560,1.0700,5.9754,NA,NA,NA,NA,NA,NA,NA,NA,NA,NA,NA,NA
275.273,1.8295,2.7278,1.0700,5.9754,NA,NA,NA,NA,NA,NA,NA,NA,NA,NA,NA,NA
275.360,1.8295,2.7278,1.0686,5.8404,NA,NA,NA,NA,NA,NA,NA,NA,NA,NA,NA,NA
275.464,1.8268,2.5743,1.0686,5.8448,NA,NA,NA,NA,NA,NA,NA,NA,NA,NA,NA,NA
275.568,1.8264,2.5516,1.0686,5.8448,NA,NA,NA,NA,NA,NA,NA,NA,NA,NA,NA,NA
275.658,1.8214,2.2727,1.0685,5.8279,NA,NA,NA,NA,NA,NA,NA,NA,NA,NA,NA,NA
275.798,1.8247,2.4570,1.0689,5.8671,NA,NA,NA,NA,NA,NA,NA,NA,NA,NA,NA,NA
275.851,1.8247,2.4570,1.0689,5.8671,NA,NA,NA,NA,NA,NA,NA,NA,NA,NA,NA,NA
275.948,1.8238,2.4100,1.0681,5.7943,NA,NA,NA,NA,NA,NA,NA,NA,NA,NA,NA,NA
276.047,1.8238,2.4100,1.0674,5.7196,NA,NA,NA,NA,NA,NA,NA,NA,NA,NA,NA,NA
276.152,1.8272,2.6001,1.0663,5.6125,NA,NA,NA,NA,NA,NA,NA,NA,NA,NA,NA,NA
276.243,1.8272,2.6001,1.0654,5.5259,NA,NA,NA,NA,NA,NA,NA,NA,NA,NA,NA,NA
276.341,1.8212,2.2619,1.0654,5.5266,NA,NA,NA,NA,NA,NA,NA,NA,NA,NA,NA,NA
276.442,1.8193,2.1526,1.0654,5.5266,NA,NA,NA,NA,NA,NA,NA,NA,NA,NA,NA,NA
276.539,1.8171,2.0288,1.0653,5.5179,NA,NA,NA,NA,NA,NA,NA,NA,NA,NA,NA,NA
276.639,1.8207,2.2309,1.0653,5.5098,NA,NA,NA,NA,NA,NA,NA,NA,NA,NA,NA,NA
276.735,1.8211,2.2536,1.0650,5.4853,NA,NA,NA,NA,NA,NA,NA,NA,NA,NA,NA,NA
276.832,1.8211,2.2536,1.0650,5.4823,NA,NA,NA,NA,NA,NA,NA,NA,NA,NA,NA,NA
276.936,1.8182,2.0937,1.0637,5.3516,NA,NA,NA,NA,NA,NA,NA,NA,NA,NA,NA,NA
277.081,1.8135,1.8270,1.0632,5.3056,NA,NA,NA,NA,NA,NA,NA,NA,NA,NA,NA,NA
277.125,1.8112,1.7018,1.0629,5.2795,NA,NA,NA,NA,NA,NA,NA,NA,NA,NA,NA,NA
277.222,1.8088,1.5654,1.0618,5.1682,NA,NA,NA,NA,NA,NA,NA,NA,NA,NA,NA,NA
277.324,1.8089,1.5690,1.0617,5.1564,NA,NA,NA,NA,NA,NA,NA,NA,NA,NA,NA,NA
277.421,1.8089,1.5690,1.0614,5.1270,NA,NA,NA,NA,NA,NA,NA,NA,NA,NA,NA,NA
277.524,1.8146,1.8883,1.0614,5.1228,NA,NA,NA,NA,NA,NA,NA,NA,NA,NA,NA,NA
277.614,1.8428,3.4751,1.0705,6.0299,NA,NA,NA,NA,NA,NA,NA,NA,NA,NA,NA,NA
277.720,1.8722,5.1258,1.0816,7.1291,NA,NA,NA,NA,NA,NA,NA,NA,NA,NA,NA,NA
277.811,1.8981,6.5766,1.0935,8.3056,NA,NA,NA,NA,NA,NA,NA,NA,NA,NA,NA,NA
277.918,1.9284,8.2816,1.1068,9.6199,NA,NA,NA,NA,NA,NA,NA,NA,NA,NA,NA,NA
278.010,1.9555,9.8023,1.1153,10.4637,NA,NA,NA,NA,NA,NA,NA,NA,NA,NA,NA,NA
278.114,1.9845,11.4298,1.1259,11.5159,NA,NA,NA,NA,NA,NA,NA,NA,NA,NA,NA,NA
278.252,1.9968,12.1197,1.1380,12.7099,NA,NA,NA,NA,NA,NA,NA,NA,NA,NA,NA,NA
278.297,2.0126,13.0090,1.1445,13.3555,NA,NA,NA,NA,NA,NA,NA,NA,NA,NA,NA,NA
278.400,2.0279,13.8691,1.1526,14.1628,NA,NA,NA,NA,NA,NA,NA,NA,NA,NA,NA,NA
278.502,2.0496,15.0880,1.1618,15.0728,NA,NA,NA,NA,NA,NA,NA,NA,NA,NA,NA,NA
278.602,2.0704,16.2520,1.1704,15.9272,NA,NA,NA,NA,NA,NA,NA,NA,NA,NA,NA,NA
278.688,2.0790,16.7381,1.1786,16.7376,NA,NA,NA,NA,NA,NA,NA,NA,NA,NA,NA,NA
278.837,2.0894,17.3200,1.1826,17.1274,NA,NA,NA,NA,NA,NA,NA,NA,NA,NA,NA,NA
278.886,2.0946,17.6123,1.1846,17.3250,NA,NA,NA,NA,NA,NA,NA,NA,NA,NA,NA,NA
278.992,2.0989,17.8525,1.1854,17.4070,NA,NA,NA,NA,NA,NA,NA,NA,NA,NA,NA,NA
279.086,2.0989,17.8525,1.1854,17.4070,NA,NA,NA,NA,NA,NA,NA,NA,NA,NA,NA,NA
279.182,2.0949,17.6310,1.1853,17.3984,NA,NA,NA,NA,NA,NA,NA,NA,NA,NA,NA,NA
279.286,2.0881,17.2459,1.1835,17.2252,NA,NA,NA,NA,NA,NA,NA,NA,NA,NA,NA,NA
279.403,2.0748,16.5015,1.1827,17.1388,NA,NA,NA,NA,NA,NA,NA,NA,NA,NA,NA,NA
279.477,2.0638,15.8836,1.1804,16.9108,NA,NA,NA,NA,NA,NA,NA,NA,NA,NA,NA,NA
279.569,2.0583,15.5730,1.1790,16.7714,NA,NA,NA,NA,NA,NA,NA,NA,NA,NA,NA,NA
279.675,2.0402,14.5607,1.1780,16.6745,NA,NA,NA,NA,NA,NA,NA,NA,NA,NA,NA,NA
279.769,2.0355,14.2944,1.1758,16.4567,NA,NA,NA,NA,NA,NA,NA,NA,NA,NA,NA,NA
279.878,2.0196,13.4000,1.1728,16.1568,NA,NA,NA,NA,NA,NA,NA,NA,NA,NA,NA,NA
280.017,2.0131,13.0354,1.1706,15.9418,NA,NA,NA,NA,NA,NA,NA,NA,NA,NA,NA,NA
280.065,2.0038,12.5131,1.1695,15.8295,NA,NA,NA,NA,NA,NA,NA,NA,NA,NA,NA,NA
280.170,2.0006,12.3372,1.1680,15.6882,NA,NA,NA,NA,NA,NA,NA,NA,NA,NA,NA,NA
280.262,1.9981,12.1916,1.1664,15.5302,NA,NA,NA,NA,NA,NA,NA,NA,NA,NA,NA,NA
280.357,1.9961,12.0793,1.1652,15.4128,NA,NA,NA,NA,NA,NA,NA,NA,NA,NA,NA,NA
280.453,1.9946,11.9972,1.1628,15.1668,NA,NA,NA,NA,NA,NA,NA,NA,NA,NA,NA,NA
280.616,1.9930,11.9091,1.1612,15.0154,NA,NA,NA,NA,NA,NA,NA,NA,NA,NA,NA,NA
280.658,1.9886,11.6606,1.1599,14.8857,NA,NA,NA,NA,NA,NA,NA,NA,NA,NA,NA,NA
280.746,1.9829,11.3394,1.1592,14.8105,NA,NA,NA,NA,NA,NA,NA,NA,NA,NA,NA,NA
280.839,1.9811,11.2425,1.1584,14.7361,NA,NA,NA,NA,NA,NA,NA,NA,NA,NA,NA,NA
280.948,1.9771,11.0134,1.1558,14.4742,NA,NA,NA,NA,NA,NA,NA,NA,NA,NA,NA,NA
281.039,1.9734,10.8090,1.1556,14.4565,NA,NA,NA,NA,NA,NA,NA,NA,NA,NA,NA,NA
281.175,1.9721,10.7370,1.1535,14.2480,NA,NA,NA,NA,NA,NA,NA,NA,NA,NA,NA,NA
281.238,1.9664,10.4119,1.1511,14.0079,NA,NA,NA,NA,NA,NA,NA,NA,NA,NA,NA,NA
281.338,1.9651,10.3389,1.1496,13.8651,NA,NA,NA,NA,NA,NA,NA,NA,NA,NA,NA,NA
281.430,1.9619,10.1614,1.1488,13.7831,NA,NA,NA,NA,NA,NA,NA,NA,NA,NA,NA,NA
281.537,1.9557,9.8110,1.1484,13.7420,NA,NA,NA,NA,NA,NA,NA,NA,NA,NA,NA,NA
281.629,1.9522,9.6159,1.1464,13.5433,NA,NA,NA,NA,NA,NA,NA,NA,NA,NA,NA,NA
281.731,1.9486,9.4146,1.1458,13.4874,NA,NA,NA,NA,NA,NA,NA,NA,NA,NA,NA,NA
281.827,1.9483,9.3989,1.1454,13.4469,NA,NA,NA,NA,NA,NA,NA,NA,NA,NA,NA,NA
281.924,1.9470,9.3263,1.1445,13.3564,NA,NA,NA,NA,NA,NA,NA,NA,NA,NA,NA,NA
282.017,1.9470,9.3263,1.1435,13.2580,NA,NA,NA,NA,NA,NA,NA,NA,NA,NA,NA,NA
282.122,1.9427,9.0853,1.1404,12.9553,NA,NA,NA,NA,NA,NA,NA,NA,NA,NA,NA,NA
282.224,1.9416,9.0212,1.1398,12.8944,NA,NA,NA,NA,NA,NA,NA,NA,NA,NA,NA,NA
282.319,1.9367,8.7485,1.1398,12.8944,NA,NA,NA,NA,NA,NA,NA,NA,NA,NA,NA,NA
282.470,1.9537,9.7034,1.1417,13.0783,NA,NA,NA,NA,NA,NA,NA,NA,NA,NA,NA,NA
282.518,1.9730,10.7839,1.1510,14.0062,NA,NA,NA,NA,NA,NA,NA,NA,NA,NA,NA,NA
282.607,2.0241,13.6570,1.1643,15.3139,NA,NA,NA,NA,NA,NA,NA,NA,NA,NA,NA,NA
282.704,2.0435,14.7455,1.1765,16.5251,NA,NA,NA,NA,NA,NA,NA,NA,NA,NA,NA,NA
282.808,2.0593,15.6286,1.1806,16.9290,NA,NA,NA,NA,NA,NA,NA,NA,NA,NA,NA,NA
282.908,2.0627,15.8211,1.1813,17.0018,NA,NA,NA,NA,NA,NA,NA,NA,NA,NA,NA,NA
283.042,2.0627,15.8211,1.1815,17.0197,NA,NA,NA,NA,NA,NA,NA,NA,NA,NA,NA,NA
283.094,2.0593,15.6292,1.1815,17.0197,NA,NA,NA,NA,NA,NA,NA,NA,NA,NA,NA,NA
283.198,2.0555,15.4157,1.1820,17.0749,NA,NA,NA,NA,NA,NA,NA,NA,NA,NA,NA,NA
283.296,2.0549,15.3852,1.1820,17.0749,NA,NA,NA,NA,NA,NA,NA,NA,NA,NA,NA,NA
283.389,2.0549,15.3852,1.1812,16.9889,NA,NA,NA,NA,NA,NA,NA,NA,NA,NA,NA,NA
283.493,2.0394,14.5116,1.1803,16.9041,NA,NA,NA,NA,NA,NA,NA,NA,NA,NA,NA,NA
283.586,2.0347,14.2495,1.1785,16.7236,NA,NA,NA,NA,NA,NA,NA,NA,NA,NA,NA,NA
283.681,2.0285,13.9031,1.1744,16.3172,NA,NA,NA,NA,NA,NA,NA,NA,NA,NA,NA,NA
283.795,2.0201,13.4272,1.1727,16.1530,NA,NA,NA,NA,NA,NA,NA,NA,NA,NA,NA,NA
283.885,2.0087,12.7891,1.1707,15.9500,NA,NA,NA,NA,NA,NA,NA,NA,NA,NA,NA,NA
283.978,2.0043,12.5416,1.1681,15.6999,NA,NA,NA,NA,NA,NA,NA,NA,NA,NA,NA,NA
284.084,2.0003,12.3152,1.1660,15.4872,NA,NA,NA,NA,NA,NA,NA,NA,NA,NA,NA,NA
284.229,1.9992,12.2564,1.1640,15.2918,NA,NA,NA,NA,NA,NA,NA,NA,NA,NA,NA,NA
284.278,1.9992,12.2564,1.1628,15.1660,NA,NA,NA,NA,NA,NA,NA,NA,NA,NA,NA,NA
284.369,1.9927,11.8891,1.1619,15.0858,NA,NA,NA,NA,NA,NA,NA,NA,NA,NA,NA,NA
284.477,1.9822,11.3034,1.1611,15.0065,NA,NA,NA,NA,NA,NA,NA,NA,NA,NA,NA,NA
284.574,1.9803,11.1952,1.1605,14.9440,NA,NA,NA,NA,NA,NA,NA,NA,NA,NA,NA,NA
284.667,1.9783,11.0821,1.1598,14.8772,NA,NA,NA,NA,NA,NA,NA,NA,NA,NA,NA,NA
284.761,1.9783,11.0821,1.1583,14.7274,NA,NA,NA,NA,NA,NA,NA,NA,NA,NA,NA,NA
284.867,1.9773,11.0263,1.1570,14.5993,NA,NA,NA,NA,NA,NA,NA,NA,NA,NA,NA,NA
284.962,1.9773,11.0263,1.1563,14.5229,NA,NA,NA,NA,NA,NA,NA,NA,NA,NA,NA,NA
285.076,1.9736,10.8173,1.1561,14.5101,NA,NA,NA,NA,NA,NA,NA,NA,NA,NA,NA,NA
285.154,1.9736,10.8173,1.1554,14.4365,NA,NA,NA,NA,NA,NA,NA,NA,NA,NA,NA,NA
285.249,1.9706,10.6497,1.1539,14.2878,NA,NA,NA,NA,NA,NA,NA,NA,NA,NA,NA,NA
285.347,1.9706,10.6497,1.1522,14.1221,NA,NA,NA,NA,NA,NA,NA,NA,NA,NA,NA,NA
285.479,1.9684,10.5264,1.1512,14.0169,NA,NA,NA,NA,NA,NA,NA,NA,NA,NA,NA,NA
285.556,1.9643,10.2941,1.1498,13.8826,NA,NA,NA,NA,NA,NA,NA,NA,NA,NA,NA,NA
285.647,1.9637,10.2628,1.1490,13.8060,NA,NA,NA,NA,NA,NA,NA,NA,NA,NA,NA,NA
285.741,1.9641,10.2838,1.1485,13.7584,NA,NA,NA,NA,NA,NA,NA,NA,NA,NA,NA,NA
285.840,1.9641,10.2838,1.1480,13.7014,NA,NA,NA,NA,NA,NA,NA,NA,NA,NA,NA,NA
285.942,1.9579,9.9357,1.1474,13.6405,NA,NA,NA,NA,NA,NA,NA,NA,NA,NA,NA,NA
286.075,1.9524,9.6286,1.1474,13.6405,NA,NA,NA,NA,NA,NA,NA,NA,NA,NA,NA,NA
286.133,1.9509,9.5438,1.1459,13.4916,NA,NA,NA,NA,NA,NA,NA,NA,NA,NA,NA,NA
286.232,1.9503,9.5126,1.1442,13.3253,NA,NA,NA,NA,NA,NA,NA,NA,NA,NA,NA,NA
286.325,1.9423,9.0586,1.1431,13.2232,NA,NA,NA,NA,NA,NA,NA,NA,NA,NA,NA,NA
286.426,1.9566,9.8646,1.1449,13.3948,NA,NA,NA,NA,NA,NA,NA,NA,NA,NA,NA,NA
286.523,1.9922,11.8617,1.1495,13.8522,NA,NA,NA,NA,NA,NA,NA,NA,NA,NA,NA,NA
286.625,2.0319,14.0930,1.1638,15.2698,NA,NA,NA,NA,NA,NA,NA,NA,NA,NA,NA,NA
286.720,2.0514,15.1893,1.1728,16.1636,NA,NA,NA,NA,NA,NA,NA,NA,NA,NA,NA,NA
286.825,2.0786,16.7142,1.1769,16.5711,NA,NA,NA,NA,NA,NA,NA,NA,NA,NA,NA,NA
286.921,2.0826,16.9417,1.1794,16.8102,NA,NA,NA,NA,NA,NA,NA,NA,NA,NA,NA,NA
287.012,2.0864,17.1512,1.1807,16.9412,NA,NA,NA,NA,NA,NA,NA,NA,NA,NA,NA,NA
287.107,2.0864,17.1512,1.1807,16.9412,NA,NA,NA,NA,NA,NA,NA,NA,NA,NA,NA,NA
287.205,2.0789,16.7298,1.1796,16.8311,NA,NA,NA,NA,NA,NA,NA,NA,NA,NA,NA,NA
287.308,2.0762,16.5806,1.1796,16.8311,NA,NA,NA,NA,NA,NA,NA,NA,NA,NA,NA,NA
287.401,2.0707,16.2681,1.1780,16.6721,NA,NA,NA,NA,NA,NA,NA,NA,NA,NA,NA,NA
287.502,2.0614,15.7503,1.1762,16.4998,NA,NA,NA,NA,NA,NA,NA,NA,NA,NA,NA,NA
287.633,2.0613,15.7409,1.1746,16.3427,NA,NA,NA,NA,NA,NA,NA,NA,NA,NA,NA,NA
287.695,2.0527,15.2624,1.1715,16.0280,NA,NA,NA,NA,NA,NA,NA,NA,NA,NA,NA,NA
287.817,2.0504,15.1328,1.1699,15.8735,NA,NA,NA,NA,NA,NA,NA,NA,NA,NA,NA,NA
287.897,2.0429,14.7113,1.1682,15.7021,NA,NA,NA,NA,NA,NA,NA,NA,NA,NA,NA,NA
287.987,2.0408,14.5921,1.1669,15.5768,NA,NA,NA,NA,NA,NA,NA,NA,NA,NA,NA,NA
288.091,2.0300,13.9859,1.1655,15.4363,NA,NA,NA,NA,NA,NA,NA,NA,NA,NA,NA,NA
288.193,2.0253,13.7212,1.1639,15.2776,NA,NA,NA,NA,NA,NA,NA,NA,NA,NA,NA,NA
288.286,2.0251,13.7094,1.1623,15.1167,NA,NA,NA,NA,NA,NA,NA,NA,NA,NA,NA,NA
288.381,2.0195,13.3952,1.1615,15.0445,NA,NA,NA,NA,NA,NA,NA,NA,NA,NA,NA,NA
288.479,2.0142,13.0987,1.1583,14.7230,NA,NA,NA,NA,NA,NA,NA,NA,NA,NA,NA,NA
288.580,2.0126,13.0077,1.1573,14.6226,NA,NA,NA,NA,NA,NA,NA,NA,NA,NA,NA,NA
288.679,2.0126,13.0077,1.1563,14.5281,NA,NA,NA,NA,NA,NA,NA,NA,NA,NA,NA,NA
288.772,2.0047,12.5637,1.1563,14.5281,NA,NA,NA,NA,NA,NA,NA,NA,NA,NA,NA,NA
288.871,2.0030,12.4719,1.1562,14.5149,NA,NA,NA,NA,NA,NA,NA,NA,NA,NA,NA,NA
288.975,2.0000,12.2985,1.1551,14.4033,NA,NA,NA,NA,NA,NA,NA,NA,NA,NA,NA,NA
289.065,1.9986,12.2241,1.1539,14.2840,NA,NA,NA,NA,NA,NA,NA,NA,NA,NA,NA,NA
289.169,1.9986,12.2241,1.1537,14.2671,NA,NA,NA,NA,NA,NA,NA,NA,NA,NA,NA,NA
289.265,1.9940,11.9657,1.1521,14.1107,NA,NA,NA,NA,NA,NA,NA,NA,NA,NA,NA,NA
289.368,1.9926,11.8852,1.1516,14.0649,NA,NA,NA,NA,NA,NA,NA,NA,NA,NA,NA,NA
289.465,1.9902,11.7496,1.1516,14.0570,NA,NA,NA,NA,NA,NA,NA,NA,NA,NA,NA,NA
289.556,1.9892,11.6949,1.1511,14.0068,NA,NA,NA,NA,NA,NA,NA,NA,NA,NA,NA,NA
289.664,1.9847,11.4418,1.1505,13.9526,NA,NA,NA,NA,NA,NA,NA,NA,NA,NA,NA,NA
289.760,1.9834,11.3672,1.1490,13.8054,NA,NA,NA,NA,NA,NA,NA,NA,NA,NA,NA,NA
289.860,1.9834,11.3672,1.1480,13.7076,NA,NA,NA,NA,NA,NA,NA,NA,NA,NA,NA,NA
289.953,1.9802,11.1898,1.1472,13.6241,NA,NA,NA,NA,NA,NA,NA,NA,NA,NA,NA,NA
290.051,1.9744,10.8629,1.1445,13.3609,NA,NA,NA,NA,NA,NA,NA,NA,NA,NA,NA,NA
290.149,1.9686,10.5387,1.1443,13.3394,NA,NA,NA,NA,NA,NA,NA,NA,NA,NA,NA,NA
290.263,1.9677,10.4846,1.1428,13.1864,NA,NA,NA,NA,NA,NA,NA,NA,NA,NA,NA,NA
290.345,1.9635,10.2505,1.1421,13.1157,NA,NA,NA,NA,NA,NA,NA,NA,NA,NA,NA,NA
290.445,1.9634,10.2467,1.1414,13.0498,NA,NA,NA,NA,NA,NA,NA,NA,NA,NA,NA,NA
290.536,1.9609,10.1082,1.1405,12.9614,NA,NA,NA,NA,NA,NA,NA,NA,NA,NA,NA,NA
290.633,1.9609,10.1082,1.1396,12.8712,NA,NA,NA,NA,NA,NA,NA,NA,NA,NA,NA,NA
290.783,1.9581,9.9456,1.1384,12.7550,NA,NA,NA,NA,NA,NA,NA,NA,NA,NA,NA,NA
290.828,1.9573,9.9049,1.1378,12.6951,NA,NA,NA,NA,NA,NA,NA,NA,NA,NA,NA,NA
290.927,1.9526,9.6378,1.1358,12.4963,NA,NA,NA,NA,NA,NA,NA,NA,NA,NA,NA,NA
291.022,1.9528,9.6484,1.1358,12.4935,NA,NA,NA,NA,NA,NA,NA,NA,NA,NA,NA,NA
291.131,1.9528,9.6484,1.1349,12.4051,NA,NA,NA,NA,NA,NA,NA,NA,NA,NA,NA,NA
291.225,1.9490,9.4393,1.1334,12.2614,NA,NA,NA,NA,NA,NA,NA,NA,NA,NA,NA,NA
291.325,1.9490,9.4393,1.1327,12.1900,NA,NA,NA,NA,NA,NA,NA,NA,NA,NA,NA,NA
291.416,1.9472,9.3388,1.1292,11.8429,NA,NA,NA,NA,NA,NA,NA,NA,NA,NA,NA,NA
291.517,1.9472,9.3388,1.1291,11.8313,NA,NA,NA,NA,NA,NA,NA,NA,NA,NA,NA,NA
291.618,1.9392,8.8871,1.1286,11.7855,NA,NA,NA,NA,NA,NA,NA,NA,NA,NA,NA,NA
291.719,1.9361,8.7151,1.1286,11.7855,NA,NA,NA,NA,NA,NA,NA,NA,NA,NA,NA,NA
291.808,1.9350,8.6507,1.1262,11.5414,NA,NA,NA,NA,NA,NA,NA,NA,NA,NA,NA,NA
291.912,1.9370,8.7616,1.1262,11.5414,NA,NA,NA,NA,NA,NA,NA,NA,NA,NA,NA,NA
292.073,1.9370,8.7616,1.1261,11.5394,NA,NA,NA,NA,NA,NA,NA,NA,NA,NA,NA,NA
292.100,1.9348,8.6418,1.1252,11.4417,NA,NA,NA,NA,NA,NA,NA,NA,NA,NA,NA,NA
292.206,1.9336,8.5727,1.1244,11.3701,NA,NA,NA,NA,NA,NA,NA,NA,NA,NA,NA,NA
292.303,1.9288,8.3046,1.1242,11.3495,NA,NA,NA,NA,NA,NA,NA,NA,NA,NA,NA,NA
292.400,1.9272,8.2137,1.1242,11.3495,NA,NA,NA,NA,NA,NA,NA,NA,NA,NA,NA,NA
292.500,1.9251,8.0947,1.1232,11.2440,NA,NA,NA,NA,NA,NA,NA,NA,NA,NA,NA,NA
292.591,1.9279,8.2511,1.1236,11.2861,NA,NA,NA,NA,NA,NA,NA,NA,NA,NA,NA,NA
292.687,1.9279,8.2511,1.1236,11.2861,NA,NA,NA,NA,NA,NA,NA,NA,NA,NA,NA,NA
292.798,1.9220,7.9196,1.1213,11.0615,NA,NA,NA,NA,NA,NA,NA,NA,NA,NA,NA,NA
292.882,1.9216,7.9008,1.1210,11.0327,NA,NA,NA,NA,NA,NA,NA,NA,NA,NA,NA,NA
292.986,1.9220,7.9228,1.1214,11.0667,NA,NA,NA,NA,NA,NA,NA,NA,NA,NA,NA,NA
293.090,1.9220,7.9228,1.1214,11.0667,NA,NA,NA,NA,NA,NA,NA,NA,NA,NA,NA,NA
293.255,1.9180,7.6959,1.1206,10.9922,NA,NA,NA,NA,NA,NA,NA,NA,NA,NA,NA,NA
293.286,1.9180,7.6959,1.1204,10.9741,NA,NA,NA,NA,NA,NA,NA,NA,NA,NA,NA,NA
293.376,1.9178,7.6860,1.1203,10.9594,NA,NA,NA,NA,NA,NA,NA,NA,NA,NA,NA,NA
293.474,1.9191,7.7607,1.1196,10.8935,NA,NA,NA,NA,NA,NA,NA,NA,NA,NA,NA,NA
293.569,1.9191,7.7607,1.1194,10.8728,NA,NA,NA,NA,NA,NA,NA,NA,NA,NA,NA,NA
293.670,1.9159,7.5801,1.1188,10.8147,NA,NA,NA,NA,NA,NA,NA,NA,NA,NA,NA,NA
293.833,1.9159,7.5801,1.1176,10.6972,NA,NA,NA,NA,NA,NA,NA,NA,NA,NA,NA,NA
293.880,1.9129,7.4106,1.1172,10.6490,NA,NA,NA,NA,NA,NA,NA,NA,NA,NA,NA,NA
293.971,1.9115,7.3290,1.1166,10.5917,NA,NA,NA,NA,NA,NA,NA,NA,NA,NA,NA,NA
294.068,1.9068,7.0695,1.1163,10.5679,NA,NA,NA,NA,NA,NA,NA,NA,NA,NA,NA,NA
294.159,1.9080,7.1338,1.1160,10.5375,NA,NA,NA,NA,NA,NA,NA,NA,NA,NA,NA,NA
294.273,1.9080,7.1338,1.1156,10.4954,NA,NA,NA,NA,NA,NA,NA,NA,NA,NA,NA,NA
294.411,1.9062,7.0346,1.1153,10.4657,NA,NA,NA,NA,NA,NA,NA,NA,NA,NA,NA,NA
294.454,1.9062,7.0346,1.1151,10.4420,NA,NA,NA,NA,NA,NA,NA,NA,NA,NA,NA,NA
294.551,1.9057,7.0066,1.1148,10.4200,NA,NA,NA,NA,NA,NA,NA,NA,NA,NA,NA,NA
294.661,1.9057,7.0066,1.1147,10.4035,NA,NA,NA,NA,NA,NA,NA,NA,NA,NA,NA,NA
294.750,1.9041,6.9158,1.1146,10.3917,NA,NA,NA,NA,NA,NA,NA,NA,NA,NA,NA,NA
294.841,1.9021,6.8011,1.1140,10.3417,NA,NA,NA,NA,NA,NA,NA,NA,NA,NA,NA,NA
294.996,1.9021,6.8011,1.1131,10.2480,NA,NA,NA,NA,NA,NA,NA,NA,NA,NA,NA,NA
295.043,1.8999,6.6780,1.1128,10.2165,NA,NA,NA,NA,NA,NA,NA,NA,NA,NA,NA,NA
295.140,1.8999,6.6780,1.1125,10.1926,NA,NA,NA,NA,NA,NA,NA,NA,NA,NA,NA,NA
295.246,1.8987,6.6115,1.1102,9.9629,NA,NA,NA,NA,NA,NA,NA,NA,NA,NA,NA,NA
295.331,1.8987,6.6115,1.1099,9.9353,NA,NA,NA,NA,NA,NA,NA,NA,NA,NA,NA,NA
295.436,1.8882,6.0228,1.1091,9.8564,NA,NA,NA,NA,NA,NA,NA,NA,NA,NA,NA,NA
295.537,1.8879,6.0084,1.1089,9.8327,NA,NA,NA,NA,NA,NA,NA,NA,NA,NA,NA,NA
295.667,1.8829,5.7284,1.1084,9.7825,NA,NA,NA,NA,NA,NA,NA,NA,NA,NA,NA,NA
295.726,1.8835,5.7579,1.1072,9.6611,NA,NA,NA,NA,NA,NA,NA,NA,NA,NA,NA,NA
295.827,1.8848,5.8313,1.1065,9.5967,NA,NA,NA,NA,NA,NA,NA,NA,NA,NA,NA,NA
295.921,1.8848,5.8313,1.1056,9.5014,NA,NA,NA,NA,NA,NA,NA,NA,NA,NA,NA,NA
296.021,1.8809,5.6111,1.1045,9.3961,NA,NA,NA,NA,NA,NA,NA,NA,NA,NA,NA,NA
296.115,1.8803,5.5812,1.1039,9.3362,NA,NA,NA,NA,NA,NA,NA,NA,NA,NA,NA,NA
296.213,1.8811,5.6261,1.1035,9.3013,NA,NA,NA,NA,NA,NA,NA,NA,NA,NA,NA,NA
296.321,1.8818,5.6654,1.1035,9.3013,NA,NA,NA,NA,NA,NA,NA,NA,NA,NA,NA,NA
296.417,1.8818,5.6654,1.1023,9.1745,NA,NA,NA,NA,NA,NA,NA,NA,NA,NA,NA,NA
296.508,1.8804,5.5875,1.1017,9.1137,NA,NA,NA,NA,NA,NA,NA,NA,NA,NA,NA,NA
296.605,1.8804,5.5871,1.1007,9.0157,NA,NA,NA,NA,NA,NA,NA,NA,NA,NA,NA,NA
296.706,1.8797,5.5438,1.1006,9.0073,NA,NA,NA,NA,NA,NA,NA,NA,NA,NA,NA,NA
296.814,1.8783,5.4677,1.1006,9.0073,NA,NA,NA,NA,NA,NA,NA,NA,NA,NA,NA,NA
296.900,1.8766,5.3704,1.0983,8.7861,NA,NA,NA,NA,NA,NA,NA,NA,NA,NA,NA,NA
297.000,1.8764,5.3630,1.0981,8.7662,NA,NA,NA,NA,NA,NA,NA,NA,NA,NA,NA,NA
297.102,1.8764,5.3630,1.0970,8.6506,NA,NA,NA,NA,NA,NA,NA,NA,NA,NA,NA,NA
297.192,1.8753,5.2990,1.0971,8.6630,NA,NA,NA,NA,NA,NA,NA,NA,NA,NA,NA,NA
297.300,1.8738,5.2120,1.0971,8.6630,NA,NA,NA,NA,NA,NA,NA,NA,NA,NA,NA,NA
297.450,1.8738,5.2120,1.0970,8.6575,NA,NA,NA,NA,NA,NA,NA,NA,NA,NA,NA,NA
297.492,1.8669,4.8275,1.0966,8.6178,NA,NA,NA,NA,NA,NA,NA,NA,NA,NA,NA,NA
297.586,1.8688,4.9347,1.0965,8.6003,NA,NA,NA,NA,NA,NA,NA,NA,NA,NA,NA,NA
297.680,1.8696,4.9768,1.0963,8.5844,NA,NA,NA,NA,NA,NA,NA,NA,NA,NA,NA,NA
297.777,1.8696,4.9768,1.0958,8.5296,NA,NA,NA,NA,NA,NA,NA,NA,NA,NA,NA,NA
297.882,1.8672,4.8446,1.0958,8.5296,NA,NA,NA,NA,NA,NA,NA,NA,NA,NA,NA,NA
297.976,1.8672,4.8446,1.0949,8.4473,NA,NA,NA,NA,NA,NA,NA,NA,NA,NA,NA,NA
298.079,1.8678,4.8770,1.0932,8.2728,NA,NA,NA,NA,NA,NA,NA,NA,NA,NA,NA,NA
298.171,1.8678,4.8770,1.0928,8.2325,NA,NA,NA,NA,NA,NA,NA,NA,NA,NA,NA,NA
298.268,1.8633,4.6250,1.0918,8.1332,NA,NA,NA,NA,NA,NA,NA,NA,NA,NA,NA,NA
298.369,1.8623,4.5676,1.0917,8.1285,NA,NA,NA,NA,NA,NA,NA,NA,NA,NA,NA,NA
298.469,1.8608,4.4829,1.0914,8.1024,NA,NA,NA,NA,NA,NA,NA,NA,NA,NA,NA,NA
298.563,1.8672,4.8451,1.0896,7.9247,NA,NA,NA,NA,NA,NA,NA,NA,NA,NA,NA,NA
298.687,1.8672,4.8451,1.0896,7.9247,NA,NA,NA,NA,NA,NA,NA,NA,NA,NA,NA,NA
298.760,1.8653,4.7387,1.0897,7.9320,NA,NA,NA,NA,NA,NA,NA,NA,NA,NA,NA,NA
298.857,1.8653,4.7387,1.0899,7.9453,NA,NA,NA,NA,NA,NA,NA,NA,NA,NA,NA,NA
298.952,1.8609,4.4895,1.0899,7.9453,NA,NA,NA,NA,NA,NA,NA,NA,NA,NA,NA,NA
299.062,1.8592,4.3964,1.0896,7.9152,NA,NA,NA,NA,NA,NA,NA,NA,NA,NA,NA,NA
299.156,1.8591,4.3873,1.0894,7.9025,NA,NA,NA,NA,NA,NA,NA,NA,NA,NA,NA,NA
299.248,1.8588,4.3713,1.0891,7.8666,NA,NA,NA,NA,NA,NA,NA,NA,NA,NA,NA,NA
299.353,1.8589,4.3768,1.0890,7.8630,NA,NA,NA,NA,NA,NA,NA,NA,NA,NA,NA,NA
299.443,1.8600,4.4426,1.0888,7.8435,NA,NA,NA,NA,NA,NA,NA,NA,NA,NA,NA,NA
299.540,1.8600,4.4426,1.0885,7.8115,NA,NA,NA,NA,NA,NA,NA,NA,NA,NA,NA,NA
299.645,1.8567,4.2533,1.0878,7.7454,NA,NA,NA,NA,NA,NA,NA,NA,NA,NA,NA,NA
299.781,1.8523,4.0078,1.0876,7.7199,NA,NA,NA,NA,NA,NA,NA,NA,NA,NA,NA,NA
299.834,1.8519,3.9848,1.0873,7.6933,NA,NA,NA,NA,NA,NA,NA,NA,NA,NA,NA,NA
299.931,1.8541,4.1069,1.0863,7.5904,NA,NA,NA,NA,NA,NA,NA,NA,NA,NA,NA,NA
300.029,1.8541,4.1069,1.0865,7.6103,NA,NA,NA,NA,NA,NA,NA,NA,NA,NA,NA,NA
300.128,1.8541,4.1067,1.0865,7.6103,NA,NA,NA,NA,NA,NA,NA,NA,NA,NA,NA,NA
300.226,1.8541,4.1067,1.0851,7.4766,NA,NA,NA,NA,NA,NA,NA,NA,NA,NA,NA,NA
300.328,1.8520,3.9904,1.0851,7.4766,NA,NA,NA,NA,NA,NA,NA,NA,NA,NA,NA,NA
300.456,1.8520,3.9904,1.0843,7.3961,NA,NA,NA,NA,NA,NA,NA,NA,NA,NA,NA,NA
300.521,1.8491,3.8266,1.0839,7.3541,NA,NA,NA,NA,NA,NA,NA,NA,NA,NA,NA,NA
300.617,1.8460,3.6550,1.0827,7.2368,NA,NA,NA,NA,NA,NA,NA,NA,NA,NA,NA,NA
300.721,1.8460,3.6550,1.0820,7.1652,NA,NA,NA,NA,NA,NA,NA,NA,NA,NA,NA,NA
300.820,1.8506,3.9118,1.0820,7.1652,NA,NA,NA,NA,NA,NA,NA,NA,NA,NA,NA,NA
300.959,1.8506,3.9118,1.0819,7.1561,NA,NA,NA,NA,NA,NA,NA,NA,NA,NA,NA,NA
301.026,1.8494,3.8426,1.0810,7.0671,NA,NA,NA,NA,NA,NA,NA,NA,NA,NA,NA,NA
301.112,1.8494,3.8426,1.0810,7.0658,NA,NA,NA,NA,NA,NA,NA,NA,NA,NA,NA,NA
301.215,1.8444,3.5657,1.0800,6.9670,NA,NA,NA,NA,NA,NA,NA,NA,NA,NA,NA,NA
301.309,1.8417,3.4143,1.0791,6.8820,NA,NA,NA,NA,NA,NA,NA,NA,NA,NA,NA,NA
301.404,1.8475,3.7389,1.0792,6.8895,NA,NA,NA,NA,NA,NA,NA,NA,NA,NA,NA,NA
301.501,1.8777,5.4363,1.0825,7.2158,NA,NA,NA,NA,NA,NA,NA,NA,NA,NA,NA,NA
301.628,1.8975,6.5462,1.0939,8.3415,NA,NA,NA,NA,NA,NA,NA,NA,NA,NA,NA,NA
301.716,1.9432,9.1144,1.1049,9.4360,NA,NA,NA,NA,NA,NA,NA,NA,NA,NA,NA,NA
301.792,1.9646,10.3130,1.1121,10.1484,NA,NA,NA,NA,NA,NA,NA,NA,NA,NA,NA,NA
301.909,1.9964,12.0988,1.1220,11.1313,NA,NA,NA,NA,NA,NA,NA,NA,NA,NA,NA,NA
301.993,2.0108,12.9088,1.1300,11.9196,NA,NA,NA,NA,NA,NA,NA,NA,NA,NA,NA,NA
302.090,2.0279,13.8665,1.1389,12.8039,NA,NA,NA,NA,NA,NA,NA,NA,NA,NA,NA,NA
302.185,2.0514,15.1882,1.1440,13.3066,NA,NA,NA,NA,NA,NA,NA,NA,NA,NA,NA,NA
302.292,2.0676,16.0981,1.1508,13.9817,NA,NA,NA,NA,NA,NA,NA,NA,NA,NA,NA,NA
302.381,2.0895,17.3241,1.1551,14.4083,NA,NA,NA,NA,NA,NA,NA,NA,NA,NA,NA,NA
302.480,2.1020,18.0266,1.1637,15.2604,NA,NA,NA,NA,NA,NA,NA,NA,NA,NA,NA,NA
302.579,2.1326,19.7470,1.1710,15.9804,NA,NA,NA,NA,NA,NA,NA,NA,NA,NA,NA,NA
302.675,2.1419,20.2693,1.1757,16.4444,NA,NA,NA,NA,NA,NA,NA,NA,NA,NA,NA,NA
302.773,2.1573,21.1354,1.1817,17.0413,NA,NA,NA,NA,NA,NA,NA,NA,NA,NA,NA,NA
302.880,2.1695,21.8159,1.1870,17.5702,NA,NA,NA,NA,NA,NA,NA,NA,NA,NA,NA,NA
302.994,2.1901,22.9732,1.1927,18.1319,NA,NA,NA,NA,NA,NA,NA,NA,NA,NA,NA,NA
303.067,2.1969,23.3578,1.1987,18.7281,NA,NA,NA,NA,NA,NA,NA,NA,NA,NA,NA,NA
303.168,2.2068,23.9120,1.2020,19.0487,NA,NA,NA,NA,NA,NA,NA,NA,NA,NA,NA,NA
303.265,2.2068,23.9120,1.2026,19.1111,NA,NA,NA,NA,NA,NA,NA,NA,NA,NA,NA,NA
303.419,2.2064,23.8903,1.2041,19.2605,NA,NA,NA,NA,NA,NA,NA,NA,NA,NA,NA,NA
303.456,2.2034,23.7196,1.2054,19.3929,NA,NA,NA,NA,NA,NA,NA,NA,NA,NA,NA,NA
303.562,2.2004,23.5541,1.2056,19.4089,NA,NA,NA,NA,NA,NA,NA,NA,NA,NA,NA,NA
303.660,2.1903,22.9858,1.2056,19.4089,NA,NA,NA,NA,NA,NA,NA,NA,NA,NA,NA,NA
303.760,2.1860,22.7440,1.2044,19.2897,NA,NA,NA,NA,NA,NA,NA,NA,NA,NA,NA,NA
303.858,2.1695,21.8193,1.2028,19.1316,NA,NA,NA,NA,NA,NA,NA,NA,NA,NA,NA,NA
303.948,2.1663,21.6372,1.2014,18.9944,NA,NA,NA,NA,NA,NA,NA,NA,NA,NA,NA,NA
304.050,2.1485,20.6403,1.2008,18.9312,NA,NA,NA,NA,NA,NA,NA,NA,NA,NA,NA,NA
304.143,2.1355,19.9108,1.1979,18.6509,NA,NA,NA,NA,NA,NA,NA,NA,NA,NA,NA,NA
304.238,2.1298,19.5889,1.1950,18.3581,NA,NA,NA,NA,NA,NA,NA,NA,NA,NA,NA,NA
304.347,2.1252,19.3311,1.1919,18.0548,NA,NA,NA,NA,NA,NA,NA,NA,NA,NA,NA,NA
304.441,2.1174,18.8930,1.1879,17.6579,NA,NA,NA,NA,NA,NA,NA,NA,NA,NA,NA,NA
304.535,2.1114,18.5558,1.1864,17.5065,NA,NA,NA,NA,NA,NA,NA,NA,NA,NA,NA,NA
304.651,2.1079,18.3571,1.1837,17.2439,NA,NA,NA,NA,NA,NA,NA,NA,NA,NA,NA,NA
304.740,2.1059,18.2471,1.1812,16.9915,NA,NA,NA,NA,NA,NA,NA,NA,NA,NA,NA,NA
304.830,2.1047,18.1803,1.1800,16.8741,NA,NA,NA,NA,NA,NA,NA,NA,NA,NA,NA,NA
304.934,2.0996,17.8960,1.1776,16.6376,NA,NA,NA,NA,NA,NA,NA,NA,NA,NA,NA,NA
305.023,2.0971,17.7552,1.1743,16.3122,NA,NA,NA,NA,NA,NA,NA,NA,NA,NA,NA,NA
305.128,2.0971,17.7552,1.1734,16.2159,NA,NA,NA,NA,NA,NA,NA,NA,NA,NA,NA,NA
305.258,2.0926,17.5014,1.1728,16.1613,NA,NA,NA,NA,NA,NA,NA,NA,NA,NA,NA,NA
305.320,2.0926,17.5014,1.1725,16.1352,NA,NA,NA,NA,NA,NA,NA,NA,NA,NA,NA,NA
305.417,2.0845,17.0431,1.1713,16.0093,NA,NA,NA,NA,NA,NA,NA,NA,NA,NA,NA,NA
305.517,2.0845,17.0431,1.1709,15.9746,NA,NA,NA,NA,NA,NA,NA,NA,NA,NA,NA,NA
305.611,2.0776,16.6597,1.1693,15.8181,NA,NA,NA,NA,NA,NA,NA,NA,NA,NA,NA,NA
305.723,2.0750,16.5136,1.1693,15.8104,NA,NA,NA,NA,NA,NA,NA,NA,NA,NA,NA,NA
305.828,2.0708,16.2744,1.1689,15.7723,NA,NA,NA,NA,NA,NA,NA,NA,NA,NA,NA,NA
305.906,2.0695,16.2038,1.1679,15.6746,NA,NA,NA,NA,NA,NA,NA,NA,NA,NA,NA,NA
306.015,2.0684,16.1439,1.1663,15.5206,NA,NA,NA,NA,NA,NA,NA,NA,NA,NA,NA,NA
306.104,2.0664,16.0313,1.1658,15.4699,NA,NA,NA,NA,NA,NA,NA,NA,NA,NA,NA,NA
306.198,2.0664,16.0313,1.1657,15.4613,NA,NA,NA,NA,NA,NA,NA,NA,NA,NA,NA,NA
306.308,2.0615,15.7548,1.1652,15.4040,NA,NA,NA,NA,NA,NA,NA,NA,NA,NA,NA,NA
306.400,2.0570,15.4990,1.1651,15.4005,NA,NA,NA,NA,NA,NA,NA,NA,NA,NA,NA,NA
306.492,2.0549,15.3836,1.1644,15.3332,NA,NA,NA,NA,NA,NA,NA,NA,NA,NA,NA,NA
306.595,2.0494,15.0774,1.1636,15.2524,NA,NA,NA,NA,NA,NA,NA,NA,NA,NA,NA,NA
306.689,2.0494,15.0774,1.1631,15.2024,NA,NA,NA,NA,NA,NA,NA,NA,NA,NA,NA,NA
306.785,2.0417,14.6414,1.1621,15.0962,NA,NA,NA,NA,NA,NA,NA,NA,NA,NA,NA,NA
306.885,2.0417,14.6414,1.1602,14.9132,NA,NA,NA,NA,NA,NA,NA,NA,NA,NA,NA,NA
306.992,2.0452,14.8363,1.1591,14.8057,NA,NA,NA,NA,NA,NA,NA,NA,NA,NA,NA,NA
307.086,2.0452,14.8363,1.1585,14.7448,NA,NA,NA,NA,NA,NA,NA,NA,NA,NA,NA,NA
307.178,2.0403,14.5611,1.1566,14.5555,NA,NA,NA,NA,NA,NA,NA,NA,NA,NA,NA,NA
307.282,2.0341,14.2133,1.1562,14.5138,NA,NA,NA,NA,NA,NA,NA,NA,NA,NA,NA,NA
307.376,2.0336,14.1895,1.1557,14.4662,NA,NA,NA,NA,NA,NA,NA,NA,NA,NA,NA,NA
307.481,2.0326,14.1304,1.1539,14.2916,NA,NA,NA,NA,NA,NA,NA,NA,NA,NA,NA,NA
307.641,2.0457,14.8684,1.1550,14.3966,NA,NA,NA,NA,NA,NA,NA,NA,NA,NA,NA,NA
307.674,2.0844,17.0426,1.1627,15.1581,NA,NA,NA,NA,NA,NA,NA,NA,NA,NA,NA,NA
307.768,2.1114,18.5570,1.1701,15.8963,NA,NA,NA,NA,NA,NA,NA,NA,NA,NA,NA,NA
307.862,2.1326,19.7477,1.1813,17.0020,NA,NA,NA,NA,NA,NA,NA,NA,NA,NA,NA,NA
307.962,2.1421,20.2820,1.1859,17.4596,NA,NA,NA,NA,NA,NA,NA,NA,NA,NA,NA,NA
308.060,2.1468,20.5442,1.1880,17.6623,NA,NA,NA,NA,NA,NA,NA,NA,NA,NA,NA,NA
308.159,2.1519,20.8325,1.1892,17.7841,NA,NA,NA,NA,NA,NA,NA,NA,NA,NA,NA,NA
308.285,2.1519,20.8325,1.1921,18.0760,NA,NA,NA,NA,NA,NA,NA,NA,NA,NA,NA,NA
308.354,2.1502,20.7362,1.1928,18.1433,NA,NA,NA,NA,NA,NA,NA,NA,NA,NA,NA,NA
308.450,2.1458,20.4902,1.1928,18.1433,NA,NA,NA,NA,NA,NA,NA,NA,NA,NA,NA,NA
308.549,2.1448,20.4329,1.1898,17.8474,NA,NA,NA,NA,NA,NA,NA,NA,NA,NA,NA,NA
308.656,2.1397,20.1444,1.1893,17.7937,NA,NA,NA,NA,NA,NA,NA,NA,NA,NA,NA,NA
308.744,2.1274,19.4565,1.1887,17.7318,NA,NA,NA,NA,NA,NA,NA,NA,NA,NA,NA,NA
308.843,2.1274,19.4565,1.1861,17.4797,NA,NA,NA,NA,NA,NA,NA,NA,NA,NA,NA,NA
308.952,2.1156,18.7917,1.1832,17.1926,NA,NA,NA,NA,NA,NA,NA,NA,NA,NA,NA,NA
309.039,2.1097,18.4582,1.1803,16.9027,NA,NA,NA,NA,NA,NA,NA,NA,NA,NA,NA,NA
309.136,2.0982,17.8165,1.1794,16.8169,NA,NA,NA,NA,NA,NA,NA,NA,NA,NA,NA,NA
309.240,2.0944,17.5990,1.1757,16.4495,NA,NA,NA,NA,NA,NA,NA,NA,NA,NA,NA,NA
309.340,2.0888,17.2845,1.1738,16.2619,NA,NA,NA,NA,NA,NA,NA,NA,NA,NA,NA,NA
309.458,2.0863,17.1472,1.1729,16.1705,NA,NA,NA,NA,NA,NA,NA,NA,NA,NA,NA,NA
309.528,2.0855,17.1022,1.1718,16.0569,NA,NA,NA,NA,NA,NA,NA,NA,NA,NA,NA,NA
309.633,2.0787,16.7189,1.1710,15.9840,NA,NA,NA,NA,NA,NA,NA,NA,NA,NA,NA,NA
309.721,2.0787,16.7189,1.1689,15.7751,NA,NA,NA,NA,NA,NA,NA,NA,NA,NA,NA,NA
309.828,2.0717,16.3246,1.1678,15.6656,NA,NA,NA,NA,NA,NA,NA,NA,NA,NA,NA,NA
309.927,2.0693,16.1899,1.1672,15.6062,NA,NA,NA,NA,NA,NA,NA,NA,NA,NA,NA,NA
310.061,2.0672,16.0739,1.1660,15.4852,NA,NA,NA,NA,NA,NA,NA,NA,NA,NA,NA,NA
310.126,2.0591,15.6169,1.1646,15.3488,NA,NA,NA,NA,NA,NA,NA,NA,NA,NA,NA,NA
310.217,2.0568,15.4881,1.1629,15.1806,NA,NA,NA,NA,NA,NA,NA,NA,NA,NA,NA,NA
310.318,2.0504,15.1325,1.1609,14.9818,NA,NA,NA,NA,NA,NA,NA,NA,NA,NA,NA,NA
310.422,2.0489,15.0443,1.1583,14.7230,NA,NA,NA,NA,NA,NA,NA,NA,NA,NA,NA,NA
310.509,2.0422,14.6694,1.1567,14.5711,NA,NA,NA,NA,NA,NA,NA,NA,NA,NA,NA,NA
310.606,2.0409,14.5985,1.1555,14.4501,NA,NA,NA,NA,NA,NA,NA,NA,NA,NA,NA,NA
310.706,2.0322,14.1064,1.1537,14.2710,NA,NA,NA,NA,NA,NA,NA,NA,NA,NA,NA,NA
310.801,2.0286,13.9048,1.1537,14.2710,NA,NA,NA,NA,NA,NA,NA,NA,NA,NA,NA,NA
310.899,2.0262,13.7697,1.1526,14.1621,NA,NA,NA,NA,NA,NA,NA,NA,NA,NA,NA,NA
311.000,2.0292,13.9399,1.1516,14.0613,NA,NA,NA,NA,NA,NA,NA,NA,NA,NA,NA,NA
311.095,2.0292,13.9399,1.1509,13.9894,NA,NA,NA,NA,NA,NA,NA,NA,NA,NA,NA,NA
311.233,2.0246,13.6833,1.1500,13.9026,NA,NA,NA,NA,NA,NA,NA,NA,NA,NA,NA,NA
311.292,2.0234,13.6149,1.1491,13.8176,NA,NA,NA,NA,NA,NA,NA,NA,NA,NA,NA,NA
311.397,2.0217,13.5211,1.1481,13.7132,NA,NA,NA,NA,NA,NA,NA,NA,NA,NA,NA,NA
311.495,2.0217,13.5211,1.1475,13.6532,NA,NA,NA,NA,NA,NA,NA,NA,NA,NA,NA,NA
311.595,2.0163,13.2149,1.1455,13.4562,NA,NA,NA,NA,NA,NA,NA,NA,NA,NA,NA,NA
311.682,2.0368,14.3649,1.1486,13.7654,NA,NA,NA,NA,NA,NA,NA,NA,NA,NA,NA,NA
311.817,2.0565,15.4708,1.1512,14.0248,NA,NA,NA,NA,NA,NA,NA,NA,NA,NA,NA,NA
311.881,2.1039,18.1342,1.1615,15.0380,NA,NA,NA,NA,NA,NA,NA,NA,NA,NA,NA,NA
311.980,2.1376,20.0283,1.1732,16.2013,NA,NA,NA,NA,NA,NA,NA,NA,NA,NA,NA,NA
312.072,2.1734,22.0382,1.1879,17.6567,NA,NA,NA,NA,NA,NA,NA,NA,NA,NA,NA,NA
312.184,2.1850,22.6868,1.1934,18.1974,NA,NA,NA,NA,NA,NA,NA,NA,NA,NA,NA,NA
312.281,2.1903,22.9862,1.1960,18.4617,NA,NA,NA,NA,NA,NA,NA,NA,NA,NA,NA,NA
312.400,2.1931,23.1445,1.1970,18.5589,NA,NA,NA,NA,NA,NA,NA,NA,NA,NA,NA,NA
312.464,2.1931,23.1445,1.1970,18.5589,NA,NA,NA,NA,NA,NA,NA,NA,NA,NA,NA,NA
312.562,2.1853,22.7052,1.1972,18.5765,NA,NA,NA,NA,NA,NA,NA,NA,NA,NA,NA,NA
312.669,2.1853,22.7052,1.1972,18.5765,NA,NA,NA,NA,NA,NA,NA,NA,NA,NA,NA,NA
312.766,2.1744,22.0951,1.1965,18.5116,NA,NA,NA,NA,NA,NA,NA,NA,NA,NA,NA,NA
312.857,2.1744,22.0951,1.1954,18.4038,NA,NA,NA,NA,NA,NA,NA,NA,NA,NA,NA,NA
312.996,2.1631,21.4585,1.1945,18.3110,NA,NA,NA,NA,NA,NA,NA,NA,NA,NA,NA,NA
313.054,2.1551,21.0102,1.1940,18.2577,NA,NA,NA,NA,NA,NA,NA,NA,NA,NA,NA,NA
313.152,2.1467,20.5357,1.1927,18.1337,NA,NA,NA,NA,NA,NA,NA,NA,NA,NA,NA,NA
313.260,2.1383,20.0667,1.1914,18.0031,NA,NA,NA,NA,NA,NA,NA,NA,NA,NA,NA,NA
313.353,2.1358,19.9259,1.1902,17.8813,NA,NA,NA,NA,NA,NA,NA,NA,NA,NA,NA,NA
313.446,2.1265,19.4043,1.1875,17.6183,NA,NA,NA,NA,NA,NA,NA,NA,NA,NA,NA,NA
313.588,2.1265,19.4043,1.1837,17.2354,NA,NA,NA,NA,NA,NA,NA,NA,NA,NA,NA,NA
313.641,2.1238,19.2532,1.1826,17.1267,NA,NA,NA,NA,NA,NA,NA,NA,NA,NA,NA,NA
313.740,2.1203,19.0548,1.1811,16.9858,NA,NA,NA,NA,NA,NA,NA,NA,NA,NA,NA,NA
313.837,2.1156,18.7930,1.1803,16.9069,NA,NA,NA,NA,NA,NA,NA,NA,NA,NA,NA,NA
313.933,2.1154,18.7827,1.1791,16.7885,NA,NA,NA,NA,NA,NA,NA,NA,NA,NA,NA,NA
314.038,2.1069,18.3051,1.1771,16.5892,NA,NA,NA,NA,NA,NA,NA,NA,NA,NA,NA,NA
314.135,2.1068,18.2998,1.1760,16.4799,NA,NA,NA,NA,NA,NA,NA,NA,NA,NA,NA,NA
314.228,2.0962,17.7055,1.1753,16.4096,NA,NA,NA,NA,NA,NA,NA,NA,NA,NA,NA,NA
314.325,2.0930,17.5205,1.1753,16.4096,NA,NA,NA,NA,NA,NA,NA,NA,NA,NA,NA,NA
314.421,2.0865,17.1587,1.1744,16.3185,NA,NA,NA,NA,NA,NA,NA,NA,NA,NA,NA,NA
314.525,2.0918,17.4544,1.1741,16.2916,NA,NA,NA,NA,NA,NA,NA,NA,NA,NA,NA,NA
314.623,2.0918,17.4544,1.1738,16.2612,NA,NA,NA,NA,NA,NA,NA,NA,NA,NA,NA,NA
314.715,2.0872,17.1965,1.1736,16.2416,NA,NA,NA,NA,NA,NA,NA,NA,NA,NA,NA,NA
314.846,2.0852,17.0859,1.1732,16.1992,NA,NA,NA,NA,NA,NA,NA,NA,NA,NA,NA,NA
314.923,2.0800,16.7955,1.1723,16.1104,NA,NA,NA,NA,NA,NA,NA,NA,NA,NA,NA,NA
315.014,2.0775,16.6521,1.1707,15.9478,NA,NA,NA,NA,NA,NA,NA,NA,NA,NA,NA,NA
315.116,2.0711,16.2917,1.1698,15.8680,NA,NA,NA,NA,NA,NA,NA,NA,NA,NA,NA,NA
315.206,2.0711,16.2917,1.1689,15.7726,NA,NA,NA,NA,NA,NA,NA,NA,NA,NA,NA,NA
315.313,2.0687,16.1565,1.1671,15.5968,NA,NA,NA,NA,NA,NA,NA,NA,NA,NA,NA,NA
315.440,2.0677,16.1046,1.1670,15.5841,NA,NA,NA,NA,NA,NA,NA,NA,NA,NA,NA,NA
315.500,2.0676,16.0977,1.1656,15.4451,NA,NA,NA,NA,NA,NA,NA,NA,NA,NA,NA,NA
315.602,2.0637,15.8790,1.1651,15.3958,NA,NA,NA,NA,NA,NA,NA,NA,NA,NA,NA,NA
315.708,2.0635,15.8641,1.1639,15.2821,NA,NA,NA,NA,NA,NA,NA,NA,NA,NA,NA,NA
315.800,2.0564,15.4655,1.1637,15.2610,NA,NA,NA,NA,NA,NA,NA,NA,NA,NA,NA,NA
315.902,2.0564,15.4655,1.1617,15.0595,NA,NA,NA,NA,NA,NA,NA,NA,NA,NA,NA,NA
316.005,2.0518,15.2074,1.1599,14.8806,NA,NA,NA,NA,NA,NA,NA,NA,NA,NA,NA,NA
316.093,2.0488,15.0388,1.1594,14.8349,NA,NA,NA,NA,NA,NA,NA,NA,NA,NA,NA,NA
316.185,2.0488,15.0388,1.1589,14.7813,NA,NA,NA,NA,NA,NA,NA,NA,NA,NA,NA,NA
316.290,2.0460,14.8829,1.1589,14.7813,NA,NA,NA,NA,NA,NA,NA,NA,NA,NA,NA,NA
316.379,2.0460,14.8829,1.1576,14.6549,NA,NA,NA,NA,NA,NA,NA,NA,NA,NA,NA,NA
316.483,2.0430,14.7150,1.1570,14.5986,NA,NA,NA,NA,NA,NA,NA,NA,NA,NA,NA,NA
316.600,2.0374,14.4020,1.1560,14.4989,NA,NA,NA,NA,NA,NA,NA,NA,NA,NA,NA,NA
316.676,2.0349,14.2600,1.1552,14.4167,NA,NA,NA,NA,NA,NA,NA,NA,NA,NA,NA,NA
316.774,2.0332,14.1647,1.1547,14.3722,NA,NA,NA,NA,NA,NA,NA,NA,NA,NA,NA,NA
316.873,2.0332,14.1647,1.1535,14.2482,NA,NA,NA,NA,NA,NA,NA,NA,NA,NA,NA,NA
316.967,2.0280,13.8727,1.1535,14.2482,NA,NA,NA,NA,NA,NA,NA,NA,NA,NA,NA,NA
317.079,2.0277,13.8582,1.1513,14.0278,NA,NA,NA,NA,NA,NA,NA,NA,NA,NA,NA,NA
317.168,2.0224,13.5566,1.1504,13.9423,NA,NA,NA,NA,NA,NA,NA,NA,NA,NA,NA,NA
317.266,2.0224,13.5566,1.1502,13.9175,NA,NA,NA,NA,NA,NA,NA,NA,NA,NA,NA,NA
317.360,2.0209,13.4753,1.1499,13.8894,NA,NA,NA,NA,NA,NA,NA,NA,NA,NA,NA,NA
317.475,2.0209,13.4753,1.1497,13.8756,NA,NA,NA,NA,NA,NA,NA,NA,NA,NA,NA,NA
317.559,2.0167,13.2362,1.1486,13.7661,NA,NA,NA,NA,NA,NA,NA,NA,NA,NA,NA,NA
317.652,2.0184,13.3340,1.1480,13.7034,NA,NA,NA,NA,NA,NA,NA,NA,NA,NA,NA,NA
317.775,2.0184,13.3340,1.1476,13.6638,NA,NA,NA,NA,NA,NA,NA,NA,NA,NA,NA,NA
317.849,2.0187,13.3500,1.1469,13.5921,NA,NA,NA,NA,NA,NA,NA,NA,NA,NA,NA,NA
317.953,2.0187,13.3500,1.1464,13.5441,NA,NA,NA,NA,NA,NA,NA,NA,NA,NA,NA,NA
318.045,2.0129,13.0268,1.1459,13.4976,NA,NA,NA,NA,NA,NA,NA,NA,NA,NA,NA,NA
318.148,2.0066,12.6714,1.1451,13.4178,NA,NA,NA,NA,NA,NA,NA,NA,NA,NA,NA,NA
318.245,2.0042,12.5351,1.1442,13.3297,NA,NA,NA,NA,NA,NA,NA,NA,NA,NA,NA,NA
318.403,2.0051,12.5871,1.1432,13.2287,NA,NA,NA,NA,NA,NA,NA,NA,NA,NA,NA,NA
318.451,2.0056,12.6155,1.1425,13.1606,NA,NA,NA,NA,NA,NA,NA,NA,NA,NA,NA,NA
318.537,2.0091,12.8129,1.1423,13.1412,NA,NA,NA,NA,NA,NA,NA,NA,NA,NA,NA,NA
318.643,2.0091,12.8129,1.1412,13.0261,NA,NA,NA,NA,NA,NA,NA,NA,NA,NA,NA,NA
318.736,2.0049,12.5771,1.1396,12.8706,NA,NA,NA,NA,NA,NA,NA,NA,NA,NA,NA,NA
318.833,2.0035,12.4999,1.1386,12.7781,NA,NA,NA,NA,NA,NA,NA,NA,NA,NA,NA,NA
318.925,2.0027,12.4538,1.1369,12.6086,NA,NA,NA,NA,NA,NA,NA,NA,NA,NA,NA,NA
319.044,2.0007,12.3406,1.1369,12.6086,NA,NA,NA,NA,NA,NA,NA,NA,NA,NA,NA,NA
319.125,1.9996,12.2775,1.1359,12.5048,NA,NA,NA,NA,NA,NA,NA,NA,NA,NA,NA,NA
319.223,1.9995,12.2742,1.1358,12.4921,NA,NA,NA,NA,NA,NA,NA,NA,NA,NA,NA,NA
319.317,1.9995,12.2742,1.1341,12.3249,NA,NA,NA,NA,NA,NA,NA,NA,NA,NA,NA,NA
319.417,1.9984,12.2136,1.1341,12.3249,NA,NA,NA,NA,NA,NA,NA,NA,NA,NA,NA,NA
319.520,1.9984,12.2136,1.1336,12.2734,NA,NA,NA,NA,NA,NA,NA,NA,NA,NA,NA,NA
319.654,1.9946,11.9958,1.1334,12.2577,NA,NA,NA,NA,NA,NA,NA,NA,NA,NA,NA,NA
319.720,1.9927,11.8916,1.1333,12.2506,NA,NA,NA,NA,NA,NA,NA,NA,NA,NA,NA,NA
319.808,1.9915,11.8227,1.1331,12.2271,NA,NA,NA,NA,NA,NA,NA,NA,NA,NA,NA,NA
319.904,1.9883,11.6451,1.1330,12.2165,NA,NA,NA,NA,NA,NA,NA,NA,NA,NA,NA,NA
320.007,1.9883,11.6424,1.1322,12.1375,NA,NA,NA,NA,NA,NA,NA,NA,NA,NA,NA,NA
320.108,1.9810,11.2367,1.1315,12.0727,NA,NA,NA,NA,NA,NA,NA,NA,NA,NA,NA,NA
320.199,1.9789,11.1177,1.1312,12.0377,NA,NA,NA,NA,NA,NA,NA,NA,NA,NA,NA,NA
320.292,1.9795,11.1477,1.1304,11.9643,NA,NA,NA,NA,NA,NA,NA,NA,NA,NA,NA,NA
320.400,1.9795,11.1477,1.1299,11.9110,NA,NA,NA,NA,NA,NA,NA,NA,NA,NA,NA,NA
320.495,1.9788,11.1120,1.1295,11.8717,NA,NA,NA,NA,NA,NA,NA,NA,NA,NA,NA,NA
320.592,1.9788,11.1120,1.1291,11.8277,NA,NA,NA,NA,NA,NA,NA,NA,NA,NA,NA,NA
320.697,1.9739,10.8359,1.1287,11.7978,NA,NA,NA,NA,NA,NA,NA,NA,NA,NA,NA,NA
320.814,1.9739,10.8359,1.1281,11.7326,NA,NA,NA,NA,NA,NA,NA,NA,NA,NA,NA,NA
320.916,1.9699,10.6104,1.1270,11.6204,NA,NA,NA,NA,NA,NA,NA,NA,NA,NA,NA,NA
320.984,1.9699,10.6097,1.1265,11.5727,NA,NA,NA,NA,NA,NA,NA,NA,NA,NA,NA,NA
321.080,1.9664,10.4165,1.1256,11.4825,NA,NA,NA,NA,NA,NA,NA,NA,NA,NA,NA,NA
321.186,1.9663,10.4113,1.1250,11.4308,NA,NA,NA,NA,NA,NA,NA,NA,NA,NA,NA,NA
321.279,1.9661,10.3974,1.1239,11.3215,NA,NA,NA,NA,NA,NA,NA,NA,NA,NA,NA,NA
321.376,1.9672,10.4572,1.1235,11.2739,NA,NA,NA,NA,NA,NA,NA,NA,NA,NA,NA,NA
321.469,1.9672,10.4572,1.1219,11.1237,NA,NA,NA,NA,NA,NA,NA,NA,NA,NA,NA,NA
321.573,1.9638,10.2662,1.1218,11.1076,NA,NA,NA,NA,NA,NA,NA,NA,NA,NA,NA,NA
321.677,1.9638,10.2662,1.1217,11.0968,NA,NA,NA,NA,NA,NA,NA,NA,NA,NA,NA,NA
321.773,1.9595,10.0244,1.1208,11.0132,NA,NA,NA,NA,NA,NA,NA,NA,NA,NA,NA,NA
321.867,1.9595,10.0244,1.1205,10.9785,NA,NA,NA,NA,NA,NA,NA,NA,NA,NA,NA,NA
322.006,1.9586,9.9740,1.1205,10.9835,NA,NA,NA,NA,NA,NA,NA,NA,NA,NA,NA,NA
322.064,1.9566,9.8664,1.1205,10.9835,NA,NA,NA,NA,NA,NA,NA,NA,NA,NA,NA,NA
322.158,1.9555,9.8011,1.1195,10.8781,NA,NA,NA,NA,NA,NA,NA,NA,NA,NA,NA,NA
322.271,1.9537,9.7027,1.1189,10.8251,NA,NA,NA,NA,NA,NA,NA,NA,NA,NA,NA,NA
322.358,1.9537,9.7027,1.1176,10.6902,NA,NA,NA,NA,NA,NA,NA,NA,NA,NA,NA,NA
322.459,1.9504,9.5165,1.1164,10.5775,NA,NA,NA,NA,NA,NA,NA,NA,NA,NA,NA,NA
322.551,1.9492,9.4506,1.1155,10.4829,NA,NA,NA,NA,NA,NA,NA,NA,NA,NA,NA,NA
322.649,1.9492,9.4506,1.1148,10.4127,NA,NA,NA,NA,NA,NA,NA,NA,NA,NA,NA,NA
322.756,1.9477,9.3619,1.1146,10.3984,NA,NA,NA,NA,NA,NA,NA,NA,NA,NA,NA,NA
322.850,1.9477,9.3619,1.1126,10.1984,NA,NA,NA,NA,NA,NA,NA,NA,NA,NA,NA,NA
322.945,1.9469,9.3169,1.1126,10.1984,NA,NA,NA,NA,NA,NA,NA,NA,NA,NA,NA,NA
323.040,1.9469,9.3169,1.1124,10.1772,NA,NA,NA,NA,NA,NA,NA,NA,NA,NA,NA,NA
323.192,1.9422,9.0562,1.1106,9.9991,NA,NA,NA,NA,NA,NA,NA,NA,NA,NA,NA,NA
323.234,1.9413,9.0040,1.1102,9.9572,NA,NA,NA,NA,NA,NA,NA,NA,NA,NA,NA,NA
323.332,1.9390,8.8734,1.1095,9.8923,NA,NA,NA,NA,NA,NA,NA,NA,NA,NA,NA,NA
323.438,1.9393,8.8931,1.1092,9.8610,NA,NA,NA,NA,NA,NA,NA,NA,NA,NA,NA,NA
323.532,1.9393,8.8931,1.1091,9.8478,NA,NA,NA,NA,NA,NA,NA,NA,NA,NA,NA,NA
323.633,1.9387,8.8577,1.1091,9.8478,NA,NA,NA,NA,NA,NA,NA,NA,NA,NA,NA,NA
323.739,1.9387,8.8577,1.1092,9.8611,NA,NA,NA,NA,NA,NA,NA,NA,NA,NA,NA,NA
323.821,1.9339,8.5897,1.1092,9.8655,NA,NA,NA,NA,NA,NA,NA,NA,NA,NA,NA,NA
323.926,1.9339,8.5897,1.1092,9.8655,NA,NA,NA,NA,NA,NA,NA,NA,NA,NA,NA,NA
324.018,1.9307,8.4110,1.1094,9.8817,NA,NA,NA,NA,NA,NA,NA,NA,NA,NA,NA,NA
324.116,1.9323,8.4992,1.1094,9.8817,NA,NA,NA,NA,NA,NA,NA,NA,NA,NA,NA,NA
324.220,1.9323,8.4992,1.1085,9.7896,NA,NA,NA,NA,NA,NA,NA,NA,NA,NA,NA,NA
324.317,1.9300,8.3683,1.1070,9.6440,NA,NA,NA,NA,NA,NA,NA,NA,NA,NA,NA,NA
324.421,1.9288,8.3020,1.1069,9.6326,NA,NA,NA,NA,NA,NA,NA,NA,NA,NA,NA,NA
324.519,1.9262,8.1555,1.1059,9.5358,NA,NA,NA,NA,NA,NA,NA,NA,NA,NA,NA,NA
324.605,1.9262,8.1555,1.1053,9.4787,NA,NA,NA,NA,NA,NA,NA,NA,NA,NA,NA,NA
324.702,1.9250,8.0874,1.1051,9.4521,NA,NA,NA,NA,NA,NA,NA,NA,NA,NA,NA,NA
324.808,1.9250,8.0874,1.1049,9.4345,NA,NA,NA,NA,NA,NA,NA,NA,NA,NA,NA,NA
324.902,1.9221,7.9283,1.1047,9.4160,NA,NA,NA,NA,NA,NA,NA,NA,NA,NA,NA,NA
324.998,1.9221,7.9283,1.1043,9.3755,NA,NA,NA,NA,NA,NA,NA,NA,NA,NA,NA,NA
325.101,1.9218,7.9120,1.1033,9.2789,NA,NA,NA,NA,NA,NA,NA,NA,NA,NA,NA,NA
325.192,1.9225,7.9513,1.1030,9.2462,NA,NA,NA,NA,NA,NA,NA,NA,NA,NA,NA,NA
325.303,1.9225,7.9513,1.1024,9.1902,NA,NA,NA,NA,NA,NA,NA,NA,NA,NA,NA,NA
325.389,1.9213,7.8831,1.1027,9.2181,NA,NA,NA,NA,NA,NA,NA,NA,NA,NA,NA,NA
325.483,1.9213,7.8831,1.1027,9.2181,NA,NA,NA,NA,NA,NA,NA,NA,NA,NA,NA,NA
325.598,1.9187,7.7377,1.1024,9.1869,NA,NA,NA,NA,NA,NA,NA,NA,NA,NA,NA,NA
325.691,1.9161,7.5911,1.1016,9.1056,NA,NA,NA,NA,NA,NA,NA,NA,NA,NA,NA,NA
325.780,1.9159,7.5781,1.1005,8.9978,NA,NA,NA,NA,NA,NA,NA,NA,NA,NA,NA,NA
325.876,1.9091,7.1993,1.0987,8.8220,NA,NA,NA,NA,NA,NA,NA,NA,NA,NA,NA,NA
325.977,1.9091,7.1993,1.0972,8.6761,NA,NA,NA,NA,NA,NA,NA,NA,NA,NA,NA,NA
326.079,1.9067,7.0638,1.0965,8.6082,NA,NA,NA,NA,NA,NA,NA,NA,NA,NA,NA,NA
326.221,1.9067,7.0606,1.0960,8.5497,NA,NA,NA,NA,NA,NA,NA,NA,NA,NA,NA,NA
326.269,1.9058,7.0101,1.0953,8.4817,NA,NA,NA,NA,NA,NA,NA,NA,NA,NA,NA,NA
326.369,1.9059,7.0164,1.0950,8.4599,NA,NA,NA,NA,NA,NA,NA,NA,NA,NA,NA,NA
326.477,1.9063,7.0417,1.0942,8.3808,NA,NA,NA,NA,NA,NA,NA,NA,NA,NA,NA,NA
326.569,1.9063,7.0417,1.0936,8.3146,NA,NA,NA,NA,NA,NA,NA,NA,NA,NA,NA,NA
326.660,1.8988,6.6172,1.0928,8.2353,NA,NA,NA,NA,NA,NA,NA,NA,NA,NA,NA,NA
326.759,1.8965,6.4870,1.0927,8.2316,NA,NA,NA,NA,NA,NA,NA,NA,NA,NA,NA,NA
326.878,1.8950,6.4025,1.0920,8.1615,NA,NA,NA,NA,NA,NA,NA,NA,NA,NA,NA,NA
326.953,1.8981,6.5793,1.0913,8.0847,NA,NA,NA,NA,NA,NA,NA,NA,NA,NA,NA,NA
327.052,1.8981,6.5793,1.0909,8.0529,NA,NA,NA,NA,NA,NA,NA,NA,NA,NA,NA,NA
327.150,1.8934,6.3151,1.0905,8.0093,NA,NA,NA,NA,NA,NA,NA,NA,NA,NA,NA,NA
327.251,1.8934,6.3151,1.0902,7.9803,NA,NA,NA,NA,NA,NA,NA,NA,NA,NA,NA,NA
327.386,1.9008,6.7287,1.0897,7.9349,NA,NA,NA,NA,NA,NA,NA,NA,NA,NA,NA,NA
327.448,1.9008,6.7287,1.0899,7.9497,NA,NA,NA,NA,NA,NA,NA,NA,NA,NA,NA,NA
327.540,1.8960,6.4624,1.0899,7.9497,NA,NA,NA,NA,NA,NA,NA,NA,NA,NA,NA,NA
327.642,1.8952,6.4169,1.0899,7.9480,NA,NA,NA,NA,NA,NA,NA,NA,NA,NA,NA,NA
327.740,1.8952,6.4169,1.0897,7.9289,NA,NA,NA,NA,NA,NA,NA,NA,NA,NA,NA,NA
327.836,1.8933,6.3083,1.0887,7.8345,NA,NA,NA,NA,NA,NA,NA,NA,NA,NA,NA,NA
327.968,1.8933,6.3083,1.0885,7.8084,NA,NA,NA,NA,NA,NA,NA,NA,NA,NA,NA,NA
328.037,1.8925,6.2658,1.0882,7.7837,NA,NA,NA,NA,NA,NA,NA,NA,NA,NA,NA,NA
328.128,1.8925,6.2658,1.0874,7.6985,NA,NA,NA,NA,NA,NA,NA,NA,NA,NA,NA,NA
328.227,1.8923,6.2549,1.0883,7.7870,NA,NA,NA,NA,NA,NA,NA,NA,NA,NA,NA,NA
328.332,1.8904,6.1458,1.0883,7.7870,NA,NA,NA,NA,NA,NA,NA,NA,NA,NA,NA,NA
328.423,1.8896,6.1037,1.0872,7.6811,NA,NA,NA,NA,NA,NA,NA,NA,NA,NA,NA,NA
328.522,1.8893,6.0861,1.0867,7.6321,NA,NA,NA,NA,NA,NA,NA,NA,NA,NA,NA,NA
328.656,1.8893,6.0861,1.0863,7.5980,NA,NA,NA,NA,NA,NA,NA,NA,NA,NA,NA,NA
328.722,1.8884,6.0364,1.0863,7.5891,NA,NA,NA,NA,NA,NA,NA,NA,NA,NA,NA,NA
328.815,1.8884,6.0364,1.0861,7.5768,NA,NA,NA,NA,NA,NA,NA,NA,NA,NA,NA,NA
328.917,1.8869,5.9497,1.0847,7.4381,NA,NA,NA,NA,NA,NA,NA,NA,NA,NA,NA,NA
329.015,1.8861,5.9038,1.0847,7.4381,NA,NA,NA,NA,NA,NA,NA,NA,NA,NA,NA,NA
329.112,1.8852,5.8538,1.0838,7.3483,NA,NA,NA,NA,NA,NA,NA,NA,NA,NA,NA,NA
329.232,1.8851,5.8490,1.0844,7.4075,NA,NA,NA,NA,NA,NA,NA,NA,NA,NA,NA,NA
329.312,1.8851,5.8490,1.0844,7.4075,NA,NA,NA,NA,NA,NA,NA,NA,NA,NA,NA,NA
329.403,1.8818,5.6624,1.0844,7.4044,NA,NA,NA,NA,NA,NA,NA,NA,NA,NA,NA,NA
329.500,1.8803,5.5808,1.0844,7.4044,NA,NA,NA,NA,NA,NA,NA,NA,NA,NA,NA,NA
329.599,1.8833,5.7504,1.0842,7.3848,NA,NA,NA,NA,NA,NA,NA,NA,NA,NA,NA,NA
329.697,1.8833,5.7504,1.0827,7.2337,NA,NA,NA,NA,NA,NA,NA,NA,NA,NA,NA,NA
329.791,1.8770,5.3949,1.0824,7.2047,NA,NA,NA,NA,NA,NA,NA,NA,NA,NA,NA,NA
329.895,1.8766,5.3730,1.0820,7.1680,NA,NA,NA,NA,NA,NA,NA,NA,NA,NA,NA,NA
329.991,1.8772,5.4048,1.0820,7.1680,NA,NA,NA,NA,NA,NA,NA,NA,NA,NA,NA,NA
330.090,1.8815,5.6473,1.0816,7.1267,NA,NA,NA,NA,NA,NA,NA,NA,NA,NA,NA,NA
330.186,1.8815,5.6473,1.0822,7.1856,NA,NA,NA,NA,NA,NA,NA,NA,NA,NA,NA,NA
330.288,1.8793,5.5218,1.0822,7.1856,NA,NA,NA,NA,NA,NA,NA,NA,NA,NA,NA,NA
330.387,1.8780,5.4481,1.0802,6.9856,NA,NA,NA,NA,NA,NA,NA,NA,NA,NA,NA,NA
330.484,1.8762,5.3522,1.0802,6.9860,NA,NA,NA,NA,NA,NA,NA,NA,NA,NA,NA,NA
330.581,1.8762,5.3483,1.0802,6.9860,NA,NA,NA,NA,NA,NA,NA,NA,NA,NA,NA,NA
330.680,1.8751,5.2892,1.0787,6.8444,NA,NA,NA,NA,NA,NA,NA,NA,NA,NA,NA,NA
330.772,1.8771,5.4008,1.0783,6.7992,NA,NA,NA,NA,NA,NA,NA,NA,NA,NA,NA,NA
330.880,1.8772,5.4059,1.0783,6.7992,NA,NA,NA,NA,NA,NA,NA,NA,NA,NA,NA,NA
330.977,1.8778,5.4406,1.0778,6.7527,NA,NA,NA,NA,NA,NA,NA,NA,NA,NA,NA,NA
331.065,1.8778,5.4406,1.0771,6.6824,NA,NA,NA,NA,NA,NA,NA,NA,NA,NA,NA,NA
331.175,1.8751,5.2854,1.0771,6.6866,NA,NA,NA,NA,NA,NA,NA,NA,NA,NA,NA,NA
331.264,1.8738,5.2125,1.0775,6.7216,NA,NA,NA,NA,NA,NA,NA,NA,NA,NA,NA,NA
331.365,1.8701,5.0072,1.0775,6.7216,NA,NA,NA,NA,NA,NA,NA,NA,NA,NA,NA,NA
331.459,1.8715,5.0867,1.0771,6.6870,NA,NA,NA,NA,NA,NA,NA,NA,NA,NA,NA,NA
331.571,1.8715,5.0867,1.0759,6.5641,NA,NA,NA,NA,NA,NA,NA,NA,NA,NA,NA,NA
331.653,1.8705,5.0310,1.0759,6.5589,NA,NA,NA,NA,NA,NA,NA,NA,NA,NA,NA,NA
331.751,1.8705,5.0310,1.0750,6.4741,NA,NA,NA,NA,NA,NA,NA,NA,NA,NA,NA,NA
331.856,1.8699,4.9963,1.0737,6.3404,NA,NA,NA,NA,NA,NA,NA,NA,NA,NA,NA,NA
331.954,1.8699,4.9963,1.0732,6.2932,NA,NA,NA,NA,NA,NA,NA,NA,NA,NA,NA,NA
332.044,1.8654,4.7432,1.0734,6.3141,NA,NA,NA,NA,NA,NA,NA,NA,NA,NA,NA,NA
332.144,1.8635,4.6376,1.0734,6.3141,NA,NA,NA,NA,NA,NA,NA,NA,NA,NA,NA,NA
332.250,1.8571,4.2757,1.0723,6.2062,NA,NA,NA,NA,NA,NA,NA,NA,NA,NA,NA,NA
332.342,1.8587,4.3678,1.0720,6.1774,NA,NA,NA,NA,NA,NA,NA,NA,NA,NA,NA,NA
332.437,1.8587,4.3678,1.0723,6.2028,NA,NA,NA,NA,NA,NA,NA,NA,NA,NA,NA,NA
332.533,1.8714,5.0802,1.0760,6.5711,NA,NA,NA,NA,NA,NA,NA,NA,NA,NA,NA,NA
332.635,1.9114,7.3287,1.0896,7.9157,NA,NA,NA,NA,NA,NA,NA,NA,NA,NA,NA,NA
332.733,1.9598,10.0423,1.1027,9.2197,NA,NA,NA,NA,NA,NA,NA,NA,NA,NA,NA,NA
332.836,1.9877,11.6080,1.1183,10.7626,NA,NA,NA,NA,NA,NA,NA,NA,NA,NA,NA,NA
332.941,2.0265,13.7902,1.1299,11.9102,NA,NA,NA,NA,NA,NA,NA,NA,NA,NA,NA,NA
333.025,2.0403,14.5638,1.1392,12.8323,NA,NA,NA,NA,NA,NA,NA,NA,NA,NA,NA,NA
333.124,2.0712,16.2985,1.1472,13.6257,NA,NA,NA,NA,NA,NA,NA,NA,NA,NA,NA,NA
333.222,2.0879,17.2365,1.1573,14.6229,NA,NA,NA,NA,NA,NA,NA,NA,NA,NA,NA,NA
333.322,2.1052,18.2074,1.1680,15.6843,NA,NA,NA,NA,NA,NA,NA,NA,NA,NA,NA,NA
333.416,2.1129,18.6424,1.1757,16.4484,NA,NA,NA,NA,NA,NA,NA,NA,NA,NA,NA,NA
333.515,2.1350,19.8792,1.1855,17.4229,NA,NA,NA,NA,NA,NA,NA,NA,NA,NA,NA,NA
333.610,2.1582,21.1845,1.1905,17.9126,NA,NA,NA,NA,NA,NA,NA,NA,NA,NA,NA,NA
333.719,2.1655,21.5963,1.1962,18.4821,NA,NA,NA,NA,NA,NA,NA,NA,NA,NA,NA,NA
333.805,2.1843,22.6491,1.2027,19.1256,NA,NA,NA,NA,NA,NA,NA,NA,NA,NA,NA,NA
333.912,2.1919,23.0773,1.2087,19.7206,NA,NA,NA,NA,NA,NA,NA,NA,NA,NA,NA,NA
334.071,2.1948,23.2385,1.2137,20.2097,NA,NA,NA,NA,NA,NA,NA,NA,NA,NA,NA,NA
334.099,2.2071,23.9309,1.2165,20.4857,NA,NA,NA,NA,NA,NA,NA,NA,NA,NA,NA,NA
334.200,2.2133,24.2793,1.2240,21.2311,NA,NA,NA,NA,NA,NA,NA,NA,NA,NA,NA,NA
334.296,2.2319,25.3238,1.2281,21.6379,NA,NA,NA,NA,NA,NA,NA,NA,NA,NA,NA,NA
334.398,2.2378,25.6562,1.2342,22.2421,NA,NA,NA,NA,NA,NA,NA,NA,NA,NA,NA,NA
334.493,2.2451,26.0615,1.2372,22.5352,NA,NA,NA,NA,NA,NA,NA,NA,NA,NA,NA,NA
334.589,2.2451,26.0615,1.2376,22.5741,NA,NA,NA,NA,NA,NA,NA,NA,NA,NA,NA,NA
334.691,2.2416,25.8691,1.2388,22.6968,NA,NA,NA,NA,NA,NA,NA,NA,NA,NA,NA,NA
334.793,2.2403,25.7939,1.2395,22.7664,NA,NA,NA,NA,NA,NA,NA,NA,NA,NA,NA,NA
334.899,2.2316,25.3069,1.2395,22.7664,NA,NA,NA,NA,NA,NA,NA,NA,NA,NA,NA,NA
334.999,2.2141,24.3228,1.2371,22.5303,NA,NA,NA,NA,NA,NA,NA,NA,NA,NA,NA,NA
335.084,2.2093,24.0517,1.2361,22.4263,NA,NA,NA,NA,NA,NA,NA,NA,NA,NA,NA,NA
335.247,2.2016,23.6209,1.2338,22.2064,NA,NA,NA,NA,NA,NA,NA,NA,NA,NA,NA,NA
335.274,2.1989,23.4709,1.2278,21.6042,NA,NA,NA,NA,NA,NA,NA,NA,NA,NA,NA,NA
335.371,2.1877,22.8398,1.2228,21.1102,NA,NA,NA,NA,NA,NA,NA,NA,NA,NA,NA,NA
335.479,2.1871,22.8043,1.2203,20.8634,NA,NA,NA,NA,NA,NA,NA,NA,NA,NA,NA,NA
335.569,2.1826,22.5520,1.2181,20.6509,NA,NA,NA,NA,NA,NA,NA,NA,NA,NA,NA,NA
335.672,2.1696,21.8261,1.2169,20.5250,NA,NA,NA,NA,NA,NA,NA,NA,NA,NA,NA,NA
335.766,2.1659,21.6169,1.2143,20.2742,NA,NA,NA,NA,NA,NA,NA,NA,NA,NA,NA,NA
335.873,2.1621,21.4003,1.2131,20.1507,NA,NA,NA,NA,NA,NA,NA,NA,NA,NA,NA,NA
335.969,2.1615,21.3693,1.2099,19.8314,NA,NA,NA,NA,NA,NA,NA,NA,NA,NA,NA,NA
336.058,2.1548,20.9927,1.2085,19.7015,NA,NA,NA,NA,NA,NA,NA,NA,NA,NA,NA,NA
336.171,2.1548,20.9927,1.2068,19.5281,NA,NA,NA,NA,NA,NA,NA,NA,NA,NA,NA,NA
336.276,2.1461,20.5037,1.2052,19.3677,NA,NA,NA,NA,NA,NA,NA,NA,NA,NA,NA,NA
336.396,2.1437,20.3674,1.2044,19.2872,NA,NA,NA,NA,NA,NA,NA,NA,NA,NA,NA,NA
336.451,2.1356,19.9146,1.2034,19.1899,NA,NA,NA,NA,NA,NA,NA,NA,NA,NA,NA,NA
336.559,2.1320,19.7113,1.2027,19.1210,NA,NA,NA,NA,NA,NA,NA,NA,NA,NA,NA,NA
336.651,2.1291,19.5507,1.2015,18.9989,NA,NA,NA,NA,NA,NA,NA,NA,NA,NA,NA,NA
336.743,2.1298,19.5867,1.2012,18.9711,NA,NA,NA,NA,NA,NA,NA,NA,NA,NA,NA,NA
336.843,2.1298,19.5867,1.2007,18.9202,NA,NA,NA,NA,NA,NA,NA,NA,NA,NA,NA,NA
337.001,2.1285,19.5151,1.2000,18.8507,NA,NA,NA,NA,NA,NA,NA,NA,NA,NA,NA,NA
337.039,2.1285,19.5151,1.1988,18.7407,NA,NA,NA,NA,NA,NA,NA,NA,NA,NA,NA,NA
337.130,2.1197,19.0235,1.1984,18.6971,NA,NA,NA,NA,NA,NA,NA,NA,NA,NA,NA,NA
337.238,2.1130,18.6481,1.1980,18.6547,NA,NA,NA,NA,NA,NA,NA,NA,NA,NA,NA,NA
337.330,2.1100,18.4765,1.1978,18.6333,NA,NA,NA,NA,NA,NA,NA,NA,NA,NA,NA,NA
337.428,2.1082,18.3792,1.1965,18.5061,NA,NA,NA,NA,NA,NA,NA,NA,NA,NA,NA,NA
337.621,2.1060,18.2549,1.1958,18.4420,NA,NA,NA,NA,NA,NA,NA,NA,NA,NA,NA,NA
337.627,2.1056,18.2287,1.1956,18.4211,NA,NA,NA,NA,NA,NA,NA,NA,NA,NA,NA,NA
337.729,2.1056,18.2287,1.1951,18.3658,NA,NA,NA,NA,NA,NA,NA,NA,NA,NA,NA,NA
337.826,2.1012,17.9852,1.1942,18.2758,NA,NA,NA,NA,NA,NA,NA,NA,NA,NA,NA,NA
337.923,2.0974,17.7725,1.1935,18.2136,NA,NA,NA,NA,NA,NA,NA,NA,NA,NA,NA,NA
338.017,2.0919,17.4640,1.1935,18.2136,NA,NA,NA,NA,NA,NA,NA,NA,NA,NA,NA,NA
338.119,2.0913,17.4296,1.1906,17.9210,NA,NA,NA,NA,NA,NA,NA,NA,NA,NA,NA,NA
338.256,2.0879,17.2368,1.1893,17.7952,NA,NA,NA,NA,NA,NA,NA,NA,NA,NA,NA,NA
338.315,2.0879,17.2368,1.1886,17.7254,NA,NA,NA,NA,NA,NA,NA,NA,NA,NA,NA,NA
338.415,2.0777,16.6629,1.1867,17.5415,NA,NA,NA,NA,NA,NA,NA,NA,NA,NA,NA,NA
338.507,2.0734,16.4251,1.1864,17.5090,NA,NA,NA,NA,NA,NA,NA,NA,NA,NA,NA,NA
338.620,2.0722,16.3534,1.1854,17.4112,NA,NA,NA,NA,NA,NA,NA,NA,NA,NA,NA,NA
338.781,2.0694,16.1989,1.1846,17.3288,NA,NA,NA,NA,NA,NA,NA,NA,NA,NA,NA,NA
338.800,2.0669,16.0579,1.1841,17.2762,NA,NA,NA,NA,NA,NA,NA,NA,NA,NA,NA,NA
338.898,2.0701,16.2383,1.1822,17.0940,NA,NA,NA,NA,NA,NA,NA,NA,NA,NA,NA,NA
338.999,2.0701,16.2383,1.1814,17.0107,NA,NA,NA,NA,NA,NA,NA,NA,NA,NA,NA,NA
339.099,2.0614,15.7460,1.1800,16.8731,NA,NA,NA,NA,NA,NA,NA,NA,NA,NA,NA,NA
339.201,2.0582,15.5709,1.1795,16.8274,NA,NA,NA,NA,NA,NA,NA,NA,NA,NA,NA,NA
339.288,2.0576,15.5363,1.1776,16.6357,NA,NA,NA,NA,NA,NA,NA,NA,NA,NA,NA,NA
339.391,2.0832,16.9722,1.1789,16.7678,NA,NA,NA,NA,NA,NA,NA,NA,NA,NA,NA,NA
339.495,2.1019,18.0202,1.1826,17.1273,NA,NA,NA,NA,NA,NA,NA,NA,NA,NA,NA,NA
339.585,2.1449,20.4389,1.1893,17.7929,NA,NA,NA,NA,NA,NA,NA,NA,NA,NA,NA,NA
339.682,2.1585,21.2002,1.1954,18.4029,NA,NA,NA,NA,NA,NA,NA,NA,NA,NA,NA,NA
339.792,2.1819,22.5152,1.2010,18.9517,NA,NA,NA,NA,NA,NA,NA,NA,NA,NA,NA,NA
339.887,2.1905,22.9956,1.2036,19.2120,NA,NA,NA,NA,NA,NA,NA,NA,NA,NA,NA,NA
339.993,2.1947,23.2333,1.2050,19.3455,NA,NA,NA,NA,NA,NA,NA,NA,NA,NA,NA,NA
340.073,2.1947,23.2333,1.2052,19.3670,NA,NA,NA,NA,NA,NA,NA,NA,NA,NA,NA,NA
340.183,2.1923,23.0989,1.2052,19.3670,NA,NA,NA,NA,NA,NA,NA,NA,NA,NA,NA,NA
340.267,2.1917,23.0642,1.2046,19.3120,NA,NA,NA,NA,NA,NA,NA,NA,NA,NA,NA,NA
340.374,2.1882,22.8681,1.2047,19.3172,NA,NA,NA,NA,NA,NA,NA,NA,NA,NA,NA,NA
340.466,2.1860,22.7443,1.2047,19.3172,NA,NA,NA,NA,NA,NA,NA,NA,NA,NA,NA,NA
340.564,2.1860,22.7443,1.2044,19.2887,NA,NA,NA,NA,NA,NA,NA,NA,NA,NA,NA,NA
340.658,2.1787,22.3379,1.2042,19.2725,NA,NA,NA,NA,NA,NA,NA,NA,NA,NA,NA,NA
340.758,2.1752,22.1359,1.2042,19.2725,NA,NA,NA,NA,NA,NA,NA,NA,NA,NA,NA,NA
340.856,2.1697,21.8291,1.2031,19.1626,NA,NA,NA,NA,NA,NA,NA,NA,NA,NA,NA,NA
340.960,2.1650,21.5645,1.2031,19.1626,NA,NA,NA,NA,NA,NA,NA,NA,NA,NA,NA,NA
341.060,2.1633,21.4677,1.2024,19.0933,NA,NA,NA,NA,NA,NA,NA,NA,NA,NA,NA,NA
341.151,2.1587,21.2146,1.2005,18.9087,NA,NA,NA,NA,NA,NA,NA,NA,NA,NA,NA,NA
341.246,2.1587,21.2146,1.2002,18.8705,NA,NA,NA,NA,NA,NA,NA,NA,NA,NA,NA,NA
341.351,2.1582,21.1857,1.1989,18.7466,NA,NA,NA,NA,NA,NA,NA,NA,NA,NA,NA,NA
341.441,2.1582,21.1857,1.1987,18.7235,NA,NA,NA,NA,NA,NA,NA,NA,NA,NA,NA,NA
341.542,2.1480,20.6118,1.1967,18.5281,NA,NA,NA,NA,NA,NA,NA,NA,NA,NA,NA,NA
341.643,2.1380,20.0495,1.1959,18.4520,NA,NA,NA,NA,NA,NA,NA,NA,NA,NA,NA,NA
341.743,2.1306,19.6330,1.1945,18.3142,NA,NA,NA,NA,NA,NA,NA,NA,NA,NA,NA,NA
341.833,2.1283,19.5048,1.1941,18.2694,NA,NA,NA,NA,NA,NA,NA,NA,NA,NA,NA,NA
341.937,2.1283,19.5048,1.1935,18.2109,NA,NA,NA,NA,NA,NA,NA,NA,NA,NA,NA,NA
342.037,2.1271,19.4402,1.1928,18.1460,NA,NA,NA,NA,NA,NA,NA,NA,NA,NA,NA,NA
342.131,2.1271,19.4402,1.1913,17.9959,NA,NA,NA,NA,NA,NA,NA,NA,NA,NA,NA,NA
342.232,2.1240,19.2663,1.1896,17.8221,NA,NA,NA,NA,NA,NA,NA,NA,NA,NA,NA,NA
342.326,2.1190,18.9822,1.1890,17.7664,NA,NA,NA,NA,NA,NA,NA,NA,NA,NA,NA,NA
342.431,2.1165,18.8430,1.1878,17.6437,NA,NA,NA,NA,NA,NA,NA,NA,NA,NA,NA,NA
342.524,2.1165,18.8398,1.1870,17.5713,NA,NA,NA,NA,NA,NA,NA,NA,NA,NA,NA,NA
342.617,2.1165,18.8398,1.1869,17.5597,NA,NA,NA,NA,NA,NA,NA,NA,NA,NA,NA,NA
342.717,2.1121,18.5943,1.1869,17.5597,NA,NA,NA,NA,NA,NA,NA,NA,NA,NA,NA,NA
342.827,2.1103,18.4930,1.1862,17.4905,NA,NA,NA,NA,NA,NA,NA,NA,NA,NA,NA,NA
342.913,2.1086,18.3990,1.1853,17.4032,NA,NA,NA,NA,NA,NA,NA,NA,NA,NA,NA,NA
343.061,2.1079,18.3624,1.1851,17.3838,NA,NA,NA,NA,NA,NA,NA,NA,NA,NA,NA,NA
343.109,2.1030,18.0833,1.1826,17.1359,NA,NA,NA,NA,NA,NA,NA,NA,NA,NA,NA,NA
343.207,2.1009,17.9662,1.1822,17.0881,NA,NA,NA,NA,NA,NA,NA,NA,NA,NA,NA,NA
343.312,2.1009,17.9662,1.1814,17.0125,NA,NA,NA,NA,NA,NA,NA,NA,NA,NA,NA,NA
343.402,2.0947,17.6209,1.1812,16.9885,NA,NA,NA,NA,NA,NA,NA,NA,NA,NA,NA,NA
343.501,2.0931,17.5259,1.1798,16.8555,NA,NA,NA,NA,NA,NA,NA,NA,NA,NA,NA,NA
343.632,2.0881,17.2459,1.1783,16.7059,NA,NA,NA,NA,NA,NA,NA,NA,NA,NA,NA,NA
343.698,2.1023,18.0431,1.1829,17.1594,NA,NA,NA,NA,NA,NA,NA,NA,NA,NA,NA,NA
343.804,2.1347,19.8625,1.1857,17.4426,NA,NA,NA,NA,NA,NA,NA,NA,NA,NA,NA,NA
343.896,2.1570,21.1154,1.1935,18.2133,NA,NA,NA,NA,NA,NA,NA,NA,NA,NA,NA,NA
343.993,2.1959,23.3033,1.1976,18.6190,NA,NA,NA,NA,NA,NA,NA,NA,NA,NA,NA,NA
344.086,2.2042,23.7673,1.2018,19.0327,NA,NA,NA,NA,NA,NA,NA,NA,NA,NA,NA,NA
344.187,2.2205,24.6802,1.2062,19.4713,NA,NA,NA,NA,NA,NA,NA,NA,NA,NA,NA,NA
344.279,2.2226,24.8026,1.2080,19.6460,NA,NA,NA,NA,NA,NA,NA,NA,NA,NA,NA,NA
344.389,2.2226,24.8026,1.2095,19.7974,NA,NA,NA,NA,NA,NA,NA,NA,NA,NA,NA,NA
344.483,2.2246,24.9113,1.2102,19.8603,NA,NA,NA,NA,NA,NA,NA,NA,NA,NA,NA,NA
344.585,2.2246,24.9113,1.2103,19.8714,NA,NA,NA,NA,NA,NA,NA,NA,NA,NA,NA,NA
344.673,2.2115,24.1763,1.2108,19.9204,NA,NA,NA,NA,NA,NA,NA,NA,NA,NA,NA,NA
344.774,2.2115,24.1756,1.2108,19.9204,NA,NA,NA,NA,NA,NA,NA,NA,NA,NA,NA,NA
344.887,2.2065,23.8961,1.2106,19.9045,NA,NA,NA,NA,NA,NA,NA,NA,NA,NA,NA,NA
344.971,2.2053,23.8311,1.2095,19.7985,NA,NA,NA,NA,NA,NA,NA,NA,NA,NA,NA,NA
345.079,2.1927,23.1204,1.2081,19.6585,NA,NA,NA,NA,NA,NA,NA,NA,NA,NA,NA,NA
345.164,2.1913,23.0408,1.2081,19.6585,NA,NA,NA,NA,NA,NA,NA,NA,NA,NA,NA,NA
345.269,2.1825,22.5510,1.2080,19.6461,NA,NA,NA,NA,NA,NA,NA,NA,NA,NA,NA,NA
345.357,2.1804,22.4325,1.2069,19.5428,NA,NA,NA,NA,NA,NA,NA,NA,NA,NA,NA,NA
345.484,2.1804,22.4325,1.2063,19.4822,NA,NA,NA,NA,NA,NA,NA,NA,NA,NA,NA,NA
345.558,2.1740,22.0733,1.2051,19.3570,NA,NA,NA,NA,NA,NA,NA,NA,NA,NA,NA,NA
345.659,2.1713,21.9171,1.2027,19.1190,NA,NA,NA,NA,NA,NA,NA,NA,NA,NA,NA,NA
345.761,2.1627,21.4386,1.2026,19.1168,NA,NA,NA,NA,NA,NA,NA,NA,NA,NA,NA,NA
345.851,2.1605,21.3142,1.2006,18.9172,NA,NA,NA,NA,NA,NA,NA,NA,NA,NA,NA,NA
346.005,2.1550,21.0057,1.1984,18.6971,NA,NA,NA,NA,NA,NA,NA,NA,NA,NA,NA,NA
346.043,2.1564,21.0810,1.1973,18.5921,NA,NA,NA,NA,NA,NA,NA,NA,NA,NA,NA,NA
346.141,2.1564,21.0810,1.1967,18.5262,NA,NA,NA,NA,NA,NA,NA,NA,NA,NA,NA,NA
346.243,2.1474,20.5798,1.1956,18.4227,NA,NA,NA,NA,NA,NA,NA,NA,NA,NA,NA,NA
346.339,2.1461,20.5040,1.1943,18.2919,NA,NA,NA,NA,NA,NA,NA,NA,NA,NA,NA,NA
346.451,2.1391,20.1117,1.1936,18.2168,NA,NA,NA,NA,NA,NA,NA,NA,NA,NA,NA,NA
346.540,2.1382,20.0635,1.1930,18.1657,NA,NA,NA,NA,NA,NA,NA,NA,NA,NA,NA,NA
346.639,2.1345,19.8518,1.1920,18.0600,NA,NA,NA,NA,NA,NA,NA,NA,NA,NA,NA,NA
346.737,2.1345,19.8518,1.1916,18.0179,NA,NA,NA,NA,NA,NA,NA,NA,NA,NA,NA,NA
346.840,2.1341,19.8325,1.1911,17.9711,NA,NA,NA,NA,NA,NA,NA,NA,NA,NA,NA,NA
346.931,2.1305,19.6284,1.1901,17.8730,NA,NA,NA,NA,NA,NA,NA,NA,NA,NA,NA,NA
347.023,2.1300,19.6008,1.1877,17.6334,NA,NA,NA,NA,NA,NA,NA,NA,NA,NA,NA,NA
347.123,2.1262,19.3860,1.1864,17.5067,NA,NA,NA,NA,NA,NA,NA,NA,NA,NA,NA,NA
347.239,2.1257,19.3568,1.1855,17.4221,NA,NA,NA,NA,NA,NA,NA,NA,NA,NA,NA,NA
347.325,2.1226,19.1844,1.1838,17.2460,NA,NA,NA,NA,NA,NA,NA,NA,NA,NA,NA,NA
347.415,2.1217,19.1341,1.1832,17.1871,NA,NA,NA,NA,NA,NA,NA,NA,NA,NA,NA,NA
347.526,2.1176,18.9036,1.1829,17.1601,NA,NA,NA,NA,NA,NA,NA,NA,NA,NA,NA,NA
347.626,2.1142,18.7106,1.1823,17.1032,NA,NA,NA,NA,NA,NA,NA,NA,NA,NA,NA,NA
347.717,2.1142,18.7106,1.1811,16.9805,NA,NA,NA,NA,NA,NA,NA,NA,NA,NA,NA,NA
347.804,2.1127,18.6307,1.1797,16.8421,NA,NA,NA,NA,NA,NA,NA,NA,NA,NA,NA,NA
347.911,2.1127,18.6307,1.1780,16.6741,NA,NA,NA,NA,NA,NA,NA,NA,NA,NA,NA,NA
348.015,2.1125,18.6166,1.1773,16.6034,NA,NA,NA,NA,NA,NA,NA,NA,NA,NA,NA,NA
348.111,2.1094,18.4442,1.1758,16.4588,NA,NA,NA,NA,NA,NA,NA,NA,NA,NA,NA,NA
348.203,2.1083,18.3837,1.1755,16.4244,NA,NA,NA,NA,NA,NA,NA,NA,NA,NA,NA,NA
348.308,2.1069,18.3063,1.1750,16.3772,NA,NA,NA,NA,NA,NA,NA,NA,NA,NA,NA,NA
348.458,2.1069,18.3063,1.1739,16.2715,NA,NA,NA,NA,NA,NA,NA,NA,NA,NA,NA,NA
348.495,2.1051,18.1997,1.1724,16.1256,NA,NA,NA,NA,NA,NA,NA,NA,NA,NA,NA,NA
348.592,2.1051,18.1997,1.1719,16.0736,NA,NA,NA,NA,NA,NA,NA,NA,NA,NA,NA,NA
348.693,2.1008,17.9591,1.1687,15.7498,NA,NA,NA,NA,NA,NA,NA,NA,NA,NA,NA,NA
348.787,2.1008,17.9591,1.1678,15.6652,NA,NA,NA,NA,NA,NA,NA,NA,NA,NA,NA,NA
348.884,2.0908,17.4000,1.1663,15.5154,NA,NA,NA,NA,NA,NA,NA,NA,NA,NA,NA,NA
348.991,2.0900,17.3563,1.1663,15.5154,NA,NA,NA,NA,NA,NA,NA,NA,NA,NA,NA,NA
349.090,2.0891,17.3037,1.1664,15.5230,NA,NA,NA,NA,NA,NA,NA,NA,NA,NA,NA,NA
349.186,2.0897,17.3393,1.1664,15.5230,NA,NA,NA,NA,NA,NA,NA,NA,NA,NA,NA,NA
349.278,2.0897,17.3393,1.1664,15.5258,NA,NA,NA,NA,NA,NA,NA,NA,NA,NA,NA,NA
349.384,2.0859,17.1270,1.1664,15.5258,NA,NA,NA,NA,NA,NA,NA,NA,NA,NA,NA,NA
349.468,2.0826,16.9378,1.1651,15.3950,NA,NA,NA,NA,NA,NA,NA,NA,NA,NA,NA,NA
349.566,2.0816,16.8824,1.1646,15.3467,NA,NA,NA,NA,NA,NA,NA,NA,NA,NA,NA,NA
349.668,2.0814,16.8712,1.1620,15.0892,NA,NA,NA,NA,NA,NA,NA,NA,NA,NA,NA,NA
349.774,2.0811,16.8557,1.1620,15.0892,NA,NA,NA,NA,NA,NA,NA,NA,NA,NA,NA,NA
349.867,2.0808,16.8406,1.1611,15.0000,NA,NA,NA,NA,NA,NA,NA,NA,NA,NA,NA,NA
349.965,2.0806,16.8253,1.1602,14.9113,NA,NA,NA,NA,NA,NA,NA,NA,NA,NA,NA,NA
350.063,2.0800,16.7907,1.1601,14.9005,NA,NA,NA,NA,NA,NA,NA,NA,NA,NA,NA,NA
350.161,2.0748,16.5007,1.1567,14.5618,NA,NA,NA,NA,NA,NA,NA,NA,NA,NA,NA,NA
350.258,2.0718,16.3332,1.1556,14.4575,NA,NA,NA,NA,NA,NA,NA,NA,NA,NA,NA,NA
350.362,2.0687,16.1575,1.1556,14.4607,NA,NA,NA,NA,NA,NA,NA,NA,NA,NA,NA,NA
350.452,2.0671,16.0708,1.1556,14.4607,NA,NA,NA,NA,NA,NA,NA,NA,NA,NA,NA,NA
350.558,2.0671,16.0708,1.1549,14.3912,NA,NA,NA,NA,NA,NA,NA,NA,NA,NA,NA,NA
350.651,2.0694,16.1995,1.1539,14.2927,NA,NA,NA,NA,NA,NA,NA,NA,NA,NA,NA,NA
350.744,2.0694,16.1995,1.1539,14.2903,NA,NA,NA,NA,NA,NA,NA,NA,NA,NA,NA,NA
350.869,2.0653,15.9668,1.1505,13.9474,NA,NA,NA,NA,NA,NA,NA,NA,NA,NA,NA,NA
350.939,2.0579,15.5528,1.1499,13.8954,NA,NA,NA,NA,NA,NA,NA,NA,NA,NA,NA,NA
351.038,2.0570,15.5041,1.1505,13.9521,NA,NA,NA,NA,NA,NA,NA,NA,NA,NA,NA,NA
351.140,2.0564,15.4683,1.1505,13.9521,NA,NA,NA,NA,NA,NA,NA,NA,NA,NA,NA,NA
351.240,2.0564,15.4683,1.1491,13.8173,NA,NA,NA,NA,NA,NA,NA,NA,NA,NA,NA,NA
351.333,2.0548,15.3760,1.1486,13.7683,NA,NA,NA,NA,NA,NA,NA,NA,NA,NA,NA,NA
351.433,2.0548,15.3760,1.1488,13.7836,NA,NA,NA,NA,NA,NA,NA,NA,NA,NA,NA,NA
351.529,2.0514,15.1885,1.1488,13.7836,NA,NA,NA,NA,NA,NA,NA,NA,NA,NA,NA,NA
351.638,2.0503,15.1235,1.1482,13.7232,NA,NA,NA,NA,NA,NA,NA,NA,NA,NA,NA,NA
351.723,2.0466,14.9185,1.1482,13.7194,NA,NA,NA,NA,NA,NA,NA,NA,NA,NA,NA,NA
351.831,2.0460,14.8861,1.1473,13.6323,NA,NA,NA,NA,NA,NA,NA,NA,NA,NA,NA,NA
351.922,2.0454,14.8507,1.1456,13.4715,NA,NA,NA,NA,NA,NA,NA,NA,NA,NA,NA,NA
352.016,2.0476,14.9747,1.1454,13.4435,NA,NA,NA,NA,NA,NA,NA,NA,NA,NA,NA,NA
352.113,2.0476,14.9747,1.1446,13.3676,NA,NA,NA,NA,NA,NA,NA,NA,NA,NA,NA,NA
352.211,2.0426,14.6917,1.1436,13.2696,NA,NA,NA,NA,NA,NA,NA,NA,NA,NA,NA,NA
352.314,2.0426,14.6917,1.1431,13.2161,NA,NA,NA,NA,NA,NA,NA,NA,NA,NA,NA,NA
352.405,2.0400,14.5443,1.1426,13.1669,NA,NA,NA,NA,NA,NA,NA,NA,NA,NA,NA,NA
352.505,2.0363,14.3408,1.1409,13.0003,NA,NA,NA,NA,NA,NA,NA,NA,NA,NA,NA,NA
352.609,2.0317,14.0796,1.1404,12.9481,NA,NA,NA,NA,NA,NA,NA,NA,NA,NA,NA,NA
352.715,2.0309,14.0380,1.1403,12.9393,NA,NA,NA,NA,NA,NA,NA,NA,NA,NA,NA,NA
352.803,2.0300,13.9856,1.1403,12.9393,NA,NA,NA,NA,NA,NA,NA,NA,NA,NA,NA,NA
352.916,2.0311,14.0485,1.1402,12.9310,NA,NA,NA,NA,NA,NA,NA,NA,NA,NA,NA,NA
353.000,2.0311,14.0485,1.1393,12.8400,NA,NA,NA,NA,NA,NA,NA,NA,NA,NA,NA,NA
353.100,2.0289,13.9258,1.1387,12.7805,NA,NA,NA,NA,NA,NA,NA,NA,NA,NA,NA,NA
353.193,2.0277,13.8554,1.1376,12.6708,NA,NA,NA,NA,NA,NA,NA,NA,NA,NA,NA,NA
353.293,2.0268,13.8036,1.1372,12.6363,NA,NA,NA,NA,NA,NA,NA,NA,NA,NA,NA,NA
353.386,2.0262,13.7738,1.1372,12.6363,NA,NA,NA,NA,NA,NA,NA,NA,NA,NA,NA,NA
353.497,2.0262,13.7738,1.1371,12.6200,NA,NA,NA,NA,NA,NA,NA,NA,NA,NA,NA,NA
353.591,2.0294,13.9503,1.1370,12.6178,NA,NA,NA,NA,NA,NA,NA,NA,NA,NA,NA,NA
353.683,2.0294,13.9503,1.1360,12.5198,NA,NA,NA,NA,NA,NA,NA,NA,NA,NA,NA,NA
353.786,2.0280,13.8759,1.1357,12.4833,NA,NA,NA,NA,NA,NA,NA,NA,NA,NA,NA,NA
353.881,2.0280,13.8759,1.1345,12.3636,NA,NA,NA,NA,NA,NA,NA,NA,NA,NA,NA,NA
353.977,2.0141,13.0923,1.1334,12.2557,NA,NA,NA,NA,NA,NA,NA,NA,NA,NA,NA,NA
354.079,2.0101,12.8694,1.1317,12.0935,NA,NA,NA,NA,NA,NA,NA,NA,NA,NA,NA,NA
354.192,2.0101,12.8694,1.1304,11.9633,NA,NA,NA,NA,NA,NA,NA,NA,NA,NA,NA,NA
354.269,2.0094,12.8263,1.1304,11.9633,NA,NA,NA,NA,NA,NA,NA,NA,NA,NA,NA,NA
354.366,2.0097,12.8436,1.1294,11.8573,NA,NA,NA,NA,NA,NA,NA,NA,NA,NA,NA,NA
354.469,2.0127,13.0165,1.1287,11.7879,NA,NA,NA,NA,NA,NA,NA,NA,NA,NA,NA,NA
354.567,2.0127,13.0165,1.1285,11.7761,NA,NA,NA,NA,NA,NA,NA,NA,NA,NA,NA,NA
354.663,2.0090,12.8050,1.1286,11.7870,NA,NA,NA,NA,NA,NA,NA,NA,NA,NA,NA,NA
354.763,2.0037,12.5102,1.1286,11.7870,NA,NA,NA,NA,NA,NA,NA,NA,NA,NA,NA,NA
354.855,2.0037,12.5102,1.1286,11.7841,NA,NA,NA,NA,NA,NA,NA,NA,NA,NA,NA,NA
354.971,2.0002,12.3128,1.1277,11.6946,NA,NA,NA,NA,NA,NA,NA,NA,NA,NA,NA,NA
355.057,2.0002,12.3128,1.1255,11.4780,NA,NA,NA,NA,NA,NA,NA,NA,NA,NA,NA,NA
355.151,1.9959,12.0707,1.1251,11.4407,NA,NA,NA,NA,NA,NA,NA,NA,NA,NA,NA,NA
355.253,1.9944,11.9884,1.1251,11.4364,NA,NA,NA,NA,NA,NA,NA,NA,NA,NA,NA,NA
355.354,1.9958,12.0638,1.1232,11.2457,NA,NA,NA,NA,NA,NA,NA,NA,NA,NA,NA,NA
355.444,1.9958,12.0638,1.1221,11.1404,NA,NA,NA,NA,NA,NA,NA,NA,NA,NA,NA,NA
355.557,1.9938,11.9511,1.1217,11.1016,NA,NA,NA,NA,NA,NA,NA,NA,NA,NA,NA,NA
355.640,1.9917,11.8346,1.1211,11.0369,NA,NA,NA,NA,NA,NA,NA,NA,NA,NA,NA,NA
355.744,1.9912,11.8083,1.1211,11.0369,NA,NA,NA,NA,NA,NA,NA,NA,NA,NA,NA,NA
355.841,1.9912,11.8083,1.1202,10.9505,NA,NA,NA,NA,NA,NA,NA,NA,NA,NA,NA,NA
355.934,1.9861,11.5216,1.1202,10.9505,NA,NA,NA,NA,NA,NA,NA,NA,NA,NA,NA,NA
356.030,1.9861,11.5216,1.1202,10.9478,NA,NA,NA,NA,NA,NA,NA,NA,NA,NA,NA,NA
356.128,1.9826,11.3218,1.1181,10.7423,NA,NA,NA,NA,NA,NA,NA,NA,NA,NA,NA,NA
356.223,1.9809,11.2259,1.1174,10.6721,NA,NA,NA,NA,NA,NA,NA,NA,NA,NA,NA,NA
356.325,1.9809,11.2259,1.1168,10.6182,NA,NA,NA,NA,NA,NA,NA,NA,NA,NA,NA,NA
356.433,1.9836,11.3813,1.1168,10.6182,NA,NA,NA,NA,NA,NA,NA,NA,NA,NA,NA,NA
356.523,1.9836,11.3813,1.1162,10.5531,NA,NA,NA,NA,NA,NA,NA,NA,NA,NA,NA,NA
356.618,1.9834,11.3708,1.1164,10.5778,NA,NA,NA,NA,NA,NA,NA,NA,NA,NA,NA,NA
356.715,1.9834,11.3708,1.1164,10.5778,NA,NA,NA,NA,NA,NA,NA,NA,NA,NA,NA,NA
356.840,1.9805,11.2065,1.1157,10.5038,NA,NA,NA,NA,NA,NA,NA,NA,NA,NA,NA,NA
356.921,1.9772,11.0232,1.1154,10.4714,NA,NA,NA,NA,NA,NA,NA,NA,NA,NA,NA,NA
357.015,1.9772,11.0232,1.1149,10.4299,NA,NA,NA,NA,NA,NA,NA,NA,NA,NA,NA,NA
357.117,1.9766,10.9885,1.1146,10.3972,NA,NA,NA,NA,NA,NA,NA,NA,NA,NA,NA,NA
357.203,1.9766,10.9885,1.1137,10.3102,NA,NA,NA,NA,NA,NA,NA,NA,NA,NA,NA,NA
357.314,1.9731,10.7903,1.1128,10.2197,NA,NA,NA,NA,NA,NA,NA,NA,NA,NA,NA,NA
357.462,1.9731,10.7903,1.1122,10.1582,NA,NA,NA,NA,NA,NA,NA,NA,NA,NA,NA,NA
357.496,1.9686,10.5397,1.1112,10.0573,NA,NA,NA,NA,NA,NA,NA,NA,NA,NA,NA,NA
357.603,1.9650,10.3338,1.1108,10.0220,NA,NA,NA,NA,NA,NA,NA,NA,NA,NA,NA,NA
357.697,1.9650,10.3338,1.1107,10.0142,NA,NA,NA,NA,NA,NA,NA,NA,NA,NA,NA,NA
357.796,1.9636,10.2570,1.1100,9.9361,NA,NA,NA,NA,NA,NA,NA,NA,NA,NA,NA,NA
357.900,1.9636,10.2570,1.1080,9.7431,NA,NA,NA,NA,NA,NA,NA,NA,NA,NA,NA,NA
358.037,1.9677,10.4846,1.1074,9.6794,NA,NA,NA,NA,NA,NA,NA,NA,NA,NA,NA,NA
358.090,1.9677,10.4846,1.1068,9.6248,NA,NA,NA,NA,NA,NA,NA,NA,NA,NA,NA,NA
358.194,1.9604,10.0751,1.1062,9.5671,NA,NA,NA,NA,NA,NA,NA,NA,NA,NA,NA,NA
358.284,1.9604,10.0751,1.1061,9.5543,NA,NA,NA,NA,NA,NA,NA,NA,NA,NA,NA,NA
358.384,1.9549,9.7660,1.1061,9.5543,NA,NA,NA,NA,NA,NA,NA,NA,NA,NA,NA,NA
358.477,1.9560,9.8302,1.1060,9.5491,NA,NA,NA,NA,NA,NA,NA,NA,NA,NA,NA,NA
358.578,1.9560,9.8302,1.1060,9.5491,NA,NA,NA,NA,NA,NA,NA,NA,NA,NA,NA,NA
358.686,1.9544,9.7430,1.1060,9.5408,NA,NA,NA,NA,NA,NA,NA,NA,NA,NA,NA,NA
358.781,1.9539,9.7121,1.1045,9.4007,NA,NA,NA,NA,NA,NA,NA,NA,NA,NA,NA,NA
358.871,1.9557,9.8110,1.1037,9.3197,NA,NA,NA,NA,NA,NA,NA,NA,NA,NA,NA,NA
358.976,1.9557,9.8110,1.1035,9.2979,NA,NA,NA,NA,NA,NA,NA,NA,NA,NA,NA,NA
359.069,1.9520,9.6034,1.1023,9.1777,NA,NA,NA,NA,NA,NA,NA,NA,NA,NA,NA,NA
359.165,1.9520,9.6034,1.1021,9.1593,NA,NA,NA,NA,NA,NA,NA,NA,NA,NA,NA,NA
359.270,1.9481,9.3866,1.1028,9.2236,NA,NA,NA,NA,NA,NA,NA,NA,NA,NA,NA,NA
359.359,1.9465,9.2961,1.1028,9.2236,NA,NA,NA,NA,NA,NA,NA,NA,NA,NA,NA,NA
359.463,1.9459,9.2610,1.1015,9.0976,NA,NA,NA,NA,NA,NA,NA,NA,NA,NA,NA,NA
359.572,1.9482,9.3927,1.1012,9.0685,NA,NA,NA,NA,NA,NA,NA,NA,NA,NA,NA,NA
359.652,1.9482,9.3927,1.1012,9.0685,NA,NA,NA,NA,NA,NA,NA,NA,NA,NA,NA,NA
359.760,1.9453,9.2320,1.0997,8.9159,NA,NA,NA,NA,NA,NA,NA,NA,NA,NA,NA,NA
359.858,1.9453,9.2320,1.0997,8.9159,NA,NA,NA,NA,NA,NA,NA,NA,NA,NA,NA,NA
359.951,1.9427,9.0832,1.0994,8.8939,NA,NA,NA,NA,NA,NA,NA,NA,NA,NA,NA,NA
360.044,1.9406,8.9647,1.0989,8.8446,NA,NA,NA,NA,NA,NA,NA,NA,NA,NA,NA,NA
360.146,1.9406,8.9647,1.0989,8.8446,NA,NA,NA,NA,NA,NA,NA,NA,NA,NA,NA,NA
360.243,1.9399,8.9244,1.0975,8.7004,NA,NA,NA,NA,NA,NA,NA,NA,NA,NA,NA,NA
360.402,1.9399,8.9244,1.0967,8.6272,NA,NA,NA,NA,NA,NA,NA,NA,NA,NA,NA,NA
360.447,1.9380,8.8206,1.0966,8.6089,NA,NA,NA,NA,NA,NA,NA,NA,NA,NA,NA,NA
360.535,1.9405,8.9613,1.0966,8.6089,NA,NA,NA,NA,NA,NA,NA,NA,NA,NA,NA,NA
360.636,1.9405,8.9613,1.0949,8.4479,NA,NA,NA,NA,NA,NA,NA,NA,NA,NA,NA,NA
360.732,1.9362,8.7164,1.0949,8.4424,NA,NA,NA,NA,NA,NA,NA,NA,NA,NA,NA,NA
360.827,1.9362,8.7164,1.0944,8.3914,NA,NA,NA,NA,NA,NA,NA,NA,NA,NA,NA,NA
360.928,1.9346,8.6303,1.0937,8.3311,NA,NA,NA,NA,NA,NA,NA,NA,NA,NA,NA,NA
361.072,1.9338,8.5851,1.0932,8.2776,NA,NA,NA,NA,NA,NA,NA,NA,NA,NA,NA,NA
361.125,1.9338,8.5824,1.0932,8.2776,NA,NA,NA,NA,NA,NA,NA,NA,NA,NA,NA,NA
361.220,1.9338,8.5824,1.0929,8.2424,NA,NA,NA,NA,NA,NA,NA,NA,NA,NA,NA,NA
361.318,1.9284,8.2824,1.0924,8.1988,NA,NA,NA,NA,NA,NA,NA,NA,NA,NA,NA,NA
361.415,1.9263,8.1618,1.0924,8.1988,NA,NA,NA,NA,NA,NA,NA,NA,NA,NA,NA,NA
361.511,1.9253,8.1045,1.0910,8.0605,NA,NA,NA,NA,NA,NA,NA,NA,NA,NA,NA,NA
361.638,1.9229,7.9736,1.0910,8.0573,NA,NA,NA,NA,NA,NA,NA,NA,NA,NA,NA,NA
361.713,1.9225,7.9475,1.0912,8.0740,NA,NA,NA,NA,NA,NA,NA,NA,NA,NA,NA,NA
361.809,1.9224,7.9423,1.0912,8.0740,NA,NA,NA,NA,NA,NA,NA,NA,NA,NA,NA,NA
361.901,1.9210,7.8645,1.0913,8.0874,NA,NA,NA,NA,NA,NA,NA,NA,NA,NA,NA,NA
362.006,1.9210,7.8645,1.0913,8.0874,NA,NA,NA,NA,NA,NA,NA,NA,NA,NA,NA,NA
362.112,1.9212,7.8747,1.0912,8.0740,NA,NA,NA,NA,NA,NA,NA,NA,NA,NA,NA,NA
362.245,1.9214,7.8880,1.0911,8.0700,NA,NA,NA,NA,NA,NA,NA,NA,NA,NA,NA,NA
362.293,1.9214,7.8880,1.0906,8.0184,NA,NA,NA,NA,NA,NA,NA,NA,NA,NA,NA,NA
362.399,1.9198,7.7972,1.0904,7.9995,NA,NA,NA,NA,NA,NA,NA,NA,NA,NA,NA,NA
362.489,1.9190,7.7516,1.0899,7.9504,NA,NA,NA,NA,NA,NA,NA,NA,NA,NA,NA,NA
362.590,1.9189,7.7485,1.0899,7.9504,NA,NA,NA,NA,NA,NA,NA,NA,NA,NA,NA,NA
362.690,1.9195,7.7826,1.0898,7.9405,NA,NA,NA,NA,NA,NA,NA,NA,NA,NA,NA,NA
362.806,1.9195,7.7826,1.0896,7.9216,NA,NA,NA,NA,NA,NA,NA,NA,NA,NA,NA,NA
362.889,1.9174,7.6624,1.0895,7.9108,NA,NA,NA,NA,NA,NA,NA,NA,NA,NA,NA,NA
362.987,1.9174,7.6624,1.0887,7.8281,NA,NA,NA,NA,NA,NA,NA,NA,NA,NA,NA,NA
363.081,1.9208,7.8554,1.0883,7.7866,NA,NA,NA,NA,NA,NA,NA,NA,NA,NA,NA,NA
363.175,1.9208,7.8554,1.0877,7.7279,NA,NA,NA,NA,NA,NA,NA,NA,NA,NA,NA,NA
363.281,1.9173,7.6559,1.0847,7.4353,NA,NA,NA,NA,NA,NA,NA,NA,NA,NA,NA,NA
363.380,1.9134,7.4370,1.0847,7.4353,NA,NA,NA,NA,NA,NA,NA,NA,NA,NA,NA,NA
363.477,1.9106,7.2836,1.0831,7.2733,NA,NA,NA,NA,NA,NA,NA,NA,NA,NA,NA,NA
363.567,1.9089,7.1834,1.0829,7.2548,NA,NA,NA,NA,NA,NA,NA,NA,NA,NA,NA,NA
363.669,1.9089,7.1834,1.0829,7.2548,NA,NA,NA,NA,NA,NA,NA,NA,NA,NA,NA,NA
363.768,1.9054,6.9918,1.0827,7.2381,NA,NA,NA,NA,NA,NA,NA,NA,NA,NA,NA,NA
363.865,1.9054,6.9918,1.0824,7.2086,NA,NA,NA,NA,NA,NA,NA,NA,NA,NA,NA,NA
364.004,1.9182,7.7106,1.0819,7.1608,NA,NA,NA,NA,NA,NA,NA,NA,NA,NA,NA,NA
364.055,1.9319,8.4779,1.0884,7.8048,NA,NA,NA,NA,NA,NA,NA,NA,NA,NA,NA,NA
364.155,1.9666,10.4277,1.1028,9.2271,NA,NA,NA,NA,NA,NA,NA,NA,NA,NA,NA,NA
364.254,1.9936,11.9399,1.1152,10.4594,NA,NA,NA,NA,NA,NA,NA,NA,NA,NA,NA,NA
364.351,2.0263,13.7796,1.1249,11.4137,NA,NA,NA,NA,NA,NA,NA,NA,NA,NA,NA,NA
364.457,2.0571,15.5071,1.1353,12.4488,NA,NA,NA,NA,NA,NA,NA,NA,NA,NA,NA,NA
364.593,2.0714,16.3075,1.1446,13.3724,NA,NA,NA,NA,NA,NA,NA,NA,NA,NA,NA,NA
364.660,2.0989,17.8564,1.1526,14.1585,NA,NA,NA,NA,NA,NA,NA,NA,NA,NA,NA,NA
364.745,2.1070,18.3064,1.1603,14.9260,NA,NA,NA,NA,NA,NA,NA,NA,NA,NA,NA,NA
364.843,2.1221,19.1578,1.1726,16.1372,NA,NA,NA,NA,NA,NA,NA,NA,NA,NA,NA,NA
364.942,2.1285,19.5151,1.1812,16.9890,NA,NA,NA,NA,NA,NA,NA,NA,NA,NA,NA,NA
365.034,2.1430,20.3307,1.1860,17.4652,NA,NA,NA,NA,NA,NA,NA,NA,NA,NA,NA,NA
365.134,2.1593,21.2476,1.1908,17.9486,NA,NA,NA,NA,NA,NA,NA,NA,NA,NA,NA,NA
365.240,2.1612,21.3530,1.1933,18.1939,NA,NA,NA,NA,NA,NA,NA,NA,NA,NA,NA,NA
365.330,2.1751,22.1345,1.2007,18.9240,NA,NA,NA,NA,NA,NA,NA,NA,NA,NA,NA,NA
365.434,2.1808,22.4506,1.2045,19.2976,NA,NA,NA,NA,NA,NA,NA,NA,NA,NA,NA,NA
365.528,2.2001,23.5339,1.2070,19.5529,NA,NA,NA,NA,NA,NA,NA,NA,NA,NA,NA,NA
365.628,2.2020,23.6417,1.2131,20.1543,NA,NA,NA,NA,NA,NA,NA,NA,NA,NA,NA,NA
365.728,2.2059,23.8631,1.2158,20.4232,NA,NA,NA,NA,NA,NA,NA,NA,NA,NA,NA,NA
365.825,2.2137,24.3001,1.2188,20.7146,NA,NA,NA,NA,NA,NA,NA,NA,NA,NA,NA,NA
365.922,2.2137,24.3001,1.2199,20.8235,NA,NA,NA,NA,NA,NA,NA,NA,NA,NA,NA,NA
366.020,2.2150,24.3726,1.2203,20.8621,NA,NA,NA,NA,NA,NA,NA,NA,NA,NA,NA,NA
366.112,2.2150,24.3726,1.2215,20.9806,NA,NA,NA,NA,NA,NA,NA,NA,NA,NA,NA,NA
366.210,2.2164,24.4515,1.2215,20.9832,NA,NA,NA,NA,NA,NA,NA,NA,NA,NA,NA,NA
366.316,2.2164,24.4515,1.2215,20.9832,NA,NA,NA,NA,NA,NA,NA,NA,NA,NA,NA,NA
366.414,2.2162,24.4395,1.2214,20.9791,NA,NA,NA,NA,NA,NA,NA,NA,NA,NA,NA,NA
366.505,2.2162,24.4395,1.2214,20.9791,NA,NA,NA,NA,NA,NA,NA,NA,NA,NA,NA,NA
366.609,2.2083,23.9968,1.2211,20.9429,NA,NA,NA,NA,NA,NA,NA,NA,NA,NA,NA,NA
366.702,2.2070,23.9256,1.2205,20.8889,NA,NA,NA,NA,NA,NA,NA,NA,NA,NA,NA,NA
366.819,2.2070,23.9256,1.2194,20.7798,NA,NA,NA,NA,NA,NA,NA,NA,NA,NA,NA,NA
366.903,2.1969,23.3561,1.2181,20.6467,NA,NA,NA,NA,NA,NA,NA,NA,NA,NA,NA,NA
367.003,2.1969,23.3561,1.2172,20.5617,NA,NA,NA,NA,NA,NA,NA,NA,NA,NA,NA,NA
367.091,2.1927,23.1208,1.2153,20.3698,NA,NA,NA,NA,NA,NA,NA,NA,NA,NA,NA,NA
367.198,2.1904,22.9900,1.2142,20.2588,NA,NA,NA,NA,NA,NA,NA,NA,NA,NA,NA,NA
367.290,2.1820,22.5186,1.2120,20.0408,NA,NA,NA,NA,NA,NA,NA,NA,NA,NA,NA,NA
367.384,2.1785,22.3238,1.2102,19.8663,NA,NA,NA,NA,NA,NA,NA,NA,NA,NA,NA,NA
367.486,2.1785,22.3238,1.2094,19.7854,NA,NA,NA,NA,NA,NA,NA,NA,NA,NA,NA,NA
367.600,2.1760,22.1853,1.2078,19.6225,NA,NA,NA,NA,NA,NA,NA,NA,NA,NA,NA,NA
367.688,2.1760,22.1853,1.2051,19.3615,NA,NA,NA,NA,NA,NA,NA,NA,NA,NA,NA,NA
367.784,2.1715,21.9297,1.2032,19.1751,NA,NA,NA,NA,NA,NA,NA,NA,NA,NA,NA,NA
367.876,2.1707,21.8877,1.2021,19.0631,NA,NA,NA,NA,NA,NA,NA,NA,NA,NA,NA,NA
367.983,2.1614,21.3661,1.2014,18.9923,NA,NA,NA,NA,NA,NA,NA,NA,NA,NA,NA,NA
368.070,2.1578,21.1603,1.2007,18.9284,NA,NA,NA,NA,NA,NA,NA,NA,NA,NA,NA,NA
368.167,2.1531,20.8963,1.1999,18.8415,NA,NA,NA,NA,NA,NA,NA,NA,NA,NA,NA,NA
368.268,2.1478,20.5996,1.1989,18.7451,NA,NA,NA,NA,NA,NA,NA,NA,NA,NA,NA,NA
368.361,2.1478,20.5996,1.1958,18.4423,NA,NA,NA,NA,NA,NA,NA,NA,NA,NA,NA,NA
368.476,2.1428,20.3205,1.1925,18.1073,NA,NA,NA,NA,NA,NA,NA,NA,NA,NA,NA,NA
368.565,2.1428,20.3205,1.1910,17.9670,NA,NA,NA,NA,NA,NA,NA,NA,NA,NA,NA,NA
368.661,2.1309,19.6517,1.1890,17.7689,NA,NA,NA,NA,NA,NA,NA,NA,NA,NA,NA,NA
368.763,2.1288,19.5335,1.1879,17.6516,NA,NA,NA,NA,NA,NA,NA,NA,NA,NA,NA,NA
368.874,2.1272,19.4452,1.1867,17.5374,NA,NA,NA,NA,NA,NA,NA,NA,NA,NA,NA,NA
368.956,2.1193,19.0007,1.1859,17.4632,NA,NA,NA,NA,NA,NA,NA,NA,NA,NA,NA,NA
369.051,2.1201,19.0474,1.1849,17.3557,NA,NA,NA,NA,NA,NA,NA,NA,NA,NA,NA,NA
369.171,2.1232,19.2195,1.1823,17.1063,NA,NA,NA,NA,NA,NA,NA,NA,NA,NA,NA,NA
369.251,2.1267,19.4150,1.1835,17.2206,NA,NA,NA,NA,NA,NA,NA,NA,NA,NA,NA,NA
369.360,2.1533,20.9094,1.1900,17.8645,NA,NA,NA,NA,NA,NA,NA,NA,NA,NA,NA,NA
369.443,2.1771,22.2439,1.2012,18.9741,NA,NA,NA,NA,NA,NA,NA,NA,NA,NA,NA,NA
369.556,2.2093,24.0510,1.2143,20.2728,NA,NA,NA,NA,NA,NA,NA,NA,NA,NA,NA,NA
369.641,2.2255,24.9620,1.2186,20.6954,NA,NA,NA,NA,NA,NA,NA,NA,NA,NA,NA,NA
369.735,2.2347,25.4799,1.2213,20.9643,NA,NA,NA,NA,NA,NA,NA,NA,NA,NA,NA,NA
369.836,2.2398,25.7631,1.2228,21.1155,NA,NA,NA,NA,NA,NA,NA,NA,NA,NA,NA,NA
369.965,2.2398,25.7657,1.2230,21.1284,NA,NA,NA,NA,NA,NA,NA,NA,NA,NA,NA,NA
370.036,2.2398,25.7657,1.2232,21.1504,NA,NA,NA,NA,NA,NA,NA,NA,NA,NA,NA,NA
370.133,2.2348,25.4853,1.2232,21.1504,NA,NA,NA,NA,NA,NA,NA,NA,NA,NA,NA,NA
370.223,2.2313,25.2870,1.2224,21.0775,NA,NA,NA,NA,NA,NA,NA,NA,NA,NA,NA,NA
370.332,2.2250,24.9342,1.2211,20.9407,NA,NA,NA,NA,NA,NA,NA,NA,NA,NA,NA,NA
370.422,2.2069,23.9174,1.2205,20.8839,NA,NA,NA,NA,NA,NA,NA,NA,NA,NA,NA,NA
370.518,2.2045,23.7821,1.2188,20.7170,NA,NA,NA,NA,NA,NA,NA,NA,NA,NA,NA,NA
370.662,2.1903,22.9870,1.2143,20.2665,NA,NA,NA,NA,NA,NA,NA,NA,NA,NA,NA,NA
370.715,2.1799,22.4011,1.2120,20.0445,NA,NA,NA,NA,NA,NA,NA,NA,NA,NA,NA,NA
370.834,2.1706,21.8830,1.2101,19.8549,NA,NA,NA,NA,NA,NA,NA,NA,NA,NA,NA,NA
370.918,2.1680,21.7346,1.2083,19.6752,NA,NA,NA,NA,NA,NA,NA,NA,NA,NA,NA,NA
371.014,2.1611,21.3465,1.2060,19.4516,NA,NA,NA,NA,NA,NA,NA,NA,NA,NA,NA,NA
371.109,2.1580,21.1722,1.2047,19.3245,NA,NA,NA,NA,NA,NA,NA,NA,NA,NA,NA,NA
371.243,2.1580,21.1722,1.2040,19.2474,NA,NA,NA,NA,NA,NA,NA,NA,NA,NA,NA,NA
371.302,2.1548,20.9927,1.2030,19.1503,NA,NA,NA,NA,NA,NA,NA,NA,NA,NA,NA,NA
371.398,2.1548,20.9927,1.2023,19.0846,NA,NA,NA,NA,NA,NA,NA,NA,NA,NA,NA,NA
371.504,2.1476,20.5901,1.2016,19.0087,NA,NA,NA,NA,NA,NA,NA,NA,NA,NA,NA,NA
371.597,2.1462,20.5077,1.2002,18.8749,NA,NA,NA,NA,NA,NA,NA,NA,NA,NA,NA,NA
371.690,2.1436,20.3627,1.1995,18.8070,NA,NA,NA,NA,NA,NA,NA,NA,NA,NA,NA,NA
371.824,2.1420,20.2759,1.1995,18.8070,NA,NA,NA,NA,NA,NA,NA,NA,NA,NA,NA,NA
371.890,2.1411,20.2219,1.1980,18.6601,NA,NA,NA,NA,NA,NA,NA,NA,NA,NA,NA,NA
371.993,2.1417,20.2585,1.1978,18.6339,NA,NA,NA,NA,NA,NA,NA,NA,NA,NA,NA,NA
372.106,2.1417,20.2585,1.1969,18.5507,NA,NA,NA,NA,NA,NA,NA,NA,NA,NA,NA,NA
372.189,2.1331,19.7737,1.1959,18.4483,NA,NA,NA,NA,NA,NA,NA,NA,NA,NA,NA,NA
372.279,2.1320,19.7133,1.1950,18.3624,NA,NA,NA,NA,NA,NA,NA,NA,NA,NA,NA,NA
372.380,2.1138,18.6921,1.1942,18.2770,NA,NA,NA,NA,NA,NA,NA,NA,NA,NA,NA,NA
372.477,2.1135,18.6762,1.1934,18.1965,NA,NA,NA,NA,NA,NA,NA,NA,NA,NA,NA,NA
372.572,2.1135,18.6762,1.1917,18.0287,NA,NA,NA,NA,NA,NA,NA,NA,NA,NA,NA,NA
372.679,2.1147,18.7411,1.1917,18.0287,NA,NA,NA,NA,NA,NA,NA,NA,NA,NA,NA,NA
372.772,2.1147,18.7411,1.1907,17.9318,NA,NA,NA,NA,NA,NA,NA,NA,NA,NA,NA,NA
372.874,2.1140,18.7008,1.1905,17.9096,NA,NA,NA,NA,NA,NA,NA,NA,NA,NA,NA,NA
372.969,2.1140,18.7008,1.1905,17.9096,NA,NA,NA,NA,NA,NA,NA,NA,NA,NA,NA,NA
373.065,2.1247,19.3047,1.1930,18.1620,NA,NA,NA,NA,NA,NA,NA,NA,NA,NA,NA,NA
373.163,2.1468,20.5419,1.2005,18.9090,NA,NA,NA,NA,NA,NA,NA,NA,NA,NA,NA,NA
373.260,2.1747,22.1117,1.2161,20.4506,NA,NA,NA,NA,NA,NA,NA,NA,NA,NA,NA,NA
373.392,2.2157,24.4151,1.2247,21.3056,NA,NA,NA,NA,NA,NA,NA,NA,NA,NA,NA,NA
373.459,2.2299,25.2075,1.2348,22.3008,NA,NA,NA,NA,NA,NA,NA,NA,NA,NA,NA,NA
373.556,2.2335,25.4104,1.2376,22.5768,NA,NA,NA,NA,NA,NA,NA,NA,NA,NA,NA,NA
373.663,2.2363,25.5666,1.2376,22.5768,NA,NA,NA,NA,NA,NA,NA,NA,NA,NA,NA,NA
373.756,2.2397,25.7625,1.2406,22.8762,NA,NA,NA,NA,NA,NA,NA,NA,NA,NA,NA,NA
373.845,2.2397,25.7625,1.2410,22.9122,NA,NA,NA,NA,NA,NA,NA,NA,NA,NA,NA,NA
373.942,2.2343,25.4580,1.2411,22.9229,NA,NA,NA,NA,NA,NA,NA,NA,NA,NA,NA,NA
374.049,2.2316,25.3051,1.2411,22.9229,NA,NA,NA,NA,NA,NA,NA,NA,NA,NA,NA,NA
374.142,2.2260,24.9888,1.2401,22.8272,NA,NA,NA,NA,NA,NA,NA,NA,NA,NA,NA,NA
374.244,2.2239,24.8738,1.2382,22.6401,NA,NA,NA,NA,NA,NA,NA,NA,NA,NA,NA,NA
374.338,2.1973,23.3769,1.2367,22.4929,NA,NA,NA,NA,NA,NA,NA,NA,NA,NA,NA,NA
374.434,2.1877,22.8380,1.2341,22.2353,NA,NA,NA,NA,NA,NA,NA,NA,NA,NA,NA,NA
374.530,2.1730,22.0153,1.2298,21.8071,NA,NA,NA,NA,NA,NA,NA,NA,NA,NA,NA,NA
374.641,2.1658,21.6096,1.2278,21.6105,NA,NA,NA,NA,NA,NA,NA,NA,NA,NA,NA,NA
374.731,2.1619,21.3913,1.2232,21.1559,NA,NA,NA,NA,NA,NA,NA,NA,NA,NA,NA,NA
374.836,2.1466,20.5343,1.2209,20.9229,NA,NA,NA,NA,NA,NA,NA,NA,NA,NA,NA,NA
374.922,2.1446,20.4213,1.2189,20.7251,NA,NA,NA,NA,NA,NA,NA,NA,NA,NA,NA,NA
375.020,2.1334,19.7905,1.2183,20.6649,NA,NA,NA,NA,NA,NA,NA,NA,NA,NA,NA,NA
375.120,2.1333,19.7838,1.2177,20.6086,NA,NA,NA,NA,NA,NA,NA,NA,NA,NA,NA,NA
375.226,2.1287,19.5250,1.2171,20.5480,NA,NA,NA,NA,NA,NA,NA,NA,NA,NA,NA,NA
375.320,2.1253,19.3392,1.2163,20.4664,NA,NA,NA,NA,NA,NA,NA,NA,NA,NA,NA,NA
375.444,2.1242,19.2771,1.2133,20.1690,NA,NA,NA,NA,NA,NA,NA,NA,NA,NA,NA,NA
375.510,2.1260,19.3765,1.2112,19.9666,NA,NA,NA,NA,NA,NA,NA,NA,NA,NA,NA,NA
375.610,2.1260,19.3765,1.2104,19.8894,NA,NA,NA,NA,NA,NA,NA,NA,NA,NA,NA,NA
375.713,2.1278,19.4782,1.2091,19.7543,NA,NA,NA,NA,NA,NA,NA,NA,NA,NA,NA,NA
375.806,2.1278,19.4782,1.2087,19.7130,NA,NA,NA,NA,NA,NA,NA,NA,NA,NA,NA,NA
375.905,2.1236,19.2436,1.2075,19.5957,NA,NA,NA,NA,NA,NA,NA,NA,NA,NA,NA,NA
376.036,2.1202,19.0487,1.2074,19.5842,NA,NA,NA,NA,NA,NA,NA,NA,NA,NA,NA,NA
376.100,2.1202,19.0487,1.2066,19.5048,NA,NA,NA,NA,NA,NA,NA,NA,NA,NA,NA,NA
376.209,2.1170,18.8730,1.2063,19.4768,NA,NA,NA,NA,NA,NA,NA,NA,NA,NA,NA,NA
376.290,2.1170,18.8730,1.2038,19.2307,NA,NA,NA,NA,NA,NA,NA,NA,NA,NA,NA,NA
376.407,2.1158,18.8036,1.2033,19.1812,NA,NA,NA,NA,NA,NA,NA,NA,NA,NA,NA,NA
376.494,2.1158,18.8036,1.2027,19.1243,NA,NA,NA,NA,NA,NA,NA,NA,NA,NA,NA,NA
376.591,2.1115,18.5595,1.2015,19.0082,NA,NA,NA,NA,NA,NA,NA,NA,NA,NA,NA,NA
376.689,2.1115,18.5595,1.2012,18.9760,NA,NA,NA,NA,NA,NA,NA,NA,NA,NA,NA,NA
376.783,2.1087,18.4024,1.2001,18.8626,NA,NA,NA,NA,NA,NA,NA,NA,NA,NA,NA,NA
376.883,2.1092,18.4334,1.2001,18.8626,NA,NA,NA,NA,NA,NA,NA,NA,NA,NA,NA,NA
376.996,2.1092,18.4334,1.1988,18.7389,NA,NA,NA,NA,NA,NA,NA,NA,NA,NA,NA,NA
377.082,2.1093,18.4372,1.1986,18.7141,NA,NA,NA,NA,NA,NA,NA,NA,NA,NA,NA,NA
377.261,2.1093,18.4372,1.1978,18.6328,NA,NA,NA,NA,NA,NA,NA,NA,NA,NA,NA,NA
377.284,2.1006,17.9493,1.1979,18.6484,NA,NA,NA,NA,NA,NA,NA,NA,NA,NA,NA,NA
377.380,2.1006,17.9493,1.1982,18.6741,NA,NA,NA,NA,NA,NA,NA,NA,NA,NA,NA,NA
377.474,2.0948,17.6227,1.1982,18.6741,NA,NA,NA,NA,NA,NA,NA,NA,NA,NA,NA,NA
377.569,2.0967,17.7322,1.1981,18.6657,NA,NA,NA,NA,NA,NA,NA,NA,NA,NA,NA,NA
377.675,2.0967,17.7322,1.1981,18.6657,NA,NA,NA,NA,NA,NA,NA,NA,NA,NA,NA,NA
377.771,2.0918,17.4573,1.1969,18.5434,NA,NA,NA,NA,NA,NA,NA,NA,NA,NA,NA,NA
377.863,2.0917,17.4519,1.1950,18.3557,NA,NA,NA,NA,NA,NA,NA,NA,NA,NA,NA,NA
377.969,2.0908,17.4015,1.1942,18.2800,NA,NA,NA,NA,NA,NA,NA,NA,NA,NA,NA,NA
378.057,2.0908,17.4015,1.1942,18.2800,NA,NA,NA,NA,NA,NA,NA,NA,NA,NA,NA,NA
378.159,2.0904,17.3791,1.1940,18.2646,NA,NA,NA,NA,NA,NA,NA,NA,NA,NA,NA,NA
378.265,2.0904,17.3742,1.1940,18.2626,NA,NA,NA,NA,NA,NA,NA,NA,NA,NA,NA,NA
378.353,2.0879,17.2369,1.1927,18.1326,NA,NA,NA,NA,NA,NA,NA,NA,NA,NA,NA,NA
378.446,2.0871,17.1941,1.1911,17.9698,NA,NA,NA,NA,NA,NA,NA,NA,NA,NA,NA,NA
378.563,2.0856,17.1063,1.1895,17.8191,NA,NA,NA,NA,NA,NA,NA,NA,NA,NA,NA,NA
378.645,2.0866,17.1655,1.1894,17.8091,NA,NA,NA,NA,NA,NA,NA,NA,NA,NA,NA,NA
378.733,2.0866,17.1655,1.1885,17.7115,NA,NA,NA,NA,NA,NA,NA,NA,NA,NA,NA,NA
378.837,2.0810,16.8500,1.1880,17.6699,NA,NA,NA,NA,NA,NA,NA,NA,NA,NA,NA,NA
378.946,2.0787,16.7204,1.1872,17.5880,NA,NA,NA,NA,NA,NA,NA,NA,NA,NA,NA,NA
379.053,2.0767,16.6084,1.1856,17.4295,NA,NA,NA,NA,NA,NA,NA,NA,NA,NA,NA,NA
379.138,2.0735,16.4291,1.1849,17.3545,NA,NA,NA,NA,NA,NA,NA,NA,NA,NA,NA,NA
379.237,2.0735,16.4291,1.1843,17.2977,NA,NA,NA,NA,NA,NA,NA,NA,NA,NA,NA,NA
379.332,2.0628,15.8254,1.1833,17.1996,NA,NA,NA,NA,NA,NA,NA,NA,NA,NA,NA,NA
379.425,2.0631,15.8455,1.1829,17.1601,NA,NA,NA,NA,NA,NA,NA,NA,NA,NA,NA,NA
379.537,2.0666,16.0395,1.1822,17.0944,NA,NA,NA,NA,NA,NA,NA,NA,NA,NA,NA,NA
379.666,2.0666,16.0395,1.1821,17.0782,NA,NA,NA,NA,NA,NA,NA,NA,NA,NA,NA,NA
379.721,2.0672,16.0743,1.1802,16.8939,NA,NA,NA,NA,NA,NA,NA,NA,NA,NA,NA,NA
379.823,2.0672,16.0743,1.1802,16.8939,NA,NA,NA,NA,NA,NA,NA,NA,NA,NA,NA,NA
379.923,2.0638,15.8819,1.1794,16.8115,NA,NA,NA,NA,NA,NA,NA,NA,NA,NA,NA,NA
380.020,2.0637,15.8780,1.1794,16.8115,NA,NA,NA,NA,NA,NA,NA,NA,NA,NA,NA,NA
380.115,2.0562,15.4556,1.1783,16.7057,NA,NA,NA,NA,NA,NA,NA,NA,NA,NA,NA,NA
380.223,2.0541,15.3402,1.1784,16.7116,NA,NA,NA,NA,NA,NA,NA,NA,NA,NA,NA,NA
380.313,2.0523,15.2356,1.1784,16.7116,NA,NA,NA,NA,NA,NA,NA,NA,NA,NA,NA,NA
380.403,2.0588,15.6020,1.1782,16.6994,NA,NA,NA,NA,NA,NA,NA,NA,NA,NA,NA,NA
380.502,2.0588,15.6020,1.1778,16.6579,NA,NA,NA,NA,NA,NA,NA,NA,NA,NA,NA,NA
380.605,2.0502,15.1206,1.1772,16.5959,NA,NA,NA,NA,NA,NA,NA,NA,NA,NA,NA,NA
380.699,2.0490,15.0505,1.1757,16.4521,NA,NA,NA,NA,NA,NA,NA,NA,NA,NA,NA,NA
380.838,2.0502,15.1182,1.1747,16.3440,NA,NA,NA,NA,NA,NA,NA,NA,NA,NA,NA,NA
380.902,2.0502,15.1182,1.1743,16.3070,NA,NA,NA,NA,NA,NA,NA,NA,NA,NA,NA,NA
380.993,2.0470,14.9409,1.1742,16.2978,NA,NA,NA,NA,NA,NA,NA,NA,NA,NA,NA,NA
381.098,2.0470,14.9409,1.1742,16.2978,NA,NA,NA,NA,NA,NA,NA,NA,NA,NA,NA,NA
381.187,2.0465,14.9100,1.1732,16.2025,NA,NA,NA,NA,NA,NA,NA,NA,NA,NA,NA,NA
381.288,2.0420,14.6590,1.1729,16.1725,NA,NA,NA,NA,NA,NA,NA,NA,NA,NA,NA,NA
381.393,2.0418,14.6486,1.1718,16.0623,NA,NA,NA,NA,NA,NA,NA,NA,NA,NA,NA,NA
381.484,2.0408,14.5946,1.1709,15.9683,NA,NA,NA,NA,NA,NA,NA,NA,NA,NA,NA,NA
381.585,2.0404,14.5688,1.1690,15.7819,NA,NA,NA,NA,NA,NA,NA,NA,NA,NA,NA,NA
381.678,2.0386,14.4712,1.1679,15.6767,NA,NA,NA,NA,NA,NA,NA,NA,NA,NA,NA,NA
381.783,2.0377,14.4161,1.1673,15.6137,NA,NA,NA,NA,NA,NA,NA,NA,NA,NA,NA,NA
381.874,2.0354,14.2868,1.1668,15.5703,NA,NA,NA,NA,NA,NA,NA,NA,NA,NA,NA,NA
381.974,2.0347,14.2484,1.1664,15.5275,NA,NA,NA,NA,NA,NA,NA,NA,NA,NA,NA,NA
382.075,2.0347,14.2484,1.1655,15.4397,NA,NA,NA,NA,NA,NA,NA,NA,NA,NA,NA,NA
382.165,2.0347,14.2485,1.1650,15.3846,NA,NA,NA,NA,NA,NA,NA,NA,NA,NA,NA,NA
382.263,2.0347,14.2485,1.1626,15.1530,NA,NA,NA,NA,NA,NA,NA,NA,NA,NA,NA,NA
382.362,2.0344,14.2325,1.1626,15.1467,NA,NA,NA,NA,NA,NA,NA,NA,NA,NA,NA,NA
382.471,2.0317,14.0835,1.1626,15.1467,NA,NA,NA,NA,NA,NA,NA,NA,NA,NA,NA,NA
382.623,2.0241,13.6525,1.1616,15.0500,NA,NA,NA,NA,NA,NA,NA,NA,NA,NA,NA,NA
382.659,2.0259,13.7566,1.1614,15.0356,NA,NA,NA,NA,NA,NA,NA,NA,NA,NA,NA,NA
382.759,2.0259,13.7566,1.1604,14.9347,NA,NA,NA,NA,NA,NA,NA,NA,NA,NA,NA,NA
382.857,2.0235,13.6231,1.1601,14.9039,NA,NA,NA,NA,NA,NA,NA,NA,NA,NA,NA,NA
382.950,2.0235,13.6231,1.1594,14.8309,NA,NA,NA,NA,NA,NA,NA,NA,NA,NA,NA,NA
383.050,2.0250,13.7021,1.1583,14.7266,NA,NA,NA,NA,NA,NA,NA,NA,NA,NA,NA,NA
383.145,2.0250,13.7021,1.1568,14.5769,NA,NA,NA,NA,NA,NA,NA,NA,NA,NA,NA,NA
383.247,2.0171,13.2621,1.1564,14.5361,NA,NA,NA,NA,NA,NA,NA,NA,NA,NA,NA,NA
383.349,2.0147,13.1258,1.1564,14.5329,NA,NA,NA,NA,NA,NA,NA,NA,NA,NA,NA,NA
383.441,2.0112,12.9308,1.1562,14.5140,NA,NA,NA,NA,NA,NA,NA,NA,NA,NA,NA,NA
383.544,2.0166,13.2355,1.1562,14.5140,NA,NA,NA,NA,NA,NA,NA,NA,NA,NA,NA,NA
383.641,2.0166,13.2355,1.1556,14.4555,NA,NA,NA,NA,NA,NA,NA,NA,NA,NA,NA,NA
383.763,2.0187,13.3537,1.1549,14.3912,NA,NA,NA,NA,NA,NA,NA,NA,NA,NA,NA,NA
383.833,2.0187,13.3537,1.1535,14.2478,NA,NA,NA,NA,NA,NA,NA,NA,NA,NA,NA,NA
383.935,2.0107,12.9043,1.1527,14.1655,NA,NA,NA,NA,NA,NA,NA,NA,NA,NA,NA,NA
384.038,2.0076,12.7282,1.1521,14.1065,NA,NA,NA,NA,NA,NA,NA,NA,NA,NA,NA,NA
384.127,2.0058,12.6276,1.1508,13.9828,NA,NA,NA,NA,NA,NA,NA,NA,NA,NA,NA,NA
384.232,2.0090,12.8056,1.1504,13.9459,NA,NA,NA,NA,NA,NA,NA,NA,NA,NA,NA,NA
384.325,2.0090,12.8056,1.1499,13.8942,NA,NA,NA,NA,NA,NA,NA,NA,NA,NA,NA,NA
384.476,2.0057,12.6206,1.1498,13.8790,NA,NA,NA,NA,NA,NA,NA,NA,NA,NA,NA,NA
384.516,2.0057,12.6206,1.1493,13.8352,NA,NA,NA,NA,NA,NA,NA,NA,NA,NA,NA,NA
384.627,2.0039,12.5204,1.1490,13.8062,NA,NA,NA,NA,NA,NA,NA,NA,NA,NA,NA,NA
384.722,2.0039,12.5204,1.1487,13.7756,NA,NA,NA,NA,NA,NA,NA,NA,NA,NA,NA,NA
384.809,2.0022,12.4258,1.1485,13.7572,NA,NA,NA,NA,NA,NA,NA,NA,NA,NA,NA,NA
384.916,2.0044,12.5463,1.1476,13.6678,NA,NA,NA,NA,NA,NA,NA,NA,NA,NA,NA,NA
385.049,2.0044,12.5463,1.1471,13.6170,NA,NA,NA,NA,NA,NA,NA,NA,NA,NA,NA,NA
385.105,2.0004,12.3260,1.1467,13.5786,NA,NA,NA,NA,NA,NA,NA,NA,NA,NA,NA,NA
385.200,2.0004,12.3260,1.1458,13.4844,NA,NA,NA,NA,NA,NA,NA,NA,NA,NA,NA,NA
385.306,1.9980,12.1906,1.1458,13.4844,NA,NA,NA,NA,NA,NA,NA,NA,NA,NA,NA,NA
385.405,1.9980,12.1906,1.1438,13.2877,NA,NA,NA,NA,NA,NA,NA,NA,NA,NA,NA,NA
385.499,1.9968,12.1197,1.1438,13.2877,NA,NA,NA,NA,NA,NA,NA,NA,NA,NA,NA,NA
385.639,1.9960,12.0737,1.1428,13.1907,NA,NA,NA,NA,NA,NA,NA,NA,NA,NA,NA,NA
385.691,1.9947,12.0015,1.1420,13.1119,NA,NA,NA,NA,NA,NA,NA,NA,NA,NA,NA,NA
385.792,1.9957,12.0575,1.1418,13.0875,NA,NA,NA,NA,NA,NA,NA,NA,NA,NA,NA,NA
385.899,1.9957,12.0575,1.1408,12.9959,NA,NA,NA,NA,NA,NA,NA,NA,NA,NA,NA,NA
385.995,1.9909,11.7926,1.1399,12.8975,NA,NA,NA,NA,NA,NA,NA,NA,NA,NA,NA,NA
386.082,1.9900,11.7417,1.1390,12.8114,NA,NA,NA,NA,NA,NA,NA,NA,NA,NA,NA,NA
386.253,1.9940,11.9653,1.1390,12.8114,NA,NA,NA,NA,NA,NA,NA,NA,NA,NA,NA,NA
386.279,1.9940,11.9653,1.1386,12.7707,NA,NA,NA,NA,NA,NA,NA,NA,NA,NA,NA,NA
386.376,1.9940,11.9621,1.1385,12.7642,NA,NA,NA,NA,NA,NA,NA,NA,NA,NA,NA,NA
386.475,1.9938,11.9508,1.1381,12.7287,NA,NA,NA,NA,NA,NA,NA,NA,NA,NA,NA,NA
386.589,1.9938,11.9543,1.1372,12.6390,NA,NA,NA,NA,NA,NA,NA,NA,NA,NA,NA,NA
386.673,1.9938,11.9543,1.1365,12.5630,NA,NA,NA,NA,NA,NA,NA,NA,NA,NA,NA,NA
386.768,1.9864,11.5401,1.1358,12.4955,NA,NA,NA,NA,NA,NA,NA,NA,NA,NA,NA,NA
386.866,1.9853,11.4751,1.1356,12.4771,NA,NA,NA,NA,NA,NA,NA,NA,NA,NA,NA,NA
386.966,1.9783,11.0825,1.1347,12.3830,NA,NA,NA,NA,NA,NA,NA,NA,NA,NA,NA,NA
387.057,1.9880,11.6274,1.1341,12.3262,NA,NA,NA,NA,NA,NA,NA,NA,NA,NA,NA,NA
387.169,1.9880,11.6274,1.1337,12.2872,NA,NA,NA,NA,NA,NA,NA,NA,NA,NA,NA,NA
387.266,1.9825,11.3201,1.1335,12.2711,NA,NA,NA,NA,NA,NA,NA,NA,NA,NA,NA,NA
387.363,1.9825,11.3201,1.1330,12.2192,NA,NA,NA,NA,NA,NA,NA,NA,NA,NA,NA,NA
387.499,1.9801,11.1823,1.1330,12.2168,NA,NA,NA,NA,NA,NA,NA,NA,NA,NA,NA,NA
387.555,1.9786,11.0973,1.1330,12.2168,NA,NA,NA,NA,NA,NA,NA,NA,NA,NA,NA,NA
387.660,1.9781,11.0734,1.1329,12.2046,NA,NA,NA,NA,NA,NA,NA,NA,NA,NA,NA,NA
387.747,1.9805,11.2066,1.1329,12.2046,NA,NA,NA,NA,NA,NA,NA,NA,NA,NA,NA,NA
387.850,1.9805,11.2066,1.1311,12.0319,NA,NA,NA,NA,NA,NA,NA,NA,NA,NA,NA,NA
387.949,1.9804,11.1982,1.1311,12.0319,NA,NA,NA,NA,NA,NA,NA,NA,NA,NA,NA,NA
388.049,1.9804,11.1982,1.1304,11.9594,NA,NA,NA,NA,NA,NA,NA,NA,NA,NA,NA,NA
388.139,1.9793,11.1360,1.1301,11.9272,NA,NA,NA,NA,NA,NA,NA,NA,NA,NA,NA,NA
388.240,1.9793,11.1360,1.1289,11.8109,NA,NA,NA,NA,NA,NA,NA,NA,NA,NA,NA,NA
388.334,1.9771,11.0142,1.1285,11.7686,NA,NA,NA,NA,NA,NA,NA,NA,NA,NA,NA,NA
388.436,1.9701,10.6226,1.1277,11.6923,NA,NA,NA,NA,NA,NA,NA,NA,NA,NA,NA,NA
388.524,1.9701,10.6226,1.1269,11.6172,NA,NA,NA,NA,NA,NA,NA,NA,NA,NA,NA,NA
388.678,1.9739,10.8333,1.1267,11.5933,NA,NA,NA,NA,NA,NA,NA,NA,NA,NA,NA,NA
388.745,1.9739,10.8333,1.1265,11.5701,NA,NA,NA,NA,NA,NA,NA,NA,NA,NA,NA,NA
388.825,1.9753,10.9122,1.1254,11.4706,NA,NA,NA,NA,NA,NA,NA,NA,NA,NA,NA,NA
388.929,1.9753,10.9122,1.1254,11.4706,NA,NA,NA,NA,NA,NA,NA,NA,NA,NA,NA,NA
389.029,1.9717,10.7134,1.1250,11.4313,NA,NA,NA,NA,NA,NA,NA,NA,NA,NA,NA,NA
389.119,1.9717,10.7134,1.1246,11.3877,NA,NA,NA,NA,NA,NA,NA,NA,NA,NA,NA,NA
389.235,1.9584,9.9655,1.1235,11.2800,NA,NA,NA,NA,NA,NA,NA,NA,NA,NA,NA,NA
389.317,1.9617,10.1526,1.1234,11.2667,NA,NA,NA,NA,NA,NA,NA,NA,NA,NA,NA,NA
389.423,1.9617,10.1526,1.1231,11.2359,NA,NA,NA,NA,NA,NA,NA,NA,NA,NA,NA,NA
389.512,1.9668,10.4343,1.1231,11.2359,NA,NA,NA,NA,NA,NA,NA,NA,NA,NA,NA,NA
389.615,1.9668,10.4343,1.1231,11.2345,NA,NA,NA,NA,NA,NA,NA,NA,NA,NA,NA,NA
389.715,1.9631,10.2296,1.1231,11.2345,NA,NA,NA,NA,NA,NA,NA,NA,NA,NA,NA,NA
389.857,1.9631,10.2296,1.1219,11.1225,NA,NA,NA,NA,NA,NA,NA,NA,NA,NA,NA,NA
389.901,1.9592,10.0088,1.1208,11.0065,NA,NA,NA,NA,NA,NA,NA,NA,NA,NA,NA,NA
390.031,1.9584,9.9672,1.1206,10.9912,NA,NA,NA,NA,NA,NA,NA,NA,NA,NA,NA,NA
390.104,1.9570,9.8891,1.1197,10.9048,NA,NA,NA,NA,NA,NA,NA,NA,NA,NA,NA,NA
390.207,1.9570,9.8891,1.1197,10.9048,NA,NA,NA,NA,NA,NA,NA,NA,NA,NA,NA,NA
390.299,1.9561,9.8387,1.1197,10.9001,NA,NA,NA,NA,NA,NA,NA,NA,NA,NA,NA,NA
390.401,1.9571,9.8919,1.1190,10.8292,NA,NA,NA,NA,NA,NA,NA,NA,NA,NA,NA,NA
390.487,1.9571,9.8919,1.1164,10.5752,NA,NA,NA,NA,NA,NA,NA,NA,NA,NA,NA,NA
390.591,1.9496,9.4728,1.1164,10.5752,NA,NA,NA,NA,NA,NA,NA,NA,NA,NA,NA,NA
390.680,1.9502,9.5067,1.1156,10.4982,NA,NA,NA,NA,NA,NA,NA,NA,NA,NA,NA,NA
390.787,1.9502,9.5067,1.1158,10.5170,NA,NA,NA,NA,NA,NA,NA,NA,NA,NA,NA,NA
390.883,1.9504,9.5164,1.1171,10.6450,NA,NA,NA,NA,NA,NA,NA,NA,NA,NA,NA,NA
391.017,1.9504,9.5164,1.1171,10.6450,NA,NA,NA,NA,NA,NA,NA,NA,NA,NA,NA,NA
391.081,1.9527,9.6455,1.1162,10.5513,NA,NA,NA,NA,NA,NA,NA,NA,NA,NA,NA,NA
391.180,1.9527,9.6455,1.1155,10.4826,NA,NA,NA,NA,NA,NA,NA,NA,NA,NA,NA,NA
391.276,1.9484,9.4017,1.1150,10.4388,NA,NA,NA,NA,NA,NA,NA,NA,NA,NA,NA,NA
391.380,1.9484,9.4017,1.1147,10.4014,NA,NA,NA,NA,NA,NA,NA,NA,NA,NA,NA,NA
391.481,1.9473,9.3419,1.1146,10.3995,NA,NA,NA,NA,NA,NA,NA,NA,NA,NA,NA,NA
391.579,1.9473,9.3419,1.1144,10.3718,NA,NA,NA,NA,NA,NA,NA,NA,NA,NA,NA,NA
391.668,1.9486,9.4141,1.1144,10.3718,NA,NA,NA,NA,NA,NA,NA,NA,NA,NA,NA,NA
391.761,1.9486,9.4141,1.1137,10.3045,NA,NA,NA,NA,NA,NA,NA,NA,NA,NA,NA,NA
391.876,1.9479,9.3738,1.1124,10.1808,NA,NA,NA,NA,NA,NA,NA,NA,NA,NA,NA,NA
391.964,1.9432,9.1131,1.1118,10.1232,NA,NA,NA,NA,NA,NA,NA,NA,NA,NA,NA,NA
392.060,1.9418,9.0344,1.1117,10.1137,NA,NA,NA,NA,NA,NA,NA,NA,NA,NA,NA,NA
392.157,1.9440,9.1584,1.1117,10.1137,NA,NA,NA,NA,NA,NA,NA,NA,NA,NA,NA,NA
392.250,1.9440,9.1584,1.1117,10.1042,NA,NA,NA,NA,NA,NA,NA,NA,NA,NA,NA,NA
392.355,1.9437,9.1419,1.1117,10.1042,NA,NA,NA,NA,NA,NA,NA,NA,NA,NA,NA,NA
392.446,1.9437,9.1419,1.1117,10.1055,NA,NA,NA,NA,NA,NA,NA,NA,NA,NA,NA,NA
392.554,1.9382,8.8300,1.1117,10.1055,NA,NA,NA,NA,NA,NA,NA,NA,NA,NA,NA,NA
392.655,1.9359,8.7019,1.1109,10.0318,NA,NA,NA,NA,NA,NA,NA,NA,NA,NA,NA,NA
392.744,1.9361,8.7138,1.1106,9.9996,NA,NA,NA,NA,NA,NA,NA,NA,NA,NA,NA,NA
392.838,1.9384,8.8428,1.1103,9.9668,NA,NA,NA,NA,NA,NA,NA,NA,NA,NA,NA,NA
392.941,1.9384,8.8428,1.1100,9.9455,NA,NA,NA,NA,NA,NA,NA,NA,NA,NA,NA,NA
393.041,1.9412,8.9974,1.1087,9.8137,NA,NA,NA,NA,NA,NA,NA,NA,NA,NA,NA,NA
393.135,1.9412,8.9974,1.1078,9.7206,NA,NA,NA,NA,NA,NA,NA,NA,NA,NA,NA,NA
393.236,1.9375,8.7918,1.1072,9.6645,NA,NA,NA,NA,NA,NA,NA,NA,NA,NA,NA,NA
393.333,1.9375,8.7918,1.1072,9.6645,NA,NA,NA,NA,NA,NA,NA,NA,NA,NA,NA,NA
393.464,1.9333,8.5585,1.1072,9.6625,NA,NA,NA,NA,NA,NA,NA,NA,NA,NA,NA,NA
393.524,1.9332,8.5492,1.1059,9.5347,NA,NA,NA,NA,NA,NA,NA,NA,NA,NA,NA,NA
393.633,1.9299,8.3633,1.1051,9.4535,NA,NA,NA,NA,NA,NA,NA,NA,NA,NA,NA,NA
393.719,1.9293,8.3308,1.1051,9.4533,NA,NA,NA,NA,NA,NA,NA,NA,NA,NA,NA,NA
393.819,1.9293,8.3308,1.1025,9.1984,NA,NA,NA,NA,NA,NA,NA,NA,NA,NA,NA,NA
393.917,1.9285,8.2842,1.1017,9.1140,NA,NA,NA,NA,NA,NA,NA,NA,NA,NA,NA,NA
394.037,1.9285,8.2842,1.1015,9.0953,NA,NA,NA,NA,NA,NA,NA,NA,NA,NA,NA,NA
394.114,1.9218,7.9073,1.1008,9.0297,NA,NA,NA,NA,NA,NA,NA,NA,NA,NA,NA,NA
394.211,1.9284,8.2783,1.1019,9.1415,NA,NA,NA,NA,NA,NA,NA,NA,NA,NA,NA,NA
394.309,1.9597,10.0384,1.1128,10.2207,NA,NA,NA,NA,NA,NA,NA,NA,NA,NA,NA,NA
394.404,2.0030,12.4716,1.1237,11.2951,NA,NA,NA,NA,NA,NA,NA,NA,NA,NA,NA,NA
394.506,2.0316,14.0747,1.1362,12.5374,NA,NA,NA,NA,NA,NA,NA,NA,NA,NA,NA,NA
394.670,2.0651,15.9545,1.1467,13.5765,NA,NA,NA,NA,NA,NA,NA,NA,NA,NA,NA,NA
394.701,2.0865,17.1562,1.1593,14.8203,NA,NA,NA,NA,NA,NA,NA,NA,NA,NA,NA,NA
394.796,2.1195,19.0116,1.1683,15.7196,NA,NA,NA,NA,NA,NA,NA,NA,NA,NA,NA,NA
394.899,2.1403,20.1765,1.1768,16.5566,NA,NA,NA,NA,NA,NA,NA,NA,NA,NA,NA,NA
395.002,2.1527,20.8766,1.1862,17.4878,NA,NA,NA,NA,NA,NA,NA,NA,NA,NA,NA,NA
395.093,2.1777,22.2799,1.1939,18.2491,NA,NA,NA,NA,NA,NA,NA,NA,NA,NA,NA,NA
395.234,2.1911,23.0305,1.1988,18.7400,NA,NA,NA,NA,NA,NA,NA,NA,NA,NA,NA,NA
395.288,2.2064,23.8903,1.2037,19.2176,NA,NA,NA,NA,NA,NA,NA,NA,NA,NA,NA,NA
395.383,2.2079,23.9737,1.2061,19.4605,NA,NA,NA,NA,NA,NA,NA,NA,NA,NA,NA,NA
395.490,2.2093,24.0546,1.2066,19.5045,NA,NA,NA,NA,NA,NA,NA,NA,NA,NA,NA,NA
395.588,2.2093,24.0546,1.2072,19.5679,NA,NA,NA,NA,NA,NA,NA,NA,NA,NA,NA,NA
395.693,2.1990,23.4757,1.2072,19.5679,NA,NA,NA,NA,NA,NA,NA,NA,NA,NA,NA,NA
395.797,2.1868,22.7885,1.2040,19.2514,NA,NA,NA,NA,NA,NA,NA,NA,NA,NA,NA,NA
395.873,2.1659,21.6167,1.1987,18.7288,NA,NA,NA,NA,NA,NA,NA,NA,NA,NA,NA,NA
395.970,2.1589,21.2222,1.1963,18.4836,NA,NA,NA,NA,NA,NA,NA,NA,NA,NA,NA,NA
396.075,2.1551,21.0098,1.1925,18.1154,NA,NA,NA,NA,NA,NA,NA,NA,NA,NA,NA,NA
396.184,2.1449,20.4397,1.1896,17.8290,NA,NA,NA,NA,NA,NA,NA,NA,NA,NA,NA,NA
396.270,2.1393,20.1202,1.1870,17.5650,NA,NA,NA,NA,NA,NA,NA,NA,NA,NA,NA,NA
396.438,2.1305,19.6300,1.1852,17.3901,NA,NA,NA,NA,NA,NA,NA,NA,NA,NA,NA,NA
396.459,2.1237,19.2461,1.1837,17.2413,NA,NA,NA,NA,NA,NA,NA,NA,NA,NA,NA,NA
396.568,2.1165,18.8452,1.1823,17.1000,NA,NA,NA,NA,NA,NA,NA,NA,NA,NA,NA,NA
396.656,2.1134,18.6670,1.1805,16.9232,NA,NA,NA,NA,NA,NA,NA,NA,NA,NA,NA,NA
396.759,2.1062,18.2630,1.1794,16.8184,NA,NA,NA,NA,NA,NA,NA,NA,NA,NA,NA,NA
396.856,2.1023,18.0434,1.1772,16.5977,NA,NA,NA,NA,NA,NA,NA,NA,NA,NA,NA,NA
396.986,2.0999,17.9121,1.1734,16.2241,NA,NA,NA,NA,NA,NA,NA,NA,NA,NA,NA,NA
397.053,2.0939,17.5744,1.1715,16.0346,NA,NA,NA,NA,NA,NA,NA,NA,NA,NA,NA,NA
397.147,2.0926,17.4987,1.1693,15.8176,NA,NA,NA,NA,NA,NA,NA,NA,NA,NA,NA,NA
397.250,2.0828,16.9504,1.1675,15.6359,NA,NA,NA,NA,NA,NA,NA,NA,NA,NA,NA,NA
397.345,2.0821,16.9084,1.1675,15.6322,NA,NA,NA,NA,NA,NA,NA,NA,NA,NA,NA,NA
397.443,2.0762,16.5779,1.1657,15.4561,NA,NA,NA,NA,NA,NA,NA,NA,NA,NA,NA,NA
397.611,2.0740,16.4537,1.1649,15.3743,NA,NA,NA,NA,NA,NA,NA,NA,NA,NA,NA,NA
397.634,2.0740,16.4537,1.1630,15.1888,NA,NA,NA,NA,NA,NA,NA,NA,NA,NA,NA,NA
397.738,2.0739,16.4510,1.1621,15.1023,NA,NA,NA,NA,NA,NA,NA,NA,NA,NA,NA,NA
397.842,2.0739,16.4510,1.1614,15.0332,NA,NA,NA,NA,NA,NA,NA,NA,NA,NA,NA,NA
397.933,2.0707,16.2710,1.1633,15.2221,NA,NA,NA,NA,NA,NA,NA,NA,NA,NA,NA,NA
398.031,2.0883,17.2589,1.1671,15.5958,NA,NA,NA,NA,NA,NA,NA,NA,NA,NA,NA,NA
398.132,2.1234,19.2300,1.1713,16.0077,NA,NA,NA,NA,NA,NA,NA,NA,NA,NA,NA,NA
398.238,2.1540,20.9473,1.1795,16.8215,NA,NA,NA,NA,NA,NA,NA,NA,NA,NA,NA,NA
398.334,2.1652,21.5774,1.1842,17.2874,NA,NA,NA,NA,NA,NA,NA,NA,NA,NA,NA,NA
398.425,2.1706,21.8796,1.1867,17.5397,NA,NA,NA,NA,NA,NA,NA,NA,NA,NA,NA,NA
398.517,2.1734,22.0351,1.1886,17.7294,NA,NA,NA,NA,NA,NA,NA,NA,NA,NA,NA,NA
398.622,2.1759,22.1775,1.1899,17.8535,NA,NA,NA,NA,NA,NA,NA,NA,NA,NA,NA,NA
398.713,2.1766,22.2156,1.1902,17.8889,NA,NA,NA,NA,NA,NA,NA,NA,NA,NA,NA,NA
398.841,2.1787,22.3339,1.1902,17.8889,NA,NA,NA,NA,NA,NA,NA,NA,NA,NA,NA,NA
398.908,2.1787,22.3339,1.1894,17.8066,NA,NA,NA,NA,NA,NA,NA,NA,NA,NA,NA,NA
399.014,2.1632,21.4647,1.1869,17.5540,NA,NA,NA,NA,NA,NA,NA,NA,NA,NA,NA,NA
399.103,2.1543,20.9642,1.1829,17.1594,NA,NA,NA,NA,NA,NA,NA,NA,NA,NA,NA,NA
399.205,2.1410,20.2183,1.1794,16.8165,NA,NA,NA,NA,NA,NA,NA,NA,NA,NA,NA,NA
399.303,2.1351,19.8850,1.1777,16.6425,NA,NA,NA,NA,NA,NA,NA,NA,NA,NA,NA,NA
399.400,2.1247,19.3044,1.1753,16.4103,NA,NA,NA,NA,NA,NA,NA,NA,NA,NA,NA,NA
399.493,2.1199,19.0352,1.1733,16.2085,NA,NA,NA,NA,NA,NA,NA,NA,NA,NA,NA,NA
399.602,2.1199,19.0308,1.1716,16.0410,NA,NA,NA,NA,NA,NA,NA,NA,NA,NA,NA,NA
399.695,2.1130,18.6440,1.1697,15.8534,NA,NA,NA,NA,NA,NA,NA,NA,NA,NA,NA,NA
399.810,2.1101,18.4860,1.1666,15.5498,NA,NA,NA,NA,NA,NA,NA,NA,NA,NA,NA,NA
399.895,2.1033,18.0998,1.1660,15.4853,NA,NA,NA,NA,NA,NA,NA,NA,NA,NA,NA,NA
399.984,2.1012,17.9826,1.1640,15.2897,NA,NA,NA,NA,NA,NA,NA,NA,NA,NA,NA,NA
400.082,2.0913,17.4252,1.1621,15.1018,NA,NA,NA,NA,NA,NA,NA,NA,NA,NA,NA,NA
400.197,2.0890,17.2989,1.1594,14.8300,NA,NA,NA,NA,NA,NA,NA,NA,NA,NA,NA,NA
400.282,2.0838,17.0087,1.1580,14.6968,NA,NA,NA,NA,NA,NA,NA,NA,NA,NA,NA,NA
400.375,2.0830,16.9622,1.1571,14.6086,NA,NA,NA,NA,NA,NA,NA,NA,NA,NA,NA,NA
400.477,2.0828,16.9527,1.1561,14.5068,NA,NA,NA,NA,NA,NA,NA,NA,NA,NA,NA,NA
400.614,2.0805,16.8210,1.1548,14.3797,NA,NA,NA,NA,NA,NA,NA,NA,NA,NA,NA,NA
400.674,2.0781,16.6854,1.1542,14.3142,NA,NA,NA,NA,NA,NA,NA,NA,NA,NA,NA,NA
400.768,2.0754,16.5367,1.1538,14.2750,NA,NA,NA,NA,NA,NA,NA,NA,NA,NA,NA,NA
400.874,2.0739,16.4487,1.1537,14.2679,NA,NA,NA,NA,NA,NA,NA,NA,NA,NA,NA,NA
400.964,2.0705,16.2591,1.1523,14.1279,NA,NA,NA,NA,NA,NA,NA,NA,NA,NA,NA,NA
401.069,2.0692,16.1849,1.1516,14.0638,NA,NA,NA,NA,NA,NA,NA,NA,NA,NA,NA,NA
401.192,2.0692,16.1849,1.1505,13.9515,NA,NA,NA,NA,NA,NA,NA,NA,NA,NA,NA,NA
401.257,2.0752,16.5234,1.1504,13.9422,NA,NA,NA,NA,NA,NA,NA,NA,NA,NA,NA,NA
401.353,2.0876,17.2171,1.1523,14.1289,NA,NA,NA,NA,NA,NA,NA,NA,NA,NA,NA,NA
401.454,2.1042,18.1542,1.1554,14.4348,NA,NA,NA,NA,NA,NA,NA,NA,NA,NA,NA,NA
401.557,2.1155,18.7862,1.1580,14.6983,NA,NA,NA,NA,NA,NA,NA,NA,NA,NA,NA,NA
401.648,2.1246,19.2958,1.1634,15.2260,NA,NA,NA,NA,NA,NA,NA,NA,NA,NA,NA,NA
401.780,2.1350,19.8821,1.1656,15.4481,NA,NA,NA,NA,NA,NA,NA,NA,NA,NA,NA,NA
401.845,2.1350,19.8821,1.1669,15.5813,NA,NA,NA,NA,NA,NA,NA,NA,NA,NA,NA,NA
401.946,2.1429,20.3249,1.1676,15.6424,NA,NA,NA,NA,NA,NA,NA,NA,NA,NA,NA,NA
402.040,2.1429,20.3249,1.1676,15.6424,NA,NA,NA,NA,NA,NA,NA,NA,NA,NA,NA,NA
402.150,2.1371,19.9965,1.1674,15.6254,NA,NA,NA,NA,NA,NA,NA,NA,NA,NA,NA,NA
402.249,2.1346,19.8563,1.1659,15.4761,NA,NA,NA,NA,NA,NA,NA,NA,NA,NA,NA,NA
402.404,2.1184,18.9493,1.1650,15.3870,NA,NA,NA,NA,NA,NA,NA,NA,NA,NA,NA,NA
402.435,2.1097,18.4598,1.1639,15.2806,NA,NA,NA,NA,NA,NA,NA,NA,NA,NA,NA,NA
402.532,2.0998,17.9070,1.1620,15.0904,NA,NA,NA,NA,NA,NA,NA,NA,NA,NA,NA,NA
402.628,2.0957,17.6760,1.1608,14.9719,NA,NA,NA,NA,NA,NA,NA,NA,NA,NA,NA,NA
402.728,2.0931,17.5276,1.1593,14.8258,NA,NA,NA,NA,NA,NA,NA,NA,NA,NA,NA,NA
402.829,2.0906,17.3859,1.1582,14.7127,NA,NA,NA,NA,NA,NA,NA,NA,NA,NA,NA,NA
402.932,2.0884,17.2625,1.1572,14.6163,NA,NA,NA,NA,NA,NA,NA,NA,NA,NA,NA,NA
403.040,2.0817,16.8882,1.1552,14.4132,NA,NA,NA,NA,NA,NA,NA,NA,NA,NA,NA,NA
403.119,2.0787,16.7182,1.1539,14.2938,NA,NA,NA,NA,NA,NA,NA,NA,NA,NA,NA,NA
403.219,2.0720,16.3432,1.1527,14.1673,NA,NA,NA,NA,NA,NA,NA,NA,NA,NA,NA,NA
403.314,2.0737,16.4383,1.1527,14.1673,NA,NA,NA,NA,NA,NA,NA,NA,NA,NA,NA,NA
403.420,2.0737,16.4383,1.1518,14.0852,NA,NA,NA,NA,NA,NA,NA,NA,NA,NA,NA,NA
403.515,2.0725,16.3719,1.1516,14.0566,NA,NA,NA,NA,NA,NA,NA,NA,NA,NA,NA,NA
403.637,2.0707,16.2727,1.1497,13.8695,NA,NA,NA,NA,NA,NA,NA,NA,NA,NA,NA,NA
403.707,2.0666,16.0420,1.1479,13.6917,NA,NA,NA,NA,NA,NA,NA,NA,NA,NA,NA,NA
403.806,2.0646,15.9276,1.1471,13.6155,NA,NA,NA,NA,NA,NA,NA,NA,NA,NA,NA,NA
403.898,2.0581,15.5660,1.1468,13.5815,NA,NA,NA,NA,NA,NA,NA,NA,NA,NA,NA,NA
404.002,2.0580,15.5570,1.1464,13.5484,NA,NA,NA,NA,NA,NA,NA,NA,NA,NA,NA,NA
404.109,2.0575,15.5282,1.1457,13.4765,NA,NA,NA,NA,NA,NA,NA,NA,NA,NA,NA,NA
404.195,2.0575,15.5282,1.1447,13.3807,NA,NA,NA,NA,NA,NA,NA,NA,NA,NA,NA,NA
404.290,2.0533,15.2948,1.1440,13.3039,NA,NA,NA,NA,NA,NA,NA,NA,NA,NA,NA,NA
404.391,2.0450,14.8279,1.1421,13.1191,NA,NA,NA,NA,NA,NA,NA,NA,NA,NA,NA,NA
404.492,2.0411,14.6096,1.1411,13.0196,NA,NA,NA,NA,NA,NA,NA,NA,NA,NA,NA,NA
404.586,2.0433,14.7329,1.1407,12.9855,NA,NA,NA,NA,NA,NA,NA,NA,NA,NA,NA,NA
404.683,2.0433,14.7329,1.1397,12.8845,NA,NA,NA,NA,NA,NA,NA,NA,NA,NA,NA,NA
404.814,2.0352,14.2794,1.1388,12.7975,NA,NA,NA,NA,NA,NA,NA,NA,NA,NA,NA,NA
404.882,2.0352,14.2794,1.1383,12.7393,NA,NA,NA,NA,NA,NA,NA,NA,NA,NA,NA,NA
404.987,2.0332,14.1665,1.1372,12.6313,NA,NA,NA,NA,NA,NA,NA,NA,NA,NA,NA,NA
405.080,2.0324,14.1187,1.1360,12.5196,NA,NA,NA,NA,NA,NA,NA,NA,NA,NA,NA,NA
405.176,2.0279,13.8682,1.1355,12.4692,NA,NA,NA,NA,NA,NA,NA,NA,NA,NA,NA,NA
405.274,2.0274,13.8381,1.1355,12.4692,NA,NA,NA,NA,NA,NA,NA,NA,NA,NA,NA,NA
405.456,2.0274,13.8381,1.1352,12.4362,NA,NA,NA,NA,NA,NA,NA,NA,NA,NA,NA,NA
405.473,2.0277,13.8549,1.1352,12.4362,NA,NA,NA,NA,NA,NA,NA,NA,NA,NA,NA,NA
405.567,2.0277,13.8549,1.1347,12.3832,NA,NA,NA,NA,NA,NA,NA,NA,NA,NA,NA,NA
405.657,2.0206,13.4573,1.1341,12.3301,NA,NA,NA,NA,NA,NA,NA,NA,NA,NA,NA,NA
405.759,2.0230,13.5935,1.1335,12.2707,NA,NA,NA,NA,NA,NA,NA,NA,NA,NA,NA,NA
405.862,2.0231,13.5966,1.1327,12.1860,NA,NA,NA,NA,NA,NA,NA,NA,NA,NA,NA,NA
405.967,2.0231,13.5966,1.1319,12.1105,NA,NA,NA,NA,NA,NA,NA,NA,NA,NA,NA,NA
406.079,2.0205,13.4532,1.1313,12.0536,NA,NA,NA,NA,NA,NA,NA,NA,NA,NA,NA,NA
406.151,2.0195,13.3960,1.1313,12.0536,NA,NA,NA,NA,NA,NA,NA,NA,NA,NA,NA,NA
406.263,2.0194,13.3925,1.1303,11.9495,NA,NA,NA,NA,NA,NA,NA,NA,NA,NA,NA,NA
406.346,2.0236,13.6262,1.1297,11.8878,NA,NA,NA,NA,NA,NA,NA,NA,NA,NA,NA,NA
406.454,2.0236,13.6262,1.1295,11.8744,NA,NA,NA,NA,NA,NA,NA,NA,NA,NA,NA,NA
406.545,2.0179,13.3089,1.1293,11.8520,NA,NA,NA,NA,NA,NA,NA,NA,NA,NA,NA,NA
406.667,2.0124,12.9974,1.1283,11.7490,NA,NA,NA,NA,NA,NA,NA,NA,NA,NA,NA,NA
406.738,2.0103,12.8821,1.1278,11.6996,NA,NA,NA,NA,NA,NA,NA,NA,NA,NA,NA,NA
406.837,2.0099,12.8567,1.1272,11.6395,NA,NA,NA,NA,NA,NA,NA,NA,NA,NA,NA,NA
406.943,2.0091,12.8120,1.1269,11.6111,NA,NA,NA,NA,NA,NA,NA,NA,NA,NA,NA,NA
407.028,2.0108,12.9054,1.1269,11.6111,NA,NA,NA,NA,NA,NA,NA,NA,NA,NA,NA,NA
407.133,2.0108,12.9054,1.1271,11.6381,NA,NA,NA,NA,NA,NA,NA,NA,NA,NA,NA,NA
407.238,2.0097,12.8453,1.1271,11.6381,NA,NA,NA,NA,NA,NA,NA,NA,NA,NA,NA,NA
407.327,2.0097,12.8453,1.1274,11.6645,NA,NA,NA,NA,NA,NA,NA,NA,NA,NA,NA,NA
407.426,2.0083,12.7691,1.1274,11.6645,NA,NA,NA,NA,NA,NA,NA,NA,NA,NA,NA,NA
407.529,2.0049,12.5780,1.1272,11.6463,NA,NA,NA,NA,NA,NA,NA,NA,NA,NA,NA,NA
407.618,2.0044,12.5469,1.1258,11.5021,NA,NA,NA,NA,NA,NA,NA,NA,NA,NA,NA,NA
407.722,2.0053,12.5967,1.1253,11.4604,NA,NA,NA,NA,NA,NA,NA,NA,NA,NA,NA,NA
407.830,2.0053,12.5967,1.1244,11.3665,NA,NA,NA,NA,NA,NA,NA,NA,NA,NA,NA,NA
407.916,2.0058,12.6258,1.1239,11.3155,NA,NA,NA,NA,NA,NA,NA,NA,NA,NA,NA,NA
408.010,2.0058,12.6258,1.1238,11.3121,NA,NA,NA,NA,NA,NA,NA,NA,NA,NA,NA,NA
408.109,2.0015,12.3875,1.1232,11.2486,NA,NA,NA,NA,NA,NA,NA,NA,NA,NA,NA,NA
408.214,1.9931,11.9150,1.1229,11.2190,NA,NA,NA,NA,NA,NA,NA,NA,NA,NA,NA,NA
408.310,1.9953,12.0392,1.1226,11.1936,NA,NA,NA,NA,NA,NA,NA,NA,NA,NA,NA,NA
408.422,1.9966,12.1098,1.1226,11.1936,NA,NA,NA,NA,NA,NA,NA,NA,NA,NA,NA,NA
408.508,1.9971,12.1369,1.1221,11.1385,NA,NA,NA,NA,NA,NA,NA,NA,NA,NA,NA,NA
408.602,1.9993,12.2627,1.1220,11.1302,NA,NA,NA,NA,NA,NA,NA,NA,NA,NA,NA,NA
408.700,1.9993,12.2627,1.1214,11.0664,NA,NA,NA,NA,NA,NA,NA,NA,NA,NA,NA,NA
408.797,1.9953,12.0347,1.1214,11.0664,NA,NA,NA,NA,NA,NA,NA,NA,NA,NA,NA,NA
408.893,1.9953,12.0347,1.1197,10.8980,NA,NA,NA,NA,NA,NA,NA,NA,NA,NA,NA,NA
408.991,1.9892,11.6969,1.1189,10.8191,NA,NA,NA,NA,NA,NA,NA,NA,NA,NA,NA,NA
409.098,1.9869,11.5636,1.1184,10.7771,NA,NA,NA,NA,NA,NA,NA,NA,NA,NA,NA,NA
409.228,1.9881,11.6323,1.1186,10.7942,NA,NA,NA,NA,NA,NA,NA,NA,NA,NA,NA,NA
409.285,1.9881,11.6323,1.1186,10.7942,NA,NA,NA,NA,NA,NA,NA,NA,NA,NA,NA,NA
409.387,1.9846,11.4362,1.1182,10.7534,NA,NA,NA,NA,NA,NA,NA,NA,NA,NA,NA,NA
409.480,1.9844,11.4261,1.1160,10.5361,NA,NA,NA,NA,NA,NA,NA,NA,NA,NA,NA,NA
409.629,1.9844,11.4261,1.1164,10.5728,NA,NA,NA,NA,NA,NA,NA,NA,NA,NA,NA,NA
409.677,1.9809,11.2282,1.1164,10.5728,NA,NA,NA,NA,NA,NA,NA,NA,NA,NA,NA,NA
409.783,1.9797,11.1583,1.1153,10.4635,NA,NA,NA,NA,NA,NA,NA,NA,NA,NA,NA,NA
409.878,1.9789,11.1176,1.1144,10.3784,NA,NA,NA,NA,NA,NA,NA,NA,NA,NA,NA,NA
409.973,1.9789,11.1176,1.1144,10.3794,NA,NA,NA,NA,NA,NA,NA,NA,NA,NA,NA,NA
410.078,1.9796,11.1570,1.1146,10.3928,NA,NA,NA,NA,NA,NA,NA,NA,NA,NA,NA,NA
410.169,1.9796,11.1570,1.1146,10.3928,NA,NA,NA,NA,NA,NA,NA,NA,NA,NA,NA,NA
410.268,1.9735,10.8154,1.1143,10.3674,NA,NA,NA,NA,NA,NA,NA,NA,NA,NA,NA,NA
410.381,1.9705,10.6439,1.1143,10.3674,NA,NA,NA,NA,NA,NA,NA,NA,NA,NA,NA,NA
410.466,1.9705,10.6439,1.1132,10.2566,NA,NA,NA,NA,NA,NA,NA,NA,NA,NA,NA,NA
410.564,1.9733,10.8039,1.1131,10.2516,NA,NA,NA,NA,NA,NA,NA,NA,NA,NA,NA,NA
410.658,1.9733,10.8039,1.1127,10.2094,NA,NA,NA,NA,NA,NA,NA,NA,NA,NA,NA,NA
410.822,1.9654,10.3608,1.1123,10.1711,NA,NA,NA,NA,NA,NA,NA,NA,NA,NA,NA,NA
410.858,1.9660,10.3933,1.1121,10.1446,NA,NA,NA,NA,NA,NA,NA,NA,NA,NA,NA,NA
410.954,1.9660,10.3933,1.1111,10.0469,NA,NA,NA,NA,NA,NA,NA,NA,NA,NA,NA,NA
411.054,1.9649,10.3307,1.1116,10.0944,NA,NA,NA,NA,NA,NA,NA,NA,NA,NA,NA,NA
411.156,1.9629,10.2177,1.1116,10.0944,NA,NA,NA,NA,NA,NA,NA,NA,NA,NA,NA,NA
411.249,1.9629,10.2180,1.1113,10.0657,NA,NA,NA,NA,NA,NA,NA,NA,NA,NA,NA,NA
411.397,1.9629,10.2180,1.1109,10.0256,NA,NA,NA,NA,NA,NA,NA,NA,NA,NA,NA,NA
411.442,1.9613,10.1276,1.1099,9.9326,NA,NA,NA,NA,NA,NA,NA,NA,NA,NA,NA,NA
411.546,1.9613,10.1276,1.1094,9.8815,NA,NA,NA,NA,NA,NA,NA,NA,NA,NA,NA,NA
411.636,1.9597,10.0361,1.1090,9.8442,NA,NA,NA,NA,NA,NA,NA,NA,NA,NA,NA,NA
411.752,1.9597,10.0361,1.1090,9.8442,NA,NA,NA,NA,NA,NA,NA,NA,NA,NA,NA,NA
411.831,1.9564,9.8541,1.1081,9.7557,NA,NA,NA,NA,NA,NA,NA,NA,NA,NA,NA,NA
411.934,1.9552,9.7875,1.1073,9.6696,NA,NA,NA,NA,NA,NA,NA,NA,NA,NA,NA,NA
412.047,1.9568,9.8737,1.1070,9.6401,NA,NA,NA,NA,NA,NA,NA,NA,NA,NA,NA,NA
412.135,1.9568,9.8737,1.1069,9.6326,NA,NA,NA,NA,NA,NA,NA,NA,NA,NA,NA,NA
412.221,1.9549,9.7668,1.1057,9.5137,NA,NA,NA,NA,NA,NA,NA,NA,NA,NA,NA,NA
412.323,1.9527,9.6462,1.1053,9.4707,NA,NA,NA,NA,NA,NA,NA,NA,NA,NA,NA,NA
412.418,1.9521,9.6134,1.1052,9.4614,NA,NA,NA,NA,NA,NA,NA,NA,NA,NA,NA,NA
412.516,1.9515,9.5778,1.1051,9.4577,NA,NA,NA,NA,NA,NA,NA,NA,NA,NA,NA,NA
412.647,1.9515,9.5761,1.1044,9.3815,NA,NA,NA,NA,NA,NA,NA,NA,NA,NA,NA,NA
412.716,1.9508,9.5371,1.1039,9.3356,NA,NA,NA,NA,NA,NA,NA,NA,NA,NA,NA,NA
412.809,1.9494,9.4623,1.1037,9.3140,NA,NA,NA,NA,NA,NA,NA,NA,NA,NA,NA,NA
412.920,1.9494,9.4623,1.1037,9.3140,NA,NA,NA,NA,NA,NA,NA,NA,NA,NA,NA,NA
413.011,1.9501,9.5002,1.1032,9.2703,NA,NA,NA,NA,NA,NA,NA,NA,NA,NA,NA,NA
413.109,1.9501,9.5002,1.1032,9.2671,NA,NA,NA,NA,NA,NA,NA,NA,NA,NA,NA,NA
413.200,1.9472,9.3372,1.1028,9.2262,NA,NA,NA,NA,NA,NA,NA,NA,NA,NA,NA,NA
413.308,1.9472,9.3372,1.1025,9.2013,NA,NA,NA,NA,NA,NA,NA,NA,NA,NA,NA,NA
413.402,1.9440,9.1554,1.1025,9.2013,NA,NA,NA,NA,NA,NA,NA,NA,NA,NA,NA,NA
413.498,1.9411,8.9946,1.1020,9.1435,NA,NA,NA,NA,NA,NA,NA,NA,NA,NA,NA,NA
413.593,1.9411,8.9946,1.1006,9.0056,NA,NA,NA,NA,NA,NA,NA,NA,NA,NA,NA,NA
413.700,1.9397,8.9154,1.1004,8.9947,NA,NA,NA,NA,NA,NA,NA,NA,NA,NA,NA,NA
413.788,1.9397,8.9154,1.0996,8.9124,NA,NA,NA,NA,NA,NA,NA,NA,NA,NA,NA,NA
413.892,1.9386,8.8520,1.0995,8.8983,NA,NA,NA,NA,NA,NA,NA,NA,NA,NA,NA,NA
413.986,1.9386,8.8520,1.0999,8.9409,NA,NA,NA,NA,NA,NA,NA,NA,NA,NA,NA,NA
414.080,1.9320,8.4831,1.0999,8.9409,NA,NA,NA,NA,NA,NA,NA,NA,NA,NA,NA,NA
414.180,1.9310,8.4275,1.1002,8.9708,NA,NA,NA,NA,NA,NA,NA,NA,NA,NA,NA,NA
414.285,1.9310,8.4275,1.1002,8.9708,NA,NA,NA,NA,NA,NA,NA,NA,NA,NA,NA,NA
414.378,1.9336,8.5730,1.0994,8.8903,NA,NA,NA,NA,NA,NA,NA,NA,NA,NA,NA,NA
414.480,1.9336,8.5730,1.0988,8.8351,NA,NA,NA,NA,NA,NA,NA,NA,NA,NA,NA,NA
414.584,1.9318,8.4723,1.0988,8.8351,NA,NA,NA,NA,NA,NA,NA,NA,NA,NA,NA,NA
414.678,1.9318,8.4709,1.0982,8.7743,NA,NA,NA,NA,NA,NA,NA,NA,NA,NA,NA,NA
414.767,1.9285,8.2867,1.0975,8.7037,NA,NA,NA,NA,NA,NA,NA,NA,NA,NA,NA,NA
414.870,1.9279,8.2510,1.0975,8.7049,NA,NA,NA,NA,NA,NA,NA,NA,NA,NA,NA,NA
414.965,1.9283,8.2753,1.0975,8.7049,NA,NA,NA,NA,NA,NA,NA,NA,NA,NA,NA,NA
415.070,1.9288,8.3048,1.0974,8.6977,NA,NA,NA,NA,NA,NA,NA,NA,NA,NA,NA,NA
415.160,1.9288,8.3048,1.0971,8.6639,NA,NA,NA,NA,NA,NA,NA,NA,NA,NA,NA,NA
415.257,1.9284,8.2782,1.0971,8.6639,NA,NA,NA,NA,NA,NA,NA,NA,NA,NA,NA,NA
415.355,1.9283,8.2761,1.0963,8.5854,NA,NA,NA,NA,NA,NA,NA,NA,NA,NA,NA,NA
415.457,1.9281,8.2622,1.0959,8.5415,NA,NA,NA,NA,NA,NA,NA,NA,NA,NA,NA,NA
415.636,1.9281,8.2622,1.0959,8.5465,NA,NA,NA,NA,NA,NA,NA,NA,NA,NA,NA,NA
415.642,1.9240,8.0316,1.0959,8.5465,NA,NA,NA,NA,NA,NA,NA,NA,NA,NA,NA,NA
415.753,1.9240,8.0324,1.0958,8.5374,NA,NA,NA,NA,NA,NA,NA,NA,NA,NA,NA,NA
415.847,1.9240,8.0324,1.0956,8.5127,NA,NA,NA,NA,NA,NA,NA,NA,NA,NA,NA,NA
415.943,1.9252,8.1036,1.0955,8.5079,NA,NA,NA,NA,NA,NA,NA,NA,NA,NA,NA,NA
416.041,1.9252,8.1036,1.0956,8.5174,NA,NA,NA,NA,NA,NA,NA,NA,NA,NA,NA,NA
416.143,1.9196,7.7890,1.0956,8.5174,NA,NA,NA,NA,NA,NA,NA,NA,NA,NA,NA,NA
416.252,1.9193,7.7697,1.0931,8.2697,NA,NA,NA,NA,NA,NA,NA,NA,NA,NA,NA,NA
416.338,1.9172,7.6531,1.0934,8.2947,NA,NA,NA,NA,NA,NA,NA,NA,NA,NA,NA,NA
416.435,1.9172,7.6531,1.0934,8.2947,NA,NA,NA,NA,NA,NA,NA,NA,NA,NA,NA,NA
416.533,1.9131,7.4202,1.0933,8.2823,NA,NA,NA,NA,NA,NA,NA,NA,NA,NA,NA,NA
416.631,1.9151,7.5326,1.0931,8.2642,NA,NA,NA,NA,NA,NA,NA,NA,NA,NA,NA,NA
416.730,1.9151,7.5326,1.0927,8.2228,NA,NA,NA,NA,NA,NA,NA,NA,NA,NA,NA,NA
416.841,1.9116,7.3375,1.0920,8.1577,NA,NA,NA,NA,NA,NA,NA,NA,NA,NA,NA,NA
416.925,1.9111,7.3084,1.0917,8.1311,NA,NA,NA,NA,NA,NA,NA,NA,NA,NA,NA,NA
417.024,1.9100,7.2491,1.0917,8.1311,NA,NA,NA,NA,NA,NA,NA,NA,NA,NA,NA,NA
417.114,1.9032,6.8647,1.0910,8.0593,NA,NA,NA,NA,NA,NA,NA,NA,NA,NA,NA,NA
417.219,1.9114,7.3267,1.0907,8.0317,NA,NA,NA,NA,NA,NA,NA,NA,NA,NA,NA,NA
417.313,1.9114,7.3267,1.0903,7.9870,NA,NA,NA,NA,NA,NA,NA,NA,NA,NA,NA,NA
417.413,1.9116,7.3390,1.0902,7.9753,NA,NA,NA,NA,NA,NA,NA,NA,NA,NA,NA,NA
417.511,1.9116,7.3390,1.0892,7.8835,NA,NA,NA,NA,NA,NA,NA,NA,NA,NA,NA,NA
417.606,1.9036,6.8866,1.0896,7.9177,NA,NA,NA,NA,NA,NA,NA,NA,NA,NA,NA,NA
417.709,1.9014,6.7627,1.0896,7.9177,NA,NA,NA,NA,NA,NA,NA,NA,NA,NA,NA,NA
417.811,1.8966,6.4941,1.0896,7.9163,NA,NA,NA,NA,NA,NA,NA,NA,NA,NA,NA,NA
417.907,1.8976,6.5516,1.0890,7.8594,NA,NA,NA,NA,NA,NA,NA,NA,NA,NA,NA,NA
418.051,1.8980,6.5728,1.0889,7.8524,NA,NA,NA,NA,NA,NA,NA,NA,NA,NA,NA,NA
418.096,1.8985,6.6039,1.0879,7.7527,NA,NA,NA,NA,NA,NA,NA,NA,NA,NA,NA,NA
418.194,1.8985,6.6039,1.0872,7.6792,NA,NA,NA,NA,NA,NA,NA,NA,NA,NA,NA,NA
418.295,1.8944,6.3700,1.0870,7.6626,NA,NA,NA,NA,NA,NA,NA,NA,NA,NA,NA,NA
418.393,1.8941,6.3519,1.0872,7.6816,NA,NA,NA,NA,NA,NA,NA,NA,NA,NA,NA,NA
418.501,1.8917,6.2209,1.0873,7.6932,NA,NA,NA,NA,NA,NA,NA,NA,NA,NA,NA,NA
418.588,1.8948,6.3943,1.0873,7.6932,NA,NA,NA,NA,NA,NA,NA,NA,NA,NA,NA,NA
418.684,1.8948,6.3943,1.0872,7.6854,NA,NA,NA,NA,NA,NA,NA,NA,NA,NA,NA,NA
418.786,1.8958,6.4522,1.0864,7.6009,NA,NA,NA,NA,NA,NA,NA,NA,NA,NA,NA,NA
418.880,1.8958,6.4522,1.0860,7.5636,NA,NA,NA,NA,NA,NA,NA,NA,NA,NA,NA,NA
418.979,1.8940,6.3488,1.0855,7.5146,NA,NA,NA,NA,NA,NA,NA,NA,NA,NA,NA,NA
419.074,1.8940,6.3488,1.0854,7.5029,NA,NA,NA,NA,NA,NA,NA,NA,NA,NA,NA,NA
419.177,1.8920,6.2358,1.0857,7.5340,NA,NA,NA,NA,NA,NA,NA,NA,NA,NA,NA,NA
419.273,1.8927,6.2750,1.0857,7.5340,NA,NA,NA,NA,NA,NA,NA,NA,NA,NA,NA,NA
419.371,1.8927,6.2750,1.0857,7.5339,NA,NA,NA,NA,NA,NA,NA,NA,NA,NA,NA,NA
419.473,1.8916,6.2123,1.0856,7.5208,NA,NA,NA,NA,NA,NA,NA,NA,NA,NA,NA,NA
419.560,1.8916,6.2123,1.0851,7.4760,NA,NA,NA,NA,NA,NA,NA,NA,NA,NA,NA,NA
419.675,1.8883,6.0274,1.0849,7.4502,NA,NA,NA,NA,NA,NA,NA,NA,NA,NA,NA,NA
419.802,1.8883,6.0274,1.0846,7.4235,NA,NA,NA,NA,NA,NA,NA,NA,NA,NA,NA,NA
419.858,1.8853,5.8604,1.0846,7.4235,NA,NA,NA,NA,NA,NA,NA,NA,NA,NA,NA,NA
419.959,1.8847,5.8284,1.0842,7.3893,NA,NA,NA,NA,NA,NA,NA,NA,NA,NA,NA,NA
420.055,1.8836,5.7665,1.0842,7.3893,NA,NA,NA,NA,NA,NA,NA,NA,NA,NA,NA,NA
420.156,1.8830,5.7316,1.0835,7.3163,NA,NA,NA,NA,NA,NA,NA,NA,NA,NA,NA,NA
420.254,1.8843,5.8029,1.0830,7.2635,NA,NA,NA,NA,NA,NA,NA,NA,NA,NA,NA,NA
420.393,1.8859,5.8918,1.0829,7.2549,NA,NA,NA,NA,NA,NA,NA,NA,NA,NA,NA,NA
420.444,1.8859,5.8918,1.0826,7.2288,NA,NA,NA,NA,NA,NA,NA,NA,NA,NA,NA,NA
420.546,1.8845,5.8143,1.0825,7.2181,NA,NA,NA,NA,NA,NA,NA,NA,NA,NA,NA,NA
420.642,1.8803,5.5822,1.0821,7.1759,NA,NA,NA,NA,NA,NA,NA,NA,NA,NA,NA,NA
420.751,1.8786,5.4827,1.0822,7.1867,NA,NA,NA,NA,NA,NA,NA,NA,NA,NA,NA,NA
420.841,1.8786,5.4816,1.0822,7.1867,NA,NA,NA,NA,NA,NA,NA,NA,NA,NA,NA,NA
420.936,1.8786,5.4816,1.0817,7.1391,NA,NA,NA,NA,NA,NA,NA,NA,NA,NA,NA,NA
421.051,1.8799,5.5554,1.0814,7.1056,NA,NA,NA,NA,NA,NA,NA,NA,NA,NA,NA,NA
421.136,1.8799,5.5554,1.0812,7.0854,NA,NA,NA,NA,NA,NA,NA,NA,NA,NA,NA,NA
421.231,1.8762,5.3479,1.0808,7.0474,NA,NA,NA,NA,NA,NA,NA,NA,NA,NA,NA,NA
421.324,1.8737,5.2082,1.0808,7.0474,NA,NA,NA,NA,NA,NA,NA,NA,NA,NA,NA,NA
421.422,1.8721,5.1220,1.0804,7.0098,NA,NA,NA,NA,NA,NA,NA,NA,NA,NA,NA,NA
421.542,1.8721,5.1220,1.0803,6.9949,NA,NA,NA,NA,NA,NA,NA,NA,NA,NA,NA,NA
421.625,1.8704,5.0239,1.0803,6.9949,NA,NA,NA,NA,NA,NA,NA,NA,NA,NA,NA,NA
421.717,1.8758,5.3266,1.0803,7.0013,NA,NA,NA,NA,NA,NA,NA,NA,NA,NA,NA,NA
421.813,1.8758,5.3266,1.0803,7.0013,NA,NA,NA,NA,NA,NA,NA,NA,NA,NA,NA,NA
421.918,1.8727,5.1538,1.0794,6.9081,NA,NA,NA,NA,NA,NA,NA,NA,NA,NA,NA,NA
422.033,1.8727,5.1538,1.0790,6.8665,NA,NA,NA,NA,NA,NA,NA,NA,NA,NA,NA,NA
422.112,1.8701,5.0081,1.0783,6.8015,NA,NA,NA,NA,NA,NA,NA,NA,NA,NA,NA,NA
422.211,1.8694,4.9654,1.0783,6.8015,NA,NA,NA,NA,NA,NA,NA,NA,NA,NA,NA,NA
422.307,1.8683,4.9058,1.0781,6.7767,NA,NA,NA,NA,NA,NA,NA,NA,NA,NA,NA,NA
422.405,1.8679,4.8823,1.0780,6.7664,NA,NA,NA,NA,NA,NA,NA,NA,NA,NA,NA,NA
422.502,1.8679,4.8823,1.0777,6.7435,NA,NA,NA,NA,NA,NA,NA,NA,NA,NA,NA,NA
422.611,1.8672,4.8428,1.0776,6.7357,NA,NA,NA,NA,NA,NA,NA,NA,NA,NA,NA,NA
422.693,1.8668,4.8246,1.0779,6.7587,NA,NA,NA,NA,NA,NA,NA,NA,NA,NA,NA,NA
422.803,1.8657,4.7626,1.0779,6.7587,NA,NA,NA,NA,NA,NA,NA,NA,NA,NA,NA,NA
422.892,1.8644,4.6887,1.0767,6.6401,NA,NA,NA,NA,NA,NA,NA,NA,NA,NA,NA,NA
422.993,1.8664,4.7971,1.0765,6.6272,NA,NA,NA,NA,NA,NA,NA,NA,NA,NA,NA,NA
423.090,1.8664,4.7971,1.0759,6.5668,NA,NA,NA,NA,NA,NA,NA,NA,NA,NA,NA,NA
423.210,1.8662,4.7860,1.0758,6.5507,NA,NA,NA,NA,NA,NA,NA,NA,NA,NA,NA,NA
423.312,1.8662,4.7860,1.0748,6.4591,NA,NA,NA,NA,NA,NA,NA,NA,NA,NA,NA,NA
423.400,1.8637,4.6500,1.0745,6.4234,NA,NA,NA,NA,NA,NA,NA,NA,NA,NA,NA,NA
423.476,1.8622,4.5662,1.0743,6.4008,NA,NA,NA,NA,NA,NA,NA,NA,NA,NA,NA,NA
423.582,1.8614,4.5208,1.0743,6.4092,NA,NA,NA,NA,NA,NA,NA,NA,NA,NA,NA,NA
423.674,1.8639,4.6581,1.0743,6.4092,NA,NA,NA,NA,NA,NA,NA,NA,NA,NA,NA,NA
423.776,1.8639,4.6581,1.0741,6.3832,NA,NA,NA,NA,NA,NA,NA,NA,NA,NA,NA,NA
423.871,1.8634,4.6282,1.0741,6.3832,NA,NA,NA,NA,NA,NA,NA,NA,NA,NA,NA,NA
424.024,1.8634,4.6282,1.0726,6.2355,NA,NA,NA,NA,NA,NA,NA,NA,NA,NA,NA,NA
424.071,1.8620,4.5537,1.0725,6.2277,NA,NA,NA,NA,NA,NA,NA,NA,NA,NA,NA,NA
424.168,1.8620,4.5537,1.0725,6.2277,NA,NA,NA,NA,NA,NA,NA,NA,NA,NA,NA,NA
424.269,1.8561,4.2185,1.0724,6.2146,NA,NA,NA,NA,NA,NA,NA,NA,NA,NA,NA,NA
424.376,1.8550,4.1618,1.0723,6.2092,NA,NA,NA,NA,NA,NA,NA,NA,NA,NA,NA,NA
424.463,1.8544,4.1240,1.0723,6.2108,NA,NA,NA,NA,NA,NA,NA,NA,NA,NA,NA,NA
424.633,1.8555,4.1870,1.0723,6.2108,NA,NA,NA,NA,NA,NA,NA,NA,NA,NA,NA,NA
424.651,1.8555,4.1870,1.0722,6.2017,NA,NA,NA,NA,NA,NA,NA,NA,NA,NA,NA,NA
424.757,1.8515,3.9637,1.0714,6.1148,NA,NA,NA,NA,NA,NA,NA,NA,NA,NA,NA,NA
424.860,1.8508,3.9253,1.0712,6.1015,NA,NA,NA,NA,NA,NA,NA,NA,NA,NA,NA,NA
424.952,1.8500,3.8776,1.0713,6.1038,NA,NA,NA,NA,NA,NA,NA,NA,NA,NA,NA,NA
425.049,1.8496,3.8576,1.0716,6.1381,NA,NA,NA,NA,NA,NA,NA,NA,NA,NA,NA,NA
425.163,1.8480,3.7669,1.0717,6.1478,NA,NA,NA,NA,NA,NA,NA,NA,NA,NA,NA,NA
425.247,1.8470,3.7112,1.0717,6.1478,NA,NA,NA,NA,NA,NA,NA,NA,NA,NA,NA,NA
425.345,1.8472,3.7192,1.0704,6.0196,NA,NA,NA,NA,NA,NA,NA,NA,NA,NA,NA,NA
425.441,1.8486,3.8016,1.0704,6.0222,NA,NA,NA,NA,NA,NA,NA,NA,NA,NA,NA,NA
425.543,1.8486,3.8016,1.0704,6.0222,NA,NA,NA,NA,NA,NA,NA,NA,NA,NA,NA,NA
425.637,1.8467,3.6941,1.0700,5.9801,NA,NA,NA,NA,NA,NA,NA,NA,NA,NA,NA,NA
425.741,1.8450,3.5961,1.0696,5.9390,NA,NA,NA,NA,NA,NA,NA,NA,NA,NA,NA,NA
425.892,1.8445,3.5688,1.0693,5.9113,NA,NA,NA,NA,NA,NA,NA,NA,NA,NA,NA,NA
425.927,1.8442,3.5540,1.0692,5.9011,NA,NA,NA,NA,NA,NA,NA,NA,NA,NA,NA,NA
426.027,1.8434,3.5100,1.0674,5.7259,NA,NA,NA,NA,NA,NA,NA,NA,NA,NA,NA,NA
426.125,1.8445,3.5686,1.0661,5.5877,NA,NA,NA,NA,NA,NA,NA,NA,NA,NA,NA,NA
426.231,1.8445,3.5686,1.0657,5.5495,NA,NA,NA,NA,NA,NA,NA,NA,NA,NA,NA,NA
426.322,1.8553,4.1767,1.0685,5.8344,NA,NA,NA,NA,NA,NA,NA,NA,NA,NA,NA,NA
426.432,1.8823,5.6905,1.0758,6.5507,NA,NA,NA,NA,NA,NA,NA,NA,NA,NA,NA,NA
426.518,1.9166,7.6202,1.0919,8.1492,NA,NA,NA,NA,NA,NA,NA,NA,NA,NA,NA,NA
426.615,1.9563,9.8499,1.1047,9.4182,NA,NA,NA,NA,NA,NA,NA,NA,NA,NA,NA,NA
426.713,1.9823,11.3095,1.1185,10.7801,NA,NA,NA,NA,NA,NA,NA,NA,NA,NA,NA,NA
426.814,2.0134,13.0555,1.1240,11.3319,NA,NA,NA,NA,NA,NA,NA,NA,NA,NA,NA,NA
426.973,2.0400,14.5481,1.1324,12.1578,NA,NA,NA,NA,NA,NA,NA,NA,NA,NA,NA,NA
427.005,2.0530,15.2779,1.1437,13.2740,NA,NA,NA,NA,NA,NA,NA,NA,NA,NA,NA,NA
427.105,2.0733,16.4144,1.1505,13.9562,NA,NA,NA,NA,NA,NA,NA,NA,NA,NA,NA,NA
427.197,2.1102,18.4865,1.1587,14.7622,NA,NA,NA,NA,NA,NA,NA,NA,NA,NA,NA,NA
427.304,2.1199,19.0337,1.1658,15.4671,NA,NA,NA,NA,NA,NA,NA,NA,NA,NA,NA,NA
427.396,2.1385,20.0778,1.1714,16.0236,NA,NA,NA,NA,NA,NA,NA,NA,NA,NA,NA,NA
427.493,2.1391,20.1136,1.1788,16.7554,NA,NA,NA,NA,NA,NA,NA,NA,NA,NA,NA,NA
427.646,2.1511,20.7833,1.1833,17.2024,NA,NA,NA,NA,NA,NA,NA,NA,NA,NA,NA,NA
427.691,2.1531,20.8959,1.1873,17.5940,NA,NA,NA,NA,NA,NA,NA,NA,NA,NA,NA,NA
427.796,2.1556,21.0401,1.1895,17.8193,NA,NA,NA,NA,NA,NA,NA,NA,NA,NA,NA,NA
427.895,2.1561,21.0673,1.1906,17.9258,NA,NA,NA,NA,NA,NA,NA,NA,NA,NA,NA,NA
427.985,2.1561,21.0673,1.1920,18.0600,NA,NA,NA,NA,NA,NA,NA,NA,NA,NA,NA,NA
428.090,2.1534,20.9129,1.1920,18.0600,NA,NA,NA,NA,NA,NA,NA,NA,NA,NA,NA,NA
428.190,2.1528,20.8811,1.1903,17.8988,NA,NA,NA,NA,NA,NA,NA,NA,NA,NA,NA,NA
428.285,2.1385,20.0754,1.1900,17.8669,NA,NA,NA,NA,NA,NA,NA,NA,NA,NA,NA,NA
428.378,2.1350,19.8806,1.1866,17.5299,NA,NA,NA,NA,NA,NA,NA,NA,NA,NA,NA,NA
428.472,2.1211,19.1020,1.1844,17.3103,NA,NA,NA,NA,NA,NA,NA,NA,NA,NA,NA,NA
428.577,2.1154,18.7801,1.1789,16.7693,NA,NA,NA,NA,NA,NA,NA,NA,NA,NA,NA,NA
428.678,2.1027,18.0662,1.1744,16.3180,NA,NA,NA,NA,NA,NA,NA,NA,NA,NA,NA,NA
428.772,2.0870,17.1877,1.1717,16.0517,NA,NA,NA,NA,NA,NA,NA,NA,NA,NA,NA,NA
428.872,2.0846,17.0534,1.1682,15.7072,NA,NA,NA,NA,NA,NA,NA,NA,NA,NA,NA,NA
428.962,2.0801,16.7987,1.1650,15.3916,NA,NA,NA,NA,NA,NA,NA,NA,NA,NA,NA,NA
429.058,2.0779,16.6739,1.1634,15.2256,NA,NA,NA,NA,NA,NA,NA,NA,NA,NA,NA,NA
429.158,2.0732,16.4104,1.1622,15.1089,NA,NA,NA,NA,NA,NA,NA,NA,NA,NA,NA,NA
429.258,2.0731,16.4049,1.1606,14.9554,NA,NA,NA,NA,NA,NA,NA,NA,NA,NA,NA,NA
429.409,2.0678,16.1063,1.1596,14.8547,NA,NA,NA,NA,NA,NA,NA,NA,NA,NA,NA,NA
429.462,2.0612,15.7375,1.1590,14.7931,NA,NA,NA,NA,NA,NA,NA,NA,NA,NA,NA,NA
429.552,2.0613,15.7415,1.1584,14.7322,NA,NA,NA,NA,NA,NA,NA,NA,NA,NA,NA,NA
429.646,2.0613,15.7415,1.1579,14.6882,NA,NA,NA,NA,NA,NA,NA,NA,NA,NA,NA,NA
429.746,2.0606,15.7009,1.1546,14.3532,NA,NA,NA,NA,NA,NA,NA,NA,NA,NA,NA,NA
429.848,2.0565,15.4750,1.1529,14.1930,NA,NA,NA,NA,NA,NA,NA,NA,NA,NA,NA,NA
429.983,2.0554,15.4120,1.1528,14.1810,NA,NA,NA,NA,NA,NA,NA,NA,NA,NA,NA,NA
430.040,2.0505,15.1341,1.1514,14.0423,NA,NA,NA,NA,NA,NA,NA,NA,NA,NA,NA,NA
430.145,2.0408,14.5892,1.1504,13.9418,NA,NA,NA,NA,NA,NA,NA,NA,NA,NA,NA,NA
430.237,2.0273,13.8340,1.1499,13.8893,NA,NA,NA,NA,NA,NA,NA,NA,NA,NA,NA,NA
430.332,2.0330,14.1534,1.1484,13.7417,NA,NA,NA,NA,NA,NA,NA,NA,NA,NA,NA,NA
430.435,2.0330,14.1534,1.1473,13.6382,NA,NA,NA,NA,NA,NA,NA,NA,NA,NA,NA,NA
430.530,2.0311,14.0446,1.1467,13.5771,NA,NA,NA,NA,NA,NA,NA,NA,NA,NA,NA,NA
430.638,2.0410,14.6029,1.1515,14.0553,NA,NA,NA,NA,NA,NA,NA,NA,NA,NA,NA,NA
430.726,2.0775,16.6549,1.1567,14.5666,NA,NA,NA,NA,NA,NA,NA,NA,NA,NA,NA,NA
430.826,2.0954,17.6602,1.1621,15.0962,NA,NA,NA,NA,NA,NA,NA,NA,NA,NA,NA,NA
430.920,2.1210,19.0973,1.1691,15.7975,NA,NA,NA,NA,NA,NA,NA,NA,NA,NA,NA,NA
431.014,2.1354,19.9033,1.1764,16.5129,NA,NA,NA,NA,NA,NA,NA,NA,NA,NA,NA,NA
431.146,2.1382,20.0619,1.1783,16.7012,NA,NA,NA,NA,NA,NA,NA,NA,NA,NA,NA,NA
431.212,2.1414,20.2414,1.1783,16.7061,NA,NA,NA,NA,NA,NA,NA,NA,NA,NA,NA,NA
431.311,2.1414,20.2414,1.1786,16.7346,NA,NA,NA,NA,NA,NA,NA,NA,NA,NA,NA,NA
431.416,2.1361,19.9446,1.1788,16.7547,NA,NA,NA,NA,NA,NA,NA,NA,NA,NA,NA,NA
431.514,2.1361,19.9446,1.1788,16.7547,NA,NA,NA,NA,NA,NA,NA,NA,NA,NA,NA,NA
431.613,2.1290,19.5434,1.1785,16.7230,NA,NA,NA,NA,NA,NA,NA,NA,NA,NA,NA,NA
431.706,2.1263,19.3922,1.1775,16.6277,NA,NA,NA,NA,NA,NA,NA,NA,NA,NA,NA,NA
431.801,2.1173,18.8878,1.1753,16.4039,NA,NA,NA,NA,NA,NA,NA,NA,NA,NA,NA,NA
431.899,2.1155,18.7855,1.1743,16.3118,NA,NA,NA,NA,NA,NA,NA,NA,NA,NA,NA,NA
432.007,2.1139,18.6982,1.1718,16.0591,NA,NA,NA,NA,NA,NA,NA,NA,NA,NA,NA,NA
432.100,2.1065,18.2815,1.1707,15.9530,NA,NA,NA,NA,NA,NA,NA,NA,NA,NA,NA,NA
432.194,2.1061,18.2564,1.1696,15.8429,NA,NA,NA,NA,NA,NA,NA,NA,NA,NA,NA,NA
432.288,2.0949,17.6278,1.1662,15.5077,NA,NA,NA,NA,NA,NA,NA,NA,NA,NA,NA,NA
432.442,2.0911,17.4158,1.1662,15.5077,NA,NA,NA,NA,NA,NA,NA,NA,NA,NA,NA,NA
432.487,2.0841,17.0222,1.1636,15.2542,NA,NA,NA,NA,NA,NA,NA,NA,NA,NA,NA,NA
432.590,2.0769,16.6209,1.1628,15.1752,NA,NA,NA,NA,NA,NA,NA,NA,NA,NA,NA,NA
432.699,2.0766,16.6037,1.1628,15.1752,NA,NA,NA,NA,NA,NA,NA,NA,NA,NA,NA,NA
432.786,2.0710,16.2865,1.1620,15.0925,NA,NA,NA,NA,NA,NA,NA,NA,NA,NA,NA,NA
432.876,2.0710,16.2865,1.1610,14.9933,NA,NA,NA,NA,NA,NA,NA,NA,NA,NA,NA,NA
433.037,2.0665,16.0337,1.1594,14.8305,NA,NA,NA,NA,NA,NA,NA,NA,NA,NA,NA,NA
433.078,2.0647,15.9323,1.1584,14.7366,NA,NA,NA,NA,NA,NA,NA,NA,NA,NA,NA,NA
433.170,2.0594,15.6335,1.1561,14.5100,NA,NA,NA,NA,NA,NA,NA,NA,NA,NA,NA,NA
433.271,2.0462,14.8979,1.1551,14.4051,NA,NA,NA,NA,NA,NA,NA,NA,NA,NA,NA,NA
433.365,2.0412,14.6142,1.1537,14.2727,NA,NA,NA,NA,NA,NA,NA,NA,NA,NA,NA,NA
433.462,2.0412,14.6142,1.1526,14.1608,NA,NA,NA,NA,NA,NA,NA,NA,NA,NA,NA,NA
433.565,2.0336,14.1889,1.1519,14.0916,NA,NA,NA,NA,NA,NA,NA,NA,NA,NA,NA,NA
433.668,2.0303,14.0044,1.1514,14.0367,NA,NA,NA,NA,NA,NA,NA,NA,NA,NA,NA,NA
433.770,2.0241,13.6518,1.1499,13.8967,NA,NA,NA,NA,NA,NA,NA,NA,NA,NA,NA,NA
433.859,2.0294,13.9504,1.1492,13.8274,NA,NA,NA,NA,NA,NA,NA,NA,NA,NA,NA,NA
433.954,2.0294,13.9504,1.1481,13.7179,NA,NA,NA,NA,NA,NA,NA,NA,NA,NA,NA,NA
434.061,2.0342,14.2234,1.1463,13.5360,NA,NA,NA,NA,NA,NA,NA,NA,NA,NA,NA,NA
434.158,2.0523,15.2370,1.1512,14.0207,NA,NA,NA,NA,NA,NA,NA,NA,NA,NA,NA,NA
434.255,2.0837,17.0010,1.1605,14.9466,NA,NA,NA,NA,NA,NA,NA,NA,NA,NA,NA,NA
434.343,2.1077,18.3466,1.1664,15.5252,NA,NA,NA,NA,NA,NA,NA,NA,NA,NA,NA,NA
434.445,2.1492,20.6779,1.1772,16.6002,NA,NA,NA,NA,NA,NA,NA,NA,NA,NA,NA,NA
434.542,2.1704,21.8707,1.1817,17.0415,NA,NA,NA,NA,NA,NA,NA,NA,NA,NA,NA,NA
434.652,2.1727,21.9997,1.1845,17.3228,NA,NA,NA,NA,NA,NA,NA,NA,NA,NA,NA,NA
434.766,2.1757,22.1657,1.1852,17.3868,NA,NA,NA,NA,NA,NA,NA,NA,NA,NA,NA,NA
434.840,2.1757,22.1657,1.1861,17.4816,NA,NA,NA,NA,NA,NA,NA,NA,NA,NA,NA,NA
434.944,2.1720,21.9611,1.1861,17.4816,NA,NA,NA,NA,NA,NA,NA,NA,NA,NA,NA,NA
435.034,2.1700,21.8476,1.1848,17.3493,NA,NA,NA,NA,NA,NA,NA,NA,NA,NA,NA,NA
435.128,2.1534,20.9171,1.1848,17.3493,NA,NA,NA,NA,NA,NA,NA,NA,NA,NA,NA,NA
435.231,2.1493,20.6861,1.1837,17.2424,NA,NA,NA,NA,NA,NA,NA,NA,NA,NA,NA,NA
435.353,2.1399,20.1558,1.1815,17.0211,NA,NA,NA,NA,NA,NA,NA,NA,NA,NA,NA,NA
435.427,2.1355,19.9102,1.1787,16.7432,NA,NA,NA,NA,NA,NA,NA,NA,NA,NA,NA,NA
435.522,2.1331,19.7746,1.1764,16.5209,NA,NA,NA,NA,NA,NA,NA,NA,NA,NA,NA,NA
435.621,2.1198,19.0296,1.1748,16.3623,NA,NA,NA,NA,NA,NA,NA,NA,NA,NA,NA,NA
435.721,2.1154,18.7827,1.1695,15.8358,NA,NA,NA,NA,NA,NA,NA,NA,NA,NA,NA,NA
435.818,2.1097,18.4616,1.1647,15.3610,NA,NA,NA,NA,NA,NA,NA,NA,NA,NA,NA,NA
435.914,2.1034,18.1055,1.1632,15.2135,NA,NA,NA,NA,NA,NA,NA,NA,NA,NA,NA,NA
436.016,2.0963,17.7058,1.1616,15.0487,NA,NA,NA,NA,NA,NA,NA,NA,NA,NA,NA,NA
436.112,2.0937,17.5597,1.1598,14.8730,NA,NA,NA,NA,NA,NA,NA,NA,NA,NA,NA,NA
436.206,2.0936,17.5553,1.1584,14.7383,NA,NA,NA,NA,NA,NA,NA,NA,NA,NA,NA,NA
436.300,2.0811,16.8536,1.1567,14.5625,NA,NA,NA,NA,NA,NA,NA,NA,NA,NA,NA,NA
436.406,2.0791,16.7401,1.1556,14.4540,NA,NA,NA,NA,NA,NA,NA,NA,NA,NA,NA,NA
436.506,2.0772,16.6346,1.1544,14.3398,NA,NA,NA,NA,NA,NA,NA,NA,NA,NA,NA,NA
436.612,2.0772,16.6346,1.1536,14.2617,NA,NA,NA,NA,NA,NA,NA,NA,NA,NA,NA,NA
436.699,2.0675,16.0921,1.1531,14.2115,NA,NA,NA,NA,NA,NA,NA,NA,NA,NA,NA,NA
436.799,2.0648,15.9399,1.1523,14.1335,NA,NA,NA,NA,NA,NA,NA,NA,NA,NA,NA,NA
436.895,2.0566,15.4800,1.1517,14.0725,NA,NA,NA,NA,NA,NA,NA,NA,NA,NA,NA,NA
436.991,2.0625,15.8078,1.1504,13.9387,NA,NA,NA,NA,NA,NA,NA,NA,NA,NA,NA,NA
437.092,2.0625,15.8078,1.1495,13.8492,NA,NA,NA,NA,NA,NA,NA,NA,NA,NA,NA,NA
437.197,2.0635,15.8647,1.1489,13.7962,NA,NA,NA,NA,NA,NA,NA,NA,NA,NA,NA,NA
437.285,2.0635,15.8647,1.1473,13.6384,NA,NA,NA,NA,NA,NA,NA,NA,NA,NA,NA,NA
437.385,2.0576,15.5371,1.1469,13.5969,NA,NA,NA,NA,NA,NA,NA,NA,NA,NA,NA,NA
437.497,2.0576,15.5371,1.1469,13.5969,NA,NA,NA,NA,NA,NA,NA,NA,NA,NA,NA,NA
437.584,2.0505,15.1347,1.1458,13.4908,NA,NA,NA,NA,NA,NA,NA,NA,NA,NA,NA,NA
437.678,2.0547,15.3745,1.1458,13.4908,NA,NA,NA,NA,NA,NA,NA,NA,NA,NA,NA,NA
437.786,2.0547,15.3745,1.1445,13.3607,NA,NA,NA,NA,NA,NA,NA,NA,NA,NA,NA,NA
437.875,2.0533,15.2959,1.1411,13.0225,NA,NA,NA,NA,NA,NA,NA,NA,NA,NA,NA,NA
437.971,2.0522,15.2335,1.1416,13.0753,NA,NA,NA,NA,NA,NA,NA,NA,NA,NA,NA,NA
438.071,2.0477,14.9820,1.1424,13.1484,NA,NA,NA,NA,NA,NA,NA,NA,NA,NA,NA,NA
438.169,2.0465,14.9144,1.1424,13.1484,NA,NA,NA,NA,NA,NA,NA,NA,NA,NA,NA,NA
438.260,2.0452,14.8370,1.1421,13.1217,NA,NA,NA,NA,NA,NA,NA,NA,NA,NA,NA,NA
438.412,2.0468,14.9271,1.1403,12.9454,NA,NA,NA,NA,NA,NA,NA,NA,NA,NA,NA,NA
438.464,2.0468,14.9271,1.1401,12.9255,NA,NA,NA,NA,NA,NA,NA,NA,NA,NA,NA,NA
438.555,2.0415,14.6338,1.1394,12.8515,NA,NA,NA,NA,NA,NA,NA,NA,NA,NA,NA,NA
438.665,2.0415,14.6338,1.1388,12.7884,NA,NA,NA,NA,NA,NA,NA,NA,NA,NA,NA,NA
438.754,2.0370,14.3793,1.1379,12.6993,NA,NA,NA,NA,NA,NA,NA,NA,NA,NA,NA,NA
438.850,2.0370,14.3793,1.1373,12.6454,NA,NA,NA,NA,NA,NA,NA,NA,NA,NA,NA,NA
438.949,2.0347,14.2490,1.1373,12.6397,NA,NA,NA,NA,NA,NA,NA,NA,NA,NA,NA,NA
439.045,2.0315,14.0671,1.1373,12.6397,NA,NA,NA,NA,NA,NA,NA,NA,NA,NA,NA,NA
439.153,2.0285,13.8989,1.1368,12.5924,NA,NA,NA,NA,NA,NA,NA,NA,NA,NA,NA,NA
439.240,2.0277,13.8569,1.1367,12.5803,NA,NA,NA,NA,NA,NA,NA,NA,NA,NA,NA,NA
439.342,2.0277,13.8569,1.1360,12.5138,NA,NA,NA,NA,NA,NA,NA,NA,NA,NA,NA,NA
439.432,2.0234,13.6165,1.1355,12.4661,NA,NA,NA,NA,NA,NA,NA,NA,NA,NA,NA,NA
439.536,2.0234,13.6165,1.1339,12.3097,NA,NA,NA,NA,NA,NA,NA,NA,NA,NA,NA,NA
439.649,2.0189,13.3597,1.1335,12.2696,NA,NA,NA,NA,NA,NA,NA,NA,NA,NA,NA,NA
439.742,2.0163,13.2182,1.1333,12.2479,NA,NA,NA,NA,NA,NA,NA,NA,NA,NA,NA,NA
439.830,2.0155,13.1704,1.1329,12.2095,NA,NA,NA,NA,NA,NA,NA,NA,NA,NA,NA,NA
439.945,2.0154,13.1657,1.1326,12.1835,NA,NA,NA,NA,NA,NA,NA,NA,NA,NA,NA,NA
440.025,2.0154,13.1657,1.1312,12.0416,NA,NA,NA,NA,NA,NA,NA,NA,NA,NA,NA,NA
440.127,2.0153,13.1602,1.1312,12.0404,NA,NA,NA,NA,NA,NA,NA,NA,NA,NA,NA,NA
440.218,2.0153,13.1602,1.1306,11.9827,NA,NA,NA,NA,NA,NA,NA,NA,NA,NA,NA,NA
440.321,2.0106,12.8950,1.1300,11.9205,NA,NA,NA,NA,NA,NA,NA,NA,NA,NA,NA,NA
440.420,2.0106,12.8950,1.1307,11.9909,NA,NA,NA,NA,NA,NA,NA,NA,NA,NA,NA,NA
440.515,2.0081,12.7562,1.1310,12.0202,NA,NA,NA,NA,NA,NA,NA,NA,NA,NA,NA,NA
440.612,2.0081,12.7562,1.1310,12.0202,NA,NA,NA,NA,NA,NA,NA,NA,NA,NA,NA,NA
440.711,2.0069,12.6884,1.1293,11.8526,NA,NA,NA,NA,NA,NA,NA,NA,NA,NA,NA,NA
440.812,2.0067,12.6776,1.1285,11.7698,NA,NA,NA,NA,NA,NA,NA,NA,NA,NA,NA,NA
440.906,2.0064,12.6586,1.1281,11.7351,NA,NA,NA,NA,NA,NA,NA,NA,NA,NA,NA,NA
441.004,2.0025,12.4396,1.1280,11.7224,NA,NA,NA,NA,NA,NA,NA,NA,NA,NA,NA,NA
441.104,2.0003,12.3163,1.1267,11.5922,NA,NA,NA,NA,NA,NA,NA,NA,NA,NA,NA,NA
441.195,1.9992,12.2587,1.1266,11.5838,NA,NA,NA,NA,NA,NA,NA,NA,NA,NA,NA,NA
441.295,1.9959,12.0706,1.1257,11.4940,NA,NA,NA,NA,NA,NA,NA,NA,NA,NA,NA,NA
441.399,1.9957,12.0617,1.1257,11.4940,NA,NA,NA,NA,NA,NA,NA,NA,NA,NA,NA,NA
441.502,1.9957,12.0617,1.1248,11.4104,NA,NA,NA,NA,NA,NA,NA,NA,NA,NA,NA,NA
441.600,1.9936,11.9424,1.1241,11.3361,NA,NA,NA,NA,NA,NA,NA,NA,NA,NA,NA,NA
441.695,1.9936,11.9424,1.1236,11.2916,NA,NA,NA,NA,NA,NA,NA,NA,NA,NA,NA,NA
441.794,1.9877,11.6101,1.1232,11.2490,NA,NA,NA,NA,NA,NA,NA,NA,NA,NA,NA,NA
441.891,1.9845,11.4307,1.1232,11.2490,NA,NA,NA,NA,NA,NA,NA,NA,NA,NA,NA,NA
441.989,1.9829,11.3416,1.1216,11.0863,NA,NA,NA,NA,NA,NA,NA,NA,NA,NA,NA,NA
442.083,1.9820,11.2902,1.1216,11.0863,NA,NA,NA,NA,NA,NA,NA,NA,NA,NA,NA,NA
442.189,1.9820,11.2902,1.1206,10.9894,NA,NA,NA,NA,NA,NA,NA,NA,NA,NA,NA,NA
442.281,1.9799,11.1733,1.1198,10.9132,NA,NA,NA,NA,NA,NA,NA,NA,NA,NA,NA,NA
442.375,1.9799,11.1733,1.1199,10.9247,NA,NA,NA,NA,NA,NA,NA,NA,NA,NA,NA,NA
442.476,1.9766,10.9884,1.1199,10.9247,NA,NA,NA,NA,NA,NA,NA,NA,NA,NA,NA,NA
442.571,1.9717,10.7093,1.1195,10.8861,NA,NA,NA,NA,NA,NA,NA,NA,NA,NA,NA,NA
442.680,1.9713,10.6891,1.1192,10.8500,NA,NA,NA,NA,NA,NA,NA,NA,NA,NA,NA,NA
442.772,1.9702,10.6261,1.1187,10.8068,NA,NA,NA,NA,NA,NA,NA,NA,NA,NA,NA,NA
442.871,1.9702,10.6261,1.1182,10.7510,NA,NA,NA,NA,NA,NA,NA,NA,NA,NA,NA,NA
442.968,1.9707,10.6570,1.1179,10.7250,NA,NA,NA,NA,NA,NA,NA,NA,NA,NA,NA,NA
443.062,1.9707,10.6570,1.1175,10.6814,NA,NA,NA,NA,NA,NA,NA,NA,NA,NA,NA,NA
443.156,1.9683,10.5191,1.1175,10.6814,NA,NA,NA,NA,NA,NA,NA,NA,NA,NA,NA,NA
443.257,1.9683,10.5191,1.1169,10.6199,NA,NA,NA,NA,NA,NA,NA,NA,NA,NA,NA,NA
443.349,1.9622,10.1789,1.1165,10.5859,NA,NA,NA,NA,NA,NA,NA,NA,NA,NA,NA,NA
443.456,1.9619,10.1612,1.1158,10.5124,NA,NA,NA,NA,NA,NA,NA,NA,NA,NA,NA,NA
443.554,1.9619,10.1612,1.1146,10.3936,NA,NA,NA,NA,NA,NA,NA,NA,NA,NA,NA,NA
443.647,1.9567,9.8671,1.1146,10.3936,NA,NA,NA,NA,NA,NA,NA,NA,NA,NA,NA,NA
443.818,1.9567,9.8671,1.1142,10.3519,NA,NA,NA,NA,NA,NA,NA,NA,NA,NA,NA,NA
443.842,1.9575,9.9146,1.1134,10.2821,NA,NA,NA,NA,NA,NA,NA,NA,NA,NA,NA,NA
443.948,1.9575,9.9146,1.1128,10.2200,NA,NA,NA,NA,NA,NA,NA,NA,NA,NA,NA,NA
444.038,1.9541,9.7264,1.1119,10.1324,NA,NA,NA,NA,NA,NA,NA,NA,NA,NA,NA,NA
444.147,1.9530,9.6598,1.1113,10.0709,NA,NA,NA,NA,NA,NA,NA,NA,NA,NA,NA,NA
444.242,1.9492,9.4458,1.1109,10.0314,NA,NA,NA,NA,NA,NA,NA,NA,NA,NA,NA,NA
444.345,1.9442,9.1692,1.1106,10.0006,NA,NA,NA,NA,NA,NA,NA,NA,NA,NA,NA,NA
444.442,1.9456,9.2452,1.1095,9.8955,NA,NA,NA,NA,NA,NA,NA,NA,NA,NA,NA,NA
444.531,1.9475,9.3524,1.1088,9.8179,NA,NA,NA,NA,NA,NA,NA,NA,NA,NA,NA,NA
444.637,1.9475,9.3524,1.1082,9.7670,NA,NA,NA,NA,NA,NA,NA,NA,NA,NA,NA,NA
444.731,1.9438,9.1426,1.1080,9.7402,NA,NA,NA,NA,NA,NA,NA,NA,NA,NA,NA,NA
444.827,1.9417,9.0265,1.1072,9.6658,NA,NA,NA,NA,NA,NA,NA,NA,NA,NA,NA,NA
444.973,1.9416,9.0242,1.1070,9.6412,NA,NA,NA,NA,NA,NA,NA,NA,NA,NA,NA,NA
445.014,1.9403,8.9464,1.1070,9.6412,NA,NA,NA,NA,NA,NA,NA,NA,NA,NA,NA,NA
445.125,1.9403,8.9464,1.1057,9.5183,NA,NA,NA,NA,NA,NA,NA,NA,NA,NA,NA,NA
445.217,1.9435,9.1277,1.1057,9.5183,NA,NA,NA,NA,NA,NA,NA,NA,NA,NA,NA,NA
445.310,1.9435,9.1277,1.1051,9.4532,NA,NA,NA,NA,NA,NA,NA,NA,NA,NA,NA,NA
445.416,1.9436,9.1325,1.1045,9.3966,NA,NA,NA,NA,NA,NA,NA,NA,NA,NA,NA,NA
445.510,1.9436,9.1325,1.1027,9.2191,NA,NA,NA,NA,NA,NA,NA,NA,NA,NA,NA,NA
445.647,1.9396,8.9079,1.1017,9.1221,NA,NA,NA,NA,NA,NA,NA,NA,NA,NA,NA,NA
445.705,1.9337,8.5777,1.1016,9.1127,NA,NA,NA,NA,NA,NA,NA,NA,NA,NA,NA,NA
445.798,1.9387,8.8574,1.1002,8.9705,NA,NA,NA,NA,NA,NA,NA,NA,NA,NA,NA,NA
445.901,1.9387,8.8574,1.0997,8.9225,NA,NA,NA,NA,NA,NA,NA,NA,NA,NA,NA,NA
446.000,1.9308,8.4128,1.0987,8.8186,NA,NA,NA,NA,NA,NA,NA,NA,NA,NA,NA,NA
446.092,1.9272,8.2117,1.0983,8.7830,NA,NA,NA,NA,NA,NA,NA,NA,NA,NA,NA,NA
446.231,1.9257,8.1294,1.0982,8.7731,NA,NA,NA,NA,NA,NA,NA,NA,NA,NA,NA,NA
446.293,1.9272,8.2139,1.0974,8.6949,NA,NA,NA,NA,NA,NA,NA,NA,NA,NA,NA,NA
446.390,1.9272,8.2139,1.0974,8.6949,NA,NA,NA,NA,NA,NA,NA,NA,NA,NA,NA,NA
446.486,1.9303,8.3882,1.0967,8.6253,NA,NA,NA,NA,NA,NA,NA,NA,NA,NA,NA,NA
446.590,1.9303,8.3882,1.0960,8.5548,NA,NA,NA,NA,NA,NA,NA,NA,NA,NA,NA,NA
446.688,1.9263,8.1617,1.0957,8.5287,NA,NA,NA,NA,NA,NA,NA,NA,NA,NA,NA,NA
446.833,1.9263,8.1617,1.0957,8.5287,NA,NA,NA,NA,NA,NA,NA,NA,NA,NA,NA,NA
446.884,1.9226,7.9576,1.0950,8.4521,NA,NA,NA,NA,NA,NA,NA,NA,NA,NA,NA,NA
446.982,1.9226,7.9576,1.0950,8.4521,NA,NA,NA,NA,NA,NA,NA,NA,NA,NA,NA,NA
447.080,1.9178,7.6841,1.0949,8.4426,NA,NA,NA,NA,NA,NA,NA,NA,NA,NA,NA,NA
447.170,1.9182,7.7061,1.0930,8.2596,NA,NA,NA,NA,NA,NA,NA,NA,NA,NA,NA,NA
447.270,1.9182,7.7061,1.0921,8.1703,NA,NA,NA,NA,NA,NA,NA,NA,NA,NA,NA,NA
447.400,1.9216,7.9007,1.0922,8.1808,NA,NA,NA,NA,NA,NA,NA,NA,NA,NA,NA,NA
447.474,1.9216,7.9007,1.0925,8.2064,NA,NA,NA,NA,NA,NA,NA,NA,NA,NA,NA,NA
447.571,1.9179,7.6884,1.0925,8.2064,NA,NA,NA,NA,NA,NA,NA,NA,NA,NA,NA,NA
447.663,1.9179,7.6884,1.0924,8.1963,NA,NA,NA,NA,NA,NA,NA,NA,NA,NA,NA,NA
447.755,1.9155,7.5538,1.0924,8.1963,NA,NA,NA,NA,NA,NA,NA,NA,NA,NA,NA,NA
447.857,1.9136,7.4522,1.0910,8.0587,NA,NA,NA,NA,NA,NA,NA,NA,NA,NA,NA,NA
447.963,1.9154,7.5489,1.0908,8.0438,NA,NA,NA,NA,NA,NA,NA,NA,NA,NA,NA,NA
448.056,1.9154,7.5489,1.0893,7.8912,NA,NA,NA,NA,NA,NA,NA,NA,NA,NA,NA,NA
448.153,1.9153,7.5424,1.0896,7.9154,NA,NA,NA,NA,NA,NA,NA,NA,NA,NA,NA,NA
448.247,1.9163,7.5988,1.0896,7.9154,NA,NA,NA,NA,NA,NA,NA,NA,NA,NA,NA,NA
448.342,1.9163,7.5988,1.0892,7.8803,NA,NA,NA,NA,NA,NA,NA,NA,NA,NA,NA,NA
448.447,1.9127,7.3966,1.0889,7.8554,NA,NA,NA,NA,NA,NA,NA,NA,NA,NA,NA,NA
448.565,1.9092,7.2014,1.0888,7.8455,NA,NA,NA,NA,NA,NA,NA,NA,NA,NA,NA,NA
448.637,1.9092,7.2014,1.0884,7.8047,NA,NA,NA,NA,NA,NA,NA,NA,NA,NA,NA,NA
448.742,1.9076,7.1124,1.0884,7.8007,NA,NA,NA,NA,NA,NA,NA,NA,NA,NA,NA,NA
448.841,1.9065,7.0502,1.0874,7.7060,NA,NA,NA,NA,NA,NA,NA,NA,NA,NA,NA,NA
448.933,1.9084,7.1568,1.0874,7.7047,NA,NA,NA,NA,NA,NA,NA,NA,NA,NA,NA,NA
449.047,1.9084,7.1568,1.0869,7.6540,NA,NA,NA,NA,NA,NA,NA,NA,NA,NA,NA,NA
449.129,1.9040,6.9081,1.0863,7.5909,NA,NA,NA,NA,NA,NA,NA,NA,NA,NA,NA,NA
449.260,1.9021,6.8057,1.0863,7.5909,NA,NA,NA,NA,NA,NA,NA,NA,NA,NA,NA,NA
449.332,1.8959,6.4546,1.0856,7.5237,NA,NA,NA,NA,NA,NA,NA,NA,NA,NA,NA,NA
449.421,1.8968,6.5041,1.0858,7.5456,NA,NA,NA,NA,NA,NA,NA,NA,NA,NA,NA,NA
449.524,1.8968,6.5077,1.0858,7.5456,NA,NA,NA,NA,NA,NA,NA,NA,NA,NA,NA,NA
449.622,1.9010,6.7401,1.0853,7.4908,NA,NA,NA,NA,NA,NA,NA,NA,NA,NA,NA,NA
449.721,1.9010,6.7401,1.0849,7.4503,NA,NA,NA,NA,NA,NA,NA,NA,NA,NA,NA,NA
449.866,1.9012,6.7510,1.0848,7.4457,NA,NA,NA,NA,NA,NA,NA,NA,NA,NA,NA,NA
449.919,1.9012,6.7510,1.0842,7.3864,NA,NA,NA,NA,NA,NA,NA,NA,NA,NA,NA,NA
450.010,1.8977,6.5581,1.0841,7.3779,NA,NA,NA,NA,NA,NA,NA,NA,NA,NA,NA,NA
450.107,1.9003,6.7032,1.0840,7.3635,NA,NA,NA,NA,NA,NA,NA,NA,NA,NA,NA,NA
450.208,1.9003,6.7032,1.0836,7.3217,NA,NA,NA,NA,NA,NA,NA,NA,NA,NA,NA,NA
450.310,1.8947,6.3912,1.0831,7.2747,NA,NA,NA,NA,NA,NA,NA,NA,NA,NA,NA,NA
450.474,1.8939,6.3438,1.0833,7.2912,NA,NA,NA,NA,NA,NA,NA,NA,NA,NA,NA,NA
450.504,1.8936,6.3291,1.0833,7.2912,NA,NA,NA,NA,NA,NA,NA,NA,NA,NA,NA,NA
450.603,1.8936,6.3291,1.0815,7.1212,NA,NA,NA,NA,NA,NA,NA,NA,NA,NA,NA,NA
450.703,1.8924,6.2595,1.0826,7.2261,NA,NA,NA,NA,NA,NA,NA,NA,NA,NA,NA,NA
450.800,1.8924,6.2595,1.0830,7.2631,NA,NA,NA,NA,NA,NA,NA,NA,NA,NA,NA,NA
450.895,1.8900,6.1248,1.0830,7.2631,NA,NA,NA,NA,NA,NA,NA,NA,NA,NA,NA,NA
450.990,1.8891,6.0734,1.0809,7.0623,NA,NA,NA,NA,NA,NA,NA,NA,NA,NA,NA,NA
451.087,1.8891,6.0734,1.0807,7.0364,NA,NA,NA,NA,NA,NA,NA,NA,NA,NA,NA,NA
451.191,1.8878,5.9982,1.0807,7.0364,NA,NA,NA,NA,NA,NA,NA,NA,NA,NA,NA,NA
451.281,1.8870,5.9564,1.0801,6.9819,NA,NA,NA,NA,NA,NA,NA,NA,NA,NA,NA,NA
451.389,1.8885,6.0397,1.0801,6.9815,NA,NA,NA,NA,NA,NA,NA,NA,NA,NA,NA,NA
451.483,1.8885,6.0397,1.0801,6.9815,NA,NA,NA,NA,NA,NA,NA,NA,NA,NA,NA,NA
451.581,1.8851,5.8497,1.0795,6.9211,NA,NA,NA,NA,NA,NA,NA,NA,NA,NA,NA,NA
451.676,1.8851,5.8497,1.0795,6.9211,NA,NA,NA,NA,NA,NA,NA,NA,NA,NA,NA,NA
451.783,1.8837,5.7733,1.0793,6.8995,NA,NA,NA,NA,NA,NA,NA,NA,NA,NA,NA,NA
451.869,1.8837,5.7733,1.0790,6.8743,NA,NA,NA,NA,NA,NA,NA,NA,NA,NA,NA,NA
451.969,1.8811,5.6238,1.0786,6.8341,NA,NA,NA,NA,NA,NA,NA,NA,NA,NA,NA,NA
452.068,1.8788,5.4953,1.0786,6.8341,NA,NA,NA,NA,NA,NA,NA,NA,NA,NA,NA,NA
452.218,1.8788,5.4953,1.0784,6.8099,NA,NA,NA,NA,NA,NA,NA,NA,NA,NA,NA,NA
452.259,1.8816,5.6522,1.0776,6.7291,NA,NA,NA,NA,NA,NA,NA,NA,NA,NA,NA,NA
452.370,1.8816,5.6522,1.0774,6.7098,NA,NA,NA,NA,NA,NA,NA,NA,NA,NA,NA,NA
452.456,1.8747,5.2675,1.0773,6.6994,NA,NA,NA,NA,NA,NA,NA,NA,NA,NA,NA,NA
452.555,1.8747,5.2675,1.0762,6.5890,NA,NA,NA,NA,NA,NA,NA,NA,NA,NA,NA,NA
452.658,1.8705,5.0304,1.0761,6.5839,NA,NA,NA,NA,NA,NA,NA,NA,NA,NA,NA,NA
452.804,1.8708,5.0455,1.0754,6.5183,NA,NA,NA,NA,NA,NA,NA,NA,NA,NA,NA,NA
452.847,1.8730,5.1695,1.0753,6.5030,NA,NA,NA,NA,NA,NA,NA,NA,NA,NA,NA,NA
452.950,1.8730,5.1695,1.0754,6.5134,NA,NA,NA,NA,NA,NA,NA,NA,NA,NA,NA,NA
453.057,1.8717,5.0956,1.0754,6.5134,NA,NA,NA,NA,NA,NA,NA,NA,NA,NA,NA,NA
453.141,1.8721,5.1198,1.0750,6.4698,NA,NA,NA,NA,NA,NA,NA,NA,NA,NA,NA,NA
453.243,1.8721,5.1198,1.0743,6.4092,NA,NA,NA,NA,NA,NA,NA,NA,NA,NA,NA,NA
453.340,1.8756,5.3168,1.0752,6.4964,NA,NA,NA,NA,NA,NA,NA,NA,NA,NA,NA,NA
453.434,1.8756,5.3168,1.0754,6.5097,NA,NA,NA,NA,NA,NA,NA,NA,NA,NA,NA,NA
453.537,1.8741,5.2324,1.0754,6.5112,NA,NA,NA,NA,NA,NA,NA,NA,NA,NA,NA,NA
453.632,1.8734,5.1930,1.0754,6.5112,NA,NA,NA,NA,NA,NA,NA,NA,NA,NA,NA,NA
453.742,1.8728,5.1587,1.0752,6.4910,NA,NA,NA,NA,NA,NA,NA,NA,NA,NA,NA,NA
453.831,1.8710,5.0562,1.0750,6.4717,NA,NA,NA,NA,NA,NA,NA,NA,NA,NA,NA,NA
453.928,1.8710,5.0562,1.0742,6.3973,NA,NA,NA,NA,NA,NA,NA,NA,NA,NA,NA,NA
454.046,1.8686,4.9206,1.0731,6.2866,NA,NA,NA,NA,NA,NA,NA,NA,NA,NA,NA,NA
454.127,1.8683,4.9077,1.0731,6.2890,NA,NA,NA,NA,NA,NA,NA,NA,NA,NA,NA,NA
454.218,1.8670,4.8306,1.0731,6.2890,NA,NA,NA,NA,NA,NA,NA,NA,NA,NA,NA,NA
454.323,1.8656,4.7547,1.0729,6.2642,NA,NA,NA,NA,NA,NA,NA,NA,NA,NA,NA,NA
454.421,1.8637,4.6483,1.0725,6.2314,NA,NA,NA,NA,NA,NA,NA,NA,NA,NA,NA,NA
454.517,1.8654,4.7416,1.0721,6.1872,NA,NA,NA,NA,NA,NA,NA,NA,NA,NA,NA,NA
454.670,1.8654,4.7416,1.0721,6.1888,NA,NA,NA,NA,NA,NA,NA,NA,NA,NA,NA,NA
454.719,1.8630,4.6069,1.0721,6.1888,NA,NA,NA,NA,NA,NA,NA,NA,NA,NA,NA,NA
454.812,1.8630,4.6069,1.0716,6.1408,NA,NA,NA,NA,NA,NA,NA,NA,NA,NA,NA,NA
455.013,1.8615,4.5245,1.0705,6.0259,NA,NA,NA,NA,NA,NA,NA,NA,NA,NA,NA,NA
455.015,1.8581,4.3343,1.0697,5.9515,NA,NA,NA,NA,NA,NA,NA,NA,NA,NA,NA,NA
455.113,1.8561,4.2231,1.0683,5.8087,NA,NA,NA,NA,NA,NA,NA,NA,NA,NA,NA,NA
455.192,1.8545,4.1298,1.0683,5.8087,NA,NA,NA,NA,NA,NA,NA,NA,NA,NA,NA,NA
455.308,1.8545,4.1298,1.0675,5.7282,NA,NA,NA,NA,NA,NA,NA,NA,NA,NA,NA,NA
455.397,1.8557,4.1970,1.0672,5.7028,NA,NA,NA,NA,NA,NA,NA,NA,NA,NA,NA,NA
455.495,1.8557,4.1970,1.0672,5.6995,NA,NA,NA,NA,NA,NA,NA,NA,NA,NA,NA,NA
455.589,1.8533,4.0649,1.0667,5.6561,NA,NA,NA,NA,NA,NA,NA,NA,NA,NA,NA,NA
455.688,1.8533,4.0649,1.0646,5.4470,NA,NA,NA,NA,NA,NA,NA,NA,NA,NA,NA,NA
455.796,1.8600,4.4406,1.0700,5.9749,NA,NA,NA,NA,NA,NA,NA,NA,NA,NA,NA,NA
455.893,1.8827,5.7174,1.0773,6.7026,NA,NA,NA,NA,NA,NA,NA,NA,NA,NA,NA,NA
455.984,1.9195,7.7823,1.0927,8.2316,NA,NA,NA,NA,NA,NA,NA,NA,NA,NA,NA,NA
456.088,1.9631,10.2296,1.1053,9.4744,NA,NA,NA,NA,NA,NA,NA,NA,NA,NA,NA,NA
456.183,1.9934,11.9328,1.1193,10.8655,NA,NA,NA,NA,NA,NA,NA,NA,NA,NA,NA,NA
456.284,2.0174,13.2785,1.1305,11.9684,NA,NA,NA,NA,NA,NA,NA,NA,NA,NA,NA,NA
456.373,2.0297,13.9669,1.1389,12.8062,NA,NA,NA,NA,NA,NA,NA,NA,NA,NA,NA,NA
456.469,2.0521,15.2277,1.1494,13.8440,NA,NA,NA,NA,NA,NA,NA,NA,NA,NA,NA,NA
456.583,2.0719,16.3368,1.1572,14.6179,NA,NA,NA,NA,NA,NA,NA,NA,NA,NA,NA,NA
456.680,2.0906,17.3855,1.1671,15.5982,NA,NA,NA,NA,NA,NA,NA,NA,NA,NA,NA,NA
456.775,2.1107,18.5170,1.1741,16.2920,NA,NA,NA,NA,NA,NA,NA,NA,NA,NA,NA,NA
456.872,2.1196,19.0178,1.1832,17.1954,NA,NA,NA,NA,NA,NA,NA,NA,NA,NA,NA,NA
456.973,2.1405,20.1894,1.1900,17.8610,NA,NA,NA,NA,NA,NA,NA,NA,NA,NA,NA,NA
457.070,2.1491,20.6750,1.1961,18.4656,NA,NA,NA,NA,NA,NA,NA,NA,NA,NA,NA,NA
457.160,2.1646,21.5424,1.2014,18.9979,NA,NA,NA,NA,NA,NA,NA,NA,NA,NA,NA,NA
457.255,2.1706,21.8831,1.2069,19.5351,NA,NA,NA,NA,NA,NA,NA,NA,NA,NA,NA,NA
457.349,2.1904,22.9929,1.2132,20.1651,NA,NA,NA,NA,NA,NA,NA,NA,NA,NA,NA,NA
457.454,2.2002,23.5400,1.2165,20.4875,NA,NA,NA,NA,NA,NA,NA,NA,NA,NA,NA,NA
457.564,2.2117,24.1901,1.2224,21.0715,NA,NA,NA,NA,NA,NA,NA,NA,NA,NA,NA,NA
457.652,2.2152,24.3857,1.2265,21.4765,NA,NA,NA,NA,NA,NA,NA,NA,NA,NA,NA,NA
457.746,2.2152,24.3857,1.2280,21.6238,NA,NA,NA,NA,NA,NA,NA,NA,NA,NA,NA,NA
457.868,2.2126,24.2378,1.2294,21.7713,NA,NA,NA,NA,NA,NA,NA,NA,NA,NA,NA,NA
457.938,2.2083,23.9974,1.2294,21.7713,NA,NA,NA,NA,NA,NA,NA,NA,NA,NA,NA,NA
458.034,2.2057,23.8493,1.2291,21.7364,NA,NA,NA,NA,NA,NA,NA,NA,NA,NA,NA,NA
458.146,2.2004,23.5537,1.2277,21.5999,NA,NA,NA,NA,NA,NA,NA,NA,NA,NA,NA,NA
458.233,2.1958,23.2951,1.2277,21.5999,NA,NA,NA,NA,NA,NA,NA,NA,NA,NA,NA,NA
458.335,2.1930,23.1355,1.2269,21.5204,NA,NA,NA,NA,NA,NA,NA,NA,NA,NA,NA,NA
458.442,2.1830,22.5793,1.2242,21.2554,NA,NA,NA,NA,NA,NA,NA,NA,NA,NA,NA,NA
458.535,2.1733,22.0315,1.2215,20.9852,NA,NA,NA,NA,NA,NA,NA,NA,NA,NA,NA,NA
458.631,2.1681,21.7378,1.2175,20.5908,NA,NA,NA,NA,NA,NA,NA,NA,NA,NA,NA,NA
458.735,2.1605,21.3154,1.2141,20.2545,NA,NA,NA,NA,NA,NA,NA,NA,NA,NA,NA,NA
458.822,2.1566,21.0921,1.2102,19.8671,NA,NA,NA,NA,NA,NA,NA,NA,NA,NA,NA,NA
458.919,2.1525,20.8645,1.2081,19.6608,NA,NA,NA,NA,NA,NA,NA,NA,NA,NA,NA,NA
459.020,2.1475,20.5806,1.2046,19.3128,NA,NA,NA,NA,NA,NA,NA,NA,NA,NA,NA,NA
459.112,2.1436,20.3667,1.2024,19.0957,NA,NA,NA,NA,NA,NA,NA,NA,NA,NA,NA,NA
459.218,2.1417,20.2566,1.2001,18.8671,NA,NA,NA,NA,NA,NA,NA,NA,NA,NA,NA,NA
459.321,2.1286,19.5246,1.1978,18.6351,NA,NA,NA,NA,NA,NA,NA,NA,NA,NA,NA,NA
459.436,2.1210,19.0943,1.1945,18.3054,NA,NA,NA,NA,NA,NA,NA,NA,NA,NA,NA,NA
459.508,2.1097,18.4628,1.1926,18.1211,NA,NA,NA,NA,NA,NA,NA,NA,NA,NA,NA,NA
459.601,2.1065,18.2810,1.1908,17.9471,NA,NA,NA,NA,NA,NA,NA,NA,NA,NA,NA,NA
459.702,2.1046,18.1742,1.1884,17.7024,NA,NA,NA,NA,NA,NA,NA,NA,NA,NA,NA,NA
459.814,2.1025,18.0542,1.1868,17.5487,NA,NA,NA,NA,NA,NA,NA,NA,NA,NA,NA,NA
459.895,2.1012,17.9862,1.1858,17.4472,NA,NA,NA,NA,NA,NA,NA,NA,NA,NA,NA,NA
460.030,2.0970,17.7467,1.1847,17.3350,NA,NA,NA,NA,NA,NA,NA,NA,NA,NA,NA,NA
460.100,2.0885,17.2703,1.1832,17.1910,NA,NA,NA,NA,NA,NA,NA,NA,NA,NA,NA,NA
460.191,2.0871,17.1928,1.1828,17.1468,NA,NA,NA,NA,NA,NA,NA,NA,NA,NA,NA,NA
460.288,2.0871,17.1928,1.1815,17.0247,NA,NA,NA,NA,NA,NA,NA,NA,NA,NA,NA,NA
460.390,2.0845,17.0462,1.1806,16.9359,NA,NA,NA,NA,NA,NA,NA,NA,NA,NA,NA,NA
460.491,2.0837,16.9990,1.1806,16.9359,NA,NA,NA,NA,NA,NA,NA,NA,NA,NA,NA,NA
460.585,2.0837,16.9990,1.1803,16.8990,NA,NA,NA,NA,NA,NA,NA,NA,NA,NA,NA,NA
460.685,2.0773,16.6397,1.1798,16.8562,NA,NA,NA,NA,NA,NA,NA,NA,NA,NA,NA,NA
460.791,2.0773,16.6397,1.1788,16.7570,NA,NA,NA,NA,NA,NA,NA,NA,NA,NA,NA,NA
460.885,2.0752,16.5222,1.1767,16.5477,NA,NA,NA,NA,NA,NA,NA,NA,NA,NA,NA,NA
460.976,2.0752,16.5222,1.1767,16.5477,NA,NA,NA,NA,NA,NA,NA,NA,NA,NA,NA,NA
461.073,2.0728,16.3893,1.1768,16.5524,NA,NA,NA,NA,NA,NA,NA,NA,NA,NA,NA,NA
461.185,2.0687,16.1564,1.1768,16.5524,NA,NA,NA,NA,NA,NA,NA,NA,NA,NA,NA,NA
461.271,2.0687,16.1564,1.1757,16.4440,NA,NA,NA,NA,NA,NA,NA,NA,NA,NA,NA,NA
461.372,2.0646,15.9302,1.1741,16.2933,NA,NA,NA,NA,NA,NA,NA,NA,NA,NA,NA,NA
461.464,2.0646,15.9302,1.1734,16.2172,NA,NA,NA,NA,NA,NA,NA,NA,NA,NA,NA,NA
461.568,2.0602,15.6795,1.1717,16.0532,NA,NA,NA,NA,NA,NA,NA,NA,NA,NA,NA,NA
461.672,2.0496,15.0846,1.1708,15.9663,NA,NA,NA,NA,NA,NA,NA,NA,NA,NA,NA,NA
461.758,2.0435,14.7420,1.1700,15.8787,NA,NA,NA,NA,NA,NA,NA,NA,NA,NA,NA,NA
461.857,2.0448,14.8188,1.1696,15.8445,NA,NA,NA,NA,NA,NA,NA,NA,NA,NA,NA,NA
461.957,2.0493,15.0711,1.1722,16.0964,NA,NA,NA,NA,NA,NA,NA,NA,NA,NA,NA,NA
462.059,2.0897,17.3352,1.1770,16.5720,NA,NA,NA,NA,NA,NA,NA,NA,NA,NA,NA,NA
462.152,2.1039,18.1377,1.1849,17.3614,NA,NA,NA,NA,NA,NA,NA,NA,NA,NA,NA,NA
462.246,2.1411,20.2240,1.1941,18.2683,NA,NA,NA,NA,NA,NA,NA,NA,NA,NA,NA,NA
462.385,2.1506,20.7584,1.2009,18.9485,NA,NA,NA,NA,NA,NA,NA,NA,NA,NA,NA,NA
462.445,2.1537,20.9298,1.2044,19.2882,NA,NA,NA,NA,NA,NA,NA,NA,NA,NA,NA,NA
462.550,2.1558,21.0465,1.2053,19.3771,NA,NA,NA,NA,NA,NA,NA,NA,NA,NA,NA,NA
462.648,2.1559,21.0575,1.2081,19.6589,NA,NA,NA,NA,NA,NA,NA,NA,NA,NA,NA,NA
462.743,2.1563,21.0781,1.2081,19.6589,NA,NA,NA,NA,NA,NA,NA,NA,NA,NA,NA,NA
462.834,2.1563,21.0781,1.2078,19.6287,NA,NA,NA,NA,NA,NA,NA,NA,NA,NA,NA,NA
462.943,2.1508,20.7706,1.2067,19.5153,NA,NA,NA,NA,NA,NA,NA,NA,NA,NA,NA,NA
463.048,2.1508,20.7706,1.2061,19.4566,NA,NA,NA,NA,NA,NA,NA,NA,NA,NA,NA,NA
463.137,2.1414,20.2416,1.2055,19.3958,NA,NA,NA,NA,NA,NA,NA,NA,NA,NA,NA,NA
463.230,2.1406,20.1955,1.2052,19.3708,NA,NA,NA,NA,NA,NA,NA,NA,NA,NA,NA,NA
463.323,2.1370,19.9909,1.2051,19.3648,NA,NA,NA,NA,NA,NA,NA,NA,NA,NA,NA,NA
463.427,2.1355,19.9106,1.2049,19.3364,NA,NA,NA,NA,NA,NA,NA,NA,NA,NA,NA,NA
463.577,2.1324,19.7375,1.2036,19.2122,NA,NA,NA,NA,NA,NA,NA,NA,NA,NA,NA,NA
463.617,2.1310,19.6545,1.2025,19.1020,NA,NA,NA,NA,NA,NA,NA,NA,NA,NA,NA,NA
463.713,2.1292,19.5535,1.2017,19.0210,NA,NA,NA,NA,NA,NA,NA,NA,NA,NA,NA,NA
463.825,2.1230,19.2067,1.2008,18.9328,NA,NA,NA,NA,NA,NA,NA,NA,NA,NA,NA,NA
463.922,2.1207,19.0808,1.2002,18.8769,NA,NA,NA,NA,NA,NA,NA,NA,NA,NA,NA,NA
464.014,2.1195,19.0100,1.2000,18.8594,NA,NA,NA,NA,NA,NA,NA,NA,NA,NA,NA,NA
464.110,2.1195,19.0100,1.1991,18.7694,NA,NA,NA,NA,NA,NA,NA,NA,NA,NA,NA,NA
464.286,2.1164,18.8352,1.1987,18.7228,NA,NA,NA,NA,NA,NA,NA,NA,NA,NA,NA,NA
464.301,2.1164,18.8342,1.1961,18.4717,NA,NA,NA,NA,NA,NA,NA,NA,NA,NA,NA,NA
464.406,2.0990,17.8605,1.1932,18.1802,NA,NA,NA,NA,NA,NA,NA,NA,NA,NA,NA,NA
464.505,2.0925,17.4943,1.1921,18.0735,NA,NA,NA,NA,NA,NA,NA,NA,NA,NA,NA,NA
464.599,2.0900,17.3551,1.1891,17.7749,NA,NA,NA,NA,NA,NA,NA,NA,NA,NA,NA,NA
464.699,2.0823,16.9199,1.1864,17.5102,NA,NA,NA,NA,NA,NA,NA,NA,NA,NA,NA,NA
464.841,2.0822,16.9158,1.1843,17.2992,NA,NA,NA,NA,NA,NA,NA,NA,NA,NA,NA,NA
464.893,2.0767,16.6089,1.1834,17.2134,NA,NA,NA,NA,NA,NA,NA,NA,NA,NA,NA,NA
464.984,2.0767,16.6089,1.1823,17.0976,NA,NA,NA,NA,NA,NA,NA,NA,NA,NA,NA,NA
465.089,2.0682,16.1304,1.1798,16.8560,NA,NA,NA,NA,NA,NA,NA,NA,NA,NA,NA,NA
465.183,2.0662,16.0170,1.1794,16.8178,NA,NA,NA,NA,NA,NA,NA,NA,NA,NA,NA,NA
465.280,2.0626,15.8133,1.1786,16.7376,NA,NA,NA,NA,NA,NA,NA,NA,NA,NA,NA,NA
465.378,2.0611,15.7331,1.1767,16.5455,NA,NA,NA,NA,NA,NA,NA,NA,NA,NA,NA,NA
465.490,2.0628,15.8264,1.1769,16.5696,NA,NA,NA,NA,NA,NA,NA,NA,NA,NA,NA,NA
465.587,2.0866,17.1662,1.1841,17.2843,NA,NA,NA,NA,NA,NA,NA,NA,NA,NA,NA,NA
465.685,2.1227,19.1896,1.1950,18.3565,NA,NA,NA,NA,NA,NA,NA,NA,NA,NA,NA,NA
465.775,2.1616,21.3768,1.2099,19.8317,NA,NA,NA,NA,NA,NA,NA,NA,NA,NA,NA,NA
465.876,2.1845,22.6631,1.2210,20.9321,NA,NA,NA,NA,NA,NA,NA,NA,NA,NA,NA,NA
465.966,2.2042,23.7645,1.2299,21.8125,NA,NA,NA,NA,NA,NA,NA,NA,NA,NA,NA,NA
466.064,2.2109,24.1406,1.2336,22.1848,NA,NA,NA,NA,NA,NA,NA,NA,NA,NA,NA,NA
466.170,2.2124,24.2293,1.2351,22.3267,NA,NA,NA,NA,NA,NA,NA,NA,NA,NA,NA,NA
466.270,2.2181,24.5453,1.2351,22.3267,NA,NA,NA,NA,NA,NA,NA,NA,NA,NA,NA,NA
466.364,2.2181,24.5453,1.2340,22.2202,NA,NA,NA,NA,NA,NA,NA,NA,NA,NA,NA,NA
466.461,2.2155,24.4018,1.2325,22.0729,NA,NA,NA,NA,NA,NA,NA,NA,NA,NA,NA,NA
466.562,2.2155,24.4018,1.2325,22.0729,NA,NA,NA,NA,NA,NA,NA,NA,NA,NA,NA,NA
466.647,2.1963,23.3232,1.2324,22.0661,NA,NA,NA,NA,NA,NA,NA,NA,NA,NA,NA,NA
466.763,2.1898,22.9589,1.2316,21.9868,NA,NA,NA,NA,NA,NA,NA,NA,NA,NA,NA,NA
466.847,2.1767,22.2235,1.2286,21.6919,NA,NA,NA,NA,NA,NA,NA,NA,NA,NA,NA,NA
466.953,2.1685,21.7634,1.2260,21.4324,NA,NA,NA,NA,NA,NA,NA,NA,NA,NA,NA,NA
467.049,2.1595,21.2582,1.2229,21.1234,NA,NA,NA,NA,NA,NA,NA,NA,NA,NA,NA,NA
467.143,2.1358,19.9289,1.2179,20.6267,NA,NA,NA,NA,NA,NA,NA,NA,NA,NA,NA,NA
467.247,2.1333,19.7839,1.2141,20.2486,NA,NA,NA,NA,NA,NA,NA,NA,NA,NA,NA,NA
467.343,2.1269,19.4254,1.2118,20.0280,NA,NA,NA,NA,NA,NA,NA,NA,NA,NA,NA,NA
467.450,2.1255,19.3474,1.2105,19.8990,NA,NA,NA,NA,NA,NA,NA,NA,NA,NA,NA,NA
467.539,2.1183,18.9429,1.2066,19.5110,NA,NA,NA,NA,NA,NA,NA,NA,NA,NA,NA,NA
467.642,2.1111,18.5372,1.2045,19.2993,NA,NA,NA,NA,NA,NA,NA,NA,NA,NA,NA,NA
467.765,2.1092,18.4299,1.2015,19.0042,NA,NA,NA,NA,NA,NA,NA,NA,NA,NA,NA,NA
467.850,2.1066,18.2846,1.2004,18.8927,NA,NA,NA,NA,NA,NA,NA,NA,NA,NA,NA,NA
467.933,2.1066,18.2846,1.1989,18.7471,NA,NA,NA,NA,NA,NA,NA,NA,NA,NA,NA,NA
468.021,2.1048,18.1829,1.1978,18.6357,NA,NA,NA,NA,NA,NA,NA,NA,NA,NA,NA,NA
468.130,2.1048,18.1829,1.1963,18.4841,NA,NA,NA,NA,NA,NA,NA,NA,NA,NA,NA,NA
468.228,2.1028,18.0757,1.1950,18.3574,NA,NA,NA,NA,NA,NA,NA,NA,NA,NA,NA,NA
468.321,2.0939,17.5721,1.1941,18.2741,NA,NA,NA,NA,NA,NA,NA,NA,NA,NA,NA,NA
468.422,2.0930,17.5238,1.1912,17.9805,NA,NA,NA,NA,NA,NA,NA,NA,NA,NA,NA,NA
468.514,2.0947,17.6174,1.1912,17.9805,NA,NA,NA,NA,NA,NA,NA,NA,NA,NA,NA,NA
468.613,2.0947,17.6174,1.1873,17.5927,NA,NA,NA,NA,NA,NA,NA,NA,NA,NA,NA,NA
468.707,2.0916,17.4446,1.1866,17.5281,NA,NA,NA,NA,NA,NA,NA,NA,NA,NA,NA,NA
468.806,2.0913,17.4303,1.1855,17.4174,NA,NA,NA,NA,NA,NA,NA,NA,NA,NA,NA,NA
468.946,2.0840,17.0153,1.1862,17.4838,NA,NA,NA,NA,NA,NA,NA,NA,NA,NA,NA,NA
469.009,2.0838,17.0081,1.1862,17.4838,NA,NA,NA,NA,NA,NA,NA,NA,NA,NA,NA,NA
469.108,2.0838,17.0081,1.1859,17.4571,NA,NA,NA,NA,NA,NA,NA,NA,NA,NA,NA,NA
469.198,2.0823,16.9197,1.1855,17.4164,NA,NA,NA,NA,NA,NA,NA,NA,NA,NA,NA,NA
469.305,2.0823,16.9197,1.1846,17.3274,NA,NA,NA,NA,NA,NA,NA,NA,NA,NA,NA,NA
469.406,2.0788,16.7263,1.1822,17.0945,NA,NA,NA,NA,NA,NA,NA,NA,NA,NA,NA,NA
469.492,2.0772,16.6377,1.1810,16.9709,NA,NA,NA,NA,NA,NA,NA,NA,NA,NA,NA,NA
469.594,2.0707,16.2692,1.1806,16.9351,NA,NA,NA,NA,NA,NA,NA,NA,NA,NA,NA,NA
469.685,2.0696,16.2103,1.1802,16.8940,NA,NA,NA,NA,NA,NA,NA,NA,NA,NA,NA,NA
469.790,2.0692,16.1873,1.1805,16.9206,NA,NA,NA,NA,NA,NA,NA,NA,NA,NA,NA,NA
469.887,2.0684,16.1390,1.1805,16.9206,NA,NA,NA,NA,NA,NA,NA,NA,NA,NA,NA,NA
469.991,2.0642,15.9042,1.1780,16.6766,NA,NA,NA,NA,NA,NA,NA,NA,NA,NA,NA,NA
470.083,2.0639,15.8904,1.1780,16.6766,NA,NA,NA,NA,NA,NA,NA,NA,NA,NA,NA,NA
470.204,2.0639,15.8904,1.1760,16.4815,NA,NA,NA,NA,NA,NA,NA,NA,NA,NA,NA,NA
470.276,2.0592,15.6263,1.1750,16.3808,NA,NA,NA,NA,NA,NA,NA,NA,NA,NA,NA,NA
470.377,2.0583,15.5768,1.1742,16.2970,NA,NA,NA,NA,NA,NA,NA,NA,NA,NA,NA,NA
470.470,2.0555,15.4168,1.1743,16.3091,NA,NA,NA,NA,NA,NA,NA,NA,NA,NA,NA,NA
470.567,2.0540,15.3313,1.1743,16.3091,NA,NA,NA,NA,NA,NA,NA,NA,NA,NA,NA,NA
470.668,2.0515,15.1951,1.1728,16.1606,NA,NA,NA,NA,NA,NA,NA,NA,NA,NA,NA,NA
470.815,2.0491,15.0554,1.1731,16.1944,NA,NA,NA,NA,NA,NA,NA,NA,NA,NA,NA,NA
470.872,2.0493,15.0716,1.1731,16.1944,NA,NA,NA,NA,NA,NA,NA,NA,NA,NA,NA,NA
470.965,2.0493,15.0716,1.1724,16.1249,NA,NA,NA,NA,NA,NA,NA,NA,NA,NA,NA,NA
471.063,2.0409,14.5955,1.1722,16.0995,NA,NA,NA,NA,NA,NA,NA,NA,NA,NA,NA,NA
471.157,2.0382,14.4451,1.1722,16.0995,NA,NA,NA,NA,NA,NA,NA,NA,NA,NA,NA,NA
471.258,2.0372,14.3918,1.1707,15.9561,NA,NA,NA,NA,NA,NA,NA,NA,NA,NA,NA,NA
471.354,2.0368,14.3647,1.1703,15.9111,NA,NA,NA,NA,NA,NA,NA,NA,NA,NA,NA,NA
471.452,2.0368,14.3647,1.1686,15.7462,NA,NA,NA,NA,NA,NA,NA,NA,NA,NA,NA,NA
471.550,2.0343,14.2250,1.1686,15.7453,NA,NA,NA,NA,NA,NA,NA,NA,NA,NA,NA,NA
471.650,2.0321,14.1032,1.1669,15.5733,NA,NA,NA,NA,NA,NA,NA,NA,NA,NA,NA,NA
471.742,2.0316,14.0780,1.1660,15.4859,NA,NA,NA,NA,NA,NA,NA,NA,NA,NA,NA,NA
471.844,2.0316,14.0780,1.1657,15.4601,NA,NA,NA,NA,NA,NA,NA,NA,NA,NA,NA,NA
471.965,2.0240,13.6487,1.1654,15.4248,NA,NA,NA,NA,NA,NA,NA,NA,NA,NA,NA,NA
472.045,2.0250,13.7034,1.1654,15.4248,NA,NA,NA,NA,NA,NA,NA,NA,NA,NA,NA,NA
472.134,2.0250,13.7034,1.1646,15.3517,NA,NA,NA,NA,NA,NA,NA,NA,NA,NA,NA,NA
472.232,2.0232,13.6025,1.1637,15.2552,NA,NA,NA,NA,NA,NA,NA,NA,NA,NA,NA,NA
472.329,2.0232,13.6025,1.1628,15.1709,NA,NA,NA,NA,NA,NA,NA,NA,NA,NA,NA,NA
472.438,2.0198,13.4100,1.1626,15.1471,NA,NA,NA,NA,NA,NA,NA,NA,NA,NA,NA,NA
472.597,2.0192,13.3777,1.1622,15.1133,NA,NA,NA,NA,NA,NA,NA,NA,NA,NA,NA,NA
472.622,2.0173,13.2729,1.1620,15.0874,NA,NA,NA,NA,NA,NA,NA,NA,NA,NA,NA,NA
472.728,2.0169,13.2507,1.1615,15.0372,NA,NA,NA,NA,NA,NA,NA,NA,NA,NA,NA,NA
472.819,2.0169,13.2507,1.1607,14.9611,NA,NA,NA,NA,NA,NA,NA,NA,NA,NA,NA,NA
472.923,2.0153,13.1594,1.1597,14.8603,NA,NA,NA,NA,NA,NA,NA,NA,NA,NA,NA,NA
473.021,2.0153,13.1594,1.1592,14.8165,NA,NA,NA,NA,NA,NA,NA,NA,NA,NA,NA,NA
473.142,2.0100,12.8607,1.1584,14.7390,NA,NA,NA,NA,NA,NA,NA,NA,NA,NA,NA,NA
473.224,2.0099,12.8555,1.1579,14.6868,NA,NA,NA,NA,NA,NA,NA,NA,NA,NA,NA,NA
473.308,2.0095,12.8359,1.1577,14.6619,NA,NA,NA,NA,NA,NA,NA,NA,NA,NA,NA,NA
473.405,2.0074,12.7193,1.1562,14.5207,NA,NA,NA,NA,NA,NA,NA,NA,NA,NA,NA,NA
473.504,2.0059,12.6339,1.1550,14.3952,NA,NA,NA,NA,NA,NA,NA,NA,NA,NA,NA,NA
473.607,2.0048,12.5688,1.1546,14.3573,NA,NA,NA,NA,NA,NA,NA,NA,NA,NA,NA,NA
473.704,2.0053,12.6008,1.1541,14.3107,NA,NA,NA,NA,NA,NA,NA,NA,NA,NA,NA,NA
473.864,2.0053,12.6008,1.1535,14.2475,NA,NA,NA,NA,NA,NA,NA,NA,NA,NA,NA,NA
473.898,2.0013,12.3727,1.1525,14.1460,NA,NA,NA,NA,NA,NA,NA,NA,NA,NA,NA,NA
474.004,2.0002,12.3141,1.1520,14.0996,NA,NA,NA,NA,NA,NA,NA,NA,NA,NA,NA,NA
474.099,1.9970,12.1348,1.1514,14.0371,NA,NA,NA,NA,NA,NA,NA,NA,NA,NA,NA,NA
474.201,1.9956,12.0546,1.1504,13.9461,NA,NA,NA,NA,NA,NA,NA,NA,NA,NA,NA,NA
474.287,1.9976,12.1648,1.1504,13.9461,NA,NA,NA,NA,NA,NA,NA,NA,NA,NA,NA,NA
474.431,1.9976,12.1648,1.1498,13.8793,NA,NA,NA,NA,NA,NA,NA,NA,NA,NA,NA,NA
474.513,1.9966,12.1112,1.1494,13.8475,NA,NA,NA,NA,NA,NA,NA,NA,NA,NA,NA,NA
474.582,1.9966,12.1112,1.1490,13.8082,NA,NA,NA,NA,NA,NA,NA,NA,NA,NA,NA,NA
474.676,1.9934,11.9316,1.1475,13.6591,NA,NA,NA,NA,NA,NA,NA,NA,NA,NA,NA,NA
474.782,1.9934,11.9316,1.1464,13.5430,NA,NA,NA,NA,NA,NA,NA,NA,NA,NA,NA,NA
474.886,1.9924,11.8745,1.1459,13.4922,NA,NA,NA,NA,NA,NA,NA,NA,NA,NA,NA,NA
475.007,1.9921,11.8568,1.1459,13.4917,NA,NA,NA,NA,NA,NA,NA,NA,NA,NA,NA,NA
475.074,1.9864,11.5390,1.1446,13.3642,NA,NA,NA,NA,NA,NA,NA,NA,NA,NA,NA,NA
475.165,1.9864,11.5390,1.1437,13.2816,NA,NA,NA,NA,NA,NA,NA,NA,NA,NA,NA,NA
475.279,1.9852,11.4698,1.1436,13.2637,NA,NA,NA,NA,NA,NA,NA,NA,NA,NA,NA,NA
475.374,1.9852,11.4698,1.1425,13.1637,NA,NA,NA,NA,NA,NA,NA,NA,NA,NA,NA,NA
475.467,1.9815,11.2647,1.1420,13.1060,NA,NA,NA,NA,NA,NA,NA,NA,NA,NA,NA,NA
475.561,1.9800,11.1764,1.1404,12.9519,NA,NA,NA,NA,NA,NA,NA,NA,NA,NA,NA,NA
475.663,1.9800,11.1764,1.1392,12.8298,NA,NA,NA,NA,NA,NA,NA,NA,NA,NA,NA,NA
475.778,1.9782,11.0765,1.1384,12.7545,NA,NA,NA,NA,NA,NA,NA,NA,NA,NA,NA,NA
475.857,1.9771,11.0141,1.1383,12.7421,NA,NA,NA,NA,NA,NA,NA,NA,NA,NA,NA,NA
475.954,1.9754,10.9212,1.1380,12.7172,NA,NA,NA,NA,NA,NA,NA,NA,NA,NA,NA,NA
476.050,1.9754,10.9212,1.1370,12.6128,NA,NA,NA,NA,NA,NA,NA,NA,NA,NA,NA,NA
476.185,1.9733,10.8017,1.1364,12.5599,NA,NA,NA,NA,NA,NA,NA,NA,NA,NA,NA,NA
476.243,1.9699,10.6108,1.1349,12.4065,NA,NA,NA,NA,NA,NA,NA,NA,NA,NA,NA,NA
476.349,1.9660,10.3933,1.1343,12.3488,NA,NA,NA,NA,NA,NA,NA,NA,NA,NA,NA,NA
476.439,1.9656,10.3670,1.1341,12.3262,NA,NA,NA,NA,NA,NA,NA,NA,NA,NA,NA,NA
476.544,1.9656,10.3670,1.1332,12.2419,NA,NA,NA,NA,NA,NA,NA,NA,NA,NA,NA,NA
476.647,1.9611,10.1144,1.1327,12.1913,NA,NA,NA,NA,NA,NA,NA,NA,NA,NA,NA,NA
476.734,1.9614,10.1309,1.1315,12.0668,NA,NA,NA,NA,NA,NA,NA,NA,NA,NA,NA,NA
476.844,1.9614,10.1309,1.1313,12.0544,NA,NA,NA,NA,NA,NA,NA,NA,NA,NA,NA,NA
476.941,1.9561,9.8374,1.1313,12.0544,NA,NA,NA,NA,NA,NA,NA,NA,NA,NA,NA,NA
477.030,1.9547,9.7579,1.1307,11.9861,NA,NA,NA,NA,NA,NA,NA,NA,NA,NA,NA,NA
477.126,1.9562,9.8433,1.1307,11.9861,NA,NA,NA,NA,NA,NA,NA,NA,NA,NA,NA,NA
477.242,1.9562,9.8433,1.1304,11.9610,NA,NA,NA,NA,NA,NA,NA,NA,NA,NA,NA,NA
477.325,1.9584,9.9665,1.1304,11.9610,NA,NA,NA,NA,NA,NA,NA,NA,NA,NA,NA,NA
477.447,1.9584,9.9665,1.1296,11.8778,NA,NA,NA,NA,NA,NA,NA,NA,NA,NA,NA,NA
477.530,1.9574,9.9070,1.1279,11.7118,NA,NA,NA,NA,NA,NA,NA,NA,NA,NA,NA,NA
477.624,1.9574,9.9070,1.1279,11.7111,NA,NA,NA,NA,NA,NA,NA,NA,NA,NA,NA,NA
477.713,1.9504,9.5184,1.1276,11.6881,NA,NA,NA,NA,NA,NA,NA,NA,NA,NA,NA,NA
477.813,1.9480,9.3834,1.1275,11.6713,NA,NA,NA,NA,NA,NA,NA,NA,NA,NA,NA,NA
477.912,1.9478,9.3678,1.1275,11.6759,NA,NA,NA,NA,NA,NA,NA,NA,NA,NA,NA,NA
478.028,1.9484,9.4038,1.1275,11.6759,NA,NA,NA,NA,NA,NA,NA,NA,NA,NA,NA,NA
478.113,1.9484,9.4038,1.1269,11.6185,NA,NA,NA,NA,NA,NA,NA,NA,NA,NA,NA,NA
478.204,1.9438,9.1455,1.1254,11.4681,NA,NA,NA,NA,NA,NA,NA,NA,NA,NA,NA,NA
478.303,1.9422,9.0554,1.1253,11.4543,NA,NA,NA,NA,NA,NA,NA,NA,NA,NA,NA,NA
478.404,1.9414,9.0079,1.1236,11.2926,NA,NA,NA,NA,NA,NA,NA,NA,NA,NA,NA,NA
478.508,1.9414,9.0079,1.1230,11.2317,NA,NA,NA,NA,NA,NA,NA,NA,NA,NA,NA,NA
478.595,1.9392,8.8873,1.1230,11.2317,NA,NA,NA,NA,NA,NA,NA,NA,NA,NA,NA,NA
478.695,1.9390,8.8774,1.1220,11.1298,NA,NA,NA,NA,NA,NA,NA,NA,NA,NA,NA,NA
478.792,1.9381,8.8225,1.1191,10.8455,NA,NA,NA,NA,NA,NA,NA,NA,NA,NA,NA,NA
478.887,1.9389,8.8694,1.1178,10.7115,NA,NA,NA,NA,NA,NA,NA,NA,NA,NA,NA,NA
478.990,1.9389,8.8694,1.1177,10.7043,NA,NA,NA,NA,NA,NA,NA,NA,NA,NA,NA,NA
479.082,1.9366,8.7411,1.1170,10.6376,NA,NA,NA,NA,NA,NA,NA,NA,NA,NA,NA,NA
479.183,1.9366,8.7411,1.1167,10.6026,NA,NA,NA,NA,NA,NA,NA,NA,NA,NA,NA,NA
479.286,1.9335,8.5664,1.1168,10.6144,NA,NA,NA,NA,NA,NA,NA,NA,NA,NA,NA,NA
479.377,1.9354,8.6754,1.1168,10.6144,NA,NA,NA,NA,NA,NA,NA,NA,NA,NA,NA,NA
479.479,1.9354,8.6754,1.1159,10.5277,NA,NA,NA,NA,NA,NA,NA,NA,NA,NA,NA,NA
479.572,1.9360,8.7068,1.1159,10.5277,NA,NA,NA,NA,NA,NA,NA,NA,NA,NA,NA,NA
479.681,1.9360,8.7068,1.1147,10.4049,NA,NA,NA,NA,NA,NA,NA,NA,NA,NA,NA,NA
479.841,1.9345,8.6231,1.1140,10.3375,NA,NA,NA,NA,NA,NA,NA,NA,NA,NA,NA,NA
479.870,1.9345,8.6231,1.1135,10.2905,NA,NA,NA,NA,NA,NA,NA,NA,NA,NA,NA,NA
479.974,1.9306,8.4049,1.1133,10.2678,NA,NA,NA,NA,NA,NA,NA,NA,NA,NA,NA,NA
480.072,1.9305,8.4001,1.1123,10.1667,NA,NA,NA,NA,NA,NA,NA,NA,NA,NA,NA,NA
480.169,1.9205,7.8392,1.1121,10.1455,NA,NA,NA,NA,NA,NA,NA,NA,NA,NA,NA,NA
480.258,1.9238,8.0236,1.1117,10.1100,NA,NA,NA,NA,NA,NA,NA,NA,NA,NA,NA,NA
480.372,1.9238,8.0236,1.1112,10.0639,NA,NA,NA,NA,NA,NA,NA,NA,NA,NA,NA,NA
480.461,1.9274,8.2237,1.1109,10.0265,NA,NA,NA,NA,NA,NA,NA,NA,NA,NA,NA,NA
480.564,1.9274,8.2237,1.1107,10.0116,NA,NA,NA,NA,NA,NA,NA,NA,NA,NA,NA,NA
480.651,1.9243,8.0487,1.1097,9.9142,NA,NA,NA,NA,NA,NA,NA,NA,NA,NA,NA,NA
480.750,1.9202,7.8195,1.1097,9.9142,NA,NA,NA,NA,NA,NA,NA,NA,NA,NA,NA,NA
480.847,1.9192,7.7655,1.1094,9.8848,NA,NA,NA,NA,NA,NA,NA,NA,NA,NA,NA,NA
480.942,1.9202,7.8195,1.1087,9.8132,NA,NA,NA,NA,NA,NA,NA,NA,NA,NA,NA,NA
481.047,1.9202,7.8195,1.1080,9.7464,NA,NA,NA,NA,NA,NA,NA,NA,NA,NA,NA,NA
481.147,1.9218,7.9098,1.1080,9.7464,NA,NA,NA,NA,NA,NA,NA,NA,NA,NA,NA,NA
481.237,1.9218,7.9098,1.1074,9.6846,NA,NA,NA,NA,NA,NA,NA,NA,NA,NA,NA,NA
481.334,1.9204,7.8320,1.1065,9.5949,NA,NA,NA,NA,NA,NA,NA,NA,NA,NA,NA,NA
481.441,1.9204,7.8320,1.1059,9.5385,NA,NA,NA,NA,NA,NA,NA,NA,NA,NA,NA,NA
481.533,1.9122,7.3717,1.1056,9.5090,NA,NA,NA,NA,NA,NA,NA,NA,NA,NA,NA,NA
481.665,1.9098,7.2373,1.1044,9.3901,NA,NA,NA,NA,NA,NA,NA,NA,NA,NA,NA,NA
481.734,1.9116,7.3352,1.1037,9.3162,NA,NA,NA,NA,NA,NA,NA,NA,NA,NA,NA,NA
481.827,1.9116,7.3352,1.1034,9.2897,NA,NA,NA,NA,NA,NA,NA,NA,NA,NA,NA,NA
481.921,1.9099,7.2432,1.1034,9.2837,NA,NA,NA,NA,NA,NA,NA,NA,NA,NA,NA,NA
482.029,1.9099,7.2432,1.1034,9.2837,NA,NA,NA,NA,NA,NA,NA,NA,NA,NA,NA,NA
482.138,1.9072,7.0889,1.1025,9.1978,NA,NA,NA,NA,NA,NA,NA,NA,NA,NA,NA,NA
482.215,1.9072,7.0927,1.1021,9.1566,NA,NA,NA,NA,NA,NA,NA,NA,NA,NA,NA,NA
482.315,1.9072,7.0927,1.1022,9.1710,NA,NA,NA,NA,NA,NA,NA,NA,NA,NA,NA,NA
482.419,1.9082,7.1490,1.1022,9.1710,NA,NA,NA,NA,NA,NA,NA,NA,NA,NA,NA,NA
482.516,1.9082,7.1490,1.1010,9.0472,NA,NA,NA,NA,NA,NA,NA,NA,NA,NA,NA,NA
482.622,1.9100,7.2475,1.1009,9.0430,NA,NA,NA,NA,NA,NA,NA,NA,NA,NA,NA,NA
482.712,1.9100,7.2475,1.1010,9.0518,NA,NA,NA,NA,NA,NA,NA,NA,NA,NA,NA,NA
482.835,1.9057,7.0046,1.1010,9.0518,NA,NA,NA,NA,NA,NA,NA,NA,NA,NA,NA,NA
482.902,1.9035,6.8824,1.0997,8.9244,NA,NA,NA,NA,NA,NA,NA,NA,NA,NA,NA,NA
482.999,1.9035,6.8824,1.0997,8.9244,NA,NA,NA,NA,NA,NA,NA,NA,NA,NA,NA,NA
483.106,1.9040,6.9093,1.0997,8.9219,NA,NA,NA,NA,NA,NA,NA,NA,NA,NA,NA,NA
483.206,1.9040,6.9093,1.0983,8.7836,NA,NA,NA,NA,NA,NA,NA,NA,NA,NA,NA,NA
483.303,1.9056,7.0017,1.0981,8.7660,NA,NA,NA,NA,NA,NA,NA,NA,NA,NA,NA,NA
483.392,1.9056,7.0017,1.0971,8.6594,NA,NA,NA,NA,NA,NA,NA,NA,NA,NA,NA,NA
483.499,1.9028,6.8447,1.0963,8.5829,NA,NA,NA,NA,NA,NA,NA,NA,NA,NA,NA,NA
483.591,1.8986,6.6049,1.0963,8.5855,NA,NA,NA,NA,NA,NA,NA,NA,NA,NA,NA,NA
483.691,1.8986,6.6049,1.0963,8.5855,NA,NA,NA,NA,NA,NA,NA,NA,NA,NA,NA,NA
483.780,1.8989,6.6250,1.0955,8.5043,NA,NA,NA,NA,NA,NA,NA,NA,NA,NA,NA,NA
483.892,1.8989,6.6250,1.0953,8.4801,NA,NA,NA,NA,NA,NA,NA,NA,NA,NA,NA,NA
484.008,1.8957,6.4469,1.0957,8.5255,NA,NA,NA,NA,NA,NA,NA,NA,NA,NA,NA,NA
484.091,1.8957,6.4469,1.0957,8.5255,NA,NA,NA,NA,NA,NA,NA,NA,NA,NA,NA,NA
484.178,1.8920,6.2349,1.0953,8.4824,NA,NA,NA,NA,NA,NA,NA,NA,NA,NA,NA,NA
484.273,1.8910,6.1823,1.0953,8.4824,NA,NA,NA,NA,NA,NA,NA,NA,NA,NA,NA,NA
484.375,1.8912,6.1916,1.0950,8.4536,NA,NA,NA,NA,NA,NA,NA,NA,NA,NA,NA,NA
484.470,1.8912,6.1916,1.0948,8.4312,NA,NA,NA,NA,NA,NA,NA,NA,NA,NA,NA,NA
484.590,1.8902,6.1372,1.0948,8.4312,NA,NA,NA,NA,NA,NA,NA,NA,NA,NA,NA,NA
484.665,1.8917,6.2196,1.0945,8.4098,NA,NA,NA,NA,NA,NA,NA,NA,NA,NA,NA,NA
484.763,1.8917,6.2196,1.0933,8.2905,NA,NA,NA,NA,NA,NA,NA,NA,NA,NA,NA,NA
484.867,1.8905,6.1507,1.0930,8.2587,NA,NA,NA,NA,NA,NA,NA,NA,NA,NA,NA,NA
484.960,1.8905,6.1507,1.0930,8.2587,NA,NA,NA,NA,NA,NA,NA,NA,NA,NA,NA,NA
485.056,1.8910,6.1782,1.0925,8.2080,NA,NA,NA,NA,NA,NA,NA,NA,NA,NA,NA,NA
485.160,1.8910,6.1782,1.0925,8.2085,NA,NA,NA,NA,NA,NA,NA,NA,NA,NA,NA,NA
485.253,1.8896,6.1029,1.0925,8.2085,NA,NA,NA,NA,NA,NA,NA,NA,NA,NA,NA,NA
485.348,1.8896,6.1029,1.0915,8.1103,NA,NA,NA,NA,NA,NA,NA,NA,NA,NA,NA,NA
485.453,1.8890,6.0668,1.0914,8.0950,NA,NA,NA,NA,NA,NA,NA,NA,NA,NA,NA,NA
485.544,1.8916,6.2151,1.0911,8.0723,NA,NA,NA,NA,NA,NA,NA,NA,NA,NA,NA,NA
485.642,1.8916,6.2151,1.0910,8.0579,NA,NA,NA,NA,NA,NA,NA,NA,NA,NA,NA,NA
485.748,1.8865,5.9273,1.0911,8.0703,NA,NA,NA,NA,NA,NA,NA,NA,NA,NA,NA,NA
485.857,1.8859,5.8944,1.0911,8.0703,NA,NA,NA,NA,NA,NA,NA,NA,NA,NA,NA,NA
485.939,1.8859,5.8944,1.0903,7.9906,NA,NA,NA,NA,NA,NA,NA,NA,NA,NA,NA,NA
486.041,1.8849,5.8393,1.0897,7.9280,NA,NA,NA,NA,NA,NA,NA,NA,NA,NA,NA,NA
486.142,1.8849,5.8393,1.0894,7.9003,NA,NA,NA,NA,NA,NA,NA,NA,NA,NA,NA,NA
486.230,1.8838,5.7781,1.0889,7.8489,NA,NA,NA,NA,NA,NA,NA,NA,NA,NA,NA,NA
486.370,1.8838,5.7781,1.0887,7.8283,NA,NA,NA,NA,NA,NA,NA,NA,NA,NA,NA,NA
486.438,1.8805,5.5933,1.0885,7.8124,NA,NA,NA,NA,NA,NA,NA,NA,NA,NA,NA,NA
486.536,1.8805,5.5933,1.0885,7.8111,NA,NA,NA,NA,NA,NA,NA,NA,NA,NA,NA,NA
486.626,1.8801,5.5692,1.0880,7.7662,NA,NA,NA,NA,NA,NA,NA,NA,NA,NA,NA,NA
486.719,1.8775,5.4219,1.0880,7.7653,NA,NA,NA,NA,NA,NA,NA,NA,NA,NA,NA,NA
486.820,1.8762,5.3510,1.0876,7.7172,NA,NA,NA,NA,NA,NA,NA,NA,NA,NA,NA,NA
486.915,1.8761,5.3422,1.0872,7.6808,NA,NA,NA,NA,NA,NA,NA,NA,NA,NA,NA,NA
487.019,1.8748,5.2696,1.0869,7.6479,NA,NA,NA,NA,NA,NA,NA,NA,NA,NA,NA,NA
487.111,1.8748,5.2696,1.0868,7.6420,NA,NA,NA,NA,NA,NA,NA,NA,NA,NA,NA,NA
487.228,1.8747,5.2673,1.0863,7.5898,NA,NA,NA,NA,NA,NA,NA,NA,NA,NA,NA,NA
487.304,1.8778,5.4387,1.0860,7.5625,NA,NA,NA,NA,NA,NA,NA,NA,NA,NA,NA,NA
487.405,1.8778,5.4387,1.0857,7.5314,NA,NA,NA,NA,NA,NA,NA,NA,NA,NA,NA,NA
487.506,1.8754,5.3057,1.0853,7.4930,NA,NA,NA,NA,NA,NA,NA,NA,NA,NA,NA,NA
487.654,1.8749,5.2786,1.0847,7.4349,NA,NA,NA,NA,NA,NA,NA,NA,NA,NA,NA,NA
487.703,1.8740,5.2268,1.0844,7.4081,NA,NA,NA,NA,NA,NA,NA,NA,NA,NA,NA,NA
487.805,1.8746,5.2582,1.0839,7.3557,NA,NA,NA,NA,NA,NA,NA,NA,NA,NA,NA,NA
487.892,1.8747,5.2680,1.0835,7.3187,NA,NA,NA,NA,NA,NA,NA,NA,NA,NA,NA,NA
488.001,1.8747,5.2680,1.0834,7.3049,NA,NA,NA,NA,NA,NA,NA,NA,NA,NA,NA,NA
488.095,1.8740,5.2239,1.0833,7.2941,NA,NA,NA,NA,NA,NA,NA,NA,NA,NA,NA,NA
488.194,1.8750,5.2822,1.0828,7.2501,NA,NA,NA,NA,NA,NA,NA,NA,NA,NA,NA,NA
488.285,1.8750,5.2822,1.0828,7.2463,NA,NA,NA,NA,NA,NA,NA,NA,NA,NA,NA,NA
488.391,1.8719,5.1064,1.0824,7.2038,NA,NA,NA,NA,NA,NA,NA,NA,NA,NA,NA,NA
488.483,1.8714,5.0808,1.0818,7.1504,NA,NA,NA,NA,NA,NA,NA,NA,NA,NA,NA,NA
488.587,1.8695,4.9738,1.0819,7.1616,NA,NA,NA,NA,NA,NA,NA,NA,NA,NA,NA,NA
488.677,1.8691,4.9525,1.0819,7.1616,NA,NA,NA,NA,NA,NA,NA,NA,NA,NA,NA,NA
488.838,1.8663,4.7956,1.0815,7.1227,NA,NA,NA,NA,NA,NA,NA,NA,NA,NA,NA,NA
488.868,1.8621,4.5602,1.0810,7.0682,NA,NA,NA,NA,NA,NA,NA,NA,NA,NA,NA,NA
488.982,1.8616,4.5300,1.0793,6.8968,NA,NA,NA,NA,NA,NA,NA,NA,NA,NA,NA,NA
489.073,1.8599,4.4320,1.0784,6.8079,NA,NA,NA,NA,NA,NA,NA,NA,NA,NA,NA,NA
489.165,1.8578,4.3169,1.0772,6.6934,NA,NA,NA,NA,NA,NA,NA,NA,NA,NA,NA,NA
489.268,1.8577,4.3098,1.0770,6.6716,NA,NA,NA,NA,NA,NA,NA,NA,NA,NA,NA,NA
489.419,1.8598,4.4268,1.0770,6.6716,NA,NA,NA,NA,NA,NA,NA,NA,NA,NA,NA,NA
489.461,1.8823,5.6920,1.0824,7.2112,NA,NA,NA,NA,NA,NA,NA,NA,NA,NA,NA,NA
489.563,1.9453,9.2315,1.0942,8.3734,NA,NA,NA,NA,NA,NA,NA,NA,NA,NA,NA,NA
489.658,1.9686,10.5370,1.1057,9.5114,NA,NA,NA,NA,NA,NA,NA,NA,NA,NA,NA,NA
489.754,2.0168,13.2429,1.1176,10.6968,NA,NA,NA,NA,NA,NA,NA,NA,NA,NA,NA,NA
489.864,2.0433,14.7348,1.1320,12.1155,NA,NA,NA,NA,NA,NA,NA,NA,NA,NA,NA,NA
489.955,2.0716,16.3236,1.1429,13.1962,NA,NA,NA,NA,NA,NA,NA,NA,NA,NA,NA,NA
490.051,2.0807,16.8349,1.1518,14.0774,NA,NA,NA,NA,NA,NA,NA,NA,NA,NA,NA,NA
490.145,2.0975,17.7752,1.1601,14.9039,NA,NA,NA,NA,NA,NA,NA,NA,NA,NA,NA,NA
490.249,2.1046,18.1723,1.1692,15.8047,NA,NA,NA,NA,NA,NA,NA,NA,NA,NA,NA,NA
490.342,2.1187,18.9641,1.1742,16.3016,NA,NA,NA,NA,NA,NA,NA,NA,NA,NA,NA,NA
490.440,2.1410,20.2166,1.1823,17.1008,NA,NA,NA,NA,NA,NA,NA,NA,NA,NA,NA,NA
490.544,2.1499,20.7204,1.1870,17.5705,NA,NA,NA,NA,NA,NA,NA,NA,NA,NA,NA,NA
490.633,2.1590,21.2302,1.1890,17.7696,NA,NA,NA,NA,NA,NA,NA,NA,NA,NA,NA,NA
490.735,2.1590,21.2302,1.1915,18.0142,NA,NA,NA,NA,NA,NA,NA,NA,NA,NA,NA,NA
490.829,2.1492,20.6788,1.1925,18.1165,NA,NA,NA,NA,NA,NA,NA,NA,NA,NA,NA,NA
490.933,2.1414,20.2412,1.1925,18.1165,NA,NA,NA,NA,NA,NA,NA,NA,NA,NA,NA,NA
491.026,2.1321,19.7211,1.1924,18.0995,NA,NA,NA,NA,NA,NA,NA,NA,NA,NA,NA,NA
491.140,2.1290,19.5459,1.1923,18.0878,NA,NA,NA,NA,NA,NA,NA,NA,NA,NA,NA,NA
491.226,2.1230,19.2094,1.1906,17.9213,NA,NA,NA,NA,NA,NA,NA,NA,NA,NA,NA,NA
491.329,2.1094,18.4463,1.1878,17.6427,NA,NA,NA,NA,NA,NA,NA,NA,NA,NA,NA,NA
491.418,2.1024,18.0483,1.1839,17.2565,NA,NA,NA,NA,NA,NA,NA,NA,NA,NA,NA,NA
491.519,2.0878,17.2286,1.1802,16.8902,NA,NA,NA,NA,NA,NA,NA,NA,NA,NA,NA,NA
491.618,2.0784,16.7024,1.1774,16.6172,NA,NA,NA,NA,NA,NA,NA,NA,NA,NA,NA,NA
491.721,2.0627,15.8232,1.1758,16.4546,NA,NA,NA,NA,NA,NA,NA,NA,NA,NA,NA,NA
491.858,2.0577,15.5387,1.1731,16.1905,NA,NA,NA,NA,NA,NA,NA,NA,NA,NA,NA,NA
491.907,2.0556,15.4215,1.1707,15.9505,NA,NA,NA,NA,NA,NA,NA,NA,NA,NA,NA,NA
492.008,2.0452,14.8391,1.1684,15.7213,NA,NA,NA,NA,NA,NA,NA,NA,NA,NA,NA,NA
492.113,2.0452,14.8391,1.1666,15.5438,NA,NA,NA,NA,NA,NA,NA,NA,NA,NA,NA,NA
492.202,2.0420,14.6592,1.1642,15.3091,NA,NA,NA,NA,NA,NA,NA,NA,NA,NA,NA,NA
492.307,2.0409,14.5993,1.1620,15.0915,NA,NA,NA,NA,NA,NA,NA,NA,NA,NA,NA,NA
492.456,2.0367,14.3629,1.1606,14.9556,NA,NA,NA,NA,NA,NA,NA,NA,NA,NA,NA,NA
492.496,2.0367,14.3625,1.1597,14.8669,NA,NA,NA,NA,NA,NA,NA,NA,NA,NA,NA,NA
492.591,2.0325,14.1233,1.1592,14.8129,NA,NA,NA,NA,NA,NA,NA,NA,NA,NA,NA,NA
492.694,2.0291,13.9374,1.1585,14.7399,NA,NA,NA,NA,NA,NA,NA,NA,NA,NA,NA,NA
492.793,2.0291,13.9374,1.1577,14.6637,NA,NA,NA,NA,NA,NA,NA,NA,NA,NA,NA,NA
492.884,2.0261,13.7687,1.1564,14.5337,NA,NA,NA,NA,NA,NA,NA,NA,NA,NA,NA,NA
492.989,2.0261,13.7687,1.1555,14.4447,NA,NA,NA,NA,NA,NA,NA,NA,NA,NA,NA,NA
493.083,2.0238,13.6363,1.1549,14.3908,NA,NA,NA,NA,NA,NA,NA,NA,NA,NA,NA,NA
493.186,2.0163,13.2173,1.1545,14.3472,NA,NA,NA,NA,NA,NA,NA,NA,NA,NA,NA,NA
493.277,2.0118,12.9618,1.1526,14.1565,NA,NA,NA,NA,NA,NA,NA,NA,NA,NA,NA,NA
493.394,2.0078,12.7366,1.1514,14.0415,NA,NA,NA,NA,NA,NA,NA,NA,NA,NA,NA,NA
493.477,2.0076,12.7285,1.1491,13.8170,NA,NA,NA,NA,NA,NA,NA,NA,NA,NA,NA,NA
493.599,2.0086,12.7847,1.1482,13.7246,NA,NA,NA,NA,NA,NA,NA,NA,NA,NA,NA,NA
493.671,2.0086,12.7847,1.1468,13.5824,NA,NA,NA,NA,NA,NA,NA,NA,NA,NA,NA,NA
493.776,2.0050,12.5813,1.1451,13.4195,NA,NA,NA,NA,NA,NA,NA,NA,NA,NA,NA,NA
493.867,2.0051,12.5879,1.1443,13.3337,NA,NA,NA,NA,NA,NA,NA,NA,NA,NA,NA,NA
493.966,2.0341,14.2174,1.1520,14.1005,NA,NA,NA,NA,NA,NA,NA,NA,NA,NA,NA,NA
494.059,2.0754,16.5352,1.1619,15.0858,NA,NA,NA,NA,NA,NA,NA,NA,NA,NA,NA,NA
494.170,2.1037,18.1244,1.1759,16.4716,NA,NA,NA,NA,NA,NA,NA,NA,NA,NA,NA,NA
494.261,2.1460,20.5013,1.1851,17.3802,NA,NA,NA,NA,NA,NA,NA,NA,NA,NA,NA,NA
494.354,2.1519,20.8311,1.1913,17.9981,NA,NA,NA,NA,NA,NA,NA,NA,NA,NA,NA,NA
494.454,2.1703,21.8656,1.1946,18.3226,NA,NA,NA,NA,NA,NA,NA,NA,NA,NA,NA,NA
494.549,2.1703,21.8656,1.1959,18.4470,NA,NA,NA,NA,NA,NA,NA,NA,NA,NA,NA,NA
494.650,2.1702,21.8586,1.1976,18.6206,NA,NA,NA,NA,NA,NA,NA,NA,NA,NA,NA,NA
494.810,2.1634,21.4775,1.1976,18.6206,NA,NA,NA,NA,NA,NA,NA,NA,NA,NA,NA,NA
494.847,2.1450,20.4423,1.1973,18.5838,NA,NA,NA,NA,NA,NA,NA,NA,NA,NA,NA,NA
494.938,2.1400,20.1607,1.1949,18.3454,NA,NA,NA,NA,NA,NA,NA,NA,NA,NA,NA,NA
495.043,2.1167,18.8524,1.1936,18.2202,NA,NA,NA,NA,NA,NA,NA,NA,NA,NA,NA,NA
495.139,2.1098,18.4672,1.1915,18.0145,NA,NA,NA,NA,NA,NA,NA,NA,NA,NA,NA,NA
495.236,2.0986,17.8378,1.1903,17.8909,NA,NA,NA,NA,NA,NA,NA,NA,NA,NA,NA,NA
495.341,2.0915,17.4375,1.1867,17.5329,NA,NA,NA,NA,NA,NA,NA,NA,NA,NA,NA,NA
495.450,2.0836,16.9948,1.1832,17.1931,NA,NA,NA,NA,NA,NA,NA,NA,NA,NA,NA,NA
495.533,2.0793,16.7551,1.1820,17.0759,NA,NA,NA,NA,NA,NA,NA,NA,NA,NA,NA,NA
495.630,2.0741,16.4633,1.1800,16.8704,NA,NA,NA,NA,NA,NA,NA,NA,NA,NA,NA,NA
495.726,2.0653,15.9677,1.1794,16.8106,NA,NA,NA,NA,NA,NA,NA,NA,NA,NA,NA,NA
495.822,2.0617,15.7638,1.1772,16.5974,NA,NA,NA,NA,NA,NA,NA,NA,NA,NA,NA,NA
495.982,2.0568,15.4917,1.1766,16.5408,NA,NA,NA,NA,NA,NA,NA,NA,NA,NA,NA,NA
496.024,2.0498,15.0974,1.1754,16.4136,NA,NA,NA,NA,NA,NA,NA,NA,NA,NA,NA,NA
496.121,2.0465,14.9135,1.1735,16.2307,NA,NA,NA,NA,NA,NA,NA,NA,NA,NA,NA,NA
496.214,2.0442,14.7803,1.1722,16.1053,NA,NA,NA,NA,NA,NA,NA,NA,NA,NA,NA,NA
496.319,2.0442,14.7803,1.1702,15.9079,NA,NA,NA,NA,NA,NA,NA,NA,NA,NA,NA,NA
496.413,2.0464,14.9059,1.1692,15.8044,NA,NA,NA,NA,NA,NA,NA,NA,NA,NA,NA,NA
496.515,2.0464,14.9059,1.1686,15.7413,NA,NA,NA,NA,NA,NA,NA,NA,NA,NA,NA,NA
496.608,2.0429,14.7082,1.1683,15.7130,NA,NA,NA,NA,NA,NA,NA,NA,NA,NA,NA,NA
496.704,2.0429,14.7082,1.1667,15.5601,NA,NA,NA,NA,NA,NA,NA,NA,NA,NA,NA,NA
496.802,2.0389,14.4830,1.1655,15.4414,NA,NA,NA,NA,NA,NA,NA,NA,NA,NA,NA,NA
496.900,2.0353,14.2808,1.1644,15.3335,NA,NA,NA,NA,NA,NA,NA,NA,NA,NA,NA,NA
497.003,2.0339,14.2030,1.1632,15.2093,NA,NA,NA,NA,NA,NA,NA,NA,NA,NA,NA,NA
497.105,2.0323,14.1122,1.1629,15.1805,NA,NA,NA,NA,NA,NA,NA,NA,NA,NA,NA,NA
497.195,2.0309,14.0381,1.1617,15.0648,NA,NA,NA,NA,NA,NA,NA,NA,NA,NA,NA,NA
497.297,2.0246,13.6811,1.1598,14.8772,NA,NA,NA,NA,NA,NA,NA,NA,NA,NA,NA,NA
497.397,2.0230,13.5910,1.1580,14.6925,NA,NA,NA,NA,NA,NA,NA,NA,NA,NA,NA,NA
497.490,2.0167,13.2400,1.1561,14.5095,NA,NA,NA,NA,NA,NA,NA,NA,NA,NA,NA,NA
497.596,2.0138,13.0754,1.1546,14.3532,NA,NA,NA,NA,NA,NA,NA,NA,NA,NA,NA,NA
497.705,2.0076,12.7279,1.1539,14.2850,NA,NA,NA,NA,NA,NA,NA,NA,NA,NA,NA,NA
497.789,2.0072,12.7052,1.1528,14.1756,NA,NA,NA,NA,NA,NA,NA,NA,NA,NA,NA,NA
497.883,2.0046,12.5567,1.1489,13.7947,NA,NA,NA,NA,NA,NA,NA,NA,NA,NA,NA,NA
497.978,2.0039,12.5212,1.1481,13.7146,NA,NA,NA,NA,NA,NA,NA,NA,NA,NA,NA,NA
498.073,2.0034,12.4901,1.1473,13.6305,NA,NA,NA,NA,NA,NA,NA,NA,NA,NA,NA,NA
498.177,1.9984,12.2109,1.1459,13.5005,NA,NA,NA,NA,NA,NA,NA,NA,NA,NA,NA,NA
498.289,2.0287,13.9099,1.1524,14.1354,NA,NA,NA,NA,NA,NA,NA,NA,NA,NA,NA,NA
498.377,2.0621,15.7885,1.1643,15.3172,NA,NA,NA,NA,NA,NA,NA,NA,NA,NA,NA,NA
498.469,2.0967,17.7294,1.1780,16.6786,NA,NA,NA,NA,NA,NA,NA,NA,NA,NA,NA,NA
498.573,2.1223,19.1673,1.1907,17.9356,NA,NA,NA,NA,NA,NA,NA,NA,NA,NA,NA,NA
498.670,2.1392,20.1165,1.1950,18.3638,NA,NA,NA,NA,NA,NA,NA,NA,NA,NA,NA,NA
498.763,2.1392,20.1165,1.1969,18.5473,NA,NA,NA,NA,NA,NA,NA,NA,NA,NA,NA,NA
498.857,2.1432,20.3438,1.1979,18.6420,NA,NA,NA,NA,NA,NA,NA,NA,NA,NA,NA,NA
498.978,2.1432,20.3438,1.1979,18.6420,NA,NA,NA,NA,NA,NA,NA,NA,NA,NA,NA,NA
499.056,2.1285,19.5159,1.1978,18.6367,NA,NA,NA,NA,NA,NA,NA,NA,NA,NA,NA,NA
499.155,2.1260,19.3743,1.1962,18.4816,NA,NA,NA,NA,NA,NA,NA,NA,NA,NA,NA,NA
499.250,2.1149,18.7525,1.1945,18.3077,NA,NA,NA,NA,NA,NA,NA,NA,NA,NA,NA,NA
499.348,2.1111,18.5399,1.1934,18.1969,NA,NA,NA,NA,NA,NA,NA,NA,NA,NA,NA,NA
499.455,2.1037,18.1254,1.1913,17.9974,NA,NA,NA,NA,NA,NA,NA,NA,NA,NA,NA,NA
499.547,2.0897,17.3391,1.1898,17.8469,NA,NA,NA,NA,NA,NA,NA,NA,NA,NA,NA,NA
499.642,2.0860,17.1303,1.1885,17.7157,NA,NA,NA,NA,NA,NA,NA,NA,NA,NA,NA,NA
499.745,2.0842,17.0277,1.1864,17.5114,NA,NA,NA,NA,NA,NA,NA,NA,NA,NA,NA,NA
499.837,2.0842,17.0277,1.1844,17.3084,NA,NA,NA,NA,NA,NA,NA,NA,NA,NA,NA,NA
499.939,2.0788,16.7267,1.1836,17.2261,NA,NA,NA,NA,NA,NA,NA,NA,NA,NA,NA,NA
500.031,2.0758,16.5553,1.1817,17.0447,NA,NA,NA,NA,NA,NA,NA,NA,NA,NA,NA,NA
500.132,2.0674,16.0834,1.1802,16.8916,NA,NA,NA,NA,NA,NA,NA,NA,NA,NA,NA,NA
500.236,2.0666,16.0433,1.1783,16.7093,NA,NA,NA,NA,NA,NA,NA,NA,NA,NA,NA,NA
500.324,2.0660,16.0090,1.1776,16.6340,NA,NA,NA,NA,NA,NA,NA,NA,NA,NA,NA,NA
500.434,2.0643,15.9137,1.1775,16.6220,NA,NA,NA,NA,NA,NA,NA,NA,NA,NA,NA,NA
500.523,2.0584,15.5796,1.1763,16.5044,NA,NA,NA,NA,NA,NA,NA,NA,NA,NA,NA,NA
500.630,2.0571,15.5094,1.1742,16.3017,NA,NA,NA,NA,NA,NA,NA,NA,NA,NA,NA,NA
500.723,2.0558,15.4360,1.1733,16.2152,NA,NA,NA,NA,NA,NA,NA,NA,NA,NA,NA,NA
500.831,2.0542,15.3422,1.1725,16.1342,NA,NA,NA,NA,NA,NA,NA,NA,NA,NA,NA,NA
500.910,2.0542,15.3422,1.1712,15.9999,NA,NA,NA,NA,NA,NA,NA,NA,NA,NA,NA,NA
501.019,2.0485,15.0255,1.1712,15.9999,NA,NA,NA,NA,NA,NA,NA,NA,NA,NA,NA,NA
501.110,2.0466,14.9162,1.1712,15.9985,NA,NA,NA,NA,NA,NA,NA,NA,NA,NA,NA,NA
501.214,2.0405,14.5739,1.1701,15.8944,NA,NA,NA,NA,NA,NA,NA,NA,NA,NA,NA,NA
501.314,2.0386,14.4701,1.1699,15.8698,NA,NA,NA,NA,NA,NA,NA,NA,NA,NA,NA,NA
501.425,2.0386,14.4701,1.1688,15.7685,NA,NA,NA,NA,NA,NA,NA,NA,NA,NA,NA,NA
501.510,2.0361,14.3301,1.1682,15.7038,NA,NA,NA,NA,NA,NA,NA,NA,NA,NA,NA,NA
501.600,2.0361,14.3301,1.1676,15.6466,NA,NA,NA,NA,NA,NA,NA,NA,NA,NA,NA,NA
501.719,2.0315,14.0679,1.1675,15.6367,NA,NA,NA,NA,NA,NA,NA,NA,NA,NA,NA,NA
501.802,2.0315,14.0679,1.1670,15.5903,NA,NA,NA,NA,NA,NA,NA,NA,NA,NA,NA,NA
501.891,2.0265,13.7904,1.1656,15.4501,NA,NA,NA,NA,NA,NA,NA,NA,NA,NA,NA,NA
502.033,2.0237,13.6344,1.1654,15.4286,NA,NA,NA,NA,NA,NA,NA,NA,NA,NA,NA,NA
502.092,2.0218,13.5251,1.1642,15.3046,NA,NA,NA,NA,NA,NA,NA,NA,NA,NA,NA,NA
502.189,2.0203,13.4386,1.1637,15.2626,NA,NA,NA,NA,NA,NA,NA,NA,NA,NA,NA,NA
502.286,2.0186,13.3439,1.1629,15.1845,NA,NA,NA,NA,NA,NA,NA,NA,NA,NA,NA,NA
502.384,2.0148,13.1305,1.1623,15.1214,NA,NA,NA,NA,NA,NA,NA,NA,NA,NA,NA,NA
502.486,2.0148,13.1305,1.1623,15.1181,NA,NA,NA,NA,NA,NA,NA,NA,NA,NA,NA,NA
502.590,2.0079,12.7463,1.1616,15.0549,NA,NA,NA,NA,NA,NA,NA,NA,NA,NA,NA,NA
502.676,2.0053,12.5995,1.1611,15.0047,NA,NA,NA,NA,NA,NA,NA,NA,NA,NA,NA,NA
502.777,2.0045,12.5556,1.1597,14.8631,NA,NA,NA,NA,NA,NA,NA,NA,NA,NA,NA,NA
502.872,2.0040,12.5276,1.1595,14.8409,NA,NA,NA,NA,NA,NA,NA,NA,NA,NA,NA,NA
502.990,2.0040,12.5240,1.1586,14.7527,NA,NA,NA,NA,NA,NA,NA,NA,NA,NA,NA,NA
503.064,2.0026,12.4455,1.1582,14.7115,NA,NA,NA,NA,NA,NA,NA,NA,NA,NA,NA,NA
503.196,2.0012,12.3664,1.1563,14.5255,NA,NA,NA,NA,NA,NA,NA,NA,NA,NA,NA,NA
503.271,2.0006,12.3341,1.1558,14.4749,NA,NA,NA,NA,NA,NA,NA,NA,NA,NA,NA,NA
503.366,1.9982,12.1996,1.1556,14.4538,NA,NA,NA,NA,NA,NA,NA,NA,NA,NA,NA,NA
503.464,1.9967,12.1177,1.1552,14.4214,NA,NA,NA,NA,NA,NA,NA,NA,NA,NA,NA,NA
503.555,1.9982,12.1999,1.1552,14.4193,NA,NA,NA,NA,NA,NA,NA,NA,NA,NA,NA,NA
503.663,1.9982,12.1999,1.1542,14.3204,NA,NA,NA,NA,NA,NA,NA,NA,NA,NA,NA,NA
503.752,1.9936,11.9427,1.1532,14.2228,NA,NA,NA,NA,NA,NA,NA,NA,NA,NA,NA,NA
503.857,1.9914,11.8154,1.1521,14.1135,NA,NA,NA,NA,NA,NA,NA,NA,NA,NA,NA,NA
503.963,1.9903,11.7565,1.1513,14.0284,NA,NA,NA,NA,NA,NA,NA,NA,NA,NA,NA,NA
504.046,1.9897,11.7220,1.1507,13.9736,NA,NA,NA,NA,NA,NA,NA,NA,NA,NA,NA,NA
504.147,1.9852,11.4678,1.1511,14.0147,NA,NA,NA,NA,NA,NA,NA,NA,NA,NA,NA,NA
504.253,1.9852,11.4678,1.1511,14.0147,NA,NA,NA,NA,NA,NA,NA,NA,NA,NA,NA,NA
504.375,1.9813,11.2493,1.1500,13.9059,NA,NA,NA,NA,NA,NA,NA,NA,NA,NA,NA,NA
504.449,1.9770,11.0121,1.1493,13.8283,NA,NA,NA,NA,NA,NA,NA,NA,NA,NA,NA,NA
504.544,1.9770,11.0121,1.1480,13.7065,NA,NA,NA,NA,NA,NA,NA,NA,NA,NA,NA,NA
504.633,1.9815,11.2610,1.1473,13.6324,NA,NA,NA,NA,NA,NA,NA,NA,NA,NA,NA,NA
504.736,1.9815,11.2610,1.1467,13.5746,NA,NA,NA,NA,NA,NA,NA,NA,NA,NA,NA,NA
504.830,1.9772,11.0218,1.1458,13.4866,NA,NA,NA,NA,NA,NA,NA,NA,NA,NA,NA,NA
504.941,1.9764,10.9785,1.1456,13.4624,NA,NA,NA,NA,NA,NA,NA,NA,NA,NA,NA,NA
505.065,1.9725,10.7548,1.1443,13.3380,NA,NA,NA,NA,NA,NA,NA,NA,NA,NA,NA,NA
505.122,1.9730,10.7847,1.1434,13.2507,NA,NA,NA,NA,NA,NA,NA,NA,NA,NA,NA,NA
505.222,1.9730,10.7847,1.1428,13.1878,NA,NA,NA,NA,NA,NA,NA,NA,NA,NA,NA,NA
505.318,1.9711,10.6795,1.1427,13.1802,NA,NA,NA,NA,NA,NA,NA,NA,NA,NA,NA,NA
505.420,1.9711,10.6795,1.1409,13.0040,NA,NA,NA,NA,NA,NA,NA,NA,NA,NA,NA,NA
505.516,1.9664,10.4150,1.1405,12.9627,NA,NA,NA,NA,NA,NA,NA,NA,NA,NA,NA,NA
505.666,1.9664,10.4150,1.1397,12.8784,NA,NA,NA,NA,NA,NA,NA,NA,NA,NA,NA,NA
505.717,1.9682,10.5159,1.1378,12.6991,NA,NA,NA,NA,NA,NA,NA,NA,NA,NA,NA,NA
505.807,1.9682,10.5159,1.1378,12.6991,NA,NA,NA,NA,NA,NA,NA,NA,NA,NA,NA,NA
505.912,1.9656,10.3695,1.1368,12.5962,NA,NA,NA,NA,NA,NA,NA,NA,NA,NA,NA,NA
506.004,1.9640,10.2787,1.1364,12.5548,NA,NA,NA,NA,NA,NA,NA,NA,NA,NA,NA,NA
506.104,1.9624,10.1890,1.1358,12.4980,NA,NA,NA,NA,NA,NA,NA,NA,NA,NA,NA,NA
506.249,1.9607,10.0935,1.1349,12.4096,NA,NA,NA,NA,NA,NA,NA,NA,NA,NA,NA,NA
506.300,1.9573,9.9026,1.1345,12.3668,NA,NA,NA,NA,NA,NA,NA,NA,NA,NA,NA,NA
506.402,1.9596,10.0316,1.1345,12.3668,NA,NA,NA,NA,NA,NA,NA,NA,NA,NA,NA,NA
506.499,1.9596,10.0316,1.1343,12.3521,NA,NA,NA,NA,NA,NA,NA,NA,NA,NA,NA,NA
506.591,1.9526,9.6421,1.1336,12.2784,NA,NA,NA,NA,NA,NA,NA,NA,NA,NA,NA,NA
506.687,1.9526,9.6421,1.1320,12.1175,NA,NA,NA,NA,NA,NA,NA,NA,NA,NA,NA,NA
506.836,1.9499,9.4880,1.1322,12.1390,NA,NA,NA,NA,NA,NA,NA,NA,NA,NA,NA,NA
506.884,1.9489,9.4329,1.1325,12.1649,NA,NA,NA,NA,NA,NA,NA,NA,NA,NA,NA,NA
506.980,1.9481,9.3864,1.1327,12.1912,NA,NA,NA,NA,NA,NA,NA,NA,NA,NA,NA,NA
507.081,1.9500,9.4951,1.1327,12.1912,NA,NA,NA,NA,NA,NA,NA,NA,NA,NA,NA,NA
507.177,1.9500,9.4951,1.1314,12.0613,NA,NA,NA,NA,NA,NA,NA,NA,NA,NA,NA,NA
507.283,1.9461,9.2749,1.1311,12.0340,NA,NA,NA,NA,NA,NA,NA,NA,NA,NA,NA,NA
507.380,1.9461,9.2749,1.1307,11.9935,NA,NA,NA,NA,NA,NA,NA,NA,NA,NA,NA,NA
507.479,1.9454,9.2343,1.1303,11.9502,NA,NA,NA,NA,NA,NA,NA,NA,NA,NA,NA,NA
507.570,1.9454,9.2343,1.1301,11.9324,NA,NA,NA,NA,NA,NA,NA,NA,NA,NA,NA,NA
507.664,1.9447,9.1973,1.1297,11.8879,NA,NA,NA,NA,NA,NA,NA,NA,NA,NA,NA,NA
507.785,1.9440,9.1569,1.1281,11.7315,NA,NA,NA,NA,NA,NA,NA,NA,NA,NA,NA,NA
507.867,1.9410,8.9855,1.1274,11.6638,NA,NA,NA,NA,NA,NA,NA,NA,NA,NA,NA,NA
508.024,1.9390,8.8756,1.1271,11.6310,NA,NA,NA,NA,NA,NA,NA,NA,NA,NA,NA,NA
508.068,1.9390,8.8756,1.1271,11.6310,NA,NA,NA,NA,NA,NA,NA,NA,NA,NA,NA,NA
508.170,1.9344,8.6149,1.1263,11.5517,NA,NA,NA,NA,NA,NA,NA,NA,NA,NA,NA,NA
508.264,1.9333,8.5574,1.1259,11.5148,NA,NA,NA,NA,NA,NA,NA,NA,NA,NA,NA,NA
508.354,1.9333,8.5574,1.1252,11.4424,NA,NA,NA,NA,NA,NA,NA,NA,NA,NA,NA,NA
508.456,1.9334,8.5598,1.1245,11.3735,NA,NA,NA,NA,NA,NA,NA,NA,NA,NA,NA,NA
508.615,1.9343,8.6100,1.1241,11.3391,NA,NA,NA,NA,NA,NA,NA,NA,NA,NA,NA,NA
508.650,1.9349,8.6447,1.1241,11.3391,NA,NA,NA,NA,NA,NA,NA,NA,NA,NA,NA,NA
508.745,1.9349,8.6447,1.1235,11.2755,NA,NA,NA,NA,NA,NA,NA,NA,NA,NA,NA,NA
508.846,1.9365,8.7357,1.1229,11.2140,NA,NA,NA,NA,NA,NA,NA,NA,NA,NA,NA,NA
508.943,1.9365,8.7357,1.1226,11.1880,NA,NA,NA,NA,NA,NA,NA,NA,NA,NA,NA,NA
509.061,1.9358,8.6942,1.1226,11.1880,NA,NA,NA,NA,NA,NA,NA,NA,NA,NA,NA,NA
509.140,1.9358,8.6942,1.1222,11.1526,NA,NA,NA,NA,NA,NA,NA,NA,NA,NA,NA,NA
509.244,1.9280,8.2595,1.1213,11.0571,NA,NA,NA,NA,NA,NA,NA,NA,NA,NA,NA,NA
509.333,1.9280,8.2595,1.1210,11.0316,NA,NA,NA,NA,NA,NA,NA,NA,NA,NA,NA,NA
509.436,1.9261,8.1515,1.1210,11.0316,NA,NA,NA,NA,NA,NA,NA,NA,NA,NA,NA,NA
509.523,1.9286,8.2942,1.1190,10.8356,NA,NA,NA,NA,NA,NA,NA,NA,NA,NA,NA,NA
509.632,1.9292,8.3238,1.1188,10.8081,NA,NA,NA,NA,NA,NA,NA,NA,NA,NA,NA,NA
509.724,1.9292,8.3238,1.1182,10.7556,NA,NA,NA,NA,NA,NA,NA,NA,NA,NA,NA,NA
509.859,1.9267,8.1878,1.1181,10.7422,NA,NA,NA,NA,NA,NA,NA,NA,NA,NA,NA,NA
509.920,1.9226,7.9534,1.1180,10.7303,NA,NA,NA,NA,NA,NA,NA,NA,NA,NA,NA,NA
510.050,1.9211,7.8683,1.1179,10.7215,NA,NA,NA,NA,NA,NA,NA,NA,NA,NA,NA,NA
510.128,1.9190,7.7536,1.1172,10.6512,NA,NA,NA,NA,NA,NA,NA,NA,NA,NA,NA,NA
510.214,1.9171,7.6460,1.1158,10.5161,NA,NA,NA,NA,NA,NA,NA,NA,NA,NA,NA,NA
510.335,1.9165,7.6136,1.1154,10.4722,NA,NA,NA,NA,NA,NA,NA,NA,NA,NA,NA,NA
510.451,1.9179,7.6935,1.1154,10.4722,NA,NA,NA,NA,NA,NA,NA,NA,NA,NA,NA,NA
510.510,1.9179,7.6935,1.1146,10.3957,NA,NA,NA,NA,NA,NA,NA,NA,NA,NA,NA,NA
510.607,1.9153,7.5449,1.1148,10.4185,NA,NA,NA,NA,NA,NA,NA,NA,NA,NA,NA,NA
510.706,1.9150,7.5288,1.1148,10.4185,NA,NA,NA,NA,NA,NA,NA,NA,NA,NA,NA,NA
510.816,1.9122,7.3694,1.1140,10.3385,NA,NA,NA,NA,NA,NA,NA,NA,NA,NA,NA,NA
510.907,1.9096,7.2267,1.1140,10.3385,NA,NA,NA,NA,NA,NA,NA,NA,NA,NA,NA,NA
511.038,1.9121,7.3676,1.1122,10.1618,NA,NA,NA,NA,NA,NA,NA,NA,NA,NA,NA,NA
511.097,1.9121,7.3676,1.1115,10.0925,NA,NA,NA,NA,NA,NA,NA,NA,NA,NA,NA,NA
511.197,1.9113,7.3201,1.1111,10.0517,NA,NA,NA,NA,NA,NA,NA,NA,NA,NA,NA,NA
511.291,1.9113,7.3201,1.1106,9.9973,NA,NA,NA,NA,NA,NA,NA,NA,NA,NA,NA,NA
511.389,1.9032,6.8639,1.1102,9.9632,NA,NA,NA,NA,NA,NA,NA,NA,NA,NA,NA,NA
511.484,1.9049,6.9594,1.1102,9.9632,NA,NA,NA,NA,NA,NA,NA,NA,NA,NA,NA,NA
511.589,1.9049,6.9594,1.1096,9.8964,NA,NA,NA,NA,NA,NA,NA,NA,NA,NA,NA,NA
511.692,1.9085,7.1646,1.1096,9.8964,NA,NA,NA,NA,NA,NA,NA,NA,NA,NA,NA,NA
511.779,1.9085,7.1646,1.1082,9.7607,NA,NA,NA,NA,NA,NA,NA,NA,NA,NA,NA,NA
511.888,1.9055,6.9948,1.1071,9.6493,NA,NA,NA,NA,NA,NA,NA,NA,NA,NA,NA,NA
511.979,1.9055,6.9948,1.1064,9.5876,NA,NA,NA,NA,NA,NA,NA,NA,NA,NA,NA,NA
512.079,1.9038,6.8981,1.1062,9.5667,NA,NA,NA,NA,NA,NA,NA,NA,NA,NA,NA,NA
512.204,1.9010,6.7416,1.1059,9.5306,NA,NA,NA,NA,NA,NA,NA,NA,NA,NA,NA,NA
512.279,1.9011,6.7488,1.1054,9.4834,NA,NA,NA,NA,NA,NA,NA,NA,NA,NA,NA,NA
512.373,1.9047,6.9508,1.1054,9.4834,NA,NA,NA,NA,NA,NA,NA,NA,NA,NA,NA,NA
512.465,1.9047,6.9508,1.1044,9.3830,NA,NA,NA,NA,NA,NA,NA,NA,NA,NA,NA,NA
512.572,1.8958,6.4529,1.1037,9.3189,NA,NA,NA,NA,NA,NA,NA,NA,NA,NA,NA,NA
512.664,1.8954,6.4270,1.1034,9.2910,NA,NA,NA,NA,NA,NA,NA,NA,NA,NA,NA,NA
512.764,1.8974,6.5404,1.1025,9.1979,NA,NA,NA,NA,NA,NA,NA,NA,NA,NA,NA,NA
512.901,1.9259,8.1420,1.1102,9.9558,NA,NA,NA,NA,NA,NA,NA,NA,NA,NA,NA,NA
512.965,1.9808,11.2216,1.1244,11.3633,NA,NA,NA,NA,NA,NA,NA,NA,NA,NA,NA,NA
513.065,2.0278,13.8644,1.1344,12.3538,NA,NA,NA,NA,NA,NA,NA,NA,NA,NA,NA,NA
513.151,2.0551,15.3924,1.1450,13.4038,NA,NA,NA,NA,NA,NA,NA,NA,NA,NA,NA,NA
513.260,2.0838,17.0049,1.1566,14.5591,NA,NA,NA,NA,NA,NA,NA,NA,NA,NA,NA,NA
513.347,2.0948,17.6232,1.1670,15.5848,NA,NA,NA,NA,NA,NA,NA,NA,NA,NA,NA,NA
513.454,2.1126,18.6213,1.1758,16.4613,NA,NA,NA,NA,NA,NA,NA,NA,NA,NA,NA,NA
513.547,2.1334,19.7897,1.1847,17.3405,NA,NA,NA,NA,NA,NA,NA,NA,NA,NA,NA,NA
513.641,2.1563,21.0798,1.1969,18.5465,NA,NA,NA,NA,NA,NA,NA,NA,NA,NA,NA,NA
513.741,2.1736,22.0514,1.2021,19.0594,NA,NA,NA,NA,NA,NA,NA,NA,NA,NA,NA,NA
513.836,2.1968,23.3500,1.2076,19.6034,NA,NA,NA,NA,NA,NA,NA,NA,NA,NA,NA,NA
513.933,2.2140,24.3182,1.2142,20.2646,NA,NA,NA,NA,NA,NA,NA,NA,NA,NA,NA,NA
514.030,2.2214,24.7342,1.2178,20.6134,NA,NA,NA,NA,NA,NA,NA,NA,NA,NA,NA,NA
514.137,2.2298,25.2034,1.2218,21.0179,NA,NA,NA,NA,NA,NA,NA,NA,NA,NA,NA,NA
514.240,2.2298,25.2034,1.2239,21.2270,NA,NA,NA,NA,NA,NA,NA,NA,NA,NA,NA,NA
514.326,2.2299,25.2079,1.2242,21.2519,NA,NA,NA,NA,NA,NA,NA,NA,NA,NA,NA,NA
514.432,2.2299,25.2079,1.2242,21.2519,NA,NA,NA,NA,NA,NA,NA,NA,NA,NA,NA,NA
514.523,2.2239,24.8746,1.2238,21.2094,NA,NA,NA,NA,NA,NA,NA,NA,NA,NA,NA,NA
514.631,2.2181,24.5472,1.2236,21.1936,NA,NA,NA,NA,NA,NA,NA,NA,NA,NA,NA,NA
514.729,2.2046,23.7878,1.2217,21.0039,NA,NA,NA,NA,NA,NA,NA,NA,NA,NA,NA,NA
514.823,2.1793,22.3709,1.2173,20.5681,NA,NA,NA,NA,NA,NA,NA,NA,NA,NA,NA,NA
514.917,2.1712,21.9128,1.2139,20.2326,NA,NA,NA,NA,NA,NA,NA,NA,NA,NA,NA,NA
515.021,2.1543,20.9659,1.2100,19.8453,NA,NA,NA,NA,NA,NA,NA,NA,NA,NA,NA,NA
515.110,2.1447,20.4256,1.2071,19.5552,NA,NA,NA,NA,NA,NA,NA,NA,NA,NA,NA,NA
515.214,2.1371,20.0001,1.2053,19.3829,NA,NA,NA,NA,NA,NA,NA,NA,NA,NA,NA,NA
515.307,2.1296,19.5757,1.2037,19.2182,NA,NA,NA,NA,NA,NA,NA,NA,NA,NA,NA,NA
515.404,2.1269,19.4246,1.2014,18.9921,NA,NA,NA,NA,NA,NA,NA,NA,NA,NA,NA,NA
515.502,2.1176,18.9054,1.2003,18.8876,NA,NA,NA,NA,NA,NA,NA,NA,NA,NA,NA,NA
515.600,2.1151,18.7624,1.1977,18.6281,NA,NA,NA,NA,NA,NA,NA,NA,NA,NA,NA,NA
515.699,2.1166,18.8477,1.1945,18.3069,NA,NA,NA,NA,NA,NA,NA,NA,NA,NA,NA,NA
515.849,2.1166,18.8477,1.1910,17.9614,NA,NA,NA,NA,NA,NA,NA,NA,NA,NA,NA,NA
515.889,2.1138,18.6906,1.1894,17.8003,NA,NA,NA,NA,NA,NA,NA,NA,NA,NA,NA,NA
516.003,2.1078,18.3567,1.1881,17.6717,NA,NA,NA,NA,NA,NA,NA,NA,NA,NA,NA,NA
516.091,2.1017,18.0127,1.1862,17.4889,NA,NA,NA,NA,NA,NA,NA,NA,NA,NA,NA,NA
516.197,2.0988,17.8507,1.1855,17.4207,NA,NA,NA,NA,NA,NA,NA,NA,NA,NA,NA,NA
516.286,2.0954,17.6602,1.1829,17.1599,NA,NA,NA,NA,NA,NA,NA,NA,NA,NA,NA,NA
516.383,2.0894,17.3193,1.1805,16.9265,NA,NA,NA,NA,NA,NA,NA,NA,NA,NA,NA,NA
516.480,2.0883,17.2611,1.1792,16.7996,NA,NA,NA,NA,NA,NA,NA,NA,NA,NA,NA,NA
516.579,2.0809,16.8451,1.1767,16.5466,NA,NA,NA,NA,NA,NA,NA,NA,NA,NA,NA,NA
516.697,2.0710,16.2875,1.1753,16.4066,NA,NA,NA,NA,NA,NA,NA,NA,NA,NA,NA,NA
516.785,2.0696,16.2104,1.1753,16.4066,NA,NA,NA,NA,NA,NA,NA,NA,NA,NA,NA,NA
516.871,2.0696,16.2104,1.1730,16.1823,NA,NA,NA,NA,NA,NA,NA,NA,NA,NA,NA,NA
516.978,2.0683,16.1341,1.1705,15.9376,NA,NA,NA,NA,NA,NA,NA,NA,NA,NA,NA,NA
517.084,2.0680,16.1178,1.1700,15.8847,NA,NA,NA,NA,NA,NA,NA,NA,NA,NA,NA,NA
517.165,2.0660,16.0054,1.1684,15.7288,NA,NA,NA,NA,NA,NA,NA,NA,NA,NA,NA,NA
517.265,2.0705,16.2579,1.1681,15.6918,NA,NA,NA,NA,NA,NA,NA,NA,NA,NA,NA,NA
517.367,2.0794,16.7566,1.1752,16.4012,NA,NA,NA,NA,NA,NA,NA,NA,NA,NA,NA,NA
517.467,2.1122,18.6012,1.1819,17.0671,NA,NA,NA,NA,NA,NA,NA,NA,NA,NA,NA,NA
517.572,2.1341,19.8313,1.1906,17.9280,NA,NA,NA,NA,NA,NA,NA,NA,NA,NA,NA,NA
517.657,2.1603,21.3001,1.1968,18.5348,NA,NA,NA,NA,NA,NA,NA,NA,NA,NA,NA,NA
517.751,2.1669,21.6710,1.2014,18.9950,NA,NA,NA,NA,NA,NA,NA,NA,NA,NA,NA,NA
517.852,2.1669,21.6710,1.2035,19.2044,NA,NA,NA,NA,NA,NA,NA,NA,NA,NA,NA,NA
517.959,2.1632,21.4645,1.2041,19.2567,NA,NA,NA,NA,NA,NA,NA,NA,NA,NA,NA,NA
518.048,2.1616,21.3729,1.2041,19.2567,NA,NA,NA,NA,NA,NA,NA,NA,NA,NA,NA,NA
518.142,2.1494,20.6881,1.2025,19.1008,NA,NA,NA,NA,NA,NA,NA,NA,NA,NA,NA,NA
518.243,2.1494,20.6881,1.1998,18.8363,NA,NA,NA,NA,NA,NA,NA,NA,NA,NA,NA,NA
518.345,2.1295,19.5705,1.1982,18.6764,NA,NA,NA,NA,NA,NA,NA,NA,NA,NA,NA,NA
518.438,2.1250,19.3224,1.1966,18.5149,NA,NA,NA,NA,NA,NA,NA,NA,NA,NA,NA,NA
518.542,2.1131,18.6498,1.1949,18.3534,NA,NA,NA,NA,NA,NA,NA,NA,NA,NA,NA,NA
518.638,2.1101,18.4837,1.1934,18.1974,NA,NA,NA,NA,NA,NA,NA,NA,NA,NA,NA,NA
518.795,2.1037,18.1228,1.1913,17.9928,NA,NA,NA,NA,NA,NA,NA,NA,NA,NA,NA,NA
518.825,2.1003,17.9352,1.1890,17.7653,NA,NA,NA,NA,NA,NA,NA,NA,NA,NA,NA,NA
518.934,2.0999,17.9079,1.1864,17.5113,NA,NA,NA,NA,NA,NA,NA,NA,NA,NA,NA,NA
519.029,2.0895,17.3277,1.1823,17.1021,NA,NA,NA,NA,NA,NA,NA,NA,NA,NA,NA,NA
519.121,2.0855,17.1001,1.1763,16.5083,NA,NA,NA,NA,NA,NA,NA,NA,NA,NA,NA,NA
519.221,2.0794,16.7581,1.1734,16.2236,NA,NA,NA,NA,NA,NA,NA,NA,NA,NA,NA,NA
519.324,2.0794,16.7581,1.1719,16.0764,NA,NA,NA,NA,NA,NA,NA,NA,NA,NA,NA,NA
519.425,2.0726,16.3790,1.1689,15.7777,NA,NA,NA,NA,NA,NA,NA,NA,NA,NA,NA,NA
519.529,2.0715,16.3158,1.1674,15.6266,NA,NA,NA,NA,NA,NA,NA,NA,NA,NA,NA,NA
519.617,2.0654,15.9731,1.1662,15.5106,NA,NA,NA,NA,NA,NA,NA,NA,NA,NA,NA,NA
519.708,2.0633,15.8575,1.1630,15.1887,NA,NA,NA,NA,NA,NA,NA,NA,NA,NA,NA,NA
519.808,2.0616,15.7594,1.1617,15.0593,NA,NA,NA,NA,NA,NA,NA,NA,NA,NA,NA,NA
519.958,2.0619,15.7764,1.1602,14.9116,NA,NA,NA,NA,NA,NA,NA,NA,NA,NA,NA,NA
520.017,2.0619,15.7764,1.1590,14.7924,NA,NA,NA,NA,NA,NA,NA,NA,NA,NA,NA,NA
520.105,2.0575,15.5323,1.1579,14.6814,NA,NA,NA,NA,NA,NA,NA,NA,NA,NA,NA,NA
520.199,2.0575,15.5323,1.1574,14.6328,NA,NA,NA,NA,NA,NA,NA,NA,NA,NA,NA,NA
520.303,2.0570,15.5017,1.1589,14.7826,NA,NA,NA,NA,NA,NA,NA,NA,NA,NA,NA,NA
520.408,2.0921,17.4721,1.1640,15.2849,NA,NA,NA,NA,NA,NA,NA,NA,NA,NA,NA,NA
520.498,2.1142,18.7109,1.1700,15.8811,NA,NA,NA,NA,NA,NA,NA,NA,NA,NA,NA,NA
520.638,2.1629,21.4480,1.1766,16.5335,NA,NA,NA,NA,NA,NA,NA,NA,NA,NA,NA,NA
520.688,2.1780,22.2964,1.1863,17.5021,NA,NA,NA,NA,NA,NA,NA,NA,NA,NA,NA,NA
520.797,2.1939,23.1858,1.1912,17.9872,NA,NA,NA,NA,NA,NA,NA,NA,NA,NA,NA,NA
520.895,2.1949,23.2455,1.1928,18.1377,NA,NA,NA,NA,NA,NA,NA,NA,NA,NA,NA,NA
520.984,2.1949,23.2455,1.1934,18.2061,NA,NA,NA,NA,NA,NA,NA,NA,NA,NA,NA,NA
521.090,2.1901,22.9753,1.1946,18.3244,NA,NA,NA,NA,NA,NA,NA,NA,NA,NA,NA,NA
521.179,2.1888,22.8998,1.1946,18.3244,NA,NA,NA,NA,NA,NA,NA,NA,NA,NA,NA,NA
521.279,2.1834,22.5962,1.1928,18.1429,NA,NA,NA,NA,NA,NA,NA,NA,NA,NA,NA,NA
521.373,2.1813,22.4801,1.1907,17.9337,NA,NA,NA,NA,NA,NA,NA,NA,NA,NA,NA,NA
521.484,2.1691,21.7963,1.1895,17.8182,NA,NA,NA,NA,NA,NA,NA,NA,NA,NA,NA,NA
521.570,2.1691,21.7963,1.1863,17.4940,NA,NA,NA,NA,NA,NA,NA,NA,NA,NA,NA,NA
521.667,2.1614,21.3631,1.1836,17.2264,NA,NA,NA,NA,NA,NA,NA,NA,NA,NA,NA,NA
521.794,2.1539,20.9437,1.1825,17.1174,NA,NA,NA,NA,NA,NA,NA,NA,NA,NA,NA,NA
521.877,2.1524,20.8567,1.1801,16.8821,NA,NA,NA,NA,NA,NA,NA,NA,NA,NA,NA,NA
521.963,2.1430,20.3295,1.1787,16.7487,NA,NA,NA,NA,NA,NA,NA,NA,NA,NA,NA,NA
522.063,2.1430,20.3295,1.1758,16.4579,NA,NA,NA,NA,NA,NA,NA,NA,NA,NA,NA,NA
522.158,2.1377,20.0349,1.1743,16.3132,NA,NA,NA,NA,NA,NA,NA,NA,NA,NA,NA,NA
522.263,2.1377,20.0349,1.1726,16.1374,NA,NA,NA,NA,NA,NA,NA,NA,NA,NA,NA,NA
522.376,2.1215,19.1210,1.1707,15.9525,NA,NA,NA,NA,NA,NA,NA,NA,NA,NA,NA,NA
522.464,2.1179,18.9209,1.1694,15.8278,NA,NA,NA,NA,NA,NA,NA,NA,NA,NA,NA,NA
522.546,2.1131,18.6494,1.1687,15.7558,NA,NA,NA,NA,NA,NA,NA,NA,NA,NA,NA,NA
522.650,2.1089,18.4157,1.1679,15.6785,NA,NA,NA,NA,NA,NA,NA,NA,NA,NA,NA,NA
522.746,2.1089,18.4157,1.1672,15.6061,NA,NA,NA,NA,NA,NA,NA,NA,NA,NA,NA,NA
522.845,2.1077,18.3498,1.1660,15.4877,NA,NA,NA,NA,NA,NA,NA,NA,NA,NA,NA,NA
522.945,2.1057,18.2336,1.1640,15.2923,NA,NA,NA,NA,NA,NA,NA,NA,NA,NA,NA,NA
523.067,2.1040,18.1425,1.1632,15.2107,NA,NA,NA,NA,NA,NA,NA,NA,NA,NA,NA,NA
523.144,2.1040,18.1425,1.1613,15.0179,NA,NA,NA,NA,NA,NA,NA,NA,NA,NA,NA,NA
523.240,2.0962,17.7053,1.1612,15.0131,NA,NA,NA,NA,NA,NA,NA,NA,NA,NA,NA,NA
523.334,2.0956,17.6698,1.1610,14.9892,NA,NA,NA,NA,NA,NA,NA,NA,NA,NA,NA,NA
523.445,2.0920,17.4676,1.1597,14.8624,NA,NA,NA,NA,NA,NA,NA,NA,NA,NA,NA,NA
523.531,2.0920,17.4676,1.1583,14.7250,NA,NA,NA,NA,NA,NA,NA,NA,NA,NA,NA,NA
523.658,2.0886,17.2740,1.1582,14.7142,NA,NA,NA,NA,NA,NA,NA,NA,NA,NA,NA,NA
523.728,2.0851,17.0804,1.1582,14.7142,NA,NA,NA,NA,NA,NA,NA,NA,NA,NA,NA,NA
523.821,2.0805,16.8202,1.1562,14.5149,NA,NA,NA,NA,NA,NA,NA,NA,NA,NA,NA,NA
523.920,2.0797,16.7755,1.1555,14.4498,NA,NA,NA,NA,NA,NA,NA,NA,NA,NA,NA,NA
524.030,2.0797,16.7755,1.1549,14.3867,NA,NA,NA,NA,NA,NA,NA,NA,NA,NA,NA,NA
524.125,2.0749,16.5046,1.1547,14.3658,NA,NA,NA,NA,NA,NA,NA,NA,NA,NA,NA,NA
524.237,2.0749,16.5046,1.1547,14.3637,NA,NA,NA,NA,NA,NA,NA,NA,NA,NA,NA,NA
524.315,2.0715,16.3146,1.1541,14.3108,NA,NA,NA,NA,NA,NA,NA,NA,NA,NA,NA,NA
524.425,2.0715,16.3146,1.1535,14.2536,NA,NA,NA,NA,NA,NA,NA,NA,NA,NA,NA,NA
524.508,2.0659,16.0011,1.1533,14.2296,NA,NA,NA,NA,NA,NA,NA,NA,NA,NA,NA,NA
524.606,2.0616,15.7618,1.1530,14.1990,NA,NA,NA,NA,NA,NA,NA,NA,NA,NA,NA,NA
524.740,2.0581,15.5608,1.1522,14.1160,NA,NA,NA,NA,NA,NA,NA,NA,NA,NA,NA,NA
524.797,2.0579,15.5502,1.1516,14.0598,NA,NA,NA,NA,NA,NA,NA,NA,NA,NA,NA,NA
524.902,2.0579,15.5502,1.1513,14.0277,NA,NA,NA,NA,NA,NA,NA,NA,NA,NA,NA,NA
524.999,2.0511,15.1726,1.1507,13.9700,NA,NA,NA,NA,NA,NA,NA,NA,NA,NA,NA,NA
525.097,2.0511,15.1726,1.1493,13.8377,NA,NA,NA,NA,NA,NA,NA,NA,NA,NA,NA,NA
525.189,2.0440,14.7720,1.1486,13.7634,NA,NA,NA,NA,NA,NA,NA,NA,NA,NA,NA,NA
525.291,2.0428,14.7058,1.1479,13.6964,NA,NA,NA,NA,NA,NA,NA,NA,NA,NA,NA,NA
525.415,2.0380,14.4326,1.1475,13.6522,NA,NA,NA,NA,NA,NA,NA,NA,NA,NA,NA,NA
525.488,2.0421,14.6662,1.1473,13.6362,NA,NA,NA,NA,NA,NA,NA,NA,NA,NA,NA,NA
525.589,2.0429,14.7117,1.1468,13.5871,NA,NA,NA,NA,NA,NA,NA,NA,NA,NA,NA,NA
525.701,2.0429,14.7117,1.1467,13.5754,NA,NA,NA,NA,NA,NA,NA,NA,NA,NA,NA,NA
525.784,2.0419,14.6556,1.1441,13.3141,NA,NA,NA,NA,NA,NA,NA,NA,NA,NA,NA,NA
525.882,2.0389,14.4859,1.1437,13.2794,NA,NA,NA,NA,NA,NA,NA,NA,NA,NA,NA,NA
525.984,2.0389,14.4859,1.1434,13.2453,NA,NA,NA,NA,NA,NA,NA,NA,NA,NA,NA,NA
526.076,2.0332,14.1662,1.1432,13.2320,NA,NA,NA,NA,NA,NA,NA,NA,NA,NA,NA,NA
526.182,2.0343,14.2276,1.1427,13.1795,NA,NA,NA,NA,NA,NA,NA,NA,NA,NA,NA,NA
526.279,2.0343,14.2276,1.1420,13.1077,NA,NA,NA,NA,NA,NA,NA,NA,NA,NA,NA,NA
526.372,2.0325,14.1256,1.1418,13.0902,NA,NA,NA,NA,NA,NA,NA,NA,NA,NA,NA,NA
526.471,2.0325,14.1256,1.1413,13.0407,NA,NA,NA,NA,NA,NA,NA,NA,NA,NA,NA,NA
526.563,2.0299,13.9783,1.1408,12.9910,NA,NA,NA,NA,NA,NA,NA,NA,NA,NA,NA,NA
526.679,2.0294,13.9536,1.1401,12.9199,NA,NA,NA,NA,NA,NA,NA,NA,NA,NA,NA,NA
526.763,2.0277,13.8541,1.1394,12.8557,NA,NA,NA,NA,NA,NA,NA,NA,NA,NA,NA,NA
526.859,2.0271,13.8217,1.1394,12.8481,NA,NA,NA,NA,NA,NA,NA,NA,NA,NA,NA,NA
526.972,2.0221,13.5437,1.1393,12.8435,NA,NA,NA,NA,NA,NA,NA,NA,NA,NA,NA,NA
527.060,2.0220,13.5372,1.1391,12.8227,NA,NA,NA,NA,NA,NA,NA,NA,NA,NA,NA,NA
527.205,2.0220,13.5372,1.1390,12.8148,NA,NA,NA,NA,NA,NA,NA,NA,NA,NA,NA,NA
527.255,2.0191,13.3728,1.1390,12.8148,NA,NA,NA,NA,NA,NA,NA,NA,NA,NA,NA,NA
527.349,2.0191,13.3728,1.1386,12.7749,NA,NA,NA,NA,NA,NA,NA,NA,NA,NA,NA,NA
527.451,2.0201,13.4312,1.1374,12.6530,NA,NA,NA,NA,NA,NA,NA,NA,NA,NA,NA,NA
527.543,2.0201,13.4312,1.1372,12.6374,NA,NA,NA,NA,NA,NA,NA,NA,NA,NA,NA,NA
527.641,2.0121,12.9808,1.1361,12.5226,NA,NA,NA,NA,NA,NA,NA,NA,NA,NA,NA,NA
527.739,2.0162,13.2087,1.1361,12.5226,NA,NA,NA,NA,NA,NA,NA,NA,NA,NA,NA,NA
527.855,2.0162,13.2087,1.1349,12.4056,NA,NA,NA,NA,NA,NA,NA,NA,NA,NA,NA,NA
527.936,2.0181,13.3166,1.1347,12.3877,NA,NA,NA,NA,NA,NA,NA,NA,NA,NA,NA,NA
528.035,2.0181,13.3166,1.1346,12.3779,NA,NA,NA,NA,NA,NA,NA,NA,NA,NA,NA,NA
528.140,2.0173,13.2749,1.1346,12.3779,NA,NA,NA,NA,NA,NA,NA,NA,NA,NA,NA,NA
528.231,2.0173,13.2749,1.1338,12.2961,NA,NA,NA,NA,NA,NA,NA,NA,NA,NA,NA,NA
528.376,2.0050,12.5811,1.1325,12.1740,NA,NA,NA,NA,NA,NA,NA,NA,NA,NA,NA,NA
528.430,2.0006,12.3374,1.1319,12.1148,NA,NA,NA,NA,NA,NA,NA,NA,NA,NA,NA,NA
528.525,1.9992,12.2587,1.1310,12.0199,NA,NA,NA,NA,NA,NA,NA,NA,NA,NA,NA,NA
528.614,2.0030,12.4679,1.1297,11.8916,NA,NA,NA,NA,NA,NA,NA,NA,NA,NA,NA,NA
528.721,2.0030,12.4679,1.1292,11.8428,NA,NA,NA,NA,NA,NA,NA,NA,NA,NA,NA,NA
528.820,2.0041,12.5338,1.1286,11.7789,NA,NA,NA,NA,NA,NA,NA,NA,NA,NA,NA,NA
528.921,2.0041,12.5338,1.1286,11.7785,NA,NA,NA,NA,NA,NA,NA,NA,NA,NA,NA,NA
529.016,2.0011,12.3622,1.1279,11.7111,NA,NA,NA,NA,NA,NA,NA,NA,NA,NA,NA,NA
529.112,1.9985,12.2178,1.1278,11.7032,NA,NA,NA,NA,NA,NA,NA,NA,NA,NA,NA,NA
529.216,1.9972,12.1418,1.1278,11.7026,NA,NA,NA,NA,NA,NA,NA,NA,NA,NA,NA,NA
529.307,1.9991,12.2527,1.1278,11.7026,NA,NA,NA,NA,NA,NA,NA,NA,NA,NA,NA,NA
529.409,1.9991,12.2527,1.1259,11.5182,NA,NA,NA,NA,NA,NA,NA,NA,NA,NA,NA,NA
529.508,2.0010,12.3599,1.1259,11.5124,NA,NA,NA,NA,NA,NA,NA,NA,NA,NA,NA,NA
529.646,2.0010,12.3599,1.1250,11.4310,NA,NA,NA,NA,NA,NA,NA,NA,NA,NA,NA,NA
529.694,1.9911,11.8014,1.1248,11.4074,NA,NA,NA,NA,NA,NA,NA,NA,NA,NA,NA,NA
529.796,1.9910,11.7949,1.1247,11.3930,NA,NA,NA,NA,NA,NA,NA,NA,NA,NA,NA,NA
529.891,1.9871,11.5739,1.1239,11.3152,NA,NA,NA,NA,NA,NA,NA,NA,NA,NA,NA,NA
529.992,1.9871,11.5739,1.1234,11.2669,NA,NA,NA,NA,NA,NA,NA,NA,NA,NA,NA,NA
530.091,1.9852,11.4699,1.1223,11.1581,NA,NA,NA,NA,NA,NA,NA,NA,NA,NA,NA,NA
530.191,1.9871,11.5767,1.1218,11.1090,NA,NA,NA,NA,NA,NA,NA,NA,NA,NA,NA,NA
530.284,1.9871,11.5767,1.1215,11.0830,NA,NA,NA,NA,NA,NA,NA,NA,NA,NA,NA,NA
530.383,1.9863,11.5307,1.1214,11.0738,NA,NA,NA,NA,NA,NA,NA,NA,NA,NA,NA,NA
530.478,1.9863,11.5307,1.1218,11.1107,NA,NA,NA,NA,NA,NA,NA,NA,NA,NA,NA,NA
530.579,1.9816,11.2697,1.1218,11.1107,NA,NA,NA,NA,NA,NA,NA,NA,NA,NA,NA,NA
530.680,1.9816,11.2697,1.1205,10.9783,NA,NA,NA,NA,NA,NA,NA,NA,NA,NA,NA,NA
530.846,1.9820,11.2912,1.1205,10.9762,NA,NA,NA,NA,NA,NA,NA,NA,NA,NA,NA,NA
530.876,1.9820,11.2912,1.1201,10.9432,NA,NA,NA,NA,NA,NA,NA,NA,NA,NA,NA,NA
530.969,1.9782,11.0752,1.1192,10.8507,NA,NA,NA,NA,NA,NA,NA,NA,NA,NA,NA,NA
531.073,1.9779,11.0618,1.1190,10.8354,NA,NA,NA,NA,NA,NA,NA,NA,NA,NA,NA,NA
531.164,1.9717,10.7130,1.1185,10.7836,NA,NA,NA,NA,NA,NA,NA,NA,NA,NA,NA,NA
531.267,1.9728,10.7715,1.1185,10.7836,NA,NA,NA,NA,NA,NA,NA,NA,NA,NA,NA,NA
531.376,1.9728,10.7715,1.1173,10.6657,NA,NA,NA,NA,NA,NA,NA,NA,NA,NA,NA,NA
531.459,1.9737,10.8271,1.1173,10.6657,NA,NA,NA,NA,NA,NA,NA,NA,NA,NA,NA,NA
531.568,1.9737,10.8271,1.1173,10.6680,NA,NA,NA,NA,NA,NA,NA,NA,NA,NA,NA,NA
531.663,1.9755,10.9254,1.1173,10.6680,NA,NA,NA,NA,NA,NA,NA,NA,NA,NA,NA,NA
531.757,1.9755,10.9254,1.1169,10.6248,NA,NA,NA,NA,NA,NA,NA,NA,NA,NA,NA,NA
531.849,1.9704,10.6405,1.1172,10.6579,NA,NA,NA,NA,NA,NA,NA,NA,NA,NA,NA,NA
531.946,1.9692,10.5717,1.1172,10.6579,NA,NA,NA,NA,NA,NA,NA,NA,NA,NA,NA,NA
532.048,1.9651,10.3439,1.1158,10.5127,NA,NA,NA,NA,NA,NA,NA,NA,NA,NA,NA,NA
532.147,1.9639,10.2750,1.1158,10.5127,NA,NA,NA,NA,NA,NA,NA,NA,NA,NA,NA,NA
532.247,1.9645,10.3079,1.1140,10.3336,NA,NA,NA,NA,NA,NA,NA,NA,NA,NA,NA,NA
532.345,1.9661,10.3985,1.1131,10.2432,NA,NA,NA,NA,NA,NA,NA,NA,NA,NA,NA,NA
532.438,1.9661,10.3985,1.1131,10.2471,NA,NA,NA,NA,NA,NA,NA,NA,NA,NA,NA,NA
532.547,1.9634,10.2457,1.1131,10.2471,NA,NA,NA,NA,NA,NA,NA,NA,NA,NA,NA,NA
532.647,1.9588,9.9897,1.1126,10.1950,NA,NA,NA,NA,NA,NA,NA,NA,NA,NA,NA,NA
532.744,1.9588,9.9897,1.1124,10.1779,NA,NA,NA,NA,NA,NA,NA,NA,NA,NA,NA,NA
532.830,1.9580,9.9439,1.1114,10.0793,NA,NA,NA,NA,NA,NA,NA,NA,NA,NA,NA,NA
532.927,1.9577,9.9260,1.1107,10.0068,NA,NA,NA,NA,NA,NA,NA,NA,NA,NA,NA,NA
533.025,1.9582,9.9516,1.1107,10.0068,NA,NA,NA,NA,NA,NA,NA,NA,NA,NA,NA,NA
533.122,1.9582,9.9516,1.1104,9.9849,NA,NA,NA,NA,NA,NA,NA,NA,NA,NA,NA,NA
533.240,1.9570,9.8876,1.1092,9.8644,NA,NA,NA,NA,NA,NA,NA,NA,NA,NA,NA,NA
533.321,1.9570,9.8876,1.1099,9.9354,NA,NA,NA,NA,NA,NA,NA,NA,NA,NA,NA,NA
533.421,1.9549,9.7665,1.1099,9.9354,NA,NA,NA,NA,NA,NA,NA,NA,NA,NA,NA,NA
533.518,1.9508,9.5403,1.1086,9.8063,NA,NA,NA,NA,NA,NA,NA,NA,NA,NA,NA,NA
533.612,1.9502,9.5062,1.1080,9.7469,NA,NA,NA,NA,NA,NA,NA,NA,NA,NA,NA,NA
533.714,1.9476,9.3605,1.1080,9.7469,NA,NA,NA,NA,NA,NA,NA,NA,NA,NA,NA,NA
533.838,1.9481,9.3869,1.1065,9.5922,NA,NA,NA,NA,NA,NA,NA,NA,NA,NA,NA,NA
533.912,1.9506,9.5283,1.1060,9.5475,NA,NA,NA,NA,NA,NA,NA,NA,NA,NA,NA,NA
534.014,1.9506,9.5283,1.1058,9.5241,NA,NA,NA,NA,NA,NA,NA,NA,NA,NA,NA,NA
534.108,1.9496,9.4717,1.1050,9.4420,NA,NA,NA,NA,NA,NA,NA,NA,NA,NA,NA,NA
534.212,1.9463,9.2857,1.1052,9.4650,NA,NA,NA,NA,NA,NA,NA,NA,NA,NA,NA,NA
534.304,1.9450,9.2126,1.1052,9.4650,NA,NA,NA,NA,NA,NA,NA,NA,NA,NA,NA,NA
534.393,1.9441,9.1644,1.1050,9.4409,NA,NA,NA,NA,NA,NA,NA,NA,NA,NA,NA,NA
534.496,1.9441,9.1644,1.1047,9.4115,NA,NA,NA,NA,NA,NA,NA,NA,NA,NA,NA,NA
534.599,1.9434,9.1234,1.1047,9.4115,NA,NA,NA,NA,NA,NA,NA,NA,NA,NA,NA,NA
534.698,1.9434,9.1234,1.1045,9.3981,NA,NA,NA,NA,NA,NA,NA,NA,NA,NA,NA,NA
534.797,1.9428,9.0881,1.1027,9.2199,NA,NA,NA,NA,NA,NA,NA,NA,NA,NA,NA,NA
534.896,1.9428,9.0881,1.1024,9.1900,NA,NA,NA,NA,NA,NA,NA,NA,NA,NA,NA,NA
535.002,1.9414,9.0085,1.1023,9.1763,NA,NA,NA,NA,NA,NA,NA,NA,NA,NA,NA,NA
535.080,1.9396,8.9110,1.1020,9.1529,NA,NA,NA,NA,NA,NA,NA,NA,NA,NA,NA,NA
535.176,1.9396,8.9110,1.1020,9.1529,NA,NA,NA,NA,NA,NA,NA,NA,NA,NA,NA,NA
535.281,1.9369,8.7580,1.1006,9.0133,NA,NA,NA,NA,NA,NA,NA,NA,NA,NA,NA,NA
535.377,1.9369,8.7580,1.0997,8.9223,NA,NA,NA,NA,NA,NA,NA,NA,NA,NA,NA,NA
535.478,1.9310,8.4253,1.1000,8.9492,NA,NA,NA,NA,NA,NA,NA,NA,NA,NA,NA,NA
535.570,1.9310,8.4253,1.1003,8.9753,NA,NA,NA,NA,NA,NA,NA,NA,NA,NA,NA,NA
535.677,1.9286,8.2928,1.1003,8.9753,NA,NA,NA,NA,NA,NA,NA,NA,NA,NA,NA,NA
535.769,1.9284,8.2797,1.1000,8.9479,NA,NA,NA,NA,NA,NA,NA,NA,NA,NA,NA,NA
535.866,1.9268,8.1897,1.0996,8.9113,NA,NA,NA,NA,NA,NA,NA,NA,NA,NA,NA,NA
535.964,1.9268,8.1897,1.0984,8.7943,NA,NA,NA,NA,NA,NA,NA,NA,NA,NA,NA,NA
536.060,1.9263,8.1633,1.0978,8.7355,NA,NA,NA,NA,NA,NA,NA,NA,NA,NA,NA,NA
536.158,1.9253,8.1075,1.0978,8.7278,NA,NA,NA,NA,NA,NA,NA,NA,NA,NA,NA,NA
536.259,1.9253,8.1061,1.0970,8.6538,NA,NA,NA,NA,NA,NA,NA,NA,NA,NA,NA,NA
536.352,1.9248,8.0799,1.0968,8.6321,NA,NA,NA,NA,NA,NA,NA,NA,NA,NA,NA,NA
536.451,1.9248,8.0799,1.0968,8.6321,NA,NA,NA,NA,NA,NA,NA,NA,NA,NA,NA,NA
536.549,1.9240,8.0345,1.0957,8.5236,NA,NA,NA,NA,NA,NA,NA,NA,NA,NA,NA,NA
536.650,1.9220,7.9209,1.0953,8.4836,NA,NA,NA,NA,NA,NA,NA,NA,NA,NA,NA,NA
536.795,1.9217,7.9039,1.0950,8.4591,NA,NA,NA,NA,NA,NA,NA,NA,NA,NA,NA,NA
536.838,1.9216,7.8978,1.0948,8.4370,NA,NA,NA,NA,NA,NA,NA,NA,NA,NA,NA,NA
536.944,1.9193,7.7698,1.0943,8.3815,NA,NA,NA,NA,NA,NA,NA,NA,NA,NA,NA,NA
537.038,1.9181,7.7004,1.0946,8.4191,NA,NA,NA,NA,NA,NA,NA,NA,NA,NA,NA,NA
537.138,1.9177,7.6813,1.0946,8.4191,NA,NA,NA,NA,NA,NA,NA,NA,NA,NA,NA,NA
537.236,1.9193,7.7671,1.0941,8.3689,NA,NA,NA,NA,NA,NA,NA,NA,NA,NA,NA,NA
537.372,1.9193,7.7671,1.0933,8.2843,NA,NA,NA,NA,NA,NA,NA,NA,NA,NA,NA,NA
537.443,1.9180,7.6985,1.0933,8.2843,NA,NA,NA,NA,NA,NA,NA,NA,NA,NA,NA,NA
537.529,1.9180,7.6985,1.0929,8.2463,NA,NA,NA,NA,NA,NA,NA,NA,NA,NA,NA,NA
537.627,1.9158,7.5703,1.0930,8.2609,NA,NA,NA,NA,NA,NA,NA,NA,NA,NA,NA,NA
537.725,1.9158,7.5703,1.0930,8.2609,NA,NA,NA,NA,NA,NA,NA,NA,NA,NA,NA,NA
537.829,1.9150,7.5276,1.0925,8.2027,NA,NA,NA,NA,NA,NA,NA,NA,NA,NA,NA,NA
537.924,1.9152,7.5415,1.0921,8.1710,NA,NA,NA,NA,NA,NA,NA,NA,NA,NA,NA,NA
538.024,1.9152,7.5415,1.0921,8.1710,NA,NA,NA,NA,NA,NA,NA,NA,NA,NA,NA,NA
538.123,1.9137,7.4580,1.0917,8.1241,NA,NA,NA,NA,NA,NA,NA,NA,NA,NA,NA,NA
538.219,1.9126,7.3942,1.0917,8.1241,NA,NA,NA,NA,NA,NA,NA,NA,NA,NA,NA,NA
538.326,1.9089,7.1884,1.0915,8.1122,NA,NA,NA,NA,NA,NA,NA,NA,NA,NA,NA,NA
538.414,1.9089,7.1884,1.0915,8.1122,NA,NA,NA,NA,NA,NA,NA,NA,NA,NA,NA,NA
538.521,1.9081,7.1394,1.0914,8.0989,NA,NA,NA,NA,NA,NA,NA,NA,NA,NA,NA,NA
538.634,1.9081,7.1394,1.0914,8.0989,NA,NA,NA,NA,NA,NA,NA,NA,NA,NA,NA,NA
538.705,1.9066,7.0545,1.0908,8.0429,NA,NA,NA,NA,NA,NA,NA,NA,NA,NA,NA,NA
538.799,1.9054,6.9889,1.0898,7.9427,NA,NA,NA,NA,NA,NA,NA,NA,NA,NA,NA,NA
538.900,1.9054,6.9889,1.0897,7.9299,NA,NA,NA,NA,NA,NA,NA,NA,NA,NA,NA,NA
539.001,1.9051,6.9695,1.0892,7.8840,NA,NA,NA,NA,NA,NA,NA,NA,NA,NA,NA,NA
539.097,1.9051,6.9695,1.0886,7.8241,NA,NA,NA,NA,NA,NA,NA,NA,NA,NA,NA,NA
539.226,1.9043,6.9257,1.0883,7.7933,NA,NA,NA,NA,NA,NA,NA,NA,NA,NA,NA,NA
539.300,1.9039,6.9059,1.0882,7.7831,NA,NA,NA,NA,NA,NA,NA,NA,NA,NA,NA,NA
539.390,1.9013,6.7603,1.0882,7.7831,NA,NA,NA,NA,NA,NA,NA,NA,NA,NA,NA,NA
539.490,1.9023,6.8134,1.0880,7.7607,NA,NA,NA,NA,NA,NA,NA,NA,NA,NA,NA,NA
539.589,1.9023,6.8134,1.0871,7.6690,NA,NA,NA,NA,NA,NA,NA,NA,NA,NA,NA,NA
539.682,1.9063,7.0372,1.0868,7.6476,NA,NA,NA,NA,NA,NA,NA,NA,NA,NA,NA,NA
539.780,1.9063,7.0372,1.0868,7.6415,NA,NA,NA,NA,NA,NA,NA,NA,NA,NA,NA,NA
539.882,1.9044,6.9335,1.0862,7.5860,NA,NA,NA,NA,NA,NA,NA,NA,NA,NA,NA,NA
539.979,1.9044,6.9335,1.0862,7.5805,NA,NA,NA,NA,NA,NA,NA,NA,NA,NA,NA,NA
540.083,1.9025,6.8274,1.0861,7.5700,NA,NA,NA,NA,NA,NA,NA,NA,NA,NA,NA,NA
540.176,1.8981,6.5781,1.0856,7.5262,NA,NA,NA,NA,NA,NA,NA,NA,NA,NA,NA,NA
540.269,1.8981,6.5781,1.0853,7.4901,NA,NA,NA,NA,NA,NA,NA,NA,NA,NA,NA,NA
540.394,1.8936,6.3254,1.0851,7.4784,NA,NA,NA,NA,NA,NA,NA,NA,NA,NA,NA,NA
540.465,1.8936,6.3254,1.0836,7.3302,NA,NA,NA,NA,NA,NA,NA,NA,NA,NA,NA,NA
540.570,1.8940,6.3485,1.0832,7.2817,NA,NA,NA,NA,NA,NA,NA,NA,NA,NA,NA,NA
540.664,1.8940,6.3485,1.0822,7.1920,NA,NA,NA,NA,NA,NA,NA,NA,NA,NA,NA,NA
540.761,1.8878,6.0022,1.0826,7.2311,NA,NA,NA,NA,NA,NA,NA,NA,NA,NA,NA,NA
540.858,1.8862,5.9131,1.0826,7.2311,NA,NA,NA,NA,NA,NA,NA,NA,NA,NA,NA,NA
541.001,1.8851,5.8498,1.0805,7.0168,NA,NA,NA,NA,NA,NA,NA,NA,NA,NA,NA,NA
541.068,1.8872,5.9653,1.0800,6.9649,NA,NA,NA,NA,NA,NA,NA,NA,NA,NA,NA,NA
541.154,1.8872,5.9653,1.0809,7.0571,NA,NA,NA,NA,NA,NA,NA,NA,NA,NA,NA,NA
541.250,1.8860,5.9019,1.0809,7.0571,NA,NA,NA,NA,NA,NA,NA,NA,NA,NA,NA,NA
541.354,1.8835,5.7591,1.0812,7.0925,NA,NA,NA,NA,NA,NA,NA,NA,NA,NA,NA,NA
541.449,1.8862,5.9097,1.0812,7.0925,NA,NA,NA,NA,NA,NA,NA,NA,NA,NA,NA,NA
541.583,1.8862,5.9097,1.0803,6.9948,NA,NA,NA,NA,NA,NA,NA,NA,NA,NA,NA,NA
541.642,1.8819,5.6714,1.0801,6.9823,NA,NA,NA,NA,NA,NA,NA,NA,NA,NA,NA,NA
541.744,1.8818,5.6651,1.0786,6.8303,NA,NA,NA,NA,NA,NA,NA,NA,NA,NA,NA,NA
541.837,1.8804,5.5882,1.0780,6.7708,NA,NA,NA,NA,NA,NA,NA,NA,NA,NA,NA,NA
541.928,1.8830,5.7311,1.0766,6.6350,NA,NA,NA,NA,NA,NA,NA,NA,NA,NA,NA,NA
542.031,1.9156,7.5613,1.0871,7.6687,NA,NA,NA,NA,NA,NA,NA,NA,NA,NA,NA,NA
542.169,1.9656,10.3712,1.1015,9.0955,NA,NA,NA,NA,NA,NA,NA,NA,NA,NA,NA,NA
542.235,2.0111,12.9252,1.1142,10.3584,NA,NA,NA,NA,NA,NA,NA,NA,NA,NA,NA,NA
542.344,2.0496,15.0887,1.1254,11.4699,NA,NA,NA,NA,NA,NA,NA,NA,NA,NA,NA,NA
542.431,2.0649,15.9463,1.1356,12.4811,NA,NA,NA,NA,NA,NA,NA,NA,NA,NA,NA,NA
542.524,2.1004,17.9371,1.1461,13.5144,NA,NA,NA,NA,NA,NA,NA,NA,NA,NA,NA,NA
542.621,2.1189,18.9764,1.1560,14.4976,NA,NA,NA,NA,NA,NA,NA,NA,NA,NA,NA,NA
542.727,2.1377,20.0333,1.1634,15.2339,NA,NA,NA,NA,NA,NA,NA,NA,NA,NA,NA,NA
542.819,2.1501,20.7309,1.1673,15.6184,NA,NA,NA,NA,NA,NA,NA,NA,NA,NA,NA,NA
542.927,2.1611,21.3452,1.1764,16.5143,NA,NA,NA,NA,NA,NA,NA,NA,NA,NA,NA,NA
543.009,2.1852,22.7006,1.1806,16.9376,NA,NA,NA,NA,NA,NA,NA,NA,NA,NA,NA,NA
543.109,2.1852,22.7006,1.1827,17.1387,NA,NA,NA,NA,NA,NA,NA,NA,NA,NA,NA,NA
543.207,2.1837,22.6160,1.1827,17.1387,NA,NA,NA,NA,NA,NA,NA,NA,NA,NA,NA,NA
543.305,2.1837,22.6160,1.1826,17.1294,NA,NA,NA,NA,NA,NA,NA,NA,NA,NA,NA,NA
543.456,2.1809,22.4589,1.1803,16.9001,NA,NA,NA,NA,NA,NA,NA,NA,NA,NA,NA,NA
543.499,2.1780,22.2984,1.1773,16.6087,NA,NA,NA,NA,NA,NA,NA,NA,NA,NA,NA,NA
543.621,2.1586,21.2055,1.1748,16.3556,NA,NA,NA,NA,NA,NA,NA,NA,NA,NA,NA,NA
543.707,2.1458,20.4867,1.1727,16.1493,NA,NA,NA,NA,NA,NA,NA,NA,NA,NA,NA,NA
543.794,2.1282,19.4993,1.1693,15.8183,NA,NA,NA,NA,NA,NA,NA,NA,NA,NA,NA,NA
543.893,2.1158,18.8012,1.1667,15.5538,NA,NA,NA,NA,NA,NA,NA,NA,NA,NA,NA,NA
544.019,2.1118,18.5778,1.1637,15.2568,NA,NA,NA,NA,NA,NA,NA,NA,NA,NA,NA,NA
544.092,2.0999,17.9092,1.1616,15.0498,NA,NA,NA,NA,NA,NA,NA,NA,NA,NA,NA,NA
544.184,2.0925,17.4954,1.1582,14.7176,NA,NA,NA,NA,NA,NA,NA,NA,NA,NA,NA,NA
544.284,2.0808,16.8375,1.1563,14.5262,NA,NA,NA,NA,NA,NA,NA,NA,NA,NA,NA,NA
544.384,2.0755,16.5383,1.1548,14.3761,NA,NA,NA,NA,NA,NA,NA,NA,NA,NA,NA,NA
544.480,2.0677,16.1027,1.1538,14.2780,NA,NA,NA,NA,NA,NA,NA,NA,NA,NA,NA,NA
544.617,2.0672,16.0735,1.1531,14.2098,NA,NA,NA,NA,NA,NA,NA,NA,NA,NA,NA,NA
544.680,2.0637,15.8803,1.1525,14.1455,NA,NA,NA,NA,NA,NA,NA,NA,NA,NA,NA,NA
544.773,2.0623,15.8019,1.1512,14.0254,NA,NA,NA,NA,NA,NA,NA,NA,NA,NA,NA,NA
544.894,2.0623,15.8019,1.1505,13.9534,NA,NA,NA,NA,NA,NA,NA,NA,NA,NA,NA,NA
544.972,2.0598,15.6608,1.1495,13.8552,NA,NA,NA,NA,NA,NA,NA,NA,NA,NA,NA,NA
545.070,2.0590,15.6162,1.1483,13.7340,NA,NA,NA,NA,NA,NA,NA,NA,NA,NA,NA,NA
545.164,2.0531,15.2800,1.1476,13.6667,NA,NA,NA,NA,NA,NA,NA,NA,NA,NA,NA,NA
545.269,2.0531,15.2799,1.1475,13.6507,NA,NA,NA,NA,NA,NA,NA,NA,NA,NA,NA,NA
545.365,2.0531,15.2799,1.1466,13.5671,NA,NA,NA,NA,NA,NA,NA,NA,NA,NA,NA,NA
545.463,2.0504,15.1315,1.1464,13.5426,NA,NA,NA,NA,NA,NA,NA,NA,NA,NA,NA,NA
545.556,2.0504,15.1315,1.1465,13.5582,NA,NA,NA,NA,NA,NA,NA,NA,NA,NA,NA,NA
545.661,2.0457,14.8673,1.1465,13.5582,NA,NA,NA,NA,NA,NA,NA,NA,NA,NA,NA,NA
545.752,2.0455,14.8557,1.1450,13.4116,NA,NA,NA,NA,NA,NA,NA,NA,NA,NA,NA,NA
545.862,2.0410,14.6019,1.1441,13.3183,NA,NA,NA,NA,NA,NA,NA,NA,NA,NA,NA,NA
545.957,2.0374,14.4022,1.1438,13.2883,NA,NA,NA,NA,NA,NA,NA,NA,NA,NA,NA,NA
546.052,2.0331,14.1623,1.1416,13.0710,NA,NA,NA,NA,NA,NA,NA,NA,NA,NA,NA,NA
546.184,2.0317,14.0786,1.1408,12.9915,NA,NA,NA,NA,NA,NA,NA,NA,NA,NA,NA,NA
546.242,2.0313,14.0608,1.1391,12.8195,NA,NA,NA,NA,NA,NA,NA,NA,NA,NA,NA,NA
546.381,2.0230,13.5917,1.1375,12.6678,NA,NA,NA,NA,NA,NA,NA,NA,NA,NA,NA,NA
546.434,2.0230,13.5917,1.1362,12.5309,NA,NA,NA,NA,NA,NA,NA,NA,NA,NA,NA,NA
546.537,2.0211,13.4836,1.1347,12.3858,NA,NA,NA,NA,NA,NA,NA,NA,NA,NA,NA,NA
546.632,2.0178,13.3013,1.1341,12.3321,NA,NA,NA,NA,NA,NA,NA,NA,NA,NA,NA,NA
546.732,2.0184,13.3314,1.1344,12.3589,NA,NA,NA,NA,NA,NA,NA,NA,NA,NA,NA,NA
546.827,2.0345,14.2374,1.1420,13.1056,NA,NA,NA,NA,NA,NA,NA,NA,NA,NA,NA,NA
546.936,2.0821,16.9126,1.1530,14.2043,NA,NA,NA,NA,NA,NA,NA,NA,NA,NA,NA,NA
547.031,2.0987,17.8406,1.1616,15.0480,NA,NA,NA,NA,NA,NA,NA,NA,NA,NA,NA,NA
547.123,2.1200,19.0390,1.1703,15.9163,NA,NA,NA,NA,NA,NA,NA,NA,NA,NA,NA,NA
547.221,2.1263,19.3945,1.1740,16.2778,NA,NA,NA,NA,NA,NA,NA,NA,NA,NA,NA,NA
547.317,2.1340,19.8276,1.1743,16.3109,NA,NA,NA,NA,NA,NA,NA,NA,NA,NA,NA,NA
547.420,2.1347,19.8673,1.1759,16.4722,NA,NA,NA,NA,NA,NA,NA,NA,NA,NA,NA,NA
547.521,2.1347,19.8673,1.1761,16.4855,NA,NA,NA,NA,NA,NA,NA,NA,NA,NA,NA,NA
547.659,2.1331,19.7754,1.1761,16.4855,NA,NA,NA,NA,NA,NA,NA,NA,NA,NA,NA,NA
547.713,2.1331,19.7754,1.1752,16.3991,NA,NA,NA,NA,NA,NA,NA,NA,NA,NA,NA,NA
547.813,2.1262,19.3860,1.1747,16.3505,NA,NA,NA,NA,NA,NA,NA,NA,NA,NA,NA,NA
547.906,2.1239,19.2560,1.1720,16.0838,NA,NA,NA,NA,NA,NA,NA,NA,NA,NA,NA,NA
548.006,2.1119,18.5857,1.1705,15.9375,NA,NA,NA,NA,NA,NA,NA,NA,NA,NA,NA,NA
548.099,2.1091,18.4247,1.1696,15.8433,NA,NA,NA,NA,NA,NA,NA,NA,NA,NA,NA,NA
548.198,2.1091,18.4247,1.1677,15.6601,NA,NA,NA,NA,NA,NA,NA,NA,NA,NA,NA,NA
548.306,2.1044,18.1625,1.1670,15.5856,NA,NA,NA,NA,NA,NA,NA,NA,NA,NA,NA,NA
548.396,2.1030,18.0828,1.1637,15.2554,NA,NA,NA,NA,NA,NA,NA,NA,NA,NA,NA,NA
548.497,2.0927,17.5036,1.1617,15.0596,NA,NA,NA,NA,NA,NA,NA,NA,NA,NA,NA,NA
548.601,2.0915,17.4374,1.1595,14.8466,NA,NA,NA,NA,NA,NA,NA,NA,NA,NA,NA,NA
548.690,2.0701,16.2360,1.1571,14.6089,NA,NA,NA,NA,NA,NA,NA,NA,NA,NA,NA,NA
548.804,2.0652,15.9628,1.1538,14.2761,NA,NA,NA,NA,NA,NA,NA,NA,NA,NA,NA,NA
548.881,2.0564,15.4674,1.1520,14.1042,NA,NA,NA,NA,NA,NA,NA,NA,NA,NA,NA,NA
548.985,2.0576,15.5357,1.1508,13.9802,NA,NA,NA,NA,NA,NA,NA,NA,NA,NA,NA,NA
549.087,2.0576,15.5357,1.1489,13.7954,NA,NA,NA,NA,NA,NA,NA,NA,NA,NA,NA,NA
549.183,2.0546,15.3671,1.1475,13.6505,NA,NA,NA,NA,NA,NA,NA,NA,NA,NA,NA,NA
549.278,2.0546,15.3671,1.1463,13.5357,NA,NA,NA,NA,NA,NA,NA,NA,NA,NA,NA,NA
549.415,2.0494,15.0738,1.1455,13.4616,NA,NA,NA,NA,NA,NA,NA,NA,NA,NA,NA,NA
549.487,2.0439,14.7683,1.1450,13.4051,NA,NA,NA,NA,NA,NA,NA,NA,NA,NA,NA,NA
549.568,2.0429,14.7095,1.1445,13.3548,NA,NA,NA,NA,NA,NA,NA,NA,NA,NA,NA,NA
549.680,2.0379,14.4304,1.1441,13.3212,NA,NA,NA,NA,NA,NA,NA,NA,NA,NA,NA,NA
549.770,2.0379,14.4304,1.1421,13.1158,NA,NA,NA,NA,NA,NA,NA,NA,NA,NA,NA,NA
549.864,2.0325,14.1276,1.1416,13.0705,NA,NA,NA,NA,NA,NA,NA,NA,NA,NA,NA,NA
549.973,2.0325,14.1276,1.1403,12.9427,NA,NA,NA,NA,NA,NA,NA,NA,NA,NA,NA,NA
550.088,2.0226,13.5673,1.1379,12.7026,NA,NA,NA,NA,NA,NA,NA,NA,NA,NA,NA,NA
550.156,2.0226,13.5673,1.1366,12.5773,NA,NA,NA,NA,NA,NA,NA,NA,NA,NA,NA,NA
550.256,2.0127,13.0130,1.1352,12.4354,NA,NA,NA,NA,NA,NA,NA,NA,NA,NA,NA,NA
550.357,2.0150,13.1437,1.1340,12.3148,NA,NA,NA,NA,NA,NA,NA,NA,NA,NA,NA,NA
550.450,2.0324,14.1201,1.1384,12.7584,NA,NA,NA,NA,NA,NA,NA,NA,NA,NA,NA,NA
550.555,2.0689,16.1699,1.1472,13.6204,NA,NA,NA,NA,NA,NA,NA,NA,NA,NA,NA,NA
550.656,2.0945,17.6058,1.1544,14.3361,NA,NA,NA,NA,NA,NA,NA,NA,NA,NA,NA,NA
550.748,2.1371,19.9986,1.1614,15.0354,NA,NA,NA,NA,NA,NA,NA,NA,NA,NA,NA,NA
550.843,2.1494,20.6879,1.1642,15.3083,NA,NA,NA,NA,NA,NA,NA,NA,NA,NA,NA,NA
550.941,2.1559,21.0564,1.1649,15.3776,NA,NA,NA,NA,NA,NA,NA,NA,NA,NA,NA,NA
551.042,2.1559,21.0564,1.1671,15.5925,NA,NA,NA,NA,NA,NA,NA,NA,NA,NA,NA,NA
551.136,2.1551,21.0102,1.1677,15.6516,NA,NA,NA,NA,NA,NA,NA,NA,NA,NA,NA,NA
551.257,2.1441,20.3935,1.1677,15.6516,NA,NA,NA,NA,NA,NA,NA,NA,NA,NA,NA,NA
551.334,2.1419,20.2704,1.1662,15.5032,NA,NA,NA,NA,NA,NA,NA,NA,NA,NA,NA,NA
551.432,2.1364,19.9605,1.1647,15.3578,NA,NA,NA,NA,NA,NA,NA,NA,NA,NA,NA,NA
551.527,2.1310,19.6577,1.1615,15.0369,NA,NA,NA,NA,NA,NA,NA,NA,NA,NA,NA,NA
551.632,2.1172,18.8819,1.1598,14.8729,NA,NA,NA,NA,NA,NA,NA,NA,NA,NA,NA,NA
551.780,2.1069,18.3029,1.1576,14.6524,NA,NA,NA,NA,NA,NA,NA,NA,NA,NA,NA,NA
551.828,2.0909,17.4078,1.1554,14.4377,NA,NA,NA,NA,NA,NA,NA,NA,NA,NA,NA,NA
551.924,2.0866,17.1649,1.1530,14.2034,NA,NA,NA,NA,NA,NA,NA,NA,NA,NA,NA,NA
552.022,2.0861,17.1374,1.1512,14.0177,NA,NA,NA,NA,NA,NA,NA,NA,NA,NA,NA,NA
552.118,2.0877,17.2234,1.1503,13.9361,NA,NA,NA,NA,NA,NA,NA,NA,NA,NA,NA,NA
552.224,2.0877,17.2234,1.1499,13.8900,NA,NA,NA,NA,NA,NA,NA,NA,NA,NA,NA,NA
552.331,2.0882,17.2551,1.1465,13.5574,NA,NA,NA,NA,NA,NA,NA,NA,NA,NA,NA,NA
552.415,2.0882,17.2551,1.1456,13.4671,NA,NA,NA,NA,NA,NA,NA,NA,NA,NA,NA,NA
552.507,2.0709,16.2820,1.1454,13.4484,NA,NA,NA,NA,NA,NA,NA,NA,NA,NA,NA,NA
552.622,2.0673,16.0816,1.1449,13.3966,NA,NA,NA,NA,NA,NA,NA,NA,NA,NA,NA,NA
552.702,2.0673,16.0816,1.1446,13.3703,NA,NA,NA,NA,NA,NA,NA,NA,NA,NA,NA,NA
552.803,2.0629,15.8348,1.1446,13.3688,NA,NA,NA,NA,NA,NA,NA,NA,NA,NA,NA,NA
552.900,2.0629,15.8348,1.1434,13.2531,NA,NA,NA,NA,NA,NA,NA,NA,NA,NA,NA,NA
553.050,2.0669,16.0549,1.1410,13.0109,NA,NA,NA,NA,NA,NA,NA,NA,NA,NA,NA,NA
553.097,2.0669,16.0549,1.1410,13.0109,NA,NA,NA,NA,NA,NA,NA,NA,NA,NA,NA,NA
553.199,2.0641,15.8974,1.1407,12.9769,NA,NA,NA,NA,NA,NA,NA,NA,NA,NA,NA,NA
553.299,2.0605,15.6960,1.1407,12.9769,NA,NA,NA,NA,NA,NA,NA,NA,NA,NA,NA,NA
553.396,2.0581,15.5651,1.1397,12.8808,NA,NA,NA,NA,NA,NA,NA,NA,NA,NA,NA,NA
553.489,2.0540,15.3335,1.1390,12.8086,NA,NA,NA,NA,NA,NA,NA,NA,NA,NA,NA,NA
553.585,2.0540,15.3335,1.1392,12.8319,NA,NA,NA,NA,NA,NA,NA,NA,NA,NA,NA,NA
553.684,2.0494,15.0761,1.1392,12.8319,NA,NA,NA,NA,NA,NA,NA,NA,NA,NA,NA,NA
553.780,2.0483,15.0111,1.1384,12.7575,NA,NA,NA,NA,NA,NA,NA,NA,NA,NA,NA,NA
553.877,2.0491,15.0564,1.1383,12.7471,NA,NA,NA,NA,NA,NA,NA,NA,NA,NA,NA,NA
553.977,2.0491,15.0564,1.1383,12.7471,NA,NA,NA,NA,NA,NA,NA,NA,NA,NA,NA,NA
554.067,2.0442,14.7823,1.1369,12.6080,NA,NA,NA,NA,NA,NA,NA,NA,NA,NA,NA,NA
554.219,2.0360,14.3224,1.1361,12.5271,NA,NA,NA,NA,NA,NA,NA,NA,NA,NA,NA,NA
554.268,2.0356,14.3015,1.1358,12.4949,NA,NA,NA,NA,NA,NA,NA,NA,NA,NA,NA,NA
554.373,2.0371,14.3858,1.1354,12.4598,NA,NA,NA,NA,NA,NA,NA,NA,NA,NA,NA,NA
554.481,2.0371,14.3858,1.1334,12.2613,NA,NA,NA,NA,NA,NA,NA,NA,NA,NA,NA,NA
554.563,2.0293,13.9444,1.1325,12.1676,NA,NA,NA,NA,NA,NA,NA,NA,NA,NA,NA,NA
554.664,2.0271,13.8248,1.1319,12.1098,NA,NA,NA,NA,NA,NA,NA,NA,NA,NA,NA,NA
554.760,2.0242,13.6605,1.1310,12.0250,NA,NA,NA,NA,NA,NA,NA,NA,NA,NA,NA,NA
554.862,2.0242,13.6605,1.1313,12.0492,NA,NA,NA,NA,NA,NA,NA,NA,NA,NA,NA,NA
554.958,2.0217,13.5198,1.1313,12.0492,NA,NA,NA,NA,NA,NA,NA,NA,NA,NA,NA,NA
555.055,2.0216,13.5119,1.1301,11.9352,NA,NA,NA,NA,NA,NA,NA,NA,NA,NA,NA,NA
555.162,2.0218,13.5250,1.1297,11.8929,NA,NA,NA,NA,NA,NA,NA,NA,NA,NA,NA,NA
555.252,2.0218,13.5250,1.1293,11.8510,NA,NA,NA,NA,NA,NA,NA,NA,NA,NA,NA,NA
555.390,2.0185,13.3418,1.1277,11.6977,NA,NA,NA,NA,NA,NA,NA,NA,NA,NA,NA,NA
555.451,2.0140,13.0859,1.1268,11.6066,NA,NA,NA,NA,NA,NA,NA,NA,NA,NA,NA,NA
555.541,2.0140,13.0859,1.1267,11.5970,NA,NA,NA,NA,NA,NA,NA,NA,NA,NA,NA,NA
555.642,2.0106,12.8956,1.1264,11.5678,NA,NA,NA,NA,NA,NA,NA,NA,NA,NA,NA,NA
555.734,2.0106,12.8956,1.1248,11.4107,NA,NA,NA,NA,NA,NA,NA,NA,NA,NA,NA,NA
555.836,2.0081,12.7564,1.1245,11.3795,NA,NA,NA,NA,NA,NA,NA,NA,NA,NA,NA,NA
555.935,2.0081,12.7564,1.1232,11.2437,NA,NA,NA,NA,NA,NA,NA,NA,NA,NA,NA,NA
556.040,2.0045,12.5559,1.1227,11.1937,NA,NA,NA,NA,NA,NA,NA,NA,NA,NA,NA,NA
556.129,2.0017,12.3961,1.1225,11.1833,NA,NA,NA,NA,NA,NA,NA,NA,NA,NA,NA,NA
556.226,2.0006,12.3373,1.1219,11.1214,NA,NA,NA,NA,NA,NA,NA,NA,NA,NA,NA,NA
556.320,2.0008,12.3474,1.1219,11.1214,NA,NA,NA,NA,NA,NA,NA,NA,NA,NA,NA,NA
556.426,2.0008,12.3474,1.1215,11.0760,NA,NA,NA,NA,NA,NA,NA,NA,NA,NA,NA,NA
556.577,2.0016,12.3935,1.1212,11.0479,NA,NA,NA,NA,NA,NA,NA,NA,NA,NA,NA,NA
556.616,2.0016,12.3935,1.1208,11.0064,NA,NA,NA,NA,NA,NA,NA,NA,NA,NA,NA,NA
556.722,1.9989,12.2388,1.1199,10.9221,NA,NA,NA,NA,NA,NA,NA,NA,NA,NA,NA,NA
556.823,1.9989,12.2388,1.1199,10.9179,NA,NA,NA,NA,NA,NA,NA,NA,NA,NA,NA,NA
556.910,1.9915,11.8260,1.1191,10.8404,NA,NA,NA,NA,NA,NA,NA,NA,NA,NA,NA,NA
557.013,1.9937,11.9482,1.1184,10.7754,NA,NA,NA,NA,NA,NA,NA,NA,NA,NA,NA,NA
557.121,1.9937,11.9482,1.1184,10.7752,NA,NA,NA,NA,NA,NA,NA,NA,NA,NA,NA,NA
557.207,1.9926,11.8855,1.1176,10.6931,NA,NA,NA,NA,NA,NA,NA,NA,NA,NA,NA,NA
557.302,1.9905,11.7697,1.1163,10.5617,NA,NA,NA,NA,NA,NA,NA,NA,NA,NA,NA,NA
557.401,1.9875,11.5998,1.1160,10.5317,NA,NA,NA,NA,NA,NA,NA,NA,NA,NA,NA,NA
557.503,1.9875,11.5998,1.1151,10.4426,NA,NA,NA,NA,NA,NA,NA,NA,NA,NA,NA,NA
557.612,1.9863,11.5292,1.1140,10.3329,NA,NA,NA,NA,NA,NA,NA,NA,NA,NA,NA,NA
557.701,1.9844,11.4241,1.1135,10.2890,NA,NA,NA,NA,NA,NA,NA,NA,NA,NA,NA,NA
557.835,1.9818,11.2800,1.1134,10.2815,NA,NA,NA,NA,NA,NA,NA,NA,NA,NA,NA,NA
557.951,1.9804,11.2024,1.1134,10.2815,NA,NA,NA,NA,NA,NA,NA,NA,NA,NA,NA,NA
557.990,1.9804,11.2024,1.1126,10.1952,NA,NA,NA,NA,NA,NA,NA,NA,NA,NA,NA,NA
558.090,1.9825,11.3203,1.1123,10.1706,NA,NA,NA,NA,NA,NA,NA,NA,NA,NA,NA,NA
558.184,1.9825,11.3203,1.1123,10.1706,NA,NA,NA,NA,NA,NA,NA,NA,NA,NA,NA,NA
558.287,1.9725,10.7553,1.1127,10.2092,NA,NA,NA,NA,NA,NA,NA,NA,NA,NA,NA,NA
558.385,1.9725,10.7553,1.1127,10.2092,NA,NA,NA,NA,NA,NA,NA,NA,NA,NA,NA,NA
558.476,1.9696,10.5954,1.1122,10.1572,NA,NA,NA,NA,NA,NA,NA,NA,NA,NA,NA,NA
558.582,1.9699,10.6109,1.1118,10.1152,NA,NA,NA,NA,NA,NA,NA,NA,NA,NA,NA,NA
558.675,1.9699,10.6109,1.1114,10.0774,NA,NA,NA,NA,NA,NA,NA,NA,NA,NA,NA,NA
558.774,1.9661,10.3973,1.1111,10.0496,NA,NA,NA,NA,NA,NA,NA,NA,NA,NA,NA,NA
558.876,1.9661,10.3973,1.1096,9.9020,NA,NA,NA,NA,NA,NA,NA,NA,NA,NA,NA,NA
559.078,1.9628,10.2143,1.1096,9.8992,NA,NA,NA,NA,NA,NA,NA,NA,NA,NA,NA,NA
559.066,1.9633,10.2428,1.1095,9.8883,NA,NA,NA,NA,NA,NA,NA,NA,NA,NA,NA,NA
559.164,1.9657,10.3749,1.1091,9.8470,NA,NA,NA,NA,NA,NA,NA,NA,NA,NA,NA,NA
559.278,1.9657,10.3749,1.1078,9.7187,NA,NA,NA,NA,NA,NA,NA,NA,NA,NA,NA,NA
559.369,1.9651,10.3394,1.1072,9.6615,NA,NA,NA,NA,NA,NA,NA,NA,NA,NA,NA,NA
559.471,1.9656,10.3714,1.1049,9.4393,NA,NA,NA,NA,NA,NA,NA,NA,NA,NA,NA,NA
559.579,1.9656,10.3714,1.1049,9.4368,NA,NA,NA,NA,NA,NA,NA,NA,NA,NA,NA,NA
559.667,1.9650,10.3352,1.1037,9.3180,NA,NA,NA,NA,NA,NA,NA,NA,NA,NA,NA,NA
559.759,1.9650,10.3352,1.1037,9.3180,NA,NA,NA,NA,NA,NA,NA,NA,NA,NA,NA,NA
559.855,1.9581,9.9495,1.1029,9.2344,NA,NA,NA,NA,NA,NA,NA,NA,NA,NA,NA,NA
559.971,1.9561,9.8388,1.1025,9.2003,NA,NA,NA,NA,NA,NA,NA,NA,NA,NA,NA,NA
560.063,1.9549,9.7676,1.1026,9.2109,NA,NA,NA,NA,NA,NA,NA,NA,NA,NA,NA,NA
560.200,1.9539,9.7149,1.1026,9.2109,NA,NA,NA,NA,NA,NA,NA,NA,NA,NA,NA,NA
560.256,1.9532,9.6723,1.1025,9.2009,NA,NA,NA,NA,NA,NA,NA,NA,NA,NA,NA,NA
560.350,1.9526,9.6406,1.1026,9.2120,NA,NA,NA,NA,NA,NA,NA,NA,NA,NA,NA,NA
560.445,1.9526,9.6406,1.1026,9.2120,NA,NA,NA,NA,NA,NA,NA,NA,NA,NA,NA,NA
560.546,1.9505,9.5227,1.1024,9.1833,NA,NA,NA,NA,NA,NA,NA,NA,NA,NA,NA,NA
560.642,1.9482,9.3926,1.1016,9.1112,NA,NA,NA,NA,NA,NA,NA,NA,NA,NA,NA,NA
560.779,1.9482,9.3926,1.1014,9.0877,NA,NA,NA,NA,NA,NA,NA,NA,NA,NA,NA,NA
560.832,1.9474,9.3469,1.1014,9.0877,NA,NA,NA,NA,NA,NA,NA,NA,NA,NA,NA,NA
560.935,1.9467,9.3085,1.0997,8.9204,NA,NA,NA,NA,NA,NA,NA,NA,NA,NA,NA,NA
561.035,1.9471,9.3319,1.0997,8.9204,NA,NA,NA,NA,NA,NA,NA,NA,NA,NA,NA,NA
561.134,1.9471,9.3319,1.0993,8.8848,NA,NA,NA,NA,NA,NA,NA,NA,NA,NA,NA,NA
561.239,1.9470,9.3228,1.0993,8.8794,NA,NA,NA,NA,NA,NA,NA,NA,NA,NA,NA,NA
561.332,1.9463,9.2846,1.0990,8.8513,NA,NA,NA,NA,NA,NA,NA,NA,NA,NA,NA,NA
561.441,1.9450,9.2102,1.0978,8.7335,NA,NA,NA,NA,NA,NA,NA,NA,NA,NA,NA,NA
561.542,1.9428,9.0876,1.0967,8.6189,NA,NA,NA,NA,NA,NA,NA,NA,NA,NA,NA,NA
561.624,1.9423,9.0610,1.0963,8.5792,NA,NA,NA,NA,NA,NA,NA,NA,NA,NA,NA,NA
561.718,1.9437,9.1423,1.0963,8.5823,NA,NA,NA,NA,NA,NA,NA,NA,NA,NA,NA,NA
561.818,1.9437,9.1423,1.0963,8.5823,NA,NA,NA,NA,NA,NA,NA,NA,NA,NA,NA,NA
561.920,1.9409,8.9798,1.0949,8.4441,NA,NA,NA,NA,NA,NA,NA,NA,NA,NA,NA,NA
562.056,1.9409,8.9798,1.0947,8.4226,NA,NA,NA,NA,NA,NA,NA,NA,NA,NA,NA,NA
562.113,1.9393,8.8942,1.0946,8.4157,NA,NA,NA,NA,NA,NA,NA,NA,NA,NA,NA,NA
562.210,1.9335,8.5692,1.0940,8.3592,NA,NA,NA,NA,NA,NA,NA,NA,NA,NA,NA,NA
562.305,1.9247,8.0726,1.0937,8.3281,NA,NA,NA,NA,NA,NA,NA,NA,NA,NA,NA,NA
562.404,1.9288,8.3029,1.0936,8.3195,NA,NA,NA,NA,NA,NA,NA,NA,NA,NA,NA,NA
562.513,1.9288,8.3029,1.0926,8.2196,NA,NA,NA,NA,NA,NA,NA,NA,NA,NA,NA,NA
562.596,1.9297,8.3538,1.0928,8.2409,NA,NA,NA,NA,NA,NA,NA,NA,NA,NA,NA,NA
562.698,1.9312,8.4357,1.0928,8.2409,NA,NA,NA,NA,NA,NA,NA,NA,NA,NA,NA,NA
562.824,1.9312,8.4357,1.0922,8.1748,NA,NA,NA,NA,NA,NA,NA,NA,NA,NA,NA,NA
562.898,1.9267,8.1860,1.0919,8.1478,NA,NA,NA,NA,NA,NA,NA,NA,NA,NA,NA,NA
562.994,1.9231,7.9825,1.0913,8.0907,NA,NA,NA,NA,NA,NA,NA,NA,NA,NA,NA,NA
563.088,1.9246,8.0648,1.0908,8.0394,NA,NA,NA,NA,NA,NA,NA,NA,NA,NA,NA,NA
563.201,1.9246,8.0648,1.0909,8.0533,NA,NA,NA,NA,NA,NA,NA,NA,NA,NA,NA,NA
563.287,1.9246,8.0676,1.0909,8.0533,NA,NA,NA,NA,NA,NA,NA,NA,NA,NA,NA,NA
563.383,1.9246,8.0676,1.0910,8.0545,NA,NA,NA,NA,NA,NA,NA,NA,NA,NA,NA,NA
563.488,1.9261,8.1488,1.0910,8.0545,NA,NA,NA,NA,NA,NA,NA,NA,NA,NA,NA,NA
563.584,1.9261,8.1488,1.0902,7.9807,NA,NA,NA,NA,NA,NA,NA,NA,NA,NA,NA,NA
563.683,1.9228,7.9689,1.0903,7.9896,NA,NA,NA,NA,NA,NA,NA,NA,NA,NA,NA,NA
563.776,1.9213,7.8816,1.0903,7.9896,NA,NA,NA,NA,NA,NA,NA,NA,NA,NA,NA,NA
563.879,1.9208,7.8526,1.0902,7.9777,NA,NA,NA,NA,NA,NA,NA,NA,NA,NA,NA,NA
563.980,1.9229,7.9733,1.0902,7.9777,NA,NA,NA,NA,NA,NA,NA,NA,NA,NA,NA,NA
564.097,1.9229,7.9733,1.0886,7.8194,NA,NA,NA,NA,NA,NA,NA,NA,NA,NA,NA,NA
564.175,1.9196,7.7893,1.0886,7.8194,NA,NA,NA,NA,NA,NA,NA,NA,NA,NA,NA,NA
564.264,1.9196,7.7893,1.0878,7.7393,NA,NA,NA,NA,NA,NA,NA,NA,NA,NA,NA,NA
564.401,1.9145,7.5025,1.0875,7.7165,NA,NA,NA,NA,NA,NA,NA,NA,NA,NA,NA,NA
564.468,1.9145,7.5025,1.0875,7.7165,NA,NA,NA,NA,NA,NA,NA,NA,NA,NA,NA,NA
564.554,1.9110,7.3033,1.0871,7.6772,NA,NA,NA,NA,NA,NA,NA,NA,NA,NA,NA,NA
564.662,1.9109,7.2972,1.0866,7.6188,NA,NA,NA,NA,NA,NA,NA,NA,NA,NA,NA,NA
564.759,1.9098,7.2383,1.0856,7.5285,NA,NA,NA,NA,NA,NA,NA,NA,NA,NA,NA,NA
564.855,1.9126,7.3948,1.0863,7.5927,NA,NA,NA,NA,NA,NA,NA,NA,NA,NA,NA,NA
564.948,1.9126,7.3948,1.0863,7.5927,NA,NA,NA,NA,NA,NA,NA,NA,NA,NA,NA,NA
565.061,1.9105,7.2762,1.0858,7.5407,NA,NA,NA,NA,NA,NA,NA,NA,NA,NA,NA,NA
565.154,1.9105,7.2762,1.0843,7.3955,NA,NA,NA,NA,NA,NA,NA,NA,NA,NA,NA,NA
565.242,1.9083,7.1540,1.0838,7.3465,NA,NA,NA,NA,NA,NA,NA,NA,NA,NA,NA,NA
565.370,1.9083,7.1540,1.0835,7.3127,NA,NA,NA,NA,NA,NA,NA,NA,NA,NA,NA,NA
565.441,1.9069,7.0718,1.0825,7.2204,NA,NA,NA,NA,NA,NA,NA,NA,NA,NA,NA,NA
565.570,1.9044,6.9317,1.0825,7.2204,NA,NA,NA,NA,NA,NA,NA,NA,NA,NA,NA,NA
565.634,1.9044,6.9317,1.0813,7.0949,NA,NA,NA,NA,NA,NA,NA,NA,NA,NA,NA,NA
565.742,1.9047,6.9487,1.0816,7.1241,NA,NA,NA,NA,NA,NA,NA,NA,NA,NA,NA,NA
565.831,1.9047,6.9487,1.0816,7.1241,NA,NA,NA,NA,NA,NA,NA,NA,NA,NA,NA,NA
565.928,1.9026,6.8335,1.0803,7.0004,NA,NA,NA,NA,NA,NA,NA,NA,NA,NA,NA,NA
566.030,1.8987,6.6126,1.0803,7.0004,NA,NA,NA,NA,NA,NA,NA,NA,NA,NA,NA,NA
566.187,1.8989,6.6235,1.0802,6.9935,NA,NA,NA,NA,NA,NA,NA,NA,NA,NA,NA,NA
566.227,1.9002,6.6952,1.0800,6.9687,NA,NA,NA,NA,NA,NA,NA,NA,NA,NA,NA,NA
566.321,1.9002,6.6952,1.0799,6.9569,NA,NA,NA,NA,NA,NA,NA,NA,NA,NA,NA,NA
566.428,1.9001,6.6901,1.0798,6.9529,NA,NA,NA,NA,NA,NA,NA,NA,NA,NA,NA,NA
566.522,1.9001,6.6901,1.0797,6.9386,NA,NA,NA,NA,NA,NA,NA,NA,NA,NA,NA,NA
566.623,1.8961,6.4682,1.0788,6.8505,NA,NA,NA,NA,NA,NA,NA,NA,NA,NA,NA,NA
566.712,1.8941,6.3535,1.0786,6.8293,NA,NA,NA,NA,NA,NA,NA,NA,NA,NA,NA,NA
566.865,1.8936,6.3256,1.0781,6.7785,NA,NA,NA,NA,NA,NA,NA,NA,NA,NA,NA,NA
566.903,1.8953,6.4199,1.0779,6.7652,NA,NA,NA,NA,NA,NA,NA,NA,NA,NA,NA,NA
566.997,1.8953,6.4199,1.0779,6.7652,NA,NA,NA,NA,NA,NA,NA,NA,NA,NA,NA,NA
567.114,1.8948,6.3955,1.0775,6.7237,NA,NA,NA,NA,NA,NA,NA,NA,NA,NA,NA,NA
567.209,1.8948,6.3955,1.0771,6.6844,NA,NA,NA,NA,NA,NA,NA,NA,NA,NA,NA,NA
567.301,1.8925,6.2650,1.0769,6.6642,NA,NA,NA,NA,NA,NA,NA,NA,NA,NA,NA,NA
567.424,1.8925,6.2650,1.0771,6.6778,NA,NA,NA,NA,NA,NA,NA,NA,NA,NA,NA,NA
567.500,1.8887,6.0492,1.0771,6.6778,NA,NA,NA,NA,NA,NA,NA,NA,NA,NA,NA,NA
567.599,1.8887,6.0492,1.0769,6.6651,NA,NA,NA,NA,NA,NA,NA,NA,NA,NA,NA,NA
567.699,1.8856,5.8781,1.0752,6.4917,NA,NA,NA,NA,NA,NA,NA,NA,NA,NA,NA,NA
567.788,1.8895,6.0951,1.0751,6.4868,NA,NA,NA,NA,NA,NA,NA,NA,NA,NA,NA,NA
567.889,1.8895,6.0951,1.0741,6.3822,NA,NA,NA,NA,NA,NA,NA,NA,NA,NA,NA,NA
568.010,1.8899,6.1208,1.0740,6.3713,NA,NA,NA,NA,NA,NA,NA,NA,NA,NA,NA,NA
568.092,1.8899,6.1208,1.0741,6.3876,NA,NA,NA,NA,NA,NA,NA,NA,NA,NA,NA,NA
568.180,1.8864,5.9244,1.0747,6.4404,NA,NA,NA,NA,NA,NA,NA,NA,NA,NA,NA,NA
568.281,1.8864,5.9244,1.0747,6.4404,NA,NA,NA,NA,NA,NA,NA,NA,NA,NA,NA,NA
568.382,1.8833,5.7487,1.0739,6.3690,NA,NA,NA,NA,NA,NA,NA,NA,NA,NA,NA,NA
568.474,1.8833,5.7487,1.0739,6.3690,NA,NA,NA,NA,NA,NA,NA,NA,NA,NA,NA,NA
568.598,1.8830,5.7334,1.0736,6.3387,NA,NA,NA,NA,NA,NA,NA,NA,NA,NA,NA,NA
568.672,1.8836,5.7630,1.0734,6.3120,NA,NA,NA,NA,NA,NA,NA,NA,NA,NA,NA,NA
568.766,1.8836,5.7630,1.0729,6.2617,NA,NA,NA,NA,NA,NA,NA,NA,NA,NA,NA,NA
568.880,1.8818,5.6660,1.0719,6.1663,NA,NA,NA,NA,NA,NA,NA,NA,NA,NA,NA,NA
568.966,1.8818,5.6660,1.0719,6.1663,NA,NA,NA,NA,NA,NA,NA,NA,NA,NA,NA,NA
569.070,1.8785,5.4803,1.0709,6.0726,NA,NA,NA,NA,NA,NA,NA,NA,NA,NA,NA,NA
569.185,1.8797,5.5472,1.0704,6.0195,NA,NA,NA,NA,NA,NA,NA,NA,NA,NA,NA,NA
569.259,1.8797,5.5472,1.0698,5.9548,NA,NA,NA,NA,NA,NA,NA,NA,NA,NA,NA,NA
569.366,1.8782,5.4643,1.0698,5.9548,NA,NA,NA,NA,NA,NA,NA,NA,NA,NA,NA,NA
569.461,1.8782,5.4643,1.0689,5.8745,NA,NA,NA,NA,NA,NA,NA,NA,NA,NA,NA,NA
569.553,1.8792,5.5161,1.0687,5.8499,NA,NA,NA,NA,NA,NA,NA,NA,NA,NA,NA,NA
569.651,1.8792,5.5161,1.0682,5.8042,NA,NA,NA,NA,NA,NA,NA,NA,NA,NA,NA,NA
569.745,1.8756,5.3164,1.0684,5.8229,NA,NA,NA,NA,NA,NA,NA,NA,NA,NA,NA,NA
569.851,1.8754,5.3042,1.0684,5.8229,NA,NA,NA,NA,NA,NA,NA,NA,NA,NA,NA,NA
569.944,1.8726,5.1447,1.0688,5.8565,NA,NA,NA,NA,NA,NA,NA,NA,NA,NA,NA,NA
570.042,1.8722,5.1248,1.0688,5.8565,NA,NA,NA,NA,NA,NA,NA,NA,NA,NA,NA,NA
570.149,1.8722,5.1248,1.0684,5.8182,NA,NA,NA,NA,NA,NA,NA,NA,NA,NA,NA,NA
570.241,1.8742,5.2370,1.0679,5.7756,NA,NA,NA,NA,NA,NA,NA,NA,NA,NA,NA,NA
570.338,1.8742,5.2370,1.0677,5.7493,NA,NA,NA,NA,NA,NA,NA,NA,NA,NA,NA,NA
570.436,1.8639,4.6589,1.0676,5.7415,NA,NA,NA,NA,NA,NA,NA,NA,NA,NA,NA,NA
570.541,1.8639,4.6589,1.0675,5.7289,NA,NA,NA,NA,NA,NA,NA,NA,NA,NA,NA,NA
570.632,1.8643,4.6803,1.0675,5.7289,NA,NA,NA,NA,NA,NA,NA,NA,NA,NA,NA,NA
570.728,1.8683,4.9070,1.0674,5.7231,NA,NA,NA,NA,NA,NA,NA,NA,NA,NA,NA,NA
570.828,1.8683,4.9070,1.0669,5.6739,NA,NA,NA,NA,NA,NA,NA,NA,NA,NA,NA,NA
570.922,1.8674,4.8548,1.0668,5.6655,NA,NA,NA,NA,NA,NA,NA,NA,NA,NA,NA,NA
571.038,1.8674,4.8548,1.0661,5.5888,NA,NA,NA,NA,NA,NA,NA,NA,NA,NA,NA,NA
571.116,1.8634,4.6296,1.0655,5.5283,NA,NA,NA,NA,NA,NA,NA,NA,NA,NA,NA,NA
571.222,1.8634,4.6296,1.0651,5.4911,NA,NA,NA,NA,NA,NA,NA,NA,NA,NA,NA,NA
571.314,1.8631,4.6132,1.0646,5.4438,NA,NA,NA,NA,NA,NA,NA,NA,NA,NA,NA,NA
571.423,1.8631,4.6132,1.0646,5.4431,NA,NA,NA,NA,NA,NA,NA,NA,NA,NA,NA,NA
571.517,1.8622,4.5649,1.0646,5.4431,NA,NA,NA,NA,NA,NA,NA,NA,NA,NA,NA,NA
571.622,1.8598,4.4262,1.0644,5.4284,NA,NA,NA,NA,NA,NA,NA,NA,NA,NA,NA,NA
571.714,1.8598,4.4262,1.0644,5.4284,NA,NA,NA,NA,NA,NA,NA,NA,NA,NA,NA,NA
571.806,1.8583,4.3461,1.0644,5.4197,NA,NA,NA,NA,NA,NA,NA,NA,NA,NA,NA,NA
571.906,1.8581,4.3315,1.0629,5.2716,NA,NA,NA,NA,NA,NA,NA,NA,NA,NA,NA,NA
572.004,1.8568,4.2600,1.0624,5.2284,NA,NA,NA,NA,NA,NA,NA,NA,NA,NA,NA,NA
572.160,1.8545,4.1292,1.0623,5.2163,NA,NA,NA,NA,NA,NA,NA,NA,NA,NA,NA,NA
572.197,1.8545,4.1292,1.0622,5.2023,NA,NA,NA,NA,NA,NA,NA,NA,NA,NA,NA,NA
572.295,1.8559,4.2113,1.0618,5.1695,NA,NA,NA,NA,NA,NA,NA,NA,NA,NA,NA,NA
572.394,1.8562,4.2247,1.0618,5.1646,NA,NA,NA,NA,NA,NA,NA,NA,NA,NA,NA,NA
572.497,1.8563,4.2307,1.0611,5.1011,NA,NA,NA,NA,NA,NA,NA,NA,NA,NA,NA,NA
572.585,1.8563,4.2307,1.0604,5.0234,NA,NA,NA,NA,NA,NA,NA,NA,NA,NA,NA,NA
572.683,1.8552,4.1697,1.0604,5.0234,NA,NA,NA,NA,NA,NA,NA,NA,NA,NA,NA,NA
572.782,1.8552,4.1697,1.0602,5.0124,NA,NA,NA,NA,NA,NA,NA,NA,NA,NA,NA,NA
572.883,1.8515,3.9618,1.0605,5.0421,NA,NA,NA,NA,NA,NA,NA,NA,NA,NA,NA,NA
572.980,1.8518,3.9773,1.0612,5.1055,NA,NA,NA,NA,NA,NA,NA,NA,NA,NA,NA,NA
573.082,1.8518,3.9773,1.0612,5.1055,NA,NA,NA,NA,NA,NA,NA,NA,NA,NA,NA,NA
573.182,1.8521,3.9955,1.0611,5.1018,NA,NA,NA,NA,NA,NA,NA,NA,NA,NA,NA,NA
573.272,1.8521,3.9955,1.0587,4.8618,NA,NA,NA,NA,NA,NA,NA,NA,NA,NA,NA,NA
573.370,1.8401,3.3252,1.0587,4.8618,NA,NA,NA,NA,NA,NA,NA,NA,NA,NA,NA,NA
573.464,1.8401,3.3252,1.0575,4.7394,NA,NA,NA,NA,NA,NA,NA,NA,NA,NA,NA,NA
573.563,1.8395,3.2866,1.0576,4.7486,NA,NA,NA,NA,NA,NA,NA,NA,NA,NA,NA,NA
573.665,1.8395,3.2866,1.0576,4.7486,NA,NA,NA,NA,NA,NA,NA,NA,NA,NA,NA,NA
573.763,1.8400,3.3147,1.0574,4.7282,NA,NA,NA,NA,NA,NA,NA,NA,NA,NA,NA,NA
573.859,1.8472,3.7235,1.0574,4.7278,NA,NA,NA,NA,NA,NA,NA,NA,NA,NA,NA,NA
574.010,1.8472,3.7235,1.0572,4.7139,NA,NA,NA,NA,NA,NA,NA,NA,NA,NA,NA,NA
574.061,1.8570,4.2697,1.0582,4.8122,NA,NA,NA,NA,NA,NA,NA,NA,NA,NA,NA,NA
574.157,1.8656,4.7548,1.0631,5.2944,NA,NA,NA,NA,NA,NA,NA,NA,NA,NA,NA,NA
574.251,1.8949,6.3999,1.0749,6.4651,NA,NA,NA,NA,NA,NA,NA,NA,NA,NA,NA,NA
574.360,1.9110,7.3052,1.0835,7.3162,NA,NA,NA,NA,NA,NA,NA,NA,NA,NA,NA,NA
574.446,1.9618,10.1580,1.0944,8.3946,NA,NA,NA,NA,NA,NA,NA,NA,NA,NA,NA,NA
574.574,1.9788,11.1078,1.1042,9.3677,NA,NA,NA,NA,NA,NA,NA,NA,NA,NA,NA,NA
574.645,2.0023,12.4275,1.1137,10.3044,NA,NA,NA,NA,NA,NA,NA,NA,NA,NA,NA,NA
574.742,2.0178,13.2989,1.1235,11.2752,NA,NA,NA,NA,NA,NA,NA,NA,NA,NA,NA,NA
574.842,2.0346,14.2424,1.1358,12.4913,NA,NA,NA,NA,NA,NA,NA,NA,NA,NA,NA,NA
574.944,2.0514,15.1859,1.1416,13.0725,NA,NA,NA,NA,NA,NA,NA,NA,NA,NA,NA,NA
575.035,2.0605,15.7008,1.1478,13.6849,NA,NA,NA,NA,NA,NA,NA,NA,NA,NA,NA,NA
575.177,2.0858,17.1165,1.1554,14.4410,NA,NA,NA,NA,NA,NA,NA,NA,NA,NA,NA,NA
575.230,2.0947,17.6210,1.1613,15.0262,NA,NA,NA,NA,NA,NA,NA,NA,NA,NA,NA,NA
575.329,2.1176,18.9045,1.1659,15.4791,NA,NA,NA,NA,NA,NA,NA,NA,NA,NA,NA,NA
575.432,2.1281,19.4931,1.1722,16.1050,NA,NA,NA,NA,NA,NA,NA,NA,NA,NA,NA,NA
575.535,2.1400,20.1602,1.1778,16.6578,NA,NA,NA,NA,NA,NA,NA,NA,NA,NA,NA,NA
575.626,2.1443,20.4035,1.1805,16.9209,NA,NA,NA,NA,NA,NA,NA,NA,NA,NA,NA,NA
575.719,2.1545,20.9765,1.1824,17.1076,NA,NA,NA,NA,NA,NA,NA,NA,NA,NA,NA,NA
575.824,2.1640,21.5111,1.1833,17.1988,NA,NA,NA,NA,NA,NA,NA,NA,NA,NA,NA,NA
575.918,2.1643,21.5251,1.1837,17.2380,NA,NA,NA,NA,NA,NA,NA,NA,NA,NA,NA,NA
576.017,2.1655,21.5965,1.1837,17.2380,NA,NA,NA,NA,NA,NA,NA,NA,NA,NA,NA,NA
576.109,2.1655,21.5965,1.1829,17.1659,NA,NA,NA,NA,NA,NA,NA,NA,NA,NA,NA,NA
576.214,2.1450,20.4409,1.1821,17.0860,NA,NA,NA,NA,NA,NA,NA,NA,NA,NA,NA,NA
576.306,2.1450,20.4409,1.1820,17.0736,NA,NA,NA,NA,NA,NA,NA,NA,NA,NA,NA,NA
576.410,2.1323,19.7286,1.1801,16.8859,NA,NA,NA,NA,NA,NA,NA,NA,NA,NA,NA,NA
576.507,2.1234,19.2322,1.1786,16.7378,NA,NA,NA,NA,NA,NA,NA,NA,NA,NA,NA,NA
576.599,2.1059,18.2448,1.1738,16.2617,NA,NA,NA,NA,NA,NA,NA,NA,NA,NA,NA,NA
576.706,2.1044,18.1604,1.1709,15.9721,NA,NA,NA,NA,NA,NA,NA,NA,NA,NA,NA,NA
576.802,2.1044,18.1604,1.1685,15.7384,NA,NA,NA,NA,NA,NA,NA,NA,NA,NA,NA,NA
576.902,2.0901,17.3610,1.1669,15.5727,NA,NA,NA,NA,NA,NA,NA,NA,NA,NA,NA,NA
576.991,2.0849,17.0692,1.1621,15.1025,NA,NA,NA,NA,NA,NA,NA,NA,NA,NA,NA,NA
577.089,2.0761,16.5720,1.1601,14.9063,NA,NA,NA,NA,NA,NA,NA,NA,NA,NA,NA,NA
577.191,2.0720,16.3438,1.1583,14.7286,NA,NA,NA,NA,NA,NA,NA,NA,NA,NA,NA,NA
577.290,2.0681,16.1269,1.1571,14.6095,NA,NA,NA,NA,NA,NA,NA,NA,NA,NA,NA,NA
577.387,2.0634,15.8609,1.1565,14.5451,NA,NA,NA,NA,NA,NA,NA,NA,NA,NA,NA,NA
577.482,2.0634,15.8609,1.1557,14.4624,NA,NA,NA,NA,NA,NA,NA,NA,NA,NA,NA,NA
577.587,2.0611,15.7312,1.1542,14.3221,NA,NA,NA,NA,NA,NA,NA,NA,NA,NA,NA,NA
577.679,2.0611,15.7312,1.1532,14.2156,NA,NA,NA,NA,NA,NA,NA,NA,NA,NA,NA,NA
577.786,2.0577,15.5408,1.1520,14.0965,NA,NA,NA,NA,NA,NA,NA,NA,NA,NA,NA,NA
577.871,2.0576,15.5362,1.1512,14.0172,NA,NA,NA,NA,NA,NA,NA,NA,NA,NA,NA,NA
577.974,2.0551,15.3943,1.1508,13.9860,NA,NA,NA,NA,NA,NA,NA,NA,NA,NA,NA,NA
578.069,2.0527,15.2618,1.1506,13.9584,NA,NA,NA,NA,NA,NA,NA,NA,NA,NA,NA,NA
578.240,2.0513,15.1843,1.1497,13.8745,NA,NA,NA,NA,NA,NA,NA,NA,NA,NA,NA,NA
578.277,2.0521,15.2244,1.1497,13.8721,NA,NA,NA,NA,NA,NA,NA,NA,NA,NA,NA,NA
578.380,2.0521,15.2244,1.1484,13.7407,NA,NA,NA,NA,NA,NA,NA,NA,NA,NA,NA,NA
578.473,2.0490,15.0505,1.1475,13.6552,NA,NA,NA,NA,NA,NA,NA,NA,NA,NA,NA,NA
578.562,2.0484,15.0164,1.1458,13.4818,NA,NA,NA,NA,NA,NA,NA,NA,NA,NA,NA,NA
578.659,2.0399,14.5415,1.1451,13.4178,NA,NA,NA,NA,NA,NA,NA,NA,NA,NA,NA,NA
578.760,2.0374,14.4003,1.1451,13.4178,NA,NA,NA,NA,NA,NA,NA,NA,NA,NA,NA,NA
578.854,2.0359,14.3194,1.1438,13.2902,NA,NA,NA,NA,NA,NA,NA,NA,NA,NA,NA,NA
578.954,2.0359,14.3194,1.1420,13.1101,NA,NA,NA,NA,NA,NA,NA,NA,NA,NA,NA,NA
579.056,2.0361,14.3287,1.1414,13.0510,NA,NA,NA,NA,NA,NA,NA,NA,NA,NA,NA,NA
579.155,2.0361,14.3287,1.1394,12.8483,NA,NA,NA,NA,NA,NA,NA,NA,NA,NA,NA,NA
579.248,2.0240,13.6475,1.1391,12.8198,NA,NA,NA,NA,NA,NA,NA,NA,NA,NA,NA,NA
579.365,2.0220,13.5354,1.1390,12.8147,NA,NA,NA,NA,NA,NA,NA,NA,NA,NA,NA,NA
579.452,2.0210,13.4811,1.1390,12.8147,NA,NA,NA,NA,NA,NA,NA,NA,NA,NA,NA,NA
579.544,2.0156,13.1744,1.1390,12.8129,NA,NA,NA,NA,NA,NA,NA,NA,NA,NA,NA,NA
579.635,2.0153,13.1622,1.1385,12.7655,NA,NA,NA,NA,NA,NA,NA,NA,NA,NA,NA,NA
579.735,2.0164,13.2231,1.1380,12.7101,NA,NA,NA,NA,NA,NA,NA,NA,NA,NA,NA,NA
579.835,2.0164,13.2231,1.1381,12.7228,NA,NA,NA,NA,NA,NA,NA,NA,NA,NA,NA,NA
579.931,2.0111,12.9233,1.1381,12.7228,NA,NA,NA,NA,NA,NA,NA,NA,NA,NA,NA,NA
580.042,2.0080,12.7502,1.1365,12.5684,NA,NA,NA,NA,NA,NA,NA,NA,NA,NA,NA,NA
580.128,2.0030,12.4683,1.1349,12.4044,NA,NA,NA,NA,NA,NA,NA,NA,NA,NA,NA,NA
580.221,2.0040,12.5243,1.1346,12.3798,NA,NA,NA,NA,NA,NA,NA,NA,NA,NA,NA,NA
580.329,2.0040,12.5263,1.1339,12.3060,NA,NA,NA,NA,NA,NA,NA,NA,NA,NA,NA,NA
580.419,2.0040,12.5279,1.1328,12.1987,NA,NA,NA,NA,NA,NA,NA,NA,NA,NA,NA,NA
580.537,2.0040,12.5279,1.1321,12.1320,NA,NA,NA,NA,NA,NA,NA,NA,NA,NA,NA,NA
580.615,1.9995,12.2736,1.1309,12.0092,NA,NA,NA,NA,NA,NA,NA,NA,NA,NA,NA,NA
580.741,1.9950,12.0227,1.1299,11.9124,NA,NA,NA,NA,NA,NA,NA,NA,NA,NA,NA,NA
580.815,1.9914,11.8169,1.1285,11.7705,NA,NA,NA,NA,NA,NA,NA,NA,NA,NA,NA,NA
580.907,1.9914,11.8169,1.1273,11.6541,NA,NA,NA,NA,NA,NA,NA,NA,NA,NA,NA,NA
581.010,1.9937,11.9460,1.1287,11.7967,NA,NA,NA,NA,NA,NA,NA,NA,NA,NA,NA,NA
581.109,2.0176,13.2871,1.1377,12.6829,NA,NA,NA,NA,NA,NA,NA,NA,NA,NA,NA,NA
581.221,2.0424,14.6797,1.1492,13.8210,NA,NA,NA,NA,NA,NA,NA,NA,NA,NA,NA,NA
581.303,2.0844,17.0393,1.1583,14.7240,NA,NA,NA,NA,NA,NA,NA,NA,NA,NA,NA,NA
581.398,2.0948,17.6220,1.1674,15.6232,NA,NA,NA,NA,NA,NA,NA,NA,NA,NA,NA,NA
581.502,2.0992,17.8698,1.1712,16.0032,NA,NA,NA,NA,NA,NA,NA,NA,NA,NA,NA,NA
581.595,2.1016,18.0069,1.1714,16.0188,NA,NA,NA,NA,NA,NA,NA,NA,NA,NA,NA,NA
581.694,2.1016,18.0069,1.1720,16.0772,NA,NA,NA,NA,NA,NA,NA,NA,NA,NA,NA,NA
581.856,2.1014,17.9937,1.1721,16.0886,NA,NA,NA,NA,NA,NA,NA,NA,NA,NA,NA,NA
581.888,2.1014,17.9937,1.1721,16.0886,NA,NA,NA,NA,NA,NA,NA,NA,NA,NA,NA,NA
581.985,2.0991,17.8681,1.1703,15.9149,NA,NA,NA,NA,NA,NA,NA,NA,NA,NA,NA,NA
582.085,2.0991,17.8681,1.1685,15.7313,NA,NA,NA,NA,NA,NA,NA,NA,NA,NA,NA,NA
582.179,2.0905,17.3820,1.1654,15.4274,NA,NA,NA,NA,NA,NA,NA,NA,NA,NA,NA,NA
582.285,2.0731,16.4056,1.1633,15.2223,NA,NA,NA,NA,NA,NA,NA,NA,NA,NA,NA,NA
582.378,2.0681,16.1222,1.1613,15.0173,NA,NA,NA,NA,NA,NA,NA,NA,NA,NA,NA,NA
582.476,2.0591,15.6210,1.1597,14.8652,NA,NA,NA,NA,NA,NA,NA,NA,NA,NA,NA,NA
582.571,2.0591,15.6204,1.1557,14.4718,NA,NA,NA,NA,NA,NA,NA,NA,NA,NA,NA,NA
582.680,2.0551,15.3931,1.1543,14.3251,NA,NA,NA,NA,NA,NA,NA,NA,NA,NA,NA,NA
582.767,2.0539,15.3272,1.1533,14.2260,NA,NA,NA,NA,NA,NA,NA,NA,NA,NA,NA,NA
582.868,2.0525,15.2510,1.1521,14.1064,NA,NA,NA,NA,NA,NA,NA,NA,NA,NA,NA,NA
583.021,2.0525,15.2510,1.1502,13.9252,NA,NA,NA,NA,NA,NA,NA,NA,NA,NA,NA,NA
583.068,2.0488,15.0396,1.1492,13.8279,NA,NA,NA,NA,NA,NA,NA,NA,NA,NA,NA,NA
583.167,2.0457,14.8683,1.1488,13.7823,NA,NA,NA,NA,NA,NA,NA,NA,NA,NA,NA,NA
583.261,2.0404,14.5718,1.1485,13.7505,NA,NA,NA,NA,NA,NA,NA,NA,NA,NA,NA,NA
583.363,2.0398,14.5333,1.1471,13.6182,NA,NA,NA,NA,NA,NA,NA,NA,NA,NA,NA,NA
583.456,2.0396,14.5247,1.1459,13.4952,NA,NA,NA,NA,NA,NA,NA,NA,NA,NA,NA,NA
583.554,2.0360,14.3250,1.1445,13.3563,NA,NA,NA,NA,NA,NA,NA,NA,NA,NA,NA,NA
583.648,2.0360,14.3250,1.1436,13.2695,NA,NA,NA,NA,NA,NA,NA,NA,NA,NA,NA,NA
583.745,2.0256,13.7360,1.1419,13.1034,NA,NA,NA,NA,NA,NA,NA,NA,NA,NA,NA,NA
583.845,2.0214,13.5013,1.1400,12.9159,NA,NA,NA,NA,NA,NA,NA,NA,NA,NA,NA,NA
583.942,2.0199,13.4162,1.1385,12.7595,NA,NA,NA,NA,NA,NA,NA,NA,NA,NA,NA,NA
584.036,2.0168,13.2426,1.1381,12.7262,NA,NA,NA,NA,NA,NA,NA,NA,NA,NA,NA,NA
584.189,2.0330,14.1522,1.1396,12.8723,NA,NA,NA,NA,NA,NA,NA,NA,NA,NA,NA,NA
584.239,2.0642,15.9060,1.1468,13.5849,NA,NA,NA,NA,NA,NA,NA,NA,NA,NA,NA,NA
584.332,2.0945,17.6053,1.1574,14.6308,NA,NA,NA,NA,NA,NA,NA,NA,NA,NA,NA,NA
584.431,2.1353,19.8961,1.1631,15.1975,NA,NA,NA,NA,NA,NA,NA,NA,NA,NA,NA,NA
584.537,2.1539,20.9409,1.1716,16.0409,NA,NA,NA,NA,NA,NA,NA,NA,NA,NA,NA,NA
584.627,2.1668,21.6663,1.1753,16.4122,NA,NA,NA,NA,NA,NA,NA,NA,NA,NA,NA,NA
584.785,2.1678,21.7239,1.1768,16.5553,NA,NA,NA,NA,NA,NA,NA,NA,NA,NA,NA,NA
584.825,2.1701,21.8521,1.1775,16.6224,NA,NA,NA,NA,NA,NA,NA,NA,NA,NA,NA,NA
584.921,2.1701,21.8521,1.1783,16.7047,NA,NA,NA,NA,NA,NA,NA,NA,NA,NA,NA,NA
585.025,2.1496,20.7034,1.1783,16.7047,NA,NA,NA,NA,NA,NA,NA,NA,NA,NA,NA,NA
585.122,2.1436,20.3664,1.1767,16.5464,NA,NA,NA,NA,NA,NA,NA,NA,NA,NA,NA,NA
585.228,2.1395,20.1362,1.1729,16.1691,NA,NA,NA,NA,NA,NA,NA,NA,NA,NA,NA,NA
585.343,2.1304,19.6233,1.1684,15.7272,NA,NA,NA,NA,NA,NA,NA,NA,NA,NA,NA,NA
585.421,2.1267,19.4166,1.1643,15.3215,NA,NA,NA,NA,NA,NA,NA,NA,NA,NA,NA,NA
585.509,2.1168,18.8588,1.1608,14.9760,NA,NA,NA,NA,NA,NA,NA,NA,NA,NA,NA,NA
585.611,2.1064,18.2776,1.1588,14.7766,NA,NA,NA,NA,NA,NA,NA,NA,NA,NA,NA,NA
585.708,2.0927,17.5067,1.1567,14.5680,NA,NA,NA,NA,NA,NA,NA,NA,NA,NA,NA,NA
585.808,2.0862,17.1416,1.1544,14.3427,NA,NA,NA,NA,NA,NA,NA,NA,NA,NA,NA,NA
585.901,2.0812,16.8583,1.1530,14.1975,NA,NA,NA,NA,NA,NA,NA,NA,NA,NA,NA,NA
586.006,2.0781,16.6867,1.1511,14.0072,NA,NA,NA,NA,NA,NA,NA,NA,NA,NA,NA,NA
586.103,2.0769,16.6192,1.1497,13.8766,NA,NA,NA,NA,NA,NA,NA,NA,NA,NA,NA,NA
586.200,2.0678,16.1073,1.1481,13.7187,NA,NA,NA,NA,NA,NA,NA,NA,NA,NA,NA,NA
586.289,2.0654,15.9726,1.1471,13.6196,NA,NA,NA,NA,NA,NA,NA,NA,NA,NA,NA,NA
586.394,2.0611,15.7319,1.1452,13.4289,NA,NA,NA,NA,NA,NA,NA,NA,NA,NA,NA,NA
586.488,2.0611,15.7319,1.1448,13.3840,NA,NA,NA,NA,NA,NA,NA,NA,NA,NA,NA,NA
586.626,2.0552,15.4003,1.1430,13.2103,NA,NA,NA,NA,NA,NA,NA,NA,NA,NA,NA,NA
586.681,2.0552,15.4003,1.1427,13.1781,NA,NA,NA,NA,NA,NA,NA,NA,NA,NA,NA,NA
586.782,2.0520,15.2186,1.1417,13.0767,NA,NA,NA,NA,NA,NA,NA,NA,NA,NA,NA,NA
586.883,2.0513,15.1828,1.1412,13.0329,NA,NA,NA,NA,NA,NA,NA,NA,NA,NA,NA,NA
586.983,2.0496,15.0851,1.1399,12.9046,NA,NA,NA,NA,NA,NA,NA,NA,NA,NA,NA,NA
587.084,2.0504,15.1299,1.1396,12.8691,NA,NA,NA,NA,NA,NA,NA,NA,NA,NA,NA,NA
587.182,2.0504,15.1299,1.1392,12.8288,NA,NA,NA,NA,NA,NA,NA,NA,NA,NA,NA,NA
587.277,2.0449,14.8201,1.1390,12.8151,NA,NA,NA,NA,NA,NA,NA,NA,NA,NA,NA,NA
587.377,2.0448,14.8147,1.1390,12.8151,NA,NA,NA,NA,NA,NA,NA,NA,NA,NA,NA,NA
587.461,2.0374,14.4033,1.1388,12.7930,NA,NA,NA,NA,NA,NA,NA,NA,NA,NA,NA,NA
587.586,2.0400,14.5455,1.1375,12.6667,NA,NA,NA,NA,NA,NA,NA,NA,NA,NA,NA,NA
587.666,2.0400,14.5455,1.1368,12.5998,NA,NA,NA,NA,NA,NA,NA,NA,NA,NA,NA,NA
587.807,2.0369,14.3757,1.1358,12.4999,NA,NA,NA,NA,NA,NA,NA,NA,NA,NA,NA,NA
587.858,2.0369,14.3757,1.1353,12.4480,NA,NA,NA,NA,NA,NA,NA,NA,NA,NA,NA,NA
587.959,2.0346,14.2444,1.1353,12.4480,NA,NA,NA,NA,NA,NA,NA,NA,NA,NA,NA,NA
588.061,2.0346,14.2444,1.1349,12.4095,NA,NA,NA,NA,NA,NA,NA,NA,NA,NA,NA,NA
588.151,2.0303,14.0044,1.1349,12.4095,NA,NA,NA,NA,NA,NA,NA,NA,NA,NA,NA,NA
588.258,2.0285,13.9039,1.1344,12.3592,NA,NA,NA,NA,NA,NA,NA,NA,NA,NA,NA,NA
588.421,2.0276,13.8516,1.1336,12.2825,NA,NA,NA,NA,NA,NA,NA,NA,NA,NA,NA,NA
588.443,2.0261,13.7684,1.1336,12.2759,NA,NA,NA,NA,NA,NA,NA,NA,NA,NA,NA,NA
588.543,2.0261,13.7684,1.1330,12.2202,NA,NA,NA,NA,NA,NA,NA,NA,NA,NA,NA,NA
588.649,2.0243,13.6644,1.1327,12.1843,NA,NA,NA,NA,NA,NA,NA,NA,NA,NA,NA,NA
588.740,2.0243,13.6644,1.1315,12.0692,NA,NA,NA,NA,NA,NA,NA,NA,NA,NA,NA,NA
588.836,2.0183,13.3266,1.1298,11.8984,NA,NA,NA,NA,NA,NA,NA,NA,NA,NA,NA,NA
588.938,2.0128,13.0213,1.1298,11.8984,NA,NA,NA,NA,NA,NA,NA,NA,NA,NA,NA,NA
589.066,2.0111,12.9269,1.1287,11.7907,NA,NA,NA,NA,NA,NA,NA,NA,NA,NA,NA,NA
589.141,2.0128,13.0201,1.1271,11.6384,NA,NA,NA,NA,NA,NA,NA,NA,NA,NA,NA,NA
589.234,2.0128,13.0201,1.1271,11.6384,NA,NA,NA,NA,NA,NA,NA,NA,NA,NA,NA,NA
589.341,2.0095,12.8338,1.1268,11.6089,NA,NA,NA,NA,NA,NA,NA,NA,NA,NA,NA,NA
589.426,2.0078,12.7400,1.1261,11.5305,NA,NA,NA,NA,NA,NA,NA,NA,NA,NA,NA,NA
589.584,2.0093,12.8220,1.1256,11.4873,NA,NA,NA,NA,NA,NA,NA,NA,NA,NA,NA,NA
589.632,2.0093,12.8220,1.1250,11.4304,NA,NA,NA,NA,NA,NA,NA,NA,NA,NA,NA,NA
589.719,2.0011,12.3645,1.1241,11.3385,NA,NA,NA,NA,NA,NA,NA,NA,NA,NA,NA,NA
589.807,1.9997,12.2837,1.1234,11.2728,NA,NA,NA,NA,NA,NA,NA,NA,NA,NA,NA,NA
589.925,2.0016,12.3899,1.1234,11.2728,NA,NA,NA,NA,NA,NA,NA,NA,NA,NA,NA,NA
590.017,2.0016,12.3899,1.1223,11.1611,NA,NA,NA,NA,NA,NA,NA,NA,NA,NA,NA,NA
590.116,1.9967,12.1158,1.1222,11.1525,NA,NA,NA,NA,NA,NA,NA,NA,NA,NA,NA,NA
590.209,1.9955,12.0496,1.1222,11.1525,NA,NA,NA,NA,NA,NA,NA,NA,NA,NA,NA,NA
590.304,1.9919,11.8478,1.1221,11.1432,NA,NA,NA,NA,NA,NA,NA,NA,NA,NA,NA,NA
590.410,1.9895,11.7093,1.1212,11.0532,NA,NA,NA,NA,NA,NA,NA,NA,NA,NA,NA,NA
590.507,1.9895,11.7093,1.1209,11.0161,NA,NA,NA,NA,NA,NA,NA,NA,NA,NA,NA,NA
590.599,1.9884,11.6500,1.1205,10.9824,NA,NA,NA,NA,NA,NA,NA,NA,NA,NA,NA,NA
590.693,1.9884,11.6500,1.1184,10.7775,NA,NA,NA,NA,NA,NA,NA,NA,NA,NA,NA,NA
590.795,1.9873,11.5905,1.1176,10.6970,NA,NA,NA,NA,NA,NA,NA,NA,NA,NA,NA,NA
590.897,1.9841,11.4056,1.1174,10.6721,NA,NA,NA,NA,NA,NA,NA,NA,NA,NA,NA,NA
590.987,1.9812,11.2441,1.1169,10.6207,NA,NA,NA,NA,NA,NA,NA,NA,NA,NA,NA,NA
591.087,1.9794,11.1469,1.1168,10.6098,NA,NA,NA,NA,NA,NA,NA,NA,NA,NA,NA,NA
591.190,1.9794,11.1469,1.1165,10.5851,NA,NA,NA,NA,NA,NA,NA,NA,NA,NA,NA,NA
591.301,1.9763,10.9678,1.1163,10.5696,NA,NA,NA,NA,NA,NA,NA,NA,NA,NA,NA,NA
591.421,1.9763,10.9678,1.1152,10.4604,NA,NA,NA,NA,NA,NA,NA,NA,NA,NA,NA,NA
591.482,1.9776,11.0437,1.1152,10.4604,NA,NA,NA,NA,NA,NA,NA,NA,NA,NA,NA,NA
591.582,1.9776,11.0437,1.1142,10.3532,NA,NA,NA,NA,NA,NA,NA,NA,NA,NA,NA,NA
591.678,1.9740,10.8429,1.1133,10.2652,NA,NA,NA,NA,NA,NA,NA,NA,NA,NA,NA,NA
591.781,1.9714,10.6934,1.1130,10.2345,NA,NA,NA,NA,NA,NA,NA,NA,NA,NA,NA,NA
591.873,1.9631,10.2276,1.1128,10.2159,NA,NA,NA,NA,NA,NA,NA,NA,NA,NA,NA,NA
591.993,1.9685,10.5312,1.1101,9.9535,NA,NA,NA,NA,NA,NA,NA,NA,NA,NA,NA,NA
592.074,1.9685,10.5312,1.1101,9.9459,NA,NA,NA,NA,NA,NA,NA,NA,NA,NA,NA,NA
592.171,1.9646,10.3144,1.1101,9.9521,NA,NA,NA,NA,NA,NA,NA,NA,NA,NA,NA,NA
592.283,1.9637,10.2645,1.1101,9.9521,NA,NA,NA,NA,NA,NA,NA,NA,NA,NA,NA,NA
592.363,1.9590,9.9992,1.1092,9.8614,NA,NA,NA,NA,NA,NA,NA,NA,NA,NA,NA,NA
592.465,1.9589,9.9910,1.1091,9.8550,NA,NA,NA,NA,NA,NA,NA,NA,NA,NA,NA,NA
592.574,1.9584,9.9628,1.1090,9.8433,NA,NA,NA,NA,NA,NA,NA,NA,NA,NA,NA,NA
592.656,1.9606,10.0881,1.1089,9.8272,NA,NA,NA,NA,NA,NA,NA,NA,NA,NA,NA,NA
592.757,1.9606,10.0881,1.1085,9.7889,NA,NA,NA,NA,NA,NA,NA,NA,NA,NA,NA,NA
592.853,1.9562,9.8436,1.1078,9.7278,NA,NA,NA,NA,NA,NA,NA,NA,NA,NA,NA,NA
592.948,1.9562,9.8436,1.1069,9.6314,NA,NA,NA,NA,NA,NA,NA,NA,NA,NA,NA,NA
593.053,1.9556,9.8052,1.1069,9.6314,NA,NA,NA,NA,NA,NA,NA,NA,NA,NA,NA,NA
593.179,1.9541,9.7222,1.1065,9.5958,NA,NA,NA,NA,NA,NA,NA,NA,NA,NA,NA,NA
593.241,1.9517,9.5885,1.1041,9.3556,NA,NA,NA,NA,NA,NA,NA,NA,NA,NA,NA,NA
593.343,1.9548,9.7604,1.1041,9.3556,NA,NA,NA,NA,NA,NA,NA,NA,NA,NA,NA,NA
593.441,1.9548,9.7604,1.1035,9.3002,NA,NA,NA,NA,NA,NA,NA,NA,NA,NA,NA,NA
593.547,1.9491,9.4421,1.1032,9.2686,NA,NA,NA,NA,NA,NA,NA,NA,NA,NA,NA,NA
593.635,1.9491,9.4421,1.1022,9.1635,NA,NA,NA,NA,NA,NA,NA,NA,NA,NA,NA,NA
593.793,1.9480,9.3818,1.1021,9.1630,NA,NA,NA,NA,NA,NA,NA,NA,NA,NA,NA,NA
593.837,1.9480,9.3818,1.1013,9.0820,NA,NA,NA,NA,NA,NA,NA,NA,NA,NA,NA,NA
593.924,1.9455,9.2428,1.1013,9.0820,NA,NA,NA,NA,NA,NA,NA,NA,NA,NA,NA,NA
594.028,1.9447,9.1987,1.1008,9.0330,NA,NA,NA,NA,NA,NA,NA,NA,NA,NA,NA,NA
594.123,1.9404,8.9562,1.1008,9.0330,NA,NA,NA,NA,NA,NA,NA,NA,NA,NA,NA,NA
594.223,1.9398,8.9202,1.1002,8.9743,NA,NA,NA,NA,NA,NA,NA,NA,NA,NA,NA,NA
594.320,1.9398,8.9202,1.0993,8.8832,NA,NA,NA,NA,NA,NA,NA,NA,NA,NA,NA,NA
594.457,1.9384,8.8449,1.0989,8.8430,NA,NA,NA,NA,NA,NA,NA,NA,NA,NA,NA,NA
594.513,1.9384,8.8449,1.0982,8.7767,NA,NA,NA,NA,NA,NA,NA,NA,NA,NA,NA,NA
594.629,1.9372,8.7761,1.0982,8.7722,NA,NA,NA,NA,NA,NA,NA,NA,NA,NA,NA,NA
594.724,1.9350,8.6487,1.0980,8.7525,NA,NA,NA,NA,NA,NA,NA,NA,NA,NA,NA,NA
594.819,1.9311,8.4340,1.0970,8.6569,NA,NA,NA,NA,NA,NA,NA,NA,NA,NA,NA,NA
594.963,1.9318,8.4718,1.0970,8.6569,NA,NA,NA,NA,NA,NA,NA,NA,NA,NA,NA,NA
595.013,1.9318,8.4718,1.0967,8.6246,NA,NA,NA,NA,NA,NA,NA,NA,NA,NA,NA,NA
595.103,1.9329,8.5308,1.0963,8.5837,NA,NA,NA,NA,NA,NA,NA,NA,NA,NA,NA,NA
595.200,1.9329,8.5308,1.0963,8.5837,NA,NA,NA,NA,NA,NA,NA,NA,NA,NA,NA,NA
595.304,1.9307,8.4097,1.0958,8.5298,NA,NA,NA,NA,NA,NA,NA,NA,NA,NA,NA,NA
595.399,1.9307,8.4097,1.0949,8.4455,NA,NA,NA,NA,NA,NA,NA,NA,NA,NA,NA,NA
595.492,1.9247,8.0729,1.0944,8.3957,NA,NA,NA,NA,NA,NA,NA,NA,NA,NA,NA,NA
595.620,1.9230,7.9775,1.0942,8.3729,NA,NA,NA,NA,NA,NA,NA,NA,NA,NA,NA,NA
595.703,1.9220,7.9212,1.0937,8.3219,NA,NA,NA,NA,NA,NA,NA,NA,NA,NA,NA,NA
595.801,1.9231,7.9816,1.0937,8.3219,NA,NA,NA,NA,NA,NA,NA,NA,NA,NA,NA,NA
595.891,1.9233,7.9959,1.0932,8.2760,NA,NA,NA,NA,NA,NA,NA,NA,NA,NA,NA,NA
595.989,1.9233,7.9959,1.0918,8.1407,NA,NA,NA,NA,NA,NA,NA,NA,NA,NA,NA,NA
596.100,1.9214,7.8872,1.0916,8.1190,NA,NA,NA,NA,NA,NA,NA,NA,NA,NA,NA,NA
596.173,1.9204,7.8304,1.0915,8.1113,NA,NA,NA,NA,NA,NA,NA,NA,NA,NA,NA,NA
596.280,1.9200,7.8082,1.0914,8.0937,NA,NA,NA,NA,NA,NA,NA,NA,NA,NA,NA,NA
596.375,1.9191,7.7596,1.0914,8.0937,NA,NA,NA,NA,NA,NA,NA,NA,NA,NA,NA,NA
596.482,1.9188,7.7439,1.0907,8.0243,NA,NA,NA,NA,NA,NA,NA,NA,NA,NA,NA,NA
596.576,1.9188,7.7439,1.0903,7.9932,NA,NA,NA,NA,NA,NA,NA,NA,NA,NA,NA,NA
596.678,1.9149,7.5221,1.0902,7.9814,NA,NA,NA,NA,NA,NA,NA,NA,NA,NA,NA,NA
596.781,1.9149,7.5221,1.0893,7.8953,NA,NA,NA,NA,NA,NA,NA,NA,NA,NA,NA,NA
596.866,1.9139,7.4648,1.0891,7.8745,NA,NA,NA,NA,NA,NA,NA,NA,NA,NA,NA,NA
596.963,1.9139,7.4648,1.0890,7.8608,NA,NA,NA,NA,NA,NA,NA,NA,NA,NA,NA,NA
597.071,1.9112,7.3145,1.0892,7.8842,NA,NA,NA,NA,NA,NA,NA,NA,NA,NA,NA,NA
597.164,1.9103,7.2625,1.0892,7.8842,NA,NA,NA,NA,NA,NA,NA,NA,NA,NA,NA,NA
597.258,1.9101,7.2551,1.0880,7.7631,NA,NA,NA,NA,NA,NA,NA,NA,NA,NA,NA,NA
597.402,1.9108,7.2897,1.0872,7.6828,NA,NA,NA,NA,NA,NA,NA,NA,NA,NA,NA,NA
597.455,1.9108,7.2897,1.0869,7.6575,NA,NA,NA,NA,NA,NA,NA,NA,NA,NA,NA,NA
597.551,1.9112,7.3170,1.0868,7.6447,NA,NA,NA,NA,NA,NA,NA,NA,NA,NA,NA,NA
597.660,1.9112,7.3170,1.0846,7.4253,NA,NA,NA,NA,NA,NA,NA,NA,NA,NA,NA,NA
597.747,1.9078,7.1260,1.0846,7.4253,NA,NA,NA,NA,NA,NA,NA,NA,NA,NA,NA,NA
597.842,1.9078,7.1260,1.0855,7.5105,NA,NA,NA,NA,NA,NA,NA,NA,NA,NA,NA,NA
597.942,1.9062,7.0349,1.0855,7.5105,NA,NA,NA,NA,NA,NA,NA,NA,NA,NA,NA,NA
598.049,1.9062,7.0349,1.0847,7.4348,NA,NA,NA,NA,NA,NA,NA,NA,NA,NA,NA,NA
598.139,1.9039,6.9048,1.0837,7.3378,NA,NA,NA,NA,NA,NA,NA,NA,NA,NA,NA,NA
598.236,1.9039,6.9048,1.0834,7.3027,NA,NA,NA,NA,NA,NA,NA,NA,NA,NA,NA,NA
598.333,1.8991,6.6331,1.0830,7.2688,NA,NA,NA,NA,NA,NA,NA,NA,NA,NA,NA,NA
598.441,1.8995,6.6589,1.0826,7.2229,NA,NA,NA,NA,NA,NA,NA,NA,NA,NA,NA,NA
598.536,1.8995,6.6589,1.0826,7.2298,NA,NA,NA,NA,NA,NA,NA,NA,NA,NA,NA,NA
598.654,1.9013,6.7586,1.0826,7.2298,NA,NA,NA,NA,NA,NA,NA,NA,NA,NA,NA,NA
598.723,1.9013,6.7586,1.0820,7.1669,NA,NA,NA,NA,NA,NA,NA,NA,NA,NA,NA,NA
598.824,1.9009,6.7350,1.0806,7.0317,NA,NA,NA,NA,NA,NA,NA,NA,NA,NA,NA,NA
598.920,1.9009,6.7350,1.0801,6.9811,NA,NA,NA,NA,NA,NA,NA,NA,NA,NA,NA,NA
599.020,1.8960,6.4631,1.0796,6.9342,NA,NA,NA,NA,NA,NA,NA,NA,NA,NA,NA,NA
599.170,1.8958,6.4482,1.0778,6.7549,NA,NA,NA,NA,NA,NA,NA,NA,NA,NA,NA,NA
599.214,1.8943,6.3666,1.0771,6.6774,NA,NA,NA,NA,NA,NA,NA,NA,NA,NA,NA,NA
599.321,1.8937,6.3338,1.0773,6.7032,NA,NA,NA,NA,NA,NA,NA,NA,NA,NA,NA,NA
599.410,1.8938,6.3378,1.0773,6.7032,NA,NA,NA,NA,NA,NA,NA,NA,NA,NA,NA,NA
599.513,1.8953,6.4215,1.0774,6.7090,NA,NA,NA,NA,NA,NA,NA,NA,NA,NA,NA,NA
599.605,1.8954,6.4300,1.0774,6.7090,NA,NA,NA,NA,NA,NA,NA,NA,NA,NA,NA,NA
599.710,1.8954,6.4300,1.0773,6.7018,NA,NA,NA,NA,NA,NA,NA,NA,NA,NA,NA,NA
599.819,1.8922,6.2503,1.0770,6.6681,NA,NA,NA,NA,NA,NA,NA,NA,NA,NA,NA,NA
599.902,1.8890,6.0673,1.0769,6.6576,NA,NA,NA,NA,NA,NA,NA,NA,NA,NA,NA,NA
599.997,1.8888,6.0554,1.0763,6.6051,NA,NA,NA,NA,NA,NA,NA,NA,NA,NA,NA,NA
600.096,1.8888,6.0554,1.0765,6.6222,NA,NA,NA,NA,NA,NA,NA,NA,NA,NA,NA,NA
600.192,1.8882,6.0225,1.0765,6.6222,NA,NA,NA,NA,NA,NA,NA,NA,NA,NA,NA,NA
600.299,1.8882,6.0225,1.0746,6.4376,NA,NA,NA,NA,NA,NA,NA,NA,NA,NA,NA,NA
600.431,1.8879,6.0075,1.0734,6.3149,NA,NA,NA,NA,NA,NA,NA,NA,NA,NA,NA,NA
600.492,1.8879,6.0075,1.0728,6.2607,NA,NA,NA,NA,NA,NA,NA,NA,NA,NA,NA,NA
600.585,1.8857,5.8833,1.0728,6.2561,NA,NA,NA,NA,NA,NA,NA,NA,NA,NA,NA,NA
600.683,1.8798,5.5491,1.0727,6.2503,NA,NA,NA,NA,NA,NA,NA,NA,NA,NA,NA,NA
600.784,1.8798,5.5491,1.0730,6.2717,NA,NA,NA,NA,NA,NA,NA,NA,NA,NA,NA,NA
600.884,1.8785,5.4779,1.0730,6.2717,NA,NA,NA,NA,NA,NA,NA,NA,NA,NA,NA,NA
600.978,1.8785,5.4779,1.0727,6.2468,NA,NA,NA,NA,NA,NA,NA,NA,NA,NA,NA,NA
601.075,1.8815,5.6495,1.0718,6.1566,NA,NA,NA,NA,NA,NA,NA,NA,NA,NA,NA,NA
601.168,1.8815,5.6495,1.0724,6.2172,NA,NA,NA,NA,NA,NA,NA,NA,NA,NA,NA,NA
601.272,1.8788,5.4968,1.0724,6.2172,NA,NA,NA,NA,NA,NA,NA,NA,NA,NA,NA,NA
601.370,1.8766,5.3720,1.0718,6.1532,NA,NA,NA,NA,NA,NA,NA,NA,NA,NA,NA,NA
601.464,1.8766,5.3720,1.0708,6.0597,NA,NA,NA,NA,NA,NA,NA,NA,NA,NA,NA,NA
601.606,1.8775,5.4235,1.0705,6.0263,NA,NA,NA,NA,NA,NA,NA,NA,NA,NA,NA,NA
601.677,1.8775,5.4235,1.0699,5.9670,NA,NA,NA,NA,NA,NA,NA,NA,NA,NA,NA,NA
601.764,1.8802,5.5718,1.0701,5.9931,NA,NA,NA,NA,NA,NA,NA,NA,NA,NA,NA,NA
601.862,1.8802,5.5718,1.0706,6.0383,NA,NA,NA,NA,NA,NA,NA,NA,NA,NA,NA,NA
601.957,1.8801,5.5699,1.0706,6.0383,NA,NA,NA,NA,NA,NA,NA,NA,NA,NA,NA,NA
