,Ch1,,Ch2,,Ch3,,Ch4,,Ch5,,Ch6,,Ch7,,Ch8,
Time (s),R (kohm),ΔR/R0 (%),R (kohm),ΔR/R0 (%),R (kohm),ΔR/R0 (%),R (kohm),ΔR/R0 (%),R (kohm),ΔR/R0 (%),R (kohm),ΔR/R0 (%),R (kohm),ΔR/R0 (%),R (kohm),ΔR/R0 (%)
0.050,1.7259,0.0000,0.9669,0.0000,NA,NA,NA,NA,NA,NA,NA,NA,NA,NA,NA,NA
0.182,1.7272,0.0000,0.9667,0.0000,NA,NA,NA,NA,NA,NA,NA,NA,NA,NA,NA,NA
0.244,1.7272,0.0000,0.9666,0.0000,NA,NA,NA,NA,NA,NA,NA,NA,NA,NA,NA,NA
0.350,1.7252,0.0000,0.9666,0.0000,NA,NA,NA,NA,NA,NA,NA,NA,NA,NA,NA,NA
0.442,1.7252,0.0000,0.9665,0.0000,NA,NA,NA,NA,NA,NA,NA,NA,NA,NA,NA,NA
0.544,1.7216,0.0000,0.9671,0.0000,NA,NA,NA,NA,NA,NA,NA,NA,NA,NA,NA,NA
0.636,1.7201,0.0000,0.9674,0.0000,NA,NA,NA,NA,NA,NA,NA,NA,NA,NA,NA,NA
0.763,1.7193,0.0000,NA,NA,NA,NA,NA,NA,NA,NA,NA,NA,NA,NA,NA,NA
0.902,1.7181,0.0000,NA,NA,NA,NA,NA,NA,NA,NA,NA,NA,NA,NA,NA,NA
0.969,1.7181,0.0000,0.9669,0.0000,NA,NA,NA,NA,NA,NA,NA,NA,NA,NA,NA,NA
1.061,1.7180,0.0000,0.9671,0.0166,NA,NA,NA,NA,NA,NA,NA,NA,NA,NA,NA,NA
1.162,1.7240,0.3478,0.9674,0.0546,NA,NA,NA,NA,NA,NA,NA,NA,NA,NA,NA,NA
1.275,1.7258,0.4531,0.9697,0.2913,NA,NA,NA,NA,NA,NA,NA,NA,NA,NA,NA,NA
1.405,1.7694,2.9916,0.9774,1.0846,NA,NA,NA,NA,NA,NA,NA,NA,NA,NA,NA,NA
1.462,1.7962,4.5502,0.9963,3.0454,NA,NA,NA,NA,NA,NA,NA,NA,NA,NA,NA,NA
1.567,1.8349,6.8051,1.0101,4.4730,NA,NA,NA,NA,NA,NA,NA,NA,NA,NA,NA,NA
1.670,1.8468,7.4941,1.0198,5.4706,NA,NA,NA,NA,NA,NA,NA,NA,NA,NA,NA,NA
1.755,1.8554,7.9970,1.0260,6.1166,NA,NA,NA,NA,NA,NA,NA,NA,NA,NA,NA,NA
1.864,1.8634,8.4606,1.0312,6.6536,NA,NA,NA,NA,NA,NA,NA,NA,NA,NA,NA,NA
1.956,1.8761,9.2031,1.0384,7.3989,NA,NA,NA,NA,NA,NA,NA,NA,NA,NA,NA,NA
2.054,1.8935,10.2143,1.0433,7.9012,NA,NA,NA,NA,NA,NA,NA,NA,NA,NA,NA,NA
2.150,1.8954,10.3247,1.0458,8.1651,NA,NA,NA,NA,NA,NA,NA,NA,NA,NA,NA,NA
2.255,1.9094,11.1392,1.0483,8.4212,NA,NA,NA,NA,NA,NA,NA,NA,NA,NA,NA,NA
2.353,1.9146,11.4423,1.0507,8.6724,NA,NA,NA,NA,NA,NA,NA,NA,NA,NA,NA,NA
2.442,1.9193,11.7124,1.0529,8.8902,NA,NA,NA,NA,NA,NA,NA,NA,NA,NA,NA,NA
2.570,1.9199,11.7488,1.0547,9.0825,NA,NA,NA,NA,NA,NA,NA,NA,NA,NA,NA,NA
2.647,1.9231,11.9358,1.0576,9.3825,NA,NA,NA,NA,NA,NA,NA,NA,NA,NA,NA,NA
2.736,1.9231,11.9358,1.0587,9.4966,NA,NA,NA,NA,NA,NA,NA,NA,NA,NA,NA,NA
2.843,1.9228,11.9169,1.0598,9.6107,NA,NA,NA,NA,NA,NA,NA,NA,NA,NA,NA,NA
2.930,1.9204,11.7811,1.0598,9.6107,NA,NA,NA,NA,NA,NA,NA,NA,NA,NA,NA,NA
3.032,1.9189,11.6934,1.0577,9.3949,NA,NA,NA,NA,NA,NA,NA,NA,NA,NA,NA,NA
3.132,1.9095,11.1461,1.0543,9.0414,NA,NA,NA,NA,NA,NA,NA,NA,NA,NA,NA,NA
3.223,1.9005,10.6186,1.0498,8.5740,NA,NA,NA,NA,NA,NA,NA,NA,NA,NA,NA,NA
3.326,1.8854,9.7422,1.0478,8.3710,NA,NA,NA,NA,NA,NA,NA,NA,NA,NA,NA,NA
3.422,1.8703,8.8615,1.0417,7.7375,NA,NA,NA,NA,NA,NA,NA,NA,NA,NA,NA,NA
3.528,1.8601,8.2670,1.0388,7.4376,NA,NA,NA,NA,NA,NA,NA,NA,NA,NA,NA,NA
3.620,1.8481,7.5691,1.0371,7.2558,NA,NA,NA,NA,NA,NA,NA,NA,NA,NA,NA,NA
3.714,1.8448,7.3760,1.0351,7.0547,NA,NA,NA,NA,NA,NA,NA,NA,NA,NA,NA,NA
3.810,1.8374,6.9499,1.0341,6.9552,NA,NA,NA,NA,NA,NA,NA,NA,NA,NA,NA,NA
3.918,1.8363,6.8829,1.0322,6.7588,NA,NA,NA,NA,NA,NA,NA,NA,NA,NA,NA,NA
4.011,1.8323,6.6532,1.0304,6.5665,NA,NA,NA,NA,NA,NA,NA,NA,NA,NA,NA,NA
4.113,1.8246,6.2031,1.0276,6.2760,NA,NA,NA,NA,NA,NA,NA,NA,NA,NA,NA,NA
4.203,1.8240,6.1651,1.0260,6.1124,NA,NA,NA,NA,NA,NA,NA,NA,NA,NA,NA,NA
4.354,1.8232,6.1219,1.0248,5.9939,NA,NA,NA,NA,NA,NA,NA,NA,NA,NA,NA,NA
4.400,1.8232,6.1219,1.0230,5.7975,NA,NA,NA,NA,NA,NA,NA,NA,NA,NA,NA,NA
4.509,1.8225,6.0817,1.0218,5.6738,NA,NA,NA,NA,NA,NA,NA,NA,NA,NA,NA,NA
4.597,1.8225,6.0817,1.0203,5.5273,NA,NA,NA,NA,NA,NA,NA,NA,NA,NA,NA,NA
4.699,1.8181,5.8248,1.0185,5.3408,NA,NA,NA,NA,NA,NA,NA,NA,NA,NA,NA,NA
4.795,1.8170,5.7592,1.0164,5.1189,NA,NA,NA,NA,NA,NA,NA,NA,NA,NA,NA,NA
4.890,1.8086,5.2739,1.0149,4.9669,NA,NA,NA,NA,NA,NA,NA,NA,NA,NA,NA,NA
5.008,1.8057,5.1048,1.0133,4.8026,NA,NA,NA,NA,NA,NA,NA,NA,NA,NA,NA,NA
5.093,1.8218,6.0420,1.0188,5.3708,NA,NA,NA,NA,NA,NA,NA,NA,NA,NA,NA,NA
5.183,1.8555,8.0022,1.0268,6.1928,NA,NA,NA,NA,NA,NA,NA,NA,NA,NA,NA,NA
5.279,1.8661,8.6176,1.0382,7.3745,NA,NA,NA,NA,NA,NA,NA,NA,NA,NA,NA,NA
5.388,1.8911,10.0709,1.0435,7.9268,NA,NA,NA,NA,NA,NA,NA,NA,NA,NA,NA,NA
5.539,1.8983,10.4913,1.0462,8.2073,NA,NA,NA,NA,NA,NA,NA,NA,NA,NA,NA,NA
5.570,1.8983,10.4913,1.0465,8.2306,NA,NA,NA,NA,NA,NA,NA,NA,NA,NA,NA,NA
5.680,1.8969,10.4125,1.0465,8.2306,NA,NA,NA,NA,NA,NA,NA,NA,NA,NA,NA,NA
5.772,1.8880,9.8945,1.0456,8.1418,NA,NA,NA,NA,NA,NA,NA,NA,NA,NA,NA,NA
5.873,1.8799,9.4195,1.0448,8.0528,NA,NA,NA,NA,NA,NA,NA,NA,NA,NA,NA,NA
5.971,1.8664,8.6342,1.0399,7.5495,NA,NA,NA,NA,NA,NA,NA,NA,NA,NA,NA,NA
6.083,1.8568,8.0778,1.0359,7.1375,NA,NA,NA,NA,NA,NA,NA,NA,NA,NA,NA,NA
6.175,1.8531,7.8636,1.0321,6.7397,NA,NA,NA,NA,NA,NA,NA,NA,NA,NA,NA,NA
6.269,1.8400,7.0976,1.0297,6.5005,NA,NA,NA,NA,NA,NA,NA,NA,NA,NA,NA,NA
6.358,1.8318,6.6232,1.0262,6.1305,NA,NA,NA,NA,NA,NA,NA,NA,NA,NA,NA,NA
6.458,1.8276,6.3787,1.0244,5.9465,NA,NA,NA,NA,NA,NA,NA,NA,NA,NA,NA,NA
6.551,1.8234,6.1305,1.0200,5.4955,NA,NA,NA,NA,NA,NA,NA,NA,NA,NA,NA,NA
6.661,1.8210,5.9945,1.0178,5.2667,NA,NA,NA,NA,NA,NA,NA,NA,NA,NA,NA,NA
6.751,1.8176,5.7966,1.0174,5.2255,NA,NA,NA,NA,NA,NA,NA,NA,NA,NA,NA,NA
6.866,1.8163,5.7214,1.0161,5.0933,NA,NA,NA,NA,NA,NA,NA,NA,NA,NA,NA,NA
6.954,1.8118,5.4568,1.0151,4.9888,NA,NA,NA,NA,NA,NA,NA,NA,NA,NA,NA,NA
7.045,1.8114,5.4336,1.0142,4.8972,NA,NA,NA,NA,NA,NA,NA,NA,NA,NA,NA,NA
7.142,1.8091,5.2994,1.0131,4.7767,NA,NA,NA,NA,NA,NA,NA,NA,NA,NA,NA,NA
7.242,1.8036,4.9825,1.0118,4.6423,NA,NA,NA,NA,NA,NA,NA,NA,NA,NA,NA,NA
7.338,1.8017,4.8709,1.0104,4.4964,NA,NA,NA,NA,NA,NA,NA,NA,NA,NA,NA,NA
7.434,1.7978,4.6446,1.0098,4.4346,NA,NA,NA,NA,NA,NA,NA,NA,NA,NA,NA,NA
7.534,1.7978,4.6446,1.0079,4.2429,NA,NA,NA,NA,NA,NA,NA,NA,NA,NA,NA,NA
7.632,1.7949,4.4750,1.0071,4.1554,NA,NA,NA,NA,NA,NA,NA,NA,NA,NA,NA,NA
7.734,1.7917,4.2893,1.0065,4.0949,NA,NA,NA,NA,NA,NA,NA,NA,NA,NA,NA,NA
7.828,1.7911,4.2551,1.0076,4.2118,NA,NA,NA,NA,NA,NA,NA,NA,NA,NA,NA,NA
7.932,1.8089,5.2884,1.0154,5.0168,NA,NA,NA,NA,NA,NA,NA,NA,NA,NA,NA,NA
8.070,1.8277,6.3804,1.0219,5.6864,NA,NA,NA,NA,NA,NA,NA,NA,NA,NA,NA,NA
8.118,1.8592,8.2156,1.0309,6.6232,NA,NA,NA,NA,NA,NA,NA,NA,NA,NA,NA,NA
8.225,1.8714,8.9238,1.0410,7.6612,NA,NA,NA,NA,NA,NA,NA,NA,NA,NA,NA,NA
8.316,1.8983,10.4904,1.0492,8.5090,NA,NA,NA,NA,NA,NA,NA,NA,NA,NA,NA,NA
8.413,1.9071,11.0029,1.0566,9.2791,NA,NA,NA,NA,NA,NA,NA,NA,NA,NA,NA,NA
8.510,1.9294,12.3006,1.0643,10.0752,NA,NA,NA,NA,NA,NA,NA,NA,NA,NA,NA,NA
8.641,1.9360,12.6844,1.0699,10.6503,NA,NA,NA,NA,NA,NA,NA,NA,NA,NA,NA,NA
8.705,1.9440,13.1514,1.0745,11.1336,NA,NA,NA,NA,NA,NA,NA,NA,NA,NA,NA,NA
8.810,1.9487,13.4281,1.0770,11.3916,NA,NA,NA,NA,NA,NA,NA,NA,NA,NA,NA,NA
8.912,1.9487,13.4281,1.0796,11.6598,NA,NA,NA,NA,NA,NA,NA,NA,NA,NA,NA,NA
9.005,1.9527,13.6598,1.0801,11.7130,NA,NA,NA,NA,NA,NA,NA,NA,NA,NA,NA,NA
9.099,1.9527,13.6598,1.0801,11.7130,NA,NA,NA,NA,NA,NA,NA,NA,NA,NA,NA,NA
9.234,1.9466,13.3020,1.0791,11.6044,NA,NA,NA,NA,NA,NA,NA,NA,NA,NA,NA,NA
9.300,1.9466,13.3020,1.0773,11.4189,NA,NA,NA,NA,NA,NA,NA,NA,NA,NA,NA,NA
9.393,1.9359,12.6784,1.0743,11.1120,NA,NA,NA,NA,NA,NA,NA,NA,NA,NA,NA,NA
9.504,1.9326,12.4862,1.0693,10.5888,NA,NA,NA,NA,NA,NA,NA,NA,NA,NA,NA,NA
9.596,1.9173,11.5958,1.0669,10.3434,NA,NA,NA,NA,NA,NA,NA,NA,NA,NA,NA,NA
9.688,1.9113,11.2500,1.0616,9.7944,NA,NA,NA,NA,NA,NA,NA,NA,NA,NA,NA,NA
9.787,1.8992,10.5474,1.0588,9.5062,NA,NA,NA,NA,NA,NA,NA,NA,NA,NA,NA,NA
9.896,1.8916,10.1030,1.0556,9.1793,NA,NA,NA,NA,NA,NA,NA,NA,NA,NA,NA,NA
9.977,1.8875,9.8621,1.0526,8.8602,NA,NA,NA,NA,NA,NA,NA,NA,NA,NA,NA,NA
10.086,1.8820,9.5462,1.0507,8.6698,NA,NA,NA,NA,NA,NA,NA,NA,NA,NA,NA,NA
10.179,1.8794,9.3951,1.0490,8.4951,NA,NA,NA,NA,NA,NA,NA,NA,NA,NA,NA,NA
10.277,1.8695,8.8189,1.0466,8.2395,NA,NA,NA,NA,NA,NA,NA,NA,NA,NA,NA,NA
10.404,1.8657,8.5967,1.0443,8.0065,NA,NA,NA,NA,NA,NA,NA,NA,NA,NA,NA,NA
10.472,1.8506,7.7142,1.0417,7.7372,NA,NA,NA,NA,NA,NA,NA,NA,NA,NA,NA,NA
10.572,1.8506,7.7142,1.0395,7.5125,NA,NA,NA,NA,NA,NA,NA,NA,NA,NA,NA,NA
10.668,1.8442,7.3412,1.0383,7.3869,NA,NA,NA,NA,NA,NA,NA,NA,NA,NA,NA,NA
10.764,1.8441,7.3348,1.0361,7.1592,NA,NA,NA,NA,NA,NA,NA,NA,NA,NA,NA,NA
10.861,1.8404,7.1243,1.0334,6.8781,NA,NA,NA,NA,NA,NA,NA,NA,NA,NA,NA,NA
10.957,1.8386,7.0159,1.0316,6.6883,NA,NA,NA,NA,NA,NA,NA,NA,NA,NA,NA,NA
11.061,1.8386,7.0159,1.0298,6.5083,NA,NA,NA,NA,NA,NA,NA,NA,NA,NA,NA,NA
11.161,1.8332,6.7021,1.0287,6.3918,NA,NA,NA,NA,NA,NA,NA,NA,NA,NA,NA,NA
11.254,1.8324,6.6577,1.0279,6.3144,NA,NA,NA,NA,NA,NA,NA,NA,NA,NA,NA,NA
11.358,1.8284,6.4255,1.0255,6.0623,NA,NA,NA,NA,NA,NA,NA,NA,NA,NA,NA,NA
11.452,1.8269,6.3348,1.0241,5.9213,NA,NA,NA,NA,NA,NA,NA,NA,NA,NA,NA,NA
11.569,1.8239,6.1611,1.0225,5.7545,NA,NA,NA,NA,NA,NA,NA,NA,NA,NA,NA,NA
11.645,1.8223,6.0710,1.0211,5.6094,NA,NA,NA,NA,NA,NA,NA,NA,NA,NA,NA,NA
11.749,1.8214,6.0148,1.0204,5.5380,NA,NA,NA,NA,NA,NA,NA,NA,NA,NA,NA,NA
11.843,1.8192,5.8895,1.0200,5.4896,NA,NA,NA,NA,NA,NA,NA,NA,NA,NA,NA,NA
11.936,1.8192,5.8895,1.0195,5.4426,NA,NA,NA,NA,NA,NA,NA,NA,NA,NA,NA,NA
12.038,1.8277,6.3838,1.0206,5.5496,NA,NA,NA,NA,NA,NA,NA,NA,NA,NA,NA,NA
12.172,1.8398,7.0858,1.0259,6.1012,NA,NA,NA,NA,NA,NA,NA,NA,NA,NA,NA,NA
12.232,1.8670,8.6686,1.0348,7.0209,NA,NA,NA,NA,NA,NA,NA,NA,NA,NA,NA,NA
12.330,1.8798,9.4170,1.0434,7.9109,NA,NA,NA,NA,NA,NA,NA,NA,NA,NA,NA,NA
12.439,1.8972,10.4299,1.0524,8.8387,NA,NA,NA,NA,NA,NA,NA,NA,NA,NA,NA,NA
12.529,1.9267,12.1443,1.0570,9.3180,NA,NA,NA,NA,NA,NA,NA,NA,NA,NA,NA,NA
12.623,1.9373,12.7632,1.0636,10.0055,NA,NA,NA,NA,NA,NA,NA,NA,NA,NA,NA,NA
12.722,1.9520,13.6179,1.0695,10.6149,NA,NA,NA,NA,NA,NA,NA,NA,NA,NA,NA,NA
12.821,1.9586,14.0002,1.0745,11.1292,NA,NA,NA,NA,NA,NA,NA,NA,NA,NA,NA,NA
12.915,1.9698,14.6542,1.0820,11.9041,NA,NA,NA,NA,NA,NA,NA,NA,NA,NA,NA,NA
13.019,1.9753,14.9754,1.0855,12.2675,NA,NA,NA,NA,NA,NA,NA,NA,NA,NA,NA,NA
13.115,1.9857,15.5784,1.0882,12.5464,NA,NA,NA,NA,NA,NA,NA,NA,NA,NA,NA,NA
13.214,1.9900,15.8320,1.0902,12.7483,NA,NA,NA,NA,NA,NA,NA,NA,NA,NA,NA,NA
13.309,1.9900,15.8320,1.0913,12.8671,NA,NA,NA,NA,NA,NA,NA,NA,NA,NA,NA,NA
13.430,1.9869,15.6472,1.0913,12.8671,NA,NA,NA,NA,NA,NA,NA,NA,NA,NA,NA,NA
13.509,1.9851,15.5446,1.0912,12.8591,NA,NA,NA,NA,NA,NA,NA,NA,NA,NA,NA,NA
13.608,1.9823,15.3842,1.0912,12.8571,NA,NA,NA,NA,NA,NA,NA,NA,NA,NA,NA,NA
13.700,1.9808,15.2961,1.0892,12.6443,NA,NA,NA,NA,NA,NA,NA,NA,NA,NA,NA,NA
13.797,1.9627,14.2398,1.0836,12.0750,NA,NA,NA,NA,NA,NA,NA,NA,NA,NA,NA,NA
13.902,1.9408,12.9642,1.0804,11.7391,NA,NA,NA,NA,NA,NA,NA,NA,NA,NA,NA,NA
14.032,1.9332,12.5267,1.0754,11.2220,NA,NA,NA,NA,NA,NA,NA,NA,NA,NA,NA,NA
14.093,1.9191,11.7042,1.0706,10.7247,NA,NA,NA,NA,NA,NA,NA,NA,NA,NA,NA,NA
14.189,1.9141,11.4115,1.0676,10.4165,NA,NA,NA,NA,NA,NA,NA,NA,NA,NA,NA,NA
14.293,1.9032,10.7771,1.0648,10.1218,NA,NA,NA,NA,NA,NA,NA,NA,NA,NA,NA,NA
14.390,1.8990,10.5341,1.0600,9.6329,NA,NA,NA,NA,NA,NA,NA,NA,NA,NA,NA,NA
14.497,1.8892,9.9650,1.0562,9.2364,NA,NA,NA,NA,NA,NA,NA,NA,NA,NA,NA,NA
14.628,1.8829,9.5965,1.0539,8.9985,NA,NA,NA,NA,NA,NA,NA,NA,NA,NA,NA,NA
14.680,1.8795,9.3988,1.0505,8.6504,NA,NA,NA,NA,NA,NA,NA,NA,NA,NA,NA,NA
14.777,1.8774,9.2775,1.0487,8.4642,NA,NA,NA,NA,NA,NA,NA,NA,NA,NA,NA,NA
14.880,1.8770,9.2533,1.0462,8.1971,NA,NA,NA,NA,NA,NA,NA,NA,NA,NA,NA,NA
14.981,1.8720,8.9633,1.0446,8.0389,NA,NA,NA,NA,NA,NA,NA,NA,NA,NA,NA,NA
15.075,1.8698,8.8308,1.0437,7.9461,NA,NA,NA,NA,NA,NA,NA,NA,NA,NA,NA,NA
15.236,1.8617,8.3598,1.0430,7.8739,NA,NA,NA,NA,NA,NA,NA,NA,NA,NA,NA,NA
15.270,1.8607,8.3017,1.0413,7.6993,NA,NA,NA,NA,NA,NA,NA,NA,NA,NA,NA,NA
15.374,1.8556,8.0059,1.0398,7.5353,NA,NA,NA,NA,NA,NA,NA,NA,NA,NA,NA,NA
15.469,1.8526,7.8342,1.0385,7.4082,NA,NA,NA,NA,NA,NA,NA,NA,NA,NA,NA,NA
15.569,1.8526,7.8342,1.0374,7.2940,NA,NA,NA,NA,NA,NA,NA,NA,NA,NA,NA,NA
15.661,1.8520,7.7977,1.0360,7.1472,NA,NA,NA,NA,NA,NA,NA,NA,NA,NA,NA,NA
15.758,1.8520,7.7977,1.0341,6.9510,NA,NA,NA,NA,NA,NA,NA,NA,NA,NA,NA,NA
15.861,1.8460,7.4455,1.0329,6.8315,NA,NA,NA,NA,NA,NA,NA,NA,NA,NA,NA,NA
15.957,1.8453,7.4055,1.0304,6.5638,NA,NA,NA,NA,NA,NA,NA,NA,NA,NA,NA,NA
16.050,1.8432,7.2840,1.0300,6.5255,NA,NA,NA,NA,NA,NA,NA,NA,NA,NA,NA,NA
16.157,1.8337,6.7294,1.0278,6.2942,NA,NA,NA,NA,NA,NA,NA,NA,NA,NA,NA,NA
16.260,1.8319,6.6252,1.0270,6.2193,NA,NA,NA,NA,NA,NA,NA,NA,NA,NA,NA,NA
16.343,1.8320,6.6315,1.0265,6.1610,NA,NA,NA,NA,NA,NA,NA,NA,NA,NA,NA,NA
16.444,1.8320,6.6315,1.0257,6.0834,NA,NA,NA,NA,NA,NA,NA,NA,NA,NA,NA,NA
16.549,1.8286,6.4350,1.0251,6.0161,NA,NA,NA,NA,NA,NA,NA,NA,NA,NA,NA,NA
16.638,1.8282,6.4110,1.0250,6.0051,NA,NA,NA,NA,NA,NA,NA,NA,NA,NA,NA,NA
16.738,1.8266,6.3192,1.0245,5.9621,NA,NA,NA,NA,NA,NA,NA,NA,NA,NA,NA,NA
16.853,1.8261,6.2880,1.0243,5.9399,NA,NA,NA,NA,NA,NA,NA,NA,NA,NA,NA,NA
16.936,1.8227,6.0927,1.0222,5.7233,NA,NA,NA,NA,NA,NA,NA,NA,NA,NA,NA,NA
17.029,1.8237,6.1521,1.0214,5.6412,NA,NA,NA,NA,NA,NA,NA,NA,NA,NA,NA,NA
17.128,1.8237,6.1521,1.0209,5.5896,NA,NA,NA,NA,NA,NA,NA,NA,NA,NA,NA,NA
17.226,1.8223,6.0661,1.0206,5.5587,NA,NA,NA,NA,NA,NA,NA,NA,NA,NA,NA,NA
17.321,1.8214,6.0188,1.0201,5.5044,NA,NA,NA,NA,NA,NA,NA,NA,NA,NA,NA,NA
17.423,1.8175,5.7909,1.0197,5.4616,NA,NA,NA,NA,NA,NA,NA,NA,NA,NA,NA,NA
17.539,1.8151,5.6484,1.0194,5.4286,NA,NA,NA,NA,NA,NA,NA,NA,NA,NA,NA,NA
17.629,1.8163,5.7214,1.0189,5.3773,NA,NA,NA,NA,NA,NA,NA,NA,NA,NA,NA,NA
17.717,1.8163,5.7214,1.0185,5.3367,NA,NA,NA,NA,NA,NA,NA,NA,NA,NA,NA,NA
17.816,1.8146,5.6198,1.0176,5.2394,NA,NA,NA,NA,NA,NA,NA,NA,NA,NA,NA,NA
17.918,1.8146,5.6198,1.0171,5.1877,NA,NA,NA,NA,NA,NA,NA,NA,NA,NA,NA,NA
18.006,1.8108,5.3971,1.0158,5.0547,NA,NA,NA,NA,NA,NA,NA,NA,NA,NA,NA,NA
18.109,1.8108,5.3971,1.0150,4.9789,NA,NA,NA,NA,NA,NA,NA,NA,NA,NA,NA,NA
18.205,1.8099,5.3488,1.0149,4.9628,NA,NA,NA,NA,NA,NA,NA,NA,NA,NA,NA,NA
18.310,1.8130,5.5264,1.0149,4.9628,NA,NA,NA,NA,NA,NA,NA,NA,NA,NA,NA,NA
18.399,1.8130,5.5264,1.0140,4.8763,NA,NA,NA,NA,NA,NA,NA,NA,NA,NA,NA,NA
18.496,1.8039,4.9980,1.0139,4.8589,NA,NA,NA,NA,NA,NA,NA,NA,NA,NA,NA,NA
18.595,1.8039,4.9980,1.0124,4.7056,NA,NA,NA,NA,NA,NA,NA,NA,NA,NA,NA,NA
18.700,1.8027,4.9271,1.0119,4.6532,NA,NA,NA,NA,NA,NA,NA,NA,NA,NA,NA,NA
18.819,1.8027,4.9271,1.0115,4.6153,NA,NA,NA,NA,NA,NA,NA,NA,NA,NA,NA,NA
18.889,1.7972,4.6060,1.0112,4.5846,NA,NA,NA,NA,NA,NA,NA,NA,NA,NA,NA,NA
18.997,1.7987,4.6954,1.0109,4.5468,NA,NA,NA,NA,NA,NA,NA,NA,NA,NA,NA,NA
19.092,1.7987,4.6954,1.0105,4.5136,NA,NA,NA,NA,NA,NA,NA,NA,NA,NA,NA,NA
19.182,1.7950,4.4788,1.0103,4.4913,NA,NA,NA,NA,NA,NA,NA,NA,NA,NA,NA,NA
19.286,1.7950,4.4788,1.0098,4.4326,NA,NA,NA,NA,NA,NA,NA,NA,NA,NA,NA,NA
19.443,1.7941,4.4273,1.0093,4.3858,NA,NA,NA,NA,NA,NA,NA,NA,NA,NA,NA,NA
19.482,1.7941,4.4273,1.0093,4.3858,NA,NA,NA,NA,NA,NA,NA,NA,NA,NA,NA,NA
19.575,1.7949,4.4713,1.0087,4.3234,NA,NA,NA,NA,NA,NA,NA,NA,NA,NA,NA,NA
19.676,1.7949,4.4713,1.0073,4.1756,NA,NA,NA,NA,NA,NA,NA,NA,NA,NA,NA,NA
19.771,1.7917,4.2867,1.0076,4.2067,NA,NA,NA,NA,NA,NA,NA,NA,NA,NA,NA,NA
19.867,1.7925,4.3321,1.0076,4.2067,NA,NA,NA,NA,NA,NA,NA,NA,NA,NA,NA,NA
19.999,1.7925,4.3321,1.0068,4.1234,NA,NA,NA,NA,NA,NA,NA,NA,NA,NA,NA,NA
20.063,1.7899,4.1808,1.0062,4.0644,NA,NA,NA,NA,NA,NA,NA,NA,NA,NA,NA,NA
20.162,1.7899,4.1808,1.0059,4.0299,NA,NA,NA,NA,NA,NA,NA,NA,NA,NA,NA,NA
20.261,1.7878,4.0618,1.0056,4.0080,NA,NA,NA,NA,NA,NA,NA,NA,NA,NA,NA,NA
20.361,1.7847,3.8774,1.0048,3.9201,NA,NA,NA,NA,NA,NA,NA,NA,NA,NA,NA,NA
20.455,1.7842,3.8517,1.0045,3.8914,NA,NA,NA,NA,NA,NA,NA,NA,NA,NA,NA,NA
20.557,1.7839,3.8309,1.0045,3.8914,NA,NA,NA,NA,NA,NA,NA,NA,NA,NA,NA,NA
20.654,1.7839,3.8309,1.0028,3.7105,NA,NA,NA,NA,NA,NA,NA,NA,NA,NA,NA,NA
20.749,1.7822,3.7336,1.0027,3.6982,NA,NA,NA,NA,NA,NA,NA,NA,NA,NA,NA,NA
20.844,1.7822,3.7336,1.0014,3.5690,NA,NA,NA,NA,NA,NA,NA,NA,NA,NA,NA,NA
20.946,1.7827,3.7647,1.0009,3.5142,NA,NA,NA,NA,NA,NA,NA,NA,NA,NA,NA,NA
21.042,1.7827,3.7647,1.0002,3.4492,NA,NA,NA,NA,NA,NA,NA,NA,NA,NA,NA,NA
21.185,1.7770,3.4329,0.9999,3.4164,NA,NA,NA,NA,NA,NA,NA,NA,NA,NA,NA,NA
21.247,1.7761,3.3768,0.9997,3.3918,NA,NA,NA,NA,NA,NA,NA,NA,NA,NA,NA,NA
21.349,1.7771,3.4385,0.9997,3.3918,NA,NA,NA,NA,NA,NA,NA,NA,NA,NA,NA,NA
21.436,1.7771,3.4385,0.9993,3.3552,NA,NA,NA,NA,NA,NA,NA,NA,NA,NA,NA,NA
21.546,1.7747,3.3006,0.9990,3.3241,NA,NA,NA,NA,NA,NA,NA,NA,NA,NA,NA,NA
21.636,1.7736,3.2365,0.9990,3.3241,NA,NA,NA,NA,NA,NA,NA,NA,NA,NA,NA,NA
21.731,1.7745,3.2871,0.9985,3.2738,NA,NA,NA,NA,NA,NA,NA,NA,NA,NA,NA,NA
21.819,1.7745,3.2871,0.9984,3.2614,NA,NA,NA,NA,NA,NA,NA,NA,NA,NA,NA,NA
21.915,1.7724,3.1626,0.9979,3.2080,NA,NA,NA,NA,NA,NA,NA,NA,NA,NA,NA,NA
22.023,1.7724,3.1626,0.9971,3.1200,NA,NA,NA,NA,NA,NA,NA,NA,NA,NA,NA,NA
22.116,1.7714,3.1072,0.9967,3.0873,NA,NA,NA,NA,NA,NA,NA,NA,NA,NA,NA,NA
22.226,1.7717,3.1214,0.9961,3.0196,NA,NA,NA,NA,NA,NA,NA,NA,NA,NA,NA,NA
22.322,1.7717,3.1214,0.9959,2.9993,NA,NA,NA,NA,NA,NA,NA,NA,NA,NA,NA,NA
22.418,1.7711,3.0872,0.9957,2.9805,NA,NA,NA,NA,NA,NA,NA,NA,NA,NA,NA,NA
22.515,1.7690,2.9674,0.9957,2.9742,NA,NA,NA,NA,NA,NA,NA,NA,NA,NA,NA,NA
22.612,1.7668,2.8404,0.9947,2.8762,NA,NA,NA,NA,NA,NA,NA,NA,NA,NA,NA,NA
22.707,1.7678,2.8978,0.9947,2.8762,NA,NA,NA,NA,NA,NA,NA,NA,NA,NA,NA,NA
22.815,1.7678,2.8978,0.9944,2.8420,NA,NA,NA,NA,NA,NA,NA,NA,NA,NA,NA,NA
22.910,1.7685,2.9366,0.9940,2.8041,NA,NA,NA,NA,NA,NA,NA,NA,NA,NA,NA,NA
23.047,1.7685,2.9366,0.9939,2.7926,NA,NA,NA,NA,NA,NA,NA,NA,NA,NA,NA,NA
23.102,1.7655,2.7625,0.9932,2.7204,NA,NA,NA,NA,NA,NA,NA,NA,NA,NA,NA,NA
23.206,1.7613,2.5167,0.9927,2.6738,NA,NA,NA,NA,NA,NA,NA,NA,NA,NA,NA,NA
23.295,1.7614,2.5228,0.9924,2.6416,NA,NA,NA,NA,NA,NA,NA,NA,NA,NA,NA,NA
23.392,1.7623,2.5788,0.9923,2.6265,NA,NA,NA,NA,NA,NA,NA,NA,NA,NA,NA,NA
23.495,1.7623,2.5788,0.9919,2.5909,NA,NA,NA,NA,NA,NA,NA,NA,NA,NA,NA,NA
23.596,1.7639,2.6708,0.9921,2.6070,NA,NA,NA,NA,NA,NA,NA,NA,NA,NA,NA,NA
23.692,1.7639,2.6708,0.9921,2.6070,NA,NA,NA,NA,NA,NA,NA,NA,NA,NA,NA,NA
23.788,1.7633,2.6320,0.9907,2.4593,NA,NA,NA,NA,NA,NA,NA,NA,NA,NA,NA,NA
23.900,1.7633,2.6320,0.9895,2.3331,NA,NA,NA,NA,NA,NA,NA,NA,NA,NA,NA,NA
23.981,1.7581,2.3347,0.9893,2.3173,NA,NA,NA,NA,NA,NA,NA,NA,NA,NA,NA,NA
24.088,1.7570,2.2662,0.9888,2.2688,NA,NA,NA,NA,NA,NA,NA,NA,NA,NA,NA,NA
24.222,1.7560,2.2118,0.9883,2.2128,NA,NA,NA,NA,NA,NA,NA,NA,NA,NA,NA,NA
24.271,1.7560,2.2118,0.9884,2.2201,NA,NA,NA,NA,NA,NA,NA,NA,NA,NA,NA,NA
24.375,1.7541,2.0991,0.9884,2.2201,NA,NA,NA,NA,NA,NA,NA,NA,NA,NA,NA,NA
24.471,1.7546,2.1287,0.9884,2.2285,NA,NA,NA,NA,NA,NA,NA,NA,NA,NA,NA,NA
24.566,1.7546,2.1287,0.9884,2.2285,NA,NA,NA,NA,NA,NA,NA,NA,NA,NA,NA,NA
24.663,1.7528,2.0245,0.9875,2.1301,NA,NA,NA,NA,NA,NA,NA,NA,NA,NA,NA,NA
24.767,1.7542,2.1028,0.9873,2.1137,NA,NA,NA,NA,NA,NA,NA,NA,NA,NA,NA,NA
24.863,1.7542,2.1028,0.9873,2.1137,NA,NA,NA,NA,NA,NA,NA,NA,NA,NA,NA,NA
24.970,1.7525,2.0051,0.9867,2.0444,NA,NA,NA,NA,NA,NA,NA,NA,NA,NA,NA,NA
25.060,1.7499,1.8529,0.9868,2.0550,NA,NA,NA,NA,NA,NA,NA,NA,NA,NA,NA,NA
25.159,1.7493,1.8222,0.9870,2.0813,NA,NA,NA,NA,NA,NA,NA,NA,NA,NA,NA,NA
25.259,1.7466,1.6606,0.9870,2.0813,NA,NA,NA,NA,NA,NA,NA,NA,NA,NA,NA,NA
25.394,1.7452,1.5823,0.9871,2.0927,NA,NA,NA,NA,NA,NA,NA,NA,NA,NA,NA,NA
25.450,1.7449,1.5609,0.9871,2.0927,NA,NA,NA,NA,NA,NA,NA,NA,NA,NA,NA,NA
25.549,1.7470,1.6848,0.9869,2.0704,NA,NA,NA,NA,NA,NA,NA,NA,NA,NA,NA,NA
25.649,1.7470,1.6848,0.9860,1.9710,NA,NA,NA,NA,NA,NA,NA,NA,NA,NA,NA,NA
25.749,1.7475,1.7124,0.9847,1.8454,NA,NA,NA,NA,NA,NA,NA,NA,NA,NA,NA,NA
25.842,1.7475,1.7124,0.9844,1.8129,NA,NA,NA,NA,NA,NA,NA,NA,NA,NA,NA,NA
25.943,1.7440,1.5141,0.9841,1.7829,NA,NA,NA,NA,NA,NA,NA,NA,NA,NA,NA,NA
26.037,1.7440,1.5110,0.9843,1.8033,NA,NA,NA,NA,NA,NA,NA,NA,NA,NA,NA,NA
26.129,1.7440,1.5110,0.9843,1.8033,NA,NA,NA,NA,NA,NA,NA,NA,NA,NA,NA,NA
26.232,1.7423,1.4094,0.9843,1.7996,NA,NA,NA,NA,NA,NA,NA,NA,NA,NA,NA,NA
26.330,1.7398,1.2666,0.9841,1.7794,NA,NA,NA,NA,NA,NA,NA,NA,NA,NA,NA,NA
26.429,1.7389,1.2136,0.9838,1.7485,NA,NA,NA,NA,NA,NA,NA,NA,NA,NA,NA,NA
26.525,1.7392,1.2336,0.9838,1.7485,NA,NA,NA,NA,NA,NA,NA,NA,NA,NA,NA,NA
26.662,1.7392,1.2336,0.9829,1.6601,NA,NA,NA,NA,NA,NA,NA,NA,NA,NA,NA,NA
26.719,1.7379,1.1538,0.9831,1.6791,NA,NA,NA,NA,NA,NA,NA,NA,NA,NA,NA,NA
26.818,1.7378,1.1511,0.9831,1.6791,NA,NA,NA,NA,NA,NA,NA,NA,NA,NA,NA,NA
26.914,1.7403,1.2951,0.9827,1.6396,NA,NA,NA,NA,NA,NA,NA,NA,NA,NA,NA,NA
27.018,1.7403,1.2951,0.9827,1.6396,NA,NA,NA,NA,NA,NA,NA,NA,NA,NA,NA,NA
27.118,1.7418,1.3825,0.9831,1.6793,NA,NA,NA,NA,NA,NA,NA,NA,NA,NA,NA,NA
27.208,1.7418,1.3825,0.9837,1.7357,NA,NA,NA,NA,NA,NA,NA,NA,NA,NA,NA,NA
27.300,1.7396,1.2550,0.9838,1.7497,NA,NA,NA,NA,NA,NA,NA,NA,NA,NA,NA,NA
27.399,1.7396,1.2550,0.9840,1.7707,NA,NA,NA,NA,NA,NA,NA,NA,NA,NA,NA,NA
27.501,1.7371,1.1102,0.9840,1.7707,NA,NA,NA,NA,NA,NA,NA,NA,NA,NA,NA,NA
27.602,1.7364,1.0717,0.9839,1.7638,NA,NA,NA,NA,NA,NA,NA,NA,NA,NA,NA,NA
27.710,1.7360,1.0467,0.9835,1.7188,NA,NA,NA,NA,NA,NA,NA,NA,NA,NA,NA,NA
27.808,1.7382,1.1753,0.9835,1.7188,NA,NA,NA,NA,NA,NA,NA,NA,NA,NA,NA,NA
27.895,1.7382,1.1753,0.9822,1.5838,NA,NA,NA,NA,NA,NA,NA,NA,NA,NA,NA,NA
27.988,1.7389,1.2129,0.9819,1.5565,NA,NA,NA,NA,NA,NA,NA,NA,NA,NA,NA,NA
28.095,1.7389,1.2129,0.9814,1.5033,NA,NA,NA,NA,NA,NA,NA,NA,NA,NA,NA,NA
28.188,1.7357,1.0307,0.9810,1.4555,NA,NA,NA,NA,NA,NA,NA,NA,NA,NA,NA,NA
28.284,1.7304,0.7211,0.9810,1.4601,NA,NA,NA,NA,NA,NA,NA,NA,NA,NA,NA,NA
28.455,1.7292,0.6494,0.9810,1.4601,NA,NA,NA,NA,NA,NA,NA,NA,NA,NA,NA,NA
28.488,1.7290,0.6390,0.9810,1.4639,NA,NA,NA,NA,NA,NA,NA,NA,NA,NA,NA,NA
28.592,1.7309,0.7506,0.9810,1.4639,NA,NA,NA,NA,NA,NA,NA,NA,NA,NA,NA,NA
28.679,1.7326,0.8478,0.9807,1.4322,NA,NA,NA,NA,NA,NA,NA,NA,NA,NA,NA,NA
28.775,1.7326,0.8478,0.9799,1.3417,NA,NA,NA,NA,NA,NA,NA,NA,NA,NA,NA,NA
28.873,1.7332,0.8830,0.9800,1.3550,NA,NA,NA,NA,NA,NA,NA,NA,NA,NA,NA,NA
28.999,1.7332,0.8830,0.9800,1.3550,NA,NA,NA,NA,NA,NA,NA,NA,NA,NA,NA,NA
29.078,1.7331,0.8795,0.9797,1.3195,NA,NA,NA,NA,NA,NA,NA,NA,NA,NA,NA,NA
29.172,1.7300,0.6961,0.9793,1.2820,NA,NA,NA,NA,NA,NA,NA,NA,NA,NA,NA,NA
29.273,1.7300,0.6961,0.9792,1.2717,NA,NA,NA,NA,NA,NA,NA,NA,NA,NA,NA,NA
29.366,1.7305,0.7282,0.9790,1.2480,NA,NA,NA,NA,NA,NA,NA,NA,NA,NA,NA,NA
29.467,1.7305,0.7282,0.9793,1.2819,NA,NA,NA,NA,NA,NA,NA,NA,NA,NA,NA,NA
29.559,1.7298,0.6826,0.9793,1.2819,NA,NA,NA,NA,NA,NA,NA,NA,NA,NA,NA,NA
29.668,1.7240,0.3448,0.9782,1.1719,NA,NA,NA,NA,NA,NA,NA,NA,NA,NA,NA,NA
29.756,1.7241,0.3542,0.9782,1.1656,NA,NA,NA,NA,NA,NA,NA,NA,NA,NA,NA,NA
29.861,1.7266,0.4992,0.9782,1.1656,NA,NA,NA,NA,NA,NA,NA,NA,NA,NA,NA,NA
29.954,1.7266,0.4992,0.9773,1.0789,NA,NA,NA,NA,NA,NA,NA,NA,NA,NA,NA,NA
30.053,1.7214,0.1936,0.9771,1.0563,NA,NA,NA,NA,NA,NA,NA,NA,NA,NA,NA,NA
30.146,1.7198,0.1033,0.9774,1.0878,NA,NA,NA,NA,NA,NA,NA,NA,NA,NA,NA,NA
30.267,1.7193,0.0722,0.9776,1.1042,NA,NA,NA,NA,NA,NA,NA,NA,NA,NA,NA,NA
30.347,1.7221,0.2368,0.9776,1.1069,NA,NA,NA,NA,NA,NA,NA,NA,NA,NA,NA,NA
30.441,1.7221,0.2368,0.9776,1.1069,NA,NA,NA,NA,NA,NA,NA,NA,NA,NA,NA,NA
30.547,1.7228,0.2761,0.9775,1.1008,NA,NA,NA,NA,NA,NA,NA,NA,NA,NA,NA,NA
30.635,1.7228,0.2761,0.9771,1.0565,NA,NA,NA,NA,NA,NA,NA,NA,NA,NA,NA,NA
30.794,1.7243,0.3622,0.9772,1.0650,NA,NA,NA,NA,NA,NA,NA,NA,NA,NA,NA,NA
30.843,1.7243,0.3622,0.9773,1.0805,NA,NA,NA,NA,NA,NA,NA,NA,NA,NA,NA,NA
30.934,1.7236,0.3248,0.9773,1.0805,NA,NA,NA,NA,NA,NA,NA,NA,NA,NA,NA,NA
31.024,1.7218,0.2216,0.9763,0.9742,NA,NA,NA,NA,NA,NA,NA,NA,NA,NA,NA,NA
31.128,1.7222,0.2449,0.9763,0.9742,NA,NA,NA,NA,NA,NA,NA,NA,NA,NA,NA,NA
31.224,1.7222,0.2449,0.9765,0.9948,NA,NA,NA,NA,NA,NA,NA,NA,NA,NA,NA,NA
31.391,1.7222,0.2451,0.9770,1.0463,NA,NA,NA,NA,NA,NA,NA,NA,NA,NA,NA,NA
31.428,1.7222,0.2451,0.9770,1.0463,NA,NA,NA,NA,NA,NA,NA,NA,NA,NA,NA,NA
31.517,1.7223,0.2506,0.9769,1.0332,NA,NA,NA,NA,NA,NA,NA,NA,NA,NA,NA,NA
31.618,1.7223,0.2506,0.9764,0.9856,NA,NA,NA,NA,NA,NA,NA,NA,NA,NA,NA,NA
31.715,1.7217,0.2116,0.9764,0.9806,NA,NA,NA,NA,NA,NA,NA,NA,NA,NA,NA,NA
31.816,1.7210,0.1747,0.9769,1.0395,NA,NA,NA,NA,NA,NA,NA,NA,NA,NA,NA,NA
31.941,1.7140,-0.2325,0.9771,1.0568,NA,NA,NA,NA,NA,NA,NA,NA,NA,NA,NA,NA
32.011,1.7176,-0.0245,0.9771,1.0568,NA,NA,NA,NA,NA,NA,NA,NA,NA,NA,NA,NA
32.106,1.7183,0.0130,0.9767,1.0169,NA,NA,NA,NA,NA,NA,NA,NA,NA,NA,NA,NA
32.201,1.7215,0.2027,0.9767,1.0104,NA,NA,NA,NA,NA,NA,NA,NA,NA,NA,NA,NA
32.300,1.7216,0.2055,0.9763,0.9702,NA,NA,NA,NA,NA,NA,NA,NA,NA,NA,NA,NA
32.402,1.7256,0.4415,0.9763,0.9702,NA,NA,NA,NA,NA,NA,NA,NA,NA,NA,NA,NA
32.497,1.7256,0.4415,0.9761,0.9510,NA,NA,NA,NA,NA,NA,NA,NA,NA,NA,NA,NA
32.607,1.7231,0.2939,0.9761,0.9510,NA,NA,NA,NA,NA,NA,NA,NA,NA,NA,NA,NA
32.702,1.7202,0.1271,0.9751,0.8447,NA,NA,NA,NA,NA,NA,NA,NA,NA,NA,NA,NA
32.792,1.7198,0.1014,0.9750,0.8411,NA,NA,NA,NA,NA,NA,NA,NA,NA,NA,NA,NA
32.897,1.7192,0.0671,0.9743,0.7663,NA,NA,NA,NA,NA,NA,NA,NA,NA,NA,NA,NA
32.992,1.7203,0.1336,0.9743,0.7621,NA,NA,NA,NA,NA,NA,NA,NA,NA,NA,NA,NA
33.086,1.7203,0.1336,0.9741,0.7492,NA,NA,NA,NA,NA,NA,NA,NA,NA,NA,NA,NA
33.180,1.7195,0.0858,0.9739,0.7213,NA,NA,NA,NA,NA,NA,NA,NA,NA,NA,NA,NA
33.297,1.7195,0.0858,0.9736,0.6923,NA,NA,NA,NA,NA,NA,NA,NA,NA,NA,NA,NA
33.384,1.7420,1.3943,0.9814,1.4982,NA,NA,NA,NA,NA,NA,NA,NA,NA,NA,NA,NA
33.485,1.7669,2.8468,0.9953,2.9402,NA,NA,NA,NA,NA,NA,NA,NA,NA,NA,NA,NA
33.577,1.8023,4.9023,1.0063,4.0714,NA,NA,NA,NA,NA,NA,NA,NA,NA,NA,NA,NA
33.671,1.8171,5.7673,1.0176,5.2444,NA,NA,NA,NA,NA,NA,NA,NA,NA,NA,NA,NA
33.769,1.8331,6.7000,1.0254,6.0523,NA,NA,NA,NA,NA,NA,NA,NA,NA,NA,NA,NA
33.866,1.8439,7.3245,1.0368,7.2308,NA,NA,NA,NA,NA,NA,NA,NA,NA,NA,NA,NA
33.967,1.8596,8.2412,1.0435,7.9264,NA,NA,NA,NA,NA,NA,NA,NA,NA,NA,NA,NA
34.066,1.8657,8.5927,1.0493,8.5250,NA,NA,NA,NA,NA,NA,NA,NA,NA,NA,NA,NA
34.173,1.8807,9.4674,1.0523,8.8301,NA,NA,NA,NA,NA,NA,NA,NA,NA,NA,NA,NA
34.265,1.8892,9.9604,1.0575,9.3692,NA,NA,NA,NA,NA,NA,NA,NA,NA,NA,NA,NA
34.364,1.8935,10.2119,1.0608,9.7160,NA,NA,NA,NA,NA,NA,NA,NA,NA,NA,NA,NA
34.459,1.9015,10.6796,1.0634,9.9835,NA,NA,NA,NA,NA,NA,NA,NA,NA,NA,NA,NA
34.554,1.9038,10.8105,1.0667,10.3250,NA,NA,NA,NA,NA,NA,NA,NA,NA,NA,NA,NA
34.659,1.9055,10.9108,1.0667,10.3250,NA,NA,NA,NA,NA,NA,NA,NA,NA,NA,NA,NA
34.751,1.9055,10.9108,1.0668,10.3367,NA,NA,NA,NA,NA,NA,NA,NA,NA,NA,NA,NA
34.846,1.9010,10.6513,1.0668,10.3367,NA,NA,NA,NA,NA,NA,NA,NA,NA,NA,NA,NA
35.001,1.9007,10.6309,1.0668,10.3332,NA,NA,NA,NA,NA,NA,NA,NA,NA,NA,NA,NA
35.038,1.8962,10.3676,1.0662,10.2721,NA,NA,NA,NA,NA,NA,NA,NA,NA,NA,NA,NA
35.138,1.8842,9.6732,1.0643,10.0761,NA,NA,NA,NA,NA,NA,NA,NA,NA,NA,NA,NA
35.244,1.8799,9.4215,1.0624,9.8734,NA,NA,NA,NA,NA,NA,NA,NA,NA,NA,NA,NA
35.336,1.8659,8.6080,1.0601,9.6417,NA,NA,NA,NA,NA,NA,NA,NA,NA,NA,NA,NA
35.452,1.8607,8.3015,1.0587,9.4993,NA,NA,NA,NA,NA,NA,NA,NA,NA,NA,NA,NA
35.582,1.8576,8.1257,1.0569,9.3127,NA,NA,NA,NA,NA,NA,NA,NA,NA,NA,NA,NA
35.642,1.8558,8.0200,1.0552,9.1376,NA,NA,NA,NA,NA,NA,NA,NA,NA,NA,NA,NA
35.727,1.8462,7.4597,1.0528,8.8831,NA,NA,NA,NA,NA,NA,NA,NA,NA,NA,NA,NA
35.825,1.8423,7.2358,1.0517,8.7742,NA,NA,NA,NA,NA,NA,NA,NA,NA,NA,NA,NA
35.924,1.8423,7.2358,1.0507,8.6631,NA,NA,NA,NA,NA,NA,NA,NA,NA,NA,NA,NA
36.019,1.8424,7.2409,1.0493,8.5277,NA,NA,NA,NA,NA,NA,NA,NA,NA,NA,NA,NA
36.125,1.8424,7.2409,1.0478,8.3642,NA,NA,NA,NA,NA,NA,NA,NA,NA,NA,NA,NA
36.255,1.8381,6.9881,1.0470,8.2823,NA,NA,NA,NA,NA,NA,NA,NA,NA,NA,NA,NA
36.315,1.8358,6.8553,1.0464,8.2185,NA,NA,NA,NA,NA,NA,NA,NA,NA,NA,NA,NA
36.409,1.8289,6.4544,1.0449,8.0676,NA,NA,NA,NA,NA,NA,NA,NA,NA,NA,NA,NA
36.517,1.8258,6.2704,1.0441,7.9804,NA,NA,NA,NA,NA,NA,NA,NA,NA,NA,NA,NA
36.607,1.8238,6.1577,1.0423,7.7942,NA,NA,NA,NA,NA,NA,NA,NA,NA,NA,NA,NA
36.709,1.8261,6.2882,1.0412,7.6872,NA,NA,NA,NA,NA,NA,NA,NA,NA,NA,NA,NA
36.806,1.8261,6.2882,1.0404,7.6010,NA,NA,NA,NA,NA,NA,NA,NA,NA,NA,NA,NA
36.915,1.8236,6.1439,1.0382,7.3726,NA,NA,NA,NA,NA,NA,NA,NA,NA,NA,NA,NA
36.997,1.8208,5.9831,1.0368,7.2324,NA,NA,NA,NA,NA,NA,NA,NA,NA,NA,NA,NA
37.096,1.8148,5.6338,1.0348,7.0208,NA,NA,NA,NA,NA,NA,NA,NA,NA,NA,NA,NA
37.195,1.8124,5.4943,1.0332,6.8559,NA,NA,NA,NA,NA,NA,NA,NA,NA,NA,NA,NA
37.297,1.8141,5.5917,1.0334,6.8791,NA,NA,NA,NA,NA,NA,NA,NA,NA,NA,NA,NA
37.416,1.8405,7.1279,1.0390,7.4624,NA,NA,NA,NA,NA,NA,NA,NA,NA,NA,NA,NA
37.489,1.8595,8.2345,1.0455,8.1282,NA,NA,NA,NA,NA,NA,NA,NA,NA,NA,NA,NA
37.587,1.8802,9.4418,1.0522,8.8240,NA,NA,NA,NA,NA,NA,NA,NA,NA,NA,NA,NA
37.683,1.8918,10.1135,1.0583,9.4533,NA,NA,NA,NA,NA,NA,NA,NA,NA,NA,NA,NA
37.781,1.8975,10.4466,1.0619,9.8229,NA,NA,NA,NA,NA,NA,NA,NA,NA,NA,NA,NA
37.888,1.9003,10.6066,1.0637,10.0074,NA,NA,NA,NA,NA,NA,NA,NA,NA,NA,NA,NA
38.076,1.9005,10.6183,1.0639,10.0331,NA,NA,NA,NA,NA,NA,NA,NA,NA,NA,NA,NA
38.080,1.9005,10.6183,1.0639,10.0331,NA,NA,NA,NA,NA,NA,NA,NA,NA,NA,NA,NA
38.186,1.8989,10.5261,1.0635,9.9940,NA,NA,NA,NA,NA,NA,NA,NA,NA,NA,NA,NA
38.275,1.8848,9.7080,1.0622,9.8615,NA,NA,NA,NA,NA,NA,NA,NA,NA,NA,NA,NA
38.377,1.8789,9.3625,1.0604,9.6673,NA,NA,NA,NA,NA,NA,NA,NA,NA,NA,NA,NA
38.474,1.8658,8.6009,1.0556,9.1700,NA,NA,NA,NA,NA,NA,NA,NA,NA,NA,NA,NA
38.577,1.8602,8.2748,1.0535,8.9564,NA,NA,NA,NA,NA,NA,NA,NA,NA,NA,NA,NA
38.667,1.8525,7.8273,1.0526,8.8658,NA,NA,NA,NA,NA,NA,NA,NA,NA,NA,NA,NA
38.763,1.8442,7.3445,1.0497,8.5684,NA,NA,NA,NA,NA,NA,NA,NA,NA,NA,NA,NA
38.875,1.8399,7.0916,1.0459,8.1736,NA,NA,NA,NA,NA,NA,NA,NA,NA,NA,NA,NA
38.957,1.8332,6.7032,1.0456,8.1402,NA,NA,NA,NA,NA,NA,NA,NA,NA,NA,NA,NA
39.058,1.8327,6.6720,1.0446,8.0340,NA,NA,NA,NA,NA,NA,NA,NA,NA,NA,NA,NA
39.158,1.8285,6.4312,1.0435,7.9277,NA,NA,NA,NA,NA,NA,NA,NA,NA,NA,NA,NA
39.253,1.8276,6.3751,1.0422,7.7845,NA,NA,NA,NA,NA,NA,NA,NA,NA,NA,NA,NA
39.348,1.8229,6.1027,1.0404,7.5982,NA,NA,NA,NA,NA,NA,NA,NA,NA,NA,NA,NA
39.444,1.8224,6.0757,1.0398,7.5372,NA,NA,NA,NA,NA,NA,NA,NA,NA,NA,NA,NA
39.553,1.8175,5.7922,1.0395,7.5047,NA,NA,NA,NA,NA,NA,NA,NA,NA,NA,NA,NA
39.645,1.8195,5.9066,1.0389,7.4507,NA,NA,NA,NA,NA,NA,NA,NA,NA,NA,NA,NA
39.793,1.8195,5.9066,1.0380,7.3536,NA,NA,NA,NA,NA,NA,NA,NA,NA,NA,NA,NA
39.840,1.8207,5.9772,1.0379,7.3470,NA,NA,NA,NA,NA,NA,NA,NA,NA,NA,NA,NA
39.936,1.8207,5.9772,1.0374,7.2972,NA,NA,NA,NA,NA,NA,NA,NA,NA,NA,NA,NA
40.036,1.8181,5.8239,1.0374,7.2972,NA,NA,NA,NA,NA,NA,NA,NA,NA,NA,NA,NA
40.137,1.8181,5.8239,1.0361,7.1590,NA,NA,NA,NA,NA,NA,NA,NA,NA,NA,NA,NA
40.232,1.8153,5.6590,1.0348,7.0213,NA,NA,NA,NA,NA,NA,NA,NA,NA,NA,NA,NA
40.379,1.8132,5.5400,1.0332,6.8531,NA,NA,NA,NA,NA,NA,NA,NA,NA,NA,NA,NA
40.426,1.8098,5.3417,1.0315,6.6867,NA,NA,NA,NA,NA,NA,NA,NA,NA,NA,NA,NA
40.524,1.8098,5.3417,1.0306,6.5933,NA,NA,NA,NA,NA,NA,NA,NA,NA,NA,NA,NA
40.629,1.8086,5.2732,1.0298,6.5019,NA,NA,NA,NA,NA,NA,NA,NA,NA,NA,NA,NA
40.718,1.8160,5.7008,1.0353,7.0746,NA,NA,NA,NA,NA,NA,NA,NA,NA,NA,NA,NA
40.820,1.8368,6.9099,1.0416,7.7314,NA,NA,NA,NA,NA,NA,NA,NA,NA,NA,NA,NA
40.924,1.8601,8.2678,1.0512,8.7168,NA,NA,NA,NA,NA,NA,NA,NA,NA,NA,NA,NA
41.008,1.8820,9.5461,1.0587,9.4996,NA,NA,NA,NA,NA,NA,NA,NA,NA,NA,NA,NA
41.108,1.9068,10.9875,1.0670,10.3573,NA,NA,NA,NA,NA,NA,NA,NA,NA,NA,NA,NA
41.215,1.9159,11.5152,1.0751,11.1913,NA,NA,NA,NA,NA,NA,NA,NA,NA,NA,NA,NA
41.308,1.9331,12.5202,1.0849,12.2073,NA,NA,NA,NA,NA,NA,NA,NA,NA,NA,NA,NA
41.409,1.9419,13.0320,1.0938,13.1268,NA,NA,NA,NA,NA,NA,NA,NA,NA,NA,NA,NA
41.507,1.9483,13.4045,1.1012,13.8919,NA,NA,NA,NA,NA,NA,NA,NA,NA,NA,NA,NA
41.608,1.9591,14.0301,1.1050,14.2864,NA,NA,NA,NA,NA,NA,NA,NA,NA,NA,NA,NA
41.701,1.9658,14.4195,1.1139,15.2046,NA,NA,NA,NA,NA,NA,NA,NA,NA,NA,NA,NA
41.794,1.9779,15.1247,1.1181,15.6345,NA,NA,NA,NA,NA,NA,NA,NA,NA,NA,NA,NA
41.896,1.9837,15.4659,1.1218,16.0247,NA,NA,NA,NA,NA,NA,NA,NA,NA,NA,NA,NA
41.999,1.9939,16.0593,1.1254,16.3917,NA,NA,NA,NA,NA,NA,NA,NA,NA,NA,NA,NA
42.094,1.9939,16.0593,1.1286,16.7244,NA,NA,NA,NA,NA,NA,NA,NA,NA,NA,NA,NA
42.190,1.9911,15.8931,1.1311,16.9827,NA,NA,NA,NA,NA,NA,NA,NA,NA,NA,NA,NA
42.287,1.9968,16.2252,1.1341,17.2919,NA,NA,NA,NA,NA,NA,NA,NA,NA,NA,NA,NA
42.384,1.9979,16.2923,1.1352,17.4075,NA,NA,NA,NA,NA,NA,NA,NA,NA,NA,NA,NA
42.480,2.0077,16.8597,1.1358,17.4715,NA,NA,NA,NA,NA,NA,NA,NA,NA,NA,NA,NA
42.586,2.0077,16.8597,1.1374,17.6316,NA,NA,NA,NA,NA,NA,NA,NA,NA,NA,NA,NA
42.687,2.0050,16.7052,1.1385,17.7459,NA,NA,NA,NA,NA,NA,NA,NA,NA,NA,NA,NA
42.778,2.0050,16.7052,1.1385,17.7459,NA,NA,NA,NA,NA,NA,NA,NA,NA,NA,NA,NA
42.872,1.9994,16.3758,1.1356,17.4509,NA,NA,NA,NA,NA,NA,NA,NA,NA,NA,NA,NA
42.980,1.9994,16.3758,1.1321,17.0882,NA,NA,NA,NA,NA,NA,NA,NA,NA,NA,NA,NA
43.073,1.9921,15.9536,1.1314,17.0119,NA,NA,NA,NA,NA,NA,NA,NA,NA,NA,NA,NA
43.174,1.9855,15.5682,1.1306,16.9355,NA,NA,NA,NA,NA,NA,NA,NA,NA,NA,NA,NA
43.271,1.9786,15.1691,1.1273,16.5948,NA,NA,NA,NA,NA,NA,NA,NA,NA,NA,NA,NA
43.368,1.9740,14.8969,1.1258,16.4359,NA,NA,NA,NA,NA,NA,NA,NA,NA,NA,NA,NA
43.461,1.9718,14.7717,1.1228,16.1235,NA,NA,NA,NA,NA,NA,NA,NA,NA,NA,NA,NA
43.562,1.9595,14.0562,1.1215,15.9930,NA,NA,NA,NA,NA,NA,NA,NA,NA,NA,NA,NA
43.660,1.9593,14.0413,1.1186,15.6867,NA,NA,NA,NA,NA,NA,NA,NA,NA,NA,NA,NA
43.753,1.9504,13.5235,1.1160,15.4173,NA,NA,NA,NA,NA,NA,NA,NA,NA,NA,NA,NA
43.856,1.9477,13.3684,1.1125,15.0543,NA,NA,NA,NA,NA,NA,NA,NA,NA,NA,NA,NA
43.969,1.9440,13.1546,1.1108,14.8797,NA,NA,NA,NA,NA,NA,NA,NA,NA,NA,NA,NA
44.050,1.9440,13.1546,1.1088,14.6767,NA,NA,NA,NA,NA,NA,NA,NA,NA,NA,NA,NA
44.149,1.9417,13.0209,1.1066,14.4445,NA,NA,NA,NA,NA,NA,NA,NA,NA,NA,NA,NA
44.248,1.9467,13.3085,1.1054,14.3283,NA,NA,NA,NA,NA,NA,NA,NA,NA,NA,NA,NA
44.340,1.9467,13.3085,1.1051,14.2893,NA,NA,NA,NA,NA,NA,NA,NA,NA,NA,NA,NA
44.443,1.9411,12.9840,1.1045,14.2324,NA,NA,NA,NA,NA,NA,NA,NA,NA,NA,NA,NA
44.541,1.9411,12.9840,1.1037,14.1466,NA,NA,NA,NA,NA,NA,NA,NA,NA,NA,NA,NA
44.651,1.9402,12.9328,1.1025,14.0287,NA,NA,NA,NA,NA,NA,NA,NA,NA,NA,NA,NA
44.735,1.9402,12.9328,1.1010,13.8681,NA,NA,NA,NA,NA,NA,NA,NA,NA,NA,NA,NA
44.833,1.9382,12.8161,1.1001,13.7747,NA,NA,NA,NA,NA,NA,NA,NA,NA,NA,NA,NA
44.928,1.9354,12.6517,1.0996,13.7262,NA,NA,NA,NA,NA,NA,NA,NA,NA,NA,NA,NA
45.032,1.9354,12.6517,1.0993,13.6895,NA,NA,NA,NA,NA,NA,NA,NA,NA,NA,NA,NA
45.129,1.9316,12.4300,1.0984,13.6012,NA,NA,NA,NA,NA,NA,NA,NA,NA,NA,NA,NA
45.226,1.9316,12.4300,1.0979,13.5443,NA,NA,NA,NA,NA,NA,NA,NA,NA,NA,NA,NA
45.328,1.9268,12.1505,1.0975,13.5124,NA,NA,NA,NA,NA,NA,NA,NA,NA,NA,NA,NA
45.423,1.9265,12.1325,1.0968,13.4316,NA,NA,NA,NA,NA,NA,NA,NA,NA,NA,NA,NA
45.519,1.9235,11.9589,1.0963,13.3853,NA,NA,NA,NA,NA,NA,NA,NA,NA,NA,NA,NA
45.617,1.9174,11.6046,1.0950,13.2484,NA,NA,NA,NA,NA,NA,NA,NA,NA,NA,NA,NA
45.724,1.9163,11.5389,1.0936,13.1059,NA,NA,NA,NA,NA,NA,NA,NA,NA,NA,NA,NA
45.808,1.9128,11.3377,1.0927,13.0153,NA,NA,NA,NA,NA,NA,NA,NA,NA,NA,NA,NA
45.906,1.9080,11.0584,1.0922,12.9587,NA,NA,NA,NA,NA,NA,NA,NA,NA,NA,NA,NA
46.007,1.9072,11.0097,1.0903,12.7638,NA,NA,NA,NA,NA,NA,NA,NA,NA,NA,NA,NA
46.104,1.9072,11.0097,1.0894,12.6679,NA,NA,NA,NA,NA,NA,NA,NA,NA,NA,NA,NA
46.210,1.9053,10.9006,1.0887,12.5975,NA,NA,NA,NA,NA,NA,NA,NA,NA,NA,NA,NA
46.300,1.9052,10.8930,1.0863,12.3506,NA,NA,NA,NA,NA,NA,NA,NA,NA,NA,NA,NA
46.400,1.9013,10.6661,1.0850,12.2111,NA,NA,NA,NA,NA,NA,NA,NA,NA,NA,NA,NA
46.495,1.9013,10.6661,1.0831,12.0184,NA,NA,NA,NA,NA,NA,NA,NA,NA,NA,NA,NA
46.589,1.8956,10.3342,1.0823,11.9377,NA,NA,NA,NA,NA,NA,NA,NA,NA,NA,NA,NA
46.692,1.8943,10.2621,1.0818,11.8861,NA,NA,NA,NA,NA,NA,NA,NA,NA,NA,NA,NA
46.792,1.8880,9.8922,1.0806,11.7613,NA,NA,NA,NA,NA,NA,NA,NA,NA,NA,NA,NA
46.887,1.8873,9.8507,1.0793,11.6246,NA,NA,NA,NA,NA,NA,NA,NA,NA,NA,NA,NA
47.018,1.8864,9.7975,1.0786,11.5542,NA,NA,NA,NA,NA,NA,NA,NA,NA,NA,NA,NA
47.083,1.8852,9.7289,1.0774,11.4243,NA,NA,NA,NA,NA,NA,NA,NA,NA,NA,NA,NA
47.185,1.8869,9.8317,1.0766,11.3474,NA,NA,NA,NA,NA,NA,NA,NA,NA,NA,NA,NA
47.281,1.8996,10.5679,1.0815,11.8553,NA,NA,NA,NA,NA,NA,NA,NA,NA,NA,NA,NA
47.386,1.9137,11.3902,1.0893,12.6648,NA,NA,NA,NA,NA,NA,NA,NA,NA,NA,NA,NA
47.473,1.9260,12.1045,1.0960,13.3557,NA,NA,NA,NA,NA,NA,NA,NA,NA,NA,NA,NA
47.618,1.9536,13.7116,1.1023,14.0040,NA,NA,NA,NA,NA,NA,NA,NA,NA,NA,NA,NA
47.676,1.9655,14.4059,1.1075,14.5417,NA,NA,NA,NA,NA,NA,NA,NA,NA,NA,NA,NA
47.775,1.9883,15.7295,1.1143,15.2470,NA,NA,NA,NA,NA,NA,NA,NA,NA,NA,NA,NA
47.872,1.9976,16.2734,1.1217,16.0105,NA,NA,NA,NA,NA,NA,NA,NA,NA,NA,NA,NA
47.969,2.0152,17.2988,1.1301,16.8802,NA,NA,NA,NA,NA,NA,NA,NA,NA,NA,NA,NA
48.072,2.0231,17.7588,1.1340,17.2783,NA,NA,NA,NA,NA,NA,NA,NA,NA,NA,NA,NA
48.178,2.0269,17.9785,1.1428,18.1981,NA,NA,NA,NA,NA,NA,NA,NA,NA,NA,NA,NA
48.257,2.0412,18.8119,1.1491,18.8456,NA,NA,NA,NA,NA,NA,NA,NA,NA,NA,NA,NA
48.358,2.0475,19.1754,1.1534,19.2850,NA,NA,NA,NA,NA,NA,NA,NA,NA,NA,NA,NA
48.458,2.0577,19.7704,1.1574,19.7055,NA,NA,NA,NA,NA,NA,NA,NA,NA,NA,NA,NA
48.549,2.0616,20.0001,1.1632,20.3079,NA,NA,NA,NA,NA,NA,NA,NA,NA,NA,NA,NA
48.651,2.0702,20.4978,1.1659,20.5814,NA,NA,NA,NA,NA,NA,NA,NA,NA,NA,NA,NA
48.746,2.0702,20.4978,1.1684,20.8433,NA,NA,NA,NA,NA,NA,NA,NA,NA,NA,NA,NA
48.849,2.0676,20.3476,1.1710,21.1047,NA,NA,NA,NA,NA,NA,NA,NA,NA,NA,NA,NA
48.946,2.0656,20.2286,1.1710,21.1047,NA,NA,NA,NA,NA,NA,NA,NA,NA,NA,NA,NA
49.042,2.0650,20.1950,1.1710,21.1092,NA,NA,NA,NA,NA,NA,NA,NA,NA,NA,NA,NA
49.137,2.0634,20.1004,1.1710,21.1092,NA,NA,NA,NA,NA,NA,NA,NA,NA,NA,NA,NA
49.247,2.0623,20.0399,1.1681,20.8130,NA,NA,NA,NA,NA,NA,NA,NA,NA,NA,NA,NA
49.337,2.0506,19.3582,1.1650,20.4854,NA,NA,NA,NA,NA,NA,NA,NA,NA,NA,NA,NA
49.462,2.0349,18.4442,1.1587,19.8358,NA,NA,NA,NA,NA,NA,NA,NA,NA,NA,NA,NA
49.536,2.0167,17.3822,1.1550,19.4537,NA,NA,NA,NA,NA,NA,NA,NA,NA,NA,NA,NA
49.628,2.0100,16.9956,1.1529,19.2404,NA,NA,NA,NA,NA,NA,NA,NA,NA,NA,NA,NA
49.743,1.9978,16.2854,1.1510,19.0385,NA,NA,NA,NA,NA,NA,NA,NA,NA,NA,NA,NA
49.821,1.9927,15.9898,1.1480,18.7324,NA,NA,NA,NA,NA,NA,NA,NA,NA,NA,NA,NA
49.924,1.9912,15.9018,1.1453,18.4508,NA,NA,NA,NA,NA,NA,NA,NA,NA,NA,NA,NA
50.019,1.9862,15.6111,1.1415,18.0583,NA,NA,NA,NA,NA,NA,NA,NA,NA,NA,NA,NA
50.119,1.9792,15.2007,1.1392,17.8191,NA,NA,NA,NA,NA,NA,NA,NA,NA,NA,NA,NA
50.213,1.9664,14.4588,1.1376,17.6545,NA,NA,NA,NA,NA,NA,NA,NA,NA,NA,NA,NA
50.313,1.9652,14.3841,1.1364,17.5324,NA,NA,NA,NA,NA,NA,NA,NA,NA,NA,NA,NA
50.416,1.9594,14.0506,1.1345,17.3367,NA,NA,NA,NA,NA,NA,NA,NA,NA,NA,NA,NA
50.511,1.9585,13.9984,1.1336,17.2406,NA,NA,NA,NA,NA,NA,NA,NA,NA,NA,NA,NA
50.647,1.9581,13.9758,1.1314,17.0134,NA,NA,NA,NA,NA,NA,NA,NA,NA,NA,NA,NA
50.711,1.9530,13.6740,1.1301,16.8810,NA,NA,NA,NA,NA,NA,NA,NA,NA,NA,NA,NA
50.817,1.9530,13.6740,1.1284,16.7077,NA,NA,NA,NA,NA,NA,NA,NA,NA,NA,NA,NA
50.904,1.9528,13.6644,1.1279,16.6547,NA,NA,NA,NA,NA,NA,NA,NA,NA,NA,NA,NA
50.997,1.9528,13.6644,1.1263,16.4826,NA,NA,NA,NA,NA,NA,NA,NA,NA,NA,NA,NA
51.105,1.9502,13.5150,1.1257,16.4225,NA,NA,NA,NA,NA,NA,NA,NA,NA,NA,NA,NA
51.214,1.9502,13.5150,1.1244,16.2878,NA,NA,NA,NA,NA,NA,NA,NA,NA,NA,NA,NA
51.289,1.9490,13.4442,1.1231,16.1595,NA,NA,NA,NA,NA,NA,NA,NA,NA,NA,NA,NA
51.388,1.9463,13.2887,1.1219,16.0361,NA,NA,NA,NA,NA,NA,NA,NA,NA,NA,NA,NA
51.492,1.9463,13.2887,1.1212,15.9596,NA,NA,NA,NA,NA,NA,NA,NA,NA,NA,NA,NA
51.590,1.9479,13.3768,1.1209,15.9247,NA,NA,NA,NA,NA,NA,NA,NA,NA,NA,NA,NA
51.689,1.9479,13.3768,1.1200,15.8382,NA,NA,NA,NA,NA,NA,NA,NA,NA,NA,NA,NA
51.781,1.9440,13.1530,1.1193,15.7628,NA,NA,NA,NA,NA,NA,NA,NA,NA,NA,NA,NA
51.884,1.9440,13.1530,1.1189,15.7201,NA,NA,NA,NA,NA,NA,NA,NA,NA,NA,NA,NA
51.975,1.9416,13.0138,1.1172,15.5487,NA,NA,NA,NA,NA,NA,NA,NA,NA,NA,NA,NA
52.093,1.9360,12.6868,1.1172,15.5418,NA,NA,NA,NA,NA,NA,NA,NA,NA,NA,NA,NA
52.175,1.9349,12.6245,1.1158,15.4043,NA,NA,NA,NA,NA,NA,NA,NA,NA,NA,NA,NA
52.270,1.9349,12.6245,1.1140,15.2155,NA,NA,NA,NA,NA,NA,NA,NA,NA,NA,NA,NA
52.384,1.9329,12.5093,1.1137,15.1853,NA,NA,NA,NA,NA,NA,NA,NA,NA,NA,NA,NA
52.468,1.9301,12.3435,1.1127,15.0840,NA,NA,NA,NA,NA,NA,NA,NA,NA,NA,NA,NA
52.571,1.9260,12.1050,1.1116,14.9631,NA,NA,NA,NA,NA,NA,NA,NA,NA,NA,NA,NA
52.667,1.9283,12.2369,1.1093,14.7266,NA,NA,NA,NA,NA,NA,NA,NA,NA,NA,NA,NA
52.767,1.9283,12.2369,1.1089,14.6902,NA,NA,NA,NA,NA,NA,NA,NA,NA,NA,NA,NA
52.858,1.9257,12.0899,1.1088,14.6743,NA,NA,NA,NA,NA,NA,NA,NA,NA,NA,NA,NA
52.966,1.9235,11.9586,1.1078,14.5763,NA,NA,NA,NA,NA,NA,NA,NA,NA,NA,NA,NA
53.055,1.9198,11.7419,1.1073,14.5259,NA,NA,NA,NA,NA,NA,NA,NA,NA,NA,NA,NA
53.154,1.9185,11.6655,1.1069,14.4828,NA,NA,NA,NA,NA,NA,NA,NA,NA,NA,NA,NA
53.255,1.9156,11.5020,1.1061,14.3967,NA,NA,NA,NA,NA,NA,NA,NA,NA,NA,NA,NA
53.372,1.9154,11.4899,1.1051,14.2914,NA,NA,NA,NA,NA,NA,NA,NA,NA,NA,NA,NA
53.467,1.9153,11.4831,1.1043,14.2100,NA,NA,NA,NA,NA,NA,NA,NA,NA,NA,NA,NA
53.550,1.9138,11.3948,1.1039,14.1717,NA,NA,NA,NA,NA,NA,NA,NA,NA,NA,NA,NA
53.661,1.9138,11.3948,1.1036,14.1395,NA,NA,NA,NA,NA,NA,NA,NA,NA,NA,NA,NA
53.746,1.9139,11.4002,1.1036,14.1395,NA,NA,NA,NA,NA,NA,NA,NA,NA,NA,NA,NA
53.840,1.9139,11.4002,1.1028,14.0538,NA,NA,NA,NA,NA,NA,NA,NA,NA,NA,NA,NA
53.932,1.9100,11.1737,1.1023,14.0076,NA,NA,NA,NA,NA,NA,NA,NA,NA,NA,NA,NA
54.043,1.9088,11.1012,1.1012,13.8937,NA,NA,NA,NA,NA,NA,NA,NA,NA,NA,NA,NA
54.132,1.9036,10.7997,1.1008,13.8476,NA,NA,NA,NA,NA,NA,NA,NA,NA,NA,NA,NA
54.230,1.9026,10.7433,1.1003,13.7926,NA,NA,NA,NA,NA,NA,NA,NA,NA,NA,NA,NA
54.329,1.9026,10.7433,1.1002,13.7915,NA,NA,NA,NA,NA,NA,NA,NA,NA,NA,NA,NA
54.432,1.9002,10.6039,1.0984,13.6028,NA,NA,NA,NA,NA,NA,NA,NA,NA,NA,NA,NA
54.526,1.9002,10.6039,1.0974,13.4945,NA,NA,NA,NA,NA,NA,NA,NA,NA,NA,NA,NA
54.621,1.8976,10.4538,1.0969,13.4498,NA,NA,NA,NA,NA,NA,NA,NA,NA,NA,NA,NA
54.717,1.8968,10.4053,1.0964,13.3904,NA,NA,NA,NA,NA,NA,NA,NA,NA,NA,NA,NA
54.816,1.8967,10.3991,1.0955,13.2985,NA,NA,NA,NA,NA,NA,NA,NA,NA,NA,NA,NA
54.910,1.8955,10.3307,1.0949,13.2393,NA,NA,NA,NA,NA,NA,NA,NA,NA,NA,NA,NA
55.016,1.8955,10.3307,1.0929,13.0296,NA,NA,NA,NA,NA,NA,NA,NA,NA,NA,NA,NA
55.115,1.8979,10.4706,1.0921,12.9509,NA,NA,NA,NA,NA,NA,NA,NA,NA,NA,NA,NA
55.205,1.8979,10.4706,1.0914,12.8744,NA,NA,NA,NA,NA,NA,NA,NA,NA,NA,NA,NA
55.311,1.8959,10.3529,1.0888,12.6131,NA,NA,NA,NA,NA,NA,NA,NA,NA,NA,NA,NA
55.415,1.8959,10.3529,1.0877,12.4912,NA,NA,NA,NA,NA,NA,NA,NA,NA,NA,NA,NA
55.501,1.8875,9.8610,1.0867,12.3943,NA,NA,NA,NA,NA,NA,NA,NA,NA,NA,NA,NA
55.603,1.8841,9.6652,1.0864,12.3613,NA,NA,NA,NA,NA,NA,NA,NA,NA,NA,NA,NA
55.697,1.8840,9.6585,1.0858,12.3017,NA,NA,NA,NA,NA,NA,NA,NA,NA,NA,NA,NA
55.794,1.8881,9.8983,1.0853,12.2436,NA,NA,NA,NA,NA,NA,NA,NA,NA,NA,NA,NA
55.898,1.8881,9.8983,1.0849,12.2068,NA,NA,NA,NA,NA,NA,NA,NA,NA,NA,NA,NA
55.991,1.8831,9.6073,1.0841,12.1225,NA,NA,NA,NA,NA,NA,NA,NA,NA,NA,NA,NA
56.088,1.8831,9.6073,1.0838,12.0886,NA,NA,NA,NA,NA,NA,NA,NA,NA,NA,NA,NA
56.195,1.8815,9.5174,1.0831,12.0168,NA,NA,NA,NA,NA,NA,NA,NA,NA,NA,NA,NA
56.285,1.8790,9.3666,1.0816,11.8628,NA,NA,NA,NA,NA,NA,NA,NA,NA,NA,NA,NA
56.386,1.8790,9.3666,1.0809,11.7932,NA,NA,NA,NA,NA,NA,NA,NA,NA,NA,NA,NA
56.481,1.8782,9.3220,1.0809,11.7895,NA,NA,NA,NA,NA,NA,NA,NA,NA,NA,NA,NA
56.587,1.8756,9.1702,1.0793,11.6235,NA,NA,NA,NA,NA,NA,NA,NA,NA,NA,NA,NA
56.678,1.8756,9.1687,1.0789,11.5834,NA,NA,NA,NA,NA,NA,NA,NA,NA,NA,NA,NA
56.781,1.8756,9.1687,1.0774,11.4296,NA,NA,NA,NA,NA,NA,NA,NA,NA,NA,NA,NA
56.874,1.8716,8.9403,1.0768,11.3634,NA,NA,NA,NA,NA,NA,NA,NA,NA,NA,NA,NA
56.975,1.8716,8.9403,1.0752,11.2006,NA,NA,NA,NA,NA,NA,NA,NA,NA,NA,NA,NA
57.071,1.8705,8.8739,1.0749,11.1695,NA,NA,NA,NA,NA,NA,NA,NA,NA,NA,NA,NA
57.235,1.8696,8.8247,1.0749,11.1695,NA,NA,NA,NA,NA,NA,NA,NA,NA,NA,NA,NA
57.267,1.8692,8.7960,1.0734,11.0110,NA,NA,NA,NA,NA,NA,NA,NA,NA,NA,NA,NA
57.375,1.8709,8.8982,1.0728,10.9569,NA,NA,NA,NA,NA,NA,NA,NA,NA,NA,NA,NA
57.458,1.8709,8.8982,1.0723,10.8969,NA,NA,NA,NA,NA,NA,NA,NA,NA,NA,NA,NA
57.568,1.8707,8.8872,1.0719,10.8557,NA,NA,NA,NA,NA,NA,NA,NA,NA,NA,NA,NA
57.658,1.8707,8.8872,1.0708,10.7509,NA,NA,NA,NA,NA,NA,NA,NA,NA,NA,NA,NA
57.766,1.8684,8.7495,1.0702,10.6791,NA,NA,NA,NA,NA,NA,NA,NA,NA,NA,NA,NA
57.853,1.8602,8.2740,1.0697,10.6296,NA,NA,NA,NA,NA,NA,NA,NA,NA,NA,NA,NA
57.949,1.8602,8.2740,1.0695,10.6148,NA,NA,NA,NA,NA,NA,NA,NA,NA,NA,NA,NA
58.056,1.8611,8.3288,1.0695,10.6148,NA,NA,NA,NA,NA,NA,NA,NA,NA,NA,NA,NA
58.147,1.8611,8.3288,1.0683,10.4874,NA,NA,NA,NA,NA,NA,NA,NA,NA,NA,NA,NA
58.245,1.8585,8.1749,1.0679,10.4461,NA,NA,NA,NA,NA,NA,NA,NA,NA,NA,NA,NA
58.351,1.8563,8.0453,1.0679,10.4461,NA,NA,NA,NA,NA,NA,NA,NA,NA,NA,NA,NA
58.437,1.8563,8.0453,1.0672,10.3717,NA,NA,NA,NA,NA,NA,NA,NA,NA,NA,NA,NA
58.546,1.8547,7.9566,1.0666,10.3164,NA,NA,NA,NA,NA,NA,NA,NA,NA,NA,NA,NA
58.644,1.8556,8.0091,1.0665,10.3021,NA,NA,NA,NA,NA,NA,NA,NA,NA,NA,NA,NA
58.735,1.8556,8.0091,1.0652,10.1665,NA,NA,NA,NA,NA,NA,NA,NA,NA,NA,NA,NA
58.835,1.8573,8.1084,1.0642,10.0605,NA,NA,NA,NA,NA,NA,NA,NA,NA,NA,NA,NA
58.993,1.8573,8.1084,1.0639,10.0336,NA,NA,NA,NA,NA,NA,NA,NA,NA,NA,NA,NA
59.028,1.8509,7.7347,1.0620,9.8389,NA,NA,NA,NA,NA,NA,NA,NA,NA,NA,NA,NA
59.131,1.8509,7.7347,1.0618,9.8132,NA,NA,NA,NA,NA,NA,NA,NA,NA,NA,NA,NA
59.222,1.8502,7.6927,1.0608,9.7090,NA,NA,NA,NA,NA,NA,NA,NA,NA,NA,NA,NA
59.325,1.8444,7.3568,1.0598,9.6079,NA,NA,NA,NA,NA,NA,NA,NA,NA,NA,NA,NA
59.423,1.8450,7.3895,1.0593,9.5563,NA,NA,NA,NA,NA,NA,NA,NA,NA,NA,NA,NA
59.514,1.8522,7.8102,1.0591,9.5317,NA,NA,NA,NA,NA,NA,NA,NA,NA,NA,NA,NA
59.613,1.8522,7.8102,1.0584,9.4674,NA,NA,NA,NA,NA,NA,NA,NA,NA,NA,NA,NA
59.716,1.8491,7.6292,1.0579,9.4157,NA,NA,NA,NA,NA,NA,NA,NA,NA,NA,NA,NA
59.807,1.8463,7.4638,1.0577,9.3893,NA,NA,NA,NA,NA,NA,NA,NA,NA,NA,NA,NA
59.912,1.8460,7.4461,1.0551,9.1260,NA,NA,NA,NA,NA,NA,NA,NA,NA,NA,NA,NA
60.008,1.8437,7.3164,1.0551,9.1186,NA,NA,NA,NA,NA,NA,NA,NA,NA,NA,NA,NA
60.107,1.8437,7.3164,1.0542,9.0344,NA,NA,NA,NA,NA,NA,NA,NA,NA,NA,NA,NA
60.236,1.8439,7.3279,1.0542,9.0344,NA,NA,NA,NA,NA,NA,NA,NA,NA,NA,NA,NA
60.298,1.8439,7.3279,1.0544,9.0520,NA,NA,NA,NA,NA,NA,NA,NA,NA,NA,NA,NA
60.405,1.8438,7.3228,1.0544,9.0520,NA,NA,NA,NA,NA,NA,NA,NA,NA,NA,NA,NA
60.499,1.8438,7.3228,1.0542,9.0254,NA,NA,NA,NA,NA,NA,NA,NA,NA,NA,NA,NA
60.593,1.8404,7.1233,1.0537,8.9741,NA,NA,NA,NA,NA,NA,NA,NA,NA,NA,NA,NA
60.697,1.8395,7.0696,1.0532,8.9269,NA,NA,NA,NA,NA,NA,NA,NA,NA,NA,NA,NA
60.833,1.8389,7.0344,1.0528,8.8825,NA,NA,NA,NA,NA,NA,NA,NA,NA,NA,NA,NA
60.890,1.8385,7.0120,1.0528,8.8825,NA,NA,NA,NA,NA,NA,NA,NA,NA,NA,NA,NA
60.986,1.8385,7.0120,1.0522,8.8202,NA,NA,NA,NA,NA,NA,NA,NA,NA,NA,NA,NA
61.087,1.8371,6.9282,1.0515,8.7498,NA,NA,NA,NA,NA,NA,NA,NA,NA,NA,NA,NA
61.185,1.8371,6.9282,1.0513,8.7296,NA,NA,NA,NA,NA,NA,NA,NA,NA,NA,NA,NA
61.277,1.8359,6.8613,1.0499,8.5846,NA,NA,NA,NA,NA,NA,NA,NA,NA,NA,NA,NA
61.383,1.8341,6.7553,1.0495,8.5480,NA,NA,NA,NA,NA,NA,NA,NA,NA,NA,NA,NA
61.486,1.8338,6.7385,1.0494,8.5280,NA,NA,NA,NA,NA,NA,NA,NA,NA,NA,NA,NA
61.577,1.8329,6.6883,1.0494,8.5280,NA,NA,NA,NA,NA,NA,NA,NA,NA,NA,NA,NA
61.673,1.8329,6.6883,1.0491,8.4994,NA,NA,NA,NA,NA,NA,NA,NA,NA,NA,NA,NA
61.770,1.8307,6.5593,1.0490,8.4869,NA,NA,NA,NA,NA,NA,NA,NA,NA,NA,NA,NA
61.870,1.8307,6.5593,1.0486,8.4511,NA,NA,NA,NA,NA,NA,NA,NA,NA,NA,NA,NA
61.969,1.8278,6.3872,1.0484,8.4279,NA,NA,NA,NA,NA,NA,NA,NA,NA,NA,NA,NA
62.063,1.8253,6.2416,1.0475,8.3353,NA,NA,NA,NA,NA,NA,NA,NA,NA,NA,NA,NA
62.160,1.8227,6.0938,1.0473,8.3196,NA,NA,NA,NA,NA,NA,NA,NA,NA,NA,NA,NA
62.268,1.8212,6.0064,1.0460,8.1819,NA,NA,NA,NA,NA,NA,NA,NA,NA,NA,NA,NA
62.356,1.8206,5.9679,1.0449,8.0726,NA,NA,NA,NA,NA,NA,NA,NA,NA,NA,NA,NA
62.456,1.8206,5.9679,1.0449,8.0648,NA,NA,NA,NA,NA,NA,NA,NA,NA,NA,NA,NA
62.614,1.8204,5.9609,1.0441,7.9815,NA,NA,NA,NA,NA,NA,NA,NA,NA,NA,NA,NA
62.647,1.8185,5.8448,1.0441,7.9815,NA,NA,NA,NA,NA,NA,NA,NA,NA,NA,NA,NA
62.749,1.8185,5.8448,1.0433,7.8993,NA,NA,NA,NA,NA,NA,NA,NA,NA,NA,NA,NA
62.845,1.8374,6.9461,1.0470,8.2876,NA,NA,NA,NA,NA,NA,NA,NA,NA,NA,NA,NA
62.942,1.8583,8.1647,1.0588,9.5085,NA,NA,NA,NA,NA,NA,NA,NA,NA,NA,NA,NA
63.040,1.8866,9.8135,1.0655,10.2023,NA,NA,NA,NA,NA,NA,NA,NA,NA,NA,NA,NA
63.173,1.9038,10.8155,1.0728,10.9517,NA,NA,NA,NA,NA,NA,NA,NA,NA,NA,NA,NA
63.238,1.9208,11.8014,1.0805,11.7466,NA,NA,NA,NA,NA,NA,NA,NA,NA,NA,NA,NA
63.335,1.9435,13.1230,1.0880,12.5302,NA,NA,NA,NA,NA,NA,NA,NA,NA,NA,NA,NA
63.434,1.9514,13.5828,1.0921,12.9532,NA,NA,NA,NA,NA,NA,NA,NA,NA,NA,NA,NA
63.531,1.9642,14.3280,1.0987,13.6355,NA,NA,NA,NA,NA,NA,NA,NA,NA,NA,NA,NA
63.628,1.9767,15.0578,1.1022,13.9894,NA,NA,NA,NA,NA,NA,NA,NA,NA,NA,NA,NA
63.726,1.9816,15.3393,1.1062,14.4036,NA,NA,NA,NA,NA,NA,NA,NA,NA,NA,NA,NA
63.823,1.9959,16.1746,1.1104,14.8430,NA,NA,NA,NA,NA,NA,NA,NA,NA,NA,NA,NA
63.921,2.0022,16.5390,1.1137,15.1833,NA,NA,NA,NA,NA,NA,NA,NA,NA,NA,NA,NA
64.026,2.0150,17.2824,1.1168,15.5021,NA,NA,NA,NA,NA,NA,NA,NA,NA,NA,NA,NA
64.119,2.0194,17.5389,1.1212,15.9627,NA,NA,NA,NA,NA,NA,NA,NA,NA,NA,NA,NA
64.217,2.0290,18.0973,1.1270,16.5595,NA,NA,NA,NA,NA,NA,NA,NA,NA,NA,NA,NA
64.314,2.0333,18.3489,1.1298,16.8498,NA,NA,NA,NA,NA,NA,NA,NA,NA,NA,NA,NA
64.413,2.0333,18.3489,1.1338,17.2611,NA,NA,NA,NA,NA,NA,NA,NA,NA,NA,NA,NA
64.510,2.0370,18.5634,1.1359,17.4754,NA,NA,NA,NA,NA,NA,NA,NA,NA,NA,NA,NA
64.612,2.0370,18.5634,1.1382,17.7138,NA,NA,NA,NA,NA,NA,NA,NA,NA,NA,NA,NA
64.706,2.0441,18.9762,1.1411,18.0208,NA,NA,NA,NA,NA,NA,NA,NA,NA,NA,NA,NA
64.801,2.0463,19.1063,1.1428,18.1960,NA,NA,NA,NA,NA,NA,NA,NA,NA,NA,NA,NA
64.905,2.0481,19.2105,1.1433,18.2413,NA,NA,NA,NA,NA,NA,NA,NA,NA,NA,NA,NA
65.009,2.0481,19.2105,1.1444,18.3541,NA,NA,NA,NA,NA,NA,NA,NA,NA,NA,NA,NA
65.096,2.0327,18.3152,1.1444,18.3541,NA,NA,NA,NA,NA,NA,NA,NA,NA,NA,NA,NA
65.197,2.0295,18.1264,1.1443,18.3477,NA,NA,NA,NA,NA,NA,NA,NA,NA,NA,NA,NA
65.294,2.0259,17.9215,1.1426,18.1690,NA,NA,NA,NA,NA,NA,NA,NA,NA,NA,NA,NA
65.394,2.0239,17.8008,1.1395,17.8515,NA,NA,NA,NA,NA,NA,NA,NA,NA,NA,NA,NA
65.492,2.0093,16.9552,1.1366,17.5528,NA,NA,NA,NA,NA,NA,NA,NA,NA,NA,NA,NA
65.594,2.0022,16.5423,1.1330,17.1760,NA,NA,NA,NA,NA,NA,NA,NA,NA,NA,NA,NA
65.684,1.9859,15.5911,1.1309,16.9644,NA,NA,NA,NA,NA,NA,NA,NA,NA,NA,NA,NA
65.783,1.9794,15.2111,1.1299,16.8620,NA,NA,NA,NA,NA,NA,NA,NA,NA,NA,NA,NA
65.879,1.9719,14.7749,1.1277,16.6283,NA,NA,NA,NA,NA,NA,NA,NA,NA,NA,NA,NA
65.985,1.9659,14.4271,1.1260,16.4506,NA,NA,NA,NA,NA,NA,NA,NA,NA,NA,NA,NA
66.081,1.9630,14.2587,1.1235,16.2011,NA,NA,NA,NA,NA,NA,NA,NA,NA,NA,NA,NA
66.238,1.9591,14.0301,1.1222,16.0617,NA,NA,NA,NA,NA,NA,NA,NA,NA,NA,NA,NA
66.272,1.9591,14.0301,1.1216,16.0005,NA,NA,NA,NA,NA,NA,NA,NA,NA,NA,NA,NA
66.371,1.9544,13.7599,1.1207,15.9082,NA,NA,NA,NA,NA,NA,NA,NA,NA,NA,NA,NA
66.469,1.9543,13.7549,1.1181,15.6379,NA,NA,NA,NA,NA,NA,NA,NA,NA,NA,NA,NA
66.576,1.9503,13.5203,1.1167,15.4886,NA,NA,NA,NA,NA,NA,NA,NA,NA,NA,NA,NA
66.668,1.9504,13.5250,1.1159,15.4142,NA,NA,NA,NA,NA,NA,NA,NA,NA,NA,NA,NA
66.763,1.9504,13.5250,1.1155,15.3679,NA,NA,NA,NA,NA,NA,NA,NA,NA,NA,NA,NA
66.864,1.9493,13.4592,1.1143,15.2413,NA,NA,NA,NA,NA,NA,NA,NA,NA,NA,NA,NA
66.956,1.9493,13.4592,1.1128,15.0914,NA,NA,NA,NA,NA,NA,NA,NA,NA,NA,NA,NA
67.063,1.9452,13.2225,1.1126,15.0712,NA,NA,NA,NA,NA,NA,NA,NA,NA,NA,NA,NA
67.153,1.9452,13.2225,1.1126,15.0712,NA,NA,NA,NA,NA,NA,NA,NA,NA,NA,NA,NA
67.250,1.9410,12.9759,1.1119,14.9963,NA,NA,NA,NA,NA,NA,NA,NA,NA,NA,NA,NA
67.355,1.9387,12.8450,1.1119,14.9963,NA,NA,NA,NA,NA,NA,NA,NA,NA,NA,NA,NA
67.448,1.9387,12.8450,1.1118,14.9856,NA,NA,NA,NA,NA,NA,NA,NA,NA,NA,NA,NA
67.546,1.9400,12.9206,1.1118,14.9856,NA,NA,NA,NA,NA,NA,NA,NA,NA,NA,NA,NA
67.638,1.9400,12.9206,1.1109,14.8893,NA,NA,NA,NA,NA,NA,NA,NA,NA,NA,NA,NA
67.749,1.9384,12.8265,1.1106,14.8648,NA,NA,NA,NA,NA,NA,NA,NA,NA,NA,NA,NA
67.844,1.9371,12.7532,1.1088,14.6793,NA,NA,NA,NA,NA,NA,NA,NA,NA,NA,NA,NA
67.969,1.9316,12.4292,1.1077,14.5669,NA,NA,NA,NA,NA,NA,NA,NA,NA,NA,NA,NA
68.033,1.9305,12.3680,1.1077,14.5669,NA,NA,NA,NA,NA,NA,NA,NA,NA,NA,NA,NA
68.132,1.9274,12.1863,1.1061,14.3940,NA,NA,NA,NA,NA,NA,NA,NA,NA,NA,NA,NA
68.234,1.9269,12.1560,1.1048,14.2662,NA,NA,NA,NA,NA,NA,NA,NA,NA,NA,NA,NA
68.329,1.9269,12.1560,1.1048,14.2602,NA,NA,NA,NA,NA,NA,NA,NA,NA,NA,NA,NA
68.428,1.9295,12.3074,1.1038,14.1569,NA,NA,NA,NA,NA,NA,NA,NA,NA,NA,NA,NA
68.523,1.9295,12.3074,1.1025,14.0235,NA,NA,NA,NA,NA,NA,NA,NA,NA,NA,NA,NA
68.658,1.9209,11.8074,1.1019,13.9631,NA,NA,NA,NA,NA,NA,NA,NA,NA,NA,NA,NA
68.735,1.9206,11.7933,1.1018,13.9530,NA,NA,NA,NA,NA,NA,NA,NA,NA,NA,NA,NA
68.822,1.9164,11.5451,1.1011,13.8809,NA,NA,NA,NA,NA,NA,NA,NA,NA,NA,NA,NA
68.915,1.9162,11.5357,1.1002,13.7902,NA,NA,NA,NA,NA,NA,NA,NA,NA,NA,NA,NA
69.018,1.9162,11.5357,1.0991,13.6712,NA,NA,NA,NA,NA,NA,NA,NA,NA,NA,NA,NA
69.118,1.9135,11.3757,1.0974,13.5024,NA,NA,NA,NA,NA,NA,NA,NA,NA,NA,NA,NA
69.225,1.9135,11.3757,1.0958,13.3309,NA,NA,NA,NA,NA,NA,NA,NA,NA,NA,NA,NA
69.317,1.9063,10.9557,1.0954,13.2904,NA,NA,NA,NA,NA,NA,NA,NA,NA,NA,NA,NA
69.403,1.9058,10.9283,1.0929,13.0299,NA,NA,NA,NA,NA,NA,NA,NA,NA,NA,NA,NA
69.504,1.9027,10.7479,1.0928,13.0179,NA,NA,NA,NA,NA,NA,NA,NA,NA,NA,NA,NA
69.608,1.9130,11.3489,1.0954,13.2936,NA,NA,NA,NA,NA,NA,NA,NA,NA,NA,NA,NA
69.698,1.9293,12.2960,1.0999,13.7603,NA,NA,NA,NA,NA,NA,NA,NA,NA,NA,NA,NA
69.853,1.9486,13.4213,1.1060,14.3820,NA,NA,NA,NA,NA,NA,NA,NA,NA,NA,NA,NA
69.895,1.9591,14.0312,1.1111,14.9105,NA,NA,NA,NA,NA,NA,NA,NA,NA,NA,NA,NA
70.012,1.9624,14.2239,1.1148,15.2931,NA,NA,NA,NA,NA,NA,NA,NA,NA,NA,NA,NA
70.091,1.9843,15.4957,1.1197,15.8063,NA,NA,NA,NA,NA,NA,NA,NA,NA,NA,NA,NA
70.186,1.9898,15.8182,1.1215,15.9894,NA,NA,NA,NA,NA,NA,NA,NA,NA,NA,NA,NA
70.295,1.9898,15.8182,1.1223,16.0697,NA,NA,NA,NA,NA,NA,NA,NA,NA,NA,NA,NA
70.428,1.9879,15.7102,1.1224,16.0881,NA,NA,NA,NA,NA,NA,NA,NA,NA,NA,NA,NA
70.486,1.9857,15.5788,1.1224,16.0881,NA,NA,NA,NA,NA,NA,NA,NA,NA,NA,NA,NA
70.581,1.9797,15.2279,1.1212,15.9632,NA,NA,NA,NA,NA,NA,NA,NA,NA,NA,NA,NA
70.682,1.9768,15.0592,1.1206,15.8976,NA,NA,NA,NA,NA,NA,NA,NA,NA,NA,NA,NA
70.773,1.9648,14.3603,1.1196,15.7904,NA,NA,NA,NA,NA,NA,NA,NA,NA,NA,NA,NA
70.883,1.9584,13.9878,1.1171,15.5378,NA,NA,NA,NA,NA,NA,NA,NA,NA,NA,NA,NA
71.001,1.9551,13.7966,1.1144,15.2553,NA,NA,NA,NA,NA,NA,NA,NA,NA,NA,NA,NA
71.068,1.9510,13.5610,1.1128,15.0866,NA,NA,NA,NA,NA,NA,NA,NA,NA,NA,NA,NA
71.174,1.9498,13.4879,1.1110,14.9044,NA,NA,NA,NA,NA,NA,NA,NA,NA,NA,NA,NA
71.297,1.9385,12.8352,1.1088,14.6737,NA,NA,NA,NA,NA,NA,NA,NA,NA,NA,NA,NA
71.365,1.9356,12.6660,1.1074,14.5349,NA,NA,NA,NA,NA,NA,NA,NA,NA,NA,NA,NA
71.466,1.9284,12.2451,1.1051,14.2902,NA,NA,NA,NA,NA,NA,NA,NA,NA,NA,NA,NA
71.559,1.9261,12.1132,1.1041,14.1931,NA,NA,NA,NA,NA,NA,NA,NA,NA,NA,NA,NA
71.670,1.9175,11.6128,1.1024,14.0180,NA,NA,NA,NA,NA,NA,NA,NA,NA,NA,NA,NA
71.755,1.9186,11.6734,1.1018,13.9505,NA,NA,NA,NA,NA,NA,NA,NA,NA,NA,NA,NA
71.849,1.9186,11.6734,1.1005,13.8199,NA,NA,NA,NA,NA,NA,NA,NA,NA,NA,NA,NA
71.951,1.9188,11.6842,1.0998,13.7484,NA,NA,NA,NA,NA,NA,NA,NA,NA,NA,NA,NA
72.046,1.9188,11.6842,1.0989,13.6485,NA,NA,NA,NA,NA,NA,NA,NA,NA,NA,NA,NA
72.197,1.9165,11.5501,1.0984,13.5986,NA,NA,NA,NA,NA,NA,NA,NA,NA,NA,NA,NA
72.245,1.9148,11.4546,1.0977,13.5258,NA,NA,NA,NA,NA,NA,NA,NA,NA,NA,NA,NA
72.351,1.9095,11.1421,1.0972,13.4717,NA,NA,NA,NA,NA,NA,NA,NA,NA,NA,NA,NA
72.447,1.9084,11.0778,1.0964,13.3891,NA,NA,NA,NA,NA,NA,NA,NA,NA,NA,NA,NA
72.539,1.9084,11.0778,1.0955,13.3013,NA,NA,NA,NA,NA,NA,NA,NA,NA,NA,NA,NA
72.634,1.9052,10.8938,1.0947,13.2131,NA,NA,NA,NA,NA,NA,NA,NA,NA,NA,NA,NA
72.729,1.9052,10.8938,1.0943,13.1750,NA,NA,NA,NA,NA,NA,NA,NA,NA,NA,NA,NA
72.829,1.9039,10.8199,1.0927,13.0122,NA,NA,NA,NA,NA,NA,NA,NA,NA,NA,NA,NA
72.929,1.9039,10.8199,1.0919,12.9283,NA,NA,NA,NA,NA,NA,NA,NA,NA,NA,NA,NA
73.028,1.8997,10.5718,1.0919,12.9278,NA,NA,NA,NA,NA,NA,NA,NA,NA,NA,NA,NA
73.127,1.8966,10.3964,1.0919,12.9247,NA,NA,NA,NA,NA,NA,NA,NA,NA,NA,NA,NA
73.233,1.8950,10.3003,1.0912,12.8597,NA,NA,NA,NA,NA,NA,NA,NA,NA,NA,NA,NA
73.320,1.8959,10.3500,1.0906,12.7944,NA,NA,NA,NA,NA,NA,NA,NA,NA,NA,NA,NA
73.444,1.8959,10.3500,1.0898,12.7139,NA,NA,NA,NA,NA,NA,NA,NA,NA,NA,NA,NA
73.518,1.8956,10.3371,1.0893,12.6593,NA,NA,NA,NA,NA,NA,NA,NA,NA,NA,NA,NA
73.613,1.8956,10.3371,1.0890,12.6335,NA,NA,NA,NA,NA,NA,NA,NA,NA,NA,NA,NA
73.723,1.8927,10.1682,1.0884,12.5711,NA,NA,NA,NA,NA,NA,NA,NA,NA,NA,NA,NA
73.807,1.8907,10.0473,1.0872,12.4462,NA,NA,NA,NA,NA,NA,NA,NA,NA,NA,NA,NA
73.911,1.8866,9.8091,1.0860,12.3149,NA,NA,NA,NA,NA,NA,NA,NA,NA,NA,NA,NA
74.009,1.8871,9.8408,1.0852,12.2392,NA,NA,NA,NA,NA,NA,NA,NA,NA,NA,NA,NA
74.114,1.8871,9.8408,1.0850,12.2168,NA,NA,NA,NA,NA,NA,NA,NA,NA,NA,NA,NA
74.203,1.8906,10.0450,1.0845,12.1659,NA,NA,NA,NA,NA,NA,NA,NA,NA,NA,NA,NA
74.309,1.8906,10.0450,1.0834,12.0460,NA,NA,NA,NA,NA,NA,NA,NA,NA,NA,NA,NA
74.403,1.8858,9.7664,1.0834,12.0460,NA,NA,NA,NA,NA,NA,NA,NA,NA,NA,NA,NA
74.498,1.8850,9.7174,1.0828,11.9903,NA,NA,NA,NA,NA,NA,NA,NA,NA,NA,NA,NA
74.611,1.8804,9.4515,1.0826,11.9712,NA,NA,NA,NA,NA,NA,NA,NA,NA,NA,NA,NA
74.694,1.8793,9.3876,1.0801,11.7098,NA,NA,NA,NA,NA,NA,NA,NA,NA,NA,NA,NA
74.792,1.8759,9.1908,1.0788,11.5708,NA,NA,NA,NA,NA,NA,NA,NA,NA,NA,NA,NA
74.893,1.8784,9.3368,1.0766,11.3499,NA,NA,NA,NA,NA,NA,NA,NA,NA,NA,NA,NA
74.986,1.8784,9.3368,1.0764,11.3229,NA,NA,NA,NA,NA,NA,NA,NA,NA,NA,NA,NA
75.083,1.8695,8.8171,1.0754,11.2175,NA,NA,NA,NA,NA,NA,NA,NA,NA,NA,NA,NA
75.197,1.8679,8.7259,1.0750,11.1819,NA,NA,NA,NA,NA,NA,NA,NA,NA,NA,NA,NA
75.279,1.8680,8.7276,1.0750,11.1819,NA,NA,NA,NA,NA,NA,NA,NA,NA,NA,NA,NA
75.382,1.8680,8.7276,1.0734,11.0189,NA,NA,NA,NA,NA,NA,NA,NA,NA,NA,NA,NA
75.479,1.8691,8.7951,1.0728,10.9512,NA,NA,NA,NA,NA,NA,NA,NA,NA,NA,NA,NA
75.574,1.8691,8.7951,1.0726,10.9370,NA,NA,NA,NA,NA,NA,NA,NA,NA,NA,NA,NA
75.675,1.8682,8.7427,1.0724,10.9142,NA,NA,NA,NA,NA,NA,NA,NA,NA,NA,NA,NA
75.768,1.8682,8.7427,1.0717,10.8434,NA,NA,NA,NA,NA,NA,NA,NA,NA,NA,NA,NA
75.867,1.8668,8.6619,1.0717,10.8434,NA,NA,NA,NA,NA,NA,NA,NA,NA,NA,NA,NA
75.963,1.8635,8.4671,1.0717,10.8419,NA,NA,NA,NA,NA,NA,NA,NA,NA,NA,NA,NA
76.066,1.8620,8.3811,1.0699,10.6511,NA,NA,NA,NA,NA,NA,NA,NA,NA,NA,NA,NA
76.159,1.8624,8.4044,1.0699,10.6511,NA,NA,NA,NA,NA,NA,NA,NA,NA,NA,NA,NA
76.263,1.8624,8.4044,1.0684,10.4939,NA,NA,NA,NA,NA,NA,NA,NA,NA,NA,NA,NA
76.373,1.8634,8.4612,1.0677,10.4280,NA,NA,NA,NA,NA,NA,NA,NA,NA,NA,NA,NA
76.449,1.8634,8.4612,1.0673,10.3804,NA,NA,NA,NA,NA,NA,NA,NA,NA,NA,NA,NA
76.547,1.8593,8.2221,1.0663,10.2797,NA,NA,NA,NA,NA,NA,NA,NA,NA,NA,NA,NA
76.654,1.8560,8.0288,1.0657,10.2203,NA,NA,NA,NA,NA,NA,NA,NA,NA,NA,NA,NA
76.747,1.8549,7.9651,1.0654,10.1845,NA,NA,NA,NA,NA,NA,NA,NA,NA,NA,NA,NA
76.845,1.8519,7.7895,1.0640,10.0399,NA,NA,NA,NA,NA,NA,NA,NA,NA,NA,NA,NA
76.944,1.8512,7.7483,1.0621,9.8470,NA,NA,NA,NA,NA,NA,NA,NA,NA,NA,NA,NA
77.052,1.8495,7.6530,1.0614,9.7760,NA,NA,NA,NA,NA,NA,NA,NA,NA,NA,NA,NA
77.139,1.8538,7.9016,1.0613,9.7651,NA,NA,NA,NA,NA,NA,NA,NA,NA,NA,NA,NA
77.242,1.8827,9.5865,1.0665,10.2994,NA,NA,NA,NA,NA,NA,NA,NA,NA,NA,NA,NA
77.336,1.9000,10.5903,1.0748,11.1636,NA,NA,NA,NA,NA,NA,NA,NA,NA,NA,NA,NA
77.436,1.9145,11.4342,1.0849,12.2098,NA,NA,NA,NA,NA,NA,NA,NA,NA,NA,NA,NA
77.578,1.9293,12.2989,1.0943,13.1819,NA,NA,NA,NA,NA,NA,NA,NA,NA,NA,NA,NA
77.629,1.9484,13.4098,1.1030,14.0816,NA,NA,NA,NA,NA,NA,NA,NA,NA,NA,NA,NA
77.725,1.9640,14.3183,1.1100,14.8033,NA,NA,NA,NA,NA,NA,NA,NA,NA,NA,NA,NA
77.825,1.9715,14.7536,1.1172,15.5478,NA,NA,NA,NA,NA,NA,NA,NA,NA,NA,NA,NA
77.925,1.9909,15.8821,1.1276,16.6170,NA,NA,NA,NA,NA,NA,NA,NA,NA,NA,NA,NA
78.028,2.0038,16.6345,1.1331,17.1867,NA,NA,NA,NA,NA,NA,NA,NA,NA,NA,NA,NA
78.165,2.0128,17.1595,1.1405,17.9589,NA,NA,NA,NA,NA,NA,NA,NA,NA,NA,NA,NA
78.215,2.0220,17.6918,1.1465,18.5732,NA,NA,NA,NA,NA,NA,NA,NA,NA,NA,NA,NA
78.311,2.0346,18.4244,1.1529,19.2420,NA,NA,NA,NA,NA,NA,NA,NA,NA,NA,NA,NA
78.419,2.0411,18.8066,1.1563,19.5893,NA,NA,NA,NA,NA,NA,NA,NA,NA,NA,NA,NA
78.514,2.0442,18.9829,1.1625,20.2335,NA,NA,NA,NA,NA,NA,NA,NA,NA,NA,NA,NA
78.608,2.0639,20.1299,1.1661,20.5994,NA,NA,NA,NA,NA,NA,NA,NA,NA,NA,NA,NA
78.705,2.0700,20.4839,1.1703,21.0394,NA,NA,NA,NA,NA,NA,NA,NA,NA,NA,NA,NA
78.815,2.0741,20.7251,1.1733,21.3459,NA,NA,NA,NA,NA,NA,NA,NA,NA,NA,NA,NA
78.904,2.0781,20.9600,1.1754,21.5644,NA,NA,NA,NA,NA,NA,NA,NA,NA,NA,NA,NA
78.998,2.0799,21.0629,1.1760,21.6216,NA,NA,NA,NA,NA,NA,NA,NA,NA,NA,NA,NA
79.095,2.0817,21.1676,1.1762,21.6479,NA,NA,NA,NA,NA,NA,NA,NA,NA,NA,NA,NA
79.198,2.0817,21.1676,1.1762,21.6479,NA,NA,NA,NA,NA,NA,NA,NA,NA,NA,NA,NA
79.297,2.0763,20.8543,1.1759,21.6175,NA,NA,NA,NA,NA,NA,NA,NA,NA,NA,NA,NA
79.406,2.0763,20.8543,1.1753,21.5556,NA,NA,NA,NA,NA,NA,NA,NA,NA,NA,NA,NA
79.486,2.0537,19.5405,1.1734,21.3625,NA,NA,NA,NA,NA,NA,NA,NA,NA,NA,NA,NA
79.597,2.0501,19.3266,1.1708,21.0930,NA,NA,NA,NA,NA,NA,NA,NA,NA,NA,NA,NA
79.685,2.0370,18.5672,1.1677,20.7680,NA,NA,NA,NA,NA,NA,NA,NA,NA,NA,NA,NA
79.788,2.0205,17.6053,1.1633,20.3177,NA,NA,NA,NA,NA,NA,NA,NA,NA,NA,NA,NA
79.887,2.0161,17.3484,1.1589,19.8558,NA,NA,NA,NA,NA,NA,NA,NA,NA,NA,NA,NA
80.018,2.0149,17.2785,1.1565,19.6071,NA,NA,NA,NA,NA,NA,NA,NA,NA,NA,NA,NA
80.078,2.0135,17.1993,1.1543,19.3841,NA,NA,NA,NA,NA,NA,NA,NA,NA,NA,NA,NA
80.181,2.0051,16.7066,1.1517,19.1156,NA,NA,NA,NA,NA,NA,NA,NA,NA,NA,NA,NA
80.273,2.0051,16.7066,1.1499,18.9269,NA,NA,NA,NA,NA,NA,NA,NA,NA,NA,NA,NA
80.374,2.0003,16.4293,1.1483,18.7587,NA,NA,NA,NA,NA,NA,NA,NA,NA,NA,NA,NA
80.468,1.9938,16.0487,1.1474,18.6639,NA,NA,NA,NA,NA,NA,NA,NA,NA,NA,NA,NA
80.572,1.9928,15.9919,1.1458,18.5054,NA,NA,NA,NA,NA,NA,NA,NA,NA,NA,NA,NA
80.664,1.9928,15.9909,1.1440,18.3146,NA,NA,NA,NA,NA,NA,NA,NA,NA,NA,NA,NA
80.770,1.9928,15.9909,1.1439,18.3026,NA,NA,NA,NA,NA,NA,NA,NA,NA,NA,NA,NA
80.858,1.9910,15.8881,1.1439,18.3026,NA,NA,NA,NA,NA,NA,NA,NA,NA,NA,NA,NA
80.956,1.9910,15.8881,1.1422,18.1340,NA,NA,NA,NA,NA,NA,NA,NA,NA,NA,NA,NA
81.053,1.9841,15.4845,1.1413,18.0417,NA,NA,NA,NA,NA,NA,NA,NA,NA,NA,NA,NA
81.200,1.9840,15.4826,1.1413,18.0417,NA,NA,NA,NA,NA,NA,NA,NA,NA,NA,NA,NA
81.255,1.9800,15.2453,1.1408,17.9830,NA,NA,NA,NA,NA,NA,NA,NA,NA,NA,NA,NA
81.360,1.9810,15.3040,1.1407,17.9725,NA,NA,NA,NA,NA,NA,NA,NA,NA,NA,NA,NA
81.446,1.9810,15.3040,1.1401,17.9122,NA,NA,NA,NA,NA,NA,NA,NA,NA,NA,NA,NA
81.546,1.9770,15.0727,1.1395,17.8469,NA,NA,NA,NA,NA,NA,NA,NA,NA,NA,NA,NA
81.644,1.9770,15.0727,1.1384,17.7410,NA,NA,NA,NA,NA,NA,NA,NA,NA,NA,NA,NA
81.790,1.9722,14.7913,1.1388,17.7782,NA,NA,NA,NA,NA,NA,NA,NA,NA,NA,NA,NA
81.849,1.9702,14.6754,1.1388,17.7813,NA,NA,NA,NA,NA,NA,NA,NA,NA,NA,NA,NA
81.931,1.9679,14.5464,1.1388,17.7813,NA,NA,NA,NA,NA,NA,NA,NA,NA,NA,NA,NA
82.042,1.9679,14.5464,1.1386,17.7577,NA,NA,NA,NA,NA,NA,NA,NA,NA,NA,NA,NA
82.132,1.9678,14.5373,1.1381,17.7030,NA,NA,NA,NA,NA,NA,NA,NA,NA,NA,NA,NA
82.231,1.9678,14.5373,1.1373,17.6260,NA,NA,NA,NA,NA,NA,NA,NA,NA,NA,NA,NA
82.326,1.9650,14.3761,1.1369,17.5792,NA,NA,NA,NA,NA,NA,NA,NA,NA,NA,NA,NA
82.444,1.9650,14.3761,1.1367,17.5634,NA,NA,NA,NA,NA,NA,NA,NA,NA,NA,NA,NA
82.530,1.9621,14.2053,1.1360,17.4869,NA,NA,NA,NA,NA,NA,NA,NA,NA,NA,NA,NA
82.627,1.9591,14.0295,1.1352,17.4063,NA,NA,NA,NA,NA,NA,NA,NA,NA,NA,NA,NA
82.718,1.9591,14.0295,1.1341,17.2941,NA,NA,NA,NA,NA,NA,NA,NA,NA,NA,NA,NA
82.815,1.9558,13.8406,1.1342,17.3070,NA,NA,NA,NA,NA,NA,NA,NA,NA,NA,NA,NA
82.913,1.9558,13.8406,1.1342,17.3070,NA,NA,NA,NA,NA,NA,NA,NA,NA,NA,NA,NA
83.015,1.9563,13.8664,1.1333,17.2115,NA,NA,NA,NA,NA,NA,NA,NA,NA,NA,NA,NA
83.110,1.9563,13.8664,1.1315,17.0221,NA,NA,NA,NA,NA,NA,NA,NA,NA,NA,NA,NA
83.220,1.9531,13.6799,1.1308,16.9542,NA,NA,NA,NA,NA,NA,NA,NA,NA,NA,NA,NA
83.310,1.9490,13.4409,1.1308,16.9542,NA,NA,NA,NA,NA,NA,NA,NA,NA,NA,NA,NA
83.403,1.9458,13.2559,1.1292,16.7827,NA,NA,NA,NA,NA,NA,NA,NA,NA,NA,NA,NA
83.509,1.9458,13.2586,1.1287,16.7345,NA,NA,NA,NA,NA,NA,NA,NA,NA,NA,NA,NA
83.654,1.9458,13.2586,1.1288,16.7447,NA,NA,NA,NA,NA,NA,NA,NA,NA,NA,NA,NA
83.698,1.9418,13.0256,1.1288,16.7447,NA,NA,NA,NA,NA,NA,NA,NA,NA,NA,NA,NA
83.794,1.9411,12.9845,1.1271,16.5694,NA,NA,NA,NA,NA,NA,NA,NA,NA,NA,NA,NA
83.899,1.9370,12.7428,1.1266,16.5136,NA,NA,NA,NA,NA,NA,NA,NA,NA,NA,NA,NA
83.992,1.9370,12.7428,1.1266,16.5136,NA,NA,NA,NA,NA,NA,NA,NA,NA,NA,NA,NA
84.095,1.9358,12.6740,1.1256,16.4183,NA,NA,NA,NA,NA,NA,NA,NA,NA,NA,NA,NA
84.216,1.9376,12.7804,1.1228,16.1219,NA,NA,NA,NA,NA,NA,NA,NA,NA,NA,NA,NA
84.285,1.9376,12.7804,1.1225,16.0925,NA,NA,NA,NA,NA,NA,NA,NA,NA,NA,NA,NA
84.380,1.9346,12.6064,1.1224,16.0786,NA,NA,NA,NA,NA,NA,NA,NA,NA,NA,NA,NA
84.479,1.9316,12.4301,1.1214,15.9827,NA,NA,NA,NA,NA,NA,NA,NA,NA,NA,NA,NA
84.578,1.9273,12.1776,1.1213,15.9654,NA,NA,NA,NA,NA,NA,NA,NA,NA,NA,NA,NA
84.685,1.9257,12.0851,1.1204,15.8781,NA,NA,NA,NA,NA,NA,NA,NA,NA,NA,NA,NA
84.787,1.9232,11.9414,1.1212,15.9568,NA,NA,NA,NA,NA,NA,NA,NA,NA,NA,NA,NA
84.876,1.9170,11.5815,1.1212,15.9568,NA,NA,NA,NA,NA,NA,NA,NA,NA,NA,NA,NA
84.976,1.9164,11.5447,1.1198,15.8191,NA,NA,NA,NA,NA,NA,NA,NA,NA,NA,NA,NA
85.071,1.9178,11.6272,1.1198,15.8191,NA,NA,NA,NA,NA,NA,NA,NA,NA,NA,NA,NA
85.171,1.9178,11.6272,1.1196,15.7926,NA,NA,NA,NA,NA,NA,NA,NA,NA,NA,NA,NA
85.274,1.9182,11.6508,1.1179,15.6217,NA,NA,NA,NA,NA,NA,NA,NA,NA,NA,NA,NA
85.418,1.9182,11.6508,1.1164,15.4648,NA,NA,NA,NA,NA,NA,NA,NA,NA,NA,NA,NA
85.458,1.9083,11.0758,1.1147,15.2871,NA,NA,NA,NA,NA,NA,NA,NA,NA,NA,NA,NA
85.563,1.9064,10.9611,1.1135,15.1641,NA,NA,NA,NA,NA,NA,NA,NA,NA,NA,NA,NA
85.663,1.9017,10.6899,1.1116,14.9610,NA,NA,NA,NA,NA,NA,NA,NA,NA,NA,NA,NA
85.759,1.9066,10.9771,1.1105,14.8571,NA,NA,NA,NA,NA,NA,NA,NA,NA,NA,NA,NA
85.861,1.9066,10.9771,1.1095,14.7491,NA,NA,NA,NA,NA,NA,NA,NA,NA,NA,NA,NA
85.955,1.9032,10.7758,1.1076,14.5501,NA,NA,NA,NA,NA,NA,NA,NA,NA,NA,NA,NA
86.070,1.9144,11.4320,1.1076,14.5501,NA,NA,NA,NA,NA,NA,NA,NA,NA,NA,NA,NA
86.152,1.9336,12.5469,1.1126,15.0699,NA,NA,NA,NA,NA,NA,NA,NA,NA,NA,NA,NA
86.251,1.9410,12.9782,1.1166,15.4794,NA,NA,NA,NA,NA,NA,NA,NA,NA,NA,NA,NA
86.340,1.9552,13.8040,1.1230,16.1423,NA,NA,NA,NA,NA,NA,NA,NA,NA,NA,NA,NA
86.443,1.9831,15.4310,1.1298,16.8467,NA,NA,NA,NA,NA,NA,NA,NA,NA,NA,NA,NA
86.573,1.9927,15.9879,1.1359,17.4804,NA,NA,NA,NA,NA,NA,NA,NA,NA,NA,NA,NA
86.649,2.0140,17.2288,1.1414,18.0459,NA,NA,NA,NA,NA,NA,NA,NA,NA,NA,NA,NA
86.739,2.0212,17.6451,1.1453,18.4490,NA,NA,NA,NA,NA,NA,NA,NA,NA,NA,NA,NA
86.837,2.0384,18.6460,1.1499,18.9295,NA,NA,NA,NA,NA,NA,NA,NA,NA,NA,NA,NA
86.932,2.0418,18.8436,1.1575,19.7106,NA,NA,NA,NA,NA,NA,NA,NA,NA,NA,NA,NA
87.029,2.0499,19.3156,1.1612,20.0993,NA,NA,NA,NA,NA,NA,NA,NA,NA,NA,NA,NA
87.135,2.0566,19.7038,1.1660,20.5905,NA,NA,NA,NA,NA,NA,NA,NA,NA,NA,NA,NA
87.233,2.0716,20.5819,1.1709,21.0971,NA,NA,NA,NA,NA,NA,NA,NA,NA,NA,NA,NA
87.326,2.0845,21.3299,1.1749,21.5093,NA,NA,NA,NA,NA,NA,NA,NA,NA,NA,NA,NA
87.421,2.0888,21.5828,1.1777,21.8040,NA,NA,NA,NA,NA,NA,NA,NA,NA,NA,NA,NA
87.523,2.0926,21.8009,1.1797,22.0064,NA,NA,NA,NA,NA,NA,NA,NA,NA,NA,NA,NA
87.620,2.0953,21.9605,1.1835,22.4041,NA,NA,NA,NA,NA,NA,NA,NA,NA,NA,NA,NA
87.713,2.0963,22.0185,1.1863,22.6901,NA,NA,NA,NA,NA,NA,NA,NA,NA,NA,NA,NA
87.842,2.0963,22.0185,1.1872,22.7849,NA,NA,NA,NA,NA,NA,NA,NA,NA,NA,NA,NA
87.930,2.0928,21.8132,1.1884,22.9046,NA,NA,NA,NA,NA,NA,NA,NA,NA,NA,NA,NA
88.002,2.0923,21.7870,1.1884,22.9046,NA,NA,NA,NA,NA,NA,NA,NA,NA,NA,NA,NA
88.096,2.0895,21.6231,1.1883,22.9025,NA,NA,NA,NA,NA,NA,NA,NA,NA,NA,NA,NA
88.202,2.0793,21.0261,1.1849,22.5508,NA,NA,NA,NA,NA,NA,NA,NA,NA,NA,NA,NA
88.325,2.0731,20.6686,1.1820,22.2498,NA,NA,NA,NA,NA,NA,NA,NA,NA,NA,NA,NA
88.402,2.0648,20.1845,1.1819,22.2418,NA,NA,NA,NA,NA,NA,NA,NA,NA,NA,NA,NA
88.493,2.0618,20.0095,1.1776,21.7959,NA,NA,NA,NA,NA,NA,NA,NA,NA,NA,NA,NA
88.589,2.0470,19.1500,1.1761,21.6376,NA,NA,NA,NA,NA,NA,NA,NA,NA,NA,NA,NA
88.699,2.0428,18.9027,1.1746,21.4860,NA,NA,NA,NA,NA,NA,NA,NA,NA,NA,NA,NA
88.789,2.0357,18.4879,1.1718,21.1961,NA,NA,NA,NA,NA,NA,NA,NA,NA,NA,NA,NA
88.891,2.0238,17.7991,1.1706,21.0644,NA,NA,NA,NA,NA,NA,NA,NA,NA,NA,NA,NA
89.015,2.0238,17.7991,1.1682,20.8167,NA,NA,NA,NA,NA,NA,NA,NA,NA,NA,NA,NA
89.086,2.0193,17.5348,1.1672,20.7208,NA,NA,NA,NA,NA,NA,NA,NA,NA,NA,NA,NA
89.180,2.0176,17.4355,1.1647,20.4550,NA,NA,NA,NA,NA,NA,NA,NA,NA,NA,NA,NA
89.275,2.0136,17.2045,1.1597,19.9454,NA,NA,NA,NA,NA,NA,NA,NA,NA,NA,NA,NA
89.385,2.0092,16.9494,1.1597,19.9454,NA,NA,NA,NA,NA,NA,NA,NA,NA,NA,NA,NA
89.472,2.0068,16.8086,1.1581,19.7718,NA,NA,NA,NA,NA,NA,NA,NA,NA,NA,NA,NA
89.593,2.0014,16.4955,1.1573,19.6955,NA,NA,NA,NA,NA,NA,NA,NA,NA,NA,NA,NA
89.670,1.9998,16.4029,1.1562,19.5743,NA,NA,NA,NA,NA,NA,NA,NA,NA,NA,NA,NA
89.767,1.9998,16.4029,1.1557,19.5311,NA,NA,NA,NA,NA,NA,NA,NA,NA,NA,NA,NA
89.876,1.9898,15.8159,1.1540,19.3520,NA,NA,NA,NA,NA,NA,NA,NA,NA,NA,NA,NA
89.969,1.9875,15.6870,1.1532,19.2666,NA,NA,NA,NA,NA,NA,NA,NA,NA,NA,NA,NA
90.060,1.9854,15.5630,1.1518,19.1234,NA,NA,NA,NA,NA,NA,NA,NA,NA,NA,NA,NA
90.180,1.9872,15.6684,1.1518,19.1234,NA,NA,NA,NA,NA,NA,NA,NA,NA,NA,NA,NA
90.257,1.9872,15.6684,1.1514,19.0847,NA,NA,NA,NA,NA,NA,NA,NA,NA,NA,NA,NA
90.356,1.9835,15.4521,1.1506,19.0019,NA,NA,NA,NA,NA,NA,NA,NA,NA,NA,NA,NA
90.455,1.9835,15.4521,1.1489,18.8272,NA,NA,NA,NA,NA,NA,NA,NA,NA,NA,NA,NA
90.547,1.9742,14.9077,1.1484,18.7751,NA,NA,NA,NA,NA,NA,NA,NA,NA,NA,NA,NA
90.651,1.9733,14.8587,1.1482,18.7474,NA,NA,NA,NA,NA,NA,NA,NA,NA,NA,NA,NA
90.809,1.9663,14.4520,1.1472,18.6468,NA,NA,NA,NA,NA,NA,NA,NA,NA,NA,NA,NA
90.847,1.9617,14.1831,1.1466,18.5822,NA,NA,NA,NA,NA,NA,NA,NA,NA,NA,NA,NA
90.954,1.9621,14.2088,1.1456,18.4792,NA,NA,NA,NA,NA,NA,NA,NA,NA,NA,NA,NA
91.041,1.9675,14.5229,1.1450,18.4162,NA,NA,NA,NA,NA,NA,NA,NA,NA,NA,NA,NA
91.142,1.9675,14.5229,1.1441,18.3247,NA,NA,NA,NA,NA,NA,NA,NA,NA,NA,NA,NA
91.251,1.9634,14.2831,1.1441,18.3247,NA,NA,NA,NA,NA,NA,NA,NA,NA,NA,NA,NA
91.343,1.9617,14.1814,1.1423,18.1413,NA,NA,NA,NA,NA,NA,NA,NA,NA,NA,NA,NA
91.441,1.9571,13.9172,1.1408,17.9859,NA,NA,NA,NA,NA,NA,NA,NA,NA,NA,NA,NA
91.532,1.9510,13.5610,1.1405,17.9589,NA,NA,NA,NA,NA,NA,NA,NA,NA,NA,NA,NA
91.631,1.9510,13.5610,1.1400,17.9018,NA,NA,NA,NA,NA,NA,NA,NA,NA,NA,NA,NA
91.728,1.9508,13.5486,1.1391,17.8095,NA,NA,NA,NA,NA,NA,NA,NA,NA,NA,NA,NA
91.826,1.9508,13.5486,1.1390,17.8049,NA,NA,NA,NA,NA,NA,NA,NA,NA,NA,NA,NA
91.922,1.9482,13.3943,1.1382,17.7132,NA,NA,NA,NA,NA,NA,NA,NA,NA,NA,NA,NA
92.034,1.9482,13.3943,1.1365,17.5450,NA,NA,NA,NA,NA,NA,NA,NA,NA,NA,NA,NA
92.120,1.9448,13.1962,1.1358,17.4653,NA,NA,NA,NA,NA,NA,NA,NA,NA,NA,NA,NA
92.239,1.9422,13.0495,1.1343,17.3091,NA,NA,NA,NA,NA,NA,NA,NA,NA,NA,NA,NA
92.322,1.9413,12.9973,1.1335,17.2350,NA,NA,NA,NA,NA,NA,NA,NA,NA,NA,NA,NA
92.416,1.9418,13.0253,1.1327,17.1469,NA,NA,NA,NA,NA,NA,NA,NA,NA,NA,NA,NA
92.511,1.9418,13.0253,1.1321,17.0906,NA,NA,NA,NA,NA,NA,NA,NA,NA,NA,NA,NA
92.629,1.9348,12.6177,1.1321,17.0862,NA,NA,NA,NA,NA,NA,NA,NA,NA,NA,NA,NA
92.710,1.9348,12.6177,1.1309,16.9579,NA,NA,NA,NA,NA,NA,NA,NA,NA,NA,NA,NA
92.806,1.9313,12.4110,1.1292,16.7872,NA,NA,NA,NA,NA,NA,NA,NA,NA,NA,NA,NA
92.898,1.9309,12.3876,1.1285,16.7166,NA,NA,NA,NA,NA,NA,NA,NA,NA,NA,NA,NA
92.988,1.9309,12.3876,1.1281,16.6766,NA,NA,NA,NA,NA,NA,NA,NA,NA,NA,NA,NA
93.170,1.9298,12.3263,1.1276,16.6252,NA,NA,NA,NA,NA,NA,NA,NA,NA,NA,NA,NA
93.192,1.9311,12.4027,1.1264,16.4940,NA,NA,NA,NA,NA,NA,NA,NA,NA,NA,NA,NA
93.297,1.9311,12.4027,1.1257,16.4283,NA,NA,NA,NA,NA,NA,NA,NA,NA,NA,NA,NA
93.387,1.9282,12.2333,1.1251,16.3585,NA,NA,NA,NA,NA,NA,NA,NA,NA,NA,NA,NA
93.487,1.9273,12.1804,1.1247,16.3198,NA,NA,NA,NA,NA,NA,NA,NA,NA,NA,NA,NA
93.595,1.9235,11.9615,1.1237,16.2169,NA,NA,NA,NA,NA,NA,NA,NA,NA,NA,NA,NA
93.688,1.9250,12.0437,1.1237,16.2158,NA,NA,NA,NA,NA,NA,NA,NA,NA,NA,NA,NA
93.789,1.9250,12.0437,1.1214,15.9786,NA,NA,NA,NA,NA,NA,NA,NA,NA,NA,NA,NA
93.879,1.9250,12.0474,1.1186,15.6942,NA,NA,NA,NA,NA,NA,NA,NA,NA,NA,NA,NA
93.974,1.9250,12.0474,1.1183,15.6593,NA,NA,NA,NA,NA,NA,NA,NA,NA,NA,NA,NA
94.077,1.9208,11.8008,1.1170,15.5197,NA,NA,NA,NA,NA,NA,NA,NA,NA,NA,NA,NA
94.184,1.9148,11.4530,1.1170,15.5277,NA,NA,NA,NA,NA,NA,NA,NA,NA,NA,NA,NA
94.269,1.9099,11.1648,1.1170,15.5277,NA,NA,NA,NA,NA,NA,NA,NA,NA,NA,NA,NA
94.405,1.9110,11.2311,1.1161,15.4359,NA,NA,NA,NA,NA,NA,NA,NA,NA,NA,NA,NA
94.470,1.9110,11.2311,1.1151,15.3299,NA,NA,NA,NA,NA,NA,NA,NA,NA,NA,NA,NA
94.563,1.9139,11.4009,1.1147,15.2897,NA,NA,NA,NA,NA,NA,NA,NA,NA,NA,NA,NA
94.667,1.9139,11.4009,1.1139,15.2072,NA,NA,NA,NA,NA,NA,NA,NA,NA,NA,NA,NA
94.760,1.9158,11.5110,1.1128,15.0857,NA,NA,NA,NA,NA,NA,NA,NA,NA,NA,NA,NA
94.862,1.9158,11.5110,1.1125,15.0541,NA,NA,NA,NA,NA,NA,NA,NA,NA,NA,NA,NA
94.987,1.9073,11.0164,1.1123,15.0393,NA,NA,NA,NA,NA,NA,NA,NA,NA,NA,NA,NA
95.063,1.9048,10.8728,1.1117,14.9792,NA,NA,NA,NA,NA,NA,NA,NA,NA,NA,NA,NA
95.153,1.9023,10.7267,1.1112,14.9206,NA,NA,NA,NA,NA,NA,NA,NA,NA,NA,NA,NA
95.249,1.8996,10.5659,1.1108,14.8806,NA,NA,NA,NA,NA,NA,NA,NA,NA,NA,NA,NA
95.355,1.8996,10.5659,1.1094,14.7364,NA,NA,NA,NA,NA,NA,NA,NA,NA,NA,NA,NA
95.446,1.9113,11.2513,1.1118,14.9875,NA,NA,NA,NA,NA,NA,NA,NA,NA,NA,NA,NA
95.550,1.9213,11.8329,1.1158,15.4032,NA,NA,NA,NA,NA,NA,NA,NA,NA,NA,NA,NA
95.646,1.9323,12.4739,1.1217,16.0111,NA,NA,NA,NA,NA,NA,NA,NA,NA,NA,NA,NA
95.749,1.9525,13.6479,1.1276,16.6205,NA,NA,NA,NA,NA,NA,NA,NA,NA,NA,NA,NA
95.838,1.9626,14.2354,1.1336,17.2363,NA,NA,NA,NA,NA,NA,NA,NA,NA,NA,NA,NA
95.932,1.9898,15.8178,1.1415,18.0627,NA,NA,NA,NA,NA,NA,NA,NA,NA,NA,NA,NA
96.044,1.9986,16.3326,1.1502,18.9558,NA,NA,NA,NA,NA,NA,NA,NA,NA,NA,NA,NA
96.153,2.0220,17.6920,1.1566,19.6189,NA,NA,NA,NA,NA,NA,NA,NA,NA,NA,NA,NA
96.231,2.0302,18.1709,1.1622,20.1993,NA,NA,NA,NA,NA,NA,NA,NA,NA,NA,NA,NA
96.328,2.0576,19.7652,1.1719,21.1975,NA,NA,NA,NA,NA,NA,NA,NA,NA,NA,NA,NA
96.428,2.0646,20.1694,1.1764,21.6649,NA,NA,NA,NA,NA,NA,NA,NA,NA,NA,NA,NA
96.523,2.0750,20.7773,1.1835,22.4057,NA,NA,NA,NA,NA,NA,NA,NA,NA,NA,NA,NA
96.616,2.0790,21.0084,1.1879,22.8603,NA,NA,NA,NA,NA,NA,NA,NA,NA,NA,NA,NA
96.725,2.0846,21.3345,1.1955,23.6435,NA,NA,NA,NA,NA,NA,NA,NA,NA,NA,NA,NA
96.857,2.0882,21.5454,1.1990,24.0088,NA,NA,NA,NA,NA,NA,NA,NA,NA,NA,NA,NA
96.920,2.0885,21.5644,1.2023,24.3511,NA,NA,NA,NA,NA,NA,NA,NA,NA,NA,NA,NA
97.022,2.1031,22.4142,1.2046,24.5795,NA,NA,NA,NA,NA,NA,NA,NA,NA,NA,NA,NA
97.109,2.1031,22.4142,1.2070,24.8303,NA,NA,NA,NA,NA,NA,NA,NA,NA,NA,NA,NA
97.206,2.0986,22.1484,1.2072,24.8577,NA,NA,NA,NA,NA,NA,NA,NA,NA,NA,NA,NA
97.310,2.0983,22.1331,1.2076,24.8935,NA,NA,NA,NA,NA,NA,NA,NA,NA,NA,NA,NA
97.415,2.0940,21.8809,1.2076,24.8935,NA,NA,NA,NA,NA,NA,NA,NA,NA,NA,NA,NA
97.498,2.0801,21.0739,1.2058,24.7111,NA,NA,NA,NA,NA,NA,NA,NA,NA,NA,NA,NA
97.610,2.0768,20.8849,1.2043,24.5511,NA,NA,NA,NA,NA,NA,NA,NA,NA,NA,NA,NA
97.703,2.0692,20.4415,1.2037,24.4906,NA,NA,NA,NA,NA,NA,NA,NA,NA,NA,NA,NA
97.794,2.0657,20.2341,1.2008,24.1962,NA,NA,NA,NA,NA,NA,NA,NA,NA,NA,NA,NA
97.905,2.0554,19.6367,1.1988,23.9881,NA,NA,NA,NA,NA,NA,NA,NA,NA,NA,NA,NA
98.042,2.0504,19.3459,1.1954,23.6339,NA,NA,NA,NA,NA,NA,NA,NA,NA,NA,NA,NA
98.090,2.0422,18.8661,1.1926,23.3441,NA,NA,NA,NA,NA,NA,NA,NA,NA,NA,NA,NA
98.185,2.0316,18.2524,1.1890,22.9757,NA,NA,NA,NA,NA,NA,NA,NA,NA,NA,NA,NA
98.289,2.0294,18.1213,1.1873,22.7956,NA,NA,NA,NA,NA,NA,NA,NA,NA,NA,NA,NA
98.385,2.0229,17.7472,1.1864,22.6988,NA,NA,NA,NA,NA,NA,NA,NA,NA,NA,NA,NA
98.484,2.0215,17.6634,1.1830,22.3489,NA,NA,NA,NA,NA,NA,NA,NA,NA,NA,NA,NA
98.592,2.0206,17.6085,1.1812,22.1642,NA,NA,NA,NA,NA,NA,NA,NA,NA,NA,NA,NA
98.678,2.0206,17.6085,1.1797,22.0143,NA,NA,NA,NA,NA,NA,NA,NA,NA,NA,NA,NA
98.773,2.0124,17.1322,1.1772,21.7458,NA,NA,NA,NA,NA,NA,NA,NA,NA,NA,NA,NA
98.871,2.0047,16.6881,1.1759,21.6142,NA,NA,NA,NA,NA,NA,NA,NA,NA,NA,NA,NA
98.978,2.0032,16.5960,1.1739,21.4074,NA,NA,NA,NA,NA,NA,NA,NA,NA,NA,NA,NA
99.072,2.0001,16.4153,1.1723,21.2424,NA,NA,NA,NA,NA,NA,NA,NA,NA,NA,NA,NA
99.225,2.0004,16.4326,1.1711,21.1169,NA,NA,NA,NA,NA,NA,NA,NA,NA,NA,NA,NA
99.266,2.0004,16.4326,1.1703,21.0363,NA,NA,NA,NA,NA,NA,NA,NA,NA,NA,NA,NA
99.368,1.9975,16.2642,1.1694,20.9451,NA,NA,NA,NA,NA,NA,NA,NA,NA,NA,NA,NA
99.456,1.9906,15.8674,1.1681,20.8061,NA,NA,NA,NA,NA,NA,NA,NA,NA,NA,NA,NA
99.566,1.9892,15.7827,1.1671,20.7108,NA,NA,NA,NA,NA,NA,NA,NA,NA,NA,NA,NA
99.654,1.9892,15.7827,1.1662,20.6150,NA,NA,NA,NA,NA,NA,NA,NA,NA,NA,NA,NA
99.756,1.9891,15.7758,1.1649,20.4771,NA,NA,NA,NA,NA,NA,NA,NA,NA,NA,NA,NA
99.852,1.9880,15.7136,1.1642,20.4030,NA,NA,NA,NA,NA,NA,NA,NA,NA,NA,NA,NA
99.949,1.9880,15.7136,1.1624,20.2166,NA,NA,NA,NA,NA,NA,NA,NA,NA,NA,NA,NA
100.046,1.9805,15.2785,1.1614,20.1167,NA,NA,NA,NA,NA,NA,NA,NA,NA,NA,NA,NA
100.159,1.9783,15.1506,1.1598,19.9553,NA,NA,NA,NA,NA,NA,NA,NA,NA,NA,NA,NA
100.246,1.9719,14.7763,1.1573,19.6948,NA,NA,NA,NA,NA,NA,NA,NA,NA,NA,NA,NA
100.340,1.9699,14.6618,1.1549,19.4464,NA,NA,NA,NA,NA,NA,NA,NA,NA,NA,NA,NA
100.441,1.9684,14.5733,1.1540,19.3545,NA,NA,NA,NA,NA,NA,NA,NA,NA,NA,NA,NA
100.545,1.9680,14.5498,1.1528,19.2284,NA,NA,NA,NA,NA,NA,NA,NA,NA,NA,NA,NA
100.635,1.9680,14.5498,1.1504,18.9771,NA,NA,NA,NA,NA,NA,NA,NA,NA,NA,NA,NA
100.736,1.9703,14.6818,1.1513,19.0685,NA,NA,NA,NA,NA,NA,NA,NA,NA,NA,NA,NA
100.829,1.9790,15.1891,1.1537,19.3216,NA,NA,NA,NA,NA,NA,NA,NA,NA,NA,NA,NA
100.937,1.9884,15.7344,1.1594,19.9146,NA,NA,NA,NA,NA,NA,NA,NA,NA,NA,NA,NA
101.040,2.0189,17.5102,1.1637,20.3545,NA,NA,NA,NA,NA,NA,NA,NA,NA,NA,NA,NA
101.132,2.0200,17.5741,1.1669,20.6865,NA,NA,NA,NA,NA,NA,NA,NA,NA,NA,NA,NA
101.223,2.0405,18.7685,1.1711,21.1247,NA,NA,NA,NA,NA,NA,NA,NA,NA,NA,NA,NA
101.322,2.0405,18.7685,1.1733,21.3522,NA,NA,NA,NA,NA,NA,NA,NA,NA,NA,NA,NA
101.427,2.0449,19.0240,1.1745,21.4685,NA,NA,NA,NA,NA,NA,NA,NA,NA,NA,NA,NA
101.516,2.0449,19.0240,1.1745,21.4685,NA,NA,NA,NA,NA,NA,NA,NA,NA,NA,NA,NA
101.636,2.0403,18.7589,1.1730,21.3120,NA,NA,NA,NA,NA,NA,NA,NA,NA,NA,NA,NA
101.727,2.0297,18.1421,1.1726,21.2720,NA,NA,NA,NA,NA,NA,NA,NA,NA,NA,NA,NA
101.821,2.0284,18.0673,1.1714,21.1558,NA,NA,NA,NA,NA,NA,NA,NA,NA,NA,NA,NA
101.910,2.0226,17.7293,1.1698,20.9855,NA,NA,NA,NA,NA,NA,NA,NA,NA,NA,NA,NA
102.015,2.0198,17.5643,1.1685,20.8521,NA,NA,NA,NA,NA,NA,NA,NA,NA,NA,NA,NA
102.116,2.0048,16.6901,1.1668,20.6788,NA,NA,NA,NA,NA,NA,NA,NA,NA,NA,NA,NA
102.208,2.0048,16.6885,1.1653,20.5181,NA,NA,NA,NA,NA,NA,NA,NA,NA,NA,NA,NA
102.302,1.9926,15.9804,1.1633,20.3099,NA,NA,NA,NA,NA,NA,NA,NA,NA,NA,NA,NA
102.402,1.9889,15.7688,1.1620,20.1834,NA,NA,NA,NA,NA,NA,NA,NA,NA,NA,NA,NA
102.498,1.9884,15.7387,1.1596,19.9316,NA,NA,NA,NA,NA,NA,NA,NA,NA,NA,NA,NA
102.595,1.9842,15.4908,1.1591,19.8813,NA,NA,NA,NA,NA,NA,NA,NA,NA,NA,NA,NA
102.696,1.9842,15.4908,1.1580,19.7608,NA,NA,NA,NA,NA,NA,NA,NA,NA,NA,NA,NA
102.810,1.9808,15.2965,1.1565,19.6114,NA,NA,NA,NA,NA,NA,NA,NA,NA,NA,NA,NA
102.883,1.9772,15.0851,1.1560,19.5530,NA,NA,NA,NA,NA,NA,NA,NA,NA,NA,NA,NA
102.983,1.9719,14.7787,1.1546,19.4096,NA,NA,NA,NA,NA,NA,NA,NA,NA,NA,NA,NA
103.087,1.9672,14.5044,1.1546,19.4096,NA,NA,NA,NA,NA,NA,NA,NA,NA,NA,NA,NA
103.188,1.9656,14.4119,1.1528,19.2307,NA,NA,NA,NA,NA,NA,NA,NA,NA,NA,NA,NA
103.295,1.9701,14.6706,1.1505,18.9861,NA,NA,NA,NA,NA,NA,NA,NA,NA,NA,NA,NA
103.437,1.9701,14.6706,1.1504,18.9767,NA,NA,NA,NA,NA,NA,NA,NA,NA,NA,NA,NA
103.477,1.9660,14.4343,1.1499,18.9284,NA,NA,NA,NA,NA,NA,NA,NA,NA,NA,NA,NA
103.575,1.9639,14.3105,1.1483,18.7612,NA,NA,NA,NA,NA,NA,NA,NA,NA,NA,NA,NA
103.671,1.9621,14.2060,1.1473,18.6629,NA,NA,NA,NA,NA,NA,NA,NA,NA,NA,NA,NA
103.766,1.9608,14.1278,1.1449,18.4084,NA,NA,NA,NA,NA,NA,NA,NA,NA,NA,NA,NA
103.866,1.9570,13.9096,1.1452,18.4411,NA,NA,NA,NA,NA,NA,NA,NA,NA,NA,NA,NA
104.011,1.9567,13.8898,1.1452,18.4411,NA,NA,NA,NA,NA,NA,NA,NA,NA,NA,NA,NA
104.062,1.9539,13.7292,1.1443,18.3486,NA,NA,NA,NA,NA,NA,NA,NA,NA,NA,NA,NA
104.174,1.9496,13.4775,1.1437,18.2836,NA,NA,NA,NA,NA,NA,NA,NA,NA,NA,NA,NA
104.273,1.9496,13.4775,1.1434,18.2566,NA,NA,NA,NA,NA,NA,NA,NA,NA,NA,NA,NA
104.362,1.9486,13.4211,1.1434,18.2566,NA,NA,NA,NA,NA,NA,NA,NA,NA,NA,NA,NA
104.454,1.9483,13.4030,1.1431,18.2193,NA,NA,NA,NA,NA,NA,NA,NA,NA,NA,NA,NA
104.628,1.9457,13.2518,1.1426,18.1752,NA,NA,NA,NA,NA,NA,NA,NA,NA,NA,NA,NA
104.653,1.9380,12.8040,1.1423,18.1417,NA,NA,NA,NA,NA,NA,NA,NA,NA,NA,NA,NA
104.757,1.9361,12.6937,1.1420,18.1074,NA,NA,NA,NA,NA,NA,NA,NA,NA,NA,NA,NA
104.851,1.9373,12.7619,1.1411,18.0198,NA,NA,NA,NA,NA,NA,NA,NA,NA,NA,NA,NA
104.942,1.9373,12.7619,1.1400,17.9070,NA,NA,NA,NA,NA,NA,NA,NA,NA,NA,NA,NA
105.042,1.9364,12.7078,1.1388,17.7753,NA,NA,NA,NA,NA,NA,NA,NA,NA,NA,NA,NA
105.136,1.9364,12.7078,1.1373,17.6217,NA,NA,NA,NA,NA,NA,NA,NA,NA,NA,NA,NA
105.241,1.9357,12.6680,1.1372,17.6166,NA,NA,NA,NA,NA,NA,NA,NA,NA,NA,NA,NA
105.334,1.9351,12.6316,1.1358,17.4654,NA,NA,NA,NA,NA,NA,NA,NA,NA,NA,NA,NA
105.432,1.9281,12.2269,1.1347,17.3559,NA,NA,NA,NA,NA,NA,NA,NA,NA,NA,NA,NA
105.527,1.9259,12.0981,1.1342,17.3080,NA,NA,NA,NA,NA,NA,NA,NA,NA,NA,NA,NA
105.629,1.9259,12.0981,1.1323,17.1036,NA,NA,NA,NA,NA,NA,NA,NA,NA,NA,NA,NA
105.724,1.9224,11.8953,1.1315,17.0282,NA,NA,NA,NA,NA,NA,NA,NA,NA,NA,NA,NA
105.858,1.9224,11.8953,1.1297,16.8431,NA,NA,NA,NA,NA,NA,NA,NA,NA,NA,NA,NA
105.921,1.9239,11.9846,1.1291,16.7747,NA,NA,NA,NA,NA,NA,NA,NA,NA,NA,NA,NA
106.020,1.9239,11.9846,1.1289,16.7584,NA,NA,NA,NA,NA,NA,NA,NA,NA,NA,NA,NA
106.116,1.9215,11.8411,1.1289,16.7600,NA,NA,NA,NA,NA,NA,NA,NA,NA,NA,NA,NA
106.224,1.9348,12.6170,1.1314,17.0160,NA,NA,NA,NA,NA,NA,NA,NA,NA,NA,NA,NA
106.317,1.9508,13.5473,1.1358,17.4709,NA,NA,NA,NA,NA,NA,NA,NA,NA,NA,NA,NA
106.433,1.9720,14.7802,1.1423,18.1451,NA,NA,NA,NA,NA,NA,NA,NA,NA,NA,NA,NA
106.507,1.9805,15.2763,1.1459,18.5175,NA,NA,NA,NA,NA,NA,NA,NA,NA,NA,NA,NA
106.606,2.0018,16.5173,1.1523,19.1747,NA,NA,NA,NA,NA,NA,NA,NA,NA,NA,NA,NA
106.713,2.0092,16.9468,1.1591,19.8825,NA,NA,NA,NA,NA,NA,NA,NA,NA,NA,NA,NA
106.805,2.0184,17.4840,1.1633,20.3171,NA,NA,NA,NA,NA,NA,NA,NA,NA,NA,NA,NA
106.904,2.0258,17.9129,1.1680,20.7957,NA,NA,NA,NA,NA,NA,NA,NA,NA,NA,NA,NA
107.019,2.0479,19.1993,1.1746,21.4853,NA,NA,NA,NA,NA,NA,NA,NA,NA,NA,NA,NA
107.101,2.0625,20.0483,1.1791,21.9471,NA,NA,NA,NA,NA,NA,NA,NA,NA,NA,NA,NA
107.197,2.0710,20.5454,1.1855,22.6050,NA,NA,NA,NA,NA,NA,NA,NA,NA,NA,NA,NA
107.296,2.0738,20.7092,1.1929,23.3706,NA,NA,NA,NA,NA,NA,NA,NA,NA,NA,NA,NA
107.401,2.0991,22.1800,1.1981,23.9075,NA,NA,NA,NA,NA,NA,NA,NA,NA,NA,NA,NA
107.488,2.1066,22.6158,1.2051,24.6376,NA,NA,NA,NA,NA,NA,NA,NA,NA,NA,NA,NA
107.623,2.1101,22.8201,1.2114,25.2912,NA,NA,NA,NA,NA,NA,NA,NA,NA,NA,NA,NA
107.682,2.1241,23.6378,1.2163,25.7977,NA,NA,NA,NA,NA,NA,NA,NA,NA,NA,NA,NA
107.789,2.1283,23.8808,1.2208,26.2592,NA,NA,NA,NA,NA,NA,NA,NA,NA,NA,NA,NA
107.883,2.1417,24.6608,1.2230,26.4924,NA,NA,NA,NA,NA,NA,NA,NA,NA,NA,NA,NA
107.975,2.1417,24.6608,1.2270,26.9038,NA,NA,NA,NA,NA,NA,NA,NA,NA,NA,NA,NA
108.084,2.1457,24.8945,1.2289,27.1020,NA,NA,NA,NA,NA,NA,NA,NA,NA,NA,NA,NA
108.237,2.1457,24.8945,1.2300,27.2119,NA,NA,NA,NA,NA,NA,NA,NA,NA,NA,NA,NA
108.274,2.1439,24.7878,1.2307,27.2800,NA,NA,NA,NA,NA,NA,NA,NA,NA,NA,NA,NA
108.366,2.1429,24.7305,1.2312,27.3404,NA,NA,NA,NA,NA,NA,NA,NA,NA,NA,NA,NA
108.474,2.1429,24.7305,1.2312,27.3404,NA,NA,NA,NA,NA,NA,NA,NA,NA,NA,NA,NA
108.573,2.1353,24.2845,1.2309,27.3042,NA,NA,NA,NA,NA,NA,NA,NA,NA,NA,NA,NA
108.662,2.1350,24.2681,1.2271,26.9134,NA,NA,NA,NA,NA,NA,NA,NA,NA,NA,NA,NA
108.797,2.1206,23.4288,1.2217,26.3514,NA,NA,NA,NA,NA,NA,NA,NA,NA,NA,NA,NA
108.864,2.1157,23.1450,1.2178,25.9457,NA,NA,NA,NA,NA,NA,NA,NA,NA,NA,NA,NA
108.962,2.1033,22.4275,1.2138,25.5313,NA,NA,NA,NA,NA,NA,NA,NA,NA,NA,NA,NA
109.058,2.0932,21.8362,1.2106,25.2064,NA,NA,NA,NA,NA,NA,NA,NA,NA,NA,NA,NA
109.152,2.0814,21.1492,1.2087,25.0104,NA,NA,NA,NA,NA,NA,NA,NA,NA,NA,NA,NA
109.260,2.0787,20.9921,1.2068,24.8101,NA,NA,NA,NA,NA,NA,NA,NA,NA,NA,NA,NA
109.358,2.0750,20.7791,1.2050,24.6306,NA,NA,NA,NA,NA,NA,NA,NA,NA,NA,NA,NA
109.457,2.0714,20.5703,1.2030,24.4212,NA,NA,NA,NA,NA,NA,NA,NA,NA,NA,NA,NA
109.549,2.0698,20.4736,1.1996,24.0631,NA,NA,NA,NA,NA,NA,NA,NA,NA,NA,NA,NA
109.640,2.0622,20.0329,1.1970,23.7964,NA,NA,NA,NA,NA,NA,NA,NA,NA,NA,NA,NA
109.742,2.0603,19.9197,1.1950,23.5946,NA,NA,NA,NA,NA,NA,NA,NA,NA,NA,NA,NA
109.837,2.0539,19.5488,1.1929,23.3730,NA,NA,NA,NA,NA,NA,NA,NA,NA,NA,NA,NA
109.933,2.0525,19.4669,1.1915,23.2317,NA,NA,NA,NA,NA,NA,NA,NA,NA,NA,NA,NA
110.044,2.0513,19.3983,1.1897,23.0481,NA,NA,NA,NA,NA,NA,NA,NA,NA,NA,NA,NA
110.146,2.0505,19.3520,1.1890,22.9735,NA,NA,NA,NA,NA,NA,NA,NA,NA,NA,NA,NA
110.233,2.0502,19.3365,1.1884,22.9117,NA,NA,NA,NA,NA,NA,NA,NA,NA,NA,NA,NA
110.329,2.0458,19.0796,1.1878,22.8484,NA,NA,NA,NA,NA,NA,NA,NA,NA,NA,NA,NA
110.435,2.0449,19.0257,1.1854,22.6018,NA,NA,NA,NA,NA,NA,NA,NA,NA,NA,NA,NA
110.534,2.0404,18.7625,1.1842,22.4723,NA,NA,NA,NA,NA,NA,NA,NA,NA,NA,NA,NA
110.642,2.0384,18.6448,1.1836,22.4092,NA,NA,NA,NA,NA,NA,NA,NA,NA,NA,NA,NA
110.734,2.0367,18.5463,1.1820,22.2466,NA,NA,NA,NA,NA,NA,NA,NA,NA,NA,NA,NA
110.820,2.0304,18.1831,1.1813,22.1739,NA,NA,NA,NA,NA,NA,NA,NA,NA,NA,NA,NA
110.915,2.0304,18.1831,1.1799,22.0338,NA,NA,NA,NA,NA,NA,NA,NA,NA,NA,NA,NA
111.014,2.0271,17.9875,1.1792,21.9568,NA,NA,NA,NA,NA,NA,NA,NA,NA,NA,NA,NA
111.116,2.0271,17.9875,1.1785,21.8873,NA,NA,NA,NA,NA,NA,NA,NA,NA,NA,NA,NA
111.209,2.0229,17.7470,1.1781,21.8485,NA,NA,NA,NA,NA,NA,NA,NA,NA,NA,NA,NA
111.312,2.0174,17.4254,1.1765,21.6807,NA,NA,NA,NA,NA,NA,NA,NA,NA,NA,NA,NA
111.406,2.0055,16.7296,1.1765,21.6807,NA,NA,NA,NA,NA,NA,NA,NA,NA,NA,NA,NA
111.499,2.0060,16.7626,1.1758,21.6037,NA,NA,NA,NA,NA,NA,NA,NA,NA,NA,NA,NA
111.603,2.0060,16.7626,1.1732,21.3375,NA,NA,NA,NA,NA,NA,NA,NA,NA,NA,NA,NA
111.723,2.0009,16.4618,1.1725,21.2617,NA,NA,NA,NA,NA,NA,NA,NA,NA,NA,NA,NA
111.795,2.0009,16.4618,1.1715,21.1615,NA,NA,NA,NA,NA,NA,NA,NA,NA,NA,NA,NA
111.903,2.0009,16.4645,1.1710,21.1072,NA,NA,NA,NA,NA,NA,NA,NA,NA,NA,NA,NA
111.993,2.0009,16.4645,1.1697,20.9735,NA,NA,NA,NA,NA,NA,NA,NA,NA,NA,NA,NA
112.090,2.0005,16.4436,1.1697,20.9735,NA,NA,NA,NA,NA,NA,NA,NA,NA,NA,NA,NA
112.183,1.9989,16.3480,1.1689,20.8932,NA,NA,NA,NA,NA,NA,NA,NA,NA,NA,NA,NA
112.288,1.9920,15.9448,1.1685,20.8542,NA,NA,NA,NA,NA,NA,NA,NA,NA,NA,NA,NA
112.398,1.9917,15.9287,1.1675,20.7504,NA,NA,NA,NA,NA,NA,NA,NA,NA,NA,NA,NA
112.482,1.9915,15.9153,1.1654,20.5295,NA,NA,NA,NA,NA,NA,NA,NA,NA,NA,NA,NA
112.579,1.9898,15.8211,1.1651,20.4980,NA,NA,NA,NA,NA,NA,NA,NA,NA,NA,NA,NA
112.676,1.9864,15.6194,1.1645,20.4332,NA,NA,NA,NA,NA,NA,NA,NA,NA,NA,NA,NA
112.773,1.9850,15.5384,1.1645,20.4332,NA,NA,NA,NA,NA,NA,NA,NA,NA,NA,NA,NA
112.873,1.9836,15.4584,1.1636,20.3485,NA,NA,NA,NA,NA,NA,NA,NA,NA,NA,NA,NA
113.023,1.9840,15.4805,1.1629,20.2713,NA,NA,NA,NA,NA,NA,NA,NA,NA,NA,NA,NA
113.086,1.9840,15.4805,1.1611,20.0812,NA,NA,NA,NA,NA,NA,NA,NA,NA,NA,NA,NA
113.169,1.9806,15.2833,1.1610,20.0725,NA,NA,NA,NA,NA,NA,NA,NA,NA,NA,NA,NA
113.266,1.9763,15.0326,1.1610,20.0725,NA,NA,NA,NA,NA,NA,NA,NA,NA,NA,NA,NA
113.356,1.9725,14.8105,1.1599,19.9585,NA,NA,NA,NA,NA,NA,NA,NA,NA,NA,NA,NA
113.465,1.9725,14.8105,1.1592,19.8880,NA,NA,NA,NA,NA,NA,NA,NA,NA,NA,NA,NA
113.625,1.9715,14.7504,1.1577,19.7385,NA,NA,NA,NA,NA,NA,NA,NA,NA,NA,NA,NA
113.655,1.9695,14.6369,1.1573,19.6919,NA,NA,NA,NA,NA,NA,NA,NA,NA,NA,NA,NA
113.756,1.9695,14.6369,1.1565,19.6126,NA,NA,NA,NA,NA,NA,NA,NA,NA,NA,NA,NA
113.862,1.9622,14.2127,1.1555,19.5045,NA,NA,NA,NA,NA,NA,NA,NA,NA,NA,NA,NA
113.956,1.9622,14.2127,1.1552,19.4716,NA,NA,NA,NA,NA,NA,NA,NA,NA,NA,NA,NA
114.050,1.9567,13.8898,1.1545,19.3990,NA,NA,NA,NA,NA,NA,NA,NA,NA,NA,NA,NA
114.146,1.9511,13.5643,1.1531,19.2620,NA,NA,NA,NA,NA,NA,NA,NA,NA,NA,NA,NA
114.264,1.9509,13.5525,1.1519,19.1383,NA,NA,NA,NA,NA,NA,NA,NA,NA,NA,NA,NA
114.342,1.9507,13.5403,1.1517,19.1180,NA,NA,NA,NA,NA,NA,NA,NA,NA,NA,NA,NA
114.431,1.9507,13.5403,1.1510,19.0431,NA,NA,NA,NA,NA,NA,NA,NA,NA,NA,NA,NA
114.537,1.9512,13.5704,1.1503,18.9699,NA,NA,NA,NA,NA,NA,NA,NA,NA,NA,NA,NA
114.642,1.9532,13.6866,1.1506,18.9973,NA,NA,NA,NA,NA,NA,NA,NA,NA,NA,NA,NA
114.730,1.9650,14.3722,1.1539,19.3437,NA,NA,NA,NA,NA,NA,NA,NA,NA,NA,NA,NA
114.830,1.9787,15.1742,1.1563,19.5848,NA,NA,NA,NA,NA,NA,NA,NA,NA,NA,NA,NA
114.927,1.9943,16.0821,1.1623,20.2051,NA,NA,NA,NA,NA,NA,NA,NA,NA,NA,NA,NA
115.024,2.0161,17.3513,1.1676,20.7597,NA,NA,NA,NA,NA,NA,NA,NA,NA,NA,NA,NA
115.125,2.0263,17.9399,1.1751,21.5335,NA,NA,NA,NA,NA,NA,NA,NA,NA,NA,NA,NA
115.221,2.0488,19.2534,1.1823,22.2816,NA,NA,NA,NA,NA,NA,NA,NA,NA,NA,NA,NA
115.317,2.0569,19.7225,1.1871,22.7762,NA,NA,NA,NA,NA,NA,NA,NA,NA,NA,NA,NA
115.433,2.0750,20.7761,1.1941,23.4942,NA,NA,NA,NA,NA,NA,NA,NA,NA,NA,NA,NA
115.519,2.0824,21.2058,1.2005,24.1632,NA,NA,NA,NA,NA,NA,NA,NA,NA,NA,NA,NA
115.612,2.0931,21.8317,1.2065,24.7760,NA,NA,NA,NA,NA,NA,NA,NA,NA,NA,NA,NA
115.712,2.1132,23.0025,1.2111,25.2550,NA,NA,NA,NA,NA,NA,NA,NA,NA,NA,NA,NA
115.809,2.1221,23.5213,1.2155,25.7153,NA,NA,NA,NA,NA,NA,NA,NA,NA,NA,NA,NA
115.974,2.1312,24.0494,1.2210,26.2856,NA,NA,NA,NA,NA,NA,NA,NA,NA,NA,NA,NA
116.010,2.1347,24.2519,1.2273,26.9308,NA,NA,NA,NA,NA,NA,NA,NA,NA,NA,NA,NA
116.105,2.1615,25.8130,1.2338,27.6058,NA,NA,NA,NA,NA,NA,NA,NA,NA,NA,NA,NA
116.211,2.1711,26.3726,1.2414,28.3938,NA,NA,NA,NA,NA,NA,NA,NA,NA,NA,NA,NA
116.310,2.1711,26.3726,1.2467,28.9422,NA,NA,NA,NA,NA,NA,NA,NA,NA,NA,NA,NA
116.399,2.1767,26.6980,1.2511,29.3901,NA,NA,NA,NA,NA,NA,NA,NA,NA,NA,NA,NA
116.492,2.1830,27.0643,1.2548,29.7712,NA,NA,NA,NA,NA,NA,NA,NA,NA,NA,NA,NA
116.616,2.1889,27.4059,1.2569,29.9932,NA,NA,NA,NA,NA,NA,NA,NA,NA,NA,NA,NA
116.692,2.1916,27.5645,1.2604,30.3519,NA,NA,NA,NA,NA,NA,NA,NA,NA,NA,NA,NA
116.794,2.2039,28.2818,1.2623,30.5521,NA,NA,NA,NA,NA,NA,NA,NA,NA,NA,NA,NA
116.885,2.2039,28.2818,1.2635,30.6737,NA,NA,NA,NA,NA,NA,NA,NA,NA,NA,NA,NA
116.988,2.2009,28.1044,1.2635,30.6737,NA,NA,NA,NA,NA,NA,NA,NA,NA,NA,NA,NA
117.088,2.1989,27.9913,1.2630,30.6212,NA,NA,NA,NA,NA,NA,NA,NA,NA,NA,NA,NA
117.179,2.1942,27.7170,1.2613,30.4485,NA,NA,NA,NA,NA,NA,NA,NA,NA,NA,NA,NA
117.276,2.1839,27.1133,1.2600,30.3127,NA,NA,NA,NA,NA,NA,NA,NA,NA,NA,NA,NA
117.377,2.1798,26.8751,1.2583,30.1345,NA,NA,NA,NA,NA,NA,NA,NA,NA,NA,NA,NA
117.472,2.1682,26.2002,1.2571,30.0180,NA,NA,NA,NA,NA,NA,NA,NA,NA,NA,NA,NA
117.574,2.1621,25.8461,1.2505,29.3317,NA,NA,NA,NA,NA,NA,NA,NA,NA,NA,NA,NA
117.672,2.1466,24.9446,1.2463,28.8998,NA,NA,NA,NA,NA,NA,NA,NA,NA,NA,NA,NA
117.770,2.1398,24.5517,1.2437,28.6328,NA,NA,NA,NA,NA,NA,NA,NA,NA,NA,NA,NA
117.865,2.1246,23.6629,1.2422,28.4732,NA,NA,NA,NA,NA,NA,NA,NA,NA,NA,NA,NA
117.971,2.1108,22.8598,1.2407,28.3203,NA,NA,NA,NA,NA,NA,NA,NA,NA,NA,NA,NA
118.064,2.1045,22.4928,1.2372,27.9548,NA,NA,NA,NA,NA,NA,NA,NA,NA,NA,NA,NA
118.164,2.1037,22.4475,1.2336,27.5873,NA,NA,NA,NA,NA,NA,NA,NA,NA,NA,NA,NA
118.255,2.0906,21.6835,1.2317,27.3865,NA,NA,NA,NA,NA,NA,NA,NA,NA,NA,NA,NA
118.409,2.0893,21.6097,1.2287,27.0815,NA,NA,NA,NA,NA,NA,NA,NA,NA,NA,NA,NA
118.451,2.0812,21.1398,1.2261,26.8108,NA,NA,NA,NA,NA,NA,NA,NA,NA,NA,NA,NA
118.552,2.0811,21.1305,1.2250,26.6923,NA,NA,NA,NA,NA,NA,NA,NA,NA,NA,NA,NA
118.654,2.0811,21.1305,1.2231,26.4977,NA,NA,NA,NA,NA,NA,NA,NA,NA,NA,NA,NA
118.750,2.0797,21.0528,1.2220,26.3803,NA,NA,NA,NA,NA,NA,NA,NA,NA,NA,NA,NA
118.850,2.0767,20.8764,1.2211,26.2894,NA,NA,NA,NA,NA,NA,NA,NA,NA,NA,NA,NA
118.978,2.0766,20.8703,1.2208,26.2581,NA,NA,NA,NA,NA,NA,NA,NA,NA,NA,NA,NA
119.036,2.0766,20.8703,1.2179,25.9550,NA,NA,NA,NA,NA,NA,NA,NA,NA,NA,NA,NA
119.146,2.0691,20.4366,1.2174,25.9033,NA,NA,NA,NA,NA,NA,NA,NA,NA,NA,NA,NA
119.238,2.0662,20.2673,1.2167,25.8329,NA,NA,NA,NA,NA,NA,NA,NA,NA,NA,NA,NA
119.333,2.0598,19.8906,1.2152,25.6843,NA,NA,NA,NA,NA,NA,NA,NA,NA,NA,NA,NA
119.442,2.0538,19.5452,1.2133,25.4836,NA,NA,NA,NA,NA,NA,NA,NA,NA,NA,NA,NA
119.564,2.0541,19.5604,1.2122,25.3686,NA,NA,NA,NA,NA,NA,NA,NA,NA,NA,NA,NA
119.628,2.0561,19.6775,1.2120,25.3488,NA,NA,NA,NA,NA,NA,NA,NA,NA,NA,NA,NA
119.724,2.0561,19.6775,1.2104,25.1846,NA,NA,NA,NA,NA,NA,NA,NA,NA,NA,NA,NA
119.819,2.0521,19.4455,1.2085,24.9909,NA,NA,NA,NA,NA,NA,NA,NA,NA,NA,NA,NA
119.934,2.0507,19.3613,1.2085,24.9893,NA,NA,NA,NA,NA,NA,NA,NA,NA,NA,NA,NA
120.024,2.0465,19.1197,1.2051,24.6357,NA,NA,NA,NA,NA,NA,NA,NA,NA,NA,NA,NA
120.120,2.0425,18.8883,1.2037,24.4912,NA,NA,NA,NA,NA,NA,NA,NA,NA,NA,NA,NA
120.273,2.0425,18.8883,1.2035,24.4729,NA,NA,NA,NA,NA,NA,NA,NA,NA,NA,NA,NA
120.319,2.0403,18.7558,1.2024,24.3611,NA,NA,NA,NA,NA,NA,NA,NA,NA,NA,NA,NA
120.413,2.0403,18.7558,1.2015,24.2680,NA,NA,NA,NA,NA,NA,NA,NA,NA,NA,NA,NA
120.508,2.0383,18.6436,1.2006,24.1731,NA,NA,NA,NA,NA,NA,NA,NA,NA,NA,NA,NA
120.613,2.0383,18.6436,1.1996,24.0638,NA,NA,NA,NA,NA,NA,NA,NA,NA,NA,NA,NA
120.710,2.0359,18.5018,1.1984,23.9407,NA,NA,NA,NA,NA,NA,NA,NA,NA,NA,NA,NA
120.825,2.0313,18.2344,1.1978,23.8760,NA,NA,NA,NA,NA,NA,NA,NA,NA,NA,NA,NA
120.910,2.0313,18.2344,1.1938,23.4706,NA,NA,NA,NA,NA,NA,NA,NA,NA,NA,NA,NA
121.004,2.0297,18.1418,1.1936,23.4446,NA,NA,NA,NA,NA,NA,NA,NA,NA,NA,NA,NA
121.098,2.0297,18.1418,1.1934,23.4255,NA,NA,NA,NA,NA,NA,NA,NA,NA,NA,NA,NA
121.208,2.0283,18.0602,1.1927,23.3548,NA,NA,NA,NA,NA,NA,NA,NA,NA,NA,NA,NA
121.292,2.0280,18.0389,1.1900,23.0772,NA,NA,NA,NA,NA,NA,NA,NA,NA,NA,NA,NA
121.423,2.0152,17.2952,1.1893,22.9977,NA,NA,NA,NA,NA,NA,NA,NA,NA,NA,NA,NA
121.490,2.0131,17.1723,1.1893,22.9977,NA,NA,NA,NA,NA,NA,NA,NA,NA,NA,NA,NA
121.587,2.0093,16.9512,1.1874,22.8105,NA,NA,NA,NA,NA,NA,NA,NA,NA,NA,NA,NA
121.699,2.0046,16.6817,1.1866,22.7229,NA,NA,NA,NA,NA,NA,NA,NA,NA,NA,NA,NA
121.788,2.0032,16.6011,1.1862,22.6815,NA,NA,NA,NA,NA,NA,NA,NA,NA,NA,NA,NA
121.876,2.0031,16.5938,1.1862,22.6841,NA,NA,NA,NA,NA,NA,NA,NA,NA,NA,NA,NA
122.021,2.0031,16.5938,1.1862,22.6841,NA,NA,NA,NA,NA,NA,NA,NA,NA,NA,NA,NA
122.084,2.0022,16.5386,1.1859,22.6463,NA,NA,NA,NA,NA,NA,NA,NA,NA,NA,NA,NA
122.176,2.0027,16.5714,1.1851,22.5648,NA,NA,NA,NA,NA,NA,NA,NA,NA,NA,NA,NA
122.268,2.0028,16.5750,1.1844,22.5002,NA,NA,NA,NA,NA,NA,NA,NA,NA,NA,NA,NA
122.366,2.0028,16.5750,1.1838,22.4325,NA,NA,NA,NA,NA,NA,NA,NA,NA,NA,NA,NA
122.489,2.0012,16.4843,1.1836,22.4162,NA,NA,NA,NA,NA,NA,NA,NA,NA,NA,NA,NA
122.564,2.0007,16.4504,1.1825,22.2990,NA,NA,NA,NA,NA,NA,NA,NA,NA,NA,NA,NA
122.670,2.0007,16.4504,1.1819,22.2392,NA,NA,NA,NA,NA,NA,NA,NA,NA,NA,NA,NA
122.763,1.9965,16.2062,1.1819,22.2392,NA,NA,NA,NA,NA,NA,NA,NA,NA,NA,NA,NA
122.856,1.9965,16.2062,1.1791,21.9441,NA,NA,NA,NA,NA,NA,NA,NA,NA,NA,NA,NA
122.954,1.9872,15.6661,1.1787,21.9092,NA,NA,NA,NA,NA,NA,NA,NA,NA,NA,NA,NA
123.058,1.9869,15.6518,1.1787,21.9092,NA,NA,NA,NA,NA,NA,NA,NA,NA,NA,NA,NA
123.156,1.9836,15.4594,1.1776,21.7904,NA,NA,NA,NA,NA,NA,NA,NA,NA,NA,NA,NA
123.251,1.9818,15.3532,1.1762,21.6449,NA,NA,NA,NA,NA,NA,NA,NA,NA,NA,NA,NA
123.348,1.9818,15.3532,1.1761,21.6417,NA,NA,NA,NA,NA,NA,NA,NA,NA,NA,NA,NA
123.440,1.9776,15.1105,1.1750,21.5223,NA,NA,NA,NA,NA,NA,NA,NA,NA,NA,NA,NA
123.540,1.9730,14.8418,1.1745,21.4727,NA,NA,NA,NA,NA,NA,NA,NA,NA,NA,NA,NA
123.651,1.9727,14.8239,1.1741,21.4345,NA,NA,NA,NA,NA,NA,NA,NA,NA,NA,NA,NA
123.750,1.9727,14.8239,1.1727,21.2843,NA,NA,NA,NA,NA,NA,NA,NA,NA,NA,NA,NA
123.842,1.9742,14.9089,1.1720,21.2160,NA,NA,NA,NA,NA,NA,NA,NA,NA,NA,NA,NA
123.930,1.9742,14.9089,1.1717,21.1812,NA,NA,NA,NA,NA,NA,NA,NA,NA,NA,NA,NA
124.031,1.9740,14.8972,1.1703,21.0382,NA,NA,NA,NA,NA,NA,NA,NA,NA,NA,NA,NA
124.127,1.9740,14.8972,1.1691,20.9087,NA,NA,NA,NA,NA,NA,NA,NA,NA,NA,NA,NA
124.228,1.9645,14.3458,1.1683,20.8267,NA,NA,NA,NA,NA,NA,NA,NA,NA,NA,NA,NA
124.328,1.9632,14.2713,1.1680,20.7970,NA,NA,NA,NA,NA,NA,NA,NA,NA,NA,NA,NA
124.469,1.9607,14.1270,1.1679,20.7864,NA,NA,NA,NA,NA,NA,NA,NA,NA,NA,NA,NA
124.520,1.9659,14.4280,1.1674,20.7339,NA,NA,NA,NA,NA,NA,NA,NA,NA,NA,NA,NA
124.623,1.9659,14.4280,1.1670,20.6967,NA,NA,NA,NA,NA,NA,NA,NA,NA,NA,NA,NA
124.720,1.9660,14.4344,1.1665,20.6451,NA,NA,NA,NA,NA,NA,NA,NA,NA,NA,NA,NA
124.819,1.9660,14.4344,1.1663,20.6192,NA,NA,NA,NA,NA,NA,NA,NA,NA,NA,NA,NA
124.944,1.9629,14.2503,1.1641,20.4001,NA,NA,NA,NA,NA,NA,NA,NA,NA,NA,NA,NA
125.013,1.9596,14.0580,1.1631,20.2925,NA,NA,NA,NA,NA,NA,NA,NA,NA,NA,NA,NA
125.108,1.9548,13.7818,1.1634,20.3203,NA,NA,NA,NA,NA,NA,NA,NA,NA,NA,NA,NA
125.203,1.9541,13.7406,1.1634,20.3203,NA,NA,NA,NA,NA,NA,NA,NA,NA,NA,NA,NA
125.308,1.9538,13.7236,1.1625,20.2327,NA,NA,NA,NA,NA,NA,NA,NA,NA,NA,NA,NA
125.406,1.9538,13.7247,1.1619,20.1643,NA,NA,NA,NA,NA,NA,NA,NA,NA,NA,NA,NA
125.501,1.9538,13.7247,1.1615,20.1227,NA,NA,NA,NA,NA,NA,NA,NA,NA,NA,NA,NA
125.633,1.9523,13.6363,1.1608,20.0581,NA,NA,NA,NA,NA,NA,NA,NA,NA,NA,NA,NA
125.697,1.9523,13.6363,1.1608,20.0575,NA,NA,NA,NA,NA,NA,NA,NA,NA,NA,NA,NA
125.803,1.9507,13.5409,1.1605,20.0283,NA,NA,NA,NA,NA,NA,NA,NA,NA,NA,NA,NA
125.895,1.9498,13.4927,1.1585,19.8125,NA,NA,NA,NA,NA,NA,NA,NA,NA,NA,NA,NA
125.990,1.9496,13.4769,1.1583,19.7939,NA,NA,NA,NA,NA,NA,NA,NA,NA,NA,NA,NA
126.090,1.9501,13.5087,1.1579,19.7573,NA,NA,NA,NA,NA,NA,NA,NA,NA,NA,NA,NA
126.235,1.9501,13.5087,1.1579,19.7573,NA,NA,NA,NA,NA,NA,NA,NA,NA,NA,NA,NA
126.285,1.9453,13.2271,1.1569,19.6533,NA,NA,NA,NA,NA,NA,NA,NA,NA,NA,NA,NA
126.378,1.9453,13.2271,1.1563,19.5849,NA,NA,NA,NA,NA,NA,NA,NA,NA,NA,NA,NA
126.474,1.9432,13.1046,1.1561,19.5633,NA,NA,NA,NA,NA,NA,NA,NA,NA,NA,NA,NA
126.586,1.9400,12.9174,1.1554,19.4921,NA,NA,NA,NA,NA,NA,NA,NA,NA,NA,NA,NA
126.676,1.9398,12.9071,1.1550,19.4530,NA,NA,NA,NA,NA,NA,NA,NA,NA,NA,NA,NA
126.834,1.9389,12.8568,1.1548,19.4327,NA,NA,NA,NA,NA,NA,NA,NA,NA,NA,NA,NA
126.865,1.9389,12.8568,1.1532,19.2708,NA,NA,NA,NA,NA,NA,NA,NA,NA,NA,NA,NA
126.970,1.9427,13.0742,1.1523,19.1710,NA,NA,NA,NA,NA,NA,NA,NA,NA,NA,NA,NA
127.072,1.9427,13.0742,1.1524,19.1882,NA,NA,NA,NA,NA,NA,NA,NA,NA,NA,NA,NA
127.165,1.9387,12.8417,1.1524,19.1882,NA,NA,NA,NA,NA,NA,NA,NA,NA,NA,NA,NA
127.268,1.9377,12.7839,1.1512,19.0578,NA,NA,NA,NA,NA,NA,NA,NA,NA,NA,NA,NA
127.378,1.9296,12.3170,1.1502,18.9609,NA,NA,NA,NA,NA,NA,NA,NA,NA,NA,NA,NA
127.461,1.9292,12.2909,1.1499,18.9247,NA,NA,NA,NA,NA,NA,NA,NA,NA,NA,NA,NA
127.581,1.9292,12.2909,1.1492,18.8570,NA,NA,NA,NA,NA,NA,NA,NA,NA,NA,NA,NA
127.655,1.9327,12.4959,1.1490,18.8310,NA,NA,NA,NA,NA,NA,NA,NA,NA,NA,NA,NA
127.749,1.9327,12.4959,1.1491,18.8475,NA,NA,NA,NA,NA,NA,NA,NA,NA,NA,NA,NA
127.856,1.9301,12.3462,1.1491,18.8475,NA,NA,NA,NA,NA,NA,NA,NA,NA,NA,NA,NA
128.015,1.9301,12.3462,1.1479,18.7180,NA,NA,NA,NA,NA,NA,NA,NA,NA,NA,NA,NA
128.057,1.9233,11.9500,1.1466,18.5907,NA,NA,NA,NA,NA,NA,NA,NA,NA,NA,NA,NA
128.143,1.9215,11.8441,1.1462,18.5447,NA,NA,NA,NA,NA,NA,NA,NA,NA,NA,NA,NA
128.244,1.9162,11.5324,1.1460,18.5217,NA,NA,NA,NA,NA,NA,NA,NA,NA,NA,NA,NA
128.341,1.9200,11.7552,1.1457,18.4918,NA,NA,NA,NA,NA,NA,NA,NA,NA,NA,NA,NA
128.443,1.9200,11.7552,1.1452,18.4386,NA,NA,NA,NA,NA,NA,NA,NA,NA,NA,NA,NA
128.534,1.9182,11.6498,1.1438,18.2998,NA,NA,NA,NA,NA,NA,NA,NA,NA,NA,NA,NA
128.661,1.9182,11.6498,1.1438,18.2998,NA,NA,NA,NA,NA,NA,NA,NA,NA,NA,NA,NA
128.729,1.9160,11.5244,1.1429,18.2082,NA,NA,NA,NA,NA,NA,NA,NA,NA,NA,NA,NA
128.847,1.9157,11.5036,1.1425,18.1663,NA,NA,NA,NA,NA,NA,NA,NA,NA,NA,NA,NA
128.928,1.9136,11.3812,1.1413,18.0424,NA,NA,NA,NA,NA,NA,NA,NA,NA,NA,NA,NA
129.035,1.9136,11.3812,1.1409,17.9955,NA,NA,NA,NA,NA,NA,NA,NA,NA,NA,NA,NA
129.165,1.9129,11.3448,1.1398,17.8840,NA,NA,NA,NA,NA,NA,NA,NA,NA,NA,NA,NA
129.221,1.9144,11.4311,1.1398,17.8840,NA,NA,NA,NA,NA,NA,NA,NA,NA,NA,NA,NA
129.320,1.9144,11.4311,1.1392,17.8160,NA,NA,NA,NA,NA,NA,NA,NA,NA,NA,NA,NA
129.431,1.9130,11.3492,1.1380,17.6923,NA,NA,NA,NA,NA,NA,NA,NA,NA,NA,NA,NA
129.520,1.9128,11.3357,1.1379,17.6832,NA,NA,NA,NA,NA,NA,NA,NA,NA,NA,NA,NA
129.613,1.9027,10.7469,1.1363,17.5185,NA,NA,NA,NA,NA,NA,NA,NA,NA,NA,NA,NA
129.770,1.9018,10.6937,1.1356,17.4456,NA,NA,NA,NA,NA,NA,NA,NA,NA,NA,NA,NA
129.820,1.9018,10.6937,1.1350,17.3828,NA,NA,NA,NA,NA,NA,NA,NA,NA,NA,NA,NA
129.911,1.8987,10.5151,1.1339,17.2760,NA,NA,NA,NA,NA,NA,NA,NA,NA,NA,NA,NA
130.001,1.8982,10.4844,1.1330,17.1841,NA,NA,NA,NA,NA,NA,NA,NA,NA,NA,NA,NA
130.105,1.8982,10.4846,1.1297,16.8427,NA,NA,NA,NA,NA,NA,NA,NA,NA,NA,NA,NA
130.209,1.8982,10.4846,1.1303,16.9009,NA,NA,NA,NA,NA,NA,NA,NA,NA,NA,NA,NA
130.300,1.9121,11.2928,1.1344,17.3292,NA,NA,NA,NA,NA,NA,NA,NA,NA,NA,NA,NA
130.405,1.9292,12.2907,1.1429,18.2014,NA,NA,NA,NA,NA,NA,NA,NA,NA,NA,NA,NA
130.494,1.9498,13.4877,1.1521,19.1588,NA,NA,NA,NA,NA,NA,NA,NA,NA,NA,NA,NA
130.590,1.9766,15.0508,1.1579,19.7502,NA,NA,NA,NA,NA,NA,NA,NA,NA,NA,NA,NA
130.692,1.9860,15.5961,1.1668,20.6732,NA,NA,NA,NA,NA,NA,NA,NA,NA,NA,NA,NA
130.790,2.0093,16.9505,1.1741,21.4267,NA,NA,NA,NA,NA,NA,NA,NA,NA,NA,NA,NA
130.892,2.0245,17.8382,1.1819,22.2406,NA,NA,NA,NA,NA,NA,NA,NA,NA,NA,NA,NA
131.010,2.0355,18.4798,1.1875,22.8202,NA,NA,NA,NA,NA,NA,NA,NA,NA,NA,NA,NA
131.083,2.0452,19.0406,1.1931,23.3914,NA,NA,NA,NA,NA,NA,NA,NA,NA,NA,NA,NA
131.183,2.0587,19.8285,1.1975,23.8485,NA,NA,NA,NA,NA,NA,NA,NA,NA,NA,NA,NA
131.278,2.0796,21.0435,1.2042,24.5393,NA,NA,NA,NA,NA,NA,NA,NA,NA,NA,NA,NA
131.384,2.0850,21.3590,1.2139,25.5507,NA,NA,NA,NA,NA,NA,NA,NA,NA,NA,NA,NA
131.473,2.0988,22.1630,1.2183,26.0037,NA,NA,NA,NA,NA,NA,NA,NA,NA,NA,NA,NA
131.569,2.1031,22.4132,1.2240,26.5894,NA,NA,NA,NA,NA,NA,NA,NA,NA,NA,NA,NA
131.671,2.1139,23.0427,1.2287,27.0782,NA,NA,NA,NA,NA,NA,NA,NA,NA,NA,NA,NA
131.765,2.1232,23.5829,1.2316,27.3753,NA,NA,NA,NA,NA,NA,NA,NA,NA,NA,NA,NA
131.871,2.1294,23.9413,1.2345,27.6732,NA,NA,NA,NA,NA,NA,NA,NA,NA,NA,NA,NA
131.964,2.1324,24.1195,1.2384,28.0793,NA,NA,NA,NA,NA,NA,NA,NA,NA,NA,NA,NA
132.064,2.1398,24.5475,1.2405,28.2946,NA,NA,NA,NA,NA,NA,NA,NA,NA,NA,NA,NA
132.163,2.1398,24.5475,1.2433,28.5861,NA,NA,NA,NA,NA,NA,NA,NA,NA,NA,NA,NA
132.263,2.1380,24.4466,1.2444,28.7038,NA,NA,NA,NA,NA,NA,NA,NA,NA,NA,NA,NA
132.353,2.1332,24.1622,1.2444,28.7038,NA,NA,NA,NA,NA,NA,NA,NA,NA,NA,NA,NA
132.453,2.1287,23.9054,1.2437,28.6288,NA,NA,NA,NA,NA,NA,NA,NA,NA,NA,NA,NA
132.548,2.1125,22.9615,1.2408,28.3251,NA,NA,NA,NA,NA,NA,NA,NA,NA,NA,NA,NA
132.651,2.1046,22.5012,1.2358,27.8131,NA,NA,NA,NA,NA,NA,NA,NA,NA,NA,NA,NA
132.753,2.0921,21.7699,1.2320,27.4149,NA,NA,NA,NA,NA,NA,NA,NA,NA,NA,NA,NA
132.844,2.0866,21.4548,1.2295,27.1547,NA,NA,NA,NA,NA,NA,NA,NA,NA,NA,NA,NA
132.942,2.0692,20.4406,1.2266,26.8580,NA,NA,NA,NA,NA,NA,NA,NA,NA,NA,NA,NA
133.042,2.0650,20.1940,1.2231,26.5019,NA,NA,NA,NA,NA,NA,NA,NA,NA,NA,NA,NA
133.135,2.0575,19.7580,1.2186,26.0340,NA,NA,NA,NA,NA,NA,NA,NA,NA,NA,NA,NA
133.236,2.0438,18.9602,1.2142,25.5777,NA,NA,NA,NA,NA,NA,NA,NA,NA,NA,NA,NA
133.341,2.0390,18.6846,1.2117,25.3178,NA,NA,NA,NA,NA,NA,NA,NA,NA,NA,NA,NA
133.466,2.0382,18.6326,1.2095,25.0869,NA,NA,NA,NA,NA,NA,NA,NA,NA,NA,NA,NA
133.543,2.0353,18.4682,1.2080,24.9391,NA,NA,NA,NA,NA,NA,NA,NA,NA,NA,NA,NA
133.630,2.0292,18.1099,1.2058,24.7068,NA,NA,NA,NA,NA,NA,NA,NA,NA,NA,NA,NA
133.725,2.0266,17.9585,1.2045,24.5773,NA,NA,NA,NA,NA,NA,NA,NA,NA,NA,NA,NA
133.820,2.0222,17.7038,1.2020,24.3117,NA,NA,NA,NA,NA,NA,NA,NA,NA,NA,NA,NA
133.964,2.0186,17.4932,1.2010,24.2144,NA,NA,NA,NA,NA,NA,NA,NA,NA,NA,NA,NA
134.016,2.0169,17.3937,1.1997,24.0785,NA,NA,NA,NA,NA,NA,NA,NA,NA,NA,NA,NA
134.113,2.0151,17.2924,1.1989,23.9939,NA,NA,NA,NA,NA,NA,NA,NA,NA,NA,NA,NA
134.231,2.0149,17.2773,1.1978,23.8772,NA,NA,NA,NA,NA,NA,NA,NA,NA,NA,NA,NA
134.313,2.0111,17.0581,1.1970,23.8033,NA,NA,NA,NA,NA,NA,NA,NA,NA,NA,NA,NA
134.411,2.0091,16.9429,1.1965,23.7426,NA,NA,NA,NA,NA,NA,NA,NA,NA,NA,NA,NA
134.515,2.0081,16.8848,1.1948,23.5747,NA,NA,NA,NA,NA,NA,NA,NA,NA,NA,NA,NA
134.655,2.0081,16.8848,1.1948,23.5710,NA,NA,NA,NA,NA,NA,NA,NA,NA,NA,NA,NA
134.699,2.0043,16.6631,1.1926,23.3459,NA,NA,NA,NA,NA,NA,NA,NA,NA,NA,NA,NA
134.808,2.0024,16.5540,1.1918,23.2597,NA,NA,NA,NA,NA,NA,NA,NA,NA,NA,NA,NA
134.899,1.9991,16.3572,1.1906,23.1348,NA,NA,NA,NA,NA,NA,NA,NA,NA,NA,NA,NA
134.995,1.9960,16.1796,1.1878,22.8519,NA,NA,NA,NA,NA,NA,NA,NA,NA,NA,NA,NA
135.094,1.9934,16.0270,1.1864,22.7059,NA,NA,NA,NA,NA,NA,NA,NA,NA,NA,NA,NA
135.223,1.9936,16.0372,1.1858,22.6451,NA,NA,NA,NA,NA,NA,NA,NA,NA,NA,NA,NA
135.294,1.9936,16.0372,1.1851,22.5634,NA,NA,NA,NA,NA,NA,NA,NA,NA,NA,NA,NA
135.386,1.9881,15.7172,1.1846,22.5146,NA,NA,NA,NA,NA,NA,NA,NA,NA,NA,NA,NA
135.484,1.9865,15.6259,1.1840,22.4544,NA,NA,NA,NA,NA,NA,NA,NA,NA,NA,NA,NA
135.588,1.9837,15.4653,1.1830,22.3511,NA,NA,NA,NA,NA,NA,NA,NA,NA,NA,NA,NA
135.681,1.9869,15.6478,1.1830,22.3516,NA,NA,NA,NA,NA,NA,NA,NA,NA,NA,NA,NA
135.833,1.9935,16.0321,1.1842,22.4787,NA,NA,NA,NA,NA,NA,NA,NA,NA,NA,NA,NA
135.887,2.0119,17.1023,1.1871,22.7787,NA,NA,NA,NA,NA,NA,NA,NA,NA,NA,NA,NA
135.982,2.0193,17.5379,1.1937,23.4606,NA,NA,NA,NA,NA,NA,NA,NA,NA,NA,NA,NA
136.078,2.0361,18.5159,1.1974,23.8357,NA,NA,NA,NA,NA,NA,NA,NA,NA,NA,NA,NA
136.169,2.0472,19.1620,1.2037,24.4932,NA,NA,NA,NA,NA,NA,NA,NA,NA,NA,NA,NA
136.269,2.0534,19.5186,1.2069,24.8255,NA,NA,NA,NA,NA,NA,NA,NA,NA,NA,NA,NA
136.408,2.0602,19.9148,1.2083,24.9690,NA,NA,NA,NA,NA,NA,NA,NA,NA,NA,NA,NA
136.467,2.0602,19.9148,1.2083,24.9690,NA,NA,NA,NA,NA,NA,NA,NA,NA,NA,NA,NA
136.574,2.0615,19.9941,1.2082,24.9543,NA,NA,NA,NA,NA,NA,NA,NA,NA,NA,NA,NA
136.663,2.0615,19.9941,1.2075,24.8864,NA,NA,NA,NA,NA,NA,NA,NA,NA,NA,NA,NA
136.758,2.0563,19.6871,1.2072,24.8564,NA,NA,NA,NA,NA,NA,NA,NA,NA,NA,NA,NA
136.856,2.0543,19.5732,1.2064,24.7742,NA,NA,NA,NA,NA,NA,NA,NA,NA,NA,NA,NA
136.953,2.0425,18.8851,1.2044,24.5651,NA,NA,NA,NA,NA,NA,NA,NA,NA,NA,NA,NA
137.053,2.0391,18.6881,1.2034,24.4612,NA,NA,NA,NA,NA,NA,NA,NA,NA,NA,NA,NA
137.150,2.0295,18.1302,1.2014,24.2513,NA,NA,NA,NA,NA,NA,NA,NA,NA,NA,NA,NA
137.249,2.0243,17.8285,1.1999,24.1032,NA,NA,NA,NA,NA,NA,NA,NA,NA,NA,NA,NA
137.347,2.0204,17.6002,1.1990,24.0045,NA,NA,NA,NA,NA,NA,NA,NA,NA,NA,NA,NA
137.448,2.0152,17.2946,1.1984,23.9395,NA,NA,NA,NA,NA,NA,NA,NA,NA,NA,NA,NA
137.543,2.0116,17.0868,1.1959,23.6891,NA,NA,NA,NA,NA,NA,NA,NA,NA,NA,NA,NA
137.639,2.0078,16.8686,1.1947,23.5563,NA,NA,NA,NA,NA,NA,NA,NA,NA,NA,NA,NA
137.742,2.0074,16.8418,1.1934,23.4307,NA,NA,NA,NA,NA,NA,NA,NA,NA,NA,NA,NA
137.853,1.9996,16.3909,1.1923,23.3169,NA,NA,NA,NA,NA,NA,NA,NA,NA,NA,NA,NA
137.943,1.9974,16.2590,1.1917,23.2506,NA,NA,NA,NA,NA,NA,NA,NA,NA,NA,NA,NA
138.031,1.9941,16.0667,1.1902,23.1002,NA,NA,NA,NA,NA,NA,NA,NA,NA,NA,NA,NA
138.172,1.9941,16.0667,1.1884,22.9048,NA,NA,NA,NA,NA,NA,NA,NA,NA,NA,NA,NA
138.227,1.9864,15.6209,1.1869,22.7529,NA,NA,NA,NA,NA,NA,NA,NA,NA,NA,NA,NA
138.326,1.9857,15.5823,1.1866,22.7273,NA,NA,NA,NA,NA,NA,NA,NA,NA,NA,NA,NA
138.423,1.9811,15.3146,1.1853,22.5911,NA,NA,NA,NA,NA,NA,NA,NA,NA,NA,NA,NA
138.528,1.9777,15.1135,1.1851,22.5657,NA,NA,NA,NA,NA,NA,NA,NA,NA,NA,NA,NA
138.619,1.9777,15.1135,1.1844,22.4942,NA,NA,NA,NA,NA,NA,NA,NA,NA,NA,NA,NA
138.725,1.9799,15.2408,1.1841,22.4662,NA,NA,NA,NA,NA,NA,NA,NA,NA,NA,NA,NA
138.876,1.9799,15.2408,1.1824,22.2917,NA,NA,NA,NA,NA,NA,NA,NA,NA,NA,NA,NA
138.914,1.9761,15.0230,1.1818,22.2255,NA,NA,NA,NA,NA,NA,NA,NA,NA,NA,NA,NA
139.018,1.9746,14.9364,1.1810,22.1483,NA,NA,NA,NA,NA,NA,NA,NA,NA,NA,NA,NA
139.135,1.9718,14.7711,1.1799,22.0295,NA,NA,NA,NA,NA,NA,NA,NA,NA,NA,NA,NA
139.206,1.9712,14.7343,1.1796,21.9991,NA,NA,NA,NA,NA,NA,NA,NA,NA,NA,NA,NA
139.305,1.9712,14.7343,1.1792,21.9564,NA,NA,NA,NA,NA,NA,NA,NA,NA,NA,NA,NA
139.446,1.9658,14.4211,1.1792,21.9564,NA,NA,NA,NA,NA,NA,NA,NA,NA,NA,NA,NA
139.499,1.9658,14.4211,1.1776,21.7929,NA,NA,NA,NA,NA,NA,NA,NA,NA,NA,NA,NA
139.595,1.9661,14.4392,1.1771,21.7393,NA,NA,NA,NA,NA,NA,NA,NA,NA,NA,NA,NA
139.699,1.9661,14.4392,1.1767,21.6958,NA,NA,NA,NA,NA,NA,NA,NA,NA,NA,NA,NA
139.794,1.9659,14.4258,1.1762,21.6483,NA,NA,NA,NA,NA,NA,NA,NA,NA,NA,NA,NA
139.893,1.9630,14.2581,1.1758,21.6061,NA,NA,NA,NA,NA,NA,NA,NA,NA,NA,NA,NA
140.051,1.9630,14.2581,1.1754,21.5657,NA,NA,NA,NA,NA,NA,NA,NA,NA,NA,NA,NA
140.095,1.9590,14.0282,1.1750,21.5233,NA,NA,NA,NA,NA,NA,NA,NA,NA,NA,NA,NA
140.185,1.9590,14.0282,1.1745,21.4714,NA,NA,NA,NA,NA,NA,NA,NA,NA,NA,NA,NA
140.292,1.9593,14.0442,1.1739,21.4105,NA,NA,NA,NA,NA,NA,NA,NA,NA,NA,NA,NA
140.410,1.9593,14.0442,1.1724,21.2521,NA,NA,NA,NA,NA,NA,NA,NA,NA,NA,NA,NA
140.477,1.9542,13.7437,1.1714,21.1554,NA,NA,NA,NA,NA,NA,NA,NA,NA,NA,NA,NA
140.581,1.9497,13.4833,1.1714,21.1500,NA,NA,NA,NA,NA,NA,NA,NA,NA,NA,NA,NA
140.681,1.9466,13.3014,1.1702,21.0287,NA,NA,NA,NA,NA,NA,NA,NA,NA,NA,NA,NA
140.770,1.9491,13.4468,1.1691,20.9127,NA,NA,NA,NA,NA,NA,NA,NA,NA,NA,NA,NA
140.881,1.9491,13.4468,1.1686,20.8638,NA,NA,NA,NA,NA,NA,NA,NA,NA,NA,NA,NA
140.969,1.9481,13.3892,1.1677,20.7698,NA,NA,NA,NA,NA,NA,NA,NA,NA,NA,NA,NA
141.068,1.9481,13.3892,1.1657,20.5589,NA,NA,NA,NA,NA,NA,NA,NA,NA,NA,NA,NA
141.199,1.9387,12.8454,1.1641,20.3916,NA,NA,NA,NA,NA,NA,NA,NA,NA,NA,NA,NA
141.273,1.9367,12.7281,1.1633,20.3096,NA,NA,NA,NA,NA,NA,NA,NA,NA,NA,NA,NA
141.379,1.9310,12.3943,1.1629,20.2709,NA,NA,NA,NA,NA,NA,NA,NA,NA,NA,NA,NA
141.454,1.9299,12.3335,1.1620,20.1826,NA,NA,NA,NA,NA,NA,NA,NA,NA,NA,NA,NA
141.554,1.9324,12.4786,1.1599,19.9613,NA,NA,NA,NA,NA,NA,NA,NA,NA,NA,NA,NA
141.654,1.9509,13.5549,1.1619,20.1694,NA,NA,NA,NA,NA,NA,NA,NA,NA,NA,NA,NA
141.774,1.9683,14.5670,1.1663,20.6226,NA,NA,NA,NA,NA,NA,NA,NA,NA,NA,NA,NA
141.850,1.9890,15.7703,1.1706,21.0681,NA,NA,NA,NA,NA,NA,NA,NA,NA,NA,NA,NA
141.952,2.0026,16.5623,1.1762,21.6519,NA,NA,NA,NA,NA,NA,NA,NA,NA,NA,NA,NA
142.050,2.0163,17.3595,1.1835,22.4028,NA,NA,NA,NA,NA,NA,NA,NA,NA,NA,NA,NA
142.148,2.0288,18.0887,1.1871,22.7713,NA,NA,NA,NA,NA,NA,NA,NA,NA,NA,NA,NA
142.240,2.0543,19.5728,1.1949,23.5762,NA,NA,NA,NA,NA,NA,NA,NA,NA,NA,NA,NA
142.343,2.0640,20.1359,1.2012,24.2282,NA,NA,NA,NA,NA,NA,NA,NA,NA,NA,NA,NA
142.433,2.0790,21.0119,1.2067,24.8019,NA,NA,NA,NA,NA,NA,NA,NA,NA,NA,NA,NA
142.543,2.0849,21.3526,1.2115,25.2941,NA,NA,NA,NA,NA,NA,NA,NA,NA,NA,NA,NA
142.632,2.0917,21.7500,1.2158,25.7427,NA,NA,NA,NA,NA,NA,NA,NA,NA,NA,NA,NA
142.728,2.1082,22.7115,1.2182,25.9868,NA,NA,NA,NA,NA,NA,NA,NA,NA,NA,NA,NA
142.833,2.1138,23.0368,1.2237,26.5552,NA,NA,NA,NA,NA,NA,NA,NA,NA,NA,NA,NA
142.931,2.1315,24.0653,1.2281,27.0184,NA,NA,NA,NA,NA,NA,NA,NA,NA,NA,NA,NA
143.037,2.1315,24.0653,1.2301,27.2261,NA,NA,NA,NA,NA,NA,NA,NA,NA,NA,NA,NA
143.123,2.1509,25.1975,1.2338,27.6084,NA,NA,NA,NA,NA,NA,NA,NA,NA,NA,NA,NA
143.220,2.1509,25.1975,1.2365,27.8798,NA,NA,NA,NA,NA,NA,NA,NA,NA,NA,NA,NA
143.321,2.1471,24.9769,1.2374,27.9758,NA,NA,NA,NA,NA,NA,NA,NA,NA,NA,NA,NA
143.422,2.1462,24.9194,1.2377,28.0053,NA,NA,NA,NA,NA,NA,NA,NA,NA,NA,NA,NA
143.515,2.1363,24.3457,1.2378,28.0131,NA,NA,NA,NA,NA,NA,NA,NA,NA,NA,NA,NA
143.618,2.1456,24.8890,1.2378,28.0131,NA,NA,NA,NA,NA,NA,NA,NA,NA,NA,NA,NA
143.720,2.1456,24.8890,1.2376,27.9939,NA,NA,NA,NA,NA,NA,NA,NA,NA,NA,NA,NA
143.813,2.1291,23.9273,1.2372,27.9528,NA,NA,NA,NA,NA,NA,NA,NA,NA,NA,NA,NA
143.905,2.1214,23.4772,1.2336,27.5787,NA,NA,NA,NA,NA,NA,NA,NA,NA,NA,NA,NA
144.012,2.1074,22.6640,1.2318,27.3943,NA,NA,NA,NA,NA,NA,NA,NA,NA,NA,NA,NA
144.103,2.0990,22.1769,1.2268,26.8813,NA,NA,NA,NA,NA,NA,NA,NA,NA,NA,NA,NA
144.200,2.0842,21.3120,1.2227,26.4537,NA,NA,NA,NA,NA,NA,NA,NA,NA,NA,NA,NA
144.303,2.0802,21.0815,1.2193,26.1011,NA,NA,NA,NA,NA,NA,NA,NA,NA,NA,NA,NA
144.396,2.0792,21.0191,1.2162,25.7855,NA,NA,NA,NA,NA,NA,NA,NA,NA,NA,NA,NA
144.491,2.0635,20.1101,1.2142,25.5815,NA,NA,NA,NA,NA,NA,NA,NA,NA,NA,NA,NA
144.592,2.0635,20.1101,1.2129,25.4446,NA,NA,NA,NA,NA,NA,NA,NA,NA,NA,NA,NA
144.690,2.0563,19.6862,1.2107,25.2108,NA,NA,NA,NA,NA,NA,NA,NA,NA,NA,NA,NA
144.835,2.0547,19.5973,1.2094,25.0783,NA,NA,NA,NA,NA,NA,NA,NA,NA,NA,NA,NA
144.886,2.0439,18.9651,1.2068,24.8132,NA,NA,NA,NA,NA,NA,NA,NA,NA,NA,NA,NA
144.983,2.0440,18.9731,1.2054,24.6655,NA,NA,NA,NA,NA,NA,NA,NA,NA,NA,NA,NA
145.086,2.0440,18.9731,1.2038,24.5037,NA,NA,NA,NA,NA,NA,NA,NA,NA,NA,NA,NA
145.182,2.0445,18.9996,1.2035,24.4707,NA,NA,NA,NA,NA,NA,NA,NA,NA,NA,NA,NA
145.277,2.0445,18.9996,1.2024,24.3602,NA,NA,NA,NA,NA,NA,NA,NA,NA,NA,NA,NA
145.375,2.0459,19.0850,1.2024,24.3572,NA,NA,NA,NA,NA,NA,NA,NA,NA,NA,NA,NA
145.472,2.0459,19.0850,1.2013,24.2484,NA,NA,NA,NA,NA,NA,NA,NA,NA,NA,NA,NA
145.573,2.0407,18.7804,1.2006,24.1674,NA,NA,NA,NA,NA,NA,NA,NA,NA,NA,NA,NA
145.667,2.0341,18.3966,1.2004,24.1466,NA,NA,NA,NA,NA,NA,NA,NA,NA,NA,NA,NA
145.774,2.0317,18.2561,1.1965,23.7496,NA,NA,NA,NA,NA,NA,NA,NA,NA,NA,NA,NA
145.862,2.0291,18.1068,1.1965,23.7496,NA,NA,NA,NA,NA,NA,NA,NA,NA,NA,NA,NA
145.997,2.0291,18.1068,1.1960,23.6978,NA,NA,NA,NA,NA,NA,NA,NA,NA,NA,NA,NA
146.061,2.0273,17.9983,1.1933,23.4133,NA,NA,NA,NA,NA,NA,NA,NA,NA,NA,NA,NA
146.159,2.0273,17.9983,1.1931,23.3913,NA,NA,NA,NA,NA,NA,NA,NA,NA,NA,NA,NA
146.265,2.0232,17.7600,1.1926,23.3397,NA,NA,NA,NA,NA,NA,NA,NA,NA,NA,NA,NA
146.361,2.0189,17.5112,1.1916,23.2430,NA,NA,NA,NA,NA,NA,NA,NA,NA,NA,NA,NA
146.451,2.0167,17.3864,1.1904,23.1202,NA,NA,NA,NA,NA,NA,NA,NA,NA,NA,NA,NA
146.627,2.0161,17.3493,1.1903,23.1090,NA,NA,NA,NA,NA,NA,NA,NA,NA,NA,NA,NA
146.648,2.0161,17.3493,1.1882,22.8847,NA,NA,NA,NA,NA,NA,NA,NA,NA,NA,NA,NA
146.750,2.0108,17.0395,1.1875,22.8191,NA,NA,NA,NA,NA,NA,NA,NA,NA,NA,NA,NA
146.849,2.0108,17.0395,1.1865,22.7110,NA,NA,NA,NA,NA,NA,NA,NA,NA,NA,NA,NA
146.942,1.9961,16.1864,1.1841,22.4615,NA,NA,NA,NA,NA,NA,NA,NA,NA,NA,NA,NA
147.048,1.9961,16.1864,1.1833,22.3851,NA,NA,NA,NA,NA,NA,NA,NA,NA,NA,NA,NA
147.141,1.9948,16.1121,1.1818,22.2234,NA,NA,NA,NA,NA,NA,NA,NA,NA,NA,NA,NA
147.239,1.9907,15.8698,1.1809,22.1379,NA,NA,NA,NA,NA,NA,NA,NA,NA,NA,NA,NA
147.336,1.9882,15.7244,1.1792,21.9618,NA,NA,NA,NA,NA,NA,NA,NA,NA,NA,NA,NA
147.437,1.9885,15.7450,1.1776,21.7873,NA,NA,NA,NA,NA,NA,NA,NA,NA,NA,NA,NA
147.529,1.9885,15.7450,1.1768,21.7090,NA,NA,NA,NA,NA,NA,NA,NA,NA,NA,NA,NA
147.634,1.9862,15.6061,1.1760,21.6228,NA,NA,NA,NA,NA,NA,NA,NA,NA,NA,NA,NA
147.728,1.9878,15.7038,1.1761,21.6419,NA,NA,NA,NA,NA,NA,NA,NA,NA,NA,NA,NA
147.842,2.0115,17.0834,1.1782,21.8535,NA,NA,NA,NA,NA,NA,NA,NA,NA,NA,NA,NA
147.926,2.0297,18.1405,1.1834,22.3911,NA,NA,NA,NA,NA,NA,NA,NA,NA,NA,NA,NA
148.021,2.0637,20.1173,1.1908,23.1607,NA,NA,NA,NA,NA,NA,NA,NA,NA,NA,NA,NA
148.116,2.0736,20.6985,1.1992,24.0263,NA,NA,NA,NA,NA,NA,NA,NA,NA,NA,NA,NA
148.214,2.1075,22.6705,1.2089,25.0309,NA,NA,NA,NA,NA,NA,NA,NA,NA,NA,NA,NA
148.321,2.1186,23.3147,1.2159,25.7540,NA,NA,NA,NA,NA,NA,NA,NA,NA,NA,NA,NA
148.411,2.1414,24.6440,1.2214,26.3219,NA,NA,NA,NA,NA,NA,NA,NA,NA,NA,NA,NA
148.508,2.1449,24.8462,1.2276,26.9608,NA,NA,NA,NA,NA,NA,NA,NA,NA,NA,NA,NA
148.605,2.1643,25.9744,1.2384,28.0843,NA,NA,NA,NA,NA,NA,NA,NA,NA,NA,NA,NA
148.701,2.1862,27.2525,1.2433,28.5854,NA,NA,NA,NA,NA,NA,NA,NA,NA,NA,NA,NA
148.800,2.1988,27.9817,1.2542,29.7118,NA,NA,NA,NA,NA,NA,NA,NA,NA,NA,NA,NA
148.901,2.2186,29.1375,1.2631,30.6318,NA,NA,NA,NA,NA,NA,NA,NA,NA,NA,NA,NA
149.056,2.2271,29.6330,1.2728,31.6347,NA,NA,NA,NA,NA,NA,NA,NA,NA,NA,NA,NA
149.087,2.2326,29.9519,1.2770,32.0759,NA,NA,NA,NA,NA,NA,NA,NA,NA,NA,NA,NA
149.205,2.2335,30.0009,1.2799,32.3744,NA,NA,NA,NA,NA,NA,NA,NA,NA,NA,NA,NA
149.305,2.2411,30.4470,1.2814,32.5325,NA,NA,NA,NA,NA,NA,NA,NA,NA,NA,NA,NA
149.389,2.2487,30.8869,1.2818,32.5696,NA,NA,NA,NA,NA,NA,NA,NA,NA,NA,NA,NA
149.497,2.2487,30.8869,1.2818,32.5696,NA,NA,NA,NA,NA,NA,NA,NA,NA,NA,NA,NA
149.629,2.2492,30.9163,1.2813,32.5154,NA,NA,NA,NA,NA,NA,NA,NA,NA,NA,NA,NA
149.682,2.2492,30.9163,1.2809,32.4793,NA,NA,NA,NA,NA,NA,NA,NA,NA,NA,NA,NA
149.778,2.2310,29.8559,1.2791,32.2900,NA,NA,NA,NA,NA,NA,NA,NA,NA,NA,NA,NA
149.883,2.2192,29.1726,1.2776,32.1386,NA,NA,NA,NA,NA,NA,NA,NA,NA,NA,NA,NA
149.976,2.2017,28.1524,1.2750,31.8605,NA,NA,NA,NA,NA,NA,NA,NA,NA,NA,NA,NA
150.076,2.1901,27.4748,1.2729,31.6461,NA,NA,NA,NA,NA,NA,NA,NA,NA,NA,NA,NA
150.180,2.1786,26.8048,1.2680,31.1422,NA,NA,NA,NA,NA,NA,NA,NA,NA,NA,NA,NA
150.273,2.1645,25.9891,1.2624,30.5574,NA,NA,NA,NA,NA,NA,NA,NA,NA,NA,NA,NA
150.373,2.1592,25.6801,1.2583,30.1424,NA,NA,NA,NA,NA,NA,NA,NA,NA,NA,NA,NA
150.470,2.1485,25.0552,1.2567,29.9745,NA,NA,NA,NA,NA,NA,NA,NA,NA,NA,NA,NA
150.564,2.1485,25.0552,1.2541,29.7040,NA,NA,NA,NA,NA,NA,NA,NA,NA,NA,NA,NA
150.653,2.1380,24.4457,1.2527,29.5631,NA,NA,NA,NA,NA,NA,NA,NA,NA,NA,NA,NA
150.765,2.1351,24.2738,1.2516,29.4435,NA,NA,NA,NA,NA,NA,NA,NA,NA,NA,NA,NA
150.855,2.1313,24.0569,1.2490,29.1809,NA,NA,NA,NA,NA,NA,NA,NA,NA,NA,NA,NA
150.958,2.1269,23.7999,1.2467,28.9404,NA,NA,NA,NA,NA,NA,NA,NA,NA,NA,NA,NA
151.061,2.1247,23.6683,1.2443,28.6920,NA,NA,NA,NA,NA,NA,NA,NA,NA,NA,NA,NA
151.153,2.1267,23.7849,1.2420,28.4533,NA,NA,NA,NA,NA,NA,NA,NA,NA,NA,NA,NA
151.249,2.1267,23.7849,1.2406,28.3052,NA,NA,NA,NA,NA,NA,NA,NA,NA,NA,NA,NA
151.364,2.1200,23.3983,1.2396,28.2017,NA,NA,NA,NA,NA,NA,NA,NA,NA,NA,NA,NA
151.447,2.1154,23.1294,1.2385,28.0885,NA,NA,NA,NA,NA,NA,NA,NA,NA,NA,NA,NA
151.544,2.1133,23.0039,1.2377,28.0082,NA,NA,NA,NA,NA,NA,NA,NA,NA,NA,NA,NA
151.638,2.1143,23.0671,1.2359,27.8175,NA,NA,NA,NA,NA,NA,NA,NA,NA,NA,NA,NA
151.740,2.1143,23.0671,1.2348,27.7080,NA,NA,NA,NA,NA,NA,NA,NA,NA,NA,NA,NA
151.836,2.1086,22.7347,1.2346,27.6861,NA,NA,NA,NA,NA,NA,NA,NA,NA,NA,NA,NA
151.933,2.1086,22.7347,1.2317,27.3836,NA,NA,NA,NA,NA,NA,NA,NA,NA,NA,NA,NA
152.062,2.1056,22.5590,1.2298,27.1901,NA,NA,NA,NA,NA,NA,NA,NA,NA,NA,NA,NA
152.131,2.1056,22.5590,1.2298,27.1885,NA,NA,NA,NA,NA,NA,NA,NA,NA,NA,NA,NA
152.228,2.1024,22.3747,1.2276,26.9672,NA,NA,NA,NA,NA,NA,NA,NA,NA,NA,NA,NA
152.333,2.0948,21.9318,1.2275,26.9572,NA,NA,NA,NA,NA,NA,NA,NA,NA,NA,NA,NA
152.424,2.0954,21.9642,1.2268,26.8760,NA,NA,NA,NA,NA,NA,NA,NA,NA,NA,NA,NA
152.577,2.0954,21.9642,1.2255,26.7416,NA,NA,NA,NA,NA,NA,NA,NA,NA,NA,NA,NA
152.624,2.0940,21.8832,1.2238,26.5659,NA,NA,NA,NA,NA,NA,NA,NA,NA,NA,NA,NA
152.719,2.0946,21.9189,1.2228,26.4634,NA,NA,NA,NA,NA,NA,NA,NA,NA,NA,NA,NA
152.814,2.0946,21.9189,1.2224,26.4269,NA,NA,NA,NA,NA,NA,NA,NA,NA,NA,NA,NA
152.920,2.0864,21.4387,1.2226,26.4438,NA,NA,NA,NA,NA,NA,NA,NA,NA,NA,NA,NA
153.010,2.0813,21.1463,1.2226,26.4438,NA,NA,NA,NA,NA,NA,NA,NA,NA,NA,NA,NA
153.113,2.0807,21.1068,1.2210,26.2851,NA,NA,NA,NA,NA,NA,NA,NA,NA,NA,NA,NA
153.230,2.0798,21.0582,1.2198,26.1528,NA,NA,NA,NA,NA,NA,NA,NA,NA,NA,NA,NA
153.305,2.0798,21.0582,1.2187,26.0384,NA,NA,NA,NA,NA,NA,NA,NA,NA,NA,NA,NA
153.402,2.0772,20.9078,1.2184,26.0163,NA,NA,NA,NA,NA,NA,NA,NA,NA,NA,NA,NA
153.502,2.0765,20.8635,1.2176,25.9281,NA,NA,NA,NA,NA,NA,NA,NA,NA,NA,NA,NA
153.600,2.0688,20.4167,1.2170,25.8642,NA,NA,NA,NA,NA,NA,NA,NA,NA,NA,NA,NA
153.695,2.0680,20.3710,1.2170,25.8642,NA,NA,NA,NA,NA,NA,NA,NA,NA,NA,NA,NA
153.795,2.0669,20.3073,1.2155,25.7070,NA,NA,NA,NA,NA,NA,NA,NA,NA,NA,NA,NA
153.898,2.0718,20.5937,1.2135,25.5052,NA,NA,NA,NA,NA,NA,NA,NA,NA,NA,NA,NA
153.995,2.0718,20.5937,1.2125,25.4035,NA,NA,NA,NA,NA,NA,NA,NA,NA,NA,NA,NA
154.089,2.0654,20.2177,1.2119,25.3354,NA,NA,NA,NA,NA,NA,NA,NA,NA,NA,NA,NA
154.184,2.0618,20.0092,1.2111,25.2551,NA,NA,NA,NA,NA,NA,NA,NA,NA,NA,NA,NA
154.291,2.0547,19.5964,1.2108,25.2245,NA,NA,NA,NA,NA,NA,NA,NA,NA,NA,NA,NA
154.381,2.0547,19.5964,1.2098,25.1185,NA,NA,NA,NA,NA,NA,NA,NA,NA,NA,NA,NA
154.494,2.0512,19.3901,1.2097,25.1107,NA,NA,NA,NA,NA,NA,NA,NA,NA,NA,NA,NA
154.583,2.0512,19.3901,1.2094,25.0800,NA,NA,NA,NA,NA,NA,NA,NA,NA,NA,NA,NA
154.679,2.0491,19.2679,1.2088,25.0222,NA,NA,NA,NA,NA,NA,NA,NA,NA,NA,NA,NA
154.773,2.0491,19.2679,1.2081,24.9458,NA,NA,NA,NA,NA,NA,NA,NA,NA,NA,NA,NA
154.874,2.0481,19.2102,1.2073,24.8605,NA,NA,NA,NA,NA,NA,NA,NA,NA,NA,NA,NA
154.971,2.0481,19.2102,1.2067,24.8041,NA,NA,NA,NA,NA,NA,NA,NA,NA,NA,NA,NA
155.066,2.0443,18.9898,1.2061,24.7438,NA,NA,NA,NA,NA,NA,NA,NA,NA,NA,NA,NA
155.164,2.0399,18.7341,1.2056,24.6905,NA,NA,NA,NA,NA,NA,NA,NA,NA,NA,NA,NA
155.273,2.0366,18.5401,1.2053,24.6601,NA,NA,NA,NA,NA,NA,NA,NA,NA,NA,NA,NA
155.369,2.0391,18.6876,1.2044,24.5591,NA,NA,NA,NA,NA,NA,NA,NA,NA,NA,NA,NA
155.462,2.0391,18.6876,1.2041,24.5352,NA,NA,NA,NA,NA,NA,NA,NA,NA,NA,NA,NA
155.554,2.0392,18.6923,1.2023,24.3492,NA,NA,NA,NA,NA,NA,NA,NA,NA,NA,NA,NA
155.668,2.0392,18.6923,1.2003,24.1433,NA,NA,NA,NA,NA,NA,NA,NA,NA,NA,NA,NA
155.772,2.0315,18.2480,1.1993,24.0313,NA,NA,NA,NA,NA,NA,NA,NA,NA,NA,NA,NA
155.852,2.0287,18.0854,1.1991,24.0145,NA,NA,NA,NA,NA,NA,NA,NA,NA,NA,NA,NA
155.953,2.0269,17.9752,1.1976,23.8601,NA,NA,NA,NA,NA,NA,NA,NA,NA,NA,NA,NA
156.044,2.0283,18.0576,1.1970,23.7989,NA,NA,NA,NA,NA,NA,NA,NA,NA,NA,NA,NA
156.182,2.0283,18.0576,1.1957,23.6686,NA,NA,NA,NA,NA,NA,NA,NA,NA,NA,NA,NA
156.245,2.0259,17.9202,1.1956,23.6581,NA,NA,NA,NA,NA,NA,NA,NA,NA,NA,NA,NA
156.349,2.0249,17.8621,1.1949,23.5766,NA,NA,NA,NA,NA,NA,NA,NA,NA,NA,NA,NA
156.437,2.0245,17.8369,1.1949,23.5766,NA,NA,NA,NA,NA,NA,NA,NA,NA,NA,NA,NA
156.542,2.0245,17.8369,1.1943,23.5208,NA,NA,NA,NA,NA,NA,NA,NA,NA,NA,NA,NA
156.631,2.0225,17.7225,1.1939,23.4819,NA,NA,NA,NA,NA,NA,NA,NA,NA,NA,NA,NA
156.776,2.0232,17.7646,1.1942,23.5132,NA,NA,NA,NA,NA,NA,NA,NA,NA,NA,NA,NA
156.829,2.0232,17.7646,1.1943,23.5223,NA,NA,NA,NA,NA,NA,NA,NA,NA,NA,NA,NA
156.933,2.0215,17.6623,1.1943,23.5223,NA,NA,NA,NA,NA,NA,NA,NA,NA,NA,NA,NA
157.052,2.0188,17.5091,1.1935,23.4390,NA,NA,NA,NA,NA,NA,NA,NA,NA,NA,NA,NA
157.121,2.0167,17.3853,1.1935,23.4360,NA,NA,NA,NA,NA,NA,NA,NA,NA,NA,NA,NA
157.230,2.0162,17.3533,1.1920,23.2789,NA,NA,NA,NA,NA,NA,NA,NA,NA,NA,NA,NA
157.325,2.0132,17.1815,1.1915,23.2316,NA,NA,NA,NA,NA,NA,NA,NA,NA,NA,NA,NA
157.421,2.0132,17.1787,1.1912,23.2019,NA,NA,NA,NA,NA,NA,NA,NA,NA,NA,NA,NA
157.523,2.0084,16.9037,1.1911,23.1875,NA,NA,NA,NA,NA,NA,NA,NA,NA,NA,NA,NA
157.611,2.0068,16.8052,1.1897,23.0413,NA,NA,NA,NA,NA,NA,NA,NA,NA,NA,NA,NA
157.721,2.0074,16.8428,1.1896,23.0304,NA,NA,NA,NA,NA,NA,NA,NA,NA,NA,NA,NA
157.808,2.0074,16.8428,1.1896,23.0304,NA,NA,NA,NA,NA,NA,NA,NA,NA,NA,NA,NA
157.975,2.0071,16.8252,1.1888,22.9493,NA,NA,NA,NA,NA,NA,NA,NA,NA,NA,NA,NA
157.999,2.0059,16.7569,1.1888,22.9471,NA,NA,NA,NA,NA,NA,NA,NA,NA,NA,NA,NA
158.104,2.0049,16.7001,1.1887,22.9389,NA,NA,NA,NA,NA,NA,NA,NA,NA,NA,NA,NA
158.201,2.0038,16.6325,1.1883,22.9022,NA,NA,NA,NA,NA,NA,NA,NA,NA,NA,NA,NA
158.303,2.0021,16.5322,1.1878,22.8422,NA,NA,NA,NA,NA,NA,NA,NA,NA,NA,NA,NA
158.404,2.0016,16.5023,1.1873,22.7941,NA,NA,NA,NA,NA,NA,NA,NA,NA,NA,NA,NA
158.494,1.9945,16.0905,1.1863,22.6879,NA,NA,NA,NA,NA,NA,NA,NA,NA,NA,NA,NA
158.592,1.9935,16.0323,1.1859,22.6542,NA,NA,NA,NA,NA,NA,NA,NA,NA,NA,NA,NA
158.699,1.9914,15.9136,1.1857,22.6348,NA,NA,NA,NA,NA,NA,NA,NA,NA,NA,NA,NA
158.796,1.9881,15.7169,1.1848,22.5405,NA,NA,NA,NA,NA,NA,NA,NA,NA,NA,NA,NA
158.887,1.9875,15.6819,1.1848,22.5405,NA,NA,NA,NA,NA,NA,NA,NA,NA,NA,NA,NA
158.983,2.0055,16.7310,1.1862,22.6788,NA,NA,NA,NA,NA,NA,NA,NA,NA,NA,NA,NA
159.080,2.0091,16.9396,1.1878,22.8422,NA,NA,NA,NA,NA,NA,NA,NA,NA,NA,NA,NA
159.182,2.0300,18.1598,1.1914,23.2242,NA,NA,NA,NA,NA,NA,NA,NA,NA,NA,NA,NA
159.280,2.0363,18.5225,1.1950,23.5966,NA,NA,NA,NA,NA,NA,NA,NA,NA,NA,NA,NA
159.375,2.0704,20.5082,1.2013,24.2439,NA,NA,NA,NA,NA,NA,NA,NA,NA,NA,NA,NA
159.471,2.0803,21.0858,1.2059,24.7164,NA,NA,NA,NA,NA,NA,NA,NA,NA,NA,NA,NA
159.573,2.0890,21.5929,1.2112,25.2673,NA,NA,NA,NA,NA,NA,NA,NA,NA,NA,NA,NA
159.677,2.1036,22.4392,1.2148,25.6376,NA,NA,NA,NA,NA,NA,NA,NA,NA,NA,NA,NA
159.812,2.1066,22.6164,1.2201,26.1873,NA,NA,NA,NA,NA,NA,NA,NA,NA,NA,NA,NA
159.865,2.1313,24.0516,1.2259,26.7924,NA,NA,NA,NA,NA,NA,NA,NA,NA,NA,NA,NA
159.965,2.1395,24.5329,1.2333,27.5534,NA,NA,NA,NA,NA,NA,NA,NA,NA,NA,NA,NA
160.062,2.1404,24.5867,1.2371,27.9411,NA,NA,NA,NA,NA,NA,NA,NA,NA,NA,NA,NA
160.166,2.1507,25.1856,1.2411,28.3624,NA,NA,NA,NA,NA,NA,NA,NA,NA,NA,NA,NA
160.255,2.1627,25.8793,1.2453,28.7898,NA,NA,NA,NA,NA,NA,NA,NA,NA,NA,NA,NA
160.361,2.1633,25.9187,1.2514,29.4298,NA,NA,NA,NA,NA,NA,NA,NA,NA,NA,NA,NA
160.464,2.1820,27.0071,1.2556,29.8620,NA,NA,NA,NA,NA,NA,NA,NA,NA,NA,NA,NA
160.551,2.1820,27.0071,1.2601,30.3243,NA,NA,NA,NA,NA,NA,NA,NA,NA,NA,NA,NA
160.651,2.1790,26.8292,1.2620,30.5164,NA,NA,NA,NA,NA,NA,NA,NA,NA,NA,NA,NA
160.743,2.1790,26.8292,1.2620,30.5164,NA,NA,NA,NA,NA,NA,NA,NA,NA,NA,NA,NA
160.851,2.1713,26.3798,1.2624,30.5576,NA,NA,NA,NA,NA,NA,NA,NA,NA,NA,NA,NA
160.940,2.1667,26.1159,1.2624,30.5576,NA,NA,NA,NA,NA,NA,NA,NA,NA,NA,NA,NA
161.057,2.1619,25.8383,1.2615,30.4687,NA,NA,NA,NA,NA,NA,NA,NA,NA,NA,NA,NA
161.132,2.1478,25.0166,1.2607,30.3823,NA,NA,NA,NA,NA,NA,NA,NA,NA,NA,NA,NA
161.241,2.1417,24.6594,1.2559,29.8897,NA,NA,NA,NA,NA,NA,NA,NA,NA,NA,NA,NA
161.333,2.1221,23.5188,1.2511,29.3943,NA,NA,NA,NA,NA,NA,NA,NA,NA,NA,NA,NA
161.428,2.1185,23.3106,1.2443,28.6861,NA,NA,NA,NA,NA,NA,NA,NA,NA,NA,NA,NA
161.570,2.1117,22.9157,1.2416,28.4149,NA,NA,NA,NA,NA,NA,NA,NA,NA,NA,NA,NA
161.628,2.1061,22.5906,1.2385,28.0862,NA,NA,NA,NA,NA,NA,NA,NA,NA,NA,NA,NA
161.727,2.0940,21.8823,1.2357,27.8009,NA,NA,NA,NA,NA,NA,NA,NA,NA,NA,NA,NA
161.819,2.0940,21.8823,1.2341,27.6377,NA,NA,NA,NA,NA,NA,NA,NA,NA,NA,NA,NA
161.924,2.0925,21.7963,1.2325,27.4714,NA,NA,NA,NA,NA,NA,NA,NA,NA,NA,NA,NA
162.017,2.0871,21.4791,1.2318,27.3928,NA,NA,NA,NA,NA,NA,NA,NA,NA,NA,NA,NA
162.127,2.0871,21.4791,1.2308,27.2906,NA,NA,NA,NA,NA,NA,NA,NA,NA,NA,NA,NA
162.243,2.0788,20.9969,1.2281,27.0127,NA,NA,NA,NA,NA,NA,NA,NA,NA,NA,NA,NA
162.312,2.0731,20.6645,1.2269,26.8917,NA,NA,NA,NA,NA,NA,NA,NA,NA,NA,NA,NA
162.411,2.0691,20.4315,1.2248,26.6766,NA,NA,NA,NA,NA,NA,NA,NA,NA,NA,NA,NA
162.507,2.0672,20.3241,1.2234,26.5279,NA,NA,NA,NA,NA,NA,NA,NA,NA,NA,NA,NA
162.604,2.0673,20.3297,1.2227,26.4523,NA,NA,NA,NA,NA,NA,NA,NA,NA,NA,NA,NA
162.706,2.0682,20.3810,1.2225,26.4356,NA,NA,NA,NA,NA,NA,NA,NA,NA,NA,NA,NA
162.844,2.0682,20.3810,1.2221,26.3918,NA,NA,NA,NA,NA,NA,NA,NA,NA,NA,NA,NA
162.903,2.0661,20.2572,1.2221,26.3918,NA,NA,NA,NA,NA,NA,NA,NA,NA,NA,NA,NA
162.998,2.0661,20.2572,1.2203,26.2035,NA,NA,NA,NA,NA,NA,NA,NA,NA,NA,NA,NA
163.092,2.0654,20.2201,1.2199,26.1638,NA,NA,NA,NA,NA,NA,NA,NA,NA,NA,NA,NA
163.197,2.0636,20.1138,1.2182,25.9863,NA,NA,NA,NA,NA,NA,NA,NA,NA,NA,NA,NA
163.294,2.0603,19.9192,1.2171,25.8812,NA,NA,NA,NA,NA,NA,NA,NA,NA,NA,NA,NA
163.467,2.0606,19.9408,1.2159,25.7553,NA,NA,NA,NA,NA,NA,NA,NA,NA,NA,NA,NA
163.486,2.0606,19.9408,1.2159,25.7553,NA,NA,NA,NA,NA,NA,NA,NA,NA,NA,NA,NA
163.585,2.0596,19.8799,1.2156,25.7211,NA,NA,NA,NA,NA,NA,NA,NA,NA,NA,NA,NA
163.681,2.0596,19.8799,1.2144,25.5977,NA,NA,NA,NA,NA,NA,NA,NA,NA,NA,NA,NA
163.783,2.0556,19.6470,1.2135,25.5006,NA,NA,NA,NA,NA,NA,NA,NA,NA,NA,NA,NA
163.881,2.0545,19.5852,1.2131,25.4640,NA,NA,NA,NA,NA,NA,NA,NA,NA,NA,NA,NA
163.994,2.0494,19.2852,1.2122,25.3717,NA,NA,NA,NA,NA,NA,NA,NA,NA,NA,NA,NA
164.090,2.0494,19.2852,1.2102,25.1625,NA,NA,NA,NA,NA,NA,NA,NA,NA,NA,NA,NA
164.174,2.0464,19.1155,1.2095,25.0920,NA,NA,NA,NA,NA,NA,NA,NA,NA,NA,NA,NA
164.273,2.0400,18.7410,1.2090,25.0389,NA,NA,NA,NA,NA,NA,NA,NA,NA,NA,NA,NA
164.374,2.0400,18.7410,1.2083,24.9622,NA,NA,NA,NA,NA,NA,NA,NA,NA,NA,NA,NA
164.465,2.0367,18.5459,1.2052,24.6516,NA,NA,NA,NA,NA,NA,NA,NA,NA,NA,NA,NA
164.590,2.0367,18.5459,1.2042,24.5472,NA,NA,NA,NA,NA,NA,NA,NA,NA,NA,NA,NA
164.661,2.0350,18.4518,1.2040,24.5233,NA,NA,NA,NA,NA,NA,NA,NA,NA,NA,NA,NA
164.774,2.0269,17.9769,1.2030,24.4218,NA,NA,NA,NA,NA,NA,NA,NA,NA,NA,NA,NA
164.867,2.0236,17.7875,1.2026,24.3781,NA,NA,NA,NA,NA,NA,NA,NA,NA,NA,NA,NA
164.957,2.0196,17.5502,1.2021,24.3213,NA,NA,NA,NA,NA,NA,NA,NA,NA,NA,NA,NA
165.057,2.0196,17.5502,1.2013,24.2473,NA,NA,NA,NA,NA,NA,NA,NA,NA,NA,NA,NA
165.173,2.0282,18.0507,1.2006,24.1743,NA,NA,NA,NA,NA,NA,NA,NA,NA,NA,NA,NA
165.249,2.0329,18.3293,1.2022,24.3382,NA,NA,NA,NA,NA,NA,NA,NA,NA,NA,NA,NA
165.348,2.0424,18.8788,1.2053,24.6612,NA,NA,NA,NA,NA,NA,NA,NA,NA,NA,NA,NA
165.452,2.0607,19.9445,1.2092,25.0581,NA,NA,NA,NA,NA,NA,NA,NA,NA,NA,NA,NA
165.545,2.0740,20.7164,1.2141,25.5688,NA,NA,NA,NA,NA,NA,NA,NA,NA,NA,NA,NA
165.645,2.0928,21.8163,1.2177,25.9441,NA,NA,NA,NA,NA,NA,NA,NA,NA,NA,NA,NA
165.744,2.0999,22.2296,1.2208,26.2614,NA,NA,NA,NA,NA,NA,NA,NA,NA,NA,NA,NA
165.836,2.1104,22.8366,1.2208,26.2614,NA,NA,NA,NA,NA,NA,NA,NA,NA,NA,NA,NA
165.933,2.1104,22.8366,1.2229,26.4822,NA,NA,NA,NA,NA,NA,NA,NA,NA,NA,NA,NA
166.035,2.1124,22.9528,1.2241,26.6047,NA,NA,NA,NA,NA,NA,NA,NA,NA,NA,NA,NA
166.130,2.1124,22.9528,1.2243,26.6200,NA,NA,NA,NA,NA,NA,NA,NA,NA,NA,NA,NA
166.228,2.1018,22.3386,1.2243,26.6200,NA,NA,NA,NA,NA,NA,NA,NA,NA,NA,NA,NA
166.322,2.0951,21.9462,1.2231,26.5017,NA,NA,NA,NA,NA,NA,NA,NA,NA,NA,NA,NA
166.468,2.0819,21.1764,1.2223,26.4201,NA,NA,NA,NA,NA,NA,NA,NA,NA,NA,NA,NA
166.522,2.0755,20.8083,1.2212,26.3007,NA,NA,NA,NA,NA,NA,NA,NA,NA,NA,NA,NA
166.619,2.0715,20.5747,1.2191,26.0811,NA,NA,NA,NA,NA,NA,NA,NA,NA,NA,NA,NA
166.720,2.0597,19.8879,1.2178,25.9487,NA,NA,NA,NA,NA,NA,NA,NA,NA,NA,NA,NA
166.817,2.0545,19.5840,1.2166,25.8293,NA,NA,NA,NA,NA,NA,NA,NA,NA,NA,NA,NA
166.914,2.0499,19.3173,1.2158,25.7392,NA,NA,NA,NA,NA,NA,NA,NA,NA,NA,NA,NA
167.027,2.0467,19.1276,1.2119,25.3377,NA,NA,NA,NA,NA,NA,NA,NA,NA,NA,NA,NA
167.125,2.0424,18.8804,1.2108,25.2254,NA,NA,NA,NA,NA,NA,NA,NA,NA,NA,NA,NA
167.207,2.0398,18.7274,1.2088,25.0223,NA,NA,NA,NA,NA,NA,NA,NA,NA,NA,NA,NA
167.310,2.0386,18.6605,1.2072,24.8509,NA,NA,NA,NA,NA,NA,NA,NA,NA,NA,NA,NA
167.412,2.0360,18.5069,1.2067,24.8050,NA,NA,NA,NA,NA,NA,NA,NA,NA,NA,NA,NA
167.504,2.0335,18.3642,1.2058,24.7078,NA,NA,NA,NA,NA,NA,NA,NA,NA,NA,NA,NA
167.623,2.0305,18.1854,1.2057,24.7000,NA,NA,NA,NA,NA,NA,NA,NA,NA,NA,NA,NA
167.701,2.0305,18.1854,1.2056,24.6922,NA,NA,NA,NA,NA,NA,NA,NA,NA,NA,NA,NA
167.794,2.0249,17.8631,1.2052,24.6418,NA,NA,NA,NA,NA,NA,NA,NA,NA,NA,NA,NA
167.890,2.0243,17.8243,1.2046,24.5841,NA,NA,NA,NA,NA,NA,NA,NA,NA,NA,NA,NA
167.998,2.0227,17.7341,1.2038,24.4974,NA,NA,NA,NA,NA,NA,NA,NA,NA,NA,NA,NA
168.088,2.0208,17.6204,1.2038,24.4974,NA,NA,NA,NA,NA,NA,NA,NA,NA,NA,NA,NA
168.223,2.0093,16.9560,1.2014,24.2513,NA,NA,NA,NA,NA,NA,NA,NA,NA,NA,NA,NA
168.287,2.0084,16.9006,1.2014,24.2510,NA,NA,NA,NA,NA,NA,NA,NA,NA,NA,NA,NA
168.390,2.0084,16.9006,1.2003,24.1428,NA,NA,NA,NA,NA,NA,NA,NA,NA,NA,NA,NA
168.477,2.0122,17.1243,1.2003,24.1428,NA,NA,NA,NA,NA,NA,NA,NA,NA,NA,NA,NA
168.581,2.0122,17.1243,1.2001,24.1162,NA,NA,NA,NA,NA,NA,NA,NA,NA,NA,NA,NA
168.677,2.0134,17.1907,1.2001,24.1162,NA,NA,NA,NA,NA,NA,NA,NA,NA,NA,NA,NA
168.783,2.0134,17.1907,1.1996,24.0635,NA,NA,NA,NA,NA,NA,NA,NA,NA,NA,NA,NA
168.873,2.0092,16.9489,1.1993,24.0335,NA,NA,NA,NA,NA,NA,NA,NA,NA,NA,NA,NA
168.970,2.0092,16.9489,1.1996,24.0624,NA,NA,NA,NA,NA,NA,NA,NA,NA,NA,NA,NA
169.067,2.0053,16.7182,1.1996,24.0624,NA,NA,NA,NA,NA,NA,NA,NA,NA,NA,NA,NA
169.170,2.0048,16.6943,1.1956,23.6538,NA,NA,NA,NA,NA,NA,NA,NA,NA,NA,NA,NA
169.268,2.0033,16.6013,1.1961,23.7099,NA,NA,NA,NA,NA,NA,NA,NA,NA,NA,NA,NA
169.360,1.9958,16.1689,1.1961,23.7099,NA,NA,NA,NA,NA,NA,NA,NA,NA,NA,NA,NA
169.457,1.9964,16.2030,1.1929,23.3735,NA,NA,NA,NA,NA,NA,NA,NA,NA,NA,NA,NA
169.555,2.0011,16.4774,1.1930,23.3808,NA,NA,NA,NA,NA,NA,NA,NA,NA,NA,NA,NA
169.664,2.0011,16.4774,1.1930,23.3808,NA,NA,NA,NA,NA,NA,NA,NA,NA,NA,NA,NA
169.756,1.9996,16.3882,1.1941,23.5034,NA,NA,NA,NA,NA,NA,NA,NA,NA,NA,NA,NA
169.854,1.9984,16.3218,1.1946,23.5453,NA,NA,NA,NA,NA,NA,NA,NA,NA,NA,NA,NA
169.972,1.9953,16.1378,1.1946,23.5538,NA,NA,NA,NA,NA,NA,NA,NA,NA,NA,NA,NA
170.044,1.9931,16.0132,1.1946,23.5538,NA,NA,NA,NA,NA,NA,NA,NA,NA,NA,NA,NA
170.147,1.9929,15.9983,1.1932,23.4099,NA,NA,NA,NA,NA,NA,NA,NA,NA,NA,NA,NA
170.240,1.9938,16.0519,1.1924,23.3257,NA,NA,NA,NA,NA,NA,NA,NA,NA,NA,NA,NA
170.343,1.9938,16.0519,1.1916,23.2390,NA,NA,NA,NA,NA,NA,NA,NA,NA,NA,NA,NA
170.440,1.9911,15.8945,1.1913,23.2081,NA,NA,NA,NA,NA,NA,NA,NA,NA,NA,NA,NA
170.541,1.9898,15.8169,1.1917,23.2494,NA,NA,NA,NA,NA,NA,NA,NA,NA,NA,NA,NA
170.645,1.9895,15.8036,1.1917,23.2494,NA,NA,NA,NA,NA,NA,NA,NA,NA,NA,NA,NA
170.734,1.9879,15.7065,1.1909,23.1650,NA,NA,NA,NA,NA,NA,NA,NA,NA,NA,NA,NA
170.833,1.9871,15.6587,1.1899,23.0646,NA,NA,NA,NA,NA,NA,NA,NA,NA,NA,NA,NA
170.928,1.9846,15.5155,1.1884,22.9102,NA,NA,NA,NA,NA,NA,NA,NA,NA,NA,NA,NA
171.031,1.9843,15.4978,1.1879,22.8563,NA,NA,NA,NA,NA,NA,NA,NA,NA,NA,NA,NA
171.197,1.9824,15.3889,1.1867,22.7280,NA,NA,NA,NA,NA,NA,NA,NA,NA,NA,NA,NA
171.223,1.9824,15.3889,1.1860,22.6623,NA,NA,NA,NA,NA,NA,NA,NA,NA,NA,NA,NA
171.322,1.9770,15.0726,1.1843,22.4869,NA,NA,NA,NA,NA,NA,NA,NA,NA,NA,NA,NA
171.424,1.9806,15.2811,1.1849,22.5520,NA,NA,NA,NA,NA,NA,NA,NA,NA,NA,NA,NA
171.514,2.0033,16.6065,1.1890,22.9709,NA,NA,NA,NA,NA,NA,NA,NA,NA,NA,NA,NA
171.611,2.0360,18.5086,1.1946,23.5487,NA,NA,NA,NA,NA,NA,NA,NA,NA,NA,NA,NA
171.716,2.0650,20.1970,1.2031,24.4312,NA,NA,NA,NA,NA,NA,NA,NA,NA,NA,NA,NA
171.868,2.0833,21.2632,1.2093,25.0750,NA,NA,NA,NA,NA,NA,NA,NA,NA,NA,NA,NA
171.911,2.1066,22.6186,1.2179,25.9576,NA,NA,NA,NA,NA,NA,NA,NA,NA,NA,NA,NA
172.007,2.1374,24.4121,1.2253,26.7278,NA,NA,NA,NA,NA,NA,NA,NA,NA,NA,NA,NA
172.104,2.1480,25.0282,1.2346,27.6879,NA,NA,NA,NA,NA,NA,NA,NA,NA,NA,NA,NA
172.201,2.1621,25.8456,1.2393,28.1743,NA,NA,NA,NA,NA,NA,NA,NA,NA,NA,NA,NA
172.298,2.1754,26.6193,1.2476,29.0317,NA,NA,NA,NA,NA,NA,NA,NA,NA,NA,NA,NA
172.410,2.1892,27.4238,1.2558,29.8771,NA,NA,NA,NA,NA,NA,NA,NA,NA,NA,NA,NA
172.501,2.1970,27.8774,1.2670,31.0362,NA,NA,NA,NA,NA,NA,NA,NA,NA,NA,NA,NA
172.595,2.2133,28.8278,1.2738,31.7437,NA,NA,NA,NA,NA,NA,NA,NA,NA,NA,NA,NA
172.695,2.2206,29.2536,1.2784,32.2175,NA,NA,NA,NA,NA,NA,NA,NA,NA,NA,NA,NA
172.789,2.2277,29.6641,1.2856,32.9648,NA,NA,NA,NA,NA,NA,NA,NA,NA,NA,NA,NA
172.884,2.2452,30.6853,1.2903,33.4432,NA,NA,NA,NA,NA,NA,NA,NA,NA,NA,NA,NA
172.990,2.2529,31.1300,1.2969,34.1332,NA,NA,NA,NA,NA,NA,NA,NA,NA,NA,NA,NA
173.085,2.2679,32.0062,1.3010,34.5498,NA,NA,NA,NA,NA,NA,NA,NA,NA,NA,NA,NA
173.179,2.2707,32.1691,1.3034,34.8032,NA,NA,NA,NA,NA,NA,NA,NA,NA,NA,NA,NA
173.277,2.2721,32.2492,1.3039,34.8591,NA,NA,NA,NA,NA,NA,NA,NA,NA,NA,NA,NA
173.373,2.2721,32.2492,1.3040,34.8639,NA,NA,NA,NA,NA,NA,NA,NA,NA,NA,NA,NA
173.475,2.2675,31.9808,1.3040,34.8675,NA,NA,NA,NA,NA,NA,NA,NA,NA,NA,NA,NA
173.569,2.2588,31.4765,1.3040,34.8675,NA,NA,NA,NA,NA,NA,NA,NA,NA,NA,NA,NA
173.691,2.2562,31.3261,1.3033,34.7947,NA,NA,NA,NA,NA,NA,NA,NA,NA,NA,NA,NA
173.765,2.2310,29.8572,1.3020,34.6604,NA,NA,NA,NA,NA,NA,NA,NA,NA,NA,NA,NA
173.863,2.2243,29.4647,1.2994,34.3916,NA,NA,NA,NA,NA,NA,NA,NA,NA,NA,NA,NA
173.971,2.2146,28.9036,1.2962,34.0590,NA,NA,NA,NA,NA,NA,NA,NA,NA,NA,NA,NA
174.057,2.2124,28.7749,1.2934,33.7700,NA,NA,NA,NA,NA,NA,NA,NA,NA,NA,NA,NA
174.213,2.1970,27.8799,1.2863,33.0335,NA,NA,NA,NA,NA,NA,NA,NA,NA,NA,NA,NA
174.257,2.1830,27.0636,1.2833,32.7288,NA,NA,NA,NA,NA,NA,NA,NA,NA,NA,NA,NA
174.361,2.1830,27.0636,1.2809,32.4751,NA,NA,NA,NA,NA,NA,NA,NA,NA,NA,NA,NA
174.454,2.1701,26.3137,1.2779,32.1688,NA,NA,NA,NA,NA,NA,NA,NA,NA,NA,NA,NA
174.549,2.1666,26.1087,1.2768,32.0567,NA,NA,NA,NA,NA,NA,NA,NA,NA,NA,NA,NA
174.647,2.1628,25.8874,1.2753,31.8951,NA,NA,NA,NA,NA,NA,NA,NA,NA,NA,NA,NA
174.781,2.1619,25.8330,1.2695,31.2973,NA,NA,NA,NA,NA,NA,NA,NA,NA,NA,NA,NA
174.841,2.1580,25.6060,1.2677,31.1123,NA,NA,NA,NA,NA,NA,NA,NA,NA,NA,NA,NA
174.943,2.1514,25.2244,1.2663,30.9666,NA,NA,NA,NA,NA,NA,NA,NA,NA,NA,NA,NA
175.042,2.1433,24.7504,1.2648,30.8100,NA,NA,NA,NA,NA,NA,NA,NA,NA,NA,NA,NA
175.140,2.1460,24.9099,1.2618,30.4967,NA,NA,NA,NA,NA,NA,NA,NA,NA,NA,NA,NA
175.241,2.1460,24.9099,1.2602,30.3328,NA,NA,NA,NA,NA,NA,NA,NA,NA,NA,NA,NA
175.342,2.1413,24.6392,1.2593,30.2454,NA,NA,NA,NA,NA,NA,NA,NA,NA,NA,NA,NA
175.463,2.1403,24.5778,1.2580,30.1070,NA,NA,NA,NA,NA,NA,NA,NA,NA,NA,NA,NA
175.529,2.1373,24.4028,1.2576,30.0704,NA,NA,NA,NA,NA,NA,NA,NA,NA,NA,NA,NA
175.633,2.1368,24.3754,1.2574,30.0504,NA,NA,NA,NA,NA,NA,NA,NA,NA,NA,NA,NA
175.724,2.1328,24.1419,1.2558,29.8771,NA,NA,NA,NA,NA,NA,NA,NA,NA,NA,NA,NA
175.830,2.1303,23.9951,1.2552,29.8206,NA,NA,NA,NA,NA,NA,NA,NA,NA,NA,NA,NA
175.921,2.1303,23.9951,1.2550,29.7965,NA,NA,NA,NA,NA,NA,NA,NA,NA,NA,NA,NA
176.042,2.1286,23.8987,1.2550,29.7965,NA,NA,NA,NA,NA,NA,NA,NA,NA,NA,NA,NA
176.125,2.1275,23.8324,1.2542,29.7152,NA,NA,NA,NA,NA,NA,NA,NA,NA,NA,NA,NA
176.214,2.1238,23.6200,1.2538,29.6711,NA,NA,NA,NA,NA,NA,NA,NA,NA,NA,NA,NA
176.312,2.1227,23.5525,1.2523,29.5173,NA,NA,NA,NA,NA,NA,NA,NA,NA,NA,NA,NA
176.410,2.1196,23.3744,1.2515,29.4307,NA,NA,NA,NA,NA,NA,NA,NA,NA,NA,NA,NA
176.517,2.1187,23.3227,1.2515,29.4307,NA,NA,NA,NA,NA,NA,NA,NA,NA,NA,NA,NA
176.624,2.1129,22.9808,1.2511,29.3936,NA,NA,NA,NA,NA,NA,NA,NA,NA,NA,NA,NA
176.708,2.1127,22.9736,1.2509,29.3776,NA,NA,NA,NA,NA,NA,NA,NA,NA,NA,NA,NA
176.804,2.1127,22.9736,1.2510,29.3816,NA,NA,NA,NA,NA,NA,NA,NA,NA,NA,NA,NA
176.901,2.1138,23.0371,1.2510,29.3816,NA,NA,NA,NA,NA,NA,NA,NA,NA,NA,NA,NA
176.996,2.1138,23.0371,1.2482,29.0939,NA,NA,NA,NA,NA,NA,NA,NA,NA,NA,NA,NA
177.103,2.1095,22.7852,1.2482,29.0964,NA,NA,NA,NA,NA,NA,NA,NA,NA,NA,NA,NA
177.202,2.1072,22.6527,1.2482,29.0964,NA,NA,NA,NA,NA,NA,NA,NA,NA,NA,NA,NA
177.294,2.1008,22.2803,1.2474,29.0147,NA,NA,NA,NA,NA,NA,NA,NA,NA,NA,NA,NA
177.400,2.1028,22.3931,1.2473,29.0050,NA,NA,NA,NA,NA,NA,NA,NA,NA,NA,NA,NA
177.495,2.1035,22.4338,1.2473,29.0050,NA,NA,NA,NA,NA,NA,NA,NA,NA,NA,NA,NA
177.585,2.1043,22.4826,1.2464,28.9105,NA,NA,NA,NA,NA,NA,NA,NA,NA,NA,NA,NA
177.689,2.1043,22.4826,1.2452,28.7880,NA,NA,NA,NA,NA,NA,NA,NA,NA,NA,NA,NA
177.832,2.1016,22.3278,1.2445,28.7098,NA,NA,NA,NA,NA,NA,NA,NA,NA,NA,NA,NA
177.881,2.0984,22.1413,1.2433,28.5904,NA,NA,NA,NA,NA,NA,NA,NA,NA,NA,NA,NA
177.977,2.0919,21.7637,1.2416,28.4102,NA,NA,NA,NA,NA,NA,NA,NA,NA,NA,NA,NA
178.075,2.0895,21.6222,1.2407,28.3176,NA,NA,NA,NA,NA,NA,NA,NA,NA,NA,NA,NA
178.183,2.0895,21.6222,1.2393,28.1768,NA,NA,NA,NA,NA,NA,NA,NA,NA,NA,NA,NA
178.270,2.0894,21.6165,1.2385,28.0952,NA,NA,NA,NA,NA,NA,NA,NA,NA,NA,NA,NA
178.363,2.0894,21.6165,1.2377,28.0055,NA,NA,NA,NA,NA,NA,NA,NA,NA,NA,NA,NA
178.466,2.0836,21.2798,1.2367,27.9023,NA,NA,NA,NA,NA,NA,NA,NA,NA,NA,NA,NA
178.567,2.0835,21.2713,1.2356,27.7900,NA,NA,NA,NA,NA,NA,NA,NA,NA,NA,NA,NA
178.668,2.0931,21.8310,1.2386,28.1055,NA,NA,NA,NA,NA,NA,NA,NA,NA,NA,NA,NA
178.767,2.1044,22.4907,1.2430,28.5528,NA,NA,NA,NA,NA,NA,NA,NA,NA,NA,NA,NA
178.872,2.1321,24.1007,1.2518,29.4611,NA,NA,NA,NA,NA,NA,NA,NA,NA,NA,NA,NA
178.962,2.1500,25.1414,1.2594,30.2504,NA,NA,NA,NA,NA,NA,NA,NA,NA,NA,NA,NA
179.063,2.1843,27.1371,1.2670,31.0399,NA,NA,NA,NA,NA,NA,NA,NA,NA,NA,NA,NA
179.158,2.1958,27.8108,1.2803,32.4128,NA,NA,NA,NA,NA,NA,NA,NA,NA,NA,NA,NA
179.250,2.2143,28.8873,1.2877,33.1808,NA,NA,NA,NA,NA,NA,NA,NA,NA,NA,NA,NA
179.352,2.2352,30.1037,1.2975,34.1944,NA,NA,NA,NA,NA,NA,NA,NA,NA,NA,NA,NA
179.444,2.2466,30.7654,1.3062,35.0934,NA,NA,NA,NA,NA,NA,NA,NA,NA,NA,NA,NA
179.593,2.2645,31.8092,1.3133,35.8260,NA,NA,NA,NA,NA,NA,NA,NA,NA,NA,NA,NA
179.653,2.2753,32.4349,1.3196,36.4807,NA,NA,NA,NA,NA,NA,NA,NA,NA,NA,NA,NA
179.744,2.2917,33.3886,1.3251,37.0509,NA,NA,NA,NA,NA,NA,NA,NA,NA,NA,NA,NA
179.835,2.2971,33.7033,1.3306,37.6188,NA,NA,NA,NA,NA,NA,NA,NA,NA,NA,NA,NA
179.941,2.2974,33.7196,1.3368,38.2619,NA,NA,NA,NA,NA,NA,NA,NA,NA,NA,NA,NA
180.030,2.2974,33.7196,1.3401,38.6027,NA,NA,NA,NA,NA,NA,NA,NA,NA,NA,NA,NA
180.199,2.2963,33.6587,1.3445,39.0508,NA,NA,NA,NA,NA,NA,NA,NA,NA,NA,NA,NA
180.224,2.3058,34.2114,1.3464,39.2495,NA,NA,NA,NA,NA,NA,NA,NA,NA,NA,NA,NA
180.324,2.3058,34.2114,1.3464,39.2498,NA,NA,NA,NA,NA,NA,NA,NA,NA,NA,NA,NA
180.425,2.3105,34.4862,1.3464,39.2498,NA,NA,NA,NA,NA,NA,NA,NA,NA,NA,NA,NA
180.522,2.3105,34.4862,1.3460,39.2121,NA,NA,NA,NA,NA,NA,NA,NA,NA,NA,NA,NA
180.620,2.3035,34.0766,1.3453,39.1358,NA,NA,NA,NA,NA,NA,NA,NA,NA,NA,NA,NA
180.717,2.2885,33.2047,1.3397,38.5567,NA,NA,NA,NA,NA,NA,NA,NA,NA,NA,NA,NA
180.813,2.2688,32.0557,1.3352,38.0893,NA,NA,NA,NA,NA,NA,NA,NA,NA,NA,NA,NA
180.920,2.2607,31.5845,1.3311,37.6634,NA,NA,NA,NA,NA,NA,NA,NA,NA,NA,NA,NA
181.022,2.2588,31.4734,1.3247,37.0029,NA,NA,NA,NA,NA,NA,NA,NA,NA,NA,NA,NA
181.114,2.2452,30.6854,1.3217,36.6948,NA,NA,NA,NA,NA,NA,NA,NA,NA,NA,NA,NA
181.205,2.2452,30.6854,1.3178,36.2953,NA,NA,NA,NA,NA,NA,NA,NA,NA,NA,NA,NA
181.394,2.2276,29.6614,1.3135,35.8495,NA,NA,NA,NA,NA,NA,NA,NA,NA,NA,NA,NA
181.404,2.2245,29.4780,1.3112,35.6092,NA,NA,NA,NA,NA,NA,NA,NA,NA,NA,NA,NA
181.498,2.2078,28.5075,1.3081,35.2841,NA,NA,NA,NA,NA,NA,NA,NA,NA,NA,NA,NA
181.605,2.1964,27.8430,1.3059,35.0631,NA,NA,NA,NA,NA,NA,NA,NA,NA,NA,NA,NA
181.699,2.1939,27.6995,1.3024,34.7015,NA,NA,NA,NA,NA,NA,NA,NA,NA,NA,NA,NA
181.799,2.1924,27.6125,1.3011,34.5626,NA,NA,NA,NA,NA,NA,NA,NA,NA,NA,NA,NA
181.892,2.1924,27.6125,1.2999,34.4358,NA,NA,NA,NA,NA,NA,NA,NA,NA,NA,NA,NA
182.047,2.1878,27.3431,1.2977,34.2136,NA,NA,NA,NA,NA,NA,NA,NA,NA,NA,NA,NA
182.095,2.1877,27.3355,1.2961,34.0487,NA,NA,NA,NA,NA,NA,NA,NA,NA,NA,NA,NA
182.185,2.1820,27.0049,1.2951,33.9448,NA,NA,NA,NA,NA,NA,NA,NA,NA,NA,NA,NA
182.292,2.1770,26.7127,1.2933,33.7536,NA,NA,NA,NA,NA,NA,NA,NA,NA,NA,NA,NA
182.381,2.1746,26.5773,1.2932,33.7501,NA,NA,NA,NA,NA,NA,NA,NA,NA,NA,NA,NA
182.482,2.1746,26.5773,1.2902,33.4379,NA,NA,NA,NA,NA,NA,NA,NA,NA,NA,NA,NA
182.575,2.1730,26.4819,1.2883,33.2401,NA,NA,NA,NA,NA,NA,NA,NA,NA,NA,NA,NA
182.685,2.1736,26.5153,1.2883,33.2401,NA,NA,NA,NA,NA,NA,NA,NA,NA,NA,NA,NA
182.770,2.1736,26.5153,1.2870,33.1044,NA,NA,NA,NA,NA,NA,NA,NA,NA,NA,NA,NA
182.872,2.1703,26.3260,1.2862,33.0269,NA,NA,NA,NA,NA,NA,NA,NA,NA,NA,NA,NA
182.974,2.1703,26.3260,1.2853,32.9357,NA,NA,NA,NA,NA,NA,NA,NA,NA,NA,NA,NA
183.067,2.1693,26.2638,1.2839,32.7870,NA,NA,NA,NA,NA,NA,NA,NA,NA,NA,NA,NA
183.171,2.1693,26.2638,1.2822,32.6053,NA,NA,NA,NA,NA,NA,NA,NA,NA,NA,NA,NA
183.265,2.1658,26.0624,1.2812,32.5099,NA,NA,NA,NA,NA,NA,NA,NA,NA,NA,NA,NA
183.365,2.1658,26.0624,1.2808,32.4638,NA,NA,NA,NA,NA,NA,NA,NA,NA,NA,NA,NA
183.461,2.1598,25.7128,1.2802,32.4060,NA,NA,NA,NA,NA,NA,NA,NA,NA,NA,NA,NA
183.571,2.1534,25.3414,1.2797,32.3502,NA,NA,NA,NA,NA,NA,NA,NA,NA,NA,NA,NA
183.666,2.1524,25.2852,1.2789,32.2668,NA,NA,NA,NA,NA,NA,NA,NA,NA,NA,NA,NA
183.759,2.1487,25.0683,1.2780,32.1759,NA,NA,NA,NA,NA,NA,NA,NA,NA,NA,NA,NA
183.865,2.1466,24.9460,1.2773,32.1069,NA,NA,NA,NA,NA,NA,NA,NA,NA,NA,NA,NA
183.947,2.1496,25.1205,1.2770,32.0708,NA,NA,NA,NA,NA,NA,NA,NA,NA,NA,NA,NA
184.046,2.1496,25.1205,1.2766,32.0278,NA,NA,NA,NA,NA,NA,NA,NA,NA,NA,NA,NA
184.149,2.1482,25.0398,1.2758,31.9501,NA,NA,NA,NA,NA,NA,NA,NA,NA,NA,NA,NA
184.251,2.1482,25.0398,1.2746,31.8214,NA,NA,NA,NA,NA,NA,NA,NA,NA,NA,NA,NA
184.349,2.1418,24.6671,1.2743,31.7944,NA,NA,NA,NA,NA,NA,NA,NA,NA,NA,NA,NA
184.439,2.1418,24.6671,1.2733,31.6853,NA,NA,NA,NA,NA,NA,NA,NA,NA,NA,NA,NA
184.534,2.1402,24.5747,1.2716,31.5134,NA,NA,NA,NA,NA,NA,NA,NA,NA,NA,NA,NA
184.670,2.1385,24.4712,1.2716,31.5134,NA,NA,NA,NA,NA,NA,NA,NA,NA,NA,NA,NA
184.730,2.1363,24.3449,1.2688,31.2256,NA,NA,NA,NA,NA,NA,NA,NA,NA,NA,NA,NA
184.830,2.1285,23.8898,1.2675,31.0863,NA,NA,NA,NA,NA,NA,NA,NA,NA,NA,NA,NA
184.930,2.1275,23.8337,1.2667,31.0029,NA,NA,NA,NA,NA,NA,NA,NA,NA,NA,NA,NA
185.094,2.1241,23.6343,1.2661,30.9480,NA,NA,NA,NA,NA,NA,NA,NA,NA,NA,NA,NA
185.128,2.1236,23.6057,1.2652,30.8495,NA,NA,NA,NA,NA,NA,NA,NA,NA,NA,NA,NA
185.251,2.1178,23.2676,1.2646,30.7939,NA,NA,NA,NA,NA,NA,NA,NA,NA,NA,NA,NA
185.333,2.1156,23.1382,1.2619,30.5123,NA,NA,NA,NA,NA,NA,NA,NA,NA,NA,NA,NA
185.415,2.1143,23.0663,1.2604,30.3533,NA,NA,NA,NA,NA,NA,NA,NA,NA,NA,NA,NA
185.522,2.1103,22.8318,1.2602,30.3369,NA,NA,NA,NA,NA,NA,NA,NA,NA,NA,NA,NA
185.631,2.1103,22.8318,1.2579,30.0950,NA,NA,NA,NA,NA,NA,NA,NA,NA,NA,NA,NA
185.718,2.1053,22.5417,1.2577,30.0793,NA,NA,NA,NA,NA,NA,NA,NA,NA,NA,NA,NA
185.811,2.1235,23.6025,1.2609,30.4082,NA,NA,NA,NA,NA,NA,NA,NA,NA,NA,NA,NA
185.903,2.1388,24.4885,1.2663,30.9608,NA,NA,NA,NA,NA,NA,NA,NA,NA,NA,NA,NA
186.012,2.1676,26.1665,1.2740,31.7632,NA,NA,NA,NA,NA,NA,NA,NA,NA,NA,NA,NA
186.103,2.1926,27.6254,1.2818,32.5737,NA,NA,NA,NA,NA,NA,NA,NA,NA,NA,NA,NA
186.197,2.2170,29.0447,1.2867,33.0710,NA,NA,NA,NA,NA,NA,NA,NA,NA,NA,NA,NA
186.307,2.2314,29.8832,1.2955,33.9895,NA,NA,NA,NA,NA,NA,NA,NA,NA,NA,NA,NA
186.400,2.2565,31.3426,1.3028,34.7393,NA,NA,NA,NA,NA,NA,NA,NA,NA,NA,NA,NA
186.493,2.2665,31.9241,1.3074,35.2152,NA,NA,NA,NA,NA,NA,NA,NA,NA,NA,NA,NA
186.590,2.2758,32.4639,1.3159,36.0928,NA,NA,NA,NA,NA,NA,NA,NA,NA,NA,NA,NA
186.693,2.2959,33.6339,1.3214,36.6631,NA,NA,NA,NA,NA,NA,NA,NA,NA,NA,NA,NA
186.846,2.3105,34.4864,1.3270,37.2450,NA,NA,NA,NA,NA,NA,NA,NA,NA,NA,NA,NA
186.890,2.3493,36.7421,1.3345,38.0241,NA,NA,NA,NA,NA,NA,NA,NA,NA,NA,NA,NA
186.981,2.3545,37.0448,1.3409,38.6859,NA,NA,NA,NA,NA,NA,NA,NA,NA,NA,NA,NA
187.083,2.3751,38.2433,1.3475,39.3640,NA,NA,NA,NA,NA,NA,NA,NA,NA,NA,NA,NA
187.193,2.3751,38.2433,1.3510,39.7258,NA,NA,NA,NA,NA,NA,NA,NA,NA,NA,NA,NA
187.279,2.3770,38.3532,1.3547,40.1122,NA,NA,NA,NA,NA,NA,NA,NA,NA,NA,NA,NA
187.373,2.3846,38.7991,1.3623,40.8965,NA,NA,NA,NA,NA,NA,NA,NA,NA,NA,NA,NA
187.515,2.3898,39.1029,1.3654,41.2181,NA,NA,NA,NA,NA,NA,NA,NA,NA,NA,NA,NA
187.577,2.4017,39.7907,1.3706,41.7554,NA,NA,NA,NA,NA,NA,NA,NA,NA,NA,NA,NA
187.672,2.4017,39.7907,1.3723,41.9307,NA,NA,NA,NA,NA,NA,NA,NA,NA,NA,NA,NA
187.773,2.3970,39.5177,1.3737,42.0710,NA,NA,NA,NA,NA,NA,NA,NA,NA,NA,NA,NA
187.864,2.3965,39.4931,1.3737,42.0710,NA,NA,NA,NA,NA,NA,NA,NA,NA,NA,NA,NA
187.974,2.3818,38.6341,1.3721,41.9103,NA,NA,NA,NA,NA,NA,NA,NA,NA,NA,NA,NA
188.059,2.3799,38.5233,1.3701,41.7011,NA,NA,NA,NA,NA,NA,NA,NA,NA,NA,NA,NA
188.164,2.3523,36.9173,1.3663,41.3122,NA,NA,NA,NA,NA,NA,NA,NA,NA,NA,NA,NA
188.268,2.3406,36.2387,1.3619,40.8510,NA,NA,NA,NA,NA,NA,NA,NA,NA,NA,NA,NA
188.360,2.3232,35.2246,1.3588,40.5375,NA,NA,NA,NA,NA,NA,NA,NA,NA,NA,NA,NA
188.455,2.3160,34.8075,1.3525,39.8812,NA,NA,NA,NA,NA,NA,NA,NA,NA,NA,NA,NA
188.551,2.3061,34.2302,1.3492,39.5433,NA,NA,NA,NA,NA,NA,NA,NA,NA,NA,NA,NA
188.648,2.2960,33.6398,1.3446,39.0661,NA,NA,NA,NA,NA,NA,NA,NA,NA,NA,NA,NA
188.747,2.2960,33.6398,1.3420,38.7970,NA,NA,NA,NA,NA,NA,NA,NA,NA,NA,NA,NA
188.845,2.2820,32.8246,1.3402,38.6091,NA,NA,NA,NA,NA,NA,NA,NA,NA,NA,NA,NA
188.939,2.2768,32.5239,1.3384,38.4244,NA,NA,NA,NA,NA,NA,NA,NA,NA,NA,NA,NA
189.051,2.2751,32.4224,1.3369,38.2669,NA,NA,NA,NA,NA,NA,NA,NA,NA,NA,NA,NA
189.141,2.2649,31.8323,1.3345,38.0191,NA,NA,NA,NA,NA,NA,NA,NA,NA,NA,NA,NA
189.258,2.2624,31.6859,1.3315,37.7088,NA,NA,NA,NA,NA,NA,NA,NA,NA,NA,NA,NA
189.332,2.2580,31.4317,1.3255,37.0872,NA,NA,NA,NA,NA,NA,NA,NA,NA,NA,NA,NA
189.435,2.2572,31.3816,1.3236,36.8906,NA,NA,NA,NA,NA,NA,NA,NA,NA,NA,NA,NA
189.532,2.2506,31.0013,1.3205,36.5763,NA,NA,NA,NA,NA,NA,NA,NA,NA,NA,NA,NA
189.628,2.2478,30.8366,1.3193,36.4480,NA,NA,NA,NA,NA,NA,NA,NA,NA,NA,NA,NA
189.730,2.2306,29.8324,1.3174,36.2519,NA,NA,NA,NA,NA,NA,NA,NA,NA,NA,NA,NA
189.834,2.2265,29.5954,1.3157,36.0796,NA,NA,NA,NA,NA,NA,NA,NA,NA,NA,NA,NA
189.922,2.2265,29.5954,1.3147,35.9711,NA,NA,NA,NA,NA,NA,NA,NA,NA,NA,NA,NA
190.016,2.2205,29.2436,1.3121,35.7056,NA,NA,NA,NA,NA,NA,NA,NA,NA,NA,NA,NA
190.114,2.2198,29.2052,1.3084,35.3223,NA,NA,NA,NA,NA,NA,NA,NA,NA,NA,NA,NA
190.214,2.2195,29.1884,1.3070,35.1773,NA,NA,NA,NA,NA,NA,NA,NA,NA,NA,NA,NA
190.326,2.2195,29.1884,1.3058,35.0529,NA,NA,NA,NA,NA,NA,NA,NA,NA,NA,NA,NA
190.407,2.2109,28.6874,1.3045,34.9118,NA,NA,NA,NA,NA,NA,NA,NA,NA,NA,NA,NA
190.505,2.2072,28.4705,1.3035,34.8159,NA,NA,NA,NA,NA,NA,NA,NA,NA,NA,NA,NA
190.618,2.2063,28.4228,1.3029,34.7557,NA,NA,NA,NA,NA,NA,NA,NA,NA,NA,NA,NA
190.707,2.2062,28.4126,1.3020,34.6615,NA,NA,NA,NA,NA,NA,NA,NA,NA,NA,NA,NA
190.809,2.2008,28.1003,1.3019,34.6479,NA,NA,NA,NA,NA,NA,NA,NA,NA,NA,NA,NA
190.902,2.2104,28.6614,1.3038,34.8410,NA,NA,NA,NA,NA,NA,NA,NA,NA,NA,NA,NA
191.024,2.2224,29.3574,1.3063,35.1024,NA,NA,NA,NA,NA,NA,NA,NA,NA,NA,NA,NA
191.101,2.2481,30.8511,1.3112,35.6046,NA,NA,NA,NA,NA,NA,NA,NA,NA,NA,NA,NA
191.193,2.2514,31.0426,1.3169,36.1940,NA,NA,NA,NA,NA,NA,NA,NA,NA,NA,NA,NA
191.292,2.2672,31.9667,1.3205,36.5671,NA,NA,NA,NA,NA,NA,NA,NA,NA,NA,NA,NA
191.387,2.2716,32.2212,1.3225,36.7798,NA,NA,NA,NA,NA,NA,NA,NA,NA,NA,NA,NA
191.497,2.2768,32.5253,1.3233,36.8569,NA,NA,NA,NA,NA,NA,NA,NA,NA,NA,NA,NA
191.609,2.2792,32.6641,1.3235,36.8788,NA,NA,NA,NA,NA,NA,NA,NA,NA,NA,NA,NA
191.742,2.2804,32.7330,1.3266,37.1995,NA,NA,NA,NA,NA,NA,NA,NA,NA,NA,NA,NA
191.784,2.2804,32.7330,1.3266,37.1995,NA,NA,NA,NA,NA,NA,NA,NA,NA,NA,NA,NA
191.876,2.2776,32.5687,1.3265,37.1901,NA,NA,NA,NA,NA,NA,NA,NA,NA,NA,NA,NA
191.976,2.2738,32.3471,1.3265,37.1901,NA,NA,NA,NA,NA,NA,NA,NA,NA,NA,NA,NA
192.076,2.2724,32.2674,1.3248,37.0163,NA,NA,NA,NA,NA,NA,NA,NA,NA,NA,NA,NA
192.172,2.2640,31.7757,1.3243,36.9672,NA,NA,NA,NA,NA,NA,NA,NA,NA,NA,NA,NA
192.283,2.2589,31.4830,1.3196,36.4755,NA,NA,NA,NA,NA,NA,NA,NA,NA,NA,NA,NA
192.366,2.2464,30.7520,1.3172,36.2288,NA,NA,NA,NA,NA,NA,NA,NA,NA,NA,NA,NA
192.484,2.2400,30.3832,1.3152,36.0259,NA,NA,NA,NA,NA,NA,NA,NA,NA,NA,NA,NA
192.561,2.2305,29.8281,1.3141,35.9094,NA,NA,NA,NA,NA,NA,NA,NA,NA,NA,NA,NA
192.667,2.2209,29.2723,1.3130,35.7946,NA,NA,NA,NA,NA,NA,NA,NA,NA,NA,NA,NA
192.759,2.2191,29.1677,1.3116,35.6461,NA,NA,NA,NA,NA,NA,NA,NA,NA,NA,NA,NA
192.857,2.2073,28.4764,1.3105,35.5355,NA,NA,NA,NA,NA,NA,NA,NA,NA,NA,NA,NA
192.970,2.2073,28.4764,1.3084,35.3195,NA,NA,NA,NA,NA,NA,NA,NA,NA,NA,NA,NA
193.064,2.2043,28.3012,1.3073,35.2024,NA,NA,NA,NA,NA,NA,NA,NA,NA,NA,NA,NA
193.153,2.2043,28.3012,1.3068,35.1569,NA,NA,NA,NA,NA,NA,NA,NA,NA,NA,NA,NA
193.250,2.1954,27.7865,1.3054,35.0066,NA,NA,NA,NA,NA,NA,NA,NA,NA,NA,NA,NA
193.356,2.1943,27.7214,1.3054,35.0066,NA,NA,NA,NA,NA,NA,NA,NA,NA,NA,NA,NA
193.466,2.1943,27.7214,1.3041,34.8758,NA,NA,NA,NA,NA,NA,NA,NA,NA,NA,NA,NA
193.545,2.1937,27.6863,1.3036,34.8183,NA,NA,NA,NA,NA,NA,NA,NA,NA,NA,NA,NA
193.643,2.1937,27.6863,1.3028,34.7422,NA,NA,NA,NA,NA,NA,NA,NA,NA,NA,NA,NA
193.741,2.1919,27.5816,1.3016,34.6176,NA,NA,NA,NA,NA,NA,NA,NA,NA,NA,NA,NA
193.843,2.1919,27.5816,1.2992,34.3725,NA,NA,NA,NA,NA,NA,NA,NA,NA,NA,NA,NA
193.931,2.1765,26.6828,1.2980,34.2459,NA,NA,NA,NA,NA,NA,NA,NA,NA,NA,NA,NA
194.074,2.1739,26.5340,1.2969,34.1347,NA,NA,NA,NA,NA,NA,NA,NA,NA,NA,NA,NA
194.129,2.1702,26.3214,1.2950,33.9300,NA,NA,NA,NA,NA,NA,NA,NA,NA,NA,NA,NA
194.234,2.1737,26.5211,1.2942,33.8541,NA,NA,NA,NA,NA,NA,NA,NA,NA,NA,NA,NA
194.325,2.1737,26.5211,1.2932,33.7489,NA,NA,NA,NA,NA,NA,NA,NA,NA,NA,NA,NA
194.423,2.1670,26.1349,1.2921,33.6355,NA,NA,NA,NA,NA,NA,NA,NA,NA,NA,NA,NA
194.529,2.1648,26.0061,1.2902,33.4417,NA,NA,NA,NA,NA,NA,NA,NA,NA,NA,NA,NA
194.686,2.1596,25.7028,1.2893,33.3425,NA,NA,NA,NA,NA,NA,NA,NA,NA,NA,NA,NA
194.723,2.1596,25.7028,1.2880,33.2081,NA,NA,NA,NA,NA,NA,NA,NA,NA,NA,NA,NA
194.817,2.1562,25.5016,1.2897,33.3902,NA,NA,NA,NA,NA,NA,NA,NA,NA,NA,NA,NA
194.910,2.1741,26.5459,1.2908,33.4954,NA,NA,NA,NA,NA,NA,NA,NA,NA,NA,NA,NA
195.008,2.1906,27.5058,1.2944,33.8757,NA,NA,NA,NA,NA,NA,NA,NA,NA,NA,NA,NA
195.113,2.2223,29.3529,1.3004,34.4956,NA,NA,NA,NA,NA,NA,NA,NA,NA,NA,NA,NA
195.211,2.2387,30.3085,1.3065,35.1190,NA,NA,NA,NA,NA,NA,NA,NA,NA,NA,NA,NA
195.343,2.2644,31.7993,1.3123,35.7233,NA,NA,NA,NA,NA,NA,NA,NA,NA,NA,NA,NA
195.403,2.2814,32.7918,1.3223,36.7534,NA,NA,NA,NA,NA,NA,NA,NA,NA,NA,NA,NA
195.502,2.3047,34.1473,1.3280,37.3437,NA,NA,NA,NA,NA,NA,NA,NA,NA,NA,NA,NA
195.602,2.3122,34.5852,1.3341,37.9759,NA,NA,NA,NA,NA,NA,NA,NA,NA,NA,NA,NA
195.702,2.3268,35.4337,1.3425,38.8473,NA,NA,NA,NA,NA,NA,NA,NA,NA,NA,NA,NA
195.797,2.3541,37.0206,1.3511,39.7394,NA,NA,NA,NA,NA,NA,NA,NA,NA,NA,NA,NA
195.897,2.3667,37.7556,1.3555,40.1889,NA,NA,NA,NA,NA,NA,NA,NA,NA,NA,NA,NA
195.990,2.3758,38.2885,1.3605,40.7092,NA,NA,NA,NA,NA,NA,NA,NA,NA,NA,NA,NA
196.085,2.3903,39.1275,1.3723,41.9285,NA,NA,NA,NA,NA,NA,NA,NA,NA,NA,NA,NA
196.182,2.4083,40.1747,1.3775,42.4647,NA,NA,NA,NA,NA,NA,NA,NA,NA,NA,NA,NA
196.286,2.4151,40.5722,1.3859,43.3323,NA,NA,NA,NA,NA,NA,NA,NA,NA,NA,NA,NA
196.384,2.4371,41.8566,1.3911,43.8729,NA,NA,NA,NA,NA,NA,NA,NA,NA,NA,NA,NA
196.483,2.4434,42.2200,1.3945,44.2277,NA,NA,NA,NA,NA,NA,NA,NA,NA,NA,NA,NA
196.583,2.4566,42.9893,1.4000,44.7898,NA,NA,NA,NA,NA,NA,NA,NA,NA,NA,NA,NA
196.675,2.4566,42.9893,1.4035,45.1553,NA,NA,NA,NA,NA,NA,NA,NA,NA,NA,NA,NA
196.772,2.4539,42.8326,1.4055,45.3588,NA,NA,NA,NA,NA,NA,NA,NA,NA,NA,NA,NA
196.880,2.4539,42.8326,1.4066,45.4760,NA,NA,NA,NA,NA,NA,NA,NA,NA,NA,NA,NA
196.968,2.4472,42.4445,1.4073,45.5446,NA,NA,NA,NA,NA,NA,NA,NA,NA,NA,NA,NA
197.079,2.4456,42.3482,1.4075,45.5707,NA,NA,NA,NA,NA,NA,NA,NA,NA,NA,NA,NA
197.167,2.4456,42.3482,1.4075,45.5707,NA,NA,NA,NA,NA,NA,NA,NA,NA,NA,NA,NA
197.263,2.4341,41.6785,1.4071,45.5252,NA,NA,NA,NA,NA,NA,NA,NA,NA,NA,NA,NA
197.363,2.4232,41.0474,1.4042,45.2245,NA,NA,NA,NA,NA,NA,NA,NA,NA,NA,NA,NA
197.461,2.4029,39.8658,1.4028,45.0870,NA,NA,NA,NA,NA,NA,NA,NA,NA,NA,NA,NA
197.567,2.3880,38.9961,1.3966,44.4396,NA,NA,NA,NA,NA,NA,NA,NA,NA,NA,NA,NA
197.664,2.3756,38.2748,1.3919,43.9569,NA,NA,NA,NA,NA,NA,NA,NA,NA,NA,NA,NA
197.755,2.3693,37.9060,1.3887,43.6296,NA,NA,NA,NA,NA,NA,NA,NA,NA,NA,NA,NA
197.853,2.3679,37.8248,1.3819,42.9206,NA,NA,NA,NA,NA,NA,NA,NA,NA,NA,NA,NA
197.952,2.3504,36.8089,1.3783,42.5542,NA,NA,NA,NA,NA,NA,NA,NA,NA,NA,NA,NA
198.045,2.3468,36.5975,1.3771,42.4286,NA,NA,NA,NA,NA,NA,NA,NA,NA,NA,NA,NA
198.145,2.3357,35.9494,1.3760,42.3107,NA,NA,NA,NA,NA,NA,NA,NA,NA,NA,NA,NA
198.241,2.3331,35.8033,1.3729,41.9900,NA,NA,NA,NA,NA,NA,NA,NA,NA,NA,NA,NA
198.344,2.3122,34.5837,1.3717,41.8617,NA,NA,NA,NA,NA,NA,NA,NA,NA,NA,NA,NA
198.439,2.3108,34.5036,1.3687,41.5578,NA,NA,NA,NA,NA,NA,NA,NA,NA,NA,NA,NA
198.536,2.3108,34.5036,1.3645,41.1215,NA,NA,NA,NA,NA,NA,NA,NA,NA,NA,NA,NA
198.632,2.3074,34.3016,1.3632,40.9866,NA,NA,NA,NA,NA,NA,NA,NA,NA,NA,NA,NA
198.733,2.3074,34.3016,1.3618,40.8424,NA,NA,NA,NA,NA,NA,NA,NA,NA,NA,NA,NA
198.860,2.3048,34.1515,1.3585,40.4996,NA,NA,NA,NA,NA,NA,NA,NA,NA,NA,NA,NA
198.926,2.3048,34.1515,1.3568,40.3207,NA,NA,NA,NA,NA,NA,NA,NA,NA,NA,NA,NA
199.022,2.3026,34.0272,1.3562,40.2598,NA,NA,NA,NA,NA,NA,NA,NA,NA,NA,NA,NA
199.123,2.2964,33.6646,1.3559,40.2365,NA,NA,NA,NA,NA,NA,NA,NA,NA,NA,NA,NA
199.231,2.2930,33.4660,1.3546,40.0943,NA,NA,NA,NA,NA,NA,NA,NA,NA,NA,NA,NA
199.318,2.2951,33.5881,1.3544,40.0761,NA,NA,NA,NA,NA,NA,NA,NA,NA,NA,NA,NA
199.422,2.2951,33.5881,1.3524,39.8754,NA,NA,NA,NA,NA,NA,NA,NA,NA,NA,NA,NA
199.532,2.2917,33.3912,1.3510,39.7258,NA,NA,NA,NA,NA,NA,NA,NA,NA,NA,NA,NA
199.618,2.2917,33.3912,1.3499,39.6088,NA,NA,NA,NA,NA,NA,NA,NA,NA,NA,NA,NA
199.711,2.2847,32.9850,1.3482,39.4366,NA,NA,NA,NA,NA,NA,NA,NA,NA,NA,NA,NA
199.816,2.2754,32.4404,1.3471,39.3254,NA,NA,NA,NA,NA,NA,NA,NA,NA,NA,NA,NA
199.902,2.2703,32.1461,1.3452,39.1259,NA,NA,NA,NA,NA,NA,NA,NA,NA,NA,NA,NA
200.072,2.2661,31.8993,1.3432,38.9139,NA,NA,NA,NA,NA,NA,NA,NA,NA,NA,NA,NA
200.104,2.2655,31.8632,1.3395,38.5380,NA,NA,NA,NA,NA,NA,NA,NA,NA,NA,NA,NA
200.200,2.2628,31.7100,1.3382,38.4065,NA,NA,NA,NA,NA,NA,NA,NA,NA,NA,NA,NA
200.300,2.2628,31.7100,1.3367,38.2468,NA,NA,NA,NA,NA,NA,NA,NA,NA,NA,NA,NA
200.398,2.2574,31.3917,1.3343,37.9974,NA,NA,NA,NA,NA,NA,NA,NA,NA,NA,NA,NA
200.502,2.2574,31.3917,1.3315,37.7092,NA,NA,NA,NA,NA,NA,NA,NA,NA,NA,NA,NA
200.592,2.2519,31.0713,1.3311,37.6665,NA,NA,NA,NA,NA,NA,NA,NA,NA,NA,NA,NA
200.750,2.2456,30.7066,1.3308,37.6403,NA,NA,NA,NA,NA,NA,NA,NA,NA,NA,NA,NA
200.792,2.2399,30.3735,1.3292,37.4715,NA,NA,NA,NA,NA,NA,NA,NA,NA,NA,NA,NA
200.885,2.2543,31.2144,1.3295,37.4988,NA,NA,NA,NA,NA,NA,NA,NA,NA,NA,NA,NA
200.985,2.2599,31.5386,1.3305,37.6077,NA,NA,NA,NA,NA,NA,NA,NA,NA,NA,NA,NA
201.079,2.2961,33.6465,1.3342,37.9902,NA,NA,NA,NA,NA,NA,NA,NA,NA,NA,NA,NA
201.184,2.3061,34.2317,1.3381,38.3894,NA,NA,NA,NA,NA,NA,NA,NA,NA,NA,NA,NA
201.280,2.3235,35.2422,1.3435,38.9494,NA,NA,NA,NA,NA,NA,NA,NA,NA,NA,NA,NA
201.384,2.3355,35.9409,1.3483,39.4423,NA,NA,NA,NA,NA,NA,NA,NA,NA,NA,NA,NA
201.477,2.3573,37.2079,1.3520,39.8264,NA,NA,NA,NA,NA,NA,NA,NA,NA,NA,NA,NA
201.570,2.3709,37.9983,1.3560,40.2421,NA,NA,NA,NA,NA,NA,NA,NA,NA,NA,NA,NA
201.674,2.3862,38.8939,1.3621,40.8753,NA,NA,NA,NA,NA,NA,NA,NA,NA,NA,NA,NA
201.768,2.4174,40.7071,1.3712,41.8149,NA,NA,NA,NA,NA,NA,NA,NA,NA,NA,NA,NA
201.944,2.4246,41.1242,1.3824,42.9710,NA,NA,NA,NA,NA,NA,NA,NA,NA,NA,NA,NA
201.966,2.4394,41.9862,1.3890,43.6601,NA,NA,NA,NA,NA,NA,NA,NA,NA,NA,NA,NA
202.069,2.4409,42.0749,1.3987,44.6545,NA,NA,NA,NA,NA,NA,NA,NA,NA,NA,NA,NA
202.155,2.4600,43.1855,1.4036,45.1622,NA,NA,NA,NA,NA,NA,NA,NA,NA,NA,NA,NA
202.255,2.4690,43.7081,1.4085,45.6772,NA,NA,NA,NA,NA,NA,NA,NA,NA,NA,NA,NA
202.364,2.4750,44.0579,1.4115,45.9872,NA,NA,NA,NA,NA,NA,NA,NA,NA,NA,NA,NA
202.464,2.4858,44.6895,1.4160,46.4518,NA,NA,NA,NA,NA,NA,NA,NA,NA,NA,NA,NA
202.557,2.4878,44.8041,1.4219,47.0636,NA,NA,NA,NA,NA,NA,NA,NA,NA,NA,NA,NA
202.648,2.4969,45.3337,1.4245,47.3306,NA,NA,NA,NA,NA,NA,NA,NA,NA,NA,NA,NA
202.746,2.4969,45.3337,1.4256,47.4362,NA,NA,NA,NA,NA,NA,NA,NA,NA,NA,NA,NA
202.840,2.4933,45.1234,1.4256,47.4362,NA,NA,NA,NA,NA,NA,NA,NA,NA,NA,NA,NA
202.944,2.4831,44.5331,1.4250,47.3829,NA,NA,NA,NA,NA,NA,NA,NA,NA,NA,NA,NA
203.070,2.4808,44.3969,1.4245,47.3252,NA,NA,NA,NA,NA,NA,NA,NA,NA,NA,NA,NA
203.134,2.4757,44.1026,1.4202,46.8863,NA,NA,NA,NA,NA,NA,NA,NA,NA,NA,NA,NA
203.232,2.4610,43.2452,1.4148,46.3245,NA,NA,NA,NA,NA,NA,NA,NA,NA,NA,NA,NA
203.342,2.4339,41.6666,1.4093,45.7513,NA,NA,NA,NA,NA,NA,NA,NA,NA,NA,NA,NA
203.430,2.4287,41.3632,1.4029,45.0974,NA,NA,NA,NA,NA,NA,NA,NA,NA,NA,NA,NA
203.535,2.4126,40.4266,1.3964,44.4264,NA,NA,NA,NA,NA,NA,NA,NA,NA,NA,NA,NA
203.691,2.3963,39.4811,1.3938,44.1488,NA,NA,NA,NA,NA,NA,NA,NA,NA,NA,NA,NA
203.719,2.3750,38.2370,1.3878,43.5274,NA,NA,NA,NA,NA,NA,NA,NA,NA,NA,NA,NA
203.824,2.3734,38.1469,1.3839,43.1233,NA,NA,NA,NA,NA,NA,NA,NA,NA,NA,NA,NA
203.919,2.3737,38.1623,1.3824,42.9751,NA,NA,NA,NA,NA,NA,NA,NA,NA,NA,NA,NA
204.019,2.3737,38.1623,1.3800,42.7287,NA,NA,NA,NA,NA,NA,NA,NA,NA,NA,NA,NA
204.113,2.3662,37.7245,1.3768,42.3968,NA,NA,NA,NA,NA,NA,NA,NA,NA,NA,NA,NA
204.214,2.3621,37.4912,1.3753,42.2352,NA,NA,NA,NA,NA,NA,NA,NA,NA,NA,NA,NA
204.326,2.3601,37.3725,1.3740,42.1054,NA,NA,NA,NA,NA,NA,NA,NA,NA,NA,NA,NA
204.413,2.3550,37.0750,1.3739,42.0986,NA,NA,NA,NA,NA,NA,NA,NA,NA,NA,NA,NA
204.508,2.3526,36.9350,1.3704,41.7368,NA,NA,NA,NA,NA,NA,NA,NA,NA,NA,NA,NA
204.614,2.3531,36.9632,1.3694,41.6279,NA,NA,NA,NA,NA,NA,NA,NA,NA,NA,NA,NA
204.701,2.3531,36.9632,1.3686,41.5417,NA,NA,NA,NA,NA,NA,NA,NA,NA,NA,NA,NA
204.801,2.3421,36.3232,1.3672,41.4053,NA,NA,NA,NA,NA,NA,NA,NA,NA,NA,NA,NA
204.903,2.3400,36.2002,1.3661,41.2905,NA,NA,NA,NA,NA,NA,NA,NA,NA,NA,NA,NA
205.003,2.3375,36.0563,1.3655,41.2248,NA,NA,NA,NA,NA,NA,NA,NA,NA,NA,NA,NA
205.106,2.3278,35.4897,1.3641,41.0785,NA,NA,NA,NA,NA,NA,NA,NA,NA,NA,NA,NA
205.202,2.3278,35.4897,1.3624,40.9081,NA,NA,NA,NA,NA,NA,NA,NA,NA,NA,NA,NA
205.290,2.3263,35.4020,1.3608,40.7379,NA,NA,NA,NA,NA,NA,NA,NA,NA,NA,NA,NA
205.388,2.3263,35.4020,1.3590,40.5537,NA,NA,NA,NA,NA,NA,NA,NA,NA,NA,NA,NA
205.504,2.3238,35.2604,1.3580,40.4453,NA,NA,NA,NA,NA,NA,NA,NA,NA,NA,NA,NA
205.590,2.3238,35.2604,1.3573,40.3823,NA,NA,NA,NA,NA,NA,NA,NA,NA,NA,NA,NA
205.692,2.3204,35.0630,1.3558,40.2265,NA,NA,NA,NA,NA,NA,NA,NA,NA,NA,NA,NA
205.782,2.3131,34.6341,1.3556,40.2040,NA,NA,NA,NA,NA,NA,NA,NA,NA,NA,NA,NA
205.887,2.3123,34.5903,1.3556,40.2040,NA,NA,NA,NA,NA,NA,NA,NA,NA,NA,NA,NA
205.972,2.3104,34.4799,1.3550,40.1363,NA,NA,NA,NA,NA,NA,NA,NA,NA,NA,NA,NA
206.116,2.3102,34.4663,1.3548,40.1144,NA,NA,NA,NA,NA,NA,NA,NA,NA,NA,NA,NA
206.174,2.3092,34.4077,1.3541,40.0488,NA,NA,NA,NA,NA,NA,NA,NA,NA,NA,NA,NA
206.271,2.3092,34.4077,1.3536,39.9919,NA,NA,NA,NA,NA,NA,NA,NA,NA,NA,NA,NA
206.365,2.3070,34.2830,1.3535,39.9841,NA,NA,NA,NA,NA,NA,NA,NA,NA,NA,NA,NA
206.462,2.3058,34.2105,1.3529,39.9274,NA,NA,NA,NA,NA,NA,NA,NA,NA,NA,NA,NA
206.563,2.3042,34.1165,1.3516,39.7887,NA,NA,NA,NA,NA,NA,NA,NA,NA,NA,NA,NA
206.668,2.3017,33.9705,1.3503,39.6522,NA,NA,NA,NA,NA,NA,NA,NA,NA,NA,NA,NA
206.759,2.3015,33.9623,1.3495,39.5723,NA,NA,NA,NA,NA,NA,NA,NA,NA,NA,NA,NA
206.862,2.2955,33.6109,1.3490,39.5237,NA,NA,NA,NA,NA,NA,NA,NA,NA,NA,NA,NA
206.972,2.2911,33.3530,1.3478,39.3969,NA,NA,NA,NA,NA,NA,NA,NA,NA,NA,NA,NA
207.058,2.2845,32.9692,1.3465,39.2577,NA,NA,NA,NA,NA,NA,NA,NA,NA,NA,NA,NA
207.149,2.2845,32.9692,1.3463,39.2358,NA,NA,NA,NA,NA,NA,NA,NA,NA,NA,NA,NA
207.284,2.2785,32.6227,1.3459,39.1974,NA,NA,NA,NA,NA,NA,NA,NA,NA,NA,NA,NA
207.358,2.2785,32.6227,1.3435,38.9551,NA,NA,NA,NA,NA,NA,NA,NA,NA,NA,NA,NA
207.446,2.2780,32.5918,1.3429,38.8919,NA,NA,NA,NA,NA,NA,NA,NA,NA,NA,NA,NA
207.542,2.2778,32.5841,1.3414,38.7326,NA,NA,NA,NA,NA,NA,NA,NA,NA,NA,NA,NA
207.646,2.2752,32.4298,1.3412,38.7153,NA,NA,NA,NA,NA,NA,NA,NA,NA,NA,NA,NA
207.738,2.2599,31.5395,1.3412,38.7095,NA,NA,NA,NA,NA,NA,NA,NA,NA,NA,NA,NA
207.842,2.2592,31.4975,1.3404,38.6273,NA,NA,NA,NA,NA,NA,NA,NA,NA,NA,NA,NA
207.936,2.2603,31.5607,1.3396,38.5498,NA,NA,NA,NA,NA,NA,NA,NA,NA,NA,NA,NA
208.033,2.2603,31.5607,1.3387,38.4511,NA,NA,NA,NA,NA,NA,NA,NA,NA,NA,NA,NA
208.131,2.2572,31.3846,1.3374,38.3151,NA,NA,NA,NA,NA,NA,NA,NA,NA,NA,NA,NA
208.223,2.2572,31.3846,1.3359,38.1665,NA,NA,NA,NA,NA,NA,NA,NA,NA,NA,NA,NA
208.332,2.2564,31.3364,1.3356,38.1326,NA,NA,NA,NA,NA,NA,NA,NA,NA,NA,NA,NA
208.486,2.2564,31.3364,1.3354,38.1118,NA,NA,NA,NA,NA,NA,NA,NA,NA,NA,NA,NA
208.530,2.2541,31.2043,1.3330,37.8629,NA,NA,NA,NA,NA,NA,NA,NA,NA,NA,NA,NA
208.626,2.2538,31.1857,1.3328,37.8472,NA,NA,NA,NA,NA,NA,NA,NA,NA,NA,NA,NA
208.719,2.2538,31.1857,1.3329,37.8510,NA,NA,NA,NA,NA,NA,NA,NA,NA,NA,NA,NA
208.815,2.2540,31.1968,1.3329,37.8510,NA,NA,NA,NA,NA,NA,NA,NA,NA,NA,NA,NA
208.910,2.2540,31.1968,1.3330,37.8665,NA,NA,NA,NA,NA,NA,NA,NA,NA,NA,NA,NA
209.007,2.2514,31.0423,1.3330,37.8665,NA,NA,NA,NA,NA,NA,NA,NA,NA,NA,NA,NA
209.112,2.2514,31.0423,1.3299,37.5449,NA,NA,NA,NA,NA,NA,NA,NA,NA,NA,NA,NA
209.204,2.2490,30.9031,1.3292,37.4669,NA,NA,NA,NA,NA,NA,NA,NA,NA,NA,NA,NA
209.308,2.2478,30.8337,1.3292,37.4669,NA,NA,NA,NA,NA,NA,NA,NA,NA,NA,NA,NA
209.400,2.2413,30.4570,1.3283,37.3809,NA,NA,NA,NA,NA,NA,NA,NA,NA,NA,NA,NA
209.502,2.2414,30.4641,1.3272,37.2669,NA,NA,NA,NA,NA,NA,NA,NA,NA,NA,NA,NA
209.606,2.2414,30.4641,1.3272,37.2669,NA,NA,NA,NA,NA,NA,NA,NA,NA,NA,NA,NA
209.735,2.2390,30.3233,1.3265,37.1936,NA,NA,NA,NA,NA,NA,NA,NA,NA,NA,NA,NA
209.790,2.2390,30.3233,1.3257,37.1060,NA,NA,NA,NA,NA,NA,NA,NA,NA,NA,NA,NA
209.893,2.2275,29.6559,1.3248,37.0205,NA,NA,NA,NA,NA,NA,NA,NA,NA,NA,NA,NA
209.989,2.2226,29.3716,1.3249,37.0285,NA,NA,NA,NA,NA,NA,NA,NA,NA,NA,NA,NA
210.086,2.2236,29.4281,1.3249,37.0285,NA,NA,NA,NA,NA,NA,NA,NA,NA,NA,NA,NA
210.192,2.2236,29.4281,1.3249,37.0253,NA,NA,NA,NA,NA,NA,NA,NA,NA,NA,NA,NA
210.350,2.2226,29.3693,1.3246,36.9906,NA,NA,NA,NA,NA,NA,NA,NA,NA,NA,NA,NA
210.388,2.2231,29.4001,1.3239,36.9217,NA,NA,NA,NA,NA,NA,NA,NA,NA,NA,NA,NA
210.479,2.2234,29.4139,1.3223,36.7527,NA,NA,NA,NA,NA,NA,NA,NA,NA,NA,NA,NA
210.582,2.2244,29.4753,1.3216,36.6876,NA,NA,NA,NA,NA,NA,NA,NA,NA,NA,NA,NA
210.676,2.2244,29.4753,1.3202,36.5409,NA,NA,NA,NA,NA,NA,NA,NA,NA,NA,NA,NA
210.771,2.2199,29.2132,1.3202,36.5409,NA,NA,NA,NA,NA,NA,NA,NA,NA,NA,NA,NA
210.885,2.2199,29.2132,1.3177,36.2817,NA,NA,NA,NA,NA,NA,NA,NA,NA,NA,NA,NA
210.966,2.2166,29.0205,1.3177,36.2817,NA,NA,NA,NA,NA,NA,NA,NA,NA,NA,NA,NA
211.066,2.2178,29.0890,1.3171,36.2145,NA,NA,NA,NA,NA,NA,NA,NA,NA,NA,NA,NA
211.174,2.2178,29.0890,1.3171,36.2216,NA,NA,NA,NA,NA,NA,NA,NA,NA,NA,NA,NA
211.268,2.2160,28.9817,1.3171,36.2216,NA,NA,NA,NA,NA,NA,NA,NA,NA,NA,NA,NA
211.365,2.2160,28.9817,1.3170,36.2060,NA,NA,NA,NA,NA,NA,NA,NA,NA,NA,NA,NA
211.518,2.2143,28.8874,1.3170,36.2060,NA,NA,NA,NA,NA,NA,NA,NA,NA,NA,NA,NA
211.553,2.2130,28.8123,1.3149,35.9944,NA,NA,NA,NA,NA,NA,NA,NA,NA,NA,NA,NA
211.655,2.2104,28.6559,1.3149,35.9944,NA,NA,NA,NA,NA,NA,NA,NA,NA,NA,NA,NA
211.749,2.2137,28.8517,1.3145,35.9485,NA,NA,NA,NA,NA,NA,NA,NA,NA,NA,NA,NA
211.850,2.2137,28.8517,1.3131,35.8055,NA,NA,NA,NA,NA,NA,NA,NA,NA,NA,NA,NA
211.947,2.2065,28.4304,1.3130,35.8002,NA,NA,NA,NA,NA,NA,NA,NA,NA,NA,NA,NA
212.080,2.2065,28.4304,1.3112,35.6100,NA,NA,NA,NA,NA,NA,NA,NA,NA,NA,NA,NA
212.149,2.2047,28.3274,1.3108,35.5674,NA,NA,NA,NA,NA,NA,NA,NA,NA,NA,NA,NA
212.240,2.2042,28.2995,1.3104,35.5314,NA,NA,NA,NA,NA,NA,NA,NA,NA,NA,NA,NA
212.343,2.1955,27.7935,1.3092,35.3998,NA,NA,NA,NA,NA,NA,NA,NA,NA,NA,NA,NA
212.442,2.1918,27.5752,1.3092,35.3998,NA,NA,NA,NA,NA,NA,NA,NA,NA,NA,NA,NA
212.536,2.1888,27.3997,1.3074,35.2206,NA,NA,NA,NA,NA,NA,NA,NA,NA,NA,NA,NA
212.640,2.1925,27.6163,1.3057,35.0416,NA,NA,NA,NA,NA,NA,NA,NA,NA,NA,NA,NA
212.733,2.2028,28.2135,1.3068,35.1590,NA,NA,NA,NA,NA,NA,NA,NA,NA,NA,NA,NA
212.833,2.2149,28.9213,1.3122,35.7089,NA,NA,NA,NA,NA,NA,NA,NA,NA,NA,NA,NA
212.926,2.2322,29.9254,1.3166,36.1701,NA,NA,NA,NA,NA,NA,NA,NA,NA,NA,NA,NA
213.032,2.2608,31.5946,1.3242,36.9520,NA,NA,NA,NA,NA,NA,NA,NA,NA,NA,NA,NA
213.123,2.2885,33.2032,1.3302,37.5733,NA,NA,NA,NA,NA,NA,NA,NA,NA,NA,NA,NA
213.250,2.3184,34.9429,1.3405,38.6401,NA,NA,NA,NA,NA,NA,NA,NA,NA,NA,NA,NA
213.317,2.3494,36.7503,1.3467,39.2817,NA,NA,NA,NA,NA,NA,NA,NA,NA,NA,NA,NA
213.428,2.3616,37.4574,1.3541,40.0419,NA,NA,NA,NA,NA,NA,NA,NA,NA,NA,NA,NA
213.519,2.3766,38.3335,1.3590,40.5486,NA,NA,NA,NA,NA,NA,NA,NA,NA,NA,NA,NA
213.615,2.3863,38.8979,1.3671,41.3952,NA,NA,NA,NA,NA,NA,NA,NA,NA,NA,NA,NA
213.709,2.4057,40.0247,1.3743,42.1330,NA,NA,NA,NA,NA,NA,NA,NA,NA,NA,NA,NA
213.849,2.4135,40.4788,1.3819,42.9218,NA,NA,NA,NA,NA,NA,NA,NA,NA,NA,NA,NA
213.908,2.4359,41.7834,1.3860,43.3422,NA,NA,NA,NA,NA,NA,NA,NA,NA,NA,NA,NA
214.004,2.4451,42.3188,1.3923,43.9987,NA,NA,NA,NA,NA,NA,NA,NA,NA,NA,NA,NA
214.120,2.4623,43.3182,1.4006,44.8558,NA,NA,NA,NA,NA,NA,NA,NA,NA,NA,NA,NA
214.206,2.4688,43.6979,1.4046,45.2705,NA,NA,NA,NA,NA,NA,NA,NA,NA,NA,NA,NA
214.302,2.4799,44.3461,1.4107,45.8956,NA,NA,NA,NA,NA,NA,NA,NA,NA,NA,NA,NA
214.396,2.4854,44.6644,1.4154,46.3860,NA,NA,NA,NA,NA,NA,NA,NA,NA,NA,NA,NA
214.503,2.4882,44.8260,1.4228,47.1521,NA,NA,NA,NA,NA,NA,NA,NA,NA,NA,NA,NA
214.591,2.5012,45.5846,1.4262,47.5042,NA,NA,NA,NA,NA,NA,NA,NA,NA,NA,NA,NA
214.697,2.5012,45.5846,1.4301,47.9042,NA,NA,NA,NA,NA,NA,NA,NA,NA,NA,NA,NA
214.787,2.5168,46.4911,1.4337,48.2781,NA,NA,NA,NA,NA,NA,NA,NA,NA,NA,NA,NA
214.883,2.5168,46.4911,1.4350,48.4166,NA,NA,NA,NA,NA,NA,NA,NA,NA,NA,NA,NA
214.994,2.5164,46.4676,1.4350,48.4166,NA,NA,NA,NA,NA,NA,NA,NA,NA,NA,NA,NA
215.093,2.5136,46.3091,1.4345,48.3661,NA,NA,NA,NA,NA,NA,NA,NA,NA,NA,NA,NA
215.183,2.5077,45.9639,1.4342,48.3337,NA,NA,NA,NA,NA,NA,NA,NA,NA,NA,NA,NA
215.275,2.5014,45.5963,1.4341,48.3226,NA,NA,NA,NA,NA,NA,NA,NA,NA,NA,NA,NA
215.383,2.5009,45.5674,1.4331,48.2204,NA,NA,NA,NA,NA,NA,NA,NA,NA,NA,NA,NA
215.479,2.4849,44.6333,1.4325,48.1578,NA,NA,NA,NA,NA,NA,NA,NA,NA,NA,NA,NA
215.573,2.4750,44.0612,1.4307,47.9650,NA,NA,NA,NA,NA,NA,NA,NA,NA,NA,NA,NA
215.669,2.4664,43.5583,1.4251,47.3908,NA,NA,NA,NA,NA,NA,NA,NA,NA,NA,NA,NA
215.769,2.4630,43.3624,1.4173,46.5819,NA,NA,NA,NA,NA,NA,NA,NA,NA,NA,NA,NA
215.863,2.4507,42.6470,1.4138,46.2254,NA,NA,NA,NA,NA,NA,NA,NA,NA,NA,NA,NA
215.970,2.4390,41.9657,1.4119,46.0265,NA,NA,NA,NA,NA,NA,NA,NA,NA,NA,NA,NA
216.068,2.4213,40.9345,1.4091,45.7308,NA,NA,NA,NA,NA,NA,NA,NA,NA,NA,NA,NA
216.161,2.4203,40.8731,1.4083,45.6529,NA,NA,NA,NA,NA,NA,NA,NA,NA,NA,NA,NA
216.320,2.4193,40.8172,1.4074,45.5623,NA,NA,NA,NA,NA,NA,NA,NA,NA,NA,NA,NA
216.355,2.4111,40.3378,1.4026,45.0649,NA,NA,NA,NA,NA,NA,NA,NA,NA,NA,NA,NA
216.461,2.4098,40.2643,1.4003,44.8217,NA,NA,NA,NA,NA,NA,NA,NA,NA,NA,NA,NA
216.551,2.4040,39.9273,1.3994,44.7277,NA,NA,NA,NA,NA,NA,NA,NA,NA,NA,NA,NA
216.659,2.3993,39.6530,1.3983,44.6188,NA,NA,NA,NA,NA,NA,NA,NA,NA,NA,NA,NA
216.747,2.3904,39.1340,1.3969,44.4702,NA,NA,NA,NA,NA,NA,NA,NA,NA,NA,NA,NA
216.895,2.3858,38.8693,1.3969,44.4702,NA,NA,NA,NA,NA,NA,NA,NA,NA,NA,NA,NA
216.934,2.3823,38.6643,1.3937,44.1413,NA,NA,NA,NA,NA,NA,NA,NA,NA,NA,NA,NA
217.042,2.3793,38.4873,1.3922,43.9818,NA,NA,NA,NA,NA,NA,NA,NA,NA,NA,NA,NA
217.135,2.3761,38.3034,1.3885,43.6036,NA,NA,NA,NA,NA,NA,NA,NA,NA,NA,NA,NA
217.236,2.3630,37.5392,1.3867,43.4210,NA,NA,NA,NA,NA,NA,NA,NA,NA,NA,NA,NA
217.334,2.3580,37.2485,1.3834,43.0803,NA,NA,NA,NA,NA,NA,NA,NA,NA,NA,NA,NA
217.465,2.3479,36.6627,1.3792,42.6394,NA,NA,NA,NA,NA,NA,NA,NA,NA,NA,NA,NA
217.532,2.3331,35.8005,1.3773,42.4447,NA,NA,NA,NA,NA,NA,NA,NA,NA,NA,NA,NA
217.627,2.3421,36.3255,1.3779,42.5113,NA,NA,NA,NA,NA,NA,NA,NA,NA,NA,NA,NA
217.726,2.3676,37.8090,1.3829,43.0204,NA,NA,NA,NA,NA,NA,NA,NA,NA,NA,NA,NA
217.828,2.3766,38.3296,1.3886,43.6121,NA,NA,NA,NA,NA,NA,NA,NA,NA,NA,NA,NA
217.921,2.4032,39.8811,1.3950,44.2752,NA,NA,NA,NA,NA,NA,NA,NA,NA,NA,NA,NA
218.025,2.4136,40.4861,1.4039,45.1998,NA,NA,NA,NA,NA,NA,NA,NA,NA,NA,NA,NA
218.116,2.4195,40.8298,1.4078,45.6041,NA,NA,NA,NA,NA,NA,NA,NA,NA,NA,NA,NA
218.218,2.4196,40.8342,1.4120,46.0382,NA,NA,NA,NA,NA,NA,NA,NA,NA,NA,NA,NA
218.312,2.4196,40.8342,1.4120,46.0382,NA,NA,NA,NA,NA,NA,NA,NA,NA,NA,NA,NA
218.410,2.4170,40.6859,1.4120,46.0330,NA,NA,NA,NA,NA,NA,NA,NA,NA,NA,NA,NA
218.515,2.4170,40.6859,1.4111,45.9396,NA,NA,NA,NA,NA,NA,NA,NA,NA,NA,NA,NA
218.609,2.4055,40.0135,1.4102,45.8501,NA,NA,NA,NA,NA,NA,NA,NA,NA,NA,NA,NA
218.699,2.4055,40.0135,1.4102,45.8433,NA,NA,NA,NA,NA,NA,NA,NA,NA,NA,NA,NA
218.821,2.3970,39.5181,1.4089,45.7116,NA,NA,NA,NA,NA,NA,NA,NA,NA,NA,NA,NA
218.906,2.3821,38.6510,1.4039,45.2018,NA,NA,NA,NA,NA,NA,NA,NA,NA,NA,NA,NA
218.999,2.3662,37.7258,1.3988,44.6743,NA,NA,NA,NA,NA,NA,NA,NA,NA,NA,NA,NA
219.099,2.3566,37.1708,1.3964,44.4217,NA,NA,NA,NA,NA,NA,NA,NA,NA,NA,NA,NA
219.231,2.3544,37.0426,1.3927,44.0417,NA,NA,NA,NA,NA,NA,NA,NA,NA,NA,NA,NA
219.287,2.3438,36.4203,1.3903,43.7901,NA,NA,NA,NA,NA,NA,NA,NA,NA,NA,NA,NA
219.380,2.3438,36.4203,1.3878,43.5313,NA,NA,NA,NA,NA,NA,NA,NA,NA,NA,NA,NA
219.495,2.3428,36.3657,1.3856,43.3009,NA,NA,NA,NA,NA,NA,NA,NA,NA,NA,NA,NA
219.584,2.3428,36.3657,1.3841,43.1532,NA,NA,NA,NA,NA,NA,NA,NA,NA,NA,NA,NA
219.688,2.3315,35.7073,1.3827,42.9999,NA,NA,NA,NA,NA,NA,NA,NA,NA,NA,NA,NA
219.781,2.3272,35.4567,1.3801,42.7352,NA,NA,NA,NA,NA,NA,NA,NA,NA,NA,NA,NA
219.909,2.3164,34.8264,1.3787,42.5945,NA,NA,NA,NA,NA,NA,NA,NA,NA,NA,NA,NA
219.990,2.3163,34.8202,1.3782,42.5426,NA,NA,NA,NA,NA,NA,NA,NA,NA,NA,NA,NA
220.077,2.3150,34.7478,1.3746,42.1703,NA,NA,NA,NA,NA,NA,NA,NA,NA,NA,NA,NA
220.182,2.3083,34.3587,1.3726,41.9555,NA,NA,NA,NA,NA,NA,NA,NA,NA,NA,NA,NA
220.273,2.3083,34.3587,1.3679,41.4753,NA,NA,NA,NA,NA,NA,NA,NA,NA,NA,NA,NA
220.364,2.3037,34.0864,1.3665,41.3297,NA,NA,NA,NA,NA,NA,NA,NA,NA,NA,NA,NA
220.489,2.3037,34.0864,1.3670,41.3834,NA,NA,NA,NA,NA,NA,NA,NA,NA,NA,NA,NA
220.562,2.3048,34.1510,1.3670,41.3834,NA,NA,NA,NA,NA,NA,NA,NA,NA,NA,NA,NA
220.662,2.3048,34.1510,1.3658,41.2541,NA,NA,NA,NA,NA,NA,NA,NA,NA,NA,NA,NA
220.761,2.3009,33.9250,1.3635,41.0150,NA,NA,NA,NA,NA,NA,NA,NA,NA,NA,NA,NA
220.860,2.3009,33.9250,1.3627,40.9405,NA,NA,NA,NA,NA,NA,NA,NA,NA,NA,NA,NA
220.960,2.2826,32.8604,1.3622,40.8861,NA,NA,NA,NA,NA,NA,NA,NA,NA,NA,NA,NA
221.113,2.2776,32.5707,1.3600,40.6543,NA,NA,NA,NA,NA,NA,NA,NA,NA,NA,NA,NA
221.179,2.2764,32.4996,1.3585,40.5019,NA,NA,NA,NA,NA,NA,NA,NA,NA,NA,NA,NA
221.247,2.2776,32.5711,1.3575,40.3974,NA,NA,NA,NA,NA,NA,NA,NA,NA,NA,NA,NA
221.354,2.2776,32.5711,1.3567,40.3179,NA,NA,NA,NA,NA,NA,NA,NA,NA,NA,NA,NA
221.451,2.2829,32.8799,1.3560,40.2391,NA,NA,NA,NA,NA,NA,NA,NA,NA,NA,NA,NA
221.541,2.2829,32.8799,1.3554,40.1805,NA,NA,NA,NA,NA,NA,NA,NA,NA,NA,NA,NA
221.644,2.2768,32.5255,1.3539,40.0278,NA,NA,NA,NA,NA,NA,NA,NA,NA,NA,NA,NA
221.742,2.2791,32.6547,1.3533,39.9618,NA,NA,NA,NA,NA,NA,NA,NA,NA,NA,NA,NA
221.839,2.2869,33.1116,1.3567,40.3134,NA,NA,NA,NA,NA,NA,NA,NA,NA,NA,NA,NA
221.933,2.3022,34.0025,1.3615,40.8069,NA,NA,NA,NA,NA,NA,NA,NA,NA,NA,NA,NA
222.034,2.3126,34.6047,1.3641,41.0844,NA,NA,NA,NA,NA,NA,NA,NA,NA,NA,NA,NA
222.131,2.3391,36.1489,1.3696,41.6474,NA,NA,NA,NA,NA,NA,NA,NA,NA,NA,NA,NA
222.274,2.3467,36.5921,1.3775,42.4639,NA,NA,NA,NA,NA,NA,NA,NA,NA,NA,NA,NA
222.331,2.3789,38.4675,1.3829,43.0235,NA,NA,NA,NA,NA,NA,NA,NA,NA,NA,NA,NA
222.420,2.3873,38.9528,1.3871,43.4589,NA,NA,NA,NA,NA,NA,NA,NA,NA,NA,NA,NA
222.527,2.4001,39.7028,1.3902,43.7795,NA,NA,NA,NA,NA,NA,NA,NA,NA,NA,NA,NA
222.617,2.4075,40.1301,1.3958,44.3637,NA,NA,NA,NA,NA,NA,NA,NA,NA,NA,NA,NA
222.719,2.4138,40.4958,1.4047,45.2840,NA,NA,NA,NA,NA,NA,NA,NA,NA,NA,NA,NA
222.824,2.4288,41.3724,1.4118,46.0139,NA,NA,NA,NA,NA,NA,NA,NA,NA,NA,NA,NA
222.924,2.4338,41.6621,1.4164,46.4947,NA,NA,NA,NA,NA,NA,NA,NA,NA,NA,NA,NA
223.013,2.4514,42.6891,1.4228,47.1526,NA,NA,NA,NA,NA,NA,NA,NA,NA,NA,NA,NA
223.114,2.4554,42.9189,1.4290,47.7927,NA,NA,NA,NA,NA,NA,NA,NA,NA,NA,NA,NA
223.204,2.4623,43.3195,1.4346,48.3698,NA,NA,NA,NA,NA,NA,NA,NA,NA,NA,NA,NA
223.302,2.4627,43.3412,1.4369,48.6122,NA,NA,NA,NA,NA,NA,NA,NA,NA,NA,NA,NA
223.410,2.4675,43.6214,1.4387,48.8010,NA,NA,NA,NA,NA,NA,NA,NA,NA,NA,NA,NA
223.541,2.4675,43.6214,1.4395,48.8765,NA,NA,NA,NA,NA,NA,NA,NA,NA,NA,NA,NA
223.612,2.4656,43.5142,1.4415,49.0881,NA,NA,NA,NA,NA,NA,NA,NA,NA,NA,NA,NA
223.700,2.4675,43.6225,1.4425,49.1885,NA,NA,NA,NA,NA,NA,NA,NA,NA,NA,NA,NA
223.793,2.4675,43.6225,1.4438,49.3271,NA,NA,NA,NA,NA,NA,NA,NA,NA,NA,NA,NA
223.901,2.4608,43.2358,1.4438,49.3271,NA,NA,NA,NA,NA,NA,NA,NA,NA,NA,NA,NA
223.994,2.4575,43.0395,1.4434,49.2798,NA,NA,NA,NA,NA,NA,NA,NA,NA,NA,NA,NA
224.109,2.4565,42.9843,1.4407,49.0015,NA,NA,NA,NA,NA,NA,NA,NA,NA,NA,NA,NA
224.183,2.4500,42.6064,1.4391,48.8395,NA,NA,NA,NA,NA,NA,NA,NA,NA,NA,NA,NA
224.281,2.4498,42.5921,1.4357,48.4885,NA,NA,NA,NA,NA,NA,NA,NA,NA,NA,NA,NA
224.386,2.4383,41.9251,1.4334,48.2478,NA,NA,NA,NA,NA,NA,NA,NA,NA,NA,NA,NA
224.477,2.4333,41.6335,1.4271,47.5947,NA,NA,NA,NA,NA,NA,NA,NA,NA,NA,NA,NA
224.579,2.4197,40.8394,1.4244,47.3121,NA,NA,NA,NA,NA,NA,NA,NA,NA,NA,NA,NA
224.690,2.4174,40.7068,1.4217,47.0337,NA,NA,NA,NA,NA,NA,NA,NA,NA,NA,NA,NA
224.774,2.4028,39.8559,1.4206,46.9240,NA,NA,NA,NA,NA,NA,NA,NA,NA,NA,NA,NA
224.890,2.3934,39.3122,1.4164,46.4936,NA,NA,NA,NA,NA,NA,NA,NA,NA,NA,NA,NA
224.981,2.3900,39.1138,1.4139,46.2337,NA,NA,NA,NA,NA,NA,NA,NA,NA,NA,NA,NA
225.068,2.3870,38.9400,1.4121,46.0447,NA,NA,NA,NA,NA,NA,NA,NA,NA,NA,NA,NA
225.167,2.3853,38.8410,1.4110,45.9284,NA,NA,NA,NA,NA,NA,NA,NA,NA,NA,NA,NA
225.294,2.3890,39.0525,1.4080,45.6258,NA,NA,NA,NA,NA,NA,NA,NA,NA,NA,NA,NA
225.358,2.3890,39.0525,1.4064,45.4535,NA,NA,NA,NA,NA,NA,NA,NA,NA,NA,NA,NA
225.467,2.3678,37.8187,1.4038,45.1841,NA,NA,NA,NA,NA,NA,NA,NA,NA,NA,NA,NA
225.561,2.3637,37.5833,1.4036,45.1657,NA,NA,NA,NA,NA,NA,NA,NA,NA,NA,NA,NA
225.659,2.3605,37.3950,1.3994,44.7298,NA,NA,NA,NA,NA,NA,NA,NA,NA,NA,NA,NA
225.755,2.3595,37.3386,1.3977,44.5533,NA,NA,NA,NA,NA,NA,NA,NA,NA,NA,NA,NA
225.872,2.3593,37.3232,1.3969,44.4740,NA,NA,NA,NA,NA,NA,NA,NA,NA,NA,NA,NA
225.949,2.3556,37.1120,1.3952,44.2962,NA,NA,NA,NA,NA,NA,NA,NA,NA,NA,NA,NA
226.042,2.3548,37.0610,1.3931,44.0841,NA,NA,NA,NA,NA,NA,NA,NA,NA,NA,NA,NA
226.141,2.3533,36.9762,1.3925,44.0148,NA,NA,NA,NA,NA,NA,NA,NA,NA,NA,NA,NA
226.250,2.3518,36.8870,1.3920,43.9689,NA,NA,NA,NA,NA,NA,NA,NA,NA,NA,NA,NA
226.347,2.3451,36.4982,1.3915,43.9185,NA,NA,NA,NA,NA,NA,NA,NA,NA,NA,NA,NA
226.441,2.3451,36.4982,1.3892,43.6722,NA,NA,NA,NA,NA,NA,NA,NA,NA,NA,NA,NA
226.539,2.3410,36.2601,1.3880,43.5570,NA,NA,NA,NA,NA,NA,NA,NA,NA,NA,NA,NA
226.629,2.3396,36.1785,1.3854,43.2832,NA,NA,NA,NA,NA,NA,NA,NA,NA,NA,NA,NA
226.727,2.3342,35.8669,1.3841,43.1501,NA,NA,NA,NA,NA,NA,NA,NA,NA,NA,NA,NA
226.834,2.3342,35.8669,1.3841,43.1501,NA,NA,NA,NA,NA,NA,NA,NA,NA,NA,NA,NA
226.929,2.3274,35.4686,1.3832,43.0593,NA,NA,NA,NA,NA,NA,NA,NA,NA,NA,NA,NA
227.020,2.3283,35.5220,1.3827,43.0086,NA,NA,NA,NA,NA,NA,NA,NA,NA,NA,NA,NA
227.139,2.3283,35.5220,1.3818,42.9112,NA,NA,NA,NA,NA,NA,NA,NA,NA,NA,NA,NA
227.226,2.3259,35.3840,1.3816,42.8866,NA,NA,NA,NA,NA,NA,NA,NA,NA,NA,NA,NA
227.323,2.3259,35.3840,1.3808,42.8078,NA,NA,NA,NA,NA,NA,NA,NA,NA,NA,NA,NA
227.430,2.3230,35.2101,1.3800,42.7208,NA,NA,NA,NA,NA,NA,NA,NA,NA,NA,NA,NA
227.523,2.3230,35.2101,1.3795,42.6769,NA,NA,NA,NA,NA,NA,NA,NA,NA,NA,NA,NA
227.619,2.3126,34.6046,1.3771,42.4211,NA,NA,NA,NA,NA,NA,NA,NA,NA,NA,NA,NA
227.718,2.3087,34.3800,1.3765,42.3675,NA,NA,NA,NA,NA,NA,NA,NA,NA,NA,NA,NA
227.811,2.3098,34.4461,1.3761,42.3197,NA,NA,NA,NA,NA,NA,NA,NA,NA,NA,NA,NA
227.902,2.3250,35.3318,1.3761,42.3197,NA,NA,NA,NA,NA,NA,NA,NA,NA,NA,NA,NA
228.001,2.3353,35.9278,1.3817,42.8974,NA,NA,NA,NA,NA,NA,NA,NA,NA,NA,NA,NA
228.100,2.3588,37.2950,1.3846,43.2031,NA,NA,NA,NA,NA,NA,NA,NA,NA,NA,NA,NA
228.211,2.3684,37.8561,1.3939,44.1653,NA,NA,NA,NA,NA,NA,NA,NA,NA,NA,NA,NA
228.305,2.3826,38.6813,1.4035,45.1537,NA,NA,NA,NA,NA,NA,NA,NA,NA,NA,NA,NA
228.393,2.4004,39.7150,1.4099,45.8142,NA,NA,NA,NA,NA,NA,NA,NA,NA,NA,NA,NA
228.492,2.4214,40.9379,1.4175,46.6008,NA,NA,NA,NA,NA,NA,NA,NA,NA,NA,NA,NA
228.589,2.4545,42.8681,1.4257,47.4527,NA,NA,NA,NA,NA,NA,NA,NA,NA,NA,NA,NA
228.690,2.4665,43.5625,1.4337,48.2774,NA,NA,NA,NA,NA,NA,NA,NA,NA,NA,NA,NA
228.790,2.4838,44.5699,1.4413,49.0619,NA,NA,NA,NA,NA,NA,NA,NA,NA,NA,NA,NA
228.888,2.4912,45.0005,1.4526,50.2291,NA,NA,NA,NA,NA,NA,NA,NA,NA,NA,NA,NA
228.982,2.5113,46.1727,1.4578,50.7706,NA,NA,NA,NA,NA,NA,NA,NA,NA,NA,NA,NA
229.079,2.5199,46.6760,1.4655,51.5700,NA,NA,NA,NA,NA,NA,NA,NA,NA,NA,NA,NA
229.179,2.5349,47.5464,1.4724,52.2860,NA,NA,NA,NA,NA,NA,NA,NA,NA,NA,NA,NA
229.275,2.5499,48.4191,1.4783,52.8907,NA,NA,NA,NA,NA,NA,NA,NA,NA,NA,NA,NA
229.372,2.5606,49.0433,1.4840,53.4810,NA,NA,NA,NA,NA,NA,NA,NA,NA,NA,NA,NA
229.510,2.5783,50.0747,1.4897,54.0666,NA,NA,NA,NA,NA,NA,NA,NA,NA,NA,NA,NA
229.575,2.5851,50.4658,1.4967,54.7967,NA,NA,NA,NA,NA,NA,NA,NA,NA,NA,NA,NA
229.684,2.6086,51.8368,1.5006,55.1928,NA,NA,NA,NA,NA,NA,NA,NA,NA,NA,NA,NA
229.766,2.6086,51.8368,1.5089,56.0610,NA,NA,NA,NA,NA,NA,NA,NA,NA,NA,NA,NA
229.859,2.6260,52.8496,1.5150,56.6897,NA,NA,NA,NA,NA,NA,NA,NA,NA,NA,NA,NA
229.961,2.6318,53.1878,1.5184,57.0341,NA,NA,NA,NA,NA,NA,NA,NA,NA,NA,NA,NA
230.076,2.6319,53.1897,1.5220,57.4082,NA,NA,NA,NA,NA,NA,NA,NA,NA,NA,NA,NA
230.157,2.6436,53.8717,1.5240,57.6147,NA,NA,NA,NA,NA,NA,NA,NA,NA,NA,NA,NA
230.259,2.6455,53.9843,1.5264,57.8636,NA,NA,NA,NA,NA,NA,NA,NA,NA,NA,NA,NA
230.353,2.6455,53.9843,1.5273,57.9624,NA,NA,NA,NA,NA,NA,NA,NA,NA,NA,NA,NA
230.448,2.6454,53.9808,1.5273,57.9624,NA,NA,NA,NA,NA,NA,NA,NA,NA,NA,NA,NA
230.559,2.6171,52.3333,1.5280,58.0336,NA,NA,NA,NA,NA,NA,NA,NA,NA,NA,NA,NA
230.646,2.6128,52.0791,1.5280,58.0336,NA,NA,NA,NA,NA,NA,NA,NA,NA,NA,NA,NA
230.742,2.6077,51.7864,1.5276,57.9924,NA,NA,NA,NA,NA,NA,NA,NA,NA,NA,NA,NA
230.842,2.5965,51.1333,1.5264,57.8712,NA,NA,NA,NA,NA,NA,NA,NA,NA,NA,NA,NA
230.949,2.5953,51.0627,1.5238,57.6000,NA,NA,NA,NA,NA,NA,NA,NA,NA,NA,NA,NA
231.042,2.5894,50.7163,1.5201,57.2139,NA,NA,NA,NA,NA,NA,NA,NA,NA,NA,NA,NA
231.136,2.5816,50.2645,1.5170,56.8908,NA,NA,NA,NA,NA,NA,NA,NA,NA,NA,NA,NA
231.239,2.5649,49.2942,1.5147,56.6543,NA,NA,NA,NA,NA,NA,NA,NA,NA,NA,NA,NA
231.350,2.5576,48.8691,1.5069,55.8517,NA,NA,NA,NA,NA,NA,NA,NA,NA,NA,NA,NA
231.436,2.5374,47.6897,1.5018,55.3242,NA,NA,NA,NA,NA,NA,NA,NA,NA,NA,NA,NA
231.536,2.5261,47.0368,1.4978,54.9099,NA,NA,NA,NA,NA,NA,NA,NA,NA,NA,NA,NA
231.624,2.5261,47.0368,1.4940,54.5166,NA,NA,NA,NA,NA,NA,NA,NA,NA,NA,NA,NA
231.732,2.5146,46.3665,1.4912,54.2214,NA,NA,NA,NA,NA,NA,NA,NA,NA,NA,NA,NA
231.823,2.5138,46.3179,1.4885,53.9440,NA,NA,NA,NA,NA,NA,NA,NA,NA,NA,NA,NA
231.917,2.5038,45.7375,1.4817,53.2446,NA,NA,NA,NA,NA,NA,NA,NA,NA,NA,NA,NA
232.012,2.5026,45.6639,1.4783,52.8936,NA,NA,NA,NA,NA,NA,NA,NA,NA,NA,NA,NA
232.121,2.4954,45.2488,1.4766,52.7153,NA,NA,NA,NA,NA,NA,NA,NA,NA,NA,NA,NA
232.218,2.4894,44.8963,1.4738,52.4291,NA,NA,NA,NA,NA,NA,NA,NA,NA,NA,NA,NA
232.310,2.4768,44.1661,1.4722,52.2585,NA,NA,NA,NA,NA,NA,NA,NA,NA,NA,NA,NA
232.414,2.4768,44.1661,1.4716,52.2019,NA,NA,NA,NA,NA,NA,NA,NA,NA,NA,NA,NA
232.502,2.4759,44.1121,1.4708,52.1135,NA,NA,NA,NA,NA,NA,NA,NA,NA,NA,NA,NA
232.601,2.4737,43.9834,1.4670,51.7252,NA,NA,NA,NA,NA,NA,NA,NA,NA,NA,NA,NA
232.702,2.4725,43.9167,1.4658,51.5951,NA,NA,NA,NA,NA,NA,NA,NA,NA,NA,NA,NA
232.801,2.4703,43.7864,1.4651,51.5272,NA,NA,NA,NA,NA,NA,NA,NA,NA,NA,NA,NA
232.912,2.4703,43.7864,1.4638,51.3880,NA,NA,NA,NA,NA,NA,NA,NA,NA,NA,NA,NA
232.997,2.4631,43.3678,1.4631,51.3213,NA,NA,NA,NA,NA,NA,NA,NA,NA,NA,NA,NA
233.135,2.4631,43.3678,1.4624,51.2506,NA,NA,NA,NA,NA,NA,NA,NA,NA,NA,NA,NA
233.197,2.4602,43.1972,1.4581,50.7996,NA,NA,NA,NA,NA,NA,NA,NA,NA,NA,NA,NA
233.294,2.4602,43.1972,1.4572,50.7045,NA,NA,NA,NA,NA,NA,NA,NA,NA,NA,NA,NA
233.386,2.4544,42.8613,1.4566,50.6425,NA,NA,NA,NA,NA,NA,NA,NA,NA,NA,NA,NA
233.486,2.4499,42.5967,1.4549,50.4686,NA,NA,NA,NA,NA,NA,NA,NA,NA,NA,NA,NA
233.582,2.4479,42.4801,1.4543,50.4047,NA,NA,NA,NA,NA,NA,NA,NA,NA,NA,NA,NA
233.739,2.4462,42.3828,1.4543,50.4047,NA,NA,NA,NA,NA,NA,NA,NA,NA,NA,NA,NA
233.779,2.4462,42.3828,1.4532,50.2971,NA,NA,NA,NA,NA,NA,NA,NA,NA,NA,NA,NA
233.880,2.4408,42.0704,1.4512,50.0923,NA,NA,NA,NA,NA,NA,NA,NA,NA,NA,NA,NA
233.970,2.4410,42.0823,1.4500,49.9679,NA,NA,NA,NA,NA,NA,NA,NA,NA,NA,NA,NA
234.073,2.4410,42.0823,1.4488,49.8457,NA,NA,NA,NA,NA,NA,NA,NA,NA,NA,NA,NA
234.169,2.4403,42.0375,1.4485,49.8112,NA,NA,NA,NA,NA,NA,NA,NA,NA,NA,NA,NA
234.265,2.4314,41.5207,1.4472,49.6746,NA,NA,NA,NA,NA,NA,NA,NA,NA,NA,NA,NA
234.362,2.4314,41.5207,1.4472,49.6720,NA,NA,NA,NA,NA,NA,NA,NA,NA,NA,NA,NA
234.461,2.4281,41.3272,1.4468,49.6317,NA,NA,NA,NA,NA,NA,NA,NA,NA,NA,NA,NA
234.563,2.4291,41.3855,1.4468,49.6317,NA,NA,NA,NA,NA,NA,NA,NA,NA,NA,NA,NA
234.658,2.4291,41.3855,1.4464,49.5930,NA,NA,NA,NA,NA,NA,NA,NA,NA,NA,NA,NA
234.765,2.4197,40.8426,1.4438,49.3270,NA,NA,NA,NA,NA,NA,NA,NA,NA,NA,NA,NA
234.925,2.4197,40.8426,1.4423,49.1640,NA,NA,NA,NA,NA,NA,NA,NA,NA,NA,NA,NA
234.954,2.4187,40.7843,1.4413,49.0677,NA,NA,NA,NA,NA,NA,NA,NA,NA,NA,NA,NA
235.052,2.4168,40.6707,1.4413,49.0634,NA,NA,NA,NA,NA,NA,NA,NA,NA,NA,NA,NA
235.155,2.4155,40.5947,1.4404,48.9708,NA,NA,NA,NA,NA,NA,NA,NA,NA,NA,NA,NA
235.246,2.4127,40.4312,1.4409,49.0201,NA,NA,NA,NA,NA,NA,NA,NA,NA,NA,NA,NA
235.359,2.4127,40.4312,1.4409,49.0201,NA,NA,NA,NA,NA,NA,NA,NA,NA,NA,NA,NA
235.489,2.4143,40.5295,1.4390,48.8250,NA,NA,NA,NA,NA,NA,NA,NA,NA,NA,NA,NA
235.541,2.4143,40.5295,1.4382,48.7420,NA,NA,NA,NA,NA,NA,NA,NA,NA,NA,NA,NA
235.635,2.4091,40.2252,1.4380,48.7269,NA,NA,NA,NA,NA,NA,NA,NA,NA,NA,NA,NA
235.738,2.4072,40.1138,1.4372,48.6424,NA,NA,NA,NA,NA,NA,NA,NA,NA,NA,NA,NA
235.839,2.4019,39.8072,1.4357,48.4900,NA,NA,NA,NA,NA,NA,NA,NA,NA,NA,NA,NA
235.928,2.4019,39.8072,1.4349,48.4048,NA,NA,NA,NA,NA,NA,NA,NA,NA,NA,NA,NA
236.087,2.4009,39.7483,1.4344,48.3501,NA,NA,NA,NA,NA,NA,NA,NA,NA,NA,NA,NA
236.126,2.4049,39.9811,1.4344,48.3501,NA,NA,NA,NA,NA,NA,NA,NA,NA,NA,NA,NA
236.231,2.4049,39.9811,1.4332,48.2321,NA,NA,NA,NA,NA,NA,NA,NA,NA,NA,NA,NA
236.325,2.4076,40.1393,1.4317,48.0745,NA,NA,NA,NA,NA,NA,NA,NA,NA,NA,NA,NA
236.421,2.4076,40.1393,1.4311,48.0097,NA,NA,NA,NA,NA,NA,NA,NA,NA,NA,NA,NA
236.523,2.4056,40.0194,1.4314,48.0383,NA,NA,NA,NA,NA,NA,NA,NA,NA,NA,NA,NA
236.621,2.3971,39.5254,1.4314,48.0383,NA,NA,NA,NA,NA,NA,NA,NA,NA,NA,NA,NA
236.724,2.3971,39.5254,1.4310,47.9983,NA,NA,NA,NA,NA,NA,NA,NA,NA,NA,NA,NA
236.810,2.3931,39.2913,1.4310,47.9983,NA,NA,NA,NA,NA,NA,NA,NA,NA,NA,NA,NA
236.920,2.3931,39.2913,1.4297,47.8647,NA,NA,NA,NA,NA,NA,NA,NA,NA,NA,NA,NA
237.009,2.3899,39.1076,1.4289,47.7777,NA,NA,NA,NA,NA,NA,NA,NA,NA,NA,NA,NA
237.108,2.3899,39.1076,1.4273,47.6169,NA,NA,NA,NA,NA,NA,NA,NA,NA,NA,NA,NA
237.261,2.3887,39.0341,1.4269,47.5764,NA,NA,NA,NA,NA,NA,NA,NA,NA,NA,NA,NA
237.305,2.3887,39.0341,1.4255,47.4319,NA,NA,NA,NA,NA,NA,NA,NA,NA,NA,NA,NA
237.398,2.3860,38.8818,1.4265,47.5319,NA,NA,NA,NA,NA,NA,NA,NA,NA,NA,NA,NA
237.500,2.3845,38.7897,1.4265,47.5319,NA,NA,NA,NA,NA,NA,NA,NA,NA,NA,NA,NA
237.601,2.3845,38.7897,1.4240,47.2752,NA,NA,NA,NA,NA,NA,NA,NA,NA,NA,NA,NA
237.692,2.3827,38.6884,1.4229,47.1595,NA,NA,NA,NA,NA,NA,NA,NA,NA,NA,NA,NA
237.799,2.3827,38.6884,1.4189,46.7437,NA,NA,NA,NA,NA,NA,NA,NA,NA,NA,NA,NA
237.894,2.3767,38.3392,1.4181,46.6704,NA,NA,NA,NA,NA,NA,NA,NA,NA,NA,NA,NA
237.990,2.3711,38.0101,1.4178,46.6320,NA,NA,NA,NA,NA,NA,NA,NA,NA,NA,NA,NA
238.088,2.3708,37.9976,1.4178,46.6359,NA,NA,NA,NA,NA,NA,NA,NA,NA,NA,NA,NA
238.183,2.3633,37.5578,1.4179,46.6453,NA,NA,NA,NA,NA,NA,NA,NA,NA,NA,NA,NA
238.287,2.3686,37.8661,1.4180,46.6565,NA,NA,NA,NA,NA,NA,NA,NA,NA,NA,NA,NA
238.380,2.3686,37.8661,1.4180,46.6565,NA,NA,NA,NA,NA,NA,NA,NA,NA,NA,NA,NA
238.481,2.3656,37.6922,1.4179,46.6403,NA,NA,NA,NA,NA,NA,NA,NA,NA,NA,NA,NA
238.579,2.3589,37.3030,1.4171,46.5617,NA,NA,NA,NA,NA,NA,NA,NA,NA,NA,NA,NA
238.676,2.3573,37.2076,1.4171,46.5608,NA,NA,NA,NA,NA,NA,NA,NA,NA,NA,NA,NA
238.769,2.3558,37.1219,1.4168,46.5279,NA,NA,NA,NA,NA,NA,NA,NA,NA,NA,NA,NA
238.872,2.3556,37.1116,1.4163,46.4805,NA,NA,NA,NA,NA,NA,NA,NA,NA,NA,NA,NA
238.970,2.3546,37.0541,1.4158,46.4243,NA,NA,NA,NA,NA,NA,NA,NA,NA,NA,NA,NA
239.085,2.3546,37.0541,1.4158,46.4243,NA,NA,NA,NA,NA,NA,NA,NA,NA,NA,NA,NA
239.161,2.3517,36.8825,1.4156,46.4072,NA,NA,NA,NA,NA,NA,NA,NA,NA,NA,NA,NA
239.259,2.3514,36.8633,1.4144,46.2845,NA,NA,NA,NA,NA,NA,NA,NA,NA,NA,NA,NA
239.365,2.3514,36.8633,1.4139,46.2263,NA,NA,NA,NA,NA,NA,NA,NA,NA,NA,NA,NA
239.454,2.3457,36.5330,1.4136,46.1965,NA,NA,NA,NA,NA,NA,NA,NA,NA,NA,NA,NA
239.557,2.3457,36.5330,1.4118,46.0155,NA,NA,NA,NA,NA,NA,NA,NA,NA,NA,NA,NA
239.659,2.3445,36.4619,1.4106,45.8927,NA,NA,NA,NA,NA,NA,NA,NA,NA,NA,NA,NA
239.748,2.3445,36.4619,1.4108,45.9123,NA,NA,NA,NA,NA,NA,NA,NA,NA,NA,NA,NA
239.845,2.3450,36.4936,1.4108,45.9151,NA,NA,NA,NA,NA,NA,NA,NA,NA,NA,NA,NA
239.949,2.3450,36.4936,1.4108,45.9151,NA,NA,NA,NA,NA,NA,NA,NA,NA,NA,NA,NA
240.044,2.3425,36.3450,1.4100,45.8293,NA,NA,NA,NA,NA,NA,NA,NA,NA,NA,NA,NA
240.157,2.3350,35.9082,1.4082,45.6411,NA,NA,NA,NA,NA,NA,NA,NA,NA,NA,NA,NA
240.310,2.3346,35.8876,1.4073,45.5528,NA,NA,NA,NA,NA,NA,NA,NA,NA,NA,NA,NA
240.337,2.3366,36.0056,1.4067,45.4913,NA,NA,NA,NA,NA,NA,NA,NA,NA,NA,NA,NA
240.438,2.3366,36.0056,1.4064,45.4601,NA,NA,NA,NA,NA,NA,NA,NA,NA,NA,NA,NA
240.531,2.3288,35.5490,1.4060,45.4129,NA,NA,NA,NA,NA,NA,NA,NA,NA,NA,NA,NA
240.630,2.3279,35.4959,1.4054,45.3533,NA,NA,NA,NA,NA,NA,NA,NA,NA,NA,NA,NA
240.730,2.3240,35.2686,1.4048,45.2941,NA,NA,NA,NA,NA,NA,NA,NA,NA,NA,NA,NA
240.842,2.3243,35.2875,1.4050,45.3057,NA,NA,NA,NA,NA,NA,NA,NA,NA,NA,NA,NA
240.931,2.3243,35.2875,1.4050,45.3057,NA,NA,NA,NA,NA,NA,NA,NA,NA,NA,NA,NA
241.018,2.3280,35.5015,1.4045,45.2597,NA,NA,NA,NA,NA,NA,NA,NA,NA,NA,NA,NA
241.119,2.3280,35.5015,1.4005,44.8440,NA,NA,NA,NA,NA,NA,NA,NA,NA,NA,NA,NA
241.218,2.3255,35.3609,1.3998,44.7727,NA,NA,NA,NA,NA,NA,NA,NA,NA,NA,NA,NA
241.318,2.3245,35.2995,1.3998,44.7727,NA,NA,NA,NA,NA,NA,NA,NA,NA,NA,NA,NA
241.419,2.3209,35.0878,1.3995,44.7423,NA,NA,NA,NA,NA,NA,NA,NA,NA,NA,NA,NA
241.545,2.3209,35.0878,1.3995,44.7423,NA,NA,NA,NA,NA,NA,NA,NA,NA,NA,NA,NA
241.607,2.3141,34.6957,1.3979,44.5788,NA,NA,NA,NA,NA,NA,NA,NA,NA,NA,NA,NA
241.710,2.3128,34.6205,1.3967,44.4559,NA,NA,NA,NA,NA,NA,NA,NA,NA,NA,NA,NA
241.805,2.3102,34.4652,1.3949,44.2702,NA,NA,NA,NA,NA,NA,NA,NA,NA,NA,NA,NA
241.901,2.3087,34.3821,1.3936,44.1312,NA,NA,NA,NA,NA,NA,NA,NA,NA,NA,NA,NA
242.052,2.3066,34.2567,1.3914,43.9037,NA,NA,NA,NA,NA,NA,NA,NA,NA,NA,NA,NA
242.099,2.3018,33.9795,1.3906,43.8247,NA,NA,NA,NA,NA,NA,NA,NA,NA,NA,NA,NA
242.196,2.3009,33.9255,1.3890,43.6570,NA,NA,NA,NA,NA,NA,NA,NA,NA,NA,NA,NA
242.293,2.2978,33.7470,1.3886,43.6141,NA,NA,NA,NA,NA,NA,NA,NA,NA,NA,NA,NA
242.402,2.2957,33.6238,1.3886,43.6141,NA,NA,NA,NA,NA,NA,NA,NA,NA,NA,NA,NA
242.499,2.2943,33.5409,1.3855,43.2983,NA,NA,NA,NA,NA,NA,NA,NA,NA,NA,NA,NA
242.590,2.2965,33.6690,1.3842,43.1617,NA,NA,NA,NA,NA,NA,NA,NA,NA,NA,NA,NA
242.689,2.3042,34.1169,1.3849,43.2323,NA,NA,NA,NA,NA,NA,NA,NA,NA,NA,NA,NA
242.805,2.3333,35.8144,1.3881,43.5642,NA,NA,NA,NA,NA,NA,NA,NA,NA,NA,NA,NA
242.888,2.3457,36.5342,1.4009,44.8838,NA,NA,NA,NA,NA,NA,NA,NA,NA,NA,NA,NA
242.981,2.3686,37.8650,1.4101,45.8404,NA,NA,NA,NA,NA,NA,NA,NA,NA,NA,NA,NA
243.079,2.3875,38.9649,1.4188,46.7414,NA,NA,NA,NA,NA,NA,NA,NA,NA,NA,NA,NA
243.179,2.3960,39.4591,1.4265,47.5389,NA,NA,NA,NA,NA,NA,NA,NA,NA,NA,NA,NA
243.277,2.4341,41.6811,1.4394,48.8642,NA,NA,NA,NA,NA,NA,NA,NA,NA,NA,NA,NA
243.371,2.4396,42.0007,1.4496,49.9188,NA,NA,NA,NA,NA,NA,NA,NA,NA,NA,NA,NA
243.468,2.4729,43.9367,1.4557,50.5568,NA,NA,NA,NA,NA,NA,NA,NA,NA,NA,NA,NA
243.568,2.4850,44.6399,1.4663,51.6546,NA,NA,NA,NA,NA,NA,NA,NA,NA,NA,NA,NA
243.673,2.5071,45.9306,1.4727,52.3162,NA,NA,NA,NA,NA,NA,NA,NA,NA,NA,NA,NA
243.764,2.5126,46.2505,1.4793,52.9931,NA,NA,NA,NA,NA,NA,NA,NA,NA,NA,NA,NA
243.878,2.5135,46.3010,1.4895,54.0536,NA,NA,NA,NA,NA,NA,NA,NA,NA,NA,NA,NA
243.954,2.5243,46.9302,1.4969,54.8193,NA,NA,NA,NA,NA,NA,NA,NA,NA,NA,NA,NA
244.085,2.5364,47.6360,1.5020,55.3475,NA,NA,NA,NA,NA,NA,NA,NA,NA,NA,NA,NA
244.165,2.5461,48.1978,1.5087,56.0324,NA,NA,NA,NA,NA,NA,NA,NA,NA,NA,NA,NA
244.255,2.5505,48.4546,1.5164,56.8305,NA,NA,NA,NA,NA,NA,NA,NA,NA,NA,NA,NA
244.351,2.5505,48.4546,1.5185,57.0532,NA,NA,NA,NA,NA,NA,NA,NA,NA,NA,NA,NA
244.453,2.5559,48.7666,1.5234,57.5566,NA,NA,NA,NA,NA,NA,NA,NA,NA,NA,NA,NA
244.544,2.5648,49.2870,1.5235,57.5683,NA,NA,NA,NA,NA,NA,NA,NA,NA,NA,NA,NA
244.648,2.5648,49.2870,1.5237,57.5881,NA,NA,NA,NA,NA,NA,NA,NA,NA,NA,NA,NA
244.746,2.5595,48.9756,1.5254,57.7681,NA,NA,NA,NA,NA,NA,NA,NA,NA,NA,NA,NA
244.838,2.5585,48.9187,1.5259,57.8106,NA,NA,NA,NA,NA,NA,NA,NA,NA,NA,NA,NA
244.949,2.5574,48.8551,1.5259,57.8106,NA,NA,NA,NA,NA,NA,NA,NA,NA,NA,NA,NA
245.099,2.5568,48.8215,1.5245,57.6659,NA,NA,NA,NA,NA,NA,NA,NA,NA,NA,NA,NA
245.146,2.5464,48.2137,1.5229,57.4997,NA,NA,NA,NA,NA,NA,NA,NA,NA,NA,NA,NA
245.234,2.5456,48.1670,1.5224,57.4531,NA,NA,NA,NA,NA,NA,NA,NA,NA,NA,NA,NA
245.332,2.5320,47.3778,1.5194,57.1410,NA,NA,NA,NA,NA,NA,NA,NA,NA,NA,NA,NA
245.430,2.5250,46.9691,1.5185,57.0510,NA,NA,NA,NA,NA,NA,NA,NA,NA,NA,NA,NA
245.535,2.5250,46.9691,1.5135,56.5330,NA,NA,NA,NA,NA,NA,NA,NA,NA,NA,NA,NA
245.656,2.5191,46.6272,1.5111,56.2846,NA,NA,NA,NA,NA,NA,NA,NA,NA,NA,NA,NA
245.724,2.5191,46.6272,1.5060,55.7569,NA,NA,NA,NA,NA,NA,NA,NA,NA,NA,NA,NA
245.827,2.5032,45.6999,1.5030,55.4510,NA,NA,NA,NA,NA,NA,NA,NA,NA,NA,NA,NA
245.918,2.4993,45.4720,1.4971,54.8322,NA,NA,NA,NA,NA,NA,NA,NA,NA,NA,NA,NA
246.015,2.4907,44.9716,1.4930,54.4120,NA,NA,NA,NA,NA,NA,NA,NA,NA,NA,NA,NA
246.113,2.4752,44.0691,1.4904,54.1403,NA,NA,NA,NA,NA,NA,NA,NA,NA,NA,NA,NA
246.212,2.4709,43.8222,1.4880,53.8923,NA,NA,NA,NA,NA,NA,NA,NA,NA,NA,NA,NA
246.342,2.4590,43.1306,1.4843,53.5128,NA,NA,NA,NA,NA,NA,NA,NA,NA,NA,NA,NA
246.406,2.4577,43.0534,1.4820,53.2786,NA,NA,NA,NA,NA,NA,NA,NA,NA,NA,NA,NA
246.507,2.4555,42.9275,1.4803,53.0986,NA,NA,NA,NA,NA,NA,NA,NA,NA,NA,NA,NA
246.604,2.4555,42.9275,1.4778,52.8449,NA,NA,NA,NA,NA,NA,NA,NA,NA,NA,NA,NA
246.698,2.4527,42.7635,1.4766,52.7131,NA,NA,NA,NA,NA,NA,NA,NA,NA,NA,NA,NA
246.808,2.4547,42.8779,1.4740,52.4476,NA,NA,NA,NA,NA,NA,NA,NA,NA,NA,NA,NA
246.916,2.4547,42.8779,1.4726,52.3053,NA,NA,NA,NA,NA,NA,NA,NA,NA,NA,NA,NA
246.992,2.4478,42.4763,1.4709,52.1285,NA,NA,NA,NA,NA,NA,NA,NA,NA,NA,NA,NA
247.090,2.4478,42.4763,1.4699,52.0217,NA,NA,NA,NA,NA,NA,NA,NA,NA,NA,NA,NA
247.196,2.4474,42.4538,1.4671,51.7339,NA,NA,NA,NA,NA,NA,NA,NA,NA,NA,NA,NA
247.300,2.4456,42.3500,1.4644,51.4551,NA,NA,NA,NA,NA,NA,NA,NA,NA,NA,NA,NA
247.391,2.4381,41.9134,1.4627,51.2831,NA,NA,NA,NA,NA,NA,NA,NA,NA,NA,NA,NA
247.498,2.4312,41.5114,1.4622,51.2314,NA,NA,NA,NA,NA,NA,NA,NA,NA,NA,NA,NA
247.589,2.4260,41.2104,1.4588,50.8759,NA,NA,NA,NA,NA,NA,NA,NA,NA,NA,NA,NA
247.681,2.4260,41.2104,1.4582,50.8099,NA,NA,NA,NA,NA,NA,NA,NA,NA,NA,NA,NA
247.778,2.4210,40.9163,1.4579,50.7797,NA,NA,NA,NA,NA,NA,NA,NA,NA,NA,NA,NA
247.880,2.4190,40.7979,1.4548,50.4594,NA,NA,NA,NA,NA,NA,NA,NA,NA,NA,NA,NA
247.973,2.4172,40.6983,1.4528,50.2493,NA,NA,NA,NA,NA,NA,NA,NA,NA,NA,NA,NA
248.076,2.4137,40.4904,1.4517,50.1360,NA,NA,NA,NA,NA,NA,NA,NA,NA,NA,NA,NA
248.172,2.4121,40.4004,1.4512,50.0897,NA,NA,NA,NA,NA,NA,NA,NA,NA,NA,NA,NA
248.279,2.4091,40.2260,1.4500,49.9637,NA,NA,NA,NA,NA,NA,NA,NA,NA,NA,NA,NA
248.371,2.4064,40.0645,1.4486,49.8213,NA,NA,NA,NA,NA,NA,NA,NA,NA,NA,NA,NA
248.474,2.4030,39.8716,1.4438,49.3228,NA,NA,NA,NA,NA,NA,NA,NA,NA,NA,NA,NA
248.565,2.4011,39.7578,1.4415,49.0873,NA,NA,NA,NA,NA,NA,NA,NA,NA,NA,NA,NA
248.710,2.4011,39.7578,1.4402,48.9504,NA,NA,NA,NA,NA,NA,NA,NA,NA,NA,NA,NA
248.758,2.3920,39.2259,1.4368,48.6033,NA,NA,NA,NA,NA,NA,NA,NA,NA,NA,NA,NA
248.859,2.3889,39.0510,1.4351,48.4236,NA,NA,NA,NA,NA,NA,NA,NA,NA,NA,NA,NA
248.953,2.3810,38.5898,1.4346,48.3766,NA,NA,NA,NA,NA,NA,NA,NA,NA,NA,NA,NA
249.059,2.3809,38.5852,1.4339,48.3039,NA,NA,NA,NA,NA,NA,NA,NA,NA,NA,NA,NA
249.157,2.3765,38.3256,1.4337,48.2759,NA,NA,NA,NA,NA,NA,NA,NA,NA,NA,NA,NA
249.305,2.3827,38.6853,1.4334,48.2456,NA,NA,NA,NA,NA,NA,NA,NA,NA,NA,NA,NA
249.347,2.3875,38.9675,1.4349,48.4016,NA,NA,NA,NA,NA,NA,NA,NA,NA,NA,NA,NA
249.441,2.4318,41.5453,1.4383,48.7496,NA,NA,NA,NA,NA,NA,NA,NA,NA,NA,NA,NA
249.539,2.4431,42.2014,1.4439,49.3365,NA,NA,NA,NA,NA,NA,NA,NA,NA,NA,NA,NA
249.643,2.4584,43.0915,1.4527,50.2417,NA,NA,NA,NA,NA,NA,NA,NA,NA,NA,NA,NA
249.734,2.4726,43.9192,1.4569,50.6777,NA,NA,NA,NA,NA,NA,NA,NA,NA,NA,NA,NA
249.882,2.4787,44.2725,1.4606,51.0654,NA,NA,NA,NA,NA,NA,NA,NA,NA,NA,NA,NA
249.928,2.4875,44.7850,1.4620,51.2040,NA,NA,NA,NA,NA,NA,NA,NA,NA,NA,NA,NA
250.037,2.4875,44.7850,1.4634,51.3472,NA,NA,NA,NA,NA,NA,NA,NA,NA,NA,NA,NA
250.130,2.4933,45.1268,1.4634,51.3472,NA,NA,NA,NA,NA,NA,NA,NA,NA,NA,NA,NA
250.224,2.4933,45.1268,1.4630,51.3139,NA,NA,NA,NA,NA,NA,NA,NA,NA,NA,NA,NA
250.333,2.4861,44.7049,1.4589,50.8902,NA,NA,NA,NA,NA,NA,NA,NA,NA,NA,NA,NA
250.425,2.4852,44.6525,1.4576,50.7478,NA,NA,NA,NA,NA,NA,NA,NA,NA,NA,NA,NA
250.552,2.4630,43.3630,1.4555,50.5314,NA,NA,NA,NA,NA,NA,NA,NA,NA,NA,NA,NA
250.615,2.4545,42.8648,1.4535,50.3265,NA,NA,NA,NA,NA,NA,NA,NA,NA,NA,NA,NA
250.719,2.4474,42.4545,1.4520,50.1683,NA,NA,NA,NA,NA,NA,NA,NA,NA,NA,NA,NA
250.815,2.4445,42.2848,1.4498,49.9475,NA,NA,NA,NA,NA,NA,NA,NA,NA,NA,NA,NA
250.911,2.4340,41.6730,1.4485,49.8125,NA,NA,NA,NA,NA,NA,NA,NA,NA,NA,NA,NA
251.068,2.4288,41.3724,1.4469,49.6454,NA,NA,NA,NA,NA,NA,NA,NA,NA,NA,NA,NA
251.103,2.4249,41.1433,1.4435,49.2934,NA,NA,NA,NA,NA,NA,NA,NA,NA,NA,NA,NA
251.206,2.4189,40.7966,1.4420,49.1361,NA,NA,NA,NA,NA,NA,NA,NA,NA,NA,NA,NA
251.303,2.4154,40.5930,1.4404,48.9762,NA,NA,NA,NA,NA,NA,NA,NA,NA,NA,NA,NA
251.399,2.4109,40.3300,1.4400,48.9275,NA,NA,NA,NA,NA,NA,NA,NA,NA,NA,NA,NA
251.498,2.4099,40.2693,1.4380,48.7286,NA,NA,NA,NA,NA,NA,NA,NA,NA,NA,NA,NA
251.604,2.4018,39.7978,1.4345,48.3634,NA,NA,NA,NA,NA,NA,NA,NA,NA,NA,NA,NA
251.702,2.4004,39.7148,1.4328,48.1849,NA,NA,NA,NA,NA,NA,NA,NA,NA,NA,NA,NA
251.791,2.3889,39.0471,1.4322,48.1262,NA,NA,NA,NA,NA,NA,NA,NA,NA,NA,NA,NA
251.891,2.3837,38.7437,1.4300,47.9005,NA,NA,NA,NA,NA,NA,NA,NA,NA,NA,NA,NA
251.989,2.3818,38.6375,1.4290,47.7967,NA,NA,NA,NA,NA,NA,NA,NA,NA,NA,NA,NA
252.090,2.3840,38.7636,1.4287,47.7614,NA,NA,NA,NA,NA,NA,NA,NA,NA,NA,NA,NA
252.182,2.3840,38.7636,1.4274,47.6228,NA,NA,NA,NA,NA,NA,NA,NA,NA,NA,NA,NA
252.283,2.3728,38.1084,1.4274,47.6228,NA,NA,NA,NA,NA,NA,NA,NA,NA,NA,NA,NA
252.390,2.3728,38.1084,1.4264,47.5215,NA,NA,NA,NA,NA,NA,NA,NA,NA,NA,NA,NA
252.476,2.3697,37.9335,1.4263,47.5188,NA,NA,NA,NA,NA,NA,NA,NA,NA,NA,NA,NA
252.579,2.3628,37.5265,1.4250,47.3819,NA,NA,NA,NA,NA,NA,NA,NA,NA,NA,NA,NA
252.675,2.3615,37.4510,1.4244,47.3192,NA,NA,NA,NA,NA,NA,NA,NA,NA,NA,NA,NA
252.768,2.3637,37.5810,1.4239,47.2685,NA,NA,NA,NA,NA,NA,NA,NA,NA,NA,NA,NA
252.927,2.3637,37.5810,1.4234,47.2108,NA,NA,NA,NA,NA,NA,NA,NA,NA,NA,NA,NA
252.971,2.3573,37.2096,1.4225,47.1246,NA,NA,NA,NA,NA,NA,NA,NA,NA,NA,NA,NA
253.060,2.3573,37.2096,1.4222,47.0889,NA,NA,NA,NA,NA,NA,NA,NA,NA,NA,NA,NA
253.164,2.3530,36.9577,1.4203,46.8942,NA,NA,NA,NA,NA,NA,NA,NA,NA,NA,NA,NA
253.261,2.3513,36.8600,1.4186,46.7184,NA,NA,NA,NA,NA,NA,NA,NA,NA,NA,NA,NA
253.357,2.3513,36.8600,1.4183,46.6859,NA,NA,NA,NA,NA,NA,NA,NA,NA,NA,NA,NA
253.450,2.3469,36.6045,1.4178,46.6381,NA,NA,NA,NA,NA,NA,NA,NA,NA,NA,NA,NA
253.558,2.3455,36.5223,1.4151,46.3546,NA,NA,NA,NA,NA,NA,NA,NA,NA,NA,NA,NA
253.659,2.3471,36.6152,1.4151,46.3546,NA,NA,NA,NA,NA,NA,NA,NA,NA,NA,NA,NA
253.752,2.3471,36.6152,1.4140,46.2397,NA,NA,NA,NA,NA,NA,NA,NA,NA,NA,NA,NA
253.855,2.3242,35.2834,1.4106,45.8949,NA,NA,NA,NA,NA,NA,NA,NA,NA,NA,NA,NA
253.947,2.3242,35.2834,1.4105,45.8762,NA,NA,NA,NA,NA,NA,NA,NA,NA,NA,NA,NA
254.086,2.3167,34.8457,1.4090,45.7286,NA,NA,NA,NA,NA,NA,NA,NA,NA,NA,NA,NA
254.145,2.3167,34.8457,1.4084,45.6643,NA,NA,NA,NA,NA,NA,NA,NA,NA,NA,NA,NA
254.240,2.3114,34.5377,1.4060,45.4117,NA,NA,NA,NA,NA,NA,NA,NA,NA,NA,NA,NA
254.336,2.3200,35.0394,1.4043,45.2349,NA,NA,NA,NA,NA,NA,NA,NA,NA,NA,NA,NA
254.432,2.3256,35.3657,1.4038,45.1820,NA,NA,NA,NA,NA,NA,NA,NA,NA,NA,NA,NA
254.546,2.3507,36.8262,1.4069,45.5117,NA,NA,NA,NA,NA,NA,NA,NA,NA,NA,NA,NA
254.663,2.3617,37.4656,1.4137,46.2141,NA,NA,NA,NA,NA,NA,NA,NA,NA,NA,NA,NA
254.727,2.3853,38.8375,1.4208,46.9453,NA,NA,NA,NA,NA,NA,NA,NA,NA,NA,NA,NA
254.832,2.4005,39.7241,1.4282,47.7106,NA,NA,NA,NA,NA,NA,NA,NA,NA,NA,NA,NA
254.926,2.4283,41.3442,1.4389,48.8200,NA,NA,NA,NA,NA,NA,NA,NA,NA,NA,NA,NA
255.021,2.4576,43.0478,1.4488,49.8376,NA,NA,NA,NA,NA,NA,NA,NA,NA,NA,NA,NA
255.128,2.4846,44.6184,1.4654,51.5597,NA,NA,NA,NA,NA,NA,NA,NA,NA,NA,NA,NA
255.221,2.5254,46.9942,1.4723,52.2708,NA,NA,NA,NA,NA,NA,NA,NA,NA,NA,NA,NA
255.341,2.5346,47.5292,1.4759,52.6453,NA,NA,NA,NA,NA,NA,NA,NA,NA,NA,NA,NA
255.419,2.5536,48.6353,1.4854,53.6288,NA,NA,NA,NA,NA,NA,NA,NA,NA,NA,NA,NA
255.512,2.5584,48.9143,1.4913,54.2364,NA,NA,NA,NA,NA,NA,NA,NA,NA,NA,NA,NA
255.608,2.5666,49.3927,1.5019,55.3342,NA,NA,NA,NA,NA,NA,NA,NA,NA,NA,NA,NA
255.711,2.5780,50.0543,1.5062,55.7748,NA,NA,NA,NA,NA,NA,NA,NA,NA,NA,NA,NA
255.814,2.5884,50.6580,1.5152,56.7056,NA,NA,NA,NA,NA,NA,NA,NA,NA,NA,NA,NA
255.903,2.5998,51.3241,1.5191,57.1083,NA,NA,NA,NA,NA,NA,NA,NA,NA,NA,NA,NA
256.005,2.6012,51.4050,1.5231,57.5218,NA,NA,NA,NA,NA,NA,NA,NA,NA,NA,NA,NA
256.100,2.6160,52.2693,1.5280,58.0267,NA,NA,NA,NA,NA,NA,NA,NA,NA,NA,NA,NA
256.198,2.6160,52.2693,1.5303,58.2711,NA,NA,NA,NA,NA,NA,NA,NA,NA,NA,NA,NA
256.307,2.6148,52.1962,1.5315,58.3968,NA,NA,NA,NA,NA,NA,NA,NA,NA,NA,NA,NA
256.397,2.6148,52.1962,1.5322,58.4656,NA,NA,NA,NA,NA,NA,NA,NA,NA,NA,NA,NA
256.516,2.6126,52.0700,1.5323,58.4747,NA,NA,NA,NA,NA,NA,NA,NA,NA,NA,NA,NA
256.589,2.6107,51.9583,1.5323,58.4747,NA,NA,NA,NA,NA,NA,NA,NA,NA,NA,NA,NA
256.686,2.6101,51.9213,1.5318,58.4218,NA,NA,NA,NA,NA,NA,NA,NA,NA,NA,NA,NA
256.788,2.6083,51.8184,1.5311,58.3551,NA,NA,NA,NA,NA,NA,NA,NA,NA,NA,NA,NA
256.889,2.6083,51.8184,1.5303,58.2735,NA,NA,NA,NA,NA,NA,NA,NA,NA,NA,NA,NA
257.048,2.5779,50.0497,1.5260,57.8257,NA,NA,NA,NA,NA,NA,NA,NA,NA,NA,NA,NA
257.078,2.5662,49.3682,1.5229,57.5072,NA,NA,NA,NA,NA,NA,NA,NA,NA,NA,NA,NA
257.181,2.5588,48.9394,1.5167,56.8588,NA,NA,NA,NA,NA,NA,NA,NA,NA,NA,NA,NA
257.277,2.5421,47.9680,1.5107,56.2429,NA,NA,NA,NA,NA,NA,NA,NA,NA,NA,NA,NA
257.378,2.5302,47.2744,1.5076,55.9232,NA,NA,NA,NA,NA,NA,NA,NA,NA,NA,NA,NA
257.468,2.5243,46.9273,1.5040,55.5490,NA,NA,NA,NA,NA,NA,NA,NA,NA,NA,NA,NA
257.571,2.5243,46.9273,1.4985,54.9840,NA,NA,NA,NA,NA,NA,NA,NA,NA,NA,NA,NA
257.717,2.5140,46.3310,1.4950,54.6173,NA,NA,NA,NA,NA,NA,NA,NA,NA,NA,NA,NA
257.761,2.5140,46.3310,1.4915,54.2524,NA,NA,NA,NA,NA,NA,NA,NA,NA,NA,NA,NA
257.860,2.4989,45.4523,1.4867,53.7577,NA,NA,NA,NA,NA,NA,NA,NA,NA,NA,NA,NA
257.969,2.4963,45.2989,1.4830,53.3792,NA,NA,NA,NA,NA,NA,NA,NA,NA,NA,NA,NA
258.058,2.4912,45.0021,1.4810,53.1751,NA,NA,NA,NA,NA,NA,NA,NA,NA,NA,NA,NA
258.177,2.4912,45.0021,1.4793,52.9953,NA,NA,NA,NA,NA,NA,NA,NA,NA,NA,NA,NA
258.271,2.4816,44.4418,1.4780,52.8610,NA,NA,NA,NA,NA,NA,NA,NA,NA,NA,NA,NA
258.356,2.4738,43.9903,1.4765,52.7061,NA,NA,NA,NA,NA,NA,NA,NA,NA,NA,NA,NA
258.452,2.4714,43.8476,1.4751,52.5631,NA,NA,NA,NA,NA,NA,NA,NA,NA,NA,NA,NA
258.555,2.4659,43.5328,1.4741,52.4561,NA,NA,NA,NA,NA,NA,NA,NA,NA,NA,NA,NA
258.652,2.4654,43.5003,1.4736,52.4050,NA,NA,NA,NA,NA,NA,NA,NA,NA,NA,NA,NA
258.747,2.4622,43.3163,1.4728,52.3273,NA,NA,NA,NA,NA,NA,NA,NA,NA,NA,NA,NA
258.881,2.4622,43.3163,1.4718,52.2144,NA,NA,NA,NA,NA,NA,NA,NA,NA,NA,NA,NA
258.939,2.4590,43.1307,1.4714,52.1791,NA,NA,NA,NA,NA,NA,NA,NA,NA,NA,NA,NA
259.042,2.4590,43.1307,1.4686,51.8929,NA,NA,NA,NA,NA,NA,NA,NA,NA,NA,NA,NA
259.134,2.4543,42.8570,1.4666,51.6784,NA,NA,NA,NA,NA,NA,NA,NA,NA,NA,NA,NA
259.236,2.4448,42.3007,1.4659,51.6069,NA,NA,NA,NA,NA,NA,NA,NA,NA,NA,NA,NA
259.338,2.4425,42.1690,1.4642,51.4331,NA,NA,NA,NA,NA,NA,NA,NA,NA,NA,NA,NA
259.507,2.4425,42.1692,1.4630,51.3113,NA,NA,NA,NA,NA,NA,NA,NA,NA,NA,NA,NA
259.526,2.4425,42.1692,1.4623,51.2325,NA,NA,NA,NA,NA,NA,NA,NA,NA,NA,NA,NA
259.626,2.4441,42.2606,1.4604,51.0410,NA,NA,NA,NA,NA,NA,NA,NA,NA,NA,NA,NA
259.728,2.4441,42.2606,1.4596,50.9551,NA,NA,NA,NA,NA,NA,NA,NA,NA,NA,NA,NA
259.821,2.4327,41.5983,1.4574,50.7340,NA,NA,NA,NA,NA,NA,NA,NA,NA,NA,NA,NA
259.917,2.4240,41.0902,1.4565,50.6387,NA,NA,NA,NA,NA,NA,NA,NA,NA,NA,NA,NA
260.019,2.4198,40.8468,1.4553,50.5133,NA,NA,NA,NA,NA,NA,NA,NA,NA,NA,NA,NA
260.131,2.4168,40.6750,1.4523,50.2027,NA,NA,NA,NA,NA,NA,NA,NA,NA,NA,NA,NA
260.221,2.4070,40.1011,1.4494,49.9060,NA,NA,NA,NA,NA,NA,NA,NA,NA,NA,NA,NA
260.309,2.4029,39.8646,1.4482,49.7746,NA,NA,NA,NA,NA,NA,NA,NA,NA,NA,NA,NA
260.411,2.4007,39.7336,1.4455,49.4987,NA,NA,NA,NA,NA,NA,NA,NA,NA,NA,NA,NA
260.507,2.4075,40.1324,1.4440,49.3442,NA,NA,NA,NA,NA,NA,NA,NA,NA,NA,NA,NA
260.652,2.4075,40.1324,1.4461,49.5651,NA,NA,NA,NA,NA,NA,NA,NA,NA,NA,NA,NA
260.698,2.4200,40.8575,1.4496,49.9259,NA,NA,NA,NA,NA,NA,NA,NA,NA,NA,NA,NA
260.799,2.4354,41.7535,1.4525,50.2283,NA,NA,NA,NA,NA,NA,NA,NA,NA,NA,NA,NA
260.905,2.4398,42.0130,1.4606,51.0621,NA,NA,NA,NA,NA,NA,NA,NA,NA,NA,NA,NA
261.008,2.4691,43.7172,1.4643,51.4401,NA,NA,NA,NA,NA,NA,NA,NA,NA,NA,NA,NA
261.099,2.4845,44.6130,1.4728,52.3275,NA,NA,NA,NA,NA,NA,NA,NA,NA,NA,NA,NA
261.191,2.5069,45.9139,1.4792,52.9876,NA,NA,NA,NA,NA,NA,NA,NA,NA,NA,NA,NA
261.322,2.5274,47.1115,1.4859,53.6735,NA,NA,NA,NA,NA,NA,NA,NA,NA,NA,NA,NA
261.383,2.5600,49.0096,1.4962,54.7428,NA,NA,NA,NA,NA,NA,NA,NA,NA,NA,NA,NA
261.487,2.5750,49.8810,1.5006,55.1975,NA,NA,NA,NA,NA,NA,NA,NA,NA,NA,NA,NA
261.580,2.5927,50.9123,1.5077,55.9366,NA,NA,NA,NA,NA,NA,NA,NA,NA,NA,NA,NA
261.680,2.6213,52.5732,1.5156,56.7524,NA,NA,NA,NA,NA,NA,NA,NA,NA,NA,NA,NA
261.827,2.6440,53.8950,1.5219,57.4012,NA,NA,NA,NA,NA,NA,NA,NA,NA,NA,NA,NA
261.876,2.6593,54.7854,1.5266,57.8899,NA,NA,NA,NA,NA,NA,NA,NA,NA,NA,NA,NA
261.975,2.6627,54.9838,1.5318,58.4234,NA,NA,NA,NA,NA,NA,NA,NA,NA,NA,NA,NA
262.072,2.6734,55.6073,1.5387,59.1376,NA,NA,NA,NA,NA,NA,NA,NA,NA,NA,NA,NA
262.169,2.6765,55.7872,1.5412,59.3967,NA,NA,NA,NA,NA,NA,NA,NA,NA,NA,NA,NA
262.272,2.6765,55.7872,1.5435,59.6348,NA,NA,NA,NA,NA,NA,NA,NA,NA,NA,NA,NA
262.372,2.6788,55.9239,1.5440,59.6830,NA,NA,NA,NA,NA,NA,NA,NA,NA,NA,NA,NA
262.463,2.6788,55.9239,1.5440,59.6830,NA,NA,NA,NA,NA,NA,NA,NA,NA,NA,NA,NA
262.569,2.6647,55.1008,1.5416,59.4341,NA,NA,NA,NA,NA,NA,NA,NA,NA,NA,NA,NA
262.657,2.6647,55.1008,1.5415,59.4298,NA,NA,NA,NA,NA,NA,NA,NA,NA,NA,NA,NA
262.759,2.6516,54.3416,1.5403,59.3033,NA,NA,NA,NA,NA,NA,NA,NA,NA,NA,NA,NA
262.854,2.6437,53.8811,1.5359,58.8472,NA,NA,NA,NA,NA,NA,NA,NA,NA,NA,NA,NA
262.957,2.6029,51.5038,1.5342,58.6733,NA,NA,NA,NA,NA,NA,NA,NA,NA,NA,NA,NA
263.072,2.5911,50.8183,1.5324,58.4873,NA,NA,NA,NA,NA,NA,NA,NA,NA,NA,NA,NA
263.147,2.5873,50.5941,1.5267,57.8999,NA,NA,NA,NA,NA,NA,NA,NA,NA,NA,NA,NA
263.251,2.5803,50.1879,1.5209,57.2974,NA,NA,NA,NA,NA,NA,NA,NA,NA,NA,NA,NA
263.356,2.5656,49.3355,1.5177,56.9686,NA,NA,NA,NA,NA,NA,NA,NA,NA,NA,NA,NA
263.447,2.5632,49.1918,1.5159,56.7850,NA,NA,NA,NA,NA,NA,NA,NA,NA,NA,NA,NA
263.541,2.5522,48.5550,1.5138,56.5619,NA,NA,NA,NA,NA,NA,NA,NA,NA,NA,NA,NA
263.686,2.5504,48.4472,1.5101,56.1766,NA,NA,NA,NA,NA,NA,NA,NA,NA,NA,NA,NA
263.740,2.5504,48.4472,1.5077,55.9298,NA,NA,NA,NA,NA,NA,NA,NA,NA,NA,NA,NA
263.838,2.5444,48.0985,1.5056,55.7198,NA,NA,NA,NA,NA,NA,NA,NA,NA,NA,NA,NA
263.935,2.5393,47.8037,1.4994,55.0713,NA,NA,NA,NA,NA,NA,NA,NA,NA,NA,NA,NA
264.041,2.5353,47.5676,1.4967,54.7895,NA,NA,NA,NA,NA,NA,NA,NA,NA,NA,NA,NA
264.133,2.5311,47.3234,1.4948,54.5994,NA,NA,NA,NA,NA,NA,NA,NA,NA,NA,NA,NA
264.270,2.5241,46.9172,1.4939,54.5054,NA,NA,NA,NA,NA,NA,NA,NA,NA,NA,NA,NA
264.321,2.5215,46.7690,1.4913,54.2342,NA,NA,NA,NA,NA,NA,NA,NA,NA,NA,NA,NA
264.423,2.5136,46.3055,1.4893,54.0288,NA,NA,NA,NA,NA,NA,NA,NA,NA,NA,NA,NA
264.522,2.5130,46.2718,1.4877,53.8588,NA,NA,NA,NA,NA,NA,NA,NA,NA,NA,NA,NA
264.619,2.5123,46.2308,1.4866,53.7449,NA,NA,NA,NA,NA,NA,NA,NA,NA,NA,NA,NA
264.714,2.5092,46.0509,1.4861,53.7024,NA,NA,NA,NA,NA,NA,NA,NA,NA,NA,NA,NA
264.843,2.5085,46.0103,1.4811,53.1789,NA,NA,NA,NA,NA,NA,NA,NA,NA,NA,NA,NA
264.914,2.5039,45.7442,1.4790,52.9662,NA,NA,NA,NA,NA,NA,NA,NA,NA,NA,NA,NA
265.009,2.4965,45.3091,1.4776,52.8212,NA,NA,NA,NA,NA,NA,NA,NA,NA,NA,NA,NA
265.105,2.4913,45.0063,1.4776,52.8212,NA,NA,NA,NA,NA,NA,NA,NA,NA,NA,NA,NA
265.208,2.4863,44.7157,1.4761,52.6663,NA,NA,NA,NA,NA,NA,NA,NA,NA,NA,NA,NA
265.302,2.4863,44.7157,1.4746,52.5088,NA,NA,NA,NA,NA,NA,NA,NA,NA,NA,NA,NA
265.455,2.4788,44.2818,1.4732,52.3600,NA,NA,NA,NA,NA,NA,NA,NA,NA,NA,NA,NA
265.486,2.4788,44.2818,1.4719,52.2324,NA,NA,NA,NA,NA,NA,NA,NA,NA,NA,NA,NA
265.601,2.4768,44.1658,1.4717,52.2049,NA,NA,NA,NA,NA,NA,NA,NA,NA,NA,NA,NA
265.712,2.4766,44.1535,1.4717,52.2049,NA,NA,NA,NA,NA,NA,NA,NA,NA,NA,NA,NA
265.800,2.4668,43.5831,1.4716,52.1948,NA,NA,NA,NA,NA,NA,NA,NA,NA,NA,NA,NA
265.889,2.4724,43.9109,1.4710,52.1415,NA,NA,NA,NA,NA,NA,NA,NA,NA,NA,NA,NA
265.988,2.4724,43.9109,1.4705,52.0876,NA,NA,NA,NA,NA,NA,NA,NA,NA,NA,NA,NA
266.084,2.4588,43.1176,1.4688,51.9125,NA,NA,NA,NA,NA,NA,NA,NA,NA,NA,NA,NA
266.180,2.4588,43.1176,1.4682,51.8480,NA,NA,NA,NA,NA,NA,NA,NA,NA,NA,NA,NA
266.284,2.4573,43.0298,1.4647,51.4855,NA,NA,NA,NA,NA,NA,NA,NA,NA,NA,NA,NA
266.377,2.4573,43.0298,1.4634,51.3535,NA,NA,NA,NA,NA,NA,NA,NA,NA,NA,NA,NA
266.477,2.4443,42.2751,1.4629,51.2945,NA,NA,NA,NA,NA,NA,NA,NA,NA,NA,NA,NA
266.579,2.4393,41.9824,1.4635,51.3560,NA,NA,NA,NA,NA,NA,NA,NA,NA,NA,NA,NA
266.733,2.4353,41.7497,1.4635,51.3560,NA,NA,NA,NA,NA,NA,NA,NA,NA,NA,NA,NA
266.771,2.4412,42.0921,1.4612,51.1235,NA,NA,NA,NA,NA,NA,NA,NA,NA,NA,NA,NA
266.872,2.4412,42.0921,1.4604,51.0452,NA,NA,NA,NA,NA,NA,NA,NA,NA,NA,NA,NA
266.965,2.4301,41.4458,1.4589,50.8819,NA,NA,NA,NA,NA,NA,NA,NA,NA,NA,NA,NA
267.073,2.4301,41.4458,1.4577,50.7604,NA,NA,NA,NA,NA,NA,NA,NA,NA,NA,NA,NA
267.165,2.4252,41.1615,1.4576,50.7497,NA,NA,NA,NA,NA,NA,NA,NA,NA,NA,NA,NA
267.266,2.4252,41.1615,1.4553,50.5168,NA,NA,NA,NA,NA,NA,NA,NA,NA,NA,NA,NA
267.360,2.4214,40.9401,1.4539,50.3651,NA,NA,NA,NA,NA,NA,NA,NA,NA,NA,NA,NA
267.465,2.4136,40.4850,1.4532,50.2940,NA,NA,NA,NA,NA,NA,NA,NA,NA,NA,NA,NA
267.559,2.4159,40.6186,1.4525,50.2222,NA,NA,NA,NA,NA,NA,NA,NA,NA,NA,NA,NA
267.659,2.4169,40.6777,1.4522,50.1872,NA,NA,NA,NA,NA,NA,NA,NA,NA,NA,NA,NA
267.757,2.4169,40.6777,1.4505,50.0170,NA,NA,NA,NA,NA,NA,NA,NA,NA,NA,NA,NA
267.888,2.4127,40.4308,1.4493,49.8954,NA,NA,NA,NA,NA,NA,NA,NA,NA,NA,NA,NA
267.949,2.4120,40.3940,1.4472,49.6778,NA,NA,NA,NA,NA,NA,NA,NA,NA,NA,NA,NA
268.048,2.4035,39.9001,1.4467,49.6276,NA,NA,NA,NA,NA,NA,NA,NA,NA,NA,NA,NA
268.145,2.4026,39.8446,1.4439,49.3357,NA,NA,NA,NA,NA,NA,NA,NA,NA,NA,NA,NA
268.249,2.3989,39.6325,1.4431,49.2461,NA,NA,NA,NA,NA,NA,NA,NA,NA,NA,NA,NA
268.338,2.4000,39.6970,1.4429,49.2274,NA,NA,NA,NA,NA,NA,NA,NA,NA,NA,NA,NA
268.445,2.4000,39.6970,1.4422,49.1577,NA,NA,NA,NA,NA,NA,NA,NA,NA,NA,NA,NA
268.541,2.3958,39.4475,1.4417,49.1018,NA,NA,NA,NA,NA,NA,NA,NA,NA,NA,NA,NA
268.635,2.3890,39.0559,1.4406,48.9920,NA,NA,NA,NA,NA,NA,NA,NA,NA,NA,NA,NA
268.729,2.3925,39.2558,1.4409,49.0194,NA,NA,NA,NA,NA,NA,NA,NA,NA,NA,NA,NA
268.838,2.3925,39.2558,1.4412,49.0547,NA,NA,NA,NA,NA,NA,NA,NA,NA,NA,NA,NA
268.918,2.3927,39.2687,1.4412,49.0547,NA,NA,NA,NA,NA,NA,NA,NA,NA,NA,NA,NA
269.094,2.3927,39.2687,1.4388,48.8096,NA,NA,NA,NA,NA,NA,NA,NA,NA,NA,NA,NA
269.126,2.3927,39.2695,1.4383,48.7589,NA,NA,NA,NA,NA,NA,NA,NA,NA,NA,NA,NA
269.224,2.3927,39.2695,1.4383,48.7589,NA,NA,NA,NA,NA,NA,NA,NA,NA,NA,NA,NA
269.317,2.3824,38.6706,1.4372,48.6456,NA,NA,NA,NA,NA,NA,NA,NA,NA,NA,NA,NA
269.413,2.3807,38.5697,1.4372,48.6431,NA,NA,NA,NA,NA,NA,NA,NA,NA,NA,NA,NA
269.516,2.3739,38.1724,1.4357,48.4836,NA,NA,NA,NA,NA,NA,NA,NA,NA,NA,NA,NA
269.608,2.3779,38.4109,1.4348,48.3887,NA,NA,NA,NA,NA,NA,NA,NA,NA,NA,NA,NA
269.709,2.3813,38.6052,1.4327,48.1779,NA,NA,NA,NA,NA,NA,NA,NA,NA,NA,NA,NA
269.809,2.3813,38.6052,1.4327,48.1779,NA,NA,NA,NA,NA,NA,NA,NA,NA,NA,NA,NA
269.910,2.3810,38.5868,1.4321,48.1139,NA,NA,NA,NA,NA,NA,NA,NA,NA,NA,NA,NA
270.004,2.3770,38.3530,1.4319,48.0936,NA,NA,NA,NA,NA,NA,NA,NA,NA,NA,NA,NA
270.100,2.3755,38.2679,1.4325,48.1524,NA,NA,NA,NA,NA,NA,NA,NA,NA,NA,NA,NA
270.201,2.3701,37.9550,1.4325,48.1524,NA,NA,NA,NA,NA,NA,NA,NA,NA,NA,NA,NA
270.294,2.3700,37.9454,1.4304,47.9394,NA,NA,NA,NA,NA,NA,NA,NA,NA,NA,NA,NA
270.403,2.3695,37.9187,1.4304,47.9394,NA,NA,NA,NA,NA,NA,NA,NA,NA,NA,NA,NA
270.500,2.3711,38.0136,1.4266,47.5466,NA,NA,NA,NA,NA,NA,NA,NA,NA,NA,NA,NA
270.609,2.3711,38.0136,1.4265,47.5359,NA,NA,NA,NA,NA,NA,NA,NA,NA,NA,NA,NA
270.707,2.3676,37.8060,1.4260,47.4875,NA,NA,NA,NA,NA,NA,NA,NA,NA,NA,NA,NA
270.851,2.3674,37.7972,1.4260,47.4875,NA,NA,NA,NA,NA,NA,NA,NA,NA,NA,NA,NA
270.897,2.3674,37.7972,1.4263,47.5101,NA,NA,NA,NA,NA,NA,NA,NA,NA,NA,NA,NA
270.991,2.3616,37.4606,1.4263,47.5101,NA,NA,NA,NA,NA,NA,NA,NA,NA,NA,NA,NA
271.096,2.3599,37.3613,1.4259,47.4759,NA,NA,NA,NA,NA,NA,NA,NA,NA,NA,NA,NA
271.188,2.3556,37.1123,1.4251,47.3883,NA,NA,NA,NA,NA,NA,NA,NA,NA,NA,NA,NA
271.286,2.3528,36.9498,1.4242,47.2991,NA,NA,NA,NA,NA,NA,NA,NA,NA,NA,NA,NA
271.387,2.3528,36.9498,1.4242,47.2991,NA,NA,NA,NA,NA,NA,NA,NA,NA,NA,NA,NA
271.511,2.3469,36.6038,1.4223,47.1022,NA,NA,NA,NA,NA,NA,NA,NA,NA,NA,NA,NA
271.580,2.3469,36.6038,1.4217,47.0371,NA,NA,NA,NA,NA,NA,NA,NA,NA,NA,NA,NA
271.685,2.3492,36.7372,1.4217,47.0371,NA,NA,NA,NA,NA,NA,NA,NA,NA,NA,NA,NA
271.779,2.3492,36.7372,1.4215,47.0218,NA,NA,NA,NA,NA,NA,NA,NA,NA,NA,NA,NA
271.874,2.3453,36.5086,1.4198,46.8383,NA,NA,NA,NA,NA,NA,NA,NA,NA,NA,NA,NA
271.979,2.3430,36.3772,1.4192,46.7804,NA,NA,NA,NA,NA,NA,NA,NA,NA,NA,NA,NA
272.070,2.3422,36.3273,1.4186,46.7208,NA,NA,NA,NA,NA,NA,NA,NA,NA,NA,NA,NA
272.163,2.3406,36.2385,1.4186,46.7208,NA,NA,NA,NA,NA,NA,NA,NA,NA,NA,NA,NA
272.261,2.3406,36.2385,1.4175,46.6075,NA,NA,NA,NA,NA,NA,NA,NA,NA,NA,NA,NA
272.369,2.3396,36.1805,1.4165,46.5009,NA,NA,NA,NA,NA,NA,NA,NA,NA,NA,NA,NA
272.464,2.3389,36.1355,1.4154,46.3884,NA,NA,NA,NA,NA,NA,NA,NA,NA,NA,NA,NA
272.557,2.3352,35.9243,1.4134,46.1814,NA,NA,NA,NA,NA,NA,NA,NA,NA,NA,NA,NA
272.685,2.3297,35.6001,1.4148,46.3294,NA,NA,NA,NA,NA,NA,NA,NA,NA,NA,NA,NA
272.771,2.3266,35.4200,1.4148,46.3294,NA,NA,NA,NA,NA,NA,NA,NA,NA,NA,NA,NA
272.859,2.3266,35.4196,1.4145,46.2912,NA,NA,NA,NA,NA,NA,NA,NA,NA,NA,NA,NA
272.954,2.3266,35.4196,1.4143,46.2749,NA,NA,NA,NA,NA,NA,NA,NA,NA,NA,NA,NA
273.048,2.3252,35.3430,1.4123,46.0681,NA,NA,NA,NA,NA,NA,NA,NA,NA,NA,NA,NA
273.150,2.3252,35.3430,1.4086,45.6809,NA,NA,NA,NA,NA,NA,NA,NA,NA,NA,NA,NA
273.261,2.3232,35.2243,1.4080,45.6181,NA,NA,NA,NA,NA,NA,NA,NA,NA,NA,NA,NA
273.346,2.3290,35.5612,1.4114,45.9743,NA,NA,NA,NA,NA,NA,NA,NA,NA,NA,NA,NA
273.437,2.3528,36.9456,1.4166,46.5075,NA,NA,NA,NA,NA,NA,NA,NA,NA,NA,NA,NA
273.533,2.3793,38.4914,1.4248,47.3621,NA,NA,NA,NA,NA,NA,NA,NA,NA,NA,NA,NA
273.639,2.3983,39.5961,1.4311,48.0060,NA,NA,NA,NA,NA,NA,NA,NA,NA,NA,NA,NA
273.735,2.4245,41.1188,1.4367,48.5873,NA,NA,NA,NA,NA,NA,NA,NA,NA,NA,NA,NA
273.880,2.4363,41.8080,1.4445,49.3937,NA,NA,NA,NA,NA,NA,NA,NA,NA,NA,NA,NA
273.930,2.4645,43.4501,1.4533,50.3073,NA,NA,NA,NA,NA,NA,NA,NA,NA,NA,NA,NA
274.028,2.4753,44.0757,1.4618,51.1879,NA,NA,NA,NA,NA,NA,NA,NA,NA,NA,NA,NA
274.121,2.4859,44.6967,1.4661,51.6329,NA,NA,NA,NA,NA,NA,NA,NA,NA,NA,NA,NA
274.221,2.4958,45.2705,1.4767,52.7285,NA,NA,NA,NA,NA,NA,NA,NA,NA,NA,NA,NA
274.323,2.5075,45.9533,1.4872,53.8155,NA,NA,NA,NA,NA,NA,NA,NA,NA,NA,NA,NA
274.426,2.5372,47.6793,1.4956,54.6837,NA,NA,NA,NA,NA,NA,NA,NA,NA,NA,NA,NA
274.524,2.5485,48.3357,1.5024,55.3871,NA,NA,NA,NA,NA,NA,NA,NA,NA,NA,NA,NA
274.614,2.5620,49.1235,1.5064,55.7940,NA,NA,NA,NA,NA,NA,NA,NA,NA,NA,NA,NA
274.713,2.5676,49.4469,1.5116,56.3359,NA,NA,NA,NA,NA,NA,NA,NA,NA,NA,NA,NA
274.817,2.5733,49.7814,1.5179,56.9877,NA,NA,NA,NA,NA,NA,NA,NA,NA,NA,NA,NA
274.907,2.5765,49.9656,1.5248,57.6988,NA,NA,NA,NA,NA,NA,NA,NA,NA,NA,NA,NA
275.056,2.5787,50.0984,1.5285,58.0852,NA,NA,NA,NA,NA,NA,NA,NA,NA,NA,NA,NA
275.106,2.5919,50.8614,1.5334,58.5944,NA,NA,NA,NA,NA,NA,NA,NA,NA,NA,NA,NA
275.202,2.5919,50.8614,1.5380,59.0636,NA,NA,NA,NA,NA,NA,NA,NA,NA,NA,NA,NA
275.308,2.6001,51.3404,1.5407,59.3424,NA,NA,NA,NA,NA,NA,NA,NA,NA,NA,NA,NA
275.395,2.6063,51.7007,1.5459,59.8796,NA,NA,NA,NA,NA,NA,NA,NA,NA,NA,NA,NA
275.499,2.6116,52.0097,1.5504,60.3446,NA,NA,NA,NA,NA,NA,NA,NA,NA,NA,NA,NA
275.595,2.6116,52.0097,1.5530,60.6182,NA,NA,NA,NA,NA,NA,NA,NA,NA,NA,NA,NA
275.715,2.6094,51.8814,1.5541,60.7354,NA,NA,NA,NA,NA,NA,NA,NA,NA,NA,NA,NA
275.796,2.6044,51.5895,1.5547,60.7919,NA,NA,NA,NA,NA,NA,NA,NA,NA,NA,NA,NA
275.887,2.6044,51.5895,1.5560,60.9255,NA,NA,NA,NA,NA,NA,NA,NA,NA,NA,NA,NA
275.987,2.5974,51.1827,1.5560,60.9255,NA,NA,NA,NA,NA,NA,NA,NA,NA,NA,NA,NA
276.089,2.5974,51.1827,1.5526,60.5759,NA,NA,NA,NA,NA,NA,NA,NA,NA,NA,NA,NA
276.185,2.5942,50.9990,1.5455,59.8407,NA,NA,NA,NA,NA,NA,NA,NA,NA,NA,NA,NA
276.278,2.5941,50.9908,1.5448,59.7711,NA,NA,NA,NA,NA,NA,NA,NA,NA,NA,NA,NA
276.387,2.5782,50.0646,1.5441,59.7007,NA,NA,NA,NA,NA,NA,NA,NA,NA,NA,NA,NA
276.474,2.5718,49.6937,1.5436,59.6483,NA,NA,NA,NA,NA,NA,NA,NA,NA,NA,NA,NA
276.579,2.5653,49.3133,1.5387,59.1432,NA,NA,NA,NA,NA,NA,NA,NA,NA,NA,NA,NA
276.669,2.5654,49.3203,1.5387,59.1432,NA,NA,NA,NA,NA,NA,NA,NA,NA,NA,NA,NA
276.768,2.5654,49.3203,1.5384,59.1040,NA,NA,NA,NA,NA,NA,NA,NA,NA,NA,NA,NA
276.901,2.5572,48.8419,1.5364,58.9019,NA,NA,NA,NA,NA,NA,NA,NA,NA,NA,NA,NA
276.961,2.5518,48.5287,1.5339,58.6446,NA,NA,NA,NA,NA,NA,NA,NA,NA,NA,NA,NA
277.062,2.5413,47.9167,1.5324,58.4871,NA,NA,NA,NA,NA,NA,NA,NA,NA,NA,NA,NA
277.163,2.5413,47.9167,1.5324,58.4871,NA,NA,NA,NA,NA,NA,NA,NA,NA,NA,NA,NA
277.254,2.5331,47.4434,1.5268,57.9104,NA,NA,NA,NA,NA,NA,NA,NA,NA,NA,NA,NA
277.371,2.5371,47.6771,1.5245,57.6680,NA,NA,NA,NA,NA,NA,NA,NA,NA,NA,NA,NA
277.520,2.5371,47.6771,1.5228,57.4972,NA,NA,NA,NA,NA,NA,NA,NA,NA,NA,NA,NA
277.552,2.5293,47.2212,1.5220,57.4130,NA,NA,NA,NA,NA,NA,NA,NA,NA,NA,NA,NA
277.659,2.5249,46.9631,1.5187,57.0685,NA,NA,NA,NA,NA,NA,NA,NA,NA,NA,NA,NA
277.747,2.5142,46.3409,1.5173,56.9291,NA,NA,NA,NA,NA,NA,NA,NA,NA,NA,NA,NA
277.847,2.5133,46.2917,1.5124,56.4168,NA,NA,NA,NA,NA,NA,NA,NA,NA,NA,NA,NA
277.945,2.5044,45.7703,1.5109,56.2664,NA,NA,NA,NA,NA,NA,NA,NA,NA,NA,NA,NA
278.048,2.5014,45.5965,1.5084,56.0056,NA,NA,NA,NA,NA,NA,NA,NA,NA,NA,NA,NA
278.144,2.4961,45.2859,1.5084,56.0056,NA,NA,NA,NA,NA,NA,NA,NA,NA,NA,NA,NA
278.236,2.4889,44.8717,1.5077,55.9296,NA,NA,NA,NA,NA,NA,NA,NA,NA,NA,NA,NA
278.337,2.4889,44.8717,1.5028,55.4290,NA,NA,NA,NA,NA,NA,NA,NA,NA,NA,NA,NA
278.436,2.4879,44.8111,1.5022,55.3635,NA,NA,NA,NA,NA,NA,NA,NA,NA,NA,NA,NA
278.528,2.4872,44.7682,1.4985,54.9816,NA,NA,NA,NA,NA,NA,NA,NA,NA,NA,NA,NA
278.667,2.4840,44.5825,1.4970,54.8228,NA,NA,NA,NA,NA,NA,NA,NA,NA,NA,NA,NA
278.725,2.4840,44.5825,1.4958,54.7043,NA,NA,NA,NA,NA,NA,NA,NA,NA,NA,NA,NA
278.831,2.4673,43.6131,1.4953,54.6544,NA,NA,NA,NA,NA,NA,NA,NA,NA,NA,NA,NA
278.921,2.4695,43.7412,1.4950,54.6202,NA,NA,NA,NA,NA,NA,NA,NA,NA,NA,NA,NA
279.025,2.4695,43.7412,1.4928,54.3892,NA,NA,NA,NA,NA,NA,NA,NA,NA,NA,NA,NA
279.118,2.4563,42.9692,1.4903,54.1379,NA,NA,NA,NA,NA,NA,NA,NA,NA,NA,NA,NA
279.219,2.4563,42.9692,1.4891,54.0052,NA,NA,NA,NA,NA,NA,NA,NA,NA,NA,NA,NA
279.315,2.4569,43.0060,1.4874,53.8339,NA,NA,NA,NA,NA,NA,NA,NA,NA,NA,NA,NA
279.411,2.4569,43.0060,1.4863,53.7234,NA,NA,NA,NA,NA,NA,NA,NA,NA,NA,NA,NA
279.511,2.4430,42.1996,1.4861,53.6947,NA,NA,NA,NA,NA,NA,NA,NA,NA,NA,NA,NA
279.612,2.4404,42.0438,1.4853,53.6198,NA,NA,NA,NA,NA,NA,NA,NA,NA,NA,NA,NA
279.709,2.4322,41.5671,1.4835,53.4311,NA,NA,NA,NA,NA,NA,NA,NA,NA,NA,NA,NA
279.841,2.4325,41.5877,1.4809,53.1637,NA,NA,NA,NA,NA,NA,NA,NA,NA,NA,NA,NA
279.925,2.4325,41.5877,1.4795,53.0177,NA,NA,NA,NA,NA,NA,NA,NA,NA,NA,NA,NA
280.001,2.4379,41.9006,1.4783,52.8945,NA,NA,NA,NA,NA,NA,NA,NA,NA,NA,NA,NA
280.095,2.4379,41.9006,1.4782,52.8789,NA,NA,NA,NA,NA,NA,NA,NA,NA,NA,NA,NA
280.193,2.4294,41.4029,1.4786,52.9234,NA,NA,NA,NA,NA,NA,NA,NA,NA,NA,NA,NA
280.299,2.4322,41.5664,1.4808,53.1529,NA,NA,NA,NA,NA,NA,NA,NA,NA,NA,NA,NA
280.390,2.4492,42.5578,1.4843,53.5107,NA,NA,NA,NA,NA,NA,NA,NA,NA,NA,NA,NA
280.505,2.4744,44.0248,1.4900,54.1001,NA,NA,NA,NA,NA,NA,NA,NA,NA,NA,NA,NA
280.593,2.4843,44.6038,1.4973,54.8618,NA,NA,NA,NA,NA,NA,NA,NA,NA,NA,NA,NA
280.693,2.5001,45.5211,1.5031,55.4518,NA,NA,NA,NA,NA,NA,NA,NA,NA,NA,NA,NA
280.781,2.5059,45.8564,1.5054,55.6911,NA,NA,NA,NA,NA,NA,NA,NA,NA,NA,NA,NA
280.885,2.5168,46.4923,1.5095,56.1148,NA,NA,NA,NA,NA,NA,NA,NA,NA,NA,NA,NA
280.978,2.5225,46.8236,1.5110,56.2765,NA,NA,NA,NA,NA,NA,NA,NA,NA,NA,NA,NA
281.129,2.5255,46.9985,1.5129,56.4715,NA,NA,NA,NA,NA,NA,NA,NA,NA,NA,NA,NA
281.179,2.5267,47.0679,1.5129,56.4715,NA,NA,NA,NA,NA,NA,NA,NA,NA,NA,NA,NA
281.272,2.5267,47.0679,1.5123,56.4131,NA,NA,NA,NA,NA,NA,NA,NA,NA,NA,NA,NA
281.380,2.5181,46.5683,1.5121,56.3889,NA,NA,NA,NA,NA,NA,NA,NA,NA,NA,NA,NA
281.465,2.5181,46.5683,1.5121,56.3889,NA,NA,NA,NA,NA,NA,NA,NA,NA,NA,NA,NA
281.572,2.5070,45.9245,1.5092,56.0894,NA,NA,NA,NA,NA,NA,NA,NA,NA,NA,NA,NA
281.707,2.5070,45.9245,1.5075,55.9108,NA,NA,NA,NA,NA,NA,NA,NA,NA,NA,NA,NA
281.765,2.4876,44.7924,1.5068,55.8439,NA,NA,NA,NA,NA,NA,NA,NA,NA,NA,NA,NA
281.858,2.4855,44.6735,1.5050,55.6579,NA,NA,NA,NA,NA,NA,NA,NA,NA,NA,NA,NA
281.960,2.4722,43.8987,1.5030,55.4421,NA,NA,NA,NA,NA,NA,NA,NA,NA,NA,NA,NA
282.052,2.4722,43.8987,1.5015,55.2941,NA,NA,NA,NA,NA,NA,NA,NA,NA,NA,NA,NA
282.164,2.4694,43.7339,1.4997,55.1062,NA,NA,NA,NA,NA,NA,NA,NA,NA,NA,NA,NA
282.267,2.4673,43.6142,1.4984,54.9692,NA,NA,NA,NA,NA,NA,NA,NA,NA,NA,NA,NA
282.356,2.4561,42.9594,1.4971,54.8404,NA,NA,NA,NA,NA,NA,NA,NA,NA,NA,NA,NA
282.448,2.4580,43.0723,1.4963,54.7507,NA,NA,NA,NA,NA,NA,NA,NA,NA,NA,NA,NA
282.546,2.4580,43.0723,1.4950,54.6141,NA,NA,NA,NA,NA,NA,NA,NA,NA,NA,NA,NA
282.648,2.4674,43.6159,1.4933,54.4402,NA,NA,NA,NA,NA,NA,NA,NA,NA,NA,NA,NA
282.741,2.4674,43.6159,1.4913,54.2379,NA,NA,NA,NA,NA,NA,NA,NA,NA,NA,NA,NA
282.862,2.4656,43.5152,1.4896,54.0631,NA,NA,NA,NA,NA,NA,NA,NA,NA,NA,NA,NA
282.939,2.4656,43.5152,1.4887,53.9709,NA,NA,NA,NA,NA,NA,NA,NA,NA,NA,NA,NA
283.034,2.4545,42.8671,1.4873,53.8255,NA,NA,NA,NA,NA,NA,NA,NA,NA,NA,NA,NA
283.134,2.4517,42.7038,1.4863,53.7239,NA,NA,NA,NA,NA,NA,NA,NA,NA,NA,NA,NA
283.229,2.4388,41.9503,1.4850,53.5895,NA,NA,NA,NA,NA,NA,NA,NA,NA,NA,NA,NA
283.330,2.4422,42.1489,1.4842,53.5060,NA,NA,NA,NA,NA,NA,NA,NA,NA,NA,NA,NA
283.425,2.4422,42.1489,1.4833,53.4062,NA,NA,NA,NA,NA,NA,NA,NA,NA,NA,NA,NA
283.527,2.4404,42.0444,1.4820,53.2739,NA,NA,NA,NA,NA,NA,NA,NA,NA,NA,NA,NA
283.623,2.4404,42.0444,1.4801,53.0808,NA,NA,NA,NA,NA,NA,NA,NA,NA,NA,NA,NA
283.726,2.4377,41.8887,1.4790,52.9691,NA,NA,NA,NA,NA,NA,NA,NA,NA,NA,NA,NA
283.819,2.4339,41.6657,1.4766,52.7116,NA,NA,NA,NA,NA,NA,NA,NA,NA,NA,NA,NA
283.913,2.4245,41.1225,1.4742,52.4689,NA,NA,NA,NA,NA,NA,NA,NA,NA,NA,NA,NA
284.056,2.4226,41.0093,1.4736,52.4060,NA,NA,NA,NA,NA,NA,NA,NA,NA,NA,NA,NA
284.118,2.4189,40.7970,1.4710,52.1414,NA,NA,NA,NA,NA,NA,NA,NA,NA,NA,NA,NA
284.215,2.4197,40.8392,1.4703,52.0631,NA,NA,NA,NA,NA,NA,NA,NA,NA,NA,NA,NA
284.304,2.4197,40.8392,1.4686,51.8896,NA,NA,NA,NA,NA,NA,NA,NA,NA,NA,NA,NA
284.406,2.4149,40.5620,1.4671,51.7331,NA,NA,NA,NA,NA,NA,NA,NA,NA,NA,NA,NA
284.521,2.4173,40.7010,1.4671,51.7292,NA,NA,NA,NA,NA,NA,NA,NA,NA,NA,NA,NA
284.604,2.4249,41.1460,1.4713,52.1714,NA,NA,NA,NA,NA,NA,NA,NA,NA,NA,NA,NA
284.724,2.4471,42.4340,1.4762,52.6749,NA,NA,NA,NA,NA,NA,NA,NA,NA,NA,NA,NA
284.796,2.4623,43.3216,1.4830,53.3800,NA,NA,NA,NA,NA,NA,NA,NA,NA,NA,NA,NA
284.891,2.4990,45.4548,1.4909,54.1939,NA,NA,NA,NA,NA,NA,NA,NA,NA,NA,NA,NA
284.989,2.5127,46.2522,1.4961,54.7291,NA,NA,NA,NA,NA,NA,NA,NA,NA,NA,NA,NA
285.091,2.5394,47.8088,1.5074,55.9062,NA,NA,NA,NA,NA,NA,NA,NA,NA,NA,NA,NA
285.244,2.5507,48.4649,1.5168,56.8707,NA,NA,NA,NA,NA,NA,NA,NA,NA,NA,NA,NA
285.290,2.5568,48.8240,1.5219,57.3964,NA,NA,NA,NA,NA,NA,NA,NA,NA,NA,NA,NA
285.383,2.5767,49.9809,1.5288,58.1119,NA,NA,NA,NA,NA,NA,NA,NA,NA,NA,NA,NA
285.481,2.5841,50.4117,1.5387,59.1416,NA,NA,NA,NA,NA,NA,NA,NA,NA,NA,NA,NA
285.582,2.6126,52.0719,1.5438,59.6672,NA,NA,NA,NA,NA,NA,NA,NA,NA,NA,NA,NA
285.676,2.6209,52.5541,1.5543,60.7484,NA,NA,NA,NA,NA,NA,NA,NA,NA,NA,NA,NA
285.781,2.6450,53.9549,1.5606,61.4013,NA,NA,NA,NA,NA,NA,NA,NA,NA,NA,NA,NA
285.870,2.6551,54.5408,1.5638,61.7325,NA,NA,NA,NA,NA,NA,NA,NA,NA,NA,NA,NA
285.970,2.6588,54.7562,1.5711,62.4846,NA,NA,NA,NA,NA,NA,NA,NA,NA,NA,NA,NA
286.078,2.6712,55.4803,1.5769,63.0880,NA,NA,NA,NA,NA,NA,NA,NA,NA,NA,NA,NA
286.165,2.6796,55.9661,1.5830,63.7215,NA,NA,NA,NA,NA,NA,NA,NA,NA,NA,NA,NA
286.262,2.6912,56.6456,1.5862,64.0549,NA,NA,NA,NA,NA,NA,NA,NA,NA,NA,NA,NA
286.365,2.6913,56.6507,1.5939,64.8466,NA,NA,NA,NA,NA,NA,NA,NA,NA,NA,NA,NA
286.516,2.7066,57.5412,1.5978,65.2499,NA,NA,NA,NA,NA,NA,NA,NA,NA,NA,NA,NA
286.567,2.7066,57.5412,1.5985,65.3194,NA,NA,NA,NA,NA,NA,NA,NA,NA,NA,NA,NA
286.663,2.7148,58.0204,1.6000,65.4771,NA,NA,NA,NA,NA,NA,NA,NA,NA,NA,NA,NA
286.753,2.7148,58.0204,1.6000,65.4771,NA,NA,NA,NA,NA,NA,NA,NA,NA,NA,NA,NA
286.854,2.7045,57.4208,1.5994,65.4184,NA,NA,NA,NA,NA,NA,NA,NA,NA,NA,NA,NA
286.956,2.7030,57.3299,1.5986,65.3360,NA,NA,NA,NA,NA,NA,NA,NA,NA,NA,NA,NA
287.048,2.6973,57.0000,1.5971,65.1761,NA,NA,NA,NA,NA,NA,NA,NA,NA,NA,NA,NA
287.146,2.6767,55.7981,1.5962,65.0898,NA,NA,NA,NA,NA,NA,NA,NA,NA,NA,NA,NA
287.244,2.6730,55.5832,1.5910,64.5475,NA,NA,NA,NA,NA,NA,NA,NA,NA,NA,NA,NA
287.341,2.6532,54.4345,1.5860,64.0327,NA,NA,NA,NA,NA,NA,NA,NA,NA,NA,NA,NA
287.439,2.6457,53.9936,1.5813,63.5440,NA,NA,NA,NA,NA,NA,NA,NA,NA,NA,NA,NA
287.539,2.6399,53.6608,1.5761,63.0033,NA,NA,NA,NA,NA,NA,NA,NA,NA,NA,NA,NA
287.678,2.6281,52.9716,1.5715,62.5261,NA,NA,NA,NA,NA,NA,NA,NA,NA,NA,NA,NA
287.738,2.6203,52.5171,1.5648,61.8405,NA,NA,NA,NA,NA,NA,NA,NA,NA,NA,NA,NA
287.830,2.6159,52.2633,1.5612,61.4631,NA,NA,NA,NA,NA,NA,NA,NA,NA,NA,NA,NA
287.933,2.5981,51.2278,1.5591,61.2465,NA,NA,NA,NA,NA,NA,NA,NA,NA,NA,NA,NA
288.024,2.5972,51.1700,1.5576,61.0905,NA,NA,NA,NA,NA,NA,NA,NA,NA,NA,NA,NA
288.125,2.5903,50.7686,1.5499,60.2949,NA,NA,NA,NA,NA,NA,NA,NA,NA,NA,NA,NA
288.249,2.5724,49.7292,1.5469,59.9870,NA,NA,NA,NA,NA,NA,NA,NA,NA,NA,NA,NA
288.317,2.5687,49.5128,1.5430,59.5848,NA,NA,NA,NA,NA,NA,NA,NA,NA,NA,NA,NA
288.415,2.5624,49.1487,1.5410,59.3811,NA,NA,NA,NA,NA,NA,NA,NA,NA,NA,NA,NA
288.523,2.5615,49.0955,1.5370,58.9665,NA,NA,NA,NA,NA,NA,NA,NA,NA,NA,NA,NA
288.618,2.5600,49.0076,1.5358,58.8416,NA,NA,NA,NA,NA,NA,NA,NA,NA,NA,NA,NA
288.714,2.5600,49.0076,1.5354,58.7929,NA,NA,NA,NA,NA,NA,NA,NA,NA,NA,NA,NA
288.807,2.5505,48.4528,1.5350,58.7520,NA,NA,NA,NA,NA,NA,NA,NA,NA,NA,NA,NA
288.910,2.5446,48.1087,1.5331,58.5581,NA,NA,NA,NA,NA,NA,NA,NA,NA,NA,NA,NA
289.004,2.5419,47.9548,1.5306,58.2982,NA,NA,NA,NA,NA,NA,NA,NA,NA,NA,NA,NA
289.098,2.5388,47.7713,1.5277,57.9987,NA,NA,NA,NA,NA,NA,NA,NA,NA,NA,NA,NA
289.210,2.5372,47.6809,1.5254,57.7593,NA,NA,NA,NA,NA,NA,NA,NA,NA,NA,NA,NA
289.299,2.5363,47.6306,1.5240,57.6148,NA,NA,NA,NA,NA,NA,NA,NA,NA,NA,NA,NA
289.399,2.5363,47.6306,1.5223,57.4418,NA,NA,NA,NA,NA,NA,NA,NA,NA,NA,NA,NA
289.501,2.5250,46.9701,1.5223,57.4418,NA,NA,NA,NA,NA,NA,NA,NA,NA,NA,NA,NA
289.596,2.5250,46.9701,1.5214,57.3515,NA,NA,NA,NA,NA,NA,NA,NA,NA,NA,NA,NA
289.689,2.5149,46.3846,1.5187,57.0650,NA,NA,NA,NA,NA,NA,NA,NA,NA,NA,NA,NA
289.799,2.5145,46.3574,1.5157,56.7613,NA,NA,NA,NA,NA,NA,NA,NA,NA,NA,NA,NA
289.891,2.5128,46.2578,1.5133,56.5154,NA,NA,NA,NA,NA,NA,NA,NA,NA,NA,NA,NA
289.988,2.5127,46.2569,1.5133,56.5154,NA,NA,NA,NA,NA,NA,NA,NA,NA,NA,NA,NA
290.126,2.5127,46.2569,1.5069,55.8498,NA,NA,NA,NA,NA,NA,NA,NA,NA,NA,NA,NA
290.184,2.5054,45.8317,1.5054,55.6960,NA,NA,NA,NA,NA,NA,NA,NA,NA,NA,NA,NA
290.275,2.5054,45.8317,1.5044,55.5930,NA,NA,NA,NA,NA,NA,NA,NA,NA,NA,NA,NA
290.378,2.5007,45.5571,1.5040,55.5487,NA,NA,NA,NA,NA,NA,NA,NA,NA,NA,NA,NA
290.474,2.5005,45.5415,1.5028,55.4266,NA,NA,NA,NA,NA,NA,NA,NA,NA,NA,NA,NA
290.575,2.4973,45.3550,1.5028,55.4222,NA,NA,NA,NA,NA,NA,NA,NA,NA,NA,NA,NA
290.706,2.4916,45.0282,1.5004,55.1804,NA,NA,NA,NA,NA,NA,NA,NA,NA,NA,NA,NA
290.775,2.4902,44.9432,1.5005,55.1852,NA,NA,NA,NA,NA,NA,NA,NA,NA,NA,NA,NA
290.866,2.4946,45.1981,1.5005,55.1852,NA,NA,NA,NA,NA,NA,NA,NA,NA,NA,NA,NA
290.962,2.4946,45.1981,1.4996,55.0994,NA,NA,NA,NA,NA,NA,NA,NA,NA,NA,NA,NA
291.065,2.4770,44.1771,1.4996,55.0994,NA,NA,NA,NA,NA,NA,NA,NA,NA,NA,NA,NA
291.161,2.4732,43.9547,1.4985,54.9820,NA,NA,NA,NA,NA,NA,NA,NA,NA,NA,NA,NA
291.298,2.4727,43.9246,1.4984,54.9714,NA,NA,NA,NA,NA,NA,NA,NA,NA,NA,NA,NA
291.359,2.4677,43.6323,1.4960,54.7273,NA,NA,NA,NA,NA,NA,NA,NA,NA,NA,NA,NA
291.458,2.4693,43.7292,1.4948,54.6031,NA,NA,NA,NA,NA,NA,NA,NA,NA,NA,NA,NA
291.578,2.4706,43.8047,1.4933,54.4429,NA,NA,NA,NA,NA,NA,NA,NA,NA,NA,NA,NA
291.654,2.4706,43.8047,1.4928,54.3915,NA,NA,NA,NA,NA,NA,NA,NA,NA,NA,NA,NA
291.747,2.4762,44.1272,1.4934,54.4534,NA,NA,NA,NA,NA,NA,NA,NA,NA,NA,NA,NA
291.905,2.4842,44.5963,1.4951,54.6266,NA,NA,NA,NA,NA,NA,NA,NA,NA,NA,NA,NA
291.940,2.4924,45.0699,1.4997,55.1053,NA,NA,NA,NA,NA,NA,NA,NA,NA,NA,NA,NA
292.050,2.5192,46.6340,1.5069,55.8450,NA,NA,NA,NA,NA,NA,NA,NA,NA,NA,NA,NA
292.145,2.5371,47.6757,1.5133,56.5130,NA,NA,NA,NA,NA,NA,NA,NA,NA,NA,NA,NA
292.240,2.5616,49.1021,1.5175,56.9413,NA,NA,NA,NA,NA,NA,NA,NA,NA,NA,NA,NA
292.333,2.5706,49.6235,1.5230,57.5169,NA,NA,NA,NA,NA,NA,NA,NA,NA,NA,NA,NA
292.434,2.5975,51.1900,1.5288,58.1112,NA,NA,NA,NA,NA,NA,NA,NA,NA,NA,NA,NA
292.528,2.6073,51.7631,1.5327,58.5217,NA,NA,NA,NA,NA,NA,NA,NA,NA,NA,NA,NA
292.624,2.6167,52.3067,1.5417,59.4502,NA,NA,NA,NA,NA,NA,NA,NA,NA,NA,NA,NA
292.729,2.6364,53.4572,1.5458,59.8755,NA,NA,NA,NA,NA,NA,NA,NA,NA,NA,NA,NA
292.822,2.6580,54.7106,1.5501,60.3128,NA,NA,NA,NA,NA,NA,NA,NA,NA,NA,NA,NA
292.918,2.6904,56.5965,1.5553,60.8524,NA,NA,NA,NA,NA,NA,NA,NA,NA,NA,NA,NA
293.021,2.6985,57.0701,1.5590,61.2375,NA,NA,NA,NA,NA,NA,NA,NA,NA,NA,NA,NA
293.117,2.7250,58.6107,1.5623,61.5745,NA,NA,NA,NA,NA,NA,NA,NA,NA,NA,NA,NA
293.214,2.7284,58.8077,1.5677,62.1417,NA,NA,NA,NA,NA,NA,NA,NA,NA,NA,NA,NA
293.325,2.7465,59.8629,1.5775,63.1554,NA,NA,NA,NA,NA,NA,NA,NA,NA,NA,NA,NA
293.410,2.7540,60.3004,1.5851,63.9360,NA,NA,NA,NA,NA,NA,NA,NA,NA,NA,NA,NA
293.507,2.7701,61.2343,1.5903,64.4802,NA,NA,NA,NA,NA,NA,NA,NA,NA,NA,NA,NA
293.648,2.7815,61.8992,1.5954,65.0063,NA,NA,NA,NA,NA,NA,NA,NA,NA,NA,NA,NA
293.705,2.7870,62.2227,1.6004,65.5156,NA,NA,NA,NA,NA,NA,NA,NA,NA,NA,NA,NA
293.799,2.8004,63.0016,1.6035,65.8379,NA,NA,NA,NA,NA,NA,NA,NA,NA,NA,NA,NA
293.909,2.8063,63.3416,1.6070,66.1999,NA,NA,NA,NA,NA,NA,NA,NA,NA,NA,NA,NA
294.007,2.8088,63.4892,1.6092,66.4339,NA,NA,NA,NA,NA,NA,NA,NA,NA,NA,NA,NA
294.099,2.8088,63.4892,1.6119,66.7043,NA,NA,NA,NA,NA,NA,NA,NA,NA,NA,NA,NA
294.192,2.8119,63.6724,1.6151,67.0451,NA,NA,NA,NA,NA,NA,NA,NA,NA,NA,NA,NA
294.295,2.8119,63.6724,1.6151,67.0451,NA,NA,NA,NA,NA,NA,NA,NA,NA,NA,NA,NA
294.393,2.8071,63.3921,1.6120,66.7240,NA,NA,NA,NA,NA,NA,NA,NA,NA,NA,NA,NA
294.486,2.8025,63.1203,1.6119,66.7109,NA,NA,NA,NA,NA,NA,NA,NA,NA,NA,NA,NA
294.586,2.7998,62.9652,1.6015,65.6316,NA,NA,NA,NA,NA,NA,NA,NA,NA,NA,NA,NA
294.683,2.7946,62.6637,1.5996,65.4374,NA,NA,NA,NA,NA,NA,NA,NA,NA,NA,NA,NA
294.780,2.7685,61.1462,1.5961,65.0705,NA,NA,NA,NA,NA,NA,NA,NA,NA,NA,NA,NA
294.883,2.7336,59.1131,1.5920,64.6504,NA,NA,NA,NA,NA,NA,NA,NA,NA,NA,NA,NA
294.976,2.7204,58.3459,1.5873,64.1648,NA,NA,NA,NA,NA,NA,NA,NA,NA,NA,NA,NA
295.076,2.6950,56.8634,1.5792,63.3259,NA,NA,NA,NA,NA,NA,NA,NA,NA,NA,NA,NA
295.171,2.6914,56.6585,1.5751,62.9035,NA,NA,NA,NA,NA,NA,NA,NA,NA,NA,NA,NA
295.282,2.6806,56.0260,1.5667,62.0297,NA,NA,NA,NA,NA,NA,NA,NA,NA,NA,NA,NA
295.368,2.6769,55.8091,1.5637,61.7200,NA,NA,NA,NA,NA,NA,NA,NA,NA,NA,NA,NA
295.467,2.6610,54.8864,1.5607,61.4179,NA,NA,NA,NA,NA,NA,NA,NA,NA,NA,NA,NA
295.571,2.6496,54.2221,1.5607,61.4179,NA,NA,NA,NA,NA,NA,NA,NA,NA,NA,NA,NA
295.660,2.6437,53.8798,1.5550,60.8193,NA,NA,NA,NA,NA,NA,NA,NA,NA,NA,NA,NA
295.759,2.6455,53.9863,1.5531,60.6295,NA,NA,NA,NA,NA,NA,NA,NA,NA,NA,NA,NA
295.861,2.6455,53.9863,1.5523,60.5494,NA,NA,NA,NA,NA,NA,NA,NA,NA,NA,NA,NA
295.955,2.6342,53.3245,1.5511,60.4176,NA,NA,NA,NA,NA,NA,NA,NA,NA,NA,NA,NA
296.095,2.6307,53.1233,1.5475,60.0484,NA,NA,NA,NA,NA,NA,NA,NA,NA,NA,NA,NA
296.154,2.6246,52.7670,1.5456,59.8477,NA,NA,NA,NA,NA,NA,NA,NA,NA,NA,NA,NA
296.259,2.6230,52.6729,1.5448,59.7724,NA,NA,NA,NA,NA,NA,NA,NA,NA,NA,NA,NA
296.351,2.6155,52.2382,1.5430,59.5875,NA,NA,NA,NA,NA,NA,NA,NA,NA,NA,NA,NA
296.447,2.6186,52.4177,1.5428,59.5651,NA,NA,NA,NA,NA,NA,NA,NA,NA,NA,NA,NA
296.569,2.6186,52.4177,1.5393,59.2009,NA,NA,NA,NA,NA,NA,NA,NA,NA,NA,NA,NA
296.638,2.6165,52.2986,1.5393,59.2009,NA,NA,NA,NA,NA,NA,NA,NA,NA,NA,NA,NA
296.737,2.6142,52.1608,1.5368,58.9412,NA,NA,NA,NA,NA,NA,NA,NA,NA,NA,NA,NA
296.834,2.6115,52.0049,1.5368,58.9412,NA,NA,NA,NA,NA,NA,NA,NA,NA,NA,NA,NA
296.940,2.6115,52.0049,1.5352,58.7801,NA,NA,NA,NA,NA,NA,NA,NA,NA,NA,NA,NA
297.040,2.6075,51.7729,1.5346,58.7095,NA,NA,NA,NA,NA,NA,NA,NA,NA,NA,NA,NA
297.132,2.6041,51.5757,1.5342,58.6753,NA,NA,NA,NA,NA,NA,NA,NA,NA,NA,NA,NA
297.289,2.5919,50.8626,1.5332,58.5656,NA,NA,NA,NA,NA,NA,NA,NA,NA,NA,NA,NA
297.323,2.5893,50.7127,1.5327,58.5165,NA,NA,NA,NA,NA,NA,NA,NA,NA,NA,NA,NA
297.421,2.5895,50.7226,1.5315,58.3946,NA,NA,NA,NA,NA,NA,NA,NA,NA,NA,NA,NA
297.519,2.5895,50.7226,1.5309,58.3290,NA,NA,NA,NA,NA,NA,NA,NA,NA,NA,NA,NA
297.617,2.5826,50.3207,1.5277,58.0036,NA,NA,NA,NA,NA,NA,NA,NA,NA,NA,NA,NA
297.720,2.5842,50.4131,1.5268,57.9034,NA,NA,NA,NA,NA,NA,NA,NA,NA,NA,NA,NA
297.883,2.5842,50.4131,1.5256,57.7799,NA,NA,NA,NA,NA,NA,NA,NA,NA,NA,NA,NA
297.913,2.5695,49.5580,1.5256,57.7799,NA,NA,NA,NA,NA,NA,NA,NA,NA,NA,NA,NA
298.008,2.5768,49.9880,1.5245,57.6685,NA,NA,NA,NA,NA,NA,NA,NA,NA,NA,NA,NA
298.108,2.5768,49.9880,1.5242,57.6380,NA,NA,NA,NA,NA,NA,NA,NA,NA,NA,NA,NA
298.208,2.5635,49.2115,1.5241,57.6315,NA,NA,NA,NA,NA,NA,NA,NA,NA,NA,NA,NA
298.303,2.5635,49.2115,1.5236,57.5780,NA,NA,NA,NA,NA,NA,NA,NA,NA,NA,NA,NA
298.409,2.5666,49.3943,1.5233,57.5439,NA,NA,NA,NA,NA,NA,NA,NA,NA,NA,NA,NA
298.528,2.5666,49.3943,1.5221,57.4173,NA,NA,NA,NA,NA,NA,NA,NA,NA,NA,NA,NA
298.609,2.5567,48.8145,1.5209,57.2952,NA,NA,NA,NA,NA,NA,NA,NA,NA,NA,NA,NA
298.697,2.5546,48.6959,1.5205,57.2577,NA,NA,NA,NA,NA,NA,NA,NA,NA,NA,NA,NA
298.793,2.5546,48.6959,1.5200,57.2091,NA,NA,NA,NA,NA,NA,NA,NA,NA,NA,NA,NA
298.897,2.5519,48.5354,1.5192,57.1249,NA,NA,NA,NA,NA,NA,NA,NA,NA,NA,NA,NA
298.987,2.5519,48.5354,1.5187,57.0671,NA,NA,NA,NA,NA,NA,NA,NA,NA,NA,NA,NA
299.091,2.5493,48.3857,1.5165,56.8439,NA,NA,NA,NA,NA,NA,NA,NA,NA,NA,NA,NA
299.184,2.5493,48.3857,1.5151,56.7008,NA,NA,NA,NA,NA,NA,NA,NA,NA,NA,NA,NA
299.292,2.5375,47.7002,1.5138,56.5612,NA,NA,NA,NA,NA,NA,NA,NA,NA,NA,NA,NA
299.383,2.5347,47.5347,1.5131,56.4944,NA,NA,NA,NA,NA,NA,NA,NA,NA,NA,NA,NA
299.482,2.5328,47.4269,1.5132,56.5039,NA,NA,NA,NA,NA,NA,NA,NA,NA,NA,NA,NA
299.582,2.5396,47.8183,1.5132,56.5039,NA,NA,NA,NA,NA,NA,NA,NA,NA,NA,NA,NA
299.714,2.5396,47.8183,1.5117,56.3426,NA,NA,NA,NA,NA,NA,NA,NA,NA,NA,NA,NA
299.781,2.5330,47.4332,1.5113,56.3084,NA,NA,NA,NA,NA,NA,NA,NA,NA,NA,NA,NA
299.870,2.5316,47.3525,1.5093,56.0932,NA,NA,NA,NA,NA,NA,NA,NA,NA,NA,NA,NA
299.969,2.5300,47.2629,1.5084,56.0083,NA,NA,NA,NA,NA,NA,NA,NA,NA,NA,NA,NA
300.067,2.5263,47.0436,1.5096,56.1238,NA,NA,NA,NA,NA,NA,NA,NA,NA,NA,NA,NA
300.166,2.5183,46.5830,1.5107,56.2457,NA,NA,NA,NA,NA,NA,NA,NA,NA,NA,NA,NA
300.266,2.5193,46.6383,1.5107,56.2457,NA,NA,NA,NA,NA,NA,NA,NA,NA,NA,NA,NA
300.361,2.5193,46.6383,1.5078,55.9388,NA,NA,NA,NA,NA,NA,NA,NA,NA,NA,NA,NA
300.456,2.5190,46.6184,1.5067,55.8284,NA,NA,NA,NA,NA,NA,NA,NA,NA,NA,NA,NA
300.556,2.5190,46.6184,1.5058,55.7348,NA,NA,NA,NA,NA,NA,NA,NA,NA,NA,NA,NA
300.655,2.5125,46.2411,1.5049,55.6438,NA,NA,NA,NA,NA,NA,NA,NA,NA,NA,NA,NA
300.758,2.5125,46.2411,1.5042,55.5731,NA,NA,NA,NA,NA,NA,NA,NA,NA,NA,NA,NA
300.850,2.5076,45.9565,1.5042,55.5731,NA,NA,NA,NA,NA,NA,NA,NA,NA,NA,NA,NA
300.963,2.5076,45.9565,1.5030,55.4413,NA,NA,NA,NA,NA,NA,NA,NA,NA,NA,NA,NA
301.057,2.5024,45.6558,1.5019,55.3372,NA,NA,NA,NA,NA,NA,NA,NA,NA,NA,NA,NA
301.146,2.5035,45.7205,1.5017,55.3102,NA,NA,NA,NA,NA,NA,NA,NA,NA,NA,NA,NA
301.250,2.5035,45.7205,1.4996,55.0939,NA,NA,NA,NA,NA,NA,NA,NA,NA,NA,NA,NA
301.343,2.5017,45.6162,1.4996,55.0939,NA,NA,NA,NA,NA,NA,NA,NA,NA,NA,NA,NA
301.457,2.4975,45.3678,1.4989,55.0256,NA,NA,NA,NA,NA,NA,NA,NA,NA,NA,NA,NA
301.541,2.4948,45.2138,1.4985,54.9759,NA,NA,NA,NA,NA,NA,NA,NA,NA,NA,NA,NA
301.634,2.4948,45.2138,1.4977,54.8999,NA,NA,NA,NA,NA,NA,NA,NA,NA,NA,NA,NA
301.736,2.4939,45.1626,1.4974,54.8666,NA,NA,NA,NA,NA,NA,NA,NA,NA,NA,NA,NA
301.830,2.4902,44.9434,1.4972,54.8511,NA,NA,NA,NA,NA,NA,NA,NA,NA,NA,NA,NA
301.930,2.4970,45.3406,1.4965,54.7691,NA,NA,NA,NA,NA,NA,NA,NA,NA,NA,NA,NA
302.087,2.4970,45.3406,1.4965,54.7691,NA,NA,NA,NA,NA,NA,NA,NA,NA,NA,NA,NA
302.119,2.4853,44.6591,1.4953,54.6526,NA,NA,NA,NA,NA,NA,NA,NA,NA,NA,NA,NA
302.221,2.4809,44.4054,1.4934,54.4518,NA,NA,NA,NA,NA,NA,NA,NA,NA,NA,NA,NA
302.323,2.4760,44.1189,1.4933,54.4438,NA,NA,NA,NA,NA,NA,NA,NA,NA,NA,NA,NA
302.415,2.4867,44.7381,1.4944,54.5569,NA,NA,NA,NA,NA,NA,NA,NA,NA,NA,NA,NA
302.515,2.4867,44.7381,1.4944,54.5569,NA,NA,NA,NA,NA,NA,NA,NA,NA,NA,NA,NA
302.616,2.4831,44.5285,1.4928,54.3942,NA,NA,NA,NA,NA,NA,NA,NA,NA,NA,NA,NA
302.709,2.4831,44.5285,1.4921,54.3151,NA,NA,NA,NA,NA,NA,NA,NA,NA,NA,NA,NA
302.817,2.4790,44.2901,1.4914,54.2517,NA,NA,NA,NA,NA,NA,NA,NA,NA,NA,NA,NA
302.909,2.4776,44.2107,1.4896,54.0602,NA,NA,NA,NA,NA,NA,NA,NA,NA,NA,NA,NA
303.003,2.4706,43.8065,1.4901,54.1111,NA,NA,NA,NA,NA,NA,NA,NA,NA,NA,NA,NA
303.098,2.4704,43.7931,1.4901,54.1111,NA,NA,NA,NA,NA,NA,NA,NA,NA,NA,NA,NA
303.241,2.4721,43.8933,1.4884,53.9311,NA,NA,NA,NA,NA,NA,NA,NA,NA,NA,NA,NA
303.306,2.4779,44.2289,1.4884,53.9311,NA,NA,NA,NA,NA,NA,NA,NA,NA,NA,NA,NA
303.396,2.4779,44.2289,1.4865,53.7364,NA,NA,NA,NA,NA,NA,NA,NA,NA,NA,NA,NA
303.500,2.4716,43.8619,1.4851,53.5982,NA,NA,NA,NA,NA,NA,NA,NA,NA,NA,NA,NA
303.599,2.4716,43.8619,1.4849,53.5710,NA,NA,NA,NA,NA,NA,NA,NA,NA,NA,NA,NA
303.697,2.4647,43.4601,1.4848,53.5622,NA,NA,NA,NA,NA,NA,NA,NA,NA,NA,NA,NA
303.787,2.4635,43.3918,1.4841,53.4922,NA,NA,NA,NA,NA,NA,NA,NA,NA,NA,NA,NA
303.890,2.4635,43.3918,1.4846,53.5469,NA,NA,NA,NA,NA,NA,NA,NA,NA,NA,NA,NA
303.988,2.4674,43.6173,1.4846,53.5469,NA,NA,NA,NA,NA,NA,NA,NA,NA,NA,NA,NA
304.082,2.4674,43.6173,1.4854,53.6253,NA,NA,NA,NA,NA,NA,NA,NA,NA,NA,NA,NA
