,Ch1,,Ch2,,Ch3,,Ch4,,Ch5,,Ch6,,Ch7,,Ch8,
Time (s),R (kohm),ΔR/R0 (%),R (kohm),ΔR/R0 (%),R (kohm),ΔR/R0 (%),R (kohm),ΔR/R0 (%),R (kohm),ΔR/R0 (%),R (kohm),ΔR/R0 (%),R (kohm),ΔR/R0 (%),R (kohm),ΔR/R0 (%)
0.097,1.8029,0.0000,1.0092,0.0000,NA,NA,NA,NA,NA,NA,NA,NA,NA,NA,NA,NA
0.217,1.8050,0.0000,1.0092,0.0000,NA,NA,NA,NA,NA,NA,NA,NA,NA,NA,NA,NA
0.295,1.8050,0.0000,1.0092,0.0000,NA,NA,NA,NA,NA,NA,NA,NA,NA,NA,NA,NA
0.391,1.8103,0.0000,1.0089,0.0000,NA,NA,NA,NA,NA,NA,NA,NA,NA,NA,NA,NA
0.497,1.8103,0.0000,1.0089,0.0000,NA,NA,NA,NA,NA,NA,NA,NA,NA,NA,NA,NA
0.583,1.8135,0.0000,1.0078,0.0000,NA,NA,NA,NA,NA,NA,NA,NA,NA,NA,NA,NA
0.684,1.8135,0.0000,1.0078,0.0000,NA,NA,NA,NA,NA,NA,NA,NA,NA,NA,NA,NA
0.810,1.8092,0.0000,1.0081,0.0000,NA,NA,NA,NA,NA,NA,NA,NA,NA,NA,NA,NA
0.875,1.8065,0.0000,1.0081,0.0000,NA,NA,NA,NA,NA,NA,NA,NA,NA,NA,NA,NA
0.977,1.8054,0.0000,1.0080,0.0000,NA,NA,NA,NA,NA,NA,NA,NA,NA,NA,NA,NA
1.071,1.8048,0.0000,1.0076,-0.0412,NA,NA,NA,NA,NA,NA,NA,NA,NA,NA,NA,NA
1.164,1.8052,0.0222,1.0077,-0.0315,NA,NA,NA,NA,NA,NA,NA,NA,NA,NA,NA,NA
1.269,1.8085,0.2063,1.0114,0.3386,NA,NA,NA,NA,NA,NA,NA,NA,NA,NA,NA,NA
1.362,1.8264,1.1972,1.0196,1.1444,NA,NA,NA,NA,NA,NA,NA,NA,NA,NA,NA,NA
1.503,1.8415,2.0324,1.0287,2.0465,NA,NA,NA,NA,NA,NA,NA,NA,NA,NA,NA,NA
1.562,1.8519,2.6114,1.0355,2.7247,NA,NA,NA,NA,NA,NA,NA,NA,NA,NA,NA,NA
1.657,1.8610,3.1142,1.0387,3.0409,NA,NA,NA,NA,NA,NA,NA,NA,NA,NA,NA,NA
1.753,1.8652,3.3460,1.0413,3.3060,NA,NA,NA,NA,NA,NA,NA,NA,NA,NA,NA,NA
1.851,1.8714,3.6911,1.0431,3.4760,NA,NA,NA,NA,NA,NA,NA,NA,NA,NA,NA,NA
1.957,1.8747,3.8710,1.0453,3.6977,NA,NA,NA,NA,NA,NA,NA,NA,NA,NA,NA,NA
2.099,1.8787,4.0964,1.0470,3.8674,NA,NA,NA,NA,NA,NA,NA,NA,NA,NA,NA,NA
2.163,1.8832,4.3471,1.0486,4.0237,NA,NA,NA,NA,NA,NA,NA,NA,NA,NA,NA,NA
2.251,1.8859,4.4960,1.0499,4.1522,NA,NA,NA,NA,NA,NA,NA,NA,NA,NA,NA,NA
2.341,1.8894,4.6857,1.0508,4.2434,NA,NA,NA,NA,NA,NA,NA,NA,NA,NA,NA,NA
2.437,1.8905,4.7508,1.0516,4.3206,NA,NA,NA,NA,NA,NA,NA,NA,NA,NA,NA,NA
2.540,1.8932,4.8975,1.0524,4.4036,NA,NA,NA,NA,NA,NA,NA,NA,NA,NA,NA,NA
2.641,1.8944,4.9639,1.0533,4.4938,NA,NA,NA,NA,NA,NA,NA,NA,NA,NA,NA,NA
2.731,1.8944,4.9639,1.0539,4.5474,NA,NA,NA,NA,NA,NA,NA,NA,NA,NA,NA,NA
2.840,1.8934,4.9111,1.0553,4.6899,NA,NA,NA,NA,NA,NA,NA,NA,NA,NA,NA,NA
2.934,1.8978,5.1559,1.0564,4.7972,NA,NA,NA,NA,NA,NA,NA,NA,NA,NA,NA,NA
3.026,1.9019,5.3784,1.0573,4.8924,NA,NA,NA,NA,NA,NA,NA,NA,NA,NA,NA,NA
3.130,1.9019,5.3784,1.0582,4.9792,NA,NA,NA,NA,NA,NA,NA,NA,NA,NA,NA,NA
3.233,1.9102,5.8425,1.0597,5.1289,NA,NA,NA,NA,NA,NA,NA,NA,NA,NA,NA,NA
3.321,1.9102,5.8425,1.0597,5.1289,NA,NA,NA,NA,NA,NA,NA,NA,NA,NA,NA,NA
3.426,1.8992,5.2294,1.0594,5.0940,NA,NA,NA,NA,NA,NA,NA,NA,NA,NA,NA,NA
3.526,1.8992,5.2294,1.0588,5.0406,NA,NA,NA,NA,NA,NA,NA,NA,NA,NA,NA,NA
3.623,1.8937,4.9267,1.0578,4.9405,NA,NA,NA,NA,NA,NA,NA,NA,NA,NA,NA,NA
3.711,1.8894,4.6863,1.0569,4.8519,NA,NA,NA,NA,NA,NA,NA,NA,NA,NA,NA,NA
3.858,1.8886,4.6418,1.0546,4.6194,NA,NA,NA,NA,NA,NA,NA,NA,NA,NA,NA,NA
3.911,1.8834,4.3547,1.0527,4.4309,NA,NA,NA,NA,NA,NA,NA,NA,NA,NA,NA,NA
4.004,1.8834,4.3547,1.0508,4.2479,NA,NA,NA,NA,NA,NA,NA,NA,NA,NA,NA,NA
4.105,1.8752,3.9038,1.0498,4.1433,NA,NA,NA,NA,NA,NA,NA,NA,NA,NA,NA,NA
4.202,1.8734,3.8029,1.0465,3.8133,NA,NA,NA,NA,NA,NA,NA,NA,NA,NA,NA,NA
4.301,1.8623,3.1872,1.0430,3.4715,NA,NA,NA,NA,NA,NA,NA,NA,NA,NA,NA,NA
4.410,1.8572,2.9068,1.0399,3.1608,NA,NA,NA,NA,NA,NA,NA,NA,NA,NA,NA,NA
4.513,1.8532,2.6801,1.0373,2.8994,NA,NA,NA,NA,NA,NA,NA,NA,NA,NA,NA,NA
4.594,1.8510,2.5581,1.0358,2.7523,NA,NA,NA,NA,NA,NA,NA,NA,NA,NA,NA,NA
4.696,1.8510,2.5581,1.0335,2.5299,NA,NA,NA,NA,NA,NA,NA,NA,NA,NA,NA,NA
4.790,1.8480,2.3965,1.0320,2.3781,NA,NA,NA,NA,NA,NA,NA,NA,NA,NA,NA,NA
4.891,1.8480,2.3965,1.0309,2.2670,NA,NA,NA,NA,NA,NA,NA,NA,NA,NA,NA,NA
4.984,1.8452,2.2418,1.0301,2.1888,NA,NA,NA,NA,NA,NA,NA,NA,NA,NA,NA,NA
5.075,1.8446,2.2057,1.0295,2.1345,NA,NA,NA,NA,NA,NA,NA,NA,NA,NA,NA,NA
5.181,1.8410,2.0064,1.0324,2.4156,NA,NA,NA,NA,NA,NA,NA,NA,NA,NA,NA,NA
5.282,1.8548,2.7710,1.0355,2.7302,NA,NA,NA,NA,NA,NA,NA,NA,NA,NA,NA,NA
5.377,1.8643,3.2955,1.0403,3.2064,NA,NA,NA,NA,NA,NA,NA,NA,NA,NA,NA,NA
5.484,1.8720,3.7215,1.0427,3.4396,NA,NA,NA,NA,NA,NA,NA,NA,NA,NA,NA,NA
5.633,1.8752,3.8997,1.0460,3.7657,NA,NA,NA,NA,NA,NA,NA,NA,NA,NA,NA,NA
5.671,1.8803,4.1836,1.0477,3.9401,NA,NA,NA,NA,NA,NA,NA,NA,NA,NA,NA,NA
5.778,1.8822,4.2868,1.0488,4.0465,NA,NA,NA,NA,NA,NA,NA,NA,NA,NA,NA,NA
5.873,1.8824,4.2986,1.0491,4.0730,NA,NA,NA,NA,NA,NA,NA,NA,NA,NA,NA,NA
5.966,1.8824,4.2986,1.0491,4.0730,NA,NA,NA,NA,NA,NA,NA,NA,NA,NA,NA,NA
6.074,1.8815,4.2489,1.0490,4.0634,NA,NA,NA,NA,NA,NA,NA,NA,NA,NA,NA,NA
6.202,1.8754,3.9105,1.0484,4.0069,NA,NA,NA,NA,NA,NA,NA,NA,NA,NA,NA,NA
6.273,1.8748,3.8807,1.0468,3.8441,NA,NA,NA,NA,NA,NA,NA,NA,NA,NA,NA,NA
6.360,1.8659,3.3882,1.0453,3.7027,NA,NA,NA,NA,NA,NA,NA,NA,NA,NA,NA,NA
6.467,1.8650,3.3344,1.0421,3.3841,NA,NA,NA,NA,NA,NA,NA,NA,NA,NA,NA,NA
6.560,1.8582,2.9585,1.0366,2.8381,NA,NA,NA,NA,NA,NA,NA,NA,NA,NA,NA,NA
6.656,1.8507,2.5457,1.0345,2.6307,NA,NA,NA,NA,NA,NA,NA,NA,NA,NA,NA,NA
6.744,1.8476,2.3745,1.0332,2.5008,NA,NA,NA,NA,NA,NA,NA,NA,NA,NA,NA,NA
6.858,1.8436,2.1485,1.0320,2.3828,NA,NA,NA,NA,NA,NA,NA,NA,NA,NA,NA,NA
6.948,1.8436,2.1485,1.0302,2.1970,NA,NA,NA,NA,NA,NA,NA,NA,NA,NA,NA,NA
7.042,1.8428,2.1076,1.0290,2.0844,NA,NA,NA,NA,NA,NA,NA,NA,NA,NA,NA,NA
7.142,1.8428,2.1076,1.0281,1.9907,NA,NA,NA,NA,NA,NA,NA,NA,NA,NA,NA,NA
7.240,1.8410,2.0053,1.0271,1.8956,NA,NA,NA,NA,NA,NA,NA,NA,NA,NA,NA,NA
7.339,1.8395,1.9216,1.0258,1.7629,NA,NA,NA,NA,NA,NA,NA,NA,NA,NA,NA,NA
7.477,1.8378,1.8278,1.0251,1.6987,NA,NA,NA,NA,NA,NA,NA,NA,NA,NA,NA,NA
7.531,1.8377,1.8224,1.0245,1.6312,NA,NA,NA,NA,NA,NA,NA,NA,NA,NA,NA,NA
7.634,1.8305,1.4244,1.0221,1.3937,NA,NA,NA,NA,NA,NA,NA,NA,NA,NA,NA,NA
7.734,1.8305,1.4244,1.0207,1.2567,NA,NA,NA,NA,NA,NA,NA,NA,NA,NA,NA,NA
7.825,1.8246,1.0950,1.0202,1.2120,NA,NA,NA,NA,NA,NA,NA,NA,NA,NA,NA,NA
7.927,1.8224,0.9737,1.0200,1.1907,NA,NA,NA,NA,NA,NA,NA,NA,NA,NA,NA,NA
8.044,1.8194,0.8111,1.0194,1.1276,NA,NA,NA,NA,NA,NA,NA,NA,NA,NA,NA,NA
8.119,1.8202,0.8520,1.0186,1.0470,NA,NA,NA,NA,NA,NA,NA,NA,NA,NA,NA,NA
8.229,1.8286,1.3184,1.0233,1.5120,NA,NA,NA,NA,NA,NA,NA,NA,NA,NA,NA,NA
8.316,1.8442,2.1852,1.0295,2.1327,NA,NA,NA,NA,NA,NA,NA,NA,NA,NA,NA,NA
8.414,1.8499,2.4996,1.0355,2.7301,NA,NA,NA,NA,NA,NA,NA,NA,NA,NA,NA,NA
8.513,1.8529,2.6672,1.0403,3.2037,NA,NA,NA,NA,NA,NA,NA,NA,NA,NA,NA,NA
8.614,1.8562,2.8497,1.0436,3.5268,NA,NA,NA,NA,NA,NA,NA,NA,NA,NA,NA,NA
8.717,1.8619,3.1633,1.0451,3.6734,NA,NA,NA,NA,NA,NA,NA,NA,NA,NA,NA,NA
8.809,1.8745,3.8605,1.0469,3.8615,NA,NA,NA,NA,NA,NA,NA,NA,NA,NA,NA,NA
8.903,1.8790,4.1114,1.0492,4.0878,NA,NA,NA,NA,NA,NA,NA,NA,NA,NA,NA,NA
9.000,1.8865,4.5250,1.0512,4.2850,NA,NA,NA,NA,NA,NA,NA,NA,NA,NA,NA,NA
9.104,1.8880,4.6086,1.0524,4.4039,NA,NA,NA,NA,NA,NA,NA,NA,NA,NA,NA,NA
9.207,1.8936,4.9200,1.0543,4.5882,NA,NA,NA,NA,NA,NA,NA,NA,NA,NA,NA,NA
9.294,1.8938,4.9304,1.0552,4.6814,NA,NA,NA,NA,NA,NA,NA,NA,NA,NA,NA,NA
9.392,1.8940,4.9434,1.0559,4.7498,NA,NA,NA,NA,NA,NA,NA,NA,NA,NA,NA,NA
9.489,1.8950,5.0009,1.0571,4.8655,NA,NA,NA,NA,NA,NA,NA,NA,NA,NA,NA,NA
9.598,1.8957,5.0349,1.0590,5.0581,NA,NA,NA,NA,NA,NA,NA,NA,NA,NA,NA,NA
9.683,1.8991,5.2261,1.0593,5.0843,NA,NA,NA,NA,NA,NA,NA,NA,NA,NA,NA,NA
9.798,1.9016,5.3667,1.0602,5.1759,NA,NA,NA,NA,NA,NA,NA,NA,NA,NA,NA,NA
9.878,1.9058,5.5958,1.0607,5.2254,NA,NA,NA,NA,NA,NA,NA,NA,NA,NA,NA,NA
9.978,1.9058,5.5958,1.0607,5.2254,NA,NA,NA,NA,NA,NA,NA,NA,NA,NA,NA,NA
10.081,1.9030,5.4415,1.0603,5.1849,NA,NA,NA,NA,NA,NA,NA,NA,NA,NA,NA,NA
10.177,1.8995,5.2481,1.0601,5.1680,NA,NA,NA,NA,NA,NA,NA,NA,NA,NA,NA,NA
10.269,1.8994,5.2423,1.0583,4.9907,NA,NA,NA,NA,NA,NA,NA,NA,NA,NA,NA,NA
10.378,1.8977,5.1478,1.0576,4.9176,NA,NA,NA,NA,NA,NA,NA,NA,NA,NA,NA,NA
10.473,1.8968,5.1008,1.0562,4.7805,NA,NA,NA,NA,NA,NA,NA,NA,NA,NA,NA,NA
10.565,1.8913,4.7927,1.0554,4.6979,NA,NA,NA,NA,NA,NA,NA,NA,NA,NA,NA,NA
10.668,1.8885,4.6372,1.0507,4.2320,NA,NA,NA,NA,NA,NA,NA,NA,NA,NA,NA,NA
10.766,1.8810,4.2240,1.0489,4.0511,NA,NA,NA,NA,NA,NA,NA,NA,NA,NA,NA,NA
10.867,1.8803,4.1843,1.0474,3.9057,NA,NA,NA,NA,NA,NA,NA,NA,NA,NA,NA,NA
10.957,1.8688,3.5486,1.0462,3.7859,NA,NA,NA,NA,NA,NA,NA,NA,NA,NA,NA,NA
11.104,1.8665,3.4201,1.0447,3.6383,NA,NA,NA,NA,NA,NA,NA,NA,NA,NA,NA,NA
11.154,1.8642,3.2929,1.0426,3.4258,NA,NA,NA,NA,NA,NA,NA,NA,NA,NA,NA,NA
11.250,1.8630,3.2271,1.0412,3.2959,NA,NA,NA,NA,NA,NA,NA,NA,NA,NA,NA,NA
11.346,1.8611,3.1197,1.0395,3.1257,NA,NA,NA,NA,NA,NA,NA,NA,NA,NA,NA,NA
11.450,1.8553,2.8013,1.0385,3.0199,NA,NA,NA,NA,NA,NA,NA,NA,NA,NA,NA,NA
11.582,1.8553,2.8013,1.0379,2.9649,NA,NA,NA,NA,NA,NA,NA,NA,NA,NA,NA,NA
11.648,1.8524,2.6379,1.0365,2.8289,NA,NA,NA,NA,NA,NA,NA,NA,NA,NA,NA,NA
11.747,1.8524,2.6379,1.0359,2.7618,NA,NA,NA,NA,NA,NA,NA,NA,NA,NA,NA,NA
11.837,1.8500,2.5034,1.0351,2.6832,NA,NA,NA,NA,NA,NA,NA,NA,NA,NA,NA,NA
11.939,1.8479,2.3865,1.0331,2.4842,NA,NA,NA,NA,NA,NA,NA,NA,NA,NA,NA,NA
12.037,1.8469,2.3347,1.0320,2.3795,NA,NA,NA,NA,NA,NA,NA,NA,NA,NA,NA,NA
12.136,1.8447,2.2130,1.0306,2.2444,NA,NA,NA,NA,NA,NA,NA,NA,NA,NA,NA,NA
12.236,1.8438,2.1604,1.0283,2.0095,NA,NA,NA,NA,NA,NA,NA,NA,NA,NA,NA,NA
12.336,1.8346,1.6508,1.0273,1.9117,NA,NA,NA,NA,NA,NA,NA,NA,NA,NA,NA,NA
12.433,1.8313,1.4712,1.0271,1.8942,NA,NA,NA,NA,NA,NA,NA,NA,NA,NA,NA,NA
12.526,1.8299,1.3888,1.0258,1.7659,NA,NA,NA,NA,NA,NA,NA,NA,NA,NA,NA,NA
12.620,1.8322,1.5211,1.0252,1.7065,NA,NA,NA,NA,NA,NA,NA,NA,NA,NA,NA,NA
12.722,1.8322,1.5211,1.0243,1.6122,NA,NA,NA,NA,NA,NA,NA,NA,NA,NA,NA,NA
12.833,1.8319,1.5020,1.0243,1.6109,NA,NA,NA,NA,NA,NA,NA,NA,NA,NA,NA,NA
12.910,1.8375,1.8111,1.0302,2.2037,NA,NA,NA,NA,NA,NA,NA,NA,NA,NA,NA,NA
13.021,1.8499,2.5014,1.0341,2.5886,NA,NA,NA,NA,NA,NA,NA,NA,NA,NA,NA,NA
13.111,1.8547,2.7659,1.0373,2.9061,NA,NA,NA,NA,NA,NA,NA,NA,NA,NA,NA,NA
13.208,1.8566,2.8703,1.0413,3.3054,NA,NA,NA,NA,NA,NA,NA,NA,NA,NA,NA,NA
13.311,1.8624,3.1922,1.0439,3.5604,NA,NA,NA,NA,NA,NA,NA,NA,NA,NA,NA,NA
13.417,1.8654,3.3571,1.0474,3.9074,NA,NA,NA,NA,NA,NA,NA,NA,NA,NA,NA,NA
13.516,1.8673,3.4646,1.0493,4.0921,NA,NA,NA,NA,NA,NA,NA,NA,NA,NA,NA,NA
13.602,1.8746,3.8669,1.0521,4.3684,NA,NA,NA,NA,NA,NA,NA,NA,NA,NA,NA,NA
13.696,1.8767,3.9860,1.0546,4.6180,NA,NA,NA,NA,NA,NA,NA,NA,NA,NA,NA,NA
13.799,1.8811,4.2307,1.0556,4.7232,NA,NA,NA,NA,NA,NA,NA,NA,NA,NA,NA,NA
13.899,1.8887,4.6515,1.0576,4.9134,NA,NA,NA,NA,NA,NA,NA,NA,NA,NA,NA,NA
14.009,1.8902,4.7350,1.0581,4.9716,NA,NA,NA,NA,NA,NA,NA,NA,NA,NA,NA,NA
14.099,1.8912,4.7892,1.0587,5.0316,NA,NA,NA,NA,NA,NA,NA,NA,NA,NA,NA,NA
14.183,1.8912,4.7892,1.0604,5.1949,NA,NA,NA,NA,NA,NA,NA,NA,NA,NA,NA,NA
14.287,1.8976,5.1424,1.0624,5.3898,NA,NA,NA,NA,NA,NA,NA,NA,NA,NA,NA,NA
14.389,1.8978,5.1544,1.0637,5.5200,NA,NA,NA,NA,NA,NA,NA,NA,NA,NA,NA,NA
14.479,1.8994,5.2401,1.0649,5.6459,NA,NA,NA,NA,NA,NA,NA,NA,NA,NA,NA,NA
14.640,1.9002,5.2840,1.0656,5.7166,NA,NA,NA,NA,NA,NA,NA,NA,NA,NA,NA,NA
14.676,1.9002,5.2840,1.0658,5.7296,NA,NA,NA,NA,NA,NA,NA,NA,NA,NA,NA,NA
14.784,1.9007,5.3145,1.0662,5.7678,NA,NA,NA,NA,NA,NA,NA,NA,NA,NA,NA,NA
14.879,1.9007,5.3145,1.0672,5.8687,NA,NA,NA,NA,NA,NA,NA,NA,NA,NA,NA,NA
14.975,1.9027,5.4240,1.0672,5.8687,NA,NA,NA,NA,NA,NA,NA,NA,NA,NA,NA,NA
15.067,1.9027,5.4240,1.0667,5.8249,NA,NA,NA,NA,NA,NA,NA,NA,NA,NA,NA,NA
15.219,1.8991,5.2239,1.0662,5.7674,NA,NA,NA,NA,NA,NA,NA,NA,NA,NA,NA,NA
15.265,1.8972,5.1219,1.0652,5.6717,NA,NA,NA,NA,NA,NA,NA,NA,NA,NA,NA,NA
15.368,1.8919,4.8261,1.0639,5.5413,NA,NA,NA,NA,NA,NA,NA,NA,NA,NA,NA,NA
15.459,1.8850,4.4431,1.0610,5.2576,NA,NA,NA,NA,NA,NA,NA,NA,NA,NA,NA,NA
15.565,1.8829,4.3308,1.0566,4.8184,NA,NA,NA,NA,NA,NA,NA,NA,NA,NA,NA,NA
15.655,1.8710,3.6677,1.0529,4.4558,NA,NA,NA,NA,NA,NA,NA,NA,NA,NA,NA,NA
15.755,1.8686,3.5358,1.0501,4.1729,NA,NA,NA,NA,NA,NA,NA,NA,NA,NA,NA,NA
15.909,1.8638,3.2722,1.0470,3.8665,NA,NA,NA,NA,NA,NA,NA,NA,NA,NA,NA,NA
15.947,1.8628,3.2154,1.0449,3.6560,NA,NA,NA,NA,NA,NA,NA,NA,NA,NA,NA,NA
16.049,1.8562,2.8488,1.0420,3.3710,NA,NA,NA,NA,NA,NA,NA,NA,NA,NA,NA,NA
16.145,1.8535,2.6978,1.0405,3.2225,NA,NA,NA,NA,NA,NA,NA,NA,NA,NA,NA,NA
16.252,1.8532,2.6849,1.0392,3.0960,NA,NA,NA,NA,NA,NA,NA,NA,NA,NA,NA,NA
16.344,1.8510,2.5631,1.0379,2.9646,NA,NA,NA,NA,NA,NA,NA,NA,NA,NA,NA,NA
16.487,1.8505,2.5314,1.0365,2.8253,NA,NA,NA,NA,NA,NA,NA,NA,NA,NA,NA,NA
16.540,1.8435,2.1450,1.0355,2.7214,NA,NA,NA,NA,NA,NA,NA,NA,NA,NA,NA,NA
16.638,1.8435,2.1450,1.0345,2.6297,NA,NA,NA,NA,NA,NA,NA,NA,NA,NA,NA,NA
16.734,1.8399,1.9432,1.0339,2.5652,NA,NA,NA,NA,NA,NA,NA,NA,NA,NA,NA,NA
16.837,1.8388,1.8872,1.0334,2.5219,NA,NA,NA,NA,NA,NA,NA,NA,NA,NA,NA,NA
16.934,1.8366,1.7650,1.0315,2.3318,NA,NA,NA,NA,NA,NA,NA,NA,NA,NA,NA,NA
17.071,1.8402,1.9603,1.0306,2.2402,NA,NA,NA,NA,NA,NA,NA,NA,NA,NA,NA,NA
17.141,1.8402,1.9603,1.0301,2.1859,NA,NA,NA,NA,NA,NA,NA,NA,NA,NA,NA,NA
17.230,1.8325,1.5374,1.0292,2.0977,NA,NA,NA,NA,NA,NA,NA,NA,NA,NA,NA,NA
17.320,1.8310,1.4502,1.0272,1.9005,NA,NA,NA,NA,NA,NA,NA,NA,NA,NA,NA,NA
17.421,1.8265,1.2057,1.0260,1.7850,NA,NA,NA,NA,NA,NA,NA,NA,NA,NA,NA,NA
17.517,1.8265,1.2057,1.0260,1.7850,NA,NA,NA,NA,NA,NA,NA,NA,NA,NA,NA,NA
17.620,1.8264,1.1994,1.0256,1.7414,NA,NA,NA,NA,NA,NA,NA,NA,NA,NA,NA,NA
17.714,1.8286,1.3188,1.0256,1.7414,NA,NA,NA,NA,NA,NA,NA,NA,NA,NA,NA,NA
17.826,1.8286,1.3188,1.0247,1.6589,NA,NA,NA,NA,NA,NA,NA,NA,NA,NA,NA,NA
17.909,1.8298,1.3879,1.0222,1.4023,NA,NA,NA,NA,NA,NA,NA,NA,NA,NA,NA,NA
18.006,1.8298,1.3879,1.0216,1.3472,NA,NA,NA,NA,NA,NA,NA,NA,NA,NA,NA,NA
18.104,1.8274,1.2551,1.0216,1.3472,NA,NA,NA,NA,NA,NA,NA,NA,NA,NA,NA,NA
18.220,1.8245,1.0929,1.0204,1.2305,NA,NA,NA,NA,NA,NA,NA,NA,NA,NA,NA,NA
18.302,1.8218,0.9447,1.0198,1.1669,NA,NA,NA,NA,NA,NA,NA,NA,NA,NA,NA,NA
18.416,1.8213,0.9150,1.0198,1.1644,NA,NA,NA,NA,NA,NA,NA,NA,NA,NA,NA,NA
18.501,1.8190,0.7862,1.0191,1.1019,NA,NA,NA,NA,NA,NA,NA,NA,NA,NA,NA,NA
18.597,1.8171,0.6847,1.0187,1.0619,NA,NA,NA,NA,NA,NA,NA,NA,NA,NA,NA,NA
18.695,1.8171,0.6847,1.0185,1.0434,NA,NA,NA,NA,NA,NA,NA,NA,NA,NA,NA,NA
18.819,1.8177,0.7149,1.0185,1.0387,NA,NA,NA,NA,NA,NA,NA,NA,NA,NA,NA,NA
18.889,1.8177,0.7149,1.0177,0.9638,NA,NA,NA,NA,NA,NA,NA,NA,NA,NA,NA,NA
18.991,1.8155,0.5918,1.0180,0.9920,NA,NA,NA,NA,NA,NA,NA,NA,NA,NA,NA,NA
19.084,1.8148,0.5574,1.0180,0.9920,NA,NA,NA,NA,NA,NA,NA,NA,NA,NA,NA,NA
19.182,1.8137,0.4941,1.0178,0.9719,NA,NA,NA,NA,NA,NA,NA,NA,NA,NA,NA,NA
19.279,1.8169,0.6692,1.0178,0.9719,NA,NA,NA,NA,NA,NA,NA,NA,NA,NA,NA,NA
19.378,1.8169,0.6692,1.0176,0.9476,NA,NA,NA,NA,NA,NA,NA,NA,NA,NA,NA,NA
19.501,1.8127,0.4406,1.0173,0.9181,NA,NA,NA,NA,NA,NA,NA,NA,NA,NA,NA,NA
19.572,1.8127,0.4406,1.0167,0.8634,NA,NA,NA,NA,NA,NA,NA,NA,NA,NA,NA,NA
19.698,1.8114,0.3645,1.0165,0.8453,NA,NA,NA,NA,NA,NA,NA,NA,NA,NA,NA,NA
19.769,1.8114,0.3645,1.0164,0.8330,NA,NA,NA,NA,NA,NA,NA,NA,NA,NA,NA,NA
19.866,1.8087,0.2190,1.0164,0.8277,NA,NA,NA,NA,NA,NA,NA,NA,NA,NA,NA,NA
19.999,1.8087,0.2190,1.0158,0.7667,NA,NA,NA,NA,NA,NA,NA,NA,NA,NA,NA,NA
20.065,1.8078,0.1677,1.0154,0.7329,NA,NA,NA,NA,NA,NA,NA,NA,NA,NA,NA,NA
20.165,1.8067,0.1082,1.0147,0.6630,NA,NA,NA,NA,NA,NA,NA,NA,NA,NA,NA,NA
20.255,1.8067,0.1082,1.0146,0.6498,NA,NA,NA,NA,NA,NA,NA,NA,NA,NA,NA,NA
20.356,1.8054,0.0362,1.0146,0.6498,NA,NA,NA,NA,NA,NA,NA,NA,NA,NA,NA,NA
20.455,1.8028,-0.1080,1.0140,0.5930,NA,NA,NA,NA,NA,NA,NA,NA,NA,NA,NA,NA
20.552,1.8044,-0.0242,1.0140,0.5930,NA,NA,NA,NA,NA,NA,NA,NA,NA,NA,NA,NA
20.706,1.8044,-0.0242,1.0137,0.5638,NA,NA,NA,NA,NA,NA,NA,NA,NA,NA,NA,NA
20.743,1.8032,-0.0881,1.0137,0.5638,NA,NA,NA,NA,NA,NA,NA,NA,NA,NA,NA,NA
20.852,1.8027,-0.1168,1.0128,0.4696,NA,NA,NA,NA,NA,NA,NA,NA,NA,NA,NA,NA
20.953,1.8019,-0.1610,1.0124,0.4306,NA,NA,NA,NA,NA,NA,NA,NA,NA,NA,NA,NA
21.044,1.8019,-0.1610,1.0112,0.3125,NA,NA,NA,NA,NA,NA,NA,NA,NA,NA,NA,NA
21.138,1.8003,-0.2502,1.0118,0.3707,NA,NA,NA,NA,NA,NA,NA,NA,NA,NA,NA,NA
21.256,1.7999,-0.2699,1.0118,0.3707,NA,NA,NA,NA,NA,NA,NA,NA,NA,NA,NA,NA
21.333,1.7999,-0.2699,1.0112,0.3144,NA,NA,NA,NA,NA,NA,NA,NA,NA,NA,NA,NA
21.436,1.7973,-0.4167,1.0104,0.2398,NA,NA,NA,NA,NA,NA,NA,NA,NA,NA,NA,NA
21.534,1.7973,-0.4167,1.0103,0.2239,NA,NA,NA,NA,NA,NA,NA,NA,NA,NA,NA,NA
21.633,1.7989,-0.3287,1.0095,0.1468,NA,NA,NA,NA,NA,NA,NA,NA,NA,NA,NA,NA
21.728,1.7989,-0.3287,1.0092,0.1171,NA,NA,NA,NA,NA,NA,NA,NA,NA,NA,NA,NA
21.823,1.7968,-0.4434,1.0091,0.1065,NA,NA,NA,NA,NA,NA,NA,NA,NA,NA,NA,NA
21.930,1.7936,-0.6222,1.0091,0.1062,NA,NA,NA,NA,NA,NA,NA,NA,NA,NA,NA,NA
22.026,1.7923,-0.6899,1.0085,0.0501,NA,NA,NA,NA,NA,NA,NA,NA,NA,NA,NA,NA
22.120,1.7929,-0.6575,1.0080,0.0000,NA,NA,NA,NA,NA,NA,NA,NA,NA,NA,NA,NA
22.218,1.7929,-0.6575,1.0079,-0.0137,NA,NA,NA,NA,NA,NA,NA,NA,NA,NA,NA,NA
22.319,1.7918,-0.7173,1.0075,-0.0481,NA,NA,NA,NA,NA,NA,NA,NA,NA,NA,NA,NA
22.461,1.7918,-0.7173,1.0077,-0.0318,NA,NA,NA,NA,NA,NA,NA,NA,NA,NA,NA,NA
22.517,1.7907,-0.7804,1.0077,-0.0288,NA,NA,NA,NA,NA,NA,NA,NA,NA,NA,NA,NA
22.612,1.7902,-0.8065,1.0077,-0.0288,NA,NA,NA,NA,NA,NA,NA,NA,NA,NA,NA,NA
22.704,1.7883,-0.9135,1.0074,-0.0617,NA,NA,NA,NA,NA,NA,NA,NA,NA,NA,NA,NA
22.809,1.7895,-0.8473,1.0071,-0.0955,NA,NA,NA,NA,NA,NA,NA,NA,NA,NA,NA,NA
22.901,1.7895,-0.8473,1.0071,-0.0934,NA,NA,NA,NA,NA,NA,NA,NA,NA,NA,NA,NA
23.000,1.7908,-0.7775,1.0071,-0.0934,NA,NA,NA,NA,NA,NA,NA,NA,NA,NA,NA,NA
23.094,1.7908,-0.7775,1.0066,-0.1444,NA,NA,NA,NA,NA,NA,NA,NA,NA,NA,NA,NA
23.195,1.7898,-0.8279,1.0059,-0.2086,NA,NA,NA,NA,NA,NA,NA,NA,NA,NA,NA,NA
23.302,1.7898,-0.8279,1.0057,-0.2354,NA,NA,NA,NA,NA,NA,NA,NA,NA,NA,NA,NA
23.389,1.7841,-1.1441,1.0060,-0.2035,NA,NA,NA,NA,NA,NA,NA,NA,NA,NA,NA,NA
23.499,1.7834,-1.1842,1.0060,-0.2035,NA,NA,NA,NA,NA,NA,NA,NA,NA,NA,NA,NA
23.643,1.7818,-1.2737,1.0054,-0.2572,NA,NA,NA,NA,NA,NA,NA,NA,NA,NA,NA,NA
23.694,1.7839,-1.1563,1.0051,-0.2873,NA,NA,NA,NA,NA,NA,NA,NA,NA,NA,NA,NA
23.783,1.7839,-1.1563,1.0050,-0.3011,NA,NA,NA,NA,NA,NA,NA,NA,NA,NA,NA,NA
23.882,1.7834,-1.1835,1.0050,-0.3022,NA,NA,NA,NA,NA,NA,NA,NA,NA,NA,NA,NA
23.978,1.7834,-1.1835,1.0042,-0.3788,NA,NA,NA,NA,NA,NA,NA,NA,NA,NA,NA,NA
24.075,1.7830,-1.2074,1.0040,-0.3990,NA,NA,NA,NA,NA,NA,NA,NA,NA,NA,NA,NA
24.174,1.7827,-1.2237,1.0038,-0.4187,NA,NA,NA,NA,NA,NA,NA,NA,NA,NA,NA,NA
24.273,1.7802,-1.3637,1.0041,-0.3882,NA,NA,NA,NA,NA,NA,NA,NA,NA,NA,NA,NA
24.370,1.7813,-1.3004,1.0041,-0.3882,NA,NA,NA,NA,NA,NA,NA,NA,NA,NA,NA,NA
24.469,1.7818,-1.2755,1.0043,-0.3665,NA,NA,NA,NA,NA,NA,NA,NA,NA,NA,NA,NA
24.564,1.7828,-1.2156,1.0043,-0.3665,NA,NA,NA,NA,NA,NA,NA,NA,NA,NA,NA,NA
24.666,1.7828,-1.2156,1.0040,-0.3977,NA,NA,NA,NA,NA,NA,NA,NA,NA,NA,NA,NA
24.768,1.7819,-1.2667,1.0036,-0.4422,NA,NA,NA,NA,NA,NA,NA,NA,NA,NA,NA,NA
24.860,1.7819,-1.2667,1.0031,-0.4902,NA,NA,NA,NA,NA,NA,NA,NA,NA,NA,NA,NA
24.955,1.7782,-1.4705,1.0031,-0.4917,NA,NA,NA,NA,NA,NA,NA,NA,NA,NA,NA,NA
25.051,1.7782,-1.4733,1.0031,-0.4917,NA,NA,NA,NA,NA,NA,NA,NA,NA,NA,NA,NA
25.151,1.7803,-1.3563,1.0027,-0.5279,NA,NA,NA,NA,NA,NA,NA,NA,NA,NA,NA,NA
25.249,1.7803,-1.3563,1.0027,-0.5279,NA,NA,NA,NA,NA,NA,NA,NA,NA,NA,NA,NA
25.346,1.7790,-1.4287,1.0022,-0.5803,NA,NA,NA,NA,NA,NA,NA,NA,NA,NA,NA,NA
25.457,1.7759,-1.6012,1.0021,-0.5923,NA,NA,NA,NA,NA,NA,NA,NA,NA,NA,NA,NA
25.547,1.7747,-1.6683,1.0016,-0.6419,NA,NA,NA,NA,NA,NA,NA,NA,NA,NA,NA,NA
25.665,1.7758,-1.6044,1.0015,-0.6486,NA,NA,NA,NA,NA,NA,NA,NA,NA,NA,NA,NA
25.741,1.7758,-1.6044,1.0015,-0.6484,NA,NA,NA,NA,NA,NA,NA,NA,NA,NA,NA,NA
25.837,1.7804,-1.3509,1.0015,-0.6484,NA,NA,NA,NA,NA,NA,NA,NA,NA,NA,NA,NA
25.933,1.7804,-1.3509,1.0012,-0.6731,NA,NA,NA,NA,NA,NA,NA,NA,NA,NA,NA,NA
26.071,1.7791,-1.4230,1.0007,-0.7224,NA,NA,NA,NA,NA,NA,NA,NA,NA,NA,NA,NA
26.135,1.7791,-1.4230,1.0007,-0.7286,NA,NA,NA,NA,NA,NA,NA,NA,NA,NA,NA,NA
26.229,1.7746,-1.6747,1.0004,-0.7584,NA,NA,NA,NA,NA,NA,NA,NA,NA,NA,NA,NA
26.330,1.7733,-1.7457,1.0000,-0.7982,NA,NA,NA,NA,NA,NA,NA,NA,NA,NA,NA,NA
26.436,1.7729,-1.7687,0.9994,-0.8525,NA,NA,NA,NA,NA,NA,NA,NA,NA,NA,NA,NA
26.523,1.7734,-1.7369,0.9993,-0.8649,NA,NA,NA,NA,NA,NA,NA,NA,NA,NA,NA,NA
26.623,1.7734,-1.7369,0.9993,-0.8649,NA,NA,NA,NA,NA,NA,NA,NA,NA,NA,NA,NA
26.731,1.7716,-1.8387,0.9992,-0.8739,NA,NA,NA,NA,NA,NA,NA,NA,NA,NA,NA,NA
26.823,1.7716,-1.8387,0.9992,-0.8739,NA,NA,NA,NA,NA,NA,NA,NA,NA,NA,NA,NA
26.915,1.7705,-1.9013,0.9987,-0.9297,NA,NA,NA,NA,NA,NA,NA,NA,NA,NA,NA,NA
27.020,1.7705,-1.9013,0.9988,-0.9135,NA,NA,NA,NA,NA,NA,NA,NA,NA,NA,NA,NA
27.116,1.7703,-1.9100,0.9988,-0.9135,NA,NA,NA,NA,NA,NA,NA,NA,NA,NA,NA,NA
27.233,1.7703,-1.9100,0.9985,-0.9475,NA,NA,NA,NA,NA,NA,NA,NA,NA,NA,NA,NA
27.312,1.7701,-1.9207,0.9977,-1.0239,NA,NA,NA,NA,NA,NA,NA,NA,NA,NA,NA,NA
27.407,1.7715,-1.8452,0.9977,-1.0239,NA,NA,NA,NA,NA,NA,NA,NA,NA,NA,NA,NA
27.500,1.7715,-1.8452,0.9974,-1.0504,NA,NA,NA,NA,NA,NA,NA,NA,NA,NA,NA,NA
27.611,1.7696,-1.9513,0.9974,-1.0504,NA,NA,NA,NA,NA,NA,NA,NA,NA,NA,NA,NA
27.699,1.7671,-2.0881,0.9975,-1.0482,NA,NA,NA,NA,NA,NA,NA,NA,NA,NA,NA,NA
27.794,1.7671,-2.0881,0.9975,-1.0482,NA,NA,NA,NA,NA,NA,NA,NA,NA,NA,NA,NA
27.909,1.7665,-2.1188,0.9965,-1.1387,NA,NA,NA,NA,NA,NA,NA,NA,NA,NA,NA,NA
28.002,1.7665,-2.1188,0.9964,-1.1540,NA,NA,NA,NA,NA,NA,NA,NA,NA,NA,NA,NA
28.094,1.7689,-1.9910,0.9959,-1.2070,NA,NA,NA,NA,NA,NA,NA,NA,NA,NA,NA,NA
28.187,1.7689,-1.9910,0.9958,-1.2094,NA,NA,NA,NA,NA,NA,NA,NA,NA,NA,NA,NA
28.290,1.7696,-1.9505,0.9949,-1.2989,NA,NA,NA,NA,NA,NA,NA,NA,NA,NA,NA,NA
28.442,1.7696,-1.9505,0.9949,-1.2989,NA,NA,NA,NA,NA,NA,NA,NA,NA,NA,NA,NA
28.484,1.7681,-2.0326,0.9945,-1.3386,NA,NA,NA,NA,NA,NA,NA,NA,NA,NA,NA,NA
28.588,1.7654,-2.1804,0.9945,-1.3386,NA,NA,NA,NA,NA,NA,NA,NA,NA,NA,NA,NA
28.682,1.7662,-2.1388,0.9945,-1.3463,NA,NA,NA,NA,NA,NA,NA,NA,NA,NA,NA,NA
28.775,1.7671,-2.0889,0.9945,-1.3439,NA,NA,NA,NA,NA,NA,NA,NA,NA,NA,NA,NA
28.872,1.7671,-2.0889,0.9945,-1.3439,NA,NA,NA,NA,NA,NA,NA,NA,NA,NA,NA,NA
28.976,1.7706,-1.8941,0.9944,-1.3501,NA,NA,NA,NA,NA,NA,NA,NA,NA,NA,NA,NA
29.096,1.7706,-1.8941,0.9940,-1.3873,NA,NA,NA,NA,NA,NA,NA,NA,NA,NA,NA,NA
29.166,1.7688,-1.9959,0.9931,-1.4795,NA,NA,NA,NA,NA,NA,NA,NA,NA,NA,NA,NA
29.276,1.7649,-2.2104,0.9931,-1.4795,NA,NA,NA,NA,NA,NA,NA,NA,NA,NA,NA,NA
29.365,1.7637,-2.2751,0.9932,-1.4744,NA,NA,NA,NA,NA,NA,NA,NA,NA,NA,NA,NA
29.460,1.7654,-2.1816,0.9932,-1.4744,NA,NA,NA,NA,NA,NA,NA,NA,NA,NA,NA,NA
29.619,1.7654,-2.1816,0.9927,-1.5206,NA,NA,NA,NA,NA,NA,NA,NA,NA,NA,NA,NA
29.661,1.7633,-2.2996,0.9925,-1.5401,NA,NA,NA,NA,NA,NA,NA,NA,NA,NA,NA,NA
29.744,1.7633,-2.2996,0.9922,-1.5675,NA,NA,NA,NA,NA,NA,NA,NA,NA,NA,NA,NA
29.855,1.7676,-2.0592,0.9917,-1.6226,NA,NA,NA,NA,NA,NA,NA,NA,NA,NA,NA,NA
29.955,1.7676,-2.0592,0.9918,-1.6077,NA,NA,NA,NA,NA,NA,NA,NA,NA,NA,NA,NA
30.047,1.7635,-2.2895,0.9919,-1.5978,NA,NA,NA,NA,NA,NA,NA,NA,NA,NA,NA,NA
30.152,1.7625,-2.3428,0.9919,-1.5978,NA,NA,NA,NA,NA,NA,NA,NA,NA,NA,NA,NA
30.245,1.7610,-2.4268,0.9919,-1.6035,NA,NA,NA,NA,NA,NA,NA,NA,NA,NA,NA,NA
30.353,1.7569,-2.6545,0.9916,-1.6267,NA,NA,NA,NA,NA,NA,NA,NA,NA,NA,NA,NA
30.434,1.7569,-2.6545,0.9913,-1.6589,NA,NA,NA,NA,NA,NA,NA,NA,NA,NA,NA,NA
30.530,1.7584,-2.5685,0.9911,-1.6814,NA,NA,NA,NA,NA,NA,NA,NA,NA,NA,NA,NA
30.631,1.7584,-2.5685,0.9914,-1.6444,NA,NA,NA,NA,NA,NA,NA,NA,NA,NA,NA,NA
30.738,1.7596,-2.5038,0.9917,-1.6239,NA,NA,NA,NA,NA,NA,NA,NA,NA,NA,NA,NA
30.856,1.7596,-2.5038,0.9917,-1.6239,NA,NA,NA,NA,NA,NA,NA,NA,NA,NA,NA,NA
30.938,1.7581,-2.5848,0.9914,-1.6516,NA,NA,NA,NA,NA,NA,NA,NA,NA,NA,NA,NA
31.027,1.7606,-2.4458,0.9907,-1.7234,NA,NA,NA,NA,NA,NA,NA,NA,NA,NA,NA,NA
31.129,1.7606,-2.4458,0.9901,-1.7770,NA,NA,NA,NA,NA,NA,NA,NA,NA,NA,NA,NA
31.221,1.7635,-2.2895,0.9902,-1.7649,NA,NA,NA,NA,NA,NA,NA,NA,NA,NA,NA,NA
31.334,1.7635,-2.2895,0.9902,-1.7649,NA,NA,NA,NA,NA,NA,NA,NA,NA,NA,NA,NA
31.463,1.7610,-2.4274,0.9902,-1.7668,NA,NA,NA,NA,NA,NA,NA,NA,NA,NA,NA,NA
31.517,1.7610,-2.4274,0.9903,-1.7567,NA,NA,NA,NA,NA,NA,NA,NA,NA,NA,NA,NA
31.613,1.7588,-2.5462,0.9903,-1.7542,NA,NA,NA,NA,NA,NA,NA,NA,NA,NA,NA,NA
31.715,1.7583,-2.5784,0.9903,-1.7542,NA,NA,NA,NA,NA,NA,NA,NA,NA,NA,NA,NA
31.822,1.7583,-2.5784,0.9902,-1.7637,NA,NA,NA,NA,NA,NA,NA,NA,NA,NA,NA,NA
31.907,1.7579,-2.5955,0.9893,-1.8609,NA,NA,NA,NA,NA,NA,NA,NA,NA,NA,NA,NA
32.057,1.7575,-2.6185,0.9890,-1.8882,NA,NA,NA,NA,NA,NA,NA,NA,NA,NA,NA,NA
32.107,1.7582,-2.5812,0.9886,-1.9245,NA,NA,NA,NA,NA,NA,NA,NA,NA,NA,NA,NA
32.207,1.7582,-2.5812,0.9883,-1.9611,NA,NA,NA,NA,NA,NA,NA,NA,NA,NA,NA,NA
32.312,1.7574,-2.6280,0.9882,-1.9705,NA,NA,NA,NA,NA,NA,NA,NA,NA,NA,NA,NA
32.399,1.7574,-2.6280,0.9882,-1.9705,NA,NA,NA,NA,NA,NA,NA,NA,NA,NA,NA,NA
32.504,1.7564,-2.6805,0.9880,-1.9827,NA,NA,NA,NA,NA,NA,NA,NA,NA,NA,NA,NA
32.592,1.7571,-2.6414,0.9879,-1.9949,NA,NA,NA,NA,NA,NA,NA,NA,NA,NA,NA,NA
32.698,1.7580,-2.5922,0.9884,-1.9500,NA,NA,NA,NA,NA,NA,NA,NA,NA,NA,NA,NA
32.791,1.7603,-2.4659,0.9885,-1.9390,NA,NA,NA,NA,NA,NA,NA,NA,NA,NA,NA,NA
32.897,1.7603,-2.4659,0.9885,-1.9368,NA,NA,NA,NA,NA,NA,NA,NA,NA,NA,NA,NA
32.992,1.7647,-2.2208,0.9924,-1.5490,NA,NA,NA,NA,NA,NA,NA,NA,NA,NA,NA,NA
33.089,1.7764,-1.5727,0.9999,-0.8012,NA,NA,NA,NA,NA,NA,NA,NA,NA,NA,NA,NA
33.203,1.7888,-0.8863,1.0050,-0.2992,NA,NA,NA,NA,NA,NA,NA,NA,NA,NA,NA,NA
33.278,1.7951,-0.5386,1.0120,0.3902,NA,NA,NA,NA,NA,NA,NA,NA,NA,NA,NA,NA
33.386,1.8050,0.0108,1.0165,0.8415,NA,NA,NA,NA,NA,NA,NA,NA,NA,NA,NA,NA
33.474,1.8098,0.2762,1.0216,1.3497,NA,NA,NA,NA,NA,NA,NA,NA,NA,NA,NA,NA
33.572,1.8167,0.6581,1.0257,1.7551,NA,NA,NA,NA,NA,NA,NA,NA,NA,NA,NA,NA
33.676,1.8184,0.7558,1.0278,1.9624,NA,NA,NA,NA,NA,NA,NA,NA,NA,NA,NA,NA
33.782,1.8199,0.8372,1.0302,2.2029,NA,NA,NA,NA,NA,NA,NA,NA,NA,NA,NA,NA
33.888,1.8281,1.2891,1.0318,2.3612,NA,NA,NA,NA,NA,NA,NA,NA,NA,NA,NA,NA
33.964,1.8328,1.5510,1.0338,2.5597,NA,NA,NA,NA,NA,NA,NA,NA,NA,NA,NA,NA
34.072,1.8376,1.8205,1.0351,2.6865,NA,NA,NA,NA,NA,NA,NA,NA,NA,NA,NA,NA
34.159,1.8398,1.9409,1.0363,2.8056,NA,NA,NA,NA,NA,NA,NA,NA,NA,NA,NA,NA
34.259,1.8418,2.0486,1.0392,3.0953,NA,NA,NA,NA,NA,NA,NA,NA,NA,NA,NA,NA
34.355,1.8418,2.0486,1.0409,3.2662,NA,NA,NA,NA,NA,NA,NA,NA,NA,NA,NA,NA
34.454,1.8409,1.9999,1.0425,3.4163,NA,NA,NA,NA,NA,NA,NA,NA,NA,NA,NA,NA
34.551,1.8476,2.3724,1.0434,3.5124,NA,NA,NA,NA,NA,NA,NA,NA,NA,NA,NA,NA
34.654,1.8476,2.3724,1.0441,3.5800,NA,NA,NA,NA,NA,NA,NA,NA,NA,NA,NA,NA
34.749,1.8562,2.8468,1.0452,3.6850,NA,NA,NA,NA,NA,NA,NA,NA,NA,NA,NA,NA
34.852,1.8589,2.9966,1.0460,3.7628,NA,NA,NA,NA,NA,NA,NA,NA,NA,NA,NA,NA
34.943,1.8634,3.2458,1.0470,3.8630,NA,NA,NA,NA,NA,NA,NA,NA,NA,NA,NA,NA
35.125,1.8634,3.2458,1.0476,3.9239,NA,NA,NA,NA,NA,NA,NA,NA,NA,NA,NA,NA
35.136,1.8607,3.0978,1.0485,4.0134,NA,NA,NA,NA,NA,NA,NA,NA,NA,NA,NA,NA
35.238,1.8607,3.0978,1.0491,4.0718,NA,NA,NA,NA,NA,NA,NA,NA,NA,NA,NA,NA
35.348,1.8613,3.1324,1.0494,4.1021,NA,NA,NA,NA,NA,NA,NA,NA,NA,NA,NA,NA
35.435,1.8673,3.4664,1.0499,4.1516,NA,NA,NA,NA,NA,NA,NA,NA,NA,NA,NA,NA
35.531,1.8677,3.4878,1.0499,4.1516,NA,NA,NA,NA,NA,NA,NA,NA,NA,NA,NA,NA
35.674,1.8710,3.6661,1.0491,4.0730,NA,NA,NA,NA,NA,NA,NA,NA,NA,NA,NA,NA
35.739,1.8710,3.6661,1.0490,4.0691,NA,NA,NA,NA,NA,NA,NA,NA,NA,NA,NA,NA
35.828,1.8647,3.3180,1.0489,4.0539,NA,NA,NA,NA,NA,NA,NA,NA,NA,NA,NA,NA
35.928,1.8625,3.1979,1.0489,4.0539,NA,NA,NA,NA,NA,NA,NA,NA,NA,NA,NA,NA
36.023,1.8589,2.9964,1.0484,4.0048,NA,NA,NA,NA,NA,NA,NA,NA,NA,NA,NA,NA
36.118,1.8580,2.9489,1.0462,3.7891,NA,NA,NA,NA,NA,NA,NA,NA,NA,NA,NA,NA
36.252,1.8570,2.8930,1.0435,3.5189,NA,NA,NA,NA,NA,NA,NA,NA,NA,NA,NA,NA
36.340,1.8488,2.4386,1.0407,3.2429,NA,NA,NA,NA,NA,NA,NA,NA,NA,NA,NA,NA
36.420,1.8419,2.0574,1.0365,2.8215,NA,NA,NA,NA,NA,NA,NA,NA,NA,NA,NA,NA
36.513,1.8320,1.5096,1.0342,2.5945,NA,NA,NA,NA,NA,NA,NA,NA,NA,NA,NA,NA
36.610,1.8277,1.2712,1.0318,2.3551,NA,NA,NA,NA,NA,NA,NA,NA,NA,NA,NA,NA
36.703,1.8229,1.0016,1.0302,2.1956,NA,NA,NA,NA,NA,NA,NA,NA,NA,NA,NA,NA
36.842,1.8177,0.7148,1.0287,2.0502,NA,NA,NA,NA,NA,NA,NA,NA,NA,NA,NA,NA
36.911,1.8177,0.7148,1.0277,1.9489,NA,NA,NA,NA,NA,NA,NA,NA,NA,NA,NA,NA
37.002,1.8163,0.6387,1.0265,1.8324,NA,NA,NA,NA,NA,NA,NA,NA,NA,NA,NA,NA
37.102,1.8150,0.5664,1.0239,1.5798,NA,NA,NA,NA,NA,NA,NA,NA,NA,NA,NA,NA
37.197,1.8123,0.4184,1.0218,1.3640,NA,NA,NA,NA,NA,NA,NA,NA,NA,NA,NA,NA
37.292,1.8123,0.4184,1.0197,1.1563,NA,NA,NA,NA,NA,NA,NA,NA,NA,NA,NA,NA
37.391,1.8034,-0.0796,1.0191,1.1022,NA,NA,NA,NA,NA,NA,NA,NA,NA,NA,NA,NA
37.495,1.8034,-0.0796,1.0191,1.0987,NA,NA,NA,NA,NA,NA,NA,NA,NA,NA,NA,NA
37.592,1.8005,-0.2353,1.0176,0.9496,NA,NA,NA,NA,NA,NA,NA,NA,NA,NA,NA,NA
37.686,1.7987,-0.3360,1.0155,0.7434,NA,NA,NA,NA,NA,NA,NA,NA,NA,NA,NA,NA
37.779,1.7987,-0.3360,1.0142,0.6084,NA,NA,NA,NA,NA,NA,NA,NA,NA,NA,NA,NA
37.890,1.7942,-0.5856,1.0133,0.5221,NA,NA,NA,NA,NA,NA,NA,NA,NA,NA,NA,NA
37.978,1.7937,-0.6124,1.0118,0.3741,NA,NA,NA,NA,NA,NA,NA,NA,NA,NA,NA,NA
38.102,1.7935,-0.6238,1.0111,0.3020,NA,NA,NA,NA,NA,NA,NA,NA,NA,NA,NA,NA
38.173,1.7960,-0.4861,1.0129,0.4856,NA,NA,NA,NA,NA,NA,NA,NA,NA,NA,NA,NA
38.270,1.8063,0.0827,1.0202,1.2123,NA,NA,NA,NA,NA,NA,NA,NA,NA,NA,NA,NA
38.368,1.8253,1.1386,1.0275,1.9335,NA,NA,NA,NA,NA,NA,NA,NA,NA,NA,NA,NA
38.476,1.8313,1.4706,1.0341,2.5882,NA,NA,NA,NA,NA,NA,NA,NA,NA,NA,NA,NA
38.608,1.8392,1.9053,1.0389,3.0622,NA,NA,NA,NA,NA,NA,NA,NA,NA,NA,NA,NA
38.671,1.8446,2.2079,1.0437,3.5345,NA,NA,NA,NA,NA,NA,NA,NA,NA,NA,NA,NA
38.759,1.8471,2.3422,1.0459,3.7561,NA,NA,NA,NA,NA,NA,NA,NA,NA,NA,NA,NA
38.865,1.8472,2.3478,1.0459,3.7561,NA,NA,NA,NA,NA,NA,NA,NA,NA,NA,NA,NA
38.961,1.8501,2.5097,1.0454,3.7105,NA,NA,NA,NA,NA,NA,NA,NA,NA,NA,NA,NA
39.054,1.8501,2.5097,1.0437,3.5436,NA,NA,NA,NA,NA,NA,NA,NA,NA,NA,NA,NA
39.150,1.8448,2.2184,1.0410,3.2750,NA,NA,NA,NA,NA,NA,NA,NA,NA,NA,NA,NA
39.277,1.8376,1.8158,1.0371,2.8887,NA,NA,NA,NA,NA,NA,NA,NA,NA,NA,NA,NA
39.347,1.8305,1.4223,1.0349,2.6642,NA,NA,NA,NA,NA,NA,NA,NA,NA,NA,NA,NA
39.448,1.8239,1.0616,1.0319,2.3685,NA,NA,NA,NA,NA,NA,NA,NA,NA,NA,NA,NA
39.543,1.8165,0.6474,1.0286,2.0396,NA,NA,NA,NA,NA,NA,NA,NA,NA,NA,NA,NA
39.634,1.8132,0.4666,1.0260,1.7815,NA,NA,NA,NA,NA,NA,NA,NA,NA,NA,NA,NA
39.739,1.8100,0.2903,1.0241,1.5980,NA,NA,NA,NA,NA,NA,NA,NA,NA,NA,NA,NA
39.845,1.8077,0.1625,1.0229,1.4795,NA,NA,NA,NA,NA,NA,NA,NA,NA,NA,NA,NA
39.934,1.8066,0.1013,1.0210,1.2910,NA,NA,NA,NA,NA,NA,NA,NA,NA,NA,NA,NA
40.036,1.8015,-0.1795,1.0195,1.1406,NA,NA,NA,NA,NA,NA,NA,NA,NA,NA,NA,NA
40.136,1.8014,-0.1850,1.0185,1.0411,NA,NA,NA,NA,NA,NA,NA,NA,NA,NA,NA,NA
40.235,1.7965,-0.4618,1.0180,0.9926,NA,NA,NA,NA,NA,NA,NA,NA,NA,NA,NA,NA
40.328,1.7968,-0.4413,1.0167,0.8595,NA,NA,NA,NA,NA,NA,NA,NA,NA,NA,NA,NA
40.440,1.7968,-0.4413,1.0158,0.7763,NA,NA,NA,NA,NA,NA,NA,NA,NA,NA,NA,NA
40.522,1.7940,-0.5956,1.0150,0.6969,NA,NA,NA,NA,NA,NA,NA,NA,NA,NA,NA,NA
40.618,1.7940,-0.5956,1.0139,0.5847,NA,NA,NA,NA,NA,NA,NA,NA,NA,NA,NA,NA
40.721,1.7917,-0.7261,1.0119,0.3817,NA,NA,NA,NA,NA,NA,NA,NA,NA,NA,NA,NA
40.817,1.7917,-0.7261,1.0106,0.2520,NA,NA,NA,NA,NA,NA,NA,NA,NA,NA,NA,NA
40.913,1.7882,-0.9218,1.0099,0.1825,NA,NA,NA,NA,NA,NA,NA,NA,NA,NA,NA,NA
41.023,1.7818,-1.2720,1.0087,0.0682,NA,NA,NA,NA,NA,NA,NA,NA,NA,NA,NA,NA
41.114,1.7777,-1.4997,1.0078,-0.0186,NA,NA,NA,NA,NA,NA,NA,NA,NA,NA,NA,NA
41.207,1.7910,-0.7640,1.0120,0.3979,NA,NA,NA,NA,NA,NA,NA,NA,NA,NA,NA,NA
41.318,1.7968,-0.4429,1.0174,0.9324,NA,NA,NA,NA,NA,NA,NA,NA,NA,NA,NA,NA
41.415,1.8140,0.5131,1.0224,1.4244,NA,NA,NA,NA,NA,NA,NA,NA,NA,NA,NA,NA
41.500,1.8225,0.9810,1.0296,2.1451,NA,NA,NA,NA,NA,NA,NA,NA,NA,NA,NA,NA
41.619,1.8308,1.4419,1.0349,2.6630,NA,NA,NA,NA,NA,NA,NA,NA,NA,NA,NA,NA
41.697,1.8339,1.6146,1.0392,3.0913,NA,NA,NA,NA,NA,NA,NA,NA,NA,NA,NA,NA
41.800,1.8434,2.1400,1.0444,3.6131,NA,NA,NA,NA,NA,NA,NA,NA,NA,NA,NA,NA
41.897,1.8498,2.4951,1.0489,4.0544,NA,NA,NA,NA,NA,NA,NA,NA,NA,NA,NA,NA
41.996,1.8524,2.6405,1.0531,4.4687,NA,NA,NA,NA,NA,NA,NA,NA,NA,NA,NA,NA
42.089,1.8684,3.5235,1.0566,4.8222,NA,NA,NA,NA,NA,NA,NA,NA,NA,NA,NA,NA
42.221,1.8684,3.5235,1.0587,5.0224,NA,NA,NA,NA,NA,NA,NA,NA,NA,NA,NA,NA
42.286,1.8756,3.9245,1.0619,5.3400,NA,NA,NA,NA,NA,NA,NA,NA,NA,NA,NA,NA
42.382,1.8757,3.9285,1.0637,5.5217,NA,NA,NA,NA,NA,NA,NA,NA,NA,NA,NA,NA
42.478,1.8786,4.0911,1.0651,5.6670,NA,NA,NA,NA,NA,NA,NA,NA,NA,NA,NA,NA
42.577,1.8786,4.0911,1.0662,5.7713,NA,NA,NA,NA,NA,NA,NA,NA,NA,NA,NA,NA
42.678,1.8802,4.1794,1.0690,6.0522,NA,NA,NA,NA,NA,NA,NA,NA,NA,NA,NA,NA
42.812,1.8863,4.5161,1.0708,6.2327,NA,NA,NA,NA,NA,NA,NA,NA,NA,NA,NA,NA
42.872,1.8873,4.5711,1.0719,6.3363,NA,NA,NA,NA,NA,NA,NA,NA,NA,NA,NA,NA
42.968,1.8886,4.6416,1.0734,6.4828,NA,NA,NA,NA,NA,NA,NA,NA,NA,NA,NA,NA
43.074,1.8899,4.7187,1.0745,6.5914,NA,NA,NA,NA,NA,NA,NA,NA,NA,NA,NA,NA
43.172,1.8962,5.0634,1.0751,6.6572,NA,NA,NA,NA,NA,NA,NA,NA,NA,NA,NA,NA
43.274,1.8968,5.0978,1.0761,6.7493,NA,NA,NA,NA,NA,NA,NA,NA,NA,NA,NA,NA
43.359,1.8986,5.1953,1.0767,6.8135,NA,NA,NA,NA,NA,NA,NA,NA,NA,NA,NA,NA
43.483,1.8986,5.1953,1.0768,6.8206,NA,NA,NA,NA,NA,NA,NA,NA,NA,NA,NA,NA
43.560,1.8968,5.0981,1.0768,6.8206,NA,NA,NA,NA,NA,NA,NA,NA,NA,NA,NA,NA
43.655,1.8968,5.0981,1.0760,6.7477,NA,NA,NA,NA,NA,NA,NA,NA,NA,NA,NA,NA
43.756,1.8918,4.8208,1.0756,6.7040,NA,NA,NA,NA,NA,NA,NA,NA,NA,NA,NA,NA
43.860,1.8855,4.4705,1.0741,6.5592,NA,NA,NA,NA,NA,NA,NA,NA,NA,NA,NA,NA
43.948,1.8803,4.1862,1.0714,6.2867,NA,NA,NA,NA,NA,NA,NA,NA,NA,NA,NA,NA
44.101,1.8714,3.6889,1.0699,6.1376,NA,NA,NA,NA,NA,NA,NA,NA,NA,NA,NA,NA
44.140,1.8677,3.4881,1.0663,5.7846,NA,NA,NA,NA,NA,NA,NA,NA,NA,NA,NA,NA
44.249,1.8559,2.8344,1.0623,5.3841,NA,NA,NA,NA,NA,NA,NA,NA,NA,NA,NA,NA
44.345,1.8509,2.5555,1.0600,5.1568,NA,NA,NA,NA,NA,NA,NA,NA,NA,NA,NA,NA
44.436,1.8460,2.2840,1.0545,4.6073,NA,NA,NA,NA,NA,NA,NA,NA,NA,NA,NA,NA
44.536,1.8400,1.9513,1.0518,4.3419,NA,NA,NA,NA,NA,NA,NA,NA,NA,NA,NA,NA
44.636,1.8368,1.7723,1.0500,4.1617,NA,NA,NA,NA,NA,NA,NA,NA,NA,NA,NA,NA
44.729,1.8351,1.6816,1.0477,3.9407,NA,NA,NA,NA,NA,NA,NA,NA,NA,NA,NA,NA
44.844,1.8351,1.6816,1.0452,3.6878,NA,NA,NA,NA,NA,NA,NA,NA,NA,NA,NA,NA
44.932,1.8316,1.4844,1.0440,3.5739,NA,NA,NA,NA,NA,NA,NA,NA,NA,NA,NA,NA
45.031,1.8316,1.4844,1.0412,3.2917,NA,NA,NA,NA,NA,NA,NA,NA,NA,NA,NA,NA
45.129,1.8277,1.2669,1.0399,3.1630,NA,NA,NA,NA,NA,NA,NA,NA,NA,NA,NA,NA
45.309,1.8277,1.2669,1.0389,3.0657,NA,NA,NA,NA,NA,NA,NA,NA,NA,NA,NA,NA
45.311,1.8207,0.8818,1.0365,2.8280,NA,NA,NA,NA,NA,NA,NA,NA,NA,NA,NA,NA
45.428,1.8207,0.8818,1.0356,2.7312,NA,NA,NA,NA,NA,NA,NA,NA,NA,NA,NA,NA
45.516,1.8204,0.8645,1.0336,2.5372,NA,NA,NA,NA,NA,NA,NA,NA,NA,NA,NA,NA
45.619,1.8190,0.7869,1.0323,2.4118,NA,NA,NA,NA,NA,NA,NA,NA,NA,NA,NA,NA
45.718,1.8151,0.5693,1.0309,2.2687,NA,NA,NA,NA,NA,NA,NA,NA,NA,NA,NA,NA
45.808,1.8123,0.4178,1.0298,2.1614,NA,NA,NA,NA,NA,NA,NA,NA,NA,NA,NA,NA
45.909,1.8123,0.4178,1.0288,2.0640,NA,NA,NA,NA,NA,NA,NA,NA,NA,NA,NA,NA
46.014,1.8103,0.3078,1.0279,1.9752,NA,NA,NA,NA,NA,NA,NA,NA,NA,NA,NA,NA
46.111,1.8103,0.3078,1.0272,1.9027,NA,NA,NA,NA,NA,NA,NA,NA,NA,NA,NA,NA
46.200,1.8110,0.3467,1.0278,1.9627,NA,NA,NA,NA,NA,NA,NA,NA,NA,NA,NA,NA
46.304,1.8204,0.8660,1.0304,2.2224,NA,NA,NA,NA,NA,NA,NA,NA,NA,NA,NA,NA
46.417,1.8330,1.5647,1.0331,2.4852,NA,NA,NA,NA,NA,NA,NA,NA,NA,NA,NA,NA
46.503,1.8472,2.3488,1.0410,3.2693,NA,NA,NA,NA,NA,NA,NA,NA,NA,NA,NA,NA
46.592,1.8521,2.6220,1.0474,3.9063,NA,NA,NA,NA,NA,NA,NA,NA,NA,NA,NA,NA
46.699,1.8562,2.8466,1.0523,4.3931,NA,NA,NA,NA,NA,NA,NA,NA,NA,NA,NA,NA
46.796,1.8620,3.1685,1.0563,4.7884,NA,NA,NA,NA,NA,NA,NA,NA,NA,NA,NA,NA
46.888,1.8670,3.4497,1.0612,5.2718,NA,NA,NA,NA,NA,NA,NA,NA,NA,NA,NA,NA
47.041,1.8754,3.9112,1.0653,5.6788,NA,NA,NA,NA,NA,NA,NA,NA,NA,NA,NA,NA
47.083,1.8837,4.3701,1.0680,5.9469,NA,NA,NA,NA,NA,NA,NA,NA,NA,NA,NA,NA
47.181,1.8906,4.7536,1.0713,6.2731,NA,NA,NA,NA,NA,NA,NA,NA,NA,NA,NA,NA
47.283,1.8939,4.9361,1.0750,6.6461,NA,NA,NA,NA,NA,NA,NA,NA,NA,NA,NA,NA
47.376,1.9008,5.3181,1.0781,6.9476,NA,NA,NA,NA,NA,NA,NA,NA,NA,NA,NA,NA
47.471,1.9029,5.4337,1.0801,7.1465,NA,NA,NA,NA,NA,NA,NA,NA,NA,NA,NA,NA
47.572,1.9038,5.4879,1.0824,7.3823,NA,NA,NA,NA,NA,NA,NA,NA,NA,NA,NA,NA
47.684,1.9043,5.5127,1.0842,7.5602,NA,NA,NA,NA,NA,NA,NA,NA,NA,NA,NA,NA
47.772,1.9067,5.6442,1.0864,7.7714,NA,NA,NA,NA,NA,NA,NA,NA,NA,NA,NA,NA
47.870,1.9181,6.2797,1.0877,7.9042,NA,NA,NA,NA,NA,NA,NA,NA,NA,NA,NA,NA
47.963,1.9181,6.2797,1.0895,8.0816,NA,NA,NA,NA,NA,NA,NA,NA,NA,NA,NA,NA
48.062,1.9201,6.3893,1.0912,8.2553,NA,NA,NA,NA,NA,NA,NA,NA,NA,NA,NA,NA
48.158,1.9201,6.3893,1.0912,8.2553,NA,NA,NA,NA,NA,NA,NA,NA,NA,NA,NA,NA
48.284,1.9119,5.9328,1.0903,8.1645,NA,NA,NA,NA,NA,NA,NA,NA,NA,NA,NA,NA
48.356,1.9070,5.6640,1.0899,8.1228,NA,NA,NA,NA,NA,NA,NA,NA,NA,NA,NA,NA
48.453,1.9038,5.4878,1.0873,7.8632,NA,NA,NA,NA,NA,NA,NA,NA,NA,NA,NA,NA
48.558,1.9015,5.3607,1.0859,7.7277,NA,NA,NA,NA,NA,NA,NA,NA,NA,NA,NA,NA
48.650,1.8996,5.2508,1.0819,7.3292,NA,NA,NA,NA,NA,NA,NA,NA,NA,NA,NA,NA
48.751,1.8886,4.6439,1.0781,6.9493,NA,NA,NA,NA,NA,NA,NA,NA,NA,NA,NA,NA
48.854,1.8842,4.3982,1.0741,6.5566,NA,NA,NA,NA,NA,NA,NA,NA,NA,NA,NA,NA
48.944,1.8746,3.8702,1.0714,6.2873,NA,NA,NA,NA,NA,NA,NA,NA,NA,NA,NA,NA
49.051,1.8745,3.8607,1.0691,6.0622,NA,NA,NA,NA,NA,NA,NA,NA,NA,NA,NA,NA
49.140,1.8663,3.4085,1.0670,5.8519,NA,NA,NA,NA,NA,NA,NA,NA,NA,NA,NA,NA
49.246,1.8570,2.8920,1.0657,5.7194,NA,NA,NA,NA,NA,NA,NA,NA,NA,NA,NA,NA
49.334,1.8575,2.9224,1.0624,5.3955,NA,NA,NA,NA,NA,NA,NA,NA,NA,NA,NA,NA
49.462,1.8575,2.9224,1.0596,5.1160,NA,NA,NA,NA,NA,NA,NA,NA,NA,NA,NA,NA
49.525,1.8507,2.5461,1.0564,4.8041,NA,NA,NA,NA,NA,NA,NA,NA,NA,NA,NA,NA
49.638,1.8484,2.4145,1.0547,4.6348,NA,NA,NA,NA,NA,NA,NA,NA,NA,NA,NA,NA
49.727,1.8440,2.1700,1.0527,4.4326,NA,NA,NA,NA,NA,NA,NA,NA,NA,NA,NA,NA
49.821,1.8406,1.9834,1.0508,4.2404,NA,NA,NA,NA,NA,NA,NA,NA,NA,NA,NA,NA
49.918,1.8406,1.9834,1.0489,4.0569,NA,NA,NA,NA,NA,NA,NA,NA,NA,NA,NA,NA
50.061,1.8342,1.6298,1.0478,3.9467,NA,NA,NA,NA,NA,NA,NA,NA,NA,NA,NA,NA
50.117,1.8329,1.5558,1.0449,3.6596,NA,NA,NA,NA,NA,NA,NA,NA,NA,NA,NA,NA
50.218,1.8325,1.5330,1.0437,3.5389,NA,NA,NA,NA,NA,NA,NA,NA,NA,NA,NA,NA
50.315,1.8325,1.5330,1.0424,3.4095,NA,NA,NA,NA,NA,NA,NA,NA,NA,NA,NA,NA
50.421,1.8286,1.3207,1.0409,3.2570,NA,NA,NA,NA,NA,NA,NA,NA,NA,NA,NA,NA
50.516,1.8264,1.1980,1.0395,3.1221,NA,NA,NA,NA,NA,NA,NA,NA,NA,NA,NA,NA
50.628,1.8264,1.1980,1.0391,3.0812,NA,NA,NA,NA,NA,NA,NA,NA,NA,NA,NA,NA
50.704,1.8263,1.1893,1.0386,3.0306,NA,NA,NA,NA,NA,NA,NA,NA,NA,NA,NA,NA
50.808,1.8263,1.1893,1.0380,2.9728,NA,NA,NA,NA,NA,NA,NA,NA,NA,NA,NA,NA
50.911,1.8249,1.1124,1.0370,2.8794,NA,NA,NA,NA,NA,NA,NA,NA,NA,NA,NA,NA
50.998,1.8235,1.0379,1.0361,2.7820,NA,NA,NA,NA,NA,NA,NA,NA,NA,NA,NA,NA
51.096,1.8208,0.8851,1.0354,2.7167,NA,NA,NA,NA,NA,NA,NA,NA,NA,NA,NA,NA
51.226,1.8181,0.7384,1.0353,2.7083,NA,NA,NA,NA,NA,NA,NA,NA,NA,NA,NA,NA
51.291,1.8160,0.6206,1.0350,2.6736,NA,NA,NA,NA,NA,NA,NA,NA,NA,NA,NA,NA
51.395,1.8170,0.6745,1.0345,2.6276,NA,NA,NA,NA,NA,NA,NA,NA,NA,NA,NA,NA
51.488,1.8174,0.7012,1.0337,2.5486,NA,NA,NA,NA,NA,NA,NA,NA,NA,NA,NA,NA
51.606,1.8174,0.7012,1.0333,2.5080,NA,NA,NA,NA,NA,NA,NA,NA,NA,NA,NA,NA
51.697,1.8153,0.5840,1.0316,2.3434,NA,NA,NA,NA,NA,NA,NA,NA,NA,NA,NA,NA
51.843,1.8116,0.3768,1.0306,2.2416,NA,NA,NA,NA,NA,NA,NA,NA,NA,NA,NA,NA
51.885,1.8116,0.3768,1.0302,2.2025,NA,NA,NA,NA,NA,NA,NA,NA,NA,NA,NA,NA
51.989,1.8080,0.1765,1.0298,2.1632,NA,NA,NA,NA,NA,NA,NA,NA,NA,NA,NA,NA
52.075,1.8092,0.2421,1.0298,2.1588,NA,NA,NA,NA,NA,NA,NA,NA,NA,NA,NA,NA
52.178,1.8092,0.2421,1.0289,2.0672,NA,NA,NA,NA,NA,NA,NA,NA,NA,NA,NA,NA
52.276,1.8103,0.3038,1.0280,1.9844,NA,NA,NA,NA,NA,NA,NA,NA,NA,NA,NA,NA
52.432,1.8103,0.3038,1.0281,1.9903,NA,NA,NA,NA,NA,NA,NA,NA,NA,NA,NA,NA
52.473,1.8047,-0.0046,1.0281,1.9903,NA,NA,NA,NA,NA,NA,NA,NA,NA,NA,NA,NA
52.570,1.8035,-0.0688,1.0261,1.7949,NA,NA,NA,NA,NA,NA,NA,NA,NA,NA,NA,NA
52.661,1.8031,-0.0910,1.0257,1.7512,NA,NA,NA,NA,NA,NA,NA,NA,NA,NA,NA,NA
52.773,1.8029,-0.1027,1.0256,1.7430,NA,NA,NA,NA,NA,NA,NA,NA,NA,NA,NA,NA
52.862,1.8003,-0.2502,1.0252,1.7014,NA,NA,NA,NA,NA,NA,NA,NA,NA,NA,NA,NA
53.046,1.7994,-0.2982,1.0249,1.6713,NA,NA,NA,NA,NA,NA,NA,NA,NA,NA,NA,NA
53.060,1.7994,-0.2982,1.0247,1.6543,NA,NA,NA,NA,NA,NA,NA,NA,NA,NA,NA,NA
53.159,1.7992,-0.3091,1.0243,1.6148,NA,NA,NA,NA,NA,NA,NA,NA,NA,NA,NA,NA
53.249,1.7990,-0.3184,1.0236,1.5499,NA,NA,NA,NA,NA,NA,NA,NA,NA,NA,NA,NA
53.352,1.7975,-0.4064,1.0232,1.5081,NA,NA,NA,NA,NA,NA,NA,NA,NA,NA,NA,NA
53.451,1.7965,-0.4584,1.0228,1.4702,NA,NA,NA,NA,NA,NA,NA,NA,NA,NA,NA,NA
53.571,1.7950,-0.5438,1.0226,1.4466,NA,NA,NA,NA,NA,NA,NA,NA,NA,NA,NA,NA
53.640,1.7956,-0.5072,1.0220,1.3837,NA,NA,NA,NA,NA,NA,NA,NA,NA,NA,NA,NA
53.774,1.7956,-0.5072,1.0215,1.3393,NA,NA,NA,NA,NA,NA,NA,NA,NA,NA,NA,NA
53.838,1.7967,-0.4477,1.0213,1.3127,NA,NA,NA,NA,NA,NA,NA,NA,NA,NA,NA,NA
53.937,1.7967,-0.4477,1.0211,1.3022,NA,NA,NA,NA,NA,NA,NA,NA,NA,NA,NA,NA
54.036,1.7952,-0.5313,1.0207,1.2527,NA,NA,NA,NA,NA,NA,NA,NA,NA,NA,NA,NA
54.132,1.7952,-0.5313,1.0201,1.1989,NA,NA,NA,NA,NA,NA,NA,NA,NA,NA,NA,NA
54.228,1.7866,-1.0055,1.0198,1.1654,NA,NA,NA,NA,NA,NA,NA,NA,NA,NA,NA,NA
54.330,1.7849,-1.1026,1.0196,1.1440,NA,NA,NA,NA,NA,NA,NA,NA,NA,NA,NA,NA
54.428,1.7849,-1.1026,1.0193,1.1155,NA,NA,NA,NA,NA,NA,NA,NA,NA,NA,NA,NA
54.522,1.7835,-1.1783,1.0186,1.0467,NA,NA,NA,NA,NA,NA,NA,NA,NA,NA,NA,NA
54.622,1.7835,-1.1783,1.0174,0.9309,NA,NA,NA,NA,NA,NA,NA,NA,NA,NA,NA,NA
54.721,1.7877,-0.9473,1.0168,0.8752,NA,NA,NA,NA,NA,NA,NA,NA,NA,NA,NA,NA
54.852,1.7877,-0.9473,1.0163,0.8220,NA,NA,NA,NA,NA,NA,NA,NA,NA,NA,NA,NA
54.914,1.7797,-1.3902,1.0156,0.7559,NA,NA,NA,NA,NA,NA,NA,NA,NA,NA,NA,NA
55.019,1.7788,-1.4395,1.0153,0.7171,NA,NA,NA,NA,NA,NA,NA,NA,NA,NA,NA,NA
55.113,1.7747,-1.6666,1.0152,0.7121,NA,NA,NA,NA,NA,NA,NA,NA,NA,NA,NA,NA
55.206,1.7789,-1.4370,1.0147,0.6641,NA,NA,NA,NA,NA,NA,NA,NA,NA,NA,NA,NA
55.319,1.7789,-1.4370,1.0139,0.5842,NA,NA,NA,NA,NA,NA,NA,NA,NA,NA,NA,NA
55.408,1.7779,-1.4893,1.0133,0.5274,NA,NA,NA,NA,NA,NA,NA,NA,NA,NA,NA,NA
55.505,1.7779,-1.4893,1.0129,0.4831,NA,NA,NA,NA,NA,NA,NA,NA,NA,NA,NA,NA
55.603,1.7781,-1.4773,1.0117,0.3653,NA,NA,NA,NA,NA,NA,NA,NA,NA,NA,NA,NA
55.698,1.7781,-1.4773,1.0114,0.3390,NA,NA,NA,NA,NA,NA,NA,NA,NA,NA,NA,NA
55.797,1.7780,-1.4833,1.0105,0.2489,NA,NA,NA,NA,NA,NA,NA,NA,NA,NA,NA,NA
55.892,1.7780,-1.4833,1.0100,0.1980,NA,NA,NA,NA,NA,NA,NA,NA,NA,NA,NA,NA
56.026,1.7743,-1.6891,1.0099,0.1899,NA,NA,NA,NA,NA,NA,NA,NA,NA,NA,NA,NA
56.098,1.7743,-1.6891,1.0098,0.1726,NA,NA,NA,NA,NA,NA,NA,NA,NA,NA,NA,NA
56.192,1.7732,-1.7508,1.0095,0.1502,NA,NA,NA,NA,NA,NA,NA,NA,NA,NA,NA,NA
56.286,1.7728,-1.7697,1.0091,0.1042,NA,NA,NA,NA,NA,NA,NA,NA,NA,NA,NA,NA
56.381,1.7711,-1.8690,1.0089,0.0836,NA,NA,NA,NA,NA,NA,NA,NA,NA,NA,NA,NA
56.479,1.7726,-1.7852,1.0087,0.0637,NA,NA,NA,NA,NA,NA,NA,NA,NA,NA,NA,NA
56.579,1.7726,-1.7852,1.0084,0.0366,NA,NA,NA,NA,NA,NA,NA,NA,NA,NA,NA,NA
56.687,1.7706,-1.8917,1.0071,-0.0893,NA,NA,NA,NA,NA,NA,NA,NA,NA,NA,NA,NA
56.776,1.7706,-1.8917,1.0065,-0.1477,NA,NA,NA,NA,NA,NA,NA,NA,NA,NA,NA,NA
56.876,1.7693,-1.9648,1.0064,-0.1640,NA,NA,NA,NA,NA,NA,NA,NA,NA,NA,NA,NA
56.971,1.7687,-1.9977,1.0062,-0.1817,NA,NA,NA,NA,NA,NA,NA,NA,NA,NA,NA,NA
57.076,1.7615,-2.3967,1.0060,-0.2053,NA,NA,NA,NA,NA,NA,NA,NA,NA,NA,NA,NA
57.197,1.7624,-2.3492,1.0060,-0.2053,NA,NA,NA,NA,NA,NA,NA,NA,NA,NA,NA,NA
57.269,1.7624,-2.3492,1.0054,-0.2649,NA,NA,NA,NA,NA,NA,NA,NA,NA,NA,NA,NA
57.362,1.7649,-2.2117,1.0056,-0.2438,NA,NA,NA,NA,NA,NA,NA,NA,NA,NA,NA,NA
57.459,1.7649,-2.2117,1.0056,-0.2438,NA,NA,NA,NA,NA,NA,NA,NA,NA,NA,NA,NA
57.563,1.7657,-2.1631,1.0048,-0.3185,NA,NA,NA,NA,NA,NA,NA,NA,NA,NA,NA,NA
57.659,1.7657,-2.1631,1.0038,-0.4214,NA,NA,NA,NA,NA,NA,NA,NA,NA,NA,NA,NA
57.752,1.7609,-2.4324,1.0036,-0.4364,NA,NA,NA,NA,NA,NA,NA,NA,NA,NA,NA,NA
57.885,1.7603,-2.4668,1.0036,-0.4364,NA,NA,NA,NA,NA,NA,NA,NA,NA,NA,NA,NA
57.950,1.7608,-2.4355,1.0026,-0.5397,NA,NA,NA,NA,NA,NA,NA,NA,NA,NA,NA,NA
58.048,1.7650,-2.2066,1.0026,-0.5397,NA,NA,NA,NA,NA,NA,NA,NA,NA,NA,NA,NA
58.150,1.7650,-2.2066,1.0022,-0.5805,NA,NA,NA,NA,NA,NA,NA,NA,NA,NA,NA,NA
58.245,1.7643,-2.2416,1.0018,-0.6215,NA,NA,NA,NA,NA,NA,NA,NA,NA,NA,NA,NA
58.340,1.7643,-2.2416,1.0024,-0.5583,NA,NA,NA,NA,NA,NA,NA,NA,NA,NA,NA,NA
58.447,1.7604,-2.4617,1.0024,-0.5583,NA,NA,NA,NA,NA,NA,NA,NA,NA,NA,NA,NA
58.537,1.7591,-2.5299,1.0014,-0.6614,NA,NA,NA,NA,NA,NA,NA,NA,NA,NA,NA,NA
58.641,1.7568,-2.6581,1.0016,-0.6339,NA,NA,NA,NA,NA,NA,NA,NA,NA,NA,NA,NA
58.730,1.7608,-2.4369,1.0016,-0.6339,NA,NA,NA,NA,NA,NA,NA,NA,NA,NA,NA,NA
58.834,1.7608,-2.4348,1.0004,-0.7590,NA,NA,NA,NA,NA,NA,NA,NA,NA,NA,NA,NA
58.934,1.7611,-2.4220,1.0004,-0.7590,NA,NA,NA,NA,NA,NA,NA,NA,NA,NA,NA,NA
59.035,1.7611,-2.4220,1.0000,-0.7949,NA,NA,NA,NA,NA,NA,NA,NA,NA,NA,NA,NA
59.125,1.7586,-2.5580,0.9999,-0.8023,NA,NA,NA,NA,NA,NA,NA,NA,NA,NA,NA,NA
59.222,1.7584,-2.5682,0.9992,-0.8759,NA,NA,NA,NA,NA,NA,NA,NA,NA,NA,NA,NA
59.318,1.7575,-2.6221,0.9990,-0.8913,NA,NA,NA,NA,NA,NA,NA,NA,NA,NA,NA,NA
59.425,1.7576,-2.6145,0.9990,-0.8913,NA,NA,NA,NA,NA,NA,NA,NA,NA,NA,NA,NA
59.523,1.7576,-2.6145,0.9987,-0.9238,NA,NA,NA,NA,NA,NA,NA,NA,NA,NA,NA,NA
59.652,1.7566,-2.6709,0.9982,-0.9709,NA,NA,NA,NA,NA,NA,NA,NA,NA,NA,NA,NA
59.712,1.7566,-2.6709,0.9980,-0.9913,NA,NA,NA,NA,NA,NA,NA,NA,NA,NA,NA,NA
59.815,1.7566,-2.6702,0.9980,-0.9913,NA,NA,NA,NA,NA,NA,NA,NA,NA,NA,NA,NA
59.910,1.7566,-2.6702,0.9978,-1.0163,NA,NA,NA,NA,NA,NA,NA,NA,NA,NA,NA,NA
60.012,1.7525,-2.8999,0.9973,-1.0630,NA,NA,NA,NA,NA,NA,NA,NA,NA,NA,NA,NA
60.107,1.7525,-2.8999,0.9969,-1.1048,NA,NA,NA,NA,NA,NA,NA,NA,NA,NA,NA,NA
60.240,1.7497,-3.0547,0.9973,-1.0613,NA,NA,NA,NA,NA,NA,NA,NA,NA,NA,NA,NA
60.298,1.7516,-2.9496,0.9973,-1.0613,NA,NA,NA,NA,NA,NA,NA,NA,NA,NA,NA,NA
60.406,1.7517,-2.9423,0.9968,-1.1134,NA,NA,NA,NA,NA,NA,NA,NA,NA,NA,NA,NA
60.496,1.7549,-2.7654,0.9963,-1.1584,NA,NA,NA,NA,NA,NA,NA,NA,NA,NA,NA,NA
60.595,1.7549,-2.7654,0.9963,-1.1625,NA,NA,NA,NA,NA,NA,NA,NA,NA,NA,NA,NA
60.691,1.7541,-2.8095,0.9958,-1.2107,NA,NA,NA,NA,NA,NA,NA,NA,NA,NA,NA,NA
60.845,1.7541,-2.8095,0.9953,-1.2590,NA,NA,NA,NA,NA,NA,NA,NA,NA,NA,NA,NA
60.886,1.7502,-3.0227,0.9952,-1.2736,NA,NA,NA,NA,NA,NA,NA,NA,NA,NA,NA,NA
60.982,1.7499,-3.0414,0.9952,-1.2769,NA,NA,NA,NA,NA,NA,NA,NA,NA,NA,NA,NA
61.083,1.7496,-3.0592,0.9944,-1.3522,NA,NA,NA,NA,NA,NA,NA,NA,NA,NA,NA,NA
61.190,1.7483,-3.1279,0.9944,-1.3522,NA,NA,NA,NA,NA,NA,NA,NA,NA,NA,NA,NA
61.276,1.7483,-3.1279,0.9942,-1.3689,NA,NA,NA,NA,NA,NA,NA,NA,NA,NA,NA,NA
61.382,1.7479,-3.1526,0.9939,-1.3989,NA,NA,NA,NA,NA,NA,NA,NA,NA,NA,NA,NA
61.478,1.7454,-3.2878,0.9938,-1.4107,NA,NA,NA,NA,NA,NA,NA,NA,NA,NA,NA,NA
61.570,1.7454,-3.2878,0.9938,-1.4107,NA,NA,NA,NA,NA,NA,NA,NA,NA,NA,NA,NA
61.671,1.7450,-3.3126,0.9936,-1.4320,NA,NA,NA,NA,NA,NA,NA,NA,NA,NA,NA,NA
61.772,1.7464,-3.2357,0.9930,-1.4891,NA,NA,NA,NA,NA,NA,NA,NA,NA,NA,NA,NA
61.865,1.7464,-3.2357,0.9928,-1.5076,NA,NA,NA,NA,NA,NA,NA,NA,NA,NA,NA,NA
61.964,1.7419,-3.4867,0.9925,-1.5417,NA,NA,NA,NA,NA,NA,NA,NA,NA,NA,NA,NA
62.069,1.7412,-3.5214,0.9922,-1.5683,NA,NA,NA,NA,NA,NA,NA,NA,NA,NA,NA,NA
62.163,1.7412,-3.5214,0.9919,-1.6043,NA,NA,NA,NA,NA,NA,NA,NA,NA,NA,NA,NA
62.256,1.7381,-3.6973,0.9912,-1.6738,NA,NA,NA,NA,NA,NA,NA,NA,NA,NA,NA,NA
62.357,1.7392,-3.6318,0.9912,-1.6726,NA,NA,NA,NA,NA,NA,NA,NA,NA,NA,NA,NA
62.452,1.7429,-3.4264,0.9912,-1.6726,NA,NA,NA,NA,NA,NA,NA,NA,NA,NA,NA,NA
62.550,1.7429,-3.4264,0.9907,-1.7181,NA,NA,NA,NA,NA,NA,NA,NA,NA,NA,NA,NA
62.695,1.7520,-2.9223,0.9936,-1.4350,NA,NA,NA,NA,NA,NA,NA,NA,NA,NA,NA,NA
62.752,1.7680,-2.0407,1.0046,-0.3385,NA,NA,NA,NA,NA,NA,NA,NA,NA,NA,NA,NA
62.844,1.7891,-0.8677,1.0162,0.8063,NA,NA,NA,NA,NA,NA,NA,NA,NA,NA,NA,NA
62.951,1.7957,-0.5061,1.0247,1.6499,NA,NA,NA,NA,NA,NA,NA,NA,NA,NA,NA,NA
63.044,1.8141,0.5152,1.0335,2.5258,NA,NA,NA,NA,NA,NA,NA,NA,NA,NA,NA,NA
63.229,1.8284,1.3072,1.0398,3.1573,NA,NA,NA,NA,NA,NA,NA,NA,NA,NA,NA,NA
63.242,1.8318,1.4940,1.0439,3.5582,NA,NA,NA,NA,NA,NA,NA,NA,NA,NA,NA,NA
63.334,1.8431,2.1222,1.0501,4.1748,NA,NA,NA,NA,NA,NA,NA,NA,NA,NA,NA,NA
63.434,1.8452,2.2379,1.0533,4.4889,NA,NA,NA,NA,NA,NA,NA,NA,NA,NA,NA,NA
63.530,1.8512,2.5737,1.0571,4.8658,NA,NA,NA,NA,NA,NA,NA,NA,NA,NA,NA,NA
63.636,1.8559,2.8318,1.0611,5.2695,NA,NA,NA,NA,NA,NA,NA,NA,NA,NA,NA,NA
63.728,1.8591,3.0098,1.0648,5.6363,NA,NA,NA,NA,NA,NA,NA,NA,NA,NA,NA,NA
63.822,1.8674,3.4714,1.0669,5.8396,NA,NA,NA,NA,NA,NA,NA,NA,NA,NA,NA,NA
63.921,1.8728,3.7699,1.0706,6.2045,NA,NA,NA,NA,NA,NA,NA,NA,NA,NA,NA,NA
64.019,1.8765,3.9743,1.0723,6.3740,NA,NA,NA,NA,NA,NA,NA,NA,NA,NA,NA,NA
64.127,1.8765,3.9743,1.0749,6.6349,NA,NA,NA,NA,NA,NA,NA,NA,NA,NA,NA,NA
64.223,1.8868,4.5434,1.0775,6.8882,NA,NA,NA,NA,NA,NA,NA,NA,NA,NA,NA,NA
64.314,1.8868,4.5434,1.0796,7.1040,NA,NA,NA,NA,NA,NA,NA,NA,NA,NA,NA,NA
64.417,1.8891,4.6694,1.0817,7.3103,NA,NA,NA,NA,NA,NA,NA,NA,NA,NA,NA,NA
64.515,1.8900,4.7213,1.0845,7.5871,NA,NA,NA,NA,NA,NA,NA,NA,NA,NA,NA,NA
64.608,1.8927,4.8705,1.0870,7.8313,NA,NA,NA,NA,NA,NA,NA,NA,NA,NA,NA,NA
64.704,1.8977,5.1502,1.0874,7.8757,NA,NA,NA,NA,NA,NA,NA,NA,NA,NA,NA,NA
64.801,1.8977,5.1502,1.0874,7.8757,NA,NA,NA,NA,NA,NA,NA,NA,NA,NA,NA,NA
64.901,1.8942,4.9554,1.0868,7.8196,NA,NA,NA,NA,NA,NA,NA,NA,NA,NA,NA,NA
64.997,1.8933,4.9053,1.0864,7.7764,NA,NA,NA,NA,NA,NA,NA,NA,NA,NA,NA,NA
65.103,1.8858,4.4894,1.0837,7.5122,NA,NA,NA,NA,NA,NA,NA,NA,NA,NA,NA,NA
65.195,1.8830,4.3328,1.0821,7.3514,NA,NA,NA,NA,NA,NA,NA,NA,NA,NA,NA,NA
65.291,1.8774,4.0239,1.0796,7.1025,NA,NA,NA,NA,NA,NA,NA,NA,NA,NA,NA,NA
65.394,1.8682,3.5118,1.0776,6.9055,NA,NA,NA,NA,NA,NA,NA,NA,NA,NA,NA,NA
65.497,1.8636,3.2589,1.0738,6.5285,NA,NA,NA,NA,NA,NA,NA,NA,NA,NA,NA,NA
65.648,1.8577,2.9308,1.0711,6.2533,NA,NA,NA,NA,NA,NA,NA,NA,NA,NA,NA,NA
65.690,1.8557,2.8233,1.0676,5.9147,NA,NA,NA,NA,NA,NA,NA,NA,NA,NA,NA,NA
65.789,1.8456,2.2633,1.0650,5.6540,NA,NA,NA,NA,NA,NA,NA,NA,NA,NA,NA,NA
65.881,1.8385,1.8669,1.0604,5.1914,NA,NA,NA,NA,NA,NA,NA,NA,NA,NA,NA,NA
65.985,1.8353,1.6912,1.0579,4.9458,NA,NA,NA,NA,NA,NA,NA,NA,NA,NA,NA,NA
66.076,1.8298,1.3845,1.0540,4.5625,NA,NA,NA,NA,NA,NA,NA,NA,NA,NA,NA,NA
66.170,1.8273,1.2476,1.0510,4.2678,NA,NA,NA,NA,NA,NA,NA,NA,NA,NA,NA,NA
66.280,1.8234,1.0304,1.0493,4.0906,NA,NA,NA,NA,NA,NA,NA,NA,NA,NA,NA,NA
66.373,1.8225,0.9807,1.0459,3.7578,NA,NA,NA,NA,NA,NA,NA,NA,NA,NA,NA,NA
66.475,1.8175,0.7026,1.0439,3.5611,NA,NA,NA,NA,NA,NA,NA,NA,NA,NA,NA,NA
66.570,1.8161,0.6270,1.0408,3.2530,NA,NA,NA,NA,NA,NA,NA,NA,NA,NA,NA,NA
66.662,1.8115,0.3718,1.0378,2.9575,NA,NA,NA,NA,NA,NA,NA,NA,NA,NA,NA,NA
66.812,1.8061,0.0721,1.0363,2.8095,NA,NA,NA,NA,NA,NA,NA,NA,NA,NA,NA,NA
66.856,1.8033,-0.0807,1.0346,2.6391,NA,NA,NA,NA,NA,NA,NA,NA,NA,NA,NA,NA
66.965,1.8031,-0.0939,1.0337,2.5515,NA,NA,NA,NA,NA,NA,NA,NA,NA,NA,NA,NA
67.062,1.8092,0.2469,1.0351,2.6872,NA,NA,NA,NA,NA,NA,NA,NA,NA,NA,NA,NA
67.154,1.8347,1.6574,1.0424,3.4076,NA,NA,NA,NA,NA,NA,NA,NA,NA,NA,NA,NA
67.261,1.8417,2.0438,1.0516,4.3230,NA,NA,NA,NA,NA,NA,NA,NA,NA,NA,NA,NA
67.407,1.8534,2.6918,1.0579,4.9465,NA,NA,NA,NA,NA,NA,NA,NA,NA,NA,NA,NA
67.451,1.8623,3.1877,1.0618,5.3328,NA,NA,NA,NA,NA,NA,NA,NA,NA,NA,NA,NA
67.548,1.8705,3.6411,1.0670,5.8547,NA,NA,NA,NA,NA,NA,NA,NA,NA,NA,NA,NA
67.640,1.8787,4.0978,1.0713,6.2727,NA,NA,NA,NA,NA,NA,NA,NA,NA,NA,NA,NA
67.740,1.8817,4.2643,1.0736,6.5016,NA,NA,NA,NA,NA,NA,NA,NA,NA,NA,NA,NA
67.859,1.8853,4.4606,1.0740,6.5429,NA,NA,NA,NA,NA,NA,NA,NA,NA,NA,NA,NA
67.939,1.8853,4.4606,1.0740,6.5429,NA,NA,NA,NA,NA,NA,NA,NA,NA,NA,NA,NA
68.061,1.8844,4.4136,1.0735,6.4911,NA,NA,NA,NA,NA,NA,NA,NA,NA,NA,NA,NA
68.133,1.8844,4.4136,1.0732,6.4694,NA,NA,NA,NA,NA,NA,NA,NA,NA,NA,NA,NA
68.229,1.8770,3.9994,1.0722,6.3675,NA,NA,NA,NA,NA,NA,NA,NA,NA,NA,NA,NA
68.340,1.8752,3.9016,1.0716,6.3098,NA,NA,NA,NA,NA,NA,NA,NA,NA,NA,NA,NA
68.430,1.8691,3.5622,1.0705,6.1947,NA,NA,NA,NA,NA,NA,NA,NA,NA,NA,NA,NA
68.520,1.8687,3.5401,1.0693,6.0747,NA,NA,NA,NA,NA,NA,NA,NA,NA,NA,NA,NA
68.670,1.8576,2.9283,1.0677,5.9252,NA,NA,NA,NA,NA,NA,NA,NA,NA,NA,NA,NA
68.718,1.8534,2.6962,1.0657,5.7252,NA,NA,NA,NA,NA,NA,NA,NA,NA,NA,NA,NA
68.818,1.8462,2.2926,1.0637,5.5203,NA,NA,NA,NA,NA,NA,NA,NA,NA,NA,NA,NA
68.916,1.8388,1.8843,1.0610,5.2592,NA,NA,NA,NA,NA,NA,NA,NA,NA,NA,NA,NA
69.011,1.8370,1.7850,1.0587,5.0265,NA,NA,NA,NA,NA,NA,NA,NA,NA,NA,NA,NA
69.112,1.8334,1.5877,1.0561,4.7732,NA,NA,NA,NA,NA,NA,NA,NA,NA,NA,NA,NA
69.256,1.8332,1.5760,1.0528,4.4382,NA,NA,NA,NA,NA,NA,NA,NA,NA,NA,NA,NA
69.305,1.8255,1.1464,1.0508,4.2439,NA,NA,NA,NA,NA,NA,NA,NA,NA,NA,NA,NA
69.409,1.8255,1.1464,1.0495,4.1181,NA,NA,NA,NA,NA,NA,NA,NA,NA,NA,NA,NA
69.499,1.8200,0.8450,1.0477,3.9359,NA,NA,NA,NA,NA,NA,NA,NA,NA,NA,NA,NA
69.621,1.8192,0.7977,1.0465,3.8210,NA,NA,NA,NA,NA,NA,NA,NA,NA,NA,NA,NA
69.697,1.8192,0.7977,1.0457,3.7406,NA,NA,NA,NA,NA,NA,NA,NA,NA,NA,NA,NA
69.793,1.8118,0.3874,1.0434,3.5107,NA,NA,NA,NA,NA,NA,NA,NA,NA,NA,NA,NA
69.898,1.8118,0.3874,1.0405,3.2172,NA,NA,NA,NA,NA,NA,NA,NA,NA,NA,NA,NA
69.998,1.8106,0.3195,1.0387,3.0440,NA,NA,NA,NA,NA,NA,NA,NA,NA,NA,NA,NA
70.089,1.8106,0.3195,1.0359,2.7685,NA,NA,NA,NA,NA,NA,NA,NA,NA,NA,NA,NA
70.187,1.8036,-0.0667,1.0345,2.6250,NA,NA,NA,NA,NA,NA,NA,NA,NA,NA,NA,NA
70.289,1.8009,-0.2137,1.0342,2.5932,NA,NA,NA,NA,NA,NA,NA,NA,NA,NA,NA,NA
70.384,1.8005,-0.2383,1.0332,2.4938,NA,NA,NA,NA,NA,NA,NA,NA,NA,NA,NA,NA
70.483,1.8055,0.0421,1.0322,2.3993,NA,NA,NA,NA,NA,NA,NA,NA,NA,NA,NA,NA
70.580,1.8055,0.0421,1.0316,2.3397,NA,NA,NA,NA,NA,NA,NA,NA,NA,NA,NA,NA
70.677,1.8020,-0.1522,1.0315,2.3247,NA,NA,NA,NA,NA,NA,NA,NA,NA,NA,NA,NA
70.775,1.8119,0.3952,1.0360,2.7722,NA,NA,NA,NA,NA,NA,NA,NA,NA,NA,NA,NA
70.896,1.8326,1.5409,1.0474,3.9105,NA,NA,NA,NA,NA,NA,NA,NA,NA,NA,NA,NA
70.970,1.8420,2.0613,1.0555,4.7119,NA,NA,NA,NA,NA,NA,NA,NA,NA,NA,NA,NA
71.070,1.8557,2.8229,1.0621,5.3642,NA,NA,NA,NA,NA,NA,NA,NA,NA,NA,NA,NA
71.173,1.8729,3.7720,1.0668,5.8357,NA,NA,NA,NA,NA,NA,NA,NA,NA,NA,NA,NA
71.263,1.8801,4.1704,1.0723,6.3798,NA,NA,NA,NA,NA,NA,NA,NA,NA,NA,NA,NA
71.361,1.8871,4.5600,1.0769,6.8366,NA,NA,NA,NA,NA,NA,NA,NA,NA,NA,NA,NA
71.464,1.8922,4.8449,1.0828,7.4216,NA,NA,NA,NA,NA,NA,NA,NA,NA,NA,NA,NA
71.558,1.8993,5.2369,1.0859,7.7224,NA,NA,NA,NA,NA,NA,NA,NA,NA,NA,NA,NA
71.701,1.9028,5.4294,1.0902,8.1516,NA,NA,NA,NA,NA,NA,NA,NA,NA,NA,NA,NA
71.754,1.9104,5.8516,1.0957,8.6999,NA,NA,NA,NA,NA,NA,NA,NA,NA,NA,NA,NA
71.851,1.9138,6.0383,1.0996,9.0886,NA,NA,NA,NA,NA,NA,NA,NA,NA,NA,NA,NA
71.954,1.9172,6.2291,1.1026,9.3802,NA,NA,NA,NA,NA,NA,NA,NA,NA,NA,NA,NA
72.050,1.9242,6.6187,1.1042,9.5453,NA,NA,NA,NA,NA,NA,NA,NA,NA,NA,NA,NA
72.175,1.9278,6.8183,1.1072,9.8397,NA,NA,NA,NA,NA,NA,NA,NA,NA,NA,NA,NA
72.242,1.9308,6.9830,1.1094,10.0525,NA,NA,NA,NA,NA,NA,NA,NA,NA,NA,NA,NA
72.350,1.9324,7.0734,1.1117,10.2891,NA,NA,NA,NA,NA,NA,NA,NA,NA,NA,NA,NA
72.442,1.9352,7.2284,1.1132,10.4365,NA,NA,NA,NA,NA,NA,NA,NA,NA,NA,NA,NA
72.538,1.9369,7.3181,1.1171,10.8221,NA,NA,NA,NA,NA,NA,NA,NA,NA,NA,NA,NA
72.640,1.9379,7.3731,1.1192,11.0265,NA,NA,NA,NA,NA,NA,NA,NA,NA,NA,NA,NA
72.735,1.9485,7.9624,1.1203,11.1348,NA,NA,NA,NA,NA,NA,NA,NA,NA,NA,NA,NA
72.875,1.9489,7.9831,1.1218,11.2845,NA,NA,NA,NA,NA,NA,NA,NA,NA,NA,NA,NA
72.928,1.9571,8.4410,1.1231,11.4187,NA,NA,NA,NA,NA,NA,NA,NA,NA,NA,NA,NA
73.032,1.9571,8.4410,1.1240,11.5074,NA,NA,NA,NA,NA,NA,NA,NA,NA,NA,NA,NA
73.130,1.9607,8.6387,1.1251,11.6159,NA,NA,NA,NA,NA,NA,NA,NA,NA,NA,NA,NA
73.222,1.9626,8.7463,1.1258,11.6884,NA,NA,NA,NA,NA,NA,NA,NA,NA,NA,NA,NA
73.322,1.9626,8.7463,1.1263,11.7356,NA,NA,NA,NA,NA,NA,NA,NA,NA,NA,NA,NA
73.470,1.9647,8.8609,1.1264,11.7410,NA,NA,NA,NA,NA,NA,NA,NA,NA,NA,NA,NA
73.522,1.9647,8.8609,1.1264,11.7410,NA,NA,NA,NA,NA,NA,NA,NA,NA,NA,NA,NA
73.620,1.9619,8.7067,1.1257,11.6711,NA,NA,NA,NA,NA,NA,NA,NA,NA,NA,NA,NA
73.711,1.9619,8.7067,1.1243,11.5397,NA,NA,NA,NA,NA,NA,NA,NA,NA,NA,NA,NA
73.812,1.9407,7.5320,1.1210,11.2034,NA,NA,NA,NA,NA,NA,NA,NA,NA,NA,NA,NA
73.908,1.9375,7.3560,1.1163,10.7455,NA,NA,NA,NA,NA,NA,NA,NA,NA,NA,NA,NA
74.040,1.9187,6.3110,1.1133,10.4420,NA,NA,NA,NA,NA,NA,NA,NA,NA,NA,NA,NA
74.107,1.9102,5.8413,1.1105,10.1677,NA,NA,NA,NA,NA,NA,NA,NA,NA,NA,NA,NA
74.207,1.9028,5.4329,1.1060,9.7152,NA,NA,NA,NA,NA,NA,NA,NA,NA,NA,NA,NA
74.299,1.8993,5.2393,1.1031,9.4290,NA,NA,NA,NA,NA,NA,NA,NA,NA,NA,NA,NA
74.396,1.8954,5.0228,1.1009,9.2144,NA,NA,NA,NA,NA,NA,NA,NA,NA,NA,NA,NA
74.497,1.8936,4.9212,1.0983,8.9551,NA,NA,NA,NA,NA,NA,NA,NA,NA,NA,NA,NA
74.593,1.8900,4.7219,1.0956,8.6854,NA,NA,NA,NA,NA,NA,NA,NA,NA,NA,NA,NA
74.696,1.8885,4.6394,1.0937,8.5016,NA,NA,NA,NA,NA,NA,NA,NA,NA,NA,NA,NA
74.792,1.8872,4.5667,1.0916,8.2933,NA,NA,NA,NA,NA,NA,NA,NA,NA,NA,NA,NA
74.887,1.8844,4.4135,1.0901,8.1462,NA,NA,NA,NA,NA,NA,NA,NA,NA,NA,NA,NA
74.982,1.8839,4.3827,1.0891,8.0425,NA,NA,NA,NA,NA,NA,NA,NA,NA,NA,NA,NA
75.087,1.8798,4.1578,1.0883,7.9607,NA,NA,NA,NA,NA,NA,NA,NA,NA,NA,NA,NA
75.179,1.8785,4.0843,1.0861,7.7431,NA,NA,NA,NA,NA,NA,NA,NA,NA,NA,NA,NA
75.275,1.8728,3.7674,1.0846,7.5997,NA,NA,NA,NA,NA,NA,NA,NA,NA,NA,NA,NA
75.382,1.8701,3.6200,1.0836,7.4933,NA,NA,NA,NA,NA,NA,NA,NA,NA,NA,NA,NA
75.473,1.8679,3.4991,1.0811,7.2479,NA,NA,NA,NA,NA,NA,NA,NA,NA,NA,NA,NA
75.573,1.8680,3.5019,1.0796,7.1046,NA,NA,NA,NA,NA,NA,NA,NA,NA,NA,NA,NA
75.670,1.8680,3.5019,1.0771,6.8511,NA,NA,NA,NA,NA,NA,NA,NA,NA,NA,NA,NA
75.811,1.8626,3.2007,1.0751,6.6580,NA,NA,NA,NA,NA,NA,NA,NA,NA,NA,NA,NA
75.863,1.8624,3.1947,1.0732,6.4705,NA,NA,NA,NA,NA,NA,NA,NA,NA,NA,NA,NA
75.970,1.8559,2.8324,1.0708,6.2273,NA,NA,NA,NA,NA,NA,NA,NA,NA,NA,NA,NA
76.065,1.8517,2.6002,1.0693,6.0740,NA,NA,NA,NA,NA,NA,NA,NA,NA,NA,NA,NA
76.156,1.8484,2.4181,1.0668,5.8317,NA,NA,NA,NA,NA,NA,NA,NA,NA,NA,NA,NA
76.262,1.8480,2.3920,1.0653,5.6854,NA,NA,NA,NA,NA,NA,NA,NA,NA,NA,NA,NA
76.356,1.8474,2.3607,1.0635,5.5078,NA,NA,NA,NA,NA,NA,NA,NA,NA,NA,NA,NA
76.488,1.8456,2.2612,1.0632,5.4692,NA,NA,NA,NA,NA,NA,NA,NA,NA,NA,NA,NA
76.549,1.8456,2.2612,1.0621,5.3643,NA,NA,NA,NA,NA,NA,NA,NA,NA,NA,NA,NA
76.649,1.8427,2.1025,1.0605,5.2042,NA,NA,NA,NA,NA,NA,NA,NA,NA,NA,NA,NA
76.754,1.8427,2.1025,1.0599,5.1471,NA,NA,NA,NA,NA,NA,NA,NA,NA,NA,NA,NA
76.841,1.8359,1.7264,1.0591,5.0703,NA,NA,NA,NA,NA,NA,NA,NA,NA,NA,NA,NA
76.949,1.8355,1.7029,1.0589,5.0503,NA,NA,NA,NA,NA,NA,NA,NA,NA,NA,NA,NA
77.072,1.8373,1.8038,1.0602,5.1760,NA,NA,NA,NA,NA,NA,NA,NA,NA,NA,NA,NA
77.143,1.8574,2.9175,1.0630,5.4508,NA,NA,NA,NA,NA,NA,NA,NA,NA,NA,NA,NA
77.236,1.8678,3.4931,1.0696,6.1091,NA,NA,NA,NA,NA,NA,NA,NA,NA,NA,NA,NA
77.338,1.8842,4.3990,1.0741,6.5556,NA,NA,NA,NA,NA,NA,NA,NA,NA,NA,NA,NA
77.430,1.8917,4.8175,1.0783,6.9725,NA,NA,NA,NA,NA,NA,NA,NA,NA,NA,NA,NA
77.533,1.8965,5.0790,1.0835,7.4836,NA,NA,NA,NA,NA,NA,NA,NA,NA,NA,NA,NA
77.628,1.9028,5.4287,1.0881,7.9467,NA,NA,NA,NA,NA,NA,NA,NA,NA,NA,NA,NA
77.728,1.9143,6.0674,1.0965,8.7780,NA,NA,NA,NA,NA,NA,NA,NA,NA,NA,NA,NA
77.822,1.9293,6.8978,1.1027,9.3876,NA,NA,NA,NA,NA,NA,NA,NA,NA,NA,NA,NA
77.926,1.9367,7.3092,1.1082,9.9368,NA,NA,NA,NA,NA,NA,NA,NA,NA,NA,NA,NA
78.029,1.9505,8.0723,1.1112,10.2315,NA,NA,NA,NA,NA,NA,NA,NA,NA,NA,NA,NA
78.123,1.9533,8.2268,1.1144,10.5544,NA,NA,NA,NA,NA,NA,NA,NA,NA,NA,NA,NA
78.242,1.9598,8.5866,1.1197,11.0762,NA,NA,NA,NA,NA,NA,NA,NA,NA,NA,NA,NA
78.318,1.9630,8.7635,1.1229,11.3929,NA,NA,NA,NA,NA,NA,NA,NA,NA,NA,NA,NA
78.418,1.9651,8.8841,1.1253,11.6307,NA,NA,NA,NA,NA,NA,NA,NA,NA,NA,NA,NA
78.510,1.9677,9.0265,1.1282,11.9174,NA,NA,NA,NA,NA,NA,NA,NA,NA,NA,NA,NA
78.606,1.9690,9.0969,1.1310,12.1974,NA,NA,NA,NA,NA,NA,NA,NA,NA,NA,NA,NA
78.701,1.9765,9.5121,1.1337,12.4696,NA,NA,NA,NA,NA,NA,NA,NA,NA,NA,NA,NA
78.831,1.9791,9.6570,1.1356,12.6574,NA,NA,NA,NA,NA,NA,NA,NA,NA,NA,NA,NA
78.901,1.9855,10.0128,1.1376,12.8594,NA,NA,NA,NA,NA,NA,NA,NA,NA,NA,NA,NA
79.006,1.9855,10.0128,1.1415,13.2441,NA,NA,NA,NA,NA,NA,NA,NA,NA,NA,NA,NA
79.097,1.9860,10.0406,1.1436,13.4449,NA,NA,NA,NA,NA,NA,NA,NA,NA,NA,NA,NA
79.202,1.9904,10.2869,1.1451,13.5988,NA,NA,NA,NA,NA,NA,NA,NA,NA,NA,NA,NA
79.293,1.9957,10.5764,1.1471,13.7984,NA,NA,NA,NA,NA,NA,NA,NA,NA,NA,NA,NA
79.392,1.9998,10.8057,1.1488,13.9699,NA,NA,NA,NA,NA,NA,NA,NA,NA,NA,NA,NA
79.495,1.9998,10.8057,1.1495,14.0368,NA,NA,NA,NA,NA,NA,NA,NA,NA,NA,NA,NA
79.592,2.0030,10.9828,1.1512,14.2020,NA,NA,NA,NA,NA,NA,NA,NA,NA,NA,NA,NA
79.683,2.0030,10.9828,1.1512,14.2020,NA,NA,NA,NA,NA,NA,NA,NA,NA,NA,NA,NA
79.789,1.9970,10.6510,1.1498,14.0641,NA,NA,NA,NA,NA,NA,NA,NA,NA,NA,NA,NA
79.883,1.9902,10.2736,1.1496,14.0468,NA,NA,NA,NA,NA,NA,NA,NA,NA,NA,NA,NA
80.008,1.9808,9.7532,1.1486,13.9477,NA,NA,NA,NA,NA,NA,NA,NA,NA,NA,NA,NA
80.074,1.9811,9.7689,1.1464,13.7233,NA,NA,NA,NA,NA,NA,NA,NA,NA,NA,NA,NA
80.190,1.9811,9.7689,1.1439,13.4828,NA,NA,NA,NA,NA,NA,NA,NA,NA,NA,NA,NA
80.267,1.9748,9.4211,1.1408,13.1674,NA,NA,NA,NA,NA,NA,NA,NA,NA,NA,NA,NA
80.371,1.9748,9.4211,1.1369,12.7827,NA,NA,NA,NA,NA,NA,NA,NA,NA,NA,NA,NA
80.468,1.9631,8.7691,1.1327,12.3653,NA,NA,NA,NA,NA,NA,NA,NA,NA,NA,NA,NA
80.602,1.9589,8.5391,1.1295,12.0512,NA,NA,NA,NA,NA,NA,NA,NA,NA,NA,NA,NA
80.668,1.9402,7.5036,1.1258,11.6859,NA,NA,NA,NA,NA,NA,NA,NA,NA,NA,NA,NA
80.759,1.9287,6.8638,1.1231,11.4127,NA,NA,NA,NA,NA,NA,NA,NA,NA,NA,NA,NA
80.867,1.9236,6.5820,1.1201,11.1228,NA,NA,NA,NA,NA,NA,NA,NA,NA,NA,NA,NA
80.959,1.9219,6.4896,1.1155,10.6628,NA,NA,NA,NA,NA,NA,NA,NA,NA,NA,NA,NA
81.056,1.9219,6.4896,1.1125,10.3667,NA,NA,NA,NA,NA,NA,NA,NA,NA,NA,NA,NA
81.152,1.9108,5.8762,1.1107,10.1875,NA,NA,NA,NA,NA,NA,NA,NA,NA,NA,NA,NA
81.258,1.9098,5.8189,1.1098,10.0955,NA,NA,NA,NA,NA,NA,NA,NA,NA,NA,NA,NA
81.348,1.9057,5.5927,1.1068,9.7980,NA,NA,NA,NA,NA,NA,NA,NA,NA,NA,NA,NA
81.446,1.9049,5.5459,1.1053,9.6457,NA,NA,NA,NA,NA,NA,NA,NA,NA,NA,NA,NA
81.540,1.9034,5.4653,1.1037,9.4869,NA,NA,NA,NA,NA,NA,NA,NA,NA,NA,NA,NA
81.646,1.9034,5.4653,1.1015,9.2739,NA,NA,NA,NA,NA,NA,NA,NA,NA,NA,NA,NA
81.796,1.9036,5.4734,1.1003,9.1569,NA,NA,NA,NA,NA,NA,NA,NA,NA,NA,NA,NA
81.832,1.9036,5.4734,1.0991,9.0304,NA,NA,NA,NA,NA,NA,NA,NA,NA,NA,NA,NA
81.946,1.8970,5.1087,1.0972,8.8494,NA,NA,NA,NA,NA,NA,NA,NA,NA,NA,NA,NA
82.033,1.8866,4.5316,1.0962,8.7456,NA,NA,NA,NA,NA,NA,NA,NA,NA,NA,NA,NA
82.129,1.8856,4.4757,1.0946,8.5872,NA,NA,NA,NA,NA,NA,NA,NA,NA,NA,NA,NA
82.229,1.8846,4.4239,1.0936,8.4931,NA,NA,NA,NA,NA,NA,NA,NA,NA,NA,NA,NA
82.332,1.8846,4.4239,1.0908,8.2100,NA,NA,NA,NA,NA,NA,NA,NA,NA,NA,NA,NA
82.447,1.8829,4.3290,1.0894,8.0699,NA,NA,NA,NA,NA,NA,NA,NA,NA,NA,NA,NA
82.526,1.8829,4.3290,1.0883,7.9623,NA,NA,NA,NA,NA,NA,NA,NA,NA,NA,NA,NA
82.617,1.8774,4.0220,1.0861,7.7449,NA,NA,NA,NA,NA,NA,NA,NA,NA,NA,NA,NA
82.723,1.8756,3.9252,1.0850,7.6413,NA,NA,NA,NA,NA,NA,NA,NA,NA,NA,NA,NA
82.816,1.8730,3.7811,1.0838,7.5172,NA,NA,NA,NA,NA,NA,NA,NA,NA,NA,NA,NA
82.914,1.8697,3.5994,1.0832,7.4601,NA,NA,NA,NA,NA,NA,NA,NA,NA,NA,NA,NA
83.009,1.8701,3.6170,1.0810,7.2373,NA,NA,NA,NA,NA,NA,NA,NA,NA,NA,NA,NA
83.109,1.8713,3.6844,1.0801,7.1532,NA,NA,NA,NA,NA,NA,NA,NA,NA,NA,NA,NA
83.207,1.8713,3.6844,1.0795,7.0943,NA,NA,NA,NA,NA,NA,NA,NA,NA,NA,NA,NA
83.312,1.8677,3.4862,1.0786,7.0011,NA,NA,NA,NA,NA,NA,NA,NA,NA,NA,NA,NA
83.403,1.8672,3.4601,1.0781,6.9471,NA,NA,NA,NA,NA,NA,NA,NA,NA,NA,NA,NA
83.504,1.8610,3.1157,1.0774,6.8793,NA,NA,NA,NA,NA,NA,NA,NA,NA,NA,NA,NA
83.661,1.8592,3.0173,1.0763,6.7774,NA,NA,NA,NA,NA,NA,NA,NA,NA,NA,NA,NA
83.697,1.8582,2.9617,1.0752,6.6638,NA,NA,NA,NA,NA,NA,NA,NA,NA,NA,NA,NA
83.795,1.8579,2.9405,1.0744,6.5881,NA,NA,NA,NA,NA,NA,NA,NA,NA,NA,NA,NA
83.890,1.8564,2.8611,1.0737,6.5178,NA,NA,NA,NA,NA,NA,NA,NA,NA,NA,NA,NA
83.988,1.8566,2.8705,1.0734,6.4899,NA,NA,NA,NA,NA,NA,NA,NA,NA,NA,NA,NA
84.090,1.8566,2.8705,1.0719,6.3387,NA,NA,NA,NA,NA,NA,NA,NA,NA,NA,NA,NA
84.227,1.8522,2.6297,1.0708,6.2317,NA,NA,NA,NA,NA,NA,NA,NA,NA,NA,NA,NA
84.302,1.8522,2.6297,1.0685,5.9969,NA,NA,NA,NA,NA,NA,NA,NA,NA,NA,NA,NA
84.397,1.8483,2.4108,1.0677,5.9156,NA,NA,NA,NA,NA,NA,NA,NA,NA,NA,NA,NA
84.483,1.8475,2.3652,1.0668,5.8357,NA,NA,NA,NA,NA,NA,NA,NA,NA,NA,NA,NA
84.584,1.8468,2.3297,1.0653,5.6776,NA,NA,NA,NA,NA,NA,NA,NA,NA,NA,NA,NA
84.675,1.8485,2.4200,1.0646,5.6082,NA,NA,NA,NA,NA,NA,NA,NA,NA,NA,NA,NA
84.773,1.8485,2.4200,1.0640,5.5550,NA,NA,NA,NA,NA,NA,NA,NA,NA,NA,NA,NA
84.896,1.8440,2.1708,1.0627,5.4281,NA,NA,NA,NA,NA,NA,NA,NA,NA,NA,NA,NA
84.979,1.8394,1.9160,1.0620,5.3561,NA,NA,NA,NA,NA,NA,NA,NA,NA,NA,NA,NA
85.069,1.8383,1.8568,1.0613,5.2829,NA,NA,NA,NA,NA,NA,NA,NA,NA,NA,NA,NA
85.167,1.8392,1.9044,1.0603,5.1879,NA,NA,NA,NA,NA,NA,NA,NA,NA,NA,NA,NA
85.271,1.8392,1.9044,1.0597,5.1289,NA,NA,NA,NA,NA,NA,NA,NA,NA,NA,NA,NA
85.425,1.8362,1.7399,1.0580,4.9595,NA,NA,NA,NA,NA,NA,NA,NA,NA,NA,NA,NA
85.459,1.8362,1.7399,1.0574,4.8969,NA,NA,NA,NA,NA,NA,NA,NA,NA,NA,NA,NA
85.556,1.8359,1.7237,1.0572,4.8798,NA,NA,NA,NA,NA,NA,NA,NA,NA,NA,NA,NA
85.654,1.8359,1.7237,1.0556,4.7152,NA,NA,NA,NA,NA,NA,NA,NA,NA,NA,NA,NA
85.750,1.8329,1.5578,1.0548,4.6403,NA,NA,NA,NA,NA,NA,NA,NA,NA,NA,NA,NA
85.854,1.8311,1.4554,1.0547,4.6316,NA,NA,NA,NA,NA,NA,NA,NA,NA,NA,NA,NA
85.956,1.8301,1.4048,1.0541,4.5708,NA,NA,NA,NA,NA,NA,NA,NA,NA,NA,NA,NA
86.050,1.8301,1.4048,1.0539,4.5534,NA,NA,NA,NA,NA,NA,NA,NA,NA,NA,NA,NA
86.148,1.8241,1.0723,1.0527,4.4283,NA,NA,NA,NA,NA,NA,NA,NA,NA,NA,NA,NA
86.260,1.8237,1.0493,1.0522,4.3858,NA,NA,NA,NA,NA,NA,NA,NA,NA,NA,NA,NA
86.341,1.8218,0.9450,1.0516,4.3206,NA,NA,NA,NA,NA,NA,NA,NA,NA,NA,NA,NA
86.438,1.8240,1.0643,1.0514,4.3078,NA,NA,NA,NA,NA,NA,NA,NA,NA,NA,NA,NA
86.598,1.8240,1.0643,1.0509,4.2500,NA,NA,NA,NA,NA,NA,NA,NA,NA,NA,NA,NA
86.645,1.8218,0.9425,1.0505,4.2143,NA,NA,NA,NA,NA,NA,NA,NA,NA,NA,NA,NA
86.736,1.8203,0.8592,1.0492,4.0851,NA,NA,NA,NA,NA,NA,NA,NA,NA,NA,NA,NA
86.833,1.8156,0.5978,1.0485,4.0121,NA,NA,NA,NA,NA,NA,NA,NA,NA,NA,NA,NA
86.925,1.8147,0.5515,1.0484,4.0065,NA,NA,NA,NA,NA,NA,NA,NA,NA,NA,NA,NA
87.032,1.8133,0.4708,1.0482,3.9903,NA,NA,NA,NA,NA,NA,NA,NA,NA,NA,NA,NA
87.129,1.8135,0.4854,1.0479,3.9602,NA,NA,NA,NA,NA,NA,NA,NA,NA,NA,NA,NA
87.229,1.8135,0.4854,1.0473,3.8976,NA,NA,NA,NA,NA,NA,NA,NA,NA,NA,NA,NA
87.320,1.8143,0.5254,1.0461,3.7740,NA,NA,NA,NA,NA,NA,NA,NA,NA,NA,NA,NA
87.428,1.8143,0.5254,1.0451,3.6819,NA,NA,NA,NA,NA,NA,NA,NA,NA,NA,NA,NA
87.545,1.8133,0.4715,1.0448,3.6496,NA,NA,NA,NA,NA,NA,NA,NA,NA,NA,NA,NA
87.613,1.8133,0.4715,1.0444,3.6123,NA,NA,NA,NA,NA,NA,NA,NA,NA,NA,NA,NA
87.708,1.8083,0.1930,1.0443,3.5993,NA,NA,NA,NA,NA,NA,NA,NA,NA,NA,NA,NA
87.811,1.8071,0.1295,1.0427,3.4398,NA,NA,NA,NA,NA,NA,NA,NA,NA,NA,NA,NA
87.914,1.8045,-0.0183,1.0425,3.4203,NA,NA,NA,NA,NA,NA,NA,NA,NA,NA,NA,NA
88.003,1.8036,-0.0663,1.0425,3.4203,NA,NA,NA,NA,NA,NA,NA,NA,NA,NA,NA,NA
88.118,1.8036,-0.0663,1.0419,3.3593,NA,NA,NA,NA,NA,NA,NA,NA,NA,NA,NA,NA
88.198,1.8041,-0.0369,1.0408,3.2512,NA,NA,NA,NA,NA,NA,NA,NA,NA,NA,NA,NA
88.296,1.8041,-0.0369,1.0405,3.2253,NA,NA,NA,NA,NA,NA,NA,NA,NA,NA,NA,NA
88.395,1.8036,-0.0664,1.0400,3.1731,NA,NA,NA,NA,NA,NA,NA,NA,NA,NA,NA,NA
88.498,1.8036,-0.0664,1.0399,3.1585,NA,NA,NA,NA,NA,NA,NA,NA,NA,NA,NA,NA
88.590,1.7976,-0.3969,1.0391,3.0855,NA,NA,NA,NA,NA,NA,NA,NA,NA,NA,NA,NA
88.696,1.7953,-0.5254,1.0389,3.0646,NA,NA,NA,NA,NA,NA,NA,NA,NA,NA,NA,NA
88.789,1.7953,-0.5254,1.0387,3.0421,NA,NA,NA,NA,NA,NA,NA,NA,NA,NA,NA,NA
88.886,1.7969,-0.4386,1.0386,3.0301,NA,NA,NA,NA,NA,NA,NA,NA,NA,NA,NA,NA
89.040,1.7969,-0.4386,1.0384,3.0173,NA,NA,NA,NA,NA,NA,NA,NA,NA,NA,NA,NA
89.084,1.7982,-0.3631,1.0384,3.0173,NA,NA,NA,NA,NA,NA,NA,NA,NA,NA,NA,NA
89.188,1.7982,-0.3631,1.0371,2.8871,NA,NA,NA,NA,NA,NA,NA,NA,NA,NA,NA,NA
89.281,1.7910,-0.7659,1.0366,2.8331,NA,NA,NA,NA,NA,NA,NA,NA,NA,NA,NA,NA
89.376,1.7884,-0.9097,1.0366,2.8331,NA,NA,NA,NA,NA,NA,NA,NA,NA,NA,NA,NA
89.471,1.7881,-0.9227,1.0358,2.7577,NA,NA,NA,NA,NA,NA,NA,NA,NA,NA,NA,NA
89.575,1.7908,-0.7730,1.0358,2.7577,NA,NA,NA,NA,NA,NA,NA,NA,NA,NA,NA,NA
89.687,1.7908,-0.7730,1.0356,2.7367,NA,NA,NA,NA,NA,NA,NA,NA,NA,NA,NA,NA
89.771,1.7890,-0.8722,1.0351,2.6821,NA,NA,NA,NA,NA,NA,NA,NA,NA,NA,NA,NA
89.863,1.7885,-0.9036,1.0342,2.5999,NA,NA,NA,NA,NA,NA,NA,NA,NA,NA,NA,NA
89.976,1.7870,-0.9850,1.0340,2.5792,NA,NA,NA,NA,NA,NA,NA,NA,NA,NA,NA,NA
90.058,1.7870,-0.9850,1.0340,2.5792,NA,NA,NA,NA,NA,NA,NA,NA,NA,NA,NA,NA
90.162,1.7870,-0.9869,1.0338,2.5526,NA,NA,NA,NA,NA,NA,NA,NA,NA,NA,NA,NA
90.254,1.7880,-0.9314,1.0338,2.5545,NA,NA,NA,NA,NA,NA,NA,NA,NA,NA,NA,NA
90.353,1.7880,-0.9314,1.0338,2.5545,NA,NA,NA,NA,NA,NA,NA,NA,NA,NA,NA,NA
90.451,1.7854,-1.0735,1.0336,2.5362,NA,NA,NA,NA,NA,NA,NA,NA,NA,NA,NA,NA
90.552,1.7854,-1.0735,1.0327,2.4484,NA,NA,NA,NA,NA,NA,NA,NA,NA,NA,NA,NA
90.649,1.7842,-1.1394,1.0318,2.3597,NA,NA,NA,NA,NA,NA,NA,NA,NA,NA,NA,NA
90.750,1.7842,-1.1394,1.0307,2.2503,NA,NA,NA,NA,NA,NA,NA,NA,NA,NA,NA,NA
90.888,1.7814,-1.2948,1.0302,2.2022,NA,NA,NA,NA,NA,NA,NA,NA,NA,NA,NA,NA
90.958,1.7739,-1.7141,1.0297,2.1504,NA,NA,NA,NA,NA,NA,NA,NA,NA,NA,NA,NA
91.047,1.7723,-1.8025,1.0294,2.1163,NA,NA,NA,NA,NA,NA,NA,NA,NA,NA,NA,NA
91.139,1.7754,-1.6302,1.0291,2.0947,NA,NA,NA,NA,NA,NA,NA,NA,NA,NA,NA,NA
91.237,1.7754,-1.6302,1.0290,2.0846,NA,NA,NA,NA,NA,NA,NA,NA,NA,NA,NA,NA
91.351,1.7732,-1.7503,1.0289,2.0670,NA,NA,NA,NA,NA,NA,NA,NA,NA,NA,NA,NA
91.469,1.7703,-1.9088,1.0284,2.0243,NA,NA,NA,NA,NA,NA,NA,NA,NA,NA,NA,NA
91.534,1.7751,-1.6430,1.0284,2.0191,NA,NA,NA,NA,NA,NA,NA,NA,NA,NA,NA,NA
91.626,1.7751,-1.6430,1.0278,1.9580,NA,NA,NA,NA,NA,NA,NA,NA,NA,NA,NA,NA
91.724,1.7746,-1.6708,1.0274,1.9269,NA,NA,NA,NA,NA,NA,NA,NA,NA,NA,NA,NA
91.819,1.7746,-1.6708,1.0270,1.8854,NA,NA,NA,NA,NA,NA,NA,NA,NA,NA,NA,NA
91.925,1.7724,-1.7943,1.0265,1.8377,NA,NA,NA,NA,NA,NA,NA,NA,NA,NA,NA,NA
92.046,1.7724,-1.7949,1.0255,1.7348,NA,NA,NA,NA,NA,NA,NA,NA,NA,NA,NA,NA
92.114,1.7698,-1.9374,1.0252,1.7051,NA,NA,NA,NA,NA,NA,NA,NA,NA,NA,NA,NA
92.216,1.7686,-2.0078,1.0249,1.6751,NA,NA,NA,NA,NA,NA,NA,NA,NA,NA,NA,NA
92.312,1.7646,-2.2284,1.0237,1.5526,NA,NA,NA,NA,NA,NA,NA,NA,NA,NA,NA,NA
92.417,1.7663,-2.1344,1.0229,1.4719,NA,NA,NA,NA,NA,NA,NA,NA,NA,NA,NA,NA
92.509,1.7663,-2.1344,1.0225,1.4319,NA,NA,NA,NA,NA,NA,NA,NA,NA,NA,NA,NA
92.606,1.7646,-2.2288,1.0221,1.3921,NA,NA,NA,NA,NA,NA,NA,NA,NA,NA,NA,NA
92.720,1.7646,-2.2288,1.0210,1.2864,NA,NA,NA,NA,NA,NA,NA,NA,NA,NA,NA,NA
92.801,1.7614,-2.4058,1.0210,1.2864,NA,NA,NA,NA,NA,NA,NA,NA,NA,NA,NA,NA
92.910,1.7614,-2.4058,1.0209,1.2757,NA,NA,NA,NA,NA,NA,NA,NA,NA,NA,NA,NA
93.002,1.7601,-2.4750,1.0203,1.2158,NA,NA,NA,NA,NA,NA,NA,NA,NA,NA,NA,NA
93.094,1.7595,-2.5067,1.0208,1.2681,NA,NA,NA,NA,NA,NA,NA,NA,NA,NA,NA,NA
93.210,1.7614,-2.4017,1.0211,1.3021,NA,NA,NA,NA,NA,NA,NA,NA,NA,NA,NA,NA
93.288,1.7705,-1.8996,1.0236,1.5455,NA,NA,NA,NA,NA,NA,NA,NA,NA,NA,NA,NA
93.389,1.7810,-1.3156,1.0287,2.0538,NA,NA,NA,NA,NA,NA,NA,NA,NA,NA,NA,NA
93.491,1.7978,-0.3844,1.0338,2.5530,NA,NA,NA,NA,NA,NA,NA,NA,NA,NA,NA,NA
93.590,1.8080,0.1807,1.0424,3.4095,NA,NA,NA,NA,NA,NA,NA,NA,NA,NA,NA,NA
93.689,1.8148,0.5527,1.0499,4.1533,NA,NA,NA,NA,NA,NA,NA,NA,NA,NA,NA,NA
93.844,1.8392,1.9058,1.0579,4.9491,NA,NA,NA,NA,NA,NA,NA,NA,NA,NA,NA,NA
93.886,1.8482,2.4053,1.0655,5.7010,NA,NA,NA,NA,NA,NA,NA,NA,NA,NA,NA,NA
93.978,1.8666,3.4245,1.0714,6.2889,NA,NA,NA,NA,NA,NA,NA,NA,NA,NA,NA,NA
94.076,1.8735,3.8064,1.0772,6.8581,NA,NA,NA,NA,NA,NA,NA,NA,NA,NA,NA,NA
94.172,1.8851,4.4492,1.0836,7.5008,NA,NA,NA,NA,NA,NA,NA,NA,NA,NA,NA,NA
94.279,1.8921,4.8370,1.0885,7.9867,NA,NA,NA,NA,NA,NA,NA,NA,NA,NA,NA,NA
94.374,1.9015,5.3573,1.0933,8.4595,NA,NA,NA,NA,NA,NA,NA,NA,NA,NA,NA,NA
94.485,1.9060,5.6099,1.0991,9.0368,NA,NA,NA,NA,NA,NA,NA,NA,NA,NA,NA,NA
94.574,1.9093,5.7917,1.1032,9.4418,NA,NA,NA,NA,NA,NA,NA,NA,NA,NA,NA,NA
94.665,1.9200,6.3846,1.1063,9.7462,NA,NA,NA,NA,NA,NA,NA,NA,NA,NA,NA,NA
94.768,1.9251,6.6659,1.1127,10.3794,NA,NA,NA,NA,NA,NA,NA,NA,NA,NA,NA,NA
94.856,1.9363,7.2858,1.1163,10.7421,NA,NA,NA,NA,NA,NA,NA,NA,NA,NA,NA,NA
94.966,1.9396,7.4709,1.1194,11.0491,NA,NA,NA,NA,NA,NA,NA,NA,NA,NA,NA,NA
95.053,1.9451,7.7739,1.1228,11.3823,NA,NA,NA,NA,NA,NA,NA,NA,NA,NA,NA,NA
95.159,1.9451,7.7739,1.1254,11.6489,NA,NA,NA,NA,NA,NA,NA,NA,NA,NA,NA,NA
95.255,1.9480,7.9343,1.1283,11.9341,NA,NA,NA,NA,NA,NA,NA,NA,NA,NA,NA,NA
95.345,1.9507,8.0868,1.1307,12.1654,NA,NA,NA,NA,NA,NA,NA,NA,NA,NA,NA,NA
95.447,1.9507,8.0868,1.1339,12.4833,NA,NA,NA,NA,NA,NA,NA,NA,NA,NA,NA,NA
95.543,1.9625,8.7394,1.1353,12.6275,NA,NA,NA,NA,NA,NA,NA,NA,NA,NA,NA,NA
95.639,1.9644,8.8436,1.1359,12.6826,NA,NA,NA,NA,NA,NA,NA,NA,NA,NA,NA,NA
95.736,1.9689,9.0947,1.1381,12.9061,NA,NA,NA,NA,NA,NA,NA,NA,NA,NA,NA,NA
95.836,1.9689,9.0947,1.1395,13.0409,NA,NA,NA,NA,NA,NA,NA,NA,NA,NA,NA,NA
95.932,1.9657,8.9150,1.1399,13.0795,NA,NA,NA,NA,NA,NA,NA,NA,NA,NA,NA,NA
96.046,1.9654,8.9009,1.1399,13.0795,NA,NA,NA,NA,NA,NA,NA,NA,NA,NA,NA,NA
96.129,1.9640,8.8234,1.1393,13.0233,NA,NA,NA,NA,NA,NA,NA,NA,NA,NA,NA,NA
96.278,1.9590,8.5437,1.1393,13.0233,NA,NA,NA,NA,NA,NA,NA,NA,NA,NA,NA,NA
96.327,1.9564,8.3992,1.1385,12.9430,NA,NA,NA,NA,NA,NA,NA,NA,NA,NA,NA,NA
96.425,1.9534,8.2361,1.1371,12.8007,NA,NA,NA,NA,NA,NA,NA,NA,NA,NA,NA,NA
96.522,1.9522,8.1665,1.1339,12.4918,NA,NA,NA,NA,NA,NA,NA,NA,NA,NA,NA,NA
96.619,1.9458,7.8109,1.1306,12.1605,NA,NA,NA,NA,NA,NA,NA,NA,NA,NA,NA,NA
96.717,1.9387,7.4175,1.1254,11.6407,NA,NA,NA,NA,NA,NA,NA,NA,NA,NA,NA,NA
96.826,1.9321,7.0555,1.1229,11.4003,NA,NA,NA,NA,NA,NA,NA,NA,NA,NA,NA,NA
96.916,1.9253,6.6790,1.1215,11.2534,NA,NA,NA,NA,NA,NA,NA,NA,NA,NA,NA,NA
97.012,1.9149,6.0995,1.1174,10.8463,NA,NA,NA,NA,NA,NA,NA,NA,NA,NA,NA,NA
97.109,1.9095,5.8040,1.1155,10.6633,NA,NA,NA,NA,NA,NA,NA,NA,NA,NA,NA,NA
97.217,1.9045,5.5257,1.1126,10.3749,NA,NA,NA,NA,NA,NA,NA,NA,NA,NA,NA,NA
97.312,1.9000,5.2770,1.1089,10.0080,NA,NA,NA,NA,NA,NA,NA,NA,NA,NA,NA,NA
97.470,1.8972,5.1227,1.1059,9.7082,NA,NA,NA,NA,NA,NA,NA,NA,NA,NA,NA,NA
97.505,1.8894,4.6909,1.1041,9.5334,NA,NA,NA,NA,NA,NA,NA,NA,NA,NA,NA,NA
97.604,1.8851,4.4524,1.1016,9.2791,NA,NA,NA,NA,NA,NA,NA,NA,NA,NA,NA,NA
97.696,1.8837,4.3703,1.0999,9.1100,NA,NA,NA,NA,NA,NA,NA,NA,NA,NA,NA,NA
97.792,1.8795,4.1384,1.0990,9.0300,NA,NA,NA,NA,NA,NA,NA,NA,NA,NA,NA,NA
97.895,1.8795,4.1371,1.0973,8.8569,NA,NA,NA,NA,NA,NA,NA,NA,NA,NA,NA,NA
98.010,1.8718,3.7124,1.0962,8.7438,NA,NA,NA,NA,NA,NA,NA,NA,NA,NA,NA,NA
98.096,1.8718,3.7124,1.0952,8.6507,NA,NA,NA,NA,NA,NA,NA,NA,NA,NA,NA,NA
98.189,1.8687,3.5389,1.0944,8.5736,NA,NA,NA,NA,NA,NA,NA,NA,NA,NA,NA,NA
98.282,1.8611,3.1177,1.0930,8.4305,NA,NA,NA,NA,NA,NA,NA,NA,NA,NA,NA,NA
98.384,1.8590,3.0036,1.0926,8.3896,NA,NA,NA,NA,NA,NA,NA,NA,NA,NA,NA,NA
98.477,1.8588,2.9939,1.0915,8.2833,NA,NA,NA,NA,NA,NA,NA,NA,NA,NA,NA,NA
98.588,1.8588,2.9939,1.0889,8.0249,NA,NA,NA,NA,NA,NA,NA,NA,NA,NA,NA,NA
98.701,1.8535,2.6971,1.0877,7.9092,NA,NA,NA,NA,NA,NA,NA,NA,NA,NA,NA,NA
98.774,1.8535,2.6971,1.0862,7.7559,NA,NA,NA,NA,NA,NA,NA,NA,NA,NA,NA,NA
98.870,1.8525,2.6421,1.0843,7.5654,NA,NA,NA,NA,NA,NA,NA,NA,NA,NA,NA,NA
98.972,1.8447,2.2094,1.0829,7.4271,NA,NA,NA,NA,NA,NA,NA,NA,NA,NA,NA,NA
99.070,1.8404,1.9738,1.0810,7.2392,NA,NA,NA,NA,NA,NA,NA,NA,NA,NA,NA,NA
99.206,1.8373,1.7995,1.0791,7.0506,NA,NA,NA,NA,NA,NA,NA,NA,NA,NA,NA,NA
99.261,1.8355,1.7003,1.0763,6.7737,NA,NA,NA,NA,NA,NA,NA,NA,NA,NA,NA,NA
99.361,1.8323,1.5226,1.0746,6.6067,NA,NA,NA,NA,NA,NA,NA,NA,NA,NA,NA,NA
99.458,1.8304,1.4195,1.0724,6.3826,NA,NA,NA,NA,NA,NA,NA,NA,NA,NA,NA,NA
99.558,1.8288,1.3315,1.0710,6.2465,NA,NA,NA,NA,NA,NA,NA,NA,NA,NA,NA,NA
99.665,1.8283,1.3000,1.0702,6.1721,NA,NA,NA,NA,NA,NA,NA,NA,NA,NA,NA,NA
99.751,1.8329,1.5558,1.0696,6.1108,NA,NA,NA,NA,NA,NA,NA,NA,NA,NA,NA,NA
99.894,1.8478,2.3809,1.0750,6.6436,NA,NA,NA,NA,NA,NA,NA,NA,NA,NA,NA,NA
99.947,1.8686,3.5333,1.0819,7.3315,NA,NA,NA,NA,NA,NA,NA,NA,NA,NA,NA,NA
100.046,1.8789,4.1066,1.0876,7.8968,NA,NA,NA,NA,NA,NA,NA,NA,NA,NA,NA,NA
100.153,1.8892,4.6769,1.0939,8.5233,NA,NA,NA,NA,NA,NA,NA,NA,NA,NA,NA,NA
100.242,1.8981,5.1685,1.1004,9.1666,NA,NA,NA,NA,NA,NA,NA,NA,NA,NA,NA,NA
100.339,1.9029,5.4350,1.1034,9.4582,NA,NA,NA,NA,NA,NA,NA,NA,NA,NA,NA,NA
100.485,1.9058,5.5987,1.1034,9.4582,NA,NA,NA,NA,NA,NA,NA,NA,NA,NA,NA,NA
100.542,1.9062,5.6195,1.1033,9.4493,NA,NA,NA,NA,NA,NA,NA,NA,NA,NA,NA,NA
100.635,1.9096,5.8054,1.1025,9.3755,NA,NA,NA,NA,NA,NA,NA,NA,NA,NA,NA,NA
100.738,1.9096,5.8054,1.1018,9.3028,NA,NA,NA,NA,NA,NA,NA,NA,NA,NA,NA,NA
100.836,1.9005,5.3041,1.1018,9.3028,NA,NA,NA,NA,NA,NA,NA,NA,NA,NA,NA,NA
100.928,1.9001,5.2786,1.1003,9.1574,NA,NA,NA,NA,NA,NA,NA,NA,NA,NA,NA,NA
101.051,1.8920,4.8319,1.0967,8.8011,NA,NA,NA,NA,NA,NA,NA,NA,NA,NA,NA,NA
101.127,1.8816,4.2554,1.0948,8.6067,NA,NA,NA,NA,NA,NA,NA,NA,NA,NA,NA,NA
101.223,1.8772,4.0123,1.0929,8.4179,NA,NA,NA,NA,NA,NA,NA,NA,NA,NA,NA,NA
101.321,1.8727,3.7618,1.0909,8.2217,NA,NA,NA,NA,NA,NA,NA,NA,NA,NA,NA,NA
101.416,1.8689,3.5532,1.0855,7.6869,NA,NA,NA,NA,NA,NA,NA,NA,NA,NA,NA,NA
101.524,1.8595,3.0322,1.0828,7.4226,NA,NA,NA,NA,NA,NA,NA,NA,NA,NA,NA,NA
101.622,1.8595,3.0322,1.0804,7.1805,NA,NA,NA,NA,NA,NA,NA,NA,NA,NA,NA,NA
101.715,1.8525,2.6462,1.0776,6.8999,NA,NA,NA,NA,NA,NA,NA,NA,NA,NA,NA,NA
101.809,1.8453,2.2453,1.0761,6.7496,NA,NA,NA,NA,NA,NA,NA,NA,NA,NA,NA,NA
101.909,1.8426,2.0960,1.0735,6.4998,NA,NA,NA,NA,NA,NA,NA,NA,NA,NA,NA,NA
102.000,1.8385,1.8692,1.0721,6.3526,NA,NA,NA,NA,NA,NA,NA,NA,NA,NA,NA,NA
102.102,1.8385,1.8692,1.0709,6.2398,NA,NA,NA,NA,NA,NA,NA,NA,NA,NA,NA,NA
102.230,1.8366,1.7628,1.0698,6.1253,NA,NA,NA,NA,NA,NA,NA,NA,NA,NA,NA,NA
102.300,1.8366,1.7628,1.0690,6.0519,NA,NA,NA,NA,NA,NA,NA,NA,NA,NA,NA,NA
102.396,1.8333,1.5825,1.0673,5.8851,NA,NA,NA,NA,NA,NA,NA,NA,NA,NA,NA,NA
102.497,1.8333,1.5825,1.0669,5.8441,NA,NA,NA,NA,NA,NA,NA,NA,NA,NA,NA,NA
102.592,1.8271,1.2371,1.0646,5.6171,NA,NA,NA,NA,NA,NA,NA,NA,NA,NA,NA,NA
102.693,1.8246,1.0999,1.0615,5.3070,NA,NA,NA,NA,NA,NA,NA,NA,NA,NA,NA,NA
102.794,1.8207,0.8814,1.0590,5.0589,NA,NA,NA,NA,NA,NA,NA,NA,NA,NA,NA,NA
102.897,1.8189,0.7799,1.0573,4.8918,NA,NA,NA,NA,NA,NA,NA,NA,NA,NA,NA,NA
102.981,1.8159,0.6147,1.0566,4.8223,NA,NA,NA,NA,NA,NA,NA,NA,NA,NA,NA,NA
103.103,1.8116,0.3782,1.0552,4.6832,NA,NA,NA,NA,NA,NA,NA,NA,NA,NA,NA,NA
103.184,1.8116,0.3782,1.0536,4.5182,NA,NA,NA,NA,NA,NA,NA,NA,NA,NA,NA,NA
103.282,1.8095,0.2592,1.0532,4.4800,NA,NA,NA,NA,NA,NA,NA,NA,NA,NA,NA,NA
103.371,1.8095,0.2592,1.0532,4.4800,NA,NA,NA,NA,NA,NA,NA,NA,NA,NA,NA,NA
103.491,1.8092,0.2426,1.0525,4.4113,NA,NA,NA,NA,NA,NA,NA,NA,NA,NA,NA,NA
103.576,1.8254,1.1445,1.0562,4.7810,NA,NA,NA,NA,NA,NA,NA,NA,NA,NA,NA,NA
103.674,1.8436,2.1487,1.0646,5.6088,NA,NA,NA,NA,NA,NA,NA,NA,NA,NA,NA,NA
103.768,1.8640,3.2806,1.0710,6.2470,NA,NA,NA,NA,NA,NA,NA,NA,NA,NA,NA,NA
103.876,1.8719,3.7212,1.0761,6.7567,NA,NA,NA,NA,NA,NA,NA,NA,NA,NA,NA,NA
103.965,1.8855,4.4729,1.0829,7.4239,NA,NA,NA,NA,NA,NA,NA,NA,NA,NA,NA,NA
104.073,1.8918,4.8184,1.0881,7.9454,NA,NA,NA,NA,NA,NA,NA,NA,NA,NA,NA,NA
104.176,1.9013,5.3496,1.0928,8.4093,NA,NA,NA,NA,NA,NA,NA,NA,NA,NA,NA,NA
104.254,1.9187,6.3118,1.0979,8.9196,NA,NA,NA,NA,NA,NA,NA,NA,NA,NA,NA,NA
104.362,1.9263,6.7350,1.1039,9.5081,NA,NA,NA,NA,NA,NA,NA,NA,NA,NA,NA,NA
104.457,1.9401,7.4967,1.1079,9.9123,NA,NA,NA,NA,NA,NA,NA,NA,NA,NA,NA,NA
104.552,1.9471,7.8858,1.1141,10.5211,NA,NA,NA,NA,NA,NA,NA,NA,NA,NA,NA,NA
104.662,1.9585,8.5178,1.1199,11.1024,NA,NA,NA,NA,NA,NA,NA,NA,NA,NA,NA,NA
104.754,1.9640,8.8197,1.1239,11.4985,NA,NA,NA,NA,NA,NA,NA,NA,NA,NA,NA,NA
104.841,1.9786,9.6323,1.1294,12.0448,NA,NA,NA,NA,NA,NA,NA,NA,NA,NA,NA,NA
104.951,1.9813,9.7779,1.1333,12.4297,NA,NA,NA,NA,NA,NA,NA,NA,NA,NA,NA,NA
105.042,1.9894,10.2294,1.1355,12.6494,NA,NA,NA,NA,NA,NA,NA,NA,NA,NA,NA,NA
105.138,1.9894,10.2294,1.1390,12.9904,NA,NA,NA,NA,NA,NA,NA,NA,NA,NA,NA,NA
105.234,1.9954,10.5594,1.1454,13.6311,NA,NA,NA,NA,NA,NA,NA,NA,NA,NA,NA,NA
105.335,1.9980,10.7081,1.1484,13.9218,NA,NA,NA,NA,NA,NA,NA,NA,NA,NA,NA,NA
105.465,1.9980,10.7081,1.1509,14.1781,NA,NA,NA,NA,NA,NA,NA,NA,NA,NA,NA,NA
105.535,2.0122,11.4950,1.1539,14.4686,NA,NA,NA,NA,NA,NA,NA,NA,NA,NA,NA,NA
105.630,2.0142,11.6054,1.1560,14.6825,NA,NA,NA,NA,NA,NA,NA,NA,NA,NA,NA,NA
105.734,2.0166,11.7368,1.1587,14.9461,NA,NA,NA,NA,NA,NA,NA,NA,NA,NA,NA,NA
105.832,2.0166,11.7368,1.1603,15.1023,NA,NA,NA,NA,NA,NA,NA,NA,NA,NA,NA,NA
105.923,2.0162,11.7165,1.1606,15.1391,NA,NA,NA,NA,NA,NA,NA,NA,NA,NA,NA,NA
106.018,2.0162,11.7165,1.1615,15.2273,NA,NA,NA,NA,NA,NA,NA,NA,NA,NA,NA,NA
106.115,2.0057,11.1328,1.1620,15.2721,NA,NA,NA,NA,NA,NA,NA,NA,NA,NA,NA,NA
106.217,2.0019,10.9237,1.1620,15.2721,NA,NA,NA,NA,NA,NA,NA,NA,NA,NA,NA,NA
106.316,1.9946,10.5148,1.1603,15.1061,NA,NA,NA,NA,NA,NA,NA,NA,NA,NA,NA,NA
106.435,1.9912,10.3309,1.1581,14.8905,NA,NA,NA,NA,NA,NA,NA,NA,NA,NA,NA,NA
106.508,1.9848,9.9766,1.1560,14.6788,NA,NA,NA,NA,NA,NA,NA,NA,NA,NA,NA,NA
106.607,1.9746,9.4107,1.1537,14.4546,NA,NA,NA,NA,NA,NA,NA,NA,NA,NA,NA,NA
106.702,1.9658,8.9216,1.1488,13.9685,NA,NA,NA,NA,NA,NA,NA,NA,NA,NA,NA,NA
106.808,1.9510,8.1003,1.1465,13.7402,NA,NA,NA,NA,NA,NA,NA,NA,NA,NA,NA,NA
106.899,1.9428,7.6488,1.1423,13.3256,NA,NA,NA,NA,NA,NA,NA,NA,NA,NA,NA,NA
106.999,1.9290,6.8796,1.1397,13.0620,NA,NA,NA,NA,NA,NA,NA,NA,NA,NA,NA,NA
107.100,1.9223,6.5094,1.1372,12.8122,NA,NA,NA,NA,NA,NA,NA,NA,NA,NA,NA,NA
107.193,1.9211,6.4456,1.1343,12.5227,NA,NA,NA,NA,NA,NA,NA,NA,NA,NA,NA,NA
107.297,1.9159,6.1583,1.1301,12.1108,NA,NA,NA,NA,NA,NA,NA,NA,NA,NA,NA,NA
107.403,1.9159,6.1583,1.1269,11.7973,NA,NA,NA,NA,NA,NA,NA,NA,NA,NA,NA,NA
107.493,1.9142,6.0607,1.1251,11.6193,NA,NA,NA,NA,NA,NA,NA,NA,NA,NA,NA,NA
107.601,1.9142,6.0607,1.1235,11.4544,NA,NA,NA,NA,NA,NA,NA,NA,NA,NA,NA,NA
107.687,1.9066,5.6404,1.1212,11.2267,NA,NA,NA,NA,NA,NA,NA,NA,NA,NA,NA,NA
107.795,1.9051,5.5588,1.1203,11.1392,NA,NA,NA,NA,NA,NA,NA,NA,NA,NA,NA,NA
107.887,1.9051,5.5588,1.1181,10.9176,NA,NA,NA,NA,NA,NA,NA,NA,NA,NA,NA,NA
107.976,1.9036,5.4753,1.1168,10.7960,NA,NA,NA,NA,NA,NA,NA,NA,NA,NA,NA,NA
108.084,1.9036,5.4753,1.1163,10.7451,NA,NA,NA,NA,NA,NA,NA,NA,NA,NA,NA,NA
108.210,1.8998,5.2633,1.1150,10.6094,NA,NA,NA,NA,NA,NA,NA,NA,NA,NA,NA,NA
108.268,1.8990,5.2178,1.1134,10.4491,NA,NA,NA,NA,NA,NA,NA,NA,NA,NA,NA,NA
108.369,1.8910,4.7763,1.1115,10.2666,NA,NA,NA,NA,NA,NA,NA,NA,NA,NA,NA,NA
108.472,1.8890,4.6672,1.1106,10.1745,NA,NA,NA,NA,NA,NA,NA,NA,NA,NA,NA,NA
108.564,1.8799,4.1615,1.1084,9.9622,NA,NA,NA,NA,NA,NA,NA,NA,NA,NA,NA,NA
108.663,1.8819,4.2735,1.1075,9.8665,NA,NA,NA,NA,NA,NA,NA,NA,NA,NA,NA,NA
108.795,1.8819,4.2735,1.1069,9.8099,NA,NA,NA,NA,NA,NA,NA,NA,NA,NA,NA,NA
108.862,1.8827,4.3160,1.1056,9.6844,NA,NA,NA,NA,NA,NA,NA,NA,NA,NA,NA,NA
108.961,1.8827,4.3160,1.1037,9.4948,NA,NA,NA,NA,NA,NA,NA,NA,NA,NA,NA,NA
109.054,1.8793,4.1285,1.1023,9.3526,NA,NA,NA,NA,NA,NA,NA,NA,NA,NA,NA,NA
109.153,1.8792,4.1215,1.1021,9.3291,NA,NA,NA,NA,NA,NA,NA,NA,NA,NA,NA,NA
109.247,1.8730,3.7807,1.1010,9.2238,NA,NA,NA,NA,NA,NA,NA,NA,NA,NA,NA,NA
109.351,1.8723,3.7399,1.0987,8.9993,NA,NA,NA,NA,NA,NA,NA,NA,NA,NA,NA,NA
109.446,1.8654,3.3586,1.0951,8.6423,NA,NA,NA,NA,NA,NA,NA,NA,NA,NA,NA,NA
109.542,1.8654,3.3586,1.0923,8.3599,NA,NA,NA,NA,NA,NA,NA,NA,NA,NA,NA,NA
109.639,1.8605,3.0860,1.0899,8.1239,NA,NA,NA,NA,NA,NA,NA,NA,NA,NA,NA,NA
109.739,1.8577,2.9325,1.0880,7.9336,NA,NA,NA,NA,NA,NA,NA,NA,NA,NA,NA,NA
109.841,1.8541,2.7341,1.0869,7.8213,NA,NA,NA,NA,NA,NA,NA,NA,NA,NA,NA,NA
109.935,1.8523,2.6345,1.0861,7.7482,NA,NA,NA,NA,NA,NA,NA,NA,NA,NA,NA,NA
110.088,1.8518,2.6068,1.0853,7.6704,NA,NA,NA,NA,NA,NA,NA,NA,NA,NA,NA,NA
110.135,1.8472,2.3505,1.0843,7.5683,NA,NA,NA,NA,NA,NA,NA,NA,NA,NA,NA,NA
110.232,1.8466,2.3178,1.0838,7.5190,NA,NA,NA,NA,NA,NA,NA,NA,NA,NA,NA,NA
110.335,1.8460,2.2843,1.0831,7.4496,NA,NA,NA,NA,NA,NA,NA,NA,NA,NA,NA,NA
110.430,1.8460,2.2843,1.0830,7.4333,NA,NA,NA,NA,NA,NA,NA,NA,NA,NA,NA,NA
110.520,1.8502,2.5169,1.0830,7.4405,NA,NA,NA,NA,NA,NA,NA,NA,NA,NA,NA,NA
110.634,1.8767,3.9853,1.0859,7.7292,NA,NA,NA,NA,NA,NA,NA,NA,NA,NA,NA,NA
110.729,1.8882,4.6214,1.0928,8.4058,NA,NA,NA,NA,NA,NA,NA,NA,NA,NA,NA,NA
110.818,1.9166,6.1925,1.1008,9.2061,NA,NA,NA,NA,NA,NA,NA,NA,NA,NA,NA,NA
110.910,1.9268,6.7593,1.1077,9.8864,NA,NA,NA,NA,NA,NA,NA,NA,NA,NA,NA,NA
111.018,1.9401,7.4990,1.1125,10.3624,NA,NA,NA,NA,NA,NA,NA,NA,NA,NA,NA,NA
111.107,1.9455,7.7945,1.1176,10.8657,NA,NA,NA,NA,NA,NA,NA,NA,NA,NA,NA,NA
111.206,1.9537,8.2486,1.1234,11.4432,NA,NA,NA,NA,NA,NA,NA,NA,NA,NA,NA,NA
111.305,1.9642,8.8351,1.1301,12.1072,NA,NA,NA,NA,NA,NA,NA,NA,NA,NA,NA,NA
111.404,1.9703,9.1733,1.1372,12.8185,NA,NA,NA,NA,NA,NA,NA,NA,NA,NA,NA,NA
111.499,1.9790,9.6504,1.1417,13.2580,NA,NA,NA,NA,NA,NA,NA,NA,NA,NA,NA,NA
111.601,1.9913,10.3327,1.1464,13.7228,NA,NA,NA,NA,NA,NA,NA,NA,NA,NA,NA,NA
111.697,2.0021,10.9345,1.1509,14.1709,NA,NA,NA,NA,NA,NA,NA,NA,NA,NA,NA,NA
111.798,2.0058,11.1352,1.1565,14.7268,NA,NA,NA,NA,NA,NA,NA,NA,NA,NA,NA,NA
111.892,2.0161,11.7063,1.1632,15.3974,NA,NA,NA,NA,NA,NA,NA,NA,NA,NA,NA,NA
111.990,2.0172,11.7678,1.1676,15.8342,NA,NA,NA,NA,NA,NA,NA,NA,NA,NA,NA,NA
112.088,2.0264,12.2812,1.1761,16.6783,NA,NA,NA,NA,NA,NA,NA,NA,NA,NA,NA,NA
112.186,2.0323,12.6063,1.1799,17.0499,NA,NA,NA,NA,NA,NA,NA,NA,NA,NA,NA,NA
112.286,2.0370,12.8682,1.1840,17.4580,NA,NA,NA,NA,NA,NA,NA,NA,NA,NA,NA,NA
112.381,2.0430,13.1990,1.1866,17.7203,NA,NA,NA,NA,NA,NA,NA,NA,NA,NA,NA,NA
112.501,2.0457,13.3510,1.1887,17.9237,NA,NA,NA,NA,NA,NA,NA,NA,NA,NA,NA,NA
112.578,2.0558,13.9101,1.1907,18.1189,NA,NA,NA,NA,NA,NA,NA,NA,NA,NA,NA,NA
112.682,2.0560,13.9188,1.1929,18.3362,NA,NA,NA,NA,NA,NA,NA,NA,NA,NA,NA,NA
112.783,2.0581,14.0368,1.1946,18.5135,NA,NA,NA,NA,NA,NA,NA,NA,NA,NA,NA,NA
112.871,2.0596,14.1209,1.1956,18.6069,NA,NA,NA,NA,NA,NA,NA,NA,NA,NA,NA,NA
112.971,2.0596,14.1209,1.1962,18.6672,NA,NA,NA,NA,NA,NA,NA,NA,NA,NA,NA,NA
113.081,2.0552,13.8766,1.1962,18.6672,NA,NA,NA,NA,NA,NA,NA,NA,NA,NA,NA,NA
113.165,2.0552,13.8766,1.1959,18.6356,NA,NA,NA,NA,NA,NA,NA,NA,NA,NA,NA,NA
113.266,2.0555,13.8907,1.1949,18.5371,NA,NA,NA,NA,NA,NA,NA,NA,NA,NA,NA,NA
113.368,2.0555,13.8907,1.1924,18.2873,NA,NA,NA,NA,NA,NA,NA,NA,NA,NA,NA,NA
113.461,2.0364,12.8316,1.1899,18.0460,NA,NA,NA,NA,NA,NA,NA,NA,NA,NA,NA,NA
113.562,2.0256,12.2361,1.1862,17.6787,NA,NA,NA,NA,NA,NA,NA,NA,NA,NA,NA,NA
113.657,2.0211,11.9867,1.1841,17.4695,NA,NA,NA,NA,NA,NA,NA,NA,NA,NA,NA,NA
113.753,2.0095,11.3433,1.1821,17.2671,NA,NA,NA,NA,NA,NA,NA,NA,NA,NA,NA,NA
113.850,2.0059,11.1438,1.1780,16.8667,NA,NA,NA,NA,NA,NA,NA,NA,NA,NA,NA,NA
113.949,1.9904,10.2869,1.1734,16.4070,NA,NA,NA,NA,NA,NA,NA,NA,NA,NA,NA,NA
114.043,1.9881,10.1559,1.1694,16.0117,NA,NA,NA,NA,NA,NA,NA,NA,NA,NA,NA,NA
114.149,1.9788,9.6442,1.1666,15.7274,NA,NA,NA,NA,NA,NA,NA,NA,NA,NA,NA,NA
114.245,1.9744,9.3980,1.1619,15.2618,NA,NA,NA,NA,NA,NA,NA,NA,NA,NA,NA,NA
114.341,1.9638,8.8121,1.1592,14.9983,NA,NA,NA,NA,NA,NA,NA,NA,NA,NA,NA,NA
114.446,1.9591,8.5499,1.1572,14.7948,NA,NA,NA,NA,NA,NA,NA,NA,NA,NA,NA,NA
114.537,1.9579,8.4839,1.1534,14.4268,NA,NA,NA,NA,NA,NA,NA,NA,NA,NA,NA,NA
114.637,1.9525,8.1827,1.1513,14.2146,NA,NA,NA,NA,NA,NA,NA,NA,NA,NA,NA,NA
114.732,1.9525,8.1842,1.1496,14.0417,NA,NA,NA,NA,NA,NA,NA,NA,NA,NA,NA,NA
114.857,1.9528,8.2004,1.1481,13.8997,NA,NA,NA,NA,NA,NA,NA,NA,NA,NA,NA,NA
114.940,1.9528,8.2004,1.1454,13.6271,NA,NA,NA,NA,NA,NA,NA,NA,NA,NA,NA,NA
115.023,1.9493,8.0088,1.1443,13.5225,NA,NA,NA,NA,NA,NA,NA,NA,NA,NA,NA,NA
115.135,1.9454,7.7901,1.1414,13.2357,NA,NA,NA,NA,NA,NA,NA,NA,NA,NA,NA,NA
115.230,1.9431,7.6661,1.1385,12.9450,NA,NA,NA,NA,NA,NA,NA,NA,NA,NA,NA,NA
115.320,1.9352,7.2265,1.1375,12.8447,NA,NA,NA,NA,NA,NA,NA,NA,NA,NA,NA,NA
115.421,1.9352,7.2265,1.1353,12.6268,NA,NA,NA,NA,NA,NA,NA,NA,NA,NA,NA,NA
115.517,1.9305,6.9663,1.1341,12.5058,NA,NA,NA,NA,NA,NA,NA,NA,NA,NA,NA,NA
115.611,1.9297,6.9220,1.1334,12.4406,NA,NA,NA,NA,NA,NA,NA,NA,NA,NA,NA,NA
115.711,1.9273,6.7881,1.1327,12.3696,NA,NA,NA,NA,NA,NA,NA,NA,NA,NA,NA,NA
115.813,1.9266,6.7498,1.1310,12.1957,NA,NA,NA,NA,NA,NA,NA,NA,NA,NA,NA,NA
115.906,1.9272,6.7852,1.1290,12.0063,NA,NA,NA,NA,NA,NA,NA,NA,NA,NA,NA,NA
116.010,1.9272,6.7852,1.1281,11.9140,NA,NA,NA,NA,NA,NA,NA,NA,NA,NA,NA,NA
116.105,1.9232,6.5635,1.1266,11.7633,NA,NA,NA,NA,NA,NA,NA,NA,NA,NA,NA,NA
116.201,1.9232,6.5635,1.1259,11.6974,NA,NA,NA,NA,NA,NA,NA,NA,NA,NA,NA,NA
116.299,1.9171,6.2216,1.1257,11.6773,NA,NA,NA,NA,NA,NA,NA,NA,NA,NA,NA,NA
116.403,1.9095,5.8010,1.1248,11.5876,NA,NA,NA,NA,NA,NA,NA,NA,NA,NA,NA,NA
116.496,1.9074,5.6870,1.1223,11.3336,NA,NA,NA,NA,NA,NA,NA,NA,NA,NA,NA,NA
116.591,1.9079,5.7105,1.1213,11.2420,NA,NA,NA,NA,NA,NA,NA,NA,NA,NA,NA,NA
116.701,1.9079,5.7105,1.1192,11.0311,NA,NA,NA,NA,NA,NA,NA,NA,NA,NA,NA,NA
116.791,1.9059,5.6030,1.1187,10.9747,NA,NA,NA,NA,NA,NA,NA,NA,NA,NA,NA,NA
116.887,1.9059,5.6030,1.1181,10.9239,NA,NA,NA,NA,NA,NA,NA,NA,NA,NA,NA,NA
116.981,1.9016,5.3633,1.1157,10.6836,NA,NA,NA,NA,NA,NA,NA,NA,NA,NA,NA,NA
117.087,1.9009,5.3281,1.1146,10.5722,NA,NA,NA,NA,NA,NA,NA,NA,NA,NA,NA,NA
117.237,1.8988,5.2105,1.1141,10.5254,NA,NA,NA,NA,NA,NA,NA,NA,NA,NA,NA,NA
117.281,1.8999,5.2677,1.1135,10.4659,NA,NA,NA,NA,NA,NA,NA,NA,NA,NA,NA,NA
117.379,1.8999,5.2677,1.1131,10.4251,NA,NA,NA,NA,NA,NA,NA,NA,NA,NA,NA,NA
117.473,1.8977,5.1483,1.1128,10.3929,NA,NA,NA,NA,NA,NA,NA,NA,NA,NA,NA,NA
117.570,1.8962,5.0657,1.1126,10.3746,NA,NA,NA,NA,NA,NA,NA,NA,NA,NA,NA,NA
117.679,1.8929,4.8836,1.1115,10.2667,NA,NA,NA,NA,NA,NA,NA,NA,NA,NA,NA,NA
117.780,1.8929,4.8836,1.1106,10.1723,NA,NA,NA,NA,NA,NA,NA,NA,NA,NA,NA,NA
117.897,1.8868,4.5429,1.1098,10.0931,NA,NA,NA,NA,NA,NA,NA,NA,NA,NA,NA,NA
117.962,1.8850,4.4419,1.1093,10.0506,NA,NA,NA,NA,NA,NA,NA,NA,NA,NA,NA,NA
118.067,1.8829,4.3287,1.1073,9.8526,NA,NA,NA,NA,NA,NA,NA,NA,NA,NA,NA,NA
118.162,1.8844,4.4127,1.1072,9.8350,NA,NA,NA,NA,NA,NA,NA,NA,NA,NA,NA,NA
118.258,1.8844,4.4127,1.1053,9.6464,NA,NA,NA,NA,NA,NA,NA,NA,NA,NA,NA,NA
118.361,1.8787,4.0959,1.1041,9.5289,NA,NA,NA,NA,NA,NA,NA,NA,NA,NA,NA,NA
118.494,1.8787,4.0959,1.1009,9.2145,NA,NA,NA,NA,NA,NA,NA,NA,NA,NA,NA,NA
118.544,1.8746,3.8690,1.1005,9.1754,NA,NA,NA,NA,NA,NA,NA,NA,NA,NA,NA,NA
118.655,1.8746,3.8690,1.1005,9.1754,NA,NA,NA,NA,NA,NA,NA,NA,NA,NA,NA,NA
118.744,1.8720,3.7242,1.1000,9.1284,NA,NA,NA,NA,NA,NA,NA,NA,NA,NA,NA,NA
118.841,1.8720,3.7242,1.0996,9.0812,NA,NA,NA,NA,NA,NA,NA,NA,NA,NA,NA,NA
118.991,1.8706,3.6458,1.0988,9.0036,NA,NA,NA,NA,NA,NA,NA,NA,NA,NA,NA,NA
119.042,1.8702,3.6251,1.0983,8.9538,NA,NA,NA,NA,NA,NA,NA,NA,NA,NA,NA,NA
119.145,1.8702,3.6251,1.0979,8.9146,NA,NA,NA,NA,NA,NA,NA,NA,NA,NA,NA,NA
119.236,1.8655,3.3664,1.0979,8.9146,NA,NA,NA,NA,NA,NA,NA,NA,NA,NA,NA,NA
119.336,1.8641,3.2871,1.0969,8.8177,NA,NA,NA,NA,NA,NA,NA,NA,NA,NA,NA,NA
119.437,1.8636,3.2608,1.0965,8.7767,NA,NA,NA,NA,NA,NA,NA,NA,NA,NA,NA,NA
119.602,1.8636,3.2608,1.0949,8.6207,NA,NA,NA,NA,NA,NA,NA,NA,NA,NA,NA,NA
119.626,1.8629,3.2191,1.0941,8.5385,NA,NA,NA,NA,NA,NA,NA,NA,NA,NA,NA,NA
119.726,1.8612,3.1271,1.0932,8.4491,NA,NA,NA,NA,NA,NA,NA,NA,NA,NA,NA,NA
119.824,1.8612,3.1271,1.0929,8.4210,NA,NA,NA,NA,NA,NA,NA,NA,NA,NA,NA,NA
119.921,1.8594,3.0246,1.0929,8.4210,NA,NA,NA,NA,NA,NA,NA,NA,NA,NA,NA,NA
120.020,1.8594,3.0246,1.0925,8.3763,NA,NA,NA,NA,NA,NA,NA,NA,NA,NA,NA,NA
120.119,1.8582,2.9586,1.0915,8.2782,NA,NA,NA,NA,NA,NA,NA,NA,NA,NA,NA,NA
120.215,1.8572,2.9068,1.0903,8.1672,NA,NA,NA,NA,NA,NA,NA,NA,NA,NA,NA,NA
120.314,1.8550,2.7804,1.0898,8.1094,NA,NA,NA,NA,NA,NA,NA,NA,NA,NA,NA,NA
120.417,1.8542,2.7399,1.0895,8.0867,NA,NA,NA,NA,NA,NA,NA,NA,NA,NA,NA,NA
120.511,1.8542,2.7399,1.0877,7.9086,NA,NA,NA,NA,NA,NA,NA,NA,NA,NA,NA,NA
120.608,1.8500,2.5029,1.0868,7.8131,NA,NA,NA,NA,NA,NA,NA,NA,NA,NA,NA,NA
120.697,1.8500,2.5029,1.0867,7.8073,NA,NA,NA,NA,NA,NA,NA,NA,NA,NA,NA,NA
120.819,1.8456,2.2610,1.0867,7.8014,NA,NA,NA,NA,NA,NA,NA,NA,NA,NA,NA,NA
120.908,1.8452,2.2403,1.0860,7.7349,NA,NA,NA,NA,NA,NA,NA,NA,NA,NA,NA,NA
120.996,1.8432,2.1278,1.0846,7.5937,NA,NA,NA,NA,NA,NA,NA,NA,NA,NA,NA,NA
121.096,1.8433,2.1353,1.0839,7.5235,NA,NA,NA,NA,NA,NA,NA,NA,NA,NA,NA,NA
121.192,1.8433,2.1353,1.0833,7.4644,NA,NA,NA,NA,NA,NA,NA,NA,NA,NA,NA,NA
121.292,1.8401,1.9559,1.0828,7.4166,NA,NA,NA,NA,NA,NA,NA,NA,NA,NA,NA,NA
121.408,1.8401,1.9559,1.0822,7.3598,NA,NA,NA,NA,NA,NA,NA,NA,NA,NA,NA,NA
121.489,1.8386,1.8757,1.0816,7.2997,NA,NA,NA,NA,NA,NA,NA,NA,NA,NA,NA,NA
121.578,1.8386,1.8757,1.0815,7.2866,NA,NA,NA,NA,NA,NA,NA,NA,NA,NA,NA,NA
121.694,1.8354,1.6975,1.0814,7.2773,NA,NA,NA,NA,NA,NA,NA,NA,NA,NA,NA,NA
121.786,1.8354,1.6975,1.0806,7.2018,NA,NA,NA,NA,NA,NA,NA,NA,NA,NA,NA,NA
121.886,1.8338,1.6092,1.0802,7.1554,NA,NA,NA,NA,NA,NA,NA,NA,NA,NA,NA,NA
121.975,1.8338,1.6092,1.0798,7.1233,NA,NA,NA,NA,NA,NA,NA,NA,NA,NA,NA,NA
122.105,1.8311,1.4581,1.0796,7.0958,NA,NA,NA,NA,NA,NA,NA,NA,NA,NA,NA,NA
122.173,1.8307,1.4381,1.0796,7.0958,NA,NA,NA,NA,NA,NA,NA,NA,NA,NA,NA,NA
122.270,1.8269,1.2272,1.0789,7.0348,NA,NA,NA,NA,NA,NA,NA,NA,NA,NA,NA,NA
122.373,1.8256,1.1548,1.0767,6.8157,NA,NA,NA,NA,NA,NA,NA,NA,NA,NA,NA,NA
122.484,1.8256,1.1548,1.0756,6.7025,NA,NA,NA,NA,NA,NA,NA,NA,NA,NA,NA,NA
122.598,1.8247,1.1046,1.0738,6.5276,NA,NA,NA,NA,NA,NA,NA,NA,NA,NA,NA,NA
122.662,1.8243,1.0820,1.0724,6.3895,NA,NA,NA,NA,NA,NA,NA,NA,NA,NA,NA,NA
122.764,1.8241,1.0719,1.0715,6.3007,NA,NA,NA,NA,NA,NA,NA,NA,NA,NA,NA,NA
122.857,1.8241,1.0719,1.0710,6.2487,NA,NA,NA,NA,NA,NA,NA,NA,NA,NA,NA,NA
122.957,1.8211,0.9034,1.0691,6.0606,NA,NA,NA,NA,NA,NA,NA,NA,NA,NA,NA,NA
123.057,1.8157,0.6068,1.0684,5.9870,NA,NA,NA,NA,NA,NA,NA,NA,NA,NA,NA,NA
123.152,1.8157,0.6068,1.0674,5.8954,NA,NA,NA,NA,NA,NA,NA,NA,NA,NA,NA,NA
123.261,1.8154,0.5877,1.0662,5.7716,NA,NA,NA,NA,NA,NA,NA,NA,NA,NA,NA,NA
123.376,1.8154,0.5877,1.0655,5.7062,NA,NA,NA,NA,NA,NA,NA,NA,NA,NA,NA,NA
123.447,1.8140,0.5116,1.0653,5.6870,NA,NA,NA,NA,NA,NA,NA,NA,NA,NA,NA,NA
123.552,1.8139,0.5063,1.0645,5.5981,NA,NA,NA,NA,NA,NA,NA,NA,NA,NA,NA,NA
123.649,1.8120,0.4018,1.0647,5.6216,NA,NA,NA,NA,NA,NA,NA,NA,NA,NA,NA,NA
123.739,1.8180,0.7344,1.0683,5.9790,NA,NA,NA,NA,NA,NA,NA,NA,NA,NA,NA,NA
123.856,1.8440,2.1712,1.0780,6.9422,NA,NA,NA,NA,NA,NA,NA,NA,NA,NA,NA,NA
123.943,1.8687,3.5416,1.0874,7.8728,NA,NA,NA,NA,NA,NA,NA,NA,NA,NA,NA,NA
124.041,1.8770,3.9998,1.0955,8.6738,NA,NA,NA,NA,NA,NA,NA,NA,NA,NA,NA,NA
124.137,1.8934,4.9123,1.1005,9.1720,NA,NA,NA,NA,NA,NA,NA,NA,NA,NA,NA,NA
124.231,1.9001,5.2827,1.1069,9.8102,NA,NA,NA,NA,NA,NA,NA,NA,NA,NA,NA,NA
124.369,1.9140,6.0536,1.1173,10.8386,NA,NA,NA,NA,NA,NA,NA,NA,NA,NA,NA,NA
124.427,1.9227,6.5318,1.1218,11.2845,NA,NA,NA,NA,NA,NA,NA,NA,NA,NA,NA,NA
124.529,1.9321,7.0547,1.1284,11.9418,NA,NA,NA,NA,NA,NA,NA,NA,NA,NA,NA,NA
124.624,1.9517,8.1375,1.1335,12.4454,NA,NA,NA,NA,NA,NA,NA,NA,NA,NA,NA,NA
124.717,1.9590,8.5423,1.1379,12.8852,NA,NA,NA,NA,NA,NA,NA,NA,NA,NA,NA,NA
124.820,1.9651,8.8826,1.1408,13.1699,NA,NA,NA,NA,NA,NA,NA,NA,NA,NA,NA,NA
124.914,1.9680,9.0439,1.1468,13.7657,NA,NA,NA,NA,NA,NA,NA,NA,NA,NA,NA,NA
125.011,1.9754,9.4515,1.1497,14.0584,NA,NA,NA,NA,NA,NA,NA,NA,NA,NA,NA,NA
125.114,1.9792,9.6658,1.1527,14.3564,NA,NA,NA,NA,NA,NA,NA,NA,NA,NA,NA,NA
125.213,1.9855,10.0146,1.1581,14.8876,NA,NA,NA,NA,NA,NA,NA,NA,NA,NA,NA,NA
125.310,1.9891,10.2146,1.1646,15.5335,NA,NA,NA,NA,NA,NA,NA,NA,NA,NA,NA,NA
125.403,1.9920,10.3725,1.1677,15.8383,NA,NA,NA,NA,NA,NA,NA,NA,NA,NA,NA,NA
125.504,2.0017,10.9128,1.1703,16.1031,NA,NA,NA,NA,NA,NA,NA,NA,NA,NA,NA,NA
125.657,2.0068,11.1950,1.1736,16.4262,NA,NA,NA,NA,NA,NA,NA,NA,NA,NA,NA,NA
125.706,2.0214,12.0009,1.1764,16.7011,NA,NA,NA,NA,NA,NA,NA,NA,NA,NA,NA,NA
125.796,2.0224,12.0579,1.1792,16.9808,NA,NA,NA,NA,NA,NA,NA,NA,NA,NA,NA,NA
125.893,2.0258,12.2464,1.1818,17.2432,NA,NA,NA,NA,NA,NA,NA,NA,NA,NA,NA,NA
125.992,2.0258,12.2464,1.1828,17.3431,NA,NA,NA,NA,NA,NA,NA,NA,NA,NA,NA,NA
126.093,2.0256,12.2343,1.1836,17.4179,NA,NA,NA,NA,NA,NA,NA,NA,NA,NA,NA,NA
126.230,2.0255,12.2295,1.1839,17.4435,NA,NA,NA,NA,NA,NA,NA,NA,NA,NA,NA,NA
126.294,2.0255,12.2295,1.1839,17.4435,NA,NA,NA,NA,NA,NA,NA,NA,NA,NA,NA,NA
126.389,2.0148,11.6342,1.1819,17.2505,NA,NA,NA,NA,NA,NA,NA,NA,NA,NA,NA,NA
126.487,2.0129,11.5302,1.1799,17.0470,NA,NA,NA,NA,NA,NA,NA,NA,NA,NA,NA,NA
126.579,2.0076,11.2364,1.1748,16.5481,NA,NA,NA,NA,NA,NA,NA,NA,NA,NA,NA,NA
126.686,2.0059,11.1432,1.1713,16.1954,NA,NA,NA,NA,NA,NA,NA,NA,NA,NA,NA,NA
126.774,1.9833,9.8914,1.1670,15.7665,NA,NA,NA,NA,NA,NA,NA,NA,NA,NA,NA,NA
126.883,1.9761,9.4934,1.1645,15.5244,NA,NA,NA,NA,NA,NA,NA,NA,NA,NA,NA,NA
126.973,1.9695,9.1283,1.1609,15.1652,NA,NA,NA,NA,NA,NA,NA,NA,NA,NA,NA,NA
127.068,1.9618,8.7001,1.1581,14.8838,NA,NA,NA,NA,NA,NA,NA,NA,NA,NA,NA,NA
127.163,1.9584,8.5122,1.1544,14.5176,NA,NA,NA,NA,NA,NA,NA,NA,NA,NA,NA,NA
127.270,1.9507,8.0874,1.1513,14.2118,NA,NA,NA,NA,NA,NA,NA,NA,NA,NA,NA,NA
127.419,1.9485,7.9646,1.1483,13.9147,NA,NA,NA,NA,NA,NA,NA,NA,NA,NA,NA,NA
127.458,1.9390,7.4372,1.1464,13.7279,NA,NA,NA,NA,NA,NA,NA,NA,NA,NA,NA,NA
127.563,1.9348,7.2033,1.1448,13.5700,NA,NA,NA,NA,NA,NA,NA,NA,NA,NA,NA,NA
127.655,1.9283,6.8460,1.1430,13.3914,NA,NA,NA,NA,NA,NA,NA,NA,NA,NA,NA,NA
127.751,1.9277,6.8109,1.1413,13.2191,NA,NA,NA,NA,NA,NA,NA,NA,NA,NA,NA,NA
127.860,1.9277,6.8109,1.1400,13.0886,NA,NA,NA,NA,NA,NA,NA,NA,NA,NA,NA,NA
127.950,1.9252,6.6735,1.1386,12.9522,NA,NA,NA,NA,NA,NA,NA,NA,NA,NA,NA,NA
128.052,1.9252,6.6735,1.1357,12.6675,NA,NA,NA,NA,NA,NA,NA,NA,NA,NA,NA,NA
128.145,1.9177,6.2583,1.1341,12.5122,NA,NA,NA,NA,NA,NA,NA,NA,NA,NA,NA,NA
128.246,1.9130,5.9959,1.1329,12.3909,NA,NA,NA,NA,NA,NA,NA,NA,NA,NA,NA,NA
128.343,1.9112,5.8970,1.1313,12.2253,NA,NA,NA,NA,NA,NA,NA,NA,NA,NA,NA,NA
128.439,1.9115,5.9111,1.1303,12.1323,NA,NA,NA,NA,NA,NA,NA,NA,NA,NA,NA,NA
128.549,1.9115,5.9111,1.1289,11.9901,NA,NA,NA,NA,NA,NA,NA,NA,NA,NA,NA,NA
128.673,1.9107,5.8675,1.1280,11.9038,NA,NA,NA,NA,NA,NA,NA,NA,NA,NA,NA,NA
128.730,1.9094,5.7959,1.1265,11.7507,NA,NA,NA,NA,NA,NA,NA,NA,NA,NA,NA,NA
128.828,1.9025,5.4114,1.1249,11.5975,NA,NA,NA,NA,NA,NA,NA,NA,NA,NA,NA,NA
128.940,1.8981,5.1690,1.1216,11.2624,NA,NA,NA,NA,NA,NA,NA,NA,NA,NA,NA,NA
129.031,1.8929,4.8843,1.1197,11.0822,NA,NA,NA,NA,NA,NA,NA,NA,NA,NA,NA,NA
129.128,1.8915,4.8051,1.1174,10.8464,NA,NA,NA,NA,NA,NA,NA,NA,NA,NA,NA,NA
129.225,1.8870,4.5526,1.1137,10.4851,NA,NA,NA,NA,NA,NA,NA,NA,NA,NA,NA,NA
129.318,1.8870,4.5526,1.1122,10.3335,NA,NA,NA,NA,NA,NA,NA,NA,NA,NA,NA,NA
129.417,1.8829,4.3298,1.1090,10.0174,NA,NA,NA,NA,NA,NA,NA,NA,NA,NA,NA,NA
129.518,1.8798,4.1584,1.1079,9.9114,NA,NA,NA,NA,NA,NA,NA,NA,NA,NA,NA,NA
129.616,1.8748,3.8818,1.1076,9.8797,NA,NA,NA,NA,NA,NA,NA,NA,NA,NA,NA,NA
129.712,1.8724,3.7449,1.1074,9.8611,NA,NA,NA,NA,NA,NA,NA,NA,NA,NA,NA,NA
129.842,1.8730,3.7810,1.1094,10.0596,NA,NA,NA,NA,NA,NA,NA,NA,NA,NA,NA,NA
129.905,1.8986,5.1969,1.1132,10.4339,NA,NA,NA,NA,NA,NA,NA,NA,NA,NA,NA,NA
130.005,1.9180,6.2729,1.1185,10.9565,NA,NA,NA,NA,NA,NA,NA,NA,NA,NA,NA,NA
130.101,1.9398,7.4828,1.1246,11.5684,NA,NA,NA,NA,NA,NA,NA,NA,NA,NA,NA,NA
130.205,1.9497,8.0295,1.1311,12.2146,NA,NA,NA,NA,NA,NA,NA,NA,NA,NA,NA,NA
130.296,1.9547,8.3080,1.1358,12.6730,NA,NA,NA,NA,NA,NA,NA,NA,NA,NA,NA,NA
130.414,1.9569,8.4294,1.1379,12.8835,NA,NA,NA,NA,NA,NA,NA,NA,NA,NA,NA,NA
130.499,1.9631,8.7736,1.1397,13.0613,NA,NA,NA,NA,NA,NA,NA,NA,NA,NA,NA,NA
130.592,1.9639,8.8167,1.1400,13.0899,NA,NA,NA,NA,NA,NA,NA,NA,NA,NA,NA,NA
130.690,1.9639,8.8167,1.1400,13.0899,NA,NA,NA,NA,NA,NA,NA,NA,NA,NA,NA,NA
130.794,1.9629,8.7610,1.1388,12.9727,NA,NA,NA,NA,NA,NA,NA,NA,NA,NA,NA,NA
130.886,1.9621,8.7161,1.1373,12.8268,NA,NA,NA,NA,NA,NA,NA,NA,NA,NA,NA,NA
131.002,1.9526,8.1886,1.1362,12.7108,NA,NA,NA,NA,NA,NA,NA,NA,NA,NA,NA,NA
131.081,1.9448,7.7590,1.1337,12.4701,NA,NA,NA,NA,NA,NA,NA,NA,NA,NA,NA,NA
131.179,1.9307,6.9747,1.1303,12.1321,NA,NA,NA,NA,NA,NA,NA,NA,NA,NA,NA,NA
131.279,1.9241,6.6097,1.1286,11.9666,NA,NA,NA,NA,NA,NA,NA,NA,NA,NA,NA,NA
131.383,1.9171,6.2233,1.1254,11.6449,NA,NA,NA,NA,NA,NA,NA,NA,NA,NA,NA,NA
131.479,1.9072,5.6761,1.1234,11.4470,NA,NA,NA,NA,NA,NA,NA,NA,NA,NA,NA,NA
131.579,1.9057,5.5890,1.1209,11.1955,NA,NA,NA,NA,NA,NA,NA,NA,NA,NA,NA,NA
131.667,1.8974,5.1332,1.1195,11.0596,NA,NA,NA,NA,NA,NA,NA,NA,NA,NA,NA,NA
131.772,1.8962,5.0624,1.1165,10.7565,NA,NA,NA,NA,NA,NA,NA,NA,NA,NA,NA,NA
131.864,1.8920,4.8344,1.1145,10.5675,NA,NA,NA,NA,NA,NA,NA,NA,NA,NA,NA,NA
131.970,1.8920,4.8344,1.1129,10.4021,NA,NA,NA,NA,NA,NA,NA,NA,NA,NA,NA,NA
132.069,1.8894,4.6894,1.1112,10.2374,NA,NA,NA,NA,NA,NA,NA,NA,NA,NA,NA,NA
132.162,1.8875,4.5820,1.1102,10.1363,NA,NA,NA,NA,NA,NA,NA,NA,NA,NA,NA,NA
132.308,1.8869,4.5506,1.1085,9.9667,NA,NA,NA,NA,NA,NA,NA,NA,NA,NA,NA,NA
132.354,1.8836,4.3690,1.1076,9.8760,NA,NA,NA,NA,NA,NA,NA,NA,NA,NA,NA,NA
132.451,1.8836,4.3690,1.1062,9.7429,NA,NA,NA,NA,NA,NA,NA,NA,NA,NA,NA,NA
132.555,1.8811,4.2304,1.1052,9.6447,NA,NA,NA,NA,NA,NA,NA,NA,NA,NA,NA,NA
132.650,1.8760,3.9468,1.1047,9.5933,NA,NA,NA,NA,NA,NA,NA,NA,NA,NA,NA,NA
132.748,1.8732,3.7895,1.1037,9.4909,NA,NA,NA,NA,NA,NA,NA,NA,NA,NA,NA,NA
132.845,1.8732,3.7895,1.1029,9.4153,NA,NA,NA,NA,NA,NA,NA,NA,NA,NA,NA,NA
132.954,1.8732,3.7883,1.1016,9.2799,NA,NA,NA,NA,NA,NA,NA,NA,NA,NA,NA,NA
133.041,1.8726,3.7552,1.1006,9.1858,NA,NA,NA,NA,NA,NA,NA,NA,NA,NA,NA,NA
133.142,1.8726,3.7552,1.0997,9.0933,NA,NA,NA,NA,NA,NA,NA,NA,NA,NA,NA,NA
133.242,1.8658,3.3821,1.0994,9.0604,NA,NA,NA,NA,NA,NA,NA,NA,NA,NA,NA,NA
133.335,1.8580,2.9463,1.0970,8.8244,NA,NA,NA,NA,NA,NA,NA,NA,NA,NA,NA,NA
133.439,1.8505,2.5348,1.0954,8.6691,NA,NA,NA,NA,NA,NA,NA,NA,NA,NA,NA,NA
133.531,1.8494,2.4692,1.0938,8.5089,NA,NA,NA,NA,NA,NA,NA,NA,NA,NA,NA,NA
133.637,1.8494,2.4692,1.0925,8.3853,NA,NA,NA,NA,NA,NA,NA,NA,NA,NA,NA,NA
133.727,1.8512,2.5692,1.0921,8.3400,NA,NA,NA,NA,NA,NA,NA,NA,NA,NA,NA,NA
133.841,1.8512,2.5692,1.0904,8.1673,NA,NA,NA,NA,NA,NA,NA,NA,NA,NA,NA,NA
133.927,1.8516,2.5944,1.0884,7.9750,NA,NA,NA,NA,NA,NA,NA,NA,NA,NA,NA,NA
134.060,1.8516,2.5944,1.0876,7.8900,NA,NA,NA,NA,NA,NA,NA,NA,NA,NA,NA,NA
134.122,1.8466,2.3159,1.0875,7.8829,NA,NA,NA,NA,NA,NA,NA,NA,NA,NA,NA,NA
134.215,1.8483,2.4131,1.0912,8.2532,NA,NA,NA,NA,NA,NA,NA,NA,NA,NA,NA,NA
134.317,1.8826,4.3096,1.0966,8.7846,NA,NA,NA,NA,NA,NA,NA,NA,NA,NA,NA,NA
134.410,1.8941,4.9508,1.1020,9.3193,NA,NA,NA,NA,NA,NA,NA,NA,NA,NA,NA,NA
134.509,1.9118,5.9292,1.1095,10.0676,NA,NA,NA,NA,NA,NA,NA,NA,NA,NA,NA,NA
134.627,1.9346,7.1944,1.1172,10.8315,NA,NA,NA,NA,NA,NA,NA,NA,NA,NA,NA,NA
134.713,1.9474,7.9002,1.1227,11.3776,NA,NA,NA,NA,NA,NA,NA,NA,NA,NA,NA,NA
134.801,1.9683,9.0623,1.1302,12.1221,NA,NA,NA,NA,NA,NA,NA,NA,NA,NA,NA,NA
134.901,1.9771,9.5449,1.1382,12.9122,NA,NA,NA,NA,NA,NA,NA,NA,NA,NA,NA,NA
135.001,1.9958,10.5817,1.1441,13.5000,NA,NA,NA,NA,NA,NA,NA,NA,NA,NA,NA,NA
135.094,2.0037,11.0222,1.1512,14.1998,NA,NA,NA,NA,NA,NA,NA,NA,NA,NA,NA,NA
135.209,2.0208,11.9709,1.1592,14.9999,NA,NA,NA,NA,NA,NA,NA,NA,NA,NA,NA,NA
135.296,2.0279,12.3645,1.1643,15.5036,NA,NA,NA,NA,NA,NA,NA,NA,NA,NA,NA,NA
135.390,2.0323,12.6040,1.1692,15.9846,NA,NA,NA,NA,NA,NA,NA,NA,NA,NA,NA,NA
135.489,2.0399,13.0255,1.1729,16.3545,NA,NA,NA,NA,NA,NA,NA,NA,NA,NA,NA,NA
135.590,2.0452,13.3182,1.1801,17.0750,NA,NA,NA,NA,NA,NA,NA,NA,NA,NA,NA,NA
135.682,2.0541,13.8149,1.1838,17.4421,NA,NA,NA,NA,NA,NA,NA,NA,NA,NA,NA,NA
135.785,2.0578,14.0189,1.1861,17.6644,NA,NA,NA,NA,NA,NA,NA,NA,NA,NA,NA,NA
135.886,2.0671,14.5343,1.1874,17.7971,NA,NA,NA,NA,NA,NA,NA,NA,NA,NA,NA,NA
135.981,2.0671,14.5343,1.1880,17.8540,NA,NA,NA,NA,NA,NA,NA,NA,NA,NA,NA,NA
136.072,2.0662,14.4834,1.1880,17.8540,NA,NA,NA,NA,NA,NA,NA,NA,NA,NA,NA,NA
136.181,2.0569,13.9717,1.1875,17.8079,NA,NA,NA,NA,NA,NA,NA,NA,NA,NA,NA,NA
136.272,2.0469,13.4169,1.1864,17.6929,NA,NA,NA,NA,NA,NA,NA,NA,NA,NA,NA,NA
136.407,2.0373,12.8838,1.1842,17.4747,NA,NA,NA,NA,NA,NA,NA,NA,NA,NA,NA,NA
136.469,2.0304,12.5029,1.1808,17.1392,NA,NA,NA,NA,NA,NA,NA,NA,NA,NA,NA,NA
136.562,2.0182,11.8257,1.1789,16.9499,NA,NA,NA,NA,NA,NA,NA,NA,NA,NA,NA,NA
136.667,2.0106,11.4047,1.1756,16.6249,NA,NA,NA,NA,NA,NA,NA,NA,NA,NA,NA,NA
136.761,1.9946,10.5184,1.1725,16.3205,NA,NA,NA,NA,NA,NA,NA,NA,NA,NA,NA,NA
136.856,1.9888,10.1930,1.1696,16.0325,NA,NA,NA,NA,NA,NA,NA,NA,NA,NA,NA,NA
136.957,1.9761,9.4923,1.1678,15.8492,NA,NA,NA,NA,NA,NA,NA,NA,NA,NA,NA,NA
137.083,1.9697,9.1358,1.1632,15.3982,NA,NA,NA,NA,NA,NA,NA,NA,NA,NA,NA,NA
137.151,1.9666,8.9662,1.1603,15.1019,NA,NA,NA,NA,NA,NA,NA,NA,NA,NA,NA,NA
137.249,1.9607,8.6396,1.1584,14.9174,NA,NA,NA,NA,NA,NA,NA,NA,NA,NA,NA,NA
137.346,1.9556,8.3583,1.1552,14.5976,NA,NA,NA,NA,NA,NA,NA,NA,NA,NA,NA,NA
137.457,1.9470,7.8809,1.1532,14.4045,NA,NA,NA,NA,NA,NA,NA,NA,NA,NA,NA,NA
137.550,1.9470,7.8809,1.1519,14.2704,NA,NA,NA,NA,NA,NA,NA,NA,NA,NA,NA,NA
137.672,1.9406,7.5264,1.1505,14.1360,NA,NA,NA,NA,NA,NA,NA,NA,NA,NA,NA,NA
137.738,1.9402,7.5002,1.1483,13.9181,NA,NA,NA,NA,NA,NA,NA,NA,NA,NA,NA,NA
137.836,1.9355,7.2422,1.1468,13.7706,NA,NA,NA,NA,NA,NA,NA,NA,NA,NA,NA,NA
137.942,1.9341,7.1644,1.1454,13.6260,NA,NA,NA,NA,NA,NA,NA,NA,NA,NA,NA,NA
138.034,1.9328,7.0908,1.1432,13.4091,NA,NA,NA,NA,NA,NA,NA,NA,NA,NA,NA,NA
138.140,1.9310,6.9946,1.1417,13.2654,NA,NA,NA,NA,NA,NA,NA,NA,NA,NA,NA,NA
138.229,1.9306,6.9725,1.1403,13.1194,NA,NA,NA,NA,NA,NA,NA,NA,NA,NA,NA,NA
138.337,1.9273,6.7895,1.1385,12.9437,NA,NA,NA,NA,NA,NA,NA,NA,NA,NA,NA,NA
138.426,1.9252,6.6737,1.1367,12.7623,NA,NA,NA,NA,NA,NA,NA,NA,NA,NA,NA,NA
138.529,1.9233,6.5664,1.1341,12.5083,NA,NA,NA,NA,NA,NA,NA,NA,NA,NA,NA,NA
138.629,1.9188,6.3197,1.1327,12.3657,NA,NA,NA,NA,NA,NA,NA,NA,NA,NA,NA,NA
138.734,1.9188,6.3197,1.1295,12.0517,NA,NA,NA,NA,NA,NA,NA,NA,NA,NA,NA,NA
138.840,1.9179,6.2686,1.1275,11.8483,NA,NA,NA,NA,NA,NA,NA,NA,NA,NA,NA,NA
138.912,1.9175,6.2478,1.1264,11.7442,NA,NA,NA,NA,NA,NA,NA,NA,NA,NA,NA,NA
139.018,1.9136,6.0271,1.1257,11.6780,NA,NA,NA,NA,NA,NA,NA,NA,NA,NA,NA,NA
139.109,1.9117,5.9257,1.1236,11.4613,NA,NA,NA,NA,NA,NA,NA,NA,NA,NA,NA,NA
139.208,1.9030,5.4422,1.1225,11.3550,NA,NA,NA,NA,NA,NA,NA,NA,NA,NA,NA,NA
139.302,1.8941,4.9482,1.1203,11.1432,NA,NA,NA,NA,NA,NA,NA,NA,NA,NA,NA,NA
139.461,1.8827,4.3172,1.1181,10.9236,NA,NA,NA,NA,NA,NA,NA,NA,NA,NA,NA,NA
139.505,1.8844,4.4124,1.1162,10.7328,NA,NA,NA,NA,NA,NA,NA,NA,NA,NA,NA,NA
139.603,1.8844,4.4124,1.1151,10.6184,NA,NA,NA,NA,NA,NA,NA,NA,NA,NA,NA,NA
139.702,1.8843,4.4045,1.1136,10.4747,NA,NA,NA,NA,NA,NA,NA,NA,NA,NA,NA,NA
139.796,1.8853,4.4586,1.1125,10.3649,NA,NA,NA,NA,NA,NA,NA,NA,NA,NA,NA,NA
139.893,1.9073,5.6793,1.1137,10.4873,NA,NA,NA,NA,NA,NA,NA,NA,NA,NA,NA,NA
140.029,1.9217,6.4788,1.1187,10.9751,NA,NA,NA,NA,NA,NA,NA,NA,NA,NA,NA,NA
140.101,1.9368,7.3143,1.1227,11.3770,NA,NA,NA,NA,NA,NA,NA,NA,NA,NA,NA,NA
140.189,1.9456,7.8005,1.1301,12.1056,NA,NA,NA,NA,NA,NA,NA,NA,NA,NA,NA,NA
140.293,1.9714,9.2340,1.1341,12.5091,NA,NA,NA,NA,NA,NA,NA,NA,NA,NA,NA,NA
140.389,1.9842,9.9395,1.1415,13.2422,NA,NA,NA,NA,NA,NA,NA,NA,NA,NA,NA,NA
140.484,1.9956,10.5748,1.1500,14.0851,NA,NA,NA,NA,NA,NA,NA,NA,NA,NA,NA,NA
140.635,2.0015,10.8983,1.1568,14.7641,NA,NA,NA,NA,NA,NA,NA,NA,NA,NA,NA,NA
140.683,2.0078,11.2496,1.1610,15.1747,NA,NA,NA,NA,NA,NA,NA,NA,NA,NA,NA,NA
140.778,2.0223,12.0502,1.1659,15.6598,NA,NA,NA,NA,NA,NA,NA,NA,NA,NA,NA,NA
140.875,2.0336,12.6797,1.1733,16.3994,NA,NA,NA,NA,NA,NA,NA,NA,NA,NA,NA,NA
140.970,2.0480,13.4765,1.1797,17.0310,NA,NA,NA,NA,NA,NA,NA,NA,NA,NA,NA,NA
141.065,2.0544,13.8303,1.1841,17.4694,NA,NA,NA,NA,NA,NA,NA,NA,NA,NA,NA,NA
141.233,2.0674,14.5481,1.1901,18.0624,NA,NA,NA,NA,NA,NA,NA,NA,NA,NA,NA,NA
141.269,2.0730,14.8630,1.1960,18.6437,NA,NA,NA,NA,NA,NA,NA,NA,NA,NA,NA,NA
141.360,2.0804,15.2704,1.1993,18.9711,NA,NA,NA,NA,NA,NA,NA,NA,NA,NA,NA,NA
141.462,2.0890,15.7462,1.2035,19.3922,NA,NA,NA,NA,NA,NA,NA,NA,NA,NA,NA,NA
141.557,2.0957,16.1212,1.2067,19.7050,NA,NA,NA,NA,NA,NA,NA,NA,NA,NA,NA,NA
141.663,2.1009,16.4044,1.2102,20.0562,NA,NA,NA,NA,NA,NA,NA,NA,NA,NA,NA,NA
141.758,2.1009,16.4044,1.2134,20.3759,NA,NA,NA,NA,NA,NA,NA,NA,NA,NA,NA,NA
141.895,2.1133,17.0915,1.2193,20.9584,NA,NA,NA,NA,NA,NA,NA,NA,NA,NA,NA,NA
141.951,2.1136,17.1128,1.2218,21.2056,NA,NA,NA,NA,NA,NA,NA,NA,NA,NA,NA,NA
142.046,2.1140,17.1329,1.2255,21.5773,NA,NA,NA,NA,NA,NA,NA,NA,NA,NA,NA,NA
142.156,2.1257,17.7814,1.2289,21.9130,NA,NA,NA,NA,NA,NA,NA,NA,NA,NA,NA,NA
142.243,2.1257,17.7814,1.2307,22.0949,NA,NA,NA,NA,NA,NA,NA,NA,NA,NA,NA,NA
142.339,2.1351,18.3019,1.2327,22.2894,NA,NA,NA,NA,NA,NA,NA,NA,NA,NA,NA,NA
142.446,2.1379,18.4545,1.2355,22.5628,NA,NA,NA,NA,NA,NA,NA,NA,NA,NA,NA,NA
142.535,2.1414,18.6495,1.2369,22.7087,NA,NA,NA,NA,NA,NA,NA,NA,NA,NA,NA,NA
142.648,2.1414,18.6495,1.2385,22.8638,NA,NA,NA,NA,NA,NA,NA,NA,NA,NA,NA,NA
142.743,2.1401,18.5802,1.2402,23.0357,NA,NA,NA,NA,NA,NA,NA,NA,NA,NA,NA,NA
142.835,2.1401,18.5802,1.2402,23.0357,NA,NA,NA,NA,NA,NA,NA,NA,NA,NA,NA,NA
142.934,2.1344,18.2651,1.2389,22.9042,NA,NA,NA,NA,NA,NA,NA,NA,NA,NA,NA,NA
143.035,2.1323,18.1450,1.2389,22.9042,NA,NA,NA,NA,NA,NA,NA,NA,NA,NA,NA,NA
143.134,2.1321,18.1334,1.2367,22.6901,NA,NA,NA,NA,NA,NA,NA,NA,NA,NA,NA,NA
143.223,2.1239,17.6807,1.2330,22.3195,NA,NA,NA,NA,NA,NA,NA,NA,NA,NA,NA,NA
143.319,2.1122,17.0323,1.2270,21.7272,NA,NA,NA,NA,NA,NA,NA,NA,NA,NA,NA,NA
143.429,2.0888,15.7380,1.2244,21.4626,NA,NA,NA,NA,NA,NA,NA,NA,NA,NA,NA,NA
143.520,2.0798,15.2365,1.2208,21.1070,NA,NA,NA,NA,NA,NA,NA,NA,NA,NA,NA,NA
143.612,2.0711,14.7555,1.2163,20.6618,NA,NA,NA,NA,NA,NA,NA,NA,NA,NA,NA,NA
143.718,2.0616,14.2309,1.2123,20.2615,NA,NA,NA,NA,NA,NA,NA,NA,NA,NA,NA,NA
143.809,2.0549,13.8560,1.2078,19.8189,NA,NA,NA,NA,NA,NA,NA,NA,NA,NA,NA,NA
143.909,2.0376,12.8979,1.2029,19.3294,NA,NA,NA,NA,NA,NA,NA,NA,NA,NA,NA,NA
144.005,2.0327,12.6306,1.1991,18.9511,NA,NA,NA,NA,NA,NA,NA,NA,NA,NA,NA,NA
144.101,2.0275,12.3420,1.1965,18.7000,NA,NA,NA,NA,NA,NA,NA,NA,NA,NA,NA,NA
144.230,2.0247,12.1825,1.1940,18.4531,NA,NA,NA,NA,NA,NA,NA,NA,NA,NA,NA,NA
144.300,2.0210,11.9819,1.1925,18.3024,NA,NA,NA,NA,NA,NA,NA,NA,NA,NA,NA,NA
144.399,2.0192,11.8826,1.1916,18.2076,NA,NA,NA,NA,NA,NA,NA,NA,NA,NA,NA,NA
144.497,2.0157,11.6870,1.1900,18.0488,NA,NA,NA,NA,NA,NA,NA,NA,NA,NA,NA,NA
144.597,2.0161,11.7069,1.1890,17.9547,NA,NA,NA,NA,NA,NA,NA,NA,NA,NA,NA,NA
144.696,2.0161,11.7069,1.1878,17.8311,NA,NA,NA,NA,NA,NA,NA,NA,NA,NA,NA,NA
144.837,2.0115,11.4508,1.1870,17.7541,NA,NA,NA,NA,NA,NA,NA,NA,NA,NA,NA,NA
144.883,2.0102,11.3838,1.1843,17.4857,NA,NA,NA,NA,NA,NA,NA,NA,NA,NA,NA,NA
144.982,2.0071,11.2113,1.1834,17.4003,NA,NA,NA,NA,NA,NA,NA,NA,NA,NA,NA,NA
145.082,2.0015,10.8981,1.1822,17.2799,NA,NA,NA,NA,NA,NA,NA,NA,NA,NA,NA,NA
145.178,1.9985,10.7344,1.1806,17.1221,NA,NA,NA,NA,NA,NA,NA,NA,NA,NA,NA,NA
145.280,1.9942,10.4977,1.1799,17.0541,NA,NA,NA,NA,NA,NA,NA,NA,NA,NA,NA,NA
145.377,1.9942,10.4977,1.1793,16.9901,NA,NA,NA,NA,NA,NA,NA,NA,NA,NA,NA,NA
145.472,1.9890,10.2049,1.1787,16.9301,NA,NA,NA,NA,NA,NA,NA,NA,NA,NA,NA,NA
145.578,1.9880,10.1516,1.1773,16.7963,NA,NA,NA,NA,NA,NA,NA,NA,NA,NA,NA,NA
145.671,1.9865,10.0688,1.1766,16.7240,NA,NA,NA,NA,NA,NA,NA,NA,NA,NA,NA,NA
145.767,1.9846,9.9620,1.1756,16.6220,NA,NA,NA,NA,NA,NA,NA,NA,NA,NA,NA,NA
145.866,1.9792,9.6623,1.1753,16.5958,NA,NA,NA,NA,NA,NA,NA,NA,NA,NA,NA,NA
145.963,1.9773,9.5608,1.1747,16.5347,NA,NA,NA,NA,NA,NA,NA,NA,NA,NA,NA,NA
146.100,1.9773,9.5608,1.1716,16.2288,NA,NA,NA,NA,NA,NA,NA,NA,NA,NA,NA,NA
146.161,1.9757,9.4693,1.1706,16.1304,NA,NA,NA,NA,NA,NA,NA,NA,NA,NA,NA,NA
146.259,1.9757,9.4693,1.1701,16.0814,NA,NA,NA,NA,NA,NA,NA,NA,NA,NA,NA,NA
146.355,1.9724,9.2879,1.1681,15.8803,NA,NA,NA,NA,NA,NA,NA,NA,NA,NA,NA,NA
146.457,1.9724,9.2879,1.1663,15.6978,NA,NA,NA,NA,NA,NA,NA,NA,NA,NA,NA,NA
146.555,1.9701,9.1605,1.1656,15.6313,NA,NA,NA,NA,NA,NA,NA,NA,NA,NA,NA,NA
146.668,1.9669,8.9799,1.1651,15.5853,NA,NA,NA,NA,NA,NA,NA,NA,NA,NA,NA,NA
146.753,1.9605,8.6288,1.1649,15.5584,NA,NA,NA,NA,NA,NA,NA,NA,NA,NA,NA,NA
146.847,1.9605,8.6288,1.1635,15.4277,NA,NA,NA,NA,NA,NA,NA,NA,NA,NA,NA,NA
146.941,1.9576,8.4645,1.1627,15.3469,NA,NA,NA,NA,NA,NA,NA,NA,NA,NA,NA,NA
147.046,1.9567,8.4179,1.1615,15.2238,NA,NA,NA,NA,NA,NA,NA,NA,NA,NA,NA,NA
147.141,1.9567,8.4179,1.1607,15.1433,NA,NA,NA,NA,NA,NA,NA,NA,NA,NA,NA,NA
147.270,1.9527,8.1979,1.1589,14.9676,NA,NA,NA,NA,NA,NA,NA,NA,NA,NA,NA,NA
147.334,1.9511,8.1094,1.1579,14.8723,NA,NA,NA,NA,NA,NA,NA,NA,NA,NA,NA,NA
147.430,1.9465,7.8507,1.1560,14.6832,NA,NA,NA,NA,NA,NA,NA,NA,NA,NA,NA,NA
147.531,1.9465,7.8507,1.1560,14.6832,NA,NA,NA,NA,NA,NA,NA,NA,NA,NA,NA,NA
147.636,1.9441,7.7210,1.1546,14.5419,NA,NA,NA,NA,NA,NA,NA,NA,NA,NA,NA,NA
147.727,1.9441,7.7210,1.1536,14.4447,NA,NA,NA,NA,NA,NA,NA,NA,NA,NA,NA,NA
147.843,1.9359,7.2626,1.1514,14.2238,NA,NA,NA,NA,NA,NA,NA,NA,NA,NA,NA,NA
147.922,1.9359,7.2626,1.1501,14.0921,NA,NA,NA,NA,NA,NA,NA,NA,NA,NA,NA,NA
148.021,1.9351,7.2188,1.1498,14.0676,NA,NA,NA,NA,NA,NA,NA,NA,NA,NA,NA,NA
148.113,1.9373,7.3401,1.1493,14.0159,NA,NA,NA,NA,NA,NA,NA,NA,NA,NA,NA,NA
148.214,1.9373,7.3401,1.1490,13.9833,NA,NA,NA,NA,NA,NA,NA,NA,NA,NA,NA,NA
148.320,1.9315,7.0192,1.1465,13.7398,NA,NA,NA,NA,NA,NA,NA,NA,NA,NA,NA,NA
148.432,1.9315,7.0192,1.1459,13.6753,NA,NA,NA,NA,NA,NA,NA,NA,NA,NA,NA,NA
148.510,1.9300,6.9357,1.1449,13.5743,NA,NA,NA,NA,NA,NA,NA,NA,NA,NA,NA,NA
148.609,1.9293,6.8981,1.1447,13.5603,NA,NA,NA,NA,NA,NA,NA,NA,NA,NA,NA,NA
148.701,1.9233,6.5645,1.1441,13.5010,NA,NA,NA,NA,NA,NA,NA,NA,NA,NA,NA,NA
148.799,1.9233,6.5645,1.1441,13.4960,NA,NA,NA,NA,NA,NA,NA,NA,NA,NA,NA,NA
148.902,1.9221,6.5017,1.1432,13.4097,NA,NA,NA,NA,NA,NA,NA,NA,NA,NA,NA,NA
149.069,1.9231,6.5574,1.1432,13.4097,NA,NA,NA,NA,NA,NA,NA,NA,NA,NA,NA,NA
149.106,1.9231,6.5574,1.1420,13.2944,NA,NA,NA,NA,NA,NA,NA,NA,NA,NA,NA,NA
149.197,1.9194,6.3514,1.1406,13.1474,NA,NA,NA,NA,NA,NA,NA,NA,NA,NA,NA,NA
149.301,1.9180,6.2739,1.1406,13.1474,NA,NA,NA,NA,NA,NA,NA,NA,NA,NA,NA,NA
149.402,1.9149,6.1029,1.1395,13.0432,NA,NA,NA,NA,NA,NA,NA,NA,NA,NA,NA,NA
149.490,1.9149,6.1029,1.1382,12.9107,NA,NA,NA,NA,NA,NA,NA,NA,NA,NA,NA,NA
149.586,1.9113,5.9010,1.1373,12.8233,NA,NA,NA,NA,NA,NA,NA,NA,NA,NA,NA,NA
149.690,1.9113,5.9010,1.1372,12.8157,NA,NA,NA,NA,NA,NA,NA,NA,NA,NA,NA,NA
149.794,1.9100,5.8305,1.1368,12.7752,NA,NA,NA,NA,NA,NA,NA,NA,NA,NA,NA,NA
149.879,1.9089,5.7672,1.1363,12.7235,NA,NA,NA,NA,NA,NA,NA,NA,NA,NA,NA,NA
149.975,1.9089,5.7672,1.1344,12.5345,NA,NA,NA,NA,NA,NA,NA,NA,NA,NA,NA,NA
150.083,1.9056,5.5844,1.1333,12.4303,NA,NA,NA,NA,NA,NA,NA,NA,NA,NA,NA,NA
150.217,1.9041,5.5000,1.1317,12.2685,NA,NA,NA,NA,NA,NA,NA,NA,NA,NA,NA,NA
150.274,1.8993,5.2365,1.1304,12.1398,NA,NA,NA,NA,NA,NA,NA,NA,NA,NA,NA,NA
150.369,1.8999,5.2718,1.1296,12.0626,NA,NA,NA,NA,NA,NA,NA,NA,NA,NA,NA,NA
150.467,1.9002,5.2867,1.1293,12.0327,NA,NA,NA,NA,NA,NA,NA,NA,NA,NA,NA,NA
150.579,1.9011,5.3345,1.1280,11.9011,NA,NA,NA,NA,NA,NA,NA,NA,NA,NA,NA,NA
150.666,1.9011,5.3345,1.1270,11.8062,NA,NA,NA,NA,NA,NA,NA,NA,NA,NA,NA,NA
150.810,1.8968,5.0979,1.1267,11.7700,NA,NA,NA,NA,NA,NA,NA,NA,NA,NA,NA,NA
150.858,1.8968,5.0979,1.1250,11.6073,NA,NA,NA,NA,NA,NA,NA,NA,NA,NA,NA,NA
150.961,1.8956,5.0304,1.1245,11.5587,NA,NA,NA,NA,NA,NA,NA,NA,NA,NA,NA,NA
151.058,1.8953,5.0171,1.1243,11.5358,NA,NA,NA,NA,NA,NA,NA,NA,NA,NA,NA,NA
151.155,1.8953,5.0171,1.1243,11.5346,NA,NA,NA,NA,NA,NA,NA,NA,NA,NA,NA,NA
151.255,1.8912,4.7873,1.1243,11.5346,NA,NA,NA,NA,NA,NA,NA,NA,NA,NA,NA,NA
151.357,1.8912,4.7873,1.1237,11.4781,NA,NA,NA,NA,NA,NA,NA,NA,NA,NA,NA,NA
151.469,1.8878,4.5976,1.1234,11.4433,NA,NA,NA,NA,NA,NA,NA,NA,NA,NA,NA,NA
151.542,1.8878,4.5976,1.1222,11.3257,NA,NA,NA,NA,NA,NA,NA,NA,NA,NA,NA,NA
151.645,1.8860,4.5015,1.1211,11.2216,NA,NA,NA,NA,NA,NA,NA,NA,NA,NA,NA,NA
151.744,1.8816,4.2552,1.1201,11.1176,NA,NA,NA,NA,NA,NA,NA,NA,NA,NA,NA,NA
151.838,1.8803,4.1867,1.1194,11.0511,NA,NA,NA,NA,NA,NA,NA,NA,NA,NA,NA,NA
151.933,1.8814,4.2433,1.1192,11.0325,NA,NA,NA,NA,NA,NA,NA,NA,NA,NA,NA,NA
152.038,1.8814,4.2433,1.1175,10.8590,NA,NA,NA,NA,NA,NA,NA,NA,NA,NA,NA,NA
152.137,1.8821,4.2817,1.1159,10.7037,NA,NA,NA,NA,NA,NA,NA,NA,NA,NA,NA,NA
152.227,1.8821,4.2817,1.1158,10.6966,NA,NA,NA,NA,NA,NA,NA,NA,NA,NA,NA,NA
152.336,1.8780,4.0572,1.1158,10.6966,NA,NA,NA,NA,NA,NA,NA,NA,NA,NA,NA,NA
152.434,1.8745,3.8617,1.1154,10.6516,NA,NA,NA,NA,NA,NA,NA,NA,NA,NA,NA,NA
152.527,1.8743,3.8507,1.1150,10.6125,NA,NA,NA,NA,NA,NA,NA,NA,NA,NA,NA,NA
152.648,1.8736,3.8116,1.1145,10.5583,NA,NA,NA,NA,NA,NA,NA,NA,NA,NA,NA,NA
152.717,1.8736,3.8116,1.1135,10.4674,NA,NA,NA,NA,NA,NA,NA,NA,NA,NA,NA,NA
152.821,1.8729,3.7752,1.1131,10.4262,NA,NA,NA,NA,NA,NA,NA,NA,NA,NA,NA,NA
152.908,1.8729,3.7752,1.1129,10.4036,NA,NA,NA,NA,NA,NA,NA,NA,NA,NA,NA,NA
153.017,1.8719,3.7207,1.1114,10.2518,NA,NA,NA,NA,NA,NA,NA,NA,NA,NA,NA,NA
153.113,1.8719,3.7207,1.1113,10.2421,NA,NA,NA,NA,NA,NA,NA,NA,NA,NA,NA,NA
153.207,1.8685,3.5324,1.1095,10.0655,NA,NA,NA,NA,NA,NA,NA,NA,NA,NA,NA,NA
153.306,1.8673,3.4653,1.1095,10.0655,NA,NA,NA,NA,NA,NA,NA,NA,NA,NA,NA,NA
153.404,1.8678,3.4906,1.1087,9.9830,NA,NA,NA,NA,NA,NA,NA,NA,NA,NA,NA,NA
153.501,1.8678,3.4906,1.1078,9.8948,NA,NA,NA,NA,NA,NA,NA,NA,NA,NA,NA,NA
153.603,1.8641,3.2860,1.1073,9.8522,NA,NA,NA,NA,NA,NA,NA,NA,NA,NA,NA,NA
153.698,1.8623,3.1879,1.1067,9.7906,NA,NA,NA,NA,NA,NA,NA,NA,NA,NA,NA,NA
153.839,1.8623,3.1879,1.1063,9.7528,NA,NA,NA,NA,NA,NA,NA,NA,NA,NA,NA,NA
153.892,1.8593,3.0232,1.1061,9.7303,NA,NA,NA,NA,NA,NA,NA,NA,NA,NA,NA,NA
153.991,1.8590,3.0022,1.1051,9.6321,NA,NA,NA,NA,NA,NA,NA,NA,NA,NA,NA,NA
154.102,1.8565,2.8632,1.1042,9.5455,NA,NA,NA,NA,NA,NA,NA,NA,NA,NA,NA,NA
154.184,1.8565,2.8632,1.1037,9.4946,NA,NA,NA,NA,NA,NA,NA,NA,NA,NA,NA,NA
154.299,1.8569,2.8892,1.1037,9.4936,NA,NA,NA,NA,NA,NA,NA,NA,NA,NA,NA,NA
154.384,1.8569,2.8892,1.1029,9.4145,NA,NA,NA,NA,NA,NA,NA,NA,NA,NA,NA,NA
154.484,1.8543,2.7411,1.1020,9.3271,NA,NA,NA,NA,NA,NA,NA,NA,NA,NA,NA,NA
154.582,1.8503,2.5236,1.1015,9.2782,NA,NA,NA,NA,NA,NA,NA,NA,NA,NA,NA,NA
154.681,1.8509,2.5571,1.1010,9.2204,NA,NA,NA,NA,NA,NA,NA,NA,NA,NA,NA,NA
154.770,1.8523,2.6324,1.1010,9.2194,NA,NA,NA,NA,NA,NA,NA,NA,NA,NA,NA,NA
154.877,1.8523,2.6324,1.0995,9.0742,NA,NA,NA,NA,NA,NA,NA,NA,NA,NA,NA,NA
155.006,1.8502,2.5138,1.0991,9.0309,NA,NA,NA,NA,NA,NA,NA,NA,NA,NA,NA,NA
155.072,1.8502,2.5138,1.0988,9.0014,NA,NA,NA,NA,NA,NA,NA,NA,NA,NA,NA,NA
155.166,1.8465,2.3109,1.0982,8.9471,NA,NA,NA,NA,NA,NA,NA,NA,NA,NA,NA,NA
155.267,1.8438,2.1643,1.0982,8.9471,NA,NA,NA,NA,NA,NA,NA,NA,NA,NA,NA,NA
155.375,1.8392,1.9084,1.0970,8.8227,NA,NA,NA,NA,NA,NA,NA,NA,NA,NA,NA,NA
155.455,1.8409,2.0001,1.0970,8.8227,NA,NA,NA,NA,NA,NA,NA,NA,NA,NA,NA,NA
155.619,1.8409,2.0001,1.0966,8.7891,NA,NA,NA,NA,NA,NA,NA,NA,NA,NA,NA,NA
155.653,1.8417,2.0437,1.0959,8.7183,NA,NA,NA,NA,NA,NA,NA,NA,NA,NA,NA,NA
155.759,1.8417,2.0437,1.0950,8.6263,NA,NA,NA,NA,NA,NA,NA,NA,NA,NA,NA,NA
155.854,1.8410,2.0079,1.0944,8.5695,NA,NA,NA,NA,NA,NA,NA,NA,NA,NA,NA,NA
155.947,1.8410,2.0079,1.0942,8.5483,NA,NA,NA,NA,NA,NA,NA,NA,NA,NA,NA,NA
156.051,1.8368,1.7762,1.0939,8.5177,NA,NA,NA,NA,NA,NA,NA,NA,NA,NA,NA,NA
156.209,1.8349,1.6697,1.0919,8.3207,NA,NA,NA,NA,NA,NA,NA,NA,NA,NA,NA,NA
156.250,1.8323,1.5258,1.0903,8.1660,NA,NA,NA,NA,NA,NA,NA,NA,NA,NA,NA,NA
156.344,1.8312,1.4607,1.0893,8.0665,NA,NA,NA,NA,NA,NA,NA,NA,NA,NA,NA,NA
156.447,1.8312,1.4607,1.0879,7.9217,NA,NA,NA,NA,NA,NA,NA,NA,NA,NA,NA,NA
156.536,1.8267,1.2126,1.0869,7.8286,NA,NA,NA,NA,NA,NA,NA,NA,NA,NA,NA,NA
156.654,1.8267,1.2126,1.0863,7.7676,NA,NA,NA,NA,NA,NA,NA,NA,NA,NA,NA,NA
156.734,1.8250,1.1215,1.0856,7.6983,NA,NA,NA,NA,NA,NA,NA,NA,NA,NA,NA,NA
156.835,1.8250,1.1215,1.0856,7.6983,NA,NA,NA,NA,NA,NA,NA,NA,NA,NA,NA,NA
156.926,1.8341,1.6235,1.0883,7.9684,NA,NA,NA,NA,NA,NA,NA,NA,NA,NA,NA,NA
157.036,1.8547,2.7675,1.0939,8.5188,NA,NA,NA,NA,NA,NA,NA,NA,NA,NA,NA,NA
157.124,1.8732,3.7902,1.1010,9.2283,NA,NA,NA,NA,NA,NA,NA,NA,NA,NA,NA,NA
157.222,1.8976,5.1435,1.1081,9.9233,NA,NA,NA,NA,NA,NA,NA,NA,NA,NA,NA,NA
157.318,1.9063,5.6249,1.1137,10.4849,NA,NA,NA,NA,NA,NA,NA,NA,NA,NA,NA,NA
157.414,1.9238,6.5969,1.1220,11.3099,NA,NA,NA,NA,NA,NA,NA,NA,NA,NA,NA,NA
157.518,1.9305,6.9630,1.1273,11.8362,NA,NA,NA,NA,NA,NA,NA,NA,NA,NA,NA,NA
157.615,1.9447,7.7506,1.1344,12.5396,NA,NA,NA,NA,NA,NA,NA,NA,NA,NA,NA,NA
157.722,1.9510,8.0988,1.1377,12.8685,NA,NA,NA,NA,NA,NA,NA,NA,NA,NA,NA,NA
157.812,1.9666,8.9673,1.1442,13.5057,NA,NA,NA,NA,NA,NA,NA,NA,NA,NA,NA,NA
157.907,1.9714,9.2292,1.1490,13.9829,NA,NA,NA,NA,NA,NA,NA,NA,NA,NA,NA,NA
158.003,1.9774,9.5615,1.1559,14.6727,NA,NA,NA,NA,NA,NA,NA,NA,NA,NA,NA,NA
158.112,1.9842,9.9413,1.1590,14.9729,NA,NA,NA,NA,NA,NA,NA,NA,NA,NA,NA,NA
158.198,1.9876,10.1270,1.1668,15.7473,NA,NA,NA,NA,NA,NA,NA,NA,NA,NA,NA,NA
158.297,2.0068,11.1913,1.1710,16.1699,NA,NA,NA,NA,NA,NA,NA,NA,NA,NA,NA,NA
158.397,2.0123,11.5005,1.1757,16.6324,NA,NA,NA,NA,NA,NA,NA,NA,NA,NA,NA,NA
158.494,2.0244,12.1661,1.1783,16.8956,NA,NA,NA,NA,NA,NA,NA,NA,NA,NA,NA,NA
158.594,2.0280,12.3671,1.1826,17.3231,NA,NA,NA,NA,NA,NA,NA,NA,NA,NA,NA,NA
158.692,2.0317,12.5708,1.1887,17.9262,NA,NA,NA,NA,NA,NA,NA,NA,NA,NA,NA,NA
158.791,2.0326,12.6231,1.1918,18.2324,NA,NA,NA,NA,NA,NA,NA,NA,NA,NA,NA,NA
158.885,2.0399,13.0259,1.1947,18.5188,NA,NA,NA,NA,NA,NA,NA,NA,NA,NA,NA,NA
158.983,2.0485,13.5034,1.1984,18.8858,NA,NA,NA,NA,NA,NA,NA,NA,NA,NA,NA,NA
159.081,2.0485,13.5034,1.2013,19.1726,NA,NA,NA,NA,NA,NA,NA,NA,NA,NA,NA,NA
159.180,2.0549,13.8566,1.2030,19.3420,NA,NA,NA,NA,NA,NA,NA,NA,NA,NA,NA,NA
159.286,2.0563,13.9347,1.2086,19.9025,NA,NA,NA,NA,NA,NA,NA,NA,NA,NA,NA,NA
159.388,2.0592,14.0952,1.2106,20.0989,NA,NA,NA,NA,NA,NA,NA,NA,NA,NA,NA,NA
159.478,2.0616,14.2288,1.2141,20.4420,NA,NA,NA,NA,NA,NA,NA,NA,NA,NA,NA,NA
159.570,2.0665,14.5008,1.2143,20.4661,NA,NA,NA,NA,NA,NA,NA,NA,NA,NA,NA,NA
159.667,2.0666,14.5067,1.2162,20.6529,NA,NA,NA,NA,NA,NA,NA,NA,NA,NA,NA,NA
159.819,2.0666,14.5067,1.2165,20.6786,NA,NA,NA,NA,NA,NA,NA,NA,NA,NA,NA,NA
159.869,2.0661,14.4774,1.2165,20.6786,NA,NA,NA,NA,NA,NA,NA,NA,NA,NA,NA,NA
159.973,2.0661,14.4774,1.2159,20.6267,NA,NA,NA,NA,NA,NA,NA,NA,NA,NA,NA,NA
160.063,2.0647,14.3991,1.2151,20.5422,NA,NA,NA,NA,NA,NA,NA,NA,NA,NA,NA,NA
160.157,2.0606,14.1740,1.2136,20.3975,NA,NA,NA,NA,NA,NA,NA,NA,NA,NA,NA,NA
160.265,2.0512,13.6535,1.2112,20.1533,NA,NA,NA,NA,NA,NA,NA,NA,NA,NA,NA,NA
160.355,2.0402,13.0431,1.2089,19.9266,NA,NA,NA,NA,NA,NA,NA,NA,NA,NA,NA,NA
160.455,2.0237,12.1314,1.2053,19.5685,NA,NA,NA,NA,NA,NA,NA,NA,NA,NA,NA,NA
160.554,2.0072,11.2168,1.1987,18.9149,NA,NA,NA,NA,NA,NA,NA,NA,NA,NA,NA,NA
160.651,2.0016,10.9076,1.1955,18.6011,NA,NA,NA,NA,NA,NA,NA,NA,NA,NA,NA,NA
160.746,1.9924,10.3956,1.1903,18.0829,NA,NA,NA,NA,NA,NA,NA,NA,NA,NA,NA,NA
160.845,1.9884,10.1750,1.1867,17.7244,NA,NA,NA,NA,NA,NA,NA,NA,NA,NA,NA,NA
160.943,1.9850,9.9869,1.1837,17.4312,NA,NA,NA,NA,NA,NA,NA,NA,NA,NA,NA,NA
161.040,1.9833,9.8922,1.1819,17.2499,NA,NA,NA,NA,NA,NA,NA,NA,NA,NA,NA,NA
161.136,1.9788,9.6437,1.1773,16.7887,NA,NA,NA,NA,NA,NA,NA,NA,NA,NA,NA,NA
161.238,1.9764,9.5104,1.1757,16.6314,NA,NA,NA,NA,NA,NA,NA,NA,NA,NA,NA,NA
161.340,1.9754,9.4541,1.1741,16.4708,NA,NA,NA,NA,NA,NA,NA,NA,NA,NA,NA,NA
161.430,1.9726,9.3007,1.1723,16.2993,NA,NA,NA,NA,NA,NA,NA,NA,NA,NA,NA,NA
161.526,1.9726,9.3007,1.1713,16.1980,NA,NA,NA,NA,NA,NA,NA,NA,NA,NA,NA,NA
161.636,1.9665,8.9626,1.1700,16.0725,NA,NA,NA,NA,NA,NA,NA,NA,NA,NA,NA,NA
161.732,1.9660,8.9341,1.1678,15.8533,NA,NA,NA,NA,NA,NA,NA,NA,NA,NA,NA,NA
161.822,1.9550,8.3223,1.1665,15.7228,NA,NA,NA,NA,NA,NA,NA,NA,NA,NA,NA,NA
161.925,1.9520,8.1589,1.1660,15.6685,NA,NA,NA,NA,NA,NA,NA,NA,NA,NA,NA,NA
162.019,1.9501,8.0531,1.1658,15.6505,NA,NA,NA,NA,NA,NA,NA,NA,NA,NA,NA,NA
162.116,1.9483,7.9537,1.1648,15.5509,NA,NA,NA,NA,NA,NA,NA,NA,NA,NA,NA,NA
162.283,1.9483,7.9537,1.1643,15.5018,NA,NA,NA,NA,NA,NA,NA,NA,NA,NA,NA,NA
162.314,1.9449,7.7616,1.1631,15.3823,NA,NA,NA,NA,NA,NA,NA,NA,NA,NA,NA,NA
162.416,1.9401,7.4968,1.1598,15.0590,NA,NA,NA,NA,NA,NA,NA,NA,NA,NA,NA,NA
162.510,1.9294,6.9050,1.1581,14.8928,NA,NA,NA,NA,NA,NA,NA,NA,NA,NA,NA,NA
162.608,1.9257,6.6990,1.1558,14.6604,NA,NA,NA,NA,NA,NA,NA,NA,NA,NA,NA,NA
162.705,1.9217,6.4775,1.1539,14.4732,NA,NA,NA,NA,NA,NA,NA,NA,NA,NA,NA,NA
162.800,1.9209,6.4350,1.1534,14.4205,NA,NA,NA,NA,NA,NA,NA,NA,NA,NA,NA,NA
162.902,1.9209,6.4350,1.1524,14.3223,NA,NA,NA,NA,NA,NA,NA,NA,NA,NA,NA,NA
162.998,1.9214,6.4639,1.1520,14.2853,NA,NA,NA,NA,NA,NA,NA,NA,NA,NA,NA,NA
163.100,1.9222,6.5038,1.1508,14.1599,NA,NA,NA,NA,NA,NA,NA,NA,NA,NA,NA,NA
163.195,1.9396,7.4691,1.1543,14.5099,NA,NA,NA,NA,NA,NA,NA,NA,NA,NA,NA,NA
163.291,1.9546,8.2988,1.1589,14.9643,NA,NA,NA,NA,NA,NA,NA,NA,NA,NA,NA,NA
163.393,1.9755,9.4603,1.1678,15.8490,NA,NA,NA,NA,NA,NA,NA,NA,NA,NA,NA,NA
163.493,1.9849,9.9789,1.1711,16.1759,NA,NA,NA,NA,NA,NA,NA,NA,NA,NA,NA,NA
163.588,1.9951,10.5433,1.1741,16.4746,NA,NA,NA,NA,NA,NA,NA,NA,NA,NA,NA,NA
163.681,2.0055,11.1224,1.1755,16.6127,NA,NA,NA,NA,NA,NA,NA,NA,NA,NA,NA,NA
163.781,2.0055,11.1224,1.1761,16.6728,NA,NA,NA,NA,NA,NA,NA,NA,NA,NA,NA,NA
163.881,2.0047,11.0793,1.1762,16.6789,NA,NA,NA,NA,NA,NA,NA,NA,NA,NA,NA,NA
164.006,1.9979,10.7009,1.1768,16.7401,NA,NA,NA,NA,NA,NA,NA,NA,NA,NA,NA,NA
164.090,1.9946,10.5192,1.1768,16.7401,NA,NA,NA,NA,NA,NA,NA,NA,NA,NA,NA,NA
164.180,1.9941,10.4895,1.1758,16.6418,NA,NA,NA,NA,NA,NA,NA,NA,NA,NA,NA,NA
164.276,1.9870,10.0973,1.1750,16.5601,NA,NA,NA,NA,NA,NA,NA,NA,NA,NA,NA,NA
164.376,1.9853,10.0001,1.1740,16.4627,NA,NA,NA,NA,NA,NA,NA,NA,NA,NA,NA,NA
164.474,1.9723,9.2797,1.1731,16.3726,NA,NA,NA,NA,NA,NA,NA,NA,NA,NA,NA,NA
164.563,1.9680,9.0410,1.1705,16.1209,NA,NA,NA,NA,NA,NA,NA,NA,NA,NA,NA,NA
164.669,1.9516,8.1338,1.1689,15.9639,NA,NA,NA,NA,NA,NA,NA,NA,NA,NA,NA,NA
164.763,1.9458,7.8127,1.1661,15.6786,NA,NA,NA,NA,NA,NA,NA,NA,NA,NA,NA,NA
164.872,1.9381,7.3888,1.1638,15.4525,NA,NA,NA,NA,NA,NA,NA,NA,NA,NA,NA,NA
164.959,1.9360,7.2684,1.1611,15.1824,NA,NA,NA,NA,NA,NA,NA,NA,NA,NA,NA,NA
165.055,1.9337,7.1407,1.1591,14.9863,NA,NA,NA,NA,NA,NA,NA,NA,NA,NA,NA,NA
165.155,1.9295,6.9077,1.1579,14.8720,NA,NA,NA,NA,NA,NA,NA,NA,NA,NA,NA,NA
165.303,1.9275,6.7999,1.1554,14.6233,NA,NA,NA,NA,NA,NA,NA,NA,NA,NA,NA,NA
165.343,1.9230,6.5512,1.1529,14.3746,NA,NA,NA,NA,NA,NA,NA,NA,NA,NA,NA,NA
165.453,1.9208,6.4288,1.1514,14.2279,NA,NA,NA,NA,NA,NA,NA,NA,NA,NA,NA,NA
165.546,1.9136,6.0312,1.1502,14.1078,NA,NA,NA,NA,NA,NA,NA,NA,NA,NA,NA,NA
165.644,1.9096,5.8058,1.1494,14.0272,NA,NA,NA,NA,NA,NA,NA,NA,NA,NA,NA,NA
165.742,1.9103,5.8456,1.1489,13.9720,NA,NA,NA,NA,NA,NA,NA,NA,NA,NA,NA,NA
165.863,1.9105,5.8585,1.1484,13.9240,NA,NA,NA,NA,NA,NA,NA,NA,NA,NA,NA,NA
165.934,1.9105,5.8585,1.1471,13.7964,NA,NA,NA,NA,NA,NA,NA,NA,NA,NA,NA,NA
166.030,1.9034,5.4625,1.1457,13.6572,NA,NA,NA,NA,NA,NA,NA,NA,NA,NA,NA,NA
166.130,1.9018,5.3766,1.1435,13.4438,NA,NA,NA,NA,NA,NA,NA,NA,NA,NA,NA,NA
166.229,1.8989,5.2120,1.1416,13.2518,NA,NA,NA,NA,NA,NA,NA,NA,NA,NA,NA,NA
166.336,1.8934,4.9072,1.1407,13.1630,NA,NA,NA,NA,NA,NA,NA,NA,NA,NA,NA,NA
166.436,1.8931,4.8910,1.1378,12.8794,NA,NA,NA,NA,NA,NA,NA,NA,NA,NA,NA,NA
166.526,1.8914,4.8001,1.1362,12.7131,NA,NA,NA,NA,NA,NA,NA,NA,NA,NA,NA,NA
166.620,1.8914,4.8001,1.1351,12.6029,NA,NA,NA,NA,NA,NA,NA,NA,NA,NA,NA,NA
166.720,1.8894,4.6890,1.1343,12.5270,NA,NA,NA,NA,NA,NA,NA,NA,NA,NA,NA,NA
166.815,1.8894,4.6890,1.1336,12.4532,NA,NA,NA,NA,NA,NA,NA,NA,NA,NA,NA,NA
166.920,1.8868,4.5427,1.1331,12.4046,NA,NA,NA,NA,NA,NA,NA,NA,NA,NA,NA,NA
167.015,1.8839,4.3849,1.1328,12.3766,NA,NA,NA,NA,NA,NA,NA,NA,NA,NA,NA,NA
167.116,1.8805,4.1943,1.1315,12.2508,NA,NA,NA,NA,NA,NA,NA,NA,NA,NA,NA,NA
167.206,1.8826,4.3088,1.1311,12.2138,NA,NA,NA,NA,NA,NA,NA,NA,NA,NA,NA,NA
167.309,1.8826,4.3088,1.1301,12.1148,NA,NA,NA,NA,NA,NA,NA,NA,NA,NA,NA,NA
167.407,1.8865,4.5249,1.1295,12.0484,NA,NA,NA,NA,NA,NA,NA,NA,NA,NA,NA,NA
167.503,1.8901,4.7294,1.1312,12.2162,NA,NA,NA,NA,NA,NA,NA,NA,NA,NA,NA,NA
167.651,1.9216,6.4725,1.1366,12.7601,NA,NA,NA,NA,NA,NA,NA,NA,NA,NA,NA,NA
167.701,1.9305,6.9678,1.1423,13.3185,NA,NA,NA,NA,NA,NA,NA,NA,NA,NA,NA,NA
167.794,1.9449,7.7655,1.1497,14.0554,NA,NA,NA,NA,NA,NA,NA,NA,NA,NA,NA,NA
167.890,1.9654,8.9006,1.1543,14.5126,NA,NA,NA,NA,NA,NA,NA,NA,NA,NA,NA,NA
168.000,1.9735,9.3495,1.1629,15.3633,NA,NA,NA,NA,NA,NA,NA,NA,NA,NA,NA,NA
168.096,1.9875,10.1257,1.1688,15.9494,NA,NA,NA,NA,NA,NA,NA,NA,NA,NA,NA,NA
168.228,1.9970,10.6497,1.1719,16.2610,NA,NA,NA,NA,NA,NA,NA,NA,NA,NA,NA,NA
168.288,2.0173,11.7725,1.1779,16.8567,NA,NA,NA,NA,NA,NA,NA,NA,NA,NA,NA,NA
168.382,2.0262,12.2664,1.1811,17.1747,NA,NA,NA,NA,NA,NA,NA,NA,NA,NA,NA,NA
168.487,2.0366,12.8432,1.1852,17.5739,NA,NA,NA,NA,NA,NA,NA,NA,NA,NA,NA,NA
168.579,2.0414,13.1110,1.1923,18.2855,NA,NA,NA,NA,NA,NA,NA,NA,NA,NA,NA,NA
168.686,2.0555,13.8889,1.2002,19.0643,NA,NA,NA,NA,NA,NA,NA,NA,NA,NA,NA,NA
168.792,2.0724,14.8275,1.2041,19.4539,NA,NA,NA,NA,NA,NA,NA,NA,NA,NA,NA,NA
168.902,2.0774,15.1024,1.2092,19.9601,NA,NA,NA,NA,NA,NA,NA,NA,NA,NA,NA,NA
168.971,2.0865,15.6094,1.2130,20.3313,NA,NA,NA,NA,NA,NA,NA,NA,NA,NA,NA,NA
169.075,2.0901,15.8082,1.2165,20.6830,NA,NA,NA,NA,NA,NA,NA,NA,NA,NA,NA,NA
169.170,2.0909,15.8515,1.2196,20.9914,NA,NA,NA,NA,NA,NA,NA,NA,NA,NA,NA,NA
169.270,2.0942,16.0337,1.2220,21.2226,NA,NA,NA,NA,NA,NA,NA,NA,NA,NA,NA,NA
169.361,2.1000,16.3583,1.2233,21.3609,NA,NA,NA,NA,NA,NA,NA,NA,NA,NA,NA,NA
169.514,2.1028,16.5107,1.2251,21.5321,NA,NA,NA,NA,NA,NA,NA,NA,NA,NA,NA,NA
169.569,2.1050,16.6361,1.2273,21.7545,NA,NA,NA,NA,NA,NA,NA,NA,NA,NA,NA,NA
169.662,2.1064,16.7111,1.2276,21.7838,NA,NA,NA,NA,NA,NA,NA,NA,NA,NA,NA,NA
169.757,2.1064,16.7111,1.2276,21.7838,NA,NA,NA,NA,NA,NA,NA,NA,NA,NA,NA,NA
169.856,2.1072,16.7559,1.2273,21.7528,NA,NA,NA,NA,NA,NA,NA,NA,NA,NA,NA,NA
169.951,2.1072,16.7559,1.2264,21.6650,NA,NA,NA,NA,NA,NA,NA,NA,NA,NA,NA,NA
170.071,2.0981,16.2545,1.2236,21.3880,NA,NA,NA,NA,NA,NA,NA,NA,NA,NA,NA,NA
170.146,2.0876,15.6696,1.2210,21.1236,NA,NA,NA,NA,NA,NA,NA,NA,NA,NA,NA,NA
170.250,2.0801,15.2568,1.2156,20.5972,NA,NA,NA,NA,NA,NA,NA,NA,NA,NA,NA,NA
170.340,2.0570,13.9751,1.2117,20.2055,NA,NA,NA,NA,NA,NA,NA,NA,NA,NA,NA,NA
170.438,2.0555,13.8895,1.2088,19.9193,NA,NA,NA,NA,NA,NA,NA,NA,NA,NA,NA,NA
170.536,2.0455,13.3348,1.2046,19.5007,NA,NA,NA,NA,NA,NA,NA,NA,NA,NA,NA,NA
170.644,2.0439,13.2460,1.2023,19.2714,NA,NA,NA,NA,NA,NA,NA,NA,NA,NA,NA,NA
170.740,2.0365,12.8400,1.1996,19.0007,NA,NA,NA,NA,NA,NA,NA,NA,NA,NA,NA,NA
170.830,2.0268,12.3026,1.1967,18.7166,NA,NA,NA,NA,NA,NA,NA,NA,NA,NA,NA,NA
170.932,2.0237,12.1291,1.1950,18.5461,NA,NA,NA,NA,NA,NA,NA,NA,NA,NA,NA,NA
171.028,2.0225,12.0645,1.1930,18.3527,NA,NA,NA,NA,NA,NA,NA,NA,NA,NA,NA,NA
171.123,2.0145,11.6213,1.1897,18.0185,NA,NA,NA,NA,NA,NA,NA,NA,NA,NA,NA,NA
171.277,2.0127,11.5195,1.1880,17.8520,NA,NA,NA,NA,NA,NA,NA,NA,NA,NA,NA,NA
171.327,2.0052,11.1068,1.1861,17.6659,NA,NA,NA,NA,NA,NA,NA,NA,NA,NA,NA,NA
171.425,2.0019,10.9228,1.1844,17.5013,NA,NA,NA,NA,NA,NA,NA,NA,NA,NA,NA,NA
171.514,1.9966,10.6273,1.1811,17.1738,NA,NA,NA,NA,NA,NA,NA,NA,NA,NA,NA,NA
171.613,1.9947,10.5228,1.1799,17.0518,NA,NA,NA,NA,NA,NA,NA,NA,NA,NA,NA,NA
171.711,1.9916,10.3520,1.1782,16.8842,NA,NA,NA,NA,NA,NA,NA,NA,NA,NA,NA,NA
171.812,1.9904,10.2839,1.1769,16.7571,NA,NA,NA,NA,NA,NA,NA,NA,NA,NA,NA,NA
171.913,1.9904,10.2839,1.1762,16.6811,NA,NA,NA,NA,NA,NA,NA,NA,NA,NA,NA,NA
172.019,1.9857,10.0252,1.1751,16.5722,NA,NA,NA,NA,NA,NA,NA,NA,NA,NA,NA,NA
172.109,1.9816,9.7957,1.1749,16.5520,NA,NA,NA,NA,NA,NA,NA,NA,NA,NA,NA,NA
172.202,1.9782,9.6098,1.1740,16.4614,NA,NA,NA,NA,NA,NA,NA,NA,NA,NA,NA,NA
172.300,1.9761,9.4917,1.1723,16.2956,NA,NA,NA,NA,NA,NA,NA,NA,NA,NA,NA,NA
172.450,1.9744,9.3960,1.1699,16.0625,NA,NA,NA,NA,NA,NA,NA,NA,NA,NA,NA,NA
172.499,1.9721,9.2679,1.1686,15.9282,NA,NA,NA,NA,NA,NA,NA,NA,NA,NA,NA,NA
172.594,1.9707,9.1948,1.1673,15.8009,NA,NA,NA,NA,NA,NA,NA,NA,NA,NA,NA,NA
172.694,1.9623,8.7282,1.1665,15.7171,NA,NA,NA,NA,NA,NA,NA,NA,NA,NA,NA,NA
172.796,1.9581,8.4959,1.1654,15.6097,NA,NA,NA,NA,NA,NA,NA,NA,NA,NA,NA,NA
172.886,1.9559,8.3705,1.1615,15.2275,NA,NA,NA,NA,NA,NA,NA,NA,NA,NA,NA,NA
173.016,1.9527,8.1944,1.1599,15.0703,NA,NA,NA,NA,NA,NA,NA,NA,NA,NA,NA,NA
173.086,1.9514,8.1243,1.1591,14.9922,NA,NA,NA,NA,NA,NA,NA,NA,NA,NA,NA,NA
173.182,1.9500,8.0440,1.1575,14.8261,NA,NA,NA,NA,NA,NA,NA,NA,NA,NA,NA,NA
173.300,1.9500,8.0440,1.1573,14.8125,NA,NA,NA,NA,NA,NA,NA,NA,NA,NA,NA,NA
173.376,1.9710,9.2109,1.1593,15.0093,NA,NA,NA,NA,NA,NA,NA,NA,NA,NA,NA,NA
173.474,1.9857,10.0259,1.1634,15.4125,NA,NA,NA,NA,NA,NA,NA,NA,NA,NA,NA,NA
173.569,1.9932,10.4408,1.1707,16.1343,NA,NA,NA,NA,NA,NA,NA,NA,NA,NA,NA,NA
173.677,2.0108,11.4146,1.1796,17.0204,NA,NA,NA,NA,NA,NA,NA,NA,NA,NA,NA,NA
173.772,2.0231,12.0952,1.1854,17.5990,NA,NA,NA,NA,NA,NA,NA,NA,NA,NA,NA,NA
173.864,2.0451,13.3149,1.1914,18.1960,NA,NA,NA,NA,NA,NA,NA,NA,NA,NA,NA,NA
173.961,2.0539,13.8007,1.1982,18.8682,NA,NA,NA,NA,NA,NA,NA,NA,NA,NA,NA,NA
174.063,2.0743,14.9306,1.2058,19.6233,NA,NA,NA,NA,NA,NA,NA,NA,NA,NA,NA,NA
174.250,2.0763,15.0463,1.2096,20.0021,NA,NA,NA,NA,NA,NA,NA,NA,NA,NA,NA,NA
174.253,2.0969,16.1838,1.2179,20.8175,NA,NA,NA,NA,NA,NA,NA,NA,NA,NA,NA,NA
174.409,2.1040,16.5807,1.2226,21.2837,NA,NA,NA,NA,NA,NA,NA,NA,NA,NA,NA,NA
174.497,2.1128,17.0664,1.2284,21.8579,NA,NA,NA,NA,NA,NA,NA,NA,NA,NA,NA,NA
174.589,2.1286,17.9402,1.2352,22.5383,NA,NA,NA,NA,NA,NA,NA,NA,NA,NA,NA,NA
174.666,2.1343,18.2562,1.2399,23.0040,NA,NA,NA,NA,NA,NA,NA,NA,NA,NA,NA,NA
174.757,2.1427,18.7221,1.2432,23.3277,NA,NA,NA,NA,NA,NA,NA,NA,NA,NA,NA,NA
174.921,2.1457,18.8870,1.2461,23.6219,NA,NA,NA,NA,NA,NA,NA,NA,NA,NA,NA,NA
174.950,2.1625,19.8196,1.2515,24.1492,NA,NA,NA,NA,NA,NA,NA,NA,NA,NA,NA,NA
175.098,2.1646,19.9381,1.2544,24.4415,NA,NA,NA,NA,NA,NA,NA,NA,NA,NA,NA,NA
175.139,2.1712,20.3019,1.2583,24.8300,NA,NA,NA,NA,NA,NA,NA,NA,NA,NA,NA,NA
175.242,2.1755,20.5417,1.2602,25.0133,NA,NA,NA,NA,NA,NA,NA,NA,NA,NA,NA,NA
175.334,2.1769,20.6165,1.2615,25.1505,NA,NA,NA,NA,NA,NA,NA,NA,NA,NA,NA,NA
175.471,2.1782,20.6914,1.2627,25.2614,NA,NA,NA,NA,NA,NA,NA,NA,NA,NA,NA,NA
175.537,2.1782,20.6914,1.2637,25.3632,NA,NA,NA,NA,NA,NA,NA,NA,NA,NA,NA,NA
175.630,2.1784,20.6998,1.2641,25.4049,NA,NA,NA,NA,NA,NA,NA,NA,NA,NA,NA,NA
175.726,2.1784,20.6998,1.2645,25.4466,NA,NA,NA,NA,NA,NA,NA,NA,NA,NA,NA,NA
175.828,2.1727,20.3843,1.2646,25.4518,NA,NA,NA,NA,NA,NA,NA,NA,NA,NA,NA,NA
175.925,2.1608,19.7264,1.2646,25.4518,NA,NA,NA,NA,NA,NA,NA,NA,NA,NA,NA,NA
176.033,2.1575,19.5457,1.2635,25.3428,NA,NA,NA,NA,NA,NA,NA,NA,NA,NA,NA,NA
176.122,2.1551,19.4121,1.2616,25.1585,NA,NA,NA,NA,NA,NA,NA,NA,NA,NA,NA,NA
176.216,2.1531,19.3020,1.2605,25.0487,NA,NA,NA,NA,NA,NA,NA,NA,NA,NA,NA,NA
176.316,2.1496,19.1028,1.2598,24.9781,NA,NA,NA,NA,NA,NA,NA,NA,NA,NA,NA,NA
176.412,2.1482,19.0300,1.2585,24.8477,NA,NA,NA,NA,NA,NA,NA,NA,NA,NA,NA,NA
176.510,2.1389,18.5099,1.2551,24.5141,NA,NA,NA,NA,NA,NA,NA,NA,NA,NA,NA,NA
176.649,2.1326,18.1641,1.2541,24.4150,NA,NA,NA,NA,NA,NA,NA,NA,NA,NA,NA,NA
176.704,2.1213,17.5350,1.2539,24.3963,NA,NA,NA,NA,NA,NA,NA,NA,NA,NA,NA,NA
176.804,2.1150,17.1867,1.2523,24.2284,NA,NA,NA,NA,NA,NA,NA,NA,NA,NA,NA,NA
176.908,2.1149,17.1811,1.2516,24.1687,NA,NA,NA,NA,NA,NA,NA,NA,NA,NA,NA,NA
176.995,2.1077,16.7843,1.2494,23.9476,NA,NA,NA,NA,NA,NA,NA,NA,NA,NA,NA,NA
177.109,2.1031,16.5301,1.2480,23.8069,NA,NA,NA,NA,NA,NA,NA,NA,NA,NA,NA,NA
177.215,2.1015,16.4403,1.2469,23.6945,NA,NA,NA,NA,NA,NA,NA,NA,NA,NA,NA,NA
177.298,2.1010,16.4128,1.2452,23.5279,NA,NA,NA,NA,NA,NA,NA,NA,NA,NA,NA,NA
177.390,2.0900,15.8058,1.2441,23.4214,NA,NA,NA,NA,NA,NA,NA,NA,NA,NA,NA,NA
177.497,2.0900,15.8058,1.2431,23.3159,NA,NA,NA,NA,NA,NA,NA,NA,NA,NA,NA,NA
177.586,2.0846,15.5049,1.2420,23.2145,NA,NA,NA,NA,NA,NA,NA,NA,NA,NA,NA,NA
177.681,2.0800,15.2465,1.2387,22.8861,NA,NA,NA,NA,NA,NA,NA,NA,NA,NA,NA,NA
177.814,2.0709,14.7448,1.2385,22.8622,NA,NA,NA,NA,NA,NA,NA,NA,NA,NA,NA,NA
177.882,2.0644,14.3869,1.2365,22.6662,NA,NA,NA,NA,NA,NA,NA,NA,NA,NA,NA,NA
177.976,2.0643,14.3795,1.2350,22.5218,NA,NA,NA,NA,NA,NA,NA,NA,NA,NA,NA,NA
178.071,2.0700,14.6970,1.2342,22.4348,NA,NA,NA,NA,NA,NA,NA,NA,NA,NA,NA,NA
178.186,2.0700,14.6970,1.2325,22.2679,NA,NA,NA,NA,NA,NA,NA,NA,NA,NA,NA,NA
178.274,2.0656,14.4513,1.2313,22.1482,NA,NA,NA,NA,NA,NA,NA,NA,NA,NA,NA,NA
178.368,2.0606,14.1721,1.2281,21.8343,NA,NA,NA,NA,NA,NA,NA,NA,NA,NA,NA,NA
178.486,2.0487,13.5143,1.2267,21.6919,NA,NA,NA,NA,NA,NA,NA,NA,NA,NA,NA,NA
178.561,2.0442,13.2671,1.2222,21.2509,NA,NA,NA,NA,NA,NA,NA,NA,NA,NA,NA,NA
178.661,2.0362,12.8195,1.2205,21.0750,NA,NA,NA,NA,NA,NA,NA,NA,NA,NA,NA,NA
178.760,2.0321,12.5949,1.2193,20.9587,NA,NA,NA,NA,NA,NA,NA,NA,NA,NA,NA,NA
178.860,2.0248,12.1894,1.2168,20.7144,NA,NA,NA,NA,NA,NA,NA,NA,NA,NA,NA,NA
178.950,2.0247,12.1835,1.2152,20.5488,NA,NA,NA,NA,NA,NA,NA,NA,NA,NA,NA,NA
179.084,2.0234,12.1154,1.2130,20.3334,NA,NA,NA,NA,NA,NA,NA,NA,NA,NA,NA,NA
179.156,2.0215,12.0090,1.2117,20.2048,NA,NA,NA,NA,NA,NA,NA,NA,NA,NA,NA,NA
179.249,2.0215,12.0090,1.2103,20.0631,NA,NA,NA,NA,NA,NA,NA,NA,NA,NA,NA,NA
179.348,2.0162,11.7136,1.2094,19.9800,NA,NA,NA,NA,NA,NA,NA,NA,NA,NA,NA,NA
179.444,2.0132,11.5489,1.2058,19.6162,NA,NA,NA,NA,NA,NA,NA,NA,NA,NA,NA,NA
179.547,2.0037,11.0218,1.2041,19.4488,NA,NA,NA,NA,NA,NA,NA,NA,NA,NA,NA,NA
179.710,2.0022,10.9406,1.2032,19.3593,NA,NA,NA,NA,NA,NA,NA,NA,NA,NA,NA,NA
179.738,2.0022,10.9406,1.2018,19.2269,NA,NA,NA,NA,NA,NA,NA,NA,NA,NA,NA,NA
179.845,1.9974,10.6743,1.1996,19.0053,NA,NA,NA,NA,NA,NA,NA,NA,NA,NA,NA,NA
179.935,1.9974,10.6743,1.1975,18.7936,NA,NA,NA,NA,NA,NA,NA,NA,NA,NA,NA,NA
180.042,1.9958,10.5850,1.1963,18.6821,NA,NA,NA,NA,NA,NA,NA,NA,NA,NA,NA,NA
180.131,1.9958,10.5850,1.1951,18.5543,NA,NA,NA,NA,NA,NA,NA,NA,NA,NA,NA,NA
180.254,1.9894,10.2316,1.1934,18.3921,NA,NA,NA,NA,NA,NA,NA,NA,NA,NA,NA,NA
180.329,1.9879,10.1448,1.1925,18.3006,NA,NA,NA,NA,NA,NA,NA,NA,NA,NA,NA,NA
180.426,1.9879,10.1448,1.1917,18.2183,NA,NA,NA,NA,NA,NA,NA,NA,NA,NA,NA,NA
180.538,1.9815,9.7933,1.1911,18.1659,NA,NA,NA,NA,NA,NA,NA,NA,NA,NA,NA,NA
180.627,1.9815,9.7933,1.1902,18.0751,NA,NA,NA,NA,NA,NA,NA,NA,NA,NA,NA,NA
180.724,1.9819,9.8155,1.1895,18.0047,NA,NA,NA,NA,NA,NA,NA,NA,NA,NA,NA,NA
180.814,1.9819,9.8155,1.1883,17.8805,NA,NA,NA,NA,NA,NA,NA,NA,NA,NA,NA,NA
180.915,1.9738,9.3670,1.1865,17.7016,NA,NA,NA,NA,NA,NA,NA,NA,NA,NA,NA,NA
181.015,1.9717,9.2500,1.1853,17.5890,NA,NA,NA,NA,NA,NA,NA,NA,NA,NA,NA,NA
181.109,1.9711,9.2127,1.1826,17.3165,NA,NA,NA,NA,NA,NA,NA,NA,NA,NA,NA,NA
181.205,1.9700,9.1542,1.1813,17.1853,NA,NA,NA,NA,NA,NA,NA,NA,NA,NA,NA,NA
181.309,1.9688,9.0872,1.1803,17.0867,NA,NA,NA,NA,NA,NA,NA,NA,NA,NA,NA,NA
181.406,1.9680,9.0433,1.1796,17.0170,NA,NA,NA,NA,NA,NA,NA,NA,NA,NA,NA,NA
181.501,1.9677,9.0260,1.1793,16.9918,NA,NA,NA,NA,NA,NA,NA,NA,NA,NA,NA,NA
181.610,1.9652,8.8893,1.1783,16.8930,NA,NA,NA,NA,NA,NA,NA,NA,NA,NA,NA,NA
181.699,1.9654,8.9017,1.1777,16.8329,NA,NA,NA,NA,NA,NA,NA,NA,NA,NA,NA,NA
181.796,1.9654,8.9017,1.1765,16.7091,NA,NA,NA,NA,NA,NA,NA,NA,NA,NA,NA,NA
181.890,1.9652,8.8882,1.1762,16.6880,NA,NA,NA,NA,NA,NA,NA,NA,NA,NA,NA,NA
181.992,1.9650,8.8789,1.1756,16.6236,NA,NA,NA,NA,NA,NA,NA,NA,NA,NA,NA,NA
182.092,1.9648,8.8638,1.1749,16.5512,NA,NA,NA,NA,NA,NA,NA,NA,NA,NA,NA,NA
182.188,1.9648,8.8638,1.1740,16.4662,NA,NA,NA,NA,NA,NA,NA,NA,NA,NA,NA,NA
182.287,1.9641,8.8259,1.1718,16.2502,NA,NA,NA,NA,NA,NA,NA,NA,NA,NA,NA,NA
182.381,1.9641,8.8259,1.1706,16.1280,NA,NA,NA,NA,NA,NA,NA,NA,NA,NA,NA,NA
182.481,1.9517,8.1386,1.1705,16.1151,NA,NA,NA,NA,NA,NA,NA,NA,NA,NA,NA,NA
182.583,1.9506,8.0802,1.1705,16.1144,NA,NA,NA,NA,NA,NA,NA,NA,NA,NA,NA,NA
182.688,1.9521,8.1644,1.1682,15.8866,NA,NA,NA,NA,NA,NA,NA,NA,NA,NA,NA,NA
182.774,1.9521,8.1644,1.1657,15.6467,NA,NA,NA,NA,NA,NA,NA,NA,NA,NA,NA,NA
182.878,1.9487,7.9747,1.1652,15.5893,NA,NA,NA,NA,NA,NA,NA,NA,NA,NA,NA,NA
182.966,1.9487,7.9747,1.1648,15.5546,NA,NA,NA,NA,NA,NA,NA,NA,NA,NA,NA,NA
183.065,1.9383,7.3969,1.1640,15.4778,NA,NA,NA,NA,NA,NA,NA,NA,NA,NA,NA,NA
183.163,1.9388,7.4256,1.1639,15.4590,NA,NA,NA,NA,NA,NA,NA,NA,NA,NA,NA,NA
183.270,1.9388,7.4256,1.1626,15.3313,NA,NA,NA,NA,NA,NA,NA,NA,NA,NA,NA,NA
183.359,1.9376,7.3605,1.1621,15.2835,NA,NA,NA,NA,NA,NA,NA,NA,NA,NA,NA,NA
183.468,1.9376,7.3605,1.1607,15.1457,NA,NA,NA,NA,NA,NA,NA,NA,NA,NA,NA,NA
183.560,1.9324,7.0689,1.1595,15.0242,NA,NA,NA,NA,NA,NA,NA,NA,NA,NA,NA,NA
183.658,1.9319,7.0435,1.1589,14.9698,NA,NA,NA,NA,NA,NA,NA,NA,NA,NA,NA,NA
183.754,1.9246,6.6380,1.1566,14.7378,NA,NA,NA,NA,NA,NA,NA,NA,NA,NA,NA,NA
183.895,1.9222,6.5044,1.1557,14.6524,NA,NA,NA,NA,NA,NA,NA,NA,NA,NA,NA,NA
183.948,1.9210,6.4415,1.1544,14.5208,NA,NA,NA,NA,NA,NA,NA,NA,NA,NA,NA,NA
184.045,1.9215,6.4659,1.1541,14.4873,NA,NA,NA,NA,NA,NA,NA,NA,NA,NA,NA,NA
184.147,1.9215,6.4659,1.1536,14.4454,NA,NA,NA,NA,NA,NA,NA,NA,NA,NA,NA,NA
184.244,1.9366,7.3027,1.1530,14.3857,NA,NA,NA,NA,NA,NA,NA,NA,NA,NA,NA,NA
184.348,1.9492,7.9992,1.1587,14.9462,NA,NA,NA,NA,NA,NA,NA,NA,NA,NA,NA,NA
184.502,1.9632,8.7793,1.1651,15.5838,NA,NA,NA,NA,NA,NA,NA,NA,NA,NA,NA,NA
184.542,1.9799,9.7032,1.1727,16.3370,NA,NA,NA,NA,NA,NA,NA,NA,NA,NA,NA,NA
184.632,2.0105,11.3969,1.1828,17.3425,NA,NA,NA,NA,NA,NA,NA,NA,NA,NA,NA,NA
184.738,2.0304,12.5025,1.1889,17.9442,NA,NA,NA,NA,NA,NA,NA,NA,NA,NA,NA,NA
184.827,2.0384,12.9415,1.1981,18.8577,NA,NA,NA,NA,NA,NA,NA,NA,NA,NA,NA,NA
184.925,2.0660,14.4753,1.2050,19.5438,NA,NA,NA,NA,NA,NA,NA,NA,NA,NA,NA,NA
185.037,2.0759,15.0241,1.2114,20.1713,NA,NA,NA,NA,NA,NA,NA,NA,NA,NA,NA,NA
185.126,2.0905,15.8297,1.2170,20.7358,NA,NA,NA,NA,NA,NA,NA,NA,NA,NA,NA,NA
185.233,2.0969,16.1876,1.2239,21.4181,NA,NA,NA,NA,NA,NA,NA,NA,NA,NA,NA,NA
185.319,2.1073,16.7607,1.2281,21.8333,NA,NA,NA,NA,NA,NA,NA,NA,NA,NA,NA,NA
185.417,2.1177,17.3361,1.2319,22.2092,NA,NA,NA,NA,NA,NA,NA,NA,NA,NA,NA,NA
185.526,2.1227,17.6158,1.2388,22.8897,NA,NA,NA,NA,NA,NA,NA,NA,NA,NA,NA,NA
185.656,2.1361,18.3573,1.2423,23.2411,NA,NA,NA,NA,NA,NA,NA,NA,NA,NA,NA,NA
185.710,2.1418,18.6740,1.2477,23.7751,NA,NA,NA,NA,NA,NA,NA,NA,NA,NA,NA,NA
185.813,2.1534,19.3166,1.2509,24.0919,NA,NA,NA,NA,NA,NA,NA,NA,NA,NA,NA,NA
185.908,2.1580,19.5710,1.2549,24.4884,NA,NA,NA,NA,NA,NA,NA,NA,NA,NA,NA,NA
186.015,2.1620,19.7941,1.2589,24.8884,NA,NA,NA,NA,NA,NA,NA,NA,NA,NA,NA,NA
186.104,2.1620,19.7941,1.2616,25.1537,NA,NA,NA,NA,NA,NA,NA,NA,NA,NA,NA,NA
186.240,2.1688,20.1716,1.2654,25.5337,NA,NA,NA,NA,NA,NA,NA,NA,NA,NA,NA,NA
186.298,2.1826,20.9318,1.2676,25.7469,NA,NA,NA,NA,NA,NA,NA,NA,NA,NA,NA,NA
186.401,2.1841,21.0196,1.2691,25.8991,NA,NA,NA,NA,NA,NA,NA,NA,NA,NA,NA,NA
186.498,2.2013,21.9719,1.2691,25.8991,NA,NA,NA,NA,NA,NA,NA,NA,NA,NA,NA,NA
186.591,2.2034,22.0881,1.2700,25.9902,NA,NA,NA,NA,NA,NA,NA,NA,NA,NA,NA,NA
186.693,2.2058,22.2220,1.2711,26.0955,NA,NA,NA,NA,NA,NA,NA,NA,NA,NA,NA,NA
186.788,2.2058,22.2220,1.2720,26.1915,NA,NA,NA,NA,NA,NA,NA,NA,NA,NA,NA,NA
186.890,2.2060,22.2304,1.2728,26.2674,NA,NA,NA,NA,NA,NA,NA,NA,NA,NA,NA,NA
186.988,2.2080,22.3421,1.2733,26.3185,NA,NA,NA,NA,NA,NA,NA,NA,NA,NA,NA,NA
187.090,2.2080,22.3421,1.2738,26.3646,NA,NA,NA,NA,NA,NA,NA,NA,NA,NA,NA,NA
187.181,2.2087,22.3814,1.2738,26.3646,NA,NA,NA,NA,NA,NA,NA,NA,NA,NA,NA,NA
187.282,2.2087,22.3814,1.2732,26.3112,NA,NA,NA,NA,NA,NA,NA,NA,NA,NA,NA,NA
187.438,2.2010,21.9550,1.2716,26.1494,NA,NA,NA,NA,NA,NA,NA,NA,NA,NA,NA,NA
187.471,2.2010,21.9550,1.2701,26.0008,NA,NA,NA,NA,NA,NA,NA,NA,NA,NA,NA,NA
187.577,2.1900,21.3413,1.2684,25.8333,NA,NA,NA,NA,NA,NA,NA,NA,NA,NA,NA,NA
187.672,2.1851,21.0722,1.2659,25.5845,NA,NA,NA,NA,NA,NA,NA,NA,NA,NA,NA,NA
187.765,2.1732,20.4124,1.2644,25.4315,NA,NA,NA,NA,NA,NA,NA,NA,NA,NA,NA,NA
187.862,2.1678,20.1123,1.2595,24.9502,NA,NA,NA,NA,NA,NA,NA,NA,NA,NA,NA,NA
187.968,2.1571,19.5236,1.2569,24.6859,NA,NA,NA,NA,NA,NA,NA,NA,NA,NA,NA,NA
188.069,2.1436,18.7743,1.2537,24.3693,NA,NA,NA,NA,NA,NA,NA,NA,NA,NA,NA,NA
188.159,2.1345,18.2687,1.2506,24.0653,NA,NA,NA,NA,NA,NA,NA,NA,NA,NA,NA,NA
188.256,2.1192,17.4227,1.2469,23.6997,NA,NA,NA,NA,NA,NA,NA,NA,NA,NA,NA,NA
188.354,2.1152,17.1978,1.2426,23.2711,NA,NA,NA,NA,NA,NA,NA,NA,NA,NA,NA,NA
188.455,2.1114,16.9891,1.2405,23.0654,NA,NA,NA,NA,NA,NA,NA,NA,NA,NA,NA,NA
188.551,2.1112,16.9753,1.2383,22.8443,NA,NA,NA,NA,NA,NA,NA,NA,NA,NA,NA,NA
188.660,2.1051,16.6410,1.2364,22.6535,NA,NA,NA,NA,NA,NA,NA,NA,NA,NA,NA,NA
188.748,2.1051,16.6410,1.2349,22.5110,NA,NA,NA,NA,NA,NA,NA,NA,NA,NA,NA,NA
188.846,2.0943,16.0438,1.2322,22.2382,NA,NA,NA,NA,NA,NA,NA,NA,NA,NA,NA,NA
188.941,2.0897,15.7845,1.2296,21.9773,NA,NA,NA,NA,NA,NA,NA,NA,NA,NA,NA,NA
189.045,2.0852,15.5378,1.2271,21.7338,NA,NA,NA,NA,NA,NA,NA,NA,NA,NA,NA,NA
189.138,2.0824,15.3793,1.2258,21.6028,NA,NA,NA,NA,NA,NA,NA,NA,NA,NA,NA,NA
189.235,2.0824,15.3793,1.2237,21.3932,NA,NA,NA,NA,NA,NA,NA,NA,NA,NA,NA,NA
189.332,2.0762,15.0393,1.2222,21.2459,NA,NA,NA,NA,NA,NA,NA,NA,NA,NA,NA,NA
189.428,2.0761,15.0339,1.2213,21.1617,NA,NA,NA,NA,NA,NA,NA,NA,NA,NA,NA,NA
189.526,2.0716,14.7819,1.2192,20.9518,NA,NA,NA,NA,NA,NA,NA,NA,NA,NA,NA,NA
189.629,2.0672,14.5374,1.2180,20.8311,NA,NA,NA,NA,NA,NA,NA,NA,NA,NA,NA,NA
189.724,2.0648,14.4092,1.2172,20.7479,NA,NA,NA,NA,NA,NA,NA,NA,NA,NA,NA,NA
189.823,2.0656,14.4506,1.2163,20.6600,NA,NA,NA,NA,NA,NA,NA,NA,NA,NA,NA,NA
189.938,2.0656,14.4506,1.2147,20.5064,NA,NA,NA,NA,NA,NA,NA,NA,NA,NA,NA,NA
190.032,2.0634,14.3310,1.2147,20.5046,NA,NA,NA,NA,NA,NA,NA,NA,NA,NA,NA,NA
190.113,2.0634,14.3310,1.2127,20.3022,NA,NA,NA,NA,NA,NA,NA,NA,NA,NA,NA,NA
190.214,2.0628,14.2944,1.2109,20.1301,NA,NA,NA,NA,NA,NA,NA,NA,NA,NA,NA,NA
190.311,2.0628,14.2944,1.2107,20.1055,NA,NA,NA,NA,NA,NA,NA,NA,NA,NA,NA,NA
190.437,2.0570,13.9772,1.2107,20.1055,NA,NA,NA,NA,NA,NA,NA,NA,NA,NA,NA,NA
190.508,2.0544,13.8319,1.2086,19.8970,NA,NA,NA,NA,NA,NA,NA,NA,NA,NA,NA,NA
190.606,2.0523,13.7147,1.2064,19.6833,NA,NA,NA,NA,NA,NA,NA,NA,NA,NA,NA,NA
190.707,2.0515,13.6676,1.2063,19.6662,NA,NA,NA,NA,NA,NA,NA,NA,NA,NA,NA,NA
190.799,2.0508,13.6335,1.2051,19.5506,NA,NA,NA,NA,NA,NA,NA,NA,NA,NA,NA,NA
190.897,2.0522,13.7109,1.2041,19.4522,NA,NA,NA,NA,NA,NA,NA,NA,NA,NA,NA,NA
191.000,2.0522,13.7109,1.2033,19.3709,NA,NA,NA,NA,NA,NA,NA,NA,NA,NA,NA,NA
191.100,2.0430,13.2003,1.2025,19.2890,NA,NA,NA,NA,NA,NA,NA,NA,NA,NA,NA,NA
191.211,2.0430,13.2003,1.2025,19.2890,NA,NA,NA,NA,NA,NA,NA,NA,NA,NA,NA,NA
191.297,2.0427,13.1830,1.2021,19.2553,NA,NA,NA,NA,NA,NA,NA,NA,NA,NA,NA,NA
191.398,2.0388,12.9653,1.2003,19.0734,NA,NA,NA,NA,NA,NA,NA,NA,NA,NA,NA,NA
191.488,2.0370,12.8663,1.1999,19.0303,NA,NA,NA,NA,NA,NA,NA,NA,NA,NA,NA,NA
191.607,2.0359,12.8060,1.1997,19.0138,NA,NA,NA,NA,NA,NA,NA,NA,NA,NA,NA,NA
191.680,2.0359,12.8060,1.1977,18.8202,NA,NA,NA,NA,NA,NA,NA,NA,NA,NA,NA,NA
191.779,2.0297,12.4630,1.1976,18.8062,NA,NA,NA,NA,NA,NA,NA,NA,NA,NA,NA,NA
191.881,2.0255,12.2306,1.1958,18.6281,NA,NA,NA,NA,NA,NA,NA,NA,NA,NA,NA,NA
191.975,2.0220,12.0357,1.1924,18.2953,NA,NA,NA,NA,NA,NA,NA,NA,NA,NA,NA,NA
192.081,2.0167,11.7443,1.1906,18.1111,NA,NA,NA,NA,NA,NA,NA,NA,NA,NA,NA,NA
192.182,2.0144,11.6165,1.1897,18.0220,NA,NA,NA,NA,NA,NA,NA,NA,NA,NA,NA,NA
192.275,2.0086,11.2901,1.1879,17.8457,NA,NA,NA,NA,NA,NA,NA,NA,NA,NA,NA,NA
192.365,2.0085,11.2897,1.1872,17.7758,NA,NA,NA,NA,NA,NA,NA,NA,NA,NA,NA,NA
192.492,2.0246,12.1787,1.1893,17.9843,NA,NA,NA,NA,NA,NA,NA,NA,NA,NA,NA,NA
192.564,2.0400,13.0326,1.1938,18.4326,NA,NA,NA,NA,NA,NA,NA,NA,NA,NA,NA,NA
192.659,2.0533,13.7696,1.1988,18.9302,NA,NA,NA,NA,NA,NA,NA,NA,NA,NA,NA,NA
192.764,2.0687,14.6227,1.2063,19.6716,NA,NA,NA,NA,NA,NA,NA,NA,NA,NA,NA,NA
192.858,2.0792,15.2071,1.2101,20.0501,NA,NA,NA,NA,NA,NA,NA,NA,NA,NA,NA,NA
192.953,2.0907,15.8408,1.2114,20.1785,NA,NA,NA,NA,NA,NA,NA,NA,NA,NA,NA,NA
193.060,2.0907,15.8408,1.2128,20.3159,NA,NA,NA,NA,NA,NA,NA,NA,NA,NA,NA,NA
193.155,2.0908,15.8482,1.2128,20.3159,NA,NA,NA,NA,NA,NA,NA,NA,NA,NA,NA,NA
193.249,2.0908,15.8482,1.2128,20.3155,NA,NA,NA,NA,NA,NA,NA,NA,NA,NA,NA,NA
193.404,2.0868,15.6278,1.2129,20.3227,NA,NA,NA,NA,NA,NA,NA,NA,NA,NA,NA,NA
193.454,2.0842,15.4818,1.2129,20.3227,NA,NA,NA,NA,NA,NA,NA,NA,NA,NA,NA,NA
193.549,2.0824,15.3843,1.2109,20.1249,NA,NA,NA,NA,NA,NA,NA,NA,NA,NA,NA,NA
193.639,2.0824,15.3843,1.2099,20.0231,NA,NA,NA,NA,NA,NA,NA,NA,NA,NA,NA,NA
193.737,2.0820,15.3611,1.2094,19.9786,NA,NA,NA,NA,NA,NA,NA,NA,NA,NA,NA,NA
193.843,2.0713,14.7660,1.2063,19.6671,NA,NA,NA,NA,NA,NA,NA,NA,NA,NA,NA,NA
193.934,2.0626,14.2823,1.2044,19.4840,NA,NA,NA,NA,NA,NA,NA,NA,NA,NA,NA,NA
194.054,2.0453,13.3246,1.2022,19.2592,NA,NA,NA,NA,NA,NA,NA,NA,NA,NA,NA,NA
194.128,2.0447,13.2937,1.2007,19.1094,NA,NA,NA,NA,NA,NA,NA,NA,NA,NA,NA,NA
194.224,2.0361,12.8182,1.1988,18.9230,NA,NA,NA,NA,NA,NA,NA,NA,NA,NA,NA,NA
194.321,2.0344,12.7223,1.1958,18.6326,NA,NA,NA,NA,NA,NA,NA,NA,NA,NA,NA,NA
194.428,2.0272,12.3258,1.1941,18.4566,NA,NA,NA,NA,NA,NA,NA,NA,NA,NA,NA,NA
194.518,2.0250,12.2040,1.1916,18.2165,NA,NA,NA,NA,NA,NA,NA,NA,NA,NA,NA,NA
194.668,2.0166,11.7341,1.1903,18.0838,NA,NA,NA,NA,NA,NA,NA,NA,NA,NA,NA,NA
194.724,2.0154,11.6699,1.1892,17.9734,NA,NA,NA,NA,NA,NA,NA,NA,NA,NA,NA,NA
194.819,2.0116,11.4572,1.1883,17.8805,NA,NA,NA,NA,NA,NA,NA,NA,NA,NA,NA,NA
194.910,2.0084,11.2804,1.1871,17.7673,NA,NA,NA,NA,NA,NA,NA,NA,NA,NA,NA,NA
195.018,2.0084,11.2804,1.1859,17.6427,NA,NA,NA,NA,NA,NA,NA,NA,NA,NA,NA,NA
195.112,2.0067,11.1902,1.1850,17.5574,NA,NA,NA,NA,NA,NA,NA,NA,NA,NA,NA,NA
195.267,2.0067,11.1902,1.1834,17.3997,NA,NA,NA,NA,NA,NA,NA,NA,NA,NA,NA,NA
195.308,2.0002,10.8264,1.1822,17.2788,NA,NA,NA,NA,NA,NA,NA,NA,NA,NA,NA,NA
195.406,2.0002,10.8264,1.1814,17.2001,NA,NA,NA,NA,NA,NA,NA,NA,NA,NA,NA,NA
195.498,1.9966,10.6289,1.1791,16.9699,NA,NA,NA,NA,NA,NA,NA,NA,NA,NA,NA,NA
195.600,1.9906,10.2964,1.1787,16.9299,NA,NA,NA,NA,NA,NA,NA,NA,NA,NA,NA,NA
195.695,1.9872,10.1077,1.1779,16.8562,NA,NA,NA,NA,NA,NA,NA,NA,NA,NA,NA,NA
195.796,1.9885,10.1767,1.1767,16.7344,NA,NA,NA,NA,NA,NA,NA,NA,NA,NA,NA,NA
195.900,1.9885,10.1767,1.1756,16.6231,NA,NA,NA,NA,NA,NA,NA,NA,NA,NA,NA,NA
195.987,1.9880,10.1506,1.1748,16.5478,NA,NA,NA,NA,NA,NA,NA,NA,NA,NA,NA,NA
196.087,1.9850,9.9856,1.1741,16.4732,NA,NA,NA,NA,NA,NA,NA,NA,NA,NA,NA,NA
196.183,1.9773,9.5591,1.1734,16.4077,NA,NA,NA,NA,NA,NA,NA,NA,NA,NA,NA,NA
196.285,1.9768,9.5310,1.1728,16.3490,NA,NA,NA,NA,NA,NA,NA,NA,NA,NA,NA,NA
196.386,1.9721,9.2707,1.1726,16.3223,NA,NA,NA,NA,NA,NA,NA,NA,NA,NA,NA,NA
196.478,1.9724,9.2875,1.1709,16.1601,NA,NA,NA,NA,NA,NA,NA,NA,NA,NA,NA,NA
196.587,1.9724,9.2875,1.1699,16.0581,NA,NA,NA,NA,NA,NA,NA,NA,NA,NA,NA,NA
196.677,1.9699,9.1464,1.1693,15.9952,NA,NA,NA,NA,NA,NA,NA,NA,NA,NA,NA,NA
196.771,1.9691,9.1038,1.1670,15.7733,NA,NA,NA,NA,NA,NA,NA,NA,NA,NA,NA,NA
196.875,1.9646,8.8562,1.1656,15.6312,NA,NA,NA,NA,NA,NA,NA,NA,NA,NA,NA,NA
196.971,1.9646,8.8562,1.1653,15.5999,NA,NA,NA,NA,NA,NA,NA,NA,NA,NA,NA,NA
197.071,1.9659,8.9261,1.1652,15.5928,NA,NA,NA,NA,NA,NA,NA,NA,NA,NA,NA,NA
197.160,1.9831,9.8798,1.1676,15.8335,NA,NA,NA,NA,NA,NA,NA,NA,NA,NA,NA,NA
197.264,2.0063,11.1677,1.1727,16.3362,NA,NA,NA,NA,NA,NA,NA,NA,NA,NA,NA,NA
197.358,2.0363,12.8264,1.1792,16.9806,NA,NA,NA,NA,NA,NA,NA,NA,NA,NA,NA,NA
197.456,2.0467,13.4058,1.1863,17.6877,NA,NA,NA,NA,NA,NA,NA,NA,NA,NA,NA,NA
197.620,2.0628,14.2969,1.1919,18.2424,NA,NA,NA,NA,NA,NA,NA,NA,NA,NA,NA,NA
197.650,2.0771,15.0895,1.2002,19.0670,NA,NA,NA,NA,NA,NA,NA,NA,NA,NA,NA,NA
197.750,2.0942,16.0337,1.2081,19.8441,NA,NA,NA,NA,NA,NA,NA,NA,NA,NA,NA,NA
197.850,2.1021,16.4729,1.2139,20.4287,NA,NA,NA,NA,NA,NA,NA,NA,NA,NA,NA,NA
197.944,2.1235,17.6598,1.2202,21.0476,NA,NA,NA,NA,NA,NA,NA,NA,NA,NA,NA,NA
198.046,2.1453,18.8682,1.2255,21.5795,NA,NA,NA,NA,NA,NA,NA,NA,NA,NA,NA,NA
198.199,2.1555,19.4330,1.2303,22.0542,NA,NA,NA,NA,NA,NA,NA,NA,NA,NA,NA,NA
198.246,2.1764,20.5924,1.2341,22.4301,NA,NA,NA,NA,NA,NA,NA,NA,NA,NA,NA,NA
198.337,2.1803,20.8079,1.2390,22.9144,NA,NA,NA,NA,NA,NA,NA,NA,NA,NA,NA,NA
198.443,2.1886,21.2681,1.2436,23.3744,NA,NA,NA,NA,NA,NA,NA,NA,NA,NA,NA,NA
198.534,2.1886,21.2681,1.2458,23.5907,NA,NA,NA,NA,NA,NA,NA,NA,NA,NA,NA,NA
198.634,2.1871,21.1838,1.2466,23.6705,NA,NA,NA,NA,NA,NA,NA,NA,NA,NA,NA,NA
198.729,2.1960,21.6757,1.2466,23.6705,NA,NA,NA,NA,NA,NA,NA,NA,NA,NA,NA,NA
198.855,2.1960,21.6757,1.2464,23.6469,NA,NA,NA,NA,NA,NA,NA,NA,NA,NA,NA,NA
198.928,2.1873,21.1960,1.2459,23.6010,NA,NA,NA,NA,NA,NA,NA,NA,NA,NA,NA,NA
199.032,2.1815,20.8739,1.2449,23.4970,NA,NA,NA,NA,NA,NA,NA,NA,NA,NA,NA,NA
199.126,2.1789,20.7313,1.2433,23.3416,NA,NA,NA,NA,NA,NA,NA,NA,NA,NA,NA,NA
199.225,2.1737,20.4416,1.2409,23.1061,NA,NA,NA,NA,NA,NA,NA,NA,NA,NA,NA,NA
199.326,2.1641,19.9105,1.2368,22.6936,NA,NA,NA,NA,NA,NA,NA,NA,NA,NA,NA,NA
199.422,2.1534,19.3141,1.2344,22.4547,NA,NA,NA,NA,NA,NA,NA,NA,NA,NA,NA,NA
199.519,2.1492,19.0812,1.2310,22.1207,NA,NA,NA,NA,NA,NA,NA,NA,NA,NA,NA,NA
199.612,2.1424,18.7038,1.2294,21.9611,NA,NA,NA,NA,NA,NA,NA,NA,NA,NA,NA,NA
199.708,2.1400,18.5711,1.2262,21.6448,NA,NA,NA,NA,NA,NA,NA,NA,NA,NA,NA,NA
199.816,2.1196,17.4454,1.2247,21.4986,NA,NA,NA,NA,NA,NA,NA,NA,NA,NA,NA,NA
199.911,2.1196,17.4454,1.2215,21.1731,NA,NA,NA,NA,NA,NA,NA,NA,NA,NA,NA,NA
200.003,2.1079,16.7957,1.2185,20.8830,NA,NA,NA,NA,NA,NA,NA,NA,NA,NA,NA,NA
200.109,2.1046,16.6106,1.2174,20.7729,NA,NA,NA,NA,NA,NA,NA,NA,NA,NA,NA,NA
200.197,2.0981,16.2530,1.2153,20.5645,NA,NA,NA,NA,NA,NA,NA,NA,NA,NA,NA,NA
200.296,2.0989,16.2941,1.2146,20.4885,NA,NA,NA,NA,NA,NA,NA,NA,NA,NA,NA,NA
200.398,2.0989,16.2941,1.2136,20.3931,NA,NA,NA,NA,NA,NA,NA,NA,NA,NA,NA,NA
200.502,2.0948,16.0667,1.2120,20.2389,NA,NA,NA,NA,NA,NA,NA,NA,NA,NA,NA,NA
200.639,2.0907,15.8429,1.2109,20.1223,NA,NA,NA,NA,NA,NA,NA,NA,NA,NA,NA,NA
200.697,2.0884,15.7159,1.2102,20.0577,NA,NA,NA,NA,NA,NA,NA,NA,NA,NA,NA,NA
200.802,2.0872,15.6495,1.2088,19.9163,NA,NA,NA,NA,NA,NA,NA,NA,NA,NA,NA,NA
200.892,2.0850,15.5267,1.2076,19.8003,NA,NA,NA,NA,NA,NA,NA,NA,NA,NA,NA,NA
200.992,2.0816,15.3404,1.2054,19.5855,NA,NA,NA,NA,NA,NA,NA,NA,NA,NA,NA,NA
201.090,2.0801,15.2529,1.2041,19.4491,NA,NA,NA,NA,NA,NA,NA,NA,NA,NA,NA,NA
201.186,2.0789,15.1858,1.2031,19.3503,NA,NA,NA,NA,NA,NA,NA,NA,NA,NA,NA,NA
201.297,2.0788,15.1820,1.2018,19.2277,NA,NA,NA,NA,NA,NA,NA,NA,NA,NA,NA,NA
201.387,2.0719,14.8002,1.2010,19.1431,NA,NA,NA,NA,NA,NA,NA,NA,NA,NA,NA,NA
201.483,2.0697,14.6774,1.2004,19.0860,NA,NA,NA,NA,NA,NA,NA,NA,NA,NA,NA,NA
201.577,2.0654,14.4420,1.2002,19.0650,NA,NA,NA,NA,NA,NA,NA,NA,NA,NA,NA,NA
201.689,2.0600,14.1397,1.1993,18.9763,NA,NA,NA,NA,NA,NA,NA,NA,NA,NA,NA,NA
201.781,2.0589,14.0789,1.1984,18.8826,NA,NA,NA,NA,NA,NA,NA,NA,NA,NA,NA,NA
201.897,2.0544,13.8323,1.1984,18.8826,NA,NA,NA,NA,NA,NA,NA,NA,NA,NA,NA,NA
201.969,2.0539,13.8048,1.1974,18.7846,NA,NA,NA,NA,NA,NA,NA,NA,NA,NA,NA,NA
202.072,2.0501,13.5947,1.1970,18.7450,NA,NA,NA,NA,NA,NA,NA,NA,NA,NA,NA,NA
202.168,2.0501,13.5947,1.1961,18.6592,NA,NA,NA,NA,NA,NA,NA,NA,NA,NA,NA,NA
202.268,2.0456,13.3453,1.1932,18.3655,NA,NA,NA,NA,NA,NA,NA,NA,NA,NA,NA,NA
202.416,2.0370,12.8638,1.1924,18.2873,NA,NA,NA,NA,NA,NA,NA,NA,NA,NA,NA,NA
202.466,2.0331,12.6476,1.1918,18.2343,NA,NA,NA,NA,NA,NA,NA,NA,NA,NA,NA,NA
202.561,2.0295,12.4505,1.1904,18.0929,NA,NA,NA,NA,NA,NA,NA,NA,NA,NA,NA,NA
202.657,2.0295,12.4505,1.1892,17.9768,NA,NA,NA,NA,NA,NA,NA,NA,NA,NA,NA,NA
202.760,2.0195,11.8945,1.1882,17.8709,NA,NA,NA,NA,NA,NA,NA,NA,NA,NA,NA,NA
202.851,2.0195,11.8945,1.1873,17.7879,NA,NA,NA,NA,NA,NA,NA,NA,NA,NA,NA,NA
203.011,2.0136,11.5693,1.1869,17.7500,NA,NA,NA,NA,NA,NA,NA,NA,NA,NA,NA,NA
203.049,2.0136,11.5693,1.1855,17.6100,NA,NA,NA,NA,NA,NA,NA,NA,NA,NA,NA,NA
203.147,2.0100,11.3692,1.1841,17.4685,NA,NA,NA,NA,NA,NA,NA,NA,NA,NA,NA,NA
203.239,2.0113,11.4410,1.1832,17.3787,NA,NA,NA,NA,NA,NA,NA,NA,NA,NA,NA,NA
203.344,2.0200,11.9264,1.1865,17.7064,NA,NA,NA,NA,NA,NA,NA,NA,NA,NA,NA,NA
203.438,2.0336,12.6753,1.1923,18.2833,NA,NA,NA,NA,NA,NA,NA,NA,NA,NA,NA,NA
203.578,2.0466,13.4004,1.1993,18.9803,NA,NA,NA,NA,NA,NA,NA,NA,NA,NA,NA,NA
203.633,2.0717,14.7888,1.2080,19.8410,NA,NA,NA,NA,NA,NA,NA,NA,NA,NA,NA,NA
203.730,2.0835,15.4415,1.2147,20.5024,NA,NA,NA,NA,NA,NA,NA,NA,NA,NA,NA,NA
203.829,2.1101,16.9162,1.2213,21.1576,NA,NA,NA,NA,NA,NA,NA,NA,NA,NA,NA,NA
203.938,2.1226,17.6082,1.2298,22.0024,NA,NA,NA,NA,NA,NA,NA,NA,NA,NA,NA,NA
204.041,2.1451,18.8568,1.2402,23.0316,NA,NA,NA,NA,NA,NA,NA,NA,NA,NA,NA,NA
204.129,2.1575,19.5457,1.2460,23.6046,NA,NA,NA,NA,NA,NA,NA,NA,NA,NA,NA,NA
204.266,2.1707,20.2769,1.2575,24.7474,NA,NA,NA,NA,NA,NA,NA,NA,NA,NA,NA,NA
204.328,2.1922,21.4645,1.2653,25.5206,NA,NA,NA,NA,NA,NA,NA,NA,NA,NA,NA,NA
204.420,2.2007,21.9348,1.2736,26.3501,NA,NA,NA,NA,NA,NA,NA,NA,NA,NA,NA,NA
204.513,2.2156,22.7628,1.2822,27.2024,NA,NA,NA,NA,NA,NA,NA,NA,NA,NA,NA,NA
204.625,2.2240,23.2269,1.2866,27.6359,NA,NA,NA,NA,NA,NA,NA,NA,NA,NA,NA,NA
204.714,2.2360,23.8907,1.2931,28.2784,NA,NA,NA,NA,NA,NA,NA,NA,NA,NA,NA,NA
204.872,2.2439,24.3286,1.2999,28.9581,NA,NA,NA,NA,NA,NA,NA,NA,NA,NA,NA,NA
204.911,2.2493,24.6303,1.3033,29.2969,NA,NA,NA,NA,NA,NA,NA,NA,NA,NA,NA,NA
205.004,2.2610,25.2782,1.3079,29.7468,NA,NA,NA,NA,NA,NA,NA,NA,NA,NA,NA,NA
205.109,2.2661,25.5609,1.3104,29.9978,NA,NA,NA,NA,NA,NA,NA,NA,NA,NA,NA,NA
205.203,2.2797,26.3141,1.3127,30.2257,NA,NA,NA,NA,NA,NA,NA,NA,NA,NA,NA,NA
205.300,2.2797,26.3141,1.3153,30.4800,NA,NA,NA,NA,NA,NA,NA,NA,NA,NA,NA,NA
205.411,2.2780,26.2211,1.3153,30.4800,NA,NA,NA,NA,NA,NA,NA,NA,NA,NA,NA,NA
205.499,2.2719,25.8798,1.3153,30.4789,NA,NA,NA,NA,NA,NA,NA,NA,NA,NA,NA,NA
205.596,2.2719,25.8798,1.3148,30.4289,NA,NA,NA,NA,NA,NA,NA,NA,NA,NA,NA,NA
205.706,2.2678,25.6540,1.3140,30.3538,NA,NA,NA,NA,NA,NA,NA,NA,NA,NA,NA,NA
205.789,2.2678,25.6540,1.3110,30.0581,NA,NA,NA,NA,NA,NA,NA,NA,NA,NA,NA,NA
205.886,2.2598,25.2102,1.3087,29.8327,NA,NA,NA,NA,NA,NA,NA,NA,NA,NA,NA,NA
206.012,2.2546,24.9229,1.3020,29.1633,NA,NA,NA,NA,NA,NA,NA,NA,NA,NA,NA,NA
206.088,2.2396,24.0902,1.2967,28.6339,NA,NA,NA,NA,NA,NA,NA,NA,NA,NA,NA,NA
206.180,2.2222,23.1269,1.2924,28.2089,NA,NA,NA,NA,NA,NA,NA,NA,NA,NA,NA,NA
206.283,2.2145,22.6994,1.2876,27.7323,NA,NA,NA,NA,NA,NA,NA,NA,NA,NA,NA,NA
206.391,2.2057,22.2114,1.2825,27.2281,NA,NA,NA,NA,NA,NA,NA,NA,NA,NA,NA,NA
206.477,2.2037,22.1051,1.2793,26.9132,NA,NA,NA,NA,NA,NA,NA,NA,NA,NA,NA,NA
206.575,2.1890,21.2910,1.2749,26.4774,NA,NA,NA,NA,NA,NA,NA,NA,NA,NA,NA,NA
206.678,2.1793,20.7529,1.2724,26.2276,NA,NA,NA,NA,NA,NA,NA,NA,NA,NA,NA,NA
206.776,2.1706,20.2693,1.2702,26.0083,NA,NA,NA,NA,NA,NA,NA,NA,NA,NA,NA,NA
206.873,2.1706,20.2693,1.2680,25.7950,NA,NA,NA,NA,NA,NA,NA,NA,NA,NA,NA,NA
206.963,2.1619,19.7882,1.2654,25.5328,NA,NA,NA,NA,NA,NA,NA,NA,NA,NA,NA,NA
207.068,2.1620,19.7920,1.2638,25.3741,NA,NA,NA,NA,NA,NA,NA,NA,NA,NA,NA,NA
207.159,2.1620,19.7920,1.2615,25.1507,NA,NA,NA,NA,NA,NA,NA,NA,NA,NA,NA,NA
207.275,2.1510,19.1804,1.2602,25.0208,NA,NA,NA,NA,NA,NA,NA,NA,NA,NA,NA,NA
207.353,2.1490,19.0745,1.2567,24.6727,NA,NA,NA,NA,NA,NA,NA,NA,NA,NA,NA,NA
207.460,2.1457,18.8908,1.2548,24.4804,NA,NA,NA,NA,NA,NA,NA,NA,NA,NA,NA,NA
207.552,2.1457,18.8908,1.2536,24.3604,NA,NA,NA,NA,NA,NA,NA,NA,NA,NA,NA,NA
207.648,2.1418,18.6756,1.2534,24.3417,NA,NA,NA,NA,NA,NA,NA,NA,NA,NA,NA,NA
207.747,2.1418,18.6756,1.2496,23.9607,NA,NA,NA,NA,NA,NA,NA,NA,NA,NA,NA,NA
207.869,2.1374,18.4291,1.2485,23.8521,NA,NA,NA,NA,NA,NA,NA,NA,NA,NA,NA,NA
207.945,2.1370,18.4062,1.2485,23.8521,NA,NA,NA,NA,NA,NA,NA,NA,NA,NA,NA,NA
208.044,2.1362,18.3617,1.2470,23.7077,NA,NA,NA,NA,NA,NA,NA,NA,NA,NA,NA,NA
208.139,2.1331,18.1898,1.2465,23.6621,NA,NA,NA,NA,NA,NA,NA,NA,NA,NA,NA,NA
208.241,2.1331,18.1898,1.2454,23.5447,NA,NA,NA,NA,NA,NA,NA,NA,NA,NA,NA,NA
208.334,2.1285,17.9371,1.2454,23.5453,NA,NA,NA,NA,NA,NA,NA,NA,NA,NA,NA,NA
208.435,2.1269,17.8468,1.2454,23.5453,NA,NA,NA,NA,NA,NA,NA,NA,NA,NA,NA,NA
208.532,2.1227,17.6167,1.2437,23.3809,NA,NA,NA,NA,NA,NA,NA,NA,NA,NA,NA,NA
208.627,2.1207,17.5058,1.2435,23.3637,NA,NA,NA,NA,NA,NA,NA,NA,NA,NA,NA,NA
208.736,2.1207,17.5058,1.2424,23.2546,NA,NA,NA,NA,NA,NA,NA,NA,NA,NA,NA,NA
208.829,2.1159,17.2404,1.2419,23.1982,NA,NA,NA,NA,NA,NA,NA,NA,NA,NA,NA,NA
208.924,2.1159,17.2404,1.2402,23.0375,NA,NA,NA,NA,NA,NA,NA,NA,NA,NA,NA,NA
209.047,2.1149,17.1842,1.2390,22.9129,NA,NA,NA,NA,NA,NA,NA,NA,NA,NA,NA,NA
209.137,2.1149,17.1842,1.2390,22.9129,NA,NA,NA,NA,NA,NA,NA,NA,NA,NA,NA,NA
209.220,2.1046,16.6129,1.2371,22.7292,NA,NA,NA,NA,NA,NA,NA,NA,NA,NA,NA,NA
209.323,2.0987,16.2839,1.2370,22.7123,NA,NA,NA,NA,NA,NA,NA,NA,NA,NA,NA,NA
209.418,2.0987,16.2839,1.2365,22.6697,NA,NA,NA,NA,NA,NA,NA,NA,NA,NA,NA,NA
209.512,2.0927,15.9503,1.2363,22.6491,NA,NA,NA,NA,NA,NA,NA,NA,NA,NA,NA,NA
209.606,2.0927,15.9503,1.2363,22.6479,NA,NA,NA,NA,NA,NA,NA,NA,NA,NA,NA,NA
209.716,2.0955,16.1053,1.2328,22.3021,NA,NA,NA,NA,NA,NA,NA,NA,NA,NA,NA,NA
209.805,2.0955,16.1053,1.2317,22.1932,NA,NA,NA,NA,NA,NA,NA,NA,NA,NA,NA,NA
209.899,2.0873,15.6521,1.2326,22.2804,NA,NA,NA,NA,NA,NA,NA,NA,NA,NA,NA,NA
210.012,2.0821,15.3653,1.2326,22.2804,NA,NA,NA,NA,NA,NA,NA,NA,NA,NA,NA,NA
210.100,2.0783,15.1574,1.2290,21.9206,NA,NA,NA,NA,NA,NA,NA,NA,NA,NA,NA,NA
210.194,2.0763,15.0417,1.2290,21.9206,NA,NA,NA,NA,NA,NA,NA,NA,NA,NA,NA,NA
210.302,2.0763,15.0417,1.2289,21.9103,NA,NA,NA,NA,NA,NA,NA,NA,NA,NA,NA,NA
210.425,2.0733,14.8750,1.2289,21.9103,NA,NA,NA,NA,NA,NA,NA,NA,NA,NA,NA,NA
210.488,2.0733,14.8750,1.2270,21.7245,NA,NA,NA,NA,NA,NA,NA,NA,NA,NA,NA,NA
210.596,2.0702,14.7084,1.2268,21.7034,NA,NA,NA,NA,NA,NA,NA,NA,NA,NA,NA,NA
210.687,2.0682,14.5931,1.2268,21.7034,NA,NA,NA,NA,NA,NA,NA,NA,NA,NA,NA,NA
210.841,2.0635,14.3322,1.2267,21.6979,NA,NA,NA,NA,NA,NA,NA,NA,NA,NA,NA,NA
210.884,2.0643,14.3771,1.2264,21.6638,NA,NA,NA,NA,NA,NA,NA,NA,NA,NA,NA,NA
210.984,2.0643,14.3771,1.2257,21.5994,NA,NA,NA,NA,NA,NA,NA,NA,NA,NA,NA,NA
211.084,2.0600,14.1409,1.2254,21.5641,NA,NA,NA,NA,NA,NA,NA,NA,NA,NA,NA,NA
211.176,2.0586,14.0609,1.2243,21.4579,NA,NA,NA,NA,NA,NA,NA,NA,NA,NA,NA,NA
211.272,2.0551,13.8677,1.2235,21.3771,NA,NA,NA,NA,NA,NA,NA,NA,NA,NA,NA,NA
211.374,2.0534,13.7760,1.2220,21.2311,NA,NA,NA,NA,NA,NA,NA,NA,NA,NA,NA,NA
211.489,2.0510,13.6439,1.2210,21.1315,NA,NA,NA,NA,NA,NA,NA,NA,NA,NA,NA,NA
211.571,2.0502,13.5995,1.2210,21.1300,NA,NA,NA,NA,NA,NA,NA,NA,NA,NA,NA,NA
211.691,2.0457,13.3487,1.2198,21.0044,NA,NA,NA,NA,NA,NA,NA,NA,NA,NA,NA,NA
211.764,2.0423,13.1622,1.2181,20.8415,NA,NA,NA,NA,NA,NA,NA,NA,NA,NA,NA,NA
211.869,2.0417,13.1243,1.2168,20.7133,NA,NA,NA,NA,NA,NA,NA,NA,NA,NA,NA,NA
211.963,2.0386,12.9526,1.2161,20.6374,NA,NA,NA,NA,NA,NA,NA,NA,NA,NA,NA,NA
212.070,2.0366,12.8457,1.2146,20.4951,NA,NA,NA,NA,NA,NA,NA,NA,NA,NA,NA,NA
212.155,2.0346,12.7356,1.2137,20.4076,NA,NA,NA,NA,NA,NA,NA,NA,NA,NA,NA,NA
212.254,2.0331,12.6522,1.2122,20.2578,NA,NA,NA,NA,NA,NA,NA,NA,NA,NA,NA,NA
212.356,2.0253,12.2168,1.2116,20.1981,NA,NA,NA,NA,NA,NA,NA,NA,NA,NA,NA,NA
212.449,2.0239,12.1399,1.2103,20.0619,NA,NA,NA,NA,NA,NA,NA,NA,NA,NA,NA,NA
212.546,2.0239,12.1399,1.2087,19.9100,NA,NA,NA,NA,NA,NA,NA,NA,NA,NA,NA,NA
212.685,2.0186,11.8489,1.2067,19.7101,NA,NA,NA,NA,NA,NA,NA,NA,NA,NA,NA,NA
212.743,2.0186,11.8489,1.2053,19.5754,NA,NA,NA,NA,NA,NA,NA,NA,NA,NA,NA,NA
212.843,2.0165,11.7301,1.2047,19.5114,NA,NA,NA,NA,NA,NA,NA,NA,NA,NA,NA,NA
212.936,2.0165,11.7301,1.2043,19.4754,NA,NA,NA,NA,NA,NA,NA,NA,NA,NA,NA,NA
213.033,2.0123,11.4973,1.2047,19.5125,NA,NA,NA,NA,NA,NA,NA,NA,NA,NA,NA,NA
213.135,2.0312,12.5456,1.2080,19.8368,NA,NA,NA,NA,NA,NA,NA,NA,NA,NA,NA,NA
213.227,2.0505,13.6145,1.2117,20.2064,NA,NA,NA,NA,NA,NA,NA,NA,NA,NA,NA,NA
213.325,2.0601,14.1483,1.2194,20.9741,NA,NA,NA,NA,NA,NA,NA,NA,NA,NA,NA,NA
213.439,2.0847,15.5114,1.2260,21.6243,NA,NA,NA,NA,NA,NA,NA,NA,NA,NA,NA,NA
213.523,2.0984,16.2664,1.2312,22.1416,NA,NA,NA,NA,NA,NA,NA,NA,NA,NA,NA,NA
213.620,2.1184,17.3789,1.2422,23.2298,NA,NA,NA,NA,NA,NA,NA,NA,NA,NA,NA,NA
213.729,2.1358,18.3397,1.2487,23.8739,NA,NA,NA,NA,NA,NA,NA,NA,NA,NA,NA,NA
213.866,2.1472,18.9722,1.2543,24.4275,NA,NA,NA,NA,NA,NA,NA,NA,NA,NA,NA,NA
213.913,2.1614,19.7578,1.2591,24.9086,NA,NA,NA,NA,NA,NA,NA,NA,NA,NA,NA,NA
214.014,2.1685,20.1536,1.2663,25.6186,NA,NA,NA,NA,NA,NA,NA,NA,NA,NA,NA,NA
214.120,2.1800,20.7902,1.2739,26.3713,NA,NA,NA,NA,NA,NA,NA,NA,NA,NA,NA,NA
214.214,2.1867,21.1637,1.2776,26.7459,NA,NA,NA,NA,NA,NA,NA,NA,NA,NA,NA,NA
214.317,2.1988,21.8292,1.2837,27.3491,NA,NA,NA,NA,NA,NA,NA,NA,NA,NA,NA,NA
214.411,2.2146,22.7052,1.2877,27.7471,NA,NA,NA,NA,NA,NA,NA,NA,NA,NA,NA,NA
214.502,2.2190,22.9481,1.2913,28.0984,NA,NA,NA,NA,NA,NA,NA,NA,NA,NA,NA,NA
214.607,2.2350,23.8395,1.2953,28.5027,NA,NA,NA,NA,NA,NA,NA,NA,NA,NA,NA,NA
214.700,2.2431,24.2877,1.3001,28.9788,NA,NA,NA,NA,NA,NA,NA,NA,NA,NA,NA,NA
214.802,2.2470,24.5017,1.3028,29.2467,NA,NA,NA,NA,NA,NA,NA,NA,NA,NA,NA,NA
214.898,2.2474,24.5220,1.3044,29.3999,NA,NA,NA,NA,NA,NA,NA,NA,NA,NA,NA,NA
215.035,2.2482,24.5666,1.3044,29.3999,NA,NA,NA,NA,NA,NA,NA,NA,NA,NA,NA,NA
215.091,2.2482,24.5666,1.3053,29.4960,NA,NA,NA,NA,NA,NA,NA,NA,NA,NA,NA,NA
215.187,2.2421,24.2320,1.3056,29.5227,NA,NA,NA,NA,NA,NA,NA,NA,NA,NA,NA,NA
215.285,2.2355,23.8656,1.3056,29.5227,NA,NA,NA,NA,NA,NA,NA,NA,NA,NA,NA,NA
215.387,2.2355,23.8650,1.3041,29.3765,NA,NA,NA,NA,NA,NA,NA,NA,NA,NA,NA,NA
215.486,2.2227,23.1555,1.3033,29.2878,NA,NA,NA,NA,NA,NA,NA,NA,NA,NA,NA,NA
215.610,2.2227,23.1555,1.3024,29.2063,NA,NA,NA,NA,NA,NA,NA,NA,NA,NA,NA,NA
215.677,2.2041,22.1233,1.3018,29.1448,NA,NA,NA,NA,NA,NA,NA,NA,NA,NA,NA,NA
215.779,2.1949,21.6153,1.2988,28.8477,NA,NA,NA,NA,NA,NA,NA,NA,NA,NA,NA,NA
215.873,2.1830,20.9578,1.2953,28.5040,NA,NA,NA,NA,NA,NA,NA,NA,NA,NA,NA,NA
215.969,2.1774,20.6451,1.2927,28.2392,NA,NA,NA,NA,NA,NA,NA,NA,NA,NA,NA,NA
216.077,2.1749,20.5085,1.2871,27.6840,NA,NA,NA,NA,NA,NA,NA,NA,NA,NA,NA,NA
216.205,2.1647,19.9446,1.2844,27.4209,NA,NA,NA,NA,NA,NA,NA,NA,NA,NA,NA,NA
216.265,2.1647,19.9446,1.2825,27.2272,NA,NA,NA,NA,NA,NA,NA,NA,NA,NA,NA,NA
216.365,2.1551,19.4098,1.2777,26.7515,NA,NA,NA,NA,NA,NA,NA,NA,NA,NA,NA,NA
216.461,2.1506,19.1607,1.2747,26.4509,NA,NA,NA,NA,NA,NA,NA,NA,NA,NA,NA,NA
216.557,2.1426,18.7157,1.2725,26.2388,NA,NA,NA,NA,NA,NA,NA,NA,NA,NA,NA,NA
216.657,2.1385,18.4921,1.2701,25.9997,NA,NA,NA,NA,NA,NA,NA,NA,NA,NA,NA,NA
216.756,2.1362,18.3640,1.2683,25.8219,NA,NA,NA,NA,NA,NA,NA,NA,NA,NA,NA,NA
216.900,2.1361,18.3563,1.2674,25.7270,NA,NA,NA,NA,NA,NA,NA,NA,NA,NA,NA,NA
216.960,2.1361,18.3563,1.2649,25.4843,NA,NA,NA,NA,NA,NA,NA,NA,NA,NA,NA,NA
217.054,2.1294,17.9869,1.2634,25.3361,NA,NA,NA,NA,NA,NA,NA,NA,NA,NA,NA,NA
217.145,2.1289,17.9603,1.2613,25.1304,NA,NA,NA,NA,NA,NA,NA,NA,NA,NA,NA,NA
217.251,2.1209,17.5149,1.2606,25.0562,NA,NA,NA,NA,NA,NA,NA,NA,NA,NA,NA,NA
217.344,2.1172,17.3124,1.2584,24.8362,NA,NA,NA,NA,NA,NA,NA,NA,NA,NA,NA,NA
217.448,2.1098,16.8983,1.2567,24.6744,NA,NA,NA,NA,NA,NA,NA,NA,NA,NA,NA,NA
217.538,2.1083,16.8193,1.2558,24.5792,NA,NA,NA,NA,NA,NA,NA,NA,NA,NA,NA,NA
217.631,2.1085,16.8286,1.2556,24.5616,NA,NA,NA,NA,NA,NA,NA,NA,NA,NA,NA,NA
217.727,2.1241,17.6932,1.2569,24.6910,NA,NA,NA,NA,NA,NA,NA,NA,NA,NA,NA,NA
217.835,2.1308,18.0622,1.2636,25.3579,NA,NA,NA,NA,NA,NA,NA,NA,NA,NA,NA,NA
217.935,2.1462,18.9160,1.2670,25.6911,NA,NA,NA,NA,NA,NA,NA,NA,NA,NA,NA,NA
218.099,2.1531,19.3002,1.2736,26.3471,NA,NA,NA,NA,NA,NA,NA,NA,NA,NA,NA,NA
218.141,2.1684,20.1469,1.2778,26.7642,NA,NA,NA,NA,NA,NA,NA,NA,NA,NA,NA,NA
218.228,2.1844,21.0358,1.2830,27.2756,NA,NA,NA,NA,NA,NA,NA,NA,NA,NA,NA,NA
218.326,2.1902,21.3558,1.2858,27.5566,NA,NA,NA,NA,NA,NA,NA,NA,NA,NA,NA,NA
218.426,2.1983,21.8063,1.2876,27.7330,NA,NA,NA,NA,NA,NA,NA,NA,NA,NA,NA,NA
218.517,2.1983,21.8063,1.2892,27.8906,NA,NA,NA,NA,NA,NA,NA,NA,NA,NA,NA,NA
218.653,2.1988,21.8340,1.2899,27.9609,NA,NA,NA,NA,NA,NA,NA,NA,NA,NA,NA,NA
218.715,2.1988,21.8340,1.2900,27.9779,NA,NA,NA,NA,NA,NA,NA,NA,NA,NA,NA,NA
218.812,2.1962,21.6896,1.2906,28.0286,NA,NA,NA,NA,NA,NA,NA,NA,NA,NA,NA,NA
218.910,2.1913,21.4146,1.2906,28.0286,NA,NA,NA,NA,NA,NA,NA,NA,NA,NA,NA,NA
219.009,2.1764,20.5908,1.2900,27.9713,NA,NA,NA,NA,NA,NA,NA,NA,NA,NA,NA,NA
219.106,2.1714,20.3109,1.2897,27.9463,NA,NA,NA,NA,NA,NA,NA,NA,NA,NA,NA,NA
219.250,2.1671,20.0778,1.2854,27.5188,NA,NA,NA,NA,NA,NA,NA,NA,NA,NA,NA,NA
219.299,2.1635,19.8777,1.2834,27.3191,NA,NA,NA,NA,NA,NA,NA,NA,NA,NA,NA,NA
219.401,2.1523,19.2568,1.2793,26.9090,NA,NA,NA,NA,NA,NA,NA,NA,NA,NA,NA,NA
219.506,2.1463,18.9234,1.2763,26.6142,NA,NA,NA,NA,NA,NA,NA,NA,NA,NA,NA,NA
219.598,2.1419,18.6767,1.2742,26.4023,NA,NA,NA,NA,NA,NA,NA,NA,NA,NA,NA,NA
219.690,2.1391,18.5222,1.2731,26.2964,NA,NA,NA,NA,NA,NA,NA,NA,NA,NA,NA,NA
219.788,2.1377,18.4444,1.2703,26.0202,NA,NA,NA,NA,NA,NA,NA,NA,NA,NA,NA,NA
219.887,2.1337,18.2220,1.2678,25.7737,NA,NA,NA,NA,NA,NA,NA,NA,NA,NA,NA,NA
219.986,2.1324,18.1519,1.2660,25.5964,NA,NA,NA,NA,NA,NA,NA,NA,NA,NA,NA,NA
220.082,2.1233,17.6455,1.2635,25.3460,NA,NA,NA,NA,NA,NA,NA,NA,NA,NA,NA,NA
220.186,2.1123,17.0360,1.2616,25.1589,NA,NA,NA,NA,NA,NA,NA,NA,NA,NA,NA,NA
220.278,2.1077,16.7834,1.2604,25.0355,NA,NA,NA,NA,NA,NA,NA,NA,NA,NA,NA,NA
220.421,2.0990,16.3041,1.2595,24.9503,NA,NA,NA,NA,NA,NA,NA,NA,NA,NA,NA,NA
220.492,2.1004,16.3791,1.2567,24.6700,NA,NA,NA,NA,NA,NA,NA,NA,NA,NA,NA,NA
220.576,2.1039,16.5726,1.2559,24.5938,NA,NA,NA,NA,NA,NA,NA,NA,NA,NA,NA,NA
220.671,2.1039,16.5726,1.2541,24.4153,NA,NA,NA,NA,NA,NA,NA,NA,NA,NA,NA,NA
220.772,2.0995,16.3279,1.2533,24.3364,NA,NA,NA,NA,NA,NA,NA,NA,NA,NA,NA,NA
220.873,2.0967,16.1739,1.2521,24.2132,NA,NA,NA,NA,NA,NA,NA,NA,NA,NA,NA,NA
220.963,2.0961,16.1396,1.2511,24.1139,NA,NA,NA,NA,NA,NA,NA,NA,NA,NA,NA,NA
221.099,2.0942,16.0341,1.2501,24.0197,NA,NA,NA,NA,NA,NA,NA,NA,NA,NA,NA,NA
221.160,2.0926,15.9458,1.2490,23.9064,NA,NA,NA,NA,NA,NA,NA,NA,NA,NA,NA,NA
221.265,2.0923,15.9290,1.2480,23.8029,NA,NA,NA,NA,NA,NA,NA,NA,NA,NA,NA,NA
221.354,2.0923,15.9290,1.2472,23.7249,NA,NA,NA,NA,NA,NA,NA,NA,NA,NA,NA,NA
221.464,2.0844,15.4928,1.2465,23.6604,NA,NA,NA,NA,NA,NA,NA,NA,NA,NA,NA,NA
221.595,2.0844,15.4928,1.2464,23.6476,NA,NA,NA,NA,NA,NA,NA,NA,NA,NA,NA,NA
221.647,2.0813,15.3227,1.2453,23.5427,NA,NA,NA,NA,NA,NA,NA,NA,NA,NA,NA,NA
221.748,2.0745,14.9416,1.2444,23.4470,NA,NA,NA,NA,NA,NA,NA,NA,NA,NA,NA,NA
221.848,2.0795,15.2213,1.2456,23.5662,NA,NA,NA,NA,NA,NA,NA,NA,NA,NA,NA,NA
221.942,2.1057,16.6742,1.2475,23.7619,NA,NA,NA,NA,NA,NA,NA,NA,NA,NA,NA,NA
222.049,2.1217,17.5577,1.2534,24.3423,NA,NA,NA,NA,NA,NA,NA,NA,NA,NA,NA,NA
222.146,2.1544,19.3723,1.2599,24.9836,NA,NA,NA,NA,NA,NA,NA,NA,NA,NA,NA,NA
222.287,2.1653,19.9758,1.2630,25.2992,NA,NA,NA,NA,NA,NA,NA,NA,NA,NA,NA,NA
222.332,2.1731,20.4089,1.2719,26.1749,NA,NA,NA,NA,NA,NA,NA,NA,NA,NA,NA,NA
222.444,2.1890,21.2894,1.2797,26.9559,NA,NA,NA,NA,NA,NA,NA,NA,NA,NA,NA,NA
222.529,2.2059,22.2234,1.2871,27.6889,NA,NA,NA,NA,NA,NA,NA,NA,NA,NA,NA,NA
222.626,2.2278,23.4403,1.2934,28.3138,NA,NA,NA,NA,NA,NA,NA,NA,NA,NA,NA,NA
222.730,2.2370,23.9476,1.3029,29.2559,NA,NA,NA,NA,NA,NA,NA,NA,NA,NA,NA,NA
222.866,2.2560,25.0033,1.3102,29.9722,NA,NA,NA,NA,NA,NA,NA,NA,NA,NA,NA,NA
222.921,2.2639,25.4403,1.3177,30.7196,NA,NA,NA,NA,NA,NA,NA,NA,NA,NA,NA,NA
223.029,2.2994,27.4077,1.3244,31.3903,NA,NA,NA,NA,NA,NA,NA,NA,NA,NA,NA,NA
223.117,2.3084,27.9026,1.3295,31.8920,NA,NA,NA,NA,NA,NA,NA,NA,NA,NA,NA,NA
223.217,2.3156,28.3057,1.3332,32.2611,NA,NA,NA,NA,NA,NA,NA,NA,NA,NA,NA,NA
223.316,2.3207,28.5880,1.3370,32.6390,NA,NA,NA,NA,NA,NA,NA,NA,NA,NA,NA,NA
223.457,2.3273,28.9537,1.3441,33.3433,NA,NA,NA,NA,NA,NA,NA,NA,NA,NA,NA,NA
223.514,2.3323,29.2260,1.3476,33.6825,NA,NA,NA,NA,NA,NA,NA,NA,NA,NA,NA,NA
223.604,2.3341,29.3275,1.3509,34.0110,NA,NA,NA,NA,NA,NA,NA,NA,NA,NA,NA,NA
223.713,2.3467,30.0248,1.3563,34.5465,NA,NA,NA,NA,NA,NA,NA,NA,NA,NA,NA,NA
223.802,2.3491,30.1587,1.3590,34.8208,NA,NA,NA,NA,NA,NA,NA,NA,NA,NA,NA,NA
223.909,2.3531,30.3801,1.3603,34.9467,NA,NA,NA,NA,NA,NA,NA,NA,NA,NA,NA,NA
224.041,2.3542,30.4405,1.3608,34.9930,NA,NA,NA,NA,NA,NA,NA,NA,NA,NA,NA,NA
224.106,2.3542,30.4405,1.3608,34.9930,NA,NA,NA,NA,NA,NA,NA,NA,NA,NA,NA,NA
224.198,2.3492,30.1641,1.3600,34.9156,NA,NA,NA,NA,NA,NA,NA,NA,NA,NA,NA,NA
224.298,2.3481,30.1025,1.3594,34.8607,NA,NA,NA,NA,NA,NA,NA,NA,NA,NA,NA,NA
224.393,2.3430,29.8218,1.3593,34.8447,NA,NA,NA,NA,NA,NA,NA,NA,NA,NA,NA,NA
224.497,2.3411,29.7175,1.3592,34.8334,NA,NA,NA,NA,NA,NA,NA,NA,NA,NA,NA,NA
224.607,2.3298,29.0910,1.3591,34.8237,NA,NA,NA,NA,NA,NA,NA,NA,NA,NA,NA,NA
224.692,2.3261,28.8847,1.3574,34.6580,NA,NA,NA,NA,NA,NA,NA,NA,NA,NA,NA,NA
224.784,2.3135,28.1875,1.3551,34.4322,NA,NA,NA,NA,NA,NA,NA,NA,NA,NA,NA,NA
224.881,2.3055,27.7461,1.3516,34.0873,NA,NA,NA,NA,NA,NA,NA,NA,NA,NA,NA,NA
224.986,2.2996,27.4150,1.3495,33.8781,NA,NA,NA,NA,NA,NA,NA,NA,NA,NA,NA,NA
225.076,2.2959,27.2095,1.3465,33.5776,NA,NA,NA,NA,NA,NA,NA,NA,NA,NA,NA,NA
225.240,2.2846,26.5849,1.3399,32.9241,NA,NA,NA,NA,NA,NA,NA,NA,NA,NA,NA,NA
225.276,2.2711,25.8400,1.3373,32.6618,NA,NA,NA,NA,NA,NA,NA,NA,NA,NA,NA,NA
225.375,2.2646,25.4795,1.3318,32.1209,NA,NA,NA,NA,NA,NA,NA,NA,NA,NA,NA,NA
225.472,2.2603,25.2411,1.3281,31.7552,NA,NA,NA,NA,NA,NA,NA,NA,NA,NA,NA,NA
225.569,2.2585,25.1370,1.3266,31.6040,NA,NA,NA,NA,NA,NA,NA,NA,NA,NA,NA,NA
225.669,2.2508,24.7141,1.3243,31.3792,NA,NA,NA,NA,NA,NA,NA,NA,NA,NA,NA,NA
225.776,2.2491,24.6168,1.3213,31.0739,NA,NA,NA,NA,NA,NA,NA,NA,NA,NA,NA,NA
225.866,2.2409,24.1665,1.3193,30.8826,NA,NA,NA,NA,NA,NA,NA,NA,NA,NA,NA,NA
225.961,2.2385,24.0324,1.3183,30.7787,NA,NA,NA,NA,NA,NA,NA,NA,NA,NA,NA,NA
226.054,2.2307,23.6003,1.3151,30.4602,NA,NA,NA,NA,NA,NA,NA,NA,NA,NA,NA,NA
226.153,2.2280,23.4467,1.3129,30.2455,NA,NA,NA,NA,NA,NA,NA,NA,NA,NA,NA,NA
226.256,2.2261,23.3455,1.3118,30.1315,NA,NA,NA,NA,NA,NA,NA,NA,NA,NA,NA,NA
226.354,2.2239,23.2214,1.3109,30.0460,NA,NA,NA,NA,NA,NA,NA,NA,NA,NA,NA,NA
226.487,2.2203,23.0204,1.3076,29.7179,NA,NA,NA,NA,NA,NA,NA,NA,NA,NA,NA,NA
226.549,2.2143,22.6889,1.3073,29.6848,NA,NA,NA,NA,NA,NA,NA,NA,NA,NA,NA,NA
226.650,2.2127,22.6009,1.3044,29.4068,NA,NA,NA,NA,NA,NA,NA,NA,NA,NA,NA,NA
226.748,2.2113,22.5254,1.3031,29.2775,NA,NA,NA,NA,NA,NA,NA,NA,NA,NA,NA,NA
226.838,2.1971,21.7379,1.3024,29.2033,NA,NA,NA,NA,NA,NA,NA,NA,NA,NA,NA,NA
226.940,2.1928,21.4969,1.3018,29.1484,NA,NA,NA,NA,NA,NA,NA,NA,NA,NA,NA,NA
227.089,2.1888,21.2799,1.3006,29.0223,NA,NA,NA,NA,NA,NA,NA,NA,NA,NA,NA,NA
227.135,2.1888,21.2765,1.2992,28.8829,NA,NA,NA,NA,NA,NA,NA,NA,NA,NA,NA,NA
227.240,2.1882,21.2458,1.2981,28.7726,NA,NA,NA,NA,NA,NA,NA,NA,NA,NA,NA,NA
227.331,2.1882,21.2458,1.2948,28.4537,NA,NA,NA,NA,NA,NA,NA,NA,NA,NA,NA,NA
227.427,2.1754,20.5337,1.2942,28.3859,NA,NA,NA,NA,NA,NA,NA,NA,NA,NA,NA,NA
227.534,2.1739,20.4529,1.2915,28.1258,NA,NA,NA,NA,NA,NA,NA,NA,NA,NA,NA,NA
227.622,2.1697,20.2169,1.2883,27.8014,NA,NA,NA,NA,NA,NA,NA,NA,NA,NA,NA,NA
227.717,2.1649,19.9509,1.2874,27.7185,NA,NA,NA,NA,NA,NA,NA,NA,NA,NA,NA,NA
227.819,2.1648,19.9477,1.2873,27.7050,NA,NA,NA,NA,NA,NA,NA,NA,NA,NA,NA,NA
227.917,2.1609,19.7307,1.2873,27.7050,NA,NA,NA,NA,NA,NA,NA,NA,NA,NA,NA,NA
228.012,2.1662,20.0238,1.2874,27.7108,NA,NA,NA,NA,NA,NA,NA,NA,NA,NA,NA,NA
228.111,2.1810,20.8470,1.2900,27.9711,NA,NA,NA,NA,NA,NA,NA,NA,NA,NA,NA,NA
228.216,2.1871,21.1851,1.2934,28.3135,NA,NA,NA,NA,NA,NA,NA,NA,NA,NA,NA,NA
228.337,2.1964,21.6986,1.2990,28.8683,NA,NA,NA,NA,NA,NA,NA,NA,NA,NA,NA,NA
228.403,2.2162,22.7955,1.3055,29.5083,NA,NA,NA,NA,NA,NA,NA,NA,NA,NA,NA,NA
228.499,2.2294,23.5250,1.3104,29.9938,NA,NA,NA,NA,NA,NA,NA,NA,NA,NA,NA,NA
228.602,2.2429,24.2756,1.3162,30.5723,NA,NA,NA,NA,NA,NA,NA,NA,NA,NA,NA,NA
228.697,2.2551,24.9525,1.3237,31.3138,NA,NA,NA,NA,NA,NA,NA,NA,NA,NA,NA,NA
228.838,2.2748,26.0451,1.3275,31.6903,NA,NA,NA,NA,NA,NA,NA,NA,NA,NA,NA,NA
228.903,2.2811,26.3912,1.3327,32.2059,NA,NA,NA,NA,NA,NA,NA,NA,NA,NA,NA,NA
228.990,2.2918,26.9839,1.3402,32.9529,NA,NA,NA,NA,NA,NA,NA,NA,NA,NA,NA,NA
229.094,2.3106,28.0283,1.3453,33.4639,NA,NA,NA,NA,NA,NA,NA,NA,NA,NA,NA,NA
229.190,2.3232,28.7233,1.3520,34.1207,NA,NA,NA,NA,NA,NA,NA,NA,NA,NA,NA,NA
229.285,2.3415,29.7383,1.3565,34.5668,NA,NA,NA,NA,NA,NA,NA,NA,NA,NA,NA,NA
229.410,2.3483,30.1131,1.3622,35.1403,NA,NA,NA,NA,NA,NA,NA,NA,NA,NA,NA,NA
229.483,2.3556,30.5187,1.3655,35.4583,NA,NA,NA,NA,NA,NA,NA,NA,NA,NA,NA,NA
229.577,2.3583,30.6717,1.3724,36.1435,NA,NA,NA,NA,NA,NA,NA,NA,NA,NA,NA,NA
229.680,2.3696,31.2944,1.3783,36.7322,NA,NA,NA,NA,NA,NA,NA,NA,NA,NA,NA,NA
229.774,2.3742,31.5511,1.3813,37.0353,NA,NA,NA,NA,NA,NA,NA,NA,NA,NA,NA,NA
229.878,2.3819,31.9788,1.3837,37.2718,NA,NA,NA,NA,NA,NA,NA,NA,NA,NA,NA,NA
229.977,2.3858,32.1938,1.3851,37.4084,NA,NA,NA,NA,NA,NA,NA,NA,NA,NA,NA,NA
230.084,2.3858,32.1938,1.3852,37.4152,NA,NA,NA,NA,NA,NA,NA,NA,NA,NA,NA,NA
230.172,2.3838,32.0829,1.3852,37.4152,NA,NA,NA,NA,NA,NA,NA,NA,NA,NA,NA,NA
230.266,2.3790,31.8135,1.3837,37.2718,NA,NA,NA,NA,NA,NA,NA,NA,NA,NA,NA,NA
230.367,2.3661,31.1032,1.3815,37.0539,NA,NA,NA,NA,NA,NA,NA,NA,NA,NA,NA,NA
230.469,2.3585,30.6804,1.3789,36.7966,NA,NA,NA,NA,NA,NA,NA,NA,NA,NA,NA,NA
230.568,2.3417,29.7500,1.3760,36.5067,NA,NA,NA,NA,NA,NA,NA,NA,NA,NA,NA,NA
230.707,2.3176,28.4118,1.3720,36.1046,NA,NA,NA,NA,NA,NA,NA,NA,NA,NA,NA,NA
230.759,2.3081,27.8881,1.3689,35.8015,NA,NA,NA,NA,NA,NA,NA,NA,NA,NA,NA,NA
230.860,2.2963,27.2314,1.3637,35.2844,NA,NA,NA,NA,NA,NA,NA,NA,NA,NA,NA,NA
230.952,2.2960,27.2167,1.3608,34.9990,NA,NA,NA,NA,NA,NA,NA,NA,NA,NA,NA,NA
231.048,2.2843,26.5673,1.3577,34.6879,NA,NA,NA,NA,NA,NA,NA,NA,NA,NA,NA,NA
231.148,2.2730,25.9410,1.3538,34.3044,NA,NA,NA,NA,NA,NA,NA,NA,NA,NA,NA,NA
231.278,2.2662,25.5648,1.3515,34.0766,NA,NA,NA,NA,NA,NA,NA,NA,NA,NA,NA,NA
231.343,2.2656,25.5329,1.3456,33.4896,NA,NA,NA,NA,NA,NA,NA,NA,NA,NA,NA,NA
231.444,2.2584,25.1336,1.3428,33.2115,NA,NA,NA,NA,NA,NA,NA,NA,NA,NA,NA,NA
231.536,2.2584,25.1336,1.3394,32.8781,NA,NA,NA,NA,NA,NA,NA,NA,NA,NA,NA,NA
231.640,2.2546,24.9246,1.3364,32.5778,NA,NA,NA,NA,NA,NA,NA,NA,NA,NA,NA,NA
231.809,2.2546,24.9246,1.3341,32.3477,NA,NA,NA,NA,NA,NA,NA,NA,NA,NA,NA,NA
231.833,2.2428,24.2706,1.3317,32.1070,NA,NA,NA,NA,NA,NA,NA,NA,NA,NA,NA,NA
231.928,2.2390,24.0608,1.3303,31.9754,NA,NA,NA,NA,NA,NA,NA,NA,NA,NA,NA,NA
232.031,2.2389,24.0547,1.3291,31.8501,NA,NA,NA,NA,NA,NA,NA,NA,NA,NA,NA,NA
232.129,2.2398,24.1046,1.3268,31.6209,NA,NA,NA,NA,NA,NA,NA,NA,NA,NA,NA,NA
232.239,2.2398,24.1046,1.3257,31.5156,NA,NA,NA,NA,NA,NA,NA,NA,NA,NA,NA,NA
232.398,2.2340,23.7836,1.3242,31.3687,NA,NA,NA,NA,NA,NA,NA,NA,NA,NA,NA,NA
232.425,2.2319,23.6678,1.3217,31.1230,NA,NA,NA,NA,NA,NA,NA,NA,NA,NA,NA,NA
232.514,2.2276,23.4269,1.3204,30.9854,NA,NA,NA,NA,NA,NA,NA,NA,NA,NA,NA,NA
232.628,2.2276,23.4269,1.3196,30.9061,NA,NA,NA,NA,NA,NA,NA,NA,NA,NA,NA,NA
232.715,2.2231,23.1791,1.3180,30.7480,NA,NA,NA,NA,NA,NA,NA,NA,NA,NA,NA,NA
232.817,2.2214,23.0836,1.3175,30.6988,NA,NA,NA,NA,NA,NA,NA,NA,NA,NA,NA,NA
232.917,2.2209,23.0564,1.3156,30.5155,NA,NA,NA,NA,NA,NA,NA,NA,NA,NA,NA,NA
233.072,2.2102,22.4626,1.3137,30.3271,NA,NA,NA,NA,NA,NA,NA,NA,NA,NA,NA,NA
233.105,2.2102,22.4626,1.3115,30.1062,NA,NA,NA,NA,NA,NA,NA,NA,NA,NA,NA,NA
233.200,2.2071,22.2929,1.3105,30.0045,NA,NA,NA,NA,NA,NA,NA,NA,NA,NA,NA,NA
233.299,2.2064,22.2543,1.3094,29.8955,NA,NA,NA,NA,NA,NA,NA,NA,NA,NA,NA,NA
233.405,2.2047,22.1573,1.3087,29.8320,NA,NA,NA,NA,NA,NA,NA,NA,NA,NA,NA,NA
233.502,2.2032,22.0778,1.3087,29.8320,NA,NA,NA,NA,NA,NA,NA,NA,NA,NA,NA,NA
233.668,2.2029,22.0577,1.3069,29.6462,NA,NA,NA,NA,NA,NA,NA,NA,NA,NA,NA,NA
233.689,2.1967,21.7150,1.3057,29.5316,NA,NA,NA,NA,NA,NA,NA,NA,NA,NA,NA,NA
233.787,2.1967,21.7150,1.3046,29.4235,NA,NA,NA,NA,NA,NA,NA,NA,NA,NA,NA,NA
233.891,2.1961,21.6808,1.3039,29.3513,NA,NA,NA,NA,NA,NA,NA,NA,NA,NA,NA,NA
233.985,2.1961,21.6808,1.3034,29.3054,NA,NA,NA,NA,NA,NA,NA,NA,NA,NA,NA,NA
234.084,2.1918,21.4451,1.3036,29.3215,NA,NA,NA,NA,NA,NA,NA,NA,NA,NA,NA,NA
234.186,2.1883,21.2473,1.3036,29.3215,NA,NA,NA,NA,NA,NA,NA,NA,NA,NA,NA,NA
234.279,2.1819,20.8970,1.3036,29.3196,NA,NA,NA,NA,NA,NA,NA,NA,NA,NA,NA,NA
234.380,2.1843,21.0283,1.3027,29.2298,NA,NA,NA,NA,NA,NA,NA,NA,NA,NA,NA,NA
234.475,2.1843,21.0283,1.3018,29.1438,NA,NA,NA,NA,NA,NA,NA,NA,NA,NA,NA,NA
234.579,2.1815,20.8718,1.3001,28.9800,NA,NA,NA,NA,NA,NA,NA,NA,NA,NA,NA,NA
234.675,2.1815,20.8718,1.2993,28.8973,NA,NA,NA,NA,NA,NA,NA,NA,NA,NA,NA,NA
234.776,2.1779,20.6758,1.2989,28.8549,NA,NA,NA,NA,NA,NA,NA,NA,NA,NA,NA,NA
234.871,2.1758,20.5575,1.2964,28.6110,NA,NA,NA,NA,NA,NA,NA,NA,NA,NA,NA,NA
234.968,2.1681,20.1299,1.2958,28.5497,NA,NA,NA,NA,NA,NA,NA,NA,NA,NA,NA,NA
235.065,2.1677,20.1110,1.2949,28.4629,NA,NA,NA,NA,NA,NA,NA,NA,NA,NA,NA,NA
235.158,2.1677,20.1110,1.2947,28.4403,NA,NA,NA,NA,NA,NA,NA,NA,NA,NA,NA,NA
235.260,2.1701,20.2388,1.2942,28.3882,NA,NA,NA,NA,NA,NA,NA,NA,NA,NA,NA,NA
235.416,2.1701,20.2388,1.2939,28.3603,NA,NA,NA,NA,NA,NA,NA,NA,NA,NA,NA,NA
235.453,2.1674,20.0924,1.2935,28.3206,NA,NA,NA,NA,NA,NA,NA,NA,NA,NA,NA,NA
235.563,2.1674,20.0924,1.2931,28.2765,NA,NA,NA,NA,NA,NA,NA,NA,NA,NA,NA,NA
235.648,2.1564,19.4839,1.2925,28.2205,NA,NA,NA,NA,NA,NA,NA,NA,NA,NA,NA,NA
235.757,2.1549,19.3965,1.2916,28.1279,NA,NA,NA,NA,NA,NA,NA,NA,NA,NA,NA,NA
235.847,2.1500,19.1291,1.2893,27.9005,NA,NA,NA,NA,NA,NA,NA,NA,NA,NA,NA,NA
235.946,2.1568,19.5022,1.2889,27.8624,NA,NA,NA,NA,NA,NA,NA,NA,NA,NA,NA,NA
236.057,2.1568,19.5022,1.2868,27.6535,NA,NA,NA,NA,NA,NA,NA,NA,NA,NA,NA,NA
236.142,2.1520,19.2407,1.2845,27.4281,NA,NA,NA,NA,NA,NA,NA,NA,NA,NA,NA,NA
236.236,2.1513,19.2008,1.2829,27.2729,NA,NA,NA,NA,NA,NA,NA,NA,NA,NA,NA,NA
236.334,2.1504,19.1514,1.2820,27.1836,NA,NA,NA,NA,NA,NA,NA,NA,NA,NA,NA,NA
236.441,2.1439,18.7876,1.2810,27.0791,NA,NA,NA,NA,NA,NA,NA,NA,NA,NA,NA,NA
236.531,2.1388,18.5071,1.2800,26.9774,NA,NA,NA,NA,NA,NA,NA,NA,NA,NA,NA,NA
236.631,2.1378,18.4526,1.2786,26.8459,NA,NA,NA,NA,NA,NA,NA,NA,NA,NA,NA,NA
236.728,2.1344,18.2655,1.2773,26.7113,NA,NA,NA,NA,NA,NA,NA,NA,NA,NA,NA,NA
236.828,2.1367,18.3880,1.2769,26.6691,NA,NA,NA,NA,NA,NA,NA,NA,NA,NA,NA,NA
236.939,2.1367,18.3880,1.2760,26.5883,NA,NA,NA,NA,NA,NA,NA,NA,NA,NA,NA,NA
237.026,2.1343,18.2582,1.2739,26.3787,NA,NA,NA,NA,NA,NA,NA,NA,NA,NA,NA,NA
237.127,2.1343,18.2582,1.2728,26.2651,NA,NA,NA,NA,NA,NA,NA,NA,NA,NA,NA,NA
237.219,2.1299,18.0151,1.2728,26.2651,NA,NA,NA,NA,NA,NA,NA,NA,NA,NA,NA,NA
237.315,2.1267,17.8343,1.2707,26.0622,NA,NA,NA,NA,NA,NA,NA,NA,NA,NA,NA,NA
237.416,2.1244,17.7077,1.2684,25.8353,NA,NA,NA,NA,NA,NA,NA,NA,NA,NA,NA,NA
237.508,2.1228,17.6211,1.2678,25.7759,NA,NA,NA,NA,NA,NA,NA,NA,NA,NA,NA,NA
237.612,2.1228,17.6211,1.2676,25.7551,NA,NA,NA,NA,NA,NA,NA,NA,NA,NA,NA,NA
237.716,2.1253,17.7592,1.2671,25.7039,NA,NA,NA,NA,NA,NA,NA,NA,NA,NA,NA,NA
237.858,2.1253,17.7592,1.2667,25.6612,NA,NA,NA,NA,NA,NA,NA,NA,NA,NA,NA,NA
237.902,2.1195,17.4379,1.2660,25.5888,NA,NA,NA,NA,NA,NA,NA,NA,NA,NA,NA,NA
238.004,2.1122,17.0310,1.2653,25.5248,NA,NA,NA,NA,NA,NA,NA,NA,NA,NA,NA,NA
238.096,2.1106,16.9452,1.2653,25.5248,NA,NA,NA,NA,NA,NA,NA,NA,NA,NA,NA,NA
238.195,2.1106,16.9452,1.2653,25.5201,NA,NA,NA,NA,NA,NA,NA,NA,NA,NA,NA,NA
238.298,2.1074,16.7652,1.2643,25.4272,NA,NA,NA,NA,NA,NA,NA,NA,NA,NA,NA,NA
238.398,2.1074,16.7652,1.2636,25.3530,NA,NA,NA,NA,NA,NA,NA,NA,NA,NA,NA,NA
238.492,2.1032,16.5317,1.2631,25.3020,NA,NA,NA,NA,NA,NA,NA,NA,NA,NA,NA,NA
238.589,2.1033,16.5403,1.2625,25.2477,NA,NA,NA,NA,NA,NA,NA,NA,NA,NA,NA,NA
238.687,2.1033,16.5403,1.2613,25.1260,NA,NA,NA,NA,NA,NA,NA,NA,NA,NA,NA,NA
238.791,2.1020,16.4663,1.2613,25.1260,NA,NA,NA,NA,NA,NA,NA,NA,NA,NA,NA,NA
238.878,2.1020,16.4663,1.2605,25.0440,NA,NA,NA,NA,NA,NA,NA,NA,NA,NA,NA,NA
238.980,2.1018,16.4569,1.2596,24.9526,NA,NA,NA,NA,NA,NA,NA,NA,NA,NA,NA,NA
239.074,2.1018,16.4569,1.2589,24.8844,NA,NA,NA,NA,NA,NA,NA,NA,NA,NA,NA,NA
239.173,2.0952,16.0921,1.2581,24.8066,NA,NA,NA,NA,NA,NA,NA,NA,NA,NA,NA,NA
239.285,2.0925,15.9425,1.2577,24.7655,NA,NA,NA,NA,NA,NA,NA,NA,NA,NA,NA,NA
239.371,2.0914,15.8803,1.2577,24.7655,NA,NA,NA,NA,NA,NA,NA,NA,NA,NA,NA,NA
239.474,2.0910,15.8587,1.2563,24.6273,NA,NA,NA,NA,NA,NA,NA,NA,NA,NA,NA,NA
239.627,2.0904,15.8274,1.2555,24.5500,NA,NA,NA,NA,NA,NA,NA,NA,NA,NA,NA,NA
239.666,2.0909,15.8557,1.2552,24.5258,NA,NA,NA,NA,NA,NA,NA,NA,NA,NA,NA,NA
239.768,2.0909,15.8557,1.2545,24.4558,NA,NA,NA,NA,NA,NA,NA,NA,NA,NA,NA,NA
239.861,2.0841,15.4752,1.2527,24.2760,NA,NA,NA,NA,NA,NA,NA,NA,NA,NA,NA,NA
239.963,2.0826,15.3939,1.2517,24.1770,NA,NA,NA,NA,NA,NA,NA,NA,NA,NA,NA,NA
240.054,2.0833,15.4319,1.2513,24.1336,NA,NA,NA,NA,NA,NA,NA,NA,NA,NA,NA,NA
240.208,2.0833,15.4319,1.2501,24.0156,NA,NA,NA,NA,NA,NA,NA,NA,NA,NA,NA,NA
240.258,2.0829,15.4079,1.2494,23.9440,NA,NA,NA,NA,NA,NA,NA,NA,NA,NA,NA,NA
240.352,2.0804,15.2715,1.2485,23.8602,NA,NA,NA,NA,NA,NA,NA,NA,NA,NA,NA,NA
240.445,2.0800,15.2508,1.2481,23.8130,NA,NA,NA,NA,NA,NA,NA,NA,NA,NA,NA,NA
240.544,2.0783,15.1561,1.2464,23.6481,NA,NA,NA,NA,NA,NA,NA,NA,NA,NA,NA,NA
240.642,2.0783,15.1561,1.2464,23.6481,NA,NA,NA,NA,NA,NA,NA,NA,NA,NA,NA,NA
240.739,2.0727,14.8431,1.2457,23.5757,NA,NA,NA,NA,NA,NA,NA,NA,NA,NA,NA,NA
240.843,2.0677,14.5676,1.2456,23.5682,NA,NA,NA,NA,NA,NA,NA,NA,NA,NA,NA,NA
240.944,2.0677,14.5676,1.2446,23.4692,NA,NA,NA,NA,NA,NA,NA,NA,NA,NA,NA,NA
241.034,2.0637,14.3440,1.2437,23.3846,NA,NA,NA,NA,NA,NA,NA,NA,NA,NA,NA,NA
241.134,2.0637,14.3440,1.2435,23.3558,NA,NA,NA,NA,NA,NA,NA,NA,NA,NA,NA,NA
241.230,2.0631,14.3115,1.2432,23.3276,NA,NA,NA,NA,NA,NA,NA,NA,NA,NA,NA,NA
241.332,2.0631,14.3115,1.2427,23.2794,NA,NA,NA,NA,NA,NA,NA,NA,NA,NA,NA,NA
241.424,2.0572,13.9840,1.2415,23.1665,NA,NA,NA,NA,NA,NA,NA,NA,NA,NA,NA,NA
241.526,2.0534,13.7766,1.2412,23.1286,NA,NA,NA,NA,NA,NA,NA,NA,NA,NA,NA,NA
241.630,2.0534,13.7766,1.2399,23.0055,NA,NA,NA,NA,NA,NA,NA,NA,NA,NA,NA,NA
241.722,2.0506,13.6204,1.2388,22.8959,NA,NA,NA,NA,NA,NA,NA,NA,NA,NA,NA,NA
241.825,2.0513,13.6603,1.2376,22.7764,NA,NA,NA,NA,NA,NA,NA,NA,NA,NA,NA,NA
241.914,2.0513,13.6603,1.2371,22.7267,NA,NA,NA,NA,NA,NA,NA,NA,NA,NA,NA,NA
242.072,2.0492,13.5441,1.2363,22.6434,NA,NA,NA,NA,NA,NA,NA,NA,NA,NA,NA,NA
242.113,2.0488,13.5214,1.2356,22.5806,NA,NA,NA,NA,NA,NA,NA,NA,NA,NA,NA,NA
242.219,2.0488,13.5214,1.2358,22.6013,NA,NA,NA,NA,NA,NA,NA,NA,NA,NA,NA,NA
242.305,2.0425,13.1699,1.2358,22.6013,NA,NA,NA,NA,NA,NA,NA,NA,NA,NA,NA,NA
242.415,2.0402,13.0463,1.2350,22.5150,NA,NA,NA,NA,NA,NA,NA,NA,NA,NA,NA,NA
242.508,2.0469,13.4137,1.2334,22.3577,NA,NA,NA,NA,NA,NA,NA,NA,NA,NA,NA,NA
242.631,2.0664,14.4967,1.2356,22.5800,NA,NA,NA,NA,NA,NA,NA,NA,NA,NA,NA,NA
242.706,2.0849,15.5207,1.2427,23.2858,NA,NA,NA,NA,NA,NA,NA,NA,NA,NA,NA,NA
242.801,2.1150,17.1859,1.2503,24.0372,NA,NA,NA,NA,NA,NA,NA,NA,NA,NA,NA,NA
242.892,2.1286,17.9430,1.2597,24.9710,NA,NA,NA,NA,NA,NA,NA,NA,NA,NA,NA,NA
242.991,2.1515,19.2091,1.2675,25.7444,NA,NA,NA,NA,NA,NA,NA,NA,NA,NA,NA,NA
243.094,2.1600,19.6800,1.2751,26.4918,NA,NA,NA,NA,NA,NA,NA,NA,NA,NA,NA,NA
243.225,2.1758,20.5562,1.2799,26.9762,NA,NA,NA,NA,NA,NA,NA,NA,NA,NA,NA,NA
243.290,2.1955,21.6464,1.2844,27.4135,NA,NA,NA,NA,NA,NA,NA,NA,NA,NA,NA,NA
243.393,2.2103,22.4661,1.2917,28.1371,NA,NA,NA,NA,NA,NA,NA,NA,NA,NA,NA,NA
243.488,2.2214,23.0814,1.2956,28.5307,NA,NA,NA,NA,NA,NA,NA,NA,NA,NA,NA,NA
243.581,2.2315,23.6412,1.3031,29.2735,NA,NA,NA,NA,NA,NA,NA,NA,NA,NA,NA,NA
243.696,2.2439,24.3324,1.3073,29.6897,NA,NA,NA,NA,NA,NA,NA,NA,NA,NA,NA,NA
243.778,2.2518,24.7702,1.3150,30.4560,NA,NA,NA,NA,NA,NA,NA,NA,NA,NA,NA,NA
243.886,2.2589,25.1630,1.3190,30.8498,NA,NA,NA,NA,NA,NA,NA,NA,NA,NA,NA,NA
243.971,2.2744,26.0218,1.3234,31.2850,NA,NA,NA,NA,NA,NA,NA,NA,NA,NA,NA,NA
244.080,2.2808,26.3772,1.3268,31.6257,NA,NA,NA,NA,NA,NA,NA,NA,NA,NA,NA,NA
244.158,2.2998,27.4263,1.3330,32.2389,NA,NA,NA,NA,NA,NA,NA,NA,NA,NA,NA,NA
244.274,2.3025,27.5774,1.3373,32.6653,NA,NA,NA,NA,NA,NA,NA,NA,NA,NA,NA,NA
244.391,2.3150,28.2693,1.3409,33.0197,NA,NA,NA,NA,NA,NA,NA,NA,NA,NA,NA,NA
244.471,2.3150,28.2693,1.3459,33.5214,NA,NA,NA,NA,NA,NA,NA,NA,NA,NA,NA,NA
244.567,2.3250,28.8239,1.3486,33.7862,NA,NA,NA,NA,NA,NA,NA,NA,NA,NA,NA,NA
244.660,2.3273,28.9494,1.3514,34.0653,NA,NA,NA,NA,NA,NA,NA,NA,NA,NA,NA,NA
244.754,2.3273,28.9494,1.3533,34.2555,NA,NA,NA,NA,NA,NA,NA,NA,NA,NA,NA,NA
244.864,2.3264,28.8998,1.3534,34.2608,NA,NA,NA,NA,NA,NA,NA,NA,NA,NA,NA,NA
244.975,2.3264,28.8998,1.3534,34.2608,NA,NA,NA,NA,NA,NA,NA,NA,NA,NA,NA,NA
245.070,2.3248,28.8120,1.3534,34.2603,NA,NA,NA,NA,NA,NA,NA,NA,NA,NA,NA,NA
245.145,2.3248,28.8120,1.3520,34.1204,NA,NA,NA,NA,NA,NA,NA,NA,NA,NA,NA,NA
245.249,2.3184,28.4605,1.3508,34.0074,NA,NA,NA,NA,NA,NA,NA,NA,NA,NA,NA,NA
245.351,2.3111,28.0538,1.3491,33.8403,NA,NA,NA,NA,NA,NA,NA,NA,NA,NA,NA,NA
245.444,2.3075,27.8559,1.3476,33.6842,NA,NA,NA,NA,NA,NA,NA,NA,NA,NA,NA,NA
245.535,2.3006,27.4724,1.3431,33.2416,NA,NA,NA,NA,NA,NA,NA,NA,NA,NA,NA,NA
245.645,2.2884,26.7957,1.3413,33.0640,NA,NA,NA,NA,NA,NA,NA,NA,NA,NA,NA,NA
245.737,2.2831,26.5008,1.3383,32.7613,NA,NA,NA,NA,NA,NA,NA,NA,NA,NA,NA,NA
245.831,2.2694,25.7413,1.3356,32.5017,NA,NA,NA,NA,NA,NA,NA,NA,NA,NA,NA,NA
245.930,2.2644,25.4655,1.3341,32.3476,NA,NA,NA,NA,NA,NA,NA,NA,NA,NA,NA,NA
246.026,2.2522,24.7907,1.3314,32.0799,NA,NA,NA,NA,NA,NA,NA,NA,NA,NA,NA,NA
246.123,2.2447,24.3757,1.3275,31.6914,NA,NA,NA,NA,NA,NA,NA,NA,NA,NA,NA,NA
246.222,2.2431,24.2842,1.3251,31.4540,NA,NA,NA,NA,NA,NA,NA,NA,NA,NA,NA,NA
246.335,2.2375,23.9780,1.3229,31.2417,NA,NA,NA,NA,NA,NA,NA,NA,NA,NA,NA,NA
246.417,2.2375,23.9780,1.3205,31.0037,NA,NA,NA,NA,NA,NA,NA,NA,NA,NA,NA,NA
246.515,2.2321,23.6747,1.3198,30.9290,NA,NA,NA,NA,NA,NA,NA,NA,NA,NA,NA,NA
246.625,2.2298,23.5475,1.3195,30.8971,NA,NA,NA,NA,NA,NA,NA,NA,NA,NA,NA,NA
246.716,2.2233,23.1867,1.3168,30.6276,NA,NA,NA,NA,NA,NA,NA,NA,NA,NA,NA,NA
246.837,2.2161,22.7883,1.3152,30.4774,NA,NA,NA,NA,NA,NA,NA,NA,NA,NA,NA,NA
246.907,2.2161,22.7883,1.3133,30.2895,NA,NA,NA,NA,NA,NA,NA,NA,NA,NA,NA,NA
247.009,2.2029,22.0596,1.3104,30.0006,NA,NA,NA,NA,NA,NA,NA,NA,NA,NA,NA,NA
247.106,2.1994,21.8662,1.3070,29.6580,NA,NA,NA,NA,NA,NA,NA,NA,NA,NA,NA,NA
247.204,2.1966,21.7105,1.3053,29.4864,NA,NA,NA,NA,NA,NA,NA,NA,NA,NA,NA,NA
247.302,2.1966,21.7089,1.3042,29.3864,NA,NA,NA,NA,NA,NA,NA,NA,NA,NA,NA,NA
247.399,2.1914,21.4230,1.3024,29.2057,NA,NA,NA,NA,NA,NA,NA,NA,NA,NA,NA,NA
247.494,2.1860,21.1211,1.3016,29.1238,NA,NA,NA,NA,NA,NA,NA,NA,NA,NA,NA,NA
247.599,2.1859,21.1175,1.3001,28.9751,NA,NA,NA,NA,NA,NA,NA,NA,NA,NA,NA,NA
247.694,2.1835,20.9842,1.2976,28.7311,NA,NA,NA,NA,NA,NA,NA,NA,NA,NA,NA,NA
247.787,2.1835,20.9842,1.2962,28.5862,NA,NA,NA,NA,NA,NA,NA,NA,NA,NA,NA,NA
247.900,2.1773,20.6384,1.2933,28.3030,NA,NA,NA,NA,NA,NA,NA,NA,NA,NA,NA,NA
248.021,2.1773,20.6384,1.2917,28.1397,NA,NA,NA,NA,NA,NA,NA,NA,NA,NA,NA,NA
248.090,2.1665,20.0401,1.2909,28.0673,NA,NA,NA,NA,NA,NA,NA,NA,NA,NA,NA,NA
248.185,2.1639,19.8976,1.2905,28.0193,NA,NA,NA,NA,NA,NA,NA,NA,NA,NA,NA,NA
248.283,2.1667,20.0540,1.2912,28.0933,NA,NA,NA,NA,NA,NA,NA,NA,NA,NA,NA,NA
248.376,2.1836,20.9913,1.2964,28.6106,NA,NA,NA,NA,NA,NA,NA,NA,NA,NA,NA,NA
248.475,2.2029,22.0569,1.3007,29.0307,NA,NA,NA,NA,NA,NA,NA,NA,NA,NA,NA,NA
248.577,2.2202,23.0178,1.3034,29.3075,NA,NA,NA,NA,NA,NA,NA,NA,NA,NA,NA,NA
248.697,2.2337,23.7645,1.3087,29.8316,NA,NA,NA,NA,NA,NA,NA,NA,NA,NA,NA,NA
248.767,2.2485,24.5860,1.3123,30.1837,NA,NA,NA,NA,NA,NA,NA,NA,NA,NA,NA,NA
248.872,2.2485,24.5860,1.3144,30.3907,NA,NA,NA,NA,NA,NA,NA,NA,NA,NA,NA,NA
248.965,2.2520,24.7804,1.3149,30.4393,NA,NA,NA,NA,NA,NA,NA,NA,NA,NA,NA,NA
249.060,2.2521,24.7865,1.3149,30.4452,NA,NA,NA,NA,NA,NA,NA,NA,NA,NA,NA,NA
249.207,2.2521,24.7865,1.3155,30.4999,NA,NA,NA,NA,NA,NA,NA,NA,NA,NA,NA,NA
249.256,2.2521,24.7842,1.3157,30.5238,NA,NA,NA,NA,NA,NA,NA,NA,NA,NA,NA,NA
249.355,2.2487,24.5975,1.3157,30.5254,NA,NA,NA,NA,NA,NA,NA,NA,NA,NA,NA,NA
249.464,2.2411,24.1732,1.3157,30.5254,NA,NA,NA,NA,NA,NA,NA,NA,NA,NA,NA,NA
249.554,2.2330,23.7279,1.3146,30.4161,NA,NA,NA,NA,NA,NA,NA,NA,NA,NA,NA,NA
249.648,2.2184,22.9160,1.3112,30.0715,NA,NA,NA,NA,NA,NA,NA,NA,NA,NA,NA,NA
249.782,2.2165,22.8119,1.3091,29.8710,NA,NA,NA,NA,NA,NA,NA,NA,NA,NA,NA,NA
249.841,2.1980,21.7899,1.3064,29.5966,NA,NA,NA,NA,NA,NA,NA,NA,NA,NA,NA,NA
249.950,2.1980,21.7899,1.3046,29.4264,NA,NA,NA,NA,NA,NA,NA,NA,NA,NA,NA,NA
250.046,2.1886,21.2674,1.3025,29.2182,NA,NA,NA,NA,NA,NA,NA,NA,NA,NA,NA,NA
250.141,2.1843,21.0300,1.3006,29.0202,NA,NA,NA,NA,NA,NA,NA,NA,NA,NA,NA,NA
250.246,2.1746,20.4930,1.2993,28.8963,NA,NA,NA,NA,NA,NA,NA,NA,NA,NA,NA,NA
250.410,2.1733,20.4164,1.2968,28.6470,NA,NA,NA,NA,NA,NA,NA,NA,NA,NA,NA,NA
250.431,2.1717,20.3303,1.2951,28.4793,NA,NA,NA,NA,NA,NA,NA,NA,NA,NA,NA,NA
250.518,2.1655,19.9887,1.2937,28.3433,NA,NA,NA,NA,NA,NA,NA,NA,NA,NA,NA,NA
250.619,2.1666,20.0470,1.2922,28.1876,NA,NA,NA,NA,NA,NA,NA,NA,NA,NA,NA,NA
250.727,2.1666,20.0470,1.2911,28.0872,NA,NA,NA,NA,NA,NA,NA,NA,NA,NA,NA,NA
250.828,2.1617,19.7785,1.2905,28.0245,NA,NA,NA,NA,NA,NA,NA,NA,NA,NA,NA,NA
250.920,2.1559,19.4569,1.2892,27.8943,NA,NA,NA,NA,NA,NA,NA,NA,NA,NA,NA,NA
251.042,2.1535,19.3241,1.2886,27.8326,NA,NA,NA,NA,NA,NA,NA,NA,NA,NA,NA,NA
251.125,2.1488,19.0617,1.2853,27.5066,NA,NA,NA,NA,NA,NA,NA,NA,NA,NA,NA,NA
251.220,2.1513,19.2009,1.2841,27.3876,NA,NA,NA,NA,NA,NA,NA,NA,NA,NA,NA,NA
251.320,2.1513,19.2009,1.2828,27.2606,NA,NA,NA,NA,NA,NA,NA,NA,NA,NA,NA,NA
251.417,2.1464,18.9286,1.2816,27.1382,NA,NA,NA,NA,NA,NA,NA,NA,NA,NA,NA,NA
251.512,2.1464,18.9286,1.2788,26.8634,NA,NA,NA,NA,NA,NA,NA,NA,NA,NA,NA,NA
251.656,2.1361,18.3592,1.2772,26.7064,NA,NA,NA,NA,NA,NA,NA,NA,NA,NA,NA,NA
251.706,2.1323,18.1493,1.2762,26.6087,NA,NA,NA,NA,NA,NA,NA,NA,NA,NA,NA,NA
251.802,2.1259,17.7949,1.2745,26.4332,NA,NA,NA,NA,NA,NA,NA,NA,NA,NA,NA,NA
251.911,2.1259,17.7949,1.2722,26.2095,NA,NA,NA,NA,NA,NA,NA,NA,NA,NA,NA,NA
251.998,2.1248,17.7305,1.2713,26.1148,NA,NA,NA,NA,NA,NA,NA,NA,NA,NA,NA,NA
252.102,2.1232,17.6440,1.2700,25.9847,NA,NA,NA,NA,NA,NA,NA,NA,NA,NA,NA,NA
252.203,2.1232,17.6440,1.2695,25.9378,NA,NA,NA,NA,NA,NA,NA,NA,NA,NA,NA,NA
252.292,2.1227,17.6128,1.2689,25.8786,NA,NA,NA,NA,NA,NA,NA,NA,NA,NA,NA,NA
252.400,2.1209,17.5170,1.2673,25.7220,NA,NA,NA,NA,NA,NA,NA,NA,NA,NA,NA,NA
252.493,2.1293,17.9827,1.2687,25.8622,NA,NA,NA,NA,NA,NA,NA,NA,NA,NA,NA,NA
252.595,2.1516,19.2154,1.2719,26.1817,NA,NA,NA,NA,NA,NA,NA,NA,NA,NA,NA,NA
252.692,2.1615,19.7637,1.2802,26.9990,NA,NA,NA,NA,NA,NA,NA,NA,NA,NA,NA,NA
252.802,2.1971,21.7366,1.2878,27.7546,NA,NA,NA,NA,NA,NA,NA,NA,NA,NA,NA,NA
252.878,2.2094,22.4178,1.2953,28.5009,NA,NA,NA,NA,NA,NA,NA,NA,NA,NA,NA,NA
252.985,2.2353,23.8554,1.3001,28.9778,NA,NA,NA,NA,NA,NA,NA,NA,NA,NA,NA,NA
253.075,2.2424,24.2470,1.3037,29.3342,NA,NA,NA,NA,NA,NA,NA,NA,NA,NA,NA,NA
253.175,2.2618,25.3240,1.3107,30.0232,NA,NA,NA,NA,NA,NA,NA,NA,NA,NA,NA,NA
253.273,2.2805,26.3603,1.3157,30.5272,NA,NA,NA,NA,NA,NA,NA,NA,NA,NA,NA,NA
253.379,2.2915,26.9681,1.3234,31.2825,NA,NA,NA,NA,NA,NA,NA,NA,NA,NA,NA,NA
253.491,2.3156,28.3044,1.3293,31.8760,NA,NA,NA,NA,NA,NA,NA,NA,NA,NA,NA,NA
253.566,2.3213,28.6164,1.3334,32.2794,NA,NA,NA,NA,NA,NA,NA,NA,NA,NA,NA,NA
253.667,2.3387,29.5833,1.3408,33.0097,NA,NA,NA,NA,NA,NA,NA,NA,NA,NA,NA,NA
253.759,2.3462,30.0004,1.3446,33.3865,NA,NA,NA,NA,NA,NA,NA,NA,NA,NA,NA,NA
253.868,2.3521,30.3240,1.3510,34.0286,NA,NA,NA,NA,NA,NA,NA,NA,NA,NA,NA,NA
254.018,2.3548,30.4762,1.3564,34.5630,NA,NA,NA,NA,NA,NA,NA,NA,NA,NA,NA,NA
254.056,2.3564,30.5651,1.3611,35.0301,NA,NA,NA,NA,NA,NA,NA,NA,NA,NA,NA,NA
254.155,2.3581,30.6607,1.3619,35.1081,NA,NA,NA,NA,NA,NA,NA,NA,NA,NA,NA,NA
254.251,2.3581,30.6607,1.3643,35.3421,NA,NA,NA,NA,NA,NA,NA,NA,NA,NA,NA,NA
254.356,2.3562,30.5539,1.3655,35.4652,NA,NA,NA,NA,NA,NA,NA,NA,NA,NA,NA,NA
254.451,2.3562,30.5539,1.3655,35.4652,NA,NA,NA,NA,NA,NA,NA,NA,NA,NA,NA,NA
254.548,2.3533,30.3919,1.3645,35.3629,NA,NA,NA,NA,NA,NA,NA,NA,NA,NA,NA,NA
254.641,2.3533,30.3919,1.3641,35.3273,NA,NA,NA,NA,NA,NA,NA,NA,NA,NA,NA,NA
254.740,2.3479,30.0911,1.3636,35.2761,NA,NA,NA,NA,NA,NA,NA,NA,NA,NA,NA,NA
254.844,2.3385,29.5715,1.3630,35.2126,NA,NA,NA,NA,NA,NA,NA,NA,NA,NA,NA,NA
254.936,2.3334,29.2870,1.3622,35.1316,NA,NA,NA,NA,NA,NA,NA,NA,NA,NA,NA,NA
255.033,2.3334,29.2870,1.3613,35.0438,NA,NA,NA,NA,NA,NA,NA,NA,NA,NA,NA,NA
255.132,2.3184,28.4574,1.3607,34.9870,NA,NA,NA,NA,NA,NA,NA,NA,NA,NA,NA,NA
255.280,2.3068,27.8180,1.3585,34.7646,NA,NA,NA,NA,NA,NA,NA,NA,NA,NA,NA,NA
255.326,2.3032,27.6150,1.3552,34.4453,NA,NA,NA,NA,NA,NA,NA,NA,NA,NA,NA,NA
255.425,2.2972,27.2834,1.3517,34.0925,NA,NA,NA,NA,NA,NA,NA,NA,NA,NA,NA,NA
255.523,2.2953,27.1777,1.3479,33.7219,NA,NA,NA,NA,NA,NA,NA,NA,NA,NA,NA,NA
255.626,2.2906,26.9168,1.3474,33.6643,NA,NA,NA,NA,NA,NA,NA,NA,NA,NA,NA,NA
255.733,2.2906,26.9168,1.3447,33.3964,NA,NA,NA,NA,NA,NA,NA,NA,NA,NA,NA,NA
255.821,2.2879,26.7691,1.3436,33.2877,NA,NA,NA,NA,NA,NA,NA,NA,NA,NA,NA,NA
255.913,2.2869,26.7156,1.3414,33.0752,NA,NA,NA,NA,NA,NA,NA,NA,NA,NA,NA,NA
256.011,2.2812,26.3986,1.3403,32.9614,NA,NA,NA,NA,NA,NA,NA,NA,NA,NA,NA,NA
256.114,2.2727,25.9273,1.3380,32.7362,NA,NA,NA,NA,NA,NA,NA,NA,NA,NA,NA,NA
256.213,2.2687,25.7053,1.3371,32.6418,NA,NA,NA,NA,NA,NA,NA,NA,NA,NA,NA,NA
256.307,2.2669,25.6035,1.3354,32.4753,NA,NA,NA,NA,NA,NA,NA,NA,NA,NA,NA,NA
256.455,2.2664,25.5774,1.3334,32.2754,NA,NA,NA,NA,NA,NA,NA,NA,NA,NA,NA,NA
256.503,2.2628,25.3772,1.3313,32.0735,NA,NA,NA,NA,NA,NA,NA,NA,NA,NA,NA,NA
256.606,2.2628,25.3772,1.3301,31.9474,NA,NA,NA,NA,NA,NA,NA,NA,NA,NA,NA,NA
256.695,2.2562,25.0114,1.3291,31.8507,NA,NA,NA,NA,NA,NA,NA,NA,NA,NA,NA,NA
256.800,2.2499,24.6642,1.3272,31.6637,NA,NA,NA,NA,NA,NA,NA,NA,NA,NA,NA,NA
256.899,2.2446,24.3680,1.3248,31.4242,NA,NA,NA,NA,NA,NA,NA,NA,NA,NA,NA,NA
257.023,2.2368,23.9363,1.3205,30.9955,NA,NA,NA,NA,NA,NA,NA,NA,NA,NA,NA,NA
257.093,2.2341,23.7869,1.3181,30.7652,NA,NA,NA,NA,NA,NA,NA,NA,NA,NA,NA,NA
257.189,2.2221,23.1227,1.3158,30.5283,NA,NA,NA,NA,NA,NA,NA,NA,NA,NA,NA,NA
257.285,2.2214,23.0840,1.3141,30.3617,NA,NA,NA,NA,NA,NA,NA,NA,NA,NA,NA,NA
257.397,2.2096,22.4312,1.3115,30.1090,NA,NA,NA,NA,NA,NA,NA,NA,NA,NA,NA,NA
257.485,2.2096,22.4312,1.3101,29.9710,NA,NA,NA,NA,NA,NA,NA,NA,NA,NA,NA,NA
257.584,2.2154,22.7530,1.3091,29.8639,NA,NA,NA,NA,NA,NA,NA,NA,NA,NA,NA,NA
257.675,2.2321,23.6788,1.3093,29.8864,NA,NA,NA,NA,NA,NA,NA,NA,NA,NA,NA,NA
257.775,2.2508,24.7120,1.3155,30.5013,NA,NA,NA,NA,NA,NA,NA,NA,NA,NA,NA,NA
257.872,2.2661,25.5618,1.3186,30.8067,NA,NA,NA,NA,NA,NA,NA,NA,NA,NA,NA,NA
257.971,2.2815,26.4162,1.3235,31.2953,NA,NA,NA,NA,NA,NA,NA,NA,NA,NA,NA,NA
258.083,2.3094,27.9598,1.3290,31.8414,NA,NA,NA,NA,NA,NA,NA,NA,NA,NA,NA,NA
258.177,2.3193,28.5066,1.3355,32.4872,NA,NA,NA,NA,NA,NA,NA,NA,NA,NA,NA,NA
258.263,2.3310,29.1554,1.3457,33.4965,NA,NA,NA,NA,NA,NA,NA,NA,NA,NA,NA,NA
258.367,2.3431,29.8294,1.3520,34.1260,NA,NA,NA,NA,NA,NA,NA,NA,NA,NA,NA,NA
258.459,2.3554,30.5111,1.3560,34.5246,NA,NA,NA,NA,NA,NA,NA,NA,NA,NA,NA,NA
258.562,2.3669,31.1481,1.3633,35.2482,NA,NA,NA,NA,NA,NA,NA,NA,NA,NA,NA,NA
258.660,2.3783,31.7779,1.3761,36.5170,NA,NA,NA,NA,NA,NA,NA,NA,NA,NA,NA,NA
258.757,2.3993,32.9407,1.3821,37.1058,NA,NA,NA,NA,NA,NA,NA,NA,NA,NA,NA,NA
258.886,2.4026,33.1218,1.3906,37.9578,NA,NA,NA,NA,NA,NA,NA,NA,NA,NA,NA,NA
258.953,2.4115,33.6155,1.3956,38.4475,NA,NA,NA,NA,NA,NA,NA,NA,NA,NA,NA,NA
259.056,2.4248,34.3543,1.4011,38.9991,NA,NA,NA,NA,NA,NA,NA,NA,NA,NA,NA,NA
259.148,2.4292,34.5956,1.4042,39.3063,NA,NA,NA,NA,NA,NA,NA,NA,NA,NA,NA,NA
259.251,2.4393,35.1563,1.4111,39.9885,NA,NA,NA,NA,NA,NA,NA,NA,NA,NA,NA,NA
259.343,2.4465,35.5569,1.4144,40.3138,NA,NA,NA,NA,NA,NA,NA,NA,NA,NA,NA,NA
259.453,2.4505,35.7752,1.4160,40.4696,NA,NA,NA,NA,NA,NA,NA,NA,NA,NA,NA,NA
259.542,2.4505,35.7752,1.4180,40.6666,NA,NA,NA,NA,NA,NA,NA,NA,NA,NA,NA,NA
259.645,2.4497,35.7335,1.4180,40.6666,NA,NA,NA,NA,NA,NA,NA,NA,NA,NA,NA,NA
259.736,2.4497,35.7335,1.4178,40.6521,NA,NA,NA,NA,NA,NA,NA,NA,NA,NA,NA,NA
259.830,2.4408,35.2394,1.4178,40.6516,NA,NA,NA,NA,NA,NA,NA,NA,NA,NA,NA,NA
259.936,2.4290,34.5841,1.4178,40.6516,NA,NA,NA,NA,NA,NA,NA,NA,NA,NA,NA,NA
260.095,2.4261,34.4256,1.4164,40.5148,NA,NA,NA,NA,NA,NA,NA,NA,NA,NA,NA,NA
260.130,2.4126,33.6778,1.4143,40.3029,NA,NA,NA,NA,NA,NA,NA,NA,NA,NA,NA,NA
260.219,2.4076,33.3984,1.4129,40.1668,NA,NA,NA,NA,NA,NA,NA,NA,NA,NA,NA,NA
260.339,2.3943,32.6622,1.4095,39.8275,NA,NA,NA,NA,NA,NA,NA,NA,NA,NA,NA,NA
260.430,2.3786,31.7958,1.4056,39.4456,NA,NA,NA,NA,NA,NA,NA,NA,NA,NA,NA,NA
260.517,2.3753,31.6110,1.4028,39.1633,NA,NA,NA,NA,NA,NA,NA,NA,NA,NA,NA,NA
260.669,2.3753,31.6110,1.3987,38.7546,NA,NA,NA,NA,NA,NA,NA,NA,NA,NA,NA,NA
260.714,2.3555,30.5151,1.3963,38.5200,NA,NA,NA,NA,NA,NA,NA,NA,NA,NA,NA,NA
260.809,2.3507,30.2496,1.3898,37.8763,NA,NA,NA,NA,NA,NA,NA,NA,NA,NA,NA,NA
260.919,2.3455,29.9616,1.3866,37.5587,NA,NA,NA,NA,NA,NA,NA,NA,NA,NA,NA,NA
261.005,2.3434,29.8456,1.3826,37.1564,NA,NA,NA,NA,NA,NA,NA,NA,NA,NA,NA,NA
261.108,2.3337,29.3078,1.3803,36.9315,NA,NA,NA,NA,NA,NA,NA,NA,NA,NA,NA,NA
261.213,2.3320,29.2146,1.3785,36.7556,NA,NA,NA,NA,NA,NA,NA,NA,NA,NA,NA,NA
261.299,2.3257,28.8633,1.3753,36.4351,NA,NA,NA,NA,NA,NA,NA,NA,NA,NA,NA,NA
261.400,2.3129,28.1542,1.3714,36.0479,NA,NA,NA,NA,NA,NA,NA,NA,NA,NA,NA,NA
261.503,2.3117,28.0895,1.3689,35.7983,NA,NA,NA,NA,NA,NA,NA,NA,NA,NA,NA,NA
261.616,2.3091,27.9455,1.3669,35.5977,NA,NA,NA,NA,NA,NA,NA,NA,NA,NA,NA,NA
261.695,2.3091,27.9455,1.3652,35.4315,NA,NA,NA,NA,NA,NA,NA,NA,NA,NA,NA,NA
261.786,2.3034,27.6278,1.3641,35.3202,NA,NA,NA,NA,NA,NA,NA,NA,NA,NA,NA,NA
261.887,2.3008,27.4847,1.3633,35.2451,NA,NA,NA,NA,NA,NA,NA,NA,NA,NA,NA,NA
261.997,2.2966,27.2525,1.3588,34.8016,NA,NA,NA,NA,NA,NA,NA,NA,NA,NA,NA,NA
262.086,2.2929,27.0482,1.3566,34.5832,NA,NA,NA,NA,NA,NA,NA,NA,NA,NA,NA,NA
262.186,2.2929,27.0482,1.3543,34.3510,NA,NA,NA,NA,NA,NA,NA,NA,NA,NA,NA,NA
262.276,2.2847,26.5903,1.3509,34.0166,NA,NA,NA,NA,NA,NA,NA,NA,NA,NA,NA,NA
262.402,2.2844,26.5728,1.3495,33.8743,NA,NA,NA,NA,NA,NA,NA,NA,NA,NA,NA,NA
262.474,2.2851,26.6129,1.3476,33.6860,NA,NA,NA,NA,NA,NA,NA,NA,NA,NA,NA,NA
262.573,2.2851,26.6129,1.3470,33.6300,NA,NA,NA,NA,NA,NA,NA,NA,NA,NA,NA,NA
262.673,2.2794,26.3000,1.3452,33.4499,NA,NA,NA,NA,NA,NA,NA,NA,NA,NA,NA,NA
262.773,2.2767,26.1497,1.3445,33.3847,NA,NA,NA,NA,NA,NA,NA,NA,NA,NA,NA,NA
262.866,2.2767,26.1497,1.3436,33.2857,NA,NA,NA,NA,NA,NA,NA,NA,NA,NA,NA,NA
262.965,2.2757,26.0906,1.3427,33.1972,NA,NA,NA,NA,NA,NA,NA,NA,NA,NA,NA,NA
263.093,2.2757,26.0906,1.3425,33.1784,NA,NA,NA,NA,NA,NA,NA,NA,NA,NA,NA,NA
263.164,2.2719,25.8817,1.3425,33.1784,NA,NA,NA,NA,NA,NA,NA,NA,NA,NA,NA,NA
263.257,2.2719,25.8817,1.3411,33.0398,NA,NA,NA,NA,NA,NA,NA,NA,NA,NA,NA,NA
263.357,2.2684,25.6867,1.3407,33.0058,NA,NA,NA,NA,NA,NA,NA,NA,NA,NA,NA,NA
263.457,2.2614,25.2982,1.3404,32.9714,NA,NA,NA,NA,NA,NA,NA,NA,NA,NA,NA,NA
263.606,2.2482,24.5694,1.3370,32.6368,NA,NA,NA,NA,NA,NA,NA,NA,NA,NA,NA,NA
263.649,2.2532,24.8434,1.3342,32.3599,NA,NA,NA,NA,NA,NA,NA,NA,NA,NA,NA,NA
263.750,2.2532,24.8434,1.3339,32.3276,NA,NA,NA,NA,NA,NA,NA,NA,NA,NA,NA,NA
263.844,2.2451,24.3995,1.3326,32.1987,NA,NA,NA,NA,NA,NA,NA,NA,NA,NA,NA,NA
263.943,2.2451,24.3995,1.3304,31.9823,NA,NA,NA,NA,NA,NA,NA,NA,NA,NA,NA,NA
264.041,2.2426,24.2567,1.3293,31.8753,NA,NA,NA,NA,NA,NA,NA,NA,NA,NA,NA,NA
264.137,2.2420,24.2236,1.3289,31.8356,NA,NA,NA,NA,NA,NA,NA,NA,NA,NA,NA,NA
264.244,2.2378,23.9949,1.3257,31.5171,NA,NA,NA,NA,NA,NA,NA,NA,NA,NA,NA,NA
264.331,2.2367,23.9299,1.3242,31.3659,NA,NA,NA,NA,NA,NA,NA,NA,NA,NA,NA,NA
264.433,2.2367,23.9299,1.3232,31.2670,NA,NA,NA,NA,NA,NA,NA,NA,NA,NA,NA,NA
264.531,2.2301,23.5667,1.3210,31.0517,NA,NA,NA,NA,NA,NA,NA,NA,NA,NA,NA,NA
264.628,2.2264,23.3593,1.3193,30.8812,NA,NA,NA,NA,NA,NA,NA,NA,NA,NA,NA,NA
264.731,2.2187,22.9333,1.3183,30.7825,NA,NA,NA,NA,NA,NA,NA,NA,NA,NA,NA,NA
264.829,2.2154,22.7492,1.3165,30.6053,NA,NA,NA,NA,NA,NA,NA,NA,NA,NA,NA,NA
264.922,2.2118,22.5511,1.3158,30.5320,NA,NA,NA,NA,NA,NA,NA,NA,NA,NA,NA,NA
265.024,2.2118,22.5499,1.3155,30.5023,NA,NA,NA,NA,NA,NA,NA,NA,NA,NA,NA,NA
265.121,2.2095,22.4226,1.3143,30.3849,NA,NA,NA,NA,NA,NA,NA,NA,NA,NA,NA,NA
265.214,2.2073,22.3014,1.3123,30.1880,NA,NA,NA,NA,NA,NA,NA,NA,NA,NA,NA,NA
265.311,2.2073,22.3014,1.3122,30.1731,NA,NA,NA,NA,NA,NA,NA,NA,NA,NA,NA,NA
265.418,2.2064,22.2549,1.3102,29.9786,NA,NA,NA,NA,NA,NA,NA,NA,NA,NA,NA,NA
265.510,2.2044,22.1412,1.3091,29.8709,NA,NA,NA,NA,NA,NA,NA,NA,NA,NA,NA,NA
265.606,2.2034,22.0889,1.3084,29.7955,NA,NA,NA,NA,NA,NA,NA,NA,NA,NA,NA,NA
265.706,2.2021,22.0134,1.3082,29.7809,NA,NA,NA,NA,NA,NA,NA,NA,NA,NA,NA,NA
265.806,2.1992,21.8522,1.3072,29.6782,NA,NA,NA,NA,NA,NA,NA,NA,NA,NA,NA,NA
265.899,2.1975,21.7593,1.3071,29.6667,NA,NA,NA,NA,NA,NA,NA,NA,NA,NA,NA,NA
266.007,2.1963,21.6951,1.3058,29.5413,NA,NA,NA,NA,NA,NA,NA,NA,NA,NA,NA,NA
266.101,2.1906,21.3744,1.3053,29.4933,NA,NA,NA,NA,NA,NA,NA,NA,NA,NA,NA,NA
266.192,2.1906,21.3744,1.3047,29.4285,NA,NA,NA,NA,NA,NA,NA,NA,NA,NA,NA,NA
266.293,2.1873,21.1948,1.3040,29.3595,NA,NA,NA,NA,NA,NA,NA,NA,NA,NA,NA,NA
266.389,2.1873,21.1948,1.3031,29.2694,NA,NA,NA,NA,NA,NA,NA,NA,NA,NA,NA,NA
266.486,2.1847,21.0507,1.3016,29.1265,NA,NA,NA,NA,NA,NA,NA,NA,NA,NA,NA,NA
266.639,2.1791,20.7381,1.3010,29.0650,NA,NA,NA,NA,NA,NA,NA,NA,NA,NA,NA,NA
266.692,2.1776,20.6571,1.2998,28.9463,NA,NA,NA,NA,NA,NA,NA,NA,NA,NA,NA,NA
266.787,2.1763,20.5870,1.2976,28.7277,NA,NA,NA,NA,NA,NA,NA,NA,NA,NA,NA,NA
266.880,2.1693,20.1990,1.2964,28.6114,NA,NA,NA,NA,NA,NA,NA,NA,NA,NA,NA,NA
266.986,2.1667,20.0545,1.2962,28.5870,NA,NA,NA,NA,NA,NA,NA,NA,NA,NA,NA,NA
267.086,2.1583,19.5875,1.2948,28.4470,NA,NA,NA,NA,NA,NA,NA,NA,NA,NA,NA,NA
267.177,2.1613,19.7551,1.2948,28.4470,NA,NA,NA,NA,NA,NA,NA,NA,NA,NA,NA,NA
267.273,2.1613,19.7551,1.2924,28.2147,NA,NA,NA,NA,NA,NA,NA,NA,NA,NA,NA,NA
267.373,2.1606,19.7168,1.2912,28.0915,NA,NA,NA,NA,NA,NA,NA,NA,NA,NA,NA,NA
267.470,2.1598,19.6718,1.2901,27.9804,NA,NA,NA,NA,NA,NA,NA,NA,NA,NA,NA,NA
267.566,2.1564,19.4808,1.2894,27.9133,NA,NA,NA,NA,NA,NA,NA,NA,NA,NA,NA,NA
267.665,2.1550,19.4068,1.2883,27.8042,NA,NA,NA,NA,NA,NA,NA,NA,NA,NA,NA,NA
267.813,2.1533,19.3096,1.2871,27.6874,NA,NA,NA,NA,NA,NA,NA,NA,NA,NA,NA,NA
267.865,2.1525,19.2684,1.2870,27.6723,NA,NA,NA,NA,NA,NA,NA,NA,NA,NA,NA,NA
267.959,2.1523,19.2577,1.2859,27.5688,NA,NA,NA,NA,NA,NA,NA,NA,NA,NA,NA,NA
268.055,2.1497,19.1097,1.2849,27.4631,NA,NA,NA,NA,NA,NA,NA,NA,NA,NA,NA,NA
268.154,2.1497,19.1097,1.2832,27.3022,NA,NA,NA,NA,NA,NA,NA,NA,NA,NA,NA,NA
268.259,2.1490,19.0708,1.2832,27.3022,NA,NA,NA,NA,NA,NA,NA,NA,NA,NA,NA,NA
268.347,2.1490,19.0708,1.2828,27.2598,NA,NA,NA,NA,NA,NA,NA,NA,NA,NA,NA,NA
268.445,2.1471,18.9664,1.2828,27.2626,NA,NA,NA,NA,NA,NA,NA,NA,NA,NA,NA,NA
268.546,2.1437,18.7768,1.2828,27.2626,NA,NA,NA,NA,NA,NA,NA,NA,NA,NA,NA,NA
268.646,2.1415,18.6580,1.2818,27.1597,NA,NA,NA,NA,NA,NA,NA,NA,NA,NA,NA,NA
268.737,2.1403,18.5897,1.2818,27.1591,NA,NA,NA,NA,NA,NA,NA,NA,NA,NA,NA,NA
268.843,2.1403,18.5897,1.2818,27.1591,NA,NA,NA,NA,NA,NA,NA,NA,NA,NA,NA,NA
268.936,2.1376,18.4416,1.2805,27.0295,NA,NA,NA,NA,NA,NA,NA,NA,NA,NA,NA,NA
269.031,2.1376,18.4416,1.2763,26.6102,NA,NA,NA,NA,NA,NA,NA,NA,NA,NA,NA,NA
269.133,2.1362,18.3635,1.2763,26.6102,NA,NA,NA,NA,NA,NA,NA,NA,NA,NA,NA,NA
269.231,2.1358,18.3385,1.2761,26.5897,NA,NA,NA,NA,NA,NA,NA,NA,NA,NA,NA,NA
269.326,2.1284,17.9291,1.2756,26.5412,NA,NA,NA,NA,NA,NA,NA,NA,NA,NA,NA,NA
269.431,2.1280,17.9109,1.2754,26.5233,NA,NA,NA,NA,NA,NA,NA,NA,NA,NA,NA,NA
269.523,2.1280,17.9109,1.2740,26.3837,NA,NA,NA,NA,NA,NA,NA,NA,NA,NA,NA,NA
269.618,2.1313,18.0913,1.2736,26.3478,NA,NA,NA,NA,NA,NA,NA,NA,NA,NA,NA,NA
269.718,2.1313,18.0913,1.2734,26.3234,NA,NA,NA,NA,NA,NA,NA,NA,NA,NA,NA,NA
269.816,2.1283,17.9235,1.2727,26.2573,NA,NA,NA,NA,NA,NA,NA,NA,NA,NA,NA,NA
269.917,2.1283,17.9235,1.2723,26.2199,NA,NA,NA,NA,NA,NA,NA,NA,NA,NA,NA,NA
270.014,2.1253,17.7583,1.2719,26.1745,NA,NA,NA,NA,NA,NA,NA,NA,NA,NA,NA,NA
270.113,2.1243,17.7010,1.2718,26.1672,NA,NA,NA,NA,NA,NA,NA,NA,NA,NA,NA,NA
270.217,2.1171,17.3047,1.2709,26.0775,NA,NA,NA,NA,NA,NA,NA,NA,NA,NA,NA,NA
270.302,2.1196,17.4446,1.2703,26.0202,NA,NA,NA,NA,NA,NA,NA,NA,NA,NA,NA,NA
270.404,2.1205,17.4955,1.2697,25.9568,NA,NA,NA,NA,NA,NA,NA,NA,NA,NA,NA,NA
270.507,2.1205,17.4955,1.2685,25.8401,NA,NA,NA,NA,NA,NA,NA,NA,NA,NA,NA,NA
270.604,2.1201,17.4706,1.2677,25.7591,NA,NA,NA,NA,NA,NA,NA,NA,NA,NA,NA,NA
270.697,2.1151,17.1952,1.2669,25.6811,NA,NA,NA,NA,NA,NA,NA,NA,NA,NA,NA,NA
270.794,2.1132,17.0886,1.2670,25.6953,NA,NA,NA,NA,NA,NA,NA,NA,NA,NA,NA,NA
270.896,2.1084,16.8204,1.2670,25.6953,NA,NA,NA,NA,NA,NA,NA,NA,NA,NA,NA,NA
270.995,2.1083,16.8172,1.2668,25.6681,NA,NA,NA,NA,NA,NA,NA,NA,NA,NA,NA,NA
271.093,2.1080,16.7999,1.2658,25.5697,NA,NA,NA,NA,NA,NA,NA,NA,NA,NA,NA,NA
271.189,2.1086,16.8352,1.2649,25.4872,NA,NA,NA,NA,NA,NA,NA,NA,NA,NA,NA,NA
271.286,2.1086,16.8352,1.2646,25.4508,NA,NA,NA,NA,NA,NA,NA,NA,NA,NA,NA,NA
271.437,2.1076,16.7769,1.2624,25.2306,NA,NA,NA,NA,NA,NA,NA,NA,NA,NA,NA,NA
271.481,2.1076,16.7769,1.2613,25.1264,NA,NA,NA,NA,NA,NA,NA,NA,NA,NA,NA,NA
271.588,2.1039,16.5716,1.2609,25.0849,NA,NA,NA,NA,NA,NA,NA,NA,NA,NA,NA,NA
271.679,2.0998,16.3451,1.2609,25.0849,NA,NA,NA,NA,NA,NA,NA,NA,NA,NA,NA,NA
271.777,2.0993,16.3179,1.2591,24.9112,NA,NA,NA,NA,NA,NA,NA,NA,NA,NA,NA,NA
271.878,2.0932,15.9818,1.2581,24.8072,NA,NA,NA,NA,NA,NA,NA,NA,NA,NA,NA,NA
271.975,2.0932,15.9815,1.2567,24.6731,NA,NA,NA,NA,NA,NA,NA,NA,NA,NA,NA,NA
272.066,2.0884,15.7166,1.2560,24.5958,NA,NA,NA,NA,NA,NA,NA,NA,NA,NA,NA,NA
272.179,2.0882,15.7006,1.2549,24.4919,NA,NA,NA,NA,NA,NA,NA,NA,NA,NA,NA,NA
272.266,2.0881,15.6998,1.2543,24.4332,NA,NA,NA,NA,NA,NA,NA,NA,NA,NA,NA,NA
272.363,2.0809,15.3008,1.2528,24.2782,NA,NA,NA,NA,NA,NA,NA,NA,NA,NA,NA,NA
272.468,2.0779,15.1309,1.2520,24.2058,NA,NA,NA,NA,NA,NA,NA,NA,NA,NA,NA,NA
272.602,2.0790,15.1920,1.2519,24.1910,NA,NA,NA,NA,NA,NA,NA,NA,NA,NA,NA,NA
272.665,2.0790,15.1920,1.2503,24.0354,NA,NA,NA,NA,NA,NA,NA,NA,NA,NA,NA,NA
272.756,2.0869,15.6296,1.2488,23.8855,NA,NA,NA,NA,NA,NA,NA,NA,NA,NA,NA,NA
272.855,2.1001,16.3653,1.2529,24.2965,NA,NA,NA,NA,NA,NA,NA,NA,NA,NA,NA,NA
272.950,2.1305,18.0458,1.2588,24.8825,NA,NA,NA,NA,NA,NA,NA,NA,NA,NA,NA,NA
273.043,2.1485,19.0448,1.2708,26.0670,NA,NA,NA,NA,NA,NA,NA,NA,NA,NA,NA,NA
273.200,2.1669,20.0649,1.2771,26.6903,NA,NA,NA,NA,NA,NA,NA,NA,NA,NA,NA,NA
273.245,2.1774,20.6444,1.2829,27.2701,NA,NA,NA,NA,NA,NA,NA,NA,NA,NA,NA,NA
273.346,2.2144,22.6937,1.2946,28.4308,NA,NA,NA,NA,NA,NA,NA,NA,NA,NA,NA,NA
273.442,2.2269,23.3907,1.3015,29.1176,NA,NA,NA,NA,NA,NA,NA,NA,NA,NA,NA,NA
273.543,2.2422,24.2344,1.3079,29.7521,NA,NA,NA,NA,NA,NA,NA,NA,NA,NA,NA,NA
273.641,2.2491,24.6207,1.3154,30.4965,NA,NA,NA,NA,NA,NA,NA,NA,NA,NA,NA,NA
273.734,2.2670,25.6129,1.3220,31.1526,NA,NA,NA,NA,NA,NA,NA,NA,NA,NA,NA,NA
273.856,2.2796,26.3058,1.3270,31.6482,NA,NA,NA,NA,NA,NA,NA,NA,NA,NA,NA,NA
273.932,2.2944,27.1308,1.3366,32.5947,NA,NA,NA,NA,NA,NA,NA,NA,NA,NA,NA,NA
274.026,2.3116,28.0790,1.3411,33.0472,NA,NA,NA,NA,NA,NA,NA,NA,NA,NA,NA,NA
274.122,2.3172,28.3935,1.3459,33.5190,NA,NA,NA,NA,NA,NA,NA,NA,NA,NA,NA,NA
274.230,2.3213,28.6180,1.3535,34.2702,NA,NA,NA,NA,NA,NA,NA,NA,NA,NA,NA,NA
274.322,2.3301,29.1050,1.3591,34.8291,NA,NA,NA,NA,NA,NA,NA,NA,NA,NA,NA,NA
274.427,2.3375,29.5150,1.3640,35.3156,NA,NA,NA,NA,NA,NA,NA,NA,NA,NA,NA,NA
274.526,2.3527,30.3573,1.3671,35.6198,NA,NA,NA,NA,NA,NA,NA,NA,NA,NA,NA,NA
274.613,2.3598,30.7512,1.3707,35.9787,NA,NA,NA,NA,NA,NA,NA,NA,NA,NA,NA,NA
274.714,2.3710,31.3721,1.3749,36.3965,NA,NA,NA,NA,NA,NA,NA,NA,NA,NA,NA,NA
274.809,2.3710,31.3721,1.3817,37.0720,NA,NA,NA,NA,NA,NA,NA,NA,NA,NA,NA,NA
274.909,2.3849,32.1425,1.3852,37.4204,NA,NA,NA,NA,NA,NA,NA,NA,NA,NA,NA,NA
275.007,2.3849,32.1425,1.3866,37.5559,NA,NA,NA,NA,NA,NA,NA,NA,NA,NA,NA,NA
275.109,2.3840,32.0942,1.3870,37.5971,NA,NA,NA,NA,NA,NA,NA,NA,NA,NA,NA,NA
275.206,2.3777,31.7420,1.3870,37.5971,NA,NA,NA,NA,NA,NA,NA,NA,NA,NA,NA,NA
275.304,2.3634,30.9497,1.3859,37.4881,NA,NA,NA,NA,NA,NA,NA,NA,NA,NA,NA,NA
275.396,2.3634,30.9497,1.3824,37.1439,NA,NA,NA,NA,NA,NA,NA,NA,NA,NA,NA,NA
275.503,2.3589,30.7024,1.3752,36.4229,NA,NA,NA,NA,NA,NA,NA,NA,NA,NA,NA,NA
275.613,2.3276,28.9670,1.3679,35.7031,NA,NA,NA,NA,NA,NA,NA,NA,NA,NA,NA,NA
275.695,2.3170,28.3783,1.3620,35.1121,NA,NA,NA,NA,NA,NA,NA,NA,NA,NA,NA,NA
275.792,2.3035,27.6333,1.3533,34.2550,NA,NA,NA,NA,NA,NA,NA,NA,NA,NA,NA,NA
275.897,2.2874,26.7434,1.3488,33.8078,NA,NA,NA,NA,NA,NA,NA,NA,NA,NA,NA,NA
275.991,2.2804,26.3551,1.3464,33.5728,NA,NA,NA,NA,NA,NA,NA,NA,NA,NA,NA,NA
276.086,2.2732,25.9536,1.3411,33.0420,NA,NA,NA,NA,NA,NA,NA,NA,NA,NA,NA,NA
276.181,2.2701,25.7810,1.3374,32.6723,NA,NA,NA,NA,NA,NA,NA,NA,NA,NA,NA,NA
276.289,2.2588,25.1536,1.3353,32.4698,NA,NA,NA,NA,NA,NA,NA,NA,NA,NA,NA,NA
276.376,2.2547,24.9310,1.3326,32.1952,NA,NA,NA,NA,NA,NA,NA,NA,NA,NA,NA,NA
276.488,2.2453,24.4058,1.3287,31.8157,NA,NA,NA,NA,NA,NA,NA,NA,NA,NA,NA,NA
276.570,2.2451,24.3988,1.3263,31.5762,NA,NA,NA,NA,NA,NA,NA,NA,NA,NA,NA,NA
276.665,2.2399,24.1113,1.3231,31.2582,NA,NA,NA,NA,NA,NA,NA,NA,NA,NA,NA,NA
276.806,2.2322,23.6834,1.3211,31.0623,NA,NA,NA,NA,NA,NA,NA,NA,NA,NA,NA,NA
276.880,2.2285,23.4786,1.3185,30.8025,NA,NA,NA,NA,NA,NA,NA,NA,NA,NA,NA,NA
276.975,2.2257,23.3236,1.3169,30.6392,NA,NA,NA,NA,NA,NA,NA,NA,NA,NA,NA,NA
277.061,2.2238,23.2157,1.3147,30.4258,NA,NA,NA,NA,NA,NA,NA,NA,NA,NA,NA,NA
277.162,2.2171,22.8455,1.3131,30.2639,NA,NA,NA,NA,NA,NA,NA,NA,NA,NA,NA,NA
277.259,2.2171,22.8455,1.3123,30.1824,NA,NA,NA,NA,NA,NA,NA,NA,NA,NA,NA,NA
277.402,2.2116,22.5399,1.3118,30.1325,NA,NA,NA,NA,NA,NA,NA,NA,NA,NA,NA,NA
277.454,2.2104,22.4765,1.3107,30.0220,NA,NA,NA,NA,NA,NA,NA,NA,NA,NA,NA,NA
277.557,2.2031,22.0698,1.3093,29.8841,NA,NA,NA,NA,NA,NA,NA,NA,NA,NA,NA,NA
277.657,2.1957,21.6598,1.3077,29.7325,NA,NA,NA,NA,NA,NA,NA,NA,NA,NA,NA,NA
277.753,2.1930,21.5127,1.3033,29.2965,NA,NA,NA,NA,NA,NA,NA,NA,NA,NA,NA,NA
277.849,2.1875,21.2045,1.3012,29.0865,NA,NA,NA,NA,NA,NA,NA,NA,NA,NA,NA,NA
278.004,2.1862,21.1358,1.2990,28.8654,NA,NA,NA,NA,NA,NA,NA,NA,NA,NA,NA,NA
278.038,2.1802,20.8018,1.2977,28.7374,NA,NA,NA,NA,NA,NA,NA,NA,NA,NA,NA,NA
278.147,2.1770,20.6234,1.2959,28.5589,NA,NA,NA,NA,NA,NA,NA,NA,NA,NA,NA,NA
278.259,2.1770,20.6234,1.2951,28.4812,NA,NA,NA,NA,NA,NA,NA,NA,NA,NA,NA,NA
278.335,2.1747,20.4956,1.2938,28.3525,NA,NA,NA,NA,NA,NA,NA,NA,NA,NA,NA,NA
278.435,2.1740,20.4595,1.2925,28.2179,NA,NA,NA,NA,NA,NA,NA,NA,NA,NA,NA,NA
278.530,2.1840,21.0109,1.2901,27.9825,NA,NA,NA,NA,NA,NA,NA,NA,NA,NA,NA,NA
278.681,2.1929,21.5049,1.2949,28.4616,NA,NA,NA,NA,NA,NA,NA,NA,NA,NA,NA,NA
278.726,2.2195,22.9763,1.3023,29.1982,NA,NA,NA,NA,NA,NA,NA,NA,NA,NA,NA,NA
278.832,2.2297,23.5438,1.3088,29.8378,NA,NA,NA,NA,NA,NA,NA,NA,NA,NA,NA,NA
278.922,2.2430,24.2817,1.3139,30.3491,NA,NA,NA,NA,NA,NA,NA,NA,NA,NA,NA,NA
279.019,2.2478,24.5442,1.3163,30.5861,NA,NA,NA,NA,NA,NA,NA,NA,NA,NA,NA,NA
279.123,2.2478,24.5442,1.3168,30.6316,NA,NA,NA,NA,NA,NA,NA,NA,NA,NA,NA,NA
279.230,2.2468,24.4887,1.3168,30.6316,NA,NA,NA,NA,NA,NA,NA,NA,NA,NA,NA,NA
279.316,2.2450,24.3908,1.3164,30.5956,NA,NA,NA,NA,NA,NA,NA,NA,NA,NA,NA,NA
279.420,2.2424,24.2462,1.3158,30.5307,NA,NA,NA,NA,NA,NA,NA,NA,NA,NA,NA,NA
279.506,2.2409,24.1643,1.3147,30.4247,NA,NA,NA,NA,NA,NA,NA,NA,NA,NA,NA,NA
279.655,2.2319,23.6655,1.3127,30.2293,NA,NA,NA,NA,NA,NA,NA,NA,NA,NA,NA,NA
279.705,2.2138,22.6619,1.3114,30.0982,NA,NA,NA,NA,NA,NA,NA,NA,NA,NA,NA,NA
279.806,2.2059,22.2227,1.3073,29.6893,NA,NA,NA,NA,NA,NA,NA,NA,NA,NA,NA,NA
279.910,2.2009,21.9466,1.3044,29.4033,NA,NA,NA,NA,NA,NA,NA,NA,NA,NA,NA,NA
280.004,2.1983,21.8037,1.3018,29.1458,NA,NA,NA,NA,NA,NA,NA,NA,NA,NA,NA,NA
280.097,2.1948,21.6084,1.2995,28.9135,NA,NA,NA,NA,NA,NA,NA,NA,NA,NA,NA,NA
280.195,2.1848,21.0582,1.2980,28.7644,NA,NA,NA,NA,NA,NA,NA,NA,NA,NA,NA,NA
280.319,2.1802,20.7986,1.2970,28.6633,NA,NA,NA,NA,NA,NA,NA,NA,NA,NA,NA,NA
280.390,2.1728,20.3932,1.2950,28.4714,NA,NA,NA,NA,NA,NA,NA,NA,NA,NA,NA,NA
280.489,2.1665,20.0411,1.2922,28.1904,NA,NA,NA,NA,NA,NA,NA,NA,NA,NA,NA,NA
280.587,2.1639,19.8968,1.2899,27.9672,NA,NA,NA,NA,NA,NA,NA,NA,NA,NA,NA,NA
280.689,2.1598,19.6681,1.2885,27.8267,NA,NA,NA,NA,NA,NA,NA,NA,NA,NA,NA,NA
280.775,2.1598,19.6681,1.2868,27.6567,NA,NA,NA,NA,NA,NA,NA,NA,NA,NA,NA,NA
280.885,2.1442,18.8039,1.2857,27.5500,NA,NA,NA,NA,NA,NA,NA,NA,NA,NA,NA,NA
280.983,2.1430,18.7401,1.2835,27.3242,NA,NA,NA,NA,NA,NA,NA,NA,NA,NA,NA,NA
281.085,2.1409,18.6231,1.2822,27.1980,NA,NA,NA,NA,NA,NA,NA,NA,NA,NA,NA,NA
281.178,2.1414,18.6527,1.2811,27.0904,NA,NA,NA,NA,NA,NA,NA,NA,NA,NA,NA,NA
281.278,2.1414,18.6527,1.2801,26.9905,NA,NA,NA,NA,NA,NA,NA,NA,NA,NA,NA,NA
281.368,2.1345,18.2682,1.2778,26.7631,NA,NA,NA,NA,NA,NA,NA,NA,NA,NA,NA,NA
281.489,2.1345,18.2682,1.2764,26.6277,NA,NA,NA,NA,NA,NA,NA,NA,NA,NA,NA,NA
281.573,2.1297,18.0024,1.2741,26.3919,NA,NA,NA,NA,NA,NA,NA,NA,NA,NA,NA,NA
281.665,2.1290,17.9625,1.2730,26.2827,NA,NA,NA,NA,NA,NA,NA,NA,NA,NA,NA,NA
281.766,2.1201,17.4681,1.2702,26.0125,NA,NA,NA,NA,NA,NA,NA,NA,NA,NA,NA,NA
281.866,2.1210,17.5194,1.2700,25.9917,NA,NA,NA,NA,NA,NA,NA,NA,NA,NA,NA,NA
281.957,2.1210,17.5194,1.2682,25.8120,NA,NA,NA,NA,NA,NA,NA,NA,NA,NA,NA,NA
282.060,2.1177,17.3393,1.2669,25.6778,NA,NA,NA,NA,NA,NA,NA,NA,NA,NA,NA,NA
282.157,2.1177,17.3393,1.2666,25.6526,NA,NA,NA,NA,NA,NA,NA,NA,NA,NA,NA,NA
282.253,2.1153,17.2069,1.2663,25.6228,NA,NA,NA,NA,NA,NA,NA,NA,NA,NA,NA,NA
282.349,2.1153,17.2069,1.2651,25.5031,NA,NA,NA,NA,NA,NA,NA,NA,NA,NA,NA,NA
282.446,2.1081,16.8076,1.2644,25.4290,NA,NA,NA,NA,NA,NA,NA,NA,NA,NA,NA,NA
282.546,2.1081,16.8076,1.2643,25.4248,NA,NA,NA,NA,NA,NA,NA,NA,NA,NA,NA,NA
282.641,2.0981,16.2539,1.2630,25.2929,NA,NA,NA,NA,NA,NA,NA,NA,NA,NA,NA,NA
282.736,2.1275,17.8816,1.2652,25.5105,NA,NA,NA,NA,NA,NA,NA,NA,NA,NA,NA,NA
282.849,2.1421,18.6901,1.2712,26.1107,NA,NA,NA,NA,NA,NA,NA,NA,NA,NA,NA,NA
282.942,2.1806,20.8213,1.2779,26.7710,NA,NA,NA,NA,NA,NA,NA,NA,NA,NA,NA,NA
283.047,2.1928,21.4972,1.2863,27.6038,NA,NA,NA,NA,NA,NA,NA,NA,NA,NA,NA,NA
283.137,2.2149,22.7236,1.3005,29.0191,NA,NA,NA,NA,NA,NA,NA,NA,NA,NA,NA,NA
283.230,2.2286,23.4815,1.3088,29.8394,NA,NA,NA,NA,NA,NA,NA,NA,NA,NA,NA,NA
283.333,2.2509,24.7164,1.3183,30.7819,NA,NA,NA,NA,NA,NA,NA,NA,NA,NA,NA,NA
283.434,2.2767,26.1459,1.3247,31.4159,NA,NA,NA,NA,NA,NA,NA,NA,NA,NA,NA,NA
283.530,2.2849,26.6021,1.3325,32.1854,NA,NA,NA,NA,NA,NA,NA,NA,NA,NA,NA,NA
283.627,2.3075,27.8551,1.3392,32.8549,NA,NA,NA,NA,NA,NA,NA,NA,NA,NA,NA,NA
283.718,2.3173,28.3986,1.3443,33.3606,NA,NA,NA,NA,NA,NA,NA,NA,NA,NA,NA,NA
283.879,2.3325,29.2371,1.3494,33.8682,NA,NA,NA,NA,NA,NA,NA,NA,NA,NA,NA,NA
283.918,2.3432,29.8320,1.3594,34.8615,NA,NA,NA,NA,NA,NA,NA,NA,NA,NA,NA,NA
284.022,2.3530,30.3745,1.3667,35.5848,NA,NA,NA,NA,NA,NA,NA,NA,NA,NA,NA,NA
284.116,2.3618,30.8654,1.3710,36.0120,NA,NA,NA,NA,NA,NA,NA,NA,NA,NA,NA,NA
284.216,2.3698,31.3038,1.3763,36.5394,NA,NA,NA,NA,NA,NA,NA,NA,NA,NA,NA,NA
284.306,2.3928,32.5820,1.3843,37.3318,NA,NA,NA,NA,NA,NA,NA,NA,NA,NA,NA,NA
284.407,2.4076,33.4013,1.3898,37.8733,NA,NA,NA,NA,NA,NA,NA,NA,NA,NA,NA,NA
284.546,2.4209,34.1353,1.3924,38.1334,NA,NA,NA,NA,NA,NA,NA,NA,NA,NA,NA,NA
284.611,2.4270,34.4754,1.3997,38.8580,NA,NA,NA,NA,NA,NA,NA,NA,NA,NA,NA,NA
284.703,2.4331,34.8143,1.4024,39.1248,NA,NA,NA,NA,NA,NA,NA,NA,NA,NA,NA,NA
284.800,2.4347,34.9016,1.4065,39.5333,NA,NA,NA,NA,NA,NA,NA,NA,NA,NA,NA,NA
284.892,2.4347,34.9016,1.4078,39.6599,NA,NA,NA,NA,NA,NA,NA,NA,NA,NA,NA,NA
284.993,2.4389,35.1354,1.4080,39.6781,NA,NA,NA,NA,NA,NA,NA,NA,NA,NA,NA,NA
285.095,2.4389,35.1354,1.4080,39.6781,NA,NA,NA,NA,NA,NA,NA,NA,NA,NA,NA,NA
285.187,2.4336,34.8419,1.4077,39.6532,NA,NA,NA,NA,NA,NA,NA,NA,NA,NA,NA,NA
285.284,2.4290,34.5870,1.4063,39.5134,NA,NA,NA,NA,NA,NA,NA,NA,NA,NA,NA,NA
285.385,2.4271,34.4826,1.4024,39.1284,NA,NA,NA,NA,NA,NA,NA,NA,NA,NA,NA,NA
285.474,2.4252,34.3776,1.3984,38.7260,NA,NA,NA,NA,NA,NA,NA,NA,NA,NA,NA,NA
285.577,2.4036,33.1803,1.3951,38.4019,NA,NA,NA,NA,NA,NA,NA,NA,NA,NA,NA,NA
285.678,2.4020,33.0923,1.3918,38.0720,NA,NA,NA,NA,NA,NA,NA,NA,NA,NA,NA,NA
285.776,2.3902,32.4384,1.3885,37.7424,NA,NA,NA,NA,NA,NA,NA,NA,NA,NA,NA,NA
285.872,2.3767,31.6872,1.3848,37.3748,NA,NA,NA,NA,NA,NA,NA,NA,NA,NA,NA,NA
285.972,2.3576,30.6330,1.3813,37.0267,NA,NA,NA,NA,NA,NA,NA,NA,NA,NA,NA,NA
286.077,2.3493,30.1725,1.3791,36.8100,NA,NA,NA,NA,NA,NA,NA,NA,NA,NA,NA,NA
286.170,2.3308,29.1465,1.3745,36.3530,NA,NA,NA,NA,NA,NA,NA,NA,NA,NA,NA,NA
286.285,2.3160,28.3266,1.3718,36.0926,NA,NA,NA,NA,NA,NA,NA,NA,NA,NA,NA,NA
286.365,2.3154,28.2922,1.3692,35.8320,NA,NA,NA,NA,NA,NA,NA,NA,NA,NA,NA,NA
286.465,2.3118,28.0916,1.3661,35.5179,NA,NA,NA,NA,NA,NA,NA,NA,NA,NA,NA,NA
286.562,2.3093,27.9564,1.3611,35.0248,NA,NA,NA,NA,NA,NA,NA,NA,NA,NA,NA,NA
286.663,2.3054,27.7378,1.3588,34.7994,NA,NA,NA,NA,NA,NA,NA,NA,NA,NA,NA,NA
286.756,2.3038,27.6516,1.3565,34.5697,NA,NA,NA,NA,NA,NA,NA,NA,NA,NA,NA,NA
286.853,2.2988,27.3742,1.3555,34.4708,NA,NA,NA,NA,NA,NA,NA,NA,NA,NA,NA,NA
286.956,2.2953,27.1769,1.3541,34.3317,NA,NA,NA,NA,NA,NA,NA,NA,NA,NA,NA,NA
287.048,2.2932,27.0616,1.3513,34.0518,NA,NA,NA,NA,NA,NA,NA,NA,NA,NA,NA,NA
287.146,2.2858,26.6510,1.3493,33.8535,NA,NA,NA,NA,NA,NA,NA,NA,NA,NA,NA,NA
287.244,2.2858,26.6510,1.3480,33.7228,NA,NA,NA,NA,NA,NA,NA,NA,NA,NA,NA,NA
287.349,2.2831,26.5011,1.3453,33.4563,NA,NA,NA,NA,NA,NA,NA,NA,NA,NA,NA,NA
287.438,2.2831,26.5011,1.3438,33.3130,NA,NA,NA,NA,NA,NA,NA,NA,NA,NA,NA,NA
287.553,2.2726,25.9184,1.3422,33.1518,NA,NA,NA,NA,NA,NA,NA,NA,NA,NA,NA,NA
287.648,2.2692,25.7338,1.3413,33.0589,NA,NA,NA,NA,NA,NA,NA,NA,NA,NA,NA,NA
287.735,2.2655,25.5260,1.3405,32.9843,NA,NA,NA,NA,NA,NA,NA,NA,NA,NA,NA,NA
287.829,2.2616,25.3118,1.3384,32.7766,NA,NA,NA,NA,NA,NA,NA,NA,NA,NA,NA,NA
287.939,2.2616,25.3118,1.3377,32.7091,NA,NA,NA,NA,NA,NA,NA,NA,NA,NA,NA,NA
288.036,2.2540,24.8900,1.3342,32.3548,NA,NA,NA,NA,NA,NA,NA,NA,NA,NA,NA,NA
288.127,2.2540,24.8900,1.3307,32.0112,NA,NA,NA,NA,NA,NA,NA,NA,NA,NA,NA,NA
288.226,2.2448,24.3818,1.3288,31.8176,NA,NA,NA,NA,NA,NA,NA,NA,NA,NA,NA,NA
288.327,2.2396,24.0947,1.3273,31.6707,NA,NA,NA,NA,NA,NA,NA,NA,NA,NA,NA,NA
288.421,2.2359,23.8899,1.3251,31.4595,NA,NA,NA,NA,NA,NA,NA,NA,NA,NA,NA,NA
288.514,2.2303,23.5752,1.3238,31.3298,NA,NA,NA,NA,NA,NA,NA,NA,NA,NA,NA,NA
288.624,2.2303,23.5745,1.3219,31.1341,NA,NA,NA,NA,NA,NA,NA,NA,NA,NA,NA,NA
288.744,2.2276,23.4255,1.3215,31.1030,NA,NA,NA,NA,NA,NA,NA,NA,NA,NA,NA,NA
288.815,2.2276,23.4255,1.3201,30.9621,NA,NA,NA,NA,NA,NA,NA,NA,NA,NA,NA,NA
288.912,2.2266,23.3743,1.3182,30.7713,NA,NA,NA,NA,NA,NA,NA,NA,NA,NA,NA,NA
289.011,2.2266,23.3743,1.3178,30.7267,NA,NA,NA,NA,NA,NA,NA,NA,NA,NA,NA,NA
289.105,2.2167,22.8241,1.3163,30.5797,NA,NA,NA,NA,NA,NA,NA,NA,NA,NA,NA,NA
289.202,2.2135,22.6434,1.3155,30.4987,NA,NA,NA,NA,NA,NA,NA,NA,NA,NA,NA,NA
289.303,2.2110,22.5049,1.3153,30.4833,NA,NA,NA,NA,NA,NA,NA,NA,NA,NA,NA,NA
289.401,2.2190,22.9524,1.3162,30.5688,NA,NA,NA,NA,NA,NA,NA,NA,NA,NA,NA,NA
289.492,2.2255,23.3113,1.3192,30.8699,NA,NA,NA,NA,NA,NA,NA,NA,NA,NA,NA,NA
289.593,2.2505,24.6973,1.3226,31.2048,NA,NA,NA,NA,NA,NA,NA,NA,NA,NA,NA,NA
289.704,2.2666,25.5909,1.3299,31.9291,NA,NA,NA,NA,NA,NA,NA,NA,NA,NA,NA,NA
289.791,2.2849,26.6047,1.3380,32.7387,NA,NA,NA,NA,NA,NA,NA,NA,NA,NA,NA,NA
289.920,2.3049,27.7127,1.3460,33.5302,NA,NA,NA,NA,NA,NA,NA,NA,NA,NA,NA,NA
290.000,2.3272,28.9437,1.3539,34.3119,NA,NA,NA,NA,NA,NA,NA,NA,NA,NA,NA,NA
290.082,2.3467,30.0267,1.3595,34.8635,NA,NA,NA,NA,NA,NA,NA,NA,NA,NA,NA,NA
290.184,2.3634,30.9538,1.3673,35.6380,NA,NA,NA,NA,NA,NA,NA,NA,NA,NA,NA,NA
290.276,2.3869,32.2534,1.3770,36.6008,NA,NA,NA,NA,NA,NA,NA,NA,NA,NA,NA,NA
290.375,2.3956,32.7344,1.3821,37.1113,NA,NA,NA,NA,NA,NA,NA,NA,NA,NA,NA,NA
290.526,2.4178,33.9647,1.3875,37.6486,NA,NA,NA,NA,NA,NA,NA,NA,NA,NA,NA,NA
290.577,2.4264,34.4438,1.3922,38.1168,NA,NA,NA,NA,NA,NA,NA,NA,NA,NA,NA,NA
290.669,2.4422,35.3181,1.3953,38.4200,NA,NA,NA,NA,NA,NA,NA,NA,NA,NA,NA,NA
290.768,2.4452,35.4813,1.4002,38.9055,NA,NA,NA,NA,NA,NA,NA,NA,NA,NA,NA,NA
290.865,2.4742,37.0908,1.4060,39.4813,NA,NA,NA,NA,NA,NA,NA,NA,NA,NA,NA,NA
290.975,2.4843,37.6509,1.4102,39.9024,NA,NA,NA,NA,NA,NA,NA,NA,NA,NA,NA,NA
291.069,2.4861,37.7484,1.4153,40.4067,NA,NA,NA,NA,NA,NA,NA,NA,NA,NA,NA,NA
291.175,2.4906,37.9972,1.4227,41.1347,NA,NA,NA,NA,NA,NA,NA,NA,NA,NA,NA,NA
291.264,2.4932,38.1459,1.4269,41.5580,NA,NA,NA,NA,NA,NA,NA,NA,NA,NA,NA,NA
291.355,2.4996,38.4961,1.4321,42.0707,NA,NA,NA,NA,NA,NA,NA,NA,NA,NA,NA,NA
291.455,2.5031,38.6913,1.4360,42.4570,NA,NA,NA,NA,NA,NA,NA,NA,NA,NA,NA,NA
291.550,2.5236,39.8271,1.4385,42.7078,NA,NA,NA,NA,NA,NA,NA,NA,NA,NA,NA,NA
291.646,2.5236,39.8271,1.4397,42.8267,NA,NA,NA,NA,NA,NA,NA,NA,NA,NA,NA,NA
291.754,2.5212,39.6957,1.4404,42.8911,NA,NA,NA,NA,NA,NA,NA,NA,NA,NA,NA,NA
291.842,2.5212,39.6957,1.4404,42.8911,NA,NA,NA,NA,NA,NA,NA,NA,NA,NA,NA,NA
291.949,2.5099,39.0681,1.4392,42.7791,NA,NA,NA,NA,NA,NA,NA,NA,NA,NA,NA,NA
292.046,2.5062,38.8664,1.4372,42.5759,NA,NA,NA,NA,NA,NA,NA,NA,NA,NA,NA,NA
292.146,2.4970,38.3569,1.4354,42.4022,NA,NA,NA,NA,NA,NA,NA,NA,NA,NA,NA,NA
292.238,2.4919,38.0728,1.4330,42.1588,NA,NA,NA,NA,NA,NA,NA,NA,NA,NA,NA,NA
292.361,2.4847,37.6736,1.4275,41.6151,NA,NA,NA,NA,NA,NA,NA,NA,NA,NA,NA,NA
292.434,2.4573,36.1526,1.4223,41.0990,NA,NA,NA,NA,NA,NA,NA,NA,NA,NA,NA,NA
292.541,2.4522,35.8738,1.4183,40.6982,NA,NA,NA,NA,NA,NA,NA,NA,NA,NA,NA,NA
292.629,2.4343,34.8788,1.4149,40.3675,NA,NA,NA,NA,NA,NA,NA,NA,NA,NA,NA,NA
292.734,2.4272,34.4864,1.4108,39.9542,NA,NA,NA,NA,NA,NA,NA,NA,NA,NA,NA,NA
292.881,2.4122,33.6580,1.4050,39.3828,NA,NA,NA,NA,NA,NA,NA,NA,NA,NA,NA,NA
292.925,2.4071,33.3751,1.4021,39.0911,NA,NA,NA,NA,NA,NA,NA,NA,NA,NA,NA,NA
293.021,2.3983,32.8856,1.3959,38.4782,NA,NA,NA,NA,NA,NA,NA,NA,NA,NA,NA,NA
293.122,2.3898,32.4163,1.3935,38.2445,NA,NA,NA,NA,NA,NA,NA,NA,NA,NA,NA,NA
293.213,2.3890,32.3721,1.3915,38.0420,NA,NA,NA,NA,NA,NA,NA,NA,NA,NA,NA,NA
293.312,2.3753,31.6134,1.3887,37.7638,NA,NA,NA,NA,NA,NA,NA,NA,NA,NA,NA,NA
293.473,2.3701,31.3220,1.3871,37.6084,NA,NA,NA,NA,NA,NA,NA,NA,NA,NA,NA,NA
293.515,2.3677,31.1901,1.3856,37.4550,NA,NA,NA,NA,NA,NA,NA,NA,NA,NA,NA,NA
293.615,2.3622,30.8880,1.3826,37.1637,NA,NA,NA,NA,NA,NA,NA,NA,NA,NA,NA,NA
293.705,2.3619,30.8709,1.3809,36.9896,NA,NA,NA,NA,NA,NA,NA,NA,NA,NA,NA,NA
293.804,2.3601,30.7692,1.3790,36.8073,NA,NA,NA,NA,NA,NA,NA,NA,NA,NA,NA,NA
293.904,2.3601,30.7692,1.3778,36.6850,NA,NA,NA,NA,NA,NA,NA,NA,NA,NA,NA,NA
294.020,2.3582,30.6663,1.3770,36.6077,NA,NA,NA,NA,NA,NA,NA,NA,NA,NA,NA,NA
294.139,2.3582,30.6663,1.3767,36.5753,NA,NA,NA,NA,NA,NA,NA,NA,NA,NA,NA,NA
294.193,2.3534,30.3951,1.3740,36.3082,NA,NA,NA,NA,NA,NA,NA,NA,NA,NA,NA,NA
294.291,2.3412,29.7211,1.3724,36.1503,NA,NA,NA,NA,NA,NA,NA,NA,NA,NA,NA,NA
294.389,2.3412,29.7211,1.3715,36.0614,NA,NA,NA,NA,NA,NA,NA,NA,NA,NA,NA,NA
294.494,2.3420,29.7667,1.3705,35.9546,NA,NA,NA,NA,NA,NA,NA,NA,NA,NA,NA,NA
294.586,2.3420,29.7667,1.3679,35.6976,NA,NA,NA,NA,NA,NA,NA,NA,NA,NA,NA,NA
294.747,2.3376,29.5231,1.3658,35.4944,NA,NA,NA,NA,NA,NA,NA,NA,NA,NA,NA,NA
294.781,2.3376,29.5231,1.3652,35.4312,NA,NA,NA,NA,NA,NA,NA,NA,NA,NA,NA,NA
294.895,2.3287,29.0297,1.3625,35.1664,NA,NA,NA,NA,NA,NA,NA,NA,NA,NA,NA,NA
294.984,2.3275,28.9619,1.3620,35.1127,NA,NA,NA,NA,NA,NA,NA,NA,NA,NA,NA,NA
295.087,2.3267,28.9183,1.3599,34.9084,NA,NA,NA,NA,NA,NA,NA,NA,NA,NA,NA,NA
295.179,2.3273,28.9531,1.3586,34.7804,NA,NA,NA,NA,NA,NA,NA,NA,NA,NA,NA,NA
295.338,2.3273,28.9531,1.3577,34.6885,NA,NA,NA,NA,NA,NA,NA,NA,NA,NA,NA,NA
295.365,2.3301,29.1041,1.3572,34.6399,NA,NA,NA,NA,NA,NA,NA,NA,NA,NA,NA,NA
295.466,2.3301,29.1041,1.3571,34.6291,NA,NA,NA,NA,NA,NA,NA,NA,NA,NA,NA,NA
295.565,2.3263,28.8934,1.3566,34.5785,NA,NA,NA,NA,NA,NA,NA,NA,NA,NA,NA,NA
295.662,2.3246,28.8017,1.3563,34.5522,NA,NA,NA,NA,NA,NA,NA,NA,NA,NA,NA,NA
295.765,2.3191,28.4954,1.3549,34.4128,NA,NA,NA,NA,NA,NA,NA,NA,NA,NA,NA,NA
295.921,2.3159,28.3195,1.3534,34.2596,NA,NA,NA,NA,NA,NA,NA,NA,NA,NA,NA,NA
295.962,2.3136,28.1938,1.3524,34.1596,NA,NA,NA,NA,NA,NA,NA,NA,NA,NA,NA,NA
296.056,2.3124,28.1233,1.3517,34.0939,NA,NA,NA,NA,NA,NA,NA,NA,NA,NA,NA,NA
296.174,2.3124,28.1233,1.3501,33.9365,NA,NA,NA,NA,NA,NA,NA,NA,NA,NA,NA,NA
296.251,2.3021,27.5540,1.3494,33.8701,NA,NA,NA,NA,NA,NA,NA,NA,NA,NA,NA,NA
296.345,2.3017,27.5336,1.3487,33.7931,NA,NA,NA,NA,NA,NA,NA,NA,NA,NA,NA,NA
296.454,2.2967,27.2586,1.3471,33.6417,NA,NA,NA,NA,NA,NA,NA,NA,NA,NA,NA,NA
296.536,2.2955,27.1878,1.3471,33.6417,NA,NA,NA,NA,NA,NA,NA,NA,NA,NA,NA,NA
296.644,2.2925,27.0235,1.3463,33.5596,NA,NA,NA,NA,NA,NA,NA,NA,NA,NA,NA,NA
296.738,2.2903,26.9037,1.3453,33.4606,NA,NA,NA,NA,NA,NA,NA,NA,NA,NA,NA,NA
296.843,2.2890,26.8316,1.3428,33.2078,NA,NA,NA,NA,NA,NA,NA,NA,NA,NA,NA,NA
296.942,2.2873,26.7339,1.3427,33.1979,NA,NA,NA,NA,NA,NA,NA,NA,NA,NA,NA,NA
297.049,2.2845,26.5812,1.3399,32.9261,NA,NA,NA,NA,NA,NA,NA,NA,NA,NA,NA,NA
297.137,2.2803,26.3497,1.3400,32.9366,NA,NA,NA,NA,NA,NA,NA,NA,NA,NA,NA,NA
297.232,2.2803,26.3497,1.3400,32.9366,NA,NA,NA,NA,NA,NA,NA,NA,NA,NA,NA,NA
297.327,2.2795,26.3031,1.3396,32.8920,NA,NA,NA,NA,NA,NA,NA,NA,NA,NA,NA,NA
297.422,2.2795,26.3031,1.3390,32.8309,NA,NA,NA,NA,NA,NA,NA,NA,NA,NA,NA,NA
297.528,2.2769,26.1605,1.3388,32.8100,NA,NA,NA,NA,NA,NA,NA,NA,NA,NA,NA,NA
297.624,2.2766,26.1426,1.3361,32.5476,NA,NA,NA,NA,NA,NA,NA,NA,NA,NA,NA,NA
297.716,2.2718,25.8764,1.3348,32.4131,NA,NA,NA,NA,NA,NA,NA,NA,NA,NA,NA,NA
297.816,2.2669,25.6026,1.3344,32.3755,NA,NA,NA,NA,NA,NA,NA,NA,NA,NA,NA,NA
297.914,2.2643,25.4592,1.3333,32.2651,NA,NA,NA,NA,NA,NA,NA,NA,NA,NA,NA,NA
298.010,2.2682,25.6769,1.3322,32.1616,NA,NA,NA,NA,NA,NA,NA,NA,NA,NA,NA,NA
298.110,2.2682,25.6769,1.3318,32.1164,NA,NA,NA,NA,NA,NA,NA,NA,NA,NA,NA,NA
298.224,2.2622,25.3455,1.3311,32.0488,NA,NA,NA,NA,NA,NA,NA,NA,NA,NA,NA,NA
298.309,2.2591,25.1726,1.3301,31.9544,NA,NA,NA,NA,NA,NA,NA,NA,NA,NA,NA,NA
298.405,2.2564,25.0228,1.3296,31.8971,NA,NA,NA,NA,NA,NA,NA,NA,NA,NA,NA,NA
298.508,2.2564,25.0228,1.3294,31.8798,NA,NA,NA,NA,NA,NA,NA,NA,NA,NA,NA,NA
298.598,2.2527,24.8168,1.3279,31.7321,NA,NA,NA,NA,NA,NA,NA,NA,NA,NA,NA,NA
298.695,2.2542,24.9009,1.3271,31.6537,NA,NA,NA,NA,NA,NA,NA,NA,NA,NA,NA,NA
298.796,2.2542,24.9009,1.3266,31.6067,NA,NA,NA,NA,NA,NA,NA,NA,NA,NA,NA,NA
298.915,2.2483,24.5727,1.3261,31.5573,NA,NA,NA,NA,NA,NA,NA,NA,NA,NA,NA,NA
298.996,2.2461,24.4502,1.3253,31.4706,NA,NA,NA,NA,NA,NA,NA,NA,NA,NA,NA,NA
299.091,2.2465,24.4747,1.3242,31.3688,NA,NA,NA,NA,NA,NA,NA,NA,NA,NA,NA,NA
299.184,2.2465,24.4747,1.3222,31.1690,NA,NA,NA,NA,NA,NA,NA,NA,NA,NA,NA,NA
299.286,2.2420,24.2246,1.3201,30.9580,NA,NA,NA,NA,NA,NA,NA,NA,NA,NA,NA,NA
299.388,2.2420,24.2246,1.3203,30.9778,NA,NA,NA,NA,NA,NA,NA,NA,NA,NA,NA,NA
299.485,2.2355,23.8638,1.3203,30.9778,NA,NA,NA,NA,NA,NA,NA,NA,NA,NA,NA,NA
299.575,2.2284,23.4700,1.3189,30.8377,NA,NA,NA,NA,NA,NA,NA,NA,NA,NA,NA,NA
299.686,2.2284,23.4700,1.3172,30.6756,NA,NA,NA,NA,NA,NA,NA,NA,NA,NA,NA,NA
299.788,2.2309,23.6091,1.3170,30.6549,NA,NA,NA,NA,NA,NA,NA,NA,NA,NA,NA,NA
299.871,2.2309,23.6091,1.3167,30.6266,NA,NA,NA,NA,NA,NA,NA,NA,NA,NA,NA,NA
299.968,2.2281,23.4542,1.3167,30.6266,NA,NA,NA,NA,NA,NA,NA,NA,NA,NA,NA,NA
300.084,2.2273,23.4124,1.3146,30.4098,NA,NA,NA,NA,NA,NA,NA,NA,NA,NA,NA,NA
300.167,2.2259,23.3304,1.3131,30.2632,NA,NA,NA,NA,NA,NA,NA,NA,NA,NA,NA,NA
300.265,2.2216,23.0933,1.3125,30.2054,NA,NA,NA,NA,NA,NA,NA,NA,NA,NA,NA,NA
300.363,2.2216,23.0933,1.3125,30.2054,NA,NA,NA,NA,NA,NA,NA,NA,NA,NA,NA,NA
300.457,2.2228,23.1632,1.3123,30.1889,NA,NA,NA,NA,NA,NA,NA,NA,NA,NA,NA,NA
300.556,2.2228,23.1632,1.3103,29.9851,NA,NA,NA,NA,NA,NA,NA,NA,NA,NA,NA,NA
300.692,2.2243,23.2469,1.3101,29.9694,NA,NA,NA,NA,NA,NA,NA,NA,NA,NA,NA,NA
300.756,2.2243,23.2469,1.3100,29.9579,NA,NA,NA,NA,NA,NA,NA,NA,NA,NA,NA,NA
300.853,2.2215,23.0891,1.3097,29.9265,NA,NA,NA,NA,NA,NA,NA,NA,NA,NA,NA,NA
300.951,2.2197,22.9884,1.3097,29.9265,NA,NA,NA,NA,NA,NA,NA,NA,NA,NA,NA,NA
301.049,2.2190,22.9531,1.3096,29.9140,NA,NA,NA,NA,NA,NA,NA,NA,NA,NA,NA,NA
301.144,2.2187,22.9345,1.3096,29.9140,NA,NA,NA,NA,NA,NA,NA,NA,NA,NA,NA,NA
301.298,2.2187,22.9345,1.3094,29.9003,NA,NA,NA,NA,NA,NA,NA,NA,NA,NA,NA,NA
301.342,2.2131,22.6264,1.3092,29.8823,NA,NA,NA,NA,NA,NA,NA,NA,NA,NA,NA,NA
301.439,2.2131,22.6264,1.3091,29.8724,NA,NA,NA,NA,NA,NA,NA,NA,NA,NA,NA,NA
301.538,2.2050,22.1736,1.3084,29.7960,NA,NA,NA,NA,NA,NA,NA,NA,NA,NA,NA,NA
301.640,2.2050,22.1736,1.3080,29.7569,NA,NA,NA,NA,NA,NA,NA,NA,NA,NA,NA,NA
301.733,2.1905,21.3691,1.3072,29.6839,NA,NA,NA,NA,NA,NA,NA,NA,NA,NA,NA,NA
301.863,2.1983,21.8053,1.3072,29.6839,NA,NA,NA,NA,NA,NA,NA,NA,NA,NA,NA,NA
301.930,2.1983,21.8053,1.3065,29.6128,NA,NA,NA,NA,NA,NA,NA,NA,NA,NA,NA,NA
302.032,2.1953,21.6397,1.3060,29.5589,NA,NA,NA,NA,NA,NA,NA,NA,NA,NA,NA,NA
302.125,2.1931,21.5165,1.3048,29.4365,NA,NA,NA,NA,NA,NA,NA,NA,NA,NA,NA,NA
302.233,2.1892,21.3011,1.3035,29.3174,NA,NA,NA,NA,NA,NA,NA,NA,NA,NA,NA,NA
302.325,2.1897,21.3247,1.3032,29.2859,NA,NA,NA,NA,NA,NA,NA,NA,NA,NA,NA,NA
302.485,2.1897,21.3258,1.3032,29.2859,NA,NA,NA,NA,NA,NA,NA,NA,NA,NA,NA,NA
302.515,2.1904,21.3649,1.3027,29.2373,NA,NA,NA,NA,NA,NA,NA,NA,NA,NA,NA,NA
302.612,2.1904,21.3649,1.3023,29.1905,NA,NA,NA,NA,NA,NA,NA,NA,NA,NA,NA,NA
302.717,2.1818,20.8874,1.3017,29.1389,NA,NA,NA,NA,NA,NA,NA,NA,NA,NA,NA,NA
302.815,2.1818,20.8874,1.3009,29.0509,NA,NA,NA,NA,NA,NA,NA,NA,NA,NA,NA,NA
302.908,2.1811,20.8501,1.3006,29.0199,NA,NA,NA,NA,NA,NA,NA,NA,NA,NA,NA,NA
303.032,2.1807,20.8260,1.3003,28.9942,NA,NA,NA,NA,NA,NA,NA,NA,NA,NA,NA,NA
303.120,2.1798,20.7800,1.2992,28.8857,NA,NA,NA,NA,NA,NA,NA,NA,NA,NA,NA,NA
303.196,2.1788,20.7257,1.2988,28.8444,NA,NA,NA,NA,NA,NA,NA,NA,NA,NA,NA,NA
303.303,2.1713,20.3085,1.2969,28.6614,NA,NA,NA,NA,NA,NA,NA,NA,NA,NA,NA,NA
303.394,2.1694,20.2014,1.2951,28.4755,NA,NA,NA,NA,NA,NA,NA,NA,NA,NA,NA,NA
303.504,2.1572,19.5270,1.2939,28.3630,NA,NA,NA,NA,NA,NA,NA,NA,NA,NA,NA,NA
303.593,2.1558,19.4489,1.2928,28.2538,NA,NA,NA,NA,NA,NA,NA,NA,NA,NA,NA,NA
303.733,2.1512,19.1927,1.2908,28.0492,NA,NA,NA,NA,NA,NA,NA,NA,NA,NA,NA,NA
303.785,2.1537,19.3300,1.2907,28.0421,NA,NA,NA,NA,NA,NA,NA,NA,NA,NA,NA,NA
303.884,2.1537,19.3300,1.2893,27.8991,NA,NA,NA,NA,NA,NA,NA,NA,NA,NA,NA,NA
303.987,2.1582,19.5824,1.2888,27.8545,NA,NA,NA,NA,NA,NA,NA,NA,NA,NA,NA,NA
304.095,2.1582,19.5824,1.2879,27.7694,NA,NA,NA,NA,NA,NA,NA,NA,NA,NA,NA,NA
304.184,2.1744,20.4810,1.2890,27.8780,NA,NA,NA,NA,NA,NA,NA,NA,NA,NA,NA,NA
304.299,2.1838,21.0002,1.2949,28.4547,NA,NA,NA,NA,NA,NA,NA,NA,NA,NA,NA,NA
304.383,2.2073,22.3037,1.3040,29.3573,NA,NA,NA,NA,NA,NA,NA,NA,NA,NA,NA,NA
304.474,2.2309,23.6126,1.3120,30.1568,NA,NA,NA,NA,NA,NA,NA,NA,NA,NA,NA,NA
304.574,2.2584,25.1356,1.3166,30.6151,NA,NA,NA,NA,NA,NA,NA,NA,NA,NA,NA,NA
304.670,2.2814,26.4065,1.3298,31.9261,NA,NA,NA,NA,NA,NA,NA,NA,NA,NA,NA,NA
304.769,2.2992,27.3967,1.3366,32.5955,NA,NA,NA,NA,NA,NA,NA,NA,NA,NA,NA,NA
304.930,2.3178,28.4232,1.3432,33.2490,NA,NA,NA,NA,NA,NA,NA,NA,NA,NA,NA,NA
304.965,2.3325,29.2371,1.3515,34.0715,NA,NA,NA,NA,NA,NA,NA,NA,NA,NA,NA,NA
305.063,2.3458,29.9778,1.3585,34.7711,NA,NA,NA,NA,NA,NA,NA,NA,NA,NA,NA,NA
305.158,2.3591,30.7121,1.3642,35.3334,NA,NA,NA,NA,NA,NA,NA,NA,NA,NA,NA,NA
305.261,2.3728,31.4737,1.3747,36.3756,NA,NA,NA,NA,NA,NA,NA,NA,NA,NA,NA,NA
305.353,2.3865,32.2333,1.3790,36.8064,NA,NA,NA,NA,NA,NA,NA,NA,NA,NA,NA,NA
305.491,2.4028,33.1346,1.3829,37.1874,NA,NA,NA,NA,NA,NA,NA,NA,NA,NA,NA,NA
305.549,2.4185,34.0027,1.3905,37.9426,NA,NA,NA,NA,NA,NA,NA,NA,NA,NA,NA,NA
305.649,2.4255,34.3901,1.3958,38.4672,NA,NA,NA,NA,NA,NA,NA,NA,NA,NA,NA,NA
305.750,2.4349,34.9108,1.4047,39.3480,NA,NA,NA,NA,NA,NA,NA,NA,NA,NA,NA,NA
305.843,2.4419,35.2996,1.4066,39.5417,NA,NA,NA,NA,NA,NA,NA,NA,NA,NA,NA,NA
305.946,2.4419,35.2996,1.4152,40.3981,NA,NA,NA,NA,NA,NA,NA,NA,NA,NA,NA,NA
306.067,2.4610,36.3621,1.4189,40.7607,NA,NA,NA,NA,NA,NA,NA,NA,NA,NA,NA,NA
306.141,2.4610,36.3621,1.4204,40.9119,NA,NA,NA,NA,NA,NA,NA,NA,NA,NA,NA,NA
306.234,2.4662,36.6476,1.4226,41.1290,NA,NA,NA,NA,NA,NA,NA,NA,NA,NA,NA,NA
306.334,2.4662,36.6476,1.4226,41.1290,NA,NA,NA,NA,NA,NA,NA,NA,NA,NA,NA,NA
306.434,2.4626,36.4491,1.4202,40.8867,NA,NA,NA,NA,NA,NA,NA,NA,NA,NA,NA,NA
306.528,2.4614,36.3827,1.4176,40.6312,NA,NA,NA,NA,NA,NA,NA,NA,NA,NA,NA,NA
306.634,2.4497,35.7354,1.4153,40.4063,NA,NA,NA,NA,NA,NA,NA,NA,NA,NA,NA,NA
306.747,2.4322,34.7662,1.4141,40.2826,NA,NA,NA,NA,NA,NA,NA,NA,NA,NA,NA,NA
306.828,2.4196,34.0637,1.4109,39.9682,NA,NA,NA,NA,NA,NA,NA,NA,NA,NA,NA,NA
306.927,2.4012,33.0465,1.4060,39.4799,NA,NA,NA,NA,NA,NA,NA,NA,NA,NA,NA,NA
307.020,2.3944,32.6713,1.4009,38.9718,NA,NA,NA,NA,NA,NA,NA,NA,NA,NA,NA,NA
307.124,2.3702,31.3297,1.3973,38.6161,NA,NA,NA,NA,NA,NA,NA,NA,NA,NA,NA,NA
307.214,2.3674,31.1706,1.3907,37.9637,NA,NA,NA,NA,NA,NA,NA,NA,NA,NA,NA,NA
307.350,2.3388,29.5904,1.3850,37.4006,NA,NA,NA,NA,NA,NA,NA,NA,NA,NA,NA,NA
307.410,2.3367,29.4740,1.3813,37.0355,NA,NA,NA,NA,NA,NA,NA,NA,NA,NA,NA,NA
307.509,2.3265,28.9084,1.3785,36.7509,NA,NA,NA,NA,NA,NA,NA,NA,NA,NA,NA,NA
307.620,2.3266,28.9152,1.3769,36.5957,NA,NA,NA,NA,NA,NA,NA,NA,NA,NA,NA,NA
307.708,2.3266,28.9152,1.3728,36.1833,NA,NA,NA,NA,NA,NA,NA,NA,NA,NA,NA,NA
307.802,2.3264,28.9035,1.3714,36.0488,NA,NA,NA,NA,NA,NA,NA,NA,NA,NA,NA,NA
307.930,2.3264,28.9035,1.3700,35.9085,NA,NA,NA,NA,NA,NA,NA,NA,NA,NA,NA,NA
308.001,2.3223,28.6753,1.3666,35.5723,NA,NA,NA,NA,NA,NA,NA,NA,NA,NA,NA,NA
308.095,2.3221,28.6618,1.3652,35.4315,NA,NA,NA,NA,NA,NA,NA,NA,NA,NA,NA,NA
308.194,2.3097,27.9785,1.3627,35.1874,NA,NA,NA,NA,NA,NA,NA,NA,NA,NA,NA,NA
308.303,2.3044,27.6805,1.3608,35.0012,NA,NA,NA,NA,NA,NA,NA,NA,NA,NA,NA,NA
308.391,2.2954,27.1812,1.3594,34.8533,NA,NA,NA,NA,NA,NA,NA,NA,NA,NA,NA,NA
308.504,2.3012,27.5031,1.3593,34.8465,NA,NA,NA,NA,NA,NA,NA,NA,NA,NA,NA,NA
308.591,2.3012,27.5031,1.3571,34.6287,NA,NA,NA,NA,NA,NA,NA,NA,NA,NA,NA,NA
308.689,2.2866,26.6950,1.3538,34.3027,NA,NA,NA,NA,NA,NA,NA,NA,NA,NA,NA,NA
308.783,2.2816,26.4167,1.3515,34.0725,NA,NA,NA,NA,NA,NA,NA,NA,NA,NA,NA,NA
308.876,2.2747,26.0354,1.3476,33.6893,NA,NA,NA,NA,NA,NA,NA,NA,NA,NA,NA,NA
308.975,2.2714,25.8532,1.3453,33.4566,NA,NA,NA,NA,NA,NA,NA,NA,NA,NA,NA,NA
309.070,2.2699,25.7719,1.3443,33.3606,NA,NA,NA,NA,NA,NA,NA,NA,NA,NA,NA,NA
309.171,2.2699,25.7719,1.3421,33.1376,NA,NA,NA,NA,NA,NA,NA,NA,NA,NA,NA,NA
309.279,2.2682,25.6795,1.3406,32.9938,NA,NA,NA,NA,NA,NA,NA,NA,NA,NA,NA,NA
309.374,2.2682,25.6795,1.3398,32.9177,NA,NA,NA,NA,NA,NA,NA,NA,NA,NA,NA,NA
309.474,2.2582,25.1234,1.3396,32.8937,NA,NA,NA,NA,NA,NA,NA,NA,NA,NA,NA,NA
309.569,2.2783,26.2357,1.3445,33.3826,NA,NA,NA,NA,NA,NA,NA,NA,NA,NA,NA,NA
309.684,2.2930,27.0498,1.3518,34.1012,NA,NA,NA,NA,NA,NA,NA,NA,NA,NA,NA,NA
309.762,2.3238,28.7582,1.3577,34.6928,NA,NA,NA,NA,NA,NA,NA,NA,NA,NA,NA,NA
309.857,2.3416,29.7430,1.3638,35.2972,NA,NA,NA,NA,NA,NA,NA,NA,NA,NA,NA,NA
309.967,2.3567,30.5802,1.3693,35.8415,NA,NA,NA,NA,NA,NA,NA,NA,NA,NA,NA,NA
310.054,2.3567,30.5802,1.3720,36.1117,NA,NA,NA,NA,NA,NA,NA,NA,NA,NA,NA,NA
310.148,2.3497,30.1912,1.3731,36.2161,NA,NA,NA,NA,NA,NA,NA,NA,NA,NA,NA,NA
310.324,2.3528,30.3636,1.3733,36.2362,NA,NA,NA,NA,NA,NA,NA,NA,NA,NA,NA,NA
310.347,2.3530,30.3747,1.3734,36.2491,NA,NA,NA,NA,NA,NA,NA,NA,NA,NA,NA,NA
310.443,2.3530,30.3747,1.3734,36.2491,NA,NA,NA,NA,NA,NA,NA,NA,NA,NA,NA,NA
310.544,2.3523,30.3389,1.3711,36.0210,NA,NA,NA,NA,NA,NA,NA,NA,NA,NA,NA,NA
310.646,2.3484,30.1192,1.3706,35.9696,NA,NA,NA,NA,NA,NA,NA,NA,NA,NA,NA,NA
310.734,2.3383,29.5587,1.3691,35.8191,NA,NA,NA,NA,NA,NA,NA,NA,NA,NA,NA,NA
310.887,2.3308,29.1459,1.3666,35.5698,NA,NA,NA,NA,NA,NA,NA,NA,NA,NA,NA,NA
310.936,2.3275,28.9619,1.3645,35.3601,NA,NA,NA,NA,NA,NA,NA,NA,NA,NA,NA,NA
311.038,2.3137,28.1963,1.3621,35.1273,NA,NA,NA,NA,NA,NA,NA,NA,NA,NA,NA,NA
311.130,2.3073,27.8419,1.3608,34.9962,NA,NA,NA,NA,NA,NA,NA,NA,NA,NA,NA,NA
311.231,2.2997,27.4200,1.3541,34.3318,NA,NA,NA,NA,NA,NA,NA,NA,NA,NA,NA,NA
311.326,2.2949,27.1534,1.3532,34.2473,NA,NA,NA,NA,NA,NA,NA,NA,NA,NA,NA,NA
311.482,2.2928,27.0382,1.3497,33.8946,NA,NA,NA,NA,NA,NA,NA,NA,NA,NA,NA,NA
311.533,2.2861,26.6684,1.3477,33.6933,NA,NA,NA,NA,NA,NA,NA,NA,NA,NA,NA,NA
311.620,2.2839,26.5473,1.3462,33.5521,NA,NA,NA,NA,NA,NA,NA,NA,NA,NA,NA,NA
311.709,2.2743,26.0134,1.3451,33.4390,NA,NA,NA,NA,NA,NA,NA,NA,NA,NA,NA,NA
311.816,2.2711,25.8386,1.3410,33.0323,NA,NA,NA,NA,NA,NA,NA,NA,NA,NA,NA,NA
311.922,2.2649,25.4938,1.3393,32.8665,NA,NA,NA,NA,NA,NA,NA,NA,NA,NA,NA,NA
312.060,2.2596,25.2030,1.3371,32.6477,NA,NA,NA,NA,NA,NA,NA,NA,NA,NA,NA,NA
312.111,2.2596,25.2030,1.3354,32.4758,NA,NA,NA,NA,NA,NA,NA,NA,NA,NA,NA,NA
312.207,2.2558,24.9920,1.3354,32.4758,NA,NA,NA,NA,NA,NA,NA,NA,NA,NA,NA,NA
312.304,2.2558,24.9920,1.3354,32.4756,NA,NA,NA,NA,NA,NA,NA,NA,NA,NA,NA,NA
312.409,2.2489,24.6080,1.3346,32.4003,NA,NA,NA,NA,NA,NA,NA,NA,NA,NA,NA,NA
312.505,2.2452,24.4000,1.3336,32.2974,NA,NA,NA,NA,NA,NA,NA,NA,NA,NA,NA,NA
312.600,2.2434,24.3034,1.3325,32.1857,NA,NA,NA,NA,NA,NA,NA,NA,NA,NA,NA,NA
312.701,2.2395,24.0870,1.3323,32.1726,NA,NA,NA,NA,NA,NA,NA,NA,NA,NA,NA,NA
312.815,2.2395,24.0870,1.3297,31.9141,NA,NA,NA,NA,NA,NA,NA,NA,NA,NA,NA,NA
312.899,2.2393,24.0734,1.3279,31.7365,NA,NA,NA,NA,NA,NA,NA,NA,NA,NA,NA,NA
312.996,2.2393,24.0734,1.3276,31.7014,NA,NA,NA,NA,NA,NA,NA,NA,NA,NA,NA,NA
313.091,2.2330,23.7278,1.3266,31.6086,NA,NA,NA,NA,NA,NA,NA,NA,NA,NA,NA,NA
313.189,2.2330,23.7278,1.3263,31.5717,NA,NA,NA,NA,NA,NA,NA,NA,NA,NA,NA,NA
313.282,2.2148,22.7161,1.3251,31.4580,NA,NA,NA,NA,NA,NA,NA,NA,NA,NA,NA,NA
313.382,2.2153,22.7473,1.3251,31.4580,NA,NA,NA,NA,NA,NA,NA,NA,NA,NA,NA,NA
313.488,2.2157,22.7664,1.3245,31.3978,NA,NA,NA,NA,NA,NA,NA,NA,NA,NA,NA,NA
313.583,2.2157,22.7664,1.3233,31.2768,NA,NA,NA,NA,NA,NA,NA,NA,NA,NA,NA,NA
313.679,2.2149,22.7243,1.3225,31.1978,NA,NA,NA,NA,NA,NA,NA,NA,NA,NA,NA,NA
313.776,2.2141,22.6772,1.3200,30.9464,NA,NA,NA,NA,NA,NA,NA,NA,NA,NA,NA,NA
313.876,2.2141,22.6772,1.3178,30.7283,NA,NA,NA,NA,NA,NA,NA,NA,NA,NA,NA,NA
313.968,2.2064,22.2536,1.3151,30.4601,NA,NA,NA,NA,NA,NA,NA,NA,NA,NA,NA,NA
314.093,2.2031,22.0682,1.3141,30.3638,NA,NA,NA,NA,NA,NA,NA,NA,NA,NA,NA,NA
314.164,2.2014,21.9774,1.3134,30.2956,NA,NA,NA,NA,NA,NA,NA,NA,NA,NA,NA,NA
314.261,2.2011,21.9567,1.3127,30.2228,NA,NA,NA,NA,NA,NA,NA,NA,NA,NA,NA,NA
314.363,2.2017,21.9933,1.3118,30.1406,NA,NA,NA,NA,NA,NA,NA,NA,NA,NA,NA,NA
314.475,2.2147,22.7139,1.3144,30.3909,NA,NA,NA,NA,NA,NA,NA,NA,NA,NA,NA,NA
314.554,2.2281,23.4560,1.3197,30.9234,NA,NA,NA,NA,NA,NA,NA,NA,NA,NA,NA,NA
314.660,2.2697,25.7598,1.3308,32.0230,NA,NA,NA,NA,NA,NA,NA,NA,NA,NA,NA,NA
314.769,2.2835,26.5262,1.3382,32.7568,NA,NA,NA,NA,NA,NA,NA,NA,NA,NA,NA,NA
314.849,2.3041,27.6639,1.3500,33.9215,NA,NA,NA,NA,NA,NA,NA,NA,NA,NA,NA,NA
314.956,2.3373,29.5073,1.3572,34.6375,NA,NA,NA,NA,NA,NA,NA,NA,NA,NA,NA,NA
315.109,2.3512,30.2777,1.3638,35.2972,NA,NA,NA,NA,NA,NA,NA,NA,NA,NA,NA,NA
315.144,2.3726,31.4635,1.3692,35.8333,NA,NA,NA,NA,NA,NA,NA,NA,NA,NA,NA,NA
315.243,2.3818,31.9727,1.3753,36.4371,NA,NA,NA,NA,NA,NA,NA,NA,NA,NA,NA,NA
315.339,2.4047,33.2379,1.3838,37.2774,NA,NA,NA,NA,NA,NA,NA,NA,NA,NA,NA,NA
315.437,2.4155,33.8357,1.3914,38.0356,NA,NA,NA,NA,NA,NA,NA,NA,NA,NA,NA,NA
315.560,2.4342,34.8763,1.3979,38.6752,NA,NA,NA,NA,NA,NA,NA,NA,NA,NA,NA,NA
315.665,2.4454,35.4949,1.4077,39.6450,NA,NA,NA,NA,NA,NA,NA,NA,NA,NA,NA,NA
315.744,2.4569,36.1342,1.4149,40.3645,NA,NA,NA,NA,NA,NA,NA,NA,NA,NA,NA,NA
315.844,2.4715,36.9388,1.4221,41.0790,NA,NA,NA,NA,NA,NA,NA,NA,NA,NA,NA,NA
315.949,2.4794,37.3769,1.4310,41.9566,NA,NA,NA,NA,NA,NA,NA,NA,NA,NA,NA,NA
316.045,2.4919,38.0732,1.4354,42.4019,NA,NA,NA,NA,NA,NA,NA,NA,NA,NA,NA,NA
316.139,2.5014,38.5988,1.4449,43.3430,NA,NA,NA,NA,NA,NA,NA,NA,NA,NA,NA,NA
316.225,2.5143,39.3116,1.4509,43.9318,NA,NA,NA,NA,NA,NA,NA,NA,NA,NA,NA,NA
316.333,2.5203,39.6448,1.4551,44.3554,NA,NA,NA,NA,NA,NA,NA,NA,NA,NA,NA,NA
316.447,2.5242,39.8602,1.4579,44.6252,NA,NA,NA,NA,NA,NA,NA,NA,NA,NA,NA,NA
316.524,2.5349,40.4568,1.4600,44.8333,NA,NA,NA,NA,NA,NA,NA,NA,NA,NA,NA,NA
316.651,2.5349,40.4568,1.4610,44.9347,NA,NA,NA,NA,NA,NA,NA,NA,NA,NA,NA,NA
316.717,2.5343,40.4183,1.4612,44.9577,NA,NA,NA,NA,NA,NA,NA,NA,NA,NA,NA,NA
316.809,2.5236,39.8304,1.4623,45.0668,NA,NA,NA,NA,NA,NA,NA,NA,NA,NA,NA,NA
316.905,2.5228,39.7863,1.4629,45.1216,NA,NA,NA,NA,NA,NA,NA,NA,NA,NA,NA,NA
317.006,2.5215,39.7139,1.4629,45.1216,NA,NA,NA,NA,NA,NA,NA,NA,NA,NA,NA,NA
317.101,2.5209,39.6764,1.4578,44.6212,NA,NA,NA,NA,NA,NA,NA,NA,NA,NA,NA,NA
317.204,2.5135,39.2709,1.4540,44.2461,NA,NA,NA,NA,NA,NA,NA,NA,NA,NA,NA,NA
317.304,2.5089,39.0151,1.4505,43.8990,NA,NA,NA,NA,NA,NA,NA,NA,NA,NA,NA,NA
317.456,2.4993,38.4841,1.4473,43.5763,NA,NA,NA,NA,NA,NA,NA,NA,NA,NA,NA,NA
317.496,2.4858,37.7354,1.4416,43.0113,NA,NA,NA,NA,NA,NA,NA,NA,NA,NA,NA,NA
317.601,2.4784,37.3248,1.4384,42.6997,NA,NA,NA,NA,NA,NA,NA,NA,NA,NA,NA,NA
317.692,2.4650,36.5833,1.4346,42.3204,NA,NA,NA,NA,NA,NA,NA,NA,NA,NA,NA,NA
317.788,2.4486,35.6719,1.4314,42.0026,NA,NA,NA,NA,NA,NA,NA,NA,NA,NA,NA,NA
317.888,2.4477,35.6210,1.4279,41.6493,NA,NA,NA,NA,NA,NA,NA,NA,NA,NA,NA,NA
317.983,2.4367,35.0108,1.4206,40.9278,NA,NA,NA,NA,NA,NA,NA,NA,NA,NA,NA,NA
318.089,2.4314,34.7215,1.4170,40.5755,NA,NA,NA,NA,NA,NA,NA,NA,NA,NA,NA,NA
318.181,2.4205,34.1144,1.4150,40.3725,NA,NA,NA,NA,NA,NA,NA,NA,NA,NA,NA,NA
318.283,2.4170,33.9199,1.4117,40.0441,NA,NA,NA,NA,NA,NA,NA,NA,NA,NA,NA,NA
318.378,2.4105,33.5623,1.4096,39.8343,NA,NA,NA,NA,NA,NA,NA,NA,NA,NA,NA,NA
318.474,2.3988,32.9108,1.4082,39.7022,NA,NA,NA,NA,NA,NA,NA,NA,NA,NA,NA,NA
318.572,2.3945,32.6728,1.4069,39.5686,NA,NA,NA,NA,NA,NA,NA,NA,NA,NA,NA,NA
318.671,2.3910,32.4789,1.4060,39.4765,NA,NA,NA,NA,NA,NA,NA,NA,NA,NA,NA,NA
318.767,2.3910,32.4789,1.4053,39.4106,NA,NA,NA,NA,NA,NA,NA,NA,NA,NA,NA,NA
318.864,2.3935,32.6195,1.4023,39.1091,NA,NA,NA,NA,NA,NA,NA,NA,NA,NA,NA,NA
318.961,2.3935,32.6195,1.3999,38.8793,NA,NA,NA,NA,NA,NA,NA,NA,NA,NA,NA,NA
319.060,2.3759,31.6452,1.3986,38.7428,NA,NA,NA,NA,NA,NA,NA,NA,NA,NA,NA,NA
319.161,2.3762,31.6595,1.3978,38.6627,NA,NA,NA,NA,NA,NA,NA,NA,NA,NA,NA,NA
319.284,2.3762,31.6595,1.3976,38.6453,NA,NA,NA,NA,NA,NA,NA,NA,NA,NA,NA,NA
319.354,2.3732,31.4965,1.3957,38.4575,NA,NA,NA,NA,NA,NA,NA,NA,NA,NA,NA,NA
319.451,2.3732,31.4965,1.3943,38.3226,NA,NA,NA,NA,NA,NA,NA,NA,NA,NA,NA,NA
319.551,2.3685,31.2366,1.3935,38.2364,NA,NA,NA,NA,NA,NA,NA,NA,NA,NA,NA,NA
319.645,2.3685,31.2366,1.3913,38.0227,NA,NA,NA,NA,NA,NA,NA,NA,NA,NA,NA,NA
319.747,2.3678,31.1954,1.3913,38.0227,NA,NA,NA,NA,NA,NA,NA,NA,NA,NA,NA,NA
319.853,2.3678,31.1954,1.3899,37.8854,NA,NA,NA,NA,NA,NA,NA,NA,NA,NA,NA,NA
319.956,2.3640,30.9861,1.3880,37.6958,NA,NA,NA,NA,NA,NA,NA,NA,NA,NA,NA,NA
320.041,2.3594,30.7303,1.3877,37.6631,NA,NA,NA,NA,NA,NA,NA,NA,NA,NA,NA,NA
320.138,2.3594,30.7303,1.3863,37.5290,NA,NA,NA,NA,NA,NA,NA,NA,NA,NA,NA,NA
320.235,2.3519,30.3119,1.3855,37.4518,NA,NA,NA,NA,NA,NA,NA,NA,NA,NA,NA,NA
320.336,2.3519,30.3119,1.3846,37.3614,NA,NA,NA,NA,NA,NA,NA,NA,NA,NA,NA,NA
320.430,2.3536,30.4081,1.3829,37.1939,NA,NA,NA,NA,NA,NA,NA,NA,NA,NA,NA,NA
320.528,2.3536,30.4081,1.3821,37.1058,NA,NA,NA,NA,NA,NA,NA,NA,NA,NA,NA,NA
320.633,2.3446,29.9110,1.3800,36.9033,NA,NA,NA,NA,NA,NA,NA,NA,NA,NA,NA,NA
320.727,2.3333,29.2835,1.3784,36.7423,NA,NA,NA,NA,NA,NA,NA,NA,NA,NA,NA,NA
320.832,2.3244,28.7905,1.3745,36.3518,NA,NA,NA,NA,NA,NA,NA,NA,NA,NA,NA,NA
320.918,2.3236,28.7456,1.3729,36.1969,NA,NA,NA,NA,NA,NA,NA,NA,NA,NA,NA,NA
321.023,2.3236,28.7456,1.3709,36.0026,NA,NA,NA,NA,NA,NA,NA,NA,NA,NA,NA,NA
321.127,2.3154,28.2905,1.3697,35.8816,NA,NA,NA,NA,NA,NA,NA,NA,NA,NA,NA,NA
321.213,2.3127,28.1401,1.3674,35.6548,NA,NA,NA,NA,NA,NA,NA,NA,NA,NA,NA,NA
321.310,2.3051,27.7230,1.3663,35.5416,NA,NA,NA,NA,NA,NA,NA,NA,NA,NA,NA,NA
321.419,2.3032,27.6182,1.3653,35.4448,NA,NA,NA,NA,NA,NA,NA,NA,NA,NA,NA,NA
321.508,2.2981,27.3311,1.3647,35.3795,NA,NA,NA,NA,NA,NA,NA,NA,NA,NA,NA,NA
321.609,2.2981,27.3316,1.3641,35.3260,NA,NA,NA,NA,NA,NA,NA,NA,NA,NA,NA,NA
321.743,2.2981,27.3316,1.3636,35.2751,NA,NA,NA,NA,NA,NA,NA,NA,NA,NA,NA,NA
321.806,2.2963,27.2357,1.3627,35.1895,NA,NA,NA,NA,NA,NA,NA,NA,NA,NA,NA,NA
321.903,2.2952,27.1747,1.3607,34.9902,NA,NA,NA,NA,NA,NA,NA,NA,NA,NA,NA,NA
321.996,2.2944,27.1279,1.3581,34.7285,NA,NA,NA,NA,NA,NA,NA,NA,NA,NA,NA,NA
322.096,2.2975,27.3029,1.3611,35.0228,NA,NA,NA,NA,NA,NA,NA,NA,NA,NA,NA,NA
322.192,2.3281,28.9978,1.3634,35.2527,NA,NA,NA,NA,NA,NA,NA,NA,NA,NA,NA,NA
322.333,2.3354,29.3987,1.3688,35.7899,NA,NA,NA,NA,NA,NA,NA,NA,NA,NA,NA,NA
322.389,2.3703,31.3317,1.3765,36.5534,NA,NA,NA,NA,NA,NA,NA,NA,NA,NA,NA,NA
322.486,2.3832,32.0476,1.3842,37.3227,NA,NA,NA,NA,NA,NA,NA,NA,NA,NA,NA,NA
322.587,2.3948,32.6900,1.3914,38.0315,NA,NA,NA,NA,NA,NA,NA,NA,NA,NA,NA,NA
322.683,2.4071,33.3749,1.4008,38.9675,NA,NA,NA,NA,NA,NA,NA,NA,NA,NA,NA,NA
322.782,2.4262,34.4317,1.4105,39.9228,NA,NA,NA,NA,NA,NA,NA,NA,NA,NA,NA,NA
322.916,2.4616,36.3926,1.4208,40.9511,NA,NA,NA,NA,NA,NA,NA,NA,NA,NA,NA,NA
322.978,2.4727,37.0059,1.4276,41.6237,NA,NA,NA,NA,NA,NA,NA,NA,NA,NA,NA,NA
323.075,2.5049,38.7899,1.4330,42.1577,NA,NA,NA,NA,NA,NA,NA,NA,NA,NA,NA,NA
323.171,2.5143,39.3119,1.4450,43.3458,NA,NA,NA,NA,NA,NA,NA,NA,NA,NA,NA,NA
323.278,2.5382,40.6346,1.4511,43.9523,NA,NA,NA,NA,NA,NA,NA,NA,NA,NA,NA,NA
323.368,2.5411,40.7988,1.4558,44.4226,NA,NA,NA,NA,NA,NA,NA,NA,NA,NA,NA,NA
323.470,2.5499,41.2868,1.4626,45.1008,NA,NA,NA,NA,NA,NA,NA,NA,NA,NA,NA,NA
323.565,2.5526,41.4328,1.4691,45.7368,NA,NA,NA,NA,NA,NA,NA,NA,NA,NA,NA,NA
323.665,2.5735,42.5931,1.4726,46.0889,NA,NA,NA,NA,NA,NA,NA,NA,NA,NA,NA,NA
323.765,2.5885,43.4258,1.4820,47.0204,NA,NA,NA,NA,NA,NA,NA,NA,NA,NA,NA,NA
323.859,2.5923,43.6347,1.4866,47.4758,NA,NA,NA,NA,NA,NA,NA,NA,NA,NA,NA,NA
323.956,2.5984,43.9705,1.4913,47.9400,NA,NA,NA,NA,NA,NA,NA,NA,NA,NA,NA,NA
324.089,2.5996,44.0392,1.4939,48.1975,NA,NA,NA,NA,NA,NA,NA,NA,NA,NA,NA,NA
324.151,2.5996,44.0392,1.4954,48.3486,NA,NA,NA,NA,NA,NA,NA,NA,NA,NA,NA,NA
324.253,2.5995,44.0337,1.4954,48.3486,NA,NA,NA,NA,NA,NA,NA,NA,NA,NA,NA,NA
324.354,2.5910,43.5643,1.4953,48.3440,NA,NA,NA,NA,NA,NA,NA,NA,NA,NA,NA,NA
324.442,2.5923,43.6351,1.4924,48.0550,NA,NA,NA,NA,NA,NA,NA,NA,NA,NA,NA,NA
324.542,2.5923,43.6351,1.4887,47.6841,NA,NA,NA,NA,NA,NA,NA,NA,NA,NA,NA,NA
324.673,2.5754,42.6998,1.4861,47.4240,NA,NA,NA,NA,NA,NA,NA,NA,NA,NA,NA,NA
324.747,2.5694,42.3678,1.4818,47.0005,NA,NA,NA,NA,NA,NA,NA,NA,NA,NA,NA,NA
324.841,2.5478,41.1711,1.4780,46.6219,NA,NA,NA,NA,NA,NA,NA,NA,NA,NA,NA,NA
324.934,2.5388,40.6700,1.4730,46.1230,NA,NA,NA,NA,NA,NA,NA,NA,NA,NA,NA,NA
325.034,2.5264,39.9848,1.4646,45.2909,NA,NA,NA,NA,NA,NA,NA,NA,NA,NA,NA,NA
325.133,2.5132,39.2498,1.4625,45.0897,NA,NA,NA,NA,NA,NA,NA,NA,NA,NA,NA,NA
325.227,2.5066,38.8838,1.4570,44.5417,NA,NA,NA,NA,NA,NA,NA,NA,NA,NA,NA,NA
325.358,2.4875,37.8278,1.4548,44.3224,NA,NA,NA,NA,NA,NA,NA,NA,NA,NA,NA,NA
325.433,2.4843,37.6490,1.4515,43.9959,NA,NA,NA,NA,NA,NA,NA,NA,NA,NA,NA,NA
325.520,2.4698,36.8447,1.4500,43.8457,NA,NA,NA,NA,NA,NA,NA,NA,NA,NA,NA,NA
325.622,2.4670,36.6931,1.4457,43.4170,NA,NA,NA,NA,NA,NA,NA,NA,NA,NA,NA,NA
325.719,2.4567,36.1216,1.4438,43.2337,NA,NA,NA,NA,NA,NA,NA,NA,NA,NA,NA,NA
325.823,2.4515,35.8309,1.4392,42.7750,NA,NA,NA,NA,NA,NA,NA,NA,NA,NA,NA,NA
325.916,2.4446,35.4509,1.4368,42.5369,NA,NA,NA,NA,NA,NA,NA,NA,NA,NA,NA,NA
326.010,2.4366,35.0062,1.4353,42.3855,NA,NA,NA,NA,NA,NA,NA,NA,NA,NA,NA,NA
326.116,2.4364,34.9989,1.4313,41.9921,NA,NA,NA,NA,NA,NA,NA,NA,NA,NA,NA,NA
326.217,2.4295,34.6123,1.4285,41.7116,NA,NA,NA,NA,NA,NA,NA,NA,NA,NA,NA,NA
326.307,2.4295,34.6123,1.4268,41.5468,NA,NA,NA,NA,NA,NA,NA,NA,NA,NA,NA,NA
326.431,2.4229,34.2502,1.4247,41.3392,NA,NA,NA,NA,NA,NA,NA,NA,NA,NA,NA,NA
326.499,2.4186,34.0090,1.4224,41.1093,NA,NA,NA,NA,NA,NA,NA,NA,NA,NA,NA,NA
326.601,2.4161,33.8701,1.4217,41.0382,NA,NA,NA,NA,NA,NA,NA,NA,NA,NA,NA,NA
326.693,2.4161,33.8701,1.4208,40.9540,NA,NA,NA,NA,NA,NA,NA,NA,NA,NA,NA,NA
326.786,2.4147,33.7967,1.4177,40.6421,NA,NA,NA,NA,NA,NA,NA,NA,NA,NA,NA,NA
326.893,2.4147,33.7967,1.4167,40.5380,NA,NA,NA,NA,NA,NA,NA,NA,NA,NA,NA,NA
326.991,2.4145,33.7830,1.4161,40.4865,NA,NA,NA,NA,NA,NA,NA,NA,NA,NA,NA,NA
327.107,2.4110,33.5879,1.4120,40.0772,NA,NA,NA,NA,NA,NA,NA,NA,NA,NA,NA,NA
327.190,2.4011,33.0427,1.4108,39.9607,NA,NA,NA,NA,NA,NA,NA,NA,NA,NA,NA,NA
327.285,2.4003,32.9968,1.4102,39.9006,NA,NA,NA,NA,NA,NA,NA,NA,NA,NA,NA,NA
327.384,2.3975,32.8420,1.4071,39.5924,NA,NA,NA,NA,NA,NA,NA,NA,NA,NA,NA,NA
327.478,2.3996,32.9548,1.4067,39.5496,NA,NA,NA,NA,NA,NA,NA,NA,NA,NA,NA,NA
327.575,2.3996,32.9548,1.4056,39.4393,NA,NA,NA,NA,NA,NA,NA,NA,NA,NA,NA,NA
327.703,2.3929,32.5870,1.4056,39.4379,NA,NA,NA,NA,NA,NA,NA,NA,NA,NA,NA,NA
327.772,2.3842,32.1019,1.4058,39.4581,NA,NA,NA,NA,NA,NA,NA,NA,NA,NA,NA,NA
327.880,2.3842,32.1019,1.4058,39.4581,NA,NA,NA,NA,NA,NA,NA,NA,NA,NA,NA,NA
327.971,2.3814,31.9484,1.4051,39.3965,NA,NA,NA,NA,NA,NA,NA,NA,NA,NA,NA,NA
328.066,2.3814,31.9484,1.4054,39.4183,NA,NA,NA,NA,NA,NA,NA,NA,NA,NA,NA,NA
328.180,2.3805,31.8989,1.4054,39.4183,NA,NA,NA,NA,NA,NA,NA,NA,NA,NA,NA,NA
328.310,2.3805,31.8989,1.4043,39.3139,NA,NA,NA,NA,NA,NA,NA,NA,NA,NA,NA,NA
328.363,2.3772,31.7180,1.4043,39.3139,NA,NA,NA,NA,NA,NA,NA,NA,NA,NA,NA,NA
328.466,2.3772,31.7180,1.4037,39.2549,NA,NA,NA,NA,NA,NA,NA,NA,NA,NA,NA,NA
328.554,2.3715,31.3980,1.4037,39.2549,NA,NA,NA,NA,NA,NA,NA,NA,NA,NA,NA,NA
328.655,2.3624,30.8943,1.4016,39.0421,NA,NA,NA,NA,NA,NA,NA,NA,NA,NA,NA,NA
328.751,2.3624,30.8943,1.4015,39.0321,NA,NA,NA,NA,NA,NA,NA,NA,NA,NA,NA,NA
328.848,2.3607,30.8033,1.4008,38.9644,NA,NA,NA,NA,NA,NA,NA,NA,NA,NA,NA,NA
328.950,2.3607,30.8033,1.3984,38.7262,NA,NA,NA,NA,NA,NA,NA,NA,NA,NA,NA,NA
329.047,2.3565,30.5687,1.3978,38.6663,NA,NA,NA,NA,NA,NA,NA,NA,NA,NA,NA,NA
329.146,2.3565,30.5687,1.3962,38.5097,NA,NA,NA,NA,NA,NA,NA,NA,NA,NA,NA,NA
329.240,2.3494,30.1742,1.3950,38.3907,NA,NA,NA,NA,NA,NA,NA,NA,NA,NA,NA,NA
329.343,2.3419,29.7626,1.3943,38.3216,NA,NA,NA,NA,NA,NA,NA,NA,NA,NA,NA,NA
329.453,2.3410,29.7091,1.3941,38.2989,NA,NA,NA,NA,NA,NA,NA,NA,NA,NA,NA,NA
329.533,2.3433,29.8372,1.3941,38.2989,NA,NA,NA,NA,NA,NA,NA,NA,NA,NA,NA,NA
329.638,2.3433,29.8372,1.3937,38.2637,NA,NA,NA,NA,NA,NA,NA,NA,NA,NA,NA,NA
329.730,2.3406,29.6870,1.3931,38.1986,NA,NA,NA,NA,NA,NA,NA,NA,NA,NA,NA,NA
329.827,2.3406,29.6870,1.3885,37.7485,NA,NA,NA,NA,NA,NA,NA,NA,NA,NA,NA,NA
329.930,2.3394,29.6202,1.3874,37.6345,NA,NA,NA,NA,NA,NA,NA,NA,NA,NA,NA,NA
330.053,2.3394,29.6202,1.3872,37.6153,NA,NA,NA,NA,NA,NA,NA,NA,NA,NA,NA,NA
330.120,2.3376,29.5237,1.3872,37.6153,NA,NA,NA,NA,NA,NA,NA,NA,NA,NA,NA,NA
330.230,2.3344,29.3462,1.3870,37.5933,NA,NA,NA,NA,NA,NA,NA,NA,NA,NA,NA,NA
330.321,2.3289,29.0397,1.3861,37.5103,NA,NA,NA,NA,NA,NA,NA,NA,NA,NA,NA,NA
330.419,2.3270,28.9328,1.3849,37.3913,NA,NA,NA,NA,NA,NA,NA,NA,NA,NA,NA,NA
330.512,2.3228,28.7025,1.3840,37.3014,NA,NA,NA,NA,NA,NA,NA,NA,NA,NA,NA,NA
330.613,2.3218,28.6445,1.3838,37.2804,NA,NA,NA,NA,NA,NA,NA,NA,NA,NA,NA,NA
330.728,2.3218,28.6445,1.3834,37.2378,NA,NA,NA,NA,NA,NA,NA,NA,NA,NA,NA,NA
330.811,2.3147,28.2520,1.3828,37.1812,NA,NA,NA,NA,NA,NA,NA,NA,NA,NA,NA,NA
330.913,2.3135,28.1889,1.3826,37.1591,NA,NA,NA,NA,NA,NA,NA,NA,NA,NA,NA,NA
331.005,2.3126,28.1394,1.3810,36.9996,NA,NA,NA,NA,NA,NA,NA,NA,NA,NA,NA,NA
331.104,2.3101,27.9979,1.3802,36.9255,NA,NA,NA,NA,NA,NA,NA,NA,NA,NA,NA,NA
331.201,2.3100,27.9952,1.3798,36.8816,NA,NA,NA,NA,NA,NA,NA,NA,NA,NA,NA,NA
331.306,2.3072,27.8378,1.3788,36.7860,NA,NA,NA,NA,NA,NA,NA,NA,NA,NA,NA,NA
331.394,2.3072,27.8378,1.3790,36.8028,NA,NA,NA,NA,NA,NA,NA,NA,NA,NA,NA,NA
331.493,2.3044,27.6808,1.3790,36.8028,NA,NA,NA,NA,NA,NA,NA,NA,NA,NA,NA,NA
331.587,2.3010,27.4958,1.3768,36.5803,NA,NA,NA,NA,NA,NA,NA,NA,NA,NA,NA,NA
331.693,2.2987,27.3680,1.3764,36.5419,NA,NA,NA,NA,NA,NA,NA,NA,NA,NA,NA,NA
331.785,2.2995,27.4105,1.3756,36.4679,NA,NA,NA,NA,NA,NA,NA,NA,NA,NA,NA,NA
331.883,2.2995,27.4105,1.3757,36.4797,NA,NA,NA,NA,NA,NA,NA,NA,NA,NA,NA,NA
332.010,2.2950,27.1628,1.3757,36.4797,NA,NA,NA,NA,NA,NA,NA,NA,NA,NA,NA,NA
332.087,2.2950,27.1628,1.3748,36.3812,NA,NA,NA,NA,NA,NA,NA,NA,NA,NA,NA,NA
332.186,2.2990,27.3829,1.3745,36.3550,NA,NA,NA,NA,NA,NA,NA,NA,NA,NA,NA,NA
332.275,2.2990,27.3829,1.3735,36.2569,NA,NA,NA,NA,NA,NA,NA,NA,NA,NA,NA,NA
332.374,2.2932,27.0600,1.3721,36.1206,NA,NA,NA,NA,NA,NA,NA,NA,NA,NA,NA,NA
332.512,2.2868,26.7076,1.3719,36.0955,NA,NA,NA,NA,NA,NA,NA,NA,NA,NA,NA,NA
332.572,2.2860,26.6655,1.3710,36.0040,NA,NA,NA,NA,NA,NA,NA,NA,NA,NA,NA,NA
332.667,2.2840,26.5548,1.3706,35.9658,NA,NA,NA,NA,NA,NA,NA,NA,NA,NA,NA,NA
332.765,2.2847,26.5898,1.3694,35.8510,NA,NA,NA,NA,NA,NA,NA,NA,NA,NA,NA,NA
332.870,2.2847,26.5898,1.3694,35.8510,NA,NA,NA,NA,NA,NA,NA,NA,NA,NA,NA,NA
332.965,2.2830,26.4991,1.3678,35.6872,NA,NA,NA,NA,NA,NA,NA,NA,NA,NA,NA,NA
333.057,2.2828,26.4854,1.3674,35.6486,NA,NA,NA,NA,NA,NA,NA,NA,NA,NA,NA,NA
333.158,2.2828,26.4854,1.3641,35.3211,NA,NA,NA,NA,NA,NA,NA,NA,NA,NA,NA,NA
333.263,2.2792,26.2890,1.3641,35.3211,NA,NA,NA,NA,NA,NA,NA,NA,NA,NA,NA,NA
333.353,2.2766,26.1407,1.3617,35.0838,NA,NA,NA,NA,NA,NA,NA,NA,NA,NA,NA,NA
333.464,2.2749,26.0456,1.3616,35.0758,NA,NA,NA,NA,NA,NA,NA,NA,NA,NA,NA,NA
333.552,2.2748,26.0440,1.3610,35.0165,NA,NA,NA,NA,NA,NA,NA,NA,NA,NA,NA,NA
333.705,2.2671,25.6179,1.3615,35.0654,NA,NA,NA,NA,NA,NA,NA,NA,NA,NA,NA,NA
333.744,2.2671,25.6179,1.3615,35.0654,NA,NA,NA,NA,NA,NA,NA,NA,NA,NA,NA,NA
333.845,2.2606,25.2579,1.3602,34.9336,NA,NA,NA,NA,NA,NA,NA,NA,NA,NA,NA,NA
333.940,2.2599,25.2159,1.3588,34.7988,NA,NA,NA,NA,NA,NA,NA,NA,NA,NA,NA,NA
334.042,2.2592,25.1795,1.3560,34.5242,NA,NA,NA,NA,NA,NA,NA,NA,NA,NA,NA,NA
334.135,2.2588,25.1539,1.3553,34.4531,NA,NA,NA,NA,NA,NA,NA,NA,NA,NA,NA,NA
334.239,2.2587,25.1486,1.3553,34.4531,NA,NA,NA,NA,NA,NA,NA,NA,NA,NA,NA,NA
334.348,2.2554,24.9662,1.3538,34.3023,NA,NA,NA,NA,NA,NA,NA,NA,NA,NA,NA,NA
334.437,2.2536,24.8694,1.3526,34.1874,NA,NA,NA,NA,NA,NA,NA,NA,NA,NA,NA,NA
334.528,2.2489,24.6082,1.3520,34.1266,NA,NA,NA,NA,NA,NA,NA,NA,NA,NA,NA,NA
334.631,2.2460,24.4454,1.3508,34.0082,NA,NA,NA,NA,NA,NA,NA,NA,NA,NA,NA,NA
334.728,2.2460,24.4454,1.3496,33.8838,NA,NA,NA,NA,NA,NA,NA,NA,NA,NA,NA,NA
334.867,2.2437,24.3184,1.3479,33.7132,NA,NA,NA,NA,NA,NA,NA,NA,NA,NA,NA,NA
334.919,2.2437,24.3184,1.3452,33.4468,NA,NA,NA,NA,NA,NA,NA,NA,NA,NA,NA,NA
335.014,2.2642,25.4543,1.3487,33.7954,NA,NA,NA,NA,NA,NA,NA,NA,NA,NA,NA,NA
335.112,2.2828,26.4864,1.3541,34.3304,NA,NA,NA,NA,NA,NA,NA,NA,NA,NA,NA,NA
335.215,2.3044,27.6817,1.3649,35.4039,NA,NA,NA,NA,NA,NA,NA,NA,NA,NA,NA,NA
335.315,2.3433,29.8404,1.3749,36.3980,NA,NA,NA,NA,NA,NA,NA,NA,NA,NA,NA,NA
335.411,2.3665,31.1233,1.3863,37.5254,NA,NA,NA,NA,NA,NA,NA,NA,NA,NA,NA,NA
335.509,2.3992,32.9327,1.3916,38.0539,NA,NA,NA,NA,NA,NA,NA,NA,NA,NA,NA,NA
335.606,2.4133,33.7141,1.4042,39.3024,NA,NA,NA,NA,NA,NA,NA,NA,NA,NA,NA,NA
335.707,2.4403,35.2128,1.4135,40.2227,NA,NA,NA,NA,NA,NA,NA,NA,NA,NA,NA,NA
335.808,2.4503,35.7641,1.4199,40.8586,NA,NA,NA,NA,NA,NA,NA,NA,NA,NA,NA,NA
335.902,2.4663,36.6540,1.4299,41.8567,NA,NA,NA,NA,NA,NA,NA,NA,NA,NA,NA,NA
335.999,2.4832,37.5874,1.4376,42.6135,NA,NA,NA,NA,NA,NA,NA,NA,NA,NA,NA,NA
336.149,2.5000,38.5193,1.4422,43.0685,NA,NA,NA,NA,NA,NA,NA,NA,NA,NA,NA,NA
336.201,2.5367,40.5528,1.4546,44.3047,NA,NA,NA,NA,NA,NA,NA,NA,NA,NA,NA,NA
336.291,2.5426,40.8793,1.4624,45.0804,NA,NA,NA,NA,NA,NA,NA,NA,NA,NA,NA,NA
336.387,2.5575,41.7063,1.4692,45.7556,NA,NA,NA,NA,NA,NA,NA,NA,NA,NA,NA,NA
336.493,2.5606,41.8783,1.4782,46.6465,NA,NA,NA,NA,NA,NA,NA,NA,NA,NA,NA,NA
336.590,2.5777,42.8259,1.4852,47.3392,NA,NA,NA,NA,NA,NA,NA,NA,NA,NA,NA,NA
336.687,2.5839,43.1679,1.4944,48.2460,NA,NA,NA,NA,NA,NA,NA,NA,NA,NA,NA,NA
336.784,2.5928,43.6650,1.5051,49.3124,NA,NA,NA,NA,NA,NA,NA,NA,NA,NA,NA,NA
336.880,2.6130,44.7832,1.5100,49.8017,NA,NA,NA,NA,NA,NA,NA,NA,NA,NA,NA,NA
336.983,2.6193,45.1317,1.5176,50.5540,NA,NA,NA,NA,NA,NA,NA,NA,NA,NA,NA,NA
337.074,2.6288,45.6569,1.5216,50.9508,NA,NA,NA,NA,NA,NA,NA,NA,NA,NA,NA,NA
337.175,2.6288,45.6569,1.5233,51.1210,NA,NA,NA,NA,NA,NA,NA,NA,NA,NA,NA,NA
337.307,2.6273,45.5726,1.5245,51.2395,NA,NA,NA,NA,NA,NA,NA,NA,NA,NA,NA,NA
337.368,2.6273,45.5726,1.5252,51.3067,NA,NA,NA,NA,NA,NA,NA,NA,NA,NA,NA,NA
337.464,2.6231,45.3422,1.5253,51.3153,NA,NA,NA,NA,NA,NA,NA,NA,NA,NA,NA,NA
337.573,2.6211,45.2290,1.5253,51.3153,NA,NA,NA,NA,NA,NA,NA,NA,NA,NA,NA,NA
337.662,2.6064,44.4138,1.5222,51.0047,NA,NA,NA,NA,NA,NA,NA,NA,NA,NA,NA,NA
337.762,2.6017,44.1576,1.5177,50.5627,NA,NA,NA,NA,NA,NA,NA,NA,NA,NA,NA,NA
337.871,2.5963,43.8581,1.5125,50.0451,NA,NA,NA,NA,NA,NA,NA,NA,NA,NA,NA,NA
337.963,2.5818,43.0547,1.5069,49.4859,NA,NA,NA,NA,NA,NA,NA,NA,NA,NA,NA,NA
338.055,2.5710,42.4562,1.5005,48.8558,NA,NA,NA,NA,NA,NA,NA,NA,NA,NA,NA,NA
338.148,2.5525,41.4306,1.4959,48.4032,NA,NA,NA,NA,NA,NA,NA,NA,NA,NA,NA,NA
338.265,2.5434,40.9229,1.4879,47.6070,NA,NA,NA,NA,NA,NA,NA,NA,NA,NA,NA,NA
338.355,2.5222,39.7505,1.4819,47.0098,NA,NA,NA,NA,NA,NA,NA,NA,NA,NA,NA,NA
338.488,2.5045,38.7684,1.4784,46.6646,NA,NA,NA,NA,NA,NA,NA,NA,NA,NA,NA,NA
338.542,2.5018,38.6188,1.4740,46.2305,NA,NA,NA,NA,NA,NA,NA,NA,NA,NA,NA,NA
338.654,2.4790,37.3587,1.4698,45.8065,NA,NA,NA,NA,NA,NA,NA,NA,NA,NA,NA,NA
338.735,2.4757,37.1720,1.4651,45.3465,NA,NA,NA,NA,NA,NA,NA,NA,NA,NA,NA,NA
338.840,2.4715,36.9399,1.4626,45.0956,NA,NA,NA,NA,NA,NA,NA,NA,NA,NA,NA,NA
338.935,2.4654,36.6057,1.4591,44.7483,NA,NA,NA,NA,NA,NA,NA,NA,NA,NA,NA,NA
339.030,2.4449,35.4693,1.4552,44.3614,NA,NA,NA,NA,NA,NA,NA,NA,NA,NA,NA,NA
339.144,2.4414,35.2728,1.4528,44.1243,NA,NA,NA,NA,NA,NA,NA,NA,NA,NA,NA,NA
339.227,2.4414,35.2728,1.4496,43.8094,NA,NA,NA,NA,NA,NA,NA,NA,NA,NA,NA,NA
339.324,2.4396,35.1713,1.4476,43.6035,NA,NA,NA,NA,NA,NA,NA,NA,NA,NA,NA,NA
339.425,2.4396,35.1713,1.4457,43.4153,NA,NA,NA,NA,NA,NA,NA,NA,NA,NA,NA,NA
339.520,2.4336,34.8436,1.4433,43.1806,NA,NA,NA,NA,NA,NA,NA,NA,NA,NA,NA,NA
339.657,2.4264,34.4404,1.4413,42.9858,NA,NA,NA,NA,NA,NA,NA,NA,NA,NA,NA,NA
339.721,2.4239,34.3012,1.4396,42.8146,NA,NA,NA,NA,NA,NA,NA,NA,NA,NA,NA,NA
339.818,2.4204,34.1078,1.4381,42.6658,NA,NA,NA,NA,NA,NA,NA,NA,NA,NA,NA,NA
339.916,2.4156,33.8434,1.4358,42.4393,NA,NA,NA,NA,NA,NA,NA,NA,NA,NA,NA,NA
340.010,2.4152,33.8220,1.4297,41.8349,NA,NA,NA,NA,NA,NA,NA,NA,NA,NA,NA,NA
340.106,2.4152,33.8220,1.4264,41.5085,NA,NA,NA,NA,NA,NA,NA,NA,NA,NA,NA,NA
340.210,2.4057,33.2980,1.4230,41.1698,NA,NA,NA,NA,NA,NA,NA,NA,NA,NA,NA,NA
340.347,2.4043,33.2179,1.4212,40.9843,NA,NA,NA,NA,NA,NA,NA,NA,NA,NA,NA,NA
340.403,2.3888,32.3580,1.4175,40.6186,NA,NA,NA,NA,NA,NA,NA,NA,NA,NA,NA,NA
340.499,2.3849,32.1416,1.4160,40.4715,NA,NA,NA,NA,NA,NA,NA,NA,NA,NA,NA,NA
340.606,2.3826,32.0131,1.4145,40.3222,NA,NA,NA,NA,NA,NA,NA,NA,NA,NA,NA,NA
340.703,2.3812,31.9367,1.4145,40.3222,NA,NA,NA,NA,NA,NA,NA,NA,NA,NA,NA,NA
340.796,2.3802,31.8813,1.4123,40.1080,NA,NA,NA,NA,NA,NA,NA,NA,NA,NA,NA,NA
340.894,2.3802,31.8813,1.4113,40.0052,NA,NA,NA,NA,NA,NA,NA,NA,NA,NA,NA,NA
340.988,2.3797,31.8573,1.4098,39.8628,NA,NA,NA,NA,NA,NA,NA,NA,NA,NA,NA,NA
341.092,2.3808,31.9157,1.4090,39.7776,NA,NA,NA,NA,NA,NA,NA,NA,NA,NA,NA,NA
341.186,2.3908,32.4690,1.4104,39.9214,NA,NA,NA,NA,NA,NA,NA,NA,NA,NA,NA,NA
341.291,2.4198,34.0768,1.4160,40.4692,NA,NA,NA,NA,NA,NA,NA,NA,NA,NA,NA,NA
341.389,2.4304,34.6668,1.4190,40.7708,NA,NA,NA,NA,NA,NA,NA,NA,NA,NA,NA,NA
341.536,2.4400,35.1950,1.4251,41.3776,NA,NA,NA,NA,NA,NA,NA,NA,NA,NA,NA,NA
341.582,2.4518,35.8520,1.4280,41.6675,NA,NA,NA,NA,NA,NA,NA,NA,NA,NA,NA,NA
341.679,2.4578,36.1828,1.4306,41.9252,NA,NA,NA,NA,NA,NA,NA,NA,NA,NA,NA,NA
341.783,2.4578,36.1828,1.4308,41.9442,NA,NA,NA,NA,NA,NA,NA,NA,NA,NA,NA,NA
341.871,2.4594,36.2721,1.4315,42.0121,NA,NA,NA,NA,NA,NA,NA,NA,NA,NA,NA,NA
341.967,2.4622,36.4277,1.4315,42.0121,NA,NA,NA,NA,NA,NA,NA,NA,NA,NA,NA,NA
342.098,2.4622,36.4277,1.4300,41.8618,NA,NA,NA,NA,NA,NA,NA,NA,NA,NA,NA,NA
342.165,2.4613,36.3779,1.4300,41.8618,NA,NA,NA,NA,NA,NA,NA,NA,NA,NA,NA,NA
342.262,2.4613,36.3779,1.4282,41.6881,NA,NA,NA,NA,NA,NA,NA,NA,NA,NA,NA,NA
342.367,2.4549,36.0213,1.4254,41.4017,NA,NA,NA,NA,NA,NA,NA,NA,NA,NA,NA,NA
342.466,2.4549,36.0213,1.4233,41.1975,NA,NA,NA,NA,NA,NA,NA,NA,NA,NA,NA,NA
342.553,2.4343,34.8793,1.4207,40.9409,NA,NA,NA,NA,NA,NA,NA,NA,NA,NA,NA,NA
342.654,2.4266,34.4522,1.4193,40.7974,NA,NA,NA,NA,NA,NA,NA,NA,NA,NA,NA,NA
342.755,2.4128,33.6894,1.4145,40.3256,NA,NA,NA,NA,NA,NA,NA,NA,NA,NA,NA,NA
342.848,2.4115,33.6195,1.4135,40.2291,NA,NA,NA,NA,NA,NA,NA,NA,NA,NA,NA,NA
342.961,2.4115,33.6195,1.4115,40.0242,NA,NA,NA,NA,NA,NA,NA,NA,NA,NA,NA,NA
343.047,2.4038,33.1918,1.4088,39.7595,NA,NA,NA,NA,NA,NA,NA,NA,NA,NA,NA,NA
343.147,2.4038,33.1918,1.4073,39.6060,NA,NA,NA,NA,NA,NA,NA,NA,NA,NA,NA,NA
343.240,2.3927,32.5741,1.4073,39.6060,NA,NA,NA,NA,NA,NA,NA,NA,NA,NA,NA,NA
343.345,2.3885,32.3420,1.4051,39.3891,NA,NA,NA,NA,NA,NA,NA,NA,NA,NA,NA,NA
343.442,2.3811,31.9342,1.4051,39.3891,NA,NA,NA,NA,NA,NA,NA,NA,NA,NA,NA,NA
343.534,2.3799,31.8652,1.4038,39.2600,NA,NA,NA,NA,NA,NA,NA,NA,NA,NA,NA,NA
343.644,2.3793,31.8306,1.4017,39.0566,NA,NA,NA,NA,NA,NA,NA,NA,NA,NA,NA,NA
343.741,2.3776,31.7392,1.4017,39.0512,NA,NA,NA,NA,NA,NA,NA,NA,NA,NA,NA,NA
343.831,2.3776,31.7392,1.3993,38.8202,NA,NA,NA,NA,NA,NA,NA,NA,NA,NA,NA,NA
343.946,2.3709,31.3652,1.3976,38.6473,NA,NA,NA,NA,NA,NA,NA,NA,NA,NA,NA,NA
344.027,2.3678,31.1970,1.3961,38.5024,NA,NA,NA,NA,NA,NA,NA,NA,NA,NA,NA,NA
344.129,2.3637,30.9708,1.3946,38.3454,NA,NA,NA,NA,NA,NA,NA,NA,NA,NA,NA,NA
344.223,2.3610,30.8174,1.3916,38.0491,NA,NA,NA,NA,NA,NA,NA,NA,NA,NA,NA,NA
344.318,2.3491,30.1567,1.3878,37.6759,NA,NA,NA,NA,NA,NA,NA,NA,NA,NA,NA,NA
344.414,2.3491,30.1567,1.3857,37.4646,NA,NA,NA,NA,NA,NA,NA,NA,NA,NA,NA,NA
344.522,2.3450,29.9339,1.3842,37.3185,NA,NA,NA,NA,NA,NA,NA,NA,NA,NA,NA,NA
344.612,2.3353,29.3964,1.3837,37.2722,NA,NA,NA,NA,NA,NA,NA,NA,NA,NA,NA,NA
344.712,2.3338,29.3127,1.3827,37.1648,NA,NA,NA,NA,NA,NA,NA,NA,NA,NA,NA,NA
344.814,2.3418,29.7565,1.3823,37.1293,NA,NA,NA,NA,NA,NA,NA,NA,NA,NA,NA,NA
344.907,2.3428,29.8097,1.3833,37.2280,NA,NA,NA,NA,NA,NA,NA,NA,NA,NA,NA,NA
345.011,2.3712,31.3849,1.3851,37.4055,NA,NA,NA,NA,NA,NA,NA,NA,NA,NA,NA,NA
345.099,2.3790,31.8160,1.3877,37.6649,NA,NA,NA,NA,NA,NA,NA,NA,NA,NA,NA,NA
345.206,2.3980,32.8686,1.3931,38.2024,NA,NA,NA,NA,NA,NA,NA,NA,NA,NA,NA,NA
345.297,2.4100,33.5359,1.3968,38.5696,NA,NA,NA,NA,NA,NA,NA,NA,NA,NA,NA,NA
345.396,2.4195,34.0590,1.4010,38.9852,NA,NA,NA,NA,NA,NA,NA,NA,NA,NA,NA,NA
345.494,2.4352,34.9315,1.4054,39.4261,NA,NA,NA,NA,NA,NA,NA,NA,NA,NA,NA,NA
345.592,2.4586,36.2240,1.4173,40.5992,NA,NA,NA,NA,NA,NA,NA,NA,NA,NA,NA,NA
345.689,2.4841,37.6400,1.4225,41.1153,NA,NA,NA,NA,NA,NA,NA,NA,NA,NA,NA,NA
345.787,2.4942,38.2011,1.4293,41.7898,NA,NA,NA,NA,NA,NA,NA,NA,NA,NA,NA,NA
345.884,2.5200,39.6302,1.4344,42.2983,NA,NA,NA,NA,NA,NA,NA,NA,NA,NA,NA,NA
345.983,2.5316,40.2728,1.4379,42.6466,NA,NA,NA,NA,NA,NA,NA,NA,NA,NA,NA,NA
346.102,2.5493,41.2511,1.4399,42.8466,NA,NA,NA,NA,NA,NA,NA,NA,NA,NA,NA,NA
346.187,2.5603,41.8592,1.4470,43.5455,NA,NA,NA,NA,NA,NA,NA,NA,NA,NA,NA,NA
346.294,2.5783,42.8580,1.4535,44.1908,NA,NA,NA,NA,NA,NA,NA,NA,NA,NA,NA,NA
346.380,2.5910,43.5599,1.4568,44.5196,NA,NA,NA,NA,NA,NA,NA,NA,NA,NA,NA,NA
346.475,2.6058,44.3831,1.4605,44.8861,NA,NA,NA,NA,NA,NA,NA,NA,NA,NA,NA,NA
346.570,2.6263,45.5189,1.4645,45.2808,NA,NA,NA,NA,NA,NA,NA,NA,NA,NA,NA,NA
346.673,2.6332,45.9027,1.4683,45.6636,NA,NA,NA,NA,NA,NA,NA,NA,NA,NA,NA,NA
346.766,2.6388,46.2102,1.4730,46.1239,NA,NA,NA,NA,NA,NA,NA,NA,NA,NA,NA,NA
346.892,2.6478,46.7108,1.4769,46.5170,NA,NA,NA,NA,NA,NA,NA,NA,NA,NA,NA,NA
346.959,2.6498,46.8215,1.4791,46.7317,NA,NA,NA,NA,NA,NA,NA,NA,NA,NA,NA,NA
347.067,2.6531,47.0017,1.4814,46.9612,NA,NA,NA,NA,NA,NA,NA,NA,NA,NA,NA,NA
347.158,2.6534,47.0173,1.4827,47.0890,NA,NA,NA,NA,NA,NA,NA,NA,NA,NA,NA,NA
347.257,2.6601,47.3919,1.4833,47.1502,NA,NA,NA,NA,NA,NA,NA,NA,NA,NA,NA,NA
347.372,2.6601,47.3919,1.4843,47.2451,NA,NA,NA,NA,NA,NA,NA,NA,NA,NA,NA,NA
347.483,2.6429,46.4359,1.4843,47.2451,NA,NA,NA,NA,NA,NA,NA,NA,NA,NA,NA,NA
347.548,2.6429,46.4359,1.4815,46.9670,NA,NA,NA,NA,NA,NA,NA,NA,NA,NA,NA,NA
347.649,2.6296,45.7028,1.4784,46.6683,NA,NA,NA,NA,NA,NA,NA,NA,NA,NA,NA,NA
347.746,2.6100,44.6146,1.4762,46.4408,NA,NA,NA,NA,NA,NA,NA,NA,NA,NA,NA,NA
347.841,2.5999,44.0547,1.4717,45.9981,NA,NA,NA,NA,NA,NA,NA,NA,NA,NA,NA,NA
347.943,2.5779,42.8362,1.4682,45.6546,NA,NA,NA,NA,NA,NA,NA,NA,NA,NA,NA,NA
348.102,2.5704,42.4212,1.4622,45.0604,NA,NA,NA,NA,NA,NA,NA,NA,NA,NA,NA,NA
348.143,2.5570,41.6776,1.4585,44.6908,NA,NA,NA,NA,NA,NA,NA,NA,NA,NA,NA,NA
348.233,2.5570,41.6776,1.4563,44.4672,NA,NA,NA,NA,NA,NA,NA,NA,NA,NA,NA,NA
348.336,2.5451,41.0174,1.4516,44.0066,NA,NA,NA,NA,NA,NA,NA,NA,NA,NA,NA,NA
348.433,2.5340,40.4035,1.4494,43.7840,NA,NA,NA,NA,NA,NA,NA,NA,NA,NA,NA,NA
348.530,2.5311,40.2458,1.4439,43.2364,NA,NA,NA,NA,NA,NA,NA,NA,NA,NA,NA,NA
348.683,2.5275,40.0420,1.4427,43.1249,NA,NA,NA,NA,NA,NA,NA,NA,NA,NA,NA,NA
348.724,2.5272,40.0303,1.4391,42.7603,NA,NA,NA,NA,NA,NA,NA,NA,NA,NA,NA,NA
348.827,2.5248,39.8950,1.4368,42.5389,NA,NA,NA,NA,NA,NA,NA,NA,NA,NA,NA,NA
348.923,2.5248,39.8950,1.4347,42.3283,NA,NA,NA,NA,NA,NA,NA,NA,NA,NA,NA,NA
349.021,2.5102,39.0842,1.4328,42.1444,NA,NA,NA,NA,NA,NA,NA,NA,NA,NA,NA,NA
349.115,2.5102,39.0842,1.4281,41.6725,NA,NA,NA,NA,NA,NA,NA,NA,NA,NA,NA,NA
349.215,2.5006,38.5520,1.4270,41.5667,NA,NA,NA,NA,NA,NA,NA,NA,NA,NA,NA,NA
349.346,2.4975,38.3819,1.4255,41.4198,NA,NA,NA,NA,NA,NA,NA,NA,NA,NA,NA,NA
349.412,2.4942,38.1981,1.4239,41.2591,NA,NA,NA,NA,NA,NA,NA,NA,NA,NA,NA,NA
349.507,2.4899,37.9627,1.4224,41.1072,NA,NA,NA,NA,NA,NA,NA,NA,NA,NA,NA,NA
349.603,2.4862,37.7576,1.4213,40.9975,NA,NA,NA,NA,NA,NA,NA,NA,NA,NA,NA,NA
349.702,2.4839,37.6287,1.4195,40.8171,NA,NA,NA,NA,NA,NA,NA,NA,NA,NA,NA,NA
349.802,2.4839,37.6287,1.4186,40.7357,NA,NA,NA,NA,NA,NA,NA,NA,NA,NA,NA,NA
349.902,2.4814,37.4923,1.4167,40.5396,NA,NA,NA,NA,NA,NA,NA,NA,NA,NA,NA,NA
349.996,2.4750,37.1359,1.4154,40.4179,NA,NA,NA,NA,NA,NA,NA,NA,NA,NA,NA,NA
350.104,2.4669,36.6874,1.4150,40.3741,NA,NA,NA,NA,NA,NA,NA,NA,NA,NA,NA,NA
350.195,2.4588,36.2387,1.4113,40.0060,NA,NA,NA,NA,NA,NA,NA,NA,NA,NA,NA,NA
350.294,2.4570,36.1362,1.4093,39.8043,NA,NA,NA,NA,NA,NA,NA,NA,NA,NA,NA,NA
350.392,2.4562,36.0921,1.4086,39.7348,NA,NA,NA,NA,NA,NA,NA,NA,NA,NA,NA,NA
350.515,2.4562,36.0921,1.4067,39.5490,NA,NA,NA,NA,NA,NA,NA,NA,NA,NA,NA,NA
350.583,2.4510,35.8029,1.4064,39.5171,NA,NA,NA,NA,NA,NA,NA,NA,NA,NA,NA,NA
350.684,2.4510,35.8029,1.4062,39.5018,NA,NA,NA,NA,NA,NA,NA,NA,NA,NA,NA,NA
350.784,2.4441,35.4217,1.4051,39.3916,NA,NA,NA,NA,NA,NA,NA,NA,NA,NA,NA,NA
350.874,2.4391,35.1472,1.4038,39.2674,NA,NA,NA,NA,NA,NA,NA,NA,NA,NA,NA,NA
350.979,2.4372,35.0398,1.4021,39.0940,NA,NA,NA,NA,NA,NA,NA,NA,NA,NA,NA,NA
351.151,2.4372,35.0398,1.4003,38.9129,NA,NA,NA,NA,NA,NA,NA,NA,NA,NA,NA,NA
351.167,2.4306,34.6771,1.3986,38.7446,NA,NA,NA,NA,NA,NA,NA,NA,NA,NA,NA,NA
351.272,2.4235,34.2806,1.3982,38.7046,NA,NA,NA,NA,NA,NA,NA,NA,NA,NA,NA,NA
351.365,2.4213,34.1585,1.3963,38.5140,NA,NA,NA,NA,NA,NA,NA,NA,NA,NA,NA,NA
351.461,2.4166,33.8978,1.3952,38.4122,NA,NA,NA,NA,NA,NA,NA,NA,NA,NA,NA,NA
351.560,2.4152,33.8224,1.3935,38.2429,NA,NA,NA,NA,NA,NA,NA,NA,NA,NA,NA,NA
351.702,2.4063,33.3285,1.3915,38.0442,NA,NA,NA,NA,NA,NA,NA,NA,NA,NA,NA,NA
351.769,2.4042,33.2116,1.3898,37.8727,NA,NA,NA,NA,NA,NA,NA,NA,NA,NA,NA,NA
351.864,2.3980,32.8679,1.3885,37.7424,NA,NA,NA,NA,NA,NA,NA,NA,NA,NA,NA,NA
351.954,2.3966,32.7927,1.3878,37.6794,NA,NA,NA,NA,NA,NA,NA,NA,NA,NA,NA,NA
352.059,2.3934,32.6147,1.3870,37.5981,NA,NA,NA,NA,NA,NA,NA,NA,NA,NA,NA,NA
352.150,2.4157,33.8474,1.3886,37.7593,NA,NA,NA,NA,NA,NA,NA,NA,NA,NA,NA,NA
352.253,2.4265,34.4472,1.3898,37.8785,NA,NA,NA,NA,NA,NA,NA,NA,NA,NA,NA,NA
352.360,2.4420,35.3082,1.3981,38.6965,NA,NA,NA,NA,NA,NA,NA,NA,NA,NA,NA,NA
352.445,2.4529,35.9109,1.4040,39.2793,NA,NA,NA,NA,NA,NA,NA,NA,NA,NA,NA,NA
352.553,2.4860,37.7472,1.4114,40.0172,NA,NA,NA,NA,NA,NA,NA,NA,NA,NA,NA,NA
352.644,2.4981,38.4162,1.4194,40.8124,NA,NA,NA,NA,NA,NA,NA,NA,NA,NA,NA,NA
352.736,2.5227,39.7795,1.4303,41.8918,NA,NA,NA,NA,NA,NA,NA,NA,NA,NA,NA,NA
352.842,2.5349,40.4562,1.4357,42.4320,NA,NA,NA,NA,NA,NA,NA,NA,NA,NA,NA,NA
352.942,2.5543,41.5296,1.4409,42.9440,NA,NA,NA,NA,NA,NA,NA,NA,NA,NA,NA,NA
353.036,2.5872,43.3537,1.4480,43.6443,NA,NA,NA,NA,NA,NA,NA,NA,NA,NA,NA,NA
353.131,2.6085,44.5313,1.4583,44.6655,NA,NA,NA,NA,NA,NA,NA,NA,NA,NA,NA,NA
353.241,2.6402,46.2872,1.4644,45.2702,NA,NA,NA,NA,NA,NA,NA,NA,NA,NA,NA,NA
353.330,2.6405,46.3039,1.4724,46.0643,NA,NA,NA,NA,NA,NA,NA,NA,NA,NA,NA,NA
353.423,2.6565,47.1940,1.4785,46.6690,NA,NA,NA,NA,NA,NA,NA,NA,NA,NA,NA,NA
353.518,2.6644,47.6287,1.4874,47.5587,NA,NA,NA,NA,NA,NA,NA,NA,NA,NA,NA,NA
353.620,2.6711,47.9984,1.4944,48.2509,NA,NA,NA,NA,NA,NA,NA,NA,NA,NA,NA,NA
353.720,2.6906,49.0803,1.5000,48.8047,NA,NA,NA,NA,NA,NA,NA,NA,NA,NA,NA,NA
353.827,2.7028,49.7548,1.5043,49.2290,NA,NA,NA,NA,NA,NA,NA,NA,NA,NA,NA,NA
353.918,2.7095,50.1280,1.5072,49.5242,NA,NA,NA,NA,NA,NA,NA,NA,NA,NA,NA,NA
354.009,2.7132,50.3353,1.5128,50.0803,NA,NA,NA,NA,NA,NA,NA,NA,NA,NA,NA,NA
354.122,2.7196,50.6876,1.5153,50.3238,NA,NA,NA,NA,NA,NA,NA,NA,NA,NA,NA,NA
354.208,2.7196,50.6876,1.5153,50.3238,NA,NA,NA,NA,NA,NA,NA,NA,NA,NA,NA,NA
354.304,2.7125,50.2955,1.5160,50.3932,NA,NA,NA,NA,NA,NA,NA,NA,NA,NA,NA,NA
354.407,2.7068,49.9766,1.5160,50.3932,NA,NA,NA,NA,NA,NA,NA,NA,NA,NA,NA,NA
354.505,2.7060,49.9348,1.5144,50.2312,NA,NA,NA,NA,NA,NA,NA,NA,NA,NA,NA,NA
354.600,2.7012,49.6696,1.5120,49.9932,NA,NA,NA,NA,NA,NA,NA,NA,NA,NA,NA,NA
354.745,2.6987,49.5288,1.5120,49.9932,NA,NA,NA,NA,NA,NA,NA,NA,NA,NA,NA,NA
354.793,2.6939,49.2664,1.5045,49.2500,NA,NA,NA,NA,NA,NA,NA,NA,NA,NA,NA,NA
354.898,2.6913,49.1176,1.5028,49.0838,NA,NA,NA,NA,NA,NA,NA,NA,NA,NA,NA,NA
354.992,2.6643,47.6240,1.5002,48.8294,NA,NA,NA,NA,NA,NA,NA,NA,NA,NA,NA,NA
355.085,2.6504,46.8535,1.4993,48.7318,NA,NA,NA,NA,NA,NA,NA,NA,NA,NA,NA,NA
355.186,2.6420,46.3863,1.4928,48.0910,NA,NA,NA,NA,NA,NA,NA,NA,NA,NA,NA,NA
355.340,2.6295,45.6985,1.4904,47.8490,NA,NA,NA,NA,NA,NA,NA,NA,NA,NA,NA,NA
355.385,2.6226,45.3115,1.4876,47.5770,NA,NA,NA,NA,NA,NA,NA,NA,NA,NA,NA,NA
355.479,2.6076,44.4798,1.4844,47.2627,NA,NA,NA,NA,NA,NA,NA,NA,NA,NA,NA,NA
355.581,2.5999,44.0537,1.4824,47.0646,NA,NA,NA,NA,NA,NA,NA,NA,NA,NA,NA,NA
355.675,2.5915,43.5881,1.4795,46.7730,NA,NA,NA,NA,NA,NA,NA,NA,NA,NA,NA,NA
355.782,2.5871,43.3461,1.4784,46.6608,NA,NA,NA,NA,NA,NA,NA,NA,NA,NA,NA,NA
355.891,2.5783,42.8589,1.4718,46.0124,NA,NA,NA,NA,NA,NA,NA,NA,NA,NA,NA,NA
355.972,2.5646,42.0997,1.4716,45.9915,NA,NA,NA,NA,NA,NA,NA,NA,NA,NA,NA,NA
356.069,2.5646,42.0997,1.4679,45.6261,NA,NA,NA,NA,NA,NA,NA,NA,NA,NA,NA,NA
356.164,2.5519,41.3980,1.4661,45.4422,NA,NA,NA,NA,NA,NA,NA,NA,NA,NA,NA,NA
356.259,2.5515,41.3719,1.4624,45.0779,NA,NA,NA,NA,NA,NA,NA,NA,NA,NA,NA,NA
356.358,2.5473,41.1426,1.4612,44.9574,NA,NA,NA,NA,NA,NA,NA,NA,NA,NA,NA,NA
356.505,2.5450,41.0131,1.4579,44.6285,NA,NA,NA,NA,NA,NA,NA,NA,NA,NA,NA,NA
356.557,2.5396,40.7138,1.4567,44.5076,NA,NA,NA,NA,NA,NA,NA,NA,NA,NA,NA,NA
356.654,2.5378,40.6157,1.4559,44.4353,NA,NA,NA,NA,NA,NA,NA,NA,NA,NA,NA,NA
356.751,2.5311,40.2461,1.4544,44.2821,NA,NA,NA,NA,NA,NA,NA,NA,NA,NA,NA,NA
356.850,2.5268,40.0047,1.4535,44.1954,NA,NA,NA,NA,NA,NA,NA,NA,NA,NA,NA,NA
356.956,2.5268,40.0047,1.4516,44.0040,NA,NA,NA,NA,NA,NA,NA,NA,NA,NA,NA,NA
357.073,2.5240,39.8521,1.4507,43.9192,NA,NA,NA,NA,NA,NA,NA,NA,NA,NA,NA,NA
357.142,2.5199,39.6250,1.4476,43.6099,NA,NA,NA,NA,NA,NA,NA,NA,NA,NA,NA,NA
357.241,2.5168,39.4486,1.4466,43.5039,NA,NA,NA,NA,NA,NA,NA,NA,NA,NA,NA,NA
357.346,2.5168,39.4486,1.4453,43.3777,NA,NA,NA,NA,NA,NA,NA,NA,NA,NA,NA,NA
357.442,2.5131,39.2472,1.4449,43.3445,NA,NA,NA,NA,NA,NA,NA,NA,NA,NA,NA,NA
357.535,2.5076,38.9440,1.4441,43.2609,NA,NA,NA,NA,NA,NA,NA,NA,NA,NA,NA,NA
357.633,2.5096,39.0502,1.4418,43.0293,NA,NA,NA,NA,NA,NA,NA,NA,NA,NA,NA,NA
357.750,2.5096,39.0502,1.4404,42.8985,NA,NA,NA,NA,NA,NA,NA,NA,NA,NA,NA,NA
357.828,2.4981,38.4174,1.4403,42.8884,NA,NA,NA,NA,NA,NA,NA,NA,NA,NA,NA,NA
357.932,2.4978,38.4002,1.4390,42.7578,NA,NA,NA,NA,NA,NA,NA,NA,NA,NA,NA,NA
358.029,2.4911,38.0271,1.4381,42.6638,NA,NA,NA,NA,NA,NA,NA,NA,NA,NA,NA,NA
358.125,2.4975,38.3826,1.4374,42.5917,NA,NA,NA,NA,NA,NA,NA,NA,NA,NA,NA,NA
358.224,2.4975,38.3826,1.4367,42.5223,NA,NA,NA,NA,NA,NA,NA,NA,NA,NA,NA,NA
358.329,2.4901,37.9703,1.4355,42.4032,NA,NA,NA,NA,NA,NA,NA,NA,NA,NA,NA,NA
358.421,2.4901,37.9703,1.4346,42.3211,NA,NA,NA,NA,NA,NA,NA,NA,NA,NA,NA,NA
358.513,2.4842,37.6429,1.4336,42.2189,NA,NA,NA,NA,NA,NA,NA,NA,NA,NA,NA,NA
358.613,2.4824,37.5452,1.4335,42.2071,NA,NA,NA,NA,NA,NA,NA,NA,NA,NA,NA,NA
358.709,2.4812,37.4796,1.4316,42.0226,NA,NA,NA,NA,NA,NA,NA,NA,NA,NA,NA,NA
358.805,2.4827,37.5633,1.4295,41.8105,NA,NA,NA,NA,NA,NA,NA,NA,NA,NA,NA,NA
358.958,2.4827,37.5633,1.4289,41.7562,NA,NA,NA,NA,NA,NA,NA,NA,NA,NA,NA,NA
359.001,2.4799,37.4070,1.4286,41.7180,NA,NA,NA,NA,NA,NA,NA,NA,NA,NA,NA,NA
359.107,2.4787,37.3396,1.4272,41.5824,NA,NA,NA,NA,NA,NA,NA,NA,NA,NA,NA,NA
359.209,2.4728,37.0145,1.4262,41.4806,NA,NA,NA,NA,NA,NA,NA,NA,NA,NA,NA,NA
359.302,2.4720,36.9663,1.4245,41.3168,NA,NA,NA,NA,NA,NA,NA,NA,NA,NA,NA,NA
359.392,2.4674,36.7169,1.4239,41.2568,NA,NA,NA,NA,NA,NA,NA,NA,NA,NA,NA,NA
359.496,2.4667,36.6740,1.4224,41.1091,NA,NA,NA,NA,NA,NA,NA,NA,NA,NA,NA,NA
359.591,2.4667,36.6740,1.4229,41.1554,NA,NA,NA,NA,NA,NA,NA,NA,NA,NA,NA,NA
359.694,2.4577,36.1766,1.4229,41.1554,NA,NA,NA,NA,NA,NA,NA,NA,NA,NA,NA,NA
359.787,2.4577,36.1766,1.4222,41.0895,NA,NA,NA,NA,NA,NA,NA,NA,NA,NA,NA,NA
359.888,2.4531,35.9228,1.4212,40.9857,NA,NA,NA,NA,NA,NA,NA,NA,NA,NA,NA,NA
359.980,2.4531,35.9228,1.4211,40.9800,NA,NA,NA,NA,NA,NA,NA,NA,NA,NA,NA,NA
360.122,2.4360,34.9764,1.4194,40.8139,NA,NA,NA,NA,NA,NA,NA,NA,NA,NA,NA,NA
360.190,2.4352,34.9317,1.4181,40.6849,NA,NA,NA,NA,NA,NA,NA,NA,NA,NA,NA,NA
360.278,2.4352,34.9317,1.4179,40.6622,NA,NA,NA,NA,NA,NA,NA,NA,NA,NA,NA,NA
360.372,2.4405,35.2212,1.4178,40.6471,NA,NA,NA,NA,NA,NA,NA,NA,NA,NA,NA,NA
360.471,2.4405,35.2212,1.4174,40.6126,NA,NA,NA,NA,NA,NA,NA,NA,NA,NA,NA,NA
360.573,2.4334,34.8276,1.4159,40.4620,NA,NA,NA,NA,NA,NA,NA,NA,NA,NA,NA,NA
360.664,2.4334,34.8276,1.4151,40.3796,NA,NA,NA,NA,NA,NA,NA,NA,NA,NA,NA,NA
360.772,2.4302,34.6506,1.4116,40.0368,NA,NA,NA,NA,NA,NA,NA,NA,NA,NA,NA,NA
360.864,2.4295,34.6163,1.4111,39.9878,NA,NA,NA,NA,NA,NA,NA,NA,NA,NA,NA,NA
360.966,2.4281,34.5340,1.4109,39.9703,NA,NA,NA,NA,NA,NA,NA,NA,NA,NA,NA,NA
361.050,2.4233,34.2714,1.4109,39.9703,NA,NA,NA,NA,NA,NA,NA,NA,NA,NA,NA,NA
361.162,2.4222,34.2111,1.4090,39.7806,NA,NA,NA,NA,NA,NA,NA,NA,NA,NA,NA,NA
361.256,2.4238,34.2982,1.4088,39.7598,NA,NA,NA,NA,NA,NA,NA,NA,NA,NA,NA,NA
361.350,2.4238,34.2982,1.4068,39.5619,NA,NA,NA,NA,NA,NA,NA,NA,NA,NA,NA,NA
361.451,2.4198,34.0757,1.4068,39.5619,NA,NA,NA,NA,NA,NA,NA,NA,NA,NA,NA,NA
361.550,2.4198,34.0757,1.4062,39.4983,NA,NA,NA,NA,NA,NA,NA,NA,NA,NA,NA,NA
361.645,2.4095,33.5063,1.4049,39.3694,NA,NA,NA,NA,NA,NA,NA,NA,NA,NA,NA,NA
361.744,2.4054,33.2811,1.4044,39.3199,NA,NA,NA,NA,NA,NA,NA,NA,NA,NA,NA,NA
361.867,2.4032,33.1569,1.4040,39.2798,NA,NA,NA,NA,NA,NA,NA,NA,NA,NA,NA,NA
361.941,2.4055,33.2861,1.4040,39.2798,NA,NA,NA,NA,NA,NA,NA,NA,NA,NA,NA,NA
362.044,2.4055,33.2861,1.4035,39.2342,NA,NA,NA,NA,NA,NA,NA,NA,NA,NA,NA,NA
362.138,2.4001,32.9854,1.4026,39.1426,NA,NA,NA,NA,NA,NA,NA,NA,NA,NA,NA,NA
362.233,2.4001,32.9854,1.4021,39.0940,NA,NA,NA,NA,NA,NA,NA,NA,NA,NA,NA,NA
362.339,2.3917,32.5217,1.4017,39.0510,NA,NA,NA,NA,NA,NA,NA,NA,NA,NA,NA,NA
362.433,2.3913,32.4977,1.4012,39.0028,NA,NA,NA,NA,NA,NA,NA,NA,NA,NA,NA,NA
362.540,2.3907,32.4617,1.4011,38.9906,NA,NA,NA,NA,NA,NA,NA,NA,NA,NA,NA,NA
362.628,2.3935,32.6207,1.4009,38.9739,NA,NA,NA,NA,NA,NA,NA,NA,NA,NA,NA,NA
362.732,2.3935,32.6207,1.3999,38.8712,NA,NA,NA,NA,NA,NA,NA,NA,NA,NA,NA,NA
362.819,2.3930,32.5901,1.3992,38.8106,NA,NA,NA,NA,NA,NA,NA,NA,NA,NA,NA,NA
362.919,2.3930,32.5901,1.3984,38.7314,NA,NA,NA,NA,NA,NA,NA,NA,NA,NA,NA,NA
363.021,2.3823,31.9989,1.3970,38.5900,NA,NA,NA,NA,NA,NA,NA,NA,NA,NA,NA,NA
363.127,2.3823,31.9989,1.3958,38.4707,NA,NA,NA,NA,NA,NA,NA,NA,NA,NA,NA,NA
363.214,2.3747,31.5777,1.3945,38.3406,NA,NA,NA,NA,NA,NA,NA,NA,NA,NA,NA,NA
363.309,2.3687,31.2440,1.3920,38.0903,NA,NA,NA,NA,NA,NA,NA,NA,NA,NA,NA,NA
363.408,2.3674,31.1716,1.3887,37.7637,NA,NA,NA,NA,NA,NA,NA,NA,NA,NA,NA,NA
363.503,2.3613,30.8373,1.3866,37.5556,NA,NA,NA,NA,NA,NA,NA,NA,NA,NA,NA,NA
363.602,2.3613,30.8373,1.3852,37.4145,NA,NA,NA,NA,NA,NA,NA,NA,NA,NA,NA,NA
363.741,2.3546,30.4639,1.3840,37.3020,NA,NA,NA,NA,NA,NA,NA,NA,NA,NA,NA,NA
363.801,2.3546,30.4639,1.3831,37.2074,NA,NA,NA,NA,NA,NA,NA,NA,NA,NA,NA,NA
363.900,2.3493,30.1717,1.3818,37.0829,NA,NA,NA,NA,NA,NA,NA,NA,NA,NA,NA,NA
364.018,2.3416,29.7459,1.3810,37.0000,NA,NA,NA,NA,NA,NA,NA,NA,NA,NA,NA,NA
364.093,2.3418,29.7563,1.3794,36.8382,NA,NA,NA,NA,NA,NA,NA,NA,NA,NA,NA,NA
364.188,2.3418,29.7563,1.3783,36.7339,NA,NA,NA,NA,NA,NA,NA,NA,NA,NA,NA,NA
364.289,2.3697,31.2986,1.3794,36.8391,NA,NA,NA,NA,NA,NA,NA,NA,NA,NA,NA,NA
364.392,2.3877,32.2969,1.3838,37.2787,NA,NA,NA,NA,NA,NA,NA,NA,NA,NA,NA,NA
364.488,2.4196,34.0651,1.3968,38.5723,NA,NA,NA,NA,NA,NA,NA,NA,NA,NA,NA,NA
364.587,2.4473,35.6029,1.4029,39.1689,NA,NA,NA,NA,NA,NA,NA,NA,NA,NA,NA,NA
364.688,2.4764,37.2117,1.4085,39.7285,NA,NA,NA,NA,NA,NA,NA,NA,NA,NA,NA,NA
364.782,2.5159,39.4005,1.4184,40.7117,NA,NA,NA,NA,NA,NA,NA,NA,NA,NA,NA,NA
364.883,2.5303,40.1975,1.4247,41.3340,NA,NA,NA,NA,NA,NA,NA,NA,NA,NA,NA,NA
364.980,2.5767,42.7710,1.4341,42.2690,NA,NA,NA,NA,NA,NA,NA,NA,NA,NA,NA,NA
365.072,2.5858,43.2729,1.4420,43.0502,NA,NA,NA,NA,NA,NA,NA,NA,NA,NA,NA,NA
365.184,2.6083,44.5230,1.4514,43.9805,NA,NA,NA,NA,NA,NA,NA,NA,NA,NA,NA,NA
365.292,2.6293,45.6855,1.4597,44.8130,NA,NA,NA,NA,NA,NA,NA,NA,NA,NA,NA,NA
365.372,2.6417,46.3693,1.4672,45.5480,NA,NA,NA,NA,NA,NA,NA,NA,NA,NA,NA,NA
365.532,2.6504,46.8564,1.4743,46.2604,NA,NA,NA,NA,NA,NA,NA,NA,NA,NA,NA,NA
365.572,2.6643,47.6258,1.4884,47.6526,NA,NA,NA,NA,NA,NA,NA,NA,NA,NA,NA,NA
365.660,2.6924,49.1799,1.4963,48.4381,NA,NA,NA,NA,NA,NA,NA,NA,NA,NA,NA,NA
365.764,2.7001,49.6089,1.5029,49.0954,NA,NA,NA,NA,NA,NA,NA,NA,NA,NA,NA,NA
365.857,2.7099,50.1491,1.5095,49.7490,NA,NA,NA,NA,NA,NA,NA,NA,NA,NA,NA,NA
365.954,2.7143,50.3933,1.5171,50.5006,NA,NA,NA,NA,NA,NA,NA,NA,NA,NA,NA,NA
366.050,2.7244,50.9541,1.5238,51.1670,NA,NA,NA,NA,NA,NA,NA,NA,NA,NA,NA,NA
366.155,2.7278,51.1451,1.5275,51.5348,NA,NA,NA,NA,NA,NA,NA,NA,NA,NA,NA,NA
366.247,2.7278,51.1451,1.5297,51.7570,NA,NA,NA,NA,NA,NA,NA,NA,NA,NA,NA,NA
366.344,2.7273,51.1166,1.5308,51.8594,NA,NA,NA,NA,NA,NA,NA,NA,NA,NA,NA,NA
366.444,2.7273,51.1166,1.5311,51.8928,NA,NA,NA,NA,NA,NA,NA,NA,NA,NA,NA,NA
366.540,2.7242,50.9433,1.5311,51.8928,NA,NA,NA,NA,NA,NA,NA,NA,NA,NA,NA,NA
366.700,2.7242,50.9433,1.5308,51.8639,NA,NA,NA,NA,NA,NA,NA,NA,NA,NA,NA,NA
366.739,2.7107,50.1930,1.5290,51.6861,NA,NA,NA,NA,NA,NA,NA,NA,NA,NA,NA,NA
366.842,2.6917,49.1408,1.5271,51.4918,NA,NA,NA,NA,NA,NA,NA,NA,NA,NA,NA,NA
366.934,2.6845,48.7458,1.5241,51.1939,NA,NA,NA,NA,NA,NA,NA,NA,NA,NA,NA,NA
367.034,2.6721,48.0566,1.5202,50.8081,NA,NA,NA,NA,NA,NA,NA,NA,NA,NA,NA,NA
367.131,2.6721,48.0566,1.5136,50.1594,NA,NA,NA,NA,NA,NA,NA,NA,NA,NA,NA,NA
367.226,2.6573,47.2385,1.5108,49.8759,NA,NA,NA,NA,NA,NA,NA,NA,NA,NA,NA,NA
367.326,2.6573,47.2385,1.5077,49.5749,NA,NA,NA,NA,NA,NA,NA,NA,NA,NA,NA,NA
367.419,2.6441,46.5054,1.5030,49.0998,NA,NA,NA,NA,NA,NA,NA,NA,NA,NA,NA,NA
367.523,2.6281,45.6195,1.5005,48.8511,NA,NA,NA,NA,NA,NA,NA,NA,NA,NA,NA,NA
367.624,2.6215,45.2502,1.4961,48.4228,NA,NA,NA,NA,NA,NA,NA,NA,NA,NA,NA,NA
367.714,2.6201,45.1750,1.4927,48.0867,NA,NA,NA,NA,NA,NA,NA,NA,NA,NA,NA,NA
367.823,2.6160,44.9474,1.4907,47.8803,NA,NA,NA,NA,NA,NA,NA,NA,NA,NA,NA,NA
367.923,2.6053,44.3533,1.4872,47.5357,NA,NA,NA,NA,NA,NA,NA,NA,NA,NA,NA,NA
368.017,2.6040,44.2850,1.4830,47.1170,NA,NA,NA,NA,NA,NA,NA,NA,NA,NA,NA,NA
368.110,2.5932,43.6836,1.4794,46.7594,NA,NA,NA,NA,NA,NA,NA,NA,NA,NA,NA,NA
368.214,2.5932,43.6836,1.4776,46.5811,NA,NA,NA,NA,NA,NA,NA,NA,NA,NA,NA,NA
368.305,2.5806,42.9842,1.4754,46.3698,NA,NA,NA,NA,NA,NA,NA,NA,NA,NA,NA,NA
368.402,2.5767,42.7714,1.4731,46.1351,NA,NA,NA,NA,NA,NA,NA,NA,NA,NA,NA,NA
368.517,2.5779,42.8362,1.4711,45.9375,NA,NA,NA,NA,NA,NA,NA,NA,NA,NA,NA,NA
368.594,2.5779,42.8362,1.4694,45.7738,NA,NA,NA,NA,NA,NA,NA,NA,NA,NA,NA,NA
368.696,2.5668,42.2242,1.4689,45.7184,NA,NA,NA,NA,NA,NA,NA,NA,NA,NA,NA,NA
368.794,2.5626,41.9885,1.4661,45.4385,NA,NA,NA,NA,NA,NA,NA,NA,NA,NA,NA,NA
368.893,2.5579,41.7270,1.4649,45.3237,NA,NA,NA,NA,NA,NA,NA,NA,NA,NA,NA,NA
368.989,2.5481,41.1864,1.4646,45.2918,NA,NA,NA,NA,NA,NA,NA,NA,NA,NA,NA,NA
369.168,2.5476,41.1587,1.4642,45.2564,NA,NA,NA,NA,NA,NA,NA,NA,NA,NA,NA,NA
369.189,2.5451,41.0188,1.4620,45.0330,NA,NA,NA,NA,NA,NA,NA,NA,NA,NA,NA,NA
369.282,2.5451,41.0188,1.4609,44.9260,NA,NA,NA,NA,NA,NA,NA,NA,NA,NA,NA,NA
369.387,2.5397,40.7214,1.4603,44.8667,NA,NA,NA,NA,NA,NA,NA,NA,NA,NA,NA,NA
369.483,2.5397,40.7214,1.4600,44.8418,NA,NA,NA,NA,NA,NA,NA,NA,NA,NA,NA,NA
369.574,2.5354,40.4801,1.4573,44.5732,NA,NA,NA,NA,NA,NA,NA,NA,NA,NA,NA,NA
369.679,2.5331,40.3541,1.4569,44.5352,NA,NA,NA,NA,NA,NA,NA,NA,NA,NA,NA,NA
369.779,2.5331,40.3541,1.4562,44.4623,NA,NA,NA,NA,NA,NA,NA,NA,NA,NA,NA,NA
369.869,2.5330,40.3475,1.4558,44.4252,NA,NA,NA,NA,NA,NA,NA,NA,NA,NA,NA,NA
369.974,2.5324,40.3139,1.4557,44.4104,NA,NA,NA,NA,NA,NA,NA,NA,NA,NA,NA,NA
370.067,2.5279,40.0663,1.4549,44.3337,NA,NA,NA,NA,NA,NA,NA,NA,NA,NA,NA,NA
370.168,2.5223,39.7546,1.4532,44.1611,NA,NA,NA,NA,NA,NA,NA,NA,NA,NA,NA,NA
370.261,2.5102,39.0842,1.4513,43.9791,NA,NA,NA,NA,NA,NA,NA,NA,NA,NA,NA,NA
370.359,2.5044,38.7618,1.4508,43.9241,NA,NA,NA,NA,NA,NA,NA,NA,NA,NA,NA,NA
370.466,2.5030,38.6854,1.4504,43.8867,NA,NA,NA,NA,NA,NA,NA,NA,NA,NA,NA,NA
370.564,2.5021,38.6387,1.4489,43.7383,NA,NA,NA,NA,NA,NA,NA,NA,NA,NA,NA,NA
370.652,2.5021,38.6387,1.4480,43.6504,NA,NA,NA,NA,NA,NA,NA,NA,NA,NA,NA,NA
370.758,2.4969,38.3479,1.4470,43.5454,NA,NA,NA,NA,NA,NA,NA,NA,NA,NA,NA,NA
370.897,2.4940,38.1855,1.4456,43.4062,NA,NA,NA,NA,NA,NA,NA,NA,NA,NA,NA,NA
370.949,2.4867,37.7817,1.4444,43.2859,NA,NA,NA,NA,NA,NA,NA,NA,NA,NA,NA,NA
371.053,2.4858,37.7332,1.4436,43.2101,NA,NA,NA,NA,NA,NA,NA,NA,NA,NA,NA,NA
371.144,2.4782,37.3104,1.4428,43.1299,NA,NA,NA,NA,NA,NA,NA,NA,NA,NA,NA,NA
371.241,2.4745,37.1086,1.4407,42.9188,NA,NA,NA,NA,NA,NA,NA,NA,NA,NA,NA,NA
371.337,2.4745,37.1086,1.4395,42.8018,NA,NA,NA,NA,NA,NA,NA,NA,NA,NA,NA,NA
371.436,2.4678,36.7351,1.4382,42.6755,NA,NA,NA,NA,NA,NA,NA,NA,NA,NA,NA,NA
371.534,2.4674,36.7135,1.4357,42.4227,NA,NA,NA,NA,NA,NA,NA,NA,NA,NA,NA,NA
371.639,2.4678,36.7351,1.4336,42.2160,NA,NA,NA,NA,NA,NA,NA,NA,NA,NA,NA,NA
371.731,2.4704,36.8787,1.4360,42.4568,NA,NA,NA,NA,NA,NA,NA,NA,NA,NA,NA,NA
371.826,2.4985,38.4362,1.4459,43.4392,NA,NA,NA,NA,NA,NA,NA,NA,NA,NA,NA,NA
371.932,2.5129,39.2338,1.4516,44.0081,NA,NA,NA,NA,NA,NA,NA,NA,NA,NA,NA,NA
372.024,2.5263,39.9795,1.4561,44.4524,NA,NA,NA,NA,NA,NA,NA,NA,NA,NA,NA,NA
372.125,2.5453,41.0318,1.4583,44.6706,NA,NA,NA,NA,NA,NA,NA,NA,NA,NA,NA,NA
372.223,2.5526,41.4337,1.4593,44.7712,NA,NA,NA,NA,NA,NA,NA,NA,NA,NA,NA,NA
372.328,2.5642,42.0795,1.4597,44.8092,NA,NA,NA,NA,NA,NA,NA,NA,NA,NA,NA,NA
372.416,2.5642,42.0795,1.4597,44.8092,NA,NA,NA,NA,NA,NA,NA,NA,NA,NA,NA,NA
372.514,2.5554,41.5893,1.4595,44.7928,NA,NA,NA,NA,NA,NA,NA,NA,NA,NA,NA,NA
372.670,2.5529,41.4505,1.4575,44.5926,NA,NA,NA,NA,NA,NA,NA,NA,NA,NA,NA,NA
372.715,2.5471,41.1285,1.4564,44.4787,NA,NA,NA,NA,NA,NA,NA,NA,NA,NA,NA,NA
372.808,2.5452,41.0230,1.4554,44.3859,NA,NA,NA,NA,NA,NA,NA,NA,NA,NA,NA,NA
372.905,2.5452,41.0230,1.4548,44.3256,NA,NA,NA,NA,NA,NA,NA,NA,NA,NA,NA,NA
373.011,2.5273,40.0309,1.4545,44.2928,NA,NA,NA,NA,NA,NA,NA,NA,NA,NA,NA,NA
373.106,2.5257,39.9459,1.4515,43.9994,NA,NA,NA,NA,NA,NA,NA,NA,NA,NA,NA,NA
373.210,2.5159,39.4040,1.4507,43.9133,NA,NA,NA,NA,NA,NA,NA,NA,NA,NA,NA,NA
373.341,2.5155,39.3798,1.4485,43.6934,NA,NA,NA,NA,NA,NA,NA,NA,NA,NA,NA,NA
373.395,2.5022,38.6440,1.4421,43.0659,NA,NA,NA,NA,NA,NA,NA,NA,NA,NA,NA,NA
373.493,2.4936,38.1639,1.4400,42.8494,NA,NA,NA,NA,NA,NA,NA,NA,NA,NA,NA,NA
373.594,2.4936,38.1639,1.4371,42.5661,NA,NA,NA,NA,NA,NA,NA,NA,NA,NA,NA,NA
373.692,2.4855,37.7191,1.4349,42.3492,NA,NA,NA,NA,NA,NA,NA,NA,NA,NA,NA,NA
373.784,2.4840,37.6316,1.4344,42.2969,NA,NA,NA,NA,NA,NA,NA,NA,NA,NA,NA,NA
373.931,2.4805,37.4384,1.4333,42.1889,NA,NA,NA,NA,NA,NA,NA,NA,NA,NA,NA,NA
373.983,2.4805,37.4384,1.4298,41.8443,NA,NA,NA,NA,NA,NA,NA,NA,NA,NA,NA,NA
374.088,2.4650,36.5817,1.4282,41.6842,NA,NA,NA,NA,NA,NA,NA,NA,NA,NA,NA,NA
374.186,2.4605,36.3343,1.4280,41.6646,NA,NA,NA,NA,NA,NA,NA,NA,NA,NA,NA,NA
374.276,2.4523,35.8791,1.4251,41.3709,NA,NA,NA,NA,NA,NA,NA,NA,NA,NA,NA,NA
374.382,2.4543,35.9880,1.4240,41.2631,NA,NA,NA,NA,NA,NA,NA,NA,NA,NA,NA,NA
374.497,2.4543,35.9880,1.4232,41.1911,NA,NA,NA,NA,NA,NA,NA,NA,NA,NA,NA,NA
374.574,2.4503,35.7669,1.4225,41.1157,NA,NA,NA,NA,NA,NA,NA,NA,NA,NA,NA,NA
374.667,2.4495,35.7205,1.4200,40.8693,NA,NA,NA,NA,NA,NA,NA,NA,NA,NA,NA,NA
374.775,2.4424,35.3315,1.4193,40.8050,NA,NA,NA,NA,NA,NA,NA,NA,NA,NA,NA,NA
374.872,2.4372,35.0404,1.4190,40.7675,NA,NA,NA,NA,NA,NA,NA,NA,NA,NA,NA,NA
374.962,2.4380,35.0876,1.4176,40.6357,NA,NA,NA,NA,NA,NA,NA,NA,NA,NA,NA,NA
375.075,2.4394,35.1604,1.4165,40.5219,NA,NA,NA,NA,NA,NA,NA,NA,NA,NA,NA,NA
375.162,2.4394,35.1604,1.4150,40.3784,NA,NA,NA,NA,NA,NA,NA,NA,NA,NA,NA,NA
375.261,2.4357,34.9597,1.4145,40.3205,NA,NA,NA,NA,NA,NA,NA,NA,NA,NA,NA,NA
375.353,2.4340,34.8645,1.4119,40.0615,NA,NA,NA,NA,NA,NA,NA,NA,NA,NA,NA,NA
375.452,2.4270,34.4783,1.4096,39.8364,NA,NA,NA,NA,NA,NA,NA,NA,NA,NA,NA,NA
375.553,2.4242,34.3219,1.4074,39.6199,NA,NA,NA,NA,NA,NA,NA,NA,NA,NA,NA,NA
375.700,2.4200,34.0883,1.4062,39.5014,NA,NA,NA,NA,NA,NA,NA,NA,NA,NA,NA,NA
375.747,2.4179,33.9732,1.4061,39.4896,NA,NA,NA,NA,NA,NA,NA,NA,NA,NA,NA,NA
375.843,2.4145,33.7846,1.4046,39.3415,NA,NA,NA,NA,NA,NA,NA,NA,NA,NA,NA,NA
375.938,2.4145,33.7846,1.4041,39.2917,NA,NA,NA,NA,NA,NA,NA,NA,NA,NA,NA,NA
376.045,2.4199,34.0797,1.4040,39.2806,NA,NA,NA,NA,NA,NA,NA,NA,NA,NA,NA,NA
376.137,2.4245,34.3392,1.4063,39.5110,NA,NA,NA,NA,NA,NA,NA,NA,NA,NA,NA,NA
376.240,2.4420,35.3071,1.4156,40.4320,NA,NA,NA,NA,NA,NA,NA,NA,NA,NA,NA,NA
376.335,2.4824,37.5462,1.4235,41.2153,NA,NA,NA,NA,NA,NA,NA,NA,NA,NA,NA,NA
376.431,2.4958,38.2858,1.4339,42.2514,NA,NA,NA,NA,NA,NA,NA,NA,NA,NA,NA,NA
376.526,2.5357,40.4971,1.4442,43.2727,NA,NA,NA,NA,NA,NA,NA,NA,NA,NA,NA,NA
376.622,2.5491,41.2410,1.4512,43.9665,NA,NA,NA,NA,NA,NA,NA,NA,NA,NA,NA,NA
376.717,2.5739,42.6154,1.4580,44.6391,NA,NA,NA,NA,NA,NA,NA,NA,NA,NA,NA,NA
376.881,2.5898,43.4977,1.4666,45.4976,NA,NA,NA,NA,NA,NA,NA,NA,NA,NA,NA,NA
376.925,2.6007,44.0991,1.4750,46.3281,NA,NA,NA,NA,NA,NA,NA,NA,NA,NA,NA,NA
377.017,2.6124,44.7494,1.4832,47.1445,NA,NA,NA,NA,NA,NA,NA,NA,NA,NA,NA,NA
377.125,2.6302,45.7346,1.4934,48.1468,NA,NA,NA,NA,NA,NA,NA,NA,NA,NA,NA,NA
377.212,2.6568,47.2085,1.4990,48.7087,NA,NA,NA,NA,NA,NA,NA,NA,NA,NA,NA,NA
377.314,2.6644,47.6296,1.5027,49.0718,NA,NA,NA,NA,NA,NA,NA,NA,NA,NA,NA,NA
377.407,2.6849,48.7637,1.5084,49.6373,NA,NA,NA,NA,NA,NA,NA,NA,NA,NA,NA,NA
377.528,2.6903,49.0658,1.5141,50.2015,NA,NA,NA,NA,NA,NA,NA,NA,NA,NA,NA,NA
377.600,2.6944,49.2927,1.5195,50.7379,NA,NA,NA,NA,NA,NA,NA,NA,NA,NA,NA,NA
377.704,2.6944,49.2927,1.5234,51.1301,NA,NA,NA,NA,NA,NA,NA,NA,NA,NA,NA,NA
377.801,2.7092,50.1146,1.5276,51.5452,NA,NA,NA,NA,NA,NA,NA,NA,NA,NA,NA,NA
377.901,2.7221,50.8270,1.5309,51.8695,NA,NA,NA,NA,NA,NA,NA,NA,NA,NA,NA,NA
377.996,2.7265,51.0707,1.5354,52.3187,NA,NA,NA,NA,NA,NA,NA,NA,NA,NA,NA,NA
378.150,2.7384,51.7287,1.5387,52.6453,NA,NA,NA,NA,NA,NA,NA,NA,NA,NA,NA,NA
378.191,2.7413,51.8926,1.5423,52.9994,NA,NA,NA,NA,NA,NA,NA,NA,NA,NA,NA,NA
378.296,2.7480,52.2605,1.5454,53.3146,NA,NA,NA,NA,NA,NA,NA,NA,NA,NA,NA,NA
378.387,2.7480,52.2605,1.5486,53.6258,NA,NA,NA,NA,NA,NA,NA,NA,NA,NA,NA,NA
378.490,2.7509,52.4215,1.5528,54.0433,NA,NA,NA,NA,NA,NA,NA,NA,NA,NA,NA,NA
378.587,2.7572,52.7726,1.5539,54.1512,NA,NA,NA,NA,NA,NA,NA,NA,NA,NA,NA,NA
378.683,2.7572,52.7726,1.5553,54.2899,NA,NA,NA,NA,NA,NA,NA,NA,NA,NA,NA,NA
378.780,2.7613,53.0011,1.5564,54.4029,NA,NA,NA,NA,NA,NA,NA,NA,NA,NA,NA,NA
378.884,2.7613,53.0011,1.5564,54.4029,NA,NA,NA,NA,NA,NA,NA,NA,NA,NA,NA,NA
378.975,2.7532,52.5479,1.5534,54.1051,NA,NA,NA,NA,NA,NA,NA,NA,NA,NA,NA,NA
379.076,2.7490,52.3171,1.5504,53.8058,NA,NA,NA,NA,NA,NA,NA,NA,NA,NA,NA,NA
379.172,2.7297,51.2496,1.5457,53.3416,NA,NA,NA,NA,NA,NA,NA,NA,NA,NA,NA,NA
379.313,2.7156,50.4688,1.5401,52.7861,NA,NA,NA,NA,NA,NA,NA,NA,NA,NA,NA,NA
379.379,2.6960,49.3787,1.5358,52.3592,NA,NA,NA,NA,NA,NA,NA,NA,NA,NA,NA,NA
379.462,2.6761,48.2751,1.5322,52.0040,NA,NA,NA,NA,NA,NA,NA,NA,NA,NA,NA,NA
379.562,2.6675,47.8015,1.5269,51.4784,NA,NA,NA,NA,NA,NA,NA,NA,NA,NA,NA,NA
379.668,2.6476,46.6988,1.5193,50.7225,NA,NA,NA,NA,NA,NA,NA,NA,NA,NA,NA,NA
379.759,2.6404,46.3022,1.5156,50.3519,NA,NA,NA,NA,NA,NA,NA,NA,NA,NA,NA,NA
379.886,2.6322,45.8443,1.5101,49.8051,NA,NA,NA,NA,NA,NA,NA,NA,NA,NA,NA,NA
379.955,2.6262,45.5150,1.5063,49.4331,NA,NA,NA,NA,NA,NA,NA,NA,NA,NA,NA,NA
380.051,2.6130,44.7796,1.5028,49.0871,NA,NA,NA,NA,NA,NA,NA,NA,NA,NA,NA,NA
380.150,2.6104,44.6354,1.5007,48.8784,NA,NA,NA,NA,NA,NA,NA,NA,NA,NA,NA,NA
380.254,2.6104,44.6354,1.4969,48.4985,NA,NA,NA,NA,NA,NA,NA,NA,NA,NA,NA,NA
380.347,2.6018,44.1635,1.4946,48.2704,NA,NA,NA,NA,NA,NA,NA,NA,NA,NA,NA,NA
380.457,2.6018,44.1635,1.4928,48.0921,NA,NA,NA,NA,NA,NA,NA,NA,NA,NA,NA,NA
380.542,2.5935,43.6992,1.4902,47.8346,NA,NA,NA,NA,NA,NA,NA,NA,NA,NA,NA,NA
380.651,2.5903,43.5236,1.4888,47.6933,NA,NA,NA,NA,NA,NA,NA,NA,NA,NA,NA,NA
380.737,2.5829,43.1133,1.4867,47.4854,NA,NA,NA,NA,NA,NA,NA,NA,NA,NA,NA,NA
380.839,2.5811,43.0136,1.4855,47.3717,NA,NA,NA,NA,NA,NA,NA,NA,NA,NA,NA,NA
380.935,2.5735,42.5907,1.4833,47.1478,NA,NA,NA,NA,NA,NA,NA,NA,NA,NA,NA,NA
381.033,2.5666,42.2114,1.4820,47.0240,NA,NA,NA,NA,NA,NA,NA,NA,NA,NA,NA,NA
381.147,2.5666,42.2114,1.4806,46.8832,NA,NA,NA,NA,NA,NA,NA,NA,NA,NA,NA,NA
381.224,2.5521,41.4054,1.4790,46.7247,NA,NA,NA,NA,NA,NA,NA,NA,NA,NA,NA,NA
381.324,2.5517,41.3825,1.4766,46.4838,NA,NA,NA,NA,NA,NA,NA,NA,NA,NA,NA,NA
381.420,2.5425,40.8731,1.4733,46.1573,NA,NA,NA,NA,NA,NA,NA,NA,NA,NA,NA,NA
381.520,2.5394,40.7036,1.4692,45.7507,NA,NA,NA,NA,NA,NA,NA,NA,NA,NA,NA,NA
381.620,2.5378,40.6164,1.4673,45.5604,NA,NA,NA,NA,NA,NA,NA,NA,NA,NA,NA,NA
381.741,2.5378,40.6164,1.4629,45.1262,NA,NA,NA,NA,NA,NA,NA,NA,NA,NA,NA,NA
381.820,2.5200,39.6278,1.4606,44.8987,NA,NA,NA,NA,NA,NA,NA,NA,NA,NA,NA,NA
381.939,2.5200,39.6278,1.4565,44.4903,NA,NA,NA,NA,NA,NA,NA,NA,NA,NA,NA,NA
382.008,2.5157,39.3882,1.4524,44.0791,NA,NA,NA,NA,NA,NA,NA,NA,NA,NA,NA,NA
382.113,2.5049,38.7904,1.4502,43.8664,NA,NA,NA,NA,NA,NA,NA,NA,NA,NA,NA,NA
382.206,2.5005,38.5497,1.4492,43.7677,NA,NA,NA,NA,NA,NA,NA,NA,NA,NA,NA,NA
382.302,2.4990,38.4665,1.4482,43.6624,NA,NA,NA,NA,NA,NA,NA,NA,NA,NA,NA,NA
382.401,2.4990,38.4665,1.4462,43.4674,NA,NA,NA,NA,NA,NA,NA,NA,NA,NA,NA,NA
382.503,2.4992,38.4785,1.4455,43.3985,NA,NA,NA,NA,NA,NA,NA,NA,NA,NA,NA,NA
382.596,2.4992,38.4785,1.4449,43.3441,NA,NA,NA,NA,NA,NA,NA,NA,NA,NA,NA,NA
382.696,2.4967,38.3395,1.4466,43.5063,NA,NA,NA,NA,NA,NA,NA,NA,NA,NA,NA,NA
382.793,2.5074,38.9291,1.4515,43.9917,NA,NA,NA,NA,NA,NA,NA,NA,NA,NA,NA,NA
382.903,2.5357,40.4964,1.4543,44.2748,NA,NA,NA,NA,NA,NA,NA,NA,NA,NA,NA,NA
382.989,2.5660,42.1789,1.4619,45.0276,NA,NA,NA,NA,NA,NA,NA,NA,NA,NA,NA,NA
383.092,2.5769,42.7818,1.4723,46.0542,NA,NA,NA,NA,NA,NA,NA,NA,NA,NA,NA,NA
383.207,2.6100,44.6175,1.4761,46.4352,NA,NA,NA,NA,NA,NA,NA,NA,NA,NA,NA,NA
383.287,2.6218,45.2688,1.4837,47.1850,NA,NA,NA,NA,NA,NA,NA,NA,NA,NA,NA,NA
383.384,2.6509,46.8829,1.4949,48.3000,NA,NA,NA,NA,NA,NA,NA,NA,NA,NA,NA,NA
383.545,2.6640,47.6091,1.5056,49.3629,NA,NA,NA,NA,NA,NA,NA,NA,NA,NA,NA,NA
383.589,2.6878,48.9275,1.5168,50.4702,NA,NA,NA,NA,NA,NA,NA,NA,NA,NA,NA,NA
383.676,2.7136,50.3537,1.5226,51.0440,NA,NA,NA,NA,NA,NA,NA,NA,NA,NA,NA,NA
383.774,2.7374,51.6717,1.5346,52.2394,NA,NA,NA,NA,NA,NA,NA,NA,NA,NA,NA,NA
383.870,2.7759,53.8067,1.5394,52.7106,NA,NA,NA,NA,NA,NA,NA,NA,NA,NA,NA,NA
383.966,2.7836,54.2345,1.5477,53.5391,NA,NA,NA,NA,NA,NA,NA,NA,NA,NA,NA,NA
384.123,2.8085,55.6121,1.5569,54.4472,NA,NA,NA,NA,NA,NA,NA,NA,NA,NA,NA,NA
384.161,2.8186,56.1738,1.5643,55.1858,NA,NA,NA,NA,NA,NA,NA,NA,NA,NA,NA,NA
384.261,2.8341,57.0345,1.5691,55.6609,NA,NA,NA,NA,NA,NA,NA,NA,NA,NA,NA,NA
384.359,2.8354,57.1057,1.5718,55.9313,NA,NA,NA,NA,NA,NA,NA,NA,NA,NA,NA,NA
384.462,2.8354,57.1057,1.5728,56.0304,NA,NA,NA,NA,NA,NA,NA,NA,NA,NA,NA,NA
384.554,2.8407,57.4003,1.5728,56.0304,NA,NA,NA,NA,NA,NA,NA,NA,NA,NA,NA,NA
384.721,2.8407,57.4003,1.5714,55.8846,NA,NA,NA,NA,NA,NA,NA,NA,NA,NA,NA,NA
384.752,2.8380,57.2468,1.5713,55.8838,NA,NA,NA,NA,NA,NA,NA,NA,NA,NA,NA,NA
384.851,2.8371,57.1979,1.5672,55.4762,NA,NA,NA,NA,NA,NA,NA,NA,NA,NA,NA,NA
384.952,2.8197,56.2370,1.5651,55.2601,NA,NA,NA,NA,NA,NA,NA,NA,NA,NA,NA,NA
385.047,2.8056,55.4534,1.5628,55.0371,NA,NA,NA,NA,NA,NA,NA,NA,NA,NA,NA,NA
385.146,2.7656,53.2387,1.5559,54.3531,NA,NA,NA,NA,NA,NA,NA,NA,NA,NA,NA,NA
385.246,2.7536,52.5731,1.5529,54.0543,NA,NA,NA,NA,NA,NA,NA,NA,NA,NA,NA,NA
385.350,2.7501,52.3769,1.5487,53.6389,NA,NA,NA,NA,NA,NA,NA,NA,NA,NA,NA,NA
385.449,2.7414,51.8985,1.5425,53.0219,NA,NA,NA,NA,NA,NA,NA,NA,NA,NA,NA,NA
385.541,2.7379,51.7045,1.5386,52.6328,NA,NA,NA,NA,NA,NA,NA,NA,NA,NA,NA,NA
385.633,2.7261,51.0480,1.5349,52.2701,NA,NA,NA,NA,NA,NA,NA,NA,NA,NA,NA,NA
385.733,2.7256,51.0179,1.5326,52.0396,NA,NA,NA,NA,NA,NA,NA,NA,NA,NA,NA,NA
385.890,2.7083,50.0643,1.5291,51.6882,NA,NA,NA,NA,NA,NA,NA,NA,NA,NA,NA,NA
385.929,2.6918,49.1467,1.5271,51.4938,NA,NA,NA,NA,NA,NA,NA,NA,NA,NA,NA,NA
386.029,2.6905,49.0784,1.5259,51.3709,NA,NA,NA,NA,NA,NA,NA,NA,NA,NA,NA,NA
386.123,2.6800,48.4917,1.5234,51.1259,NA,NA,NA,NA,NA,NA,NA,NA,NA,NA,NA,NA
386.222,2.6789,48.4339,1.5218,50.9713,NA,NA,NA,NA,NA,NA,NA,NA,NA,NA,NA,NA
386.322,2.6690,47.8832,1.5194,50.7324,NA,NA,NA,NA,NA,NA,NA,NA,NA,NA,NA,NA
386.423,2.6687,47.8700,1.5169,50.4839,NA,NA,NA,NA,NA,NA,NA,NA,NA,NA,NA,NA
386.514,2.6605,47.4155,1.5151,50.3082,NA,NA,NA,NA,NA,NA,NA,NA,NA,NA,NA,NA
386.616,2.6560,47.1616,1.5142,50.2143,NA,NA,NA,NA,NA,NA,NA,NA,NA,NA,NA,NA
386.713,2.6544,47.0743,1.5099,49.7873,NA,NA,NA,NA,NA,NA,NA,NA,NA,NA,NA,NA
386.810,2.6525,46.9690,1.5080,49.5988,NA,NA,NA,NA,NA,NA,NA,NA,NA,NA,NA,NA
386.919,2.6525,46.9690,1.5062,49.4197,NA,NA,NA,NA,NA,NA,NA,NA,NA,NA,NA,NA
387.089,2.6493,46.7945,1.5044,49.2450,NA,NA,NA,NA,NA,NA,NA,NA,NA,NA,NA,NA
387.111,2.6493,46.7945,1.5015,48.9585,NA,NA,NA,NA,NA,NA,NA,NA,NA,NA,NA,NA
387.211,2.6456,46.5903,1.5000,48.8045,NA,NA,NA,NA,NA,NA,NA,NA,NA,NA,NA,NA
387.304,2.6456,46.5903,1.4992,48.7235,NA,NA,NA,NA,NA,NA,NA,NA,NA,NA,NA,NA
387.399,2.6355,46.0286,1.4988,48.6870,NA,NA,NA,NA,NA,NA,NA,NA,NA,NA,NA,NA
387.493,2.6370,46.1128,1.4988,48.6870,NA,NA,NA,NA,NA,NA,NA,NA,NA,NA,NA,NA
387.591,2.6370,46.1128,1.4945,48.2637,NA,NA,NA,NA,NA,NA,NA,NA,NA,NA,NA,NA
387.746,2.6295,45.6968,1.4940,48.2091,NA,NA,NA,NA,NA,NA,NA,NA,NA,NA,NA,NA
387.782,2.6249,45.4386,1.4913,47.9428,NA,NA,NA,NA,NA,NA,NA,NA,NA,NA,NA,NA
387.890,2.6169,44.9964,1.4904,47.8537,NA,NA,NA,NA,NA,NA,NA,NA,NA,NA,NA,NA
387.980,2.6169,44.9964,1.4902,47.8341,NA,NA,NA,NA,NA,NA,NA,NA,NA,NA,NA,NA
388.086,2.6098,44.6047,1.4905,47.8666,NA,NA,NA,NA,NA,NA,NA,NA,NA,NA,NA,NA
388.185,2.6082,44.5174,1.4905,47.8666,NA,NA,NA,NA,NA,NA,NA,NA,NA,NA,NA,NA
388.361,2.6036,44.2587,1.4892,47.7339,NA,NA,NA,NA,NA,NA,NA,NA,NA,NA,NA,NA
388.383,2.5988,43.9962,1.4885,47.6691,NA,NA,NA,NA,NA,NA,NA,NA,NA,NA,NA,NA
388.472,2.5988,43.9962,1.4872,47.5328,NA,NA,NA,NA,NA,NA,NA,NA,NA,NA,NA,NA
388.569,2.5942,43.7388,1.4872,47.5328,NA,NA,NA,NA,NA,NA,NA,NA,NA,NA,NA,NA
388.667,2.5942,43.7388,1.4859,47.4063,NA,NA,NA,NA,NA,NA,NA,NA,NA,NA,NA,NA
388.768,2.5893,43.4669,1.4850,47.3159,NA,NA,NA,NA,NA,NA,NA,NA,NA,NA,NA,NA
388.925,2.5876,43.3766,1.4850,47.3159,NA,NA,NA,NA,NA,NA,NA,NA,NA,NA,NA,NA
388.962,2.5812,43.0206,1.4833,47.1519,NA,NA,NA,NA,NA,NA,NA,NA,NA,NA,NA,NA
389.068,2.5832,43.1319,1.4816,46.9807,NA,NA,NA,NA,NA,NA,NA,NA,NA,NA,NA,NA
389.159,2.5832,43.1319,1.4811,46.9295,NA,NA,NA,NA,NA,NA,NA,NA,NA,NA,NA,NA
389.262,2.5731,42.5680,1.4796,46.7805,NA,NA,NA,NA,NA,NA,NA,NA,NA,NA,NA,NA
389.362,2.5731,42.5680,1.4773,46.5574,NA,NA,NA,NA,NA,NA,NA,NA,NA,NA,NA,NA
389.460,2.5703,42.4174,1.4764,46.4655,NA,NA,NA,NA,NA,NA,NA,NA,NA,NA,NA,NA
389.563,2.5703,42.4174,1.4758,46.4099,NA,NA,NA,NA,NA,NA,NA,NA,NA,NA,NA,NA
389.653,2.5658,42.1673,1.4758,46.4099,NA,NA,NA,NA,NA,NA,NA,NA,NA,NA,NA,NA
389.751,2.5616,41.9342,1.4757,46.3923,NA,NA,NA,NA,NA,NA,NA,NA,NA,NA,NA,NA
389.843,2.5616,41.9342,1.4751,46.3333,NA,NA,NA,NA,NA,NA,NA,NA,NA,NA,NA,NA
389.941,2.5577,41.7192,1.4739,46.2126,NA,NA,NA,NA,NA,NA,NA,NA,NA,NA,NA,NA
390.036,2.5577,41.7192,1.4728,46.1073,NA,NA,NA,NA,NA,NA,NA,NA,NA,NA,NA,NA
390.159,2.5565,41.6496,1.4723,46.0601,NA,NA,NA,NA,NA,NA,NA,NA,NA,NA,NA,NA
390.242,2.5565,41.6496,1.4700,45.8349,NA,NA,NA,NA,NA,NA,NA,NA,NA,NA,NA,NA
390.331,2.5617,41.9373,1.4700,45.8349,NA,NA,NA,NA,NA,NA,NA,NA,NA,NA,NA,NA
390.431,2.5617,41.9373,1.4696,45.7890,NA,NA,NA,NA,NA,NA,NA,NA,NA,NA,NA,NA
390.527,2.5534,41.4806,1.4651,45.3417,NA,NA,NA,NA,NA,NA,NA,NA,NA,NA,NA,NA
390.628,2.5473,41.1437,1.4639,45.2280,NA,NA,NA,NA,NA,NA,NA,NA,NA,NA,NA,NA
390.754,2.5464,41.0923,1.4632,45.1506,NA,NA,NA,NA,NA,NA,NA,NA,NA,NA,NA,NA
390.823,2.5464,41.0923,1.4639,45.2289,NA,NA,NA,NA,NA,NA,NA,NA,NA,NA,NA,NA
390.921,2.5359,40.5123,1.4639,45.2289,NA,NA,NA,NA,NA,NA,NA,NA,NA,NA,NA,NA
391.017,2.5346,40.4387,1.4615,44.9879,NA,NA,NA,NA,NA,NA,NA,NA,NA,NA,NA,NA
391.116,2.5288,40.1165,1.4611,44.9454,NA,NA,NA,NA,NA,NA,NA,NA,NA,NA,NA,NA
391.211,2.5311,40.2416,1.4611,44.9454,NA,NA,NA,NA,NA,NA,NA,NA,NA,NA,NA,NA
391.317,2.5311,40.2416,1.4610,44.9341,NA,NA,NA,NA,NA,NA,NA,NA,NA,NA,NA,NA
391.409,2.5267,39.9977,1.4606,44.8943,NA,NA,NA,NA,NA,NA,NA,NA,NA,NA,NA,NA
391.510,2.5257,39.9442,1.4599,44.8253,NA,NA,NA,NA,NA,NA,NA,NA,NA,NA,NA,NA
391.608,2.5210,39.6861,1.4586,44.6996,NA,NA,NA,NA,NA,NA,NA,NA,NA,NA,NA,NA
391.704,2.5165,39.4370,1.4556,44.4002,NA,NA,NA,NA,NA,NA,NA,NA,NA,NA,NA,NA
391.809,2.5069,38.9021,1.4540,44.2475,NA,NA,NA,NA,NA,NA,NA,NA,NA,NA,NA,NA
391.925,2.5010,38.5735,1.4531,44.1579,NA,NA,NA,NA,NA,NA,NA,NA,NA,NA,NA,NA
392.001,2.5010,38.5735,1.4519,44.0305,NA,NA,NA,NA,NA,NA,NA,NA,NA,NA,NA,NA
392.095,2.4896,37.9456,1.4505,43.8991,NA,NA,NA,NA,NA,NA,NA,NA,NA,NA,NA,NA
392.195,2.4896,37.9456,1.4501,43.8522,NA,NA,NA,NA,NA,NA,NA,NA,NA,NA,NA,NA
392.290,2.4899,37.9625,1.4501,43.8522,NA,NA,NA,NA,NA,NA,NA,NA,NA,NA,NA,NA
392.389,2.4899,37.9625,1.4497,43.8165,NA,NA,NA,NA,NA,NA,NA,NA,NA,NA,NA,NA
392.510,2.4834,37.5998,1.4484,43.6883,NA,NA,NA,NA,NA,NA,NA,NA,NA,NA,NA,NA
392.590,2.4820,37.5206,1.4484,43.6855,NA,NA,NA,NA,NA,NA,NA,NA,NA,NA,NA,NA
392.683,2.4820,37.5206,1.4471,43.5607,NA,NA,NA,NA,NA,NA,NA,NA,NA,NA,NA,NA
392.770,2.4793,37.3758,1.4460,43.4496,NA,NA,NA,NA,NA,NA,NA,NA,NA,NA,NA,NA
392.876,2.4842,37.6424,1.4438,43.2282,NA,NA,NA,NA,NA,NA,NA,NA,NA,NA,NA,NA
392.978,2.5079,38.9565,1.4455,43.3991,NA,NA,NA,NA,NA,NA,NA,NA,NA,NA,NA,NA
393.082,2.5177,39.5006,1.4509,43.9329,NA,NA,NA,NA,NA,NA,NA,NA,NA,NA,NA,NA
393.168,2.5359,40.5084,1.4576,44.6046,NA,NA,NA,NA,NA,NA,NA,NA,NA,NA,NA,NA
393.279,2.5511,41.3543,1.4641,45.2421,NA,NA,NA,NA,NA,NA,NA,NA,NA,NA,NA,NA
393.371,2.5854,43.2533,1.4725,46.0745,NA,NA,NA,NA,NA,NA,NA,NA,NA,NA,NA,NA
393.471,2.6223,45.2993,1.4803,46.8531,NA,NA,NA,NA,NA,NA,NA,NA,NA,NA,NA,NA
393.564,2.6362,46.0672,1.4874,47.5527,NA,NA,NA,NA,NA,NA,NA,NA,NA,NA,NA,NA
393.700,2.6535,47.0263,1.4927,48.0844,NA,NA,NA,NA,NA,NA,NA,NA,NA,NA,NA,NA
393.761,2.6732,48.1168,1.5022,49.0224,NA,NA,NA,NA,NA,NA,NA,NA,NA,NA,NA,NA
393.861,2.6909,49.0966,1.5086,49.6561,NA,NA,NA,NA,NA,NA,NA,NA,NA,NA,NA,NA
393.960,2.6995,49.5750,1.5138,50.1724,NA,NA,NA,NA,NA,NA,NA,NA,NA,NA,NA,NA
394.056,2.7154,50.4572,1.5260,51.3862,NA,NA,NA,NA,NA,NA,NA,NA,NA,NA,NA,NA
394.154,2.7446,52.0716,1.5360,52.3755,NA,NA,NA,NA,NA,NA,NA,NA,NA,NA,NA,NA
394.252,2.7446,52.0716,1.5420,52.9747,NA,NA,NA,NA,NA,NA,NA,NA,NA,NA,NA,NA
394.346,2.7701,53.4858,1.5463,53.4035,NA,NA,NA,NA,NA,NA,NA,NA,NA,NA,NA,NA
394.444,2.7784,53.9441,1.5527,54.0319,NA,NA,NA,NA,NA,NA,NA,NA,NA,NA,NA,NA
394.544,2.7979,55.0243,1.5604,54.7996,NA,NA,NA,NA,NA,NA,NA,NA,NA,NA,NA,NA
394.640,2.8015,55.2244,1.5705,55.7957,NA,NA,NA,NA,NA,NA,NA,NA,NA,NA,NA,NA
394.734,2.8310,56.8582,1.5752,56.2697,NA,NA,NA,NA,NA,NA,NA,NA,NA,NA,NA,NA
394.886,2.8310,56.8582,1.5814,56.8838,NA,NA,NA,NA,NA,NA,NA,NA,NA,NA,NA,NA
394.940,2.8550,58.1917,1.5886,57.5978,NA,NA,NA,NA,NA,NA,NA,NA,NA,NA,NA,NA
395.028,2.8550,58.1917,1.5924,57.9708,NA,NA,NA,NA,NA,NA,NA,NA,NA,NA,NA,NA
395.128,2.8540,58.1359,1.5961,58.3360,NA,NA,NA,NA,NA,NA,NA,NA,NA,NA,NA,NA
395.227,2.8540,58.1359,1.5986,58.5835,NA,NA,NA,NA,NA,NA,NA,NA,NA,NA,NA,NA
395.326,2.8627,58.6186,1.6019,58.9106,NA,NA,NA,NA,NA,NA,NA,NA,NA,NA,NA,NA
395.473,2.8698,59.0089,1.6037,59.0919,NA,NA,NA,NA,NA,NA,NA,NA,NA,NA,NA,NA
395.519,2.8698,59.0089,1.6043,59.1536,NA,NA,NA,NA,NA,NA,NA,NA,NA,NA,NA,NA
395.615,2.8693,58.9824,1.6043,59.1536,NA,NA,NA,NA,NA,NA,NA,NA,NA,NA,NA,NA
395.718,2.8693,58.9824,1.6041,59.1304,NA,NA,NA,NA,NA,NA,NA,NA,NA,NA,NA,NA
395.822,2.8729,59.1806,1.6018,58.9065,NA,NA,NA,NA,NA,NA,NA,NA,NA,NA,NA,NA
395.914,2.8729,59.1806,1.6006,58.7827,NA,NA,NA,NA,NA,NA,NA,NA,NA,NA,NA,NA
396.010,2.8524,58.0479,1.5936,58.0884,NA,NA,NA,NA,NA,NA,NA,NA,NA,NA,NA,NA
396.140,2.8373,57.2102,1.5882,57.5608,NA,NA,NA,NA,NA,NA,NA,NA,NA,NA,NA,NA
396.207,2.8156,56.0093,1.5822,56.9615,NA,NA,NA,NA,NA,NA,NA,NA,NA,NA,NA,NA
396.300,2.8106,55.7274,1.5800,56.7461,NA,NA,NA,NA,NA,NA,NA,NA,NA,NA,NA,NA
396.411,2.8093,55.6586,1.5769,56.4340,NA,NA,NA,NA,NA,NA,NA,NA,NA,NA,NA,NA
396.504,2.7914,54.6677,1.5735,56.0973,NA,NA,NA,NA,NA,NA,NA,NA,NA,NA,NA,NA
396.651,2.7901,54.5943,1.5696,55.7105,NA,NA,NA,NA,NA,NA,NA,NA,NA,NA,NA,NA
396.691,2.7714,53.5598,1.5685,55.6056,NA,NA,NA,NA,NA,NA,NA,NA,NA,NA,NA,NA
396.801,2.7516,52.4586,1.5661,55.3677,NA,NA,NA,NA,NA,NA,NA,NA,NA,NA,NA,NA
396.894,2.7390,51.7611,1.5628,55.0327,NA,NA,NA,NA,NA,NA,NA,NA,NA,NA,NA,NA
396.995,2.7347,51.5230,1.5605,54.8045,NA,NA,NA,NA,NA,NA,NA,NA,NA,NA,NA,NA
397.088,2.7322,51.3870,1.5586,54.6179,NA,NA,NA,NA,NA,NA,NA,NA,NA,NA,NA,NA
397.188,2.7290,51.2077,1.5574,54.5041,NA,NA,NA,NA,NA,NA,NA,NA,NA,NA,NA,NA
397.306,2.7260,51.0405,1.5523,53.9958,NA,NA,NA,NA,NA,NA,NA,NA,NA,NA,NA,NA
397.386,2.7144,50.3988,1.5495,53.7202,NA,NA,NA,NA,NA,NA,NA,NA,NA,NA,NA,NA
397.479,2.7101,50.1630,1.5453,53.3049,NA,NA,NA,NA,NA,NA,NA,NA,NA,NA,NA,NA
397.580,2.6937,49.2523,1.5429,53.0663,NA,NA,NA,NA,NA,NA,NA,NA,NA,NA,NA,NA
397.680,2.6875,48.9106,1.5408,52.8500,NA,NA,NA,NA,NA,NA,NA,NA,NA,NA,NA,NA
397.773,2.6825,48.6304,1.5364,52.4127,NA,NA,NA,NA,NA,NA,NA,NA,NA,NA,NA,NA
397.889,2.6722,48.0606,1.5342,52.1941,NA,NA,NA,NA,NA,NA,NA,NA,NA,NA,NA,NA
397.970,2.6721,48.0578,1.5318,51.9627,NA,NA,NA,NA,NA,NA,NA,NA,NA,NA,NA,NA
398.065,2.6650,47.6639,1.5303,51.8169,NA,NA,NA,NA,NA,NA,NA,NA,NA,NA,NA,NA
398.165,2.6650,47.6639,1.5273,51.5191,NA,NA,NA,NA,NA,NA,NA,NA,NA,NA,NA,NA
398.261,2.6540,47.0518,1.5251,51.3006,NA,NA,NA,NA,NA,NA,NA,NA,NA,NA,NA,NA
398.368,2.6440,46.4976,1.5198,50.7751,NA,NA,NA,NA,NA,NA,NA,NA,NA,NA,NA,NA
398.459,2.6334,45.9093,1.5171,50.5018,NA,NA,NA,NA,NA,NA,NA,NA,NA,NA,NA,NA
398.569,2.6260,45.5031,1.5143,50.2201,NA,NA,NA,NA,NA,NA,NA,NA,NA,NA,NA,NA
398.661,2.6259,45.4984,1.5127,50.0703,NA,NA,NA,NA,NA,NA,NA,NA,NA,NA,NA,NA
398.751,2.6223,45.2993,1.5085,49.6470,NA,NA,NA,NA,NA,NA,NA,NA,NA,NA,NA,NA
398.849,2.6223,45.2993,1.5069,49.4923,NA,NA,NA,NA,NA,NA,NA,NA,NA,NA,NA,NA
398.960,2.6175,45.0323,1.5047,49.2698,NA,NA,NA,NA,NA,NA,NA,NA,NA,NA,NA,NA
399.088,2.6279,45.6083,1.5043,49.2369,NA,NA,NA,NA,NA,NA,NA,NA,NA,NA,NA,NA
399.138,2.6447,46.5401,1.5071,49.5130,NA,NA,NA,NA,NA,NA,NA,NA,NA,NA,NA,NA
399.237,2.6477,46.7027,1.5143,50.2240,NA,NA,NA,NA,NA,NA,NA,NA,NA,NA,NA,NA
399.343,2.6966,49.4146,1.5227,51.0598,NA,NA,NA,NA,NA,NA,NA,NA,NA,NA,NA,NA
399.442,2.7091,50.1068,1.5311,51.8940,NA,NA,NA,NA,NA,NA,NA,NA,NA,NA,NA,NA
399.535,2.7233,50.8912,1.5373,52.5020,NA,NA,NA,NA,NA,NA,NA,NA,NA,NA,NA,NA
399.671,2.7268,51.0859,1.5408,52.8556,NA,NA,NA,NA,NA,NA,NA,NA,NA,NA,NA,NA
399.732,2.7348,51.5300,1.5425,53.0241,NA,NA,NA,NA,NA,NA,NA,NA,NA,NA,NA,NA
399.846,2.7378,51.6964,1.5433,53.0973,NA,NA,NA,NA,NA,NA,NA,NA,NA,NA,NA,NA
399.922,2.7378,51.6964,1.5450,53.2739,NA,NA,NA,NA,NA,NA,NA,NA,NA,NA,NA,NA
400.027,2.7361,51.6044,1.5450,53.2739,NA,NA,NA,NA,NA,NA,NA,NA,NA,NA,NA,NA
400.120,2.7372,51.6610,1.5447,53.2361,NA,NA,NA,NA,NA,NA,NA,NA,NA,NA,NA,NA
400.278,2.7372,51.6610,1.5436,53.1318,NA,NA,NA,NA,NA,NA,NA,NA,NA,NA,NA,NA
400.321,2.7231,50.8795,1.5422,52.9942,NA,NA,NA,NA,NA,NA,NA,NA,NA,NA,NA,NA
400.413,2.7182,50.6093,1.5400,52.7790,NA,NA,NA,NA,NA,NA,NA,NA,NA,NA,NA,NA
400.511,2.7092,50.1093,1.5368,52.4604,NA,NA,NA,NA,NA,NA,NA,NA,NA,NA,NA,NA
400.613,2.7026,49.7485,1.5339,52.1687,NA,NA,NA,NA,NA,NA,NA,NA,NA,NA,NA,NA
400.710,2.6949,49.3203,1.5321,51.9912,NA,NA,NA,NA,NA,NA,NA,NA,NA,NA,NA,NA
400.806,2.6921,49.1622,1.5267,51.4537,NA,NA,NA,NA,NA,NA,NA,NA,NA,NA,NA,NA
400.921,2.6748,48.2043,1.5245,51.2400,NA,NA,NA,NA,NA,NA,NA,NA,NA,NA,NA,NA
401.000,2.6713,48.0097,1.5208,50.8720,NA,NA,NA,NA,NA,NA,NA,NA,NA,NA,NA,NA
401.131,2.6601,47.3917,1.5167,50.4625,NA,NA,NA,NA,NA,NA,NA,NA,NA,NA,NA,NA
401.201,2.6433,46.4601,1.5135,50.1406,NA,NA,NA,NA,NA,NA,NA,NA,NA,NA,NA,NA
401.311,2.6404,46.2995,1.5117,49.9658,NA,NA,NA,NA,NA,NA,NA,NA,NA,NA,NA,NA
401.454,2.6349,45.9942,1.5107,49.8691,NA,NA,NA,NA,NA,NA,NA,NA,NA,NA,NA,NA
401.496,2.6349,45.9942,1.5048,49.2804,NA,NA,NA,NA,NA,NA,NA,NA,NA,NA,NA,NA
401.590,2.6193,45.1296,1.5018,48.9837,NA,NA,NA,NA,NA,NA,NA,NA,NA,NA,NA,NA
401.692,2.6156,44.9245,1.5000,48.8083,NA,NA,NA,NA,NA,NA,NA,NA,NA,NA,NA,NA
401.787,2.6110,44.6702,1.4982,48.6303,NA,NA,NA,NA,NA,NA,NA,NA,NA,NA,NA,NA
401.886,2.6062,44.4032,1.4973,48.5429,NA,NA,NA,NA,NA,NA,NA,NA,NA,NA,NA,NA
401.983,2.6043,44.2992,1.4927,48.0813,NA,NA,NA,NA,NA,NA,NA,NA,NA,NA,NA,NA
402.079,2.6035,44.2544,1.4927,48.0813,NA,NA,NA,NA,NA,NA,NA,NA,NA,NA,NA,NA
402.175,2.6026,44.2048,1.4890,47.7116,NA,NA,NA,NA,NA,NA,NA,NA,NA,NA,NA,NA
402.276,2.6013,44.1326,1.4890,47.7116,NA,NA,NA,NA,NA,NA,NA,NA,NA,NA,NA,NA
402.379,2.6013,44.1326,1.4886,47.6782,NA,NA,NA,NA,NA,NA,NA,NA,NA,NA,NA,NA
402.476,2.5970,43.8927,1.4886,47.6782,NA,NA,NA,NA,NA,NA,NA,NA,NA,NA,NA,NA
402.576,2.5970,43.8927,1.4879,47.6024,NA,NA,NA,NA,NA,NA,NA,NA,NA,NA,NA,NA
402.680,2.5812,43.0185,1.4865,47.4699,NA,NA,NA,NA,NA,NA,NA,NA,NA,NA,NA,NA
402.770,2.5799,42.9477,1.4865,47.4699,NA,NA,NA,NA,NA,NA,NA,NA,NA,NA,NA,NA
402.868,2.5755,42.7032,1.4828,47.1015,NA,NA,NA,NA,NA,NA,NA,NA,NA,NA,NA,NA
402.961,2.5726,42.5430,1.4813,46.9545,NA,NA,NA,NA,NA,NA,NA,NA,NA,NA,NA,NA
403.058,2.5681,42.2943,1.4752,46.3474,NA,NA,NA,NA,NA,NA,NA,NA,NA,NA,NA,NA
403.157,2.5639,42.0586,1.4737,46.1989,NA,NA,NA,NA,NA,NA,NA,NA,NA,NA,NA,NA
403.266,2.5636,42.0422,1.4731,46.1421,NA,NA,NA,NA,NA,NA,NA,NA,NA,NA,NA,NA
403.358,2.5536,41.4922,1.4732,46.1463,NA,NA,NA,NA,NA,NA,NA,NA,NA,NA,NA,NA
403.453,2.5563,41.6412,1.4732,46.1463,NA,NA,NA,NA,NA,NA,NA,NA,NA,NA,NA,NA
403.549,2.5563,41.6412,1.4732,46.1443,NA,NA,NA,NA,NA,NA,NA,NA,NA,NA,NA,NA
403.657,2.5554,41.5903,1.4708,45.9075,NA,NA,NA,NA,NA,NA,NA,NA,NA,NA,NA,NA
403.748,2.5519,41.3981,1.4703,45.8571,NA,NA,NA,NA,NA,NA,NA,NA,NA,NA,NA,NA
403.841,2.5736,42.5997,1.4730,46.1275,NA,NA,NA,NA,NA,NA,NA,NA,NA,NA,NA,NA
403.942,2.5822,43.0768,1.4763,46.4566,NA,NA,NA,NA,NA,NA,NA,NA,NA,NA,NA,NA
404.036,2.6006,44.0921,1.4878,47.5922,NA,NA,NA,NA,NA,NA,NA,NA,NA,NA,NA,NA
404.136,2.6275,45.5826,1.4971,48.5179,NA,NA,NA,NA,NA,NA,NA,NA,NA,NA,NA,NA
404.234,2.6556,47.1432,1.5083,49.6314,NA,NA,NA,NA,NA,NA,NA,NA,NA,NA,NA,NA
404.328,2.6945,49.2992,1.5181,50.6048,NA,NA,NA,NA,NA,NA,NA,NA,NA,NA,NA,NA
404.428,2.7082,50.0585,1.5266,51.4424,NA,NA,NA,NA,NA,NA,NA,NA,NA,NA,NA,NA
404.541,2.7480,52.2640,1.5352,52.3015,NA,NA,NA,NA,NA,NA,NA,NA,NA,NA,NA,NA
404.629,2.7662,53.2711,1.5480,53.5693,NA,NA,NA,NA,NA,NA,NA,NA,NA,NA,NA,NA
404.725,2.8002,55.1527,1.5540,54.1627,NA,NA,NA,NA,NA,NA,NA,NA,NA,NA,NA,NA
404.833,2.8116,55.7863,1.5649,55.2435,NA,NA,NA,NA,NA,NA,NA,NA,NA,NA,NA,NA
404.918,2.8200,56.2507,1.5707,55.8157,NA,NA,NA,NA,NA,NA,NA,NA,NA,NA,NA,NA
405.024,2.8434,57.5484,1.5778,56.5260,NA,NA,NA,NA,NA,NA,NA,NA,NA,NA,NA,NA
405.147,2.8505,57.9432,1.5866,57.3981,NA,NA,NA,NA,NA,NA,NA,NA,NA,NA,NA,NA
405.215,2.8831,59.7448,1.5930,58.0353,NA,NA,NA,NA,NA,NA,NA,NA,NA,NA,NA,NA
405.311,2.8945,60.3765,1.5985,58.5740,NA,NA,NA,NA,NA,NA,NA,NA,NA,NA,NA,NA
405.406,2.8990,60.6301,1.6019,58.9120,NA,NA,NA,NA,NA,NA,NA,NA,NA,NA,NA,NA
405.506,2.9120,61.3483,1.6041,59.1364,NA,NA,NA,NA,NA,NA,NA,NA,NA,NA,NA,NA
405.601,2.9122,61.3602,1.6064,59.3578,NA,NA,NA,NA,NA,NA,NA,NA,NA,NA,NA,NA
405.731,2.9165,61.6006,1.6086,59.5797,NA,NA,NA,NA,NA,NA,NA,NA,NA,NA,NA,NA
405.802,2.9182,61.6909,1.6096,59.6786,NA,NA,NA,NA,NA,NA,NA,NA,NA,NA,NA,NA
405.898,2.9182,61.6909,1.6109,59.8072,NA,NA,NA,NA,NA,NA,NA,NA,NA,NA,NA,NA
406.012,2.9147,61.5001,1.6109,59.8072,NA,NA,NA,NA,NA,NA,NA,NA,NA,NA,NA,NA
406.101,2.9147,61.5001,1.6098,59.7032,NA,NA,NA,NA,NA,NA,NA,NA,NA,NA,NA,NA
406.189,2.8993,60.6458,1.6087,59.5918,NA,NA,NA,NA,NA,NA,NA,NA,NA,NA,NA,NA
406.311,2.8956,60.4399,1.6072,59.4393,NA,NA,NA,NA,NA,NA,NA,NA,NA,NA,NA,NA
406.387,2.8848,59.8418,1.6035,59.0716,NA,NA,NA,NA,NA,NA,NA,NA,NA,NA,NA,NA
406.487,2.8655,58.7732,1.5976,58.4919,NA,NA,NA,NA,NA,NA,NA,NA,NA,NA,NA,NA
406.582,2.8573,58.3177,1.5941,58.1424,NA,NA,NA,NA,NA,NA,NA,NA,NA,NA,NA,NA
406.681,2.8477,57.7886,1.5898,57.7159,NA,NA,NA,NA,NA,NA,NA,NA,NA,NA,NA,NA
406.785,2.8390,57.3014,1.5847,57.2092,NA,NA,NA,NA,NA,NA,NA,NA,NA,NA,NA,NA
406.894,2.8114,55.7755,1.5805,56.7885,NA,NA,NA,NA,NA,NA,NA,NA,NA,NA,NA,NA
406.973,2.7749,53.7506,1.5779,56.5366,NA,NA,NA,NA,NA,NA,NA,NA,NA,NA,NA,NA
407.071,2.7632,53.1064,1.5755,56.3009,NA,NA,NA,NA,NA,NA,NA,NA,NA,NA,NA,NA
407.180,2.7499,52.3660,1.5724,55.9912,NA,NA,NA,NA,NA,NA,NA,NA,NA,NA,NA,NA
407.268,2.7493,52.3313,1.5680,55.5474,NA,NA,NA,NA,NA,NA,NA,NA,NA,NA,NA,NA
407.364,2.7422,51.9382,1.5646,55.2193,NA,NA,NA,NA,NA,NA,NA,NA,NA,NA,NA,NA
407.472,2.7422,51.9382,1.5595,54.7055,NA,NA,NA,NA,NA,NA,NA,NA,NA,NA,NA,NA
407.565,2.7389,51.7580,1.5567,54.4342,NA,NA,NA,NA,NA,NA,NA,NA,NA,NA,NA,NA
407.660,2.7383,51.7252,1.5539,54.1559,NA,NA,NA,NA,NA,NA,NA,NA,NA,NA,NA,NA
407.761,2.7237,50.9149,1.5483,53.5952,NA,NA,NA,NA,NA,NA,NA,NA,NA,NA,NA,NA
407.861,2.7198,50.6965,1.5467,53.4351,NA,NA,NA,NA,NA,NA,NA,NA,NA,NA,NA,NA
407.958,2.7198,50.6965,1.5433,53.0990,NA,NA,NA,NA,NA,NA,NA,NA,NA,NA,NA,NA
408.118,2.7131,50.3301,1.5410,52.8760,NA,NA,NA,NA,NA,NA,NA,NA,NA,NA,NA,NA
408.154,2.7131,50.3301,1.5410,52.8760,NA,NA,NA,NA,NA,NA,NA,NA,NA,NA,NA,NA
408.248,2.7073,50.0038,1.5395,52.7243,NA,NA,NA,NA,NA,NA,NA,NA,NA,NA,NA,NA
408.351,2.7049,49.8753,1.5372,52.4999,NA,NA,NA,NA,NA,NA,NA,NA,NA,NA,NA,NA
408.449,2.6986,49.5252,1.5352,52.2978,NA,NA,NA,NA,NA,NA,NA,NA,NA,NA,NA,NA
408.544,2.6873,48.8975,1.5338,52.1627,NA,NA,NA,NA,NA,NA,NA,NA,NA,NA,NA,NA
408.657,2.6764,48.2969,1.5320,51.9772,NA,NA,NA,NA,NA,NA,NA,NA,NA,NA,NA,NA
408.740,2.6730,48.1039,1.5297,51.7508,NA,NA,NA,NA,NA,NA,NA,NA,NA,NA,NA,NA
408.836,2.6730,48.1039,1.5280,51.5872,NA,NA,NA,NA,NA,NA,NA,NA,NA,NA,NA,NA
408.936,2.6651,47.6668,1.5261,51.3932,NA,NA,NA,NA,NA,NA,NA,NA,NA,NA,NA,NA
409.031,2.6590,47.3309,1.5233,51.1155,NA,NA,NA,NA,NA,NA,NA,NA,NA,NA,NA,NA
409.131,2.6468,46.6518,1.5209,50.8796,NA,NA,NA,NA,NA,NA,NA,NA,NA,NA,NA,NA
409.281,2.6468,46.6518,1.5202,50.8132,NA,NA,NA,NA,NA,NA,NA,NA,NA,NA,NA,NA
409.331,2.6346,45.9765,1.5176,50.5526,NA,NA,NA,NA,NA,NA,NA,NA,NA,NA,NA,NA
409.423,2.6396,46.2556,1.5166,50.4488,NA,NA,NA,NA,NA,NA,NA,NA,NA,NA,NA,NA
409.527,2.6396,46.2556,1.5135,50.1475,NA,NA,NA,NA,NA,NA,NA,NA,NA,NA,NA,NA
409.619,2.6252,45.4582,1.5108,49.8768,NA,NA,NA,NA,NA,NA,NA,NA,NA,NA,NA,NA
409.720,2.6231,45.3387,1.5096,49.7561,NA,NA,NA,NA,NA,NA,NA,NA,NA,NA,NA,NA
409.872,2.6133,44.7972,1.5082,49.6165,NA,NA,NA,NA,NA,NA,NA,NA,NA,NA,NA,NA
409.918,2.6133,44.7972,1.5070,49.5048,NA,NA,NA,NA,NA,NA,NA,NA,NA,NA,NA,NA
410.007,2.6172,45.0164,1.5093,49.7320,NA,NA,NA,NA,NA,NA,NA,NA,NA,NA,NA,NA
410.111,2.6449,46.5469,1.5135,50.1495,NA,NA,NA,NA,NA,NA,NA,NA,NA,NA,NA,NA
410.205,2.6631,47.5575,1.5248,51.2702,NA,NA,NA,NA,NA,NA,NA,NA,NA,NA,NA,NA
410.306,2.7151,50.4374,1.5326,52.0380,NA,NA,NA,NA,NA,NA,NA,NA,NA,NA,NA,NA
410.459,2.7421,51.9357,1.5426,53.0328,NA,NA,NA,NA,NA,NA,NA,NA,NA,NA,NA,NA
410.501,2.7752,53.7689,1.5524,54.0001,NA,NA,NA,NA,NA,NA,NA,NA,NA,NA,NA,NA
410.607,2.7877,54.4599,1.5603,54.7862,NA,NA,NA,NA,NA,NA,NA,NA,NA,NA,NA,NA
410.696,2.8092,55.6529,1.5696,55.7096,NA,NA,NA,NA,NA,NA,NA,NA,NA,NA,NA,NA
410.794,2.8227,56.4015,1.5775,56.4923,NA,NA,NA,NA,NA,NA,NA,NA,NA,NA,NA,NA
410.892,2.8511,57.9760,1.5893,57.6625,NA,NA,NA,NA,NA,NA,NA,NA,NA,NA,NA,NA
410.991,2.8881,60.0252,1.6004,58.7680,NA,NA,NA,NA,NA,NA,NA,NA,NA,NA,NA,NA
411.086,2.8946,60.3854,1.6085,59.5744,NA,NA,NA,NA,NA,NA,NA,NA,NA,NA,NA,NA
411.198,2.9263,62.1418,1.6141,60.1263,NA,NA,NA,NA,NA,NA,NA,NA,NA,NA,NA,NA
411.280,2.9356,62.6536,1.6258,61.2815,NA,NA,NA,NA,NA,NA,NA,NA,NA,NA,NA,NA
411.381,2.9514,63.5313,1.6324,61.9403,NA,NA,NA,NA,NA,NA,NA,NA,NA,NA,NA,NA
411.480,2.9576,63.8725,1.6388,62.5720,NA,NA,NA,NA,NA,NA,NA,NA,NA,NA,NA,NA
411.577,2.9868,65.4945,1.6443,63.1239,NA,NA,NA,NA,NA,NA,NA,NA,NA,NA,NA,NA
411.686,2.9955,65.9746,1.6488,63.5670,NA,NA,NA,NA,NA,NA,NA,NA,NA,NA,NA,NA
411.772,3.0026,66.3707,1.6524,63.9212,NA,NA,NA,NA,NA,NA,NA,NA,NA,NA,NA,NA
411.872,3.0033,66.4075,1.6628,64.9606,NA,NA,NA,NA,NA,NA,NA,NA,NA,NA,NA,NA
411.965,3.0054,66.5240,1.6658,65.2510,NA,NA,NA,NA,NA,NA,NA,NA,NA,NA,NA,NA
412.069,3.0055,66.5293,1.6670,65.3717,NA,NA,NA,NA,NA,NA,NA,NA,NA,NA,NA,NA
412.163,3.0055,66.5293,1.6670,65.3717,NA,NA,NA,NA,NA,NA,NA,NA,NA,NA,NA,NA
412.283,3.0012,66.2888,1.6655,65.2269,NA,NA,NA,NA,NA,NA,NA,NA,NA,NA,NA,NA
412.368,2.9998,66.2157,1.6651,65.1846,NA,NA,NA,NA,NA,NA,NA,NA,NA,NA,NA,NA
412.468,2.9952,65.9579,1.6646,65.1328,NA,NA,NA,NA,NA,NA,NA,NA,NA,NA,NA,NA
412.552,2.9910,65.7243,1.6611,64.7899,NA,NA,NA,NA,NA,NA,NA,NA,NA,NA,NA,NA
412.658,2.9849,65.3886,1.6582,64.4953,NA,NA,NA,NA,NA,NA,NA,NA,NA,NA,NA,NA
412.757,2.9677,64.4368,1.6514,63.8300,NA,NA,NA,NA,NA,NA,NA,NA,NA,NA,NA,NA
412.851,2.9418,63.0001,1.6456,63.2497,NA,NA,NA,NA,NA,NA,NA,NA,NA,NA,NA,NA
412.948,2.9235,61.9852,1.6409,62.7865,NA,NA,NA,NA,NA,NA,NA,NA,NA,NA,NA,NA
413.062,2.9091,61.1888,1.6333,62.0323,NA,NA,NA,NA,NA,NA,NA,NA,NA,NA,NA,NA
413.143,2.8789,59.5159,1.6286,61.5642,NA,NA,NA,NA,NA,NA,NA,NA,NA,NA,NA,NA
413.242,2.8765,59.3843,1.6250,61.2067,NA,NA,NA,NA,NA,NA,NA,NA,NA,NA,NA,NA
413.338,2.8572,58.3103,1.6220,60.9111,NA,NA,NA,NA,NA,NA,NA,NA,NA,NA,NA,NA
413.469,2.8572,58.3103,1.6153,60.2487,NA,NA,NA,NA,NA,NA,NA,NA,NA,NA,NA,NA
413.532,2.8459,57.6850,1.6116,59.8777,NA,NA,NA,NA,NA,NA,NA,NA,NA,NA,NA,NA
413.634,2.8279,56.6875,1.6069,59.4098,NA,NA,NA,NA,NA,NA,NA,NA,NA,NA,NA,NA
413.731,2.8216,56.3394,1.6042,59.1482,NA,NA,NA,NA,NA,NA,NA,NA,NA,NA,NA,NA
413.825,2.8164,56.0494,1.6018,58.9059,NA,NA,NA,NA,NA,NA,NA,NA,NA,NA,NA,NA
413.929,2.8164,56.0494,1.5982,58.5507,NA,NA,NA,NA,NA,NA,NA,NA,NA,NA,NA,NA
414.025,2.8023,55.2726,1.5962,58.3461,NA,NA,NA,NA,NA,NA,NA,NA,NA,NA,NA,NA
414.141,2.8023,55.2726,1.5944,58.1734,NA,NA,NA,NA,NA,NA,NA,NA,NA,NA,NA,NA
414.226,2.7875,54.4488,1.5937,58.0979,NA,NA,NA,NA,NA,NA,NA,NA,NA,NA,NA,NA
414.318,2.7843,54.2721,1.5915,57.8810,NA,NA,NA,NA,NA,NA,NA,NA,NA,NA,NA,NA
414.413,2.7739,53.6947,1.5881,57.5413,NA,NA,NA,NA,NA,NA,NA,NA,NA,NA,NA,NA
414.525,2.7754,53.7784,1.5871,57.4493,NA,NA,NA,NA,NA,NA,NA,NA,NA,NA,NA,NA
414.620,2.7754,53.7784,1.5827,57.0139,NA,NA,NA,NA,NA,NA,NA,NA,NA,NA,NA,NA
414.725,2.7786,53.9583,1.5821,56.9480,NA,NA,NA,NA,NA,NA,NA,NA,NA,NA,NA,NA
414.803,2.7786,53.9583,1.5784,56.5861,NA,NA,NA,NA,NA,NA,NA,NA,NA,NA,NA,NA
414.905,2.7664,53.2798,1.5754,56.2839,NA,NA,NA,NA,NA,NA,NA,NA,NA,NA,NA,NA
415.005,2.7622,53.0478,1.5741,56.1571,NA,NA,NA,NA,NA,NA,NA,NA,NA,NA,NA,NA
415.102,2.7601,52.9341,1.5735,56.0946,NA,NA,NA,NA,NA,NA,NA,NA,NA,NA,NA,NA
415.208,2.7545,52.6236,1.5732,56.0629,NA,NA,NA,NA,NA,NA,NA,NA,NA,NA,NA,NA
415.301,2.7460,52.1513,1.5705,55.7990,NA,NA,NA,NA,NA,NA,NA,NA,NA,NA,NA,NA
415.407,2.7473,52.2240,1.5703,55.7838,NA,NA,NA,NA,NA,NA,NA,NA,NA,NA,NA,NA
415.499,2.7473,52.2240,1.5691,55.6613,NA,NA,NA,NA,NA,NA,NA,NA,NA,NA,NA,NA
415.595,2.7426,51.9647,1.5675,55.5002,NA,NA,NA,NA,NA,NA,NA,NA,NA,NA,NA,NA
415.689,2.7419,51.9242,1.5649,55.2472,NA,NA,NA,NA,NA,NA,NA,NA,NA,NA,NA,NA
415.786,2.7300,51.2619,1.5638,55.1336,NA,NA,NA,NA,NA,NA,NA,NA,NA,NA,NA,NA
415.881,2.7278,51.1425,1.5628,55.0341,NA,NA,NA,NA,NA,NA,NA,NA,NA,NA,NA,NA
415.982,2.7259,51.0371,1.5620,54.9524,NA,NA,NA,NA,NA,NA,NA,NA,NA,NA,NA,NA
416.081,2.7242,50.9416,1.5617,54.9251,NA,NA,NA,NA,NA,NA,NA,NA,NA,NA,NA,NA
416.181,2.7219,50.8135,1.5591,54.6738,NA,NA,NA,NA,NA,NA,NA,NA,NA,NA,NA,NA
416.279,2.7267,51.0802,1.5591,54.6738,NA,NA,NA,NA,NA,NA,NA,NA,NA,NA,NA,NA
416.381,2.7267,51.0802,1.5582,54.5783,NA,NA,NA,NA,NA,NA,NA,NA,NA,NA,NA,NA
416.488,2.7117,50.2489,1.5566,54.4233,NA,NA,NA,NA,NA,NA,NA,NA,NA,NA,NA,NA
416.574,2.7117,50.2489,1.5549,54.2548,NA,NA,NA,NA,NA,NA,NA,NA,NA,NA,NA,NA
416.663,2.7100,50.1563,1.5544,54.2007,NA,NA,NA,NA,NA,NA,NA,NA,NA,NA,NA,NA
416.771,2.7092,50.1097,1.5524,54.0002,NA,NA,NA,NA,NA,NA,NA,NA,NA,NA,NA,NA
416.864,2.7052,49.8895,1.5508,53.8495,NA,NA,NA,NA,NA,NA,NA,NA,NA,NA,NA,NA
416.962,2.7031,49.7764,1.5506,53.8253,NA,NA,NA,NA,NA,NA,NA,NA,NA,NA,NA,NA
417.059,2.7029,49.7600,1.5472,53.4909,NA,NA,NA,NA,NA,NA,NA,NA,NA,NA,NA,NA
417.159,2.7026,49.7485,1.5472,53.4909,NA,NA,NA,NA,NA,NA,NA,NA,NA,NA,NA,NA
417.259,2.7026,49.7485,1.5469,53.4568,NA,NA,NA,NA,NA,NA,NA,NA,NA,NA,NA,NA
417.350,2.6808,48.5400,1.5466,53.4336,NA,NA,NA,NA,NA,NA,NA,NA,NA,NA,NA,NA
417.454,2.6788,48.4277,1.5441,53.1815,NA,NA,NA,NA,NA,NA,NA,NA,NA,NA,NA,NA
417.547,2.6788,48.4252,1.5431,53.0813,NA,NA,NA,NA,NA,NA,NA,NA,NA,NA,NA,NA
417.643,2.6775,48.3528,1.5428,53.0499,NA,NA,NA,NA,NA,NA,NA,NA,NA,NA,NA,NA
417.764,2.6775,48.3528,1.5412,52.8971,NA,NA,NA,NA,NA,NA,NA,NA,NA,NA,NA,NA
417.842,2.6675,47.8024,1.5407,52.8462,NA,NA,NA,NA,NA,NA,NA,NA,NA,NA,NA,NA
417.936,2.6643,47.6220,1.5392,52.6926,NA,NA,NA,NA,NA,NA,NA,NA,NA,NA,NA,NA
418.045,2.6643,47.6220,1.5391,52.6867,NA,NA,NA,NA,NA,NA,NA,NA,NA,NA,NA,NA
418.137,2.6599,47.3784,1.5395,52.7233,NA,NA,NA,NA,NA,NA,NA,NA,NA,NA,NA,NA
418.239,2.6600,47.3864,1.5395,52.7233,NA,NA,NA,NA,NA,NA,NA,NA,NA,NA,NA,NA
418.346,2.6600,47.3864,1.5368,52.4547,NA,NA,NA,NA,NA,NA,NA,NA,NA,NA,NA,NA
418.435,2.6583,47.2912,1.5336,52.1440,NA,NA,NA,NA,NA,NA,NA,NA,NA,NA,NA,NA
418.525,2.6583,47.2912,1.5329,52.0728,NA,NA,NA,NA,NA,NA,NA,NA,NA,NA,NA,NA
418.628,2.6512,46.8998,1.5318,51.9560,NA,NA,NA,NA,NA,NA,NA,NA,NA,NA,NA,NA
418.728,2.6499,46.8250,1.5312,51.9014,NA,NA,NA,NA,NA,NA,NA,NA,NA,NA,NA,NA
418.820,2.6512,46.9009,1.5307,51.8557,NA,NA,NA,NA,NA,NA,NA,NA,NA,NA,NA,NA
418.921,2.6523,46.9578,1.5300,51.7800,NA,NA,NA,NA,NA,NA,NA,NA,NA,NA,NA,NA
419.045,2.6523,46.9578,1.5283,51.6155,NA,NA,NA,NA,NA,NA,NA,NA,NA,NA,NA,NA
419.113,2.6541,47.0584,1.5278,51.5613,NA,NA,NA,NA,NA,NA,NA,NA,NA,NA,NA,NA
419.210,2.6541,47.0584,1.5269,51.4729,NA,NA,NA,NA,NA,NA,NA,NA,NA,NA,NA,NA
419.311,2.6453,46.5722,1.5263,51.4140,NA,NA,NA,NA,NA,NA,NA,NA,NA,NA,NA,NA
419.409,2.6420,46.3894,1.5260,51.3870,NA,NA,NA,NA,NA,NA,NA,NA,NA,NA,NA,NA
419.542,2.6402,46.2914,1.5260,51.3870,NA,NA,NA,NA,NA,NA,NA,NA,NA,NA,NA,NA
419.609,2.6380,46.1643,1.5235,51.1404,NA,NA,NA,NA,NA,NA,NA,NA,NA,NA,NA,NA
419.706,2.6364,46.0762,1.5217,50.9621,NA,NA,NA,NA,NA,NA,NA,NA,NA,NA,NA,NA
419.797,2.6354,46.0234,1.5208,50.8744,NA,NA,NA,NA,NA,NA,NA,NA,NA,NA,NA,NA
419.899,2.6354,46.0234,1.5192,50.7079,NA,NA,NA,NA,NA,NA,NA,NA,NA,NA,NA,NA
419.995,2.6333,45.9068,1.5181,50.6049,NA,NA,NA,NA,NA,NA,NA,NA,NA,NA,NA,NA
420.146,2.6333,45.9068,1.5175,50.5422,NA,NA,NA,NA,NA,NA,NA,NA,NA,NA,NA,NA
420.189,2.6303,45.7383,1.5169,50.4871,NA,NA,NA,NA,NA,NA,NA,NA,NA,NA,NA,NA
420.295,2.6244,45.4124,1.5171,50.5035,NA,NA,NA,NA,NA,NA,NA,NA,NA,NA,NA,NA
420.391,2.6222,45.2888,1.5171,50.5035,NA,NA,NA,NA,NA,NA,NA,NA,NA,NA,NA,NA
420.488,2.6151,44.8991,1.5168,50.4739,NA,NA,NA,NA,NA,NA,NA,NA,NA,NA,NA,NA
420.585,2.6149,44.8844,1.5137,50.1608,NA,NA,NA,NA,NA,NA,NA,NA,NA,NA,NA,NA
420.712,2.6136,44.8175,1.5135,50.1435,NA,NA,NA,NA,NA,NA,NA,NA,NA,NA,NA,NA
420.777,2.6136,44.8175,1.5122,50.0154,NA,NA,NA,NA,NA,NA,NA,NA,NA,NA,NA,NA
420.881,2.6037,44.2651,1.5100,49.8011,NA,NA,NA,NA,NA,NA,NA,NA,NA,NA,NA,NA
420.979,2.5980,43.9509,1.5100,49.8011,NA,NA,NA,NA,NA,NA,NA,NA,NA,NA,NA,NA
421.074,2.5966,43.8729,1.5088,49.6831,NA,NA,NA,NA,NA,NA,NA,NA,NA,NA,NA,NA
421.169,2.6070,44.4496,1.5088,49.6831,NA,NA,NA,NA,NA,NA,NA,NA,NA,NA,NA,NA
421.310,2.6070,44.4496,1.5080,49.5966,NA,NA,NA,NA,NA,NA,NA,NA,NA,NA,NA,NA
421.367,2.6057,44.3773,1.5073,49.5317,NA,NA,NA,NA,NA,NA,NA,NA,NA,NA,NA,NA
421.461,2.6042,44.2927,1.5065,49.4481,NA,NA,NA,NA,NA,NA,NA,NA,NA,NA,NA,NA
421.563,2.6026,44.2081,1.5063,49.4331,NA,NA,NA,NA,NA,NA,NA,NA,NA,NA,NA,NA
421.659,2.6026,44.2081,1.5063,49.4308,NA,NA,NA,NA,NA,NA,NA,NA,NA,NA,NA,NA
421.757,2.5897,43.4910,1.5060,49.4014,NA,NA,NA,NA,NA,NA,NA,NA,NA,NA,NA,NA
421.880,2.5889,43.4445,1.5042,49.2261,NA,NA,NA,NA,NA,NA,NA,NA,NA,NA,NA,NA
421.961,2.5882,43.4083,1.5034,49.1429,NA,NA,NA,NA,NA,NA,NA,NA,NA,NA,NA,NA
422.052,2.5871,43.3492,1.5024,49.0486,NA,NA,NA,NA,NA,NA,NA,NA,NA,NA,NA,NA
422.145,2.5861,43.2920,1.5034,49.1464,NA,NA,NA,NA,NA,NA,NA,NA,NA,NA,NA,NA
422.257,2.5840,43.1724,1.5034,49.1464,NA,NA,NA,NA,NA,NA,NA,NA,NA,NA,NA,NA
422.349,2.5840,43.1724,1.5024,49.0464,NA,NA,NA,NA,NA,NA,NA,NA,NA,NA,NA,NA
422.445,2.5807,42.9917,1.5024,49.0479,NA,NA,NA,NA,NA,NA,NA,NA,NA,NA,NA,NA
422.552,2.5807,42.9917,1.5024,49.0479,NA,NA,NA,NA,NA,NA,NA,NA,NA,NA,NA,NA
422.645,2.5771,42.7944,1.5021,49.0181,NA,NA,NA,NA,NA,NA,NA,NA,NA,NA,NA,NA
422.735,2.5771,42.7944,1.5007,48.8741,NA,NA,NA,NA,NA,NA,NA,NA,NA,NA,NA,NA
422.838,2.5766,42.7657,1.4984,48.6481,NA,NA,NA,NA,NA,NA,NA,NA,NA,NA,NA,NA
422.933,2.5734,42.5897,1.4980,48.6033,NA,NA,NA,NA,NA,NA,NA,NA,NA,NA,NA,NA
423.031,2.5734,42.5897,1.4973,48.5416,NA,NA,NA,NA,NA,NA,NA,NA,NA,NA,NA,NA
423.131,2.5689,42.3380,1.4965,48.4584,NA,NA,NA,NA,NA,NA,NA,NA,NA,NA,NA,NA
423.229,2.5683,42.3051,1.4965,48.4584,NA,NA,NA,NA,NA,NA,NA,NA,NA,NA,NA,NA
423.322,2.5517,41.3854,1.4946,48.2726,NA,NA,NA,NA,NA,NA,NA,NA,NA,NA,NA,NA
423.419,2.5486,41.2140,1.4946,48.2726,NA,NA,NA,NA,NA,NA,NA,NA,NA,NA,NA,NA
423.522,2.5486,41.2140,1.4935,48.1647,NA,NA,NA,NA,NA,NA,NA,NA,NA,NA,NA,NA
423.619,2.5523,41.4195,1.4914,47.9576,NA,NA,NA,NA,NA,NA,NA,NA,NA,NA,NA,NA
423.719,2.5523,41.4195,1.4904,47.8526,NA,NA,NA,NA,NA,NA,NA,NA,NA,NA,NA,NA
423.813,2.5534,41.4796,1.4892,47.7335,NA,NA,NA,NA,NA,NA,NA,NA,NA,NA,NA,NA
423.913,2.5534,41.4796,1.4870,47.5209,NA,NA,NA,NA,NA,NA,NA,NA,NA,NA,NA,NA
424.009,2.5455,41.0433,1.4858,47.3999,NA,NA,NA,NA,NA,NA,NA,NA,NA,NA,NA,NA
424.108,2.5430,40.9047,1.4852,47.3342,NA,NA,NA,NA,NA,NA,NA,NA,NA,NA,NA,NA
424.200,2.5390,40.6801,1.4845,47.2678,NA,NA,NA,NA,NA,NA,NA,NA,NA,NA,NA,NA
424.346,2.5370,40.5712,1.4829,47.1145,NA,NA,NA,NA,NA,NA,NA,NA,NA,NA,NA,NA
424.400,2.5375,40.5966,1.4820,47.0248,NA,NA,NA,NA,NA,NA,NA,NA,NA,NA,NA,NA
424.501,2.5375,40.5966,1.4818,46.9999,NA,NA,NA,NA,NA,NA,NA,NA,NA,NA,NA,NA
424.597,2.5338,40.3940,1.4796,46.7840,NA,NA,NA,NA,NA,NA,NA,NA,NA,NA,NA,NA
424.699,2.5361,40.5182,1.4777,46.5901,NA,NA,NA,NA,NA,NA,NA,NA,NA,NA,NA,NA
424.850,2.5361,40.5182,1.4772,46.5450,NA,NA,NA,NA,NA,NA,NA,NA,NA,NA,NA,NA
424.893,2.5317,40.2774,1.4770,46.5247,NA,NA,NA,NA,NA,NA,NA,NA,NA,NA,NA,NA
424.993,2.5317,40.2774,1.4747,46.2942,NA,NA,NA,NA,NA,NA,NA,NA,NA,NA,NA,NA
425.093,2.5291,40.1355,1.4731,46.1355,NA,NA,NA,NA,NA,NA,NA,NA,NA,NA,NA,NA
425.182,2.5377,40.6081,1.4814,46.9580,NA,NA,NA,NA,NA,NA,NA,NA,NA,NA,NA,NA
425.283,2.5674,42.2575,1.4900,47.8105,NA,NA,NA,NA,NA,NA,NA,NA,NA,NA,NA,NA
425.379,2.5836,43.1521,1.4976,48.5679,NA,NA,NA,NA,NA,NA,NA,NA,NA,NA,NA,NA
425.503,2.6070,44.4472,1.5068,49.4772,NA,NA,NA,NA,NA,NA,NA,NA,NA,NA,NA,NA
425.577,2.6353,46.0184,1.5125,50.0505,NA,NA,NA,NA,NA,NA,NA,NA,NA,NA,NA,NA
425.682,2.6566,47.1998,1.5204,50.8286,NA,NA,NA,NA,NA,NA,NA,NA,NA,NA,NA,NA
425.779,2.6886,48.9731,1.5248,51.2651,NA,NA,NA,NA,NA,NA,NA,NA,NA,NA,NA,NA
425.877,2.6923,49.1750,1.5352,52.2955,NA,NA,NA,NA,NA,NA,NA,NA,NA,NA,NA,NA
425.964,2.7197,50.6948,1.5410,52.8756,NA,NA,NA,NA,NA,NA,NA,NA,NA,NA,NA,NA
426.080,2.7334,51.4524,1.5459,53.3555,NA,NA,NA,NA,NA,NA,NA,NA,NA,NA,NA,NA
426.165,2.7425,51.9585,1.5534,54.0998,NA,NA,NA,NA,NA,NA,NA,NA,NA,NA,NA,NA
426.263,2.7686,53.4041,1.5618,54.9351,NA,NA,NA,NA,NA,NA,NA,NA,NA,NA,NA,NA
426.368,2.7864,54.3899,1.5688,55.6351,NA,NA,NA,NA,NA,NA,NA,NA,NA,NA,NA,NA
426.456,2.7951,54.8732,1.5782,56.5598,NA,NA,NA,NA,NA,NA,NA,NA,NA,NA,NA,NA
426.554,2.8117,55.7891,1.5850,57.2390,NA,NA,NA,NA,NA,NA,NA,NA,NA,NA,NA,NA
426.654,2.8295,56.7784,1.5920,57.9340,NA,NA,NA,NA,NA,NA,NA,NA,NA,NA,NA,NA
426.766,2.8345,57.0545,1.5957,58.2983,NA,NA,NA,NA,NA,NA,NA,NA,NA,NA,NA,NA
426.859,2.8440,57.5818,1.6025,58.9732,NA,NA,NA,NA,NA,NA,NA,NA,NA,NA,NA,NA
426.948,2.8718,59.1198,1.6065,59.3758,NA,NA,NA,NA,NA,NA,NA,NA,NA,NA,NA,NA
427.044,2.8812,59.6409,1.6088,59.6016,NA,NA,NA,NA,NA,NA,NA,NA,NA,NA,NA,NA
427.147,2.8919,60.2331,1.6152,60.2393,NA,NA,NA,NA,NA,NA,NA,NA,NA,NA,NA,NA
427.270,2.9008,60.7301,1.6217,60.8780,NA,NA,NA,NA,NA,NA,NA,NA,NA,NA,NA,NA
427.339,2.9311,62.4069,1.6284,61.5447,NA,NA,NA,NA,NA,NA,NA,NA,NA,NA,NA,NA
427.434,2.9311,62.4069,1.6331,62.0081,NA,NA,NA,NA,NA,NA,NA,NA,NA,NA,NA,NA
427.533,2.9316,62.4369,1.6379,62.4863,NA,NA,NA,NA,NA,NA,NA,NA,NA,NA,NA,NA
427.633,2.9316,62.4369,1.6406,62.7550,NA,NA,NA,NA,NA,NA,NA,NA,NA,NA,NA,NA
427.740,2.9311,62.4094,1.6406,62.7550,NA,NA,NA,NA,NA,NA,NA,NA,NA,NA,NA,NA
427.826,2.9372,62.7449,1.6399,62.6804,NA,NA,NA,NA,NA,NA,NA,NA,NA,NA,NA,NA
427.936,2.9372,62.7449,1.6399,62.6804,NA,NA,NA,NA,NA,NA,NA,NA,NA,NA,NA,NA
428.019,2.9246,62.0476,1.6382,62.5185,NA,NA,NA,NA,NA,NA,NA,NA,NA,NA,NA,NA
428.121,2.9116,61.3265,1.6331,62.0141,NA,NA,NA,NA,NA,NA,NA,NA,NA,NA,NA,NA
428.223,2.9033,60.8681,1.6301,61.7088,NA,NA,NA,NA,NA,NA,NA,NA,NA,NA,NA,NA
428.330,2.8815,59.6588,1.6269,61.3976,NA,NA,NA,NA,NA,NA,NA,NA,NA,NA,NA,NA
428.420,2.8615,58.5511,1.6231,61.0145,NA,NA,NA,NA,NA,NA,NA,NA,NA,NA,NA,NA
428.531,2.8502,57.9269,1.6186,60.5716,NA,NA,NA,NA,NA,NA,NA,NA,NA,NA,NA,NA
428.611,2.8448,57.6230,1.6124,59.9545,NA,NA,NA,NA,NA,NA,NA,NA,NA,NA,NA,NA
428.707,2.8334,56.9944,1.6081,59.5264,NA,NA,NA,NA,NA,NA,NA,NA,NA,NA,NA,NA
428.801,2.8257,56.5669,1.6020,58.9259,NA,NA,NA,NA,NA,NA,NA,NA,NA,NA,NA,NA
428.911,2.8092,55.6533,1.5986,58.5854,NA,NA,NA,NA,NA,NA,NA,NA,NA,NA,NA,NA
429.000,2.8034,55.3313,1.5934,58.0705,NA,NA,NA,NA,NA,NA,NA,NA,NA,NA,NA,NA
429.105,2.7854,54.3341,1.5894,57.6766,NA,NA,NA,NA,NA,NA,NA,NA,NA,NA,NA,NA
429.202,2.7845,54.2859,1.5872,57.4534,NA,NA,NA,NA,NA,NA,NA,NA,NA,NA,NA,NA
429.298,2.7710,53.5363,1.5859,57.3287,NA,NA,NA,NA,NA,NA,NA,NA,NA,NA,NA,NA
429.395,2.7660,53.2614,1.5823,56.9700,NA,NA,NA,NA,NA,NA,NA,NA,NA,NA,NA,NA
429.493,2.7660,53.2614,1.5790,56.6427,NA,NA,NA,NA,NA,NA,NA,NA,NA,NA,NA,NA
429.589,2.7596,52.9043,1.5771,56.4529,NA,NA,NA,NA,NA,NA,NA,NA,NA,NA,NA,NA
429.728,2.7579,52.8090,1.5744,56.1834,NA,NA,NA,NA,NA,NA,NA,NA,NA,NA,NA,NA
429.787,2.7489,52.3142,1.5707,55.8169,NA,NA,NA,NA,NA,NA,NA,NA,NA,NA,NA,NA
429.889,2.7434,52.0093,1.5660,55.3578,NA,NA,NA,NA,NA,NA,NA,NA,NA,NA,NA,NA
429.987,2.7351,51.5466,1.5639,55.1447,NA,NA,NA,NA,NA,NA,NA,NA,NA,NA,NA,NA
430.079,2.7326,51.4095,1.5618,54.9382,NA,NA,NA,NA,NA,NA,NA,NA,NA,NA,NA,NA
430.183,2.7320,51.3741,1.5594,54.6999,NA,NA,NA,NA,NA,NA,NA,NA,NA,NA,NA,NA
430.281,2.7167,50.5255,1.5559,54.3561,NA,NA,NA,NA,NA,NA,NA,NA,NA,NA,NA,NA
430.371,2.7167,50.5255,1.5543,54.1941,NA,NA,NA,NA,NA,NA,NA,NA,NA,NA,NA,NA
430.472,2.7124,50.2897,1.5535,54.1124,NA,NA,NA,NA,NA,NA,NA,NA,NA,NA,NA,NA
430.579,2.7124,50.2897,1.5499,53.7578,NA,NA,NA,NA,NA,NA,NA,NA,NA,NA,NA,NA
430.665,2.7028,49.7583,1.5476,53.5312,NA,NA,NA,NA,NA,NA,NA,NA,NA,NA,NA,NA
430.765,2.6943,49.2846,1.5465,53.4150,NA,NA,NA,NA,NA,NA,NA,NA,NA,NA,NA,NA
430.897,2.6894,49.0165,1.5415,52.9235,NA,NA,NA,NA,NA,NA,NA,NA,NA,NA,NA,NA
430.957,2.6841,48.7186,1.5392,52.6962,NA,NA,NA,NA,NA,NA,NA,NA,NA,NA,NA,NA
431.067,2.6831,48.6673,1.5371,52.4845,NA,NA,NA,NA,NA,NA,NA,NA,NA,NA,NA,NA
431.162,2.6723,48.0686,1.5343,52.2084,NA,NA,NA,NA,NA,NA,NA,NA,NA,NA,NA,NA
431.252,2.6723,48.0686,1.5329,52.0715,NA,NA,NA,NA,NA,NA,NA,NA,NA,NA,NA,NA
431.356,2.6654,47.6840,1.5306,51.8432,NA,NA,NA,NA,NA,NA,NA,NA,NA,NA,NA,NA
431.451,2.6616,47.4723,1.5292,51.7050,NA,NA,NA,NA,NA,NA,NA,NA,NA,NA,NA,NA
431.549,2.6593,47.3462,1.5291,51.6924,NA,NA,NA,NA,NA,NA,NA,NA,NA,NA,NA,NA
431.646,2.6579,47.2702,1.5281,51.5927,NA,NA,NA,NA,NA,NA,NA,NA,NA,NA,NA,NA
431.743,2.6522,46.9540,1.5275,51.5304,NA,NA,NA,NA,NA,NA,NA,NA,NA,NA,NA,NA
431.850,2.6606,47.4194,1.5293,51.7158,NA,NA,NA,NA,NA,NA,NA,NA,NA,NA,NA,NA
431.937,2.6774,48.3522,1.5357,52.3475,NA,NA,NA,NA,NA,NA,NA,NA,NA,NA,NA,NA
432.089,2.7040,49.8254,1.5427,53.0438,NA,NA,NA,NA,NA,NA,NA,NA,NA,NA,NA,NA
432.139,2.7155,50.4617,1.5531,54.0730,NA,NA,NA,NA,NA,NA,NA,NA,NA,NA,NA,NA
432.235,2.7621,53.0438,1.5619,54.9476,NA,NA,NA,NA,NA,NA,NA,NA,NA,NA,NA,NA
432.335,2.7737,53.6840,1.5699,55.7406,NA,NA,NA,NA,NA,NA,NA,NA,NA,NA,NA,NA
432.427,2.8037,55.3471,1.5749,56.2375,NA,NA,NA,NA,NA,NA,NA,NA,NA,NA,NA,NA
432.532,2.8146,55.9540,1.5804,56.7811,NA,NA,NA,NA,NA,NA,NA,NA,NA,NA,NA,NA
432.625,2.8146,55.9540,1.5849,57.2254,NA,NA,NA,NA,NA,NA,NA,NA,NA,NA,NA,NA
432.727,2.8129,55.8556,1.5873,57.4707,NA,NA,NA,NA,NA,NA,NA,NA,NA,NA,NA,NA
432.822,2.8118,55.7974,1.5877,57.5107,NA,NA,NA,NA,NA,NA,NA,NA,NA,NA,NA,NA
432.919,2.8112,55.7623,1.5877,57.5107,NA,NA,NA,NA,NA,NA,NA,NA,NA,NA,NA,NA
433.024,2.8112,55.7623,1.5845,57.1865,NA,NA,NA,NA,NA,NA,NA,NA,NA,NA,NA,NA
433.129,2.7900,54.5871,1.5828,57.0201,NA,NA,NA,NA,NA,NA,NA,NA,NA,NA,NA,NA
433.263,2.7836,54.2315,1.5827,57.0106,NA,NA,NA,NA,NA,NA,NA,NA,NA,NA,NA,NA
433.318,2.7782,53.9360,1.5787,56.6100,NA,NA,NA,NA,NA,NA,NA,NA,NA,NA,NA,NA
433.412,2.7704,53.5056,1.5764,56.3812,NA,NA,NA,NA,NA,NA,NA,NA,NA,NA,NA,NA
433.507,2.7460,52.1533,1.5713,55.8840,NA,NA,NA,NA,NA,NA,NA,NA,NA,NA,NA,NA
433.611,2.7374,51.6723,1.5668,55.4309,NA,NA,NA,NA,NA,NA,NA,NA,NA,NA,NA,NA
433.713,2.7320,51.3763,1.5619,54.9469,NA,NA,NA,NA,NA,NA,NA,NA,NA,NA,NA,NA
433.804,2.7153,50.4510,1.5595,54.7041,NA,NA,NA,NA,NA,NA,NA,NA,NA,NA,NA,NA
433.929,2.7153,50.4510,1.5505,53.8182,NA,NA,NA,NA,NA,NA,NA,NA,NA,NA,NA,NA
433.996,2.7005,49.6320,1.5502,53.7853,NA,NA,NA,NA,NA,NA,NA,NA,NA,NA,NA,NA
434.091,2.7005,49.6320,1.5474,53.5061,NA,NA,NA,NA,NA,NA,NA,NA,NA,NA,NA,NA
434.206,2.6895,49.0202,1.5455,53.3244,NA,NA,NA,NA,NA,NA,NA,NA,NA,NA,NA,NA
434.299,2.6822,48.6133,1.5427,53.0439,NA,NA,NA,NA,NA,NA,NA,NA,NA,NA,NA,NA
434.409,2.6683,47.8459,1.5403,52.8012,NA,NA,NA,NA,NA,NA,NA,NA,NA,NA,NA,NA
434.490,2.6680,47.8306,1.5398,52.7496,NA,NA,NA,NA,NA,NA,NA,NA,NA,NA,NA,NA
434.584,2.6679,47.8219,1.5364,52.4204,NA,NA,NA,NA,NA,NA,NA,NA,NA,NA,NA,NA
434.678,2.6628,47.5391,1.5347,52.2524,NA,NA,NA,NA,NA,NA,NA,NA,NA,NA,NA,NA
434.780,2.6625,47.5243,1.5328,52.0571,NA,NA,NA,NA,NA,NA,NA,NA,NA,NA,NA,NA
434.878,2.6552,47.1193,1.5314,51.9247,NA,NA,NA,NA,NA,NA,NA,NA,NA,NA,NA,NA
434.973,2.6517,46.9234,1.5304,51.8234,NA,NA,NA,NA,NA,NA,NA,NA,NA,NA,NA,NA
435.110,2.6491,46.7833,1.5286,51.6407,NA,NA,NA,NA,NA,NA,NA,NA,NA,NA,NA,NA
435.179,2.6475,46.6947,1.5286,51.6407,NA,NA,NA,NA,NA,NA,NA,NA,NA,NA,NA,NA
435.285,2.6449,46.5502,1.5237,51.1591,NA,NA,NA,NA,NA,NA,NA,NA,NA,NA,NA,NA
435.365,2.6457,46.5925,1.5233,51.1142,NA,NA,NA,NA,NA,NA,NA,NA,NA,NA,NA,NA
435.463,2.6457,46.5925,1.5204,50.8279,NA,NA,NA,NA,NA,NA,NA,NA,NA,NA,NA,NA
435.565,2.6335,45.9165,1.5173,50.5242,NA,NA,NA,NA,NA,NA,NA,NA,NA,NA,NA,NA
435.659,2.6319,45.8267,1.5167,50.4662,NA,NA,NA,NA,NA,NA,NA,NA,NA,NA,NA,NA
435.759,2.6195,45.1435,1.5163,50.4246,NA,NA,NA,NA,NA,NA,NA,NA,NA,NA,NA,NA
435.859,2.6111,44.6748,1.5157,50.3644,NA,NA,NA,NA,NA,NA,NA,NA,NA,NA,NA,NA
435.963,2.6083,44.5196,1.5123,50.0305,NA,NA,NA,NA,NA,NA,NA,NA,NA,NA,NA,NA
436.054,2.5947,43.7692,1.5095,49.7437,NA,NA,NA,NA,NA,NA,NA,NA,NA,NA,NA,NA
436.151,2.5947,43.7692,1.5088,49.6833,NA,NA,NA,NA,NA,NA,NA,NA,NA,NA,NA,NA
436.248,2.5951,43.7887,1.5088,49.6833,NA,NA,NA,NA,NA,NA,NA,NA,NA,NA,NA,NA
436.355,2.5951,43.7887,1.5077,49.5664,NA,NA,NA,NA,NA,NA,NA,NA,NA,NA,NA,NA
436.444,2.5938,43.7176,1.5058,49.3794,NA,NA,NA,NA,NA,NA,NA,NA,NA,NA,NA,NA
436.557,2.5856,43.2648,1.5051,49.3127,NA,NA,NA,NA,NA,NA,NA,NA,NA,NA,NA,NA
436.645,2.5852,43.2393,1.4998,48.7826,NA,NA,NA,NA,NA,NA,NA,NA,NA,NA,NA,NA
436.734,2.5847,43.2139,1.4991,48.7171,NA,NA,NA,NA,NA,NA,NA,NA,NA,NA,NA,NA
436.862,2.5874,43.3619,1.4992,48.7235,NA,NA,NA,NA,NA,NA,NA,NA,NA,NA,NA,NA
436.931,2.5879,43.3931,1.5014,48.9438,NA,NA,NA,NA,NA,NA,NA,NA,NA,NA,NA,NA
437.029,2.6053,44.3551,1.5039,49.1891,NA,NA,NA,NA,NA,NA,NA,NA,NA,NA,NA,NA
437.128,2.6248,45.4356,1.5094,49.7343,NA,NA,NA,NA,NA,NA,NA,NA,NA,NA,NA,NA
437.230,2.6473,46.6814,1.5214,50.9302,NA,NA,NA,NA,NA,NA,NA,NA,NA,NA,NA,NA
437.322,2.6702,47.9530,1.5257,51.3595,NA,NA,NA,NA,NA,NA,NA,NA,NA,NA,NA,NA
437.433,2.6798,48.4821,1.5359,52.3704,NA,NA,NA,NA,NA,NA,NA,NA,NA,NA,NA,NA
437.539,2.7333,51.4469,1.5435,53.1255,NA,NA,NA,NA,NA,NA,NA,NA,NA,NA,NA,NA
437.622,2.7432,51.9937,1.5516,53.9280,NA,NA,NA,NA,NA,NA,NA,NA,NA,NA,NA,NA
437.712,2.7576,52.7954,1.5577,54.5350,NA,NA,NA,NA,NA,NA,NA,NA,NA,NA,NA,NA
437.822,2.7703,53.4954,1.5621,54.9619,NA,NA,NA,NA,NA,NA,NA,NA,NA,NA,NA,NA
437.912,2.7818,54.1336,1.5685,55.6049,NA,NA,NA,NA,NA,NA,NA,NA,NA,NA,NA,NA
438.019,2.7933,54.7694,1.5768,56.4217,NA,NA,NA,NA,NA,NA,NA,NA,NA,NA,NA,NA
438.149,2.8057,55.4595,1.5837,57.1089,NA,NA,NA,NA,NA,NA,NA,NA,NA,NA,NA,NA
438.208,2.8277,56.6786,1.5887,57.6016,NA,NA,NA,NA,NA,NA,NA,NA,NA,NA,NA,NA
438.299,2.8350,57.0829,1.5941,58.1405,NA,NA,NA,NA,NA,NA,NA,NA,NA,NA,NA,NA
438.410,2.8519,58.0178,1.5991,58.6407,NA,NA,NA,NA,NA,NA,NA,NA,NA,NA,NA,NA
438.499,2.8591,58.4149,1.6021,58.9335,NA,NA,NA,NA,NA,NA,NA,NA,NA,NA,NA,NA
438.594,2.8607,58.5052,1.6087,59.5943,NA,NA,NA,NA,NA,NA,NA,NA,NA,NA,NA,NA
438.701,2.8740,59.2411,1.6123,59.9488,NA,NA,NA,NA,NA,NA,NA,NA,NA,NA,NA,NA
438.792,2.8796,59.5521,1.6145,60.1664,NA,NA,NA,NA,NA,NA,NA,NA,NA,NA,NA,NA
438.894,2.8937,60.3342,1.6197,60.6782,NA,NA,NA,NA,NA,NA,NA,NA,NA,NA,NA,NA
438.987,2.9006,60.7156,1.6223,60.9359,NA,NA,NA,NA,NA,NA,NA,NA,NA,NA,NA,NA
439.085,2.9224,61.9227,1.6266,61.3643,NA,NA,NA,NA,NA,NA,NA,NA,NA,NA,NA,NA
439.186,2.9231,61.9613,1.6283,61.5344,NA,NA,NA,NA,NA,NA,NA,NA,NA,NA,NA,NA
439.304,2.9252,62.0826,1.6292,61.6203,NA,NA,NA,NA,NA,NA,NA,NA,NA,NA,NA,NA
439.385,2.9252,62.0826,1.6311,61.8088,NA,NA,NA,NA,NA,NA,NA,NA,NA,NA,NA,NA
439.476,2.9236,61.9928,1.6315,61.8554,NA,NA,NA,NA,NA,NA,NA,NA,NA,NA,NA,NA
439.588,2.9232,61.9693,1.6315,61.8554,NA,NA,NA,NA,NA,NA,NA,NA,NA,NA,NA,NA
439.679,2.9232,61.9693,1.6301,61.7087,NA,NA,NA,NA,NA,NA,NA,NA,NA,NA,NA,NA
439.780,2.9090,61.1803,1.6293,61.6350,NA,NA,NA,NA,NA,NA,NA,NA,NA,NA,NA,NA
439.863,2.9077,61.1116,1.6232,61.0323,NA,NA,NA,NA,NA,NA,NA,NA,NA,NA,NA,NA
439.972,2.8909,60.1773,1.6226,60.9699,NA,NA,NA,NA,NA,NA,NA,NA,NA,NA,NA,NA
440.070,2.8647,58.7282,1.6222,60.9309,NA,NA,NA,NA,NA,NA,NA,NA,NA,NA,NA,NA
440.155,2.8573,58.3196,1.6166,60.3745,NA,NA,NA,NA,NA,NA,NA,NA,NA,NA,NA,NA
440.262,2.8502,57.9268,1.6137,60.0811,NA,NA,NA,NA,NA,NA,NA,NA,NA,NA,NA,NA
440.361,2.8473,57.7634,1.6123,59.9468,NA,NA,NA,NA,NA,NA,NA,NA,NA,NA,NA,NA
440.458,2.8391,57.3105,1.6075,59.4743,NA,NA,NA,NA,NA,NA,NA,NA,NA,NA,NA,NA
440.553,2.8391,57.3105,1.6041,59.1298,NA,NA,NA,NA,NA,NA,NA,NA,NA,NA,NA,NA
440.656,2.8173,56.1029,1.5995,58.6782,NA,NA,NA,NA,NA,NA,NA,NA,NA,NA,NA,NA
440.748,2.8173,56.1029,1.5973,58.4634,NA,NA,NA,NA,NA,NA,NA,NA,NA,NA,NA,NA
440.851,2.7947,54.8468,1.5922,57.9524,NA,NA,NA,NA,NA,NA,NA,NA,NA,NA,NA,NA
440.949,2.7920,54.6976,1.5881,57.5457,NA,NA,NA,NA,NA,NA,NA,NA,NA,NA,NA,NA
441.042,2.7930,54.7555,1.5862,57.3554,NA,NA,NA,NA,NA,NA,NA,NA,NA,NA,NA,NA
441.142,2.7930,54.7555,1.5847,57.2087,NA,NA,NA,NA,NA,NA,NA,NA,NA,NA,NA,NA
441.243,2.7802,54.0485,1.5817,56.9145,NA,NA,NA,NA,NA,NA,NA,NA,NA,NA,NA,NA
441.335,2.7759,53.8068,1.5811,56.8552,NA,NA,NA,NA,NA,NA,NA,NA,NA,NA,NA,NA
441.439,2.7683,53.3838,1.5786,56.5992,NA,NA,NA,NA,NA,NA,NA,NA,NA,NA,NA,NA
441.537,2.7611,52.9883,1.5775,56.4975,NA,NA,NA,NA,NA,NA,NA,NA,NA,NA,NA,NA
441.635,2.7611,52.9883,1.5757,56.3113,NA,NA,NA,NA,NA,NA,NA,NA,NA,NA,NA,NA
441.744,2.7586,52.8462,1.5741,56.1605,NA,NA,NA,NA,NA,NA,NA,NA,NA,NA,NA,NA
441.826,2.7586,52.8462,1.5731,56.0612,NA,NA,NA,NA,NA,NA,NA,NA,NA,NA,NA,NA
441.930,2.7530,52.5385,1.5725,56.0011,NA,NA,NA,NA,NA,NA,NA,NA,NA,NA,NA,NA
442.023,2.7522,52.4944,1.5721,55.9578,NA,NA,NA,NA,NA,NA,NA,NA,NA,NA,NA,NA
442.127,2.7466,52.1848,1.5688,55.6298,NA,NA,NA,NA,NA,NA,NA,NA,NA,NA,NA,NA
442.227,2.7440,52.0390,1.5675,55.5044,NA,NA,NA,NA,NA,NA,NA,NA,NA,NA,NA,NA
442.332,2.7440,52.0390,1.5671,55.4648,NA,NA,NA,NA,NA,NA,NA,NA,NA,NA,NA,NA
442.411,2.7413,51.8925,1.5660,55.3537,NA,NA,NA,NA,NA,NA,NA,NA,NA,NA,NA,NA
442.508,2.7393,51.7821,1.5656,55.3100,NA,NA,NA,NA,NA,NA,NA,NA,NA,NA,NA,NA
442.614,2.7300,51.2661,1.5644,55.1966,NA,NA,NA,NA,NA,NA,NA,NA,NA,NA,NA,NA
442.719,2.7300,51.2661,1.5609,54.8473,NA,NA,NA,NA,NA,NA,NA,NA,NA,NA,NA,NA
442.801,2.7015,49.6842,1.5591,54.6694,NA,NA,NA,NA,NA,NA,NA,NA,NA,NA,NA,NA
442.906,2.6973,49.4515,1.5586,54.6173,NA,NA,NA,NA,NA,NA,NA,NA,NA,NA,NA,NA
443.012,2.6963,49.3954,1.5567,54.4269,NA,NA,NA,NA,NA,NA,NA,NA,NA,NA,NA,NA
443.105,2.7020,49.7104,1.5539,54.1554,NA,NA,NA,NA,NA,NA,NA,NA,NA,NA,NA,NA
443.197,2.7020,49.7104,1.5539,54.1554,NA,NA,NA,NA,NA,NA,NA,NA,NA,NA,NA,NA
443.298,2.6944,49.2921,1.5517,53.9395,NA,NA,NA,NA,NA,NA,NA,NA,NA,NA,NA,NA
443.399,2.6895,49.0224,1.5501,53.7809,NA,NA,NA,NA,NA,NA,NA,NA,NA,NA,NA,NA
443.502,2.6866,48.8605,1.5501,53.7799,NA,NA,NA,NA,NA,NA,NA,NA,NA,NA,NA,NA
443.597,2.6866,48.8605,1.5501,53.7799,NA,NA,NA,NA,NA,NA,NA,NA,NA,NA,NA,NA
443.687,2.6797,48.4758,1.5498,53.7514,NA,NA,NA,NA,NA,NA,NA,NA,NA,NA,NA,NA
443.780,2.6836,48.6939,1.5498,53.7514,NA,NA,NA,NA,NA,NA,NA,NA,NA,NA,NA,NA
443.887,2.6836,48.6939,1.5489,53.6561,NA,NA,NA,NA,NA,NA,NA,NA,NA,NA,NA,NA
443.979,2.6808,48.5383,1.5467,53.4384,NA,NA,NA,NA,NA,NA,NA,NA,NA,NA,NA,NA
444.075,2.6769,48.3201,1.5449,53.2637,NA,NA,NA,NA,NA,NA,NA,NA,NA,NA,NA,NA
444.179,2.6726,48.0814,1.5447,53.2370,NA,NA,NA,NA,NA,NA,NA,NA,NA,NA,NA,NA
444.275,2.6709,47.9898,1.5422,52.9903,NA,NA,NA,NA,NA,NA,NA,NA,NA,NA,NA,NA
444.379,2.6643,47.6214,1.5422,52.9882,NA,NA,NA,NA,NA,NA,NA,NA,NA,NA,NA,NA
444.471,2.6643,47.6214,1.5421,52.9829,NA,NA,NA,NA,NA,NA,NA,NA,NA,NA,NA,NA
444.566,2.6562,47.1774,1.5406,52.8296,NA,NA,NA,NA,NA,NA,NA,NA,NA,NA,NA,NA
444.672,2.6495,46.8041,1.5399,52.7641,NA,NA,NA,NA,NA,NA,NA,NA,NA,NA,NA,NA
444.765,2.6495,46.8041,1.5386,52.6362,NA,NA,NA,NA,NA,NA,NA,NA,NA,NA,NA,NA
444.859,2.6509,46.8788,1.5380,52.5721,NA,NA,NA,NA,NA,NA,NA,NA,NA,NA,NA,NA
444.966,2.6509,46.8788,1.5355,52.3275,NA,NA,NA,NA,NA,NA,NA,NA,NA,NA,NA,NA
445.056,2.6384,46.1882,1.5350,52.2776,NA,NA,NA,NA,NA,NA,NA,NA,NA,NA,NA,NA
445.159,2.6362,46.0665,1.5331,52.0858,NA,NA,NA,NA,NA,NA,NA,NA,NA,NA,NA,NA
445.295,2.6219,45.2768,1.5315,51.9345,NA,NA,NA,NA,NA,NA,NA,NA,NA,NA,NA,NA
445.350,2.6208,45.2144,1.5304,51.8188,NA,NA,NA,NA,NA,NA,NA,NA,NA,NA,NA,NA
445.449,2.6208,45.2144,1.5290,51.6876,NA,NA,NA,NA,NA,NA,NA,NA,NA,NA,NA,NA
445.555,2.6124,44.7476,1.5269,51.4783,NA,NA,NA,NA,NA,NA,NA,NA,NA,NA,NA,NA
445.651,2.6124,44.7476,1.5244,51.2285,NA,NA,NA,NA,NA,NA,NA,NA,NA,NA,NA,NA
445.743,2.6333,45.9067,1.5244,51.2291,NA,NA,NA,NA,NA,NA,NA,NA,NA,NA,NA,NA
445.842,2.6423,46.4040,1.5288,51.6661,NA,NA,NA,NA,NA,NA,NA,NA,NA,NA,NA,NA
445.956,2.6621,47.4995,1.5370,52.4784,NA,NA,NA,NA,NA,NA,NA,NA,NA,NA,NA,NA
446.034,2.7021,49.7170,1.5464,53.4079,NA,NA,NA,NA,NA,NA,NA,NA,NA,NA,NA,NA
446.145,2.7171,50.5507,1.5542,54.1854,NA,NA,NA,NA,NA,NA,NA,NA,NA,NA,NA,NA
446.240,2.7486,52.2941,1.5660,55.3502,NA,NA,NA,NA,NA,NA,NA,NA,NA,NA,NA,NA
446.328,2.7709,53.5298,1.5738,56.1305,NA,NA,NA,NA,NA,NA,NA,NA,NA,NA,NA,NA
446.463,2.7970,54.9758,1.5822,56.9594,NA,NA,NA,NA,NA,NA,NA,NA,NA,NA,NA,NA
446.529,2.8096,55.6772,1.5918,57.9160,NA,NA,NA,NA,NA,NA,NA,NA,NA,NA,NA,NA
446.623,2.8278,56.6823,1.6048,59.2014,NA,NA,NA,NA,NA,NA,NA,NA,NA,NA,NA,NA
446.722,2.8460,57.6911,1.6161,60.3220,NA,NA,NA,NA,NA,NA,NA,NA,NA,NA,NA,NA
446.829,2.8626,58.6139,1.6247,61.1731,NA,NA,NA,NA,NA,NA,NA,NA,NA,NA,NA,NA
446.921,2.9051,60.9670,1.6313,61.8287,NA,NA,NA,NA,NA,NA,NA,NA,NA,NA,NA,NA
447.052,2.9166,61.6019,1.6383,62.5253,NA,NA,NA,NA,NA,NA,NA,NA,NA,NA,NA,NA
447.112,2.9249,62.0636,1.6420,62.8963,NA,NA,NA,NA,NA,NA,NA,NA,NA,NA,NA,NA
447.213,2.9267,62.1649,1.6498,63.6713,NA,NA,NA,NA,NA,NA,NA,NA,NA,NA,NA,NA
447.306,2.9313,62.4185,1.6538,64.0673,NA,NA,NA,NA,NA,NA,NA,NA,NA,NA,NA,NA
447.417,2.9313,62.4185,1.6573,64.4073,NA,NA,NA,NA,NA,NA,NA,NA,NA,NA,NA,NA
447.506,2.9299,62.3428,1.6597,64.6493,NA,NA,NA,NA,NA,NA,NA,NA,NA,NA,NA,NA
447.601,2.9358,62.6687,1.6597,64.6493,NA,NA,NA,NA,NA,NA,NA,NA,NA,NA,NA,NA
447.702,2.9369,62.7269,1.6596,64.6398,NA,NA,NA,NA,NA,NA,NA,NA,NA,NA,NA,NA
447.796,2.9393,62.8590,1.6591,64.5917,NA,NA,NA,NA,NA,NA,NA,NA,NA,NA,NA,NA
447.902,2.9393,62.8590,1.6575,64.4275,NA,NA,NA,NA,NA,NA,NA,NA,NA,NA,NA,NA
447.999,2.9226,61.9337,1.6540,64.0808,NA,NA,NA,NA,NA,NA,NA,NA,NA,NA,NA,NA
448.091,2.9094,61.2043,1.6513,63.8128,NA,NA,NA,NA,NA,NA,NA,NA,NA,NA,NA,NA
448.189,2.8686,58.9445,1.6464,63.3317,NA,NA,NA,NA,NA,NA,NA,NA,NA,NA,NA,NA
448.290,2.8582,58.3656,1.6415,62.8456,NA,NA,NA,NA,NA,NA,NA,NA,NA,NA,NA,NA
448.386,2.8438,57.5684,1.6334,62.0440,NA,NA,NA,NA,NA,NA,NA,NA,NA,NA,NA,NA
448.488,2.8345,57.0563,1.6294,61.6460,NA,NA,NA,NA,NA,NA,NA,NA,NA,NA,NA,NA
448.581,2.8304,56.8298,1.6238,61.0857,NA,NA,NA,NA,NA,NA,NA,NA,NA,NA,NA,NA
448.683,2.8106,55.7319,1.6197,60.6857,NA,NA,NA,NA,NA,NA,NA,NA,NA,NA,NA,NA
448.775,2.8052,55.4325,1.6151,60.2199,NA,NA,NA,NA,NA,NA,NA,NA,NA,NA,NA,NA
448.878,2.7918,54.6907,1.6115,59.8645,NA,NA,NA,NA,NA,NA,NA,NA,NA,NA,NA,NA
448.981,2.7829,54.1941,1.6067,59.3902,NA,NA,NA,NA,NA,NA,NA,NA,NA,NA,NA,NA
449.070,2.7813,54.1080,1.6053,59.2510,NA,NA,NA,NA,NA,NA,NA,NA,NA,NA,NA,NA
449.178,2.7813,54.1080,1.6019,58.9197,NA,NA,NA,NA,NA,NA,NA,NA,NA,NA,NA,NA
449.270,2.7686,53.4005,1.5968,58.4099,NA,NA,NA,NA,NA,NA,NA,NA,NA,NA,NA,NA
449.364,2.7669,53.3070,1.5947,58.1993,NA,NA,NA,NA,NA,NA,NA,NA,NA,NA,NA,NA
449.510,2.7492,52.3280,1.5913,57.8664,NA,NA,NA,NA,NA,NA,NA,NA,NA,NA,NA,NA
449.565,2.7432,51.9964,1.5886,57.5949,NA,NA,NA,NA,NA,NA,NA,NA,NA,NA,NA,NA
449.658,2.7360,51.5965,1.5863,57.3631,NA,NA,NA,NA,NA,NA,NA,NA,NA,NA,NA,NA
449.767,2.7415,51.9020,1.5855,57.2832,NA,NA,NA,NA,NA,NA,NA,NA,NA,NA,NA,NA
449.863,2.7415,51.9020,1.5833,57.0707,NA,NA,NA,NA,NA,NA,NA,NA,NA,NA,NA,NA
449.956,2.7331,51.4334,1.5814,56.8767,NA,NA,NA,NA,NA,NA,NA,NA,NA,NA,NA,NA
450.049,2.7307,51.3019,1.5782,56.5602,NA,NA,NA,NA,NA,NA,NA,NA,NA,NA,NA,NA
450.157,2.7224,50.8437,1.5760,56.3428,NA,NA,NA,NA,NA,NA,NA,NA,NA,NA,NA,NA
450.244,2.7190,50.6561,1.5751,56.2520,NA,NA,NA,NA,NA,NA,NA,NA,NA,NA,NA,NA
450.344,2.7098,50.1463,1.5723,55.9835,NA,NA,NA,NA,NA,NA,NA,NA,NA,NA,NA,NA
450.439,2.7073,50.0072,1.5717,55.9192,NA,NA,NA,NA,NA,NA,NA,NA,NA,NA,NA,NA
450.539,2.7066,49.9678,1.5691,55.6620,NA,NA,NA,NA,NA,NA,NA,NA,NA,NA,NA,NA
450.687,2.7080,50.0441,1.5685,55.6045,NA,NA,NA,NA,NA,NA,NA,NA,NA,NA,NA,NA
450.737,2.7080,50.0441,1.5668,55.4304,NA,NA,NA,NA,NA,NA,NA,NA,NA,NA,NA,NA
450.836,2.6956,49.3590,1.5644,55.1914,NA,NA,NA,NA,NA,NA,NA,NA,NA,NA,NA,NA
450.934,2.6940,49.2719,1.5619,54.9443,NA,NA,NA,NA,NA,NA,NA,NA,NA,NA,NA,NA
451.044,2.6856,48.8054,1.5604,54.8018,NA,NA,NA,NA,NA,NA,NA,NA,NA,NA,NA,NA
451.137,2.6856,48.8054,1.5571,54.4690,NA,NA,NA,NA,NA,NA,NA,NA,NA,NA,NA,NA
451.231,2.6807,48.5332,1.5553,54.2936,NA,NA,NA,NA,NA,NA,NA,NA,NA,NA,NA,NA
451.342,2.6744,48.1862,1.5545,54.2126,NA,NA,NA,NA,NA,NA,NA,NA,NA,NA,NA,NA
451.417,2.6744,48.1862,1.5528,54.0438,NA,NA,NA,NA,NA,NA,NA,NA,NA,NA,NA,NA
451.518,2.6709,47.9921,1.5524,54.0067,NA,NA,NA,NA,NA,NA,NA,NA,NA,NA,NA,NA
451.618,2.6709,47.9921,1.5511,53.8787,NA,NA,NA,NA,NA,NA,NA,NA,NA,NA,NA,NA
451.719,2.6559,47.1576,1.5503,53.7985,NA,NA,NA,NA,NA,NA,NA,NA,NA,NA,NA,NA
451.862,2.6553,47.1225,1.5480,53.5717,NA,NA,NA,NA,NA,NA,NA,NA,NA,NA,NA,NA
451.916,2.6389,46.2168,1.5467,53.4357,NA,NA,NA,NA,NA,NA,NA,NA,NA,NA,NA,NA
452.010,2.6452,46.5679,1.5461,53.3771,NA,NA,NA,NA,NA,NA,NA,NA,NA,NA,NA,NA
452.117,2.6452,46.5679,1.5451,53.2824,NA,NA,NA,NA,NA,NA,NA,NA,NA,NA,NA,NA
452.208,2.6512,46.8964,1.5432,53.0938,NA,NA,NA,NA,NA,NA,NA,NA,NA,NA,NA,NA
452.300,2.6512,46.8964,1.5425,53.0205,NA,NA,NA,NA,NA,NA,NA,NA,NA,NA,NA,NA
452.448,2.6459,46.6017,1.5410,52.8728,NA,NA,NA,NA,NA,NA,NA,NA,NA,NA,NA,NA
452.500,2.6459,46.6017,1.5403,52.8009,NA,NA,NA,NA,NA,NA,NA,NA,NA,NA,NA,NA
452.598,2.6325,45.8612,1.5376,52.5395,NA,NA,NA,NA,NA,NA,NA,NA,NA,NA,NA,NA
452.695,2.6305,45.7510,1.5357,52.3515,NA,NA,NA,NA,NA,NA,NA,NA,NA,NA,NA,NA
452.789,2.6305,45.7510,1.5339,52.1726,NA,NA,NA,NA,NA,NA,NA,NA,NA,NA,NA,NA
452.890,2.6359,46.0503,1.5339,52.1726,NA,NA,NA,NA,NA,NA,NA,NA,NA,NA,NA,NA
452.994,2.6359,46.0503,1.5332,52.1024,NA,NA,NA,NA,NA,NA,NA,NA,NA,NA,NA,NA
453.086,2.6320,45.8364,1.5317,51.9508,NA,NA,NA,NA,NA,NA,NA,NA,NA,NA,NA,NA
453.189,2.6320,45.8364,1.5310,51.8780,NA,NA,NA,NA,NA,NA,NA,NA,NA,NA,NA,NA
453.280,2.6194,45.1379,1.5305,51.8304,NA,NA,NA,NA,NA,NA,NA,NA,NA,NA,NA,NA
453.382,2.6181,45.0644,1.5298,51.7623,NA,NA,NA,NA,NA,NA,NA,NA,NA,NA,NA,NA
453.478,2.6116,44.7045,1.5280,51.5866,NA,NA,NA,NA,NA,NA,NA,NA,NA,NA,NA,NA
453.576,2.5942,43.7384,1.5264,51.4294,NA,NA,NA,NA,NA,NA,NA,NA,NA,NA,NA,NA
453.677,2.5898,43.4945,1.5246,51.2512,NA,NA,NA,NA,NA,NA,NA,NA,NA,NA,NA,NA
453.769,2.5952,43.7972,1.5236,51.1449,NA,NA,NA,NA,NA,NA,NA,NA,NA,NA,NA,NA
453.876,2.5952,43.7972,1.5222,51.0040,NA,NA,NA,NA,NA,NA,NA,NA,NA,NA,NA,NA
453.964,2.5856,43.2611,1.5204,50.8319,NA,NA,NA,NA,NA,NA,NA,NA,NA,NA,NA,NA
454.073,2.5820,43.0644,1.5204,50.8257,NA,NA,NA,NA,NA,NA,NA,NA,NA,NA,NA,NA
454.162,2.5913,43.5790,1.5188,50.6744,NA,NA,NA,NA,NA,NA,NA,NA,NA,NA,NA,NA
454.276,2.6165,44.9772,1.5223,51.0147,NA,NA,NA,NA,NA,NA,NA,NA,NA,NA,NA,NA
454.364,2.6476,46.6986,1.5316,51.9420,NA,NA,NA,NA,NA,NA,NA,NA,NA,NA,NA,NA
454.462,2.6847,48.7536,1.5397,52.7449,NA,NA,NA,NA,NA,NA,NA,NA,NA,NA,NA,NA
454.554,2.6966,49.4146,1.5465,53.4151,NA,NA,NA,NA,NA,NA,NA,NA,NA,NA,NA,NA
454.651,2.7372,51.6614,1.5522,53.9869,NA,NA,NA,NA,NA,NA,NA,NA,NA,NA,NA,NA
454.761,2.7507,52.4118,1.5635,55.1010,NA,NA,NA,NA,NA,NA,NA,NA,NA,NA,NA,NA
454.847,2.7693,53.4404,1.5719,55.9430,NA,NA,NA,NA,NA,NA,NA,NA,NA,NA,NA,NA
454.943,2.7932,54.7634,1.5788,56.6192,NA,NA,NA,NA,NA,NA,NA,NA,NA,NA,NA,NA
455.049,2.8120,55.8073,1.5908,57.8175,NA,NA,NA,NA,NA,NA,NA,NA,NA,NA,NA,NA
455.141,2.8419,57.4672,1.5966,58.3853,NA,NA,NA,NA,NA,NA,NA,NA,NA,NA,NA,NA
455.242,2.8544,58.1573,1.6026,58.9884,NA,NA,NA,NA,NA,NA,NA,NA,NA,NA,NA,NA
455.342,2.8811,59.6390,1.6087,59.5853,NA,NA,NA,NA,NA,NA,NA,NA,NA,NA,NA,NA
455.496,2.8904,60.1504,1.6132,60.0317,NA,NA,NA,NA,NA,NA,NA,NA,NA,NA,NA,NA
455.538,2.9196,61.7689,1.6231,61.0145,NA,NA,NA,NA,NA,NA,NA,NA,NA,NA,NA,NA
455.640,2.9307,62.3863,1.6295,61.6535,NA,NA,NA,NA,NA,NA,NA,NA,NA,NA,NA,NA
455.728,2.9626,64.1508,1.6349,62.1884,NA,NA,NA,NA,NA,NA,NA,NA,NA,NA,NA,NA
455.828,2.9626,64.1508,1.6430,62.9970,NA,NA,NA,NA,NA,NA,NA,NA,NA,NA,NA,NA
455.928,2.9926,65.8136,1.6481,63.5025,NA,NA,NA,NA,NA,NA,NA,NA,NA,NA,NA,NA
456.020,2.9926,65.8136,1.6498,63.6633,NA,NA,NA,NA,NA,NA,NA,NA,NA,NA,NA,NA
456.118,2.9910,65.7278,1.6498,63.6663,NA,NA,NA,NA,NA,NA,NA,NA,NA,NA,NA,NA
456.222,2.9874,65.5248,1.6498,63.6663,NA,NA,NA,NA,NA,NA,NA,NA,NA,NA,NA,NA
456.319,2.9813,65.1875,1.6478,63.4705,NA,NA,NA,NA,NA,NA,NA,NA,NA,NA,NA,NA
456.426,2.9768,64.9411,1.6478,63.4705,NA,NA,NA,NA,NA,NA,NA,NA,NA,NA,NA,NA
456.517,2.9759,64.8875,1.6442,63.1135,NA,NA,NA,NA,NA,NA,NA,NA,NA,NA,NA,NA
456.618,2.9537,63.6617,1.6428,62.9722,NA,NA,NA,NA,NA,NA,NA,NA,NA,NA,NA,NA
456.712,2.9470,63.2902,1.6399,62.6881,NA,NA,NA,NA,NA,NA,NA,NA,NA,NA,NA,NA
456.804,2.9054,60.9812,1.6374,62.4320,NA,NA,NA,NA,NA,NA,NA,NA,NA,NA,NA,NA
456.909,2.8845,59.8238,1.6342,62.1188,NA,NA,NA,NA,NA,NA,NA,NA,NA,NA,NA,NA
457.007,2.8674,58.8797,1.6300,61.7011,NA,NA,NA,NA,NA,NA,NA,NA,NA,NA,NA,NA
457.099,2.8576,58.3348,1.6249,61.1959,NA,NA,NA,NA,NA,NA,NA,NA,NA,NA,NA,NA
457.197,2.8468,57.7384,1.6211,60.8164,NA,NA,NA,NA,NA,NA,NA,NA,NA,NA,NA,NA
457.295,2.8373,57.2083,1.6174,60.4489,NA,NA,NA,NA,NA,NA,NA,NA,NA,NA,NA,NA
457.390,2.8325,56.9425,1.6138,60.0987,NA,NA,NA,NA,NA,NA,NA,NA,NA,NA,NA,NA
457.489,2.8144,55.9413,1.6111,59.8306,NA,NA,NA,NA,NA,NA,NA,NA,NA,NA,NA,NA
457.588,2.8016,55.2300,1.6068,59.4045,NA,NA,NA,NA,NA,NA,NA,NA,NA,NA,NA,NA
457.684,2.7963,54.9380,1.6034,59.0644,NA,NA,NA,NA,NA,NA,NA,NA,NA,NA,NA,NA
457.782,2.7937,54.7954,1.6006,58.7828,NA,NA,NA,NA,NA,NA,NA,NA,NA,NA,NA,NA
457.941,2.7896,54.5639,1.5974,58.4699,NA,NA,NA,NA,NA,NA,NA,NA,NA,NA,NA,NA
457.982,2.7796,54.0135,1.5922,57.9539,NA,NA,NA,NA,NA,NA,NA,NA,NA,NA,NA,NA
458.086,2.7737,53.6879,1.5892,57.6517,NA,NA,NA,NA,NA,NA,NA,NA,NA,NA,NA,NA
458.178,2.7730,53.6483,1.5866,57.4010,NA,NA,NA,NA,NA,NA,NA,NA,NA,NA,NA,NA
458.272,2.7730,53.6483,1.5838,57.1146,NA,NA,NA,NA,NA,NA,NA,NA,NA,NA,NA,NA
458.370,2.7582,52.8267,1.5787,56.6142,NA,NA,NA,NA,NA,NA,NA,NA,NA,NA,NA,NA
458.470,2.7441,52.0480,1.5771,56.4549,NA,NA,NA,NA,NA,NA,NA,NA,NA,NA,NA,NA
458.564,2.7434,52.0043,1.5750,56.2468,NA,NA,NA,NA,NA,NA,NA,NA,NA,NA,NA,NA
458.666,2.7368,51.6412,1.5726,56.0034,NA,NA,NA,NA,NA,NA,NA,NA,NA,NA,NA,NA
458.770,2.7339,51.4811,1.5715,55.8994,NA,NA,NA,NA,NA,NA,NA,NA,NA,NA,NA,NA
458.867,2.7279,51.1457,1.5694,55.6929,NA,NA,NA,NA,NA,NA,NA,NA,NA,NA,NA,NA
458.956,2.7279,51.1457,1.5677,55.5219,NA,NA,NA,NA,NA,NA,NA,NA,NA,NA,NA,NA
459.059,2.7171,50.5487,1.5665,55.4042,NA,NA,NA,NA,NA,NA,NA,NA,NA,NA,NA,NA
459.160,2.7161,50.4922,1.5653,55.2872,NA,NA,NA,NA,NA,NA,NA,NA,NA,NA,NA,NA
459.251,2.7089,50.0972,1.5597,54.7334,NA,NA,NA,NA,NA,NA,NA,NA,NA,NA,NA,NA
459.351,2.7090,50.1034,1.5583,54.5930,NA,NA,NA,NA,NA,NA,NA,NA,NA,NA,NA,NA
459.456,2.7090,50.1034,1.5568,54.4449,NA,NA,NA,NA,NA,NA,NA,NA,NA,NA,NA,NA
459.550,2.6926,49.1895,1.5562,54.3792,NA,NA,NA,NA,NA,NA,NA,NA,NA,NA,NA,NA
459.676,2.6912,49.1125,1.5512,53.8870,NA,NA,NA,NA,NA,NA,NA,NA,NA,NA,NA,NA
459.743,2.6784,48.4026,1.5505,53.8113,NA,NA,NA,NA,NA,NA,NA,NA,NA,NA,NA,NA
459.857,2.6784,48.4026,1.5490,53.6637,NA,NA,NA,NA,NA,NA,NA,NA,NA,NA,NA,NA
459.939,2.6668,47.7598,1.5444,53.2104,NA,NA,NA,NA,NA,NA,NA,NA,NA,NA,NA,NA
460.039,2.6713,48.0136,1.5430,53.0705,NA,NA,NA,NA,NA,NA,NA,NA,NA,NA,NA,NA
460.134,2.6761,48.2756,1.5436,53.1299,NA,NA,NA,NA,NA,NA,NA,NA,NA,NA,NA,NA
460.233,2.6901,49.0556,1.5471,53.4765,NA,NA,NA,NA,NA,NA,NA,NA,NA,NA,NA,NA
460.329,2.7040,49.8212,1.5557,54.3269,NA,NA,NA,NA,NA,NA,NA,NA,NA,NA,NA,NA
460.427,2.7420,51.9298,1.5637,55.1277,NA,NA,NA,NA,NA,NA,NA,NA,NA,NA,NA,NA
460.526,2.7651,53.2082,1.5690,55.6503,NA,NA,NA,NA,NA,NA,NA,NA,NA,NA,NA,NA
460.621,2.7836,54.2365,1.5760,56.3417,NA,NA,NA,NA,NA,NA,NA,NA,NA,NA,NA,NA
460.724,2.7913,54.6620,1.5782,56.5639,NA,NA,NA,NA,NA,NA,NA,NA,NA,NA,NA,NA
460.866,2.7977,55.0129,1.5808,56.8258,NA,NA,NA,NA,NA,NA,NA,NA,NA,NA,NA,NA
460.922,2.8005,55.1688,1.5823,56.9704,NA,NA,NA,NA,NA,NA,NA,NA,NA,NA,NA,NA
461.023,2.8037,55.3472,1.5833,57.0728,NA,NA,NA,NA,NA,NA,NA,NA,NA,NA,NA,NA
461.118,2.8037,55.3472,1.5833,57.0728,NA,NA,NA,NA,NA,NA,NA,NA,NA,NA,NA,NA
461.207,2.7919,54.6937,1.5811,56.8533,NA,NA,NA,NA,NA,NA,NA,NA,NA,NA,NA,NA
461.311,2.7749,53.7502,1.5800,56.7473,NA,NA,NA,NA,NA,NA,NA,NA,NA,NA,NA,NA
461.405,2.7740,53.7028,1.5787,56.6121,NA,NA,NA,NA,NA,NA,NA,NA,NA,NA,NA,NA
461.502,2.7575,52.7874,1.5753,56.2774,NA,NA,NA,NA,NA,NA,NA,NA,NA,NA,NA,NA
461.600,2.7546,52.6267,1.5719,55.9425,NA,NA,NA,NA,NA,NA,NA,NA,NA,NA,NA,NA
461.698,2.7420,51.9283,1.5699,55.7415,NA,NA,NA,NA,NA,NA,NA,NA,NA,NA,NA,NA
461.801,2.7391,51.7701,1.5660,55.3492,NA,NA,NA,NA,NA,NA,NA,NA,NA,NA,NA,NA
461.901,2.7189,50.6505,1.5638,55.1335,NA,NA,NA,NA,NA,NA,NA,NA,NA,NA,NA,NA
462.046,2.7121,50.2709,1.5627,55.0220,NA,NA,NA,NA,NA,NA,NA,NA,NA,NA,NA,NA
462.094,2.7050,49.8772,1.5581,54.5688,NA,NA,NA,NA,NA,NA,NA,NA,NA,NA,NA,NA
462.190,2.7071,49.9936,1.5569,54.4543,NA,NA,NA,NA,NA,NA,NA,NA,NA,NA,NA,NA
462.285,2.7071,49.9936,1.5554,54.3050,NA,NA,NA,NA,NA,NA,NA,NA,NA,NA,NA,NA
462.398,2.6996,49.5780,1.5544,54.2056,NA,NA,NA,NA,NA,NA,NA,NA,NA,NA,NA,NA
462.491,2.6960,49.3800,1.5525,54.0171,NA,NA,NA,NA,NA,NA,NA,NA,NA,NA,NA,NA
462.580,2.6931,49.2194,1.5515,53.9152,NA,NA,NA,NA,NA,NA,NA,NA,NA,NA,NA,NA
462.727,2.6926,49.1904,1.5494,53.7101,NA,NA,NA,NA,NA,NA,NA,NA,NA,NA,NA,NA
462.774,2.6886,48.9704,1.5485,53.6189,NA,NA,NA,NA,NA,NA,NA,NA,NA,NA,NA,NA
462.875,2.6893,49.0098,1.5485,53.6189,NA,NA,NA,NA,NA,NA,NA,NA,NA,NA,NA,NA
462.976,2.6893,49.0098,1.5483,53.5973,NA,NA,NA,NA,NA,NA,NA,NA,NA,NA,NA,NA
463.070,2.6842,48.7278,1.5470,53.4651,NA,NA,NA,NA,NA,NA,NA,NA,NA,NA,NA,NA
463.176,2.6817,48.5881,1.5461,53.3753,NA,NA,NA,NA,NA,NA,NA,NA,NA,NA,NA,NA
463.283,2.6780,48.3850,1.5458,53.3512,NA,NA,NA,NA,NA,NA,NA,NA,NA,NA,NA,NA
463.371,2.6780,48.3850,1.5440,53.1677,NA,NA,NA,NA,NA,NA,NA,NA,NA,NA,NA,NA
463.460,2.6682,47.8417,1.5440,53.1677,NA,NA,NA,NA,NA,NA,NA,NA,NA,NA,NA,NA
463.577,2.6641,47.6107,1.5433,53.1009,NA,NA,NA,NA,NA,NA,NA,NA,NA,NA,NA,NA
463.662,2.6585,47.3000,1.5423,52.9995,NA,NA,NA,NA,NA,NA,NA,NA,NA,NA,NA,NA
463.756,2.6554,47.1293,1.5416,52.9353,NA,NA,NA,NA,NA,NA,NA,NA,NA,NA,NA,NA
463.856,2.6554,47.1293,1.5403,52.8001,NA,NA,NA,NA,NA,NA,NA,NA,NA,NA,NA,NA
463.952,2.6439,46.4921,1.5397,52.7427,NA,NA,NA,NA,NA,NA,NA,NA,NA,NA,NA,NA
464.049,2.6465,46.6356,1.5360,52.3772,NA,NA,NA,NA,NA,NA,NA,NA,NA,NA,NA,NA
464.144,2.6465,46.6356,1.5348,52.2595,NA,NA,NA,NA,NA,NA,NA,NA,NA,NA,NA,NA
464.255,2.6390,46.2196,1.5329,52.0717,NA,NA,NA,NA,NA,NA,NA,NA,NA,NA,NA,NA
464.342,2.6366,46.0875,1.5325,52.0328,NA,NA,NA,NA,NA,NA,NA,NA,NA,NA,NA,NA
464.489,2.6356,46.0358,1.5325,52.0328,NA,NA,NA,NA,NA,NA,NA,NA,NA,NA,NA,NA
464.540,2.6356,46.0358,1.5314,51.9226,NA,NA,NA,NA,NA,NA,NA,NA,NA,NA,NA,NA
464.638,2.6299,45.7184,1.5306,51.8412,NA,NA,NA,NA,NA,NA,NA,NA,NA,NA,NA,NA
464.735,2.6299,45.7184,1.5292,51.7073,NA,NA,NA,NA,NA,NA,NA,NA,NA,NA,NA,NA
464.834,2.6278,45.6000,1.5285,51.6359,NA,NA,NA,NA,NA,NA,NA,NA,NA,NA,NA,NA
464.932,2.6278,45.6000,1.5274,51.5254,NA,NA,NA,NA,NA,NA,NA,NA,NA,NA,NA,NA
465.028,2.6231,45.3406,1.5267,51.4591,NA,NA,NA,NA,NA,NA,NA,NA,NA,NA,NA,NA
465.128,2.6208,45.2111,1.5263,51.4172,NA,NA,NA,NA,NA,NA,NA,NA,NA,NA,NA,NA
465.230,2.6481,46.7259,1.5290,51.6826,NA,NA,NA,NA,NA,NA,NA,NA,NA,NA,NA,NA
465.319,2.6706,47.9744,1.5404,52.8093,NA,NA,NA,NA,NA,NA,NA,NA,NA,NA,NA,NA
465.416,2.7120,50.2661,1.5515,53.9191,NA,NA,NA,NA,NA,NA,NA,NA,NA,NA,NA,NA
465.523,2.7400,51.8201,1.5644,55.1977,NA,NA,NA,NA,NA,NA,NA,NA,NA,NA,NA,NA
465.616,2.7879,54.4720,1.5752,56.2622,NA,NA,NA,NA,NA,NA,NA,NA,NA,NA,NA,NA
465.711,2.8396,57.3375,1.5897,57.7080,NA,NA,NA,NA,NA,NA,NA,NA,NA,NA,NA,NA
465.818,2.8599,58.4611,1.6042,59.1397,NA,NA,NA,NA,NA,NA,NA,NA,NA,NA,NA,NA
465.909,2.8982,60.5846,1.6166,60.3728,NA,NA,NA,NA,NA,NA,NA,NA,NA,NA,NA,NA
466.006,2.9081,61.1340,1.6298,61.6785,NA,NA,NA,NA,NA,NA,NA,NA,NA,NA,NA,NA
466.102,2.9306,62.3789,1.6404,62.7325,NA,NA,NA,NA,NA,NA,NA,NA,NA,NA,NA,NA
466.199,2.9508,63.4993,1.6512,63.8084,NA,NA,NA,NA,NA,NA,NA,NA,NA,NA,NA,NA
466.305,2.9602,64.0168,1.6629,64.9627,NA,NA,NA,NA,NA,NA,NA,NA,NA,NA,NA,NA
466.408,2.9781,65.0108,1.6681,65.4802,NA,NA,NA,NA,NA,NA,NA,NA,NA,NA,NA,NA
466.498,2.9811,65.1745,1.6732,65.9882,NA,NA,NA,NA,NA,NA,NA,NA,NA,NA,NA,NA
466.601,3.0057,66.5403,1.6784,66.5085,NA,NA,NA,NA,NA,NA,NA,NA,NA,NA,NA,NA
466.699,3.0057,66.5403,1.6815,66.8084,NA,NA,NA,NA,NA,NA,NA,NA,NA,NA,NA,NA
466.817,3.0091,66.7264,1.6818,66.8389,NA,NA,NA,NA,NA,NA,NA,NA,NA,NA,NA,NA
466.896,3.0091,66.7264,1.6818,66.8389,NA,NA,NA,NA,NA,NA,NA,NA,NA,NA,NA,NA
466.987,3.0039,66.4409,1.6817,66.8357,NA,NA,NA,NA,NA,NA,NA,NA,NA,NA,NA,NA
467.094,3.0024,66.3561,1.6801,66.6761,NA,NA,NA,NA,NA,NA,NA,NA,NA,NA,NA,NA
467.191,2.9923,65.7997,1.6726,65.9310,NA,NA,NA,NA,NA,NA,NA,NA,NA,NA,NA,NA
467.285,2.9843,65.3522,1.6709,65.7638,NA,NA,NA,NA,NA,NA,NA,NA,NA,NA,NA,NA
467.377,2.9788,65.0483,1.6663,65.3061,NA,NA,NA,NA,NA,NA,NA,NA,NA,NA,NA,NA
467.512,2.9448,63.1677,1.6602,64.6943,NA,NA,NA,NA,NA,NA,NA,NA,NA,NA,NA,NA
467.577,2.9416,62.9891,1.6573,64.4065,NA,NA,NA,NA,NA,NA,NA,NA,NA,NA,NA,NA
467.687,2.9266,62.1551,1.6532,64.0052,NA,NA,NA,NA,NA,NA,NA,NA,NA,NA,NA,NA
467.777,2.9097,61.2224,1.6493,63.6220,NA,NA,NA,NA,NA,NA,NA,NA,NA,NA,NA,NA
467.876,2.8830,59.7409,1.6435,63.0405,NA,NA,NA,NA,NA,NA,NA,NA,NA,NA,NA,NA
467.964,2.8721,59.1397,1.6407,62.7601,NA,NA,NA,NA,NA,NA,NA,NA,NA,NA,NA,NA
468.070,2.8686,58.9416,1.6360,62.2977,NA,NA,NA,NA,NA,NA,NA,NA,NA,NA,NA,NA
468.151,2.8597,58.4524,1.6323,61.9271,NA,NA,NA,NA,NA,NA,NA,NA,NA,NA,NA,NA
468.260,2.8597,58.4524,1.6298,61.6836,NA,NA,NA,NA,NA,NA,NA,NA,NA,NA,NA,NA
468.367,2.8464,57.7137,1.6220,60.9102,NA,NA,NA,NA,NA,NA,NA,NA,NA,NA,NA,NA
468.453,2.8407,57.4002,1.6188,60.5929,NA,NA,NA,NA,NA,NA,NA,NA,NA,NA,NA,NA
468.559,2.8325,56.9455,1.6144,60.1578,NA,NA,NA,NA,NA,NA,NA,NA,NA,NA,NA,NA
468.713,2.8267,56.6240,1.6122,59.9367,NA,NA,NA,NA,NA,NA,NA,NA,NA,NA,NA,NA
468.754,2.8194,56.2198,1.6089,59.6096,NA,NA,NA,NA,NA,NA,NA,NA,NA,NA,NA,NA
468.846,2.8174,56.1097,1.6081,59.5279,NA,NA,NA,NA,NA,NA,NA,NA,NA,NA,NA,NA
468.961,2.8138,55.9085,1.6061,59.3312,NA,NA,NA,NA,NA,NA,NA,NA,NA,NA,NA,NA
469.040,2.8137,55.9018,1.6040,59.1217,NA,NA,NA,NA,NA,NA,NA,NA,NA,NA,NA,NA
469.141,2.8131,55.8696,1.6021,58.9342,NA,NA,NA,NA,NA,NA,NA,NA,NA,NA,NA,NA
469.282,2.8009,55.1900,1.6010,58.8296,NA,NA,NA,NA,NA,NA,NA,NA,NA,NA,NA,NA
469.340,2.7945,54.8382,1.5962,58.3494,NA,NA,NA,NA,NA,NA,NA,NA,NA,NA,NA,NA
469.450,2.7857,54.3500,1.5950,58.2267,NA,NA,NA,NA,NA,NA,NA,NA,NA,NA,NA,NA
469.532,2.7835,54.2281,1.5923,57.9674,NA,NA,NA,NA,NA,NA,NA,NA,NA,NA,NA,NA
469.623,2.7759,53.8049,1.5899,57.7262,NA,NA,NA,NA,NA,NA,NA,NA,NA,NA,NA,NA
469.720,2.7624,53.0572,1.5899,57.7262,NA,NA,NA,NA,NA,NA,NA,NA,NA,NA,NA,NA
469.831,2.7624,53.0572,1.5876,57.4962,NA,NA,NA,NA,NA,NA,NA,NA,NA,NA,NA,NA
469.931,2.7539,52.5882,1.5857,57.3088,NA,NA,NA,NA,NA,NA,NA,NA,NA,NA,NA,NA
470.022,2.7519,52.4782,1.5857,57.3042,NA,NA,NA,NA,NA,NA,NA,NA,NA,NA,NA,NA
470.122,2.7386,51.7384,1.5842,57.1616,NA,NA,NA,NA,NA,NA,NA,NA,NA,NA,NA,NA
470.244,2.7278,51.1398,1.5793,56.6729,NA,NA,NA,NA,NA,NA,NA,NA,NA,NA,NA,NA
470.314,2.7246,50.9655,1.5767,56.4189,NA,NA,NA,NA,NA,NA,NA,NA,NA,NA,NA,NA
470.417,2.7211,50.7698,1.5755,56.2995,NA,NA,NA,NA,NA,NA,NA,NA,NA,NA,NA,NA
470.548,2.7211,50.7698,1.5733,56.0769,NA,NA,NA,NA,NA,NA,NA,NA,NA,NA,NA,NA
470.615,2.7184,50.6240,1.5731,56.0593,NA,NA,NA,NA,NA,NA,NA,NA,NA,NA,NA,NA
470.710,2.7281,51.1614,1.5743,56.1770,NA,NA,NA,NA,NA,NA,NA,NA,NA,NA,NA,NA
470.803,2.7589,52.8635,1.5808,56.8175,NA,NA,NA,NA,NA,NA,NA,NA,NA,NA,NA,NA
470.906,2.7825,54.1753,1.5876,57.5013,NA,NA,NA,NA,NA,NA,NA,NA,NA,NA,NA,NA
471.000,2.8144,55.9383,1.6000,58.7299,NA,NA,NA,NA,NA,NA,NA,NA,NA,NA,NA,NA
471.155,2.8465,57.7217,1.6082,59.5384,NA,NA,NA,NA,NA,NA,NA,NA,NA,NA,NA,NA
471.201,2.8572,58.3135,1.6174,60.4541,NA,NA,NA,NA,NA,NA,NA,NA,NA,NA,NA,NA
471.294,2.8974,60.5418,1.6303,61.7295,NA,NA,NA,NA,NA,NA,NA,NA,NA,NA,NA,NA
471.390,2.9111,61.2988,1.6402,62.7131,NA,NA,NA,NA,NA,NA,NA,NA,NA,NA,NA,NA
471.497,2.9348,62.6120,1.6473,63.4179,NA,NA,NA,NA,NA,NA,NA,NA,NA,NA,NA,NA
471.588,2.9443,63.1373,1.6619,64.8646,NA,NA,NA,NA,NA,NA,NA,NA,NA,NA,NA,NA
471.691,2.9834,65.3073,1.6733,65.9958,NA,NA,NA,NA,NA,NA,NA,NA,NA,NA,NA,NA
471.788,2.9952,65.9566,1.6863,67.2860,NA,NA,NA,NA,NA,NA,NA,NA,NA,NA,NA,NA
471.882,3.0373,68.2931,1.6958,68.2262,NA,NA,NA,NA,NA,NA,NA,NA,NA,NA,NA,NA
471.984,3.0467,68.8130,1.7071,69.3514,NA,NA,NA,NA,NA,NA,NA,NA,NA,NA,NA,NA
472.077,3.0524,69.1272,1.7125,69.8832,NA,NA,NA,NA,NA,NA,NA,NA,NA,NA,NA,NA
472.175,3.0600,69.5467,1.7179,70.4277,NA,NA,NA,NA,NA,NA,NA,NA,NA,NA,NA,NA
472.295,3.0786,70.5769,1.7211,70.7407,NA,NA,NA,NA,NA,NA,NA,NA,NA,NA,NA,NA
472.372,3.0872,71.0559,1.7245,71.0802,NA,NA,NA,NA,NA,NA,NA,NA,NA,NA,NA,NA
472.469,3.0906,71.2419,1.7297,71.5924,NA,NA,NA,NA,NA,NA,NA,NA,NA,NA,NA,NA
472.563,3.0984,71.6794,1.7328,71.8962,NA,NA,NA,NA,NA,NA,NA,NA,NA,NA,NA,NA
472.667,3.0984,71.6794,1.7330,71.9243,NA,NA,NA,NA,NA,NA,NA,NA,NA,NA,NA,NA
472.763,3.0949,71.4834,1.7330,71.9243,NA,NA,NA,NA,NA,NA,NA,NA,NA,NA,NA,NA
472.879,3.0881,71.1054,1.7327,71.8949,NA,NA,NA,NA,NA,NA,NA,NA,NA,NA,NA,NA
472.959,3.0866,71.0244,1.7308,71.7029,NA,NA,NA,NA,NA,NA,NA,NA,NA,NA,NA,NA
473.057,3.0725,70.2413,1.7270,71.3292,NA,NA,NA,NA,NA,NA,NA,NA,NA,NA,NA,NA
473.159,3.0667,69.9212,1.7239,71.0222,NA,NA,NA,NA,NA,NA,NA,NA,NA,NA,NA,NA
473.256,3.0497,68.9786,1.7213,70.7563,NA,NA,NA,NA,NA,NA,NA,NA,NA,NA,NA,NA
473.352,3.0411,68.5034,1.7171,70.3458,NA,NA,NA,NA,NA,NA,NA,NA,NA,NA,NA,NA
473.449,3.0197,67.3159,1.7146,70.0968,NA,NA,NA,NA,NA,NA,NA,NA,NA,NA,NA,NA
473.544,3.0151,67.0626,1.7130,69.9334,NA,NA,NA,NA,NA,NA,NA,NA,NA,NA,NA,NA
473.651,2.9980,66.1143,1.7108,69.7151,NA,NA,NA,NA,NA,NA,NA,NA,NA,NA,NA,NA
473.751,2.9773,64.9650,1.7054,69.1804,NA,NA,NA,NA,NA,NA,NA,NA,NA,NA,NA,NA
473.838,2.9681,64.4578,1.7016,68.8030,NA,NA,NA,NA,NA,NA,NA,NA,NA,NA,NA,NA
473.945,2.9597,63.9940,1.6959,68.2400,NA,NA,NA,NA,NA,NA,NA,NA,NA,NA,NA,NA
474.113,2.9589,63.9457,1.6878,67.4353,NA,NA,NA,NA,NA,NA,NA,NA,NA,NA,NA,NA
474.148,2.9398,62.8908,1.6824,66.8965,NA,NA,NA,NA,NA,NA,NA,NA,NA,NA,NA,NA
474.236,2.9398,62.8908,1.6793,66.5948,NA,NA,NA,NA,NA,NA,NA,NA,NA,NA,NA,NA
474.326,2.9306,62.3813,1.6751,66.1792,NA,NA,NA,NA,NA,NA,NA,NA,NA,NA,NA,NA
474.443,2.9151,61.5185,1.6724,65.9056,NA,NA,NA,NA,NA,NA,NA,NA,NA,NA,NA,NA
474.535,2.9080,61.1264,1.6685,65.5180,NA,NA,NA,NA,NA,NA,NA,NA,NA,NA,NA,NA
474.680,2.9023,60.8085,1.6652,65.1956,NA,NA,NA,NA,NA,NA,NA,NA,NA,NA,NA,NA
474.723,2.9011,60.7467,1.6633,65.0037,NA,NA,NA,NA,NA,NA,NA,NA,NA,NA,NA,NA
474.822,2.8990,60.6310,1.6602,64.6985,NA,NA,NA,NA,NA,NA,NA,NA,NA,NA,NA,NA
474.919,2.8900,60.1313,1.6571,64.3927,NA,NA,NA,NA,NA,NA,NA,NA,NA,NA,NA,NA
475.017,2.8784,59.4843,1.6503,63.7120,NA,NA,NA,NA,NA,NA,NA,NA,NA,NA,NA,NA
475.115,2.8784,59.4843,1.6441,63.0981,NA,NA,NA,NA,NA,NA,NA,NA,NA,NA,NA,NA
475.277,2.8627,58.6145,1.6417,62.8645,NA,NA,NA,NA,NA,NA,NA,NA,NA,NA,NA,NA
475.308,2.8575,58.3269,1.6383,62.5295,NA,NA,NA,NA,NA,NA,NA,NA,NA,NA,NA,NA
475.408,2.8525,58.0491,1.6365,62.3509,NA,NA,NA,NA,NA,NA,NA,NA,NA,NA,NA,NA
475.508,2.8497,57.8989,1.6365,62.3509,NA,NA,NA,NA,NA,NA,NA,NA,NA,NA,NA,NA
475.607,2.8461,57.6977,1.6324,61.9376,NA,NA,NA,NA,NA,NA,NA,NA,NA,NA,NA,NA
475.699,2.8430,57.5244,1.6309,61.7931,NA,NA,NA,NA,NA,NA,NA,NA,NA,NA,NA,NA
475.797,2.8423,57.4885,1.6296,61.6675,NA,NA,NA,NA,NA,NA,NA,NA,NA,NA,NA,NA
475.931,2.8331,56.9785,1.6297,61.6773,NA,NA,NA,NA,NA,NA,NA,NA,NA,NA,NA,NA
475.995,2.8331,56.9785,1.6297,61.6773,NA,NA,NA,NA,NA,NA,NA,NA,NA,NA,NA,NA
476.100,2.8249,56.5243,1.6288,61.5885,NA,NA,NA,NA,NA,NA,NA,NA,NA,NA,NA,NA
476.194,2.8201,56.2573,1.6267,61.3780,NA,NA,NA,NA,NA,NA,NA,NA,NA,NA,NA,NA
476.295,2.8201,56.2573,1.6236,61.0673,NA,NA,NA,NA,NA,NA,NA,NA,NA,NA,NA,NA
476.397,2.8254,56.5512,1.6208,60.7894,NA,NA,NA,NA,NA,NA,NA,NA,NA,NA,NA,NA
476.507,2.8254,56.5512,1.6208,60.7894,NA,NA,NA,NA,NA,NA,NA,NA,NA,NA,NA,NA
476.590,2.8158,56.0185,1.6206,60.7679,NA,NA,NA,NA,NA,NA,NA,NA,NA,NA,NA,NA
476.678,2.8110,55.7525,1.6205,60.7606,NA,NA,NA,NA,NA,NA,NA,NA,NA,NA,NA,NA
476.777,2.7939,54.8047,1.6195,60.6569,NA,NA,NA,NA,NA,NA,NA,NA,NA,NA,NA,NA
476.873,2.7983,55.0501,1.6195,60.6620,NA,NA,NA,NA,NA,NA,NA,NA,NA,NA,NA,NA
476.977,2.7983,55.0501,1.6195,60.6620,NA,NA,NA,NA,NA,NA,NA,NA,NA,NA,NA,NA
477.102,2.7988,55.0784,1.6191,60.6236,NA,NA,NA,NA,NA,NA,NA,NA,NA,NA,NA,NA
477.175,2.7988,55.0784,1.6188,60.5869,NA,NA,NA,NA,NA,NA,NA,NA,NA,NA,NA,NA
477.267,2.8015,55.2252,1.6186,60.5712,NA,NA,NA,NA,NA,NA,NA,NA,NA,NA,NA,NA
477.363,2.8015,55.2252,1.6176,60.4726,NA,NA,NA,NA,NA,NA,NA,NA,NA,NA,NA,NA
477.463,2.7908,54.6342,1.6159,60.3024,NA,NA,NA,NA,NA,NA,NA,NA,NA,NA,NA,NA
477.558,2.7843,54.2732,1.6157,60.2876,NA,NA,NA,NA,NA,NA,NA,NA,NA,NA,NA,NA
477.679,2.7833,54.2175,1.6134,60.0526,NA,NA,NA,NA,NA,NA,NA,NA,NA,NA,NA,NA
477.763,2.7833,54.2175,1.6122,59.9375,NA,NA,NA,NA,NA,NA,NA,NA,NA,NA,NA,NA
477.859,2.7729,53.6431,1.6113,59.8483,NA,NA,NA,NA,NA,NA,NA,NA,NA,NA,NA,NA
477.954,2.7727,53.6301,1.6113,59.8483,NA,NA,NA,NA,NA,NA,NA,NA,NA,NA,NA,NA
478.046,2.7697,53.4628,1.6111,59.8314,NA,NA,NA,NA,NA,NA,NA,NA,NA,NA,NA,NA
478.154,2.7756,53.7931,1.6103,59.7515,NA,NA,NA,NA,NA,NA,NA,NA,NA,NA,NA,NA
478.245,2.7756,53.7931,1.6099,59.7091,NA,NA,NA,NA,NA,NA,NA,NA,NA,NA,NA,NA
478.345,2.7580,52.8169,1.6095,59.6683,NA,NA,NA,NA,NA,NA,NA,NA,NA,NA,NA,NA
478.439,2.7580,52.8169,1.6074,59.4627,NA,NA,NA,NA,NA,NA,NA,NA,NA,NA,NA,NA
478.546,2.7556,52.6848,1.6068,59.4023,NA,NA,NA,NA,NA,NA,NA,NA,NA,NA,NA,NA
478.638,2.7556,52.6848,1.6045,59.1776,NA,NA,NA,NA,NA,NA,NA,NA,NA,NA,NA,NA
478.735,2.7492,52.3258,1.6050,59.2271,NA,NA,NA,NA,NA,NA,NA,NA,NA,NA,NA,NA
478.843,2.7492,52.3258,1.6050,59.2271,NA,NA,NA,NA,NA,NA,NA,NA,NA,NA,NA,NA
478.938,2.7469,52.1988,1.6038,59.0996,NA,NA,NA,NA,NA,NA,NA,NA,NA,NA,NA,NA
479.027,2.7417,51.9106,1.6030,59.0272,NA,NA,NA,NA,NA,NA,NA,NA,NA,NA,NA,NA
479.125,2.7417,51.9106,1.6015,58.8708,NA,NA,NA,NA,NA,NA,NA,NA,NA,NA,NA,NA
479.235,2.7426,51.9601,1.6011,58.8336,NA,NA,NA,NA,NA,NA,NA,NA,NA,NA,NA,NA
479.327,2.7426,51.9601,1.5994,58.6638,NA,NA,NA,NA,NA,NA,NA,NA,NA,NA,NA,NA
479.417,2.7368,51.6389,1.5994,58.6638,NA,NA,NA,NA,NA,NA,NA,NA,NA,NA,NA,NA
479.544,2.7353,51.5565,1.5963,58.3572,NA,NA,NA,NA,NA,NA,NA,NA,NA,NA,NA,NA
479.620,2.7353,51.5565,1.5941,58.1429,NA,NA,NA,NA,NA,NA,NA,NA,NA,NA,NA,NA
479.710,2.7363,51.6130,1.5934,58.0760,NA,NA,NA,NA,NA,NA,NA,NA,NA,NA,NA,NA
479.810,2.7363,51.6130,1.5928,58.0103,NA,NA,NA,NA,NA,NA,NA,NA,NA,NA,NA,NA
479.904,2.7234,50.9010,1.5928,58.0103,NA,NA,NA,NA,NA,NA,NA,NA,NA,NA,NA,NA
480.011,2.7234,50.9010,1.5903,57.7677,NA,NA,NA,NA,NA,NA,NA,NA,NA,NA,NA,NA
480.149,2.7198,50.6974,1.5895,57.6843,NA,NA,NA,NA,NA,NA,NA,NA,NA,NA,NA,NA
480.202,2.7198,50.6974,1.5884,57.5803,NA,NA,NA,NA,NA,NA,NA,NA,NA,NA,NA,NA
480.296,2.7071,49.9953,1.5868,57.4200,NA,NA,NA,NA,NA,NA,NA,NA,NA,NA,NA,NA
480.396,2.7046,49.8568,1.5868,57.4200,NA,NA,NA,NA,NA,NA,NA,NA,NA,NA,NA,NA
480.505,2.7046,49.8568,1.5863,57.3712,NA,NA,NA,NA,NA,NA,NA,NA,NA,NA,NA,NA
480.598,2.6996,49.5775,1.5845,57.1923,NA,NA,NA,NA,NA,NA,NA,NA,NA,NA,NA,NA
480.724,2.6946,49.3055,1.5845,57.1923,NA,NA,NA,NA,NA,NA,NA,NA,NA,NA,NA,NA
480.797,2.6991,49.5520,1.5841,57.1459,NA,NA,NA,NA,NA,NA,NA,NA,NA,NA,NA,NA
480.891,2.6991,49.5520,1.5835,57.0884,NA,NA,NA,NA,NA,NA,NA,NA,NA,NA,NA,NA
480.990,2.6922,49.1725,1.5822,56.9610,NA,NA,NA,NA,NA,NA,NA,NA,NA,NA,NA,NA
481.086,2.6870,48.8829,1.5822,56.9610,NA,NA,NA,NA,NA,NA,NA,NA,NA,NA,NA,NA
481.201,2.6785,48.4102,1.5800,56.7389,NA,NA,NA,NA,NA,NA,NA,NA,NA,NA,NA,NA
481.289,2.6870,48.8833,1.5789,56.6348,NA,NA,NA,NA,NA,NA,NA,NA,NA,NA,NA,NA
481.379,2.6870,48.8833,1.5783,56.5724,NA,NA,NA,NA,NA,NA,NA,NA,NA,NA,NA,NA
481.475,2.6826,48.6405,1.5755,56.2995,NA,NA,NA,NA,NA,NA,NA,NA,NA,NA,NA,NA
481.577,2.6792,48.4477,1.5733,56.0815,NA,NA,NA,NA,NA,NA,NA,NA,NA,NA,NA,NA
481.668,2.6773,48.3445,1.5721,55.9569,NA,NA,NA,NA,NA,NA,NA,NA,NA,NA,NA,NA
481.770,2.6771,48.3325,1.5716,55.9095,NA,NA,NA,NA,NA,NA,NA,NA,NA,NA,NA,NA
481.911,2.6688,47.8727,1.5702,55.7714,NA,NA,NA,NA,NA,NA,NA,NA,NA,NA,NA,NA
481.967,2.6694,47.9051,1.5700,55.7551,NA,NA,NA,NA,NA,NA,NA,NA,NA,NA,NA,NA
482.069,2.6694,47.9051,1.5684,55.5938,NA,NA,NA,NA,NA,NA,NA,NA,NA,NA,NA,NA
482.159,2.6670,47.7720,1.5655,55.3003,NA,NA,NA,NA,NA,NA,NA,NA,NA,NA,NA,NA
482.259,2.6636,47.5855,1.5635,55.1029,NA,NA,NA,NA,NA,NA,NA,NA,NA,NA,NA,NA
482.357,2.6577,47.2570,1.5628,55.0353,NA,NA,NA,NA,NA,NA,NA,NA,NA,NA,NA,NA
482.493,2.6544,47.0764,1.5589,54.6475,NA,NA,NA,NA,NA,NA,NA,NA,NA,NA,NA,NA
482.553,2.6667,47.7547,1.5637,55.1303,NA,NA,NA,NA,NA,NA,NA,NA,NA,NA,NA,NA
482.659,2.6941,49.2748,1.5719,55.9386,NA,NA,NA,NA,NA,NA,NA,NA,NA,NA,NA,NA
482.748,2.7035,49.7958,1.5809,56.8288,NA,NA,NA,NA,NA,NA,NA,NA,NA,NA,NA,NA
482.848,2.7486,52.2958,1.5895,57.6845,NA,NA,NA,NA,NA,NA,NA,NA,NA,NA,NA,NA
482.950,2.7803,54.0530,1.6018,58.9032,NA,NA,NA,NA,NA,NA,NA,NA,NA,NA,NA,NA
483.108,2.7929,54.7495,1.6096,59.6818,NA,NA,NA,NA,NA,NA,NA,NA,NA,NA,NA,NA
483.138,2.8051,55.4272,1.6203,60.7424,NA,NA,NA,NA,NA,NA,NA,NA,NA,NA,NA,NA
483.237,2.8470,57.7457,1.6267,61.3741,NA,NA,NA,NA,NA,NA,NA,NA,NA,NA,NA,NA
483.336,2.8621,58.5847,1.6379,62.4849,NA,NA,NA,NA,NA,NA,NA,NA,NA,NA,NA,NA
483.429,2.8917,60.2212,1.6459,63.2799,NA,NA,NA,NA,NA,NA,NA,NA,NA,NA,NA,NA
483.536,2.9085,61.1554,1.6556,64.2385,NA,NA,NA,NA,NA,NA,NA,NA,NA,NA,NA,NA
483.638,2.9276,62.2137,1.6632,64.9972,NA,NA,NA,NA,NA,NA,NA,NA,NA,NA,NA,NA
483.731,2.9355,62.6495,1.6674,65.4140,NA,NA,NA,NA,NA,NA,NA,NA,NA,NA,NA,NA
483.823,2.9510,63.5097,1.6738,66.0470,NA,NA,NA,NA,NA,NA,NA,NA,NA,NA,NA,NA
483.922,2.9581,63.9052,1.6829,66.9473,NA,NA,NA,NA,NA,NA,NA,NA,NA,NA,NA,NA
484.025,2.9874,65.5278,1.6896,67.6172,NA,NA,NA,NA,NA,NA,NA,NA,NA,NA,NA,NA
484.118,2.9993,66.1867,1.7019,68.8393,NA,NA,NA,NA,NA,NA,NA,NA,NA,NA,NA,NA
484.222,3.0149,67.0514,1.7072,69.3619,NA,NA,NA,NA,NA,NA,NA,NA,NA,NA,NA,NA
484.320,3.0308,67.9316,1.7097,69.6043,NA,NA,NA,NA,NA,NA,NA,NA,NA,NA,NA,NA
484.418,3.0364,68.2440,1.7220,70.8332,NA,NA,NA,NA,NA,NA,NA,NA,NA,NA,NA,NA
484.506,3.0420,68.5518,1.7272,71.3419,NA,NA,NA,NA,NA,NA,NA,NA,NA,NA,NA,NA
484.613,3.0420,68.5518,1.7296,71.5852,NA,NA,NA,NA,NA,NA,NA,NA,NA,NA,NA,NA
484.707,3.0483,68.8998,1.7328,71.9013,NA,NA,NA,NA,NA,NA,NA,NA,NA,NA,NA,NA
484.852,3.0543,69.2336,1.7328,71.9013,NA,NA,NA,NA,NA,NA,NA,NA,NA,NA,NA,NA
484.909,3.0543,69.2336,1.7310,71.7228,NA,NA,NA,NA,NA,NA,NA,NA,NA,NA,NA,NA
485.003,3.0610,69.6061,1.7307,71.6898,NA,NA,NA,NA,NA,NA,NA,NA,NA,NA,NA,NA
485.103,3.0610,69.6061,1.7273,71.3593,NA,NA,NA,NA,NA,NA,NA,NA,NA,NA,NA,NA
485.201,3.0373,68.2925,1.7234,70.9662,NA,NA,NA,NA,NA,NA,NA,NA,NA,NA,NA,NA
485.297,3.0294,67.8541,1.7170,70.3358,NA,NA,NA,NA,NA,NA,NA,NA,NA,NA,NA,NA
485.390,3.0102,66.7919,1.7146,70.0980,NA,NA,NA,NA,NA,NA,NA,NA,NA,NA,NA,NA
485.497,3.0026,66.3671,1.7105,69.6901,NA,NA,NA,NA,NA,NA,NA,NA,NA,NA,NA,NA
485.608,2.9992,66.1775,1.7072,69.3625,NA,NA,NA,NA,NA,NA,NA,NA,NA,NA,NA,NA
485.686,2.9679,64.4481,1.7042,69.0644,NA,NA,NA,NA,NA,NA,NA,NA,NA,NA,NA,NA
485.782,2.9644,64.2542,1.7011,68.7518,NA,NA,NA,NA,NA,NA,NA,NA,NA,NA,NA,NA
485.888,2.9427,63.0518,1.6982,68.4669,NA,NA,NA,NA,NA,NA,NA,NA,NA,NA,NA,NA
485.981,2.9373,62.7526,1.6944,68.0899,NA,NA,NA,NA,NA,NA,NA,NA,NA,NA,NA,NA
486.077,2.9212,61.8608,1.6896,67.6148,NA,NA,NA,NA,NA,NA,NA,NA,NA,NA,NA,NA
486.178,2.9122,61.3597,1.6867,67.3294,NA,NA,NA,NA,NA,NA,NA,NA,NA,NA,NA,NA
486.277,2.9064,61.0399,1.6826,66.9249,NA,NA,NA,NA,NA,NA,NA,NA,NA,NA,NA,NA
486.377,2.8963,60.4787,1.6801,66.6758,NA,NA,NA,NA,NA,NA,NA,NA,NA,NA,NA,NA
486.468,2.8951,60.4098,1.6748,66.1449,NA,NA,NA,NA,NA,NA,NA,NA,NA,NA,NA,NA
486.566,2.8898,60.1190,1.6723,65.9015,NA,NA,NA,NA,NA,NA,NA,NA,NA,NA,NA,NA
486.712,2.8888,60.0656,1.6686,65.5311,NA,NA,NA,NA,NA,NA,NA,NA,NA,NA,NA,NA
486.766,2.8814,59.6532,1.6646,65.1392,NA,NA,NA,NA,NA,NA,NA,NA,NA,NA,NA,NA
486.887,2.8748,59.2895,1.6624,64.9153,NA,NA,NA,NA,NA,NA,NA,NA,NA,NA,NA,NA
486.967,2.8558,58.2367,1.6577,64.4548,NA,NA,NA,NA,NA,NA,NA,NA,NA,NA,NA,NA
487.062,2.8478,57.7923,1.6545,64.1286,NA,NA,NA,NA,NA,NA,NA,NA,NA,NA,NA,NA
487.158,2.8394,57.3239,1.6488,63.5696,NA,NA,NA,NA,NA,NA,NA,NA,NA,NA,NA,NA
487.267,2.8292,56.7595,1.6457,63.2581,NA,NA,NA,NA,NA,NA,NA,NA,NA,NA,NA,NA
487.354,2.8292,56.7595,1.6433,63.0224,NA,NA,NA,NA,NA,NA,NA,NA,NA,NA,NA,NA
487.445,2.8134,55.8839,1.6378,62.4804,NA,NA,NA,NA,NA,NA,NA,NA,NA,NA,NA,NA
487.552,2.8134,55.8839,1.6352,62.2139,NA,NA,NA,NA,NA,NA,NA,NA,NA,NA,NA,NA
487.642,2.8216,56.3386,1.6365,62.3463,NA,NA,NA,NA,NA,NA,NA,NA,NA,NA,NA,NA
487.747,2.8504,57.9376,1.6374,62.4367,NA,NA,NA,NA,NA,NA,NA,NA,NA,NA,NA,NA
487.843,2.8804,59.5984,1.6458,63.2744,NA,NA,NA,NA,NA,NA,NA,NA,NA,NA,NA,NA
487.942,2.9168,61.6168,1.6540,64.0877,NA,NA,NA,NA,NA,NA,NA,NA,NA,NA,NA,NA
488.037,2.9350,62.6224,1.6585,64.5283,NA,NA,NA,NA,NA,NA,NA,NA,NA,NA,NA,NA
488.135,2.9586,63.9300,1.6624,64.9136,NA,NA,NA,NA,NA,NA,NA,NA,NA,NA,NA,NA
488.241,2.9605,64.0374,1.6645,65.1244,NA,NA,NA,NA,NA,NA,NA,NA,NA,NA,NA,NA
488.327,2.9631,64.1783,1.6661,65.2816,NA,NA,NA,NA,NA,NA,NA,NA,NA,NA,NA,NA
488.457,2.9631,64.1783,1.6661,65.2816,NA,NA,NA,NA,NA,NA,NA,NA,NA,NA,NA,NA
488.526,2.9584,63.9169,1.6654,65.2188,NA,NA,NA,NA,NA,NA,NA,NA,NA,NA,NA,NA
488.621,2.9575,63.8684,1.6646,65.1374,NA,NA,NA,NA,NA,NA,NA,NA,NA,NA,NA,NA
488.721,2.9530,63.6197,1.6624,64.9200,NA,NA,NA,NA,NA,NA,NA,NA,NA,NA,NA,NA
488.826,2.9505,63.4827,1.6617,64.8437,NA,NA,NA,NA,NA,NA,NA,NA,NA,NA,NA,NA
488.915,2.9474,63.3116,1.6580,64.4794,NA,NA,NA,NA,NA,NA,NA,NA,NA,NA,NA,NA
489.069,2.9401,62.9083,1.6560,64.2856,NA,NA,NA,NA,NA,NA,NA,NA,NA,NA,NA,NA
489.114,2.9294,62.3103,1.6518,63.8698,NA,NA,NA,NA,NA,NA,NA,NA,NA,NA,NA,NA
489.221,2.9109,61.2864,1.6491,63.5979,NA,NA,NA,NA,NA,NA,NA,NA,NA,NA,NA,NA
489.318,2.8886,60.0530,1.6467,63.3641,NA,NA,NA,NA,NA,NA,NA,NA,NA,NA,NA,NA
489.405,2.8755,59.3286,1.6414,62.8367,NA,NA,NA,NA,NA,NA,NA,NA,NA,NA,NA,NA
489.499,2.8745,59.2691,1.6390,62.5921,NA,NA,NA,NA,NA,NA,NA,NA,NA,NA,NA,NA
489.602,2.8356,57.1167,1.6352,62.2212,NA,NA,NA,NA,NA,NA,NA,NA,NA,NA,NA,NA
489.721,2.8288,56.7364,1.6333,62.0315,NA,NA,NA,NA,NA,NA,NA,NA,NA,NA,NA,NA
489.797,2.8288,56.7361,1.6272,61.4255,NA,NA,NA,NA,NA,NA,NA,NA,NA,NA,NA,NA
489.892,2.8374,57.2177,1.6260,61.3099,NA,NA,NA,NA,NA,NA,NA,NA,NA,NA,NA,NA
489.992,2.8374,57.2177,1.6230,61.0092,NA,NA,NA,NA,NA,NA,NA,NA,NA,NA,NA,NA
490.100,2.8301,56.8099,1.6230,61.0092,NA,NA,NA,NA,NA,NA,NA,NA,NA,NA,NA,NA
490.187,2.8301,56.8099,1.6218,60.8929,NA,NA,NA,NA,NA,NA,NA,NA,NA,NA,NA,NA
490.323,2.8169,56.0768,1.6177,60.4806,NA,NA,NA,NA,NA,NA,NA,NA,NA,NA,NA,NA
490.383,2.8169,56.0768,1.6168,60.3898,NA,NA,NA,NA,NA,NA,NA,NA,NA,NA,NA,NA
490.487,2.7991,55.0937,1.6150,60.2105,NA,NA,NA,NA,NA,NA,NA,NA,NA,NA,NA,NA
490.591,2.7955,54.8931,1.6122,59.9341,NA,NA,NA,NA,NA,NA,NA,NA,NA,NA,NA,NA
490.678,2.7955,54.8931,1.6107,59.7891,NA,NA,NA,NA,NA,NA,NA,NA,NA,NA,NA,NA
490.774,2.7905,54.6154,1.6107,59.7891,NA,NA,NA,NA,NA,NA,NA,NA,NA,NA,NA,NA
490.876,2.7849,54.3037,1.6069,59.4084,NA,NA,NA,NA,NA,NA,NA,NA,NA,NA,NA,NA
490.972,2.7816,54.1219,1.6053,59.2503,NA,NA,NA,NA,NA,NA,NA,NA,NA,NA,NA,NA
491.071,2.7816,54.1219,1.6049,59.2139,NA,NA,NA,NA,NA,NA,NA,NA,NA,NA,NA,NA
491.168,2.7677,53.3524,1.6009,58.8208,NA,NA,NA,NA,NA,NA,NA,NA,NA,NA,NA,NA
491.274,2.7584,52.8394,1.6003,58.7591,NA,NA,NA,NA,NA,NA,NA,NA,NA,NA,NA,NA
491.369,2.7566,52.7409,1.5999,58.7175,NA,NA,NA,NA,NA,NA,NA,NA,NA,NA,NA,NA
491.498,2.7560,52.7070,1.5995,58.6745,NA,NA,NA,NA,NA,NA,NA,NA,NA,NA,NA,NA
491.558,2.7539,52.5911,1.5992,58.6489,NA,NA,NA,NA,NA,NA,NA,NA,NA,NA,NA,NA
491.658,2.7699,53.4759,1.6001,58.7332,NA,NA,NA,NA,NA,NA,NA,NA,NA,NA,NA,NA
491.760,2.7845,54.2849,1.6038,59.1055,NA,NA,NA,NA,NA,NA,NA,NA,NA,NA,NA,NA
491.853,2.8145,55.9457,1.6095,59.6676,NA,NA,NA,NA,NA,NA,NA,NA,NA,NA,NA,NA
491.954,2.8446,57.6130,1.6196,60.6672,NA,NA,NA,NA,NA,NA,NA,NA,NA,NA,NA,NA
492.047,2.8720,59.1303,1.6293,61.6327,NA,NA,NA,NA,NA,NA,NA,NA,NA,NA,NA,NA
492.154,2.9241,62.0200,1.6405,62.7412,NA,NA,NA,NA,NA,NA,NA,NA,NA,NA,NA,NA
492.249,2.9629,64.1664,1.6507,63.7583,NA,NA,NA,NA,NA,NA,NA,NA,NA,NA,NA,NA
492.341,3.0129,66.9418,1.6639,65.0657,NA,NA,NA,NA,NA,NA,NA,NA,NA,NA,NA,NA
492.441,3.0369,68.2710,1.6742,66.0905,NA,NA,NA,NA,NA,NA,NA,NA,NA,NA,NA,NA
492.543,3.0983,71.6724,1.6849,67.1448,NA,NA,NA,NA,NA,NA,NA,NA,NA,NA,NA,NA
492.639,3.1160,72.6503,1.6988,68.5247,NA,NA,NA,NA,NA,NA,NA,NA,NA,NA,NA,NA
492.737,3.1229,73.0315,1.7112,69.7567,NA,NA,NA,NA,NA,NA,NA,NA,NA,NA,NA,NA
492.837,3.1376,73.8500,1.7223,70.8637,NA,NA,NA,NA,NA,NA,NA,NA,NA,NA,NA,NA
492.941,3.1662,75.4308,1.7300,71.6232,NA,NA,NA,NA,NA,NA,NA,NA,NA,NA,NA,NA
493.035,3.1817,76.2932,1.7346,72.0762,NA,NA,NA,NA,NA,NA,NA,NA,NA,NA,NA,NA
493.127,3.1881,76.6445,1.7383,72.4437,NA,NA,NA,NA,NA,NA,NA,NA,NA,NA,NA,NA
493.224,3.2205,78.4436,1.7456,73.1717,NA,NA,NA,NA,NA,NA,NA,NA,NA,NA,NA,NA
493.351,3.2205,78.4436,1.7483,73.4408,NA,NA,NA,NA,NA,NA,NA,NA,NA,NA,NA,NA
493.417,3.2150,78.1353,1.7499,73.5992,NA,NA,NA,NA,NA,NA,NA,NA,NA,NA,NA,NA
493.520,3.2089,77.8004,1.7499,73.5992,NA,NA,NA,NA,NA,NA,NA,NA,NA,NA,NA,NA
493.615,3.2072,77.7041,1.7488,73.4846,NA,NA,NA,NA,NA,NA,NA,NA,NA,NA,NA,NA
493.713,3.2072,77.7041,1.7478,73.3894,NA,NA,NA,NA,NA,NA,NA,NA,NA,NA,NA,NA
493.816,3.2058,77.6270,1.7450,73.1137,NA,NA,NA,NA,NA,NA,NA,NA,NA,NA,NA,NA
493.929,3.1805,76.2245,1.7404,72.6528,NA,NA,NA,NA,NA,NA,NA,NA,NA,NA,NA,NA
494.011,3.1701,75.6514,1.7386,72.4758,NA,NA,NA,NA,NA,NA,NA,NA,NA,NA,NA,NA
494.108,3.1384,73.8908,1.7319,71.8093,NA,NA,NA,NA,NA,NA,NA,NA,NA,NA,NA,NA
494.209,3.1354,73.7256,1.7287,71.4926,NA,NA,NA,NA,NA,NA,NA,NA,NA,NA,NA,NA
494.303,3.1051,72.0490,1.7226,70.8929,NA,NA,NA,NA,NA,NA,NA,NA,NA,NA,NA,NA
494.458,3.0661,69.8853,1.7203,70.6570,NA,NA,NA,NA,NA,NA,NA,NA,NA,NA,NA,NA
494.494,3.0531,69.1686,1.7141,70.0474,NA,NA,NA,NA,NA,NA,NA,NA,NA,NA,NA,NA
494.598,3.0470,68.8277,1.7084,69.4798,NA,NA,NA,NA,NA,NA,NA,NA,NA,NA,NA,NA
494.689,3.0438,68.6503,1.7009,68.7328,NA,NA,NA,NA,NA,NA,NA,NA,NA,NA,NA,NA
494.792,3.0340,68.1071,1.6968,68.3337,NA,NA,NA,NA,NA,NA,NA,NA,NA,NA,NA,NA
494.897,3.0295,67.8610,1.6947,68.1209,NA,NA,NA,NA,NA,NA,NA,NA,NA,NA,NA,NA
494.986,3.0172,67.1802,1.6929,67.9416,NA,NA,NA,NA,NA,NA,NA,NA,NA,NA,NA,NA
495.084,3.0111,66.8420,1.6915,67.7990,NA,NA,NA,NA,NA,NA,NA,NA,NA,NA,NA,NA
495.186,3.0009,66.2728,1.6880,67.4558,NA,NA,NA,NA,NA,NA,NA,NA,NA,NA,NA,NA
495.284,2.9914,65.7456,1.6859,67.2485,NA,NA,NA,NA,NA,NA,NA,NA,NA,NA,NA,NA
495.381,2.9878,65.5509,1.6803,66.6924,NA,NA,NA,NA,NA,NA,NA,NA,NA,NA,NA,NA
495.487,2.9783,65.0223,1.6783,66.4924,NA,NA,NA,NA,NA,NA,NA,NA,NA,NA,NA,NA
495.579,2.9726,64.7077,1.6728,65.9478,NA,NA,NA,NA,NA,NA,NA,NA,NA,NA,NA,NA
495.696,2.9590,63.9532,1.6714,65.8071,NA,NA,NA,NA,NA,NA,NA,NA,NA,NA,NA,NA
495.766,2.9587,63.9385,1.6677,65.4429,NA,NA,NA,NA,NA,NA,NA,NA,NA,NA,NA,NA
495.879,2.9496,63.4312,1.6654,65.2153,NA,NA,NA,NA,NA,NA,NA,NA,NA,NA,NA,NA
495.960,2.9361,62.6861,1.6604,64.7147,NA,NA,NA,NA,NA,NA,NA,NA,NA,NA,NA,NA
496.071,2.9298,62.3348,1.6590,64.5811,NA,NA,NA,NA,NA,NA,NA,NA,NA,NA,NA,NA
496.157,2.9265,62.1529,1.6522,63.9050,NA,NA,NA,NA,NA,NA,NA,NA,NA,NA,NA,NA
496.258,2.9069,61.0653,1.6480,63.4879,NA,NA,NA,NA,NA,NA,NA,NA,NA,NA,NA,NA
496.358,2.8965,60.4872,1.6472,63.4076,NA,NA,NA,NA,NA,NA,NA,NA,NA,NA,NA,NA
496.458,2.8949,60.4023,1.6466,63.3517,NA,NA,NA,NA,NA,NA,NA,NA,NA,NA,NA,NA
496.549,2.9286,62.2697,1.6474,63.4294,NA,NA,NA,NA,NA,NA,NA,NA,NA,NA,NA,NA
496.649,2.9465,63.2604,1.6522,63.9086,NA,NA,NA,NA,NA,NA,NA,NA,NA,NA,NA,NA
496.755,2.9786,65.0407,1.6561,64.2886,NA,NA,NA,NA,NA,NA,NA,NA,NA,NA,NA,NA
496.882,3.0018,66.3258,1.6610,64.7821,NA,NA,NA,NA,NA,NA,NA,NA,NA,NA,NA,NA
496.948,3.0511,69.0531,1.6729,65.9607,NA,NA,NA,NA,NA,NA,NA,NA,NA,NA,NA,NA
497.046,3.0766,70.4705,1.6802,66.6845,NA,NA,NA,NA,NA,NA,NA,NA,NA,NA,NA,NA
497.140,3.1147,72.5812,1.6865,67.3031,NA,NA,NA,NA,NA,NA,NA,NA,NA,NA,NA,NA
497.242,3.1758,75.9655,1.6937,68.0244,NA,NA,NA,NA,NA,NA,NA,NA,NA,NA,NA,NA
497.336,3.1932,76.9281,1.7036,69.0037,NA,NA,NA,NA,NA,NA,NA,NA,NA,NA,NA,NA
497.435,3.2163,78.2077,1.7097,69.6109,NA,NA,NA,NA,NA,NA,NA,NA,NA,NA,NA,NA
497.537,3.2251,78.6970,1.7196,70.5918,NA,NA,NA,NA,NA,NA,NA,NA,NA,NA,NA,NA
497.646,3.2624,80.7641,1.7244,71.0645,NA,NA,NA,NA,NA,NA,NA,NA,NA,NA,NA,NA
497.728,3.2684,81.0978,1.7326,71.8767,NA,NA,NA,NA,NA,NA,NA,NA,NA,NA,NA,NA
497.824,3.2955,82.5951,1.7417,72.7804,NA,NA,NA,NA,NA,NA,NA,NA,NA,NA,NA,NA
497.934,3.3076,83.2682,1.7486,73.4678,NA,NA,NA,NA,NA,NA,NA,NA,NA,NA,NA,NA
498.018,3.3094,83.3685,1.7554,74.1423,NA,NA,NA,NA,NA,NA,NA,NA,NA,NA,NA,NA
498.152,3.3439,85.2815,1.7605,74.6490,NA,NA,NA,NA,NA,NA,NA,NA,NA,NA,NA,NA
498.225,3.3547,85.8800,1.7648,75.0739,NA,NA,NA,NA,NA,NA,NA,NA,NA,NA,NA,NA
498.318,3.3601,86.1763,1.7672,75.3157,NA,NA,NA,NA,NA,NA,NA,NA,NA,NA,NA,NA
498.411,3.3601,86.1763,1.7672,75.3157,NA,NA,NA,NA,NA,NA,NA,NA,NA,NA,NA,NA
498.515,3.3531,85.7911,1.7678,75.3735,NA,NA,NA,NA,NA,NA,NA,NA,NA,NA,NA,NA
498.617,3.3527,85.7663,1.7678,75.3735,NA,NA,NA,NA,NA,NA,NA,NA,NA,NA,NA,NA
498.707,3.3165,83.7608,1.7664,75.2311,NA,NA,NA,NA,NA,NA,NA,NA,NA,NA,NA,NA
498.806,3.3061,83.1841,1.7639,74.9902,NA,NA,NA,NA,NA,NA,NA,NA,NA,NA,NA,NA
498.904,3.3061,83.1841,1.7610,74.7002,NA,NA,NA,NA,NA,NA,NA,NA,NA,NA,NA,NA
499.008,3.2674,81.0427,1.7537,73.9720,NA,NA,NA,NA,NA,NA,NA,NA,NA,NA,NA,NA
499.099,3.2674,81.0427,1.7448,73.0934,NA,NA,NA,NA,NA,NA,NA,NA,NA,NA,NA,NA
499.254,3.2404,79.5468,1.7412,72.7386,NA,NA,NA,NA,NA,NA,NA,NA,NA,NA,NA,NA
499.295,3.2283,78.8741,1.7384,72.4584,NA,NA,NA,NA,NA,NA,NA,NA,NA,NA,NA,NA
499.389,3.1870,76.5879,1.7309,71.7099,NA,NA,NA,NA,NA,NA,NA,NA,NA,NA,NA,NA
499.498,3.1752,75.9331,1.7279,71.4172,NA,NA,NA,NA,NA,NA,NA,NA,NA,NA,NA,NA
499.587,3.1706,75.6784,1.7225,70.8828,NA,NA,NA,NA,NA,NA,NA,NA,NA,NA,NA,NA
499.687,3.1561,74.8722,1.7199,70.6185,NA,NA,NA,NA,NA,NA,NA,NA,NA,NA,NA,NA
499.788,3.1495,74.5097,1.7156,70.1947,NA,NA,NA,NA,NA,NA,NA,NA,NA,NA,NA,NA
499.882,3.1365,73.7877,1.7139,70.0259,NA,NA,NA,NA,NA,NA,NA,NA,NA,NA,NA,NA
499.996,3.1324,73.5613,1.7072,69.3592,NA,NA,NA,NA,NA,NA,NA,NA,NA,NA,NA,NA
500.084,3.1237,73.0779,1.7045,69.0951,NA,NA,NA,NA,NA,NA,NA,NA,NA,NA,NA,NA
500.185,3.1104,72.3401,1.7027,68.9147,NA,NA,NA,NA,NA,NA,NA,NA,NA,NA,NA,NA
500.273,3.0976,71.6331,1.6984,68.4855,NA,NA,NA,NA,NA,NA,NA,NA,NA,NA,NA,NA
500.370,3.0930,71.3761,1.6967,68.3232,NA,NA,NA,NA,NA,NA,NA,NA,NA,NA,NA,NA
500.476,3.0891,71.1613,1.6944,68.0904,NA,NA,NA,NA,NA,NA,NA,NA,NA,NA,NA,NA
500.572,3.0812,70.7257,1.6918,67.8333,NA,NA,NA,NA,NA,NA,NA,NA,NA,NA,NA,NA
500.663,3.0748,70.3672,1.6880,67.4612,NA,NA,NA,NA,NA,NA,NA,NA,NA,NA,NA,NA
500.763,3.0657,69.8664,1.6864,67.2965,NA,NA,NA,NA,NA,NA,NA,NA,NA,NA,NA,NA
500.869,3.0657,69.8664,1.6829,66.9512,NA,NA,NA,NA,NA,NA,NA,NA,NA,NA,NA,NA
500.977,3.0446,68.6952,1.6819,66.8488,NA,NA,NA,NA,NA,NA,NA,NA,NA,NA,NA,NA
501.086,3.0446,68.6952,1.6796,66.6220,NA,NA,NA,NA,NA,NA,NA,NA,NA,NA,NA,NA
501.158,3.0351,68.1671,1.6782,66.4883,NA,NA,NA,NA,NA,NA,NA,NA,NA,NA,NA,NA
501.255,3.0351,68.1671,1.6755,66.2174,NA,NA,NA,NA,NA,NA,NA,NA,NA,NA,NA,NA
501.359,3.0271,67.7286,1.6739,66.0568,NA,NA,NA,NA,NA,NA,NA,NA,NA,NA,NA,NA
501.453,3.0227,67.4826,1.6695,65.6211,NA,NA,NA,NA,NA,NA,NA,NA,NA,NA,NA,NA
501.547,3.0173,67.1815,1.6679,65.4664,NA,NA,NA,NA,NA,NA,NA,NA,NA,NA,NA,NA
501.647,3.0115,66.8615,1.6677,65.4399,NA,NA,NA,NA,NA,NA,NA,NA,NA,NA,NA,NA
501.748,3.0115,66.8615,1.6651,65.1845,NA,NA,NA,NA,NA,NA,NA,NA,NA,NA,NA,NA
501.841,3.0082,66.6778,1.6651,65.1845,NA,NA,NA,NA,NA,NA,NA,NA,NA,NA,NA,NA
501.940,3.0082,66.6778,1.6629,64.9630,NA,NA,NA,NA,NA,NA,NA,NA,NA,NA,NA,NA
502.034,3.0012,66.2921,1.6575,64.4354,NA,NA,NA,NA,NA,NA,NA,NA,NA,NA,NA,NA
502.137,2.9962,66.0113,1.6575,64.4354,NA,NA,NA,NA,NA,NA,NA,NA,NA,NA,NA,NA
502.297,2.9819,65.2195,1.6564,64.3212,NA,NA,NA,NA,NA,NA,NA,NA,NA,NA,NA,NA
502.351,2.9789,65.0552,1.6547,64.1503,NA,NA,NA,NA,NA,NA,NA,NA,NA,NA,NA,NA
502.430,2.9789,65.0552,1.6538,64.0666,NA,NA,NA,NA,NA,NA,NA,NA,NA,NA,NA,NA
502.524,2.9747,64.8232,1.6530,63.9869,NA,NA,NA,NA,NA,NA,NA,NA,NA,NA,NA,NA
502.623,2.9747,64.8232,1.6525,63.9324,NA,NA,NA,NA,NA,NA,NA,NA,NA,NA,NA,NA
502.730,2.9734,64.7499,1.6512,63.8019,NA,NA,NA,NA,NA,NA,NA,NA,NA,NA,NA,NA
502.881,2.9734,64.7499,1.6503,63.7199,NA,NA,NA,NA,NA,NA,NA,NA,NA,NA,NA,NA
502.915,2.9524,63.5855,1.6495,63.6355,NA,NA,NA,NA,NA,NA,NA,NA,NA,NA,NA,NA
503.021,2.9488,63.3902,1.6489,63.5798,NA,NA,NA,NA,NA,NA,NA,NA,NA,NA,NA,NA
503.124,2.9407,62.9372,1.6459,63.2788,NA,NA,NA,NA,NA,NA,NA,NA,NA,NA,NA,NA
503.210,2.9577,63.8787,1.6455,63.2367,NA,NA,NA,NA,NA,NA,NA,NA,NA,NA,NA,NA
503.318,2.9577,63.8787,1.6425,62.9476,NA,NA,NA,NA,NA,NA,NA,NA,NA,NA,NA,NA
503.406,2.9514,63.5323,1.6410,62.7969,NA,NA,NA,NA,NA,NA,NA,NA,NA,NA,NA,NA
503.575,2.9503,63.4726,1.6393,62.6280,NA,NA,NA,NA,NA,NA,NA,NA,NA,NA,NA,NA
503.600,2.9452,63.1903,1.6386,62.5576,NA,NA,NA,NA,NA,NA,NA,NA,NA,NA,NA,NA
503.699,2.9404,62.9211,1.6383,62.5262,NA,NA,NA,NA,NA,NA,NA,NA,NA,NA,NA,NA
503.805,2.9263,62.1382,1.6384,62.5333,NA,NA,NA,NA,NA,NA,NA,NA,NA,NA,NA,NA
503.898,2.9314,62.4230,1.6384,62.5333,NA,NA,NA,NA,NA,NA,NA,NA,NA,NA,NA,NA
504.046,2.9314,62.4230,1.6358,62.2741,NA,NA,NA,NA,NA,NA,NA,NA,NA,NA,NA,NA
504.093,2.9272,62.1911,1.6340,62.0971,NA,NA,NA,NA,NA,NA,NA,NA,NA,NA,NA,NA
504.188,2.9272,62.1911,1.6332,62.0191,NA,NA,NA,NA,NA,NA,NA,NA,NA,NA,NA,NA
504.290,2.9207,61.8298,1.6332,62.0191,NA,NA,NA,NA,NA,NA,NA,NA,NA,NA,NA,NA
504.389,2.9179,61.6772,1.6315,61.8503,NA,NA,NA,NA,NA,NA,NA,NA,NA,NA,NA,NA
504.487,2.9115,61.3235,1.6315,61.8503,NA,NA,NA,NA,NA,NA,NA,NA,NA,NA,NA,NA
504.646,2.9093,61.1999,1.6273,61.4320,NA,NA,NA,NA,NA,NA,NA,NA,NA,NA,NA,NA
504.681,2.9080,61.1292,1.6259,61.2998,NA,NA,NA,NA,NA,NA,NA,NA,NA,NA,NA,NA
504.777,2.9031,60.8572,1.6259,61.2998,NA,NA,NA,NA,NA,NA,NA,NA,NA,NA,NA,NA
504.877,2.9031,60.8572,1.6250,61.2115,NA,NA,NA,NA,NA,NA,NA,NA,NA,NA,NA,NA
504.974,2.9044,60.9286,1.6235,61.0573,NA,NA,NA,NA,NA,NA,NA,NA,NA,NA,NA,NA
505.071,2.9044,60.9286,1.6239,61.0935,NA,NA,NA,NA,NA,NA,NA,NA,NA,NA,NA,NA
505.170,2.8737,59.2258,1.6242,61.1247,NA,NA,NA,NA,NA,NA,NA,NA,NA,NA,NA,NA
505.267,2.8699,59.0162,1.6242,61.1247,NA,NA,NA,NA,NA,NA,NA,NA,NA,NA,NA,NA
505.366,2.8665,58.8249,1.6229,60.9996,NA,NA,NA,NA,NA,NA,NA,NA,NA,NA,NA,NA
505.460,2.8709,59.0686,1.6229,60.9996,NA,NA,NA,NA,NA,NA,NA,NA,NA,NA,NA,NA
505.569,2.8709,59.0686,1.6209,60.8041,NA,NA,NA,NA,NA,NA,NA,NA,NA,NA,NA,NA
505.660,2.8695,58.9923,1.6187,60.5783,NA,NA,NA,NA,NA,NA,NA,NA,NA,NA,NA,NA
505.756,2.8695,58.9923,1.6197,60.6774,NA,NA,NA,NA,NA,NA,NA,NA,NA,NA,NA,NA
505.894,2.8706,59.0574,1.6197,60.6774,NA,NA,NA,NA,NA,NA,NA,NA,NA,NA,NA,NA
505.953,2.8706,59.0574,1.6181,60.5248,NA,NA,NA,NA,NA,NA,NA,NA,NA,NA,NA,NA
506.055,2.8559,58.2422,1.6160,60.3114,NA,NA,NA,NA,NA,NA,NA,NA,NA,NA,NA,NA
506.147,2.8650,58.7470,1.6158,60.2985,NA,NA,NA,NA,NA,NA,NA,NA,NA,NA,NA,NA
506.248,2.8650,58.7470,1.6151,60.2207,NA,NA,NA,NA,NA,NA,NA,NA,NA,NA,NA,NA
506.345,2.8651,58.7495,1.6151,60.2207,NA,NA,NA,NA,NA,NA,NA,NA,NA,NA,NA,NA
506.479,2.8651,58.7495,1.6142,60.1360,NA,NA,NA,NA,NA,NA,NA,NA,NA,NA,NA,NA
506.554,2.8594,58.4325,1.6141,60.1272,NA,NA,NA,NA,NA,NA,NA,NA,NA,NA,NA,NA
506.641,2.8594,58.4325,1.6134,60.0601,NA,NA,NA,NA,NA,NA,NA,NA,NA,NA,NA,NA
506.733,2.8446,57.6138,1.6123,59.9459,NA,NA,NA,NA,NA,NA,NA,NA,NA,NA,NA,NA
506.834,2.8411,57.4186,1.6123,59.9459,NA,NA,NA,NA,NA,NA,NA,NA,NA,NA,NA,NA
506.944,2.8367,57.1766,1.6082,59.5358,NA,NA,NA,NA,NA,NA,NA,NA,NA,NA,NA,NA
507.051,2.8367,57.1766,1.6078,59.5036,NA,NA,NA,NA,NA,NA,NA,NA,NA,NA,NA,NA
507.135,2.8348,57.0723,1.6067,59.3906,NA,NA,NA,NA,NA,NA,NA,NA,NA,NA,NA,NA
507.223,2.8271,56.6459,1.6067,59.3906,NA,NA,NA,NA,NA,NA,NA,NA,NA,NA,NA,NA
507.319,2.8247,56.5101,1.6047,59.1948,NA,NA,NA,NA,NA,NA,NA,NA,NA,NA,NA,NA
507.419,2.8232,56.4310,1.6047,59.1948,NA,NA,NA,NA,NA,NA,NA,NA,NA,NA,NA,NA
507.534,2.8243,56.4882,1.6035,59.0741,NA,NA,NA,NA,NA,NA,NA,NA,NA,NA,NA,NA
507.619,2.8268,56.6274,1.6035,59.0741,NA,NA,NA,NA,NA,NA,NA,NA,NA,NA,NA,NA
507.737,2.8268,56.6274,1.6027,58.9908,NA,NA,NA,NA,NA,NA,NA,NA,NA,NA,NA,NA
507.820,2.8304,56.8284,1.5980,58.5273,NA,NA,NA,NA,NA,NA,NA,NA,NA,NA,NA,NA
507.914,2.8304,56.8284,1.5980,58.5265,NA,NA,NA,NA,NA,NA,NA,NA,NA,NA,NA,NA
508.011,2.8228,56.4040,1.5971,58.4393,NA,NA,NA,NA,NA,NA,NA,NA,NA,NA,NA,NA
508.106,2.8155,56.0012,1.5967,58.4018,NA,NA,NA,NA,NA,NA,NA,NA,NA,NA,NA,NA
508.205,2.8120,55.8056,1.5952,58.2508,NA,NA,NA,NA,NA,NA,NA,NA,NA,NA,NA,NA
508.358,2.8199,56.2442,1.5952,58.2508,NA,NA,NA,NA,NA,NA,NA,NA,NA,NA,NA,NA
508.402,2.8199,56.2442,1.5951,58.2378,NA,NA,NA,NA,NA,NA,NA,NA,NA,NA,NA,NA
508.495,2.8244,56.4974,1.5944,58.1738,NA,NA,NA,NA,NA,NA,NA,NA,NA,NA,NA,NA
508.614,2.8244,56.4974,1.5944,58.1738,NA,NA,NA,NA,NA,NA,NA,NA,NA,NA,NA,NA
508.690,2.8106,55.7279,1.5938,58.1077,NA,NA,NA,NA,NA,NA,NA,NA,NA,NA,NA,NA
508.793,2.8028,55.3004,1.5935,58.0776,NA,NA,NA,NA,NA,NA,NA,NA,NA,NA,NA,NA
508.938,2.8028,55.3004,1.5912,57.8531,NA,NA,NA,NA,NA,NA,NA,NA,NA,NA,NA,NA
508.987,2.8034,55.3304,1.5915,57.8804,NA,NA,NA,NA,NA,NA,NA,NA,NA,NA,NA,NA
509.087,2.8034,55.3304,1.5923,57.9603,NA,NA,NA,NA,NA,NA,NA,NA,NA,NA,NA,NA
509.188,2.7969,54.9698,1.5923,57.9603,NA,NA,NA,NA,NA,NA,NA,NA,NA,NA,NA,NA
509.281,2.7964,54.9452,1.5922,57.9569,NA,NA,NA,NA,NA,NA,NA,NA,NA,NA,NA,NA
509.387,2.8002,55.1530,1.5912,57.8493,NA,NA,NA,NA,NA,NA,NA,NA,NA,NA,NA,NA
509.547,2.8002,55.1530,1.5903,57.7649,NA,NA,NA,NA,NA,NA,NA,NA,NA,NA,NA,NA
509.580,2.7994,55.1120,1.5903,57.7649,NA,NA,NA,NA,NA,NA,NA,NA,NA,NA,NA,NA
509.675,2.7937,54.7958,1.5891,57.6443,NA,NA,NA,NA,NA,NA,NA,NA,NA,NA,NA,NA
509.768,2.7905,54.6176,1.5864,57.3816,NA,NA,NA,NA,NA,NA,NA,NA,NA,NA,NA,NA
509.866,2.7887,54.5143,1.5856,57.3006,NA,NA,NA,NA,NA,NA,NA,NA,NA,NA,NA,NA
509.970,2.7864,54.3918,1.5847,57.2079,NA,NA,NA,NA,NA,NA,NA,NA,NA,NA,NA,NA
510.114,2.7783,53.9404,1.5844,57.1786,NA,NA,NA,NA,NA,NA,NA,NA,NA,NA,NA,NA
510.163,2.7777,53.9068,1.5845,57.1904,NA,NA,NA,NA,NA,NA,NA,NA,NA,NA,NA,NA
510.258,2.7762,53.8221,1.5845,57.1904,NA,NA,NA,NA,NA,NA,NA,NA,NA,NA,NA,NA
510.365,2.7762,53.8221,1.5839,57.1256,NA,NA,NA,NA,NA,NA,NA,NA,NA,NA,NA,NA
510.454,2.7673,53.3288,1.5839,57.1256,NA,NA,NA,NA,NA,NA,NA,NA,NA,NA,NA,NA
510.554,2.7589,52.8653,1.5823,56.9716,NA,NA,NA,NA,NA,NA,NA,NA,NA,NA,NA,NA
510.691,2.7607,52.9645,1.5810,56.8414,NA,NA,NA,NA,NA,NA,NA,NA,NA,NA,NA,NA
510.770,2.7672,53.3256,1.5805,56.7895,NA,NA,NA,NA,NA,NA,NA,NA,NA,NA,NA,NA
510.851,2.7672,53.3256,1.5812,56.8658,NA,NA,NA,NA,NA,NA,NA,NA,NA,NA,NA,NA
510.945,2.7522,52.4936,1.5812,56.8658,NA,NA,NA,NA,NA,NA,NA,NA,NA,NA,NA,NA
511.053,2.7549,52.6466,1.5805,56.7930,NA,NA,NA,NA,NA,NA,NA,NA,NA,NA,NA,NA
511.142,2.7549,52.6466,1.5801,56.7488,NA,NA,NA,NA,NA,NA,NA,NA,NA,NA,NA,NA
511.265,2.7580,52.8157,1.5800,56.7430,NA,NA,NA,NA,NA,NA,NA,NA,NA,NA,NA,NA
511.356,2.7580,52.8157,1.5793,56.6765,NA,NA,NA,NA,NA,NA,NA,NA,NA,NA,NA,NA
511.431,2.7588,52.8623,1.5781,56.5539,NA,NA,NA,NA,NA,NA,NA,NA,NA,NA,NA,NA
511.534,2.7588,52.8623,1.5777,56.5150,NA,NA,NA,NA,NA,NA,NA,NA,NA,NA,NA,NA
511.632,2.7657,53.2398,1.5764,56.3821,NA,NA,NA,NA,NA,NA,NA,NA,NA,NA,NA,NA
511.737,2.7657,53.2398,1.5759,56.3348,NA,NA,NA,NA,NA,NA,NA,NA,NA,NA,NA,NA
511.839,2.7582,52.8293,1.5750,56.2425,NA,NA,NA,NA,NA,NA,NA,NA,NA,NA,NA,NA
511.928,2.7558,52.6966,1.5750,56.2425,NA,NA,NA,NA,NA,NA,NA,NA,NA,NA,NA,NA
512.021,2.7535,52.5656,1.5747,56.2125,NA,NA,NA,NA,NA,NA,NA,NA,NA,NA,NA,NA
512.118,2.7522,52.4933,1.5739,56.1368,NA,NA,NA,NA,NA,NA,NA,NA,NA,NA,NA,NA
512.214,2.7522,52.4933,1.5724,55.9922,NA,NA,NA,NA,NA,NA,NA,NA,NA,NA,NA,NA
512.318,2.7565,52.7347,1.5724,55.9889,NA,NA,NA,NA,NA,NA,NA,NA,NA,NA,NA,NA
512.455,2.7565,52.7347,1.5709,55.8426,NA,NA,NA,NA,NA,NA,NA,NA,NA,NA,NA,NA
512.507,2.7418,51.9167,1.5686,55.6130,NA,NA,NA,NA,NA,NA,NA,NA,NA,NA,NA,NA
512.616,2.7321,51.3810,1.5681,55.5645,NA,NA,NA,NA,NA,NA,NA,NA,NA,NA,NA,NA
512.709,2.7321,51.3810,1.5674,55.4898,NA,NA,NA,NA,NA,NA,NA,NA,NA,NA,NA,NA
512.807,2.7343,51.5011,1.5664,55.3919,NA,NA,NA,NA,NA,NA,NA,NA,NA,NA,NA,NA
512.911,2.7343,51.5011,1.5661,55.3638,NA,NA,NA,NA,NA,NA,NA,NA,NA,NA,NA,NA
513.009,2.7284,51.1758,1.5641,55.1615,NA,NA,NA,NA,NA,NA,NA,NA,NA,NA,NA,NA
513.122,2.7257,51.0270,1.5625,55.0044,NA,NA,NA,NA,NA,NA,NA,NA,NA,NA,NA,NA
513.198,2.7298,51.2546,1.5622,54.9785,NA,NA,NA,NA,NA,NA,NA,NA,NA,NA,NA,NA
513.301,2.7298,51.2546,1.5626,55.0176,NA,NA,NA,NA,NA,NA,NA,NA,NA,NA,NA,NA
513.391,2.7241,50.9373,1.5626,55.0176,NA,NA,NA,NA,NA,NA,NA,NA,NA,NA,NA,NA
513.488,2.7241,50.9373,1.5607,54.8301,NA,NA,NA,NA,NA,NA,NA,NA,NA,NA,NA,NA
513.585,2.7452,52.1051,1.5633,55.0878,NA,NA,NA,NA,NA,NA,NA,NA,NA,NA,NA,NA
513.697,2.7622,53.0496,1.5660,55.3574,NA,NA,NA,NA,NA,NA,NA,NA,NA,NA,NA,NA
513.779,2.7908,54.6319,1.5741,56.1562,NA,NA,NA,NA,NA,NA,NA,NA,NA,NA,NA,NA
513.882,2.8174,56.1050,1.5783,56.5753,NA,NA,NA,NA,NA,NA,NA,NA,NA,NA,NA,NA
513.979,2.8363,57.1549,1.5873,57.4662,NA,NA,NA,NA,NA,NA,NA,NA,NA,NA,NA,NA
514.081,2.8920,60.2393,1.5953,58.2559,NA,NA,NA,NA,NA,NA,NA,NA,NA,NA,NA,NA
514.175,2.9068,61.0625,1.6011,58.8396,NA,NA,NA,NA,NA,NA,NA,NA,NA,NA,NA,NA
514.269,2.9538,63.6626,1.6048,59.2031,NA,NA,NA,NA,NA,NA,NA,NA,NA,NA,NA,NA
514.370,2.9762,64.9058,1.6140,60.1179,NA,NA,NA,NA,NA,NA,NA,NA,NA,NA,NA,NA
514.468,3.0009,66.2765,1.6205,60.7576,NA,NA,NA,NA,NA,NA,NA,NA,NA,NA,NA,NA
514.566,3.0136,66.9760,1.6241,61.1176,NA,NA,NA,NA,NA,NA,NA,NA,NA,NA,NA,NA
514.661,3.0203,67.3504,1.6317,61.8736,NA,NA,NA,NA,NA,NA,NA,NA,NA,NA,NA,NA
514.771,3.0731,70.2736,1.6365,62.3459,NA,NA,NA,NA,NA,NA,NA,NA,NA,NA,NA,NA
514.869,3.0888,71.1432,1.6424,62.9350,NA,NA,NA,NA,NA,NA,NA,NA,NA,NA,NA,NA
514.960,3.1307,73.4657,1.6468,63.3728,NA,NA,NA,NA,NA,NA,NA,NA,NA,NA,NA,NA
515.062,3.1451,74.2640,1.6527,63.9527,NA,NA,NA,NA,NA,NA,NA,NA,NA,NA,NA,NA
515.153,3.1590,75.0342,1.6561,64.2914,NA,NA,NA,NA,NA,NA,NA,NA,NA,NA,NA,NA
515.258,3.1707,75.6849,1.6610,64.7805,NA,NA,NA,NA,NA,NA,NA,NA,NA,NA,NA,NA
515.349,3.1768,76.0189,1.6672,65.3896,NA,NA,NA,NA,NA,NA,NA,NA,NA,NA,NA,NA
515.453,3.1842,76.4291,1.6701,65.6767,NA,NA,NA,NA,NA,NA,NA,NA,NA,NA,NA,NA
515.544,3.1870,76.5871,1.6748,66.1465,NA,NA,NA,NA,NA,NA,NA,NA,NA,NA,NA,NA
515.641,3.2170,78.2460,1.6776,66.4282,NA,NA,NA,NA,NA,NA,NA,NA,NA,NA,NA,NA
515.746,3.2179,78.2997,1.6791,66.5704,NA,NA,NA,NA,NA,NA,NA,NA,NA,NA,NA,NA
515.838,3.2179,78.2997,1.6791,66.5704,NA,NA,NA,NA,NA,NA,NA,NA,NA,NA,NA,NA
515.942,3.2159,78.1895,1.6757,66.2356,NA,NA,NA,NA,NA,NA,NA,NA,NA,NA,NA,NA
516.040,3.1980,77.1970,1.6754,66.2041,NA,NA,NA,NA,NA,NA,NA,NA,NA,NA,NA,NA
516.140,3.1945,76.9988,1.6754,66.2041,NA,NA,NA,NA,NA,NA,NA,NA,NA,NA,NA,NA
516.228,3.1811,76.2584,1.6743,66.0990,NA,NA,NA,NA,NA,NA,NA,NA,NA,NA,NA,NA
516.327,3.1674,75.4999,1.6736,66.0230,NA,NA,NA,NA,NA,NA,NA,NA,NA,NA,NA,NA
516.434,3.1531,74.7086,1.6716,65.8279,NA,NA,NA,NA,NA,NA,NA,NA,NA,NA,NA,NA
516.531,3.1328,73.5852,1.6633,65.0102,NA,NA,NA,NA,NA,NA,NA,NA,NA,NA,NA,NA
516.621,3.1199,72.8664,1.6593,64.6079,NA,NA,NA,NA,NA,NA,NA,NA,NA,NA,NA,NA
516.720,3.0943,71.4490,1.6571,64.3878,NA,NA,NA,NA,NA,NA,NA,NA,NA,NA,NA,NA
516.815,3.0826,70.8019,1.6523,63.9130,NA,NA,NA,NA,NA,NA,NA,NA,NA,NA,NA,NA
516.920,3.0634,69.7357,1.6492,63.6056,NA,NA,NA,NA,NA,NA,NA,NA,NA,NA,NA,NA
517.022,3.0546,69.2516,1.6477,63.4587,NA,NA,NA,NA,NA,NA,NA,NA,NA,NA,NA,NA
517.109,3.0347,68.1453,1.6448,63.1749,NA,NA,NA,NA,NA,NA,NA,NA,NA,NA,NA,NA
517.267,3.0255,67.6396,1.6418,62.8782,NA,NA,NA,NA,NA,NA,NA,NA,NA,NA,NA,NA
517.314,3.0211,67.3950,1.6394,62.6376,NA,NA,NA,NA,NA,NA,NA,NA,NA,NA,NA,NA
517.406,3.0154,67.0751,1.6370,62.3949,NA,NA,NA,NA,NA,NA,NA,NA,NA,NA,NA,NA
517.507,3.0086,66.6989,1.6345,62.1501,NA,NA,NA,NA,NA,NA,NA,NA,NA,NA,NA,NA
517.606,3.0023,66.3527,1.6324,61.9411,NA,NA,NA,NA,NA,NA,NA,NA,NA,NA,NA,NA
517.698,2.9994,66.1893,1.6303,61.7300,NA,NA,NA,NA,NA,NA,NA,NA,NA,NA,NA,NA
517.796,2.9859,65.4443,1.6289,61.5929,NA,NA,NA,NA,NA,NA,NA,NA,NA,NA,NA,NA
517.944,2.9745,64.8139,1.6277,61.4768,NA,NA,NA,NA,NA,NA,NA,NA,NA,NA,NA,NA
517.996,2.9745,64.8139,1.6243,61.1418,NA,NA,NA,NA,NA,NA,NA,NA,NA,NA,NA,NA
518.089,2.9568,63.8289,1.6213,60.8416,NA,NA,NA,NA,NA,NA,NA,NA,NA,NA,NA,NA
518.188,2.9568,63.8289,1.6194,60.6533,NA,NA,NA,NA,NA,NA,NA,NA,NA,NA,NA,NA
518.295,2.9545,63.7035,1.6172,60.4279,NA,NA,NA,NA,NA,NA,NA,NA,NA,NA,NA,NA
518.387,2.9531,63.6235,1.6148,60.1942,NA,NA,NA,NA,NA,NA,NA,NA,NA,NA,NA,NA
518.501,2.9405,62.9299,1.6130,60.0189,NA,NA,NA,NA,NA,NA,NA,NA,NA,NA,NA,NA
518.578,2.9307,62.3821,1.6116,59.8788,NA,NA,NA,NA,NA,NA,NA,NA,NA,NA,NA,NA
518.677,2.9282,62.2437,1.6100,59.7211,NA,NA,NA,NA,NA,NA,NA,NA,NA,NA,NA,NA
518.784,2.9255,62.0957,1.6071,59.4351,NA,NA,NA,NA,NA,NA,NA,NA,NA,NA,NA,NA
518.886,2.9175,61.6518,1.6045,59.1762,NA,NA,NA,NA,NA,NA,NA,NA,NA,NA,NA,NA
518.978,2.9061,61.0197,1.6005,58.7793,NA,NA,NA,NA,NA,NA,NA,NA,NA,NA,NA,NA
519.129,2.8895,60.0999,1.5971,58.4424,NA,NA,NA,NA,NA,NA,NA,NA,NA,NA,NA,NA
519.171,2.8875,59.9935,1.5951,58.2445,NA,NA,NA,NA,NA,NA,NA,NA,NA,NA,NA,NA
519.267,2.8824,59.7057,1.5935,58.0812,NA,NA,NA,NA,NA,NA,NA,NA,NA,NA,NA,NA
519.363,2.8963,60.4782,1.5944,58.1728,NA,NA,NA,NA,NA,NA,NA,NA,NA,NA,NA,NA
519.463,2.9105,61.2629,1.5974,58.4667,NA,NA,NA,NA,NA,NA,NA,NA,NA,NA,NA,NA
519.560,2.9382,62.8009,1.6066,59.3768,NA,NA,NA,NA,NA,NA,NA,NA,NA,NA,NA,NA
519.682,2.9575,63.8703,1.6111,59.8296,NA,NA,NA,NA,NA,NA,NA,NA,NA,NA,NA,NA
519.762,2.9755,64.8670,1.6145,60.1690,NA,NA,NA,NA,NA,NA,NA,NA,NA,NA,NA,NA
519.854,2.9871,65.5110,1.6162,60.3328,NA,NA,NA,NA,NA,NA,NA,NA,NA,NA,NA,NA
519.953,2.9923,65.7956,1.6171,60.4190,NA,NA,NA,NA,NA,NA,NA,NA,NA,NA,NA,NA
520.055,2.9975,66.0848,1.6171,60.4190,NA,NA,NA,NA,NA,NA,NA,NA,NA,NA,NA,NA
520.168,2.9995,66.1941,1.6159,60.3077,NA,NA,NA,NA,NA,NA,NA,NA,NA,NA,NA,NA
520.263,2.9995,66.1941,1.6158,60.2941,NA,NA,NA,NA,NA,NA,NA,NA,NA,NA,NA,NA
520.351,2.9978,66.1000,1.6146,60.1770,NA,NA,NA,NA,NA,NA,NA,NA,NA,NA,NA,NA
520.441,2.9885,65.5898,1.6140,60.1176,NA,NA,NA,NA,NA,NA,NA,NA,NA,NA,NA,NA
520.540,2.9634,64.1956,1.6114,59.8597,NA,NA,NA,NA,NA,NA,NA,NA,NA,NA,NA,NA
520.642,2.9500,63.4548,1.6047,59.1928,NA,NA,NA,NA,NA,NA,NA,NA,NA,NA,NA,NA
520.731,2.9325,62.4862,1.6028,59.0029,NA,NA,NA,NA,NA,NA,NA,NA,NA,NA,NA,NA
520.829,2.9325,62.4862,1.6009,58.8201,NA,NA,NA,NA,NA,NA,NA,NA,NA,NA,NA,NA
520.939,2.9096,61.2173,1.5981,58.5398,NA,NA,NA,NA,NA,NA,NA,NA,NA,NA,NA,NA
521.030,2.9096,61.2173,1.5973,58.4600,NA,NA,NA,NA,NA,NA,NA,NA,NA,NA,NA,NA
521.143,2.9042,60.9147,1.5926,57.9948,NA,NA,NA,NA,NA,NA,NA,NA,NA,NA,NA,NA
521.224,2.8972,60.5289,1.5896,57.6936,NA,NA,NA,NA,NA,NA,NA,NA,NA,NA,NA,NA
521.318,2.8807,59.6119,1.5882,57.5594,NA,NA,NA,NA,NA,NA,NA,NA,NA,NA,NA,NA
521.415,2.8775,59.4396,1.5882,57.5594,NA,NA,NA,NA,NA,NA,NA,NA,NA,NA,NA,NA
521.514,2.8775,59.4396,1.5855,57.2866,NA,NA,NA,NA,NA,NA,NA,NA,NA,NA,NA,NA
521.620,2.8776,59.4417,1.5855,57.2866,NA,NA,NA,NA,NA,NA,NA,NA,NA,NA,NA,NA
521.711,2.8776,59.4417,1.5843,57.1677,NA,NA,NA,NA,NA,NA,NA,NA,NA,NA,NA,NA
521.808,2.8730,59.1894,1.5810,56.8463,NA,NA,NA,NA,NA,NA,NA,NA,NA,NA,NA,NA
521.913,2.8730,59.1894,1.5795,56.6942,NA,NA,NA,NA,NA,NA,NA,NA,NA,NA,NA,NA
522.007,2.8586,58.3912,1.5788,56.6184,NA,NA,NA,NA,NA,NA,NA,NA,NA,NA,NA,NA
522.148,2.8561,58.2538,1.5777,56.5115,NA,NA,NA,NA,NA,NA,NA,NA,NA,NA,NA,NA
522.201,2.8330,56.9695,1.5737,56.1128,NA,NA,NA,NA,NA,NA,NA,NA,NA,NA,NA,NA
522.307,2.8299,56.7970,1.5735,56.0932,NA,NA,NA,NA,NA,NA,NA,NA,NA,NA,NA,NA
522.401,2.8292,56.7597,1.5724,55.9882,NA,NA,NA,NA,NA,NA,NA,NA,NA,NA,NA,NA
522.499,2.8280,56.6969,1.5717,55.9197,NA,NA,NA,NA,NA,NA,NA,NA,NA,NA,NA,NA
522.635,2.8277,56.6764,1.5715,55.8978,NA,NA,NA,NA,NA,NA,NA,NA,NA,NA,NA,NA
522.723,2.8228,56.4044,1.5686,55.6087,NA,NA,NA,NA,NA,NA,NA,NA,NA,NA,NA,NA
522.792,2.8273,56.6561,1.5697,55.7219,NA,NA,NA,NA,NA,NA,NA,NA,NA,NA,NA,NA
522.887,2.8489,57.8505,1.5720,55.9466,NA,NA,NA,NA,NA,NA,NA,NA,NA,NA,NA,NA
522.984,2.8792,59.5318,1.5820,56.9368,NA,NA,NA,NA,NA,NA,NA,NA,NA,NA,NA,NA
523.081,2.8995,60.6536,1.5950,58.2296,NA,NA,NA,NA,NA,NA,NA,NA,NA,NA,NA,NA
523.181,2.9556,63.7627,1.6063,59.3554,NA,NA,NA,NA,NA,NA,NA,NA,NA,NA,NA,NA
523.293,2.9837,65.3218,1.6216,60.8687,NA,NA,NA,NA,NA,NA,NA,NA,NA,NA,NA,NA
523.377,3.0324,68.0224,1.6312,61.8181,NA,NA,NA,NA,NA,NA,NA,NA,NA,NA,NA,NA
523.491,3.0616,69.6375,1.6439,63.0820,NA,NA,NA,NA,NA,NA,NA,NA,NA,NA,NA,NA
523.574,3.0815,70.7380,1.6543,64.1165,NA,NA,NA,NA,NA,NA,NA,NA,NA,NA,NA,NA
523.684,3.1391,73.9327,1.6617,64.8461,NA,NA,NA,NA,NA,NA,NA,NA,NA,NA,NA,NA
523.771,3.1588,75.0241,1.6743,66.0946,NA,NA,NA,NA,NA,NA,NA,NA,NA,NA,NA,NA
523.902,3.2126,78.0045,1.6827,66.9264,NA,NA,NA,NA,NA,NA,NA,NA,NA,NA,NA,NA
523.964,3.2261,78.7505,1.6939,68.0372,NA,NA,NA,NA,NA,NA,NA,NA,NA,NA,NA,NA
524.062,3.2694,81.1488,1.7019,68.8363,NA,NA,NA,NA,NA,NA,NA,NA,NA,NA,NA,NA
524.157,3.2855,82.0443,1.7092,69.5631,NA,NA,NA,NA,NA,NA,NA,NA,NA,NA,NA,NA
524.259,3.2895,82.2647,1.7193,70.5645,NA,NA,NA,NA,NA,NA,NA,NA,NA,NA,NA,NA
524.352,3.2895,82.2647,1.7262,71.2495,NA,NA,NA,NA,NA,NA,NA,NA,NA,NA,NA,NA
524.482,3.3177,83.8251,1.7343,72.0488,NA,NA,NA,NA,NA,NA,NA,NA,NA,NA,NA,NA
524.553,3.3387,84.9907,1.7388,72.4986,NA,NA,NA,NA,NA,NA,NA,NA,NA,NA,NA,NA
524.654,3.3387,84.9907,1.7456,73.1714,NA,NA,NA,NA,NA,NA,NA,NA,NA,NA,NA,NA
524.747,3.3775,87.1406,1.7479,73.3942,NA,NA,NA,NA,NA,NA,NA,NA,NA,NA,NA,NA
524.852,3.3775,87.1406,1.7486,73.4675,NA,NA,NA,NA,NA,NA,NA,NA,NA,NA,NA,NA
524.951,3.3730,86.8934,1.7486,73.4675,NA,NA,NA,NA,NA,NA,NA,NA,NA,NA,NA,NA
525.115,3.3537,85.8235,1.7477,73.3754,NA,NA,NA,NA,NA,NA,NA,NA,NA,NA,NA,NA
525.137,3.3500,85.6162,1.7471,73.3205,NA,NA,NA,NA,NA,NA,NA,NA,NA,NA,NA,NA
525.240,3.3477,85.4903,1.7450,73.1095,NA,NA,NA,NA,NA,NA,NA,NA,NA,NA,NA,NA
525.331,3.3143,83.6370,1.7448,73.0901,NA,NA,NA,NA,NA,NA,NA,NA,NA,NA,NA,NA
525.436,3.3022,82.9676,1.7402,72.6353,NA,NA,NA,NA,NA,NA,NA,NA,NA,NA,NA,NA
525.531,3.2718,81.2826,1.7336,71.9757,NA,NA,NA,NA,NA,NA,NA,NA,NA,NA,NA,NA
525.649,3.2505,80.1040,1.7305,71.6727,NA,NA,NA,NA,NA,NA,NA,NA,NA,NA,NA,NA
525.734,3.2315,79.0512,1.7207,70.7030,NA,NA,NA,NA,NA,NA,NA,NA,NA,NA,NA,NA
525.831,3.2116,77.9497,1.7131,69.9456,NA,NA,NA,NA,NA,NA,NA,NA,NA,NA,NA,NA
525.920,3.1943,76.9906,1.7090,69.5376,NA,NA,NA,NA,NA,NA,NA,NA,NA,NA,NA,NA
526.019,3.1812,76.2629,1.7051,69.1497,NA,NA,NA,NA,NA,NA,NA,NA,NA,NA,NA,NA
526.118,3.1778,76.0756,1.7001,68.6581,NA,NA,NA,NA,NA,NA,NA,NA,NA,NA,NA,NA
526.271,3.1450,74.2578,1.6944,68.0934,NA,NA,NA,NA,NA,NA,NA,NA,NA,NA,NA,NA
526.311,3.1398,73.9730,1.6916,67.8154,NA,NA,NA,NA,NA,NA,NA,NA,NA,NA,NA,NA
526.415,3.1361,73.7643,1.6882,67.4765,NA,NA,NA,NA,NA,NA,NA,NA,NA,NA,NA,NA
526.506,3.1289,73.3672,1.6855,67.2121,NA,NA,NA,NA,NA,NA,NA,NA,NA,NA,NA,NA
526.611,3.1246,73.1305,1.6794,66.6023,NA,NA,NA,NA,NA,NA,NA,NA,NA,NA,NA,NA
526.703,3.1172,72.7161,1.6772,66.3894,NA,NA,NA,NA,NA,NA,NA,NA,NA,NA,NA,NA
526.803,3.1150,72.5988,1.6738,66.0503,NA,NA,NA,NA,NA,NA,NA,NA,NA,NA,NA,NA
526.938,3.1044,72.0075,1.6704,65.7141,NA,NA,NA,NA,NA,NA,NA,NA,NA,NA,NA,NA
527.000,3.1042,71.9959,1.6692,65.5922,NA,NA,NA,NA,NA,NA,NA,NA,NA,NA,NA,NA
527.093,3.0937,71.4170,1.6659,65.2616,NA,NA,NA,NA,NA,NA,NA,NA,NA,NA,NA,NA
527.200,3.0743,70.3432,1.6648,65.1534,NA,NA,NA,NA,NA,NA,NA,NA,NA,NA,NA,NA
527.296,3.0708,70.1468,1.6616,64.8391,NA,NA,NA,NA,NA,NA,NA,NA,NA,NA,NA,NA
527.391,3.0612,69.6151,1.6606,64.7358,NA,NA,NA,NA,NA,NA,NA,NA,NA,NA,NA,NA
527.544,3.0612,69.6151,1.6549,64.1695,NA,NA,NA,NA,NA,NA,NA,NA,NA,NA,NA,NA
527.584,3.0550,69.2709,1.6522,63.9028,NA,NA,NA,NA,NA,NA,NA,NA,NA,NA,NA,NA
527.680,3.0550,69.2709,1.6512,63.8104,NA,NA,NA,NA,NA,NA,NA,NA,NA,NA,NA,NA
527.784,3.0399,68.4381,1.6489,63.5783,NA,NA,NA,NA,NA,NA,NA,NA,NA,NA,NA,NA
527.871,3.0308,67.9293,1.6484,63.5265,NA,NA,NA,NA,NA,NA,NA,NA,NA,NA,NA,NA
527.984,3.0267,67.7061,1.6484,63.5265,NA,NA,NA,NA,NA,NA,NA,NA,NA,NA,NA,NA
528.166,3.0267,67.7052,1.6446,63.1552,NA,NA,NA,NA,NA,NA,NA,NA,NA,NA,NA,NA
528.183,3.0267,67.7052,1.6436,63.0552,NA,NA,NA,NA,NA,NA,NA,NA,NA,NA,NA,NA
528.269,2.9996,66.2017,1.6415,62.8415,NA,NA,NA,NA,NA,NA,NA,NA,NA,NA,NA,NA
528.365,2.9941,65.8965,1.6372,62.4145,NA,NA,NA,NA,NA,NA,NA,NA,NA,NA,NA,NA
528.472,2.9937,65.8756,1.6350,62.1956,NA,NA,NA,NA,NA,NA,NA,NA,NA,NA,NA,NA
528.562,2.9937,65.8756,1.6337,62.0678,NA,NA,NA,NA,NA,NA,NA,NA,NA,NA,NA,NA
528.721,2.9879,65.5513,1.6329,61.9924,NA,NA,NA,NA,NA,NA,NA,NA,NA,NA,NA,NA
528.759,2.9789,65.0558,1.6296,61.6674,NA,NA,NA,NA,NA,NA,NA,NA,NA,NA,NA,NA
528.855,2.9711,64.6244,1.6277,61.4763,NA,NA,NA,NA,NA,NA,NA,NA,NA,NA,NA,NA
528.957,2.9651,64.2895,1.6262,61.3296,NA,NA,NA,NA,NA,NA,NA,NA,NA,NA,NA,NA
529.053,2.9648,64.2717,1.6266,61.3637,NA,NA,NA,NA,NA,NA,NA,NA,NA,NA,NA,NA
529.158,2.9532,63.6317,1.6266,61.3637,NA,NA,NA,NA,NA,NA,NA,NA,NA,NA,NA,NA
529.272,2.9640,64.2320,1.6269,61.3915,NA,NA,NA,NA,NA,NA,NA,NA,NA,NA,NA,NA
529.340,2.9935,65.8629,1.6344,62.1358,NA,NA,NA,NA,NA,NA,NA,NA,NA,NA,NA,NA
529.445,3.0145,67.0277,1.6415,62.8458,NA,NA,NA,NA,NA,NA,NA,NA,NA,NA,NA,NA
529.547,3.0330,68.0553,1.6520,63.8885,NA,NA,NA,NA,NA,NA,NA,NA,NA,NA,NA,NA
529.646,3.0710,70.1593,1.6573,64.4063,NA,NA,NA,NA,NA,NA,NA,NA,NA,NA,NA,NA
529.742,3.1009,71.8150,1.6643,65.1013,NA,NA,NA,NA,NA,NA,NA,NA,NA,NA,NA,NA
529.839,3.1550,74.8153,1.6706,65.7262,NA,NA,NA,NA,NA,NA,NA,NA,NA,NA,NA,NA
529.955,3.1718,75.7420,1.6829,66.9481,NA,NA,NA,NA,NA,NA,NA,NA,NA,NA,NA,NA
530.039,3.1906,76.7848,1.6938,68.0293,NA,NA,NA,NA,NA,NA,NA,NA,NA,NA,NA,NA
530.131,3.1975,77.1651,1.7052,69.1637,NA,NA,NA,NA,NA,NA,NA,NA,NA,NA,NA,NA
530.228,3.2266,78.7822,1.7144,70.0786,NA,NA,NA,NA,NA,NA,NA,NA,NA,NA,NA,NA
530.325,3.2787,81.6687,1.7211,70.7372,NA,NA,NA,NA,NA,NA,NA,NA,NA,NA,NA,NA
530.429,3.2968,82.6713,1.7264,71.2659,NA,NA,NA,NA,NA,NA,NA,NA,NA,NA,NA,NA
530.532,3.3496,85.5950,1.7352,72.1357,NA,NA,NA,NA,NA,NA,NA,NA,NA,NA,NA,NA
530.628,3.3496,85.5950,1.7429,72.9053,NA,NA,NA,NA,NA,NA,NA,NA,NA,NA,NA,NA
530.721,3.3962,88.1772,1.7486,73.4715,NA,NA,NA,NA,NA,NA,NA,NA,NA,NA,NA,NA
530.816,3.4059,88.7127,1.7520,73.8095,NA,NA,NA,NA,NA,NA,NA,NA,NA,NA,NA,NA
530.916,3.4097,88.9276,1.7638,74.9788,NA,NA,NA,NA,NA,NA,NA,NA,NA,NA,NA,NA
531.018,3.4356,90.3617,1.7696,75.5534,NA,NA,NA,NA,NA,NA,NA,NA,NA,NA,NA,NA
531.142,3.4476,91.0274,1.7733,75.9171,NA,NA,NA,NA,NA,NA,NA,NA,NA,NA,NA,NA
531.204,3.4620,91.8248,1.7780,76.3864,NA,NA,NA,NA,NA,NA,NA,NA,NA,NA,NA,NA
531.301,3.4682,92.1658,1.7807,76.6555,NA,NA,NA,NA,NA,NA,NA,NA,NA,NA,NA,NA
531.414,3.4682,92.1658,1.7807,76.6555,NA,NA,NA,NA,NA,NA,NA,NA,NA,NA,NA,NA
531.505,3.4591,91.6613,1.7804,76.6262,NA,NA,NA,NA,NA,NA,NA,NA,NA,NA,NA,NA
531.599,3.4416,90.6940,1.7790,76.4849,NA,NA,NA,NA,NA,NA,NA,NA,NA,NA,NA,NA
531.720,3.4347,90.3108,1.7790,76.4862,NA,NA,NA,NA,NA,NA,NA,NA,NA,NA,NA,NA
531.795,3.4310,90.1069,1.7790,76.4862,NA,NA,NA,NA,NA,NA,NA,NA,NA,NA,NA,NA
531.898,3.4285,89.9684,1.7783,76.4122,NA,NA,NA,NA,NA,NA,NA,NA,NA,NA,NA,NA
531.996,3.4285,89.9684,1.7758,76.1636,NA,NA,NA,NA,NA,NA,NA,NA,NA,NA,NA,NA
532.097,3.4005,88.4144,1.7738,75.9683,NA,NA,NA,NA,NA,NA,NA,NA,NA,NA,NA,NA
532.186,3.3711,86.7844,1.7703,75.6180,NA,NA,NA,NA,NA,NA,NA,NA,NA,NA,NA,NA
532.338,3.3593,86.1301,1.7665,75.2413,NA,NA,NA,NA,NA,NA,NA,NA,NA,NA,NA,NA
532.383,3.3318,84.6063,1.7587,74.4744,NA,NA,NA,NA,NA,NA,NA,NA,NA,NA,NA,NA
532.480,3.3063,83.1967,1.7505,73.6529,NA,NA,NA,NA,NA,NA,NA,NA,NA,NA,NA,NA
532.580,3.3022,82.9697,1.7459,73.2039,NA,NA,NA,NA,NA,NA,NA,NA,NA,NA,NA,NA
532.674,3.2912,82.3575,1.7425,72.8628,NA,NA,NA,NA,NA,NA,NA,NA,NA,NA,NA,NA
532.776,3.2867,82.1088,1.7348,72.1008,NA,NA,NA,NA,NA,NA,NA,NA,NA,NA,NA,NA
532.910,3.2697,81.1664,1.7309,71.7157,NA,NA,NA,NA,NA,NA,NA,NA,NA,NA,NA,NA
532.985,3.2405,79.5512,1.7285,71.4741,NA,NA,NA,NA,NA,NA,NA,NA,NA,NA,NA,NA
533.073,3.2320,79.0813,1.7269,71.3162,NA,NA,NA,NA,NA,NA,NA,NA,NA,NA,NA,NA
533.164,3.2249,78.6886,1.7237,70.9996,NA,NA,NA,NA,NA,NA,NA,NA,NA,NA,NA,NA
533.268,3.2249,78.6886,1.7203,70.6647,NA,NA,NA,NA,NA,NA,NA,NA,NA,NA,NA,NA
533.361,3.2037,77.5086,1.7178,70.4090,NA,NA,NA,NA,NA,NA,NA,NA,NA,NA,NA,NA
533.504,3.1988,77.2389,1.7154,70.1756,NA,NA,NA,NA,NA,NA,NA,NA,NA,NA,NA,NA
533.557,3.2025,77.4429,1.7116,69.7943,NA,NA,NA,NA,NA,NA,NA,NA,NA,NA,NA,NA
533.654,3.2025,77.4429,1.7094,69.5800,NA,NA,NA,NA,NA,NA,NA,NA,NA,NA,NA,NA
533.754,3.1978,77.1841,1.7055,69.1942,NA,NA,NA,NA,NA,NA,NA,NA,NA,NA,NA,NA
533.849,3.2022,77.4274,1.7045,69.0891,NA,NA,NA,NA,NA,NA,NA,NA,NA,NA,NA,NA
533.951,3.2022,77.4274,1.7012,68.7621,NA,NA,NA,NA,NA,NA,NA,NA,NA,NA,NA,NA
534.062,3.1835,76.3904,1.6974,68.3863,NA,NA,NA,NA,NA,NA,NA,NA,NA,NA,NA,NA
534.146,3.1815,76.2815,1.6950,68.1477,NA,NA,NA,NA,NA,NA,NA,NA,NA,NA,NA,NA
534.245,3.1755,75.9491,1.6932,67.9727,NA,NA,NA,NA,NA,NA,NA,NA,NA,NA,NA,NA
534.342,3.1723,75.7708,1.6924,67.8943,NA,NA,NA,NA,NA,NA,NA,NA,NA,NA,NA,NA
534.427,3.1532,74.7115,1.6893,67.5847,NA,NA,NA,NA,NA,NA,NA,NA,NA,NA,NA,NA
534.544,3.1469,74.3638,1.6882,67.4777,NA,NA,NA,NA,NA,NA,NA,NA,NA,NA,NA,NA
534.635,3.1406,74.0153,1.6831,66.9730,NA,NA,NA,NA,NA,NA,NA,NA,NA,NA,NA,NA
534.739,3.1489,74.4727,1.6818,66.8425,NA,NA,NA,NA,NA,NA,NA,NA,NA,NA,NA,NA
534.831,3.1489,74.4727,1.6803,66.6928,NA,NA,NA,NA,NA,NA,NA,NA,NA,NA,NA,NA
534.927,3.1372,73.8251,1.6795,66.6102,NA,NA,NA,NA,NA,NA,NA,NA,NA,NA,NA,NA
535.023,3.1321,73.5412,1.6768,66.3438,NA,NA,NA,NA,NA,NA,NA,NA,NA,NA,NA,NA
535.128,3.1179,72.7551,1.6755,66.2126,NA,NA,NA,NA,NA,NA,NA,NA,NA,NA,NA,NA
535.293,3.1005,71.7915,1.6741,66.0779,NA,NA,NA,NA,NA,NA,NA,NA,NA,NA,NA,NA
535.326,3.1019,71.8733,1.6726,65.9246,NA,NA,NA,NA,NA,NA,NA,NA,NA,NA,NA,NA
535.424,3.1019,71.8733,1.6726,65.9246,NA,NA,NA,NA,NA,NA,NA,NA,NA,NA,NA,NA
535.538,3.1016,71.8546,1.6723,65.8999,NA,NA,NA,NA,NA,NA,NA,NA,NA,NA,NA,NA
535.614,3.1013,71.8394,1.6705,65.7246,NA,NA,NA,NA,NA,NA,NA,NA,NA,NA,NA,NA
535.720,3.1013,71.8394,1.6679,65.4608,NA,NA,NA,NA,NA,NA,NA,NA,NA,NA,NA,NA
535.814,3.1020,71.8750,1.6666,65.3324,NA,NA,NA,NA,NA,NA,NA,NA,NA,NA,NA,NA
535.911,3.1020,71.8750,1.6640,65.0716,NA,NA,NA,NA,NA,NA,NA,NA,NA,NA,NA,NA
536.004,3.0918,71.3131,1.6640,65.0716,NA,NA,NA,NA,NA,NA,NA,NA,NA,NA,NA,NA
536.102,3.0685,70.0191,1.6615,64.8297,NA,NA,NA,NA,NA,NA,NA,NA,NA,NA,NA,NA
536.204,3.0643,69.7874,1.6611,64.7839,NA,NA,NA,NA,NA,NA,NA,NA,NA,NA,NA,NA
536.311,3.0749,70.3746,1.6609,64.7633,NA,NA,NA,NA,NA,NA,NA,NA,NA,NA,NA,NA
536.399,3.0749,70.3746,1.6605,64.7293,NA,NA,NA,NA,NA,NA,NA,NA,NA,NA,NA,NA
536.538,3.0726,70.2471,1.6592,64.6003,NA,NA,NA,NA,NA,NA,NA,NA,NA,NA,NA,NA
536.592,3.0726,70.2471,1.6576,64.4397,NA,NA,NA,NA,NA,NA,NA,NA,NA,NA,NA,NA
536.699,3.0678,69.9827,1.6575,64.4298,NA,NA,NA,NA,NA,NA,NA,NA,NA,NA,NA,NA
536.808,3.0610,69.6020,1.6575,64.4298,NA,NA,NA,NA,NA,NA,NA,NA,NA,NA,NA,NA
536.887,3.0540,69.2152,1.6569,64.3719,NA,NA,NA,NA,NA,NA,NA,NA,NA,NA,NA,NA
536.986,3.0571,69.3857,1.6549,64.1768,NA,NA,NA,NA,NA,NA,NA,NA,NA,NA,NA,NA
537.100,3.0571,69.3857,1.6538,64.0614,NA,NA,NA,NA,NA,NA,NA,NA,NA,NA,NA,NA
537.187,3.0473,68.8455,1.6534,64.0202,NA,NA,NA,NA,NA,NA,NA,NA,NA,NA,NA,NA
537.278,3.0473,68.8455,1.6526,63.9439,NA,NA,NA,NA,NA,NA,NA,NA,NA,NA,NA,NA
537.376,3.0487,68.9216,1.6507,63.7597,NA,NA,NA,NA,NA,NA,NA,NA,NA,NA,NA,NA
537.477,3.0487,68.9216,1.6494,63.6285,NA,NA,NA,NA,NA,NA,NA,NA,NA,NA,NA,NA
537.570,3.0431,68.6144,1.6494,63.6285,NA,NA,NA,NA,NA,NA,NA,NA,NA,NA,NA,NA
537.684,3.0391,68.3904,1.6482,63.5104,NA,NA,NA,NA,NA,NA,NA,NA,NA,NA,NA,NA
537.766,3.0309,67.9392,1.6458,63.2744,NA,NA,NA,NA,NA,NA,NA,NA,NA,NA,NA,NA
537.862,3.0295,67.8592,1.6435,63.0431,NA,NA,NA,NA,NA,NA,NA,NA,NA,NA,NA,NA
537.968,3.0232,67.5104,1.6425,62.9414,NA,NA,NA,NA,NA,NA,NA,NA,NA,NA,NA,NA
538.079,3.0181,67.2248,1.6412,62.8119,NA,NA,NA,NA,NA,NA,NA,NA,NA,NA,NA,NA
538.158,3.0145,67.0258,1.6411,62.7989,NA,NA,NA,NA,NA,NA,NA,NA,NA,NA,NA,NA
538.258,3.0174,67.1908,1.6411,62.7989,NA,NA,NA,NA,NA,NA,NA,NA,NA,NA,NA,NA
538.349,3.0174,67.1908,1.6400,62.6935,NA,NA,NA,NA,NA,NA,NA,NA,NA,NA,NA,NA
538.453,3.0112,66.8463,1.6387,62.5686,NA,NA,NA,NA,NA,NA,NA,NA,NA,NA,NA,NA
538.548,3.0112,66.8463,1.6373,62.4272,NA,NA,NA,NA,NA,NA,NA,NA,NA,NA,NA,NA
538.650,3.0035,66.4188,1.6371,62.4095,NA,NA,NA,NA,NA,NA,NA,NA,NA,NA,NA,NA
538.747,2.9999,66.2214,1.6360,62.2943,NA,NA,NA,NA,NA,NA,NA,NA,NA,NA,NA,NA
538.843,2.9973,66.0722,1.6347,62.1688,NA,NA,NA,NA,NA,NA,NA,NA,NA,NA,NA,NA
538.952,2.9942,65.9023,1.6347,62.1688,NA,NA,NA,NA,NA,NA,NA,NA,NA,NA,NA,NA
539.044,2.9934,65.8608,1.6330,61.9994,NA,NA,NA,NA,NA,NA,NA,NA,NA,NA,NA,NA
539.135,2.9870,65.5052,1.6324,61.9404,NA,NA,NA,NA,NA,NA,NA,NA,NA,NA,NA,NA
539.236,2.9870,65.5052,1.6322,61.9172,NA,NA,NA,NA,NA,NA,NA,NA,NA,NA,NA,NA
539.361,2.9887,65.5996,1.6310,61.8006,NA,NA,NA,NA,NA,NA,NA,NA,NA,NA,NA,NA
539.431,2.9887,65.5996,1.6308,61.7774,NA,NA,NA,NA,NA,NA,NA,NA,NA,NA,NA,NA
539.537,2.9598,63.9979,1.6296,61.6603,NA,NA,NA,NA,NA,NA,NA,NA,NA,NA,NA,NA
539.627,2.9609,64.0557,1.6279,61.4896,NA,NA,NA,NA,NA,NA,NA,NA,NA,NA,NA,NA
539.725,2.9609,64.0557,1.6290,61.6052,NA,NA,NA,NA,NA,NA,NA,NA,NA,NA,NA,NA
539.833,2.9604,64.0320,1.6290,61.6052,NA,NA,NA,NA,NA,NA,NA,NA,NA,NA,NA,NA
539.935,2.9604,64.0320,1.6271,61.4181,NA,NA,NA,NA,NA,NA,NA,NA,NA,NA,NA,NA
540.060,2.9622,64.1296,1.6239,61.0958,NA,NA,NA,NA,NA,NA,NA,NA,NA,NA,NA,NA
540.120,2.9622,64.1296,1.6233,61.0417,NA,NA,NA,NA,NA,NA,NA,NA,NA,NA,NA,NA
540.221,2.9585,63.9240,1.6224,60.9475,NA,NA,NA,NA,NA,NA,NA,NA,NA,NA,NA,NA
540.313,2.9544,63.6955,1.6222,60.9270,NA,NA,NA,NA,NA,NA,NA,NA,NA,NA,NA,NA
540.419,2.9461,63.2385,1.6221,60.9214,NA,NA,NA,NA,NA,NA,NA,NA,NA,NA,NA,NA
540.514,2.9497,63.4348,1.6215,60.8626,NA,NA,NA,NA,NA,NA,NA,NA,NA,NA,NA,NA
540.607,2.9497,63.4348,1.6211,60.8180,NA,NA,NA,NA,NA,NA,NA,NA,NA,NA,NA,NA
540.742,2.9422,63.0241,1.6211,60.8180,NA,NA,NA,NA,NA,NA,NA,NA,NA,NA,NA,NA
540.804,2.9422,63.0241,1.6208,60.7910,NA,NA,NA,NA,NA,NA,NA,NA,NA,NA,NA,NA
540.900,2.9410,62.9578,1.6194,60.6531,NA,NA,NA,NA,NA,NA,NA,NA,NA,NA,NA,NA
541.000,2.9410,62.9578,1.6194,60.6531,NA,NA,NA,NA,NA,NA,NA,NA,NA,NA,NA,NA
541.095,2.9329,62.5039,1.6189,60.6009,NA,NA,NA,NA,NA,NA,NA,NA,NA,NA,NA,NA
541.195,2.9329,62.5039,1.6189,60.6009,NA,NA,NA,NA,NA,NA,NA,NA,NA,NA,NA,NA
541.322,2.9254,62.0917,1.6176,60.4704,NA,NA,NA,NA,NA,NA,NA,NA,NA,NA,NA,NA
541.388,2.9313,62.4154,1.6176,60.4704,NA,NA,NA,NA,NA,NA,NA,NA,NA,NA,NA,NA
541.495,2.9313,62.4154,1.6161,60.3234,NA,NA,NA,NA,NA,NA,NA,NA,NA,NA,NA,NA
541.586,2.9277,62.2168,1.6143,60.1498,NA,NA,NA,NA,NA,NA,NA,NA,NA,NA,NA,NA
541.694,2.9277,62.2168,1.6133,60.0475,NA,NA,NA,NA,NA,NA,NA,NA,NA,NA,NA,NA
541.783,2.9234,61.9815,1.6132,60.0367,NA,NA,NA,NA,NA,NA,NA,NA,NA,NA,NA,NA
541.891,2.9226,61.9385,1.6132,60.0367,NA,NA,NA,NA,NA,NA,NA,NA,NA,NA,NA,NA
541.977,2.9133,61.4196,1.6113,59.8482,NA,NA,NA,NA,NA,NA,NA,NA,NA,NA,NA,NA
542.073,2.9140,61.4582,1.6113,59.8482,NA,NA,NA,NA,NA,NA,NA,NA,NA,NA,NA,NA
542.177,2.9140,61.4582,1.6115,59.8643,NA,NA,NA,NA,NA,NA,NA,NA,NA,NA,NA,NA
542.283,2.9179,61.6736,1.6115,59.8643,NA,NA,NA,NA,NA,NA,NA,NA,NA,NA,NA,NA
542.381,2.9179,61.6736,1.6111,59.8266,NA,NA,NA,NA,NA,NA,NA,NA,NA,NA,NA,NA
542.509,2.9081,61.1302,1.6082,59.5372,NA,NA,NA,NA,NA,NA,NA,NA,NA,NA,NA,NA
542.567,2.9064,61.0385,1.6067,59.3945,NA,NA,NA,NA,NA,NA,NA,NA,NA,NA,NA,NA
542.661,2.9008,60.7306,1.6071,59.4303,NA,NA,NA,NA,NA,NA,NA,NA,NA,NA,NA,NA
542.779,2.8990,60.6286,1.6071,59.4303,NA,NA,NA,NA,NA,NA,NA,NA,NA,NA,NA,NA
542.865,2.8968,60.5075,1.6050,59.2261,NA,NA,NA,NA,NA,NA,NA,NA,NA,NA,NA,NA
542.961,2.8968,60.5075,1.6045,59.1755,NA,NA,NA,NA,NA,NA,NA,NA,NA,NA,NA,NA
543.072,2.8926,60.2762,1.6008,58.8051,NA,NA,NA,NA,NA,NA,NA,NA,NA,NA,NA,NA
543.158,2.8780,59.4632,1.6002,58.7420,NA,NA,NA,NA,NA,NA,NA,NA,NA,NA,NA,NA
543.254,2.8778,59.4550,1.6005,58.7787,NA,NA,NA,NA,NA,NA,NA,NA,NA,NA,NA,NA
543.355,2.8766,59.3849,1.6005,58.7787,NA,NA,NA,NA,NA,NA,NA,NA,NA,NA,NA,NA
543.444,2.8766,59.3849,1.5993,58.6594,NA,NA,NA,NA,NA,NA,NA,NA,NA,NA,NA,NA
543.551,2.8748,59.2862,1.5993,58.6594,NA,NA,NA,NA,NA,NA,NA,NA,NA,NA,NA,NA
543.700,2.8748,59.2862,1.5992,58.6513,NA,NA,NA,NA,NA,NA,NA,NA,NA,NA,NA,NA
543.737,2.8767,59.3952,1.5982,58.5475,NA,NA,NA,NA,NA,NA,NA,NA,NA,NA,NA,NA
543.833,2.8768,59.3973,1.6006,58.7900,NA,NA,NA,NA,NA,NA,NA,NA,NA,NA,NA,NA
543.932,2.8927,60.2788,1.6060,59.3263,NA,NA,NA,NA,NA,NA,NA,NA,NA,NA,NA,NA
544.039,2.9148,61.5019,1.6115,59.8690,NA,NA,NA,NA,NA,NA,NA,NA,NA,NA,NA,NA
544.138,2.9470,63.2871,1.6260,61.3078,NA,NA,NA,NA,NA,NA,NA,NA,NA,NA,NA,NA
544.224,2.9843,65.3561,1.6325,61.9531,NA,NA,NA,NA,NA,NA,NA,NA,NA,NA,NA,NA
544.339,3.0167,67.1509,1.6427,62.9667,NA,NA,NA,NA,NA,NA,NA,NA,NA,NA,NA,NA
544.428,3.0617,69.6455,1.6520,63.8811,NA,NA,NA,NA,NA,NA,NA,NA,NA,NA,NA,NA
544.533,3.0774,70.5109,1.6609,64.7646,NA,NA,NA,NA,NA,NA,NA,NA,NA,NA,NA,NA
544.625,3.1069,72.1478,1.6718,65.8515,NA,NA,NA,NA,NA,NA,NA,NA,NA,NA,NA,NA
544.722,3.1253,73.1647,1.6810,66.7626,NA,NA,NA,NA,NA,NA,NA,NA,NA,NA,NA,NA
544.813,3.1473,74.3876,1.6908,67.7333,NA,NA,NA,NA,NA,NA,NA,NA,NA,NA,NA,NA
544.913,3.1739,75.8589,1.6959,68.2445,NA,NA,NA,NA,NA,NA,NA,NA,NA,NA,NA,NA
545.013,3.1954,77.0488,1.7080,69.4416,NA,NA,NA,NA,NA,NA,NA,NA,NA,NA,NA,NA
545.115,3.2233,78.5992,1.7166,70.2953,NA,NA,NA,NA,NA,NA,NA,NA,NA,NA,NA,NA
545.215,3.2240,78.6374,1.7260,71.2233,NA,NA,NA,NA,NA,NA,NA,NA,NA,NA,NA,NA
545.310,3.2406,79.5582,1.7306,71.6865,NA,NA,NA,NA,NA,NA,NA,NA,NA,NA,NA,NA
545.406,3.2605,80.6607,1.7380,72.4170,NA,NA,NA,NA,NA,NA,NA,NA,NA,NA,NA,NA
545.510,3.2605,80.6607,1.7418,72.7937,NA,NA,NA,NA,NA,NA,NA,NA,NA,NA,NA,NA
545.595,3.2837,81.9432,1.7465,73.2572,NA,NA,NA,NA,NA,NA,NA,NA,NA,NA,NA,NA
545.704,3.3026,82.9912,1.7525,73.8537,NA,NA,NA,NA,NA,NA,NA,NA,NA,NA,NA,NA
545.797,3.3209,84.0031,1.7570,74.2967,NA,NA,NA,NA,NA,NA,NA,NA,NA,NA,NA,NA
545.893,3.3277,84.3821,1.7637,74.9664,NA,NA,NA,NA,NA,NA,NA,NA,NA,NA,NA,NA
545.996,3.3451,85.3431,1.7698,75.5716,NA,NA,NA,NA,NA,NA,NA,NA,NA,NA,NA,NA
546.092,3.3451,85.3431,1.7767,76.2603,NA,NA,NA,NA,NA,NA,NA,NA,NA,NA,NA,NA
546.185,3.3377,84.9333,1.7832,76.8968,NA,NA,NA,NA,NA,NA,NA,NA,NA,NA,NA,NA
546.289,3.3558,85.9413,1.7871,77.2838,NA,NA,NA,NA,NA,NA,NA,NA,NA,NA,NA,NA
546.381,3.3558,85.9413,1.7882,77.3937,NA,NA,NA,NA,NA,NA,NA,NA,NA,NA,NA,NA
546.488,3.3624,86.3059,1.7882,77.3937,NA,NA,NA,NA,NA,NA,NA,NA,NA,NA,NA,NA
546.581,3.3624,86.3059,1.7876,77.3387,NA,NA,NA,NA,NA,NA,NA,NA,NA,NA,NA,NA
546.716,3.3589,86.1093,1.7876,77.3387,NA,NA,NA,NA,NA,NA,NA,NA,NA,NA,NA,NA
546.774,3.3589,86.1093,1.7864,77.2218,NA,NA,NA,NA,NA,NA,NA,NA,NA,NA,NA,NA
546.870,3.3326,84.6518,1.7812,76.7029,NA,NA,NA,NA,NA,NA,NA,NA,NA,NA,NA,NA
546.982,3.3190,83.9007,1.7792,76.4990,NA,NA,NA,NA,NA,NA,NA,NA,NA,NA,NA,NA
547.085,3.2885,82.2111,1.7719,75.7800,NA,NA,NA,NA,NA,NA,NA,NA,NA,NA,NA,NA
547.165,3.2617,80.7223,1.7674,75.3300,NA,NA,NA,NA,NA,NA,NA,NA,NA,NA,NA,NA
547.311,3.2412,79.5877,1.7632,74.9190,NA,NA,NA,NA,NA,NA,NA,NA,NA,NA,NA,NA
547.361,3.2191,78.3647,1.7582,74.4245,NA,NA,NA,NA,NA,NA,NA,NA,NA,NA,NA,NA
547.463,3.2086,77.7813,1.7498,73.5913,NA,NA,NA,NA,NA,NA,NA,NA,NA,NA,NA,NA
547.562,3.1781,76.0903,1.7429,72.9064,NA,NA,NA,NA,NA,NA,NA,NA,NA,NA,NA,NA
547.655,3.1730,75.8113,1.7393,72.5434,NA,NA,NA,NA,NA,NA,NA,NA,NA,NA,NA,NA
547.755,3.1569,74.9195,1.7361,72.2238,NA,NA,NA,NA,NA,NA,NA,NA,NA,NA,NA,NA
547.864,3.1535,74.7303,1.7336,71.9839,NA,NA,NA,NA,NA,NA,NA,NA,NA,NA,NA,NA
547.955,3.1414,74.0607,1.7298,71.6026,NA,NA,NA,NA,NA,NA,NA,NA,NA,NA,NA,NA
548.047,3.1362,73.7702,1.7256,71.1868,NA,NA,NA,NA,NA,NA,NA,NA,NA,NA,NA,NA
548.142,3.1315,73.5097,1.7215,70.7760,NA,NA,NA,NA,NA,NA,NA,NA,NA,NA,NA,NA
548.248,3.1218,72.9742,1.7189,70.5178,NA,NA,NA,NA,NA,NA,NA,NA,NA,NA,NA,NA
548.342,3.1212,72.9374,1.7171,70.3456,NA,NA,NA,NA,NA,NA,NA,NA,NA,NA,NA,NA
548.447,3.1204,72.8957,1.7147,70.1031,NA,NA,NA,NA,NA,NA,NA,NA,NA,NA,NA,NA
548.544,3.1170,72.7083,1.7087,69.5118,NA,NA,NA,NA,NA,NA,NA,NA,NA,NA,NA,NA
548.636,3.1156,72.6306,1.7053,69.1753,NA,NA,NA,NA,NA,NA,NA,NA,NA,NA,NA,NA
548.732,3.1093,72.2797,1.7034,68.9854,NA,NA,NA,NA,NA,NA,NA,NA,NA,NA,NA,NA
548.833,3.1026,71.9093,1.7022,68.8685,NA,NA,NA,NA,NA,NA,NA,NA,NA,NA,NA,NA
548.929,3.0965,71.5716,1.7008,68.7218,NA,NA,NA,NA,NA,NA,NA,NA,NA,NA,NA,NA
549.030,3.0965,71.5716,1.7006,68.7078,NA,NA,NA,NA,NA,NA,NA,NA,NA,NA,NA,NA
549.135,3.0800,70.6562,1.6956,68.2153,NA,NA,NA,NA,NA,NA,NA,NA,NA,NA,NA,NA
549.229,3.0721,70.2182,1.6931,67.9639,NA,NA,NA,NA,NA,NA,NA,NA,NA,NA,NA,NA
549.321,3.0559,69.3214,1.6912,67.7706,NA,NA,NA,NA,NA,NA,NA,NA,NA,NA,NA,NA
549.432,3.0428,68.5938,1.6866,67.3167,NA,NA,NA,NA,NA,NA,NA,NA,NA,NA,NA,NA
549.516,3.0428,68.5938,1.6843,67.0899,NA,NA,NA,NA,NA,NA,NA,NA,NA,NA,NA,NA
549.674,3.0361,68.2254,1.6814,66.8044,NA,NA,NA,NA,NA,NA,NA,NA,NA,NA,NA,NA
549.706,3.0340,68.1088,1.6781,66.4726,NA,NA,NA,NA,NA,NA,NA,NA,NA,NA,NA,NA
549.814,3.0305,67.9119,1.6770,66.3630,NA,NA,NA,NA,NA,NA,NA,NA,NA,NA,NA,NA
549.911,3.0287,67.8137,1.6756,66.2283,NA,NA,NA,NA,NA,NA,NA,NA,NA,NA,NA,NA
550.007,3.0416,68.5309,1.6756,66.2283,NA,NA,NA,NA,NA,NA,NA,NA,NA,NA,NA,NA
550.103,3.0507,69.0347,1.6843,67.0905,NA,NA,NA,NA,NA,NA,NA,NA,NA,NA,NA,NA
550.199,3.0963,71.5603,1.6880,67.4588,NA,NA,NA,NA,NA,NA,NA,NA,NA,NA,NA,NA
550.313,3.1144,72.5635,1.6972,68.3719,NA,NA,NA,NA,NA,NA,NA,NA,NA,NA,NA,NA
550.404,3.1445,74.2294,1.7113,69.7723,NA,NA,NA,NA,NA,NA,NA,NA,NA,NA,NA,NA
550.494,3.1570,74.9222,1.7203,70.6568,NA,NA,NA,NA,NA,NA,NA,NA,NA,NA,NA,NA
550.594,3.1817,76.2916,1.7307,71.6903,NA,NA,NA,NA,NA,NA,NA,NA,NA,NA,NA,NA
550.687,3.2024,77.4367,1.7357,72.1881,NA,NA,NA,NA,NA,NA,NA,NA,NA,NA,NA,NA
550.786,3.2073,77.7099,1.7378,72.3992,NA,NA,NA,NA,NA,NA,NA,NA,NA,NA,NA,NA
550.885,3.2190,78.3571,1.7378,72.3992,NA,NA,NA,NA,NA,NA,NA,NA,NA,NA,NA,NA
550.984,3.2190,78.3571,1.7371,72.3304,NA,NA,NA,NA,NA,NA,NA,NA,NA,NA,NA,NA
551.089,3.2060,77.6367,1.7371,72.3304,NA,NA,NA,NA,NA,NA,NA,NA,NA,NA,NA,NA
551.183,3.2026,77.4499,1.7356,72.1832,NA,NA,NA,NA,NA,NA,NA,NA,NA,NA,NA,NA
551.275,3.1770,76.0345,1.7352,72.1387,NA,NA,NA,NA,NA,NA,NA,NA,NA,NA,NA,NA
551.382,3.1673,75.4965,1.7334,71.9632,NA,NA,NA,NA,NA,NA,NA,NA,NA,NA,NA,NA
551.470,3.1432,74.1592,1.7288,71.5025,NA,NA,NA,NA,NA,NA,NA,NA,NA,NA,NA,NA
551.573,3.1161,72.6560,1.7228,70.9123,NA,NA,NA,NA,NA,NA,NA,NA,NA,NA,NA,NA
551.670,3.1158,72.6422,1.7196,70.5946,NA,NA,NA,NA,NA,NA,NA,NA,NA,NA,NA,NA
551.780,3.1126,72.4634,1.7166,70.2944,NA,NA,NA,NA,NA,NA,NA,NA,NA,NA,NA,NA
551.867,3.1088,72.2518,1.7110,69.7334,NA,NA,NA,NA,NA,NA,NA,NA,NA,NA,NA,NA
551.967,3.0892,71.1688,1.7078,69.4219,NA,NA,NA,NA,NA,NA,NA,NA,NA,NA,NA,NA
552.096,3.0844,70.9017,1.7068,69.3255,NA,NA,NA,NA,NA,NA,NA,NA,NA,NA,NA,NA
552.164,3.0737,70.3089,1.7049,69.1359,NA,NA,NA,NA,NA,NA,NA,NA,NA,NA,NA,NA
552.255,3.0641,69.7750,1.7010,68.7467,NA,NA,NA,NA,NA,NA,NA,NA,NA,NA,NA,NA
552.359,3.0641,69.7750,1.6981,68.4553,NA,NA,NA,NA,NA,NA,NA,NA,NA,NA,NA,NA
552.452,3.0465,68.8030,1.6944,68.0897,NA,NA,NA,NA,NA,NA,NA,NA,NA,NA,NA,NA
552.555,3.0465,68.8030,1.6927,67.9274,NA,NA,NA,NA,NA,NA,NA,NA,NA,NA,NA,NA
552.650,3.0510,69.0530,1.6909,67.7478,NA,NA,NA,NA,NA,NA,NA,NA,NA,NA,NA,NA
552.745,3.0510,69.0530,1.6899,67.6408,NA,NA,NA,NA,NA,NA,NA,NA,NA,NA,NA,NA
552.854,3.0457,68.7567,1.6883,67.4839,NA,NA,NA,NA,NA,NA,NA,NA,NA,NA,NA,NA
552.945,3.0381,68.3353,1.6876,67.4201,NA,NA,NA,NA,NA,NA,NA,NA,NA,NA,NA,NA
553.039,3.0381,68.3353,1.6852,67.1741,NA,NA,NA,NA,NA,NA,NA,NA,NA,NA,NA,NA
553.141,3.0349,68.1598,1.6827,66.9331,NA,NA,NA,NA,NA,NA,NA,NA,NA,NA,NA,NA
553.232,3.0349,68.1598,1.6807,66.7314,NA,NA,NA,NA,NA,NA,NA,NA,NA,NA,NA,NA
553.344,3.0226,67.4777,1.6763,66.2985,NA,NA,NA,NA,NA,NA,NA,NA,NA,NA,NA,NA
553.443,3.0226,67.4777,1.6738,66.0508,NA,NA,NA,NA,NA,NA,NA,NA,NA,NA,NA,NA
553.535,2.9992,66.1830,1.6717,65.8373,NA,NA,NA,NA,NA,NA,NA,NA,NA,NA,NA,NA
553.626,2.9913,65.7445,1.6706,65.7307,NA,NA,NA,NA,NA,NA,NA,NA,NA,NA,NA,NA
553.725,2.9850,65.3938,1.6669,65.3645,NA,NA,NA,NA,NA,NA,NA,NA,NA,NA,NA,NA
553.822,2.9850,65.3938,1.6652,65.1950,NA,NA,NA,NA,NA,NA,NA,NA,NA,NA,NA,NA
553.946,2.9841,65.3452,1.6643,65.1015,NA,NA,NA,NA,NA,NA,NA,NA,NA,NA,NA,NA
554.019,2.9777,64.9911,1.6621,64.8895,NA,NA,NA,NA,NA,NA,NA,NA,NA,NA,NA,NA
554.120,2.9744,64.8073,1.6585,64.5274,NA,NA,NA,NA,NA,NA,NA,NA,NA,NA,NA,NA
554.230,2.9725,64.7023,1.6583,64.5124,NA,NA,NA,NA,NA,NA,NA,NA,NA,NA,NA,NA
554.321,2.9694,64.5317,1.6583,64.5124,NA,NA,NA,NA,NA,NA,NA,NA,NA,NA,NA,NA
554.414,2.9627,64.1555,1.6580,64.4818,NA,NA,NA,NA,NA,NA,NA,NA,NA,NA,NA,NA
554.518,2.9626,64.1513,1.6580,64.4818,NA,NA,NA,NA,NA,NA,NA,NA,NA,NA,NA,NA
554.607,2.9626,64.1513,1.6514,63.8244,NA,NA,NA,NA,NA,NA,NA,NA,NA,NA,NA,NA
554.723,2.9614,64.0861,1.6514,63.8244,NA,NA,NA,NA,NA,NA,NA,NA,NA,NA,NA,NA
554.803,2.9598,63.9987,1.6502,63.7045,NA,NA,NA,NA,NA,NA,NA,NA,NA,NA,NA,NA
554.910,2.9488,63.3902,1.6498,63.6691,NA,NA,NA,NA,NA,NA,NA,NA,NA,NA,NA,NA
555.014,2.9485,63.3700,1.6478,63.4678,NA,NA,NA,NA,NA,NA,NA,NA,NA,NA,NA,NA
555.117,2.9364,62.7008,1.6478,63.4714,NA,NA,NA,NA,NA,NA,NA,NA,NA,NA,NA,NA
555.198,2.9374,62.7542,1.6478,63.4714,NA,NA,NA,NA,NA,NA,NA,NA,NA,NA,NA,NA
555.294,2.9671,64.3996,1.6539,64.0768,NA,NA,NA,NA,NA,NA,NA,NA,NA,NA,NA,NA
555.390,2.9748,64.8293,1.6591,64.5916,NA,NA,NA,NA,NA,NA,NA,NA,NA,NA,NA,NA
555.487,3.0163,67.1270,1.6683,65.5046,NA,NA,NA,NA,NA,NA,NA,NA,NA,NA,NA,NA
555.583,3.0627,69.7004,1.6769,66.3534,NA,NA,NA,NA,NA,NA,NA,NA,NA,NA,NA,NA
555.699,3.0829,70.8155,1.6941,68.0573,NA,NA,NA,NA,NA,NA,NA,NA,NA,NA,NA,NA
555.781,3.1260,73.2049,1.7039,69.0353,NA,NA,NA,NA,NA,NA,NA,NA,NA,NA,NA,NA
555.881,3.1417,74.0743,1.7157,70.2057,NA,NA,NA,NA,NA,NA,NA,NA,NA,NA,NA,NA
556.001,3.2054,77.6051,1.7265,71.2800,NA,NA,NA,NA,NA,NA,NA,NA,NA,NA,NA,NA
556.079,3.2188,78.3484,1.7349,72.1104,NA,NA,NA,NA,NA,NA,NA,NA,NA,NA,NA,NA
556.177,3.2527,80.2241,1.7486,73.4680,NA,NA,NA,NA,NA,NA,NA,NA,NA,NA,NA,NA
556.274,3.2698,81.1757,1.7563,74.2323,NA,NA,NA,NA,NA,NA,NA,NA,NA,NA,NA,NA
556.369,3.2799,81.7352,1.7684,75.4352,NA,NA,NA,NA,NA,NA,NA,NA,NA,NA,NA,NA
556.472,3.2906,82.3277,1.7764,76.2223,NA,NA,NA,NA,NA,NA,NA,NA,NA,NA,NA,NA
556.562,3.3325,84.6489,1.7864,77.2133,NA,NA,NA,NA,NA,NA,NA,NA,NA,NA,NA,NA
556.663,3.3586,86.0918,1.7982,78.3914,NA,NA,NA,NA,NA,NA,NA,NA,NA,NA,NA,NA
556.764,3.3772,87.1259,1.8040,78.9646,NA,NA,NA,NA,NA,NA,NA,NA,NA,NA,NA,NA
556.876,3.3995,88.3613,1.8090,79.4647,NA,NA,NA,NA,NA,NA,NA,NA,NA,NA,NA,NA
556.957,3.4104,88.9627,1.8180,80.3492,NA,NA,NA,NA,NA,NA,NA,NA,NA,NA,NA,NA
557.057,3.4152,89.2280,1.8231,80.8637,NA,NA,NA,NA,NA,NA,NA,NA,NA,NA,NA,NA
557.161,3.4173,89.3461,1.8246,81.0029,NA,NA,NA,NA,NA,NA,NA,NA,NA,NA,NA,NA
557.245,3.4173,89.3461,1.8266,81.2055,NA,NA,NA,NA,NA,NA,NA,NA,NA,NA,NA,NA
557.354,3.4113,89.0139,1.8266,81.2055,NA,NA,NA,NA,NA,NA,NA,NA,NA,NA,NA,NA
557.498,3.4179,89.3788,1.8225,80.7986,NA,NA,NA,NA,NA,NA,NA,NA,NA,NA,NA,NA
557.539,3.4184,89.4100,1.8225,80.7986,NA,NA,NA,NA,NA,NA,NA,NA,NA,NA,NA,NA
557.641,3.4184,89.4100,1.8179,80.3426,NA,NA,NA,NA,NA,NA,NA,NA,NA,NA,NA,NA
557.739,3.3975,88.2487,1.8148,80.0350,NA,NA,NA,NA,NA,NA,NA,NA,NA,NA,NA,NA
557.836,3.3852,87.5682,1.8097,79.5304,NA,NA,NA,NA,NA,NA,NA,NA,NA,NA,NA,NA
557.935,3.3410,85.1209,1.8055,79.1135,NA,NA,NA,NA,NA,NA,NA,NA,NA,NA,NA,NA
558.041,3.3252,84.2409,1.8026,78.8204,NA,NA,NA,NA,NA,NA,NA,NA,NA,NA,NA,NA
558.135,3.3136,83.6030,1.7931,77.8806,NA,NA,NA,NA,NA,NA,NA,NA,NA,NA,NA,NA
558.227,3.3024,82.9827,1.7886,77.4389,NA,NA,NA,NA,NA,NA,NA,NA,NA,NA,NA,NA
558.328,3.2962,82.6345,1.7812,76.7004,NA,NA,NA,NA,NA,NA,NA,NA,NA,NA,NA,NA
558.426,3.2681,81.0804,1.7733,75.9205,NA,NA,NA,NA,NA,NA,NA,NA,NA,NA,NA,NA
558.521,3.2681,81.0804,1.7697,75.5599,NA,NA,NA,NA,NA,NA,NA,NA,NA,NA,NA,NA
558.616,3.2156,78.1703,1.7682,75.4125,NA,NA,NA,NA,NA,NA,NA,NA,NA,NA,NA,NA
558.745,3.2062,77.6516,1.7649,75.0852,NA,NA,NA,NA,NA,NA,NA,NA,NA,NA,NA,NA
558.814,3.2062,77.6516,1.7597,74.5724,NA,NA,NA,NA,NA,NA,NA,NA,NA,NA,NA,NA
558.911,3.1998,77.2967,1.7573,74.3321,NA,NA,NA,NA,NA,NA,NA,NA,NA,NA,NA,NA
559.022,3.1998,77.2967,1.7512,73.7278,NA,NA,NA,NA,NA,NA,NA,NA,NA,NA,NA,NA
559.110,3.1782,76.0977,1.7481,73.4139,NA,NA,NA,NA,NA,NA,NA,NA,NA,NA,NA,NA
559.206,3.1718,75.7449,1.7468,73.2947,NA,NA,NA,NA,NA,NA,NA,NA,NA,NA,NA,NA
559.306,3.1518,74.6371,1.7459,73.2018,NA,NA,NA,NA,NA,NA,NA,NA,NA,NA,NA,NA
559.403,3.1469,74.3652,1.7427,72.8877,NA,NA,NA,NA,NA,NA,NA,NA,NA,NA,NA,NA
559.500,3.1438,74.1912,1.7384,72.4608,NA,NA,NA,NA,NA,NA,NA,NA,NA,NA,NA,NA
559.599,3.1509,74.5862,1.7366,72.2808,NA,NA,NA,NA,NA,NA,NA,NA,NA,NA,NA,NA
559.699,3.1509,74.5862,1.7327,71.8903,NA,NA,NA,NA,NA,NA,NA,NA,NA,NA,NA,NA
559.798,3.1580,74.9778,1.7314,71.7571,NA,NA,NA,NA,NA,NA,NA,NA,NA,NA,NA,NA
559.898,3.1580,74.9778,1.7285,71.4783,NA,NA,NA,NA,NA,NA,NA,NA,NA,NA,NA,NA
559.993,3.1465,74.3431,1.7242,71.0474,NA,NA,NA,NA,NA,NA,NA,NA,NA,NA,NA,NA
560.091,3.1465,74.3431,1.7225,70.8760,NA,NA,NA,NA,NA,NA,NA,NA,NA,NA,NA,NA
560.185,3.1356,73.7404,1.7206,70.6873,NA,NA,NA,NA,NA,NA,NA,NA,NA,NA,NA,NA
560.293,3.1243,73.1124,1.7183,70.4578,NA,NA,NA,NA,NA,NA,NA,NA,NA,NA,NA,NA
560.440,3.1107,72.3559,1.7165,70.2887,NA,NA,NA,NA,NA,NA,NA,NA,NA,NA,NA,NA
560.480,3.1124,72.4539,1.7156,70.1929,NA,NA,NA,NA,NA,NA,NA,NA,NA,NA,NA,NA
560.582,3.1124,72.4539,1.7135,69.9883,NA,NA,NA,NA,NA,NA,NA,NA,NA,NA,NA,NA
560.680,3.1068,72.1418,1.7115,69.7836,NA,NA,NA,NA,NA,NA,NA,NA,NA,NA,NA,NA
560.776,3.1068,72.1418,1.7106,69.6950,NA,NA,NA,NA,NA,NA,NA,NA,NA,NA,NA,NA
560.873,3.0973,71.6175,1.7076,69.3971,NA,NA,NA,NA,NA,NA,NA,NA,NA,NA,NA,NA
560.980,3.0676,69.9719,1.7042,69.0613,NA,NA,NA,NA,NA,NA,NA,NA,NA,NA,NA,NA
561.085,3.0668,69.9252,1.7021,68.8594,NA,NA,NA,NA,NA,NA,NA,NA,NA,NA,NA,NA
561.177,3.0608,69.5933,1.7003,68.6724,NA,NA,NA,NA,NA,NA,NA,NA,NA,NA,NA,NA
561.262,3.0603,69.5656,1.6957,68.2215,NA,NA,NA,NA,NA,NA,NA,NA,NA,NA,NA,NA
561.363,3.0622,69.6705,1.6933,67.9780,NA,NA,NA,NA,NA,NA,NA,NA,NA,NA,NA,NA
561.464,3.0622,69.6705,1.6918,67.8363,NA,NA,NA,NA,NA,NA,NA,NA,NA,NA,NA,NA
561.560,3.0610,69.6060,1.6893,67.5871,NA,NA,NA,NA,NA,NA,NA,NA,NA,NA,NA,NA
561.673,3.0610,69.6060,1.6896,67.6189,NA,NA,NA,NA,NA,NA,NA,NA,NA,NA,NA,NA
561.750,3.0815,70.7389,1.6930,67.9570,NA,NA,NA,NA,NA,NA,NA,NA,NA,NA,NA,NA
561.852,3.0951,71.4940,1.7006,68.7067,NA,NA,NA,NA,NA,NA,NA,NA,NA,NA,NA,NA
561.955,3.1611,75.1503,1.7103,69.6717,NA,NA,NA,NA,NA,NA,NA,NA,NA,NA,NA,NA
562.043,3.1789,76.1392,1.7208,70.7129,NA,NA,NA,NA,NA,NA,NA,NA,NA,NA,NA,NA
562.142,3.1925,76.8884,1.7352,72.1392,NA,NA,NA,NA,NA,NA,NA,NA,NA,NA,NA,NA
562.250,3.2453,79.8189,1.7454,73.1534,NA,NA,NA,NA,NA,NA,NA,NA,NA,NA,NA,NA
562.341,3.2748,81.4482,1.7581,74.4059,NA,NA,NA,NA,NA,NA,NA,NA,NA,NA,NA,NA
562.438,3.3391,85.0118,1.7651,75.1020,NA,NA,NA,NA,NA,NA,NA,NA,NA,NA,NA,NA
562.539,3.3548,85.8806,1.7736,75.9493,NA,NA,NA,NA,NA,NA,NA,NA,NA,NA,NA,NA
562.631,3.4050,88.6655,1.7846,77.0388,NA,NA,NA,NA,NA,NA,NA,NA,NA,NA,NA,NA
562.732,3.4201,89.5008,1.7900,77.5784,NA,NA,NA,NA,NA,NA,NA,NA,NA,NA,NA,NA
562.862,3.4343,90.2883,1.7955,78.1235,NA,NA,NA,NA,NA,NA,NA,NA,NA,NA,NA,NA
562.933,3.4482,91.0564,1.8022,78.7878,NA,NA,NA,NA,NA,NA,NA,NA,NA,NA,NA,NA
563.024,3.4822,92.9420,1.8113,79.6843,NA,NA,NA,NA,NA,NA,NA,NA,NA,NA,NA,NA
563.125,3.4965,93.7355,1.8159,80.1485,NA,NA,NA,NA,NA,NA,NA,NA,NA,NA,NA,NA
563.219,3.5198,95.0273,1.8243,80.9813,NA,NA,NA,NA,NA,NA,NA,NA,NA,NA,NA,NA
563.319,3.5480,96.5877,1.8286,81.4088,NA,NA,NA,NA,NA,NA,NA,NA,NA,NA,NA,NA
563.426,3.5589,97.1917,1.8333,81.8662,NA,NA,NA,NA,NA,NA,NA,NA,NA,NA,NA,NA
563.514,3.5879,98.7983,1.8371,82.2436,NA,NA,NA,NA,NA,NA,NA,NA,NA,NA,NA,NA
563.611,3.5885,98.8307,1.8390,82.4400,NA,NA,NA,NA,NA,NA,NA,NA,NA,NA,NA,NA
563.720,3.5895,98.8879,1.8418,82.7143,NA,NA,NA,NA,NA,NA,NA,NA,NA,NA,NA,NA
563.810,3.5895,98.8879,1.8435,82.8870,NA,NA,NA,NA,NA,NA,NA,NA,NA,NA,NA,NA
563.905,3.5821,98.4758,1.8435,82.8870,NA,NA,NA,NA,NA,NA,NA,NA,NA,NA,NA,NA
564.003,3.5821,98.4758,1.8406,82.5995,NA,NA,NA,NA,NA,NA,NA,NA,NA,NA,NA,NA
564.114,3.5716,97.8964,1.8392,82.4519,NA,NA,NA,NA,NA,NA,NA,NA,NA,NA,NA,NA
564.208,3.5628,97.4094,1.8388,82.4174,NA,NA,NA,NA,NA,NA,NA,NA,NA,NA,NA,NA
564.301,3.5612,97.3190,1.8363,82.1690,NA,NA,NA,NA,NA,NA,NA,NA,NA,NA,NA,NA
564.399,3.5104,94.5032,1.8244,80.9845,NA,NA,NA,NA,NA,NA,NA,NA,NA,NA,NA,NA
564.504,3.4867,93.1899,1.8206,80.6065,NA,NA,NA,NA,NA,NA,NA,NA,NA,NA,NA,NA
564.598,3.4606,91.7429,1.8068,79.2401,NA,NA,NA,NA,NA,NA,NA,NA,NA,NA,NA,NA
564.694,3.4343,90.2904,1.8018,78.7411,NA,NA,NA,NA,NA,NA,NA,NA,NA,NA,NA,NA
564.786,3.4188,89.4289,1.7997,78.5340,NA,NA,NA,NA,NA,NA,NA,NA,NA,NA,NA,NA
564.898,3.3973,88.2396,1.7948,78.0549,NA,NA,NA,NA,NA,NA,NA,NA,NA,NA,NA,NA
564.980,3.3921,87.9503,1.7920,77.7706,NA,NA,NA,NA,NA,NA,NA,NA,NA,NA,NA,NA
565.080,3.3510,85.6701,1.7902,77.5968,NA,NA,NA,NA,NA,NA,NA,NA,NA,NA,NA,NA
565.173,3.3510,85.6701,1.7868,77.2626,NA,NA,NA,NA,NA,NA,NA,NA,NA,NA,NA,NA
565.274,3.3469,85.4450,1.7837,76.9540,NA,NA,NA,NA,NA,NA,NA,NA,NA,NA,NA,NA
565.375,3.3294,84.4757,1.7820,76.7791,NA,NA,NA,NA,NA,NA,NA,NA,NA,NA,NA,NA
565.484,3.3262,84.2985,1.7802,76.6060,NA,NA,NA,NA,NA,NA,NA,NA,NA,NA,NA,NA
565.576,3.3187,83.8826,1.7774,76.3251,NA,NA,NA,NA,NA,NA,NA,NA,NA,NA,NA,NA
565.671,3.3187,83.8826,1.7726,75.8449,NA,NA,NA,NA,NA,NA,NA,NA,NA,NA,NA,NA
565.782,3.3092,83.3560,1.7697,75.5618,NA,NA,NA,NA,NA,NA,NA,NA,NA,NA,NA,NA
565.884,3.3092,83.3560,1.7678,75.3682,NA,NA,NA,NA,NA,NA,NA,NA,NA,NA,NA,NA
565.963,3.2807,81.7779,1.7658,75.1703,NA,NA,NA,NA,NA,NA,NA,NA,NA,NA,NA,NA
566.065,3.2719,81.2919,1.7642,75.0200,NA,NA,NA,NA,NA,NA,NA,NA,NA,NA,NA,NA
566.165,3.2550,80.3559,1.7630,74.8950,NA,NA,NA,NA,NA,NA,NA,NA,NA,NA,NA,NA
566.254,3.2775,81.6027,1.7594,74.5377,NA,NA,NA,NA,NA,NA,NA,NA,NA,NA,NA,NA
566.360,3.2775,81.6027,1.7575,74.3557,NA,NA,NA,NA,NA,NA,NA,NA,NA,NA,NA,NA
566.456,3.2592,80.5855,1.7558,74.1806,NA,NA,NA,NA,NA,NA,NA,NA,NA,NA,NA,NA
566.549,3.2592,80.5855,1.7544,74.0486,NA,NA,NA,NA,NA,NA,NA,NA,NA,NA,NA,NA
566.653,3.2532,80.2524,1.7544,74.0403,NA,NA,NA,NA,NA,NA,NA,NA,NA,NA,NA,NA
566.744,3.2548,80.3438,1.7541,74.0100,NA,NA,NA,NA,NA,NA,NA,NA,NA,NA,NA,NA
566.850,3.2548,80.3438,1.7526,73.8678,NA,NA,NA,NA,NA,NA,NA,NA,NA,NA,NA,NA
566.951,3.2468,79.9013,1.7490,73.5055,NA,NA,NA,NA,NA,NA,NA,NA,NA,NA,NA,NA
567.074,3.2415,79.6042,1.7478,73.3862,NA,NA,NA,NA,NA,NA,NA,NA,NA,NA,NA,NA
567.138,3.2415,79.6042,1.7456,73.1715,NA,NA,NA,NA,NA,NA,NA,NA,NA,NA,NA,NA
567.233,3.2241,78.6441,1.7457,73.1768,NA,NA,NA,NA,NA,NA,NA,NA,NA,NA,NA,NA
567.336,3.2187,78.3423,1.7457,73.1768,NA,NA,NA,NA,NA,NA,NA,NA,NA,NA,NA,NA
567.430,3.2085,77.7750,1.7402,72.6379,NA,NA,NA,NA,NA,NA,NA,NA,NA,NA,NA,NA
567.543,3.2031,77.4797,1.7368,72.2959,NA,NA,NA,NA,NA,NA,NA,NA,NA,NA,NA,NA
567.627,3.2031,77.4797,1.7358,72.2034,NA,NA,NA,NA,NA,NA,NA,NA,NA,NA,NA,NA
567.723,3.1908,76.7978,1.7342,72.0364,NA,NA,NA,NA,NA,NA,NA,NA,NA,NA,NA,NA
567.820,3.1908,76.7978,1.7303,71.6540,NA,NA,NA,NA,NA,NA,NA,NA,NA,NA,NA,NA
567.923,3.1902,76.7653,1.7287,71.4928,NA,NA,NA,NA,NA,NA,NA,NA,NA,NA,NA,NA
568.018,3.1902,76.7653,1.7280,71.4228,NA,NA,NA,NA,NA,NA,NA,NA,NA,NA,NA,NA
568.124,3.1580,74.9790,1.7265,71.2768,NA,NA,NA,NA,NA,NA,NA,NA,NA,NA,NA,NA
568.216,3.1578,74.9653,1.7262,71.2438,NA,NA,NA,NA,NA,NA,NA,NA,NA,NA,NA,NA
568.313,3.1578,74.9653,1.7214,70.7736,NA,NA,NA,NA,NA,NA,NA,NA,NA,NA,NA,NA
568.414,3.1689,75.5811,1.7209,70.7241,NA,NA,NA,NA,NA,NA,NA,NA,NA,NA,NA,NA
568.505,3.1689,75.5811,1.7184,70.4690,NA,NA,NA,NA,NA,NA,NA,NA,NA,NA,NA,NA
568.604,3.1630,75.2586,1.7161,70.2442,NA,NA,NA,NA,NA,NA,NA,NA,NA,NA,NA,NA
568.703,3.1630,75.2586,1.7146,70.0944,NA,NA,NA,NA,NA,NA,NA,NA,NA,NA,NA,NA
568.803,3.1552,74.8216,1.7153,70.1629,NA,NA,NA,NA,NA,NA,NA,NA,NA,NA,NA,NA
568.947,3.1453,74.2745,1.7153,70.1629,NA,NA,NA,NA,NA,NA,NA,NA,NA,NA,NA,NA
569.003,3.1402,73.9951,1.7140,70.0389,NA,NA,NA,NA,NA,NA,NA,NA,NA,NA,NA,NA
569.095,3.1451,74.2616,1.7138,70.0181,NA,NA,NA,NA,NA,NA,NA,NA,NA,NA,NA,NA
569.202,3.1451,74.2616,1.7126,69.9014,NA,NA,NA,NA,NA,NA,NA,NA,NA,NA,NA,NA
569.295,3.1375,73.8412,1.7120,69.8339,NA,NA,NA,NA,NA,NA,NA,NA,NA,NA,NA,NA
569.392,3.1348,73.6959,1.7090,69.5446,NA,NA,NA,NA,NA,NA,NA,NA,NA,NA,NA,NA
569.511,3.1230,73.0413,1.7071,69.3466,NA,NA,NA,NA,NA,NA,NA,NA,NA,NA,NA,NA
569.586,3.1230,73.0413,1.7071,69.3540,NA,NA,NA,NA,NA,NA,NA,NA,NA,NA,NA,NA
569.680,3.1171,72.7110,1.7072,69.3615,NA,NA,NA,NA,NA,NA,NA,NA,NA,NA,NA,NA
569.781,3.1170,72.7090,1.7072,69.3615,NA,NA,NA,NA,NA,NA,NA,NA,NA,NA,NA,NA
569.887,3.1170,72.7090,1.7068,69.3243,NA,NA,NA,NA,NA,NA,NA,NA,NA,NA,NA,NA
569.978,3.1168,72.6985,1.7066,69.3001,NA,NA,NA,NA,NA,NA,NA,NA,NA,NA,NA,NA
570.086,3.1168,72.6985,1.7030,68.9455,NA,NA,NA,NA,NA,NA,NA,NA,NA,NA,NA,NA
570.170,3.1047,72.0279,1.7020,68.8405,NA,NA,NA,NA,NA,NA,NA,NA,NA,NA,NA,NA
570.282,3.1034,71.9534,1.6985,68.4966,NA,NA,NA,NA,NA,NA,NA,NA,NA,NA,NA,NA
570.366,3.0999,71.7594,1.6973,68.3826,NA,NA,NA,NA,NA,NA,NA,NA,NA,NA,NA,NA
570.480,3.0966,71.5768,1.6970,68.3459,NA,NA,NA,NA,NA,NA,NA,NA,NA,NA,NA,NA
570.565,3.0900,71.2123,1.6966,68.3097,NA,NA,NA,NA,NA,NA,NA,NA,NA,NA,NA,NA
570.662,3.0900,71.2125,1.6956,68.2078,NA,NA,NA,NA,NA,NA,NA,NA,NA,NA,NA,NA
570.766,3.0910,71.2657,1.6949,68.1411,NA,NA,NA,NA,NA,NA,NA,NA,NA,NA,NA,NA
570.858,3.0935,71.4071,1.6947,68.1225,NA,NA,NA,NA,NA,NA,NA,NA,NA,NA,NA,NA
570.963,3.0935,71.4071,1.6931,67.9618,NA,NA,NA,NA,NA,NA,NA,NA,NA,NA,NA,NA
571.058,3.0898,71.1980,1.6912,67.7736,NA,NA,NA,NA,NA,NA,NA,NA,NA,NA,NA,NA
571.154,3.0869,71.0403,1.6898,67.6336,NA,NA,NA,NA,NA,NA,NA,NA,NA,NA,NA,NA
571.298,3.0794,70.6262,1.6905,67.7024,NA,NA,NA,NA,NA,NA,NA,NA,NA,NA,NA,NA
571.362,3.0745,70.3538,1.6905,67.7024,NA,NA,NA,NA,NA,NA,NA,NA,NA,NA,NA,NA
571.456,3.0745,70.3538,1.6885,67.5068,NA,NA,NA,NA,NA,NA,NA,NA,NA,NA,NA,NA
571.543,3.0685,70.0196,1.6869,67.3520,NA,NA,NA,NA,NA,NA,NA,NA,NA,NA,NA,NA
571.640,3.0685,70.0196,1.6869,67.3520,NA,NA,NA,NA,NA,NA,NA,NA,NA,NA,NA,NA
571.744,3.0684,70.0157,1.6861,67.2646,NA,NA,NA,NA,NA,NA,NA,NA,NA,NA,NA,NA
571.836,3.0684,70.0157,1.6856,67.2137,NA,NA,NA,NA,NA,NA,NA,NA,NA,NA,NA,NA
571.944,3.0616,69.6384,1.6850,67.1599,NA,NA,NA,NA,NA,NA,NA,NA,NA,NA,NA,NA
572.037,3.0575,69.4108,1.6854,67.1975,NA,NA,NA,NA,NA,NA,NA,NA,NA,NA,NA,NA
572.130,3.0575,69.4108,1.6854,67.1975,NA,NA,NA,NA,NA,NA,NA,NA,NA,NA,NA,NA
572.234,3.0597,69.5345,1.6835,67.0123,NA,NA,NA,NA,NA,NA,NA,NA,NA,NA,NA,NA
572.324,3.0597,69.5345,1.6828,66.9428,NA,NA,NA,NA,NA,NA,NA,NA,NA,NA,NA,NA
572.444,3.0552,69.2823,1.6811,66.7703,NA,NA,NA,NA,NA,NA,NA,NA,NA,NA,NA,NA
572.523,3.0552,69.2823,1.6800,66.6638,NA,NA,NA,NA,NA,NA,NA,NA,NA,NA,NA,NA
572.639,3.0345,68.1379,1.6793,66.5964,NA,NA,NA,NA,NA,NA,NA,NA,NA,NA,NA,NA
572.724,3.0317,67.9830,1.6786,66.5235,NA,NA,NA,NA,NA,NA,NA,NA,NA,NA,NA,NA
572.815,3.0317,67.9830,1.6777,66.4370,NA,NA,NA,NA,NA,NA,NA,NA,NA,NA,NA,NA
572.911,3.0315,67.9697,1.6777,66.4370,NA,NA,NA,NA,NA,NA,NA,NA,NA,NA,NA,NA
573.049,3.0314,67.9641,1.6776,66.4210,NA,NA,NA,NA,NA,NA,NA,NA,NA,NA,NA,NA
573.116,3.0270,67.7188,1.6767,66.3404,NA,NA,NA,NA,NA,NA,NA,NA,NA,NA,NA,NA
573.207,3.0255,67.6394,1.6745,66.1149,NA,NA,NA,NA,NA,NA,NA,NA,NA,NA,NA,NA
573.303,3.0155,67.0811,1.6737,66.0357,NA,NA,NA,NA,NA,NA,NA,NA,NA,NA,NA,NA
573.409,3.0143,67.0143,1.6737,66.0357,NA,NA,NA,NA,NA,NA,NA,NA,NA,NA,NA,NA
573.501,3.0107,66.8147,1.6738,66.0450,NA,NA,NA,NA,NA,NA,NA,NA,NA,NA,NA,NA
573.666,3.0143,67.0145,1.6738,66.0450,NA,NA,NA,NA,NA,NA,NA,NA,NA,NA,NA,NA
573.688,3.0147,67.0395,1.6731,65.9758,NA,NA,NA,NA,NA,NA,NA,NA,NA,NA,NA,NA
573.786,3.0147,67.0395,1.6726,65.9257,NA,NA,NA,NA,NA,NA,NA,NA,NA,NA,NA,NA
573.920,3.0136,66.9808,1.6705,65.7204,NA,NA,NA,NA,NA,NA,NA,NA,NA,NA,NA,NA
573.990,3.0150,67.0583,1.6697,65.6396,NA,NA,NA,NA,NA,NA,NA,NA,NA,NA,NA,NA
574.091,3.0150,67.0583,1.6667,65.3388,NA,NA,NA,NA,NA,NA,NA,NA,NA,NA,NA,NA
574.183,3.0038,66.4359,1.6666,65.3368,NA,NA,NA,NA,NA,NA,NA,NA,NA,NA,NA,NA
574.285,3.0038,66.4359,1.6666,65.3368,NA,NA,NA,NA,NA,NA,NA,NA,NA,NA,NA,NA
574.381,2.9977,66.0951,1.6657,65.2442,NA,NA,NA,NA,NA,NA,NA,NA,NA,NA,NA,NA
574.480,2.9977,66.0951,1.6633,65.0060,NA,NA,NA,NA,NA,NA,NA,NA,NA,NA,NA,NA
574.577,2.9981,66.1190,1.6628,64.9563,NA,NA,NA,NA,NA,NA,NA,NA,NA,NA,NA,NA
574.678,2.9981,66.1190,1.6621,64.8893,NA,NA,NA,NA,NA,NA,NA,NA,NA,NA,NA,NA
574.776,2.9861,65.4568,1.6609,64.7672,NA,NA,NA,NA,NA,NA,NA,NA,NA,NA,NA,NA
574.892,2.9795,65.0877,1.6602,64.6954,NA,NA,NA,NA,NA,NA,NA,NA,NA,NA,NA,NA
574.975,2.9776,64.9813,1.6597,64.6507,NA,NA,NA,NA,NA,NA,NA,NA,NA,NA,NA,NA
575.066,2.9671,64.4023,1.6593,64.6099,NA,NA,NA,NA,NA,NA,NA,NA,NA,NA,NA,NA
575.172,2.9634,64.1948,1.6589,64.5670,NA,NA,NA,NA,NA,NA,NA,NA,NA,NA,NA,NA
575.263,2.9786,65.0365,1.6590,64.5789,NA,NA,NA,NA,NA,NA,NA,NA,NA,NA,NA,NA
575.361,2.9892,65.6255,1.6615,64.8292,NA,NA,NA,NA,NA,NA,NA,NA,NA,NA,NA,NA
575.460,3.0227,67.4839,1.6678,65.4509,NA,NA,NA,NA,NA,NA,NA,NA,NA,NA,NA,NA
575.559,3.0339,68.1010,1.6747,66.1396,NA,NA,NA,NA,NA,NA,NA,NA,NA,NA,NA,NA
575.660,3.0844,70.9028,1.6892,67.5782,NA,NA,NA,NA,NA,NA,NA,NA,NA,NA,NA,NA
575.750,3.1367,73.7962,1.7006,68.7099,NA,NA,NA,NA,NA,NA,NA,NA,NA,NA,NA,NA
575.853,3.1542,74.7688,1.7096,69.6002,NA,NA,NA,NA,NA,NA,NA,NA,NA,NA,NA,NA
575.952,3.1868,76.5755,1.7231,70.9352,NA,NA,NA,NA,NA,NA,NA,NA,NA,NA,NA,NA
576.059,3.1995,77.2809,1.7341,72.0307,NA,NA,NA,NA,NA,NA,NA,NA,NA,NA,NA,NA
576.145,3.2206,78.4472,1.7441,73.0171,NA,NA,NA,NA,NA,NA,NA,NA,NA,NA,NA,NA
576.253,3.2343,79.2084,1.7553,74.1339,NA,NA,NA,NA,NA,NA,NA,NA,NA,NA,NA,NA
576.338,3.2697,81.1695,1.7638,74.9767,NA,NA,NA,NA,NA,NA,NA,NA,NA,NA,NA,NA
576.433,3.2836,81.9380,1.7710,75.6918,NA,NA,NA,NA,NA,NA,NA,NA,NA,NA,NA,NA
576.541,3.3113,83.4737,1.7804,76.6245,NA,NA,NA,NA,NA,NA,NA,NA,NA,NA,NA,NA
576.632,3.3458,85.3862,1.7892,77.4962,NA,NA,NA,NA,NA,NA,NA,NA,NA,NA,NA,NA
576.732,3.3575,86.0342,1.7940,77.9694,NA,NA,NA,NA,NA,NA,NA,NA,NA,NA,NA,NA
576.837,3.3818,87.3794,1.8013,78.6948,NA,NA,NA,NA,NA,NA,NA,NA,NA,NA,NA,NA
576.927,3.3947,88.0921,1.8134,79.8985,NA,NA,NA,NA,NA,NA,NA,NA,NA,NA,NA,NA
577.029,3.4042,88.6202,1.8182,80.3707,NA,NA,NA,NA,NA,NA,NA,NA,NA,NA,NA,NA
577.130,3.4248,89.7620,1.8261,81.1565,NA,NA,NA,NA,NA,NA,NA,NA,NA,NA,NA,NA
577.224,3.4353,90.3442,1.8332,81.8599,NA,NA,NA,NA,NA,NA,NA,NA,NA,NA,NA,NA
577.345,3.4733,92.4477,1.8392,82.4518,NA,NA,NA,NA,NA,NA,NA,NA,NA,NA,NA,NA
577.418,3.4733,92.4477,1.8445,82.9832,NA,NA,NA,NA,NA,NA,NA,NA,NA,NA,NA,NA
577.522,3.4849,93.0928,1.8469,83.2241,NA,NA,NA,NA,NA,NA,NA,NA,NA,NA,NA,NA
577.610,3.4876,93.2440,1.8527,83.7907,NA,NA,NA,NA,NA,NA,NA,NA,NA,NA,NA,NA
577.707,3.4876,93.2440,1.8564,84.1614,NA,NA,NA,NA,NA,NA,NA,NA,NA,NA,NA,NA
577.812,3.4814,92.8962,1.8566,84.1819,NA,NA,NA,NA,NA,NA,NA,NA,NA,NA,NA,NA
577.908,3.4811,92.8788,1.8573,84.2546,NA,NA,NA,NA,NA,NA,NA,NA,NA,NA,NA,NA
578.005,3.4891,93.3227,1.8573,84.2546,NA,NA,NA,NA,NA,NA,NA,NA,NA,NA,NA,NA
578.102,3.4891,93.3227,1.8533,83.8508,NA,NA,NA,NA,NA,NA,NA,NA,NA,NA,NA,NA
578.198,3.4839,93.0344,1.8513,83.6562,NA,NA,NA,NA,NA,NA,NA,NA,NA,NA,NA,NA
578.295,3.4797,92.8020,1.8502,83.5503,NA,NA,NA,NA,NA,NA,NA,NA,NA,NA,NA,NA
578.398,3.4741,92.4959,1.8462,83.1457,NA,NA,NA,NA,NA,NA,NA,NA,NA,NA,NA,NA
578.534,3.4513,91.2297,1.8430,82.8360,NA,NA,NA,NA,NA,NA,NA,NA,NA,NA,NA,NA
578.582,3.4237,89.6989,1.8393,82.4616,NA,NA,NA,NA,NA,NA,NA,NA,NA,NA,NA,NA
578.690,3.3960,88.1648,1.8343,81.9744,NA,NA,NA,NA,NA,NA,NA,NA,NA,NA,NA,NA
578.787,3.3715,86.8067,1.8275,81.2967,NA,NA,NA,NA,NA,NA,NA,NA,NA,NA,NA,NA
578.884,3.3582,86.0720,1.8240,80.9525,NA,NA,NA,NA,NA,NA,NA,NA,NA,NA,NA,NA
578.983,3.3507,85.6586,1.8178,80.3287,NA,NA,NA,NA,NA,NA,NA,NA,NA,NA,NA,NA
579.121,3.3256,84.2639,1.8074,79.3010,NA,NA,NA,NA,NA,NA,NA,NA,NA,NA,NA,NA
579.180,3.3242,84.1888,1.8025,78.8134,NA,NA,NA,NA,NA,NA,NA,NA,NA,NA,NA,NA
579.283,3.2971,82.6841,1.7981,78.3780,NA,NA,NA,NA,NA,NA,NA,NA,NA,NA,NA,NA
579.381,3.2888,82.2283,1.7943,78.0045,NA,NA,NA,NA,NA,NA,NA,NA,NA,NA,NA,NA
579.470,3.2819,81.8424,1.7891,77.4897,NA,NA,NA,NA,NA,NA,NA,NA,NA,NA,NA,NA
579.572,3.2626,80.7775,1.7870,77.2815,NA,NA,NA,NA,NA,NA,NA,NA,NA,NA,NA,NA
579.705,3.2626,80.7775,1.7832,76.9000,NA,NA,NA,NA,NA,NA,NA,NA,NA,NA,NA,NA
579.770,3.2683,81.0892,1.7792,76.5059,NA,NA,NA,NA,NA,NA,NA,NA,NA,NA,NA,NA
579.872,3.2683,81.0892,1.7775,76.3319,NA,NA,NA,NA,NA,NA,NA,NA,NA,NA,NA,NA
579.961,3.2558,80.3952,1.7745,76.0385,NA,NA,NA,NA,NA,NA,NA,NA,NA,NA,NA,NA
580.062,3.2482,79.9754,1.7732,75.9044,NA,NA,NA,NA,NA,NA,NA,NA,NA,NA,NA,NA
580.158,3.2353,79.2621,1.7706,75.6467,NA,NA,NA,NA,NA,NA,NA,NA,NA,NA,NA,NA
580.255,3.2287,78.8990,1.7675,75.3396,NA,NA,NA,NA,NA,NA,NA,NA,NA,NA,NA,NA
580.361,3.2250,78.6894,1.7640,74.9955,NA,NA,NA,NA,NA,NA,NA,NA,NA,NA,NA,NA
580.455,3.2232,78.5933,1.7615,74.7521,NA,NA,NA,NA,NA,NA,NA,NA,NA,NA,NA,NA
580.549,3.2199,78.4098,1.7599,74.5865,NA,NA,NA,NA,NA,NA,NA,NA,NA,NA,NA,NA
580.646,3.2065,77.6654,1.7587,74.4742,NA,NA,NA,NA,NA,NA,NA,NA,NA,NA,NA,NA
580.743,3.2065,77.6654,1.7582,74.4250,NA,NA,NA,NA,NA,NA,NA,NA,NA,NA,NA,NA
580.845,3.2048,77.5711,1.7579,74.3881,NA,NA,NA,NA,NA,NA,NA,NA,NA,NA,NA,NA
580.940,3.2048,77.5711,1.7554,74.1433,NA,NA,NA,NA,NA,NA,NA,NA,NA,NA,NA,NA
581.040,3.2166,78.2257,1.7538,73.9822,NA,NA,NA,NA,NA,NA,NA,NA,NA,NA,NA,NA
581.140,3.2166,78.2257,1.7531,73.9135,NA,NA,NA,NA,NA,NA,NA,NA,NA,NA,NA,NA
581.235,3.1912,76.8211,1.7538,73.9889,NA,NA,NA,NA,NA,NA,NA,NA,NA,NA,NA,NA
581.339,3.1761,75.9814,1.7538,73.9889,NA,NA,NA,NA,NA,NA,NA,NA,NA,NA,NA,NA
581.431,3.1731,75.8169,1.7522,73.8250,NA,NA,NA,NA,NA,NA,NA,NA,NA,NA,NA,NA
581.532,3.1675,75.5046,1.7513,73.7389,NA,NA,NA,NA,NA,NA,NA,NA,NA,NA,NA,NA
581.625,3.1675,75.5046,1.7494,73.5500,NA,NA,NA,NA,NA,NA,NA,NA,NA,NA,NA,NA
581.725,3.1652,75.3762,1.7479,73.3954,NA,NA,NA,NA,NA,NA,NA,NA,NA,NA,NA,NA
581.820,3.1574,74.9479,1.7438,72.9932,NA,NA,NA,NA,NA,NA,NA,NA,NA,NA,NA,NA
581.920,3.1304,73.4514,1.7420,72.8130,NA,NA,NA,NA,NA,NA,NA,NA,NA,NA,NA,NA
582.076,3.1304,73.4514,1.7392,72.5356,NA,NA,NA,NA,NA,NA,NA,NA,NA,NA,NA,NA
582.124,3.1123,72.4495,1.7343,72.0503,NA,NA,NA,NA,NA,NA,NA,NA,NA,NA,NA,NA
582.226,3.1082,72.2191,1.7323,71.8511,NA,NA,NA,NA,NA,NA,NA,NA,NA,NA,NA,NA
582.319,3.1019,71.8710,1.7289,71.5130,NA,NA,NA,NA,NA,NA,NA,NA,NA,NA,NA,NA
582.407,3.0988,71.6988,1.7289,71.5130,NA,NA,NA,NA,NA,NA,NA,NA,NA,NA,NA,NA
582.505,3.1086,72.2401,1.7261,71.2314,NA,NA,NA,NA,NA,NA,NA,NA,NA,NA,NA,NA
582.612,3.1365,73.7865,1.7308,71.7051,NA,NA,NA,NA,NA,NA,NA,NA,NA,NA,NA,NA
582.714,3.1618,75.1913,1.7406,72.6731,NA,NA,NA,NA,NA,NA,NA,NA,NA,NA,NA,NA
582.801,3.1985,77.2232,1.7502,73.6254,NA,NA,NA,NA,NA,NA,NA,NA,NA,NA,NA,NA
582.900,3.2134,78.0463,1.7538,73.9816,NA,NA,NA,NA,NA,NA,NA,NA,NA,NA,NA,NA
582.997,3.2283,78.8736,1.7555,74.1483,NA,NA,NA,NA,NA,NA,NA,NA,NA,NA,NA,NA
583.094,3.2344,79.2102,1.7567,74.2750,NA,NA,NA,NA,NA,NA,NA,NA,NA,NA,NA,NA
583.194,3.2365,79.3309,1.7574,74.3454,NA,NA,NA,NA,NA,NA,NA,NA,NA,NA,NA,NA
583.322,3.2479,79.9594,1.7574,74.3454,NA,NA,NA,NA,NA,NA,NA,NA,NA,NA,NA,NA
583.386,3.2479,79.9594,1.7565,74.2508,NA,NA,NA,NA,NA,NA,NA,NA,NA,NA,NA,NA
583.486,3.2350,79.2475,1.7565,74.2508,NA,NA,NA,NA,NA,NA,NA,NA,NA,NA,NA,NA
583.588,3.2344,79.2104,1.7559,74.1947,NA,NA,NA,NA,NA,NA,NA,NA,NA,NA,NA,NA
583.682,3.2227,78.5634,1.7538,73.9871,NA,NA,NA,NA,NA,NA,NA,NA,NA,NA,NA,NA
583.778,3.2120,77.9684,1.7497,73.5736,NA,NA,NA,NA,NA,NA,NA,NA,NA,NA,NA,NA
583.890,3.2097,77.8417,1.7491,73.5210,NA,NA,NA,NA,NA,NA,NA,NA,NA,NA,NA,NA
583.977,3.1917,76.8453,1.7471,73.3198,NA,NA,NA,NA,NA,NA,NA,NA,NA,NA,NA,NA
584.072,3.1917,76.8453,1.7447,73.0822,NA,NA,NA,NA,NA,NA,NA,NA,NA,NA,NA,NA
584.176,3.1841,76.4244,1.7431,72.9199,NA,NA,NA,NA,NA,NA,NA,NA,NA,NA,NA,NA
584.270,3.1841,76.4244,1.7410,72.7124,NA,NA,NA,NA,NA,NA,NA,NA,NA,NA,NA,NA
584.370,3.1685,75.5602,1.7356,72.1780,NA,NA,NA,NA,NA,NA,NA,NA,NA,NA,NA,NA
584.505,3.1477,74.4063,1.7338,72.0025,NA,NA,NA,NA,NA,NA,NA,NA,NA,NA,NA,NA
584.578,3.1425,74.1206,1.7311,71.7360,NA,NA,NA,NA,NA,NA,NA,NA,NA,NA,NA,NA
584.667,3.1319,73.5351,1.7295,71.5783,NA,NA,NA,NA,NA,NA,NA,NA,NA,NA,NA,NA
584.758,3.1335,73.6200,1.7255,71.1802,NA,NA,NA,NA,NA,NA,NA,NA,NA,NA,NA,NA
584.865,3.1335,73.6200,1.7255,71.1802,NA,NA,NA,NA,NA,NA,NA,NA,NA,NA,NA,NA
584.953,3.1246,73.1263,1.7212,70.7544,NA,NA,NA,NA,NA,NA,NA,NA,NA,NA,NA,NA
585.057,3.1283,73.3313,1.7206,70.6908,NA,NA,NA,NA,NA,NA,NA,NA,NA,NA,NA,NA
585.154,3.1283,73.3313,1.7192,70.5504,NA,NA,NA,NA,NA,NA,NA,NA,NA,NA,NA,NA
585.251,3.1150,72.5961,1.7179,70.4212,NA,NA,NA,NA,NA,NA,NA,NA,NA,NA,NA,NA
585.344,3.1104,72.3396,1.7166,70.2969,NA,NA,NA,NA,NA,NA,NA,NA,NA,NA,NA,NA
585.445,3.1074,72.1728,1.7155,70.1814,NA,NA,NA,NA,NA,NA,NA,NA,NA,NA,NA,NA
585.541,3.1071,72.1577,1.7149,70.1283,NA,NA,NA,NA,NA,NA,NA,NA,NA,NA,NA,NA
585.644,3.1019,71.8679,1.7148,70.1110,NA,NA,NA,NA,NA,NA,NA,NA,NA,NA,NA,NA
585.744,3.1010,71.8213,1.7148,70.1110,NA,NA,NA,NA,NA,NA,NA,NA,NA,NA,NA,NA
585.836,3.1010,71.8213,1.7129,69.9282,NA,NA,NA,NA,NA,NA,NA,NA,NA,NA,NA,NA
585.940,3.0860,70.9916,1.7115,69.7841,NA,NA,NA,NA,NA,NA,NA,NA,NA,NA,NA,NA
586.033,3.0852,70.9457,1.7104,69.6780,NA,NA,NA,NA,NA,NA,NA,NA,NA,NA,NA,NA
586.132,3.0803,70.6732,1.7099,69.6331,NA,NA,NA,NA,NA,NA,NA,NA,NA,NA,NA,NA
586.251,3.0803,70.6732,1.7059,69.2275,NA,NA,NA,NA,NA,NA,NA,NA,NA,NA,NA,NA
586.332,3.0621,69.6655,1.7057,69.2163,NA,NA,NA,NA,NA,NA,NA,NA,NA,NA,NA,NA
586.429,3.0643,69.7897,1.7052,69.1593,NA,NA,NA,NA,NA,NA,NA,NA,NA,NA,NA,NA
586.520,3.0643,69.7897,1.7050,69.1384,NA,NA,NA,NA,NA,NA,NA,NA,NA,NA,NA,NA
586.616,3.0568,69.3700,1.7032,68.9640,NA,NA,NA,NA,NA,NA,NA,NA,NA,NA,NA,NA
586.722,3.0568,69.3700,1.7004,68.6878,NA,NA,NA,NA,NA,NA,NA,NA,NA,NA,NA,NA
586.814,3.0443,68.6800,1.6989,68.5353,NA,NA,NA,NA,NA,NA,NA,NA,NA,NA,NA,NA
586.924,3.0443,68.6800,1.6926,67.9138,NA,NA,NA,NA,NA,NA,NA,NA,NA,NA,NA,NA
587.009,3.0441,68.6703,1.6902,67.6791,NA,NA,NA,NA,NA,NA,NA,NA,NA,NA,NA,NA
587.109,3.0441,68.6703,1.6898,67.6396,NA,NA,NA,NA,NA,NA,NA,NA,NA,NA,NA,NA
587.204,3.0253,67.6258,1.6887,67.5292,NA,NA,NA,NA,NA,NA,NA,NA,NA,NA,NA,NA
587.315,3.0490,68.9414,1.6921,67.8659,NA,NA,NA,NA,NA,NA,NA,NA,NA,NA,NA,NA
587.402,3.0756,70.4123,1.6979,68.4432,NA,NA,NA,NA,NA,NA,NA,NA,NA,NA,NA,NA
587.500,3.1339,73.6444,1.7026,68.9028,NA,NA,NA,NA,NA,NA,NA,NA,NA,NA,NA,NA
587.595,3.1423,74.1114,1.7096,69.5957,NA,NA,NA,NA,NA,NA,NA,NA,NA,NA,NA,NA
587.698,3.2121,77.9739,1.7146,70.0976,NA,NA,NA,NA,NA,NA,NA,NA,NA,NA,NA,NA
587.792,3.2255,78.7198,1.7214,70.7746,NA,NA,NA,NA,NA,NA,NA,NA,NA,NA,NA,NA
587.891,3.2493,80.0354,1.7381,72.4302,NA,NA,NA,NA,NA,NA,NA,NA,NA,NA,NA,NA
588.002,3.2829,81.8974,1.7481,73.4217,NA,NA,NA,NA,NA,NA,NA,NA,NA,NA,NA,NA
588.096,3.3099,83.3949,1.7600,74.5953,NA,NA,NA,NA,NA,NA,NA,NA,NA,NA,NA,NA
588.190,3.3535,85.8106,1.7687,75.4657,NA,NA,NA,NA,NA,NA,NA,NA,NA,NA,NA,NA
588.282,3.3548,85.8807,1.7749,76.0799,NA,NA,NA,NA,NA,NA,NA,NA,NA,NA,NA,NA
588.385,3.3805,87.3081,1.7802,76.6026,NA,NA,NA,NA,NA,NA,NA,NA,NA,NA,NA,NA
588.485,3.3995,88.3588,1.7869,77.2642,NA,NA,NA,NA,NA,NA,NA,NA,NA,NA,NA,NA
588.581,3.4148,89.2095,1.7918,77.7560,NA,NA,NA,NA,NA,NA,NA,NA,NA,NA,NA,NA
588.673,3.4221,89.6114,1.7977,78.3439,NA,NA,NA,NA,NA,NA,NA,NA,NA,NA,NA,NA
588.771,3.4349,90.3242,1.8029,78.8561,NA,NA,NA,NA,NA,NA,NA,NA,NA,NA,NA,NA
588.874,3.4542,91.3893,1.8061,79.1698,NA,NA,NA,NA,NA,NA,NA,NA,NA,NA,NA,NA
588.971,3.4542,91.3893,1.8077,79.3300,NA,NA,NA,NA,NA,NA,NA,NA,NA,NA,NA,NA
589.071,3.4477,91.0327,1.8077,79.3300,NA,NA,NA,NA,NA,NA,NA,NA,NA,NA,NA,NA
589.169,3.4477,91.0327,1.8072,79.2783,NA,NA,NA,NA,NA,NA,NA,NA,NA,NA,NA,NA
589.344,3.4426,90.7488,1.8040,78.9668,NA,NA,NA,NA,NA,NA,NA,NA,NA,NA,NA,NA
589.364,3.4426,90.7488,1.8002,78.5840,NA,NA,NA,NA,NA,NA,NA,NA,NA,NA,NA,NA
589.459,3.4224,89.6276,1.7994,78.5064,NA,NA,NA,NA,NA,NA,NA,NA,NA,NA,NA,NA
589.559,3.3848,87.5453,1.7950,78.0683,NA,NA,NA,NA,NA,NA,NA,NA,NA,NA,NA,NA
589.661,3.3761,87.0647,1.7909,77.6693,NA,NA,NA,NA,NA,NA,NA,NA,NA,NA,NA,NA
589.760,3.3719,86.8331,1.7876,77.3418,NA,NA,NA,NA,NA,NA,NA,NA,NA,NA,NA,NA
589.853,3.3719,86.8331,1.7848,77.0559,NA,NA,NA,NA,NA,NA,NA,NA,NA,NA,NA,NA
589.948,3.3669,86.5522,1.7833,76.9070,NA,NA,NA,NA,NA,NA,NA,NA,NA,NA,NA,NA
590.046,3.3646,86.4282,1.7817,76.7480,NA,NA,NA,NA,NA,NA,NA,NA,NA,NA,NA,NA
590.142,3.3573,86.0212,1.7784,76.4242,NA,NA,NA,NA,NA,NA,NA,NA,NA,NA,NA,NA
590.249,3.3202,83.9660,1.7764,76.2267,NA,NA,NA,NA,NA,NA,NA,NA,NA,NA,NA,NA
590.341,3.3132,83.5810,1.7737,75.9597,NA,NA,NA,NA,NA,NA,NA,NA,NA,NA,NA,NA
590.438,3.3085,83.3174,1.7723,75.8171,NA,NA,NA,NA,NA,NA,NA,NA,NA,NA,NA,NA
590.559,3.3085,83.3174,1.7683,75.4232,NA,NA,NA,NA,NA,NA,NA,NA,NA,NA,NA,NA
590.634,3.3059,83.1763,1.7665,75.2434,NA,NA,NA,NA,NA,NA,NA,NA,NA,NA,NA,NA
590.732,3.2961,82.6290,1.7659,75.1859,NA,NA,NA,NA,NA,NA,NA,NA,NA,NA,NA,NA
590.829,3.3021,82.9628,1.7656,75.1562,NA,NA,NA,NA,NA,NA,NA,NA,NA,NA,NA,NA
590.929,3.3021,82.9628,1.7631,74.9107,NA,NA,NA,NA,NA,NA,NA,NA,NA,NA,NA,NA
591.043,3.2684,81.0958,1.7585,74.4536,NA,NA,NA,NA,NA,NA,NA,NA,NA,NA,NA,NA
591.122,3.2553,80.3712,1.7571,74.3146,NA,NA,NA,NA,NA,NA,NA,NA,NA,NA,NA,NA
591.227,3.2511,80.1381,1.7535,73.9553,NA,NA,NA,NA,NA,NA,NA,NA,NA,NA,NA,NA
591.320,3.2511,80.1381,1.7490,73.5083,NA,NA,NA,NA,NA,NA,NA,NA,NA,NA,NA,NA
591.421,3.2402,79.5346,1.7466,73.2737,NA,NA,NA,NA,NA,NA,NA,NA,NA,NA,NA,NA
591.516,3.2342,79.2022,1.7452,73.1358,NA,NA,NA,NA,NA,NA,NA,NA,NA,NA,NA,NA
591.621,3.2202,78.4228,1.7406,72.6719,NA,NA,NA,NA,NA,NA,NA,NA,NA,NA,NA,NA
591.727,3.2280,78.8593,1.7403,72.6467,NA,NA,NA,NA,NA,NA,NA,NA,NA,NA,NA,NA
591.808,3.2280,78.8593,1.7391,72.5286,NA,NA,NA,NA,NA,NA,NA,NA,NA,NA,NA,NA
591.914,3.2240,78.6385,1.7376,72.3757,NA,NA,NA,NA,NA,NA,NA,NA,NA,NA,NA,NA
592.001,3.2240,78.6385,1.7362,72.2341,NA,NA,NA,NA,NA,NA,NA,NA,NA,NA,NA,NA
592.108,3.2204,78.4354,1.7347,72.0907,NA,NA,NA,NA,NA,NA,NA,NA,NA,NA,NA,NA
592.202,3.2047,77.5652,1.7319,71.8103,NA,NA,NA,NA,NA,NA,NA,NA,NA,NA,NA,NA
592.337,3.1897,76.7332,1.7288,71.5037,NA,NA,NA,NA,NA,NA,NA,NA,NA,NA,NA,NA
592.400,3.1824,76.3326,1.7227,70.9000,NA,NA,NA,NA,NA,NA,NA,NA,NA,NA,NA,NA
592.489,3.1763,75.9952,1.7198,70.6080,NA,NA,NA,NA,NA,NA,NA,NA,NA,NA,NA,NA
592.596,3.1593,75.0485,1.7174,70.3710,NA,NA,NA,NA,NA,NA,NA,NA,NA,NA,NA,NA
592.685,3.1593,75.0485,1.7155,70.1856,NA,NA,NA,NA,NA,NA,NA,NA,NA,NA,NA,NA
592.788,3.1775,76.0598,1.7182,70.4533,NA,NA,NA,NA,NA,NA,NA,NA,NA,NA,NA,NA
592.932,3.1886,76.6770,1.7260,71.2258,NA,NA,NA,NA,NA,NA,NA,NA,NA,NA,NA,NA
592.984,3.2063,77.6527,1.7328,71.9031,NA,NA,NA,NA,NA,NA,NA,NA,NA,NA,NA,NA
593.083,3.2338,79.1762,1.7465,73.2620,NA,NA,NA,NA,NA,NA,NA,NA,NA,NA,NA,NA
593.177,3.2595,80.6024,1.7641,75.0046,NA,NA,NA,NA,NA,NA,NA,NA,NA,NA,NA,NA
593.276,3.3202,83.9675,1.7722,75.8054,NA,NA,NA,NA,NA,NA,NA,NA,NA,NA,NA,NA
593.382,3.3410,85.1205,1.7822,76.7991,NA,NA,NA,NA,NA,NA,NA,NA,NA,NA,NA,NA
593.536,3.3992,88.3431,1.7917,77.7425,NA,NA,NA,NA,NA,NA,NA,NA,NA,NA,NA,NA
593.577,3.4195,89.4707,1.8009,78.6527,NA,NA,NA,NA,NA,NA,NA,NA,NA,NA,NA,NA
593.674,3.4383,90.5077,1.8121,79.7723,NA,NA,NA,NA,NA,NA,NA,NA,NA,NA,NA,NA
593.765,3.4539,91.3738,1.8209,80.6422,NA,NA,NA,NA,NA,NA,NA,NA,NA,NA,NA,NA
593.865,3.4679,92.1514,1.8293,81.4778,NA,NA,NA,NA,NA,NA,NA,NA,NA,NA,NA,NA
593.964,3.4926,93.5171,1.8327,81.8085,NA,NA,NA,NA,NA,NA,NA,NA,NA,NA,NA,NA
594.119,3.5008,93.9746,1.8352,82.0621,NA,NA,NA,NA,NA,NA,NA,NA,NA,NA,NA,NA
594.162,3.5079,94.3667,1.8366,82.2000,NA,NA,NA,NA,NA,NA,NA,NA,NA,NA,NA,NA
594.258,3.5079,94.3667,1.8366,82.2000,NA,NA,NA,NA,NA,NA,NA,NA,NA,NA,NA,NA
594.373,3.5058,94.2489,1.8346,81.9993,NA,NA,NA,NA,NA,NA,NA,NA,NA,NA,NA,NA
594.453,3.5058,94.2489,1.8293,81.4720,NA,NA,NA,NA,NA,NA,NA,NA,NA,NA,NA,NA
594.550,3.4763,92.6170,1.8274,81.2901,NA,NA,NA,NA,NA,NA,NA,NA,NA,NA,NA,NA
594.651,3.4709,92.3141,1.8263,81.1754,NA,NA,NA,NA,NA,NA,NA,NA,NA,NA,NA,NA
594.743,3.4593,91.6714,1.8235,80.9022,NA,NA,NA,NA,NA,NA,NA,NA,NA,NA,NA,NA
594.838,3.4565,91.5178,1.8230,80.8480,NA,NA,NA,NA,NA,NA,NA,NA,NA,NA,NA,NA
594.947,3.4565,91.5178,1.8219,80.7402,NA,NA,NA,NA,NA,NA,NA,NA,NA,NA,NA,NA
595.045,3.4557,91.4767,1.8191,80.4656,NA,NA,NA,NA,NA,NA,NA,NA,NA,NA,NA,NA
595.136,3.4449,90.8741,1.8144,80.0005,NA,NA,NA,NA,NA,NA,NA,NA,NA,NA,NA,NA
595.236,3.4247,89.7565,1.8108,79.6413,NA,NA,NA,NA,NA,NA,NA,NA,NA,NA,NA,NA
595.341,3.4164,89.2951,1.8078,79.3367,NA,NA,NA,NA,NA,NA,NA,NA,NA,NA,NA,NA
595.429,3.4092,88.8998,1.8056,79.1191,NA,NA,NA,NA,NA,NA,NA,NA,NA,NA,NA,NA
595.533,3.4040,88.6086,1.8032,78.8823,NA,NA,NA,NA,NA,NA,NA,NA,NA,NA,NA,NA
595.631,3.3918,87.9359,1.8007,78.6320,NA,NA,NA,NA,NA,NA,NA,NA,NA,NA,NA,NA
595.730,3.3905,87.8612,1.8007,78.6320,NA,NA,NA,NA,NA,NA,NA,NA,NA,NA,NA,NA
595.855,3.3905,87.8612,1.7956,78.1277,NA,NA,NA,NA,NA,NA,NA,NA,NA,NA,NA,NA
595.923,3.3835,87.4734,1.7943,77.9976,NA,NA,NA,NA,NA,NA,NA,NA,NA,NA,NA,NA
596.018,3.3720,86.8368,1.7897,77.5435,NA,NA,NA,NA,NA,NA,NA,NA,NA,NA,NA,NA
596.115,3.3615,86.2549,1.7804,76.6254,NA,NA,NA,NA,NA,NA,NA,NA,NA,NA,NA,NA
596.213,3.3461,85.3992,1.7776,76.3451,NA,NA,NA,NA,NA,NA,NA,NA,NA,NA,NA,NA
596.316,3.3383,84.9704,1.7772,76.3075,NA,NA,NA,NA,NA,NA,NA,NA,NA,NA,NA,NA
596.460,3.3265,84.3146,1.7772,76.3075,NA,NA,NA,NA,NA,NA,NA,NA,NA,NA,NA,NA
596.508,3.3244,84.1978,1.7765,76.2367,NA,NA,NA,NA,NA,NA,NA,NA,NA,NA,NA,NA
596.605,3.3144,83.6426,1.7767,76.2598,NA,NA,NA,NA,NA,NA,NA,NA,NA,NA,NA,NA
596.719,3.3144,83.6426,1.7767,76.2598,NA,NA,NA,NA,NA,NA,NA,NA,NA,NA,NA,NA
596.797,3.2994,82.8153,1.7745,76.0397,NA,NA,NA,NA,NA,NA,NA,NA,NA,NA,NA,NA
596.906,3.2915,82.3785,1.7727,75.8576,NA,NA,NA,NA,NA,NA,NA,NA,NA,NA,NA,NA
597.042,3.2883,82.1986,1.7714,75.7305,NA,NA,NA,NA,NA,NA,NA,NA,NA,NA,NA,NA
597.094,3.2786,81.6602,1.7707,75.6626,NA,NA,NA,NA,NA,NA,NA,NA,NA,NA,NA,NA
597.193,3.2743,81.4219,1.7688,75.4735,NA,NA,NA,NA,NA,NA,NA,NA,NA,NA,NA,NA
597.299,3.2628,80.7868,1.7670,75.2965,NA,NA,NA,NA,NA,NA,NA,NA,NA,NA,NA,NA
597.388,3.2628,80.7868,1.7664,75.2299,NA,NA,NA,NA,NA,NA,NA,NA,NA,NA,NA,NA
597.483,3.2564,80.4320,1.7627,74.8688,NA,NA,NA,NA,NA,NA,NA,NA,NA,NA,NA,NA
597.583,3.2414,79.6028,1.7616,74.7532,NA,NA,NA,NA,NA,NA,NA,NA,NA,NA,NA,NA
597.716,3.2367,79.3378,1.7604,74.6376,NA,NA,NA,NA,NA,NA,NA,NA,NA,NA,NA,NA
597.771,3.2317,79.0601,1.7590,74.5040,NA,NA,NA,NA,NA,NA,NA,NA,NA,NA,NA,NA
597.878,3.2303,78.9858,1.7585,74.4504,NA,NA,NA,NA,NA,NA,NA,NA,NA,NA,NA,NA
597.977,3.2284,78.8822,1.7575,74.3558,NA,NA,NA,NA,NA,NA,NA,NA,NA,NA,NA,NA
598.083,3.2284,78.8822,1.7569,74.2895,NA,NA,NA,NA,NA,NA,NA,NA,NA,NA,NA,NA
598.177,3.2149,78.1314,1.7560,74.2063,NA,NA,NA,NA,NA,NA,NA,NA,NA,NA,NA,NA
598.288,3.2149,78.1314,1.7548,74.0861,NA,NA,NA,NA,NA,NA,NA,NA,NA,NA,NA,NA
598.361,3.2089,77.7976,1.7505,73.6602,NA,NA,NA,NA,NA,NA,NA,NA,NA,NA,NA,NA
598.470,3.2050,77.5824,1.7479,73.4033,NA,NA,NA,NA,NA,NA,NA,NA,NA,NA,NA,NA
598.562,3.2138,78.0731,1.7478,73.3910,NA,NA,NA,NA,NA,NA,NA,NA,NA,NA,NA,NA
598.660,3.2138,78.0731,1.7470,73.3072,NA,NA,NA,NA,NA,NA,NA,NA,NA,NA,NA,NA
598.757,3.1985,77.2225,1.7446,73.0671,NA,NA,NA,NA,NA,NA,NA,NA,NA,NA,NA,NA
598.892,3.1897,76.7333,1.7440,73.0092,NA,NA,NA,NA,NA,NA,NA,NA,NA,NA,NA,NA
598.955,3.1869,76.5829,1.7439,73.0066,NA,NA,NA,NA,NA,NA,NA,NA,NA,NA,NA,NA
599.055,3.1853,76.4914,1.7428,72.8926,NA,NA,NA,NA,NA,NA,NA,NA,NA,NA,NA,NA
599.149,3.1853,76.4914,1.7420,72.8132,NA,NA,NA,NA,NA,NA,NA,NA,NA,NA,NA,NA
599.246,3.1831,76.3679,1.7394,72.5540,NA,NA,NA,NA,NA,NA,NA,NA,NA,NA,NA,NA
599.349,3.1831,76.3679,1.7380,72.4210,NA,NA,NA,NA,NA,NA,NA,NA,NA,NA,NA,NA
599.519,3.1845,76.4486,1.7366,72.2802,NA,NA,NA,NA,NA,NA,NA,NA,NA,NA,NA,NA
599.544,3.1845,76.4486,1.7362,72.2393,NA,NA,NA,NA,NA,NA,NA,NA,NA,NA,NA,NA
599.640,3.1732,75.8230,1.7346,72.0787,NA,NA,NA,NA,NA,NA,NA,NA,NA,NA,NA,NA
599.740,3.1555,74.8406,1.7346,72.0787,NA,NA,NA,NA,NA,NA,NA,NA,NA,NA,NA,NA
599.836,3.1527,74.6878,1.7342,72.0433,NA,NA,NA,NA,NA,NA,NA,NA,NA,NA,NA,NA
599.931,3.1535,74.7312,1.7336,71.9814,NA,NA,NA,NA,NA,NA,NA,NA,NA,NA,NA,NA
600.051,3.1535,74.7312,1.7331,71.9264,NA,NA,NA,NA,NA,NA,NA,NA,NA,NA,NA,NA
600.124,3.1523,74.6623,1.7321,71.8307,NA,NA,NA,NA,NA,NA,NA,NA,NA,NA,NA,NA
600.229,3.1523,74.6623,1.7300,71.6255,NA,NA,NA,NA,NA,NA,NA,NA,NA,NA,NA,NA
600.321,3.1471,74.3775,1.7276,71.3822,NA,NA,NA,NA,NA,NA,NA,NA,NA,NA,NA,NA
600.434,3.1399,73.9754,1.7262,71.2426,NA,NA,NA,NA,NA,NA,NA,NA,NA,NA,NA,NA
600.521,3.1296,73.4061,1.7241,71.0331,NA,NA,NA,NA,NA,NA,NA,NA,NA,NA,NA,NA
600.616,3.1207,72.9108,1.7234,70.9692,NA,NA,NA,NA,NA,NA,NA,NA,NA,NA,NA,NA
600.723,3.1201,72.8786,1.7186,70.4900,NA,NA,NA,NA,NA,NA,NA,NA,NA,NA,NA,NA
600.823,3.1064,72.1226,1.7175,70.3785,NA,NA,NA,NA,NA,NA,NA,NA,NA,NA,NA,NA
600.910,3.1059,72.0949,1.7175,70.3785,NA,NA,NA,NA,NA,NA,NA,NA,NA,NA,NA,NA
601.015,3.1038,71.9776,1.7159,70.2226,NA,NA,NA,NA,NA,NA,NA,NA,NA,NA,NA,NA
601.113,3.1038,71.9776,1.7158,70.2109,NA,NA,NA,NA,NA,NA,NA,NA,NA,NA,NA,NA
601.248,3.0848,70.9220,1.7150,70.1308,NA,NA,NA,NA,NA,NA,NA,NA,NA,NA,NA,NA
601.300,3.0840,70.8798,1.7150,70.1308,NA,NA,NA,NA,NA,NA,NA,NA,NA,NA,NA,NA
601.408,3.0809,70.7097,1.7106,69.7029,NA,NA,NA,NA,NA,NA,NA,NA,NA,NA,NA,NA
601.498,3.0824,70.7891,1.7101,69.6514,NA,NA,NA,NA,NA,NA,NA,NA,NA,NA,NA,NA
601.598,3.0824,70.7891,1.7054,69.1814,NA,NA,NA,NA,NA,NA,NA,NA,NA,NA,NA,NA
601.693,3.0847,70.9155,1.7033,68.9706,NA,NA,NA,NA,NA,NA,NA,NA,NA,NA,NA,NA
601.843,3.0847,70.9155,1.7024,68.8807,NA,NA,NA,NA,NA,NA,NA,NA,NA,NA,NA,NA
601.899,3.0720,70.2163,1.7018,68.8240,NA,NA,NA,NA,NA,NA,NA,NA,NA,NA,NA,NA
602.000,3.0720,70.2135,1.7018,68.8240,NA,NA,NA,NA,NA,NA,NA,NA,NA,NA,NA,NA
602.084,3.0613,69.6223,1.7001,68.6583,NA,NA,NA,NA,NA,NA,NA,NA,NA,NA,NA,NA
602.184,3.0560,69.3290,1.6975,68.3956,NA,NA,NA,NA,NA,NA,NA,NA,NA,NA,NA,NA
602.285,3.0560,69.3290,1.6967,68.3234,NA,NA,NA,NA,NA,NA,NA,NA,NA,NA,NA,NA
602.384,3.0550,69.2709,1.6965,68.2953,NA,NA,NA,NA,NA,NA,NA,NA,NA,NA,NA,NA
602.523,3.0550,69.2709,1.6954,68.1925,NA,NA,NA,NA,NA,NA,NA,NA,NA,NA,NA,NA
602.577,3.0396,68.4195,1.6948,68.1269,NA,NA,NA,NA,NA,NA,NA,NA,NA,NA,NA,NA
602.684,3.0400,68.4432,1.6946,68.1079,NA,NA,NA,NA,NA,NA,NA,NA,NA,NA,NA,NA
602.778,3.0400,68.4432,1.6939,68.0467,NA,NA,NA,NA,NA,NA,NA,NA,NA,NA,NA,NA
602.866,3.0339,68.1055,1.6939,68.0467,NA,NA,NA,NA,NA,NA,NA,NA,NA,NA,NA,NA
602.965,3.0339,68.1055,1.6937,68.0195,NA,NA,NA,NA,NA,NA,NA,NA,NA,NA,NA,NA
603.071,3.0299,67.8820,1.6934,67.9894,NA,NA,NA,NA,NA,NA,NA,NA,NA,NA,NA,NA
603.167,3.0299,67.8820,1.6906,67.7180,NA,NA,NA,NA,NA,NA,NA,NA,NA,NA,NA,NA
603.267,3.0346,68.1436,1.6900,67.6560,NA,NA,NA,NA,NA,NA,NA,NA,NA,NA,NA,NA
603.357,3.0346,68.1436,1.6887,67.5300,NA,NA,NA,NA,NA,NA,NA,NA,NA,NA,NA,NA
603.457,3.0296,67.8663,1.6864,67.2947,NA,NA,NA,NA,NA,NA,NA,NA,NA,NA,NA,NA
603.553,3.0179,67.2152,1.6864,67.2947,NA,NA,NA,NA,NA,NA,NA,NA,NA,NA,NA,NA
