,Ch1,,Ch2,,Ch3,,Ch4,,Ch5,,Ch6,,Ch7,,Ch8,
Time (s),R (kohm),ΔR/R0 (%),R (kohm),ΔR/R0 (%),R (kohm),ΔR/R0 (%),R (kohm),ΔR/R0 (%),R (kohm),ΔR/R0 (%),R (kohm),ΔR/R0 (%),R (kohm),ΔR/R0 (%),R (kohm),ΔR/R0 (%)
0.011,8.5578,0.0000,8.1702,0.0000,64294.3320,0.0000,NA,NA,NA,NA,NA,NA,NA,NA,NA,NA
0.099,8.5578,0.0000,8.1699,0.0000,25277.4320,0.0000,195253.4720,0.0000,NA,NA,NA,NA,NA,NA,NA,NA
0.196,8.5544,0.0000,8.1701,0.0000,48269.1120,0.0000,NA,NA,NA,NA,NA,NA,NA,NA,NA,NA
0.302,8.5538,0.0000,8.1735,0.0000,48269.1120,0.0000,NA,NA,NA,NA,NA,NA,NA,NA,NA,NA
0.402,8.5538,0.0000,8.1749,0.0000,24680.7840,0.0000,NA,NA,NA,NA,NA,NA,NA,NA,NA,NA
0.497,8.5533,0.0000,8.1749,0.0000,22935.9520,0.0000,NA,NA,NA,NA,NA,NA,NA,NA,NA,NA
0.594,8.5505,0.0000,8.1745,0.0000,24356.9260,0.0000,NA,NA,NA,NA,NA,NA,NA,NA,NA,NA
0.694,8.5495,0.0000,8.1728,0.0000,41539.9960,0.0000,NA,NA,NA,NA,NA,NA,NA,NA,NA,NA
0.787,8.5438,0.0000,8.1725,0.0000,48284.1040,0.0000,NA,NA,NA,NA,NA,NA,NA,NA,NA,NA
0.888,8.5629,0.0000,8.2901,0.0000,56675.2960,0.0000,NA,NA,NA,NA,NA,NA,NA,NA,NA,NA
0.986,9.1424,0.0000,8.8451,0.0000,56675.2960,0.0000,NA,NA,NA,NA,NA,NA,NA,NA,NA,NA
1.093,9.5574,0.0000,9.1229,3.1410,30466.6820,-46.2435,190830.4160,0.0000,NA,NA,NA,NA,NA,NA,NA,NA
1.187,9.7773,2.3012,9.2889,5.0174,64574.9360,13.9384,NA,NA,NA,NA,NA,NA,NA,NA,NA,NA
1.303,9.8429,2.9871,9.3406,5.6013,64574.9360,13.9384,NA,NA,NA,NA,NA,NA,NA,NA,NA,NA
1.391,9.8593,3.1589,9.3590,5.8096,27772.3120,-50.9975,NA,NA,NA,NA,NA,NA,NA,NA,NA,NA
1.485,9.8593,3.1589,9.3590,5.8096,26761.2620,-52.7814,NA,NA,NA,NA,NA,NA,NA,NA,NA,NA
1.588,9.8514,3.0757,9.3434,5.6336,28205.6300,-50.2329,NA,NA,NA,NA,NA,NA,NA,NA,NA,NA
1.693,9.7915,2.4497,9.3223,5.3950,55545.0800,-1.9942,NA,NA,NA,NA,NA,NA,NA,NA,NA,NA
1.780,9.7346,1.8546,9.2871,4.9967,56607.5840,-0.1195,NA,NA,NA,NA,NA,NA,NA,NA,NA,NA
1.876,9.6653,1.1294,9.2482,4.5576,56607.5840,-0.1195,NA,NA,NA,NA,NA,NA,NA,NA,NA,NA
1.976,9.6150,0.6023,9.2254,4.2989,55773.2640,-1.5916,NA,NA,NA,NA,NA,NA,NA,NA,NA,NA
2.078,9.7136,1.6349,9.4104,6.3911,26050.9680,-54.0347,183585.4400,0.0000,NA,NA,NA,NA,NA,NA,NA,NA
2.177,9.8940,3.5224,9.5821,8.3320,48765.0880,-13.9571,NA,NA,NA,NA,NA,NA,NA,NA,NA,NA
2.275,9.9904,4.5306,9.6375,8.9584,48765.0880,-13.9571,NA,NA,NA,NA,NA,NA,NA,NA,NA,NA
2.367,10.0541,5.1966,9.6863,9.5100,27831.5140,-50.8930,170837.1520,0.0000,NA,NA,NA,NA,NA,NA,NA,NA
2.478,10.0775,5.4424,9.6912,9.5653,57984.1960,2.3095,NA,NA,NA,NA,NA,NA,NA,NA,NA,NA
2.574,10.0775,5.4424,9.6912,9.5653,NA,NA,NA,NA,NA,NA,NA,NA,NA,NA,NA,NA
2.676,10.0756,5.4223,9.6795,9.4333,NA,NA,NA,NA,NA,NA,NA,NA,NA,NA,NA,NA
2.766,10.0299,4.9437,9.6490,9.0882,32740.2300,-42.2319,NA,NA,NA,NA,NA,NA,NA,NA,NA,NA
2.867,9.9615,4.2278,9.6346,8.9258,33087.9960,-41.6183,182412.9920,0.0000,NA,NA,NA,NA,NA,NA,NA,NA
2.969,9.9280,3.8772,9.6228,8.7917,33087.9960,-41.6183,182412.9920,0.0000,NA,NA,NA,NA,NA,NA,NA,NA
3.075,9.9026,3.6119,9.6022,8.5590,56397.6240,-0.4899,NA,NA,NA,NA,NA,NA,NA,NA,NA,NA
3.166,9.8717,3.2882,9.5993,8.5260,64249.6960,13.3646,NA,NA,NA,NA,NA,NA,NA,NA,NA,NA
3.280,9.9867,4.4918,9.7353,10.0641,64249.6960,13.3646,NA,NA,NA,NA,NA,NA,NA,NA,NA,NA
3.366,10.0877,5.5490,9.8745,11.6382,27363.4840,-51.7189,NA,NA,NA,NA,NA,NA,NA,NA,NA,NA
3.474,10.1722,6.4330,9.8993,11.9176,25988.0860,-54.1457,NA,NA,NA,NA,NA,NA,NA,NA,NA,NA
3.565,10.1737,6.4487,9.8993,11.9176,27992.0040,-50.6099,NA,NA,NA,NA,NA,NA,NA,NA,NA,NA
3.661,10.1737,6.4487,9.8794,11.6930,55210.9560,-2.5837,NA,NA,NA,NA,NA,NA,NA,NA,NA,NA
3.815,10.1532,6.2336,9.8436,11.2880,55669.9840,-1.7738,NA,NA,NA,NA,NA,NA,NA,NA,NA,NA
3.862,10.1249,5.9378,9.8249,11.0768,55669.9840,-1.7738,NA,NA,NA,NA,NA,NA,NA,NA,NA,NA
3.961,10.0679,5.3414,9.8119,10.9303,54558.2960,-3.7353,NA,NA,NA,NA,NA,NA,NA,NA,NA,NA
4.058,10.0419,5.0694,9.7707,10.4645,26387.1960,-53.4415,175769.5200,0.0000,NA,NA,NA,NA,NA,NA,NA,NA
4.158,9.9914,4.5407,9.7541,10.2763,49299.2080,-13.0146,NA,NA,NA,NA,NA,NA,NA,NA,NA,NA
4.268,9.9539,4.1487,9.7459,10.1836,49299.2080,-13.0146,NA,NA,NA,NA,NA,NA,NA,NA,NA,NA
4.364,9.9053,3.6402,9.7280,9.9816,26174.1640,-53.8173,NA,NA,NA,NA,NA,NA,NA,NA,NA,NA
4.456,9.8827,3.4038,9.7156,9.8418,23400.8040,-58.7108,NA,NA,NA,NA,NA,NA,NA,NA,NA,NA
4.556,9.8662,3.2307,9.7045,9.7163,25584.8680,-54.8571,NA,NA,NA,NA,NA,NA,NA,NA,NA,NA
4.650,9.8137,2.6814,9.6844,9.4881,47927.2280,-15.4354,NA,NA,NA,NA,NA,NA,NA,NA,NA,NA
4.756,9.7874,2.4061,9.6709,9.3360,54636.0040,-3.5982,NA,NA,NA,NA,NA,NA,NA,NA,NA,NA
4.850,9.8294,2.8459,9.7296,9.9994,63134.2480,11.3964,NA,NA,NA,NA,NA,NA,NA,NA,NA,NA
4.945,10.0319,4.9646,9.8702,11.5896,63134.2480,11.3964,NA,NA,NA,NA,NA,NA,NA,NA,NA,NA
5.042,10.2599,7.3505,10.0698,13.8462,30183.2640,-46.7435,NA,NA,NA,NA,NA,NA,NA,NA,NA,NA
5.145,10.5255,10.1296,10.2244,15.5935,29738.8340,-47.5277,NA,NA,NA,NA,NA,NA,NA,NA,NA,NA
5.243,10.7181,12.1448,10.3563,17.0844,29698.6960,-47.5985,NA,NA,NA,NA,NA,NA,NA,NA,NA,NA
5.336,10.8057,13.0609,10.4158,17.7576,21623.5200,-61.8467,NA,NA,NA,NA,NA,NA,NA,NA,NA,NA
5.435,10.8957,14.0031,10.4849,18.5387,23722.6420,-58.1429,NA,NA,NA,NA,NA,NA,NA,NA,NA,NA
5.537,10.9565,14.6393,10.5453,19.2216,43116.2360,-23.9241,NA,NA,NA,NA,NA,NA,NA,NA,NA,NA
5.643,10.9878,14.9660,10.6014,19.8553,49483.7480,-12.6890,NA,NA,NA,NA,NA,NA,NA,NA,NA,NA
5.731,11.0183,15.2856,10.6271,20.1464,56857.0680,0.3207,NA,NA,NA,NA,NA,NA,NA,NA,NA,NA
5.826,11.0319,15.4282,10.6615,20.5353,65943.8000,16.3537,NA,NA,NA,NA,NA,NA,NA,NA,NA,NA
5.927,11.0948,16.0865,10.6941,20.9034,65943.8000,16.3537,NA,NA,NA,NA,NA,NA,NA,NA,NA,NA
6.024,11.1124,16.2702,10.7273,21.2787,30586.4480,-46.0321,NA,NA,NA,NA,NA,NA,NA,NA,NA,NA
6.131,11.1210,16.3602,10.7422,21.4481,29767.1180,-47.4778,NA,NA,NA,NA,NA,NA,NA,NA,NA,NA
6.246,11.1210,16.3602,10.7422,21.4481,29659.6420,-47.6674,NA,NA,NA,NA,NA,NA,NA,NA,NA,NA
6.316,11.1045,16.1878,10.7412,21.4367,22180.2800,-60.8643,NA,NA,NA,NA,NA,NA,NA,NA,NA,NA
6.426,11.0300,15.4075,10.7177,21.1704,24320.7340,-57.0876,NA,NA,NA,NA,NA,NA,NA,NA,NA,NA
6.518,10.9480,14.5499,10.6980,20.9485,44953.2880,-20.6827,NA,NA,NA,NA,NA,NA,NA,NA,NA,NA
6.612,10.8426,13.4470,10.6792,20.7355,51011.7480,-9.9930,NA,NA,NA,NA,NA,NA,NA,NA,NA,NA
6.712,10.7555,12.5354,10.6664,20.5911,58786.2240,3.7246,NA,NA,NA,NA,NA,NA,NA,NA,NA,NA
6.837,10.6828,11.7755,10.6515,20.4223,58786.2240,3.7246,NA,NA,NA,NA,NA,NA,NA,NA,NA,NA
6.905,10.6341,11.2657,10.6408,20.3018,28616.9880,-49.5071,NA,NA,NA,NA,NA,NA,NA,NA,NA,NA
7.010,10.5874,10.7775,10.6258,20.1314,29234.3420,-48.4178,NA,NA,NA,NA,NA,NA,NA,NA,NA,NA
7.109,10.5485,10.3696,10.6124,19.9805,29296.4240,-48.3083,NA,NA,NA,NA,NA,NA,NA,NA,NA,NA
7.217,10.5224,10.0971,10.6036,19.8806,29296.4240,-48.3083,NA,NA,NA,NA,NA,NA,NA,NA,NA,NA
7.381,10.4783,9.6360,10.5880,19.7042,61437.9200,8.4034,NA,NA,NA,NA,NA,NA,NA,NA,NA,NA
7.402,10.4031,8.8483,10.5726,19.5307,62774.9120,10.7624,NA,NA,NA,NA,NA,NA,NA,NA,NA,NA
7.506,10.3252,8.0338,10.5537,19.3169,62774.9120,10.7624,NA,NA,NA,NA,NA,NA,NA,NA,NA,NA
7.600,10.2759,7.5183,10.5355,19.1111,24118.2920,-57.4448,188505.3920,0.0000,NA,NA,NA,NA,NA,NA,NA,NA
7.697,10.2013,6.7370,10.5116,18.8409,46635.1360,-17.7152,NA,NA,NA,NA,NA,NA,NA,NA,NA,NA
7.806,10.1652,6.3600,10.4980,18.6870,46635.1360,-17.7152,NA,NA,NA,NA,NA,NA,NA,NA,NA,NA
7.900,10.1283,5.9734,10.4856,18.5471,26314.1000,-53.5704,NA,NA,NA,NA,NA,NA,NA,NA,NA,NA
8.055,10.1161,5.8455,10.4710,18.3821,29588.1600,-47.7936,179773.6800,0.0000,NA,NA,NA,NA,NA,NA,NA,NA
8.099,10.1057,5.7365,10.4625,18.2854,61408.0920,8.3507,NA,NA,NA,NA,NA,NA,NA,NA,NA,NA
8.202,10.0821,5.4902,10.4482,18.1233,61408.0920,8.3507,NA,NA,NA,NA,NA,NA,NA,NA,NA,NA
8.297,10.0513,5.1677,10.4325,17.9458,29836.1760,-47.3559,NA,NA,NA,NA,NA,NA,NA,NA,NA,NA
8.394,10.0513,5.1677,10.4230,17.8387,25750.5460,-54.5648,NA,NA,NA,NA,NA,NA,NA,NA,NA,NA
8.498,10.0458,5.1107,10.4209,17.8151,48601.5640,-14.2456,NA,NA,NA,NA,NA,NA,NA,NA,NA,NA
8.596,9.9991,4.6216,10.3925,17.4942,55079.4480,-2.8158,NA,NA,NA,NA,NA,NA,NA,NA,NA,NA
8.686,9.9838,4.4614,10.3814,17.3682,62165.2480,9.6867,NA,NA,NA,NA,NA,NA,NA,NA,NA,NA
8.793,9.9648,4.2629,10.3761,17.3087,62165.2480,9.6867,NA,NA,NA,NA,NA,NA,NA,NA,NA,NA
8.891,9.9607,4.2196,10.3579,17.1031,25874.9440,-54.3453,NA,NA,NA,NA,NA,NA,NA,NA,NA,NA
8.984,9.9361,3.9622,10.3531,17.0481,25856.8640,-54.3772,NA,NA,NA,NA,NA,NA,NA,NA,NA,NA
9.079,9.9258,3.8548,10.3463,16.9720,28661.6080,-49.4284,NA,NA,NA,NA,NA,NA,NA,NA,NA,NA
9.231,9.9164,3.7567,10.3265,16.7482,28661.6080,-49.4284,NA,NA,NA,NA,NA,NA,NA,NA,NA,NA
9.278,9.9124,3.7142,10.3170,16.6408,23880.8260,-57.8638,NA,NA,NA,NA,NA,NA,NA,NA,NA,NA
9.372,9.9056,3.6430,10.3107,16.5695,26084.6060,-53.9754,NA,NA,NA,NA,NA,NA,NA,NA,NA,NA
9.471,9.8738,3.3106,10.3003,16.4523,50356.1600,-11.1497,NA,NA,NA,NA,NA,NA,NA,NA,NA,NA
9.571,9.8560,3.1242,10.2935,16.3744,57143.8280,0.8267,NA,NA,NA,NA,NA,NA,NA,NA,NA,NA
9.666,9.8439,2.9972,10.2905,16.3405,63999.3440,12.9228,NA,NA,NA,NA,NA,NA,NA,NA,NA,NA
9.775,9.8298,2.8502,10.2823,16.2478,63999.3440,12.9228,NA,NA,NA,NA,NA,NA,NA,NA,NA,NA
9.865,9.8201,2.7483,10.2678,16.0844,25880.0080,-54.3364,NA,NA,NA,NA,NA,NA,NA,NA,NA,NA
9.967,9.7951,2.4874,10.2597,15.9924,26310.8360,-53.5762,NA,NA,NA,NA,NA,NA,NA,NA,NA,NA
10.063,9.7798,2.3269,10.2401,15.7715,26310.8360,-53.5762,NA,NA,NA,NA,NA,NA,NA,NA,NA,NA
10.160,9.7671,2.1941,10.2285,15.6396,22066.5080,-61.0650,NA,NA,NA,NA,NA,NA,NA,NA,NA,NA
10.259,9.7598,2.1177,10.2274,15.6279,24201.5700,-57.2978,NA,NA,NA,NA,NA,NA,NA,NA,NA,NA
10.360,9.7489,2.0034,10.2064,15.3904,26715.0320,-52.8630,NA,NA,NA,NA,NA,NA,NA,NA,NA,NA
10.455,9.7250,1.7538,10.1974,15.2878,52189.9600,-7.9141,NA,NA,NA,NA,NA,NA,NA,NA,NA,NA
10.550,9.6982,1.4730,10.1974,15.2878,58918.5120,3.9580,NA,NA,NA,NA,NA,NA,NA,NA,NA,NA
10.652,9.6857,1.3425,10.1631,14.9006,65189.3480,15.0225,NA,NA,NA,NA,NA,NA,NA,NA,NA,NA
10.746,9.6692,1.1695,10.1504,14.7574,65189.3480,15.0225,NA,NA,NA,NA,NA,NA,NA,NA,NA,NA
10.844,9.6607,1.0806,10.1461,14.7084,25875.5400,-54.3442,NA,NA,NA,NA,NA,NA,NA,NA,NA,NA
10.971,9.6484,0.9520,10.1449,14.6942,27015.2300,-52.3333,NA,NA,NA,NA,NA,NA,NA,NA,NA,NA
11.054,9.6404,0.8682,10.1449,14.6942,27015.2300,-52.3333,NA,NA,NA,NA,NA,NA,NA,NA,NA,NA
11.143,9.6349,0.8113,10.1304,14.5311,22652.0620,-60.0319,NA,NA,NA,NA,NA,NA,NA,NA,NA,NA
11.246,9.6322,0.7826,10.1180,14.3901,49411.5360,-12.8164,NA,NA,NA,NA,NA,NA,NA,NA,NA,NA
11.340,9.6284,0.7433,10.1182,14.3931,50349.2840,-11.1619,NA,NA,NA,NA,NA,NA,NA,NA,NA,NA
11.446,9.6172,0.6256,10.1182,14.3931,50349.2840,-11.1619,NA,NA,NA,NA,NA,NA,NA,NA,NA,NA
11.539,9.6172,0.6256,10.1137,14.3416,28566.5860,-49.5961,175124.2720,0.0000,NA,NA,NA,NA,NA,NA,NA,NA
11.634,9.6084,0.5334,10.1101,14.3009,56400.3600,-0.4851,NA,NA,NA,NA,NA,NA,NA,NA,NA,NA
11.737,9.5864,0.3035,10.1017,14.2067,56400.3600,-0.4851,NA,NA,NA,NA,NA,NA,NA,NA,NA,NA
11.839,9.5787,0.2228,10.0968,14.1513,29784.0640,-47.4479,182695.6480,0.0000,NA,NA,NA,NA,NA,NA,NA,NA
11.931,9.5755,0.1894,10.0811,13.9740,62744.5840,10.7089,NA,NA,NA,NA,NA,NA,NA,NA,NA,NA
12.037,9.5668,0.0987,10.0697,13.8442,62744.5840,10.7089,NA,NA,NA,NA,NA,NA,NA,NA,NA,NA
12.134,9.5547,-0.0278,10.0653,13.7944,28040.5480,-50.5242,NA,NA,NA,NA,NA,NA,NA,NA,NA,NA
12.234,9.5423,-0.1578,10.0487,13.6075,27320.7580,-51.7942,NA,NA,NA,NA,NA,NA,NA,NA,NA,NA
12.334,9.5423,-0.1578,10.0329,13.4289,28121.3700,-50.3816,NA,NA,NA,NA,NA,NA,NA,NA,NA,NA
12.427,9.5214,-0.3765,10.0256,13.3464,54649.7280,-3.5740,NA,NA,NA,NA,NA,NA,NA,NA,NA,NA
12.526,9.5101,-0.4949,10.0207,13.2905,57435.8840,1.3420,NA,NA,NA,NA,NA,NA,NA,NA,NA,NA
12.623,9.5045,-0.5537,10.0143,13.2179,57435.8840,1.3420,NA,NA,NA,NA,NA,NA,NA,NA,NA,NA
12.725,9.4949,-0.6539,10.0141,13.2156,57427.4320,1.3271,NA,NA,NA,NA,NA,NA,NA,NA,NA,NA
12.832,9.4812,-0.7969,10.0034,13.0946,25836.8260,-54.4125,183177.0080,0.0000,NA,NA,NA,NA,NA,NA,NA,NA
12.926,9.4780,-0.8307,9.9950,13.0004,48503.6720,-14.4183,NA,NA,NA,NA,NA,NA,NA,NA,NA,NA
13.021,9.4726,-0.8867,9.9950,13.0004,48503.6720,-14.4183,NA,NA,NA,NA,NA,NA,NA,NA,NA,NA
13.120,9.4592,-1.0272,9.9772,12.7990,27531.6880,-51.4221,170085.1840,0.0000,NA,NA,NA,NA,NA,NA,NA,NA
13.216,9.4554,-1.0676,9.9772,12.7990,57420.7680,1.3153,NA,NA,NA,NA,NA,NA,NA,NA,NA,NA
13.323,9.4463,-1.1624,9.9784,12.8127,57420.7680,1.3153,NA,NA,NA,NA,NA,NA,NA,NA,NA,NA
13.423,9.4386,-1.2427,9.9784,12.8127,28569.8320,-49.5903,NA,NA,NA,NA,NA,NA,NA,NA,NA,NA
13.519,9.4346,-1.2853,9.9685,12.7000,28569.8320,-49.5903,NA,NA,NA,NA,NA,NA,NA,NA,NA,NA
13.616,9.4346,-1.2853,9.9540,12.5370,26670.7280,-52.9412,NA,NA,NA,NA,NA,NA,NA,NA,NA,NA
13.714,9.4147,-1.4935,9.9351,12.3233,51585.9880,-8.9798,NA,NA,NA,NA,NA,NA,NA,NA,NA,NA
13.814,9.4073,-1.5701,9.9252,12.2105,57885.9360,2.1361,NA,NA,NA,NA,NA,NA,NA,NA,NA,NA
13.954,9.3951,-1.6984,9.9175,12.1236,64206.2560,13.2879,NA,NA,NA,NA,NA,NA,NA,NA,NA,NA
14.011,9.3951,-1.6984,9.9172,12.1205,64206.2560,13.2879,NA,NA,NA,NA,NA,NA,NA,NA,NA,NA
14.113,9.3844,-1.8101,9.9065,12.0000,24316.0000,-57.0959,NA,NA,NA,NA,NA,NA,NA,NA,NA,NA
14.205,9.3844,-1.8101,9.8955,11.8754,26088.5380,-53.9684,NA,NA,NA,NA,NA,NA,NA,NA,NA,NA
14.304,9.3762,-1.8957,9.8878,11.7876,26088.5380,-53.9684,NA,NA,NA,NA,NA,NA,NA,NA,NA,NA
14.403,9.3762,-1.8957,9.8790,11.6891,22342.1560,-60.5787,NA,NA,NA,NA,NA,NA,NA,NA,NA,NA
14.501,9.3714,-1.9458,9.8740,11.6326,24534.6160,-56.7102,NA,NA,NA,NA,NA,NA,NA,NA,NA,NA
14.632,9.3714,-1.9458,9.8707,11.5950,27386.6740,-51.6779,NA,NA,NA,NA,NA,NA,NA,NA,NA,NA
14.700,9.3519,-2.1505,9.8584,11.4562,54419.4640,-3.9803,NA,NA,NA,NA,NA,NA,NA,NA,NA,NA
14.795,9.3465,-2.2066,9.8584,11.4562,61056.1840,7.7298,NA,NA,NA,NA,NA,NA,NA,NA,NA,NA
14.897,9.3423,-2.2510,9.8511,11.3734,65144.5400,14.9434,NA,NA,NA,NA,NA,NA,NA,NA,NA,NA
14.996,9.3376,-2.3000,9.8272,11.1030,65144.5400,14.9434,NA,NA,NA,NA,NA,NA,NA,NA,NA,NA
15.084,9.3341,-2.3363,9.8247,11.0746,24632.7120,-56.5371,NA,NA,NA,NA,NA,NA,NA,NA,NA,NA
15.216,9.3309,-2.3704,9.8135,10.9480,27505.6620,-51.4680,NA,NA,NA,NA,NA,NA,NA,NA,NA,NA
15.281,9.3259,-2.4223,9.8083,10.8895,27505.6620,-51.4680,NA,NA,NA,NA,NA,NA,NA,NA,NA,NA
15.379,9.3259,-2.4223,9.8056,10.8583,23032.7620,-59.3601,NA,NA,NA,NA,NA,NA,NA,NA,NA,NA
15.479,9.3257,-2.4237,9.7947,10.7355,25250.9400,-55.4463,NA,NA,NA,NA,NA,NA,NA,NA,NA,NA
15.575,9.3156,-2.5304,9.7947,10.7355,49170.2080,-13.2423,NA,NA,NA,NA,NA,NA,NA,NA,NA,NA
15.688,9.3041,-2.6501,9.7904,10.6868,55924.4280,-1.3249,NA,NA,NA,NA,NA,NA,NA,NA,NA,NA
15.778,9.2978,-2.7158,9.7818,10.5892,61946.7320,9.3011,NA,NA,NA,NA,NA,NA,NA,NA,NA,NA
15.874,9.2859,-2.8407,9.7722,10.4811,64380.3200,13.5950,NA,NA,NA,NA,NA,NA,NA,NA,NA,NA
15.966,9.2853,-2.8468,9.7715,10.4736,64380.3200,13.5950,NA,NA,NA,NA,NA,NA,NA,NA,NA,NA
16.069,9.2817,-2.8844,9.7651,10.4014,25100.3580,-55.7120,192705.6480,0.0000,NA,NA,NA,NA,NA,NA,NA,NA
16.177,9.2793,-2.9099,9.7579,10.3198,33852.8000,-40.2689,NA,NA,NA,NA,NA,NA,NA,NA,NA,NA
16.271,9.2702,-3.0047,9.7429,10.1502,33852.8000,-40.2689,NA,NA,NA,NA,NA,NA,NA,NA,NA,NA
16.395,9.2728,-2.9778,9.7291,9.9935,22098.8540,-61.0080,NA,NA,NA,NA,NA,NA,NA,NA,NA,NA
16.476,9.2728,-2.9778,9.7291,9.9935,22874.1400,-59.6400,NA,NA,NA,NA,NA,NA,NA,NA,NA,NA
16.564,9.2607,-3.1040,9.7259,9.9573,38213.9920,-32.5738,NA,NA,NA,NA,NA,NA,NA,NA,NA,NA
16.664,9.2410,-3.3101,9.7245,9.9414,44016.8520,-22.3350,NA,NA,NA,NA,NA,NA,NA,NA,NA,NA
16.759,9.2367,-3.3552,9.7222,9.9157,52583.0080,-7.2206,NA,NA,NA,NA,NA,NA,NA,NA,NA,NA
16.866,9.2383,-3.3384,9.7183,9.8719,60636.5000,6.9893,NA,NA,NA,NA,NA,NA,NA,NA,NA,NA
16.960,9.2383,-3.3384,9.7110,9.7888,60636.5000,6.9893,NA,NA,NA,NA,NA,NA,NA,NA,NA,NA
17.058,9.2317,-3.4076,9.7033,9.7024,31759.2220,-43.9628,NA,NA,NA,NA,NA,NA,NA,NA,NA,NA
17.152,9.2238,-3.4908,9.7018,9.6855,34019.8720,-39.9741,NA,NA,NA,NA,NA,NA,NA,NA,NA,NA
17.254,9.2219,-3.5105,9.6961,9.6205,34019.8720,-39.9741,NA,NA,NA,NA,NA,NA,NA,NA,NA,NA
17.351,9.2219,-3.5105,9.6871,9.5192,22127.9100,-60.9567,NA,NA,NA,NA,NA,NA,NA,NA,NA,NA
17.455,9.2217,-3.5120,9.6775,9.4105,23337.6040,-58.8223,NA,NA,NA,NA,NA,NA,NA,NA,NA,NA
17.620,9.2117,-3.6167,9.6703,9.3293,39529.7120,-30.2523,NA,NA,NA,NA,NA,NA,NA,NA,NA,NA
17.644,9.1974,-3.7668,9.6614,9.2281,46341.1120,-18.2340,NA,NA,NA,NA,NA,NA,NA,NA,NA,NA
17.739,9.1932,-3.8105,9.6414,9.0029,54764.0280,-3.3723,NA,NA,NA,NA,NA,NA,NA,NA,NA,NA
17.845,9.1925,-3.8180,9.6309,8.8832,54764.0280,-3.3723,NA,NA,NA,NA,NA,NA,NA,NA,NA,NA
17.947,9.1925,-3.8180,9.6241,8.8071,28744.3440,-49.2824,NA,NA,NA,NA,NA,NA,NA,NA,NA,NA
18.049,9.1909,-3.8344,9.6204,8.7652,28744.3440,-49.2824,NA,NA,NA,NA,NA,NA,NA,NA,NA,NA
18.147,9.1909,-3.8344,9.6048,8.5887,26360.7620,-53.4881,NA,NA,NA,NA,NA,NA,NA,NA,NA,NA
18.239,9.1711,-4.0418,9.5986,8.5186,50644.7760,-10.6405,NA,NA,NA,NA,NA,NA,NA,NA,NA,NA
18.336,9.1641,-4.1153,9.5932,8.4575,57890.4920,2.1441,NA,NA,NA,NA,NA,NA,NA,NA,NA,NA
18.438,9.1543,-4.2178,9.5777,8.2826,65478.8000,15.5332,NA,NA,NA,NA,NA,NA,NA,NA,NA,NA
18.536,9.1543,-4.2178,9.5700,8.1952,65478.8000,15.5332,NA,NA,NA,NA,NA,NA,NA,NA,NA,NA
18.635,9.1492,-4.2714,9.5533,8.0060,26586.6720,-53.0895,NA,NA,NA,NA,NA,NA,NA,NA,NA,NA
18.746,9.1522,-4.2398,9.5533,8.0060,26139.5960,-53.8783,NA,NA,NA,NA,NA,NA,NA,NA,NA,NA
18.822,9.1600,-4.1577,9.5513,7.9836,26139.5960,-53.8783,NA,NA,NA,NA,NA,NA,NA,NA,NA,NA
18.926,9.1600,-4.1577,9.5472,7.9375,21967.0660,-61.2405,NA,NA,NA,NA,NA,NA,NA,NA,NA,NA
19.023,9.1583,-4.1761,9.5370,7.8218,24209.1700,-57.2844,NA,NA,NA,NA,NA,NA,NA,NA,NA,NA
19.126,9.1583,-4.1761,9.5327,7.7730,26761.3140,-52.7813,NA,NA,NA,NA,NA,NA,NA,NA,NA,NA
19.228,9.1549,-4.2118,9.5301,7.7436,52352.1320,-7.6280,NA,NA,NA,NA,NA,NA,NA,NA,NA,NA
19.363,9.1480,-4.2838,9.5285,7.7260,59815.3760,5.5405,NA,NA,NA,NA,NA,NA,NA,NA,NA,NA
19.414,9.1352,-4.4174,9.5202,7.6326,66853.7720,17.9593,NA,NA,NA,NA,NA,NA,NA,NA,NA,NA
19.519,9.1304,-4.4682,9.5159,7.5837,66853.7720,17.9593,NA,NA,NA,NA,NA,NA,NA,NA,NA,NA
19.614,9.1163,-4.6153,9.5095,7.5114,26413.6960,-53.3947,NA,NA,NA,NA,NA,NA,NA,NA,NA,NA
19.707,9.1116,-4.6649,9.5055,7.4654,26740.8020,-52.8175,NA,NA,NA,NA,NA,NA,NA,NA,NA,NA
19.807,9.1137,-4.6419,9.5055,7.4654,26740.8020,-52.8175,NA,NA,NA,NA,NA,NA,NA,NA,NA,NA
19.961,9.1145,-4.6346,9.4933,7.3279,22605.6400,-60.1138,NA,NA,NA,NA,NA,NA,NA,NA,NA,NA
20.003,9.1163,-4.6152,9.4893,7.2826,24847.2140,-56.1587,NA,NA,NA,NA,NA,NA,NA,NA,NA,NA
20.096,9.1163,-4.6152,9.4893,7.2826,47361.7680,-16.4331,NA,NA,NA,NA,NA,NA,NA,NA,NA,NA
20.200,9.0859,-4.9338,9.4855,7.2403,54109.2120,-4.5277,NA,NA,NA,NA,NA,NA,NA,NA,NA,NA
20.296,9.0734,-5.0643,9.4849,7.2336,61771.5200,8.9920,NA,NA,NA,NA,NA,NA,NA,NA,NA,NA
20.395,9.0664,-5.1376,9.4742,7.1119,68488.2640,20.8432,NA,NA,NA,NA,NA,NA,NA,NA,NA,NA
20.491,9.0664,-5.1376,9.4701,7.0654,68488.2640,20.8432,NA,NA,NA,NA,NA,NA,NA,NA,NA,NA
20.596,9.0612,-5.1916,9.4695,7.0594,26251.3640,-53.6811,NA,NA,NA,NA,NA,NA,NA,NA,NA,NA
20.687,9.0633,-5.1701,9.4601,6.9524,27375.9520,-51.6969,NA,NA,NA,NA,NA,NA,NA,NA,NA,NA
20.786,9.0713,-5.0861,9.4549,6.8939,27375.9520,-51.6969,NA,NA,NA,NA,NA,NA,NA,NA,NA,NA
20.893,9.0713,-5.0861,9.4437,6.7674,23224.3940,-59.0220,NA,NA,NA,NA,NA,NA,NA,NA,NA,NA
20.985,9.0677,-5.1237,9.4379,6.7017,25493.1560,-55.0189,NA,NA,NA,NA,NA,NA,NA,NA,NA,NA
21.084,9.0677,-5.1237,9.4266,6.5742,49195.8320,-13.1970,NA,NA,NA,NA,NA,NA,NA,NA,NA,NA
21.198,9.0547,-5.2600,9.4227,6.5303,56253.6320,-0.7440,NA,NA,NA,NA,NA,NA,NA,NA,NA,NA
21.289,9.0422,-5.3904,9.4227,6.5303,56253.6320,-0.7440,NA,NA,NA,NA,NA,NA,NA,NA,NA,NA
21.384,9.0392,-5.4222,9.4164,6.4591,33525.0460,-40.8472,187168.2720,0.0000,NA,NA,NA,NA,NA,NA,NA,NA
21.485,9.0362,-5.4537,9.3982,6.2528,33525.0460,-40.8472,187168.2720,0.0000,NA,NA,NA,NA,NA,NA,NA,NA
21.583,9.0283,-5.5359,9.3950,6.2171,57176.0160,0.8835,NA,NA,NA,NA,NA,NA,NA,NA,NA,NA
21.675,9.0263,-5.5573,9.3888,6.1461,65255.5240,15.1393,NA,NA,NA,NA,NA,NA,NA,NA,NA,NA
21.822,9.0263,-5.5573,9.3846,6.0987,65255.5240,15.1393,NA,NA,NA,NA,NA,NA,NA,NA,NA,NA
21.873,9.0184,-5.6398,9.3835,6.0868,29118.0120,-48.6231,NA,NA,NA,NA,NA,NA,NA,NA,NA,NA
21.975,9.0184,-5.6398,9.3835,6.0868,28112.6480,-50.3970,NA,NA,NA,NA,NA,NA,NA,NA,NA,NA
22.074,9.0231,-5.5900,9.3829,6.0802,27927.9340,-50.7229,NA,NA,NA,NA,NA,NA,NA,NA,NA,NA
22.173,9.0231,-5.5900,9.3829,6.0802,21889.7600,-61.3769,NA,NA,NA,NA,NA,NA,NA,NA,NA,NA
22.278,9.0226,-5.5956,9.3815,6.0640,59843.8840,5.5908,NA,NA,NA,NA,NA,NA,NA,NA,NA,NA
22.372,9.0207,-5.6158,9.3758,5.9996,59843.8840,5.5908,NA,NA,NA,NA,NA,NA,NA,NA,NA,NA
22.466,9.0207,-5.6158,9.3748,5.9881,58724.6120,3.6159,NA,NA,NA,NA,NA,NA,NA,NA,NA,NA
22.574,9.0157,-5.6675,9.3722,5.9585,26377.5340,-53.4585,181524.5760,0.0000,NA,NA,NA,NA,NA,NA,NA,NA
22.672,9.0108,-5.7195,9.3675,5.9054,48666.2440,-14.1315,NA,NA,NA,NA,NA,NA,NA,NA,NA,NA
22.765,9.0101,-5.7260,9.3645,5.8715,48666.2440,-14.1315,NA,NA,NA,NA,NA,NA,NA,NA,NA,NA
22.864,9.0028,-5.8029,9.3613,5.8360,28513.5580,-49.6896,169273.7600,0.0000,NA,NA,NA,NA,NA,NA,NA,NA
22.964,8.9989,-5.8440,9.3597,5.8178,59285.1200,4.6049,NA,NA,NA,NA,NA,NA,NA,NA,NA,NA
23.065,8.9899,-5.9378,9.3506,5.7151,59285.1200,4.6049,NA,NA,NA,NA,NA,NA,NA,NA,NA,NA
23.164,8.9823,-6.0175,9.3387,5.5799,29856.6200,-47.3199,NA,NA,NA,NA,NA,NA,NA,NA,NA,NA
23.263,8.9791,-6.0503,9.3323,5.5082,29856.6200,-47.3199,NA,NA,NA,NA,NA,NA,NA,NA,NA,NA
23.365,8.9776,-6.0663,9.3273,5.4515,27457.8700,-51.5523,NA,NA,NA,NA,NA,NA,NA,NA,NA,NA
23.476,8.9744,-6.1003,9.3247,5.4222,53863.0600,-4.9620,NA,NA,NA,NA,NA,NA,NA,NA,NA,NA
23.555,8.9569,-6.2830,9.3199,5.3680,60625.2440,6.9694,NA,NA,NA,NA,NA,NA,NA,NA,NA,NA
23.654,8.9569,-6.2830,9.3199,5.3680,66607.5200,17.5248,NA,NA,NA,NA,NA,NA,NA,NA,NA,NA
23.758,8.9549,-6.3037,9.3149,5.3115,66607.5200,17.5248,NA,NA,NA,NA,NA,NA,NA,NA,NA,NA
23.855,8.9544,-6.3093,9.3073,5.2256,25259.7680,-55.4307,NA,NA,NA,NA,NA,NA,NA,NA,NA,NA
23.951,8.9494,-6.3611,9.3031,5.1781,26983.1520,-52.3899,NA,NA,NA,NA,NA,NA,NA,NA,NA,NA
24.051,8.9494,-6.3611,9.2986,5.1271,26983.1520,-52.3899,NA,NA,NA,NA,NA,NA,NA,NA,NA,NA
24.174,8.9507,-6.3478,9.2918,5.0501,22913.5220,-59.5705,NA,NA,NA,NA,NA,NA,NA,NA,NA,NA
24.248,8.9507,-6.3478,9.2777,4.8901,25098.1860,-55.7158,NA,NA,NA,NA,NA,NA,NA,NA,NA,NA
24.342,8.9500,-6.3549,9.2726,4.8329,48591.5120,-14.2633,NA,NA,NA,NA,NA,NA,NA,NA,NA,NA
24.439,8.9464,-6.3928,9.2726,4.8329,55481.7760,-2.1059,NA,NA,NA,NA,NA,NA,NA,NA,NA,NA
24.541,8.9464,-6.3929,9.2716,4.8215,62251.6360,9.8391,NA,NA,NA,NA,NA,NA,NA,NA,NA,NA
24.640,8.9371,-6.4898,9.2678,4.7783,66741.8960,17.7619,NA,NA,NA,NA,NA,NA,NA,NA,NA,NA
24.760,8.9395,-6.4653,9.2579,4.6672,66741.8960,17.7619,NA,NA,NA,NA,NA,NA,NA,NA,NA,NA
24.837,8.9395,-6.4653,9.2555,4.6401,25286.2080,-55.3841,NA,NA,NA,NA,NA,NA,NA,NA,NA,NA
24.933,8.9430,-6.4286,9.2499,4.5760,28112.6920,-50.3969,NA,NA,NA,NA,NA,NA,NA,NA,NA,NA
25.038,8.9430,-6.4286,9.2393,4.4568,28112.6920,-50.3969,NA,NA,NA,NA,NA,NA,NA,NA,NA,NA
25.126,8.9368,-6.4937,9.2360,4.4185,23512.5780,-58.5135,NA,NA,NA,NA,NA,NA,NA,NA,NA,NA
25.224,8.9244,-6.6236,9.2338,4.3944,25777.6840,-54.5169,NA,NA,NA,NA,NA,NA,NA,NA,NA,NA
25.325,8.9244,-6.6236,9.2309,4.3617,50243.6440,-11.3482,NA,NA,NA,NA,NA,NA,NA,NA,NA,NA
25.421,8.9090,-6.7838,9.2289,4.3384,57280.0600,1.0671,NA,NA,NA,NA,NA,NA,NA,NA,NA,NA
25.526,8.9069,-6.8058,9.2289,4.3384,63601.7640,12.2213,NA,NA,NA,NA,NA,NA,NA,NA,NA,NA
25.616,8.9102,-6.7713,9.2288,4.3382,63601.7640,12.2213,NA,NA,NA,NA,NA,NA,NA,NA,NA,NA
25.720,8.9118,-6.7552,9.2304,4.3560,24281.5440,-57.1567,NA,NA,NA,NA,NA,NA,NA,NA,NA,NA
25.818,8.9118,-6.7552,9.2304,4.3560,25374.7720,-55.2278,NA,NA,NA,NA,NA,NA,NA,NA,NA,NA
25.929,8.9124,-6.7489,9.2294,4.3449,29303.7260,-48.2954,NA,NA,NA,NA,NA,NA,NA,NA,NA,NA
26.013,8.9127,-6.7457,9.2253,4.2985,29303.7260,-48.2954,NA,NA,NA,NA,NA,NA,NA,NA,NA,NA
26.106,8.9127,-6.7457,9.2205,4.2435,24113.0620,-57.4540,NA,NA,NA,NA,NA,NA,NA,NA,NA,NA
26.204,8.9116,-6.7572,9.2154,4.1863,26487.8600,-53.2638,NA,NA,NA,NA,NA,NA,NA,NA,NA,NA
26.314,8.9097,-6.7773,9.2093,4.1172,52289.6240,-7.7382,NA,NA,NA,NA,NA,NA,NA,NA,NA,NA
26.406,8.9078,-6.7972,9.2036,4.0525,52289.6240,-7.7382,NA,NA,NA,NA,NA,NA,NA,NA,NA,NA
26.534,8.9078,-6.7972,9.1954,3.9604,30854.4260,-45.5593,172432.5280,0.0000,NA,NA,NA,NA,NA,NA,NA,NA
26.605,8.8993,-6.8857,9.1916,3.9169,30854.4260,-45.5593,NA,NA,NA,NA,NA,NA,NA,NA,NA,NA
26.704,8.8973,-6.9071,9.1901,3.9001,28151.6840,-50.3281,NA,NA,NA,NA,NA,NA,NA,NA,NA,NA
26.805,8.8973,-6.9071,9.1901,3.9001,32017.9300,-43.5064,NA,NA,NA,NA,NA,NA,NA,NA,NA,NA
26.898,8.9000,-6.8787,9.1873,3.8685,34512.0600,-39.1056,NA,NA,NA,NA,NA,NA,NA,NA,NA,NA
26.993,8.9000,-6.8787,9.1793,3.7779,34512.0600,-39.1056,NA,NA,NA,NA,NA,NA,NA,NA,NA,NA
27.102,8.8955,-6.9255,9.1777,3.7601,22573.1800,-60.1710,NA,NA,NA,NA,NA,NA,NA,NA,NA,NA
27.217,8.8845,-7.0407,9.1777,3.7601,23837.8980,-57.9395,NA,NA,NA,NA,NA,NA,NA,NA,NA,NA
27.291,8.8788,-7.0999,9.1749,3.7281,40570.9120,-28.4152,NA,NA,NA,NA,NA,NA,NA,NA,NA,NA
27.393,8.8706,-7.1865,9.1749,3.7281,47399.6520,-16.3663,NA,NA,NA,NA,NA,NA,NA,NA,NA,NA
27.485,8.8704,-7.1877,9.1612,3.5733,56024.8000,-1.1478,NA,NA,NA,NA,NA,NA,NA,NA,NA,NA
27.587,8.8704,-7.1877,9.1508,3.4561,56024.8000,-1.1478,NA,NA,NA,NA,NA,NA,NA,NA,NA,NA
27.682,8.8619,-7.2773,9.1480,3.4245,29532.4340,-47.8919,184262.4640,0.0000,NA,NA,NA,NA,NA,NA,NA,NA
27.781,8.8621,-7.2745,9.1433,3.3707,62846.6720,10.8890,NA,NA,NA,NA,NA,NA,NA,NA,NA,NA
27.890,8.8621,-7.2745,9.1434,3.3727,NA,NA,NA,NA,NA,NA,NA,NA,NA,NA,NA,NA
27.988,8.8555,-7.3441,9.1434,3.3727,NA,NA,NA,NA,NA,NA,NA,NA,NA,NA,NA,NA
28.081,8.8521,-7.3801,9.1257,3.1718,34381.8640,-39.3354,NA,NA,NA,NA,NA,NA,NA,NA,NA,NA
28.187,8.8500,-7.4020,9.1257,3.1718,35204.5200,-37.8838,NA,NA,NA,NA,NA,NA,NA,NA,NA,NA
28.285,8.8599,-7.2984,9.1198,3.1057,35204.5200,-37.8838,NA,NA,NA,NA,NA,NA,NA,NA,NA,NA
28.377,8.8599,-7.2984,9.1154,3.0553,23781.2960,-58.0394,NA,NA,NA,NA,NA,NA,NA,NA,NA,NA
28.475,8.8642,-7.2528,9.1099,2.9930,23928.3260,-57.7800,NA,NA,NA,NA,NA,NA,NA,NA,NA,NA
28.577,8.8642,-7.2528,9.1037,2.9238,39478.1360,-30.3433,NA,NA,NA,NA,NA,NA,NA,NA,NA,NA
28.679,8.8608,-7.2885,9.1018,2.9023,41968.9640,-25.9484,NA,NA,NA,NA,NA,NA,NA,NA,NA,NA
28.769,8.8523,-7.3772,9.0987,2.8671,47317.5440,-16.5112,NA,NA,NA,NA,NA,NA,NA,NA,NA,NA
28.866,8.8448,-7.4555,9.0987,2.8671,47317.5440,-16.5112,NA,NA,NA,NA,NA,NA,NA,NA,NA,NA
28.981,8.8426,-7.4787,9.0900,2.7683,26951.9700,-52.4449,NA,NA,NA,NA,NA,NA,NA,NA,NA,NA
29.080,8.8426,-7.4787,9.0801,2.6567,26951.9700,-52.4449,NA,NA,NA,NA,NA,NA,NA,NA,NA,NA
29.178,8.8403,-7.5030,9.0801,2.6567,25313.5480,-55.3358,NA,NA,NA,NA,NA,NA,NA,NA,NA,NA
29.269,8.8339,-7.5698,9.0746,2.5941,46955.9640,-17.1492,NA,NA,NA,NA,NA,NA,NA,NA,NA,NA
29.371,8.8311,-7.5998,9.0614,2.4453,53582.5800,-5.4569,NA,NA,NA,NA,NA,NA,NA,NA,NA,NA
29.479,8.8257,-7.6555,9.0555,2.3787,61439.9840,8.4070,NA,NA,NA,NA,NA,NA,NA,NA,NA,NA
29.616,8.8211,-7.7044,9.0514,2.3323,61439.9840,8.4070,NA,NA,NA,NA,NA,NA,NA,NA,NA,NA
29.663,8.8140,-7.7783,9.0445,2.2537,29032.9400,-48.7732,NA,NA,NA,NA,NA,NA,NA,NA,NA,NA
29.765,8.8112,-7.8075,9.0420,2.2263,29142.9820,-48.5790,NA,NA,NA,NA,NA,NA,NA,NA,NA,NA
29.857,8.8124,-7.7948,9.0414,2.2185,29142.9820,-48.5790,NA,NA,NA,NA,NA,NA,NA,NA,NA,NA
29.956,8.8182,-7.7345,9.0394,2.1967,21118.8780,-62.7371,NA,NA,NA,NA,NA,NA,NA,NA,NA,NA
30.061,8.8270,-7.6426,9.0349,2.1460,23216.1520,-59.0366,NA,NA,NA,NA,NA,NA,NA,NA,NA,NA
30.204,8.8270,-7.6426,9.0338,2.1329,25712.6300,-54.6317,NA,NA,NA,NA,NA,NA,NA,NA,NA,NA
30.251,8.8074,-7.8473,9.0338,2.1329,48643.8200,-14.1710,NA,NA,NA,NA,NA,NA,NA,NA,NA,NA
30.350,8.8006,-7.9188,9.0353,2.1496,55429.7920,-2.1976,NA,NA,NA,NA,NA,NA,NA,NA,NA,NA
30.445,8.8089,-7.8321,9.0353,2.1496,63539.4880,12.1114,NA,NA,NA,NA,NA,NA,NA,NA,NA,NA
30.542,8.8089,-7.8321,9.0343,2.1387,63539.4880,12.1114,NA,NA,NA,NA,NA,NA,NA,NA,NA,NA
30.640,8.8074,-7.8478,9.0320,2.1133,29722.9320,-47.5558,NA,NA,NA,NA,NA,NA,NA,NA,NA,NA
30.751,8.7981,-7.9443,9.0319,2.1116,29169.1440,-48.5329,NA,NA,NA,NA,NA,NA,NA,NA,NA,NA
30.841,8.8000,-7.9245,9.0298,2.0884,29141.7180,-48.5813,NA,NA,NA,NA,NA,NA,NA,NA,NA,NA
30.939,8.8037,-7.8860,9.0279,2.0665,21632.6480,-61.8306,NA,NA,NA,NA,NA,NA,NA,NA,NA,NA
31.034,8.8037,-7.8860,9.0279,2.0665,23813.5740,-57.9824,NA,NA,NA,NA,NA,NA,NA,NA,NA,NA
31.138,8.8016,-7.9079,9.0246,2.0288,43660.8520,-22.9632,NA,NA,NA,NA,NA,NA,NA,NA,NA,NA
31.229,8.8003,-7.9215,9.0232,2.0127,50029.6120,-11.7259,NA,NA,NA,NA,NA,NA,NA,NA,NA,NA
31.328,8.8003,-7.9215,9.0140,1.9097,57289.0320,1.0829,NA,NA,NA,NA,NA,NA,NA,NA,NA,NA
31.433,8.8010,-7.9145,9.0116,1.8826,66007.9320,16.4669,NA,NA,NA,NA,NA,NA,NA,NA,NA,NA
31.523,8.8010,-7.9145,9.0132,1.9008,66007.9320,16.4669,NA,NA,NA,NA,NA,NA,NA,NA,NA,NA
31.626,8.8004,-7.9209,9.0141,1.9104,30149.0440,-46.8039,NA,NA,NA,NA,NA,NA,NA,NA,NA,NA
31.720,8.7945,-7.9818,9.0141,1.9104,29245.1680,-48.3987,NA,NA,NA,NA,NA,NA,NA,NA,NA,NA
31.817,8.7945,-7.9818,9.0041,1.7974,29075.5140,-48.6981,NA,NA,NA,NA,NA,NA,NA,NA,NA,NA
31.954,8.7952,-7.9749,9.0027,1.7820,22267.7260,-60.7100,NA,NA,NA,NA,NA,NA,NA,NA,NA,NA
32.016,8.7952,-7.9749,8.9966,1.7127,24447.5420,-56.8638,NA,NA,NA,NA,NA,NA,NA,NA,NA,NA
32.111,8.7932,-7.9964,8.9942,1.6853,45617.4000,-19.5110,NA,NA,NA,NA,NA,NA,NA,NA,NA,NA
32.219,8.7807,-8.1266,8.9942,1.6853,51984.2160,-8.2771,NA,NA,NA,NA,NA,NA,NA,NA,NA,NA
32.321,8.7751,-8.1858,8.9921,1.6618,51984.2160,-8.2771,NA,NA,NA,NA,NA,NA,NA,NA,NA,NA
32.418,8.7734,-8.2026,8.9875,1.6095,31568.2120,-44.2999,189230.5920,0.0000,NA,NA,NA,NA,NA,NA,NA,NA
32.519,8.7735,-8.2021,8.9934,1.6758,31568.2120,-44.2999,189230.5920,0.0000,NA,NA,NA,NA,NA,NA,NA,NA
32.624,8.7735,-8.2021,8.9934,1.6758,52551.0000,-7.2771,NA,NA,NA,NA,NA,NA,NA,NA,NA,NA
32.711,8.7688,-8.2511,8.9902,1.6401,59858.5600,5.6167,NA,NA,NA,NA,NA,NA,NA,NA,NA,NA
32.809,8.7644,-8.2976,8.9902,1.6401,59858.5600,5.6167,NA,NA,NA,NA,NA,NA,NA,NA,NA,NA
32.906,8.7658,-8.2825,8.9892,1.6286,30761.2380,-45.7237,NA,NA,NA,NA,NA,NA,NA,NA,NA,NA
33.006,8.7658,-8.2825,8.9849,1.5804,32390.9900,-42.8481,NA,NA,NA,NA,NA,NA,NA,NA,NA,NA
33.102,8.7631,-8.3105,8.9819,1.5458,32390.9900,-42.8481,NA,NA,NA,NA,NA,NA,NA,NA,NA,NA
33.241,8.7635,-8.3065,8.9819,1.5458,21474.0120,-62.1105,NA,NA,NA,NA,NA,NA,NA,NA,NA,NA
33.301,8.7635,-8.3065,8.9792,1.5155,63048.0680,11.2444,NA,NA,NA,NA,NA,NA,NA,NA,NA,NA
33.403,8.7495,-8.4534,8.9701,1.4128,68757.9040,21.3190,NA,NA,NA,NA,NA,NA,NA,NA,NA,NA
33.505,8.7345,-8.6101,8.9667,1.3743,68757.9040,21.3190,NA,NA,NA,NA,NA,NA,NA,NA,NA,NA
33.599,8.7345,-8.6101,8.9654,1.3595,26243.7880,-53.6945,NA,NA,NA,NA,NA,NA,NA,NA,NA,NA
33.750,8.7317,-8.6391,8.9654,1.3595,27588.2420,-51.3223,NA,NA,NA,NA,NA,NA,NA,NA,NA,NA
33.792,8.7392,-8.5606,8.9642,1.3461,27588.2420,-51.3223,NA,NA,NA,NA,NA,NA,NA,NA,NA,NA
33.890,8.7392,-8.5606,8.9583,1.2798,23357.0660,-58.7879,NA,NA,NA,NA,NA,NA,NA,NA,NA,NA
33.994,8.7373,-8.5804,8.9567,1.2620,25535.3140,-54.9445,NA,NA,NA,NA,NA,NA,NA,NA,NA,NA
34.091,8.7309,-8.6475,8.9533,1.2229,49514.0720,-12.6355,NA,NA,NA,NA,NA,NA,NA,NA,NA,NA
34.187,8.7252,-8.7077,8.9493,1.1773,56657.2440,-0.0319,NA,NA,NA,NA,NA,NA,NA,NA,NA,NA
34.288,8.7218,-8.7434,8.9487,1.1706,64251.5480,13.3678,NA,NA,NA,NA,NA,NA,NA,NA,NA,NA
34.424,8.7159,-8.8044,8.9476,1.1587,64251.5480,13.3678,NA,NA,NA,NA,NA,NA,NA,NA,NA,NA
34.484,8.7111,-8.8550,8.9446,1.1241,25403.9480,-55.1763,NA,NA,NA,NA,NA,NA,NA,NA,NA,NA
34.579,8.7103,-8.8630,8.9428,1.1039,25098.2460,-55.7157,NA,NA,NA,NA,NA,NA,NA,NA,NA,NA
34.692,8.7105,-8.8613,8.9409,1.0823,27998.2880,-50.5988,NA,NA,NA,NA,NA,NA,NA,NA,NA,NA
34.775,8.7150,-8.8137,8.9377,1.0464,27998.2880,-50.5988,NA,NA,NA,NA,NA,NA,NA,NA,NA,NA
34.876,8.7150,-8.8137,8.9356,1.0232,23796.2300,-58.0130,NA,NA,NA,NA,NA,NA,NA,NA,NA,NA
34.974,8.7143,-8.8217,8.9215,0.8637,26274.1860,-53.6408,NA,NA,NA,NA,NA,NA,NA,NA,NA,NA
35.074,8.6955,-9.0179,8.9151,0.7909,51742.6560,-8.7033,NA,NA,NA,NA,NA,NA,NA,NA,NA,NA
35.167,8.6925,-9.0494,8.9078,0.7087,59546.2240,5.0656,NA,NA,NA,NA,NA,NA,NA,NA,NA,NA
35.264,8.6902,-9.0733,8.9078,0.7087,66745.2400,17.7678,NA,NA,NA,NA,NA,NA,NA,NA,NA,NA
35.371,8.6790,-9.1912,8.9008,0.6296,66745.2400,17.7678,NA,NA,NA,NA,NA,NA,NA,NA,NA,NA
35.462,8.7609,-8.3343,9.0092,1.8552,25491.3120,-55.0222,NA,NA,NA,NA,NA,NA,NA,NA,NA,NA
35.606,9.1269,-4.5040,9.1532,3.4826,25755.7600,-54.5556,NA,NA,NA,NA,NA,NA,NA,NA,NA,NA
35.658,9.2938,-2.7579,9.3223,5.3953,25755.7600,-54.5556,NA,NA,NA,NA,NA,NA,NA,NA,NA,NA
35.765,9.3582,-2.0846,9.4354,6.6734,22014.8360,-61.1562,NA,NA,NA,NA,NA,NA,NA,NA,NA,NA
35.852,9.4306,-1.3266,9.5006,7.4104,24248.8600,-57.2144,NA,NA,NA,NA,NA,NA,NA,NA,NA,NA
35.958,9.4306,-1.3266,9.5070,7.4830,26944.9940,-52.4573,NA,NA,NA,NA,NA,NA,NA,NA,NA,NA
36.061,9.4090,-1.5524,9.5070,7.4830,53595.4120,-5.4343,NA,NA,NA,NA,NA,NA,NA,NA,NA,NA
36.198,9.3780,-1.8766,9.4894,7.2834,53595.4120,-5.4343,NA,NA,NA,NA,NA,NA,NA,NA,NA,NA
36.252,9.3081,-2.6080,9.4348,6.6669,31421.2980,-44.5591,172367.5680,0.0000,NA,NA,NA,NA,NA,NA,NA,NA
36.352,9.2656,-3.0528,9.4137,6.4284,31421.2980,-44.5591,172367.5680,0.0000,NA,NA,NA,NA,NA,NA,NA,NA
36.458,9.2261,-3.4668,9.3982,6.2523,53503.3080,-5.5968,NA,NA,NA,NA,NA,NA,NA,NA,NA,NA
36.558,9.1993,-3.7469,9.3887,6.1460,61336.8680,8.2251,NA,NA,NA,NA,NA,NA,NA,NA,NA,NA
36.648,9.1669,-4.0856,9.3694,5.9274,61336.8680,8.2251,NA,NA,NA,NA,NA,NA,NA,NA,NA,NA
36.787,9.1493,-4.2695,9.3548,5.7623,27949.8620,-50.6842,NA,NA,NA,NA,NA,NA,NA,NA,NA,NA
36.846,9.1325,-4.4455,9.3293,5.4739,27207.0480,-51.9949,NA,NA,NA,NA,NA,NA,NA,NA,NA,NA
36.944,9.1222,-4.5535,9.3119,5.2767,27968.9740,-50.6505,NA,NA,NA,NA,NA,NA,NA,NA,NA,NA
37.048,9.1128,-4.6516,9.2982,5.1222,27968.9740,-50.6505,NA,NA,NA,NA,NA,NA,NA,NA,NA,NA
37.147,9.0896,-4.8943,9.2629,4.7228,59441.7680,4.8813,NA,NA,NA,NA,NA,NA,NA,NA,NA,NA
37.246,9.0574,-5.2310,9.2455,4.5261,59441.7680,4.8813,NA,NA,NA,NA,NA,NA,NA,NA,NA,NA
37.357,9.0121,-5.7052,9.2194,4.2313,58672.0880,3.5232,NA,NA,NA,NA,NA,NA,NA,NA,NA,NA
37.444,8.9907,-5.9297,9.1960,3.9663,24493.4680,-56.7828,181323.8560,0.0000,NA,NA,NA,NA,NA,NA,NA,NA
37.548,8.9518,-6.3364,9.1690,3.6614,45907.0560,-18.9999,NA,NA,NA,NA,NA,NA,NA,NA,NA,NA
37.636,8.9872,-5.9655,9.2138,4.1684,45907.0560,-18.9999,NA,NA,NA,NA,NA,NA,NA,NA,NA,NA
37.733,9.0283,-5.5355,9.2945,5.0806,26700.4540,-52.8887,NA,NA,NA,NA,NA,NA,NA,NA,NA,NA
37.838,9.1017,-4.7684,9.3596,5.8170,30495.3740,-46.1928,177805.3440,0.0000,NA,NA,NA,NA,NA,NA,NA,NA
37.997,9.1264,-4.5096,9.3907,6.1682,64041.6160,12.9974,NA,NA,NA,NA,NA,NA,NA,NA,NA,NA
38.045,9.1331,-4.4397,9.3910,6.1710,64041.6160,12.9974,NA,NA,NA,NA,NA,NA,NA,NA,NA,NA
38.143,9.1500,-4.2627,9.3910,6.1710,30750.7660,-45.7422,NA,NA,NA,NA,NA,NA,NA,NA,NA,NA
38.236,9.1504,-4.2584,9.3846,6.0987,26116.5860,-53.9189,NA,NA,NA,NA,NA,NA,NA,NA,NA,NA
38.333,9.1504,-4.2584,9.3697,5.9309,50358.0200,-11.1464,NA,NA,NA,NA,NA,NA,NA,NA,NA,NA
38.429,9.1318,-4.4528,9.3571,5.7880,57431.5840,1.3344,NA,NA,NA,NA,NA,NA,NA,NA,NA,NA
38.527,9.1217,-4.5587,9.3452,5.6540,63987.6080,12.9021,NA,NA,NA,NA,NA,NA,NA,NA,NA,NA
38.625,9.1057,-4.7260,9.3196,5.3642,63987.6080,12.9021,NA,NA,NA,NA,NA,NA,NA,NA,NA,NA
38.722,9.0946,-4.8418,9.3077,5.2294,24583.9360,-56.6232,NA,NA,NA,NA,NA,NA,NA,NA,NA,NA
38.822,9.0733,-5.0651,9.2841,4.9634,25491.2720,-55.0223,NA,NA,NA,NA,NA,NA,NA,NA,NA,NA
38.918,9.0431,-5.3816,9.2697,4.8005,29209.7760,-48.4612,NA,NA,NA,NA,NA,NA,NA,NA,NA,NA
39.021,9.0228,-5.5940,9.2510,4.5885,29209.7760,-48.4612,NA,NA,NA,NA,NA,NA,NA,NA,NA,NA
39.123,9.0104,-5.7235,9.2393,4.4564,24138.3800,-57.4093,NA,NA,NA,NA,NA,NA,NA,NA,NA,NA
39.221,9.0007,-5.8250,9.2273,4.3212,26542.4620,-53.1675,NA,NA,NA,NA,NA,NA,NA,NA,NA,NA
39.312,8.9779,-6.0637,9.2022,4.0372,52459.2280,-7.4390,NA,NA,NA,NA,NA,NA,NA,NA,NA,NA
39.419,8.9488,-6.3680,9.1895,3.8936,59603.0560,5.1658,NA,NA,NA,NA,NA,NA,NA,NA,NA,NA
39.515,8.9355,-6.5073,9.1650,3.6164,65604.2640,15.7546,NA,NA,NA,NA,NA,NA,NA,NA,NA,NA
39.605,8.9578,-6.2736,9.1783,3.7671,65604.2640,15.7546,NA,NA,NA,NA,NA,NA,NA,NA,NA,NA
39.701,8.9784,-6.0577,9.2550,4.6337,24553.4920,-56.6769,NA,NA,NA,NA,NA,NA,NA,NA,NA,NA
39.820,8.9784,-6.0577,9.2550,4.6337,26316.3480,-53.5665,NA,NA,NA,NA,NA,NA,NA,NA,NA,NA
39.902,8.9690,-6.1560,9.2528,4.6091,26316.3480,-53.5665,NA,NA,NA,NA,NA,NA,NA,NA,NA,NA
39.998,8.9616,-6.2336,9.2342,4.3989,22346.7300,-60.5706,NA,NA,NA,NA,NA,NA,NA,NA,NA,NA
40.093,8.9629,-6.2200,9.2250,4.2947,24503.7820,-56.7646,NA,NA,NA,NA,NA,NA,NA,NA,NA,NA
40.196,8.9629,-6.2200,9.2174,4.2087,27219.0760,-51.9737,NA,NA,NA,NA,NA,NA,NA,NA,NA,NA
40.363,8.9343,-6.5196,9.2169,4.2037,54064.7320,-4.6062,NA,NA,NA,NA,NA,NA,NA,NA,NA,NA
40.392,8.9284,-6.5817,9.2079,4.1009,60576.8080,6.8840,NA,NA,NA,NA,NA,NA,NA,NA,NA,NA
40.486,8.9253,-6.6132,9.2043,4.0607,65128.9760,14.9160,NA,NA,NA,NA,NA,NA,NA,NA,NA,NA
40.591,8.9216,-6.6524,9.2043,4.0607,65128.9760,14.9160,NA,NA,NA,NA,NA,NA,NA,NA,NA,NA
40.697,8.9204,-6.6650,9.2036,4.0532,24748.3160,-56.3332,NA,NA,NA,NA,NA,NA,NA,NA,NA,NA
40.786,8.9188,-6.6819,9.1910,3.9100,27431.2660,-51.5993,NA,NA,NA,NA,NA,NA,NA,NA,NA,NA
40.878,8.9080,-6.7952,9.1831,3.8207,27431.2660,-51.5993,NA,NA,NA,NA,NA,NA,NA,NA,NA,NA
40.991,8.9061,-6.8147,9.1794,3.7788,22919.9440,-59.5592,NA,NA,NA,NA,NA,NA,NA,NA,NA,NA
41.090,8.9042,-6.8345,9.1776,3.7585,46573.2880,-17.8244,NA,NA,NA,NA,NA,NA,NA,NA,NA,NA
41.182,8.8855,-7.0306,9.1712,3.6863,48964.9240,-13.6045,NA,NA,NA,NA,NA,NA,NA,NA,NA,NA
41.281,8.8823,-7.0639,9.1712,3.6863,48964.9240,-13.6045,NA,NA,NA,NA,NA,NA,NA,NA,NA,NA
41.375,8.8823,-7.0639,9.1625,3.5879,28829.6500,-49.1319,169610.2400,0.0000,NA,NA,NA,NA,NA,NA,NA,NA
41.483,8.8812,-7.0752,9.1442,3.3813,58265.9080,2.8065,NA,NA,NA,NA,NA,NA,NA,NA,NA,NA
41.576,8.8803,-7.0848,9.1442,3.3813,58265.9080,2.8065,NA,NA,NA,NA,NA,NA,NA,NA,NA,NA
41.674,8.8687,-7.2062,9.1439,3.3774,30552.9800,-46.0912,189449.1200,0.0000,NA,NA,NA,NA,NA,NA,NA,NA
41.772,8.8666,-7.2281,9.1333,3.2575,64765.9200,14.2754,NA,NA,NA,NA,NA,NA,NA,NA,NA,NA
41.874,8.8611,-7.2851,9.1327,3.2517,64765.9200,14.2754,NA,NA,NA,NA,NA,NA,NA,NA,NA,NA
41.978,8.8595,-7.3027,9.1378,3.3086,27190.5600,-52.0240,NA,NA,NA,NA,NA,NA,NA,NA,NA,NA
42.076,8.8581,-7.3164,9.1378,3.3086,26343.8380,-53.5180,NA,NA,NA,NA,NA,NA,NA,NA,NA,NA
42.168,8.8581,-7.3164,9.1362,3.2911,28070.4960,-50.4714,NA,NA,NA,NA,NA,NA,NA,NA,NA,NA
42.274,8.8482,-7.4206,9.1359,3.2873,54923.6040,-3.0908,NA,NA,NA,NA,NA,NA,NA,NA,NA,NA
42.366,8.8358,-7.5499,9.1332,3.2564,55165.2760,-2.6643,NA,NA,NA,NA,NA,NA,NA,NA,NA,NA
42.464,8.8290,-7.6214,9.1315,3.2377,55165.2760,-2.6643,NA,NA,NA,NA,NA,NA,NA,NA,NA,NA
42.572,8.8278,-7.6338,9.1221,3.1314,53847.5920,-4.9893,NA,NA,NA,NA,NA,NA,NA,NA,NA,NA
42.671,8.8150,-7.7681,9.1239,3.1517,26421.1520,-53.3815,179734.5440,0.0000,NA,NA,NA,NA,NA,NA,NA,NA
42.779,8.8361,-7.5467,9.1266,3.1824,49615.9560,-12.4558,NA,NA,NA,NA,NA,NA,NA,NA,NA,NA
42.860,9.1032,-4.7522,9.1932,3.9349,49615.9560,-12.4558,NA,NA,NA,NA,NA,NA,NA,NA,NA,NA
42.960,9.3883,-1.7691,9.4043,6.3219,28208.6660,-50.2276,170898.6880,0.0000,NA,NA,NA,NA,NA,NA,NA,NA
43.060,9.5527,-0.0493,9.6437,9.0280,59232.6520,4.5123,NA,NA,NA,NA,NA,NA,NA,NA,NA,NA
43.158,9.6329,0.7902,9.8734,11.6248,59232.6520,4.5123,NA,NA,NA,NA,NA,NA,NA,NA,NA,NA
43.267,9.7303,1.8088,10.0772,13.9290,28555.0300,-49.6164,NA,NA,NA,NA,NA,NA,NA,NA,NA,NA
43.422,9.8429,2.9875,10.3058,16.5139,28555.0300,-49.6164,NA,NA,NA,NA,NA,NA,NA,NA,NA,NA
43.453,9.9314,3.9135,10.4691,18.3597,27292.3160,-51.8444,NA,NA,NA,NA,NA,NA,NA,NA,NA,NA
43.552,10.0654,5.3155,10.5802,19.6156,53886.3000,-4.9210,NA,NA,NA,NA,NA,NA,NA,NA,NA,NA
43.653,10.2365,7.1057,10.6711,20.6438,59869.8040,5.6365,NA,NA,NA,NA,NA,NA,NA,NA,NA,NA
43.755,10.3770,8.5755,10.7465,21.4961,62909.3480,10.9996,NA,NA,NA,NA,NA,NA,NA,NA,NA,NA
43.858,10.4982,9.8435,10.8159,22.2812,62909.3480,10.9996,NA,NA,NA,NA,NA,NA,NA,NA,NA,NA
44.003,10.5982,10.8896,10.8966,23.1932,23900.1400,-57.8297,193326.5920,0.0000,NA,NA,NA,NA,NA,NA,NA,NA
44.060,10.6484,11.4156,10.9210,23.4696,45723.5440,-19.3237,NA,NA,NA,NA,NA,NA,NA,NA,NA,NA
44.148,10.6926,11.8774,10.9662,23.9801,45723.5440,-19.3237,NA,NA,NA,NA,NA,NA,NA,NA,NA,NA
44.242,10.7161,12.1241,10.9784,24.1179,26256.9460,-53.6713,NA,NA,NA,NA,NA,NA,NA,NA,NA,NA
44.341,10.7161,12.1241,10.9784,24.1179,29779.4240,-47.4561,176191.6480,0.0000,NA,NA,NA,NA,NA,NA,NA,NA
44.443,10.6993,11.9478,10.9719,24.0449,29779.4240,-47.4561,NA,NA,NA,NA,NA,NA,NA,NA,NA,NA
44.544,10.6716,11.6579,10.9701,24.0245,28274.8500,-50.1108,NA,NA,NA,NA,NA,NA,NA,NA,NA,NA
44.644,10.6261,11.1824,10.9658,23.9753,23072.3680,-59.2903,NA,NA,NA,NA,NA,NA,NA,NA,NA,NA
44.741,10.5881,10.7839,10.9658,23.9753,25363.8120,-55.2471,NA,NA,NA,NA,NA,NA,NA,NA,NA,NA
44.840,10.5707,10.6026,10.9590,23.8988,48760.7600,-13.9647,NA,NA,NA,NA,NA,NA,NA,NA,NA,NA
44.936,10.4841,9.6966,10.9566,23.8711,56671.9560,-0.0059,NA,NA,NA,NA,NA,NA,NA,NA,NA,NA
45.032,10.4563,9.4054,10.9159,23.4119,65369.6960,15.3407,NA,NA,NA,NA,NA,NA,NA,NA,NA,NA
45.155,10.4173,8.9975,10.9077,23.3191,65369.6960,15.3407,NA,NA,NA,NA,NA,NA,NA,NA,NA,NA
45.230,10.3743,8.5473,10.9037,23.2738,26455.7640,-53.3205,NA,NA,NA,NA,NA,NA,NA,NA,NA,NA
45.328,10.3459,8.2500,10.8842,23.0530,25508.5480,-54.9918,NA,NA,NA,NA,NA,NA,NA,NA,NA,NA
45.427,10.3294,8.0775,10.8740,22.9375,27926.8200,-50.7249,NA,NA,NA,NA,NA,NA,NA,NA,NA,NA
45.528,10.3188,7.9662,10.8560,22.7342,27926.8200,-50.7249,NA,NA,NA,NA,NA,NA,NA,NA,NA,NA
45.619,10.2925,7.6916,10.8394,22.5470,23717.0540,-58.1527,NA,NA,NA,NA,NA,NA,NA,NA,NA,NA
45.751,10.2631,7.3842,10.8094,22.2074,26076.3400,-53.9899,NA,NA,NA,NA,NA,NA,NA,NA,NA,NA
45.818,10.2397,7.1386,10.7951,22.0461,50867.8720,-10.2468,NA,NA,NA,NA,NA,NA,NA,NA,NA,NA
45.915,10.2171,6.9027,10.7743,21.8105,58579.5920,3.3600,NA,NA,NA,NA,NA,NA,NA,NA,NA,NA
46.013,10.1991,6.7147,10.7636,21.6899,66312.9800,17.0051,NA,NA,NA,NA,NA,NA,NA,NA,NA,NA
46.111,10.1757,6.4697,10.7446,21.4752,66312.9800,17.0051,NA,NA,NA,NA,NA,NA,NA,NA,NA,NA
46.214,10.1493,6.1931,10.7374,21.3936,26261.3560,-53.6635,NA,NA,NA,NA,NA,NA,NA,NA,NA,NA
46.311,10.1375,6.0695,10.7137,21.1256,25833.7640,-54.4179,NA,NA,NA,NA,NA,NA,NA,NA,NA,NA
46.406,10.1161,5.8463,10.7137,21.1256,25833.7640,-54.4179,NA,NA,NA,NA,NA,NA,NA,NA,NA,NA
46.504,10.1080,5.7606,10.7065,21.0436,21941.3860,-61.2858,NA,NA,NA,NA,NA,NA,NA,NA,NA,NA
46.601,10.0852,5.5227,10.6826,20.7743,24155.4040,-57.3793,NA,NA,NA,NA,NA,NA,NA,NA,NA,NA
46.705,10.0745,5.4109,10.6773,20.7134,26826.7320,-52.6659,NA,NA,NA,NA,NA,NA,NA,NA,NA,NA
46.800,10.0526,5.1810,10.6677,20.6056,52931.9080,-6.6050,NA,NA,NA,NA,NA,NA,NA,NA,NA,NA
46.960,10.0442,5.0934,10.6629,20.5516,60597.3800,6.9203,NA,NA,NA,NA,NA,NA,NA,NA,NA,NA
46.999,10.0193,4.8334,10.6629,20.5516,67875.3920,19.7619,NA,NA,NA,NA,NA,NA,NA,NA,NA,NA
47.106,10.0063,4.6967,10.6495,20.3996,67875.3920,19.7619,NA,NA,NA,NA,NA,NA,NA,NA,NA,NA
47.197,9.9897,4.5235,10.6495,20.3996,26082.0400,-53.9799,NA,NA,NA,NA,NA,NA,NA,NA,NA,NA
47.296,9.9830,4.4532,10.6405,20.2978,26730.6920,-52.8354,NA,NA,NA,NA,NA,NA,NA,NA,NA,NA
47.392,9.9709,4.3266,10.6396,20.2877,52422.1200,-7.5045,NA,NA,NA,NA,NA,NA,NA,NA,NA,NA
47.490,9.9310,3.9088,10.6396,20.2877,52843.7520,-6.7605,NA,NA,NA,NA,NA,NA,NA,NA,NA,NA
47.596,9.9092,3.6812,10.6354,20.2401,52843.7520,-6.7605,NA,NA,NA,NA,NA,NA,NA,NA,NA,NA
47.687,9.8987,3.5712,10.6310,20.1907,51350.7480,-9.3948,NA,NA,NA,NA,NA,NA,NA,NA,NA,NA
47.786,9.8880,3.4590,10.6267,20.1420,50657.3800,-10.6182,NA,NA,NA,NA,NA,NA,NA,NA,NA,NA
47.892,9.8632,3.1994,10.6267,20.1420,28433.7440,-49.8304,173030.9920,0.0000,NA,NA,NA,NA,NA,NA,NA,NA
47.985,9.8514,3.0760,10.6160,20.0206,54987.8720,-2.9774,NA,NA,NA,NA,NA,NA,NA,NA,NA,NA
48.085,9.8308,2.8603,10.6099,19.9520,54987.8720,-2.9774,NA,NA,NA,NA,NA,NA,NA,NA,NA,NA
48.200,9.8308,2.8603,10.6092,19.9437,29990.3960,-47.0838,177028.1760,0.0000,NA,NA,NA,NA,NA,NA,NA,NA
48.289,9.8151,2.6966,10.6053,19.9002,63521.7440,12.0801,NA,NA,NA,NA,NA,NA,NA,NA,NA,NA
48.384,9.8030,2.5700,10.6032,19.8764,63521.7440,12.0801,NA,NA,NA,NA,NA,NA,NA,NA,NA,NA
48.478,9.7967,2.5044,10.6004,19.8448,28902.4720,-49.0034,NA,NA,NA,NA,NA,NA,NA,NA,NA,NA
48.580,9.7965,2.5014,10.5978,19.8156,25561.0400,-54.8992,NA,NA,NA,NA,NA,NA,NA,NA,NA,NA
48.675,9.7925,2.4602,10.5929,19.7600,28392.1660,-49.9038,NA,NA,NA,NA,NA,NA,NA,NA,NA,NA
48.796,9.7806,2.3357,10.5929,19.7600,56687.7760,0.0220,NA,NA,NA,NA,NA,NA,NA,NA,NA,NA
48.877,9.7545,2.0625,10.5838,19.6574,60582.1880,6.8935,NA,NA,NA,NA,NA,NA,NA,NA,NA,NA
48.973,9.7476,1.9897,10.5718,19.5213,60582.1880,6.8935,NA,NA,NA,NA,NA,NA,NA,NA,NA,NA
49.073,9.7408,1.9189,10.5709,19.5108,59933.0400,5.7481,NA,NA,NA,NA,NA,NA,NA,NA,NA,NA
49.169,9.7389,1.8986,10.5585,19.3713,25098.5880,-55.7151,184788.8480,0.0000,NA,NA,NA,NA,NA,NA,NA,NA
49.264,9.7271,1.7761,10.5527,19.3053,46471.3520,-18.0042,NA,NA,NA,NA,NA,NA,NA,NA,NA,NA
49.376,9.7202,1.7031,10.5461,19.2309,46471.3520,-18.0042,NA,NA,NA,NA,NA,NA,NA,NA,NA,NA
49.461,9.7196,1.6970,10.5404,19.1662,27546.7260,-51.3955,163635.0400,0.0000,NA,NA,NA,NA,NA,NA,NA,NA
49.565,9.7059,1.5538,10.5353,19.1082,56775.3360,0.1765,NA,NA,NA,NA,NA,NA,NA,NA,NA,NA
49.666,9.6986,1.4773,10.5300,19.0486,176378.9600,211.2096,NA,NA,NA,NA,NA,NA,NA,NA,NA,NA
49.778,9.6822,1.3063,10.5259,19.0026,176378.9600,211.2096,NA,NA,NA,NA,NA,NA,NA,NA,NA,NA
49.864,9.6822,1.3063,10.5155,18.8841,28434.0640,-49.8299,NA,NA,NA,NA,NA,NA,NA,NA,NA,NA
49.968,9.6766,1.2470,10.5104,18.8270,26712.3440,-52.8677,NA,NA,NA,NA,NA,NA,NA,NA,NA,NA
50.057,9.6671,1.1478,10.5038,18.7523,52044.8360,-8.1702,NA,NA,NA,NA,NA,NA,NA,NA,NA,NA
50.159,9.6545,1.0159,10.4922,18.6217,59679.0440,5.2999,NA,NA,NA,NA,NA,NA,NA,NA,NA,NA
50.257,9.6454,0.9205,10.4851,18.5413,66439.8240,17.2289,NA,NA,NA,NA,NA,NA,NA,NA,NA,NA
50.351,9.6350,0.8125,10.4822,18.5080,66439.8240,17.2289,NA,NA,NA,NA,NA,NA,NA,NA,NA,NA
50.450,9.6322,0.7823,10.4448,18.0852,25035.1440,-55.8271,NA,NA,NA,NA,NA,NA,NA,NA,NA,NA
50.550,9.6236,0.6931,10.4307,17.9263,25881.1700,-54.3343,NA,NA,NA,NA,NA,NA,NA,NA,NA,NA
50.645,9.6202,0.6574,10.4219,17.8270,25881.1700,-54.3343,NA,NA,NA,NA,NA,NA,NA,NA,NA,NA
50.743,9.6225,0.6809,10.4127,17.7225,22255.7920,-60.7311,NA,NA,NA,NA,NA,NA,NA,NA,NA,NA
50.857,9.6237,0.6933,10.4021,17.6023,24428.2000,-56.8980,NA,NA,NA,NA,NA,NA,NA,NA,NA,NA
50.947,9.6237,0.6933,10.3859,17.4192,27139.3420,-52.1143,NA,NA,NA,NA,NA,NA,NA,NA,NA,NA
51.043,9.6130,0.5820,10.3779,17.3295,54329.5840,-4.1389,NA,NA,NA,NA,NA,NA,NA,NA,NA,NA
51.136,9.6027,0.4741,10.3679,17.2163,61531.4040,8.5683,NA,NA,NA,NA,NA,NA,NA,NA,NA,NA
51.264,9.5952,0.3959,10.3506,17.0205,67434.3280,18.9836,NA,NA,NA,NA,NA,NA,NA,NA,NA,NA
51.333,9.5840,0.2787,10.3426,16.9301,67434.3280,18.9836,NA,NA,NA,NA,NA,NA,NA,NA,NA,NA
51.431,9.5767,0.2019,10.3299,16.7859,24874.0600,-56.1113,NA,NA,NA,NA,NA,NA,NA,NA,NA,NA
51.528,9.5720,0.1532,10.3068,16.5248,26941.1960,-52.4640,NA,NA,NA,NA,NA,NA,NA,NA,NA,NA
51.629,9.5508,-0.0694,10.2984,16.4308,26941.1960,-52.4640,NA,NA,NA,NA,NA,NA,NA,NA,NA,NA
51.735,9.5460,-0.1196,10.2951,16.3934,22817.2480,-59.7404,NA,NA,NA,NA,NA,NA,NA,NA,NA,NA
51.830,9.5422,-0.1587,10.2801,16.2235,46693.7200,-17.6119,NA,NA,NA,NA,NA,NA,NA,NA,NA,NA
51.937,9.5163,-0.4303,10.2666,16.0709,48276.8920,-14.8185,NA,NA,NA,NA,NA,NA,NA,NA,NA,NA
52.028,9.5061,-0.5372,10.2595,15.9907,48276.8920,-14.8185,NA,NA,NA,NA,NA,NA,NA,NA,NA,NA
52.123,9.5005,-0.5953,10.2498,15.8813,28777.2840,-49.2243,165311.7120,0.0000,NA,NA,NA,NA,NA,NA,NA,NA
52.227,9.4979,-0.6221,10.2472,15.8518,57490.2760,1.4380,NA,NA,NA,NA,NA,NA,NA,NA,NA,NA
52.360,9.4876,-0.7304,10.2426,15.7998,57490.2760,1.4380,NA,NA,NA,NA,NA,NA,NA,NA,NA,NA
52.426,9.4812,-0.7974,10.2348,15.7116,30592.2860,-46.0218,186148.5600,0.0000,NA,NA,NA,NA,NA,NA,NA,NA
52.518,9.4812,-0.7974,10.2313,15.6716,64867.3600,14.4544,NA,NA,NA,NA,NA,NA,NA,NA,NA,NA
52.626,9.4748,-0.8641,10.2240,15.5886,64867.3600,14.4544,NA,NA,NA,NA,NA,NA,NA,NA,NA,NA
52.728,9.4653,-0.9639,10.2199,15.5430,27987.4520,-50.6179,NA,NA,NA,NA,NA,NA,NA,NA,NA,NA
52.820,9.4444,-1.1819,10.2128,15.4620,26919.9360,-52.5015,NA,NA,NA,NA,NA,NA,NA,NA,NA,NA
52.916,9.4387,-1.2415,10.2015,15.3343,28453.7240,-49.7952,NA,NA,NA,NA,NA,NA,NA,NA,NA,NA
53.017,9.4230,-1.4057,10.1850,15.1481,56418.0600,-0.4539,NA,NA,NA,NA,NA,NA,NA,NA,NA,NA
53.118,9.4110,-1.5317,10.1772,15.0600,57220.3600,0.9617,NA,NA,NA,NA,NA,NA,NA,NA,NA,NA
53.215,9.4039,-1.6062,10.1752,15.0376,57220.3600,0.9617,NA,NA,NA,NA,NA,NA,NA,NA,NA,NA
53.310,9.3997,-1.6499,10.1587,14.8505,55850.0760,-1.4560,NA,NA,NA,NA,NA,NA,NA,NA,NA,NA
53.406,9.3924,-1.7262,10.1493,14.7444,25995.9980,-54.1317,182163.0080,0.0000,NA,NA,NA,NA,NA,NA,NA,NA
53.566,9.3892,-1.7603,10.1468,14.7167,47936.5440,-15.4190,NA,NA,NA,NA,NA,NA,NA,NA,NA,NA
53.603,9.3805,-1.8509,10.1405,14.6453,47936.5440,-15.4190,NA,NA,NA,NA,NA,NA,NA,NA,NA,NA
53.708,9.3671,-1.9907,10.1233,14.4502,27930.2660,-50.7188,167360.8160,0.0000,NA,NA,NA,NA,NA,NA,NA,NA
53.806,9.3640,-2.0231,10.1147,14.3537,58496.4200,3.2133,NA,NA,NA,NA,NA,NA,NA,NA,NA,NA
53.908,9.3536,-2.1320,10.1078,14.2754,58496.4200,3.2133,NA,NA,NA,NA,NA,NA,NA,NA,NA,NA
54.004,9.3536,-2.1320,10.0960,14.1415,29034.7060,-48.7701,NA,NA,NA,NA,NA,NA,NA,NA,NA,NA
54.104,9.3514,-2.1556,10.0895,14.0687,29034.7060,-48.7701,NA,NA,NA,NA,NA,NA,NA,NA,NA,NA
54.204,9.3370,-2.3061,10.0787,13.9467,27057.1280,-52.2594,NA,NA,NA,NA,NA,NA,NA,NA,NA,NA
54.301,9.3124,-2.5636,10.0746,13.9000,53388.7280,-5.7989,NA,NA,NA,NA,NA,NA,NA,NA,NA,NA
54.396,9.3032,-2.6598,10.0674,13.8189,60415.3000,6.5990,NA,NA,NA,NA,NA,NA,NA,NA,NA,NA
54.499,9.2974,-2.7199,10.0499,13.6205,65151.0320,14.9549,NA,NA,NA,NA,NA,NA,NA,NA,NA,NA
54.601,9.2810,-2.8918,10.0410,13.5203,65151.0320,14.9549,NA,NA,NA,NA,NA,NA,NA,NA,NA,NA
54.697,9.2758,-2.9468,10.0308,13.4044,23965.4520,-57.7145,NA,NA,NA,NA,NA,NA,NA,NA,NA,NA
54.808,9.2748,-2.9565,10.0191,13.2723,26414.6320,-53.3930,NA,NA,NA,NA,NA,NA,NA,NA,NA,NA
54.886,9.2795,-2.9072,10.0191,13.2723,26414.6320,-53.3930,NA,NA,NA,NA,NA,NA,NA,NA,NA,NA
54.996,9.2856,-2.8436,10.0101,13.1713,22559.0700,-60.1959,NA,NA,NA,NA,NA,NA,NA,NA,NA,NA
55.084,9.2856,-2.8436,10.0016,13.0747,24872.2220,-56.1145,NA,NA,NA,NA,NA,NA,NA,NA,NA,NA
55.182,9.2746,-2.9586,9.9911,12.9558,27767.2560,-51.0064,NA,NA,NA,NA,NA,NA,NA,NA,NA,NA
55.280,9.2680,-3.0281,9.9875,12.9151,55975.2600,-1.2352,NA,NA,NA,NA,NA,NA,NA,NA,NA,NA
55.396,9.2570,-3.1433,9.9805,12.8359,62493.5920,10.2660,NA,NA,NA,NA,NA,NA,NA,NA,NA,NA
55.483,9.2509,-3.2072,9.9727,12.7476,65182.4600,15.0104,NA,NA,NA,NA,NA,NA,NA,NA,NA,NA
55.576,9.2505,-3.2106,9.9665,12.6776,65182.4600,15.0104,NA,NA,NA,NA,NA,NA,NA,NA,NA,NA
55.687,9.2453,-3.2651,9.9680,12.6946,24155.1480,-57.3798,NA,NA,NA,NA,NA,NA,NA,NA,NA,NA
55.772,9.2347,-3.3768,9.9680,12.6946,27554.2240,-51.3823,194167.2320,0.0000,NA,NA,NA,NA,NA,NA,NA,NA
55.873,9.2313,-3.4122,9.9619,12.6264,27554.2240,-51.3823,194167.2320,0.0000,NA,NA,NA,NA,NA,NA,NA,NA
56.027,9.2255,-3.4725,9.9578,12.5795,45713.1800,-19.3420,NA,NA,NA,NA,NA,NA,NA,NA,NA,NA
56.075,9.2204,-3.5255,9.9528,12.5229,45713.1800,-19.3420,NA,NA,NA,NA,NA,NA,NA,NA,NA,NA
56.174,9.2204,-3.5255,9.9497,12.4876,27795.3740,-50.9568,NA,NA,NA,NA,NA,NA,NA,NA,NA,NA
56.271,9.2199,-3.5312,9.9480,12.4687,27795.3740,-50.9568,NA,NA,NA,NA,NA,NA,NA,NA,NA,NA
56.374,9.2173,-3.5581,9.9300,12.2653,23571.7600,-58.4091,NA,NA,NA,NA,NA,NA,NA,NA,NA,NA
56.469,9.2086,-3.6496,9.9242,12.2000,25929.7740,-54.2485,NA,NA,NA,NA,NA,NA,NA,NA,NA,NA
56.600,9.2029,-3.7093,9.9207,12.1597,50188.6880,-11.4452,NA,NA,NA,NA,NA,NA,NA,NA,NA,NA
56.674,9.1955,-3.7869,9.9189,12.1396,57880.1040,2.1258,NA,NA,NA,NA,NA,NA,NA,NA,NA,NA
56.762,9.1905,-3.8391,9.9140,12.0847,66003.4400,16.4589,NA,NA,NA,NA,NA,NA,NA,NA,NA,NA
56.864,9.1844,-3.9026,9.9031,11.9608,66003.4400,16.4589,NA,NA,NA,NA,NA,NA,NA,NA,NA,NA
56.958,9.1812,-3.9357,9.8978,11.9017,26779.8360,-52.7487,NA,NA,NA,NA,NA,NA,NA,NA,NA,NA
57.052,9.1740,-4.0117,9.8826,11.7289,25872.6440,-54.3493,NA,NA,NA,NA,NA,NA,NA,NA,NA,NA
57.192,9.1740,-4.0117,9.8782,11.6792,25872.6440,-54.3493,NA,NA,NA,NA,NA,NA,NA,NA,NA,NA
57.251,9.1723,-4.0293,9.8751,11.6443,21781.6860,-61.5676,NA,NA,NA,NA,NA,NA,NA,NA,NA,NA
57.350,9.1706,-4.0468,9.8681,11.5659,24050.6960,-57.5641,NA,NA,NA,NA,NA,NA,NA,NA,NA,NA
57.446,9.1664,-4.0916,9.8570,11.4394,26680.2960,-52.9243,NA,NA,NA,NA,NA,NA,NA,NA,NA,NA
57.542,9.1590,-4.1681,9.8560,11.4286,52522.7520,-7.3269,NA,NA,NA,NA,NA,NA,NA,NA,NA,NA
57.643,9.1526,-4.2357,9.8455,11.3095,60475.0320,6.7044,NA,NA,NA,NA,NA,NA,NA,NA,NA,NA
57.781,9.1372,-4.3969,9.8392,11.2390,68323.1120,20.5518,NA,NA,NA,NA,NA,NA,NA,NA,NA,NA
57.847,9.1267,-4.5068,9.8258,11.0870,68323.1120,20.5518,NA,NA,NA,NA,NA,NA,NA,NA,NA,NA
57.945,9.1322,-4.4494,9.8188,11.0075,26579.1160,-53.1028,NA,NA,NA,NA,NA,NA,NA,NA,NA,NA
58.045,9.1360,-4.4091,9.8016,10.8140,26835.0240,-52.6513,NA,NA,NA,NA,NA,NA,NA,NA,NA,NA
58.140,9.1360,-4.4091,9.7921,10.7067,52485.7280,-7.3922,NA,NA,NA,NA,NA,NA,NA,NA,NA,NA
58.242,9.1290,-4.4823,9.7733,10.4941,53648.2960,-5.3410,NA,NA,NA,NA,NA,NA,NA,NA,NA,NA
58.359,9.1110,-4.6712,9.7630,10.3772,53648.2960,-5.3410,NA,NA,NA,NA,NA,NA,NA,NA,NA,NA
58.433,9.1081,-4.7015,9.7581,10.3218,52491.5080,-7.3820,NA,NA,NA,NA,NA,NA,NA,NA,NA,NA
58.540,9.1038,-4.7456,9.7577,10.3170,51300.8160,-9.4829,NA,NA,NA,NA,NA,NA,NA,NA,NA,NA
58.631,9.1038,-4.7456,9.7577,10.3170,28180.2100,-50.2778,168902.6880,0.0000,NA,NA,NA,NA,NA,NA,NA,NA
58.732,9.0935,-4.8538,9.7437,10.1590,53845.6720,-4.9927,NA,NA,NA,NA,NA,NA,NA,NA,NA,NA
58.828,9.0880,-4.9112,9.7273,9.9733,53845.6720,-4.9927,NA,NA,NA,NA,NA,NA,NA,NA,NA,NA
58.985,9.0899,-4.8912,9.7222,9.9156,29754.6000,-47.4999,172785.9360,0.0000,NA,NA,NA,NA,NA,NA,NA,NA
59.024,9.0899,-4.8912,9.7215,9.9080,62971.1120,11.1086,NA,NA,NA,NA,NA,NA,NA,NA,NA,NA
59.133,9.0818,-4.9765,9.7215,9.9084,62971.1120,11.1086,NA,NA,NA,NA,NA,NA,NA,NA,NA,NA
59.233,9.0775,-5.0212,9.7215,9.9084,29198.9800,-48.4802,NA,NA,NA,NA,NA,NA,NA,NA,NA,NA
59.326,9.0775,-5.0212,9.7104,9.7830,25459.7300,-55.0779,NA,NA,NA,NA,NA,NA,NA,NA,NA,NA
59.424,9.0765,-5.0322,9.7019,9.6863,28335.9800,-50.0029,NA,NA,NA,NA,NA,NA,NA,NA,NA,NA
59.580,9.0675,-5.1254,9.6930,9.5863,56536.4480,-0.2450,NA,NA,NA,NA,NA,NA,NA,NA,NA,NA
59.618,9.0546,-5.2608,9.6881,9.5304,61272.1160,8.1108,NA,NA,NA,NA,NA,NA,NA,NA,NA,NA
59.718,9.0498,-5.3107,9.6786,9.4226,61345.6120,8.2405,NA,NA,NA,NA,NA,NA,NA,NA,NA,NA
59.826,9.0416,-5.3970,9.6740,9.3710,61345.6120,8.2405,NA,NA,NA,NA,NA,NA,NA,NA,NA,NA
59.918,9.0262,-5.5582,9.6740,9.3710,24767.5560,-56.2992,185491.1360,0.0000,NA,NA,NA,NA,NA,NA,NA,NA
60.017,9.0262,-5.5582,9.6644,9.2621,46024.0720,-18.7934,NA,NA,NA,NA,NA,NA,NA,NA,NA,NA
60.110,9.0218,-5.6041,9.6617,9.2324,46024.0720,-18.7934,NA,NA,NA,NA,NA,NA,NA,NA,NA,NA
60.241,9.0218,-5.6041,9.6481,9.0787,27377.0840,-51.6949,161763.2960,0.0000,NA,NA,NA,NA,NA,NA,NA,NA
60.312,9.0189,-5.6341,9.6421,9.0108,56372.7400,-0.5338,NA,NA,NA,NA,NA,NA,NA,NA,NA,NA
60.418,9.0164,-5.6608,9.6421,9.0108,167442.8000,195.4423,NA,NA,NA,NA,NA,NA,NA,NA,NA,NA
60.516,9.0164,-5.6608,9.6131,8.6820,167442.8000,195.4423,NA,NA,NA,NA,NA,NA,NA,NA,NA,NA
60.612,9.0161,-5.6636,9.6072,8.6158,27986.8480,-50.6190,NA,NA,NA,NA,NA,NA,NA,NA,NA,NA
60.710,9.0161,-5.6636,9.6036,8.5748,26526.8920,-53.1950,NA,NA,NA,NA,NA,NA,NA,NA,NA,NA
60.808,9.0067,-5.7622,9.6025,8.5627,51633.8160,-8.8954,NA,NA,NA,NA,NA,NA,NA,NA,NA,NA
60.903,9.0010,-5.8216,9.6005,8.5396,59419.6600,4.8423,NA,NA,NA,NA,NA,NA,NA,NA,NA,NA
61.004,8.9943,-5.8918,9.5924,8.4485,66483.4680,17.3059,NA,NA,NA,NA,NA,NA,NA,NA,NA,NA
61.100,9.0000,-5.8316,9.5877,8.3957,66483.4680,17.3059,NA,NA,NA,NA,NA,NA,NA,NA,NA,NA
61.194,9.0000,-5.8316,9.5797,8.3047,25539.2880,-54.9375,NA,NA,NA,NA,NA,NA,NA,NA,NA,NA
61.301,8.9936,-5.8993,9.5757,8.2599,25782.1080,-54.5091,NA,NA,NA,NA,NA,NA,NA,NA,NA,NA
61.442,8.9900,-5.9363,9.5738,8.2382,25782.1080,-54.5091,NA,NA,NA,NA,NA,NA,NA,NA,NA,NA
61.495,8.9898,-5.9388,9.5690,8.1841,22124.4380,-60.9628,NA,NA,NA,NA,NA,NA,NA,NA,NA,NA
61.594,8.9872,-5.9660,9.5639,8.1260,24283.8060,-57.1527,NA,NA,NA,NA,NA,NA,NA,NA,NA,NA
61.691,8.9872,-5.9660,9.5600,8.0821,26923.0200,-52.4960,NA,NA,NA,NA,NA,NA,NA,NA,NA,NA
61.789,8.9725,-6.1199,9.5570,8.0479,53595.5760,-5.4340,NA,NA,NA,NA,NA,NA,NA,NA,NA,NA
61.883,8.9647,-6.2015,9.5554,8.0296,61057.9280,7.7329,NA,NA,NA,NA,NA,NA,NA,NA,NA,NA
61.983,8.9598,-6.2523,9.5544,8.0184,67864.1280,19.7420,NA,NA,NA,NA,NA,NA,NA,NA,NA,NA
62.080,8.9538,-6.3151,9.5521,7.9927,67864.1280,19.7420,NA,NA,NA,NA,NA,NA,NA,NA,NA,NA
62.176,8.9499,-6.3563,9.5396,7.8511,25243.6400,-55.4592,NA,NA,NA,NA,NA,NA,NA,NA,NA,NA
62.284,8.9492,-6.3640,9.5326,7.7721,26472.0260,-53.2918,NA,NA,NA,NA,NA,NA,NA,NA,NA,NA
62.381,8.9386,-6.4744,9.5221,7.6533,26472.0260,-53.2918,NA,NA,NA,NA,NA,NA,NA,NA,NA,NA
62.488,8.9386,-6.4744,9.5106,7.5232,22731.0760,-59.8924,NA,NA,NA,NA,NA,NA,NA,NA,NA,NA
62.584,8.9261,-6.6055,9.4891,7.2801,47619.6040,-15.9782,NA,NA,NA,NA,NA,NA,NA,NA,NA,NA
62.682,8.9213,-6.6551,9.4807,7.1856,48294.2440,-14.7878,NA,NA,NA,NA,NA,NA,NA,NA,NA,NA
62.781,8.9213,-6.6551,9.4752,7.1237,48294.2440,-14.7878,NA,NA,NA,NA,NA,NA,NA,NA,NA,NA
62.877,8.9077,-6.7982,9.4690,7.0537,28643.1000,-49.4610,164387.6320,0.0000,NA,NA,NA,NA,NA,NA,NA,NA
62.970,9.0735,-5.0631,9.5793,8.3000,56579.4800,-0.1691,NA,NA,NA,NA,NA,NA,NA,NA,NA,NA
63.077,9.2986,-2.7079,9.7918,10.7023,56579.4800,-0.1691,NA,NA,NA,NA,NA,NA,NA,NA,NA,NA
63.175,9.6962,1.4519,9.9024,11.9534,30553.3000,-46.0906,179932.9280,0.0000,NA,NA,NA,NA,NA,NA,NA,NA
63.270,9.8398,2.9545,9.9579,12.5808,65110.6520,14.8837,NA,NA,NA,NA,NA,NA,NA,NA,NA,NA
63.365,9.8676,3.2461,9.9800,12.8304,65110.6520,14.8837,NA,NA,NA,NA,NA,NA,NA,NA,NA,NA
63.477,9.8676,3.2461,9.9800,12.8304,28432.7720,-49.8322,NA,NA,NA,NA,NA,NA,NA,NA,NA,NA
63.569,9.8515,3.0773,9.9650,12.6606,27385.1360,-51.6806,NA,NA,NA,NA,NA,NA,NA,NA,NA,NA
63.666,9.7886,2.4192,9.9475,12.4627,28665.4540,-49.4216,NA,NA,NA,NA,NA,NA,NA,NA,NA,NA
63.770,9.7268,1.7729,9.9270,12.2314,56596.7960,-0.1385,NA,NA,NA,NA,NA,NA,NA,NA,NA,NA
63.861,9.6860,1.3454,9.8845,11.7504,58328.9640,2.9178,NA,NA,NA,NA,NA,NA,NA,NA,NA,NA
63.959,9.6405,0.8700,9.8380,11.2252,58328.9640,2.9178,NA,NA,NA,NA,NA,NA,NA,NA,NA,NA
64.063,9.6124,0.5750,9.8174,10.9922,57008.1520,0.5873,NA,NA,NA,NA,NA,NA,NA,NA,NA,NA
64.156,9.5550,-0.0254,9.8035,10.8346,25705.4820,-54.6443,181685.5520,0.0000,NA,NA,NA,NA,NA,NA,NA,NA
64.265,9.5262,-0.3265,9.7868,10.6464,47612.3200,-15.9911,NA,NA,NA,NA,NA,NA,NA,NA,NA,NA
64.426,9.4709,-0.9052,9.7764,10.5290,47612.3200,-15.9911,NA,NA,NA,NA,NA,NA,NA,NA,NA,NA
64.452,9.4430,-1.1974,9.7641,10.3898,27700.3520,-51.1245,165366.9600,0.0000,NA,NA,NA,NA,NA,NA,NA,NA
64.556,9.4255,-1.3801,9.7587,10.3291,58195.9280,2.6831,NA,NA,NA,NA,NA,NA,NA,NA,NA,NA
64.648,9.3890,-1.7615,9.7416,10.1350,58195.9280,2.6831,NA,NA,NA,NA,NA,NA,NA,NA,NA,NA
64.758,9.3715,-1.9451,9.7119,9.7990,29204.4500,-48.4706,NA,NA,NA,NA,NA,NA,NA,NA,NA,NA
64.858,9.3550,-2.1176,9.6970,9.6305,29204.4500,-48.4706,NA,NA,NA,NA,NA,NA,NA,NA,NA,NA
65.008,9.3331,-2.3468,9.6808,9.4475,26998.2680,-52.3633,NA,NA,NA,NA,NA,NA,NA,NA,NA,NA
65.054,9.3054,-2.6364,9.6646,9.2650,53376.4960,-5.8205,NA,NA,NA,NA,NA,NA,NA,NA,NA,NA
65.146,9.2894,-2.8043,9.6453,9.0469,60857.6320,7.3795,NA,NA,NA,NA,NA,NA,NA,NA,NA,NA
65.256,9.3081,-2.6084,9.6876,9.5251,66521.3440,17.3727,NA,NA,NA,NA,NA,NA,NA,NA,NA,NA
65.346,9.5004,-0.5964,9.8763,11.6578,66521.3440,17.3727,NA,NA,NA,NA,NA,NA,NA,NA,NA,NA
65.440,9.6660,1.1365,10.0088,13.1564,24245.4240,-57.2205,NA,NA,NA,NA,NA,NA,NA,NA,NA,NA
65.539,9.7651,2.1735,10.0548,13.6764,26243.2940,-53.6954,NA,NA,NA,NA,NA,NA,NA,NA,NA,NA
65.637,9.8044,2.5848,10.0684,13.8295,26243.2940,-53.6954,NA,NA,NA,NA,NA,NA,NA,NA,NA,NA
65.736,9.8121,2.6647,10.0684,13.8295,22463.2460,-60.3650,NA,NA,NA,NA,NA,NA,NA,NA,NA,NA
65.832,9.8213,2.7614,10.0652,13.7942,24601.3560,-56.5925,NA,NA,NA,NA,NA,NA,NA,NA,NA,NA
65.931,9.8213,2.7614,10.0623,13.7607,27492.5600,-51.4911,NA,NA,NA,NA,NA,NA,NA,NA,NA,NA
66.036,9.7661,2.1833,10.0506,13.6288,55340.9520,-2.3544,NA,NA,NA,NA,NA,NA,NA,NA,NA,NA
66.131,9.7218,1.7205,10.0488,13.6082,62056.5000,9.4948,NA,NA,NA,NA,NA,NA,NA,NA,NA,NA
66.232,9.6662,1.1387,10.0348,13.4498,65588.8640,15.7274,NA,NA,NA,NA,NA,NA,NA,NA,NA,NA
66.330,9.6378,0.8415,10.0176,13.2551,65588.8640,15.7274,NA,NA,NA,NA,NA,NA,NA,NA,NA,NA
66.419,9.5937,0.3796,10.0104,13.1741,24339.1720,-57.0551,NA,NA,NA,NA,NA,NA,NA,NA,NA,NA
66.517,9.5469,-0.1096,9.9923,12.9699,27463.2600,-51.5428,NA,NA,NA,NA,NA,NA,NA,NA,NA,NA
66.621,9.5298,-0.2889,9.9745,12.7679,27463.2600,-51.5428,NA,NA,NA,NA,NA,NA,NA,NA,NA,NA
66.713,9.5086,-0.5105,9.9593,12.5963,23053.3160,-59.3239,NA,NA,NA,NA,NA,NA,NA,NA,NA,NA
66.811,9.5068,-0.5289,9.9515,12.5080,25324.8420,-55.3159,NA,NA,NA,NA,NA,NA,NA,NA,NA,NA
66.912,9.4827,-0.7821,9.9348,12.3195,49577.4400,-12.5237,NA,NA,NA,NA,NA,NA,NA,NA,NA,NA
67.007,9.4627,-0.9913,9.9209,12.1620,56845.1040,0.2996,NA,NA,NA,NA,NA,NA,NA,NA,NA,NA
67.109,9.4514,-1.1094,9.9152,12.0982,63067.8480,11.2793,NA,NA,NA,NA,NA,NA,NA,NA,NA,NA
67.202,9.4389,-1.2397,9.8947,11.8661,64316.3000,13.4821,NA,NA,NA,NA,NA,NA,NA,NA,NA,NA
67.300,9.4315,-1.3171,9.8919,11.8340,64316.3000,13.4821,NA,NA,NA,NA,NA,NA,NA,NA,NA,NA
67.423,9.4186,-1.4520,9.8709,11.5973,25034.8820,-55.8275,193090.8320,0.0000,NA,NA,NA,NA,NA,NA,NA,NA
67.505,9.3951,-1.6980,9.8488,11.3475,34057.9240,-39.9069,NA,NA,NA,NA,NA,NA,NA,NA,NA,NA
67.608,9.3856,-1.7980,9.8237,11.0638,34057.9240,-39.9069,NA,NA,NA,NA,NA,NA,NA,NA,NA,NA
67.701,9.3728,-1.9316,9.8067,10.8707,22003.9280,-61.1755,NA,NA,NA,NA,NA,NA,NA,NA,NA,NA
67.801,9.3706,-1.9540,9.7963,10.7539,22707.6760,-59.9337,NA,NA,NA,NA,NA,NA,NA,NA,NA,NA
67.900,9.4426,-1.2014,9.8665,11.5476,37780.9120,-33.3380,NA,NA,NA,NA,NA,NA,NA,NA,NA,NA
67.998,9.5661,0.0907,10.0448,13.5626,44075.6880,-22.2312,NA,NA,NA,NA,NA,NA,NA,NA,NA,NA
68.092,9.6553,1.0240,10.1261,14.4827,52881.5040,-6.6939,NA,NA,NA,NA,NA,NA,NA,NA,NA,NA
68.195,9.6917,1.4056,10.1539,14.7961,60947.6360,7.5383,NA,NA,NA,NA,NA,NA,NA,NA,NA,NA
68.291,9.7145,1.6442,10.1647,14.9186,60947.6360,7.5383,NA,NA,NA,NA,NA,NA,NA,NA,NA,NA
68.389,9.7145,1.6442,10.1679,14.9551,32039.4160,-43.4685,NA,NA,NA,NA,NA,NA,NA,NA,NA,NA
68.485,9.7091,1.5874,10.1679,14.9551,33888.9160,-40.2051,NA,NA,NA,NA,NA,NA,NA,NA,NA,NA
68.611,9.7091,1.5874,10.1661,14.9344,33888.9160,-40.2051,NA,NA,NA,NA,NA,NA,NA,NA,NA,NA
68.684,9.6885,1.3716,10.1534,14.7910,21988.6880,-61.2023,NA,NA,NA,NA,NA,NA,NA,NA,NA,NA
68.778,9.6709,1.1875,10.1461,14.7082,23343.8160,-58.8113,NA,NA,NA,NA,NA,NA,NA,NA,NA,NA
68.878,9.6440,0.9065,10.1226,14.4423,39602.0560,-30.1247,NA,NA,NA,NA,NA,NA,NA,NA,NA,NA
68.980,9.6136,0.5882,10.1120,14.3227,46616.1400,-17.7487,NA,NA,NA,NA,NA,NA,NA,NA,NA,NA
69.076,9.5677,0.1083,10.1027,14.2179,55048.1800,-2.8709,NA,NA,NA,NA,NA,NA,NA,NA,NA,NA
69.198,9.5546,-0.0289,10.0996,14.1828,55048.1800,-2.8709,NA,NA,NA,NA,NA,NA,NA,NA,NA,NA
69.274,9.5254,-0.3345,10.0969,14.1525,28983.4560,-48.8605,NA,NA,NA,NA,NA,NA,NA,NA,NA,NA
69.371,9.5246,-0.3428,10.0946,14.1262,32258.7420,-43.0815,NA,NA,NA,NA,NA,NA,NA,NA,NA,NA
69.470,9.5064,-0.5333,10.0923,14.0999,33573.5760,-40.7615,NA,NA,NA,NA,NA,NA,NA,NA,NA,NA
69.564,9.5058,-0.5401,10.0827,13.9911,33573.5760,-40.7615,NA,NA,NA,NA,NA,NA,NA,NA,NA,NA
69.665,9.5006,-0.5943,10.0734,13.8860,22159.2540,-60.9014,NA,NA,NA,NA,NA,NA,NA,NA,NA,NA
69.784,9.4998,-0.6031,10.0646,13.7864,24041.7040,-57.5799,NA,NA,NA,NA,NA,NA,NA,NA,NA,NA
69.874,9.4538,-1.0840,10.0552,13.6805,41771.9680,-26.2960,NA,NA,NA,NA,NA,NA,NA,NA,NA,NA
69.964,9.4512,-1.1107,10.0543,13.6709,41771.9680,-26.2960,NA,NA,NA,NA,NA,NA,NA,NA,NA,NA
70.061,9.4497,-1.1269,10.0421,13.5329,26112.0860,-53.9269,NA,NA,NA,NA,NA,NA,NA,NA,NA,NA
70.160,9.4485,-1.1390,10.0353,13.4556,26112.0860,-53.9269,NA,NA,NA,NA,NA,NA,NA,NA,NA,NA
70.256,9.4485,-1.1390,10.0269,13.3604,21986.6100,-61.2060,NA,NA,NA,NA,NA,NA,NA,NA,NA,NA
70.416,9.4448,-1.1785,10.0189,13.2708,24219.0480,-57.2670,NA,NA,NA,NA,NA,NA,NA,NA,NA,NA
70.458,9.4432,-1.1944,10.0087,13.1544,26814.5520,-52.6874,NA,NA,NA,NA,NA,NA,NA,NA,NA,NA
70.555,9.4331,-1.3008,9.9963,13.0142,52866.8200,-6.7198,NA,NA,NA,NA,NA,NA,NA,NA,NA,NA
70.652,9.4266,-1.3681,9.9839,12.8744,60557.8320,6.8505,NA,NA,NA,NA,NA,NA,NA,NA,NA,NA
70.748,9.4174,-1.4643,9.9745,12.7688,67888.7040,19.7854,NA,NA,NA,NA,NA,NA,NA,NA,NA,NA
70.848,9.3974,-1.6745,9.9602,12.6063,67888.7040,19.7854,NA,NA,NA,NA,NA,NA,NA,NA,NA,NA
71.004,9.3863,-1.7899,9.9531,12.5262,26119.9960,-53.9129,NA,NA,NA,NA,NA,NA,NA,NA,NA,NA
71.046,9.3686,-1.9749,9.9405,12.3844,26409.0180,-53.4029,NA,NA,NA,NA,NA,NA,NA,NA,NA,NA
71.139,9.3694,-1.9671,9.9353,12.3251,26409.0180,-53.4029,NA,NA,NA,NA,NA,NA,NA,NA,NA,NA
71.239,9.3696,-1.9653,9.9224,12.1797,22571.0560,-60.1748,NA,NA,NA,NA,NA,NA,NA,NA,NA,NA
71.351,9.3696,-1.9653,9.9100,12.0393,24826.7860,-56.1947,NA,NA,NA,NA,NA,NA,NA,NA,NA,NA
71.440,9.3581,-2.0858,9.9008,11.9353,47708.1960,-15.8219,NA,NA,NA,NA,NA,NA,NA,NA,NA,NA
71.534,9.3344,-2.3328,9.8930,11.8469,54867.5440,-3.1897,NA,NA,NA,NA,NA,NA,NA,NA,NA,NA
71.656,9.3252,-2.4296,9.8842,11.7474,62979.2920,11.1230,NA,NA,NA,NA,NA,NA,NA,NA,NA,NA
71.736,9.3546,-2.1214,9.8939,11.8565,69712.6000,23.0035,NA,NA,NA,NA,NA,NA,NA,NA,NA,NA
71.825,9.4429,-1.1982,9.9201,12.1532,69712.6000,23.0035,NA,NA,NA,NA,NA,NA,NA,NA,NA,NA
71.937,9.6062,0.5110,10.0348,13.4498,25929.3720,-54.2493,NA,NA,NA,NA,NA,NA,NA,NA,NA,NA
72.022,9.7681,2.2051,10.3605,17.1322,27184.7220,-52.0343,NA,NA,NA,NA,NA,NA,NA,NA,NA,NA
72.191,9.9298,3.8966,10.6561,20.4746,27184.7220,-52.0343,NA,NA,NA,NA,NA,NA,NA,NA,NA,NA
72.214,10.0452,5.1040,10.8853,23.0661,23267.8780,-58.9453,NA,NA,NA,NA,NA,NA,NA,NA,NA,NA
72.321,10.1613,6.3186,11.0840,25.3121,25515.9000,-54.9788,NA,NA,NA,NA,NA,NA,NA,NA,NA,NA
72.412,10.2423,7.1658,11.2063,26.6944,49715.9880,-12.2793,NA,NA,NA,NA,NA,NA,NA,NA,NA,NA
72.529,10.2969,7.7370,11.3875,28.7434,57301.9920,1.1058,NA,NA,NA,NA,NA,NA,NA,NA,NA,NA
72.621,10.4779,9.6315,11.5378,30.4425,57301.9920,1.1058,NA,NA,NA,NA,NA,NA,NA,NA,NA,NA
72.758,10.6004,10.9131,11.6175,31.3431,33703.5680,-40.5322,185463.6800,0.0000,NA,NA,NA,NA,NA,NA,NA,NA
72.818,10.6669,11.6085,11.6757,32.0014,33703.5680,-40.5322,185463.6800,0.0000,NA,NA,NA,NA,NA,NA,NA,NA
72.912,10.7016,11.9714,11.7269,32.5803,57788.9680,1.9650,NA,NA,NA,NA,NA,NA,NA,NA,NA,NA
73.016,10.7737,12.7259,11.7769,33.1453,66270.8000,16.9307,NA,NA,NA,NA,NA,NA,NA,NA,NA,NA
73.112,10.8024,13.0263,11.8151,33.5773,66270.8000,16.9307,NA,NA,NA,NA,NA,NA,NA,NA,NA,NA
73.212,10.8343,13.3606,11.8295,33.7401,29233.2040,-48.4198,NA,NA,NA,NA,NA,NA,NA,NA,NA,NA
73.353,10.8418,13.4384,11.8295,33.7401,28136.8980,-50.3542,NA,NA,NA,NA,NA,NA,NA,NA,NA,NA
73.409,10.8418,13.4384,11.8275,33.7172,27844.9760,-50.8693,NA,NA,NA,NA,NA,NA,NA,NA,NA,NA
73.520,10.8416,13.4362,11.8146,33.5715,21952.7580,-61.2657,NA,NA,NA,NA,NA,NA,NA,NA,NA,NA
73.608,10.8337,13.3540,11.8040,33.4524,60023.8000,5.9082,NA,NA,NA,NA,NA,NA,NA,NA,NA,NA
73.714,10.8067,13.0716,11.7763,33.1386,60023.8000,5.9082,NA,NA,NA,NA,NA,NA,NA,NA,NA,NA
73.803,10.7732,12.7209,11.7744,33.1177,58197.5800,2.6860,NA,NA,NA,NA,NA,NA,NA,NA,NA,NA
73.902,10.7468,12.4444,11.7699,33.0669,26529.4440,-53.1905,186275.2800,0.0000,NA,NA,NA,NA,NA,NA,NA,NA
74.051,10.7266,12.2336,11.7699,33.0669,48924.3040,-13.6761,NA,NA,NA,NA,NA,NA,NA,NA,NA,NA
74.095,10.7229,12.1945,11.7640,33.0001,48924.3040,-13.6761,NA,NA,NA,NA,NA,NA,NA,NA,NA,NA
74.202,10.7083,12.0418,11.7637,32.9965,28664.1560,-49.4239,166982.8160,0.0000,NA,NA,NA,NA,NA,NA,NA,NA
74.301,10.6798,11.7435,11.7553,32.9010,59205.3120,4.4641,NA,NA,NA,NA,NA,NA,NA,NA,NA,NA
74.396,10.6569,11.5047,11.7467,32.8040,59205.3120,4.4641,NA,NA,NA,NA,NA,NA,NA,NA,NA,NA
74.502,10.6307,11.2298,11.7392,32.7189,30932.6180,-45.4213,NA,NA,NA,NA,NA,NA,NA,NA,NA,NA
74.629,10.5792,10.6908,11.7357,32.6804,30932.6180,-45.4213,NA,NA,NA,NA,NA,NA,NA,NA,NA,NA
74.697,10.5573,10.4621,11.7199,32.5011,27731.2580,-51.0699,NA,NA,NA,NA,NA,NA,NA,NA,NA,NA
74.793,10.5197,10.0687,11.7199,32.5011,54862.9040,-3.1979,NA,NA,NA,NA,NA,NA,NA,NA,NA,NA
74.902,10.4780,9.6319,11.7134,32.4273,61614.3120,8.7146,NA,NA,NA,NA,NA,NA,NA,NA,NA,NA
74.994,10.4282,9.1109,11.7028,32.3078,66904.7080,18.0492,NA,NA,NA,NA,NA,NA,NA,NA,NA,NA
75.091,10.4111,8.9319,11.6859,32.1172,66904.7080,18.0492,NA,NA,NA,NA,NA,NA,NA,NA,NA,NA
75.238,10.4064,8.8835,11.6794,32.0433,24956.2520,-55.9663,NA,NA,NA,NA,NA,NA,NA,NA,NA,NA
75.286,10.3894,8.7050,11.6589,31.8116,27408.4460,-51.6395,NA,NA,NA,NA,NA,NA,NA,NA,NA,NA
75.392,10.3615,8.4139,11.6337,31.5269,27408.4460,-51.6395,NA,NA,NA,NA,NA,NA,NA,NA,NA,NA
75.482,10.3479,8.2711,11.6048,31.1996,23027.2040,-59.3699,NA,NA,NA,NA,NA,NA,NA,NA,NA,NA
75.581,10.3472,8.2637,11.5957,31.0974,25236.5440,-55.4717,NA,NA,NA,NA,NA,NA,NA,NA,NA,NA
75.679,10.3317,8.1018,11.5616,30.7116,48773.8560,-13.9416,NA,NA,NA,NA,NA,NA,NA,NA,NA,NA
75.791,10.3005,7.7747,11.5532,30.6165,55579.9600,-1.9327,NA,NA,NA,NA,NA,NA,NA,NA,NA,NA
75.868,10.2715,7.4722,11.5306,30.3608,62227.3440,9.7962,NA,NA,NA,NA,NA,NA,NA,NA,NA,NA
75.972,10.2543,7.2923,11.4923,29.9278,65533.7600,15.6302,NA,NA,NA,NA,NA,NA,NA,NA,NA,NA
76.076,10.2336,7.0750,11.4721,29.7002,65533.7600,15.6302,NA,NA,NA,NA,NA,NA,NA,NA,NA,NA
76.168,10.2264,6.9996,11.4542,29.4971,25127.1240,-55.6648,NA,NA,NA,NA,NA,NA,NA,NA,NA,NA
76.267,10.2066,6.7924,11.4461,29.4061,28440.7760,-49.8180,NA,NA,NA,NA,NA,NA,NA,NA,NA,NA
76.367,10.1946,6.6668,11.4158,29.0629,28440.7760,-49.8180,NA,NA,NA,NA,NA,NA,NA,NA,NA,NA
76.459,10.1714,6.4245,11.3952,28.8297,23639.0040,-58.2905,NA,NA,NA,NA,NA,NA,NA,NA,NA,NA
76.563,10.1545,6.2480,11.3630,28.4658,25906.9840,-54.2888,NA,NA,NA,NA,NA,NA,NA,NA,NA,NA
76.656,10.1437,6.1349,11.3481,28.2976,50582.1760,-10.7509,NA,NA,NA,NA,NA,NA,NA,NA,NA,NA
76.761,10.1069,5.7491,11.3395,28.2009,57372.3040,1.2298,NA,NA,NA,NA,NA,NA,NA,NA,NA,NA
76.853,10.0812,5.4809,11.3288,28.0797,63544.9720,12.1211,NA,NA,NA,NA,NA,NA,NA,NA,NA,NA
76.951,10.0655,5.3160,11.3103,27.8707,63544.9720,12.1211,NA,NA,NA,NA,NA,NA,NA,NA,NA,NA
77.059,10.0402,5.0521,11.3042,27.8019,23889.7600,-57.8480,NA,NA,NA,NA,NA,NA,NA,NA,NA,NA
77.158,10.0263,4.9066,11.3014,27.7693,25490.9040,-55.0229,NA,NA,NA,NA,NA,NA,NA,NA,NA,NA
77.246,10.0068,4.7017,11.2978,27.7296,29712.8140,-47.5736,NA,NA,NA,NA,NA,NA,NA,NA,NA,NA
77.347,10.0054,4.6870,11.2937,27.6825,29712.8140,-47.5736,NA,NA,NA,NA,NA,NA,NA,NA,NA,NA
77.442,9.9898,4.5241,11.2644,27.3520,24187.5440,-57.3226,NA,NA,NA,NA,NA,NA,NA,NA,NA,NA
77.541,9.9820,4.4432,11.2546,27.2403,26558.9120,-53.1385,NA,NA,NA,NA,NA,NA,NA,NA,NA,NA
77.640,9.9531,4.1406,11.2360,27.0309,52339.5480,-7.6502,NA,NA,NA,NA,NA,NA,NA,NA,NA,NA
77.742,9.9424,4.0279,11.1994,26.6170,58284.1760,2.8388,NA,NA,NA,NA,NA,NA,NA,NA,NA,NA
77.836,9.9281,3.8792,11.1907,26.5185,62922.4960,11.0228,NA,NA,NA,NA,NA,NA,NA,NA,NA,NA
77.936,9.9124,3.7149,11.1741,26.3305,62922.4960,11.0228,NA,NA,NA,NA,NA,NA,NA,NA,NA,NA
78.036,9.8986,3.5701,11.1709,26.2945,24156.0760,-57.3781,NA,NA,NA,NA,NA,NA,NA,NA,NA,NA
78.132,9.8986,3.5701,11.1600,26.1707,25237.1440,-55.4706,NA,NA,NA,NA,NA,NA,NA,NA,NA,NA
78.233,9.8966,3.5489,11.1429,25.9778,26045.0120,-54.0452,NA,NA,NA,NA,NA,NA,NA,NA,NA,NA
78.328,9.8761,3.3348,11.1360,25.8995,45755.0960,-19.2680,NA,NA,NA,NA,NA,NA,NA,NA,NA,NA
78.438,9.8668,3.2369,11.1155,25.6681,46216.4920,-18.4539,NA,NA,NA,NA,NA,NA,NA,NA,NA,NA
78.532,9.8635,3.2032,11.1035,25.5319,48296.8520,-14.7832,NA,NA,NA,NA,NA,NA,NA,NA,NA,NA
78.628,9.8606,3.1728,11.0911,25.3927,48296.8520,-14.7832,NA,NA,NA,NA,NA,NA,NA,NA,NA,NA
78.765,9.8587,3.1523,11.0729,25.1861,28170.8460,-50.2943,166093.7280,0.0000,NA,NA,NA,NA,NA,NA,NA,NA
78.822,9.8411,2.9685,11.0597,25.0372,57422.8800,1.3191,NA,NA,NA,NA,NA,NA,NA,NA,NA,NA
78.925,9.8315,2.8675,11.0396,24.8096,57422.8800,1.3191,NA,NA,NA,NA,NA,NA,NA,NA,NA,NA
79.016,9.8264,2.8142,11.0313,24.7165,29364.0420,-48.1890,187943.8560,0.0000,NA,NA,NA,NA,NA,NA,NA,NA
79.112,9.8234,2.7837,11.0057,24.4270,62240.4240,9.8193,NA,NA,NA,NA,NA,NA,NA,NA,NA,NA
79.227,9.8031,2.5711,10.9969,24.3276,NA,NA,NA,NA,NA,NA,NA,NA,NA,NA,NA,NA
79.320,9.7959,2.4950,10.9830,24.1696,NA,NA,NA,NA,NA,NA,NA,NA,NA,NA,NA,NA
79.418,9.7829,2.3595,10.9537,23.8391,33997.7480,-40.0131,NA,NA,NA,NA,NA,NA,NA,NA,NA,NA
79.527,9.7840,2.3715,10.9433,23.7217,34974.9080,-38.2890,NA,NA,NA,NA,NA,NA,NA,NA,NA,NA
79.616,9.7840,2.3715,10.9310,23.5825,34974.9080,-38.2890,NA,NA,NA,NA,NA,NA,NA,NA,NA,NA
79.712,9.7746,2.2729,10.9337,23.6122,23520.6640,-58.4993,NA,NA,NA,NA,NA,NA,NA,NA,NA,NA
79.817,9.7708,2.2334,10.9337,23.6122,23774.7440,-58.0510,NA,NA,NA,NA,NA,NA,NA,NA,NA,NA
79.911,9.7708,2.2334,10.9254,23.5185,39449.5680,-30.3937,NA,NA,NA,NA,NA,NA,NA,NA,NA,NA
80.061,9.7235,1.7378,10.9186,23.4416,42603.3080,-24.8291,NA,NA,NA,NA,NA,NA,NA,NA,NA,NA
80.101,9.7090,1.5864,10.9186,23.4416,48697.0240,-14.0772,NA,NA,NA,NA,NA,NA,NA,NA,NA,NA
80.204,9.7014,1.5069,10.9021,23.2560,48697.0240,-14.0772,NA,NA,NA,NA,NA,NA,NA,NA,NA,NA
80.300,9.6939,1.4286,10.8947,23.1720,27197.8360,-52.0111,NA,NA,NA,NA,NA,NA,NA,NA,NA,NA
80.397,9.6939,1.4286,10.8881,23.0970,30996.2000,-45.3092,189234.6880,0.0000,NA,NA,NA,NA,NA,NA,NA,NA
80.512,9.6918,1.4067,10.8848,23.0600,30996.2000,-45.3092,NA,NA,NA,NA,NA,NA,NA,NA,NA,NA
80.642,9.6964,1.4543,10.8824,23.0329,30671.0380,-45.8829,NA,NA,NA,NA,NA,NA,NA,NA,NA,NA
80.704,9.6964,1.4543,10.8820,23.0283,23898.3540,-57.8329,NA,NA,NA,NA,NA,NA,NA,NA,NA,NA
80.798,9.6928,1.4165,10.8648,22.8341,26274.0440,-53.6411,NA,NA,NA,NA,NA,NA,NA,NA,NA,NA
80.895,9.6892,1.3790,10.8576,22.7525,51702.7160,-8.7738,NA,NA,NA,NA,NA,NA,NA,NA,NA,NA
80.997,9.6679,1.1566,10.8500,22.6668,57296.0480,1.0953,NA,NA,NA,NA,NA,NA,NA,NA,NA,NA
81.099,9.6598,1.0711,10.8450,22.6096,60869.7920,7.4009,NA,NA,NA,NA,NA,NA,NA,NA,NA,NA
81.205,9.6377,0.8404,10.8375,22.5255,60869.7920,7.4009,NA,NA,NA,NA,NA,NA,NA,NA,NA,NA
81.317,9.6201,0.6559,10.8375,22.5255,23387.9680,-58.7334,NA,NA,NA,NA,NA,NA,NA,NA,NA,NA
81.396,9.6128,0.5798,10.8175,22.2995,26495.3680,-53.2506,190295.4560,0.0000,NA,NA,NA,NA,NA,NA,NA,NA
81.492,9.6098,0.5485,10.8156,22.2775,49617.5480,-12.4530,NA,NA,NA,NA,NA,NA,NA,NA,NA,NA
81.621,9.6098,0.5485,10.7843,21.9242,49617.5480,-12.4530,NA,NA,NA,NA,NA,NA,NA,NA,NA,NA
81.692,9.6069,0.5176,10.7726,21.7918,27540.8520,-51.4059,NA,NA,NA,NA,NA,NA,NA,NA,NA,NA
81.798,9.6183,0.6376,10.7722,21.7874,24019.9320,-57.6183,NA,NA,NA,NA,NA,NA,NA,NA,NA,NA
81.895,9.6183,0.6376,10.7667,21.7251,41281.6200,-27.1612,NA,NA,NA,NA,NA,NA,NA,NA,NA,NA
81.983,9.6006,0.4516,10.7602,21.6516,48683.8520,-14.1004,NA,NA,NA,NA,NA,NA,NA,NA,NA,NA
82.085,9.5905,0.3462,10.7451,21.4803,56317.5120,-0.6313,NA,NA,NA,NA,NA,NA,NA,NA,NA,NA
82.180,9.5836,0.2745,10.7283,21.2901,56317.5120,-0.6313,NA,NA,NA,NA,NA,NA,NA,NA,NA,NA
82.277,9.5836,0.2745,10.7142,21.1306,28808.1020,-49.1699,NA,NA,NA,NA,NA,NA,NA,NA,NA,NA
82.380,9.5726,0.1594,10.7082,21.0638,31458.4920,-44.4935,NA,NA,NA,NA,NA,NA,NA,NA,NA,NA
82.485,9.5696,0.1277,10.7082,21.0638,32456.1480,-42.7332,NA,NA,NA,NA,NA,NA,NA,NA,NA,NA
82.585,9.5692,0.1238,10.7005,20.9758,32456.1480,-42.7332,NA,NA,NA,NA,NA,NA,NA,NA,NA,NA
82.670,9.5697,0.1290,10.6927,20.8879,22374.8780,-60.5209,NA,NA,NA,NA,NA,NA,NA,NA,NA,NA
82.769,9.5697,0.1290,10.6873,20.8275,24481.8560,-56.8033,NA,NA,NA,NA,NA,NA,NA,NA,NA,NA
82.865,9.5612,0.0395,10.6792,20.7355,43242.8000,-23.7008,NA,NA,NA,NA,NA,NA,NA,NA,NA,NA
83.022,9.5547,-0.0281,10.6632,20.5545,50926.3920,-10.1436,NA,NA,NA,NA,NA,NA,NA,NA,NA,NA
83.058,9.5481,-0.0974,10.6438,20.3352,58218.4280,2.7228,NA,NA,NA,NA,NA,NA,NA,NA,NA,NA
83.171,9.5439,-0.1412,10.6438,20.3352,58218.4280,2.7228,NA,NA,NA,NA,NA,NA,NA,NA,NA,NA
83.261,9.5367,-0.2170,10.6402,20.2947,29677.6000,-47.6357,NA,NA,NA,NA,NA,NA,NA,NA,NA,NA
83.363,9.5258,-0.3310,10.6400,20.2921,31594.5120,-44.2535,NA,NA,NA,NA,NA,NA,NA,NA,NA,NA
83.456,9.5186,-0.4056,10.6400,20.2921,31594.5120,-44.2535,NA,NA,NA,NA,NA,NA,NA,NA,NA,NA
83.566,9.5186,-0.4056,10.6408,20.3009,21185.5320,-62.6195,NA,NA,NA,NA,NA,NA,NA,NA,NA,NA
83.661,9.5139,-0.4549,10.6408,20.3009,22555.6360,-60.2020,NA,NA,NA,NA,NA,NA,NA,NA,NA,NA
83.752,9.5139,-0.4549,10.6382,20.2716,25105.9600,-55.7021,NA,NA,NA,NA,NA,NA,NA,NA,NA,NA
83.854,9.5045,-0.5535,10.6380,20.2700,45400.9040,-19.8930,NA,NA,NA,NA,NA,NA,NA,NA,NA,NA
83.945,9.4939,-0.6648,10.6198,20.0638,52857.1080,-6.7370,NA,NA,NA,NA,NA,NA,NA,NA,NA,NA
84.040,9.4894,-0.7113,10.6142,20.0004,60317.9400,6.4272,NA,NA,NA,NA,NA,NA,NA,NA,NA,NA
84.139,9.4763,-0.8490,10.6076,19.9264,60317.9400,6.4272,NA,NA,NA,NA,NA,NA,NA,NA,NA,NA
84.247,9.4725,-0.8881,10.6022,19.8652,30466.2880,-46.2441,NA,NA,NA,NA,NA,NA,NA,NA,NA,NA
84.344,9.4708,-0.9060,10.5909,19.7374,31633.2220,-44.1852,NA,NA,NA,NA,NA,NA,NA,NA,NA,NA
84.440,9.4612,-1.0069,10.5839,19.6579,31633.2220,-44.1852,NA,NA,NA,NA,NA,NA,NA,NA,NA,NA
84.555,9.4612,-1.0069,10.5827,19.6450,21435.1940,-62.1789,NA,NA,NA,NA,NA,NA,NA,NA,NA,NA
84.636,9.4579,-1.0407,10.5773,19.5838,63039.2400,11.2288,NA,NA,NA,NA,NA,NA,NA,NA,NA,NA
84.742,9.4539,-1.0825,10.5677,19.4752,67760.0960,19.5584,NA,NA,NA,NA,NA,NA,NA,NA,NA,NA
84.844,9.4492,-1.1317,10.5587,19.3732,67760.0960,19.5584,NA,NA,NA,NA,NA,NA,NA,NA,NA,NA
84.935,9.4402,-1.2264,10.5479,19.2514,25842.2280,-54.4030,NA,NA,NA,NA,NA,NA,NA,NA,NA,NA
85.031,9.4396,-1.2326,10.5433,19.1990,28063.6600,-50.4834,NA,NA,NA,NA,NA,NA,NA,NA,NA,NA
85.128,9.4396,-1.2329,10.5162,18.8922,28063.6600,-50.4834,NA,NA,NA,NA,NA,NA,NA,NA,NA,NA
85.232,9.4396,-1.2329,10.5016,18.7277,23512.1820,-58.5142,NA,NA,NA,NA,NA,NA,NA,NA,NA,NA
85.325,9.4315,-1.3172,10.4890,18.5854,25710.5960,-54.6353,NA,NA,NA,NA,NA,NA,NA,NA,NA,NA
85.429,9.4276,-1.3579,10.4847,18.5361,49946.8400,-11.8719,NA,NA,NA,NA,NA,NA,NA,NA,NA,NA
85.533,9.4080,-1.5630,10.4691,18.3600,56826.4040,0.2666,NA,NA,NA,NA,NA,NA,NA,NA,NA,NA
85.621,9.3992,-1.6550,10.4575,18.2295,63418.7800,11.8985,NA,NA,NA,NA,NA,NA,NA,NA,NA,NA
85.719,9.3916,-1.7347,10.4537,18.1856,63418.7800,11.8985,NA,NA,NA,NA,NA,NA,NA,NA,NA,NA
85.813,9.3916,-1.7347,10.4498,18.1416,24872.2320,-56.1145,NA,NA,NA,NA,NA,NA,NA,NA,NA,NA
85.911,9.3732,-1.9273,10.4521,18.1677,25531.0940,-54.9520,NA,NA,NA,NA,NA,NA,NA,NA,NA,NA
86.012,9.3732,-1.9273,10.4521,18.1677,29234.0100,-48.4184,NA,NA,NA,NA,NA,NA,NA,NA,NA,NA
86.107,9.3735,-1.9246,10.4418,18.0514,29234.0100,-48.4184,NA,NA,NA,NA,NA,NA,NA,NA,NA,NA
86.207,9.3735,-1.9246,10.4346,17.9705,24111.4560,-57.4569,NA,NA,NA,NA,NA,NA,NA,NA,NA,NA
86.304,9.3683,-1.9780,10.4256,17.8681,26393.3100,-53.4307,NA,NA,NA,NA,NA,NA,NA,NA,NA,NA
86.401,9.3452,-2.2202,10.4185,17.7875,51774.9040,-8.6464,NA,NA,NA,NA,NA,NA,NA,NA,NA,NA
86.504,9.3435,-2.2379,10.4110,17.7031,58574.8800,3.3517,NA,NA,NA,NA,NA,NA,NA,NA,NA,NA
86.597,9.3341,-2.3366,10.4062,17.6493,64348.2520,13.5384,NA,NA,NA,NA,NA,NA,NA,NA,NA,NA
86.698,9.3275,-2.4052,10.3951,17.5229,64348.2520,13.5384,NA,NA,NA,NA,NA,NA,NA,NA,NA,NA
86.790,9.3243,-2.4393,10.3877,17.4398,24788.7320,-56.2618,NA,NA,NA,NA,NA,NA,NA,NA,NA,NA
86.901,9.3241,-2.4406,10.3834,17.3913,26333.9220,-53.5354,NA,NA,NA,NA,NA,NA,NA,NA,NA,NA
86.989,9.3212,-2.4714,10.3805,17.3586,26333.9220,-53.5354,NA,NA,NA,NA,NA,NA,NA,NA,NA,NA
87.088,9.3194,-2.4903,10.3740,17.2853,22300.5180,-60.6521,NA,NA,NA,NA,NA,NA,NA,NA,NA,NA
87.187,9.3194,-2.4903,10.3616,17.1448,24453.6100,-56.8531,NA,NA,NA,NA,NA,NA,NA,NA,NA,NA
87.282,9.3181,-2.5038,10.3547,17.0667,27076.6060,-52.2250,NA,NA,NA,NA,NA,NA,NA,NA,NA,NA
87.384,9.3122,-2.5658,10.3487,16.9988,53524.6880,-5.5590,NA,NA,NA,NA,NA,NA,NA,NA,NA,NA
87.479,9.2959,-2.7357,10.3410,16.9123,59922.2600,5.7291,NA,NA,NA,NA,NA,NA,NA,NA,NA,NA
87.579,9.2896,-2.8017,10.3348,16.8420,64811.9200,14.3566,NA,NA,NA,NA,NA,NA,NA,NA,NA,NA
87.676,9.2848,-2.8526,10.3314,16.8032,64811.9200,14.3566,NA,NA,NA,NA,NA,NA,NA,NA,NA,NA
87.821,9.2845,-2.8554,10.3256,16.7373,24817.7840,-56.2106,NA,NA,NA,NA,NA,NA,NA,NA,NA,NA
87.872,9.2811,-2.8909,10.3215,16.6918,27364.9360,-51.7163,NA,NA,NA,NA,NA,NA,NA,NA,NA,NA
87.974,9.2794,-2.9088,10.3140,16.6070,27364.9360,-51.7163,NA,NA,NA,NA,NA,NA,NA,NA,NA,NA
88.080,9.2760,-2.9438,10.3125,16.5891,47436.3520,-16.3015,NA,NA,NA,NA,NA,NA,NA,NA,NA,NA
88.178,9.2739,-2.9667,10.3052,16.5071,47499.4680,-16.1902,NA,NA,NA,NA,NA,NA,NA,NA,NA,NA
88.277,9.2702,-3.0049,10.2838,16.2647,49123.7200,-13.3243,NA,NA,NA,NA,NA,NA,NA,NA,NA,NA
88.407,9.2603,-3.1087,10.2754,16.1707,49123.7200,-13.3243,NA,NA,NA,NA,NA,NA,NA,NA,NA,NA
88.482,9.2595,-3.1174,10.2755,16.1717,28895.0400,-49.0165,173271.4240,0.0000,NA,NA,NA,NA,NA,NA,NA,NA
88.574,9.2572,-3.1408,10.2760,16.1770,58360.0800,2.9727,NA,NA,NA,NA,NA,NA,NA,NA,NA,NA
88.665,9.2465,-3.2534,10.2760,16.1770,58360.0800,2.9727,NA,NA,NA,NA,NA,NA,NA,NA,NA,NA
88.762,9.2465,-3.2534,10.2703,16.1123,30288.2280,-46.5583,190889.3440,0.0000,NA,NA,NA,NA,NA,NA,NA,NA
88.861,9.2422,-3.2978,10.2703,16.1123,64090.0560,13.0829,NA,NA,NA,NA,NA,NA,NA,NA,NA,NA
88.964,9.2358,-3.3652,10.2560,15.9513,64090.0560,13.0829,NA,NA,NA,NA,NA,NA,NA,NA,NA,NA
89.074,9.2358,-3.3652,10.2496,15.8786,27316.0520,-51.8025,NA,NA,NA,NA,NA,NA,NA,NA,NA,NA
89.165,9.2291,-3.4352,10.2410,15.7816,25834.6140,-54.4164,NA,NA,NA,NA,NA,NA,NA,NA,NA,NA
89.259,9.2282,-3.4444,10.2385,15.7529,27913.3820,-50.7486,NA,NA,NA,NA,NA,NA,NA,NA,NA,NA
89.360,9.2210,-3.5199,10.2384,15.7519,54617.9560,-3.6300,NA,NA,NA,NA,NA,NA,NA,NA,NA,NA
89.461,9.2148,-3.5849,10.2256,15.6074,55292.0880,-2.4406,NA,NA,NA,NA,NA,NA,NA,NA,NA,NA
89.582,9.2110,-3.6241,10.2209,15.5543,55292.0880,-2.4406,NA,NA,NA,NA,NA,NA,NA,NA,NA,NA
89.652,9.2110,-3.6241,10.2145,15.4817,54511.4360,-3.8180,NA,NA,NA,NA,NA,NA,NA,NA,NA,NA
89.754,9.2055,-3.6819,10.1913,15.2189,26460.6420,-53.3119,181347.6320,0.0000,NA,NA,NA,NA,NA,NA,NA,NA
89.862,9.2027,-3.7115,10.1788,15.0782,49811.3760,-12.1110,NA,NA,NA,NA,NA,NA,NA,NA,NA,NA
89.949,9.2020,-3.7184,10.1753,15.0386,49811.3760,-12.1110,NA,NA,NA,NA,NA,NA,NA,NA,NA,NA
90.049,9.2020,-3.7184,10.1620,14.8876,27913.6320,-50.7481,172869.4240,0.0000,NA,NA,NA,NA,NA,NA,NA,NA
90.143,9.1895,-3.8497,10.1557,14.8167,58736.7560,3.6373,NA,NA,NA,NA,NA,NA,NA,NA,NA,NA
90.249,9.1884,-3.8609,10.1509,14.7623,NA,NA,NA,NA,NA,NA,NA,NA,NA,NA,NA,NA
90.354,9.1884,-3.8609,10.1373,14.6088,NA,NA,NA,NA,NA,NA,NA,NA,NA,NA,NA,NA
90.446,9.1803,-3.9459,10.1293,14.5181,32870.7440,-42.0016,NA,NA,NA,NA,NA,NA,NA,NA,NA,NA
90.552,9.1765,-3.9856,10.1250,14.4696,33268.3360,-41.3001,185083.5040,0.0000,NA,NA,NA,NA,NA,NA,NA,NA
90.658,9.1745,-4.0059,10.1202,14.4151,33268.3360,-41.3001,185083.5040,0.0000,NA,NA,NA,NA,NA,NA,NA,NA
90.814,9.1719,-4.0335,10.1172,14.3822,27607.3480,-51.2886,177971.9520,0.0000,NA,NA,NA,NA,NA,NA,NA,NA
90.859,9.1614,-4.1435,10.1142,14.3481,48238.7680,-14.8857,NA,NA,NA,NA,NA,NA,NA,NA,NA,NA
90.948,9.1554,-4.2065,10.1126,14.3293,48238.7680,-14.8857,NA,NA,NA,NA,NA,NA,NA,NA,NA,NA
91.055,9.1538,-4.2233,10.1017,14.2065,27052.4760,-52.2676,NA,NA,NA,NA,NA,NA,NA,NA,NA,NA
91.149,9.1430,-4.3358,10.0973,14.1562,30953.1160,-45.3852,183264.1600,0.0000,NA,NA,NA,NA,NA,NA,NA,NA
91.252,9.1430,-4.3358,10.0858,14.0267,30953.1160,-45.3852,NA,NA,NA,NA,NA,NA,NA,NA,NA,NA
91.380,9.1501,-4.2614,10.0852,14.0194,30337.6560,-46.4711,NA,NA,NA,NA,NA,NA,NA,NA,NA,NA
91.449,9.1501,-4.2614,10.0749,13.9031,23899.5300,-57.8308,NA,NA,NA,NA,NA,NA,NA,NA,NA,NA
91.554,9.1489,-4.2739,10.0692,13.8384,26191.9440,-53.7860,NA,NA,NA,NA,NA,NA,NA,NA,NA,NA
91.646,9.1401,-4.3665,10.0650,13.7917,51416.5200,-9.2788,NA,NA,NA,NA,NA,NA,NA,NA,NA,NA
91.742,9.1355,-4.4147,10.0685,13.8311,57622.2960,1.6709,NA,NA,NA,NA,NA,NA,NA,NA,NA,NA
91.859,9.1269,-4.5041,10.0685,13.8311,61675.8360,8.8231,NA,NA,NA,NA,NA,NA,NA,NA,NA,NA
91.963,9.1125,-4.6554,10.0497,13.6190,61675.8360,8.8231,NA,NA,NA,NA,NA,NA,NA,NA,NA,NA
92.036,9.1066,-4.7172,10.0417,13.5278,23373.0680,-58.7597,NA,NA,NA,NA,NA,NA,NA,NA,NA,NA
92.135,9.1028,-4.7565,10.0417,13.5278,26245.2260,-53.6919,188996.1120,0.0000,NA,NA,NA,NA,NA,NA,NA,NA
92.233,9.0995,-4.7910,10.0302,13.3977,49137.4560,-13.3000,NA,NA,NA,NA,NA,NA,NA,NA,NA,NA
92.343,9.0981,-4.8052,10.0256,13.3462,49137.4560,-13.3000,NA,NA,NA,NA,NA,NA,NA,NA,NA,NA
92.441,9.1005,-4.7808,10.0217,13.3014,27443.1020,-51.5784,NA,NA,NA,NA,NA,NA,NA,NA,NA,NA
92.564,9.1005,-4.7808,10.0122,13.1946,23907.0620,-57.8175,NA,NA,NA,NA,NA,NA,NA,NA,NA,NA
92.635,9.0984,-4.8025,10.0091,13.1597,40655.8280,-28.2653,NA,NA,NA,NA,NA,NA,NA,NA,NA,NA
92.729,9.0877,-4.9150,10.0065,13.1297,47413.2440,-16.3423,NA,NA,NA,NA,NA,NA,NA,NA,NA,NA
92.836,9.0674,-5.1270,9.9896,12.9393,55138.3760,-2.7118,NA,NA,NA,NA,NA,NA,NA,NA,NA,NA
92.930,9.0511,-5.2971,9.9890,12.9324,55138.3760,-2.7118,NA,NA,NA,NA,NA,NA,NA,NA,NA,NA
93.027,9.0528,-5.2797,9.9719,12.7389,29481.5100,-47.9817,NA,NA,NA,NA,NA,NA,NA,NA,NA,NA
93.142,9.0528,-5.2797,9.9659,12.6714,32282.4780,-43.0396,NA,NA,NA,NA,NA,NA,NA,NA,NA,NA
93.250,9.0392,-5.4218,9.9635,12.6434,33149.6600,-41.5095,NA,NA,NA,NA,NA,NA,NA,NA,NA,NA
93.318,9.0392,-5.4218,9.9628,12.6361,33149.6600,-41.5095,NA,NA,NA,NA,NA,NA,NA,NA,NA,NA
93.419,9.0371,-5.4441,9.9527,12.5222,22320.1320,-60.6175,NA,NA,NA,NA,NA,NA,NA,NA,NA,NA
93.514,9.0371,-5.4441,9.9475,12.4627,24218.1060,-57.2687,NA,NA,NA,NA,NA,NA,NA,NA,NA,NA
93.617,9.0259,-5.5609,9.9407,12.3864,42371.1440,-25.2388,NA,NA,NA,NA,NA,NA,NA,NA,NA,NA
93.709,9.0163,-5.6610,9.9315,12.2823,49900.2480,-11.9541,NA,NA,NA,NA,NA,NA,NA,NA,NA,NA
93.859,9.3601,-2.0648,10.0549,13.6768,57901.4440,2.1635,NA,NA,NA,NA,NA,NA,NA,NA,NA,NA
93.905,9.7307,1.8132,10.2768,16.1858,57901.4440,2.1635,NA,NA,NA,NA,NA,NA,NA,NA,NA,NA
94.003,10.1657,6.3652,10.4812,18.4971,30046.4040,-46.9850,NA,NA,NA,NA,NA,NA,NA,NA,NA,NA
94.108,10.3478,8.2701,10.6658,20.5839,32017.5300,-43.5071,NA,NA,NA,NA,NA,NA,NA,NA,NA,NA
94.199,10.4084,8.9036,10.7055,21.0322,32017.5300,-43.5071,NA,NA,NA,NA,NA,NA,NA,NA,NA,NA
94.303,10.4084,8.9036,10.7055,21.0322,21287.7940,-62.4390,NA,NA,NA,NA,NA,NA,NA,NA,NA,NA
94.418,10.3925,8.7374,10.7005,20.9766,22525.7740,-60.2547,NA,NA,NA,NA,NA,NA,NA,NA,NA,NA
94.492,10.3413,8.2018,10.6894,20.8506,24949.9400,-55.9774,NA,NA,NA,NA,NA,NA,NA,NA,NA,NA
94.595,10.3205,7.9847,10.6473,20.3750,44807.9360,-20.9392,NA,NA,NA,NA,NA,NA,NA,NA,NA,NA
94.691,10.2951,7.7186,10.6216,20.0843,52400.2640,-7.5430,NA,NA,NA,NA,NA,NA,NA,NA,NA,NA
94.787,10.2425,7.1683,10.6060,19.9073,60529.6280,6.8007,NA,NA,NA,NA,NA,NA,NA,NA,NA,NA
94.886,10.2173,6.9042,10.5887,19.7123,60529.6280,6.8007,NA,NA,NA,NA,NA,NA,NA,NA,NA,NA
94.983,10.1941,6.6618,10.5737,19.5431,30822.2060,-45.6162,NA,NA,NA,NA,NA,NA,NA,NA,NA,NA
95.081,10.1704,6.4140,10.5573,19.3569,31910.1720,-43.6965,NA,NA,NA,NA,NA,NA,NA,NA,NA,NA
95.182,10.1214,5.9010,10.5346,19.1010,31910.1720,-43.6965,NA,NA,NA,NA,NA,NA,NA,NA,NA,NA
95.289,10.0984,5.6603,10.5157,18.8866,21395.0680,-62.2497,NA,NA,NA,NA,NA,NA,NA,NA,NA,NA
95.383,10.1442,6.1399,10.6019,19.8619,63926.4560,12.7942,NA,NA,NA,NA,NA,NA,NA,NA,NA,NA
95.481,10.4280,9.1090,10.7961,22.0576,68738.8240,21.2853,NA,NA,NA,NA,NA,NA,NA,NA,NA,NA
95.586,10.6447,11.3764,10.9860,24.2040,68738.8240,21.2853,NA,NA,NA,NA,NA,NA,NA,NA,NA,NA
95.698,10.7463,12.4398,11.0876,25.3528,25834.0800,-54.4174,NA,NA,NA,NA,NA,NA,NA,NA,NA,NA
95.785,10.7829,12.8230,11.1256,25.7825,27914.9480,-50.7458,NA,NA,NA,NA,NA,NA,NA,NA,NA,NA
95.872,10.7956,12.9557,11.1372,25.9136,27914.9480,-50.7458,NA,NA,NA,NA,NA,NA,NA,NA,NA,NA
95.987,10.8009,13.0112,11.1372,25.9136,23462.8500,-58.6013,NA,NA,NA,NA,NA,NA,NA,NA,NA,NA
96.073,10.8009,13.0112,11.1301,25.8326,25758.4500,-54.5508,NA,NA,NA,NA,NA,NA,NA,NA,NA,NA
96.200,10.7890,12.8868,11.1169,25.6835,50576.6280,-10.7607,NA,NA,NA,NA,NA,NA,NA,NA,NA,NA
96.268,10.7278,12.2461,11.1170,25.6853,57455.3120,1.3763,NA,NA,NA,NA,NA,NA,NA,NA,NA,NA
96.365,10.7134,12.0955,11.1192,25.7095,63835.0680,12.6330,NA,NA,NA,NA,NA,NA,NA,NA,NA,NA
96.464,10.6889,11.8390,11.1192,25.7095,63835.0680,12.6330,NA,NA,NA,NA,NA,NA,NA,NA,NA,NA
96.560,10.6767,11.7116,11.1178,25.6945,24831.2440,-56.1868,NA,NA,NA,NA,NA,NA,NA,NA,NA,NA
96.660,10.6342,11.2668,11.1108,25.6147,25397.0300,-55.1885,NA,NA,NA,NA,NA,NA,NA,NA,NA,NA
96.759,10.6146,11.0615,11.1083,25.5866,29151.2480,-48.5645,NA,NA,NA,NA,NA,NA,NA,NA,NA,NA
96.853,10.5847,10.7483,11.0805,25.2725,29151.2480,-48.5645,NA,NA,NA,NA,NA,NA,NA,NA,NA,NA
96.979,10.5698,10.5930,11.0398,24.8121,24091.7560,-57.4916,NA,NA,NA,NA,NA,NA,NA,NA,NA,NA
97.051,10.5259,10.1337,11.0070,24.4414,26469.5180,-53.2962,NA,NA,NA,NA,NA,NA,NA,NA,NA,NA
97.149,10.5322,10.1994,11.1560,26.1258,52190.3120,-7.9135,NA,NA,NA,NA,NA,NA,NA,NA,NA,NA
97.251,10.6827,11.7741,11.2922,27.6654,59296.4240,4.6248,NA,NA,NA,NA,NA,NA,NA,NA,NA,NA
97.347,10.7548,12.5285,11.3757,28.6095,65129.1520,14.9163,NA,NA,NA,NA,NA,NA,NA,NA,NA,NA
97.451,10.8186,13.1962,11.4044,28.9341,65129.1520,14.9163,NA,NA,NA,NA,NA,NA,NA,NA,NA,NA
97.543,10.8351,13.3683,11.4208,29.1193,24823.3000,-56.2008,NA,NA,NA,NA,NA,NA,NA,NA,NA,NA
97.645,10.8351,13.3683,11.4396,29.3317,26243.4920,-53.6950,NA,NA,NA,NA,NA,NA,NA,NA,NA,NA
97.736,10.8333,13.3499,11.4476,29.4231,26243.4920,-53.6950,NA,NA,NA,NA,NA,NA,NA,NA,NA,NA
97.839,10.8186,13.1956,11.4476,29.4231,22280.9500,-60.6867,NA,NA,NA,NA,NA,NA,NA,NA,NA,NA
97.935,10.8028,13.0312,11.4434,29.3753,24460.9440,-56.8402,NA,NA,NA,NA,NA,NA,NA,NA,NA,NA
98.048,10.7941,12.9401,11.4261,29.1798,27208.4500,-51.9924,NA,NA,NA,NA,NA,NA,NA,NA,NA,NA
98.131,10.7502,12.4806,11.4154,29.0588,54221.6880,-4.3292,NA,NA,NA,NA,NA,NA,NA,NA,NA,NA
98.224,10.7124,12.0852,11.4028,28.9161,60987.9720,7.6094,NA,NA,NA,NA,NA,NA,NA,NA,NA,NA
98.330,10.6704,11.6453,11.4028,28.9161,65935.0120,16.3382,NA,NA,NA,NA,NA,NA,NA,NA,NA,NA
98.424,10.6576,11.5115,11.4021,28.9086,65935.0120,16.3382,NA,NA,NA,NA,NA,NA,NA,NA,NA,NA
98.556,10.6576,11.5115,11.3904,28.7765,24864.5880,-56.1280,NA,NA,NA,NA,NA,NA,NA,NA,NA,NA
98.616,10.6436,11.3649,11.3630,28.4663,27096.8460,-52.1893,NA,NA,NA,NA,NA,NA,NA,NA,NA,NA
98.730,10.6379,11.3050,11.3366,28.1680,27096.8460,-52.1893,NA,NA,NA,NA,NA,NA,NA,NA,NA,NA
98.819,10.6338,11.2629,11.3173,27.9499,47989.8480,-15.3249,NA,NA,NA,NA,NA,NA,NA,NA,NA,NA
98.918,10.6194,11.1117,11.3084,27.8488,47989.8480,-15.3249,NA,NA,NA,NA,NA,NA,NA,NA,NA,NA
99.015,10.6134,11.0490,11.3050,27.8107,48945.6800,-13.6384,NA,NA,NA,NA,NA,NA,NA,NA,NA,NA
99.122,10.5915,10.8201,11.3021,27.7776,48945.6800,-13.6384,NA,NA,NA,NA,NA,NA,NA,NA,NA,NA
99.228,10.5910,10.8151,11.2999,27.7530,28802.9080,-49.1791,171247.6160,0.0000,NA,NA,NA,NA,NA,NA,NA,NA
99.316,10.5789,10.6884,11.2926,27.6702,57824.6440,2.0280,NA,NA,NA,NA,NA,NA,NA,NA,NA,NA
99.411,10.5402,10.2836,11.2974,27.7242,57824.6440,2.0280,NA,NA,NA,NA,NA,NA,NA,NA,NA,NA
99.539,10.5210,10.0826,11.2974,27.7242,30619.2000,-45.9743,190410.2400,0.0000,NA,NA,NA,NA,NA,NA,NA,NA
99.610,10.5104,9.9718,11.2879,27.6175,65148.6400,14.9507,NA,NA,NA,NA,NA,NA,NA,NA,NA,NA
99.762,10.4839,9.6938,11.2879,27.6175,65148.6400,14.9507,NA,NA,NA,NA,NA,NA,NA,NA,NA,NA
99.809,10.4703,9.5521,11.2790,27.5163,27606.0040,-51.2909,NA,NA,NA,NA,NA,NA,NA,NA,NA,NA
99.910,10.4513,9.3532,11.2599,27.3007,25973.6200,-54.1712,NA,NA,NA,NA,NA,NA,NA,NA,NA,NA
100.028,10.4448,9.2848,11.2430,27.1097,28079.7280,-50.4551,NA,NA,NA,NA,NA,NA,NA,NA,NA,NA
100.119,10.4115,8.9363,11.2307,26.9706,55392.3760,-2.2636,NA,NA,NA,NA,NA,NA,NA,NA,NA,NA
100.201,10.3913,8.7250,11.2255,26.9116,55884.2320,-1.3958,NA,NA,NA,NA,NA,NA,NA,NA,NA,NA
100.305,10.3578,8.3749,11.2086,26.7210,55884.2320,-1.3958,NA,NA,NA,NA,NA,NA,NA,NA,NA,NA
100.398,10.3377,8.1642,11.1893,26.5020,54809.7440,-3.2916,NA,NA,NA,NA,NA,NA,NA,NA,NA,NA
100.500,10.3259,8.0406,11.1792,26.3882,26251.9820,-53.6800,183214.4960,0.0000,NA,NA,NA,NA,NA,NA,NA,NA
100.605,10.3199,7.9784,11.1680,26.2611,49197.9680,-13.1933,NA,NA,NA,NA,NA,NA,NA,NA,NA,NA
100.693,10.3054,7.8269,11.1612,26.1852,49197.9680,-13.1933,NA,NA,NA,NA,NA,NA,NA,NA,NA,NA
100.819,10.2906,7.6713,11.1540,26.1031,28052.0460,-50.5039,170886.3200,0.0000,NA,NA,NA,NA,NA,NA,NA,NA
100.892,10.2829,7.5907,11.1388,25.9316,58956.1200,4.0244,NA,NA,NA,NA,NA,NA,NA,NA,NA,NA
100.998,10.2657,7.4109,11.1364,25.9046,NA,NA,NA,NA,NA,NA,NA,NA,NA,NA,NA,NA
101.094,10.2540,7.2884,11.1129,25.6392,NA,NA,NA,NA,NA,NA,NA,NA,NA,NA,NA,NA
101.196,10.2257,6.9920,11.1129,25.6392,33183.5140,-41.4498,NA,NA,NA,NA,NA,NA,NA,NA,NA,NA
101.294,10.2157,6.8880,11.1053,25.5531,33567.6560,-40.7720,183381.5520,0.0000,NA,NA,NA,NA,NA,NA,NA,NA
101.400,10.2074,6.8008,11.0929,25.4130,33567.6560,-40.7720,183381.5520,0.0000,NA,NA,NA,NA,NA,NA,NA,NA
101.507,10.1919,6.6385,11.0903,25.3829,27783.2600,-50.9782,179097.3120,0.0000,NA,NA,NA,NA,NA,NA,NA,NA
101.601,10.1799,6.5129,11.0790,25.2554,47720.6000,-15.8000,NA,NA,NA,NA,NA,NA,NA,NA,NA,NA
101.694,10.1698,6.4073,11.0519,24.9493,47720.6000,-15.8000,NA,NA,NA,NA,NA,NA,NA,NA,NA,NA
101.796,10.1644,6.3511,11.0326,24.7306,27188.5180,-52.0276,NA,NA,NA,NA,NA,NA,NA,NA,NA,NA
101.892,10.1850,6.5667,11.0194,24.5815,31257.3520,-44.8484,181238.5280,0.0000,NA,NA,NA,NA,NA,NA,NA,NA
102.003,10.2606,7.3577,11.1306,25.8393,31257.3520,-44.8484,NA,NA,NA,NA,NA,NA,NA,NA,NA,NA
102.163,10.4650,9.4967,11.1809,26.4075,30105.4600,-46.8808,NA,NA,NA,NA,NA,NA,NA,NA,NA,NA
102.195,10.6717,11.6596,11.4043,28.9334,23885.1120,-57.8562,NA,NA,NA,NA,NA,NA,NA,NA,NA,NA
102.290,10.8699,13.7327,11.5951,31.0899,26353.3620,-53.5011,NA,NA,NA,NA,NA,NA,NA,NA,NA,NA
102.398,11.0326,15.4349,11.7565,32.9152,52346.7360,-7.6375,NA,NA,NA,NA,NA,NA,NA,NA,NA,NA
102.495,11.1374,16.5312,11.8910,34.4362,59240.4800,4.5261,NA,NA,NA,NA,NA,NA,NA,NA,NA,NA
102.586,11.3215,18.4580,12.0409,36.1299,63010.2600,11.1776,NA,NA,NA,NA,NA,NA,NA,NA,NA,NA
102.721,11.4011,19.2905,12.1040,36.8433,63010.2600,11.1776,NA,NA,NA,NA,NA,NA,NA,NA,NA,NA
102.795,11.4249,19.5402,12.1208,37.0334,23427.4000,-58.6638,NA,NA,NA,NA,NA,NA,NA,NA,NA,NA
102.885,11.4249,19.5402,12.1208,37.0334,26133.8220,-53.8885,NA,NA,NA,NA,NA,NA,NA,NA,NA,NA
102.978,11.4181,19.4690,12.1064,36.8713,30502.0080,-46.1811,194294.8800,0.0000,NA,NA,NA,NA,NA,NA,NA,NA
103.078,11.4051,19.3331,12.0993,36.7912,30502.0080,-46.1811,194294.8800,0.0000,NA,NA,NA,NA,NA,NA,NA,NA
103.188,11.3753,19.0207,12.0947,36.7383,50946.4840,-10.1081,NA,NA,NA,NA,NA,NA,NA,NA,NA,NA
103.285,11.3502,18.7581,12.0633,36.3841,50946.4840,-10.1081,NA,NA,NA,NA,NA,NA,NA,NA,NA,NA
103.424,11.3192,18.4342,12.0399,36.1196,28693.0960,-49.3728,NA,NA,NA,NA,NA,NA,NA,NA,NA,NA
103.479,11.2771,17.9930,12.0245,35.9445,22587.7920,-60.1453,NA,NA,NA,NA,NA,NA,NA,NA,NA,NA
103.581,11.2548,17.7598,12.0156,35.8448,24809.2900,-56.2256,NA,NA,NA,NA,NA,NA,NA,NA,NA,NA
103.673,11.2168,17.3623,12.0100,35.7805,47169.1240,-16.7730,NA,NA,NA,NA,NA,NA,NA,NA,NA,NA
103.785,11.1691,16.8632,11.9959,35.6216,53864.3280,-4.9598,NA,NA,NA,NA,NA,NA,NA,NA,NA,NA
103.868,11.1184,16.3325,11.9858,35.5069,59367.3120,4.7499,NA,NA,NA,NA,NA,NA,NA,NA,NA,NA
104.012,11.0917,16.0536,11.9734,35.3671,65601.1120,15.7490,NA,NA,NA,NA,NA,NA,NA,NA,NA,NA
104.069,11.0733,15.8606,11.9651,35.2739,65601.1120,15.7490,NA,NA,NA,NA,NA,NA,NA,NA,NA,NA
104.171,11.0236,15.3407,11.9608,35.2251,27090.8360,-52.1999,NA,NA,NA,NA,NA,NA,NA,NA,NA,NA
104.264,11.0012,15.1069,11.9509,35.1128,28568.9060,-49.5920,NA,NA,NA,NA,NA,NA,NA,NA,NA,NA
104.361,10.9886,14.9750,11.9474,35.0732,28568.9060,-49.5920,NA,NA,NA,NA,NA,NA,NA,NA,NA,NA
104.460,10.9784,14.8685,11.9450,35.0461,23165.8640,-59.1253,NA,NA,NA,NA,NA,NA,NA,NA,NA,NA
104.555,10.9713,14.7935,11.9268,34.8401,25394.1260,-55.1937,NA,NA,NA,NA,NA,NA,NA,NA,NA,NA
104.677,10.9542,14.6151,11.9162,34.7210,48782.2240,-13.9268,NA,NA,NA,NA,NA,NA,NA,NA,NA,NA
104.753,10.9231,14.2890,11.8998,34.5350,55955.6720,-1.2697,NA,NA,NA,NA,NA,NA,NA,NA,NA,NA
104.858,10.8917,13.9606,11.8893,34.4169,63445.2240,11.9451,NA,NA,NA,NA,NA,NA,NA,NA,NA,NA
104.948,10.8656,13.6876,11.8845,34.3618,63445.2240,11.9451,NA,NA,NA,NA,NA,NA,NA,NA,NA,NA
105.057,10.8557,13.5845,11.8720,34.2214,25796.6640,-54.4834,NA,NA,NA,NA,NA,NA,NA,NA,NA,NA
105.159,10.8327,13.3438,11.8716,34.2158,25794.2120,-54.4877,NA,NA,NA,NA,NA,NA,NA,NA,NA,NA
105.250,10.8090,13.0958,11.8530,34.0062,27228.4880,-51.9570,NA,NA,NA,NA,NA,NA,NA,NA,NA,NA
105.349,10.7578,12.5600,11.8363,33.8170,52085.0080,-8.0993,NA,NA,NA,NA,NA,NA,NA,NA,NA,NA
105.450,10.7029,11.9852,11.8169,33.5974,52085.0080,-8.0993,NA,NA,NA,NA,NA,NA,NA,NA,NA,NA
105.544,10.6746,11.6893,11.8046,33.4588,51562.6520,-9.0209,NA,NA,NA,NA,NA,NA,NA,NA,NA,NA
105.641,10.6609,11.5462,11.7734,33.1066,50500.7240,-10.8946,NA,NA,NA,NA,NA,NA,NA,NA,NA,NA
105.773,10.6370,11.2964,11.7684,33.0495,26021.5260,-54.0867,167568.4320,0.0000,NA,NA,NA,NA,NA,NA,NA,NA
105.839,10.6345,11.2696,11.7596,32.9505,49534.4040,-12.5997,NA,NA,NA,NA,NA,NA,NA,NA,NA,NA
105.940,10.6170,11.0863,11.7392,32.7198,49534.4040,-12.5997,NA,NA,NA,NA,NA,NA,NA,NA,NA,NA
106.033,10.5846,10.7476,11.7279,32.5921,28016.8300,-50.5661,NA,NA,NA,NA,NA,NA,NA,NA,NA,NA
106.132,10.5751,10.6484,11.7227,32.5328,32065.5500,-43.4224,192018.2880,0.0000,NA,NA,NA,NA,NA,NA,NA,NA
106.238,10.5498,10.3840,11.7006,32.2833,68090.3440,20.1411,NA,NA,NA,NA,NA,NA,NA,NA,NA,NA
106.343,10.5251,10.1253,11.6822,32.0755,68090.3440,20.1411,NA,NA,NA,NA,NA,NA,NA,NA,NA,NA
106.443,10.5126,9.9945,11.6709,31.9468,29498.2640,-47.9522,NA,NA,NA,NA,NA,NA,NA,NA,NA,NA
106.537,10.5052,9.9174,11.6642,31.8714,27124.0240,-52.1414,NA,NA,NA,NA,NA,NA,NA,NA,NA,NA
106.636,10.5023,9.8868,11.6519,31.7327,53747.2960,-5.1663,NA,NA,NA,NA,NA,NA,NA,NA,NA,NA
106.733,10.4822,9.6767,11.5928,31.0641,58765.5280,3.6881,NA,NA,NA,NA,NA,NA,NA,NA,NA,NA
106.833,10.4489,9.3284,11.5691,30.7966,59549.2920,5.0710,NA,NA,NA,NA,NA,NA,NA,NA,NA,NA
106.965,10.4314,9.1451,11.5565,30.6535,59549.2920,5.0710,NA,NA,NA,NA,NA,NA,NA,NA,NA,NA
107.032,10.4211,9.0368,11.5460,30.5354,23637.8220,-58.2925,NA,NA,NA,NA,NA,NA,NA,NA,NA,NA
107.130,10.4141,8.9640,11.5349,30.4099,27217.9400,-51.9757,190849.5840,0.0000,NA,NA,NA,NA,NA,NA,NA,NA
107.221,10.4105,8.9263,11.5238,30.2843,51302.4840,-9.4800,NA,NA,NA,NA,NA,NA,NA,NA,NA,NA
107.317,10.3946,8.7598,11.5166,30.2025,51302.4840,-9.4800,NA,NA,NA,NA,NA,NA,NA,NA,NA,NA
107.420,10.3896,8.7078,11.5124,30.1548,29530.6640,-47.8950,179714.1120,0.0000,NA,NA,NA,NA,NA,NA,NA,NA
107.581,10.3745,8.5498,11.4915,29.9193,61233.3040,8.0423,NA,NA,NA,NA,NA,NA,NA,NA,NA,NA
107.624,10.3730,8.5333,11.4616,29.5805,61233.3040,8.0423,NA,NA,NA,NA,NA,NA,NA,NA,NA,NA
107.727,10.3725,8.5290,11.4480,29.4273,29320.7760,-48.2653,NA,NA,NA,NA,NA,NA,NA,NA,NA,NA
107.834,10.3725,8.5290,11.4287,29.2091,25407.2380,-55.1705,NA,NA,NA,NA,NA,NA,NA,NA,NA,NA
107.916,10.3572,8.3682,11.4131,29.0328,48281.8640,-14.8097,NA,NA,NA,NA,NA,NA,NA,NA,NA,NA
108.016,10.3395,8.1837,11.3892,28.7625,54910.2560,-3.1143,NA,NA,NA,NA,NA,NA,NA,NA,NA,NA
108.117,10.3280,8.0626,11.3789,28.6462,61441.5680,8.4098,NA,NA,NA,NA,NA,NA,NA,NA,NA,NA
108.254,10.3192,7.9708,11.3688,28.5316,66032.7880,16.5107,NA,NA,NA,NA,NA,NA,NA,NA,NA,NA
108.310,10.3120,7.8955,11.3591,28.4224,66032.7880,16.5107,NA,NA,NA,NA,NA,NA,NA,NA,NA,NA
108.405,10.2966,7.7341,11.3443,28.2547,25595.5200,-54.8383,NA,NA,NA,NA,NA,NA,NA,NA,NA,NA
108.503,10.2912,7.6784,11.3401,28.2075,28397.7720,-49.8939,NA,NA,NA,NA,NA,NA,NA,NA,NA,NA
108.602,10.2855,7.6185,11.3309,28.1037,28397.7720,-49.8939,NA,NA,NA,NA,NA,NA,NA,NA,NA,NA
108.752,10.2843,7.6053,11.3139,27.9111,23570.8260,-58.4108,NA,NA,NA,NA,NA,NA,NA,NA,NA,NA
108.797,10.2843,7.6053,11.2969,27.7190,25767.9440,-54.5341,NA,NA,NA,NA,NA,NA,NA,NA,NA,NA
108.895,10.2810,7.5712,11.2939,27.6854,49960.3600,-11.8481,NA,NA,NA,NA,NA,NA,NA,NA,NA,NA
108.996,10.2611,7.3627,11.2847,27.5810,56431.0480,-0.4310,NA,NA,NA,NA,NA,NA,NA,NA,NA,NA
109.092,10.2517,7.2649,11.2747,27.4683,62365.8080,10.0406,NA,NA,NA,NA,NA,NA,NA,NA,NA,NA
109.193,10.2393,7.1343,11.2724,27.4421,62365.8080,10.0406,NA,NA,NA,NA,NA,NA,NA,NA,NA,NA
109.287,10.2310,7.0480,11.2628,27.3336,24463.8960,-56.8350,NA,NA,NA,NA,NA,NA,NA,NA,NA,NA
109.391,10.2238,6.9726,11.2481,27.1676,25712.1600,-54.6325,NA,NA,NA,NA,NA,NA,NA,NA,NA,NA
109.483,10.2204,6.9373,11.2338,27.0060,29600.7440,-47.7713,NA,NA,NA,NA,NA,NA,NA,NA,NA,NA
109.585,10.2182,6.9143,11.2105,26.7422,29600.7440,-47.7713,NA,NA,NA,NA,NA,NA,NA,NA,NA,NA
109.692,10.2182,6.9143,11.1989,26.6110,24136.9340,-57.4119,NA,NA,NA,NA,NA,NA,NA,NA,NA,NA
109.782,10.2124,6.8538,11.1915,26.5271,26479.3700,-53.2788,NA,NA,NA,NA,NA,NA,NA,NA,NA,NA
109.876,10.2019,6.7433,11.1831,26.4319,51838.9840,-8.5334,NA,NA,NA,NA,NA,NA,NA,NA,NA,NA
109.974,10.1880,6.5976,11.1731,26.3190,58075.2240,2.4701,NA,NA,NA,NA,NA,NA,NA,NA,NA,NA
110.078,10.1779,6.4922,11.1685,26.2671,63234.7120,11.5737,NA,NA,NA,NA,NA,NA,NA,NA,NA,NA
110.174,10.1695,6.4046,11.1683,26.2653,63234.7120,11.5737,NA,NA,NA,NA,NA,NA,NA,NA,NA,NA
110.283,10.1674,6.3827,11.1715,26.3010,24479.3320,-56.8078,NA,NA,NA,NA,NA,NA,NA,NA,NA,NA
110.381,10.1489,6.1886,11.1715,26.3010,25416.4440,-55.1543,NA,NA,NA,NA,NA,NA,NA,NA,NA,NA
110.469,10.1366,6.0602,11.1645,26.2221,26323.2340,-53.5543,NA,NA,NA,NA,NA,NA,NA,NA,NA,NA
110.576,10.1244,5.9331,11.1568,26.1349,46839.8800,-17.3540,NA,NA,NA,NA,NA,NA,NA,NA,NA,NA
110.671,10.1131,5.8139,11.1442,25.9930,47105.8880,-16.8846,NA,NA,NA,NA,NA,NA,NA,NA,NA,NA
110.769,10.1078,5.7587,11.1438,25.9881,48653.3280,-14.1543,NA,NA,NA,NA,NA,NA,NA,NA,NA,NA
110.869,10.0956,5.6315,11.1340,25.8774,48653.3280,-14.1543,NA,NA,NA,NA,NA,NA,NA,NA,NA,NA
110.961,10.0937,5.6110,11.1199,25.7174,28082.8500,-50.4496,171437.9520,0.0000,NA,NA,NA,NA,NA,NA,NA,NA
111.060,10.0860,5.5303,11.1164,25.6786,56618.7400,-0.0998,NA,NA,NA,NA,NA,NA,NA,NA,NA,NA
111.219,10.0757,5.4227,11.1142,25.6533,56618.7400,-0.0998,NA,NA,NA,NA,NA,NA,NA,NA,NA,NA
111.260,10.0707,5.3711,11.1142,25.6533,29218.2040,-48.4463,185579.1040,0.0000,NA,NA,NA,NA,NA,NA,NA,NA
111.356,10.0546,5.2024,11.1053,25.5526,62021.7240,9.4334,NA,NA,NA,NA,NA,NA,NA,NA,NA,NA
111.464,10.0449,5.1005,11.0962,25.4504,NA,NA,NA,NA,NA,NA,NA,NA,NA,NA,NA,NA
111.562,10.0379,5.0276,11.0842,25.3139,NA,NA,NA,NA,NA,NA,NA,NA,NA,NA,NA,NA
111.655,10.0307,4.9524,11.0783,25.2479,33946.1200,-40.1042,NA,NA,NA,NA,NA,NA,NA,NA,NA,NA
111.766,10.0256,4.8991,11.0734,25.1927,34741.5560,-38.7007,NA,NA,NA,NA,NA,NA,NA,NA,NA,NA
111.854,10.0228,4.8693,11.0732,25.1897,34741.5560,-38.7007,NA,NA,NA,NA,NA,NA,NA,NA,NA,NA
111.956,10.0221,4.8622,11.0695,25.1484,23655.1300,-58.2620,NA,NA,NA,NA,NA,NA,NA,NA,NA,NA
112.050,10.0169,4.8081,11.0482,24.9073,24034.4600,-57.5927,NA,NA,NA,NA,NA,NA,NA,NA,NA,NA
112.153,10.0062,4.6959,11.0314,24.7173,40097.8560,-29.2499,NA,NA,NA,NA,NA,NA,NA,NA,NA,NA
112.249,9.9829,4.4517,11.0213,24.6034,42851.7120,-24.3908,NA,NA,NA,NA,NA,NA,NA,NA,NA,NA
112.343,9.9791,4.4125,11.0171,24.5551,48198.5440,-14.9567,NA,NA,NA,NA,NA,NA,NA,NA,NA,NA
112.457,9.9548,4.1579,11.0066,24.4366,48198.5440,-14.9567,NA,NA,NA,NA,NA,NA,NA,NA,NA,NA
112.543,9.9548,4.1579,11.0004,24.3663,27045.0220,-52.2808,NA,NA,NA,NA,NA,NA,NA,NA,NA,NA
112.639,9.9408,4.0116,10.9864,24.2083,30783.2740,-45.6848,186256.2880,0.0000,NA,NA,NA,NA,NA,NA,NA,NA
112.753,9.9394,3.9974,10.9832,24.1721,30783.2740,-45.6848,NA,NA,NA,NA,NA,NA,NA,NA,NA,NA
112.848,9.9202,3.7962,10.9641,23.9561,30298.6280,-46.5400,NA,NA,NA,NA,NA,NA,NA,NA,NA,NA
112.943,9.9226,3.8206,10.9490,23.7856,23810.7800,-57.9874,NA,NA,NA,NA,NA,NA,NA,NA,NA,NA
113.044,9.9226,3.8206,10.9423,23.7095,26090.4060,-53.9651,NA,NA,NA,NA,NA,NA,NA,NA,NA,NA
113.138,9.9177,3.7696,10.9341,23.6172,51115.1680,-9.8105,NA,NA,NA,NA,NA,NA,NA,NA,NA,NA
113.238,9.8974,3.5573,10.9179,23.4342,56984.9760,0.5464,NA,NA,NA,NA,NA,NA,NA,NA,NA,NA
113.336,9.8905,3.4848,10.9080,23.3227,61650.7040,8.7788,NA,NA,NA,NA,NA,NA,NA,NA,NA,NA
113.435,9.8905,3.4848,10.9077,23.3189,61650.7040,8.7788,NA,NA,NA,NA,NA,NA,NA,NA,NA,NA
113.551,9.8879,3.4581,10.9023,23.2577,23681.5840,-58.2153,NA,NA,NA,NA,NA,NA,NA,NA,NA,NA
113.629,9.8879,3.4581,10.8877,23.0927,26256.5420,-53.6720,192038.8800,0.0000,NA,NA,NA,NA,NA,NA,NA,NA
113.735,9.8735,3.3075,10.8876,23.0910,49596.0800,-12.4908,NA,NA,NA,NA,NA,NA,NA,NA,NA,NA
113.824,9.8697,3.2680,10.8876,23.0910,49596.0800,-12.4908,NA,NA,NA,NA,NA,NA,NA,NA,NA,NA
113.923,9.8697,3.2680,10.8747,22.9456,28952.6540,-48.9149,173651.2000,0.0000,NA,NA,NA,NA,NA,NA,NA,NA
114.035,9.8623,3.1906,10.8737,22.9338,28952.6540,-48.9149,NA,NA,NA,NA,NA,NA,NA,NA,NA,NA
114.189,9.8676,3.2454,10.8619,22.8005,27977.7580,-50.6350,NA,NA,NA,NA,NA,NA,NA,NA,NA,NA
114.227,9.8696,3.2671,10.8391,22.5433,22580.5720,-60.1580,NA,NA,NA,NA,NA,NA,NA,NA,NA,NA
114.332,9.8696,3.2671,10.8396,22.5487,24841.4860,-56.1688,NA,NA,NA,NA,NA,NA,NA,NA,NA,NA
114.436,9.8577,3.1418,10.8396,22.5487,47018.0840,-17.0395,NA,NA,NA,NA,NA,NA,NA,NA,NA,NA
114.523,9.8473,3.0329,10.8386,22.5378,53424.4960,-5.7358,NA,NA,NA,NA,NA,NA,NA,NA,NA,NA
114.617,9.8387,2.9432,10.8335,22.4803,60610.3080,6.9431,NA,NA,NA,NA,NA,NA,NA,NA,NA,NA
114.784,9.8387,2.9432,10.8323,22.4664,67164.4560,18.5075,NA,NA,NA,NA,NA,NA,NA,NA,NA,NA
114.817,9.8349,2.9037,10.8287,22.4253,67164.4560,18.5075,NA,NA,NA,NA,NA,NA,NA,NA,NA,NA
114.914,9.8349,2.9037,10.8251,22.3852,26782.7960,-52.7434,NA,NA,NA,NA,NA,NA,NA,NA,NA,NA
115.009,9.8410,2.9673,10.8226,22.3565,27681.9200,-51.1570,NA,NA,NA,NA,NA,NA,NA,NA,NA,NA
115.114,9.8410,2.9673,10.8095,22.2088,27681.9200,-51.1570,NA,NA,NA,NA,NA,NA,NA,NA,NA,NA
115.209,9.8364,2.9192,10.8038,22.1447,23177.9600,-59.1039,NA,NA,NA,NA,NA,NA,NA,NA,NA,NA
115.303,9.8364,2.9192,10.7987,22.0864,25405.6840,-55.1733,NA,NA,NA,NA,NA,NA,NA,NA,NA,NA
115.402,9.8262,2.8123,10.7864,21.9470,48696.6480,-14.0778,NA,NA,NA,NA,NA,NA,NA,NA,NA,NA
115.516,9.8137,2.6822,10.7689,21.7498,55268.1920,-2.4827,NA,NA,NA,NA,NA,NA,NA,NA,NA,NA
115.602,9.8074,2.6159,10.7654,21.7100,62287.1600,9.9018,NA,NA,NA,NA,NA,NA,NA,NA,NA,NA
115.694,9.8022,2.5614,10.7623,21.6749,62287.1600,9.9018,NA,NA,NA,NA,NA,NA,NA,NA,NA,NA
115.798,9.7950,2.4859,10.7592,21.6395,25713.6880,-54.6298,NA,NA,NA,NA,NA,NA,NA,NA,NA,NA
115.959,9.7950,2.4859,10.7562,21.6057,25652.4780,-54.7378,NA,NA,NA,NA,NA,NA,NA,NA,NA,NA
115.988,9.7918,2.4527,10.7491,21.5256,28478.6980,-49.7511,NA,NA,NA,NA,NA,NA,NA,NA,NA,NA
116.095,9.7918,2.4527,10.7420,21.4459,28478.6980,-49.7511,NA,NA,NA,NA,NA,NA,NA,NA,NA,NA
116.201,9.7892,2.4253,10.7316,21.3275,51050.5320,-9.9245,NA,NA,NA,NA,NA,NA,NA,NA,NA,NA
116.292,9.7788,2.3167,10.7150,21.1397,51050.5320,-9.9245,NA,NA,NA,NA,NA,NA,NA,NA,NA,NA
116.395,9.7637,2.1583,10.7056,21.0340,50886.5480,-10.2139,NA,NA,NA,NA,NA,NA,NA,NA,NA,NA
116.487,9.7556,2.0737,10.7013,20.9848,26393.9440,-53.4295,172239.3600,0.0000,NA,NA,NA,NA,NA,NA,NA,NA
116.588,9.7513,2.0292,10.6999,20.9693,50854.8560,-10.2698,NA,NA,NA,NA,NA,NA,NA,NA,NA,NA
116.693,9.7496,2.0108,10.6898,20.8556,50854.8560,-10.2698,NA,NA,NA,NA,NA,NA,NA,NA,NA,NA
116.790,9.7385,1.8945,10.6821,20.7682,27576.5440,-51.3429,NA,NA,NA,NA,NA,NA,NA,NA,NA,NA
116.882,9.7385,1.8945,10.6750,20.6877,31442.3360,-44.5220,191495.1680,0.0000,NA,NA,NA,NA,NA,NA,NA,NA
116.983,9.7287,1.7919,10.6711,20.6439,66652.1120,17.6035,NA,NA,NA,NA,NA,NA,NA,NA,NA,NA
117.087,9.7199,1.7007,10.6650,20.5749,66652.1120,17.6035,NA,NA,NA,NA,NA,NA,NA,NA,NA,NA
117.194,9.7070,1.5658,10.6597,20.5149,29250.4160,-48.3895,NA,NA,NA,NA,NA,NA,NA,NA,NA,NA
117.287,9.7167,1.6666,10.6597,20.5146,26789.2740,-52.7320,NA,NA,NA,NA,NA,NA,NA,NA,NA,NA
117.382,9.7167,1.6666,10.6600,20.5184,51913.7520,-8.4014,NA,NA,NA,NA,NA,NA,NA,NA,NA,NA
117.498,9.7113,1.6102,10.6600,20.5184,56899.1600,0.3950,NA,NA,NA,NA,NA,NA,NA,NA,NA,NA
117.575,9.7060,1.5543,10.6543,20.4537,58484.5680,3.1923,NA,NA,NA,NA,NA,NA,NA,NA,NA,NA
117.673,9.6985,1.4764,10.6446,20.3441,58484.5680,3.1923,NA,NA,NA,NA,NA,NA,NA,NA,NA,NA
117.772,9.6993,1.4850,10.6443,20.3414,23754.3300,-58.0870,NA,NA,NA,NA,NA,NA,NA,NA,NA,NA
117.873,9.7016,1.5093,10.6415,20.3096,27167.2000,-52.0652,189380.1120,0.0000,NA,NA,NA,NA,NA,NA,NA,NA
117.969,9.7016,1.5093,10.6387,20.2779,51234.8800,-9.5993,NA,NA,NA,NA,NA,NA,NA,NA,NA,NA
118.066,9.6965,1.4556,10.6373,20.2619,51234.8800,-9.5993,NA,NA,NA,NA,NA,NA,NA,NA,NA,NA
118.164,9.6965,1.4556,10.6248,20.1201,29474.6840,-47.9938,178555.5040,0.0000,NA,NA,NA,NA,NA,NA,NA,NA
118.274,9.6936,1.4252,10.6115,19.9700,60869.6040,7.4006,NA,NA,NA,NA,NA,NA,NA,NA,NA,NA
118.428,9.6835,1.3191,10.6073,19.9226,60869.6040,7.4006,NA,NA,NA,NA,NA,NA,NA,NA,NA,NA
118.472,9.6835,1.3191,10.6073,19.9226,29230.3820,-48.4248,NA,NA,NA,NA,NA,NA,NA,NA,NA,NA
118.568,9.6870,1.3560,10.5803,19.6174,25347.1880,-55.2765,NA,NA,NA,NA,NA,NA,NA,NA,NA,NA
118.668,9.6870,1.3560,10.5709,19.5105,48160.1120,-15.0245,NA,NA,NA,NA,NA,NA,NA,NA,NA,NA
118.761,9.6670,1.1472,10.5598,19.3855,54502.7120,-3.8334,NA,NA,NA,NA,NA,NA,NA,NA,NA,NA
118.863,9.6600,1.0736,10.5545,19.3252,61077.3320,7.7671,NA,NA,NA,NA,NA,NA,NA,NA,NA,NA
118.958,9.6487,0.9558,10.5503,19.2781,66045.8480,16.5338,NA,NA,NA,NA,NA,NA,NA,NA,NA,NA
119.068,9.6441,0.9069,10.5503,19.2781,66045.8480,16.5338,NA,NA,NA,NA,NA,NA,NA,NA,NA,NA
119.155,9.6350,0.8120,10.5475,19.2465,25676.5560,-54.6953,NA,NA,NA,NA,NA,NA,NA,NA,NA,NA
119.250,9.6380,0.8435,10.5470,19.2406,28296.0020,-50.0735,NA,NA,NA,NA,NA,NA,NA,NA,NA,NA
119.356,9.6439,0.9049,10.5388,19.1486,28296.0020,-50.0735,NA,NA,NA,NA,NA,NA,NA,NA,NA,NA
119.461,9.6439,0.9049,10.5357,19.1129,23503.4040,-58.5297,NA,NA,NA,NA,NA,NA,NA,NA,NA,NA
119.564,9.6360,0.8225,10.5183,18.9161,25687.5620,-54.6759,NA,NA,NA,NA,NA,NA,NA,NA,NA,NA
119.648,9.6357,0.8189,10.5178,18.9101,49871.1120,-12.0056,NA,NA,NA,NA,NA,NA,NA,NA,NA,NA
119.743,9.6199,0.6544,10.5047,18.7626,56579.3760,-0.1692,NA,NA,NA,NA,NA,NA,NA,NA,NA,NA
119.847,9.6126,0.5779,10.5047,18.7626,62772.9680,10.7590,NA,NA,NA,NA,NA,NA,NA,NA,NA,NA
119.934,9.6055,0.5029,10.4995,18.7042,62772.9680,10.7590,NA,NA,NA,NA,NA,NA,NA,NA,NA,NA
120.039,9.6048,0.4964,10.4986,18.6942,24626.3040,-56.5484,NA,NA,NA,NA,NA,NA,NA,NA,NA,NA
120.133,9.5929,0.3717,10.4971,18.6770,25596.4200,-54.8367,NA,NA,NA,NA,NA,NA,NA,NA,NA,NA
120.266,9.6063,0.5117,10.4791,18.4737,29412.5220,-48.1035,NA,NA,NA,NA,NA,NA,NA,NA,NA,NA
120.333,9.6084,0.5336,10.4743,18.4184,29412.5220,-48.1035,NA,NA,NA,NA,NA,NA,NA,NA,NA,NA
120.435,9.6084,0.5336,10.4743,18.4184,24112.2480,-57.4555,NA,NA,NA,NA,NA,NA,NA,NA,NA,NA
120.534,9.5930,0.3728,10.4738,18.4135,26461.5220,-53.3103,NA,NA,NA,NA,NA,NA,NA,NA,NA,NA
120.628,9.5803,0.2401,10.4678,18.3455,52017.3360,-8.2187,NA,NA,NA,NA,NA,NA,NA,NA,NA,NA
120.777,9.5700,0.1320,10.4573,18.2269,58625.7720,3.4415,NA,NA,NA,NA,NA,NA,NA,NA,NA,NA
120.828,9.5660,0.0902,10.4563,18.2153,63849.3760,12.6582,NA,NA,NA,NA,NA,NA,NA,NA,NA,NA
120.919,9.5595,0.0221,10.4538,18.1866,63849.3760,12.6582,NA,NA,NA,NA,NA,NA,NA,NA,NA,NA
121.036,9.5534,-0.0414,10.4443,18.0797,24503.5440,-56.7650,NA,NA,NA,NA,NA,NA,NA,NA,NA,NA
121.131,9.5560,-0.0149,10.4379,18.0073,25548.5580,-54.9212,NA,NA,NA,NA,NA,NA,NA,NA,NA,NA
121.223,9.5560,-0.0149,10.4370,17.9975,26395.1600,-53.4274,NA,NA,NA,NA,NA,NA,NA,NA,NA,NA
121.315,9.5364,-0.2194,10.4359,17.9846,47112.5200,-16.8729,NA,NA,NA,NA,NA,NA,NA,NA,NA,NA
121.421,9.5274,-0.3141,10.4287,17.9038,47276.7720,-16.5831,NA,NA,NA,NA,NA,NA,NA,NA,NA,NA
121.515,9.5084,-0.5127,10.4254,17.8660,48571.6680,-14.2983,NA,NA,NA,NA,NA,NA,NA,NA,NA,NA
121.610,9.5137,-0.4573,10.4254,17.8663,48571.6680,-14.2983,NA,NA,NA,NA,NA,NA,NA,NA,NA,NA
121.705,9.5137,-0.4573,10.4254,17.8663,28004.1840,-50.5884,170606.0160,0.0000,NA,NA,NA,NA,NA,NA,NA,NA
121.812,9.5120,-0.4753,10.4102,17.6945,56532.0880,-0.2527,NA,NA,NA,NA,NA,NA,NA,NA,NA,NA
121.906,9.5172,-0.4210,10.4052,17.6373,56532.0880,-0.2527,NA,NA,NA,NA,NA,NA,NA,NA,NA,NA
122.005,9.5172,-0.4210,10.3988,17.5651,29376.7680,-48.1665,183878.1440,0.0000,NA,NA,NA,NA,NA,NA,NA,NA
122.102,9.5057,-0.5405,10.3878,17.4407,62875.7120,10.9402,NA,NA,NA,NA,NA,NA,NA,NA,NA,NA
122.214,9.5041,-0.5572,10.3657,17.1913,NA,NA,NA,NA,NA,NA,NA,NA,NA,NA,NA,NA
122.309,9.5041,-0.5572,10.3526,17.0432,NA,NA,NA,NA,NA,NA,NA,NA,NA,NA,NA,NA
122.415,9.4966,-0.6363,10.3463,16.9719,34720.5120,-38.7378,NA,NA,NA,NA,NA,NA,NA,NA,NA,NA
122.505,9.4985,-0.6163,10.3372,16.8689,35622.4120,-37.1465,NA,NA,NA,NA,NA,NA,NA,NA,NA,NA
122.662,9.4985,-0.6163,10.3222,16.6995,35622.4120,-37.1465,NA,NA,NA,NA,NA,NA,NA,NA,NA,NA
122.704,9.4997,-0.6035,10.3156,16.6248,23955.5320,-57.7320,NA,NA,NA,NA,NA,NA,NA,NA,NA,NA
122.800,9.5016,-0.5838,10.3056,16.5118,24043.5560,-57.5767,NA,NA,NA,NA,NA,NA,NA,NA,NA,NA
122.897,9.5016,-0.5838,10.2910,16.3466,39390.6800,-30.4976,NA,NA,NA,NA,NA,NA,NA,NA,NA,NA
123.002,9.5758,0.1921,10.3627,17.1576,41652.3960,-26.5070,NA,NA,NA,NA,NA,NA,NA,NA,NA,NA
123.098,9.7329,1.8365,10.4692,18.3614,46782.4120,-17.4554,NA,NA,NA,NA,NA,NA,NA,NA,NA,NA
123.204,9.9211,3.8059,10.6080,19.9300,46782.4120,-17.4554,NA,NA,NA,NA,NA,NA,NA,NA,NA,NA
123.290,9.9723,4.3412,10.6684,20.6134,27144.5120,-52.1052,NA,NA,NA,NA,NA,NA,NA,NA,NA,NA
123.385,9.9723,4.3412,10.6830,20.7780,31092.9680,-45.1384,183748.5280,0.0000,NA,NA,NA,NA,NA,NA,NA,NA
123.496,9.9618,4.2314,10.6830,20.7780,31092.9680,-45.1384,NA,NA,NA,NA,NA,NA,NA,NA,NA,NA
123.590,9.9352,3.9528,10.6823,20.7706,30112.3120,-46.8687,NA,NA,NA,NA,NA,NA,NA,NA,NA,NA
123.704,9.9188,3.7812,10.6707,20.6394,23857.9920,-57.9041,NA,NA,NA,NA,NA,NA,NA,NA,NA,NA
123.798,9.8948,3.5303,10.6669,20.5969,26231.4300,-53.7163,NA,NA,NA,NA,NA,NA,NA,NA,NA,NA
123.885,9.8823,3.3996,10.6522,20.4303,51820.6520,-8.5657,NA,NA,NA,NA,NA,NA,NA,NA,NA,NA
123.982,9.8447,3.0062,10.6469,20.3698,58337.2600,2.9324,NA,NA,NA,NA,NA,NA,NA,NA,NA,NA
124.083,9.7984,2.5222,10.6286,20.1639,62931.9920,11.0395,NA,NA,NA,NA,NA,NA,NA,NA,NA,NA
124.184,9.7771,2.2984,10.6193,20.0585,62931.9920,11.0395,NA,NA,NA,NA,NA,NA,NA,NA,NA,NA
124.278,9.7517,2.0331,10.5868,19.6907,23529.1520,-58.4843,NA,NA,NA,NA,NA,NA,NA,NA,NA,NA
124.391,9.7391,1.9008,10.5700,19.5005,25902.3820,-54.2969,192992.6400,0.0000,NA,NA,NA,NA,NA,NA,NA,NA
124.475,9.7127,1.6251,10.5590,19.3761,48372.4320,-14.6499,NA,NA,NA,NA,NA,NA,NA,NA,NA,NA
124.574,9.6993,1.4843,10.5459,19.2280,48372.4320,-14.6499,NA,NA,NA,NA,NA,NA,NA,NA,NA,NA
124.676,9.6903,1.3905,10.5390,19.1503,28962.7280,-48.8971,169597.6960,0.0000,NA,NA,NA,NA,NA,NA,NA,NA
124.781,9.6652,1.1282,10.5152,18.8808,28962.7280,-48.8971,NA,NA,NA,NA,NA,NA,NA,NA,NA,NA
124.880,9.6530,1.0006,10.5004,18.7144,27477.0520,-51.5185,NA,NA,NA,NA,NA,NA,NA,NA,NA,NA
125.042,9.6373,0.8360,10.4914,18.6120,22495.7040,-60.3077,NA,NA,NA,NA,NA,NA,NA,NA,NA,NA
125.071,9.6323,0.7834,10.4810,18.4946,24758.0520,-56.3160,NA,NA,NA,NA,NA,NA,NA,NA,NA,NA
125.171,9.6205,0.6604,10.4675,18.3423,47351.7920,-16.4507,NA,NA,NA,NA,NA,NA,NA,NA,NA,NA
125.274,9.6008,0.4540,10.4480,18.1216,54036.0720,-4.6567,NA,NA,NA,NA,NA,NA,NA,NA,NA,NA
125.367,9.5845,0.2832,10.4389,18.0192,62124.1840,9.6142,NA,NA,NA,NA,NA,NA,NA,NA,NA,NA
125.471,9.5702,0.1341,10.4259,17.8717,69129.6640,21.9750,NA,NA,NA,NA,NA,NA,NA,NA,NA,NA
125.562,9.5517,-0.0598,10.4179,17.7816,69129.6640,21.9750,NA,NA,NA,NA,NA,NA,NA,NA,NA,NA
125.665,9.5461,-0.1182,10.4137,17.7336,26753.3280,-52.7954,NA,NA,NA,NA,NA,NA,NA,NA,NA,NA
125.763,9.5289,-0.2981,10.4100,17.6923,27246.2400,-51.9257,NA,NA,NA,NA,NA,NA,NA,NA,NA,NA
125.860,9.5247,-0.3419,10.3917,17.4846,27246.2400,-51.9257,NA,NA,NA,NA,NA,NA,NA,NA,NA,NA
125.955,9.5185,-0.4066,10.3824,17.3797,23086.2240,-59.2658,NA,NA,NA,NA,NA,NA,NA,NA,NA,NA
126.049,9.5149,-0.4442,10.3773,17.3222,25414.6860,-55.1574,NA,NA,NA,NA,NA,NA,NA,NA,NA,NA
126.168,9.5124,-0.4708,10.3603,17.1304,48941.4960,-13.6458,NA,NA,NA,NA,NA,NA,NA,NA,NA,NA
126.250,9.5013,-0.5867,10.3504,17.0182,56008.5680,-1.1764,NA,NA,NA,NA,NA,NA,NA,NA,NA,NA
126.355,9.5105,-0.4904,10.3727,17.2705,63789.9640,12.5534,NA,NA,NA,NA,NA,NA,NA,NA,NA,NA
126.445,9.5529,-0.0466,10.4727,18.4013,63789.9640,12.5534,NA,NA,NA,NA,NA,NA,NA,NA,NA,NA
126.545,9.6009,0.4557,10.5136,18.8629,25906.1720,-54.2902,NA,NA,NA,NA,NA,NA,NA,NA,NA,NA
126.640,9.6079,0.5286,10.5318,19.0694,25361.9100,-55.2505,NA,NA,NA,NA,NA,NA,NA,NA,NA,NA
126.783,9.6146,0.5987,10.5318,19.0694,27973.8080,-50.6420,NA,NA,NA,NA,NA,NA,NA,NA,NA,NA
126.849,9.6146,0.5987,10.5130,18.8561,27973.8080,-50.6420,NA,NA,NA,NA,NA,NA,NA,NA,NA,NA
126.942,9.5996,0.4415,10.4954,18.6570,51582.7000,-8.9856,NA,NA,NA,NA,NA,NA,NA,NA,NA,NA
127.042,9.5771,0.2060,10.4867,18.5595,51582.7000,-8.9856,NA,NA,NA,NA,NA,NA,NA,NA,NA,NA
127.155,9.5482,-0.0957,10.4772,18.4514,50678.7440,-10.5805,NA,NA,NA,NA,NA,NA,NA,NA,NA,NA
127.237,9.5345,-0.2396,10.4715,18.3870,26260.5280,-53.6649,169778.7520,0.0000,NA,NA,NA,NA,NA,NA,NA,NA
127.384,9.5101,-0.4945,10.4585,18.2404,49905.4200,-11.9450,NA,NA,NA,NA,NA,NA,NA,NA,NA,NA
127.440,9.5052,-0.5465,10.4530,18.1783,49905.4200,-11.9450,NA,NA,NA,NA,NA,NA,NA,NA,NA,NA
127.543,9.4890,-0.7153,10.4420,18.0538,27741.4420,-51.0520,NA,NA,NA,NA,NA,NA,NA,NA,NA,NA
127.628,9.4842,-0.7660,10.4257,17.8697,31747.8480,-43.9829,189299.6480,0.0000,NA,NA,NA,NA,NA,NA,NA,NA
127.726,9.4790,-0.8201,10.4207,17.8124,68035.3680,20.0441,NA,NA,NA,NA,NA,NA,NA,NA,NA,NA
127.832,9.4771,-0.8399,10.4135,17.7311,68035.3680,20.0441,NA,NA,NA,NA,NA,NA,NA,NA,NA,NA
127.982,9.4721,-0.8925,10.4071,17.6595,29879.2280,-47.2800,NA,NA,NA,NA,NA,NA,NA,NA,NA,NA
128.025,9.4671,-0.9448,10.3956,17.5297,27050.6500,-52.2708,NA,NA,NA,NA,NA,NA,NA,NA,NA,NA
128.127,9.4623,-0.9950,10.3893,17.4578,53334.9840,-5.8938,NA,NA,NA,NA,NA,NA,NA,NA,NA,NA
128.225,9.4593,-1.0259,10.3774,17.3228,58922.5800,3.9652,NA,NA,NA,NA,NA,NA,NA,NA,NA,NA
128.323,9.4460,-1.1654,10.3704,17.2447,60505.3600,6.7579,NA,NA,NA,NA,NA,NA,NA,NA,NA,NA
128.420,9.4292,-1.3414,10.3663,17.1977,60505.3600,6.7579,NA,NA,NA,NA,NA,NA,NA,NA,NA,NA
128.521,9.4187,-1.4516,10.3654,17.1875,23324.8980,-58.8447,NA,NA,NA,NA,NA,NA,NA,NA,NA,NA
128.621,9.4075,-1.5688,10.3589,17.1145,26777.8460,-52.7522,190449.9200,0.0000,NA,NA,NA,NA,NA,NA,NA,NA
128.715,9.4039,-1.6060,10.3493,17.0059,49652.9520,-12.3905,NA,NA,NA,NA,NA,NA,NA,NA,NA,NA
128.813,9.4027,-1.6186,10.3432,16.9362,49652.9520,-12.3905,NA,NA,NA,NA,NA,NA,NA,NA,NA,NA
128.919,9.3933,-1.7172,10.3364,16.8597,29492.2620,-47.9628,173277.1840,0.0000,NA,NA,NA,NA,NA,NA,NA,NA
129.016,9.3904,-1.7474,10.3241,16.7212,60928.4600,7.5044,NA,NA,NA,NA,NA,NA,NA,NA,NA,NA
129.124,9.3777,-1.8799,10.3200,16.6742,60928.4600,7.5044,NA,NA,NA,NA,NA,NA,NA,NA,NA,NA
129.225,9.3739,-1.9203,10.3046,16.5005,29671.8400,-47.6459,NA,NA,NA,NA,NA,NA,NA,NA,NA,NA
129.317,9.3731,-1.9283,10.2922,16.3606,25340.2180,-55.2888,NA,NA,NA,NA,NA,NA,NA,NA,NA,NA
129.410,9.3678,-1.9832,10.2839,16.2660,48308.8200,-14.7621,NA,NA,NA,NA,NA,NA,NA,NA,NA,NA
129.512,9.3546,-2.1223,10.2680,16.0862,55360.7680,-2.3194,NA,NA,NA,NA,NA,NA,NA,NA,NA,NA
129.612,9.3467,-2.2050,10.2602,15.9979,62626.9960,10.5014,NA,NA,NA,NA,NA,NA,NA,NA,NA,NA
129.703,9.3383,-2.2925,10.2559,15.9498,67935.6880,19.8683,NA,NA,NA,NA,NA,NA,NA,NA,NA,NA
129.834,9.3375,-2.3004,10.2546,15.9348,67935.6880,19.8683,NA,NA,NA,NA,NA,NA,NA,NA,NA,NA
129.903,9.3262,-2.4190,10.2427,15.8000,25631.6480,-54.7746,NA,NA,NA,NA,NA,NA,NA,NA,NA,NA
130.000,9.4218,-1.4184,10.2736,16.1498,27803.1400,-50.9431,NA,NA,NA,NA,NA,NA,NA,NA,NA,NA
130.100,9.5527,-0.0490,10.3484,16.9953,27803.1400,-50.9431,NA,NA,NA,NA,NA,NA,NA,NA,NA,NA
130.202,9.6652,1.1278,10.4507,18.1518,23443.4260,-58.6355,NA,NA,NA,NA,NA,NA,NA,NA,NA,NA
130.299,9.7022,1.5150,10.4963,18.6673,25750.4800,-54.5649,NA,NA,NA,NA,NA,NA,NA,NA,NA,NA
130.403,9.7022,1.5150,10.4974,18.6798,50244.0240,-11.3476,NA,NA,NA,NA,NA,NA,NA,NA,NA,NA
130.492,9.6720,1.1988,10.5107,18.8309,57600.6440,1.6327,NA,NA,NA,NA,NA,NA,NA,NA,NA,NA
130.594,9.6544,1.0150,10.5174,18.9066,64454.5640,13.7260,NA,NA,NA,NA,NA,NA,NA,NA,NA,NA
130.689,9.6341,0.8021,10.5224,18.9622,64454.5640,13.7260,NA,NA,NA,NA,NA,NA,NA,NA,NA,NA
130.788,9.6276,0.7341,10.5247,18.9882,24815.5560,-56.2145,NA,NA,NA,NA,NA,NA,NA,NA,NA,NA
130.883,9.6048,0.4958,10.5247,18.9882,25173.8420,-55.5823,NA,NA,NA,NA,NA,NA,NA,NA,NA,NA
131.051,9.5796,0.2321,10.5180,18.9128,28801.8620,-49.1809,NA,NA,NA,NA,NA,NA,NA,NA,NA,NA
131.081,9.5803,0.2393,10.5182,18.9149,28801.8620,-49.1809,NA,NA,NA,NA,NA,NA,NA,NA,NA,NA
131.178,9.5803,0.2393,10.5182,18.9149,24030.1180,-57.6004,NA,NA,NA,NA,NA,NA,NA,NA,NA,NA
131.285,9.5700,0.1319,10.5120,18.8448,26474.9900,-53.2865,NA,NA,NA,NA,NA,NA,NA,NA,NA,NA
131.369,9.5467,-0.1123,10.5070,18.7887,52239.9200,-7.8259,NA,NA,NA,NA,NA,NA,NA,NA,NA,NA
131.473,9.5195,-0.3961,10.4982,18.6896,59435.3240,4.8699,NA,NA,NA,NA,NA,NA,NA,NA,NA,NA
131.605,9.5132,-0.4620,10.4981,18.6884,65533.0000,15.6289,NA,NA,NA,NA,NA,NA,NA,NA,NA,NA
131.677,9.5072,-0.5251,10.4924,18.6239,65533.0000,15.6289,NA,NA,NA,NA,NA,NA,NA,NA,NA,NA
131.772,9.5068,-0.5292,10.4892,18.5873,24729.6720,-56.3660,NA,NA,NA,NA,NA,NA,NA,NA,NA,NA
131.872,9.4887,-0.7192,10.4770,18.4498,25868.2520,-54.3571,NA,NA,NA,NA,NA,NA,NA,NA,NA,NA
131.967,9.4887,-0.7192,10.4695,18.3651,26759.1100,-52.7852,NA,NA,NA,NA,NA,NA,NA,NA,NA,NA
132.065,9.4666,-0.9497,10.4667,18.3334,48392.6960,-14.6141,NA,NA,NA,NA,NA,NA,NA,NA,NA,NA
132.209,9.4552,-1.0696,10.4494,18.1370,48392.6960,-14.6141,NA,NA,NA,NA,NA,NA,NA,NA,NA,NA
132.265,9.4440,-1.1861,10.4394,18.0245,48218.5560,-14.9214,NA,NA,NA,NA,NA,NA,NA,NA,NA,NA
132.371,9.4330,-1.3018,10.4392,18.0217,48218.5560,-14.9214,NA,NA,NA,NA,NA,NA,NA,NA,NA,NA
132.458,9.4277,-1.3566,10.4252,17.8637,27773.3440,-50.9957,168361.2320,0.0000,NA,NA,NA,NA,NA,NA,NA,NA
132.558,9.4265,-1.3695,10.4252,17.8637,55633.6240,-1.8380,NA,NA,NA,NA,NA,NA,NA,NA,NA,NA
132.654,9.4239,-1.3969,10.4169,17.7698,55633.6240,-1.8380,NA,NA,NA,NA,NA,NA,NA,NA,NA,NA
132.769,9.4217,-1.4200,10.4055,17.6409,29482.4660,-47.9800,180123.6800,0.0000,NA,NA,NA,NA,NA,NA,NA,NA
132.878,9.4087,-1.5563,10.3971,17.5459,62667.3520,10.5726,NA,NA,NA,NA,NA,NA,NA,NA,NA,NA
132.955,9.3989,-1.6586,10.3952,17.5242,NA,NA,NA,NA,NA,NA,NA,NA,NA,NA,NA,NA
133.055,9.3974,-1.6737,10.3850,17.4094,NA,NA,NA,NA,NA,NA,NA,NA,NA,NA,NA,NA
133.149,9.3871,-1.7813,10.3722,17.2646,34485.1440,-39.1531,NA,NA,NA,NA,NA,NA,NA,NA,NA,NA
133.262,9.3682,-1.9797,10.3623,17.1523,35116.7400,-38.0387,NA,NA,NA,NA,NA,NA,NA,NA,NA,NA
133.352,9.3775,-1.8824,10.3557,17.0777,35116.7400,-38.0387,NA,NA,NA,NA,NA,NA,NA,NA,NA,NA
133.450,9.3799,-1.8569,10.3434,16.9388,24004.5840,-57.6454,NA,NA,NA,NA,NA,NA,NA,NA,NA,NA
133.552,9.3799,-1.8569,10.3354,16.8480,24175.7800,-57.3434,NA,NA,NA,NA,NA,NA,NA,NA,NA,NA
133.647,9.3745,-1.9139,10.3307,16.7953,40162.8920,-29.1351,NA,NA,NA,NA,NA,NA,NA,NA,NA,NA
133.749,9.3509,-2.1601,10.3223,16.7000,41834.9240,-26.1849,NA,NA,NA,NA,NA,NA,NA,NA,NA,NA
133.852,9.3418,-2.2555,10.3131,16.5959,46414.9280,-18.1038,NA,NA,NA,NA,NA,NA,NA,NA,NA,NA
133.996,9.3379,-2.2964,10.3131,16.5959,46414.9280,-18.1038,NA,NA,NA,NA,NA,NA,NA,NA,NA,NA
134.033,9.3371,-2.3048,10.3050,16.5049,26953.7320,-52.4418,NA,NA,NA,NA,NA,NA,NA,NA,NA,NA
134.140,9.3371,-2.3048,10.3014,16.4636,30939.1380,-45.4098,179649.7440,0.0000,NA,NA,NA,NA,NA,NA,NA,NA
134.247,9.3342,-2.3349,10.2888,16.3215,30939.1380,-45.4098,NA,NA,NA,NA,NA,NA,NA,NA,NA,NA
134.341,9.3344,-2.3334,10.2811,16.2350,29702.0380,-47.5926,NA,NA,NA,NA,NA,NA,NA,NA,NA,NA
134.438,9.3381,-2.2942,10.2642,16.0433,23731.3400,-58.1275,NA,NA,NA,NA,NA,NA,NA,NA,NA,NA
134.532,9.3381,-2.2942,10.2506,15.8896,26170.0100,-53.8247,NA,NA,NA,NA,NA,NA,NA,NA,NA,NA
134.652,9.3367,-2.3091,10.2396,15.7657,51561.8800,-9.0223,NA,NA,NA,NA,NA,NA,NA,NA,NA,NA
134.742,9.3283,-2.3968,10.2219,15.5652,58014.3680,2.3627,NA,NA,NA,NA,NA,NA,NA,NA,NA,NA
134.837,9.3104,-2.5838,10.2113,15.4457,63334.8280,11.7503,NA,NA,NA,NA,NA,NA,NA,NA,NA,NA
134.929,9.3017,-2.6756,10.2033,15.3545,63334.8280,11.7503,NA,NA,NA,NA,NA,NA,NA,NA,NA,NA
135.028,9.2946,-2.7499,10.1900,15.2050,23670.6920,-58.2346,NA,NA,NA,NA,NA,NA,NA,NA,NA,NA
135.128,9.2925,-2.7719,10.1841,15.1381,25661.1520,-54.7225,193763.0720,0.0000,NA,NA,NA,NA,NA,NA,NA,NA
135.231,9.4889,-0.7164,10.2962,16.4055,48189.7160,-14.9723,NA,NA,NA,NA,NA,NA,NA,NA,NA,NA
135.316,9.7575,2.0933,10.5160,18.8901,48189.7160,-14.9723,NA,NA,NA,NA,NA,NA,NA,NA,NA,NA
135.422,10.1022,5.7000,10.7136,21.1241,28896.9480,-49.0132,169348.1920,0.0000,NA,NA,NA,NA,NA,NA,NA,NA
135.535,10.4008,8.8245,10.9158,23.4100,28896.9480,-49.0132,NA,NA,NA,NA,NA,NA,NA,NA,NA,NA
135.627,10.6229,11.1482,11.1123,25.6316,27467.1300,-51.5360,NA,NA,NA,NA,NA,NA,NA,NA,NA,NA
135.783,10.8370,13.3890,11.3599,28.4308,22393.8600,-60.4874,NA,NA,NA,NA,NA,NA,NA,NA,NA,NA
135.827,11.0747,15.8754,11.5344,30.4044,24707.1180,-56.4058,NA,NA,NA,NA,NA,NA,NA,NA,NA,NA
135.919,11.2076,17.2663,11.6937,32.2054,46950.0320,-17.1596,NA,NA,NA,NA,NA,NA,NA,NA,NA,NA
136.015,11.3736,19.0032,11.8547,34.0252,53854.4800,-4.9772,NA,NA,NA,NA,NA,NA,NA,NA,NA,NA
136.113,11.5835,21.1989,12.0250,35.9505,62034.1920,9.4554,NA,NA,NA,NA,NA,NA,NA,NA,NA,NA
136.214,11.7191,22.6181,12.2135,38.0819,69569.6000,22.7512,NA,NA,NA,NA,NA,NA,NA,NA,NA,NA
136.312,11.9052,24.5657,12.3128,39.2048,69569.6000,22.7512,NA,NA,NA,NA,NA,NA,NA,NA,NA,NA
136.451,11.9916,25.4694,12.4247,40.4693,27063.2880,-52.2485,NA,NA,NA,NA,NA,NA,NA,NA,NA,NA
136.509,12.1264,26.8799,12.4895,41.2019,27147.8560,-52.0993,NA,NA,NA,NA,NA,NA,NA,NA,NA,NA
136.608,12.2156,27.8128,12.5597,41.9961,27147.8560,-52.0993,NA,NA,NA,NA,NA,NA,NA,NA,NA,NA
136.716,12.2412,28.0804,12.5941,42.3845,23034.8360,-59.3565,NA,NA,NA,NA,NA,NA,NA,NA,NA,NA
136.808,12.2412,28.0804,12.6007,42.4597,25368.5140,-55.2389,NA,NA,NA,NA,NA,NA,NA,NA,NA,NA
136.894,12.2224,27.8842,12.6007,42.4597,48799.5440,-13.8963,NA,NA,NA,NA,NA,NA,NA,NA,NA,NA
137.019,12.1352,26.9713,12.5817,42.2444,55834.7760,-1.4830,NA,NA,NA,NA,NA,NA,NA,NA,NA,NA
137.095,12.0593,26.1781,12.5653,42.0588,63575.0240,12.1741,NA,NA,NA,NA,NA,NA,NA,NA,NA,NA
137.203,12.0246,25.8143,12.5398,41.7711,63575.0240,12.1741,NA,NA,NA,NA,NA,NA,NA,NA,NA,NA
137.292,11.9986,25.5431,12.5271,41.6269,26185.7760,-53.7968,NA,NA,NA,NA,NA,NA,NA,NA,NA,NA
137.391,11.9401,24.9301,12.5163,41.5055,25496.3520,-55.0133,NA,NA,NA,NA,NA,NA,NA,NA,NA,NA
137.485,11.9136,24.6533,12.4940,41.2532,27959.5520,-50.6671,NA,NA,NA,NA,NA,NA,NA,NA,NA,NA
137.597,11.9047,24.5602,12.4835,41.1341,27959.5520,-50.6671,NA,NA,NA,NA,NA,NA,NA,NA,NA,NA
137.688,11.8787,24.2877,12.4674,40.9519,52835.0960,-6.7758,NA,NA,NA,NA,NA,NA,NA,NA,NA,NA
137.795,11.8533,24.0220,12.4569,40.8335,52835.0960,-6.7758,NA,NA,NA,NA,NA,NA,NA,NA,NA,NA
137.889,11.8302,23.7809,12.4485,40.7380,51610.7480,-8.9361,NA,NA,NA,NA,NA,NA,NA,NA,NA,NA
137.999,11.8157,23.6293,12.4422,40.6672,26097.6560,-53.9523,172148.9440,0.0000,NA,NA,NA,NA,NA,NA,NA,NA
138.082,11.8080,23.5478,12.4271,40.4968,49446.4240,-12.7549,NA,NA,NA,NA,NA,NA,NA,NA,NA,NA
138.234,11.7957,23.4191,12.4109,40.3137,49446.4240,-12.7549,NA,NA,NA,NA,NA,NA,NA,NA,NA,NA
138.284,11.7881,23.3405,12.4043,40.2385,27626.8680,-51.2541,NA,NA,NA,NA,NA,NA,NA,NA,NA,NA
138.378,11.7822,23.2784,12.3871,40.0441,31751.2120,-43.9770,188462.2560,0.0000,NA,NA,NA,NA,NA,NA,NA,NA
138.477,11.7726,23.1776,12.3852,40.0229,67500.8160,19.1010,NA,NA,NA,NA,NA,NA,NA,NA,NA,NA
138.579,11.7659,23.1073,12.3744,39.9011,67500.8160,19.1010,NA,NA,NA,NA,NA,NA,NA,NA,NA,NA
138.681,11.7659,23.1073,12.3684,39.8325,30042.1840,-46.9925,NA,NA,NA,NA,NA,NA,NA,NA,NA,NA
138.842,11.7661,23.1098,12.3686,39.8357,26940.5040,-52.4652,NA,NA,NA,NA,NA,NA,NA,NA,NA,NA
138.873,11.7661,23.1098,12.3686,39.8357,52855.3520,-6.7401,NA,NA,NA,NA,NA,NA,NA,NA,NA,NA
138.983,11.7632,23.0793,12.3585,39.7206,58421.4440,3.0810,NA,NA,NA,NA,NA,NA,NA,NA,NA,NA
139.068,11.7258,22.6884,12.3585,39.7206,60788.6360,7.2577,NA,NA,NA,NA,NA,NA,NA,NA,NA,NA
139.168,11.7157,22.5825,12.3505,39.6311,60788.6360,7.2577,NA,NA,NA,NA,NA,NA,NA,NA,NA,NA
139.269,11.7110,22.5337,12.3509,39.6349,23393.6160,-58.7234,NA,NA,NA,NA,NA,NA,NA,NA,NA,NA
139.395,11.6921,22.3355,12.3509,39.6349,26681.0460,-52.9230,191110.3200,0.0000,NA,NA,NA,NA,NA,NA,NA,NA
139.463,11.6912,22.3258,12.3617,39.7573,49739.4640,-12.2378,NA,NA,NA,NA,NA,NA,NA,NA,NA,NA
139.565,11.6856,22.2676,12.3706,39.8577,49739.4640,-12.2378,NA,NA,NA,NA,NA,NA,NA,NA,NA,NA
139.660,11.6640,22.0421,12.3827,39.9952,29430.6340,-48.0715,175326.9760,0.0000,NA,NA,NA,NA,NA,NA,NA,NA
139.763,11.6537,21.9338,12.3827,39.9952,60771.9760,7.2283,NA,NA,NA,NA,NA,NA,NA,NA,NA,NA
139.863,11.6378,21.7677,12.3821,39.9883,60771.9760,7.2283,NA,NA,NA,NA,NA,NA,NA,NA,NA,NA
139.960,11.6299,21.6851,12.3780,39.9416,29641.9020,-47.6987,NA,NA,NA,NA,NA,NA,NA,NA,NA,NA
140.067,11.6238,21.6213,12.3687,39.8364,25271.0840,-55.4108,NA,NA,NA,NA,NA,NA,NA,NA,NA,NA
140.162,11.5846,21.2112,12.3540,39.6697,48183.7440,-14.9828,NA,NA,NA,NA,NA,NA,NA,NA,NA,NA
140.260,11.5408,20.7529,12.3528,39.6567,55061.3200,-2.8478,NA,NA,NA,NA,NA,NA,NA,NA,NA,NA
140.358,11.5119,20.4504,12.3528,39.6567,61887.7520,9.1971,NA,NA,NA,NA,NA,NA,NA,NA,NA,NA
140.456,11.4690,20.0010,12.3311,39.4111,67638.9920,19.3448,NA,NA,NA,NA,NA,NA,NA,NA,NA,NA
140.551,11.4460,19.7608,12.3229,39.3191,67638.9920,19.3448,NA,NA,NA,NA,NA,NA,NA,NA,NA,NA
140.650,11.4121,19.4061,12.3089,39.1603,25953.1320,-54.2073,NA,NA,NA,NA,NA,NA,NA,NA,NA,NA
140.750,11.3940,19.2165,12.3077,39.1465,28070.6080,-50.4712,NA,NA,NA,NA,NA,NA,NA,NA,NA,NA
140.847,11.3798,19.0677,12.2944,38.9963,28070.6080,-50.4712,NA,NA,NA,NA,NA,NA,NA,NA,NA,NA
140.950,11.3681,18.9453,12.2861,38.9019,23488.6520,-58.5557,NA,NA,NA,NA,NA,NA,NA,NA,NA,NA
141.042,11.3622,18.8839,12.2707,38.7284,25651.9460,-54.7388,NA,NA,NA,NA,NA,NA,NA,NA,NA,NA
141.195,11.3620,18.8820,12.2565,38.5680,49544.5600,-12.5817,NA,NA,NA,NA,NA,NA,NA,NA,NA,NA
141.239,11.3040,18.2748,12.2560,38.5622,55940.4600,-1.2966,NA,NA,NA,NA,NA,NA,NA,NA,NA,NA
141.336,11.2951,18.1816,12.2450,38.4382,61926.8600,9.2661,NA,NA,NA,NA,NA,NA,NA,NA,NA,NA
141.435,11.2777,17.9997,12.2422,38.4063,61926.8600,9.2661,NA,NA,NA,NA,NA,NA,NA,NA,NA,NA
141.531,11.2730,17.9509,12.1986,37.9134,24823.2000,-56.2010,NA,NA,NA,NA,NA,NA,NA,NA,NA,NA
141.628,11.2586,17.7994,12.1967,37.8923,25756.7680,-54.5538,NA,NA,NA,NA,NA,NA,NA,NA,NA,NA
141.800,11.2492,17.7018,12.1944,37.8656,29352.6040,-48.2092,NA,NA,NA,NA,NA,NA,NA,NA,NA,NA
141.834,11.2444,17.6509,12.1868,37.7802,29352.6040,-48.2092,NA,NA,NA,NA,NA,NA,NA,NA,NA,NA
141.923,11.2444,17.6509,12.1868,37.7802,24106.6740,-57.4653,NA,NA,NA,NA,NA,NA,NA,NA,NA,NA
142.022,11.2443,17.6503,12.1842,37.7506,26324.8380,-53.5515,NA,NA,NA,NA,NA,NA,NA,NA,NA,NA
142.128,11.2231,17.4285,12.1719,37.6110,51238.7240,-9.5925,NA,NA,NA,NA,NA,NA,NA,NA,NA,NA
142.219,11.1986,17.1720,12.1656,37.5396,57443.3000,1.3551,NA,NA,NA,NA,NA,NA,NA,NA,NA,NA
142.365,11.1870,17.0509,12.1559,37.4307,62930.9440,11.0377,NA,NA,NA,NA,NA,NA,NA,NA,NA,NA
142.411,11.1777,16.9531,12.1518,37.3846,62930.9440,11.0377,NA,NA,NA,NA,NA,NA,NA,NA,NA,NA
142.530,11.1767,16.9434,12.1518,37.3839,24881.0240,-56.0990,NA,NA,NA,NA,NA,NA,NA,NA,NA,NA
142.622,11.1675,16.8470,12.1493,37.3554,25528.6300,-54.9563,NA,NA,NA,NA,NA,NA,NA,NA,NA,NA
142.723,11.1675,16.8470,12.1546,37.4153,26579.3100,-53.1025,NA,NA,NA,NA,NA,NA,NA,NA,NA,NA
142.812,11.1534,16.6992,12.1546,37.4153,48266.7960,-14.8363,NA,NA,NA,NA,NA,NA,NA,NA,NA,NA
142.957,11.1380,16.5381,12.1462,37.3209,48493.7560,-14.4358,NA,NA,NA,NA,NA,NA,NA,NA,NA,NA
143.008,11.1229,16.3799,12.1348,37.1916,49374.3000,-12.8821,NA,NA,NA,NA,NA,NA,NA,NA,NA,NA
143.115,11.1105,16.2502,12.1345,37.1883,49374.3000,-12.8821,NA,NA,NA,NA,NA,NA,NA,NA,NA,NA
143.207,11.1079,16.2226,12.1345,37.1883,28045.7020,-50.5151,172974.3040,0.0000,NA,NA,NA,NA,NA,NA,NA,NA
143.302,11.0878,16.0127,12.1253,37.0846,56270.0320,-0.7151,NA,NA,NA,NA,NA,NA,NA,NA,NA,NA
143.418,11.0969,16.1076,12.1199,37.0232,56270.0320,-0.7151,NA,NA,NA,NA,NA,NA,NA,NA,NA,NA
143.561,11.0969,16.1076,12.1154,36.9722,28834.1940,-49.1239,183069.2480,0.0000,NA,NA,NA,NA,NA,NA,NA,NA
143.607,11.0864,15.9986,12.1154,36.9722,61438.5600,8.4045,NA,NA,NA,NA,NA,NA,NA,NA,NA,NA
143.696,11.0773,15.9029,12.1100,36.9120,61438.5600,8.4045,NA,NA,NA,NA,NA,NA,NA,NA,NA,NA
143.799,11.0729,15.8569,12.0998,36.7959,26953.2360,-52.4427,NA,NA,NA,NA,NA,NA,NA,NA,NA,NA
143.903,11.0616,15.7383,12.0893,36.6776,26238.2660,-53.7042,NA,NA,NA,NA,NA,NA,NA,NA,NA,NA
144.000,11.0531,15.6495,12.0893,36.6776,27439.8320,-51.5841,NA,NA,NA,NA,NA,NA,NA,NA,NA,NA
144.105,11.0424,15.5381,12.0585,36.3290,52917.4040,-6.6306,NA,NA,NA,NA,NA,NA,NA,NA,NA,NA
144.236,11.0238,15.3434,12.0526,36.2629,55377.0800,-2.2906,NA,NA,NA,NA,NA,NA,NA,NA,NA,NA
144.297,11.0084,15.1818,12.0415,36.1373,55407.4520,-2.2370,NA,NA,NA,NA,NA,NA,NA,NA,NA,NA
144.392,11.0016,15.1109,12.0375,36.0918,55407.4520,-2.2370,NA,NA,NA,NA,NA,NA,NA,NA,NA,NA
144.496,10.9941,15.0324,12.0353,36.0674,25340.4440,-55.2884,182410.4960,0.0000,NA,NA,NA,NA,NA,NA,NA,NA
144.590,10.9906,14.9962,12.0353,36.0674,47992.7400,-15.3198,NA,NA,NA,NA,NA,NA,NA,NA,NA,NA
144.692,10.9834,14.9206,12.0278,35.9825,47992.7400,-15.3198,NA,NA,NA,NA,NA,NA,NA,NA,NA,NA
144.809,10.9758,14.8405,12.0214,35.9100,26912.7820,-52.5141,NA,NA,NA,NA,NA,NA,NA,NA,NA,NA
144.890,10.9506,14.5769,12.0211,35.9061,30475.5640,-46.2278,184020.5920,0.0000,NA,NA,NA,NA,NA,NA,NA,NA
144.992,10.9375,14.4404,12.0141,35.8274,30475.5640,-46.2278,NA,NA,NA,NA,NA,NA,NA,NA,NA,NA
145.092,10.9308,14.3697,12.0069,35.7459,30030.4520,-47.0132,NA,NA,NA,NA,NA,NA,NA,NA,NA,NA
145.184,10.9293,14.3539,12.0005,35.6740,23756.8420,-58.0825,NA,NA,NA,NA,NA,NA,NA,NA,NA,NA
145.287,10.9293,14.3539,11.9894,35.5485,25967.7380,-54.1816,NA,NA,NA,NA,NA,NA,NA,NA,NA,NA
145.423,10.9087,14.1389,11.9826,35.4711,50609.6360,-10.7025,NA,NA,NA,NA,NA,NA,NA,NA,NA,NA
145.477,10.8565,13.5932,11.9820,35.4641,56487.7400,-0.3309,NA,NA,NA,NA,NA,NA,NA,NA,NA,NA
145.579,10.8357,13.3755,11.9701,35.3304,61613.2120,8.7126,NA,NA,NA,NA,NA,NA,NA,NA,NA,NA
145.673,10.8342,13.3589,11.9687,35.3145,61613.2120,8.7126,NA,NA,NA,NA,NA,NA,NA,NA,NA,NA
145.785,10.8271,13.2850,11.9581,35.1947,23962.8160,-57.7191,NA,NA,NA,NA,NA,NA,NA,NA,NA,NA
145.876,10.8271,13.2850,11.9560,35.1709,26105.8960,-53.9378,194588.5440,0.0000,NA,NA,NA,NA,NA,NA,NA,NA
146.002,10.8165,13.1741,11.9446,35.0419,49678.0200,-12.3463,NA,NA,NA,NA,NA,NA,NA,NA,NA,NA
146.067,10.7951,12.9497,11.9352,34.9348,49678.0200,-12.3463,NA,NA,NA,NA,NA,NA,NA,NA,NA,NA
146.175,10.7894,12.8902,11.9334,34.9146,28949.5640,-48.9203,175250.0320,0.0000,NA,NA,NA,NA,NA,NA,NA,NA
146.279,10.7704,12.6913,11.9293,34.8682,28949.5640,-48.9203,NA,NA,NA,NA,NA,NA,NA,NA,NA,NA
146.370,10.7530,12.5101,11.9210,34.7751,27977.1280,-50.6361,NA,NA,NA,NA,NA,NA,NA,NA,NA,NA
146.475,10.7482,12.4590,11.9036,34.5782,22538.6520,-60.2320,NA,NA,NA,NA,NA,NA,NA,NA,NA,NA
146.603,10.7440,12.4156,11.8962,34.4949,24746.1120,-56.3370,NA,NA,NA,NA,NA,NA,NA,NA,NA,NA
146.677,10.7423,12.3974,11.8830,34.3449,46709.0320,-17.5848,NA,NA,NA,NA,NA,NA,NA,NA,NA,NA
146.760,10.7300,12.2687,11.8830,34.3449,52864.8920,-6.7232,NA,NA,NA,NA,NA,NA,NA,NA,NA,NA
146.860,10.6984,11.9380,11.8746,34.2498,59975.3800,5.8228,NA,NA,NA,NA,NA,NA,NA,NA,NA,NA
146.960,10.6813,11.7595,11.8615,34.1023,66652.0280,17.6033,NA,NA,NA,NA,NA,NA,NA,NA,NA,NA
147.073,10.6709,11.6506,11.8621,34.1086,66652.0280,17.6033,NA,NA,NA,NA,NA,NA,NA,NA,NA,NA
147.174,10.6662,11.6018,11.8621,34.1086,27181.9520,-52.0392,NA,NA,NA,NA,NA,NA,NA,NA,NA,NA
147.250,10.6663,11.6021,11.8617,34.1045,27712.3840,-51.1032,NA,NA,NA,NA,NA,NA,NA,NA,NA,NA
147.348,10.6663,11.6021,11.8510,33.9837,27712.3840,-51.1032,NA,NA,NA,NA,NA,NA,NA,NA,NA,NA
147.457,10.6601,11.5374,11.8424,33.8859,23122.5400,-59.2017,NA,NA,NA,NA,NA,NA,NA,NA,NA,NA
147.553,10.6477,11.4082,11.8371,33.8258,25400.1720,-55.1830,NA,NA,NA,NA,NA,NA,NA,NA,NA,NA
147.649,10.6241,11.1609,11.8257,33.6971,48398.7280,-14.6035,NA,NA,NA,NA,NA,NA,NA,NA,NA,NA
147.742,10.6127,11.0419,11.8257,33.6971,54758.5160,-3.3820,NA,NA,NA,NA,NA,NA,NA,NA,NA,NA
147.841,10.6025,10.9345,11.7948,33.3485,61661.7120,8.7982,NA,NA,NA,NA,NA,NA,NA,NA,NA,NA
147.937,10.5896,10.8000,11.7800,33.1804,61661.7120,8.7982,NA,NA,NA,NA,NA,NA,NA,NA,NA,NA
148.036,10.5655,10.5476,11.7717,33.0865,26102.8760,-53.9431,NA,NA,NA,NA,NA,NA,NA,NA,NA,NA
148.135,10.5655,10.5476,11.7671,33.0353,25821.1200,-54.4403,NA,NA,NA,NA,NA,NA,NA,NA,NA,NA
148.233,10.5507,10.3926,11.7588,32.9412,28393.8380,-49.9009,NA,NA,NA,NA,NA,NA,NA,NA,NA,NA
148.377,10.5507,10.3926,11.7372,32.6968,28393.8380,-49.9009,NA,NA,NA,NA,NA,NA,NA,NA,NA,NA
148.432,10.5414,10.2958,11.7250,32.5587,23709.6880,-58.1657,NA,NA,NA,NA,NA,NA,NA,NA,NA,NA
148.526,10.5313,10.1904,11.7138,32.4323,25957.2820,-54.2000,NA,NA,NA,NA,NA,NA,NA,NA,NA,NA
148.643,10.4992,9.8540,11.7032,32.3123,49979.2240,-11.8148,NA,NA,NA,NA,NA,NA,NA,NA,NA,NA
148.731,10.4883,9.7405,11.6890,32.1518,49979.2240,-11.8148,NA,NA,NA,NA,NA,NA,NA,NA,NA,NA
148.833,10.4690,9.5379,11.6749,31.9921,30219.3700,-46.6798,177656.7360,0.0000,NA,NA,NA,NA,NA,NA,NA,NA
148.930,10.4682,9.5301,11.6731,31.9723,30219.3700,-46.6798,NA,NA,NA,NA,NA,NA,NA,NA,NA,NA
149.035,10.4444,9.2805,11.6618,31.8448,27179.4600,-52.0435,NA,NA,NA,NA,NA,NA,NA,NA,NA,NA
149.125,10.4383,9.2166,11.6517,31.7307,31082.0060,-45.1578,189122.6400,0.0000,NA,NA,NA,NA,NA,NA,NA,NA
149.222,10.4383,9.2166,11.6458,31.6635,65829.1280,16.1514,NA,NA,NA,NA,NA,NA,NA,NA,NA,NA
149.331,10.4247,9.0743,11.6215,31.3893,65829.1280,16.1514,NA,NA,NA,NA,NA,NA,NA,NA,NA,NA
149.458,10.4185,9.0097,11.6151,31.3165,29743.6560,-47.5192,NA,NA,NA,NA,NA,NA,NA,NA,NA,NA
149.523,10.4196,9.0213,11.6123,31.2848,26632.8600,-53.0080,NA,NA,NA,NA,NA,NA,NA,NA,NA,NA
149.620,10.4196,9.0213,11.5788,30.9057,51663.5920,-8.8428,NA,NA,NA,NA,NA,NA,NA,NA,NA,NA
149.718,10.4014,8.8307,11.5623,30.7189,57122.4160,0.7889,NA,NA,NA,NA,NA,NA,NA,NA,NA,NA
149.836,10.3984,8.7998,11.5603,30.6963,60090.9520,6.0267,NA,NA,NA,NA,NA,NA,NA,NA,NA,NA
149.919,10.3833,8.6412,11.5495,30.5749,60090.9520,6.0267,NA,NA,NA,NA,NA,NA,NA,NA,NA,NA
150.019,10.3811,8.6189,11.5516,30.5980,23625.1160,-58.3150,NA,NA,NA,NA,NA,NA,NA,NA,NA,NA
150.158,10.3600,8.3982,11.5516,30.5980,26839.1940,-52.6439,190724.9440,0.0000,NA,NA,NA,NA,NA,NA,NA,NA
150.215,10.3512,8.3053,11.5324,30.3819,50517.1640,-10.8656,NA,NA,NA,NA,NA,NA,NA,NA,NA,NA
150.315,10.3468,8.2600,11.5272,30.3223,50517.1640,-10.8656,NA,NA,NA,NA,NA,NA,NA,NA,NA,NA
150.407,10.3265,8.0476,11.5150,30.1850,29228.5900,-48.4280,176583.8720,0.0000,NA,NA,NA,NA,NA,NA,NA,NA
150.509,10.2919,7.6855,11.5109,30.1385,60209.6840,6.2362,NA,NA,NA,NA,NA,NA,NA,NA,NA,NA
150.617,10.2794,7.5547,11.5084,30.1101,60209.6840,6.2362,NA,NA,NA,NA,NA,NA,NA,NA,NA,NA
150.740,10.2653,7.4066,11.4931,29.9375,29006.0980,-48.8206,NA,NA,NA,NA,NA,NA,NA,NA,NA,NA
150.833,10.2653,7.4066,11.4862,29.8595,25236.7660,-55.4713,NA,NA,NA,NA,NA,NA,NA,NA,NA,NA
150.913,10.2513,7.2601,11.4731,29.7113,47602.9160,-16.0076,NA,NA,NA,NA,NA,NA,NA,NA,NA,NA
151.004,10.2304,7.0413,11.4642,29.6104,54075.0440,-4.5880,NA,NA,NA,NA,NA,NA,NA,NA,NA,NA
151.104,10.2249,6.9844,11.4636,29.6036,60817.4080,7.3085,NA,NA,NA,NA,NA,NA,NA,NA,NA,NA
151.202,10.2175,6.9063,11.4471,29.4176,66623.4320,17.5529,NA,NA,NA,NA,NA,NA,NA,NA,NA,NA
151.306,10.2167,6.8981,11.4332,29.2603,66623.4320,17.5529,NA,NA,NA,NA,NA,NA,NA,NA,NA,NA
151.454,10.2167,6.8981,11.4175,29.0825,26120.5080,-53.9120,NA,NA,NA,NA,NA,NA,NA,NA,NA,NA
151.502,10.2073,6.8005,11.3857,28.7227,27982.3820,-50.6268,NA,NA,NA,NA,NA,NA,NA,NA,NA,NA
151.595,10.2173,6.9045,11.3748,28.6000,27982.3820,-50.6268,NA,NA,NA,NA,NA,NA,NA,NA,NA,NA
151.697,10.2173,6.9045,11.3689,28.5325,23409.9040,-58.6947,NA,NA,NA,NA,NA,NA,NA,NA,NA,NA
151.788,10.2110,6.8389,11.3517,28.3383,25575.1840,-54.8742,NA,NA,NA,NA,NA,NA,NA,NA,NA,NA
151.886,10.1992,6.7152,11.3517,28.3383,49265.2200,-13.0746,NA,NA,NA,NA,NA,NA,NA,NA,NA,NA
152.073,10.1808,6.5228,11.3199,27.9784,55857.4200,-1.4431,NA,NA,NA,NA,NA,NA,NA,NA,NA,NA
152.087,10.1714,6.4246,11.3207,27.9878,62553.4560,10.3716,NA,NA,NA,NA,NA,NA,NA,NA,NA,NA
152.179,10.1593,6.2979,11.3207,27.9878,62553.4560,10.3716,NA,NA,NA,NA,NA,NA,NA,NA,NA,NA
152.280,10.1419,6.1160,11.3052,27.8131,25165.0320,-55.5979,NA,NA,NA,NA,NA,NA,NA,NA,NA,NA
152.379,10.1336,6.0294,11.2973,27.7230,25629.9640,-54.7775,NA,NA,NA,NA,NA,NA,NA,NA,NA,NA
152.475,10.1249,5.9376,11.2886,27.6247,29008.4560,-48.8164,NA,NA,NA,NA,NA,NA,NA,NA,NA,NA
152.600,10.1249,5.9376,11.2826,27.5576,29008.4560,-48.8164,NA,NA,NA,NA,NA,NA,NA,NA,NA,NA
152.672,10.1242,5.9300,11.2799,27.5263,24038.3420,-57.5859,NA,NA,NA,NA,NA,NA,NA,NA,NA,NA
152.774,10.1233,5.9216,11.2732,27.4513,26266.1520,-53.6550,NA,NA,NA,NA,NA,NA,NA,NA,NA,NA
152.872,10.1177,5.8625,11.2660,27.3700,51135.4000,-9.7748,NA,NA,NA,NA,NA,NA,NA,NA,NA,NA
152.964,10.1112,5.7946,11.2417,27.0952,57745.2920,1.8879,NA,NA,NA,NA,NA,NA,NA,NA,NA,NA
153.063,10.1016,5.6940,11.2387,27.0614,63738.4480,12.4625,NA,NA,NA,NA,NA,NA,NA,NA,NA,NA
153.159,10.0974,5.6496,11.2334,27.0007,63738.4480,12.4625,NA,NA,NA,NA,NA,NA,NA,NA,NA,NA
153.267,10.0943,5.6179,11.2334,27.0007,25099.7000,-55.7132,NA,NA,NA,NA,NA,NA,NA,NA,NA,NA
153.372,10.0876,5.5473,11.2141,26.7826,25710.2040,-54.6360,NA,NA,NA,NA,NA,NA,NA,NA,NA,NA
153.471,10.0876,5.5473,11.2061,26.6926,26836.3240,-52.6490,NA,NA,NA,NA,NA,NA,NA,NA,NA,NA
153.562,10.0769,5.4358,11.1858,26.4634,49579.5880,-12.5199,NA,NA,NA,NA,NA,NA,NA,NA,NA,NA
153.663,10.0662,5.3240,11.1812,26.4103,49579.5880,-12.5199,NA,NA,NA,NA,NA,NA,NA,NA,NA,NA
153.760,10.0499,5.1531,11.1812,26.4103,49064.0000,-13.4297,NA,NA,NA,NA,NA,NA,NA,NA,NA,NA
153.857,10.0341,4.9882,11.1702,26.2861,49064.0000,-13.4297,NA,NA,NA,NA,NA,NA,NA,NA,NA,NA
153.951,10.0245,4.8877,11.1657,26.2355,27564.2340,-51.3646,169997.4240,0.0000,NA,NA,NA,NA,NA,NA,NA,NA
154.063,10.0198,4.8377,11.1482,26.0376,54448.5680,-3.9289,NA,NA,NA,NA,NA,NA,NA,NA,NA,NA
154.155,10.0070,4.7042,11.1367,25.9081,54448.5680,-3.9289,NA,NA,NA,NA,NA,NA,NA,NA,NA,NA
154.246,10.0000,4.6314,11.1171,25.6866,29267.8720,-48.3587,177203.8400,0.0000,NA,NA,NA,NA,NA,NA,NA,NA
154.368,9.9964,4.5932,11.1075,25.5779,62422.7360,10.1410,NA,NA,NA,NA,NA,NA,NA,NA,NA,NA
154.444,9.9780,4.4010,11.1034,25.5318,62422.7360,10.1410,NA,NA,NA,NA,NA,NA,NA,NA,NA,NA
154.580,9.9701,4.3179,11.0871,25.3468,27719.5160,-51.0907,NA,NA,NA,NA,NA,NA,NA,NA,NA,NA
154.648,9.9876,4.5009,11.0748,25.2077,26884.4680,-52.5640,NA,NA,NA,NA,NA,NA,NA,NA,NA,NA
154.748,10.0527,5.1825,11.1274,25.8032,27863.7140,-50.8362,NA,NA,NA,NA,NA,NA,NA,NA,NA,NA
154.845,10.1238,5.9268,11.2884,27.6229,54798.1920,-3.3120,NA,NA,NA,NA,NA,NA,NA,NA,NA,NA
155.001,10.1627,6.3334,11.3506,28.3261,57442.4560,1.3536,NA,NA,NA,NA,NA,NA,NA,NA,NA,NA
155.050,10.2819,7.5808,11.4620,29.5850,57442.4560,1.3536,NA,NA,NA,NA,NA,NA,NA,NA,NA,NA
155.138,10.3274,8.0565,11.4977,29.9886,57001.5840,0.5757,NA,NA,NA,NA,NA,NA,NA,NA,NA,NA
155.238,10.3493,8.2858,11.5149,30.1834,24901.8600,-56.0622,181912.8160,0.0000,NA,NA,NA,NA,NA,NA,NA,NA
155.335,10.3516,8.3101,11.5149,30.1834,46839.3480,-17.3549,NA,NA,NA,NA,NA,NA,NA,NA,NA,NA
155.434,10.3516,8.3101,11.5077,30.1023,46839.3480,-17.3549,NA,NA,NA,NA,NA,NA,NA,NA,NA,NA
155.584,10.3410,8.1984,11.4975,29.9863,26836.7480,-52.6482,NA,NA,NA,NA,NA,NA,NA,NA,NA,NA
155.631,10.3292,8.0756,11.4790,29.7775,30637.1560,-45.9427,181196.3360,0.0000,NA,NA,NA,NA,NA,NA,NA,NA
155.744,10.3013,7.7833,11.4660,29.6306,30637.1560,-45.9427,NA,NA,NA,NA,NA,NA,NA,NA,NA,NA
155.859,10.2834,7.5964,11.4397,29.3333,29557.1580,-47.8483,NA,NA,NA,NA,NA,NA,NA,NA,NA,NA
155.940,10.2632,7.3848,11.4181,29.0891,23655.0280,-58.2622,NA,NA,NA,NA,NA,NA,NA,NA,NA,NA
156.028,10.2508,7.2551,11.3962,28.8416,25984.1100,-54.1527,NA,NA,NA,NA,NA,NA,NA,NA,NA,NA
156.133,10.2101,6.8296,11.3809,28.6681,51242.6720,-9.5855,NA,NA,NA,NA,NA,NA,NA,NA,NA,NA
156.229,10.1899,6.6176,11.3481,28.2976,58001.0840,2.3393,NA,NA,NA,NA,NA,NA,NA,NA,NA,NA
156.330,10.1706,6.4161,11.3288,28.0797,63821.4600,12.6090,NA,NA,NA,NA,NA,NA,NA,NA,NA,NA
156.430,10.1466,6.1648,11.3097,27.8637,63821.4600,12.6090,NA,NA,NA,NA,NA,NA,NA,NA,NA,NA
156.528,10.1249,5.9381,11.2948,27.6954,24132.1800,-57.4203,NA,NA,NA,NA,NA,NA,NA,NA,NA,NA
156.622,10.1175,5.8608,11.2864,27.6004,25735.5240,-54.5913,NA,NA,NA,NA,NA,NA,NA,NA,NA,NA
156.716,10.1120,5.8028,11.2780,27.5047,29826.6340,-47.3728,NA,NA,NA,NA,NA,NA,NA,NA,NA,NA
156.828,10.1120,5.8028,11.2734,27.4535,29826.6340,-47.3728,NA,NA,NA,NA,NA,NA,NA,NA,NA,NA
156.913,10.1041,5.7204,11.2537,27.2304,24257.8140,-57.1986,NA,NA,NA,NA,NA,NA,NA,NA,NA,NA
157.012,10.0930,5.6038,11.2341,27.0085,26775.7520,-52.7559,NA,NA,NA,NA,NA,NA,NA,NA,NA,NA
157.113,10.0813,5.4814,11.2220,26.8726,53116.2480,-6.2797,NA,NA,NA,NA,NA,NA,NA,NA,NA,NA
157.205,10.0654,5.3155,11.2140,26.7814,59563.7720,5.0965,NA,NA,NA,NA,NA,NA,NA,NA,NA,NA
157.313,10.0532,5.1873,11.1917,26.5290,64063.6560,13.0363,NA,NA,NA,NA,NA,NA,NA,NA,NA,NA
157.404,10.0492,5.1459,11.1786,26.3813,64063.6560,13.0363,NA,NA,NA,NA,NA,NA,NA,NA,NA,NA
157.500,10.1221,5.9089,11.1877,26.4845,24074.6520,-57.5218,NA,NA,NA,NA,NA,NA,NA,NA,NA,NA
157.597,10.2312,7.0506,11.2829,27.5606,26668.2400,-52.9456,NA,NA,NA,NA,NA,NA,NA,NA,NA,NA
157.704,10.4351,9.1830,11.4795,29.7836,26668.2400,-52.9456,NA,NA,NA,NA,NA,NA,NA,NA,NA,NA
157.795,10.5484,10.3688,11.6370,31.5643,22502.5560,-60.2957,NA,NA,NA,NA,NA,NA,NA,NA,NA,NA
157.896,10.5932,10.8374,11.6982,32.2560,24692.9380,-56.4309,NA,NA,NA,NA,NA,NA,NA,NA,NA,NA
157.994,10.6037,10.9471,11.7183,32.4833,27583.8060,-51.3301,NA,NA,NA,NA,NA,NA,NA,NA,NA,NA
158.087,10.6045,10.9561,11.7263,32.5740,55108.1840,-2.7651,NA,NA,NA,NA,NA,NA,NA,NA,NA,NA
158.194,10.6045,10.9561,11.7284,32.5970,60855.7600,7.3762,NA,NA,NA,NA,NA,NA,NA,NA,NA,NA
158.285,10.5986,10.8946,11.7284,32.5970,63133.2800,11.3947,NA,NA,NA,NA,NA,NA,NA,NA,NA,NA
158.390,10.5970,10.8771,11.7093,32.3814,63133.2800,11.3947,NA,NA,NA,NA,NA,NA,NA,NA,NA,NA
158.501,10.5700,10.5953,11.7091,32.3796,24704.0820,-56.4112,NA,NA,NA,NA,NA,NA,NA,NA,NA,NA
158.593,10.5614,10.5050,11.6775,32.0219,25480.3060,-55.0416,NA,NA,NA,NA,NA,NA,NA,NA,NA,NA
158.688,10.5466,10.3496,11.6541,31.7572,46039.6000,-18.7660,NA,NA,NA,NA,NA,NA,NA,NA,NA,NA
158.784,10.5155,10.0252,11.6441,31.6442,46039.6000,-18.7660,NA,NA,NA,NA,NA,NA,NA,NA,NA,NA
158.889,10.4945,9.8045,11.6374,31.5690,45933.9280,-18.9525,NA,NA,NA,NA,NA,NA,NA,NA,NA,NA
158.985,10.4820,9.6742,11.6343,31.5338,48718.8800,-14.0386,NA,NA,NA,NA,NA,NA,NA,NA,NA,NA
159.077,10.4377,9.2111,11.6272,31.4533,48718.8800,-14.0386,NA,NA,NA,NA,NA,NA,NA,NA,NA,NA
159.235,10.4268,9.0971,11.6269,31.4503,29201.8420,-48.4752,171244.8960,0.0000,NA,NA,NA,NA,NA,NA,NA,NA
159.285,10.3990,8.8059,11.6225,31.3996,59675.5720,5.2938,NA,NA,NA,NA,NA,NA,NA,NA,NA,NA
159.373,10.3939,8.7522,11.6033,31.1833,59675.5720,5.2938,NA,NA,NA,NA,NA,NA,NA,NA,NA,NA
159.470,10.3681,8.4822,11.6028,31.1774,30865.0960,-45.5405,NA,NA,NA,NA,NA,NA,NA,NA,NA,NA
159.572,10.3541,8.3358,11.5886,31.0162,32940.4080,-41.8787,NA,NA,NA,NA,NA,NA,NA,NA,NA,NA
159.669,10.3502,8.2949,11.5839,30.9642,32940.4080,-41.8787,NA,NA,NA,NA,NA,NA,NA,NA,NA,NA
159.797,10.3537,8.3313,11.5794,30.9130,21696.6520,-61.7176,NA,NA,NA,NA,NA,NA,NA,NA,NA,NA
159.872,10.3537,8.3313,11.5723,30.8330,22878.8880,-59.6316,NA,NA,NA,NA,NA,NA,NA,NA,NA,NA
159.972,10.3443,8.2335,11.5515,30.5969,38768.4400,-31.5955,NA,NA,NA,NA,NA,NA,NA,NA,NA,NA
160.075,10.3114,7.8889,11.5463,30.5384,45178.8640,-20.2847,NA,NA,NA,NA,NA,NA,NA,NA,NA,NA
160.168,10.2984,7.7534,11.5266,30.3153,45178.8640,-20.2847,NA,NA,NA,NA,NA,NA,NA,NA,NA,NA
160.268,10.2806,7.5671,11.5186,30.2255,27744.5640,-51.0465,NA,NA,NA,NA,NA,NA,NA,NA,NA,NA
160.362,10.2792,7.5528,11.5051,30.0729,27744.5640,-51.0465,NA,NA,NA,NA,NA,NA,NA,NA,NA,NA
160.462,10.2593,7.3440,11.4961,29.9709,23237.4400,-58.9990,NA,NA,NA,NA,NA,NA,NA,NA,NA,NA
160.559,10.3039,7.8106,11.5183,30.2222,25558.7280,-54.9032,NA,NA,NA,NA,NA,NA,NA,NA,NA,NA
160.658,10.4035,8.8533,11.6513,31.7259,49439.6280,-12.7669,NA,NA,NA,NA,NA,NA,NA,NA,NA,NA
160.755,10.5421,10.3026,11.8245,33.6832,56591.7120,-0.1475,NA,NA,NA,NA,NA,NA,NA,NA,NA,NA
160.856,10.6625,11.5625,11.9800,35.4419,63797.3320,12.5664,NA,NA,NA,NA,NA,NA,NA,NA,NA,NA
161.011,10.7109,12.0690,12.0392,36.1110,63797.3320,12.5664,NA,NA,NA,NA,NA,NA,NA,NA,NA,NA
161.054,10.7404,12.3777,12.0698,36.4566,25814.0960,-54.4526,NA,NA,NA,NA,NA,NA,NA,NA,NA,NA
161.147,10.7408,12.3821,12.0831,36.6073,25464.9720,-55.0687,NA,NA,NA,NA,NA,NA,NA,NA,NA,NA
161.258,10.7675,12.6615,12.0885,36.6685,28289.1440,-50.0856,NA,NA,NA,NA,NA,NA,NA,NA,NA,NA
161.342,10.7675,12.6615,12.0885,36.6685,28289.1440,-50.0856,NA,NA,NA,NA,NA,NA,NA,NA,NA,NA
161.446,10.7671,12.6573,12.0794,36.5659,23922.5800,-57.7901,NA,NA,NA,NA,NA,NA,NA,NA,NA,NA
161.532,10.7628,12.6118,12.0718,36.4800,26250.0280,-53.6835,NA,NA,NA,NA,NA,NA,NA,NA,NA,NA
161.641,10.7486,12.4633,12.0676,36.4321,51352.9040,-9.3910,NA,NA,NA,NA,NA,NA,NA,NA,NA,NA
161.730,10.7425,12.3994,12.0625,36.3743,58868.2120,3.8693,NA,NA,NA,NA,NA,NA,NA,NA,NA,NA
161.836,10.7077,12.0355,12.0473,36.2025,65762.0120,16.0329,NA,NA,NA,NA,NA,NA,NA,NA,NA,NA
161.927,10.6917,11.8680,12.0404,36.1246,65762.0120,16.0329,NA,NA,NA,NA,NA,NA,NA,NA,NA,NA
162.031,10.6754,11.6974,12.0360,36.0751,25783.1480,-54.5073,NA,NA,NA,NA,NA,NA,NA,NA,NA,NA
162.196,10.6673,11.6131,12.0285,35.9906,25959.1960,-54.1966,NA,NA,NA,NA,NA,NA,NA,NA,NA,NA
162.217,10.6472,11.4027,12.0090,35.7697,25959.1960,-54.1966,NA,NA,NA,NA,NA,NA,NA,NA,NA,NA
162.317,10.6472,11.4027,11.9982,35.6472,22048.0620,-61.0976,NA,NA,NA,NA,NA,NA,NA,NA,NA,NA
162.420,10.6392,11.3186,11.9720,35.3516,24272.8740,-57.1720,NA,NA,NA,NA,NA,NA,NA,NA,NA,NA
162.514,10.6389,11.3158,11.9650,35.2727,26929.3480,-52.4849,NA,NA,NA,NA,NA,NA,NA,NA,NA,NA
162.618,10.5764,10.6623,11.9481,35.0815,53322.9000,-5.9151,NA,NA,NA,NA,NA,NA,NA,NA,NA,NA
162.712,10.5739,10.6358,11.9363,34.9479,60441.0080,6.6444,NA,NA,NA,NA,NA,NA,NA,NA,NA,NA
162.814,10.5578,10.4675,11.9264,34.8363,67001.2520,18.2195,NA,NA,NA,NA,NA,NA,NA,NA,NA,NA
162.909,10.5492,10.3778,11.9108,34.6592,67001.2520,18.2195,NA,NA,NA,NA,NA,NA,NA,NA,NA,NA
163.014,10.5339,10.2171,11.9006,34.5446,25680.6160,-54.6882,NA,NA,NA,NA,NA,NA,NA,NA,NA,NA
163.105,10.5292,10.1679,11.8889,34.4119,26700.4460,-52.8887,NA,NA,NA,NA,NA,NA,NA,NA,NA,NA
163.200,10.5199,10.0713,11.8811,34.3236,26700.4460,-52.8887,NA,NA,NA,NA,NA,NA,NA,NA,NA,NA
163.304,10.5199,10.0713,11.8534,34.0106,22677.0180,-59.9878,NA,NA,NA,NA,NA,NA,NA,NA,NA,NA
163.423,10.5029,9.8932,11.8394,33.8522,48471.4800,-14.4751,NA,NA,NA,NA,NA,NA,NA,NA,NA,NA
163.509,10.4844,9.6997,11.8314,33.7620,49177.1760,-13.2300,NA,NA,NA,NA,NA,NA,NA,NA,NA,NA
163.603,10.4765,9.6166,11.8213,33.6479,49177.1760,-13.2300,NA,NA,NA,NA,NA,NA,NA,NA,NA,NA
163.699,10.4721,9.5706,11.8153,33.5800,28546.2080,-49.6320,170302.4480,0.0000,NA,NA,NA,NA,NA,NA,NA,NA
163.809,10.4525,9.3657,11.8071,33.4865,56349.2320,-0.5753,NA,NA,NA,NA,NA,NA,NA,NA,NA,NA
163.901,10.4422,9.2577,11.7850,33.2370,56349.2320,-0.5753,NA,NA,NA,NA,NA,NA,NA,NA,NA,NA
163.996,10.4192,9.0166,11.7694,33.0611,30244.9040,-46.6348,180980.8960,0.0000,NA,NA,NA,NA,NA,NA,NA,NA
164.092,10.4062,8.8809,11.7366,32.6904,64322.6000,13.4932,NA,NA,NA,NA,NA,NA,NA,NA,NA,NA
164.200,10.3984,8.7999,11.7188,32.4890,64322.6000,13.4932,NA,NA,NA,NA,NA,NA,NA,NA,NA,NA
164.296,10.3654,8.4544,11.7082,32.3690,28546.3040,-49.6318,NA,NA,NA,NA,NA,NA,NA,NA,NA,NA
164.395,10.3697,8.4990,11.6931,32.1980,27535.0040,-51.4162,NA,NA,NA,NA,NA,NA,NA,NA,NA,NA
164.491,10.6092,11.0050,11.7608,32.9635,28560.4880,-49.6068,NA,NA,NA,NA,NA,NA,NA,NA,NA,NA
164.609,10.9593,14.6685,11.9894,35.5486,56480.0920,-0.3444,NA,NA,NA,NA,NA,NA,NA,NA,NA,NA
164.693,11.3092,18.3291,12.3550,39.6812,58451.0880,3.1333,NA,NA,NA,NA,NA,NA,NA,NA,NA,NA
164.786,11.6771,22.1787,12.6243,42.7261,58451.0880,3.1333,NA,NA,NA,NA,NA,NA,NA,NA,NA,NA
164.885,11.9245,24.7676,12.8262,45.0082,57540.0160,1.5257,NA,NA,NA,NA,NA,NA,NA,NA,NA,NA
164.981,12.2477,28.1494,13.0163,47.1579,25612.9900,-54.8075,184346.1600,0.0000,NA,NA,NA,NA,NA,NA,NA,NA
165.089,12.4125,29.8736,13.2054,49.2952,47445.3040,-16.2857,NA,NA,NA,NA,NA,NA,NA,NA,NA,NA
165.216,12.5898,31.7288,13.3972,51.4644,47445.3040,-16.2857,NA,NA,NA,NA,NA,NA,NA,NA,NA,NA
165.278,12.7388,33.2871,13.4859,52.4671,27817.3740,-50.9180,167343.2160,0.0000,NA,NA,NA,NA,NA,NA,NA,NA
165.377,12.9278,35.2647,13.5832,53.5671,57956.5920,2.2608,NA,NA,NA,NA,NA,NA,NA,NA,NA,NA
165.485,13.0666,36.7169,13.6877,54.7488,191353.2000,237.6307,NA,NA,NA,NA,NA,NA,NA,NA,NA,NA
165.591,13.2037,38.1521,13.7264,55.1862,191353.2000,237.6307,NA,NA,NA,NA,NA,NA,NA,NA,NA,NA
165.681,13.2390,38.5209,13.7861,55.8604,29174.6720,-48.5231,NA,NA,NA,NA,NA,NA,NA,NA,NA,NA
165.793,13.2390,38.5209,13.8064,56.0902,27003.0960,-52.3547,NA,NA,NA,NA,NA,NA,NA,NA,NA,NA
165.875,13.2327,38.4547,13.8064,56.0902,52872.0400,-6.7106,NA,NA,NA,NA,NA,NA,NA,NA,NA,NA
165.971,13.1892,38.0000,13.7963,55.9762,59717.6560,5.3681,NA,NA,NA,NA,NA,NA,NA,NA,NA,NA
166.100,13.1630,37.7257,13.7885,55.8879,65436.0680,15.4578,NA,NA,NA,NA,NA,NA,NA,NA,NA,NA
166.169,13.1211,37.2878,13.7885,55.8879,65436.0680,15.4578,NA,NA,NA,NA,NA,NA,NA,NA,NA,NA
166.268,13.0950,37.0145,13.7724,55.7063,24547.4560,-56.6876,NA,NA,NA,NA,NA,NA,NA,NA,NA,NA
166.388,13.0384,36.4222,13.7642,55.6133,26085.3060,-53.9741,NA,NA,NA,NA,NA,NA,NA,NA,NA,NA
166.466,13.0174,36.2020,13.7485,55.4362,26085.3060,-53.9741,NA,NA,NA,NA,NA,NA,NA,NA,NA,NA
166.562,12.9989,36.0085,13.7347,55.2804,22417.2980,-60.4461,NA,NA,NA,NA,NA,NA,NA,NA,NA,NA
166.658,12.9915,35.9319,13.7231,55.1484,24686.3880,-56.4424,NA,NA,NA,NA,NA,NA,NA,NA,NA,NA
166.760,12.9770,35.7802,13.7217,55.1329,27690.0600,-51.1426,NA,NA,NA,NA,NA,NA,NA,NA,NA,NA
166.856,12.9454,35.4487,13.7072,54.9686,56595.3880,-0.1410,NA,NA,NA,NA,NA,NA,NA,NA,NA,NA
167.005,12.9073,35.0509,13.6858,54.7270,64564.2320,13.9195,NA,NA,NA,NA,NA,NA,NA,NA,NA,NA
167.052,12.8864,34.8314,13.6823,54.6874,69457.5360,22.5535,NA,NA,NA,NA,NA,NA,NA,NA,NA,NA
167.158,12.8579,34.5340,13.6806,54.6682,69457.5360,22.5535,NA,NA,NA,NA,NA,NA,NA,NA,NA,NA
167.248,12.8345,34.2885,13.6496,54.3178,24294.9920,-57.1330,NA,NA,NA,NA,NA,NA,NA,NA,NA,NA
167.357,12.8067,33.9975,13.6587,54.4207,26705.7460,-52.8794,NA,NA,NA,NA,NA,NA,NA,NA,NA,NA
167.441,12.7889,33.8116,13.6587,54.4207,26705.7460,-52.8794,NA,NA,NA,NA,NA,NA,NA,NA,NA,NA
167.543,12.7647,33.5583,13.6471,54.2899,23047.3760,-59.3344,NA,NA,NA,NA,NA,NA,NA,NA,NA,NA
167.656,12.7529,33.4347,13.6479,54.2986,25413.2540,-55.1599,NA,NA,NA,NA,NA,NA,NA,NA,NA,NA
167.747,12.7103,32.9887,13.6479,54.2986,49598.7560,-12.4861,NA,NA,NA,NA,NA,NA,NA,NA,NA,NA
167.835,12.6684,32.5506,13.6448,54.2630,56810.5320,0.2386,NA,NA,NA,NA,NA,NA,NA,NA,NA,NA
167.955,12.6152,31.9946,13.6222,54.0077,62590.4040,10.4368,NA,NA,NA,NA,NA,NA,NA,NA,NA,NA
168.033,12.6039,31.8755,13.6147,53.9237,64176.4800,13.2354,NA,NA,NA,NA,NA,NA,NA,NA,NA,NA
168.155,12.5860,31.6882,13.6057,53.8216,64176.4800,13.2354,NA,NA,NA,NA,NA,NA,NA,NA,NA,NA
168.229,12.5753,31.5762,13.5845,53.5820,25056.5120,-55.7894,NA,NA,NA,NA,NA,NA,NA,NA,NA,NA
168.325,12.5455,31.2647,13.5735,53.4568,28734.8520,-49.2992,NA,NA,NA,NA,NA,NA,NA,NA,NA,NA
168.440,12.5380,31.1863,13.5593,53.2965,28734.8520,-49.2992,NA,NA,NA,NA,NA,NA,NA,NA,NA,NA
168.536,12.5315,31.1182,13.5502,53.1938,45309.9000,-20.0535,NA,NA,NA,NA,NA,NA,NA,NA,NA,NA
168.627,12.5137,30.9317,13.5487,53.1767,46225.4080,-18.4382,NA,NA,NA,NA,NA,NA,NA,NA,NA,NA
168.731,12.5013,30.8024,13.5409,53.0886,46225.4080,-18.4382,NA,NA,NA,NA,NA,NA,NA,NA,NA,NA
168.855,12.4876,30.6594,13.5374,53.0496,26338.1580,-53.5280,NA,NA,NA,NA,NA,NA,NA,NA,NA,NA
168.925,12.4846,30.6274,13.5411,53.0911,29566.1780,-47.8323,177551.2640,0.0000,NA,NA,NA,NA,NA,NA,NA,NA
169.023,12.4776,30.5549,13.5411,53.0911,60562.9120,6.8595,NA,NA,NA,NA,NA,NA,NA,NA,NA,NA
169.123,12.4732,30.5082,13.5387,53.0645,60562.9120,6.8595,NA,NA,NA,NA,NA,NA,NA,NA,NA,NA
169.220,12.4354,30.1129,13.5338,53.0084,30771.5620,-45.7055,NA,NA,NA,NA,NA,NA,NA,NA,NA,NA
169.313,12.4315,30.0724,13.5338,53.0084,33452.4980,-40.9752,NA,NA,NA,NA,NA,NA,NA,NA,NA,NA
169.413,12.4309,30.0660,13.5274,52.9360,33452.4980,-40.9752,NA,NA,NA,NA,NA,NA,NA,NA,NA,NA
169.513,12.4444,30.2075,13.5274,52.9360,22115.7120,-60.9782,NA,NA,NA,NA,NA,NA,NA,NA,NA,NA
169.606,12.4444,30.2075,13.5236,52.8937,23456.4780,-58.6125,NA,NA,NA,NA,NA,NA,NA,NA,NA,NA
169.705,12.4368,30.1277,13.5265,52.9257,40199.0640,-29.0713,NA,NA,NA,NA,NA,NA,NA,NA,NA,NA
169.809,12.4241,29.9945,13.5265,52.9257,46794.0960,-17.4348,NA,NA,NA,NA,NA,NA,NA,NA,NA,NA
169.992,12.4028,29.7713,13.5261,52.9215,55264.6280,-2.4890,NA,NA,NA,NA,NA,NA,NA,NA,NA,NA
170.005,12.3830,29.5646,13.5229,52.8849,55264.6280,-2.4890,NA,NA,NA,NA,NA,NA,NA,NA,NA,NA
170.108,12.3557,29.2788,13.5229,52.8849,27957.2960,-50.6711,NA,NA,NA,NA,NA,NA,NA,NA,NA,NA
170.205,12.3251,28.9590,13.5221,52.8768,27957.2960,-50.6711,NA,NA,NA,NA,NA,NA,NA,NA,NA,NA
170.304,12.3165,28.8693,13.5221,52.8768,26322.9600,-53.5548,NA,NA,NA,NA,NA,NA,NA,NA,NA,NA
170.413,12.2967,28.6620,13.5174,52.8229,49649.7280,-12.3962,NA,NA,NA,NA,NA,NA,NA,NA,NA,NA
170.502,12.2891,28.5826,13.5156,52.8031,55828.1720,-1.4947,NA,NA,NA,NA,NA,NA,NA,NA,NA,NA
170.594,12.2749,28.4331,13.5164,52.8116,62198.8160,9.7459,NA,NA,NA,NA,NA,NA,NA,NA,NA,NA
170.693,12.2477,28.1494,13.5164,52.8116,62198.8160,9.7459,NA,NA,NA,NA,NA,NA,NA,NA,NA,NA
170.798,12.2365,28.0319,13.5145,52.7904,26440.5520,-53.3473,NA,NA,NA,NA,NA,NA,NA,NA,NA,NA
170.890,12.2216,27.8759,13.5145,52.7904,26441.7160,-53.3453,NA,NA,NA,NA,NA,NA,NA,NA,NA,NA
170.989,12.2129,27.7845,13.5041,52.6727,26441.7160,-53.3453,NA,NA,NA,NA,NA,NA,NA,NA,NA,NA
171.088,12.2115,27.7705,13.4989,52.6144,22081.2120,-61.0391,NA,NA,NA,NA,NA,NA,NA,NA,NA,NA
171.181,12.2040,27.6920,13.4795,52.3944,24254.8600,-57.2038,NA,NA,NA,NA,NA,NA,NA,NA,NA,NA
171.284,12.1945,27.5923,13.4724,52.3146,26786.3480,-52.7372,NA,NA,NA,NA,NA,NA,NA,NA,NA,NA
171.386,12.1591,27.2216,13.4552,52.1196,52641.2880,-7.1178,NA,NA,NA,NA,NA,NA,NA,NA,NA,NA
171.493,12.1528,27.1564,13.4366,51.9097,59930.2880,5.7432,NA,NA,NA,NA,NA,NA,NA,NA,NA,NA
171.571,12.1273,26.8892,13.4337,51.8773,66335.7800,17.0453,NA,NA,NA,NA,NA,NA,NA,NA,NA,NA
171.679,12.1118,26.7274,13.4157,51.6728,66335.7800,17.0453,NA,NA,NA,NA,NA,NA,NA,NA,NA,NA
171.810,12.0928,26.5285,13.4157,51.6728,26394.6640,-53.4283,NA,NA,NA,NA,NA,NA,NA,NA,NA,NA
171.872,12.0545,26.1271,13.4072,51.5767,26745.1920,-52.8098,NA,NA,NA,NA,NA,NA,NA,NA,NA,NA
171.968,12.0494,26.0743,13.4072,51.5767,26745.1920,-52.8098,NA,NA,NA,NA,NA,NA,NA,NA,NA,NA
172.075,12.0465,26.0438,13.3906,51.3901,22664.3080,-60.0103,NA,NA,NA,NA,NA,NA,NA,NA,NA,NA
172.166,12.0445,26.0232,13.3813,51.2840,24889.9320,-56.0833,NA,NA,NA,NA,NA,NA,NA,NA,NA,NA
172.273,12.0233,25.8008,13.3631,51.0787,47569.6960,-16.0663,NA,NA,NA,NA,NA,NA,NA,NA,NA,NA
172.394,11.9906,25.4583,13.3507,50.9384,54253.5360,-4.2730,NA,NA,NA,NA,NA,NA,NA,NA,NA,NA
172.455,11.9724,25.2687,13.3481,50.9091,61492.4320,8.4995,NA,NA,NA,NA,NA,NA,NA,NA,NA,NA
172.554,11.9650,25.1913,13.3481,50.9091,67469.5840,19.0458,NA,NA,NA,NA,NA,NA,NA,NA,NA,NA
172.657,11.9562,25.0987,13.3291,50.6944,67469.5840,19.0458,NA,NA,NA,NA,NA,NA,NA,NA,NA,NA
172.758,11.9477,25.0100,13.3169,50.5568,26336.4320,-53.5310,NA,NA,NA,NA,NA,NA,NA,NA,NA,NA
172.850,11.9475,25.0082,13.3097,50.4754,27708.6240,-51.1099,NA,NA,NA,NA,NA,NA,NA,NA,NA,NA
172.947,11.9475,25.0082,13.3097,50.4754,27708.6240,-51.1099,NA,NA,NA,NA,NA,NA,NA,NA,NA,NA
173.050,11.9360,24.8871,13.2998,50.3631,23305.5600,-58.8788,NA,NA,NA,NA,NA,NA,NA,NA,NA,NA
173.143,11.9248,24.7708,13.2879,50.2288,25551.5700,-54.9159,NA,NA,NA,NA,NA,NA,NA,NA,NA,NA
173.247,11.9114,24.6297,13.2814,50.1550,49258.2280,-13.0870,NA,NA,NA,NA,NA,NA,NA,NA,NA,NA
173.356,11.8975,24.4845,13.2728,50.0579,55909.8440,-1.3506,NA,NA,NA,NA,NA,NA,NA,NA,NA,NA
173.454,11.8762,24.2618,13.2697,50.0232,55909.8440,-1.3506,NA,NA,NA,NA,NA,NA,NA,NA,NA,NA
173.543,11.8618,24.1112,13.2713,50.0412,33649.7160,-40.6272,186191.7440,0.0000,NA,NA,NA,NA,NA,NA,NA,NA
173.650,11.8584,24.0759,13.2713,50.0412,33649.7160,-40.6272,186191.7440,0.0000,NA,NA,NA,NA,NA,NA,NA,NA
173.742,11.8466,23.9526,13.2710,50.0379,56982.0000,0.5412,NA,NA,NA,NA,NA,NA,NA,NA,NA,NA
173.849,11.8305,23.7834,13.2704,50.0307,64770.3760,14.2833,NA,NA,NA,NA,NA,NA,NA,NA,NA,NA
173.937,11.8283,23.7611,13.2708,50.0355,64770.3760,14.2833,NA,NA,NA,NA,NA,NA,NA,NA,NA,NA
174.034,11.8050,23.5167,13.2753,50.0855,28905.2680,-48.9985,NA,NA,NA,NA,NA,NA,NA,NA,NA,NA
174.133,11.7756,23.2097,13.2753,50.0855,28178.6660,-50.2805,NA,NA,NA,NA,NA,NA,NA,NA,NA,NA
174.243,11.7630,23.0779,13.2738,50.0695,28178.6660,-50.2805,NA,NA,NA,NA,NA,NA,NA,NA,NA,NA
174.338,11.7499,22.9400,13.2604,49.9177,22068.7720,-61.0610,NA,NA,NA,NA,NA,NA,NA,NA,NA,NA
174.441,11.7480,22.9206,13.2584,49.8946,59234.5040,4.5156,NA,NA,NA,NA,NA,NA,NA,NA,NA,NA
174.537,11.7232,22.6608,13.2456,49.7499,59234.5040,4.5156,NA,NA,NA,NA,NA,NA,NA,NA,NA,NA
174.631,11.6814,22.2234,13.2409,49.6974,58710.6160,3.5912,NA,NA,NA,NA,NA,NA,NA,NA,NA,NA
174.778,11.6775,22.1829,13.2409,49.6974,26668.8600,-52.9445,186279.2640,0.0000,NA,NA,NA,NA,NA,NA,NA,NA
174.831,11.6611,22.0110,13.2289,49.5614,49775.6480,-12.1740,NA,NA,NA,NA,NA,NA,NA,NA,NA,NA
174.929,11.6417,21.8082,13.2221,49.4847,49775.6480,-12.1740,NA,NA,NA,NA,NA,NA,NA,NA,NA,NA
175.034,11.6416,21.8077,13.2183,49.4415,28719.7100,-49.3259,175539.0720,0.0000,NA,NA,NA,NA,NA,NA,NA,NA
175.122,11.6416,21.8077,13.2040,49.2797,59127.6960,4.3271,NA,NA,NA,NA,NA,NA,NA,NA,NA,NA
175.235,11.6279,21.6641,13.1934,49.1604,59127.6960,4.3271,NA,NA,NA,NA,NA,NA,NA,NA,NA,NA
175.328,11.6263,21.6473,13.1718,48.9158,29371.9240,-48.1751,NA,NA,NA,NA,NA,NA,NA,NA,NA,NA
175.452,11.5965,21.3357,13.1500,48.6690,29371.9240,-48.1751,NA,NA,NA,NA,NA,NA,NA,NA,NA,NA
175.530,11.5941,21.3098,13.1385,48.5394,27412.3600,-51.6326,NA,NA,NA,NA,NA,NA,NA,NA,NA,NA
175.625,11.5800,21.1629,13.1330,48.4772,53639.5720,-5.3563,NA,NA,NA,NA,NA,NA,NA,NA,NA,NA
175.718,11.5667,21.0236,13.1287,48.4292,59922.3520,5.7292,NA,NA,NA,NA,NA,NA,NA,NA,NA,NA
175.815,11.5364,20.7070,13.1203,48.3331,65217.8560,15.0728,NA,NA,NA,NA,NA,NA,NA,NA,NA,NA
175.918,11.5249,20.5865,13.1092,48.2084,65217.8560,15.0728,NA,NA,NA,NA,NA,NA,NA,NA,NA,NA
176.025,11.5194,20.5285,13.1015,48.1208,25409.9680,-55.1657,NA,NA,NA,NA,NA,NA,NA,NA,NA,NA
176.122,11.5194,20.5285,13.0957,48.0554,27424.0280,-51.6120,NA,NA,NA,NA,NA,NA,NA,NA,NA,NA
176.214,11.4997,20.3228,13.0797,47.8744,27424.0280,-51.6120,NA,NA,NA,NA,NA,NA,NA,NA,NA,NA
176.338,11.4918,20.2401,13.0645,47.7027,23006.3660,-59.4067,NA,NA,NA,NA,NA,NA,NA,NA,NA,NA
176.410,11.4998,20.3232,13.0575,47.6232,25186.0720,-55.5608,NA,NA,NA,NA,NA,NA,NA,NA,NA,NA
176.501,11.4998,20.3232,13.0126,47.1162,48553.3040,-14.3307,NA,NA,NA,NA,NA,NA,NA,NA,NA,NA
176.604,11.4761,20.0759,12.9938,46.9035,55108.3840,-2.7647,NA,NA,NA,NA,NA,NA,NA,NA,NA,NA
176.698,11.4656,19.9653,12.9871,46.8274,61205.3360,7.9930,NA,NA,NA,NA,NA,NA,NA,NA,NA,NA
176.799,11.4520,19.8236,12.9811,46.7602,65017.9000,14.7200,NA,NA,NA,NA,NA,NA,NA,NA,NA,NA
176.895,11.4409,19.7069,12.9783,46.7284,65017.9000,14.7200,NA,NA,NA,NA,NA,NA,NA,NA,NA,NA
176.993,11.4324,19.6188,12.9783,46.7284,25538.7840,-54.9384,NA,NA,NA,NA,NA,NA,NA,NA,NA,NA
177.090,11.4254,19.5455,12.9735,46.6743,28550.6980,-49.6241,NA,NA,NA,NA,NA,NA,NA,NA,NA,NA
177.230,11.4237,19.5268,12.9682,46.6138,28550.6980,-49.6241,NA,NA,NA,NA,NA,NA,NA,NA,NA,NA
177.289,11.4179,19.4663,12.9543,46.4574,23624.2520,-58.3165,NA,NA,NA,NA,NA,NA,NA,NA,NA,NA
177.395,11.4054,19.3363,12.9386,46.2795,25863.3260,-54.3658,NA,NA,NA,NA,NA,NA,NA,NA,NA,NA
177.488,11.3931,19.2073,12.9295,46.1767,50362.7520,-11.1381,NA,NA,NA,NA,NA,NA,NA,NA,NA,NA
177.581,11.3852,19.1249,12.9198,46.0666,56804.9680,0.2288,NA,NA,NA,NA,NA,NA,NA,NA,NA,NA
177.678,11.3668,18.9315,12.8951,45.7881,62115.4920,9.5989,NA,NA,NA,NA,NA,NA,NA,NA,NA,NA
177.837,11.3565,18.8244,12.8917,45.7486,62115.4920,9.5989,NA,NA,NA,NA,NA,NA,NA,NA,NA,NA
177.879,11.3362,18.6119,12.8875,45.7017,24222.4800,-57.2610,NA,NA,NA,NA,NA,NA,NA,NA,NA,NA
177.973,11.3238,18.4821,12.8765,45.5779,25757.0420,-54.5533,NA,NA,NA,NA,NA,NA,NA,NA,NA,NA
178.075,11.3181,18.4223,12.8765,45.5779,29754.2120,-47.5006,NA,NA,NA,NA,NA,NA,NA,NA,NA,NA
178.186,11.3181,18.4223,12.8706,45.5105,29754.2120,-47.5006,NA,NA,NA,NA,NA,NA,NA,NA,NA,NA
178.274,11.3111,18.3491,12.8706,45.5105,46672.6600,-17.6490,NA,NA,NA,NA,NA,NA,NA,NA,NA,NA
178.384,11.2802,18.0262,12.8595,45.3846,48058.3000,-15.2041,NA,NA,NA,NA,NA,NA,NA,NA,NA,NA
178.477,11.2693,17.9115,12.8384,45.1466,48058.3000,-15.2041,NA,NA,NA,NA,NA,NA,NA,NA,NA,NA
178.569,11.2447,17.6541,12.8304,45.0562,27205.8440,-51.9970,169809.4560,0.0000,NA,NA,NA,NA,NA,NA,NA,NA
178.667,11.2283,17.4832,12.8119,44.8465,54549.3760,-3.7511,NA,NA,NA,NA,NA,NA,NA,NA,NA,NA
178.781,11.2298,17.4989,12.7909,44.6094,54549.3760,-3.7511,NA,NA,NA,NA,NA,NA,NA,NA,NA,NA
178.863,11.2298,17.4989,12.7674,44.3441,28313.4600,-50.0427,NA,NA,NA,NA,NA,NA,NA,NA,NA,NA
179.012,11.2168,17.3621,12.7548,44.2015,31671.3140,-44.1180,NA,NA,NA,NA,NA,NA,NA,NA,NA,NA
179.059,11.2154,17.3483,12.7430,44.0676,33935.0280,-40.1238,NA,NA,NA,NA,NA,NA,NA,NA,NA,NA
179.163,11.2156,17.3496,12.7367,43.9965,33935.0280,-40.1238,NA,NA,NA,NA,NA,NA,NA,NA,NA,NA
179.260,11.2156,17.3496,12.7283,43.9024,22587.4060,-60.1459,NA,NA,NA,NA,NA,NA,NA,NA,NA,NA
179.355,11.2127,17.3200,12.7246,43.8603,24052.7120,-57.5605,NA,NA,NA,NA,NA,NA,NA,NA,NA,NA
179.451,11.1947,17.1311,12.7226,43.8369,41369.5480,-27.0060,NA,NA,NA,NA,NA,NA,NA,NA,NA,NA
179.555,11.1749,16.9240,12.7142,43.7423,48105.4080,-15.1210,NA,NA,NA,NA,NA,NA,NA,NA,NA,NA
179.654,11.1465,16.6275,12.7096,43.6909,56277.5640,-0.7018,NA,NA,NA,NA,NA,NA,NA,NA,NA,NA
179.754,11.1410,16.5696,12.7046,43.6334,56277.5640,-0.7018,NA,NA,NA,NA,NA,NA,NA,NA,NA,NA
179.859,11.1410,16.5696,12.7032,43.6183,29260.7340,-48.3713,187887.0880,0.0000,NA,NA,NA,NA,NA,NA,NA,NA
179.955,11.1362,16.5190,12.6888,43.4550,29260.7340,-48.3713,187887.0880,0.0000,NA,NA,NA,NA,NA,NA,NA,NA
180.052,11.1362,16.5190,12.6569,43.0947,54609.2280,-3.6454,NA,NA,NA,NA,NA,NA,NA,NA,NA,NA
180.151,11.1352,16.5087,12.6469,42.9819,54609.2280,-3.6454,NA,NA,NA,NA,NA,NA,NA,NA,NA,NA
180.259,11.1183,16.3314,12.6387,42.8889,30207.0040,-46.7016,184679.9200,0.0000,NA,NA,NA,NA,NA,NA,NA,NA
180.350,11.1120,16.2665,12.6241,42.7239,63168.8640,11.4575,NA,NA,NA,NA,NA,NA,NA,NA,NA,NA
180.456,11.0964,16.1030,12.6076,42.5373,63168.8640,11.4575,NA,NA,NA,NA,NA,NA,NA,NA,NA,NA
180.551,11.0821,15.9535,12.5907,42.3466,29316.1440,-48.2735,NA,NA,NA,NA,NA,NA,NA,NA,NA,NA
180.645,11.0755,15.8836,12.5906,42.3448,25777.2400,-54.5177,NA,NA,NA,NA,NA,NA,NA,NA,NA,NA
180.746,11.0727,15.8547,12.5764,42.1845,49670.6160,-12.3593,NA,NA,NA,NA,NA,NA,NA,NA,NA,NA
180.857,11.0574,15.6945,12.5689,42.0994,55757.8280,-1.6188,NA,NA,NA,NA,NA,NA,NA,NA,NA,NA
180.945,11.0248,15.3536,12.5555,41.9487,60718.8960,7.1347,NA,NA,NA,NA,NA,NA,NA,NA,NA,NA
181.051,11.0276,15.3833,12.5499,41.8849,61847.5960,9.1262,NA,NA,NA,NA,NA,NA,NA,NA,NA,NA
181.137,11.0276,15.3833,12.5265,41.6208,61847.5960,9.1262,NA,NA,NA,NA,NA,NA,NA,NA,NA,NA
181.241,11.0241,15.3459,12.5204,41.5513,25726.3820,-54.6074,193872.6880,0.0000,NA,NA,NA,NA,NA,NA,NA,NA
181.377,11.0183,15.2861,12.5124,41.4614,48373.1160,-14.6487,NA,NA,NA,NA,NA,NA,NA,NA,NA,NA
181.432,11.0183,15.2861,12.4991,41.3111,48373.1160,-14.6487,NA,NA,NA,NA,NA,NA,NA,NA,NA,NA
181.538,11.0049,15.1451,12.4929,41.2406,28113.6040,-50.3953,171181.2800,0.0000,NA,NA,NA,NA,NA,NA,NA,NA
181.628,11.0025,15.1202,12.4926,41.2373,57223.7520,0.9677,NA,NA,NA,NA,NA,NA,NA,NA,NA,NA
181.741,10.9957,15.0487,12.4843,41.1431,57223.7520,0.9677,NA,NA,NA,NA,NA,NA,NA,NA,NA,NA
181.841,10.9934,15.0248,12.4793,41.0864,27714.1560,-51.1001,NA,NA,NA,NA,NA,NA,NA,NA,NA,NA
181.995,10.9934,15.0248,12.4422,40.6670,24407.8580,-56.9339,NA,NA,NA,NA,NA,NA,NA,NA,NA,NA
182.042,10.9895,14.9839,12.4243,40.4648,26747.4080,-52.8059,NA,NA,NA,NA,NA,NA,NA,NA,NA,NA
182.132,10.9679,14.7585,12.4191,40.4065,52679.2200,-7.0508,NA,NA,NA,NA,NA,NA,NA,NA,NA,NA
182.224,10.9469,14.5380,12.4046,40.2425,61244.3040,8.0617,NA,NA,NA,NA,NA,NA,NA,NA,NA,NA
182.325,10.9347,14.4109,12.3930,40.1114,70204.2880,23.8711,NA,NA,NA,NA,NA,NA,NA,NA,NA,NA
182.422,10.9217,14.2751,12.3862,40.0343,70204.2880,23.8711,NA,NA,NA,NA,NA,NA,NA,NA,NA,NA
182.529,10.9128,14.1819,12.3750,39.9074,26930.5520,-52.4827,NA,NA,NA,NA,NA,NA,NA,NA,NA,NA
182.619,10.8979,14.0256,12.3693,39.8430,26712.0980,-52.8682,NA,NA,NA,NA,NA,NA,NA,NA,NA,NA
182.715,10.8904,13.9474,12.3639,39.7820,26712.0980,-52.8682,NA,NA,NA,NA,NA,NA,NA,NA,NA,NA
182.812,10.8774,13.8115,12.3475,39.5961,22417.1820,-60.4463,NA,NA,NA,NA,NA,NA,NA,NA,NA,NA
182.909,10.8652,13.6832,12.3377,39.4861,24722.1820,-56.3793,NA,NA,NA,NA,NA,NA,NA,NA,NA,NA
183.015,10.8503,13.5274,12.3193,39.2780,47026.2400,-17.0252,NA,NA,NA,NA,NA,NA,NA,NA,NA,NA
183.106,10.8236,13.2480,12.2998,39.0571,54117.4280,-4.5132,NA,NA,NA,NA,NA,NA,NA,NA,NA,NA
183.227,10.8114,13.1203,12.2766,38.7951,61939.9960,9.2892,NA,NA,NA,NA,NA,NA,NA,NA,NA,NA
183.302,10.7971,12.9708,12.2633,38.6452,69041.4560,21.8193,NA,NA,NA,NA,NA,NA,NA,NA,NA,NA
183.404,10.7871,12.8669,12.2475,38.4661,69041.4560,21.8193,NA,NA,NA,NA,NA,NA,NA,NA,NA,NA
183.499,10.7814,12.8065,12.2295,38.2626,26800.5120,-52.7122,NA,NA,NA,NA,NA,NA,NA,NA,NA,NA
183.597,10.7652,12.6370,12.2267,38.2306,27298.2180,-51.8340,NA,NA,NA,NA,NA,NA,NA,NA,NA,NA
183.702,10.8829,13.8687,12.2686,38.7041,27298.2180,-51.8340,NA,NA,NA,NA,NA,NA,NA,NA,NA,NA
183.842,11.1091,16.2352,12.3617,39.7576,23114.1680,-59.2165,NA,NA,NA,NA,NA,NA,NA,NA,NA,NA
183.893,11.3489,18.7448,12.4021,40.2138,25406.9500,-55.1710,NA,NA,NA,NA,NA,NA,NA,NA,NA,NA
183.990,11.4238,19.5288,12.4434,40.6803,48979.3280,-13.5791,NA,NA,NA,NA,NA,NA,NA,NA,NA,NA
184.091,11.4552,19.8567,12.4475,40.7273,56025.3000,-1.1469,NA,NA,NA,NA,NA,NA,NA,NA,NA,NA
184.201,11.4552,19.8567,12.4475,40.7273,56025.3000,-1.1469,NA,NA,NA,NA,NA,NA,NA,NA,NA,NA
184.289,11.4358,19.6541,12.4292,40.5202,33247.2340,-41.3373,181419.8560,0.0000,NA,NA,NA,NA,NA,NA,NA,NA
184.410,11.3875,19.1483,12.4125,40.3318,33247.2340,-41.3373,181419.8560,0.0000,NA,NA,NA,NA,NA,NA,NA,NA
184.500,11.3428,18.6813,12.3950,40.1337,56368.5040,-0.5413,NA,NA,NA,NA,NA,NA,NA,NA,NA,NA
184.589,11.2856,18.0827,12.3666,39.8121,64618.5800,14.0154,NA,NA,NA,NA,NA,NA,NA,NA,NA,NA
184.691,11.2444,17.6515,12.3365,39.4724,64618.5800,14.0154,NA,NA,NA,NA,NA,NA,NA,NA,NA,NA
184.785,11.2217,17.4139,12.3025,39.0883,29436.3000,-48.0615,NA,NA,NA,NA,NA,NA,NA,NA,NA,NA
184.881,11.1952,17.1363,12.2846,38.8851,28688.9560,-49.3801,NA,NA,NA,NA,NA,NA,NA,NA,NA,NA
184.982,11.1606,16.7741,12.2492,38.4853,28633.1300,-49.4786,NA,NA,NA,NA,NA,NA,NA,NA,NA,NA
185.083,11.1385,16.5434,12.2290,38.2567,21745.5940,-61.6313,NA,NA,NA,NA,NA,NA,NA,NA,NA,NA
185.190,11.1276,16.4287,12.2140,38.0875,61613.3680,8.7129,NA,NA,NA,NA,NA,NA,NA,NA,NA,NA
185.303,11.1070,16.2135,12.2020,37.9519,61613.3680,8.7129,NA,NA,NA,NA,NA,NA,NA,NA,NA,NA
185.381,11.0837,15.9694,12.1937,37.8582,60946.4240,7.5361,NA,NA,NA,NA,NA,NA,NA,NA,NA,NA
185.477,11.0540,15.6594,12.1767,37.6662,26024.0540,-54.0822,189920.9280,0.0000,NA,NA,NA,NA,NA,NA,NA,NA
185.584,11.0369,15.4806,12.1666,37.5515,48474.5360,-14.4697,NA,NA,NA,NA,NA,NA,NA,NA,NA,NA
185.678,10.9980,15.0732,12.1586,37.4609,48474.5360,-14.4697,NA,NA,NA,NA,NA,NA,NA,NA,NA,NA
185.774,10.9777,14.8609,12.1436,37.2912,28358.6340,-49.9630,169237.2160,0.0000,NA,NA,NA,NA,NA,NA,NA,NA
185.883,10.9596,14.6719,12.1336,37.1788,58110.3320,2.5320,NA,NA,NA,NA,NA,NA,NA,NA,NA,NA
185.978,10.9313,14.3754,12.1136,36.9528,58110.3320,2.5320,NA,NA,NA,NA,NA,NA,NA,NA,NA,NA
186.078,10.9166,14.2211,12.1051,36.8556,29862.4620,-47.3096,NA,NA,NA,NA,NA,NA,NA,NA,NA,NA
186.188,10.8955,14.0009,12.0924,36.7129,29862.4620,-47.3096,NA,NA,NA,NA,NA,NA,NA,NA,NA,NA
186.270,10.8863,13.9044,12.0795,36.5665,27365.0960,-51.7160,NA,NA,NA,NA,NA,NA,NA,NA,NA,NA
186.381,10.8582,13.6105,12.0636,36.3872,53598.1360,-5.4295,NA,NA,NA,NA,NA,NA,NA,NA,NA,NA
186.467,10.8429,13.4503,12.0493,36.2258,60765.6800,7.2172,NA,NA,NA,NA,NA,NA,NA,NA,NA,NA
186.580,10.8158,13.1665,12.0260,35.9621,67311.8240,18.7675,NA,NA,NA,NA,NA,NA,NA,NA,NA,NA
186.665,10.7998,12.9997,12.0153,35.8405,67311.8240,18.7675,NA,NA,NA,NA,NA,NA,NA,NA,NA,NA
186.809,10.7803,12.7952,11.9983,35.6484,25893.2120,-54.3131,NA,NA,NA,NA,NA,NA,NA,NA,NA,NA
186.862,10.7775,12.7661,11.9921,35.5784,26787.2500,-52.7356,NA,NA,NA,NA,NA,NA,NA,NA,NA,NA
186.958,10.7500,12.4782,11.9833,35.4793,26787.2500,-52.7356,NA,NA,NA,NA,NA,NA,NA,NA,NA,NA
187.065,10.8894,13.9369,12.1405,37.2567,22699.8060,-59.9476,NA,NA,NA,NA,NA,NA,NA,NA,NA,NA
187.155,11.1824,17.0028,12.3801,39.9654,25004.3520,-55.8814,NA,NA,NA,NA,NA,NA,NA,NA,NA,NA
187.261,11.3283,18.5287,12.5268,41.6239,48237.5760,-14.8878,NA,NA,NA,NA,NA,NA,NA,NA,NA,NA
187.382,11.3771,19.0394,12.5740,42.1578,55251.7840,-2.5117,NA,NA,NA,NA,NA,NA,NA,NA,NA,NA
187.453,11.3959,19.2360,12.5740,42.1578,62208.9960,9.7639,NA,NA,NA,NA,NA,NA,NA,NA,NA,NA
187.545,11.3962,19.2391,12.5560,41.9544,67435.5360,18.9858,NA,NA,NA,NA,NA,NA,NA,NA,NA,NA
187.653,11.3962,19.2391,12.5547,41.9392,67435.5360,18.9858,NA,NA,NA,NA,NA,NA,NA,NA,NA,NA
187.741,11.3798,19.0675,12.5512,41.8994,25936.4880,-54.2367,NA,NA,NA,NA,NA,NA,NA,NA,NA,NA
187.862,11.3720,18.9862,12.5512,41.8994,27862.3440,-50.8386,NA,NA,NA,NA,NA,NA,NA,NA,NA,NA
187.935,11.3679,18.9433,12.5386,41.7573,27862.3440,-50.8386,NA,NA,NA,NA,NA,NA,NA,NA,NA,NA
188.035,11.3615,18.8766,12.5214,41.5622,23407.1760,-58.6995,NA,NA,NA,NA,NA,NA,NA,NA,NA,NA
188.135,11.3442,18.6955,12.5020,41.3434,25697.0260,-54.6592,NA,NA,NA,NA,NA,NA,NA,NA,NA,NA
188.235,11.3358,18.6073,12.4750,41.0379,49968.1600,-11.8343,NA,NA,NA,NA,NA,NA,NA,NA,NA,NA
188.329,11.3140,18.3794,12.4614,40.8841,57184.0040,0.8976,NA,NA,NA,NA,NA,NA,NA,NA,NA,NA
188.439,11.2973,18.2046,12.4271,40.4961,63689.5320,12.3762,NA,NA,NA,NA,NA,NA,NA,NA,NA,NA
188.596,11.2853,18.0797,12.4094,40.2962,63689.5320,12.3762,NA,NA,NA,NA,NA,NA,NA,NA,NA,NA
188.630,11.2617,17.8320,12.4010,40.2017,24980.7880,-55.9230,NA,NA,NA,NA,NA,NA,NA,NA,NA,NA
188.724,11.2432,17.6390,12.3856,40.0280,25458.2000,-55.0806,NA,NA,NA,NA,NA,NA,NA,NA,NA,NA
188.822,11.2313,17.5140,12.3698,39.8490,28844.7800,-49.1052,NA,NA,NA,NA,NA,NA,NA,NA,NA,NA
188.924,11.2243,17.4407,12.3669,39.8162,28844.7800,-49.1052,NA,NA,NA,NA,NA,NA,NA,NA,NA,NA
189.036,11.2233,17.4308,12.3599,39.7369,48622.7880,-14.2081,NA,NA,NA,NA,NA,NA,NA,NA,NA,NA
189.142,11.1895,17.0770,12.3533,39.6627,48829.7080,-13.8430,NA,NA,NA,NA,NA,NA,NA,NA,NA,NA
189.222,11.1671,16.8426,12.3435,39.5516,48829.7080,-13.8430,NA,NA,NA,NA,NA,NA,NA,NA,NA,NA
189.318,11.1601,16.7691,12.3360,39.4670,26726.1840,-52.8433,168174.9440,0.0000,NA,NA,NA,NA,NA,NA,NA,NA
189.424,11.1309,16.4640,12.3257,39.3508,52314.9280,-7.6936,NA,NA,NA,NA,NA,NA,NA,NA,NA,NA
189.516,11.1141,16.2876,12.3123,39.1990,52314.9280,-7.6936,NA,NA,NA,NA,NA,NA,NA,NA,NA,NA
189.612,11.0995,16.1349,12.3033,39.0969,28229.0500,-50.1916,NA,NA,NA,NA,NA,NA,NA,NA,NA,NA
189.762,11.0704,15.8303,12.2857,38.8979,32128.3360,-43.3116,NA,NA,NA,NA,NA,NA,NA,NA,NA,NA
189.817,11.0566,15.6867,12.2801,38.8349,35249.2560,-37.8049,NA,NA,NA,NA,NA,NA,NA,NA,NA,NA
189.913,11.0462,15.5777,12.2491,38.4846,35249.2560,-37.8049,NA,NA,NA,NA,NA,NA,NA,NA,NA,NA
190.003,11.0397,15.5099,12.2392,38.3723,22925.7560,-59.5489,NA,NA,NA,NA,NA,NA,NA,NA,NA,NA
190.105,11.0244,15.3496,12.2189,38.1424,23760.8580,-58.0755,NA,NA,NA,NA,NA,NA,NA,NA,NA,NA
190.202,10.9983,15.0759,12.2009,37.9396,39855.5520,-29.6774,NA,NA,NA,NA,NA,NA,NA,NA,NA,NA
190.350,10.9827,14.9130,12.1720,37.6121,45878.2800,-19.0507,NA,NA,NA,NA,NA,NA,NA,NA,NA,NA
190.393,10.9659,14.7372,12.1629,37.5096,54446.6240,-3.9324,NA,NA,NA,NA,NA,NA,NA,NA,NA,NA
190.498,10.9413,14.4802,12.1520,37.3862,54446.6240,-3.9324,NA,NA,NA,NA,NA,NA,NA,NA,NA,NA
190.603,10.9240,14.2992,12.1365,37.2113,29417.8620,-48.0940,178916.4960,0.0000,NA,NA,NA,NA,NA,NA,NA,NA
190.703,10.9142,14.1969,12.1265,37.0985,29417.8620,-48.0940,185801.9840,0.0000,NA,NA,NA,NA,NA,NA,NA,NA
190.798,10.9660,14.7384,12.1281,37.1160,52017.4720,-8.2184,NA,NA,NA,NA,NA,NA,NA,NA,NA,NA
190.898,11.0532,15.6512,12.1675,37.5612,52017.4720,-8.2184,NA,NA,NA,NA,NA,NA,NA,NA,NA,NA
190.996,11.2609,17.8238,12.2324,38.2951,30058.8300,-46.9631,177915.9840,0.0000,NA,NA,NA,NA,NA,NA,NA,NA
191.104,11.3441,18.6943,12.3040,39.1053,62569.1920,10.3994,NA,NA,NA,NA,NA,NA,NA,NA,NA,NA
191.207,11.3795,19.0653,12.3341,39.4454,62569.1920,10.3994,NA,NA,NA,NA,NA,NA,NA,NA,NA,NA
191.306,11.3976,19.2541,12.3444,39.5620,29691.8120,-47.6107,NA,NA,NA,NA,NA,NA,NA,NA,NA,NA
191.412,11.4051,19.3325,12.3444,39.5620,25732.2980,-54.5970,NA,NA,NA,NA,NA,NA,NA,NA,NA,NA
191.528,11.4051,19.3325,12.3246,39.3374,49561.0400,-12.5527,NA,NA,NA,NA,NA,NA,NA,NA,NA,NA
191.648,11.3933,19.2097,12.3241,39.3319,56233.4880,-0.7795,NA,NA,NA,NA,NA,NA,NA,NA,NA,NA
191.703,11.3660,18.9234,12.3071,39.1394,62336.5040,9.9888,NA,NA,NA,NA,NA,NA,NA,NA,NA,NA
191.798,11.3518,18.7754,12.3065,39.1333,64768.8160,14.2805,NA,NA,NA,NA,NA,NA,NA,NA,NA,NA
191.884,11.3266,18.5108,12.2871,38.9136,64768.8160,14.2805,NA,NA,NA,NA,NA,NA,NA,NA,NA,NA
191.990,11.2973,18.2045,12.2871,38.9136,25337.5540,-55.2935,NA,NA,NA,NA,NA,NA,NA,NA,NA,NA
192.080,11.2661,17.8784,12.2813,38.8477,28714.6320,-49.3348,NA,NA,NA,NA,NA,NA,NA,NA,NA,NA
192.180,11.2446,17.6529,12.2626,38.6370,28714.6320,-49.3348,NA,NA,NA,NA,NA,NA,NA,NA,NA,NA
192.278,11.2259,17.4581,12.2519,38.5154,23674.1220,-58.2285,NA,NA,NA,NA,NA,NA,NA,NA,NA,NA
192.373,11.2090,17.2808,12.2394,38.3746,26068.8680,-54.0031,NA,NA,NA,NA,NA,NA,NA,NA,NA,NA
192.481,11.1893,17.0750,12.2351,38.3261,51474.4960,-9.1765,NA,NA,NA,NA,NA,NA,NA,NA,NA,NA
192.575,11.1606,16.7749,12.2238,38.1980,57984.4360,2.3099,NA,NA,NA,NA,NA,NA,NA,NA,NA,NA
192.670,11.1403,16.5622,12.2045,37.9799,63224.6800,11.5560,NA,NA,NA,NA,NA,NA,NA,NA,NA,NA
192.763,11.1274,16.4266,12.2003,37.9328,63224.6800,11.5560,NA,NA,NA,NA,NA,NA,NA,NA,NA,NA
192.864,11.1124,16.2699,12.1991,37.9187,23922.0520,-57.7910,NA,NA,NA,NA,NA,NA,NA,NA,NA,NA
192.979,11.0907,16.0431,12.1839,37.7470,25750.9980,-54.5640,NA,NA,NA,NA,NA,NA,NA,NA,NA,NA
193.073,11.0735,15.8635,12.1757,37.6545,29911.2880,-47.2234,NA,NA,NA,NA,NA,NA,NA,NA,NA,NA
193.196,11.0650,15.7743,12.1645,37.5280,29911.2880,-47.2234,NA,NA,NA,NA,NA,NA,NA,NA,NA,NA
193.264,11.0453,15.5677,12.1570,37.4432,24315.2320,-57.0973,NA,NA,NA,NA,NA,NA,NA,NA,NA,NA
193.355,11.0383,15.4944,12.1377,37.2251,26903.1960,-52.5310,NA,NA,NA,NA,NA,NA,NA,NA,NA,NA
193.454,11.0079,15.1767,12.1176,36.9980,53325.8520,-5.9099,NA,NA,NA,NA,NA,NA,NA,NA,NA,NA
193.555,10.9899,14.9886,12.1053,36.8586,59615.5840,5.1880,NA,NA,NA,NA,NA,NA,NA,NA,NA,NA
193.658,10.9725,14.8066,12.0975,36.7697,63285.5320,11.6633,NA,NA,NA,NA,NA,NA,NA,NA,NA,NA
193.753,10.9631,14.7080,12.0923,36.7110,63285.5320,11.6633,NA,NA,NA,NA,NA,NA,NA,NA,NA,NA
193.859,10.9619,14.6955,12.0857,36.6370,23993.6480,-57.6647,NA,NA,NA,NA,NA,NA,NA,NA,NA,NA
193.949,10.9564,14.6381,12.0842,36.6196,25253.4660,-55.4418,NA,NA,NA,NA,NA,NA,NA,NA,NA,NA
194.050,10.9447,14.5152,12.0683,36.4406,25956.8400,-54.2008,NA,NA,NA,NA,NA,NA,NA,NA,NA,NA
194.146,10.9202,14.2587,12.0631,36.3808,45298.9840,-20.0728,NA,NA,NA,NA,NA,NA,NA,NA,NA,NA
194.271,10.8946,13.9913,12.0579,36.3230,45749.4160,-19.2780,NA,NA,NA,NA,NA,NA,NA,NA,NA,NA
194.340,10.8826,13.8656,12.0396,36.1156,47898.7400,-15.4857,NA,NA,NA,NA,NA,NA,NA,NA,NA,NA
194.444,10.8820,13.8599,12.0182,35.8739,47898.7400,-15.4857,NA,NA,NA,NA,NA,NA,NA,NA,NA,NA
194.570,10.8757,13.7934,12.0080,35.7580,28196.5840,-50.2489,168682.8000,0.0000,NA,NA,NA,NA,NA,NA,NA,NA
194.636,10.8732,13.7675,11.9832,35.4778,57205.3040,0.9352,NA,NA,NA,NA,NA,NA,NA,NA,NA,NA
194.740,10.8623,13.6530,11.9742,35.3758,57205.3040,0.9352,NA,NA,NA,NA,NA,NA,NA,NA,NA,NA
194.833,10.8482,13.5057,11.9731,35.3637,29819.4280,-47.3855,190760.7040,0.0000,NA,NA,NA,NA,NA,NA,NA,NA
194.942,10.8266,13.2799,11.9692,35.3199,63677.8520,12.3556,NA,NA,NA,NA,NA,NA,NA,NA,NA,NA
195.034,10.8266,13.2799,11.9665,35.2893,63677.8520,12.3556,NA,NA,NA,NA,NA,NA,NA,NA,NA,NA
195.135,10.8229,13.2408,11.9630,35.2494,26291.0520,-53.6111,NA,NA,NA,NA,NA,NA,NA,NA,NA,NA
195.259,10.8223,13.2344,11.9630,35.2494,25706.2580,-54.6429,NA,NA,NA,NA,NA,NA,NA,NA,NA,NA
195.331,10.8112,13.1186,11.9493,35.0945,27348.1320,-51.7459,NA,NA,NA,NA,NA,NA,NA,NA,NA,NA
195.430,10.8004,13.0060,11.9454,35.0508,53283.7680,-5.9841,NA,NA,NA,NA,NA,NA,NA,NA,NA,NA
195.549,10.7928,12.9258,11.9393,34.9818,53587.0160,-5.4491,NA,NA,NA,NA,NA,NA,NA,NA,NA,NA
195.630,10.7884,12.8802,11.9259,34.8298,53587.0160,-5.4491,NA,NA,NA,NA,NA,NA,NA,NA,NA,NA
195.764,10.9318,14.3805,12.0313,36.0218,52423.7720,-7.5015,NA,NA,NA,NA,NA,NA,NA,NA,NA,NA
195.819,11.3203,18.4456,12.2229,38.1880,25779.1080,-54.5144,178663.4560,0.0000,NA,NA,NA,NA,NA,NA,NA,NA
195.922,11.7251,22.6804,12.5060,41.3888,48842.2960,-13.8208,NA,NA,NA,NA,NA,NA,NA,NA,NA,NA
196.018,12.0564,26.1476,12.7384,44.0164,48842.2960,-13.8208,NA,NA,NA,NA,NA,NA,NA,NA,NA,NA
196.138,12.4698,30.4731,12.9828,46.7796,27538.4480,-51.4101,NA,NA,NA,NA,NA,NA,NA,NA,NA,NA
196.213,12.6811,32.6834,13.2120,49.3709,31653.1020,-44.1501,188328.3840,0.0000,NA,NA,NA,NA,NA,NA,NA,NA
196.331,12.8730,34.6913,13.3560,50.9984,31653.1020,-44.1501,NA,NA,NA,NA,NA,NA,NA,NA,NA,NA
196.444,13.0693,36.7453,13.4771,52.3679,30732.1640,-45.7750,NA,NA,NA,NA,NA,NA,NA,NA,NA,NA
196.521,13.2138,38.2573,13.5983,53.7376,24061.8500,-57.5444,NA,NA,NA,NA,NA,NA,NA,NA,NA,NA
196.617,13.3736,39.9297,13.6642,54.4834,26586.8660,-53.0891,NA,NA,NA,NA,NA,NA,NA,NA,NA,NA
196.714,13.4577,40.8094,13.7859,55.8587,52879.2000,-6.6980,NA,NA,NA,NA,NA,NA,NA,NA,NA,NA
196.822,13.4994,41.2456,13.8715,56.8262,58700.0920,3.5726,NA,NA,NA,NA,NA,NA,NA,NA,NA,NA
196.958,13.5242,41.5055,13.9786,58.0371,61274.4280,8.1149,NA,NA,NA,NA,NA,NA,NA,NA,NA,NA
197.012,13.5396,41.6663,14.0428,58.7629,61274.4280,8.1149,NA,NA,NA,NA,NA,NA,NA,NA,NA,NA
197.108,13.5446,41.7190,14.0606,58.9648,23462.1180,-58.6026,NA,NA,NA,NA,NA,NA,NA,NA,NA,NA
197.204,13.5455,41.7283,14.0606,58.9648,26450.1680,-53.3303,193538.6240,0.0000,NA,NA,NA,NA,NA,NA,NA,NA
197.306,13.5455,41.7283,14.0460,58.7990,49514.8960,-12.6341,NA,NA,NA,NA,NA,NA,NA,NA,NA,NA
197.401,13.5145,41.4040,14.0363,58.6893,49514.8960,-12.6341,NA,NA,NA,NA,NA,NA,NA,NA,NA,NA
197.551,13.4852,41.0975,14.0153,58.4522,29368.4540,-48.1812,174201.8880,0.0000,NA,NA,NA,NA,NA,NA,NA,NA
197.618,13.4641,40.8758,14.0036,58.3198,29368.4540,-48.1812,NA,NA,NA,NA,NA,NA,NA,NA,NA,NA
197.715,13.4295,40.5142,13.9918,58.1870,27846.8680,-50.8660,NA,NA,NA,NA,NA,NA,NA,NA,NA,NA
197.802,13.3897,40.0980,13.9838,58.0962,22691.8940,-59.9616,NA,NA,NA,NA,NA,NA,NA,NA,NA,NA
197.908,13.3725,39.9177,13.9578,57.8018,24994.3160,-55.8991,NA,NA,NA,NA,NA,NA,NA,NA,NA,NA
198.000,13.3549,39.7340,13.9452,57.6600,47965.4240,-15.3680,NA,NA,NA,NA,NA,NA,NA,NA,NA,NA
198.100,13.3271,39.4431,13.9239,57.4193,55545.0240,-1.9943,NA,NA,NA,NA,NA,NA,NA,NA,NA,NA
198.194,13.3065,39.2278,13.9181,57.3535,63773.7960,12.5249,NA,NA,NA,NA,NA,NA,NA,NA,NA,NA
198.306,13.2673,38.8175,13.8902,57.0378,71422.0960,26.0198,NA,NA,NA,NA,NA,NA,NA,NA,NA,NA
198.393,13.2481,38.6158,13.8902,57.0378,71422.0960,26.0198,NA,NA,NA,NA,NA,NA,NA,NA,NA,NA
198.492,13.2149,38.2683,13.8827,56.9533,26150.9720,-53.8583,NA,NA,NA,NA,NA,NA,NA,NA,NA,NA
198.588,13.1816,37.9206,13.8827,56.9533,27174.5940,-52.0521,NA,NA,NA,NA,NA,NA,NA,NA,NA,NA
198.729,13.1680,37.7779,13.8822,56.9476,27174.5940,-52.0521,NA,NA,NA,NA,NA,NA,NA,NA,NA,NA
198.783,13.1630,37.7253,13.8595,56.6909,23241.6060,-58.9916,NA,NA,NA,NA,NA,NA,NA,NA,NA,NA
198.883,13.1425,37.5109,13.8616,56.7148,25579.1500,-54.8672,NA,NA,NA,NA,NA,NA,NA,NA,NA,NA
198.986,13.1377,37.4606,13.8659,56.7629,49477.7760,-12.6996,NA,NA,NA,NA,NA,NA,NA,NA,NA,NA
199.081,13.0863,36.9229,13.8752,56.8687,56317.4720,-0.6314,NA,NA,NA,NA,NA,NA,NA,NA,NA,NA
199.177,13.0628,36.6774,13.8752,56.8687,62686.5480,10.6065,NA,NA,NA,NA,NA,NA,NA,NA,NA,NA
199.270,13.0299,36.3332,13.8590,56.6856,62686.5480,10.6065,NA,NA,NA,NA,NA,NA,NA,NA,NA,NA
199.430,13.0143,36.1704,13.8590,56.6856,25111.3040,-55.6927,NA,NA,NA,NA,NA,NA,NA,NA,NA,NA
199.466,13.0045,36.0671,13.8575,56.6686,25480.2760,-55.0417,NA,NA,NA,NA,NA,NA,NA,NA,NA,NA
199.572,13.0006,36.0269,13.8541,56.6297,28855.5680,-49.0862,NA,NA,NA,NA,NA,NA,NA,NA,NA,NA
199.663,12.9896,35.9116,13.8488,56.5704,28855.5680,-49.0862,NA,NA,NA,NA,NA,NA,NA,NA,NA,NA
199.764,12.9891,35.9062,13.8229,56.2766,24044.7380,-57.5746,NA,NA,NA,NA,NA,NA,NA,NA,NA,NA
199.869,12.9729,35.7371,13.8229,56.2766,26275.6160,-53.6383,NA,NA,NA,NA,NA,NA,NA,NA,NA,NA
200.005,12.9267,35.2536,13.8132,56.1677,51439.1920,-9.2388,NA,NA,NA,NA,NA,NA,NA,NA,NA,NA
200.069,12.9074,35.0510,13.8132,56.1677,51439.1920,-9.2388,NA,NA,NA,NA,NA,NA,NA,NA,NA,NA
200.170,12.8946,34.9180,13.8055,56.0807,30691.6460,-45.8465,176734.6080,0.0000,NA,NA,NA,NA,NA,NA,NA,NA
200.268,12.8876,34.8439,13.7835,55.8310,30691.6460,-45.8465,NA,NA,NA,NA,NA,NA,NA,NA,NA,NA
200.360,12.8848,34.8154,13.7822,55.8170,27679.6800,-51.1609,NA,NA,NA,NA,NA,NA,NA,NA,NA,NA
200.469,12.8658,34.6160,13.7787,55.7771,31616.7440,-44.2142,NA,NA,NA,NA,NA,NA,NA,NA,NA,NA
200.596,12.8563,34.5165,13.7787,55.7771,34911.3000,-38.4012,NA,NA,NA,NA,NA,NA,NA,NA,NA,NA
200.663,12.8579,34.5340,13.7604,55.5705,34911.3000,-38.4012,NA,NA,NA,NA,NA,NA,NA,NA,NA,NA
200.751,12.8579,34.5340,13.7604,55.5705,23023.5360,-59.3764,NA,NA,NA,NA,NA,NA,NA,NA,NA,NA
200.854,12.8536,34.4880,13.7481,55.4308,23973.4000,-57.7004,NA,NA,NA,NA,NA,NA,NA,NA,NA,NA
200.955,12.8394,34.3395,13.7489,55.4399,40662.3360,-28.2539,NA,NA,NA,NA,NA,NA,NA,NA,NA,NA
201.046,12.8174,34.1098,13.7489,55.4399,46356.9720,-18.2060,NA,NA,NA,NA,NA,NA,NA,NA,NA,NA
201.180,12.8117,34.0498,13.7471,55.4204,54706.9960,-3.4729,NA,NA,NA,NA,NA,NA,NA,NA,NA,NA
201.250,12.8012,33.9407,13.7395,55.3343,54706.9960,-3.4729,NA,NA,NA,NA,NA,NA,NA,NA,NA,NA
201.346,12.7989,33.9157,13.7403,55.3429,28806.4020,-49.1729,182971.7760,0.0000,NA,NA,NA,NA,NA,NA,NA,NA
201.437,12.7971,33.8976,13.7445,55.3903,61196.7640,7.9778,NA,NA,NA,NA,NA,NA,NA,NA,NA,NA
201.548,12.7851,33.7719,13.7445,55.3903,NA,NA,NA,NA,NA,NA,NA,NA,NA,NA,NA,NA
201.643,12.7839,33.7595,13.7338,55.2694,NA,NA,NA,NA,NA,NA,NA,NA,NA,NA,NA,NA
201.795,12.7667,33.5795,13.7306,55.2336,33721.4000,-40.5007,NA,NA,NA,NA,NA,NA,NA,NA,NA,NA
201.836,12.7747,33.6626,13.7142,55.0480,34371.4480,-39.3537,NA,NA,NA,NA,NA,NA,NA,NA,NA,NA
201.941,12.7747,33.6626,13.7150,55.0568,34371.4480,-39.3537,NA,NA,NA,NA,NA,NA,NA,NA,NA,NA
202.055,12.7702,33.6160,13.7252,55.1725,23943.4960,-57.7532,NA,NA,NA,NA,NA,NA,NA,NA,NA,NA
202.142,12.7698,33.6117,13.7252,55.1725,24435.0500,-56.8859,NA,NA,NA,NA,NA,NA,NA,NA,NA,NA
202.234,12.7569,33.4769,13.7189,55.1011,41285.3000,-27.1547,NA,NA,NA,NA,NA,NA,NA,NA,NA,NA
202.396,12.7209,33.1001,13.7223,55.1394,43124.6120,-23.9093,NA,NA,NA,NA,NA,NA,NA,NA,NA,NA
202.436,12.7201,33.0914,13.7224,55.1408,47243.7000,-16.6415,NA,NA,NA,NA,NA,NA,NA,NA,NA,NA
202.545,12.7013,32.8950,13.7315,55.2440,47243.7000,-16.6415,NA,NA,NA,NA,NA,NA,NA,NA,NA,NA
202.643,12.6993,32.8746,13.7315,55.2440,26888.7720,-52.5565,NA,NA,NA,NA,NA,NA,NA,NA,NA,NA
202.733,12.6968,32.8478,13.7210,55.1249,26888.7720,-52.5565,NA,NA,NA,NA,NA,NA,NA,NA,NA,NA
202.826,12.6968,32.8478,13.7262,55.1842,25256.3100,-55.4368,NA,NA,NA,NA,NA,NA,NA,NA,NA,NA
202.963,12.6642,32.5065,13.7262,55.1842,46284.2000,-18.3344,NA,NA,NA,NA,NA,NA,NA,NA,NA,NA
203.032,12.6585,32.4472,13.7106,55.0070,52763.0440,-6.9029,NA,NA,NA,NA,NA,NA,NA,NA,NA,NA
203.129,12.6436,32.2913,13.6898,54.7725,60165.0640,6.1575,NA,NA,NA,NA,NA,NA,NA,NA,NA,NA
203.220,12.6391,32.2439,13.6698,54.5460,60165.0640,6.1575,NA,NA,NA,NA,NA,NA,NA,NA,NA,NA
203.318,12.6173,32.0162,13.6593,54.4277,29186.2780,-48.5026,NA,NA,NA,NA,NA,NA,NA,NA,NA,NA
203.415,12.6145,31.9865,13.6305,54.1015,29962.1620,-47.1336,NA,NA,NA,NA,NA,NA,NA,NA,NA,NA
203.568,12.5909,31.7394,13.6284,54.0776,29962.1620,-47.1336,NA,NA,NA,NA,NA,NA,NA,NA,NA,NA
203.618,12.5894,31.7237,13.6167,53.9453,21200.7520,-62.5926,NA,NA,NA,NA,NA,NA,NA,NA,NA,NA
203.708,12.5791,31.6161,13.5962,53.7144,23165.7380,-59.1255,NA,NA,NA,NA,NA,NA,NA,NA,NA,NA
203.813,12.5791,31.6161,13.5949,53.6998,25664.0840,-54.7173,NA,NA,NA,NA,NA,NA,NA,NA,NA,NA
203.907,12.5670,31.4895,13.5923,53.6703,48144.0160,-15.0529,NA,NA,NA,NA,NA,NA,NA,NA,NA,NA
204.010,12.5280,31.0816,13.6048,53.8118,54704.7840,-3.4768,NA,NA,NA,NA,NA,NA,NA,NA,NA,NA
204.166,12.5061,30.8521,13.6048,53.8118,62390.1440,10.0835,NA,NA,NA,NA,NA,NA,NA,NA,NA,NA
204.197,12.4998,30.7864,13.5774,53.5017,62390.1440,10.0835,NA,NA,NA,NA,NA,NA,NA,NA,NA,NA
204.299,12.4687,30.4616,13.5673,53.3869,29426.5280,-48.0787,NA,NA,NA,NA,NA,NA,NA,NA,NA,NA
204.396,12.4434,30.1962,13.5573,53.2746,29887.4820,-47.2654,NA,NA,NA,NA,NA,NA,NA,NA,NA,NA
204.510,12.4276,30.0317,13.5554,53.2530,29887.4820,-47.2654,NA,NA,NA,NA,NA,NA,NA,NA,NA,NA
204.593,12.4272,30.0267,13.5293,52.9577,21699.7340,-61.7122,NA,NA,NA,NA,NA,NA,NA,NA,NA,NA
204.691,12.4114,29.8614,13.5110,52.7513,23815.5400,-57.9790,NA,NA,NA,NA,NA,NA,NA,NA,NA,NA
204.819,12.4040,29.7838,13.5019,52.6483,42974.6280,-24.1740,NA,NA,NA,NA,NA,NA,NA,NA,NA,NA
204.889,12.3813,29.5471,13.4975,52.5980,49784.1120,-12.1591,NA,NA,NA,NA,NA,NA,NA,NA,NA,NA
204.993,12.3627,29.3523,13.4918,52.5332,56719.9360,0.0788,NA,NA,NA,NA,NA,NA,NA,NA,NA,NA
205.085,12.3466,29.1840,13.4702,52.2894,64662.2320,14.0924,NA,NA,NA,NA,NA,NA,NA,NA,NA,NA
205.179,12.3122,28.8235,13.4375,51.9196,64662.2320,14.0924,NA,NA,NA,NA,NA,NA,NA,NA,NA,NA
205.277,12.2831,28.5195,13.4366,51.9101,30114.0080,-46.8657,NA,NA,NA,NA,NA,NA,NA,NA,NA,NA
205.389,12.2695,28.3769,13.4191,51.7118,29829.4280,-47.3678,NA,NA,NA,NA,NA,NA,NA,NA,NA,NA
205.479,12.2624,28.3032,13.3900,51.3833,29829.4280,-47.3678,NA,NA,NA,NA,NA,NA,NA,NA,NA,NA
205.571,12.2334,27.9998,13.3627,51.0743,22257.8980,-60.7273,NA,NA,NA,NA,NA,NA,NA,NA,NA,NA
205.668,12.2252,27.9137,13.3400,50.8171,24455.9600,-56.8490,NA,NA,NA,NA,NA,NA,NA,NA,NA,NA
205.780,12.2252,27.9137,13.3291,50.6944,44977.6880,-20.6397,NA,NA,NA,NA,NA,NA,NA,NA,NA,NA
205.874,12.2098,27.7527,13.3168,50.5557,51390.5640,-9.3246,NA,NA,NA,NA,NA,NA,NA,NA,NA,NA
205.971,12.1842,27.4844,13.3168,50.5557,51390.5640,-9.3246,NA,NA,NA,NA,NA,NA,NA,NA,NA,NA
206.073,12.1555,27.1847,13.3112,50.4924,31084.4500,-45.1534,NA,NA,NA,NA,NA,NA,NA,NA,NA,NA
206.170,12.1410,27.0326,13.2826,50.1688,31084.4500,-45.1534,NA,NA,NA,NA,NA,NA,NA,NA,NA,NA
206.263,12.1386,27.0071,13.2702,50.0283,24471.0640,-56.8223,NA,NA,NA,NA,NA,NA,NA,NA,NA,NA
206.362,12.1330,26.9487,13.2631,49.9480,26846.9300,-52.6303,NA,NA,NA,NA,NA,NA,NA,NA,NA,NA
206.468,12.0869,26.4663,13.2457,49.7512,52794.1840,-6.8480,NA,NA,NA,NA,NA,NA,NA,NA,NA,NA
206.558,12.0723,26.3134,13.2280,49.5515,58312.0480,2.8879,NA,NA,NA,NA,NA,NA,NA,NA,NA,NA
206.659,12.0610,26.1957,13.2172,49.4288,61493.9720,8.5023,NA,NA,NA,NA,NA,NA,NA,NA,NA,NA
206.759,12.0531,26.1128,13.2103,49.3508,61493.9720,8.5023,NA,NA,NA,NA,NA,NA,NA,NA,NA,NA
206.853,12.0488,26.0675,13.2032,49.2708,24281.1160,-57.1575,192001.5200,0.0000,NA,NA,NA,NA,NA,NA,NA,NA
206.961,12.0334,25.9071,13.2023,49.2604,46902.3200,-17.2438,NA,NA,NA,NA,NA,NA,NA,NA,NA,NA
207.060,12.0248,25.8168,13.1913,49.1362,46902.3200,-17.2438,NA,NA,NA,NA,NA,NA,NA,NA,NA,NA
207.152,12.0213,25.7805,13.1872,49.0901,26401.2980,-53.4166,NA,NA,NA,NA,NA,NA,NA,NA,NA,NA
207.249,11.9975,25.5309,13.1750,48.9518,29694.3360,-47.6062,180320.6880,0.0000,NA,NA,NA,NA,NA,NA,NA,NA
207.352,11.9840,25.3902,13.1591,48.7725,29694.3360,-47.6062,NA,NA,NA,NA,NA,NA,NA,NA,NA,NA
207.462,11.9760,25.3061,13.1468,48.6330,28707.3120,-49.3478,NA,NA,NA,NA,NA,NA,NA,NA,NA,NA
207.549,11.9699,25.2427,13.1404,48.5613,23258.4480,-58.9619,NA,NA,NA,NA,NA,NA,NA,NA,NA,NA
207.648,11.9604,25.1429,13.1339,48.4873,25492.4960,-55.0201,NA,NA,NA,NA,NA,NA,NA,NA,NA,NA
207.772,11.9428,24.9588,13.1226,48.3593,48739.4000,-14.0024,NA,NA,NA,NA,NA,NA,NA,NA,NA,NA
207.860,11.9249,24.7717,13.1177,48.3037,55221.6400,-2.5649,NA,NA,NA,NA,NA,NA,NA,NA,NA,NA
207.956,11.9045,24.5581,13.0988,48.0901,62013.9880,9.4198,NA,NA,NA,NA,NA,NA,NA,NA,NA,NA
208.039,11.8914,24.4210,13.0988,48.0901,62013.9880,9.4198,NA,NA,NA,NA,NA,NA,NA,NA,NA,NA
208.137,11.8789,24.2904,13.0732,47.8011,26020.2680,-54.0889,NA,NA,NA,NA,NA,NA,NA,NA,NA,NA
208.240,11.8660,24.1555,13.0700,47.7654,25919.9400,-54.2659,NA,NA,NA,NA,NA,NA,NA,NA,NA,NA
208.342,11.8349,23.8295,13.0700,47.7654,28543.8700,-49.6361,NA,NA,NA,NA,NA,NA,NA,NA,NA,NA
208.440,11.8349,23.8295,13.0602,47.6539,28543.8700,-49.6361,NA,NA,NA,NA,NA,NA,NA,NA,NA,NA
208.530,11.8183,23.6563,13.0578,47.6270,23838.9240,-57.9377,NA,NA,NA,NA,NA,NA,NA,NA,NA,NA
208.635,11.8120,23.5903,13.0578,47.6270,26129.4900,-53.8962,NA,NA,NA,NA,NA,NA,NA,NA,NA,NA
208.728,11.7895,23.3548,13.0478,47.5145,50465.7520,-10.9564,NA,NA,NA,NA,NA,NA,NA,NA,NA,NA
208.825,11.7534,22.9769,13.0413,47.4407,57173.7160,0.8794,NA,NA,NA,NA,NA,NA,NA,NA,NA,NA
208.919,11.7391,22.8275,13.0500,47.5388,63840.7840,12.6431,NA,NA,NA,NA,NA,NA,NA,NA,NA,NA
209.025,11.7289,22.7202,13.0500,47.5388,63840.7840,12.6431,NA,NA,NA,NA,NA,NA,NA,NA,NA,NA
209.118,11.7164,22.5902,13.0381,47.4041,26093.1360,-53.9603,NA,NA,NA,NA,NA,NA,NA,NA,NA,NA
209.222,11.7095,22.5176,13.0367,47.3883,26375.1880,-53.4626,NA,NA,NA,NA,NA,NA,NA,NA,NA,NA
209.316,11.6984,22.4015,13.0233,47.2373,26375.1880,-53.4626,NA,NA,NA,NA,NA,NA,NA,NA,NA,NA
209.411,11.6984,22.4015,13.0028,47.0057,22074.0360,-61.0517,NA,NA,NA,NA,NA,NA,NA,NA,NA,NA
209.557,11.6812,22.2221,12.9938,46.9030,24224.6060,-57.2572,NA,NA,NA,NA,NA,NA,NA,NA,NA,NA
209.619,11.6696,22.1006,12.9877,46.8346,26714.0440,-52.8647,NA,NA,NA,NA,NA,NA,NA,NA,NA,NA
209.713,11.6518,21.9137,12.9875,46.8323,52229.5560,-7.8442,NA,NA,NA,NA,NA,NA,NA,NA,NA,NA
209.809,11.6329,21.7160,12.9846,46.7994,52229.5560,-7.8442,NA,NA,NA,NA,NA,NA,NA,NA,NA,NA
209.913,11.6329,21.7160,12.9731,46.6693,31424.0440,-44.5542,181715.9840,0.0000,NA,NA,NA,NA,NA,NA,NA,NA
210.008,11.6008,21.3808,12.9618,46.5420,31424.0440,-44.5542,181715.9840,0.0000,NA,NA,NA,NA,NA,NA,NA,NA
210.150,11.5854,21.2191,12.9329,46.2148,52931.7120,-6.6053,NA,NA,NA,NA,NA,NA,NA,NA,NA,NA
210.214,11.5819,21.1821,12.9320,46.2049,59993.5000,5.8548,NA,NA,NA,NA,NA,NA,NA,NA,NA,NA
210.308,11.5782,21.1441,12.9277,46.1562,59993.5000,5.8548,NA,NA,NA,NA,NA,NA,NA,NA,NA,NA
210.400,11.5681,21.0385,12.8980,45.8202,27622.1600,-51.2624,NA,NA,NA,NA,NA,NA,NA,NA,NA,NA
210.507,11.5658,21.0141,12.8852,45.6762,27738.4060,-51.0573,NA,NA,NA,NA,NA,NA,NA,NA,NA,NA
210.596,11.5628,20.9830,12.8780,45.5944,28512.3640,-49.6917,NA,NA,NA,NA,NA,NA,NA,NA,NA,NA
210.751,11.5628,20.9830,12.8637,45.4326,28512.3640,-49.6917,NA,NA,NA,NA,NA,NA,NA,NA,NA,NA
210.803,11.5432,20.7776,12.8605,45.3964,58810.0960,3.7667,NA,NA,NA,NA,NA,NA,NA,NA,NA,NA
210.901,11.5276,20.6144,12.8531,45.3133,59308.8880,4.6468,NA,NA,NA,NA,NA,NA,NA,NA,NA,NA
211.004,11.5180,20.5135,12.8371,45.1322,59308.8880,4.6468,NA,NA,NA,NA,NA,NA,NA,NA,NA,NA
211.095,11.4889,20.2095,12.8261,45.0076,24621.0240,-56.5577,185614.4640,0.0000,NA,NA,NA,NA,NA,NA,NA,NA
211.194,11.4765,20.0799,12.8116,44.8437,46934.1040,-17.1877,NA,NA,NA,NA,NA,NA,NA,NA,NA,NA
211.299,11.4520,19.8236,12.8053,44.7719,46934.1040,-17.1877,NA,NA,NA,NA,NA,NA,NA,NA,NA,NA
211.426,11.4324,19.6186,12.8011,44.7251,26694.9520,-52.8984,NA,NA,NA,NA,NA,NA,NA,NA,NA,NA
211.494,11.4026,19.3069,12.7874,44.5702,30171.8440,-46.7637,183364.9440,0.0000,NA,NA,NA,NA,NA,NA,NA,NA
211.590,11.3926,19.2021,12.7838,44.5288,63272.8920,11.6410,NA,NA,NA,NA,NA,NA,NA,NA,NA,NA
211.705,11.3926,19.2021,12.7742,44.4204,63272.8920,11.6410,NA,NA,NA,NA,NA,NA,NA,NA,NA,NA
211.793,11.3851,19.1230,12.7738,44.4167,30226.8080,-46.6667,NA,NA,NA,NA,NA,NA,NA,NA,NA,NA
211.896,11.3877,19.1504,12.7626,44.2896,26077.8560,-53.9873,NA,NA,NA,NA,NA,NA,NA,NA,NA,NA
211.994,11.3877,19.1504,12.7581,44.2384,49880.0080,-11.9899,NA,NA,NA,NA,NA,NA,NA,NA,NA,NA
212.091,11.3657,18.9203,12.7541,44.1938,56276.9840,-0.7028,NA,NA,NA,NA,NA,NA,NA,NA,NA,NA
212.183,11.3452,18.7055,12.7541,44.1938,62530.0960,10.3304,NA,NA,NA,NA,NA,NA,NA,NA,NA,NA
212.285,11.3315,18.5630,12.7536,44.1874,62530.0960,10.3304,NA,NA,NA,NA,NA,NA,NA,NA,NA,NA
212.385,11.3230,18.4732,12.7483,44.1283,25135.6560,-55.6497,NA,NA,NA,NA,NA,NA,NA,NA,NA,NA
212.478,11.3179,18.4199,12.7276,43.8938,25819.0600,-54.4439,NA,NA,NA,NA,NA,NA,NA,NA,NA,NA
212.574,11.3157,18.3977,12.7191,43.7984,29229.0780,-48.4271,NA,NA,NA,NA,NA,NA,NA,NA,NA,NA
212.679,11.3142,18.3813,12.7126,43.7246,29229.0780,-48.4271,NA,NA,NA,NA,NA,NA,NA,NA,NA,NA
212.772,11.3139,18.3783,12.7054,43.6426,24129.5380,-57.4249,NA,NA,NA,NA,NA,NA,NA,NA,NA,NA
212.879,11.3072,18.3087,12.7054,43.6426,26408.9420,-53.4031,NA,NA,NA,NA,NA,NA,NA,NA,NA,NA
212.969,11.2815,18.0390,12.6855,43.4180,51514.8520,-9.1053,NA,NA,NA,NA,NA,NA,NA,NA,NA,NA
213.068,11.2690,17.9084,12.6704,43.2468,58144.4080,2.5922,NA,NA,NA,NA,NA,NA,NA,NA,NA,NA
213.201,11.2581,17.7950,12.6616,43.1477,64145.2840,13.1803,NA,NA,NA,NA,NA,NA,NA,NA,NA,NA
213.266,11.2357,17.5599,12.6426,42.9335,64145.2840,13.1803,NA,NA,NA,NA,NA,NA,NA,NA,NA,NA
213.362,11.2269,17.4684,12.6346,42.8425,25122.5280,-55.6729,NA,NA,NA,NA,NA,NA,NA,NA,NA,NA
213.468,11.2194,17.3899,12.6134,42.6025,25800.2620,-54.4771,NA,NA,NA,NA,NA,NA,NA,NA,NA,NA
213.550,11.2200,17.3964,12.6068,42.5284,25800.2620,-54.4771,NA,NA,NA,NA,NA,NA,NA,NA,NA,NA
213.654,11.2200,17.3964,12.6055,42.5130,21941.1300,-61.2863,NA,NA,NA,NA,NA,NA,NA,NA,NA,NA
213.784,11.2143,17.3368,12.5912,42.3519,24239.4360,-57.2310,NA,NA,NA,NA,NA,NA,NA,NA,NA,NA
213.849,11.1970,17.1549,12.5782,42.2048,27161.9720,-52.0744,NA,NA,NA,NA,NA,NA,NA,NA,NA,NA
213.947,11.1595,16.7630,12.5673,42.0819,54501.2640,-3.8359,NA,NA,NA,NA,NA,NA,NA,NA,NA,NA
214.043,11.1410,16.5696,12.5588,41.9859,62391.0800,10.0851,NA,NA,NA,NA,NA,NA,NA,NA,NA,NA
214.149,11.1310,16.4650,12.5374,41.7438,68638.2320,21.1078,NA,NA,NA,NA,NA,NA,NA,NA,NA,NA
214.245,11.1291,16.4447,12.5274,41.6305,68638.2320,21.1078,NA,NA,NA,NA,NA,NA,NA,NA,NA,NA
214.338,11.0993,16.1328,12.5244,41.5968,25392.9080,-55.1958,NA,NA,NA,NA,NA,NA,NA,NA,NA,NA
214.453,11.0833,15.9652,12.5000,41.3213,26640.9020,-52.9938,NA,NA,NA,NA,NA,NA,NA,NA,NA,NA
214.537,11.0763,15.8925,12.4956,41.2716,26640.9020,-52.9938,NA,NA,NA,NA,NA,NA,NA,NA,NA,NA
214.639,11.0763,15.8925,12.4914,41.2230,22673.3500,-59.9943,NA,NA,NA,NA,NA,NA,NA,NA,NA,NA
214.741,11.0683,15.8090,12.4691,40.9717,47669.3680,-15.8904,NA,NA,NA,NA,NA,NA,NA,NA,NA,NA
214.848,11.0624,15.7466,12.4636,40.9094,48525.3960,-14.3800,NA,NA,NA,NA,NA,NA,NA,NA,NA,NA
214.994,11.2474,17.6826,12.4734,41.0197,48525.3960,-14.3800,NA,NA,NA,NA,NA,NA,NA,NA,NA,NA
215.029,11.3906,19.1807,12.4863,41.1657,28446.1960,-49.8085,171668.2560,0.0000,NA,NA,NA,NA,NA,NA,NA,NA
215.136,11.5253,20.5908,12.5257,41.6109,56133.2320,-0.9564,NA,NA,NA,NA,NA,NA,NA,NA,NA,NA
215.233,11.5721,21.0804,12.6037,42.4936,56133.2320,-0.9564,NA,NA,NA,NA,NA,NA,NA,NA,NA,NA
215.332,11.5866,21.2316,12.6371,42.8710,30574.5620,-46.0531,187243.2160,0.0000,NA,NA,NA,NA,NA,NA,NA,NA
215.426,11.5941,21.3104,12.6493,43.0086,64539.8800,13.8766,NA,NA,NA,NA,NA,NA,NA,NA,NA,NA
215.574,11.5941,21.3104,12.6493,43.0086,64539.8800,13.8766,NA,NA,NA,NA,NA,NA,NA,NA,NA,NA
215.629,11.5800,21.1632,12.6403,42.9072,27862.5160,-50.8383,NA,NA,NA,NA,NA,NA,NA,NA,NA,NA
215.737,11.5249,20.5859,12.6242,42.7253,26924.4080,-52.4936,NA,NA,NA,NA,NA,NA,NA,NA,NA,NA
215.828,11.5091,20.4213,12.6025,42.4796,28291.5280,-50.0814,NA,NA,NA,NA,NA,NA,NA,NA,NA,NA
215.932,11.4779,20.0945,12.5710,42.1230,55391.1520,-2.2658,NA,NA,NA,NA,NA,NA,NA,NA,NA,NA
216.022,11.4492,19.7939,12.5545,41.9370,56723.7000,0.0854,NA,NA,NA,NA,NA,NA,NA,NA,NA,NA
216.132,11.4118,19.4023,12.5288,41.6459,56723.7000,0.0854,NA,NA,NA,NA,NA,NA,NA,NA,NA,NA
216.237,11.3767,19.0354,12.5185,41.5298,56173.3960,-0.8856,NA,NA,NA,NA,NA,NA,NA,NA,NA,NA
216.327,11.3338,18.5862,12.4993,41.3126,25975.2860,-54.1682,186407.8880,0.0000,NA,NA,NA,NA,NA,NA,NA,NA
216.416,11.3154,18.3943,12.4852,41.1539,48650.8960,-14.1585,NA,NA,NA,NA,NA,NA,NA,NA,NA,NA
216.518,11.3061,18.2971,12.4661,40.9375,48650.8960,-14.1585,NA,NA,NA,NA,NA,NA,NA,NA,NA,NA
216.612,11.2985,18.2169,12.4618,40.8884,27927.2540,-50.7241,170591.4400,0.0000,NA,NA,NA,NA,NA,NA,NA,NA
216.720,11.2760,17.9817,12.4556,40.8185,57994.8080,2.3282,NA,NA,NA,NA,NA,NA,NA,NA,NA,NA
216.815,11.2646,17.8631,12.4382,40.6223,NA,NA,NA,NA,NA,NA,NA,NA,NA,NA,NA,NA
216.920,11.2525,17.7358,12.4277,40.5038,NA,NA,NA,NA,NA,NA,NA,NA,NA,NA,NA,NA
217.011,11.2225,17.4220,12.4153,40.3635,32785.9600,-42.1512,NA,NA,NA,NA,NA,NA,NA,NA,NA,NA
217.125,11.2085,17.2757,12.4089,40.2907,33185.8560,-41.4456,182843.9360,0.0000,NA,NA,NA,NA,NA,NA,NA,NA
217.211,11.2001,17.1873,12.3929,40.1101,33185.8560,-41.4456,182843.9360,0.0000,NA,NA,NA,NA,NA,NA,NA,NA
217.351,11.1605,16.7731,12.3831,39.9987,56503.5680,-0.3030,NA,NA,NA,NA,NA,NA,NA,NA,NA,NA
217.418,11.1401,16.5597,12.3674,39.8216,64151.5640,13.1914,NA,NA,NA,NA,NA,NA,NA,NA,NA,NA
217.514,11.1290,16.4434,12.3482,39.6049,64151.5640,13.1914,NA,NA,NA,NA,NA,NA,NA,NA,NA,NA
217.622,11.1144,16.2912,12.3380,39.4890,27419.9640,-51.6192,NA,NA,NA,NA,NA,NA,NA,NA,NA,NA
217.708,11.1064,16.2075,12.3211,39.2979,25880.4040,-54.3357,NA,NA,NA,NA,NA,NA,NA,NA,NA,NA
217.814,11.0951,16.0895,12.3018,39.0795,28005.0600,-50.5868,NA,NA,NA,NA,NA,NA,NA,NA,NA,NA
217.906,11.0674,15.7994,12.2927,38.9771,55268.0480,-2.4830,NA,NA,NA,NA,NA,NA,NA,NA,NA,NA
218.032,11.0198,15.3016,12.2536,38.5354,56096.9720,-1.0204,NA,NA,NA,NA,NA,NA,NA,NA,NA,NA
218.105,11.0050,15.1464,12.2415,38.3979,56096.9720,-1.0204,NA,NA,NA,NA,NA,NA,NA,NA,NA,NA
218.198,11.0000,15.0941,12.2292,38.2594,55116.1360,-2.7510,NA,NA,NA,NA,NA,NA,NA,NA,NA,NA
218.310,10.9978,15.0713,12.2269,38.2331,26049.9880,-54.0364,178860.4320,0.0000,NA,NA,NA,NA,NA,NA,NA,NA
218.397,10.9978,15.0713,12.2061,37.9977,48742.9880,-13.9961,NA,NA,NA,NA,NA,NA,NA,NA,NA,NA
218.495,10.9790,14.8746,12.1830,37.7370,48742.9880,-13.9961,NA,NA,NA,NA,NA,NA,NA,NA,NA,NA
218.600,10.9907,14.9967,12.2001,37.9306,28024.6000,-50.5524,168657.2320,0.0000,NA,NA,NA,NA,NA,NA,NA,NA
218.709,11.2553,17.7650,12.3724,39.8782,28024.6000,-50.5524,NA,NA,NA,NA,NA,NA,NA,NA,NA,NA
218.798,11.5434,20.7798,12.5990,42.4399,30003.7200,-47.0603,NA,NA,NA,NA,NA,NA,NA,NA,NA,NA
218.896,11.7444,22.8826,12.7757,44.4372,30003.7200,-47.0603,NA,NA,NA,NA,NA,NA,NA,NA,NA,NA
218.997,11.8094,23.5633,12.8358,45.1172,24356.5500,-57.0244,NA,NA,NA,NA,NA,NA,NA,NA,NA,NA
219.092,11.8170,23.6424,12.8566,45.3525,26863.9380,-52.6003,NA,NA,NA,NA,NA,NA,NA,NA,NA,NA
219.242,11.8170,23.6424,12.8598,45.3891,53302.5200,-5.9511,NA,NA,NA,NA,NA,NA,NA,NA,NA,NA
219.295,11.8190,23.6635,12.8638,45.4334,59502.4000,4.9882,NA,NA,NA,NA,NA,NA,NA,NA,NA,NA
219.386,11.8190,23.6635,12.8638,45.4334,63475.2920,11.9982,NA,NA,NA,NA,NA,NA,NA,NA,NA,NA
219.494,11.8020,23.4856,12.8604,45.3948,63475.2920,11.9982,NA,NA,NA,NA,NA,NA,NA,NA,NA,NA
219.581,11.7989,23.4528,12.8556,45.3410,24147.8560,-57.3926,NA,NA,NA,NA,NA,NA,NA,NA,NA,NA
219.680,11.7681,23.1311,12.8518,45.2976,26717.5620,-52.8585,NA,NA,NA,NA,NA,NA,NA,NA,NA,NA
219.803,11.7550,22.9935,12.8434,45.2032,26717.5620,-52.8585,NA,NA,NA,NA,NA,NA,NA,NA,NA,NA
219.871,11.7417,22.8548,12.7990,44.7009,22478.3100,-60.3384,NA,NA,NA,NA,NA,NA,NA,NA,NA,NA
219.973,11.7355,22.7900,12.7767,44.4488,24755.8760,-56.3198,NA,NA,NA,NA,NA,NA,NA,NA,NA,NA
220.071,11.7228,22.6573,12.7443,44.0831,27654.3600,-51.2056,NA,NA,NA,NA,NA,NA,NA,NA,NA,NA
220.173,11.6685,22.0885,12.7087,43.6802,55349.7560,-2.3388,NA,NA,NA,NA,NA,NA,NA,NA,NA,NA
220.275,11.6260,21.6435,12.6892,43.4592,61266.9120,8.1016,NA,NA,NA,NA,NA,NA,NA,NA,NA,NA
220.373,11.6038,21.4118,12.6864,43.4281,63367.7760,11.8085,NA,NA,NA,NA,NA,NA,NA,NA,NA,NA
220.478,11.5900,21.2670,12.6476,42.9894,63367.7760,11.8085,NA,NA,NA,NA,NA,NA,NA,NA,NA,NA
220.572,11.5657,21.0130,12.6372,42.8723,24718.9440,-56.3850,NA,NA,NA,NA,NA,NA,NA,NA,NA,NA
220.667,11.5457,20.8036,12.6329,42.8234,25585.4420,-54.8561,NA,NA,NA,NA,NA,NA,NA,NA,NA,NA
220.766,11.5383,20.7264,12.5931,42.3737,45982.3120,-18.8671,NA,NA,NA,NA,NA,NA,NA,NA,NA,NA
220.863,11.5108,20.4392,12.5785,42.2084,45982.3120,-18.8671,NA,NA,NA,NA,NA,NA,NA,NA,NA,NA
220.975,11.4669,19.9794,12.5541,41.9327,46225.5920,-18.4378,NA,NA,NA,NA,NA,NA,NA,NA,NA,NA
221.067,11.4439,19.7387,12.5295,41.6538,49220.6760,-13.1532,NA,NA,NA,NA,NA,NA,NA,NA,NA,NA
221.164,11.4158,19.4442,12.5188,41.5334,49220.6760,-13.1532,NA,NA,NA,NA,NA,NA,NA,NA,NA,NA
221.265,11.4081,19.3643,12.5079,41.4105,29153.8640,-48.5598,168976.9440,0.0000,NA,NA,NA,NA,NA,NA,NA,NA
221.358,11.3893,19.1672,12.5076,41.4064,59341.1920,4.7038,NA,NA,NA,NA,NA,NA,NA,NA,NA,NA
221.452,11.3578,18.8382,12.5072,41.4017,59341.1920,4.7038,NA,NA,NA,NA,NA,NA,NA,NA,NA,NA
221.576,11.3434,18.6875,12.4801,41.0963,30847.6340,-45.5713,NA,NA,NA,NA,NA,NA,NA,NA,NA,NA
221.653,11.3295,18.5421,12.4687,40.9672,32891.9380,-41.9642,NA,NA,NA,NA,NA,NA,NA,NA,NA,NA
221.761,11.3115,18.3529,12.4550,40.8122,32891.9380,-41.9642,NA,NA,NA,NA,NA,NA,NA,NA,NA,NA
221.843,11.3032,18.2669,12.4528,40.7867,21769.7160,-61.5887,NA,NA,NA,NA,NA,NA,NA,NA,NA,NA
221.948,11.2887,18.1149,12.4402,40.6445,22995.1420,-59.4265,NA,NA,NA,NA,NA,NA,NA,NA,NA,NA
222.041,11.2827,18.0521,12.4216,40.4340,39106.4640,-30.9991,NA,NA,NA,NA,NA,NA,NA,NA,NA,NA
222.185,11.2682,17.9000,12.4075,40.2755,45311.9240,-20.0500,NA,NA,NA,NA,NA,NA,NA,NA,NA,NA
222.241,11.2443,17.6501,12.3819,39.9855,53062.3480,-6.3748,NA,NA,NA,NA,NA,NA,NA,NA,NA,NA
222.333,11.2318,17.5194,12.3665,39.8120,61639.4880,8.7590,NA,NA,NA,NA,NA,NA,NA,NA,NA,NA
222.446,11.2104,17.2955,12.3565,39.6989,61639.4880,8.7590,NA,NA,NA,NA,NA,NA,NA,NA,NA,NA
222.541,11.2094,17.2851,12.3413,39.5266,30489.0280,-46.2040,NA,NA,NA,NA,NA,NA,NA,NA,NA,NA
222.642,11.1903,17.0851,12.3171,39.2527,25875.4780,-54.3443,NA,NA,NA,NA,NA,NA,NA,NA,NA,NA
222.771,11.1883,17.0640,12.3005,39.0647,49467.2240,-12.7182,NA,NA,NA,NA,NA,NA,NA,NA,NA,NA
222.837,11.1927,17.1107,12.3030,39.0938,56812.4120,0.2419,NA,NA,NA,NA,NA,NA,NA,NA,NA,NA
222.932,11.2488,17.6978,12.3541,39.6718,64492.4680,13.7929,NA,NA,NA,NA,NA,NA,NA,NA,NA,NA
223.029,11.3453,18.7066,12.4706,40.9880,64492.4680,13.7929,NA,NA,NA,NA,NA,NA,NA,NA,NA,NA
223.127,11.3856,19.1282,12.6485,42.9993,25939.0440,-54.2322,NA,NA,NA,NA,NA,NA,NA,NA,NA,NA
223.223,11.4165,19.4521,12.7312,43.9343,25565.6320,-54.8910,NA,NA,NA,NA,NA,NA,NA,NA,NA,NA
223.363,11.4319,19.6129,12.7600,44.2599,28426.4100,-49.8434,NA,NA,NA,NA,NA,NA,NA,NA,NA,NA
223.432,11.4447,19.7472,12.7698,44.3713,28426.4100,-49.8434,NA,NA,NA,NA,NA,NA,NA,NA,NA,NA
223.516,11.4447,19.7472,12.7698,44.3713,23896.3460,-57.8364,NA,NA,NA,NA,NA,NA,NA,NA,NA,NA
223.619,11.4417,19.7158,12.7565,44.2203,26271.7500,-53.6451,NA,NA,NA,NA,NA,NA,NA,NA,NA,NA
223.712,11.4164,19.4508,12.7565,44.2203,51321.6640,-9.4461,NA,NA,NA,NA,NA,NA,NA,NA,NA,NA
223.811,11.3837,19.1089,12.7504,44.1512,58478.3840,3.1814,NA,NA,NA,NA,NA,NA,NA,NA,NA,NA
223.963,11.3777,19.0455,12.7253,43.8677,65574.7360,15.7025,NA,NA,NA,NA,NA,NA,NA,NA,NA,NA
224.009,11.3449,18.7031,12.7052,43.6401,65574.7360,15.7025,NA,NA,NA,NA,NA,NA,NA,NA,NA,NA
224.117,11.3334,18.5829,12.6888,43.4552,25856.8040,-54.3773,NA,NA,NA,NA,NA,NA,NA,NA,NA,NA
224.223,11.3020,18.2544,12.6659,43.1966,26107.4440,-53.9351,NA,NA,NA,NA,NA,NA,NA,NA,NA,NA
224.304,11.2953,18.1838,12.6548,43.0709,26107.4440,-53.9351,NA,NA,NA,NA,NA,NA,NA,NA,NA,NA
224.410,11.2894,18.1220,12.6390,42.8924,22037.4200,-61.1164,NA,NA,NA,NA,NA,NA,NA,NA,NA,NA
224.498,11.2894,18.1220,12.6277,42.7641,24247.6640,-57.2165,NA,NA,NA,NA,NA,NA,NA,NA,NA,NA
224.649,11.2822,18.0472,12.6087,42.5498,26907.6580,-52.5231,NA,NA,NA,NA,NA,NA,NA,NA,NA,NA
224.696,11.2536,17.7480,12.5984,42.4328,53218.8960,-6.0986,NA,NA,NA,NA,NA,NA,NA,NA,NA,NA
224.804,11.2360,17.5637,12.5821,42.2488,60542.6600,6.8237,NA,NA,NA,NA,NA,NA,NA,NA,NA,NA
224.898,11.2171,17.3659,12.5719,42.1341,66815.2080,17.8912,NA,NA,NA,NA,NA,NA,NA,NA,NA,NA
224.994,11.2137,17.3298,12.5641,42.0457,66815.2080,17.8912,NA,NA,NA,NA,NA,NA,NA,NA,NA,NA
225.093,11.2056,17.2448,12.5571,41.9659,25855.9000,-54.3789,NA,NA,NA,NA,NA,NA,NA,NA,NA,NA
225.240,11.1778,16.9548,12.5490,41.8744,26705.0820,-52.8806,NA,NA,NA,NA,NA,NA,NA,NA,NA,NA
225.284,11.1745,16.9196,12.5416,41.7914,26705.0820,-52.8806,NA,NA,NA,NA,NA,NA,NA,NA,NA,NA
225.393,11.1765,16.9411,12.5315,41.6770,22632.2580,-60.0668,NA,NA,NA,NA,NA,NA,NA,NA,NA,NA
225.488,11.1765,16.9411,12.5227,41.5774,49139.3760,-13.2967,NA,NA,NA,NA,NA,NA,NA,NA,NA,NA
225.593,11.1563,16.7294,12.5162,41.5036,49770.1080,-12.1838,NA,NA,NA,NA,NA,NA,NA,NA,NA,NA
225.694,11.1265,16.4172,12.4990,41.3090,49770.1080,-12.1838,NA,NA,NA,NA,NA,NA,NA,NA,NA,NA
225.797,11.0907,16.0429,12.4917,41.2265,28418.9040,-49.8566,170314.6560,0.0000,NA,NA,NA,NA,NA,NA,NA,NA
225.883,11.0797,15.9282,12.4687,40.9667,55508.7200,-2.0584,NA,NA,NA,NA,NA,NA,NA,NA,NA,NA
225.979,11.0684,15.8095,12.4624,40.8955,55508.7200,-2.0584,NA,NA,NA,NA,NA,NA,NA,NA,NA,NA
226.075,11.0535,15.6536,12.4564,40.8274,30224.0440,-46.6716,180264.0960,0.0000,NA,NA,NA,NA,NA,NA,NA,NA
226.177,11.0433,15.5469,12.4533,40.7925,63962.1960,12.8573,NA,NA,NA,NA,NA,NA,NA,NA,NA,NA
226.276,11.0381,15.4930,12.4405,40.6483,63962.1960,12.8573,NA,NA,NA,NA,NA,NA,NA,NA,NA,NA
226.441,11.0374,15.4849,12.4342,40.5769,28495.9880,-49.7206,NA,NA,NA,NA,NA,NA,NA,NA,NA,NA
226.477,11.0281,15.3886,12.4250,40.4732,27672.6880,-51.1733,NA,NA,NA,NA,NA,NA,NA,NA,NA,NA
226.572,11.0281,15.3886,12.4149,40.3590,28430.3960,-49.8364,NA,NA,NA,NA,NA,NA,NA,NA,NA,NA
226.680,11.0108,15.2069,12.4011,40.2027,55966.2880,-1.2510,NA,NA,NA,NA,NA,NA,NA,NA,NA,NA
226.770,11.0020,15.1152,12.3919,40.0988,58950.4240,4.0143,NA,NA,NA,NA,NA,NA,NA,NA,NA,NA
226.873,10.9723,14.8043,12.3814,39.9801,58950.4240,4.0143,NA,NA,NA,NA,NA,NA,NA,NA,NA,NA
226.965,10.9587,14.6620,12.3711,39.8631,58633.9880,3.4560,NA,NA,NA,NA,NA,NA,NA,NA,NA,NA
227.067,10.9559,14.6327,12.3639,39.7816,25426.5540,-55.1364,187050.4960,0.0000,NA,NA,NA,NA,NA,NA,NA,NA
227.174,10.9434,14.5024,12.3588,39.7240,47482.1040,-16.2208,NA,NA,NA,NA,NA,NA,NA,NA,NA,NA
227.262,10.9390,14.4558,12.3421,39.5351,47482.1040,-16.2208,NA,NA,NA,NA,NA,NA,NA,NA,NA,NA
227.369,10.9381,14.4468,12.3363,39.4702,27619.1800,-51.2677,166591.3760,0.0000,NA,NA,NA,NA,NA,NA,NA,NA
227.464,11.0730,15.8583,12.3874,40.0479,57100.5760,0.7504,NA,NA,NA,NA,NA,NA,NA,NA,NA,NA
227.594,11.3904,19.1787,12.6133,42.6013,184766.9760,226.0097,NA,NA,NA,NA,NA,NA,NA,NA,NA,NA
227.663,11.8048,23.5148,12.8939,45.7746,184766.9760,226.0097,NA,NA,NA,NA,NA,NA,NA,NA,NA,NA
227.759,12.1835,27.4774,13.1889,49.1093,28783.3440,-49.2136,NA,NA,NA,NA,NA,NA,NA,NA,NA,NA
227.864,12.4283,30.0385,13.4925,52.5412,26836.1800,-52.6492,NA,NA,NA,NA,NA,NA,NA,NA,NA,NA
227.972,12.6492,32.3494,13.7331,55.2613,52467.9800,-7.4235,NA,NA,NA,NA,NA,NA,NA,NA,NA,NA
228.054,12.8399,34.3451,13.9137,57.3038,59567.0520,5.1023,NA,NA,NA,NA,NA,NA,NA,NA,NA,NA
228.163,13.0498,36.5409,14.0854,59.2444,65898.2880,16.2734,NA,NA,NA,NA,NA,NA,NA,NA,NA,NA
228.254,13.2107,38.2251,14.2794,61.4376,65898.2880,16.2734,NA,NA,NA,NA,NA,NA,NA,NA,NA,NA
228.352,13.3768,39.9630,14.4337,63.1828,25056.4280,-55.7895,NA,NA,NA,NA,NA,NA,NA,NA,NA,NA
228.457,13.5024,41.2768,14.5167,64.1203,26171.8220,-53.8215,NA,NA,NA,NA,NA,NA,NA,NA,NA,NA
228.549,13.5453,41.7260,14.5432,64.4201,26171.8220,-53.8215,NA,NA,NA,NA,NA,NA,NA,NA,NA,NA
228.647,13.5496,41.7713,14.5461,64.4537,22276.0940,-60.6952,NA,NA,NA,NA,NA,NA,NA,NA,NA,NA
228.738,13.5496,41.7713,14.5461,64.4537,24502.1160,-56.7676,NA,NA,NA,NA,NA,NA,NA,NA,NA,NA
228.844,13.5086,41.3421,14.5345,64.3226,27255.8980,-51.9087,NA,NA,NA,NA,NA,NA,NA,NA,NA,NA
228.943,13.4333,40.5542,14.5069,64.0106,54338.7720,-4.1226,NA,NA,NA,NA,NA,NA,NA,NA,NA,NA
229.035,13.3933,40.1358,14.4968,63.8957,61169.0440,7.9289,NA,NA,NA,NA,NA,NA,NA,NA,NA,NA
229.145,13.3366,39.5421,14.4667,63.5556,66370.5280,17.1066,NA,NA,NA,NA,NA,NA,NA,NA,NA,NA
229.233,13.2948,39.1049,14.4497,63.3639,66370.5280,17.1066,NA,NA,NA,NA,NA,NA,NA,NA,NA,NA
229.352,13.2418,38.5505,14.4150,62.9715,25177.1080,-55.5766,NA,NA,NA,NA,NA,NA,NA,NA,NA,NA
229.426,13.2127,38.2462,14.3958,62.7539,27105.7140,-52.1737,NA,NA,NA,NA,NA,NA,NA,NA,NA,NA
229.523,13.1784,37.8870,14.3572,62.3182,27105.7140,-52.1737,NA,NA,NA,NA,NA,NA,NA,NA,NA,NA
229.624,13.1506,37.5961,14.3307,62.0177,22922.7320,-59.5543,NA,NA,NA,NA,NA,NA,NA,NA,NA,NA
229.721,13.1061,37.1299,14.3123,61.8099,25140.9920,-55.6403,NA,NA,NA,NA,NA,NA,NA,NA,NA,NA
229.820,13.0719,36.7729,14.2767,61.4075,48785.7600,-13.9206,NA,NA,NA,NA,NA,NA,NA,NA,NA,NA
229.920,13.0357,36.3941,14.2392,60.9832,55661.2960,-1.7891,NA,NA,NA,NA,NA,NA,NA,NA,NA,NA
230.018,13.0098,36.1225,14.1966,60.5023,62636.8200,10.5187,NA,NA,NA,NA,NA,NA,NA,NA,NA,NA
230.113,12.9899,35.9143,14.1714,60.2176,66415.3640,17.1857,NA,NA,NA,NA,NA,NA,NA,NA,NA,NA
230.219,12.9645,35.6490,14.1601,60.0889,66415.3640,17.1857,NA,NA,NA,NA,NA,NA,NA,NA,NA,NA
230.319,12.9570,35.5700,14.1415,59.8792,25412.6120,-55.1610,NA,NA,NA,NA,NA,NA,NA,NA,NA,NA
230.413,12.9278,35.2647,14.1250,59.6923,26352.7100,-53.5023,NA,NA,NA,NA,NA,NA,NA,NA,NA,NA
230.514,12.9131,35.1114,14.1145,59.5735,48802.8920,-13.8904,NA,NA,NA,NA,NA,NA,NA,NA,NA,NA
230.607,12.8716,34.6764,14.1069,59.4880,48802.8920,-13.8904,NA,NA,NA,NA,NA,NA,NA,NA,NA,NA
230.709,12.8514,34.4652,14.1065,59.4836,48558.2680,-14.3220,NA,NA,NA,NA,NA,NA,NA,NA,NA,NA
230.806,12.8425,34.3728,14.1076,59.4955,48371.7760,-14.6510,NA,NA,NA,NA,NA,NA,NA,NA,NA,NA
230.911,12.8332,34.2750,14.1087,59.5081,25928.5880,-54.2506,NA,NA,NA,NA,NA,NA,NA,NA,NA,NA
231.001,12.8007,33.9350,14.1087,59.5081,29389.5140,-48.1440,170524.2560,0.0000,NA,NA,NA,NA,NA,NA,NA,NA
231.101,12.7961,33.8866,14.0990,59.3988,59623.1680,5.2013,NA,NA,NA,NA,NA,NA,NA,NA,NA,NA
231.198,12.7672,33.5845,14.0916,59.3151,59623.1680,5.2013,NA,NA,NA,NA,NA,NA,NA,NA,NA,NA
231.298,12.7336,33.2334,14.0892,59.2878,31656.0580,-44.1449,NA,NA,NA,NA,NA,NA,NA,NA,NA,NA
231.398,12.7290,33.1843,14.0870,59.2628,34472.7200,-39.1751,NA,NA,NA,NA,NA,NA,NA,NA,NA,NA
231.499,12.7281,33.1754,14.0845,59.2347,34472.7200,-39.1751,NA,NA,NA,NA,NA,NA,NA,NA,NA,NA
231.601,12.7335,33.2314,14.0782,59.1639,22527.7660,-60.2512,NA,NA,NA,NA,NA,NA,NA,NA,NA,NA
231.689,12.7335,33.2314,14.0743,59.1192,23393.3020,-58.7240,NA,NA,NA,NA,NA,NA,NA,NA,NA,NA
231.789,12.7318,33.2140,14.0732,59.1071,39337.4880,-30.5915,NA,NA,NA,NA,NA,NA,NA,NA,NA,NA
231.915,12.6917,32.7944,14.0740,59.1162,45047.4240,-20.5166,NA,NA,NA,NA,NA,NA,NA,NA,NA,NA
231.982,12.6657,32.5228,14.0740,59.1162,53252.0720,-6.0401,NA,NA,NA,NA,NA,NA,NA,NA,NA,NA
232.081,12.6413,32.2670,14.0733,59.1078,53252.0720,-6.0401,NA,NA,NA,NA,NA,NA,NA,NA,NA,NA
232.189,12.6373,32.2249,14.0764,59.1431,28452.7680,-49.7969,NA,NA,NA,NA,NA,NA,NA,NA,NA,NA
232.283,12.6255,32.1022,14.0764,59.1431,28452.7680,-49.7969,NA,NA,NA,NA,NA,NA,NA,NA,NA,NA
232.435,12.6255,32.1022,14.0733,59.1079,26123.2780,-53.9071,NA,NA,NA,NA,NA,NA,NA,NA,NA,NA
232.486,12.6106,31.9461,14.0690,59.0589,49713.1360,-12.2843,NA,NA,NA,NA,NA,NA,NA,NA,NA,NA
232.584,12.5829,31.6562,14.0677,59.0451,57031.3840,0.6283,NA,NA,NA,NA,NA,NA,NA,NA,NA,NA
232.689,12.5608,31.4251,14.0677,59.0451,64973.4480,14.6416,NA,NA,NA,NA,NA,NA,NA,NA,NA,NA
232.786,12.5557,31.3716,14.0344,58.6686,64973.4480,14.6416,NA,NA,NA,NA,NA,NA,NA,NA,NA,NA
232.875,12.5538,31.3512,14.0344,58.6686,27316.6920,-51.8014,NA,NA,NA,NA,NA,NA,NA,NA,NA,NA
233.001,12.5354,31.1590,14.0336,58.6591,26615.2500,-53.0391,NA,NA,NA,NA,NA,NA,NA,NA,NA,NA
233.070,12.5220,31.0186,14.0328,58.6497,26615.2500,-53.0391,NA,NA,NA,NA,NA,NA,NA,NA,NA,NA
233.171,12.5227,31.0258,14.0298,58.6163,21765.2640,-61.5966,NA,NA,NA,NA,NA,NA,NA,NA,NA,NA
233.264,12.5227,31.0258,14.0385,58.7145,23961.4360,-57.7216,NA,NA,NA,NA,NA,NA,NA,NA,NA,NA
233.369,12.5190,30.9878,14.0385,58.7145,26560.0720,-53.1364,NA,NA,NA,NA,NA,NA,NA,NA,NA,NA
233.463,12.5037,30.8275,14.0298,58.6162,51773.6160,-8.6487,NA,NA,NA,NA,NA,NA,NA,NA,NA,NA
233.560,12.4830,30.6109,14.0402,58.7340,59469.5640,4.9303,NA,NA,NA,NA,NA,NA,NA,NA,NA,NA
233.667,12.4708,30.4834,14.0421,58.7555,67221.0320,18.6073,NA,NA,NA,NA,NA,NA,NA,NA,NA,NA
233.761,12.4485,30.2497,14.0641,59.0038,67221.0320,18.6073,NA,NA,NA,NA,NA,NA,NA,NA,NA,NA
233.860,12.4485,30.2497,14.0754,59.1320,27250.4240,-51.9183,NA,NA,NA,NA,NA,NA,NA,NA,NA,NA
233.953,12.4278,30.0333,14.0754,59.1320,26908.1760,-52.5222,NA,NA,NA,NA,NA,NA,NA,NA,NA,NA
234.052,12.3952,29.6918,14.0715,59.0879,26908.1760,-52.5222,NA,NA,NA,NA,NA,NA,NA,NA,NA,NA
234.166,12.3952,29.6918,14.0696,59.0666,22360.5100,-60.5463,NA,NA,NA,NA,NA,NA,NA,NA,NA,NA
234.250,12.3855,29.5904,14.0685,59.0536,24658.4760,-56.4917,NA,NA,NA,NA,NA,NA,NA,NA,NA,NA
234.353,12.3573,29.2952,14.0700,59.0705,46692.0520,-17.6148,NA,NA,NA,NA,NA,NA,NA,NA,NA,NA
234.447,12.3334,29.0452,14.0745,59.1218,53610.4040,-5.4078,NA,NA,NA,NA,NA,NA,NA,NA,NA,NA
234.542,12.3144,28.8463,14.0745,59.1218,61628.2240,8.7391,NA,NA,NA,NA,NA,NA,NA,NA,NA,NA
234.643,12.3061,28.7604,14.0518,58.8648,68850.6480,21.4826,NA,NA,NA,NA,NA,NA,NA,NA,NA,NA
234.798,12.3058,28.7568,14.0550,58.9010,68850.6480,21.4826,NA,NA,NA,NA,NA,NA,NA,NA,NA,NA
234.841,12.2956,28.6504,14.0563,58.9154,27190.9280,-52.0233,NA,NA,NA,NA,NA,NA,NA,NA,NA,NA
234.930,12.2795,28.4818,14.0563,58.9154,27457.0560,-51.5537,NA,NA,NA,NA,NA,NA,NA,NA,NA,NA
235.033,12.2743,28.4270,14.0526,58.8734,27457.0560,-51.5537,NA,NA,NA,NA,NA,NA,NA,NA,NA,NA
235.128,12.2662,28.3425,14.0447,58.7851,22978.6240,-59.4557,NA,NA,NA,NA,NA,NA,NA,NA,NA,NA
235.223,12.2627,28.3058,14.0447,58.7845,25301.2740,-55.3575,NA,NA,NA,NA,NA,NA,NA,NA,NA,NA
235.381,12.2475,28.1464,14.0333,58.6553,48440.3560,-14.5300,NA,NA,NA,NA,NA,NA,NA,NA,NA,NA
235.429,12.2401,28.0690,14.0230,58.5397,56002.3360,-1.1874,NA,NA,NA,NA,NA,NA,NA,NA,NA,NA
235.532,12.2005,27.6555,14.0189,58.4928,56002.3360,-1.1874,NA,NA,NA,NA,NA,NA,NA,NA,NA,NA
235.635,12.1976,27.6250,14.0094,58.3860,32933.1200,-41.8916,179904.0960,0.0000,NA,NA,NA,NA,NA,NA,NA,NA
235.733,12.1702,27.3385,14.0039,58.3234,32933.1200,-41.8916,179904.0960,0.0000,NA,NA,NA,NA,NA,NA,NA,NA
235.847,12.1424,27.0472,13.9886,58.1500,56249.3640,-0.7515,NA,NA,NA,NA,NA,NA,NA,NA,NA,NA
235.925,12.1302,26.9199,13.9970,58.2448,64509.9880,13.8238,NA,NA,NA,NA,NA,NA,NA,NA,NA,NA
236.052,12.0933,26.5333,13.9970,58.2448,64509.9880,13.8238,NA,NA,NA,NA,NA,NA,NA,NA,NA,NA
236.116,12.0808,26.4030,13.9858,58.1193,29584.6960,-47.7997,NA,NA,NA,NA,NA,NA,NA,NA,NA,NA
236.218,12.0622,26.2083,13.9858,58.1193,28858.5740,-49.0809,NA,NA,NA,NA,NA,NA,NA,NA,NA,NA
236.314,12.0517,26.0983,13.9832,58.0889,28855.9900,-49.0854,NA,NA,NA,NA,NA,NA,NA,NA,NA,NA
236.418,12.0366,25.9397,13.9703,57.9433,21851.4620,-61.4445,NA,NA,NA,NA,NA,NA,NA,NA,NA,NA
236.562,12.0099,25.6603,13.9593,57.8186,60804.7040,7.2861,NA,NA,NA,NA,NA,NA,NA,NA,NA,NA
236.614,11.9847,25.3974,13.9472,57.6821,60804.7040,7.2861,NA,NA,NA,NA,NA,NA,NA,NA,NA,NA
236.715,11.9704,25.2471,13.9412,57.6145,60614.2480,6.9500,NA,NA,NA,NA,NA,NA,NA,NA,NA,NA
236.819,11.9345,24.8720,13.9349,57.5433,26189.2260,-53.7908,190930.2400,0.0000,NA,NA,NA,NA,NA,NA,NA,NA
236.908,11.9162,24.6802,13.9314,57.5033,49043.3840,-13.4660,NA,NA,NA,NA,NA,NA,NA,NA,NA,NA
237.011,11.9049,24.5618,13.9064,57.2207,49043.3840,-13.4660,NA,NA,NA,NA,NA,NA,NA,NA,NA,NA
237.108,11.8753,24.2521,13.8936,57.0765,28324.3140,-50.0235,173024.0640,0.0000,NA,NA,NA,NA,NA,NA,NA,NA
237.219,11.8713,24.2101,13.8882,57.0157,58066.8480,2.4553,NA,NA,NA,NA,NA,NA,NA,NA,NA,NA
237.313,11.8391,23.8740,13.8672,56.7782,58066.8480,2.4553,NA,NA,NA,NA,NA,NA,NA,NA,NA,NA
237.416,11.8180,23.6530,13.8403,56.4741,29478.9040,-47.9863,NA,NA,NA,NA,NA,NA,NA,NA,NA,NA
237.505,11.8159,23.6313,13.8349,56.4127,29478.9040,-47.9863,NA,NA,NA,NA,NA,NA,NA,NA,NA,NA
237.605,11.8006,23.4705,13.8104,56.1355,27177.2160,-52.0475,NA,NA,NA,NA,NA,NA,NA,NA,NA,NA
237.711,11.7800,23.2553,13.7945,55.9562,52777.2000,-6.8779,NA,NA,NA,NA,NA,NA,NA,NA,NA,NA
237.831,11.7701,23.1517,13.7908,55.9140,59584.1880,5.1326,NA,NA,NA,NA,NA,NA,NA,NA,NA,NA
237.899,11.7492,22.9328,13.7876,55.8774,65521.1000,15.6079,NA,NA,NA,NA,NA,NA,NA,NA,NA,NA
237.997,11.7492,22.9328,13.7532,55.4891,65521.1000,15.6079,NA,NA,NA,NA,NA,NA,NA,NA,NA,NA
238.102,11.7313,22.7460,13.7498,55.4511,26046.7240,-54.0422,NA,NA,NA,NA,NA,NA,NA,NA,NA,NA
238.198,11.7285,22.7167,13.7474,55.4237,27227.5160,-51.9588,NA,NA,NA,NA,NA,NA,NA,NA,NA,NA
238.290,11.7354,22.7884,13.7410,55.3515,27227.5160,-51.9588,NA,NA,NA,NA,NA,NA,NA,NA,NA,NA
238.403,11.7373,22.8089,13.7270,55.1923,22801.5280,-59.7681,NA,NA,NA,NA,NA,NA,NA,NA,NA,NA
238.484,11.7373,22.8089,13.7047,54.9402,24967.9060,-55.9457,NA,NA,NA,NA,NA,NA,NA,NA,NA,NA
238.603,11.7313,22.7462,13.6811,54.6734,47754.8720,-15.7395,NA,NA,NA,NA,NA,NA,NA,NA,NA,NA
238.692,11.6981,22.3984,13.6670,54.5148,54553.9120,-3.7430,NA,NA,NA,NA,NA,NA,NA,NA,NA,NA
238.789,11.6940,22.3558,13.6555,54.3843,61039.0560,7.6996,NA,NA,NA,NA,NA,NA,NA,NA,NA,NA
238.879,11.6910,22.3244,13.6455,54.2716,66386.7840,17.1353,NA,NA,NA,NA,NA,NA,NA,NA,NA,NA
239.023,11.6910,22.3244,13.6301,54.0971,66386.7840,17.1353,NA,NA,NA,NA,NA,NA,NA,NA,NA,NA
239.086,11.6706,22.1105,13.6206,53.9897,26110.9240,-53.9289,NA,NA,NA,NA,NA,NA,NA,NA,NA,NA
239.178,11.6516,21.9118,13.6140,53.9150,28067.6380,-50.4764,NA,NA,NA,NA,NA,NA,NA,NA,NA,NA
239.278,11.6584,21.9831,13.6098,53.8682,28067.6380,-50.4764,NA,NA,NA,NA,NA,NA,NA,NA,NA,NA
239.379,11.6584,21.9831,13.5617,53.3244,23417.6620,-58.6810,NA,NA,NA,NA,NA,NA,NA,NA,NA,NA
239.468,11.6632,22.0331,13.5502,53.1938,25622.7680,-54.7902,NA,NA,NA,NA,NA,NA,NA,NA,NA,NA
239.568,11.6632,22.0331,13.5482,53.1709,49439.3400,-12.7674,NA,NA,NA,NA,NA,NA,NA,NA,NA,NA
239.667,11.6237,21.6196,13.5473,53.1612,56112.8960,-0.9923,NA,NA,NA,NA,NA,NA,NA,NA,NA,NA
239.769,11.6172,21.5517,13.5473,53.1612,62625.0840,10.4980,NA,NA,NA,NA,NA,NA,NA,NA,NA,NA
239.860,11.5982,21.3533,13.5419,53.1007,62625.0840,10.4980,NA,NA,NA,NA,NA,NA,NA,NA,NA,NA
239.959,11.6000,21.3716,13.5314,52.9810,25052.6560,-55.7962,NA,NA,NA,NA,NA,NA,NA,NA,NA,NA
240.058,11.6059,21.4334,13.5251,52.9100,25600.6340,-54.8293,NA,NA,NA,NA,NA,NA,NA,NA,NA,NA
240.195,11.6151,21.5303,13.5179,52.8286,29025.8260,-48.7858,NA,NA,NA,NA,NA,NA,NA,NA,NA,NA
240.258,11.6151,21.5303,13.5016,52.6450,29025.8260,-48.7858,NA,NA,NA,NA,NA,NA,NA,NA,NA,NA
240.353,11.6081,21.4568,13.4959,52.5798,49067.0320,-13.4243,NA,NA,NA,NA,NA,NA,NA,NA,NA,NA
240.462,11.5917,21.2854,13.4863,52.4710,49411.8160,-12.8160,NA,NA,NA,NA,NA,NA,NA,NA,NA,NA
240.558,11.5564,20.9156,13.4838,52.4428,49411.8160,-12.8160,NA,NA,NA,NA,NA,NA,NA,NA,NA,NA
240.653,11.5503,20.8520,13.4569,52.1386,26825.1280,-52.6687,171283.3920,0.0000,NA,NA,NA,NA,NA,NA,NA,NA
240.756,11.5503,20.8520,13.4426,51.9770,52547.1600,-7.2838,NA,NA,NA,NA,NA,NA,NA,NA,NA,NA
240.850,11.5427,20.7724,13.4307,51.8434,52547.1600,-7.2838,NA,NA,NA,NA,NA,NA,NA,NA,NA,NA
240.944,11.5379,20.7220,13.4165,51.6820,27926.6540,-50.7252,NA,NA,NA,NA,NA,NA,NA,NA,NA,NA
241.046,11.5371,20.7137,13.4165,51.6820,31676.3540,-44.1091,NA,NA,NA,NA,NA,NA,NA,NA,NA,NA
241.155,11.5371,20.7135,13.4046,51.5484,34971.7960,-38.2945,NA,NA,NA,NA,NA,NA,NA,NA,NA,NA
241.240,11.5454,20.8004,13.3856,51.3329,34971.7960,-38.2945,NA,NA,NA,NA,NA,NA,NA,NA,NA,NA
241.340,11.5454,20.8004,13.3772,51.2377,22996.9660,-59.4233,NA,NA,NA,NA,NA,NA,NA,NA,NA,NA
241.453,11.5407,20.7513,13.3637,51.0856,23953.8380,-57.7350,NA,NA,NA,NA,NA,NA,NA,NA,NA,NA
241.538,11.5212,20.5473,13.3633,51.0813,40482.5920,-28.5710,NA,NA,NA,NA,NA,NA,NA,NA,NA,NA
241.632,11.5021,20.3474,13.3528,50.9620,46420.9200,-18.0932,NA,NA,NA,NA,NA,NA,NA,NA,NA,NA
241.739,11.4985,20.3095,13.3288,50.6909,54757.7920,-3.3833,NA,NA,NA,NA,NA,NA,NA,NA,NA,NA
241.832,11.4910,20.2310,13.3198,50.5896,54757.7920,-3.3833,NA,NA,NA,NA,NA,NA,NA,NA,NA,NA
241.956,11.4604,19.9111,13.3075,50.4501,28939.0480,-48.9389,181932.8320,0.0000,NA,NA,NA,NA,NA,NA,NA,NA
242.034,11.4604,19.9111,13.3025,50.3930,28939.0480,-48.9389,187133.9840,0.0000,NA,NA,NA,NA,NA,NA,NA,NA
242.139,11.4488,19.7897,13.3071,50.4452,52452.0000,-7.4517,NA,NA,NA,NA,NA,NA,NA,NA,NA,NA
242.235,11.4488,19.7897,13.3071,50.4452,52452.0000,-7.4517,NA,NA,NA,NA,NA,NA,NA,NA,NA,NA
242.330,11.4164,19.4506,13.2922,50.2769,29784.7480,-47.4467,182060.6880,0.0000,NA,NA,NA,NA,NA,NA,NA,NA
242.431,11.4051,19.3329,13.2892,50.2427,61854.9520,9.1392,NA,NA,NA,NA,NA,NA,NA,NA,NA,NA
242.584,11.4056,19.3374,13.2699,50.0246,61854.9520,9.1392,NA,NA,NA,NA,NA,NA,NA,NA,NA,NA
242.631,11.4079,19.3619,13.2699,50.0246,29365.6540,-48.1861,NA,NA,NA,NA,NA,NA,NA,NA,NA,NA
242.728,11.4090,19.3739,13.2551,49.8580,25538.8640,-54.9383,NA,NA,NA,NA,NA,NA,NA,NA,NA,NA
242.833,11.4090,19.3739,13.2332,49.6101,48766.9520,-13.9538,NA,NA,NA,NA,NA,NA,NA,NA,NA,NA
242.937,11.4004,19.2830,13.2152,49.4066,55161.2440,-2.6714,NA,NA,NA,NA,NA,NA,NA,NA,NA,NA
243.028,11.3865,19.1383,13.2045,49.2857,61150.7920,7.8967,NA,NA,NA,NA,NA,NA,NA,NA,NA,NA
243.170,11.3831,19.1020,13.1962,49.1914,65003.8280,14.6952,NA,NA,NA,NA,NA,NA,NA,NA,NA,NA
243.228,11.3628,18.8906,13.1744,48.9456,65003.8280,14.6952,NA,NA,NA,NA,NA,NA,NA,NA,NA,NA
243.315,11.3602,18.8634,13.1659,48.8488,25582.0320,-54.8621,NA,NA,NA,NA,NA,NA,NA,NA,NA,NA
243.415,11.3523,18.7807,13.1543,48.7182,28698.8280,-49.3627,NA,NA,NA,NA,NA,NA,NA,NA,NA,NA
243.513,11.3523,18.7807,13.1388,48.5425,28698.8280,-49.3627,NA,NA,NA,NA,NA,NA,NA,NA,NA,NA
243.611,11.3406,18.6576,13.1203,48.3333,23648.9520,-58.2729,NA,NA,NA,NA,NA,NA,NA,NA,NA,NA
243.769,11.3274,18.5197,13.1137,48.2585,25909.7320,-54.2839,NA,NA,NA,NA,NA,NA,NA,NA,NA,NA
243.819,11.3257,18.5017,13.0994,48.0979,50475.0760,-10.9399,NA,NA,NA,NA,NA,NA,NA,NA,NA,NA
243.909,11.3090,18.3269,13.1048,48.1586,56849.0160,0.3065,NA,NA,NA,NA,NA,NA,NA,NA,NA,NA
244.005,11.2832,18.0577,13.1048,48.1586,62423.8480,10.1430,NA,NA,NA,NA,NA,NA,NA,NA,NA,NA
244.102,11.2815,18.0391,13.0805,47.8837,62423.8480,10.1430,NA,NA,NA,NA,NA,NA,NA,NA,NA,NA
244.204,11.2755,17.9768,13.0763,47.8360,24314.5880,-57.0984,NA,NA,NA,NA,NA,NA,NA,NA,NA,NA
244.302,11.2701,17.9201,13.0787,47.8636,25899.2660,-54.3024,NA,NA,NA,NA,NA,NA,NA,NA,NA,NA
244.404,11.2714,17.9333,13.0787,47.8636,29793.6600,-47.4310,NA,NA,NA,NA,NA,NA,NA,NA,NA,NA
244.499,11.2714,17.9333,13.0693,47.7568,29793.6600,-47.4310,NA,NA,NA,NA,NA,NA,NA,NA,NA,NA
244.590,11.2641,17.8578,13.0424,47.4535,24248.4580,-57.2151,NA,NA,NA,NA,NA,NA,NA,NA,NA,NA
244.699,11.2577,17.7900,13.0298,47.3103,26603.0180,-53.0606,NA,NA,NA,NA,NA,NA,NA,NA,NA,NA
244.790,11.2249,17.4469,13.0177,47.1736,52266.5760,-7.7789,NA,NA,NA,NA,NA,NA,NA,NA,NA,NA
244.886,11.2145,17.3385,13.0177,47.1736,58285.5480,2.8412,NA,NA,NA,NA,NA,NA,NA,NA,NA,NA
244.983,11.1960,17.1448,13.0068,47.0499,63019.9560,11.1948,NA,NA,NA,NA,NA,NA,NA,NA,NA,NA
245.089,11.1869,17.0500,12.9969,46.9381,63019.9560,11.1948,NA,NA,NA,NA,NA,NA,NA,NA,NA,NA
245.187,11.1807,16.9844,12.9896,46.8561,24363.1320,-57.0128,NA,NA,NA,NA,NA,NA,NA,NA,NA,NA
245.291,11.1807,16.9844,12.9828,46.7788,25338.9140,-55.2911,NA,NA,NA,NA,NA,NA,NA,NA,NA,NA
245.391,11.1758,16.9340,12.9763,46.7061,26164.0100,-53.8352,NA,NA,NA,NA,NA,NA,NA,NA,NA,NA
245.491,11.1685,16.8570,12.9737,46.6764,46302.0880,-18.3029,NA,NA,NA,NA,NA,NA,NA,NA,NA,NA
245.632,11.1564,16.7305,12.9737,46.6764,46685.4520,-17.6265,NA,NA,NA,NA,NA,NA,NA,NA,NA,NA
245.677,11.1558,16.7243,12.9704,46.6384,48510.2640,-14.4067,NA,NA,NA,NA,NA,NA,NA,NA,NA,NA
245.775,11.1558,16.7243,12.9616,46.5399,48510.2640,-14.4067,NA,NA,NA,NA,NA,NA,NA,NA,NA,NA
245.882,11.1479,16.6417,12.9640,46.5663,28140.6020,-50.3477,171983.5040,0.0000,NA,NA,NA,NA,NA,NA,NA,NA
245.972,11.1390,16.5489,12.9640,46.5663,57022.1520,0.6120,NA,NA,NA,NA,NA,NA,NA,NA,NA,NA
246.075,11.1222,16.3732,12.9566,46.4828,57022.1520,0.6120,NA,NA,NA,NA,NA,NA,NA,NA,NA,NA
246.212,11.1157,16.3048,12.9528,46.4401,29431.1300,-48.0706,190264.0640,0.0000,NA,NA,NA,NA,NA,NA,NA,NA
246.267,11.1118,16.2643,12.9376,46.2685,62424.3400,10.1438,NA,NA,NA,NA,NA,NA,NA,NA,NA,NA
246.363,11.1048,16.1903,12.9190,46.0582,62424.3400,10.1438,NA,NA,NA,NA,NA,NA,NA,NA,NA,NA
246.483,11.1032,16.1741,12.9182,46.0488,26485.1000,-53.2687,NA,NA,NA,NA,NA,NA,NA,NA,NA,NA
246.577,11.1040,16.1824,12.9058,45.9090,25630.1440,-54.7772,NA,NA,NA,NA,NA,NA,NA,NA,NA,NA
246.669,11.1040,16.1824,12.8885,45.7126,27324.6540,-51.7874,NA,NA,NA,NA,NA,NA,NA,NA,NA,NA
246.826,11.0896,16.0315,12.8883,45.7111,52835.3360,-6.7754,NA,NA,NA,NA,NA,NA,NA,NA,NA,NA
246.867,11.0716,15.8431,12.8926,45.7594,53855.6720,-4.9750,NA,NA,NA,NA,NA,NA,NA,NA,NA,NA
246.960,11.0690,15.8160,12.8926,45.7594,53855.6720,-4.9750,NA,NA,NA,NA,NA,NA,NA,NA,NA,NA
247.058,11.0638,15.7616,12.8871,45.6971,53372.8280,-5.8270,NA,NA,NA,NA,NA,NA,NA,NA,NA,NA
247.156,11.0614,15.7371,12.8782,45.5963,25779.8220,-54.5131,180439.5040,0.0000,NA,NA,NA,NA,NA,NA,NA,NA
247.262,11.0512,15.6298,12.8773,45.5867,48972.3440,-13.5914,NA,NA,NA,NA,NA,NA,NA,NA,NA,NA
247.357,11.0486,15.6028,12.8647,45.4442,48972.3440,-13.5914,NA,NA,NA,NA,NA,NA,NA,NA,NA,NA
247.452,11.0486,15.6028,12.8756,45.5677,27270.8320,-51.8823,NA,NA,NA,NA,NA,NA,NA,NA,NA,NA
247.559,11.0344,15.4538,12.8756,45.5677,31025.8260,-45.2569,189435.8240,0.0000,NA,NA,NA,NA,NA,NA,NA,NA
247.659,11.0343,15.4530,12.8713,45.5186,31025.8260,-45.2569,NA,NA,NA,NA,NA,NA,NA,NA,NA,NA
247.754,11.0314,15.4228,12.8501,45.2785,30671.2740,-45.8825,NA,NA,NA,NA,NA,NA,NA,NA,NA,NA
247.855,11.0314,15.4228,12.8415,45.1816,23928.6820,-57.7793,NA,NA,NA,NA,NA,NA,NA,NA,NA,NA
247.962,11.0302,15.4098,12.8320,45.0747,26232.6280,-53.7142,NA,NA,NA,NA,NA,NA,NA,NA,NA,NA
248.062,11.0212,15.3154,12.8279,45.0284,51521.3960,-9.0937,NA,NA,NA,NA,NA,NA,NA,NA,NA,NA
248.151,10.9982,15.0752,12.8212,44.9517,57120.3400,0.7853,NA,NA,NA,NA,NA,NA,NA,NA,NA,NA
248.250,10.9950,15.0420,12.8174,44.9095,60957.9480,7.5565,NA,NA,NA,NA,NA,NA,NA,NA,NA,NA
248.344,10.9889,14.9777,12.8161,44.8947,60957.9480,7.5565,NA,NA,NA,NA,NA,NA,NA,NA,NA,NA
248.441,10.9889,14.9777,12.8069,44.7906,23573.0100,-58.4069,NA,NA,NA,NA,NA,NA,NA,NA,NA,NA
248.596,10.9759,14.8417,12.8048,44.7665,26541.6460,-53.1689,193250.5760,0.0000,NA,NA,NA,NA,NA,NA,NA,NA
248.649,10.9711,14.7921,12.8035,44.7518,49865.5080,-12.0154,NA,NA,NA,NA,NA,NA,NA,NA,NA,NA
248.742,10.9702,14.7827,12.7929,44.6317,49865.5080,-12.0154,NA,NA,NA,NA,NA,NA,NA,NA,NA,NA
248.835,10.9685,14.7646,12.7813,44.5008,29130.7480,-48.6006,175866.6560,0.0000,NA,NA,NA,NA,NA,NA,NA,NA
248.950,10.9657,14.7356,12.7721,44.3973,29130.7480,-48.6006,NA,NA,NA,NA,NA,NA,NA,NA,NA,NA
249.038,10.9599,14.6745,12.7721,44.3973,27915.1780,-50.7454,NA,NA,NA,NA,NA,NA,NA,NA,NA,NA
249.193,10.9584,14.6590,12.7646,44.3118,22651.7500,-60.0324,NA,NA,NA,NA,NA,NA,NA,NA,NA,NA
249.250,10.9584,14.6590,12.7371,44.0018,24952.1580,-55.9735,NA,NA,NA,NA,NA,NA,NA,NA,NA,NA
249.337,10.9504,14.5749,12.7141,43.7415,47387.1200,-16.3884,NA,NA,NA,NA,NA,NA,NA,NA,NA,NA
249.436,10.9495,14.5657,12.7039,43.6257,53967.2040,-4.7783,NA,NA,NA,NA,NA,NA,NA,NA,NA,NA
249.537,10.9495,14.5657,12.7020,43.6043,61246.7640,8.0661,NA,NA,NA,NA,NA,NA,NA,NA,NA,NA
249.638,10.9319,14.3814,12.6928,43.5000,67157.6880,18.4955,NA,NA,NA,NA,NA,NA,NA,NA,NA,NA
249.732,10.9319,14.3814,12.6927,43.4998,67157.6880,18.4955,NA,NA,NA,NA,NA,NA,NA,NA,NA,NA
249.852,10.9264,14.3244,12.6882,43.4481,26558.5720,-53.1391,NA,NA,NA,NA,NA,NA,NA,NA,NA,NA
249.925,10.9151,14.2059,12.6895,43.4637,27236.4320,-51.9430,NA,NA,NA,NA,NA,NA,NA,NA,NA,NA
250.017,10.9121,14.1748,12.7032,43.6178,27236.4320,-51.9430,NA,NA,NA,NA,NA,NA,NA,NA,NA,NA
250.116,10.9121,14.1748,12.7032,43.6178,23039.8300,-59.3477,NA,NA,NA,NA,NA,NA,NA,NA,NA,NA
250.219,10.9091,14.1432,12.6808,43.3652,25420.1360,-55.1478,NA,NA,NA,NA,NA,NA,NA,NA,NA,NA
250.367,10.8983,14.0302,12.6691,43.2324,49402.3200,-12.8327,NA,NA,NA,NA,NA,NA,NA,NA,NA,NA
250.416,10.8861,13.9023,12.6448,42.9582,57482.0920,1.4235,NA,NA,NA,NA,NA,NA,NA,NA,NA,NA
250.515,10.9021,14.0694,12.6531,43.0513,65433.1720,15.4527,NA,NA,NA,NA,NA,NA,NA,NA,NA,NA
250.607,11.2819,18.0434,12.7872,44.5676,65433.1720,15.4527,NA,NA,NA,NA,NA,NA,NA,NA,NA,NA
250.710,11.6438,21.8298,12.8979,45.8197,25933.1040,-54.2427,NA,NA,NA,NA,NA,NA,NA,NA,NA,NA
250.813,11.8009,23.4742,12.9416,46.3130,25109.0260,-55.6967,NA,NA,NA,NA,NA,NA,NA,NA,NA,NA
250.962,11.8232,23.7077,12.9481,46.3864,27588.5780,-51.3217,NA,NA,NA,NA,NA,NA,NA,NA,NA,NA
251.003,11.8232,23.7077,12.9481,46.3864,27588.5780,-51.3217,NA,NA,NA,NA,NA,NA,NA,NA,NA,NA
251.112,11.8062,23.5292,12.9457,46.3601,51647.1920,-8.8718,NA,NA,NA,NA,NA,NA,NA,NA,NA,NA
251.210,11.7850,23.3072,12.9283,46.1627,51647.1920,-8.8718,NA,NA,NA,NA,NA,NA,NA,NA,NA,NA
251.300,11.7428,22.8656,12.9081,45.9342,50141.0840,-11.5292,NA,NA,NA,NA,NA,NA,NA,NA,NA,NA
251.403,11.6891,22.3046,12.8749,45.5598,26067.6920,-54.0052,171971.4240,0.0000,NA,NA,NA,NA,NA,NA,NA,NA
251.499,11.6654,22.0567,12.8586,45.3749,49250.2400,-13.1010,NA,NA,NA,NA,NA,NA,NA,NA,NA,NA
251.654,11.6217,21.5995,12.8406,45.1710,49250.2400,-13.1010,NA,NA,NA,NA,NA,NA,NA,NA,NA,NA
251.698,11.5889,21.2560,12.8376,45.1380,28148.9680,-50.3329,NA,NA,NA,NA,NA,NA,NA,NA,NA,NA
251.793,11.5733,21.0924,12.8272,45.0195,32755.0800,-42.2057,190658.3360,0.0000,NA,NA,NA,NA,NA,NA,NA,NA
251.903,11.5443,20.7895,12.8022,44.7373,70297.9360,24.0363,NA,NA,NA,NA,NA,NA,NA,NA,NA,NA
251.996,11.5259,20.5966,12.7668,44.3371,70297.9360,24.0363,NA,NA,NA,NA,NA,NA,NA,NA,NA,NA
252.141,11.5148,20.4808,12.7576,44.2328,30231.8920,-46.6577,NA,NA,NA,NA,NA,NA,NA,NA,NA,NA
252.193,11.4786,20.1021,12.7415,44.0507,27453.0640,-51.5608,NA,NA,NA,NA,NA,NA,NA,NA,NA,NA
252.300,11.4657,19.9669,12.7215,43.8251,55049.9040,-2.8679,NA,NA,NA,NA,NA,NA,NA,NA,NA,NA
252.384,11.4427,19.7260,12.7043,43.6302,60827.6240,7.3265,NA,NA,NA,NA,NA,NA,NA,NA,NA,NA
252.488,11.4158,19.4444,12.6946,43.5208,61655.6160,8.7875,NA,NA,NA,NA,NA,NA,NA,NA,NA,NA
252.584,11.3712,18.9776,12.6864,43.4276,61655.6160,8.7875,NA,NA,NA,NA,NA,NA,NA,NA,NA,NA
252.688,11.3436,18.6895,12.6521,43.0402,23000.0600,-59.4178,NA,NA,NA,NA,NA,NA,NA,NA,NA,NA
252.793,11.3132,18.3716,12.6365,42.8636,26504.9240,-53.2337,190814.1920,0.0000,NA,NA,NA,NA,NA,NA,NA,NA
252.893,11.2962,18.1928,12.6152,42.6230,48552.0240,-14.3330,NA,NA,NA,NA,NA,NA,NA,NA,NA,NA
252.981,11.2662,17.8795,12.5907,42.3459,48552.0240,-14.3330,NA,NA,NA,NA,NA,NA,NA,NA,NA,NA
253.076,11.2490,17.6996,12.5769,42.1901,29748.8440,-47.5100,172533.4880,0.0000,NA,NA,NA,NA,NA,NA,NA,NA
253.173,11.2156,17.3504,12.5588,41.9860,61328.5840,8.2104,NA,NA,NA,NA,NA,NA,NA,NA,NA,NA
253.282,11.1969,17.1544,12.5187,41.5318,61328.5840,8.2104,NA,NA,NA,NA,NA,NA,NA,NA,NA,NA
253.384,11.1833,17.0115,12.4877,41.1817,30332.2520,-46.4806,NA,NA,NA,NA,NA,NA,NA,NA,NA,NA
253.484,11.1710,16.8838,12.4690,40.9700,25405.6320,-55.1734,NA,NA,NA,NA,NA,NA,NA,NA,NA,NA
253.573,11.1629,16.7986,12.4586,40.8528,48887.7600,-13.7406,NA,NA,NA,NA,NA,NA,NA,NA,NA,NA
253.674,11.1293,16.4469,12.4467,40.7187,57001.3320,0.5753,NA,NA,NA,NA,NA,NA,NA,NA,NA,NA
253.775,11.0945,16.0829,12.4219,40.4381,65278.7320,15.1802,NA,NA,NA,NA,NA,NA,NA,NA,NA,NA
253.873,11.0631,15.7546,12.4040,40.2350,70492.8000,24.3801,NA,NA,NA,NA,NA,NA,NA,NA,NA,NA
253.967,11.0363,15.4740,12.3877,40.0513,70492.8000,24.3801,NA,NA,NA,NA,NA,NA,NA,NA,NA,NA
254.063,11.0291,15.3990,12.3829,39.9968,25407.9560,-55.1693,NA,NA,NA,NA,NA,NA,NA,NA,NA,NA
254.173,11.0070,15.1673,12.3724,39.8780,27179.9360,-52.0427,NA,NA,NA,NA,NA,NA,NA,NA,NA,NA
254.260,10.9936,15.0270,12.3645,39.7887,27179.9360,-52.0427,NA,NA,NA,NA,NA,NA,NA,NA,NA,NA
254.360,10.9748,14.8307,12.3490,39.6136,23426.1580,-58.6660,NA,NA,NA,NA,NA,NA,NA,NA,NA,NA
254.462,10.9684,14.7637,12.3317,39.4178,25891.1060,-54.3168,NA,NA,NA,NA,NA,NA,NA,NA,NA,NA
254.581,10.9599,14.6750,12.3206,39.2925,51367.9680,-9.3644,NA,NA,NA,NA,NA,NA,NA,NA,NA,NA
254.660,10.9401,14.4669,12.3115,39.1894,59545.8320,5.0649,NA,NA,NA,NA,NA,NA,NA,NA,NA,NA
254.752,10.9199,14.2563,12.3064,39.1320,67221.0240,18.6073,NA,NA,NA,NA,NA,NA,NA,NA,NA,NA
254.863,10.8988,14.0349,12.2977,39.0332,67221.0240,18.6073,NA,NA,NA,NA,NA,NA,NA,NA,NA,NA
254.954,10.8843,13.8837,12.2860,38.9010,24753.8560,-56.3234,NA,NA,NA,NA,NA,NA,NA,NA,NA,NA
255.044,10.8748,13.7842,12.2840,38.8788,24980.6300,-55.9232,NA,NA,NA,NA,NA,NA,NA,NA,NA,NA
255.195,10.8671,13.7033,12.2779,38.8096,28483.1300,-49.7433,NA,NA,NA,NA,NA,NA,NA,NA,NA,NA
255.242,10.8671,13.7033,12.2648,38.6618,28483.1300,-49.7433,NA,NA,NA,NA,NA,NA,NA,NA,NA,NA
255.344,10.8532,13.5581,12.2566,38.5687,24087.6980,-57.4988,NA,NA,NA,NA,NA,NA,NA,NA,NA,NA
255.439,10.8389,13.4090,12.2552,38.5530,26689.5000,-52.9081,NA,NA,NA,NA,NA,NA,NA,NA,NA,NA
255.542,10.8690,13.7231,12.2547,38.5470,53501.5280,-5.5999,NA,NA,NA,NA,NA,NA,NA,NA,NA,NA
255.633,11.0169,15.2711,12.3635,39.7776,61303.8960,8.1669,NA,NA,NA,NA,NA,NA,NA,NA,NA,NA
255.739,11.2862,18.0883,12.4752,41.0405,67223.6960,18.6120,NA,NA,NA,NA,NA,NA,NA,NA,NA,NA
255.828,11.4821,20.1388,12.5831,42.2603,67223.6960,18.6120,NA,NA,NA,NA,NA,NA,NA,NA,NA,NA
255.942,11.5681,21.0386,12.6464,42.9759,24544.7640,-56.6923,NA,NA,NA,NA,NA,NA,NA,NA,NA,NA
256.033,11.6034,21.4079,12.6697,43.2396,25863.1520,-54.3661,NA,NA,NA,NA,NA,NA,NA,NA,NA,NA
256.129,11.6059,21.4332,12.6697,43.2396,26663.9800,-52.9531,NA,NA,NA,NA,NA,NA,NA,NA,NA,NA
256.237,11.6059,21.4332,12.6562,43.0862,48381.9920,-14.6330,NA,NA,NA,NA,NA,NA,NA,NA,NA,NA
256.380,11.5884,21.2510,12.6360,42.8582,48381.9920,-14.6330,NA,NA,NA,NA,NA,NA,NA,NA,NA,NA
256.433,11.5643,20.9981,12.6224,42.7043,48347.0720,-14.6946,NA,NA,NA,NA,NA,NA,NA,NA,NA,NA
256.534,11.5387,20.7308,12.6029,42.4836,48347.0720,-14.6946,NA,NA,NA,NA,NA,NA,NA,NA,NA,NA
256.623,11.5059,20.3874,12.5922,42.3628,27903.5360,-50.7660,169132.9760,0.0000,NA,NA,NA,NA,NA,NA,NA,NA
256.719,11.4531,19.8345,12.5819,42.2471,55980.8000,-1.2254,NA,NA,NA,NA,NA,NA,NA,NA,NA,NA
256.815,11.4258,19.5492,12.5621,42.0227,55980.8000,-1.2254,NA,NA,NA,NA,NA,NA,NA,NA,NA,NA
256.995,11.3767,19.0356,12.5524,41.9131,29501.1540,-47.9471,183231.4080,0.0000,NA,NA,NA,NA,NA,NA,NA,NA
257.018,11.3574,18.8340,12.5405,41.7792,62758.1960,10.7329,NA,NA,NA,NA,NA,NA,NA,NA,NA,NA
257.116,11.2959,18.1904,12.5128,41.4652,62758.1960,10.7329,NA,NA,NA,NA,NA,NA,NA,NA,NA,NA
257.220,11.2669,17.8870,12.4813,41.1096,27136.0280,-52.1202,NA,NA,NA,NA,NA,NA,NA,NA,NA,NA
257.319,11.2325,17.5264,12.4705,40.9876,26237.5720,-53.7055,NA,NA,NA,NA,NA,NA,NA,NA,NA,NA
257.416,11.2157,17.3509,12.4560,40.8239,27718.6740,-51.0921,NA,NA,NA,NA,NA,NA,NA,NA,NA,NA
257.552,11.1693,16.8659,12.4363,40.6008,54040.6400,-4.6487,NA,NA,NA,NA,NA,NA,NA,NA,NA,NA
257.607,11.1408,16.5673,12.4209,40.4270,55576.4120,-1.9389,NA,NA,NA,NA,NA,NA,NA,NA,NA,NA
257.708,11.1250,16.4021,12.4116,40.3214,55576.4120,-1.9389,NA,NA,NA,NA,NA,NA,NA,NA,NA,NA
257.810,11.1153,16.3001,12.3968,40.1545,55072.1040,-2.8287,NA,NA,NA,NA,NA,NA,NA,NA,NA,NA
257.904,11.1075,16.2188,12.3887,40.0619,25222.9620,-55.4957,181895.3440,0.0000,NA,NA,NA,NA,NA,NA,NA,NA
258.001,11.0901,16.0364,12.3770,39.9301,47440.9400,-16.2934,NA,NA,NA,NA,NA,NA,NA,NA,NA,NA
258.099,11.0797,15.9282,12.3594,39.7317,47440.9400,-16.2934,NA,NA,NA,NA,NA,NA,NA,NA,NA,NA
258.223,11.0771,15.9003,12.3424,39.5391,27109.8420,-52.1664,NA,NA,NA,NA,NA,NA,NA,NA,NA,NA
258.301,11.0393,15.5055,12.3310,39.4106,30973.6640,-45.3489,184203.7600,0.0000,NA,NA,NA,NA,NA,NA,NA,NA
258.408,11.0372,15.4831,12.3237,39.3274,30973.6640,-45.3489,NA,NA,NA,NA,NA,NA,NA,NA,NA,NA
258.502,11.0224,15.3289,12.3185,39.2684,30036.5380,-47.0024,NA,NA,NA,NA,NA,NA,NA,NA,NA,NA
258.604,11.0224,15.3289,12.3131,39.2073,23815.2500,-57.9795,NA,NA,NA,NA,NA,NA,NA,NA,NA,NA
258.701,11.0106,15.2049,12.2855,38.8963,26290.4200,-53.6122,NA,NA,NA,NA,NA,NA,NA,NA,NA,NA
258.795,11.0029,15.1247,12.2692,38.7114,52463.0640,-7.4322,NA,NA,NA,NA,NA,NA,NA,NA,NA,NA
258.896,10.9530,14.6022,12.2545,38.5457,58732.1240,3.6291,NA,NA,NA,NA,NA,NA,NA,NA,NA,NA
258.990,10.9211,14.2685,12.2436,38.4223,63575.0200,12.1741,NA,NA,NA,NA,NA,NA,NA,NA,NA,NA
259.095,10.9012,14.0603,12.2388,38.3677,63575.0200,12.1741,NA,NA,NA,NA,NA,NA,NA,NA,NA,NA
259.193,10.8915,13.9593,12.2253,38.2148,23935.5960,-57.7671,NA,NA,NA,NA,NA,NA,NA,NA,NA,NA
259.288,10.8575,13.6027,12.2070,38.0087,25914.6600,-54.2752,NA,NA,NA,NA,NA,NA,NA,NA,NA,NA
259.411,10.8390,13.4095,12.1960,37.8842,30265.6220,-46.5982,NA,NA,NA,NA,NA,NA,NA,NA,NA,NA
259.484,10.8913,13.9570,12.1827,37.7334,30265.6220,-46.5982,NA,NA,NA,NA,NA,NA,NA,NA,NA,NA
259.581,11.0784,15.9142,12.2461,38.4507,24447.9740,-56.8631,NA,NA,NA,NA,NA,NA,NA,NA,NA,NA
259.685,11.2400,17.6051,12.5031,41.3559,26985.1640,-52.3864,NA,NA,NA,NA,NA,NA,NA,NA,NA,NA
259.785,11.3901,19.1761,12.6299,42.7897,53710.1520,-5.2318,NA,NA,NA,NA,NA,NA,NA,NA,NA,NA
259.879,11.4665,19.9748,12.6828,43.3874,59270.8160,4.5796,NA,NA,NA,NA,NA,NA,NA,NA,NA,NA
260.013,11.5206,20.5417,12.7090,43.6835,62902.7200,10.9879,NA,NA,NA,NA,NA,NA,NA,NA,NA,NA
260.070,11.5488,20.8364,12.7236,43.8485,62902.7200,10.9879,NA,NA,NA,NA,NA,NA,NA,NA,NA,NA
260.169,11.5553,20.9047,12.7373,44.0034,23957.3600,-57.7287,NA,NA,NA,NA,NA,NA,NA,NA,NA,NA
260.267,11.5553,20.9047,12.7447,44.0873,26818.4140,-52.6806,NA,NA,NA,NA,NA,NA,NA,NA,NA,NA
260.375,11.5441,20.7870,12.7468,44.1113,26818.4140,-52.6806,NA,NA,NA,NA,NA,NA,NA,NA,NA,NA
260.462,11.5433,20.7785,12.7468,44.1113,22581.8060,-60.1558,NA,NA,NA,NA,NA,NA,NA,NA,NA,NA
260.579,11.5391,20.7348,12.7404,44.0382,24910.9620,-56.0462,NA,NA,NA,NA,NA,NA,NA,NA,NA,NA
260.659,11.5274,20.6122,12.7338,43.9642,27746.3580,-51.0433,NA,NA,NA,NA,NA,NA,NA,NA,NA,NA
260.755,11.4954,20.2773,12.7338,43.9642,55601.5840,-1.8945,NA,NA,NA,NA,NA,NA,NA,NA,NA,NA
260.861,11.4777,20.0919,12.7205,43.8138,60919.8880,7.4893,NA,NA,NA,NA,NA,NA,NA,NA,NA,NA
260.954,11.4629,19.9380,12.7146,43.7473,62472.9320,10.2296,NA,NA,NA,NA,NA,NA,NA,NA,NA,NA
261.057,11.4434,19.7339,12.6803,43.3595,62472.9320,10.2296,NA,NA,NA,NA,NA,NA,NA,NA,NA,NA
261.161,11.4327,19.6216,12.6751,43.3004,24627.6360,-56.5461,NA,NA,NA,NA,NA,NA,NA,NA,NA,NA
261.256,11.4150,19.4361,12.6748,43.2974,25336.2840,-55.2957,NA,NA,NA,NA,NA,NA,NA,NA,NA,NA
261.348,11.3863,19.1357,12.6748,43.2974,45251.4000,-20.1567,NA,NA,NA,NA,NA,NA,NA,NA,NA,NA
261.448,11.3744,19.0114,12.6715,43.2601,45251.4000,-20.1567,NA,NA,NA,NA,NA,NA,NA,NA,NA,NA
261.553,11.3554,18.8132,12.6569,43.0952,45524.3560,-19.6751,NA,NA,NA,NA,NA,NA,NA,NA,NA,NA
261.649,11.3502,18.7580,12.6472,42.9845,48786.4320,-13.9194,NA,NA,NA,NA,NA,NA,NA,NA,NA,NA
261.781,11.3473,18.7276,12.6472,42.9845,48786.4320,-13.9194,NA,NA,NA,NA,NA,NA,NA,NA,NA,NA
261.842,11.3219,18.4618,12.6377,42.8775,29316.5000,-48.2729,172732.7360,0.0000,NA,NA,NA,NA,NA,NA,NA,NA
261.947,11.3180,18.4218,12.6365,42.8634,60076.0880,6.0005,NA,NA,NA,NA,NA,NA,NA,NA,NA,NA
262.039,11.2891,18.1186,12.6085,42.5473,60076.0880,6.0005,NA,NA,NA,NA,NA,NA,NA,NA,NA,NA
262.139,11.2739,17.9598,12.6063,42.5229,30985.9320,-45.3273,NA,NA,NA,NA,NA,NA,NA,NA,NA,NA
262.247,11.2659,17.8762,12.5964,42.4107,32789.5020,-42.1450,NA,NA,NA,NA,NA,NA,NA,NA,NA,NA
262.333,11.2459,17.6666,12.5868,42.3022,32789.5020,-42.1450,NA,NA,NA,NA,NA,NA,NA,NA,NA,NA
262.441,11.2425,17.6314,12.5748,42.1669,21617.2720,-61.8577,NA,NA,NA,NA,NA,NA,NA,NA,NA,NA
262.539,11.2403,17.6079,12.5612,42.0129,22877.8260,-59.6335,NA,NA,NA,NA,NA,NA,NA,NA,NA,NA
262.628,11.2403,17.6079,12.5606,42.0063,38819.4240,-31.5056,NA,NA,NA,NA,NA,NA,NA,NA,NA,NA
262.740,11.2200,17.3959,12.5509,41.8961,45461.3880,-19.7862,NA,NA,NA,NA,NA,NA,NA,NA,NA,NA
262.831,11.1831,17.0104,12.5439,41.8172,45461.3880,-19.7862,NA,NA,NA,NA,NA,NA,NA,NA,NA,NA
262.931,11.1741,16.9162,12.5235,41.5869,27766.0340,-51.0086,NA,NA,NA,NA,NA,NA,NA,NA,NA,NA
263.055,11.1572,16.7393,12.5134,41.4728,27766.0340,-51.0086,NA,NA,NA,NA,NA,NA,NA,NA,NA,NA
263.125,11.1524,16.6891,12.5040,41.3665,23283.4080,-58.9179,NA,NA,NA,NA,NA,NA,NA,NA,NA,NA
263.228,11.1449,16.6100,12.4954,41.2688,25579.4840,-54.8666,NA,NA,NA,NA,NA,NA,NA,NA,NA,NA
263.320,11.1348,16.5050,12.4888,41.1938,49789.0640,-12.1503,NA,NA,NA,NA,NA,NA,NA,NA,NA,NA
263.420,11.1246,16.3982,12.4793,41.0870,57422.8000,1.3189,NA,NA,NA,NA,NA,NA,NA,NA,NA,NA
263.522,11.1188,16.3372,12.4744,41.0316,65736.6080,15.9881,NA,NA,NA,NA,NA,NA,NA,NA,NA,NA
263.629,11.0977,16.1158,12.4620,40.8915,65736.6080,15.9881,NA,NA,NA,NA,NA,NA,NA,NA,NA,NA
263.715,11.0868,16.0024,12.4463,40.7136,25927.2440,-54.2530,NA,NA,NA,NA,NA,NA,NA,NA,NA,NA
263.810,11.0583,15.7042,12.4191,40.4064,25428.9680,-55.1322,NA,NA,NA,NA,NA,NA,NA,NA,NA,NA
263.912,11.0455,15.5699,12.4150,40.3594,28289.3920,-50.0851,NA,NA,NA,NA,NA,NA,NA,NA,NA,NA
264.009,11.0348,15.4583,12.3897,40.0735,28289.3920,-50.0851,NA,NA,NA,NA,NA,NA,NA,NA,NA,NA
264.110,11.0351,15.4611,12.3602,39.7399,23913.6340,-57.8059,NA,NA,NA,NA,NA,NA,NA,NA,NA,NA
264.249,11.0351,15.4611,12.3470,39.5914,26316.4080,-53.5664,NA,NA,NA,NA,NA,NA,NA,NA,NA,NA
264.299,11.0117,15.2170,12.3292,39.3899,51574.2640,-9.0005,NA,NA,NA,NA,NA,NA,NA,NA,NA,NA
264.401,10.9761,14.8439,12.3055,39.1221,59155.5240,4.3762,NA,NA,NA,NA,NA,NA,NA,NA,NA,NA
264.503,10.9588,14.6628,12.2944,38.9961,66056.4920,16.5525,NA,NA,NA,NA,NA,NA,NA,NA,NA,NA
264.602,10.9379,14.4445,12.2798,38.8316,66056.4920,16.5525,NA,NA,NA,NA,NA,NA,NA,NA,NA,NA
264.697,10.9574,14.6486,12.2739,38.7648,25768.4880,-54.5331,NA,NA,NA,NA,NA,NA,NA,NA,NA,NA
264.851,11.2526,17.7368,12.3039,39.1040,25909.6640,-54.2840,NA,NA,NA,NA,NA,NA,NA,NA,NA,NA
264.891,11.6277,21.6616,12.4850,41.1517,25909.6640,-54.2840,NA,NA,NA,NA,NA,NA,NA,NA,NA,NA
264.988,12.1427,27.0500,12.7339,43.9653,22029.6860,-61.1300,NA,NA,NA,NA,NA,NA,NA,NA,NA,NA
265.084,12.4849,30.6310,12.9790,46.7358,24347.4640,-57.0404,NA,NA,NA,NA,NA,NA,NA,NA,NA,NA
265.187,12.7167,33.0563,13.2082,49.3274,27048.5120,-52.2746,NA,NA,NA,NA,NA,NA,NA,NA,NA,NA
265.300,12.8984,34.9567,13.4076,51.5814,53829.1600,-5.0218,NA,NA,NA,NA,NA,NA,NA,NA,NA,NA
265.383,13.0864,36.9240,13.5953,53.7042,61348.7560,8.2460,NA,NA,NA,NA,NA,NA,NA,NA,NA,NA
265.485,13.2850,39.0026,13.7730,55.7130,67479.3040,19.0630,NA,NA,NA,NA,NA,NA,NA,NA,NA,NA
265.574,13.5033,41.2863,13.9040,57.1936,67479.3040,19.0630,NA,NA,NA,NA,NA,NA,NA,NA,NA,NA
265.676,13.6047,42.3476,14.0237,58.5469,25695.6840,-54.6616,NA,NA,NA,NA,NA,NA,NA,NA,NA,NA
265.774,13.7463,43.8294,14.1132,59.5592,26628.8440,-53.0151,NA,NA,NA,NA,NA,NA,NA,NA,NA,NA
265.878,13.8629,45.0486,14.2007,60.5481,26628.8440,-53.0151,NA,NA,NA,NA,NA,NA,NA,NA,NA,NA
266.006,13.9644,46.1112,14.3042,61.7180,22664.0800,-60.0107,NA,NA,NA,NA,NA,NA,NA,NA,NA,NA
266.073,14.0116,46.6046,14.3335,62.0501,48579.2000,-14.2851,NA,NA,NA,NA,NA,NA,NA,NA,NA,NA
266.169,14.0756,47.2748,14.4027,62.8319,49305.0760,-13.0043,NA,NA,NA,NA,NA,NA,NA,NA,NA,NA
266.271,14.1579,48.1358,14.4151,62.9718,49305.0760,-13.0043,NA,NA,NA,NA,NA,NA,NA,NA,NA,NA
266.381,14.1579,48.1358,14.4151,62.9718,28388.7140,-49.9099,171061.8560,0.0000,NA,NA,NA,NA,NA,NA,NA,NA
266.474,14.1528,48.0825,14.3997,62.7987,54861.0480,-3.2011,NA,NA,NA,NA,NA,NA,NA,NA,NA,NA
266.619,14.1110,47.6446,14.3943,62.7366,54861.0480,-3.2011,NA,NA,NA,NA,NA,NA,NA,NA,NA,NA
266.662,14.0130,46.6196,14.3658,62.4152,30746.5300,-45.7497,182257.7280,0.0000,NA,NA,NA,NA,NA,NA,NA,NA
266.759,13.9833,46.3084,14.3506,62.2434,65266.0080,15.1578,NA,NA,NA,NA,NA,NA,NA,NA,NA,NA
266.861,13.9499,45.9594,14.3300,62.0104,65266.0080,15.1578,NA,NA,NA,NA,NA,NA,NA,NA,NA,NA
266.964,13.9389,45.8437,14.3139,61.8284,28510.9160,-49.6943,NA,NA,NA,NA,NA,NA,NA,NA,NA,NA
267.064,13.8842,45.2717,14.2913,61.5730,27529.7920,-51.4254,NA,NA,NA,NA,NA,NA,NA,NA,NA,NA
267.194,13.8842,45.2717,14.2773,61.4146,28399.0980,-49.8916,NA,NA,NA,NA,NA,NA,NA,NA,NA,NA
267.257,13.7872,44.2571,14.2613,61.2330,55734.4320,-1.6601,NA,NA,NA,NA,NA,NA,NA,NA,NA,NA
267.370,13.7751,44.1301,14.2543,61.1539,58009.8160,2.3547,NA,NA,NA,NA,NA,NA,NA,NA,NA,NA
267.460,13.7577,43.9482,14.2304,60.8846,58009.8160,2.3547,NA,NA,NA,NA,NA,NA,NA,NA,NA,NA
267.554,13.7577,43.9482,14.1989,60.5281,57494.6840,1.4458,NA,NA,NA,NA,NA,NA,NA,NA,NA,NA
267.656,13.7517,43.8856,14.1808,60.3237,25664.7800,-54.7161,184792.5600,0.0000,NA,NA,NA,NA,NA,NA,NA,NA
267.806,13.7457,43.8224,14.1736,60.2420,48076.2800,-15.1724,NA,NA,NA,NA,NA,NA,NA,NA,NA,NA
267.853,13.7120,43.4701,14.1343,59.7977,48076.2800,-15.1724,NA,NA,NA,NA,NA,NA,NA,NA,NA,NA
267.946,13.6988,43.3324,14.1230,59.6704,27808.4960,-50.9337,171078.8640,0.0000,NA,NA,NA,NA,NA,NA,NA,NA
268.062,13.6921,43.2621,14.1205,59.6414,57921.4560,2.1988,NA,NA,NA,NA,NA,NA,NA,NA,NA,NA
268.159,13.6807,43.1428,14.1132,59.5587,193481.1840,241.3854,NA,NA,NA,NA,NA,NA,NA,NA,NA,NA
268.255,13.6653,42.9815,14.1065,59.4836,193481.1840,241.3854,NA,NA,NA,NA,NA,NA,NA,NA,NA,NA
268.346,13.6556,42.8800,14.1051,59.4673,29244.8000,-48.3994,NA,NA,NA,NA,NA,NA,NA,NA,NA,NA
268.442,13.6550,42.8735,14.0529,58.8771,26944.5800,-52.4580,NA,NA,NA,NA,NA,NA,NA,NA,NA,NA
268.550,13.6353,42.6673,14.0502,58.8467,52523.0960,-7.3263,NA,NA,NA,NA,NA,NA,NA,NA,NA,NA
268.647,13.6211,42.5191,14.0502,58.8467,59009.5560,4.1187,NA,NA,NA,NA,NA,NA,NA,NA,NA,NA
268.744,13.6169,42.4755,14.0399,58.7298,64657.8480,14.0847,NA,NA,NA,NA,NA,NA,NA,NA,NA,NA
268.841,13.6076,42.3779,14.0257,58.5700,64657.8480,14.0847,NA,NA,NA,NA,NA,NA,NA,NA,NA,NA
268.994,13.5862,42.1537,14.0087,58.3779,24796.7240,-56.2477,NA,NA,NA,NA,NA,NA,NA,NA,NA,NA
269.042,13.5830,42.1198,14.0037,58.3211,26436.2320,-53.3549,NA,NA,NA,NA,NA,NA,NA,NA,NA,NA
269.139,13.5784,42.0723,14.0015,58.2960,26436.2320,-53.3549,NA,NA,NA,NA,NA,NA,NA,NA,NA,NA
269.235,13.5731,42.0171,14.0009,58.2894,22426.4500,-60.4299,NA,NA,NA,NA,NA,NA,NA,NA,NA,NA
269.327,13.6009,42.3072,13.9991,58.2689,24596.0540,-56.6018,NA,NA,NA,NA,NA,NA,NA,NA,NA,NA
269.424,13.6009,42.3072,13.9962,58.2368,27344.8600,-51.7517,NA,NA,NA,NA,NA,NA,NA,NA,NA,NA
269.583,13.5696,41.9798,13.9917,58.1859,54368.0000,-4.0711,NA,NA,NA,NA,NA,NA,NA,NA,NA,NA
269.618,13.5647,41.9292,13.9819,58.0750,60556.7440,6.8486,NA,NA,NA,NA,NA,NA,NA,NA,NA,NA
269.720,13.5372,41.6415,13.9823,58.0797,65354.3160,15.3136,NA,NA,NA,NA,NA,NA,NA,NA,NA,NA
269.820,13.5492,41.7665,13.9823,58.0797,65354.3160,15.3136,NA,NA,NA,NA,NA,NA,NA,NA,NA,NA
269.914,13.5523,41.7993,13.9729,57.9727,24967.4440,-55.9465,NA,NA,NA,NA,NA,NA,NA,NA,NA,NA
270.013,13.5523,41.7993,13.9678,57.9153,27354.3920,-51.7349,NA,NA,NA,NA,NA,NA,NA,NA,NA,NA
270.165,13.5566,41.8443,13.9657,57.8920,27354.3920,-51.7349,NA,NA,NA,NA,NA,NA,NA,NA,NA,NA
270.222,13.5566,41.8443,13.9595,57.8219,23003.7880,-59.4113,NA,NA,NA,NA,NA,NA,NA,NA,NA,NA
270.309,13.5491,41.7658,13.9531,57.7485,25214.5200,-55.5106,NA,NA,NA,NA,NA,NA,NA,NA,NA,NA
270.403,13.5451,41.7241,13.9550,57.7703,48947.4400,-13.6353,NA,NA,NA,NA,NA,NA,NA,NA,NA,NA
270.503,13.5262,41.5261,13.9550,57.7703,55686.8680,-1.7440,NA,NA,NA,NA,NA,NA,NA,NA,NA,NA
270.603,13.5135,41.3934,13.9501,57.7153,61662.2120,8.7991,NA,NA,NA,NA,NA,NA,NA,NA,NA,NA
270.706,13.5042,41.2962,13.9561,57.7830,65402.3520,15.3983,NA,NA,NA,NA,NA,NA,NA,NA,NA,NA
270.838,13.4963,41.2132,13.9591,57.8172,65402.3520,15.3983,NA,NA,NA,NA,NA,NA,NA,NA,NA,NA
270.915,13.4682,40.9196,13.9591,57.8172,25298.2340,-55.3629,NA,NA,NA,NA,NA,NA,NA,NA,NA,NA
270.998,13.4661,40.8968,13.9527,57.7441,26205.7780,-53.7616,NA,NA,NA,NA,NA,NA,NA,NA,NA,NA
271.101,13.4579,40.8115,13.9457,57.6655,48254.7440,-14.8575,NA,NA,NA,NA,NA,NA,NA,NA,NA,NA
271.196,13.4098,40.3085,13.9527,57.7449,48254.7440,-14.8575,NA,NA,NA,NA,NA,NA,NA,NA,NA,NA
271.353,13.3992,40.1976,13.9527,57.7449,47967.8600,-15.3637,NA,NA,NA,NA,NA,NA,NA,NA,NA,NA
271.396,13.3919,40.1213,13.9432,57.6372,47915.5320,-15.4561,NA,NA,NA,NA,NA,NA,NA,NA,NA,NA
271.494,13.3897,40.0983,13.9403,57.6048,26146.3380,-53.8664,NA,NA,NA,NA,NA,NA,NA,NA,NA,NA
271.587,13.3854,40.0528,13.9209,57.3853,29509.6860,-47.9320,173365.4400,0.0000,NA,NA,NA,NA,NA,NA,NA,NA
271.689,13.3834,40.0319,13.9123,57.2875,59580.4320,5.1259,NA,NA,NA,NA,NA,NA,NA,NA,NA,NA
271.786,13.3769,39.9638,13.9123,57.2875,59580.4320,5.1259,NA,NA,NA,NA,NA,NA,NA,NA,NA,NA
271.890,13.3581,39.7671,13.9101,57.2627,30548.0700,-46.0998,NA,NA,NA,NA,NA,NA,NA,NA,NA,NA
272.037,13.3581,39.7671,13.9067,57.2248,33219.8260,-41.3857,NA,NA,NA,NA,NA,NA,NA,NA,NA,NA
272.078,13.3546,39.7308,13.9052,57.2075,33219.8260,-41.3857,NA,NA,NA,NA,NA,NA,NA,NA,NA,NA
272.179,13.3355,39.5306,13.9052,57.2075,22546.9580,-60.2173,NA,NA,NA,NA,NA,NA,NA,NA,NA,NA
272.275,13.3317,39.4912,13.8952,57.0946,23551.7660,-58.4444,NA,NA,NA,NA,NA,NA,NA,NA,NA,NA
272.384,13.3271,39.4433,13.8810,56.9336,40231.0360,-29.0149,NA,NA,NA,NA,NA,NA,NA,NA,NA,NA
272.475,13.3139,39.3044,13.8723,56.8353,45416.3080,-19.8658,NA,NA,NA,NA,NA,NA,NA,NA,NA,NA
272.617,13.3064,39.2264,13.8691,56.7988,53580.2600,-5.4610,NA,NA,NA,NA,NA,NA,NA,NA,NA,NA
272.671,13.2846,38.9983,13.8619,56.7176,53580.2600,-5.4610,NA,NA,NA,NA,NA,NA,NA,NA,NA,NA
272.778,13.2746,38.8939,13.8773,56.8923,28294.5340,-50.0761,NA,NA,NA,NA,NA,NA,NA,NA,NA,NA
272.873,13.2678,38.8222,13.8773,56.8923,28294.5340,-50.0761,NA,NA,NA,NA,NA,NA,NA,NA,NA,NA
272.972,13.2678,38.8222,13.8717,56.8288,26194.8100,-53.7809,NA,NA,NA,NA,NA,NA,NA,NA,NA,NA
273.068,13.1894,38.0016,13.8671,56.7763,49778.4240,-12.1691,NA,NA,NA,NA,NA,NA,NA,NA,NA,NA
273.164,13.1894,38.0016,13.8671,56.7763,56575.4040,-0.1763,NA,NA,NA,NA,NA,NA,NA,NA,NA,NA
273.264,13.1787,37.8898,13.8426,56.4999,64063.5800,13.0362,NA,NA,NA,NA,NA,NA,NA,NA,NA,NA
273.362,13.1712,37.8113,13.8383,56.4514,64063.5800,13.0362,NA,NA,NA,NA,NA,NA,NA,NA,NA,NA
273.460,13.1551,37.6432,13.8384,56.4523,27397.3760,-51.6591,NA,NA,NA,NA,NA,NA,NA,NA,NA,NA
273.558,13.1551,37.6432,13.8384,56.4523,26824.2640,-52.6703,NA,NA,NA,NA,NA,NA,NA,NA,NA,NA
273.652,13.1431,37.5179,13.8329,56.3896,26824.2640,-52.6703,NA,NA,NA,NA,NA,NA,NA,NA,NA,NA
273.758,13.1431,37.5179,13.8247,56.2978,21808.5220,-61.5202,NA,NA,NA,NA,NA,NA,NA,NA,NA,NA
273.851,13.1421,37.5066,13.8247,56.2978,23949.7600,-57.7422,NA,NA,NA,NA,NA,NA,NA,NA,NA,NA
273.952,13.1399,37.4839,13.7929,55.9379,26529.4240,-53.1905,NA,NA,NA,NA,NA,NA,NA,NA,NA,NA
274.049,13.1134,37.2064,13.8020,56.0407,51224.9080,-9.6169,NA,NA,NA,NA,NA,NA,NA,NA,NA,NA
274.143,13.0720,36.7732,13.8020,56.0407,58325.5240,2.9117,NA,NA,NA,NA,NA,NA,NA,NA,NA,NA
274.240,13.0526,36.5702,13.8265,56.3172,65763.1880,16.0350,NA,NA,NA,NA,NA,NA,NA,NA,NA,NA
274.341,13.0461,36.5029,13.8265,56.3172,65763.1880,16.0350,NA,NA,NA,NA,NA,NA,NA,NA,NA,NA
274.434,13.0267,36.3001,13.8143,56.1801,27661.1640,-51.1936,NA,NA,NA,NA,NA,NA,NA,NA,NA,NA
274.545,13.0260,36.2922,13.8092,56.1222,27223.3540,-51.9661,NA,NA,NA,NA,NA,NA,NA,NA,NA,NA
274.640,13.0274,36.3073,13.8053,56.0782,27223.3540,-51.9661,NA,NA,NA,NA,NA,NA,NA,NA,NA,NA
274.737,13.0274,36.3073,13.7974,55.9891,22349.9640,-60.5649,NA,NA,NA,NA,NA,NA,NA,NA,NA,NA
274.831,13.0206,36.2354,13.7822,55.8165,24551.5320,-56.6804,NA,NA,NA,NA,NA,NA,NA,NA,NA,NA
274.927,13.0206,36.2354,13.7738,55.7216,46152.6560,-18.5665,NA,NA,NA,NA,NA,NA,NA,NA,NA,NA
275.058,12.9935,35.9522,13.7713,55.6932,52627.2120,-7.1426,NA,NA,NA,NA,NA,NA,NA,NA,NA,NA
275.125,12.9763,35.7720,13.7691,55.6692,59948.4160,5.7752,NA,NA,NA,NA,NA,NA,NA,NA,NA,NA
275.224,12.9510,35.5078,13.7521,55.4766,67295.2160,18.7382,NA,NA,NA,NA,NA,NA,NA,NA,NA,NA
275.323,12.9384,35.3761,13.7477,55.4265,67295.2160,18.7382,NA,NA,NA,NA,NA,NA,NA,NA,NA,NA
275.420,12.9260,35.2460,13.7442,55.3869,27894.7000,-50.7816,NA,NA,NA,NA,NA,NA,NA,NA,NA,NA
275.523,12.9239,35.2238,13.7354,55.2883,27765.6400,-51.0093,NA,NA,NA,NA,NA,NA,NA,NA,NA,NA
275.650,12.9242,35.2271,13.7354,55.2883,27765.6400,-51.0093,NA,NA,NA,NA,NA,NA,NA,NA,NA,NA
275.716,12.9242,35.2271,13.7308,55.2353,22920.8720,-59.5576,NA,NA,NA,NA,NA,NA,NA,NA,NA,NA
275.817,12.9066,35.0429,13.7248,55.1682,25166.6360,-55.5951,NA,NA,NA,NA,NA,NA,NA,NA,NA,NA
275.911,12.8941,34.9121,13.7248,55.1682,47601.2960,-16.0105,NA,NA,NA,NA,NA,NA,NA,NA,NA,NA
276.016,12.8772,34.7355,13.7055,54.9502,54177.1640,-4.4078,NA,NA,NA,NA,NA,NA,NA,NA,NA,NA
276.115,12.8561,34.5144,13.7055,54.9502,54177.1640,-4.4078,NA,NA,NA,NA,NA,NA,NA,NA,NA,NA
276.250,12.8443,34.3914,13.6787,54.6464,32882.5060,-41.9809,186763.6480,0.0000,NA,NA,NA,NA,NA,NA,NA,NA
276.315,12.8412,34.3586,13.6711,54.5603,32882.5060,-41.9809,186763.6480,0.0000,NA,NA,NA,NA,NA,NA,NA,NA
276.412,12.8016,33.9446,13.6631,54.4708,54792.8480,-3.3215,NA,NA,NA,NA,NA,NA,NA,NA,NA,NA
276.509,12.7815,33.7340,13.6581,54.4137,62335.5760,9.9872,NA,NA,NA,NA,NA,NA,NA,NA,NA,NA
276.610,12.7787,33.7045,13.6581,54.4137,62335.5760,9.9872,NA,NA,NA,NA,NA,NA,NA,NA,NA,NA
276.705,12.7742,33.6578,13.6329,54.1285,29561.2940,-47.8410,NA,NA,NA,NA,NA,NA,NA,NA,NA,NA
276.816,12.7742,33.6578,13.6329,54.1285,30070.1920,-46.9430,NA,NA,NA,NA,NA,NA,NA,NA,NA,NA
276.903,12.7360,33.2577,13.6156,53.9337,30070.1920,-46.9430,NA,NA,NA,NA,NA,NA,NA,NA,NA,NA
277.005,12.7201,33.0917,13.6111,53.8829,21528.8660,-62.0137,NA,NA,NA,NA,NA,NA,NA,NA,NA,NA
277.107,12.7130,33.0175,13.5900,53.6434,62977.2640,11.1194,NA,NA,NA,NA,NA,NA,NA,NA,NA,NA
277.201,12.6978,32.8585,13.5730,53.4520,65113.3880,14.8885,NA,NA,NA,NA,NA,NA,NA,NA,NA,NA
277.299,12.6853,32.7274,13.5476,53.1645,65113.3880,14.8885,NA,NA,NA,NA,NA,NA,NA,NA,NA,NA
277.407,12.6759,32.6291,13.5465,53.1518,25310.4380,-55.3413,NA,NA,NA,NA,NA,NA,NA,NA,NA,NA
277.497,12.6577,32.4388,13.5343,53.0142,28309.9300,-50.0489,NA,NA,NA,NA,NA,NA,NA,NA,NA,NA
277.595,12.6484,32.3414,13.5103,52.7430,28309.9300,-50.0489,NA,NA,NA,NA,NA,NA,NA,NA,NA,NA
277.692,12.6396,32.2499,13.4848,52.4548,23676.9840,-58.2234,NA,NA,NA,NA,NA,NA,NA,NA,NA,NA
277.789,12.6292,32.1408,13.4680,52.2644,26209.9260,-53.7542,NA,NA,NA,NA,NA,NA,NA,NA,NA,NA
277.889,12.5990,31.8243,13.4619,52.1962,52185.2960,-7.9223,NA,NA,NA,NA,NA,NA,NA,NA,NA,NA
278.010,12.5269,31.0701,13.4268,51.7989,59493.3240,4.9722,NA,NA,NA,NA,NA,NA,NA,NA,NA,NA
278.096,12.4909,30.6937,13.4058,51.5617,65499.7560,15.5702,NA,NA,NA,NA,NA,NA,NA,NA,NA,NA
278.183,12.4617,30.3878,13.3946,51.4354,65499.7560,15.5702,NA,NA,NA,NA,NA,NA,NA,NA,NA,NA
278.280,12.4405,30.1663,13.3805,51.2753,24199.0000,-57.3024,NA,NA,NA,NA,NA,NA,NA,NA,NA,NA
278.381,12.4159,29.9089,13.3577,51.0177,25674.1180,-54.6996,NA,NA,NA,NA,NA,NA,NA,NA,NA,NA
278.471,12.4069,29.8145,13.3330,50.7389,29704.2500,-47.5887,NA,NA,NA,NA,NA,NA,NA,NA,NA,NA
278.603,12.3915,29.6531,13.3202,50.5939,29704.2500,-47.5887,NA,NA,NA,NA,NA,NA,NA,NA,NA,NA
278.669,12.3736,29.4667,13.3202,50.5939,24338.8220,-57.0557,NA,NA,NA,NA,NA,NA,NA,NA,NA,NA
278.773,12.3661,29.3882,13.2989,50.3527,26894.3920,-52.5465,NA,NA,NA,NA,NA,NA,NA,NA,NA,NA
278.876,12.3416,29.1318,13.2734,50.0644,53517.9440,-5.5709,NA,NA,NA,NA,NA,NA,NA,NA,NA,NA
278.981,12.2915,28.6073,13.2588,49.8995,60007.3520,5.8792,NA,NA,NA,NA,NA,NA,NA,NA,NA,NA
279.062,12.2786,28.4724,13.2485,49.7831,64680.2400,14.1242,NA,NA,NA,NA,NA,NA,NA,NA,NA,NA
279.193,12.2681,28.3623,13.2507,49.8084,64680.2400,14.1242,NA,NA,NA,NA,NA,NA,NA,NA,NA,NA
279.262,12.2575,28.2520,13.2507,49.8084,24196.4480,-57.3069,NA,NA,NA,NA,NA,NA,NA,NA,NA,NA
279.355,12.2379,28.0467,13.2446,49.7392,26355.0180,-53.4982,NA,NA,NA,NA,NA,NA,NA,NA,NA,NA
279.454,12.2295,27.9580,13.2211,49.4732,26355.0180,-53.4982,NA,NA,NA,NA,NA,NA,NA,NA,NA,NA
279.556,12.2114,27.7694,13.2129,49.3804,22385.1800,-60.5028,NA,NA,NA,NA,NA,NA,NA,NA,NA,NA
279.650,12.2043,27.6953,13.1967,49.1973,24800.6600,-56.2408,NA,NA,NA,NA,NA,NA,NA,NA,NA,NA
279.749,12.3665,29.3918,13.2488,49.7861,27746.5840,-51.0429,NA,NA,NA,NA,NA,NA,NA,NA,NA,NA
279.853,12.7114,33.0006,13.3428,50.8494,56324.1200,-0.6196,NA,NA,NA,NA,NA,NA,NA,NA,NA,NA
279.957,13.0453,36.4945,13.4567,52.1368,56324.1200,-0.6196,NA,NA,NA,NA,NA,NA,NA,NA,NA,NA
280.052,13.2614,38.7555,13.5220,52.8748,32463.1320,-42.7208,177427.3600,0.0000,NA,NA,NA,NA,NA,NA,NA,NA
280.153,13.3249,39.4203,13.5441,53.1245,32463.1320,-42.7208,177427.3600,0.0000,NA,NA,NA,NA,NA,NA,NA,NA
280.251,13.3493,39.6751,13.5441,53.1245,56451.5840,-0.3947,NA,NA,NA,NA,NA,NA,NA,NA,NA,NA
280.350,13.3493,39.6751,13.5420,53.1017,64991.2960,14.6731,NA,NA,NA,NA,NA,NA,NA,NA,NA,NA
280.447,13.3493,39.6746,13.5360,53.0340,64991.2960,14.6731,NA,NA,NA,NA,NA,NA,NA,NA,NA,NA
280.545,13.3389,39.5659,13.5140,52.7846,27226.2560,-51.9610,NA,NA,NA,NA,NA,NA,NA,NA,NA,NA
280.648,13.3119,39.2843,13.4946,52.5659,26162.6820,-53.8376,NA,NA,NA,NA,NA,NA,NA,NA,NA,NA
280.739,13.2839,38.9910,13.4737,52.3294,27547.5180,-51.3941,NA,NA,NA,NA,NA,NA,NA,NA,NA,NA
280.846,13.2600,38.7408,13.4559,52.1275,27547.5180,-51.3941,NA,NA,NA,NA,NA,NA,NA,NA,NA,NA
280.947,13.2345,38.4736,13.4463,52.0190,56132.9160,-0.9570,NA,NA,NA,NA,NA,NA,NA,NA,NA,NA
281.042,13.1940,38.0499,13.4463,52.0190,56132.9160,-0.9570,NA,NA,NA,NA,NA,NA,NA,NA,NA,NA
281.139,13.1711,37.8101,13.4318,51.8549,54613.8880,-3.6372,NA,NA,NA,NA,NA,NA,NA,NA,NA,NA
281.238,13.1302,37.3824,13.4157,51.6732,25020.1820,-55.8535,177352.7680,0.0000,NA,NA,NA,NA,NA,NA,NA,NA
281.342,13.1156,37.2294,13.4093,51.6012,46727.9840,-17.5514,NA,NA,NA,NA,NA,NA,NA,NA,NA,NA
281.434,13.1012,37.0794,13.3955,51.4446,46727.9840,-17.5514,NA,NA,NA,NA,NA,NA,NA,NA,NA,NA
281.587,13.0731,36.7846,13.3707,51.1643,27446.8300,-51.5718,NA,NA,NA,NA,NA,NA,NA,NA,NA,NA
281.630,13.0652,36.7023,13.3707,51.1643,31758.4600,-43.9642,181943.3920,0.0000,NA,NA,NA,NA,NA,NA,NA,NA
281.728,13.0449,36.4899,13.3535,50.9707,67577.1840,19.2357,NA,NA,NA,NA,NA,NA,NA,NA,NA,NA
281.838,13.0227,36.2583,13.3532,50.9665,67577.1840,19.2357,NA,NA,NA,NA,NA,NA,NA,NA,NA,NA
281.940,13.0132,36.1587,13.3511,50.9426,31038.8880,-45.2338,NA,NA,NA,NA,NA,NA,NA,NA,NA,NA
282.035,13.0695,36.7473,13.3297,50.7012,26832.2260,-52.6562,NA,NA,NA,NA,NA,NA,NA,NA,NA,NA
282.132,13.1009,37.0762,13.3480,50.9082,53443.9920,-5.7014,NA,NA,NA,NA,NA,NA,NA,NA,NA,NA
282.223,13.2188,38.3101,13.3518,50.9513,60269.6320,6.3420,NA,NA,NA,NA,NA,NA,NA,NA,NA,NA
282.327,13.2954,39.1113,13.3608,51.0528,64652.9120,14.0760,NA,NA,NA,NA,NA,NA,NA,NA,NA,NA
282.432,13.3011,39.1705,13.3697,51.1530,64652.9120,14.0760,NA,NA,NA,NA,NA,NA,NA,NA,NA,NA
282.523,13.3126,39.2906,13.3742,51.2045,23777.4840,-58.0461,NA,NA,NA,NA,NA,NA,NA,NA,NA,NA
282.618,13.3126,39.2906,13.3841,51.3159,25636.1860,-54.7666,NA,NA,NA,NA,NA,NA,NA,NA,NA,NA
282.803,13.3136,39.3018,13.3841,51.3159,29834.9320,-47.3581,NA,NA,NA,NA,NA,NA,NA,NA,NA,NA
282.843,13.3136,39.3018,13.3763,51.2282,29834.9320,-47.3581,NA,NA,NA,NA,NA,NA,NA,NA,NA,NA
282.938,13.3171,39.3382,13.3683,51.1370,24631.2040,-56.5398,NA,NA,NA,NA,NA,NA,NA,NA,NA,NA
283.020,13.3171,39.3382,13.3695,51.1508,27301.0620,-51.8290,NA,NA,NA,NA,NA,NA,NA,NA,NA,NA
283.132,13.2809,38.9594,13.3709,51.1670,55297.8960,-2.4303,NA,NA,NA,NA,NA,NA,NA,NA,NA,NA
283.214,13.2724,38.8707,13.3709,51.1670,61192.7040,7.9707,NA,NA,NA,NA,NA,NA,NA,NA,NA,NA
283.327,13.2615,38.7561,13.3705,51.1621,64069.2800,13.0462,NA,NA,NA,NA,NA,NA,NA,NA,NA,NA
283.412,13.2273,38.3988,13.3448,50.8721,64069.2800,13.0462,NA,NA,NA,NA,NA,NA,NA,NA,NA,NA
283.526,13.2127,38.2453,13.3372,50.7858,23917.6760,-57.7988,NA,NA,NA,NA,NA,NA,NA,NA,NA,NA
283.597,13.1951,38.0618,13.3262,50.6616,26655.1640,-52.9686,NA,NA,NA,NA,NA,NA,NA,NA,NA,NA
283.706,13.1780,37.8824,13.3220,50.6144,26655.1640,-52.9686,NA,NA,NA,NA,NA,NA,NA,NA,NA,NA
283.794,13.1719,37.8193,13.3215,50.6080,22627.1880,-60.0757,NA,NA,NA,NA,NA,NA,NA,NA,NA,NA
283.906,13.1588,37.6821,13.3053,50.4257,25036.8620,-55.8240,NA,NA,NA,NA,NA,NA,NA,NA,NA,NA
283.988,13.1401,37.4859,13.2895,50.2461,28030.9060,-50.5412,NA,NA,NA,NA,NA,NA,NA,NA,NA,NA
284.092,13.0929,36.9920,13.2706,50.0329,57110.2000,0.7674,NA,NA,NA,NA,NA,NA,NA,NA,NA,NA
284.190,13.0804,36.8612,13.2644,49.9628,62193.9160,9.7373,NA,NA,NA,NA,NA,NA,NA,NA,NA,NA
284.284,13.0493,36.5362,13.2635,49.9527,63084.5360,11.3087,NA,NA,NA,NA,NA,NA,NA,NA,NA,NA
284.382,13.0336,36.3722,13.2422,49.7116,63084.5360,11.3087,NA,NA,NA,NA,NA,NA,NA,NA,NA,NA
284.517,13.0058,36.0808,13.2374,49.6577,24452.0600,-56.8559,NA,NA,NA,NA,NA,NA,NA,NA,NA,NA
284.581,12.9735,35.7433,13.2253,49.5203,27795.3520,-50.9568,NA,NA,NA,NA,NA,NA,NA,NA,NA,NA
284.678,12.9561,35.5615,13.2038,49.2772,27795.3520,-50.9568,NA,NA,NA,NA,NA,NA,NA,NA,NA,NA
284.791,12.9425,35.4191,13.1849,49.0636,23248.5640,-58.9794,NA,NA,NA,NA,NA,NA,NA,NA,NA,NA
284.880,12.9358,35.3488,13.1767,48.9709,44746.3440,-21.0479,NA,NA,NA,NA,NA,NA,NA,NA,NA,NA
284.981,12.9002,34.9759,13.1653,48.8426,47977.1440,-15.3473,NA,NA,NA,NA,NA,NA,NA,NA,NA,NA
285.075,12.8770,34.7330,13.1596,48.7775,47977.1440,-15.3473,NA,NA,NA,NA,NA,NA,NA,NA,NA,NA
285.193,12.8568,34.5216,13.1438,48.5998,29479.2440,-47.9857,169462.9280,0.0000,NA,NA,NA,NA,NA,NA,NA,NA
285.277,12.9006,34.9802,13.1302,48.4454,59935.6080,5.7526,NA,NA,NA,NA,NA,NA,NA,NA,NA,NA
285.370,13.0868,36.9285,13.2518,49.8207,59935.6080,5.7526,NA,NA,NA,NA,NA,NA,NA,NA,NA,NA
285.482,13.3172,39.3387,13.3779,51.2458,31642.3080,-44.1691,NA,NA,NA,NA,NA,NA,NA,NA,NA,NA
285.570,13.5435,41.7069,13.5009,52.6370,33289.7000,-41.2624,NA,NA,NA,NA,NA,NA,NA,NA,NA,NA
285.668,13.6451,42.7696,13.5519,53.2132,33289.7000,-41.2624,NA,NA,NA,NA,NA,NA,NA,NA,NA,NA
285.813,13.7056,43.4027,13.5730,53.4519,21688.1380,-61.7326,NA,NA,NA,NA,NA,NA,NA,NA,NA,NA
285.864,13.7099,43.4479,13.5784,53.5133,22828.4460,-59.7206,NA,NA,NA,NA,NA,NA,NA,NA,NA,NA
285.967,13.7099,43.4479,13.5784,53.5133,38563.2640,-31.9575,NA,NA,NA,NA,NA,NA,NA,NA,NA,NA
286.060,13.6591,42.9167,13.5866,53.6060,45143.7040,-20.3468,NA,NA,NA,NA,NA,NA,NA,NA,NA,NA
286.154,13.6475,42.7950,13.5866,53.6060,53527.5800,-5.5539,NA,NA,NA,NA,NA,NA,NA,NA,NA,NA
286.257,13.6315,42.6277,13.5848,53.5856,62517.2160,10.3077,NA,NA,NA,NA,NA,NA,NA,NA,NA,NA
286.370,13.6254,42.5637,13.5695,53.4119,62517.2160,10.3077,NA,NA,NA,NA,NA,NA,NA,NA,NA,NA
286.448,13.5966,42.2630,13.5620,53.3269,31692.5400,-44.0805,NA,NA,NA,NA,NA,NA,NA,NA,NA,NA
286.547,13.5821,42.1106,13.5405,53.0847,32487.2480,-42.6783,NA,NA,NA,NA,NA,NA,NA,NA,NA,NA
286.643,13.5615,41.8953,13.5364,53.0381,32487.2480,-42.6783,NA,NA,NA,NA,NA,NA,NA,NA,NA,NA
286.750,13.5501,41.7757,13.5096,52.7353,21841.0460,-61.4628,NA,NA,NA,NA,NA,NA,NA,NA,NA,NA
286.845,13.5129,41.3868,13.4815,52.4175,23554.0520,-58.4404,NA,NA,NA,NA,NA,NA,NA,NA,NA,NA
286.941,13.4896,41.1429,13.4635,52.2135,40733.8240,-28.1277,NA,NA,NA,NA,NA,NA,NA,NA,NA,NA
287.050,13.4502,40.7307,13.4419,51.9697,47805.2720,-15.6506,NA,NA,NA,NA,NA,NA,NA,NA,NA,NA
287.143,13.4179,40.3932,13.4419,51.9697,47805.2720,-15.6506,NA,NA,NA,NA,NA,NA,NA,NA,NA,NA
287.244,13.3996,40.2010,13.4110,51.6203,28717.5520,-49.3297,NA,NA,NA,NA,NA,NA,NA,NA,NA,NA
287.341,13.3939,40.1417,13.3994,51.4889,28717.5520,-49.3297,NA,NA,NA,NA,NA,NA,NA,NA,NA,NA
287.441,13.3751,39.9455,13.3853,51.3293,24086.5780,-57.5007,NA,NA,NA,NA,NA,NA,NA,NA,NA,NA
287.535,13.3377,39.5535,13.3757,51.2207,26594.2380,-53.0761,NA,NA,NA,NA,NA,NA,NA,NA,NA,NA
287.637,13.2786,38.9350,13.3580,51.0205,52812.9280,-6.8149,NA,NA,NA,NA,NA,NA,NA,NA,NA,NA
287.737,13.2670,38.8141,13.3547,50.9832,61031.7440,7.6867,NA,NA,NA,NA,NA,NA,NA,NA,NA,NA
287.827,13.2596,38.7362,13.3521,50.9542,68604.2240,21.0478,NA,NA,NA,NA,NA,NA,NA,NA,NA,NA
287.924,13.2219,38.3418,13.3426,50.8467,68604.2240,21.0478,NA,NA,NA,NA,NA,NA,NA,NA,NA,NA
288.024,13.2030,38.1445,13.3304,50.7087,25704.1360,-54.6467,NA,NA,NA,NA,NA,NA,NA,NA,NA,NA
288.131,13.1944,38.0545,13.3230,50.6248,25794.1720,-54.4878,NA,NA,NA,NA,NA,NA,NA,NA,NA,NA
288.235,13.1884,37.9911,13.3090,50.4666,25794.1720,-54.4878,NA,NA,NA,NA,NA,NA,NA,NA,NA,NA
288.321,13.1884,37.9911,13.3022,50.3901,22000.0260,-61.1823,NA,NA,NA,NA,NA,NA,NA,NA,NA,NA
288.428,13.1665,37.7622,13.2779,50.1159,24465.1640,-56.8328,NA,NA,NA,NA,NA,NA,NA,NA,NA,NA
288.520,13.1559,37.6518,13.2711,50.0391,27331.9160,-51.7746,NA,NA,NA,NA,NA,NA,NA,NA,NA,NA
288.617,13.1424,37.5102,13.2825,50.1670,55338.1440,-2.3593,NA,NA,NA,NA,NA,NA,NA,NA,NA,NA
288.764,13.2310,38.4369,13.4073,51.5781,63121.7880,11.3744,NA,NA,NA,NA,NA,NA,NA,NA,NA,NA
288.812,13.4033,40.2402,13.5676,53.3911,69488.7680,22.6086,NA,NA,NA,NA,NA,NA,NA,NA,NA,NA
288.913,13.5697,41.9809,13.7450,55.3968,69488.7680,22.6086,NA,NA,NA,NA,NA,NA,NA,NA,NA,NA
289.009,13.7384,43.7462,13.9566,57.7884,25601.6120,-54.8276,NA,NA,NA,NA,NA,NA,NA,NA,NA,NA
289.108,14.1129,47.6649,14.2015,60.5573,26412.3520,-53.3971,NA,NA,NA,NA,NA,NA,NA,NA,NA,NA
289.203,14.4972,51.6858,14.4083,62.8958,26412.3520,-53.3971,NA,NA,NA,NA,NA,NA,NA,NA,NA,NA
289.301,14.7720,54.5614,14.6021,65.0866,22676.0620,-59.9895,NA,NA,NA,NA,NA,NA,NA,NA,NA,NA
289.428,15.0731,57.7108,14.7462,66.7156,25250.7120,-55.4467,NA,NA,NA,NA,NA,NA,NA,NA,NA,NA
289.494,15.1954,58.9908,14.8462,67.8462,49308.7760,-12.9978,NA,NA,NA,NA,NA,NA,NA,NA,NA,NA
289.593,15.2922,60.0043,14.9710,69.2573,57396.8160,1.2731,NA,NA,NA,NA,NA,NA,NA,NA,NA,NA
289.691,15.4670,61.8323,15.0574,70.2342,65124.6400,14.9083,NA,NA,NA,NA,NA,NA,NA,NA,NA,NA
289.792,15.6031,63.2569,15.1398,71.1650,70070.2400,23.6345,NA,NA,NA,NA,NA,NA,NA,NA,NA,NA
289.892,15.6640,63.8935,15.1648,71.4479,70070.2400,23.6345,NA,NA,NA,NA,NA,NA,NA,NA,NA,NA
290.035,15.6851,64.1149,15.1648,71.4479,25817.1380,-54.4473,NA,NA,NA,NA,NA,NA,NA,NA,NA,NA
290.101,15.6851,64.1149,15.1542,71.3288,26751.0240,-52.7995,NA,NA,NA,NA,NA,NA,NA,NA,NA,NA
290.201,15.6329,63.5690,15.1239,70.9861,49960.1120,-11.8485,NA,NA,NA,NA,NA,NA,NA,NA,NA,NA
290.288,15.5412,62.6096,15.0812,70.5027,49960.1120,-11.8485,NA,NA,NA,NA,NA,NA,NA,NA,NA,NA
290.384,15.5061,62.2416,15.0434,70.0756,49753.9880,-12.2122,NA,NA,NA,NA,NA,NA,NA,NA,NA,NA
290.519,15.4617,61.7772,15.0246,69.8629,49214.2640,-13.1645,NA,NA,NA,NA,NA,NA,NA,NA,NA,NA
290.580,15.4461,61.6143,15.0145,69.7491,25681.1560,-54.6872,NA,NA,NA,NA,NA,NA,NA,NA,NA,NA
290.678,15.3866,60.9920,15.0102,69.7004,29284.7560,-48.3289,172428.5920,0.0000,NA,NA,NA,NA,NA,NA,NA,NA
290.776,15.3215,60.3108,14.9945,69.5225,58847.3080,3.8324,NA,NA,NA,NA,NA,NA,NA,NA,NA,NA
290.878,15.2763,59.8377,14.9611,69.1454,58847.3080,3.8324,NA,NA,NA,NA,NA,NA,NA,NA,NA,NA
290.974,15.1838,58.8693,14.9423,68.9326,31583.8600,-44.2723,NA,NA,NA,NA,NA,NA,NA,NA,NA,NA
291.074,15.1483,58.4984,14.9087,68.5525,34914.4920,-38.3956,NA,NA,NA,NA,NA,NA,NA,NA,NA,NA
291.169,15.1053,58.0488,14.8902,68.3441,34914.4920,-38.3956,NA,NA,NA,NA,NA,NA,NA,NA,NA,NA
291.279,15.0578,57.5511,14.8679,68.0912,22826.5320,-59.7240,NA,NA,NA,NA,NA,NA,NA,NA,NA,NA
291.373,15.0279,57.2389,14.8557,67.9537,23356.6660,-58.7886,NA,NA,NA,NA,NA,NA,NA,NA,NA,NA
291.466,15.0104,57.0550,14.8350,67.7196,38898.0480,-31.3668,NA,NA,NA,NA,NA,NA,NA,NA,NA,NA
291.577,14.9176,56.0840,14.8244,67.5996,43851.7160,-22.6264,NA,NA,NA,NA,NA,NA,NA,NA,NA,NA
291.670,14.8307,55.1746,14.8056,67.3873,43851.7160,-22.6264,NA,NA,NA,NA,NA,NA,NA,NA,NA,NA
291.772,14.8180,55.0417,14.8006,67.3308,28619.2260,-49.5032,NA,NA,NA,NA,NA,NA,NA,NA,NA,NA
291.874,14.8180,55.0417,14.7701,66.9857,28619.2260,-49.5032,NA,NA,NA,NA,NA,NA,NA,NA,NA,NA
291.970,14.7967,54.8194,14.7690,66.9738,23366.7880,-58.7708,NA,NA,NA,NA,NA,NA,NA,NA,NA,NA
292.060,14.7570,54.4043,14.7670,66.9512,25792.8920,-54.4901,NA,NA,NA,NA,NA,NA,NA,NA,NA,NA
292.162,14.7434,54.2613,14.7598,66.8696,49362.4080,-12.9031,NA,NA,NA,NA,NA,NA,NA,NA,NA,NA
292.256,14.7271,54.0907,14.7344,66.5818,56724.2640,0.0864,NA,NA,NA,NA,NA,NA,NA,NA,NA,NA
292.388,14.7060,53.8702,14.7142,66.3538,65245.8320,15.1222,NA,NA,NA,NA,NA,NA,NA,NA,NA,NA
292.452,14.7007,53.8150,14.7094,66.2997,65245.8320,15.1222,NA,NA,NA,NA,NA,NA,NA,NA,NA,NA
292.549,14.6582,53.3707,14.7070,66.2729,28139.4280,-50.3497,NA,NA,NA,NA,NA,NA,NA,NA,NA,NA
292.658,14.6611,53.4004,14.7070,66.2729,27153.9380,-52.0886,NA,NA,NA,NA,NA,NA,NA,NA,NA,NA
292.751,14.6689,53.4826,14.6998,66.1908,27127.9280,-52.1345,NA,NA,NA,NA,NA,NA,NA,NA,NA,NA
292.845,14.6689,53.4826,14.6882,66.0600,21586.4700,-61.9120,NA,NA,NA,NA,NA,NA,NA,NA,NA,NA
292.960,14.6566,53.3533,14.6619,65.7625,23721.1720,-58.1455,NA,NA,NA,NA,NA,NA,NA,NA,NA,NA
293.042,14.6566,53.3533,14.6544,65.6780,26422.7360,-53.3787,NA,NA,NA,NA,NA,NA,NA,NA,NA,NA
293.149,14.6319,53.0945,14.6532,65.6641,51171.6280,-9.7109,NA,NA,NA,NA,NA,NA,NA,NA,NA,NA
293.239,14.6197,52.9672,14.6532,65.6641,58833.7120,3.8084,NA,NA,NA,NA,NA,NA,NA,NA,NA,NA
293.336,14.5890,52.6458,14.6519,65.6499,67200.5440,18.5711,NA,NA,NA,NA,NA,NA,NA,NA,NA,NA
293.436,14.5693,52.4405,14.6564,65.6999,67200.5440,18.5711,NA,NA,NA,NA,NA,NA,NA,NA,NA,NA
293.532,14.5616,52.3590,14.6564,65.6999,28331.2800,-50.0112,NA,NA,NA,NA,NA,NA,NA,NA,NA,NA
293.627,14.5616,52.3590,14.6544,65.6777,27354.8160,-51.7341,NA,NA,NA,NA,NA,NA,NA,NA,NA,NA
293.730,14.5636,52.3802,14.6544,65.6777,27354.8160,-51.7341,NA,NA,NA,NA,NA,NA,NA,NA,NA,NA
293.828,14.5636,52.3802,14.6557,65.6925,22164.3860,-60.8923,NA,NA,NA,NA,NA,NA,NA,NA,NA,NA
293.926,14.5654,52.3996,14.6557,65.6925,24385.0580,-56.9741,NA,NA,NA,NA,NA,NA,NA,NA,NA,NA
294.026,14.5654,52.3996,14.6526,65.6575,45863.3400,-19.0770,NA,NA,NA,NA,NA,NA,NA,NA,NA,NA
294.128,14.5490,52.2279,14.6572,65.7090,52668.6640,-7.0695,NA,NA,NA,NA,NA,NA,NA,NA,NA,NA
294.217,14.5345,52.0764,14.6572,65.7090,60794.1920,7.2675,NA,NA,NA,NA,NA,NA,NA,NA,NA,NA
294.313,14.5157,51.8790,14.6447,65.5676,69119.9040,21.9577,NA,NA,NA,NA,NA,NA,NA,NA,NA,NA
294.414,14.5081,51.7999,14.6305,65.4075,69119.9040,21.9577,NA,NA,NA,NA,NA,NA,NA,NA,NA,NA
294.520,14.4894,51.6040,14.6268,65.3661,28439.4120,-49.8204,NA,NA,NA,NA,NA,NA,NA,NA,NA,NA
294.608,14.4935,51.6471,14.6088,65.1621,27631.0380,-51.2468,NA,NA,NA,NA,NA,NA,NA,NA,NA,NA
294.719,14.4955,51.6683,14.6088,65.1621,27631.0380,-51.2468,NA,NA,NA,NA,NA,NA,NA,NA,NA,NA
294.803,14.4955,51.6683,14.6035,65.1017,22705.6160,-59.9374,NA,NA,NA,NA,NA,NA,NA,NA,NA,NA
294.909,14.4878,51.5870,14.5992,65.0534,25037.2060,-55.8234,NA,NA,NA,NA,NA,NA,NA,NA,NA,NA
295.000,14.4878,51.5870,14.5992,65.0534,47529.4600,-16.1373,NA,NA,NA,NA,NA,NA,NA,NA,NA,NA
295.119,14.4705,51.4060,14.5968,65.0268,54790.2960,-3.3260,NA,NA,NA,NA,NA,NA,NA,NA,NA,NA
295.202,14.4564,51.2586,14.5940,64.9950,54790.2960,-3.3260,NA,NA,NA,NA,NA,NA,NA,NA,NA,NA
295.302,14.4494,51.1853,14.5910,64.9613,32833.5480,-42.0673,185907.4720,0.0000,NA,NA,NA,NA,NA,NA,NA,NA
295.406,14.4306,50.9892,14.5892,64.9403,32833.5480,-42.0673,185907.4720,0.0000,NA,NA,NA,NA,NA,NA,NA,NA
295.508,14.3846,50.5072,14.5864,64.9089,54631.5440,-3.6061,NA,NA,NA,NA,NA,NA,NA,NA,NA,NA
295.602,14.3626,50.2769,14.5864,64.9089,63114.7440,11.3620,NA,NA,NA,NA,NA,NA,NA,NA,NA,NA
295.702,14.3505,50.1505,14.6027,65.0935,63114.7440,11.3620,NA,NA,NA,NA,NA,NA,NA,NA,NA,NA
295.799,14.3356,49.9943,14.6145,65.2266,30150.8720,-46.8007,NA,NA,NA,NA,NA,NA,NA,NA,NA,NA
295.893,14.3356,49.9943,14.6145,65.2266,30504.2820,-46.1771,NA,NA,NA,NA,NA,NA,NA,NA,NA,NA
296.033,14.3358,49.9966,14.6050,65.1194,30504.2820,-46.1771,NA,NA,NA,NA,NA,NA,NA,NA,NA,NA
296.098,14.3358,49.9966,14.5799,64.8357,58392.0320,3.0291,NA,NA,NA,NA,NA,NA,NA,NA,NA,NA
296.192,14.2942,49.5616,14.5680,64.7006,64542.6920,13.8815,NA,NA,NA,NA,NA,NA,NA,NA,NA,NA
296.297,14.2570,49.1723,14.5634,64.6493,66109.5880,16.6462,NA,NA,NA,NA,NA,NA,NA,NA,NA,NA
296.390,14.2450,49.0465,14.5510,64.5088,66109.5880,16.6462,NA,NA,NA,NA,NA,NA,NA,NA,NA,NA
296.500,14.2312,48.9030,14.5330,64.3050,25165.7600,-55.5966,NA,NA,NA,NA,NA,NA,NA,NA,NA,NA
296.624,14.2025,48.6024,14.5283,64.2522,28308.1300,-50.0521,NA,NA,NA,NA,NA,NA,NA,NA,NA,NA
296.684,14.1829,48.3975,14.5135,64.0852,28308.1300,-50.0521,NA,NA,NA,NA,NA,NA,NA,NA,NA,NA
296.785,14.1762,48.3267,14.5064,64.0045,23675.9220,-58.2253,NA,NA,NA,NA,NA,NA,NA,NA,NA,NA
296.884,14.1611,48.1692,14.4724,63.6202,26090.3140,-53.9653,NA,NA,NA,NA,NA,NA,NA,NA,NA,NA
296.985,14.1339,47.8847,14.4636,63.5205,51802.3280,-8.5980,NA,NA,NA,NA,NA,NA,NA,NA,NA,NA
297.076,14.1070,47.6035,14.4424,63.2808,59292.0320,4.6171,NA,NA,NA,NA,NA,NA,NA,NA,NA,NA
297.173,14.0862,47.3851,14.4347,63.1936,65968.8840,16.3980,NA,NA,NA,NA,NA,NA,NA,NA,NA,NA
297.273,14.0724,47.2412,14.4205,63.0333,65968.8840,16.3980,NA,NA,NA,NA,NA,NA,NA,NA,NA,NA
297.375,14.0618,47.1301,14.4251,63.0858,23946.6440,-57.7477,NA,NA,NA,NA,NA,NA,NA,NA,NA,NA
297.467,14.0339,46.8386,14.4251,63.0858,24936.0500,-56.0019,NA,NA,NA,NA,NA,NA,NA,NA,NA,NA
297.572,14.0104,46.5926,14.4071,62.8822,29321.8820,-48.2634,NA,NA,NA,NA,NA,NA,NA,NA,NA,NA
297.665,14.0013,46.4972,14.3969,62.7664,29321.8820,-48.2634,NA,NA,NA,NA,NA,NA,NA,NA,NA,NA
297.766,13.9977,46.4588,14.3932,62.7243,24339.2220,-57.0550,NA,NA,NA,NA,NA,NA,NA,NA,NA,NA
297.865,13.9946,46.4264,14.3803,62.5791,27045.1400,-52.2805,NA,NA,NA,NA,NA,NA,NA,NA,NA,NA
297.960,13.9288,45.7387,14.3685,62.4449,54770.9240,-3.3601,NA,NA,NA,NA,NA,NA,NA,NA,NA,NA
298.059,13.9012,45.4492,14.3609,62.3590,62668.9200,10.5754,NA,NA,NA,NA,NA,NA,NA,NA,NA,NA
298.153,13.8912,45.3448,14.3401,62.1240,68323.3600,20.5523,NA,NA,NA,NA,NA,NA,NA,NA,NA,NA
298.252,13.8859,45.2896,14.3313,62.0249,68323.3600,20.5523,NA,NA,NA,NA,NA,NA,NA,NA,NA,NA
298.387,13.8707,45.1303,14.3313,62.0249,23777.2440,-58.0465,NA,NA,NA,NA,NA,NA,NA,NA,NA,NA
298.451,13.8583,45.0012,14.3130,61.8184,25871.3020,-54.3517,NA,NA,NA,NA,NA,NA,NA,NA,NA,NA
298.546,13.8411,44.8204,14.2947,61.6107,25871.3020,-54.3517,NA,NA,NA,NA,NA,NA,NA,NA,NA,NA
298.644,13.8411,44.8204,14.2946,61.6103,22516.5920,-60.2709,NA,NA,NA,NA,NA,NA,NA,NA,NA,NA
298.747,13.8405,44.8150,14.2869,61.5232,24789.2540,-56.2609,NA,NA,NA,NA,NA,NA,NA,NA,NA,NA
298.840,13.8405,44.8150,14.2693,61.3238,27939.2720,-50.7029,NA,NA,NA,NA,NA,NA,NA,NA,NA,NA
298.944,13.7765,44.1450,14.2648,61.2734,57007.4240,0.5860,NA,NA,NA,NA,NA,NA,NA,NA,NA,NA
299.048,13.7503,43.8713,14.2549,61.1614,57007.4240,0.5860,NA,NA,NA,NA,NA,NA,NA,NA,NA,NA
299.144,13.7460,43.8260,14.2511,61.1177,32473.1380,-42.7032,176005.4880,0.0000,NA,NA,NA,NA,NA,NA,NA,NA
299.242,13.7460,43.8260,14.2508,61.1145,32473.1380,-42.7032,176005.4880,0.0000,NA,NA,NA,NA,NA,NA,NA,NA
299.348,13.7335,43.6947,14.2437,61.0346,56645.5680,-0.0525,NA,NA,NA,NA,NA,NA,NA,NA,NA,NA
299.438,13.7158,43.5103,14.2195,60.7608,65555.5680,15.6687,NA,NA,NA,NA,NA,NA,NA,NA,NA,NA
299.532,13.6969,43.3116,14.2134,60.6915,65555.5680,15.6687,NA,NA,NA,NA,NA,NA,NA,NA,NA,NA
299.642,13.6913,43.2534,14.1870,60.3938,27410.1040,-51.6366,NA,NA,NA,NA,NA,NA,NA,NA,NA,NA
299.740,13.6855,43.1930,14.1760,60.2687,26220.6020,-53.7354,NA,NA,NA,NA,NA,NA,NA,NA,NA,NA
299.839,13.6811,43.1467,14.1751,60.2587,28214.5720,-50.2172,NA,NA,NA,NA,NA,NA,NA,NA,NA,NA
299.948,13.6778,43.1127,14.1608,60.0966,56877.6560,0.3571,NA,NA,NA,NA,NA,NA,NA,NA,NA,NA
300.037,13.6561,42.8854,14.1574,60.0586,56877.6560,0.3571,NA,NA,NA,NA,NA,NA,NA,NA,NA,NA
300.130,13.6472,42.7923,14.1480,59.9528,56803.8040,0.2267,NA,NA,NA,NA,NA,NA,NA,NA,NA,NA
300.240,13.6341,42.6554,14.1374,59.8328,53533.9120,-5.5428,NA,NA,NA,NA,NA,NA,NA,NA,NA,NA
300.336,13.6149,42.4541,14.1403,59.8650,25306.8820,-55.3476,174121.7760,0.0000,NA,NA,NA,NA,NA,NA,NA,NA
300.428,13.6124,42.4280,14.1403,59.8650,46301.9680,-18.3031,NA,NA,NA,NA,NA,NA,NA,NA,NA,NA
300.526,13.6103,42.4061,14.1311,59.7613,46301.9680,-18.3031,NA,NA,NA,NA,NA,NA,NA,NA,NA,NA
300.623,13.5779,42.0668,14.1202,59.6384,27447.9380,-51.5698,NA,NA,NA,NA,NA,NA,NA,NA,NA,NA
300.724,13.5700,41.9845,14.0928,59.3289,32119.5200,-43.3271,181648.1280,0.0000,NA,NA,NA,NA,NA,NA,NA,NA
300.851,13.5416,41.6867,14.0928,59.3289,69106.7520,21.9345,NA,NA,NA,NA,NA,NA,NA,NA,NA,NA
300.929,13.5288,41.5536,14.0940,59.3423,69106.7520,21.9345,NA,NA,NA,NA,NA,NA,NA,NA,NA,NA
301.033,13.5264,41.5280,14.0940,59.3423,31693.2640,-44.0792,NA,NA,NA,NA,NA,NA,NA,NA,NA,NA
301.124,13.5264,41.5280,14.0920,59.3191,27030.7420,-52.3060,NA,NA,NA,NA,NA,NA,NA,NA,NA,NA
301.220,13.5244,41.5070,14.0920,59.3191,54112.2840,-4.5223,NA,NA,NA,NA,NA,NA,NA,NA,NA,NA
301.318,13.4552,40.7832,14.0917,59.3159,61632.6640,8.7470,NA,NA,NA,NA,NA,NA,NA,NA,NA,NA
301.417,13.4408,40.6324,14.0735,59.1107,65532.4080,15.6278,NA,NA,NA,NA,NA,NA,NA,NA,NA,NA
301.532,13.4389,40.6128,14.0574,58.9279,65532.4080,15.6278,NA,NA,NA,NA,NA,NA,NA,NA,NA,NA
301.617,13.4389,40.6128,14.0512,58.8583,22880.4880,-59.6288,NA,NA,NA,NA,NA,NA,NA,NA,NA,NA
301.713,13.4195,40.4093,14.0512,58.8579,25590.3200,-54.8475,NA,NA,NA,NA,NA,NA,NA,NA,NA,NA
301.809,13.4300,40.5194,14.0512,58.8579,30558.4620,-46.0815,192634.4000,0.0000,NA,NA,NA,NA,NA,NA,NA,NA
301.916,13.4300,40.5194,14.0339,58.6622,30558.4620,-46.0815,192634.4000,0.0000,NA,NA,NA,NA,NA,NA,NA,NA
302.043,13.4228,40.4446,14.0309,58.6284,51276.9800,-9.5250,NA,NA,NA,NA,NA,NA,NA,NA,NA,NA
302.108,13.4113,40.3236,14.0309,58.6284,59234.5760,4.5157,NA,NA,NA,NA,NA,NA,NA,NA,NA,NA
302.216,13.3869,40.0684,14.0281,58.5970,59234.5760,4.5157,NA,NA,NA,NA,NA,NA,NA,NA,NA,NA
302.306,13.3869,40.0684,14.0000,58.2794,29842.1380,-47.3454,NA,NA,NA,NA,NA,NA,NA,NA,NA,NA
302.408,13.3816,40.0135,13.9877,58.1405,25094.5140,-55.7223,NA,NA,NA,NA,NA,NA,NA,NA,NA,NA
302.504,13.3803,39.9999,13.9782,58.0324,47552.6240,-16.0964,NA,NA,NA,NA,NA,NA,NA,NA,NA,NA
302.610,13.3752,39.9455,13.9782,58.0324,55327.7120,-2.3777,NA,NA,NA,NA,NA,NA,NA,NA,NA,NA
302.700,13.3654,39.8437,13.9450,57.6571,63511.7680,12.0625,NA,NA,NA,NA,NA,NA,NA,NA,NA,NA
302.796,13.3545,39.7297,13.9213,57.3895,69550.8160,22.7180,NA,NA,NA,NA,NA,NA,NA,NA,NA,NA
302.904,13.3446,39.6263,13.9213,57.3895,69550.8160,22.7180,NA,NA,NA,NA,NA,NA,NA,NA,NA,NA
302.994,13.3449,39.6286,13.9104,57.2658,26892.6880,-52.5495,NA,NA,NA,NA,NA,NA,NA,NA,NA,NA
303.097,13.3561,39.7466,13.8981,57.1270,28300.1000,-50.0663,NA,NA,NA,NA,NA,NA,NA,NA,NA,NA
303.249,13.3594,39.7807,13.8981,57.1270,28300.1000,-50.0663,NA,NA,NA,NA,NA,NA,NA,NA,NA,NA
303.289,13.3594,39.7807,13.8906,57.0419,23225.5940,-59.0199,NA,NA,NA,NA,NA,NA,NA,NA,NA,NA
303.388,13.3585,39.7711,13.8775,56.8946,25393.5080,-55.1948,NA,NA,NA,NA,NA,NA,NA,NA,NA,NA
303.492,13.3585,39.7711,13.8739,56.8531,48860.2640,-13.7891,NA,NA,NA,NA,NA,NA,NA,NA,NA,NA
303.583,13.3408,39.5860,13.8644,56.7461,55412.9360,-2.2274,NA,NA,NA,NA,NA,NA,NA,NA,NA,NA
303.679,13.3313,39.4868,13.8634,56.7353,62579.2480,10.4172,NA,NA,NA,NA,NA,NA,NA,NA,NA,NA
303.783,13.3096,39.2601,13.8656,56.7602,62579.2480,10.4172,NA,NA,NA,NA,NA,NA,NA,NA,NA,NA
303.875,13.3075,39.2378,13.8656,56.7602,25884.2000,-54.3290,NA,NA,NA,NA,NA,NA,NA,NA,NA,NA
303.983,13.2988,39.1471,13.8533,56.6211,25545.6400,-54.9263,NA,NA,NA,NA,NA,NA,NA,NA,NA,NA
304.075,13.2966,39.1233,13.8533,56.6211,28222.0500,-50.2040,NA,NA,NA,NA,NA,NA,NA,NA,NA,NA
304.169,13.2936,39.0919,13.8412,56.4840,28222.0500,-50.2040,NA,NA,NA,NA,NA,NA,NA,NA,NA,NA
304.271,13.2934,39.0901,13.8412,56.4840,23807.5920,-57.9930,NA,NA,NA,NA,NA,NA,NA,NA,NA,NA
304.384,13.2762,38.9101,13.8215,56.2613,26179.8640,-53.8073,NA,NA,NA,NA,NA,NA,NA,NA,NA,NA
304.465,13.2534,38.6719,13.8133,56.1686,51157.6880,-9.7355,NA,NA,NA,NA,NA,NA,NA,NA,NA,NA
304.565,13.2409,38.5409,13.8091,56.1207,58817.6680,3.7801,NA,NA,NA,NA,NA,NA,NA,NA,NA,NA
304.659,13.2348,38.4766,13.7964,55.9777,66374.7200,17.1140,NA,NA,NA,NA,NA,NA,NA,NA,NA,NA
304.757,13.2150,38.2701,13.7872,55.8729,66374.7200,17.1140,NA,NA,NA,NA,NA,NA,NA,NA,NA,NA
304.871,13.1929,38.0388,13.7809,55.8018,25915.7160,-54.2733,NA,NA,NA,NA,NA,NA,NA,NA,NA,NA
304.971,13.1826,37.9313,13.7799,55.7911,26256.7560,-53.6716,NA,NA,NA,NA,NA,NA,NA,NA,NA,NA
305.061,13.1807,37.9107,13.7746,55.7314,27591.9720,-51.3157,NA,NA,NA,NA,NA,NA,NA,NA,NA,NA
305.155,13.1684,37.7825,13.7765,55.7525,52817.3000,-6.8072,NA,NA,NA,NA,NA,NA,NA,NA,NA,NA
305.256,13.1419,37.5045,13.7765,55.7525,52817.3000,-6.8072,NA,NA,NA,NA,NA,NA,NA,NA,NA,NA
305.360,13.1409,37.4943,13.7743,55.7274,51873.5360,-8.4724,NA,NA,NA,NA,NA,NA,NA,NA,NA,NA
305.448,13.1295,37.3750,13.7611,55.5783,50329.7760,-11.1963,NA,NA,NA,NA,NA,NA,NA,NA,NA,NA
305.624,13.1261,37.3395,13.7585,55.5486,26823.4840,-52.6716,167748.3520,0.0000,NA,NA,NA,NA,NA,NA,NA,NA
305.653,13.0989,37.0556,13.7504,55.4577,51076.0680,-9.8795,NA,NA,NA,NA,NA,NA,NA,NA,NA,NA
305.751,13.1856,37.9623,13.7931,55.9397,51076.0680,-9.8795,NA,NA,NA,NA,NA,NA,NA,NA,NA,NA
305.848,13.2929,39.0850,13.8445,56.5216,29367.8020,-48.1824,170071.7920,0.0000,NA,NA,NA,NA,NA,NA,NA,NA
305.944,13.4083,40.2923,13.9065,57.2221,62438.2840,10.1684,NA,NA,NA,NA,NA,NA,NA,NA,NA,NA
306.048,13.5246,41.5088,14.0065,58.3532,NA,NA,NA,NA,NA,NA,NA,NA,NA,NA,NA,NA
306.145,13.5488,41.7622,14.0329,58.6515,NA,NA,NA,NA,NA,NA,NA,NA,NA,NA,NA,NA
306.248,13.5691,41.9749,14.0370,58.6970,34751.6880,-38.6828,NA,NA,NA,NA,NA,NA,NA,NA,NA,NA
306.348,13.5743,42.0292,14.0407,58.7392,34955.5920,-38.3231,186381.4720,0.0000,NA,NA,NA,NA,NA,NA,NA,NA
306.451,13.5743,42.0292,14.0407,58.7392,34955.5920,-38.3231,186381.4720,0.0000,NA,NA,NA,NA,NA,NA,NA,NA
306.542,13.5644,41.9260,14.0122,58.4168,60226.3840,6.2657,NA,NA,NA,NA,NA,NA,NA,NA,NA,NA
306.640,13.5238,41.5005,13.9696,57.9358,67723.2720,19.4935,NA,NA,NA,NA,NA,NA,NA,NA,NA,NA
306.746,13.5044,41.2980,13.9084,57.2442,67723.2720,19.4935,NA,NA,NA,NA,NA,NA,NA,NA,NA,NA
306.847,13.4677,40.9137,13.8861,56.9920,25782.6440,-54.5081,NA,NA,NA,NA,NA,NA,NA,NA,NA,NA
306.938,13.4604,40.8376,13.8501,56.5842,26247.2180,-53.6884,NA,NA,NA,NA,NA,NA,NA,NA,NA,NA
307.047,13.4128,40.3397,13.8195,56.2382,27512.9060,-51.4552,NA,NA,NA,NA,NA,NA,NA,NA,NA,NA
307.144,13.3775,39.9697,13.8006,56.0252,52155.4000,-7.9751,NA,NA,NA,NA,NA,NA,NA,NA,NA,NA
307.240,13.3428,39.6070,13.7775,55.7638,52155.4000,-7.9751,NA,NA,NA,NA,NA,NA,NA,NA,NA,NA
307.373,13.2872,39.0256,13.7702,55.6816,51119.5240,-9.8028,NA,NA,NA,NA,NA,NA,NA,NA,NA,NA
307.436,13.2686,38.8311,13.7400,55.3402,50126.5000,-11.5549,NA,NA,NA,NA,NA,NA,NA,NA,NA,NA
307.532,13.2400,38.5315,13.7293,55.2191,27000.7020,-52.3590,173418.0160,0.0000,NA,NA,NA,NA,NA,NA,NA,NA
307.642,13.2349,38.4776,13.7061,54.9564,52111.4720,-8.0526,NA,NA,NA,NA,NA,NA,NA,NA,NA,NA
307.735,13.2139,38.2587,13.6981,54.8664,52111.4720,-8.0526,NA,NA,NA,NA,NA,NA,NA,NA,NA,NA
307.832,13.2031,38.1458,13.6981,54.8664,26995.8060,-52.3676,NA,NA,NA,NA,NA,NA,NA,NA,NA,NA
307.933,13.2031,38.1458,13.6843,54.7106,23618.4960,-58.3266,NA,NA,NA,NA,NA,NA,NA,NA,NA,NA
308.035,13.1837,37.9427,13.6761,54.6172,26075.4120,-53.9916,NA,NA,NA,NA,NA,NA,NA,NA,NA,NA
308.131,13.1225,37.3016,13.6640,54.4811,49523.5920,-12.6187,NA,NA,NA,NA,NA,NA,NA,NA,NA,NA
308.233,13.0923,36.9858,13.6508,54.3317,57705.5720,1.8179,NA,NA,NA,NA,NA,NA,NA,NA,NA,NA
308.326,13.0749,36.8037,13.6508,54.3317,67439.8640,18.9934,NA,NA,NA,NA,NA,NA,NA,NA,NA,NA
308.421,13.0741,36.7955,13.6408,54.2178,67439.8640,18.9934,NA,NA,NA,NA,NA,NA,NA,NA,NA,NA
308.528,13.0688,36.7398,13.6265,54.0566,29507.4840,-47.9359,NA,NA,NA,NA,NA,NA,NA,NA,NA,NA
308.623,13.0497,36.5408,13.6257,54.0476,28375.5560,-49.9331,NA,NA,NA,NA,NA,NA,NA,NA,NA,NA
308.720,13.1819,37.9239,13.6257,54.0476,28077.0420,-50.4598,NA,NA,NA,NA,NA,NA,NA,NA,NA,NA
308.816,13.2999,39.1577,13.6260,54.0509,21812.2180,-61.5137,NA,NA,NA,NA,NA,NA,NA,NA,NA,NA
308.916,13.3358,39.5338,13.6365,54.1694,23939.5880,-57.7601,NA,NA,NA,NA,NA,NA,NA,NA,NA,NA
309.007,13.4470,40.6969,13.7680,55.6558,44291.4760,-21.8505,NA,NA,NA,NA,NA,NA,NA,NA,NA,NA
309.151,13.5153,41.4118,13.8361,56.4262,51047.1400,-9.9305,NA,NA,NA,NA,NA,NA,NA,NA,NA,NA
309.209,13.5153,41.4118,13.8865,56.9962,59963.2480,5.8014,NA,NA,NA,NA,NA,NA,NA,NA,NA,NA
309.308,13.4975,41.2255,13.8865,56.9962,69614.6160,22.8306,NA,NA,NA,NA,NA,NA,NA,NA,NA,NA
309.409,13.4932,41.1811,13.8845,56.9729,69614.6160,22.8306,NA,NA,NA,NA,NA,NA,NA,NA,NA,NA
309.506,13.4885,41.1312,13.8847,56.9753,29565.2240,-47.8340,NA,NA,NA,NA,NA,NA,NA,NA,NA,NA
309.599,13.4576,40.8079,13.8916,57.0536,28371.3380,-49.9406,NA,NA,NA,NA,NA,NA,NA,NA,NA,NA
309.696,13.4441,40.6674,13.8916,57.0536,28116.5480,-50.3901,NA,NA,NA,NA,NA,NA,NA,NA,NA,NA
309.812,13.4275,40.4933,13.8544,56.6330,22391.7420,-60.4912,NA,NA,NA,NA,NA,NA,NA,NA,NA,NA
309.890,13.3812,40.0093,13.8373,56.4397,24642.8460,-56.5192,NA,NA,NA,NA,NA,NA,NA,NA,NA,NA
309.992,13.3611,39.7985,13.8234,56.2824,46086.6040,-18.6831,NA,NA,NA,NA,NA,NA,NA,NA,NA,NA
310.092,13.3060,39.2224,13.8140,56.1769,53239.8200,-6.0617,NA,NA,NA,NA,NA,NA,NA,NA,NA,NA
310.191,13.2829,38.9805,13.8069,56.0962,62496.5120,10.2712,NA,NA,NA,NA,NA,NA,NA,NA,NA,NA
310.290,13.2703,38.8486,13.8022,56.0426,62496.5120,10.2712,NA,NA,NA,NA,NA,NA,NA,NA,NA,NA
310.387,13.2621,38.7630,13.7891,55.8951,28322.6840,-50.0264,NA,NA,NA,NA,NA,NA,NA,NA,NA,NA
310.488,13.2435,38.5677,13.7785,55.7745,27509.7720,-51.4607,NA,NA,NA,NA,NA,NA,NA,NA,NA,NA
310.593,13.2263,38.3882,13.7630,55.6001,28185.6120,-50.2683,NA,NA,NA,NA,NA,NA,NA,NA,NA,NA
310.687,13.1665,37.7623,13.7525,55.4815,56572.1520,-0.1820,NA,NA,NA,NA,NA,NA,NA,NA,NA,NA
310.782,13.1515,37.6058,13.7486,55.4369,60286.6120,6.3719,NA,NA,NA,NA,NA,NA,NA,NA,NA,NA
310.890,13.1440,37.5275,13.7330,55.2605,60286.6120,6.3719,NA,NA,NA,NA,NA,NA,NA,NA,NA,NA
310.976,13.1269,37.3485,13.7126,55.0300,59422.2480,4.8468,NA,NA,NA,NA,NA,NA,NA,NA,NA,NA
311.075,13.1088,37.1588,13.7034,54.9260,24272.7660,-57.1722,186076.7200,0.0000,NA,NA,NA,NA,NA,NA,NA,NA
311.177,13.1000,37.0661,13.6982,54.8673,45065.1520,-20.4854,NA,NA,NA,NA,NA,NA,NA,NA,NA,NA
311.273,13.0479,36.5217,13.6961,54.8432,45065.1520,-20.4854,NA,NA,NA,NA,NA,NA,NA,NA,NA,NA
311.373,13.0368,36.4055,13.6806,54.6678,26653.7680,-52.9711,NA,NA,NA,NA,NA,NA,NA,NA,NA,NA
311.473,13.0368,36.4055,13.6798,54.6596,30787.5400,-45.6773,180194.2080,0.0000,NA,NA,NA,NA,NA,NA,NA,NA
311.599,13.0297,36.3313,13.6783,54.6426,64332.0640,13.5099,NA,NA,NA,NA,NA,NA,NA,NA,NA,NA
311.679,13.0250,36.2821,13.6645,54.4857,64332.0640,13.5099,NA,NA,NA,NA,NA,NA,NA,NA,NA,NA
311.774,13.0265,36.2971,13.6606,54.4422,31399.6540,-44.5973,NA,NA,NA,NA,NA,NA,NA,NA,NA,NA
311.871,13.0265,36.2971,13.6288,54.0821,26242.8140,-53.6962,NA,NA,NA,NA,NA,NA,NA,NA,NA,NA
311.974,13.0168,36.1960,13.6231,54.0182,51475.3320,-9.1750,NA,NA,NA,NA,NA,NA,NA,NA,NA,NA
312.074,12.9951,35.9694,13.6231,54.0182,60016.3360,5.8951,NA,NA,NA,NA,NA,NA,NA,NA,NA,NA
312.224,12.9673,35.6779,13.6251,54.0410,67716.2480,19.4811,NA,NA,NA,NA,NA,NA,NA,NA,NA,NA
312.266,12.9768,35.7774,13.6323,54.1220,67716.2480,19.4811,NA,NA,NA,NA,NA,NA,NA,NA,NA,NA
312.359,13.1439,37.5259,13.7132,55.0368,24835.7280,-56.1789,NA,NA,NA,NA,NA,NA,NA,NA,NA,NA
312.458,13.4009,40.2149,13.9243,57.4237,24974.1820,-55.9346,NA,NA,NA,NA,NA,NA,NA,NA,NA,NA
312.555,13.4733,40.9730,13.9973,58.2488,28570.2080,-49.5897,NA,NA,NA,NA,NA,NA,NA,NA,NA,NA
312.656,13.4733,40.9730,14.0089,58.3802,28570.2080,-49.5897,NA,NA,NA,NA,NA,NA,NA,NA,NA,NA
312.818,13.4504,40.7328,14.0089,58.3802,24053.9920,-57.5582,NA,NA,NA,NA,NA,NA,NA,NA,NA,NA
312.850,13.3833,40.0312,14.0032,58.3157,26663.7660,-52.9535,NA,NA,NA,NA,NA,NA,NA,NA,NA,NA
312.949,13.3020,39.1804,14.0032,58.3153,53055.6920,-6.3866,NA,NA,NA,NA,NA,NA,NA,NA,NA,NA
313.048,13.2127,38.2461,13.9873,58.1355,60924.9920,7.4983,NA,NA,NA,NA,NA,NA,NA,NA,NA,NA
313.147,13.1912,38.0210,13.9559,57.7803,67512.6800,19.1219,NA,NA,NA,NA,NA,NA,NA,NA,NA,NA
313.244,13.1621,37.7160,13.9398,57.5989,67512.6800,19.1219,NA,NA,NA,NA,NA,NA,NA,NA,NA,NA
313.370,13.1434,37.5208,13.9030,57.1830,24875.7840,-56.1082,NA,NA,NA,NA,NA,NA,NA,NA,NA,NA
313.443,13.1219,37.2960,13.8879,57.0114,25900.4320,-54.3003,NA,NA,NA,NA,NA,NA,NA,NA,NA,NA
313.537,13.1136,37.2085,13.8702,56.8121,25900.4320,-54.3003,NA,NA,NA,NA,NA,NA,NA,NA,NA,NA
313.633,13.1070,37.1396,13.8192,56.2351,22179.7960,-60.8651,NA,NA,NA,NA,NA,NA,NA,NA,NA,NA
313.736,13.0937,37.0012,13.7946,55.9572,24417.9600,-56.9160,NA,NA,NA,NA,NA,NA,NA,NA,NA,NA
313.831,13.0657,36.7081,13.7876,55.8777,27358.2520,-51.7281,NA,NA,NA,NA,NA,NA,NA,NA,NA,NA
313.969,13.0314,36.3490,13.7876,55.8777,54998.7920,-2.9581,NA,NA,NA,NA,NA,NA,NA,NA,NA,NA
314.023,12.9742,35.7499,13.7820,55.8146,62817.8440,10.8381,NA,NA,NA,NA,NA,NA,NA,NA,NA,NA
314.123,12.9599,35.6006,13.7820,55.8146,68809.4320,21.4099,NA,NA,NA,NA,NA,NA,NA,NA,NA,NA
314.222,12.9599,35.6006,13.7735,55.7183,68809.4320,21.4099,NA,NA,NA,NA,NA,NA,NA,NA,NA,NA
314.318,12.9306,35.2943,13.7632,55.6017,24920.0160,-56.0302,NA,NA,NA,NA,NA,NA,NA,NA,NA,NA
314.420,12.9237,35.2223,13.7630,55.5997,26671.6680,-52.9395,NA,NA,NA,NA,NA,NA,NA,NA,NA,NA
314.519,12.9322,35.3113,13.7506,55.4600,26671.6680,-52.9395,NA,NA,NA,NA,NA,NA,NA,NA,NA,NA
314.652,12.9322,35.3113,13.7420,55.3623,22773.6060,-59.8174,NA,NA,NA,NA,NA,NA,NA,NA,NA,NA
314.724,12.9306,35.2940,13.7371,55.3065,46662.6320,-17.6667,NA,NA,NA,NA,NA,NA,NA,NA,NA,NA
314.816,12.9072,35.0488,13.7339,55.2703,47906.5240,-15.4719,NA,NA,NA,NA,NA,NA,NA,NA,NA,NA
314.919,12.8850,34.8167,13.7094,54.9935,47906.5240,-15.4719,NA,NA,NA,NA,NA,NA,NA,NA,NA,NA
315.015,12.8812,34.7768,13.6983,54.8686,28499.4420,-49.7145,171504.9920,0.0000,NA,NA,NA,NA,NA,NA,NA,NA
315.121,12.8681,34.6405,13.7018,54.9075,56442.1480,-0.4114,NA,NA,NA,NA,NA,NA,NA,NA,NA,NA
315.239,12.8587,34.5417,13.7027,54.9178,56442.1480,-0.4114,NA,NA,NA,NA,NA,NA,NA,NA,NA,NA
315.319,12.8523,34.4746,13.7027,54.9178,31056.3700,-45.2030,187289.9840,0.0000,NA,NA,NA,NA,NA,NA,NA,NA
315.408,12.8290,34.2311,13.6865,54.7347,66385.8080,17.1336,NA,NA,NA,NA,NA,NA,NA,NA,NA,NA
315.502,12.8230,34.1686,13.6785,54.6443,66385.8080,17.1336,NA,NA,NA,NA,NA,NA,NA,NA,NA,NA
315.615,12.8149,34.0831,13.6704,54.5533,28277.4720,-50.1062,NA,NA,NA,NA,NA,NA,NA,NA,NA,NA
315.713,12.8071,34.0019,13.6660,54.5032,27171.2160,-52.0581,NA,NA,NA,NA,NA,NA,NA,NA,NA,NA
315.807,12.8071,34.0019,13.6567,54.3977,28813.1380,-49.1610,NA,NA,NA,NA,NA,NA,NA,NA,NA,NA
315.912,12.7846,33.7666,13.6453,54.2695,58503.9840,3.2266,NA,NA,NA,NA,NA,NA,NA,NA,NA,NA
316.004,12.7568,33.4760,13.6346,54.1477,59269.1000,4.5766,NA,NA,NA,NA,NA,NA,NA,NA,NA,NA
316.105,12.7535,33.4411,13.6346,54.1477,59269.1000,4.5766,NA,NA,NA,NA,NA,NA,NA,NA,NA,NA
316.200,12.8456,34.4048,13.6563,54.3937,57148.8600,0.8356,NA,NA,NA,NA,NA,NA,NA,NA,NA,NA
316.350,13.1336,37.4177,13.8231,56.2795,25355.5460,-55.2617,186856.3520,0.0000,NA,NA,NA,NA,NA,NA,NA,NA
316.398,13.3763,39.9578,14.0597,58.9537,46583.6720,-17.8060,NA,NA,NA,NA,NA,NA,NA,NA,NA,NA
316.501,13.7932,44.3199,14.2841,61.4907,46583.6720,-17.8060,NA,NA,NA,NA,NA,NA,NA,NA,NA,NA
316.593,14.0184,46.6755,14.4746,63.6445,28029.5060,-50.5437,168358.7840,0.0000,NA,NA,NA,NA,NA,NA,NA,NA
316.693,14.2607,49.2110,14.6547,65.6810,57941.8840,2.2348,NA,NA,NA,NA,NA,NA,NA,NA,NA,NA
316.802,14.4785,51.4897,14.9013,68.4692,182881.1200,222.6822,NA,NA,NA,NA,NA,NA,NA,NA,NA,NA
316.893,14.7361,54.1854,15.1844,71.6696,182881.1200,222.6822,NA,NA,NA,NA,NA,NA,NA,NA,NA,NA
317.000,14.9473,56.3949,15.3301,73.3170,28697.6960,-49.3647,NA,NA,NA,NA,NA,NA,NA,NA,NA,NA
317.098,15.0771,57.7537,15.5261,75.5328,27264.3020,-51.8939,NA,NA,NA,NA,NA,NA,NA,NA,NA,NA
317.190,15.1483,58.4984,15.6025,76.3969,55055.2240,-2.8585,NA,NA,NA,NA,NA,NA,NA,NA,NA,NA
317.293,15.1841,58.8732,15.6380,76.7982,62695.5520,10.6224,NA,NA,NA,NA,NA,NA,NA,NA,NA,NA
317.392,15.1841,58.8732,15.6564,77.0058,68531.0400,20.9187,NA,NA,NA,NA,NA,NA,NA,NA,NA,NA
317.483,15.1564,58.5825,15.6564,77.0058,68531.0400,20.9187,NA,NA,NA,NA,NA,NA,NA,NA,NA,NA
317.588,15.1201,58.2033,15.6504,76.9386,24561.3080,-56.6631,NA,NA,NA,NA,NA,NA,NA,NA,NA,NA
317.686,15.0578,57.5518,15.6452,76.8793,26071.5580,-53.9984,NA,NA,NA,NA,NA,NA,NA,NA,NA,NA
317.785,15.0275,57.2340,15.6257,76.6591,26071.5580,-53.9984,NA,NA,NA,NA,NA,NA,NA,NA,NA,NA
317.875,14.9959,56.9036,15.5821,76.1661,22326.3000,-60.6066,NA,NA,NA,NA,NA,NA,NA,NA,NA,NA
317.975,14.9595,56.5225,15.5816,76.1601,24590.4860,-56.6116,NA,NA,NA,NA,NA,NA,NA,NA,NA,NA
318.068,14.9313,56.2277,15.5457,75.7550,27684.0380,-51.1533,NA,NA,NA,NA,NA,NA,NA,NA,NA,NA
318.181,14.8578,55.4585,15.5457,75.7550,57616.6560,1.6610,NA,NA,NA,NA,NA,NA,NA,NA,NA,NA
318.265,14.8197,55.0603,15.5234,75.5020,67412.8480,18.9457,NA,NA,NA,NA,NA,NA,NA,NA,NA,NA
318.368,14.7710,54.5501,15.4768,74.9757,72876.5840,28.5862,NA,NA,NA,NA,NA,NA,NA,NA,NA,NA
318.464,14.6883,53.6849,15.4530,74.7068,72876.5840,28.5862,NA,NA,NA,NA,NA,NA,NA,NA,NA,NA
318.561,14.6276,53.0500,15.4225,74.3613,23926.0160,-57.7840,NA,NA,NA,NA,NA,NA,NA,NA,NA,NA
318.675,14.5973,52.7332,15.4225,74.3613,26240.8140,-53.6997,NA,NA,NA,NA,NA,NA,NA,NA,NA,NA
318.811,14.5777,52.5283,15.4098,74.2176,26240.8140,-53.6997,NA,NA,NA,NA,NA,NA,NA,NA,NA,NA
318.853,14.5794,52.5454,15.3631,73.6901,22983.9880,-59.4462,NA,NA,NA,NA,NA,NA,NA,NA,NA,NA
318.955,14.5853,52.6079,15.3410,73.4403,25484.7780,-55.0337,NA,NA,NA,NA,NA,NA,NA,NA,NA,NA
319.047,14.5853,52.6079,15.3288,73.3019,50897.4160,-10.1947,NA,NA,NA,NA,NA,NA,NA,NA,NA,NA
319.150,14.5597,52.3399,15.3202,73.2055,59802.9280,5.5185,NA,NA,NA,NA,NA,NA,NA,NA,NA,NA
319.247,14.5456,52.1926,15.2987,72.9616,68672.8560,21.1689,NA,NA,NA,NA,NA,NA,NA,NA,NA,NA
319.381,14.5326,52.0563,15.2930,72.8969,70569.1840,24.5149,NA,NA,NA,NA,NA,NA,NA,NA,NA,NA
319.454,14.5053,51.7706,15.2930,72.8969,70569.1840,24.5149,NA,NA,NA,NA,NA,NA,NA,NA,NA,NA
319.557,14.5083,51.8013,15.2844,72.8004,26054.4060,-54.0286,NA,NA,NA,NA,NA,NA,NA,NA,NA,NA
319.658,14.5083,51.8013,15.2837,72.7920,26819.4740,-52.6787,NA,NA,NA,NA,NA,NA,NA,NA,NA,NA
319.744,14.4751,51.4540,15.2837,72.7920,50271.2000,-11.2996,NA,NA,NA,NA,NA,NA,NA,NA,NA,NA
319.847,14.4590,51.2860,15.2920,72.8864,50271.2000,-11.2996,NA,NA,NA,NA,NA,NA,NA,NA,NA,NA
319.946,14.4556,51.2500,15.2920,72.8864,46848.0760,-17.3395,NA,NA,NA,NA,NA,NA,NA,NA,NA,NA
320.037,14.4486,51.1776,15.2829,72.7833,44790.5240,-20.9699,NA,NA,NA,NA,NA,NA,NA,NA,NA,NA
320.138,14.4240,50.9195,15.2704,72.6415,25869.0580,-54.3557,NA,NA,NA,NA,NA,NA,NA,NA,NA,NA
320.239,14.4218,50.8967,15.2642,72.5716,29364.5540,-48.1881,164827.7120,0.0000,NA,NA,NA,NA,NA,NA,NA,NA
320.336,14.4177,50.8542,15.2636,72.5653,60336.0280,6.4591,NA,NA,NA,NA,NA,NA,NA,NA,NA,NA
320.437,14.4140,50.8151,15.2636,72.5653,60336.0280,6.4591,NA,NA,NA,NA,NA,NA,NA,NA,NA,NA
320.531,14.4088,50.7605,15.2625,72.5529,34127.6600,-39.7839,NA,NA,NA,NA,NA,NA,NA,NA,NA,NA
320.629,14.3981,50.6483,15.2527,72.4423,37009.7960,-34.6985,NA,NA,NA,NA,NA,NA,NA,NA,NA,NA
320.734,14.3956,50.6227,15.2489,72.3986,37009.7960,-34.6985,NA,NA,NA,NA,NA,NA,NA,NA,NA,NA
320.828,14.3956,50.6227,15.2468,72.3755,22358.9360,-60.5491,NA,NA,NA,NA,NA,NA,NA,NA,NA,NA
320.921,14.3703,50.3576,15.2480,72.3884,22523.2860,-60.2591,NA,NA,NA,NA,NA,NA,NA,NA,NA,NA
321.021,14.3612,50.2630,15.2480,72.3884,36069.9840,-36.3568,NA,NA,NA,NA,NA,NA,NA,NA,NA,NA
321.122,14.3299,49.9355,15.2501,72.4127,43183.5120,-23.8054,NA,NA,NA,NA,NA,NA,NA,NA,NA,NA
321.241,14.3159,49.7886,15.2512,72.4252,43183.5120,-23.8054,NA,NA,NA,NA,NA,NA,NA,NA,NA,NA
321.329,14.2929,49.5478,15.2512,72.4252,26625.4840,-53.0210,NA,NA,NA,NA,NA,NA,NA,NA,NA,NA
321.419,14.2893,49.5107,15.2442,72.3462,26625.4840,-53.0210,NA,NA,NA,NA,NA,NA,NA,NA,NA,NA
321.524,14.2893,49.5107,15.2433,72.3353,23371.2020,-58.7630,NA,NA,NA,NA,NA,NA,NA,NA,NA,NA
321.615,14.2880,49.4965,15.2409,72.3089,25979.9840,-54.1600,NA,NA,NA,NA,NA,NA,NA,NA,NA,NA
321.715,14.2239,48.8260,15.2425,72.3262,50803.6800,-10.3601,NA,NA,NA,NA,NA,NA,NA,NA,NA,NA
321.824,14.2155,48.7387,15.2425,72.3262,60366.0200,6.5121,NA,NA,NA,NA,NA,NA,NA,NA,NA,NA
321.914,14.1988,48.5637,15.2457,72.3626,71485.2480,26.1312,NA,NA,NA,NA,NA,NA,NA,NA,NA,NA
322.009,14.1959,48.5334,15.2458,72.3636,71485.2480,26.1312,NA,NA,NA,NA,NA,NA,NA,NA,NA,NA
322.112,14.1959,48.5334,15.2458,72.3636,28316.4480,-50.0374,NA,NA,NA,NA,NA,NA,NA,NA,NA,NA
322.214,14.1824,48.3923,15.2430,72.3317,25858.7260,-54.3739,NA,NA,NA,NA,NA,NA,NA,NA,NA,NA
322.302,14.1722,48.2848,15.2383,72.2791,25403.9740,-55.1763,NA,NA,NA,NA,NA,NA,NA,NA,NA,NA
322.457,14.1726,48.2894,15.2350,72.2423,21394.8060,-62.2502,NA,NA,NA,NA,NA,NA,NA,NA,NA,NA
322.500,14.1726,48.2894,15.2350,72.2423,23796.0520,-58.0134,NA,NA,NA,NA,NA,NA,NA,NA,NA,NA
322.605,14.1684,48.2454,15.2317,72.2041,26624.5240,-53.0227,NA,NA,NA,NA,NA,NA,NA,NA,NA,NA
322.692,14.1483,48.0352,15.2219,72.0936,52958.5680,-6.5579,NA,NA,NA,NA,NA,NA,NA,NA,NA,NA
322.795,14.1378,47.9253,15.2265,72.1455,63131.1000,11.3909,NA,NA,NA,NA,NA,NA,NA,NA,NA,NA
322.893,14.1378,47.9253,15.2307,72.1936,74003.6800,30.5748,NA,NA,NA,NA,NA,NA,NA,NA,NA,NA
323.019,14.0958,47.4858,15.2307,72.1936,74003.6800,30.5748,NA,NA,NA,NA,NA,NA,NA,NA,NA,NA
323.090,14.0908,47.4333,15.2298,72.1829,28081.8440,-50.4514,NA,NA,NA,NA,NA,NA,NA,NA,NA,NA
323.186,14.0644,47.1569,15.2296,72.1812,25485.7060,-55.0321,NA,NA,NA,NA,NA,NA,NA,NA,NA,NA
323.288,14.0697,47.2123,15.2296,72.1812,25345.7440,-55.2790,NA,NA,NA,NA,NA,NA,NA,NA,NA,NA
323.378,14.0725,47.2422,15.2126,71.9887,21967.4680,-61.2398,NA,NA,NA,NA,NA,NA,NA,NA,NA,NA
323.481,14.0782,47.3012,15.2126,71.9887,24426.5960,-56.9008,NA,NA,NA,NA,NA,NA,NA,NA,NA,NA
323.592,14.0782,47.3012,15.1938,71.7763,46276.4880,-18.3480,NA,NA,NA,NA,NA,NA,NA,NA,NA,NA
323.674,14.0025,46.5096,15.1893,71.7254,54212.0440,-4.3463,NA,NA,NA,NA,NA,NA,NA,NA,NA,NA
323.771,13.9783,46.2562,15.1673,71.4768,64767.0680,14.2774,NA,NA,NA,NA,NA,NA,NA,NA,NA,NA
323.872,13.9763,46.2357,15.1653,71.4542,75092.8960,32.4967,NA,NA,NA,NA,NA,NA,NA,NA,NA,NA
323.969,13.9640,46.1071,15.1653,71.4542,75092.8960,32.4967,NA,NA,NA,NA,NA,NA,NA,NA,NA,NA
324.067,13.9318,45.7695,15.1652,71.4528,27631.1640,-51.2465,NA,NA,NA,NA,NA,NA,NA,NA,NA,NA
324.176,13.9748,46.2195,15.1652,71.4528,25849.7900,-54.3897,NA,NA,NA,NA,NA,NA,NA,NA,NA,NA
324.264,13.9748,46.2195,15.1524,71.3079,25849.7900,-54.3897,NA,NA,NA,NA,NA,NA,NA,NA,NA,NA
324.359,13.9786,46.2600,15.1324,71.0813,22720.2880,-59.9115,NA,NA,NA,NA,NA,NA,NA,NA,NA,NA
324.462,13.9786,46.2600,15.1196,70.9375,25270.9460,-55.4110,NA,NA,NA,NA,NA,NA,NA,NA,NA,NA
324.558,13.9675,46.1430,15.1158,70.8944,48585.7600,-14.2735,NA,NA,NA,NA,NA,NA,NA,NA,NA,NA
324.667,13.9213,45.6596,15.1175,70.9130,56746.0360,0.1248,NA,NA,NA,NA,NA,NA,NA,NA,NA,NA
324.767,13.9078,45.5187,15.1175,70.9130,56746.0360,0.1248,NA,NA,NA,NA,NA,NA,NA,NA,NA,NA
324.859,13.9098,45.5400,15.1185,70.9243,32760.3940,-42.1963,180524.8480,0.0000,NA,NA,NA,NA,NA,NA,NA,NA
324.957,13.9098,45.5400,15.1318,71.0746,32760.3940,-42.1963,180524.8480,0.0000,NA,NA,NA,NA,NA,NA,NA,NA
325.056,13.8895,45.3275,15.1318,71.0746,55099.8520,-2.7798,NA,NA,NA,NA,NA,NA,NA,NA,NA,NA
325.154,13.8690,45.1125,15.1157,70.8933,64731.5640,14.2148,NA,NA,NA,NA,NA,NA,NA,NA,NA,NA
325.253,13.8406,44.8151,15.1095,70.8227,64731.5640,14.2148,NA,NA,NA,NA,NA,NA,NA,NA,NA,NA
325.349,13.8314,44.7197,15.1118,70.8488,31138.4440,-45.0582,NA,NA,NA,NA,NA,NA,NA,NA,NA,NA
325.449,13.8297,44.7015,15.1118,70.8488,30618.0040,-45.9765,NA,NA,NA,NA,NA,NA,NA,NA,NA,NA
325.550,13.8123,44.5191,15.1087,70.8134,30075.1260,-46.9343,NA,NA,NA,NA,NA,NA,NA,NA,NA,NA
325.651,13.8123,44.5191,15.1222,70.9661,21233.3280,-62.5351,NA,NA,NA,NA,NA,NA,NA,NA,NA,NA
325.750,13.7998,44.3885,15.1222,70.9661,68181.9840,20.3028,NA,NA,NA,NA,NA,NA,NA,NA,NA,NA
325.852,13.7592,43.9638,15.1023,70.7419,68181.9840,20.3028,NA,NA,NA,NA,NA,NA,NA,NA,NA,NA
325.948,13.7468,43.8338,15.0859,70.5562,67593.4320,19.2644,NA,NA,NA,NA,NA,NA,NA,NA,NA,NA
326.055,13.7426,43.7900,15.0682,70.3558,24796.1260,-56.2488,NA,NA,NA,NA,NA,NA,NA,NA,NA,NA
326.144,13.6889,43.2279,15.0578,70.2384,28599.9600,-49.5372,NA,NA,NA,NA,NA,NA,NA,NA,NA,NA
326.240,13.6987,43.3306,15.0532,70.1860,28599.9600,-49.5372,NA,NA,NA,NA,NA,NA,NA,NA,NA,NA
326.339,13.6987,43.3306,15.0378,70.0123,23813.8800,-57.9819,NA,NA,NA,NA,NA,NA,NA,NA,NA,NA
326.434,13.6725,43.0568,15.0281,69.9031,26570.1640,-53.1186,NA,NA,NA,NA,NA,NA,NA,NA,NA,NA
326.549,13.6599,42.9248,15.0160,69.7661,53754.7200,-5.1532,NA,NA,NA,NA,NA,NA,NA,NA,NA,NA
326.647,13.6385,42.7006,15.0085,69.6812,61662.0240,8.7988,NA,NA,NA,NA,NA,NA,NA,NA,NA,NA
326.735,13.6238,42.5471,15.0085,69.6812,66775.5240,17.8212,NA,NA,NA,NA,NA,NA,NA,NA,NA,NA
326.832,13.5998,42.2965,15.0005,69.5900,66775.5240,17.8212,NA,NA,NA,NA,NA,NA,NA,NA,NA,NA
326.926,13.5895,42.1888,15.0005,69.5900,23310.8120,-58.8695,NA,NA,NA,NA,NA,NA,NA,NA,NA,NA
327.029,13.5562,41.8399,14.9828,69.3902,25420.6480,-55.1469,NA,NA,NA,NA,NA,NA,NA,NA,NA,NA
327.129,13.5624,41.9049,14.9772,69.3272,30211.6400,-46.6935,NA,NA,NA,NA,NA,NA,NA,NA,NA,NA
327.247,13.5657,41.9393,14.9665,69.2061,30211.6400,-46.6935,NA,NA,NA,NA,NA,NA,NA,NA,NA,NA
327.322,13.5657,41.9393,14.9406,68.9131,24668.0860,-56.4747,NA,NA,NA,NA,NA,NA,NA,NA,NA,NA
327.435,13.5552,41.8294,14.9132,68.6038,27790.8320,-50.9648,NA,NA,NA,NA,NA,NA,NA,NA,NA,NA
327.513,13.5291,41.5561,14.9005,68.4603,57375.2880,1.2351,NA,NA,NA,NA,NA,NA,NA,NA,NA,NA
327.609,13.5028,41.2815,14.9005,68.4603,65292.2320,15.2040,NA,NA,NA,NA,NA,NA,NA,NA,NA,NA
327.711,13.4965,41.2155,14.8967,68.4172,66819.1320,17.8982,NA,NA,NA,NA,NA,NA,NA,NA,NA,NA
327.852,13.4802,41.0452,14.8967,68.4172,66819.1320,17.8982,NA,NA,NA,NA,NA,NA,NA,NA,NA,NA
327.912,13.4745,40.9851,14.8939,68.3856,23095.3560,-59.2497,NA,NA,NA,NA,NA,NA,NA,NA,NA,NA
328.003,13.4517,40.7461,14.8831,68.2633,26403.7980,-53.4122,NA,NA,NA,NA,NA,NA,NA,NA,NA,NA
328.107,13.4424,40.6489,14.8770,68.1940,26403.7980,-53.4122,NA,NA,NA,NA,NA,NA,NA,NA,NA,NA
328.202,13.4441,40.6674,14.8727,68.1459,22637.7000,-60.0572,NA,NA,NA,NA,NA,NA,NA,NA,NA,NA
328.353,13.4441,40.6674,14.8727,68.1459,25171.8420,-55.5859,NA,NA,NA,NA,NA,NA,NA,NA,NA,NA
328.399,13.4387,40.6102,14.8482,67.8689,28717.3520,-49.3300,NA,NA,NA,NA,NA,NA,NA,NA,NA,NA
328.510,13.4219,40.4344,14.8433,67.8139,59941.2640,5.7626,NA,NA,NA,NA,NA,NA,NA,NA,NA,NA
328.603,13.3790,39.9860,14.8252,67.6090,59941.2640,5.7626,NA,NA,NA,NA,NA,NA,NA,NA,NA,NA
328.701,13.3790,39.9860,14.8252,67.6090,33356.8740,-41.1439,176677.6640,0.0000,NA,NA,NA,NA,NA,NA,NA,NA
328.799,13.3656,39.8451,14.8179,67.5261,33356.8740,-41.1439,176677.6640,0.0000,NA,NA,NA,NA,NA,NA,NA,NA
328.902,13.3656,39.8451,14.8143,67.4859,59588.9040,5.1409,NA,NA,NA,NA,NA,NA,NA,NA,NA,NA
329.049,13.3586,39.7724,14.8097,67.4334,69200.2000,22.0994,NA,NA,NA,NA,NA,NA,NA,NA,NA,NA
329.093,13.3437,39.6162,14.7954,67.2718,69200.2000,22.0994,NA,NA,NA,NA,NA,NA,NA,NA,NA,NA
329.190,13.3427,39.6060,14.7954,67.2718,26476.0680,-53.2846,NA,NA,NA,NA,NA,NA,NA,NA,NA,NA
329.290,13.3299,39.4722,14.7777,67.0720,24661.2160,-56.4868,NA,NA,NA,NA,NA,NA,NA,NA,NA,NA
329.386,13.3227,39.3968,14.7777,67.0720,27019.5240,-52.3257,NA,NA,NA,NA,NA,NA,NA,NA,NA,NA
329.497,13.3071,39.2335,14.7384,66.6274,27019.5240,-52.3257,NA,NA,NA,NA,NA,NA,NA,NA,NA,NA
329.608,13.3018,39.1777,14.7318,66.5527,52372.8160,-7.5915,NA,NA,NA,NA,NA,NA,NA,NA,NA,NA
329.688,13.2764,38.9123,14.7237,66.4606,52372.8160,-7.5915,NA,NA,NA,NA,NA,NA,NA,NA,NA,NA
329.788,13.2655,38.7979,14.7208,66.4280,49336.6640,-12.9486,NA,NA,NA,NA,NA,NA,NA,NA,NA,NA
329.888,13.2301,38.4279,14.6972,66.1620,26010.9540,-54.1053,170829.0240,0.0000,NA,NA,NA,NA,NA,NA,NA,NA
329.994,13.2301,38.4279,14.6937,66.1219,48368.0160,-14.6577,NA,NA,NA,NA,NA,NA,NA,NA,NA,NA
330.088,13.2119,38.2376,14.6937,66.1219,48368.0160,-14.6577,NA,NA,NA,NA,NA,NA,NA,NA,NA,NA
330.234,13.1961,38.0724,14.6899,66.0786,28274.1940,-50.1120,NA,NA,NA,NA,NA,NA,NA,NA,NA,NA
330.288,13.1961,38.0724,14.6568,65.7046,33619.7320,-40.6801,187876.6240,0.0000,NA,NA,NA,NA,NA,NA,NA,NA
330.380,13.1774,37.8769,14.6431,65.5502,72239.2320,27.4616,NA,NA,NA,NA,NA,NA,NA,NA,NA,NA
330.484,13.1774,37.8769,14.6431,65.5502,72239.2320,27.4616,NA,NA,NA,NA,NA,NA,NA,NA,NA,NA
330.580,13.1705,37.8043,14.6400,65.5148,31140.1520,-45.0552,NA,NA,NA,NA,NA,NA,NA,NA,NA,NA
330.680,13.1705,37.8043,14.6152,65.2340,27730.5460,-51.0712,NA,NA,NA,NA,NA,NA,NA,NA,NA,NA
330.776,13.1643,37.7392,14.6008,65.0720,56731.5080,0.0992,NA,NA,NA,NA,NA,NA,NA,NA,NA,NA
330.883,13.1525,37.6162,14.5985,65.0457,63636.3320,12.2823,NA,NA,NA,NA,NA,NA,NA,NA,NA,NA
330.976,13.1334,37.4161,14.5813,64.8516,64133.3360,13.1592,NA,NA,NA,NA,NA,NA,NA,NA,NA,NA
331.074,13.1306,37.3869,14.5813,64.8516,64133.3360,13.1592,NA,NA,NA,NA,NA,NA,NA,NA,NA,NA
331.166,13.1186,37.2615,14.5721,64.7478,22516.8720,-60.2704,NA,NA,NA,NA,NA,NA,NA,NA,NA,NA
331.272,13.1186,37.2615,14.5590,64.5986,26235.5240,-53.7091,190238.2560,0.0000,NA,NA,NA,NA,NA,NA,NA,NA
331.365,13.0878,36.9385,14.5558,64.5624,47197.0960,-16.7237,NA,NA,NA,NA,NA,NA,NA,NA,NA,NA
331.469,13.0828,36.8866,14.5303,64.2748,47197.0960,-16.7237,NA,NA,NA,NA,NA,NA,NA,NA,NA,NA
331.561,13.0821,36.8791,14.5276,64.2437,29660.0640,-47.6667,170460.2240,0.0000,NA,NA,NA,NA,NA,NA,NA,NA
331.678,13.0807,36.8649,14.5223,64.1843,61334.4160,8.2207,NA,NA,NA,NA,NA,NA,NA,NA,NA,NA
331.762,13.0756,36.8113,14.5214,64.1738,61334.4160,8.2207,NA,NA,NA,NA,NA,NA,NA,NA,NA,NA
331.861,13.0603,36.6517,14.5214,64.1738,30828.2760,-45.6054,NA,NA,NA,NA,NA,NA,NA,NA,NA,NA
331.961,13.0603,36.6517,14.5179,64.1342,25304.7120,-55.3514,NA,NA,NA,NA,NA,NA,NA,NA,NA,NA
332.064,13.0562,36.6082,14.5120,64.0683,48758.8400,-13.9681,NA,NA,NA,NA,NA,NA,NA,NA,NA,NA
332.160,13.0399,36.4381,14.4981,63.9109,57391.6600,1.2640,NA,NA,NA,NA,NA,NA,NA,NA,NA,NA
332.256,13.0207,36.2364,14.4982,63.9121,66779.2760,17.8278,NA,NA,NA,NA,NA,NA,NA,NA,NA,NA
332.355,13.0108,36.1337,14.4982,63.9121,73884.1760,30.3640,NA,NA,NA,NA,NA,NA,NA,NA,NA,NA
332.456,13.0032,36.0536,14.4880,63.7969,73884.1760,30.3640,NA,NA,NA,NA,NA,NA,NA,NA,NA,NA
332.564,13.0035,36.0569,14.4786,63.6899,25440.8480,-55.1112,NA,NA,NA,NA,NA,NA,NA,NA,NA,NA
332.653,13.0035,36.0569,14.4697,63.5894,26968.1860,-52.4163,NA,NA,NA,NA,NA,NA,NA,NA,NA,NA
332.747,13.0030,36.0512,14.4569,63.4453,26968.1860,-52.4163,NA,NA,NA,NA,NA,NA,NA,NA,NA,NA
332.846,12.9824,35.8359,14.4534,63.4055,23285.6520,-58.9139,NA,NA,NA,NA,NA,NA,NA,NA,NA,NA
332.941,12.9762,35.7715,14.4400,63.2537,25820.8120,-54.4408,NA,NA,NA,NA,NA,NA,NA,NA,NA,NA
333.044,12.9712,35.7191,14.4318,63.1612,51272.3520,-9.5332,NA,NA,NA,NA,NA,NA,NA,NA,NA,NA
333.139,12.9458,35.4531,14.4232,63.0635,59997.9080,5.8625,NA,NA,NA,NA,NA,NA,NA,NA,NA,NA
333.238,12.9337,35.3266,14.4121,62.9380,68503.4800,20.8701,NA,NA,NA,NA,NA,NA,NA,NA,NA,NA
333.333,12.9156,35.1373,14.4079,62.8907,68503.4800,20.8701,NA,NA,NA,NA,NA,NA,NA,NA,NA,NA
333.432,12.8965,34.9375,14.4109,62.9245,24964.2360,-55.9522,NA,NA,NA,NA,NA,NA,NA,NA,NA,NA
333.527,12.8955,34.9269,14.4109,62.9245,25126.7200,-55.6655,NA,NA,NA,NA,NA,NA,NA,NA,NA,NA
333.627,12.8926,34.8967,14.4017,62.8208,28478.2280,-49.7520,NA,NA,NA,NA,NA,NA,NA,NA,NA,NA
333.728,12.8808,34.7727,14.3789,62.5625,28478.2280,-49.7520,NA,NA,NA,NA,NA,NA,NA,NA,NA,NA
333.823,12.8751,34.7130,14.3656,62.4126,23969.5720,-57.7072,NA,NA,NA,NA,NA,NA,NA,NA,NA,NA
333.926,12.8716,34.6766,14.3516,62.2547,26573.3140,-53.1131,NA,NA,NA,NA,NA,NA,NA,NA,NA,NA
334.018,12.8491,34.4414,14.3399,62.1221,53300.9600,-5.9538,NA,NA,NA,NA,NA,NA,NA,NA,NA,NA
334.116,12.8416,34.3629,14.3377,62.0975,61377.5480,8.2968,NA,NA,NA,NA,NA,NA,NA,NA,NA,NA
334.221,12.9148,35.1292,14.3580,62.3270,68328.6320,20.5616,NA,NA,NA,NA,NA,NA,NA,NA,NA,NA
334.312,13.2121,38.2398,14.4273,63.1097,68328.6320,20.5616,NA,NA,NA,NA,NA,NA,NA,NA,NA,NA
334.418,13.5785,42.0733,14.5970,65.0282,24855.0760,-56.1448,NA,NA,NA,NA,NA,NA,NA,NA,NA,NA
334.527,13.8627,45.0471,14.7270,66.4980,26128.9860,-53.8970,NA,NA,NA,NA,NA,NA,NA,NA,NA,NA
334.615,13.9455,45.9135,14.7646,66.9240,27005.3960,-52.3507,NA,NA,NA,NA,NA,NA,NA,NA,NA,NA
334.717,13.9601,46.0663,14.7720,67.0070,49067.7200,-13.4231,NA,NA,NA,NA,NA,NA,NA,NA,NA,NA
334.809,13.9601,46.0663,14.7835,67.1375,49067.7200,-13.4231,NA,NA,NA,NA,NA,NA,NA,NA,NA,NA
334.967,13.9550,46.0127,14.7835,67.1375,49315.2720,-12.9863,NA,NA,NA,NA,NA,NA,NA,NA,NA,NA
335.010,13.9208,45.6548,14.7720,67.0071,49315.2720,-12.9863,NA,NA,NA,NA,NA,NA,NA,NA,NA,NA
335.108,13.9005,45.4427,14.7633,66.9088,27386.9860,-51.6774,168186.2560,0.0000,NA,NA,NA,NA,NA,NA,NA,NA
335.203,13.8828,45.2571,14.7497,66.7548,53928.6560,-4.8463,NA,NA,NA,NA,NA,NA,NA,NA,NA,NA
335.300,13.8454,44.8662,14.7411,66.6579,53928.6560,-4.8463,NA,NA,NA,NA,NA,NA,NA,NA,NA,NA
335.411,13.8022,44.4133,14.7269,66.4976,30356.9280,-46.4371,177660.7680,0.0000,NA,NA,NA,NA,NA,NA,NA,NA
335.500,13.7782,44.1623,14.7136,66.3474,64585.4280,13.9569,NA,NA,NA,NA,NA,NA,NA,NA,NA,NA
335.608,13.7635,44.0093,14.6828,65.9992,NA,NA,NA,NA,NA,NA,NA,NA,NA,NA,NA,NA
335.711,13.7477,43.8435,14.6716,65.8718,NA,NA,NA,NA,NA,NA,NA,NA,NA,NA,NA,NA
335.799,13.7267,43.6239,14.6648,65.7955,35095.9680,-38.0754,NA,NA,NA,NA,NA,NA,NA,NA,NA,NA
335.898,13.7059,43.4057,14.6564,65.7007,35886.3600,-36.6808,NA,NA,NA,NA,NA,NA,NA,NA,NA,NA
336.003,13.7008,43.3529,14.6464,65.5874,35886.3600,-36.6808,NA,NA,NA,NA,NA,NA,NA,NA,NA,NA
336.095,13.6896,43.2356,14.6380,65.4927,24408.7400,-56.9323,NA,NA,NA,NA,NA,NA,NA,NA,NA,NA
336.191,13.6884,43.2233,14.6213,65.3037,24399.9740,-56.9478,NA,NA,NA,NA,NA,NA,NA,NA,NA,NA
336.290,13.6757,43.0902,14.6127,65.2059,40026.3600,-29.3760,NA,NA,NA,NA,NA,NA,NA,NA,NA,NA
336.391,13.6599,42.9252,14.6058,65.1288,41383.1680,-26.9820,NA,NA,NA,NA,NA,NA,NA,NA,NA,NA
336.489,13.6298,42.6105,14.6012,65.0759,45343.0320,-19.9951,NA,NA,NA,NA,NA,NA,NA,NA,NA,NA
336.585,13.6178,42.4839,14.5957,65.0135,45343.0320,-19.9951,NA,NA,NA,NA,NA,NA,NA,NA,NA,NA
336.695,13.5978,42.2748,14.5865,64.9106,26952.2020,-52.4445,NA,NA,NA,NA,NA,NA,NA,NA,NA,NA
336.834,13.5928,42.2225,14.5804,64.8406,31460.5340,-44.4899,178262.1760,0.0000,NA,NA,NA,NA,NA,NA,NA,NA
336.895,13.5660,41.9423,14.5732,64.7595,31460.5340,-44.4899,NA,NA,NA,NA,NA,NA,NA,NA,NA,NA
336.989,13.5046,41.2998,14.5702,64.7252,29170.1360,-48.5311,NA,NA,NA,NA,NA,NA,NA,NA,NA,NA
337.093,13.4868,41.1136,14.5525,64.5254,23611.9400,-58.3382,NA,NA,NA,NA,NA,NA,NA,NA,NA,NA
337.190,13.4669,40.9054,14.5346,64.3230,26289.0460,-53.6146,NA,NA,NA,NA,NA,NA,NA,NA,NA,NA
337.400,13.4499,40.7280,14.5330,64.3051,53174.6240,-6.1767,NA,NA,NA,NA,NA,NA,NA,NA,NA,NA
337.502,13.3752,39.9463,14.5163,64.1166,68234.3360,20.3952,NA,NA,NA,NA,NA,NA,NA,NA,NA,NA
337.582,13.3437,39.6166,14.4974,63.9024,68234.3360,20.3952,NA,NA,NA,NA,NA,NA,NA,NA,NA,NA
337.681,13.3304,39.4777,14.4898,63.8164,24029.7320,-57.6010,NA,NA,NA,NA,NA,NA,NA,NA,NA,NA
337.808,13.5982,42.2792,14.5871,64.9165,25126.0060,-55.6667,NA,NA,NA,NA,NA,NA,NA,NA,NA,NA
337.871,13.9508,45.9685,14.7325,66.5609,29138.1500,-48.5876,NA,NA,NA,NA,NA,NA,NA,NA,NA,NA
337.987,14.2588,49.1915,14.8745,68.1661,29138.1500,-48.5876,NA,NA,NA,NA,NA,NA,NA,NA,NA,NA
338.076,14.3425,50.0674,14.9312,68.8066,24300.5660,-57.1232,NA,NA,NA,NA,NA,NA,NA,NA,NA,NA
338.168,14.3425,50.0674,14.9593,69.1249,27153.6480,-52.0891,NA,NA,NA,NA,NA,NA,NA,NA,NA,NA
338.263,14.2901,49.5185,14.9593,69.1249,54799.2960,-3.3101,NA,NA,NA,NA,NA,NA,NA,NA,NA,NA
338.368,14.2282,48.8714,14.9424,68.9336,61991.6320,9.3803,NA,NA,NA,NA,NA,NA,NA,NA,NA,NA
338.484,14.1995,48.5711,14.9424,68.9336,66234.9280,16.8674,NA,NA,NA,NA,NA,NA,NA,NA,NA,NA
338.587,14.1511,48.0641,14.9284,68.7751,66234.9280,16.8674,NA,NA,NA,NA,NA,NA,NA,NA,NA,NA
338.653,14.1308,47.8525,14.9224,68.7071,24107.5760,-57.4637,NA,NA,NA,NA,NA,NA,NA,NA,NA,NA
338.790,14.0804,47.3247,14.9130,68.6011,26385.7840,-53.4439,NA,NA,NA,NA,NA,NA,NA,NA,NA,NA
338.872,14.0511,47.0180,14.9119,68.5892,26385.7840,-53.4439,NA,NA,NA,NA,NA,NA,NA,NA,NA,NA
338.961,14.0410,46.9123,14.8876,68.3137,22381.6200,-60.5090,NA,NA,NA,NA,NA,NA,NA,NA,NA,NA
339.082,14.0054,46.5399,14.8820,68.2508,24701.5840,-56.4156,NA,NA,NA,NA,NA,NA,NA,NA,NA,NA
339.152,13.9714,46.1838,14.8592,67.9929,27526.9980,-51.4303,NA,NA,NA,NA,NA,NA,NA,NA,NA,NA
339.250,13.9039,45.4783,14.8544,67.9390,55284.5920,-2.4538,NA,NA,NA,NA,NA,NA,NA,NA,NA,NA
339.348,13.8580,44.9978,14.8532,67.9250,55284.5920,-2.4538,NA,NA,NA,NA,NA,NA,NA,NA,NA,NA
339.449,13.8335,44.7408,14.8532,67.9250,32341.1420,-42.9361,179922.6080,0.0000,NA,NA,NA,NA,NA,NA,NA,NA
339.555,13.8042,44.4348,14.8517,67.9081,32341.1420,-42.9361,179922.6080,0.0000,NA,NA,NA,NA,NA,NA,NA,NA
339.644,13.7922,44.3094,14.8400,67.7762,56587.7000,-0.1546,NA,NA,NA,NA,NA,NA,NA,NA,NA,NA
339.741,13.7763,44.1425,14.8400,67.7762,65451.1200,15.4844,NA,NA,NA,NA,NA,NA,NA,NA,NA,NA
339.839,13.7393,43.7560,14.7936,67.2519,65451.1200,15.4844,NA,NA,NA,NA,NA,NA,NA,NA,NA,NA
339.949,13.7334,43.6941,14.7887,67.1957,27113.4120,-52.1601,NA,NA,NA,NA,NA,NA,NA,NA,NA,NA
340.050,13.7216,43.5709,14.7887,67.1957,25985.7240,-54.1498,NA,NA,NA,NA,NA,NA,NA,NA,NA,NA
340.147,13.7182,43.5345,14.7728,67.0164,27451.8980,-51.5629,NA,NA,NA,NA,NA,NA,NA,NA,NA,NA
340.238,13.7104,43.4536,14.7505,66.7639,27451.8980,-51.5629,NA,NA,NA,NA,NA,NA,NA,NA,NA,NA
340.410,13.7103,43.4527,14.7476,66.7319,55632.0080,-1.8408,NA,NA,NA,NA,NA,NA,NA,NA,NA,NA
340.439,13.6784,43.1187,14.7428,66.6772,55632.0080,-1.8408,NA,NA,NA,NA,NA,NA,NA,NA,NA,NA
340.537,13.6625,42.9521,14.7354,66.5933,53573.3000,-5.4733,NA,NA,NA,NA,NA,NA,NA,NA,NA,NA
340.634,13.6341,42.6552,14.7069,66.2716,25355.5020,-55.2618,176786.9760,0.0000,NA,NA,NA,NA,NA,NA,NA,NA
340.732,13.6214,42.5221,14.6951,66.1382,47364.4880,-16.4283,NA,NA,NA,NA,NA,NA,NA,NA,NA,NA
340.829,13.6132,42.4366,14.6872,66.0486,47364.4880,-16.4283,NA,NA,NA,NA,NA,NA,NA,NA,NA,NA
340.927,13.6032,42.3315,14.6766,65.9287,27490.1620,-51.4953,NA,NA,NA,NA,NA,NA,NA,NA,NA,NA
341.026,13.5965,42.2617,14.6787,65.9519,31938.0420,-43.6473,182614.5920,0.0000,NA,NA,NA,NA,NA,NA,NA,NA
341.134,13.5711,41.9955,14.6788,65.9532,68183.8160,20.3061,NA,NA,NA,NA,NA,NA,NA,NA,NA,NA
341.233,13.5605,41.8846,14.6788,65.9532,68183.8160,20.3061,NA,NA,NA,NA,NA,NA,NA,NA,NA,NA
341.334,13.5380,41.6499,14.6756,65.9176,31112.0280,-45.1048,NA,NA,NA,NA,NA,NA,NA,NA,NA,NA
341.427,13.5380,41.6499,14.6551,65.6856,26986.7880,-52.3835,NA,NA,NA,NA,NA,NA,NA,NA,NA,NA
341.527,13.5339,41.6067,14.6456,65.5782,53706.0000,-5.2391,NA,NA,NA,NA,NA,NA,NA,NA,NA,NA
341.622,13.5186,41.4464,14.6456,65.5782,60664.5760,7.0388,NA,NA,NA,NA,NA,NA,NA,NA,NA,NA
341.720,13.4978,41.2284,14.6281,65.3801,64255.8880,13.3755,NA,NA,NA,NA,NA,NA,NA,NA,NA,NA
341.819,13.4898,41.1452,14.6310,65.4133,64255.8880,13.3755,NA,NA,NA,NA,NA,NA,NA,NA,NA,NA
341.924,13.4616,40.8501,14.6366,65.4768,23329.4960,-58.8366,NA,NA,NA,NA,NA,NA,NA,NA,NA,NA
342.014,13.4586,40.8186,14.6366,65.4768,25772.8900,-54.5254,NA,NA,NA,NA,NA,NA,NA,NA,NA,NA
342.170,13.4555,40.7861,14.6355,65.4636,30208.4140,-46.6992,NA,NA,NA,NA,NA,NA,NA,NA,NA,NA
342.212,13.4555,40.7861,14.6261,65.3578,30208.4140,-46.6992,NA,NA,NA,NA,NA,NA,NA,NA,NA,NA
342.309,13.4309,40.5287,14.6079,65.1519,24598.6700,-56.5972,NA,NA,NA,NA,NA,NA,NA,NA,NA,NA
342.412,13.4293,40.5120,14.6001,65.0633,27523.8920,-51.4358,NA,NA,NA,NA,NA,NA,NA,NA,NA,NA
342.504,13.3935,40.1378,14.6031,65.0979,56160.6080,-0.9081,NA,NA,NA,NA,NA,NA,NA,NA,NA,NA
342.599,13.5020,41.2730,14.6171,65.2556,62417.0000,10.1309,NA,NA,NA,NA,NA,NA,NA,NA,NA,NA
342.708,13.6352,42.6661,14.6674,65.8251,64156.1680,13.1995,NA,NA,NA,NA,NA,NA,NA,NA,NA,NA
342.811,13.8543,44.9587,14.7361,66.6019,64156.1680,13.1995,NA,NA,NA,NA,NA,NA,NA,NA,NA,NA
342.894,13.9298,45.7486,14.7666,66.9460,23769.3720,-58.0604,NA,NA,NA,NA,NA,NA,NA,NA,NA,NA
342.992,13.9587,46.0514,14.7771,67.0651,26895.9200,-52.5438,NA,NA,NA,NA,NA,NA,NA,NA,NA,NA
343.091,13.9587,46.0514,14.7771,67.0651,26895.9200,-52.5438,NA,NA,NA,NA,NA,NA,NA,NA,NA,NA
343.190,13.9523,45.9841,14.7693,66.9762,22630.6100,-60.0697,NA,NA,NA,NA,NA,NA,NA,NA,NA,NA
343.345,13.9429,45.8862,14.7632,66.9081,25086.5520,-55.7364,NA,NA,NA,NA,NA,NA,NA,NA,NA,NA
343.388,13.8875,45.3062,14.7430,66.6798,28350.6080,-49.9771,NA,NA,NA,NA,NA,NA,NA,NA,NA,NA
343.485,13.8158,44.5563,14.7271,66.4998,57572.1440,1.5824,NA,NA,NA,NA,NA,NA,NA,NA,NA,NA
343.582,13.7651,44.0261,14.7271,66.4998,63142.9720,11.4118,NA,NA,NA,NA,NA,NA,NA,NA,NA,NA
343.679,13.7265,43.6219,14.7172,66.3880,63338.3400,11.7565,NA,NA,NA,NA,NA,NA,NA,NA,NA,NA
343.775,13.6956,43.2984,14.7008,66.2018,63338.3400,11.7565,NA,NA,NA,NA,NA,NA,NA,NA,NA,NA
343.929,13.6635,42.9622,14.6983,66.1741,24552.2460,-56.6791,NA,NA,NA,NA,NA,NA,NA,NA,NA,NA
343.981,13.6486,42.8063,14.6847,66.0199,28251.3080,-50.1523,193363.9040,0.0000,NA,NA,NA,NA,NA,NA,NA,NA
344.083,13.6368,42.6833,14.6825,65.9950,28251.3080,-50.1523,NA,NA,NA,NA,NA,NA,NA,NA,NA,NA
344.177,13.6243,42.5520,14.6799,65.9662,24511.9800,-56.7502,NA,NA,NA,NA,NA,NA,NA,NA,NA,NA
344.280,13.6064,42.3653,14.6749,65.9093,22576.3160,-60.1655,NA,NA,NA,NA,NA,NA,NA,NA,NA,NA
344.386,13.5844,42.1346,14.6719,65.8757,24799.1600,-56.2434,NA,NA,NA,NA,NA,NA,NA,NA,NA,NA
344.474,13.5543,41.8200,14.6706,65.8606,43789.7760,-22.7357,NA,NA,NA,NA,NA,NA,NA,NA,NA,NA
344.612,13.5427,41.6986,14.6706,65.8606,51359.0320,-9.3802,NA,NA,NA,NA,NA,NA,NA,NA,NA,NA
344.680,13.5164,41.4236,14.6578,65.7164,59655.4040,5.2582,NA,NA,NA,NA,NA,NA,NA,NA,NA,NA
344.772,13.5112,41.3692,14.6451,65.5724,59655.4040,5.2582,NA,NA,NA,NA,NA,NA,NA,NA,NA,NA
344.863,13.4837,41.0814,14.6451,65.5724,31638.5240,-44.1758,NA,NA,NA,NA,NA,NA,NA,NA,NA,NA
344.962,13.4722,40.9611,14.6242,65.3361,32920.4000,-41.9140,NA,NA,NA,NA,NA,NA,NA,NA,NA,NA
345.059,13.4732,40.9712,14.6174,65.2592,32920.4000,-41.9140,NA,NA,NA,NA,NA,NA,NA,NA,NA,NA
345.192,13.4732,40.9712,14.6127,65.2065,21493.4940,-62.0761,NA,NA,NA,NA,NA,NA,NA,NA,NA,NA
345.267,13.4723,40.9625,14.6127,65.2065,22904.1480,-59.5871,NA,NA,NA,NA,NA,NA,NA,NA,NA,NA
345.353,13.4685,40.9224,14.6043,65.1114,38869.7840,-31.4167,NA,NA,NA,NA,NA,NA,NA,NA,NA,NA
345.455,13.4422,40.6473,14.5994,65.0557,45985.2720,-18.8619,NA,NA,NA,NA,NA,NA,NA,NA,NA,NA
345.552,13.4317,40.5374,14.5994,65.0557,53415.5560,-5.7516,NA,NA,NA,NA,NA,NA,NA,NA,NA,NA
345.651,13.4262,40.4792,14.6103,65.1794,63247.7480,11.5967,NA,NA,NA,NA,NA,NA,NA,NA,NA,NA
345.802,13.4082,40.2918,14.6103,65.1794,63247.7480,11.5967,NA,NA,NA,NA,NA,NA,NA,NA,NA,NA
345.857,13.4082,40.2918,14.6087,65.1609,33321.8220,-41.2057,NA,NA,NA,NA,NA,NA,NA,NA,NA,NA
345.948,13.3784,39.9800,14.5906,64.9566,33352.6480,-41.1513,NA,NA,NA,NA,NA,NA,NA,NA,NA,NA
346.040,13.3711,39.9028,14.5806,64.8430,33352.6480,-41.1513,NA,NA,NA,NA,NA,NA,NA,NA,NA,NA
346.135,13.3711,39.9028,14.5699,64.7221,21425.5320,-62.1960,NA,NA,NA,NA,NA,NA,NA,NA,NA,NA
346.235,13.3628,39.8168,14.5601,64.6113,23366.0520,-58.7721,NA,NA,NA,NA,NA,NA,NA,NA,NA,NA
346.344,13.3540,39.7240,14.5552,64.5560,39935.4680,-29.5364,NA,NA,NA,NA,NA,NA,NA,NA,NA,NA
346.441,13.3148,39.3145,14.5482,64.4767,39935.4680,-29.5364,NA,NA,NA,NA,NA,NA,NA,NA,NA,NA
346.537,13.2983,39.1417,14.5417,64.4038,24920.5400,-56.0293,NA,NA,NA,NA,NA,NA,NA,NA,NA,NA
346.640,13.2878,39.0321,14.5386,64.3690,27814.3020,-50.9234,NA,NA,NA,NA,NA,NA,NA,NA,NA,NA
346.743,13.2878,39.0321,14.5348,64.3250,27814.3020,-50.9234,NA,NA,NA,NA,NA,NA,NA,NA,NA,NA
346.837,13.2737,38.8843,14.5348,64.3250,23921.8800,-57.7913,NA,NA,NA,NA,NA,NA,NA,NA,NA,NA
346.927,13.2737,38.8843,14.5354,64.3321,26503.2880,-53.2366,NA,NA,NA,NA,NA,NA,NA,NA,NA,NA
347.037,13.2536,38.6742,14.5354,64.3321,52997.5480,-6.4892,NA,NA,NA,NA,NA,NA,NA,NA,NA,NA
347.126,13.2283,38.4087,14.5278,64.2465,62087.7680,9.5500,NA,NA,NA,NA,NA,NA,NA,NA,NA,NA
347.229,13.2142,38.2618,14.5065,64.0059,70728.2560,24.7956,NA,NA,NA,NA,NA,NA,NA,NA,NA,NA
347.322,13.2025,38.1396,14.5040,63.9772,70728.2560,24.7956,NA,NA,NA,NA,NA,NA,NA,NA,NA,NA
347.428,13.1964,38.0756,14.5040,63.9772,25410.9360,-55.1640,NA,NA,NA,NA,NA,NA,NA,NA,NA,NA
347.585,13.1910,38.0186,14.5034,63.9706,25247.1980,-55.4529,NA,NA,NA,NA,NA,NA,NA,NA,NA,NA
347.615,13.1904,38.0129,14.5034,63.9706,25247.1980,-55.4529,NA,NA,NA,NA,NA,NA,NA,NA,NA,NA
347.716,13.1987,38.0996,14.4987,63.9179,21996.6200,-61.1883,NA,NA,NA,NA,NA,NA,NA,NA,NA,NA
347.811,13.1987,38.0996,14.4987,63.9179,24354.9220,-57.0273,NA,NA,NA,NA,NA,NA,NA,NA,NA,NA
347.911,13.1905,38.0133,14.4791,63.6962,27297.6320,-51.8350,NA,NA,NA,NA,NA,NA,NA,NA,NA,NA
348.013,13.1789,37.8925,14.4772,63.6745,55454.6800,-2.1537,NA,NA,NA,NA,NA,NA,NA,NA,NA,NA
348.106,13.1559,37.6511,14.4687,63.5783,64484.7360,13.7793,NA,NA,NA,NA,NA,NA,NA,NA,NA,NA
348.225,13.1183,37.2583,14.4519,63.3883,72424.6960,27.7888,NA,NA,NA,NA,NA,NA,NA,NA,NA,NA
348.315,13.1059,37.1285,14.4481,63.3450,72424.6960,27.7888,NA,NA,NA,NA,NA,NA,NA,NA,NA,NA
348.411,13.1002,37.0684,14.4531,63.4019,25229.1080,-55.4848,NA,NA,NA,NA,NA,NA,NA,NA,NA,NA
348.496,13.0997,37.0636,14.4531,63.4019,26143.1520,-53.8721,NA,NA,NA,NA,NA,NA,NA,NA,NA,NA
348.604,13.0945,37.0094,14.4511,63.3789,26143.1520,-53.8721,NA,NA,NA,NA,NA,NA,NA,NA,NA,NA
348.697,13.0945,37.0094,14.4393,63.2458,22674.4080,-59.9924,NA,NA,NA,NA,NA,NA,NA,NA,NA,NA
348.794,13.0868,36.9287,14.4256,63.0910,25045.1540,-55.8094,NA,NA,NA,NA,NA,NA,NA,NA,NA,NA
348.899,13.0868,36.9287,14.4174,62.9987,49190.9720,-13.2056,NA,NA,NA,NA,NA,NA,NA,NA,NA,NA
348.996,13.0781,36.8374,14.4177,63.0017,57797.7120,1.9804,NA,NA,NA,NA,NA,NA,NA,NA,NA,NA
349.092,13.0536,36.5808,14.4177,63.0017,57797.7120,1.9804,NA,NA,NA,NA,NA,NA,NA,NA,NA,NA
349.189,13.0466,36.5082,14.4154,62.9755,32954.7800,-41.8534,182380.8480,0.0000,NA,NA,NA,NA,NA,NA,NA,NA
349.293,13.0444,36.4844,14.3993,62.7936,32954.7800,-41.8534,182380.8480,0.0000,NA,NA,NA,NA,NA,NA,NA,NA
349.393,13.0314,36.3484,14.3861,62.6442,56997.8920,0.5692,NA,NA,NA,NA,NA,NA,NA,NA,NA,NA
349.489,13.0106,36.1313,14.3805,62.5816,67055.9000,18.3159,NA,NA,NA,NA,NA,NA,NA,NA,NA,NA
349.585,13.0038,36.0597,14.3542,62.2842,67055.9000,18.3159,NA,NA,NA,NA,NA,NA,NA,NA,NA,NA
349.683,13.0036,36.0582,14.3423,62.1497,29285.5760,-48.3274,NA,NA,NA,NA,NA,NA,NA,NA,NA,NA
349.782,13.0036,36.0582,14.3442,62.1701,27869.8880,-50.8253,NA,NA,NA,NA,NA,NA,NA,NA,NA,NA
349.879,12.9957,35.9750,14.3442,62.1701,27041.7300,-52.2866,NA,NA,NA,NA,NA,NA,NA,NA,NA,NA
349.994,12.9957,35.9750,14.3406,62.1300,21238.7860,-62.5255,NA,NA,NA,NA,NA,NA,NA,NA,NA,NA
350.088,12.9851,35.8642,14.3407,62.1307,61286.5360,8.1362,NA,NA,NA,NA,NA,NA,NA,NA,NA,NA
350.185,12.9724,35.7315,14.3410,62.1340,61286.5360,8.1362,NA,NA,NA,NA,NA,NA,NA,NA,NA,NA
350.283,12.9763,35.7721,14.3414,62.1393,57402.0120,1.2822,NA,NA,NA,NA,NA,NA,NA,NA,NA,NA
350.385,12.9763,35.7721,14.3414,62.1393,25338.1540,-55.2924,183417.1840,0.0000,NA,NA,NA,NA,NA,NA,NA,NA
350.478,12.9650,35.6540,14.3448,62.1775,46042.4480,-18.7610,NA,NA,NA,NA,NA,NA,NA,NA,NA,NA
350.602,12.9396,35.3881,14.3448,62.1775,46042.4480,-18.7610,NA,NA,NA,NA,NA,NA,NA,NA,NA,NA
350.675,12.9382,35.3733,14.3353,62.0700,27966.3120,-50.6552,164123.1520,0.0000,NA,NA,NA,NA,NA,NA,NA,NA
350.776,12.9317,35.3057,14.3269,61.9756,58322.4960,2.9064,NA,NA,NA,NA,NA,NA,NA,NA,NA,NA
350.880,12.9157,35.1382,14.3170,61.8630,58322.4960,2.9064,NA,NA,NA,NA,NA,NA,NA,NA,NA,NA
350.975,12.9157,35.1382,14.3104,61.7883,30359.1600,-46.4332,NA,NA,NA,NA,NA,NA,NA,NA,NA,NA
351.077,12.8704,34.6647,14.3079,61.7605,30359.1600,-46.4332,NA,NA,NA,NA,NA,NA,NA,NA,NA,NA
351.212,12.8704,34.6647,14.3007,61.6792,27288.1740,-51.8517,NA,NA,NA,NA,NA,NA,NA,NA,NA,NA
351.279,12.8491,34.4419,14.2971,61.6387,54954.9760,-3.0354,NA,NA,NA,NA,NA,NA,NA,NA,NA,NA
351.372,12.8428,34.3757,14.2934,61.5966,63640.1560,12.2891,NA,NA,NA,NA,NA,NA,NA,NA,NA,NA
351.469,12.8348,34.2918,14.2934,61.5966,70078.0480,23.6483,NA,NA,NA,NA,NA,NA,NA,NA,NA,NA
351.568,12.8221,34.1584,14.2816,61.4630,70078.0480,23.6483,NA,NA,NA,NA,NA,NA,NA,NA,NA,NA
351.661,12.8141,34.0752,14.2640,61.2645,24114.8280,-57.4509,NA,NA,NA,NA,NA,NA,NA,NA,NA,NA
351.771,12.8190,34.1264,14.2616,61.2363,25757.4980,-54.5525,NA,NA,NA,NA,NA,NA,NA,NA,NA,NA
351.862,12.8321,34.2633,14.2606,61.2256,25757.4980,-54.5525,NA,NA,NA,NA,NA,NA,NA,NA,NA,NA
351.955,12.8383,34.3288,14.2577,61.1929,22396.7180,-60.4824,NA,NA,NA,NA,NA,NA,NA,NA,NA,NA
352.058,12.8383,34.3288,14.2306,60.8865,24709.7500,-56.4012,NA,NA,NA,NA,NA,NA,NA,NA,NA,NA
352.151,12.8297,34.2386,14.2286,60.8642,27957.6260,-50.6705,NA,NA,NA,NA,NA,NA,NA,NA,NA,NA
352.250,12.7910,33.8337,14.2264,60.8386,57454.3120,1.3745,NA,NA,NA,NA,NA,NA,NA,NA,NA,NA
352.379,12.7843,33.7631,14.2252,60.8256,65509.8120,15.5879,NA,NA,NA,NA,NA,NA,NA,NA,NA,NA
352.442,12.7746,33.6623,14.2177,60.7400,69261.6320,22.2078,NA,NA,NA,NA,NA,NA,NA,NA,NA,NA
352.553,12.7746,33.6623,14.2111,60.6659,69261.6320,22.2078,NA,NA,NA,NA,NA,NA,NA,NA,NA,NA
352.641,12.7653,33.5648,14.2116,60.6718,24095.6080,-57.4848,NA,NA,NA,NA,NA,NA,NA,NA,NA,NA
352.739,12.7464,33.3669,14.2271,60.8469,26824.7100,-52.6695,NA,NA,NA,NA,NA,NA,NA,NA,NA,NA
352.844,12.7538,33.4443,14.2271,60.8469,26824.7100,-52.6695,NA,NA,NA,NA,NA,NA,NA,NA,NA,NA
352.947,12.7583,33.4913,14.2165,60.7273,23009.3540,-59.4014,NA,NA,NA,NA,NA,NA,NA,NA,NA,NA
353.033,12.7583,33.4913,14.2144,60.7037,25488.6540,-55.0269,NA,NA,NA,NA,NA,NA,NA,NA,NA,NA
353.133,12.7478,33.3812,14.1989,60.5282,50857.1440,-10.2658,NA,NA,NA,NA,NA,NA,NA,NA,NA,NA
353.236,12.7302,33.1971,14.1989,60.5282,59623.7760,5.2024,NA,NA,NA,NA,NA,NA,NA,NA,NA,NA
353.336,12.7191,33.0817,14.1644,60.1376,67620.3600,19.3119,NA,NA,NA,NA,NA,NA,NA,NA,NA,NA
353.426,12.7233,33.1254,14.1682,60.1805,68592.6480,21.0274,NA,NA,NA,NA,NA,NA,NA,NA,NA,NA
353.569,12.7233,33.1254,14.1682,60.1805,68592.6480,21.0274,NA,NA,NA,NA,NA,NA,NA,NA,NA,NA
353.620,12.7112,32.9986,14.1667,60.1635,24302.7280,-57.1194,NA,NA,NA,NA,NA,NA,NA,NA,NA,NA
353.717,12.6901,32.7775,14.1635,60.1276,27964.0720,-50.6592,NA,NA,NA,NA,NA,NA,NA,NA,NA,NA
353.822,12.6917,32.7942,14.1671,60.1679,27964.0720,-50.6592,NA,NA,NA,NA,NA,NA,NA,NA,NA,NA
353.918,12.6917,32.7942,14.1671,60.1679,23575.8860,-58.4018,NA,NA,NA,NA,NA,NA,NA,NA,NA,NA
354.017,12.6879,32.7543,14.1619,60.1096,26356.4640,-53.4957,NA,NA,NA,NA,NA,NA,NA,NA,NA,NA
354.109,12.6705,32.5730,14.1619,60.1096,53678.4080,-5.2878,NA,NA,NA,NA,NA,NA,NA,NA,NA,NA
354.271,12.6581,32.4430,14.1523,60.0013,62044.6280,9.4738,NA,NA,NA,NA,NA,NA,NA,NA,NA,NA
354.324,12.6478,32.3351,14.1476,59.9479,62044.6280,9.4738,NA,NA,NA,NA,NA,NA,NA,NA,NA,NA
354.412,12.6407,32.2613,14.1488,59.9618,35369.5280,-37.5927,181601.9840,0.0000,NA,NA,NA,NA,NA,NA,NA,NA
354.515,12.6407,32.2613,14.1488,59.9618,35369.5280,-37.5927,181601.9840,0.0000,NA,NA,NA,NA,NA,NA,NA,NA
354.608,12.7054,32.9383,14.1679,60.1773,63250.3680,11.6013,NA,NA,NA,NA,NA,NA,NA,NA,NA,NA
354.713,12.9702,35.7083,14.3321,62.0335,73735.3360,30.1014,NA,NA,NA,NA,NA,NA,NA,NA,NA,NA
354.850,13.2053,38.1681,14.4928,63.8506,73735.3360,30.1014,NA,NA,NA,NA,NA,NA,NA,NA,NA,NA
354.911,13.4811,41.0546,14.6921,66.1043,27890.8560,-50.7883,NA,NA,NA,NA,NA,NA,NA,NA,NA,NA
355.002,13.7859,44.2429,14.8823,68.2541,25880.9840,-54.3346,NA,NA,NA,NA,NA,NA,NA,NA,NA,NA
355.100,14.1205,47.7443,15.0234,69.8495,25843.0800,-54.4015,NA,NA,NA,NA,NA,NA,NA,NA,NA,NA
355.212,14.3623,50.2737,15.2447,72.3509,21904.5340,-61.3508,NA,NA,NA,NA,NA,NA,NA,NA,NA,NA
355.305,14.5426,52.1605,15.4673,74.8681,54169.7040,-4.4210,NA,NA,NA,NA,NA,NA,NA,NA,NA,NA
355.455,14.6749,53.5449,15.6240,76.6398,54169.7040,-4.4210,NA,NA,NA,NA,NA,NA,NA,NA,NA,NA
355.502,14.8267,55.1338,15.6903,77.3898,51232.9400,-9.6027,NA,NA,NA,NA,NA,NA,NA,NA,NA,NA
355.601,14.8783,55.6727,15.7060,77.5667,27244.5040,-51.9288,175278.5120,0.0000,NA,NA,NA,NA,NA,NA,NA,NA
355.697,14.8783,55.6727,15.7318,77.8582,50354.8720,-11.1520,NA,NA,NA,NA,NA,NA,NA,NA,NA,NA
355.807,14.8629,55.5121,15.7369,77.9158,50354.8720,-11.1520,NA,NA,NA,NA,NA,NA,NA,NA,NA,NA
355.903,14.8478,55.3536,15.7447,78.0037,30229.9240,-46.6612,172852.3680,0.0000,NA,NA,NA,NA,NA,NA,NA,NA
355.995,14.7978,54.8313,15.7447,78.0037,63906.4800,12.7590,NA,NA,NA,NA,NA,NA,NA,NA,NA,NA
356.104,14.7638,54.4754,15.7267,77.8007,63906.4800,12.7590,NA,NA,NA,NA,NA,NA,NA,NA,NA,NA
356.198,14.7091,53.9029,15.7051,77.5570,30416.5660,-46.3319,NA,NA,NA,NA,NA,NA,NA,NA,NA,NA
356.307,14.6386,53.1651,15.6790,77.2617,29932.3380,-47.1863,NA,NA,NA,NA,NA,NA,NA,NA,NA,NA
356.396,14.6235,53.0070,15.6422,76.8451,28840.2080,-49.1133,NA,NA,NA,NA,NA,NA,NA,NA,NA,NA
356.491,14.5532,52.2712,15.6183,76.5757,59168.6720,4.3994,NA,NA,NA,NA,NA,NA,NA,NA,NA,NA
356.649,14.5026,51.7418,15.5660,75.9840,65632.3320,15.8041,NA,NA,NA,NA,NA,NA,NA,NA,NA,NA
356.685,14.4698,51.3991,15.5601,75.9171,65819.9360,16.1351,NA,NA,NA,NA,NA,NA,NA,NA,NA,NA
356.787,14.4214,50.8930,15.5601,75.9171,65819.9360,16.1351,NA,NA,NA,NA,NA,NA,NA,NA,NA,NA
356.887,14.3989,50.6567,15.5449,75.7449,24053.6740,-57.5588,NA,NA,NA,NA,NA,NA,NA,NA,NA,NA
356.984,14.3528,50.1751,15.5449,75.7449,27853.1520,-50.8549,NA,NA,NA,NA,NA,NA,NA,NA,NA,NA
357.084,14.3465,50.1090,15.5405,75.6961,27853.1520,-50.8549,NA,NA,NA,NA,NA,NA,NA,NA,NA,NA
357.176,14.3465,50.1090,15.5356,75.6408,23308.6200,-58.8734,NA,NA,NA,NA,NA,NA,NA,NA,NA,NA
357.274,14.3359,49.9978,15.5356,75.6408,26056.9300,-54.0242,NA,NA,NA,NA,NA,NA,NA,NA,NA,NA
357.370,14.3359,49.9978,15.5204,75.4687,52726.9760,-6.9666,NA,NA,NA,NA,NA,NA,NA,NA,NA,NA
357.474,14.3205,49.8368,15.5109,75.3615,60574.0160,6.8790,NA,NA,NA,NA,NA,NA,NA,NA,NA,NA
357.571,14.3065,49.6900,15.5028,75.2695,65596.2160,15.7404,NA,NA,NA,NA,NA,NA,NA,NA,NA,NA
357.672,14.2908,49.5256,15.5076,75.3233,65596.2160,15.7404,NA,NA,NA,NA,NA,NA,NA,NA,NA,NA
357.767,14.2594,49.1979,15.5291,75.5663,64243.4960,13.3536,NA,NA,NA,NA,NA,NA,NA,NA,NA,NA
357.866,14.2489,49.0875,15.5291,75.5663,25017.4720,-55.8582,NA,NA,NA,NA,NA,NA,NA,NA,NA,NA
357.961,14.2622,49.2270,15.5096,75.3461,29296.6960,-48.3078,NA,NA,NA,NA,NA,NA,NA,NA,NA,NA
358.061,14.2622,49.2270,15.5126,75.3804,29296.6960,-48.3078,NA,NA,NA,NA,NA,NA,NA,NA,NA,NA
358.155,14.2618,49.2227,15.5126,75.3804,24017.9920,-57.6218,NA,NA,NA,NA,NA,NA,NA,NA,NA,NA
358.260,14.2637,49.2427,15.4958,75.1903,26934.0120,-52.4766,NA,NA,NA,NA,NA,NA,NA,NA,NA,NA
358.351,14.2637,49.2427,15.4910,75.1356,55011.9640,-2.9348,NA,NA,NA,NA,NA,NA,NA,NA,NA,NA
358.452,14.2081,48.6610,15.4896,75.1204,62626.9120,10.5013,NA,NA,NA,NA,NA,NA,NA,NA,NA,NA
358.552,14.1995,48.5712,15.4887,75.1095,64706.7320,14.1710,NA,NA,NA,NA,NA,NA,NA,NA,NA,NA
358.648,14.1934,48.5066,15.5038,75.2805,64706.7320,14.1710,NA,NA,NA,NA,NA,NA,NA,NA,NA,NA
358.748,14.1884,48.4541,15.5038,75.2805,22709.5800,-59.9304,NA,NA,NA,NA,NA,NA,NA,NA,NA,NA
358.841,14.1832,48.4000,15.4904,75.1289,25739.0540,-54.5851,NA,NA,NA,NA,NA,NA,NA,NA,NA,NA
358.942,14.1998,48.5744,15.4996,75.2335,30653.1680,-45.9144,191151.6960,0.0000,NA,NA,NA,NA,NA,NA,NA,NA
359.058,14.2048,48.6261,15.5093,75.3425,30653.1680,-45.9144,191151.6960,0.0000,NA,NA,NA,NA,NA,NA,NA,NA
359.146,14.2048,48.6261,15.5093,75.3425,26422.1120,-53.3798,NA,NA,NA,NA,NA,NA,NA,NA,NA,NA
359.256,14.1952,48.5261,15.5020,75.2599,25895.4680,-54.3091,NA,NA,NA,NA,NA,NA,NA,NA,NA,NA
359.342,14.1912,48.4841,15.4984,75.2191,25895.4680,-54.3091,NA,NA,NA,NA,NA,NA,NA,NA,NA,NA
359.439,14.1912,48.4841,15.4743,74.9475,22400.1480,-60.4763,NA,NA,NA,NA,NA,NA,NA,NA,NA,NA
359.592,14.1908,48.4796,15.4662,74.8561,24831.0120,-56.1872,NA,NA,NA,NA,NA,NA,NA,NA,NA,NA
359.646,14.1880,48.4506,15.4568,74.7496,47994.3320,-15.3170,NA,NA,NA,NA,NA,NA,NA,NA,NA,NA
359.743,14.1773,48.3388,15.4462,74.6294,56366.4480,-0.5449,NA,NA,NA,NA,NA,NA,NA,NA,NA,NA
359.838,14.1611,48.1688,15.4462,74.6294,65689.5360,15.9051,NA,NA,NA,NA,NA,NA,NA,NA,NA,NA
359.935,14.1485,48.0367,15.4530,74.7067,73424.5840,29.5531,NA,NA,NA,NA,NA,NA,NA,NA,NA,NA
360.039,14.1400,47.9484,15.4675,74.8704,73424.5840,29.5531,NA,NA,NA,NA,NA,NA,NA,NA,NA,NA
360.150,14.1349,47.8950,15.4675,74.8704,26060.0600,-54.0187,NA,NA,NA,NA,NA,NA,NA,NA,NA,NA
360.238,14.1352,47.8985,15.4624,74.8124,27439.9720,-51.5839,NA,NA,NA,NA,NA,NA,NA,NA,NA,NA
360.330,14.1352,47.8985,15.4748,74.9526,54161.1160,-4.4361,NA,NA,NA,NA,NA,NA,NA,NA,NA,NA
360.431,14.1161,47.6980,15.4803,75.0152,54161.1160,-4.4361,NA,NA,NA,NA,NA,NA,NA,NA,NA,NA
360.530,14.1187,47.7249,15.4804,75.0158,52670.4880,-7.0662,NA,NA,NA,NA,NA,NA,NA,NA,NA,NA
360.626,14.1187,47.7249,15.4865,75.0856,49787.5520,-12.1530,NA,NA,NA,NA,NA,NA,NA,NA,NA,NA
360.721,14.1151,47.6878,15.4898,75.1221,25231.0340,-55.4814,NA,NA,NA,NA,NA,NA,NA,NA,NA,NA
360.818,14.0853,47.3755,15.4898,75.1221,28874.8560,-49.0521,166762.7360,0.0000,NA,NA,NA,NA,NA,NA,NA,NA
360.936,14.0850,47.3727,15.4879,75.1009,57452.8080,1.3719,NA,NA,NA,NA,NA,NA,NA,NA,NA,NA
361.017,14.0850,47.3727,15.4949,75.1797,57452.8080,1.3719,NA,NA,NA,NA,NA,NA,NA,NA,NA,NA
361.120,14.0838,47.3606,15.5148,75.4052,32424.7040,-42.7886,186186.9920,0.0000,NA,NA,NA,NA,NA,NA,NA,NA
361.215,14.0813,47.3339,15.5382,75.6700,69209.8240,22.1164,NA,NA,NA,NA,NA,NA,NA,NA,NA,NA
361.321,14.0559,47.0679,15.5449,75.7458,69209.8240,22.1164,NA,NA,NA,NA,NA,NA,NA,NA,NA,NA
361.443,14.0503,47.0094,15.5449,75.7458,29865.2200,-47.3047,NA,NA,NA,NA,NA,NA,NA,NA,NA,NA
361.515,14.0503,47.0094,15.5417,75.7094,26987.3800,-52.3825,NA,NA,NA,NA,NA,NA,NA,NA,NA,NA
361.619,14.0403,46.9050,15.5225,75.4921,54643.8880,-3.5843,NA,NA,NA,NA,NA,NA,NA,NA,NA,NA
361.713,14.0241,46.7361,15.5202,75.4658,61328.2800,8.2099,NA,NA,NA,NA,NA,NA,NA,NA,NA,NA
361.815,13.9604,46.0693,15.5102,75.3535,62017.2920,9.4256,NA,NA,NA,NA,NA,NA,NA,NA,NA,NA
361.910,13.9571,46.0344,15.5065,75.3117,62017.2920,9.4256,NA,NA,NA,NA,NA,NA,NA,NA,NA,NA
362.019,13.9508,45.9684,15.5055,75.3004,58302.7760,2.8716,NA,NA,NA,NA,NA,NA,NA,NA,NA,NA
362.109,13.9508,45.9684,15.5033,75.2746,25910.0880,-54.2833,188289.4400,0.0000,NA,NA,NA,NA,NA,NA,NA,NA
362.203,13.9321,45.7726,15.4964,75.1974,46818.4080,-17.3919,NA,NA,NA,NA,NA,NA,NA,NA,NA,NA
362.305,13.9321,45.7726,15.5046,75.2903,46818.4080,-17.3919,NA,NA,NA,NA,NA,NA,NA,NA,NA,NA
362.400,13.9145,45.5888,15.5046,75.2903,28960.9840,-48.9002,169889.5040,0.0000,NA,NA,NA,NA,NA,NA,NA,NA
362.499,13.8845,45.2748,15.4876,75.0976,59781.9040,5.4814,NA,NA,NA,NA,NA,NA,NA,NA,NA,NA
362.615,13.9009,45.4462,15.4881,75.1032,59781.9040,5.4814,NA,NA,NA,NA,NA,NA,NA,NA,NA,NA
362.702,13.9422,45.8791,15.4881,75.1032,29786.5380,-47.4435,NA,NA,NA,NA,NA,NA,NA,NA,NA,NA
362.800,13.9422,45.8791,15.4879,75.1014,24781.0540,-56.2754,NA,NA,NA,NA,NA,NA,NA,NA,NA,NA
362.899,13.9353,45.8068,15.4725,74.9272,27794.4700,-50.9584,NA,NA,NA,NA,NA,NA,NA,NA,NA,NA
363.007,13.8856,45.2864,15.4595,74.7798,57071.1240,0.6984,NA,NA,NA,NA,NA,NA,NA,NA,NA,NA
363.108,13.8580,44.9974,15.4520,74.6946,66073.3280,16.5822,NA,NA,NA,NA,NA,NA,NA,NA,NA,NA
363.242,13.8265,44.6685,15.4454,74.6204,73035.1200,28.8659,NA,NA,NA,NA,NA,NA,NA,NA,NA,NA
363.287,13.8215,44.6161,15.4402,74.5613,73035.1200,28.8659,NA,NA,NA,NA,NA,NA,NA,NA,NA,NA
363.385,13.8112,44.5083,15.4386,74.5441,24783.7760,-56.2706,NA,NA,NA,NA,NA,NA,NA,NA,NA,NA
363.489,13.7870,44.2553,15.4368,74.5231,25924.1940,-54.2584,NA,NA,NA,NA,NA,NA,NA,NA,NA,NA
363.584,13.9168,45.6132,15.4368,74.5231,25924.1940,-54.2584,NA,NA,NA,NA,NA,NA,NA,NA,NA,NA
363.685,14.0933,47.4591,15.4463,74.6305,22718.3020,-59.9150,NA,NA,NA,NA,NA,NA,NA,NA,NA,NA
363.780,14.3340,49.9780,15.5166,75.4254,25299.1700,-55.3612,NA,NA,NA,NA,NA,NA,NA,NA,NA,NA
363.881,14.4112,50.7855,15.5464,75.7619,50376.3400,-11.1141,NA,NA,NA,NA,NA,NA,NA,NA,NA,NA
363.987,14.4337,51.0214,15.5464,75.7619,59356.5120,4.7308,NA,NA,NA,NA,NA,NA,NA,NA,NA,NA
364.082,14.4570,51.2650,15.5435,75.7292,67979.3600,19.9453,NA,NA,NA,NA,NA,NA,NA,NA,NA,NA
364.179,14.4647,51.3459,15.5431,75.7249,71309.5120,25.8212,NA,NA,NA,NA,NA,NA,NA,NA,NA,NA
364.274,14.4656,51.3549,15.5456,75.7528,71309.5120,25.8212,NA,NA,NA,NA,NA,NA,NA,NA,NA,NA
364.409,14.4656,51.3549,15.5456,75.7528,24888.9720,-56.0850,NA,NA,NA,NA,NA,NA,NA,NA,NA,NA
364.496,14.4579,51.2747,15.5392,75.6806,27394.9680,-51.6633,NA,NA,NA,NA,NA,NA,NA,NA,NA,NA
364.572,14.4428,51.1161,15.5139,75.3950,27394.9680,-51.6633,NA,NA,NA,NA,NA,NA,NA,NA,NA,NA
364.666,14.4056,50.7273,15.4985,75.2210,23479.4080,-58.5721,NA,NA,NA,NA,NA,NA,NA,NA,NA,NA
364.763,14.3876,50.5388,15.4905,75.1305,26094.0320,-53.9587,NA,NA,NA,NA,NA,NA,NA,NA,NA,NA
364.862,14.3381,50.0209,15.4905,75.1305,52584.7440,-7.2175,NA,NA,NA,NA,NA,NA,NA,NA,NA,NA
364.990,14.2881,49.4976,15.4814,75.0280,61342.8800,8.2357,NA,NA,NA,NA,NA,NA,NA,NA,NA,NA
365.066,14.2299,48.8892,15.4675,74.8705,61342.8800,8.2357,NA,NA,NA,NA,NA,NA,NA,NA,NA,NA
365.163,14.1979,48.5542,15.4675,74.8705,34823.5600,-38.5560,182570.6400,0.0000,NA,NA,NA,NA,NA,NA,NA,NA
365.260,14.1843,48.4112,15.4651,74.8435,34823.5600,-38.5560,182570.6400,0.0000,NA,NA,NA,NA,NA,NA,NA,NA
365.368,14.1380,47.9272,15.4646,74.8374,61256.0240,8.0824,NA,NA,NA,NA,NA,NA,NA,NA,NA,NA
365.456,14.1255,47.7964,15.4646,74.8374,71017.7440,25.3063,NA,NA,NA,NA,NA,NA,NA,NA,NA,NA
365.608,14.0686,47.2011,15.4636,74.8257,71017.7440,25.3063,NA,NA,NA,NA,NA,NA,NA,NA,NA,NA
365.654,14.0686,47.2011,15.4620,74.8084,28585.5040,-49.5627,NA,NA,NA,NA,NA,NA,NA,NA,NA,NA
365.750,14.0322,46.8200,15.4648,74.8403,26854.9680,-52.6161,NA,NA,NA,NA,NA,NA,NA,NA,NA,NA
365.859,13.9895,46.3740,15.4648,74.8403,26555.4400,-53.1446,NA,NA,NA,NA,NA,NA,NA,NA,NA,NA
365.964,14.0061,46.5475,15.4504,74.6767,21876.7260,-61.3999,NA,NA,NA,NA,NA,NA,NA,NA,NA,NA
366.055,14.0061,46.5475,15.4438,74.6019,56912.9040,0.4192,NA,NA,NA,NA,NA,NA,NA,NA,NA,NA
366.152,13.9955,46.4367,15.4235,74.3724,56912.9040,0.4192,NA,NA,NA,NA,NA,NA,NA,NA,NA,NA
366.264,13.9955,46.4367,15.4208,74.3419,53779.1000,-5.1102,NA,NA,NA,NA,NA,NA,NA,NA,NA,NA
366.343,13.9858,46.3343,15.4033,74.1450,26831.2680,-52.6579,179564.4000,0.0000,NA,NA,NA,NA,NA,NA,NA,NA
366.448,13.9809,46.2838,15.4089,74.2081,49236.7440,-13.1249,NA,NA,NA,NA,NA,NA,NA,NA,NA,NA
366.554,13.9253,45.7018,15.4089,74.2081,49236.7440,-13.1249,NA,NA,NA,NA,NA,NA,NA,NA,NA,NA
366.647,13.8994,45.4305,15.3978,74.0821,29586.6400,-47.7962,172584.8160,0.0000,NA,NA,NA,NA,NA,NA,NA,NA
366.766,13.8994,45.4305,15.3832,73.9174,62212.5480,9.7701,NA,NA,NA,NA,NA,NA,NA,NA,NA,NA
366.840,13.9032,45.4701,15.3806,73.8874,62212.5480,9.7701,NA,NA,NA,NA,NA,NA,NA,NA,NA,NA
366.955,13.9032,45.4701,15.3793,73.8736,30392.0760,-46.3751,NA,NA,NA,NA,NA,NA,NA,NA,NA,NA
367.059,13.8770,45.1969,15.3675,73.7402,30392.0760,-46.3751,NA,NA,NA,NA,NA,NA,NA,NA,NA,NA
367.148,13.8635,45.0551,15.3651,73.7131,28620.1960,-49.5015,NA,NA,NA,NA,NA,NA,NA,NA,NA,NA
367.237,13.8619,45.0387,15.3640,73.7006,59111.0280,4.2977,NA,NA,NA,NA,NA,NA,NA,NA,NA,NA
367.339,13.8517,44.9318,15.3639,73.6992,67193.9280,18.5595,NA,NA,NA,NA,NA,NA,NA,NA,NA,NA
367.448,13.8533,44.9480,15.3477,73.5156,69405.4720,22.4616,NA,NA,NA,NA,NA,NA,NA,NA,NA,NA
367.532,13.8621,45.0402,15.3400,73.4285,69405.4720,22.4616,NA,NA,NA,NA,NA,NA,NA,NA,NA,NA
367.634,13.9979,46.4610,15.3897,73.9906,24051.1720,-57.5632,NA,NA,NA,NA,NA,NA,NA,NA,NA,NA
367.737,14.2701,49.3095,15.4791,75.0010,26893.9320,-52.5473,NA,NA,NA,NA,NA,NA,NA,NA,NA,NA
367.828,14.5918,52.6757,15.6340,76.7526,26893.9320,-52.5473,NA,NA,NA,NA,NA,NA,NA,NA,NA,NA
367.926,14.6901,53.7039,15.6954,77.4463,23086.6800,-59.2650,NA,NA,NA,NA,NA,NA,NA,NA,NA,NA
368.036,14.7428,54.2558,15.7100,77.6123,25801.0700,-54.4756,NA,NA,NA,NA,NA,NA,NA,NA,NA,NA
368.128,14.7464,54.2935,15.7156,77.6749,52197.5840,-7.9006,NA,NA,NA,NA,NA,NA,NA,NA,NA,NA
368.222,14.7464,54.2935,15.7374,77.9218,60847.3760,7.3614,NA,NA,NA,NA,NA,NA,NA,NA,NA,NA
368.339,14.7405,54.2317,15.7374,77.9218,67908.1760,19.8197,NA,NA,NA,NA,NA,NA,NA,NA,NA,NA
368.419,14.6932,53.7366,15.7173,77.6941,67908.1760,19.8197,NA,NA,NA,NA,NA,NA,NA,NA,NA,NA
368.518,14.6746,53.5420,15.7126,77.6416,67893.3760,19.7936,NA,NA,NA,NA,NA,NA,NA,NA,NA,NA
368.650,14.6443,53.2251,15.7267,77.8007,24607.3020,-56.5820,NA,NA,NA,NA,NA,NA,NA,NA,NA,NA
368.711,14.6333,53.1097,15.7267,77.8007,28345.4320,-49.9863,NA,NA,NA,NA,NA,NA,NA,NA,NA,NA
368.809,14.6210,52.9811,15.7004,77.5030,28345.4320,-49.9863,NA,NA,NA,NA,NA,NA,NA,NA,NA,NA
368.908,14.6029,52.7912,15.6826,77.3027,23781.2800,-58.0394,NA,NA,NA,NA,NA,NA,NA,NA,NA,NA
369.001,14.5932,52.6897,15.6716,77.1782,26614.1380,-53.0410,NA,NA,NA,NA,NA,NA,NA,NA,NA,NA
369.100,14.5735,52.4836,15.6558,76.9994,54322.0800,-4.1521,NA,NA,NA,NA,NA,NA,NA,NA,NA,NA
369.239,14.4908,51.6185,15.6233,76.6321,62375.8600,10.0583,NA,NA,NA,NA,NA,NA,NA,NA,NA,NA
369.307,14.4535,51.2288,15.6120,76.5038,67864.9600,19.7435,NA,NA,NA,NA,NA,NA,NA,NA,NA,NA
369.399,14.4000,50.6690,15.5985,76.3513,67864.9600,19.7435,NA,NA,NA,NA,NA,NA,NA,NA,NA,NA
369.504,14.3843,50.5041,15.6001,76.3693,23225.2640,-59.0205,NA,NA,NA,NA,NA,NA,NA,NA,NA,NA
369.620,14.3468,50.1117,15.6001,76.3693,25083.0840,-55.7425,NA,NA,NA,NA,NA,NA,NA,NA,NA,NA
369.699,14.3444,50.0864,15.5877,76.2295,29653.1580,-47.6789,NA,NA,NA,NA,NA,NA,NA,NA,NA,NA
369.796,14.3455,50.0984,15.5809,76.1521,29653.1580,-47.6789,NA,NA,NA,NA,NA,NA,NA,NA,NA,NA
369.895,14.3455,50.0984,15.5842,76.1900,43485.9720,-23.2717,NA,NA,NA,NA,NA,NA,NA,NA,NA,NA
369.991,14.3263,49.8974,15.5842,76.1900,44734.3080,-21.0691,NA,NA,NA,NA,NA,NA,NA,NA,NA,NA
370.092,14.3060,49.6852,15.5601,75.9174,44734.3080,-21.0691,NA,NA,NA,NA,NA,NA,NA,NA,NA,NA
370.189,14.2822,49.4366,15.5601,75.9174,27146.3520,-52.1020,161842.4640,0.0000,NA,NA,NA,NA,NA,NA,NA,NA
370.289,14.2613,49.2169,15.5587,75.9013,54446.7680,-3.9321,NA,NA,NA,NA,NA,NA,NA,NA,NA,NA
370.415,14.2532,49.1327,15.5468,75.7664,54446.7680,-3.9321,NA,NA,NA,NA,NA,NA,NA,NA,NA,NA
370.481,14.2085,48.6653,15.5415,75.7073,30104.8540,-46.8819,NA,NA,NA,NA,NA,NA,NA,NA,NA,NA
370.580,14.1896,48.4669,15.5187,75.4496,33626.2920,-40.6685,NA,NA,NA,NA,NA,NA,NA,NA,NA,NA
370.676,14.1931,48.5040,15.5148,75.4045,34557.7520,-39.0250,NA,NA,NA,NA,NA,NA,NA,NA,NA,NA
370.779,14.1973,48.5475,15.5040,75.2825,34557.7520,-39.0250,NA,NA,NA,NA,NA,NA,NA,NA,NA,NA
370.896,14.1973,48.5475,15.4834,75.0503,22078.6120,-61.0437,NA,NA,NA,NA,NA,NA,NA,NA,NA,NA
370.969,14.1885,48.4560,15.4738,74.9419,23621.4700,-58.3214,NA,NA,NA,NA,NA,NA,NA,NA,NA,NA
371.077,14.1836,48.4042,15.4662,74.8551,39765.9640,-29.8355,NA,NA,NA,NA,NA,NA,NA,NA,NA,NA
371.174,14.1576,48.1319,15.4580,74.7630,47509.4520,-16.1726,NA,NA,NA,NA,NA,NA,NA,NA,NA,NA
371.264,14.1348,47.8940,15.4523,74.6986,55716.0320,-1.6926,NA,NA,NA,NA,NA,NA,NA,NA,NA,NA
371.360,14.1083,47.6161,15.4510,74.6833,55716.0320,-1.6926,NA,NA,NA,NA,NA,NA,NA,NA,NA,NA
371.469,14.0960,47.4884,15.4512,74.6866,31571.4540,-44.2942,193574.1280,0.0000,NA,NA,NA,NA,NA,NA,NA,NA
371.569,14.0634,47.1471,15.4512,74.6866,31571.4540,-44.2942,193574.1280,0.0000,NA,NA,NA,NA,NA,NA,NA,NA
371.664,14.1890,48.4607,15.4779,74.9876,53713.7600,-5.2254,NA,NA,NA,NA,NA,NA,NA,NA,NA,NA
371.767,14.3219,49.8518,15.5393,75.6824,53713.7600,-5.2254,NA,NA,NA,NA,NA,NA,NA,NA,NA,NA
371.861,14.5802,52.5546,15.6538,76.9762,31807.1340,-43.8783,180291.6960,0.0000,NA,NA,NA,NA,NA,NA,NA,NA
371.968,14.6765,53.5614,15.7131,77.6475,67423.9600,18.9653,NA,NA,NA,NA,NA,NA,NA,NA,NA,NA
372.067,14.7263,54.0823,15.7432,77.9871,67423.9600,18.9653,NA,NA,NA,NA,NA,NA,NA,NA,NA,NA
372.194,14.7462,54.2909,15.7515,78.0808,31038.4560,-45.2346,NA,NA,NA,NA,NA,NA,NA,NA,NA,NA
372.272,14.7462,54.2909,15.7515,78.0808,26491.3280,-53.2577,NA,NA,NA,NA,NA,NA,NA,NA,NA,NA
372.371,14.7371,54.1962,15.7329,77.8709,53366.1040,-5.8389,NA,NA,NA,NA,NA,NA,NA,NA,NA,NA
372.459,14.6941,53.7461,15.7252,77.7840,60775.1200,7.2339,NA,NA,NA,NA,NA,NA,NA,NA,NA,NA
372.559,14.6482,53.2653,15.6905,77.3912,65105.6880,14.8749,NA,NA,NA,NA,NA,NA,NA,NA,NA,NA
372.656,14.6011,52.7726,15.6729,77.1925,65105.6880,14.8749,NA,NA,NA,NA,NA,NA,NA,NA,NA,NA
372.756,14.5782,52.5329,15.6707,77.1681,63364.4760,11.8026,NA,NA,NA,NA,NA,NA,NA,NA,NA,NA
372.863,14.5153,51.8747,15.6568,77.0101,25183.5360,-55.5652,NA,NA,NA,NA,NA,NA,NA,NA,NA,NA
372.953,14.4906,51.6167,15.6501,76.9344,29422.0560,-48.0866,NA,NA,NA,NA,NA,NA,NA,NA,NA,NA
373.057,14.4797,51.5023,15.6501,76.9344,29422.0560,-48.0866,NA,NA,NA,NA,NA,NA,NA,NA,NA,NA
373.157,14.4576,51.2714,15.6318,76.7278,24070.7800,-57.5286,NA,NA,NA,NA,NA,NA,NA,NA,NA,NA
373.255,14.4091,50.7643,15.6160,76.5488,26986.5640,-52.3839,NA,NA,NA,NA,NA,NA,NA,NA,NA,NA
373.366,14.3880,50.5426,15.5797,76.1384,55065.6320,-2.8402,NA,NA,NA,NA,NA,NA,NA,NA,NA,NA
373.460,14.3445,50.0881,15.5684,76.0107,62261.1160,9.8558,NA,NA,NA,NA,NA,NA,NA,NA,NA,NA
373.538,14.3206,49.8375,15.5372,75.6580,64074.6840,13.0558,NA,NA,NA,NA,NA,NA,NA,NA,NA,NA
373.650,14.3083,49.7088,15.5392,75.6814,64074.6840,13.0558,NA,NA,NA,NA,NA,NA,NA,NA,NA,NA
373.732,14.2920,49.5381,15.5413,75.7046,22724.8960,-59.9033,NA,NA,NA,NA,NA,NA,NA,NA,NA,NA
373.836,14.2857,49.4730,15.5413,75.7046,25914.8840,-54.2748,NA,NA,NA,NA,NA,NA,NA,NA,NA,NA
373.992,14.2685,49.2928,15.5375,75.6612,30762.2240,-45.7220,191089.8240,0.0000,NA,NA,NA,NA,NA,NA,NA,NA
374.047,14.2685,49.2928,15.5235,75.5036,30762.2240,-45.7220,191089.8240,0.0000,NA,NA,NA,NA,NA,NA,NA,NA
374.137,14.2399,48.9937,15.5199,75.4628,26437.2580,-53.3531,NA,NA,NA,NA,NA,NA,NA,NA,NA,NA
374.234,14.2253,48.8404,15.4990,75.2262,25986.3180,-54.1488,NA,NA,NA,NA,NA,NA,NA,NA,NA,NA
374.335,14.2185,48.7697,15.4833,75.0487,25986.3180,-54.1488,NA,NA,NA,NA,NA,NA,NA,NA,NA,NA
374.433,14.2155,48.7384,15.4833,75.0487,22488.2060,-60.3210,NA,NA,NA,NA,NA,NA,NA,NA,NA,NA
374.587,14.2155,48.7384,15.4739,74.9432,24917.0660,-56.0354,NA,NA,NA,NA,NA,NA,NA,NA,NA,NA
374.628,14.1985,48.5602,15.4637,74.8269,48271.4000,-14.8281,NA,NA,NA,NA,NA,NA,NA,NA,NA,NA
374.752,14.1586,48.1427,15.4637,74.8269,56812.6920,0.2424,NA,NA,NA,NA,NA,NA,NA,NA,NA,NA
374.828,14.1414,47.9630,15.4688,74.8848,65831.0600,16.1548,NA,NA,NA,NA,NA,NA,NA,NA,NA,NA
374.921,14.1344,47.8892,15.4688,74.8848,73404.5680,29.5177,NA,NA,NA,NA,NA,NA,NA,NA,NA,NA
375.025,14.1239,47.7796,15.4578,74.7604,73404.5680,29.5177,NA,NA,NA,NA,NA,NA,NA,NA,NA,NA
375.115,14.1196,47.7346,15.4354,74.5075,25860.1920,-54.3713,NA,NA,NA,NA,NA,NA,NA,NA,NA,NA
375.239,14.0891,47.4153,15.4457,74.6237,26683.6240,-52.9184,NA,NA,NA,NA,NA,NA,NA,NA,NA,NA
375.310,14.0836,47.3580,15.4457,74.6237,26683.6240,-52.9184,NA,NA,NA,NA,NA,NA,NA,NA,NA,NA
375.428,14.0645,47.1583,15.4286,74.4308,23086.6620,-59.2650,NA,NA,NA,NA,NA,NA,NA,NA,NA,NA
375.515,14.0673,47.1875,15.4226,74.3624,25579.2420,-54.8670,NA,NA,NA,NA,NA,NA,NA,NA,NA,NA
375.611,14.1258,47.7997,15.4449,74.6152,50781.8520,-10.3986,NA,NA,NA,NA,NA,NA,NA,NA,NA,NA
375.716,14.3307,49.9434,15.4997,75.2348,60092.1320,6.0288,NA,NA,NA,NA,NA,NA,NA,NA,NA,NA
375.824,14.7389,54.2148,15.7474,78.0350,60092.1320,6.0288,NA,NA,NA,NA,NA,NA,NA,NA,NA,NA
375.913,15.2196,59.2437,15.9958,80.8432,33884.9800,-40.2121,178275.6480,0.0000,NA,NA,NA,NA,NA,NA,NA,NA
376.019,15.5141,62.3255,16.1699,82.8116,33884.9800,-40.2121,178275.6480,0.0000,NA,NA,NA,NA,NA,NA,NA,NA
376.107,15.7252,64.5344,16.4157,85.5906,58931.3160,3.9806,NA,NA,NA,NA,NA,NA,NA,NA,NA,NA
376.203,15.9026,66.3908,16.5864,87.5203,69847.2400,23.2411,NA,NA,NA,NA,NA,NA,NA,NA,NA,NA
376.304,16.1066,68.5250,16.6854,88.6390,69847.2400,23.2411,NA,NA,NA,NA,NA,NA,NA,NA,NA,NA
376.402,16.1808,69.3011,16.7703,89.5996,30143.2560,-46.8141,NA,NA,NA,NA,NA,NA,NA,NA,NA,NA
376.501,16.2158,69.6676,16.8180,90.1387,28519.9560,-49.6783,NA,NA,NA,NA,NA,NA,NA,NA,NA,NA
376.597,16.2284,69.7993,16.8246,90.2136,27755.5160,-51.0271,NA,NA,NA,NA,NA,NA,NA,NA,NA,NA
376.706,16.2424,69.9457,16.8310,90.2854,21683.1520,-61.7414,NA,NA,NA,NA,NA,NA,NA,NA,NA,NA
376.798,16.2424,69.9457,16.8310,90.2854,61863.4880,9.1542,NA,NA,NA,NA,NA,NA,NA,NA,NA,NA
376.900,16.2008,69.5108,16.8248,90.2151,61863.4880,9.1542,NA,NA,NA,NA,NA,NA,NA,NA,NA,NA
377.033,16.1522,69.0018,16.8134,90.0869,58017.8680,2.3689,NA,NA,NA,NA,NA,NA,NA,NA,NA,NA
377.103,16.1428,68.9040,16.7927,89.8522,26161.1540,-53.8403,187585.2640,0.0000,NA,NA,NA,NA,NA,NA,NA,NA
377.192,16.0981,68.4364,16.7927,89.8522,47422.9520,-16.3252,NA,NA,NA,NA,NA,NA,NA,NA,NA,NA
377.300,16.0108,67.5230,16.7828,89.7412,47422.9520,-16.3252,NA,NA,NA,NA,NA,NA,NA,NA,NA,NA
377.389,15.9792,67.1919,16.7738,89.6386,29006.6660,-48.8196,170966.4320,0.0000,NA,NA,NA,NA,NA,NA,NA,NA
377.492,15.9477,66.8622,16.7541,89.4158,60192.7200,6.2063,NA,NA,NA,NA,NA,NA,NA,NA,NA,NA
377.600,15.9114,66.4829,16.7173,89.0002,60192.7200,6.2063,NA,NA,NA,NA,NA,NA,NA,NA,NA,NA
377.690,15.8182,65.5071,16.7062,88.8741,31120.9080,-45.0891,NA,NA,NA,NA,NA,NA,NA,NA,NA,NA
377.798,15.7981,65.2969,16.6875,88.6635,31120.9080,-45.0891,NA,NA,NA,NA,NA,NA,NA,NA,NA,NA
377.890,15.7981,65.2969,16.6741,88.5113,28037.4780,-50.5296,NA,NA,NA,NA,NA,NA,NA,NA,NA,NA
377.985,15.7769,65.0756,16.6198,87.8974,56956.3120,0.4958,NA,NA,NA,NA,NA,NA,NA,NA,NA,NA
378.085,15.7680,64.9824,16.6185,87.8834,65158.6640,14.9684,NA,NA,NA,NA,NA,NA,NA,NA,NA,NA
378.194,15.7390,64.6786,16.5999,87.6731,70863.9280,25.0349,NA,NA,NA,NA,NA,NA,NA,NA,NA,NA
378.280,15.7293,64.5777,16.5957,87.6251,70863.9280,25.0349,NA,NA,NA,NA,NA,NA,NA,NA,NA,NA
378.381,15.7186,64.4650,16.5864,87.5200,24649.2800,-56.5079,NA,NA,NA,NA,NA,NA,NA,NA,NA,NA
378.481,15.7186,64.4650,16.5887,87.5464,26553.1840,-53.1486,NA,NA,NA,NA,NA,NA,NA,NA,NA,NA
378.578,15.7106,64.3811,16.5887,87.5464,26553.1840,-53.1486,NA,NA,NA,NA,NA,NA,NA,NA,NA,NA
378.680,15.7087,64.3622,16.5815,87.4652,22931.8280,-59.5382,NA,NA,NA,NA,NA,NA,NA,NA,NA,NA
378.776,15.7114,64.3895,16.5955,87.6233,25401.5640,-55.1805,NA,NA,NA,NA,NA,NA,NA,NA,NA,NA
378.883,15.7114,64.3895,16.5955,87.6233,50303.1560,-11.2432,NA,NA,NA,NA,NA,NA,NA,NA,NA,NA
378.970,15.6857,64.1210,16.5732,87.3705,58681.7200,3.5402,NA,NA,NA,NA,NA,NA,NA,NA,NA,NA
379.062,15.6738,63.9966,16.5661,87.2904,66937.8440,18.1076,NA,NA,NA,NA,NA,NA,NA,NA,NA,NA
379.170,15.6430,63.6746,16.5492,87.1000,69812.4720,23.1797,NA,NA,NA,NA,NA,NA,NA,NA,NA,NA
379.259,15.6253,63.4892,16.5553,87.1688,69812.4720,23.1797,NA,NA,NA,NA,NA,NA,NA,NA,NA,NA
379.369,15.5988,63.2122,16.5613,87.2363,24722.1520,-56.3793,NA,NA,NA,NA,NA,NA,NA,NA,NA,NA
379.463,15.5992,63.2164,16.5613,87.2363,27718.9000,-51.0917,NA,NA,NA,NA,NA,NA,NA,NA,NA,NA
379.555,15.6022,63.2478,16.5604,87.2262,27718.9000,-51.0917,NA,NA,NA,NA,NA,NA,NA,NA,NA,NA
379.652,15.6022,63.2478,16.5602,87.2243,23559.4440,-58.4308,NA,NA,NA,NA,NA,NA,NA,NA,NA,NA
379.750,15.5866,63.0842,16.5554,87.1699,26143.0560,-53.8722,NA,NA,NA,NA,NA,NA,NA,NA,NA,NA
379.859,15.5761,62.9743,16.5533,87.1462,52582.1360,-7.2221,NA,NA,NA,NA,NA,NA,NA,NA,NA,NA
379.978,15.5482,62.6820,16.5650,87.2787,61208.9040,7.9993,NA,NA,NA,NA,NA,NA,NA,NA,NA,NA
380.047,15.5314,62.5068,16.5650,87.2787,68699.1120,21.2153,NA,NA,NA,NA,NA,NA,NA,NA,NA,NA
380.152,15.5103,62.2857,16.5520,87.1308,68699.1120,21.2153,NA,NA,NA,NA,NA,NA,NA,NA,NA,NA
380.240,15.4993,62.1712,16.5513,87.1233,24033.2640,-57.5948,NA,NA,NA,NA,NA,NA,NA,NA,NA,NA
380.338,15.4963,62.1391,16.5664,87.2944,24746.4560,-56.3364,NA,NA,NA,NA,NA,NA,NA,NA,NA,NA
380.438,15.5027,62.2067,16.5664,87.2944,29024.4720,-48.7881,NA,NA,NA,NA,NA,NA,NA,NA,NA,NA
380.555,15.5062,62.2426,16.5582,87.2010,29024.4720,-48.7881,NA,NA,NA,NA,NA,NA,NA,NA,NA,NA
380.639,15.5062,62.2426,16.5490,87.0979,45451.5160,-19.8037,NA,NA,NA,NA,NA,NA,NA,NA,NA,NA
380.745,15.4928,62.1031,16.5279,86.8593,45868.8080,-19.0674,NA,NA,NA,NA,NA,NA,NA,NA,NA,NA
380.835,15.4858,62.0299,16.5234,86.8082,45868.8080,-19.0674,NA,NA,NA,NA,NA,NA,NA,NA,NA,NA
380.937,15.4770,61.9372,16.5224,86.7964,26914.0460,-52.5119,165751.1520,0.0000,NA,NA,NA,NA,NA,NA,NA,NA
381.035,15.4512,61.6678,16.5209,86.7801,53648.5280,-5.3405,NA,NA,NA,NA,NA,NA,NA,NA,NA,NA
381.141,15.4508,61.6636,16.5209,86.7801,53648.5280,-5.3405,NA,NA,NA,NA,NA,NA,NA,NA,NA,NA
381.236,15.3919,61.0465,16.5081,86.6347,29440.1300,-48.0547,NA,NA,NA,NA,NA,NA,NA,NA,NA,NA
381.327,15.3874,61.0004,16.5047,86.5962,33778.6240,-40.3997,NA,NA,NA,NA,NA,NA,NA,NA,NA,NA
381.433,15.4053,61.1871,16.5008,86.5527,35950.4720,-36.5677,NA,NA,NA,NA,NA,NA,NA,NA,NA,NA
381.522,15.4093,61.2293,16.4803,86.3212,35950.4720,-36.5677,NA,NA,NA,NA,NA,NA,NA,NA,NA,NA
381.631,15.4093,61.2293,16.4686,86.1886,22554.8960,-60.2033,NA,NA,NA,NA,NA,NA,NA,NA,NA,NA
381.722,15.4019,61.1512,16.4641,86.1376,23517.8140,-58.5043,NA,NA,NA,NA,NA,NA,NA,NA,NA,NA
381.847,15.3669,60.7855,16.4609,86.1018,39231.7720,-30.7780,NA,NA,NA,NA,NA,NA,NA,NA,NA,NA
381.926,15.3382,60.4852,16.4555,86.0409,46467.8080,-18.0105,NA,NA,NA,NA,NA,NA,NA,NA,NA,NA
382.012,15.3308,60.4076,16.4555,86.0409,55395.5440,-2.2580,NA,NA,NA,NA,NA,NA,NA,NA,NA,NA
382.120,15.3105,60.1952,16.4489,85.9654,55395.5440,-2.2580,NA,NA,NA,NA,NA,NA,NA,NA,NA,NA
382.217,15.3105,60.1952,16.4481,85.9572,30541.1900,-46.1120,187233.1200,0.0000,NA,NA,NA,NA,NA,NA,NA,NA
382.322,15.2765,59.8392,16.4415,85.8822,30541.1900,-46.1120,187233.1200,0.0000,NA,NA,NA,NA,NA,NA,NA,NA
382.456,15.2514,59.5769,16.4362,85.8221,52494.6400,-7.3765,NA,NA,NA,NA,NA,NA,NA,NA,NA,NA
382.513,15.2504,59.5668,16.4258,85.7049,52494.6400,-7.3765,NA,NA,NA,NA,NA,NA,NA,NA,NA,NA
382.614,15.2299,59.3518,16.4194,85.6318,30800.9100,-45.6537,179413.4400,0.0000,NA,NA,NA,NA,NA,NA,NA,NA
382.720,15.2247,59.2979,16.4184,85.6211,64918.6480,14.5449,NA,NA,NA,NA,NA,NA,NA,NA,NA,NA
382.815,15.2247,59.2979,16.4170,85.6050,64918.6480,14.5449,NA,NA,NA,NA,NA,NA,NA,NA,NA,NA
382.955,15.2297,59.3496,16.4090,85.5148,31101.2120,-45.1239,NA,NA,NA,NA,NA,NA,NA,NA,NA,NA
383.017,15.2297,59.3496,16.4033,85.4504,26025.6500,-54.0794,NA,NA,NA,NA,NA,NA,NA,NA,NA,NA
383.118,15.2129,59.1741,16.3924,85.3271,51646.1360,-8.8736,NA,NA,NA,NA,NA,NA,NA,NA,NA,NA
383.207,15.1460,58.4745,16.3814,85.2026,59628.1480,5.2101,NA,NA,NA,NA,NA,NA,NA,NA,NA,NA
383.307,15.1331,58.3393,16.3719,85.0955,66457.6240,17.2603,NA,NA,NA,NA,NA,NA,NA,NA,NA,NA
383.406,15.1092,58.0892,16.3727,85.1041,66888.0560,18.0198,NA,NA,NA,NA,NA,NA,NA,NA,NA,NA
383.501,15.0923,57.9118,16.3727,85.1041,66888.0560,18.0198,NA,NA,NA,NA,NA,NA,NA,NA,NA,NA
383.602,15.0787,57.7701,16.3713,85.0886,24834.9400,-56.1803,NA,NA,NA,NA,NA,NA,NA,NA,NA,NA
383.706,15.0787,57.7701,16.3553,84.9079,28671.7180,-49.4106,NA,NA,NA,NA,NA,NA,NA,NA,NA,NA
383.804,15.0652,57.6283,16.3412,84.7486,28671.7180,-49.4106,NA,NA,NA,NA,NA,NA,NA,NA,NA,NA
383.893,15.0505,57.4748,16.3266,84.5834,23788.9160,-58.0260,NA,NA,NA,NA,NA,NA,NA,NA,NA,NA
383.992,15.0459,57.4263,16.2950,84.2254,26550.4860,-53.1533,NA,NA,NA,NA,NA,NA,NA,NA,NA,NA
384.091,15.0233,57.1900,16.2819,84.0779,53736.2920,-5.1857,NA,NA,NA,NA,NA,NA,NA,NA,NA,NA
384.254,14.9659,56.5896,16.2653,83.8900,61392.9200,8.3240,NA,NA,NA,NA,NA,NA,NA,NA,NA,NA
384.293,14.9497,56.4205,16.2473,83.6865,66941.0640,18.1133,NA,NA,NA,NA,NA,NA,NA,NA,NA,NA
384.384,14.9387,56.3050,16.2453,83.6633,66941.0640,18.1133,NA,NA,NA,NA,NA,NA,NA,NA,NA,NA
384.479,14.9220,56.1299,16.2496,83.7125,23221.1560,-59.0277,NA,NA,NA,NA,NA,NA,NA,NA,NA,NA
384.586,14.9061,55.9637,16.2496,83.7125,25269.3960,-55.4137,NA,NA,NA,NA,NA,NA,NA,NA,NA,NA
384.679,14.8632,55.5155,16.2293,83.4835,29992.9960,-47.0792,NA,NA,NA,NA,NA,NA,NA,NA,NA,NA
384.818,14.8567,55.4474,16.1882,83.0186,29992.9960,-47.0792,NA,NA,NA,NA,NA,NA,NA,NA,NA,NA
384.878,14.8512,55.3891,16.1604,82.7037,24536.0680,-56.7076,NA,NA,NA,NA,NA,NA,NA,NA,NA,NA
384.980,14.8498,55.3747,16.1543,82.6346,27560.2120,-51.3717,NA,NA,NA,NA,NA,NA,NA,NA,NA,NA
385.075,14.8065,54.9222,16.1404,82.4778,56571.8800,-0.1825,NA,NA,NA,NA,NA,NA,NA,NA,NA,NA
385.170,14.7857,54.7044,16.1350,82.4164,63981.5800,12.8915,NA,NA,NA,NA,NA,NA,NA,NA,NA,NA
385.272,14.7637,54.4740,16.1384,82.4550,66444.4200,17.2370,NA,NA,NA,NA,NA,NA,NA,NA,NA,NA
385.427,14.7520,54.3521,16.1384,82.4550,66444.4200,17.2370,NA,NA,NA,NA,NA,NA,NA,NA,NA,NA
385.480,14.7469,54.2986,16.1161,82.2034,23303.3320,-58.8827,NA,NA,NA,NA,NA,NA,NA,NA,NA,NA
385.569,14.7465,54.2943,16.1121,82.1583,25515.9280,-54.9787,NA,NA,NA,NA,NA,NA,NA,NA,NA,NA
385.665,14.7243,54.0617,16.0993,82.0131,25833.3140,-54.4187,NA,NA,NA,NA,NA,NA,NA,NA,NA,NA
385.766,14.7037,53.8459,16.0993,82.0131,43785.8320,-22.7426,NA,NA,NA,NA,NA,NA,NA,NA,NA,NA
385.868,14.6889,53.6916,16.0817,81.8139,43785.8320,-22.7426,NA,NA,NA,NA,NA,NA,NA,NA,NA,NA
385.959,14.6695,53.4890,16.0767,81.7579,45559.4920,-19.6131,NA,NA,NA,NA,NA,NA,NA,NA,NA,NA
386.074,14.6645,53.4362,16.0524,81.4826,45559.4920,-19.6131,NA,NA,NA,NA,NA,NA,NA,NA,NA,NA
386.169,14.6470,53.2531,16.0524,81.4826,28198.7200,-50.2451,164853.0560,0.0000,NA,NA,NA,NA,NA,NA,NA,NA
386.260,14.6470,53.2531,16.0475,81.4281,57313.8480,1.1267,NA,NA,NA,NA,NA,NA,NA,NA,NA,NA
386.352,14.6216,52.9872,16.0400,81.3425,57313.8480,1.1267,NA,NA,NA,NA,NA,NA,NA,NA,NA,NA
386.462,14.5983,52.7439,16.0467,81.4184,31373.0860,-44.6442,NA,NA,NA,NA,NA,NA,NA,NA,NA,NA
386.555,14.5983,52.7439,16.0467,81.4184,34152.3120,-39.7404,NA,NA,NA,NA,NA,NA,NA,NA,NA,NA
386.649,14.6082,52.8469,16.0421,81.3670,34152.3120,-39.7404,NA,NA,NA,NA,NA,NA,NA,NA,NA,NA
386.761,14.6082,52.8469,16.0325,81.2578,21516.9740,-62.0347,NA,NA,NA,NA,NA,NA,NA,NA,NA,NA
386.853,14.5958,52.7178,15.9952,80.8368,22101.0680,-61.0041,NA,NA,NA,NA,NA,NA,NA,NA,NA,NA
386.940,14.5925,52.6830,15.9922,80.8028,24659.2220,-56.4904,NA,NA,NA,NA,NA,NA,NA,NA,NA,NA
387.042,14.5803,52.5551,15.9784,80.6468,43166.8960,-23.8347,NA,NA,NA,NA,NA,NA,NA,NA,NA,NA
387.191,14.5636,52.3802,15.9737,80.5928,50533.6880,-10.8365,NA,NA,NA,NA,NA,NA,NA,NA,NA,NA
387.241,14.5330,52.0606,15.9722,80.5758,58385.2040,3.0170,NA,NA,NA,NA,NA,NA,NA,NA,NA,NA
387.332,14.5204,51.9284,15.9653,80.4983,58385.2040,3.0170,NA,NA,NA,NA,NA,NA,NA,NA,NA,NA
387.443,14.4934,51.6454,15.9805,80.6702,31088.4880,-45.1463,NA,NA,NA,NA,NA,NA,NA,NA,NA,NA
387.551,14.4868,51.5769,15.9805,80.6702,33084.3480,-41.6247,NA,NA,NA,NA,NA,NA,NA,NA,NA,NA
387.625,14.4796,51.5020,15.9801,80.6654,33084.3480,-41.6247,NA,NA,NA,NA,NA,NA,NA,NA,NA,NA
387.766,14.4796,51.5020,15.9743,80.5998,21798.5120,-61.5379,NA,NA,NA,NA,NA,NA,NA,NA,NA,NA
387.841,14.4590,51.2857,15.9618,80.4587,64021.8880,12.9626,NA,NA,NA,NA,NA,NA,NA,NA,NA,NA
387.939,14.4435,51.1234,15.9588,80.4247,72334.6480,27.6299,NA,NA,NA,NA,NA,NA,NA,NA,NA,NA
388.031,14.4379,51.0657,15.9449,80.2674,72334.6480,27.6299,NA,NA,NA,NA,NA,NA,NA,NA,NA,NA
388.123,14.4147,50.8223,15.9437,80.2545,26387.5160,-53.4409,NA,NA,NA,NA,NA,NA,NA,NA,NA,NA
388.228,14.3906,50.5701,15.9261,80.0557,27030.6420,-52.3061,NA,NA,NA,NA,NA,NA,NA,NA,NA,NA
388.380,14.4016,50.6850,15.9159,79.9399,27030.6420,-52.3061,NA,NA,NA,NA,NA,NA,NA,NA,NA,NA
388.422,14.4016,50.6850,15.9100,79.8734,23122.8240,-59.2012,NA,NA,NA,NA,NA,NA,NA,NA,NA,NA
388.519,14.3948,50.6140,15.9015,79.7773,25410.6020,-55.1646,NA,NA,NA,NA,NA,NA,NA,NA,NA,NA
388.624,14.3904,50.5686,15.9003,79.7632,49085.8320,-13.3911,NA,NA,NA,NA,NA,NA,NA,NA,NA,NA
388.713,14.3456,50.0997,15.8707,79.4286,56683.3680,0.0142,NA,NA,NA,NA,NA,NA,NA,NA,NA,NA
388.820,14.2979,49.6002,15.8595,79.3022,66880.5160,18.0065,NA,NA,NA,NA,NA,NA,NA,NA,NA,NA
388.914,14.2979,49.6002,15.8607,79.3154,66880.5160,18.0065,NA,NA,NA,NA,NA,NA,NA,NA,NA,NA
389.046,14.2951,49.5707,15.8649,79.3627,26073.8840,-53.9943,NA,NA,NA,NA,NA,NA,NA,NA,NA,NA
389.109,14.2877,49.4938,15.8649,79.3627,24997.5060,-55.8935,NA,NA,NA,NA,NA,NA,NA,NA,NA,NA
389.203,14.2720,49.3289,15.8571,79.2751,27507.5460,-51.4647,NA,NA,NA,NA,NA,NA,NA,NA,NA,NA
389.304,14.2721,49.3308,15.8469,79.1598,27507.5460,-51.4647,NA,NA,NA,NA,NA,NA,NA,NA,NA,NA
389.407,14.2786,49.3988,15.8371,79.0489,23810.1180,-57.9885,NA,NA,NA,NA,NA,NA,NA,NA,NA,NA
389.498,14.2786,49.3988,15.8212,78.8695,26345.5880,-53.5149,NA,NA,NA,NA,NA,NA,NA,NA,NA,NA
389.598,14.2567,49.1698,15.8112,78.7565,52492.6920,-7.3799,NA,NA,NA,NA,NA,NA,NA,NA,NA,NA
389.693,14.2384,48.9775,15.8112,78.7565,62070.1560,9.5189,NA,NA,NA,NA,NA,NA,NA,NA,NA,NA
389.792,14.2394,48.9878,15.8055,78.6911,71783.2720,26.6571,NA,NA,NA,NA,NA,NA,NA,NA,NA,NA
389.889,14.2394,48.9878,15.8049,78.6846,71783.2720,26.6571,NA,NA,NA,NA,NA,NA,NA,NA,NA,NA
389.988,14.2286,48.8755,15.7990,78.6176,25915.0880,-54.2745,NA,NA,NA,NA,NA,NA,NA,NA,NA,NA
390.098,14.2148,48.7308,15.7843,78.4517,25027.5620,-55.8404,NA,NA,NA,NA,NA,NA,NA,NA,NA,NA
390.231,14.2057,48.6359,15.7843,78.4517,25027.5620,-55.8404,NA,NA,NA,NA,NA,NA,NA,NA,NA,NA
390.280,14.2030,48.6072,15.7677,78.2642,21804.2320,-61.5278,NA,NA,NA,NA,NA,NA,NA,NA,NA,NA
390.380,14.2013,48.5894,15.7640,78.2228,24235.8560,-57.2374,NA,NA,NA,NA,NA,NA,NA,NA,NA,NA
390.475,14.2013,48.5894,15.7715,78.3070,27142.4380,-52.1089,NA,NA,NA,NA,NA,NA,NA,NA,NA,NA
390.585,14.1762,48.3274,15.7715,78.3070,55152.6520,-2.6866,NA,NA,NA,NA,NA,NA,NA,NA,NA,NA
390.689,14.1658,48.2187,15.7595,78.1712,55152.6520,-2.6866,NA,NA,NA,NA,NA,NA,NA,NA,NA,NA
390.846,14.1658,48.2187,15.7595,78.1712,31320.4860,-44.7370,169613.4080,0.0000,NA,NA,NA,NA,NA,NA,NA,NA
390.883,14.1250,47.7910,15.7497,78.0609,31320.4860,-44.7370,169613.4080,0.0000,NA,NA,NA,NA,NA,NA,NA,NA
390.976,14.1121,47.6562,15.7395,77.9458,53831.6240,-5.0175,NA,NA,NA,NA,NA,NA,NA,NA,NA,NA
391.071,14.1121,47.6562,15.7203,77.7284,63596.0080,12.2112,NA,NA,NA,NA,NA,NA,NA,NA,NA,NA
391.176,14.1000,47.5298,15.7135,77.6516,63596.0080,12.2112,NA,NA,NA,NA,NA,NA,NA,NA,NA,NA
391.291,14.0941,47.4677,15.7087,77.5976,29665.4080,-47.6573,NA,NA,NA,NA,NA,NA,NA,NA,NA,NA
391.440,14.0891,47.4158,15.6898,77.3837,28734.9900,-49.2989,NA,NA,NA,NA,NA,NA,NA,NA,NA,NA
391.475,14.0891,47.4158,15.6799,77.2720,28825.9460,-49.1384,NA,NA,NA,NA,NA,NA,NA,NA,NA,NA
391.576,14.0558,47.0677,15.6783,77.2540,58817.8080,3.7803,NA,NA,NA,NA,NA,NA,NA,NA,NA,NA
391.680,14.0558,47.0677,15.6731,77.1944,63349.9600,11.7770,NA,NA,NA,NA,NA,NA,NA,NA,NA,NA
391.774,14.0478,46.9836,15.6676,77.1321,63349.9600,11.7770,NA,NA,NA,NA,NA,NA,NA,NA,NA,NA
391.871,14.0447,46.9516,15.6680,77.1368,61899.9840,9.2186,NA,NA,NA,NA,NA,NA,NA,NA,NA,NA
391.990,14.0438,46.9420,15.6747,77.2131,23708.2460,-58.1683,NA,NA,NA,NA,NA,NA,NA,NA,NA,NA
392.065,14.0418,46.9204,15.6747,77.2131,27664.8140,-51.1872,185878.2560,0.0000,NA,NA,NA,NA,NA,NA,NA,NA
392.168,14.0365,46.8652,15.6740,77.2054,27664.8140,-51.1872,NA,NA,NA,NA,NA,NA,NA,NA,NA,NA
392.261,14.0336,46.8348,15.6541,76.9798,26389.6600,-53.4371,NA,NA,NA,NA,NA,NA,NA,NA,NA,NA
392.358,14.0336,46.8348,15.6541,76.9798,30917.5580,-45.4479,172999.8080,0.0000,NA,NA,NA,NA,NA,NA,NA,NA
392.460,14.0265,46.7603,15.6491,76.9233,64671.2480,14.1084,NA,NA,NA,NA,NA,NA,NA,NA,NA,NA
392.624,14.0144,46.6345,15.6491,76.9233,64671.2480,14.1084,NA,NA,NA,NA,NA,NA,NA,NA,NA,NA
392.661,14.1583,48.1398,15.6298,76.7052,32706.4500,-42.2915,NA,NA,NA,NA,NA,NA,NA,NA,NA,NA
392.767,14.4225,50.9040,15.6755,77.2220,26295.0600,-53.6040,NA,NA,NA,NA,NA,NA,NA,NA,NA,NA
392.856,14.6760,53.5563,15.7460,78.0184,52054.5120,-8.1531,NA,NA,NA,NA,NA,NA,NA,NA,NA,NA
392.959,14.7915,54.7647,15.7689,78.2777,61908.1920,9.2331,NA,NA,NA,NA,NA,NA,NA,NA,NA,NA
393.051,14.8127,54.9867,15.7761,78.3592,71143.2480,25.5278,NA,NA,NA,NA,NA,NA,NA,NA,NA,NA
393.211,14.8127,54.9867,15.7761,78.3592,71143.2480,25.5278,NA,NA,NA,NA,NA,NA,NA,NA,NA,NA
393.250,14.8370,55.2413,15.7576,78.1500,25056.4440,-55.7895,NA,NA,NA,NA,NA,NA,NA,NA,NA,NA
393.348,14.8370,55.2413,15.7400,77.9515,24452.0440,-56.8559,NA,NA,NA,NA,NA,NA,NA,NA,NA,NA
393.451,14.8262,55.1275,15.7358,77.9034,27991.7420,-50.6103,NA,NA,NA,NA,NA,NA,NA,NA,NA,NA
393.542,14.8262,55.1275,15.6816,77.2914,27991.7420,-50.6103,NA,NA,NA,NA,NA,NA,NA,NA,NA,NA
393.640,14.7896,54.7451,15.6361,76.7762,24087.0160,-57.5000,NA,NA,NA,NA,NA,NA,NA,NA,NA,NA
393.740,14.7369,54.1938,15.6222,76.6194,26798.0460,-52.7165,NA,NA,NA,NA,NA,NA,NA,NA,NA,NA
393.850,14.7101,53.9131,15.5868,76.2189,52624.6400,-7.1471,NA,NA,NA,NA,NA,NA,NA,NA,NA,NA
393.939,14.6857,53.6579,15.5844,76.1922,60113.5880,6.0667,NA,NA,NA,NA,NA,NA,NA,NA,NA,NA
394.032,14.6651,53.4427,15.5659,75.9827,65738.4560,15.9914,NA,NA,NA,NA,NA,NA,NA,NA,NA,NA
394.134,14.6401,53.1811,15.5333,75.6143,65738.4560,15.9914,NA,NA,NA,NA,NA,NA,NA,NA,NA,NA
394.228,14.6170,52.9396,15.5220,75.4869,25527.4320,-54.9584,NA,NA,NA,NA,NA,NA,NA,NA,NA,NA
394.365,14.6055,52.8185,15.5071,75.3179,26430.8440,-53.3644,NA,NA,NA,NA,NA,NA,NA,NA,NA,NA
394.423,14.6052,52.8158,15.5071,75.3179,26430.8440,-53.3644,NA,NA,NA,NA,NA,NA,NA,NA,NA,NA
394.527,14.6052,52.8158,15.4981,75.2168,22140.8240,-60.9339,NA,NA,NA,NA,NA,NA,NA,NA,NA,NA
394.631,14.6036,52.7989,15.4693,74.8901,24361.7340,-57.0153,NA,NA,NA,NA,NA,NA,NA,NA,NA,NA
394.723,14.5797,52.5492,15.4581,74.7637,27257.2480,-51.9063,NA,NA,NA,NA,NA,NA,NA,NA,NA,NA
394.819,14.5429,52.1643,15.4359,74.5135,54841.4880,-3.2356,NA,NA,NA,NA,NA,NA,NA,NA,NA,NA
394.913,14.5269,51.9960,15.4315,74.4630,62295.8040,9.9170,NA,NA,NA,NA,NA,NA,NA,NA,NA,NA
395.050,14.5142,51.8636,15.4315,74.4630,68018.9280,20.0151,NA,NA,NA,NA,NA,NA,NA,NA,NA,NA
395.110,14.4971,51.6849,15.4241,74.3796,68018.9280,20.0151,NA,NA,NA,NA,NA,NA,NA,NA,NA,NA
395.218,14.4683,51.3837,15.4148,74.2748,25224.8400,-55.4924,NA,NA,NA,NA,NA,NA,NA,NA,NA,NA
395.319,14.4157,50.8329,15.4085,74.2030,26683.5400,-52.9186,NA,NA,NA,NA,NA,NA,NA,NA,NA,NA
395.409,14.4042,50.7123,15.4065,74.1810,26683.5400,-52.9186,NA,NA,NA,NA,NA,NA,NA,NA,NA,NA
395.527,14.4044,50.7151,15.3869,73.9587,22691.4180,-59.9624,NA,NA,NA,NA,NA,NA,NA,NA,NA,NA
395.612,14.5379,52.1120,15.5046,75.2896,47231.8560,-16.6624,NA,NA,NA,NA,NA,NA,NA,NA,NA,NA
395.711,14.8071,54.9284,15.6972,77.4674,48237.7640,-14.8875,NA,NA,NA,NA,NA,NA,NA,NA,NA,NA
395.806,15.1002,57.9951,15.8211,78.8683,48237.7640,-14.8875,NA,NA,NA,NA,NA,NA,NA,NA,NA,NA
395.901,15.1815,58.8455,15.8833,79.5708,28405.9320,-49.8795,170833.6960,0.0000,NA,NA,NA,NA,NA,NA,NA,NA
396.010,15.2553,59.6179,15.9004,79.7650,56178.5120,-0.8765,NA,NA,NA,NA,NA,NA,NA,NA,NA,NA
396.169,15.2553,59.6179,15.9170,79.9528,56178.5120,-0.8765,NA,NA,NA,NA,NA,NA,NA,NA,NA,NA
396.200,15.2473,59.5345,15.9170,79.9528,30567.2020,-46.0661,188622.8000,0.0000,NA,NA,NA,NA,NA,NA,NA,NA
396.296,15.1993,59.0318,15.8867,79.6101,64463.1760,13.7412,NA,NA,NA,NA,NA,NA,NA,NA,NA,NA
396.402,15.1547,58.5652,15.8715,79.4382,64463.1760,13.7412,NA,NA,NA,NA,NA,NA,NA,NA,NA,NA
396.509,15.1329,58.3372,15.8636,79.3488,27877.6120,-50.8117,NA,NA,NA,NA,NA,NA,NA,NA,NA,NA
396.606,15.1157,58.1576,15.8237,78.8969,27037.3300,-52.2943,NA,NA,NA,NA,NA,NA,NA,NA,NA,NA
396.696,15.1146,58.1460,15.7916,78.5346,28581.3520,-49.5700,NA,NA,NA,NA,NA,NA,NA,NA,NA,NA
396.809,15.0645,57.6218,15.7795,78.3980,57347.9440,1.1868,NA,NA,NA,NA,NA,NA,NA,NA,NA,NA
396.894,15.0420,57.3855,15.7323,77.8635,57915.6640,2.1886,NA,NA,NA,NA,NA,NA,NA,NA,NA,NA
396.990,15.0420,57.3855,15.7154,77.6729,57915.6640,2.1886,NA,NA,NA,NA,NA,NA,NA,NA,NA,NA
397.089,15.0372,57.3359,15.7051,77.5562,56395.5120,-0.4937,NA,NA,NA,NA,NA,NA,NA,NA,NA,NA
397.186,15.0291,57.2511,15.6966,77.4602,25833.1040,-54.4191,188022.0160,0.0000,NA,NA,NA,NA,NA,NA,NA,NA
397.293,15.0073,57.0229,15.6952,77.4445,47932.2000,-15.4266,NA,NA,NA,NA,NA,NA,NA,NA,NA,NA
397.392,14.9938,56.8817,15.6801,77.2737,47932.2000,-15.4266,NA,NA,NA,NA,NA,NA,NA,NA,NA,NA
397.490,14.9869,56.8097,15.6638,77.0899,28126.5220,-50.3725,172021.6160,0.0000,NA,NA,NA,NA,NA,NA,NA,NA
397.580,14.9658,56.5887,15.6563,77.0046,58401.5040,3.0458,NA,NA,NA,NA,NA,NA,NA,NA,NA,NA
397.697,14.9586,56.5138,15.6493,76.9255,197253.9200,248.0422,NA,NA,NA,NA,NA,NA,NA,NA,NA,NA
397.782,14.9607,56.5349,15.6438,76.8636,197253.9200,248.0422,NA,NA,NA,NA,NA,NA,NA,NA,NA,NA
397.885,14.9664,56.5954,15.6338,76.7505,29362.7520,-48.1913,NA,NA,NA,NA,NA,NA,NA,NA,NA,NA
398.013,14.9664,56.5954,15.6140,76.5269,27110.0960,-52.1659,NA,NA,NA,NA,NA,NA,NA,NA,NA,NA
398.080,14.9358,56.2752,15.5913,76.2705,53315.2080,-5.9287,NA,NA,NA,NA,NA,NA,NA,NA,NA,NA
398.176,14.9094,55.9988,15.5780,76.1192,60373.5120,6.5253,NA,NA,NA,NA,NA,NA,NA,NA,NA,NA
398.275,14.9094,55.9988,15.5780,76.1192,65257.5400,15.1428,NA,NA,NA,NA,NA,NA,NA,NA,NA,NA
398.378,14.8638,55.5219,15.5652,75.9751,65257.5400,15.1428,NA,NA,NA,NA,NA,NA,NA,NA,NA,NA
398.477,14.8662,55.5463,15.5451,75.7476,24466.1200,-56.8311,NA,NA,NA,NA,NA,NA,NA,NA,NA,NA
398.569,14.8662,55.5463,15.5437,75.7318,26429.3320,-53.3671,NA,NA,NA,NA,NA,NA,NA,NA,NA,NA
398.663,14.8609,55.4911,15.5236,75.5044,26429.3320,-53.3671,NA,NA,NA,NA,NA,NA,NA,NA,NA,NA
398.767,14.8570,55.4504,15.5232,75.5003,22420.7380,-60.4400,NA,NA,NA,NA,NA,NA,NA,NA,NA,NA
398.866,14.8603,55.4844,15.5154,75.4113,24740.0780,-56.3477,NA,NA,NA,NA,NA,NA,NA,NA,NA,NA
398.959,14.8603,55.4844,15.4946,75.1772,27750.2260,-51.0365,NA,NA,NA,NA,NA,NA,NA,NA,NA,NA
399.060,14.8017,54.8713,15.4946,75.1772,56107.5560,-1.0017,NA,NA,NA,NA,NA,NA,NA,NA,NA,NA
399.178,14.7824,54.6701,15.4754,74.9597,62808.6040,10.8218,NA,NA,NA,NA,NA,NA,NA,NA,NA,NA
399.254,14.7680,54.5189,15.4826,75.0409,65994.3160,16.4428,NA,NA,NA,NA,NA,NA,NA,NA,NA,NA
399.350,14.7374,54.1988,15.4905,75.1306,65994.3160,16.4428,NA,NA,NA,NA,NA,NA,NA,NA,NA,NA
399.455,14.7307,54.1293,15.4905,75.1306,24559.0560,-56.6671,NA,NA,NA,NA,NA,NA,NA,NA,NA,NA
399.547,14.7006,53.8134,15.4787,74.9974,27304.3840,-51.8231,NA,NA,NA,NA,NA,NA,NA,NA,NA,NA
399.650,14.7024,53.8322,15.4579,74.7620,27304.3840,-51.8231,NA,NA,NA,NA,NA,NA,NA,NA,NA,NA
399.743,14.7555,54.3886,15.5027,75.2685,23027.0420,-59.3702,NA,NA,NA,NA,NA,NA,NA,NA,NA,NA
399.851,15.0100,57.0513,15.6278,76.6822,25523.0120,-54.9662,NA,NA,NA,NA,NA,NA,NA,NA,NA,NA
399.939,15.2648,59.7169,15.8961,79.7158,50654.0960,-10.6240,NA,NA,NA,NA,NA,NA,NA,NA,NA,NA
400.036,15.4060,61.1948,15.9806,80.6718,58106.8360,2.5259,NA,NA,NA,NA,NA,NA,NA,NA,NA,NA
400.135,15.4817,61.9869,16.0092,80.9948,63651.3920,12.3089,NA,NA,NA,NA,NA,NA,NA,NA,NA,NA
400.237,15.4817,61.9869,16.0191,81.1067,64486.9240,13.7831,NA,NA,NA,NA,NA,NA,NA,NA,NA,NA
400.408,15.4735,61.9009,16.0191,81.1067,64486.9240,13.7831,NA,NA,NA,NA,NA,NA,NA,NA,NA,NA
400.437,15.4735,61.9009,16.0092,80.9945,25316.0040,-55.3315,NA,NA,NA,NA,NA,NA,NA,NA,NA,NA
400.537,15.4675,61.8384,15.9778,80.6392,25906.4900,-54.2896,NA,NA,NA,NA,NA,NA,NA,NA,NA,NA
400.633,15.4636,61.7977,15.9794,80.6572,46754.0880,-17.5053,NA,NA,NA,NA,NA,NA,NA,NA,NA,NA
400.732,15.4378,61.5268,15.9794,80.6572,46994.9760,-17.0803,NA,NA,NA,NA,NA,NA,NA,NA,NA,NA
400.838,15.4168,61.3072,15.9658,80.5035,47782.8360,-15.6902,NA,NA,NA,NA,NA,NA,NA,NA,NA,NA
400.932,15.3717,60.8358,15.9289,80.0868,47782.8360,-15.6902,NA,NA,NA,NA,NA,NA,NA,NA,NA,NA
401.053,15.3618,60.7315,15.9245,80.0370,26150.3260,-53.8594,NA,NA,NA,NA,NA,NA,NA,NA,NA,NA
401.127,15.3346,60.4478,15.9047,79.8127,29750.1260,-47.5078,175085.6160,0.0000,NA,NA,NA,NA,NA,NA,NA,NA
401.227,15.3346,60.4478,15.9047,79.8127,61038.9480,7.6994,NA,NA,NA,NA,NA,NA,NA,NA,NA,NA
401.327,15.3291,60.3902,15.8777,79.5077,61038.9480,7.6994,NA,NA,NA,NA,NA,NA,NA,NA,NA,NA
401.419,15.3291,60.3902,15.8776,79.5068,32048.8160,-43.4519,NA,NA,NA,NA,NA,NA,NA,NA,NA,NA
401.516,15.3389,60.4929,15.8776,79.5068,33617.2080,-40.6845,NA,NA,NA,NA,NA,NA,NA,NA,NA,NA
401.624,15.3453,60.5593,15.8730,79.4542,33617.2080,-40.6845,NA,NA,NA,NA,NA,NA,NA,NA,NA,NA
401.715,15.3453,60.5593,15.8542,79.2422,22234.6660,-60.7683,NA,NA,NA,NA,NA,NA,NA,NA,NA,NA
401.818,15.3300,60.3989,15.8492,79.1863,23584.9540,-58.3858,NA,NA,NA,NA,NA,NA,NA,NA,NA,NA
401.913,15.3202,60.2963,15.8367,79.0448,39787.4480,-29.7975,NA,NA,NA,NA,NA,NA,NA,NA,NA,NA
402.023,15.2846,59.9241,15.8286,78.9524,46648.6280,-17.6914,NA,NA,NA,NA,NA,NA,NA,NA,NA,NA
402.113,15.2651,59.7201,15.8248,78.9102,46648.6280,-17.6914,NA,NA,NA,NA,NA,NA,NA,NA,NA,NA
402.209,15.2536,59.5999,15.8201,78.8563,27806.7340,-50.9368,NA,NA,NA,NA,NA,NA,NA,NA,NA,NA
402.316,15.2457,59.5172,15.8201,78.8563,27806.7340,-50.9368,NA,NA,NA,NA,NA,NA,NA,NA,NA,NA
402.409,15.2457,59.5172,15.8153,78.8023,23808.2220,-57.9919,NA,NA,NA,NA,NA,NA,NA,NA,NA,NA
402.511,15.2349,59.4043,15.8018,78.6500,26384.0540,-53.4470,NA,NA,NA,NA,NA,NA,NA,NA,NA,NA
402.601,15.1823,58.8543,15.7937,78.5579,52301.8480,-7.7167,NA,NA,NA,NA,NA,NA,NA,NA,NA,NA
402.704,15.1746,58.7732,15.7853,78.4636,61164.5280,7.9210,NA,NA,NA,NA,NA,NA,NA,NA,NA,NA
402.803,15.1746,58.7732,15.7853,78.4636,70079.2720,23.6505,NA,NA,NA,NA,NA,NA,NA,NA,NA,NA
402.899,15.1659,58.6818,15.7788,78.3897,70079.2720,23.6505,NA,NA,NA,NA,NA,NA,NA,NA,NA,NA
402.995,15.1481,58.4959,15.7744,78.3396,26425.9680,-53.3730,NA,NA,NA,NA,NA,NA,NA,NA,NA,NA
403.096,15.1077,58.0732,15.7754,78.3517,25414.4960,-55.1577,NA,NA,NA,NA,NA,NA,NA,NA,NA,NA
403.196,15.0857,57.8430,15.7754,78.3517,25414.4960,-55.1577,NA,NA,NA,NA,NA,NA,NA,NA,NA,NA
403.288,15.0789,57.7718,15.7477,78.0380,21685.7860,-61.7368,NA,NA,NA,NA,NA,NA,NA,NA,NA,NA
403.406,15.0763,57.7454,15.7405,77.9565,24147.4340,-57.3934,NA,NA,NA,NA,NA,NA,NA,NA,NA,NA
403.490,15.0567,57.5396,15.7162,77.6824,27095.4280,-52.1918,NA,NA,NA,NA,NA,NA,NA,NA,NA,NA
403.583,15.0097,57.0482,15.7127,77.6427,55071.6640,-2.8295,NA,NA,NA,NA,NA,NA,NA,NA,NA,NA
403.687,14.9507,56.4302,15.7116,77.6305,65082.6720,14.8343,NA,NA,NA,NA,NA,NA,NA,NA,NA,NA
403.780,14.9241,56.1528,15.7065,77.5721,74274.0560,31.0519,NA,NA,NA,NA,NA,NA,NA,NA,NA,NA
403.879,15.1279,58.2843,15.7960,78.5841,74274.0560,31.0519,NA,NA,NA,NA,NA,NA,NA,NA,NA,NA
404.010,15.3599,60.7118,16.1275,82.3319,26156.4240,-53.8486,NA,NA,NA,NA,NA,NA,NA,NA,NA,NA
404.071,15.7177,64.4560,16.4916,86.4486,25684.1600,-54.6819,NA,NA,NA,NA,NA,NA,NA,NA,NA,NA
404.180,16.0317,67.7412,16.7824,89.7362,25684.1600,-54.6819,NA,NA,NA,NA,NA,NA,NA,NA,NA,NA
404.267,16.3880,71.4691,17.0795,93.0956,22411.3520,-60.4566,NA,NA,NA,NA,NA,NA,NA,NA,NA,NA
404.376,16.6514,74.2249,17.3114,95.7167,24890.9280,-56.0815,NA,NA,NA,NA,NA,NA,NA,NA,NA,NA
404.471,16.7763,75.5326,17.5652,98.5865,48504.1800,-14.4174,NA,NA,NA,NA,NA,NA,NA,NA,NA,NA
404.613,16.9290,77.1300,17.7546,100.7270,57636.2920,1.6956,NA,NA,NA,NA,NA,NA,NA,NA,NA,NA
404.660,17.1637,79.5859,17.8367,101.6552,67857.6160,19.7305,NA,NA,NA,NA,NA,NA,NA,NA,NA,NA
404.768,17.2526,80.5161,17.9530,102.9700,75632.5200,33.4488,NA,NA,NA,NA,NA,NA,NA,NA,NA,NA
404.859,17.3076,81.0914,17.9829,103.3085,75632.5200,33.4488,NA,NA,NA,NA,NA,NA,NA,NA,NA,NA
404.956,17.3076,81.0914,17.9829,103.3085,25743.1280,-54.5779,NA,NA,NA,NA,NA,NA,NA,NA,NA,NA
405.053,17.2938,80.9472,17.9779,103.2519,26565.8120,-53.1263,NA,NA,NA,NA,NA,NA,NA,NA,NA,NA
405.156,17.2938,80.9472,17.9693,103.1547,26565.8120,-53.1263,NA,NA,NA,NA,NA,NA,NA,NA,NA,NA
405.253,17.2515,80.5044,17.8948,102.3121,23225.0480,-59.0209,NA,NA,NA,NA,NA,NA,NA,NA,NA,NA
405.348,17.2496,80.4848,17.8743,102.0807,25714.2360,-54.6288,NA,NA,NA,NA,NA,NA,NA,NA,NA,NA
405.459,17.2131,80.1027,17.7851,101.0719,50960.6720,-10.0831,NA,NA,NA,NA,NA,NA,NA,NA,NA,NA
405.552,17.1378,79.3143,17.7127,100.2533,59666.4640,5.2777,NA,NA,NA,NA,NA,NA,NA,NA,NA,NA
405.649,17.0115,77.9932,17.6397,99.4282,59666.4640,5.2777,NA,NA,NA,NA,NA,NA,NA,NA,NA,NA
405.743,16.9604,77.4588,17.6022,99.0041,34073.7800,-39.8790,180572.3360,0.0000,NA,NA,NA,NA,NA,NA,NA,NA
405.847,16.8942,76.7655,17.5814,98.7699,34073.7800,-39.8790,180572.3360,0.0000,NA,NA,NA,NA,NA,NA,NA,NA
405.948,16.8359,76.1561,17.5755,98.7023,57962.0160,2.2703,NA,NA,NA,NA,NA,NA,NA,NA,NA,NA
406.045,16.7785,75.5547,17.5590,98.5167,67659.0240,19.3801,NA,NA,NA,NA,NA,NA,NA,NA,NA,NA
406.143,16.7465,75.2204,17.5590,98.5167,67659.0240,19.3801,NA,NA,NA,NA,NA,NA,NA,NA,NA,NA
406.243,16.7219,74.9631,17.4803,97.6267,29286.9480,-48.3250,NA,NA,NA,NA,NA,NA,NA,NA,NA,NA
406.376,16.6442,74.1494,17.4717,97.5287,28216.3520,-50.2140,NA,NA,NA,NA,NA,NA,NA,NA,NA,NA
406.443,16.6027,73.7157,17.4568,97.3605,28132.4100,-50.3621,NA,NA,NA,NA,NA,NA,NA,NA,NA,NA
406.543,16.5978,73.6646,17.4409,97.1809,21874.2240,-61.4043,NA,NA,NA,NA,NA,NA,NA,NA,NA,NA
406.643,16.5978,73.6646,17.4268,97.0214,61102.0200,7.8107,NA,NA,NA,NA,NA,NA,NA,NA,NA,NA
406.739,16.5577,73.2447,17.4238,96.9876,61102.0200,7.8107,NA,NA,NA,NA,NA,NA,NA,NA,NA,NA
406.840,16.5381,73.0400,17.4176,96.9180,58404.2200,3.0506,NA,NA,NA,NA,NA,NA,NA,NA,NA,NA
406.935,16.5151,72.7992,17.4178,96.9192,26190.8040,-53.7880,190319.3760,0.0000,NA,NA,NA,NA,NA,NA,NA,NA
407.037,16.5040,72.6830,17.4178,96.9192,47965.1040,-15.3686,NA,NA,NA,NA,NA,NA,NA,NA,NA,NA
407.135,16.4796,72.4280,17.4018,96.7384,47965.1040,-15.3686,NA,NA,NA,NA,NA,NA,NA,NA,NA,NA
407.229,16.4511,72.1294,17.3980,96.6956,28723.8800,-49.3185,173080.4960,0.0000,NA,NA,NA,NA,NA,NA,NA,NA
407.325,16.4364,71.9759,17.3605,96.2721,59411.4560,4.8278,NA,NA,NA,NA,NA,NA,NA,NA,NA,NA
407.438,16.3635,71.2133,17.3605,96.2721,59411.4560,4.8278,NA,NA,NA,NA,NA,NA,NA,NA,NA,NA
407.530,16.4104,71.7038,17.3529,96.1860,29279.0380,-48.3390,NA,NA,NA,NA,NA,NA,NA,NA,NA,NA
407.627,16.4104,71.7038,17.3362,95.9970,24805.7740,-56.2318,NA,NA,NA,NA,NA,NA,NA,NA,NA,NA
407.731,16.3989,71.5837,17.3362,95.9970,27543.8720,-51.4006,NA,NA,NA,NA,NA,NA,NA,NA,NA,NA
407.831,16.3629,71.2062,17.3259,95.8810,55664.8720,-1.7828,NA,NA,NA,NA,NA,NA,NA,NA,NA,NA
407.928,16.3459,71.0287,17.3259,95.8810,63853.7440,12.6659,NA,NA,NA,NA,NA,NA,NA,NA,NA,NA
408.028,16.3425,70.9935,17.3163,95.7726,70294.1280,24.0296,NA,NA,NA,NA,NA,NA,NA,NA,NA,NA
408.120,16.3375,70.9408,17.3032,95.6237,70294.1280,24.0296,NA,NA,NA,NA,NA,NA,NA,NA,NA,NA
408.220,16.2946,70.4924,17.3019,95.6096,25196.8320,-55.5418,NA,NA,NA,NA,NA,NA,NA,NA,NA,NA
408.315,16.2820,70.3602,17.3119,95.7223,26752.1420,-52.7975,NA,NA,NA,NA,NA,NA,NA,NA,NA,NA
408.412,16.2842,70.3828,17.3119,95.7223,26752.1420,-52.7975,NA,NA,NA,NA,NA,NA,NA,NA,NA,NA
408.511,16.2842,70.3828,17.3001,95.5885,22899.6920,-59.5949,NA,NA,NA,NA,NA,NA,NA,NA,NA,NA
408.609,16.2690,70.2241,17.3001,95.5885,25319.1080,-55.3260,NA,NA,NA,NA,NA,NA,NA,NA,NA,NA
408.706,16.2666,70.1994,17.2964,95.5472,49833.0320,-12.0727,NA,NA,NA,NA,NA,NA,NA,NA,NA,NA
408.859,16.1768,69.2595,17.2949,95.5302,58186.9080,2.6671,NA,NA,NA,NA,NA,NA,NA,NA,NA,NA
408.903,16.1638,69.1237,17.2929,95.5075,65548.2440,15.6558,NA,NA,NA,NA,NA,NA,NA,NA,NA,NA
409.004,16.1758,69.2489,17.2936,95.5151,69783.1440,23.1280,NA,NA,NA,NA,NA,NA,NA,NA,NA,NA
409.099,16.1758,69.2489,17.2936,95.5151,69783.1440,23.1280,NA,NA,NA,NA,NA,NA,NA,NA,NA,NA
409.196,16.1807,69.3000,17.2895,95.4692,25049.1080,-55.8024,NA,NA,NA,NA,NA,NA,NA,NA,NA,NA
409.298,16.1827,69.3213,17.2981,95.5663,27658.0960,-51.1990,NA,NA,NA,NA,NA,NA,NA,NA,NA,NA
409.406,16.2014,69.5168,17.2981,95.5663,27658.0960,-51.1990,NA,NA,NA,NA,NA,NA,NA,NA,NA,NA
409.490,16.2014,69.5168,17.2976,95.5608,23498.7460,-58.5379,NA,NA,NA,NA,NA,NA,NA,NA,NA,NA
409.591,16.1951,69.4505,17.2875,95.4469,26064.5220,-54.0108,NA,NA,NA,NA,NA,NA,NA,NA,NA,NA
409.687,16.1838,69.3327,17.2875,95.4469,51951.1040,-8.3355,NA,NA,NA,NA,NA,NA,NA,NA,NA,NA
409.790,16.1669,69.1560,17.2757,95.3127,60168.5280,6.1636,NA,NA,NA,NA,NA,NA,NA,NA,NA,NA
409.887,16.1265,68.7331,17.2826,95.3916,67522.3440,19.1389,NA,NA,NA,NA,NA,NA,NA,NA,NA,NA
409.983,16.1179,68.6435,17.2826,95.3916,67522.3440,19.1389,NA,NA,NA,NA,NA,NA,NA,NA,NA,NA
410.092,16.1158,68.6211,17.2718,95.2695,24291.6080,-57.1390,NA,NA,NA,NA,NA,NA,NA,NA,NA,NA
410.185,16.1263,68.7312,17.2726,95.2783,25850.4500,-54.3885,NA,NA,NA,NA,NA,NA,NA,NA,NA,NA
410.288,16.1263,68.7312,17.2726,95.2783,26718.2000,-52.8574,NA,NA,NA,NA,NA,NA,NA,NA,NA,NA
410.377,16.1051,68.5098,17.2687,95.2342,49025.2240,-13.4981,NA,NA,NA,NA,NA,NA,NA,NA,NA,NA
410.477,16.0967,68.4218,17.2602,95.1381,49025.2240,-13.4981,NA,NA,NA,NA,NA,NA,NA,NA,NA,NA
410.579,16.0967,68.4218,17.2651,95.1933,47572.9640,-16.0605,NA,NA,NA,NA,NA,NA,NA,NA,NA,NA
410.672,16.0882,68.3323,17.2793,95.3539,47290.4640,-16.5589,NA,NA,NA,NA,NA,NA,NA,NA,NA,NA
410.777,16.0790,68.2363,17.2793,95.3539,26810.2840,-52.6949,168749.9200,0.0000,NA,NA,NA,NA,NA,NA,NA,NA
410.870,16.0347,67.7731,17.2850,95.4181,53117.8440,-6.2769,NA,NA,NA,NA,NA,NA,NA,NA,NA,NA
410.977,16.0166,67.5830,17.2852,95.4210,53117.8440,-6.2769,NA,NA,NA,NA,NA,NA,NA,NA,NA,NA
411.069,16.0147,67.5632,17.3036,95.6285,29002.6900,-48.8266,NA,NA,NA,NA,NA,NA,NA,NA,NA,NA
411.220,15.9951,67.3584,17.3036,95.6285,33302.9760,-41.2390,NA,NA,NA,NA,NA,NA,NA,NA,NA,NA
411.266,15.9775,67.1745,17.3003,95.5909,35856.1840,-36.7340,NA,NA,NA,NA,NA,NA,NA,NA,NA,NA
411.361,16.0029,67.4398,17.2915,95.4914,35856.1840,-36.7340,NA,NA,NA,NA,NA,NA,NA,NA,NA,NA
411.459,16.0052,67.4639,17.2834,95.4000,22716.8280,-59.9176,NA,NA,NA,NA,NA,NA,NA,NA,NA,NA
411.563,16.0052,67.4639,17.2834,95.4000,23519.6020,-58.5011,NA,NA,NA,NA,NA,NA,NA,NA,NA,NA
411.655,15.9754,67.1518,17.2782,95.3410,38882.1400,-31.3949,NA,NA,NA,NA,NA,NA,NA,NA,NA,NA
411.756,15.9611,67.0022,17.2496,95.0182,45994.9600,-18.8448,NA,NA,NA,NA,NA,NA,NA,NA,NA,NA
411.866,15.9397,66.7786,17.2422,94.9348,54977.4680,-2.9957,NA,NA,NA,NA,NA,NA,NA,NA,NA,NA
411.948,15.9210,66.5834,17.2385,94.8922,54977.4680,-2.9957,NA,NA,NA,NA,NA,NA,NA,NA,NA,NA
412.058,15.9210,66.5834,17.2385,94.8922,29490.9360,-47.9651,185129.5040,0.0000,NA,NA,NA,NA,NA,NA,NA,NA
412.154,15.8933,66.2935,17.2308,94.8057,29490.9360,-47.9651,190495.7280,0.0000,NA,NA,NA,NA,NA,NA,NA,NA
412.256,15.8917,66.2766,17.2263,94.7547,52915.0760,-6.6347,NA,NA,NA,NA,NA,NA,NA,NA,NA,NA
412.366,15.8944,66.3050,17.2412,94.9228,52915.0760,-6.6347,NA,NA,NA,NA,NA,NA,NA,NA,NA,NA
412.457,15.8944,66.3050,17.2412,94.9228,30274.8480,-46.5819,181399.1840,0.0000,NA,NA,NA,NA,NA,NA,NA,NA
412.552,15.8552,65.8949,17.2368,94.8740,63517.6440,12.0729,NA,NA,NA,NA,NA,NA,NA,NA,NA,NA
412.663,15.8552,65.8949,17.2615,95.1526,63517.6440,12.0729,NA,NA,NA,NA,NA,NA,NA,NA,NA,NA
412.757,15.8331,65.6632,17.2745,95.2999,30193.1720,-46.7260,NA,NA,NA,NA,NA,NA,NA,NA,NA,NA
412.850,15.8321,65.6531,17.2745,95.2999,25811.3200,-54.4575,NA,NA,NA,NA,NA,NA,NA,NA,NA,NA
412.998,15.8321,65.6531,17.2374,94.8802,50168.0240,-11.4817,NA,NA,NA,NA,NA,NA,NA,NA,NA,NA
413.051,15.8075,65.3958,17.2369,94.8740,57220.0320,0.9612,NA,NA,NA,NA,NA,NA,NA,NA,NA,NA
413.146,15.7841,65.1502,17.2321,94.8207,62382.6200,10.0702,NA,NA,NA,NA,NA,NA,NA,NA,NA,NA
413.243,15.7875,65.1861,17.2351,94.8540,64961.3800,14.6203,NA,NA,NA,NA,NA,NA,NA,NA,NA,NA
413.346,15.7875,65.1861,17.2396,94.9049,64961.3800,14.6203,NA,NA,NA,NA,NA,NA,NA,NA,NA,NA
413.447,15.7736,65.0403,17.2396,94.9049,25615.2000,-54.8036,NA,NA,NA,NA,NA,NA,NA,NA,NA,NA
413.542,15.7525,64.8197,17.2326,94.8261,28692.1300,-49.3745,NA,NA,NA,NA,NA,NA,NA,NA,NA,NA
413.657,15.7525,64.8197,17.2288,94.7827,28692.1300,-49.3745,NA,NA,NA,NA,NA,NA,NA,NA,NA,NA
413.741,15.7596,64.8939,17.2355,94.8584,23651.9660,-58.2676,NA,NA,NA,NA,NA,NA,NA,NA,NA,NA
413.836,15.7596,64.8939,17.2355,94.8584,26279.0920,-53.6322,NA,NA,NA,NA,NA,NA,NA,NA,NA,NA
413.932,15.7475,64.7675,17.2333,94.8335,52784.0040,-6.8659,NA,NA,NA,NA,NA,NA,NA,NA,NA,NA
414.028,15.7187,64.4668,17.2333,94.8335,60342.2040,6.4700,NA,NA,NA,NA,NA,NA,NA,NA,NA,NA
414.163,15.6827,64.0897,17.2155,94.6326,66256.9880,16.9063,NA,NA,NA,NA,NA,NA,NA,NA,NA,NA
414.220,15.6761,64.0209,17.2041,94.5038,66256.9880,16.9063,NA,NA,NA,NA,NA,NA,NA,NA,NA,NA
414.326,15.6600,63.8522,17.2152,94.6288,23666.0840,-58.2427,NA,NA,NA,NA,NA,NA,NA,NA,NA,NA
414.429,15.6593,63.8451,17.2353,94.8561,25410.2900,-55.1651,NA,NA,NA,NA,NA,NA,NA,NA,NA,NA
414.520,15.6585,63.8369,17.2353,94.8561,29840.4880,-47.3483,NA,NA,NA,NA,NA,NA,NA,NA,NA,NA
414.616,15.6585,63.8369,17.2485,95.0059,29840.4880,-47.3483,NA,NA,NA,NA,NA,NA,NA,NA,NA,NA
414.713,15.6511,63.7589,17.2533,95.0600,24420.2180,-56.9121,NA,NA,NA,NA,NA,NA,NA,NA,NA,NA
414.848,15.6511,63.7589,17.2552,95.0812,27418.9320,-51.6210,NA,NA,NA,NA,NA,NA,NA,NA,NA,NA
414.908,15.6236,63.4711,17.2813,95.3768,56167.9440,-0.8952,NA,NA,NA,NA,NA,NA,NA,NA,NA,NA
415.003,15.6104,63.3332,17.2813,95.3768,63858.9080,12.6750,NA,NA,NA,NA,NA,NA,NA,NA,NA,NA
415.104,15.5802,63.0167,17.2805,95.3677,66899.1040,18.0393,NA,NA,NA,NA,NA,NA,NA,NA,NA,NA
415.212,15.5802,63.0167,17.2911,95.4874,66899.1040,18.0393,NA,NA,NA,NA,NA,NA,NA,NA,NA,NA
415.358,15.5552,62.7558,17.2962,95.5448,23424.5680,-58.6688,NA,NA,NA,NA,NA,NA,NA,NA,NA,NA
415.405,15.5542,62.7451,17.2962,95.5448,25559.5040,-54.9019,NA,NA,NA,NA,NA,NA,NA,NA,NA,NA
415.507,15.5506,62.7077,17.2769,95.3272,25990.4100,-54.1416,NA,NA,NA,NA,NA,NA,NA,NA,NA,NA
415.602,15.5241,62.4303,17.2823,95.3881,44839.6040,-20.8833,NA,NA,NA,NA,NA,NA,NA,NA,NA,NA
415.701,15.5228,62.4168,17.2823,95.3881,44839.6040,-20.8833,NA,NA,NA,NA,NA,NA,NA,NA,NA,NA
415.798,15.5160,62.3456,17.2514,95.0390,46181.1840,-18.5162,NA,NA,NA,NA,NA,NA,NA,NA,NA,NA
415.939,15.5160,62.3456,17.2400,94.9101,46181.1840,-18.5162,NA,NA,NA,NA,NA,NA,NA,NA,NA,NA
415.998,15.5005,62.1835,17.2516,95.0403,28240.1060,-50.1721,167615.6320,0.0000,NA,NA,NA,NA,NA,NA,NA,NA
416.096,15.5005,62.1835,17.2533,95.0595,57311.8000,1.1231,NA,NA,NA,NA,NA,NA,NA,NA,NA,NA
416.190,15.4997,62.1752,17.2577,95.1103,57311.8000,1.1231,NA,NA,NA,NA,NA,NA,NA,NA,NA,NA
416.292,15.4997,62.1752,17.2577,95.1103,31057.4900,-45.2010,NA,NA,NA,NA,NA,NA,NA,NA,NA,NA
416.388,15.4847,62.0181,17.2521,95.0462,33933.8920,-40.1258,NA,NA,NA,NA,NA,NA,NA,NA,NA,NA
416.539,15.4855,62.0259,17.2461,94.9791,33933.8920,-40.1258,NA,NA,NA,NA,NA,NA,NA,NA,NA,NA
416.587,15.4870,62.0424,17.2147,94.6231,21649.0200,-61.8017,NA,NA,NA,NA,NA,NA,NA,NA,NA,NA
416.684,15.4870,62.0424,17.1994,94.4504,22187.7560,-60.8511,NA,NA,NA,NA,NA,NA,NA,NA,NA,NA
416.777,15.4538,61.6943,17.1905,94.3499,24472.9400,-56.8190,NA,NA,NA,NA,NA,NA,NA,NA,NA,NA
416.876,15.4030,61.1630,17.1944,94.3940,43173.1680,-23.8237,NA,NA,NA,NA,NA,NA,NA,NA,NA,NA
416.981,15.4030,61.1630,17.2017,94.4767,51177.5680,-9.7004,NA,NA,NA,NA,NA,NA,NA,NA,NA,NA
417.079,15.3733,60.8522,17.2236,94.7240,59043.3280,4.1782,NA,NA,NA,NA,NA,NA,NA,NA,NA,NA
417.169,15.3733,60.8522,17.2236,94.7240,59043.3280,4.1782,NA,NA,NA,NA,NA,NA,NA,NA,NA,NA
417.267,15.3599,60.7117,17.2217,94.7028,31773.5200,-43.9376,NA,NA,NA,NA,NA,NA,NA,NA,NA,NA
417.371,15.3599,60.7117,17.2197,94.6801,33602.8400,-40.7099,NA,NA,NA,NA,NA,NA,NA,NA,NA,NA
417.474,15.3641,60.7564,17.2197,94.6801,33602.8400,-40.7099,NA,NA,NA,NA,NA,NA,NA,NA,NA,NA
417.571,15.3641,60.7564,17.2010,94.4683,56371.7280,-0.5356,NA,NA,NA,NA,NA,NA,NA,NA,NA,NA
417.672,15.3329,60.4294,17.1917,94.3641,65061.7720,14.7974,NA,NA,NA,NA,NA,NA,NA,NA,NA,NA
417.786,15.3218,60.3139,17.1875,94.3160,72794.0960,28.4406,NA,NA,NA,NA,NA,NA,NA,NA,NA,NA
417.871,15.3172,60.2653,17.1849,94.2866,72794.0960,28.4406,NA,NA,NA,NA,NA,NA,NA,NA,NA,NA
417.971,15.2999,60.0845,17.1849,94.2866,26484.1480,-53.2704,NA,NA,NA,NA,NA,NA,NA,NA,NA,NA
418.065,15.2681,59.7514,17.1905,94.3496,27063.7340,-52.2477,NA,NA,NA,NA,NA,NA,NA,NA,NA,NA
418.165,15.2669,59.7391,17.2174,94.6539,27063.7340,-52.2477,NA,NA,NA,NA,NA,NA,NA,NA,NA,NA
418.267,15.2656,59.7254,17.2174,94.6539,23204.5460,-59.0570,NA,NA,NA,NA,NA,NA,NA,NA,NA,NA
418.431,15.2656,59.7254,17.1708,94.1277,25513.8480,-54.9824,NA,NA,NA,NA,NA,NA,NA,NA,NA,NA
418.451,15.2497,59.5592,17.1623,94.0311,49686.6960,-12.3309,NA,NA,NA,NA,NA,NA,NA,NA,NA,NA
418.555,15.2192,59.2404,17.1551,93.9500,57897.9760,2.1573,NA,NA,NA,NA,NA,NA,NA,NA,NA,NA
418.649,15.2069,59.1108,17.1555,93.9541,66157.8760,16.7314,NA,NA,NA,NA,NA,NA,NA,NA,NA,NA
418.746,15.1976,59.0145,17.1689,94.1055,66157.8760,16.7314,NA,NA,NA,NA,NA,NA,NA,NA,NA,NA
418.850,15.1836,58.8673,17.1702,94.1207,25823.0360,-54.4369,NA,NA,NA,NA,NA,NA,NA,NA,NA,NA
418.986,15.1817,58.8479,17.1702,94.1207,25129.3080,-55.6609,NA,NA,NA,NA,NA,NA,NA,NA,NA,NA
419.041,15.1817,58.8479,17.1696,94.1136,27875.1120,-50.8161,NA,NA,NA,NA,NA,NA,NA,NA,NA,NA
419.141,15.1809,58.8396,17.1539,93.9356,27875.1120,-50.8161,NA,NA,NA,NA,NA,NA,NA,NA,NA,NA
419.240,15.1757,58.7849,17.1439,93.8232,23879.8620,-57.8655,NA,NA,NA,NA,NA,NA,NA,NA,NA,NA
419.339,15.1635,58.6572,17.1230,93.5871,26338.2380,-53.5278,NA,NA,NA,NA,NA,NA,NA,NA,NA,NA
419.434,15.1490,58.5055,17.1120,93.4627,52019.4640,-8.2149,NA,NA,NA,NA,NA,NA,NA,NA,NA,NA
419.543,15.1160,58.1600,17.1114,93.4562,60378.8240,6.5346,NA,NA,NA,NA,NA,NA,NA,NA,NA,NA
419.637,15.0902,57.8903,17.0946,93.2659,68512.7680,20.8865,NA,NA,NA,NA,NA,NA,NA,NA,NA,NA
419.735,15.0830,57.8147,17.0946,93.2659,68512.7680,20.8865,NA,NA,NA,NA,NA,NA,NA,NA,NA,NA
419.833,15.0656,57.6334,17.0800,93.1004,25676.1400,-54.6961,NA,NA,NA,NA,NA,NA,NA,NA,NA,NA
419.929,15.0615,57.5905,17.0768,93.0649,25539.5400,-54.9371,NA,NA,NA,NA,NA,NA,NA,NA,NA,NA
420.028,15.0380,57.3440,17.0713,93.0028,25539.5400,-54.9371,NA,NA,NA,NA,NA,NA,NA,NA,NA,NA
420.163,15.0446,57.4134,17.0685,92.9710,21972.3400,-61.2312,NA,NA,NA,NA,NA,NA,NA,NA,NA,NA
420.232,15.0446,57.4134,17.0488,92.7478,49111.5600,-13.3457,NA,NA,NA,NA,NA,NA,NA,NA,NA,NA
420.324,15.0097,57.0483,17.0412,92.6620,49111.5600,-13.3457,NA,NA,NA,NA,NA,NA,NA,NA,NA,NA
420.434,14.9903,56.8452,17.0280,92.5131,48679.4200,-14.1082,NA,NA,NA,NA,NA,NA,NA,NA,NA,NA
420.517,14.9794,56.7306,17.0360,92.6034,27424.2280,-51.6117,169394.9120,0.0000,NA,NA,NA,NA,NA,NA,NA,NA
420.618,14.9794,56.7306,17.0360,92.6034,53312.8720,-5.9328,NA,NA,NA,NA,NA,NA,NA,NA,NA,NA
420.717,14.9666,56.5967,17.0378,92.6231,53312.8720,-5.9328,NA,NA,NA,NA,NA,NA,NA,NA,NA,NA
420.827,14.9543,56.4685,17.0482,92.7414,29581.1840,-47.8059,174505.1200,0.0000,NA,NA,NA,NA,NA,NA,NA,NA
420.913,14.9543,56.4685,17.0482,92.7414,63102.5120,11.3404,NA,NA,NA,NA,NA,NA,NA,NA,NA,NA
421.013,14.9496,56.4197,17.0181,92.4011,63102.5120,11.3404,NA,NA,NA,NA,NA,NA,NA,NA,NA,NA
421.131,14.9310,56.2244,17.0081,92.2884,28654.9200,-49.4402,NA,NA,NA,NA,NA,NA,NA,NA,NA,NA
421.224,14.9184,56.0925,17.0013,92.2108,27832.7720,-50.8908,NA,NA,NA,NA,NA,NA,NA,NA,NA,NA
421.320,14.9184,56.0925,16.9925,92.1109,28361.3900,-49.9581,NA,NA,NA,NA,NA,NA,NA,NA,NA,NA
421.418,14.8662,55.5462,16.9925,92.1109,57067.0440,0.6912,NA,NA,NA,NA,NA,NA,NA,NA,NA,NA
421.515,14.8662,55.5462,16.9853,92.0297,61451.7640,8.4278,NA,NA,NA,NA,NA,NA,NA,NA,NA,NA
421.610,14.8640,55.5234,16.9896,92.0785,61451.7640,8.4278,NA,NA,NA,NA,NA,NA,NA,NA,NA,NA
421.705,14.8516,55.3934,16.9917,92.1029,60090.7880,6.0264,NA,NA,NA,NA,NA,NA,NA,NA,NA,NA
421.807,14.8407,55.2799,16.9917,92.1029,24167.4680,-57.3580,188648.0800,0.0000,NA,NA,NA,NA,NA,NA,NA,NA
421.901,14.8407,55.2799,16.9896,92.0784,44694.5920,-21.1392,NA,NA,NA,NA,NA,NA,NA,NA,NA,NA
422.004,14.8365,55.2363,16.9851,92.0281,44694.5920,-21.1392,NA,NA,NA,NA,NA,NA,NA,NA,NA,NA
422.101,14.8212,55.0754,16.9804,91.9749,26767.2700,-52.7708,NA,NA,NA,NA,NA,NA,NA,NA,NA,NA
422.197,14.8212,55.0754,16.9804,91.9749,30851.0980,-45.5652,181271.6320,0.0000,NA,NA,NA,NA,NA,NA,NA,NA
422.295,14.8165,55.0266,16.9665,91.8177,64854.8640,14.4323,NA,NA,NA,NA,NA,NA,NA,NA,NA,NA
422.410,14.8218,55.0823,16.9548,91.6847,64854.8640,14.4323,NA,NA,NA,NA,NA,NA,NA,NA,NA,NA
422.500,14.8253,55.1189,16.9410,91.5295,31644.0580,-44.1660,NA,NA,NA,NA,NA,NA,NA,NA,NA,NA
422.650,14.8263,55.1294,16.9041,91.1125,26379.0920,-53.4557,NA,NA,NA,NA,NA,NA,NA,NA,NA,NA
422.701,14.8263,55.1294,16.8958,91.0184,51702.3520,-8.7744,NA,NA,NA,NA,NA,NA,NA,NA,NA,NA
422.791,14.8049,54.9056,16.8766,90.8007,59718.4880,5.3695,NA,NA,NA,NA,NA,NA,NA,NA,NA,NA
422.892,14.7898,54.7468,16.8766,90.8007,67307.2720,18.7595,NA,NA,NA,NA,NA,NA,NA,NA,NA,NA
422.992,14.7904,54.7533,16.8542,90.5484,67307.2720,18.7595,NA,NA,NA,NA,NA,NA,NA,NA,NA,NA
423.159,14.7904,54.7533,16.8542,90.5484,24611.4440,-56.5747,NA,NA,NA,NA,NA,NA,NA,NA,NA,NA
423.190,14.7706,54.5467,16.8419,90.4083,24932.2660,-56.0086,NA,NA,NA,NA,NA,NA,NA,NA,NA,NA
423.285,14.7965,54.8168,16.8568,90.5777,28786.8080,-49.2075,NA,NA,NA,NA,NA,NA,NA,NA,NA,NA
423.387,14.7978,54.8312,16.8568,90.5777,28786.8080,-49.2075,NA,NA,NA,NA,NA,NA,NA,NA,NA,NA
423.496,14.7978,54.8312,16.8087,90.0337,24204.0760,-57.2934,NA,NA,NA,NA,NA,NA,NA,NA,NA,NA
423.585,14.7767,54.6097,16.7828,89.7402,26840.4240,-52.6418,NA,NA,NA,NA,NA,NA,NA,NA,NA,NA
423.674,14.7386,54.2111,16.7657,89.5474,54048.7480,-4.6344,NA,NA,NA,NA,NA,NA,NA,NA,NA,NA
423.812,14.7271,54.0916,16.7548,89.4238,61989.0440,9.3758,NA,NA,NA,NA,NA,NA,NA,NA,NA,NA
423.873,14.7042,53.8511,16.7548,89.4238,68347.8080,20.5954,NA,NA,NA,NA,NA,NA,NA,NA,NA,NA
423.972,14.6907,53.7104,16.7346,89.1953,68347.8080,20.5954,NA,NA,NA,NA,NA,NA,NA,NA,NA,NA
424.066,14.7029,53.8382,16.7346,89.1953,24357.0960,-57.0234,NA,NA,NA,NA,NA,NA,NA,NA,NA,NA
424.174,14.7055,53.8650,16.7299,89.1428,25782.6900,-54.5081,NA,NA,NA,NA,NA,NA,NA,NA,NA,NA
424.268,14.7115,53.9278,16.7304,89.1485,25782.6900,-54.5081,NA,NA,NA,NA,NA,NA,NA,NA,NA,NA
424.375,14.7115,53.9278,16.7304,89.1485,22382.8740,-60.5068,NA,NA,NA,NA,NA,NA,NA,NA,NA,NA
424.466,14.6858,53.6592,16.7282,89.1228,24650.5380,-56.5057,NA,NA,NA,NA,NA,NA,NA,NA,NA,NA
424.559,14.6782,53.5793,16.7150,88.9746,27719.0580,-51.0915,NA,NA,NA,NA,NA,NA,NA,NA,NA,NA
424.672,14.6715,53.5097,16.7341,89.1902,56314.0000,-0.6375,NA,NA,NA,NA,NA,NA,NA,NA,NA,NA
424.758,14.6370,53.1486,16.7382,89.2363,63455.1000,11.9625,NA,NA,NA,NA,NA,NA,NA,NA,NA,NA
424.857,14.6199,52.9690,16.7382,89.2363,67893.2640,19.7934,NA,NA,NA,NA,NA,NA,NA,NA,NA,NA
425.009,14.6162,52.9307,16.7148,88.9719,67893.2640,19.7934,NA,NA,NA,NA,NA,NA,NA,NA,NA,NA
425.046,14.5788,52.5397,16.7148,88.9719,24396.6520,-56.9536,NA,NA,NA,NA,NA,NA,NA,NA,NA,NA
425.146,14.5581,52.3232,16.6864,88.6509,26752.5080,-52.7969,NA,NA,NA,NA,NA,NA,NA,NA,NA,NA
425.242,14.5531,52.2710,16.6801,88.5800,26752.5080,-52.7969,NA,NA,NA,NA,NA,NA,NA,NA,NA,NA
425.357,14.5590,52.3325,16.6535,88.2784,22890.9620,-59.6103,NA,NA,NA,NA,NA,NA,NA,NA,NA,NA
425.454,14.5590,52.3325,16.6437,88.1681,44738.9760,-21.0609,NA,NA,NA,NA,NA,NA,NA,NA,NA,NA
425.571,14.5319,52.0482,16.6286,87.9975,46334.0040,-18.2466,NA,NA,NA,NA,NA,NA,NA,NA,NA,NA
425.646,14.5712,52.4598,16.6133,87.8249,46334.0040,-18.2466,NA,NA,NA,NA,NA,NA,NA,NA,NA,NA
425.741,14.6804,53.6020,16.6295,88.0077,28739.1760,-49.2915,168328.0960,0.0000,NA,NA,NA,NA,NA,NA,NA,NA
425.856,14.8645,55.5287,16.6350,88.0697,57197.3240,0.9211,NA,NA,NA,NA,NA,NA,NA,NA,NA,NA
425.954,15.1263,58.2684,16.6494,88.2329,57197.3240,0.9211,NA,NA,NA,NA,NA,NA,NA,NA,NA,NA
426.039,15.2137,59.1828,16.6929,88.7247,32154.0160,-43.2663,NA,NA,NA,NA,NA,NA,NA,NA,NA,NA
426.180,15.2540,59.6042,16.7264,89.1026,35263.2400,-37.7802,NA,NA,NA,NA,NA,NA,NA,NA,NA,NA
426.231,15.2631,59.6990,16.7264,89.1026,35263.2400,-37.7802,NA,NA,NA,NA,NA,NA,NA,NA,NA,NA
426.338,15.2861,59.9397,16.7240,89.0764,22282.7480,-60.6835,NA,NA,NA,NA,NA,NA,NA,NA,NA,NA
426.434,15.2861,59.9397,16.7151,88.9749,22656.2340,-60.0245,NA,NA,NA,NA,NA,NA,NA,NA,NA,NA
426.532,15.2717,59.7898,16.7151,88.9749,37182.7920,-34.3933,NA,NA,NA,NA,NA,NA,NA,NA,NA,NA
426.637,15.2407,59.4650,16.7140,88.9632,42586.8560,-24.8582,NA,NA,NA,NA,NA,NA,NA,NA,NA,NA
426.719,15.2058,59.1001,16.6853,88.6382,51171.9800,-9.7103,NA,NA,NA,NA,NA,NA,NA,NA,NA,NA
426.820,15.1911,58.9459,16.6683,88.4456,59842.5720,5.5885,NA,NA,NA,NA,NA,NA,NA,NA,NA,NA
426.925,15.1539,58.5565,16.6502,88.2416,59842.5720,5.5885,NA,NA,NA,NA,NA,NA,NA,NA,NA,NA
427.027,15.1466,58.4806,16.6430,88.1605,32830.0140,-42.0735,NA,NA,NA,NA,NA,NA,NA,NA,NA,NA
427.116,15.1320,58.3279,16.6214,87.9156,35045.0680,-38.1652,NA,NA,NA,NA,NA,NA,NA,NA,NA,NA
427.220,15.1320,58.3279,16.6004,87.6788,35045.0680,-38.1652,NA,NA,NA,NA,NA,NA,NA,NA,NA,NA
427.316,15.1221,58.2241,16.5747,87.3882,58049.9240,2.4254,NA,NA,NA,NA,NA,NA,NA,NA,NA,NA
427.432,15.0903,57.8911,16.5338,86.9256,67506.1920,19.1104,NA,NA,NA,NA,NA,NA,NA,NA,NA,NA
427.509,15.0872,57.8589,16.5244,86.8196,67506.1920,19.1104,NA,NA,NA,NA,NA,NA,NA,NA,NA,NA
427.613,15.0264,57.2226,16.5191,86.7599,27837.8240,-50.8819,NA,NA,NA,NA,NA,NA,NA,NA,NA,NA
427.708,15.0004,56.9502,16.5279,86.8589,26674.7600,-52.9341,NA,NA,NA,NA,NA,NA,NA,NA,NA,NA
427.809,14.9714,56.6471,16.5279,86.8589,27595.4200,-51.3096,NA,NA,NA,NA,NA,NA,NA,NA,NA,NA
427.904,14.9699,56.6318,16.4927,86.4612,27595.4200,-51.3096,NA,NA,NA,NA,NA,NA,NA,NA,NA,NA
428.013,14.9438,56.3586,16.4753,86.2637,23583.0000,-58.3893,NA,NA,NA,NA,NA,NA,NA,NA,NA,NA
428.101,14.9357,56.2740,16.4644,86.1415,26230.2400,-53.7184,NA,NA,NA,NA,NA,NA,NA,NA,NA,NA
428.202,14.8747,55.6357,16.4555,86.0406,51156.5200,-9.7375,NA,NA,NA,NA,NA,NA,NA,NA,NA,NA
428.296,14.8457,55.3321,16.4223,85.6651,59495.0240,4.9752,NA,NA,NA,NA,NA,NA,NA,NA,NA,NA
428.401,14.8130,54.9899,16.4045,85.4643,68315.9280,20.5392,NA,NA,NA,NA,NA,NA,NA,NA,NA,NA
428.499,14.7937,54.7884,16.4037,85.4541,68315.9280,20.5392,NA,NA,NA,NA,NA,NA,NA,NA,NA,NA
428.595,14.7888,54.7364,16.4037,85.4541,27455.3000,-51.5568,NA,NA,NA,NA,NA,NA,NA,NA,NA,NA
428.690,14.7779,54.6222,16.3886,85.2841,26169.2020,-53.8261,NA,NA,NA,NA,NA,NA,NA,NA,NA,NA
428.791,14.7519,54.3510,16.3846,85.2388,26147.7280,-53.8640,NA,NA,NA,NA,NA,NA,NA,NA,NA,NA
428.887,14.7598,54.4330,16.3725,85.1017,21688.2100,-61.7325,NA,NA,NA,NA,NA,NA,NA,NA,NA,NA
428.987,14.7598,54.4330,16.3417,84.7536,23974.7980,-57.6980,NA,NA,NA,NA,NA,NA,NA,NA,NA,NA
429.081,14.7374,54.1988,16.3271,84.5889,26692.3080,-52.9031,NA,NA,NA,NA,NA,NA,NA,NA,NA,NA
429.187,14.7191,54.0076,16.3101,84.3969,52725.2200,-6.9697,NA,NA,NA,NA,NA,NA,NA,NA,NA,NA
429.278,14.7045,53.8550,16.3048,84.3363,61848.6320,9.1280,NA,NA,NA,NA,NA,NA,NA,NA,NA,NA
429.384,14.6654,53.4454,16.3009,84.2920,70408.0640,24.2306,NA,NA,NA,NA,NA,NA,NA,NA,NA,NA
429.474,14.6654,53.4454,16.2962,84.2388,70408.0640,24.2306,NA,NA,NA,NA,NA,NA,NA,NA,NA,NA
429.576,14.6264,53.0378,16.2933,84.2061,27370.3280,-51.7068,NA,NA,NA,NA,NA,NA,NA,NA,NA,NA
429.672,14.6338,53.1148,16.2915,84.1860,26380.9800,-53.4524,NA,NA,NA,NA,NA,NA,NA,NA,NA,NA
429.840,14.6338,53.1148,16.2849,84.1116,26380.9800,-53.4524,NA,NA,NA,NA,NA,NA,NA,NA,NA,NA
429.870,14.6199,52.9697,16.2593,83.8227,22091.5200,-61.0209,NA,NA,NA,NA,NA,NA,NA,NA,NA,NA
429.972,14.6199,52.9697,16.2478,83.6922,52740.9240,-6.9420,NA,NA,NA,NA,NA,NA,NA,NA,NA,NA
430.082,14.5702,52.4494,16.2478,83.6919,52740.9240,-6.9420,NA,NA,NA,NA,NA,NA,NA,NA,NA,NA
430.174,14.5698,52.4450,16.2556,83.7806,51160.2640,-9.7309,NA,NA,NA,NA,NA,NA,NA,NA,NA,NA
430.274,14.5605,52.3484,16.2556,83.7806,27296.5700,-51.8369,174603.8880,0.0000,NA,NA,NA,NA,NA,NA,NA,NA
430.374,14.6765,53.5622,16.2914,84.1855,50335.8480,-11.1856,NA,NA,NA,NA,NA,NA,NA,NA,NA,NA
430.470,14.9288,56.2019,16.3744,85.1236,50335.8480,-11.1856,NA,NA,NA,NA,NA,NA,NA,NA,NA,NA
430.560,15.1082,58.0790,16.5268,86.8469,29887.6060,-47.2652,171918.3840,0.0000,NA,NA,NA,NA,NA,NA,NA,NA
430.660,15.1674,58.6980,16.5745,87.3854,62828.7320,10.8574,NA,NA,NA,NA,NA,NA,NA,NA,NA,NA
430.760,15.1877,58.9102,16.5978,87.6489,62828.7320,10.8574,NA,NA,NA,NA,NA,NA,NA,NA,NA,NA
430.867,15.1877,58.9102,16.5978,87.6489,30035.2500,-47.0047,NA,NA,NA,NA,NA,NA,NA,NA,NA,NA
431.023,15.1667,58.6906,16.5933,87.5986,29735.7500,-47.5331,NA,NA,NA,NA,NA,NA,NA,NA,NA,NA
431.060,15.1649,58.6718,16.5981,87.6526,28707.3400,-49.3477,NA,NA,NA,NA,NA,NA,NA,NA,NA,NA
431.156,15.1297,58.3037,16.5981,87.6526,58534.2720,3.2800,NA,NA,NA,NA,NA,NA,NA,NA,NA,NA
431.257,15.0862,57.8485,16.5489,87.0959,64860.5360,14.4423,NA,NA,NA,NA,NA,NA,NA,NA,NA,NA
431.355,15.0231,57.1882,16.5354,86.9441,65550.4320,15.6596,NA,NA,NA,NA,NA,NA,NA,NA,NA,NA
431.462,15.0134,57.0871,16.5115,86.6732,65550.4320,15.6596,NA,NA,NA,NA,NA,NA,NA,NA,NA,NA
431.589,15.0101,57.0521,16.5115,86.6732,24106.0460,-57.4664,NA,NA,NA,NA,NA,NA,NA,NA,NA,NA
431.648,15.0021,56.9687,16.5016,86.5617,27643.8600,-51.2241,NA,NA,NA,NA,NA,NA,NA,NA,NA,NA
431.749,14.9916,56.8586,16.4881,86.4084,27643.8600,-51.2241,NA,NA,NA,NA,NA,NA,NA,NA,NA,NA
431.849,15.0095,57.0462,16.4818,86.3379,23308.7760,-58.8731,NA,NA,NA,NA,NA,NA,NA,NA,NA,NA
431.940,15.0158,57.1116,16.4791,86.3068,26002.5980,-54.1200,NA,NA,NA,NA,NA,NA,NA,NA,NA,NA
432.051,15.0158,57.1116,16.4733,86.2420,52549.9440,-7.2789,NA,NA,NA,NA,NA,NA,NA,NA,NA,NA
432.141,14.9895,56.8371,16.4690,86.1925,59882.7760,5.6594,NA,NA,NA,NA,NA,NA,NA,NA,NA,NA
432.236,14.9343,56.2595,16.4781,86.2961,65089.7840,14.8468,NA,NA,NA,NA,NA,NA,NA,NA,NA,NA
432.338,14.9246,56.1572,16.4781,86.2961,65089.7840,14.8468,NA,NA,NA,NA,NA,NA,NA,NA,NA,NA
432.437,14.9034,55.9358,16.4744,86.2536,64564.9320,13.9208,NA,NA,NA,NA,NA,NA,NA,NA,NA,NA
432.531,14.9034,55.9358,16.4744,86.2536,24950.0800,-55.9772,NA,NA,NA,NA,NA,NA,NA,NA,NA,NA
432.629,14.8908,55.8044,16.4439,85.9089,28854.7560,-49.0876,NA,NA,NA,NA,NA,NA,NA,NA,NA,NA
432.729,14.8908,55.8044,16.4439,85.9089,28854.7560,-49.0876,NA,NA,NA,NA,NA,NA,NA,NA,NA,NA
432.823,14.8754,55.6428,16.4430,85.8991,23918.8900,-57.7966,NA,NA,NA,NA,NA,NA,NA,NA,NA,NA
432.927,15.0758,57.7395,16.4631,86.1264,26840.0900,-52.6423,NA,NA,NA,NA,NA,NA,NA,NA,NA,NA
433.033,15.2888,59.9679,16.5003,86.5470,54801.3040,-3.3065,NA,NA,NA,NA,NA,NA,NA,NA,NA,NA
433.120,15.4265,61.4094,16.5769,87.4123,62085.0480,9.5452,NA,NA,NA,NA,NA,NA,NA,NA,NA,NA
433.216,15.5053,62.2334,16.6567,88.3150,65617.2400,15.7775,NA,NA,NA,NA,NA,NA,NA,NA,NA,NA
433.322,15.5289,62.4802,16.6868,88.6555,65617.2400,15.7775,NA,NA,NA,NA,NA,NA,NA,NA,NA,NA
433.416,15.5372,62.5672,16.7030,88.8381,23081.2920,-59.2745,NA,NA,NA,NA,NA,NA,NA,NA,NA,NA
433.508,15.5372,62.5672,16.7222,89.0556,25535.1240,-54.9449,NA,NA,NA,NA,NA,NA,NA,NA,NA,NA
433.627,15.5808,63.0238,16.7222,89.0556,30198.5240,-46.7166,NA,NA,NA,NA,NA,NA,NA,NA,NA,NA
433.716,15.5808,63.0238,16.7202,89.0325,30198.5240,-46.7166,NA,NA,NA,NA,NA,NA,NA,NA,NA,NA
433.807,15.5681,62.8910,16.7347,89.1972,24650.8200,-56.5052,NA,NA,NA,NA,NA,NA,NA,NA,NA,NA
433.903,15.5656,62.8641,16.7347,89.1972,27631.8600,-51.2453,NA,NA,NA,NA,NA,NA,NA,NA,NA,NA
434.018,15.5211,62.3984,16.7160,88.9853,56260.7920,-0.7314,NA,NA,NA,NA,NA,NA,NA,NA,NA,NA
434.096,15.5070,62.2514,16.7160,88.9853,62713.9000,10.6547,NA,NA,NA,NA,NA,NA,NA,NA,NA,NA
434.199,15.4724,61.8890,16.7189,89.0186,64436.6040,13.6943,NA,NA,NA,NA,NA,NA,NA,NA,NA,NA
434.304,15.4620,61.7807,16.7189,89.0186,64436.6040,13.6943,NA,NA,NA,NA,NA,NA,NA,NA,NA,NA
434.403,15.4587,61.7460,16.7137,88.9595,24539.8300,-56.7010,NA,NA,NA,NA,NA,NA,NA,NA,NA,NA
434.503,15.4587,61.7460,16.7115,88.9343,25347.6920,-55.2756,NA,NA,NA,NA,NA,NA,NA,NA,NA,NA
434.648,15.4411,61.5615,16.6708,88.4741,25713.7520,-54.6297,NA,NA,NA,NA,NA,NA,NA,NA,NA,NA
434.696,15.4252,61.3957,16.6650,88.4084,43661.8640,-22.9614,NA,NA,NA,NA,NA,NA,NA,NA,NA,NA
434.792,15.4165,61.3045,16.6666,88.4272,44018.6840,-22.3318,NA,NA,NA,NA,NA,NA,NA,NA,NA,NA
434.900,15.3960,61.0895,16.6666,88.4272,46203.8320,-18.4762,NA,NA,NA,NA,NA,NA,NA,NA,NA,NA
434.989,15.3940,61.0688,16.6524,88.2661,46203.8320,-18.4762,NA,NA,NA,NA,NA,NA,NA,NA,NA,NA
435.087,15.3703,60.8213,16.6524,88.2661,28310.2660,-50.0483,165908.4480,0.0000,NA,NA,NA,NA,NA,NA,NA,NA
435.193,15.3503,60.6115,16.6357,88.0774,57405.0520,1.2876,NA,NA,NA,NA,NA,NA,NA,NA,NA,NA
435.281,15.3418,60.5228,16.6376,88.0989,57405.0520,1.2876,NA,NA,NA,NA,NA,NA,NA,NA,NA,NA
435.381,15.3473,60.5805,16.6376,88.0989,31074.7820,-45.1705,NA,NA,NA,NA,NA,NA,NA,NA,NA,NA
435.487,15.3473,60.5805,16.6345,88.0644,33750.8000,-40.4488,NA,NA,NA,NA,NA,NA,NA,NA,NA,NA
435.576,15.3324,60.4243,16.6334,88.0512,33750.8000,-40.4488,NA,NA,NA,NA,NA,NA,NA,NA,NA,NA
435.685,15.3306,60.4052,16.6334,88.0512,21585.6440,-61.9135,NA,NA,NA,NA,NA,NA,NA,NA,NA,NA
435.806,15.3292,60.3909,16.6173,87.8701,22077.0680,-61.0464,NA,NA,NA,NA,NA,NA,NA,NA,NA,NA
435.871,15.3108,60.1981,16.6169,87.8648,24390.9660,-56.9637,NA,NA,NA,NA,NA,NA,NA,NA,NA,NA
435.968,15.2816,59.8934,16.5960,87.6292,42319.2920,-25.3303,NA,NA,NA,NA,NA,NA,NA,NA,NA,NA
436.065,15.2702,59.7733,16.5908,87.5704,50640.4560,-10.6481,NA,NA,NA,NA,NA,NA,NA,NA,NA,NA
436.182,15.2530,59.5941,16.5873,87.5301,59022.3520,4.1412,NA,NA,NA,NA,NA,NA,NA,NA,NA,NA
436.277,15.2420,59.4788,16.5856,87.5108,59022.3520,4.1412,NA,NA,NA,NA,NA,NA,NA,NA,NA,NA
436.369,15.2491,59.5530,16.5815,87.4649,30005.4520,-47.0573,NA,NA,NA,NA,NA,NA,NA,NA,NA,NA
436.468,15.2491,59.5530,16.5690,87.3239,25165.1860,-55.5976,NA,NA,NA,NA,NA,NA,NA,NA,NA,NA
436.568,15.2442,59.5015,16.5633,87.2594,47759.0280,-15.7322,NA,NA,NA,NA,NA,NA,NA,NA,NA,NA
436.672,15.2166,59.2129,16.5577,87.1956,55852.1120,-1.4525,NA,NA,NA,NA,NA,NA,NA,NA,NA,NA
436.761,15.2079,59.1217,16.5552,87.1674,65132.3640,14.9220,NA,NA,NA,NA,NA,NA,NA,NA,NA,NA
436.857,15.2070,59.1125,16.5570,87.1873,73251.4560,29.2476,NA,NA,NA,NA,NA,NA,NA,NA,NA,NA
436.971,15.2070,59.1125,16.5570,87.1873,73251.4560,29.2476,NA,NA,NA,NA,NA,NA,NA,NA,NA,NA
437.051,15.2017,59.0570,16.5486,87.0933,26740.9200,-52.8173,NA,NA,NA,NA,NA,NA,NA,NA,NA,NA
437.158,15.1787,58.8160,16.5443,87.0444,26829.2940,-52.6614,NA,NA,NA,NA,NA,NA,NA,NA,NA,NA
437.250,15.1863,58.8957,16.5535,87.1479,26829.2940,-52.6614,NA,NA,NA,NA,NA,NA,NA,NA,NA,NA
437.347,15.1943,58.9794,16.5535,87.1479,23133.6040,-59.1822,NA,NA,NA,NA,NA,NA,NA,NA,NA,NA
437.459,15.1943,58.9794,16.5453,87.0558,25552.8120,-54.9137,NA,NA,NA,NA,NA,NA,NA,NA,NA,NA
437.554,15.1857,58.8900,16.5277,86.8564,49535.4080,-12.5979,NA,NA,NA,NA,NA,NA,NA,NA,NA,NA
437.651,15.1605,58.6257,16.5257,86.8336,58339.9080,2.9371,NA,NA,NA,NA,NA,NA,NA,NA,NA,NA
437.746,15.1200,58.2026,16.5306,86.8889,68296.0560,20.5041,NA,NA,NA,NA,NA,NA,NA,NA,NA,NA
437.850,15.1164,58.1649,16.5306,86.8889,68296.0560,20.5041,NA,NA,NA,NA,NA,NA,NA,NA,NA,NA
437.940,15.0957,57.9476,16.5423,87.0218,26753.4760,-52.7952,NA,NA,NA,NA,NA,NA,NA,NA,NA,NA
438.037,15.0400,57.3649,16.5616,87.2404,25245.7460,-55.4555,NA,NA,NA,NA,NA,NA,NA,NA,NA,NA
438.139,15.0339,57.3008,16.5616,87.2404,27049.7780,-52.2724,NA,NA,NA,NA,NA,NA,NA,NA,NA,NA
438.227,15.0554,57.5260,16.5281,86.8609,27049.7780,-52.2724,NA,NA,NA,NA,NA,NA,NA,NA,NA,NA
438.333,15.0554,57.5263,16.5278,86.8573,23592.5880,-58.3724,NA,NA,NA,NA,NA,NA,NA,NA,NA,NA
438.426,15.1256,58.2608,16.6089,87.7748,26202.4140,-53.7675,NA,NA,NA,NA,NA,NA,NA,NA,NA,NA
438.535,15.3629,60.7440,16.7654,89.5435,52006.9360,-8.2370,NA,NA,NA,NA,NA,NA,NA,NA,NA,NA
438.630,15.6936,64.2038,17.0801,93.1016,62267.6480,9.8674,NA,NA,NA,NA,NA,NA,NA,NA,NA,NA
438.736,15.9907,67.3122,17.5647,98.5809,71545.0880,26.2368,NA,NA,NA,NA,NA,NA,NA,NA,NA,NA
438.850,16.1653,69.1391,17.7661,100.8571,71545.0880,26.2368,NA,NA,NA,NA,NA,NA,NA,NA,NA,NA
438.939,16.5537,73.2027,18.0046,103.5538,26819.0400,-52.6795,NA,NA,NA,NA,NA,NA,NA,NA,NA,NA
439.031,16.7960,75.7379,18.1744,105.4733,27226.5740,-51.9604,NA,NA,NA,NA,NA,NA,NA,NA,NA,NA
439.121,16.9307,77.1478,18.2628,106.4728,28604.8620,-49.5285,NA,NA,NA,NA,NA,NA,NA,NA,NA,NA
439.221,17.0981,78.8987,18.4545,108.6399,56667.5560,-0.0137,NA,NA,NA,NA,NA,NA,NA,NA,NA,NA
439.360,17.1761,79.7149,18.5736,109.9865,56667.5560,-0.0137,NA,NA,NA,NA,NA,NA,NA,NA,NA,NA
439.413,17.2596,80.5890,18.6317,110.6438,53958.2760,-4.7940,NA,NA,NA,NA,NA,NA,NA,NA,NA,NA
439.514,17.2757,80.7571,18.6627,110.9944,50734.8640,-10.4815,NA,NA,NA,NA,NA,NA,NA,NA,NA,NA
439.615,17.2978,80.9887,18.6709,111.0871,26979.5360,-52.3963,173535.2800,0.0000,NA,NA,NA,NA,NA,NA,NA,NA
439.709,17.2978,80.9887,18.6709,111.0871,50509.2680,-10.8796,NA,NA,NA,NA,NA,NA,NA,NA,NA,NA
439.810,17.2508,80.4969,18.6683,111.0570,50509.2680,-10.8796,NA,NA,NA,NA,NA,NA,NA,NA,NA,NA
439.961,17.2027,79.9933,18.6452,110.7962,29202.8680,-48.4734,171392.0320,0.0000,NA,NA,NA,NA,NA,NA,NA,NA
440.019,17.1575,79.5201,18.6154,110.4593,62000.4800,9.3960,NA,NA,NA,NA,NA,NA,NA,NA,NA,NA
440.111,17.1305,79.2377,18.5794,110.0519,62000.4800,9.3960,NA,NA,NA,NA,NA,NA,NA,NA,NA,NA
440.205,17.0718,78.6239,18.5197,109.3774,29165.4060,-48.5395,NA,NA,NA,NA,NA,NA,NA,NA,NA,NA
440.306,17.0144,78.0233,18.4865,109.0019,28851.7260,-49.0929,NA,NA,NA,NA,NA,NA,NA,NA,NA,NA
440.407,16.9678,77.5358,18.4578,108.6773,28030.7000,-50.5416,NA,NA,NA,NA,NA,NA,NA,NA,NA,NA
440.509,16.9229,77.0655,18.4173,108.2203,56692.1200,0.0297,NA,NA,NA,NA,NA,NA,NA,NA,NA,NA
440.614,16.8765,76.5807,18.4013,108.0388,62764.1320,10.7434,NA,NA,NA,NA,NA,NA,NA,NA,NA,NA
440.699,16.7936,75.7132,18.3591,107.5621,63386.8240,11.8421,NA,NA,NA,NA,NA,NA,NA,NA,NA,NA
440.796,16.7559,75.3189,18.3591,107.5621,63386.8240,11.8421,NA,NA,NA,NA,NA,NA,NA,NA,NA,NA
440.894,16.7170,74.9120,18.3306,107.2390,23583.1100,-58.3891,NA,NA,NA,NA,NA,NA,NA,NA,NA,NA
441.001,16.7012,74.7458,18.3131,107.0415,27069.9160,-52.2368,NA,NA,NA,NA,NA,NA,NA,NA,NA,NA
441.102,16.7256,75.0021,18.2680,106.5314,27069.9160,-52.2368,NA,NA,NA,NA,NA,NA,NA,NA,NA,NA
441.210,16.7352,75.1023,18.2546,106.3803,22769.6820,-59.8243,NA,NA,NA,NA,NA,NA,NA,NA,NA,NA
441.299,16.7352,75.1023,18.2282,106.0817,25324.6940,-55.3162,NA,NA,NA,NA,NA,NA,NA,NA,NA,NA
441.386,16.7104,74.8422,18.2021,105.7871,28691.2720,-49.3761,NA,NA,NA,NA,NA,NA,NA,NA,NA,NA
441.487,16.6571,74.2847,18.1675,105.3959,58589.7920,3.3780,NA,NA,NA,NA,NA,NA,NA,NA,NA,NA
441.584,16.6041,73.7308,18.1529,105.2311,64097.7160,13.0964,NA,NA,NA,NA,NA,NA,NA,NA,NA,NA
441.678,16.6021,73.7095,18.1499,105.1963,64097.7160,13.0964,NA,NA,NA,NA,NA,NA,NA,NA,NA,NA
441.827,16.6021,73.7095,18.1341,105.0180,63706.3320,12.4058,NA,NA,NA,NA,NA,NA,NA,NA,NA,NA
441.879,16.5814,73.4924,18.1279,104.9477,24258.8880,-57.1967,NA,NA,NA,NA,NA,NA,NA,NA,NA,NA
441.971,16.5897,73.5802,18.1277,104.9456,28216.2560,-50.2142,NA,NA,NA,NA,NA,NA,NA,NA,NA,NA
442.068,16.6000,73.6872,18.1249,104.9141,28216.2560,-50.2142,NA,NA,NA,NA,NA,NA,NA,NA,NA,NA
442.177,16.6047,73.7370,18.1249,104.9141,23396.4120,-58.7185,NA,NA,NA,NA,NA,NA,NA,NA,NA,NA
442.273,16.6047,73.7370,18.1163,104.8165,26077.8140,-53.9873,NA,NA,NA,NA,NA,NA,NA,NA,NA,NA
442.372,16.5903,73.5859,18.1018,104.6531,52883.0440,-6.6912,NA,NA,NA,NA,NA,NA,NA,NA,NA,NA
442.464,16.5211,72.8615,18.1002,104.6343,60207.2480,6.2319,NA,NA,NA,NA,NA,NA,NA,NA,NA,NA
442.576,16.4915,72.5523,18.1038,104.6758,64714.9720,14.1855,NA,NA,NA,NA,NA,NA,NA,NA,NA,NA
442.660,16.4659,72.2844,18.1038,104.6758,64714.9720,14.1855,NA,NA,NA,NA,NA,NA,NA,NA,NA,NA
442.755,16.4498,72.1156,18.1004,104.6375,62977.8000,11.1204,NA,NA,NA,NA,NA,NA,NA,NA,NA,NA
442.862,16.4413,72.0270,18.0697,104.2899,25061.1920,-55.7811,NA,NA,NA,NA,NA,NA,NA,NA,NA,NA
442.993,16.4481,72.0981,18.0569,104.1449,29367.6840,-48.1826,NA,NA,NA,NA,NA,NA,NA,NA,NA,NA
443.049,16.4542,72.1621,18.0518,104.0872,29367.6840,-48.1826,NA,NA,NA,NA,NA,NA,NA,NA,NA,NA
443.148,16.4615,72.2387,18.0468,104.0315,24054.6980,-57.5570,NA,NA,NA,NA,NA,NA,NA,NA,NA,NA
443.249,16.4620,72.2435,18.0299,103.8401,26839.5780,-52.6433,NA,NA,NA,NA,NA,NA,NA,NA,NA,NA
443.354,16.4620,72.2435,18.0137,103.6572,54616.5640,-3.6325,NA,NA,NA,NA,NA,NA,NA,NA,NA,NA
443.461,16.4035,71.6317,17.9856,103.3387,54616.5640,-3.6325,NA,NA,NA,NA,NA,NA,NA,NA,NA,NA
443.604,16.3992,71.5860,17.9542,102.9836,30784.1360,-45.6833,173697.4400,0.0000,NA,NA,NA,NA,NA,NA,NA,NA
443.652,16.3934,71.5255,17.9542,102.9836,63050.7200,11.2490,NA,NA,NA,NA,NA,NA,NA,NA,NA,NA
443.747,16.3793,71.3780,17.9490,102.9253,63050.7200,11.2490,NA,NA,NA,NA,NA,NA,NA,NA,NA,NA
443.859,16.3601,71.1774,17.9370,102.7896,32890.1360,-41.9674,NA,NA,NA,NA,NA,NA,NA,NA,NA,NA
443.943,16.3518,71.0909,17.9359,102.7767,33647.6720,-40.6308,NA,NA,NA,NA,NA,NA,NA,NA,NA,NA
444.039,16.3688,71.2688,17.9359,102.7767,33647.6720,-40.6308,NA,NA,NA,NA,NA,NA,NA,NA,NA,NA
444.137,16.3796,71.3813,17.9087,102.4699,21665.4480,-61.7727,NA,NA,NA,NA,NA,NA,NA,NA,NA,NA
444.252,16.3796,71.3813,17.8986,102.3557,23538.0920,-58.4685,NA,NA,NA,NA,NA,NA,NA,NA,NA,NA
444.344,16.3722,71.3043,17.9021,102.3950,40386.1920,-28.7411,NA,NA,NA,NA,NA,NA,NA,NA,NA,NA
444.432,16.3439,71.0083,17.9021,102.3950,47266.1360,-16.6019,NA,NA,NA,NA,NA,NA,NA,NA,NA,NA
444.550,16.3070,70.6214,17.8948,102.3128,54383.9600,-4.0429,NA,NA,NA,NA,NA,NA,NA,NA,NA,NA
444.634,16.3070,70.6214,17.8949,102.3141,54383.9600,-4.0429,NA,NA,NA,NA,NA,NA,NA,NA,NA,NA
444.725,16.2984,70.5315,17.8984,102.3533,28429.1860,-49.8385,NA,NA,NA,NA,NA,NA,NA,NA,NA,NA
444.842,16.2751,70.2876,17.9093,102.4761,31600.3220,-44.2432,NA,NA,NA,NA,NA,NA,NA,NA,NA,NA
444.936,16.2997,70.5452,17.9093,102.4761,32991.5360,-41.7885,NA,NA,NA,NA,NA,NA,NA,NA,NA,NA
445.026,16.3041,70.5919,17.9059,102.4383,32991.5360,-41.7885,NA,NA,NA,NA,NA,NA,NA,NA,NA,NA
445.138,16.3260,70.8203,17.8906,102.2646,22293.2780,-60.6649,NA,NA,NA,NA,NA,NA,NA,NA,NA,NA
445.214,16.3260,70.8203,17.8906,102.2646,24034.3200,-57.5930,NA,NA,NA,NA,NA,NA,NA,NA,NA,NA
445.322,16.3023,70.5726,17.8830,102.1786,41194.6240,-27.3147,NA,NA,NA,NA,NA,NA,NA,NA,NA,NA
445.418,16.2843,70.3845,17.8950,102.3152,41194.6240,-27.3147,NA,NA,NA,NA,NA,NA,NA,NA,NA,NA
445.516,16.2843,70.3845,17.8990,102.3598,25424.2780,-55.1405,NA,NA,NA,NA,NA,NA,NA,NA,NA,NA
445.626,16.2870,70.4129,17.8990,102.3598,25424.2780,-55.1405,NA,NA,NA,NA,NA,NA,NA,NA,NA,NA
445.716,16.2870,70.4129,17.8857,102.2099,21908.2600,-61.3443,NA,NA,NA,NA,NA,NA,NA,NA,NA,NA
445.812,16.2719,70.2550,17.8590,101.9081,24398.8600,-56.9497,NA,NA,NA,NA,NA,NA,NA,NA,NA,NA
445.908,16.2652,70.1849,17.8792,102.1359,27265.7560,-51.8913,NA,NA,NA,NA,NA,NA,NA,NA,NA,NA
446.007,16.2288,69.8035,17.8792,102.1359,54864.7600,-3.1946,NA,NA,NA,NA,NA,NA,NA,NA,NA,NA
446.114,16.2105,69.6122,17.8582,101.8989,63855.5840,12.6692,NA,NA,NA,NA,NA,NA,NA,NA,NA,NA
446.203,16.1975,69.4765,17.8377,101.6665,72192.4480,27.3790,NA,NA,NA,NA,NA,NA,NA,NA,NA,NA
446.301,16.1975,69.4765,17.8317,101.5988,72192.4480,27.3790,NA,NA,NA,NA,NA,NA,NA,NA,NA,NA
446.419,16.1735,69.2255,17.8508,101.8149,26305.0120,-53.5865,NA,NA,NA,NA,NA,NA,NA,NA,NA,NA
446.497,16.1735,69.2255,17.8593,101.9116,25879.2300,-54.3377,NA,NA,NA,NA,NA,NA,NA,NA,NA,NA
446.616,16.2399,69.9198,17.8593,101.9116,25879.2300,-54.3377,NA,NA,NA,NA,NA,NA,NA,NA,NA,NA
446.692,16.2399,69.9198,17.8443,101.7418,22489.6340,-60.3185,NA,NA,NA,NA,NA,NA,NA,NA,NA,NA
446.791,16.2243,69.7569,17.8317,101.5986,24877.2220,-56.1057,NA,NA,NA,NA,NA,NA,NA,NA,NA,NA
446.891,16.1930,69.4292,17.8317,101.5986,48699.4320,-14.0729,NA,NA,NA,NA,NA,NA,NA,NA,NA,NA
446.992,16.1456,68.9331,17.8411,101.7054,56818.9160,0.2534,NA,NA,NA,NA,NA,NA,NA,NA,NA,NA
447.090,16.1432,68.9077,17.8476,101.7786,65555.5080,15.6686,NA,NA,NA,NA,NA,NA,NA,NA,NA,NA
447.194,16.1016,68.4722,17.8554,101.8669,73187.2960,29.1344,NA,NA,NA,NA,NA,NA,NA,NA,NA,NA
447.294,16.1068,68.5270,17.8554,101.8669,73187.2960,29.1344,NA,NA,NA,NA,NA,NA,NA,NA,NA,NA
447.383,16.1068,68.5270,17.8451,101.7508,26046.6560,-54.0423,NA,NA,NA,NA,NA,NA,NA,NA,NA,NA
447.487,16.1070,68.5290,17.8416,101.7106,26417.4480,-53.3881,NA,NA,NA,NA,NA,NA,NA,NA,NA,NA
447.583,16.1190,68.6549,17.8197,101.4631,26417.4480,-53.3881,NA,NA,NA,NA,NA,NA,NA,NA,NA,NA
447.698,16.1190,68.6549,17.8197,101.4631,23089.9600,-59.2592,NA,NA,NA,NA,NA,NA,NA,NA,NA,NA
447.799,16.1107,68.5680,17.8053,101.3005,25470.4700,-55.0590,NA,NA,NA,NA,NA,NA,NA,NA,NA,NA
447.868,16.0999,68.4545,17.7916,101.1454,49986.4040,-11.8021,NA,NA,NA,NA,NA,NA,NA,NA,NA,NA
447.980,16.0659,68.0995,17.7685,100.8842,58528.8400,3.2705,NA,NA,NA,NA,NA,NA,NA,NA,NA,NA
448.073,16.0659,68.0995,17.7649,100.8435,58528.8400,3.2705,NA,NA,NA,NA,NA,NA,NA,NA,NA,NA
448.172,16.0526,67.9602,17.7547,100.7281,33658.2360,-40.6122,179559.8720,0.0000,NA,NA,NA,NA,NA,NA,NA,NA
448.267,16.0526,67.9602,17.7571,100.7560,33658.2360,-40.6122,179559.8720,0.0000,NA,NA,NA,NA,NA,NA,NA,NA
448.425,16.0329,67.7536,17.7579,100.7649,57847.4920,2.0683,NA,NA,NA,NA,NA,NA,NA,NA,NA,NA
448.467,16.0360,67.7866,17.7579,100.7649,67738.5120,19.5203,NA,NA,NA,NA,NA,NA,NA,NA,NA,NA
448.566,16.0360,67.7866,17.7665,100.8619,67738.5120,19.5203,NA,NA,NA,NA,NA,NA,NA,NA,NA,NA
448.664,15.9953,67.3602,17.7665,100.8619,30766.2680,-45.7149,NA,NA,NA,NA,NA,NA,NA,NA,NA,NA
448.760,15.9888,67.2929,17.7835,101.0539,29618.1160,-47.7407,NA,NA,NA,NA,NA,NA,NA,NA,NA,NA
448.868,15.9932,67.3384,17.7835,101.0539,28508.8880,-49.6979,NA,NA,NA,NA,NA,NA,NA,NA,NA,NA
448.991,16.0217,67.6363,17.7612,100.8021,21523.4440,-62.0232,NA,NA,NA,NA,NA,NA,NA,NA,NA,NA
449.066,16.0217,67.6363,17.7513,100.6902,65753.9480,16.0187,NA,NA,NA,NA,NA,NA,NA,NA,NA,NA
449.162,16.0079,67.4919,17.7513,100.6902,65753.9480,16.0187,NA,NA,NA,NA,NA,NA,NA,NA,NA,NA
449.263,15.9848,67.2503,17.7288,100.4360,62508.9440,10.2931,NA,NA,NA,NA,NA,NA,NA,NA,NA,NA
449.356,15.9740,67.1375,17.6972,100.0785,25233.6540,-55.4768,NA,NA,NA,NA,NA,NA,NA,NA,NA,NA
449.462,15.9472,66.8573,17.7051,100.1681,29790.5000,-47.4365,192652.0640,0.0000,NA,NA,NA,NA,NA,NA,NA,NA
449.574,15.9472,66.8573,17.7111,100.2358,29790.5000,-47.4365,192652.0640,0.0000,NA,NA,NA,NA,NA,NA,NA,NA
449.665,15.9451,66.8356,17.7201,100.3373,49944.1440,-11.8767,NA,NA,NA,NA,NA,NA,NA,NA,NA,NA
449.751,15.9317,66.6953,17.7201,100.3373,57946.4640,2.2429,NA,NA,NA,NA,NA,NA,NA,NA,NA,NA
449.855,15.9020,66.3838,17.7186,100.3208,57946.4640,2.2429,NA,NA,NA,NA,NA,NA,NA,NA,NA,NA
449.955,15.8893,66.2515,17.7186,100.3208,31376.8340,-44.6375,NA,NA,NA,NA,NA,NA,NA,NA,NA,NA
450.054,15.8869,66.2266,17.7062,100.1800,31376.8340,-44.6375,NA,NA,NA,NA,NA,NA,NA,NA,NA,NA
450.150,15.8869,66.2266,17.6992,100.1014,27522.7020,-51.4379,NA,NA,NA,NA,NA,NA,NA,NA,NA,NA
450.268,15.8178,65.5029,17.6798,99.8820,54914.6080,-3.1066,NA,NA,NA,NA,NA,NA,NA,NA,NA,NA
450.355,15.8168,65.4929,17.6786,99.8682,63750.0480,12.4830,NA,NA,NA,NA,NA,NA,NA,NA,NA,NA
450.444,15.8168,65.4929,17.6852,99.9433,72395.7120,27.7377,NA,NA,NA,NA,NA,NA,NA,NA,NA,NA
450.547,15.7835,65.1444,17.6852,99.9433,72395.7120,27.7377,NA,NA,NA,NA,NA,NA,NA,NA,NA,NA
450.644,15.7835,65.1444,17.6788,99.8703,26343.9600,-53.5177,NA,NA,NA,NA,NA,NA,NA,NA,NA,NA
450.737,15.7564,64.8612,17.6755,99.8333,25999.2400,-54.1260,NA,NA,NA,NA,NA,NA,NA,NA,NA,NA
450.840,15.7600,64.8980,17.6610,99.6694,25999.2400,-54.1260,NA,NA,NA,NA,NA,NA,NA,NA,NA,NA
450.937,15.7921,65.2347,17.6575,99.6293,22502.4700,-60.2958,NA,NA,NA,NA,NA,NA,NA,NA,NA,NA
451.033,15.7921,65.2347,17.6438,99.4749,24911.8880,-56.0445,NA,NA,NA,NA,NA,NA,NA,NA,NA,NA
451.131,15.7866,65.1765,17.6381,99.4108,47580.3760,-16.0474,NA,NA,NA,NA,NA,NA,NA,NA,NA,NA
451.229,15.7586,64.8833,17.6131,99.1277,54597.9920,-3.6653,NA,NA,NA,NA,NA,NA,NA,NA,NA,NA
451.336,15.7188,64.4669,17.5988,98.9665,62472.5160,10.2288,NA,NA,NA,NA,NA,NA,NA,NA,NA,NA
451.436,15.7163,64.4416,17.6028,99.0110,69322.9280,22.3160,NA,NA,NA,NA,NA,NA,NA,NA,NA,NA
451.544,15.6618,63.8706,17.6067,99.0557,69322.9280,22.3160,NA,NA,NA,NA,NA,NA,NA,NA,NA,NA
451.630,15.6618,63.8706,17.6067,99.0557,26761.4760,-52.7811,NA,NA,NA,NA,NA,NA,NA,NA,NA,NA
451.721,15.6689,63.9452,17.5998,98.9772,27125.4380,-52.1389,NA,NA,NA,NA,NA,NA,NA,NA,NA,NA
451.821,15.6689,63.9452,17.5889,98.8537,27125.4380,-52.1389,NA,NA,NA,NA,NA,NA,NA,NA,NA,NA
451.923,15.6782,64.0421,17.5640,98.5729,23095.4040,-59.2496,NA,NA,NA,NA,NA,NA,NA,NA,NA,NA
452.028,15.6782,64.0421,17.5627,98.5575,25480.3380,-55.0415,NA,NA,NA,NA,NA,NA,NA,NA,NA,NA
452.114,15.6708,63.9651,17.5692,98.6317,49263.4000,-13.0778,NA,NA,NA,NA,NA,NA,NA,NA,NA,NA
452.222,15.6348,63.5882,17.5708,98.6495,56566.1160,-0.1926,NA,NA,NA,NA,NA,NA,NA,NA,NA,NA
452.304,15.5807,63.0221,17.5708,98.6495,63901.7080,12.7506,NA,NA,NA,NA,NA,NA,NA,NA,NA,NA
452.406,15.5722,62.9331,17.5675,98.6124,63901.7080,12.7506,NA,NA,NA,NA,NA,NA,NA,NA,NA,NA
452.505,15.5342,62.5361,17.5616,98.5452,26220.1960,-53.7361,NA,NA,NA,NA,NA,NA,NA,NA,NA,NA
452.639,15.5342,62.5361,17.5569,98.4921,25375.7860,-55.2260,NA,NA,NA,NA,NA,NA,NA,NA,NA,NA
452.706,15.5494,62.6951,17.5569,98.4921,27664.9080,-51.1870,NA,NA,NA,NA,NA,NA,NA,NA,NA,NA
452.821,15.5494,62.6951,17.5470,98.3800,27664.9080,-51.1870,NA,NA,NA,NA,NA,NA,NA,NA,NA,NA
452.894,15.5318,62.5108,17.5313,98.2032,23648.2460,-58.2742,NA,NA,NA,NA,NA,NA,NA,NA,NA,NA
452.992,15.5314,62.5069,17.5313,98.2032,25973.0960,-54.1721,NA,NA,NA,NA,NA,NA,NA,NA,NA,NA
453.091,15.5160,62.3457,17.5154,98.0230,50222.1040,-11.3863,NA,NA,NA,NA,NA,NA,NA,NA,NA,NA
453.213,15.4943,62.1180,17.4955,97.7987,57558.1920,1.5578,NA,NA,NA,NA,NA,NA,NA,NA,NA,NA
453.293,15.4790,61.9584,17.4858,97.6889,65318.4120,15.2502,NA,NA,NA,NA,NA,NA,NA,NA,NA,NA
453.391,15.4656,61.8183,17.4803,97.6269,65318.4120,15.2502,NA,NA,NA,NA,NA,NA,NA,NA,NA,NA
453.492,15.4257,61.4008,17.4800,97.6229,26573.6080,-53.1125,NA,NA,NA,NA,NA,NA,NA,NA,NA,NA
453.588,15.4230,61.3719,17.4711,97.5222,26530.5960,-53.1884,NA,NA,NA,NA,NA,NA,NA,NA,NA,NA
453.688,15.4048,61.1819,17.4556,97.3467,28076.5940,-50.4606,NA,NA,NA,NA,NA,NA,NA,NA,NA,NA
453.787,15.3643,60.7584,17.4506,97.2902,54545.2240,-3.7584,NA,NA,NA,NA,NA,NA,NA,NA,NA,NA
