,Ch1,,Ch2,,Ch3,,Ch4,,Ch5,,Ch6,,Ch7,,Ch8,
Time (s),R (kohm),ΔR/R0 (%),R (kohm),ΔR/R0 (%),R (kohm),ΔR/R0 (%),R (kohm),ΔR/R0 (%),R (kohm),ΔR/R0 (%),R (kohm),ΔR/R0 (%),R (kohm),ΔR/R0 (%),R (kohm),ΔR/R0 (%)
0.034,1.6744,0.0000,0.9476,0.0000,NA,NA,NA,NA,NA,NA,NA,NA,NA,NA,NA,NA
0.136,1.6781,0.0000,0.9474,0.0000,NA,NA,NA,NA,NA,NA,NA,NA,NA,NA,NA,NA
0.227,1.6781,0.0000,0.9470,0.0000,NA,NA,NA,NA,NA,NA,NA,NA,NA,NA,NA,NA
0.329,1.6770,0.0000,0.9471,0.0000,NA,NA,NA,NA,NA,NA,NA,NA,NA,NA,NA,NA
0.412,1.6779,0.0000,0.9472,0.0000,NA,NA,NA,NA,NA,NA,NA,NA,NA,NA,NA,NA
0.528,1.6779,0.0000,0.9476,0.0000,NA,NA,NA,NA,NA,NA,NA,NA,NA,NA,NA,NA
0.644,1.6786,0.0000,0.9476,0.0000,NA,NA,NA,NA,NA,NA,NA,NA,NA,NA,NA,NA
0.726,1.6786,0.0000,0.9476,0.0000,NA,NA,NA,NA,NA,NA,NA,NA,NA,NA,NA,NA
0.811,1.6758,0.0000,0.9474,0.0000,NA,NA,NA,NA,NA,NA,NA,NA,NA,NA,NA,NA
0.913,1.6752,0.0000,0.9480,0.0000,NA,NA,NA,NA,NA,NA,NA,NA,NA,NA,NA,NA
1.024,1.6744,0.0000,0.9480,0.0000,NA,NA,NA,NA,NA,NA,NA,NA,NA,NA,NA,NA
1.112,1.6765,0.1214,0.9479,-0.0112,NA,NA,NA,NA,NA,NA,NA,NA,NA,NA,NA,NA
1.224,1.6765,0.1214,0.9479,-0.0122,NA,NA,NA,NA,NA,NA,NA,NA,NA,NA,NA,NA
1.296,1.6741,-0.0201,0.9475,-0.0463,NA,NA,NA,NA,NA,NA,NA,NA,NA,NA,NA,NA
1.408,1.6741,-0.0201,0.9474,-0.0648,NA,NA,NA,NA,NA,NA,NA,NA,NA,NA,NA,NA
1.503,1.6744,-0.0018,0.9472,-0.0852,NA,NA,NA,NA,NA,NA,NA,NA,NA,NA,NA,NA
1.605,1.6744,-0.0018,0.9469,-0.1164,NA,NA,NA,NA,NA,NA,NA,NA,NA,NA,NA,NA
1.740,1.6727,-0.1036,0.9471,-0.0929,NA,NA,NA,NA,NA,NA,NA,NA,NA,NA,NA,NA
1.800,1.6748,0.0241,0.9471,-0.0929,NA,NA,NA,NA,NA,NA,NA,NA,NA,NA,NA,NA
1.892,1.6763,0.1107,0.9470,-0.1020,NA,NA,NA,NA,NA,NA,NA,NA,NA,NA,NA,NA
1.992,1.6764,0.1203,0.9471,-0.0904,NA,NA,NA,NA,NA,NA,NA,NA,NA,NA,NA,NA
2.091,1.7020,1.6451,0.9577,1.0226,NA,NA,NA,NA,NA,NA,NA,NA,NA,NA,NA,NA
2.195,1.7257,3.0621,0.9675,2.0584,NA,NA,NA,NA,NA,NA,NA,NA,NA,NA,NA,NA
2.286,1.7385,3.8253,0.9716,2.4881,NA,NA,NA,NA,NA,NA,NA,NA,NA,NA,NA,NA
2.387,1.7510,4.5757,0.9725,2.5901,NA,NA,NA,NA,NA,NA,NA,NA,NA,NA,NA,NA
2.484,1.7564,4.8963,0.9741,2.7524,NA,NA,NA,NA,NA,NA,NA,NA,NA,NA,NA,NA
2.583,1.7564,4.8963,0.9744,2.7843,NA,NA,NA,NA,NA,NA,NA,NA,NA,NA,NA,NA
2.676,1.7562,4.8830,0.9744,2.7843,NA,NA,NA,NA,NA,NA,NA,NA,NA,NA,NA,NA
2.771,1.7486,4.4314,0.9736,2.7057,NA,NA,NA,NA,NA,NA,NA,NA,NA,NA,NA,NA
2.875,1.7461,4.2792,0.9698,2.3025,NA,NA,NA,NA,NA,NA,NA,NA,NA,NA,NA,NA
3.017,1.7398,3.9044,0.9683,2.1406,NA,NA,NA,NA,NA,NA,NA,NA,NA,NA,NA,NA
3.065,1.7251,3.0255,0.9662,1.9254,NA,NA,NA,NA,NA,NA,NA,NA,NA,NA,NA,NA
3.170,1.7315,3.4077,0.9680,2.1171,NA,NA,NA,NA,NA,NA,NA,NA,NA,NA,NA,NA
3.261,1.7426,4.0740,0.9747,2.8210,NA,NA,NA,NA,NA,NA,NA,NA,NA,NA,NA,NA
3.361,1.7568,4.9197,0.9800,3.3737,NA,NA,NA,NA,NA,NA,NA,NA,NA,NA,NA,NA
3.465,1.7763,6.0829,0.9833,3.7224,NA,NA,NA,NA,NA,NA,NA,NA,NA,NA,NA,NA
3.561,1.7910,6.9596,0.9852,3.9287,NA,NA,NA,NA,NA,NA,NA,NA,NA,NA,NA,NA
3.654,1.7948,7.1907,0.9863,4.0475,NA,NA,NA,NA,NA,NA,NA,NA,NA,NA,NA,NA
3.757,1.8012,7.5722,0.9893,4.3597,NA,NA,NA,NA,NA,NA,NA,NA,NA,NA,NA,NA
3.851,1.8055,7.8298,0.9921,4.6538,NA,NA,NA,NA,NA,NA,NA,NA,NA,NA,NA,NA
3.949,1.8074,7.9435,0.9940,4.8562,NA,NA,NA,NA,NA,NA,NA,NA,NA,NA,NA,NA
4.045,1.8074,7.9435,0.9949,4.9527,NA,NA,NA,NA,NA,NA,NA,NA,NA,NA,NA,NA
4.170,1.8118,8.2051,0.9967,5.1427,NA,NA,NA,NA,NA,NA,NA,NA,NA,NA,NA,NA
4.246,1.8118,8.2051,0.9967,5.1427,NA,NA,NA,NA,NA,NA,NA,NA,NA,NA,NA,NA
4.366,1.8086,8.0154,0.9953,4.9905,NA,NA,NA,NA,NA,NA,NA,NA,NA,NA,NA,NA
4.434,1.8053,7.8135,0.9943,4.8864,NA,NA,NA,NA,NA,NA,NA,NA,NA,NA,NA,NA
4.547,1.7992,7.4539,0.9923,4.6723,NA,NA,NA,NA,NA,NA,NA,NA,NA,NA,NA,NA
4.641,1.7903,6.9207,0.9907,4.5105,NA,NA,NA,NA,NA,NA,NA,NA,NA,NA,NA,NA
4.788,1.7777,6.1691,0.9890,4.3302,NA,NA,NA,NA,NA,NA,NA,NA,NA,NA,NA,NA
4.832,1.7741,5.9511,0.9880,4.2233,NA,NA,NA,NA,NA,NA,NA,NA,NA,NA,NA,NA
4.930,1.7711,5.7712,0.9858,3.9944,NA,NA,NA,NA,NA,NA,NA,NA,NA,NA,NA,NA
5.024,1.7613,5.1904,0.9841,3.8089,NA,NA,NA,NA,NA,NA,NA,NA,NA,NA,NA,NA
5.144,1.7546,4.7867,0.9832,3.7148,NA,NA,NA,NA,NA,NA,NA,NA,NA,NA,NA,NA
5.229,1.7512,4.5825,0.9832,3.7148,NA,NA,NA,NA,NA,NA,NA,NA,NA,NA,NA,NA
5.319,1.7437,4.1405,0.9772,3.0834,NA,NA,NA,NA,NA,NA,NA,NA,NA,NA,NA,NA
5.426,1.7382,3.8089,0.9746,2.8071,NA,NA,NA,NA,NA,NA,NA,NA,NA,NA,NA,NA
5.519,1.7356,3.6555,0.9718,2.5132,NA,NA,NA,NA,NA,NA,NA,NA,NA,NA,NA,NA
5.616,1.7344,3.5820,0.9691,2.2239,NA,NA,NA,NA,NA,NA,NA,NA,NA,NA,NA,NA
5.710,1.7325,3.4706,0.9674,2.0506,NA,NA,NA,NA,NA,NA,NA,NA,NA,NA,NA,NA
5.807,1.7292,3.2711,0.9659,1.8872,NA,NA,NA,NA,NA,NA,NA,NA,NA,NA,NA,NA
5.946,1.7201,2.7266,0.9649,1.7831,NA,NA,NA,NA,NA,NA,NA,NA,NA,NA,NA,NA
6.009,1.7200,2.7230,0.9637,1.6589,NA,NA,NA,NA,NA,NA,NA,NA,NA,NA,NA,NA
6.104,1.7179,2.5946,0.9629,1.5796,NA,NA,NA,NA,NA,NA,NA,NA,NA,NA,NA,NA
6.198,1.7165,2.5121,0.9622,1.5042,NA,NA,NA,NA,NA,NA,NA,NA,NA,NA,NA,NA
6.312,1.7151,2.4325,0.9616,1.4338,NA,NA,NA,NA,NA,NA,NA,NA,NA,NA,NA,NA
6.403,1.7145,2.3956,0.9605,1.3221,NA,NA,NA,NA,NA,NA,NA,NA,NA,NA,NA,NA
6.551,1.7112,2.1955,0.9594,1.2087,NA,NA,NA,NA,NA,NA,NA,NA,NA,NA,NA,NA
6.601,1.7116,2.2199,0.9588,1.1397,NA,NA,NA,NA,NA,NA,NA,NA,NA,NA,NA,NA
6.704,1.7116,2.2199,0.9577,1.0282,NA,NA,NA,NA,NA,NA,NA,NA,NA,NA,NA,NA
6.786,1.7120,2.2435,0.9565,0.9006,NA,NA,NA,NA,NA,NA,NA,NA,NA,NA,NA,NA
6.888,1.7120,2.2435,0.9558,0.8302,NA,NA,NA,NA,NA,NA,NA,NA,NA,NA,NA,NA
6.982,1.7113,2.2048,0.9550,0.7408,NA,NA,NA,NA,NA,NA,NA,NA,NA,NA,NA,NA
7.079,1.7097,2.1071,0.9541,0.6434,NA,NA,NA,NA,NA,NA,NA,NA,NA,NA,NA,NA
7.188,1.7058,1.8733,0.9535,0.5873,NA,NA,NA,NA,NA,NA,NA,NA,NA,NA,NA,NA
7.275,1.7041,1.7718,0.9529,0.5172,NA,NA,NA,NA,NA,NA,NA,NA,NA,NA,NA,NA
7.378,1.7054,1.8474,0.9524,0.4684,NA,NA,NA,NA,NA,NA,NA,NA,NA,NA,NA,NA
7.485,1.7054,1.8474,0.9511,0.3354,NA,NA,NA,NA,NA,NA,NA,NA,NA,NA,NA,NA
7.575,1.7050,1.8237,0.9506,0.2792,NA,NA,NA,NA,NA,NA,NA,NA,NA,NA,NA,NA
7.666,1.7011,1.5941,0.9507,0.2894,NA,NA,NA,NA,NA,NA,NA,NA,NA,NA,NA,NA
7.766,1.6972,1.3597,0.9507,0.2894,NA,NA,NA,NA,NA,NA,NA,NA,NA,NA,NA,NA
7.866,1.6972,1.3597,0.9506,0.2822,NA,NA,NA,NA,NA,NA,NA,NA,NA,NA,NA,NA
7.957,1.6961,1.2951,0.9502,0.2385,NA,NA,NA,NA,NA,NA,NA,NA,NA,NA,NA,NA
8.074,1.6961,1.2954,0.9498,0.1919,NA,NA,NA,NA,NA,NA,NA,NA,NA,NA,NA,NA
8.165,1.6961,1.2954,0.9494,0.1500,NA,NA,NA,NA,NA,NA,NA,NA,NA,NA,NA,NA
8.267,1.6948,1.2165,0.9493,0.1450,NA,NA,NA,NA,NA,NA,NA,NA,NA,NA,NA,NA
8.358,1.6955,1.2566,0.9490,0.1071,NA,NA,NA,NA,NA,NA,NA,NA,NA,NA,NA,NA
8.453,1.6955,1.2566,0.9487,0.0801,NA,NA,NA,NA,NA,NA,NA,NA,NA,NA,NA,NA
8.560,1.6939,1.1649,0.9477,-0.0284,NA,NA,NA,NA,NA,NA,NA,NA,NA,NA,NA,NA
8.663,1.6936,1.1433,0.9472,-0.0780,NA,NA,NA,NA,NA,NA,NA,NA,NA,NA,NA,NA
8.747,1.6901,0.9369,0.9470,-0.1008,NA,NA,NA,NA,NA,NA,NA,NA,NA,NA,NA,NA
8.844,1.6901,0.9369,0.9465,-0.1523,NA,NA,NA,NA,NA,NA,NA,NA,NA,NA,NA,NA
8.949,1.6882,0.8242,0.9464,-0.1615,NA,NA,NA,NA,NA,NA,NA,NA,NA,NA,NA,NA
9.047,1.6858,0.6798,0.9456,-0.2532,NA,NA,NA,NA,NA,NA,NA,NA,NA,NA,NA,NA
9.136,1.6858,0.6798,0.9456,-0.2532,NA,NA,NA,NA,NA,NA,NA,NA,NA,NA,NA,NA
9.240,1.6843,0.5923,0.9447,-0.3484,NA,NA,NA,NA,NA,NA,NA,NA,NA,NA,NA,NA
9.338,1.6865,0.7225,0.9443,-0.3880,NA,NA,NA,NA,NA,NA,NA,NA,NA,NA,NA,NA
9.435,1.6865,0.7225,0.9442,-0.3971,NA,NA,NA,NA,NA,NA,NA,NA,NA,NA,NA,NA
9.550,1.6863,0.7097,0.9442,-0.3971,NA,NA,NA,NA,NA,NA,NA,NA,NA,NA,NA,NA
9.631,1.6836,0.5480,0.9436,-0.4613,NA,NA,NA,NA,NA,NA,NA,NA,NA,NA,NA,NA
9.730,1.6865,0.7215,0.9435,-0.4673,NA,NA,NA,NA,NA,NA,NA,NA,NA,NA,NA,NA
9.833,1.6865,0.7215,0.9431,-0.5136,NA,NA,NA,NA,NA,NA,NA,NA,NA,NA,NA,NA
9.922,1.6859,0.6857,0.9432,-0.5013,NA,NA,NA,NA,NA,NA,NA,NA,NA,NA,NA,NA
10.017,1.6801,0.3395,0.9432,-0.4995,NA,NA,NA,NA,NA,NA,NA,NA,NA,NA,NA,NA
10.120,1.6803,0.3482,0.9432,-0.4995,NA,NA,NA,NA,NA,NA,NA,NA,NA,NA,NA,NA
10.223,1.6815,0.4220,0.9428,-0.5410,NA,NA,NA,NA,NA,NA,NA,NA,NA,NA,NA,NA
10.320,1.6815,0.4220,0.9425,-0.5744,NA,NA,NA,NA,NA,NA,NA,NA,NA,NA,NA,NA
10.412,1.6790,0.2752,0.9426,-0.5671,NA,NA,NA,NA,NA,NA,NA,NA,NA,NA,NA,NA
10.506,1.6790,0.2752,0.9426,-0.5671,NA,NA,NA,NA,NA,NA,NA,NA,NA,NA,NA,NA
10.605,1.6775,0.1856,0.9423,-0.5988,NA,NA,NA,NA,NA,NA,NA,NA,NA,NA,NA,NA
10.705,1.6774,0.1810,0.9423,-0.5988,NA,NA,NA,NA,NA,NA,NA,NA,NA,NA,NA,NA
10.812,1.6774,0.1810,0.9422,-0.6124,NA,NA,NA,NA,NA,NA,NA,NA,NA,NA,NA,NA
10.900,1.6764,0.1166,0.9419,-0.6424,NA,NA,NA,NA,NA,NA,NA,NA,NA,NA,NA,NA
10.998,1.6762,0.1040,0.9420,-0.6319,NA,NA,NA,NA,NA,NA,NA,NA,NA,NA,NA,NA
11.093,1.6756,0.0687,0.9420,-0.6319,NA,NA,NA,NA,NA,NA,NA,NA,NA,NA,NA,NA
11.191,1.6764,0.1204,0.9411,-0.7201,NA,NA,NA,NA,NA,NA,NA,NA,NA,NA,NA,NA
11.308,1.6764,0.1204,0.9414,-0.6914,NA,NA,NA,NA,NA,NA,NA,NA,NA,NA,NA,NA
11.409,1.6741,-0.0177,0.9414,-0.6914,NA,NA,NA,NA,NA,NA,NA,NA,NA,NA,NA,NA
11.493,1.6746,0.0137,0.9411,-0.7287,NA,NA,NA,NA,NA,NA,NA,NA,NA,NA,NA,NA
11.588,1.6746,0.0137,0.9409,-0.7453,NA,NA,NA,NA,NA,NA,NA,NA,NA,NA,NA,NA
11.684,1.6719,-0.1475,0.9408,-0.7614,NA,NA,NA,NA,NA,NA,NA,NA,NA,NA,NA,NA
11.781,1.6716,-0.1691,0.9405,-0.7884,NA,NA,NA,NA,NA,NA,NA,NA,NA,NA,NA,NA
11.886,1.6679,-0.3869,0.9406,-0.7790,NA,NA,NA,NA,NA,NA,NA,NA,NA,NA,NA,NA
11.975,1.6667,-0.4629,0.9406,-0.7790,NA,NA,NA,NA,NA,NA,NA,NA,NA,NA,NA,NA
12.070,1.6668,-0.4569,0.9404,-0.8027,NA,NA,NA,NA,NA,NA,NA,NA,NA,NA,NA,NA
12.183,1.6684,-0.3579,0.9395,-0.8925,NA,NA,NA,NA,NA,NA,NA,NA,NA,NA,NA,NA
12.274,1.6684,-0.3579,0.9392,-0.9223,NA,NA,NA,NA,NA,NA,NA,NA,NA,NA,NA,NA
12.367,1.6672,-0.4292,0.9390,-0.9456,NA,NA,NA,NA,NA,NA,NA,NA,NA,NA,NA,NA
12.466,1.6653,-0.5450,0.9390,-0.9456,NA,NA,NA,NA,NA,NA,NA,NA,NA,NA,NA,NA
12.595,1.6658,-0.5127,0.9379,-1.0595,NA,NA,NA,NA,NA,NA,NA,NA,NA,NA,NA,NA
12.675,1.6658,-0.5127,0.9379,-1.0595,NA,NA,NA,NA,NA,NA,NA,NA,NA,NA,NA,NA
12.760,1.6619,-0.7483,0.9381,-1.0390,NA,NA,NA,NA,NA,NA,NA,NA,NA,NA,NA,NA
12.857,1.6610,-0.8033,0.9381,-1.0390,NA,NA,NA,NA,NA,NA,NA,NA,NA,NA,NA,NA
12.954,1.6610,-0.8033,0.9376,-1.0925,NA,NA,NA,NA,NA,NA,NA,NA,NA,NA,NA,NA
13.052,1.6594,-0.8976,0.9378,-1.0713,NA,NA,NA,NA,NA,NA,NA,NA,NA,NA,NA,NA
13.144,1.6579,-0.9885,0.9379,-1.0647,NA,NA,NA,NA,NA,NA,NA,NA,NA,NA,NA,NA
13.252,1.6594,-0.8952,0.9379,-1.0647,NA,NA,NA,NA,NA,NA,NA,NA,NA,NA,NA,NA
13.345,1.6594,-0.8952,0.9370,-1.1563,NA,NA,NA,NA,NA,NA,NA,NA,NA,NA,NA,NA
13.436,1.6585,-0.9481,0.9370,-1.1563,NA,NA,NA,NA,NA,NA,NA,NA,NA,NA,NA,NA
13.545,1.6589,-0.9277,0.9372,-1.1355,NA,NA,NA,NA,NA,NA,NA,NA,NA,NA,NA,NA
13.657,1.6589,-0.9277,0.9372,-1.1355,NA,NA,NA,NA,NA,NA,NA,NA,NA,NA,NA,NA
13.760,1.6573,-1.0225,0.9364,-1.2254,NA,NA,NA,NA,NA,NA,NA,NA,NA,NA,NA,NA
13.845,1.6582,-0.9670,0.9360,-1.2620,NA,NA,NA,NA,NA,NA,NA,NA,NA,NA,NA,NA
13.960,1.6582,-0.9670,0.9359,-1.2680,NA,NA,NA,NA,NA,NA,NA,NA,NA,NA,NA,NA
14.034,1.6555,-1.1270,0.9359,-1.2757,NA,NA,NA,NA,NA,NA,NA,NA,NA,NA,NA,NA
14.130,1.6541,-1.2139,0.9356,-1.3062,NA,NA,NA,NA,NA,NA,NA,NA,NA,NA,NA,NA
14.237,1.6534,-1.2579,0.9357,-1.2896,NA,NA,NA,NA,NA,NA,NA,NA,NA,NA,NA,NA
14.390,1.6526,-1.3020,0.9357,-1.2896,NA,NA,NA,NA,NA,NA,NA,NA,NA,NA,NA,NA
14.425,1.6526,-1.3020,0.9353,-1.3385,NA,NA,NA,NA,NA,NA,NA,NA,NA,NA,NA,NA
14.524,1.6517,-1.3566,0.9353,-1.3331,NA,NA,NA,NA,NA,NA,NA,NA,NA,NA,NA,NA
14.618,1.6529,-1.2852,0.9357,-1.2964,NA,NA,NA,NA,NA,NA,NA,NA,NA,NA,NA,NA
14.721,1.6529,-1.2852,0.9357,-1.2964,NA,NA,NA,NA,NA,NA,NA,NA,NA,NA,NA,NA
14.811,1.6510,-1.4011,0.9356,-1.3087,NA,NA,NA,NA,NA,NA,NA,NA,NA,NA,NA,NA
14.915,1.6504,-1.4324,0.9352,-1.3502,NA,NA,NA,NA,NA,NA,NA,NA,NA,NA,NA,NA
15.031,1.6495,-1.4886,0.9357,-1.2890,NA,NA,NA,NA,NA,NA,NA,NA,NA,NA,NA,NA
15.111,1.6495,-1.4886,0.9357,-1.2890,NA,NA,NA,NA,NA,NA,NA,NA,NA,NA,NA,NA
15.209,1.6492,-1.5077,0.9357,-1.2988,NA,NA,NA,NA,NA,NA,NA,NA,NA,NA,NA,NA
15.309,1.6527,-1.2999,0.9357,-1.2988,NA,NA,NA,NA,NA,NA,NA,NA,NA,NA,NA,NA
15.407,1.6527,-1.2999,0.9352,-1.3453,NA,NA,NA,NA,NA,NA,NA,NA,NA,NA,NA,NA
15.545,1.6522,-1.3276,0.9352,-1.3453,NA,NA,NA,NA,NA,NA,NA,NA,NA,NA,NA,NA
15.602,1.6517,-1.3581,0.9335,-1.5316,NA,NA,NA,NA,NA,NA,NA,NA,NA,NA,NA,NA
15.696,1.6499,-1.4628,0.9335,-1.5316,NA,NA,NA,NA,NA,NA,NA,NA,NA,NA,NA,NA
15.805,1.6487,-1.5353,0.9334,-1.5379,NA,NA,NA,NA,NA,NA,NA,NA,NA,NA,NA,NA
15.888,1.6490,-1.5167,0.9332,-1.5598,NA,NA,NA,NA,NA,NA,NA,NA,NA,NA,NA,NA
16.008,1.6497,-1.4739,0.9332,-1.5598,NA,NA,NA,NA,NA,NA,NA,NA,NA,NA,NA,NA
16.093,1.6497,-1.4739,0.9329,-1.5938,NA,NA,NA,NA,NA,NA,NA,NA,NA,NA,NA,NA
16.199,1.6488,-1.5325,0.9334,-1.5321,NA,NA,NA,NA,NA,NA,NA,NA,NA,NA,NA,NA
16.286,1.6511,-1.3941,0.9334,-1.5321,NA,NA,NA,NA,NA,NA,NA,NA,NA,NA,NA,NA
16.387,1.6511,-1.3941,0.9334,-1.5365,NA,NA,NA,NA,NA,NA,NA,NA,NA,NA,NA,NA
16.477,1.6506,-1.4209,0.9333,-1.5436,NA,NA,NA,NA,NA,NA,NA,NA,NA,NA,NA,NA
16.577,1.6492,-1.5071,0.9335,-1.5220,NA,NA,NA,NA,NA,NA,NA,NA,NA,NA,NA,NA
16.678,1.6492,-1.5071,0.9335,-1.5220,NA,NA,NA,NA,NA,NA,NA,NA,NA,NA,NA,NA
16.826,1.6494,-1.4953,0.9330,-1.5825,NA,NA,NA,NA,NA,NA,NA,NA,NA,NA,NA,NA
16.875,1.6495,-1.4894,0.9331,-1.5724,NA,NA,NA,NA,NA,NA,NA,NA,NA,NA,NA,NA
16.974,1.6510,-1.4000,0.9334,-1.5344,NA,NA,NA,NA,NA,NA,NA,NA,NA,NA,NA,NA
17.069,1.6510,-1.4000,0.9334,-1.5344,NA,NA,NA,NA,NA,NA,NA,NA,NA,NA,NA,NA
17.163,1.6491,-1.5098,0.9339,-1.4801,NA,NA,NA,NA,NA,NA,NA,NA,NA,NA,NA,NA
17.273,1.6473,-1.6200,0.9339,-1.4801,NA,NA,NA,NA,NA,NA,NA,NA,NA,NA,NA,NA
17.395,1.6462,-1.6848,0.9332,-1.5557,NA,NA,NA,NA,NA,NA,NA,NA,NA,NA,NA,NA
17.453,1.6473,-1.6225,0.9327,-1.6123,NA,NA,NA,NA,NA,NA,NA,NA,NA,NA,NA,NA
17.566,1.6473,-1.6225,0.9327,-1.6123,NA,NA,NA,NA,NA,NA,NA,NA,NA,NA,NA,NA
17.655,1.6458,-1.7094,0.9322,-1.6594,NA,NA,NA,NA,NA,NA,NA,NA,NA,NA,NA,NA
17.751,1.6465,-1.6675,0.9322,-1.6625,NA,NA,NA,NA,NA,NA,NA,NA,NA,NA,NA,NA
17.860,1.6465,-1.6675,0.9322,-1.6625,NA,NA,NA,NA,NA,NA,NA,NA,NA,NA,NA,NA
17.956,1.6451,-1.7515,0.9322,-1.6663,NA,NA,NA,NA,NA,NA,NA,NA,NA,NA,NA,NA
18.046,1.6455,-1.7257,0.9323,-1.6562,NA,NA,NA,NA,NA,NA,NA,NA,NA,NA,NA,NA
18.145,1.6457,-1.7171,0.9323,-1.6562,NA,NA,NA,NA,NA,NA,NA,NA,NA,NA,NA,NA
18.236,1.6457,-1.7171,0.9320,-1.6853,NA,NA,NA,NA,NA,NA,NA,NA,NA,NA,NA,NA
18.350,1.6440,-1.8196,0.9317,-1.7154,NA,NA,NA,NA,NA,NA,NA,NA,NA,NA,NA,NA
18.440,1.6440,-1.8196,0.9316,-1.7246,NA,NA,NA,NA,NA,NA,NA,NA,NA,NA,NA,NA
18.540,1.6433,-1.8563,0.9314,-1.7493,NA,NA,NA,NA,NA,NA,NA,NA,NA,NA,NA,NA
18.636,1.6433,-1.8566,0.9316,-1.7284,NA,NA,NA,NA,NA,NA,NA,NA,NA,NA,NA,NA
18.734,1.6433,-1.8566,0.9316,-1.7284,NA,NA,NA,NA,NA,NA,NA,NA,NA,NA,NA,NA
18.833,1.6424,-1.9152,0.9309,-1.7996,NA,NA,NA,NA,NA,NA,NA,NA,NA,NA,NA,NA
18.927,1.6409,-2.0048,0.9305,-1.8413,NA,NA,NA,NA,NA,NA,NA,NA,NA,NA,NA,NA
19.026,1.6392,-2.1010,0.9302,-1.8757,NA,NA,NA,NA,NA,NA,NA,NA,NA,NA,NA,NA
19.127,1.6393,-2.0983,0.9304,-1.8580,NA,NA,NA,NA,NA,NA,NA,NA,NA,NA,NA,NA
19.220,1.6415,-1.9640,0.9304,-1.8580,NA,NA,NA,NA,NA,NA,NA,NA,NA,NA,NA,NA
19.326,1.6415,-1.9640,0.9305,-1.8422,NA,NA,NA,NA,NA,NA,NA,NA,NA,NA,NA,NA
19.424,1.6410,-1.9982,0.9305,-1.8422,NA,NA,NA,NA,NA,NA,NA,NA,NA,NA,NA,NA
19.515,1.6390,-2.1169,0.9305,-1.8435,NA,NA,NA,NA,NA,NA,NA,NA,NA,NA,NA,NA
19.606,1.6386,-2.1415,0.9300,-1.8949,NA,NA,NA,NA,NA,NA,NA,NA,NA,NA,NA,NA
19.738,1.6386,-2.1415,0.9298,-1.9216,NA,NA,NA,NA,NA,NA,NA,NA,NA,NA,NA,NA
19.812,1.6384,-2.1532,0.9298,-1.9216,NA,NA,NA,NA,NA,NA,NA,NA,NA,NA,NA,NA
19.907,1.6365,-2.2651,0.9295,-1.9516,NA,NA,NA,NA,NA,NA,NA,NA,NA,NA,NA,NA
20.009,1.6380,-2.1766,0.9299,-1.9016,NA,NA,NA,NA,NA,NA,NA,NA,NA,NA,NA,NA
20.101,1.6381,-2.1713,0.9300,-1.8903,NA,NA,NA,NA,NA,NA,NA,NA,NA,NA,NA,NA
20.197,1.6384,-2.1508,0.9300,-1.8903,NA,NA,NA,NA,NA,NA,NA,NA,NA,NA,NA,NA
20.295,1.6385,-2.1458,0.9301,-1.8860,NA,NA,NA,NA,NA,NA,NA,NA,NA,NA,NA,NA
20.439,1.6385,-2.1458,0.9301,-1.8819,NA,NA,NA,NA,NA,NA,NA,NA,NA,NA,NA,NA
20.490,1.6383,-2.1554,0.9301,-1.8819,NA,NA,NA,NA,NA,NA,NA,NA,NA,NA,NA,NA
20.590,1.6383,-2.1554,0.9295,-1.9476,NA,NA,NA,NA,NA,NA,NA,NA,NA,NA,NA,NA
20.708,1.6387,-2.1361,0.9300,-1.8944,NA,NA,NA,NA,NA,NA,NA,NA,NA,NA,NA,NA
20.790,1.6400,-2.0532,0.9300,-1.8944,NA,NA,NA,NA,NA,NA,NA,NA,NA,NA,NA,NA
20.885,1.6400,-2.0532,0.9292,-1.9796,NA,NA,NA,NA,NA,NA,NA,NA,NA,NA,NA,NA
21.017,1.6397,-2.0761,0.9294,-1.9577,NA,NA,NA,NA,NA,NA,NA,NA,NA,NA,NA,NA
21.081,1.6400,-2.0563,0.9294,-1.9577,NA,NA,NA,NA,NA,NA,NA,NA,NA,NA,NA,NA
21.179,1.6400,-2.0563,0.9289,-2.0140,NA,NA,NA,NA,NA,NA,NA,NA,NA,NA,NA,NA
21.273,1.6394,-2.0897,0.9283,-2.0731,NA,NA,NA,NA,NA,NA,NA,NA,NA,NA,NA,NA
21.381,1.6394,-2.0897,0.9287,-2.0323,NA,NA,NA,NA,NA,NA,NA,NA,NA,NA,NA,NA
21.476,1.6392,-2.1061,0.9287,-2.0323,NA,NA,NA,NA,NA,NA,NA,NA,NA,NA,NA,NA
21.607,1.6390,-2.1139,0.9284,-2.0659,NA,NA,NA,NA,NA,NA,NA,NA,NA,NA,NA,NA
21.670,1.6387,-2.1320,0.9281,-2.1000,NA,NA,NA,NA,NA,NA,NA,NA,NA,NA,NA,NA
21.765,1.6368,-2.2460,0.9281,-2.0956,NA,NA,NA,NA,NA,NA,NA,NA,NA,NA,NA,NA
21.866,1.6365,-2.2663,0.9284,-2.0680,NA,NA,NA,NA,NA,NA,NA,NA,NA,NA,NA,NA
21.962,1.6365,-2.2663,0.9285,-2.0534,NA,NA,NA,NA,NA,NA,NA,NA,NA,NA,NA,NA
22.059,1.6376,-2.1976,0.9285,-2.0534,NA,NA,NA,NA,NA,NA,NA,NA,NA,NA,NA,NA
22.171,1.6376,-2.1976,0.9278,-2.1240,NA,NA,NA,NA,NA,NA,NA,NA,NA,NA,NA,NA
22.258,1.6351,-2.3482,0.9275,-2.1630,NA,NA,NA,NA,NA,NA,NA,NA,NA,NA,NA,NA
22.364,1.6347,-2.3750,0.9274,-2.1744,NA,NA,NA,NA,NA,NA,NA,NA,NA,NA,NA,NA
22.451,1.6334,-2.4516,0.9274,-2.1744,NA,NA,NA,NA,NA,NA,NA,NA,NA,NA,NA,NA
22.548,1.6336,-2.4368,0.9283,-2.0737,NA,NA,NA,NA,NA,NA,NA,NA,NA,NA,NA,NA
22.652,1.6336,-2.4368,0.9283,-2.0737,NA,NA,NA,NA,NA,NA,NA,NA,NA,NA,NA,NA
22.764,1.6298,-2.6636,0.9279,-2.1185,NA,NA,NA,NA,NA,NA,NA,NA,NA,NA,NA,NA
22.843,1.6311,-2.5850,0.9283,-2.0726,NA,NA,NA,NA,NA,NA,NA,NA,NA,NA,NA,NA
22.945,1.6311,-2.5850,0.9285,-2.0532,NA,NA,NA,NA,NA,NA,NA,NA,NA,NA,NA,NA
23.037,1.6307,-2.6132,0.9285,-2.0532,NA,NA,NA,NA,NA,NA,NA,NA,NA,NA,NA,NA
23.136,1.6329,-2.4797,0.9282,-2.0839,NA,NA,NA,NA,NA,NA,NA,NA,NA,NA,NA,NA
23.246,1.6329,-2.4797,0.9284,-2.0653,NA,NA,NA,NA,NA,NA,NA,NA,NA,NA,NA,NA
23.402,1.6315,-2.5608,0.9284,-2.0653,NA,NA,NA,NA,NA,NA,NA,NA,NA,NA,NA,NA
23.429,1.6342,-2.3996,0.9280,-2.1047,NA,NA,NA,NA,NA,NA,NA,NA,NA,NA,NA,NA
23.527,1.6342,-2.3996,0.9280,-2.1047,NA,NA,NA,NA,NA,NA,NA,NA,NA,NA,NA,NA
23.634,1.6318,-2.5450,0.9278,-2.1292,NA,NA,NA,NA,NA,NA,NA,NA,NA,NA,NA,NA
23.729,1.6306,-2.6183,0.9277,-2.1390,NA,NA,NA,NA,NA,NA,NA,NA,NA,NA,NA,NA
23.820,1.6289,-2.7190,0.9274,-2.1700,NA,NA,NA,NA,NA,NA,NA,NA,NA,NA,NA,NA
23.919,1.6307,-2.6102,0.9272,-2.1896,NA,NA,NA,NA,NA,NA,NA,NA,NA,NA,NA,NA
24.025,1.6307,-2.6102,0.9267,-2.2393,NA,NA,NA,NA,NA,NA,NA,NA,NA,NA,NA,NA
24.115,1.6269,-2.8352,0.9266,-2.2503,NA,NA,NA,NA,NA,NA,NA,NA,NA,NA,NA,NA
24.224,1.6290,-2.7130,0.9266,-2.2533,NA,NA,NA,NA,NA,NA,NA,NA,NA,NA,NA,NA
24.312,1.6290,-2.7130,0.9266,-2.2533,NA,NA,NA,NA,NA,NA,NA,NA,NA,NA,NA,NA
24.406,1.6283,-2.7562,0.9266,-2.2575,NA,NA,NA,NA,NA,NA,NA,NA,NA,NA,NA,NA
24.560,1.6291,-2.7065,0.9266,-2.2575,NA,NA,NA,NA,NA,NA,NA,NA,NA,NA,NA,NA
24.605,1.6291,-2.7065,0.9269,-2.2229,NA,NA,NA,NA,NA,NA,NA,NA,NA,NA,NA,NA
24.703,1.6318,-2.5437,0.9273,-2.1844,NA,NA,NA,NA,NA,NA,NA,NA,NA,NA,NA,NA
24.804,1.6318,-2.5437,0.9273,-2.1844,NA,NA,NA,NA,NA,NA,NA,NA,NA,NA,NA,NA
24.900,1.6317,-2.5538,0.9272,-2.1881,NA,NA,NA,NA,NA,NA,NA,NA,NA,NA,NA,NA
24.999,1.6317,-2.5538,0.9269,-2.2259,NA,NA,NA,NA,NA,NA,NA,NA,NA,NA,NA,NA
25.096,1.6274,-2.8089,0.9270,-2.2162,NA,NA,NA,NA,NA,NA,NA,NA,NA,NA,NA,NA
25.202,1.6262,-2.8777,0.9270,-2.2162,NA,NA,NA,NA,NA,NA,NA,NA,NA,NA,NA,NA
25.293,1.6277,-2.7928,0.9269,-2.2210,NA,NA,NA,NA,NA,NA,NA,NA,NA,NA,NA,NA
25.395,1.6277,-2.7928,0.9275,-2.1583,NA,NA,NA,NA,NA,NA,NA,NA,NA,NA,NA,NA
25.491,1.6308,-2.6072,0.9275,-2.1583,NA,NA,NA,NA,NA,NA,NA,NA,NA,NA,NA,NA
25.586,1.6308,-2.6072,0.9266,-2.2586,NA,NA,NA,NA,NA,NA,NA,NA,NA,NA,NA,NA
25.680,1.6298,-2.6621,0.9266,-2.2586,NA,NA,NA,NA,NA,NA,NA,NA,NA,NA,NA,NA
25.789,1.6288,-2.7245,0.9251,-2.4073,NA,NA,NA,NA,NA,NA,NA,NA,NA,NA,NA,NA
25.889,1.6278,-2.7872,0.9251,-2.4073,NA,NA,NA,NA,NA,NA,NA,NA,NA,NA,NA,NA
25.971,1.6274,-2.8060,0.9249,-2.4329,NA,NA,NA,NA,NA,NA,NA,NA,NA,NA,NA,NA
26.079,1.6274,-2.8060,0.9249,-2.4358,NA,NA,NA,NA,NA,NA,NA,NA,NA,NA,NA,NA
26.171,1.6261,-2.8835,0.9249,-2.4373,NA,NA,NA,NA,NA,NA,NA,NA,NA,NA,NA,NA
26.272,1.6272,-2.8209,0.9251,-2.4169,NA,NA,NA,NA,NA,NA,NA,NA,NA,NA,NA,NA
26.367,1.6274,-2.8082,0.9251,-2.4160,NA,NA,NA,NA,NA,NA,NA,NA,NA,NA,NA,NA
26.472,1.6274,-2.8082,0.9251,-2.4160,NA,NA,NA,NA,NA,NA,NA,NA,NA,NA,NA,NA
26.559,1.6267,-2.8493,0.9261,-2.3030,NA,NA,NA,NA,NA,NA,NA,NA,NA,NA,NA,NA
26.672,1.6215,-3.1586,0.9261,-2.3030,NA,NA,NA,NA,NA,NA,NA,NA,NA,NA,NA,NA
26.761,1.6259,-2.8954,0.9261,-2.3024,NA,NA,NA,NA,NA,NA,NA,NA,NA,NA,NA,NA
26.865,1.6263,-2.8722,0.9264,-2.2755,NA,NA,NA,NA,NA,NA,NA,NA,NA,NA,NA,NA
26.979,1.6263,-2.8722,0.9264,-2.2755,NA,NA,NA,NA,NA,NA,NA,NA,NA,NA,NA,NA
27.046,1.6255,-2.9214,0.9264,-2.2787,NA,NA,NA,NA,NA,NA,NA,NA,NA,NA,NA,NA
27.148,1.6252,-2.9398,0.9262,-2.2986,NA,NA,NA,NA,NA,NA,NA,NA,NA,NA,NA,NA
27.255,1.6284,-2.7458,0.9262,-2.2974,NA,NA,NA,NA,NA,NA,NA,NA,NA,NA,NA,NA
27.350,1.6284,-2.7458,0.9262,-2.2974,NA,NA,NA,NA,NA,NA,NA,NA,NA,NA,NA,NA
27.448,1.6265,-2.8622,0.9261,-2.3083,NA,NA,NA,NA,NA,NA,NA,NA,NA,NA,NA,NA
27.576,1.6291,-2.7044,0.9260,-2.3133,NA,NA,NA,NA,NA,NA,NA,NA,NA,NA,NA,NA
27.644,1.6291,-2.7044,0.9257,-2.3468,NA,NA,NA,NA,NA,NA,NA,NA,NA,NA,NA,NA
27.739,1.6282,-2.7617,0.9254,-2.3805,NA,NA,NA,NA,NA,NA,NA,NA,NA,NA,NA,NA
27.837,1.6262,-2.8818,0.9256,-2.3590,NA,NA,NA,NA,NA,NA,NA,NA,NA,NA,NA,NA
27.936,1.6255,-2.9243,0.9258,-2.3387,NA,NA,NA,NA,NA,NA,NA,NA,NA,NA,NA,NA
28.040,1.6253,-2.9319,0.9258,-2.3387,NA,NA,NA,NA,NA,NA,NA,NA,NA,NA,NA,NA
28.170,1.6248,-2.9630,0.9251,-2.4121,NA,NA,NA,NA,NA,NA,NA,NA,NA,NA,NA,NA
28.224,1.6248,-2.9663,0.9251,-2.4121,NA,NA,NA,NA,NA,NA,NA,NA,NA,NA,NA,NA
28.333,1.6245,-2.9836,0.9249,-2.4339,NA,NA,NA,NA,NA,NA,NA,NA,NA,NA,NA,NA
28.416,1.6239,-3.0200,0.9251,-2.4095,NA,NA,NA,NA,NA,NA,NA,NA,NA,NA,NA,NA
28.527,1.6236,-3.0350,0.9256,-2.3623,NA,NA,NA,NA,NA,NA,NA,NA,NA,NA,NA,NA
28.618,1.6249,-2.9580,0.9256,-2.3623,NA,NA,NA,NA,NA,NA,NA,NA,NA,NA,NA,NA
28.766,1.6262,-2.8796,0.9250,-2.4277,NA,NA,NA,NA,NA,NA,NA,NA,NA,NA,NA,NA
28.815,1.6262,-2.8796,0.9251,-2.4126,NA,NA,NA,NA,NA,NA,NA,NA,NA,NA,NA,NA
28.923,1.6250,-2.9533,0.9251,-2.4115,NA,NA,NA,NA,NA,NA,NA,NA,NA,NA,NA,NA
29.013,1.6253,-2.9312,0.9251,-2.4115,NA,NA,NA,NA,NA,NA,NA,NA,NA,NA,NA,NA
29.111,1.6253,-2.9312,0.9249,-2.4378,NA,NA,NA,NA,NA,NA,NA,NA,NA,NA,NA,NA
29.210,1.6233,-3.0541,0.9247,-2.4570,NA,NA,NA,NA,NA,NA,NA,NA,NA,NA,NA,NA
29.320,1.6219,-3.1380,0.9247,-2.4570,NA,NA,NA,NA,NA,NA,NA,NA,NA,NA,NA,NA
29.408,1.6219,-3.1380,0.9244,-2.4812,NA,NA,NA,NA,NA,NA,NA,NA,NA,NA,NA,NA
29.497,1.6203,-3.2316,0.9244,-2.4812,NA,NA,NA,NA,NA,NA,NA,NA,NA,NA,NA,NA
29.603,1.6208,-3.2042,0.9237,-2.5562,NA,NA,NA,NA,NA,NA,NA,NA,NA,NA,NA,NA
29.696,1.6208,-3.2042,0.9236,-2.5743,NA,NA,NA,NA,NA,NA,NA,NA,NA,NA,NA,NA
29.790,1.6187,-3.3299,0.9232,-2.6176,NA,NA,NA,NA,NA,NA,NA,NA,NA,NA,NA,NA
29.899,1.6181,-3.3625,0.9234,-2.5930,NA,NA,NA,NA,NA,NA,NA,NA,NA,NA,NA,NA
29.991,1.6172,-3.4181,0.9235,-2.5816,NA,NA,NA,NA,NA,NA,NA,NA,NA,NA,NA,NA
30.097,1.6169,-3.4349,0.9240,-2.5281,NA,NA,NA,NA,NA,NA,NA,NA,NA,NA,NA,NA
30.185,1.6169,-3.4349,0.9241,-2.5133,NA,NA,NA,NA,NA,NA,NA,NA,NA,NA,NA,NA
30.280,1.6160,-3.4878,0.9242,-2.5057,NA,NA,NA,NA,NA,NA,NA,NA,NA,NA,NA,NA
30.379,1.6164,-3.4643,0.9242,-2.5057,NA,NA,NA,NA,NA,NA,NA,NA,NA,NA,NA,NA
30.480,1.6174,-3.4065,0.9239,-2.5345,NA,NA,NA,NA,NA,NA,NA,NA,NA,NA,NA,NA
30.622,1.6185,-3.3398,0.9238,-2.5538,NA,NA,NA,NA,NA,NA,NA,NA,NA,NA,NA,NA
30.678,1.6185,-3.3398,0.9236,-2.5698,NA,NA,NA,NA,NA,NA,NA,NA,NA,NA,NA,NA
30.774,1.6186,-3.3315,0.9241,-2.5156,NA,NA,NA,NA,NA,NA,NA,NA,NA,NA,NA,NA
30.877,1.6186,-3.3315,0.9241,-2.5156,NA,NA,NA,NA,NA,NA,NA,NA,NA,NA,NA,NA
30.973,1.6185,-3.3415,0.9237,-2.5561,NA,NA,NA,NA,NA,NA,NA,NA,NA,NA,NA,NA
31.068,1.6179,-3.3743,0.9236,-2.5700,NA,NA,NA,NA,NA,NA,NA,NA,NA,NA,NA,NA
31.180,1.6194,-3.2878,0.9231,-2.6224,NA,NA,NA,NA,NA,NA,NA,NA,NA,NA,NA,NA
31.272,1.6211,-3.1850,0.9228,-2.6554,NA,NA,NA,NA,NA,NA,NA,NA,NA,NA,NA,NA
31.360,1.6211,-3.1850,0.9228,-2.6554,NA,NA,NA,NA,NA,NA,NA,NA,NA,NA,NA,NA
31.457,1.6143,-3.5893,0.9227,-2.6663,NA,NA,NA,NA,NA,NA,NA,NA,NA,NA,NA,NA
31.555,1.6187,-3.3252,0.9225,-2.6865,NA,NA,NA,NA,NA,NA,NA,NA,NA,NA,NA,NA
31.659,1.6187,-3.3252,0.9219,-2.7453,NA,NA,NA,NA,NA,NA,NA,NA,NA,NA,NA,NA
31.766,1.6182,-3.3575,0.9219,-2.7519,NA,NA,NA,NA,NA,NA,NA,NA,NA,NA,NA,NA
31.877,1.6229,-3.0763,0.9227,-2.6672,NA,NA,NA,NA,NA,NA,NA,NA,NA,NA,NA,NA
31.960,1.6460,-1.6981,0.9325,-1.6291,NA,NA,NA,NA,NA,NA,NA,NA,NA,NA,NA,NA
32.051,1.6800,0.3352,0.9424,-0.5827,NA,NA,NA,NA,NA,NA,NA,NA,NA,NA,NA,NA
32.150,1.7052,1.8397,0.9506,0.2766,NA,NA,NA,NA,NA,NA,NA,NA,NA,NA,NA,NA
32.243,1.7289,3.2544,0.9559,0.8411,NA,NA,NA,NA,NA,NA,NA,NA,NA,NA,NA,NA
32.345,1.7326,3.4720,0.9577,1.0246,NA,NA,NA,NA,NA,NA,NA,NA,NA,NA,NA,NA
32.432,1.7336,3.5354,0.9585,1.1146,NA,NA,NA,NA,NA,NA,NA,NA,NA,NA,NA,NA
32.535,1.7336,3.5354,0.9585,1.1146,NA,NA,NA,NA,NA,NA,NA,NA,NA,NA,NA,NA
32.643,1.7270,3.1431,0.9567,0.9235,NA,NA,NA,NA,NA,NA,NA,NA,NA,NA,NA,NA
32.731,1.7172,2.5546,0.9547,0.7087,NA,NA,NA,NA,NA,NA,NA,NA,NA,NA,NA,NA
32.834,1.7121,2.2479,0.9537,0.6057,NA,NA,NA,NA,NA,NA,NA,NA,NA,NA,NA,NA
32.959,1.7056,1.8617,0.9527,0.4940,NA,NA,NA,NA,NA,NA,NA,NA,NA,NA,NA,NA
33.029,1.6962,1.3028,0.9501,0.2287,NA,NA,NA,NA,NA,NA,NA,NA,NA,NA,NA,NA
33.118,1.6915,1.0216,0.9484,0.0424,NA,NA,NA,NA,NA,NA,NA,NA,NA,NA,NA,NA
33.228,1.6877,0.7961,0.9471,-0.0965,NA,NA,NA,NA,NA,NA,NA,NA,NA,NA,NA,NA
33.321,1.6792,0.2873,0.9449,-0.3212,NA,NA,NA,NA,NA,NA,NA,NA,NA,NA,NA,NA
33.416,1.6687,-0.3419,0.9426,-0.5674,NA,NA,NA,NA,NA,NA,NA,NA,NA,NA,NA,NA
33.570,1.6637,-0.6392,0.9405,-0.7843,NA,NA,NA,NA,NA,NA,NA,NA,NA,NA,NA,NA
33.605,1.6619,-0.7464,0.9393,-0.9099,NA,NA,NA,NA,NA,NA,NA,NA,NA,NA,NA,NA
33.714,1.6574,-1.0159,0.9375,-1.0991,NA,NA,NA,NA,NA,NA,NA,NA,NA,NA,NA,NA
33.802,1.6574,-1.0159,0.9367,-1.1938,NA,NA,NA,NA,NA,NA,NA,NA,NA,NA,NA,NA
33.904,1.6524,-1.3152,0.9352,-1.3506,NA,NA,NA,NA,NA,NA,NA,NA,NA,NA,NA,NA
33.994,1.6608,-0.8123,0.9404,-0.8030,NA,NA,NA,NA,NA,NA,NA,NA,NA,NA,NA,NA
34.162,1.6930,1.1109,0.9513,0.3489,NA,NA,NA,NA,NA,NA,NA,NA,NA,NA,NA,NA
34.213,1.7260,3.0795,0.9579,1.0460,NA,NA,NA,NA,NA,NA,NA,NA,NA,NA,NA,NA
34.304,1.7374,3.7604,0.9628,1.5621,NA,NA,NA,NA,NA,NA,NA,NA,NA,NA,NA,NA
34.398,1.7486,4.4307,0.9673,2.0419,NA,NA,NA,NA,NA,NA,NA,NA,NA,NA,NA,NA
34.488,1.7671,5.5363,0.9701,2.3384,NA,NA,NA,NA,NA,NA,NA,NA,NA,NA,NA,NA
34.592,1.7717,5.8074,0.9736,2.7018,NA,NA,NA,NA,NA,NA,NA,NA,NA,NA,NA,NA
34.696,1.7783,6.2033,0.9759,2.9427,NA,NA,NA,NA,NA,NA,NA,NA,NA,NA,NA,NA
34.825,1.7880,6.7834,0.9791,3.2890,NA,NA,NA,NA,NA,NA,NA,NA,NA,NA,NA,NA
34.882,1.7880,6.7834,0.9814,3.5242,NA,NA,NA,NA,NA,NA,NA,NA,NA,NA,NA,NA
34.982,1.7899,6.8959,0.9839,3.7912,NA,NA,NA,NA,NA,NA,NA,NA,NA,NA,NA,NA
35.084,1.7965,7.2938,0.9861,4.0233,NA,NA,NA,NA,NA,NA,NA,NA,NA,NA,NA,NA
35.183,1.7965,7.2938,0.9876,4.1816,NA,NA,NA,NA,NA,NA,NA,NA,NA,NA,NA,NA
35.283,1.7947,7.1851,0.9905,4.4820,NA,NA,NA,NA,NA,NA,NA,NA,NA,NA,NA,NA
35.447,1.7947,7.1851,0.9922,4.6613,NA,NA,NA,NA,NA,NA,NA,NA,NA,NA,NA,NA
35.462,1.7961,7.2698,0.9937,4.8229,NA,NA,NA,NA,NA,NA,NA,NA,NA,NA,NA,NA
35.569,1.7961,7.2698,0.9963,5.1027,NA,NA,NA,NA,NA,NA,NA,NA,NA,NA,NA,NA
35.674,1.7937,7.1221,0.9983,5.3117,NA,NA,NA,NA,NA,NA,NA,NA,NA,NA,NA,NA
35.769,1.7981,7.3848,0.9996,5.4488,NA,NA,NA,NA,NA,NA,NA,NA,NA,NA,NA,NA
35.867,1.7981,7.3848,0.9997,5.4619,NA,NA,NA,NA,NA,NA,NA,NA,NA,NA,NA,NA
36.031,1.7924,7.0475,0.9997,5.4619,NA,NA,NA,NA,NA,NA,NA,NA,NA,NA,NA,NA
36.074,1.7891,6.8493,0.9994,5.4263,NA,NA,NA,NA,NA,NA,NA,NA,NA,NA,NA,NA
36.168,1.7776,6.1612,0.9991,5.3931,NA,NA,NA,NA,NA,NA,NA,NA,NA,NA,NA,NA
36.254,1.7735,5.9170,0.9982,5.2944,NA,NA,NA,NA,NA,NA,NA,NA,NA,NA,NA,NA
36.365,1.7685,5.6182,0.9972,5.1948,NA,NA,NA,NA,NA,NA,NA,NA,NA,NA,NA,NA
36.455,1.7624,5.2557,0.9919,4.6299,NA,NA,NA,NA,NA,NA,NA,NA,NA,NA,NA,NA
36.598,1.7563,4.8928,0.9890,4.3267,NA,NA,NA,NA,NA,NA,NA,NA,NA,NA,NA,NA
36.648,1.7459,4.2664,0.9876,4.1781,NA,NA,NA,NA,NA,NA,NA,NA,NA,NA,NA,NA
36.758,1.7408,3.9615,0.9840,3.8028,NA,NA,NA,NA,NA,NA,NA,NA,NA,NA,NA,NA
36.850,1.7343,3.5763,0.9800,3.3813,NA,NA,NA,NA,NA,NA,NA,NA,NA,NA,NA,NA
36.944,1.7264,3.1055,0.9774,3.1042,NA,NA,NA,NA,NA,NA,NA,NA,NA,NA,NA,NA
37.040,1.7225,2.8686,0.9741,2.7596,NA,NA,NA,NA,NA,NA,NA,NA,NA,NA,NA,NA
37.170,1.7174,2.5699,0.9728,2.6234,NA,NA,NA,NA,NA,NA,NA,NA,NA,NA,NA,NA
37.238,1.7156,2.4580,0.9697,2.2924,NA,NA,NA,NA,NA,NA,NA,NA,NA,NA,NA,NA
37.336,1.7139,2.3596,0.9685,2.1650,NA,NA,NA,NA,NA,NA,NA,NA,NA,NA,NA,NA
37.441,1.7088,2.0524,0.9676,2.0711,NA,NA,NA,NA,NA,NA,NA,NA,NA,NA,NA,NA
37.524,1.7072,1.9570,0.9655,1.8487,NA,NA,NA,NA,NA,NA,NA,NA,NA,NA,NA,NA
37.636,1.7051,1.8352,0.9647,1.7646,NA,NA,NA,NA,NA,NA,NA,NA,NA,NA,NA,NA
37.788,1.7004,1.5519,0.9638,1.6710,NA,NA,NA,NA,NA,NA,NA,NA,NA,NA,NA,NA
37.820,1.6987,1.4511,0.9634,1.6241,NA,NA,NA,NA,NA,NA,NA,NA,NA,NA,NA,NA
37.921,1.6991,1.4756,0.9628,1.5651,NA,NA,NA,NA,NA,NA,NA,NA,NA,NA,NA,NA
38.021,1.6991,1.4756,0.9612,1.3989,NA,NA,NA,NA,NA,NA,NA,NA,NA,NA,NA,NA
38.114,1.6943,1.1896,0.9609,1.3589,NA,NA,NA,NA,NA,NA,NA,NA,NA,NA,NA,NA
38.217,1.6943,1.1896,0.9609,1.3589,NA,NA,NA,NA,NA,NA,NA,NA,NA,NA,NA,NA
38.327,1.6910,0.9921,0.9598,1.2520,NA,NA,NA,NA,NA,NA,NA,NA,NA,NA,NA,NA
38.421,1.6910,0.9919,0.9592,1.1861,NA,NA,NA,NA,NA,NA,NA,NA,NA,NA,NA,NA
38.508,1.6918,1.0381,0.9588,1.1374,NA,NA,NA,NA,NA,NA,NA,NA,NA,NA,NA,NA
38.615,1.6918,1.0381,0.9582,1.0773,NA,NA,NA,NA,NA,NA,NA,NA,NA,NA,NA,NA
38.713,1.6911,0.9977,0.9569,0.9433,NA,NA,NA,NA,NA,NA,NA,NA,NA,NA,NA,NA
38.809,1.6908,0.9790,0.9566,0.9133,NA,NA,NA,NA,NA,NA,NA,NA,NA,NA,NA,NA
38.902,1.6893,0.8882,0.9556,0.8053,NA,NA,NA,NA,NA,NA,NA,NA,NA,NA,NA,NA
39.000,1.6859,0.6843,0.9549,0.7324,NA,NA,NA,NA,NA,NA,NA,NA,NA,NA,NA,NA
39.097,1.6859,0.6843,0.9545,0.6847,NA,NA,NA,NA,NA,NA,NA,NA,NA,NA,NA,NA
39.192,1.6846,0.6083,0.9546,0.6998,NA,NA,NA,NA,NA,NA,NA,NA,NA,NA,NA,NA
39.288,1.6809,0.3867,0.9546,0.6998,NA,NA,NA,NA,NA,NA,NA,NA,NA,NA,NA,NA
39.392,1.6809,0.3867,0.9542,0.6543,NA,NA,NA,NA,NA,NA,NA,NA,NA,NA,NA,NA
39.499,1.6767,0.1350,0.9538,0.6121,NA,NA,NA,NA,NA,NA,NA,NA,NA,NA,NA,NA
39.617,1.6757,0.0756,0.9533,0.5595,NA,NA,NA,NA,NA,NA,NA,NA,NA,NA,NA,NA
39.684,1.6750,0.0323,0.9530,0.5350,NA,NA,NA,NA,NA,NA,NA,NA,NA,NA,NA,NA
39.772,1.6733,-0.0693,0.9526,0.4850,NA,NA,NA,NA,NA,NA,NA,NA,NA,NA,NA,NA
39.884,1.6728,-0.0991,0.9522,0.4477,NA,NA,NA,NA,NA,NA,NA,NA,NA,NA,NA,NA
39.976,1.6737,-0.0443,0.9514,0.3588,NA,NA,NA,NA,NA,NA,NA,NA,NA,NA,NA,NA
40.071,1.6737,-0.0443,0.9509,0.3107,NA,NA,NA,NA,NA,NA,NA,NA,NA,NA,NA,NA
40.219,1.6713,-0.1839,0.9512,0.3433,NA,NA,NA,NA,NA,NA,NA,NA,NA,NA,NA,NA
40.272,1.6716,-0.1682,0.9512,0.3433,NA,NA,NA,NA,NA,NA,NA,NA,NA,NA,NA,NA
40.367,1.6716,-0.1682,0.9505,0.2697,NA,NA,NA,NA,NA,NA,NA,NA,NA,NA,NA,NA
40.465,1.6713,-0.1846,0.9493,0.1400,NA,NA,NA,NA,NA,NA,NA,NA,NA,NA,NA,NA
40.568,1.6713,-0.1846,0.9481,0.0148,NA,NA,NA,NA,NA,NA,NA,NA,NA,NA,NA,NA
40.669,1.6720,-0.1471,0.9480,-0.0019,NA,NA,NA,NA,NA,NA,NA,NA,NA,NA,NA,NA
40.790,1.6720,-0.1471,0.9475,-0.0542,NA,NA,NA,NA,NA,NA,NA,NA,NA,NA,NA,NA
40.855,1.6704,-0.2381,0.9469,-0.1077,NA,NA,NA,NA,NA,NA,NA,NA,NA,NA,NA,NA
40.956,1.6702,-0.2524,0.9469,-0.1077,NA,NA,NA,NA,NA,NA,NA,NA,NA,NA,NA,NA
41.060,1.6702,-0.2524,0.9464,-0.1671,NA,NA,NA,NA,NA,NA,NA,NA,NA,NA,NA,NA
41.153,1.6687,-0.3441,0.9464,-0.1671,NA,NA,NA,NA,NA,NA,NA,NA,NA,NA,NA,NA
41.264,1.6670,-0.4416,0.9455,-0.2656,NA,NA,NA,NA,NA,NA,NA,NA,NA,NA,NA,NA
41.362,1.6670,-0.4416,0.9454,-0.2687,NA,NA,NA,NA,NA,NA,NA,NA,NA,NA,NA,NA
41.449,1.6646,-0.5842,0.9450,-0.3107,NA,NA,NA,NA,NA,NA,NA,NA,NA,NA,NA,NA
41.550,1.6617,-0.7611,0.9450,-0.3176,NA,NA,NA,NA,NA,NA,NA,NA,NA,NA,NA,NA
41.640,1.6632,-0.6712,0.9447,-0.3464,NA,NA,NA,NA,NA,NA,NA,NA,NA,NA,NA,NA
41.744,1.6648,-0.5760,0.9442,-0.3977,NA,NA,NA,NA,NA,NA,NA,NA,NA,NA,NA,NA
41.840,1.6648,-0.5760,0.9439,-0.4251,NA,NA,NA,NA,NA,NA,NA,NA,NA,NA,NA,NA
41.937,1.6625,-0.7136,0.9441,-0.4064,NA,NA,NA,NA,NA,NA,NA,NA,NA,NA,NA,NA
42.047,1.6632,-0.6712,0.9441,-0.4064,NA,NA,NA,NA,NA,NA,NA,NA,NA,NA,NA,NA
42.141,1.6632,-0.6712,0.9435,-0.4744,NA,NA,NA,NA,NA,NA,NA,NA,NA,NA,NA,NA
42.230,1.6625,-0.7129,0.9438,-0.4435,NA,NA,NA,NA,NA,NA,NA,NA,NA,NA,NA,NA
42.332,1.6613,-0.7828,0.9438,-0.4390,NA,NA,NA,NA,NA,NA,NA,NA,NA,NA,NA,NA
42.432,1.6613,-0.7828,0.9438,-0.4390,NA,NA,NA,NA,NA,NA,NA,NA,NA,NA,NA,NA
42.525,1.6604,-0.8375,0.9429,-0.5348,NA,NA,NA,NA,NA,NA,NA,NA,NA,NA,NA,NA
42.633,1.6565,-1.0687,0.9425,-0.5773,NA,NA,NA,NA,NA,NA,NA,NA,NA,NA,NA,NA
42.725,1.6578,-0.9928,0.9425,-0.5773,NA,NA,NA,NA,NA,NA,NA,NA,NA,NA,NA,NA
42.828,1.6578,-0.9928,0.9424,-0.5869,NA,NA,NA,NA,NA,NA,NA,NA,NA,NA,NA,NA
42.917,1.6561,-1.0928,0.9422,-0.6131,NA,NA,NA,NA,NA,NA,NA,NA,NA,NA,NA,NA
43.010,1.6547,-1.1799,0.9411,-0.7267,NA,NA,NA,NA,NA,NA,NA,NA,NA,NA,NA,NA
43.124,1.6526,-1.3022,0.9406,-0.7746,NA,NA,NA,NA,NA,NA,NA,NA,NA,NA,NA,NA
43.216,1.6526,-1.3022,0.9403,-0.8085,NA,NA,NA,NA,NA,NA,NA,NA,NA,NA,NA,NA
43.309,1.6522,-1.3260,0.9400,-0.8457,NA,NA,NA,NA,NA,NA,NA,NA,NA,NA,NA,NA
43.401,1.6502,-1.4465,0.9399,-0.8505,NA,NA,NA,NA,NA,NA,NA,NA,NA,NA,NA,NA
43.500,1.6502,-1.4465,0.9400,-0.8431,NA,NA,NA,NA,NA,NA,NA,NA,NA,NA,NA,NA
43.598,1.6491,-1.5095,0.9400,-0.8431,NA,NA,NA,NA,NA,NA,NA,NA,NA,NA,NA,NA
43.706,1.6490,-1.5190,0.9395,-0.8983,NA,NA,NA,NA,NA,NA,NA,NA,NA,NA,NA,NA
43.796,1.6490,-1.5190,0.9393,-0.9107,NA,NA,NA,NA,NA,NA,NA,NA,NA,NA,NA,NA
43.890,1.6479,-1.5811,0.9393,-0.9107,NA,NA,NA,NA,NA,NA,NA,NA,NA,NA,NA,NA
43.992,1.6455,-1.7264,0.9393,-0.9188,NA,NA,NA,NA,NA,NA,NA,NA,NA,NA,NA,NA
44.088,1.6465,-1.6661,0.9393,-0.9188,NA,NA,NA,NA,NA,NA,NA,NA,NA,NA,NA,NA
44.193,1.6465,-1.6661,0.9388,-0.9621,NA,NA,NA,NA,NA,NA,NA,NA,NA,NA,NA,NA
44.293,1.6441,-1.8080,0.9393,-0.9162,NA,NA,NA,NA,NA,NA,NA,NA,NA,NA,NA,NA
44.402,1.6451,-1.7505,0.9393,-0.9162,NA,NA,NA,NA,NA,NA,NA,NA,NA,NA,NA,NA
44.486,1.6451,-1.7505,0.9392,-0.9256,NA,NA,NA,NA,NA,NA,NA,NA,NA,NA,NA,NA
44.578,1.6437,-1.8341,0.9390,-0.9475,NA,NA,NA,NA,NA,NA,NA,NA,NA,NA,NA,NA
44.681,1.6451,-1.7485,0.9387,-0.9784,NA,NA,NA,NA,NA,NA,NA,NA,NA,NA,NA,NA
44.773,1.6463,-1.6804,0.9381,-1.0379,NA,NA,NA,NA,NA,NA,NA,NA,NA,NA,NA,NA
44.870,1.6463,-1.6804,0.9378,-1.0685,NA,NA,NA,NA,NA,NA,NA,NA,NA,NA,NA,NA
44.980,1.6454,-1.7304,0.9376,-1.0934,NA,NA,NA,NA,NA,NA,NA,NA,NA,NA,NA,NA
45.070,1.6448,-1.7660,0.9376,-1.0934,NA,NA,NA,NA,NA,NA,NA,NA,NA,NA,NA,NA
45.169,1.6440,-1.8150,0.9372,-1.1365,NA,NA,NA,NA,NA,NA,NA,NA,NA,NA,NA,NA
45.269,1.6438,-1.8304,0.9365,-1.2105,NA,NA,NA,NA,NA,NA,NA,NA,NA,NA,NA,NA
45.361,1.6437,-1.8357,0.9364,-1.2172,NA,NA,NA,NA,NA,NA,NA,NA,NA,NA,NA,NA
45.460,1.6416,-1.9597,0.9364,-1.2172,NA,NA,NA,NA,NA,NA,NA,NA,NA,NA,NA,NA
45.595,1.6408,-2.0055,0.9363,-1.2263,NA,NA,NA,NA,NA,NA,NA,NA,NA,NA,NA,NA
45.659,1.6415,-1.9649,0.9362,-1.2370,NA,NA,NA,NA,NA,NA,NA,NA,NA,NA,NA,NA
45.753,1.6415,-1.9649,0.9361,-1.2569,NA,NA,NA,NA,NA,NA,NA,NA,NA,NA,NA,NA
45.856,1.6413,-1.9753,0.9359,-1.2739,NA,NA,NA,NA,NA,NA,NA,NA,NA,NA,NA,NA
45.961,1.6423,-1.9179,0.9354,-1.3308,NA,NA,NA,NA,NA,NA,NA,NA,NA,NA,NA,NA
46.050,1.6423,-1.9179,0.9348,-1.3861,NA,NA,NA,NA,NA,NA,NA,NA,NA,NA,NA,NA
46.144,1.6405,-2.0229,0.9348,-1.3861,NA,NA,NA,NA,NA,NA,NA,NA,NA,NA,NA,NA
46.245,1.6388,-2.1273,0.9346,-1.4120,NA,NA,NA,NA,NA,NA,NA,NA,NA,NA,NA,NA
46.340,1.6386,-2.1410,0.9343,-1.4404,NA,NA,NA,NA,NA,NA,NA,NA,NA,NA,NA,NA
46.445,1.6379,-2.1780,0.9340,-1.4701,NA,NA,NA,NA,NA,NA,NA,NA,NA,NA,NA,NA
46.537,1.6366,-2.2594,0.9336,-1.5119,NA,NA,NA,NA,NA,NA,NA,NA,NA,NA,NA,NA
46.632,1.6366,-2.2594,0.9341,-1.4672,NA,NA,NA,NA,NA,NA,NA,NA,NA,NA,NA,NA
46.742,1.6332,-2.4602,0.9341,-1.4672,NA,NA,NA,NA,NA,NA,NA,NA,NA,NA,NA,NA
46.836,1.6332,-2.4602,0.9331,-1.5698,NA,NA,NA,NA,NA,NA,NA,NA,NA,NA,NA,NA
46.927,1.6304,-2.6300,0.9325,-1.6271,NA,NA,NA,NA,NA,NA,NA,NA,NA,NA,NA,NA
47.027,1.6304,-2.6300,0.9322,-1.6591,NA,NA,NA,NA,NA,NA,NA,NA,NA,NA,NA,NA
47.125,1.6304,-2.6312,0.9321,-1.6720,NA,NA,NA,NA,NA,NA,NA,NA,NA,NA,NA,NA
47.240,1.6319,-2.5402,0.9315,-1.7389,NA,NA,NA,NA,NA,NA,NA,NA,NA,NA,NA,NA
47.323,1.6319,-2.5402,0.9315,-1.7382,NA,NA,NA,NA,NA,NA,NA,NA,NA,NA,NA,NA
47.424,1.6303,-2.6363,0.9315,-1.7382,NA,NA,NA,NA,NA,NA,NA,NA,NA,NA,NA,NA
47.516,1.6282,-2.7620,0.9315,-1.7344,NA,NA,NA,NA,NA,NA,NA,NA,NA,NA,NA,NA
47.603,1.6273,-2.8152,0.9315,-1.7344,NA,NA,NA,NA,NA,NA,NA,NA,NA,NA,NA,NA
47.714,1.6243,-2.9940,0.9310,-1.7944,NA,NA,NA,NA,NA,NA,NA,NA,NA,NA,NA,NA
47.807,1.6249,-2.9576,0.9307,-1.8196,NA,NA,NA,NA,NA,NA,NA,NA,NA,NA,NA,NA
47.897,1.6249,-2.9576,0.9307,-1.8196,NA,NA,NA,NA,NA,NA,NA,NA,NA,NA,NA,NA
48.003,1.6250,-2.9522,0.9295,-1.9438,NA,NA,NA,NA,NA,NA,NA,NA,NA,NA,NA,NA
48.113,1.6253,-2.9358,0.9304,-1.8576,NA,NA,NA,NA,NA,NA,NA,NA,NA,NA,NA,NA
48.213,1.6273,-2.8121,0.9307,-1.8224,NA,NA,NA,NA,NA,NA,NA,NA,NA,NA,NA,NA
48.306,1.6273,-2.8121,0.9307,-1.8224,NA,NA,NA,NA,NA,NA,NA,NA,NA,NA,NA,NA
48.397,1.6264,-2.8673,0.9305,-1.8451,NA,NA,NA,NA,NA,NA,NA,NA,NA,NA,NA,NA
48.578,1.6285,-2.7449,0.9292,-1.9798,NA,NA,NA,NA,NA,NA,NA,NA,NA,NA,NA,NA
48.591,1.6285,-2.7449,0.9291,-1.9860,NA,NA,NA,NA,NA,NA,NA,NA,NA,NA,NA,NA
48.691,1.6278,-2.7852,0.9291,-1.9860,NA,NA,NA,NA,NA,NA,NA,NA,NA,NA,NA,NA
48.787,1.6313,-2.5767,0.9288,-2.0170,NA,NA,NA,NA,NA,NA,NA,NA,NA,NA,NA,NA
48.894,1.6313,-2.5767,0.9288,-2.0170,NA,NA,NA,NA,NA,NA,NA,NA,NA,NA,NA,NA
48.997,1.6309,-2.5988,0.9291,-1.9939,NA,NA,NA,NA,NA,NA,NA,NA,NA,NA,NA,NA
49.137,1.6256,-2.9159,0.9291,-1.9939,NA,NA,NA,NA,NA,NA,NA,NA,NA,NA,NA,NA
49.180,1.6246,-2.9745,0.9290,-1.9963,NA,NA,NA,NA,NA,NA,NA,NA,NA,NA,NA,NA
49.273,1.6246,-2.9745,0.9293,-1.9670,NA,NA,NA,NA,NA,NA,NA,NA,NA,NA,NA,NA
49.376,1.6281,-2.7663,0.9293,-1.9670,NA,NA,NA,NA,NA,NA,NA,NA,NA,NA,NA,NA
49.476,1.6281,-2.7663,0.9293,-1.9713,NA,NA,NA,NA,NA,NA,NA,NA,NA,NA,NA,NA
49.569,1.6219,-3.1365,0.9290,-2.0035,NA,NA,NA,NA,NA,NA,NA,NA,NA,NA,NA,NA
49.672,1.6249,-2.9556,0.9279,-2.1147,NA,NA,NA,NA,NA,NA,NA,NA,NA,NA,NA,NA
49.828,1.6249,-2.9556,0.9281,-2.0987,NA,NA,NA,NA,NA,NA,NA,NA,NA,NA,NA,NA
49.857,1.6222,-3.1201,0.9281,-2.0987,NA,NA,NA,NA,NA,NA,NA,NA,NA,NA,NA,NA
49.967,1.6215,-3.1581,0.9274,-2.1677,NA,NA,NA,NA,NA,NA,NA,NA,NA,NA,NA,NA
50.065,1.6215,-3.1581,0.9277,-2.1417,NA,NA,NA,NA,NA,NA,NA,NA,NA,NA,NA,NA
50.157,1.6209,-3.1982,0.9279,-2.1143,NA,NA,NA,NA,NA,NA,NA,NA,NA,NA,NA,NA
50.255,1.6205,-3.2229,0.9279,-2.1143,NA,NA,NA,NA,NA,NA,NA,NA,NA,NA,NA,NA
50.356,1.6222,-3.1185,0.9278,-2.1251,NA,NA,NA,NA,NA,NA,NA,NA,NA,NA,NA,NA
50.455,1.6222,-3.1185,0.9280,-2.1093,NA,NA,NA,NA,NA,NA,NA,NA,NA,NA,NA,NA
50.551,1.6206,-3.2153,0.9283,-2.0733,NA,NA,NA,NA,NA,NA,NA,NA,NA,NA,NA,NA
50.653,1.6223,-3.1140,0.9283,-2.0733,NA,NA,NA,NA,NA,NA,NA,NA,NA,NA,NA,NA
50.750,1.6223,-3.1140,0.9276,-2.1472,NA,NA,NA,NA,NA,NA,NA,NA,NA,NA,NA,NA
50.852,1.6218,-3.1428,0.9272,-2.1957,NA,NA,NA,NA,NA,NA,NA,NA,NA,NA,NA,NA
50.965,1.6257,-2.9088,0.9272,-2.1957,NA,NA,NA,NA,NA,NA,NA,NA,NA,NA,NA,NA
51.044,1.6257,-2.9088,0.9270,-2.2166,NA,NA,NA,NA,NA,NA,NA,NA,NA,NA,NA,NA
51.135,1.6220,-3.1290,0.9270,-2.2166,NA,NA,NA,NA,NA,NA,NA,NA,NA,NA,NA,NA
51.235,1.6222,-3.1176,0.9266,-2.2518,NA,NA,NA,NA,NA,NA,NA,NA,NA,NA,NA,NA
51.340,1.6222,-3.1176,0.9268,-2.2335,NA,NA,NA,NA,NA,NA,NA,NA,NA,NA,NA,NA
51.430,1.6188,-3.3206,0.9268,-2.2335,NA,NA,NA,NA,NA,NA,NA,NA,NA,NA,NA,NA
51.578,1.6178,-3.3840,0.9266,-2.2588,NA,NA,NA,NA,NA,NA,NA,NA,NA,NA,NA,NA
51.630,1.6178,-3.3840,0.9266,-2.2588,NA,NA,NA,NA,NA,NA,NA,NA,NA,NA,NA,NA
51.736,1.6163,-3.4730,0.9260,-2.3165,NA,NA,NA,NA,NA,NA,NA,NA,NA,NA,NA,NA
51.828,1.6162,-3.4745,0.9250,-2.4254,NA,NA,NA,NA,NA,NA,NA,NA,NA,NA,NA,NA
51.920,1.6162,-3.4745,0.9250,-2.4185,NA,NA,NA,NA,NA,NA,NA,NA,NA,NA,NA,NA
52.016,1.6157,-3.5092,0.9250,-2.4185,NA,NA,NA,NA,NA,NA,NA,NA,NA,NA,NA,NA
52.171,1.6157,-3.5057,0.9254,-2.3763,NA,NA,NA,NA,NA,NA,NA,NA,NA,NA,NA,NA
52.217,1.6157,-3.5057,0.9254,-2.3763,NA,NA,NA,NA,NA,NA,NA,NA,NA,NA,NA,NA
52.312,1.6140,-3.6106,0.9252,-2.4045,NA,NA,NA,NA,NA,NA,NA,NA,NA,NA,NA,NA
52.412,1.6143,-3.5883,0.9252,-2.4045,NA,NA,NA,NA,NA,NA,NA,NA,NA,NA,NA,NA
52.511,1.6143,-3.5883,0.9250,-2.4262,NA,NA,NA,NA,NA,NA,NA,NA,NA,NA,NA,NA
52.605,1.6128,-3.6785,0.9251,-2.4163,NA,NA,NA,NA,NA,NA,NA,NA,NA,NA,NA,NA
52.763,1.6118,-3.7396,0.9251,-2.4163,NA,NA,NA,NA,NA,NA,NA,NA,NA,NA,NA,NA
52.801,1.6133,-3.6479,0.9247,-2.4590,NA,NA,NA,NA,NA,NA,NA,NA,NA,NA,NA,NA
52.898,1.6133,-3.6479,0.9247,-2.4590,NA,NA,NA,NA,NA,NA,NA,NA,NA,NA,NA,NA
53.003,1.6129,-3.6712,0.9247,-2.4561,NA,NA,NA,NA,NA,NA,NA,NA,NA,NA,NA,NA
53.096,1.6119,-3.7322,0.9253,-2.3871,NA,NA,NA,NA,NA,NA,NA,NA,NA,NA,NA,NA
53.199,1.6093,-3.8900,0.9253,-2.3871,NA,NA,NA,NA,NA,NA,NA,NA,NA,NA,NA,NA
53.337,1.6115,-3.7589,0.9250,-2.4201,NA,NA,NA,NA,NA,NA,NA,NA,NA,NA,NA,NA
53.386,1.6118,-3.7384,0.9249,-2.4350,NA,NA,NA,NA,NA,NA,NA,NA,NA,NA,NA,NA
53.486,1.6118,-3.7384,0.9249,-2.4372,NA,NA,NA,NA,NA,NA,NA,NA,NA,NA,NA,NA
53.595,1.6105,-3.8173,0.9243,-2.4973,NA,NA,NA,NA,NA,NA,NA,NA,NA,NA,NA,NA
53.684,1.6091,-3.9015,0.9240,-2.5260,NA,NA,NA,NA,NA,NA,NA,NA,NA,NA,NA,NA
53.786,1.6102,-3.8380,0.9240,-2.5321,NA,NA,NA,NA,NA,NA,NA,NA,NA,NA,NA,NA
53.880,1.6102,-3.8380,0.9240,-2.5321,NA,NA,NA,NA,NA,NA,NA,NA,NA,NA,NA,NA
53.980,1.6110,-3.7870,0.9232,-2.6084,NA,NA,NA,NA,NA,NA,NA,NA,NA,NA,NA,NA
54.080,1.6110,-3.7870,0.9233,-2.5970,NA,NA,NA,NA,NA,NA,NA,NA,NA,NA,NA,NA
54.173,1.6093,-3.8867,0.9233,-2.5970,NA,NA,NA,NA,NA,NA,NA,NA,NA,NA,NA,NA
54.261,1.6082,-3.9518,0.9230,-2.6389,NA,NA,NA,NA,NA,NA,NA,NA,NA,NA,NA,NA
54.363,1.6093,-3.8862,0.9229,-2.6438,NA,NA,NA,NA,NA,NA,NA,NA,NA,NA,NA,NA
54.468,1.6093,-3.8862,0.9229,-2.6438,NA,NA,NA,NA,NA,NA,NA,NA,NA,NA,NA,NA
54.586,1.6071,-4.0229,0.9231,-2.6247,NA,NA,NA,NA,NA,NA,NA,NA,NA,NA,NA,NA
54.657,1.6085,-3.9351,0.9234,-2.5969,NA,NA,NA,NA,NA,NA,NA,NA,NA,NA,NA,NA
54.768,1.6087,-3.9249,0.9235,-2.5865,NA,NA,NA,NA,NA,NA,NA,NA,NA,NA,NA,NA
54.858,1.6087,-3.9249,0.9235,-2.5865,NA,NA,NA,NA,NA,NA,NA,NA,NA,NA,NA,NA
54.962,1.6080,-3.9663,0.9234,-2.5931,NA,NA,NA,NA,NA,NA,NA,NA,NA,NA,NA,NA
55.055,1.6065,-4.0584,0.9229,-2.6401,NA,NA,NA,NA,NA,NA,NA,NA,NA,NA,NA,NA
55.196,1.6065,-4.0584,0.9229,-2.6401,NA,NA,NA,NA,NA,NA,NA,NA,NA,NA,NA,NA
55.252,1.6062,-4.0741,0.9228,-2.6541,NA,NA,NA,NA,NA,NA,NA,NA,NA,NA,NA,NA
55.350,1.6043,-4.1900,0.9232,-2.6089,NA,NA,NA,NA,NA,NA,NA,NA,NA,NA,NA,NA
55.452,1.6057,-4.1020,0.9234,-2.5917,NA,NA,NA,NA,NA,NA,NA,NA,NA,NA,NA,NA
55.544,1.6061,-4.0803,0.9234,-2.5917,NA,NA,NA,NA,NA,NA,NA,NA,NA,NA,NA,NA
55.637,1.6061,-4.0803,0.9231,-2.6266,NA,NA,NA,NA,NA,NA,NA,NA,NA,NA,NA,NA
55.786,1.6048,-4.1583,0.9229,-2.6425,NA,NA,NA,NA,NA,NA,NA,NA,NA,NA,NA,NA
55.839,1.6044,-4.1791,0.9227,-2.6693,NA,NA,NA,NA,NA,NA,NA,NA,NA,NA,NA,NA
55.938,1.6044,-4.1791,0.9227,-2.6693,NA,NA,NA,NA,NA,NA,NA,NA,NA,NA,NA,NA
56.034,1.6028,-4.2768,0.9229,-2.6496,NA,NA,NA,NA,NA,NA,NA,NA,NA,NA,NA,NA
56.131,1.6047,-4.1619,0.9229,-2.6496,NA,NA,NA,NA,NA,NA,NA,NA,NA,NA,NA,NA
56.231,1.6048,-4.1571,0.9225,-2.6848,NA,NA,NA,NA,NA,NA,NA,NA,NA,NA,NA,NA
56.361,1.6048,-4.1571,0.9232,-2.6117,NA,NA,NA,NA,NA,NA,NA,NA,NA,NA,NA,NA
56.426,1.6043,-4.1890,0.9232,-2.6117,NA,NA,NA,NA,NA,NA,NA,NA,NA,NA,NA,NA
56.524,1.6040,-4.2070,0.9221,-2.7275,NA,NA,NA,NA,NA,NA,NA,NA,NA,NA,NA,NA
56.626,1.6040,-4.2070,0.9211,-2.8294,NA,NA,NA,NA,NA,NA,NA,NA,NA,NA,NA,NA
56.720,1.6029,-4.2716,0.9217,-2.7680,NA,NA,NA,NA,NA,NA,NA,NA,NA,NA,NA,NA
56.818,1.6040,-4.2081,0.9222,-2.7211,NA,NA,NA,NA,NA,NA,NA,NA,NA,NA,NA,NA
56.913,1.6047,-4.1665,0.9222,-2.7211,NA,NA,NA,NA,NA,NA,NA,NA,NA,NA,NA,NA
57.009,1.6054,-4.1235,0.9212,-2.8285,NA,NA,NA,NA,NA,NA,NA,NA,NA,NA,NA,NA
57.111,1.6054,-4.1235,0.9209,-2.8537,NA,NA,NA,NA,NA,NA,NA,NA,NA,NA,NA,NA
57.213,1.6024,-4.3019,0.9210,-2.8484,NA,NA,NA,NA,NA,NA,NA,NA,NA,NA,NA,NA
57.306,1.6024,-4.3019,0.9210,-2.8484,NA,NA,NA,NA,NA,NA,NA,NA,NA,NA,NA,NA
57.406,1.6023,-4.3064,0.9215,-2.7908,NA,NA,NA,NA,NA,NA,NA,NA,NA,NA,NA,NA
57.502,1.6003,-4.4246,0.9215,-2.7908,NA,NA,NA,NA,NA,NA,NA,NA,NA,NA,NA,NA
57.612,1.6022,-4.3136,0.9215,-2.7934,NA,NA,NA,NA,NA,NA,NA,NA,NA,NA,NA,NA
57.697,1.6029,-4.2710,0.9212,-2.8202,NA,NA,NA,NA,NA,NA,NA,NA,NA,NA,NA,NA
57.794,1.6029,-4.2710,0.9209,-2.8595,NA,NA,NA,NA,NA,NA,NA,NA,NA,NA,NA,NA
57.893,1.6008,-4.3956,0.9209,-2.8595,NA,NA,NA,NA,NA,NA,NA,NA,NA,NA,NA,NA
57.991,1.6035,-4.2353,0.9211,-2.8389,NA,NA,NA,NA,NA,NA,NA,NA,NA,NA,NA,NA
58.089,1.6035,-4.2353,0.9215,-2.7892,NA,NA,NA,NA,NA,NA,NA,NA,NA,NA,NA,NA
58.187,1.6008,-4.3964,0.9215,-2.7889,NA,NA,NA,NA,NA,NA,NA,NA,NA,NA,NA,NA
58.287,1.6019,-4.3297,0.9215,-2.7889,NA,NA,NA,NA,NA,NA,NA,NA,NA,NA,NA,NA
58.381,1.6019,-4.3297,0.9210,-2.8431,NA,NA,NA,NA,NA,NA,NA,NA,NA,NA,NA,NA
58.483,1.6035,-4.2374,0.9209,-2.8573,NA,NA,NA,NA,NA,NA,NA,NA,NA,NA,NA,NA
58.578,1.6038,-4.2170,0.9210,-2.8461,NA,NA,NA,NA,NA,NA,NA,NA,NA,NA,NA,NA
58.688,1.6038,-4.2170,0.9210,-2.8461,NA,NA,NA,NA,NA,NA,NA,NA,NA,NA,NA,NA
58.804,1.6037,-4.2246,0.9207,-2.8721,NA,NA,NA,NA,NA,NA,NA,NA,NA,NA,NA,NA
58.875,1.6037,-4.2246,0.9204,-2.9082,NA,NA,NA,NA,NA,NA,NA,NA,NA,NA,NA,NA
58.972,1.6030,-4.2680,0.9203,-2.9195,NA,NA,NA,NA,NA,NA,NA,NA,NA,NA,NA,NA
59.072,1.5998,-4.4569,0.9203,-2.9195,NA,NA,NA,NA,NA,NA,NA,NA,NA,NA,NA,NA
59.168,1.5980,-4.5656,0.9198,-2.9686,NA,NA,NA,NA,NA,NA,NA,NA,NA,NA,NA,NA
59.265,1.6009,-4.3914,0.9200,-2.9517,NA,NA,NA,NA,NA,NA,NA,NA,NA,NA,NA,NA
59.396,1.6009,-4.3914,0.9204,-2.9132,NA,NA,NA,NA,NA,NA,NA,NA,NA,NA,NA,NA
59.458,1.5962,-4.6728,0.9205,-2.8929,NA,NA,NA,NA,NA,NA,NA,NA,NA,NA,NA,NA
59.557,1.5962,-4.6728,0.9205,-2.8929,NA,NA,NA,NA,NA,NA,NA,NA,NA,NA,NA,NA
59.657,1.5964,-4.6577,0.9204,-2.9077,NA,NA,NA,NA,NA,NA,NA,NA,NA,NA,NA,NA
59.754,1.5976,-4.5861,0.9202,-2.9290,NA,NA,NA,NA,NA,NA,NA,NA,NA,NA,NA,NA
59.854,1.5977,-4.5815,0.9201,-2.9400,NA,NA,NA,NA,NA,NA,NA,NA,NA,NA,NA,NA
60.006,1.5977,-4.5815,0.9200,-2.9465,NA,NA,NA,NA,NA,NA,NA,NA,NA,NA,NA,NA
60.046,1.5981,-4.5588,0.9199,-2.9577,NA,NA,NA,NA,NA,NA,NA,NA,NA,NA,NA,NA
60.149,1.5981,-4.5588,0.9201,-2.9445,NA,NA,NA,NA,NA,NA,NA,NA,NA,NA,NA,NA
60.247,1.5971,-4.6195,0.9201,-2.9445,NA,NA,NA,NA,NA,NA,NA,NA,NA,NA,NA,NA
60.337,1.5968,-4.6378,0.9199,-2.9652,NA,NA,NA,NA,NA,NA,NA,NA,NA,NA,NA,NA
60.440,1.5968,-4.6378,0.9196,-2.9910,NA,NA,NA,NA,NA,NA,NA,NA,NA,NA,NA,NA
60.538,1.5954,-4.7172,0.9196,-2.9910,NA,NA,NA,NA,NA,NA,NA,NA,NA,NA,NA,NA
60.627,1.5949,-4.7504,0.9199,-2.9638,NA,NA,NA,NA,NA,NA,NA,NA,NA,NA,NA,NA
60.737,1.5979,-4.5706,0.9199,-2.9565,NA,NA,NA,NA,NA,NA,NA,NA,NA,NA,NA,NA
60.832,1.5979,-4.5706,0.9199,-2.9565,NA,NA,NA,NA,NA,NA,NA,NA,NA,NA,NA,NA
60.928,1.6000,-4.4445,0.9198,-2.9696,NA,NA,NA,NA,NA,NA,NA,NA,NA,NA,NA,NA
61.028,1.6000,-4.4445,0.9197,-2.9818,NA,NA,NA,NA,NA,NA,NA,NA,NA,NA,NA,NA
61.121,1.5984,-4.5398,0.9197,-2.9818,NA,NA,NA,NA,NA,NA,NA,NA,NA,NA,NA,NA
61.213,1.5980,-4.5615,0.9196,-2.9950,NA,NA,NA,NA,NA,NA,NA,NA,NA,NA,NA,NA
61.322,1.5986,-4.5272,0.9196,-2.9950,NA,NA,NA,NA,NA,NA,NA,NA,NA,NA,NA,NA
61.429,1.5986,-4.5272,0.9196,-2.9881,NA,NA,NA,NA,NA,NA,NA,NA,NA,NA,NA,NA
61.517,1.5971,-4.6187,0.9196,-2.9881,NA,NA,NA,NA,NA,NA,NA,NA,NA,NA,NA,NA
61.608,1.5969,-4.6325,0.9191,-3.0441,NA,NA,NA,NA,NA,NA,NA,NA,NA,NA,NA,NA
61.786,1.5965,-4.6535,0.9191,-3.0441,NA,NA,NA,NA,NA,NA,NA,NA,NA,NA,NA,NA
61.805,1.5965,-4.6535,0.9185,-3.1099,NA,NA,NA,NA,NA,NA,NA,NA,NA,NA,NA,NA
61.906,1.5932,-4.8521,0.9180,-3.1629,NA,NA,NA,NA,NA,NA,NA,NA,NA,NA,NA,NA
62.003,1.5932,-4.8521,0.9177,-3.1938,NA,NA,NA,NA,NA,NA,NA,NA,NA,NA,NA,NA
62.107,1.5872,-5.2064,0.9176,-3.1994,NA,NA,NA,NA,NA,NA,NA,NA,NA,NA,NA,NA
62.204,1.5940,-4.8033,0.9198,-2.9707,NA,NA,NA,NA,NA,NA,NA,NA,NA,NA,NA,NA
62.325,1.6284,-2.7495,0.9311,-1.7775,NA,NA,NA,NA,NA,NA,NA,NA,NA,NA,NA,NA
62.396,1.6575,-1.0086,0.9373,-1.1211,NA,NA,NA,NA,NA,NA,NA,NA,NA,NA,NA,NA
62.498,1.6704,-0.2411,0.9419,-0.6432,NA,NA,NA,NA,NA,NA,NA,NA,NA,NA,NA,NA
62.601,1.6788,0.2590,0.9430,-0.5260,NA,NA,NA,NA,NA,NA,NA,NA,NA,NA,NA,NA
62.691,1.6788,0.2590,0.9430,-0.5260,NA,NA,NA,NA,NA,NA,NA,NA,NA,NA,NA,NA
62.792,1.6723,-0.1291,0.9414,-0.6899,NA,NA,NA,NA,NA,NA,NA,NA,NA,NA,NA,NA
62.881,1.6628,-0.6913,0.9410,-0.7339,NA,NA,NA,NA,NA,NA,NA,NA,NA,NA,NA,NA
63.001,1.6591,-0.9132,0.9391,-0.9346,NA,NA,NA,NA,NA,NA,NA,NA,NA,NA,NA,NA
63.090,1.6566,-1.0667,0.9369,-1.1631,NA,NA,NA,NA,NA,NA,NA,NA,NA,NA,NA,NA
63.178,1.6511,-1.3904,0.9350,-1.3675,NA,NA,NA,NA,NA,NA,NA,NA,NA,NA,NA,NA
63.275,1.6456,-1.7212,0.9329,-1.5891,NA,NA,NA,NA,NA,NA,NA,NA,NA,NA,NA,NA
63.373,1.6327,-2.4918,0.9315,-1.7407,NA,NA,NA,NA,NA,NA,NA,NA,NA,NA,NA,NA
63.478,1.6251,-2.9469,0.9291,-1.9929,NA,NA,NA,NA,NA,NA,NA,NA,NA,NA,NA,NA
63.623,1.6208,-3.2050,0.9277,-2.1333,NA,NA,NA,NA,NA,NA,NA,NA,NA,NA,NA,NA
63.668,1.6186,-3.3336,0.9260,-2.3200,NA,NA,NA,NA,NA,NA,NA,NA,NA,NA,NA,NA
63.772,1.6128,-3.6809,0.9249,-2.4328,NA,NA,NA,NA,NA,NA,NA,NA,NA,NA,NA,NA
63.880,1.6099,-3.8530,0.9245,-2.4711,NA,NA,NA,NA,NA,NA,NA,NA,NA,NA,NA,NA
63.977,1.6259,-2.8988,0.9292,-1.9837,NA,NA,NA,NA,NA,NA,NA,NA,NA,NA,NA,NA
64.064,1.6461,-1.6929,0.9408,-0.7513,NA,NA,NA,NA,NA,NA,NA,NA,NA,NA,NA,NA
64.159,1.6791,0.2803,0.9526,0.4881,NA,NA,NA,NA,NA,NA,NA,NA,NA,NA,NA,NA
64.261,1.7005,1.5573,0.9617,1.4518,NA,NA,NA,NA,NA,NA,NA,NA,NA,NA,NA,NA
64.356,1.7123,2.2651,0.9715,2.4790,NA,NA,NA,NA,NA,NA,NA,NA,NA,NA,NA,NA
64.457,1.7321,3.4436,0.9782,3.1870,NA,NA,NA,NA,NA,NA,NA,NA,NA,NA,NA,NA
64.548,1.7498,4.5016,0.9820,3.5891,NA,NA,NA,NA,NA,NA,NA,NA,NA,NA,NA,NA
64.654,1.7579,4.9869,0.9889,4.3197,NA,NA,NA,NA,NA,NA,NA,NA,NA,NA,NA,NA
64.784,1.7643,5.3706,0.9922,4.6635,NA,NA,NA,NA,NA,NA,NA,NA,NA,NA,NA,NA
64.845,1.7730,5.8871,0.9941,4.8657,NA,NA,NA,NA,NA,NA,NA,NA,NA,NA,NA,NA
64.943,1.7771,6.1331,0.9969,5.1625,NA,NA,NA,NA,NA,NA,NA,NA,NA,NA,NA,NA
65.041,1.7841,6.5508,1.0024,5.7455,NA,NA,NA,NA,NA,NA,NA,NA,NA,NA,NA,NA
65.158,1.7979,7.3756,1.0048,5.9917,NA,NA,NA,NA,NA,NA,NA,NA,NA,NA,NA,NA
65.235,1.8037,7.7208,1.0082,6.3566,NA,NA,NA,NA,NA,NA,NA,NA,NA,NA,NA,NA
65.392,1.8081,7.9819,1.0096,6.5002,NA,NA,NA,NA,NA,NA,NA,NA,NA,NA,NA,NA
65.440,1.8081,7.9819,1.0102,6.5694,NA,NA,NA,NA,NA,NA,NA,NA,NA,NA,NA,NA
65.532,1.8064,7.8798,1.0102,6.5694,NA,NA,NA,NA,NA,NA,NA,NA,NA,NA,NA,NA
65.632,1.7974,7.3473,1.0097,6.5131,NA,NA,NA,NA,NA,NA,NA,NA,NA,NA,NA,NA
65.726,1.7939,7.1335,1.0092,6.4589,NA,NA,NA,NA,NA,NA,NA,NA,NA,NA,NA,NA
65.820,1.7805,6.3351,1.0065,6.1703,NA,NA,NA,NA,NA,NA,NA,NA,NA,NA,NA,NA
65.925,1.7774,6.1479,1.0050,6.0159,NA,NA,NA,NA,NA,NA,NA,NA,NA,NA,NA,NA
66.028,1.7731,5.8937,1.0047,5.9822,NA,NA,NA,NA,NA,NA,NA,NA,NA,NA,NA,NA
66.122,1.7716,5.8068,1.0030,5.8043,NA,NA,NA,NA,NA,NA,NA,NA,NA,NA,NA,NA
66.214,1.7611,5.1773,1.0001,5.4979,NA,NA,NA,NA,NA,NA,NA,NA,NA,NA,NA,NA
66.303,1.7575,4.9623,0.9961,5.0779,NA,NA,NA,NA,NA,NA,NA,NA,NA,NA,NA,NA
66.412,1.7483,4.4153,0.9935,4.8004,NA,NA,NA,NA,NA,NA,NA,NA,NA,NA,NA,NA
66.513,1.7443,4.1717,0.9911,4.5475,NA,NA,NA,NA,NA,NA,NA,NA,NA,NA,NA,NA
66.612,1.7358,3.6644,0.9887,4.2931,NA,NA,NA,NA,NA,NA,NA,NA,NA,NA,NA,NA
66.704,1.7299,3.3148,0.9847,3.8798,NA,NA,NA,NA,NA,NA,NA,NA,NA,NA,NA,NA
66.799,1.7252,3.0328,0.9829,3.6799,NA,NA,NA,NA,NA,NA,NA,NA,NA,NA,NA,NA
66.899,1.7193,2.6784,0.9811,3.4940,NA,NA,NA,NA,NA,NA,NA,NA,NA,NA,NA,NA
66.986,1.7125,2.2752,0.9791,3.2810,NA,NA,NA,NA,NA,NA,NA,NA,NA,NA,NA,NA
67.097,1.7069,1.9392,0.9772,3.0825,NA,NA,NA,NA,NA,NA,NA,NA,NA,NA,NA,NA
67.202,1.7034,1.7322,0.9754,2.8978,NA,NA,NA,NA,NA,NA,NA,NA,NA,NA,NA,NA
67.285,1.7014,1.6096,0.9742,2.7700,NA,NA,NA,NA,NA,NA,NA,NA,NA,NA,NA,NA
67.388,1.6965,1.3203,0.9727,2.6059,NA,NA,NA,NA,NA,NA,NA,NA,NA,NA,NA,NA
67.477,1.6968,1.3393,0.9716,2.4968,NA,NA,NA,NA,NA,NA,NA,NA,NA,NA,NA,NA
67.592,1.6968,1.3393,0.9706,2.3846,NA,NA,NA,NA,NA,NA,NA,NA,NA,NA,NA,NA
67.672,1.6917,1.0300,0.9693,2.2484,NA,NA,NA,NA,NA,NA,NA,NA,NA,NA,NA,NA
67.823,1.6867,0.7321,0.9673,2.0399,NA,NA,NA,NA,NA,NA,NA,NA,NA,NA,NA,NA
67.881,1.6845,0.6042,0.9656,1.8625,NA,NA,NA,NA,NA,NA,NA,NA,NA,NA,NA,NA
67.973,1.6845,0.6042,0.9646,1.7540,NA,NA,NA,NA,NA,NA,NA,NA,NA,NA,NA,NA
68.072,1.6822,0.4625,0.9641,1.6968,NA,NA,NA,NA,NA,NA,NA,NA,NA,NA,NA,NA
68.167,1.6822,0.4625,0.9626,1.5457,NA,NA,NA,NA,NA,NA,NA,NA,NA,NA,NA,NA
68.269,1.6816,0.4298,0.9618,1.4568,NA,NA,NA,NA,NA,NA,NA,NA,NA,NA,NA,NA
68.391,1.6786,0.2496,0.9612,1.3995,NA,NA,NA,NA,NA,NA,NA,NA,NA,NA,NA,NA
68.472,1.6743,-0.0070,0.9606,1.3341,NA,NA,NA,NA,NA,NA,NA,NA,NA,NA,NA,NA
68.568,1.6731,-0.0785,0.9602,1.2887,NA,NA,NA,NA,NA,NA,NA,NA,NA,NA,NA,NA
68.664,1.6731,-0.0785,0.9594,1.2073,NA,NA,NA,NA,NA,NA,NA,NA,NA,NA,NA,NA
68.768,1.6720,-0.1449,0.9589,1.1527,NA,NA,NA,NA,NA,NA,NA,NA,NA,NA,NA,NA
68.856,1.6739,-0.0325,0.9580,1.0531,NA,NA,NA,NA,NA,NA,NA,NA,NA,NA,NA,NA
68.964,1.6739,-0.0325,0.9576,1.0126,NA,NA,NA,NA,NA,NA,NA,NA,NA,NA,NA,NA
69.058,1.6681,-0.3777,0.9573,0.9893,NA,NA,NA,NA,NA,NA,NA,NA,NA,NA,NA,NA
69.155,1.6736,-0.0466,0.9573,0.9838,NA,NA,NA,NA,NA,NA,NA,NA,NA,NA,NA,NA
69.247,1.6736,-0.0466,0.9570,0.9544,NA,NA,NA,NA,NA,NA,NA,NA,NA,NA,NA,NA
69.350,1.6677,-0.4004,0.9565,0.8975,NA,NA,NA,NA,NA,NA,NA,NA,NA,NA,NA,NA
69.451,1.6677,-0.4004,0.9562,0.8716,NA,NA,NA,NA,NA,NA,NA,NA,NA,NA,NA,NA
69.546,1.6650,-0.5644,0.9550,0.7395,NA,NA,NA,NA,NA,NA,NA,NA,NA,NA,NA,NA
69.648,1.6646,-0.5893,0.9545,0.6861,NA,NA,NA,NA,NA,NA,NA,NA,NA,NA,NA,NA
69.741,1.6584,-0.9563,0.9542,0.6538,NA,NA,NA,NA,NA,NA,NA,NA,NA,NA,NA,NA
69.838,1.6613,-0.7861,0.9540,0.6345,NA,NA,NA,NA,NA,NA,NA,NA,NA,NA,NA,NA
69.951,1.6613,-0.7861,0.9536,0.5925,NA,NA,NA,NA,NA,NA,NA,NA,NA,NA,NA,NA
70.035,1.6587,-0.9389,0.9534,0.5708,NA,NA,NA,NA,NA,NA,NA,NA,NA,NA,NA,NA
70.132,1.6609,-0.8068,0.9532,0.5568,NA,NA,NA,NA,NA,NA,NA,NA,NA,NA,NA,NA
70.231,1.6609,-0.8068,0.9532,0.5568,NA,NA,NA,NA,NA,NA,NA,NA,NA,NA,NA,NA
70.329,1.6573,-1.0238,0.9532,0.5498,NA,NA,NA,NA,NA,NA,NA,NA,NA,NA,NA,NA
70.431,1.6554,-1.1345,0.9532,0.5498,NA,NA,NA,NA,NA,NA,NA,NA,NA,NA,NA,NA
70.521,1.6549,-1.1685,0.9523,0.4617,NA,NA,NA,NA,NA,NA,NA,NA,NA,NA,NA,NA
70.621,1.6548,-1.1706,0.9517,0.3932,NA,NA,NA,NA,NA,NA,NA,NA,NA,NA,NA,NA
70.748,1.6541,-1.2143,0.9517,0.3932,NA,NA,NA,NA,NA,NA,NA,NA,NA,NA,NA,NA
70.823,1.6588,-0.9353,0.9509,0.3095,NA,NA,NA,NA,NA,NA,NA,NA,NA,NA,NA,NA
70.911,1.6588,-0.9353,0.9505,0.2664,NA,NA,NA,NA,NA,NA,NA,NA,NA,NA,NA,NA
71.024,1.6583,-0.9603,0.9505,0.2664,NA,NA,NA,NA,NA,NA,NA,NA,NA,NA,NA,NA
71.115,1.6553,-1.1404,0.9504,0.2616,NA,NA,NA,NA,NA,NA,NA,NA,NA,NA,NA,NA
71.206,1.6562,-1.0902,0.9502,0.2305,NA,NA,NA,NA,NA,NA,NA,NA,NA,NA,NA,NA
71.375,1.6562,-1.0902,0.9489,0.0930,NA,NA,NA,NA,NA,NA,NA,NA,NA,NA,NA,NA
71.415,1.6554,-1.1382,0.9489,0.0930,NA,NA,NA,NA,NA,NA,NA,NA,NA,NA,NA,NA
71.508,1.6515,-1.3715,0.9482,0.0205,NA,NA,NA,NA,NA,NA,NA,NA,NA,NA,NA,NA
71.607,1.6507,-1.4150,0.9476,-0.0424,NA,NA,NA,NA,NA,NA,NA,NA,NA,NA,NA,NA
71.696,1.6507,-1.4150,0.9476,-0.0424,NA,NA,NA,NA,NA,NA,NA,NA,NA,NA,NA,NA
71.799,1.6487,-1.5337,0.9474,-0.0562,NA,NA,NA,NA,NA,NA,NA,NA,NA,NA,NA,NA
71.888,1.6518,-1.3519,0.9465,-0.1549,NA,NA,NA,NA,NA,NA,NA,NA,NA,NA,NA,NA
72.012,1.6518,-1.3519,0.9462,-0.1821,NA,NA,NA,NA,NA,NA,NA,NA,NA,NA,NA,NA
72.093,1.6511,-1.3924,0.9456,-0.2533,NA,NA,NA,NA,NA,NA,NA,NA,NA,NA,NA,NA
72.195,1.6483,-1.5604,0.9453,-0.2810,NA,NA,NA,NA,NA,NA,NA,NA,NA,NA,NA,NA
72.286,1.6483,-1.5604,0.9447,-0.3501,NA,NA,NA,NA,NA,NA,NA,NA,NA,NA,NA,NA
72.385,1.6460,-1.6992,0.9448,-0.3360,NA,NA,NA,NA,NA,NA,NA,NA,NA,NA,NA,NA
72.484,1.6422,-1.9257,0.9448,-0.3360,NA,NA,NA,NA,NA,NA,NA,NA,NA,NA,NA,NA
72.596,1.6422,-1.9257,0.9420,-0.6257,NA,NA,NA,NA,NA,NA,NA,NA,NA,NA,NA,NA
72.676,1.6416,-1.9613,0.9420,-0.6291,NA,NA,NA,NA,NA,NA,NA,NA,NA,NA,NA,NA
72.781,1.6402,-2.0438,0.9416,-0.6769,NA,NA,NA,NA,NA,NA,NA,NA,NA,NA,NA,NA
72.881,1.6432,-1.8631,0.9416,-0.6739,NA,NA,NA,NA,NA,NA,NA,NA,NA,NA,NA,NA
72.974,1.6444,-1.7903,0.9416,-0.6739,NA,NA,NA,NA,NA,NA,NA,NA,NA,NA,NA,NA
73.073,1.6444,-1.7903,0.9426,-0.5701,NA,NA,NA,NA,NA,NA,NA,NA,NA,NA,NA,NA
73.189,1.6392,-2.1025,0.9426,-0.5701,NA,NA,NA,NA,NA,NA,NA,NA,NA,NA,NA,NA
73.265,1.6387,-2.1349,0.9424,-0.5900,NA,NA,NA,NA,NA,NA,NA,NA,NA,NA,NA,NA
73.365,1.6351,-2.3455,0.9415,-0.6837,NA,NA,NA,NA,NA,NA,NA,NA,NA,NA,NA,NA
73.463,1.6334,-2.4477,0.9414,-0.6931,NA,NA,NA,NA,NA,NA,NA,NA,NA,NA,NA,NA
73.563,1.6381,-2.1671,0.9413,-0.6993,NA,NA,NA,NA,NA,NA,NA,NA,NA,NA,NA,NA
73.657,1.6381,-2.1671,0.9413,-0.6993,NA,NA,NA,NA,NA,NA,NA,NA,NA,NA,NA,NA
73.754,1.6360,-2.2920,0.9418,-0.6458,NA,NA,NA,NA,NA,NA,NA,NA,NA,NA,NA,NA
73.850,1.6340,-2.4128,0.9418,-0.6458,NA,NA,NA,NA,NA,NA,NA,NA,NA,NA,NA,NA
73.950,1.6339,-2.4201,0.9408,-0.7610,NA,NA,NA,NA,NA,NA,NA,NA,NA,NA,NA,NA
74.050,1.6339,-2.4201,0.9394,-0.8988,NA,NA,NA,NA,NA,NA,NA,NA,NA,NA,NA,NA
74.145,1.6332,-2.4620,0.9390,-0.9431,NA,NA,NA,NA,NA,NA,NA,NA,NA,NA,NA,NA
74.241,1.6329,-2.4815,0.9389,-0.9529,NA,NA,NA,NA,NA,NA,NA,NA,NA,NA,NA,NA
74.336,1.6338,-2.4231,0.9389,-0.9517,NA,NA,NA,NA,NA,NA,NA,NA,NA,NA,NA,NA
74.434,1.6338,-2.4231,0.9392,-0.9202,NA,NA,NA,NA,NA,NA,NA,NA,NA,NA,NA,NA
74.541,1.6313,-2.5752,0.9392,-0.9202,NA,NA,NA,NA,NA,NA,NA,NA,NA,NA,NA,NA
74.632,1.6314,-2.5700,0.9388,-0.9662,NA,NA,NA,NA,NA,NA,NA,NA,NA,NA,NA,NA
74.736,1.6314,-2.5700,0.9388,-0.9662,NA,NA,NA,NA,NA,NA,NA,NA,NA,NA,NA,NA
74.829,1.6331,-2.4683,0.9384,-1.0069,NA,NA,NA,NA,NA,NA,NA,NA,NA,NA,NA,NA
74.948,1.6331,-2.4683,0.9384,-1.0133,NA,NA,NA,NA,NA,NA,NA,NA,NA,NA,NA,NA
75.023,1.6304,-2.6284,0.9378,-1.0750,NA,NA,NA,NA,NA,NA,NA,NA,NA,NA,NA,NA
75.128,1.6304,-2.6284,0.9378,-1.0750,NA,NA,NA,NA,NA,NA,NA,NA,NA,NA,NA,NA
75.225,1.6304,-2.6292,0.9374,-1.1129,NA,NA,NA,NA,NA,NA,NA,NA,NA,NA,NA,NA
75.319,1.6282,-2.7583,0.9374,-1.1187,NA,NA,NA,NA,NA,NA,NA,NA,NA,NA,NA,NA
75.421,1.6282,-2.7583,0.9370,-1.1556,NA,NA,NA,NA,NA,NA,NA,NA,NA,NA,NA,NA
75.512,1.6296,-2.6760,0.9370,-1.1556,NA,NA,NA,NA,NA,NA,NA,NA,NA,NA,NA,NA
75.647,1.6296,-2.6760,0.9366,-1.1976,NA,NA,NA,NA,NA,NA,NA,NA,NA,NA,NA,NA
75.707,1.6297,-2.6713,0.9364,-1.2236,NA,NA,NA,NA,NA,NA,NA,NA,NA,NA,NA,NA
75.815,1.6311,-2.5881,0.9362,-1.2417,NA,NA,NA,NA,NA,NA,NA,NA,NA,NA,NA,NA
75.905,1.6311,-2.5881,0.9361,-1.2566,NA,NA,NA,NA,NA,NA,NA,NA,NA,NA,NA,NA
76.008,1.6288,-2.7251,0.9356,-1.3064,NA,NA,NA,NA,NA,NA,NA,NA,NA,NA,NA,NA
76.149,1.6288,-2.7251,0.9353,-1.3374,NA,NA,NA,NA,NA,NA,NA,NA,NA,NA,NA,NA
76.212,1.6256,-2.9153,0.9347,-1.3947,NA,NA,NA,NA,NA,NA,NA,NA,NA,NA,NA,NA
76.304,1.6248,-2.9642,0.9354,-1.3275,NA,NA,NA,NA,NA,NA,NA,NA,NA,NA,NA,NA
76.410,1.6245,-2.9812,0.9354,-1.3275,NA,NA,NA,NA,NA,NA,NA,NA,NA,NA,NA,NA
76.493,1.6216,-3.1573,0.9348,-1.3923,NA,NA,NA,NA,NA,NA,NA,NA,NA,NA,NA,NA
76.593,1.6216,-3.1573,0.9345,-1.4219,NA,NA,NA,NA,NA,NA,NA,NA,NA,NA,NA,NA
76.694,1.6210,-3.1881,0.9345,-1.4219,NA,NA,NA,NA,NA,NA,NA,NA,NA,NA,NA,NA
76.807,1.6228,-3.0799,0.9344,-1.4319,NA,NA,NA,NA,NA,NA,NA,NA,NA,NA,NA,NA
76.887,1.6228,-3.0799,0.9332,-1.5562,NA,NA,NA,NA,NA,NA,NA,NA,NA,NA,NA,NA
76.995,1.6221,-3.1266,0.9332,-1.5562,NA,NA,NA,NA,NA,NA,NA,NA,NA,NA,NA,NA
77.084,1.6225,-3.1033,0.9324,-1.6380,NA,NA,NA,NA,NA,NA,NA,NA,NA,NA,NA,NA
77.192,1.6225,-3.1033,0.9324,-1.6380,NA,NA,NA,NA,NA,NA,NA,NA,NA,NA,NA,NA
77.286,1.6229,-3.0787,0.9323,-1.6507,NA,NA,NA,NA,NA,NA,NA,NA,NA,NA,NA,NA
77.430,1.6234,-3.0470,0.9323,-1.6507,NA,NA,NA,NA,NA,NA,NA,NA,NA,NA,NA,NA
77.477,1.6234,-3.0470,0.9323,-1.6488,NA,NA,NA,NA,NA,NA,NA,NA,NA,NA,NA,NA
77.570,1.6227,-3.0915,0.9323,-1.6488,NA,NA,NA,NA,NA,NA,NA,NA,NA,NA,NA,NA
77.680,1.6222,-3.1196,0.9322,-1.6604,NA,NA,NA,NA,NA,NA,NA,NA,NA,NA,NA,NA
77.772,1.6213,-3.1734,0.9317,-1.7144,NA,NA,NA,NA,NA,NA,NA,NA,NA,NA,NA,NA
77.865,1.6213,-3.1734,0.9315,-1.7407,NA,NA,NA,NA,NA,NA,NA,NA,NA,NA,NA,NA
77.983,1.6194,-3.2846,0.9308,-1.8090,NA,NA,NA,NA,NA,NA,NA,NA,NA,NA,NA,NA
78.071,1.6185,-3.3395,0.9308,-1.8090,NA,NA,NA,NA,NA,NA,NA,NA,NA,NA,NA,NA
78.164,1.6180,-3.3722,0.9304,-1.8576,NA,NA,NA,NA,NA,NA,NA,NA,NA,NA,NA,NA
78.255,1.6177,-3.3904,0.9307,-1.8239,NA,NA,NA,NA,NA,NA,NA,NA,NA,NA,NA,NA
78.365,1.6163,-3.4727,0.9307,-1.8239,NA,NA,NA,NA,NA,NA,NA,NA,NA,NA,NA,NA
78.463,1.6159,-3.4966,0.9308,-1.8156,NA,NA,NA,NA,NA,NA,NA,NA,NA,NA,NA,NA
78.577,1.6148,-3.5607,0.9308,-1.8156,NA,NA,NA,NA,NA,NA,NA,NA,NA,NA,NA,NA
78.648,1.6139,-3.6136,0.9302,-1.8706,NA,NA,NA,NA,NA,NA,NA,NA,NA,NA,NA,NA
78.751,1.6151,-3.5434,0.9302,-1.8706,NA,NA,NA,NA,NA,NA,NA,NA,NA,NA,NA,NA
78.844,1.6151,-3.5434,0.9301,-1.8843,NA,NA,NA,NA,NA,NA,NA,NA,NA,NA,NA,NA
78.953,1.6147,-3.5652,0.9300,-1.8932,NA,NA,NA,NA,NA,NA,NA,NA,NA,NA,NA,NA
79.041,1.6114,-3.7637,0.9297,-1.9260,NA,NA,NA,NA,NA,NA,NA,NA,NA,NA,NA,NA
79.148,1.6135,-3.6386,0.9292,-1.9787,NA,NA,NA,NA,NA,NA,NA,NA,NA,NA,NA,NA
79.253,1.6144,-3.5841,0.9289,-2.0149,NA,NA,NA,NA,NA,NA,NA,NA,NA,NA,NA,NA
79.347,1.6144,-3.5841,0.9291,-1.9923,NA,NA,NA,NA,NA,NA,NA,NA,NA,NA,NA,NA
79.434,1.6138,-3.6176,0.9291,-1.9923,NA,NA,NA,NA,NA,NA,NA,NA,NA,NA,NA,NA
79.528,1.6138,-3.6176,0.9289,-2.0095,NA,NA,NA,NA,NA,NA,NA,NA,NA,NA,NA,NA
79.630,1.6094,-3.8809,0.9289,-2.0161,NA,NA,NA,NA,NA,NA,NA,NA,NA,NA,NA,NA
79.772,1.6075,-3.9965,0.9289,-2.0161,NA,NA,NA,NA,NA,NA,NA,NA,NA,NA,NA,NA
79.821,1.6087,-3.9227,0.9280,-2.1031,NA,NA,NA,NA,NA,NA,NA,NA,NA,NA,NA,NA
79.920,1.6105,-3.8182,0.9280,-2.1031,NA,NA,NA,NA,NA,NA,NA,NA,NA,NA,NA,NA
80.030,1.6105,-3.8182,0.9283,-2.0723,NA,NA,NA,NA,NA,NA,NA,NA,NA,NA,NA,NA
80.121,1.6096,-3.8731,0.9283,-2.0723,NA,NA,NA,NA,NA,NA,NA,NA,NA,NA,NA,NA
80.211,1.6096,-3.8735,0.9283,-2.0801,NA,NA,NA,NA,NA,NA,NA,NA,NA,NA,NA,NA
80.315,1.6088,-3.9188,0.9282,-2.0877,NA,NA,NA,NA,NA,NA,NA,NA,NA,NA,NA,NA
80.425,1.6088,-3.9188,0.9283,-2.0708,NA,NA,NA,NA,NA,NA,NA,NA,NA,NA,NA,NA
80.522,1.6079,-3.9747,0.9283,-2.0708,NA,NA,NA,NA,NA,NA,NA,NA,NA,NA,NA,NA
80.613,1.6071,-4.0198,0.9283,-2.0729,NA,NA,NA,NA,NA,NA,NA,NA,NA,NA,NA,NA
80.705,1.6086,-3.9291,0.9281,-2.0913,NA,NA,NA,NA,NA,NA,NA,NA,NA,NA,NA,NA
80.790,1.6086,-3.9291,0.9281,-2.0946,NA,NA,NA,NA,NA,NA,NA,NA,NA,NA,NA,NA
80.938,1.6079,-3.9749,0.9275,-2.1570,NA,NA,NA,NA,NA,NA,NA,NA,NA,NA,NA,NA
80.991,1.6069,-4.0339,0.9275,-2.1580,NA,NA,NA,NA,NA,NA,NA,NA,NA,NA,NA,NA
81.109,1.6063,-4.0690,0.9271,-2.2015,NA,NA,NA,NA,NA,NA,NA,NA,NA,NA,NA,NA
81.200,1.6076,-3.9921,0.9268,-2.2299,NA,NA,NA,NA,NA,NA,NA,NA,NA,NA,NA,NA
81.297,1.6076,-3.9921,0.9268,-2.2299,NA,NA,NA,NA,NA,NA,NA,NA,NA,NA,NA,NA
81.393,1.6067,-4.0468,0.9268,-2.2370,NA,NA,NA,NA,NA,NA,NA,NA,NA,NA,NA,NA
81.486,1.6062,-4.0716,0.9268,-2.2370,NA,NA,NA,NA,NA,NA,NA,NA,NA,NA,NA,NA
81.586,1.6056,-4.1079,0.9272,-2.1911,NA,NA,NA,NA,NA,NA,NA,NA,NA,NA,NA,NA
81.680,1.6056,-4.1086,0.9272,-2.1911,NA,NA,NA,NA,NA,NA,NA,NA,NA,NA,NA,NA
81.797,1.6040,-4.2051,0.9267,-2.2488,NA,NA,NA,NA,NA,NA,NA,NA,NA,NA,NA,NA
81.885,1.6067,-4.0417,0.9256,-2.3645,NA,NA,NA,NA,NA,NA,NA,NA,NA,NA,NA,NA
81.979,1.6067,-4.0417,0.9254,-2.3801,NA,NA,NA,NA,NA,NA,NA,NA,NA,NA,NA,NA
82.068,1.6048,-4.1582,0.9251,-2.4098,NA,NA,NA,NA,NA,NA,NA,NA,NA,NA,NA,NA
82.225,1.6026,-4.2863,0.9253,-2.3884,NA,NA,NA,NA,NA,NA,NA,NA,NA,NA,NA,NA
82.270,1.6022,-4.3145,0.9253,-2.3884,NA,NA,NA,NA,NA,NA,NA,NA,NA,NA,NA,NA
82.365,1.6021,-4.3174,0.9252,-2.4023,NA,NA,NA,NA,NA,NA,NA,NA,NA,NA,NA,NA
82.468,1.6018,-4.3356,0.9253,-2.3903,NA,NA,NA,NA,NA,NA,NA,NA,NA,NA,NA,NA
82.563,1.5998,-4.4554,0.9253,-2.3903,NA,NA,NA,NA,NA,NA,NA,NA,NA,NA,NA,NA
82.666,1.6004,-4.4181,0.9253,-2.3963,NA,NA,NA,NA,NA,NA,NA,NA,NA,NA,NA,NA
82.797,1.6017,-4.3404,0.9247,-2.4526,NA,NA,NA,NA,NA,NA,NA,NA,NA,NA,NA,NA
82.857,1.6017,-4.3404,0.9246,-2.4634,NA,NA,NA,NA,NA,NA,NA,NA,NA,NA,NA,NA
82.958,1.6015,-4.3573,0.9246,-2.4634,NA,NA,NA,NA,NA,NA,NA,NA,NA,NA,NA,NA
83.079,1.6015,-4.3573,0.9244,-2.4854,NA,NA,NA,NA,NA,NA,NA,NA,NA,NA,NA,NA
83.161,1.5993,-4.4833,0.9244,-2.4854,NA,NA,NA,NA,NA,NA,NA,NA,NA,NA,NA,NA
83.247,1.5980,-4.5628,0.9246,-2.4683,NA,NA,NA,NA,NA,NA,NA,NA,NA,NA,NA,NA
83.400,1.5994,-4.4811,0.9246,-2.4683,NA,NA,NA,NA,NA,NA,NA,NA,NA,NA,NA,NA
83.444,1.5994,-4.4811,0.9240,-2.5251,NA,NA,NA,NA,NA,NA,NA,NA,NA,NA,NA,NA
83.542,1.5976,-4.5864,0.9240,-2.5251,NA,NA,NA,NA,NA,NA,NA,NA,NA,NA,NA,NA
83.639,1.5966,-4.6473,0.9238,-2.5547,NA,NA,NA,NA,NA,NA,NA,NA,NA,NA,NA,NA
83.751,1.5954,-4.7176,0.9238,-2.5547,NA,NA,NA,NA,NA,NA,NA,NA,NA,NA,NA,NA
83.837,1.5949,-4.7486,0.9240,-2.5295,NA,NA,NA,NA,NA,NA,NA,NA,NA,NA,NA,NA
83.931,1.5975,-4.5913,0.9240,-2.5295,NA,NA,NA,NA,NA,NA,NA,NA,NA,NA,NA,NA
84.031,1.5975,-4.5913,0.9233,-2.5991,NA,NA,NA,NA,NA,NA,NA,NA,NA,NA,NA,NA
84.132,1.5942,-4.7881,0.9238,-2.5529,NA,NA,NA,NA,NA,NA,NA,NA,NA,NA,NA,NA
84.230,1.5967,-4.6426,0.9238,-2.5529,NA,NA,NA,NA,NA,NA,NA,NA,NA,NA,NA,NA
84.327,1.5967,-4.6426,0.9236,-2.5684,NA,NA,NA,NA,NA,NA,NA,NA,NA,NA,NA,NA
84.424,1.5976,-4.5879,0.9227,-2.6647,NA,NA,NA,NA,NA,NA,NA,NA,NA,NA,NA,NA
84.550,1.5976,-4.5879,0.9230,-2.6313,NA,NA,NA,NA,NA,NA,NA,NA,NA,NA,NA,NA
84.626,1.5966,-4.6461,0.9232,-2.6095,NA,NA,NA,NA,NA,NA,NA,NA,NA,NA,NA,NA
84.723,1.5966,-4.6461,0.9233,-2.6041,NA,NA,NA,NA,NA,NA,NA,NA,NA,NA,NA,NA
84.824,1.5965,-4.6525,0.9236,-2.5718,NA,NA,NA,NA,NA,NA,NA,NA,NA,NA,NA,NA
84.912,1.5949,-4.7511,0.9236,-2.5718,NA,NA,NA,NA,NA,NA,NA,NA,NA,NA,NA,NA
85.022,1.5929,-4.8712,0.9236,-2.5729,NA,NA,NA,NA,NA,NA,NA,NA,NA,NA,NA,NA
85.114,1.5970,-4.6224,0.9232,-2.6094,NA,NA,NA,NA,NA,NA,NA,NA,NA,NA,NA,NA
85.234,1.5970,-4.6224,0.9232,-2.6079,NA,NA,NA,NA,NA,NA,NA,NA,NA,NA,NA,NA
85.307,1.5946,-4.7683,0.9233,-2.5972,NA,NA,NA,NA,NA,NA,NA,NA,NA,NA,NA,NA
85.402,1.5941,-4.7997,0.9236,-2.5742,NA,NA,NA,NA,NA,NA,NA,NA,NA,NA,NA,NA
85.506,1.5947,-4.7622,0.9236,-2.5742,NA,NA,NA,NA,NA,NA,NA,NA,NA,NA,NA,NA
85.600,1.5947,-4.7622,0.9233,-2.6015,NA,NA,NA,NA,NA,NA,NA,NA,NA,NA,NA,NA
85.704,1.5959,-4.6878,0.9227,-2.6651,NA,NA,NA,NA,NA,NA,NA,NA,NA,NA,NA,NA
85.808,1.5980,-4.5658,0.9224,-2.6939,NA,NA,NA,NA,NA,NA,NA,NA,NA,NA,NA,NA
85.902,1.5980,-4.5658,0.9223,-2.7035,NA,NA,NA,NA,NA,NA,NA,NA,NA,NA,NA,NA
85.993,1.5963,-4.6635,0.9223,-2.7035,NA,NA,NA,NA,NA,NA,NA,NA,NA,NA,NA,NA
86.089,1.5947,-4.7639,0.9217,-2.7669,NA,NA,NA,NA,NA,NA,NA,NA,NA,NA,NA,NA
86.190,1.5947,-4.7639,0.9208,-2.8617,NA,NA,NA,NA,NA,NA,NA,NA,NA,NA,NA,NA
86.295,1.5961,-4.6779,0.9208,-2.8617,NA,NA,NA,NA,NA,NA,NA,NA,NA,NA,NA,NA
86.386,1.5961,-4.6779,0.9207,-2.8787,NA,NA,NA,NA,NA,NA,NA,NA,NA,NA,NA,NA
86.483,1.5943,-4.7857,0.9206,-2.8903,NA,NA,NA,NA,NA,NA,NA,NA,NA,NA,NA,NA
86.579,1.5913,-4.9624,0.9206,-2.8903,NA,NA,NA,NA,NA,NA,NA,NA,NA,NA,NA,NA
86.677,1.5928,-4.8739,0.9207,-2.8797,NA,NA,NA,NA,NA,NA,NA,NA,NA,NA,NA,NA
86.777,1.5934,-4.8373,0.9207,-2.8797,NA,NA,NA,NA,NA,NA,NA,NA,NA,NA,NA,NA
86.875,1.5934,-4.8373,0.9203,-2.9145,NA,NA,NA,NA,NA,NA,NA,NA,NA,NA,NA,NA
87.010,1.5955,-4.7122,0.9203,-2.9145,NA,NA,NA,NA,NA,NA,NA,NA,NA,NA,NA,NA
87.069,1.5955,-4.7122,0.9201,-2.9447,NA,NA,NA,NA,NA,NA,NA,NA,NA,NA,NA,NA
87.168,1.5923,-4.9034,0.9201,-2.9399,NA,NA,NA,NA,NA,NA,NA,NA,NA,NA,NA,NA
87.265,1.5896,-5.0667,0.9213,-2.8146,NA,NA,NA,NA,NA,NA,NA,NA,NA,NA,NA,NA
87.367,1.5891,-5.0942,0.9213,-2.8146,NA,NA,NA,NA,NA,NA,NA,NA,NA,NA,NA,NA
87.457,1.5887,-5.1197,0.9214,-2.8067,NA,NA,NA,NA,NA,NA,NA,NA,NA,NA,NA,NA
87.604,1.5854,-5.3155,0.9214,-2.8067,NA,NA,NA,NA,NA,NA,NA,NA,NA,NA,NA,NA
87.661,1.5854,-5.3155,0.9212,-2.8206,NA,NA,NA,NA,NA,NA,NA,NA,NA,NA,NA,NA
87.756,1.5882,-5.1515,0.9207,-2.8783,NA,NA,NA,NA,NA,NA,NA,NA,NA,NA,NA,NA
87.850,1.5898,-5.0532,0.9205,-2.8966,NA,NA,NA,NA,NA,NA,NA,NA,NA,NA,NA,NA
87.946,1.5898,-5.0532,0.9205,-2.8966,NA,NA,NA,NA,NA,NA,NA,NA,NA,NA,NA,NA
88.043,1.5916,-4.9467,0.9198,-2.9679,NA,NA,NA,NA,NA,NA,NA,NA,NA,NA,NA,NA
88.206,1.5916,-4.9467,0.9198,-2.9692,NA,NA,NA,NA,NA,NA,NA,NA,NA,NA,NA,NA
88.244,1.5922,-4.9093,0.9200,-2.9541,NA,NA,NA,NA,NA,NA,NA,NA,NA,NA,NA,NA
88.345,1.5922,-4.9093,0.9204,-2.9076,NA,NA,NA,NA,NA,NA,NA,NA,NA,NA,NA,NA
88.445,1.5897,-5.0621,0.9204,-2.9076,NA,NA,NA,NA,NA,NA,NA,NA,NA,NA,NA,NA
88.541,1.5897,-5.0621,0.9207,-2.8755,NA,NA,NA,NA,NA,NA,NA,NA,NA,NA,NA,NA
88.638,1.5870,-5.2228,0.9207,-2.8755,NA,NA,NA,NA,NA,NA,NA,NA,NA,NA,NA,NA
88.730,1.5864,-5.2544,0.9200,-2.9554,NA,NA,NA,NA,NA,NA,NA,NA,NA,NA,NA,NA
88.833,1.5887,-5.1176,0.9200,-2.9554,NA,NA,NA,NA,NA,NA,NA,NA,NA,NA,NA,NA
88.928,1.5887,-5.1176,0.9201,-2.9374,NA,NA,NA,NA,NA,NA,NA,NA,NA,NA,NA,NA
89.023,1.5885,-5.1313,0.9203,-2.9219,NA,NA,NA,NA,NA,NA,NA,NA,NA,NA,NA,NA
89.130,1.5903,-5.0262,0.9205,-2.8962,NA,NA,NA,NA,NA,NA,NA,NA,NA,NA,NA,NA
89.217,1.5903,-5.0262,0.9205,-2.8962,NA,NA,NA,NA,NA,NA,NA,NA,NA,NA,NA,NA
89.318,1.5891,-5.0976,0.9199,-2.9631,NA,NA,NA,NA,NA,NA,NA,NA,NA,NA,NA,NA
89.413,1.5891,-5.0976,0.9195,-2.9981,NA,NA,NA,NA,NA,NA,NA,NA,NA,NA,NA,NA
89.519,1.5864,-5.2587,0.9194,-3.0109,NA,NA,NA,NA,NA,NA,NA,NA,NA,NA,NA,NA
89.611,1.5862,-5.2707,0.9190,-3.0596,NA,NA,NA,NA,NA,NA,NA,NA,NA,NA,NA,NA
89.712,1.5838,-5.4093,0.9193,-3.0220,NA,NA,NA,NA,NA,NA,NA,NA,NA,NA,NA,NA
89.806,1.5839,-5.4041,0.9193,-3.0220,NA,NA,NA,NA,NA,NA,NA,NA,NA,NA,NA,NA
89.916,1.5856,-5.3057,0.9187,-3.0830,NA,NA,NA,NA,NA,NA,NA,NA,NA,NA,NA,NA
90.012,1.5883,-5.1445,0.9185,-3.1110,NA,NA,NA,NA,NA,NA,NA,NA,NA,NA,NA,NA
90.109,1.5883,-5.1445,0.9187,-3.0916,NA,NA,NA,NA,NA,NA,NA,NA,NA,NA,NA,NA
90.210,1.5873,-5.2055,0.9194,-3.0097,NA,NA,NA,NA,NA,NA,NA,NA,NA,NA,NA,NA
90.298,1.5852,-5.3288,0.9194,-3.0097,NA,NA,NA,NA,NA,NA,NA,NA,NA,NA,NA,NA
90.396,1.5839,-5.4033,0.9197,-2.9837,NA,NA,NA,NA,NA,NA,NA,NA,NA,NA,NA,NA
90.503,1.5841,-5.3923,0.9198,-2.9728,NA,NA,NA,NA,NA,NA,NA,NA,NA,NA,NA,NA
90.602,1.5855,-5.3096,0.9198,-2.9728,NA,NA,NA,NA,NA,NA,NA,NA,NA,NA,NA,NA
90.692,1.5857,-5.2987,0.9197,-2.9828,NA,NA,NA,NA,NA,NA,NA,NA,NA,NA,NA,NA
90.793,1.5870,-5.2192,0.9197,-2.9828,NA,NA,NA,NA,NA,NA,NA,NA,NA,NA,NA,NA
90.891,1.5870,-5.2192,0.9191,-3.0432,NA,NA,NA,NA,NA,NA,NA,NA,NA,NA,NA,NA
90.984,1.5858,-5.2943,0.9189,-3.0705,NA,NA,NA,NA,NA,NA,NA,NA,NA,NA,NA,NA
91.091,1.5841,-5.3954,0.9192,-3.0314,NA,NA,NA,NA,NA,NA,NA,NA,NA,NA,NA,NA
91.204,1.5836,-5.4218,0.9192,-3.0314,NA,NA,NA,NA,NA,NA,NA,NA,NA,NA,NA,NA
91.280,1.5834,-5.4388,0.9181,-3.1555,NA,NA,NA,NA,NA,NA,NA,NA,NA,NA,NA,NA
91.382,1.5825,-5.4921,0.9185,-3.1085,NA,NA,NA,NA,NA,NA,NA,NA,NA,NA,NA,NA
91.470,1.5825,-5.4921,0.9185,-3.1085,NA,NA,NA,NA,NA,NA,NA,NA,NA,NA,NA,NA
91.573,1.5824,-5.4978,0.9183,-3.1295,NA,NA,NA,NA,NA,NA,NA,NA,NA,NA,NA,NA
91.672,1.5824,-5.4978,0.9186,-3.1005,NA,NA,NA,NA,NA,NA,NA,NA,NA,NA,NA,NA
91.824,1.5821,-5.5156,0.9186,-3.0994,NA,NA,NA,NA,NA,NA,NA,NA,NA,NA,NA,NA
91.874,1.5821,-5.5156,0.9186,-3.0994,NA,NA,NA,NA,NA,NA,NA,NA,NA,NA,NA,NA
91.966,1.5820,-5.5192,0.9185,-3.1043,NA,NA,NA,NA,NA,NA,NA,NA,NA,NA,NA,NA
92.059,1.5807,-5.5985,0.9185,-3.1136,NA,NA,NA,NA,NA,NA,NA,NA,NA,NA,NA,NA
92.155,1.5866,-5.2422,0.9201,-2.9437,NA,NA,NA,NA,NA,NA,NA,NA,NA,NA,NA,NA
92.255,1.6176,-3.3906,0.9290,-2.0018,NA,NA,NA,NA,NA,NA,NA,NA,NA,NA,NA,NA
92.352,1.6433,-1.8611,0.9369,-1.1656,NA,NA,NA,NA,NA,NA,NA,NA,NA,NA,NA,NA
92.449,1.6590,-0.9191,0.9445,-0.3641,NA,NA,NA,NA,NA,NA,NA,NA,NA,NA,NA,NA
92.550,1.6655,-0.5322,0.9491,0.1168,NA,NA,NA,NA,NA,NA,NA,NA,NA,NA,NA,NA
92.646,1.6655,-0.5322,0.9504,0.2607,NA,NA,NA,NA,NA,NA,NA,NA,NA,NA,NA,NA
92.746,1.6651,-0.5551,0.9504,0.2607,NA,NA,NA,NA,NA,NA,NA,NA,NA,NA,NA,NA
92.835,1.6577,-0.9974,0.9499,0.2087,NA,NA,NA,NA,NA,NA,NA,NA,NA,NA,NA,NA
92.942,1.6577,-0.9974,0.9493,0.1407,NA,NA,NA,NA,NA,NA,NA,NA,NA,NA,NA,NA
93.043,1.6550,-1.1575,0.9485,0.0535,NA,NA,NA,NA,NA,NA,NA,NA,NA,NA,NA,NA
93.130,1.6485,-1.5476,0.9459,-0.2204,NA,NA,NA,NA,NA,NA,NA,NA,NA,NA,NA,NA
93.241,1.6464,-1.6762,0.9442,-0.3945,NA,NA,NA,NA,NA,NA,NA,NA,NA,NA,NA,NA
93.333,1.6434,-1.8536,0.9405,-0.7910,NA,NA,NA,NA,NA,NA,NA,NA,NA,NA,NA,NA
93.440,1.6336,-2.4350,0.9387,-0.9729,NA,NA,NA,NA,NA,NA,NA,NA,NA,NA,NA,NA
93.561,1.6229,-3.0782,0.9364,-1.2212,NA,NA,NA,NA,NA,NA,NA,NA,NA,NA,NA,NA
93.627,1.6183,-3.3532,0.9355,-1.3178,NA,NA,NA,NA,NA,NA,NA,NA,NA,NA,NA,NA
93.730,1.6156,-3.5106,0.9340,-1.4684,NA,NA,NA,NA,NA,NA,NA,NA,NA,NA,NA,NA
93.821,1.6133,-3.6490,0.9325,-1.6295,NA,NA,NA,NA,NA,NA,NA,NA,NA,NA,NA,NA
93.924,1.6125,-3.7006,0.9304,-1.8565,NA,NA,NA,NA,NA,NA,NA,NA,NA,NA,NA,NA
94.019,1.6088,-3.9164,0.9292,-1.9750,NA,NA,NA,NA,NA,NA,NA,NA,NA,NA,NA,NA
94.168,1.6034,-4.2409,0.9287,-2.0296,NA,NA,NA,NA,NA,NA,NA,NA,NA,NA,NA,NA
94.218,1.6027,-4.2814,0.9275,-2.1597,NA,NA,NA,NA,NA,NA,NA,NA,NA,NA,NA,NA
94.319,1.5969,-4.6291,0.9265,-2.2621,NA,NA,NA,NA,NA,NA,NA,NA,NA,NA,NA,NA
94.421,1.5969,-4.6291,0.9252,-2.4020,NA,NA,NA,NA,NA,NA,NA,NA,NA,NA,NA,NA
94.508,1.6091,-3.9023,0.9282,-2.0877,NA,NA,NA,NA,NA,NA,NA,NA,NA,NA,NA,NA
94.606,1.6503,-1.4397,0.9371,-1.1504,NA,NA,NA,NA,NA,NA,NA,NA,NA,NA,NA,NA
94.690,1.6720,-0.1442,0.9520,0.4255,NA,NA,NA,NA,NA,NA,NA,NA,NA,NA,NA,NA
94.814,1.6956,1.2630,0.9632,1.6029,NA,NA,NA,NA,NA,NA,NA,NA,NA,NA,NA,NA
94.905,1.7110,2.1863,0.9722,2.5509,NA,NA,NA,NA,NA,NA,NA,NA,NA,NA,NA,NA
94.998,1.7345,3.5889,0.9822,3.6149,NA,NA,NA,NA,NA,NA,NA,NA,NA,NA,NA,NA
95.100,1.7458,4.2601,0.9909,4.5254,NA,NA,NA,NA,NA,NA,NA,NA,NA,NA,NA,NA
95.197,1.7512,4.5843,0.9945,4.9085,NA,NA,NA,NA,NA,NA,NA,NA,NA,NA,NA,NA
95.287,1.7637,5.3332,0.9983,5.3116,NA,NA,NA,NA,NA,NA,NA,NA,NA,NA,NA,NA
95.417,1.7739,5.9397,1.0034,5.8506,NA,NA,NA,NA,NA,NA,NA,NA,NA,NA,NA,NA
95.485,1.7859,6.6556,1.0076,6.2862,NA,NA,NA,NA,NA,NA,NA,NA,NA,NA,NA,NA
95.590,1.7917,7.0063,1.0110,6.6532,NA,NA,NA,NA,NA,NA,NA,NA,NA,NA,NA,NA
95.684,1.7948,7.1873,1.0142,6.9884,NA,NA,NA,NA,NA,NA,NA,NA,NA,NA,NA,NA
95.792,1.8052,7.8130,1.0178,7.3711,NA,NA,NA,NA,NA,NA,NA,NA,NA,NA,NA,NA
95.879,1.8096,8.0728,1.0192,7.5146,NA,NA,NA,NA,NA,NA,NA,NA,NA,NA,NA,NA
96.029,1.8120,8.2185,1.0216,7.7687,NA,NA,NA,NA,NA,NA,NA,NA,NA,NA,NA,NA
96.069,1.8120,8.2185,1.0223,7.8419,NA,NA,NA,NA,NA,NA,NA,NA,NA,NA,NA,NA
96.182,1.8122,8.2300,1.0228,7.8939,NA,NA,NA,NA,NA,NA,NA,NA,NA,NA,NA,NA
96.273,1.8122,8.2300,1.0228,7.8939,NA,NA,NA,NA,NA,NA,NA,NA,NA,NA,NA,NA
96.365,1.8044,7.7647,1.0226,7.8694,NA,NA,NA,NA,NA,NA,NA,NA,NA,NA,NA,NA
96.473,1.8002,7.5108,1.0226,7.8694,NA,NA,NA,NA,NA,NA,NA,NA,NA,NA,NA,NA
96.604,1.7911,6.9676,1.0222,7.8302,NA,NA,NA,NA,NA,NA,NA,NA,NA,NA,NA,NA
96.666,1.7889,6.8346,1.0209,7.6917,NA,NA,NA,NA,NA,NA,NA,NA,NA,NA,NA,NA
96.762,1.7862,6.6741,1.0184,7.4337,NA,NA,NA,NA,NA,NA,NA,NA,NA,NA,NA,NA
96.857,1.7792,6.2603,1.0161,7.1875,NA,NA,NA,NA,NA,NA,NA,NA,NA,NA,NA,NA
96.957,1.7760,6.0640,1.0139,6.9585,NA,NA,NA,NA,NA,NA,NA,NA,NA,NA,NA,NA
97.061,1.7691,5.6559,1.0121,6.7683,NA,NA,NA,NA,NA,NA,NA,NA,NA,NA,NA,NA
97.181,1.7663,5.4870,1.0088,6.4171,NA,NA,NA,NA,NA,NA,NA,NA,NA,NA,NA,NA
97.247,1.7577,4.9752,1.0068,6.2066,NA,NA,NA,NA,NA,NA,NA,NA,NA,NA,NA,NA
97.347,1.7539,4.7461,1.0041,5.9237,NA,NA,NA,NA,NA,NA,NA,NA,NA,NA,NA,NA
97.445,1.7474,4.3592,1.0014,5.6370,NA,NA,NA,NA,NA,NA,NA,NA,NA,NA,NA,NA
97.545,1.7441,4.1640,0.9998,5.4623,NA,NA,NA,NA,NA,NA,NA,NA,NA,NA,NA,NA
97.644,1.7386,3.8342,0.9983,5.3048,NA,NA,NA,NA,NA,NA,NA,NA,NA,NA,NA,NA
97.738,1.7327,3.4799,0.9953,4.9972,NA,NA,NA,NA,NA,NA,NA,NA,NA,NA,NA,NA
97.839,1.7301,3.3232,0.9922,4.6639,NA,NA,NA,NA,NA,NA,NA,NA,NA,NA,NA,NA
97.934,1.7239,2.9557,0.9907,4.5027,NA,NA,NA,NA,NA,NA,NA,NA,NA,NA,NA,NA
98.032,1.7239,2.9557,0.9881,4.2317,NA,NA,NA,NA,NA,NA,NA,NA,NA,NA,NA,NA
98.143,1.7214,2.8076,0.9862,4.0343,NA,NA,NA,NA,NA,NA,NA,NA,NA,NA,NA,NA
98.224,1.7146,2.3992,0.9853,3.9402,NA,NA,NA,NA,NA,NA,NA,NA,NA,NA,NA,NA
98.328,1.7144,2.3855,0.9827,3.6662,NA,NA,NA,NA,NA,NA,NA,NA,NA,NA,NA,NA
98.438,1.7144,2.3855,0.9818,3.5677,NA,NA,NA,NA,NA,NA,NA,NA,NA,NA,NA,NA
98.518,1.7102,2.1362,0.9807,3.4491,NA,NA,NA,NA,NA,NA,NA,NA,NA,NA,NA,NA
98.626,1.7102,2.1362,0.9800,3.3774,NA,NA,NA,NA,NA,NA,NA,NA,NA,NA,NA,NA
98.718,1.7056,1.8610,0.9797,3.3454,NA,NA,NA,NA,NA,NA,NA,NA,NA,NA,NA,NA
98.816,1.7039,1.7617,0.9786,3.2319,NA,NA,NA,NA,NA,NA,NA,NA,NA,NA,NA,NA
98.973,1.7014,1.6123,0.9779,3.1605,NA,NA,NA,NA,NA,NA,NA,NA,NA,NA,NA,NA
99.016,1.6993,1.4840,0.9776,3.1218,NA,NA,NA,NA,NA,NA,NA,NA,NA,NA,NA,NA
99.119,1.6971,1.3535,0.9770,3.0630,NA,NA,NA,NA,NA,NA,NA,NA,NA,NA,NA,NA
99.204,1.6961,1.2920,0.9768,3.0397,NA,NA,NA,NA,NA,NA,NA,NA,NA,NA,NA,NA
99.309,1.6945,1.2020,0.9747,2.8189,NA,NA,NA,NA,NA,NA,NA,NA,NA,NA,NA,NA
99.407,1.6986,1.4438,0.9735,2.6969,NA,NA,NA,NA,NA,NA,NA,NA,NA,NA,NA,NA
99.541,1.6986,1.4438,0.9738,2.7292,NA,NA,NA,NA,NA,NA,NA,NA,NA,NA,NA,NA
99.606,1.6954,1.2516,0.9738,2.7292,NA,NA,NA,NA,NA,NA,NA,NA,NA,NA,NA,NA
99.719,1.6931,1.1146,0.9738,2.7225,NA,NA,NA,NA,NA,NA,NA,NA,NA,NA,NA,NA
99.795,1.6924,1.0724,0.9730,2.6404,NA,NA,NA,NA,NA,NA,NA,NA,NA,NA,NA,NA
99.889,1.6924,1.0724,0.9727,2.6131,NA,NA,NA,NA,NA,NA,NA,NA,NA,NA,NA,NA
99.998,1.6874,0.7734,0.9727,2.6131,NA,NA,NA,NA,NA,NA,NA,NA,NA,NA,NA,NA
100.091,1.6874,0.7734,0.9722,2.5581,NA,NA,NA,NA,NA,NA,NA,NA,NA,NA,NA,NA
100.235,1.6797,0.3171,0.9709,2.4232,NA,NA,NA,NA,NA,NA,NA,NA,NA,NA,NA,NA
100.290,1.6826,0.4889,0.9709,2.4232,NA,NA,NA,NA,NA,NA,NA,NA,NA,NA,NA,NA
100.382,1.6837,0.5544,0.9698,2.3064,NA,NA,NA,NA,NA,NA,NA,NA,NA,NA,NA,NA
100.475,1.6837,0.5544,0.9692,2.2397,NA,NA,NA,NA,NA,NA,NA,NA,NA,NA,NA,NA
100.591,1.6830,0.5128,0.9690,2.2141,NA,NA,NA,NA,NA,NA,NA,NA,NA,NA,NA,NA
100.665,1.6830,0.5128,0.9681,2.1252,NA,NA,NA,NA,NA,NA,NA,NA,NA,NA,NA,NA
100.775,1.6818,0.4420,0.9681,2.1252,NA,NA,NA,NA,NA,NA,NA,NA,NA,NA,NA,NA
100.874,1.6812,0.4076,0.9668,1.9833,NA,NA,NA,NA,NA,NA,NA,NA,NA,NA,NA,NA
100.957,1.6778,0.2010,0.9661,1.9108,NA,NA,NA,NA,NA,NA,NA,NA,NA,NA,NA,NA
101.068,1.6780,0.2161,0.9657,1.8716,NA,NA,NA,NA,NA,NA,NA,NA,NA,NA,NA,NA
101.162,1.6780,0.2161,0.9650,1.7919,NA,NA,NA,NA,NA,NA,NA,NA,NA,NA,NA,NA
101.272,1.6760,0.0972,0.9650,1.8003,NA,NA,NA,NA,NA,NA,NA,NA,NA,NA,NA,NA
101.372,1.6755,0.0639,0.9650,1.8003,NA,NA,NA,NA,NA,NA,NA,NA,NA,NA,NA,NA
101.459,1.6722,-0.1307,0.9645,1.7467,NA,NA,NA,NA,NA,NA,NA,NA,NA,NA,NA,NA
101.558,1.6732,-0.0714,0.9641,1.7060,NA,NA,NA,NA,NA,NA,NA,NA,NA,NA,NA,NA
101.648,1.6732,-0.0714,0.9636,1.6495,NA,NA,NA,NA,NA,NA,NA,NA,NA,NA,NA,NA
101.757,1.6715,-0.1724,0.9636,1.6495,NA,NA,NA,NA,NA,NA,NA,NA,NA,NA,NA,NA
101.845,1.6738,-0.0347,0.9618,1.4623,NA,NA,NA,NA,NA,NA,NA,NA,NA,NA,NA,NA
101.963,1.6738,-0.0347,0.9615,1.4225,NA,NA,NA,NA,NA,NA,NA,NA,NA,NA,NA,NA
102.044,1.6708,-0.2147,0.9611,1.3807,NA,NA,NA,NA,NA,NA,NA,NA,NA,NA,NA,NA
102.147,1.6680,-0.3811,0.9600,1.2647,NA,NA,NA,NA,NA,NA,NA,NA,NA,NA,NA,NA
102.246,1.6680,-0.3811,0.9601,1.2813,NA,NA,NA,NA,NA,NA,NA,NA,NA,NA,NA,NA
102.345,1.6663,-0.4875,0.9601,1.2813,NA,NA,NA,NA,NA,NA,NA,NA,NA,NA,NA,NA
102.436,1.6663,-0.4875,0.9586,1.1245,NA,NA,NA,NA,NA,NA,NA,NA,NA,NA,NA,NA
102.531,1.6619,-0.7454,0.9582,1.0842,NA,NA,NA,NA,NA,NA,NA,NA,NA,NA,NA,NA
102.643,1.6637,-0.6394,0.9582,1.0842,NA,NA,NA,NA,NA,NA,NA,NA,NA,NA,NA,NA
102.729,1.6637,-0.6394,0.9578,1.0418,NA,NA,NA,NA,NA,NA,NA,NA,NA,NA,NA,NA
102.833,1.6620,-0.7390,0.9573,0.9824,NA,NA,NA,NA,NA,NA,NA,NA,NA,NA,NA,NA
102.935,1.6613,-0.7818,0.9570,0.9559,NA,NA,NA,NA,NA,NA,NA,NA,NA,NA,NA,NA
103.027,1.6613,-0.7818,0.9562,0.8654,NA,NA,NA,NA,NA,NA,NA,NA,NA,NA,NA,NA
103.124,1.6592,-0.9115,0.9556,0.8018,NA,NA,NA,NA,NA,NA,NA,NA,NA,NA,NA,NA
103.234,1.6604,-0.8378,0.9556,0.8018,NA,NA,NA,NA,NA,NA,NA,NA,NA,NA,NA,NA
103.320,1.6604,-0.8378,0.9555,0.7988,NA,NA,NA,NA,NA,NA,NA,NA,NA,NA,NA,NA
103.422,1.6576,-1.0047,0.9548,0.7196,NA,NA,NA,NA,NA,NA,NA,NA,NA,NA,NA,NA
103.514,1.6542,-1.2067,0.9548,0.7196,NA,NA,NA,NA,NA,NA,NA,NA,NA,NA,NA,NA
103.614,1.6524,-1.3168,0.9543,0.6645,NA,NA,NA,NA,NA,NA,NA,NA,NA,NA,NA,NA
103.706,1.6529,-1.2831,0.9543,0.6645,NA,NA,NA,NA,NA,NA,NA,NA,NA,NA,NA,NA
103.811,1.6529,-1.2831,0.9536,0.5950,NA,NA,NA,NA,NA,NA,NA,NA,NA,NA,NA,NA
103.909,1.6537,-1.2362,0.9530,0.5308,NA,NA,NA,NA,NA,NA,NA,NA,NA,NA,NA,NA
104.008,1.6537,-1.2362,0.9522,0.4470,NA,NA,NA,NA,NA,NA,NA,NA,NA,NA,NA,NA
104.105,1.6487,-1.5332,0.9521,0.4397,NA,NA,NA,NA,NA,NA,NA,NA,NA,NA,NA,NA
104.202,1.6518,-1.3530,0.9521,0.4397,NA,NA,NA,NA,NA,NA,NA,NA,NA,NA,NA,NA
104.297,1.6518,-1.3530,0.9521,0.4338,NA,NA,NA,NA,NA,NA,NA,NA,NA,NA,NA,NA
104.400,1.6489,-1.5241,0.9519,0.4156,NA,NA,NA,NA,NA,NA,NA,NA,NA,NA,NA,NA
104.502,1.6491,-1.5094,0.9515,0.3748,NA,NA,NA,NA,NA,NA,NA,NA,NA,NA,NA,NA
104.603,1.6491,-1.5094,0.9500,0.2192,NA,NA,NA,NA,NA,NA,NA,NA,NA,NA,NA,NA
104.688,1.6482,-1.5657,0.9500,0.2192,NA,NA,NA,NA,NA,NA,NA,NA,NA,NA,NA,NA
104.787,1.6474,-1.6149,0.9505,0.2633,NA,NA,NA,NA,NA,NA,NA,NA,NA,NA,NA,NA
104.883,1.6462,-1.6871,0.9505,0.2633,NA,NA,NA,NA,NA,NA,NA,NA,NA,NA,NA,NA
104.998,1.6469,-1.6440,0.9502,0.2359,NA,NA,NA,NA,NA,NA,NA,NA,NA,NA,NA,NA
105.080,1.6469,-1.6440,0.9502,0.2359,NA,NA,NA,NA,NA,NA,NA,NA,NA,NA,NA,NA
105.175,1.6472,-1.6261,0.9502,0.2333,NA,NA,NA,NA,NA,NA,NA,NA,NA,NA,NA,NA
105.279,1.6472,-1.6261,0.9494,0.1517,NA,NA,NA,NA,NA,NA,NA,NA,NA,NA,NA,NA
105.375,1.6448,-1.7696,0.9493,0.1380,NA,NA,NA,NA,NA,NA,NA,NA,NA,NA,NA,NA
105.475,1.6437,-1.8375,0.9493,0.1380,NA,NA,NA,NA,NA,NA,NA,NA,NA,NA,NA,NA
105.602,1.6437,-1.8370,0.9475,-0.0462,NA,NA,NA,NA,NA,NA,NA,NA,NA,NA,NA,NA
105.660,1.6447,-1.7747,0.9472,-0.0790,NA,NA,NA,NA,NA,NA,NA,NA,NA,NA,NA,NA
105.771,1.6447,-1.7747,0.9473,-0.0756,NA,NA,NA,NA,NA,NA,NA,NA,NA,NA,NA,NA
105.863,1.6417,-1.9558,0.9473,-0.0756,NA,NA,NA,NA,NA,NA,NA,NA,NA,NA,NA,NA
105.960,1.6390,-2.1134,0.9468,-0.1213,NA,NA,NA,NA,NA,NA,NA,NA,NA,NA,NA,NA
106.071,1.6397,-2.0709,0.9468,-0.1213,NA,NA,NA,NA,NA,NA,NA,NA,NA,NA,NA,NA
106.157,1.6397,-2.0709,0.9463,-0.1712,NA,NA,NA,NA,NA,NA,NA,NA,NA,NA,NA,NA
106.264,1.6409,-2.0027,0.9463,-0.1712,NA,NA,NA,NA,NA,NA,NA,NA,NA,NA,NA,NA
106.352,1.6409,-2.0027,0.9459,-0.2159,NA,NA,NA,NA,NA,NA,NA,NA,NA,NA,NA,NA
106.458,1.6407,-2.0137,0.9450,-0.3173,NA,NA,NA,NA,NA,NA,NA,NA,NA,NA,NA,NA
106.553,1.6374,-2.2109,0.9453,-0.2811,NA,NA,NA,NA,NA,NA,NA,NA,NA,NA,NA,NA
106.647,1.6374,-2.2109,0.9455,-0.2649,NA,NA,NA,NA,NA,NA,NA,NA,NA,NA,NA,NA
106.803,1.6364,-2.2705,0.9455,-0.2649,NA,NA,NA,NA,NA,NA,NA,NA,NA,NA,NA,NA
106.842,1.6364,-2.2727,0.9451,-0.2989,NA,NA,NA,NA,NA,NA,NA,NA,NA,NA,NA,NA
106.941,1.6380,-2.1744,0.9445,-0.3632,NA,NA,NA,NA,NA,NA,NA,NA,NA,NA,NA,NA
107.037,1.6380,-2.1744,0.9450,-0.3089,NA,NA,NA,NA,NA,NA,NA,NA,NA,NA,NA,NA
107.141,1.6357,-2.3117,0.9450,-0.3089,NA,NA,NA,NA,NA,NA,NA,NA,NA,NA,NA,NA
107.232,1.6373,-2.2150,0.9438,-0.4406,NA,NA,NA,NA,NA,NA,NA,NA,NA,NA,NA,NA
107.343,1.6373,-2.2150,0.9438,-0.4444,NA,NA,NA,NA,NA,NA,NA,NA,NA,NA,NA,NA
107.434,1.6337,-2.4302,0.9437,-0.4521,NA,NA,NA,NA,NA,NA,NA,NA,NA,NA,NA,NA
107.526,1.6318,-2.5477,0.9437,-0.4521,NA,NA,NA,NA,NA,NA,NA,NA,NA,NA,NA,NA
107.625,1.6279,-2.7794,0.9432,-0.5061,NA,NA,NA,NA,NA,NA,NA,NA,NA,NA,NA,NA
107.730,1.6264,-2.8680,0.9426,-0.5613,NA,NA,NA,NA,NA,NA,NA,NA,NA,NA,NA,NA
107.819,1.6260,-2.8894,0.9426,-0.5613,NA,NA,NA,NA,NA,NA,NA,NA,NA,NA,NA,NA
107.967,1.6260,-2.8894,0.9423,-0.5995,NA,NA,NA,NA,NA,NA,NA,NA,NA,NA,NA,NA
108.012,1.6284,-2.7457,0.9415,-0.6873,NA,NA,NA,NA,NA,NA,NA,NA,NA,NA,NA,NA
108.120,1.6284,-2.7457,0.9415,-0.6872,NA,NA,NA,NA,NA,NA,NA,NA,NA,NA,NA,NA
108.204,1.6261,-2.8860,0.9415,-0.6872,NA,NA,NA,NA,NA,NA,NA,NA,NA,NA,NA,NA
108.308,1.6256,-2.9153,0.9411,-0.7270,NA,NA,NA,NA,NA,NA,NA,NA,NA,NA,NA,NA
108.417,1.6228,-3.0850,0.9411,-0.7270,NA,NA,NA,NA,NA,NA,NA,NA,NA,NA,NA,NA
108.502,1.6228,-3.0850,0.9409,-0.7412,NA,NA,NA,NA,NA,NA,NA,NA,NA,NA,NA,NA
108.607,1.6234,-3.0473,0.9407,-0.7713,NA,NA,NA,NA,NA,NA,NA,NA,NA,NA,NA,NA
108.701,1.6246,-2.9736,0.9406,-0.7780,NA,NA,NA,NA,NA,NA,NA,NA,NA,NA,NA,NA
108.789,1.6250,-2.9488,0.9406,-0.7780,NA,NA,NA,NA,NA,NA,NA,NA,NA,NA,NA,NA
108.902,1.6253,-2.9315,0.9403,-0.8086,NA,NA,NA,NA,NA,NA,NA,NA,NA,NA,NA,NA
109.003,1.6253,-2.9315,0.9400,-0.8432,NA,NA,NA,NA,NA,NA,NA,NA,NA,NA,NA,NA
109.095,1.6255,-2.9220,0.9395,-0.8895,NA,NA,NA,NA,NA,NA,NA,NA,NA,NA,NA,NA
109.204,1.6255,-2.9220,0.9394,-0.9049,NA,NA,NA,NA,NA,NA,NA,NA,NA,NA,NA,NA
109.289,1.6236,-3.0373,0.9386,-0.9879,NA,NA,NA,NA,NA,NA,NA,NA,NA,NA,NA,NA
109.390,1.6234,-3.0463,0.9386,-0.9863,NA,NA,NA,NA,NA,NA,NA,NA,NA,NA,NA,NA
109.484,1.6219,-3.1379,0.9386,-0.9863,NA,NA,NA,NA,NA,NA,NA,NA,NA,NA,NA,NA
109.588,1.6211,-3.1860,0.9384,-1.0146,NA,NA,NA,NA,NA,NA,NA,NA,NA,NA,NA,NA
109.689,1.6220,-3.1335,0.9376,-1.0990,NA,NA,NA,NA,NA,NA,NA,NA,NA,NA,NA,NA
109.830,1.6220,-3.1335,0.9378,-1.0753,NA,NA,NA,NA,NA,NA,NA,NA,NA,NA,NA,NA
109.881,1.6210,-3.1894,0.9378,-1.0753,NA,NA,NA,NA,NA,NA,NA,NA,NA,NA,NA,NA
109.980,1.6199,-3.2562,0.9371,-1.1453,NA,NA,NA,NA,NA,NA,NA,NA,NA,NA,NA,NA
110.077,1.6199,-3.2562,0.9367,-1.1888,NA,NA,NA,NA,NA,NA,NA,NA,NA,NA,NA,NA
110.175,1.6192,-3.2961,0.9362,-1.2405,NA,NA,NA,NA,NA,NA,NA,NA,NA,NA,NA,NA
110.264,1.6167,-3.4475,0.9363,-1.2323,NA,NA,NA,NA,NA,NA,NA,NA,NA,NA,NA,NA
110.418,1.6180,-3.3711,0.9363,-1.2270,NA,NA,NA,NA,NA,NA,NA,NA,NA,NA,NA,NA
110.469,1.6212,-3.1791,0.9365,-1.2113,NA,NA,NA,NA,NA,NA,NA,NA,NA,NA,NA,NA
110.571,1.6212,-3.1791,0.9365,-1.2113,NA,NA,NA,NA,NA,NA,NA,NA,NA,NA,NA,NA
110.664,1.6189,-3.3177,0.9357,-1.2959,NA,NA,NA,NA,NA,NA,NA,NA,NA,NA,NA,NA
110.768,1.6189,-3.3177,0.9360,-1.2660,NA,NA,NA,NA,NA,NA,NA,NA,NA,NA,NA,NA
110.862,1.6181,-3.3634,0.9360,-1.2660,NA,NA,NA,NA,NA,NA,NA,NA,NA,NA,NA,NA
110.960,1.6175,-3.3991,0.9357,-1.2926,NA,NA,NA,NA,NA,NA,NA,NA,NA,NA,NA,NA
111.055,1.6173,-3.4100,0.9354,-1.3303,NA,NA,NA,NA,NA,NA,NA,NA,NA,NA,NA,NA
111.148,1.6154,-3.5235,0.9350,-1.3683,NA,NA,NA,NA,NA,NA,NA,NA,NA,NA,NA,NA
111.248,1.6154,-3.5235,0.9351,-1.3538,NA,NA,NA,NA,NA,NA,NA,NA,NA,NA,NA,NA
111.344,1.6138,-3.6182,0.9351,-1.3538,NA,NA,NA,NA,NA,NA,NA,NA,NA,NA,NA,NA
111.447,1.6129,-3.6727,0.9348,-1.3897,NA,NA,NA,NA,NA,NA,NA,NA,NA,NA,NA,NA
111.580,1.6130,-3.6679,0.9348,-1.3897,NA,NA,NA,NA,NA,NA,NA,NA,NA,NA,NA,NA
111.648,1.6134,-3.6413,0.9343,-1.4425,NA,NA,NA,NA,NA,NA,NA,NA,NA,NA,NA,NA
111.743,1.6134,-3.6413,0.9343,-1.4446,NA,NA,NA,NA,NA,NA,NA,NA,NA,NA,NA,NA
111.837,1.6134,-3.6412,0.9343,-1.4446,NA,NA,NA,NA,NA,NA,NA,NA,NA,NA,NA,NA
111.935,1.6134,-3.6412,0.9337,-1.5010,NA,NA,NA,NA,NA,NA,NA,NA,NA,NA,NA,NA
112.030,1.6133,-3.6484,0.9337,-1.5042,NA,NA,NA,NA,NA,NA,NA,NA,NA,NA,NA,NA
112.159,1.6136,-3.6343,0.9331,-1.5722,NA,NA,NA,NA,NA,NA,NA,NA,NA,NA,NA,NA
112.223,1.6136,-3.6343,0.9328,-1.6022,NA,NA,NA,NA,NA,NA,NA,NA,NA,NA,NA,NA
112.328,1.6130,-3.6702,0.9329,-1.5883,NA,NA,NA,NA,NA,NA,NA,NA,NA,NA,NA,NA
112.428,1.6124,-3.7021,0.9334,-1.5391,NA,NA,NA,NA,NA,NA,NA,NA,NA,NA,NA,NA
112.522,1.6124,-3.7021,0.9334,-1.5391,NA,NA,NA,NA,NA,NA,NA,NA,NA,NA,NA,NA
112.616,1.6097,-3.8681,0.9332,-1.5560,NA,NA,NA,NA,NA,NA,NA,NA,NA,NA,NA,NA
112.710,1.6101,-3.8422,0.9332,-1.5555,NA,NA,NA,NA,NA,NA,NA,NA,NA,NA,NA,NA
112.830,1.6110,-3.7847,0.9332,-1.5555,NA,NA,NA,NA,NA,NA,NA,NA,NA,NA,NA,NA
112.910,1.6110,-3.7847,0.9328,-1.5997,NA,NA,NA,NA,NA,NA,NA,NA,NA,NA,NA,NA
113.023,1.6092,-3.8924,0.9324,-1.6406,NA,NA,NA,NA,NA,NA,NA,NA,NA,NA,NA,NA
113.116,1.6087,-3.9274,0.9324,-1.6406,NA,NA,NA,NA,NA,NA,NA,NA,NA,NA,NA,NA
113.204,1.6087,-3.9274,0.9320,-1.6871,NA,NA,NA,NA,NA,NA,NA,NA,NA,NA,NA,NA
113.359,1.6079,-3.9698,0.9317,-1.7168,NA,NA,NA,NA,NA,NA,NA,NA,NA,NA,NA,NA
113.406,1.6059,-4.0939,0.9317,-1.7202,NA,NA,NA,NA,NA,NA,NA,NA,NA,NA,NA,NA
113.499,1.6078,-3.9801,0.9319,-1.6978,NA,NA,NA,NA,NA,NA,NA,NA,NA,NA,NA,NA
113.596,1.6078,-3.9801,0.9319,-1.6978,NA,NA,NA,NA,NA,NA,NA,NA,NA,NA,NA,NA
113.694,1.6078,-3.9813,0.9318,-1.7063,NA,NA,NA,NA,NA,NA,NA,NA,NA,NA,NA,NA
113.798,1.6088,-3.9185,0.9318,-1.7063,NA,NA,NA,NA,NA,NA,NA,NA,NA,NA,NA,NA
113.889,1.6088,-3.9185,0.9315,-1.7371,NA,NA,NA,NA,NA,NA,NA,NA,NA,NA,NA,NA
113.999,1.6063,-4.0688,0.9321,-1.6722,NA,NA,NA,NA,NA,NA,NA,NA,NA,NA,NA,NA
114.087,1.6047,-4.1659,0.9321,-1.6722,NA,NA,NA,NA,NA,NA,NA,NA,NA,NA,NA,NA
114.186,1.6046,-4.1708,0.9312,-1.7662,NA,NA,NA,NA,NA,NA,NA,NA,NA,NA,NA,NA
114.286,1.6044,-4.1804,0.9308,-1.8126,NA,NA,NA,NA,NA,NA,NA,NA,NA,NA,NA,NA
114.387,1.6041,-4.2010,0.9308,-1.8126,NA,NA,NA,NA,NA,NA,NA,NA,NA,NA,NA,NA
114.479,1.6050,-4.1434,0.9304,-1.8496,NA,NA,NA,NA,NA,NA,NA,NA,NA,NA,NA,NA
114.627,1.6064,-4.0601,0.9302,-1.8797,NA,NA,NA,NA,NA,NA,NA,NA,NA,NA,NA,NA
114.669,1.6064,-4.0601,0.9300,-1.8953,NA,NA,NA,NA,NA,NA,NA,NA,NA,NA,NA,NA
114.778,1.6069,-4.0307,0.9302,-1.8743,NA,NA,NA,NA,NA,NA,NA,NA,NA,NA,NA,NA
114.871,1.6076,-3.9893,0.9303,-1.8593,NA,NA,NA,NA,NA,NA,NA,NA,NA,NA,NA,NA
114.967,1.6076,-3.9893,0.9304,-1.8539,NA,NA,NA,NA,NA,NA,NA,NA,NA,NA,NA,NA
115.141,1.6069,-4.0306,0.9304,-1.8539,NA,NA,NA,NA,NA,NA,NA,NA,NA,NA,NA,NA
115.157,1.6045,-4.1733,0.9302,-1.8762,NA,NA,NA,NA,NA,NA,NA,NA,NA,NA,NA,NA
115.269,1.6059,-4.0902,0.9296,-1.9409,NA,NA,NA,NA,NA,NA,NA,NA,NA,NA,NA,NA
115.350,1.6059,-4.0902,0.9293,-1.9714,NA,NA,NA,NA,NA,NA,NA,NA,NA,NA,NA,NA
115.457,1.6052,-4.1362,0.9291,-1.9929,NA,NA,NA,NA,NA,NA,NA,NA,NA,NA,NA,NA
115.580,1.6057,-4.1035,0.9290,-2.0060,NA,NA,NA,NA,NA,NA,NA,NA,NA,NA,NA,NA
115.661,1.6057,-4.1035,0.9285,-2.0495,NA,NA,NA,NA,NA,NA,NA,NA,NA,NA,NA,NA
115.783,1.6035,-4.2369,0.9287,-2.0282,NA,NA,NA,NA,NA,NA,NA,NA,NA,NA,NA,NA
115.849,1.6015,-4.3554,0.9287,-2.0282,NA,NA,NA,NA,NA,NA,NA,NA,NA,NA,NA,NA
115.951,1.6012,-4.3723,0.9292,-1.9809,NA,NA,NA,NA,NA,NA,NA,NA,NA,NA,NA,NA
116.048,1.6012,-4.3723,0.9292,-1.9809,NA,NA,NA,NA,NA,NA,NA,NA,NA,NA,NA,NA
116.147,1.6000,-4.4440,0.9288,-2.0255,NA,NA,NA,NA,NA,NA,NA,NA,NA,NA,NA,NA
116.243,1.5997,-4.4642,0.9285,-2.0502,NA,NA,NA,NA,NA,NA,NA,NA,NA,NA,NA,NA
116.426,1.5999,-4.4488,0.9283,-2.0732,NA,NA,NA,NA,NA,NA,NA,NA,NA,NA,NA,NA
116.431,1.5999,-4.4488,0.9281,-2.0994,NA,NA,NA,NA,NA,NA,NA,NA,NA,NA,NA,NA
116.536,1.5964,-4.6599,0.9279,-2.1191,NA,NA,NA,NA,NA,NA,NA,NA,NA,NA,NA,NA
116.633,1.5942,-4.7925,0.9284,-2.0685,NA,NA,NA,NA,NA,NA,NA,NA,NA,NA,NA,NA
116.723,1.5942,-4.7925,0.9285,-2.0499,NA,NA,NA,NA,NA,NA,NA,NA,NA,NA,NA,NA
116.837,1.5949,-4.7508,0.9285,-2.0499,NA,NA,NA,NA,NA,NA,NA,NA,NA,NA,NA,NA
116.966,1.5949,-4.7508,0.9283,-2.0775,NA,NA,NA,NA,NA,NA,NA,NA,NA,NA,NA,NA
117.020,1.5940,-4.8051,0.9282,-2.0835,NA,NA,NA,NA,NA,NA,NA,NA,NA,NA,NA,NA
117.124,1.5968,-4.6377,0.9274,-2.1682,NA,NA,NA,NA,NA,NA,NA,NA,NA,NA,NA,NA
117.234,1.5968,-4.6377,0.9271,-2.2042,NA,NA,NA,NA,NA,NA,NA,NA,NA,NA,NA,NA
117.312,1.5942,-4.7935,0.9269,-2.2273,NA,NA,NA,NA,NA,NA,NA,NA,NA,NA,NA,NA
117.426,1.5891,-5.0927,0.9269,-2.2219,NA,NA,NA,NA,NA,NA,NA,NA,NA,NA,NA,NA
117.520,1.5874,-5.1998,0.9269,-2.2219,NA,NA,NA,NA,NA,NA,NA,NA,NA,NA,NA,NA
117.639,1.5909,-4.9864,0.9268,-2.2327,NA,NA,NA,NA,NA,NA,NA,NA,NA,NA,NA,NA
117.705,1.5909,-4.9864,0.9263,-2.2853,NA,NA,NA,NA,NA,NA,NA,NA,NA,NA,NA,NA
117.820,1.5940,-4.8021,0.9261,-2.3050,NA,NA,NA,NA,NA,NA,NA,NA,NA,NA,NA,NA
117.912,1.5940,-4.8021,0.9261,-2.3050,NA,NA,NA,NA,NA,NA,NA,NA,NA,NA,NA,NA
118.007,1.5931,-4.8576,0.9261,-2.3045,NA,NA,NA,NA,NA,NA,NA,NA,NA,NA,NA,NA
118.103,1.5922,-4.9075,0.9261,-2.3045,NA,NA,NA,NA,NA,NA,NA,NA,NA,NA,NA,NA
118.208,1.5913,-4.9614,0.9259,-2.3257,NA,NA,NA,NA,NA,NA,NA,NA,NA,NA,NA,NA
118.299,1.5926,-4.8880,0.9259,-2.3257,NA,NA,NA,NA,NA,NA,NA,NA,NA,NA,NA,NA
118.398,1.5926,-4.8880,0.9259,-2.3326,NA,NA,NA,NA,NA,NA,NA,NA,NA,NA,NA,NA
118.491,1.5950,-4.7403,0.9259,-2.3326,NA,NA,NA,NA,NA,NA,NA,NA,NA,NA,NA,NA
118.587,1.5950,-4.7403,0.9255,-2.3684,NA,NA,NA,NA,NA,NA,NA,NA,NA,NA,NA,NA
118.690,1.5934,-4.8414,0.9253,-2.3901,NA,NA,NA,NA,NA,NA,NA,NA,NA,NA,NA,NA
118.789,1.5903,-5.0226,0.9251,-2.4142,NA,NA,NA,NA,NA,NA,NA,NA,NA,NA,NA,NA
118.914,1.5903,-5.0226,0.9250,-2.4194,NA,NA,NA,NA,NA,NA,NA,NA,NA,NA,NA,NA
118.981,1.5907,-4.9992,0.9250,-2.4194,NA,NA,NA,NA,NA,NA,NA,NA,NA,NA,NA,NA
119.084,1.5907,-4.9992,0.9253,-2.3959,NA,NA,NA,NA,NA,NA,NA,NA,NA,NA,NA,NA
119.184,1.5925,-4.8952,0.9253,-2.3946,NA,NA,NA,NA,NA,NA,NA,NA,NA,NA,NA,NA
119.331,1.5925,-4.8952,0.9253,-2.3946,NA,NA,NA,NA,NA,NA,NA,NA,NA,NA,NA,NA
119.379,1.5952,-4.7321,0.9242,-2.5116,NA,NA,NA,NA,NA,NA,NA,NA,NA,NA,NA,NA
119.475,1.5952,-4.7321,0.9244,-2.4812,NA,NA,NA,NA,NA,NA,NA,NA,NA,NA,NA,NA
119.569,1.5940,-4.8039,0.9244,-2.4812,NA,NA,NA,NA,NA,NA,NA,NA,NA,NA,NA,NA
119.675,1.5924,-4.8987,0.9242,-2.5080,NA,NA,NA,NA,NA,NA,NA,NA,NA,NA,NA,NA
119.770,1.5921,-4.9187,0.9240,-2.5276,NA,NA,NA,NA,NA,NA,NA,NA,NA,NA,NA,NA
119.864,1.5857,-5.2990,0.9235,-2.5797,NA,NA,NA,NA,NA,NA,NA,NA,NA,NA,NA,NA
119.960,1.5874,-5.1965,0.9230,-2.6299,NA,NA,NA,NA,NA,NA,NA,NA,NA,NA,NA,NA
120.066,1.5907,-5.0022,0.9229,-2.6402,NA,NA,NA,NA,NA,NA,NA,NA,NA,NA,NA,NA
120.161,1.5907,-5.0022,0.9230,-2.6303,NA,NA,NA,NA,NA,NA,NA,NA,NA,NA,NA,NA
120.252,1.5922,-4.9103,0.9230,-2.6303,NA,NA,NA,NA,NA,NA,NA,NA,NA,NA,NA,NA
120.351,1.5922,-4.9103,0.9237,-2.5642,NA,NA,NA,NA,NA,NA,NA,NA,NA,NA,NA,NA
120.444,1.5881,-5.1561,0.9237,-2.5642,NA,NA,NA,NA,NA,NA,NA,NA,NA,NA,NA,NA
120.544,1.5897,-5.0615,0.9233,-2.6024,NA,NA,NA,NA,NA,NA,NA,NA,NA,NA,NA,NA
120.646,1.5897,-5.0615,0.9230,-2.6354,NA,NA,NA,NA,NA,NA,NA,NA,NA,NA,NA,NA
120.742,1.5875,-5.1890,0.9231,-2.6229,NA,NA,NA,NA,NA,NA,NA,NA,NA,NA,NA,NA
120.839,1.5861,-5.2741,0.9234,-2.5967,NA,NA,NA,NA,NA,NA,NA,NA,NA,NA,NA,NA
120.947,1.5852,-5.3258,0.9234,-2.5967,NA,NA,NA,NA,NA,NA,NA,NA,NA,NA,NA,NA
121.037,1.5852,-5.3258,0.9236,-2.5737,NA,NA,NA,NA,NA,NA,NA,NA,NA,NA,NA,NA
121.184,1.5873,-5.2018,0.9236,-2.5737,NA,NA,NA,NA,NA,NA,NA,NA,NA,NA,NA,NA
121.240,1.5873,-5.2018,0.9227,-2.6685,NA,NA,NA,NA,NA,NA,NA,NA,NA,NA,NA,NA
121.333,1.5886,-5.1269,0.9222,-2.7228,NA,NA,NA,NA,NA,NA,NA,NA,NA,NA,NA,NA
121.431,1.5886,-5.1269,0.9219,-2.7470,NA,NA,NA,NA,NA,NA,NA,NA,NA,NA,NA,NA
121.520,1.5877,-5.1807,0.9215,-2.7896,NA,NA,NA,NA,NA,NA,NA,NA,NA,NA,NA,NA
121.619,1.5859,-5.2842,0.9215,-2.7896,NA,NA,NA,NA,NA,NA,NA,NA,NA,NA,NA,NA
121.766,1.5859,-5.2842,0.9209,-2.8535,NA,NA,NA,NA,NA,NA,NA,NA,NA,NA,NA,NA
121.823,1.5854,-5.3140,0.9209,-2.8523,NA,NA,NA,NA,NA,NA,NA,NA,NA,NA,NA,NA
121.916,1.5835,-5.4302,0.9210,-2.8448,NA,NA,NA,NA,NA,NA,NA,NA,NA,NA,NA,NA
122.022,1.5835,-5.4302,0.9213,-2.8153,NA,NA,NA,NA,NA,NA,NA,NA,NA,NA,NA,NA
122.125,1.5841,-5.3926,0.9213,-2.8115,NA,NA,NA,NA,NA,NA,NA,NA,NA,NA,NA,NA
122.215,1.5841,-5.3926,0.9213,-2.8115,NA,NA,NA,NA,NA,NA,NA,NA,NA,NA,NA,NA
122.312,1.5854,-5.3191,0.9211,-2.8310,NA,NA,NA,NA,NA,NA,NA,NA,NA,NA,NA,NA
122.422,1.5854,-5.3191,0.9212,-2.8187,NA,NA,NA,NA,NA,NA,NA,NA,NA,NA,NA,NA
122.513,1.5835,-5.4312,0.9213,-2.8116,NA,NA,NA,NA,NA,NA,NA,NA,NA,NA,NA,NA
122.606,1.5827,-5.4778,0.9213,-2.8116,NA,NA,NA,NA,NA,NA,NA,NA,NA,NA,NA,NA
122.698,1.5823,-5.5004,0.9211,-2.8378,NA,NA,NA,NA,NA,NA,NA,NA,NA,NA,NA,NA
122.800,1.5826,-5.4864,0.9211,-2.8301,NA,NA,NA,NA,NA,NA,NA,NA,NA,NA,NA,NA
122.899,1.5826,-5.4864,0.9215,-2.7959,NA,NA,NA,NA,NA,NA,NA,NA,NA,NA,NA,NA
122.996,1.5855,-5.3125,0.9215,-2.7959,NA,NA,NA,NA,NA,NA,NA,NA,NA,NA,NA,NA
123.093,1.5855,-5.3125,0.9209,-2.8600,NA,NA,NA,NA,NA,NA,NA,NA,NA,NA,NA,NA
123.191,1.5854,-5.3153,0.9195,-3.0006,NA,NA,NA,NA,NA,NA,NA,NA,NA,NA,NA,NA
123.288,1.5841,-5.3913,0.9202,-2.9327,NA,NA,NA,NA,NA,NA,NA,NA,NA,NA,NA,NA
123.385,1.5824,-5.4961,0.9202,-2.9327,NA,NA,NA,NA,NA,NA,NA,NA,NA,NA,NA,NA
123.536,1.5812,-5.5662,0.9196,-2.9968,NA,NA,NA,NA,NA,NA,NA,NA,NA,NA,NA,NA
123.582,1.5819,-5.5254,0.9192,-3.0322,NA,NA,NA,NA,NA,NA,NA,NA,NA,NA,NA,NA
123.684,1.5819,-5.5254,0.9192,-3.0374,NA,NA,NA,NA,NA,NA,NA,NA,NA,NA,NA,NA
123.785,1.5797,-5.6568,0.9189,-3.0704,NA,NA,NA,NA,NA,NA,NA,NA,NA,NA,NA,NA
123.885,1.5782,-5.7473,0.9185,-3.1096,NA,NA,NA,NA,NA,NA,NA,NA,NA,NA,NA,NA
123.976,1.5775,-5.7892,0.9183,-3.1321,NA,NA,NA,NA,NA,NA,NA,NA,NA,NA,NA,NA
124.080,1.5770,-5.8159,0.9180,-3.1594,NA,NA,NA,NA,NA,NA,NA,NA,NA,NA,NA,NA
124.222,1.5801,-5.6309,0.9181,-3.1499,NA,NA,NA,NA,NA,NA,NA,NA,NA,NA,NA,NA
124.269,1.5801,-5.6309,0.9181,-3.1499,NA,NA,NA,NA,NA,NA,NA,NA,NA,NA,NA,NA
124.384,1.5783,-5.7404,0.9184,-3.1216,NA,NA,NA,NA,NA,NA,NA,NA,NA,NA,NA,NA
124.468,1.5765,-5.8455,0.9184,-3.1216,NA,NA,NA,NA,NA,NA,NA,NA,NA,NA,NA,NA
124.561,1.5767,-5.8359,0.9179,-3.1677,NA,NA,NA,NA,NA,NA,NA,NA,NA,NA,NA,NA
124.661,1.5791,-5.6946,0.9185,-3.1065,NA,NA,NA,NA,NA,NA,NA,NA,NA,NA,NA,NA
124.811,1.5919,-4.9274,0.9267,-2.2417,NA,NA,NA,NA,NA,NA,NA,NA,NA,NA,NA,NA
124.861,1.6289,-2.7178,0.9388,-0.9691,NA,NA,NA,NA,NA,NA,NA,NA,NA,NA,NA,NA
124.954,1.6436,-1.8399,0.9493,0.1408,NA,NA,NA,NA,NA,NA,NA,NA,NA,NA,NA,NA
125.055,1.6607,-0.8223,0.9561,0.8582,NA,NA,NA,NA,NA,NA,NA,NA,NA,NA,NA,NA
125.149,1.6658,-0.5159,0.9579,1.0487,NA,NA,NA,NA,NA,NA,NA,NA,NA,NA,NA,NA
125.248,1.6669,-0.4510,0.9581,1.0723,NA,NA,NA,NA,NA,NA,NA,NA,NA,NA,NA,NA
125.369,1.6669,-0.4510,0.9581,1.0723,NA,NA,NA,NA,NA,NA,NA,NA,NA,NA,NA,NA
125.447,1.6638,-0.6337,0.9579,1.0444,NA,NA,NA,NA,NA,NA,NA,NA,NA,NA,NA,NA
125.540,1.6600,-0.8634,0.9568,0.9345,NA,NA,NA,NA,NA,NA,NA,NA,NA,NA,NA,NA
125.641,1.6539,-1.2245,0.9530,0.5337,NA,NA,NA,NA,NA,NA,NA,NA,NA,NA,NA,NA
125.746,1.6429,-1.8830,0.9504,0.2555,NA,NA,NA,NA,NA,NA,NA,NA,NA,NA,NA,NA
125.837,1.6366,-2.2599,0.9463,-0.1721,NA,NA,NA,NA,NA,NA,NA,NA,NA,NA,NA,NA
125.935,1.6304,-2.6311,0.9440,-0.4136,NA,NA,NA,NA,NA,NA,NA,NA,NA,NA,NA,NA
126.034,1.6269,-2.8358,0.9424,-0.5879,NA,NA,NA,NA,NA,NA,NA,NA,NA,NA,NA,NA
126.130,1.6248,-2.9627,0.9401,-0.8333,NA,NA,NA,NA,NA,NA,NA,NA,NA,NA,NA,NA
126.224,1.6206,-3.2121,0.9380,-1.0553,NA,NA,NA,NA,NA,NA,NA,NA,NA,NA,NA,NA
126.331,1.6184,-3.3441,0.9367,-1.1839,NA,NA,NA,NA,NA,NA,NA,NA,NA,NA,NA,NA
126.417,1.6132,-3.6577,0.9357,-1.2907,NA,NA,NA,NA,NA,NA,NA,NA,NA,NA,NA,NA
126.515,1.6110,-3.7847,0.9347,-1.4008,NA,NA,NA,NA,NA,NA,NA,NA,NA,NA,NA,NA
126.658,1.6106,-3.8114,0.9338,-1.4912,NA,NA,NA,NA,NA,NA,NA,NA,NA,NA,NA,NA
126.719,1.6075,-3.9951,0.9330,-1.5823,NA,NA,NA,NA,NA,NA,NA,NA,NA,NA,NA,NA
126.820,1.6064,-4.0607,0.9324,-1.6376,NA,NA,NA,NA,NA,NA,NA,NA,NA,NA,NA,NA
126.911,1.6040,-4.2065,0.9315,-1.7328,NA,NA,NA,NA,NA,NA,NA,NA,NA,NA,NA,NA
127.012,1.6027,-4.2808,0.9309,-1.7958,NA,NA,NA,NA,NA,NA,NA,NA,NA,NA,NA,NA
127.107,1.6040,-4.2032,0.9306,-1.8360,NA,NA,NA,NA,NA,NA,NA,NA,NA,NA,NA,NA
127.205,1.6040,-4.2032,0.9294,-1.9634,NA,NA,NA,NA,NA,NA,NA,NA,NA,NA,NA,NA
127.303,1.6000,-4.4459,0.9290,-2.0015,NA,NA,NA,NA,NA,NA,NA,NA,NA,NA,NA,NA
127.397,1.5974,-4.6008,0.9285,-2.0535,NA,NA,NA,NA,NA,NA,NA,NA,NA,NA,NA,NA
127.501,1.5969,-4.6305,0.9271,-2.2037,NA,NA,NA,NA,NA,NA,NA,NA,NA,NA,NA,NA
127.601,1.5952,-4.7308,0.9264,-2.2740,NA,NA,NA,NA,NA,NA,NA,NA,NA,NA,NA,NA
127.704,1.5952,-4.7308,0.9257,-2.3471,NA,NA,NA,NA,NA,NA,NA,NA,NA,NA,NA,NA
127.806,1.5925,-4.8935,0.9250,-2.4182,NA,NA,NA,NA,NA,NA,NA,NA,NA,NA,NA,NA
127.889,1.6079,-3.9703,0.9304,-1.8530,NA,NA,NA,NA,NA,NA,NA,NA,NA,NA,NA,NA
127.975,1.6312,-2.5826,0.9399,-0.8470,NA,NA,NA,NA,NA,NA,NA,NA,NA,NA,NA,NA
128.089,1.6613,-0.7856,0.9501,0.2219,NA,NA,NA,NA,NA,NA,NA,NA,NA,NA,NA,NA
128.181,1.6814,0.4176,0.9609,1.3627,NA,NA,NA,NA,NA,NA,NA,NA,NA,NA,NA,NA
128.273,1.7038,1.7567,0.9700,2.3231,NA,NA,NA,NA,NA,NA,NA,NA,NA,NA,NA,NA
128.392,1.7156,2.4571,0.9793,3.3080,NA,NA,NA,NA,NA,NA,NA,NA,NA,NA,NA,NA
128.484,1.7379,3.7930,0.9857,3.9796,NA,NA,NA,NA,NA,NA,NA,NA,NA,NA,NA,NA
128.577,1.7569,4.9247,0.9903,4.4677,NA,NA,NA,NA,NA,NA,NA,NA,NA,NA,NA,NA
128.675,1.7633,5.3110,1.0002,5.5068,NA,NA,NA,NA,NA,NA,NA,NA,NA,NA,NA,NA
128.769,1.7829,6.4815,1.0044,5.9576,NA,NA,NA,NA,NA,NA,NA,NA,NA,NA,NA,NA
128.866,1.7916,6.9994,1.0100,6.5485,NA,NA,NA,NA,NA,NA,NA,NA,NA,NA,NA,NA
129.008,1.8079,7.9744,1.0129,6.8472,NA,NA,NA,NA,NA,NA,NA,NA,NA,NA,NA,NA
129.063,1.8145,8.3677,1.0183,7.4190,NA,NA,NA,NA,NA,NA,NA,NA,NA,NA,NA,NA
129.164,1.8152,8.4086,1.0220,7.8110,NA,NA,NA,NA,NA,NA,NA,NA,NA,NA,NA,NA
129.257,1.8220,8.8164,1.0244,8.0638,NA,NA,NA,NA,NA,NA,NA,NA,NA,NA,NA,NA
129.362,1.8258,9.0388,1.0297,8.6219,NA,NA,NA,NA,NA,NA,NA,NA,NA,NA,NA,NA
129.455,1.8357,9.6328,1.0322,8.8863,NA,NA,NA,NA,NA,NA,NA,NA,NA,NA,NA,NA
129.601,1.8357,9.6328,1.0341,9.0836,NA,NA,NA,NA,NA,NA,NA,NA,NA,NA,NA,NA
129.650,1.8307,9.3348,1.0350,9.1848,NA,NA,NA,NA,NA,NA,NA,NA,NA,NA,NA,NA
129.750,1.8307,9.3348,1.0351,9.1964,NA,NA,NA,NA,NA,NA,NA,NA,NA,NA,NA,NA
129.842,1.8234,8.8979,1.0351,9.1964,NA,NA,NA,NA,NA,NA,NA,NA,NA,NA,NA,NA
129.946,1.8202,8.7037,1.0342,9.0923,NA,NA,NA,NA,NA,NA,NA,NA,NA,NA,NA,NA
130.043,1.8159,8.4500,1.0328,8.9536,NA,NA,NA,NA,NA,NA,NA,NA,NA,NA,NA,NA
130.160,1.8107,8.1360,1.0319,8.8507,NA,NA,NA,NA,NA,NA,NA,NA,NA,NA,NA,NA
130.246,1.8042,7.7511,1.0288,8.5316,NA,NA,NA,NA,NA,NA,NA,NA,NA,NA,NA,NA
130.342,1.7989,7.4361,1.0270,8.3409,NA,NA,NA,NA,NA,NA,NA,NA,NA,NA,NA,NA
130.444,1.7961,7.2649,1.0206,7.6621,NA,NA,NA,NA,NA,NA,NA,NA,NA,NA,NA,NA
130.532,1.7876,6.7621,1.0175,7.3318,NA,NA,NA,NA,NA,NA,NA,NA,NA,NA,NA,NA
130.641,1.7834,6.5093,1.0159,7.1666,NA,NA,NA,NA,NA,NA,NA,NA,NA,NA,NA,NA
130.742,1.7752,6.0185,1.0131,6.8755,NA,NA,NA,NA,NA,NA,NA,NA,NA,NA,NA,NA
130.835,1.7670,5.5265,1.0112,6.6722,NA,NA,NA,NA,NA,NA,NA,NA,NA,NA,NA,NA
130.927,1.7566,4.9096,1.0081,6.3444,NA,NA,NA,NA,NA,NA,NA,NA,NA,NA,NA,NA
131.022,1.7514,4.5958,1.0064,6.1669,NA,NA,NA,NA,NA,NA,NA,NA,NA,NA,NA,NA
131.117,1.7514,4.5958,1.0049,6.0056,NA,NA,NA,NA,NA,NA,NA,NA,NA,NA,NA,NA
131.226,1.7438,4.1459,1.0025,5.7502,NA,NA,NA,NA,NA,NA,NA,NA,NA,NA,NA,NA
131.362,1.7431,4.1015,1.0008,5.5771,NA,NA,NA,NA,NA,NA,NA,NA,NA,NA,NA,NA
131.418,1.7382,3.8112,0.9999,5.4808,NA,NA,NA,NA,NA,NA,NA,NA,NA,NA,NA,NA
131.524,1.7380,3.7997,0.9982,5.2998,NA,NA,NA,NA,NA,NA,NA,NA,NA,NA,NA,NA
131.611,1.7393,3.8726,0.9975,5.2211,NA,NA,NA,NA,NA,NA,NA,NA,NA,NA,NA,NA
131.716,1.7393,3.8726,0.9960,5.0660,NA,NA,NA,NA,NA,NA,NA,NA,NA,NA,NA,NA
131.810,1.7373,3.7564,0.9944,4.8955,NA,NA,NA,NA,NA,NA,NA,NA,NA,NA,NA,NA
131.906,1.7367,3.7179,0.9944,4.8948,NA,NA,NA,NA,NA,NA,NA,NA,NA,NA,NA,NA
132.004,1.7367,3.7219,0.9944,4.8948,NA,NA,NA,NA,NA,NA,NA,NA,NA,NA,NA,NA
132.101,1.7367,3.7219,0.9932,4.7739,NA,NA,NA,NA,NA,NA,NA,NA,NA,NA,NA,NA
132.210,1.7352,3.6329,0.9916,4.6010,NA,NA,NA,NA,NA,NA,NA,NA,NA,NA,NA,NA
132.300,1.7340,3.5572,0.9912,4.5643,NA,NA,NA,NA,NA,NA,NA,NA,NA,NA,NA,NA
132.395,1.7293,3.2784,0.9905,4.4868,NA,NA,NA,NA,NA,NA,NA,NA,NA,NA,NA,NA
132.489,1.7279,3.1956,0.9902,4.4542,NA,NA,NA,NA,NA,NA,NA,NA,NA,NA,NA,NA
132.589,1.7254,3.0435,0.9890,4.3324,NA,NA,NA,NA,NA,NA,NA,NA,NA,NA,NA,NA
132.689,1.7254,3.0435,0.9884,4.2611,NA,NA,NA,NA,NA,NA,NA,NA,NA,NA,NA,NA
132.786,1.7233,2.9200,0.9875,4.1741,NA,NA,NA,NA,NA,NA,NA,NA,NA,NA,NA,NA
132.883,1.7207,2.7628,0.9866,4.0771,NA,NA,NA,NA,NA,NA,NA,NA,NA,NA,NA,NA
132.990,1.7189,2.6548,0.9849,3.8906,NA,NA,NA,NA,NA,NA,NA,NA,NA,NA,NA,NA
133.079,1.7179,2.5940,0.9847,3.8790,NA,NA,NA,NA,NA,NA,NA,NA,NA,NA,NA,NA
133.199,1.7172,2.5555,0.9846,3.8606,NA,NA,NA,NA,NA,NA,NA,NA,NA,NA,NA,NA
133.276,1.7135,2.3331,0.9844,3.8424,NA,NA,NA,NA,NA,NA,NA,NA,NA,NA,NA,NA
133.373,1.7136,2.3425,0.9834,3.7370,NA,NA,NA,NA,NA,NA,NA,NA,NA,NA,NA,NA
133.476,1.7136,2.3425,0.9834,3.7370,NA,NA,NA,NA,NA,NA,NA,NA,NA,NA,NA,NA
133.567,1.7109,2.1771,0.9827,3.6615,NA,NA,NA,NA,NA,NA,NA,NA,NA,NA,NA,NA
133.707,1.7103,2.1399,0.9815,3.5339,NA,NA,NA,NA,NA,NA,NA,NA,NA,NA,NA,NA
133.756,1.7078,1.9940,0.9809,3.4691,NA,NA,NA,NA,NA,NA,NA,NA,NA,NA,NA,NA
133.869,1.7078,1.9940,0.9806,3.4406,NA,NA,NA,NA,NA,NA,NA,NA,NA,NA,NA,NA
133.961,1.7074,1.9714,0.9804,3.4166,NA,NA,NA,NA,NA,NA,NA,NA,NA,NA,NA,NA
134.067,1.7070,1.9486,0.9800,3.3802,NA,NA,NA,NA,NA,NA,NA,NA,NA,NA,NA,NA
134.158,1.7052,1.8406,0.9800,3.3788,NA,NA,NA,NA,NA,NA,NA,NA,NA,NA,NA,NA
134.274,1.7030,1.7059,0.9795,3.3299,NA,NA,NA,NA,NA,NA,NA,NA,NA,NA,NA,NA
134.383,1.6993,1.4855,0.9785,3.2180,NA,NA,NA,NA,NA,NA,NA,NA,NA,NA,NA,NA
134.450,1.6992,1.4794,0.9781,3.1792,NA,NA,NA,NA,NA,NA,NA,NA,NA,NA,NA,NA
134.556,1.6992,1.4794,0.9775,3.1112,NA,NA,NA,NA,NA,NA,NA,NA,NA,NA,NA,NA
134.659,1.6872,0.7606,0.9769,3.0468,NA,NA,NA,NA,NA,NA,NA,NA,NA,NA,NA,NA
134.742,1.6900,0.9292,0.9763,2.9931,NA,NA,NA,NA,NA,NA,NA,NA,NA,NA,NA,NA
134.842,1.6900,0.9292,0.9763,2.9883,NA,NA,NA,NA,NA,NA,NA,NA,NA,NA,NA,NA
134.996,1.6879,0.8055,0.9763,2.9848,NA,NA,NA,NA,NA,NA,NA,NA,NA,NA,NA,NA
135.034,1.6853,0.6477,0.9754,2.8972,NA,NA,NA,NA,NA,NA,NA,NA,NA,NA,NA,NA
135.137,1.6866,0.7276,0.9750,2.8540,NA,NA,NA,NA,NA,NA,NA,NA,NA,NA,NA,NA
135.239,1.6866,0.7276,0.9737,2.7146,NA,NA,NA,NA,NA,NA,NA,NA,NA,NA,NA,NA
135.326,1.6840,0.5733,0.9737,2.7146,NA,NA,NA,NA,NA,NA,NA,NA,NA,NA,NA,NA
135.431,1.6854,0.6546,0.9730,2.6369,NA,NA,NA,NA,NA,NA,NA,NA,NA,NA,NA,NA
135.579,1.6854,0.6546,0.9720,2.5384,NA,NA,NA,NA,NA,NA,NA,NA,NA,NA,NA,NA
135.628,1.6845,0.6009,0.9717,2.5027,NA,NA,NA,NA,NA,NA,NA,NA,NA,NA,NA,NA
135.724,1.6832,0.5227,0.9716,2.4944,NA,NA,NA,NA,NA,NA,NA,NA,NA,NA,NA,NA
135.826,1.6829,0.5080,0.9698,2.3012,NA,NA,NA,NA,NA,NA,NA,NA,NA,NA,NA,NA
135.922,1.6836,0.5480,0.9683,2.1498,NA,NA,NA,NA,NA,NA,NA,NA,NA,NA,NA,NA
136.015,1.6836,0.5480,0.9685,2.1624,NA,NA,NA,NA,NA,NA,NA,NA,NA,NA,NA,NA
136.156,1.6823,0.4679,0.9685,2.1624,NA,NA,NA,NA,NA,NA,NA,NA,NA,NA,NA,NA
136.215,1.6828,0.5032,0.9676,2.0682,NA,NA,NA,NA,NA,NA,NA,NA,NA,NA,NA,NA
136.305,1.6828,0.5032,0.9674,2.0462,NA,NA,NA,NA,NA,NA,NA,NA,NA,NA,NA,NA
136.409,1.6784,0.2382,0.9674,2.0462,NA,NA,NA,NA,NA,NA,NA,NA,NA,NA,NA,NA
136.510,1.6784,0.2382,0.9670,2.0051,NA,NA,NA,NA,NA,NA,NA,NA,NA,NA,NA,NA
136.607,1.6756,0.0716,0.9671,2.0203,NA,NA,NA,NA,NA,NA,NA,NA,NA,NA,NA,NA
136.762,1.6744,-0.0033,0.9671,2.0214,NA,NA,NA,NA,NA,NA,NA,NA,NA,NA,NA,NA
136.803,1.6721,-0.1369,0.9671,2.0214,NA,NA,NA,NA,NA,NA,NA,NA,NA,NA,NA,NA
136.900,1.6742,-0.0142,0.9669,1.9925,NA,NA,NA,NA,NA,NA,NA,NA,NA,NA,NA,NA
136.995,1.6742,-0.0142,0.9663,1.9322,NA,NA,NA,NA,NA,NA,NA,NA,NA,NA,NA,NA
137.098,1.6705,-0.2359,0.9663,1.9322,NA,NA,NA,NA,NA,NA,NA,NA,NA,NA,NA,NA
137.193,1.6691,-0.3204,0.9646,1.7509,NA,NA,NA,NA,NA,NA,NA,NA,NA,NA,NA,NA
137.292,1.6691,-0.3204,0.9642,1.7119,NA,NA,NA,NA,NA,NA,NA,NA,NA,NA,NA,NA
137.384,1.6675,-0.4115,0.9639,1.6838,NA,NA,NA,NA,NA,NA,NA,NA,NA,NA,NA,NA
137.488,1.6675,-0.4115,0.9629,1.5719,NA,NA,NA,NA,NA,NA,NA,NA,NA,NA,NA,NA
137.586,1.6672,-0.4329,0.9617,1.4513,NA,NA,NA,NA,NA,NA,NA,NA,NA,NA,NA,NA
137.682,1.6672,-0.4329,0.9617,1.4491,NA,NA,NA,NA,NA,NA,NA,NA,NA,NA,NA,NA
137.783,1.6662,-0.4913,0.9608,1.3577,NA,NA,NA,NA,NA,NA,NA,NA,NA,NA,NA,NA
137.936,1.6659,-0.5106,0.9604,1.3095,NA,NA,NA,NA,NA,NA,NA,NA,NA,NA,NA,NA
137.980,1.6659,-0.5106,0.9602,1.2902,NA,NA,NA,NA,NA,NA,NA,NA,NA,NA,NA,NA
138.071,1.6634,-0.6553,0.9602,1.2902,NA,NA,NA,NA,NA,NA,NA,NA,NA,NA,NA,NA
138.164,1.6634,-0.6553,0.9596,1.2277,NA,NA,NA,NA,NA,NA,NA,NA,NA,NA,NA,NA
138.275,1.6606,-0.8258,0.9594,1.2089,NA,NA,NA,NA,NA,NA,NA,NA,NA,NA,NA,NA
138.361,1.6591,-0.9164,0.9593,1.1967,NA,NA,NA,NA,NA,NA,NA,NA,NA,NA,NA,NA
138.470,1.6591,-0.9164,0.9593,1.1965,NA,NA,NA,NA,NA,NA,NA,NA,NA,NA,NA,NA
138.612,1.6592,-0.9071,0.9593,1.1965,NA,NA,NA,NA,NA,NA,NA,NA,NA,NA,NA,NA
138.656,1.6592,-0.9071,0.9587,1.1324,NA,NA,NA,NA,NA,NA,NA,NA,NA,NA,NA,NA
138.764,1.6598,-0.8703,0.9587,1.1324,NA,NA,NA,NA,NA,NA,NA,NA,NA,NA,NA,NA
138.863,1.6608,-0.8157,0.9583,1.0867,NA,NA,NA,NA,NA,NA,NA,NA,NA,NA,NA,NA
138.958,1.6608,-0.8157,0.9581,1.0653,NA,NA,NA,NA,NA,NA,NA,NA,NA,NA,NA,NA
139.050,1.6602,-0.8510,0.9581,1.0653,NA,NA,NA,NA,NA,NA,NA,NA,NA,NA,NA,NA
139.208,1.6603,-0.8421,0.9571,0.9671,NA,NA,NA,NA,NA,NA,NA,NA,NA,NA,NA,NA
139.243,1.6603,-0.8421,0.9569,0.9400,NA,NA,NA,NA,NA,NA,NA,NA,NA,NA,NA,NA
139.337,1.6593,-0.9003,0.9568,0.9289,NA,NA,NA,NA,NA,NA,NA,NA,NA,NA,NA,NA
139.443,1.6593,-0.9003,0.9565,0.8950,NA,NA,NA,NA,NA,NA,NA,NA,NA,NA,NA,NA
139.549,1.6581,-0.9745,0.9557,0.8151,NA,NA,NA,NA,NA,NA,NA,NA,NA,NA,NA,NA
139.636,1.6562,-1.0890,0.9550,0.7436,NA,NA,NA,NA,NA,NA,NA,NA,NA,NA,NA,NA
139.740,1.6532,-1.2701,0.9551,0.7518,NA,NA,NA,NA,NA,NA,NA,NA,NA,NA,NA,NA
139.842,1.6520,-1.3418,0.9551,0.7518,NA,NA,NA,NA,NA,NA,NA,NA,NA,NA,NA,NA
139.928,1.6517,-1.3549,0.9543,0.6682,NA,NA,NA,NA,NA,NA,NA,NA,NA,NA,NA,NA
140.031,1.6525,-1.3077,0.9547,0.7150,NA,NA,NA,NA,NA,NA,NA,NA,NA,NA,NA,NA
140.138,1.6525,-1.3077,0.9547,0.7150,NA,NA,NA,NA,NA,NA,NA,NA,NA,NA,NA,NA
140.223,1.6490,-1.5198,0.9543,0.6720,NA,NA,NA,NA,NA,NA,NA,NA,NA,NA,NA,NA
140.329,1.6464,-1.6719,0.9535,0.5845,NA,NA,NA,NA,NA,NA,NA,NA,NA,NA,NA,NA
140.428,1.6459,-1.7012,0.9533,0.5579,NA,NA,NA,NA,NA,NA,NA,NA,NA,NA,NA,NA
140.520,1.6455,-1.7296,0.9523,0.4563,NA,NA,NA,NA,NA,NA,NA,NA,NA,NA,NA,NA
140.611,1.6466,-1.6602,0.9523,0.4563,NA,NA,NA,NA,NA,NA,NA,NA,NA,NA,NA,NA
140.718,1.6478,-1.5903,0.9522,0.4412,NA,NA,NA,NA,NA,NA,NA,NA,NA,NA,NA,NA
140.810,1.6478,-1.5903,0.9509,0.3139,NA,NA,NA,NA,NA,NA,NA,NA,NA,NA,NA,NA
140.906,1.6469,-1.6424,0.9507,0.2866,NA,NA,NA,NA,NA,NA,NA,NA,NA,NA,NA,NA
141.008,1.6464,-1.6711,0.9507,0.2866,NA,NA,NA,NA,NA,NA,NA,NA,NA,NA,NA,NA
141.104,1.6438,-1.8290,0.9505,0.2703,NA,NA,NA,NA,NA,NA,NA,NA,NA,NA,NA,NA
141.199,1.6416,-1.9578,0.9505,0.2703,NA,NA,NA,NA,NA,NA,NA,NA,NA,NA,NA,NA
141.299,1.6416,-1.9578,0.9498,0.1887,NA,NA,NA,NA,NA,NA,NA,NA,NA,NA,NA,NA
141.387,1.6416,-1.9622,0.9497,0.1802,NA,NA,NA,NA,NA,NA,NA,NA,NA,NA,NA,NA
141.540,1.6416,-1.9622,0.9491,0.1218,NA,NA,NA,NA,NA,NA,NA,NA,NA,NA,NA,NA
141.599,1.6385,-2.1429,0.9490,0.1072,NA,NA,NA,NA,NA,NA,NA,NA,NA,NA,NA,NA
141.692,1.6402,-2.0460,0.9489,0.0934,NA,NA,NA,NA,NA,NA,NA,NA,NA,NA,NA,NA
141.788,1.6402,-2.0460,0.9489,0.0934,NA,NA,NA,NA,NA,NA,NA,NA,NA,NA,NA,NA
141.881,1.6354,-2.3307,0.9484,0.0440,NA,NA,NA,NA,NA,NA,NA,NA,NA,NA,NA,NA
141.978,1.6361,-2.2904,0.9484,0.0440,NA,NA,NA,NA,NA,NA,NA,NA,NA,NA,NA,NA
142.095,1.6361,-2.2904,0.9477,-0.0311,NA,NA,NA,NA,NA,NA,NA,NA,NA,NA,NA,NA
142.183,1.6360,-2.2925,0.9478,-0.0131,NA,NA,NA,NA,NA,NA,NA,NA,NA,NA,NA,NA
142.283,1.6360,-2.2925,0.9478,-0.0131,NA,NA,NA,NA,NA,NA,NA,NA,NA,NA,NA,NA
142.373,1.6351,-2.3471,0.9474,-0.0637,NA,NA,NA,NA,NA,NA,NA,NA,NA,NA,NA,NA
142.479,1.6351,-2.3471,0.9469,-0.1172,NA,NA,NA,NA,NA,NA,NA,NA,NA,NA,NA,NA
142.581,1.6375,-2.2024,0.9469,-0.1108,NA,NA,NA,NA,NA,NA,NA,NA,NA,NA,NA,NA
142.672,1.6375,-2.2024,0.9469,-0.1108,NA,NA,NA,NA,NA,NA,NA,NA,NA,NA,NA,NA
142.786,1.6369,-2.2402,0.9463,-0.1708,NA,NA,NA,NA,NA,NA,NA,NA,NA,NA,NA,NA
142.866,1.6348,-2.3633,0.9463,-0.1708,NA,NA,NA,NA,NA,NA,NA,NA,NA,NA,NA,NA
142.969,1.6348,-2.3633,0.9462,-0.1890,NA,NA,NA,NA,NA,NA,NA,NA,NA,NA,NA,NA
143.061,1.6344,-2.3900,0.9461,-0.1965,NA,NA,NA,NA,NA,NA,NA,NA,NA,NA,NA,NA
143.157,1.6328,-2.4852,0.9453,-0.2788,NA,NA,NA,NA,NA,NA,NA,NA,NA,NA,NA,NA
143.260,1.6312,-2.5814,0.9453,-0.2857,NA,NA,NA,NA,NA,NA,NA,NA,NA,NA,NA,NA
143.357,1.6309,-2.6011,0.9449,-0.3233,NA,NA,NA,NA,NA,NA,NA,NA,NA,NA,NA,NA
143.457,1.6306,-2.6143,0.9452,-0.2890,NA,NA,NA,NA,NA,NA,NA,NA,NA,NA,NA,NA
143.555,1.6285,-2.7399,0.9452,-0.2890,NA,NA,NA,NA,NA,NA,NA,NA,NA,NA,NA,NA
143.653,1.6280,-2.7708,0.9445,-0.3707,NA,NA,NA,NA,NA,NA,NA,NA,NA,NA,NA,NA
143.746,1.6276,-2.7939,0.9431,-0.5092,NA,NA,NA,NA,NA,NA,NA,NA,NA,NA,NA,NA
143.845,1.6271,-2.8282,0.9440,-0.4201,NA,NA,NA,NA,NA,NA,NA,NA,NA,NA,NA,NA
143.971,1.6271,-2.8282,0.9440,-0.4201,NA,NA,NA,NA,NA,NA,NA,NA,NA,NA,NA,NA
144.047,1.6277,-2.7884,0.9436,-0.4617,NA,NA,NA,NA,NA,NA,NA,NA,NA,NA,NA,NA
144.140,1.6277,-2.7884,0.9435,-0.4759,NA,NA,NA,NA,NA,NA,NA,NA,NA,NA,NA,NA
144.237,1.6258,-2.9061,0.9433,-0.4898,NA,NA,NA,NA,NA,NA,NA,NA,NA,NA,NA,NA
144.345,1.6256,-2.9128,0.9433,-0.4898,NA,NA,NA,NA,NA,NA,NA,NA,NA,NA,NA,NA
144.441,1.6271,-2.8243,0.9429,-0.5309,NA,NA,NA,NA,NA,NA,NA,NA,NA,NA,NA,NA
144.569,1.6271,-2.8243,0.9430,-0.5226,NA,NA,NA,NA,NA,NA,NA,NA,NA,NA,NA,NA
144.630,1.6253,-2.9324,0.9430,-0.5226,NA,NA,NA,NA,NA,NA,NA,NA,NA,NA,NA,NA
144.729,1.6232,-3.0609,0.9428,-0.5442,NA,NA,NA,NA,NA,NA,NA,NA,NA,NA,NA,NA
144.834,1.6232,-3.0566,0.9426,-0.5614,NA,NA,NA,NA,NA,NA,NA,NA,NA,NA,NA,NA
144.926,1.6232,-3.0566,0.9428,-0.5491,NA,NA,NA,NA,NA,NA,NA,NA,NA,NA,NA,NA
145.027,1.6242,-2.9973,0.9429,-0.5371,NA,NA,NA,NA,NA,NA,NA,NA,NA,NA,NA,NA
145.136,1.6242,-2.9973,0.9429,-0.5371,NA,NA,NA,NA,NA,NA,NA,NA,NA,NA,NA,NA
145.222,1.6241,-3.0047,0.9425,-0.5734,NA,NA,NA,NA,NA,NA,NA,NA,NA,NA,NA,NA
145.315,1.6225,-3.0995,0.9422,-0.6050,NA,NA,NA,NA,NA,NA,NA,NA,NA,NA,NA,NA
145.407,1.6232,-3.0562,0.9422,-0.6050,NA,NA,NA,NA,NA,NA,NA,NA,NA,NA,NA,NA
145.510,1.6233,-3.0531,0.9421,-0.6145,NA,NA,NA,NA,NA,NA,NA,NA,NA,NA,NA,NA
145.607,1.6233,-3.0531,0.9408,-0.7520,NA,NA,NA,NA,NA,NA,NA,NA,NA,NA,NA,NA
145.744,1.6220,-3.1301,0.9408,-0.7590,NA,NA,NA,NA,NA,NA,NA,NA,NA,NA,NA,NA
145.813,1.6220,-3.1301,0.9407,-0.7633,NA,NA,NA,NA,NA,NA,NA,NA,NA,NA,NA,NA
145.903,1.6172,-3.4168,0.9405,-0.7913,NA,NA,NA,NA,NA,NA,NA,NA,NA,NA,NA,NA
146.009,1.6205,-3.2231,0.9402,-0.8193,NA,NA,NA,NA,NA,NA,NA,NA,NA,NA,NA,NA
146.102,1.6238,-3.0249,0.9400,-0.8410,NA,NA,NA,NA,NA,NA,NA,NA,NA,NA,NA,NA
146.201,1.6238,-3.0249,0.9400,-0.8363,NA,NA,NA,NA,NA,NA,NA,NA,NA,NA,NA,NA
146.291,1.6228,-3.0853,0.9400,-0.8359,NA,NA,NA,NA,NA,NA,NA,NA,NA,NA,NA,NA
146.398,1.6199,-3.2538,0.9405,-0.7893,NA,NA,NA,NA,NA,NA,NA,NA,NA,NA,NA,NA
146.489,1.6207,-3.2087,0.9405,-0.7893,NA,NA,NA,NA,NA,NA,NA,NA,NA,NA,NA,NA
146.590,1.6207,-3.2087,0.9392,-0.9258,NA,NA,NA,NA,NA,NA,NA,NA,NA,NA,NA,NA
146.694,1.6213,-3.1736,0.9388,-0.9655,NA,NA,NA,NA,NA,NA,NA,NA,NA,NA,NA,NA
146.787,1.6213,-3.1736,0.9385,-0.9951,NA,NA,NA,NA,NA,NA,NA,NA,NA,NA,NA,NA
146.888,1.6189,-3.3161,0.9376,-1.0966,NA,NA,NA,NA,NA,NA,NA,NA,NA,NA,NA,NA
146.978,1.6137,-3.6254,0.9377,-1.0885,NA,NA,NA,NA,NA,NA,NA,NA,NA,NA,NA,NA
147.078,1.6151,-3.5453,0.9377,-1.0885,NA,NA,NA,NA,NA,NA,NA,NA,NA,NA,NA,NA
147.174,1.6163,-3.4738,0.9373,-1.1226,NA,NA,NA,NA,NA,NA,NA,NA,NA,NA,NA,NA
147.271,1.6163,-3.4738,0.9374,-1.1141,NA,NA,NA,NA,NA,NA,NA,NA,NA,NA,NA,NA
147.372,1.6148,-3.5630,0.9374,-1.1141,NA,NA,NA,NA,NA,NA,NA,NA,NA,NA,NA,NA
147.475,1.6138,-3.6195,0.9374,-1.1185,NA,NA,NA,NA,NA,NA,NA,NA,NA,NA,NA,NA
147.592,1.6138,-3.6195,0.9371,-1.1469,NA,NA,NA,NA,NA,NA,NA,NA,NA,NA,NA,NA
147.660,1.6132,-3.6558,0.9367,-1.1850,NA,NA,NA,NA,NA,NA,NA,NA,NA,NA,NA,NA
147.770,1.6109,-3.7962,0.9367,-1.1850,NA,NA,NA,NA,NA,NA,NA,NA,NA,NA,NA,NA
147.861,1.6118,-3.7406,0.9359,-1.2707,NA,NA,NA,NA,NA,NA,NA,NA,NA,NA,NA,NA
147.960,1.6118,-3.7406,0.9360,-1.2645,NA,NA,NA,NA,NA,NA,NA,NA,NA,NA,NA,NA
148.059,1.6123,-3.7107,0.9363,-1.2322,NA,NA,NA,NA,NA,NA,NA,NA,NA,NA,NA,NA
148.153,1.6135,-3.6358,0.9363,-1.2322,NA,NA,NA,NA,NA,NA,NA,NA,NA,NA,NA,NA
148.255,1.6135,-3.6358,0.9365,-1.2066,NA,NA,NA,NA,NA,NA,NA,NA,NA,NA,NA,NA
148.353,1.6117,-3.7446,0.9373,-1.1220,NA,NA,NA,NA,NA,NA,NA,NA,NA,NA,NA,NA
148.454,1.6112,-3.7731,0.9373,-1.1220,NA,NA,NA,NA,NA,NA,NA,NA,NA,NA,NA,NA
148.548,1.6112,-3.7731,0.9368,-1.1795,NA,NA,NA,NA,NA,NA,NA,NA,NA,NA,NA,NA
148.650,1.6110,-3.7871,0.9364,-1.2244,NA,NA,NA,NA,NA,NA,NA,NA,NA,NA,NA,NA
148.780,1.6088,-3.9200,0.9360,-1.2671,NA,NA,NA,NA,NA,NA,NA,NA,NA,NA,NA,NA
148.840,1.6093,-3.8866,0.9358,-1.2860,NA,NA,NA,NA,NA,NA,NA,NA,NA,NA,NA,NA
148.940,1.6093,-3.8866,0.9356,-1.3033,NA,NA,NA,NA,NA,NA,NA,NA,NA,NA,NA,NA
149.026,1.6077,-3.9844,0.9354,-1.3248,NA,NA,NA,NA,NA,NA,NA,NA,NA,NA,NA,NA
149.133,1.6094,-3.8856,0.9354,-1.3311,NA,NA,NA,NA,NA,NA,NA,NA,NA,NA,NA,NA
149.232,1.6094,-3.8856,0.9350,-1.3677,NA,NA,NA,NA,NA,NA,NA,NA,NA,NA,NA,NA
149.372,1.6087,-3.9274,0.9349,-1.3820,NA,NA,NA,NA,NA,NA,NA,NA,NA,NA,NA,NA
149.424,1.6087,-3.9274,0.9349,-1.3820,NA,NA,NA,NA,NA,NA,NA,NA,NA,NA,NA,NA
149.527,1.6063,-4.0699,0.9345,-1.4164,NA,NA,NA,NA,NA,NA,NA,NA,NA,NA,NA,NA
149.635,1.6095,-3.8753,0.9340,-1.4714,NA,NA,NA,NA,NA,NA,NA,NA,NA,NA,NA,NA
149.724,1.6095,-3.8753,0.9340,-1.4714,NA,NA,NA,NA,NA,NA,NA,NA,NA,NA,NA,NA
149.838,1.6100,-3.8467,0.9340,-1.4763,NA,NA,NA,NA,NA,NA,NA,NA,NA,NA,NA,NA
149.919,1.6100,-3.8467,0.9340,-1.4763,NA,NA,NA,NA,NA,NA,NA,NA,NA,NA,NA,NA
150.019,1.6099,-3.8504,0.9339,-1.4793,NA,NA,NA,NA,NA,NA,NA,NA,NA,NA,NA,NA
150.112,1.6099,-3.8504,0.9331,-1.5638,NA,NA,NA,NA,NA,NA,NA,NA,NA,NA,NA,NA
150.214,1.6080,-3.9650,0.9330,-1.5798,NA,NA,NA,NA,NA,NA,NA,NA,NA,NA,NA,NA
150.311,1.6074,-4.0030,0.9324,-1.6472,NA,NA,NA,NA,NA,NA,NA,NA,NA,NA,NA,NA
150.406,1.6074,-4.0053,0.9323,-1.6543,NA,NA,NA,NA,NA,NA,NA,NA,NA,NA,NA,NA
150.535,1.6073,-4.0109,0.9320,-1.6883,NA,NA,NA,NA,NA,NA,NA,NA,NA,NA,NA,NA
150.601,1.6085,-3.9397,0.9318,-1.7006,NA,NA,NA,NA,NA,NA,NA,NA,NA,NA,NA,NA
150.699,1.6085,-3.9397,0.9318,-1.7006,NA,NA,NA,NA,NA,NA,NA,NA,NA,NA,NA,NA
150.797,1.6050,-4.1432,0.9313,-1.7613,NA,NA,NA,NA,NA,NA,NA,NA,NA,NA,NA,NA
150.915,1.6035,-4.2370,0.9313,-1.7613,NA,NA,NA,NA,NA,NA,NA,NA,NA,NA,NA,NA
151.001,1.6035,-4.2370,0.9309,-1.8054,NA,NA,NA,NA,NA,NA,NA,NA,NA,NA,NA,NA
151.090,1.6001,-4.4361,0.9309,-1.8054,NA,NA,NA,NA,NA,NA,NA,NA,NA,NA,NA,NA
151.199,1.6025,-4.2977,0.9310,-1.7950,NA,NA,NA,NA,NA,NA,NA,NA,NA,NA,NA,NA
151.288,1.6035,-4.2327,0.9315,-1.7420,NA,NA,NA,NA,NA,NA,NA,NA,NA,NA,NA,NA
151.391,1.6035,-4.2327,0.9315,-1.7420,NA,NA,NA,NA,NA,NA,NA,NA,NA,NA,NA,NA
151.488,1.6023,-4.3084,0.9314,-1.7505,NA,NA,NA,NA,NA,NA,NA,NA,NA,NA,NA,NA
151.584,1.5984,-4.5397,0.9314,-1.7483,NA,NA,NA,NA,NA,NA,NA,NA,NA,NA,NA,NA
151.678,1.5984,-4.5397,0.9314,-1.7483,NA,NA,NA,NA,NA,NA,NA,NA,NA,NA,NA,NA
151.795,1.5967,-4.6420,0.9313,-1.7543,NA,NA,NA,NA,NA,NA,NA,NA,NA,NA,NA,NA
151.880,1.5967,-4.6420,0.9308,-1.8094,NA,NA,NA,NA,NA,NA,NA,NA,NA,NA,NA,NA
151.969,1.5956,-4.7095,0.9305,-1.8386,NA,NA,NA,NA,NA,NA,NA,NA,NA,NA,NA,NA
152.065,1.5989,-4.5114,0.9303,-1.8628,NA,NA,NA,NA,NA,NA,NA,NA,NA,NA,NA,NA
152.194,1.5989,-4.5114,0.9305,-1.8410,NA,NA,NA,NA,NA,NA,NA,NA,NA,NA,NA,NA
152.266,1.6025,-4.2958,0.9305,-1.8389,NA,NA,NA,NA,NA,NA,NA,NA,NA,NA,NA,NA
152.363,1.6025,-4.2958,0.9310,-1.7889,NA,NA,NA,NA,NA,NA,NA,NA,NA,NA,NA,NA
152.466,1.6000,-4.4424,0.9318,-1.7023,NA,NA,NA,NA,NA,NA,NA,NA,NA,NA,NA,NA
152.562,1.6011,-4.3761,0.9318,-1.7023,NA,NA,NA,NA,NA,NA,NA,NA,NA,NA,NA,NA
152.658,1.6011,-4.3761,0.9307,-1.8236,NA,NA,NA,NA,NA,NA,NA,NA,NA,NA,NA,NA
152.753,1.5994,-4.4793,0.9307,-1.8236,NA,NA,NA,NA,NA,NA,NA,NA,NA,NA,NA,NA
152.859,1.5989,-4.5079,0.9309,-1.7978,NA,NA,NA,NA,NA,NA,NA,NA,NA,NA,NA,NA
152.946,1.6023,-4.3084,0.9309,-1.7978,NA,NA,NA,NA,NA,NA,NA,NA,NA,NA,NA,NA
153.054,1.6023,-4.3084,0.9297,-1.9304,NA,NA,NA,NA,NA,NA,NA,NA,NA,NA,NA,NA
153.146,1.6005,-4.4165,0.9299,-1.9093,NA,NA,NA,NA,NA,NA,NA,NA,NA,NA,NA,NA
153.242,1.5995,-4.4751,0.9299,-1.9025,NA,NA,NA,NA,NA,NA,NA,NA,NA,NA,NA,NA
153.351,1.5989,-4.5072,0.9299,-1.9025,NA,NA,NA,NA,NA,NA,NA,NA,NA,NA,NA,NA
153.443,1.6011,-4.3771,0.9298,-1.9210,NA,NA,NA,NA,NA,NA,NA,NA,NA,NA,NA,NA
153.535,1.6011,-4.3771,0.9295,-1.9455,NA,NA,NA,NA,NA,NA,NA,NA,NA,NA,NA,NA
153.639,1.5981,-4.5557,0.9288,-2.0251,NA,NA,NA,NA,NA,NA,NA,NA,NA,NA,NA,NA
153.738,1.5970,-4.6261,0.9284,-2.0617,NA,NA,NA,NA,NA,NA,NA,NA,NA,NA,NA,NA
153.835,1.5961,-4.6748,0.9284,-2.0617,NA,NA,NA,NA,NA,NA,NA,NA,NA,NA,NA,NA
153.937,1.5953,-4.7274,0.9277,-2.1372,NA,NA,NA,NA,NA,NA,NA,NA,NA,NA,NA,NA
154.029,1.5953,-4.7274,0.9277,-2.1372,NA,NA,NA,NA,NA,NA,NA,NA,NA,NA,NA,NA
154.132,1.5927,-4.8779,0.9275,-2.1570,NA,NA,NA,NA,NA,NA,NA,NA,NA,NA,NA,NA
154.223,1.5923,-4.9044,0.9289,-2.0079,NA,NA,NA,NA,NA,NA,NA,NA,NA,NA,NA,NA
154.327,1.5923,-4.9059,0.9291,-1.9912,NA,NA,NA,NA,NA,NA,NA,NA,NA,NA,NA,NA
154.424,1.5965,-4.6519,0.9295,-1.9445,NA,NA,NA,NA,NA,NA,NA,NA,NA,NA,NA,NA
154.529,1.5965,-4.6519,0.9295,-1.9445,NA,NA,NA,NA,NA,NA,NA,NA,NA,NA,NA,NA
154.602,1.6030,-4.2640,0.9350,-1.3665,NA,NA,NA,NA,NA,NA,NA,NA,NA,NA,NA,NA
154.713,1.6261,-2.8870,0.9436,-0.4646,NA,NA,NA,NA,NA,NA,NA,NA,NA,NA,NA,NA
154.823,1.6550,-1.1575,0.9552,0.7625,NA,NA,NA,NA,NA,NA,NA,NA,NA,NA,NA,NA
154.905,1.6881,0.8199,0.9647,1.7693,NA,NA,NA,NA,NA,NA,NA,NA,NA,NA,NA,NA
155.005,1.7036,1.7437,0.9727,2.6072,NA,NA,NA,NA,NA,NA,NA,NA,NA,NA,NA,NA
155.106,1.7180,2.6052,0.9792,3.2961,NA,NA,NA,NA,NA,NA,NA,NA,NA,NA,NA,NA
155.199,1.7244,2.9847,0.9814,3.5225,NA,NA,NA,NA,NA,NA,NA,NA,NA,NA,NA,NA
155.302,1.7257,3.0619,0.9823,3.6178,NA,NA,NA,NA,NA,NA,NA,NA,NA,NA,NA,NA
155.431,1.7271,3.1449,0.9823,3.6178,NA,NA,NA,NA,NA,NA,NA,NA,NA,NA,NA,NA
155.498,1.7271,3.1449,0.9817,3.5610,NA,NA,NA,NA,NA,NA,NA,NA,NA,NA,NA,NA
155.598,1.7213,2.8002,0.9812,3.5043,NA,NA,NA,NA,NA,NA,NA,NA,NA,NA,NA,NA
155.694,1.7124,2.2700,0.9797,3.3513,NA,NA,NA,NA,NA,NA,NA,NA,NA,NA,NA,NA
155.797,1.7102,2.1383,0.9784,3.2135,NA,NA,NA,NA,NA,NA,NA,NA,NA,NA,NA,NA
155.950,1.7028,1.6925,0.9770,3.0655,NA,NA,NA,NA,NA,NA,NA,NA,NA,NA,NA,NA
155.995,1.6932,1.1239,0.9740,2.7415,NA,NA,NA,NA,NA,NA,NA,NA,NA,NA,NA,NA
156.083,1.6866,0.7287,0.9723,2.5700,NA,NA,NA,NA,NA,NA,NA,NA,NA,NA,NA,NA
156.178,1.6824,0.4741,0.9697,2.2892,NA,NA,NA,NA,NA,NA,NA,NA,NA,NA,NA,NA
156.280,1.6804,0.3558,0.9686,2.1729,NA,NA,NA,NA,NA,NA,NA,NA,NA,NA,NA,NA
156.378,1.6734,-0.0585,0.9676,2.0716,NA,NA,NA,NA,NA,NA,NA,NA,NA,NA,NA,NA
156.483,1.6733,-0.0686,0.9668,1.9907,NA,NA,NA,NA,NA,NA,NA,NA,NA,NA,NA,NA
156.584,1.6686,-0.3478,0.9657,1.8744,NA,NA,NA,NA,NA,NA,NA,NA,NA,NA,NA,NA
156.671,1.6622,-0.7288,0.9642,1.7125,NA,NA,NA,NA,NA,NA,NA,NA,NA,NA,NA,NA
156.773,1.6577,-0.9979,0.9629,1.5736,NA,NA,NA,NA,NA,NA,NA,NA,NA,NA,NA,NA
156.877,1.6550,-1.1614,0.9619,1.4737,NA,NA,NA,NA,NA,NA,NA,NA,NA,NA,NA,NA
156.970,1.6526,-1.3045,0.9624,1.5180,NA,NA,NA,NA,NA,NA,NA,NA,NA,NA,NA,NA
157.061,1.6488,-1.5305,0.9636,1.6485,NA,NA,NA,NA,NA,NA,NA,NA,NA,NA,NA,NA
157.188,1.6465,-1.6676,0.9641,1.6966,NA,NA,NA,NA,NA,NA,NA,NA,NA,NA,NA,NA
157.259,1.6431,-1.8680,0.9660,1.9012,NA,NA,NA,NA,NA,NA,NA,NA,NA,NA,NA,NA
157.358,1.6384,-2.1520,0.9671,2.0153,NA,NA,NA,NA,NA,NA,NA,NA,NA,NA,NA,NA
157.455,1.6364,-2.2730,0.9693,2.2518,NA,NA,NA,NA,NA,NA,NA,NA,NA,NA,NA,NA
157.555,1.6348,-2.3665,0.9707,2.3962,NA,NA,NA,NA,NA,NA,NA,NA,NA,NA,NA,NA
157.651,1.6338,-2.4243,0.9723,2.5668,NA,NA,NA,NA,NA,NA,NA,NA,NA,NA,NA,NA
157.805,1.6492,-1.5089,0.9817,3.5562,NA,NA,NA,NA,NA,NA,NA,NA,NA,NA,NA,NA
157.847,1.6865,0.7213,0.9958,5.0410,NA,NA,NA,NA,NA,NA,NA,NA,NA,NA,NA,NA
157.949,1.7160,2.4848,1.0097,6.5128,NA,NA,NA,NA,NA,NA,NA,NA,NA,NA,NA,NA
158.039,1.7528,4.6829,1.0206,7.6589,NA,NA,NA,NA,NA,NA,NA,NA,NA,NA,NA,NA
158.148,1.7644,5.3726,1.0319,8.8528,NA,NA,NA,NA,NA,NA,NA,NA,NA,NA,NA,NA
158.239,1.7912,6.9767,1.0399,9.6967,NA,NA,NA,NA,NA,NA,NA,NA,NA,NA,NA,NA
158.333,1.7994,7.4617,1.0501,10.7684,NA,NA,NA,NA,NA,NA,NA,NA,NA,NA,NA,NA
158.438,1.8094,8.0598,1.0603,11.8504,NA,NA,NA,NA,NA,NA,NA,NA,NA,NA,NA,NA
158.529,1.8232,8.8882,1.0646,12.3059,NA,NA,NA,NA,NA,NA,NA,NA,NA,NA,NA,NA
158.642,1.8325,9.4410,1.0714,13.0184,NA,NA,NA,NA,NA,NA,NA,NA,NA,NA,NA,NA
158.725,1.8382,9.7841,1.0789,13.8109,NA,NA,NA,NA,NA,NA,NA,NA,NA,NA,NA,NA
158.822,1.8508,10.5313,1.0846,14.4086,NA,NA,NA,NA,NA,NA,NA,NA,NA,NA,NA,NA
158.947,1.8583,10.9815,1.0897,14.9492,NA,NA,NA,NA,NA,NA,NA,NA,NA,NA,NA,NA
159.030,1.8594,11.0455,1.0941,15.4104,NA,NA,NA,NA,NA,NA,NA,NA,NA,NA,NA,NA
159.116,1.8636,11.3009,1.0990,15.9312,NA,NA,NA,NA,NA,NA,NA,NA,NA,NA,NA,NA
159.225,1.8647,11.3639,1.1014,16.1833,NA,NA,NA,NA,NA,NA,NA,NA,NA,NA,NA,NA
159.317,1.8647,11.3639,1.1027,16.3188,NA,NA,NA,NA,NA,NA,NA,NA,NA,NA,NA,NA
159.417,1.8621,11.2057,1.1027,16.3188,NA,NA,NA,NA,NA,NA,NA,NA,NA,NA,NA,NA
159.554,1.8528,10.6507,1.1035,16.4054,NA,NA,NA,NA,NA,NA,NA,NA,NA,NA,NA,NA
159.607,1.8490,10.4274,1.1035,16.4054,NA,NA,NA,NA,NA,NA,NA,NA,NA,NA,NA,NA
159.710,1.8416,9.9836,1.1015,16.1929,NA,NA,NA,NA,NA,NA,NA,NA,NA,NA,NA,NA
159.806,1.8355,9.6209,1.1013,16.1694,NA,NA,NA,NA,NA,NA,NA,NA,NA,NA,NA,NA
159.902,1.8279,9.1663,1.0879,14.7622,NA,NA,NA,NA,NA,NA,NA,NA,NA,NA,NA,NA
160.006,1.8213,8.7703,1.0740,13.2906,NA,NA,NA,NA,NA,NA,NA,NA,NA,NA,NA,NA
160.102,1.8170,8.5169,1.0725,13.1386,NA,NA,NA,NA,NA,NA,NA,NA,NA,NA,NA,NA
160.199,1.8145,8.3647,1.0633,12.1627,NA,NA,NA,NA,NA,NA,NA,NA,NA,NA,NA,NA
160.297,1.8085,8.0048,1.0575,11.5501,NA,NA,NA,NA,NA,NA,NA,NA,NA,NA,NA,NA
160.393,1.7937,7.1262,1.0529,11.0662,NA,NA,NA,NA,NA,NA,NA,NA,NA,NA,NA,NA
160.496,1.7900,6.9025,1.0494,10.7017,NA,NA,NA,NA,NA,NA,NA,NA,NA,NA,NA,NA
160.585,1.7799,6.2969,1.0461,10.3546,NA,NA,NA,NA,NA,NA,NA,NA,NA,NA,NA,NA
160.693,1.7795,6.2730,1.0434,10.0707,NA,NA,NA,NA,NA,NA,NA,NA,NA,NA,NA,NA
160.817,1.7746,5.9802,1.0418,9.9034,NA,NA,NA,NA,NA,NA,NA,NA,NA,NA,NA,NA
160.881,1.7746,5.9802,1.0401,9.7206,NA,NA,NA,NA,NA,NA,NA,NA,NA,NA,NA,NA
160.981,1.7686,5.6227,1.0392,9.6186,NA,NA,NA,NA,NA,NA,NA,NA,NA,NA,NA,NA
161.077,1.7657,5.4493,1.0369,9.3848,NA,NA,NA,NA,NA,NA,NA,NA,NA,NA,NA,NA
161.177,1.7626,5.2661,1.0356,9.2450,NA,NA,NA,NA,NA,NA,NA,NA,NA,NA,NA,NA
161.276,1.7592,5.0661,1.0339,9.0693,NA,NA,NA,NA,NA,NA,NA,NA,NA,NA,NA,NA
161.429,1.7588,5.0400,1.0329,8.9555,NA,NA,NA,NA,NA,NA,NA,NA,NA,NA,NA,NA
161.483,1.7573,4.9473,1.0316,8.8182,NA,NA,NA,NA,NA,NA,NA,NA,NA,NA,NA,NA
161.582,1.7569,4.9263,1.0303,8.6878,NA,NA,NA,NA,NA,NA,NA,NA,NA,NA,NA,NA
161.678,1.7510,4.5727,1.0294,8.5884,NA,NA,NA,NA,NA,NA,NA,NA,NA,NA,NA,NA
161.767,1.7510,4.5727,1.0288,8.5241,NA,NA,NA,NA,NA,NA,NA,NA,NA,NA,NA,NA
161.873,1.7491,4.4601,1.0275,8.3931,NA,NA,NA,NA,NA,NA,NA,NA,NA,NA,NA,NA
161.993,1.7487,4.4347,1.0265,8.2842,NA,NA,NA,NA,NA,NA,NA,NA,NA,NA,NA,NA
162.058,1.7487,4.4347,1.0258,8.2094,NA,NA,NA,NA,NA,NA,NA,NA,NA,NA,NA,NA
162.158,1.7443,4.1742,1.0251,8.1386,NA,NA,NA,NA,NA,NA,NA,NA,NA,NA,NA,NA
162.249,1.7439,4.1507,1.0226,7.8715,NA,NA,NA,NA,NA,NA,NA,NA,NA,NA,NA,NA
162.352,1.7438,4.1423,1.0214,7.7452,NA,NA,NA,NA,NA,NA,NA,NA,NA,NA,NA,NA
162.473,1.7438,4.1423,1.0200,7.5953,NA,NA,NA,NA,NA,NA,NA,NA,NA,NA,NA,NA
162.550,1.7327,3.4813,1.0193,7.5289,NA,NA,NA,NA,NA,NA,NA,NA,NA,NA,NA,NA
162.677,1.7327,3.4813,1.0188,7.4766,NA,NA,NA,NA,NA,NA,NA,NA,NA,NA,NA,NA
162.739,1.7308,3.3643,1.0176,7.3443,NA,NA,NA,NA,NA,NA,NA,NA,NA,NA,NA,NA
162.847,1.7317,3.4224,1.0170,7.2769,NA,NA,NA,NA,NA,NA,NA,NA,NA,NA,NA,NA
162.940,1.7319,3.4358,1.0166,7.2429,NA,NA,NA,NA,NA,NA,NA,NA,NA,NA,NA,NA
163.043,1.7319,3.4358,1.0164,7.2207,NA,NA,NA,NA,NA,NA,NA,NA,NA,NA,NA,NA
163.152,1.7307,3.3612,1.0162,7.1949,NA,NA,NA,NA,NA,NA,NA,NA,NA,NA,NA,NA
163.237,1.7274,3.1631,1.0159,7.1642,NA,NA,NA,NA,NA,NA,NA,NA,NA,NA,NA,NA
163.329,1.7274,3.1631,1.0157,7.1404,NA,NA,NA,NA,NA,NA,NA,NA,NA,NA,NA,NA
163.435,1.7263,3.0962,1.0150,7.0740,NA,NA,NA,NA,NA,NA,NA,NA,NA,NA,NA,NA
163.522,1.7272,3.1511,1.0128,6.8391,NA,NA,NA,NA,NA,NA,NA,NA,NA,NA,NA,NA
163.631,1.7272,3.1511,1.0123,6.7834,NA,NA,NA,NA,NA,NA,NA,NA,NA,NA,NA,NA
163.777,1.7258,3.0669,1.0118,6.7313,NA,NA,NA,NA,NA,NA,NA,NA,NA,NA,NA,NA
163.817,1.7247,3.0056,1.0106,6.6103,NA,NA,NA,NA,NA,NA,NA,NA,NA,NA,NA,NA
163.926,1.7216,2.8151,1.0102,6.5687,NA,NA,NA,NA,NA,NA,NA,NA,NA,NA,NA,NA
164.021,1.7203,2.7402,1.0093,6.4711,NA,NA,NA,NA,NA,NA,NA,NA,NA,NA,NA,NA
164.110,1.7164,2.5100,1.0094,6.4849,NA,NA,NA,NA,NA,NA,NA,NA,NA,NA,NA,NA
164.211,1.7156,2.4620,1.0094,6.4849,NA,NA,NA,NA,NA,NA,NA,NA,NA,NA,NA,NA
164.369,1.7137,2.3464,1.0088,6.4214,NA,NA,NA,NA,NA,NA,NA,NA,NA,NA,NA,NA
164.415,1.7128,2.2928,1.0083,6.3685,NA,NA,NA,NA,NA,NA,NA,NA,NA,NA,NA,NA
164.515,1.7128,2.2928,1.0079,6.3224,NA,NA,NA,NA,NA,NA,NA,NA,NA,NA,NA,NA
164.612,1.7113,2.2021,1.0076,6.2924,NA,NA,NA,NA,NA,NA,NA,NA,NA,NA,NA,NA
164.698,1.7113,2.2021,1.0066,6.1815,NA,NA,NA,NA,NA,NA,NA,NA,NA,NA,NA,NA
164.797,1.7107,2.1638,1.0066,6.1851,NA,NA,NA,NA,NA,NA,NA,NA,NA,NA,NA,NA
164.945,1.7103,2.1418,1.0066,6.1851,NA,NA,NA,NA,NA,NA,NA,NA,NA,NA,NA,NA
165.000,1.7090,2.0672,1.0064,6.1589,NA,NA,NA,NA,NA,NA,NA,NA,NA,NA,NA,NA
165.092,1.7085,2.0340,1.0052,6.0406,NA,NA,NA,NA,NA,NA,NA,NA,NA,NA,NA,NA
165.194,1.7085,2.0340,1.0042,5.9351,NA,NA,NA,NA,NA,NA,NA,NA,NA,NA,NA,NA
165.293,1.7099,2.1182,1.0041,5.9222,NA,NA,NA,NA,NA,NA,NA,NA,NA,NA,NA,NA
165.383,1.7099,2.1182,1.0026,5.7661,NA,NA,NA,NA,NA,NA,NA,NA,NA,NA,NA,NA
165.487,1.7094,2.0915,1.0013,5.6243,NA,NA,NA,NA,NA,NA,NA,NA,NA,NA,NA,NA
165.579,1.7094,2.0915,1.0008,5.5681,NA,NA,NA,NA,NA,NA,NA,NA,NA,NA,NA,NA
165.696,1.7035,1.7379,1.0008,5.5681,NA,NA,NA,NA,NA,NA,NA,NA,NA,NA,NA,NA
165.778,1.7035,1.7379,1.0004,5.5257,NA,NA,NA,NA,NA,NA,NA,NA,NA,NA,NA,NA
165.879,1.6994,1.4926,0.9999,5.4745,NA,NA,NA,NA,NA,NA,NA,NA,NA,NA,NA,NA
165.969,1.7036,1.7424,0.9997,5.4563,NA,NA,NA,NA,NA,NA,NA,NA,NA,NA,NA,NA
166.074,1.7036,1.7424,0.9990,5.3821,NA,NA,NA,NA,NA,NA,NA,NA,NA,NA,NA,NA
166.177,1.6975,1.3802,0.9985,5.3262,NA,NA,NA,NA,NA,NA,NA,NA,NA,NA,NA,NA
166.273,1.6957,1.2712,0.9983,5.3070,NA,NA,NA,NA,NA,NA,NA,NA,NA,NA,NA,NA
166.361,1.6962,1.3001,0.9978,5.2582,NA,NA,NA,NA,NA,NA,NA,NA,NA,NA,NA,NA
166.462,1.6965,1.3172,0.9970,5.1683,NA,NA,NA,NA,NA,NA,NA,NA,NA,NA,NA,NA
166.564,1.6965,1.3172,0.9960,5.0622,NA,NA,NA,NA,NA,NA,NA,NA,NA,NA,NA,NA
166.655,1.6959,1.2823,0.9959,5.0608,NA,NA,NA,NA,NA,NA,NA,NA,NA,NA,NA,NA
166.782,1.6959,1.2823,0.9955,5.0106,NA,NA,NA,NA,NA,NA,NA,NA,NA,NA,NA,NA
166.862,1.6947,1.2120,0.9951,4.9668,NA,NA,NA,NA,NA,NA,NA,NA,NA,NA,NA,NA
166.949,1.6932,1.1215,0.9950,4.9582,NA,NA,NA,NA,NA,NA,NA,NA,NA,NA,NA,NA
167.051,1.6932,1.1215,0.9946,4.9225,NA,NA,NA,NA,NA,NA,NA,NA,NA,NA,NA,NA
167.153,1.6930,1.1077,0.9942,4.8786,NA,NA,NA,NA,NA,NA,NA,NA,NA,NA,NA,NA
167.252,1.6925,1.0769,0.9942,4.8786,NA,NA,NA,NA,NA,NA,NA,NA,NA,NA,NA,NA
167.355,1.6893,0.8906,0.9927,4.7141,NA,NA,NA,NA,NA,NA,NA,NA,NA,NA,NA,NA
167.443,1.6913,1.0085,0.9920,4.6448,NA,NA,NA,NA,NA,NA,NA,NA,NA,NA,NA,NA
167.553,1.6913,1.0085,0.9916,4.5996,NA,NA,NA,NA,NA,NA,NA,NA,NA,NA,NA,NA
167.642,1.6867,0.7338,0.9911,4.5487,NA,NA,NA,NA,NA,NA,NA,NA,NA,NA,NA,NA
167.737,1.6848,0.6200,0.9900,4.4334,NA,NA,NA,NA,NA,NA,NA,NA,NA,NA,NA,NA
167.832,1.6819,0.4497,0.9899,4.4266,NA,NA,NA,NA,NA,NA,NA,NA,NA,NA,NA,NA
167.978,1.6813,0.4099,0.9899,4.4281,NA,NA,NA,NA,NA,NA,NA,NA,NA,NA,NA,NA
168.029,1.6809,0.3886,0.9899,4.4281,NA,NA,NA,NA,NA,NA,NA,NA,NA,NA,NA,NA
168.131,1.6813,0.4125,0.9886,4.2812,NA,NA,NA,NA,NA,NA,NA,NA,NA,NA,NA,NA
168.221,1.6813,0.4125,0.9886,4.2812,NA,NA,NA,NA,NA,NA,NA,NA,NA,NA,NA,NA
168.326,1.6799,0.3278,0.9881,4.2295,NA,NA,NA,NA,NA,NA,NA,NA,NA,NA,NA,NA
168.418,1.6786,0.2504,0.9876,4.1765,NA,NA,NA,NA,NA,NA,NA,NA,NA,NA,NA,NA
168.548,1.6793,0.2887,0.9872,4.1433,NA,NA,NA,NA,NA,NA,NA,NA,NA,NA,NA,NA
168.611,1.6793,0.2887,0.9871,4.1260,NA,NA,NA,NA,NA,NA,NA,NA,NA,NA,NA,NA
168.717,1.6787,0.2538,0.9869,4.1098,NA,NA,NA,NA,NA,NA,NA,NA,NA,NA,NA,NA
168.830,1.6770,0.1561,0.9865,4.0646,NA,NA,NA,NA,NA,NA,NA,NA,NA,NA,NA,NA
168.895,1.6753,0.0504,0.9865,4.0646,NA,NA,NA,NA,NA,NA,NA,NA,NA,NA,NA,NA
169.009,1.6753,0.0504,0.9862,4.0372,NA,NA,NA,NA,NA,NA,NA,NA,NA,NA,NA,NA
169.106,1.6697,-0.2840,0.9861,4.0246,NA,NA,NA,NA,NA,NA,NA,NA,NA,NA,NA,NA
169.201,1.6707,-0.2250,0.9861,4.0246,NA,NA,NA,NA,NA,NA,NA,NA,NA,NA,NA,NA
169.303,1.6726,-0.1073,0.9852,3.9320,NA,NA,NA,NA,NA,NA,NA,NA,NA,NA,NA,NA
169.397,1.6726,-0.1073,0.9844,3.8431,NA,NA,NA,NA,NA,NA,NA,NA,NA,NA,NA,NA
169.510,1.6708,-0.2147,0.9839,3.7895,NA,NA,NA,NA,NA,NA,NA,NA,NA,NA,NA,NA
169.600,1.6708,-0.2147,0.9830,3.6966,NA,NA,NA,NA,NA,NA,NA,NA,NA,NA,NA,NA
169.689,1.6705,-0.2324,0.9824,3.6347,NA,NA,NA,NA,NA,NA,NA,NA,NA,NA,NA,NA
169.792,1.6715,-0.1722,0.9819,3.5779,NA,NA,NA,NA,NA,NA,NA,NA,NA,NA,NA,NA
169.886,1.6715,-0.1722,0.9814,3.5244,NA,NA,NA,NA,NA,NA,NA,NA,NA,NA,NA,NA
169.989,1.6673,-0.4246,0.9809,3.4688,NA,NA,NA,NA,NA,NA,NA,NA,NA,NA,NA,NA
170.083,1.6666,-0.4649,0.9805,3.4330,NA,NA,NA,NA,NA,NA,NA,NA,NA,NA,NA,NA
170.184,1.6666,-0.4649,0.9802,3.3959,NA,NA,NA,NA,NA,NA,NA,NA,NA,NA,NA,NA
170.338,1.6662,-0.4918,0.9801,3.3891,NA,NA,NA,NA,NA,NA,NA,NA,NA,NA,NA,NA
170.384,1.6660,-0.5007,0.9801,3.3891,NA,NA,NA,NA,NA,NA,NA,NA,NA,NA,NA,NA
170.475,1.6651,-0.5543,0.9798,3.3541,NA,NA,NA,NA,NA,NA,NA,NA,NA,NA,NA,NA
170.574,1.6675,-0.4134,0.9787,3.2449,NA,NA,NA,NA,NA,NA,NA,NA,NA,NA,NA,NA
170.677,1.6675,-0.4134,0.9783,3.1951,NA,NA,NA,NA,NA,NA,NA,NA,NA,NA,NA,NA
170.768,1.6673,-0.4231,0.9779,3.1564,NA,NA,NA,NA,NA,NA,NA,NA,NA,NA,NA,NA
170.867,1.6673,-0.4231,0.9772,3.0880,NA,NA,NA,NA,NA,NA,NA,NA,NA,NA,NA,NA
170.982,1.6668,-0.4544,0.9768,3.0364,NA,NA,NA,NA,NA,NA,NA,NA,NA,NA,NA,NA
171.075,1.6650,-0.5624,0.9764,2.9960,NA,NA,NA,NA,NA,NA,NA,NA,NA,NA,NA,NA
171.163,1.6631,-0.6758,0.9761,2.9716,NA,NA,NA,NA,NA,NA,NA,NA,NA,NA,NA,NA
171.260,1.6641,-0.6176,0.9765,3.0054,NA,NA,NA,NA,NA,NA,NA,NA,NA,NA,NA,NA
171.361,1.6641,-0.6176,0.9765,3.0054,NA,NA,NA,NA,NA,NA,NA,NA,NA,NA,NA,NA
171.454,1.6626,-0.7042,0.9758,2.9393,NA,NA,NA,NA,NA,NA,NA,NA,NA,NA,NA,NA
171.569,1.6609,-0.8057,0.9754,2.8965,NA,NA,NA,NA,NA,NA,NA,NA,NA,NA,NA,NA
171.654,1.6615,-0.7694,0.9746,2.8094,NA,NA,NA,NA,NA,NA,NA,NA,NA,NA,NA,NA
171.757,1.6615,-0.7694,0.9745,2.8011,NA,NA,NA,NA,NA,NA,NA,NA,NA,NA,NA,NA
171.845,1.6543,-1.2002,0.9738,2.7271,NA,NA,NA,NA,NA,NA,NA,NA,NA,NA,NA,NA
171.945,1.6582,-0.9674,0.9734,2.6876,NA,NA,NA,NA,NA,NA,NA,NA,NA,NA,NA,NA
172.044,1.6582,-0.9674,0.9734,2.6876,NA,NA,NA,NA,NA,NA,NA,NA,NA,NA,NA,NA
172.187,1.6568,-1.0541,0.9732,2.6588,NA,NA,NA,NA,NA,NA,NA,NA,NA,NA,NA,NA
172.237,1.6569,-1.0463,0.9731,2.6558,NA,NA,NA,NA,NA,NA,NA,NA,NA,NA,NA,NA
172.331,1.6569,-1.0463,0.9725,2.5895,NA,NA,NA,NA,NA,NA,NA,NA,NA,NA,NA,NA
172.429,1.6543,-1.2005,0.9721,2.5427,NA,NA,NA,NA,NA,NA,NA,NA,NA,NA,NA,NA
172.538,1.6543,-1.2005,0.9721,2.5444,NA,NA,NA,NA,NA,NA,NA,NA,NA,NA,NA,NA
172.630,1.6572,-1.0260,0.9721,2.5444,NA,NA,NA,NA,NA,NA,NA,NA,NA,NA,NA,NA
172.729,1.6572,-1.0260,0.9722,2.5574,NA,NA,NA,NA,NA,NA,NA,NA,NA,NA,NA,NA
172.829,1.6528,-1.2916,0.9722,2.5574,NA,NA,NA,NA,NA,NA,NA,NA,NA,NA,NA,NA
172.924,1.6545,-1.1899,0.9714,2.4704,NA,NA,NA,NA,NA,NA,NA,NA,NA,NA,NA,NA
173.018,1.6545,-1.1899,0.9709,2.4162,NA,NA,NA,NA,NA,NA,NA,NA,NA,NA,NA,NA
173.122,1.6510,-1.3984,0.9709,2.4162,NA,NA,NA,NA,NA,NA,NA,NA,NA,NA,NA,NA
173.221,1.6523,-1.3190,0.9703,2.3594,NA,NA,NA,NA,NA,NA,NA,NA,NA,NA,NA,NA
173.336,1.6523,-1.3190,0.9702,2.3411,NA,NA,NA,NA,NA,NA,NA,NA,NA,NA,NA,NA
173.411,1.6488,-1.5276,0.9697,2.2955,NA,NA,NA,NA,NA,NA,NA,NA,NA,NA,NA,NA
173.521,1.6467,-1.6559,0.9693,2.2468,NA,NA,NA,NA,NA,NA,NA,NA,NA,NA,NA,NA
173.605,1.6477,-1.5958,0.9690,2.2166,NA,NA,NA,NA,NA,NA,NA,NA,NA,NA,NA,NA
173.700,1.6477,-1.5958,0.9690,2.2193,NA,NA,NA,NA,NA,NA,NA,NA,NA,NA,NA,NA
173.800,1.6458,-1.7086,0.9690,2.2193,NA,NA,NA,NA,NA,NA,NA,NA,NA,NA,NA,NA
173.900,1.6449,-1.7626,0.9683,2.1490,NA,NA,NA,NA,NA,NA,NA,NA,NA,NA,NA,NA
174.004,1.6454,-1.7321,0.9683,2.1408,NA,NA,NA,NA,NA,NA,NA,NA,NA,NA,NA,NA
174.101,1.6463,-1.6791,0.9683,2.1408,NA,NA,NA,NA,NA,NA,NA,NA,NA,NA,NA,NA
174.203,1.6463,-1.6791,0.9675,2.0635,NA,NA,NA,NA,NA,NA,NA,NA,NA,NA,NA,NA
174.281,1.6486,-1.5432,0.9674,2.0509,NA,NA,NA,NA,NA,NA,NA,NA,NA,NA,NA,NA
174.392,1.6507,-1.4176,0.9673,2.0361,NA,NA,NA,NA,NA,NA,NA,NA,NA,NA,NA,NA
174.489,1.6507,-1.4176,0.9672,2.0261,NA,NA,NA,NA,NA,NA,NA,NA,NA,NA,NA,NA
174.613,1.6478,-1.5899,0.9661,1.9142,NA,NA,NA,NA,NA,NA,NA,NA,NA,NA,NA,NA
174.684,1.6478,-1.5872,0.9656,1.8597,NA,NA,NA,NA,NA,NA,NA,NA,NA,NA,NA,NA
174.781,1.6478,-1.5872,0.9656,1.8647,NA,NA,NA,NA,NA,NA,NA,NA,NA,NA,NA,NA
174.877,1.6461,-1.6928,0.9656,1.8647,NA,NA,NA,NA,NA,NA,NA,NA,NA,NA,NA,NA
174.982,1.6468,-1.6511,0.9653,1.8264,NA,NA,NA,NA,NA,NA,NA,NA,NA,NA,NA,NA
175.075,1.6474,-1.6125,0.9653,1.8264,NA,NA,NA,NA,NA,NA,NA,NA,NA,NA,NA,NA
175.173,1.6474,-1.6125,0.9648,1.7789,NA,NA,NA,NA,NA,NA,NA,NA,NA,NA,NA,NA
175.267,1.6461,-1.6901,0.9645,1.7428,NA,NA,NA,NA,NA,NA,NA,NA,NA,NA,NA,NA
175.366,1.6437,-1.8360,0.9635,1.6436,NA,NA,NA,NA,NA,NA,NA,NA,NA,NA,NA,NA
175.474,1.6433,-1.8566,0.9633,1.6155,NA,NA,NA,NA,NA,NA,NA,NA,NA,NA,NA,NA
175.566,1.6433,-1.8566,0.9630,1.5812,NA,NA,NA,NA,NA,NA,NA,NA,NA,NA,NA,NA
175.679,1.6422,-1.9263,0.9630,1.5812,NA,NA,NA,NA,NA,NA,NA,NA,NA,NA,NA,NA
175.791,1.6421,-1.9288,0.9627,1.5527,NA,NA,NA,NA,NA,NA,NA,NA,NA,NA,NA,NA
175.854,1.6421,-1.9288,0.9625,1.5355,NA,NA,NA,NA,NA,NA,NA,NA,NA,NA,NA,NA
175.959,1.6388,-2.1285,0.9625,1.5355,NA,NA,NA,NA,NA,NA,NA,NA,NA,NA,NA,NA
176.043,1.6391,-2.1111,0.9625,1.5301,NA,NA,NA,NA,NA,NA,NA,NA,NA,NA,NA,NA
176.150,1.6391,-2.1111,0.9625,1.5287,NA,NA,NA,NA,NA,NA,NA,NA,NA,NA,NA,NA
176.253,1.6384,-2.1500,0.9622,1.5054,NA,NA,NA,NA,NA,NA,NA,NA,NA,NA,NA,NA
176.365,1.6381,-2.1702,0.9622,1.5054,NA,NA,NA,NA,NA,NA,NA,NA,NA,NA,NA,NA
176.447,1.6364,-2.2717,0.9618,1.4601,NA,NA,NA,NA,NA,NA,NA,NA,NA,NA,NA,NA
176.541,1.6359,-2.2990,0.9618,1.4601,NA,NA,NA,NA,NA,NA,NA,NA,NA,NA,NA,NA
176.657,1.6359,-2.2990,0.9618,1.4594,NA,NA,NA,NA,NA,NA,NA,NA,NA,NA,NA,NA
176.745,1.6345,-2.3840,0.9618,1.4564,NA,NA,NA,NA,NA,NA,NA,NA,NA,NA,NA,NA
176.845,1.6345,-2.3840,0.9611,1.3855,NA,NA,NA,NA,NA,NA,NA,NA,NA,NA,NA,NA
176.967,1.6373,-2.2154,0.9611,1.3855,NA,NA,NA,NA,NA,NA,NA,NA,NA,NA,NA,NA
177.038,1.6373,-2.2154,0.9609,1.3637,NA,NA,NA,NA,NA,NA,NA,NA,NA,NA,NA,NA
177.136,1.6343,-2.3930,0.9601,1.2835,NA,NA,NA,NA,NA,NA,NA,NA,NA,NA,NA,NA
177.229,1.6349,-2.3583,0.9598,1.2519,NA,NA,NA,NA,NA,NA,NA,NA,NA,NA,NA,NA
177.325,1.6349,-2.3583,0.9597,1.2340,NA,NA,NA,NA,NA,NA,NA,NA,NA,NA,NA,NA
177.430,1.6336,-2.4395,0.9595,1.2194,NA,NA,NA,NA,NA,NA,NA,NA,NA,NA,NA,NA
177.580,1.6333,-2.4548,0.9590,1.1645,NA,NA,NA,NA,NA,NA,NA,NA,NA,NA,NA,NA
177.622,1.6334,-2.4469,0.9586,1.1261,NA,NA,NA,NA,NA,NA,NA,NA,NA,NA,NA,NA
177.727,1.6334,-2.4469,0.9585,1.1111,NA,NA,NA,NA,NA,NA,NA,NA,NA,NA,NA,NA
177.816,1.6295,-2.6842,0.9574,0.9974,NA,NA,NA,NA,NA,NA,NA,NA,NA,NA,NA,NA
177.916,1.6282,-2.7599,0.9576,1.0149,NA,NA,NA,NA,NA,NA,NA,NA,NA,NA,NA,NA
178.023,1.6282,-2.7576,0.9576,1.0149,NA,NA,NA,NA,NA,NA,NA,NA,NA,NA,NA,NA
178.107,1.6282,-2.7576,0.9570,0.9482,NA,NA,NA,NA,NA,NA,NA,NA,NA,NA,NA,NA
178.212,1.6267,-2.8520,0.9570,0.9508,NA,NA,NA,NA,NA,NA,NA,NA,NA,NA,NA,NA
178.308,1.6267,-2.8520,0.9570,0.9508,NA,NA,NA,NA,NA,NA,NA,NA,NA,NA,NA,NA
178.398,1.6271,-2.8257,0.9568,0.9363,NA,NA,NA,NA,NA,NA,NA,NA,NA,NA,NA,NA
178.508,1.6272,-2.8176,0.9560,0.8443,NA,NA,NA,NA,NA,NA,NA,NA,NA,NA,NA,NA
178.606,1.6272,-2.8176,0.9555,0.7939,NA,NA,NA,NA,NA,NA,NA,NA,NA,NA,NA,NA
178.707,1.6269,-2.8371,0.9559,0.8403,NA,NA,NA,NA,NA,NA,NA,NA,NA,NA,NA,NA
178.794,1.6244,-2.9847,0.9559,0.8403,NA,NA,NA,NA,NA,NA,NA,NA,NA,NA,NA,NA
178.900,1.6241,-3.0027,0.9558,0.8257,NA,NA,NA,NA,NA,NA,NA,NA,NA,NA,NA,NA
178.995,1.6241,-3.0027,0.9550,0.7447,NA,NA,NA,NA,NA,NA,NA,NA,NA,NA,NA,NA
179.090,1.6253,-2.9315,0.9549,0.7311,NA,NA,NA,NA,NA,NA,NA,NA,NA,NA,NA,NA
179.193,1.6253,-2.9315,0.9547,0.7136,NA,NA,NA,NA,NA,NA,NA,NA,NA,NA,NA,NA
179.293,1.6248,-2.9631,0.9548,0.7175,NA,NA,NA,NA,NA,NA,NA,NA,NA,NA,NA,NA
179.416,1.6254,-2.9270,0.9548,0.7175,NA,NA,NA,NA,NA,NA,NA,NA,NA,NA,NA,NA
179.480,1.6254,-2.9270,0.9542,0.6554,NA,NA,NA,NA,NA,NA,NA,NA,NA,NA,NA,NA
179.581,1.6229,-3.0775,0.9541,0.6424,NA,NA,NA,NA,NA,NA,NA,NA,NA,NA,NA,NA
179.681,1.6225,-3.1022,0.9540,0.6362,NA,NA,NA,NA,NA,NA,NA,NA,NA,NA,NA,NA
179.775,1.6225,-3.1022,0.9534,0.5741,NA,NA,NA,NA,NA,NA,NA,NA,NA,NA,NA,NA
179.882,1.6224,-3.1067,0.9536,0.5952,NA,NA,NA,NA,NA,NA,NA,NA,NA,NA,NA,NA
179.975,1.6224,-3.1067,0.9536,0.5952,NA,NA,NA,NA,NA,NA,NA,NA,NA,NA,NA,NA
180.070,1.6231,-3.0647,0.9534,0.5714,NA,NA,NA,NA,NA,NA,NA,NA,NA,NA,NA,NA
180.172,1.6245,-2.9813,0.9524,0.4687,NA,NA,NA,NA,NA,NA,NA,NA,NA,NA,NA,NA
180.278,1.6245,-2.9813,0.9516,0.3810,NA,NA,NA,NA,NA,NA,NA,NA,NA,NA,NA,NA
180.361,1.6244,-2.9899,0.9516,0.3810,NA,NA,NA,NA,NA,NA,NA,NA,NA,NA,NA,NA
180.457,1.6174,-3.4030,0.9517,0.3908,NA,NA,NA,NA,NA,NA,NA,NA,NA,NA,NA,NA
180.619,1.6186,-3.3320,0.9517,0.3908,NA,NA,NA,NA,NA,NA,NA,NA,NA,NA,NA,NA
180.661,1.6212,-3.1809,0.9510,0.3239,NA,NA,NA,NA,NA,NA,NA,NA,NA,NA,NA,NA
180.757,1.6216,-3.1521,0.9508,0.2970,NA,NA,NA,NA,NA,NA,NA,NA,NA,NA,NA,NA
180.861,1.6216,-3.1521,0.9507,0.2839,NA,NA,NA,NA,NA,NA,NA,NA,NA,NA,NA,NA
180.947,1.6241,-3.0049,0.9505,0.2699,NA,NA,NA,NA,NA,NA,NA,NA,NA,NA,NA,NA
181.060,1.6241,-3.0049,0.9507,0.2890,NA,NA,NA,NA,NA,NA,NA,NA,NA,NA,NA,NA
181.217,1.6239,-3.0181,0.9507,0.2890,NA,NA,NA,NA,NA,NA,NA,NA,NA,NA,NA,NA
181.240,1.6231,-3.0663,0.9501,0.2243,NA,NA,NA,NA,NA,NA,NA,NA,NA,NA,NA,NA
181.342,1.6224,-3.1065,0.9505,0.2669,NA,NA,NA,NA,NA,NA,NA,NA,NA,NA,NA,NA
181.455,1.6214,-3.1642,0.9505,0.2669,NA,NA,NA,NA,NA,NA,NA,NA,NA,NA,NA,NA
181.540,1.6214,-3.1642,0.9493,0.1399,NA,NA,NA,NA,NA,NA,NA,NA,NA,NA,NA,NA
181.633,1.6192,-3.2992,0.9488,0.0874,NA,NA,NA,NA,NA,NA,NA,NA,NA,NA,NA,NA
181.792,1.6192,-3.2992,0.9478,-0.0178,NA,NA,NA,NA,NA,NA,NA,NA,NA,NA,NA,NA
181.836,1.6183,-3.3539,0.9478,-0.0178,NA,NA,NA,NA,NA,NA,NA,NA,NA,NA,NA,NA
181.926,1.6185,-3.3371,0.9473,-0.0711,NA,NA,NA,NA,NA,NA,NA,NA,NA,NA,NA,NA
182.018,1.6185,-3.3371,0.9473,-0.0711,NA,NA,NA,NA,NA,NA,NA,NA,NA,NA,NA,NA
182.123,1.6160,-3.4868,0.9471,-0.0891,NA,NA,NA,NA,NA,NA,NA,NA,NA,NA,NA,NA
182.217,1.6160,-3.4868,0.9466,-0.1447,NA,NA,NA,NA,NA,NA,NA,NA,NA,NA,NA,NA
182.353,1.6133,-3.6472,0.9475,-0.0474,NA,NA,NA,NA,NA,NA,NA,NA,NA,NA,NA,NA
182.418,1.6119,-3.7344,0.9475,-0.0474,NA,NA,NA,NA,NA,NA,NA,NA,NA,NA,NA,NA
182.515,1.6091,-3.9031,0.9476,-0.0340,NA,NA,NA,NA,NA,NA,NA,NA,NA,NA,NA,NA
182.615,1.6099,-3.8514,0.9476,-0.0340,NA,NA,NA,NA,NA,NA,NA,NA,NA,NA,NA,NA
182.718,1.6099,-3.8514,0.9472,-0.0807,NA,NA,NA,NA,NA,NA,NA,NA,NA,NA,NA,NA
182.810,1.6081,-3.9612,0.9469,-0.1142,NA,NA,NA,NA,NA,NA,NA,NA,NA,NA,NA,NA
182.975,1.6081,-3.9612,0.9463,-0.1761,NA,NA,NA,NA,NA,NA,NA,NA,NA,NA,NA,NA
183.013,1.6073,-4.0085,0.9462,-0.1835,NA,NA,NA,NA,NA,NA,NA,NA,NA,NA,NA,NA
183.104,1.6363,-2.2754,0.9554,0.7867,NA,NA,NA,NA,NA,NA,NA,NA,NA,NA,NA,NA
183.206,1.6841,0.5769,0.9678,2.0911,NA,NA,NA,NA,NA,NA,NA,NA,NA,NA,NA,NA
183.300,1.7214,2.8032,0.9814,3.5279,NA,NA,NA,NA,NA,NA,NA,NA,NA,NA,NA,NA
183.402,1.7349,3.6096,0.9935,4.8021,NA,NA,NA,NA,NA,NA,NA,NA,NA,NA,NA,NA
183.503,1.7574,4.9546,0.9978,5.2596,NA,NA,NA,NA,NA,NA,NA,NA,NA,NA,NA,NA
183.630,1.7613,5.1916,0.9997,5.4605,NA,NA,NA,NA,NA,NA,NA,NA,NA,NA,NA,NA
183.694,1.7613,5.1916,1.0003,5.5167,NA,NA,NA,NA,NA,NA,NA,NA,NA,NA,NA,NA
183.789,1.7565,4.9010,1.0003,5.5167,NA,NA,NA,NA,NA,NA,NA,NA,NA,NA,NA,NA
183.892,1.7472,4.3450,0.9990,5.3846,NA,NA,NA,NA,NA,NA,NA,NA,NA,NA,NA,NA
183.983,1.7400,3.9150,0.9990,5.3846,NA,NA,NA,NA,NA,NA,NA,NA,NA,NA,NA,NA
184.079,1.7352,3.6277,0.9982,5.3014,NA,NA,NA,NA,NA,NA,NA,NA,NA,NA,NA,NA
184.250,1.7267,3.1231,0.9960,5.0617,NA,NA,NA,NA,NA,NA,NA,NA,NA,NA,NA,NA
184.279,1.7207,2.7662,0.9931,4.7605,NA,NA,NA,NA,NA,NA,NA,NA,NA,NA,NA,NA
184.379,1.7089,2.0614,0.9902,4.4568,NA,NA,NA,NA,NA,NA,NA,NA,NA,NA,NA,NA
184.479,1.7013,1.6077,0.9890,4.3243,NA,NA,NA,NA,NA,NA,NA,NA,NA,NA,NA,NA
184.571,1.6941,1.1778,0.9861,4.0175,NA,NA,NA,NA,NA,NA,NA,NA,NA,NA,NA,NA
184.679,1.6892,0.8841,0.9833,3.7273,NA,NA,NA,NA,NA,NA,NA,NA,NA,NA,NA,NA
184.769,1.6861,0.6972,0.9797,3.3491,NA,NA,NA,NA,NA,NA,NA,NA,NA,NA,NA,NA
184.871,1.6786,0.2473,0.9774,3.1073,NA,NA,NA,NA,NA,NA,NA,NA,NA,NA,NA,NA
184.964,1.6753,0.0539,0.9754,2.8933,NA,NA,NA,NA,NA,NA,NA,NA,NA,NA,NA,NA
185.073,1.6740,-0.0261,0.9742,2.7637,NA,NA,NA,NA,NA,NA,NA,NA,NA,NA,NA,NA
185.152,1.6691,-0.3198,0.9733,2.6742,NA,NA,NA,NA,NA,NA,NA,NA,NA,NA,NA,NA
185.258,1.6666,-0.4659,0.9711,2.4407,NA,NA,NA,NA,NA,NA,NA,NA,NA,NA,NA,NA
185.368,1.6649,-0.5701,0.9700,2.3287,NA,NA,NA,NA,NA,NA,NA,NA,NA,NA,NA,NA
185.468,1.6645,-0.5921,0.9688,2.1951,NA,NA,NA,NA,NA,NA,NA,NA,NA,NA,NA,NA
185.557,1.6586,-0.9461,0.9668,1.9872,NA,NA,NA,NA,NA,NA,NA,NA,NA,NA,NA,NA
185.656,1.6558,-1.1128,0.9659,1.8950,NA,NA,NA,NA,NA,NA,NA,NA,NA,NA,NA,NA
185.747,1.6552,-1.1503,0.9634,1.6316,NA,NA,NA,NA,NA,NA,NA,NA,NA,NA,NA,NA
185.855,1.6489,-1.5259,0.9614,1.4187,NA,NA,NA,NA,NA,NA,NA,NA,NA,NA,NA,NA
185.954,1.6450,-1.7550,0.9603,1.2994,NA,NA,NA,NA,NA,NA,NA,NA,NA,NA,NA,NA
186.043,1.6428,-1.8901,0.9594,1.2062,NA,NA,NA,NA,NA,NA,NA,NA,NA,NA,NA,NA
186.145,1.6428,-1.8895,0.9581,1.0726,NA,NA,NA,NA,NA,NA,NA,NA,NA,NA,NA,NA
186.233,1.6428,-1.8895,0.9571,0.9651,NA,NA,NA,NA,NA,NA,NA,NA,NA,NA,NA,NA
186.336,1.6395,-2.0836,0.9564,0.8903,NA,NA,NA,NA,NA,NA,NA,NA,NA,NA,NA,NA
186.429,1.6368,-2.2445,0.9559,0.8396,NA,NA,NA,NA,NA,NA,NA,NA,NA,NA,NA,NA
186.538,1.6514,-1.3731,0.9604,1.3097,NA,NA,NA,NA,NA,NA,NA,NA,NA,NA,NA,NA
186.630,1.6846,0.6076,0.9705,2.3727,NA,NA,NA,NA,NA,NA,NA,NA,NA,NA,NA,NA
186.747,1.7247,3.0034,0.9817,3.5617,NA,NA,NA,NA,NA,NA,NA,NA,NA,NA,NA,NA
186.823,1.7539,4.7442,0.9975,5.2239,NA,NA,NA,NA,NA,NA,NA,NA,NA,NA,NA,NA
186.931,1.7810,6.3655,1.0102,6.5637,NA,NA,NA,NA,NA,NA,NA,NA,NA,NA,NA,NA
187.030,1.7971,7.3285,1.0187,7.4584,NA,NA,NA,NA,NA,NA,NA,NA,NA,NA,NA,NA
187.193,1.8147,8.3805,1.0262,8.2546,NA,NA,NA,NA,NA,NA,NA,NA,NA,NA,NA,NA
187.208,1.8382,9.7812,1.0352,9.1987,NA,NA,NA,NA,NA,NA,NA,NA,NA,NA,NA,NA
187.312,1.8531,10.6700,1.0409,9.7986,NA,NA,NA,NA,NA,NA,NA,NA,NA,NA,NA,NA
187.419,1.8620,11.2029,1.0478,10.5261,NA,NA,NA,NA,NA,NA,NA,NA,NA,NA,NA,NA
187.514,1.8783,12.1775,1.0555,11.3401,NA,NA,NA,NA,NA,NA,NA,NA,NA,NA,NA,NA
187.604,1.8836,12.4906,1.0604,11.8645,NA,NA,NA,NA,NA,NA,NA,NA,NA,NA,NA,NA
187.703,1.8954,13.2003,1.0653,12.3768,NA,NA,NA,NA,NA,NA,NA,NA,NA,NA,NA,NA
187.822,1.8992,13.4230,1.0692,12.7926,NA,NA,NA,NA,NA,NA,NA,NA,NA,NA,NA,NA
187.901,1.9069,13.8869,1.0721,13.0941,NA,NA,NA,NA,NA,NA,NA,NA,NA,NA,NA,NA
187.999,1.9101,14.0737,1.0757,13.4780,NA,NA,NA,NA,NA,NA,NA,NA,NA,NA,NA,NA
188.096,1.9190,14.6040,1.0783,13.7441,NA,NA,NA,NA,NA,NA,NA,NA,NA,NA,NA,NA
188.196,1.9203,14.6822,1.0804,13.9724,NA,NA,NA,NA,NA,NA,NA,NA,NA,NA,NA,NA
188.294,1.9203,14.6822,1.0817,14.1047,NA,NA,NA,NA,NA,NA,NA,NA,NA,NA,NA,NA
188.394,1.9174,14.5084,1.0819,14.1328,NA,NA,NA,NA,NA,NA,NA,NA,NA,NA,NA,NA
188.498,1.9152,14.3808,1.0829,14.2346,NA,NA,NA,NA,NA,NA,NA,NA,NA,NA,NA,NA
188.587,1.9107,14.1133,1.0829,14.2346,NA,NA,NA,NA,NA,NA,NA,NA,NA,NA,NA,NA
188.687,1.9107,14.1133,1.0822,14.1547,NA,NA,NA,NA,NA,NA,NA,NA,NA,NA,NA,NA
188.786,1.8980,13.3532,1.0813,14.0620,NA,NA,NA,NA,NA,NA,NA,NA,NA,NA,NA,NA
188.877,1.8898,12.8639,1.0809,14.0197,NA,NA,NA,NA,NA,NA,NA,NA,NA,NA,NA,NA
189.015,1.8742,11.9321,1.0796,13.8815,NA,NA,NA,NA,NA,NA,NA,NA,NA,NA,NA,NA
189.080,1.8681,11.5669,1.0749,13.3912,NA,NA,NA,NA,NA,NA,NA,NA,NA,NA,NA,NA
189.178,1.8567,10.8880,1.0726,13.1457,NA,NA,NA,NA,NA,NA,NA,NA,NA,NA,NA,NA
189.275,1.8384,9.7926,1.0694,12.8109,NA,NA,NA,NA,NA,NA,NA,NA,NA,NA,NA,NA
189.370,1.8326,9.4477,1.0635,12.1887,NA,NA,NA,NA,NA,NA,NA,NA,NA,NA,NA,NA
189.472,1.8305,9.3213,1.0619,12.0164,NA,NA,NA,NA,NA,NA,NA,NA,NA,NA,NA,NA
189.578,1.8302,9.3043,1.0609,11.9102,NA,NA,NA,NA,NA,NA,NA,NA,NA,NA,NA,NA
189.661,1.8258,9.0379,1.0581,11.6208,NA,NA,NA,NA,NA,NA,NA,NA,NA,NA,NA,NA
189.761,1.8235,8.9059,1.0565,11.4497,NA,NA,NA,NA,NA,NA,NA,NA,NA,NA,NA,NA
189.865,1.8190,8.6347,1.0553,11.3212,NA,NA,NA,NA,NA,NA,NA,NA,NA,NA,NA,NA
189.956,1.8122,8.2258,1.0542,11.2061,NA,NA,NA,NA,NA,NA,NA,NA,NA,NA,NA,NA
190.061,1.8087,8.0186,1.0514,10.9132,NA,NA,NA,NA,NA,NA,NA,NA,NA,NA,NA,NA
190.207,1.8067,7.9024,1.0509,10.8601,NA,NA,NA,NA,NA,NA,NA,NA,NA,NA,NA,NA
190.268,1.8042,7.7497,1.0486,10.6180,NA,NA,NA,NA,NA,NA,NA,NA,NA,NA,NA,NA
190.356,1.8020,7.6170,1.0479,10.5405,NA,NA,NA,NA,NA,NA,NA,NA,NA,NA,NA,NA
190.450,1.8020,7.6170,1.0468,10.4251,NA,NA,NA,NA,NA,NA,NA,NA,NA,NA,NA,NA
190.541,1.7950,7.2025,1.0457,10.3054,NA,NA,NA,NA,NA,NA,NA,NA,NA,NA,NA,NA
190.647,1.7901,6.9082,1.0455,10.2855,NA,NA,NA,NA,NA,NA,NA,NA,NA,NA,NA,NA
190.746,1.7899,6.8964,1.0443,10.1657,NA,NA,NA,NA,NA,NA,NA,NA,NA,NA,NA,NA
190.840,1.7877,6.7634,1.0439,10.1168,NA,NA,NA,NA,NA,NA,NA,NA,NA,NA,NA,NA
190.942,1.7877,6.7678,1.0427,9.9970,NA,NA,NA,NA,NA,NA,NA,NA,NA,NA,NA,NA
191.035,1.7877,6.7678,1.0406,9.7750,NA,NA,NA,NA,NA,NA,NA,NA,NA,NA,NA,NA
191.130,1.7871,6.7275,1.0408,9.7891,NA,NA,NA,NA,NA,NA,NA,NA,NA,NA,NA,NA
191.242,1.7864,6.6894,1.0408,9.7891,NA,NA,NA,NA,NA,NA,NA,NA,NA,NA,NA,NA
191.352,1.7841,6.5502,1.0398,9.6906,NA,NA,NA,NA,NA,NA,NA,NA,NA,NA,NA,NA
191.431,1.7829,6.4772,1.0391,9.6109,NA,NA,NA,NA,NA,NA,NA,NA,NA,NA,NA,NA
191.522,1.7814,6.3909,1.0384,9.5392,NA,NA,NA,NA,NA,NA,NA,NA,NA,NA,NA,NA
191.621,1.7788,6.2319,1.0376,9.4576,NA,NA,NA,NA,NA,NA,NA,NA,NA,NA,NA,NA
191.716,1.7788,6.2319,1.0374,9.4369,NA,NA,NA,NA,NA,NA,NA,NA,NA,NA,NA,NA
191.817,1.7737,5.9271,1.0365,9.3424,NA,NA,NA,NA,NA,NA,NA,NA,NA,NA,NA,NA
191.961,1.7719,5.8210,1.0357,9.2557,NA,NA,NA,NA,NA,NA,NA,NA,NA,NA,NA,NA
192.013,1.7727,5.8715,1.0354,9.2211,NA,NA,NA,NA,NA,NA,NA,NA,NA,NA,NA,NA
192.111,1.7727,5.8715,1.0350,9.1805,NA,NA,NA,NA,NA,NA,NA,NA,NA,NA,NA,NA
192.207,1.7726,5.8611,1.0347,9.1529,NA,NA,NA,NA,NA,NA,NA,NA,NA,NA,NA,NA
192.307,1.7726,5.8641,1.0342,9.1010,NA,NA,NA,NA,NA,NA,NA,NA,NA,NA,NA,NA
192.407,1.7726,5.8641,1.0336,9.0336,NA,NA,NA,NA,NA,NA,NA,NA,NA,NA,NA,NA
192.517,1.7685,5.6184,1.0333,9.0002,NA,NA,NA,NA,NA,NA,NA,NA,NA,NA,NA,NA
192.610,1.7659,5.4659,1.0328,8.9488,NA,NA,NA,NA,NA,NA,NA,NA,NA,NA,NA,NA
192.709,1.7637,5.3315,1.0328,8.9488,NA,NA,NA,NA,NA,NA,NA,NA,NA,NA,NA,NA
192.805,1.7616,5.2071,1.0311,8.7648,NA,NA,NA,NA,NA,NA,NA,NA,NA,NA,NA,NA
192.893,1.7614,5.1962,1.0309,8.7464,NA,NA,NA,NA,NA,NA,NA,NA,NA,NA,NA,NA
192.996,1.7621,5.2339,1.0290,8.5444,NA,NA,NA,NA,NA,NA,NA,NA,NA,NA,NA,NA
193.087,1.7621,5.2339,1.0280,8.4473,NA,NA,NA,NA,NA,NA,NA,NA,NA,NA,NA,NA
193.191,1.7597,5.0911,1.0281,8.4497,NA,NA,NA,NA,NA,NA,NA,NA,NA,NA,NA,NA
193.295,1.7597,5.0911,1.0283,8.4756,NA,NA,NA,NA,NA,NA,NA,NA,NA,NA,NA,NA
193.382,1.7577,4.9747,1.0283,8.4756,NA,NA,NA,NA,NA,NA,NA,NA,NA,NA,NA,NA
193.483,1.7577,4.9747,1.0275,8.3947,NA,NA,NA,NA,NA,NA,NA,NA,NA,NA,NA,NA
193.586,1.7537,4.7365,1.0271,8.3455,NA,NA,NA,NA,NA,NA,NA,NA,NA,NA,NA,NA
193.752,1.7537,4.7358,1.0263,8.2611,NA,NA,NA,NA,NA,NA,NA,NA,NA,NA,NA,NA
193.777,1.7537,4.7358,1.0258,8.2051,NA,NA,NA,NA,NA,NA,NA,NA,NA,NA,NA,NA
193.875,1.7537,4.7372,1.0255,8.1747,NA,NA,NA,NA,NA,NA,NA,NA,NA,NA,NA,NA
193.973,1.7537,4.7372,1.0248,8.1000,NA,NA,NA,NA,NA,NA,NA,NA,NA,NA,NA,NA
194.070,1.7487,4.4334,1.0243,8.0535,NA,NA,NA,NA,NA,NA,NA,NA,NA,NA,NA,NA
194.170,1.7487,4.4334,1.0240,8.0224,NA,NA,NA,NA,NA,NA,NA,NA,NA,NA,NA,NA
194.263,1.7473,4.3539,1.0239,8.0082,NA,NA,NA,NA,NA,NA,NA,NA,NA,NA,NA,NA
194.435,1.7462,4.2883,1.0228,7.8990,NA,NA,NA,NA,NA,NA,NA,NA,NA,NA,NA,NA
194.459,1.7462,4.2883,1.0221,7.8181,NA,NA,NA,NA,NA,NA,NA,NA,NA,NA,NA,NA
194.556,1.7445,4.1871,1.0216,7.7720,NA,NA,NA,NA,NA,NA,NA,NA,NA,NA,NA,NA
194.656,1.7445,4.1846,1.0211,7.7180,NA,NA,NA,NA,NA,NA,NA,NA,NA,NA,NA,NA
194.760,1.7460,4.2725,1.0207,7.6689,NA,NA,NA,NA,NA,NA,NA,NA,NA,NA,NA,NA
194.850,1.7460,4.2725,1.0202,7.6206,NA,NA,NA,NA,NA,NA,NA,NA,NA,NA,NA,NA
195.000,1.7427,4.0805,1.0196,7.5565,NA,NA,NA,NA,NA,NA,NA,NA,NA,NA,NA,NA
195.044,1.7422,4.0474,1.0181,7.4025,NA,NA,NA,NA,NA,NA,NA,NA,NA,NA,NA,NA
195.151,1.7418,4.0242,1.0177,7.3529,NA,NA,NA,NA,NA,NA,NA,NA,NA,NA,NA,NA
195.243,1.7418,4.0242,1.0168,7.2607,NA,NA,NA,NA,NA,NA,NA,NA,NA,NA,NA,NA
195.333,1.7374,3.7638,1.0163,7.2113,NA,NA,NA,NA,NA,NA,NA,NA,NA,NA,NA,NA
195.435,1.7372,3.7474,1.0162,7.1927,NA,NA,NA,NA,NA,NA,NA,NA,NA,NA,NA,NA
195.586,1.7357,3.6602,1.0151,7.0766,NA,NA,NA,NA,NA,NA,NA,NA,NA,NA,NA,NA
195.636,1.7332,3.5129,1.0146,7.0251,NA,NA,NA,NA,NA,NA,NA,NA,NA,NA,NA,NA
195.741,1.7332,3.5129,1.0137,6.9374,NA,NA,NA,NA,NA,NA,NA,NA,NA,NA,NA,NA
195.828,1.7339,3.5497,1.0127,6.8333,NA,NA,NA,NA,NA,NA,NA,NA,NA,NA,NA,NA
195.927,1.7339,3.5497,1.0123,6.7879,NA,NA,NA,NA,NA,NA,NA,NA,NA,NA,NA,NA
196.027,1.7334,3.5225,1.0115,6.7005,NA,NA,NA,NA,NA,NA,NA,NA,NA,NA,NA,NA
196.125,1.7334,3.5225,1.0115,6.7032,NA,NA,NA,NA,NA,NA,NA,NA,NA,NA,NA,NA
196.229,1.7297,3.3036,1.0115,6.7032,NA,NA,NA,NA,NA,NA,NA,NA,NA,NA,NA,NA
196.327,1.7278,3.1882,1.0107,6.6199,NA,NA,NA,NA,NA,NA,NA,NA,NA,NA,NA,NA
196.419,1.7278,3.1882,1.0097,6.5132,NA,NA,NA,NA,NA,NA,NA,NA,NA,NA,NA,NA
196.516,1.7267,3.1200,1.0096,6.5039,NA,NA,NA,NA,NA,NA,NA,NA,NA,NA,NA,NA
196.612,1.7264,3.1056,1.0087,6.4037,NA,NA,NA,NA,NA,NA,NA,NA,NA,NA,NA,NA
196.741,1.7264,3.1027,1.0083,6.3694,NA,NA,NA,NA,NA,NA,NA,NA,NA,NA,NA,NA
196.811,1.7264,3.1027,1.0068,6.2048,NA,NA,NA,NA,NA,NA,NA,NA,NA,NA,NA,NA
196.910,1.7212,2.7925,1.0063,6.1564,NA,NA,NA,NA,NA,NA,NA,NA,NA,NA,NA,NA
197.010,1.7214,2.8046,1.0063,6.1564,NA,NA,NA,NA,NA,NA,NA,NA,NA,NA,NA,NA
197.103,1.7214,2.8046,1.0063,6.1537,NA,NA,NA,NA,NA,NA,NA,NA,NA,NA,NA,NA
197.203,1.7207,2.7649,1.0063,6.1537,NA,NA,NA,NA,NA,NA,NA,NA,NA,NA,NA,NA
197.300,1.7207,2.7649,1.0052,6.0405,NA,NA,NA,NA,NA,NA,NA,NA,NA,NA,NA,NA
197.410,1.7166,2.5206,1.0045,5.9590,NA,NA,NA,NA,NA,NA,NA,NA,NA,NA,NA,NA
197.497,1.7160,2.4856,1.0036,5.8711,NA,NA,NA,NA,NA,NA,NA,NA,NA,NA,NA,NA
197.602,1.7153,2.4411,1.0029,5.7899,NA,NA,NA,NA,NA,NA,NA,NA,NA,NA,NA,NA
197.694,1.7159,2.4778,1.0013,5.6287,NA,NA,NA,NA,NA,NA,NA,NA,NA,NA,NA,NA
197.791,1.7161,2.4912,1.0010,5.5906,NA,NA,NA,NA,NA,NA,NA,NA,NA,NA,NA,NA
197.885,1.7179,2.5953,1.0011,5.6057,NA,NA,NA,NA,NA,NA,NA,NA,NA,NA,NA,NA
197.987,1.7179,2.5953,1.0011,5.6057,NA,NA,NA,NA,NA,NA,NA,NA,NA,NA,NA,NA
198.090,1.7160,2.4842,1.0010,5.5963,NA,NA,NA,NA,NA,NA,NA,NA,NA,NA,NA,NA
198.183,1.7150,2.4263,1.0010,5.5963,NA,NA,NA,NA,NA,NA,NA,NA,NA,NA,NA,NA
198.281,1.7143,2.3826,1.0000,5.4916,NA,NA,NA,NA,NA,NA,NA,NA,NA,NA,NA,NA
198.375,1.7137,2.3451,0.9997,5.4561,NA,NA,NA,NA,NA,NA,NA,NA,NA,NA,NA,NA
198.531,1.7133,2.3247,0.9996,5.4495,NA,NA,NA,NA,NA,NA,NA,NA,NA,NA,NA,NA
198.576,1.7133,2.3247,0.9996,5.4495,NA,NA,NA,NA,NA,NA,NA,NA,NA,NA,NA,NA
198.667,1.7108,2.1711,0.9989,5.3707,NA,NA,NA,NA,NA,NA,NA,NA,NA,NA,NA,NA
198.775,1.7108,2.1711,0.9985,5.3301,NA,NA,NA,NA,NA,NA,NA,NA,NA,NA,NA,NA
198.866,1.7061,1.8930,0.9984,5.3177,NA,NA,NA,NA,NA,NA,NA,NA,NA,NA,NA,NA
198.965,1.7074,1.9687,0.9979,5.2679,NA,NA,NA,NA,NA,NA,NA,NA,NA,NA,NA,NA
199.061,1.7074,1.9687,0.9973,5.2064,NA,NA,NA,NA,NA,NA,NA,NA,NA,NA,NA,NA
199.197,1.7037,1.7476,0.9973,5.2064,NA,NA,NA,NA,NA,NA,NA,NA,NA,NA,NA,NA
199.255,1.7037,1.7476,0.9957,5.0313,NA,NA,NA,NA,NA,NA,NA,NA,NA,NA,NA,NA
199.356,1.7029,1.7016,0.9949,4.9496,NA,NA,NA,NA,NA,NA,NA,NA,NA,NA,NA,NA
199.450,1.7043,1.7849,0.9946,4.9179,NA,NA,NA,NA,NA,NA,NA,NA,NA,NA,NA,NA
199.551,1.7043,1.7849,0.9946,4.9179,NA,NA,NA,NA,NA,NA,NA,NA,NA,NA,NA,NA
199.654,1.7042,1.7778,0.9931,4.7638,NA,NA,NA,NA,NA,NA,NA,NA,NA,NA,NA,NA
199.788,1.7042,1.7778,0.9923,4.6817,NA,NA,NA,NA,NA,NA,NA,NA,NA,NA,NA,NA
199.852,1.7010,1.5895,0.9923,4.6817,NA,NA,NA,NA,NA,NA,NA,NA,NA,NA,NA,NA
199.941,1.7004,1.5512,0.9926,4.7047,NA,NA,NA,NA,NA,NA,NA,NA,NA,NA,NA,NA
200.037,1.7011,1.5940,0.9926,4.7047,NA,NA,NA,NA,NA,NA,NA,NA,NA,NA,NA,NA
200.140,1.7011,1.5940,0.9916,4.6035,NA,NA,NA,NA,NA,NA,NA,NA,NA,NA,NA,NA
200.253,1.6999,1.5226,0.9914,4.5768,NA,NA,NA,NA,NA,NA,NA,NA,NA,NA,NA,NA
200.390,1.6993,1.4839,0.9914,4.5768,NA,NA,NA,NA,NA,NA,NA,NA,NA,NA,NA,NA
200.435,1.6993,1.4839,0.9912,4.5575,NA,NA,NA,NA,NA,NA,NA,NA,NA,NA,NA,NA
200.527,1.6974,1.3738,0.9911,4.5448,NA,NA,NA,NA,NA,NA,NA,NA,NA,NA,NA,NA
200.626,1.6956,1.2668,0.9909,4.5242,NA,NA,NA,NA,NA,NA,NA,NA,NA,NA,NA,NA
200.734,1.6950,1.2277,0.9907,4.5053,NA,NA,NA,NA,NA,NA,NA,NA,NA,NA,NA,NA
200.829,1.6939,1.1643,0.9903,4.4664,NA,NA,NA,NA,NA,NA,NA,NA,NA,NA,NA,NA
200.935,1.6939,1.1643,0.9892,4.3506,NA,NA,NA,NA,NA,NA,NA,NA,NA,NA,NA,NA
201.018,1.6896,0.9089,0.9886,4.2902,NA,NA,NA,NA,NA,NA,NA,NA,NA,NA,NA,NA
201.122,1.6879,0.8069,0.9884,4.2666,NA,NA,NA,NA,NA,NA,NA,NA,NA,NA,NA,NA
201.214,1.6849,0.6243,0.9876,4.1827,NA,NA,NA,NA,NA,NA,NA,NA,NA,NA,NA,NA
201.312,1.6861,0.6953,0.9875,4.1704,NA,NA,NA,NA,NA,NA,NA,NA,NA,NA,NA,NA
201.421,1.6869,0.7476,0.9867,4.0824,NA,NA,NA,NA,NA,NA,NA,NA,NA,NA,NA,NA
201.531,1.6871,0.7592,0.9864,4.0588,NA,NA,NA,NA,NA,NA,NA,NA,NA,NA,NA,NA
201.606,1.6871,0.7592,0.9865,4.0688,NA,NA,NA,NA,NA,NA,NA,NA,NA,NA,NA,NA
201.698,1.6861,0.6991,0.9865,4.0688,NA,NA,NA,NA,NA,NA,NA,NA,NA,NA,NA,NA
201.796,1.6852,0.6415,0.9856,3.9747,NA,NA,NA,NA,NA,NA,NA,NA,NA,NA,NA,NA
201.912,1.6861,0.6977,0.9856,3.9710,NA,NA,NA,NA,NA,NA,NA,NA,NA,NA,NA,NA
202.005,1.6861,0.6977,0.9854,3.9526,NA,NA,NA,NA,NA,NA,NA,NA,NA,NA,NA,NA
202.110,1.6837,0.5517,0.9839,3.7955,NA,NA,NA,NA,NA,NA,NA,NA,NA,NA,NA,NA
202.204,1.6786,0.2468,0.9836,3.7619,NA,NA,NA,NA,NA,NA,NA,NA,NA,NA,NA,NA
202.293,1.6767,0.1368,0.9833,3.7221,NA,NA,NA,NA,NA,NA,NA,NA,NA,NA,NA,NA
202.395,1.6767,0.1368,0.9827,3.6615,NA,NA,NA,NA,NA,NA,NA,NA,NA,NA,NA,NA
202.486,1.6778,0.1992,0.9831,3.7057,NA,NA,NA,NA,NA,NA,NA,NA,NA,NA,NA,NA
202.595,1.6778,0.1992,0.9835,3.7460,NA,NA,NA,NA,NA,NA,NA,NA,NA,NA,NA,NA
202.691,1.6775,0.1867,0.9835,3.7460,NA,NA,NA,NA,NA,NA,NA,NA,NA,NA,NA,NA
202.824,1.6783,0.2325,0.9835,3.7458,NA,NA,NA,NA,NA,NA,NA,NA,NA,NA,NA,NA
202.874,1.6783,0.2325,0.9821,3.5962,NA,NA,NA,NA,NA,NA,NA,NA,NA,NA,NA,NA
202.978,1.6769,0.1472,0.9821,3.5962,NA,NA,NA,NA,NA,NA,NA,NA,NA,NA,NA,NA
203.074,1.6754,0.0564,0.9816,3.5498,NA,NA,NA,NA,NA,NA,NA,NA,NA,NA,NA,NA
203.174,1.6733,-0.0680,0.9814,3.5288,NA,NA,NA,NA,NA,NA,NA,NA,NA,NA,NA,NA
203.261,1.6713,-0.1835,0.9814,3.5288,NA,NA,NA,NA,NA,NA,NA,NA,NA,NA,NA,NA
203.413,1.6731,-0.0761,0.9813,3.5175,NA,NA,NA,NA,NA,NA,NA,NA,NA,NA,NA,NA
203.467,1.6731,-0.0761,0.9813,3.5175,NA,NA,NA,NA,NA,NA,NA,NA,NA,NA,NA,NA
203.556,1.6732,-0.0744,0.9810,3.4869,NA,NA,NA,NA,NA,NA,NA,NA,NA,NA,NA,NA
203.672,1.6737,-0.0450,0.9811,3.4916,NA,NA,NA,NA,NA,NA,NA,NA,NA,NA,NA,NA
203.760,1.6737,-0.0450,0.9811,3.4916,NA,NA,NA,NA,NA,NA,NA,NA,NA,NA,NA,NA
203.858,1.6724,-0.1190,0.9806,3.4437,NA,NA,NA,NA,NA,NA,NA,NA,NA,NA,NA,NA
203.963,1.6716,-0.1690,0.9804,3.4184,NA,NA,NA,NA,NA,NA,NA,NA,NA,NA,NA,NA
204.050,1.6714,-0.1776,0.9794,3.3158,NA,NA,NA,NA,NA,NA,NA,NA,NA,NA,NA,NA
204.155,1.6727,-0.1047,0.9790,3.2711,NA,NA,NA,NA,NA,NA,NA,NA,NA,NA,NA,NA
204.254,1.6727,-0.1047,0.9784,3.2133,NA,NA,NA,NA,NA,NA,NA,NA,NA,NA,NA,NA
204.354,1.6685,-0.3526,0.9780,3.1718,NA,NA,NA,NA,NA,NA,NA,NA,NA,NA,NA,NA
204.445,1.6680,-0.3825,0.9780,3.1718,NA,NA,NA,NA,NA,NA,NA,NA,NA,NA,NA,NA
204.595,1.6677,-0.4023,0.9780,3.1650,NA,NA,NA,NA,NA,NA,NA,NA,NA,NA,NA,NA
204.639,1.6682,-0.3715,0.9774,3.1067,NA,NA,NA,NA,NA,NA,NA,NA,NA,NA,NA,NA
204.745,1.6682,-0.3715,0.9774,3.1067,NA,NA,NA,NA,NA,NA,NA,NA,NA,NA,NA,NA
204.832,1.6680,-0.3848,0.9771,3.0774,NA,NA,NA,NA,NA,NA,NA,NA,NA,NA,NA,NA
204.947,1.6698,-0.2731,0.9764,2.9963,NA,NA,NA,NA,NA,NA,NA,NA,NA,NA,NA,NA
205.030,1.6698,-0.2731,0.9762,2.9761,NA,NA,NA,NA,NA,NA,NA,NA,NA,NA,NA,NA
205.133,1.6694,-0.2979,0.9762,2.9752,NA,NA,NA,NA,NA,NA,NA,NA,NA,NA,NA,NA
205.227,1.6694,-0.2979,0.9755,2.9077,NA,NA,NA,NA,NA,NA,NA,NA,NA,NA,NA,NA
205.326,1.6687,-0.3402,0.9753,2.8876,NA,NA,NA,NA,NA,NA,NA,NA,NA,NA,NA,NA
205.422,1.6677,-0.3984,0.9746,2.8045,NA,NA,NA,NA,NA,NA,NA,NA,NA,NA,NA,NA
205.533,1.6680,-0.3840,0.9745,2.7943,NA,NA,NA,NA,NA,NA,NA,NA,NA,NA,NA,NA
205.629,1.6712,-0.1904,0.9732,2.6566,NA,NA,NA,NA,NA,NA,NA,NA,NA,NA,NA,NA
205.720,1.6712,-0.1904,0.9728,2.6181,NA,NA,NA,NA,NA,NA,NA,NA,NA,NA,NA,NA
205.820,1.6680,-0.3831,0.9728,2.6181,NA,NA,NA,NA,NA,NA,NA,NA,NA,NA,NA,NA
205.913,1.6696,-0.2871,0.9729,2.6323,NA,NA,NA,NA,NA,NA,NA,NA,NA,NA,NA,NA
206.021,1.6696,-0.2871,0.9729,2.6323,NA,NA,NA,NA,NA,NA,NA,NA,NA,NA,NA,NA
206.109,1.6660,-0.5030,0.9729,2.6323,NA,NA,NA,NA,NA,NA,NA,NA,NA,NA,NA,NA
206.206,1.6646,-0.5882,0.9717,2.5068,NA,NA,NA,NA,NA,NA,NA,NA,NA,NA,NA,NA
206.350,1.6630,-0.6827,0.9713,2.4580,NA,NA,NA,NA,NA,NA,NA,NA,NA,NA,NA,NA
206.401,1.6630,-0.6827,0.9713,2.4580,NA,NA,NA,NA,NA,NA,NA,NA,NA,NA,NA,NA
206.503,1.6608,-0.8113,0.9711,2.4408,NA,NA,NA,NA,NA,NA,NA,NA,NA,NA,NA,NA
206.602,1.6614,-0.7749,0.9705,2.3744,NA,NA,NA,NA,NA,NA,NA,NA,NA,NA,NA,NA
206.696,1.6614,-0.7749,0.9705,2.3744,NA,NA,NA,NA,NA,NA,NA,NA,NA,NA,NA,NA
206.794,1.6575,-1.0089,0.9702,2.3447,NA,NA,NA,NA,NA,NA,NA,NA,NA,NA,NA,NA
206.895,1.6575,-1.0129,0.9702,2.3447,NA,NA,NA,NA,NA,NA,NA,NA,NA,NA,NA,NA
207.033,1.6573,-1.0250,0.9694,2.2656,NA,NA,NA,NA,NA,NA,NA,NA,NA,NA,NA,NA
207.083,1.6565,-1.0727,0.9694,2.2656,NA,NA,NA,NA,NA,NA,NA,NA,NA,NA,NA,NA
207.188,1.6565,-1.0727,0.9700,2.3198,NA,NA,NA,NA,NA,NA,NA,NA,NA,NA,NA,NA
207.283,1.6598,-0.8710,0.9700,2.3198,NA,NA,NA,NA,NA,NA,NA,NA,NA,NA,NA,NA
207.380,1.6598,-0.8710,0.9699,2.3162,NA,NA,NA,NA,NA,NA,NA,NA,NA,NA,NA,NA
207.480,1.6545,-1.1898,0.9698,2.3038,NA,NA,NA,NA,NA,NA,NA,NA,NA,NA,NA,NA
207.602,1.6568,-1.0524,0.9696,2.2852,NA,NA,NA,NA,NA,NA,NA,NA,NA,NA,NA,NA
207.679,1.6568,-1.0524,0.9696,2.2850,NA,NA,NA,NA,NA,NA,NA,NA,NA,NA,NA,NA
207.779,1.6526,-1.3060,0.9691,2.2251,NA,NA,NA,NA,NA,NA,NA,NA,NA,NA,NA,NA
207.879,1.6514,-1.3771,0.9683,2.1444,NA,NA,NA,NA,NA,NA,NA,NA,NA,NA,NA,NA
207.967,1.6534,-1.2555,0.9683,2.1396,NA,NA,NA,NA,NA,NA,NA,NA,NA,NA,NA,NA
208.067,1.6534,-1.2555,0.9683,2.1396,NA,NA,NA,NA,NA,NA,NA,NA,NA,NA,NA,NA
208.180,1.6531,-1.2724,0.9682,2.1340,NA,NA,NA,NA,NA,NA,NA,NA,NA,NA,NA,NA
208.268,1.6513,-1.3832,0.9678,2.0961,NA,NA,NA,NA,NA,NA,NA,NA,NA,NA,NA,NA
208.360,1.6497,-1.4756,0.9674,2.0464,NA,NA,NA,NA,NA,NA,NA,NA,NA,NA,NA,NA
208.461,1.6502,-1.4473,0.9674,2.0464,NA,NA,NA,NA,NA,NA,NA,NA,NA,NA,NA,NA
208.570,1.6513,-1.3799,0.9660,1.9002,NA,NA,NA,NA,NA,NA,NA,NA,NA,NA,NA,NA
208.655,1.6513,-1.3799,0.9660,1.9002,NA,NA,NA,NA,NA,NA,NA,NA,NA,NA,NA,NA
208.804,1.6527,-1.2972,0.9669,2.0016,NA,NA,NA,NA,NA,NA,NA,NA,NA,NA,NA,NA
208.851,1.6527,-1.2972,0.9669,2.0016,NA,NA,NA,NA,NA,NA,NA,NA,NA,NA,NA,NA
208.944,1.6525,-1.3080,0.9663,1.9301,NA,NA,NA,NA,NA,NA,NA,NA,NA,NA,NA,NA
209.036,1.6525,-1.3080,0.9653,1.8265,NA,NA,NA,NA,NA,NA,NA,NA,NA,NA,NA,NA
209.145,1.6521,-1.3323,0.9653,1.8281,NA,NA,NA,NA,NA,NA,NA,NA,NA,NA,NA,NA
209.246,1.6516,-1.3651,0.9653,1.8281,NA,NA,NA,NA,NA,NA,NA,NA,NA,NA,NA,NA
209.341,1.6516,-1.3649,0.9654,1.8341,NA,NA,NA,NA,NA,NA,NA,NA,NA,NA,NA,NA
209.435,1.6516,-1.3649,0.9656,1.8555,NA,NA,NA,NA,NA,NA,NA,NA,NA,NA,NA,NA
209.530,1.6499,-1.4635,0.9656,1.8555,NA,NA,NA,NA,NA,NA,NA,NA,NA,NA,NA,NA
209.629,1.6491,-1.5148,0.9646,1.7512,NA,NA,NA,NA,NA,NA,NA,NA,NA,NA,NA,NA
209.722,1.6518,-1.3509,0.9642,1.7070,NA,NA,NA,NA,NA,NA,NA,NA,NA,NA,NA,NA
209.829,1.6518,-1.3509,0.9642,1.7070,NA,NA,NA,NA,NA,NA,NA,NA,NA,NA,NA,NA
209.947,1.6511,-1.3919,0.9642,1.7142,NA,NA,NA,NA,NA,NA,NA,NA,NA,NA,NA,NA
210.024,1.6462,-1.6866,0.9642,1.7142,NA,NA,NA,NA,NA,NA,NA,NA,NA,NA,NA,NA
210.125,1.6440,-1.8185,0.9643,1.7198,NA,NA,NA,NA,NA,NA,NA,NA,NA,NA,NA,NA
210.219,1.6429,-1.8832,0.9643,1.7198,NA,NA,NA,NA,NA,NA,NA,NA,NA,NA,NA,NA
210.320,1.6420,-1.9373,0.9636,1.6537,NA,NA,NA,NA,NA,NA,NA,NA,NA,NA,NA,NA
210.417,1.6417,-1.9566,0.9631,1.5960,NA,NA,NA,NA,NA,NA,NA,NA,NA,NA,NA,NA
210.513,1.6417,-1.9566,0.9631,1.5960,NA,NA,NA,NA,NA,NA,NA,NA,NA,NA,NA,NA
210.610,1.6424,-1.9134,0.9630,1.5864,NA,NA,NA,NA,NA,NA,NA,NA,NA,NA,NA,NA
210.715,1.6445,-1.7846,0.9628,1.5608,NA,NA,NA,NA,NA,NA,NA,NA,NA,NA,NA,NA
210.812,1.6445,-1.7846,0.9623,1.5138,NA,NA,NA,NA,NA,NA,NA,NA,NA,NA,NA,NA
210.912,1.6404,-2.0288,0.9623,1.5138,NA,NA,NA,NA,NA,NA,NA,NA,NA,NA,NA,NA
211.003,1.6404,-2.0288,0.9620,1.4800,NA,NA,NA,NA,NA,NA,NA,NA,NA,NA,NA,NA
211.102,1.6411,-1.9912,0.9620,1.4800,NA,NA,NA,NA,NA,NA,NA,NA,NA,NA,NA,NA
211.206,1.6411,-1.9912,0.9616,1.4357,NA,NA,NA,NA,NA,NA,NA,NA,NA,NA,NA,NA
211.294,1.6379,-2.1800,0.9616,1.4350,NA,NA,NA,NA,NA,NA,NA,NA,NA,NA,NA,NA
211.393,1.6377,-2.1928,0.9612,1.3951,NA,NA,NA,NA,NA,NA,NA,NA,NA,NA,NA,NA
211.493,1.6397,-2.0717,0.9609,1.3643,NA,NA,NA,NA,NA,NA,NA,NA,NA,NA,NA,NA
211.596,1.6397,-2.0717,0.9606,1.3361,NA,NA,NA,NA,NA,NA,NA,NA,NA,NA,NA,NA
211.688,1.6382,-2.1622,0.9611,1.3896,NA,NA,NA,NA,NA,NA,NA,NA,NA,NA,NA,NA
211.827,1.6312,-2.5819,0.9613,1.4013,NA,NA,NA,NA,NA,NA,NA,NA,NA,NA,NA,NA
211.882,1.6318,-2.5455,0.9614,1.4185,NA,NA,NA,NA,NA,NA,NA,NA,NA,NA,NA,NA
211.984,1.6337,-2.4293,0.9614,1.4185,NA,NA,NA,NA,NA,NA,NA,NA,NA,NA,NA,NA
212.078,1.6337,-2.4293,0.9609,1.3676,NA,NA,NA,NA,NA,NA,NA,NA,NA,NA,NA,NA
212.187,1.6374,-2.2116,0.9587,1.1316,NA,NA,NA,NA,NA,NA,NA,NA,NA,NA,NA,NA
212.281,1.6374,-2.2116,0.9577,1.0255,NA,NA,NA,NA,NA,NA,NA,NA,NA,NA,NA,NA
212.409,1.6316,-2.5543,0.9567,0.9220,NA,NA,NA,NA,NA,NA,NA,NA,NA,NA,NA,NA
212.469,1.6310,-2.5941,0.9562,0.8731,NA,NA,NA,NA,NA,NA,NA,NA,NA,NA,NA,NA
212.572,1.6345,-2.3815,0.9556,0.8070,NA,NA,NA,NA,NA,NA,NA,NA,NA,NA,NA,NA
212.668,1.6345,-2.3815,0.9556,0.8070,NA,NA,NA,NA,NA,NA,NA,NA,NA,NA,NA,NA
212.765,1.6305,-2.6219,0.9559,0.8415,NA,NA,NA,NA,NA,NA,NA,NA,NA,NA,NA,NA
212.869,1.6305,-2.6219,0.9561,0.8597,NA,NA,NA,NA,NA,NA,NA,NA,NA,NA,NA,NA
212.963,1.6409,-2.0017,0.9589,1.1558,NA,NA,NA,NA,NA,NA,NA,NA,NA,NA,NA,NA
213.061,1.6792,0.2854,0.9695,2.2673,NA,NA,NA,NA,NA,NA,NA,NA,NA,NA,NA,NA
213.155,1.7031,1.7152,0.9799,3.3723,NA,NA,NA,NA,NA,NA,NA,NA,NA,NA,NA,NA
213.262,1.7236,2.9390,0.9872,4.1429,NA,NA,NA,NA,NA,NA,NA,NA,NA,NA,NA,NA
213.349,1.7302,3.3290,0.9915,4.5884,NA,NA,NA,NA,NA,NA,NA,NA,NA,NA,NA,NA
213.455,1.7341,3.5636,0.9932,4.7716,NA,NA,NA,NA,NA,NA,NA,NA,NA,NA,NA,NA
213.627,1.7363,3.6936,0.9941,4.8639,NA,NA,NA,NA,NA,NA,NA,NA,NA,NA,NA,NA
213.639,1.7363,3.6936,0.9944,4.8951,NA,NA,NA,NA,NA,NA,NA,NA,NA,NA,NA,NA
213.746,1.7273,3.1566,0.9944,4.8951,NA,NA,NA,NA,NA,NA,NA,NA,NA,NA,NA,NA
213.841,1.7173,2.5612,0.9934,4.7906,NA,NA,NA,NA,NA,NA,NA,NA,NA,NA,NA,NA
213.948,1.7114,2.2058,0.9921,4.6574,NA,NA,NA,NA,NA,NA,NA,NA,NA,NA,NA,NA
214.036,1.7099,2.1163,0.9885,4.2755,NA,NA,NA,NA,NA,NA,NA,NA,NA,NA,NA,NA
214.190,1.7029,1.6983,0.9866,4.0777,NA,NA,NA,NA,NA,NA,NA,NA,NA,NA,NA,NA
214.241,1.6981,1.4167,0.9849,3.9000,NA,NA,NA,NA,NA,NA,NA,NA,NA,NA,NA,NA
214.331,1.6971,1.3538,0.9824,3.6369,NA,NA,NA,NA,NA,NA,NA,NA,NA,NA,NA,NA
214.432,1.6894,0.8960,0.9809,3.4753,NA,NA,NA,NA,NA,NA,NA,NA,NA,NA,NA,NA
214.533,1.6865,0.7198,0.9798,3.3535,NA,NA,NA,NA,NA,NA,NA,NA,NA,NA,NA,NA
214.625,1.6856,0.6666,0.9776,3.1215,NA,NA,NA,NA,NA,NA,NA,NA,NA,NA,NA,NA
214.779,1.6738,-0.0391,0.9763,2.9866,NA,NA,NA,NA,NA,NA,NA,NA,NA,NA,NA,NA
214.820,1.6720,-0.1462,0.9744,2.7913,NA,NA,NA,NA,NA,NA,NA,NA,NA,NA,NA,NA
214.930,1.6713,-0.1848,0.9731,2.6525,NA,NA,NA,NA,NA,NA,NA,NA,NA,NA,NA,NA
215.022,1.6659,-0.5072,0.9722,2.5609,NA,NA,NA,NA,NA,NA,NA,NA,NA,NA,NA,NA
215.123,1.6635,-0.6541,0.9708,2.4086,NA,NA,NA,NA,NA,NA,NA,NA,NA,NA,NA,NA
215.213,1.6609,-0.8083,0.9701,2.3355,NA,NA,NA,NA,NA,NA,NA,NA,NA,NA,NA,NA
215.314,1.6602,-0.8468,0.9685,2.1711,NA,NA,NA,NA,NA,NA,NA,NA,NA,NA,NA,NA
215.421,1.6596,-0.8825,0.9676,2.0719,NA,NA,NA,NA,NA,NA,NA,NA,NA,NA,NA,NA
215.511,1.6596,-0.8825,0.9670,2.0059,NA,NA,NA,NA,NA,NA,NA,NA,NA,NA,NA,NA
215.604,1.6574,-1.0184,0.9656,1.8639,NA,NA,NA,NA,NA,NA,NA,NA,NA,NA,NA,NA
215.693,1.6551,-1.1524,0.9648,1.7719,NA,NA,NA,NA,NA,NA,NA,NA,NA,NA,NA,NA
215.797,1.6509,-1.4041,0.9617,1.4530,NA,NA,NA,NA,NA,NA,NA,NA,NA,NA,NA,NA
215.938,1.6487,-1.5380,0.9609,1.3671,NA,NA,NA,NA,NA,NA,NA,NA,NA,NA,NA,NA
215.995,1.6476,-1.5997,0.9601,1.2815,NA,NA,NA,NA,NA,NA,NA,NA,NA,NA,NA,NA
216.099,1.6434,-1.8516,0.9599,1.2545,NA,NA,NA,NA,NA,NA,NA,NA,NA,NA,NA,NA
216.191,1.6406,-2.0174,0.9590,1.1651,NA,NA,NA,NA,NA,NA,NA,NA,NA,NA,NA,NA
216.294,1.6446,-1.7791,0.9602,1.2881,NA,NA,NA,NA,NA,NA,NA,NA,NA,NA,NA,NA
216.387,1.6697,-0.2833,0.9712,2.4526,NA,NA,NA,NA,NA,NA,NA,NA,NA,NA,NA,NA
216.542,1.7238,2.9518,0.9842,3.8229,NA,NA,NA,NA,NA,NA,NA,NA,NA,NA,NA,NA
216.585,1.7649,5.4031,1.0028,5.7850,NA,NA,NA,NA,NA,NA,NA,NA,NA,NA,NA,NA
216.681,1.7959,7.2579,1.0174,7.3272,NA,NA,NA,NA,NA,NA,NA,NA,NA,NA,NA,NA
216.782,1.8112,8.1677,1.0285,8.4966,NA,NA,NA,NA,NA,NA,NA,NA,NA,NA,NA,NA
216.874,1.8381,9.7737,1.0381,9.5076,NA,NA,NA,NA,NA,NA,NA,NA,NA,NA,NA,NA
216.979,1.8572,10.9133,1.0474,10.4848,NA,NA,NA,NA,NA,NA,NA,NA,NA,NA,NA,NA
217.074,1.8706,11.7153,1.0541,11.1979,NA,NA,NA,NA,NA,NA,NA,NA,NA,NA,NA,NA
217.175,1.8832,12.4661,1.0605,11.8730,NA,NA,NA,NA,NA,NA,NA,NA,NA,NA,NA,NA
217.267,1.8966,13.2674,1.0690,12.7650,NA,NA,NA,NA,NA,NA,NA,NA,NA,NA,NA,NA
217.370,1.9037,13.6951,1.0757,13.4752,NA,NA,NA,NA,NA,NA,NA,NA,NA,NA,NA,NA
217.470,1.9141,14.3158,1.0823,14.1669,NA,NA,NA,NA,NA,NA,NA,NA,NA,NA,NA,NA
217.560,1.9267,15.0646,1.0881,14.7817,NA,NA,NA,NA,NA,NA,NA,NA,NA,NA,NA,NA
217.658,1.9296,15.2410,1.0911,15.0934,NA,NA,NA,NA,NA,NA,NA,NA,NA,NA,NA,NA
217.761,1.9338,15.4933,1.0927,15.2644,NA,NA,NA,NA,NA,NA,NA,NA,NA,NA,NA,NA
217.872,1.9338,15.4933,1.0943,15.4311,NA,NA,NA,NA,NA,NA,NA,NA,NA,NA,NA,NA
217.967,1.9329,15.4377,1.0948,15.4880,NA,NA,NA,NA,NA,NA,NA,NA,NA,NA,NA,NA
218.054,1.9256,15.0007,1.0948,15.4880,NA,NA,NA,NA,NA,NA,NA,NA,NA,NA,NA,NA
218.158,1.9121,14.1960,1.0942,15.4293,NA,NA,NA,NA,NA,NA,NA,NA,NA,NA,NA,NA
218.250,1.8990,13.4097,1.0930,15.3026,NA,NA,NA,NA,NA,NA,NA,NA,NA,NA,NA,NA
218.379,1.8941,13.1169,1.0903,15.0185,NA,NA,NA,NA,NA,NA,NA,NA,NA,NA,NA,NA
218.441,1.8861,12.6400,1.0874,14.7068,NA,NA,NA,NA,NA,NA,NA,NA,NA,NA,NA,NA
218.542,1.8820,12.3972,1.0851,14.4648,NA,NA,NA,NA,NA,NA,NA,NA,NA,NA,NA,NA
218.640,1.8716,11.7738,1.0832,14.2611,NA,NA,NA,NA,NA,NA,NA,NA,NA,NA,NA,NA
218.750,1.8664,11.4682,1.0794,13.8602,NA,NA,NA,NA,NA,NA,NA,NA,NA,NA,NA,NA
218.830,1.8498,10.4746,1.0774,13.6493,NA,NA,NA,NA,NA,NA,NA,NA,NA,NA,NA,NA
218.945,1.8440,10.1294,1.0754,13.4427,NA,NA,NA,NA,NA,NA,NA,NA,NA,NA,NA,NA
219.033,1.8350,9.5914,1.0740,13.2955,NA,NA,NA,NA,NA,NA,NA,NA,NA,NA,NA,NA
219.128,1.8336,9.5095,1.0717,13.0549,NA,NA,NA,NA,NA,NA,NA,NA,NA,NA,NA,NA
219.236,1.8336,9.5095,1.0681,12.6759,NA,NA,NA,NA,NA,NA,NA,NA,NA,NA,NA,NA
219.324,1.8292,9.2425,1.0660,12.4560,NA,NA,NA,NA,NA,NA,NA,NA,NA,NA,NA,NA
219.420,1.8271,9.1158,1.0635,12.1849,NA,NA,NA,NA,NA,NA,NA,NA,NA,NA,NA,NA
219.580,1.8167,8.4996,1.0616,11.9908,NA,NA,NA,NA,NA,NA,NA,NA,NA,NA,NA,NA
219.622,1.8120,8.2156,1.0601,11.8256,NA,NA,NA,NA,NA,NA,NA,NA,NA,NA,NA,NA
219.725,1.8015,7.5896,1.0585,11.6613,NA,NA,NA,NA,NA,NA,NA,NA,NA,NA,NA,NA
219.815,1.7992,7.4511,1.0579,11.5978,NA,NA,NA,NA,NA,NA,NA,NA,NA,NA,NA,NA
219.919,1.7992,7.4511,1.0551,11.3049,NA,NA,NA,NA,NA,NA,NA,NA,NA,NA,NA,NA
220.029,1.7977,7.3654,1.0542,11.2079,NA,NA,NA,NA,NA,NA,NA,NA,NA,NA,NA,NA
220.107,1.7966,7.2941,1.0514,10.9161,NA,NA,NA,NA,NA,NA,NA,NA,NA,NA,NA,NA
220.227,1.7939,7.1345,1.0503,10.7900,NA,NA,NA,NA,NA,NA,NA,NA,NA,NA,NA,NA
220.314,1.7933,7.0997,1.0485,10.6060,NA,NA,NA,NA,NA,NA,NA,NA,NA,NA,NA,NA
220.404,1.7917,7.0069,1.0479,10.5442,NA,NA,NA,NA,NA,NA,NA,NA,NA,NA,NA,NA
220.508,1.7917,7.0069,1.0459,10.3358,NA,NA,NA,NA,NA,NA,NA,NA,NA,NA,NA,NA
220.599,1.7906,6.9378,1.0457,10.3075,NA,NA,NA,NA,NA,NA,NA,NA,NA,NA,NA,NA
220.729,1.7904,6.9273,1.0451,10.2502,NA,NA,NA,NA,NA,NA,NA,NA,NA,NA,NA,NA
220.796,1.7904,6.9273,1.0444,10.1744,NA,NA,NA,NA,NA,NA,NA,NA,NA,NA,NA,NA
220.894,1.7875,6.7506,1.0440,10.1299,NA,NA,NA,NA,NA,NA,NA,NA,NA,NA,NA,NA
220.994,1.7875,6.7506,1.0426,9.9841,NA,NA,NA,NA,NA,NA,NA,NA,NA,NA,NA,NA
221.088,1.7860,6.6648,1.0425,9.9764,NA,NA,NA,NA,NA,NA,NA,NA,NA,NA,NA,NA
221.189,1.7828,6.4756,1.0412,9.8331,NA,NA,NA,NA,NA,NA,NA,NA,NA,NA,NA,NA
221.281,1.7809,6.3581,1.0377,9.4707,NA,NA,NA,NA,NA,NA,NA,NA,NA,NA,NA,NA
221.390,1.7800,6.3061,1.0374,9.4370,NA,NA,NA,NA,NA,NA,NA,NA,NA,NA,NA,NA
221.480,1.7799,6.2989,1.0370,9.3946,NA,NA,NA,NA,NA,NA,NA,NA,NA,NA,NA,NA
221.580,1.7751,6.0140,1.0359,9.2771,NA,NA,NA,NA,NA,NA,NA,NA,NA,NA,NA,NA
221.677,1.7744,5.9686,1.0355,9.2367,NA,NA,NA,NA,NA,NA,NA,NA,NA,NA,NA,NA
221.777,1.7668,5.5168,1.0348,9.1563,NA,NA,NA,NA,NA,NA,NA,NA,NA,NA,NA,NA
221.870,1.7668,5.5168,1.0347,9.1486,NA,NA,NA,NA,NA,NA,NA,NA,NA,NA,NA,NA
221.981,1.7604,5.1344,1.0343,9.1051,NA,NA,NA,NA,NA,NA,NA,NA,NA,NA,NA,NA
222.063,1.7640,5.3496,1.0340,9.0791,NA,NA,NA,NA,NA,NA,NA,NA,NA,NA,NA,NA
222.167,1.7640,5.3496,1.0336,9.0374,NA,NA,NA,NA,NA,NA,NA,NA,NA,NA,NA,NA
222.268,1.7693,5.6642,1.0336,9.0374,NA,NA,NA,NA,NA,NA,NA,NA,NA,NA,NA,NA
222.361,1.7693,5.6642,1.0323,8.8978,NA,NA,NA,NA,NA,NA,NA,NA,NA,NA,NA,NA
222.458,1.7687,5.6303,1.0306,8.7147,NA,NA,NA,NA,NA,NA,NA,NA,NA,NA,NA,NA
222.559,1.7687,5.6303,1.0302,8.6748,NA,NA,NA,NA,NA,NA,NA,NA,NA,NA,NA,NA
222.655,1.7631,5.2979,1.0294,8.5881,NA,NA,NA,NA,NA,NA,NA,NA,NA,NA,NA,NA
222.755,1.7619,5.2257,1.0289,8.5339,NA,NA,NA,NA,NA,NA,NA,NA,NA,NA,NA,NA
222.849,1.7573,4.9506,1.0286,8.5035,NA,NA,NA,NA,NA,NA,NA,NA,NA,NA,NA,NA
222.956,1.7567,4.9147,1.0287,8.5159,NA,NA,NA,NA,NA,NA,NA,NA,NA,NA,NA,NA
223.053,1.7560,4.8725,1.0287,8.5159,NA,NA,NA,NA,NA,NA,NA,NA,NA,NA,NA,NA
223.181,1.7561,4.8778,1.0286,8.5085,NA,NA,NA,NA,NA,NA,NA,NA,NA,NA,NA,NA
223.239,1.7561,4.8778,1.0279,8.4337,NA,NA,NA,NA,NA,NA,NA,NA,NA,NA,NA,NA
223.338,1.7542,4.7664,1.0277,8.4073,NA,NA,NA,NA,NA,NA,NA,NA,NA,NA,NA,NA
223.438,1.7521,4.6382,1.0267,8.3006,NA,NA,NA,NA,NA,NA,NA,NA,NA,NA,NA,NA
223.534,1.7518,4.6200,1.0270,8.3404,NA,NA,NA,NA,NA,NA,NA,NA,NA,NA,NA,NA
223.631,1.7512,4.5838,1.0270,8.3404,NA,NA,NA,NA,NA,NA,NA,NA,NA,NA,NA,NA
223.759,1.7491,4.4625,1.0259,8.2165,NA,NA,NA,NA,NA,NA,NA,NA,NA,NA,NA,NA
223.827,1.7496,4.4877,1.0238,8.0045,NA,NA,NA,NA,NA,NA,NA,NA,NA,NA,NA,NA
223.933,1.7496,4.4877,1.0238,8.0045,NA,NA,NA,NA,NA,NA,NA,NA,NA,NA,NA,NA
224.027,1.7491,4.4595,1.0233,7.9480,NA,NA,NA,NA,NA,NA,NA,NA,NA,NA,NA,NA
224.122,1.7491,4.4595,1.0230,7.9137,NA,NA,NA,NA,NA,NA,NA,NA,NA,NA,NA,NA
224.221,1.7387,3.8401,1.0232,7.9330,NA,NA,NA,NA,NA,NA,NA,NA,NA,NA,NA,NA
224.323,1.7389,3.8501,1.0232,7.9330,NA,NA,NA,NA,NA,NA,NA,NA,NA,NA,NA,NA
224.415,1.7407,3.9593,1.0218,7.7924,NA,NA,NA,NA,NA,NA,NA,NA,NA,NA,NA,NA
224.523,1.7430,4.0962,1.0214,7.7476,NA,NA,NA,NA,NA,NA,NA,NA,NA,NA,NA,NA
224.613,1.7430,4.0962,1.0210,7.7065,NA,NA,NA,NA,NA,NA,NA,NA,NA,NA,NA,NA
224.715,1.7450,4.2145,1.0210,7.7065,NA,NA,NA,NA,NA,NA,NA,NA,NA,NA,NA,NA
224.808,1.7450,4.2145,1.0208,7.6836,NA,NA,NA,NA,NA,NA,NA,NA,NA,NA,NA,NA
224.913,1.7393,3.8763,1.0201,7.6139,NA,NA,NA,NA,NA,NA,NA,NA,NA,NA,NA,NA
225.014,1.7354,3.6444,1.0196,7.5595,NA,NA,NA,NA,NA,NA,NA,NA,NA,NA,NA,NA
225.102,1.7351,3.6261,1.0196,7.5595,NA,NA,NA,NA,NA,NA,NA,NA,NA,NA,NA,NA
225.202,1.7339,3.5551,1.0192,7.5115,NA,NA,NA,NA,NA,NA,NA,NA,NA,NA,NA,NA
225.299,1.7342,3.5696,1.0183,7.4171,NA,NA,NA,NA,NA,NA,NA,NA,NA,NA,NA,NA
225.395,1.7342,3.5696,1.0180,7.3860,NA,NA,NA,NA,NA,NA,NA,NA,NA,NA,NA,NA
225.535,1.7334,3.5207,1.0180,7.3860,NA,NA,NA,NA,NA,NA,NA,NA,NA,NA,NA,NA
225.600,1.7295,3.2913,1.0175,7.3323,NA,NA,NA,NA,NA,NA,NA,NA,NA,NA,NA,NA
225.691,1.7279,3.1915,1.0178,7.3671,NA,NA,NA,NA,NA,NA,NA,NA,NA,NA,NA,NA
225.785,1.7231,2.9058,1.0178,7.3671,NA,NA,NA,NA,NA,NA,NA,NA,NA,NA,NA,NA
225.885,1.7231,2.9058,1.0163,7.2038,NA,NA,NA,NA,NA,NA,NA,NA,NA,NA,NA,NA
225.983,1.7254,3.0444,1.0158,7.1534,NA,NA,NA,NA,NA,NA,NA,NA,NA,NA,NA,NA
226.078,1.7265,3.1088,1.0158,7.1534,NA,NA,NA,NA,NA,NA,NA,NA,NA,NA,NA,NA
226.214,1.7265,3.1088,1.0148,7.0456,NA,NA,NA,NA,NA,NA,NA,NA,NA,NA,NA,NA
226.277,1.7261,3.0845,1.0142,6.9902,NA,NA,NA,NA,NA,NA,NA,NA,NA,NA,NA,NA
226.372,1.7230,2.8991,1.0140,6.9611,NA,NA,NA,NA,NA,NA,NA,NA,NA,NA,NA,NA
226.472,1.7177,2.5854,1.0135,6.9094,NA,NA,NA,NA,NA,NA,NA,NA,NA,NA,NA,NA
226.573,1.7186,2.6365,1.0127,6.8246,NA,NA,NA,NA,NA,NA,NA,NA,NA,NA,NA,NA
226.666,1.7242,2.9739,1.0120,6.7564,NA,NA,NA,NA,NA,NA,NA,NA,NA,NA,NA,NA
226.762,1.7242,2.9739,1.0118,6.7305,NA,NA,NA,NA,NA,NA,NA,NA,NA,NA,NA,NA
226.867,1.7181,2.6098,1.0108,6.6264,NA,NA,NA,NA,NA,NA,NA,NA,NA,NA,NA,NA
226.957,1.7155,2.4512,1.0105,6.5949,NA,NA,NA,NA,NA,NA,NA,NA,NA,NA,NA,NA
227.061,1.7102,2.1343,1.0102,6.5626,NA,NA,NA,NA,NA,NA,NA,NA,NA,NA,NA,NA
227.154,1.7134,2.3277,1.0101,6.5571,NA,NA,NA,NA,NA,NA,NA,NA,NA,NA,NA,NA
227.258,1.7134,2.3277,1.0101,6.5571,NA,NA,NA,NA,NA,NA,NA,NA,NA,NA,NA,NA
227.363,1.7160,2.4817,1.0091,6.4441,NA,NA,NA,NA,NA,NA,NA,NA,NA,NA,NA,NA
227.455,1.7160,2.4817,1.0088,6.4217,NA,NA,NA,NA,NA,NA,NA,NA,NA,NA,NA,NA
227.553,1.7165,2.5110,1.0088,6.4217,NA,NA,NA,NA,NA,NA,NA,NA,NA,NA,NA,NA
227.647,1.7165,2.5110,1.0084,6.3783,NA,NA,NA,NA,NA,NA,NA,NA,NA,NA,NA,NA
227.750,1.7137,2.3478,1.0065,6.1752,NA,NA,NA,NA,NA,NA,NA,NA,NA,NA,NA,NA
227.842,1.7098,2.1111,1.0065,6.1752,NA,NA,NA,NA,NA,NA,NA,NA,NA,NA,NA,NA
227.954,1.7098,2.1100,1.0050,6.0149,NA,NA,NA,NA,NA,NA,NA,NA,NA,NA,NA,NA
228.040,1.7105,2.1523,1.0051,6.0276,NA,NA,NA,NA,NA,NA,NA,NA,NA,NA,NA,NA
228.144,1.7105,2.1523,1.0051,6.0276,NA,NA,NA,NA,NA,NA,NA,NA,NA,NA,NA,NA
228.235,1.7126,2.2794,1.0050,6.0154,NA,NA,NA,NA,NA,NA,NA,NA,NA,NA,NA,NA
228.330,1.7126,2.2794,1.0050,6.0154,NA,NA,NA,NA,NA,NA,NA,NA,NA,NA,NA,NA
228.427,1.7074,1.9677,1.0038,5.8850,NA,NA,NA,NA,NA,NA,NA,NA,NA,NA,NA,NA
228.532,1.7052,1.8359,1.0037,5.8775,NA,NA,NA,NA,NA,NA,NA,NA,NA,NA,NA,NA
228.624,1.7052,1.8359,1.0042,5.9305,NA,NA,NA,NA,NA,NA,NA,NA,NA,NA,NA,NA
228.724,1.7065,1.9175,1.0042,5.9305,NA,NA,NA,NA,NA,NA,NA,NA,NA,NA,NA,NA
228.830,1.7065,1.9175,1.0038,5.8945,NA,NA,NA,NA,NA,NA,NA,NA,NA,NA,NA,NA
228.931,1.7033,1.7236,1.0039,5.8967,NA,NA,NA,NA,NA,NA,NA,NA,NA,NA,NA,NA
229.022,1.7020,1.6477,1.0039,5.8967,NA,NA,NA,NA,NA,NA,NA,NA,NA,NA,NA,NA
229.135,1.7059,1.8815,1.0033,5.8408,NA,NA,NA,NA,NA,NA,NA,NA,NA,NA,NA,NA
229.219,1.7059,1.8815,1.0032,5.8259,NA,NA,NA,NA,NA,NA,NA,NA,NA,NA,NA,NA
229.308,1.7019,1.6421,1.0030,5.8066,NA,NA,NA,NA,NA,NA,NA,NA,NA,NA,NA,NA
229.420,1.6966,1.3226,1.0025,5.7491,NA,NA,NA,NA,NA,NA,NA,NA,NA,NA,NA,NA
229.511,1.6989,1.4642,1.0019,5.6891,NA,NA,NA,NA,NA,NA,NA,NA,NA,NA,NA,NA
229.616,1.6989,1.4642,1.0016,5.6617,NA,NA,NA,NA,NA,NA,NA,NA,NA,NA,NA,NA
229.703,1.6979,1.4030,1.0006,5.5475,NA,NA,NA,NA,NA,NA,NA,NA,NA,NA,NA,NA
229.827,1.6969,1.3433,1.0006,5.5477,NA,NA,NA,NA,NA,NA,NA,NA,NA,NA,NA,NA
229.895,1.6957,1.2690,1.0006,5.5477,NA,NA,NA,NA,NA,NA,NA,NA,NA,NA,NA,NA
229.996,1.6942,1.1807,0.9997,5.4561,NA,NA,NA,NA,NA,NA,NA,NA,NA,NA,NA,NA
230.092,1.6957,1.2728,0.9994,5.4283,NA,NA,NA,NA,NA,NA,NA,NA,NA,NA,NA,NA
230.191,1.6957,1.2728,0.9994,5.4269,NA,NA,NA,NA,NA,NA,NA,NA,NA,NA,NA,NA
230.284,1.6965,1.3196,0.9996,5.4440,NA,NA,NA,NA,NA,NA,NA,NA,NA,NA,NA,NA
230.389,1.6965,1.3196,0.9996,5.4440,NA,NA,NA,NA,NA,NA,NA,NA,NA,NA,NA,NA
230.484,1.6962,1.2997,0.9993,5.4199,NA,NA,NA,NA,NA,NA,NA,NA,NA,NA,NA,NA
230.576,1.6945,1.1992,0.9987,5.3491,NA,NA,NA,NA,NA,NA,NA,NA,NA,NA,NA,NA
230.674,1.6940,1.1719,0.9984,5.3177,NA,NA,NA,NA,NA,NA,NA,NA,NA,NA,NA,NA
230.781,1.6903,0.9485,0.9979,5.2674,NA,NA,NA,NA,NA,NA,NA,NA,NA,NA,NA,NA
230.872,1.6895,0.8989,0.9976,5.2340,NA,NA,NA,NA,NA,NA,NA,NA,NA,NA,NA,NA
230.983,1.6876,0.7896,0.9974,5.2097,NA,NA,NA,NA,NA,NA,NA,NA,NA,NA,NA,NA
231.079,1.6868,0.7416,0.9974,5.2097,NA,NA,NA,NA,NA,NA,NA,NA,NA,NA,NA,NA
231.170,1.6860,0.6936,0.9970,5.1719,NA,NA,NA,NA,NA,NA,NA,NA,NA,NA,NA,NA
231.264,1.6876,0.7899,0.9966,5.1292,NA,NA,NA,NA,NA,NA,NA,NA,NA,NA,NA,NA
231.370,1.6880,0.8090,0.9957,5.0324,NA,NA,NA,NA,NA,NA,NA,NA,NA,NA,NA,NA
231.463,1.6880,0.8090,0.9944,4.8990,NA,NA,NA,NA,NA,NA,NA,NA,NA,NA,NA,NA
231.610,1.6874,0.7745,0.9937,4.8211,NA,NA,NA,NA,NA,NA,NA,NA,NA,NA,NA,NA
231.664,1.6873,0.7703,0.9934,4.7971,NA,NA,NA,NA,NA,NA,NA,NA,NA,NA,NA,NA
231.761,1.6873,0.7703,0.9930,4.7543,NA,NA,NA,NA,NA,NA,NA,NA,NA,NA,NA,NA
231.855,1.6839,0.5634,0.9926,4.7074,NA,NA,NA,NA,NA,NA,NA,NA,NA,NA,NA,NA
231.960,1.6811,0.3996,0.9920,4.6464,NA,NA,NA,NA,NA,NA,NA,NA,NA,NA,NA,NA
232.053,1.6863,0.7109,0.9920,4.6461,NA,NA,NA,NA,NA,NA,NA,NA,NA,NA,NA,NA
232.181,1.6863,0.7109,0.9918,4.6229,NA,NA,NA,NA,NA,NA,NA,NA,NA,NA,NA,NA
232.255,1.6840,0.5704,0.9917,4.6127,NA,NA,NA,NA,NA,NA,NA,NA,NA,NA,NA,NA
232.344,1.6871,0.7557,0.9916,4.5994,NA,NA,NA,NA,NA,NA,NA,NA,NA,NA,NA,NA
232.443,1.6871,0.7557,0.9901,4.4465,NA,NA,NA,NA,NA,NA,NA,NA,NA,NA,NA,NA
232.549,1.6813,0.4095,0.9901,4.4428,NA,NA,NA,NA,NA,NA,NA,NA,NA,NA,NA,NA
232.639,1.6811,0.3994,0.9901,4.4428,NA,NA,NA,NA,NA,NA,NA,NA,NA,NA,NA,NA
232.772,1.6806,0.3708,0.9899,4.4244,NA,NA,NA,NA,NA,NA,NA,NA,NA,NA,NA,NA
232.833,1.6806,0.3708,0.9896,4.3960,NA,NA,NA,NA,NA,NA,NA,NA,NA,NA,NA,NA
232.932,1.6755,0.0671,0.9890,4.3328,NA,NA,NA,NA,NA,NA,NA,NA,NA,NA,NA,NA
233.036,1.6765,0.1223,0.9888,4.3026,NA,NA,NA,NA,NA,NA,NA,NA,NA,NA,NA,NA
233.132,1.6777,0.1944,0.9883,4.2580,NA,NA,NA,NA,NA,NA,NA,NA,NA,NA,NA,NA
233.233,1.6779,0.2081,0.9890,4.3276,NA,NA,NA,NA,NA,NA,NA,NA,NA,NA,NA,NA
233.324,1.6780,0.2119,0.9890,4.3276,NA,NA,NA,NA,NA,NA,NA,NA,NA,NA,NA,NA
233.422,1.6780,0.2119,0.9883,4.2512,NA,NA,NA,NA,NA,NA,NA,NA,NA,NA,NA,NA
233.521,1.6750,0.0360,0.9878,4.2045,NA,NA,NA,NA,NA,NA,NA,NA,NA,NA,NA,NA
233.625,1.6748,0.0198,0.9878,4.2002,NA,NA,NA,NA,NA,NA,NA,NA,NA,NA,NA,NA
233.715,1.6757,0.0780,0.9868,4.0986,NA,NA,NA,NA,NA,NA,NA,NA,NA,NA,NA,NA
233.820,1.6757,0.0780,0.9868,4.0962,NA,NA,NA,NA,NA,NA,NA,NA,NA,NA,NA,NA
233.914,1.6736,-0.0514,0.9868,4.0962,NA,NA,NA,NA,NA,NA,NA,NA,NA,NA,NA,NA
234.010,1.6733,-0.0693,0.9865,4.0663,NA,NA,NA,NA,NA,NA,NA,NA,NA,NA,NA,NA
234.110,1.6733,-0.0693,0.9853,3.9400,NA,NA,NA,NA,NA,NA,NA,NA,NA,NA,NA,NA
234.216,1.6711,-0.1968,0.9853,3.9400,NA,NA,NA,NA,NA,NA,NA,NA,NA,NA,NA,NA
234.305,1.6711,-0.1999,0.9848,3.8856,NA,NA,NA,NA,NA,NA,NA,NA,NA,NA,NA,NA
234.410,1.6717,-0.1628,0.9848,3.8856,NA,NA,NA,NA,NA,NA,NA,NA,NA,NA,NA,NA
234.501,1.6717,-0.1628,0.9843,3.8321,NA,NA,NA,NA,NA,NA,NA,NA,NA,NA,NA,NA
234.632,1.6712,-0.1908,0.9833,3.7313,NA,NA,NA,NA,NA,NA,NA,NA,NA,NA,NA,NA
234.696,1.6690,-0.3264,0.9830,3.6954,NA,NA,NA,NA,NA,NA,NA,NA,NA,NA,NA,NA
234.795,1.6690,-0.3264,0.9832,3.7188,NA,NA,NA,NA,NA,NA,NA,NA,NA,NA,NA,NA
234.893,1.6679,-0.3905,0.9832,3.7188,NA,NA,NA,NA,NA,NA,NA,NA,NA,NA,NA,NA
234.992,1.6617,-0.7587,0.9827,3.6602,NA,NA,NA,NA,NA,NA,NA,NA,NA,NA,NA,NA
235.152,1.6691,-0.3186,0.9824,3.6301,NA,NA,NA,NA,NA,NA,NA,NA,NA,NA,NA,NA
235.181,1.6692,-0.3141,0.9823,3.6191,NA,NA,NA,NA,NA,NA,NA,NA,NA,NA,NA,NA
235.280,1.6692,-0.3141,0.9820,3.5946,NA,NA,NA,NA,NA,NA,NA,NA,NA,NA,NA,NA
235.395,1.6707,-0.2250,0.9820,3.5946,NA,NA,NA,NA,NA,NA,NA,NA,NA,NA,NA,NA
235.476,1.6707,-0.2250,0.9819,3.5810,NA,NA,NA,NA,NA,NA,NA,NA,NA,NA,NA,NA
235.565,1.6694,-0.2988,0.9814,3.5292,NA,NA,NA,NA,NA,NA,NA,NA,NA,NA,NA,NA
235.675,1.6666,-0.4648,0.9817,3.5627,NA,NA,NA,NA,NA,NA,NA,NA,NA,NA,NA,NA
235.832,1.6618,-0.7551,0.9817,3.5627,NA,NA,NA,NA,NA,NA,NA,NA,NA,NA,NA,NA
235.873,1.6618,-0.7551,0.9810,3.4832,NA,NA,NA,NA,NA,NA,NA,NA,NA,NA,NA,NA
235.965,1.6589,-0.9252,0.9803,3.4154,NA,NA,NA,NA,NA,NA,NA,NA,NA,NA,NA,NA
236.068,1.6612,-0.7874,0.9801,3.3927,NA,NA,NA,NA,NA,NA,NA,NA,NA,NA,NA,NA
236.163,1.6649,-0.5709,0.9795,3.3217,NA,NA,NA,NA,NA,NA,NA,NA,NA,NA,NA,NA
236.247,1.6649,-0.5709,0.9791,3.2870,NA,NA,NA,NA,NA,NA,NA,NA,NA,NA,NA,NA
236.355,1.6605,-0.8291,0.9791,3.2870,NA,NA,NA,NA,NA,NA,NA,NA,NA,NA,NA,NA
236.455,1.6598,-0.8728,0.9793,3.3060,NA,NA,NA,NA,NA,NA,NA,NA,NA,NA,NA,NA
236.554,1.6570,-1.0432,0.9793,3.3060,NA,NA,NA,NA,NA,NA,NA,NA,NA,NA,NA,NA
236.669,1.6571,-1.0372,0.9791,3.2874,NA,NA,NA,NA,NA,NA,NA,NA,NA,NA,NA,NA
236.764,1.6571,-1.0372,0.9791,3.2874,NA,NA,NA,NA,NA,NA,NA,NA,NA,NA,NA,NA
236.852,1.6542,-1.2073,0.9782,3.1929,NA,NA,NA,NA,NA,NA,NA,NA,NA,NA,NA,NA
236.951,1.6539,-1.2239,0.9778,3.1440,NA,NA,NA,NA,NA,NA,NA,NA,NA,NA,NA,NA
237.046,1.6539,-1.2239,0.9774,3.1045,NA,NA,NA,NA,NA,NA,NA,NA,NA,NA,NA,NA
237.142,1.6539,-1.2257,0.9774,3.1045,NA,NA,NA,NA,NA,NA,NA,NA,NA,NA,NA,NA
237.239,1.6507,-1.4190,0.9775,3.1132,NA,NA,NA,NA,NA,NA,NA,NA,NA,NA,NA,NA
237.338,1.6506,-1.4242,0.9775,3.1132,NA,NA,NA,NA,NA,NA,NA,NA,NA,NA,NA,NA
237.439,1.6506,-1.4242,0.9757,2.9294,NA,NA,NA,NA,NA,NA,NA,NA,NA,NA,NA,NA
237.534,1.6521,-1.3343,0.9756,2.9155,NA,NA,NA,NA,NA,NA,NA,NA,NA,NA,NA,NA
237.633,1.6524,-1.3169,0.9757,2.9221,NA,NA,NA,NA,NA,NA,NA,NA,NA,NA,NA,NA
237.732,1.6524,-1.3169,0.9757,2.9221,NA,NA,NA,NA,NA,NA,NA,NA,NA,NA,NA,NA
237.823,1.6534,-1.2549,0.9752,2.8692,NA,NA,NA,NA,NA,NA,NA,NA,NA,NA,NA,NA
237.916,1.6535,-1.2522,0.9747,2.8148,NA,NA,NA,NA,NA,NA,NA,NA,NA,NA,NA,NA
238.024,1.6535,-1.2521,0.9746,2.8101,NA,NA,NA,NA,NA,NA,NA,NA,NA,NA,NA,NA
238.146,1.6535,-1.2521,0.9746,2.8101,NA,NA,NA,NA,NA,NA,NA,NA,NA,NA,NA,NA
238.228,1.6542,-1.2103,0.9730,2.6378,NA,NA,NA,NA,NA,NA,NA,NA,NA,NA,NA,NA
238.319,1.6542,-1.2103,0.9731,2.6557,NA,NA,NA,NA,NA,NA,NA,NA,NA,NA,NA,NA
238.416,1.6534,-1.2544,0.9733,2.6672,NA,NA,NA,NA,NA,NA,NA,NA,NA,NA,NA,NA
238.513,1.6543,-1.2001,0.9737,2.7166,NA,NA,NA,NA,NA,NA,NA,NA,NA,NA,NA,NA
238.604,1.6543,-1.2001,0.9737,2.7166,NA,NA,NA,NA,NA,NA,NA,NA,NA,NA,NA,NA
238.736,1.6499,-1.4637,0.9728,2.6201,NA,NA,NA,NA,NA,NA,NA,NA,NA,NA,NA,NA
238.811,1.6498,-1.4728,0.9727,2.6113,NA,NA,NA,NA,NA,NA,NA,NA,NA,NA,NA,NA
238.907,1.6495,-1.4901,0.9724,2.5774,NA,NA,NA,NA,NA,NA,NA,NA,NA,NA,NA,NA
239.005,1.6500,-1.4598,0.9727,2.6063,NA,NA,NA,NA,NA,NA,NA,NA,NA,NA,NA,NA
239.098,1.6500,-1.4598,0.9727,2.6063,NA,NA,NA,NA,NA,NA,NA,NA,NA,NA,NA,NA
239.199,1.6504,-1.4369,0.9721,2.5446,NA,NA,NA,NA,NA,NA,NA,NA,NA,NA,NA,NA
239.358,1.6521,-1.3347,0.9713,2.4578,NA,NA,NA,NA,NA,NA,NA,NA,NA,NA,NA,NA
239.397,1.6521,-1.3347,0.9712,2.4531,NA,NA,NA,NA,NA,NA,NA,NA,NA,NA,NA,NA
239.496,1.6492,-1.5037,0.9712,2.4531,NA,NA,NA,NA,NA,NA,NA,NA,NA,NA,NA,NA
239.593,1.6499,-1.4622,0.9709,2.4213,NA,NA,NA,NA,NA,NA,NA,NA,NA,NA,NA,NA
239.687,1.6499,-1.4622,0.9714,2.4685,NA,NA,NA,NA,NA,NA,NA,NA,NA,NA,NA,NA
239.789,1.6483,-1.5589,0.9714,2.4685,NA,NA,NA,NA,NA,NA,NA,NA,NA,NA,NA,NA
239.880,1.6474,-1.6108,0.9709,2.4229,NA,NA,NA,NA,NA,NA,NA,NA,NA,NA,NA,NA
240.006,1.6485,-1.5458,0.9708,2.4109,NA,NA,NA,NA,NA,NA,NA,NA,NA,NA,NA,NA
240.076,1.6485,-1.5458,0.9705,2.3777,NA,NA,NA,NA,NA,NA,NA,NA,NA,NA,NA,NA
240.178,1.6483,-1.5582,0.9705,2.3777,NA,NA,NA,NA,NA,NA,NA,NA,NA,NA,NA,NA
240.275,1.6483,-1.5582,0.9700,2.3290,NA,NA,NA,NA,NA,NA,NA,NA,NA,NA,NA,NA
240.373,1.6483,-1.5599,0.9703,2.3506,NA,NA,NA,NA,NA,NA,NA,NA,NA,NA,NA,NA
240.477,1.6468,-1.6466,0.9703,2.3506,NA,NA,NA,NA,NA,NA,NA,NA,NA,NA,NA,NA
240.635,1.6461,-1.6923,0.9702,2.3480,NA,NA,NA,NA,NA,NA,NA,NA,NA,NA,NA,NA
240.667,1.6466,-1.6637,0.9691,2.2327,NA,NA,NA,NA,NA,NA,NA,NA,NA,NA,NA,NA
240.763,1.6466,-1.6637,0.9689,2.2045,NA,NA,NA,NA,NA,NA,NA,NA,NA,NA,NA,NA
240.865,1.6440,-1.8151,0.9686,2.1809,NA,NA,NA,NA,NA,NA,NA,NA,NA,NA,NA,NA
240.958,1.6435,-1.8440,0.9683,2.1436,NA,NA,NA,NA,NA,NA,NA,NA,NA,NA,NA,NA
241.058,1.6435,-1.8440,0.9681,2.1227,NA,NA,NA,NA,NA,NA,NA,NA,NA,NA,NA,NA
241.157,1.6400,-2.0584,0.9678,2.0869,NA,NA,NA,NA,NA,NA,NA,NA,NA,NA,NA,NA
241.254,1.6386,-2.1370,0.9675,2.0590,NA,NA,NA,NA,NA,NA,NA,NA,NA,NA,NA,NA
241.361,1.6408,-2.0061,0.9674,2.0449,NA,NA,NA,NA,NA,NA,NA,NA,NA,NA,NA,NA
241.459,1.6408,-2.0061,0.9674,2.0449,NA,NA,NA,NA,NA,NA,NA,NA,NA,NA,NA,NA
241.549,1.6396,-2.0784,0.9678,2.0902,NA,NA,NA,NA,NA,NA,NA,NA,NA,NA,NA,NA
241.655,1.6393,-2.0984,0.9678,2.0902,NA,NA,NA,NA,NA,NA,NA,NA,NA,NA,NA,NA
241.748,1.6385,-2.1450,0.9676,2.0745,NA,NA,NA,NA,NA,NA,NA,NA,NA,NA,NA,NA
241.843,1.6402,-2.0458,0.9668,1.9888,NA,NA,NA,NA,NA,NA,NA,NA,NA,NA,NA,NA
241.939,1.6402,-2.0458,0.9661,1.9077,NA,NA,NA,NA,NA,NA,NA,NA,NA,NA,NA,NA
242.030,1.6342,-2.4018,0.9657,1.8694,NA,NA,NA,NA,NA,NA,NA,NA,NA,NA,NA,NA
242.139,1.6341,-2.4054,0.9654,1.8404,NA,NA,NA,NA,NA,NA,NA,NA,NA,NA,NA,NA
242.236,1.6331,-2.4647,0.9650,1.7926,NA,NA,NA,NA,NA,NA,NA,NA,NA,NA,NA,NA
242.343,1.6346,-2.3793,0.9649,1.7887,NA,NA,NA,NA,NA,NA,NA,NA,NA,NA,NA,NA
242.434,1.6346,-2.3793,0.9642,1.7084,NA,NA,NA,NA,NA,NA,NA,NA,NA,NA,NA,NA
242.528,1.6526,-1.3018,0.9696,2.2807,NA,NA,NA,NA,NA,NA,NA,NA,NA,NA,NA,NA
242.637,1.7084,2.0279,0.9857,3.9842,NA,NA,NA,NA,NA,NA,NA,NA,NA,NA,NA,NA
242.725,1.7368,3.7260,0.9991,5.3928,NA,NA,NA,NA,NA,NA,NA,NA,NA,NA,NA,NA
242.820,1.7580,4.9937,1.0120,6.7561,NA,NA,NA,NA,NA,NA,NA,NA,NA,NA,NA,NA
242.972,1.7776,6.1615,1.0170,7.2768,NA,NA,NA,NA,NA,NA,NA,NA,NA,NA,NA,NA
243.017,1.7802,6.3160,1.0191,7.5063,NA,NA,NA,NA,NA,NA,NA,NA,NA,NA,NA,NA
243.120,1.7814,6.3889,1.0191,7.5063,NA,NA,NA,NA,NA,NA,NA,NA,NA,NA,NA,NA
243.212,1.7814,6.3889,1.0183,7.4198,NA,NA,NA,NA,NA,NA,NA,NA,NA,NA,NA,NA
243.307,1.7739,5.9407,1.0182,7.4056,NA,NA,NA,NA,NA,NA,NA,NA,NA,NA,NA,NA
243.410,1.7713,5.7835,1.0163,7.2033,NA,NA,NA,NA,NA,NA,NA,NA,NA,NA,NA,NA
243.540,1.7627,5.2725,1.0145,7.0186,NA,NA,NA,NA,NA,NA,NA,NA,NA,NA,NA,NA
243.605,1.7595,5.0837,1.0123,6.7830,NA,NA,NA,NA,NA,NA,NA,NA,NA,NA,NA,NA
243.699,1.7483,4.4153,1.0096,6.5026,NA,NA,NA,NA,NA,NA,NA,NA,NA,NA,NA,NA
243.816,1.7400,3.9154,1.0076,6.2932,NA,NA,NA,NA,NA,NA,NA,NA,NA,NA,NA,NA
243.896,1.7365,3.7058,1.0062,6.1410,NA,NA,NA,NA,NA,NA,NA,NA,NA,NA,NA,NA
243.996,1.7312,3.3902,1.0048,5.9918,NA,NA,NA,NA,NA,NA,NA,NA,NA,NA,NA,NA
244.103,1.7296,3.2934,1.0019,5.6896,NA,NA,NA,NA,NA,NA,NA,NA,NA,NA,NA,NA
244.194,1.7276,3.1763,1.0003,5.5176,NA,NA,NA,NA,NA,NA,NA,NA,NA,NA,NA,NA
244.288,1.7257,3.0615,0.9988,5.3608,NA,NA,NA,NA,NA,NA,NA,NA,NA,NA,NA,NA
244.388,1.7231,2.9064,0.9979,5.2693,NA,NA,NA,NA,NA,NA,NA,NA,NA,NA,NA,NA
244.487,1.7165,2.5124,0.9965,5.1244,NA,NA,NA,NA,NA,NA,NA,NA,NA,NA,NA,NA
244.580,1.7132,2.3157,0.9957,5.0361,NA,NA,NA,NA,NA,NA,NA,NA,NA,NA,NA,NA
244.737,1.7120,2.2447,0.9940,4.8594,NA,NA,NA,NA,NA,NA,NA,NA,NA,NA,NA,NA
244.788,1.7109,2.1812,0.9930,4.7476,NA,NA,NA,NA,NA,NA,NA,NA,NA,NA,NA,NA
244.883,1.7079,1.9974,0.9923,4.6744,NA,NA,NA,NA,NA,NA,NA,NA,NA,NA,NA,NA
244.972,1.7028,1.6965,0.9913,4.5716,NA,NA,NA,NA,NA,NA,NA,NA,NA,NA,NA,NA
245.075,1.7011,1.5940,0.9899,4.4221,NA,NA,NA,NA,NA,NA,NA,NA,NA,NA,NA,NA
245.168,1.7011,1.5915,0.9884,4.2648,NA,NA,NA,NA,NA,NA,NA,NA,NA,NA,NA,NA
245.313,1.6979,1.4002,0.9873,4.1542,NA,NA,NA,NA,NA,NA,NA,NA,NA,NA,NA,NA
245.372,1.6952,1.2407,0.9870,4.1214,NA,NA,NA,NA,NA,NA,NA,NA,NA,NA,NA,NA
245.476,1.6868,0.7404,0.9863,4.0405,NA,NA,NA,NA,NA,NA,NA,NA,NA,NA,NA,NA
245.566,1.6868,0.7404,0.9849,3.8914,NA,NA,NA,NA,NA,NA,NA,NA,NA,NA,NA,NA
245.658,1.6850,0.6334,0.9846,3.8663,NA,NA,NA,NA,NA,NA,NA,NA,NA,NA,NA,NA
245.761,1.6846,0.6052,0.9834,3.7376,NA,NA,NA,NA,NA,NA,NA,NA,NA,NA,NA,NA
245.855,1.6846,0.6052,0.9823,3.6190,NA,NA,NA,NA,NA,NA,NA,NA,NA,NA,NA,NA
246.006,1.6754,0.0574,0.9805,3.4361,NA,NA,NA,NA,NA,NA,NA,NA,NA,NA,NA,NA
246.052,1.6721,-0.1356,0.9795,3.3281,NA,NA,NA,NA,NA,NA,NA,NA,NA,NA,NA,NA
246.158,1.6700,-0.2658,0.9788,3.2521,NA,NA,NA,NA,NA,NA,NA,NA,NA,NA,NA,NA
246.258,1.6680,-0.3815,0.9772,3.0881,NA,NA,NA,NA,NA,NA,NA,NA,NA,NA,NA,NA
246.352,1.6738,-0.0366,0.9774,3.1093,NA,NA,NA,NA,NA,NA,NA,NA,NA,NA,NA,NA
246.445,1.7068,1.9334,0.9851,3.9129,NA,NA,NA,NA,NA,NA,NA,NA,NA,NA,NA,NA
246.542,1.7283,3.2156,1.0011,5.6086,NA,NA,NA,NA,NA,NA,NA,NA,NA,NA,NA,NA
246.640,1.7544,4.7773,1.0123,6.7844,NA,NA,NA,NA,NA,NA,NA,NA,NA,NA,NA,NA
246.735,1.7736,5.9246,1.0216,7.7634,NA,NA,NA,NA,NA,NA,NA,NA,NA,NA,NA,NA
246.832,1.8032,7.6936,1.0319,8.8549,NA,NA,NA,NA,NA,NA,NA,NA,NA,NA,NA,NA
246.939,1.8191,8.6377,1.0420,9.9148,NA,NA,NA,NA,NA,NA,NA,NA,NA,NA,NA,NA
247.028,1.8391,9.8373,1.0499,10.7493,NA,NA,NA,NA,NA,NA,NA,NA,NA,NA,NA,NA
247.137,1.8490,10.4292,1.0583,11.6423,NA,NA,NA,NA,NA,NA,NA,NA,NA,NA,NA,NA
247.235,1.8704,11.7074,1.0660,12.4508,NA,NA,NA,NA,NA,NA,NA,NA,NA,NA,NA,NA
247.325,1.8814,12.3635,1.0735,13.2419,NA,NA,NA,NA,NA,NA,NA,NA,NA,NA,NA,NA
247.421,1.8975,13.3211,1.0776,13.6748,NA,NA,NA,NA,NA,NA,NA,NA,NA,NA,NA,NA
247.516,1.9150,14.3664,1.0855,14.5129,NA,NA,NA,NA,NA,NA,NA,NA,NA,NA,NA,NA
247.624,1.9235,14.8770,1.0915,15.1396,NA,NA,NA,NA,NA,NA,NA,NA,NA,NA,NA,NA
247.759,1.9393,15.8196,1.0969,15.7108,NA,NA,NA,NA,NA,NA,NA,NA,NA,NA,NA,NA
247.815,1.9427,16.0244,1.1019,16.2347,NA,NA,NA,NA,NA,NA,NA,NA,NA,NA,NA,NA
247.928,1.9461,16.2274,1.1033,16.3849,NA,NA,NA,NA,NA,NA,NA,NA,NA,NA,NA,NA
248.015,1.9461,16.2274,1.1051,16.5724,NA,NA,NA,NA,NA,NA,NA,NA,NA,NA,NA,NA
248.106,1.9374,15.7048,1.1054,16.6050,NA,NA,NA,NA,NA,NA,NA,NA,NA,NA,NA,NA
248.220,1.9365,15.6547,1.1054,16.6050,NA,NA,NA,NA,NA,NA,NA,NA,NA,NA,NA,NA
248.330,1.9272,15.0987,1.1046,16.5249,NA,NA,NA,NA,NA,NA,NA,NA,NA,NA,NA,NA
248.398,1.9188,14.5940,1.1014,16.1880,NA,NA,NA,NA,NA,NA,NA,NA,NA,NA,NA,NA
248.494,1.9131,14.2532,1.0985,15.8769,NA,NA,NA,NA,NA,NA,NA,NA,NA,NA,NA,NA
248.594,1.9064,13.8560,1.0966,15.6839,NA,NA,NA,NA,NA,NA,NA,NA,NA,NA,NA,NA
248.695,1.9028,13.6410,1.0944,15.4515,NA,NA,NA,NA,NA,NA,NA,NA,NA,NA,NA,NA
248.793,1.8945,13.1412,1.0950,15.5089,NA,NA,NA,NA,NA,NA,NA,NA,NA,NA,NA,NA
248.938,1.8886,12.7936,1.0950,15.5089,NA,NA,NA,NA,NA,NA,NA,NA,NA,NA,NA,NA
248.993,1.8809,12.3345,1.0918,15.1681,NA,NA,NA,NA,NA,NA,NA,NA,NA,NA,NA,NA
249.095,1.8722,11.8100,1.0874,14.7110,NA,NA,NA,NA,NA,NA,NA,NA,NA,NA,NA,NA
249.185,1.8690,11.6212,1.0853,14.4920,NA,NA,NA,NA,NA,NA,NA,NA,NA,NA,NA,NA
249.280,1.8614,11.1698,1.0841,14.3593,NA,NA,NA,NA,NA,NA,NA,NA,NA,NA,NA,NA
249.380,1.8594,11.0466,1.0831,14.2597,NA,NA,NA,NA,NA,NA,NA,NA,NA,NA,NA,NA
249.530,1.8560,10.8466,1.0820,14.1366,NA,NA,NA,NA,NA,NA,NA,NA,NA,NA,NA,NA
249.572,1.8560,10.8466,1.0818,14.1189,NA,NA,NA,NA,NA,NA,NA,NA,NA,NA,NA,NA
249.682,1.8480,10.3668,1.0798,13.9093,NA,NA,NA,NA,NA,NA,NA,NA,NA,NA,NA,NA
249.770,1.8459,10.2403,1.0793,13.8587,NA,NA,NA,NA,NA,NA,NA,NA,NA,NA,NA,NA
249.871,1.8459,10.2403,1.0791,13.8356,NA,NA,NA,NA,NA,NA,NA,NA,NA,NA,NA,NA
249.963,1.8425,10.0401,1.0783,13.7453,NA,NA,NA,NA,NA,NA,NA,NA,NA,NA,NA,NA
250.062,1.8408,9.9394,1.0777,13.6833,NA,NA,NA,NA,NA,NA,NA,NA,NA,NA,NA,NA
250.223,1.8436,10.1029,1.0775,13.6613,NA,NA,NA,NA,NA,NA,NA,NA,NA,NA,NA,NA
250.268,1.8436,10.1029,1.0763,13.5338,NA,NA,NA,NA,NA,NA,NA,NA,NA,NA,NA,NA
250.355,1.8333,9.4908,1.0754,13.4405,NA,NA,NA,NA,NA,NA,NA,NA,NA,NA,NA,NA
250.465,1.8301,9.2948,1.0752,13.4192,NA,NA,NA,NA,NA,NA,NA,NA,NA,NA,NA,NA
250.563,1.8253,9.0134,1.0744,13.3321,NA,NA,NA,NA,NA,NA,NA,NA,NA,NA,NA,NA
250.655,1.8271,9.1165,1.0738,13.2697,NA,NA,NA,NA,NA,NA,NA,NA,NA,NA,NA,NA
250.758,1.8271,9.1165,1.0736,13.2513,NA,NA,NA,NA,NA,NA,NA,NA,NA,NA,NA,NA
250.855,1.8263,9.0682,1.0735,13.2383,NA,NA,NA,NA,NA,NA,NA,NA,NA,NA,NA,NA
250.947,1.8248,8.9794,1.0723,13.1119,NA,NA,NA,NA,NA,NA,NA,NA,NA,NA,NA,NA
251.046,1.8240,8.9324,1.0720,13.0888,NA,NA,NA,NA,NA,NA,NA,NA,NA,NA,NA,NA
251.144,1.8240,8.9324,1.0720,13.0888,NA,NA,NA,NA,NA,NA,NA,NA,NA,NA,NA,NA
251.237,1.8223,8.8335,1.0714,13.0190,NA,NA,NA,NA,NA,NA,NA,NA,NA,NA,NA,NA
251.349,1.8225,8.8450,1.0699,12.8630,NA,NA,NA,NA,NA,NA,NA,NA,NA,NA,NA,NA
251.437,1.8225,8.8450,1.0699,12.8630,NA,NA,NA,NA,NA,NA,NA,NA,NA,NA,NA,NA
251.544,1.8209,8.7480,1.0697,12.8448,NA,NA,NA,NA,NA,NA,NA,NA,NA,NA,NA,NA
251.628,1.8206,8.7300,1.0686,12.7258,NA,NA,NA,NA,NA,NA,NA,NA,NA,NA,NA,NA
251.732,1.8175,8.5464,1.0681,12.6728,NA,NA,NA,NA,NA,NA,NA,NA,NA,NA,NA,NA
251.826,1.8172,8.5274,1.0672,12.5773,NA,NA,NA,NA,NA,NA,NA,NA,NA,NA,NA,NA
251.963,1.8141,8.3393,1.0674,12.6002,NA,NA,NA,NA,NA,NA,NA,NA,NA,NA,NA,NA
252.027,1.8141,8.3393,1.0674,12.6002,NA,NA,NA,NA,NA,NA,NA,NA,NA,NA,NA,NA
252.123,1.8113,8.1757,1.0665,12.5033,NA,NA,NA,NA,NA,NA,NA,NA,NA,NA,NA,NA
252.223,1.8093,8.0570,1.0663,12.4785,NA,NA,NA,NA,NA,NA,NA,NA,NA,NA,NA,NA
252.316,1.8093,8.0570,1.0664,12.4911,NA,NA,NA,NA,NA,NA,NA,NA,NA,NA,NA,NA
252.412,1.8097,8.0767,1.0664,12.4911,NA,NA,NA,NA,NA,NA,NA,NA,NA,NA,NA,NA
252.551,1.8097,8.0767,1.0641,12.2524,NA,NA,NA,NA,NA,NA,NA,NA,NA,NA,NA,NA
252.608,1.8077,7.9606,1.0635,12.1886,NA,NA,NA,NA,NA,NA,NA,NA,NA,NA,NA,NA
252.712,1.8077,7.9606,1.0634,12.1776,NA,NA,NA,NA,NA,NA,NA,NA,NA,NA,NA,NA
252.811,1.8034,7.7033,1.0628,12.1105,NA,NA,NA,NA,NA,NA,NA,NA,NA,NA,NA,NA
252.907,1.8052,7.8098,1.0623,12.0576,NA,NA,NA,NA,NA,NA,NA,NA,NA,NA,NA,NA
253.006,1.8052,7.8098,1.0619,12.0178,NA,NA,NA,NA,NA,NA,NA,NA,NA,NA,NA,NA
253.155,1.7994,7.4646,1.0609,11.9105,NA,NA,NA,NA,NA,NA,NA,NA,NA,NA,NA,NA
253.209,1.7994,7.4646,1.0604,11.8635,NA,NA,NA,NA,NA,NA,NA,NA,NA,NA,NA,NA
253.312,1.7980,7.3785,1.0603,11.8515,NA,NA,NA,NA,NA,NA,NA,NA,NA,NA,NA,NA
253.410,1.7962,7.2705,1.0603,11.8515,NA,NA,NA,NA,NA,NA,NA,NA,NA,NA,NA,NA
253.493,1.7916,6.9978,1.0591,11.7218,NA,NA,NA,NA,NA,NA,NA,NA,NA,NA,NA,NA
253.598,1.7907,6.9466,1.0587,11.6803,NA,NA,NA,NA,NA,NA,NA,NA,NA,NA,NA,NA
253.687,1.7907,6.9466,1.0585,11.6628,NA,NA,NA,NA,NA,NA,NA,NA,NA,NA,NA,NA
253.788,1.7917,7.0064,1.0582,11.6230,NA,NA,NA,NA,NA,NA,NA,NA,NA,NA,NA,NA
253.885,1.7917,7.0064,1.0582,11.6230,NA,NA,NA,NA,NA,NA,NA,NA,NA,NA,NA,NA
253.981,1.7904,6.9295,1.0574,11.5474,NA,NA,NA,NA,NA,NA,NA,NA,NA,NA,NA,NA
254.080,1.7904,6.9295,1.0573,11.5365,NA,NA,NA,NA,NA,NA,NA,NA,NA,NA,NA,NA
254.178,1.7878,6.7690,1.0567,11.4657,NA,NA,NA,NA,NA,NA,NA,NA,NA,NA,NA,NA
254.278,1.7851,6.6092,1.0567,11.4657,NA,NA,NA,NA,NA,NA,NA,NA,NA,NA,NA,NA
254.428,1.7834,6.5093,1.0559,11.3865,NA,NA,NA,NA,NA,NA,NA,NA,NA,NA,NA,NA
254.473,1.7822,6.4344,1.0554,11.3335,NA,NA,NA,NA,NA,NA,NA,NA,NA,NA,NA,NA
254.587,1.7822,6.4344,1.0549,11.2821,NA,NA,NA,NA,NA,NA,NA,NA,NA,NA,NA,NA
254.665,1.7777,6.1670,1.0538,11.1604,NA,NA,NA,NA,NA,NA,NA,NA,NA,NA,NA,NA
254.761,1.7775,6.1571,1.0529,11.0686,NA,NA,NA,NA,NA,NA,NA,NA,NA,NA,NA,NA
254.863,1.7740,5.9483,1.0526,11.0390,NA,NA,NA,NA,NA,NA,NA,NA,NA,NA,NA,NA
254.959,1.7736,5.9247,1.0523,11.0057,NA,NA,NA,NA,NA,NA,NA,NA,NA,NA,NA,NA
255.059,1.7707,5.7516,1.0524,11.0186,NA,NA,NA,NA,NA,NA,NA,NA,NA,NA,NA,NA
255.154,1.7721,5.8328,1.0524,11.0186,NA,NA,NA,NA,NA,NA,NA,NA,NA,NA,NA,NA
255.252,1.7721,5.8328,1.0519,10.9678,NA,NA,NA,NA,NA,NA,NA,NA,NA,NA,NA,NA
255.349,1.7723,5.8458,1.0491,10.6634,NA,NA,NA,NA,NA,NA,NA,NA,NA,NA,NA,NA
255.446,1.7723,5.8458,1.0489,10.6491,NA,NA,NA,NA,NA,NA,NA,NA,NA,NA,NA,NA
255.603,1.7715,5.8006,1.0480,10.5489,NA,NA,NA,NA,NA,NA,NA,NA,NA,NA,NA,NA
255.644,1.7710,5.7695,1.0474,10.4936,NA,NA,NA,NA,NA,NA,NA,NA,NA,NA,NA,NA
255.745,1.7702,5.7199,1.0469,10.4322,NA,NA,NA,NA,NA,NA,NA,NA,NA,NA,NA,NA
255.866,1.7702,5.7199,1.0472,10.4698,NA,NA,NA,NA,NA,NA,NA,NA,NA,NA,NA,NA
255.935,1.7672,5.5392,1.0472,10.4698,NA,NA,NA,NA,NA,NA,NA,NA,NA,NA,NA,NA
256.036,1.7672,5.5392,1.0470,10.4485,NA,NA,NA,NA,NA,NA,NA,NA,NA,NA,NA,NA
256.162,1.7650,5.4098,1.0465,10.3989,NA,NA,NA,NA,NA,NA,NA,NA,NA,NA,NA,NA
256.231,1.7614,5.1925,1.0455,10.2881,NA,NA,NA,NA,NA,NA,NA,NA,NA,NA,NA,NA
256.332,1.7575,4.9629,1.0444,10.1737,NA,NA,NA,NA,NA,NA,NA,NA,NA,NA,NA,NA
256.428,1.7564,4.8976,1.0443,10.1648,NA,NA,NA,NA,NA,NA,NA,NA,NA,NA,NA,NA
256.531,1.7564,4.8976,1.0439,10.1163,NA,NA,NA,NA,NA,NA,NA,NA,NA,NA,NA,NA
256.625,1.7572,4.9468,1.0432,10.0486,NA,NA,NA,NA,NA,NA,NA,NA,NA,NA,NA,NA
256.723,1.7572,4.9468,1.0430,10.0293,NA,NA,NA,NA,NA,NA,NA,NA,NA,NA,NA,NA
256.834,1.7565,4.9044,1.0411,9.8219,NA,NA,NA,NA,NA,NA,NA,NA,NA,NA,NA,NA
256.919,1.7565,4.9044,1.0407,9.7851,NA,NA,NA,NA,NA,NA,NA,NA,NA,NA,NA,NA
257.013,1.7529,4.6850,1.0404,9.7544,NA,NA,NA,NA,NA,NA,NA,NA,NA,NA,NA,NA
257.111,1.7516,4.6081,1.0404,9.7544,NA,NA,NA,NA,NA,NA,NA,NA,NA,NA,NA,NA
257.209,1.7508,4.5618,1.0392,9.6248,NA,NA,NA,NA,NA,NA,NA,NA,NA,NA,NA,NA
257.355,1.7508,4.5618,1.0391,9.6158,NA,NA,NA,NA,NA,NA,NA,NA,NA,NA,NA,NA
257.407,1.7507,4.5565,1.0391,9.6158,NA,NA,NA,NA,NA,NA,NA,NA,NA,NA,NA,NA
257.511,1.7507,4.5566,1.0390,9.5996,NA,NA,NA,NA,NA,NA,NA,NA,NA,NA,NA,NA
257.600,1.7510,4.5708,1.0383,9.5322,NA,NA,NA,NA,NA,NA,NA,NA,NA,NA,NA,NA
257.702,1.7510,4.5708,1.0383,9.5322,NA,NA,NA,NA,NA,NA,NA,NA,NA,NA,NA,NA
257.803,1.7499,4.5075,1.0368,9.3683,NA,NA,NA,NA,NA,NA,NA,NA,NA,NA,NA,NA
257.894,1.7468,4.3250,1.0365,9.3355,NA,NA,NA,NA,NA,NA,NA,NA,NA,NA,NA,NA
258.033,1.7468,4.3250,1.0365,9.3355,NA,NA,NA,NA,NA,NA,NA,NA,NA,NA,NA,NA
258.101,1.7452,4.2243,1.0357,9.2562,NA,NA,NA,NA,NA,NA,NA,NA,NA,NA,NA,NA
258.192,1.7466,4.3090,1.0355,9.2323,NA,NA,NA,NA,NA,NA,NA,NA,NA,NA,NA,NA
258.290,1.7466,4.3090,1.0344,9.1211,NA,NA,NA,NA,NA,NA,NA,NA,NA,NA,NA,NA
258.398,1.7454,4.2382,1.0323,8.8993,NA,NA,NA,NA,NA,NA,NA,NA,NA,NA,NA,NA
258.482,1.7454,4.2382,1.0314,8.7992,NA,NA,NA,NA,NA,NA,NA,NA,NA,NA,NA,NA
258.582,1.7435,4.1256,1.0318,8.8466,NA,NA,NA,NA,NA,NA,NA,NA,NA,NA,NA,NA
258.680,1.7422,4.0479,1.0318,8.8466,NA,NA,NA,NA,NA,NA,NA,NA,NA,NA,NA,NA
258.786,1.7408,3.9644,1.0312,8.7753,NA,NA,NA,NA,NA,NA,NA,NA,NA,NA,NA,NA
258.877,1.7413,3.9932,1.0312,8.7753,NA,NA,NA,NA,NA,NA,NA,NA,NA,NA,NA,NA
258.971,1.7413,3.9932,1.0308,8.7367,NA,NA,NA,NA,NA,NA,NA,NA,NA,NA,NA,NA
259.071,1.7398,3.9052,1.0304,8.7002,NA,NA,NA,NA,NA,NA,NA,NA,NA,NA,NA,NA
259.170,1.7398,3.9052,1.0302,8.6787,NA,NA,NA,NA,NA,NA,NA,NA,NA,NA,NA,NA
259.269,1.7392,3.8714,1.0300,8.6562,NA,NA,NA,NA,NA,NA,NA,NA,NA,NA,NA,NA
259.363,1.7361,3.6864,1.0289,8.5376,NA,NA,NA,NA,NA,NA,NA,NA,NA,NA,NA,NA
259.471,1.7342,3.5705,1.0289,8.5422,NA,NA,NA,NA,NA,NA,NA,NA,NA,NA,NA,NA
259.558,1.7330,3.4960,1.0289,8.5422,NA,NA,NA,NA,NA,NA,NA,NA,NA,NA,NA,NA
259.660,1.7330,3.4960,1.0280,8.4394,NA,NA,NA,NA,NA,NA,NA,NA,NA,NA,NA,NA
259.815,1.7338,3.5445,1.0273,8.3735,NA,NA,NA,NA,NA,NA,NA,NA,NA,NA,NA,NA
259.863,1.7338,3.5445,1.0268,8.3131,NA,NA,NA,NA,NA,NA,NA,NA,NA,NA,NA,NA
259.951,1.7309,3.3762,1.0259,8.2193,NA,NA,NA,NA,NA,NA,NA,NA,NA,NA,NA,NA
260.051,1.7290,3.2583,1.0254,8.1674,NA,NA,NA,NA,NA,NA,NA,NA,NA,NA,NA,NA
260.149,1.7276,3.1747,1.0251,8.1392,NA,NA,NA,NA,NA,NA,NA,NA,NA,NA,NA,NA
260.251,1.7270,3.1388,1.0248,8.1043,NA,NA,NA,NA,NA,NA,NA,NA,NA,NA,NA,NA
260.347,1.7278,3.1902,1.0240,8.0255,NA,NA,NA,NA,NA,NA,NA,NA,NA,NA,NA,NA
260.441,1.7290,3.2592,1.0240,8.0232,NA,NA,NA,NA,NA,NA,NA,NA,NA,NA,NA,NA
260.542,1.7290,3.2592,1.0240,8.0159,NA,NA,NA,NA,NA,NA,NA,NA,NA,NA,NA,NA
260.641,1.7285,3.2290,1.0236,7.9814,NA,NA,NA,NA,NA,NA,NA,NA,NA,NA,NA,NA
260.736,1.7285,3.2290,1.0236,7.9814,NA,NA,NA,NA,NA,NA,NA,NA,NA,NA,NA,NA
260.836,1.7254,3.0432,1.0229,7.9048,NA,NA,NA,NA,NA,NA,NA,NA,NA,NA,NA,NA
261.012,1.7226,2.8765,1.0221,7.8228,NA,NA,NA,NA,NA,NA,NA,NA,NA,NA,NA,NA
261.038,1.7206,2.7595,1.0217,7.7776,NA,NA,NA,NA,NA,NA,NA,NA,NA,NA,NA,NA
261.129,1.7224,2.8681,1.0215,7.7516,NA,NA,NA,NA,NA,NA,NA,NA,NA,NA,NA,NA
261.231,1.7224,2.8681,1.0205,7.6537,NA,NA,NA,NA,NA,NA,NA,NA,NA,NA,NA,NA
261.331,1.7241,2.9671,1.0205,7.6537,NA,NA,NA,NA,NA,NA,NA,NA,NA,NA,NA,NA
261.421,1.7241,2.9671,1.0196,7.5570,NA,NA,NA,NA,NA,NA,NA,NA,NA,NA,NA,NA
261.530,1.7219,2.8361,1.0196,7.5576,NA,NA,NA,NA,NA,NA,NA,NA,NA,NA,NA,NA
261.618,1.7219,2.8361,1.0196,7.5576,NA,NA,NA,NA,NA,NA,NA,NA,NA,NA,NA,NA
261.713,1.7191,2.6689,1.0189,7.4821,NA,NA,NA,NA,NA,NA,NA,NA,NA,NA,NA,NA
261.812,1.7185,2.6314,1.0189,7.4794,NA,NA,NA,NA,NA,NA,NA,NA,NA,NA,NA,NA
261.907,1.7184,2.6277,1.0188,7.4735,NA,NA,NA,NA,NA,NA,NA,NA,NA,NA,NA,NA
262.020,1.7184,2.6277,1.0188,7.4735,NA,NA,NA,NA,NA,NA,NA,NA,NA,NA,NA,NA
262.145,1.7164,2.5073,1.0182,7.4046,NA,NA,NA,NA,NA,NA,NA,NA,NA,NA,NA,NA
262.209,1.7164,2.5050,1.0182,7.4046,NA,NA,NA,NA,NA,NA,NA,NA,NA,NA,NA,NA
262.302,1.7164,2.5050,1.0178,7.3691,NA,NA,NA,NA,NA,NA,NA,NA,NA,NA,NA,NA
262.403,1.7130,2.3025,1.0167,7.2463,NA,NA,NA,NA,NA,NA,NA,NA,NA,NA,NA,NA
262.497,1.7153,2.4387,1.0167,7.2463,NA,NA,NA,NA,NA,NA,NA,NA,NA,NA,NA,NA
262.597,1.7153,2.4387,1.0157,7.1476,NA,NA,NA,NA,NA,NA,NA,NA,NA,NA,NA,NA
262.731,1.7127,2.2868,1.0158,7.1567,NA,NA,NA,NA,NA,NA,NA,NA,NA,NA,NA,NA
262.800,1.7031,1.7110,1.0158,7.1567,NA,NA,NA,NA,NA,NA,NA,NA,NA,NA,NA,NA
262.893,1.7049,1.8186,1.0154,7.1152,NA,NA,NA,NA,NA,NA,NA,NA,NA,NA,NA,NA
262.997,1.7052,1.8391,1.0147,7.0423,NA,NA,NA,NA,NA,NA,NA,NA,NA,NA,NA,NA
263.082,1.7106,2.1613,1.0147,7.0360,NA,NA,NA,NA,NA,NA,NA,NA,NA,NA,NA,NA
263.185,1.7106,2.1613,1.0145,7.0142,NA,NA,NA,NA,NA,NA,NA,NA,NA,NA,NA,NA
263.338,1.7118,2.2301,1.0143,6.9996,NA,NA,NA,NA,NA,NA,NA,NA,NA,NA,NA,NA
263.386,1.7118,2.2301,1.0137,6.9315,NA,NA,NA,NA,NA,NA,NA,NA,NA,NA,NA,NA
263.481,1.7134,2.3283,1.0127,6.8294,NA,NA,NA,NA,NA,NA,NA,NA,NA,NA,NA,NA
263.579,1.7134,2.3283,1.0123,6.7866,NA,NA,NA,NA,NA,NA,NA,NA,NA,NA,NA,NA
263.679,1.7062,1.9004,1.0123,6.7866,NA,NA,NA,NA,NA,NA,NA,NA,NA,NA,NA,NA
263.776,1.7020,1.6460,1.0121,6.7615,NA,NA,NA,NA,NA,NA,NA,NA,NA,NA,NA,NA
263.870,1.7015,1.6157,1.0103,6.5768,NA,NA,NA,NA,NA,NA,NA,NA,NA,NA,NA,NA
263.980,1.7012,1.5970,1.0092,6.4542,NA,NA,NA,NA,NA,NA,NA,NA,NA,NA,NA,NA
264.065,1.7012,1.5970,1.0083,6.3604,NA,NA,NA,NA,NA,NA,NA,NA,NA,NA,NA,NA
264.161,1.6998,1.5158,1.0085,6.3905,NA,NA,NA,NA,NA,NA,NA,NA,NA,NA,NA,NA
264.257,1.6998,1.5158,1.0085,6.3905,NA,NA,NA,NA,NA,NA,NA,NA,NA,NA,NA,NA
264.362,1.7000,1.5264,1.0076,6.2948,NA,NA,NA,NA,NA,NA,NA,NA,NA,NA,NA,NA
264.456,1.7000,1.5264,1.0074,6.2651,NA,NA,NA,NA,NA,NA,NA,NA,NA,NA,NA,NA
264.611,1.6987,1.4531,1.0072,6.2516,NA,NA,NA,NA,NA,NA,NA,NA,NA,NA,NA,NA
264.651,1.6971,1.3563,1.0067,6.1910,NA,NA,NA,NA,NA,NA,NA,NA,NA,NA,NA,NA
264.750,1.6971,1.3563,1.0062,6.1393,NA,NA,NA,NA,NA,NA,NA,NA,NA,NA,NA,NA
264.850,1.6980,1.4055,1.0059,6.1076,NA,NA,NA,NA,NA,NA,NA,NA,NA,NA,NA,NA
264.959,1.6980,1.4055,1.0059,6.1076,NA,NA,NA,NA,NA,NA,NA,NA,NA,NA,NA,NA
265.044,1.6965,1.3184,1.0041,5.9214,NA,NA,NA,NA,NA,NA,NA,NA,NA,NA,NA,NA
265.136,1.6965,1.3184,1.0044,5.9509,NA,NA,NA,NA,NA,NA,NA,NA,NA,NA,NA,NA
265.237,1.6949,1.2231,1.0044,5.9565,NA,NA,NA,NA,NA,NA,NA,NA,NA,NA,NA,NA
265.339,1.6943,1.1896,1.0044,5.9565,NA,NA,NA,NA,NA,NA,NA,NA,NA,NA,NA,NA
265.436,1.6943,1.1896,1.0039,5.9044,NA,NA,NA,NA,NA,NA,NA,NA,NA,NA,NA,NA
265.536,1.6917,1.0321,1.0037,5.8771,NA,NA,NA,NA,NA,NA,NA,NA,NA,NA,NA,NA
265.634,1.6917,1.0321,1.0027,5.7775,NA,NA,NA,NA,NA,NA,NA,NA,NA,NA,NA,NA
265.769,1.6935,1.1425,1.0026,5.7641,NA,NA,NA,NA,NA,NA,NA,NA,NA,NA,NA,NA
265.823,1.6935,1.1425,1.0024,5.7461,NA,NA,NA,NA,NA,NA,NA,NA,NA,NA,NA,NA
265.922,1.6902,0.9435,1.0020,5.6948,NA,NA,NA,NA,NA,NA,NA,NA,NA,NA,NA,NA
266.027,1.6888,0.8615,1.0020,5.6948,NA,NA,NA,NA,NA,NA,NA,NA,NA,NA,NA,NA
266.122,1.6888,0.8615,1.0019,5.6901,NA,NA,NA,NA,NA,NA,NA,NA,NA,NA,NA,NA
266.214,1.6881,0.8183,1.0013,5.6295,NA,NA,NA,NA,NA,NA,NA,NA,NA,NA,NA,NA
266.324,1.6882,0.8229,1.0008,5.5686,NA,NA,NA,NA,NA,NA,NA,NA,NA,NA,NA,NA
266.427,1.6897,0.9125,1.0008,5.5686,NA,NA,NA,NA,NA,NA,NA,NA,NA,NA,NA,NA
266.515,1.6897,0.9125,1.0005,5.5414,NA,NA,NA,NA,NA,NA,NA,NA,NA,NA,NA,NA
266.609,1.6864,0.7180,0.9997,5.4599,NA,NA,NA,NA,NA,NA,NA,NA,NA,NA,NA,NA
266.714,1.6869,0.7461,0.9981,5.2837,NA,NA,NA,NA,NA,NA,NA,NA,NA,NA,NA,NA
266.805,1.6869,0.7461,0.9979,5.2664,NA,NA,NA,NA,NA,NA,NA,NA,NA,NA,NA,NA
266.911,1.6863,0.7100,0.9981,5.2857,NA,NA,NA,NA,NA,NA,NA,NA,NA,NA,NA,NA
267.003,1.6841,0.5794,0.9981,5.2877,NA,NA,NA,NA,NA,NA,NA,NA,NA,NA,NA,NA
267.100,1.6841,0.5794,0.9985,5.3311,NA,NA,NA,NA,NA,NA,NA,NA,NA,NA,NA,NA
267.210,1.6837,0.5559,0.9986,5.3358,NA,NA,NA,NA,NA,NA,NA,NA,NA,NA,NA,NA
267.306,1.6824,0.4792,0.9986,5.3358,NA,NA,NA,NA,NA,NA,NA,NA,NA,NA,NA,NA
267.391,1.6817,0.4350,0.9984,5.3176,NA,NA,NA,NA,NA,NA,NA,NA,NA,NA,NA,NA
267.486,1.6817,0.4350,0.9983,5.3145,NA,NA,NA,NA,NA,NA,NA,NA,NA,NA,NA,NA
267.621,1.6786,0.2487,0.9983,5.3145,NA,NA,NA,NA,NA,NA,NA,NA,NA,NA,NA,NA
267.690,1.6782,0.2229,0.9982,5.2986,NA,NA,NA,NA,NA,NA,NA,NA,NA,NA,NA,NA
267.780,1.6789,0.2698,0.9977,5.2437,NA,NA,NA,NA,NA,NA,NA,NA,NA,NA,NA,NA
267.890,1.6789,0.2698,0.9973,5.2068,NA,NA,NA,NA,NA,NA,NA,NA,NA,NA,NA,NA
267.983,1.6777,0.1943,0.9970,5.1693,NA,NA,NA,NA,NA,NA,NA,NA,NA,NA,NA,NA
268.076,1.6772,0.1690,0.9968,5.1495,NA,NA,NA,NA,NA,NA,NA,NA,NA,NA,NA,NA
268.213,1.6772,0.1690,0.9953,4.9963,NA,NA,NA,NA,NA,NA,NA,NA,NA,NA,NA,NA
268.270,1.6756,0.0711,0.9956,5.0236,NA,NA,NA,NA,NA,NA,NA,NA,NA,NA,NA,NA
268.367,1.6756,0.0711,0.9956,5.0236,NA,NA,NA,NA,NA,NA,NA,NA,NA,NA,NA,NA
268.475,1.6743,-0.0066,0.9946,4.9165,NA,NA,NA,NA,NA,NA,NA,NA,NA,NA,NA,NA
268.570,1.6739,-0.0288,0.9946,4.9165,NA,NA,NA,NA,NA,NA,NA,NA,NA,NA,NA,NA
268.668,1.6734,-0.0592,0.9939,4.8448,NA,NA,NA,NA,NA,NA,NA,NA,NA,NA,NA,NA
268.771,1.6740,-0.0228,0.9939,4.8448,NA,NA,NA,NA,NA,NA,NA,NA,NA,NA,NA,NA
268.864,1.6740,-0.0228,0.9936,4.8176,NA,NA,NA,NA,NA,NA,NA,NA,NA,NA,NA,NA
268.960,1.6733,-0.0639,0.9936,4.8176,NA,NA,NA,NA,NA,NA,NA,NA,NA,NA,NA,NA
269.046,1.6702,-0.2517,0.9931,4.7623,NA,NA,NA,NA,NA,NA,NA,NA,NA,NA,NA,NA
269.146,1.6702,-0.2517,0.9930,4.7554,NA,NA,NA,NA,NA,NA,NA,NA,NA,NA,NA,NA
269.258,1.6681,-0.3786,0.9933,4.7840,NA,NA,NA,NA,NA,NA,NA,NA,NA,NA,NA,NA
269.402,1.6686,-0.3485,0.9934,4.7874,NA,NA,NA,NA,NA,NA,NA,NA,NA,NA,NA,NA
269.445,1.6701,-0.2567,0.9934,4.7874,NA,NA,NA,NA,NA,NA,NA,NA,NA,NA,NA,NA
269.543,1.6705,-0.2345,0.9933,4.7813,NA,NA,NA,NA,NA,NA,NA,NA,NA,NA,NA,NA
269.654,1.6705,-0.2345,0.9931,4.7633,NA,NA,NA,NA,NA,NA,NA,NA,NA,NA,NA,NA
269.738,1.6677,-0.3991,0.9931,4.7633,NA,NA,NA,NA,NA,NA,NA,NA,NA,NA,NA,NA
269.844,1.6677,-0.3991,0.9926,4.7084,NA,NA,NA,NA,NA,NA,NA,NA,NA,NA,NA,NA
269.945,1.6677,-0.4038,0.9925,4.6991,NA,NA,NA,NA,NA,NA,NA,NA,NA,NA,NA,NA
270.038,1.6649,-0.5712,0.9921,4.6585,NA,NA,NA,NA,NA,NA,NA,NA,NA,NA,NA,NA
270.138,1.6661,-0.4981,0.9919,4.6304,NA,NA,NA,NA,NA,NA,NA,NA,NA,NA,NA,NA
270.237,1.6661,-0.4981,0.9911,4.5448,NA,NA,NA,NA,NA,NA,NA,NA,NA,NA,NA,NA
270.326,1.6636,-0.6445,0.9907,4.5092,NA,NA,NA,NA,NA,NA,NA,NA,NA,NA,NA,NA
270.422,1.6647,-0.5818,0.9908,4.5178,NA,NA,NA,NA,NA,NA,NA,NA,NA,NA,NA,NA
270.553,1.6692,-0.3095,0.9908,4.5178,NA,NA,NA,NA,NA,NA,NA,NA,NA,NA,NA,NA
270.631,1.6692,-0.3095,0.9907,4.5036,NA,NA,NA,NA,NA,NA,NA,NA,NA,NA,NA,NA
270.718,1.6646,-0.5866,0.9907,4.5036,NA,NA,NA,NA,NA,NA,NA,NA,NA,NA,NA,NA
270.825,1.6578,-0.9922,0.9903,4.4698,NA,NA,NA,NA,NA,NA,NA,NA,NA,NA,NA,NA
270.912,1.6574,-1.0183,0.9897,4.4051,NA,NA,NA,NA,NA,NA,NA,NA,NA,NA,NA,NA
271.011,1.6569,-1.0460,0.9894,4.3713,NA,NA,NA,NA,NA,NA,NA,NA,NA,NA,NA,NA
271.115,1.6569,-1.0460,0.9893,4.3638,NA,NA,NA,NA,NA,NA,NA,NA,NA,NA,NA,NA
271.234,1.6580,-0.9792,0.9893,4.3578,NA,NA,NA,NA,NA,NA,NA,NA,NA,NA,NA,NA
271.315,1.6587,-0.9404,0.9892,4.3454,NA,NA,NA,NA,NA,NA,NA,NA,NA,NA,NA,NA
271.401,1.6587,-0.9404,0.9890,4.3336,NA,NA,NA,NA,NA,NA,NA,NA,NA,NA,NA,NA
271.507,1.6581,-0.9751,0.9887,4.3005,NA,NA,NA,NA,NA,NA,NA,NA,NA,NA,NA,NA
271.592,1.6584,-0.9575,0.9879,4.2118,NA,NA,NA,NA,NA,NA,NA,NA,NA,NA,NA,NA
271.750,1.6584,-0.9575,0.9878,4.2040,NA,NA,NA,NA,NA,NA,NA,NA,NA,NA,NA,NA
271.797,1.6489,-1.5213,0.9873,4.1536,NA,NA,NA,NA,NA,NA,NA,NA,NA,NA,NA,NA
271.902,1.6473,-1.6206,0.9876,4.1852,NA,NA,NA,NA,NA,NA,NA,NA,NA,NA,NA,NA
272.009,1.6474,-1.6117,0.9876,4.1852,NA,NA,NA,NA,NA,NA,NA,NA,NA,NA,NA,NA
272.097,1.6474,-1.6117,0.9873,4.1471,NA,NA,NA,NA,NA,NA,NA,NA,NA,NA,NA,NA
272.190,1.6502,-1.4489,0.9855,3.9621,NA,NA,NA,NA,NA,NA,NA,NA,NA,NA,NA,NA
272.338,1.6502,-1.4489,0.9845,3.8511,NA,NA,NA,NA,NA,NA,NA,NA,NA,NA,NA,NA
272.393,1.6501,-1.4544,0.9834,3.7324,NA,NA,NA,NA,NA,NA,NA,NA,NA,NA,NA,NA
272.507,1.6501,-1.4544,0.9826,3.6564,NA,NA,NA,NA,NA,NA,NA,NA,NA,NA,NA,NA
272.583,1.6491,-1.5133,0.9817,3.5539,NA,NA,NA,NA,NA,NA,NA,NA,NA,NA,NA,NA
272.681,1.6583,-0.9613,0.9836,3.7621,NA,NA,NA,NA,NA,NA,NA,NA,NA,NA,NA,NA
272.781,1.6809,0.3900,0.9883,4.2572,NA,NA,NA,NA,NA,NA,NA,NA,NA,NA,NA,NA
272.930,1.7255,3.0504,0.9994,5.4269,NA,NA,NA,NA,NA,NA,NA,NA,NA,NA,NA,NA
272.971,1.7380,3.7982,1.0082,6.3503,NA,NA,NA,NA,NA,NA,NA,NA,NA,NA,NA,NA
273.074,1.7570,4.9306,1.0169,7.2754,NA,NA,NA,NA,NA,NA,NA,NA,NA,NA,NA,NA
273.172,1.7686,5.6225,1.0216,7.7682,NA,NA,NA,NA,NA,NA,NA,NA,NA,NA,NA,NA
273.266,1.7745,5.9777,1.0246,8.0858,NA,NA,NA,NA,NA,NA,NA,NA,NA,NA,NA,NA
273.377,1.7779,6.1783,1.0266,8.2994,NA,NA,NA,NA,NA,NA,NA,NA,NA,NA,NA,NA
273.471,1.7813,6.3827,1.0268,8.3153,NA,NA,NA,NA,NA,NA,NA,NA,NA,NA,NA,NA
273.586,1.7813,6.3827,1.0268,8.3153,NA,NA,NA,NA,NA,NA,NA,NA,NA,NA,NA,NA
273.661,1.7789,6.2376,1.0267,8.3025,NA,NA,NA,NA,NA,NA,NA,NA,NA,NA,NA,NA
273.787,1.7745,5.9770,1.0236,7.9736,NA,NA,NA,NA,NA,NA,NA,NA,NA,NA,NA,NA
273.866,1.7640,5.3472,1.0211,7.7179,NA,NA,NA,NA,NA,NA,NA,NA,NA,NA,NA,NA
273.956,1.7568,4.9181,1.0188,7.4722,NA,NA,NA,NA,NA,NA,NA,NA,NA,NA,NA,NA
274.051,1.7472,4.3493,1.0162,7.1977,NA,NA,NA,NA,NA,NA,NA,NA,NA,NA,NA,NA
274.157,1.7320,3.4372,1.0130,6.8631,NA,NA,NA,NA,NA,NA,NA,NA,NA,NA,NA,NA
274.244,1.7305,3.3500,1.0107,6.6195,NA,NA,NA,NA,NA,NA,NA,NA,NA,NA,NA,NA
274.352,1.7195,2.6907,1.0089,6.4253,NA,NA,NA,NA,NA,NA,NA,NA,NA,NA,NA,NA
274.444,1.7163,2.5025,1.0076,6.2864,NA,NA,NA,NA,NA,NA,NA,NA,NA,NA,NA,NA
274.541,1.7110,2.1842,1.0058,6.0957,NA,NA,NA,NA,NA,NA,NA,NA,NA,NA,NA,NA
274.649,1.7055,1.8535,1.0042,5.9348,NA,NA,NA,NA,NA,NA,NA,NA,NA,NA,NA,NA
274.772,1.7025,1.6766,1.0031,5.8198,NA,NA,NA,NA,NA,NA,NA,NA,NA,NA,NA,NA
274.841,1.6996,1.5033,1.0025,5.7474,NA,NA,NA,NA,NA,NA,NA,NA,NA,NA,NA,NA
274.931,1.6992,1.4825,1.0010,5.5926,NA,NA,NA,NA,NA,NA,NA,NA,NA,NA,NA,NA
275.027,1.6971,1.3562,0.9987,5.3557,NA,NA,NA,NA,NA,NA,NA,NA,NA,NA,NA,NA
275.121,1.6920,1.0493,0.9977,5.2497,NA,NA,NA,NA,NA,NA,NA,NA,NA,NA,NA,NA
275.221,1.6910,0.9886,0.9960,5.0679,NA,NA,NA,NA,NA,NA,NA,NA,NA,NA,NA,NA
275.338,1.6879,0.8073,0.9954,5.0070,NA,NA,NA,NA,NA,NA,NA,NA,NA,NA,NA,NA
275.418,1.6879,0.8073,0.9941,4.8715,NA,NA,NA,NA,NA,NA,NA,NA,NA,NA,NA,NA
275.515,1.6848,0.6181,0.9929,4.7395,NA,NA,NA,NA,NA,NA,NA,NA,NA,NA,NA,NA
275.615,1.6779,0.2070,0.9928,4.7263,NA,NA,NA,NA,NA,NA,NA,NA,NA,NA,NA,NA
275.712,1.6771,0.1593,0.9921,4.6511,NA,NA,NA,NA,NA,NA,NA,NA,NA,NA,NA,NA
275.822,1.6753,0.0555,0.9910,4.5407,NA,NA,NA,NA,NA,NA,NA,NA,NA,NA,NA,NA
275.909,1.6751,0.0415,0.9892,4.3487,NA,NA,NA,NA,NA,NA,NA,NA,NA,NA,NA,NA
276.008,1.6758,0.0833,0.9883,4.2515,NA,NA,NA,NA,NA,NA,NA,NA,NA,NA,NA,NA
276.102,1.6758,0.0833,0.9876,4.1795,NA,NA,NA,NA,NA,NA,NA,NA,NA,NA,NA,NA
276.210,1.6749,0.0295,0.9872,4.1352,NA,NA,NA,NA,NA,NA,NA,NA,NA,NA,NA,NA
276.301,1.6886,0.8461,0.9896,4.3948,NA,NA,NA,NA,NA,NA,NA,NA,NA,NA,NA,NA
276.402,1.7098,2.1121,1.0014,5.6318,NA,NA,NA,NA,NA,NA,NA,NA,NA,NA,NA,NA
276.527,1.7482,4.4064,1.0113,6.6762,NA,NA,NA,NA,NA,NA,NA,NA,NA,NA,NA,NA
276.601,1.7658,5.4583,1.0206,7.6601,NA,NA,NA,NA,NA,NA,NA,NA,NA,NA,NA,NA
276.694,1.7973,7.3415,1.0289,8.5425,NA,NA,NA,NA,NA,NA,NA,NA,NA,NA,NA,NA
276.787,1.8134,8.2995,1.0346,9.1433,NA,NA,NA,NA,NA,NA,NA,NA,NA,NA,NA,NA
276.896,1.8348,9.5756,1.0470,10.4417,NA,NA,NA,NA,NA,NA,NA,NA,NA,NA,NA,NA
276.983,1.8432,10.0775,1.0545,11.2391,NA,NA,NA,NA,NA,NA,NA,NA,NA,NA,NA,NA
277.081,1.8499,10.4788,1.0635,12.1843,NA,NA,NA,NA,NA,NA,NA,NA,NA,NA,NA,NA
277.185,1.8654,11.4029,1.0704,12.9119,NA,NA,NA,NA,NA,NA,NA,NA,NA,NA,NA,NA
277.279,1.8780,12.1607,1.0780,13.7178,NA,NA,NA,NA,NA,NA,NA,NA,NA,NA,NA,NA
277.375,1.8978,13.3421,1.0840,14.3457,NA,NA,NA,NA,NA,NA,NA,NA,NA,NA,NA,NA
277.479,1.9050,13.7712,1.0930,15.2943,NA,NA,NA,NA,NA,NA,NA,NA,NA,NA,NA,NA
277.573,1.9345,15.5329,1.1026,16.3155,NA,NA,NA,NA,NA,NA,NA,NA,NA,NA,NA,NA
277.668,1.9414,15.9457,1.1069,16.7669,NA,NA,NA,NA,NA,NA,NA,NA,NA,NA,NA,NA
277.825,1.9445,16.1297,1.1104,17.1347,NA,NA,NA,NA,NA,NA,NA,NA,NA,NA,NA,NA
277.872,1.9445,16.1297,1.1115,17.2527,NA,NA,NA,NA,NA,NA,NA,NA,NA,NA,NA,NA
277.972,1.9403,15.8781,1.1115,17.2527,NA,NA,NA,NA,NA,NA,NA,NA,NA,NA,NA,NA
278.065,1.9362,15.6349,1.1103,17.1282,NA,NA,NA,NA,NA,NA,NA,NA,NA,NA,NA,NA
278.161,1.9322,15.3933,1.1092,17.0038,NA,NA,NA,NA,NA,NA,NA,NA,NA,NA,NA,NA
278.256,1.9198,14.6532,1.1076,16.8357,NA,NA,NA,NA,NA,NA,NA,NA,NA,NA,NA,NA
278.361,1.9135,14.2807,1.1039,16.4441,NA,NA,NA,NA,NA,NA,NA,NA,NA,NA,NA,NA
278.452,1.8967,13.2777,1.1013,16.1724,NA,NA,NA,NA,NA,NA,NA,NA,NA,NA,NA,NA
278.551,1.8854,12.6021,1.0994,15.9759,NA,NA,NA,NA,NA,NA,NA,NA,NA,NA,NA,NA
278.652,1.8665,11.4733,1.0957,15.5848,NA,NA,NA,NA,NA,NA,NA,NA,NA,NA,NA,NA
278.756,1.8586,10.9984,1.0918,15.1677,NA,NA,NA,NA,NA,NA,NA,NA,NA,NA,NA,NA
278.850,1.8461,10.2548,1.0894,14.9203,NA,NA,NA,NA,NA,NA,NA,NA,NA,NA,NA,NA
278.995,1.8408,9.9391,1.0872,14.6912,NA,NA,NA,NA,NA,NA,NA,NA,NA,NA,NA,NA
279.062,1.8354,9.6116,1.0842,14.3755,NA,NA,NA,NA,NA,NA,NA,NA,NA,NA,NA,NA
279.144,1.8315,9.3813,1.0825,14.1942,NA,NA,NA,NA,NA,NA,NA,NA,NA,NA,NA,NA
279.236,1.8314,9.3726,1.0804,13.9675,NA,NA,NA,NA,NA,NA,NA,NA,NA,NA,NA,NA
279.334,1.8222,8.8278,1.0788,13.8029,NA,NA,NA,NA,NA,NA,NA,NA,NA,NA,NA,NA
279.438,1.8222,8.8229,1.0780,13.7150,NA,NA,NA,NA,NA,NA,NA,NA,NA,NA,NA,NA
279.546,1.8197,8.6770,1.0751,13.4111,NA,NA,NA,NA,NA,NA,NA,NA,NA,NA,NA,NA
279.629,1.8180,8.5749,1.0735,13.2413,NA,NA,NA,NA,NA,NA,NA,NA,NA,NA,NA,NA
279.727,1.8172,8.5248,1.0719,13.0751,NA,NA,NA,NA,NA,NA,NA,NA,NA,NA,NA,NA
279.826,1.8179,8.5664,1.0710,12.9760,NA,NA,NA,NA,NA,NA,NA,NA,NA,NA,NA,NA
279.930,1.8179,8.5664,1.0703,12.9089,NA,NA,NA,NA,NA,NA,NA,NA,NA,NA,NA,NA
280.021,1.8159,8.4472,1.0700,12.8767,NA,NA,NA,NA,NA,NA,NA,NA,NA,NA,NA,NA
280.124,1.8159,8.4472,1.0696,12.8272,NA,NA,NA,NA,NA,NA,NA,NA,NA,NA,NA,NA
280.222,1.8150,8.3958,1.0691,12.7755,NA,NA,NA,NA,NA,NA,NA,NA,NA,NA,NA,NA
280.316,1.8098,8.0859,1.0685,12.7136,NA,NA,NA,NA,NA,NA,NA,NA,NA,NA,NA,NA
280.413,1.8101,8.1031,1.0681,12.6719,NA,NA,NA,NA,NA,NA,NA,NA,NA,NA,NA,NA
280.514,1.8101,8.1031,1.0677,12.6321,NA,NA,NA,NA,NA,NA,NA,NA,NA,NA,NA,NA
280.610,1.8098,8.0839,1.0670,12.5594,NA,NA,NA,NA,NA,NA,NA,NA,NA,NA,NA,NA
280.714,1.8105,8.1276,1.0670,12.5594,NA,NA,NA,NA,NA,NA,NA,NA,NA,NA,NA,NA
280.818,1.8105,8.1276,1.0666,12.5118,NA,NA,NA,NA,NA,NA,NA,NA,NA,NA,NA,NA
280.906,1.8076,7.9514,1.0642,12.2623,NA,NA,NA,NA,NA,NA,NA,NA,NA,NA,NA,NA
281.000,1.8024,7.6413,1.0639,12.2334,NA,NA,NA,NA,NA,NA,NA,NA,NA,NA,NA,NA
281.106,1.8005,7.5314,1.0638,12.2150,NA,NA,NA,NA,NA,NA,NA,NA,NA,NA,NA,NA
281.194,1.8028,7.6663,1.0632,12.1593,NA,NA,NA,NA,NA,NA,NA,NA,NA,NA,NA,NA
281.298,1.8028,7.6663,1.0628,12.1094,NA,NA,NA,NA,NA,NA,NA,NA,NA,NA,NA,NA
281.406,1.7988,7.4310,1.0631,12.1397,NA,NA,NA,NA,NA,NA,NA,NA,NA,NA,NA,NA
281.489,1.7960,7.2614,1.0631,12.1397,NA,NA,NA,NA,NA,NA,NA,NA,NA,NA,NA,NA
281.589,1.7957,7.2422,1.0620,12.0279,NA,NA,NA,NA,NA,NA,NA,NA,NA,NA,NA,NA
281.684,1.7952,7.2115,1.0616,11.9877,NA,NA,NA,NA,NA,NA,NA,NA,NA,NA,NA,NA
281.781,1.7941,7.1482,1.0615,11.9797,NA,NA,NA,NA,NA,NA,NA,NA,NA,NA,NA,NA
281.879,1.7938,7.1324,1.0604,11.8626,NA,NA,NA,NA,NA,NA,NA,NA,NA,NA,NA,NA
282.015,1.7938,7.1296,1.0603,11.8493,NA,NA,NA,NA,NA,NA,NA,NA,NA,NA,NA,NA
282.089,1.7923,7.0411,1.0603,11.8488,NA,NA,NA,NA,NA,NA,NA,NA,NA,NA,NA,NA
282.178,1.7909,6.9575,1.0588,11.6899,NA,NA,NA,NA,NA,NA,NA,NA,NA,NA,NA,NA
282.272,1.7878,6.7710,1.0582,11.6229,NA,NA,NA,NA,NA,NA,NA,NA,NA,NA,NA,NA
282.375,1.7878,6.7710,1.0559,11.3833,NA,NA,NA,NA,NA,NA,NA,NA,NA,NA,NA,NA
282.468,1.7831,6.4907,1.0561,11.4113,NA,NA,NA,NA,NA,NA,NA,NA,NA,NA,NA,NA
282.587,1.7814,6.3903,1.0561,11.4113,NA,NA,NA,NA,NA,NA,NA,NA,NA,NA,NA,NA
282.671,1.7814,6.3901,1.0558,11.3703,NA,NA,NA,NA,NA,NA,NA,NA,NA,NA,NA,NA
282.759,1.7794,6.2704,1.0550,11.2955,NA,NA,NA,NA,NA,NA,NA,NA,NA,NA,NA,NA
282.864,1.7793,6.2638,1.0546,11.2505,NA,NA,NA,NA,NA,NA,NA,NA,NA,NA,NA,NA
282.958,1.7771,6.1326,1.0547,11.2615,NA,NA,NA,NA,NA,NA,NA,NA,NA,NA,NA,NA
283.057,1.7771,6.1326,1.0547,11.2615,NA,NA,NA,NA,NA,NA,NA,NA,NA,NA,NA,NA
283.156,1.7754,6.0317,1.0539,11.1700,NA,NA,NA,NA,NA,NA,NA,NA,NA,NA,NA,NA
283.257,1.7757,6.0500,1.0526,11.0414,NA,NA,NA,NA,NA,NA,NA,NA,NA,NA,NA,NA
283.350,1.7757,6.0500,1.0521,10.9853,NA,NA,NA,NA,NA,NA,NA,NA,NA,NA,NA,NA
283.446,1.7757,6.0469,1.0521,10.9862,NA,NA,NA,NA,NA,NA,NA,NA,NA,NA,NA,NA
283.544,1.7755,6.0345,1.0521,10.9862,NA,NA,NA,NA,NA,NA,NA,NA,NA,NA,NA,NA
283.650,1.7722,5.8400,1.0513,10.8993,NA,NA,NA,NA,NA,NA,NA,NA,NA,NA,NA,NA
283.749,1.7714,5.7907,1.0506,10.8219,NA,NA,NA,NA,NA,NA,NA,NA,NA,NA,NA,NA
283.839,1.7694,5.6744,1.0502,10.7852,NA,NA,NA,NA,NA,NA,NA,NA,NA,NA,NA,NA
283.937,1.7694,5.6744,1.0499,10.7519,NA,NA,NA,NA,NA,NA,NA,NA,NA,NA,NA,NA
284.040,1.7662,5.4819,1.0498,10.7417,NA,NA,NA,NA,NA,NA,NA,NA,NA,NA,NA,NA
284.134,1.7634,5.3161,1.0498,10.7417,NA,NA,NA,NA,NA,NA,NA,NA,NA,NA,NA,NA
284.236,1.7602,5.1205,1.0493,10.6846,NA,NA,NA,NA,NA,NA,NA,NA,NA,NA,NA,NA
284.368,1.7602,5.1205,1.0492,10.6818,NA,NA,NA,NA,NA,NA,NA,NA,NA,NA,NA,NA
284.425,1.7588,5.0379,1.0491,10.6665,NA,NA,NA,NA,NA,NA,NA,NA,NA,NA,NA,NA
284.527,1.7622,5.2432,1.0489,10.6444,NA,NA,NA,NA,NA,NA,NA,NA,NA,NA,NA,NA
284.631,1.7622,5.2432,1.0483,10.5844,NA,NA,NA,NA,NA,NA,NA,NA,NA,NA,NA,NA
284.718,1.7596,5.0873,1.0483,10.5807,NA,NA,NA,NA,NA,NA,NA,NA,NA,NA,NA,NA
284.823,1.7596,5.0873,1.0483,10.5807,NA,NA,NA,NA,NA,NA,NA,NA,NA,NA,NA,NA
284.915,1.7560,4.8714,1.0473,10.4813,NA,NA,NA,NA,NA,NA,NA,NA,NA,NA,NA,NA
285.038,1.7575,4.9638,1.0467,10.4163,NA,NA,NA,NA,NA,NA,NA,NA,NA,NA,NA,NA
285.116,1.7575,4.9638,1.0463,10.3720,NA,NA,NA,NA,NA,NA,NA,NA,NA,NA,NA,NA
285.213,1.7554,4.8337,1.0459,10.3347,NA,NA,NA,NA,NA,NA,NA,NA,NA,NA,NA,NA
285.308,1.7538,4.7390,1.0459,10.3347,NA,NA,NA,NA,NA,NA,NA,NA,NA,NA,NA,NA
285.407,1.7496,4.4924,1.0447,10.2090,NA,NA,NA,NA,NA,NA,NA,NA,NA,NA,NA,NA
285.567,1.7496,4.4924,1.0447,10.2090,NA,NA,NA,NA,NA,NA,NA,NA,NA,NA,NA,NA
285.605,1.7492,4.4666,1.0430,10.0252,NA,NA,NA,NA,NA,NA,NA,NA,NA,NA,NA,NA
285.703,1.7492,4.4666,1.0430,10.0252,NA,NA,NA,NA,NA,NA,NA,NA,NA,NA,NA,NA
285.803,1.7467,4.3162,1.0430,10.0274,NA,NA,NA,NA,NA,NA,NA,NA,NA,NA,NA,NA
285.895,1.7464,4.2983,1.0430,10.0274,NA,NA,NA,NA,NA,NA,NA,NA,NA,NA,NA,NA
285.991,1.7464,4.2983,1.0407,9.7811,NA,NA,NA,NA,NA,NA,NA,NA,NA,NA,NA,NA
286.152,1.7457,4.2590,1.0402,9.7342,NA,NA,NA,NA,NA,NA,NA,NA,NA,NA,NA,NA
286.188,1.7453,4.2311,1.0397,9.6804,NA,NA,NA,NA,NA,NA,NA,NA,NA,NA,NA,NA
286.286,1.7446,4.1905,1.0403,9.7356,NA,NA,NA,NA,NA,NA,NA,NA,NA,NA,NA,NA
286.402,1.7424,4.0602,1.0403,9.7356,NA,NA,NA,NA,NA,NA,NA,NA,NA,NA,NA,NA
286.487,1.7408,3.9650,1.0400,9.7062,NA,NA,NA,NA,NA,NA,NA,NA,NA,NA,NA,NA
286.586,1.7408,3.9673,1.0390,9.6000,NA,NA,NA,NA,NA,NA,NA,NA,NA,NA,NA,NA
286.728,1.7408,3.9673,1.0390,9.6000,NA,NA,NA,NA,NA,NA,NA,NA,NA,NA,NA,NA
286.780,1.7412,3.9872,1.0358,9.2617,NA,NA,NA,NA,NA,NA,NA,NA,NA,NA,NA,NA
286.878,1.7412,3.9872,1.0357,9.2588,NA,NA,NA,NA,NA,NA,NA,NA,NA,NA,NA,NA
286.972,1.7389,3.8486,1.0338,9.0579,NA,NA,NA,NA,NA,NA,NA,NA,NA,NA,NA,NA
287.074,1.7379,3.7919,1.0342,9.0924,NA,NA,NA,NA,NA,NA,NA,NA,NA,NA,NA,NA
287.166,1.7357,3.6619,1.0343,9.1024,NA,NA,NA,NA,NA,NA,NA,NA,NA,NA,NA,NA
287.263,1.7330,3.4992,1.0343,9.1024,NA,NA,NA,NA,NA,NA,NA,NA,NA,NA,NA,NA
287.368,1.7330,3.4992,1.0342,9.0958,NA,NA,NA,NA,NA,NA,NA,NA,NA,NA,NA,NA
287.469,1.7325,3.4689,1.0342,9.0958,NA,NA,NA,NA,NA,NA,NA,NA,NA,NA,NA,NA
287.565,1.7325,3.4689,1.0336,9.0382,NA,NA,NA,NA,NA,NA,NA,NA,NA,NA,NA,NA
287.662,1.7325,3.4691,1.0334,9.0146,NA,NA,NA,NA,NA,NA,NA,NA,NA,NA,NA,NA
287.758,1.7325,3.4691,1.0325,8.9120,NA,NA,NA,NA,NA,NA,NA,NA,NA,NA,NA,NA
287.937,1.7296,3.2937,1.0315,8.8082,NA,NA,NA,NA,NA,NA,NA,NA,NA,NA,NA,NA
287.957,1.7290,3.2609,1.0315,8.8082,NA,NA,NA,NA,NA,NA,NA,NA,NA,NA,NA,NA
288.050,1.7290,3.2609,1.0310,8.7594,NA,NA,NA,NA,NA,NA,NA,NA,NA,NA,NA,NA
288.151,1.7248,3.0108,1.0299,8.6425,NA,NA,NA,NA,NA,NA,NA,NA,NA,NA,NA,NA
288.244,1.7248,3.0108,1.0298,8.6372,NA,NA,NA,NA,NA,NA,NA,NA,NA,NA,NA,NA
288.349,1.7263,3.1002,1.0291,8.5581,NA,NA,NA,NA,NA,NA,NA,NA,NA,NA,NA,NA
288.452,1.7263,3.1002,1.0292,8.5668,NA,NA,NA,NA,NA,NA,NA,NA,NA,NA,NA,NA
288.540,1.7214,2.8069,1.0292,8.5668,NA,NA,NA,NA,NA,NA,NA,NA,NA,NA,NA,NA
288.640,1.7204,2.7477,1.0288,8.5269,NA,NA,NA,NA,NA,NA,NA,NA,NA,NA,NA,NA
288.741,1.7180,2.6040,1.0276,8.4041,NA,NA,NA,NA,NA,NA,NA,NA,NA,NA,NA,NA
288.831,1.7220,2.8402,1.0272,8.3620,NA,NA,NA,NA,NA,NA,NA,NA,NA,NA,NA,NA
288.933,1.7220,2.8402,1.0249,8.1128,NA,NA,NA,NA,NA,NA,NA,NA,NA,NA,NA,NA
289.032,1.7211,2.7899,1.0252,8.1484,NA,NA,NA,NA,NA,NA,NA,NA,NA,NA,NA,NA
289.158,1.7210,2.7814,1.0252,8.1484,NA,NA,NA,NA,NA,NA,NA,NA,NA,NA,NA,NA
289.236,1.7192,2.6769,1.0249,8.1150,NA,NA,NA,NA,NA,NA,NA,NA,NA,NA,NA,NA
289.327,1.7192,2.6769,1.0247,8.0904,NA,NA,NA,NA,NA,NA,NA,NA,NA,NA,NA,NA
289.422,1.7160,2.4812,1.0246,8.0808,NA,NA,NA,NA,NA,NA,NA,NA,NA,NA,NA,NA
289.519,1.7176,2.5776,1.0246,8.0808,NA,NA,NA,NA,NA,NA,NA,NA,NA,NA,NA,NA
289.617,1.7183,2.6187,1.0246,8.0797,NA,NA,NA,NA,NA,NA,NA,NA,NA,NA,NA,NA
289.714,1.7183,2.6187,1.0246,8.0797,NA,NA,NA,NA,NA,NA,NA,NA,NA,NA,NA,NA
289.811,1.7183,2.6183,1.0243,8.0468,NA,NA,NA,NA,NA,NA,NA,NA,NA,NA,NA,NA
289.917,1.7179,2.5946,1.0234,7.9544,NA,NA,NA,NA,NA,NA,NA,NA,NA,NA,NA,NA
290.006,1.7167,2.5242,1.0224,7.8513,NA,NA,NA,NA,NA,NA,NA,NA,NA,NA,NA,NA
290.110,1.7133,2.3246,1.0220,7.8087,NA,NA,NA,NA,NA,NA,NA,NA,NA,NA,NA,NA
290.205,1.7129,2.2966,1.0205,7.6556,NA,NA,NA,NA,NA,NA,NA,NA,NA,NA,NA,NA
290.362,1.7109,2.1788,1.0200,7.6019,NA,NA,NA,NA,NA,NA,NA,NA,NA,NA,NA,NA
290.424,1.7119,2.2392,1.0199,7.5843,NA,NA,NA,NA,NA,NA,NA,NA,NA,NA,NA,NA
290.499,1.7119,2.2392,1.0195,7.5486,NA,NA,NA,NA,NA,NA,NA,NA,NA,NA,NA,NA
290.609,1.7117,2.2236,1.0194,7.5385,NA,NA,NA,NA,NA,NA,NA,NA,NA,NA,NA,NA
290.692,1.7117,2.2236,1.0189,7.4814,NA,NA,NA,NA,NA,NA,NA,NA,NA,NA,NA,NA
290.802,1.7109,2.1787,1.0190,7.4947,NA,NA,NA,NA,NA,NA,NA,NA,NA,NA,NA,NA
290.889,1.7089,2.0604,1.0190,7.4947,NA,NA,NA,NA,NA,NA,NA,NA,NA,NA,NA,NA
291.010,1.7032,1.7171,1.0176,7.3403,NA,NA,NA,NA,NA,NA,NA,NA,NA,NA,NA,NA
291.082,1.7049,1.8206,1.0176,7.3403,NA,NA,NA,NA,NA,NA,NA,NA,NA,NA,NA,NA
291.188,1.7049,1.8206,1.0166,7.2359,NA,NA,NA,NA,NA,NA,NA,NA,NA,NA,NA,NA
291.281,1.7024,1.6741,1.0165,7.2317,NA,NA,NA,NA,NA,NA,NA,NA,NA,NA,NA,NA
291.376,1.7044,1.7878,1.0160,7.1738,NA,NA,NA,NA,NA,NA,NA,NA,NA,NA,NA,NA
291.485,1.7044,1.7878,1.0152,7.0953,NA,NA,NA,NA,NA,NA,NA,NA,NA,NA,NA,NA
291.589,1.7038,1.7543,1.0149,7.0626,NA,NA,NA,NA,NA,NA,NA,NA,NA,NA,NA,NA
291.676,1.7055,1.8537,1.0149,7.0626,NA,NA,NA,NA,NA,NA,NA,NA,NA,NA,NA,NA
291.772,1.7055,1.8537,1.0144,7.0091,NA,NA,NA,NA,NA,NA,NA,NA,NA,NA,NA,NA
291.872,1.7042,1.7779,1.0140,6.9633,NA,NA,NA,NA,NA,NA,NA,NA,NA,NA,NA,NA
291.965,1.7042,1.7779,1.0136,6.9264,NA,NA,NA,NA,NA,NA,NA,NA,NA,NA,NA,NA
292.063,1.7020,1.6494,1.0136,6.9264,NA,NA,NA,NA,NA,NA,NA,NA,NA,NA,NA,NA
292.161,1.7017,1.6287,1.0123,6.7872,NA,NA,NA,NA,NA,NA,NA,NA,NA,NA,NA,NA
292.258,1.6995,1.4962,1.0125,6.8033,NA,NA,NA,NA,NA,NA,NA,NA,NA,NA,NA,NA
292.356,1.6995,1.4962,1.0125,6.8033,NA,NA,NA,NA,NA,NA,NA,NA,NA,NA,NA,NA
292.448,1.6999,1.5212,1.0116,6.7084,NA,NA,NA,NA,NA,NA,NA,NA,NA,NA,NA,NA
292.557,1.7006,1.5628,1.0116,6.7084,NA,NA,NA,NA,NA,NA,NA,NA,NA,NA,NA,NA
292.651,1.7006,1.5628,1.0105,6.6001,NA,NA,NA,NA,NA,NA,NA,NA,NA,NA,NA,NA
292.750,1.7000,1.5303,1.0099,6.5298,NA,NA,NA,NA,NA,NA,NA,NA,NA,NA,NA,NA
292.846,1.7000,1.5303,1.0095,6.4921,NA,NA,NA,NA,NA,NA,NA,NA,NA,NA,NA,NA
292.945,1.6993,1.4871,1.0099,6.5360,NA,NA,NA,NA,NA,NA,NA,NA,NA,NA,NA,NA
293.044,1.6986,1.4413,1.0099,6.5360,NA,NA,NA,NA,NA,NA,NA,NA,NA,NA,NA,NA
293.155,1.6980,1.4078,1.0094,6.4789,NA,NA,NA,NA,NA,NA,NA,NA,NA,NA,NA,NA
293.250,1.6996,1.5023,1.0094,6.4789,NA,NA,NA,NA,NA,NA,NA,NA,NA,NA,NA,NA
293.400,1.6996,1.5023,1.0089,6.4226,NA,NA,NA,NA,NA,NA,NA,NA,NA,NA,NA,NA
293.436,1.6954,1.2542,1.0089,6.4226,NA,NA,NA,NA,NA,NA,NA,NA,NA,NA,NA,NA
293.533,1.6954,1.2542,1.0082,6.3536,NA,NA,NA,NA,NA,NA,NA,NA,NA,NA,NA,NA
293.631,1.6916,1.0261,1.0082,6.3536,NA,NA,NA,NA,NA,NA,NA,NA,NA,NA,NA,NA
293.730,1.6904,0.9557,1.0070,6.2286,NA,NA,NA,NA,NA,NA,NA,NA,NA,NA,NA,NA
293.824,1.6905,0.9618,1.0051,6.0279,NA,NA,NA,NA,NA,NA,NA,NA,NA,NA,NA,NA
293.922,1.6910,0.9931,1.0051,6.0279,NA,NA,NA,NA,NA,NA,NA,NA,NA,NA,NA,NA
294.032,1.6910,0.9931,1.0046,5.9695,NA,NA,NA,NA,NA,NA,NA,NA,NA,NA,NA,NA
294.126,1.6915,1.0207,1.0041,5.9256,NA,NA,NA,NA,NA,NA,NA,NA,NA,NA,NA,NA
294.216,1.6915,1.0207,1.0041,5.9256,NA,NA,NA,NA,NA,NA,NA,NA,NA,NA,NA,NA
294.321,1.6899,0.9270,1.0034,5.8477,NA,NA,NA,NA,NA,NA,NA,NA,NA,NA,NA,NA
294.414,1.6894,0.8958,1.0031,5.8159,NA,NA,NA,NA,NA,NA,NA,NA,NA,NA,NA,NA
294.558,1.6894,0.8921,1.0032,5.8290,NA,NA,NA,NA,NA,NA,NA,NA,NA,NA,NA,NA
294.609,1.6896,0.9056,1.0032,5.8290,NA,NA,NA,NA,NA,NA,NA,NA,NA,NA,NA,NA
294.710,1.6896,0.9056,1.0040,5.9094,NA,NA,NA,NA,NA,NA,NA,NA,NA,NA,NA,NA
294.810,1.6911,0.9971,1.0040,5.9094,NA,NA,NA,NA,NA,NA,NA,NA,NA,NA,NA,NA
294.906,1.6911,0.9971,1.0034,5.8505,NA,NA,NA,NA,NA,NA,NA,NA,NA,NA,NA,NA
295.007,1.6903,0.9473,1.0024,5.7467,NA,NA,NA,NA,NA,NA,NA,NA,NA,NA,NA,NA
295.097,1.6903,0.9473,1.0022,5.7186,NA,NA,NA,NA,NA,NA,NA,NA,NA,NA,NA,NA
295.198,1.6864,0.7135,1.0022,5.7186,NA,NA,NA,NA,NA,NA,NA,NA,NA,NA,NA,NA
295.301,1.6855,0.6610,1.0013,5.6239,NA,NA,NA,NA,NA,NA,NA,NA,NA,NA,NA,NA
295.392,1.6824,0.4739,1.0009,5.5846,NA,NA,NA,NA,NA,NA,NA,NA,NA,NA,NA,NA
295.499,1.6831,0.5214,1.0009,5.5869,NA,NA,NA,NA,NA,NA,NA,NA,NA,NA,NA,NA
295.596,1.6831,0.5214,1.0009,5.5869,NA,NA,NA,NA,NA,NA,NA,NA,NA,NA,NA,NA
295.731,1.6810,0.3921,1.0011,5.5996,NA,NA,NA,NA,NA,NA,NA,NA,NA,NA,NA,NA
295.781,1.6756,0.0717,1.0011,5.5996,NA,NA,NA,NA,NA,NA,NA,NA,NA,NA,NA,NA
295.890,1.6767,0.1369,0.9998,5.4689,NA,NA,NA,NA,NA,NA,NA,NA,NA,NA,NA,NA
295.978,1.6774,0.1780,0.9995,5.4315,NA,NA,NA,NA,NA,NA,NA,NA,NA,NA,NA,NA
296.079,1.6774,0.1780,0.9994,5.4284,NA,NA,NA,NA,NA,NA,NA,NA,NA,NA,NA,NA
296.171,1.6792,0.2846,0.9989,5.3744,NA,NA,NA,NA,NA,NA,NA,NA,NA,NA,NA,NA
296.276,1.6792,0.2846,0.9979,5.2630,NA,NA,NA,NA,NA,NA,NA,NA,NA,NA,NA,NA
296.375,1.6785,0.2412,0.9979,5.2630,NA,NA,NA,NA,NA,NA,NA,NA,NA,NA,NA,NA
296.472,1.6733,-0.0666,0.9975,5.2246,NA,NA,NA,NA,NA,NA,NA,NA,NA,NA,NA,NA
296.566,1.6772,0.1673,0.9974,5.2195,NA,NA,NA,NA,NA,NA,NA,NA,NA,NA,NA,NA
296.674,1.6772,0.1673,0.9971,5.1819,NA,NA,NA,NA,NA,NA,NA,NA,NA,NA,NA,NA
296.767,1.6747,0.0164,0.9969,5.1650,NA,NA,NA,NA,NA,NA,NA,NA,NA,NA,NA,NA
296.861,1.6736,-0.0484,0.9966,5.1308,NA,NA,NA,NA,NA,NA,NA,NA,NA,NA,NA,NA
296.984,1.6756,0.0704,0.9966,5.1308,NA,NA,NA,NA,NA,NA,NA,NA,NA,NA,NA,NA
297.056,1.6756,0.0704,0.9965,5.1239,NA,NA,NA,NA,NA,NA,NA,NA,NA,NA,NA,NA
297.145,1.6752,0.0483,0.9964,5.1136,NA,NA,NA,NA,NA,NA,NA,NA,NA,NA,NA,NA
297.254,1.6734,-0.0608,0.9956,5.0225,NA,NA,NA,NA,NA,NA,NA,NA,NA,NA,NA,NA
297.357,1.6736,-0.0513,0.9955,5.0091,NA,NA,NA,NA,NA,NA,NA,NA,NA,NA,NA,NA
297.441,1.6736,-0.0513,0.9952,4.9794,NA,NA,NA,NA,NA,NA,NA,NA,NA,NA,NA,NA
297.580,1.6720,-0.1461,0.9947,4.9322,NA,NA,NA,NA,NA,NA,NA,NA,NA,NA,NA,NA
297.645,1.6734,-0.0617,0.9944,4.8950,NA,NA,NA,NA,NA,NA,NA,NA,NA,NA,NA,NA
297.743,1.6738,-0.0398,0.9941,4.8662,NA,NA,NA,NA,NA,NA,NA,NA,NA,NA,NA,NA
297.850,1.6738,-0.0398,0.9939,4.8472,NA,NA,NA,NA,NA,NA,NA,NA,NA,NA,NA,NA
297.941,1.6727,-0.1030,0.9941,4.8713,NA,NA,NA,NA,NA,NA,NA,NA,NA,NA,NA,NA
298.036,1.6710,-0.2053,0.9941,4.8713,NA,NA,NA,NA,NA,NA,NA,NA,NA,NA,NA,NA
298.154,1.6710,-0.2053,0.9935,4.8041,NA,NA,NA,NA,NA,NA,NA,NA,NA,NA,NA,NA
298.230,1.6709,-0.2107,0.9928,4.7267,NA,NA,NA,NA,NA,NA,NA,NA,NA,NA,NA,NA
298.329,1.6703,-0.2483,0.9924,4.6823,NA,NA,NA,NA,NA,NA,NA,NA,NA,NA,NA,NA
298.424,1.6698,-0.2742,0.9921,4.6565,NA,NA,NA,NA,NA,NA,NA,NA,NA,NA,NA,NA
298.524,1.6656,-0.5258,0.9921,4.6565,NA,NA,NA,NA,NA,NA,NA,NA,NA,NA,NA,NA
298.623,1.6649,-0.5663,0.9919,4.6383,NA,NA,NA,NA,NA,NA,NA,NA,NA,NA,NA,NA
298.762,1.6663,-0.4824,0.9919,4.6383,NA,NA,NA,NA,NA,NA,NA,NA,NA,NA,NA,NA
298.825,1.6663,-0.4824,0.9918,4.6221,NA,NA,NA,NA,NA,NA,NA,NA,NA,NA,NA,NA
298.919,1.6657,-0.5198,0.9910,4.5434,NA,NA,NA,NA,NA,NA,NA,NA,NA,NA,NA,NA
299.014,1.6657,-0.5237,0.9900,4.4342,NA,NA,NA,NA,NA,NA,NA,NA,NA,NA,NA,NA
299.113,1.6712,-0.1918,0.9899,4.4275,NA,NA,NA,NA,NA,NA,NA,NA,NA,NA,NA,NA
299.211,1.6712,-0.1918,0.9899,4.4275,NA,NA,NA,NA,NA,NA,NA,NA,NA,NA,NA,NA
299.356,1.6698,-0.2778,0.9894,4.3702,NA,NA,NA,NA,NA,NA,NA,NA,NA,NA,NA,NA
299.418,1.6696,-0.2855,0.9887,4.2975,NA,NA,NA,NA,NA,NA,NA,NA,NA,NA,NA,NA
299.509,1.6669,-0.4495,0.9889,4.3199,NA,NA,NA,NA,NA,NA,NA,NA,NA,NA,NA,NA
299.611,1.6684,-0.3568,0.9889,4.3199,NA,NA,NA,NA,NA,NA,NA,NA,NA,NA,NA,NA
299.698,1.6684,-0.3568,0.9887,4.2953,NA,NA,NA,NA,NA,NA,NA,NA,NA,NA,NA,NA
299.802,1.6660,-0.5042,0.9887,4.2953,NA,NA,NA,NA,NA,NA,NA,NA,NA,NA,NA,NA
299.897,1.6659,-0.5105,0.9870,4.1167,NA,NA,NA,NA,NA,NA,NA,NA,NA,NA,NA,NA
300.019,1.6671,-0.4388,0.9865,4.0664,NA,NA,NA,NA,NA,NA,NA,NA,NA,NA,NA,NA
300.094,1.6671,-0.4388,0.9865,4.0664,NA,NA,NA,NA,NA,NA,NA,NA,NA,NA,NA,NA
300.184,1.6663,-0.4854,0.9859,4.0038,NA,NA,NA,NA,NA,NA,NA,NA,NA,NA,NA,NA
300.293,1.6654,-0.5407,0.9852,3.9289,NA,NA,NA,NA,NA,NA,NA,NA,NA,NA,NA,NA
300.383,1.6635,-0.6517,0.9856,3.9682,NA,NA,NA,NA,NA,NA,NA,NA,NA,NA,NA,NA
300.485,1.6631,-0.6749,0.9858,3.9882,NA,NA,NA,NA,NA,NA,NA,NA,NA,NA,NA,NA
300.574,1.6596,-0.8842,0.9859,4.0005,NA,NA,NA,NA,NA,NA,NA,NA,NA,NA,NA,NA
300.676,1.6602,-0.8471,0.9859,4.0005,NA,NA,NA,NA,NA,NA,NA,NA,NA,NA,NA,NA
300.790,1.6606,-0.8228,0.9855,3.9590,NA,NA,NA,NA,NA,NA,NA,NA,NA,NA,NA,NA
300.878,1.6606,-0.8228,0.9849,3.8907,NA,NA,NA,NA,NA,NA,NA,NA,NA,NA,NA,NA
300.973,1.6600,-0.8585,0.9854,3.9511,NA,NA,NA,NA,NA,NA,NA,NA,NA,NA,NA,NA
301.074,1.6601,-0.8543,0.9854,3.9511,NA,NA,NA,NA,NA,NA,NA,NA,NA,NA,NA,NA
301.177,1.6604,-0.8351,0.9854,3.9474,NA,NA,NA,NA,NA,NA,NA,NA,NA,NA,NA,NA
301.267,1.6604,-0.8351,0.9847,3.8707,NA,NA,NA,NA,NA,NA,NA,NA,NA,NA,NA,NA
301.365,1.6580,-0.9792,0.9843,3.8372,NA,NA,NA,NA,NA,NA,NA,NA,NA,NA,NA,NA
301.462,1.6579,-0.9869,0.9839,3.7921,NA,NA,NA,NA,NA,NA,NA,NA,NA,NA,NA,NA
301.559,1.6581,-0.9732,0.9840,3.7994,NA,NA,NA,NA,NA,NA,NA,NA,NA,NA,NA,NA
301.657,1.6581,-0.9732,0.9841,3.8114,NA,NA,NA,NA,NA,NA,NA,NA,NA,NA,NA,NA
301.755,1.6562,-1.0876,0.9841,3.8114,NA,NA,NA,NA,NA,NA,NA,NA,NA,NA,NA,NA
301.852,1.6562,-1.0876,0.9824,3.6288,NA,NA,NA,NA,NA,NA,NA,NA,NA,NA,NA,NA
301.955,1.6519,-1.3428,0.9824,3.6288,NA,NA,NA,NA,NA,NA,NA,NA,NA,NA,NA,NA
302.059,1.6514,-1.3732,0.9809,3.4713,NA,NA,NA,NA,NA,NA,NA,NA,NA,NA,NA,NA
302.145,1.6514,-1.3732,0.9804,3.4253,NA,NA,NA,NA,NA,NA,NA,NA,NA,NA,NA,NA
302.243,1.6479,-1.5821,0.9803,3.4083,NA,NA,NA,NA,NA,NA,NA,NA,NA,NA,NA,NA
302.356,1.6479,-1.5821,0.9798,3.3535,NA,NA,NA,NA,NA,NA,NA,NA,NA,NA,NA,NA
302.440,1.6722,-0.1354,0.9832,3.7130,NA,NA,NA,NA,NA,NA,NA,NA,NA,NA,NA,NA
302.544,1.6996,1.5061,0.9921,4.6503,NA,NA,NA,NA,NA,NA,NA,NA,NA,NA,NA,NA
302.641,1.7315,3.4067,1.0041,5.9264,NA,NA,NA,NA,NA,NA,NA,NA,NA,NA,NA,NA
302.735,1.7657,5.4514,1.0133,6.8924,NA,NA,NA,NA,NA,NA,NA,NA,NA,NA,NA,NA
302.832,1.7772,6.1374,1.0215,7.7518,NA,NA,NA,NA,NA,NA,NA,NA,NA,NA,NA,NA
302.936,1.7955,7.2303,1.0265,8.2821,NA,NA,NA,NA,NA,NA,NA,NA,NA,NA,NA,NA
303.030,1.7955,7.2303,1.0279,8.4317,NA,NA,NA,NA,NA,NA,NA,NA,NA,NA,NA,NA
303.125,1.7934,7.1034,1.0287,8.5212,NA,NA,NA,NA,NA,NA,NA,NA,NA,NA,NA,NA
303.229,1.7863,6.6795,1.0288,8.5242,NA,NA,NA,NA,NA,NA,NA,NA,NA,NA,NA,NA
303.324,1.7840,6.5460,1.0288,8.5242,NA,NA,NA,NA,NA,NA,NA,NA,NA,NA,NA,NA
303.420,1.7730,5.8884,1.0274,8.3765,NA,NA,NA,NA,NA,NA,NA,NA,NA,NA,NA,NA
303.558,1.7667,5.5136,1.0249,8.1131,NA,NA,NA,NA,NA,NA,NA,NA,NA,NA,NA,NA
303.624,1.7560,4.8740,1.0239,8.0124,NA,NA,NA,NA,NA,NA,NA,NA,NA,NA,NA,NA
303.717,1.7510,4.5739,1.0225,7.8580,NA,NA,NA,NA,NA,NA,NA,NA,NA,NA,NA,NA
303.812,1.7375,3.7658,1.0202,7.6204,NA,NA,NA,NA,NA,NA,NA,NA,NA,NA,NA,NA
303.913,1.7314,3.4038,1.0189,7.4823,NA,NA,NA,NA,NA,NA,NA,NA,NA,NA,NA,NA
304.010,1.7281,3.2039,1.0183,7.4232,NA,NA,NA,NA,NA,NA,NA,NA,NA,NA,NA,NA
304.125,1.7247,3.0012,1.0170,7.2858,NA,NA,NA,NA,NA,NA,NA,NA,NA,NA,NA,NA
304.204,1.7243,2.9814,1.0156,7.1350,NA,NA,NA,NA,NA,NA,NA,NA,NA,NA,NA,NA
304.302,1.7189,2.6584,1.0148,7.0458,NA,NA,NA,NA,NA,NA,NA,NA,NA,NA,NA,NA
304.398,1.7160,2.4833,1.0131,6.8725,NA,NA,NA,NA,NA,NA,NA,NA,NA,NA,NA,NA
304.507,1.7092,2.0780,1.0124,6.8004,NA,NA,NA,NA,NA,NA,NA,NA,NA,NA,NA,NA
304.596,1.7074,1.9677,1.0121,6.7623,NA,NA,NA,NA,NA,NA,NA,NA,NA,NA,NA,NA
304.693,1.7044,1.7883,1.0116,6.7133,NA,NA,NA,NA,NA,NA,NA,NA,NA,NA,NA,NA
304.791,1.7044,1.7883,1.0086,6.3957,NA,NA,NA,NA,NA,NA,NA,NA,NA,NA,NA,NA
304.895,1.7043,1.7817,1.0082,6.3499,NA,NA,NA,NA,NA,NA,NA,NA,NA,NA,NA,NA
304.985,1.7013,1.6059,1.0063,6.1559,NA,NA,NA,NA,NA,NA,NA,NA,NA,NA,NA,NA
305.088,1.7013,1.6059,1.0053,6.0488,NA,NA,NA,NA,NA,NA,NA,NA,NA,NA,NA,NA
305.186,1.6943,1.1894,1.0043,5.9412,NA,NA,NA,NA,NA,NA,NA,NA,NA,NA,NA,NA
305.280,1.6936,1.1430,1.0024,5.7407,NA,NA,NA,NA,NA,NA,NA,NA,NA,NA,NA,NA
305.375,1.6858,0.6821,1.0015,5.6485,NA,NA,NA,NA,NA,NA,NA,NA,NA,NA,NA,NA
305.488,1.6840,0.5714,1.0015,5.6426,NA,NA,NA,NA,NA,NA,NA,NA,NA,NA,NA,NA
305.571,1.6819,0.4461,0.9998,5.4633,NA,NA,NA,NA,NA,NA,NA,NA,NA,NA,NA,NA
305.672,1.6796,0.3110,0.9987,5.3490,NA,NA,NA,NA,NA,NA,NA,NA,NA,NA,NA,NA
305.791,1.6790,0.2712,0.9983,5.3076,NA,NA,NA,NA,NA,NA,NA,NA,NA,NA,NA,NA
305.866,1.6773,0.1710,0.9977,5.2430,NA,NA,NA,NA,NA,NA,NA,NA,NA,NA,NA,NA
305.970,1.6795,0.3036,0.9982,5.3023,NA,NA,NA,NA,NA,NA,NA,NA,NA,NA,NA,NA
306.061,1.7134,2.3299,1.0051,6.0296,NA,NA,NA,NA,NA,NA,NA,NA,NA,NA,NA,NA
306.162,1.7602,5.1221,1.0168,7.2570,NA,NA,NA,NA,NA,NA,NA,NA,NA,NA,NA,NA
306.261,1.7804,6.3283,1.0322,8.8892,NA,NA,NA,NA,NA,NA,NA,NA,NA,NA,NA,NA
306.360,1.8220,8.8166,1.0437,10.0954,NA,NA,NA,NA,NA,NA,NA,NA,NA,NA,NA,NA
306.454,1.8347,9.5711,1.0564,11.4402,NA,NA,NA,NA,NA,NA,NA,NA,NA,NA,NA,NA
306.574,1.8624,11.2296,1.0659,12.4405,NA,NA,NA,NA,NA,NA,NA,NA,NA,NA,NA,NA
306.649,1.8781,12.1644,1.0763,13.5424,NA,NA,NA,NA,NA,NA,NA,NA,NA,NA,NA,NA
306.761,1.9077,13.9291,1.0847,14.4217,NA,NA,NA,NA,NA,NA,NA,NA,NA,NA,NA,NA
306.847,1.9168,14.4741,1.0932,15.3239,NA,NA,NA,NA,NA,NA,NA,NA,NA,NA,NA,NA
306.954,1.9263,15.0417,1.1043,16.4882,NA,NA,NA,NA,NA,NA,NA,NA,NA,NA,NA,NA
307.129,1.9456,16.1931,1.1115,17.2474,NA,NA,NA,NA,NA,NA,NA,NA,NA,NA,NA,NA
307.148,1.9559,16.8087,1.1192,18.0667,NA,NA,NA,NA,NA,NA,NA,NA,NA,NA,NA,NA
307.245,1.9653,17.3743,1.1267,18.8539,NA,NA,NA,NA,NA,NA,NA,NA,NA,NA,NA,NA
307.345,1.9705,17.6841,1.1323,19.4467,NA,NA,NA,NA,NA,NA,NA,NA,NA,NA,NA,NA
307.439,1.9841,18.4925,1.1376,20.0071,NA,NA,NA,NA,NA,NA,NA,NA,NA,NA,NA,NA
307.533,1.9841,18.4925,1.1414,20.4081,NA,NA,NA,NA,NA,NA,NA,NA,NA,NA,NA,NA
307.630,1.9840,18.4882,1.1422,20.4864,NA,NA,NA,NA,NA,NA,NA,NA,NA,NA,NA,NA
307.754,1.9840,18.4882,1.1428,20.5523,NA,NA,NA,NA,NA,NA,NA,NA,NA,NA,NA,NA
307.831,1.9818,18.3602,1.1432,20.5927,NA,NA,NA,NA,NA,NA,NA,NA,NA,NA,NA,NA
307.924,1.9814,18.3342,1.1433,20.6007,NA,NA,NA,NA,NA,NA,NA,NA,NA,NA,NA,NA
308.028,1.9807,18.2916,1.1433,20.6007,NA,NA,NA,NA,NA,NA,NA,NA,NA,NA,NA,NA
308.130,1.9704,17.6772,1.1425,20.5235,NA,NA,NA,NA,NA,NA,NA,NA,NA,NA,NA,NA
308.224,1.9563,16.8371,1.1408,20.3410,NA,NA,NA,NA,NA,NA,NA,NA,NA,NA,NA,NA
308.394,1.9504,16.4845,1.1370,19.9427,NA,NA,NA,NA,NA,NA,NA,NA,NA,NA,NA,NA
308.415,1.9426,16.0178,1.1331,19.5328,NA,NA,NA,NA,NA,NA,NA,NA,NA,NA,NA,NA
308.517,1.9271,15.0877,1.1286,19.0494,NA,NA,NA,NA,NA,NA,NA,NA,NA,NA,NA,NA
308.612,1.9235,14.8745,1.1263,18.8170,NA,NA,NA,NA,NA,NA,NA,NA,NA,NA,NA,NA
308.712,1.9136,14.2830,1.1220,18.3607,NA,NA,NA,NA,NA,NA,NA,NA,NA,NA,NA,NA
308.815,1.9098,14.0587,1.1184,17.9784,NA,NA,NA,NA,NA,NA,NA,NA,NA,NA,NA,NA
308.908,1.9037,13.6905,1.1129,17.4010,NA,NA,NA,NA,NA,NA,NA,NA,NA,NA,NA,NA
309.022,1.8936,13.0895,1.1101,17.1068,NA,NA,NA,NA,NA,NA,NA,NA,NA,NA,NA,NA
309.096,1.8915,12.9644,1.1086,16.9431,NA,NA,NA,NA,NA,NA,NA,NA,NA,NA,NA,NA
309.194,1.8921,12.9983,1.1069,16.7612,NA,NA,NA,NA,NA,NA,NA,NA,NA,NA,NA,NA
309.301,1.8921,12.9983,1.1046,16.5239,NA,NA,NA,NA,NA,NA,NA,NA,NA,NA,NA,NA
309.393,1.8865,12.6633,1.1030,16.3569,NA,NA,NA,NA,NA,NA,NA,NA,NA,NA,NA,NA
309.500,1.8865,12.6633,1.1006,16.1040,NA,NA,NA,NA,NA,NA,NA,NA,NA,NA,NA,NA
309.632,1.8844,12.5424,1.0983,15.8571,NA,NA,NA,NA,NA,NA,NA,NA,NA,NA,NA,NA
309.689,1.8808,12.3276,1.0971,15.7353,NA,NA,NA,NA,NA,NA,NA,NA,NA,NA,NA,NA
309.785,1.8763,12.0540,1.0964,15.6570,NA,NA,NA,NA,NA,NA,NA,NA,NA,NA,NA,NA
309.889,1.8744,11.9453,1.0961,15.6209,NA,NA,NA,NA,NA,NA,NA,NA,NA,NA,NA,NA
309.978,1.8752,11.9917,1.0945,15.4602,NA,NA,NA,NA,NA,NA,NA,NA,NA,NA,NA,NA
310.079,1.8771,12.1070,1.0945,15.4602,NA,NA,NA,NA,NA,NA,NA,NA,NA,NA,NA,NA
310.172,1.8771,12.1070,1.0940,15.4026,NA,NA,NA,NA,NA,NA,NA,NA,NA,NA,NA,NA
310.275,1.8769,12.0929,1.0939,15.3950,NA,NA,NA,NA,NA,NA,NA,NA,NA,NA,NA,NA
310.368,1.8769,12.0929,1.0928,15.2735,NA,NA,NA,NA,NA,NA,NA,NA,NA,NA,NA,NA
310.468,1.8690,11.6219,1.0919,15.1853,NA,NA,NA,NA,NA,NA,NA,NA,NA,NA,NA,NA
310.568,1.8679,11.5536,1.0911,15.0952,NA,NA,NA,NA,NA,NA,NA,NA,NA,NA,NA,NA
310.661,1.8633,11.2819,1.0905,15.0350,NA,NA,NA,NA,NA,NA,NA,NA,NA,NA,NA,NA
310.809,1.8642,11.3355,1.0904,15.0233,NA,NA,NA,NA,NA,NA,NA,NA,NA,NA,NA,NA
310.868,1.8642,11.3355,1.0900,14.9854,NA,NA,NA,NA,NA,NA,NA,NA,NA,NA,NA,NA
310.956,1.8626,11.2400,1.0896,14.9355,NA,NA,NA,NA,NA,NA,NA,NA,NA,NA,NA,NA
311.068,1.8626,11.2400,1.0887,14.8423,NA,NA,NA,NA,NA,NA,NA,NA,NA,NA,NA,NA
311.159,1.8597,11.0668,1.0879,14.7657,NA,NA,NA,NA,NA,NA,NA,NA,NA,NA,NA,NA
311.256,1.8580,10.9653,1.0875,14.7179,NA,NA,NA,NA,NA,NA,NA,NA,NA,NA,NA,NA
311.352,1.8547,10.7691,1.0863,14.5959,NA,NA,NA,NA,NA,NA,NA,NA,NA,NA,NA,NA
311.440,1.8544,10.7500,1.0850,14.4548,NA,NA,NA,NA,NA,NA,NA,NA,NA,NA,NA,NA
311.543,1.8538,10.7139,1.0849,14.4424,NA,NA,NA,NA,NA,NA,NA,NA,NA,NA,NA,NA
311.645,1.8553,10.8044,1.0849,14.4424,NA,NA,NA,NA,NA,NA,NA,NA,NA,NA,NA,NA
311.750,1.8553,10.8044,1.0844,14.3965,NA,NA,NA,NA,NA,NA,NA,NA,NA,NA,NA,NA
311.846,1.8524,10.6267,1.0834,14.2857,NA,NA,NA,NA,NA,NA,NA,NA,NA,NA,NA,NA
311.989,1.8520,10.6065,1.0823,14.1704,NA,NA,NA,NA,NA,NA,NA,NA,NA,NA,NA,NA
312.032,1.8501,10.4915,1.0817,14.1093,NA,NA,NA,NA,NA,NA,NA,NA,NA,NA,NA,NA
312.141,1.8469,10.2999,1.0811,14.0431,NA,NA,NA,NA,NA,NA,NA,NA,NA,NA,NA,NA
312.247,1.8457,10.2303,1.0804,13.9650,NA,NA,NA,NA,NA,NA,NA,NA,NA,NA,NA,NA
312.328,1.8421,10.0120,1.0801,13.9339,NA,NA,NA,NA,NA,NA,NA,NA,NA,NA,NA,NA
312.424,1.8414,9.9739,1.0798,13.9072,NA,NA,NA,NA,NA,NA,NA,NA,NA,NA,NA,NA
312.569,1.8417,9.9875,1.0796,13.8843,NA,NA,NA,NA,NA,NA,NA,NA,NA,NA,NA,NA
312.617,1.8417,9.9875,1.0796,13.8843,NA,NA,NA,NA,NA,NA,NA,NA,NA,NA,NA,NA
312.728,1.8378,9.7587,1.0789,13.8070,NA,NA,NA,NA,NA,NA,NA,NA,NA,NA,NA,NA
312.819,1.8327,9.4527,1.0784,13.7608,NA,NA,NA,NA,NA,NA,NA,NA,NA,NA,NA,NA
312.914,1.8311,9.3598,1.0776,13.6791,NA,NA,NA,NA,NA,NA,NA,NA,NA,NA,NA,NA
313.021,1.8329,9.4666,1.0771,13.6262,NA,NA,NA,NA,NA,NA,NA,NA,NA,NA,NA,NA
313.114,1.8329,9.4666,1.0761,13.5127,NA,NA,NA,NA,NA,NA,NA,NA,NA,NA,NA,NA
313.213,1.8340,9.5305,1.0755,13.4489,NA,NA,NA,NA,NA,NA,NA,NA,NA,NA,NA,NA
313.311,1.8340,9.5305,1.0752,13.4194,NA,NA,NA,NA,NA,NA,NA,NA,NA,NA,NA,NA
313.405,1.8310,9.3530,1.0738,13.2765,NA,NA,NA,NA,NA,NA,NA,NA,NA,NA,NA,NA
313.504,1.8300,9.2903,1.0737,13.2586,NA,NA,NA,NA,NA,NA,NA,NA,NA,NA,NA,NA
313.598,1.8283,9.1931,1.0733,13.2247,NA,NA,NA,NA,NA,NA,NA,NA,NA,NA,NA,NA
313.696,1.8279,9.1652,1.0726,13.1518,NA,NA,NA,NA,NA,NA,NA,NA,NA,NA,NA,NA
313.814,1.8279,9.1652,1.0717,13.0512,NA,NA,NA,NA,NA,NA,NA,NA,NA,NA,NA,NA
313.906,1.8249,8.9853,1.0717,13.0512,NA,NA,NA,NA,NA,NA,NA,NA,NA,NA,NA,NA
313.994,1.8249,8.9853,1.0713,13.0074,NA,NA,NA,NA,NA,NA,NA,NA,NA,NA,NA,NA
314.094,1.8239,8.9271,1.0700,12.8714,NA,NA,NA,NA,NA,NA,NA,NA,NA,NA,NA,NA
314.192,1.8240,8.9328,1.0698,12.8482,NA,NA,NA,NA,NA,NA,NA,NA,NA,NA,NA,NA
314.290,1.8240,8.9328,1.0695,12.8237,NA,NA,NA,NA,NA,NA,NA,NA,NA,NA,NA,NA
314.413,1.8214,8.7783,1.0686,12.7236,NA,NA,NA,NA,NA,NA,NA,NA,NA,NA,NA,NA
314.482,1.8210,8.7523,1.0685,12.7147,NA,NA,NA,NA,NA,NA,NA,NA,NA,NA,NA,NA
314.582,1.8210,8.7523,1.0682,12.6838,NA,NA,NA,NA,NA,NA,NA,NA,NA,NA,NA,NA
314.680,1.8144,8.3579,1.0682,12.6838,NA,NA,NA,NA,NA,NA,NA,NA,NA,NA,NA,NA
314.773,1.8119,8.2093,1.0676,12.6181,NA,NA,NA,NA,NA,NA,NA,NA,NA,NA,NA,NA
314.870,1.8053,7.8187,1.0675,12.6060,NA,NA,NA,NA,NA,NA,NA,NA,NA,NA,NA,NA
314.976,1.8058,7.8467,1.0670,12.5513,NA,NA,NA,NA,NA,NA,NA,NA,NA,NA,NA,NA
315.067,1.8067,7.9021,1.0660,12.4522,NA,NA,NA,NA,NA,NA,NA,NA,NA,NA,NA,NA
315.164,1.8079,7.9746,1.0658,12.4274,NA,NA,NA,NA,NA,NA,NA,NA,NA,NA,NA,NA
315.262,1.8079,7.9746,1.0644,12.2865,NA,NA,NA,NA,NA,NA,NA,NA,NA,NA,NA,NA
315.362,1.8091,8.0452,1.0634,12.1804,NA,NA,NA,NA,NA,NA,NA,NA,NA,NA,NA,NA
315.458,1.8091,8.0452,1.0628,12.1159,NA,NA,NA,NA,NA,NA,NA,NA,NA,NA,NA,NA
315.556,1.8062,7.8723,1.0625,12.0799,NA,NA,NA,NA,NA,NA,NA,NA,NA,NA,NA,NA
315.665,1.8026,7.6581,1.0624,12.0694,NA,NA,NA,NA,NA,NA,NA,NA,NA,NA,NA,NA
315.759,1.8020,7.6184,1.0618,12.0121,NA,NA,NA,NA,NA,NA,NA,NA,NA,NA,NA,NA
315.854,1.8025,7.6507,1.0616,11.9867,NA,NA,NA,NA,NA,NA,NA,NA,NA,NA,NA,NA
315.949,1.8025,7.6507,1.0609,11.9180,NA,NA,NA,NA,NA,NA,NA,NA,NA,NA,NA,NA
316.048,1.8014,7.5810,1.0609,11.9180,NA,NA,NA,NA,NA,NA,NA,NA,NA,NA,NA,NA
316.144,1.8014,7.5810,1.0603,11.8462,NA,NA,NA,NA,NA,NA,NA,NA,NA,NA,NA,NA
316.241,1.7971,7.3240,1.0598,11.7918,NA,NA,NA,NA,NA,NA,NA,NA,NA,NA,NA,NA
316.340,1.7944,7.1672,1.0598,11.7918,NA,NA,NA,NA,NA,NA,NA,NA,NA,NA,NA,NA
316.442,1.7942,7.1535,1.0597,11.7849,NA,NA,NA,NA,NA,NA,NA,NA,NA,NA,NA,NA
316.533,1.7942,7.1541,1.0591,11.7261,NA,NA,NA,NA,NA,NA,NA,NA,NA,NA,NA,NA
316.639,1.7942,7.1541,1.0591,11.7261,NA,NA,NA,NA,NA,NA,NA,NA,NA,NA,NA,NA
316.782,1.7933,7.0975,1.0587,11.6844,NA,NA,NA,NA,NA,NA,NA,NA,NA,NA,NA,NA
316.834,1.7933,7.0975,1.0586,11.6652,NA,NA,NA,NA,NA,NA,NA,NA,NA,NA,NA,NA
316.929,1.7933,7.0984,1.0573,11.5366,NA,NA,NA,NA,NA,NA,NA,NA,NA,NA,NA,NA
317.028,1.7933,7.0984,1.0561,11.4083,NA,NA,NA,NA,NA,NA,NA,NA,NA,NA,NA,NA
317.123,1.7932,7.0963,1.0561,11.4083,NA,NA,NA,NA,NA,NA,NA,NA,NA,NA,NA,NA
317.224,1.7917,7.0045,1.0557,11.3597,NA,NA,NA,NA,NA,NA,NA,NA,NA,NA,NA,NA
317.318,1.7917,7.0045,1.0554,11.3314,NA,NA,NA,NA,NA,NA,NA,NA,NA,NA,NA,NA
317.425,1.7903,6.9185,1.0541,11.1911,NA,NA,NA,NA,NA,NA,NA,NA,NA,NA,NA,NA
317.515,1.7886,6.8207,1.0535,11.1335,NA,NA,NA,NA,NA,NA,NA,NA,NA,NA,NA,NA
317.618,1.7878,6.7725,1.0529,11.0688,NA,NA,NA,NA,NA,NA,NA,NA,NA,NA,NA,NA
317.716,1.7874,6.7461,1.0510,10.8735,NA,NA,NA,NA,NA,NA,NA,NA,NA,NA,NA,NA
317.806,1.7852,6.6134,1.0521,10.9850,NA,NA,NA,NA,NA,NA,NA,NA,NA,NA,NA,NA
317.929,1.7842,6.5594,1.0521,10.9850,NA,NA,NA,NA,NA,NA,NA,NA,NA,NA,NA,NA
318.004,1.7821,6.4317,1.0516,10.9321,NA,NA,NA,NA,NA,NA,NA,NA,NA,NA,NA,NA
318.101,1.7801,6.3088,1.0505,10.8125,NA,NA,NA,NA,NA,NA,NA,NA,NA,NA,NA,NA
318.204,1.7801,6.3139,1.0499,10.7540,NA,NA,NA,NA,NA,NA,NA,NA,NA,NA,NA,NA
318.298,1.7828,6.4723,1.0495,10.7113,NA,NA,NA,NA,NA,NA,NA,NA,NA,NA,NA,NA
318.396,1.7828,6.4723,1.0495,10.7071,NA,NA,NA,NA,NA,NA,NA,NA,NA,NA,NA,NA
318.494,1.7782,6.1970,1.0495,10.7085,NA,NA,NA,NA,NA,NA,NA,NA,NA,NA,NA,NA
318.648,1.7782,6.1970,1.0495,10.7114,NA,NA,NA,NA,NA,NA,NA,NA,NA,NA,NA,NA
318.696,1.7774,6.1523,1.0495,10.7114,NA,NA,NA,NA,NA,NA,NA,NA,NA,NA,NA,NA
318.784,1.7750,6.0090,1.0484,10.5928,NA,NA,NA,NA,NA,NA,NA,NA,NA,NA,NA,NA
318.893,1.7750,6.0090,1.0474,10.4844,NA,NA,NA,NA,NA,NA,NA,NA,NA,NA,NA,NA
318.990,1.7739,5.9405,1.0470,10.4455,NA,NA,NA,NA,NA,NA,NA,NA,NA,NA,NA,NA
319.078,1.7739,5.9405,1.0467,10.4171,NA,NA,NA,NA,NA,NA,NA,NA,NA,NA,NA,NA
319.179,1.7749,6.0026,1.0465,10.3936,NA,NA,NA,NA,NA,NA,NA,NA,NA,NA,NA,NA
319.276,1.7749,6.0026,1.0452,10.2558,NA,NA,NA,NA,NA,NA,NA,NA,NA,NA,NA,NA
319.372,1.7701,5.7117,1.0452,10.2522,NA,NA,NA,NA,NA,NA,NA,NA,NA,NA,NA,NA
319.469,1.7668,5.5171,1.0447,10.2006,NA,NA,NA,NA,NA,NA,NA,NA,NA,NA,NA,NA
319.566,1.7658,5.4546,1.0445,10.1786,NA,NA,NA,NA,NA,NA,NA,NA,NA,NA,NA,NA
319.664,1.7658,5.4546,1.0439,10.1159,NA,NA,NA,NA,NA,NA,NA,NA,NA,NA,NA,NA
319.767,1.7622,5.2412,1.0435,10.0802,NA,NA,NA,NA,NA,NA,NA,NA,NA,NA,NA,NA
319.861,1.7579,4.9881,1.0435,10.0802,NA,NA,NA,NA,NA,NA,NA,NA,NA,NA,NA,NA
319.962,1.7600,5.1123,1.0413,9.8473,NA,NA,NA,NA,NA,NA,NA,NA,NA,NA,NA,NA
320.065,1.7639,5.3466,1.0410,9.8157,NA,NA,NA,NA,NA,NA,NA,NA,NA,NA,NA,NA
320.155,1.7639,5.3466,1.0406,9.7738,NA,NA,NA,NA,NA,NA,NA,NA,NA,NA,NA,NA
320.252,1.7622,5.2438,1.0404,9.7527,NA,NA,NA,NA,NA,NA,NA,NA,NA,NA,NA,NA
320.352,1.7615,5.2001,1.0395,9.6541,NA,NA,NA,NA,NA,NA,NA,NA,NA,NA,NA,NA
320.458,1.7612,5.1802,1.0393,9.6372,NA,NA,NA,NA,NA,NA,NA,NA,NA,NA,NA,NA
320.548,1.7607,5.1537,1.0392,9.6289,NA,NA,NA,NA,NA,NA,NA,NA,NA,NA,NA,NA
320.645,1.7604,5.1323,1.0392,9.6289,NA,NA,NA,NA,NA,NA,NA,NA,NA,NA,NA,NA
320.747,1.7603,5.1281,1.0372,9.4116,NA,NA,NA,NA,NA,NA,NA,NA,NA,NA,NA,NA
320.844,1.7579,4.9863,1.0371,9.4046,NA,NA,NA,NA,NA,NA,NA,NA,NA,NA,NA,NA
320.939,1.7565,4.9043,1.0365,9.3389,NA,NA,NA,NA,NA,NA,NA,NA,NA,NA,NA,NA
321.045,1.7565,4.8991,1.0365,9.3389,NA,NA,NA,NA,NA,NA,NA,NA,NA,NA,NA,NA
321.140,1.7562,4.8860,1.0362,9.3038,NA,NA,NA,NA,NA,NA,NA,NA,NA,NA,NA,NA
321.231,1.7557,4.8514,1.0358,9.2627,NA,NA,NA,NA,NA,NA,NA,NA,NA,NA,NA,NA
321.338,1.7546,4.7884,1.0358,9.2627,NA,NA,NA,NA,NA,NA,NA,NA,NA,NA,NA,NA
321.433,1.7540,4.7535,1.0355,9.2335,NA,NA,NA,NA,NA,NA,NA,NA,NA,NA,NA,NA
321.551,1.7513,4.5922,1.0351,9.1923,NA,NA,NA,NA,NA,NA,NA,NA,NA,NA,NA,NA
321.640,1.7527,4.6724,1.0344,9.1179,NA,NA,NA,NA,NA,NA,NA,NA,NA,NA,NA,NA
321.721,1.7527,4.6724,1.0339,9.0633,NA,NA,NA,NA,NA,NA,NA,NA,NA,NA,NA,NA
321.818,1.7499,4.5084,1.0334,9.0144,NA,NA,NA,NA,NA,NA,NA,NA,NA,NA,NA,NA
321.925,1.7498,4.5013,1.0324,8.9071,NA,NA,NA,NA,NA,NA,NA,NA,NA,NA,NA,NA
322.020,1.7476,4.3711,1.0321,8.8739,NA,NA,NA,NA,NA,NA,NA,NA,NA,NA,NA,NA
322.120,1.7471,4.3426,1.0318,8.8484,NA,NA,NA,NA,NA,NA,NA,NA,NA,NA,NA,NA
322.215,1.7461,4.2790,1.0311,8.7724,NA,NA,NA,NA,NA,NA,NA,NA,NA,NA,NA,NA
322.313,1.7455,4.2458,1.0309,8.7434,NA,NA,NA,NA,NA,NA,NA,NA,NA,NA,NA,NA
322.423,1.7455,4.2458,1.0306,8.7176,NA,NA,NA,NA,NA,NA,NA,NA,NA,NA,NA,NA
322.511,1.7457,4.2548,1.0301,8.6631,NA,NA,NA,NA,NA,NA,NA,NA,NA,NA,NA,NA
322.607,1.7457,4.2548,1.0301,8.6625,NA,NA,NA,NA,NA,NA,NA,NA,NA,NA,NA,NA
322.727,1.7460,4.2763,1.0291,8.5612,NA,NA,NA,NA,NA,NA,NA,NA,NA,NA,NA,NA
322.797,1.7460,4.2763,1.0270,8.3414,NA,NA,NA,NA,NA,NA,NA,NA,NA,NA,NA,NA
322.898,1.7382,3.8062,1.0265,8.2852,NA,NA,NA,NA,NA,NA,NA,NA,NA,NA,NA,NA
322.996,1.7370,3.7400,1.0265,8.2882,NA,NA,NA,NA,NA,NA,NA,NA,NA,NA,NA,NA
323.092,1.7372,3.7469,1.0265,8.2882,NA,NA,NA,NA,NA,NA,NA,NA,NA,NA,NA,NA
323.189,1.7390,3.8588,1.0261,8.2463,NA,NA,NA,NA,NA,NA,NA,NA,NA,NA,NA,NA
323.292,1.7390,3.8588,1.0258,8.2153,NA,NA,NA,NA,NA,NA,NA,NA,NA,NA,NA,NA
323.393,1.7375,3.7696,1.0256,8.1886,NA,NA,NA,NA,NA,NA,NA,NA,NA,NA,NA,NA
323.485,1.7375,3.7672,1.0253,8.1603,NA,NA,NA,NA,NA,NA,NA,NA,NA,NA,NA,NA
323.587,1.7340,3.5581,1.0248,8.1071,NA,NA,NA,NA,NA,NA,NA,NA,NA,NA,NA,NA
323.706,1.7336,3.5320,1.0248,8.1023,NA,NA,NA,NA,NA,NA,NA,NA,NA,NA,NA,NA
323.773,1.7309,3.3716,1.0249,8.1146,NA,NA,NA,NA,NA,NA,NA,NA,NA,NA,NA,NA
323.875,1.7309,3.3716,1.0249,8.1146,NA,NA,NA,NA,NA,NA,NA,NA,NA,NA,NA,NA
324.025,1.7304,3.3440,1.0235,7.9667,NA,NA,NA,NA,NA,NA,NA,NA,NA,NA,NA,NA
324.074,1.7297,3.3014,1.0235,7.9632,NA,NA,NA,NA,NA,NA,NA,NA,NA,NA,NA,NA
324.169,1.7312,3.3886,1.0228,7.8946,NA,NA,NA,NA,NA,NA,NA,NA,NA,NA,NA,NA
324.271,1.7312,3.3886,1.0215,7.7520,NA,NA,NA,NA,NA,NA,NA,NA,NA,NA,NA,NA
324.365,1.7308,3.3651,1.0207,7.6726,NA,NA,NA,NA,NA,NA,NA,NA,NA,NA,NA,NA
324.472,1.7252,3.0326,1.0211,7.7161,NA,NA,NA,NA,NA,NA,NA,NA,NA,NA,NA,NA
324.571,1.7260,3.0805,1.0211,7.7161,NA,NA,NA,NA,NA,NA,NA,NA,NA,NA,NA,NA
324.663,1.7260,3.0805,1.0207,7.6694,NA,NA,NA,NA,NA,NA,NA,NA,NA,NA,NA,NA
324.754,1.7261,3.0886,1.0201,7.6131,NA,NA,NA,NA,NA,NA,NA,NA,NA,NA,NA,NA
324.856,1.7261,3.0886,1.0199,7.5847,NA,NA,NA,NA,NA,NA,NA,NA,NA,NA,NA,NA
324.975,1.7250,3.0183,1.0195,7.5418,NA,NA,NA,NA,NA,NA,NA,NA,NA,NA,NA,NA
325.051,1.7219,2.8345,1.0193,7.5216,NA,NA,NA,NA,NA,NA,NA,NA,NA,NA,NA,NA
325.149,1.7228,2.8869,1.0193,7.5198,NA,NA,NA,NA,NA,NA,NA,NA,NA,NA,NA,NA
325.249,1.7234,2.9254,1.0183,7.4167,NA,NA,NA,NA,NA,NA,NA,NA,NA,NA,NA,NA
325.345,1.7243,2.9788,1.0183,7.4167,NA,NA,NA,NA,NA,NA,NA,NA,NA,NA,NA,NA
325.441,1.7243,2.9788,1.0180,7.3824,NA,NA,NA,NA,NA,NA,NA,NA,NA,NA,NA,NA
325.537,1.7262,3.0922,1.0164,7.2193,NA,NA,NA,NA,NA,NA,NA,NA,NA,NA,NA,NA
325.642,1.7262,3.0922,1.0162,7.2011,NA,NA,NA,NA,NA,NA,NA,NA,NA,NA,NA,NA
325.783,1.7196,2.6965,1.0163,7.2057,NA,NA,NA,NA,NA,NA,NA,NA,NA,NA,NA,NA
325.834,1.7176,2.5763,1.0163,7.2057,NA,NA,NA,NA,NA,NA,NA,NA,NA,NA,NA,NA
325.935,1.7158,2.4719,1.0159,7.1634,NA,NA,NA,NA,NA,NA,NA,NA,NA,NA,NA,NA
326.027,1.7193,2.6816,1.0159,7.1634,NA,NA,NA,NA,NA,NA,NA,NA,NA,NA,NA,NA
326.127,1.7193,2.6816,1.0156,7.1317,NA,NA,NA,NA,NA,NA,NA,NA,NA,NA,NA,NA
326.258,1.7193,2.6788,1.0149,7.0651,NA,NA,NA,NA,NA,NA,NA,NA,NA,NA,NA,NA
326.367,1.7193,2.6788,1.0145,7.0145,NA,NA,NA,NA,NA,NA,NA,NA,NA,NA,NA,NA
326.424,1.7186,2.6367,1.0142,6.9867,NA,NA,NA,NA,NA,NA,NA,NA,NA,NA,NA,NA
326.523,1.7170,2.5412,1.0142,6.9867,NA,NA,NA,NA,NA,NA,NA,NA,NA,NA,NA,NA
326.622,1.7158,2.4736,1.0135,6.9154,NA,NA,NA,NA,NA,NA,NA,NA,NA,NA,NA,NA
326.712,1.7168,2.5295,1.0126,6.8189,NA,NA,NA,NA,NA,NA,NA,NA,NA,NA,NA,NA
326.813,1.7168,2.5295,1.0122,6.7772,NA,NA,NA,NA,NA,NA,NA,NA,NA,NA,NA,NA
326.975,1.7154,2.4478,1.0122,6.7772,NA,NA,NA,NA,NA,NA,NA,NA,NA,NA,NA,NA
327.005,1.7151,2.4283,1.0115,6.6996,NA,NA,NA,NA,NA,NA,NA,NA,NA,NA,NA,NA
327.112,1.7135,2.3328,1.0115,6.6996,NA,NA,NA,NA,NA,NA,NA,NA,NA,NA,NA,NA
327.203,1.7135,2.3328,1.0112,6.6750,NA,NA,NA,NA,NA,NA,NA,NA,NA,NA,NA,NA
327.308,1.7090,2.0668,1.0117,6.7276,NA,NA,NA,NA,NA,NA,NA,NA,NA,NA,NA,NA
327.400,1.7102,2.1363,1.0117,6.7276,NA,NA,NA,NA,NA,NA,NA,NA,NA,NA,NA,NA
327.494,1.7102,2.1363,1.0113,6.6824,NA,NA,NA,NA,NA,NA,NA,NA,NA,NA,NA,NA
327.608,1.7095,2.0934,1.0110,6.6484,NA,NA,NA,NA,NA,NA,NA,NA,NA,NA,NA,NA
327.691,1.7095,2.0934,1.0103,6.5727,NA,NA,NA,NA,NA,NA,NA,NA,NA,NA,NA,NA
327.795,1.7093,2.0830,1.0102,6.5698,NA,NA,NA,NA,NA,NA,NA,NA,NA,NA,NA,NA
327.893,1.7093,2.0830,1.0102,6.5660,NA,NA,NA,NA,NA,NA,NA,NA,NA,NA,NA,NA
327.991,1.7001,1.5340,1.0097,6.5130,NA,NA,NA,NA,NA,NA,NA,NA,NA,NA,NA,NA
328.126,1.6994,1.4937,1.0095,6.4899,NA,NA,NA,NA,NA,NA,NA,NA,NA,NA,NA,NA
328.185,1.6995,1.4972,1.0095,6.4899,NA,NA,NA,NA,NA,NA,NA,NA,NA,NA,NA,NA
328.282,1.7056,1.8615,1.0092,6.4631,NA,NA,NA,NA,NA,NA,NA,NA,NA,NA,NA,NA
328.381,1.7056,1.8615,1.0088,6.4191,NA,NA,NA,NA,NA,NA,NA,NA,NA,NA,NA,NA
328.476,1.7011,1.5947,1.0082,6.3538,NA,NA,NA,NA,NA,NA,NA,NA,NA,NA,NA,NA
328.588,1.6992,1.4817,1.0074,6.2715,NA,NA,NA,NA,NA,NA,NA,NA,NA,NA,NA,NA
328.680,1.6995,1.4988,1.0070,6.2297,NA,NA,NA,NA,NA,NA,NA,NA,NA,NA,NA,NA
328.832,1.6995,1.4988,1.0069,6.2198,NA,NA,NA,NA,NA,NA,NA,NA,NA,NA,NA,NA
328.876,1.6978,1.3957,1.0059,6.1067,NA,NA,NA,NA,NA,NA,NA,NA,NA,NA,NA,NA
328.971,1.7034,1.7291,1.0057,6.0924,NA,NA,NA,NA,NA,NA,NA,NA,NA,NA,NA,NA
329.068,1.7034,1.7291,1.0055,6.0730,NA,NA,NA,NA,NA,NA,NA,NA,NA,NA,NA,NA
329.166,1.7027,1.6920,1.0055,6.0730,NA,NA,NA,NA,NA,NA,NA,NA,NA,NA,NA,NA
329.256,1.7027,1.6920,1.0055,6.0695,NA,NA,NA,NA,NA,NA,NA,NA,NA,NA,NA,NA
329.363,1.6984,1.4349,1.0045,5.9672,NA,NA,NA,NA,NA,NA,NA,NA,NA,NA,NA,NA
329.460,1.6984,1.4349,1.0042,5.9265,NA,NA,NA,NA,NA,NA,NA,NA,NA,NA,NA,NA
329.554,1.6981,1.4117,1.0042,5.9265,NA,NA,NA,NA,NA,NA,NA,NA,NA,NA,NA,NA
329.657,1.6970,1.3470,1.0034,5.8443,NA,NA,NA,NA,NA,NA,NA,NA,NA,NA,NA,NA
329.751,1.6933,1.1276,1.0029,5.7911,NA,NA,NA,NA,NA,NA,NA,NA,NA,NA,NA,NA
329.844,1.6919,1.0426,1.0027,5.7771,NA,NA,NA,NA,NA,NA,NA,NA,NA,NA,NA,NA
329.944,1.6919,1.0426,1.0027,5.7771,NA,NA,NA,NA,NA,NA,NA,NA,NA,NA,NA,NA
330.051,1.6938,1.1573,1.0025,5.7546,NA,NA,NA,NA,NA,NA,NA,NA,NA,NA,NA,NA
330.144,1.6952,1.2391,1.0024,5.7427,NA,NA,NA,NA,NA,NA,NA,NA,NA,NA,NA,NA
330.247,1.6952,1.2391,1.0018,5.6825,NA,NA,NA,NA,NA,NA,NA,NA,NA,NA,NA,NA
330.336,1.6945,1.1988,1.0013,5.6216,NA,NA,NA,NA,NA,NA,NA,NA,NA,NA,NA,NA
330.435,1.6927,1.0940,1.0013,5.6301,NA,NA,NA,NA,NA,NA,NA,NA,NA,NA,NA,NA
330.535,1.6925,1.0809,1.0013,5.6301,NA,NA,NA,NA,NA,NA,NA,NA,NA,NA,NA,NA
330.628,1.6944,1.1954,0.9998,5.4659,NA,NA,NA,NA,NA,NA,NA,NA,NA,NA,NA,NA
330.735,1.6944,1.1954,0.9996,5.4413,NA,NA,NA,NA,NA,NA,NA,NA,NA,NA,NA,NA
330.827,1.6965,1.3184,0.9995,5.4398,NA,NA,NA,NA,NA,NA,NA,NA,NA,NA,NA,NA
330.928,1.6981,1.4127,0.9996,5.4466,NA,NA,NA,NA,NA,NA,NA,NA,NA,NA,NA,NA
331.024,1.6981,1.4127,0.9996,5.4466,NA,NA,NA,NA,NA,NA,NA,NA,NA,NA,NA,NA
331.170,1.6928,1.0975,0.9997,5.4524,NA,NA,NA,NA,NA,NA,NA,NA,NA,NA,NA,NA
331.223,1.6923,1.0661,0.9997,5.4524,NA,NA,NA,NA,NA,NA,NA,NA,NA,NA,NA,NA
331.314,1.6924,1.0754,0.9989,5.3721,NA,NA,NA,NA,NA,NA,NA,NA,NA,NA,NA,NA
331.409,1.6924,1.0754,0.9986,5.3365,NA,NA,NA,NA,NA,NA,NA,NA,NA,NA,NA,NA
331.500,1.6913,1.0057,0.9981,5.2900,NA,NA,NA,NA,NA,NA,NA,NA,NA,NA,NA,NA
331.609,1.6882,0.8239,0.9979,5.2663,NA,NA,NA,NA,NA,NA,NA,NA,NA,NA,NA,NA
331.707,1.6862,0.7034,0.9973,5.2045,NA,NA,NA,NA,NA,NA,NA,NA,NA,NA,NA,NA
331.796,1.6862,0.7034,0.9973,5.2045,NA,NA,NA,NA,NA,NA,NA,NA,NA,NA,NA,NA
331.901,1.6842,0.5830,0.9972,5.1968,NA,NA,NA,NA,NA,NA,NA,NA,NA,NA,NA,NA
332.003,1.6842,0.5830,0.9964,5.1070,NA,NA,NA,NA,NA,NA,NA,NA,NA,NA,NA,NA
332.096,1.6843,0.5899,0.9957,5.0339,NA,NA,NA,NA,NA,NA,NA,NA,NA,NA,NA,NA
332.199,1.6843,0.5899,0.9952,4.9874,NA,NA,NA,NA,NA,NA,NA,NA,NA,NA,NA,NA
332.327,1.6835,0.5426,0.9951,4.9701,NA,NA,NA,NA,NA,NA,NA,NA,NA,NA,NA,NA
332.394,1.6826,0.4872,0.9946,4.9238,NA,NA,NA,NA,NA,NA,NA,NA,NA,NA,NA,NA
332.490,1.6826,0.4872,0.9946,4.9238,NA,NA,NA,NA,NA,NA,NA,NA,NA,NA,NA,NA
332.591,1.6802,0.3479,0.9948,4.9445,NA,NA,NA,NA,NA,NA,NA,NA,NA,NA,NA,NA
332.693,1.6795,0.3063,0.9948,4.9445,NA,NA,NA,NA,NA,NA,NA,NA,NA,NA,NA,NA
332.785,1.6793,0.2913,0.9947,4.9265,NA,NA,NA,NA,NA,NA,NA,NA,NA,NA,NA,NA
332.894,1.6805,0.3611,0.9941,4.8671,NA,NA,NA,NA,NA,NA,NA,NA,NA,NA,NA,NA
333.037,1.6878,0.7994,0.9966,5.1318,NA,NA,NA,NA,NA,NA,NA,NA,NA,NA,NA,NA
333.072,1.7176,2.5767,1.0066,6.1885,NA,NA,NA,NA,NA,NA,NA,NA,NA,NA,NA,NA
333.173,1.7532,4.7043,1.0172,7.3051,NA,NA,NA,NA,NA,NA,NA,NA,NA,NA,NA,NA
333.289,1.7759,6.0617,1.0271,8.3510,NA,NA,NA,NA,NA,NA,NA,NA,NA,NA,NA,NA
333.379,1.8051,7.8044,1.0361,9.2950,NA,NA,NA,NA,NA,NA,NA,NA,NA,NA,NA,NA
333.535,1.8203,8.7095,1.0447,10.2017,NA,NA,NA,NA,NA,NA,NA,NA,NA,NA,NA,NA
333.568,1.8310,9.3502,1.0483,10.5795,NA,NA,NA,NA,NA,NA,NA,NA,NA,NA,NA,NA
333.673,1.8347,9.5711,1.0490,10.6567,NA,NA,NA,NA,NA,NA,NA,NA,NA,NA,NA,NA
333.774,1.8347,9.5711,1.0490,10.6567,NA,NA,NA,NA,NA,NA,NA,NA,NA,NA,NA,NA
333.866,1.8298,9.2786,1.0489,10.6506,NA,NA,NA,NA,NA,NA,NA,NA,NA,NA,NA,NA
333.966,1.8280,9.1696,1.0482,10.5764,NA,NA,NA,NA,NA,NA,NA,NA,NA,NA,NA,NA
334.051,1.8166,8.4904,1.0447,10.2062,NA,NA,NA,NA,NA,NA,NA,NA,NA,NA,NA,NA
334.235,1.8088,8.0267,1.0431,10.0328,NA,NA,NA,NA,NA,NA,NA,NA,NA,NA,NA,NA
334.261,1.7948,7.1909,1.0402,9.7248,NA,NA,NA,NA,NA,NA,NA,NA,NA,NA,NA,NA
334.353,1.7885,6.8120,1.0373,9.4266,NA,NA,NA,NA,NA,NA,NA,NA,NA,NA,NA,NA
334.449,1.7842,6.5565,1.0350,9.1790,NA,NA,NA,NA,NA,NA,NA,NA,NA,NA,NA,NA
334.552,1.7768,6.1147,1.0342,9.0919,NA,NA,NA,NA,NA,NA,NA,NA,NA,NA,NA,NA
334.649,1.7711,5.7724,1.0310,8.7638,NA,NA,NA,NA,NA,NA,NA,NA,NA,NA,NA,NA
334.744,1.7670,5.5285,1.0297,8.6197,NA,NA,NA,NA,NA,NA,NA,NA,NA,NA,NA,NA
334.842,1.7630,5.2919,1.0285,8.4996,NA,NA,NA,NA,NA,NA,NA,NA,NA,NA,NA,NA
334.938,1.7597,5.0934,1.0266,8.2973,NA,NA,NA,NA,NA,NA,NA,NA,NA,NA,NA,NA
335.043,1.7580,4.9917,1.0253,8.1551,NA,NA,NA,NA,NA,NA,NA,NA,NA,NA,NA,NA
335.134,1.7514,4.5953,1.0242,8.0412,NA,NA,NA,NA,NA,NA,NA,NA,NA,NA,NA,NA
335.235,1.7514,4.5953,1.0235,7.9704,NA,NA,NA,NA,NA,NA,NA,NA,NA,NA,NA,NA
335.405,1.7433,4.1126,1.0223,7.8433,NA,NA,NA,NA,NA,NA,NA,NA,NA,NA,NA,NA
335.427,1.7433,4.1126,1.0218,7.7896,NA,NA,NA,NA,NA,NA,NA,NA,NA,NA,NA,NA
335.537,1.7399,3.9130,1.0200,7.5982,NA,NA,NA,NA,NA,NA,NA,NA,NA,NA,NA,NA
335.627,1.7400,3.9148,1.0189,7.4874,NA,NA,NA,NA,NA,NA,NA,NA,NA,NA,NA,NA
335.729,1.7400,3.9148,1.0184,7.4280,NA,NA,NA,NA,NA,NA,NA,NA,NA,NA,NA,NA
335.823,1.7387,3.8376,1.0176,7.3443,NA,NA,NA,NA,NA,NA,NA,NA,NA,NA,NA,NA
335.968,1.7343,3.5789,1.0166,7.2377,NA,NA,NA,NA,NA,NA,NA,NA,NA,NA,NA,NA
336.017,1.7295,3.2875,1.0157,7.1436,NA,NA,NA,NA,NA,NA,NA,NA,NA,NA,NA,NA
336.117,1.7295,3.2875,1.0151,7.0766,NA,NA,NA,NA,NA,NA,NA,NA,NA,NA,NA,NA
336.210,1.7229,2.8947,1.0137,6.9341,NA,NA,NA,NA,NA,NA,NA,NA,NA,NA,NA,NA
336.309,1.7220,2.8399,1.0129,6.8527,NA,NA,NA,NA,NA,NA,NA,NA,NA,NA,NA,NA
336.413,1.7223,2.8605,1.0118,6.7372,NA,NA,NA,NA,NA,NA,NA,NA,NA,NA,NA,NA
336.558,1.7252,3.0307,1.0152,7.0877,NA,NA,NA,NA,NA,NA,NA,NA,NA,NA,NA,NA
336.600,1.7554,4.8364,1.0252,8.1466,NA,NA,NA,NA,NA,NA,NA,NA,NA,NA,NA,NA
336.701,1.7917,7.0048,1.0383,9.5298,NA,NA,NA,NA,NA,NA,NA,NA,NA,NA,NA,NA
336.799,1.8199,8.6885,1.0509,10.8572,NA,NA,NA,NA,NA,NA,NA,NA,NA,NA,NA,NA
336.899,1.8592,11.0366,1.0609,11.9122,NA,NA,NA,NA,NA,NA,NA,NA,NA,NA,NA,NA
336.994,1.8759,12.0352,1.0681,12.6776,NA,NA,NA,NA,NA,NA,NA,NA,NA,NA,NA,NA
337.090,1.9042,13.7258,1.0753,13.4347,NA,NA,NA,NA,NA,NA,NA,NA,NA,NA,NA,NA
337.207,1.9188,14.5946,1.0833,14.2796,NA,NA,NA,NA,NA,NA,NA,NA,NA,NA,NA,NA
337.288,1.9400,15.8583,1.0930,15.2947,NA,NA,NA,NA,NA,NA,NA,NA,NA,NA,NA,NA
337.386,1.9483,16.3581,1.0987,15.9048,NA,NA,NA,NA,NA,NA,NA,NA,NA,NA,NA,NA
337.481,1.9658,17.4037,1.1073,16.8124,NA,NA,NA,NA,NA,NA,NA,NA,NA,NA,NA,NA
337.592,1.9845,18.5169,1.1153,17.6545,NA,NA,NA,NA,NA,NA,NA,NA,NA,NA,NA,NA
337.747,1.9925,18.9966,1.1243,18.6011,NA,NA,NA,NA,NA,NA,NA,NA,NA,NA,NA,NA
337.781,2.0085,19.9524,1.1308,19.2829,NA,NA,NA,NA,NA,NA,NA,NA,NA,NA,NA,NA
337.876,2.0125,20.1923,1.1351,19.7351,NA,NA,NA,NA,NA,NA,NA,NA,NA,NA,NA,NA
337.979,2.0130,20.2202,1.1363,19.8703,NA,NA,NA,NA,NA,NA,NA,NA,NA,NA,NA,NA
338.073,2.0130,20.2202,1.1363,19.8703,NA,NA,NA,NA,NA,NA,NA,NA,NA,NA,NA,NA
338.169,1.9994,19.4086,1.1360,19.8383,NA,NA,NA,NA,NA,NA,NA,NA,NA,NA,NA,NA
338.265,1.9914,18.9286,1.1360,19.8383,NA,NA,NA,NA,NA,NA,NA,NA,NA,NA,NA,NA
338.371,1.9792,18.2049,1.1320,19.4112,NA,NA,NA,NA,NA,NA,NA,NA,NA,NA,NA,NA
338.464,1.9667,17.4551,1.1246,18.6300,NA,NA,NA,NA,NA,NA,NA,NA,NA,NA,NA,NA
338.558,1.9605,17.0865,1.1213,18.2862,NA,NA,NA,NA,NA,NA,NA,NA,NA,NA,NA,NA
338.659,1.9401,15.8690,1.1163,17.7562,NA,NA,NA,NA,NA,NA,NA,NA,NA,NA,NA,NA
338.758,1.9318,15.3738,1.1125,17.3584,NA,NA,NA,NA,NA,NA,NA,NA,NA,NA,NA,NA
338.855,1.9216,14.7633,1.1102,17.1089,NA,NA,NA,NA,NA,NA,NA,NA,NA,NA,NA,NA
339.023,1.9140,14.3077,1.1079,16.8725,NA,NA,NA,NA,NA,NA,NA,NA,NA,NA,NA,NA
339.061,1.9050,13.7713,1.1048,16.5390,NA,NA,NA,NA,NA,NA,NA,NA,NA,NA,NA,NA
339.146,1.9016,13.5667,1.1030,16.3511,NA,NA,NA,NA,NA,NA,NA,NA,NA,NA,NA,NA
339.245,1.9002,13.4834,1.1006,16.1012,NA,NA,NA,NA,NA,NA,NA,NA,NA,NA,NA,NA
339.348,1.8887,12.7983,1.0984,15.8680,NA,NA,NA,NA,NA,NA,NA,NA,NA,NA,NA,NA
339.439,1.8861,12.6421,1.0957,15.5863,NA,NA,NA,NA,NA,NA,NA,NA,NA,NA,NA,NA
339.563,1.8836,12.4905,1.0945,15.4564,NA,NA,NA,NA,NA,NA,NA,NA,NA,NA,NA,NA
339.637,1.8836,12.4905,1.0933,15.3320,NA,NA,NA,NA,NA,NA,NA,NA,NA,NA,NA,NA
339.737,1.8796,12.2534,1.0927,15.2664,NA,NA,NA,NA,NA,NA,NA,NA,NA,NA,NA,NA
339.833,1.8796,12.2534,1.0921,15.2022,NA,NA,NA,NA,NA,NA,NA,NA,NA,NA,NA,NA
339.929,1.8759,12.0313,1.0899,14.9689,NA,NA,NA,NA,NA,NA,NA,NA,NA,NA,NA,NA
340.045,1.8737,11.9010,1.0894,14.9156,NA,NA,NA,NA,NA,NA,NA,NA,NA,NA,NA,NA
340.163,1.8737,11.9035,1.0883,14.8021,NA,NA,NA,NA,NA,NA,NA,NA,NA,NA,NA,NA
340.228,1.8737,11.9035,1.0877,14.7430,NA,NA,NA,NA,NA,NA,NA,NA,NA,NA,NA,NA
340.339,1.8725,11.8290,1.0866,14.6242,NA,NA,NA,NA,NA,NA,NA,NA,NA,NA,NA,NA
340.418,1.8719,11.7914,1.0857,14.5333,NA,NA,NA,NA,NA,NA,NA,NA,NA,NA,NA,NA
340.519,1.8699,11.6741,1.0849,14.4455,NA,NA,NA,NA,NA,NA,NA,NA,NA,NA,NA,NA
340.614,1.8679,11.5567,1.0842,14.3685,NA,NA,NA,NA,NA,NA,NA,NA,NA,NA,NA,NA
340.767,1.8662,11.4526,1.0842,14.3685,NA,NA,NA,NA,NA,NA,NA,NA,NA,NA,NA,NA
340.813,1.8662,11.4526,1.0835,14.3006,NA,NA,NA,NA,NA,NA,NA,NA,NA,NA,NA,NA
340.912,1.8622,11.2129,1.0824,14.1852,NA,NA,NA,NA,NA,NA,NA,NA,NA,NA,NA,NA
341.006,1.8625,11.2310,1.0816,14.0995,NA,NA,NA,NA,NA,NA,NA,NA,NA,NA,NA,NA
341.105,1.8656,11.4176,1.0815,14.0822,NA,NA,NA,NA,NA,NA,NA,NA,NA,NA,NA,NA
341.204,1.8656,11.4176,1.0811,14.0461,NA,NA,NA,NA,NA,NA,NA,NA,NA,NA,NA,NA
341.305,1.8631,11.2678,1.0809,14.0273,NA,NA,NA,NA,NA,NA,NA,NA,NA,NA,NA,NA
341.428,1.8656,11.4201,1.0809,14.0273,NA,NA,NA,NA,NA,NA,NA,NA,NA,NA,NA,NA
341.498,1.8656,11.4201,1.0800,13.9319,NA,NA,NA,NA,NA,NA,NA,NA,NA,NA,NA,NA
341.591,1.8629,11.2584,1.0797,13.8972,NA,NA,NA,NA,NA,NA,NA,NA,NA,NA,NA,NA
341.694,1.8616,11.1813,1.0792,13.8440,NA,NA,NA,NA,NA,NA,NA,NA,NA,NA,NA,NA
341.791,1.8600,11.0813,1.0785,13.7711,NA,NA,NA,NA,NA,NA,NA,NA,NA,NA,NA,NA
341.890,1.8600,11.0813,1.0775,13.6648,NA,NA,NA,NA,NA,NA,NA,NA,NA,NA,NA,NA
342.014,1.8538,10.7148,1.0769,13.6037,NA,NA,NA,NA,NA,NA,NA,NA,NA,NA,NA,NA
342.087,1.8514,10.5704,1.0766,13.5726,NA,NA,NA,NA,NA,NA,NA,NA,NA,NA,NA,NA
342.187,1.8506,10.5207,1.0755,13.4489,NA,NA,NA,NA,NA,NA,NA,NA,NA,NA,NA,NA
342.282,1.8530,10.6650,1.0752,13.4232,NA,NA,NA,NA,NA,NA,NA,NA,NA,NA,NA,NA
342.390,1.8530,10.6650,1.0749,13.3910,NA,NA,NA,NA,NA,NA,NA,NA,NA,NA,NA,NA
342.477,1.8510,10.5461,1.0744,13.3362,NA,NA,NA,NA,NA,NA,NA,NA,NA,NA,NA,NA
342.594,1.8501,10.4916,1.0743,13.3267,NA,NA,NA,NA,NA,NA,NA,NA,NA,NA,NA,NA
342.680,1.8472,10.3199,1.0743,13.3267,NA,NA,NA,NA,NA,NA,NA,NA,NA,NA,NA,NA
342.774,1.8472,10.3199,1.0733,13.2158,NA,NA,NA,NA,NA,NA,NA,NA,NA,NA,NA,NA
342.867,1.8464,10.2685,1.0726,13.1514,NA,NA,NA,NA,NA,NA,NA,NA,NA,NA,NA,NA
342.972,1.8464,10.2685,1.0724,13.1228,NA,NA,NA,NA,NA,NA,NA,NA,NA,NA,NA,NA
343.063,1.8434,10.0900,1.0709,12.9707,NA,NA,NA,NA,NA,NA,NA,NA,NA,NA,NA,NA
343.169,1.8432,10.0797,1.0702,12.8982,NA,NA,NA,NA,NA,NA,NA,NA,NA,NA,NA,NA
343.258,1.8406,9.9254,1.0699,12.8591,NA,NA,NA,NA,NA,NA,NA,NA,NA,NA,NA,NA
343.367,1.8391,9.8355,1.0691,12.7790,NA,NA,NA,NA,NA,NA,NA,NA,NA,NA,NA,NA
343.454,1.8378,9.7601,1.0688,12.7507,NA,NA,NA,NA,NA,NA,NA,NA,NA,NA,NA,NA
343.554,1.8372,9.7209,1.0688,12.7507,NA,NA,NA,NA,NA,NA,NA,NA,NA,NA,NA,NA
343.650,1.8372,9.7209,1.0679,12.6466,NA,NA,NA,NA,NA,NA,NA,NA,NA,NA,NA,NA
343.751,1.8371,9.7181,1.0673,12.5849,NA,NA,NA,NA,NA,NA,NA,NA,NA,NA,NA,NA
343.845,1.8370,9.7081,1.0673,12.5895,NA,NA,NA,NA,NA,NA,NA,NA,NA,NA,NA,NA
343.946,1.8342,9.5427,1.0673,12.5895,NA,NA,NA,NA,NA,NA,NA,NA,NA,NA,NA,NA
344.055,1.8323,9.4267,1.0666,12.5111,NA,NA,NA,NA,NA,NA,NA,NA,NA,NA,NA,NA
344.142,1.8278,9.1623,1.0657,12.4236,NA,NA,NA,NA,NA,NA,NA,NA,NA,NA,NA,NA
344.244,1.8264,9.0765,1.0655,12.3930,NA,NA,NA,NA,NA,NA,NA,NA,NA,NA,NA,NA
344.339,1.8264,9.0765,1.0652,12.3653,NA,NA,NA,NA,NA,NA,NA,NA,NA,NA,NA,NA
344.440,1.8251,8.9985,1.0644,12.2803,NA,NA,NA,NA,NA,NA,NA,NA,NA,NA,NA,NA
344.534,1.8251,8.9985,1.0633,12.1653,NA,NA,NA,NA,NA,NA,NA,NA,NA,NA,NA,NA
344.629,1.8134,8.3031,1.0630,12.1345,NA,NA,NA,NA,NA,NA,NA,NA,NA,NA,NA,NA
344.738,1.8134,8.3031,1.0617,11.9995,NA,NA,NA,NA,NA,NA,NA,NA,NA,NA,NA,NA
344.824,1.8100,8.0949,1.0608,11.8992,NA,NA,NA,NA,NA,NA,NA,NA,NA,NA,NA,NA
344.924,1.8100,8.0949,1.0602,11.8349,NA,NA,NA,NA,NA,NA,NA,NA,NA,NA,NA,NA
345.025,1.8069,7.9149,1.0580,11.6027,NA,NA,NA,NA,NA,NA,NA,NA,NA,NA,NA,NA
345.127,1.8091,8.0412,1.0578,11.5863,NA,NA,NA,NA,NA,NA,NA,NA,NA,NA,NA,NA
345.218,1.8091,8.0412,1.0567,11.4656,NA,NA,NA,NA,NA,NA,NA,NA,NA,NA,NA,NA
345.316,1.8071,7.9245,1.0565,11.4507,NA,NA,NA,NA,NA,NA,NA,NA,NA,NA,NA,NA
345.412,1.8071,7.9245,1.0554,11.3285,NA,NA,NA,NA,NA,NA,NA,NA,NA,NA,NA,NA
345.510,1.8060,7.8562,1.0545,11.2401,NA,NA,NA,NA,NA,NA,NA,NA,NA,NA,NA,NA
345.629,1.8047,7.7830,1.0534,11.1181,NA,NA,NA,NA,NA,NA,NA,NA,NA,NA,NA,NA
345.704,1.8001,7.5043,1.0529,11.0682,NA,NA,NA,NA,NA,NA,NA,NA,NA,NA,NA,NA
345.811,1.7994,7.4668,1.0529,11.0682,NA,NA,NA,NA,NA,NA,NA,NA,NA,NA,NA,NA
345.911,1.7994,7.4616,1.0528,11.0589,NA,NA,NA,NA,NA,NA,NA,NA,NA,NA,NA,NA
346.003,1.7981,7.3891,1.0528,11.0589,NA,NA,NA,NA,NA,NA,NA,NA,NA,NA,NA,NA
346.096,1.7981,7.3891,1.0514,10.9111,NA,NA,NA,NA,NA,NA,NA,NA,NA,NA,NA,NA
346.209,1.7953,7.2169,1.0505,10.8173,NA,NA,NA,NA,NA,NA,NA,NA,NA,NA,NA,NA
346.305,1.7951,7.2058,1.0486,10.6137,NA,NA,NA,NA,NA,NA,NA,NA,NA,NA,NA,NA
346.392,1.7938,7.1305,1.0484,10.5901,NA,NA,NA,NA,NA,NA,NA,NA,NA,NA,NA,NA
346.500,1.7932,7.0942,1.0472,10.4702,NA,NA,NA,NA,NA,NA,NA,NA,NA,NA,NA,NA
346.590,1.7931,7.0879,1.0467,10.4131,NA,NA,NA,NA,NA,NA,NA,NA,NA,NA,NA,NA
346.748,1.7922,7.0357,1.0467,10.4131,NA,NA,NA,NA,NA,NA,NA,NA,NA,NA,NA,NA
346.793,1.7922,7.0357,1.0458,10.3179,NA,NA,NA,NA,NA,NA,NA,NA,NA,NA,NA,NA
346.885,1.7916,7.0009,1.0458,10.3179,NA,NA,NA,NA,NA,NA,NA,NA,NA,NA,NA,NA
346.988,1.7916,7.0009,1.0454,10.2797,NA,NA,NA,NA,NA,NA,NA,NA,NA,NA,NA,NA
347.083,1.7900,6.9007,1.0433,10.0529,NA,NA,NA,NA,NA,NA,NA,NA,NA,NA,NA,NA
347.177,1.7892,6.8543,1.0433,10.0529,NA,NA,NA,NA,NA,NA,NA,NA,NA,NA,NA,NA
347.274,1.7892,6.8526,1.0446,10.1901,NA,NA,NA,NA,NA,NA,NA,NA,NA,NA,NA,NA
347.383,1.7883,6.8031,1.0446,10.1901,NA,NA,NA,NA,NA,NA,NA,NA,NA,NA,NA,NA
347.469,1.7883,6.8031,1.0425,9.9679,NA,NA,NA,NA,NA,NA,NA,NA,NA,NA,NA,NA
347.567,1.7838,6.5329,1.0418,9.8994,NA,NA,NA,NA,NA,NA,NA,NA,NA,NA,NA,NA
347.665,1.7838,6.5329,1.0418,9.8994,NA,NA,NA,NA,NA,NA,NA,NA,NA,NA,NA,NA
347.767,1.7824,6.4494,1.0415,9.8621,NA,NA,NA,NA,NA,NA,NA,NA,NA,NA,NA,NA
347.859,1.7816,6.3987,1.0413,9.8471,NA,NA,NA,NA,NA,NA,NA,NA,NA,NA,NA,NA
348.036,1.7772,6.1362,1.0412,9.8385,NA,NA,NA,NA,NA,NA,NA,NA,NA,NA,NA,NA
348.060,1.7766,6.1002,1.0410,9.8167,NA,NA,NA,NA,NA,NA,NA,NA,NA,NA,NA,NA
348.159,1.7766,6.1002,1.0412,9.8302,NA,NA,NA,NA,NA,NA,NA,NA,NA,NA,NA,NA
348.263,1.7776,6.1593,1.0412,9.8302,NA,NA,NA,NA,NA,NA,NA,NA,NA,NA,NA,NA
348.350,1.7776,6.1593,1.0410,9.8161,NA,NA,NA,NA,NA,NA,NA,NA,NA,NA,NA,NA
348.446,1.7792,6.2593,1.0404,9.7504,NA,NA,NA,NA,NA,NA,NA,NA,NA,NA,NA,NA
348.553,1.7792,6.2593,1.0399,9.6973,NA,NA,NA,NA,NA,NA,NA,NA,NA,NA,NA,NA
348.648,1.7745,5.9787,1.0397,9.6753,NA,NA,NA,NA,NA,NA,NA,NA,NA,NA,NA,NA
348.743,1.7732,5.8992,1.0395,9.6544,NA,NA,NA,NA,NA,NA,NA,NA,NA,NA,NA,NA
348.840,1.7749,5.9981,1.0395,9.6544,NA,NA,NA,NA,NA,NA,NA,NA,NA,NA,NA,NA
348.943,1.7749,5.9981,1.0390,9.6035,NA,NA,NA,NA,NA,NA,NA,NA,NA,NA,NA,NA
349.043,1.7709,5.7615,1.0380,9.5011,NA,NA,NA,NA,NA,NA,NA,NA,NA,NA,NA,NA
349.134,1.7709,5.7615,1.0381,9.5031,NA,NA,NA,NA,NA,NA,NA,NA,NA,NA,NA,NA
349.237,1.7706,5.7455,1.0381,9.5031,NA,NA,NA,NA,NA,NA,NA,NA,NA,NA,NA,NA
349.336,1.7699,5.7031,1.0367,9.3575,NA,NA,NA,NA,NA,NA,NA,NA,NA,NA,NA,NA
349.444,1.7707,5.7472,1.0359,9.2770,NA,NA,NA,NA,NA,NA,NA,NA,NA,NA,NA,NA
349.523,1.7711,5.7749,1.0358,9.2660,NA,NA,NA,NA,NA,NA,NA,NA,NA,NA,NA,NA
349.631,1.7711,5.7749,1.0353,9.2174,NA,NA,NA,NA,NA,NA,NA,NA,NA,NA,NA,NA
349.780,1.7715,5.7981,1.0351,9.1893,NA,NA,NA,NA,NA,NA,NA,NA,NA,NA,NA,NA
349.823,1.7715,5.7981,1.0347,9.1508,NA,NA,NA,NA,NA,NA,NA,NA,NA,NA,NA,NA
349.915,1.7687,5.6331,1.0342,9.0939,NA,NA,NA,NA,NA,NA,NA,NA,NA,NA,NA,NA
350.019,1.7651,5.4142,1.0340,9.0719,NA,NA,NA,NA,NA,NA,NA,NA,NA,NA,NA,NA
350.116,1.7651,5.4142,1.0338,9.0576,NA,NA,NA,NA,NA,NA,NA,NA,NA,NA,NA,NA
350.216,1.7654,5.4338,1.0334,9.0069,NA,NA,NA,NA,NA,NA,NA,NA,NA,NA,NA,NA
350.307,1.7654,5.4338,1.0329,8.9574,NA,NA,NA,NA,NA,NA,NA,NA,NA,NA,NA,NA
350.410,1.7652,5.4197,1.0326,8.9308,NA,NA,NA,NA,NA,NA,NA,NA,NA,NA,NA,NA
350.501,1.7652,5.4197,1.0328,8.9458,NA,NA,NA,NA,NA,NA,NA,NA,NA,NA,NA,NA
350.608,1.7623,5.2490,1.0328,8.9458,NA,NA,NA,NA,NA,NA,NA,NA,NA,NA,NA,NA
350.701,1.7587,5.0354,1.0323,8.8949,NA,NA,NA,NA,NA,NA,NA,NA,NA,NA,NA,NA
350.810,1.7585,5.0211,1.0312,8.7843,NA,NA,NA,NA,NA,NA,NA,NA,NA,NA,NA,NA
350.940,1.7609,5.1653,1.0297,8.6196,NA,NA,NA,NA,NA,NA,NA,NA,NA,NA,NA,NA
350.995,1.7609,5.1653,1.0293,8.5821,NA,NA,NA,NA,NA,NA,NA,NA,NA,NA,NA,NA
351.090,1.7599,5.1077,1.0292,8.5697,NA,NA,NA,NA,NA,NA,NA,NA,NA,NA,NA,NA
351.189,1.7599,5.1077,1.0287,8.5169,NA,NA,NA,NA,NA,NA,NA,NA,NA,NA,NA,NA
351.299,1.7641,5.3543,1.0284,8.4886,NA,NA,NA,NA,NA,NA,NA,NA,NA,NA,NA,NA
351.392,1.7641,5.3543,1.0284,8.4795,NA,NA,NA,NA,NA,NA,NA,NA,NA,NA,NA,NA
351.483,1.7586,5.0257,1.0279,8.4359,NA,NA,NA,NA,NA,NA,NA,NA,NA,NA,NA,NA
351.618,1.7574,4.9565,1.0277,8.4078,NA,NA,NA,NA,NA,NA,NA,NA,NA,NA,NA,NA
351.682,1.7558,4.8603,1.0273,8.3723,NA,NA,NA,NA,NA,NA,NA,NA,NA,NA,NA,NA
351.787,1.7549,4.8043,1.0270,8.3401,NA,NA,NA,NA,NA,NA,NA,NA,NA,NA,NA,NA
351.872,1.7539,4.7470,1.0270,8.3401,NA,NA,NA,NA,NA,NA,NA,NA,NA,NA,NA,NA
351.975,1.7531,4.6986,1.0260,8.2305,NA,NA,NA,NA,NA,NA,NA,NA,NA,NA,NA,NA
352.123,1.7531,4.6986,1.0258,8.2142,NA,NA,NA,NA,NA,NA,NA,NA,NA,NA,NA,NA
352.172,1.7503,4.5310,1.0242,8.0407,NA,NA,NA,NA,NA,NA,NA,NA,NA,NA,NA,NA
352.270,1.7503,4.5310,1.0242,8.0407,NA,NA,NA,NA,NA,NA,NA,NA,NA,NA,NA,NA
352.364,1.7496,4.4900,1.0238,8.0039,NA,NA,NA,NA,NA,NA,NA,NA,NA,NA,NA,NA
352.463,1.7496,4.4900,1.0231,7.9246,NA,NA,NA,NA,NA,NA,NA,NA,NA,NA,NA,NA
352.560,1.7485,4.4256,1.0226,7.8778,NA,NA,NA,NA,NA,NA,NA,NA,NA,NA,NA,NA
352.668,1.7466,4.3088,1.0226,7.8747,NA,NA,NA,NA,NA,NA,NA,NA,NA,NA,NA,NA
352.803,1.7466,4.3088,1.0226,7.8747,NA,NA,NA,NA,NA,NA,NA,NA,NA,NA,NA,NA
352.854,1.7395,3.8873,1.0222,7.8352,NA,NA,NA,NA,NA,NA,NA,NA,NA,NA,NA,NA
352.951,1.7410,3.9793,1.0218,7.7911,NA,NA,NA,NA,NA,NA,NA,NA,NA,NA,NA,NA
353.048,1.7410,3.9793,1.0217,7.7809,NA,NA,NA,NA,NA,NA,NA,NA,NA,NA,NA,NA
353.150,1.7408,3.9627,1.0210,7.7089,NA,NA,NA,NA,NA,NA,NA,NA,NA,NA,NA,NA
353.247,1.7424,4.0601,1.0207,7.6722,NA,NA,NA,NA,NA,NA,NA,NA,NA,NA,NA,NA
353.348,1.7438,4.1426,1.0206,7.6566,NA,NA,NA,NA,NA,NA,NA,NA,NA,NA,NA,NA
353.439,1.7438,4.1426,1.0199,7.5915,NA,NA,NA,NA,NA,NA,NA,NA,NA,NA,NA,NA
353.539,1.7446,4.1893,1.0200,7.6020,NA,NA,NA,NA,NA,NA,NA,NA,NA,NA,NA,NA
353.639,1.7446,4.1926,1.0200,7.6020,NA,NA,NA,NA,NA,NA,NA,NA,NA,NA,NA,NA
353.733,1.7446,4.1926,1.0193,7.5297,NA,NA,NA,NA,NA,NA,NA,NA,NA,NA,NA,NA
353.844,1.7431,4.1016,1.0192,7.5166,NA,NA,NA,NA,NA,NA,NA,NA,NA,NA,NA,NA
353.937,1.7412,3.9853,1.0189,7.4876,NA,NA,NA,NA,NA,NA,NA,NA,NA,NA,NA,NA
354.032,1.7403,3.9362,1.0188,7.4720,NA,NA,NA,NA,NA,NA,NA,NA,NA,NA,NA,NA
354.136,1.7406,3.9544,1.0186,7.4507,NA,NA,NA,NA,NA,NA,NA,NA,NA,NA,NA,NA
354.228,1.7406,3.9544,1.0179,7.3719,NA,NA,NA,NA,NA,NA,NA,NA,NA,NA,NA,NA
354.322,1.7386,3.8343,1.0181,7.3980,NA,NA,NA,NA,NA,NA,NA,NA,NA,NA,NA,NA
354.418,1.7401,3.9205,1.0181,7.3980,NA,NA,NA,NA,NA,NA,NA,NA,NA,NA,NA,NA
354.517,1.7401,3.9205,1.0173,7.3164,NA,NA,NA,NA,NA,NA,NA,NA,NA,NA,NA,NA
354.618,1.7386,3.8307,1.0162,7.2004,NA,NA,NA,NA,NA,NA,NA,NA,NA,NA,NA,NA
354.712,1.7390,3.8592,1.0162,7.2004,NA,NA,NA,NA,NA,NA,NA,NA,NA,NA,NA,NA
354.813,1.7390,3.8592,1.0155,7.1226,NA,NA,NA,NA,NA,NA,NA,NA,NA,NA,NA,NA
354.921,1.7372,3.7518,1.0153,7.1017,NA,NA,NA,NA,NA,NA,NA,NA,NA,NA,NA,NA
355.006,1.7366,3.7142,1.0150,7.0711,NA,NA,NA,NA,NA,NA,NA,NA,NA,NA,NA,NA
355.148,1.7343,3.5781,1.0150,7.0664,NA,NA,NA,NA,NA,NA,NA,NA,NA,NA,NA,NA
355.204,1.7343,3.5781,1.0150,7.0664,NA,NA,NA,NA,NA,NA,NA,NA,NA,NA,NA,NA
355.311,1.7309,3.3762,1.0147,7.0407,NA,NA,NA,NA,NA,NA,NA,NA,NA,NA,NA,NA
355.402,1.7335,3.5270,1.0147,7.0407,NA,NA,NA,NA,NA,NA,NA,NA,NA,NA,NA,NA
355.501,1.7335,3.5270,1.0148,7.0500,NA,NA,NA,NA,NA,NA,NA,NA,NA,NA,NA,NA
355.595,1.7325,3.4709,1.0150,7.0725,NA,NA,NA,NA,NA,NA,NA,NA,NA,NA,NA,NA
355.698,1.7314,3.4031,1.0150,7.0725,NA,NA,NA,NA,NA,NA,NA,NA,NA,NA,NA,NA
355.788,1.7310,3.3808,1.0147,7.0405,NA,NA,NA,NA,NA,NA,NA,NA,NA,NA,NA,NA
355.886,1.7309,3.3720,1.0147,7.0405,NA,NA,NA,NA,NA,NA,NA,NA,NA,NA,NA,NA
355.990,1.7294,3.2859,1.0147,7.0418,NA,NA,NA,NA,NA,NA,NA,NA,NA,NA,NA,NA
356.086,1.7292,3.2715,1.0147,7.0418,NA,NA,NA,NA,NA,NA,NA,NA,NA,NA,NA,NA
356.182,1.7292,3.2715,1.0145,7.0147,NA,NA,NA,NA,NA,NA,NA,NA,NA,NA,NA,NA
356.324,1.7291,3.2654,1.0137,6.9306,NA,NA,NA,NA,NA,NA,NA,NA,NA,NA,NA,NA
356.391,1.7291,3.2654,1.0132,6.8783,NA,NA,NA,NA,NA,NA,NA,NA,NA,NA,NA,NA
356.477,1.7271,3.1446,1.0130,6.8605,NA,NA,NA,NA,NA,NA,NA,NA,NA,NA,NA,NA
356.576,1.7271,3.1446,1.0122,6.7781,NA,NA,NA,NA,NA,NA,NA,NA,NA,NA,NA,NA
356.683,1.7268,3.1298,1.0120,6.7504,NA,NA,NA,NA,NA,NA,NA,NA,NA,NA,NA,NA
356.770,1.7268,3.1298,1.0112,6.6699,NA,NA,NA,NA,NA,NA,NA,NA,NA,NA,NA,NA
356.869,1.7264,3.1074,1.0112,6.6699,NA,NA,NA,NA,NA,NA,NA,NA,NA,NA,NA,NA
357.001,1.7264,3.1074,1.0108,6.6294,NA,NA,NA,NA,NA,NA,NA,NA,NA,NA,NA,NA
357.069,1.7268,3.1309,1.0094,6.4772,NA,NA,NA,NA,NA,NA,NA,NA,NA,NA,NA,NA
357.169,1.7268,3.1309,1.0094,6.4772,NA,NA,NA,NA,NA,NA,NA,NA,NA,NA,NA,NA
357.263,1.7239,2.9576,1.0098,6.5184,NA,NA,NA,NA,NA,NA,NA,NA,NA,NA,NA,NA
357.361,1.7239,2.9576,1.0098,6.5184,NA,NA,NA,NA,NA,NA,NA,NA,NA,NA,NA,NA
357.456,1.7208,2.7726,1.0094,6.4767,NA,NA,NA,NA,NA,NA,NA,NA,NA,NA,NA,NA
357.586,1.7227,2.8862,1.0083,6.3618,NA,NA,NA,NA,NA,NA,NA,NA,NA,NA,NA,NA
357.652,1.7227,2.8862,1.0079,6.3254,NA,NA,NA,NA,NA,NA,NA,NA,NA,NA,NA,NA
357.750,1.7211,2.7903,1.0080,6.3309,NA,NA,NA,NA,NA,NA,NA,NA,NA,NA,NA,NA
357.849,1.7204,2.7440,1.0080,6.3309,NA,NA,NA,NA,NA,NA,NA,NA,NA,NA,NA,NA
357.948,1.7181,2.6085,1.0087,6.4047,NA,NA,NA,NA,NA,NA,NA,NA,NA,NA,NA,NA
358.050,1.7182,2.6118,1.0088,6.4118,NA,NA,NA,NA,NA,NA,NA,NA,NA,NA,NA,NA
358.174,1.7182,2.6118,1.0093,6.4749,NA,NA,NA,NA,NA,NA,NA,NA,NA,NA,NA,NA
358.254,1.7176,2.5761,1.0093,6.4749,NA,NA,NA,NA,NA,NA,NA,NA,NA,NA,NA,NA
358.338,1.7176,2.5761,1.0083,6.3672,NA,NA,NA,NA,NA,NA,NA,NA,NA,NA,NA,NA
358.438,1.7166,2.5169,1.0079,6.3212,NA,NA,NA,NA,NA,NA,NA,NA,NA,NA,NA,NA
358.532,1.7166,2.5169,1.0059,6.1076,NA,NA,NA,NA,NA,NA,NA,NA,NA,NA,NA,NA
358.642,1.7166,2.5206,1.0059,6.1062,NA,NA,NA,NA,NA,NA,NA,NA,NA,NA,NA,NA
358.766,1.7166,2.5206,1.0061,6.1271,NA,NA,NA,NA,NA,NA,NA,NA,NA,NA,NA,NA
358.834,1.7107,2.1676,1.0061,6.1271,NA,NA,NA,NA,NA,NA,NA,NA,NA,NA,NA,NA
358.924,1.7107,2.1676,1.0057,6.0897,NA,NA,NA,NA,NA,NA,NA,NA,NA,NA,NA,NA
359.036,1.7061,1.8944,1.0053,6.0513,NA,NA,NA,NA,NA,NA,NA,NA,NA,NA,NA,NA
359.122,1.7079,1.9991,1.0051,6.0298,NA,NA,NA,NA,NA,NA,NA,NA,NA,NA,NA,NA
359.222,1.7084,2.0283,1.0051,6.0261,NA,NA,NA,NA,NA,NA,NA,NA,NA,NA,NA,NA
359.321,1.7115,2.2167,1.0050,6.0209,NA,NA,NA,NA,NA,NA,NA,NA,NA,NA,NA,NA
359.422,1.7115,2.2167,1.0045,5.9618,NA,NA,NA,NA,NA,NA,NA,NA,NA,NA,NA,NA
359.534,1.7104,2.1469,1.0039,5.9039,NA,NA,NA,NA,NA,NA,NA,NA,NA,NA,NA,NA
359.609,1.7096,2.0992,1.0034,5.8437,NA,NA,NA,NA,NA,NA,NA,NA,NA,NA,NA,NA
359.711,1.7084,2.0270,1.0027,5.7781,NA,NA,NA,NA,NA,NA,NA,NA,NA,NA,NA,NA
359.814,1.7105,2.1574,1.0031,5.8123,NA,NA,NA,NA,NA,NA,NA,NA,NA,NA,NA,NA
359.952,1.7105,2.1574,1.0031,5.8123,NA,NA,NA,NA,NA,NA,NA,NA,NA,NA,NA,NA
360.000,1.7083,2.0242,1.0025,5.7543,NA,NA,NA,NA,NA,NA,NA,NA,NA,NA,NA,NA
360.094,1.7083,2.0242,1.0025,5.7543,NA,NA,NA,NA,NA,NA,NA,NA,NA,NA,NA,NA
360.202,1.7102,2.1370,1.0023,5.7261,NA,NA,NA,NA,NA,NA,NA,NA,NA,NA,NA,NA
360.296,1.7102,2.1370,1.0019,5.6893,NA,NA,NA,NA,NA,NA,NA,NA,NA,NA,NA,NA
360.390,1.7059,1.8826,1.0012,5.6126,NA,NA,NA,NA,NA,NA,NA,NA,NA,NA,NA,NA
360.523,1.7071,1.9505,1.0012,5.6126,NA,NA,NA,NA,NA,NA,NA,NA,NA,NA,NA,NA
360.595,1.7071,1.9505,1.0001,5.5011,NA,NA,NA,NA,NA,NA,NA,NA,NA,NA,NA,NA
360.690,1.7065,1.9160,1.0003,5.5189,NA,NA,NA,NA,NA,NA,NA,NA,NA,NA,NA,NA
360.782,1.7065,1.9160,1.0003,5.5189,NA,NA,NA,NA,NA,NA,NA,NA,NA,NA,NA,NA
360.886,1.7066,1.9204,0.9996,5.4415,NA,NA,NA,NA,NA,NA,NA,NA,NA,NA,NA,NA
360.987,1.7066,1.9204,0.9987,5.3503,NA,NA,NA,NA,NA,NA,NA,NA,NA,NA,NA,NA
361.136,1.7056,1.8594,0.9987,5.3468,NA,NA,NA,NA,NA,NA,NA,NA,NA,NA,NA,NA
361.184,1.7055,1.8584,0.9987,5.3468,NA,NA,NA,NA,NA,NA,NA,NA,NA,NA,NA,NA
361.277,1.7055,1.8584,0.9982,5.2942,NA,NA,NA,NA,NA,NA,NA,NA,NA,NA,NA,NA
361.372,1.7025,1.6761,0.9979,5.2716,NA,NA,NA,NA,NA,NA,NA,NA,NA,NA,NA,NA
361.471,1.7011,1.5949,0.9977,5.2456,NA,NA,NA,NA,NA,NA,NA,NA,NA,NA,NA,NA
361.567,1.7023,1.6675,0.9971,5.1789,NA,NA,NA,NA,NA,NA,NA,NA,NA,NA,NA,NA
361.669,1.7023,1.6675,0.9954,5.0021,NA,NA,NA,NA,NA,NA,NA,NA,NA,NA,NA,NA
361.770,1.6996,1.5012,0.9958,5.0461,NA,NA,NA,NA,NA,NA,NA,NA,NA,NA,NA,NA
361.860,1.7013,1.6034,0.9961,5.0736,NA,NA,NA,NA,NA,NA,NA,NA,NA,NA,NA,NA
361.956,1.7013,1.6034,0.9969,5.1638,NA,NA,NA,NA,NA,NA,NA,NA,NA,NA,NA,NA
362.048,1.7001,1.5343,0.9969,5.1638,NA,NA,NA,NA,NA,NA,NA,NA,NA,NA,NA,NA
362.161,1.6990,1.4656,0.9968,5.1514,NA,NA,NA,NA,NA,NA,NA,NA,NA,NA,NA,NA
362.256,1.7001,1.5307,0.9962,5.0836,NA,NA,NA,NA,NA,NA,NA,NA,NA,NA,NA,NA
362.392,1.7001,1.5307,0.9962,5.0890,NA,NA,NA,NA,NA,NA,NA,NA,NA,NA,NA,NA
362.450,1.6975,1.3808,0.9962,5.0890,NA,NA,NA,NA,NA,NA,NA,NA,NA,NA,NA,NA
362.541,1.6990,1.4683,0.9961,5.0776,NA,NA,NA,NA,NA,NA,NA,NA,NA,NA,NA,NA
362.639,1.6990,1.4683,0.9956,5.0261,NA,NA,NA,NA,NA,NA,NA,NA,NA,NA,NA,NA
362.749,1.6940,1.1696,0.9950,4.9571,NA,NA,NA,NA,NA,NA,NA,NA,NA,NA,NA,NA
362.844,1.6926,1.0829,0.9946,4.9212,NA,NA,NA,NA,NA,NA,NA,NA,NA,NA,NA,NA
362.995,1.6926,1.0829,0.9943,4.8840,NA,NA,NA,NA,NA,NA,NA,NA,NA,NA,NA,NA
363.032,1.6911,0.9992,0.9942,4.8767,NA,NA,NA,NA,NA,NA,NA,NA,NA,NA,NA,NA
363.143,1.6897,0.9154,0.9941,4.8701,NA,NA,NA,NA,NA,NA,NA,NA,NA,NA,NA,NA
363.228,1.6889,0.8659,0.9937,4.8234,NA,NA,NA,NA,NA,NA,NA,NA,NA,NA,NA,NA
363.325,1.7075,1.9761,0.9960,5.0716,NA,NA,NA,NA,NA,NA,NA,NA,NA,NA,NA,NA
363.423,1.7378,3.7876,1.0126,6.8188,NA,NA,NA,NA,NA,NA,NA,NA,NA,NA,NA,NA
363.529,1.7572,4.9410,1.0272,8.3550,NA,NA,NA,NA,NA,NA,NA,NA,NA,NA,NA,NA
363.623,1.7871,6.7311,1.0354,9.2189,NA,NA,NA,NA,NA,NA,NA,NA,NA,NA,NA,NA
363.725,1.8009,7.5508,1.0465,10.3906,NA,NA,NA,NA,NA,NA,NA,NA,NA,NA,NA,NA
363.818,1.8143,8.3552,1.0508,10.8426,NA,NA,NA,NA,NA,NA,NA,NA,NA,NA,NA,NA
363.921,1.8178,8.5618,1.0518,10.9523,NA,NA,NA,NA,NA,NA,NA,NA,NA,NA,NA,NA
364.014,1.8178,8.5618,1.0528,11.0564,NA,NA,NA,NA,NA,NA,NA,NA,NA,NA,NA,NA
364.113,1.8098,8.0844,1.0532,11.0970,NA,NA,NA,NA,NA,NA,NA,NA,NA,NA,NA,NA
364.208,1.8076,7.9557,1.0532,11.0970,NA,NA,NA,NA,NA,NA,NA,NA,NA,NA,NA,NA
364.316,1.8045,7.7700,1.0520,10.9727,NA,NA,NA,NA,NA,NA,NA,NA,NA,NA,NA,NA
364.410,1.7995,7.4726,1.0506,10.8213,NA,NA,NA,NA,NA,NA,NA,NA,NA,NA,NA,NA
364.501,1.7973,7.3416,1.0495,10.7085,NA,NA,NA,NA,NA,NA,NA,NA,NA,NA,NA,NA
364.597,1.7909,6.9593,1.0493,10.6858,NA,NA,NA,NA,NA,NA,NA,NA,NA,NA,NA,NA
364.751,1.7855,6.6317,1.0465,10.3910,NA,NA,NA,NA,NA,NA,NA,NA,NA,NA,NA,NA
364.804,1.7777,6.1705,1.0450,10.2344,NA,NA,NA,NA,NA,NA,NA,NA,NA,NA,NA,NA
364.893,1.7736,5.9214,1.0434,10.0621,NA,NA,NA,NA,NA,NA,NA,NA,NA,NA,NA,NA
364.993,1.7700,5.7093,1.0408,9.7946,NA,NA,NA,NA,NA,NA,NA,NA,NA,NA,NA,NA
365.089,1.7674,5.5546,1.0385,9.5491,NA,NA,NA,NA,NA,NA,NA,NA,NA,NA,NA,NA
365.197,1.7662,5.4794,1.0374,9.4361,NA,NA,NA,NA,NA,NA,NA,NA,NA,NA,NA,NA
365.346,1.7610,5.1736,1.0357,9.2546,NA,NA,NA,NA,NA,NA,NA,NA,NA,NA,NA,NA
365.390,1.7597,5.0924,1.0342,9.0947,NA,NA,NA,NA,NA,NA,NA,NA,NA,NA,NA,NA
365.484,1.7569,4.9242,1.0334,9.0090,NA,NA,NA,NA,NA,NA,NA,NA,NA,NA,NA,NA
365.585,1.7545,4.7812,1.0317,8.8311,NA,NA,NA,NA,NA,NA,NA,NA,NA,NA,NA,NA
365.676,1.7517,4.6127,1.0306,8.7212,NA,NA,NA,NA,NA,NA,NA,NA,NA,NA,NA,NA
365.775,1.7517,4.6127,1.0281,8.4490,NA,NA,NA,NA,NA,NA,NA,NA,NA,NA,NA,NA
365.940,1.7474,4.3576,1.0275,8.3947,NA,NA,NA,NA,NA,NA,NA,NA,NA,NA,NA,NA
365.981,1.7430,4.0952,1.0271,8.3430,NA,NA,NA,NA,NA,NA,NA,NA,NA,NA,NA,NA
366.069,1.7429,4.0886,1.0266,8.2986,NA,NA,NA,NA,NA,NA,NA,NA,NA,NA,NA,NA
366.165,1.7435,4.1236,1.0264,8.2761,NA,NA,NA,NA,NA,NA,NA,NA,NA,NA,NA,NA
366.265,1.7435,4.1236,1.0251,8.1362,NA,NA,NA,NA,NA,NA,NA,NA,NA,NA,NA,NA
366.362,1.7447,4.1954,1.0251,8.1362,NA,NA,NA,NA,NA,NA,NA,NA,NA,NA,NA,NA
366.467,1.7447,4.1954,1.0244,8.0677,NA,NA,NA,NA,NA,NA,NA,NA,NA,NA,NA,NA
366.587,1.7431,4.1007,1.0239,8.0047,NA,NA,NA,NA,NA,NA,NA,NA,NA,NA,NA,NA
366.654,1.7431,4.1007,1.0234,7.9574,NA,NA,NA,NA,NA,NA,NA,NA,NA,NA,NA,NA
366.753,1.7353,3.6389,1.0228,7.8983,NA,NA,NA,NA,NA,NA,NA,NA,NA,NA,NA,NA
366.850,1.7324,3.4651,1.0215,7.7562,NA,NA,NA,NA,NA,NA,NA,NA,NA,NA,NA,NA
366.951,1.7303,3.3368,1.0205,7.6468,NA,NA,NA,NA,NA,NA,NA,NA,NA,NA,NA,NA
367.046,1.7276,3.1762,1.0201,7.6094,NA,NA,NA,NA,NA,NA,NA,NA,NA,NA,NA,NA
367.145,1.7253,3.0393,1.0181,7.3994,NA,NA,NA,NA,NA,NA,NA,NA,NA,NA,NA,NA
367.254,1.7193,2.6805,1.0171,7.2937,NA,NA,NA,NA,NA,NA,NA,NA,NA,NA,NA,NA
367.343,1.7178,2.5896,1.0159,7.1610,NA,NA,NA,NA,NA,NA,NA,NA,NA,NA,NA,NA
367.439,1.7139,2.3580,1.0143,6.9977,NA,NA,NA,NA,NA,NA,NA,NA,NA,NA,NA,NA
367.539,1.7139,2.3580,1.0141,6.9744,NA,NA,NA,NA,NA,NA,NA,NA,NA,NA,NA,NA
367.645,1.7111,2.1892,1.0126,6.8169,NA,NA,NA,NA,NA,NA,NA,NA,NA,NA,NA,NA
367.772,1.7187,2.6435,1.0112,6.6694,NA,NA,NA,NA,NA,NA,NA,NA,NA,NA,NA,NA
367.834,1.7463,4.2939,1.0207,7.6747,NA,NA,NA,NA,NA,NA,NA,NA,NA,NA,NA,NA
367.941,1.7886,6.8192,1.0319,8.8566,NA,NA,NA,NA,NA,NA,NA,NA,NA,NA,NA,NA
368.026,1.8054,7.8244,1.0469,10.4410,NA,NA,NA,NA,NA,NA,NA,NA,NA,NA,NA,NA
368.125,1.8313,9.3696,1.0598,11.8012,NA,NA,NA,NA,NA,NA,NA,NA,NA,NA,NA,NA
368.243,1.8450,10.1871,1.0721,13.0979,NA,NA,NA,NA,NA,NA,NA,NA,NA,NA,NA,NA
368.329,1.8647,11.3617,1.0820,14.1385,NA,NA,NA,NA,NA,NA,NA,NA,NA,NA,NA,NA
368.425,1.8862,12.6464,1.0908,15.0667,NA,NA,NA,NA,NA,NA,NA,NA,NA,NA,NA,NA
368.513,1.9007,13.5162,1.1002,16.0545,NA,NA,NA,NA,NA,NA,NA,NA,NA,NA,NA,NA
368.613,1.9196,14.6421,1.1099,17.0854,NA,NA,NA,NA,NA,NA,NA,NA,NA,NA,NA,NA
368.721,1.9323,15.4012,1.1193,18.0783,NA,NA,NA,NA,NA,NA,NA,NA,NA,NA,NA,NA
368.818,1.9543,16.7125,1.1292,19.1127,NA,NA,NA,NA,NA,NA,NA,NA,NA,NA,NA,NA
368.979,1.9638,17.2835,1.1380,20.0493,NA,NA,NA,NA,NA,NA,NA,NA,NA,NA,NA,NA
369.002,1.9671,17.4781,1.1428,20.5486,NA,NA,NA,NA,NA,NA,NA,NA,NA,NA,NA,NA
369.113,1.9708,17.7021,1.1475,21.0481,NA,NA,NA,NA,NA,NA,NA,NA,NA,NA,NA,NA
369.211,1.9723,17.7889,1.1491,21.2149,NA,NA,NA,NA,NA,NA,NA,NA,NA,NA,NA,NA
369.299,1.9730,17.8294,1.1499,21.3037,NA,NA,NA,NA,NA,NA,NA,NA,NA,NA,NA,NA
369.409,1.9730,17.8294,1.1501,21.3173,NA,NA,NA,NA,NA,NA,NA,NA,NA,NA,NA,NA
369.494,1.9666,17.4505,1.1501,21.3173,NA,NA,NA,NA,NA,NA,NA,NA,NA,NA,NA,NA
369.606,1.9666,17.4505,1.1482,21.1207,NA,NA,NA,NA,NA,NA,NA,NA,NA,NA,NA,NA
369.688,1.9558,16.8061,1.1464,20.9314,NA,NA,NA,NA,NA,NA,NA,NA,NA,NA,NA,NA
369.795,1.9449,16.1514,1.1442,20.6993,NA,NA,NA,NA,NA,NA,NA,NA,NA,NA,NA,NA
369.892,1.9348,15.5533,1.1399,20.2419,NA,NA,NA,NA,NA,NA,NA,NA,NA,NA,NA,NA
369.995,1.9238,14.8952,1.1367,19.9089,NA,NA,NA,NA,NA,NA,NA,NA,NA,NA,NA,NA
370.087,1.9203,14.6870,1.1288,19.0745,NA,NA,NA,NA,NA,NA,NA,NA,NA,NA,NA,NA
370.208,1.9109,14.1252,1.1257,18.7457,NA,NA,NA,NA,NA,NA,NA,NA,NA,NA,NA,NA
370.291,1.9040,13.7088,1.1232,18.4848,NA,NA,NA,NA,NA,NA,NA,NA,NA,NA,NA,NA
370.378,1.8913,12.9503,1.1196,18.1008,NA,NA,NA,NA,NA,NA,NA,NA,NA,NA,NA,NA
370.474,1.8900,12.8746,1.1173,17.8648,NA,NA,NA,NA,NA,NA,NA,NA,NA,NA,NA,NA
370.578,1.8806,12.3108,1.1163,17.7533,NA,NA,NA,NA,NA,NA,NA,NA,NA,NA,NA,NA
370.672,1.8768,12.0843,1.1136,17.4714,NA,NA,NA,NA,NA,NA,NA,NA,NA,NA,NA,NA
370.806,1.8749,11.9755,1.1101,17.1047,NA,NA,NA,NA,NA,NA,NA,NA,NA,NA,NA,NA
370.865,1.8717,11.7829,1.1078,16.8627,NA,NA,NA,NA,NA,NA,NA,NA,NA,NA,NA,NA
370.962,1.8696,11.6545,1.1059,16.6566,NA,NA,NA,NA,NA,NA,NA,NA,NA,NA,NA,NA
371.067,1.8650,11.3836,1.1049,16.5554,NA,NA,NA,NA,NA,NA,NA,NA,NA,NA,NA,NA
371.168,1.8640,11.3193,1.1037,16.4274,NA,NA,NA,NA,NA,NA,NA,NA,NA,NA,NA,NA
371.259,1.8586,11.0010,1.1027,16.3268,NA,NA,NA,NA,NA,NA,NA,NA,NA,NA,NA,NA
371.363,1.8519,10.5980,1.1021,16.2606,NA,NA,NA,NA,NA,NA,NA,NA,NA,NA,NA,NA
371.453,1.8504,10.5073,1.1013,16.1791,NA,NA,NA,NA,NA,NA,NA,NA,NA,NA,NA,NA
371.551,1.8500,10.4881,1.1013,16.1791,NA,NA,NA,NA,NA,NA,NA,NA,NA,NA,NA,NA
371.649,1.8500,10.4881,1.0999,16.0257,NA,NA,NA,NA,NA,NA,NA,NA,NA,NA,NA,NA
371.756,1.8512,10.5582,1.0995,15.9851,NA,NA,NA,NA,NA,NA,NA,NA,NA,NA,NA,NA
371.846,1.8512,10.5582,1.0987,15.8958,NA,NA,NA,NA,NA,NA,NA,NA,NA,NA,NA,NA
371.944,1.8510,10.5441,1.0987,15.8958,NA,NA,NA,NA,NA,NA,NA,NA,NA,NA,NA,NA
372.045,1.8510,10.5441,1.0981,15.8367,NA,NA,NA,NA,NA,NA,NA,NA,NA,NA,NA,NA
372.144,1.8496,10.4596,1.0975,15.7732,NA,NA,NA,NA,NA,NA,NA,NA,NA,NA,NA,NA
372.235,1.8463,10.2670,1.0971,15.7352,NA,NA,NA,NA,NA,NA,NA,NA,NA,NA,NA,NA
372.347,1.8486,10.3996,1.0969,15.7117,NA,NA,NA,NA,NA,NA,NA,NA,NA,NA,NA,NA
372.430,1.8486,10.3996,1.0960,15.6105,NA,NA,NA,NA,NA,NA,NA,NA,NA,NA,NA,NA
372.530,1.8429,10.0636,1.0963,15.6440,NA,NA,NA,NA,NA,NA,NA,NA,NA,NA,NA,NA
372.633,1.8409,9.9434,1.0963,15.6440,NA,NA,NA,NA,NA,NA,NA,NA,NA,NA,NA,NA
372.728,1.8399,9.8859,1.0951,15.5221,NA,NA,NA,NA,NA,NA,NA,NA,NA,NA,NA,NA
372.826,1.8430,10.0691,1.0948,15.4916,NA,NA,NA,NA,NA,NA,NA,NA,NA,NA,NA,NA
372.923,1.8430,10.0691,1.0943,15.4364,NA,NA,NA,NA,NA,NA,NA,NA,NA,NA,NA,NA
373.023,1.8417,9.9924,1.0935,15.3551,NA,NA,NA,NA,NA,NA,NA,NA,NA,NA,NA,NA
373.162,1.8405,9.9200,1.0931,15.3103,NA,NA,NA,NA,NA,NA,NA,NA,NA,NA,NA,NA
373.227,1.8394,9.8528,1.0927,15.2714,NA,NA,NA,NA,NA,NA,NA,NA,NA,NA,NA,NA
373.317,1.8388,9.8152,1.0926,15.2587,NA,NA,NA,NA,NA,NA,NA,NA,NA,NA,NA,NA
373.423,1.8354,9.6128,1.0922,15.2175,NA,NA,NA,NA,NA,NA,NA,NA,NA,NA,NA,NA
373.512,1.8357,9.6294,1.0922,15.2103,NA,NA,NA,NA,NA,NA,NA,NA,NA,NA,NA,NA
373.617,1.8357,9.6294,1.0914,15.1344,NA,NA,NA,NA,NA,NA,NA,NA,NA,NA,NA,NA
373.762,1.8345,9.5612,1.0912,15.1134,NA,NA,NA,NA,NA,NA,NA,NA,NA,NA,NA,NA
373.800,1.8338,9.5183,1.0899,14.9758,NA,NA,NA,NA,NA,NA,NA,NA,NA,NA,NA,NA
373.920,1.8329,9.4623,1.0895,14.9297,NA,NA,NA,NA,NA,NA,NA,NA,NA,NA,NA,NA
374.001,1.8329,9.4623,1.0886,14.8323,NA,NA,NA,NA,NA,NA,NA,NA,NA,NA,NA,NA
374.095,1.8271,9.1171,1.0886,14.8323,NA,NA,NA,NA,NA,NA,NA,NA,NA,NA,NA,NA
374.205,1.8259,9.0492,1.0882,14.7976,NA,NA,NA,NA,NA,NA,NA,NA,NA,NA,NA,NA
374.346,1.8243,8.9541,1.0878,14.7544,NA,NA,NA,NA,NA,NA,NA,NA,NA,NA,NA,NA
374.392,1.8246,8.9668,1.0873,14.6997,NA,NA,NA,NA,NA,NA,NA,NA,NA,NA,NA,NA
374.500,1.8246,8.9668,1.0868,14.6497,NA,NA,NA,NA,NA,NA,NA,NA,NA,NA,NA,NA
374.586,1.8253,9.0087,1.0866,14.6284,NA,NA,NA,NA,NA,NA,NA,NA,NA,NA,NA,NA
374.692,1.8253,9.0087,1.0863,14.5898,NA,NA,NA,NA,NA,NA,NA,NA,NA,NA,NA,NA
374.783,1.8242,8.9469,1.0857,14.5265,NA,NA,NA,NA,NA,NA,NA,NA,NA,NA,NA,NA
374.959,1.8242,8.9469,1.0857,14.5265,NA,NA,NA,NA,NA,NA,NA,NA,NA,NA,NA,NA
374.982,1.8203,8.7109,1.0849,14.4419,NA,NA,NA,NA,NA,NA,NA,NA,NA,NA,NA,NA
375.075,1.8213,8.7736,1.0840,14.3511,NA,NA,NA,NA,NA,NA,NA,NA,NA,NA,NA,NA
375.178,1.8213,8.7736,1.0832,14.2607,NA,NA,NA,NA,NA,NA,NA,NA,NA,NA,NA,NA
375.274,1.8159,8.4496,1.0828,14.2192,NA,NA,NA,NA,NA,NA,NA,NA,NA,NA,NA,NA
375.368,1.8159,8.4496,1.0826,14.2063,NA,NA,NA,NA,NA,NA,NA,NA,NA,NA,NA,NA
375.468,1.8169,8.5098,1.0792,13.8419,NA,NA,NA,NA,NA,NA,NA,NA,NA,NA,NA,NA
375.573,1.8169,8.5098,1.0787,13.7923,NA,NA,NA,NA,NA,NA,NA,NA,NA,NA,NA,NA
375.666,1.8143,8.3560,1.0785,13.7691,NA,NA,NA,NA,NA,NA,NA,NA,NA,NA,NA,NA
375.760,1.8130,8.2776,1.0785,13.7691,NA,NA,NA,NA,NA,NA,NA,NA,NA,NA,NA,NA
375.868,1.8130,8.2776,1.0784,13.7595,NA,NA,NA,NA,NA,NA,NA,NA,NA,NA,NA,NA
375.959,1.8116,8.1942,1.0776,13.6726,NA,NA,NA,NA,NA,NA,NA,NA,NA,NA,NA,NA
376.102,1.8113,8.1720,1.0776,13.6726,NA,NA,NA,NA,NA,NA,NA,NA,NA,NA,NA,NA
376.176,1.8134,8.2993,1.0775,13.6690,NA,NA,NA,NA,NA,NA,NA,NA,NA,NA,NA,NA
376.260,1.8134,8.2993,1.0775,13.6684,NA,NA,NA,NA,NA,NA,NA,NA,NA,NA,NA,NA
376.353,1.8064,7.8825,1.0767,13.5839,NA,NA,NA,NA,NA,NA,NA,NA,NA,NA,NA,NA
376.447,1.8064,7.8825,1.0764,13.5528,NA,NA,NA,NA,NA,NA,NA,NA,NA,NA,NA,NA
376.549,1.8026,7.6578,1.0756,13.4603,NA,NA,NA,NA,NA,NA,NA,NA,NA,NA,NA,NA
376.643,1.8050,7.8007,1.0743,13.3299,NA,NA,NA,NA,NA,NA,NA,NA,NA,NA,NA,NA
376.740,1.8050,7.8007,1.0743,13.3299,NA,NA,NA,NA,NA,NA,NA,NA,NA,NA,NA,NA
376.838,1.8028,7.6681,1.0733,13.2217,NA,NA,NA,NA,NA,NA,NA,NA,NA,NA,NA,NA
376.942,1.8020,7.6167,1.0725,13.1328,NA,NA,NA,NA,NA,NA,NA,NA,NA,NA,NA,NA
377.037,1.7988,7.4279,1.0720,13.0870,NA,NA,NA,NA,NA,NA,NA,NA,NA,NA,NA,NA
377.141,1.7984,7.4038,1.0714,13.0175,NA,NA,NA,NA,NA,NA,NA,NA,NA,NA,NA,NA
377.229,1.7965,7.2934,1.0717,13.0487,NA,NA,NA,NA,NA,NA,NA,NA,NA,NA,NA,NA
377.324,1.7953,7.2222,1.0717,13.0487,NA,NA,NA,NA,NA,NA,NA,NA,NA,NA,NA,NA
377.454,1.7956,7.2353,1.0715,13.0305,NA,NA,NA,NA,NA,NA,NA,NA,NA,NA,NA,NA
377.525,1.7986,7.4138,1.0705,12.9295,NA,NA,NA,NA,NA,NA,NA,NA,NA,NA,NA,NA
377.623,1.7986,7.4138,1.0698,12.8541,NA,NA,NA,NA,NA,NA,NA,NA,NA,NA,NA,NA
377.720,1.7926,7.0588,1.0691,12.7824,NA,NA,NA,NA,NA,NA,NA,NA,NA,NA,NA,NA
377.817,1.7919,7.0186,1.0687,12.7334,NA,NA,NA,NA,NA,NA,NA,NA,NA,NA,NA,NA
377.972,1.7892,6.8538,1.0689,12.7575,NA,NA,NA,NA,NA,NA,NA,NA,NA,NA,NA,NA
378.010,1.7884,6.8050,1.0689,12.7575,NA,NA,NA,NA,NA,NA,NA,NA,NA,NA,NA,NA
378.108,1.7866,6.6978,1.0684,12.7039,NA,NA,NA,NA,NA,NA,NA,NA,NA,NA,NA,NA
378.207,1.7885,6.8122,1.0682,12.6789,NA,NA,NA,NA,NA,NA,NA,NA,NA,NA,NA,NA
378.314,1.7885,6.8122,1.0680,12.6613,NA,NA,NA,NA,NA,NA,NA,NA,NA,NA,NA,NA
378.408,1.7877,6.7662,1.0668,12.5394,NA,NA,NA,NA,NA,NA,NA,NA,NA,NA,NA,NA
378.505,1.7877,6.7662,1.0664,12.4901,NA,NA,NA,NA,NA,NA,NA,NA,NA,NA,NA,NA
378.621,1.7868,6.7112,1.0636,12.1980,NA,NA,NA,NA,NA,NA,NA,NA,NA,NA,NA,NA
378.706,1.7795,6.2762,1.0634,12.1725,NA,NA,NA,NA,NA,NA,NA,NA,NA,NA,NA,NA
378.794,1.7794,6.2689,1.0636,12.1999,NA,NA,NA,NA,NA,NA,NA,NA,NA,NA,NA,NA
378.895,1.7803,6.3263,1.0636,12.1999,NA,NA,NA,NA,NA,NA,NA,NA,NA,NA,NA,NA
378.994,1.7809,6.3604,1.0636,12.1964,NA,NA,NA,NA,NA,NA,NA,NA,NA,NA,NA,NA
379.153,1.7809,6.3604,1.0630,12.1306,NA,NA,NA,NA,NA,NA,NA,NA,NA,NA,NA,NA
379.199,1.7775,6.1565,1.0626,12.0883,NA,NA,NA,NA,NA,NA,NA,NA,NA,NA,NA,NA
379.287,1.7774,6.1478,1.0624,12.0742,NA,NA,NA,NA,NA,NA,NA,NA,NA,NA,NA,NA
379.390,1.7761,6.0718,1.0621,12.0355,NA,NA,NA,NA,NA,NA,NA,NA,NA,NA,NA,NA
379.480,1.7809,6.3571,1.0620,12.0310,NA,NA,NA,NA,NA,NA,NA,NA,NA,NA,NA,NA
379.581,1.7809,6.3571,1.0618,12.0086,NA,NA,NA,NA,NA,NA,NA,NA,NA,NA,NA,NA
379.720,1.7779,6.1809,1.0612,11.9485,NA,NA,NA,NA,NA,NA,NA,NA,NA,NA,NA,NA
379.777,1.7779,6.1809,1.0608,11.8989,NA,NA,NA,NA,NA,NA,NA,NA,NA,NA,NA,NA
379.871,1.7737,5.9289,1.0605,11.8683,NA,NA,NA,NA,NA,NA,NA,NA,NA,NA,NA,NA
379.981,1.7719,5.8189,1.0603,11.8467,NA,NA,NA,NA,NA,NA,NA,NA,NA,NA,NA,NA
380.067,1.7688,5.6347,1.0603,11.8467,NA,NA,NA,NA,NA,NA,NA,NA,NA,NA,NA,NA
380.166,1.7693,5.6675,1.0598,11.7918,NA,NA,NA,NA,NA,NA,NA,NA,NA,NA,NA,NA
380.261,1.7695,5.6764,1.0593,11.7396,NA,NA,NA,NA,NA,NA,NA,NA,NA,NA,NA,NA
380.379,1.7706,5.7468,1.0591,11.7257,NA,NA,NA,NA,NA,NA,NA,NA,NA,NA,NA,NA
380.467,1.7706,5.7468,1.0586,11.6684,NA,NA,NA,NA,NA,NA,NA,NA,NA,NA,NA,NA
380.559,1.7686,5.6232,1.0582,11.6234,NA,NA,NA,NA,NA,NA,NA,NA,NA,NA,NA,NA
380.652,1.7686,5.6232,1.0567,11.4649,NA,NA,NA,NA,NA,NA,NA,NA,NA,NA,NA,NA
380.755,1.7674,5.5510,1.0564,11.4358,NA,NA,NA,NA,NA,NA,NA,NA,NA,NA,NA,NA
380.851,1.7665,5.5004,1.0556,11.3546,NA,NA,NA,NA,NA,NA,NA,NA,NA,NA,NA,NA
380.952,1.7665,5.5004,1.0549,11.2833,NA,NA,NA,NA,NA,NA,NA,NA,NA,NA,NA,NA
381.050,1.7657,5.4531,1.0548,11.2739,NA,NA,NA,NA,NA,NA,NA,NA,NA,NA,NA,NA
381.139,1.7657,5.4531,1.0543,11.2219,NA,NA,NA,NA,NA,NA,NA,NA,NA,NA,NA,NA
381.241,1.7650,5.4113,1.0529,11.0686,NA,NA,NA,NA,NA,NA,NA,NA,NA,NA,NA,NA
381.347,1.7651,5.4175,1.0526,11.0333,NA,NA,NA,NA,NA,NA,NA,NA,NA,NA,NA,NA
381.440,1.7651,5.4175,1.0524,11.0150,NA,NA,NA,NA,NA,NA,NA,NA,NA,NA,NA,NA
381.536,1.7646,5.3838,1.0522,10.9933,NA,NA,NA,NA,NA,NA,NA,NA,NA,NA,NA,NA
381.636,1.7632,5.3018,1.0520,10.9721,NA,NA,NA,NA,NA,NA,NA,NA,NA,NA,NA,NA
381.739,1.7620,5.2295,1.0520,10.9721,NA,NA,NA,NA,NA,NA,NA,NA,NA,NA,NA,NA
381.832,1.7620,5.2295,1.0516,10.9328,NA,NA,NA,NA,NA,NA,NA,NA,NA,NA,NA,NA
381.932,1.7608,5.1589,1.0497,10.7264,NA,NA,NA,NA,NA,NA,NA,NA,NA,NA,NA,NA
382.026,1.7608,5.1589,1.0491,10.6703,NA,NA,NA,NA,NA,NA,NA,NA,NA,NA,NA,NA
382.122,1.7603,5.1295,1.0488,10.6352,NA,NA,NA,NA,NA,NA,NA,NA,NA,NA,NA,NA
382.221,1.7593,5.0722,1.0486,10.6150,NA,NA,NA,NA,NA,NA,NA,NA,NA,NA,NA,NA
382.331,1.7547,4.7972,1.0487,10.6265,NA,NA,NA,NA,NA,NA,NA,NA,NA,NA,NA,NA
382.420,1.7546,4.7889,1.0487,10.6265,NA,NA,NA,NA,NA,NA,NA,NA,NA,NA,NA,NA
382.519,1.7546,4.7889,1.0486,10.6174,NA,NA,NA,NA,NA,NA,NA,NA,NA,NA,NA,NA
382.617,1.7560,4.8739,1.0491,10.6728,NA,NA,NA,NA,NA,NA,NA,NA,NA,NA,NA,NA
382.746,1.7560,4.8739,1.0491,10.6728,NA,NA,NA,NA,NA,NA,NA,NA,NA,NA,NA,NA
382.812,1.7539,4.7442,1.0485,10.6030,NA,NA,NA,NA,NA,NA,NA,NA,NA,NA,NA,NA
382.913,1.7539,4.7442,1.0482,10.5742,NA,NA,NA,NA,NA,NA,NA,NA,NA,NA,NA,NA
383.008,1.7507,4.5560,1.0473,10.4780,NA,NA,NA,NA,NA,NA,NA,NA,NA,NA,NA,NA
383.106,1.7504,4.5407,1.0472,10.4694,NA,NA,NA,NA,NA,NA,NA,NA,NA,NA,NA,NA
383.200,1.7487,4.4373,1.0450,10.2386,NA,NA,NA,NA,NA,NA,NA,NA,NA,NA,NA,NA
383.330,1.7491,4.4575,1.0448,10.2116,NA,NA,NA,NA,NA,NA,NA,NA,NA,NA,NA,NA
383.394,1.7491,4.4575,1.0446,10.1914,NA,NA,NA,NA,NA,NA,NA,NA,NA,NA,NA,NA
383.501,1.7483,4.4153,1.0442,10.1465,NA,NA,NA,NA,NA,NA,NA,NA,NA,NA,NA,NA
383.591,1.7483,4.4153,1.0442,10.1465,NA,NA,NA,NA,NA,NA,NA,NA,NA,NA,NA,NA
383.695,1.7444,4.1822,1.0438,10.1054,NA,NA,NA,NA,NA,NA,NA,NA,NA,NA,NA,NA
383.788,1.7447,4.1993,1.0431,10.0308,NA,NA,NA,NA,NA,NA,NA,NA,NA,NA,NA,NA
383.884,1.7473,4.3533,1.0426,9.9817,NA,NA,NA,NA,NA,NA,NA,NA,NA,NA,NA,NA
383.981,1.7473,4.3533,1.0425,9.9750,NA,NA,NA,NA,NA,NA,NA,NA,NA,NA,NA,NA
384.080,1.7474,4.3599,1.0417,9.8921,NA,NA,NA,NA,NA,NA,NA,NA,NA,NA,NA,NA
384.188,1.7474,4.3599,1.0417,9.8908,NA,NA,NA,NA,NA,NA,NA,NA,NA,NA,NA,NA
384.279,1.7466,4.3086,1.0415,9.8677,NA,NA,NA,NA,NA,NA,NA,NA,NA,NA,NA,NA
384.382,1.7458,4.2619,1.0415,9.8677,NA,NA,NA,NA,NA,NA,NA,NA,NA,NA,NA,NA
384.482,1.7449,4.2116,1.0399,9.7019,NA,NA,NA,NA,NA,NA,NA,NA,NA,NA,NA,NA
384.581,1.7446,4.1930,1.0398,9.6829,NA,NA,NA,NA,NA,NA,NA,NA,NA,NA,NA,NA
384.692,1.7446,4.1930,1.0395,9.6525,NA,NA,NA,NA,NA,NA,NA,NA,NA,NA,NA,NA
384.774,1.7446,4.1925,1.0395,9.6525,NA,NA,NA,NA,NA,NA,NA,NA,NA,NA,NA,NA
384.862,1.7446,4.1925,1.0394,9.6418,NA,NA,NA,NA,NA,NA,NA,NA,NA,NA,NA,NA
384.968,1.7321,3.4454,1.0390,9.5994,NA,NA,NA,NA,NA,NA,NA,NA,NA,NA,NA,NA
385.059,1.7338,3.5483,1.0390,9.5994,NA,NA,NA,NA,NA,NA,NA,NA,NA,NA,NA,NA
385.201,1.7338,3.5483,1.0389,9.5964,NA,NA,NA,NA,NA,NA,NA,NA,NA,NA,NA,NA
385.251,1.7366,3.7132,1.0384,9.5367,NA,NA,NA,NA,NA,NA,NA,NA,NA,NA,NA,NA
385.356,1.7366,3.7132,1.0383,9.5317,NA,NA,NA,NA,NA,NA,NA,NA,NA,NA,NA,NA
385.450,1.7353,3.6358,1.0382,9.5205,NA,NA,NA,NA,NA,NA,NA,NA,NA,NA,NA,NA
385.553,1.7352,3.6273,1.0381,9.5041,NA,NA,NA,NA,NA,NA,NA,NA,NA,NA,NA,NA
385.655,1.7380,3.8000,1.0377,9.4709,NA,NA,NA,NA,NA,NA,NA,NA,NA,NA,NA,NA
385.759,1.7380,3.8000,1.0374,9.4358,NA,NA,NA,NA,NA,NA,NA,NA,NA,NA,NA,NA
385.844,1.7359,3.6713,1.0371,9.4075,NA,NA,NA,NA,NA,NA,NA,NA,NA,NA,NA,NA
385.945,1.7345,3.5897,1.0371,9.4075,NA,NA,NA,NA,NA,NA,NA,NA,NA,NA,NA,NA
386.038,1.7338,3.5482,1.0360,9.2870,NA,NA,NA,NA,NA,NA,NA,NA,NA,NA,NA,NA
386.139,1.7345,3.5889,1.0350,9.1852,NA,NA,NA,NA,NA,NA,NA,NA,NA,NA,NA,NA
386.231,1.7345,3.5889,1.0343,9.1106,NA,NA,NA,NA,NA,NA,NA,NA,NA,NA,NA,NA
386.343,1.7347,3.6000,1.0340,9.0755,NA,NA,NA,NA,NA,NA,NA,NA,NA,NA,NA,NA
386.431,1.7347,3.6000,1.0336,9.0365,NA,NA,NA,NA,NA,NA,NA,NA,NA,NA,NA,NA
386.526,1.7347,3.5976,1.0336,9.0365,NA,NA,NA,NA,NA,NA,NA,NA,NA,NA,NA,NA
386.636,1.7347,3.5976,1.0333,8.9999,NA,NA,NA,NA,NA,NA,NA,NA,NA,NA,NA,NA
386.730,1.7336,3.5317,1.0329,8.9589,NA,NA,NA,NA,NA,NA,NA,NA,NA,NA,NA,NA
386.828,1.7281,3.2051,1.0327,8.9401,NA,NA,NA,NA,NA,NA,NA,NA,NA,NA,NA,NA
386.921,1.7281,3.2051,1.0331,8.9771,NA,NA,NA,NA,NA,NA,NA,NA,NA,NA,NA,NA
387.025,1.7304,3.3404,1.0331,8.9771,NA,NA,NA,NA,NA,NA,NA,NA,NA,NA,NA,NA
387.114,1.7304,3.3404,1.0328,8.9441,NA,NA,NA,NA,NA,NA,NA,NA,NA,NA,NA,NA
387.215,1.7288,3.2472,1.0324,8.9063,NA,NA,NA,NA,NA,NA,NA,NA,NA,NA,NA,NA
387.312,1.7262,3.0897,1.0323,8.9001,NA,NA,NA,NA,NA,NA,NA,NA,NA,NA,NA,NA
387.408,1.7194,2.6855,1.0323,8.9001,NA,NA,NA,NA,NA,NA,NA,NA,NA,NA,NA,NA
387.518,1.7214,2.8076,1.0319,8.8573,NA,NA,NA,NA,NA,NA,NA,NA,NA,NA,NA,NA
387.612,1.7214,2.8076,1.0311,8.7646,NA,NA,NA,NA,NA,NA,NA,NA,NA,NA,NA,NA
387.715,1.7242,2.9744,1.0301,8.6619,NA,NA,NA,NA,NA,NA,NA,NA,NA,NA,NA,NA
387.807,1.7242,2.9744,1.0298,8.6279,NA,NA,NA,NA,NA,NA,NA,NA,NA,NA,NA,NA
387.899,1.7259,3.0750,1.0296,8.6063,NA,NA,NA,NA,NA,NA,NA,NA,NA,NA,NA,NA
388.004,1.7259,3.0750,1.0292,8.5722,NA,NA,NA,NA,NA,NA,NA,NA,NA,NA,NA,NA
388.093,1.7233,2.9170,1.0286,8.5024,NA,NA,NA,NA,NA,NA,NA,NA,NA,NA,NA,NA
388.193,1.7228,2.8898,1.0285,8.4936,NA,NA,NA,NA,NA,NA,NA,NA,NA,NA,NA,NA
388.289,1.7217,2.8216,1.0281,8.4505,NA,NA,NA,NA,NA,NA,NA,NA,NA,NA,NA,NA
388.386,1.7227,2.8846,1.0276,8.4051,NA,NA,NA,NA,NA,NA,NA,NA,NA,NA,NA,NA
388.492,1.7227,2.8846,1.0268,8.3159,NA,NA,NA,NA,NA,NA,NA,NA,NA,NA,NA,NA
388.585,1.7228,2.8893,1.0266,8.2906,NA,NA,NA,NA,NA,NA,NA,NA,NA,NA,NA,NA
388.720,1.7228,2.8893,1.0264,8.2735,NA,NA,NA,NA,NA,NA,NA,NA,NA,NA,NA,NA
388.777,1.7204,2.7466,1.0265,8.2812,NA,NA,NA,NA,NA,NA,NA,NA,NA,NA,NA,NA
388.883,1.7204,2.7466,1.0265,8.2812,NA,NA,NA,NA,NA,NA,NA,NA,NA,NA,NA,NA
388.975,1.7168,2.5288,1.0259,8.2237,NA,NA,NA,NA,NA,NA,NA,NA,NA,NA,NA,NA
389.078,1.7178,2.5898,1.0257,8.2000,NA,NA,NA,NA,NA,NA,NA,NA,NA,NA,NA,NA
389.171,1.7178,2.5898,1.0254,8.1713,NA,NA,NA,NA,NA,NA,NA,NA,NA,NA,NA,NA
389.311,1.7193,2.6804,1.0250,8.1285,NA,NA,NA,NA,NA,NA,NA,NA,NA,NA,NA,NA
389.379,1.7193,2.6804,1.0235,7.9696,NA,NA,NA,NA,NA,NA,NA,NA,NA,NA,NA,NA
389.471,1.7161,2.4874,1.0245,8.0729,NA,NA,NA,NA,NA,NA,NA,NA,NA,NA,NA,NA
389.573,1.7161,2.4874,1.0246,8.0823,NA,NA,NA,NA,NA,NA,NA,NA,NA,NA,NA,NA
389.664,1.7151,2.4283,1.0246,8.0823,NA,NA,NA,NA,NA,NA,NA,NA,NA,NA,NA,NA
389.759,1.7169,2.5343,1.0236,7.9819,NA,NA,NA,NA,NA,NA,NA,NA,NA,NA,NA,NA
389.858,1.7169,2.5343,1.0235,7.9693,NA,NA,NA,NA,NA,NA,NA,NA,NA,NA,NA,NA
390.008,1.7163,2.5026,1.0231,7.9263,NA,NA,NA,NA,NA,NA,NA,NA,NA,NA,NA,NA
390.050,1.7163,2.5026,1.0221,7.8155,NA,NA,NA,NA,NA,NA,NA,NA,NA,NA,NA,NA
390.154,1.7144,2.3903,1.0218,7.7896,NA,NA,NA,NA,NA,NA,NA,NA,NA,NA,NA,NA
390.254,1.7144,2.3903,1.0211,7.7142,NA,NA,NA,NA,NA,NA,NA,NA,NA,NA,NA,NA
390.348,1.7136,2.3421,1.0211,7.7112,NA,NA,NA,NA,NA,NA,NA,NA,NA,NA,NA,NA
390.444,1.7136,2.3384,1.0209,7.6951,NA,NA,NA,NA,NA,NA,NA,NA,NA,NA,NA,NA
390.562,1.7116,2.2199,1.0209,7.6982,NA,NA,NA,NA,NA,NA,NA,NA,NA,NA,NA,NA
390.643,1.7088,2.0543,1.0209,7.6982,NA,NA,NA,NA,NA,NA,NA,NA,NA,NA,NA,NA
390.738,1.7088,2.0543,1.0205,7.6484,NA,NA,NA,NA,NA,NA,NA,NA,NA,NA,NA,NA
390.837,1.7087,2.0454,1.0204,7.6382,NA,NA,NA,NA,NA,NA,NA,NA,NA,NA,NA,NA
390.932,1.7086,2.0395,1.0199,7.5869,NA,NA,NA,NA,NA,NA,NA,NA,NA,NA,NA,NA
391.038,1.7096,2.0994,1.0194,7.5361,NA,NA,NA,NA,NA,NA,NA,NA,NA,NA,NA,NA
391.179,1.7096,2.0994,1.0196,7.5575,NA,NA,NA,NA,NA,NA,NA,NA,NA,NA,NA,NA
391.226,1.7032,1.7191,1.0196,7.5575,NA,NA,NA,NA,NA,NA,NA,NA,NA,NA,NA,NA
391.322,1.7047,1.8092,1.0190,7.4938,NA,NA,NA,NA,NA,NA,NA,NA,NA,NA,NA,NA
391.435,1.7047,1.8092,1.0187,7.4645,NA,NA,NA,NA,NA,NA,NA,NA,NA,NA,NA,NA
391.541,1.7010,1.5877,1.0185,7.4381,NA,NA,NA,NA,NA,NA,NA,NA,NA,NA,NA,NA
391.623,1.6999,1.5214,1.0179,7.3759,NA,NA,NA,NA,NA,NA,NA,NA,NA,NA,NA,NA
391.734,1.7012,1.5988,1.0179,7.3759,NA,NA,NA,NA,NA,NA,NA,NA,NA,NA,NA,NA
391.824,1.7021,1.6517,1.0173,7.3130,NA,NA,NA,NA,NA,NA,NA,NA,NA,NA,NA,NA
391.914,1.7021,1.6517,1.0174,7.3245,NA,NA,NA,NA,NA,NA,NA,NA,NA,NA,NA,NA
392.012,1.7009,1.5844,1.0174,7.3245,NA,NA,NA,NA,NA,NA,NA,NA,NA,NA,NA,NA
392.118,1.7022,1.6590,1.0167,7.2483,NA,NA,NA,NA,NA,NA,NA,NA,NA,NA,NA,NA
392.207,1.7022,1.6590,1.0155,7.1260,NA,NA,NA,NA,NA,NA,NA,NA,NA,NA,NA,NA
392.308,1.7011,1.5911,1.0153,7.1037,NA,NA,NA,NA,NA,NA,NA,NA,NA,NA,NA,NA
392.397,1.7011,1.5911,1.0153,7.1037,NA,NA,NA,NA,NA,NA,NA,NA,NA,NA,NA,NA
392.501,1.7004,1.5516,1.0153,7.1071,NA,NA,NA,NA,NA,NA,NA,NA,NA,NA,NA,NA
392.604,1.7030,1.7075,1.0153,7.1071,NA,NA,NA,NA,NA,NA,NA,NA,NA,NA,NA,NA
392.705,1.7030,1.7075,1.0144,7.0036,NA,NA,NA,NA,NA,NA,NA,NA,NA,NA,NA,NA
392.814,1.6961,1.2977,1.0137,6.9286,NA,NA,NA,NA,NA,NA,NA,NA,NA,NA,NA,NA
392.892,1.6961,1.2977,1.0128,6.8363,NA,NA,NA,NA,NA,NA,NA,NA,NA,NA,NA,NA
392.992,1.6939,1.1640,1.0123,6.7859,NA,NA,NA,NA,NA,NA,NA,NA,NA,NA,NA,NA
393.085,1.6939,1.1640,1.0115,6.7038,NA,NA,NA,NA,NA,NA,NA,NA,NA,NA,NA,NA
393.192,1.6926,1.0883,1.0116,6.7152,NA,NA,NA,NA,NA,NA,NA,NA,NA,NA,NA,NA
393.285,1.6934,1.1339,1.0116,6.7152,NA,NA,NA,NA,NA,NA,NA,NA,NA,NA,NA,NA
393.379,1.6934,1.1339,1.0112,6.6704,NA,NA,NA,NA,NA,NA,NA,NA,NA,NA,NA,NA
393.481,1.6920,1.0507,1.0110,6.6450,NA,NA,NA,NA,NA,NA,NA,NA,NA,NA,NA,NA
393.582,1.6920,1.0507,1.0108,6.6301,NA,NA,NA,NA,NA,NA,NA,NA,NA,NA,NA,NA
393.674,1.6942,1.1793,1.0107,6.6160,NA,NA,NA,NA,NA,NA,NA,NA,NA,NA,NA,NA
393.770,1.7005,1.5591,1.0110,6.6468,NA,NA,NA,NA,NA,NA,NA,NA,NA,NA,NA,NA
393.875,1.7293,3.2752,1.0194,7.5341,NA,NA,NA,NA,NA,NA,NA,NA,NA,NA,NA,NA
393.972,1.7552,4.8271,1.0295,8.5968,NA,NA,NA,NA,NA,NA,NA,NA,NA,NA,NA,NA
394.089,1.7726,5.8627,1.0369,9.3839,NA,NA,NA,NA,NA,NA,NA,NA,NA,NA,NA,NA
394.180,1.7799,6.2986,1.0407,9.7786,NA,NA,NA,NA,NA,NA,NA,NA,NA,NA,NA,NA
394.272,1.7799,6.2986,1.0419,9.9103,NA,NA,NA,NA,NA,NA,NA,NA,NA,NA,NA,NA
394.365,1.7817,6.4075,1.0427,9.9904,NA,NA,NA,NA,NA,NA,NA,NA,NA,NA,NA,NA
394.459,1.7817,6.4075,1.0427,9.9904,NA,NA,NA,NA,NA,NA,NA,NA,NA,NA,NA,NA
394.555,1.7723,5.8466,1.0420,9.9166,NA,NA,NA,NA,NA,NA,NA,NA,NA,NA,NA,NA
394.654,1.7723,5.8466,1.0407,9.7840,NA,NA,NA,NA,NA,NA,NA,NA,NA,NA,NA,NA
394.772,1.7642,5.3646,1.0387,9.5689,NA,NA,NA,NA,NA,NA,NA,NA,NA,NA,NA,NA
394.857,1.7554,4.8381,1.0374,9.4291,NA,NA,NA,NA,NA,NA,NA,NA,NA,NA,NA,NA
394.949,1.7517,4.6174,1.0343,9.1077,NA,NA,NA,NA,NA,NA,NA,NA,NA,NA,NA,NA
395.051,1.7454,4.2413,1.0320,8.8646,NA,NA,NA,NA,NA,NA,NA,NA,NA,NA,NA,NA
395.144,1.7430,4.0950,1.0300,8.6493,NA,NA,NA,NA,NA,NA,NA,NA,NA,NA,NA,NA
395.242,1.7347,3.6012,1.0277,8.4093,NA,NA,NA,NA,NA,NA,NA,NA,NA,NA,NA,NA
395.399,1.7334,3.5204,1.0261,8.2408,NA,NA,NA,NA,NA,NA,NA,NA,NA,NA,NA,NA
395.440,1.7286,3.2332,1.0250,8.1293,NA,NA,NA,NA,NA,NA,NA,NA,NA,NA,NA,NA
395.534,1.7243,2.9820,1.0243,8.0501,NA,NA,NA,NA,NA,NA,NA,NA,NA,NA,NA,NA
395.631,1.7177,2.5865,1.0233,7.9446,NA,NA,NA,NA,NA,NA,NA,NA,NA,NA,NA,NA
395.735,1.7183,2.6195,1.0209,7.6926,NA,NA,NA,NA,NA,NA,NA,NA,NA,NA,NA,NA
395.839,1.7183,2.6195,1.0198,7.5812,NA,NA,NA,NA,NA,NA,NA,NA,NA,NA,NA,NA
395.977,1.7096,2.1002,1.0167,7.2532,NA,NA,NA,NA,NA,NA,NA,NA,NA,NA,NA,NA
396.024,1.7055,1.8562,1.0154,7.1111,NA,NA,NA,NA,NA,NA,NA,NA,NA,NA,NA,NA
396.124,1.7056,1.8651,1.0143,6.9992,NA,NA,NA,NA,NA,NA,NA,NA,NA,NA,NA,NA
396.223,1.7056,1.8651,1.0134,6.8985,NA,NA,NA,NA,NA,NA,NA,NA,NA,NA,NA,NA
396.318,1.7056,1.8644,1.0124,6.7965,NA,NA,NA,NA,NA,NA,NA,NA,NA,NA,NA,NA
396.425,1.7054,1.8519,1.0118,6.7302,NA,NA,NA,NA,NA,NA,NA,NA,NA,NA,NA,NA
396.567,1.7006,1.5621,1.0113,6.6860,NA,NA,NA,NA,NA,NA,NA,NA,NA,NA,NA,NA
396.624,1.7006,1.5621,1.0106,6.6044,NA,NA,NA,NA,NA,NA,NA,NA,NA,NA,NA,NA
396.709,1.7000,1.5304,1.0104,6.5871,NA,NA,NA,NA,NA,NA,NA,NA,NA,NA,NA,NA
396.814,1.6943,1.1867,1.0098,6.5275,NA,NA,NA,NA,NA,NA,NA,NA,NA,NA,NA,NA
396.909,1.7039,1.7637,1.0129,6.8524,NA,NA,NA,NA,NA,NA,NA,NA,NA,NA,NA,NA
397.007,1.7384,3.8236,1.0203,7.6299,NA,NA,NA,NA,NA,NA,NA,NA,NA,NA,NA,NA
397.129,1.7651,5.4166,1.0318,8.8485,NA,NA,NA,NA,NA,NA,NA,NA,NA,NA,NA,NA
397.200,1.8010,7.5589,1.0465,10.3900,NA,NA,NA,NA,NA,NA,NA,NA,NA,NA,NA,NA
397.295,1.8196,8.6710,1.0597,11.7872,NA,NA,NA,NA,NA,NA,NA,NA,NA,NA,NA,NA
397.398,1.8467,10.2919,1.0674,12.6025,NA,NA,NA,NA,NA,NA,NA,NA,NA,NA,NA,NA
397.494,1.8606,11.1181,1.0759,13.4925,NA,NA,NA,NA,NA,NA,NA,NA,NA,NA,NA,NA
397.592,1.8787,12.2012,1.0843,14.3807,NA,NA,NA,NA,NA,NA,NA,NA,NA,NA,NA,NA
397.690,1.9073,13.9067,1.0914,15.1353,NA,NA,NA,NA,NA,NA,NA,NA,NA,NA,NA,NA
397.788,1.9165,14.4598,1.1032,16.3788,NA,NA,NA,NA,NA,NA,NA,NA,NA,NA,NA,NA
397.882,1.9311,15.3285,1.1119,17.2883,NA,NA,NA,NA,NA,NA,NA,NA,NA,NA,NA,NA
397.984,1.9379,15.7373,1.1175,17.8866,NA,NA,NA,NA,NA,NA,NA,NA,NA,NA,NA,NA
398.080,1.9488,16.3886,1.1255,18.7292,NA,NA,NA,NA,NA,NA,NA,NA,NA,NA,NA,NA
398.178,1.9541,16.7008,1.1310,19.3090,NA,NA,NA,NA,NA,NA,NA,NA,NA,NA,NA,NA
398.275,1.9674,17.4978,1.1376,20.0086,NA,NA,NA,NA,NA,NA,NA,NA,NA,NA,NA,NA
398.385,1.9697,17.6350,1.1414,20.4064,NA,NA,NA,NA,NA,NA,NA,NA,NA,NA,NA,NA
398.472,1.9810,18.3123,1.1503,21.3451,NA,NA,NA,NA,NA,NA,NA,NA,NA,NA,NA,NA
398.569,1.9924,18.9930,1.1543,21.7666,NA,NA,NA,NA,NA,NA,NA,NA,NA,NA,NA,NA
398.667,1.9977,19.3077,1.1599,22.3543,NA,NA,NA,NA,NA,NA,NA,NA,NA,NA,NA,NA
398.779,2.0058,19.7909,1.1648,22.8722,NA,NA,NA,NA,NA,NA,NA,NA,NA,NA,NA,NA
398.878,2.0115,20.1287,1.1687,23.2847,NA,NA,NA,NA,NA,NA,NA,NA,NA,NA,NA,NA
398.964,2.0159,20.3941,1.1745,23.8940,NA,NA,NA,NA,NA,NA,NA,NA,NA,NA,NA,NA
399.061,2.0182,20.5310,1.1766,24.1196,NA,NA,NA,NA,NA,NA,NA,NA,NA,NA,NA,NA
399.159,2.0214,20.7223,1.1782,24.2890,NA,NA,NA,NA,NA,NA,NA,NA,NA,NA,NA,NA
399.264,2.0238,20.8651,1.1782,24.2890,NA,NA,NA,NA,NA,NA,NA,NA,NA,NA,NA,NA
399.355,2.0238,20.8651,1.1776,24.2218,NA,NA,NA,NA,NA,NA,NA,NA,NA,NA,NA,NA
399.456,2.0209,20.6926,1.1774,24.2044,NA,NA,NA,NA,NA,NA,NA,NA,NA,NA,NA,NA
399.610,2.0191,20.5843,1.1751,23.9589,NA,NA,NA,NA,NA,NA,NA,NA,NA,NA,NA,NA
399.648,2.0089,19.9743,1.1736,23.8008,NA,NA,NA,NA,NA,NA,NA,NA,NA,NA,NA,NA
399.743,2.0048,19.7332,1.1718,23.6100,NA,NA,NA,NA,NA,NA,NA,NA,NA,NA,NA,NA
399.843,1.9981,19.3314,1.1701,23.4276,NA,NA,NA,NA,NA,NA,NA,NA,NA,NA,NA,NA
399.943,1.9860,18.6093,1.1679,23.2042,NA,NA,NA,NA,NA,NA,NA,NA,NA,NA,NA,NA
400.048,1.9794,18.2127,1.1629,22.6706,NA,NA,NA,NA,NA,NA,NA,NA,NA,NA,NA,NA
400.136,1.9707,17.6955,1.1594,22.3045,NA,NA,NA,NA,NA,NA,NA,NA,NA,NA,NA,NA
400.241,1.9652,17.3661,1.1558,21.9267,NA,NA,NA,NA,NA,NA,NA,NA,NA,NA,NA,NA
400.335,1.9521,16.5831,1.1528,21.6031,NA,NA,NA,NA,NA,NA,NA,NA,NA,NA,NA,NA
400.434,1.9469,16.2726,1.1497,21.2776,NA,NA,NA,NA,NA,NA,NA,NA,NA,NA,NA,NA
400.534,1.9230,14.8470,1.1481,21.1093,NA,NA,NA,NA,NA,NA,NA,NA,NA,NA,NA,NA
400.628,1.9163,14.4448,1.1453,20.8140,NA,NA,NA,NA,NA,NA,NA,NA,NA,NA,NA,NA
400.724,1.9147,14.3486,1.1437,20.6436,NA,NA,NA,NA,NA,NA,NA,NA,NA,NA,NA,NA
400.821,1.9144,14.3294,1.1416,20.4293,NA,NA,NA,NA,NA,NA,NA,NA,NA,NA,NA,NA
400.930,1.9144,14.3294,1.1404,20.2990,NA,NA,NA,NA,NA,NA,NA,NA,NA,NA,NA,NA
401.019,1.9138,14.2979,1.1394,20.1901,NA,NA,NA,NA,NA,NA,NA,NA,NA,NA,NA,NA
401.130,1.9138,14.2979,1.1381,20.0537,NA,NA,NA,NA,NA,NA,NA,NA,NA,NA,NA,NA
401.226,1.9105,14.1007,1.1380,20.0452,NA,NA,NA,NA,NA,NA,NA,NA,NA,NA,NA,NA
401.358,1.9092,14.0208,1.1358,19.8168,NA,NA,NA,NA,NA,NA,NA,NA,NA,NA,NA,NA
401.408,1.9092,14.0208,1.1357,19.8041,NA,NA,NA,NA,NA,NA,NA,NA,NA,NA,NA,NA
401.513,1.9087,13.9902,1.1339,19.6179,NA,NA,NA,NA,NA,NA,NA,NA,NA,NA,NA,NA
401.605,1.9101,14.0762,1.1334,19.5578,NA,NA,NA,NA,NA,NA,NA,NA,NA,NA,NA,NA
401.701,1.9101,14.0762,1.1328,19.5014,NA,NA,NA,NA,NA,NA,NA,NA,NA,NA,NA,NA
401.798,1.9050,13.7681,1.1328,19.5014,NA,NA,NA,NA,NA,NA,NA,NA,NA,NA,NA,NA
401.913,1.9050,13.7681,1.1319,19.4038,NA,NA,NA,NA,NA,NA,NA,NA,NA,NA,NA,NA
402.009,1.9042,13.7243,1.1312,19.3313,NA,NA,NA,NA,NA,NA,NA,NA,NA,NA,NA,NA
402.103,1.9026,13.6268,1.1301,19.2156,NA,NA,NA,NA,NA,NA,NA,NA,NA,NA,NA,NA
402.199,1.9016,13.5698,1.1290,19.0949,NA,NA,NA,NA,NA,NA,NA,NA,NA,NA,NA,NA
402.288,1.9031,13.6550,1.1290,19.0949,NA,NA,NA,NA,NA,NA,NA,NA,NA,NA,NA,NA
402.392,1.9031,13.6550,1.1287,19.0619,NA,NA,NA,NA,NA,NA,NA,NA,NA,NA,NA,NA
402.486,1.9011,13.5403,1.1279,18.9785,NA,NA,NA,NA,NA,NA,NA,NA,NA,NA,NA,NA
402.600,1.9011,13.5403,1.1279,18.9785,NA,NA,NA,NA,NA,NA,NA,NA,NA,NA,NA,NA
402.682,1.9011,13.5365,1.1275,18.9370,NA,NA,NA,NA,NA,NA,NA,NA,NA,NA,NA,NA
402.780,1.9031,13.6583,1.1263,18.8097,NA,NA,NA,NA,NA,NA,NA,NA,NA,NA,NA,NA
402.888,1.9031,13.6583,1.1259,18.7670,NA,NA,NA,NA,NA,NA,NA,NA,NA,NA,NA,NA
402.978,1.9027,13.6321,1.1251,18.6857,NA,NA,NA,NA,NA,NA,NA,NA,NA,NA,NA,NA
403.080,1.9027,13.6321,1.1251,18.6849,NA,NA,NA,NA,NA,NA,NA,NA,NA,NA,NA,NA
403.184,1.8975,13.3252,1.1249,18.6611,NA,NA,NA,NA,NA,NA,NA,NA,NA,NA,NA,NA
403.276,1.8975,13.3252,1.1246,18.6377,NA,NA,NA,NA,NA,NA,NA,NA,NA,NA,NA,NA
403.370,1.8943,13.1301,1.1239,18.5538,NA,NA,NA,NA,NA,NA,NA,NA,NA,NA,NA,NA
403.474,1.8895,12.8440,1.1232,18.4833,NA,NA,NA,NA,NA,NA,NA,NA,NA,NA,NA,NA
403.566,1.8896,12.8506,1.1224,18.3969,NA,NA,NA,NA,NA,NA,NA,NA,NA,NA,NA,NA
403.660,1.8917,12.9741,1.1219,18.3496,NA,NA,NA,NA,NA,NA,NA,NA,NA,NA,NA,NA
403.762,1.8917,12.9741,1.1217,18.3218,NA,NA,NA,NA,NA,NA,NA,NA,NA,NA,NA,NA
403.868,1.8913,12.9524,1.1217,18.3218,NA,NA,NA,NA,NA,NA,NA,NA,NA,NA,NA,NA
403.955,1.8913,12.9524,1.1215,18.3094,NA,NA,NA,NA,NA,NA,NA,NA,NA,NA,NA,NA
404.054,1.8867,12.6805,1.1206,18.2099,NA,NA,NA,NA,NA,NA,NA,NA,NA,NA,NA,NA
404.151,1.8844,12.5384,1.1205,18.1996,NA,NA,NA,NA,NA,NA,NA,NA,NA,NA,NA,NA
404.252,1.8841,12.5209,1.1205,18.1996,NA,NA,NA,NA,NA,NA,NA,NA,NA,NA,NA,NA
404.349,1.8885,12.7849,1.1199,18.1389,NA,NA,NA,NA,NA,NA,NA,NA,NA,NA,NA,NA
404.450,1.8885,12.7849,1.1197,18.1207,NA,NA,NA,NA,NA,NA,NA,NA,NA,NA,NA,NA
404.542,1.8840,12.5153,1.1200,18.1496,NA,NA,NA,NA,NA,NA,NA,NA,NA,NA,NA,NA
404.638,1.8825,12.4262,1.1200,18.1496,NA,NA,NA,NA,NA,NA,NA,NA,NA,NA,NA,NA
404.737,1.8784,12.1844,1.1193,18.0705,NA,NA,NA,NA,NA,NA,NA,NA,NA,NA,NA,NA
404.837,1.8784,12.1844,1.1193,18.0705,NA,NA,NA,NA,NA,NA,NA,NA,NA,NA,NA,NA
404.935,1.8758,12.0251,1.1186,17.9989,NA,NA,NA,NA,NA,NA,NA,NA,NA,NA,NA,NA
405.038,1.8741,11.9278,1.1172,17.8546,NA,NA,NA,NA,NA,NA,NA,NA,NA,NA,NA,NA
405.131,1.8736,11.8981,1.1170,17.8325,NA,NA,NA,NA,NA,NA,NA,NA,NA,NA,NA,NA
405.233,1.8740,11.9223,1.1165,17.7824,NA,NA,NA,NA,NA,NA,NA,NA,NA,NA,NA,NA
405.324,1.8740,11.9223,1.1161,17.7374,NA,NA,NA,NA,NA,NA,NA,NA,NA,NA,NA,NA
405.428,1.8723,11.8171,1.1159,17.7141,NA,NA,NA,NA,NA,NA,NA,NA,NA,NA,NA,NA
405.574,1.8723,11.8171,1.1160,17.7242,NA,NA,NA,NA,NA,NA,NA,NA,NA,NA,NA,NA
405.621,1.8717,11.7807,1.1161,17.7357,NA,NA,NA,NA,NA,NA,NA,NA,NA,NA,NA,NA
405.723,1.8717,11.7807,1.1161,17.7357,NA,NA,NA,NA,NA,NA,NA,NA,NA,NA,NA,NA
405.827,1.8685,11.5923,1.1158,17.7063,NA,NA,NA,NA,NA,NA,NA,NA,NA,NA,NA,NA
405.919,1.8641,11.3254,1.1149,17.6125,NA,NA,NA,NA,NA,NA,NA,NA,NA,NA,NA,NA
406.014,1.8641,11.3254,1.1145,17.5673,NA,NA,NA,NA,NA,NA,NA,NA,NA,NA,NA,NA
406.113,1.8660,11.4419,1.1138,17.4962,NA,NA,NA,NA,NA,NA,NA,NA,NA,NA,NA,NA
406.205,1.8660,11.4419,1.1140,17.5128,NA,NA,NA,NA,NA,NA,NA,NA,NA,NA,NA,NA
406.303,1.8640,11.3224,1.1140,17.5128,NA,NA,NA,NA,NA,NA,NA,NA,NA,NA,NA,NA
406.402,1.8623,11.2180,1.1135,17.4648,NA,NA,NA,NA,NA,NA,NA,NA,NA,NA,NA,NA
406.498,1.8614,11.1669,1.1130,17.4052,NA,NA,NA,NA,NA,NA,NA,NA,NA,NA,NA,NA
406.595,1.8603,11.0999,1.1127,17.3785,NA,NA,NA,NA,NA,NA,NA,NA,NA,NA,NA,NA
406.726,1.8603,11.0999,1.1121,17.3127,NA,NA,NA,NA,NA,NA,NA,NA,NA,NA,NA,NA
406.794,1.8599,11.0755,1.1110,17.1963,NA,NA,NA,NA,NA,NA,NA,NA,NA,NA,NA,NA
406.893,1.8599,11.0755,1.1105,17.1473,NA,NA,NA,NA,NA,NA,NA,NA,NA,NA,NA,NA
406.998,1.8580,10.9667,1.1101,17.1034,NA,NA,NA,NA,NA,NA,NA,NA,NA,NA,NA,NA
407.088,1.8580,10.9667,1.1096,17.0547,NA,NA,NA,NA,NA,NA,NA,NA,NA,NA,NA,NA
407.184,1.8565,10.8753,1.1085,16.9377,NA,NA,NA,NA,NA,NA,NA,NA,NA,NA,NA,NA
407.334,1.8527,10.6494,1.1082,16.9031,NA,NA,NA,NA,NA,NA,NA,NA,NA,NA,NA,NA
407.391,1.8516,10.5829,1.1080,16.8842,NA,NA,NA,NA,NA,NA,NA,NA,NA,NA,NA,NA
407.480,1.8512,10.5573,1.1078,16.8651,NA,NA,NA,NA,NA,NA,NA,NA,NA,NA,NA,NA
407.573,1.8515,10.5767,1.1078,16.8590,NA,NA,NA,NA,NA,NA,NA,NA,NA,NA,NA,NA
407.675,1.8536,10.6982,1.1075,16.8290,NA,NA,NA,NA,NA,NA,NA,NA,NA,NA,NA,NA
407.769,1.8536,10.6982,1.1069,16.7678,NA,NA,NA,NA,NA,NA,NA,NA,NA,NA,NA,NA
407.865,1.8463,10.2648,1.1069,16.7678,NA,NA,NA,NA,NA,NA,NA,NA,NA,NA,NA,NA
407.984,1.8457,10.2299,1.1064,16.7087,NA,NA,NA,NA,NA,NA,NA,NA,NA,NA,NA,NA
408.069,1.8438,10.1168,1.1055,16.6211,NA,NA,NA,NA,NA,NA,NA,NA,NA,NA,NA,NA
408.172,1.8473,10.3275,1.1053,16.5951,NA,NA,NA,NA,NA,NA,NA,NA,NA,NA,NA,NA
408.263,1.8473,10.3275,1.1048,16.5453,NA,NA,NA,NA,NA,NA,NA,NA,NA,NA,NA,NA
408.357,1.8452,10.2010,1.1047,16.5359,NA,NA,NA,NA,NA,NA,NA,NA,NA,NA,NA,NA
408.463,1.8420,10.0098,1.1043,16.4887,NA,NA,NA,NA,NA,NA,NA,NA,NA,NA,NA,NA
408.563,1.8406,9.9218,1.1042,16.4782,NA,NA,NA,NA,NA,NA,NA,NA,NA,NA,NA,NA
408.652,1.8369,9.7043,1.1037,16.4275,NA,NA,NA,NA,NA,NA,NA,NA,NA,NA,NA,NA
408.748,1.8375,9.7395,1.1030,16.3574,NA,NA,NA,NA,NA,NA,NA,NA,NA,NA,NA,NA
408.852,1.8375,9.7395,1.1025,16.3014,NA,NA,NA,NA,NA,NA,NA,NA,NA,NA,NA,NA
408.952,1.8395,9.8610,1.1023,16.2773,NA,NA,NA,NA,NA,NA,NA,NA,NA,NA,NA,NA
409.042,1.8395,9.8610,1.1019,16.2422,NA,NA,NA,NA,NA,NA,NA,NA,NA,NA,NA,NA
409.182,1.8377,9.7535,1.1013,16.1787,NA,NA,NA,NA,NA,NA,NA,NA,NA,NA,NA,NA
409.252,1.8368,9.6975,1.1010,16.1467,NA,NA,NA,NA,NA,NA,NA,NA,NA,NA,NA,NA
409.341,1.8341,9.5360,1.1010,16.1456,NA,NA,NA,NA,NA,NA,NA,NA,NA,NA,NA,NA
409.454,1.8331,9.4756,1.1007,16.1141,NA,NA,NA,NA,NA,NA,NA,NA,NA,NA,NA,NA
409.533,1.8331,9.4756,1.1005,16.0918,NA,NA,NA,NA,NA,NA,NA,NA,NA,NA,NA,NA
409.639,1.8286,9.2069,1.0993,15.9620,NA,NA,NA,NA,NA,NA,NA,NA,NA,NA,NA,NA
409.728,1.8272,9.1223,1.0981,15.8378,NA,NA,NA,NA,NA,NA,NA,NA,NA,NA,NA,NA
409.837,1.8283,9.1930,1.0975,15.7723,NA,NA,NA,NA,NA,NA,NA,NA,NA,NA,NA,NA
409.924,1.8283,9.1930,1.0972,15.7413,NA,NA,NA,NA,NA,NA,NA,NA,NA,NA,NA,NA
410.038,1.8247,8.9747,1.0967,15.6895,NA,NA,NA,NA,NA,NA,NA,NA,NA,NA,NA,NA
410.127,1.8260,9.0537,1.0967,15.6895,NA,NA,NA,NA,NA,NA,NA,NA,NA,NA,NA,NA
410.236,1.8260,9.0537,1.0966,15.6748,NA,NA,NA,NA,NA,NA,NA,NA,NA,NA,NA,NA
410.347,1.8302,9.3049,1.0966,15.6748,NA,NA,NA,NA,NA,NA,NA,NA,NA,NA,NA,NA
410.410,1.8302,9.3049,1.0958,15.5959,NA,NA,NA,NA,NA,NA,NA,NA,NA,NA,NA,NA
410.523,1.8267,9.0962,1.0949,15.4986,NA,NA,NA,NA,NA,NA,NA,NA,NA,NA,NA,NA
410.617,1.8267,9.0962,1.0949,15.4986,NA,NA,NA,NA,NA,NA,NA,NA,NA,NA,NA,NA
410.739,1.8224,8.8350,1.0933,15.3285,NA,NA,NA,NA,NA,NA,NA,NA,NA,NA,NA,NA
410.814,1.8205,8.7233,1.0933,15.3285,NA,NA,NA,NA,NA,NA,NA,NA,NA,NA,NA,NA
410.940,1.8180,8.5760,1.0930,15.2954,NA,NA,NA,NA,NA,NA,NA,NA,NA,NA,NA,NA
410.999,1.8214,8.7801,1.0930,15.2954,NA,NA,NA,NA,NA,NA,NA,NA,NA,NA,NA,NA
411.110,1.8214,8.7801,1.0925,15.2441,NA,NA,NA,NA,NA,NA,NA,NA,NA,NA,NA,NA
411.198,1.8191,8.6406,1.0922,15.2181,NA,NA,NA,NA,NA,NA,NA,NA,NA,NA,NA,NA
411.293,1.8191,8.6406,1.0910,15.0884,NA,NA,NA,NA,NA,NA,NA,NA,NA,NA,NA,NA
411.403,1.8169,8.5098,1.0910,15.0869,NA,NA,NA,NA,NA,NA,NA,NA,NA,NA,NA,NA
411.518,1.8169,8.5098,1.0910,15.0869,NA,NA,NA,NA,NA,NA,NA,NA,NA,NA,NA,NA
411.588,1.8146,8.3708,1.0909,15.0760,NA,NA,NA,NA,NA,NA,NA,NA,NA,NA,NA,NA
411.689,1.8151,8.4007,1.0909,15.0760,NA,NA,NA,NA,NA,NA,NA,NA,NA,NA,NA,NA
411.789,1.8151,8.4007,1.0908,15.0705,NA,NA,NA,NA,NA,NA,NA,NA,NA,NA,NA,NA
411.881,1.8144,8.3601,1.0906,15.0413,NA,NA,NA,NA,NA,NA,NA,NA,NA,NA,NA,NA
411.979,1.8142,8.3508,1.0893,14.9117,NA,NA,NA,NA,NA,NA,NA,NA,NA,NA,NA,NA
412.082,1.8151,8.4033,1.0887,14.8491,NA,NA,NA,NA,NA,NA,NA,NA,NA,NA,NA,NA
412.181,1.8151,8.4033,1.0878,14.7550,NA,NA,NA,NA,NA,NA,NA,NA,NA,NA,NA,NA
412.276,1.8087,8.0216,1.0874,14.7037,NA,NA,NA,NA,NA,NA,NA,NA,NA,NA,NA,NA
412.372,1.8087,8.0178,1.0864,14.6036,NA,NA,NA,NA,NA,NA,NA,NA,NA,NA,NA,NA
412.472,1.8064,7.8833,1.0861,14.5688,NA,NA,NA,NA,NA,NA,NA,NA,NA,NA,NA,NA
412.577,1.8063,7.8744,1.0856,14.5201,NA,NA,NA,NA,NA,NA,NA,NA,NA,NA,NA,NA
412.665,1.8063,7.8744,1.0852,14.4799,NA,NA,NA,NA,NA,NA,NA,NA,NA,NA,NA,NA
412.767,1.8057,7.8398,1.0850,14.4603,NA,NA,NA,NA,NA,NA,NA,NA,NA,NA,NA,NA
412.865,1.8057,7.8398,1.0851,14.4656,NA,NA,NA,NA,NA,NA,NA,NA,NA,NA,NA,NA
412.962,1.8053,7.8182,1.0851,14.4656,NA,NA,NA,NA,NA,NA,NA,NA,NA,NA,NA,NA
413.057,1.8053,7.8182,1.0832,14.2705,NA,NA,NA,NA,NA,NA,NA,NA,NA,NA,NA,NA
413.153,1.8025,7.6502,1.0824,14.1789,NA,NA,NA,NA,NA,NA,NA,NA,NA,NA,NA,NA
413.253,1.8025,7.6502,1.0819,14.1254,NA,NA,NA,NA,NA,NA,NA,NA,NA,NA,NA,NA
413.375,1.8028,7.6658,1.0815,14.0821,NA,NA,NA,NA,NA,NA,NA,NA,NA,NA,NA,NA
413.445,1.8028,7.6658,1.0814,14.0727,NA,NA,NA,NA,NA,NA,NA,NA,NA,NA,NA,NA
413.546,1.7985,7.4093,1.0802,13.9524,NA,NA,NA,NA,NA,NA,NA,NA,NA,NA,NA,NA
413.648,1.7974,7.3440,1.0797,13.8942,NA,NA,NA,NA,NA,NA,NA,NA,NA,NA,NA,NA
413.747,1.7971,7.3265,1.0794,13.8610,NA,NA,NA,NA,NA,NA,NA,NA,NA,NA,NA,NA
413.839,1.7986,7.4137,1.0781,13.7235,NA,NA,NA,NA,NA,NA,NA,NA,NA,NA,NA,NA
413.991,1.7986,7.4137,1.0777,13.6870,NA,NA,NA,NA,NA,NA,NA,NA,NA,NA,NA,NA
414.043,1.7986,7.4143,1.0770,13.6141,NA,NA,NA,NA,NA,NA,NA,NA,NA,NA,NA,NA
414.134,1.7986,7.4143,1.0767,13.5838,NA,NA,NA,NA,NA,NA,NA,NA,NA,NA,NA,NA
414.238,1.7962,7.2733,1.0767,13.5838,NA,NA,NA,NA,NA,NA,NA,NA,NA,NA,NA,NA
414.337,1.7957,7.2448,1.0750,13.3996,NA,NA,NA,NA,NA,NA,NA,NA,NA,NA,NA,NA
414.436,1.7955,7.2300,1.0749,13.3910,NA,NA,NA,NA,NA,NA,NA,NA,NA,NA,NA,NA
414.522,1.7955,7.2300,1.0737,13.2680,NA,NA,NA,NA,NA,NA,NA,NA,NA,NA,NA,NA
414.625,1.7949,7.1967,1.0739,13.2896,NA,NA,NA,NA,NA,NA,NA,NA,NA,NA,NA,NA
414.718,1.7957,7.2453,1.0740,13.2944,NA,NA,NA,NA,NA,NA,NA,NA,NA,NA,NA,NA
414.822,1.7957,7.2453,1.0740,13.2944,NA,NA,NA,NA,NA,NA,NA,NA,NA,NA,NA,NA
414.918,1.7933,7.0977,1.0729,13.1806,NA,NA,NA,NA,NA,NA,NA,NA,NA,NA,NA,NA
415.012,1.7932,7.0942,1.0721,13.0910,NA,NA,NA,NA,NA,NA,NA,NA,NA,NA,NA,NA
415.108,1.7918,7.0091,1.0718,13.0648,NA,NA,NA,NA,NA,NA,NA,NA,NA,NA,NA,NA
415.229,1.7907,6.9419,1.0716,13.0424,NA,NA,NA,NA,NA,NA,NA,NA,NA,NA,NA,NA
415.315,1.7889,6.8372,1.0716,13.0382,NA,NA,NA,NA,NA,NA,NA,NA,NA,NA,NA,NA
415.404,1.7875,6.7508,1.0716,13.0382,NA,NA,NA,NA,NA,NA,NA,NA,NA,NA,NA,NA
415.502,1.7875,6.7508,1.0710,12.9786,NA,NA,NA,NA,NA,NA,NA,NA,NA,NA,NA,NA
415.600,1.7867,6.7075,1.0702,12.8963,NA,NA,NA,NA,NA,NA,NA,NA,NA,NA,NA,NA
415.726,1.7867,6.7075,1.0702,12.8963,NA,NA,NA,NA,NA,NA,NA,NA,NA,NA,NA,NA
415.797,1.7840,6.5448,1.0701,12.8826,NA,NA,NA,NA,NA,NA,NA,NA,NA,NA,NA,NA
415.902,1.7812,6.3781,1.0692,12.7926,NA,NA,NA,NA,NA,NA,NA,NA,NA,NA,NA,NA
415.998,1.7818,6.4129,1.0691,12.7823,NA,NA,NA,NA,NA,NA,NA,NA,NA,NA,NA,NA
416.090,1.7825,6.4540,1.0691,12.7823,NA,NA,NA,NA,NA,NA,NA,NA,NA,NA,NA,NA
416.200,1.7825,6.4540,1.0680,12.6610,NA,NA,NA,NA,NA,NA,NA,NA,NA,NA,NA,NA
416.290,1.7819,6.4172,1.0677,12.6342,NA,NA,NA,NA,NA,NA,NA,NA,NA,NA,NA,NA
416.381,1.7819,6.4172,1.0676,12.6158,NA,NA,NA,NA,NA,NA,NA,NA,NA,NA,NA,NA
416.483,1.7789,6.2374,1.0660,12.4504,NA,NA,NA,NA,NA,NA,NA,NA,NA,NA,NA,NA
416.584,1.7787,6.2268,1.0660,12.4504,NA,NA,NA,NA,NA,NA,NA,NA,NA,NA,NA,NA
416.678,1.7785,6.2179,1.0660,12.4483,NA,NA,NA,NA,NA,NA,NA,NA,NA,NA,NA,NA
416.773,1.7789,6.2403,1.0660,12.4483,NA,NA,NA,NA,NA,NA,NA,NA,NA,NA,NA,NA
416.880,1.7789,6.2403,1.0655,12.3940,NA,NA,NA,NA,NA,NA,NA,NA,NA,NA,NA,NA
416.975,1.7785,6.2161,1.0655,12.3940,NA,NA,NA,NA,NA,NA,NA,NA,NA,NA,NA,NA
417.066,1.7785,6.2161,1.0654,12.3894,NA,NA,NA,NA,NA,NA,NA,NA,NA,NA,NA,NA
417.172,1.7772,6.1390,1.0654,12.3894,NA,NA,NA,NA,NA,NA,NA,NA,NA,NA,NA,NA
417.266,1.7772,6.1390,1.0654,12.3836,NA,NA,NA,NA,NA,NA,NA,NA,NA,NA,NA,NA
417.362,1.7724,5.8546,1.0654,12.3836,NA,NA,NA,NA,NA,NA,NA,NA,NA,NA,NA,NA
417.460,1.7714,5.7892,1.0650,12.3480,NA,NA,NA,NA,NA,NA,NA,NA,NA,NA,NA,NA
417.591,1.7684,5.6120,1.0646,12.3067,NA,NA,NA,NA,NA,NA,NA,NA,NA,NA,NA,NA
417.654,1.7688,5.6375,1.0646,12.3067,NA,NA,NA,NA,NA,NA,NA,NA,NA,NA,NA,NA
417.760,1.7688,5.6375,1.0627,12.1048,NA,NA,NA,NA,NA,NA,NA,NA,NA,NA,NA,NA
417.855,1.7694,5.6712,1.0619,12.0151,NA,NA,NA,NA,NA,NA,NA,NA,NA,NA,NA,NA
417.949,1.7694,5.6712,1.0617,11.9939,NA,NA,NA,NA,NA,NA,NA,NA,NA,NA,NA,NA
418.052,1.7676,5.5630,1.0616,11.9903,NA,NA,NA,NA,NA,NA,NA,NA,NA,NA,NA,NA
418.155,1.7661,5.4737,1.0618,12.0075,NA,NA,NA,NA,NA,NA,NA,NA,NA,NA,NA,NA
418.248,1.7661,5.4737,1.0618,12.0075,NA,NA,NA,NA,NA,NA,NA,NA,NA,NA,NA,NA
418.343,1.7673,5.5456,1.0613,11.9596,NA,NA,NA,NA,NA,NA,NA,NA,NA,NA,NA,NA
418.441,1.7673,5.5456,1.0615,11.9778,NA,NA,NA,NA,NA,NA,NA,NA,NA,NA,NA,NA
418.540,1.7686,5.6272,1.0615,11.9778,NA,NA,NA,NA,NA,NA,NA,NA,NA,NA,NA,NA
418.640,1.7686,5.6272,1.0613,11.9586,NA,NA,NA,NA,NA,NA,NA,NA,NA,NA,NA,NA
418.800,1.7660,5.4695,1.0613,11.9586,NA,NA,NA,NA,NA,NA,NA,NA,NA,NA,NA,NA
418.830,1.7660,5.4695,1.0603,11.8507,NA,NA,NA,NA,NA,NA,NA,NA,NA,NA,NA,NA
418.930,1.7649,5.4011,1.0601,11.8293,NA,NA,NA,NA,NA,NA,NA,NA,NA,NA,NA,NA
419.028,1.7604,5.1379,1.0601,11.8264,NA,NA,NA,NA,NA,NA,NA,NA,NA,NA,NA,NA
419.128,1.7646,5.3850,1.0590,11.7116,NA,NA,NA,NA,NA,NA,NA,NA,NA,NA,NA,NA
419.220,1.7646,5.3850,1.0586,11.6732,NA,NA,NA,NA,NA,NA,NA,NA,NA,NA,NA,NA
419.325,1.7640,5.3475,1.0587,11.6774,NA,NA,NA,NA,NA,NA,NA,NA,NA,NA,NA,NA
419.419,1.7594,5.0738,1.0587,11.6774,NA,NA,NA,NA,NA,NA,NA,NA,NA,NA,NA,NA
419.515,1.7581,4.9948,1.0578,11.5811,NA,NA,NA,NA,NA,NA,NA,NA,NA,NA,NA,NA
419.611,1.7585,5.0234,1.0571,11.5151,NA,NA,NA,NA,NA,NA,NA,NA,NA,NA,NA,NA
419.714,1.7585,5.0234,1.0564,11.4413,NA,NA,NA,NA,NA,NA,NA,NA,NA,NA,NA,NA
419.818,1.7591,5.0597,1.0564,11.4413,NA,NA,NA,NA,NA,NA,NA,NA,NA,NA,NA,NA
419.964,1.7591,5.0597,1.0562,11.4135,NA,NA,NA,NA,NA,NA,NA,NA,NA,NA,NA,NA
420.008,1.7581,4.9982,1.0556,11.3520,NA,NA,NA,NA,NA,NA,NA,NA,NA,NA,NA,NA
420.101,1.7581,4.9982,1.0555,11.3413,NA,NA,NA,NA,NA,NA,NA,NA,NA,NA,NA,NA
420.204,1.7558,4.8591,1.0549,11.2776,NA,NA,NA,NA,NA,NA,NA,NA,NA,NA,NA,NA
420.302,1.7554,4.8365,1.0540,11.1891,NA,NA,NA,NA,NA,NA,NA,NA,NA,NA,NA,NA
420.397,1.7551,4.8210,1.0545,11.2400,NA,NA,NA,NA,NA,NA,NA,NA,NA,NA,NA,NA
420.520,1.7551,4.8210,1.0545,11.2400,NA,NA,NA,NA,NA,NA,NA,NA,NA,NA,NA,NA
420.593,1.7538,4.7397,1.0530,11.0792,NA,NA,NA,NA,NA,NA,NA,NA,NA,NA,NA,NA
420.701,1.7528,4.6835,1.0522,10.9979,NA,NA,NA,NA,NA,NA,NA,NA,NA,NA,NA,NA
420.794,1.7528,4.6835,1.0521,10.9822,NA,NA,NA,NA,NA,NA,NA,NA,NA,NA,NA,NA
420.886,1.7527,4.6760,1.0526,11.0376,NA,NA,NA,NA,NA,NA,NA,NA,NA,NA,NA,NA
420.983,1.7451,4.2209,1.0526,11.0376,NA,NA,NA,NA,NA,NA,NA,NA,NA,NA,NA,NA
421.085,1.7438,4.1425,1.0520,10.9745,NA,NA,NA,NA,NA,NA,NA,NA,NA,NA,NA,NA
421.179,1.7475,4.3656,1.0515,10.9180,NA,NA,NA,NA,NA,NA,NA,NA,NA,NA,NA,NA
421.291,1.7475,4.3656,1.0512,10.8860,NA,NA,NA,NA,NA,NA,NA,NA,NA,NA,NA,NA
421.386,1.7482,4.4076,1.0508,10.8467,NA,NA,NA,NA,NA,NA,NA,NA,NA,NA,NA,NA
421.488,1.7482,4.4076,1.0506,10.8225,NA,NA,NA,NA,NA,NA,NA,NA,NA,NA,NA,NA
421.577,1.7481,4.4028,1.0503,10.7915,NA,NA,NA,NA,NA,NA,NA,NA,NA,NA,NA,NA
421.717,1.7456,4.2498,1.0501,10.7777,NA,NA,NA,NA,NA,NA,NA,NA,NA,NA,NA,NA
421.770,1.7446,4.1941,1.0500,10.7653,NA,NA,NA,NA,NA,NA,NA,NA,NA,NA,NA,NA
421.872,1.7422,4.0459,1.0493,10.6846,NA,NA,NA,NA,NA,NA,NA,NA,NA,NA,NA,NA
421.965,1.7422,4.0459,1.0488,10.6405,NA,NA,NA,NA,NA,NA,NA,NA,NA,NA,NA,NA
422.060,1.7438,4.1444,1.0479,10.5423,NA,NA,NA,NA,NA,NA,NA,NA,NA,NA,NA,NA
422.163,1.7438,4.1444,1.0468,10.4221,NA,NA,NA,NA,NA,NA,NA,NA,NA,NA,NA,NA
422.267,1.7421,4.0419,1.0459,10.3285,NA,NA,NA,NA,NA,NA,NA,NA,NA,NA,NA,NA
422.412,1.7421,4.0419,1.0451,10.2473,NA,NA,NA,NA,NA,NA,NA,NA,NA,NA,NA,NA
422.462,1.7361,3.6818,1.0446,10.1944,NA,NA,NA,NA,NA,NA,NA,NA,NA,NA,NA,NA
422.551,1.7320,3.4374,1.0442,10.1545,NA,NA,NA,NA,NA,NA,NA,NA,NA,NA,NA,NA
422.661,1.7310,3.3798,1.0441,10.1430,NA,NA,NA,NA,NA,NA,NA,NA,NA,NA,NA,NA
422.749,1.7327,3.4791,1.0438,10.1096,NA,NA,NA,NA,NA,NA,NA,NA,NA,NA,NA,NA
422.856,1.7327,3.4791,1.0437,10.0936,NA,NA,NA,NA,NA,NA,NA,NA,NA,NA,NA,NA
423.002,1.7596,5.0853,1.0458,10.3183,NA,NA,NA,NA,NA,NA,NA,NA,NA,NA,NA,NA
423.049,1.7759,6.0591,1.0521,10.9796,NA,NA,NA,NA,NA,NA,NA,NA,NA,NA,NA,NA
423.136,1.8066,7.8920,1.0633,12.1661,NA,NA,NA,NA,NA,NA,NA,NA,NA,NA,NA,NA
423.237,1.8301,9.2978,1.0727,13.1541,NA,NA,NA,NA,NA,NA,NA,NA,NA,NA,NA,NA
423.335,1.8496,10.4632,1.0807,13.9978,NA,NA,NA,NA,NA,NA,NA,NA,NA,NA,NA,NA
423.439,1.8673,11.5185,1.0873,14.6992,NA,NA,NA,NA,NA,NA,NA,NA,NA,NA,NA,NA
423.595,1.8726,11.8367,1.0905,15.0360,NA,NA,NA,NA,NA,NA,NA,NA,NA,NA,NA,NA
423.637,1.8742,11.9325,1.0913,15.1246,NA,NA,NA,NA,NA,NA,NA,NA,NA,NA,NA,NA
423.730,1.8742,11.9325,1.0915,15.1461,NA,NA,NA,NA,NA,NA,NA,NA,NA,NA,NA,NA
423.829,1.8713,11.7557,1.0915,15.1461,NA,NA,NA,NA,NA,NA,NA,NA,NA,NA,NA,NA
423.921,1.8713,11.7557,1.0894,14.9220,NA,NA,NA,NA,NA,NA,NA,NA,NA,NA,NA,NA
424.023,1.8651,11.3855,1.0879,14.7603,NA,NA,NA,NA,NA,NA,NA,NA,NA,NA,NA,NA
424.125,1.8573,10.9236,1.0858,14.5375,NA,NA,NA,NA,NA,NA,NA,NA,NA,NA,NA,NA
424.218,1.8499,10.4783,1.0845,14.4047,NA,NA,NA,NA,NA,NA,NA,NA,NA,NA,NA,NA
424.316,1.8414,9.9701,1.0810,14.0344,NA,NA,NA,NA,NA,NA,NA,NA,NA,NA,NA,NA
424.409,1.8352,9.6027,1.0780,13.7161,NA,NA,NA,NA,NA,NA,NA,NA,NA,NA,NA,NA
424.515,1.8283,9.1927,1.0764,13.5503,NA,NA,NA,NA,NA,NA,NA,NA,NA,NA,NA,NA
424.618,1.8246,8.9687,1.0748,13.3804,NA,NA,NA,NA,NA,NA,NA,NA,NA,NA,NA,NA
424.765,1.8173,8.5354,1.0738,13.2741,NA,NA,NA,NA,NA,NA,NA,NA,NA,NA,NA,NA
424.809,1.8149,8.3915,1.0726,13.1431,NA,NA,NA,NA,NA,NA,NA,NA,NA,NA,NA,NA
424.906,1.8105,8.1252,1.0718,13.0632,NA,NA,NA,NA,NA,NA,NA,NA,NA,NA,NA,NA
425.003,1.8061,7.8663,1.0695,12.8155,NA,NA,NA,NA,NA,NA,NA,NA,NA,NA,NA,NA
425.097,1.8058,7.8481,1.0688,12.7481,NA,NA,NA,NA,NA,NA,NA,NA,NA,NA,NA,NA
425.198,1.8034,7.7021,1.0688,12.7453,NA,NA,NA,NA,NA,NA,NA,NA,NA,NA,NA,NA
425.311,1.8027,7.6641,1.0667,12.5233,NA,NA,NA,NA,NA,NA,NA,NA,NA,NA,NA,NA
425.383,1.8024,7.6451,1.0658,12.4343,NA,NA,NA,NA,NA,NA,NA,NA,NA,NA,NA,NA
425.494,1.8022,7.6304,1.0651,12.3575,NA,NA,NA,NA,NA,NA,NA,NA,NA,NA,NA,NA
425.593,1.8006,7.5332,1.0639,12.2298,NA,NA,NA,NA,NA,NA,NA,NA,NA,NA,NA,NA
425.683,1.8000,7.5025,1.0631,12.1470,NA,NA,NA,NA,NA,NA,NA,NA,NA,NA,NA,NA
425.781,1.7917,7.0020,1.0623,12.0576,NA,NA,NA,NA,NA,NA,NA,NA,NA,NA,NA,NA
425.882,1.7917,7.0020,1.0603,11.8547,NA,NA,NA,NA,NA,NA,NA,NA,NA,NA,NA,NA
425.977,1.7869,6.7180,1.0597,11.7886,NA,NA,NA,NA,NA,NA,NA,NA,NA,NA,NA,NA
426.090,1.7869,6.7180,1.0597,11.7835,NA,NA,NA,NA,NA,NA,NA,NA,NA,NA,NA,NA
426.179,1.7854,6.6258,1.0596,11.7763,NA,NA,NA,NA,NA,NA,NA,NA,NA,NA,NA,NA
426.273,1.7853,6.6202,1.0594,11.7505,NA,NA,NA,NA,NA,NA,NA,NA,NA,NA,NA,NA
426.375,1.7853,6.6202,1.0584,11.6448,NA,NA,NA,NA,NA,NA,NA,NA,NA,NA,NA,NA
426.520,1.7828,6.4753,1.0578,11.5833,NA,NA,NA,NA,NA,NA,NA,NA,NA,NA,NA,NA
426.564,1.7828,6.4753,1.0560,11.3998,NA,NA,NA,NA,NA,NA,NA,NA,NA,NA,NA,NA
426.674,1.7754,6.0330,1.0550,11.2935,NA,NA,NA,NA,NA,NA,NA,NA,NA,NA,NA,NA
426.764,1.7751,6.0104,1.0550,11.2881,NA,NA,NA,NA,NA,NA,NA,NA,NA,NA,NA,NA
426.861,1.7710,5.7696,1.0544,11.2227,NA,NA,NA,NA,NA,NA,NA,NA,NA,NA,NA,NA
426.955,1.7736,5.9231,1.0541,11.1940,NA,NA,NA,NA,NA,NA,NA,NA,NA,NA,NA,NA
427.106,1.7736,5.9231,1.0537,11.1516,NA,NA,NA,NA,NA,NA,NA,NA,NA,NA,NA,NA
427.153,1.7692,5.6616,1.0529,11.0700,NA,NA,NA,NA,NA,NA,NA,NA,NA,NA,NA,NA
427.259,1.7688,5.6374,1.0516,10.9290,NA,NA,NA,NA,NA,NA,NA,NA,NA,NA,NA,NA
427.368,1.7664,5.4939,1.0512,10.8852,NA,NA,NA,NA,NA,NA,NA,NA,NA,NA,NA,NA
427.455,1.7664,5.4939,1.0490,10.6597,NA,NA,NA,NA,NA,NA,NA,NA,NA,NA,NA,NA
427.551,1.7615,5.2017,1.0485,10.6038,NA,NA,NA,NA,NA,NA,NA,NA,NA,NA,NA,NA
427.654,1.7600,5.1090,1.0482,10.5718,NA,NA,NA,NA,NA,NA,NA,NA,NA,NA,NA,NA
427.788,1.7564,4.8947,1.0467,10.4145,NA,NA,NA,NA,NA,NA,NA,NA,NA,NA,NA,NA
427.847,1.7564,4.8947,1.0460,10.3397,NA,NA,NA,NA,NA,NA,NA,NA,NA,NA,NA,NA
427.939,1.7562,4.8824,1.0453,10.2647,NA,NA,NA,NA,NA,NA,NA,NA,NA,NA,NA,NA
428.038,1.7552,4.8242,1.0449,10.2273,NA,NA,NA,NA,NA,NA,NA,NA,NA,NA,NA,NA
428.130,1.7552,4.8242,1.0444,10.1726,NA,NA,NA,NA,NA,NA,NA,NA,NA,NA,NA,NA
428.239,1.7526,4.6715,1.0439,10.1189,NA,NA,NA,NA,NA,NA,NA,NA,NA,NA,NA,NA
428.330,1.7511,4.5818,1.0438,10.1063,NA,NA,NA,NA,NA,NA,NA,NA,NA,NA,NA,NA
428.437,1.7631,5.2973,1.0467,10.4161,NA,NA,NA,NA,NA,NA,NA,NA,NA,NA,NA,NA
428.524,1.8015,7.5889,1.0539,11.1773,NA,NA,NA,NA,NA,NA,NA,NA,NA,NA,NA,NA
428.646,1.8128,8.2632,1.0642,12.2593,NA,NA,NA,NA,NA,NA,NA,NA,NA,NA,NA,NA
428.720,1.8386,9.8070,1.0745,13.3508,NA,NA,NA,NA,NA,NA,NA,NA,NA,NA,NA,NA
428.825,1.8604,11.1076,1.0848,14.4299,NA,NA,NA,NA,NA,NA,NA,NA,NA,NA,NA,NA
428.916,1.8871,12.7036,1.0925,15.2424,NA,NA,NA,NA,NA,NA,NA,NA,NA,NA,NA,NA
429.015,1.9000,13.4711,1.1001,16.0481,NA,NA,NA,NA,NA,NA,NA,NA,NA,NA,NA,NA
429.113,1.9252,14.9782,1.1097,17.0577,NA,NA,NA,NA,NA,NA,NA,NA,NA,NA,NA,NA
429.209,1.9523,16.5935,1.1177,17.9056,NA,NA,NA,NA,NA,NA,NA,NA,NA,NA,NA,NA
429.315,1.9681,17.5392,1.1261,18.7908,NA,NA,NA,NA,NA,NA,NA,NA,NA,NA,NA,NA
429.404,1.9939,19.0823,1.1376,20.0004,NA,NA,NA,NA,NA,NA,NA,NA,NA,NA,NA,NA
429.535,2.0039,19.6787,1.1444,20.7236,NA,NA,NA,NA,NA,NA,NA,NA,NA,NA,NA,NA
429.601,2.0193,20.5948,1.1534,21.6694,NA,NA,NA,NA,NA,NA,NA,NA,NA,NA,NA,NA
429.702,2.0244,20.9028,1.1592,22.2828,NA,NA,NA,NA,NA,NA,NA,NA,NA,NA,NA,NA
429.793,2.0378,21.7001,1.1689,23.3075,NA,NA,NA,NA,NA,NA,NA,NA,NA,NA,NA,NA
429.942,2.0539,22.6648,1.1755,24.0009,NA,NA,NA,NA,NA,NA,NA,NA,NA,NA,NA,NA
429.992,2.0679,23.5024,1.1835,24.8486,NA,NA,NA,NA,NA,NA,NA,NA,NA,NA,NA,NA
430.127,2.0769,24.0355,1.1883,25.3569,NA,NA,NA,NA,NA,NA,NA,NA,NA,NA,NA,NA
430.199,2.0806,24.2578,1.1927,25.8153,NA,NA,NA,NA,NA,NA,NA,NA,NA,NA,NA,NA
430.291,2.0829,24.3971,1.1942,25.9751,NA,NA,NA,NA,NA,NA,NA,NA,NA,NA,NA,NA
430.385,2.0829,24.3971,1.1952,26.0781,NA,NA,NA,NA,NA,NA,NA,NA,NA,NA,NA,NA
430.491,2.0793,24.1778,1.1954,26.1042,NA,NA,NA,NA,NA,NA,NA,NA,NA,NA,NA,NA
430.581,2.0784,24.1271,1.1954,26.1042,NA,NA,NA,NA,NA,NA,NA,NA,NA,NA,NA,NA
430.717,2.0690,23.5650,1.1952,26.0814,NA,NA,NA,NA,NA,NA,NA,NA,NA,NA,NA,NA
430.774,2.0674,23.4724,1.1950,26.0633,NA,NA,NA,NA,NA,NA,NA,NA,NA,NA,NA,NA
430.874,2.0640,23.2692,1.1949,26.0483,NA,NA,NA,NA,NA,NA,NA,NA,NA,NA,NA,NA
430.979,2.0603,23.0484,1.1922,25.7595,NA,NA,NA,NA,NA,NA,NA,NA,NA,NA,NA,NA
431.079,2.0527,22.5921,1.1907,25.6018,NA,NA,NA,NA,NA,NA,NA,NA,NA,NA,NA,NA
431.166,2.0333,21.4322,1.1871,25.2298,NA,NA,NA,NA,NA,NA,NA,NA,NA,NA,NA,NA
431.262,2.0276,21.0935,1.1854,25.0415,NA,NA,NA,NA,NA,NA,NA,NA,NA,NA,NA,NA
431.370,2.0192,20.5892,1.1835,24.8486,NA,NA,NA,NA,NA,NA,NA,NA,NA,NA,NA,NA
431.459,2.0169,20.4509,1.1800,24.4813,NA,NA,NA,NA,NA,NA,NA,NA,NA,NA,NA,NA
431.559,2.0009,19.4974,1.1764,24.0949,NA,NA,NA,NA,NA,NA,NA,NA,NA,NA,NA,NA
431.658,2.0009,19.4974,1.1743,23.8715,NA,NA,NA,NA,NA,NA,NA,NA,NA,NA,NA,NA
431.761,1.9962,19.2157,1.1731,23.7471,NA,NA,NA,NA,NA,NA,NA,NA,NA,NA,NA,NA
431.850,1.9906,18.8816,1.1702,23.4394,NA,NA,NA,NA,NA,NA,NA,NA,NA,NA,NA,NA
431.957,1.9845,18.5185,1.1684,23.2548,NA,NA,NA,NA,NA,NA,NA,NA,NA,NA,NA,NA
432.048,1.9799,18.2437,1.1674,23.1497,NA,NA,NA,NA,NA,NA,NA,NA,NA,NA,NA,NA
432.145,1.9764,18.0362,1.1656,22.9586,NA,NA,NA,NA,NA,NA,NA,NA,NA,NA,NA,NA
432.241,1.9742,17.9048,1.1651,22.9004,NA,NA,NA,NA,NA,NA,NA,NA,NA,NA,NA,NA
432.377,1.9728,17.8196,1.1634,22.7231,NA,NA,NA,NA,NA,NA,NA,NA,NA,NA,NA,NA
432.439,1.9705,17.6824,1.1614,22.5119,NA,NA,NA,NA,NA,NA,NA,NA,NA,NA,NA,NA
432.544,1.9701,17.6596,1.1605,22.4193,NA,NA,NA,NA,NA,NA,NA,NA,NA,NA,NA,NA
432.633,1.9626,17.2119,1.1587,22.2294,NA,NA,NA,NA,NA,NA,NA,NA,NA,NA,NA,NA
432.740,1.9590,16.9954,1.1571,22.0608,NA,NA,NA,NA,NA,NA,NA,NA,NA,NA,NA,NA
432.831,1.9554,16.7794,1.1548,21.8134,NA,NA,NA,NA,NA,NA,NA,NA,NA,NA,NA,NA
432.964,1.9563,16.8368,1.1539,21.7278,NA,NA,NA,NA,NA,NA,NA,NA,NA,NA,NA,NA
433.029,1.9563,16.8368,1.1535,21.6772,NA,NA,NA,NA,NA,NA,NA,NA,NA,NA,NA,NA
433.129,1.9534,16.6627,1.1533,21.6629,NA,NA,NA,NA,NA,NA,NA,NA,NA,NA,NA,NA
433.222,1.9534,16.6627,1.1522,21.5429,NA,NA,NA,NA,NA,NA,NA,NA,NA,NA,NA,NA
433.329,1.9507,16.4986,1.1522,21.5429,NA,NA,NA,NA,NA,NA,NA,NA,NA,NA,NA,NA
433.424,1.9504,16.4820,1.1514,21.4647,NA,NA,NA,NA,NA,NA,NA,NA,NA,NA,NA,NA
433.539,1.9459,16.2130,1.1508,21.3923,NA,NA,NA,NA,NA,NA,NA,NA,NA,NA,NA,NA
433.624,1.9457,16.1994,1.1508,21.3923,NA,NA,NA,NA,NA,NA,NA,NA,NA,NA,NA,NA
433.717,1.9447,16.1432,1.1499,21.3000,NA,NA,NA,NA,NA,NA,NA,NA,NA,NA,NA,NA
433.813,1.9452,16.1737,1.1499,21.3045,NA,NA,NA,NA,NA,NA,NA,NA,NA,NA,NA,NA
433.905,1.9452,16.1737,1.1499,21.3045,NA,NA,NA,NA,NA,NA,NA,NA,NA,NA,NA,NA
434.015,1.9460,16.2222,1.1483,21.1358,NA,NA,NA,NA,NA,NA,NA,NA,NA,NA,NA,NA
434.103,1.9460,16.2222,1.1478,21.0786,NA,NA,NA,NA,NA,NA,NA,NA,NA,NA,NA,NA
434.200,1.9450,16.1616,1.1475,21.0437,NA,NA,NA,NA,NA,NA,NA,NA,NA,NA,NA,NA
434.299,1.9442,16.1112,1.1475,21.0437,NA,NA,NA,NA,NA,NA,NA,NA,NA,NA,NA,NA
434.400,1.9435,16.0718,1.1470,20.9986,NA,NA,NA,NA,NA,NA,NA,NA,NA,NA,NA,NA
434.496,1.9414,15.9418,1.1470,20.9986,NA,NA,NA,NA,NA,NA,NA,NA,NA,NA,NA,NA
434.593,1.9414,15.9418,1.1460,20.8872,NA,NA,NA,NA,NA,NA,NA,NA,NA,NA,NA,NA
434.752,1.9436,16.0778,1.1451,20.8001,NA,NA,NA,NA,NA,NA,NA,NA,NA,NA,NA,NA
434.799,1.9436,16.0778,1.1446,20.7395,NA,NA,NA,NA,NA,NA,NA,NA,NA,NA,NA,NA
434.887,1.9426,16.0149,1.1446,20.7381,NA,NA,NA,NA,NA,NA,NA,NA,NA,NA,NA,NA
434.985,1.9383,15.7621,1.1448,20.7587,NA,NA,NA,NA,NA,NA,NA,NA,NA,NA,NA,NA
435.080,1.9383,15.7621,1.1449,20.7760,NA,NA,NA,NA,NA,NA,NA,NA,NA,NA,NA,NA
435.193,1.9401,15.8643,1.1449,20.7760,NA,NA,NA,NA,NA,NA,NA,NA,NA,NA,NA,NA
435.312,1.9403,15.8818,1.1438,20.6621,NA,NA,NA,NA,NA,NA,NA,NA,NA,NA,NA,NA
435.376,1.9423,15.9956,1.1429,20.5636,NA,NA,NA,NA,NA,NA,NA,NA,NA,NA,NA,NA
435.475,1.9423,15.9956,1.1429,20.5578,NA,NA,NA,NA,NA,NA,NA,NA,NA,NA,NA,NA
435.582,1.9386,15.7789,1.1421,20.4813,NA,NA,NA,NA,NA,NA,NA,NA,NA,NA,NA,NA
435.677,1.9377,15.7222,1.1414,20.4092,NA,NA,NA,NA,NA,NA,NA,NA,NA,NA,NA,NA
435.772,1.9319,15.3797,1.1412,20.3790,NA,NA,NA,NA,NA,NA,NA,NA,NA,NA,NA,NA
435.871,1.9308,15.3118,1.1412,20.3790,NA,NA,NA,NA,NA,NA,NA,NA,NA,NA,NA,NA
435.964,1.9303,15.2815,1.1411,20.3729,NA,NA,NA,NA,NA,NA,NA,NA,NA,NA,NA,NA
436.065,1.9277,15.1235,1.1411,20.3729,NA,NA,NA,NA,NA,NA,NA,NA,NA,NA,NA,NA
436.157,1.9274,15.1099,1.1408,20.3437,NA,NA,NA,NA,NA,NA,NA,NA,NA,NA,NA,NA
436.268,1.9295,15.2333,1.1400,20.2540,NA,NA,NA,NA,NA,NA,NA,NA,NA,NA,NA,NA
436.357,1.9295,15.2333,1.1397,20.2235,NA,NA,NA,NA,NA,NA,NA,NA,NA,NA,NA,NA
436.510,1.9235,14.8759,1.1395,20.2050,NA,NA,NA,NA,NA,NA,NA,NA,NA,NA,NA,NA
436.554,1.9180,14.5465,1.1390,20.1521,NA,NA,NA,NA,NA,NA,NA,NA,NA,NA,NA,NA
436.655,1.9155,14.4005,1.1380,20.0483,NA,NA,NA,NA,NA,NA,NA,NA,NA,NA,NA,NA
436.744,1.9155,14.4005,1.1380,20.0483,NA,NA,NA,NA,NA,NA,NA,NA,NA,NA,NA,NA
436.842,1.9143,14.3237,1.1366,19.8955,NA,NA,NA,NA,NA,NA,NA,NA,NA,NA,NA,NA
436.940,1.9122,14.2032,1.1365,19.8879,NA,NA,NA,NA,NA,NA,NA,NA,NA,NA,NA,NA
437.039,1.9122,14.2032,1.1364,19.8792,NA,NA,NA,NA,NA,NA,NA,NA,NA,NA,NA,NA
437.137,1.9119,14.1856,1.1356,19.7968,NA,NA,NA,NA,NA,NA,NA,NA,NA,NA,NA,NA
437.237,1.9105,14.0987,1.1363,19.8683,NA,NA,NA,NA,NA,NA,NA,NA,NA,NA,NA,NA
437.332,1.9093,14.0271,1.1363,19.8683,NA,NA,NA,NA,NA,NA,NA,NA,NA,NA,NA,NA
437.430,1.9093,14.0271,1.1363,19.8643,NA,NA,NA,NA,NA,NA,NA,NA,NA,NA,NA,NA
437.534,1.9080,13.9506,1.1354,19.7722,NA,NA,NA,NA,NA,NA,NA,NA,NA,NA,NA,NA
437.634,1.9093,14.0261,1.1354,19.7722,NA,NA,NA,NA,NA,NA,NA,NA,NA,NA,NA,NA
437.727,1.9093,14.0261,1.1335,19.5677,NA,NA,NA,NA,NA,NA,NA,NA,NA,NA,NA,NA
437.826,1.9125,14.2193,1.1327,19.4888,NA,NA,NA,NA,NA,NA,NA,NA,NA,NA,NA,NA
437.931,1.9125,14.2193,1.1320,19.4118,NA,NA,NA,NA,NA,NA,NA,NA,NA,NA,NA,NA
438.017,1.9051,13.7796,1.1320,19.4118,NA,NA,NA,NA,NA,NA,NA,NA,NA,NA,NA,NA
438.112,1.9041,13.7181,1.1317,19.3845,NA,NA,NA,NA,NA,NA,NA,NA,NA,NA,NA,NA
438.215,1.9026,13.6258,1.1314,19.3528,NA,NA,NA,NA,NA,NA,NA,NA,NA,NA,NA,NA
438.330,1.8993,13.4300,1.1308,19.2846,NA,NA,NA,NA,NA,NA,NA,NA,NA,NA,NA,NA
438.421,1.8993,13.4300,1.1297,19.1674,NA,NA,NA,NA,NA,NA,NA,NA,NA,NA,NA,NA
438.509,1.8978,13.3409,1.1297,19.1674,NA,NA,NA,NA,NA,NA,NA,NA,NA,NA,NA,NA
438.612,1.8978,13.3409,1.1286,19.0595,NA,NA,NA,NA,NA,NA,NA,NA,NA,NA,NA,NA
438.708,1.8938,13.1032,1.1283,19.0277,NA,NA,NA,NA,NA,NA,NA,NA,NA,NA,NA,NA
438.802,1.8916,12.9705,1.1283,19.0277,NA,NA,NA,NA,NA,NA,NA,NA,NA,NA,NA,NA
438.930,1.8897,12.8599,1.1274,18.9316,NA,NA,NA,NA,NA,NA,NA,NA,NA,NA,NA,NA
439.003,1.8894,12.8404,1.1265,18.8353,NA,NA,NA,NA,NA,NA,NA,NA,NA,NA,NA,NA
439.097,1.8894,12.8404,1.1263,18.8073,NA,NA,NA,NA,NA,NA,NA,NA,NA,NA,NA,NA
439.193,1.8877,12.7382,1.1260,18.7792,NA,NA,NA,NA,NA,NA,NA,NA,NA,NA,NA,NA
439.297,1.8877,12.7382,1.1248,18.6543,NA,NA,NA,NA,NA,NA,NA,NA,NA,NA,NA,NA
439.388,1.8860,12.6347,1.1242,18.5932,NA,NA,NA,NA,NA,NA,NA,NA,NA,NA,NA,NA
439.516,1.8851,12.5827,1.1242,18.5872,NA,NA,NA,NA,NA,NA,NA,NA,NA,NA,NA,NA
439.582,1.8838,12.5019,1.1222,18.3749,NA,NA,NA,NA,NA,NA,NA,NA,NA,NA,NA,NA
439.689,1.8825,12.4256,1.1216,18.3121,NA,NA,NA,NA,NA,NA,NA,NA,NA,NA,NA,NA
439.785,1.8825,12.4256,1.1210,18.2557,NA,NA,NA,NA,NA,NA,NA,NA,NA,NA,NA,NA
439.879,1.8824,12.4206,1.1209,18.2418,NA,NA,NA,NA,NA,NA,NA,NA,NA,NA,NA,NA
439.978,1.8824,12.4206,1.1200,18.1507,NA,NA,NA,NA,NA,NA,NA,NA,NA,NA,NA,NA
440.079,1.8812,12.3485,1.1198,18.1210,NA,NA,NA,NA,NA,NA,NA,NA,NA,NA,NA,NA
440.211,1.8807,12.3187,1.1195,18.0950,NA,NA,NA,NA,NA,NA,NA,NA,NA,NA,NA,NA
440.273,1.8795,12.2471,1.1182,17.9572,NA,NA,NA,NA,NA,NA,NA,NA,NA,NA,NA,NA
440.376,1.8788,12.2086,1.1174,17.8777,NA,NA,NA,NA,NA,NA,NA,NA,NA,NA,NA,NA
440.471,1.8797,12.2601,1.1170,17.8335,NA,NA,NA,NA,NA,NA,NA,NA,NA,NA,NA,NA
440.569,1.8797,12.2601,1.1168,17.8140,NA,NA,NA,NA,NA,NA,NA,NA,NA,NA,NA,NA
440.725,1.8755,12.0064,1.1163,17.7549,NA,NA,NA,NA,NA,NA,NA,NA,NA,NA,NA,NA
440.750,1.8752,11.9928,1.1163,17.7549,NA,NA,NA,NA,NA,NA,NA,NA,NA,NA,NA,NA
440.858,1.8731,11.8671,1.1154,17.6633,NA,NA,NA,NA,NA,NA,NA,NA,NA,NA,NA,NA
440.955,1.8695,11.6495,1.1151,17.6301,NA,NA,NA,NA,NA,NA,NA,NA,NA,NA,NA,NA
441.062,1.8695,11.6495,1.1155,17.6715,NA,NA,NA,NA,NA,NA,NA,NA,NA,NA,NA,NA
441.156,1.8674,11.5265,1.1155,17.6715,NA,NA,NA,NA,NA,NA,NA,NA,NA,NA,NA,NA
441.255,1.8674,11.5265,1.1147,17.5919,NA,NA,NA,NA,NA,NA,NA,NA,NA,NA,NA,NA
441.375,1.8692,11.6310,1.1121,17.3131,NA,NA,NA,NA,NA,NA,NA,NA,NA,NA,NA,NA
441.449,1.8692,11.6310,1.1121,17.3131,NA,NA,NA,NA,NA,NA,NA,NA,NA,NA,NA,NA
441.544,1.8651,11.3884,1.1109,17.1914,NA,NA,NA,NA,NA,NA,NA,NA,NA,NA,NA,NA
441.642,1.8616,11.1789,1.1107,17.1614,NA,NA,NA,NA,NA,NA,NA,NA,NA,NA,NA,NA
441.738,1.8614,11.1662,1.1107,17.1614,NA,NA,NA,NA,NA,NA,NA,NA,NA,NA,NA,NA
441.842,1.8627,11.2461,1.1103,17.1234,NA,NA,NA,NA,NA,NA,NA,NA,NA,NA,NA,NA
441.975,1.8629,11.2578,1.1096,17.0509,NA,NA,NA,NA,NA,NA,NA,NA,NA,NA,NA,NA
442.032,1.8629,11.2578,1.1094,17.0294,NA,NA,NA,NA,NA,NA,NA,NA,NA,NA,NA,NA
442.127,1.8596,11.0596,1.1097,17.0568,NA,NA,NA,NA,NA,NA,NA,NA,NA,NA,NA,NA
442.235,1.8605,11.1142,1.1097,17.0568,NA,NA,NA,NA,NA,NA,NA,NA,NA,NA,NA,NA
442.333,1.8605,11.1142,1.1096,17.0518,NA,NA,NA,NA,NA,NA,NA,NA,NA,NA,NA,NA
442.424,1.8591,11.0293,1.1096,17.0518,NA,NA,NA,NA,NA,NA,NA,NA,NA,NA,NA,NA
442.567,1.8582,10.9787,1.1081,16.8906,NA,NA,NA,NA,NA,NA,NA,NA,NA,NA,NA,NA
442.621,1.8543,10.7416,1.1073,16.8030,NA,NA,NA,NA,NA,NA,NA,NA,NA,NA,NA,NA
442.728,1.8536,10.7023,1.1065,16.7185,NA,NA,NA,NA,NA,NA,NA,NA,NA,NA,NA,NA
442.815,1.8507,10.5284,1.1066,16.7382,NA,NA,NA,NA,NA,NA,NA,NA,NA,NA,NA,NA
442.922,1.8507,10.5284,1.1066,16.7382,NA,NA,NA,NA,NA,NA,NA,NA,NA,NA,NA,NA
443.012,1.8457,10.2322,1.1061,16.6788,NA,NA,NA,NA,NA,NA,NA,NA,NA,NA,NA,NA
443.160,1.8445,10.1581,1.1051,16.5755,NA,NA,NA,NA,NA,NA,NA,NA,NA,NA,NA,NA
443.209,1.8448,10.1755,1.1050,16.5664,NA,NA,NA,NA,NA,NA,NA,NA,NA,NA,NA,NA
443.316,1.8466,10.2835,1.1048,16.5486,NA,NA,NA,NA,NA,NA,NA,NA,NA,NA,NA,NA
443.402,1.8466,10.2835,1.1038,16.4404,NA,NA,NA,NA,NA,NA,NA,NA,NA,NA,NA,NA
443.497,1.8445,10.1601,1.1036,16.4130,NA,NA,NA,NA,NA,NA,NA,NA,NA,NA,NA,NA
443.594,1.8438,10.1176,1.1023,16.2820,NA,NA,NA,NA,NA,NA,NA,NA,NA,NA,NA,NA
443.722,1.8416,9.9835,1.1015,16.1929,NA,NA,NA,NA,NA,NA,NA,NA,NA,NA,NA,NA
443.793,1.8409,9.9443,1.1014,16.1866,NA,NA,NA,NA,NA,NA,NA,NA,NA,NA,NA,NA
443.897,1.8409,9.9443,1.1013,16.1799,NA,NA,NA,NA,NA,NA,NA,NA,NA,NA,NA,NA
444.005,1.8388,9.8194,1.1013,16.1799,NA,NA,NA,NA,NA,NA,NA,NA,NA,NA,NA,NA
444.089,1.8389,9.8220,1.1010,16.1479,NA,NA,NA,NA,NA,NA,NA,NA,NA,NA,NA,NA
444.191,1.8400,9.8889,1.1008,16.1253,NA,NA,NA,NA,NA,NA,NA,NA,NA,NA,NA,NA
444.313,1.8400,9.8889,1.1009,16.1348,NA,NA,NA,NA,NA,NA,NA,NA,NA,NA,NA,NA
444.381,1.8349,9.5857,1.1009,16.1348,NA,NA,NA,NA,NA,NA,NA,NA,NA,NA,NA,NA
444.479,1.8366,9.6865,1.1003,16.0652,NA,NA,NA,NA,NA,NA,NA,NA,NA,NA,NA,NA
444.580,1.8366,9.6865,1.0998,16.0125,NA,NA,NA,NA,NA,NA,NA,NA,NA,NA,NA,NA
444.674,1.8341,9.5369,1.0995,15.9831,NA,NA,NA,NA,NA,NA,NA,NA,NA,NA,NA,NA
444.775,1.8341,9.5369,1.0981,15.8366,NA,NA,NA,NA,NA,NA,NA,NA,NA,NA,NA,NA
444.936,1.8371,9.7140,1.0976,15.7791,NA,NA,NA,NA,NA,NA,NA,NA,NA,NA,NA,NA
444.976,1.8371,9.7140,1.0961,15.6223,NA,NA,NA,NA,NA,NA,NA,NA,NA,NA,NA,NA
445.067,1.8300,9.2901,1.0952,15.5315,NA,NA,NA,NA,NA,NA,NA,NA,NA,NA,NA,NA
445.170,1.8300,9.2901,1.0952,15.5288,NA,NA,NA,NA,NA,NA,NA,NA,NA,NA,NA,NA
445.295,1.8249,8.9896,1.0950,15.5119,NA,NA,NA,NA,NA,NA,NA,NA,NA,NA,NA,NA
445.357,1.8287,9.2116,1.0948,15.4885,NA,NA,NA,NA,NA,NA,NA,NA,NA,NA,NA,NA
445.462,1.8291,9.2406,1.0946,15.4641,NA,NA,NA,NA,NA,NA,NA,NA,NA,NA,NA,NA
445.553,1.8291,9.2406,1.0944,15.4423,NA,NA,NA,NA,NA,NA,NA,NA,NA,NA,NA,NA
445.659,1.8283,9.1895,1.0944,15.4423,NA,NA,NA,NA,NA,NA,NA,NA,NA,NA,NA,NA
445.761,1.8273,9.1326,1.0938,15.3841,NA,NA,NA,NA,NA,NA,NA,NA,NA,NA,NA,NA
445.850,1.8259,9.0458,1.0932,15.3241,NA,NA,NA,NA,NA,NA,NA,NA,NA,NA,NA,NA
445.954,1.8255,9.0236,1.0932,15.3203,NA,NA,NA,NA,NA,NA,NA,NA,NA,NA,NA,NA
446.110,1.8271,9.1189,1.0903,15.0169,NA,NA,NA,NA,NA,NA,NA,NA,NA,NA,NA,NA
446.155,1.8271,9.1189,1.0900,14.9832,NA,NA,NA,NA,NA,NA,NA,NA,NA,NA,NA,NA
446.244,1.8255,9.0204,1.0900,14.9832,NA,NA,NA,NA,NA,NA,NA,NA,NA,NA,NA,NA
446.336,1.8242,8.9480,1.0897,14.9554,NA,NA,NA,NA,NA,NA,NA,NA,NA,NA,NA,NA
446.444,1.8215,8.7844,1.0897,14.9554,NA,NA,NA,NA,NA,NA,NA,NA,NA,NA,NA,NA
446.534,1.8212,8.7673,1.0891,14.8915,NA,NA,NA,NA,NA,NA,NA,NA,NA,NA,NA,NA
446.637,1.8178,8.5625,1.0897,14.9480,NA,NA,NA,NA,NA,NA,NA,NA,NA,NA,NA,NA
446.743,1.8104,8.1222,1.0897,14.9480,NA,NA,NA,NA,NA,NA,NA,NA,NA,NA,NA,NA
446.832,1.8072,7.9311,1.0887,14.8406,NA,NA,NA,NA,NA,NA,NA,NA,NA,NA,NA,NA
446.926,1.8108,8.1462,1.0877,14.7437,NA,NA,NA,NA,NA,NA,NA,NA,NA,NA,NA,NA
447.025,1.8109,8.1523,1.0872,14.6869,NA,NA,NA,NA,NA,NA,NA,NA,NA,NA,NA,NA
447.122,1.8123,8.2331,1.0872,14.6869,NA,NA,NA,NA,NA,NA,NA,NA,NA,NA,NA,NA
447.217,1.8123,8.2331,1.0859,14.5468,NA,NA,NA,NA,NA,NA,NA,NA,NA,NA,NA,NA
447.320,1.8138,8.3256,1.0854,14.4955,NA,NA,NA,NA,NA,NA,NA,NA,NA,NA,NA,NA
447.415,1.8138,8.3256,1.0849,14.4430,NA,NA,NA,NA,NA,NA,NA,NA,NA,NA,NA,NA
447.523,1.8110,8.1566,1.0849,14.4486,NA,NA,NA,NA,NA,NA,NA,NA,NA,NA,NA,NA
447.610,1.8113,8.1766,1.0849,14.4486,NA,NA,NA,NA,NA,NA,NA,NA,NA,NA,NA,NA
447.730,1.8113,8.1766,1.0847,14.4283,NA,NA,NA,NA,NA,NA,NA,NA,NA,NA,NA,NA
447.813,1.8132,8.2869,1.0841,14.3595,NA,NA,NA,NA,NA,NA,NA,NA,NA,NA,NA,NA
447.977,1.8132,8.2869,1.0837,14.3152,NA,NA,NA,NA,NA,NA,NA,NA,NA,NA,NA,NA
448.004,1.8123,8.2329,1.0834,14.2872,NA,NA,NA,NA,NA,NA,NA,NA,NA,NA,NA,NA
448.100,1.8123,8.2329,1.0833,14.2763,NA,NA,NA,NA,NA,NA,NA,NA,NA,NA,NA,NA
448.201,1.8046,7.7775,1.0833,14.2785,NA,NA,NA,NA,NA,NA,NA,NA,NA,NA,NA,NA
448.314,1.8025,7.6507,1.0833,14.2785,NA,NA,NA,NA,NA,NA,NA,NA,NA,NA,NA,NA
448.394,1.8015,7.5875,1.0823,14.1666,NA,NA,NA,NA,NA,NA,NA,NA,NA,NA,NA,NA
448.545,1.8028,7.6683,1.0819,14.1234,NA,NA,NA,NA,NA,NA,NA,NA,NA,NA,NA,NA
448.591,1.8028,7.6683,1.0813,14.0621,NA,NA,NA,NA,NA,NA,NA,NA,NA,NA,NA,NA
448.691,1.8025,7.6487,1.0810,14.0373,NA,NA,NA,NA,NA,NA,NA,NA,NA,NA,NA,NA
448.787,1.8000,7.5028,1.0807,13.9988,NA,NA,NA,NA,NA,NA,NA,NA,NA,NA,NA,NA
448.884,1.8014,7.5810,1.0801,13.9377,NA,NA,NA,NA,NA,NA,NA,NA,NA,NA,NA,NA
448.980,1.8016,7.5981,1.0798,13.9113,NA,NA,NA,NA,NA,NA,NA,NA,NA,NA,NA,NA
449.086,1.8036,7.7159,1.0797,13.8982,NA,NA,NA,NA,NA,NA,NA,NA,NA,NA,NA,NA
449.175,1.8036,7.7159,1.0795,13.8756,NA,NA,NA,NA,NA,NA,NA,NA,NA,NA,NA,NA
449.278,1.8011,7.5665,1.0790,13.8175,NA,NA,NA,NA,NA,NA,NA,NA,NA,NA,NA,NA
449.373,1.8011,7.5659,1.0785,13.7734,NA,NA,NA,NA,NA,NA,NA,NA,NA,NA,NA,NA
449.474,1.7941,7.1480,1.0783,13.7461,NA,NA,NA,NA,NA,NA,NA,NA,NA,NA,NA,NA
449.573,1.7955,7.2321,1.0783,13.7461,NA,NA,NA,NA,NA,NA,NA,NA,NA,NA,NA,NA
449.671,1.7957,7.2428,1.0777,13.6843,NA,NA,NA,NA,NA,NA,NA,NA,NA,NA,NA,NA
449.764,1.7982,7.3942,1.0773,13.6473,NA,NA,NA,NA,NA,NA,NA,NA,NA,NA,NA,NA
449.864,1.7982,7.3942,1.0772,13.6340,NA,NA,NA,NA,NA,NA,NA,NA,NA,NA,NA,NA
449.967,1.7957,7.2413,1.0759,13.4974,NA,NA,NA,NA,NA,NA,NA,NA,NA,NA,NA,NA
450.058,1.7957,7.2413,1.0754,13.4428,NA,NA,NA,NA,NA,NA,NA,NA,NA,NA,NA,NA
450.168,1.7947,7.1834,1.0751,13.4153,NA,NA,NA,NA,NA,NA,NA,NA,NA,NA,NA,NA
450.261,1.7921,7.0288,1.0751,13.4153,NA,NA,NA,NA,NA,NA,NA,NA,NA,NA,NA,NA
450.375,1.7914,6.9859,1.0750,13.3962,NA,NA,NA,NA,NA,NA,NA,NA,NA,NA,NA,NA
450.463,1.7918,7.0079,1.0749,13.3862,NA,NA,NA,NA,NA,NA,NA,NA,NA,NA,NA,NA
450.551,1.7918,7.0079,1.0742,13.3115,NA,NA,NA,NA,NA,NA,NA,NA,NA,NA,NA,NA
450.645,1.7940,7.1430,1.0735,13.2447,NA,NA,NA,NA,NA,NA,NA,NA,NA,NA,NA,NA
450.743,1.7940,7.1430,1.0726,13.1452,NA,NA,NA,NA,NA,NA,NA,NA,NA,NA,NA,NA
450.852,1.7921,7.0307,1.0722,13.1054,NA,NA,NA,NA,NA,NA,NA,NA,NA,NA,NA,NA
450.943,1.7899,6.8985,1.0717,13.0541,NA,NA,NA,NA,NA,NA,NA,NA,NA,NA,NA,NA
451.042,1.7876,6.7587,1.0713,13.0119,NA,NA,NA,NA,NA,NA,NA,NA,NA,NA,NA,NA
451.139,1.7879,6.7802,1.0711,12.9875,NA,NA,NA,NA,NA,NA,NA,NA,NA,NA,NA,NA
451.249,1.7879,6.7802,1.0705,12.9230,NA,NA,NA,NA,NA,NA,NA,NA,NA,NA,NA,NA
451.335,1.7884,6.8095,1.0702,12.8952,NA,NA,NA,NA,NA,NA,NA,NA,NA,NA,NA,NA
451.433,1.7884,6.8095,1.0698,12.8540,NA,NA,NA,NA,NA,NA,NA,NA,NA,NA,NA,NA
451.534,1.7879,6.7756,1.0696,12.8310,NA,NA,NA,NA,NA,NA,NA,NA,NA,NA,NA,NA
451.625,1.7879,6.7756,1.0696,12.8310,NA,NA,NA,NA,NA,NA,NA,NA,NA,NA,NA,NA
451.727,1.7836,6.5219,1.0684,12.7013,NA,NA,NA,NA,NA,NA,NA,NA,NA,NA,NA,NA
451.822,1.7842,6.5587,1.0677,12.6339,NA,NA,NA,NA,NA,NA,NA,NA,NA,NA,NA,NA
451.932,1.7844,6.5667,1.0679,12.6484,NA,NA,NA,NA,NA,NA,NA,NA,NA,NA,NA,NA
452.018,1.7849,6.5973,1.0679,12.6484,NA,NA,NA,NA,NA,NA,NA,NA,NA,NA,NA,NA
452.117,1.7849,6.5973,1.0668,12.5380,NA,NA,NA,NA,NA,NA,NA,NA,NA,NA,NA,NA
452.212,1.7844,6.5680,1.0659,12.4410,NA,NA,NA,NA,NA,NA,NA,NA,NA,NA,NA,NA
452.313,1.7844,6.5680,1.0651,12.3544,NA,NA,NA,NA,NA,NA,NA,NA,NA,NA,NA,NA
452.410,1.7822,6.4373,1.0650,12.3438,NA,NA,NA,NA,NA,NA,NA,NA,NA,NA,NA,NA
452.507,1.7818,6.4115,1.0650,12.3438,NA,NA,NA,NA,NA,NA,NA,NA,NA,NA,NA,NA
452.602,1.7790,6.2437,1.0650,12.3439,NA,NA,NA,NA,NA,NA,NA,NA,NA,NA,NA,NA
452.746,1.7724,5.8521,1.0650,12.3439,NA,NA,NA,NA,NA,NA,NA,NA,NA,NA,NA,NA
452.808,1.7756,6.0447,1.0644,12.2770,NA,NA,NA,NA,NA,NA,NA,NA,NA,NA,NA,NA
452.899,1.7768,6.1162,1.0643,12.2714,NA,NA,NA,NA,NA,NA,NA,NA,NA,NA,NA,NA
452.995,1.7768,6.1162,1.0637,12.2069,NA,NA,NA,NA,NA,NA,NA,NA,NA,NA,NA,NA
453.103,1.7772,6.1399,1.0637,12.2069,NA,NA,NA,NA,NA,NA,NA,NA,NA,NA,NA,NA
453.197,1.7772,6.1399,1.0634,12.1739,NA,NA,NA,NA,NA,NA,NA,NA,NA,NA,NA,NA
453.320,1.7755,6.0351,1.0630,12.1373,NA,NA,NA,NA,NA,NA,NA,NA,NA,NA,NA,NA
453.392,1.7745,5.9770,1.0626,12.0884,NA,NA,NA,NA,NA,NA,NA,NA,NA,NA,NA,NA
453.487,1.7752,6.0171,1.0623,12.0633,NA,NA,NA,NA,NA,NA,NA,NA,NA,NA,NA,NA
453.586,1.7757,6.0484,1.0624,12.0669,NA,NA,NA,NA,NA,NA,NA,NA,NA,NA,NA,NA
453.682,1.7757,6.0484,1.0624,12.0669,NA,NA,NA,NA,NA,NA,NA,NA,NA,NA,NA,NA
453.780,1.7733,5.9054,1.0622,12.0536,NA,NA,NA,NA,NA,NA,NA,NA,NA,NA,NA,NA
453.932,1.7733,5.9054,1.0617,12.0019,NA,NA,NA,NA,NA,NA,NA,NA,NA,NA,NA,NA
453.971,1.7713,5.7831,1.0614,11.9675,NA,NA,NA,NA,NA,NA,NA,NA,NA,NA,NA,NA
454.080,1.7700,5.7109,1.0609,11.9146,NA,NA,NA,NA,NA,NA,NA,NA,NA,NA,NA,NA
454.170,1.7700,5.7109,1.0610,11.9226,NA,NA,NA,NA,NA,NA,NA,NA,NA,NA,NA,NA
454.272,1.7703,5.7257,1.0610,11.9226,NA,NA,NA,NA,NA,NA,NA,NA,NA,NA,NA,NA
454.367,1.7703,5.7257,1.0603,11.8530,NA,NA,NA,NA,NA,NA,NA,NA,NA,NA,NA,NA
454.506,1.7716,5.8042,1.0603,11.8530,NA,NA,NA,NA,NA,NA,NA,NA,NA,NA,NA,NA
454.559,1.7716,5.8042,1.0599,11.8084,NA,NA,NA,NA,NA,NA,NA,NA,NA,NA,NA,NA
454.656,1.7680,5.5864,1.0585,11.6549,NA,NA,NA,NA,NA,NA,NA,NA,NA,NA,NA,NA
454.758,1.7659,5.4620,1.0582,11.6317,NA,NA,NA,NA,NA,NA,NA,NA,NA,NA,NA,NA
454.855,1.7659,5.4620,1.0582,11.6251,NA,NA,NA,NA,NA,NA,NA,NA,NA,NA,NA,NA
454.960,1.7650,5.4072,1.0576,11.5628,NA,NA,NA,NA,NA,NA,NA,NA,NA,NA,NA,NA
455.097,1.7642,5.3600,1.0567,11.4671,NA,NA,NA,NA,NA,NA,NA,NA,NA,NA,NA,NA
455.153,1.7658,5.4546,1.0562,11.4219,NA,NA,NA,NA,NA,NA,NA,NA,NA,NA,NA,NA
455.248,1.7658,5.4546,1.0556,11.3553,NA,NA,NA,NA,NA,NA,NA,NA,NA,NA,NA,NA
455.351,1.7578,4.9780,1.0541,11.1984,NA,NA,NA,NA,NA,NA,NA,NA,NA,NA,NA,NA
455.442,1.7587,5.0340,1.0536,11.1379,NA,NA,NA,NA,NA,NA,NA,NA,NA,NA,NA,NA
455.542,1.7587,5.0340,1.0527,11.0487,NA,NA,NA,NA,NA,NA,NA,NA,NA,NA,NA,NA
455.677,1.7571,4.9362,1.0520,10.9692,NA,NA,NA,NA,NA,NA,NA,NA,NA,NA,NA,NA
455.737,1.7680,5.5868,1.0526,11.0424,NA,NA,NA,NA,NA,NA,NA,NA,NA,NA,NA,NA
455.832,1.7905,6.9341,1.0601,11.8299,NA,NA,NA,NA,NA,NA,NA,NA,NA,NA,NA,NA
455.935,1.8287,9.2141,1.0733,13.2185,NA,NA,NA,NA,NA,NA,NA,NA,NA,NA,NA,NA
456.038,1.8598,11.0718,1.0882,14.7946,NA,NA,NA,NA,NA,NA,NA,NA,NA,NA,NA,NA
456.134,1.8973,13.3087,1.0961,15.6244,NA,NA,NA,NA,NA,NA,NA,NA,NA,NA,NA,NA
456.224,1.9260,15.0229,1.1056,16.6286,NA,NA,NA,NA,NA,NA,NA,NA,NA,NA,NA,NA
456.380,1.9340,15.5012,1.1094,17.0259,NA,NA,NA,NA,NA,NA,NA,NA,NA,NA,NA,NA
456.425,1.9373,15.7007,1.1102,17.1167,NA,NA,NA,NA,NA,NA,NA,NA,NA,NA,NA,NA
456.521,1.9373,15.7007,1.1102,17.1167,NA,NA,NA,NA,NA,NA,NA,NA,NA,NA,NA,NA
456.624,1.9333,15.4602,1.1087,16.9594,NA,NA,NA,NA,NA,NA,NA,NA,NA,NA,NA,NA
456.717,1.9322,15.3945,1.1087,16.9594,NA,NA,NA,NA,NA,NA,NA,NA,NA,NA,NA,NA
456.810,1.9262,15.0381,1.1060,16.6675,NA,NA,NA,NA,NA,NA,NA,NA,NA,NA,NA,NA
456.912,1.9141,14.3118,1.1050,16.5676,NA,NA,NA,NA,NA,NA,NA,NA,NA,NA,NA,NA
457.012,1.9079,13.9435,1.1048,16.5409,NA,NA,NA,NA,NA,NA,NA,NA,NA,NA,NA,NA
457.110,1.9039,13.7043,1.1039,16.4455,NA,NA,NA,NA,NA,NA,NA,NA,NA,NA,NA,NA
457.204,1.9015,13.5624,1.1021,16.2571,NA,NA,NA,NA,NA,NA,NA,NA,NA,NA,NA,NA
457.303,1.8925,13.0248,1.1016,16.2033,NA,NA,NA,NA,NA,NA,NA,NA,NA,NA,NA,NA
457.450,1.8925,13.0248,1.1009,16.1306,NA,NA,NA,NA,NA,NA,NA,NA,NA,NA,NA,NA
457.489,1.8800,12.2748,1.0984,15.8643,NA,NA,NA,NA,NA,NA,NA,NA,NA,NA,NA,NA
457.618,1.8765,12.0683,1.0971,15.7324,NA,NA,NA,NA,NA,NA,NA,NA,NA,NA,NA,NA
457.694,1.8650,11.3821,1.0953,15.5430,NA,NA,NA,NA,NA,NA,NA,NA,NA,NA,NA,NA
457.798,1.8697,11.6603,1.0943,15.4414,NA,NA,NA,NA,NA,NA,NA,NA,NA,NA,NA,NA
457.892,1.8697,11.6603,1.0931,15.3111,NA,NA,NA,NA,NA,NA,NA,NA,NA,NA,NA,NA
457.991,1.8650,11.3834,1.0917,15.1612,NA,NA,NA,NA,NA,NA,NA,NA,NA,NA,NA,NA
458.085,1.8637,11.3026,1.0910,15.0841,NA,NA,NA,NA,NA,NA,NA,NA,NA,NA,NA,NA
458.189,1.8596,11.0569,1.0902,15.0041,NA,NA,NA,NA,NA,NA,NA,NA,NA,NA,NA,NA
458.281,1.8596,11.0569,1.0890,14.8753,NA,NA,NA,NA,NA,NA,NA,NA,NA,NA,NA,NA
458.376,1.8546,10.7636,1.0885,14.8271,NA,NA,NA,NA,NA,NA,NA,NA,NA,NA,NA,NA
458.477,1.8540,10.7242,1.0866,14.6264,NA,NA,NA,NA,NA,NA,NA,NA,NA,NA,NA,NA
458.574,1.8515,10.5751,1.0856,14.5230,NA,NA,NA,NA,NA,NA,NA,NA,NA,NA,NA,NA
458.674,1.8515,10.5751,1.0856,14.5148,NA,NA,NA,NA,NA,NA,NA,NA,NA,NA,NA,NA
458.776,1.8483,10.3823,1.0842,14.3742,NA,NA,NA,NA,NA,NA,NA,NA,NA,NA,NA,NA
458.875,1.8437,10.1081,1.0842,14.3742,NA,NA,NA,NA,NA,NA,NA,NA,NA,NA,NA,NA
459.013,1.8437,10.1081,1.0813,14.0622,NA,NA,NA,NA,NA,NA,NA,NA,NA,NA,NA,NA
459.093,1.8376,9.7443,1.0800,13.9267,NA,NA,NA,NA,NA,NA,NA,NA,NA,NA,NA,NA
459.179,1.8370,9.7114,1.0799,13.9130,NA,NA,NA,NA,NA,NA,NA,NA,NA,NA,NA,NA
459.284,1.8325,9.4397,1.0792,13.8459,NA,NA,NA,NA,NA,NA,NA,NA,NA,NA,NA,NA
459.370,1.8283,9.1875,1.0775,13.6659,NA,NA,NA,NA,NA,NA,NA,NA,NA,NA,NA,NA
459.521,1.8277,9.1547,1.0762,13.5295,NA,NA,NA,NA,NA,NA,NA,NA,NA,NA,NA,NA
459.610,1.8254,9.0166,1.0750,13.3958,NA,NA,NA,NA,NA,NA,NA,NA,NA,NA,NA,NA
459.694,1.8254,9.0166,1.0745,13.3509,NA,NA,NA,NA,NA,NA,NA,NA,NA,NA,NA,NA
459.783,1.8225,8.8464,1.0744,13.3403,NA,NA,NA,NA,NA,NA,NA,NA,NA,NA,NA,NA
459.943,1.8225,8.8464,1.0741,13.3016,NA,NA,NA,NA,NA,NA,NA,NA,NA,NA,NA,NA
460.045,1.8506,10.5247,1.0884,14.8089,NA,NA,NA,NA,NA,NA,NA,NA,NA,NA,NA,NA
460.142,1.8964,13.2584,1.1006,16.0967,NA,NA,NA,NA,NA,NA,NA,NA,NA,NA,NA,NA
460.240,1.9125,14.2182,1.1150,17.6214,NA,NA,NA,NA,NA,NA,NA,NA,NA,NA,NA,NA
460.335,1.9496,16.4368,1.1321,19.4216,NA,NA,NA,NA,NA,NA,NA,NA,NA,NA,NA,NA
460.439,1.9709,17.7036,1.1415,20.4188,NA,NA,NA,NA,NA,NA,NA,NA,NA,NA,NA,NA
460.535,1.9972,19.2768,1.1527,21.5943,NA,NA,NA,NA,NA,NA,NA,NA,NA,NA,NA,NA
460.647,2.0248,20.9277,1.1630,22.6811,NA,NA,NA,NA,NA,NA,NA,NA,NA,NA,NA,NA
460.734,2.0366,21.6286,1.1729,23.7259,NA,NA,NA,NA,NA,NA,NA,NA,NA,NA,NA,NA
460.827,2.0515,22.5204,1.1777,24.2360,NA,NA,NA,NA,NA,NA,NA,NA,NA,NA,NA,NA
460.920,2.0592,22.9818,1.1870,25.2179,NA,NA,NA,NA,NA,NA,NA,NA,NA,NA,NA,NA
461.061,2.0698,23.6158,1.1957,26.1301,NA,NA,NA,NA,NA,NA,NA,NA,NA,NA,NA,NA
461.129,2.0857,24.5615,1.2045,27.0570,NA,NA,NA,NA,NA,NA,NA,NA,NA,NA,NA,NA
461.221,2.0929,24.9955,1.2149,28.1615,NA,NA,NA,NA,NA,NA,NA,NA,NA,NA,NA,NA
461.319,2.1234,26.8171,1.2207,28.7660,NA,NA,NA,NA,NA,NA,NA,NA,NA,NA,NA,NA
461.415,2.1345,27.4784,1.2253,29.2545,NA,NA,NA,NA,NA,NA,NA,NA,NA,NA,NA,NA
461.512,2.1451,28.1081,1.2297,29.7189,NA,NA,NA,NA,NA,NA,NA,NA,NA,NA,NA,NA
461.616,2.1503,28.4195,1.2344,30.2113,NA,NA,NA,NA,NA,NA,NA,NA,NA,NA,NA,NA
461.715,2.1719,29.7120,1.2386,30.6605,NA,NA,NA,NA,NA,NA,NA,NA,NA,NA,NA,NA
461.805,2.1772,30.0247,1.2451,31.3425,NA,NA,NA,NA,NA,NA,NA,NA,NA,NA,NA,NA
461.931,2.1820,30.3132,1.2507,31.9302,NA,NA,NA,NA,NA,NA,NA,NA,NA,NA,NA,NA
462.011,2.1820,30.3132,1.2526,32.1343,NA,NA,NA,NA,NA,NA,NA,NA,NA,NA,NA,NA
462.119,2.1801,30.2030,1.2534,32.2234,NA,NA,NA,NA,NA,NA,NA,NA,NA,NA,NA,NA
462.198,2.1740,29.8379,1.2542,32.3007,NA,NA,NA,NA,NA,NA,NA,NA,NA,NA,NA,NA
462.353,2.1740,29.8379,1.2542,32.3007,NA,NA,NA,NA,NA,NA,NA,NA,NA,NA,NA,NA
462.397,2.1677,29.4599,1.2535,32.2278,NA,NA,NA,NA,NA,NA,NA,NA,NA,NA,NA,NA
462.494,2.1668,29.4065,1.2521,32.0858,NA,NA,NA,NA,NA,NA,NA,NA,NA,NA,NA,NA
462.591,2.1591,28.9438,1.2499,31.8548,NA,NA,NA,NA,NA,NA,NA,NA,NA,NA,NA,NA
462.688,2.1522,28.5369,1.2490,31.7583,NA,NA,NA,NA,NA,NA,NA,NA,NA,NA,NA,NA
462.804,2.1363,27.5853,1.2452,31.3596,NA,NA,NA,NA,NA,NA,NA,NA,NA,NA,NA,NA
462.884,2.1275,27.0594,1.2423,31.0501,NA,NA,NA,NA,NA,NA,NA,NA,NA,NA,NA,NA
462.989,2.1233,26.8059,1.2377,30.5663,NA,NA,NA,NA,NA,NA,NA,NA,NA,NA,NA,NA
463.079,2.1024,25.5622,1.2336,30.1256,NA,NA,NA,NA,NA,NA,NA,NA,NA,NA,NA,NA
463.202,2.1022,25.5489,1.2291,29.6589,NA,NA,NA,NA,NA,NA,NA,NA,NA,NA,NA,NA
463.277,2.0919,24.9318,1.2250,29.2208,NA,NA,NA,NA,NA,NA,NA,NA,NA,NA,NA,NA
463.371,2.0849,24.5159,1.2209,28.7955,NA,NA,NA,NA,NA,NA,NA,NA,NA,NA,NA,NA
463.468,2.0721,23.7484,1.2177,28.4527,NA,NA,NA,NA,NA,NA,NA,NA,NA,NA,NA,NA
463.571,2.0662,23.3952,1.2158,28.2490,NA,NA,NA,NA,NA,NA,NA,NA,NA,NA,NA,NA
463.665,2.0658,23.3766,1.2123,27.8833,NA,NA,NA,NA,NA,NA,NA,NA,NA,NA,NA,NA
463.764,2.0555,22.7578,1.2092,27.5544,NA,NA,NA,NA,NA,NA,NA,NA,NA,NA,NA,NA
463.857,2.0555,22.7578,1.2068,27.3072,NA,NA,NA,NA,NA,NA,NA,NA,NA,NA,NA,NA
463.966,2.0531,22.6139,1.2048,27.0947,NA,NA,NA,NA,NA,NA,NA,NA,NA,NA,NA,NA
464.105,2.0531,22.6139,1.2022,26.8189,NA,NA,NA,NA,NA,NA,NA,NA,NA,NA,NA,NA
464.155,2.0468,22.2416,1.1996,26.5491,NA,NA,NA,NA,NA,NA,NA,NA,NA,NA,NA,NA
464.255,2.0437,22.0544,1.1983,26.4087,NA,NA,NA,NA,NA,NA,NA,NA,NA,NA,NA,NA
464.354,2.0378,21.7013,1.1981,26.3837,NA,NA,NA,NA,NA,NA,NA,NA,NA,NA,NA,NA
464.485,2.0388,21.7616,1.1973,26.3040,NA,NA,NA,NA,NA,NA,NA,NA,NA,NA,NA,NA
464.557,2.0388,21.7616,1.1959,26.1563,NA,NA,NA,NA,NA,NA,NA,NA,NA,NA,NA,NA
464.717,2.0360,21.5959,1.1942,25.9756,NA,NA,NA,NA,NA,NA,NA,NA,NA,NA,NA,NA
464.747,2.0360,21.5959,1.1927,25.8114,NA,NA,NA,NA,NA,NA,NA,NA,NA,NA,NA,NA
464.855,2.0311,21.2992,1.1919,25.7333,NA,NA,NA,NA,NA,NA,NA,NA,NA,NA,NA,NA
464.942,2.0311,21.2992,1.1908,25.6109,NA,NA,NA,NA,NA,NA,NA,NA,NA,NA,NA,NA
465.046,2.0280,21.1137,1.1902,25.5553,NA,NA,NA,NA,NA,NA,NA,NA,NA,NA,NA,NA
465.134,2.0280,21.1137,1.1896,25.4942,NA,NA,NA,NA,NA,NA,NA,NA,NA,NA,NA,NA
465.291,2.0273,21.0731,1.1895,25.4757,NA,NA,NA,NA,NA,NA,NA,NA,NA,NA,NA,NA
465.331,2.0267,21.0419,1.1895,25.4757,NA,NA,NA,NA,NA,NA,NA,NA,NA,NA,NA,NA
465.433,2.0267,21.0361,1.1887,25.3951,NA,NA,NA,NA,NA,NA,NA,NA,NA,NA,NA,NA
465.535,2.0266,21.0335,1.1886,25.3827,NA,NA,NA,NA,NA,NA,NA,NA,NA,NA,NA,NA
465.626,2.0255,20.9649,1.1884,25.3670,NA,NA,NA,NA,NA,NA,NA,NA,NA,NA,NA,NA
465.720,2.0215,20.7293,1.1885,25.3752,NA,NA,NA,NA,NA,NA,NA,NA,NA,NA,NA,NA
465.824,2.0195,20.6082,1.1885,25.3752,NA,NA,NA,NA,NA,NA,NA,NA,NA,NA,NA,NA
465.933,2.0174,20.4820,1.1868,25.1940,NA,NA,NA,NA,NA,NA,NA,NA,NA,NA,NA,NA
466.021,2.0184,20.5413,1.1859,25.1020,NA,NA,NA,NA,NA,NA,NA,NA,NA,NA,NA,NA
466.116,2.0184,20.5413,1.1855,25.0566,NA,NA,NA,NA,NA,NA,NA,NA,NA,NA,NA,NA
466.215,2.0144,20.3073,1.1850,25.0061,NA,NA,NA,NA,NA,NA,NA,NA,NA,NA,NA,NA
466.312,2.0144,20.3073,1.1840,24.9028,NA,NA,NA,NA,NA,NA,NA,NA,NA,NA,NA,NA
466.405,2.0121,20.1695,1.1811,24.5925,NA,NA,NA,NA,NA,NA,NA,NA,NA,NA,NA,NA
466.568,2.0110,20.1001,1.1802,24.4937,NA,NA,NA,NA,NA,NA,NA,NA,NA,NA,NA,NA
466.603,2.0075,19.8939,1.1806,24.5366,NA,NA,NA,NA,NA,NA,NA,NA,NA,NA,NA,NA
466.710,2.0065,19.8323,1.1806,24.5366,NA,NA,NA,NA,NA,NA,NA,NA,NA,NA,NA,NA
466.814,2.0065,19.8323,1.1806,24.5405,NA,NA,NA,NA,NA,NA,NA,NA,NA,NA,NA,NA
466.899,2.0045,19.7104,1.1806,24.5405,NA,NA,NA,NA,NA,NA,NA,NA,NA,NA,NA,NA
466.994,2.0045,19.7104,1.1803,24.5074,NA,NA,NA,NA,NA,NA,NA,NA,NA,NA,NA,NA
467.151,2.0048,19.7297,1.1793,24.3997,NA,NA,NA,NA,NA,NA,NA,NA,NA,NA,NA,NA
467.199,2.0048,19.7297,1.1794,24.4107,NA,NA,NA,NA,NA,NA,NA,NA,NA,NA,NA,NA
467.289,2.0032,19.6376,1.1794,24.4107,NA,NA,NA,NA,NA,NA,NA,NA,NA,NA,NA,NA
467.389,2.0005,19.4744,1.1793,24.3992,NA,NA,NA,NA,NA,NA,NA,NA,NA,NA,NA,NA
467.489,2.0005,19.4744,1.1785,24.3222,NA,NA,NA,NA,NA,NA,NA,NA,NA,NA,NA,NA
467.585,1.9980,19.3248,1.1785,24.3222,NA,NA,NA,NA,NA,NA,NA,NA,NA,NA,NA,NA
467.684,1.9980,19.3248,1.1780,24.2707,NA,NA,NA,NA,NA,NA,NA,NA,NA,NA,NA,NA
467.786,1.9996,19.4217,1.1776,24.2188,NA,NA,NA,NA,NA,NA,NA,NA,NA,NA,NA,NA
467.877,1.9998,19.4317,1.1767,24.1265,NA,NA,NA,NA,NA,NA,NA,NA,NA,NA,NA,NA
467.970,1.9998,19.4317,1.1763,24.0852,NA,NA,NA,NA,NA,NA,NA,NA,NA,NA,NA,NA
468.070,1.9972,19.2755,1.1770,24.1582,NA,NA,NA,NA,NA,NA,NA,NA,NA,NA,NA,NA
468.177,1.9980,19.3246,1.1770,24.1582,NA,NA,NA,NA,NA,NA,NA,NA,NA,NA,NA,NA
468.274,1.9980,19.3246,1.1767,24.1278,NA,NA,NA,NA,NA,NA,NA,NA,NA,NA,NA,NA
468.377,1.9945,19.1169,1.1764,24.1011,NA,NA,NA,NA,NA,NA,NA,NA,NA,NA,NA,NA
468.471,1.9936,19.0618,1.1754,23.9866,NA,NA,NA,NA,NA,NA,NA,NA,NA,NA,NA,NA
468.561,1.9919,18.9595,1.1753,23.9813,NA,NA,NA,NA,NA,NA,NA,NA,NA,NA,NA,NA
468.665,1.9894,18.8130,1.1737,23.8068,NA,NA,NA,NA,NA,NA,NA,NA,NA,NA,NA,NA
468.760,1.9881,18.7310,1.1729,23.7291,NA,NA,NA,NA,NA,NA,NA,NA,NA,NA,NA,NA
468.856,1.9849,18.5409,1.1732,23.7645,NA,NA,NA,NA,NA,NA,NA,NA,NA,NA,NA,NA
468.950,1.9849,18.5409,1.1736,23.7999,NA,NA,NA,NA,NA,NA,NA,NA,NA,NA,NA,NA
469.060,1.9812,18.3213,1.1736,23.7999,NA,NA,NA,NA,NA,NA,NA,NA,NA,NA,NA,NA
469.161,1.9812,18.3213,1.1726,23.6987,NA,NA,NA,NA,NA,NA,NA,NA,NA,NA,NA,NA
469.253,1.9782,18.1399,1.1721,23.6409,NA,NA,NA,NA,NA,NA,NA,NA,NA,NA,NA,NA
469.349,1.9752,17.9630,1.1712,23.5464,NA,NA,NA,NA,NA,NA,NA,NA,NA,NA,NA,NA
469.483,1.9745,17.9210,1.1709,23.5173,NA,NA,NA,NA,NA,NA,NA,NA,NA,NA,NA,NA
469.542,1.9738,17.8825,1.1703,23.4555,NA,NA,NA,NA,NA,NA,NA,NA,NA,NA,NA,NA
469.641,1.9738,17.8825,1.1698,23.3962,NA,NA,NA,NA,NA,NA,NA,NA,NA,NA,NA,NA
469.738,1.9727,17.8157,1.1690,23.3148,NA,NA,NA,NA,NA,NA,NA,NA,NA,NA,NA,NA
469.833,1.9727,17.8157,1.1688,23.2943,NA,NA,NA,NA,NA,NA,NA,NA,NA,NA,NA,NA
469.941,1.9705,17.6797,1.1688,23.2943,NA,NA,NA,NA,NA,NA,NA,NA,NA,NA,NA,NA
470.029,1.9681,17.5376,1.1677,23.1822,NA,NA,NA,NA,NA,NA,NA,NA,NA,NA,NA,NA
470.129,1.9621,17.1808,1.1667,23.0701,NA,NA,NA,NA,NA,NA,NA,NA,NA,NA,NA,NA
470.231,1.9603,17.0729,1.1663,23.0308,NA,NA,NA,NA,NA,NA,NA,NA,NA,NA,NA,NA
470.324,1.9603,17.0729,1.1644,22.8290,NA,NA,NA,NA,NA,NA,NA,NA,NA,NA,NA,NA
470.428,1.9561,16.8239,1.1644,22.8290,NA,NA,NA,NA,NA,NA,NA,NA,NA,NA,NA,NA
470.521,1.9561,16.8239,1.1644,22.8290,NA,NA,NA,NA,NA,NA,NA,NA,NA,NA,NA,NA
470.629,1.9579,16.9299,1.1628,22.6654,NA,NA,NA,NA,NA,NA,NA,NA,NA,NA,NA,NA
470.769,1.9579,16.9299,1.1622,22.6019,NA,NA,NA,NA,NA,NA,NA,NA,NA,NA,NA,NA
470.811,1.9529,16.6313,1.1622,22.6010,NA,NA,NA,NA,NA,NA,NA,NA,NA,NA,NA,NA
470.922,1.9523,16.5935,1.1622,22.6010,NA,NA,NA,NA,NA,NA,NA,NA,NA,NA,NA,NA
471.015,1.9485,16.3691,1.1616,22.5346,NA,NA,NA,NA,NA,NA,NA,NA,NA,NA,NA,NA
471.105,1.9442,16.1113,1.1613,22.5051,NA,NA,NA,NA,NA,NA,NA,NA,NA,NA,NA,NA
471.204,1.9442,16.1113,1.1613,22.5046,NA,NA,NA,NA,NA,NA,NA,NA,NA,NA,NA,NA
471.321,1.9464,16.2418,1.1611,22.4801,NA,NA,NA,NA,NA,NA,NA,NA,NA,NA,NA,NA
471.404,1.9480,16.3395,1.1608,22.4559,NA,NA,NA,NA,NA,NA,NA,NA,NA,NA,NA,NA
471.497,1.9484,16.3649,1.1598,22.3490,NA,NA,NA,NA,NA,NA,NA,NA,NA,NA,NA,NA
471.605,1.9484,16.3649,1.1597,22.3316,NA,NA,NA,NA,NA,NA,NA,NA,NA,NA,NA,NA
471.697,1.9462,16.2314,1.1597,22.3316,NA,NA,NA,NA,NA,NA,NA,NA,NA,NA,NA,NA
471.789,1.9462,16.2314,1.1588,22.2407,NA,NA,NA,NA,NA,NA,NA,NA,NA,NA,NA,NA
471.894,1.9467,16.2585,1.1583,22.1909,NA,NA,NA,NA,NA,NA,NA,NA,NA,NA,NA,NA
471.994,1.9467,16.2585,1.1573,22.0804,NA,NA,NA,NA,NA,NA,NA,NA,NA,NA,NA,NA
472.089,1.9426,16.0152,1.1571,22.0640,NA,NA,NA,NA,NA,NA,NA,NA,NA,NA,NA,NA
472.192,1.9406,15.8970,1.1566,22.0131,NA,NA,NA,NA,NA,NA,NA,NA,NA,NA,NA,NA
472.280,1.9395,15.8309,1.1553,21.8718,NA,NA,NA,NA,NA,NA,NA,NA,NA,NA,NA,NA
472.381,1.9397,15.8451,1.1553,21.8718,NA,NA,NA,NA,NA,NA,NA,NA,NA,NA,NA,NA
472.485,1.9397,15.8451,1.1534,21.6687,NA,NA,NA,NA,NA,NA,NA,NA,NA,NA,NA,NA
472.576,1.9399,15.8527,1.1536,21.6965,NA,NA,NA,NA,NA,NA,NA,NA,NA,NA,NA,NA
472.673,1.9399,15.8527,1.1541,21.7489,NA,NA,NA,NA,NA,NA,NA,NA,NA,NA,NA,NA
472.774,1.9338,15.4896,1.1541,21.7489,NA,NA,NA,NA,NA,NA,NA,NA,NA,NA,NA,NA
472.873,1.9311,15.3317,1.1537,21.7043,NA,NA,NA,NA,NA,NA,NA,NA,NA,NA,NA,NA
472.967,1.9221,14.7947,1.1535,21.6808,NA,NA,NA,NA,NA,NA,NA,NA,NA,NA,NA,NA
473.070,1.9242,14.9159,1.1532,21.6448,NA,NA,NA,NA,NA,NA,NA,NA,NA,NA,NA,NA
473.164,1.9262,15.0389,1.1521,21.5331,NA,NA,NA,NA,NA,NA,NA,NA,NA,NA,NA,NA
473.258,1.9305,15.2943,1.1521,21.5331,NA,NA,NA,NA,NA,NA,NA,NA,NA,NA,NA,NA
473.360,1.9305,15.2943,1.1497,21.2772,NA,NA,NA,NA,NA,NA,NA,NA,NA,NA,NA,NA
473.469,1.9264,15.0465,1.1492,21.2306,NA,NA,NA,NA,NA,NA,NA,NA,NA,NA,NA,NA
473.564,1.9270,15.0823,1.1488,21.1851,NA,NA,NA,NA,NA,NA,NA,NA,NA,NA,NA,NA
473.663,1.9270,15.0823,1.1488,21.1851,NA,NA,NA,NA,NA,NA,NA,NA,NA,NA,NA,NA
473.760,1.9251,14.9731,1.1475,21.0528,NA,NA,NA,NA,NA,NA,NA,NA,NA,NA,NA,NA
473.852,1.9228,14.8364,1.1471,21.0096,NA,NA,NA,NA,NA,NA,NA,NA,NA,NA,NA,NA
473.950,1.9222,14.7964,1.1471,21.0096,NA,NA,NA,NA,NA,NA,NA,NA,NA,NA,NA,NA
474.045,1.9205,14.6973,1.1459,20.8816,NA,NA,NA,NA,NA,NA,NA,NA,NA,NA,NA,NA
474.147,1.9181,14.5524,1.1453,20.8151,NA,NA,NA,NA,NA,NA,NA,NA,NA,NA,NA,NA
474.239,1.9181,14.5524,1.1453,20.8151,NA,NA,NA,NA,NA,NA,NA,NA,NA,NA,NA,NA
474.333,1.9173,14.5034,1.1449,20.7793,NA,NA,NA,NA,NA,NA,NA,NA,NA,NA,NA,NA
474.438,1.9173,14.5034,1.1442,20.6994,NA,NA,NA,NA,NA,NA,NA,NA,NA,NA,NA,NA
474.538,1.9131,14.2564,1.1440,20.6797,NA,NA,NA,NA,NA,NA,NA,NA,NA,NA,NA,NA
474.633,1.9141,14.3148,1.1440,20.6797,NA,NA,NA,NA,NA,NA,NA,NA,NA,NA,NA,NA
474.733,1.9141,14.3148,1.1440,20.6779,NA,NA,NA,NA,NA,NA,NA,NA,NA,NA,NA,NA
474.826,1.9097,14.0535,1.1435,20.6243,NA,NA,NA,NA,NA,NA,NA,NA,NA,NA,NA,NA
474.926,1.9097,14.0535,1.1435,20.6243,NA,NA,NA,NA,NA,NA,NA,NA,NA,NA,NA,NA
475.024,1.9091,14.0129,1.1424,20.5148,NA,NA,NA,NA,NA,NA,NA,NA,NA,NA,NA,NA
475.121,1.9090,14.0121,1.1418,20.4450,NA,NA,NA,NA,NA,NA,NA,NA,NA,NA,NA,NA
475.220,1.9090,14.0121,1.1414,20.4008,NA,NA,NA,NA,NA,NA,NA,NA,NA,NA,NA,NA
475.323,1.9045,13.7417,1.1411,20.3679,NA,NA,NA,NA,NA,NA,NA,NA,NA,NA,NA,NA
475.481,1.9045,13.7417,1.1408,20.3398,NA,NA,NA,NA,NA,NA,NA,NA,NA,NA,NA,NA
475.514,1.9057,13.8137,1.1397,20.2210,NA,NA,NA,NA,NA,NA,NA,NA,NA,NA,NA,NA
475.608,1.9057,13.8137,1.1394,20.1962,NA,NA,NA,NA,NA,NA,NA,NA,NA,NA,NA,NA
475.709,1.9050,13.7722,1.1394,20.1962,NA,NA,NA,NA,NA,NA,NA,NA,NA,NA,NA,NA
475.809,1.9050,13.7722,1.1389,20.1371,NA,NA,NA,NA,NA,NA,NA,NA,NA,NA,NA,NA
475.907,1.9029,13.6441,1.1381,20.0550,NA,NA,NA,NA,NA,NA,NA,NA,NA,NA,NA,NA
476.006,1.9023,13.6115,1.1378,20.0206,NA,NA,NA,NA,NA,NA,NA,NA,NA,NA,NA,NA
476.140,1.9011,13.5355,1.1374,19.9853,NA,NA,NA,NA,NA,NA,NA,NA,NA,NA,NA,NA
476.209,1.9019,13.5838,1.1365,19.8840,NA,NA,NA,NA,NA,NA,NA,NA,NA,NA,NA,NA
476.297,1.9019,13.5838,1.1362,19.8568,NA,NA,NA,NA,NA,NA,NA,NA,NA,NA,NA,NA
476.391,1.8998,13.4622,1.1350,19.7313,NA,NA,NA,NA,NA,NA,NA,NA,NA,NA,NA,NA
476.491,1.8998,13.4622,1.1344,19.6630,NA,NA,NA,NA,NA,NA,NA,NA,NA,NA,NA,NA
476.588,1.8982,13.3658,1.1340,19.6243,NA,NA,NA,NA,NA,NA,NA,NA,NA,NA,NA,NA
476.686,1.8934,13.0803,1.1343,19.6602,NA,NA,NA,NA,NA,NA,NA,NA,NA,NA,NA,NA
476.782,1.8920,12.9922,1.1343,19.6602,NA,NA,NA,NA,NA,NA,NA,NA,NA,NA,NA,NA
476.885,1.8928,13.0416,1.1322,19.4362,NA,NA,NA,NA,NA,NA,NA,NA,NA,NA,NA,NA
476.979,1.8928,13.0416,1.1320,19.4145,NA,NA,NA,NA,NA,NA,NA,NA,NA,NA,NA,NA
477.086,1.8910,12.9334,1.1320,19.4145,NA,NA,NA,NA,NA,NA,NA,NA,NA,NA,NA,NA
477.175,1.8910,12.9334,1.1313,19.3395,NA,NA,NA,NA,NA,NA,NA,NA,NA,NA,NA,NA
477.341,1.8898,12.8603,1.1309,19.2927,NA,NA,NA,NA,NA,NA,NA,NA,NA,NA,NA,NA
477.373,1.8898,12.8603,1.1309,19.2927,NA,NA,NA,NA,NA,NA,NA,NA,NA,NA,NA,NA
477.472,1.8856,12.6149,1.1308,19.2911,NA,NA,NA,NA,NA,NA,NA,NA,NA,NA,NA,NA
477.575,1.8856,12.6149,1.1303,19.2344,NA,NA,NA,NA,NA,NA,NA,NA,NA,NA,NA,NA
477.668,1.8876,12.7315,1.1297,19.1666,NA,NA,NA,NA,NA,NA,NA,NA,NA,NA,NA,NA
477.761,1.8876,12.7315,1.1288,19.0715,NA,NA,NA,NA,NA,NA,NA,NA,NA,NA,NA,NA
477.858,1.8853,12.5926,1.1291,19.1065,NA,NA,NA,NA,NA,NA,NA,NA,NA,NA,NA,NA
477.969,1.8848,12.5663,1.1291,19.1065,NA,NA,NA,NA,NA,NA,NA,NA,NA,NA,NA,NA
478.058,1.8830,12.4567,1.1274,18.9292,NA,NA,NA,NA,NA,NA,NA,NA,NA,NA,NA,NA
478.160,1.8809,12.3304,1.1271,18.8938,NA,NA,NA,NA,NA,NA,NA,NA,NA,NA,NA,NA
478.252,1.8816,12.3707,1.1268,18.8643,NA,NA,NA,NA,NA,NA,NA,NA,NA,NA,NA,NA
478.358,1.8816,12.3707,1.1267,18.8494,NA,NA,NA,NA,NA,NA,NA,NA,NA,NA,NA,NA
478.448,1.8798,12.2660,1.1264,18.8248,NA,NA,NA,NA,NA,NA,NA,NA,NA,NA,NA,NA
478.552,1.8815,12.3674,1.1264,18.8248,NA,NA,NA,NA,NA,NA,NA,NA,NA,NA,NA,NA
478.646,1.8815,12.3674,1.1264,18.8177,NA,NA,NA,NA,NA,NA,NA,NA,NA,NA,NA,NA
478.743,1.8783,12.1764,1.1255,18.7282,NA,NA,NA,NA,NA,NA,NA,NA,NA,NA,NA,NA
478.842,1.8810,12.3391,1.1254,18.7146,NA,NA,NA,NA,NA,NA,NA,NA,NA,NA,NA,NA
478.944,1.8810,12.3391,1.1254,18.7146,NA,NA,NA,NA,NA,NA,NA,NA,NA,NA,NA,NA
479.039,1.8803,12.2944,1.1231,18.4782,NA,NA,NA,NA,NA,NA,NA,NA,NA,NA,NA,NA
479.152,1.8803,12.2944,1.1232,18.4828,NA,NA,NA,NA,NA,NA,NA,NA,NA,NA,NA,NA
479.236,1.8781,12.1630,1.1232,18.4828,NA,NA,NA,NA,NA,NA,NA,NA,NA,NA,NA,NA
479.332,1.8781,12.1630,1.1230,18.4625,NA,NA,NA,NA,NA,NA,NA,NA,NA,NA,NA,NA
479.426,1.8754,12.0005,1.1227,18.4366,NA,NA,NA,NA,NA,NA,NA,NA,NA,NA,NA,NA
479.530,1.8754,12.0005,1.1230,18.4610,NA,NA,NA,NA,NA,NA,NA,NA,NA,NA,NA,NA
479.623,1.8715,11.7717,1.1230,18.4610,NA,NA,NA,NA,NA,NA,NA,NA,NA,NA,NA,NA
479.789,1.8756,12.0161,1.1222,18.3838,NA,NA,NA,NA,NA,NA,NA,NA,NA,NA,NA,NA
479.841,1.8756,12.0161,1.1219,18.3491,NA,NA,NA,NA,NA,NA,NA,NA,NA,NA,NA,NA
479.920,1.8732,11.8709,1.1216,18.3114,NA,NA,NA,NA,NA,NA,NA,NA,NA,NA,NA,NA
480.013,1.8732,11.8709,1.1203,18.1795,NA,NA,NA,NA,NA,NA,NA,NA,NA,NA,NA,NA
480.123,1.8717,11.7836,1.1205,18.2040,NA,NA,NA,NA,NA,NA,NA,NA,NA,NA,NA,NA
480.216,1.8717,11.7836,1.1205,18.2040,NA,NA,NA,NA,NA,NA,NA,NA,NA,NA,NA,NA
480.353,1.8679,11.5531,1.1200,18.1425,NA,NA,NA,NA,NA,NA,NA,NA,NA,NA,NA,NA
480.408,1.8687,11.6033,1.1192,18.0657,NA,NA,NA,NA,NA,NA,NA,NA,NA,NA,NA,NA
480.509,1.8688,11.6113,1.1187,18.0084,NA,NA,NA,NA,NA,NA,NA,NA,NA,NA,NA,NA
480.608,1.8688,11.6113,1.1173,17.8583,NA,NA,NA,NA,NA,NA,NA,NA,NA,NA,NA,NA
480.700,1.8676,11.5346,1.1171,17.8399,NA,NA,NA,NA,NA,NA,NA,NA,NA,NA,NA,NA
480.804,1.8668,11.4920,1.1163,17.7583,NA,NA,NA,NA,NA,NA,NA,NA,NA,NA,NA,NA
480.946,1.8661,11.4449,1.1161,17.7381,NA,NA,NA,NA,NA,NA,NA,NA,NA,NA,NA,NA
480.998,1.8637,11.3060,1.1161,17.7381,NA,NA,NA,NA,NA,NA,NA,NA,NA,NA,NA,NA
481.093,1.8626,11.2374,1.1156,17.6824,NA,NA,NA,NA,NA,NA,NA,NA,NA,NA,NA,NA
481.190,1.8579,10.9551,1.1148,17.6005,NA,NA,NA,NA,NA,NA,NA,NA,NA,NA,NA,NA
481.292,1.8588,11.0133,1.1147,17.5890,NA,NA,NA,NA,NA,NA,NA,NA,NA,NA,NA,NA
481.390,1.8595,11.0522,1.1144,17.5613,NA,NA,NA,NA,NA,NA,NA,NA,NA,NA,NA,NA
481.538,1.8595,11.0522,1.1144,17.5561,NA,NA,NA,NA,NA,NA,NA,NA,NA,NA,NA,NA
481.581,1.8576,10.9424,1.1137,17.4816,NA,NA,NA,NA,NA,NA,NA,NA,NA,NA,NA,NA
481.682,1.8575,10.9335,1.1136,17.4689,NA,NA,NA,NA,NA,NA,NA,NA,NA,NA,NA,NA
481.776,1.8567,10.8832,1.1136,17.4689,NA,NA,NA,NA,NA,NA,NA,NA,NA,NA,NA,NA
481.874,1.8546,10.7620,1.1129,17.4007,NA,NA,NA,NA,NA,NA,NA,NA,NA,NA,NA,NA
481.971,1.8548,10.7707,1.1129,17.3940,NA,NA,NA,NA,NA,NA,NA,NA,NA,NA,NA,NA
482.134,1.8548,10.7707,1.1118,17.2849,NA,NA,NA,NA,NA,NA,NA,NA,NA,NA,NA,NA
482.174,1.8534,10.6914,1.1116,17.2575,NA,NA,NA,NA,NA,NA,NA,NA,NA,NA,NA,NA
482.266,1.8534,10.6914,1.1114,17.2441,NA,NA,NA,NA,NA,NA,NA,NA,NA,NA,NA,NA
482.370,1.8499,10.4830,1.1096,17.0552,NA,NA,NA,NA,NA,NA,NA,NA,NA,NA,NA,NA
482.469,1.8499,10.4830,1.1086,16.9489,NA,NA,NA,NA,NA,NA,NA,NA,NA,NA,NA,NA
482.560,1.8434,10.0894,1.1086,16.9437,NA,NA,NA,NA,NA,NA,NA,NA,NA,NA,NA,NA
482.708,1.8416,9.9816,1.1080,16.8806,NA,NA,NA,NA,NA,NA,NA,NA,NA,NA,NA,NA
482.762,1.8413,9.9652,1.1071,16.7908,NA,NA,NA,NA,NA,NA,NA,NA,NA,NA,NA,NA
482.859,1.8405,9.9186,1.1064,16.7140,NA,NA,NA,NA,NA,NA,NA,NA,NA,NA,NA,NA
482.949,1.8405,9.9186,1.1058,16.6458,NA,NA,NA,NA,NA,NA,NA,NA,NA,NA,NA,NA
483.053,1.8399,9.8815,1.1047,16.5283,NA,NA,NA,NA,NA,NA,NA,NA,NA,NA,NA,NA
483.147,1.8399,9.8815,1.1036,16.4133,NA,NA,NA,NA,NA,NA,NA,NA,NA,NA,NA,NA
483.252,1.8362,9.6624,1.1029,16.3446,NA,NA,NA,NA,NA,NA,NA,NA,NA,NA,NA,NA
483.372,1.8359,9.6453,1.1026,16.3115,NA,NA,NA,NA,NA,NA,NA,NA,NA,NA,NA,NA
483.441,1.8640,11.3233,1.1085,16.9374,NA,NA,NA,NA,NA,NA,NA,NA,NA,NA,NA,NA
483.538,1.8990,13.4147,1.1164,17.7692,NA,NA,NA,NA,NA,NA,NA,NA,NA,NA,NA,NA
483.640,1.9192,14.6169,1.1241,18.5825,NA,NA,NA,NA,NA,NA,NA,NA,NA,NA,NA,NA
483.737,1.9274,15.1106,1.1295,19.1535,NA,NA,NA,NA,NA,NA,NA,NA,NA,NA,NA,NA
483.833,1.9316,15.3578,1.1324,19.4538,NA,NA,NA,NA,NA,NA,NA,NA,NA,NA,NA,NA
483.978,1.9459,16.2129,1.1339,19.6172,NA,NA,NA,NA,NA,NA,NA,NA,NA,NA,NA,NA
484.033,1.9459,16.2129,1.1348,19.7071,NA,NA,NA,NA,NA,NA,NA,NA,NA,NA,NA,NA
484.125,1.9482,16.3508,1.1351,19.7405,NA,NA,NA,NA,NA,NA,NA,NA,NA,NA,NA,NA
484.233,1.9482,16.3508,1.1351,19.7405,NA,NA,NA,NA,NA,NA,NA,NA,NA,NA,NA,NA
484.325,1.9464,16.2452,1.1337,19.5904,NA,NA,NA,NA,NA,NA,NA,NA,NA,NA,NA,NA
484.424,1.9464,16.2452,1.1330,19.5195,NA,NA,NA,NA,NA,NA,NA,NA,NA,NA,NA,NA
484.573,1.9386,15.7786,1.1317,19.3863,NA,NA,NA,NA,NA,NA,NA,NA,NA,NA,NA,NA
484.618,1.9278,15.1308,1.1291,19.1068,NA,NA,NA,NA,NA,NA,NA,NA,NA,NA,NA,NA
484.715,1.9219,14.7831,1.1280,18.9919,NA,NA,NA,NA,NA,NA,NA,NA,NA,NA,NA,NA
484.815,1.9132,14.2632,1.1265,18.8296,NA,NA,NA,NA,NA,NA,NA,NA,NA,NA,NA,NA
484.909,1.9109,14.1261,1.1242,18.5865,NA,NA,NA,NA,NA,NA,NA,NA,NA,NA,NA,NA
485.007,1.8986,13.3876,1.1234,18.5110,NA,NA,NA,NA,NA,NA,NA,NA,NA,NA,NA,NA
485.110,1.8986,13.3876,1.1214,18.2949,NA,NA,NA,NA,NA,NA,NA,NA,NA,NA,NA,NA
485.209,1.8929,13.0461,1.1197,18.1163,NA,NA,NA,NA,NA,NA,NA,NA,NA,NA,NA,NA
485.304,1.8897,12.8553,1.1193,18.0689,NA,NA,NA,NA,NA,NA,NA,NA,NA,NA,NA,NA
485.409,1.8822,12.4100,1.1180,17.9406,NA,NA,NA,NA,NA,NA,NA,NA,NA,NA,NA,NA
485.496,1.8820,12.3949,1.1173,17.8593,NA,NA,NA,NA,NA,NA,NA,NA,NA,NA,NA,NA
485.600,1.8770,12.1014,1.1157,17.6948,NA,NA,NA,NA,NA,NA,NA,NA,NA,NA,NA,NA
485.712,1.8810,12.3390,1.1148,17.5985,NA,NA,NA,NA,NA,NA,NA,NA,NA,NA,NA,NA
485.800,1.8810,12.3390,1.1122,17.3216,NA,NA,NA,NA,NA,NA,NA,NA,NA,NA,NA,NA
485.894,1.8719,11.7919,1.1108,17.1728,NA,NA,NA,NA,NA,NA,NA,NA,NA,NA,NA,NA
485.991,1.8710,11.7427,1.1110,17.1980,NA,NA,NA,NA,NA,NA,NA,NA,NA,NA,NA,NA
486.083,1.8666,11.4784,1.1114,17.2358,NA,NA,NA,NA,NA,NA,NA,NA,NA,NA,NA,NA
486.191,1.8651,11.3899,1.1114,17.2358,NA,NA,NA,NA,NA,NA,NA,NA,NA,NA,NA,NA
486.282,1.8614,11.1648,1.1099,17.0862,NA,NA,NA,NA,NA,NA,NA,NA,NA,NA,NA,NA
486.386,1.8589,11.0156,1.1092,17.0029,NA,NA,NA,NA,NA,NA,NA,NA,NA,NA,NA,NA
486.478,1.8589,11.0156,1.1087,16.9596,NA,NA,NA,NA,NA,NA,NA,NA,NA,NA,NA,NA
486.577,1.8582,10.9736,1.1075,16.8263,NA,NA,NA,NA,NA,NA,NA,NA,NA,NA,NA,NA
486.672,1.8582,10.9736,1.1065,16.7276,NA,NA,NA,NA,NA,NA,NA,NA,NA,NA,NA,NA
486.768,1.8551,10.7911,1.1056,16.6231,NA,NA,NA,NA,NA,NA,NA,NA,NA,NA,NA,NA
486.870,1.8532,10.6757,1.1044,16.4968,NA,NA,NA,NA,NA,NA,NA,NA,NA,NA,NA,NA
486.969,1.8501,10.4945,1.1031,16.3622,NA,NA,NA,NA,NA,NA,NA,NA,NA,NA,NA,NA
487.066,1.8497,10.4664,1.1025,16.3045,NA,NA,NA,NA,NA,NA,NA,NA,NA,NA,NA,NA
487.167,1.8495,10.4588,1.1009,16.1289,NA,NA,NA,NA,NA,NA,NA,NA,NA,NA,NA,NA
487.268,1.8481,10.3702,1.0997,16.0031,NA,NA,NA,NA,NA,NA,NA,NA,NA,NA,NA,NA
487.358,1.8481,10.3702,1.1002,16.0595,NA,NA,NA,NA,NA,NA,NA,NA,NA,NA,NA,NA
487.455,1.8656,11.4194,1.1051,16.5742,NA,NA,NA,NA,NA,NA,NA,NA,NA,NA,NA,NA
487.553,1.8863,12.6554,1.1157,17.6927,NA,NA,NA,NA,NA,NA,NA,NA,NA,NA,NA,NA
487.658,1.9187,14.5873,1.1317,19.3833,NA,NA,NA,NA,NA,NA,NA,NA,NA,NA,NA,NA
487.759,1.9606,17.0887,1.1449,20.7752,NA,NA,NA,NA,NA,NA,NA,NA,NA,NA,NA,NA
487.852,1.9793,18.2084,1.1585,22.2108,NA,NA,NA,NA,NA,NA,NA,NA,NA,NA,NA,NA
487.951,2.0157,20.3825,1.1685,23.2655,NA,NA,NA,NA,NA,NA,NA,NA,NA,NA,NA,NA
488.040,2.0303,21.2558,1.1770,24.1587,NA,NA,NA,NA,NA,NA,NA,NA,NA,NA,NA,NA
488.173,2.0536,22.6453,1.1855,25.0521,NA,NA,NA,NA,NA,NA,NA,NA,NA,NA,NA,NA
488.238,2.0628,23.1963,1.1937,25.9182,NA,NA,NA,NA,NA,NA,NA,NA,NA,NA,NA,NA
488.333,2.0686,23.5419,1.2044,27.0466,NA,NA,NA,NA,NA,NA,NA,NA,NA,NA,NA,NA
488.437,2.0846,24.4991,1.2117,27.8169,NA,NA,NA,NA,NA,NA,NA,NA,NA,NA,NA,NA
488.533,2.0928,24.9878,1.2181,28.4928,NA,NA,NA,NA,NA,NA,NA,NA,NA,NA,NA,NA
488.628,2.1052,25.7245,1.2223,28.9366,NA,NA,NA,NA,NA,NA,NA,NA,NA,NA,NA,NA
488.766,2.1052,25.7245,1.2255,29.2773,NA,NA,NA,NA,NA,NA,NA,NA,NA,NA,NA,NA
488.827,2.1098,26.0008,1.2272,29.4608,NA,NA,NA,NA,NA,NA,NA,NA,NA,NA,NA,NA
488.924,2.1098,26.0008,1.2283,29.5750,NA,NA,NA,NA,NA,NA,NA,NA,NA,NA,NA,NA
489.033,2.1021,25.5399,1.2283,29.5750,NA,NA,NA,NA,NA,NA,NA,NA,NA,NA,NA,NA
489.122,2.0889,24.7561,1.2276,29.5016,NA,NA,NA,NA,NA,NA,NA,NA,NA,NA,NA,NA
489.214,2.0813,24.3018,1.2248,29.2044,NA,NA,NA,NA,NA,NA,NA,NA,NA,NA,NA,NA
489.372,2.0721,23.7513,1.2218,28.8819,NA,NA,NA,NA,NA,NA,NA,NA,NA,NA,NA,NA
489.419,2.0651,23.3317,1.2132,27.9753,NA,NA,NA,NA,NA,NA,NA,NA,NA,NA,NA,NA
489.515,2.0468,22.2413,1.2085,27.4858,NA,NA,NA,NA,NA,NA,NA,NA,NA,NA,NA,NA
489.609,2.0353,21.5520,1.2042,27.0329,NA,NA,NA,NA,NA,NA,NA,NA,NA,NA,NA,NA
489.705,2.0203,20.6549,1.2018,26.7776,NA,NA,NA,NA,NA,NA,NA,NA,NA,NA,NA,NA
489.803,2.0172,20.4716,1.1972,26.2882,NA,NA,NA,NA,NA,NA,NA,NA,NA,NA,NA,NA
489.922,2.0010,19.5040,1.1942,25.9733,NA,NA,NA,NA,NA,NA,NA,NA,NA,NA,NA,NA
490.009,1.9954,19.1674,1.1907,25.6044,NA,NA,NA,NA,NA,NA,NA,NA,NA,NA,NA,NA
490.096,1.9873,18.6831,1.1892,25.4477,NA,NA,NA,NA,NA,NA,NA,NA,NA,NA,NA,NA
490.201,1.9873,18.6831,1.1866,25.1711,NA,NA,NA,NA,NA,NA,NA,NA,NA,NA,NA,NA
490.294,1.9781,18.1338,1.1846,24.9579,NA,NA,NA,NA,NA,NA,NA,NA,NA,NA,NA,NA
490.391,1.9757,17.9916,1.1830,24.7948,NA,NA,NA,NA,NA,NA,NA,NA,NA,NA,NA,NA
490.497,1.9716,17.7473,1.1822,24.7120,NA,NA,NA,NA,NA,NA,NA,NA,NA,NA,NA,NA
490.587,1.9701,17.6587,1.1805,24.5289,NA,NA,NA,NA,NA,NA,NA,NA,NA,NA,NA,NA
490.689,1.9701,17.6587,1.1792,24.3957,NA,NA,NA,NA,NA,NA,NA,NA,NA,NA,NA,NA
490.781,1.9679,17.5293,1.1789,24.3612,NA,NA,NA,NA,NA,NA,NA,NA,NA,NA,NA,NA
490.884,1.9679,17.5293,1.1773,24.1958,NA,NA,NA,NA,NA,NA,NA,NA,NA,NA,NA,NA
490.980,1.9668,17.4613,1.1764,24.0978,NA,NA,NA,NA,NA,NA,NA,NA,NA,NA,NA,NA
491.136,1.9668,17.4613,1.1760,24.0593,NA,NA,NA,NA,NA,NA,NA,NA,NA,NA,NA,NA
491.171,1.9662,17.4241,1.1753,23.9815,NA,NA,NA,NA,NA,NA,NA,NA,NA,NA,NA,NA
491.285,1.9595,17.0266,1.1746,23.9035,NA,NA,NA,NA,NA,NA,NA,NA,NA,NA,NA,NA
491.375,1.9560,16.8157,1.1745,23.8997,NA,NA,NA,NA,NA,NA,NA,NA,NA,NA,NA,NA
491.472,1.9599,17.0470,1.1736,23.7965,NA,NA,NA,NA,NA,NA,NA,NA,NA,NA,NA,NA
491.578,1.9599,17.0470,1.1732,23.7584,NA,NA,NA,NA,NA,NA,NA,NA,NA,NA,NA,NA
491.713,1.9581,16.9403,1.1728,23.7145,NA,NA,NA,NA,NA,NA,NA,NA,NA,NA,NA,NA
491.772,1.9581,16.9403,1.1723,23.6682,NA,NA,NA,NA,NA,NA,NA,NA,NA,NA,NA,NA
491.864,1.9503,16.4771,1.1710,23.5227,NA,NA,NA,NA,NA,NA,NA,NA,NA,NA,NA,NA
491.959,1.9465,16.2470,1.1708,23.5104,NA,NA,NA,NA,NA,NA,NA,NA,NA,NA,NA,NA
492.062,1.9455,16.1896,1.1696,23.3837,NA,NA,NA,NA,NA,NA,NA,NA,NA,NA,NA,NA
492.160,1.9469,16.2726,1.1676,23.1648,NA,NA,NA,NA,NA,NA,NA,NA,NA,NA,NA,NA
492.308,1.9469,16.2726,1.1676,23.1648,NA,NA,NA,NA,NA,NA,NA,NA,NA,NA,NA,NA
492.351,1.9451,16.1663,1.1674,23.1464,NA,NA,NA,NA,NA,NA,NA,NA,NA,NA,NA,NA
492.449,1.9443,16.1190,1.1663,23.0337,NA,NA,NA,NA,NA,NA,NA,NA,NA,NA,NA,NA
492.554,1.9446,16.1346,1.1663,23.0356,NA,NA,NA,NA,NA,NA,NA,NA,NA,NA,NA,NA
492.646,1.9446,16.1346,1.1663,23.0356,NA,NA,NA,NA,NA,NA,NA,NA,NA,NA,NA,NA
492.741,1.9424,16.0053,1.1656,22.9551,NA,NA,NA,NA,NA,NA,NA,NA,NA,NA,NA,NA
492.838,1.9418,15.9704,1.1647,22.8631,NA,NA,NA,NA,NA,NA,NA,NA,NA,NA,NA,NA
492.945,1.9395,15.8294,1.1634,22.7253,NA,NA,NA,NA,NA,NA,NA,NA,NA,NA,NA,NA
493.039,1.9380,15.7391,1.1634,22.7253,NA,NA,NA,NA,NA,NA,NA,NA,NA,NA,NA,NA
493.133,1.9375,15.7117,1.1619,22.5671,NA,NA,NA,NA,NA,NA,NA,NA,NA,NA,NA,NA
493.238,1.9360,15.6198,1.1609,22.4658,NA,NA,NA,NA,NA,NA,NA,NA,NA,NA,NA,NA
493.342,1.9360,15.6198,1.1614,22.5119,NA,NA,NA,NA,NA,NA,NA,NA,NA,NA,NA,NA
493.424,1.9308,15.3112,1.1618,22.5520,NA,NA,NA,NA,NA,NA,NA,NA,NA,NA,NA,NA
493.548,1.9308,15.3112,1.1618,22.5520,NA,NA,NA,NA,NA,NA,NA,NA,NA,NA,NA,NA
493.627,1.9285,15.1767,1.1607,22.4424,NA,NA,NA,NA,NA,NA,NA,NA,NA,NA,NA,NA
493.727,1.9273,15.1000,1.1601,22.3741,NA,NA,NA,NA,NA,NA,NA,NA,NA,NA,NA,NA
493.819,1.9273,15.1000,1.1598,22.3461,NA,NA,NA,NA,NA,NA,NA,NA,NA,NA,NA,NA
493.923,1.9283,15.1639,1.1598,22.3461,NA,NA,NA,NA,NA,NA,NA,NA,NA,NA,NA,NA
494.019,1.9283,15.1639,1.1587,22.2319,NA,NA,NA,NA,NA,NA,NA,NA,NA,NA,NA,NA
494.133,1.9257,15.0054,1.1585,22.2075,NA,NA,NA,NA,NA,NA,NA,NA,NA,NA,NA,NA
494.212,1.9225,14.8151,1.1581,22.1626,NA,NA,NA,NA,NA,NA,NA,NA,NA,NA,NA,NA
494.306,1.9218,14.7721,1.1571,22.0581,NA,NA,NA,NA,NA,NA,NA,NA,NA,NA,NA,NA
494.407,1.9222,14.7951,1.1564,21.9871,NA,NA,NA,NA,NA,NA,NA,NA,NA,NA,NA,NA
494.508,1.9222,14.7951,1.1562,21.9689,NA,NA,NA,NA,NA,NA,NA,NA,NA,NA,NA,NA
494.600,1.9255,14.9954,1.1551,21.8499,NA,NA,NA,NA,NA,NA,NA,NA,NA,NA,NA,NA
494.717,1.9255,14.9954,1.1545,21.7824,NA,NA,NA,NA,NA,NA,NA,NA,NA,NA,NA,NA
494.802,1.9235,14.8757,1.1539,21.7219,NA,NA,NA,NA,NA,NA,NA,NA,NA,NA,NA,NA
494.898,1.9235,14.8757,1.1535,21.6792,NA,NA,NA,NA,NA,NA,NA,NA,NA,NA,NA,NA
494.993,1.9094,14.0351,1.1531,21.6428,NA,NA,NA,NA,NA,NA,NA,NA,NA,NA,NA,NA
495.090,1.9072,13.8996,1.1531,21.6428,NA,NA,NA,NA,NA,NA,NA,NA,NA,NA,NA,NA
495.205,1.9098,14.0605,1.1522,21.5408,NA,NA,NA,NA,NA,NA,NA,NA,NA,NA,NA,NA
495.287,1.9114,14.1557,1.1511,21.4253,NA,NA,NA,NA,NA,NA,NA,NA,NA,NA,NA,NA
495.388,1.9121,14.1977,1.1511,21.4244,NA,NA,NA,NA,NA,NA,NA,NA,NA,NA,NA,NA
495.490,1.9127,14.2310,1.1506,21.3747,NA,NA,NA,NA,NA,NA,NA,NA,NA,NA,NA,NA
495.583,1.9127,14.2310,1.1497,21.2778,NA,NA,NA,NA,NA,NA,NA,NA,NA,NA,NA,NA
495.678,1.9101,14.0760,1.1487,21.1782,NA,NA,NA,NA,NA,NA,NA,NA,NA,NA,NA,NA
495.791,1.9077,13.9307,1.1492,21.2262,NA,NA,NA,NA,NA,NA,NA,NA,NA,NA,NA,NA
495.877,1.9053,13.7910,1.1492,21.2262,NA,NA,NA,NA,NA,NA,NA,NA,NA,NA,NA,NA
495.971,1.9062,13.8401,1.1486,21.1611,NA,NA,NA,NA,NA,NA,NA,NA,NA,NA,NA,NA
496.078,1.9062,13.8401,1.1474,21.0386,NA,NA,NA,NA,NA,NA,NA,NA,NA,NA,NA,NA
496.173,1.9037,13.6919,1.1472,21.0142,NA,NA,NA,NA,NA,NA,NA,NA,NA,NA,NA,NA
496.269,1.9021,13.5950,1.1469,20.9853,NA,NA,NA,NA,NA,NA,NA,NA,NA,NA,NA,NA
496.363,1.9020,13.5939,1.1466,20.9560,NA,NA,NA,NA,NA,NA,NA,NA,NA,NA,NA,NA
496.482,1.9020,13.5939,1.1464,20.9342,NA,NA,NA,NA,NA,NA,NA,NA,NA,NA,NA,NA
496.567,1.8963,13.2525,1.1464,20.9342,NA,NA,NA,NA,NA,NA,NA,NA,NA,NA,NA,NA
496.662,1.8989,13.4072,1.1459,20.8841,NA,NA,NA,NA,NA,NA,NA,NA,NA,NA,NA,NA
496.755,1.8989,13.4072,1.1417,20.4337,NA,NA,NA,NA,NA,NA,NA,NA,NA,NA,NA,NA
496.853,1.8978,13.3385,1.1417,20.4337,NA,NA,NA,NA,NA,NA,NA,NA,NA,NA,NA,NA
496.960,1.8965,13.2651,1.1406,20.3211,NA,NA,NA,NA,NA,NA,NA,NA,NA,NA,NA,NA
497.125,1.8940,13.1117,1.1399,20.2416,NA,NA,NA,NA,NA,NA,NA,NA,NA,NA,NA,NA
497.156,1.8940,13.1117,1.1389,20.1377,NA,NA,NA,NA,NA,NA,NA,NA,NA,NA,NA,NA
497.244,1.8968,13.2794,1.1386,20.1060,NA,NA,NA,NA,NA,NA,NA,NA,NA,NA,NA,NA
497.347,1.8968,13.2794,1.1386,20.1056,NA,NA,NA,NA,NA,NA,NA,NA,NA,NA,NA,NA
497.442,1.8922,13.0052,1.1384,20.0835,NA,NA,NA,NA,NA,NA,NA,NA,NA,NA,NA,NA
497.542,1.8922,13.0052,1.1384,20.0835,NA,NA,NA,NA,NA,NA,NA,NA,NA,NA,NA,NA
497.679,1.8952,13.1834,1.1360,19.8352,NA,NA,NA,NA,NA,NA,NA,NA,NA,NA,NA,NA
497.735,1.8952,13.1834,1.1360,19.8352,NA,NA,NA,NA,NA,NA,NA,NA,NA,NA,NA,NA
497.842,1.8865,12.6678,1.1356,19.7958,NA,NA,NA,NA,NA,NA,NA,NA,NA,NA,NA,NA
497.941,1.8862,12.6469,1.1356,19.7958,NA,NA,NA,NA,NA,NA,NA,NA,NA,NA,NA,NA
498.029,1.8862,12.6469,1.1354,19.7696,NA,NA,NA,NA,NA,NA,NA,NA,NA,NA,NA,NA
498.140,1.8819,12.3924,1.1354,19.7696,NA,NA,NA,NA,NA,NA,NA,NA,NA,NA,NA,NA
498.219,1.8819,12.3924,1.1351,19.7428,NA,NA,NA,NA,NA,NA,NA,NA,NA,NA,NA,NA
498.320,1.8777,12.1408,1.1351,19.7428,NA,NA,NA,NA,NA,NA,NA,NA,NA,NA,NA,NA
498.417,1.8779,12.1525,1.1338,19.6021,NA,NA,NA,NA,NA,NA,NA,NA,NA,NA,NA,NA
498.515,1.8779,12.1525,1.1334,19.5612,NA,NA,NA,NA,NA,NA,NA,NA,NA,NA,NA,NA
498.613,1.8773,12.1179,1.1330,19.5229,NA,NA,NA,NA,NA,NA,NA,NA,NA,NA,NA,NA
498.720,1.8765,12.0660,1.1325,19.4703,NA,NA,NA,NA,NA,NA,NA,NA,NA,NA,NA,NA
498.824,1.8801,12.2820,1.1323,19.4434,NA,NA,NA,NA,NA,NA,NA,NA,NA,NA,NA,NA
498.923,1.8801,12.2820,1.1317,19.3813,NA,NA,NA,NA,NA,NA,NA,NA,NA,NA,NA,NA
499.007,1.8786,12.1946,1.1316,19.3726,NA,NA,NA,NA,NA,NA,NA,NA,NA,NA,NA,NA
499.116,1.8782,12.1698,1.1301,19.2098,NA,NA,NA,NA,NA,NA,NA,NA,NA,NA,NA,NA
499.213,1.8737,11.8995,1.1293,19.1250,NA,NA,NA,NA,NA,NA,NA,NA,NA,NA,NA,NA
499.305,1.8736,11.8946,1.1290,19.0942,NA,NA,NA,NA,NA,NA,NA,NA,NA,NA,NA,NA
499.398,1.8718,11.7899,1.1296,19.1574,NA,NA,NA,NA,NA,NA,NA,NA,NA,NA,NA,NA
499.524,1.8718,11.7899,1.1296,19.1574,NA,NA,NA,NA,NA,NA,NA,NA,NA,NA,NA,NA
499.599,1.8718,11.7866,1.1290,19.0971,NA,NA,NA,NA,NA,NA,NA,NA,NA,NA,NA,NA
499.693,1.8721,11.8057,1.1287,19.0704,NA,NA,NA,NA,NA,NA,NA,NA,NA,NA,NA,NA
499.789,1.8721,11.8057,1.1279,18.9848,NA,NA,NA,NA,NA,NA,NA,NA,NA,NA,NA,NA
499.889,1.8708,11.7304,1.1279,18.9848,NA,NA,NA,NA,NA,NA,NA,NA,NA,NA,NA,NA
499.987,1.8708,11.7304,1.1260,18.7819,NA,NA,NA,NA,NA,NA,NA,NA,NA,NA,NA,NA
500.109,1.8694,11.6440,1.1248,18.6549,NA,NA,NA,NA,NA,NA,NA,NA,NA,NA,NA,NA
500.183,1.8676,11.5361,1.1244,18.6138,NA,NA,NA,NA,NA,NA,NA,NA,NA,NA,NA,NA
500.287,1.8657,11.4245,1.1242,18.5897,NA,NA,NA,NA,NA,NA,NA,NA,NA,NA,NA,NA
500.392,1.8666,11.4762,1.1238,18.5512,NA,NA,NA,NA,NA,NA,NA,NA,NA,NA,NA,NA
500.488,1.8666,11.4762,1.1237,18.5381,NA,NA,NA,NA,NA,NA,NA,NA,NA,NA,NA,NA
500.578,1.8720,11.7997,1.1225,18.4138,NA,NA,NA,NA,NA,NA,NA,NA,NA,NA,NA,NA
500.671,1.8720,11.7997,1.1225,18.4105,NA,NA,NA,NA,NA,NA,NA,NA,NA,NA,NA,NA
500.781,1.8691,11.6292,1.1224,18.4054,NA,NA,NA,NA,NA,NA,NA,NA,NA,NA,NA,NA
500.875,1.8599,11.0779,1.1219,18.3474,NA,NA,NA,NA,NA,NA,NA,NA,NA,NA,NA,NA
500.964,1.8594,11.0467,1.1219,18.3474,NA,NA,NA,NA,NA,NA,NA,NA,NA,NA,NA,NA
501.069,1.8605,11.1106,1.1215,18.3106,NA,NA,NA,NA,NA,NA,NA,NA,NA,NA,NA,NA
501.168,1.8605,11.1106,1.1210,18.2491,NA,NA,NA,NA,NA,NA,NA,NA,NA,NA,NA,NA
501.259,1.8626,11.2373,1.1208,18.2318,NA,NA,NA,NA,NA,NA,NA,NA,NA,NA,NA,NA
501.364,1.8626,11.2373,1.1208,18.2318,NA,NA,NA,NA,NA,NA,NA,NA,NA,NA,NA,NA
501.459,1.8631,11.2682,1.1204,18.1938,NA,NA,NA,NA,NA,NA,NA,NA,NA,NA,NA,NA
501.561,1.8631,11.2682,1.1185,17.9922,NA,NA,NA,NA,NA,NA,NA,NA,NA,NA,NA,NA
501.648,1.8627,11.2466,1.1185,17.9922,NA,NA,NA,NA,NA,NA,NA,NA,NA,NA,NA,NA
501.759,1.8627,11.2466,1.1168,17.8099,NA,NA,NA,NA,NA,NA,NA,NA,NA,NA,NA,NA
501.888,1.8614,11.1682,1.1166,17.7869,NA,NA,NA,NA,NA,NA,NA,NA,NA,NA,NA,NA
501.945,1.8614,11.1682,1.1162,17.7474,NA,NA,NA,NA,NA,NA,NA,NA,NA,NA,NA,NA
502.042,1.8563,10.8648,1.1161,17.7340,NA,NA,NA,NA,NA,NA,NA,NA,NA,NA,NA,NA
502.146,1.8548,10.7698,1.1153,17.6470,NA,NA,NA,NA,NA,NA,NA,NA,NA,NA,NA,NA
502.235,1.8510,10.5432,1.1156,17.6800,NA,NA,NA,NA,NA,NA,NA,NA,NA,NA,NA,NA
502.333,1.8510,10.5432,1.1156,17.6800,NA,NA,NA,NA,NA,NA,NA,NA,NA,NA,NA,NA
502.462,1.8513,10.5630,1.1155,17.6695,NA,NA,NA,NA,NA,NA,NA,NA,NA,NA,NA,NA
502.529,1.8522,10.6159,1.1155,17.6695,NA,NA,NA,NA,NA,NA,NA,NA,NA,NA,NA,NA
502.629,1.8522,10.6159,1.1144,17.5565,NA,NA,NA,NA,NA,NA,NA,NA,NA,NA,NA,NA
502.733,1.8523,10.6208,1.1135,17.4583,NA,NA,NA,NA,NA,NA,NA,NA,NA,NA,NA,NA
502.831,1.8523,10.6208,1.1127,17.3798,NA,NA,NA,NA,NA,NA,NA,NA,NA,NA,NA,NA
502.920,1.8471,10.3136,1.1123,17.3362,NA,NA,NA,NA,NA,NA,NA,NA,NA,NA,NA,NA
503.030,1.8486,10.4044,1.1123,17.3352,NA,NA,NA,NA,NA,NA,NA,NA,NA,NA,NA,NA
503.169,1.8486,10.4044,1.1113,17.2331,NA,NA,NA,NA,NA,NA,NA,NA,NA,NA,NA,NA
503.218,1.8474,10.3302,1.1109,17.1870,NA,NA,NA,NA,NA,NA,NA,NA,NA,NA,NA,NA
503.314,1.8474,10.3302,1.1106,17.1586,NA,NA,NA,NA,NA,NA,NA,NA,NA,NA,NA,NA
503.412,1.8466,10.2805,1.1104,17.1310,NA,NA,NA,NA,NA,NA,NA,NA,NA,NA,NA,NA
503.515,1.8466,10.2805,1.1102,17.1146,NA,NA,NA,NA,NA,NA,NA,NA,NA,NA,NA,NA
503.609,1.8449,10.1819,1.1099,17.0838,NA,NA,NA,NA,NA,NA,NA,NA,NA,NA,NA,NA
503.760,1.8415,9.9755,1.1087,16.9599,NA,NA,NA,NA,NA,NA,NA,NA,NA,NA,NA,NA
503.813,1.8409,9.9425,1.1086,16.9470,NA,NA,NA,NA,NA,NA,NA,NA,NA,NA,NA,NA
503.902,1.8414,9.9749,1.1083,16.9170,NA,NA,NA,NA,NA,NA,NA,NA,NA,NA,NA,NA
504.000,1.8414,9.9749,1.1078,16.8655,NA,NA,NA,NA,NA,NA,NA,NA,NA,NA,NA,NA
504.097,1.8376,9.7433,1.1074,16.8181,NA,NA,NA,NA,NA,NA,NA,NA,NA,NA,NA,NA
504.196,1.8376,9.7433,1.1069,16.7616,NA,NA,NA,NA,NA,NA,NA,NA,NA,NA,NA,NA
504.287,1.8366,9.6834,1.1064,16.7115,NA,NA,NA,NA,NA,NA,NA,NA,NA,NA,NA,NA
504.390,1.8351,9.5933,1.1057,16.6425,NA,NA,NA,NA,NA,NA,NA,NA,NA,NA,NA,NA
504.494,1.8312,9.3634,1.1053,16.5967,NA,NA,NA,NA,NA,NA,NA,NA,NA,NA,NA,NA
504.591,1.8312,9.3634,1.1050,16.5655,NA,NA,NA,NA,NA,NA,NA,NA,NA,NA,NA,NA
504.686,1.8301,9.2946,1.1050,16.5676,NA,NA,NA,NA,NA,NA,NA,NA,NA,NA,NA,NA
504.782,1.8372,9.7197,1.1050,16.5676,NA,NA,NA,NA,NA,NA,NA,NA,NA,NA,NA,NA
504.919,1.8372,9.7197,1.1041,16.4727,NA,NA,NA,NA,NA,NA,NA,NA,NA,NA,NA,NA
504.983,1.8383,9.7890,1.1024,16.2947,NA,NA,NA,NA,NA,NA,NA,NA,NA,NA,NA,NA
505.077,1.8383,9.7890,1.1024,16.2947,NA,NA,NA,NA,NA,NA,NA,NA,NA,NA,NA,NA
505.174,1.8333,9.4886,1.1012,16.1589,NA,NA,NA,NA,NA,NA,NA,NA,NA,NA,NA,NA
505.283,1.8316,9.3899,1.1011,16.1561,NA,NA,NA,NA,NA,NA,NA,NA,NA,NA,NA,NA
505.371,1.8283,9.1905,1.1015,16.2002,NA,NA,NA,NA,NA,NA,NA,NA,NA,NA,NA,NA
505.506,1.8252,9.0079,1.1016,16.2065,NA,NA,NA,NA,NA,NA,NA,NA,NA,NA,NA,NA
505.569,1.8252,9.0079,1.1017,16.2126,NA,NA,NA,NA,NA,NA,NA,NA,NA,NA,NA,NA
505.666,1.8270,9.1143,1.1017,16.2126,NA,NA,NA,NA,NA,NA,NA,NA,NA,NA,NA,NA
505.761,1.8270,9.1143,1.1011,16.1531,NA,NA,NA,NA,NA,NA,NA,NA,NA,NA,NA,NA
505.858,1.8265,9.0820,1.1009,16.1306,NA,NA,NA,NA,NA,NA,NA,NA,NA,NA,NA,NA
505.966,1.8265,9.0820,1.1004,16.0793,NA,NA,NA,NA,NA,NA,NA,NA,NA,NA,NA,NA
506.062,1.8260,9.0510,1.1002,16.0539,NA,NA,NA,NA,NA,NA,NA,NA,NA,NA,NA,NA
506.157,1.8251,8.9977,1.0993,15.9671,NA,NA,NA,NA,NA,NA,NA,NA,NA,NA,NA,NA
506.252,1.8237,8.9127,1.0987,15.9004,NA,NA,NA,NA,NA,NA,NA,NA,NA,NA,NA,NA
506.350,1.8256,9.0318,1.0985,15.8775,NA,NA,NA,NA,NA,NA,NA,NA,NA,NA,NA,NA
506.452,1.8256,9.0318,1.0985,15.8808,NA,NA,NA,NA,NA,NA,NA,NA,NA,NA,NA,NA
506.547,1.8220,8.8167,1.0985,15.8808,NA,NA,NA,NA,NA,NA,NA,NA,NA,NA,NA,NA
506.648,1.8220,8.8167,1.0973,15.7530,NA,NA,NA,NA,NA,NA,NA,NA,NA,NA,NA,NA
506.774,1.8215,8.7815,1.0972,15.7440,NA,NA,NA,NA,NA,NA,NA,NA,NA,NA,NA,NA
506.838,1.8205,8.7263,1.0960,15.6129,NA,NA,NA,NA,NA,NA,NA,NA,NA,NA,NA,NA
506.934,1.8211,8.7616,1.0952,15.5346,NA,NA,NA,NA,NA,NA,NA,NA,NA,NA,NA,NA
507.035,1.8211,8.7616,1.0950,15.5062,NA,NA,NA,NA,NA,NA,NA,NA,NA,NA,NA,NA
507.131,1.8209,8.7510,1.0947,15.4818,NA,NA,NA,NA,NA,NA,NA,NA,NA,NA,NA,NA
507.258,1.8209,8.7510,1.0953,15.5413,NA,NA,NA,NA,NA,NA,NA,NA,NA,NA,NA,NA
507.329,1.8187,8.6152,1.0953,15.5413,NA,NA,NA,NA,NA,NA,NA,NA,NA,NA,NA,NA
507.426,1.8173,8.5348,1.0952,15.5342,NA,NA,NA,NA,NA,NA,NA,NA,NA,NA,NA,NA
507.531,1.8169,8.5122,1.0936,15.3676,NA,NA,NA,NA,NA,NA,NA,NA,NA,NA,NA,NA
507.625,1.8159,8.4471,1.0942,15.4265,NA,NA,NA,NA,NA,NA,NA,NA,NA,NA,NA,NA
507.718,1.8159,8.4471,1.0942,15.4265,NA,NA,NA,NA,NA,NA,NA,NA,NA,NA,NA,NA
507.820,1.8205,8.7271,1.0936,15.3601,NA,NA,NA,NA,NA,NA,NA,NA,NA,NA,NA,NA
507.953,1.8205,8.7271,1.0934,15.3374,NA,NA,NA,NA,NA,NA,NA,NA,NA,NA,NA,NA
508.012,1.8158,8.4465,1.0933,15.3360,NA,NA,NA,NA,NA,NA,NA,NA,NA,NA,NA,NA
508.113,1.8145,8.3654,1.0932,15.3158,NA,NA,NA,NA,NA,NA,NA,NA,NA,NA,NA,NA
508.214,1.8136,8.3100,1.0926,15.2589,NA,NA,NA,NA,NA,NA,NA,NA,NA,NA,NA,NA
508.311,1.8134,8.2989,1.0926,15.2589,NA,NA,NA,NA,NA,NA,NA,NA,NA,NA,NA,NA
508.402,1.8128,8.2656,1.0901,14.9931,NA,NA,NA,NA,NA,NA,NA,NA,NA,NA,NA,NA
508.543,1.8122,8.2282,1.0892,14.8968,NA,NA,NA,NA,NA,NA,NA,NA,NA,NA,NA,NA
508.602,1.8122,8.2282,1.0894,14.9225,NA,NA,NA,NA,NA,NA,NA,NA,NA,NA,NA,NA
508.697,1.8098,8.0860,1.0894,14.9225,NA,NA,NA,NA,NA,NA,NA,NA,NA,NA,NA,NA
508.800,1.8092,8.0470,1.0900,14.9801,NA,NA,NA,NA,NA,NA,NA,NA,NA,NA,NA,NA
508.894,1.8084,8.0010,1.0900,14.9801,NA,NA,NA,NA,NA,NA,NA,NA,NA,NA,NA,NA
508.994,1.8084,8.0010,1.0880,14.7678,NA,NA,NA,NA,NA,NA,NA,NA,NA,NA,NA,NA
509.100,1.8074,7.9399,1.0880,14.7678,NA,NA,NA,NA,NA,NA,NA,NA,NA,NA,NA,NA
509.195,1.8086,8.0161,1.0878,14.7498,NA,NA,NA,NA,NA,NA,NA,NA,NA,NA,NA,NA
509.286,1.8086,8.0161,1.0877,14.7434,NA,NA,NA,NA,NA,NA,NA,NA,NA,NA,NA,NA
509.384,1.8077,7.9585,1.0877,14.7434,NA,NA,NA,NA,NA,NA,NA,NA,NA,NA,NA,NA
509.482,1.8077,7.9585,1.0874,14.7089,NA,NA,NA,NA,NA,NA,NA,NA,NA,NA,NA,NA
509.587,1.8036,7.7177,1.0873,14.6953,NA,NA,NA,NA,NA,NA,NA,NA,NA,NA,NA,NA
509.675,1.8071,7.9238,1.0872,14.6890,NA,NA,NA,NA,NA,NA,NA,NA,NA,NA,NA,NA
509.782,1.8071,7.9238,1.0871,14.6799,NA,NA,NA,NA,NA,NA,NA,NA,NA,NA,NA,NA
509.877,1.8091,8.0427,1.0871,14.6799,NA,NA,NA,NA,NA,NA,NA,NA,NA,NA,NA,NA
509.967,1.8091,8.0427,1.0862,14.5849,NA,NA,NA,NA,NA,NA,NA,NA,NA,NA,NA,NA
510.072,1.8067,7.9013,1.0843,14.3782,NA,NA,NA,NA,NA,NA,NA,NA,NA,NA,NA,NA
510.170,1.8067,7.9013,1.0852,14.4733,NA,NA,NA,NA,NA,NA,NA,NA,NA,NA,NA,NA
510.276,1.8049,7.7911,1.0852,14.4733,NA,NA,NA,NA,NA,NA,NA,NA,NA,NA,NA,NA
510.365,1.8020,7.6178,1.0850,14.4547,NA,NA,NA,NA,NA,NA,NA,NA,NA,NA,NA,NA
510.462,1.8006,7.5338,1.0850,14.4547,NA,NA,NA,NA,NA,NA,NA,NA,NA,NA,NA,NA
510.571,1.8005,7.5270,1.0845,14.4060,NA,NA,NA,NA,NA,NA,NA,NA,NA,NA,NA,NA
510.657,1.8005,7.5270,1.0837,14.3171,NA,NA,NA,NA,NA,NA,NA,NA,NA,NA,NA,NA
510.756,1.7988,7.4282,1.0833,14.2718,NA,NA,NA,NA,NA,NA,NA,NA,NA,NA,NA,NA
510.855,1.7988,7.4282,1.0840,14.3483,NA,NA,NA,NA,NA,NA,NA,NA,NA,NA,NA,NA
510.965,1.7967,7.3013,1.0840,14.3483,NA,NA,NA,NA,NA,NA,NA,NA,NA,NA,NA,NA
511.055,1.7967,7.3013,1.0839,14.3431,NA,NA,NA,NA,NA,NA,NA,NA,NA,NA,NA,NA
511.147,1.7943,7.1619,1.0825,14.1870,NA,NA,NA,NA,NA,NA,NA,NA,NA,NA,NA,NA
511.247,1.7941,7.1453,1.0824,14.1790,NA,NA,NA,NA,NA,NA,NA,NA,NA,NA,NA,NA
511.348,1.7912,6.9741,1.0820,14.1355,NA,NA,NA,NA,NA,NA,NA,NA,NA,NA,NA,NA
511.439,1.7916,7.0000,1.0820,14.1355,NA,NA,NA,NA,NA,NA,NA,NA,NA,NA,NA,NA
511.578,1.7916,7.0000,1.0813,14.0667,NA,NA,NA,NA,NA,NA,NA,NA,NA,NA,NA,NA
511.642,1.7928,7.0715,1.0813,14.0667,NA,NA,NA,NA,NA,NA,NA,NA,NA,NA,NA,NA
511.742,1.7928,7.0715,1.0815,14.0852,NA,NA,NA,NA,NA,NA,NA,NA,NA,NA,NA,NA
511.842,1.7919,7.0176,1.0815,14.0852,NA,NA,NA,NA,NA,NA,NA,NA,NA,NA,NA,NA
511.931,1.7919,7.0176,1.0810,14.0281,NA,NA,NA,NA,NA,NA,NA,NA,NA,NA,NA,NA
512.084,1.7910,6.9602,1.0801,13.9421,NA,NA,NA,NA,NA,NA,NA,NA,NA,NA,NA,NA
512.124,1.7895,6.8703,1.0799,13.9223,NA,NA,NA,NA,NA,NA,NA,NA,NA,NA,NA,NA
512.226,1.7901,6.9111,1.0786,13.7772,NA,NA,NA,NA,NA,NA,NA,NA,NA,NA,NA,NA
512.326,1.7911,6.9655,1.0783,13.7438,NA,NA,NA,NA,NA,NA,NA,NA,NA,NA,NA,NA
512.430,1.7911,6.9655,1.0773,13.6401,NA,NA,NA,NA,NA,NA,NA,NA,NA,NA,NA,NA
512.519,1.7871,6.7277,1.0787,13.7882,NA,NA,NA,NA,NA,NA,NA,NA,NA,NA,NA,NA
512.675,1.7862,6.6760,1.0788,13.7992,NA,NA,NA,NA,NA,NA,NA,NA,NA,NA,NA,NA
512.712,1.7845,6.5764,1.0793,13.8492,NA,NA,NA,NA,NA,NA,NA,NA,NA,NA,NA,NA
512.809,1.8166,8.4905,1.0846,14.4085,NA,NA,NA,NA,NA,NA,NA,NA,NA,NA,NA,NA
512.908,1.8436,10.1066,1.0950,15.5101,NA,NA,NA,NA,NA,NA,NA,NA,NA,NA,NA,NA
513.009,1.8702,11.6912,1.1027,16.3241,NA,NA,NA,NA,NA,NA,NA,NA,NA,NA,NA,NA
513.122,1.8838,12.5064,1.1114,17.2416,NA,NA,NA,NA,NA,NA,NA,NA,NA,NA,NA,NA
513.205,1.9057,13.8118,1.1190,18.0424,NA,NA,NA,NA,NA,NA,NA,NA,NA,NA,NA,NA
513.305,1.9117,14.1736,1.1227,18.4305,NA,NA,NA,NA,NA,NA,NA,NA,NA,NA,NA,NA
513.398,1.9127,14.2285,1.1243,18.6061,NA,NA,NA,NA,NA,NA,NA,NA,NA,NA,NA,NA
513.499,1.9147,14.3523,1.1243,18.6061,NA,NA,NA,NA,NA,NA,NA,NA,NA,NA,NA,NA
513.599,1.9147,14.3523,1.1241,18.5808,NA,NA,NA,NA,NA,NA,NA,NA,NA,NA,NA,NA
513.704,1.9088,13.9948,1.1238,18.5442,NA,NA,NA,NA,NA,NA,NA,NA,NA,NA,NA,NA
513.794,1.9071,13.8974,1.1237,18.5364,NA,NA,NA,NA,NA,NA,NA,NA,NA,NA,NA,NA
513.891,1.9038,13.7003,1.1237,18.5364,NA,NA,NA,NA,NA,NA,NA,NA,NA,NA,NA,NA
513.982,1.9024,13.6154,1.1210,18.2486,NA,NA,NA,NA,NA,NA,NA,NA,NA,NA,NA,NA
514.085,1.8969,13.2890,1.1195,18.0951,NA,NA,NA,NA,NA,NA,NA,NA,NA,NA,NA,NA
514.186,1.8928,13.0403,1.1170,17.8314,NA,NA,NA,NA,NA,NA,NA,NA,NA,NA,NA,NA
514.276,1.8880,12.7533,1.1155,17.6748,NA,NA,NA,NA,NA,NA,NA,NA,NA,NA,NA,NA
514.400,1.8856,12.6115,1.1116,17.2592,NA,NA,NA,NA,NA,NA,NA,NA,NA,NA,NA,NA
514.488,1.8798,12.2685,1.1098,17.0678,NA,NA,NA,NA,NA,NA,NA,NA,NA,NA,NA,NA
514.573,1.8758,12.0290,1.1085,16.9320,NA,NA,NA,NA,NA,NA,NA,NA,NA,NA,NA,NA
514.671,1.8694,11.6429,1.1077,16.8548,NA,NA,NA,NA,NA,NA,NA,NA,NA,NA,NA,NA
514.766,1.8678,11.5489,1.1062,16.6941,NA,NA,NA,NA,NA,NA,NA,NA,NA,NA,NA,NA
514.857,1.8678,11.5489,1.1043,16.4895,NA,NA,NA,NA,NA,NA,NA,NA,NA,NA,NA,NA
514.972,1.8629,11.2554,1.1009,16.1349,NA,NA,NA,NA,NA,NA,NA,NA,NA,NA,NA,NA
515.076,1.8597,11.0649,1.0992,15.9578,NA,NA,NA,NA,NA,NA,NA,NA,NA,NA,NA,NA
515.167,1.8573,10.9208,1.0991,15.9406,NA,NA,NA,NA,NA,NA,NA,NA,NA,NA,NA,NA
515.264,1.8546,10.7625,1.0982,15.8447,NA,NA,NA,NA,NA,NA,NA,NA,NA,NA,NA,NA
515.354,1.8491,10.4345,1.0982,15.8447,NA,NA,NA,NA,NA,NA,NA,NA,NA,NA,NA,NA
515.468,1.8473,10.3247,1.0976,15.7810,NA,NA,NA,NA,NA,NA,NA,NA,NA,NA,NA,NA
515.550,1.8432,10.0793,1.0969,15.7057,NA,NA,NA,NA,NA,NA,NA,NA,NA,NA,NA,NA
515.647,1.8385,9.7999,1.0957,15.5891,NA,NA,NA,NA,NA,NA,NA,NA,NA,NA,NA,NA
515.750,1.8380,9.7719,1.0947,15.4799,NA,NA,NA,NA,NA,NA,NA,NA,NA,NA,NA,NA
515.843,1.8350,9.5895,1.0942,15.4235,NA,NA,NA,NA,NA,NA,NA,NA,NA,NA,NA,NA
515.953,1.8347,9.5736,1.0929,15.2892,NA,NA,NA,NA,NA,NA,NA,NA,NA,NA,NA,NA
516.050,1.8290,9.2336,1.0915,15.1364,NA,NA,NA,NA,NA,NA,NA,NA,NA,NA,NA,NA
516.146,1.8270,9.1153,1.0899,14.9682,NA,NA,NA,NA,NA,NA,NA,NA,NA,NA,NA,NA
516.292,1.8232,8.8855,1.0887,14.8436,NA,NA,NA,NA,NA,NA,NA,NA,NA,NA,NA,NA
516.337,1.8200,8.6964,1.0879,14.7629,NA,NA,NA,NA,NA,NA,NA,NA,NA,NA,NA,NA
516.436,1.8200,8.6964,1.0873,14.6963,NA,NA,NA,NA,NA,NA,NA,NA,NA,NA,NA,NA
516.529,1.8201,8.6988,1.0868,14.6484,NA,NA,NA,NA,NA,NA,NA,NA,NA,NA,NA,NA
516.635,1.8201,8.6988,1.0861,14.5751,NA,NA,NA,NA,NA,NA,NA,NA,NA,NA,NA,NA
516.725,1.8169,8.5068,1.0857,14.5306,NA,NA,NA,NA,NA,NA,NA,NA,NA,NA,NA,NA
516.826,1.8163,8.4717,1.0853,14.4832,NA,NA,NA,NA,NA,NA,NA,NA,NA,NA,NA,NA
516.928,1.8239,8.9260,1.0883,14.8006,NA,NA,NA,NA,NA,NA,NA,NA,NA,NA,NA,NA
517.025,1.8561,10.8482,1.0909,15.0766,NA,NA,NA,NA,NA,NA,NA,NA,NA,NA,NA,NA
517.121,1.8801,12.2846,1.1029,16.3469,NA,NA,NA,NA,NA,NA,NA,NA,NA,NA,NA,NA
517.220,1.9179,14.5436,1.1154,17.6621,NA,NA,NA,NA,NA,NA,NA,NA,NA,NA,NA,NA
517.312,1.9321,15.3920,1.1300,19.1981,NA,NA,NA,NA,NA,NA,NA,NA,NA,NA,NA,NA
517.410,1.9517,16.5595,1.1368,19.9181,NA,NA,NA,NA,NA,NA,NA,NA,NA,NA,NA,NA
517.545,1.9625,17.2026,1.1467,20.9643,NA,NA,NA,NA,NA,NA,NA,NA,NA,NA,NA,NA
517.611,1.9813,18.3299,1.1579,22.1411,NA,NA,NA,NA,NA,NA,NA,NA,NA,NA,NA,NA
517.709,1.9970,19.2659,1.1652,22.9198,NA,NA,NA,NA,NA,NA,NA,NA,NA,NA,NA,NA
517.801,2.0067,19.8447,1.1762,24.0778,NA,NA,NA,NA,NA,NA,NA,NA,NA,NA,NA,NA
517.906,2.0364,21.6197,1.1866,25.1731,NA,NA,NA,NA,NA,NA,NA,NA,NA,NA,NA,NA
517.999,2.0478,22.3009,1.1938,25.9365,NA,NA,NA,NA,NA,NA,NA,NA,NA,NA,NA,NA
518.137,2.0674,23.4711,1.1993,26.5105,NA,NA,NA,NA,NA,NA,NA,NA,NA,NA,NA,NA
518.192,2.0803,24.2402,1.2064,27.2573,NA,NA,NA,NA,NA,NA,NA,NA,NA,NA,NA,NA
518.299,2.0867,24.6203,1.2146,28.1283,NA,NA,NA,NA,NA,NA,NA,NA,NA,NA,NA,NA
518.398,2.1052,25.7259,1.2214,28.8463,NA,NA,NA,NA,NA,NA,NA,NA,NA,NA,NA,NA
518.496,2.1267,27.0115,1.2283,29.5730,NA,NA,NA,NA,NA,NA,NA,NA,NA,NA,NA,NA
518.588,2.1474,28.2482,1.2349,30.2668,NA,NA,NA,NA,NA,NA,NA,NA,NA,NA,NA,NA
518.690,2.1664,29.3831,1.2402,30.8251,NA,NA,NA,NA,NA,NA,NA,NA,NA,NA,NA,NA
518.785,2.1819,30.3089,1.2456,31.3941,NA,NA,NA,NA,NA,NA,NA,NA,NA,NA,NA,NA
518.878,2.1931,30.9762,1.2515,32.0167,NA,NA,NA,NA,NA,NA,NA,NA,NA,NA,NA,NA
518.978,2.2106,32.0234,1.2569,32.5937,NA,NA,NA,NA,NA,NA,NA,NA,NA,NA,NA,NA
519.084,2.2159,32.3356,1.2617,33.0939,NA,NA,NA,NA,NA,NA,NA,NA,NA,NA,NA,NA
519.178,2.2200,32.5834,1.2651,33.4495,NA,NA,NA,NA,NA,NA,NA,NA,NA,NA,NA,NA
519.311,2.2200,32.5834,1.2667,33.6192,NA,NA,NA,NA,NA,NA,NA,NA,NA,NA,NA,NA
519.367,2.2173,32.4244,1.2672,33.6753,NA,NA,NA,NA,NA,NA,NA,NA,NA,NA,NA,NA
519.473,2.2173,32.4244,1.2672,33.6753,NA,NA,NA,NA,NA,NA,NA,NA,NA,NA,NA,NA
519.570,2.1926,30.9483,1.2666,33.6140,NA,NA,NA,NA,NA,NA,NA,NA,NA,NA,NA,NA
519.665,2.1872,30.6229,1.2643,33.3647,NA,NA,NA,NA,NA,NA,NA,NA,NA,NA,NA,NA
519.762,2.1734,29.8014,1.2608,33.0016,NA,NA,NA,NA,NA,NA,NA,NA,NA,NA,NA,NA
519.862,2.1608,29.0481,1.2558,32.4741,NA,NA,NA,NA,NA,NA,NA,NA,NA,NA,NA,NA
519.957,2.1490,28.3459,1.2458,31.4130,NA,NA,NA,NA,NA,NA,NA,NA,NA,NA,NA,NA
520.053,2.1309,27.2629,1.2415,30.9647,NA,NA,NA,NA,NA,NA,NA,NA,NA,NA,NA,NA
520.150,2.1213,26.6894,1.2371,30.5023,NA,NA,NA,NA,NA,NA,NA,NA,NA,NA,NA,NA
520.263,2.1085,25.9248,1.2317,29.9344,NA,NA,NA,NA,NA,NA,NA,NA,NA,NA,NA,NA
520.346,2.1035,25.6243,1.2283,29.5681,NA,NA,NA,NA,NA,NA,NA,NA,NA,NA,NA,NA
520.495,2.0869,24.6365,1.2246,29.1776,NA,NA,NA,NA,NA,NA,NA,NA,NA,NA,NA,NA
520.553,2.0814,24.3032,1.2217,28.8794,NA,NA,NA,NA,NA,NA,NA,NA,NA,NA,NA,NA
520.647,2.0712,23.6957,1.2181,28.4906,NA,NA,NA,NA,NA,NA,NA,NA,NA,NA,NA,NA
520.745,2.0711,23.6895,1.2159,28.2671,NA,NA,NA,NA,NA,NA,NA,NA,NA,NA,NA,NA
520.845,2.0708,23.6739,1.2137,28.0278,NA,NA,NA,NA,NA,NA,NA,NA,NA,NA,NA,NA
520.940,2.0648,23.3136,1.2115,27.7971,NA,NA,NA,NA,NA,NA,NA,NA,NA,NA,NA,NA
521.033,2.0643,23.2836,1.2104,27.6888,NA,NA,NA,NA,NA,NA,NA,NA,NA,NA,NA,NA
521.133,2.0599,23.0247,1.2096,27.6028,NA,NA,NA,NA,NA,NA,NA,NA,NA,NA,NA,NA
521.232,2.0588,22.9553,1.2078,27.4134,NA,NA,NA,NA,NA,NA,NA,NA,NA,NA,NA,NA
521.329,2.0547,22.7107,1.2062,27.2428,NA,NA,NA,NA,NA,NA,NA,NA,NA,NA,NA,NA
521.426,2.0541,22.6772,1.2062,27.2359,NA,NA,NA,NA,NA,NA,NA,NA,NA,NA,NA,NA
521.527,2.0533,22.6257,1.2031,26.9176,NA,NA,NA,NA,NA,NA,NA,NA,NA,NA,NA,NA
521.656,2.0543,22.6867,1.2019,26.7890,NA,NA,NA,NA,NA,NA,NA,NA,NA,NA,NA,NA
521.728,2.0543,22.6867,1.2013,26.7199,NA,NA,NA,NA,NA,NA,NA,NA,NA,NA,NA,NA
521.834,2.0542,22.6822,1.2009,26.6863,NA,NA,NA,NA,NA,NA,NA,NA,NA,NA,NA,NA
521.920,2.0542,22.6822,1.2000,26.5815,NA,NA,NA,NA,NA,NA,NA,NA,NA,NA,NA,NA
522.010,2.0511,22.4969,1.1996,26.5445,NA,NA,NA,NA,NA,NA,NA,NA,NA,NA,NA,NA
522.110,2.0486,22.3444,1.1987,26.4502,NA,NA,NA,NA,NA,NA,NA,NA,NA,NA,NA,NA
522.213,2.0486,22.3444,1.1980,26.3704,NA,NA,NA,NA,NA,NA,NA,NA,NA,NA,NA,NA
522.314,2.0477,22.2941,1.1980,26.3704,NA,NA,NA,NA,NA,NA,NA,NA,NA,NA,NA,NA
522.405,2.0477,22.2941,1.1973,26.2975,NA,NA,NA,NA,NA,NA,NA,NA,NA,NA,NA,NA
522.506,2.0413,21.9118,1.1963,26.1977,NA,NA,NA,NA,NA,NA,NA,NA,NA,NA,NA,NA
522.607,2.0413,21.9118,1.1961,26.1797,NA,NA,NA,NA,NA,NA,NA,NA,NA,NA,NA,NA
522.700,2.0368,21.6412,1.1953,26.0919,NA,NA,NA,NA,NA,NA,NA,NA,NA,NA,NA,NA
522.797,2.0322,21.3671,1.1954,26.1043,NA,NA,NA,NA,NA,NA,NA,NA,NA,NA,NA,NA
522.916,2.0334,21.4387,1.1954,26.1043,NA,NA,NA,NA,NA,NA,NA,NA,NA,NA,NA,NA
522.992,2.0345,21.5030,1.1953,26.0906,NA,NA,NA,NA,NA,NA,NA,NA,NA,NA,NA,NA
523.097,2.0345,21.5030,1.1947,26.0250,NA,NA,NA,NA,NA,NA,NA,NA,NA,NA,NA,NA
523.189,2.0342,21.4863,1.1940,25.9560,NA,NA,NA,NA,NA,NA,NA,NA,NA,NA,NA,NA
523.282,2.0342,21.4863,1.1935,25.9034,NA,NA,NA,NA,NA,NA,NA,NA,NA,NA,NA,NA
523.391,2.0298,21.2228,1.1934,25.8887,NA,NA,NA,NA,NA,NA,NA,NA,NA,NA,NA,NA
523.528,2.0239,20.8742,1.1927,25.8113,NA,NA,NA,NA,NA,NA,NA,NA,NA,NA,NA,NA
523.578,2.0209,20.6907,1.1920,25.7474,NA,NA,NA,NA,NA,NA,NA,NA,NA,NA,NA,NA
523.673,2.0217,20.7403,1.1918,25.7212,NA,NA,NA,NA,NA,NA,NA,NA,NA,NA,NA,NA
523.789,2.0217,20.7403,1.1911,25.6493,NA,NA,NA,NA,NA,NA,NA,NA,NA,NA,NA,NA
523.881,2.0230,20.8177,1.1911,25.6493,NA,NA,NA,NA,NA,NA,NA,NA,NA,NA,NA,NA
523.968,2.0238,20.8651,1.1902,25.5523,NA,NA,NA,NA,NA,NA,NA,NA,NA,NA,NA,NA
524.072,2.0252,20.9492,1.1893,25.4535,NA,NA,NA,NA,NA,NA,NA,NA,NA,NA,NA,NA
524.182,2.0252,20.9492,1.1887,25.3981,NA,NA,NA,NA,NA,NA,NA,NA,NA,NA,NA,NA
524.261,2.0221,20.7672,1.1881,25.3355,NA,NA,NA,NA,NA,NA,NA,NA,NA,NA,NA,NA
524.366,2.0214,20.7218,1.1879,25.3090,NA,NA,NA,NA,NA,NA,NA,NA,NA,NA,NA,NA
524.463,2.0138,20.2675,1.1866,25.1756,NA,NA,NA,NA,NA,NA,NA,NA,NA,NA,NA,NA
524.570,2.0121,20.1644,1.1863,25.1402,NA,NA,NA,NA,NA,NA,NA,NA,NA,NA,NA,NA
524.662,2.0103,20.0575,1.1850,25.0060,NA,NA,NA,NA,NA,NA,NA,NA,NA,NA,NA,NA
524.757,2.0085,19.9528,1.1850,25.0060,NA,NA,NA,NA,NA,NA,NA,NA,NA,NA,NA,NA
524.849,2.0085,19.9528,1.1846,24.9597,NA,NA,NA,NA,NA,NA,NA,NA,NA,NA,NA,NA
524.947,2.0058,19.7928,1.1842,24.9224,NA,NA,NA,NA,NA,NA,NA,NA,NA,NA,NA,NA
525.048,2.0058,19.7928,1.1835,24.8508,NA,NA,NA,NA,NA,NA,NA,NA,NA,NA,NA,NA
525.148,2.0089,19.9732,1.1835,24.8508,NA,NA,NA,NA,NA,NA,NA,NA,NA,NA,NA,NA
525.289,2.0089,19.9732,1.1816,24.6428,NA,NA,NA,NA,NA,NA,NA,NA,NA,NA,NA,NA
525.340,2.0055,19.7747,1.1813,24.6130,NA,NA,NA,NA,NA,NA,NA,NA,NA,NA,NA,NA
525.446,2.0055,19.7747,1.1802,24.5013,NA,NA,NA,NA,NA,NA,NA,NA,NA,NA,NA,NA
525.534,2.0041,19.6920,1.1800,24.4817,NA,NA,NA,NA,NA,NA,NA,NA,NA,NA,NA,NA
525.635,1.9996,19.4215,1.1800,24.4817,NA,NA,NA,NA,NA,NA,NA,NA,NA,NA,NA,NA
525.736,1.9996,19.4215,1.1798,24.4526,NA,NA,NA,NA,NA,NA,NA,NA,NA,NA,NA,NA
525.828,2.0009,19.4991,1.1796,24.4319,NA,NA,NA,NA,NA,NA,NA,NA,NA,NA,NA,NA
525.982,2.0009,19.4991,1.1787,24.3418,NA,NA,NA,NA,NA,NA,NA,NA,NA,NA,NA,NA
526.026,2.0012,19.5187,1.1780,24.2685,NA,NA,NA,NA,NA,NA,NA,NA,NA,NA,NA,NA
526.126,2.0012,19.5187,1.1778,24.2409,NA,NA,NA,NA,NA,NA,NA,NA,NA,NA,NA,NA
526.220,2.0000,19.4423,1.1777,24.2333,NA,NA,NA,NA,NA,NA,NA,NA,NA,NA,NA,NA
526.327,1.9946,19.1241,1.1771,24.1706,NA,NA,NA,NA,NA,NA,NA,NA,NA,NA,NA,NA
526.422,1.9960,19.2067,1.1771,24.1706,NA,NA,NA,NA,NA,NA,NA,NA,NA,NA,NA,NA
526.512,1.9960,19.2067,1.1768,24.1387,NA,NA,NA,NA,NA,NA,NA,NA,NA,NA,NA,NA
526.614,1.9957,19.1876,1.1767,24.1284,NA,NA,NA,NA,NA,NA,NA,NA,NA,NA,NA,NA
526.709,1.9917,18.9465,1.1759,24.0422,NA,NA,NA,NA,NA,NA,NA,NA,NA,NA,NA,NA
526.806,1.9921,18.9740,1.1751,23.9610,NA,NA,NA,NA,NA,NA,NA,NA,NA,NA,NA,NA
526.909,1.9921,18.9740,1.1746,23.9030,NA,NA,NA,NA,NA,NA,NA,NA,NA,NA,NA,NA
527.007,1.9921,18.9740,1.1743,23.8719,NA,NA,NA,NA,NA,NA,NA,NA,NA,NA,NA,NA
527.142,1.9887,18.7725,1.1736,23.8067,NA,NA,NA,NA,NA,NA,NA,NA,NA,NA,NA,NA
527.201,1.9885,18.7555,1.1725,23.6896,NA,NA,NA,NA,NA,NA,NA,NA,NA,NA,NA,NA
527.306,1.9866,18.6441,1.1716,23.5918,NA,NA,NA,NA,NA,NA,NA,NA,NA,NA,NA,NA
527.399,1.9856,18.5823,1.1715,23.5790,NA,NA,NA,NA,NA,NA,NA,NA,NA,NA,NA,NA
527.492,1.9843,18.5079,1.1697,23.3935,NA,NA,NA,NA,NA,NA,NA,NA,NA,NA,NA,NA
527.597,1.9817,18.3513,1.1687,23.2871,NA,NA,NA,NA,NA,NA,NA,NA,NA,NA,NA,NA
527.745,1.9817,18.3513,1.1687,23.2808,NA,NA,NA,NA,NA,NA,NA,NA,NA,NA,NA,NA
527.793,1.9813,18.3252,1.1684,23.2502,NA,NA,NA,NA,NA,NA,NA,NA,NA,NA,NA,NA
527.883,1.9814,18.3356,1.1684,23.2502,NA,NA,NA,NA,NA,NA,NA,NA,NA,NA,NA,NA
527.988,1.9814,18.3356,1.1668,23.0875,NA,NA,NA,NA,NA,NA,NA,NA,NA,NA,NA,NA
528.081,1.9817,18.3501,1.1662,23.0158,NA,NA,NA,NA,NA,NA,NA,NA,NA,NA,NA,NA
528.180,1.9817,18.3501,1.1654,22.9316,NA,NA,NA,NA,NA,NA,NA,NA,NA,NA,NA,NA
528.276,1.9788,18.1765,1.1650,22.8921,NA,NA,NA,NA,NA,NA,NA,NA,NA,NA,NA,NA
528.377,1.9788,18.1765,1.1650,22.8907,NA,NA,NA,NA,NA,NA,NA,NA,NA,NA,NA,NA
528.480,1.9744,17.9131,1.1643,22.8216,NA,NA,NA,NA,NA,NA,NA,NA,NA,NA,NA,NA
528.574,1.9744,17.9131,1.1643,22.8189,NA,NA,NA,NA,NA,NA,NA,NA,NA,NA,NA,NA
528.665,1.9716,17.7502,1.1632,22.7097,NA,NA,NA,NA,NA,NA,NA,NA,NA,NA,NA,NA
528.763,1.9685,17.5653,1.1630,22.6810,NA,NA,NA,NA,NA,NA,NA,NA,NA,NA,NA,NA
528.904,1.9685,17.5653,1.1625,22.6255,NA,NA,NA,NA,NA,NA,NA,NA,NA,NA,NA,NA
528.967,1.9667,17.4573,1.1617,22.5440,NA,NA,NA,NA,NA,NA,NA,NA,NA,NA,NA,NA
529.063,1.9667,17.4573,1.1612,22.4933,NA,NA,NA,NA,NA,NA,NA,NA,NA,NA,NA,NA
529.159,1.9661,17.4219,1.1606,22.4312,NA,NA,NA,NA,NA,NA,NA,NA,NA,NA,NA,NA
529.255,1.9661,17.4219,1.1602,22.3873,NA,NA,NA,NA,NA,NA,NA,NA,NA,NA,NA,NA
529.352,1.9633,17.2552,1.1594,22.3048,NA,NA,NA,NA,NA,NA,NA,NA,NA,NA,NA,NA
529.513,1.9576,16.9143,1.1592,22.2798,NA,NA,NA,NA,NA,NA,NA,NA,NA,NA,NA,NA
529.554,1.9569,16.8679,1.1587,22.2342,NA,NA,NA,NA,NA,NA,NA,NA,NA,NA,NA,NA
529.654,1.9587,16.9759,1.1583,22.1899,NA,NA,NA,NA,NA,NA,NA,NA,NA,NA,NA,NA
529.761,1.9587,16.9759,1.1580,22.1590,NA,NA,NA,NA,NA,NA,NA,NA,NA,NA,NA,NA
529.851,1.9555,16.7893,1.1569,22.0381,NA,NA,NA,NA,NA,NA,NA,NA,NA,NA,NA,NA
529.945,1.9555,16.7893,1.1561,21.9605,NA,NA,NA,NA,NA,NA,NA,NA,NA,NA,NA,NA
530.036,1.9496,16.4350,1.1554,21.8807,NA,NA,NA,NA,NA,NA,NA,NA,NA,NA,NA,NA
530.139,1.9485,16.3678,1.1554,21.8807,NA,NA,NA,NA,NA,NA,NA,NA,NA,NA,NA,NA
530.235,1.9490,16.4010,1.1543,21.7698,NA,NA,NA,NA,NA,NA,NA,NA,NA,NA,NA,NA
530.343,1.9516,16.5532,1.1514,21.4631,NA,NA,NA,NA,NA,NA,NA,NA,NA,NA,NA,NA
530.432,1.9516,16.5532,1.1514,21.4631,NA,NA,NA,NA,NA,NA,NA,NA,NA,NA,NA,NA
530.528,1.9490,16.4005,1.1509,21.4121,NA,NA,NA,NA,NA,NA,NA,NA,NA,NA,NA,NA
530.624,1.9477,16.3200,1.1496,21.2730,NA,NA,NA,NA,NA,NA,NA,NA,NA,NA,NA,NA
530.743,1.9461,16.2283,1.1492,21.2285,NA,NA,NA,NA,NA,NA,NA,NA,NA,NA,NA,NA
530.823,1.9461,16.2283,1.1488,21.1828,NA,NA,NA,NA,NA,NA,NA,NA,NA,NA,NA,NA
530.918,1.9431,16.0490,1.1485,21.1536,NA,NA,NA,NA,NA,NA,NA,NA,NA,NA,NA,NA
531.035,1.9431,16.0490,1.1484,21.1415,NA,NA,NA,NA,NA,NA,NA,NA,NA,NA,NA,NA
531.116,1.9437,16.0798,1.1483,21.1371,NA,NA,NA,NA,NA,NA,NA,NA,NA,NA,NA,NA
531.215,1.9437,16.0798,1.1479,21.0891,NA,NA,NA,NA,NA,NA,NA,NA,NA,NA,NA,NA
531.340,1.9355,15.5926,1.1471,21.0016,NA,NA,NA,NA,NA,NA,NA,NA,NA,NA,NA,NA
531.408,1.9355,15.5926,1.1469,20.9867,NA,NA,NA,NA,NA,NA,NA,NA,NA,NA,NA,NA
531.509,1.9333,15.4611,1.1469,20.9867,NA,NA,NA,NA,NA,NA,NA,NA,NA,NA,NA,NA
531.604,1.9324,15.4089,1.1467,20.9643,NA,NA,NA,NA,NA,NA,NA,NA,NA,NA,NA,NA
531.706,1.9324,15.4089,1.1459,20.8759,NA,NA,NA,NA,NA,NA,NA,NA,NA,NA,NA,NA
531.806,1.9332,15.4528,1.1452,20.8077,NA,NA,NA,NA,NA,NA,NA,NA,NA,NA,NA,NA
531.972,1.9332,15.4528,1.1432,20.5972,NA,NA,NA,NA,NA,NA,NA,NA,NA,NA,NA,NA
531.994,1.9350,15.5627,1.1428,20.5570,NA,NA,NA,NA,NA,NA,NA,NA,NA,NA,NA,NA
532.095,1.9350,15.5627,1.1426,20.5341,NA,NA,NA,NA,NA,NA,NA,NA,NA,NA,NA,NA
532.194,1.9265,15.0539,1.1421,20.4835,NA,NA,NA,NA,NA,NA,NA,NA,NA,NA,NA,NA
532.316,1.9286,15.1809,1.1420,20.4640,NA,NA,NA,NA,NA,NA,NA,NA,NA,NA,NA,NA
532.386,1.9286,15.1809,1.1415,20.4106,NA,NA,NA,NA,NA,NA,NA,NA,NA,NA,NA,NA
532.483,1.9305,15.2928,1.1411,20.3771,NA,NA,NA,NA,NA,NA,NA,NA,NA,NA,NA,NA
532.581,1.9305,15.2928,1.1406,20.3251,NA,NA,NA,NA,NA,NA,NA,NA,NA,NA,NA,NA
532.688,1.9310,15.3239,1.1404,20.2990,NA,NA,NA,NA,NA,NA,NA,NA,NA,NA,NA,NA
532.778,1.9310,15.3239,1.1387,20.1246,NA,NA,NA,NA,NA,NA,NA,NA,NA,NA,NA,NA
532.876,1.9273,15.1029,1.1379,20.0399,NA,NA,NA,NA,NA,NA,NA,NA,NA,NA,NA,NA
532.984,1.9247,14.9486,1.1380,20.0473,NA,NA,NA,NA,NA,NA,NA,NA,NA,NA,NA,NA
533.079,1.9233,14.8665,1.1380,20.0473,NA,NA,NA,NA,NA,NA,NA,NA,NA,NA,NA,NA
533.170,1.9221,14.7900,1.1378,20.0298,NA,NA,NA,NA,NA,NA,NA,NA,NA,NA,NA,NA
533.277,1.9221,14.7900,1.1373,19.9689,NA,NA,NA,NA,NA,NA,NA,NA,NA,NA,NA,NA
533.373,1.9235,14.8732,1.1367,19.9058,NA,NA,NA,NA,NA,NA,NA,NA,NA,NA,NA,NA
533.472,1.9235,14.8732,1.1359,19.8295,NA,NA,NA,NA,NA,NA,NA,NA,NA,NA,NA,NA
533.599,1.9176,14.5257,1.1359,19.8295,NA,NA,NA,NA,NA,NA,NA,NA,NA,NA,NA,NA
533.671,1.9170,14.4847,1.1352,19.7516,NA,NA,NA,NA,NA,NA,NA,NA,NA,NA,NA,NA
533.764,1.9136,14.2859,1.1353,19.7573,NA,NA,NA,NA,NA,NA,NA,NA,NA,NA,NA,NA
533.857,1.9153,14.3870,1.1353,19.7573,NA,NA,NA,NA,NA,NA,NA,NA,NA,NA,NA,NA
533.962,1.9154,14.3939,1.1348,19.7058,NA,NA,NA,NA,NA,NA,NA,NA,NA,NA,NA,NA
534.052,1.9188,14.5952,1.1345,19.6744,NA,NA,NA,NA,NA,NA,NA,NA,NA,NA,NA,NA
534.153,1.9188,14.5952,1.1335,19.5747,NA,NA,NA,NA,NA,NA,NA,NA,NA,NA,NA,NA
534.282,1.9171,14.4922,1.1326,19.4786,NA,NA,NA,NA,NA,NA,NA,NA,NA,NA,NA,NA
534.346,1.9171,14.4922,1.1326,19.4763,NA,NA,NA,NA,NA,NA,NA,NA,NA,NA,NA,NA
534.452,1.9124,14.2123,1.1327,19.4884,NA,NA,NA,NA,NA,NA,NA,NA,NA,NA,NA,NA
534.547,1.9110,14.1320,1.1327,19.4884,NA,NA,NA,NA,NA,NA,NA,NA,NA,NA,NA,NA
534.646,1.9077,13.9316,1.1319,19.4046,NA,NA,NA,NA,NA,NA,NA,NA,NA,NA,NA,NA
534.737,1.9068,13.8798,1.1312,19.3310,NA,NA,NA,NA,NA,NA,NA,NA,NA,NA,NA,NA
534.910,1.9072,13.8995,1.1312,19.3310,NA,NA,NA,NA,NA,NA,NA,NA,NA,NA,NA,NA
534.932,1.9085,13.9782,1.1310,19.3108,NA,NA,NA,NA,NA,NA,NA,NA,NA,NA,NA,NA
535.034,1.9085,13.9782,1.1305,19.2556,NA,NA,NA,NA,NA,NA,NA,NA,NA,NA,NA,NA
535.143,1.9084,13.9723,1.1300,19.2066,NA,NA,NA,NA,NA,NA,NA,NA,NA,NA,NA,NA
535.231,1.9058,13.8210,1.1300,19.2066,NA,NA,NA,NA,NA,NA,NA,NA,NA,NA,NA,NA
535.332,1.9025,13.6240,1.1298,19.1793,NA,NA,NA,NA,NA,NA,NA,NA,NA,NA,NA,NA
535.431,1.9015,13.5640,1.1298,19.1793,NA,NA,NA,NA,NA,NA,NA,NA,NA,NA,NA,NA
535.574,1.9015,13.5640,1.1286,19.0572,NA,NA,NA,NA,NA,NA,NA,NA,NA,NA,NA,NA
535.623,1.9007,13.5156,1.1284,19.0334,NA,NA,NA,NA,NA,NA,NA,NA,NA,NA,NA,NA
535.715,1.9007,13.5156,1.1282,19.0097,NA,NA,NA,NA,NA,NA,NA,NA,NA,NA,NA,NA
535.828,1.8986,13.3872,1.1271,18.8925,NA,NA,NA,NA,NA,NA,NA,NA,NA,NA,NA,NA
535.916,1.8986,13.3872,1.1263,18.8089,NA,NA,NA,NA,NA,NA,NA,NA,NA,NA,NA,NA
536.012,1.8924,13.0191,1.1268,18.8639,NA,NA,NA,NA,NA,NA,NA,NA,NA,NA,NA,NA
536.108,1.8915,12.9635,1.1268,18.8639,NA,NA,NA,NA,NA,NA,NA,NA,NA,NA,NA,NA
536.209,1.8928,13.0445,1.1250,18.6746,NA,NA,NA,NA,NA,NA,NA,NA,NA,NA,NA,NA
536.301,1.8928,13.0445,1.1242,18.5856,NA,NA,NA,NA,NA,NA,NA,NA,NA,NA,NA,NA
536.399,1.8926,13.0301,1.1237,18.5338,NA,NA,NA,NA,NA,NA,NA,NA,NA,NA,NA,NA
536.512,1.8924,13.0187,1.1230,18.4631,NA,NA,NA,NA,NA,NA,NA,NA,NA,NA,NA,NA
536.600,1.8921,13.0031,1.1232,18.4869,NA,NA,NA,NA,NA,NA,NA,NA,NA,NA,NA,NA
536.736,1.8923,13.0153,1.1233,18.4967,NA,NA,NA,NA,NA,NA,NA,NA,NA,NA,NA,NA
536.804,1.8923,13.0153,1.1233,18.4967,NA,NA,NA,NA,NA,NA,NA,NA,NA,NA,NA,NA
536.892,1.8927,13.0347,1.1232,18.4813,NA,NA,NA,NA,NA,NA,NA,NA,NA,NA,NA,NA
536.988,1.8927,13.0347,1.1226,18.4229,NA,NA,NA,NA,NA,NA,NA,NA,NA,NA,NA,NA
537.097,1.8919,12.9890,1.1226,18.4229,NA,NA,NA,NA,NA,NA,NA,NA,NA,NA,NA,NA
537.193,1.8919,12.9890,1.1217,18.3264,NA,NA,NA,NA,NA,NA,NA,NA,NA,NA,NA,NA
537.282,1.8903,12.8937,1.1214,18.2939,NA,NA,NA,NA,NA,NA,NA,NA,NA,NA,NA,NA
537.379,1.8890,12.8150,1.1206,18.2060,NA,NA,NA,NA,NA,NA,NA,NA,NA,NA,NA,NA
537.479,1.8882,12.7676,1.1198,18.1242,NA,NA,NA,NA,NA,NA,NA,NA,NA,NA,NA,NA
537.576,1.8872,12.7104,1.1195,18.0977,NA,NA,NA,NA,NA,NA,NA,NA,NA,NA,NA,NA
537.679,1.8872,12.7104,1.1194,18.0884,NA,NA,NA,NA,NA,NA,NA,NA,NA,NA,NA,NA
537.783,1.8872,12.7049,1.1187,18.0098,NA,NA,NA,NA,NA,NA,NA,NA,NA,NA,NA,NA
537.933,1.8864,12.6612,1.1191,18.0504,NA,NA,NA,NA,NA,NA,NA,NA,NA,NA,NA,NA
537.968,1.8864,12.6588,1.1191,18.0504,NA,NA,NA,NA,NA,NA,NA,NA,NA,NA,NA,NA
538.075,1.8819,12.3895,1.1183,17.9650,NA,NA,NA,NA,NA,NA,NA,NA,NA,NA,NA,NA
538.170,1.8790,12.2187,1.1183,17.9650,NA,NA,NA,NA,NA,NA,NA,NA,NA,NA,NA,NA
538.264,1.8806,12.3133,1.1180,17.9337,NA,NA,NA,NA,NA,NA,NA,NA,NA,NA,NA,NA
538.361,1.8806,12.3133,1.1174,17.8742,NA,NA,NA,NA,NA,NA,NA,NA,NA,NA,NA,NA
538.478,1.8806,12.3156,1.1168,17.8099,NA,NA,NA,NA,NA,NA,NA,NA,NA,NA,NA,NA
538.552,1.8806,12.3156,1.1166,17.7854,NA,NA,NA,NA,NA,NA,NA,NA,NA,NA,NA,NA
538.664,1.8790,12.2181,1.1157,17.6976,NA,NA,NA,NA,NA,NA,NA,NA,NA,NA,NA,NA
538.757,1.8790,12.2181,1.1153,17.6509,NA,NA,NA,NA,NA,NA,NA,NA,NA,NA,NA,NA
538.852,1.8767,12.0789,1.1152,17.6428,NA,NA,NA,NA,NA,NA,NA,NA,NA,NA,NA,NA
538.946,1.8772,12.1126,1.1152,17.6428,NA,NA,NA,NA,NA,NA,NA,NA,NA,NA,NA,NA
539.055,1.8772,12.1126,1.1147,17.5855,NA,NA,NA,NA,NA,NA,NA,NA,NA,NA,NA,NA
539.146,1.8763,12.0566,1.1145,17.5639,NA,NA,NA,NA,NA,NA,NA,NA,NA,NA,NA,NA
539.247,1.8743,11.9358,1.1143,17.5492,NA,NA,NA,NA,NA,NA,NA,NA,NA,NA,NA,NA
539.346,1.8774,12.1221,1.1134,17.4477,NA,NA,NA,NA,NA,NA,NA,NA,NA,NA,NA,NA
539.436,1.8774,12.1221,1.1134,17.4467,NA,NA,NA,NA,NA,NA,NA,NA,NA,NA,NA,NA
539.533,1.8715,11.7725,1.1117,17.2755,NA,NA,NA,NA,NA,NA,NA,NA,NA,NA,NA,NA
539.643,1.8709,11.7360,1.1117,17.2755,NA,NA,NA,NA,NA,NA,NA,NA,NA,NA,NA,NA
539.781,1.8688,11.6062,1.1107,17.1707,NA,NA,NA,NA,NA,NA,NA,NA,NA,NA,NA,NA
539.827,1.8693,11.6386,1.1106,17.1535,NA,NA,NA,NA,NA,NA,NA,NA,NA,NA,NA,NA
539.932,1.8693,11.6386,1.1099,17.0867,NA,NA,NA,NA,NA,NA,NA,NA,NA,NA,NA,NA
540.033,1.8700,11.6802,1.1098,17.0742,NA,NA,NA,NA,NA,NA,NA,NA,NA,NA,NA,NA
540.127,1.8700,11.6802,1.1101,17.0981,NA,NA,NA,NA,NA,NA,NA,NA,NA,NA,NA,NA
540.275,1.8648,11.3693,1.1101,17.0981,NA,NA,NA,NA,NA,NA,NA,NA,NA,NA,NA,NA
540.320,1.8634,11.2844,1.1094,17.0263,NA,NA,NA,NA,NA,NA,NA,NA,NA,NA,NA,NA
540.414,1.8612,11.1578,1.1091,16.9956,NA,NA,NA,NA,NA,NA,NA,NA,NA,NA,NA,NA
540.516,1.8606,11.1204,1.1091,16.9956,NA,NA,NA,NA,NA,NA,NA,NA,NA,NA,NA,NA
540.612,1.8624,11.2267,1.1074,16.8195,NA,NA,NA,NA,NA,NA,NA,NA,NA,NA,NA,NA
540.708,1.8651,11.3866,1.1065,16.7246,NA,NA,NA,NA,NA,NA,NA,NA,NA,NA,NA,NA
540.828,1.8651,11.3866,1.1064,16.7094,NA,NA,NA,NA,NA,NA,NA,NA,NA,NA,NA,NA
540.909,1.8644,11.3476,1.1054,16.6118,NA,NA,NA,NA,NA,NA,NA,NA,NA,NA,NA,NA
541.003,1.8644,11.3476,1.1052,16.5831,NA,NA,NA,NA,NA,NA,NA,NA,NA,NA,NA,NA
541.107,1.8624,11.2278,1.1056,16.6249,NA,NA,NA,NA,NA,NA,NA,NA,NA,NA,NA,NA
541.203,1.8590,11.0246,1.1056,16.6249,NA,NA,NA,NA,NA,NA,NA,NA,NA,NA,NA,NA
541.299,1.8588,11.0119,1.1057,16.6368,NA,NA,NA,NA,NA,NA,NA,NA,NA,NA,NA,NA
541.393,1.8589,11.0205,1.1057,16.6368,NA,NA,NA,NA,NA,NA,NA,NA,NA,NA,NA,NA
541.489,1.8589,11.0205,1.1051,16.5777,NA,NA,NA,NA,NA,NA,NA,NA,NA,NA,NA,NA
541.596,1.8600,11.0855,1.1043,16.4944,NA,NA,NA,NA,NA,NA,NA,NA,NA,NA,NA,NA
541.687,1.8600,11.0855,1.1042,16.4821,NA,NA,NA,NA,NA,NA,NA,NA,NA,NA,NA,NA
541.783,1.8570,10.9041,1.1041,16.4749,NA,NA,NA,NA,NA,NA,NA,NA,NA,NA,NA,NA
541.893,1.8526,10.6392,1.1041,16.4749,NA,NA,NA,NA,NA,NA,NA,NA,NA,NA,NA,NA
541.984,1.8525,10.6355,1.1039,16.4503,NA,NA,NA,NA,NA,NA,NA,NA,NA,NA,NA,NA
542.092,1.8519,10.6009,1.1037,16.4323,NA,NA,NA,NA,NA,NA,NA,NA,NA,NA,NA,NA
542.188,1.8519,10.6009,1.1025,16.2987,NA,NA,NA,NA,NA,NA,NA,NA,NA,NA,NA,NA
542.276,1.8547,10.7642,1.1018,16.2283,NA,NA,NA,NA,NA,NA,NA,NA,NA,NA,NA,NA
542.387,1.8547,10.7642,1.1012,16.1619,NA,NA,NA,NA,NA,NA,NA,NA,NA,NA,NA,NA
542.468,1.8509,10.5425,1.1010,16.1404,NA,NA,NA,NA,NA,NA,NA,NA,NA,NA,NA,NA
542.586,1.8506,10.5223,1.1007,16.1132,NA,NA,NA,NA,NA,NA,NA,NA,NA,NA,NA,NA
542.670,1.8506,10.5223,1.1007,16.1098,NA,NA,NA,NA,NA,NA,NA,NA,NA,NA,NA,NA
542.767,1.8498,10.4759,1.1003,16.0659,NA,NA,NA,NA,NA,NA,NA,NA,NA,NA,NA,NA
542.873,1.8498,10.4759,1.1010,16.1467,NA,NA,NA,NA,NA,NA,NA,NA,NA,NA,NA,NA
542.960,1.8477,10.3487,1.1010,16.1467,NA,NA,NA,NA,NA,NA,NA,NA,NA,NA,NA,NA
543.068,1.8468,10.2971,1.1010,16.1394,NA,NA,NA,NA,NA,NA,NA,NA,NA,NA,NA,NA
543.168,1.8514,10.5671,1.1004,16.0749,NA,NA,NA,NA,NA,NA,NA,NA,NA,NA,NA,NA
543.261,1.8514,10.5671,1.1000,16.0408,NA,NA,NA,NA,NA,NA,NA,NA,NA,NA,NA,NA
543.365,1.8471,10.3099,1.1000,16.0357,NA,NA,NA,NA,NA,NA,NA,NA,NA,NA,NA,NA
543.456,1.8469,10.3037,1.1001,16.0438,NA,NA,NA,NA,NA,NA,NA,NA,NA,NA,NA,NA
543.553,1.8475,10.3350,1.1001,16.0438,NA,NA,NA,NA,NA,NA,NA,NA,NA,NA,NA,NA
543.650,1.8475,10.3350,1.0995,15.9845,NA,NA,NA,NA,NA,NA,NA,NA,NA,NA,NA,NA
543.750,1.8439,10.1191,1.0995,15.9841,NA,NA,NA,NA,NA,NA,NA,NA,NA,NA,NA,NA
543.904,1.8409,9.9400,1.0988,15.9155,NA,NA,NA,NA,NA,NA,NA,NA,NA,NA,NA,NA
543.947,1.8406,9.9268,1.0983,15.8546,NA,NA,NA,NA,NA,NA,NA,NA,NA,NA,NA,NA
544.041,1.8377,9.7502,1.0977,15.7999,NA,NA,NA,NA,NA,NA,NA,NA,NA,NA,NA,NA
544.142,1.8377,9.7502,1.0974,15.7676,NA,NA,NA,NA,NA,NA,NA,NA,NA,NA,NA,NA
544.230,1.8398,9.8778,1.0964,15.6597,NA,NA,NA,NA,NA,NA,NA,NA,NA,NA,NA,NA
544.334,1.8398,9.8778,1.0956,15.5721,NA,NA,NA,NA,NA,NA,NA,NA,NA,NA,NA,NA
544.429,1.8395,9.8601,1.0955,15.5613,NA,NA,NA,NA,NA,NA,NA,NA,NA,NA,NA,NA
544.525,1.8395,9.8601,1.0953,15.5416,NA,NA,NA,NA,NA,NA,NA,NA,NA,NA,NA,NA
544.629,1.8356,9.6261,1.0946,15.4712,NA,NA,NA,NA,NA,NA,NA,NA,NA,NA,NA,NA
544.722,1.8302,9.3015,1.0942,15.4257,NA,NA,NA,NA,NA,NA,NA,NA,NA,NA,NA,NA
544.826,1.8301,9.2951,1.0937,15.3757,NA,NA,NA,NA,NA,NA,NA,NA,NA,NA,NA,NA
544.926,1.8409,9.9442,1.0950,15.5106,NA,NA,NA,NA,NA,NA,NA,NA,NA,NA,NA,NA
545.077,1.8562,10.8536,1.1045,16.5100,NA,NA,NA,NA,NA,NA,NA,NA,NA,NA,NA,NA
545.124,1.8983,13.3723,1.1122,17.3265,NA,NA,NA,NA,NA,NA,NA,NA,NA,NA,NA,NA
545.221,1.9122,14.2018,1.1196,18.1073,NA,NA,NA,NA,NA,NA,NA,NA,NA,NA,NA,NA
545.309,1.9257,15.0092,1.1254,18.7198,NA,NA,NA,NA,NA,NA,NA,NA,NA,NA,NA,NA
545.407,1.9318,15.3727,1.1283,19.0212,NA,NA,NA,NA,NA,NA,NA,NA,NA,NA,NA,NA
545.507,1.9344,15.5270,1.1290,19.0997,NA,NA,NA,NA,NA,NA,NA,NA,NA,NA,NA,NA
545.605,1.9367,15.6668,1.1290,19.0997,NA,NA,NA,NA,NA,NA,NA,NA,NA,NA,NA,NA
545.703,1.9367,15.6668,1.1290,19.0980,NA,NA,NA,NA,NA,NA,NA,NA,NA,NA,NA,NA
545.810,1.9306,15.3026,1.1290,19.0980,NA,NA,NA,NA,NA,NA,NA,NA,NA,NA,NA,NA
545.902,1.9259,15.0218,1.1271,18.9000,NA,NA,NA,NA,NA,NA,NA,NA,NA,NA,NA,NA
545.995,1.9193,14.6226,1.1262,18.8040,NA,NA,NA,NA,NA,NA,NA,NA,NA,NA,NA,NA
546.098,1.9170,14.4887,1.1259,18.7682,NA,NA,NA,NA,NA,NA,NA,NA,NA,NA,NA,NA
546.198,1.9071,13.8962,1.1240,18.5684,NA,NA,NA,NA,NA,NA,NA,NA,NA,NA,NA,NA
546.314,1.9021,13.5951,1.1231,18.4709,NA,NA,NA,NA,NA,NA,NA,NA,NA,NA,NA,NA
546.398,1.9011,13.5356,1.1217,18.3217,NA,NA,NA,NA,NA,NA,NA,NA,NA,NA,NA,NA
546.486,1.8960,13.2312,1.1198,18.1265,NA,NA,NA,NA,NA,NA,NA,NA,NA,NA,NA,NA
546.593,1.8926,13.0273,1.1185,17.9905,NA,NA,NA,NA,NA,NA,NA,NA,NA,NA,NA,NA
546.690,1.8879,12.7485,1.1185,17.9905,NA,NA,NA,NA,NA,NA,NA,NA,NA,NA,NA,NA
546.778,1.8879,12.7485,1.1161,17.7382,NA,NA,NA,NA,NA,NA,NA,NA,NA,NA,NA,NA
546.923,1.8800,12.2764,1.1131,17.4229,NA,NA,NA,NA,NA,NA,NA,NA,NA,NA,NA,NA
546.975,1.8792,12.2299,1.1129,17.3980,NA,NA,NA,NA,NA,NA,NA,NA,NA,NA,NA,NA
547.072,1.8737,11.9009,1.1126,17.3675,NA,NA,NA,NA,NA,NA,NA,NA,NA,NA,NA,NA
547.172,1.8669,11.4947,1.1116,17.2583,NA,NA,NA,NA,NA,NA,NA,NA,NA,NA,NA,NA
547.270,1.8647,11.3666,1.1098,17.0740,NA,NA,NA,NA,NA,NA,NA,NA,NA,NA,NA,NA
547.367,1.8636,11.2994,1.1084,16.9277,NA,NA,NA,NA,NA,NA,NA,NA,NA,NA,NA,NA
547.491,1.8636,11.2994,1.1073,16.8080,NA,NA,NA,NA,NA,NA,NA,NA,NA,NA,NA,NA
547.568,1.8599,11.0789,1.1062,16.6874,NA,NA,NA,NA,NA,NA,NA,NA,NA,NA,NA,NA
547.681,1.8682,11.5753,1.1077,16.8474,NA,NA,NA,NA,NA,NA,NA,NA,NA,NA,NA,NA
547.755,1.8831,12.4647,1.1176,17.8903,NA,NA,NA,NA,NA,NA,NA,NA,NA,NA,NA,NA
547.862,1.9300,15.2651,1.1327,19.4918,NA,NA,NA,NA,NA,NA,NA,NA,NA,NA,NA,NA
547.966,1.9605,17.0881,1.1484,21.1407,NA,NA,NA,NA,NA,NA,NA,NA,NA,NA,NA,NA
548.053,1.9946,19.1214,1.1628,22.6599,NA,NA,NA,NA,NA,NA,NA,NA,NA,NA,NA,NA
548.152,2.0172,20.4710,1.1774,24.2043,NA,NA,NA,NA,NA,NA,NA,NA,NA,NA,NA,NA
548.256,2.0397,21.8128,1.1873,25.2491,NA,NA,NA,NA,NA,NA,NA,NA,NA,NA,NA,NA
548.348,2.0544,22.6945,1.1958,26.1485,NA,NA,NA,NA,NA,NA,NA,NA,NA,NA,NA,NA
548.441,2.0684,23.5295,1.2126,27.9180,NA,NA,NA,NA,NA,NA,NA,NA,NA,NA,NA,NA
548.544,2.0877,24.6830,1.2215,28.8499,NA,NA,NA,NA,NA,NA,NA,NA,NA,NA,NA,NA
548.688,2.1092,25.9647,1.2286,29.6065,NA,NA,NA,NA,NA,NA,NA,NA,NA,NA,NA,NA
548.734,2.1176,26.4686,1.2363,30.4204,NA,NA,NA,NA,NA,NA,NA,NA,NA,NA,NA,NA
548.841,2.1240,26.8482,1.2506,31.9237,NA,NA,NA,NA,NA,NA,NA,NA,NA,NA,NA,NA
548.972,2.1432,27.9952,1.2565,32.5495,NA,NA,NA,NA,NA,NA,NA,NA,NA,NA,NA,NA
549.029,2.1501,28.4100,1.2591,32.8218,NA,NA,NA,NA,NA,NA,NA,NA,NA,NA,NA,NA
549.132,2.1501,28.4100,1.2600,32.9111,NA,NA,NA,NA,NA,NA,NA,NA,NA,NA,NA,NA
549.225,2.1495,28.3743,1.2600,32.9111,NA,NA,NA,NA,NA,NA,NA,NA,NA,NA,NA,NA
549.322,2.1434,28.0099,1.2591,32.8163,NA,NA,NA,NA,NA,NA,NA,NA,NA,NA,NA,NA
549.422,2.1364,27.5890,1.2571,32.6084,NA,NA,NA,NA,NA,NA,NA,NA,NA,NA,NA,NA
549.525,2.1317,27.3077,1.2562,32.5142,NA,NA,NA,NA,NA,NA,NA,NA,NA,NA,NA,NA
549.619,2.1249,26.9010,1.2522,32.0890,NA,NA,NA,NA,NA,NA,NA,NA,NA,NA,NA,NA
549.719,2.1078,25.8818,1.2501,31.8745,NA,NA,NA,NA,NA,NA,NA,NA,NA,NA,NA,NA
549.819,2.0858,24.5667,1.2482,31.6751,NA,NA,NA,NA,NA,NA,NA,NA,NA,NA,NA,NA
549.939,2.0771,24.0517,1.2438,31.2065,NA,NA,NA,NA,NA,NA,NA,NA,NA,NA,NA,NA
550.012,2.0728,23.7936,1.2387,30.6659,NA,NA,NA,NA,NA,NA,NA,NA,NA,NA,NA,NA
550.116,2.0664,23.4086,1.2338,30.1528,NA,NA,NA,NA,NA,NA,NA,NA,NA,NA,NA,NA
550.204,2.0576,22.8817,1.2299,29.7443,NA,NA,NA,NA,NA,NA,NA,NA,NA,NA,NA,NA
550.314,2.0511,22.4942,1.2264,29.3736,NA,NA,NA,NA,NA,NA,NA,NA,NA,NA,NA,NA
550.406,2.0467,22.2345,1.2243,29.1476,NA,NA,NA,NA,NA,NA,NA,NA,NA,NA,NA,NA
550.572,2.0346,21.5091,1.2211,28.8083,NA,NA,NA,NA,NA,NA,NA,NA,NA,NA,NA,NA
550.591,2.0300,21.2339,1.2192,28.6165,NA,NA,NA,NA,NA,NA,NA,NA,NA,NA,NA,NA
550.692,2.0284,21.1380,1.2169,28.3718,NA,NA,NA,NA,NA,NA,NA,NA,NA,NA,NA,NA
550.798,2.0284,21.1380,1.2135,28.0138,NA,NA,NA,NA,NA,NA,NA,NA,NA,NA,NA,NA
550.892,2.0238,20.8675,1.2119,27.8422,NA,NA,NA,NA,NA,NA,NA,NA,NA,NA,NA,NA
550.986,2.0238,20.8675,1.2108,27.7250,NA,NA,NA,NA,NA,NA,NA,NA,NA,NA,NA,NA
551.111,2.0226,20.7968,1.2063,27.2541,NA,NA,NA,NA,NA,NA,NA,NA,NA,NA,NA,NA
551.183,2.0226,20.7968,1.2053,27.1421,NA,NA,NA,NA,NA,NA,NA,NA,NA,NA,NA,NA
551.300,2.0135,20.2505,1.2036,26.9704,NA,NA,NA,NA,NA,NA,NA,NA,NA,NA,NA,NA
551.381,2.0130,20.2203,1.2036,26.9704,NA,NA,NA,NA,NA,NA,NA,NA,NA,NA,NA,NA
551.477,2.0130,20.2203,1.2028,26.8809,NA,NA,NA,NA,NA,NA,NA,NA,NA,NA,NA,NA
551.581,2.0092,19.9933,1.2012,26.7108,NA,NA,NA,NA,NA,NA,NA,NA,NA,NA,NA,NA
551.708,2.0085,19.9531,1.2008,26.6672,NA,NA,NA,NA,NA,NA,NA,NA,NA,NA,NA,NA
551.772,2.0064,19.8278,1.1991,26.4963,NA,NA,NA,NA,NA,NA,NA,NA,NA,NA,NA,NA
551.868,2.0064,19.8278,1.1991,26.4871,NA,NA,NA,NA,NA,NA,NA,NA,NA,NA,NA,NA
551.962,1.9986,19.3618,1.1977,26.3476,NA,NA,NA,NA,NA,NA,NA,NA,NA,NA,NA,NA
552.066,1.9964,19.2297,1.1977,26.3442,NA,NA,NA,NA,NA,NA,NA,NA,NA,NA,NA,NA
552.166,1.9930,19.0237,1.1972,26.2960,NA,NA,NA,NA,NA,NA,NA,NA,NA,NA,NA,NA
552.315,1.9978,19.3115,1.1966,26.2245,NA,NA,NA,NA,NA,NA,NA,NA,NA,NA,NA,NA
552.368,1.9978,19.3115,1.1958,26.1418,NA,NA,NA,NA,NA,NA,NA,NA,NA,NA,NA,NA
552.462,1.9963,19.2254,1.1953,26.0909,NA,NA,NA,NA,NA,NA,NA,NA,NA,NA,NA,NA
552.554,1.9963,19.2254,1.1941,25.9626,NA,NA,NA,NA,NA,NA,NA,NA,NA,NA,NA,NA
552.652,1.9901,18.8541,1.1935,25.9051,NA,NA,NA,NA,NA,NA,NA,NA,NA,NA,NA,NA
552.755,1.9837,18.4713,1.1932,25.8738,NA,NA,NA,NA,NA,NA,NA,NA,NA,NA,NA,NA
552.848,1.9856,18.5859,1.1925,25.7960,NA,NA,NA,NA,NA,NA,NA,NA,NA,NA,NA,NA
552.947,1.9856,18.5859,1.1925,25.7960,NA,NA,NA,NA,NA,NA,NA,NA,NA,NA,NA,NA
553.049,1.9849,18.5410,1.1914,25.6766,NA,NA,NA,NA,NA,NA,NA,NA,NA,NA,NA,NA
553.144,1.9846,18.5262,1.1909,25.6238,NA,NA,NA,NA,NA,NA,NA,NA,NA,NA,NA,NA
553.237,1.9846,18.5262,1.1894,25.4716,NA,NA,NA,NA,NA,NA,NA,NA,NA,NA,NA,NA
553.335,1.9853,18.5651,1.1887,25.3967,NA,NA,NA,NA,NA,NA,NA,NA,NA,NA,NA,NA
553.471,1.9853,18.5651,1.1877,25.2922,NA,NA,NA,NA,NA,NA,NA,NA,NA,NA,NA,NA
553.530,1.9794,18.2149,1.1874,25.2543,NA,NA,NA,NA,NA,NA,NA,NA,NA,NA,NA,NA
553.640,1.9780,18.1317,1.1867,25.1823,NA,NA,NA,NA,NA,NA,NA,NA,NA,NA,NA,NA
553.728,1.9760,18.0129,1.1865,25.1582,NA,NA,NA,NA,NA,NA,NA,NA,NA,NA,NA,NA
553.826,1.9750,17.9536,1.1858,25.0854,NA,NA,NA,NA,NA,NA,NA,NA,NA,NA,NA,NA
553.923,1.9750,17.9536,1.1851,25.0094,NA,NA,NA,NA,NA,NA,NA,NA,NA,NA,NA,NA
554.052,1.9733,17.8474,1.1843,24.9291,NA,NA,NA,NA,NA,NA,NA,NA,NA,NA,NA,NA
554.127,1.9661,17.4209,1.1839,24.8848,NA,NA,NA,NA,NA,NA,NA,NA,NA,NA,NA,NA
554.221,1.9687,17.5770,1.1836,24.8583,NA,NA,NA,NA,NA,NA,NA,NA,NA,NA,NA,NA
554.315,1.9687,17.5770,1.1829,24.7846,NA,NA,NA,NA,NA,NA,NA,NA,NA,NA,NA,NA
554.422,1.9666,17.4472,1.1823,24.7160,NA,NA,NA,NA,NA,NA,NA,NA,NA,NA,NA,NA
554.510,1.9666,17.4472,1.1819,24.6755,NA,NA,NA,NA,NA,NA,NA,NA,NA,NA,NA,NA
554.625,1.9683,17.5521,1.1802,24.5027,NA,NA,NA,NA,NA,NA,NA,NA,NA,NA,NA,NA
554.706,1.9683,17.5521,1.1791,24.3831,NA,NA,NA,NA,NA,NA,NA,NA,NA,NA,NA,NA
554.803,1.9653,17.3712,1.1785,24.3198,NA,NA,NA,NA,NA,NA,NA,NA,NA,NA,NA,NA
554.910,1.9640,17.2925,1.1778,24.2411,NA,NA,NA,NA,NA,NA,NA,NA,NA,NA,NA,NA
555.008,1.9585,16.9647,1.1770,24.1597,NA,NA,NA,NA,NA,NA,NA,NA,NA,NA,NA,NA
555.101,1.9601,17.0636,1.1771,24.1669,NA,NA,NA,NA,NA,NA,NA,NA,NA,NA,NA,NA
555.198,1.9601,17.0636,1.1771,24.1669,NA,NA,NA,NA,NA,NA,NA,NA,NA,NA,NA,NA
555.314,1.9586,16.9726,1.1755,23.9973,NA,NA,NA,NA,NA,NA,NA,NA,NA,NA,NA,NA
555.393,1.9586,16.9726,1.1746,23.9098,NA,NA,NA,NA,NA,NA,NA,NA,NA,NA,NA,NA
555.488,1.9548,16.7428,1.1739,23.8315,NA,NA,NA,NA,NA,NA,NA,NA,NA,NA,NA,NA
555.602,1.9540,16.6977,1.1736,23.8053,NA,NA,NA,NA,NA,NA,NA,NA,NA,NA,NA,NA
555.695,1.9534,16.6636,1.1735,23.7931,NA,NA,NA,NA,NA,NA,NA,NA,NA,NA,NA,NA
555.786,1.9526,16.6158,1.1735,23.7931,NA,NA,NA,NA,NA,NA,NA,NA,NA,NA,NA,NA
555.885,1.9524,16.6005,1.1734,23.7808,NA,NA,NA,NA,NA,NA,NA,NA,NA,NA,NA,NA
555.979,1.9531,16.6414,1.1731,23.7437,NA,NA,NA,NA,NA,NA,NA,NA,NA,NA,NA,NA
556.082,1.9531,16.6414,1.1712,23.5530,NA,NA,NA,NA,NA,NA,NA,NA,NA,NA,NA,NA
556.184,1.9503,16.4754,1.1703,23.4540,NA,NA,NA,NA,NA,NA,NA,NA,NA,NA,NA,NA
556.285,1.9503,16.4754,1.1696,23.3783,NA,NA,NA,NA,NA,NA,NA,NA,NA,NA,NA,NA
556.379,1.9461,16.2228,1.1687,23.2842,NA,NA,NA,NA,NA,NA,NA,NA,NA,NA,NA,NA
556.514,1.9461,16.2228,1.1681,23.2208,NA,NA,NA,NA,NA,NA,NA,NA,NA,NA,NA,NA
556.569,1.9459,16.2111,1.1664,23.0463,NA,NA,NA,NA,NA,NA,NA,NA,NA,NA,NA,NA
556.668,1.9440,16.0999,1.1660,23.0047,NA,NA,NA,NA,NA,NA,NA,NA,NA,NA,NA,NA
556.763,1.9440,16.0999,1.1660,23.0047,NA,NA,NA,NA,NA,NA,NA,NA,NA,NA,NA,NA
556.872,1.9437,16.0836,1.1657,22.9733,NA,NA,NA,NA,NA,NA,NA,NA,NA,NA,NA,NA
556.963,1.9437,16.0836,1.1653,22.9267,NA,NA,NA,NA,NA,NA,NA,NA,NA,NA,NA,NA
557.057,1.9424,16.0028,1.1650,22.8946,NA,NA,NA,NA,NA,NA,NA,NA,NA,NA,NA,NA
557.161,1.9424,16.0028,1.1640,22.7907,NA,NA,NA,NA,NA,NA,NA,NA,NA,NA,NA,NA
557.255,1.9403,15.8804,1.1638,22.7713,NA,NA,NA,NA,NA,NA,NA,NA,NA,NA,NA,NA
557.354,1.9367,15.6614,1.1638,22.7713,NA,NA,NA,NA,NA,NA,NA,NA,NA,NA,NA,NA
557.461,1.9363,15.6395,1.1623,22.6121,NA,NA,NA,NA,NA,NA,NA,NA,NA,NA,NA,NA
557.549,1.9355,15.5951,1.1625,22.6254,NA,NA,NA,NA,NA,NA,NA,NA,NA,NA,NA,NA
557.648,1.9355,15.5951,1.1625,22.6254,NA,NA,NA,NA,NA,NA,NA,NA,NA,NA,NA,NA
557.745,1.9324,15.4068,1.1597,22.3367,NA,NA,NA,NA,NA,NA,NA,NA,NA,NA,NA,NA
557.846,1.9281,15.1512,1.1597,22.3367,NA,NA,NA,NA,NA,NA,NA,NA,NA,NA,NA,NA
557.941,1.9284,15.1669,1.1590,22.2606,NA,NA,NA,NA,NA,NA,NA,NA,NA,NA,NA,NA
558.045,1.9301,15.2685,1.1586,22.2147,NA,NA,NA,NA,NA,NA,NA,NA,NA,NA,NA,NA
558.139,1.9305,15.2964,1.1579,22.1434,NA,NA,NA,NA,NA,NA,NA,NA,NA,NA,NA,NA
558.237,1.9313,15.3410,1.1579,22.1434,NA,NA,NA,NA,NA,NA,NA,NA,NA,NA,NA,NA
558.351,1.9313,15.3410,1.1578,22.1296,NA,NA,NA,NA,NA,NA,NA,NA,NA,NA,NA,NA
558.434,1.9293,15.2193,1.1576,22.1094,NA,NA,NA,NA,NA,NA,NA,NA,NA,NA,NA,NA
558.526,1.9293,15.2193,1.1571,22.0602,NA,NA,NA,NA,NA,NA,NA,NA,NA,NA,NA,NA
558.620,1.9272,15.0949,1.1568,22.0283,NA,NA,NA,NA,NA,NA,NA,NA,NA,NA,NA,NA
558.729,1.9252,14.9800,1.1566,22.0038,NA,NA,NA,NA,NA,NA,NA,NA,NA,NA,NA,NA
558.817,1.9187,14.5882,1.1553,21.8685,NA,NA,NA,NA,NA,NA,NA,NA,NA,NA,NA,NA
558.968,1.9198,14.6528,1.1553,21.8685,NA,NA,NA,NA,NA,NA,NA,NA,NA,NA,NA,NA
559.016,1.9198,14.6528,1.1529,21.6210,NA,NA,NA,NA,NA,NA,NA,NA,NA,NA,NA,NA
559.114,1.9195,14.6371,1.1529,21.6210,NA,NA,NA,NA,NA,NA,NA,NA,NA,NA,NA,NA
559.209,1.9195,14.6371,1.1522,21.5470,NA,NA,NA,NA,NA,NA,NA,NA,NA,NA,NA,NA
559.303,1.9178,14.5323,1.1515,21.4744,NA,NA,NA,NA,NA,NA,NA,NA,NA,NA,NA,NA
559.443,1.9153,14.3836,1.1515,21.4744,NA,NA,NA,NA,NA,NA,NA,NA,NA,NA,NA,NA
559.504,1.9136,14.2872,1.1512,21.4394,NA,NA,NA,NA,NA,NA,NA,NA,NA,NA,NA,NA
559.611,1.9159,14.4207,1.1502,21.3333,NA,NA,NA,NA,NA,NA,NA,NA,NA,NA,NA,NA
559.701,1.9159,14.4207,1.1495,21.2644,NA,NA,NA,NA,NA,NA,NA,NA,NA,NA,NA,NA
559.802,1.9148,14.3556,1.1492,21.2318,NA,NA,NA,NA,NA,NA,NA,NA,NA,NA,NA,NA
559.903,1.9148,14.3556,1.1492,21.2314,NA,NA,NA,NA,NA,NA,NA,NA,NA,NA,NA,NA
559.995,1.9120,14.1908,1.1492,21.2314,NA,NA,NA,NA,NA,NA,NA,NA,NA,NA,NA,NA
560.127,1.9120,14.1908,1.1477,21.0652,NA,NA,NA,NA,NA,NA,NA,NA,NA,NA,NA,NA
560.199,1.9074,13.9142,1.1475,21.0477,NA,NA,NA,NA,NA,NA,NA,NA,NA,NA,NA,NA
560.284,1.9058,13.8180,1.1464,20.9320,NA,NA,NA,NA,NA,NA,NA,NA,NA,NA,NA,NA
560.390,1.9058,13.8180,1.1455,20.8358,NA,NA,NA,NA,NA,NA,NA,NA,NA,NA,NA,NA
560.488,1.9061,13.8366,1.1453,20.8127,NA,NA,NA,NA,NA,NA,NA,NA,NA,NA,NA,NA
560.589,1.9061,13.8366,1.1453,20.8127,NA,NA,NA,NA,NA,NA,NA,NA,NA,NA,NA,NA
560.722,1.9003,13.4921,1.1451,20.7919,NA,NA,NA,NA,NA,NA,NA,NA,NA,NA,NA,NA
560.781,1.9003,13.4921,1.1448,20.7683,NA,NA,NA,NA,NA,NA,NA,NA,NA,NA,NA,NA
560.877,1.8990,13.4145,1.1446,20.7414,NA,NA,NA,NA,NA,NA,NA,NA,NA,NA,NA,NA
560.983,1.8990,13.4145,1.1437,20.6495,NA,NA,NA,NA,NA,NA,NA,NA,NA,NA,NA,NA
561.074,1.8985,13.3851,1.1418,20.4438,NA,NA,NA,NA,NA,NA,NA,NA,NA,NA,NA,NA
561.167,1.8985,13.3851,1.1418,20.4438,NA,NA,NA,NA,NA,NA,NA,NA,NA,NA,NA,NA
561.283,1.9025,13.6225,1.1417,20.4389,NA,NA,NA,NA,NA,NA,NA,NA,NA,NA,NA,NA
561.375,1.9025,13.6225,1.1417,20.4389,NA,NA,NA,NA,NA,NA,NA,NA,NA,NA,NA,NA
561.465,1.8966,13.2664,1.1414,20.4030,NA,NA,NA,NA,NA,NA,NA,NA,NA,NA,NA,NA
561.568,1.8955,13.2036,1.1411,20.3763,NA,NA,NA,NA,NA,NA,NA,NA,NA,NA,NA,NA
561.662,1.8934,13.0787,1.1400,20.2604,NA,NA,NA,NA,NA,NA,NA,NA,NA,NA,NA,NA
561.763,1.8932,13.0635,1.1391,20.1638,NA,NA,NA,NA,NA,NA,NA,NA,NA,NA,NA,NA
561.852,1.8914,12.9559,1.1385,20.0974,NA,NA,NA,NA,NA,NA,NA,NA,NA,NA,NA,NA
561.967,1.8881,12.7615,1.1378,20.0276,NA,NA,NA,NA,NA,NA,NA,NA,NA,NA,NA,NA
562.052,1.8876,12.7303,1.1376,20.0030,NA,NA,NA,NA,NA,NA,NA,NA,NA,NA,NA,NA
562.151,1.8865,12.6659,1.1376,19.9990,NA,NA,NA,NA,NA,NA,NA,NA,NA,NA,NA,NA
562.251,1.8854,12.6013,1.1374,19.9793,NA,NA,NA,NA,NA,NA,NA,NA,NA,NA,NA,NA
562.344,1.8860,12.6390,1.1369,19.9323,NA,NA,NA,NA,NA,NA,NA,NA,NA,NA,NA,NA
562.442,1.8860,12.6390,1.1356,19.7919,NA,NA,NA,NA,NA,NA,NA,NA,NA,NA,NA,NA
562.540,1.8853,12.5942,1.1352,19.7462,NA,NA,NA,NA,NA,NA,NA,NA,NA,NA,NA,NA
562.638,1.8862,12.6458,1.1350,19.7275,NA,NA,NA,NA,NA,NA,NA,NA,NA,NA,NA,NA
562.740,1.8862,12.6458,1.1345,19.6736,NA,NA,NA,NA,NA,NA,NA,NA,NA,NA,NA,NA
562.836,1.8832,12.4687,1.1344,19.6669,NA,NA,NA,NA,NA,NA,NA,NA,NA,NA,NA,NA
562.938,1.8822,12.4097,1.1344,19.6669,NA,NA,NA,NA,NA,NA,NA,NA,NA,NA,NA,NA
563.038,1.8822,12.4088,1.1343,19.6595,NA,NA,NA,NA,NA,NA,NA,NA,NA,NA,NA,NA
563.138,1.8795,12.2496,1.1343,19.6595,NA,NA,NA,NA,NA,NA,NA,NA,NA,NA,NA,NA
563.235,1.8795,12.2496,1.1335,19.5748,NA,NA,NA,NA,NA,NA,NA,NA,NA,NA,NA,NA
563.341,1.8800,12.2756,1.1328,19.4939,NA,NA,NA,NA,NA,NA,NA,NA,NA,NA,NA,NA
563.423,1.8800,12.2756,1.1314,19.3464,NA,NA,NA,NA,NA,NA,NA,NA,NA,NA,NA,NA
563.521,1.8808,12.3265,1.1308,19.2866,NA,NA,NA,NA,NA,NA,NA,NA,NA,NA,NA,NA
563.613,1.8808,12.3265,1.1314,19.3458,NA,NA,NA,NA,NA,NA,NA,NA,NA,NA,NA,NA
563.722,1.8795,12.2457,1.1314,19.3458,NA,NA,NA,NA,NA,NA,NA,NA,NA,NA,NA,NA
563.814,1.8787,12.2026,1.1310,19.3091,NA,NA,NA,NA,NA,NA,NA,NA,NA,NA,NA,NA
563.919,1.8769,12.0938,1.1308,19.2856,NA,NA,NA,NA,NA,NA,NA,NA,NA,NA,NA,NA
564.005,1.8759,12.0304,1.1308,19.2856,NA,NA,NA,NA,NA,NA,NA,NA,NA,NA,NA,NA
564.121,1.8753,11.9944,1.1306,19.2676,NA,NA,NA,NA,NA,NA,NA,NA,NA,NA,NA,NA
564.203,1.8746,11.9561,1.1301,19.2098,NA,NA,NA,NA,NA,NA,NA,NA,NA,NA,NA,NA
564.316,1.8746,11.9561,1.1295,19.1535,NA,NA,NA,NA,NA,NA,NA,NA,NA,NA,NA,NA
564.400,1.8695,11.6523,1.1291,19.1085,NA,NA,NA,NA,NA,NA,NA,NA,NA,NA,NA,NA
564.513,1.8680,11.5585,1.1293,19.1295,NA,NA,NA,NA,NA,NA,NA,NA,NA,NA,NA,NA
564.595,1.8666,11.4799,1.1293,19.1295,NA,NA,NA,NA,NA,NA,NA,NA,NA,NA,NA,NA
564.690,1.8691,11.6276,1.1290,19.0982,NA,NA,NA,NA,NA,NA,NA,NA,NA,NA,NA,NA
564.799,1.8691,11.6276,1.1285,19.0477,NA,NA,NA,NA,NA,NA,NA,NA,NA,NA,NA,NA
564.890,1.8708,11.7286,1.1276,18.9455,NA,NA,NA,NA,NA,NA,NA,NA,NA,NA,NA,NA
564.986,1.8708,11.7286,1.1266,18.8413,NA,NA,NA,NA,NA,NA,NA,NA,NA,NA,NA,NA
565.099,1.8669,11.4977,1.1265,18.8285,NA,NA,NA,NA,NA,NA,NA,NA,NA,NA,NA,NA
565.184,1.8669,11.4977,1.1266,18.8410,NA,NA,NA,NA,NA,NA,NA,NA,NA,NA,NA,NA
565.280,1.8668,11.4870,1.1266,18.8410,NA,NA,NA,NA,NA,NA,NA,NA,NA,NA,NA,NA
565.389,1.8667,11.4859,1.1234,18.5025,NA,NA,NA,NA,NA,NA,NA,NA,NA,NA,NA,NA
565.511,1.8681,11.5686,1.1234,18.5025,NA,NA,NA,NA,NA,NA,NA,NA,NA,NA,NA,NA
565.592,1.8681,11.5686,1.1226,18.4252,NA,NA,NA,NA,NA,NA,NA,NA,NA,NA,NA,NA
565.676,1.8646,11.3607,1.1226,18.4252,NA,NA,NA,NA,NA,NA,NA,NA,NA,NA,NA,NA
565.771,1.8548,10.7699,1.1222,18.3815,NA,NA,NA,NA,NA,NA,NA,NA,NA,NA,NA,NA
565.866,1.8537,10.7073,1.1222,18.3815,NA,NA,NA,NA,NA,NA,NA,NA,NA,NA,NA,NA
565.963,1.8545,10.7554,1.1221,18.3636,NA,NA,NA,NA,NA,NA,NA,NA,NA,NA,NA,NA
566.089,1.8545,10.7554,1.1220,18.3635,NA,NA,NA,NA,NA,NA,NA,NA,NA,NA,NA,NA
566.163,1.8566,10.8810,1.1220,18.3635,NA,NA,NA,NA,NA,NA,NA,NA,NA,NA,NA,NA
566.262,1.8566,10.8810,1.1216,18.3177,NA,NA,NA,NA,NA,NA,NA,NA,NA,NA,NA,NA
566.362,1.8545,10.7562,1.1209,18.2377,NA,NA,NA,NA,NA,NA,NA,NA,NA,NA,NA,NA
566.460,1.8545,10.7562,1.1209,18.2377,NA,NA,NA,NA,NA,NA,NA,NA,NA,NA,NA,NA
566.553,1.8458,10.2340,1.1196,18.1048,NA,NA,NA,NA,NA,NA,NA,NA,NA,NA,NA,NA
566.682,1.8527,10.6468,1.1196,18.1048,NA,NA,NA,NA,NA,NA,NA,NA,NA,NA,NA,NA
566.753,1.8527,10.6468,1.1186,17.9946,NA,NA,NA,NA,NA,NA,NA,NA,NA,NA,NA,NA
566.846,1.8550,10.7821,1.1183,17.9645,NA,NA,NA,NA,NA,NA,NA,NA,NA,NA,NA,NA
566.947,1.8550,10.7821,1.1180,17.9316,NA,NA,NA,NA,NA,NA,NA,NA,NA,NA,NA,NA
567.055,1.8541,10.7321,1.1176,17.8993,NA,NA,NA,NA,NA,NA,NA,NA,NA,NA,NA,NA
567.144,1.8541,10.7321,1.1174,17.8754,NA,NA,NA,NA,NA,NA,NA,NA,NA,NA,NA,NA
567.288,1.8510,10.5469,1.1170,17.8307,NA,NA,NA,NA,NA,NA,NA,NA,NA,NA,NA,NA
567.347,1.8484,10.3893,1.1168,17.8098,NA,NA,NA,NA,NA,NA,NA,NA,NA,NA,NA,NA
567.443,1.8493,10.4463,1.1157,17.6917,NA,NA,NA,NA,NA,NA,NA,NA,NA,NA,NA,NA
567.535,1.8518,10.5919,1.1155,17.6715,NA,NA,NA,NA,NA,NA,NA,NA,NA,NA,NA,NA
567.637,1.8518,10.5919,1.1165,17.7784,NA,NA,NA,NA,NA,NA,NA,NA,NA,NA,NA,NA
567.743,1.8533,10.6807,1.1165,17.7784,NA,NA,NA,NA,NA,NA,NA,NA,NA,NA,NA,NA
567.832,1.8533,10.6807,1.1140,17.5186,NA,NA,NA,NA,NA,NA,NA,NA,NA,NA,NA,NA
567.918,1.8514,10.5683,1.1131,17.4191,NA,NA,NA,NA,NA,NA,NA,NA,NA,NA,NA,NA
568.021,1.8499,10.4794,1.1131,17.4191,NA,NA,NA,NA,NA,NA,NA,NA,NA,NA,NA,NA
568.127,1.8484,10.3899,1.1130,17.4092,NA,NA,NA,NA,NA,NA,NA,NA,NA,NA,NA,NA
568.215,1.8488,10.4138,1.1127,17.3806,NA,NA,NA,NA,NA,NA,NA,NA,NA,NA,NA,NA
568.320,1.8488,10.4138,1.1122,17.3218,NA,NA,NA,NA,NA,NA,NA,NA,NA,NA,NA,NA
568.416,1.8484,10.3888,1.1120,17.3008,NA,NA,NA,NA,NA,NA,NA,NA,NA,NA,NA,NA
568.532,1.8484,10.3888,1.1111,17.2072,NA,NA,NA,NA,NA,NA,NA,NA,NA,NA,NA,NA
568.613,1.8476,10.3399,1.1103,17.1248,NA,NA,NA,NA,NA,NA,NA,NA,NA,NA,NA,NA
568.709,1.8466,10.2839,1.1094,17.0329,NA,NA,NA,NA,NA,NA,NA,NA,NA,NA,NA,NA
568.804,1.8447,10.1716,1.1092,17.0127,NA,NA,NA,NA,NA,NA,NA,NA,NA,NA,NA,NA
568.911,1.8439,10.1244,1.1086,16.9413,NA,NA,NA,NA,NA,NA,NA,NA,NA,NA,NA,NA
568.998,1.8411,9.9532,1.1084,16.9257,NA,NA,NA,NA,NA,NA,NA,NA,NA,NA,NA,NA
569.100,1.8409,9.9407,1.1077,16.8533,NA,NA,NA,NA,NA,NA,NA,NA,NA,NA,NA,NA
569.199,1.8409,9.9407,1.1077,16.8518,NA,NA,NA,NA,NA,NA,NA,NA,NA,NA,NA,NA
569.295,1.8419,10.0017,1.1075,16.8242,NA,NA,NA,NA,NA,NA,NA,NA,NA,NA,NA,NA
569.393,1.8419,10.0017,1.1055,16.6136,NA,NA,NA,NA,NA,NA,NA,NA,NA,NA,NA,NA
569.496,1.8413,9.9678,1.1055,16.6195,NA,NA,NA,NA,NA,NA,NA,NA,NA,NA,NA,NA
569.591,1.8397,9.8687,1.1055,16.6195,NA,NA,NA,NA,NA,NA,NA,NA,NA,NA,NA,NA
569.727,1.8382,9.7802,1.1063,16.7073,NA,NA,NA,NA,NA,NA,NA,NA,NA,NA,NA,NA
569.784,1.8377,9.7532,1.1063,16.7073,NA,NA,NA,NA,NA,NA,NA,NA,NA,NA,NA,NA
569.891,1.8377,9.7532,1.1055,16.6128,NA,NA,NA,NA,NA,NA,NA,NA,NA,NA,NA,NA
569.987,1.8369,9.7047,1.1051,16.5777,NA,NA,NA,NA,NA,NA,NA,NA,NA,NA,NA,NA
570.090,1.8369,9.7047,1.1051,16.5777,NA,NA,NA,NA,NA,NA,NA,NA,NA,NA,NA,NA
570.184,1.8384,9.7921,1.1046,16.5241,NA,NA,NA,NA,NA,NA,NA,NA,NA,NA,NA,NA
570.300,1.8384,9.7921,1.1041,16.4746,NA,NA,NA,NA,NA,NA,NA,NA,NA,NA,NA,NA
570.372,1.8316,9.3879,1.1030,16.3580,NA,NA,NA,NA,NA,NA,NA,NA,NA,NA,NA,NA
570.475,1.8321,9.4143,1.1031,16.3677,NA,NA,NA,NA,NA,NA,NA,NA,NA,NA,NA,NA
570.570,1.8322,9.4257,1.1031,16.3677,NA,NA,NA,NA,NA,NA,NA,NA,NA,NA,NA,NA
570.664,1.8345,9.5577,1.1019,16.2388,NA,NA,NA,NA,NA,NA,NA,NA,NA,NA,NA,NA
570.760,1.8345,9.5577,1.1017,16.2157,NA,NA,NA,NA,NA,NA,NA,NA,NA,NA,NA,NA
570.868,1.8328,9.4575,1.1014,16.1861,NA,NA,NA,NA,NA,NA,NA,NA,NA,NA,NA,NA
570.964,1.8328,9.4575,1.1009,16.1373,NA,NA,NA,NA,NA,NA,NA,NA,NA,NA,NA,NA
571.054,1.8276,9.1460,1.1009,16.1343,NA,NA,NA,NA,NA,NA,NA,NA,NA,NA,NA,NA
571.159,1.8276,9.1460,1.1009,16.1343,NA,NA,NA,NA,NA,NA,NA,NA,NA,NA,NA,NA
571.260,1.8259,9.0447,1.1007,16.1103,NA,NA,NA,NA,NA,NA,NA,NA,NA,NA,NA,NA
571.350,1.8298,9.2805,1.1005,16.0871,NA,NA,NA,NA,NA,NA,NA,NA,NA,NA,NA,NA
571.447,1.8298,9.2805,1.1004,16.0759,NA,NA,NA,NA,NA,NA,NA,NA,NA,NA,NA,NA
571.552,1.8290,9.2309,1.0997,16.0095,NA,NA,NA,NA,NA,NA,NA,NA,NA,NA,NA,NA
571.646,1.8287,9.2168,1.0995,15.9813,NA,NA,NA,NA,NA,NA,NA,NA,NA,NA,NA,NA
571.748,1.8268,9.1004,1.0990,15.9319,NA,NA,NA,NA,NA,NA,NA,NA,NA,NA,NA,NA
571.850,1.8260,9.0502,1.0983,15.8586,NA,NA,NA,NA,NA,NA,NA,NA,NA,NA,NA,NA
571.942,1.8222,8.8229,1.0986,15.8914,NA,NA,NA,NA,NA,NA,NA,NA,NA,NA,NA,NA
572.056,1.8222,8.8229,1.0986,15.8914,NA,NA,NA,NA,NA,NA,NA,NA,NA,NA,NA,NA
572.137,1.8210,8.7540,1.0964,15.6580,NA,NA,NA,NA,NA,NA,NA,NA,NA,NA,NA,NA
572.234,1.8223,8.8315,1.0965,15.6711,NA,NA,NA,NA,NA,NA,NA,NA,NA,NA,NA,NA
572.336,1.8223,8.8315,1.0973,15.7566,NA,NA,NA,NA,NA,NA,NA,NA,NA,NA,NA,NA
572.438,1.8449,10.1789,1.1014,16.1816,NA,NA,NA,NA,NA,NA,NA,NA,NA,NA,NA,NA
572.526,1.8704,11.7028,1.1143,17.5479,NA,NA,NA,NA,NA,NA,NA,NA,NA,NA,NA,NA
572.620,1.9143,14.3281,1.1245,18.6210,NA,NA,NA,NA,NA,NA,NA,NA,NA,NA,NA,NA
572.733,1.9293,15.2246,1.1375,19.9914,NA,NA,NA,NA,NA,NA,NA,NA,NA,NA,NA,NA
572.822,1.9637,17.2763,1.1499,21.2983,NA,NA,NA,NA,NA,NA,NA,NA,NA,NA,NA,NA
572.918,1.9707,17.6946,1.1550,21.8397,NA,NA,NA,NA,NA,NA,NA,NA,NA,NA,NA,NA
573.017,1.9747,17.9309,1.1560,21.9433,NA,NA,NA,NA,NA,NA,NA,NA,NA,NA,NA,NA
573.120,1.9747,17.9309,1.1570,22.0516,NA,NA,NA,NA,NA,NA,NA,NA,NA,NA,NA,NA
573.208,1.9661,17.4188,1.1570,22.0516,NA,NA,NA,NA,NA,NA,NA,NA,NA,NA,NA,NA
573.356,1.9624,17.1992,1.1559,21.9361,NA,NA,NA,NA,NA,NA,NA,NA,NA,NA,NA,NA
573.406,1.9567,16.8562,1.1533,21.6598,NA,NA,NA,NA,NA,NA,NA,NA,NA,NA,NA,NA
573.508,1.9471,16.2875,1.1522,21.5388,NA,NA,NA,NA,NA,NA,NA,NA,NA,NA,NA,NA
573.603,1.9430,16.0409,1.1496,21.2702,NA,NA,NA,NA,NA,NA,NA,NA,NA,NA,NA,NA
573.699,1.9368,15.6676,1.1452,20.8029,NA,NA,NA,NA,NA,NA,NA,NA,NA,NA,NA,NA
573.796,1.9339,15.4952,1.1430,20.5702,NA,NA,NA,NA,NA,NA,NA,NA,NA,NA,NA,NA
573.912,1.9224,14.8102,1.1411,20.3684,NA,NA,NA,NA,NA,NA,NA,NA,NA,NA,NA,NA
574.001,1.9171,14.4923,1.1382,20.0631,NA,NA,NA,NA,NA,NA,NA,NA,NA,NA,NA,NA
574.091,1.9081,13.9545,1.1355,19.7826,NA,NA,NA,NA,NA,NA,NA,NA,NA,NA,NA,NA
574.188,1.9057,13.8096,1.1340,19.6190,NA,NA,NA,NA,NA,NA,NA,NA,NA,NA,NA,NA
574.293,1.9036,13.6885,1.1330,19.5213,NA,NA,NA,NA,NA,NA,NA,NA,NA,NA,NA,NA
574.384,1.9008,13.5227,1.1317,19.3826,NA,NA,NA,NA,NA,NA,NA,NA,NA,NA,NA,NA
574.514,1.8996,13.4465,1.1312,19.3266,NA,NA,NA,NA,NA,NA,NA,NA,NA,NA,NA,NA
574.586,1.8950,13.1734,1.1297,19.1672,NA,NA,NA,NA,NA,NA,NA,NA,NA,NA,NA,NA
574.688,1.8931,13.0629,1.1290,19.0943,NA,NA,NA,NA,NA,NA,NA,NA,NA,NA,NA,NA
574.778,1.8845,12.5493,1.1281,19.0039,NA,NA,NA,NA,NA,NA,NA,NA,NA,NA,NA,NA
574.881,1.8784,12.1835,1.1271,18.8975,NA,NA,NA,NA,NA,NA,NA,NA,NA,NA,NA,NA
574.971,1.8784,12.1835,1.1260,18.7836,NA,NA,NA,NA,NA,NA,NA,NA,NA,NA,NA,NA
575.079,1.8811,12.3437,1.1254,18.7119,NA,NA,NA,NA,NA,NA,NA,NA,NA,NA,NA,NA
575.171,1.8811,12.3437,1.1240,18.5660,NA,NA,NA,NA,NA,NA,NA,NA,NA,NA,NA,NA
575.269,1.8756,12.0123,1.1230,18.4648,NA,NA,NA,NA,NA,NA,NA,NA,NA,NA,NA,NA
575.365,1.8754,12.0030,1.1223,18.3849,NA,NA,NA,NA,NA,NA,NA,NA,NA,NA,NA,NA
575.463,1.8711,11.7453,1.1216,18.3127,NA,NA,NA,NA,NA,NA,NA,NA,NA,NA,NA,NA
575.567,1.8690,11.6183,1.1202,18.1686,NA,NA,NA,NA,NA,NA,NA,NA,NA,NA,NA,NA
575.662,1.8687,11.6030,1.1177,17.9097,NA,NA,NA,NA,NA,NA,NA,NA,NA,NA,NA,NA
575.763,1.8645,11.3499,1.1165,17.7767,NA,NA,NA,NA,NA,NA,NA,NA,NA,NA,NA,NA
575.862,1.8654,11.4050,1.1180,17.9327,NA,NA,NA,NA,NA,NA,NA,NA,NA,NA,NA,NA
575.952,1.8975,13.3230,1.1228,18.4436,NA,NA,NA,NA,NA,NA,NA,NA,NA,NA,NA,NA
576.048,1.9213,14.7426,1.1335,19.5704,NA,NA,NA,NA,NA,NA,NA,NA,NA,NA,NA,NA
576.157,1.9465,16.2508,1.1466,20.9556,NA,NA,NA,NA,NA,NA,NA,NA,NA,NA,NA,NA
576.253,1.9806,18.2832,1.1623,22.6133,NA,NA,NA,NA,NA,NA,NA,NA,NA,NA,NA,NA
576.371,2.0070,19.8647,1.1738,23.8246,NA,NA,NA,NA,NA,NA,NA,NA,NA,NA,NA,NA
576.441,2.0380,21.7124,1.1849,24.9965,NA,NA,NA,NA,NA,NA,NA,NA,NA,NA,NA,NA
576.556,2.0503,22.4464,1.1965,26.2141,NA,NA,NA,NA,NA,NA,NA,NA,NA,NA,NA,NA
576.641,2.0640,23.2667,1.2068,27.3022,NA,NA,NA,NA,NA,NA,NA,NA,NA,NA,NA,NA
576.734,2.0785,24.1335,1.2159,28.2590,NA,NA,NA,NA,NA,NA,NA,NA,NA,NA,NA,NA
576.844,2.0982,25.3119,1.2240,29.1193,NA,NA,NA,NA,NA,NA,NA,NA,NA,NA,NA,NA
576.948,2.1074,25.8612,1.2301,29.7662,NA,NA,NA,NA,NA,NA,NA,NA,NA,NA,NA,NA
577.037,2.1204,26.6366,1.2382,30.6183,NA,NA,NA,NA,NA,NA,NA,NA,NA,NA,NA,NA
577.140,2.1536,28.6189,1.2500,31.8571,NA,NA,NA,NA,NA,NA,NA,NA,NA,NA,NA,NA
577.234,2.1662,29.3698,1.2571,32.6140,NA,NA,NA,NA,NA,NA,NA,NA,NA,NA,NA,NA
577.326,2.1848,30.4794,1.2634,33.2760,NA,NA,NA,NA,NA,NA,NA,NA,NA,NA,NA,NA
577.477,2.1923,30.9288,1.2709,34.0670,NA,NA,NA,NA,NA,NA,NA,NA,NA,NA,NA,NA
577.520,2.2179,32.4606,1.2773,34.7401,NA,NA,NA,NA,NA,NA,NA,NA,NA,NA,NA,NA
577.624,2.2198,32.5733,1.2806,35.0893,NA,NA,NA,NA,NA,NA,NA,NA,NA,NA,NA,NA
577.718,2.2219,32.6957,1.2825,35.2888,NA,NA,NA,NA,NA,NA,NA,NA,NA,NA,NA,NA
577.812,2.2219,32.6957,1.2828,35.3237,NA,NA,NA,NA,NA,NA,NA,NA,NA,NA,NA,NA
577.910,2.2144,32.2511,1.2844,35.4947,NA,NA,NA,NA,NA,NA,NA,NA,NA,NA,NA,NA
578.010,2.2115,32.0782,1.2844,35.4947,NA,NA,NA,NA,NA,NA,NA,NA,NA,NA,NA,NA
578.105,2.2071,31.8101,1.2806,35.0893,NA,NA,NA,NA,NA,NA,NA,NA,NA,NA,NA,NA
578.212,2.1886,30.7082,1.2762,34.6294,NA,NA,NA,NA,NA,NA,NA,NA,NA,NA,NA,NA
578.301,2.1782,30.0896,1.2726,34.2453,NA,NA,NA,NA,NA,NA,NA,NA,NA,NA,NA,NA
578.400,2.1544,28.6673,1.2674,33.7006,NA,NA,NA,NA,NA,NA,NA,NA,NA,NA,NA,NA
578.501,2.1443,28.0620,1.2633,33.2604,NA,NA,NA,NA,NA,NA,NA,NA,NA,NA,NA,NA
578.598,2.1260,26.9671,1.2594,32.8574,NA,NA,NA,NA,NA,NA,NA,NA,NA,NA,NA,NA
578.746,2.1182,26.5033,1.2514,32.0074,NA,NA,NA,NA,NA,NA,NA,NA,NA,NA,NA,NA
578.795,2.1098,26.0027,1.2474,31.5893,NA,NA,NA,NA,NA,NA,NA,NA,NA,NA,NA,NA
578.885,2.0975,25.2653,1.2446,31.2940,NA,NA,NA,NA,NA,NA,NA,NA,NA,NA,NA,NA
578.989,2.0883,24.7150,1.2431,31.1284,NA,NA,NA,NA,NA,NA,NA,NA,NA,NA,NA,NA
579.087,2.0801,24.2311,1.2403,30.8324,NA,NA,NA,NA,NA,NA,NA,NA,NA,NA,NA,NA
579.184,2.0766,24.0200,1.2368,30.4650,NA,NA,NA,NA,NA,NA,NA,NA,NA,NA,NA,NA
579.336,2.0754,23.9457,1.2349,30.2696,NA,NA,NA,NA,NA,NA,NA,NA,NA,NA,NA,NA
579.379,2.0747,23.9074,1.2308,29.8369,NA,NA,NA,NA,NA,NA,NA,NA,NA,NA,NA,NA
579.484,2.0651,23.3320,1.2289,29.6377,NA,NA,NA,NA,NA,NA,NA,NA,NA,NA,NA,NA
579.576,2.0651,23.3320,1.2284,29.5774,NA,NA,NA,NA,NA,NA,NA,NA,NA,NA,NA,NA
579.677,2.0589,22.9602,1.2257,29.3018,NA,NA,NA,NA,NA,NA,NA,NA,NA,NA,NA,NA
579.772,2.0588,22.9589,1.2257,29.3005,NA,NA,NA,NA,NA,NA,NA,NA,NA,NA,NA,NA
579.891,2.0544,22.6931,1.2239,29.1073,NA,NA,NA,NA,NA,NA,NA,NA,NA,NA,NA,NA
579.973,2.0533,22.6258,1.2222,28.9248,NA,NA,NA,NA,NA,NA,NA,NA,NA,NA,NA,NA
580.067,2.0533,22.6258,1.2222,28.9248,NA,NA,NA,NA,NA,NA,NA,NA,NA,NA,NA,NA
580.172,2.0453,22.1525,1.2214,28.8448,NA,NA,NA,NA,NA,NA,NA,NA,NA,NA,NA,NA
580.264,2.0443,22.0905,1.2214,28.8448,NA,NA,NA,NA,NA,NA,NA,NA,NA,NA,NA,NA
580.362,2.0415,21.9258,1.2207,28.7673,NA,NA,NA,NA,NA,NA,NA,NA,NA,NA,NA,NA
580.458,2.0415,21.9258,1.2207,28.7673,NA,NA,NA,NA,NA,NA,NA,NA,NA,NA,NA,NA
580.561,2.0348,21.5223,1.2205,28.7455,NA,NA,NA,NA,NA,NA,NA,NA,NA,NA,NA,NA
580.652,2.0348,21.5223,1.2194,28.6379,NA,NA,NA,NA,NA,NA,NA,NA,NA,NA,NA,NA
580.752,2.0329,21.4090,1.2184,28.5230,NA,NA,NA,NA,NA,NA,NA,NA,NA,NA,NA,NA
580.850,2.0314,21.3171,1.2173,28.4090,NA,NA,NA,NA,NA,NA,NA,NA,NA,NA,NA,NA
580.958,2.0304,21.2615,1.2172,28.4015,NA,NA,NA,NA,NA,NA,NA,NA,NA,NA,NA,NA
581.075,2.0298,21.2265,1.2167,28.3453,NA,NA,NA,NA,NA,NA,NA,NA,NA,NA,NA,NA
581.144,2.0298,21.2265,1.2160,28.2757,NA,NA,NA,NA,NA,NA,NA,NA,NA,NA,NA,NA
581.237,2.0268,21.0443,1.2160,28.2734,NA,NA,NA,NA,NA,NA,NA,NA,NA,NA,NA,NA
581.335,2.0258,20.9847,1.2149,28.1631,NA,NA,NA,NA,NA,NA,NA,NA,NA,NA,NA,NA
581.437,2.0252,20.9512,1.2139,28.0576,NA,NA,NA,NA,NA,NA,NA,NA,NA,NA,NA,NA
581.530,2.0278,21.1068,1.2134,28.0041,NA,NA,NA,NA,NA,NA,NA,NA,NA,NA,NA,NA
581.648,2.0278,21.1068,1.2128,27.9347,NA,NA,NA,NA,NA,NA,NA,NA,NA,NA,NA,NA
581.762,2.0239,20.8721,1.2126,27.9137,NA,NA,NA,NA,NA,NA,NA,NA,NA,NA,NA,NA
581.827,2.0239,20.8721,1.2124,27.8897,NA,NA,NA,NA,NA,NA,NA,NA,NA,NA,NA,NA
581.939,2.0191,20.5824,1.2124,27.8897,NA,NA,NA,NA,NA,NA,NA,NA,NA,NA,NA,NA
582.037,2.0155,20.3716,1.2119,27.8389,NA,NA,NA,NA,NA,NA,NA,NA,NA,NA,NA,NA
582.122,2.0145,20.3113,1.2118,27.8297,NA,NA,NA,NA,NA,NA,NA,NA,NA,NA,NA,NA
582.237,2.0151,20.3441,1.2118,27.8343,NA,NA,NA,NA,NA,NA,NA,NA,NA,NA,NA,NA
582.320,2.0151,20.3441,1.2118,27.8343,NA,NA,NA,NA,NA,NA,NA,NA,NA,NA,NA,NA
582.424,2.0101,20.0481,1.2094,27.5754,NA,NA,NA,NA,NA,NA,NA,NA,NA,NA,NA,NA
582.510,2.0101,20.0481,1.2082,27.4495,NA,NA,NA,NA,NA,NA,NA,NA,NA,NA,NA,NA
582.618,2.0117,20.1447,1.2082,27.4495,NA,NA,NA,NA,NA,NA,NA,NA,NA,NA,NA,NA
582.711,2.0117,20.1447,1.2074,27.3699,NA,NA,NA,NA,NA,NA,NA,NA,NA,NA,NA,NA
582.808,1.9996,19.4218,1.2058,27.2028,NA,NA,NA,NA,NA,NA,NA,NA,NA,NA,NA,NA
582.902,1.9992,19.3972,1.2054,27.1536,NA,NA,NA,NA,NA,NA,NA,NA,NA,NA,NA,NA
583.000,2.0009,19.4959,1.2048,27.0966,NA,NA,NA,NA,NA,NA,NA,NA,NA,NA,NA,NA
583.101,2.0025,19.5913,1.2041,27.0177,NA,NA,NA,NA,NA,NA,NA,NA,NA,NA,NA,NA
583.196,2.0025,19.5913,1.2045,27.0650,NA,NA,NA,NA,NA,NA,NA,NA,NA,NA,NA,NA
583.296,1.9938,19.0727,1.2045,27.0650,NA,NA,NA,NA,NA,NA,NA,NA,NA,NA,NA,NA
583.435,1.9963,19.2254,1.2031,26.9149,NA,NA,NA,NA,NA,NA,NA,NA,NA,NA,NA,NA
583.485,2.0014,19.5283,1.2028,26.8810,NA,NA,NA,NA,NA,NA,NA,NA,NA,NA,NA,NA
583.589,2.0014,19.5283,1.2024,26.8402,NA,NA,NA,NA,NA,NA,NA,NA,NA,NA,NA,NA
583.685,1.9985,19.3559,1.2015,26.7431,NA,NA,NA,NA,NA,NA,NA,NA,NA,NA,NA,NA
583.782,1.9985,19.3559,1.2006,26.6454,NA,NA,NA,NA,NA,NA,NA,NA,NA,NA,NA,NA
583.880,1.9951,19.1539,1.1998,26.5704,NA,NA,NA,NA,NA,NA,NA,NA,NA,NA,NA,NA
583.980,1.9936,19.0624,1.1990,26.4775,NA,NA,NA,NA,NA,NA,NA,NA,NA,NA,NA,NA
584.078,1.9927,19.0075,1.1981,26.3822,NA,NA,NA,NA,NA,NA,NA,NA,NA,NA,NA,NA
584.178,1.9927,19.0075,1.1977,26.3479,NA,NA,NA,NA,NA,NA,NA,NA,NA,NA,NA,NA
584.284,1.9904,18.8735,1.1975,26.3187,NA,NA,NA,NA,NA,NA,NA,NA,NA,NA,NA,NA
584.381,1.9889,18.7818,1.1963,26.1940,NA,NA,NA,NA,NA,NA,NA,NA,NA,NA,NA,NA
584.470,1.9889,18.7818,1.1961,26.1762,NA,NA,NA,NA,NA,NA,NA,NA,NA,NA,NA,NA
584.566,1.9897,18.8311,1.1957,26.1350,NA,NA,NA,NA,NA,NA,NA,NA,NA,NA,NA,NA
584.662,1.9897,18.8311,1.1941,25.9612,NA,NA,NA,NA,NA,NA,NA,NA,NA,NA,NA,NA
584.792,1.9856,18.5857,1.1933,25.8784,NA,NA,NA,NA,NA,NA,NA,NA,NA,NA,NA,NA
584.860,1.9843,18.5059,1.1931,25.8585,NA,NA,NA,NA,NA,NA,NA,NA,NA,NA,NA,NA
584.971,1.9814,18.3317,1.1931,25.8585,NA,NA,NA,NA,NA,NA,NA,NA,NA,NA,NA,NA
585.057,1.9826,18.4066,1.1929,25.8341,NA,NA,NA,NA,NA,NA,NA,NA,NA,NA,NA,NA
585.154,1.9826,18.4066,1.1916,25.7007,NA,NA,NA,NA,NA,NA,NA,NA,NA,NA,NA,NA
585.259,1.9755,17.9812,1.1914,25.6791,NA,NA,NA,NA,NA,NA,NA,NA,NA,NA,NA,NA
585.357,1.9755,17.9812,1.1892,25.4505,NA,NA,NA,NA,NA,NA,NA,NA,NA,NA,NA,NA
585.449,1.9775,18.1003,1.1885,25.3750,NA,NA,NA,NA,NA,NA,NA,NA,NA,NA,NA,NA
585.547,1.9775,18.1003,1.1880,25.3199,NA,NA,NA,NA,NA,NA,NA,NA,NA,NA,NA,NA
585.642,1.9704,17.6766,1.1875,25.2712,NA,NA,NA,NA,NA,NA,NA,NA,NA,NA,NA,NA
585.748,1.9737,17.8749,1.1874,25.2590,NA,NA,NA,NA,NA,NA,NA,NA,NA,NA,NA,NA
585.840,1.9737,17.8749,1.1864,25.1569,NA,NA,NA,NA,NA,NA,NA,NA,NA,NA,NA,NA
585.979,1.9700,17.6528,1.1858,25.0835,NA,NA,NA,NA,NA,NA,NA,NA,NA,NA,NA,NA
586.041,1.9700,17.6528,1.1853,25.0357,NA,NA,NA,NA,NA,NA,NA,NA,NA,NA,NA,NA
586.140,1.9686,17.5662,1.1843,24.9328,NA,NA,NA,NA,NA,NA,NA,NA,NA,NA,NA,NA
586.231,1.9686,17.5662,1.1842,24.9146,NA,NA,NA,NA,NA,NA,NA,NA,NA,NA,NA,NA
586.328,1.9600,17.0546,1.1835,24.8443,NA,NA,NA,NA,NA,NA,NA,NA,NA,NA,NA,NA
586.431,1.9600,17.0546,1.1831,24.8023,NA,NA,NA,NA,NA,NA,NA,NA,NA,NA,NA,NA
586.562,1.9580,16.9357,1.1820,24.6922,NA,NA,NA,NA,NA,NA,NA,NA,NA,NA,NA,NA
586.626,1.9611,17.1213,1.1818,24.6614,NA,NA,NA,NA,NA,NA,NA,NA,NA,NA,NA,NA
586.737,1.9611,17.1213,1.1811,24.5973,NA,NA,NA,NA,NA,NA,NA,NA,NA,NA,NA,NA
586.819,1.9588,16.9850,1.1799,24.4659,NA,NA,NA,NA,NA,NA,NA,NA,NA,NA,NA,NA
586.921,1.9588,16.9850,1.1785,24.3151,NA,NA,NA,NA,NA,NA,NA,NA,NA,NA,NA,NA
587.015,1.9573,16.8971,1.1780,24.2623,NA,NA,NA,NA,NA,NA,NA,NA,NA,NA,NA,NA
587.168,1.9573,16.8971,1.1775,24.2109,NA,NA,NA,NA,NA,NA,NA,NA,NA,NA,NA,NA
587.212,1.9560,16.8156,1.1765,24.1114,NA,NA,NA,NA,NA,NA,NA,NA,NA,NA,NA,NA
587.306,1.9565,16.8481,1.1765,24.1114,NA,NA,NA,NA,NA,NA,NA,NA,NA,NA,NA,NA
587.407,1.9568,16.8655,1.1764,24.0945,NA,NA,NA,NA,NA,NA,NA,NA,NA,NA,NA,NA
587.504,1.9571,16.8838,1.1761,24.0689,NA,NA,NA,NA,NA,NA,NA,NA,NA,NA,NA,NA
587.604,1.9571,16.8838,1.1756,24.0106,NA,NA,NA,NA,NA,NA,NA,NA,NA,NA,NA,NA
587.701,1.9535,16.6698,1.1747,23.9160,NA,NA,NA,NA,NA,NA,NA,NA,NA,NA,NA,NA
587.802,1.9530,16.6346,1.1747,23.9160,NA,NA,NA,NA,NA,NA,NA,NA,NA,NA,NA,NA
587.896,1.9485,16.3703,1.1732,23.7604,NA,NA,NA,NA,NA,NA,NA,NA,NA,NA,NA,NA
588.003,1.9417,15.9644,1.1728,23.7153,NA,NA,NA,NA,NA,NA,NA,NA,NA,NA,NA,NA
588.100,1.9414,15.9463,1.1723,23.6669,NA,NA,NA,NA,NA,NA,NA,NA,NA,NA,NA,NA
588.188,1.9440,16.0981,1.1718,23.6095,NA,NA,NA,NA,NA,NA,NA,NA,NA,NA,NA,NA
588.311,1.9440,16.0981,1.1713,23.5582,NA,NA,NA,NA,NA,NA,NA,NA,NA,NA,NA,NA
588.387,1.9464,16.2419,1.1710,23.5303,NA,NA,NA,NA,NA,NA,NA,NA,NA,NA,NA,NA
588.487,1.9464,16.2419,1.1710,23.5254,NA,NA,NA,NA,NA,NA,NA,NA,NA,NA,NA,NA
588.580,1.9452,16.1709,1.1710,23.5254,NA,NA,NA,NA,NA,NA,NA,NA,NA,NA,NA,NA
588.682,1.9372,15.6944,1.1688,23.2960,NA,NA,NA,NA,NA,NA,NA,NA,NA,NA,NA,NA
588.780,1.9393,15.8204,1.1677,23.1843,NA,NA,NA,NA,NA,NA,NA,NA,NA,NA,NA,NA
588.925,1.9418,15.9710,1.1676,23.1694,NA,NA,NA,NA,NA,NA,NA,NA,NA,NA,NA,NA
588.975,1.9418,15.9710,1.1676,23.1694,NA,NA,NA,NA,NA,NA,NA,NA,NA,NA,NA,NA
589.073,1.9399,15.8536,1.1671,23.1200,NA,NA,NA,NA,NA,NA,NA,NA,NA,NA,NA,NA
589.166,1.9399,15.8536,1.1661,23.0153,NA,NA,NA,NA,NA,NA,NA,NA,NA,NA,NA,NA
589.266,1.9386,15.7800,1.1646,22.8488,NA,NA,NA,NA,NA,NA,NA,NA,NA,NA,NA,NA
589.368,1.9386,15.7800,1.1641,22.8008,NA,NA,NA,NA,NA,NA,NA,NA,NA,NA,NA,NA
589.460,1.9376,15.7153,1.1644,22.8307,NA,NA,NA,NA,NA,NA,NA,NA,NA,NA,NA,NA
589.564,1.9376,15.7153,1.1644,22.8307,NA,NA,NA,NA,NA,NA,NA,NA,NA,NA,NA,NA
589.661,1.9365,15.6533,1.1629,22.6685,NA,NA,NA,NA,NA,NA,NA,NA,NA,NA,NA,NA
589.754,1.9355,15.5938,1.1629,22.6685,NA,NA,NA,NA,NA,NA,NA,NA,NA,NA,NA,NA
589.852,1.9355,15.5938,1.1624,22.6194,NA,NA,NA,NA,NA,NA,NA,NA,NA,NA,NA,NA
589.957,1.9343,15.5188,1.1619,22.5658,NA,NA,NA,NA,NA,NA,NA,NA,NA,NA,NA,NA
590.108,1.9341,15.5097,1.1623,22.6099,NA,NA,NA,NA,NA,NA,NA,NA,NA,NA,NA,NA
590.147,1.9299,15.2575,1.1623,22.6099,NA,NA,NA,NA,NA,NA,NA,NA,NA,NA,NA,NA
590.248,1.9299,15.2575,1.1620,22.5788,NA,NA,NA,NA,NA,NA,NA,NA,NA,NA,NA,NA
590.344,1.9274,15.1109,1.1620,22.5788,NA,NA,NA,NA,NA,NA,NA,NA,NA,NA,NA,NA
590.442,1.9274,15.1109,1.1608,22.4519,NA,NA,NA,NA,NA,NA,NA,NA,NA,NA,NA,NA
590.552,1.9262,15.0354,1.1608,22.4519,NA,NA,NA,NA,NA,NA,NA,NA,NA,NA,NA,NA
590.664,1.9262,15.0354,1.1595,22.3112,NA,NA,NA,NA,NA,NA,NA,NA,NA,NA,NA,NA
590.737,1.9231,14.8490,1.1589,22.2486,NA,NA,NA,NA,NA,NA,NA,NA,NA,NA,NA,NA
590.840,1.9223,14.8047,1.1578,22.1395,NA,NA,NA,NA,NA,NA,NA,NA,NA,NA,NA,NA
590.930,1.9215,14.7541,1.1572,22.0668,NA,NA,NA,NA,NA,NA,NA,NA,NA,NA,NA,NA
591.029,1.9237,14.8868,1.1570,22.0528,NA,NA,NA,NA,NA,NA,NA,NA,NA,NA,NA,NA
591.126,1.9237,14.8868,1.1563,21.9751,NA,NA,NA,NA,NA,NA,NA,NA,NA,NA,NA,NA
591.275,1.9225,14.8170,1.1547,21.8091,NA,NA,NA,NA,NA,NA,NA,NA,NA,NA,NA,NA
591.328,1.9225,14.8170,1.1544,21.7733,NA,NA,NA,NA,NA,NA,NA,NA,NA,NA,NA,NA
591.426,1.9193,14.6265,1.1541,21.7494,NA,NA,NA,NA,NA,NA,NA,NA,NA,NA,NA,NA
591.518,1.9157,14.4105,1.1541,21.7494,NA,NA,NA,NA,NA,NA,NA,NA,NA,NA,NA,NA
591.612,1.9144,14.3311,1.1541,21.7394,NA,NA,NA,NA,NA,NA,NA,NA,NA,NA,NA,NA
591.724,1.9122,14.2035,1.1541,21.7394,NA,NA,NA,NA,NA,NA,NA,NA,NA,NA,NA,NA
591.813,1.9122,14.2017,1.1526,21.5857,NA,NA,NA,NA,NA,NA,NA,NA,NA,NA,NA,NA
591.960,1.9117,14.1687,1.1516,21.4783,NA,NA,NA,NA,NA,NA,NA,NA,NA,NA,NA,NA
592.006,1.9117,14.1687,1.1513,21.4515,NA,NA,NA,NA,NA,NA,NA,NA,NA,NA,NA,NA
592.118,1.9104,14.0958,1.1502,21.3310,NA,NA,NA,NA,NA,NA,NA,NA,NA,NA,NA,NA
592.207,1.9094,14.0335,1.1495,21.2641,NA,NA,NA,NA,NA,NA,NA,NA,NA,NA,NA,NA
592.302,1.9058,13.8177,1.1493,21.2430,NA,NA,NA,NA,NA,NA,NA,NA,NA,NA,NA,NA
592.398,1.9073,13.9080,1.1486,21.1593,NA,NA,NA,NA,NA,NA,NA,NA,NA,NA,NA,NA
592.571,1.9080,13.9484,1.1470,20.9948,NA,NA,NA,NA,NA,NA,NA,NA,NA,NA,NA,NA
592.592,1.9095,14.0423,1.1470,20.9948,NA,NA,NA,NA,NA,NA,NA,NA,NA,NA,NA,NA
592.691,1.9095,14.0423,1.1468,20.9793,NA,NA,NA,NA,NA,NA,NA,NA,NA,NA,NA,NA
592.795,1.9133,14.2663,1.1466,20.9515,NA,NA,NA,NA,NA,NA,NA,NA,NA,NA,NA,NA
592.887,1.9133,14.2663,1.1465,20.9433,NA,NA,NA,NA,NA,NA,NA,NA,NA,NA,NA,NA
592.986,1.9086,13.9838,1.1465,20.9433,NA,NA,NA,NA,NA,NA,NA,NA,NA,NA,NA,NA
593.090,1.9061,13.8359,1.1455,20.8396,NA,NA,NA,NA,NA,NA,NA,NA,NA,NA,NA,NA
593.181,1.9004,13.4936,1.1442,20.6971,NA,NA,NA,NA,NA,NA,NA,NA,NA,NA,NA,NA
593.289,1.9004,13.4936,1.1442,20.6971,NA,NA,NA,NA,NA,NA,NA,NA,NA,NA,NA,NA
593.380,1.8976,13.3296,1.1442,20.7033,NA,NA,NA,NA,NA,NA,NA,NA,NA,NA,NA,NA
593.476,1.8977,13.3342,1.1442,20.7033,NA,NA,NA,NA,NA,NA,NA,NA,NA,NA,NA,NA
593.581,1.8977,13.3342,1.1442,20.6954,NA,NA,NA,NA,NA,NA,NA,NA,NA,NA,NA,NA
593.766,1.8951,13.1772,1.1427,20.5472,NA,NA,NA,NA,NA,NA,NA,NA,NA,NA,NA,NA
593.770,1.8942,13.1257,1.1424,20.5115,NA,NA,NA,NA,NA,NA,NA,NA,NA,NA,NA,NA
593.877,1.8912,12.9481,1.1413,20.3961,NA,NA,NA,NA,NA,NA,NA,NA,NA,NA,NA,NA
593.967,1.8918,12.9798,1.1405,20.3051,NA,NA,NA,NA,NA,NA,NA,NA,NA,NA,NA,NA
594.065,1.8918,12.9807,1.1403,20.2854,NA,NA,NA,NA,NA,NA,NA,NA,NA,NA,NA,NA
594.163,1.8942,13.1240,1.1406,20.3183,NA,NA,NA,NA,NA,NA,NA,NA,NA,NA,NA,NA
594.263,1.8942,13.1240,1.1406,20.3183,NA,NA,NA,NA,NA,NA,NA,NA,NA,NA,NA,NA
594.362,1.8917,12.9755,1.1396,20.2124,NA,NA,NA,NA,NA,NA,NA,NA,NA,NA,NA,NA
594.459,1.8917,12.9755,1.1390,20.1519,NA,NA,NA,NA,NA,NA,NA,NA,NA,NA,NA,NA
594.554,1.8829,12.4520,1.1387,20.1193,NA,NA,NA,NA,NA,NA,NA,NA,NA,NA,NA,NA
594.661,1.8829,12.4520,1.1386,20.1100,NA,NA,NA,NA,NA,NA,NA,NA,NA,NA,NA,NA
594.749,1.8790,12.2152,1.1385,20.0942,NA,NA,NA,NA,NA,NA,NA,NA,NA,NA,NA,NA
594.896,1.8792,12.2289,1.1382,20.0725,NA,NA,NA,NA,NA,NA,NA,NA,NA,NA,NA,NA
594.949,1.8792,12.2289,1.1376,20.0065,NA,NA,NA,NA,NA,NA,NA,NA,NA,NA,NA,NA
595.041,1.8786,12.1941,1.1372,19.9652,NA,NA,NA,NA,NA,NA,NA,NA,NA,NA,NA,NA
595.151,1.8786,12.1941,1.1363,19.8715,NA,NA,NA,NA,NA,NA,NA,NA,NA,NA,NA,NA
595.242,1.8784,12.1839,1.1358,19.8114,NA,NA,NA,NA,NA,NA,NA,NA,NA,NA,NA,NA
595.336,1.8770,12.0973,1.1358,19.8114,NA,NA,NA,NA,NA,NA,NA,NA,NA,NA,NA,NA
595.444,1.8789,12.2143,1.1351,19.7370,NA,NA,NA,NA,NA,NA,NA,NA,NA,NA,NA,NA
595.550,1.8789,12.2143,1.1347,19.6980,NA,NA,NA,NA,NA,NA,NA,NA,NA,NA,NA,NA
595.636,1.8823,12.4179,1.1341,19.6325,NA,NA,NA,NA,NA,NA,NA,NA,NA,NA,NA,NA
595.728,1.8823,12.4179,1.1341,19.6325,NA,NA,NA,NA,NA,NA,NA,NA,NA,NA,NA,NA
595.835,1.8781,12.1615,1.1336,19.5774,NA,NA,NA,NA,NA,NA,NA,NA,NA,NA,NA,NA
595.932,1.8784,12.1829,1.1330,19.5195,NA,NA,NA,NA,NA,NA,NA,NA,NA,NA,NA,NA
596.076,1.8784,12.1829,1.1326,19.4730,NA,NA,NA,NA,NA,NA,NA,NA,NA,NA,NA,NA
596.119,1.8770,12.0975,1.1326,19.4730,NA,NA,NA,NA,NA,NA,NA,NA,NA,NA,NA,NA
596.220,1.8764,12.0602,1.1316,19.3725,NA,NA,NA,NA,NA,NA,NA,NA,NA,NA,NA,NA
596.316,1.8764,12.0657,1.1316,19.3725,NA,NA,NA,NA,NA,NA,NA,NA,NA,NA,NA,NA
596.412,1.8764,12.0657,1.1308,19.2819,NA,NA,NA,NA,NA,NA,NA,NA,NA,NA,NA,NA
596.510,1.8751,11.9843,1.1308,19.2819,NA,NA,NA,NA,NA,NA,NA,NA,NA,NA,NA,NA
596.629,1.8751,11.9843,1.1305,19.2593,NA,NA,NA,NA,NA,NA,NA,NA,NA,NA,NA,NA
596.704,1.8725,11.8303,1.1305,19.2593,NA,NA,NA,NA,NA,NA,NA,NA,NA,NA,NA,NA
596.811,1.8734,11.8853,1.1291,19.1078,NA,NA,NA,NA,NA,NA,NA,NA,NA,NA,NA,NA
596.907,1.8734,11.8853,1.1285,19.0391,NA,NA,NA,NA,NA,NA,NA,NA,NA,NA,NA,NA
597.002,1.8758,12.0282,1.1284,19.0322,NA,NA,NA,NA,NA,NA,NA,NA,NA,NA,NA,NA
597.100,1.8758,12.0282,1.1284,19.0322,NA,NA,NA,NA,NA,NA,NA,NA,NA,NA,NA,NA
597.201,1.8718,11.7858,1.1278,18.9658,NA,NA,NA,NA,NA,NA,NA,NA,NA,NA,NA,NA
597.300,1.8717,11.7816,1.1277,18.9564,NA,NA,NA,NA,NA,NA,NA,NA,NA,NA,NA,NA
597.391,1.8712,11.7504,1.1266,18.8487,NA,NA,NA,NA,NA,NA,NA,NA,NA,NA,NA,NA
597.490,1.8712,11.7504,1.1260,18.7818,NA,NA,NA,NA,NA,NA,NA,NA,NA,NA,NA,NA
597.596,1.8711,11.7486,1.1256,18.7403,NA,NA,NA,NA,NA,NA,NA,NA,NA,NA,NA,NA
597.695,1.8693,11.6391,1.1246,18.6336,NA,NA,NA,NA,NA,NA,NA,NA,NA,NA,NA,NA
597.782,1.8693,11.6391,1.1247,18.6412,NA,NA,NA,NA,NA,NA,NA,NA,NA,NA,NA,NA
597.886,1.8691,11.6254,1.1247,18.6412,NA,NA,NA,NA,NA,NA,NA,NA,NA,NA,NA,NA
597.981,1.8691,11.6254,1.1241,18.5839,NA,NA,NA,NA,NA,NA,NA,NA,NA,NA,NA,NA
598.081,1.8676,11.5387,1.1226,18.4240,NA,NA,NA,NA,NA,NA,NA,NA,NA,NA,NA,NA
598.177,1.8674,11.5270,1.1226,18.4240,NA,NA,NA,NA,NA,NA,NA,NA,NA,NA,NA,NA
598.283,1.8654,11.4081,1.1225,18.4059,NA,NA,NA,NA,NA,NA,NA,NA,NA,NA,NA,NA
598.380,1.8652,11.3967,1.1225,18.4147,NA,NA,NA,NA,NA,NA,NA,NA,NA,NA,NA,NA
598.470,1.8652,11.3967,1.1225,18.4147,NA,NA,NA,NA,NA,NA,NA,NA,NA,NA,NA,NA
598.566,1.8609,11.1350,1.1224,18.3987,NA,NA,NA,NA,NA,NA,NA,NA,NA,NA,NA,NA
598.668,1.8610,11.1457,1.1223,18.3896,NA,NA,NA,NA,NA,NA,NA,NA,NA,NA,NA,NA
598.760,1.8616,11.1790,1.1221,18.3667,NA,NA,NA,NA,NA,NA,NA,NA,NA,NA,NA,NA
598.876,1.8616,11.1790,1.1221,18.3667,NA,NA,NA,NA,NA,NA,NA,NA,NA,NA,NA,NA
598.969,1.8579,10.9563,1.1214,18.2990,NA,NA,NA,NA,NA,NA,NA,NA,NA,NA,NA,NA
599.069,1.8622,11.2157,1.1215,18.3010,NA,NA,NA,NA,NA,NA,NA,NA,NA,NA,NA,NA
599.156,1.8622,11.2157,1.1216,18.3178,NA,NA,NA,NA,NA,NA,NA,NA,NA,NA,NA,NA
599.256,1.8572,10.9176,1.1216,18.3178,NA,NA,NA,NA,NA,NA,NA,NA,NA,NA,NA,NA
599.350,1.8561,10.8496,1.1206,18.2060,NA,NA,NA,NA,NA,NA,NA,NA,NA,NA,NA,NA
599.449,1.8502,10.4957,1.1197,18.1185,NA,NA,NA,NA,NA,NA,NA,NA,NA,NA,NA,NA
599.551,1.8502,10.4957,1.1197,18.1185,NA,NA,NA,NA,NA,NA,NA,NA,NA,NA,NA,NA
599.643,1.8499,10.4814,1.1180,17.9411,NA,NA,NA,NA,NA,NA,NA,NA,NA,NA,NA,NA
599.771,1.8499,10.4814,1.1170,17.8295,NA,NA,NA,NA,NA,NA,NA,NA,NA,NA,NA,NA
599.852,1.8497,10.4672,1.1167,17.8002,NA,NA,NA,NA,NA,NA,NA,NA,NA,NA,NA,NA
599.948,1.8492,10.4370,1.1158,17.7077,NA,NA,NA,NA,NA,NA,NA,NA,NA,NA,NA,NA
600.032,1.8492,10.4370,1.1153,17.6528,NA,NA,NA,NA,NA,NA,NA,NA,NA,NA,NA,NA
600.156,1.8481,10.3697,1.1151,17.6345,NA,NA,NA,NA,NA,NA,NA,NA,NA,NA,NA,NA
600.254,1.8481,10.3697,1.1153,17.6528,NA,NA,NA,NA,NA,NA,NA,NA,NA,NA,NA,NA
600.327,1.8482,10.3804,1.1155,17.6762,NA,NA,NA,NA,NA,NA,NA,NA,NA,NA,NA,NA
600.423,1.8482,10.3804,1.1156,17.6821,NA,NA,NA,NA,NA,NA,NA,NA,NA,NA,NA,NA
600.530,1.8464,10.2728,1.1156,17.6821,NA,NA,NA,NA,NA,NA,NA,NA,NA,NA,NA,NA
600.634,1.8455,10.2155,1.1151,17.6329,NA,NA,NA,NA,NA,NA,NA,NA,NA,NA,NA,NA
600.725,1.8455,10.2155,1.1142,17.5374,NA,NA,NA,NA,NA,NA,NA,NA,NA,NA,NA,NA
600.824,1.8469,10.3002,1.1141,17.5216,NA,NA,NA,NA,NA,NA,NA,NA,NA,NA,NA,NA
600.934,1.8469,10.3002,1.1134,17.4474,NA,NA,NA,NA,NA,NA,NA,NA,NA,NA,NA,NA
601.019,1.8475,10.3387,1.1128,17.3909,NA,NA,NA,NA,NA,NA,NA,NA,NA,NA,NA,NA
601.110,1.8475,10.3387,1.1127,17.3797,NA,NA,NA,NA,NA,NA,NA,NA,NA,NA,NA,NA
601.211,1.8467,10.2860,1.1127,17.3724,NA,NA,NA,NA,NA,NA,NA,NA,NA,NA,NA,NA
601.305,1.8467,10.2860,1.1125,17.3542,NA,NA,NA,NA,NA,NA,NA,NA,NA,NA,NA,NA
601.405,1.8432,10.0823,1.1125,17.3542,NA,NA,NA,NA,NA,NA,NA,NA,NA,NA,NA,NA
601.540,1.8432,10.0823,1.1106,17.1564,NA,NA,NA,NA,NA,NA,NA,NA,NA,NA,NA,NA
601.610,1.8381,9.7753,1.1100,17.0944,NA,NA,NA,NA,NA,NA,NA,NA,NA,NA,NA,NA
