,Ch1,,Ch2,,Ch3,,Ch4,,Ch5,,Ch6,,Ch7,,Ch8,
Time (s),R (kohm),ΔR/R0 (%),R (kohm),ΔR/R0 (%),R (kohm),ΔR/R0 (%),R (kohm),ΔR/R0 (%),R (kohm),ΔR/R0 (%),R (kohm),ΔR/R0 (%),R (kohm),ΔR/R0 (%),R (kohm),ΔR/R0 (%)
0.013,3.3336,0.0000,5.4608,0.0000,58015.3200,0.0000,NA,NA,NA,NA,NA,NA,NA,NA,NA,NA
0.109,3.3336,0.0000,5.4608,0.0000,26968.4440,0.0000,194996.8160,0.0000,NA,NA,NA,NA,NA,NA,NA,NA
0.236,3.3334,0.0000,5.4602,0.0000,53836.2120,0.0000,NA,NA,NA,NA,NA,NA,NA,NA,NA,NA
0.304,3.3318,0.0000,5.4643,0.0000,53836.2120,0.0000,NA,NA,NA,NA,NA,NA,NA,NA,NA,NA
0.407,3.3318,0.0000,5.4648,0.0000,27790.2500,0.0000,193085.6960,0.0000,NA,NA,NA,NA,NA,NA,NA,NA
0.503,3.3309,0.0000,5.4648,0.0000,56339.1520,0.0000,NA,NA,NA,NA,NA,NA,NA,NA,NA,NA
0.617,3.3341,0.0000,5.4636,0.0000,56339.1520,0.0000,NA,NA,NA,NA,NA,NA,NA,NA,NA,NA
0.710,3.3583,0.0000,5.4634,0.0000,25930.7180,0.0000,NA,NA,NA,NA,NA,NA,NA,NA,NA,NA
0.853,3.4122,0.0000,5.5830,0.0000,24383.8400,0.0000,NA,NA,NA,NA,NA,NA,NA,NA,NA,NA
0.913,3.5474,0.0000,5.8803,0.0000,26241.5060,0.0000,NA,NA,NA,NA,NA,NA,NA,NA,NA,NA
1.008,3.6664,0.0000,6.0883,3.5366,49889.7920,90.1179,NA,NA,NA,NA,NA,NA,NA,NA,NA,NA
1.137,3.6935,0.7374,6.2303,5.9513,54155.8600,106.3748,NA,NA,NA,NA,NA,NA,NA,NA,NA,NA
1.196,3.7148,1.3188,6.3641,8.2268,57390.5080,118.7013,NA,NA,NA,NA,NA,NA,NA,NA,NA,NA
1.296,3.7464,2.1821,6.3956,8.7624,57390.5080,118.7013,NA,NA,NA,NA,NA,NA,NA,NA,NA,NA
1.413,3.7569,2.4671,6.4104,9.0138,27009.9460,2.9283,NA,NA,NA,NA,NA,NA,NA,NA,NA,NA
1.495,3.7569,2.4671,6.4104,9.0138,29020.7060,10.5909,NA,NA,NA,NA,NA,NA,NA,NA,NA,NA
1.589,3.7491,2.2555,6.4133,9.0626,29020.7060,10.5909,NA,NA,NA,NA,NA,NA,NA,NA,NA,NA
1.684,3.7520,2.3339,6.4137,9.0694,22445.6780,-14.4650,NA,NA,NA,NA,NA,NA,NA,NA,NA,NA
1.786,3.7651,2.6920,6.4137,9.0694,24508.4820,-6.6041,NA,NA,NA,NA,NA,NA,NA,NA,NA,NA
1.885,3.7651,2.6920,6.4317,9.3769,45755.5880,74.3634,NA,NA,NA,NA,NA,NA,NA,NA,NA,NA
1.990,3.7728,2.9008,6.6924,13.8090,50539.9880,92.5956,NA,NA,NA,NA,NA,NA,NA,NA,NA,NA
2.082,3.8103,3.9248,6.6958,13.8672,55111.2040,110.0154,NA,NA,NA,NA,NA,NA,NA,NA,NA,NA
2.179,3.8270,4.3786,6.6958,13.8672,58606.9040,123.3367,NA,NA,NA,NA,NA,NA,NA,NA,NA,NA
2.276,3.8562,5.1767,6.7215,14.3042,58606.9040,123.3367,NA,NA,NA,NA,NA,NA,NA,NA,NA,NA
2.375,3.8662,5.4486,6.7283,14.4205,27760.6000,5.7889,NA,NA,NA,NA,NA,NA,NA,NA,NA,NA
2.475,3.8943,6.2151,6.7293,14.4368,29741.2160,13.3365,NA,NA,NA,NA,NA,NA,NA,NA,NA,NA
2.600,3.9120,6.6961,6.7293,14.4368,29741.2160,13.3365,NA,NA,NA,NA,NA,NA,NA,NA,NA,NA
2.665,3.9120,6.6961,6.7205,14.2878,22856.7800,-12.8984,NA,NA,NA,NA,NA,NA,NA,NA,NA,NA
2.767,3.9077,6.5806,6.7148,14.1913,24951.3660,-4.9164,NA,NA,NA,NA,NA,NA,NA,NA,NA,NA
2.870,3.9056,6.5215,6.7475,14.7466,46533.6560,77.3285,NA,NA,NA,NA,NA,NA,NA,NA,NA,NA
2.969,3.9055,6.5191,6.8164,15.9189,51546.6480,96.4317,NA,NA,NA,NA,NA,NA,NA,NA,NA,NA
3.064,3.9336,7.2856,6.8727,16.8758,51546.6480,96.4317,NA,NA,NA,NA,NA,NA,NA,NA,NA,NA
3.181,3.9516,7.7775,6.9267,17.7945,32282.8340,23.0220,NA,NA,NA,NA,NA,NA,NA,NA,NA,NA
3.277,3.9789,8.5234,6.9579,18.3247,32282.8340,23.0220,NA,NA,NA,NA,NA,NA,NA,NA,NA,NA
3.359,3.9930,8.9055,6.9719,18.5629,23937.1040,-8.7815,NA,NA,NA,NA,NA,NA,NA,NA,NA,NA
3.462,3.9930,8.9055,6.9788,18.6800,25639.0200,-2.2959,NA,NA,NA,NA,NA,NA,NA,NA,NA,NA
3.555,3.9817,8.5988,6.9788,18.6800,47037.6760,79.2491,NA,NA,NA,NA,NA,NA,NA,NA,NA,NA
3.652,3.9699,8.2773,6.9650,18.4449,51424.3400,95.9657,NA,NA,NA,NA,NA,NA,NA,NA,NA,NA
3.762,3.9666,8.1859,6.9598,18.3565,55651.8080,112.0755,NA,NA,NA,NA,NA,NA,NA,NA,NA,NA
3.860,3.9515,7.7754,6.9564,18.2995,55651.8080,112.0755,NA,NA,NA,NA,NA,NA,NA,NA,NA,NA
3.953,3.9460,7.6235,6.9536,18.2517,25570.8140,-2.5558,193665.3600,0.0000,NA,NA,NA,NA,NA,NA,NA,NA
4.050,3.9458,7.6199,7.1018,20.7724,51603.6000,96.6488,NA,NA,NA,NA,NA,NA,NA,NA,NA,NA
4.144,3.9620,8.0611,7.2115,22.6377,51603.6000,96.6488,NA,NA,NA,NA,NA,NA,NA,NA,NA,NA
4.244,3.9673,8.2064,7.2489,23.2736,26297.2060,0.2123,NA,NA,NA,NA,NA,NA,NA,NA,NA,NA
4.385,3.9913,8.8604,7.2657,23.5598,29191.6560,11.2423,NA,NA,NA,NA,NA,NA,NA,NA,NA,NA
4.447,4.0309,9.9401,7.2667,23.5758,32123.3440,22.4143,NA,NA,NA,NA,NA,NA,NA,NA,NA,NA
4.543,4.0707,11.0247,7.2667,23.5758,32123.3440,22.4143,NA,NA,NA,NA,NA,NA,NA,NA,NA,NA
4.687,4.0717,11.0518,7.2573,23.4163,23727.0140,-9.5821,NA,NA,NA,NA,NA,NA,NA,NA,NA,NA
4.781,4.0717,11.0518,7.2379,23.0865,25306.7880,-3.5620,NA,NA,NA,NA,NA,NA,NA,NA,NA,NA
4.830,4.0487,10.4265,7.2251,22.8682,46111.5320,75.7198,NA,NA,NA,NA,NA,NA,NA,NA,NA,NA
4.929,4.0317,9.9629,7.2076,22.5707,49171.7160,87.3815,NA,NA,NA,NA,NA,NA,NA,NA,NA,NA
5.027,4.0237,9.7452,7.1926,22.3163,52358.6040,99.5259,NA,NA,NA,NA,NA,NA,NA,NA,NA,NA
5.124,4.0204,9.6546,7.1795,22.0931,52358.6040,99.5259,NA,NA,NA,NA,NA,NA,NA,NA,NA,NA
5.232,4.0117,9.4160,7.1704,21.9386,26883.6920,2.4472,193211.6640,0.0000,NA,NA,NA,NA,NA,NA,NA,NA
5.337,4.0018,9.1471,7.1585,21.7365,27786.2760,5.8867,NA,NA,NA,NA,NA,NA,NA,NA,NA,NA
5.431,4.0130,9.4528,7.1513,21.6142,30174.5340,14.9878,NA,NA,NA,NA,NA,NA,NA,NA,NA,NA
5.526,4.0365,10.0939,7.1535,21.6512,30174.5340,14.9878,NA,NA,NA,NA,NA,NA,NA,NA,NA,NA
5.629,4.0365,10.0939,7.1550,21.6763,23602.3220,-10.0573,NA,NA,NA,NA,NA,NA,NA,NA,NA,NA
5.727,4.0257,9.7996,7.1550,21.6763,25635.5840,-2.3090,NA,NA,NA,NA,NA,NA,NA,NA,NA,NA
5.831,4.0094,9.3527,7.1475,21.5498,47900.3920,82.5367,NA,NA,NA,NA,NA,NA,NA,NA,NA,NA
5.926,4.0020,9.1508,7.1510,21.6094,52544.8040,100.2355,NA,NA,NA,NA,NA,NA,NA,NA,NA,NA
6.016,4.0020,9.1508,7.1510,21.6094,56189.8760,114.1260,NA,NA,NA,NA,NA,NA,NA,NA,NA,NA
6.117,4.0034,9.1904,7.1496,21.5854,56189.8760,114.1260,NA,NA,NA,NA,NA,NA,NA,NA,NA,NA
6.222,4.0034,9.1904,7.1356,21.3468,26579.8020,1.2892,NA,NA,NA,NA,NA,NA,NA,NA,NA,NA
6.308,3.9830,8.6326,7.1278,21.2148,28533.6480,8.7348,NA,NA,NA,NA,NA,NA,NA,NA,NA,NA
6.411,3.9750,8.4146,7.1083,20.8818,28533.6480,8.7348,NA,NA,NA,NA,NA,NA,NA,NA,NA,NA
6.517,3.9725,8.3464,7.0922,20.6091,21830.6700,-16.8086,NA,NA,NA,NA,NA,NA,NA,NA,NA,NA
6.608,3.9792,8.5293,7.0733,20.2874,23793.6040,-9.3284,NA,NA,NA,NA,NA,NA,NA,NA,NA,NA
6.748,3.9792,8.5293,7.0668,20.1768,26128.0240,-0.4325,NA,NA,NA,NA,NA,NA,NA,NA,NA,NA
6.798,3.9592,7.9852,7.0535,19.9512,49105.4960,87.1291,NA,NA,NA,NA,NA,NA,NA,NA,NA,NA
6.897,3.9437,7.5633,7.0359,19.6512,54110.7360,106.2029,NA,NA,NA,NA,NA,NA,NA,NA,NA,NA
6.997,3.9437,7.5633,7.0286,19.5275,58069.6000,121.2891,NA,NA,NA,NA,NA,NA,NA,NA,NA,NA
7.103,3.9247,7.0445,7.0214,19.4050,58069.6000,121.2891,NA,NA,NA,NA,NA,NA,NA,NA,NA,NA
7.203,3.9341,7.3000,6.9999,19.0384,27291.7180,4.0021,NA,NA,NA,NA,NA,NA,NA,NA,NA,NA
7.293,3.9341,7.3000,6.9967,18.9845,29328.1080,11.7623,NA,NA,NA,NA,NA,NA,NA,NA,NA,NA
7.408,3.9246,7.0416,7.0011,19.0588,29328.1080,11.7623,NA,NA,NA,NA,NA,NA,NA,NA,NA,NA
7.499,3.9316,7.2319,7.0063,19.1475,49631.8880,89.1351,NA,NA,NA,NA,NA,NA,NA,NA,NA,NA
7.595,3.9316,7.2319,7.0086,19.1869,53865.9040,105.2699,NA,NA,NA,NA,NA,NA,NA,NA,NA,NA
7.700,3.9010,6.3982,7.0086,19.1869,57951.2720,120.8382,NA,NA,NA,NA,NA,NA,NA,NA,NA,NA
7.792,3.9043,6.4876,7.0109,19.2252,57951.2720,120.8382,NA,NA,NA,NA,NA,NA,NA,NA,NA,NA
7.887,3.9043,6.4876,7.0136,19.2724,27149.9960,3.4620,NA,NA,NA,NA,NA,NA,NA,NA,NA,NA
7.984,3.9023,6.4341,7.0136,19.2724,30498.9180,16.2240,NA,NA,NA,NA,NA,NA,NA,NA,NA,NA
8.088,3.9054,6.5163,7.0030,19.0915,30498.9180,16.2240,NA,NA,NA,NA,NA,NA,NA,NA,NA,NA
8.190,3.9054,6.5163,6.9951,18.9578,23423.0900,-10.7403,NA,NA,NA,NA,NA,NA,NA,NA,NA,NA
8.287,3.8977,6.3061,6.9781,18.6677,25012.2080,-4.6846,NA,NA,NA,NA,NA,NA,NA,NA,NA,NA
8.379,3.8977,6.3061,6.9692,18.5169,46078.4680,75.5938,NA,NA,NA,NA,NA,NA,NA,NA,NA,NA
8.472,3.8824,5.8888,6.9619,18.3930,50238.0560,91.4450,NA,NA,NA,NA,NA,NA,NA,NA,NA,NA
8.632,3.8709,5.5764,6.9392,18.0069,54787.0080,108.7800,NA,NA,NA,NA,NA,NA,NA,NA,NA,NA
8.683,3.8674,5.4820,6.9297,17.8445,54787.0080,108.7800,NA,NA,NA,NA,NA,NA,NA,NA,NA,NA
8.766,3.8607,5.2994,6.9071,17.4616,24974.8880,-4.8268,NA,NA,NA,NA,NA,NA,NA,NA,NA,NA
8.865,3.8607,5.2994,6.8879,17.1347,27313.1060,4.0836,NA,NA,NA,NA,NA,NA,NA,NA,NA,NA
8.975,3.8742,5.6675,6.8712,16.8505,30996.1860,18.1189,NA,NA,NA,NA,NA,NA,NA,NA,NA,NA
9.091,3.8742,5.6675,6.8571,16.6109,30996.1860,18.1189,NA,NA,NA,NA,NA,NA,NA,NA,NA,NA
9.161,3.8680,5.4974,6.8491,16.4752,23903.4880,-8.9096,NA,NA,NA,NA,NA,NA,NA,NA,NA,NA
9.261,3.8531,5.0903,6.8319,16.1812,25515.0000,-2.7685,NA,NA,NA,NA,NA,NA,NA,NA,NA,NA
9.357,3.8323,4.5229,6.8130,15.8603,47376.7440,80.5413,NA,NA,NA,NA,NA,NA,NA,NA,NA,NA
9.461,3.8286,4.4236,6.8051,15.7259,51386.6880,95.8222,NA,NA,NA,NA,NA,NA,NA,NA,NA,NA
9.555,3.8094,3.8986,6.7969,15.5871,55990.7960,113.3673,NA,NA,NA,NA,NA,NA,NA,NA,NA,NA
9.650,3.8063,3.8140,6.7839,15.3664,55990.7960,113.3673,NA,NA,NA,NA,NA,NA,NA,NA,NA,NA
9.800,3.8063,3.8140,6.7762,15.2348,25694.9420,-2.0828,193288.7040,0.0000,NA,NA,NA,NA,NA,NA,NA,NA
9.845,3.8017,3.6885,6.7666,15.0714,52757.2960,101.0452,NA,NA,NA,NA,NA,NA,NA,NA,NA,NA
9.956,3.7975,3.5744,6.7561,14.8932,NA,NA,NA,NA,NA,NA,NA,NA,NA,NA,NA,NA
10.063,3.7960,3.5332,6.7511,14.8085,NA,NA,NA,NA,NA,NA,NA,NA,NA,NA,NA,NA
10.150,3.7921,3.4280,6.7410,14.6363,29127.7200,10.9987,NA,NA,NA,NA,NA,NA,NA,NA,NA,NA
10.258,3.8261,4.3545,6.7355,14.5432,30156.7880,14.9202,NA,NA,NA,NA,NA,NA,NA,NA,NA,NA
10.358,3.8405,4.7473,6.7321,14.4851,30156.7880,14.9202,NA,NA,NA,NA,NA,NA,NA,NA,NA,NA
10.462,3.8405,4.7473,6.7299,14.4478,22939.0260,-12.5849,NA,NA,NA,NA,NA,NA,NA,NA,NA,NA
10.542,3.8380,4.6783,6.7229,14.3277,25004.1980,-4.7151,NA,NA,NA,NA,NA,NA,NA,NA,NA,NA
10.646,3.8380,4.6783,6.7187,14.2571,46535.4320,77.3352,NA,NA,NA,NA,NA,NA,NA,NA,NA,NA
10.741,3.8155,4.0645,6.7129,14.1581,51653.1960,96.8378,NA,NA,NA,NA,NA,NA,NA,NA,NA,NA
10.835,3.7977,3.5798,6.7099,14.1069,56158.6120,114.0068,NA,NA,NA,NA,NA,NA,NA,NA,NA,NA
10.937,3.7930,3.4520,6.7049,14.0218,56158.6120,114.0068,NA,NA,NA,NA,NA,NA,NA,NA,NA,NA
11.042,3.7930,3.4520,6.7010,13.9567,25944.5960,-1.1315,NA,NA,NA,NA,NA,NA,NA,NA,NA,NA
11.138,3.7969,3.5580,6.7010,13.9567,25944.5960,-1.1315,NA,NA,NA,NA,NA,NA,NA,NA,NA,NA
11.248,3.7969,3.5580,6.6959,13.8684,25789.0520,-1.7242,NA,NA,NA,NA,NA,NA,NA,NA,NA,NA
11.337,3.7910,3.3981,6.6924,13.8100,47086.3200,79.4345,NA,NA,NA,NA,NA,NA,NA,NA,NA,NA
11.438,3.7800,3.0970,6.6880,13.7348,51594.0120,96.6122,NA,NA,NA,NA,NA,NA,NA,NA,NA,NA
11.595,3.7671,2.7458,6.6850,13.6835,55840.6600,112.7952,NA,NA,NA,NA,NA,NA,NA,NA,NA,NA
11.630,3.7737,2.9256,6.6831,13.6517,55840.6600,112.7952,NA,NA,NA,NA,NA,NA,NA,NA,NA,NA
11.726,3.7831,3.1825,6.6787,13.5774,25609.6780,-2.4077,192863.6160,0.0000,NA,NA,NA,NA,NA,NA,NA,NA
11.823,3.7854,3.2434,6.6728,13.4757,51851.4760,97.5934,NA,NA,NA,NA,NA,NA,NA,NA,NA,NA
11.922,3.7858,3.2549,6.6694,13.4183,51851.4760,97.5934,NA,NA,NA,NA,NA,NA,NA,NA,NA,NA
12.027,3.7858,3.2549,6.6644,13.3334,26285.7740,0.1687,NA,NA,NA,NA,NA,NA,NA,NA,NA,NA
12.186,3.7841,3.2104,6.6627,13.3047,29143.2440,11.0578,196956.3200,0.0000,NA,NA,NA,NA,NA,NA,NA,NA
12.221,3.7864,3.2705,6.6587,13.2364,60545.5720,130.7245,NA,NA,NA,NA,NA,NA,NA,NA,NA,NA
12.324,3.7864,3.2705,6.6571,13.2094,60545.5720,130.7245,NA,NA,NA,NA,NA,NA,NA,NA,NA,NA
12.432,3.7827,3.1698,6.6530,13.1395,27412.9640,4.4641,NA,NA,NA,NA,NA,NA,NA,NA,NA,NA
12.522,3.7846,3.2240,6.6504,13.0956,25564.2280,-2.5809,NA,NA,NA,NA,NA,NA,NA,NA,NA,NA
12.619,3.7846,3.2240,6.6473,13.0429,47316.3920,80.3113,NA,NA,NA,NA,NA,NA,NA,NA,NA,NA
12.716,3.7796,3.0876,6.6477,13.0488,51567.9880,96.5131,NA,NA,NA,NA,NA,NA,NA,NA,NA,NA
12.888,3.7753,2.9688,6.6477,13.0488,55123.4920,110.0622,NA,NA,NA,NA,NA,NA,NA,NA,NA,NA
12.912,3.7740,2.9343,6.6439,12.9853,55123.4920,110.0622,NA,NA,NA,NA,NA,NA,NA,NA,NA,NA
13.010,3.7741,2.9371,6.6416,12.9456,25853.7340,-1.4777,NA,NA,NA,NA,NA,NA,NA,NA,NA,NA
13.113,3.7744,2.9439,6.6416,12.9456,27823.7520,6.0296,NA,NA,NA,NA,NA,NA,NA,NA,NA,NA
13.207,3.7868,3.2830,6.6387,12.8957,30288.3180,15.4214,NA,NA,NA,NA,NA,NA,NA,NA,NA,NA
13.314,3.7902,3.3749,6.6324,12.7891,30288.3180,15.4214,NA,NA,NA,NA,NA,NA,NA,NA,NA,NA
13.441,3.7902,3.3749,6.6298,12.7443,23695.5700,-9.7019,NA,NA,NA,NA,NA,NA,NA,NA,NA,NA
13.499,3.7787,3.0622,6.6281,12.7161,25680.2360,-2.1389,NA,NA,NA,NA,NA,NA,NA,NA,NA,NA
13.598,3.7779,3.0410,6.6240,12.6459,48245.0160,83.8500,NA,NA,NA,NA,NA,NA,NA,NA,NA,NA
13.703,3.7649,2.6842,6.6199,12.5776,52830.6080,101.3246,NA,NA,NA,NA,NA,NA,NA,NA,NA,NA
13.801,3.7594,2.5356,6.6174,12.5343,56581.7680,115.6194,NA,NA,NA,NA,NA,NA,NA,NA,NA,NA
13.892,3.7563,2.4496,6.6174,12.5343,56581.7680,115.6194,NA,NA,NA,NA,NA,NA,NA,NA,NA,NA
14.048,3.7563,2.4496,6.6146,12.4871,26605.3180,1.3864,NA,NA,NA,NA,NA,NA,NA,NA,NA,NA
14.097,3.7544,2.4000,6.6128,12.4555,28601.5540,8.9936,NA,NA,NA,NA,NA,NA,NA,NA,NA,NA
14.188,3.7715,2.8660,6.6068,12.3534,28601.5540,8.9936,NA,NA,NA,NA,NA,NA,NA,NA,NA,NA
14.285,3.7731,2.9098,6.6053,12.3290,21854.7700,-16.7168,NA,NA,NA,NA,NA,NA,NA,NA,NA,NA
14.380,3.7731,2.9098,6.6053,12.3290,23839.1000,-9.1550,NA,NA,NA,NA,NA,NA,NA,NA,NA,NA
14.485,3.7532,2.3671,6.6006,12.2486,26076.1480,-0.6301,NA,NA,NA,NA,NA,NA,NA,NA,NA,NA
14.609,3.7506,2.2954,6.5983,12.2096,49328.9600,87.9807,NA,NA,NA,NA,NA,NA,NA,NA,NA,NA
14.678,3.7503,2.2884,6.5959,12.1684,54049.6800,105.9702,NA,NA,NA,NA,NA,NA,NA,NA,NA,NA
14.773,3.7517,2.3240,6.5933,12.1245,58314.5200,122.2225,NA,NA,NA,NA,NA,NA,NA,NA,NA,NA
14.888,3.7517,2.3240,6.5933,12.1245,58314.5200,122.2225,NA,NA,NA,NA,NA,NA,NA,NA,NA,NA
14.988,3.7528,2.3551,6.5910,12.0848,27292.7060,4.0059,NA,NA,NA,NA,NA,NA,NA,NA,NA,NA
15.075,3.7528,2.3551,6.5896,12.0612,29429.6520,12.1492,NA,NA,NA,NA,NA,NA,NA,NA,NA,NA
15.173,3.7675,2.7571,6.5779,11.8617,29429.6520,12.1492,NA,NA,NA,NA,NA,NA,NA,NA,NA,NA
15.277,3.7687,2.7899,6.5768,11.8431,22246.3900,-15.2244,NA,NA,NA,NA,NA,NA,NA,NA,NA,NA
15.379,3.7687,2.7899,6.5729,11.7776,54472.9440,107.5831,NA,NA,NA,NA,NA,NA,NA,NA,NA,NA
15.470,3.7497,2.2718,6.5686,11.7037,58236.8360,121.9264,NA,NA,NA,NA,NA,NA,NA,NA,NA,NA
15.568,3.7434,2.0994,6.5677,11.6888,58236.8360,121.9264,NA,NA,NA,NA,NA,NA,NA,NA,NA,NA
15.666,3.7393,1.9880,6.5677,11.6888,27158.7120,3.4952,NA,NA,NA,NA,NA,NA,NA,NA,NA,NA
15.821,3.7438,2.1092,6.5622,11.5960,30272.5100,15.3612,NA,NA,NA,NA,NA,NA,NA,NA,NA,NA
15.868,3.7510,2.3065,6.5646,11.6363,30272.5100,15.3612,NA,NA,NA,NA,NA,NA,NA,NA,NA,NA
15.963,3.7575,2.4843,6.5646,11.6363,23454.9340,-10.6189,NA,NA,NA,NA,NA,NA,NA,NA,NA,NA
16.067,3.7597,2.5448,6.5634,11.6153,25056.2040,-4.5169,NA,NA,NA,NA,NA,NA,NA,NA,NA,NA
16.157,3.7597,2.5448,6.5507,11.4004,46393.3720,76.7939,NA,NA,NA,NA,NA,NA,NA,NA,NA,NA
16.277,3.7533,2.3687,6.5532,11.4418,50307.8960,91.7112,NA,NA,NA,NA,NA,NA,NA,NA,NA,NA
16.411,3.7513,2.3141,6.5532,11.4418,54930.5680,109.3270,NA,NA,NA,NA,NA,NA,NA,NA,NA,NA
16.446,3.7451,2.1455,6.5477,11.3494,54930.5680,109.3270,NA,NA,NA,NA,NA,NA,NA,NA,NA,NA
16.550,3.7451,2.1455,6.5473,11.3418,25048.1620,-4.5475,NA,NA,NA,NA,NA,NA,NA,NA,NA,NA
16.648,3.7414,2.0445,6.5473,11.3418,27237.9200,3.7971,NA,NA,NA,NA,NA,NA,NA,NA,NA,NA
16.741,3.7423,2.0701,6.5441,11.2882,30818.2560,17.4409,NA,NA,NA,NA,NA,NA,NA,NA,NA,NA
16.835,3.7485,2.2384,6.5396,11.2116,30818.2560,17.4409,NA,NA,NA,NA,NA,NA,NA,NA,NA,NA
16.977,3.7524,2.3443,6.5394,11.2078,23947.8860,-8.7404,NA,NA,NA,NA,NA,NA,NA,NA,NA,NA
17.036,3.7524,2.3443,6.5390,11.2006,25510.8420,-2.7844,NA,NA,NA,NA,NA,NA,NA,NA,NA,NA
17.135,3.7419,2.0570,6.5434,11.2766,47820.8160,82.2335,NA,NA,NA,NA,NA,NA,NA,NA,NA,NA
17.241,3.7310,1.7603,6.5434,11.2766,51369.7640,95.7577,NA,NA,NA,NA,NA,NA,NA,NA,NA,NA
17.329,3.7256,1.6143,6.5396,11.2117,56178.9120,114.0842,NA,NA,NA,NA,NA,NA,NA,NA,NA,NA
17.432,3.7256,1.6143,6.5346,11.1268,56178.9120,114.0842,NA,NA,NA,NA,NA,NA,NA,NA,NA,NA
17.562,3.7235,1.5559,6.5293,11.0354,25838.3760,-1.5362,NA,NA,NA,NA,NA,NA,NA,NA,NA,NA
17.621,3.7219,1.5136,6.5232,10.9315,27943.0800,6.4843,NA,NA,NA,NA,NA,NA,NA,NA,NA,NA
17.719,3.7242,1.5741,6.5198,10.8749,27943.0800,6.4843,NA,NA,NA,NA,NA,NA,NA,NA,NA,NA
17.822,3.7242,1.5741,6.5197,10.8720,22276.5560,-15.1095,NA,NA,NA,NA,NA,NA,NA,NA,NA,NA
17.919,3.7279,1.6758,6.5174,10.8344,24151.9000,-7.9630,NA,NA,NA,NA,NA,NA,NA,NA,NA,NA
18.016,3.7279,1.6758,6.5174,10.8344,25936.2720,-1.1632,NA,NA,NA,NA,NA,NA,NA,NA,NA,NA
18.124,3.7199,1.4583,6.5122,10.7454,49015.5760,86.7864,NA,NA,NA,NA,NA,NA,NA,NA,NA,NA
18.233,3.6975,0.8461,6.5066,10.6505,49015.5760,86.7864,NA,NA,NA,NA,NA,NA,NA,NA,NA,NA
18.327,3.6975,0.8461,6.5040,10.6064,31114.2520,18.5689,NA,NA,NA,NA,NA,NA,NA,NA,NA,NA
18.418,3.7132,1.2747,6.4930,10.4189,31114.2520,18.5689,NA,NA,NA,NA,NA,NA,NA,NA,NA,NA
18.516,3.7132,1.2747,6.4878,10.3298,22916.9840,-12.6689,NA,NA,NA,NA,NA,NA,NA,NA,NA,NA
18.609,3.7112,1.2211,6.4847,10.2771,24521.8960,-6.5530,NA,NA,NA,NA,NA,NA,NA,NA,NA,NA
18.821,3.7109,1.2113,6.4834,10.2558,45138.8080,72.0130,NA,NA,NA,NA,NA,NA,NA,NA,NA,NA
18.826,3.7109,1.2113,6.4791,10.1832,48959.3200,86.5721,NA,NA,NA,NA,NA,NA,NA,NA,NA,NA
18.913,3.7049,1.0476,6.4765,10.1382,52591.4840,100.4134,NA,NA,NA,NA,NA,NA,NA,NA,NA,NA
19.002,3.7007,0.9341,6.4713,10.0497,56503.0320,115.3193,NA,NA,NA,NA,NA,NA,NA,NA,NA,NA
19.108,3.6960,0.8057,6.4682,9.9965,56503.0320,115.3193,NA,NA,NA,NA,NA,NA,NA,NA,NA,NA
19.200,3.6960,0.8057,6.4646,9.9358,28156.0480,7.2959,NA,NA,NA,NA,NA,NA,NA,NA,NA,NA
19.307,3.7106,1.2046,6.4623,9.8967,31418.4240,19.7280,NA,NA,NA,NA,NA,NA,NA,NA,NA,NA
19.449,3.7172,1.3844,6.4567,9.8019,31418.4240,19.7280,NA,NA,NA,NA,NA,NA,NA,NA,NA,NA
19.491,3.7172,1.3844,6.4510,9.7050,23348.9880,-11.0227,NA,NA,NA,NA,NA,NA,NA,NA,NA,NA
19.589,3.7395,1.9913,6.4494,9.6780,25002.3220,-4.7222,NA,NA,NA,NA,NA,NA,NA,NA,NA,NA
19.695,3.7395,1.9913,6.4482,9.6565,46064.1040,75.5391,NA,NA,NA,NA,NA,NA,NA,NA,NA,NA
19.797,3.7319,1.7867,6.4481,9.6549,50188.7120,91.2570,NA,NA,NA,NA,NA,NA,NA,NA,NA,NA
19.888,3.7119,1.2396,6.4420,9.5515,53966.7440,105.6541,NA,NA,NA,NA,NA,NA,NA,NA,NA,NA
20.037,3.7036,1.0145,6.4346,9.4251,53966.7440,105.6541,NA,NA,NA,NA,NA,NA,NA,NA,NA,NA
20.083,3.6956,0.7945,6.4346,9.4251,25045.7240,-4.5568,NA,NA,NA,NA,NA,NA,NA,NA,NA,NA
20.179,3.6952,0.7835,6.4271,9.2987,28301.4040,7.8498,NA,NA,NA,NA,NA,NA,NA,NA,NA,NA
20.279,3.7059,1.0765,6.4234,9.2355,32025.5480,22.0416,NA,NA,NA,NA,NA,NA,NA,NA,NA,NA
20.376,3.7237,1.5628,6.4184,9.1497,32025.5480,22.0416,NA,NA,NA,NA,NA,NA,NA,NA,NA,NA
20.480,3.7237,1.5628,6.4159,9.1083,23781.5540,-9.3743,NA,NA,NA,NA,NA,NA,NA,NA,NA,NA
20.570,3.7210,1.4880,6.4150,9.0930,25492.6680,-2.8536,NA,NA,NA,NA,NA,NA,NA,NA,NA,NA
20.671,3.6964,0.8157,6.4130,9.0582,47060.9920,79.3380,NA,NA,NA,NA,NA,NA,NA,NA,NA,NA
20.765,3.6964,0.8157,6.4088,8.9868,51203.4200,95.1238,NA,NA,NA,NA,NA,NA,NA,NA,NA,NA
20.872,3.6884,0.5987,6.4060,8.9384,55297.4920,110.7253,NA,NA,NA,NA,NA,NA,NA,NA,NA,NA
20.970,3.6656,-0.0236,6.4041,8.9075,55297.4920,110.7253,NA,NA,NA,NA,NA,NA,NA,NA,NA,NA
21.079,3.6678,0.0383,6.4022,8.8754,25624.0960,-2.3528,194240.8800,0.0000,NA,NA,NA,NA,NA,NA,NA,NA
21.169,3.6678,0.0383,6.3981,8.8046,28650.8560,9.1814,NA,NA,NA,NA,NA,NA,NA,NA,NA,NA
21.265,3.6926,0.7127,6.3954,8.7590,31468.8360,19.9201,NA,NA,NA,NA,NA,NA,NA,NA,NA,NA
21.370,3.6926,0.7127,6.3888,8.6466,31468.8360,19.9201,NA,NA,NA,NA,NA,NA,NA,NA,NA,NA
21.461,3.6904,0.6526,6.3846,8.5750,23161.0980,-11.7387,NA,NA,NA,NA,NA,NA,NA,NA,NA,NA
21.563,3.6904,0.6526,6.3799,8.4956,25102.0860,-4.3421,NA,NA,NA,NA,NA,NA,NA,NA,NA,NA
21.661,3.6835,0.4650,6.3786,8.4736,45487.8240,73.3430,NA,NA,NA,NA,NA,NA,NA,NA,NA,NA
21.812,3.6546,-0.3243,6.3755,8.4204,51411.7960,95.9179,NA,NA,NA,NA,NA,NA,NA,NA,NA,NA
21.860,3.6546,-0.3243,6.3752,8.4161,57264.2000,118.2199,NA,NA,NA,NA,NA,NA,NA,NA,NA,NA
21.956,3.6528,-0.3727,6.3752,8.4161,57264.2000,118.2199,NA,NA,NA,NA,NA,NA,NA,NA,NA,NA
22.051,3.6512,-0.4163,6.3758,8.4258,26770.6580,2.0165,NA,NA,NA,NA,NA,NA,NA,NA,NA,NA
22.149,3.6502,-0.4439,6.3758,8.4258,29429.7820,12.1497,NA,NA,NA,NA,NA,NA,NA,NA,NA,NA
22.252,3.6630,-0.0952,6.3712,8.3474,29429.7820,12.1497,NA,NA,NA,NA,NA,NA,NA,NA,NA,NA
22.366,3.6731,0.1823,6.3712,8.3474,21839.1360,-16.7764,NA,NA,NA,NA,NA,NA,NA,NA,NA,NA
22.445,3.6740,0.2055,6.3706,8.3372,23274.8140,-11.3053,NA,NA,NA,NA,NA,NA,NA,NA,NA,NA
22.547,3.6740,0.2055,6.3694,8.3175,25347.7400,-3.4059,NA,NA,NA,NA,NA,NA,NA,NA,NA,NA
22.642,3.6638,-0.0728,6.3676,8.2867,46295.9200,76.4225,NA,NA,NA,NA,NA,NA,NA,NA,NA,NA
22.738,3.6638,-0.0728,6.3661,8.2599,52153.0800,98.7427,NA,NA,NA,NA,NA,NA,NA,NA,NA,NA
22.838,3.6649,-0.0428,6.3612,8.1778,58215.6840,121.8458,NA,NA,NA,NA,NA,NA,NA,NA,NA,NA
22.963,3.6649,-0.0428,6.3612,8.1778,58215.6840,121.8458,NA,NA,NA,NA,NA,NA,NA,NA,NA,NA
23.069,3.6576,-0.2417,6.3589,8.1388,27389.5160,4.3748,NA,NA,NA,NA,NA,NA,NA,NA,NA,NA
23.134,3.6578,-0.2363,6.3633,8.2134,30169.4900,14.9686,NA,NA,NA,NA,NA,NA,NA,NA,NA,NA
23.229,3.6799,0.3676,6.3688,8.3071,30169.4900,14.9686,NA,NA,NA,NA,NA,NA,NA,NA,NA,NA
23.332,3.6799,0.3676,6.3750,8.4125,22384.4920,-14.6981,NA,NA,NA,NA,NA,NA,NA,NA,NA,NA
23.427,3.6768,0.2812,6.3750,8.4125,54820.4800,108.9075,NA,NA,NA,NA,NA,NA,NA,NA,NA,NA
23.560,3.6630,-0.0940,6.3776,8.4565,59000.5080,124.8366,NA,NA,NA,NA,NA,NA,NA,NA,NA,NA
23.625,3.6462,-0.5512,6.3853,8.5879,59000.5080,124.8366,NA,NA,NA,NA,NA,NA,NA,NA,NA,NA
23.734,3.6462,-0.5512,6.3899,8.6658,27786.8500,5.8889,NA,NA,NA,NA,NA,NA,NA,NA,NA,NA
23.869,3.6411,-0.6920,6.3920,8.7014,29679.4740,13.1013,NA,NA,NA,NA,NA,NA,NA,NA,NA,NA
23.917,3.6427,-0.6478,6.3920,8.7014,29679.4740,13.1013,NA,NA,NA,NA,NA,NA,NA,NA,NA,NA
24.018,3.6434,-0.6292,6.3916,8.6941,23106.5960,-11.9464,NA,NA,NA,NA,NA,NA,NA,NA,NA,NA
24.193,3.6515,-0.4088,6.3911,8.6861,25127.0800,-4.2468,NA,NA,NA,NA,NA,NA,NA,NA,NA,NA
24.214,3.6515,-0.4088,6.3978,8.8002,46982.7520,79.0398,NA,NA,NA,NA,NA,NA,NA,NA,NA,NA
24.320,3.6425,-0.6543,6.3978,8.8002,51754.5560,97.2240,NA,NA,NA,NA,NA,NA,NA,NA,NA,NA
24.424,3.6372,-0.7988,6.3925,8.7099,55956.4560,113.2365,NA,NA,NA,NA,NA,NA,NA,NA,NA,NA
24.516,3.6357,-0.8371,6.3946,8.7454,55956.4560,113.2365,NA,NA,NA,NA,NA,NA,NA,NA,NA,NA
24.609,3.6227,-1.1942,6.3946,8.7454,25972.9280,-1.0235,NA,NA,NA,NA,NA,NA,NA,NA,NA,NA
24.712,3.6153,-1.3963,6.3957,8.7633,28035.2020,6.8353,NA,NA,NA,NA,NA,NA,NA,NA,NA,NA
24.805,3.6237,-1.1654,6.3957,8.7633,30389.4060,15.8066,NA,NA,NA,NA,NA,NA,NA,NA,NA,NA
24.900,3.6282,-1.0429,6.3942,8.7393,30389.4060,15.8066,NA,NA,NA,NA,NA,NA,NA,NA,NA,NA
24.998,3.6379,-0.7783,6.3942,8.7393,23450.7900,-10.6347,NA,NA,NA,NA,NA,NA,NA,NA,NA,NA
25.098,3.6379,-0.7783,6.3914,8.6913,25586.5400,-2.4959,NA,NA,NA,NA,NA,NA,NA,NA,NA,NA
25.200,3.6354,-0.8468,6.3887,8.6453,47814.4880,82.2094,NA,NA,NA,NA,NA,NA,NA,NA,NA,NA
25.291,3.6251,-1.1265,6.3881,8.6353,52917.0000,101.6538,NA,NA,NA,NA,NA,NA,NA,NA,NA,NA
25.446,3.6271,-1.0727,6.3760,8.4298,57353.1560,118.5589,NA,NA,NA,NA,NA,NA,NA,NA,NA,NA
25.486,3.6271,-1.0727,6.3725,8.3688,57353.1560,118.5589,NA,NA,NA,NA,NA,NA,NA,NA,NA,NA
25.605,3.6119,-1.4885,6.3661,8.2608,26746.0360,1.9226,NA,NA,NA,NA,NA,NA,NA,NA,NA,NA
25.680,3.6120,-1.4847,6.3634,8.2153,28839.0940,9.8988,NA,NA,NA,NA,NA,NA,NA,NA,NA,NA
25.782,3.6120,-1.4847,6.3634,8.2153,28839.0940,9.8988,NA,NA,NA,NA,NA,NA,NA,NA,NA,NA
25.881,3.6158,-1.3813,6.3617,8.1854,21747.6940,-17.1248,NA,NA,NA,NA,NA,NA,NA,NA,NA,NA
26.040,3.6308,-0.9715,6.3572,8.1089,23570.1920,-10.1797,NA,NA,NA,NA,NA,NA,NA,NA,NA,NA
26.077,3.6308,-0.9715,6.3554,8.0792,25932.8740,-1.1761,NA,NA,NA,NA,NA,NA,NA,NA,NA,NA
26.175,3.6107,-1.5197,6.3507,7.9984,48629.3280,85.3145,NA,NA,NA,NA,NA,NA,NA,NA,NA,NA
26.277,3.5992,-1.8345,6.3452,7.9051,53811.8160,105.0637,NA,NA,NA,NA,NA,NA,NA,NA,NA,NA
26.369,3.5990,-1.8403,6.3407,7.8284,58779.9760,123.9962,NA,NA,NA,NA,NA,NA,NA,NA,NA,NA
26.473,3.5941,-1.9720,6.3237,7.5393,58779.9760,123.9962,NA,NA,NA,NA,NA,NA,NA,NA,NA,NA
26.640,3.5961,-1.9181,6.3146,7.3850,26737.6600,1.8907,NA,NA,NA,NA,NA,NA,NA,NA,NA,NA
26.678,3.5990,-1.8401,6.3056,7.2312,24911.1560,-5.0696,NA,NA,NA,NA,NA,NA,NA,NA,NA,NA
26.775,3.5990,-1.8401,6.2936,7.0277,45663.5360,74.0126,NA,NA,NA,NA,NA,NA,NA,NA,NA,NA
26.880,3.5914,-2.0460,6.2900,6.9664,49275.0800,87.7754,NA,NA,NA,NA,NA,NA,NA,NA,NA,NA
26.962,3.5914,-2.0460,6.2905,6.9743,53771.8560,104.9115,NA,NA,NA,NA,NA,NA,NA,NA,NA,NA
27.061,3.5900,-2.0849,6.2905,6.9743,58320.3400,122.2446,NA,NA,NA,NA,NA,NA,NA,NA,NA,NA
27.227,3.5900,-2.0849,6.2877,6.9278,58320.3400,122.2446,NA,NA,NA,NA,NA,NA,NA,NA,NA,NA
27.286,3.5893,-2.1033,6.2837,6.8588,27053.1000,3.0928,195926.9440,0.0000,NA,NA,NA,NA,NA,NA,NA,NA
27.356,3.5871,-2.1649,6.2795,6.7879,54097.3680,106.1519,NA,NA,NA,NA,NA,NA,NA,NA,NA,NA
27.458,3.5871,-2.1649,6.2743,6.6988,54097.3680,106.1519,NA,NA,NA,NA,NA,NA,NA,NA,NA,NA
27.555,3.5929,-2.0060,6.2740,6.6951,27756.0340,5.7715,195125.7600,0.0000,NA,NA,NA,NA,NA,NA,NA,NA
27.657,3.5929,-2.0060,6.2740,6.6951,56545.7680,115.4822,NA,NA,NA,NA,NA,NA,NA,NA,NA,NA
27.767,3.5928,-2.0080,6.2738,6.6908,56545.7680,115.4822,NA,NA,NA,NA,NA,NA,NA,NA,NA,NA
27.857,3.5985,-1.8541,6.2718,6.6575,26070.6300,-0.6512,NA,NA,NA,NA,NA,NA,NA,NA,NA,NA
27.957,3.6012,-1.7781,6.2718,6.6573,24256.4300,-7.5646,NA,NA,NA,NA,NA,NA,NA,NA,NA,NA
28.057,3.6012,-1.7781,6.2716,6.6533,26254.2620,0.0486,NA,NA,NA,NA,NA,NA,NA,NA,NA,NA
28.172,3.5994,-1.8294,6.2716,6.6533,49520.9920,88.7125,NA,NA,NA,NA,NA,NA,NA,NA,NA,NA
28.252,3.6015,-1.7709,6.2714,6.6502,53948.6720,105.5853,NA,NA,NA,NA,NA,NA,NA,NA,NA,NA
28.404,3.6022,-1.7531,6.2733,6.6817,57501.6040,119.1246,NA,NA,NA,NA,NA,NA,NA,NA,NA,NA
28.464,3.6022,-1.7531,6.2733,6.6817,57501.6040,119.1246,NA,NA,NA,NA,NA,NA,NA,NA,NA,NA
28.546,3.5995,-1.8245,6.2727,6.6728,27301.1160,4.0379,NA,NA,NA,NA,NA,NA,NA,NA,NA,NA
28.648,3.6010,-1.7838,6.2665,6.5662,29321.8940,11.7386,NA,NA,NA,NA,NA,NA,NA,NA,NA,NA
28.736,3.6184,-1.3099,6.2665,6.5662,29321.8940,11.7386,NA,NA,NA,NA,NA,NA,NA,NA,NA,NA
28.846,3.6184,-1.3099,6.2636,6.5184,22429.5280,-14.5265,NA,NA,NA,NA,NA,NA,NA,NA,NA,NA
28.937,3.6250,-1.1301,6.2628,6.5041,24396.7160,-7.0300,NA,NA,NA,NA,NA,NA,NA,NA,NA,NA
29.055,3.6250,-1.1301,6.2587,6.4344,45181.4320,72.1755,NA,NA,NA,NA,NA,NA,NA,NA,NA,NA
29.133,3.6149,-1.4071,6.2579,6.4214,50358.8240,91.9052,NA,NA,NA,NA,NA,NA,NA,NA,NA,NA
29.233,3.6091,-1.5649,6.2520,6.3203,55130.5440,110.0891,NA,NA,NA,NA,NA,NA,NA,NA,NA,NA
29.329,3.6128,-1.4638,6.2511,6.3057,58886.3960,124.4017,NA,NA,NA,NA,NA,NA,NA,NA,NA,NA
29.445,3.6128,-1.4638,6.2471,6.2375,58886.3960,124.4017,NA,NA,NA,NA,NA,NA,NA,NA,NA,NA
29.561,3.6113,-1.5037,6.2439,6.1827,28028.2520,6.8089,NA,NA,NA,NA,NA,NA,NA,NA,NA,NA
29.624,3.6213,-1.2324,6.2420,6.1502,30047.2120,14.5026,NA,NA,NA,NA,NA,NA,NA,NA,NA,NA
29.723,3.6312,-0.9605,6.2456,6.2117,30047.2120,14.5026,NA,NA,NA,NA,NA,NA,NA,NA,NA,NA
29.815,3.6312,-0.9605,6.2456,6.2117,22826.6060,-13.0134,NA,NA,NA,NA,NA,NA,NA,NA,NA,NA
29.914,3.6312,-0.9626,6.2436,6.1779,24829.5600,-5.3806,NA,NA,NA,NA,NA,NA,NA,NA,NA,NA
30.014,3.6287,-1.0285,6.2406,6.1260,46077.4880,75.5901,NA,NA,NA,NA,NA,NA,NA,NA,NA,NA
30.123,3.6219,-1.2143,6.2364,6.0543,51291.3840,95.4590,NA,NA,NA,NA,NA,NA,NA,NA,NA,NA
30.222,3.6133,-1.4497,6.2344,6.0204,51291.3840,95.4590,NA,NA,NA,NA,NA,NA,NA,NA,NA,NA
30.337,3.6176,-1.3327,6.2320,5.9808,32006.3620,21.9685,NA,NA,NA,NA,NA,NA,NA,NA,NA,NA
30.419,3.6216,-1.2241,6.2280,5.9128,32006.3620,21.9685,NA,NA,NA,NA,NA,NA,NA,NA,NA,NA
30.510,3.6244,-1.1462,6.2259,5.8758,23915.0280,-8.8656,NA,NA,NA,NA,NA,NA,NA,NA,NA,NA
30.608,3.6244,-1.1462,6.2261,5.8803,25623.9820,-2.3532,NA,NA,NA,NA,NA,NA,NA,NA,NA,NA
30.719,3.6191,-1.2902,6.2261,5.8803,47116.3040,79.5488,NA,NA,NA,NA,NA,NA,NA,NA,NA,NA
30.815,3.6149,-1.4054,6.2257,5.8737,51478.9880,96.1739,NA,NA,NA,NA,NA,NA,NA,NA,NA,NA
30.899,3.6074,-1.6109,6.2241,5.8459,55968.4480,113.2821,NA,NA,NA,NA,NA,NA,NA,NA,NA,NA
30.999,3.6047,-1.6842,6.2216,5.8039,55968.4480,113.2821,NA,NA,NA,NA,NA,NA,NA,NA,NA,NA
31.097,3.6012,-1.7793,6.2182,5.7461,25739.5520,-1.9128,192945.8240,0.0000,NA,NA,NA,NA,NA,NA,NA,NA
31.195,3.6012,-1.7793,6.2170,5.7255,52198.0200,98.9140,NA,NA,NA,NA,NA,NA,NA,NA,NA,NA
31.304,3.5986,-1.8500,6.2170,5.7255,52198.0200,98.9140,NA,NA,NA,NA,NA,NA,NA,NA,NA,NA
31.396,3.5929,-2.0055,6.2143,5.6800,26147.1280,-0.3597,NA,NA,NA,NA,NA,NA,NA,NA,NA,NA
31.496,3.5929,-2.0055,6.2124,5.6462,29088.0540,10.8475,196446.9600,0.0000,NA,NA,NA,NA,NA,NA,NA,NA
31.594,3.5911,-2.0549,6.2073,5.5606,60078.4840,128.9445,NA,NA,NA,NA,NA,NA,NA,NA,NA,NA
31.704,3.5949,-1.9509,6.2058,5.5349,60078.4840,128.9445,NA,NA,NA,NA,NA,NA,NA,NA,NA,NA
31.802,3.5980,-1.8657,6.2058,5.5349,27387.8140,4.3683,NA,NA,NA,NA,NA,NA,NA,NA,NA,NA
31.890,3.6039,-1.7059,6.2064,5.5448,25501.5840,-2.8197,NA,NA,NA,NA,NA,NA,NA,NA,NA,NA
32.029,3.6057,-1.6570,6.2073,5.5596,47128.0240,79.5934,NA,NA,NA,NA,NA,NA,NA,NA,NA,NA
32.096,3.6057,-1.6570,6.2073,5.5596,51544.3200,96.4229,NA,NA,NA,NA,NA,NA,NA,NA,NA,NA
32.194,3.5918,-2.0359,6.2058,5.5353,55259.1680,110.5793,NA,NA,NA,NA,NA,NA,NA,NA,NA,NA
32.284,3.5907,-2.0670,6.2028,5.4839,55259.1680,110.5793,NA,NA,NA,NA,NA,NA,NA,NA,NA,NA
32.379,3.5853,-2.2132,6.2019,5.4690,25913.4520,-1.2501,NA,NA,NA,NA,NA,NA,NA,NA,NA,NA
32.485,3.5847,-2.2282,6.2019,5.4690,27817.1800,6.0045,NA,NA,NA,NA,NA,NA,NA,NA,NA,NA
32.579,3.5993,-1.8313,6.2029,5.4850,30261.7320,15.3201,NA,NA,NA,NA,NA,NA,NA,NA,NA,NA
32.679,3.6033,-1.7223,6.2036,5.4966,30261.7320,15.3201,NA,NA,NA,NA,NA,NA,NA,NA,NA,NA
32.775,3.6033,-1.7223,6.2036,5.4966,23657.5180,-9.8470,NA,NA,NA,NA,NA,NA,NA,NA,NA,NA
32.876,3.6006,-1.7953,6.2020,5.4701,25653.2600,-2.2417,NA,NA,NA,NA,NA,NA,NA,NA,NA,NA
32.974,3.5929,-2.0046,6.1988,5.4157,47700.2240,81.7740,NA,NA,NA,NA,NA,NA,NA,NA,NA,NA
33.068,3.5894,-2.1023,6.1959,5.3655,51808.8880,97.4311,NA,NA,NA,NA,NA,NA,NA,NA,NA,NA
33.163,3.5876,-2.1498,6.1830,5.1463,55867.8440,112.8988,NA,NA,NA,NA,NA,NA,NA,NA,NA,NA
33.275,3.5813,-2.3233,6.1760,5.0287,55867.8440,112.8988,NA,NA,NA,NA,NA,NA,NA,NA,NA,NA
33.370,3.5869,-2.1698,6.1693,4.9140,26544.1540,1.1533,NA,NA,NA,NA,NA,NA,NA,NA,NA,NA
33.460,3.5990,-1.8392,6.1658,4.8552,28742.0160,9.5288,NA,NA,NA,NA,NA,NA,NA,NA,NA,NA
33.567,3.6177,-1.3284,6.1617,4.7840,28742.0160,9.5288,NA,NA,NA,NA,NA,NA,NA,NA,NA,NA
33.658,3.6252,-1.1252,6.1561,4.6890,21977.0860,-16.2507,NA,NA,NA,NA,NA,NA,NA,NA,NA,NA
33.757,3.6296,-1.0038,6.1532,4.6401,23768.9820,-9.4222,NA,NA,NA,NA,NA,NA,NA,NA,NA,NA
33.856,3.6382,-0.7690,6.2428,6.1632,25880.8000,-1.3746,NA,NA,NA,NA,NA,NA,NA,NA,NA,NA
33.951,3.7318,1.7815,6.3934,8.7251,48386.7280,84.3901,NA,NA,NA,NA,NA,NA,NA,NA,NA,NA
34.054,3.7923,3.4338,6.5231,10.9306,52915.7120,101.6489,NA,NA,NA,NA,NA,NA,NA,NA,NA,NA
34.147,3.8020,3.6970,6.5547,11.4676,56976.6760,117.1243,NA,NA,NA,NA,NA,NA,NA,NA,NA,NA
34.243,3.8184,4.1433,6.5757,11.8243,56976.6760,117.1243,NA,NA,NA,NA,NA,NA,NA,NA,NA,NA
34.344,3.8248,4.3179,6.5848,11.9804,27261.8220,3.8882,NA,NA,NA,NA,NA,NA,NA,NA,NA,NA
34.440,3.8253,4.3332,6.5895,12.0599,29505.5380,12.4384,NA,NA,NA,NA,NA,NA,NA,NA,NA,NA
34.559,3.8429,4.8114,6.5895,12.0599,29505.5380,12.4384,NA,NA,NA,NA,NA,NA,NA,NA,NA,NA
34.650,3.8429,4.8114,6.5886,12.0443,49599.2960,89.0109,NA,NA,NA,NA,NA,NA,NA,NA,NA,NA
34.739,3.8127,3.9884,6.6088,12.3877,53769.2520,104.9015,NA,NA,NA,NA,NA,NA,NA,NA,NA,NA
34.839,3.8238,4.2913,6.8294,16.1395,57927.8280,120.7489,NA,NA,NA,NA,NA,NA,NA,NA,NA,NA
34.940,3.9552,7.8757,7.0906,20.5821,57927.8280,120.7489,NA,NA,NA,NA,NA,NA,NA,NA,NA,NA
35.035,3.9873,8.7511,7.2213,22.8042,27610.4640,5.2168,NA,NA,NA,NA,NA,NA,NA,NA,NA,NA
35.137,4.0525,10.5287,7.2660,23.5640,30778.7760,17.2904,NA,NA,NA,NA,NA,NA,NA,NA,NA,NA
35.233,4.0776,11.2130,7.2944,24.0472,30778.7760,17.2904,NA,NA,NA,NA,NA,NA,NA,NA,NA,NA
35.340,4.0856,11.4334,7.3049,24.2265,23239.2040,-11.4410,NA,NA,NA,NA,NA,NA,NA,NA,NA,NA
35.428,4.0922,11.6110,7.3093,24.3004,24935.0140,-4.9787,NA,NA,NA,NA,NA,NA,NA,NA,NA,NA
35.533,4.0922,11.6110,7.3093,24.3004,45595.9440,73.7551,NA,NA,NA,NA,NA,NA,NA,NA,NA,NA
35.623,4.0669,10.9215,7.3031,24.1952,50139.1560,91.0681,NA,NA,NA,NA,NA,NA,NA,NA,NA,NA
35.727,4.0375,10.1194,7.2909,23.9875,54627.4640,108.1720,NA,NA,NA,NA,NA,NA,NA,NA,NA,NA
35.839,4.0375,10.1194,7.2890,23.9546,54627.4640,108.1720,NA,NA,NA,NA,NA,NA,NA,NA,NA,NA
35.930,4.0507,10.4791,7.5056,27.6396,25203.0880,-3.9572,NA,NA,NA,NA,NA,NA,NA,NA,NA,NA
36.015,4.1282,12.5947,7.7900,32.4755,27829.7300,6.0523,NA,NA,NA,NA,NA,NA,NA,NA,NA,NA
36.117,4.1771,13.9292,7.8556,33.5901,31515.4360,20.0977,NA,NA,NA,NA,NA,NA,NA,NA,NA,NA
36.215,4.1881,14.2288,7.8798,34.0023,31515.4360,20.0977,NA,NA,NA,NA,NA,NA,NA,NA,NA,NA
36.335,4.1950,14.4152,7.8988,34.3250,23697.5320,-9.6945,NA,NA,NA,NA,NA,NA,NA,NA,NA,NA
36.424,4.1950,14.4152,7.9032,34.3999,25423.2400,-3.1182,NA,NA,NA,NA,NA,NA,NA,NA,NA,NA
36.504,4.1938,14.3834,7.9032,34.3999,46569.3280,77.4644,NA,NA,NA,NA,NA,NA,NA,NA,NA,NA
36.605,4.1776,13.9422,7.8975,34.3041,51210.3440,95.1502,NA,NA,NA,NA,NA,NA,NA,NA,NA,NA
36.710,4.1766,13.9151,7.8747,33.9153,55617.2920,111.9440,NA,NA,NA,NA,NA,NA,NA,NA,NA,NA
36.802,4.1617,13.5087,7.8472,33.4480,55617.2920,111.9440,NA,NA,NA,NA,NA,NA,NA,NA,NA,NA
36.896,4.1460,13.0802,7.8443,33.3988,25898.4540,-1.3073,NA,NA,NA,NA,NA,NA,NA,NA,NA,NA
37.000,4.1696,13.7239,7.9068,34.4607,28587.4000,8.9396,NA,NA,NA,NA,NA,NA,NA,NA,NA,NA
37.113,4.2612,16.2226,8.2092,39.6036,28587.4000,8.9396,NA,NA,NA,NA,NA,NA,NA,NA,NA,NA
37.207,4.2805,16.7476,8.2776,40.7674,22254.6100,-15.1931,NA,NA,NA,NA,NA,NA,NA,NA,NA,NA
37.299,4.2927,17.0800,8.2976,41.1071,51350.3280,95.6836,NA,NA,NA,NA,NA,NA,NA,NA,NA,NA
37.414,4.2934,17.0996,8.3163,41.4262,55128.8560,110.0827,NA,NA,NA,NA,NA,NA,NA,NA,NA,NA
37.502,4.2934,17.0996,8.3163,41.4262,55128.8560,110.0827,NA,NA,NA,NA,NA,NA,NA,NA,NA,NA
37.593,4.2652,16.3306,8.2912,40.9981,27733.6940,5.6864,NA,NA,NA,NA,NA,NA,NA,NA,NA,NA
37.690,4.2336,15.4678,8.2714,40.6616,30345.6180,15.6398,NA,NA,NA,NA,NA,NA,NA,NA,NA,NA
37.792,4.2449,15.7778,8.2431,40.1811,30345.6180,15.6398,NA,NA,NA,NA,NA,NA,NA,NA,NA,NA
37.893,4.2679,16.4032,8.2257,39.8845,22794.6600,-13.1351,NA,NA,NA,NA,NA,NA,NA,NA,NA,NA
37.981,4.2679,16.4032,8.1889,39.2591,24451.5460,-6.8211,NA,NA,NA,NA,NA,NA,NA,NA,NA,NA
38.080,4.2442,15.7580,8.1612,38.7873,44551.4240,69.7746,NA,NA,NA,NA,NA,NA,NA,NA,NA,NA
38.188,4.2120,14.8800,8.1288,38.2367,48102.3360,83.3063,NA,NA,NA,NA,NA,NA,NA,NA,NA,NA
38.296,4.2120,14.8800,8.1067,37.8613,51500.2680,96.2550,NA,NA,NA,NA,NA,NA,NA,NA,NA,NA
38.407,4.2096,14.8137,8.0939,37.6437,55724.8400,112.3538,NA,NA,NA,NA,NA,NA,NA,NA,NA,NA
38.472,4.2052,14.6952,8.0830,37.4580,55724.8400,112.3538,NA,NA,NA,NA,NA,NA,NA,NA,NA,NA
38.626,4.1950,14.4174,8.0671,37.1882,28615.5560,9.0469,NA,NA,NA,NA,NA,NA,NA,NA,NA,NA
38.669,4.1936,14.3779,8.0545,36.9740,31248.6380,19.0810,NA,NA,NA,NA,NA,NA,NA,NA,NA,NA
38.779,4.1906,14.2969,8.0286,36.5332,31248.6380,19.0810,NA,NA,NA,NA,NA,NA,NA,NA,NA,NA
38.875,4.1906,14.2969,7.9907,35.8877,23314.7800,-11.1530,NA,NA,NA,NA,NA,NA,NA,NA,NA,NA
38.964,4.1897,14.2713,7.9582,35.3362,24856.7160,-5.2771,NA,NA,NA,NA,NA,NA,NA,NA,NA,NA
39.064,4.1728,13.8106,7.9397,35.0215,45155.7360,72.0775,NA,NA,NA,NA,NA,NA,NA,NA,NA,NA
39.211,4.1308,12.6651,7.9016,34.3735,48531.7160,84.9426,NA,NA,NA,NA,NA,NA,NA,NA,NA,NA
39.260,4.1308,12.6651,7.8669,33.7824,51441.8920,96.0325,NA,NA,NA,NA,NA,NA,NA,NA,NA,NA
39.356,4.1063,11.9971,7.8413,33.3482,51441.8920,96.0325,NA,NA,NA,NA,NA,NA,NA,NA,NA,NA
39.456,4.0978,11.7660,7.8199,32.9842,26334.2040,0.3532,NA,NA,NA,NA,NA,NA,NA,NA,NA,NA
39.552,4.0741,11.1191,7.7880,32.4412,29067.8520,10.7705,NA,NA,NA,NA,NA,NA,NA,NA,NA,NA
39.678,4.0764,11.1808,7.7705,32.1443,31856.7000,21.3981,NA,NA,NA,NA,NA,NA,NA,NA,NA,NA
39.784,4.0815,11.3209,7.7517,31.8247,31856.7000,21.3981,NA,NA,NA,NA,NA,NA,NA,NA,NA,NA
39.847,4.0815,11.3209,7.7420,31.6583,23734.7660,-9.5526,NA,NA,NA,NA,NA,NA,NA,NA,NA,NA
39.949,4.0774,11.2097,7.7272,31.4078,25293.5260,-3.6125,NA,NA,NA,NA,NA,NA,NA,NA,NA,NA
40.044,4.0727,11.0800,7.7199,31.2828,45917.9520,74.9822,NA,NA,NA,NA,NA,NA,NA,NA,NA,NA
40.143,4.0468,10.3746,7.7165,31.2258,49172.3200,87.3838,NA,NA,NA,NA,NA,NA,NA,NA,NA,NA
40.240,4.0465,10.3662,7.7123,31.1544,52626.7880,100.5479,NA,NA,NA,NA,NA,NA,NA,NA,NA,NA
40.346,4.0237,9.7451,7.7081,31.0829,52626.7880,100.5479,NA,NA,NA,NA,NA,NA,NA,NA,NA,NA
40.449,4.0227,9.7179,7.7056,31.0394,26986.2040,2.8379,196351.5520,0.0000,NA,NA,NA,NA,NA,NA,NA,NA
40.541,4.0227,9.7179,7.7013,30.9663,27649.1480,5.3642,NA,NA,NA,NA,NA,NA,NA,NA,NA,NA
40.654,4.0326,9.9866,7.6878,30.7378,30224.7160,15.1790,NA,NA,NA,NA,NA,NA,NA,NA,NA,NA
40.753,4.0345,10.0372,7.6842,30.6756,30224.7160,15.1790,NA,NA,NA,NA,NA,NA,NA,NA,NA,NA
40.836,4.0386,10.1499,7.6794,30.5937,23865.8580,-9.0530,NA,NA,NA,NA,NA,NA,NA,NA,NA,NA
41.017,4.0386,10.1499,7.6749,30.5183,25625.8300,-2.3462,NA,NA,NA,NA,NA,NA,NA,NA,NA,NA
41.036,4.0324,9.9820,7.6660,30.3662,48197.4440,83.6687,NA,NA,NA,NA,NA,NA,NA,NA,NA,NA
41.129,4.0193,9.6233,7.6570,30.2140,51775.3080,97.3031,NA,NA,NA,NA,NA,NA,NA,NA,NA,NA
41.235,4.0158,9.5275,7.6519,30.1268,56145.0000,113.9549,NA,NA,NA,NA,NA,NA,NA,NA,NA,NA
41.327,4.0126,9.4418,7.6468,30.0404,56145.0000,113.9549,NA,NA,NA,NA,NA,NA,NA,NA,NA,NA
41.423,3.9764,8.4542,7.6468,30.0404,26119.9400,-0.4633,NA,NA,NA,NA,NA,NA,NA,NA,NA,NA
41.578,3.9708,8.3010,7.6509,30.1100,28056.2020,6.9154,NA,NA,NA,NA,NA,NA,NA,NA,NA,NA
41.624,3.9923,8.8869,7.6529,30.1444,28056.2020,6.9154,NA,NA,NA,NA,NA,NA,NA,NA,NA,NA
41.718,4.0093,9.3503,7.6595,30.2556,22195.3160,-15.4190,NA,NA,NA,NA,NA,NA,NA,NA,NA,NA
41.822,4.0093,9.3503,7.6595,30.2556,24059.3280,-8.3157,NA,NA,NA,NA,NA,NA,NA,NA,NA,NA
41.913,4.0044,9.2182,7.6561,30.1988,25962.0880,-1.0648,NA,NA,NA,NA,NA,NA,NA,NA,NA,NA
42.018,3.9981,9.0445,7.6555,30.1876,49010.3080,86.7664,NA,NA,NA,NA,NA,NA,NA,NA,NA,NA
42.110,3.9877,8.7625,7.6483,30.0648,52533.9680,100.1942,NA,NA,NA,NA,NA,NA,NA,NA,NA,NA
42.207,3.9749,8.4135,7.6471,30.0443,57326.8000,118.4585,NA,NA,NA,NA,NA,NA,NA,NA,NA,NA
42.305,3.9741,8.3899,7.6461,30.0289,57326.8000,118.4585,NA,NA,NA,NA,NA,NA,NA,NA,NA,NA
42.409,3.9700,8.2794,7.6461,30.0289,26678.9240,1.6669,NA,NA,NA,NA,NA,NA,NA,NA,NA,NA
42.508,3.9661,8.1721,7.6373,29.8784,28734.4320,9.4999,NA,NA,NA,NA,NA,NA,NA,NA,NA,NA
42.615,3.9748,8.4110,7.6318,29.7846,28734.4320,9.4999,NA,NA,NA,NA,NA,NA,NA,NA,NA,NA
42.706,3.9748,8.4110,7.6305,29.7628,49577.6240,88.9283,NA,NA,NA,NA,NA,NA,NA,NA,NA,NA
42.813,3.9686,8.2417,7.6305,29.7628,52616.6320,100.5092,NA,NA,NA,NA,NA,NA,NA,NA,NA,NA
42.907,3.9467,7.6436,7.6204,29.5917,55965.2960,113.2701,NA,NA,NA,NA,NA,NA,NA,NA,NA,NA
43.005,3.9294,7.1726,7.6137,29.4771,55965.2960,113.2701,NA,NA,NA,NA,NA,NA,NA,NA,NA,NA
43.106,3.9223,6.9784,7.6010,29.2611,28413.1060,8.2754,NA,NA,NA,NA,NA,NA,NA,NA,NA,NA
43.199,3.9229,6.9959,7.5959,29.1749,31525.2400,20.1350,NA,NA,NA,NA,NA,NA,NA,NA,NA,NA
43.295,3.9296,7.1762,7.5930,29.1253,31525.2400,20.1350,NA,NA,NA,NA,NA,NA,NA,NA,NA,NA
43.452,3.9296,7.1762,7.5930,29.1253,23348.4180,-11.0249,NA,NA,NA,NA,NA,NA,NA,NA,NA,NA
43.487,3.9289,7.1582,7.5886,29.0509,25026.3000,-4.6309,NA,NA,NA,NA,NA,NA,NA,NA,NA,NA
43.588,3.9289,7.1582,7.5806,28.9146,45987.2480,75.2462,NA,NA,NA,NA,NA,NA,NA,NA,NA,NA
43.695,3.9041,6.4812,7.5733,28.7906,49714.6400,89.4504,NA,NA,NA,NA,NA,NA,NA,NA,NA,NA
43.796,3.8959,6.2581,7.5637,28.6267,53071.7080,102.2434,NA,NA,NA,NA,NA,NA,NA,NA,NA,NA
43.888,3.8930,6.1800,7.5571,28.5148,53071.7080,102.2434,NA,NA,NA,NA,NA,NA,NA,NA,NA,NA
44.041,3.8893,6.0783,7.5535,28.4530,25697.3520,-2.0736,NA,NA,NA,NA,NA,NA,NA,NA,NA,NA
44.081,3.8879,6.0412,7.5424,28.2640,28846.4040,9.9266,NA,NA,NA,NA,NA,NA,NA,NA,NA,NA
44.174,3.9072,6.5659,7.5356,28.1490,32297.4960,23.0779,NA,NA,NA,NA,NA,NA,NA,NA,NA,NA
44.277,3.9072,6.5659,7.5331,28.1073,32297.4960,23.0779,NA,NA,NA,NA,NA,NA,NA,NA,NA,NA
44.372,3.9179,6.8577,7.5273,28.0072,23781.4340,-9.3747,NA,NA,NA,NA,NA,NA,NA,NA,NA,NA
44.469,3.9179,6.8577,7.5206,27.8945,25455.8120,-2.9941,NA,NA,NA,NA,NA,NA,NA,NA,NA,NA
44.576,3.8985,6.3301,7.5119,27.7452,46833.2120,78.4700,NA,NA,NA,NA,NA,NA,NA,NA,NA,NA
44.668,3.8956,6.2499,7.5067,27.6582,50401.7240,92.0687,NA,NA,NA,NA,NA,NA,NA,NA,NA,NA
44.761,3.8930,6.1793,7.5011,27.5624,53837.5920,105.1620,NA,NA,NA,NA,NA,NA,NA,NA,NA,NA
44.861,3.8841,5.9374,7.4928,27.4212,53837.5920,105.1620,NA,NA,NA,NA,NA,NA,NA,NA,NA,NA
44.961,3.8626,5.3508,7.4846,27.2810,26635.2740,1.5006,196704.8480,0.0000,NA,NA,NA,NA,NA,NA,NA,NA
45.059,3.8631,5.3640,7.4802,27.2060,53914.9360,105.4567,NA,NA,NA,NA,NA,NA,NA,NA,NA,NA
45.171,3.8631,5.3640,7.4717,27.0624,NA,NA,NA,NA,NA,NA,NA,NA,NA,NA,NA,NA
45.260,3.8612,5.3111,7.4588,26.8427,NA,NA,NA,NA,NA,NA,NA,NA,NA,NA,NA,NA
45.377,3.8537,5.1078,7.4507,26.7057,30859.5120,17.5981,NA,NA,NA,NA,NA,NA,NA,NA,NA,NA
45.463,3.8702,5.5566,7.4453,26.6134,31533.7020,20.1673,NA,NA,NA,NA,NA,NA,NA,NA,NA,NA
45.560,3.8723,5.6144,7.4438,26.5883,31533.7020,20.1673,NA,NA,NA,NA,NA,NA,NA,NA,NA,NA
45.655,3.8828,5.9010,7.4438,26.5883,23291.4060,-11.2421,NA,NA,NA,NA,NA,NA,NA,NA,NA,NA
45.776,3.8828,5.9010,7.4341,26.4229,25012.6960,-4.6827,NA,NA,NA,NA,NA,NA,NA,NA,NA,NA
45.861,3.8778,5.7654,7.4263,26.2908,45870.6680,74.8020,NA,NA,NA,NA,NA,NA,NA,NA,NA,NA
45.950,3.8468,4.9194,7.4125,26.0562,50071.6840,90.8110,NA,NA,NA,NA,NA,NA,NA,NA,NA,NA
46.047,3.8414,4.7730,7.4080,25.9790,54127.5080,106.2668,NA,NA,NA,NA,NA,NA,NA,NA,NA,NA
46.144,3.8378,4.6729,7.4052,25.9317,54127.5080,106.2668,NA,NA,NA,NA,NA,NA,NA,NA,NA,NA
46.255,3.8378,4.6729,7.4008,25.8572,24954.2980,-4.9052,NA,NA,NA,NA,NA,NA,NA,NA,NA,NA
46.388,3.8393,4.7142,7.3988,25.8225,24954.2980,-4.9052,NA,NA,NA,NA,NA,NA,NA,NA,NA,NA
46.457,3.8393,4.7142,7.3968,25.7889,25218.5880,-3.8981,NA,NA,NA,NA,NA,NA,NA,NA,NA,NA
46.545,3.8450,4.8693,7.3898,25.6692,45369.4040,72.8918,NA,NA,NA,NA,NA,NA,NA,NA,NA,NA
46.643,3.8450,4.8693,7.3889,25.6544,48563.7040,85.0645,NA,NA,NA,NA,NA,NA,NA,NA,NA,NA
46.741,3.8219,4.2392,7.3855,25.5970,53367.9640,103.3723,NA,NA,NA,NA,NA,NA,NA,NA,NA,NA
46.848,3.7991,3.6187,7.3826,25.5471,53367.9640,103.3723,NA,NA,NA,NA,NA,NA,NA,NA,NA,NA
46.944,3.7991,3.6187,7.3824,25.5436,27125.6900,3.3694,192513.4720,0.0000,NA,NA,NA,NA,NA,NA,NA,NA
47.053,3.7908,3.3909,7.3795,25.4940,56901.6160,116.8382,NA,NA,NA,NA,NA,NA,NA,NA,NA,NA
47.133,3.7954,3.5165,7.3790,25.4857,56901.6160,116.8382,NA,NA,NA,NA,NA,NA,NA,NA,NA,NA
47.241,3.7977,3.5789,7.3774,25.4589,26158.8000,-0.3152,NA,NA,NA,NA,NA,NA,NA,NA,NA,NA
47.359,3.7977,3.5789,7.3718,25.3642,28504.4360,8.6235,NA,NA,NA,NA,NA,NA,NA,NA,NA,NA
47.437,3.8057,3.7971,7.3661,25.2666,31088.8860,18.4722,NA,NA,NA,NA,NA,NA,NA,NA,NA,NA
47.531,3.8105,3.9291,7.3637,25.2260,31088.8860,18.4722,NA,NA,NA,NA,NA,NA,NA,NA,NA,NA
47.625,3.8110,3.9426,7.3637,25.2260,23200.2340,-11.5895,NA,NA,NA,NA,NA,NA,NA,NA,NA,NA
47.735,3.8110,3.9426,7.3629,25.2126,25174.7980,-4.0650,NA,NA,NA,NA,NA,NA,NA,NA,NA,NA
47.824,3.7911,3.4000,7.3611,25.1815,46655.7200,77.7936,NA,NA,NA,NA,NA,NA,NA,NA,NA,NA
47.921,3.7862,3.2656,7.3571,25.1139,52002.9040,98.1704,NA,NA,NA,NA,NA,NA,NA,NA,NA,NA
48.014,3.7819,3.1477,7.3545,25.0691,57636.0000,119.6368,NA,NA,NA,NA,NA,NA,NA,NA,NA,NA
48.118,3.7783,3.0504,7.3532,25.0474,57636.0000,119.6368,NA,NA,NA,NA,NA,NA,NA,NA,NA,NA
48.239,3.7770,3.0149,7.3491,24.9770,26719.5460,1.8217,NA,NA,NA,NA,NA,NA,NA,NA,NA,NA
48.329,3.7915,3.4115,7.3478,24.9549,26719.5460,1.8217,NA,NA,NA,NA,NA,NA,NA,NA,NA,NA
48.416,3.7915,3.4115,7.3456,24.9177,26291.5960,0.1909,NA,NA,NA,NA,NA,NA,NA,NA,NA,NA
48.519,3.7500,2.2786,7.3375,24.7795,48256.9560,83.8955,NA,NA,NA,NA,NA,NA,NA,NA,NA,NA
48.638,3.7549,2.4124,7.3307,24.6639,52701.0640,100.8309,NA,NA,NA,NA,NA,NA,NA,NA,NA,NA
48.717,3.7584,2.5087,7.3278,24.6149,57268.4960,118.2363,NA,NA,NA,NA,NA,NA,NA,NA,NA,NA
48.820,3.7584,2.5087,7.3241,24.5525,57268.4960,118.2363,NA,NA,NA,NA,NA,NA,NA,NA,NA,NA
48.910,3.7530,2.3596,7.3202,24.4858,26387.6460,0.5569,NA,NA,NA,NA,NA,NA,NA,NA,NA,NA
49.007,3.7514,2.3170,7.3200,24.4825,29192.0340,11.2437,NA,NA,NA,NA,NA,NA,NA,NA,NA,NA
49.104,3.7924,3.4340,7.3200,24.4825,29192.0340,11.2437,NA,NA,NA,NA,NA,NA,NA,NA,NA,NA
49.201,3.7924,3.4340,7.3184,24.4547,22982.5920,-12.4189,NA,NA,NA,NA,NA,NA,NA,NA,NA,NA
49.299,3.7980,3.5882,7.3120,24.3471,24502.9940,-6.6250,NA,NA,NA,NA,NA,NA,NA,NA,NA,NA
49.423,3.7980,3.5882,7.3089,24.2933,45445.2640,73.1809,NA,NA,NA,NA,NA,NA,NA,NA,NA,NA
49.498,3.7710,2.8519,7.3064,24.2519,49065.7640,86.9777,NA,NA,NA,NA,NA,NA,NA,NA,NA,NA
49.595,3.7689,2.7941,7.3064,24.2519,53749.6480,104.8268,NA,NA,NA,NA,NA,NA,NA,NA,NA,NA
49.700,3.7628,2.6284,7.2964,24.0806,58108.5760,121.4377,NA,NA,NA,NA,NA,NA,NA,NA,NA,NA
49.792,3.7600,2.5509,7.2929,24.0213,58108.5760,121.4377,NA,NA,NA,NA,NA,NA,NA,NA,NA,NA
50.002,3.7539,2.3864,7.2943,24.0448,27080.2720,3.1963,NA,NA,NA,NA,NA,NA,NA,NA,NA,NA
50.005,3.7648,2.6840,7.2953,24.0627,30120.7720,14.7829,NA,NA,NA,NA,NA,NA,NA,NA,NA,NA
50.086,3.7698,2.8184,7.2961,24.0767,30120.7720,14.7829,NA,NA,NA,NA,NA,NA,NA,NA,NA,NA
50.180,3.7698,2.8184,7.2981,24.1101,23389.1900,-10.8695,NA,NA,NA,NA,NA,NA,NA,NA,NA,NA
50.278,3.7862,3.2653,7.2986,24.1192,24941.5000,-4.9540,NA,NA,NA,NA,NA,NA,NA,NA,NA,NA
50.383,3.7862,3.2653,7.2986,24.1192,46036.5760,75.4342,NA,NA,NA,NA,NA,NA,NA,NA,NA,NA
50.478,3.7533,2.3690,7.2968,24.0880,50244.1000,91.4681,NA,NA,NA,NA,NA,NA,NA,NA,NA,NA
50.615,3.7533,2.3690,7.2935,24.0326,54758.1440,108.6700,NA,NA,NA,NA,NA,NA,NA,NA,NA,NA
50.676,3.7499,2.2751,7.2915,23.9971,54758.1440,108.6700,NA,NA,NA,NA,NA,NA,NA,NA,NA,NA
50.768,3.7479,2.2213,7.2904,23.9791,24979.1340,-4.8106,NA,NA,NA,NA,NA,NA,NA,NA,NA,NA
50.876,3.7482,2.2294,7.2877,23.9333,27399.6120,4.4133,NA,NA,NA,NA,NA,NA,NA,NA,NA,NA
50.970,3.7507,2.2967,7.2872,23.9251,31165.7580,18.7651,NA,NA,NA,NA,NA,NA,NA,NA,NA,NA
51.062,3.7555,2.4283,7.2872,23.9251,31165.7580,18.7651,NA,NA,NA,NA,NA,NA,NA,NA,NA,NA
51.166,3.7573,2.4771,7.2829,23.8518,23748.6540,-9.4997,NA,NA,NA,NA,NA,NA,NA,NA,NA,NA
51.274,3.7607,2.5721,7.2805,23.8105,25509.6100,-2.7891,NA,NA,NA,NA,NA,NA,NA,NA,NA,NA
51.359,3.7607,2.5721,7.2805,23.8105,46768.3680,78.2229,NA,NA,NA,NA,NA,NA,NA,NA,NA,NA
51.462,3.7417,2.0516,7.2715,23.6571,51179.4040,95.0323,NA,NA,NA,NA,NA,NA,NA,NA,NA,NA
51.556,3.7417,2.0516,7.2556,23.3877,55672.6720,112.1550,NA,NA,NA,NA,NA,NA,NA,NA,NA,NA
51.664,3.7323,1.7959,7.2583,23.4330,55672.6720,112.1550,NA,NA,NA,NA,NA,NA,NA,NA,NA,NA
51.756,3.7501,2.2827,7.2583,23.4330,25096.2180,-4.3644,NA,NA,NA,NA,NA,NA,NA,NA,NA,NA
51.860,3.7567,2.4624,7.2485,23.2663,24291.6940,-7.4303,NA,NA,NA,NA,NA,NA,NA,NA,NA,NA
51.964,3.7567,2.4624,7.2466,23.2348,25873.0340,-1.4042,NA,NA,NA,NA,NA,NA,NA,NA,NA,NA
52.055,3.7331,1.8185,7.2454,23.2137,46980.9600,79.0330,NA,NA,NA,NA,NA,NA,NA,NA,NA,NA
52.148,3.7282,1.6854,7.2418,23.1533,50294.4600,91.6600,NA,NA,NA,NA,NA,NA,NA,NA,NA,NA
52.244,3.7282,1.6839,7.2418,23.1533,53936.0640,105.5372,NA,NA,NA,NA,NA,NA,NA,NA,NA,NA
52.418,3.7325,1.8005,7.2328,22.9996,53936.0640,105.5372,NA,NA,NA,NA,NA,NA,NA,NA,NA,NA
52.439,3.7325,1.8005,7.2359,23.0528,27946.8640,6.4987,196059.5680,0.0000,NA,NA,NA,NA,NA,NA,NA,NA
52.539,3.7282,1.6836,7.2359,23.0528,57354.3360,118.5634,NA,NA,NA,NA,NA,NA,NA,NA,NA,NA
52.638,3.7311,1.7627,7.2353,23.0426,57354.3360,118.5634,NA,NA,NA,NA,NA,NA,NA,NA,NA,NA
52.739,3.7311,1.7627,7.2261,22.8857,26669.2520,1.6300,NA,NA,NA,NA,NA,NA,NA,NA,NA,NA
52.836,3.7246,1.5871,7.2268,22.8971,29342.9320,11.8188,NA,NA,NA,NA,NA,NA,NA,NA,NA,NA
52.935,3.7241,1.5733,7.2268,22.8971,29342.9320,11.8188,NA,NA,NA,NA,NA,NA,NA,NA,NA,NA
53.045,3.7315,1.7745,7.2181,22.7494,21827.0460,-16.8224,NA,NA,NA,NA,NA,NA,NA,NA,NA,NA
53.131,3.7354,1.8821,7.2107,22.6243,23259.5180,-11.3636,NA,NA,NA,NA,NA,NA,NA,NA,NA,NA
53.229,3.7354,1.8821,7.2063,22.5495,25423.4440,-3.1174,NA,NA,NA,NA,NA,NA,NA,NA,NA,NA
53.330,3.7292,1.7129,7.1874,22.2276,46609.0560,77.6158,NA,NA,NA,NA,NA,NA,NA,NA,NA,NA
53.423,3.7285,1.6920,7.1841,22.1719,52407.5040,99.7123,NA,NA,NA,NA,NA,NA,NA,NA,NA,NA
53.570,3.7285,1.6920,7.1780,22.0671,58456.3040,122.7628,NA,NA,NA,NA,NA,NA,NA,NA,NA,NA
53.627,3.7152,1.3285,7.1746,22.0099,58456.3040,122.7628,NA,NA,NA,NA,NA,NA,NA,NA,NA,NA
53.757,3.7152,1.3285,7.1746,22.0099,26601.0780,1.3702,NA,NA,NA,NA,NA,NA,NA,NA,NA,NA
53.832,3.7100,1.1888,7.1741,22.0006,24975.9040,-4.8229,NA,NA,NA,NA,NA,NA,NA,NA,NA,NA
53.953,3.7107,1.2078,7.1729,21.9805,46087.0640,75.6266,NA,NA,NA,NA,NA,NA,NA,NA,NA,NA
54.018,3.7153,1.3331,7.1678,21.8941,49871.3640,90.0476,NA,NA,NA,NA,NA,NA,NA,NA,NA,NA
54.120,3.7153,1.3331,7.1656,21.8569,53660.4120,104.4868,NA,NA,NA,NA,NA,NA,NA,NA,NA,NA
54.212,3.7035,1.0115,7.1638,21.8268,58762.8320,123.9309,NA,NA,NA,NA,NA,NA,NA,NA,NA,NA
54.313,3.7008,0.9379,7.1638,21.8268,58762.8320,123.9309,NA,NA,NA,NA,NA,NA,NA,NA,NA,NA
54.421,3.7008,0.9379,7.1586,21.7374,27304.9460,4.0525,NA,NA,NA,NA,NA,NA,NA,NA,NA,NA
54.508,3.7150,1.3238,7.1556,21.6860,29605.5720,12.8196,NA,NA,NA,NA,NA,NA,NA,NA,NA,NA
54.613,3.7161,1.3557,7.1539,21.6583,29605.5720,12.8196,NA,NA,NA,NA,NA,NA,NA,NA,NA,NA
54.762,3.7182,1.4121,7.1517,21.6198,23358.6660,-10.9858,NA,NA,NA,NA,NA,NA,NA,NA,NA,NA
54.808,3.7197,1.4516,7.1494,21.5820,25152.5440,-4.1498,NA,NA,NA,NA,NA,NA,NA,NA,NA,NA
54.903,3.7197,1.4516,7.1489,21.5720,47014.1440,79.1595,NA,NA,NA,NA,NA,NA,NA,NA,NA,NA
55.008,3.7117,1.2346,7.1485,21.5664,50484.2000,92.3830,NA,NA,NA,NA,NA,NA,NA,NA,NA,NA
55.104,3.7035,1.0105,7.1413,21.4438,54858.1520,109.0511,NA,NA,NA,NA,NA,NA,NA,NA,NA,NA
55.196,3.7035,1.0105,7.1357,21.3486,54858.1520,109.0511,NA,NA,NA,NA,NA,NA,NA,NA,NA,NA
55.348,3.6982,0.8670,7.1330,21.3017,25394.7180,-3.2269,NA,NA,NA,NA,NA,NA,NA,NA,NA,NA
55.396,3.6990,0.8892,7.1313,21.2731,27351.5160,4.2300,NA,NA,NA,NA,NA,NA,NA,NA,NA,NA
55.490,3.7187,1.4252,7.1334,21.3099,30352.1360,15.6646,NA,NA,NA,NA,NA,NA,NA,NA,NA,NA
55.589,3.7187,1.4252,7.1337,21.3145,30352.1360,15.6646,NA,NA,NA,NA,NA,NA,NA,NA,NA,NA
55.683,3.7173,1.3865,7.1337,21.3145,23850.2160,-9.1126,NA,NA,NA,NA,NA,NA,NA,NA,NA,NA
55.792,3.7074,1.1176,7.1320,21.2856,25493.1780,-2.8517,NA,NA,NA,NA,NA,NA,NA,NA,NA,NA
55.884,3.7015,0.9556,7.1315,21.2764,47798.6560,82.1491,NA,NA,NA,NA,NA,NA,NA,NA,NA,NA
56.017,3.6983,0.8685,7.1315,21.2764,51191.7200,95.0792,NA,NA,NA,NA,NA,NA,NA,NA,NA,NA
56.074,3.6913,0.6781,7.1274,21.2075,56041.2880,113.5597,NA,NA,NA,NA,NA,NA,NA,NA,NA,NA
56.174,3.6828,0.4471,7.1292,21.2380,56041.2880,113.5597,NA,NA,NA,NA,NA,NA,NA,NA,NA,NA
56.280,3.6787,0.3350,7.1374,21.3775,25880.2320,-1.3767,NA,NA,NA,NA,NA,NA,NA,NA,NA,NA
56.389,3.6777,0.3073,7.1374,21.3775,25880.2320,-1.3767,NA,NA,NA,NA,NA,NA,NA,NA,NA,NA
56.478,3.6777,0.3073,7.1167,21.0254,26223.2820,-0.0694,NA,NA,NA,NA,NA,NA,NA,NA,NA,NA
56.600,3.6662,-0.0077,7.1091,20.8954,47927.7920,82.6412,NA,NA,NA,NA,NA,NA,NA,NA,NA,NA
56.675,3.6715,0.1366,7.1015,20.7669,51556.8480,96.4706,NA,NA,NA,NA,NA,NA,NA,NA,NA,NA
56.772,3.6715,0.1366,7.0944,20.6463,54816.1680,108.8911,NA,NA,NA,NA,NA,NA,NA,NA,NA,NA
56.876,3.6638,-0.0729,7.0733,20.2876,54816.1680,108.8911,NA,NA,NA,NA,NA,NA,NA,NA,NA,NA
56.973,3.6638,-0.0729,7.0617,20.0894,27630.5900,5.2935,197617.7280,0.0000,NA,NA,NA,NA,NA,NA,NA,NA
57.077,3.6590,-0.2034,7.0600,20.0604,55854.9520,112.8496,NA,NA,NA,NA,NA,NA,NA,NA,NA,NA
57.177,3.6590,-0.2034,7.0636,20.1221,55854.9520,112.8496,NA,NA,NA,NA,NA,NA,NA,NA,NA,NA
57.263,3.6589,-0.2048,7.0653,20.1515,26705.0220,1.7663,192869.2480,0.0000,NA,NA,NA,NA,NA,NA,NA,NA
57.359,3.6543,-0.3308,7.0653,20.1515,56102.2480,113.7920,NA,NA,NA,NA,NA,NA,NA,NA,NA,NA
57.461,3.6539,-0.3426,7.0728,20.2795,56102.2480,113.7920,NA,NA,NA,NA,NA,NA,NA,NA,NA,NA
57.620,3.6539,-0.3426,7.0831,20.4536,25962.9820,-1.0614,NA,NA,NA,NA,NA,NA,NA,NA,NA,NA
57.683,3.6680,0.0424,7.1022,20.7779,25962.9820,-1.0614,NA,NA,NA,NA,NA,NA,NA,NA,NA,NA
57.759,3.6680,0.0424,7.1092,20.8984,25739.0800,-1.9146,NA,NA,NA,NA,NA,NA,NA,NA,NA,NA
57.860,3.6666,0.0041,7.1124,20.9524,47164.1280,79.7310,NA,NA,NA,NA,NA,NA,NA,NA,NA,NA
57.959,3.6626,-0.1039,7.1137,20.9743,51373.2040,95.7708,NA,NA,NA,NA,NA,NA,NA,NA,NA,NA
58.056,3.6703,0.1049,7.1137,20.9743,55406.6320,111.1412,NA,NA,NA,NA,NA,NA,NA,NA,NA,NA
58.156,3.6703,0.1049,7.1093,20.8986,55406.6320,111.1412,NA,NA,NA,NA,NA,NA,NA,NA,NA,NA
58.256,3.6407,-0.7034,7.1021,20.7762,25838.2000,-1.5369,195319.2640,0.0000,NA,NA,NA,NA,NA,NA,NA,NA
58.359,3.6420,-0.6666,7.0900,20.5719,51910.7680,97.8193,NA,NA,NA,NA,NA,NA,NA,NA,NA,NA
58.446,3.6436,-0.6219,7.0693,20.2183,51910.7680,97.8193,NA,NA,NA,NA,NA,NA,NA,NA,NA,NA
58.546,3.6436,-0.6219,7.0615,20.0859,26301.1120,0.2271,NA,NA,NA,NA,NA,NA,NA,NA,NA,NA
58.646,3.6417,-0.6749,7.0555,19.9846,28795.6360,9.7332,195775.5200,0.0000,NA,NA,NA,NA,NA,NA,NA,NA
58.742,3.6438,-0.6164,7.0544,19.9657,60513.3440,130.6016,NA,NA,NA,NA,NA,NA,NA,NA,NA,NA
58.849,3.6438,-0.6164,7.0511,19.9091,60513.3440,130.6016,NA,NA,NA,NA,NA,NA,NA,NA,NA,NA
58.979,3.6498,-0.4545,7.0531,19.9437,27431.9600,4.5365,NA,NA,NA,NA,NA,NA,NA,NA,NA,NA
59.043,3.6581,-0.2283,7.0541,19.9611,25356.4320,-3.3728,NA,NA,NA,NA,NA,NA,NA,NA,NA,NA
59.148,3.6581,-0.2283,7.0602,20.0645,46741.1040,78.1190,NA,NA,NA,NA,NA,NA,NA,NA,NA,NA
59.240,3.6499,-0.4515,7.0614,20.0851,50163.7600,91.1619,NA,NA,NA,NA,NA,NA,NA,NA,NA,NA
59.340,3.6480,-0.5041,7.0614,20.0851,55066.9760,109.8469,NA,NA,NA,NA,NA,NA,NA,NA,NA,NA
59.444,3.6447,-0.5939,7.0668,20.1760,55066.9760,109.8469,NA,NA,NA,NA,NA,NA,NA,NA,NA,NA
59.563,3.6402,-0.7163,7.0668,20.1760,25213.1840,-3.9187,NA,NA,NA,NA,NA,NA,NA,NA,NA,NA
59.647,3.6311,-0.9631,7.0619,20.0926,27298.5140,4.0280,NA,NA,NA,NA,NA,NA,NA,NA,NA,NA
59.729,3.6514,-0.4091,7.0602,20.0648,30707.2440,17.0178,NA,NA,NA,NA,NA,NA,NA,NA,NA,NA
59.835,3.6538,-0.3453,7.0646,20.1386,30707.2440,17.0178,NA,NA,NA,NA,NA,NA,NA,NA,NA,NA
59.930,3.6538,-0.3453,7.0679,20.1948,23904.8040,-8.9046,NA,NA,NA,NA,NA,NA,NA,NA,NA,NA
60.024,3.6529,-0.3706,7.0734,20.2890,25467.0180,-2.9514,NA,NA,NA,NA,NA,NA,NA,NA,NA,NA
60.124,3.6316,-0.9493,7.0766,20.3440,47334.0400,80.3785,NA,NA,NA,NA,NA,NA,NA,NA,NA,NA
60.246,3.6316,-0.9493,7.0799,20.3992,51332.1840,95.6145,NA,NA,NA,NA,NA,NA,NA,NA,NA,NA
60.326,3.6292,-1.0152,7.0820,20.4353,56057.4160,113.6212,NA,NA,NA,NA,NA,NA,NA,NA,NA,NA
60.463,3.6292,-1.0152,7.0820,20.4353,56057.4160,113.6212,NA,NA,NA,NA,NA,NA,NA,NA,NA,NA
60.514,3.6197,-1.2761,7.0857,20.4980,25691.2020,-2.0971,195584.3360,0.0000,NA,NA,NA,NA,NA,NA,NA,NA
60.621,3.6197,-1.2761,7.0857,20.4980,52715.2640,100.8851,NA,NA,NA,NA,NA,NA,NA,NA,NA,NA
60.724,3.6187,-1.3028,7.0849,20.4837,52715.2640,100.8851,NA,NA,NA,NA,NA,NA,NA,NA,NA,NA
60.825,3.6195,-1.2807,7.0828,20.4481,25899.7520,-1.3023,NA,NA,NA,NA,NA,NA,NA,NA,NA,NA
60.914,3.6344,-0.8726,7.0469,19.8389,25899.7520,-1.3023,NA,NA,NA,NA,NA,NA,NA,NA,NA,NA
61.021,3.6344,-0.8726,7.0299,19.5496,25059.5980,-4.5040,NA,NA,NA,NA,NA,NA,NA,NA,NA,NA
61.120,3.6333,-0.9030,7.0125,19.2539,44641.2640,70.1170,NA,NA,NA,NA,NA,NA,NA,NA,NA,NA
61.208,3.6253,-1.1218,7.0057,19.1379,49922.0520,90.2408,NA,NA,NA,NA,NA,NA,NA,NA,NA,NA
61.311,3.6412,-0.6873,6.9921,18.9067,56263.5200,114.4066,NA,NA,NA,NA,NA,NA,NA,NA,NA,NA
61.437,3.6457,-0.5664,6.9842,18.7720,56263.5200,114.4066,NA,NA,NA,NA,NA,NA,NA,NA,NA,NA
61.501,3.6458,-0.5640,6.9780,18.6665,26708.5860,1.7799,195443.0720,0.0000,NA,NA,NA,NA,NA,NA,NA,NA
61.616,3.6458,-0.5640,6.9762,18.6358,55280.5360,110.6607,NA,NA,NA,NA,NA,NA,NA,NA,NA,NA
61.702,3.6395,-0.7348,6.9717,18.5600,55280.5360,110.6607,NA,NA,NA,NA,NA,NA,NA,NA,NA,NA
61.800,3.6373,-0.7954,6.9678,18.4929,25726.6480,-1.9620,NA,NA,NA,NA,NA,NA,NA,NA,NA,NA
61.901,3.6373,-0.7954,6.9565,18.3009,27689.0260,5.5161,NA,NA,NA,NA,NA,NA,NA,NA,NA,NA
62.042,3.6421,-0.6630,6.9565,18.3009,30156.3680,14.9186,NA,NA,NA,NA,NA,NA,NA,NA,NA,NA
62.100,3.6421,-0.6630,6.9534,18.2486,30156.3680,14.9186,NA,NA,NA,NA,NA,NA,NA,NA,NA,NA
62.199,3.6513,-0.4135,6.9522,18.2280,23661.5640,-9.8315,NA,NA,NA,NA,NA,NA,NA,NA,NA,NA
62.290,3.6513,-0.4135,6.9587,18.3385,25551.3880,-2.6299,NA,NA,NA,NA,NA,NA,NA,NA,NA,NA
62.398,3.6454,-0.5748,6.9618,18.3911,48081.1200,83.2255,NA,NA,NA,NA,NA,NA,NA,NA,NA,NA
62.485,3.6384,-0.7656,6.9652,18.4492,52083.9920,98.4794,NA,NA,NA,NA,NA,NA,NA,NA,NA,NA
62.579,3.6383,-0.7676,6.9684,18.5025,56082.6640,113.7174,NA,NA,NA,NA,NA,NA,NA,NA,NA,NA
62.719,3.6383,-0.7676,6.9684,18.5025,56082.6640,113.7174,NA,NA,NA,NA,NA,NA,NA,NA,NA,NA
62.788,3.6415,-0.6807,6.9691,18.5149,25829.5240,-1.5700,NA,NA,NA,NA,NA,NA,NA,NA,NA,NA
62.885,3.6415,-0.6807,6.9776,18.6605,24337.8400,-7.2544,NA,NA,NA,NA,NA,NA,NA,NA,NA,NA
62.983,3.6395,-0.7336,6.9776,18.6605,26070.3320,-0.6523,NA,NA,NA,NA,NA,NA,NA,NA,NA,NA
63.081,3.6318,-0.9442,6.9750,18.6162,48239.7800,83.8301,NA,NA,NA,NA,NA,NA,NA,NA,NA,NA
63.199,3.6318,-0.9442,6.9748,18.6123,51956.8200,97.9948,NA,NA,NA,NA,NA,NA,NA,NA,NA,NA
63.274,3.6281,-1.0449,6.9675,18.4887,55608.2800,111.9096,NA,NA,NA,NA,NA,NA,NA,NA,NA,NA
63.375,3.6281,-1.0449,6.9608,18.3746,55608.2800,111.9096,NA,NA,NA,NA,NA,NA,NA,NA,NA,NA
63.477,3.6276,-1.0593,6.9572,18.3130,27149.3320,3.4595,196992.4800,0.0000,NA,NA,NA,NA,NA,NA,NA,NA
63.579,3.6334,-0.9009,6.9538,18.2550,54255.3600,106.7540,NA,NA,NA,NA,NA,NA,NA,NA,NA,NA
63.670,3.6334,-0.9009,6.9538,18.2546,54255.3600,106.7540,NA,NA,NA,NA,NA,NA,NA,NA,NA,NA
63.769,3.6321,-0.9373,6.9453,18.1107,26940.4120,2.6634,190362.8480,0.0000,NA,NA,NA,NA,NA,NA,NA,NA
63.871,3.6362,-0.8262,6.9391,18.0043,56639.1040,115.8379,NA,NA,NA,NA,NA,NA,NA,NA,NA,NA
63.998,3.6362,-0.8262,6.9298,17.8472,NA,NA,NA,NA,NA,NA,NA,NA,NA,NA,NA,NA
64.069,3.6355,-0.8446,6.9206,17.6898,NA,NA,NA,NA,NA,NA,NA,NA,NA,NA,NA,NA
64.165,3.6355,-0.8446,6.9108,17.5229,30637.2520,16.7511,NA,NA,NA,NA,NA,NA,NA,NA,NA,NA
64.285,3.6500,-0.4488,6.9072,17.4623,31720.7600,20.8801,NA,NA,NA,NA,NA,NA,NA,NA,NA,NA
64.401,3.6557,-0.2937,6.9008,17.3536,31720.7600,20.8801,NA,NA,NA,NA,NA,NA,NA,NA,NA,NA
64.462,3.6557,-0.2937,6.8955,17.2628,23254.3720,-11.3832,NA,NA,NA,NA,NA,NA,NA,NA,NA,NA
64.561,3.6475,-0.5156,6.8922,17.2075,24833.8440,-5.3643,NA,NA,NA,NA,NA,NA,NA,NA,NA,NA
64.666,3.6442,-0.6066,6.8802,17.0031,45175.8720,72.1543,NA,NA,NA,NA,NA,NA,NA,NA,NA,NA
64.757,3.6430,-0.6386,6.8751,16.9168,48904.1520,86.3618,NA,NA,NA,NA,NA,NA,NA,NA,NA,NA
64.863,3.6416,-0.6785,6.8668,16.7760,52509.0920,100.0994,NA,NA,NA,NA,NA,NA,NA,NA,NA,NA
64.954,3.6400,-0.7209,6.8638,16.7237,52509.0920,100.0994,NA,NA,NA,NA,NA,NA,NA,NA,NA,NA
65.051,3.6409,-0.6958,6.8545,16.5655,25924.0160,-1.2099,NA,NA,NA,NA,NA,NA,NA,NA,NA,NA
65.149,3.6467,-0.5375,6.8497,16.4839,28537.5440,8.7496,NA,NA,NA,NA,NA,NA,NA,NA,NA,NA
65.275,3.6814,0.4082,6.8447,16.4002,31504.8880,20.0575,NA,NA,NA,NA,NA,NA,NA,NA,NA,NA
65.356,3.6820,0.4237,6.8349,16.2332,31504.8880,20.0575,NA,NA,NA,NA,NA,NA,NA,NA,NA,NA
65.456,3.6820,0.4237,6.8291,16.1343,51458.7920,96.0969,NA,NA,NA,NA,NA,NA,NA,NA,NA,NA
65.569,3.6741,0.2092,6.8401,16.3209,56482.0720,115.2394,NA,NA,NA,NA,NA,NA,NA,NA,NA,NA
65.648,3.7319,1.7860,6.9402,18.0239,56482.0720,115.2394,NA,NA,NA,NA,NA,NA,NA,NA,NA,NA
65.750,3.8028,3.7203,7.0281,19.5178,26734.9580,1.8804,NA,NA,NA,NA,NA,NA,NA,NA,NA,NA
65.844,3.8797,5.8170,7.1549,21.6747,29408.1220,12.0672,NA,NA,NA,NA,NA,NA,NA,NA,NA,NA
65.939,3.9288,7.1544,7.2432,23.1759,29408.1220,12.0672,NA,NA,NA,NA,NA,NA,NA,NA,NA,NA
66.047,3.9920,8.8789,7.3163,24.4191,22031.0880,-16.0449,NA,NA,NA,NA,NA,NA,NA,NA,NA,NA
66.168,4.0184,9.5994,7.3489,24.9735,23568.9400,-10.1845,NA,NA,NA,NA,NA,NA,NA,NA,NA,NA
66.245,4.0184,9.5994,7.3791,25.4884,25600.5360,-2.4426,NA,NA,NA,NA,NA,NA,NA,NA,NA,NA
66.360,4.0164,9.5456,7.3886,25.6491,47063.0480,79.3458,NA,NA,NA,NA,NA,NA,NA,NA,NA,NA
66.442,4.0032,9.1856,7.4114,26.0369,52217.5000,98.9882,NA,NA,NA,NA,NA,NA,NA,NA,NA,NA
66.558,4.0032,9.1856,7.4246,26.2618,57692.2600,119.8512,NA,NA,NA,NA,NA,NA,NA,NA,NA,NA
66.627,3.9796,8.5404,7.4334,26.4113,57692.2600,119.8512,NA,NA,NA,NA,NA,NA,NA,NA,NA,NA
66.791,3.9707,8.2988,7.4433,26.5788,27475.1360,4.7011,NA,NA,NA,NA,NA,NA,NA,NA,NA,NA
66.832,3.9522,7.7949,7.4507,26.7055,30120.1200,14.7805,NA,NA,NA,NA,NA,NA,NA,NA,NA,NA
66.924,3.9731,8.3644,7.4613,26.8861,30120.1200,14.7805,NA,NA,NA,NA,NA,NA,NA,NA,NA,NA
67.025,4.0091,9.3466,7.5920,29.1078,22436.6580,-14.4994,NA,NA,NA,NA,NA,NA,NA,NA,NA,NA
67.122,4.0464,10.3643,7.6927,30.8200,24015.2200,-8.4838,NA,NA,NA,NA,NA,NA,NA,NA,NA,NA
67.219,4.0602,10.7386,7.8177,32.9470,43426.5520,65.4880,NA,NA,NA,NA,NA,NA,NA,NA,NA,NA
67.312,4.0905,11.5661,7.8504,33.5019,48176.6720,83.5896,NA,NA,NA,NA,NA,NA,NA,NA,NA,NA
67.438,4.0905,11.5661,7.9378,34.9889,53514.4120,103.9304,NA,NA,NA,NA,NA,NA,NA,NA,NA,NA
67.509,4.1070,12.0163,7.9698,35.5324,58952.1640,124.6524,NA,NA,NA,NA,NA,NA,NA,NA,NA,NA
67.607,4.1194,12.3544,7.9730,35.5878,58952.1640,124.6524,NA,NA,NA,NA,NA,NA,NA,NA,NA,NA
67.706,4.1206,12.3871,7.9769,35.6529,28220.5980,7.5418,NA,NA,NA,NA,NA,NA,NA,NA,NA,NA
67.803,4.1346,12.7688,7.9769,35.6529,30822.3920,17.4566,NA,NA,NA,NA,NA,NA,NA,NA,NA,NA
67.905,4.1346,12.7688,7.9741,35.6057,30822.3920,17.4566,NA,NA,NA,NA,NA,NA,NA,NA,NA,NA
68.011,4.1489,13.1581,7.9688,35.5164,22875.7220,-12.8262,NA,NA,NA,NA,NA,NA,NA,NA,NA,NA
68.101,4.1489,13.1581,7.9531,35.2482,24546.8160,-6.4581,NA,NA,NA,NA,NA,NA,NA,NA,NA,NA
68.194,4.1460,13.0806,7.9746,35.6153,44618.3120,70.0295,NA,NA,NA,NA,NA,NA,NA,NA,NA,NA
68.304,4.1390,12.8877,8.1016,37.7737,49599.1640,89.0104,NA,NA,NA,NA,NA,NA,NA,NA,NA,NA
68.408,4.1688,13.7019,8.1432,38.4815,49599.1640,89.0104,NA,NA,NA,NA,NA,NA,NA,NA,NA,NA
68.498,4.2090,14.7984,8.2000,39.4469,31440.9080,19.8137,NA,NA,NA,NA,NA,NA,NA,NA,NA,NA
68.631,4.2700,16.4609,8.2320,39.9927,31440.9080,19.8137,NA,NA,NA,NA,NA,NA,NA,NA,NA,NA
68.707,4.2818,16.7834,8.2353,40.0486,23809.2940,-9.2686,NA,NA,NA,NA,NA,NA,NA,NA,NA,NA
68.791,4.2818,16.7834,8.2353,40.0486,25457.3440,-2.9883,NA,NA,NA,NA,NA,NA,NA,NA,NA,NA
68.889,4.2623,16.2504,8.2189,39.7683,47484.6280,80.9524,NA,NA,NA,NA,NA,NA,NA,NA,NA,NA
68.999,4.2623,16.2504,8.2112,39.6373,50999.5680,94.3470,NA,NA,NA,NA,NA,NA,NA,NA,NA,NA
69.086,4.2594,16.1728,8.2050,39.5327,55881.8040,112.9520,NA,NA,NA,NA,NA,NA,NA,NA,NA,NA
69.231,4.2299,15.3690,8.2110,39.6351,55881.8040,112.9520,NA,NA,NA,NA,NA,NA,NA,NA,NA,NA
69.290,4.2303,15.3795,8.2110,39.6351,26189.0000,-0.2001,NA,NA,NA,NA,NA,NA,NA,NA,NA,NA
69.383,4.2348,15.5017,8.2173,39.7420,28499.8040,8.6058,NA,NA,NA,NA,NA,NA,NA,NA,NA,NA
69.485,4.2829,16.8126,8.3406,41.8387,28499.8040,8.6058,NA,NA,NA,NA,NA,NA,NA,NA,NA,NA
69.574,4.3411,18.4017,8.4690,44.0229,22257.7640,-15.1811,NA,NA,NA,NA,NA,NA,NA,NA,NA,NA
69.674,4.3625,18.9838,8.4907,44.3913,23925.8000,-8.8246,NA,NA,NA,NA,NA,NA,NA,NA,NA,NA
69.773,4.3625,18.9838,8.5094,44.7084,25819.7560,-1.6072,NA,NA,NA,NA,NA,NA,NA,NA,NA,NA
69.873,4.3742,19.3028,8.5094,44.7084,47961.9440,82.7713,NA,NA,NA,NA,NA,NA,NA,NA,NA,NA
69.970,4.3742,19.3028,8.5057,44.6461,52211.6800,98.9660,NA,NA,NA,NA,NA,NA,NA,NA,NA,NA
70.086,4.3691,19.1653,8.5013,44.5710,57086.4600,117.5426,NA,NA,NA,NA,NA,NA,NA,NA,NA,NA
70.171,4.3677,19.1262,8.4806,44.2196,57086.4600,117.5426,NA,NA,NA,NA,NA,NA,NA,NA,NA,NA
70.261,4.3569,18.8313,8.4530,43.7498,26736.3580,1.8858,NA,NA,NA,NA,NA,NA,NA,NA,NA,NA
70.419,4.3569,18.8313,8.4201,43.1899,29190.3760,11.2374,NA,NA,NA,NA,NA,NA,NA,NA,NA,NA
70.455,4.3701,19.1905,8.3947,42.7582,29190.3760,11.2374,NA,NA,NA,NA,NA,NA,NA,NA,NA,NA
70.561,4.3726,19.2600,8.3827,42.5553,22751.5300,-13.2995,NA,NA,NA,NA,NA,NA,NA,NA,NA,NA
70.659,4.3726,19.2600,8.3463,41.9350,24387.6980,-7.0644,NA,NA,NA,NA,NA,NA,NA,NA,NA,NA
70.749,4.3630,18.9974,8.3049,41.2314,45149.9480,72.0555,NA,NA,NA,NA,NA,NA,NA,NA,NA,NA
70.860,4.3702,19.1949,8.3023,41.1872,48597.0840,85.1917,NA,NA,NA,NA,NA,NA,NA,NA,NA,NA
70.946,4.3702,19.1949,8.3032,41.2021,53278.2440,103.0304,NA,NA,NA,NA,NA,NA,NA,NA,NA,NA
71.057,4.3652,19.0581,8.3032,41.2021,58207.5080,121.8147,NA,NA,NA,NA,NA,NA,NA,NA,NA,NA
71.147,4.3652,19.0581,8.2985,41.1235,58207.5080,121.8147,NA,NA,NA,NA,NA,NA,NA,NA,NA,NA
71.240,4.3596,18.9056,8.2961,41.0826,27208.3500,3.6844,NA,NA,NA,NA,NA,NA,NA,NA,NA,NA
71.338,4.3173,17.7531,8.2714,40.6625,29980.2300,14.2474,NA,NA,NA,NA,NA,NA,NA,NA,NA,NA
71.438,4.3613,18.9525,8.2846,40.8869,29980.2300,14.2474,NA,NA,NA,NA,NA,NA,NA,NA,NA,NA
71.572,4.3613,18.9525,8.2846,40.8869,23301.3380,-11.2043,NA,NA,NA,NA,NA,NA,NA,NA,NA,NA
71.635,4.3595,18.9027,8.2527,40.3444,24862.1440,-5.2564,NA,NA,NA,NA,NA,NA,NA,NA,NA,NA
71.755,4.3551,18.7840,8.2234,39.8459,46302.5800,76.4479,NA,NA,NA,NA,NA,NA,NA,NA,NA,NA
71.841,4.2837,16.8360,8.1992,39.4339,46302.5800,76.4479,NA,NA,NA,NA,NA,NA,NA,NA,NA,NA
71.943,4.2734,16.5532,8.1909,39.2931,29365.3260,11.9041,NA,NA,NA,NA,NA,NA,NA,NA,NA,NA
72.035,4.2904,17.0188,8.1733,38.9931,32209.6880,22.7433,NA,NA,NA,NA,NA,NA,NA,NA,NA,NA
72.130,4.2904,17.0188,8.1632,38.8217,32209.6880,22.7433,NA,NA,NA,NA,NA,NA,NA,NA,NA,NA
72.231,4.2742,16.5762,8.1564,38.7069,23803.8820,-9.2892,NA,NA,NA,NA,NA,NA,NA,NA,NA,NA
72.329,4.2729,16.5404,8.1417,38.4559,25473.7120,-2.9259,NA,NA,NA,NA,NA,NA,NA,NA,NA,NA
72.431,4.2607,16.2081,8.1368,38.3724,46764.7560,78.2091,NA,NA,NA,NA,NA,NA,NA,NA,NA,NA
72.527,4.2495,15.9016,8.1262,38.1934,50097.6280,90.9099,NA,NA,NA,NA,NA,NA,NA,NA,NA,NA
72.620,4.2219,15.1485,8.1141,37.9864,53445.4080,103.6675,NA,NA,NA,NA,NA,NA,NA,NA,NA,NA
72.745,4.2219,15.1485,8.1141,37.9864,53445.4080,103.6675,NA,NA,NA,NA,NA,NA,NA,NA,NA,NA
72.847,4.2100,14.8259,8.1086,37.8929,26896.2960,2.4952,196877.6800,0.0000,NA,NA,NA,NA,NA,NA,NA,NA
72.922,4.2081,14.7720,8.0939,37.6427,54954.7720,109.4193,NA,NA,NA,NA,NA,NA,NA,NA,NA,NA
73.024,4.2069,14.7415,8.0874,37.5327,54954.7720,109.4193,NA,NA,NA,NA,NA,NA,NA,NA,NA,NA
73.114,4.2044,14.6715,8.0751,37.3233,25920.5520,-1.2231,NA,NA,NA,NA,NA,NA,NA,NA,NA,NA
73.219,4.2011,14.5828,8.0591,37.0513,28533.5260,8.7343,NA,NA,NA,NA,NA,NA,NA,NA,NA,NA
73.370,4.2139,14.9311,8.0508,36.9100,31623.1520,20.5081,NA,NA,NA,NA,NA,NA,NA,NA,NA,NA
73.413,4.2139,14.9311,8.0418,36.7575,31623.1520,20.5081,NA,NA,NA,NA,NA,NA,NA,NA,NA,NA
73.512,4.2096,14.8133,8.0371,36.6780,52683.6800,100.7647,NA,NA,NA,NA,NA,NA,NA,NA,NA,NA
73.621,4.1773,13.9344,8.0305,36.5646,56229.1280,114.2755,NA,NA,NA,NA,NA,NA,NA,NA,NA,NA
73.718,4.1441,13.0282,8.0258,36.4860,56229.1280,114.2755,NA,NA,NA,NA,NA,NA,NA,NA,NA,NA
73.805,4.1531,13.2720,8.0079,36.1815,26449.0880,0.7910,NA,NA,NA,NA,NA,NA,NA,NA,NA,NA
73.916,4.1531,13.2720,7.9942,35.9484,28444.3260,8.3944,NA,NA,NA,NA,NA,NA,NA,NA,NA,NA
74.010,4.1510,13.2147,7.9871,35.8275,28444.3260,8.3944,NA,NA,NA,NA,NA,NA,NA,NA,NA,NA
74.106,4.1581,13.4083,7.9834,35.7639,22095.0460,-15.8012,NA,NA,NA,NA,NA,NA,NA,NA,NA,NA
74.200,4.1703,13.7429,7.9784,35.6797,24035.3940,-8.4070,NA,NA,NA,NA,NA,NA,NA,NA,NA,NA
74.301,4.1703,13.7429,7.9745,35.6128,26042.9200,-0.7568,NA,NA,NA,NA,NA,NA,NA,NA,NA,NA
74.397,4.1503,13.1977,7.9727,35.5828,49057.3400,86.9456,NA,NA,NA,NA,NA,NA,NA,NA,NA,NA
74.500,4.1328,12.7202,7.9727,35.5828,52795.8080,101.1920,NA,NA,NA,NA,NA,NA,NA,NA,NA,NA
74.589,4.1278,12.5839,7.9713,35.5579,57242.1000,118.1357,NA,NA,NA,NA,NA,NA,NA,NA,NA,NA
74.695,4.1278,12.5839,7.9701,35.5372,57242.1000,118.1357,NA,NA,NA,NA,NA,NA,NA,NA,NA,NA
74.790,4.1285,12.6022,7.9660,35.4686,26978.3780,2.8080,NA,NA,NA,NA,NA,NA,NA,NA,NA,NA
74.887,4.1297,12.6359,7.9580,35.3321,28984.0020,10.4510,NA,NA,NA,NA,NA,NA,NA,NA,NA,NA
74.986,4.1458,13.0738,7.9532,35.2514,28984.0020,10.4510,NA,NA,NA,NA,NA,NA,NA,NA,NA,NA
75.087,4.1576,13.3962,7.9518,35.2270,22689.3920,-13.5362,NA,NA,NA,NA,NA,NA,NA,NA,NA,NA
75.199,4.1770,13.9250,7.9508,35.2094,24539.5120,-6.4859,NA,NA,NA,NA,NA,NA,NA,NA,NA,NA
75.277,4.1770,13.9250,7.9483,35.1670,45571.7120,73.6627,NA,NA,NA,NA,NA,NA,NA,NA,NA,NA
75.377,4.1465,13.0927,7.9360,34.9587,49918.7600,90.2283,NA,NA,NA,NA,NA,NA,NA,NA,NA,NA
75.476,4.1417,12.9627,7.9237,34.7492,53443.1480,103.6588,NA,NA,NA,NA,NA,NA,NA,NA,NA,NA
75.576,4.1417,12.9627,7.9175,34.6434,58374.0240,122.4492,NA,NA,NA,NA,NA,NA,NA,NA,NA,NA
75.668,4.1372,12.8388,7.9011,34.3642,58374.0240,122.4492,NA,NA,NA,NA,NA,NA,NA,NA,NA,NA
75.771,4.1381,12.8629,7.8982,34.3152,27544.6800,4.9661,NA,NA,NA,NA,NA,NA,NA,NA,NA,NA
75.902,4.1586,13.4234,7.8982,34.3152,29668.7600,13.0604,NA,NA,NA,NA,NA,NA,NA,NA,NA,NA
75.988,4.1597,13.4530,7.8980,34.3123,29668.7600,13.0604,NA,NA,NA,NA,NA,NA,NA,NA,NA,NA
76.060,4.1597,13.4530,7.8980,34.3123,23185.5760,-11.6454,NA,NA,NA,NA,NA,NA,NA,NA,NA,NA
76.158,4.1591,13.4368,7.8920,34.2101,25023.9300,-4.6399,NA,NA,NA,NA,NA,NA,NA,NA,NA,NA
76.266,4.1557,13.3455,7.8882,34.1456,46672.8640,77.8589,NA,NA,NA,NA,NA,NA,NA,NA,NA,NA
76.400,4.1374,12.8453,7.8862,34.1106,50574.3280,92.7265,NA,NA,NA,NA,NA,NA,NA,NA,NA,NA
76.464,4.1191,12.3463,7.8780,33.9716,50574.3280,92.7265,NA,NA,NA,NA,NA,NA,NA,NA,NA,NA
76.561,4.1180,12.3173,7.8710,33.8534,32745.3820,24.7847,NA,NA,NA,NA,NA,NA,NA,NA,NA,NA
76.657,4.1266,12.5501,7.8664,33.7739,32745.3820,24.7847,NA,NA,NA,NA,NA,NA,NA,NA,NA,NA
76.752,4.1266,12.5501,7.8640,33.7343,23848.7540,-9.1182,NA,NA,NA,NA,NA,NA,NA,NA,NA,NA
76.864,4.1207,12.3906,7.8600,33.6648,25539.0280,-2.6770,NA,NA,NA,NA,NA,NA,NA,NA,NA,NA
76.952,4.1165,12.2748,7.8571,33.6161,47131.6200,79.6071,NA,NA,NA,NA,NA,NA,NA,NA,NA,NA
77.054,4.1053,11.9692,7.8535,33.5552,50944.6920,94.1378,NA,NA,NA,NA,NA,NA,NA,NA,NA,NA
77.146,4.1005,11.8375,7.8535,33.5552,54727.8120,108.5544,NA,NA,NA,NA,NA,NA,NA,NA,NA,NA
77.252,4.0888,11.5190,7.8496,33.4882,54727.8120,108.5544,NA,NA,NA,NA,NA,NA,NA,NA,NA,NA
77.343,4.0909,11.5755,7.8452,33.4135,26461.0720,0.8367,NA,NA,NA,NA,NA,NA,NA,NA,NA,NA
77.442,4.0909,11.5755,7.8389,33.3076,29590.8780,12.7636,NA,NA,NA,NA,NA,NA,NA,NA,NA,NA
77.535,4.0942,11.6682,7.8332,33.2106,29590.8780,12.7636,NA,NA,NA,NA,NA,NA,NA,NA,NA,NA
77.649,4.1027,11.8982,7.8296,33.1491,22332.7640,-14.8953,NA,NA,NA,NA,NA,NA,NA,NA,NA,NA
77.732,4.1042,11.9409,7.8256,33.0798,23906.0200,-8.9000,NA,NA,NA,NA,NA,NA,NA,NA,NA,NA
77.832,4.1042,11.9409,7.8230,33.0368,25910.6420,-1.2608,NA,NA,NA,NA,NA,NA,NA,NA,NA,NA
77.935,4.1014,11.8640,7.8191,32.9702,47969.4640,82.8000,NA,NA,NA,NA,NA,NA,NA,NA,NA,NA
78.035,4.0904,11.5618,7.8103,32.8204,51691.8560,96.9851,NA,NA,NA,NA,NA,NA,NA,NA,NA,NA
78.189,4.0871,11.4720,7.8043,32.7188,55357.7560,110.9550,NA,NA,NA,NA,NA,NA,NA,NA,NA,NA
78.229,4.0793,11.2600,7.8021,32.6806,55357.7560,110.9550,NA,NA,NA,NA,NA,NA,NA,NA,NA,NA
78.324,4.0708,11.0276,7.8021,32.6806,27366.3320,4.2864,NA,NA,NA,NA,NA,NA,NA,NA,NA,NA
78.421,4.0596,10.7234,7.7923,32.5149,30458.8700,16.0713,NA,NA,NA,NA,NA,NA,NA,NA,NA,NA
78.517,4.0689,10.9772,7.7899,32.4735,30458.8700,16.0713,NA,NA,NA,NA,NA,NA,NA,NA,NA,NA
78.624,4.0697,10.9991,7.7859,32.4049,22785.8820,-13.1685,NA,NA,NA,NA,NA,NA,NA,NA,NA,NA
78.716,4.0720,11.0610,7.7850,32.3907,24392.8260,-7.0449,NA,NA,NA,NA,NA,NA,NA,NA,NA,NA
78.842,4.0720,11.0610,7.7821,32.3413,44976.9840,71.3964,NA,NA,NA,NA,NA,NA,NA,NA,NA,NA
78.913,4.0625,10.8032,7.7821,32.3413,48644.7720,85.3734,NA,NA,NA,NA,NA,NA,NA,NA,NA,NA
79.018,4.0321,9.9724,7.7750,32.2201,52337.8520,99.4468,NA,NA,NA,NA,NA,NA,NA,NA,NA,NA
79.104,4.0321,9.9724,7.7689,32.1166,55948.5880,113.2065,NA,NA,NA,NA,NA,NA,NA,NA,NA,NA
79.207,4.0302,9.9205,7.7655,32.0578,55948.5880,113.2065,NA,NA,NA,NA,NA,NA,NA,NA,NA,NA
79.303,4.0331,10.0006,7.7604,31.9726,28225.2200,7.5595,NA,NA,NA,NA,NA,NA,NA,NA,NA,NA
79.411,4.0353,10.0602,7.7573,31.9199,31282.0480,19.2083,NA,NA,NA,NA,NA,NA,NA,NA,NA,NA
79.501,4.0402,10.1934,7.7469,31.7423,31282.0480,19.2083,NA,NA,NA,NA,NA,NA,NA,NA,NA,NA
79.599,4.0402,10.1934,7.7409,31.6400,23232.2820,-11.4674,NA,NA,NA,NA,NA,NA,NA,NA,NA,NA
79.701,4.0534,10.5531,7.7376,31.5838,24988.7240,-4.7740,NA,NA,NA,NA,NA,NA,NA,NA,NA,NA
79.807,4.0534,10.5531,7.7350,31.5401,45870.7680,74.8023,NA,NA,NA,NA,NA,NA,NA,NA,NA,NA
79.964,4.0394,10.1716,7.7350,31.5401,45870.7680,74.8023,NA,NA,NA,NA,NA,NA,NA,NA,NA,NA
80.002,4.0185,9.6012,7.7240,31.3521,28940.6620,10.2858,NA,NA,NA,NA,NA,NA,NA,NA,NA,NA
80.101,4.0291,9.8900,7.7180,31.2511,31887.1700,21.5143,NA,NA,NA,NA,NA,NA,NA,NA,NA,NA
80.196,4.0428,10.2641,7.7133,31.1709,31887.1700,21.5143,NA,NA,NA,NA,NA,NA,NA,NA,NA,NA
80.288,4.0428,10.2641,7.7104,31.1209,23464.3740,-10.5830,NA,NA,NA,NA,NA,NA,NA,NA,NA,NA
80.397,4.0308,9.9386,7.6987,30.9224,24902.0740,-5.1042,NA,NA,NA,NA,NA,NA,NA,NA,NA,NA
80.559,4.0077,9.3065,7.6924,30.8161,44632.7840,70.0847,NA,NA,NA,NA,NA,NA,NA,NA,NA,NA
80.595,4.0001,9.1010,7.6852,30.6927,49495.7800,88.6164,NA,NA,NA,NA,NA,NA,NA,NA,NA,NA
80.684,3.9805,8.5648,7.6810,30.6223,55320.4760,110.8129,NA,NA,NA,NA,NA,NA,NA,NA,NA,NA
80.779,3.9718,8.3293,7.6794,30.5937,55320.4760,110.8129,NA,NA,NA,NA,NA,NA,NA,NA,NA,NA
80.877,3.9718,8.3293,7.6756,30.5306,26687.9160,1.7012,194358.5280,0.0000,NA,NA,NA,NA,NA,NA,NA,NA
80.980,3.9552,7.8761,7.6735,30.4945,55895.8480,113.0055,NA,NA,NA,NA,NA,NA,NA,NA,NA,NA
81.083,3.9490,7.7075,7.6710,30.4509,55895.8480,113.0055,NA,NA,NA,NA,NA,NA,NA,NA,NA,NA
81.177,3.9498,7.7272,7.6694,30.4241,25875.0020,-1.3967,NA,NA,NA,NA,NA,NA,NA,NA,NA,NA
81.276,3.9498,7.7272,7.6624,30.3059,27993.5880,6.6768,NA,NA,NA,NA,NA,NA,NA,NA,NA,NA
81.368,3.9778,8.4925,7.6535,30.1533,30408.4660,15.8793,NA,NA,NA,NA,NA,NA,NA,NA,NA,NA
81.469,3.9829,8.6323,7.6508,30.1076,30408.4660,15.8793,NA,NA,NA,NA,NA,NA,NA,NA,NA,NA
81.564,3.9835,8.6463,7.6468,30.0401,23524.9620,-10.3521,NA,NA,NA,NA,NA,NA,NA,NA,NA,NA
81.670,3.9835,8.6463,7.6427,29.9701,25494.2700,-2.8475,NA,NA,NA,NA,NA,NA,NA,NA,NA,NA
81.803,3.9614,8.0461,7.6392,29.9113,47501.7240,81.0175,NA,NA,NA,NA,NA,NA,NA,NA,NA,NA
81.889,3.9614,8.0461,7.6366,29.8663,47501.7240,81.0175,NA,NA,NA,NA,NA,NA,NA,NA,NA,NA
81.963,3.9414,7.4988,7.6312,29.7739,29507.4840,12.4458,NA,NA,NA,NA,NA,NA,NA,NA,NA,NA
82.072,3.9384,7.4163,7.6246,29.6617,29507.4840,12.4458,NA,NA,NA,NA,NA,NA,NA,NA,NA,NA
82.157,3.9557,7.8904,7.6220,29.6177,22334.6440,-14.8881,NA,NA,NA,NA,NA,NA,NA,NA,NA,NA
82.258,3.9557,7.8904,7.6176,29.5426,24007.3220,-8.5139,NA,NA,NA,NA,NA,NA,NA,NA,NA,NA
82.403,3.9492,7.7125,7.6145,29.4913,25944.7300,-1.1309,NA,NA,NA,NA,NA,NA,NA,NA,NA,NA
82.454,3.9414,7.4984,7.6069,29.3616,48188.4240,83.6344,NA,NA,NA,NA,NA,NA,NA,NA,NA,NA
82.556,3.9232,7.0027,7.5972,29.1961,52373.2800,99.5818,NA,NA,NA,NA,NA,NA,NA,NA,NA,NA
82.652,3.8971,6.2912,7.5930,29.1259,56366.7760,114.8001,NA,NA,NA,NA,NA,NA,NA,NA,NA,NA
82.747,3.9100,6.6428,7.5905,29.0824,56366.7760,114.8001,NA,NA,NA,NA,NA,NA,NA,NA,NA,NA
82.854,3.9100,6.6428,7.5884,29.0473,26785.5700,2.0733,NA,NA,NA,NA,NA,NA,NA,NA,NA,NA
82.947,3.9075,6.5742,7.5806,28.9135,30106.8760,14.7300,NA,NA,NA,NA,NA,NA,NA,NA,NA,NA
83.057,3.9158,6.8006,7.5780,28.8702,30106.8760,14.7300,NA,NA,NA,NA,NA,NA,NA,NA,NA,NA
83.146,3.9240,7.0255,7.5774,28.8595,22784.2660,-13.1747,NA,NA,NA,NA,NA,NA,NA,NA,NA,NA
83.238,3.9256,7.0689,7.5730,28.7856,24467.2560,-6.7612,NA,NA,NA,NA,NA,NA,NA,NA,NA,NA
83.347,3.9256,7.0689,7.5649,28.6471,44839.3520,70.8719,NA,NA,NA,NA,NA,NA,NA,NA,NA,NA
83.446,3.9166,6.8225,7.5568,28.5089,48990.6760,86.6916,NA,NA,NA,NA,NA,NA,NA,NA,NA,NA
83.598,3.9034,6.4640,7.5547,28.4733,53073.3400,102.2496,NA,NA,NA,NA,NA,NA,NA,NA,NA,NA
83.637,3.9034,6.4640,7.5437,28.2875,57040.4400,117.3673,NA,NA,NA,NA,NA,NA,NA,NA,NA,NA
83.731,3.8874,6.0268,7.5408,28.2365,57040.4400,117.3673,NA,NA,NA,NA,NA,NA,NA,NA,NA,NA
83.835,3.8845,5.9462,7.5383,28.1941,27737.6440,5.7014,NA,NA,NA,NA,NA,NA,NA,NA,NA,NA
83.925,3.8995,6.3555,7.5357,28.1512,31017.4500,18.2000,NA,NA,NA,NA,NA,NA,NA,NA,NA,NA
84.024,3.9009,6.3959,7.5197,27.8788,31017.4500,18.2000,NA,NA,NA,NA,NA,NA,NA,NA,NA,NA
84.182,3.9154,6.7894,7.5123,27.7535,23249.5000,-11.4018,NA,NA,NA,NA,NA,NA,NA,NA,NA,NA
84.217,3.9154,6.7894,7.5037,27.6057,24924.3420,-5.0194,NA,NA,NA,NA,NA,NA,NA,NA,NA,NA
84.317,3.9140,6.7526,7.4980,27.5087,45893.5000,74.8890,NA,NA,NA,NA,NA,NA,NA,NA,NA,NA
84.426,3.8986,6.3327,7.4908,27.3871,49925.9200,90.2555,NA,NA,NA,NA,NA,NA,NA,NA,NA,NA
84.531,3.8845,5.9463,7.4855,27.2977,49925.9200,90.2555,NA,NA,NA,NA,NA,NA,NA,NA,NA,NA
84.618,3.9012,6.4028,7.4803,27.2092,32279.8000,23.0105,NA,NA,NA,NA,NA,NA,NA,NA,NA,NA
84.726,3.9012,6.4028,7.4785,27.1782,32279.8000,23.0105,NA,NA,NA,NA,NA,NA,NA,NA,NA,NA
84.844,3.8977,6.3063,7.4709,27.0488,23707.9340,-9.6548,NA,NA,NA,NA,NA,NA,NA,NA,NA,NA
84.930,3.8977,6.3063,7.4658,26.9618,25045.7160,-4.5569,NA,NA,NA,NA,NA,NA,NA,NA,NA,NA
85.016,3.8672,5.4763,7.4658,26.9618,45151.4960,72.0614,NA,NA,NA,NA,NA,NA,NA,NA,NA,NA
85.107,3.8629,5.3588,7.4662,26.9687,48828.6840,86.0742,NA,NA,NA,NA,NA,NA,NA,NA,NA,NA
85.209,3.8484,4.9630,7.4662,26.9687,53888.6240,105.3564,NA,NA,NA,NA,NA,NA,NA,NA,NA,NA
85.308,3.8334,4.5535,7.4648,26.9443,53888.6240,105.3564,NA,NA,NA,NA,NA,NA,NA,NA,NA,NA
85.416,3.8289,4.4303,7.4617,26.8920,26984.9240,2.8330,192109.8560,0.0000,NA,NA,NA,NA,NA,NA,NA,NA
85.502,3.8289,4.4303,7.4581,26.8312,56430.4960,115.0429,NA,NA,NA,NA,NA,NA,NA,NA,NA,NA
85.599,3.8244,4.3093,7.4578,26.8263,56430.4960,115.0429,NA,NA,NA,NA,NA,NA,NA,NA,NA,NA
85.696,3.8193,4.1683,7.4578,26.8263,25990.7180,-0.9557,NA,NA,NA,NA,NA,NA,NA,NA,NA,NA
85.807,3.8196,4.1778,7.4574,26.8184,28458.5940,8.4488,NA,NA,NA,NA,NA,NA,NA,NA,NA,NA
85.893,3.8289,4.4307,7.4533,26.7497,30999.1020,18.1300,NA,NA,NA,NA,NA,NA,NA,NA,NA,NA
86.001,3.8374,4.6625,7.4525,26.7352,30999.1020,18.1300,NA,NA,NA,NA,NA,NA,NA,NA,NA,NA
86.096,3.8376,4.6677,7.4456,26.6183,23308.9600,-11.1752,NA,NA,NA,NA,NA,NA,NA,NA,NA,NA
86.187,3.8376,4.6677,7.4443,26.5957,25258.9280,-3.7444,NA,NA,NA,NA,NA,NA,NA,NA,NA,NA
86.289,3.8145,4.0378,7.4416,26.5503,46731.9960,78.0843,NA,NA,NA,NA,NA,NA,NA,NA,NA,NA
86.382,3.8145,4.0378,7.4342,26.4250,51919.8320,97.8539,NA,NA,NA,NA,NA,NA,NA,NA,NA,NA
86.484,3.8082,3.8659,7.4305,26.3625,56991.0800,117.1792,NA,NA,NA,NA,NA,NA,NA,NA,NA,NA
86.586,3.8081,3.8643,7.4274,26.3081,56991.0800,117.1792,NA,NA,NA,NA,NA,NA,NA,NA,NA,NA
86.687,3.8081,3.8643,7.4217,26.2128,26711.7280,1.7919,NA,NA,NA,NA,NA,NA,NA,NA,NA,NA
86.782,3.8201,4.1914,7.4117,26.0424,26711.7280,1.7919,NA,NA,NA,NA,NA,NA,NA,NA,NA,NA
86.886,3.8201,4.1914,7.4093,26.0006,26284.7060,0.1646,NA,NA,NA,NA,NA,NA,NA,NA,NA,NA
86.982,3.7974,3.5717,7.4039,25.9088,48149.1520,83.4847,NA,NA,NA,NA,NA,NA,NA,NA,NA,NA
87.079,3.7880,3.3161,7.4014,25.8670,52706.5440,100.8518,NA,NA,NA,NA,NA,NA,NA,NA,NA,NA
87.187,3.7849,3.2308,7.3969,25.7901,57110.8640,117.6356,NA,NA,NA,NA,NA,NA,NA,NA,NA,NA
87.277,3.7866,3.2775,7.3969,25.7901,57110.8640,117.6356,NA,NA,NA,NA,NA,NA,NA,NA,NA,NA
87.382,3.7866,3.2775,7.4001,25.8439,26504.6600,1.0028,NA,NA,NA,NA,NA,NA,NA,NA,NA,NA
87.475,3.7817,3.1428,7.4001,25.8439,29356.6300,11.8710,NA,NA,NA,NA,NA,NA,NA,NA,NA,NA
87.569,3.7779,3.0410,7.3977,25.8045,29356.6300,11.8710,NA,NA,NA,NA,NA,NA,NA,NA,NA,NA
87.669,3.8080,3.8615,7.3879,25.6373,22865.2960,-12.8659,NA,NA,NA,NA,NA,NA,NA,NA,NA,NA
87.762,3.8095,3.9025,7.3879,25.6365,24467.2400,-6.7613,NA,NA,NA,NA,NA,NA,NA,NA,NA,NA
87.869,3.8095,3.9025,7.3879,25.6365,44926.4400,71.2037,NA,NA,NA,NA,NA,NA,NA,NA,NA,NA
87.964,3.8001,3.6442,7.3808,25.5160,49065.3840,86.9763,NA,NA,NA,NA,NA,NA,NA,NA,NA,NA
88.057,3.7955,3.5205,7.3748,25.4144,53523.9760,103.9669,NA,NA,NA,NA,NA,NA,NA,NA,NA,NA
88.160,3.7955,3.5205,7.3728,25.3803,57952.9760,120.8447,NA,NA,NA,NA,NA,NA,NA,NA,NA,NA
88.251,3.7925,3.4373,7.3724,25.3733,57952.9760,120.8447,NA,NA,NA,NA,NA,NA,NA,NA,NA,NA
88.381,3.7938,3.4733,7.3700,25.3333,27240.0460,3.8052,NA,NA,NA,NA,NA,NA,NA,NA,NA,NA
88.452,3.8061,3.8096,7.3629,25.2124,30404.6620,15.8648,NA,NA,NA,NA,NA,NA,NA,NA,NA,NA
88.556,3.8076,3.8497,7.3629,25.2124,30404.6620,15.8648,NA,NA,NA,NA,NA,NA,NA,NA,NA,NA
88.646,3.8191,4.1636,7.3587,25.1405,23259.8920,-11.3622,NA,NA,NA,NA,NA,NA,NA,NA,NA,NA
88.748,3.8218,4.2365,7.3562,25.0975,24966.0380,-4.8605,NA,NA,NA,NA,NA,NA,NA,NA,NA,NA
88.843,3.8218,4.2365,7.3542,25.0644,45640.1400,73.9235,NA,NA,NA,NA,NA,NA,NA,NA,NA,NA
88.989,3.8080,3.8617,7.3539,25.0583,50078.8560,90.8383,NA,NA,NA,NA,NA,NA,NA,NA,NA,NA
89.038,3.7921,3.4265,7.3539,25.0583,54617.1160,108.1326,NA,NA,NA,NA,NA,NA,NA,NA,NA,NA
89.136,3.7921,3.4265,7.3486,24.9689,54617.1160,108.1326,NA,NA,NA,NA,NA,NA,NA,NA,NA,NA
89.246,3.7852,3.2403,7.3486,24.9689,24988.0680,-4.7765,NA,NA,NA,NA,NA,NA,NA,NA,NA,NA
89.419,3.7852,3.2403,7.3486,24.9686,27619.1260,5.2498,NA,NA,NA,NA,NA,NA,NA,NA,NA,NA
89.451,3.7948,3.5015,7.3411,24.8410,31355.5520,19.4884,NA,NA,NA,NA,NA,NA,NA,NA,NA,NA
89.622,3.8002,3.6480,7.3382,24.7915,31355.5520,19.4884,NA,NA,NA,NA,NA,NA,NA,NA,NA,NA
89.631,3.8041,3.7533,7.3404,24.8298,23691.6380,-9.7169,NA,NA,NA,NA,NA,NA,NA,NA,NA,NA
89.725,3.8041,3.7533,7.3465,24.9325,25401.0520,-3.2028,NA,NA,NA,NA,NA,NA,NA,NA,NA,NA
89.831,3.7978,3.5816,7.3489,24.9737,46613.1480,77.6314,NA,NA,NA,NA,NA,NA,NA,NA,NA,NA
89.937,3.7977,3.5811,7.3489,24.9737,46613.1480,77.6314,NA,NA,NA,NA,NA,NA,NA,NA,NA,NA
90.034,3.7939,3.4773,7.3500,24.9925,30100.7280,14.7066,NA,NA,NA,NA,NA,NA,NA,NA,NA,NA
90.121,3.7944,3.4902,7.3500,24.9925,30100.7280,14.7066,NA,NA,NA,NA,NA,NA,NA,NA,NA,NA
90.222,3.7950,3.5052,7.3429,24.8722,22361.0000,-14.7877,NA,NA,NA,NA,NA,NA,NA,NA,NA,NA
90.319,3.8001,3.6454,7.3429,24.8722,23980.0780,-8.6178,NA,NA,NA,NA,NA,NA,NA,NA,NA,NA
90.424,3.8001,3.6454,7.3321,24.6882,25689.1660,-2.1048,NA,NA,NA,NA,NA,NA,NA,NA,NA,NA
90.519,3.7703,2.8316,7.3273,24.6073,46898.2400,78.7178,NA,NA,NA,NA,NA,NA,NA,NA,NA,NA
90.613,3.7829,3.1770,7.3258,24.5811,50057.3240,90.7563,NA,NA,NA,NA,NA,NA,NA,NA,NA,NA
90.713,3.7829,3.1770,7.3241,24.5526,54172.6760,106.4389,NA,NA,NA,NA,NA,NA,NA,NA,NA,NA
90.876,3.7729,2.9027,7.3194,24.4730,54172.6760,106.4389,NA,NA,NA,NA,NA,NA,NA,NA,NA,NA
90.909,3.7620,2.6054,7.3201,24.4844,27842.5200,6.1011,194876.0800,0.0000,NA,NA,NA,NA,NA,NA,NA,NA
91.020,3.7644,2.6710,7.3207,24.4936,57287.1200,118.3073,NA,NA,NA,NA,NA,NA,NA,NA,NA,NA
91.105,3.7644,2.6710,7.3207,24.4936,57287.1200,118.3073,NA,NA,NA,NA,NA,NA,NA,NA,NA,NA
91.199,3.7521,2.3356,7.3116,24.3397,26675.4500,1.6537,NA,NA,NA,NA,NA,NA,NA,NA,NA,NA
91.298,3.7521,2.3356,7.3001,24.1448,29301.6660,11.6615,NA,NA,NA,NA,NA,NA,NA,NA,NA,NA
91.444,3.7462,2.1759,7.2980,24.1089,29301.6660,11.6615,NA,NA,NA,NA,NA,NA,NA,NA,NA,NA
91.509,3.7544,2.3977,7.2935,24.0326,21809.2900,-16.8901,NA,NA,NA,NA,NA,NA,NA,NA,NA,NA
91.606,3.7544,2.3977,7.2834,23.8605,53098.8800,102.3469,NA,NA,NA,NA,NA,NA,NA,NA,NA,NA
91.699,3.7369,1.9215,7.2788,23.7823,57663.8320,119.7428,NA,NA,NA,NA,NA,NA,NA,NA,NA,NA
91.802,3.7341,1.8453,7.2757,23.7290,57663.8320,119.7428,NA,NA,NA,NA,NA,NA,NA,NA,NA,NA
91.973,3.7325,1.8027,7.2748,23.7136,26747.8100,1.9294,NA,NA,NA,NA,NA,NA,NA,NA,NA,NA
92.012,3.7325,1.8027,7.2787,23.7796,28996.5160,10.4987,NA,NA,NA,NA,NA,NA,NA,NA,NA,NA
92.185,3.7412,2.0392,7.2858,23.9014,28996.5160,10.4987,NA,NA,NA,NA,NA,NA,NA,NA,NA,NA
92.206,3.7472,2.2038,7.2881,23.9395,22849.7820,-12.9250,NA,NA,NA,NA,NA,NA,NA,NA,NA,NA
92.294,3.7480,2.2238,7.2881,23.9395,24582.9300,-6.3204,NA,NA,NA,NA,NA,NA,NA,NA,NA,NA
92.386,3.7480,2.2238,7.2868,23.9183,45728.1280,74.2588,NA,NA,NA,NA,NA,NA,NA,NA,NA,NA
92.490,3.7379,1.9477,7.2858,23.9006,49436.7200,88.3913,NA,NA,NA,NA,NA,NA,NA,NA,NA,NA
92.606,3.7341,1.8446,7.2783,23.7739,53559.7640,104.1032,NA,NA,NA,NA,NA,NA,NA,NA,NA,NA
92.680,3.7219,1.5136,7.2550,23.3774,58487.1440,122.8803,NA,NA,NA,NA,NA,NA,NA,NA,NA,NA
92.785,3.7219,1.5136,7.2388,23.1024,58487.1440,122.8803,NA,NA,NA,NA,NA,NA,NA,NA,NA,NA
92.883,3.7183,1.4156,7.2250,22.8673,27322.4940,4.1194,NA,NA,NA,NA,NA,NA,NA,NA,NA,NA
92.979,3.7303,1.7415,7.2177,22.7436,29882.9140,13.8765,NA,NA,NA,NA,NA,NA,NA,NA,NA,NA
93.082,3.7357,1.8894,7.2117,22.6406,29882.9140,13.8765,NA,NA,NA,NA,NA,NA,NA,NA,NA,NA
93.173,3.7387,1.9701,7.2117,22.6406,23348.1320,-11.0259,NA,NA,NA,NA,NA,NA,NA,NA,NA,NA
93.268,3.7387,1.9701,7.2055,22.5347,24968.0080,-4.8530,NA,NA,NA,NA,NA,NA,NA,NA,NA,NA
93.371,3.7380,1.9530,7.2022,22.4791,46596.8720,77.5694,NA,NA,NA,NA,NA,NA,NA,NA,NA,NA
93.464,3.7285,1.6932,7.1957,22.3680,50044.7120,90.7082,NA,NA,NA,NA,NA,NA,NA,NA,NA,NA
93.565,3.7285,1.6932,7.1834,22.1593,54782.2800,108.7620,NA,NA,NA,NA,NA,NA,NA,NA,NA,NA
93.659,3.7148,1.3200,7.1786,22.0782,54782.2800,108.7620,NA,NA,NA,NA,NA,NA,NA,NA,NA,NA
93.813,3.7148,1.3200,7.1711,21.9500,25340.9900,-3.4316,NA,NA,NA,NA,NA,NA,NA,NA,NA,NA
93.854,3.6970,0.8348,7.1646,21.8395,27400.5000,4.4166,NA,NA,NA,NA,NA,NA,NA,NA,NA,NA
93.957,3.7219,1.5133,7.1612,21.7823,30570.5300,16.4969,NA,NA,NA,NA,NA,NA,NA,NA,NA,NA
94.057,3.7353,1.8775,7.1558,21.6900,30570.5300,16.4969,NA,NA,NA,NA,NA,NA,NA,NA,NA,NA
94.156,3.7353,1.8775,7.1610,21.7794,23825.0700,-9.2085,NA,NA,NA,NA,NA,NA,NA,NA,NA,NA
94.247,3.7216,1.5055,7.1610,21.7794,25402.6220,-3.1968,NA,NA,NA,NA,NA,NA,NA,NA,NA,NA
94.402,3.7056,1.0687,7.1607,21.7730,47347.8560,80.4312,NA,NA,NA,NA,NA,NA,NA,NA,NA,NA
94.442,3.7056,1.0687,7.1551,21.6784,51063.6160,94.5910,NA,NA,NA,NA,NA,NA,NA,NA,NA,NA
94.546,3.7010,0.9425,7.1551,21.6784,55822.7040,112.7268,NA,NA,NA,NA,NA,NA,NA,NA,NA,NA
94.641,3.7061,1.0821,7.1488,21.5714,55822.7040,112.7268,NA,NA,NA,NA,NA,NA,NA,NA,NA,NA
94.746,3.7061,1.0821,7.1373,21.3758,25859.1200,-1.4572,196063.0560,0.0000,NA,NA,NA,NA,NA,NA,NA,NA
94.856,3.7071,1.1078,7.1407,21.4336,28578.0380,8.9040,NA,NA,NA,NA,NA,NA,NA,NA,NA,NA
94.945,3.7172,1.3837,7.1473,21.5461,31691.2980,20.7678,NA,NA,NA,NA,NA,NA,NA,NA,NA,NA
95.040,3.7172,1.3837,7.1473,21.5461,31691.2980,20.7678,NA,NA,NA,NA,NA,NA,NA,NA,NA,NA
95.149,3.7258,1.6198,7.1422,21.4586,23341.4200,-11.0515,NA,NA,NA,NA,NA,NA,NA,NA,NA,NA
95.240,3.7258,1.6198,7.1443,21.4938,24846.4280,-5.3163,NA,NA,NA,NA,NA,NA,NA,NA,NA,NA
95.340,3.7169,1.3751,7.1443,21.4938,44630.0800,70.0744,NA,NA,NA,NA,NA,NA,NA,NA,NA,NA
95.437,3.7110,1.2161,7.1406,21.4315,49609.0200,89.0479,NA,NA,NA,NA,NA,NA,NA,NA,NA,NA
95.568,3.7078,1.1284,7.1438,21.4857,55865.9000,112.8914,NA,NA,NA,NA,NA,NA,NA,NA,NA,NA
95.628,3.7078,1.1284,7.1438,21.4857,55865.9000,112.8914,NA,NA,NA,NA,NA,NA,NA,NA,NA,NA
95.731,3.7020,0.9686,7.1428,21.4689,26645.5240,1.5396,194759.2800,0.0000,NA,NA,NA,NA,NA,NA,NA,NA
95.828,3.7020,0.9686,7.1406,21.4324,55330.8320,110.8523,NA,NA,NA,NA,NA,NA,NA,NA,NA,NA
95.925,3.7002,0.9199,7.1406,21.4324,55330.8320,110.8523,NA,NA,NA,NA,NA,NA,NA,NA,NA,NA
96.027,3.7012,0.9470,7.1303,21.2558,25776.8380,-1.7707,NA,NA,NA,NA,NA,NA,NA,NA,NA,NA
96.130,3.7022,0.9758,7.1103,20.9167,25776.8380,-1.7707,NA,NA,NA,NA,NA,NA,NA,NA,NA,NA
96.227,3.7022,0.9758,7.1085,20.8853,25697.7960,-2.0719,NA,NA,NA,NA,NA,NA,NA,NA,NA,NA
96.329,3.6968,0.8291,7.0995,20.7332,47170.5040,79.7553,NA,NA,NA,NA,NA,NA,NA,NA,NA,NA
96.421,3.6968,0.8291,7.0995,20.7332,51190.6880,95.0753,NA,NA,NA,NA,NA,NA,NA,NA,NA,NA
96.524,3.7012,0.9490,7.1019,20.7731,55199.6400,110.3524,NA,NA,NA,NA,NA,NA,NA,NA,NA,NA
96.629,3.7032,1.0018,7.1053,20.8306,55199.6400,110.3524,NA,NA,NA,NA,NA,NA,NA,NA,NA,NA
96.718,3.7054,1.0612,7.1080,20.8778,26016.6720,-0.8568,196169.6320,0.0000,NA,NA,NA,NA,NA,NA,NA,NA
96.843,3.7054,1.0612,7.1080,20.8778,52491.4320,100.0321,NA,NA,NA,NA,NA,NA,NA,NA,NA,NA
96.930,3.6998,0.9088,7.0971,20.6912,52491.4320,100.0321,NA,NA,NA,NA,NA,NA,NA,NA,NA,NA
97.021,3.6992,0.8927,7.0908,20.5846,26193.3000,-0.1837,NA,NA,NA,NA,NA,NA,NA,NA,NA,NA
97.157,3.6992,0.8927,7.0908,20.5846,28467.9120,8.4843,196055.7760,0.0000,NA,NA,NA,NA,NA,NA,NA,NA
97.220,3.6858,0.5283,7.0899,20.5690,30098.4020,14.6977,NA,NA,NA,NA,NA,NA,NA,NA,NA,NA
97.342,3.7092,1.1659,7.0852,20.4903,30098.4020,14.6977,NA,NA,NA,NA,NA,NA,NA,NA,NA,NA
97.416,3.7092,1.1659,7.0827,20.4472,23319.8160,-11.1339,NA,NA,NA,NA,NA,NA,NA,NA,NA,NA
97.511,3.7061,1.0820,7.0815,20.4263,24902.4980,-5.1026,NA,NA,NA,NA,NA,NA,NA,NA,NA,NA
97.610,3.7125,1.2560,7.0802,20.4045,45908.0000,74.9442,NA,NA,NA,NA,NA,NA,NA,NA,NA,NA
97.707,3.7140,1.2967,7.0839,20.4671,49845.7560,89.9501,NA,NA,NA,NA,NA,NA,NA,NA,NA,NA
97.806,3.7140,1.2967,7.0839,20.4671,54673.8520,108.3488,NA,NA,NA,NA,NA,NA,NA,NA,NA,NA
97.902,3.7183,1.4133,7.0798,20.3980,54673.8520,108.3488,NA,NA,NA,NA,NA,NA,NA,NA,NA,NA
98.035,3.7183,1.4133,7.0702,20.2352,25478.8520,-2.9063,NA,NA,NA,NA,NA,NA,NA,NA,NA,NA
98.102,3.7220,1.5151,7.0658,20.1603,27794.1720,5.9168,NA,NA,NA,NA,NA,NA,NA,NA,NA,NA
98.200,3.8075,3.8464,7.0931,20.6239,31136.3160,18.6529,NA,NA,NA,NA,NA,NA,NA,NA,NA,NA
98.300,3.9084,6.6001,7.1710,21.9481,31136.3160,18.6529,NA,NA,NA,NA,NA,NA,NA,NA,NA,NA
98.391,3.9310,7.2160,7.2338,23.0168,23702.0900,-9.6771,NA,NA,NA,NA,NA,NA,NA,NA,NA,NA
98.567,3.9454,7.6091,7.2960,24.0749,25397.0880,-3.2179,NA,NA,NA,NA,NA,NA,NA,NA,NA,NA
98.587,3.9813,8.5886,7.3598,25.1596,46662.7280,77.8203,NA,NA,NA,NA,NA,NA,NA,NA,NA,NA
98.690,3.9886,8.7856,7.3798,25.4995,51086.5320,94.6784,NA,NA,NA,NA,NA,NA,NA,NA,NA,NA
98.787,3.9886,8.7856,7.3798,25.4995,55732.2480,112.3820,NA,NA,NA,NA,NA,NA,NA,NA,NA,NA
98.883,3.9852,8.6952,7.3668,25.2786,55732.2480,112.3820,NA,NA,NA,NA,NA,NA,NA,NA,NA,NA
98.985,3.9735,8.3739,7.3693,25.3205,25988.7920,-0.9630,197072.6400,0.0000,NA,NA,NA,NA,NA,NA,NA,NA
99.081,3.9645,8.1286,7.3693,25.3205,53115.4240,102.4100,NA,NA,NA,NA,NA,NA,NA,NA,NA,NA
99.184,3.9483,7.6878,7.3619,25.1945,NA,NA,NA,NA,NA,NA,NA,NA,NA,NA,NA,NA
99.289,3.9381,7.4087,7.3546,25.0704,NA,NA,NA,NA,NA,NA,NA,NA,NA,NA,NA,NA
99.390,3.9363,7.3594,7.3617,25.1919,29631.6240,12.9189,NA,NA,NA,NA,NA,NA,NA,NA,NA,NA
99.479,4.0172,9.5656,7.3986,25.8189,30451.7000,16.0440,NA,NA,NA,NA,NA,NA,NA,NA,NA,NA
99.587,4.0840,11.3875,7.4546,26.7716,30451.7000,16.0440,NA,NA,NA,NA,NA,NA,NA,NA,NA,NA
99.684,4.1441,13.0277,7.5175,27.8418,23144.7360,-11.8010,NA,NA,NA,NA,NA,NA,NA,NA,NA,NA
99.794,4.2001,14.5546,7.5752,28.8221,24917.4680,-5.0456,NA,NA,NA,NA,NA,NA,NA,NA,NA,NA
99.869,4.2073,14.7512,7.6129,29.4628,46125.3760,75.7726,NA,NA,NA,NA,NA,NA,NA,NA,NA,NA
99.983,4.2140,14.9334,7.6653,30.3549,50360.8320,91.9129,NA,NA,NA,NA,NA,NA,NA,NA,NA,NA
100.069,4.2181,15.0465,7.6962,30.8803,54352.0400,107.1224,NA,NA,NA,NA,NA,NA,NA,NA,NA,NA
100.164,4.2181,15.0465,7.7110,31.1311,54352.0400,107.1224,NA,NA,NA,NA,NA,NA,NA,NA,NA,NA
100.265,4.2143,14.9411,7.7157,31.2114,25673.1720,-2.1658,NA,NA,NA,NA,NA,NA,NA,NA,NA,NA
100.421,4.2107,14.8439,7.7213,31.3075,27805.4660,5.9599,NA,NA,NA,NA,NA,NA,NA,NA,NA,NA
100.458,4.2189,15.0666,7.7234,31.3424,30578.9180,16.5288,NA,NA,NA,NA,NA,NA,NA,NA,NA,NA
100.558,4.2189,15.0666,7.7239,31.3511,30578.9180,16.5288,NA,NA,NA,NA,NA,NA,NA,NA,NA,NA
100.660,4.2142,14.9394,7.7241,31.3545,23614.7440,-10.0100,NA,NA,NA,NA,NA,NA,NA,NA,NA,NA
100.756,4.2187,15.0630,7.7463,31.7320,25393.8520,-3.2302,NA,NA,NA,NA,NA,NA,NA,NA,NA,NA
100.861,4.2511,15.9455,7.8182,32.9540,47206.9040,79.8940,NA,NA,NA,NA,NA,NA,NA,NA,NA,NA
100.963,4.3138,17.6563,7.9217,34.7141,47206.9040,79.8940,NA,NA,NA,NA,NA,NA,NA,NA,NA,NA
101.067,4.3469,18.5602,8.0316,36.5831,29769.8660,13.4457,NA,NA,NA,NA,NA,NA,NA,NA,NA,NA
101.165,4.4151,20.4190,8.1045,37.8231,29769.8660,13.4457,NA,NA,NA,NA,NA,NA,NA,NA,NA,NA
101.280,4.4841,22.3001,8.1682,38.9069,22312.9660,-14.9707,NA,NA,NA,NA,NA,NA,NA,NA,NA,NA
101.349,4.5008,22.7559,8.2062,39.5526,23949.9580,-8.7325,NA,NA,NA,NA,NA,NA,NA,NA,NA,NA
101.448,4.5008,22.7559,8.2244,39.8627,25926.0500,-1.2021,NA,NA,NA,NA,NA,NA,NA,NA,NA,NA
101.548,4.4982,22.6860,8.2341,40.0272,48045.7680,83.0907,NA,NA,NA,NA,NA,NA,NA,NA,NA,NA
101.648,4.4791,22.1640,8.2412,40.1482,52008.0000,98.1898,NA,NA,NA,NA,NA,NA,NA,NA,NA,NA
101.747,4.4791,22.1640,8.2451,40.2145,56001.8760,113.4095,NA,NA,NA,NA,NA,NA,NA,NA,NA,NA
101.841,4.4609,21.6688,8.2505,40.3071,56001.8760,113.4095,NA,NA,NA,NA,NA,NA,NA,NA,NA,NA
101.954,4.4609,21.6688,8.2505,40.3071,27283.7640,3.9718,NA,NA,NA,NA,NA,NA,NA,NA,NA,NA
102.034,4.4480,21.3164,8.2411,40.1458,30189.3700,15.0443,NA,NA,NA,NA,NA,NA,NA,NA,NA,NA
102.192,4.4519,21.4228,8.2470,40.2469,30189.3700,15.0443,NA,NA,NA,NA,NA,NA,NA,NA,NA,NA
102.237,4.5274,23.4828,8.2646,40.5466,22754.2340,-13.2891,NA,NA,NA,NA,NA,NA,NA,NA,NA,NA
102.338,4.5510,24.1268,8.3045,41.2242,24408.7360,-6.9842,NA,NA,NA,NA,NA,NA,NA,NA,NA,NA
102.438,4.5510,24.1268,8.3233,41.5444,44924.0560,71.1947,NA,NA,NA,NA,NA,NA,NA,NA,NA,NA
102.537,4.6289,26.2495,8.3438,41.8928,48815.4400,86.0238,NA,NA,NA,NA,NA,NA,NA,NA,NA,NA
102.624,4.6530,26.9065,8.3612,42.1896,52674.0640,100.7281,NA,NA,NA,NA,NA,NA,NA,NA,NA,NA
102.755,4.6530,26.9065,8.3784,42.4815,56860.4480,116.6813,NA,NA,NA,NA,NA,NA,NA,NA,NA,NA
102.819,4.6510,26.8538,8.3889,42.6605,56860.4480,116.6813,NA,NA,NA,NA,NA,NA,NA,NA,NA,NA
102.923,4.6510,26.8538,8.3927,42.7254,28122.0260,7.1662,NA,NA,NA,NA,NA,NA,NA,NA,NA,NA
103.023,4.6387,26.5179,8.3927,42.7254,30993.3160,18.1080,NA,NA,NA,NA,NA,NA,NA,NA,NA,NA
103.168,4.6384,26.5083,8.3932,42.7337,30993.3160,18.1080,NA,NA,NA,NA,NA,NA,NA,NA,NA,NA
103.227,4.6410,26.5803,8.3932,42.7337,23199.4960,-11.5924,NA,NA,NA,NA,NA,NA,NA,NA,NA,NA
103.309,4.6410,26.5803,8.3896,42.6714,24849.3340,-5.3052,NA,NA,NA,NA,NA,NA,NA,NA,NA,NA
103.412,4.6280,26.2255,8.3748,42.4203,45808.6560,74.5657,NA,NA,NA,NA,NA,NA,NA,NA,NA,NA
103.523,4.6088,25.7018,8.3641,42.2391,49644.1760,89.1819,NA,NA,NA,NA,NA,NA,NA,NA,NA,NA
103.623,4.5806,24.9328,8.3639,42.2346,49644.1760,89.1819,NA,NA,NA,NA,NA,NA,NA,NA,NA,NA
103.720,4.5770,24.8347,8.3639,42.2346,32298.7720,23.0828,NA,NA,NA,NA,NA,NA,NA,NA,NA,NA
103.808,4.5779,24.8606,8.3578,42.1313,32298.7720,23.0828,NA,NA,NA,NA,NA,NA,NA,NA,NA,NA
103.959,4.5779,24.8606,8.3371,41.7796,23549.2580,-10.2595,NA,NA,NA,NA,NA,NA,NA,NA,NA,NA
104.008,4.5402,23.8315,8.3108,41.3327,25033.3060,-4.6042,NA,NA,NA,NA,NA,NA,NA,NA,NA,NA
104.105,4.5170,23.1984,8.3121,41.3542,45226.2120,72.3461,NA,NA,NA,NA,NA,NA,NA,NA,NA,NA
104.200,4.5281,23.5009,8.3292,41.6442,49535.9360,88.7694,NA,NA,NA,NA,NA,NA,NA,NA,NA,NA
104.306,4.5281,23.5009,8.3584,42.1418,55049.7800,109.7813,NA,NA,NA,NA,NA,NA,NA,NA,NA,NA
104.396,4.5214,23.3185,8.3663,42.2749,55049.7800,109.7813,NA,NA,NA,NA,NA,NA,NA,NA,NA,NA
104.490,4.5181,23.2293,8.3697,42.3330,26730.9540,1.8652,196250.8000,0.0000,NA,NA,NA,NA,NA,NA,NA,NA
104.594,4.4991,22.7091,8.3697,42.3330,56095.6640,113.7669,NA,NA,NA,NA,NA,NA,NA,NA,NA,NA
104.696,4.4891,22.4369,8.3649,42.2518,56095.6640,113.7669,NA,NA,NA,NA,NA,NA,NA,NA,NA,NA
104.797,4.4845,22.3114,8.3649,42.2518,25967.4680,-1.0443,NA,NA,NA,NA,NA,NA,NA,NA,NA,NA
104.896,4.4819,22.2420,8.3484,41.9721,28146.8440,7.2608,NA,NA,NA,NA,NA,NA,NA,NA,NA,NA
104.986,4.4853,22.3336,8.3207,41.4994,30544.1840,16.3965,NA,NA,NA,NA,NA,NA,NA,NA,NA,NA
105.083,4.4853,22.3336,8.2935,41.0373,30544.1840,16.3965,NA,NA,NA,NA,NA,NA,NA,NA,NA,NA
105.222,4.4832,22.2760,8.2710,40.6544,23450.7400,-10.6349,NA,NA,NA,NA,NA,NA,NA,NA,NA,NA
105.286,4.4518,21.4193,8.2561,40.4022,25468.0980,-2.9473,NA,NA,NA,NA,NA,NA,NA,NA,NA,NA
105.377,4.4011,20.0372,8.2406,40.1377,47633.2480,81.5187,NA,NA,NA,NA,NA,NA,NA,NA,NA,NA
105.476,4.3927,19.8079,8.2267,39.9012,52548.7960,100.2507,NA,NA,NA,NA,NA,NA,NA,NA,NA,NA
105.577,4.3833,19.5507,8.2111,39.6356,56561.2280,115.5411,NA,NA,NA,NA,NA,NA,NA,NA,NA,NA
105.672,4.3681,19.1368,8.2008,39.4612,56561.2280,115.5411,NA,NA,NA,NA,NA,NA,NA,NA,NA,NA
105.835,4.3681,19.1368,8.1936,39.3383,26553.7780,1.1900,NA,NA,NA,NA,NA,NA,NA,NA,NA,NA
105.886,4.3654,19.0649,8.1890,39.2613,26553.7780,1.1900,NA,NA,NA,NA,NA,NA,NA,NA,NA,NA
105.981,4.3654,19.0649,8.1707,38.9487,26270.1820,0.1093,NA,NA,NA,NA,NA,NA,NA,NA,NA,NA
106.071,4.3510,18.6709,8.1611,38.7861,48255.0320,83.8882,NA,NA,NA,NA,NA,NA,NA,NA,NA,NA
106.168,4.3386,18.3339,8.1396,38.4211,52479.0280,99.9848,NA,NA,NA,NA,NA,NA,NA,NA,NA,NA
106.276,4.3386,18.3339,8.1287,38.2349,56510.5760,115.3481,NA,NA,NA,NA,NA,NA,NA,NA,NA,NA
106.376,4.3308,18.1204,8.1193,38.0751,56510.5760,115.3481,NA,NA,NA,NA,NA,NA,NA,NA,NA,NA
106.462,4.3308,18.1204,8.1119,37.9500,26634.8340,1.4989,NA,NA,NA,NA,NA,NA,NA,NA,NA,NA
106.562,4.3190,17.7984,8.1038,37.8121,30000.9060,14.3262,NA,NA,NA,NA,NA,NA,NA,NA,NA,NA
106.679,4.3360,18.2614,8.0968,37.6928,30000.9060,14.3262,NA,NA,NA,NA,NA,NA,NA,NA,NA,NA
106.799,4.3465,18.5471,8.0914,37.6012,22810.8320,-13.0735,NA,NA,NA,NA,NA,NA,NA,NA,NA,NA
106.887,4.3504,18.6551,8.0833,37.4636,24505.0840,-6.6171,NA,NA,NA,NA,NA,NA,NA,NA,NA,NA
106.995,4.3504,18.6551,8.0695,37.2279,44834.7160,70.8542,NA,NA,NA,NA,NA,NA,NA,NA,NA,NA
107.055,4.3342,18.2136,8.0622,37.1048,49086.4400,87.0565,NA,NA,NA,NA,NA,NA,NA,NA,NA,NA
107.147,4.3204,17.8359,8.0491,36.8816,53405.1120,103.5139,NA,NA,NA,NA,NA,NA,NA,NA,NA,NA
107.246,4.3204,17.8359,8.0417,36.7551,57358.7200,118.5801,NA,NA,NA,NA,NA,NA,NA,NA,NA,NA
107.343,4.3072,17.4775,8.0379,36.6906,57358.7200,118.5801,NA,NA,NA,NA,NA,NA,NA,NA,NA,NA
107.451,4.3097,17.5458,8.0304,36.5633,27503.8240,4.8104,NA,NA,NA,NA,NA,NA,NA,NA,NA,NA
107.602,4.3173,17.7511,8.0268,36.5025,30910.6660,17.7930,NA,NA,NA,NA,NA,NA,NA,NA,NA,NA
107.637,4.3173,17.7511,8.0268,36.5025,30910.6660,17.7930,NA,NA,NA,NA,NA,NA,NA,NA,NA,NA
107.741,4.3406,18.3861,8.0146,36.2948,23283.8060,-11.2711,NA,NA,NA,NA,NA,NA,NA,NA,NA,NA
107.835,4.3406,18.3861,8.0098,36.2134,24975.4700,-4.8246,NA,NA,NA,NA,NA,NA,NA,NA,NA,NA
107.941,4.3392,18.3484,8.0065,36.1575,46021.8800,75.3782,NA,NA,NA,NA,NA,NA,NA,NA,NA,NA
108.036,4.3164,17.7284,7.9984,36.0185,50072.0480,90.8124,NA,NA,NA,NA,NA,NA,NA,NA,NA,NA
108.129,4.2960,17.1715,7.9875,35.8343,54260.1720,106.7723,NA,NA,NA,NA,NA,NA,NA,NA,NA,NA
108.236,4.2960,17.1715,7.9722,35.5742,54260.1720,106.7723,NA,NA,NA,NA,NA,NA,NA,NA,NA,NA
108.373,4.2954,17.1531,7.9696,35.5300,24981.8720,-4.8002,NA,NA,NA,NA,NA,NA,NA,NA,NA,NA
108.422,4.2936,17.1066,7.9676,35.4948,28069.6980,6.9668,NA,NA,NA,NA,NA,NA,NA,NA,NA,NA
108.547,4.2836,16.8324,7.9597,35.3607,31786.1900,21.1294,NA,NA,NA,NA,NA,NA,NA,NA,NA,NA
108.626,4.2836,16.8324,7.9557,35.2926,31786.1900,21.1294,NA,NA,NA,NA,NA,NA,NA,NA,NA,NA
108.762,4.2894,16.9920,7.9498,35.1929,23732.3280,-9.5619,NA,NA,NA,NA,NA,NA,NA,NA,NA,NA
108.824,4.2894,16.9920,7.9442,35.0980,25413.6200,-3.1549,NA,NA,NA,NA,NA,NA,NA,NA,NA,NA
108.931,4.2738,16.5658,7.9408,35.0398,46993.1360,79.0794,NA,NA,NA,NA,NA,NA,NA,NA,NA,NA
109.020,4.2477,15.8523,7.9371,34.9772,46993.1360,79.0794,NA,NA,NA,NA,NA,NA,NA,NA,NA,NA
109.115,4.2469,15.8313,7.9081,34.4829,29915.9600,14.0025,NA,NA,NA,NA,NA,NA,NA,NA,NA,NA
109.215,4.2443,15.7609,7.8889,34.1568,29915.9600,14.0025,NA,NA,NA,NA,NA,NA,NA,NA,NA,NA
109.319,4.2514,15.9550,7.8697,33.8306,22349.6060,-14.8311,NA,NA,NA,NA,NA,NA,NA,NA,NA,NA
109.435,4.2528,15.9936,7.8533,33.5512,23847.0460,-9.1247,NA,NA,NA,NA,NA,NA,NA,NA,NA,NA
109.510,4.2528,15.9936,7.8431,33.3790,25402.0780,-3.1989,NA,NA,NA,NA,NA,NA,NA,NA,NA,NA
109.616,4.2274,15.2987,7.8303,33.1606,46037.5240,75.4378,NA,NA,NA,NA,NA,NA,NA,NA,NA,NA
109.704,4.2264,15.2738,7.8217,33.0139,49526.4800,88.7334,NA,NA,NA,NA,NA,NA,NA,NA,NA,NA
109.804,4.2276,15.3051,7.8163,32.9223,54925.7880,109.3088,NA,NA,NA,NA,NA,NA,NA,NA,NA,NA
109.918,4.2276,15.3051,7.8128,32.8628,54925.7880,109.3088,NA,NA,NA,NA,NA,NA,NA,NA,NA,NA
110.001,4.2154,14.9724,7.8085,32.7896,27810.2420,5.9781,195253.9040,0.0000,NA,NA,NA,NA,NA,NA,NA,NA
110.099,4.2155,14.9765,7.8029,32.6953,58042.3360,121.1852,NA,NA,NA,NA,NA,NA,NA,NA,NA,NA
110.197,4.2155,14.9765,7.8029,32.6953,58042.3360,121.1852,NA,NA,NA,NA,NA,NA,NA,NA,NA,NA
110.296,4.2126,14.8969,7.7985,32.6192,26743.5900,1.9133,NA,NA,NA,NA,NA,NA,NA,NA,NA,NA
110.395,4.2053,14.6980,7.7985,32.6192,29213.2080,11.3244,NA,NA,NA,NA,NA,NA,NA,NA,NA,NA
110.497,4.2187,15.0634,7.7925,32.5170,29213.2080,11.3244,NA,NA,NA,NA,NA,NA,NA,NA,NA,NA
110.599,4.2261,15.2650,7.7903,32.4803,21718.8340,-17.2348,NA,NA,NA,NA,NA,NA,NA,NA,NA,NA
110.698,4.2261,15.2650,7.7810,32.3214,53091.1120,102.3173,NA,NA,NA,NA,NA,NA,NA,NA,NA,NA
110.793,4.2193,15.0776,7.7759,32.2349,57498.3760,119.1123,NA,NA,NA,NA,NA,NA,NA,NA,NA,NA
110.890,4.2124,14.8914,7.7699,32.1326,57498.3760,119.1123,NA,NA,NA,NA,NA,NA,NA,NA,NA,NA
110.998,4.2053,14.6982,7.7655,32.0591,26476.7940,0.8966,NA,NA,NA,NA,NA,NA,NA,NA,NA,NA
111.087,4.1897,14.2716,7.7632,32.0193,29303.8460,11.6698,NA,NA,NA,NA,NA,NA,NA,NA,NA,NA
111.185,4.1999,14.5489,7.7579,31.9290,29303.8460,11.6698,NA,NA,NA,NA,NA,NA,NA,NA,NA,NA
111.284,4.2020,14.6065,7.7493,31.7836,22924.5680,-12.6400,NA,NA,NA,NA,NA,NA,NA,NA,NA,NA
111.378,4.2024,14.6178,7.7433,31.6810,24486.1540,-6.6892,NA,NA,NA,NA,NA,NA,NA,NA,NA,NA
111.481,4.2024,14.6178,7.7371,31.5751,45522.3760,73.4747,NA,NA,NA,NA,NA,NA,NA,NA,NA,NA
111.581,4.1915,14.3205,7.7316,31.4823,49066.8160,86.9817,NA,NA,NA,NA,NA,NA,NA,NA,NA,NA
111.675,4.1833,14.0960,7.7278,31.4175,53779.3240,104.9399,NA,NA,NA,NA,NA,NA,NA,NA,NA,NA
111.786,4.1803,14.0155,7.7228,31.3319,58236.3040,121.9244,NA,NA,NA,NA,NA,NA,NA,NA,NA,NA
111.868,4.1814,14.0449,7.7104,31.1214,58236.3040,121.9244,NA,NA,NA,NA,NA,NA,NA,NA,NA,NA
111.974,4.1814,14.0449,7.7082,31.0843,27115.5520,3.3308,NA,NA,NA,NA,NA,NA,NA,NA,NA,NA
112.066,4.2026,14.6238,7.7032,30.9994,30214.0340,15.1383,NA,NA,NA,NA,NA,NA,NA,NA,NA,NA
112.174,4.2026,14.6238,7.7024,30.9850,30214.0340,15.1383,NA,NA,NA,NA,NA,NA,NA,NA,NA,NA
112.262,4.1943,14.3980,7.7024,30.9850,23364.4820,-10.9636,NA,NA,NA,NA,NA,NA,NA,NA,NA,NA
112.421,4.1685,13.6942,7.7001,30.9456,24957.7060,-4.8922,NA,NA,NA,NA,NA,NA,NA,NA,NA,NA
112.474,4.1685,13.6942,7.6909,30.7893,46024.2680,75.3873,NA,NA,NA,NA,NA,NA,NA,NA,NA,NA
112.556,4.1565,13.3672,7.6858,30.7034,50057.8800,90.7584,NA,NA,NA,NA,NA,NA,NA,NA,NA,NA
112.658,4.1452,13.0565,7.6777,30.5648,54764.1600,108.6929,NA,NA,NA,NA,NA,NA,NA,NA,NA,NA
112.756,4.1405,12.9306,7.6729,30.4832,54764.1600,108.6929,NA,NA,NA,NA,NA,NA,NA,NA,NA,NA
112.863,4.1405,12.9306,7.6633,30.3203,24985.1000,-4.7879,NA,NA,NA,NA,NA,NA,NA,NA,NA,NA
112.954,4.1315,12.6854,7.6605,30.2725,27518.1140,4.8648,NA,NA,NA,NA,NA,NA,NA,NA,NA,NA
113.055,4.1464,13.0917,7.6521,30.1306,31189.9920,18.8575,NA,NA,NA,NA,NA,NA,NA,NA,NA,NA
113.152,4.1527,13.2630,7.6518,30.1252,31189.9920,18.8575,NA,NA,NA,NA,NA,NA,NA,NA,NA,NA
113.268,4.1573,13.3883,7.6478,30.0573,23784.7500,-9.3621,NA,NA,NA,NA,NA,NA,NA,NA,NA,NA
113.349,4.1573,13.3883,7.6455,30.0175,25464.7680,-2.9600,NA,NA,NA,NA,NA,NA,NA,NA,NA,NA
113.437,4.1499,13.1863,7.6400,29.9247,46778.9200,78.2631,NA,NA,NA,NA,NA,NA,NA,NA,NA,NA
113.535,4.1379,12.8598,7.6387,29.9021,51264.9720,95.3583,NA,NA,NA,NA,NA,NA,NA,NA,NA,NA
113.644,4.1303,12.6524,7.6376,29.8841,55792.7520,112.6126,NA,NA,NA,NA,NA,NA,NA,NA,NA,NA
113.781,4.1303,12.6524,7.6301,29.7557,55792.7520,112.6126,NA,NA,NA,NA,NA,NA,NA,NA,NA,NA
113.871,4.1151,12.2370,7.6256,29.6792,25547.5680,-2.6444,196268.2880,0.0000,NA,NA,NA,NA,NA,NA,NA,NA
113.945,4.1146,12.2240,7.6247,29.6639,28627.2620,9.0915,NA,NA,NA,NA,NA,NA,NA,NA,NA,NA
114.035,4.1215,12.4127,7.6194,29.5742,31644.8080,20.5907,NA,NA,NA,NA,NA,NA,NA,NA,NA,NA
114.178,4.1225,12.4390,7.6166,29.5261,31644.8080,20.5907,NA,NA,NA,NA,NA,NA,NA,NA,NA,NA
114.238,4.1320,12.6980,7.6124,29.4552,23263.9580,-11.3467,NA,NA,NA,NA,NA,NA,NA,NA,NA,NA
114.333,4.1320,12.6980,7.6096,29.4072,24922.4340,-5.0267,NA,NA,NA,NA,NA,NA,NA,NA,NA,NA
114.440,4.1147,12.2259,7.6074,29.3705,45320.6960,72.7062,NA,NA,NA,NA,NA,NA,NA,NA,NA,NA
114.530,4.1083,12.0519,7.6038,29.3083,50800.0680,93.5867,NA,NA,NA,NA,NA,NA,NA,NA,NA,NA
114.728,4.0965,11.7299,7.5959,29.1736,56883.3760,116.7687,NA,NA,NA,NA,NA,NA,NA,NA,NA,NA
114.829,4.0942,11.6671,7.5834,28.9613,26695.7320,1.7309,NA,NA,NA,NA,NA,NA,NA,NA,NA,NA
114.912,4.0942,11.6671,7.5812,28.9250,29333.5560,11.7831,NA,NA,NA,NA,NA,NA,NA,NA,NA,NA
115.078,4.0996,11.8137,7.5776,28.8637,29333.5560,11.7831,NA,NA,NA,NA,NA,NA,NA,NA,NA,NA
115.114,4.1012,11.8565,7.5755,28.8273,21824.7120,-16.8313,NA,NA,NA,NA,NA,NA,NA,NA,NA,NA
115.269,4.1161,12.2639,7.5679,28.6988,23313.4080,-11.1583,NA,NA,NA,NA,NA,NA,NA,NA,NA,NA
115.419,4.1161,12.2639,7.5630,28.6142,25458.9920,-2.9820,NA,NA,NA,NA,NA,NA,NA,NA,NA,NA
115.431,4.0954,11.7000,7.5569,28.5110,46696.9960,77.9509,NA,NA,NA,NA,NA,NA,NA,NA,NA,NA
115.503,4.0857,11.4358,7.5548,28.4759,52404.0280,99.6990,NA,NA,NA,NA,NA,NA,NA,NA,NA,NA
115.606,4.0672,10.9294,7.5466,28.3362,58446.2960,122.7246,NA,NA,NA,NA,NA,NA,NA,NA,NA,NA
115.739,4.0610,10.7625,7.5442,28.2950,58446.2960,122.7246,NA,NA,NA,NA,NA,NA,NA,NA,NA,NA
115.829,4.0451,10.3285,7.5354,28.1459,27436.3160,4.5531,NA,NA,NA,NA,NA,NA,NA,NA,NA,NA
115.917,4.0325,9.9835,7.5333,28.1091,30062.9860,14.5627,NA,NA,NA,NA,NA,NA,NA,NA,NA,NA
116.019,4.0453,10.3319,7.5285,28.0283,30062.9860,14.5627,NA,NA,NA,NA,NA,NA,NA,NA,NA,NA
116.101,4.0484,10.4171,7.5285,28.0283,22195.9260,-15.4167,NA,NA,NA,NA,NA,NA,NA,NA,NA,NA
116.240,4.0484,10.4171,7.5249,27.9672,54214.0440,106.5965,NA,NA,NA,NA,NA,NA,NA,NA,NA,NA
116.328,4.0451,10.3274,7.5267,27.9975,58881.4760,124.3830,NA,NA,NA,NA,NA,NA,NA,NA,NA,NA
116.395,4.0450,10.3247,7.5267,27.9975,58881.4760,124.3830,NA,NA,NA,NA,NA,NA,NA,NA,NA,NA
116.496,4.0362,10.0858,7.5257,27.9804,27329.5220,4.1462,NA,NA,NA,NA,NA,NA,NA,NA,NA,NA
116.636,4.0370,10.1077,7.5241,27.9542,29787.9400,13.5146,NA,NA,NA,NA,NA,NA,NA,NA,NA,NA
116.686,4.0518,10.5097,7.5235,27.9433,29787.9400,13.5146,NA,NA,NA,NA,NA,NA,NA,NA,NA,NA
116.789,4.0518,10.5097,7.5242,27.9551,23378.4880,-10.9103,NA,NA,NA,NA,NA,NA,NA,NA,NA,NA
116.886,4.0518,10.5110,7.5242,27.9551,25114.8180,-4.2935,NA,NA,NA,NA,NA,NA,NA,NA,NA,NA
116.984,4.0518,10.5110,7.5261,27.9870,46996.8080,79.0934,NA,NA,NA,NA,NA,NA,NA,NA,NA,NA
117.091,4.0290,9.8897,7.5279,28.0184,50448.9440,92.2487,NA,NA,NA,NA,NA,NA,NA,NA,NA,NA
117.177,4.0287,9.8796,7.5279,28.0184,54855.4640,109.0408,NA,NA,NA,NA,NA,NA,NA,NA,NA,NA
117.273,4.0195,9.6291,7.5266,27.9960,54855.4640,109.0408,NA,NA,NA,NA,NA,NA,NA,NA,NA,NA
117.369,4.0174,9.5732,7.5229,27.9328,25397.8400,-3.2150,NA,NA,NA,NA,NA,NA,NA,NA,NA,NA
117.475,4.0138,9.4732,7.5152,27.8026,27457.8780,4.6353,NA,NA,NA,NA,NA,NA,NA,NA,NA,NA
117.607,4.0271,9.8355,7.5200,27.8833,30379.9920,15.7708,NA,NA,NA,NA,NA,NA,NA,NA,NA,NA
117.695,4.0366,10.0944,7.5201,27.8862,30379.9920,15.7708,NA,NA,NA,NA,NA,NA,NA,NA,NA,NA
117.775,4.0366,10.0967,7.5228,27.9319,23859.3440,-9.0778,NA,NA,NA,NA,NA,NA,NA,NA,NA,NA
117.860,4.0366,10.0967,7.5228,27.9319,25490.3200,-2.8626,NA,NA,NA,NA,NA,NA,NA,NA,NA,NA
117.961,4.0275,9.8482,7.5210,27.8999,47782.2840,82.0867,NA,NA,NA,NA,NA,NA,NA,NA,NA,NA
118.076,4.0237,9.7453,7.5239,27.9503,51226.7520,95.2127,NA,NA,NA,NA,NA,NA,NA,NA,NA,NA
118.154,4.0234,9.7364,7.5259,27.9845,55824.8560,112.7350,NA,NA,NA,NA,NA,NA,NA,NA,NA,NA
118.262,3.9951,8.9634,7.5306,28.0631,55824.8560,112.7350,NA,NA,NA,NA,NA,NA,NA,NA,NA,NA
118.360,3.9935,8.9214,7.5306,28.0631,25956.6800,-1.0854,NA,NA,NA,NA,NA,NA,NA,NA,NA,NA
118.452,3.9932,8.9134,7.5299,28.0519,28033.3000,6.8281,NA,NA,NA,NA,NA,NA,NA,NA,NA,NA
118.556,4.0002,9.1043,7.5319,28.0869,28033.3000,6.8281,NA,NA,NA,NA,NA,NA,NA,NA,NA,NA
118.646,4.0142,9.4860,7.5327,28.0996,22233.9020,-15.2720,NA,NA,NA,NA,NA,NA,NA,NA,NA,NA
118.748,4.0142,9.4860,7.5327,28.0996,24014.5140,-8.4865,NA,NA,NA,NA,NA,NA,NA,NA,NA,NA
118.848,4.0112,9.4031,7.5353,28.1439,25842.9000,-1.5190,NA,NA,NA,NA,NA,NA,NA,NA,NA,NA
118.961,3.9838,8.6546,7.5401,28.2251,48625.6480,85.3005,NA,NA,NA,NA,NA,NA,NA,NA,NA,NA
119.065,3.9743,8.3961,7.5401,28.2251,48625.6480,85.3005,NA,NA,NA,NA,NA,NA,NA,NA,NA,NA
119.154,3.9689,8.2495,7.5331,28.1068,31089.1780,18.4733,NA,NA,NA,NA,NA,NA,NA,NA,NA,NA
119.247,3.9766,8.4604,7.5254,27.9751,31089.1780,18.4733,NA,NA,NA,NA,NA,NA,NA,NA,NA,NA
119.347,3.9767,8.4627,7.5208,27.8978,22868.6380,-12.8532,NA,NA,NA,NA,NA,NA,NA,NA,NA,NA
119.439,3.9864,8.7267,7.5190,27.8671,24496.6060,-6.6494,NA,NA,NA,NA,NA,NA,NA,NA,NA,NA
119.605,3.9864,8.7267,7.4969,27.4901,44936.7680,71.2431,NA,NA,NA,NA,NA,NA,NA,NA,NA,NA
119.657,3.9774,8.4805,7.4949,27.4567,48531.0400,84.9400,NA,NA,NA,NA,NA,NA,NA,NA,NA,NA
119.823,3.9682,8.2301,7.4949,27.4567,51986.6640,98.1085,NA,NA,NA,NA,NA,NA,NA,NA,NA,NA
119.833,3.9566,7.9126,7.4848,27.2849,55370.4920,111.0035,NA,NA,NA,NA,NA,NA,NA,NA,NA,NA
119.943,3.9508,7.7557,7.4839,27.2689,55370.4920,111.0035,NA,NA,NA,NA,NA,NA,NA,NA,NA,NA
120.034,3.9500,7.7333,7.4787,27.1822,28490.5800,8.5707,NA,NA,NA,NA,NA,NA,NA,NA,NA,NA
120.132,3.9775,8.4831,7.4787,27.1822,31504.8640,20.0574,NA,NA,NA,NA,NA,NA,NA,NA,NA,NA
120.227,3.9775,8.4831,7.4772,27.1560,31504.8640,20.0574,NA,NA,NA,NA,NA,NA,NA,NA,NA,NA
120.332,3.9729,8.3586,7.4774,27.1588,23270.3120,-11.3225,NA,NA,NA,NA,NA,NA,NA,NA,NA,NA
120.422,3.9684,8.2363,7.4774,27.1588,24943.2440,-4.9474,NA,NA,NA,NA,NA,NA,NA,NA,NA,NA
120.520,3.9684,8.2363,7.4761,27.1367,45721.1120,74.2320,NA,NA,NA,NA,NA,NA,NA,NA,NA,NA
120.615,3.9418,7.5108,7.4729,27.0828,49342.6920,88.0330,NA,NA,NA,NA,NA,NA,NA,NA,NA,NA
120.768,3.9362,7.3576,7.4698,27.0304,52747.1280,101.0065,NA,NA,NA,NA,NA,NA,NA,NA,NA,NA
120.812,3.9357,7.3443,7.4624,26.9034,52747.1280,101.0065,NA,NA,NA,NA,NA,NA,NA,NA,NA,NA
120.909,3.9312,7.2210,7.4552,26.7809,25916.1440,-1.2399,NA,NA,NA,NA,NA,NA,NA,NA,NA,NA
121.015,3.9255,7.0667,7.4506,26.7041,28892.2120,10.1012,NA,NA,NA,NA,NA,NA,NA,NA,NA,NA
121.112,3.9588,7.9736,7.4516,26.7205,32101.9560,22.3328,NA,NA,NA,NA,NA,NA,NA,NA,NA,NA
121.202,3.9588,7.9736,7.4519,26.7261,32101.9560,22.3328,NA,NA,NA,NA,NA,NA,NA,NA,NA,NA
121.302,3.9580,7.9507,7.4519,26.7261,23713.7100,-9.6328,NA,NA,NA,NA,NA,NA,NA,NA,NA,NA
121.416,3.9513,7.7689,7.4497,26.6885,25415.0940,-3.1493,NA,NA,NA,NA,NA,NA,NA,NA,NA,NA
121.501,3.9368,7.3741,7.4459,26.6241,46559.8960,77.4284,NA,NA,NA,NA,NA,NA,NA,NA,NA,NA
121.600,3.9256,7.0670,7.4387,26.5007,49998.7320,90.5330,NA,NA,NA,NA,NA,NA,NA,NA,NA,NA
121.697,3.9159,6.8049,7.4385,26.4973,53369.3120,103.3775,NA,NA,NA,NA,NA,NA,NA,NA,NA,NA
121.801,3.9111,6.6724,7.4385,26.4973,53369.3120,103.3775,NA,NA,NA,NA,NA,NA,NA,NA,NA,NA
121.927,3.9083,6.5971,7.4339,26.4201,26722.5660,1.8332,196271.1040,0.0000,NA,NA,NA,NA,NA,NA,NA,NA
122.005,3.8977,6.3082,7.4260,26.2849,27955.6740,6.5323,NA,NA,NA,NA,NA,NA,NA,NA,NA,NA
122.102,3.9069,6.5588,7.4245,26.2604,30326.9300,15.5686,NA,NA,NA,NA,NA,NA,NA,NA,NA,NA
122.194,3.9179,6.8574,7.4292,26.3396,30326.9300,15.5686,NA,NA,NA,NA,NA,NA,NA,NA,NA,NA
122.296,3.9239,7.0218,7.4300,26.3538,23624.7480,-9.9718,NA,NA,NA,NA,NA,NA,NA,NA,NA,NA
122.390,3.9239,7.0218,7.4300,26.3538,25517.0180,-2.7608,NA,NA,NA,NA,NA,NA,NA,NA,NA,NA
122.508,3.8960,6.2617,7.4272,26.3057,47423.7000,80.7202,NA,NA,NA,NA,NA,NA,NA,NA,NA,NA
122.596,3.8806,5.8410,7.4349,26.4373,51695.9040,97.0005,NA,NA,NA,NA,NA,NA,NA,NA,NA,NA
122.691,3.8796,5.8145,7.4424,26.5644,55567.3520,111.7537,NA,NA,NA,NA,NA,NA,NA,NA,NA,NA
122.778,3.8765,5.7290,7.4489,26.6741,55567.3520,111.7537,NA,NA,NA,NA,NA,NA,NA,NA,NA,NA
122.881,3.8765,5.7290,7.4489,26.6741,26521.4320,1.0667,NA,NA,NA,NA,NA,NA,NA,NA,NA,NA
122.979,3.8728,5.6273,7.4293,26.3408,28858.0720,9.9711,NA,NA,NA,NA,NA,NA,NA,NA,NA,NA
123.077,3.8755,5.7009,7.4158,26.1120,28858.0720,9.9711,NA,NA,NA,NA,NA,NA,NA,NA,NA,NA
123.176,3.8886,6.0597,7.4031,25.8964,22031.3040,-16.0441,NA,NA,NA,NA,NA,NA,NA,NA,NA,NA
123.274,3.8891,6.0739,7.3803,25.5084,23812.2040,-9.2575,NA,NA,NA,NA,NA,NA,NA,NA,NA,NA
123.371,3.8891,6.0739,7.3632,25.2177,25847.1740,-1.5027,NA,NA,NA,NA,NA,NA,NA,NA,NA,NA
123.467,3.9054,6.5175,7.3543,25.0662,48163.2160,83.5383,NA,NA,NA,NA,NA,NA,NA,NA,NA,NA
123.564,4.0161,9.5358,7.4093,26.0014,52471.2000,99.9550,NA,NA,NA,NA,NA,NA,NA,NA,NA,NA
123.665,4.0694,10.9913,7.4856,27.2995,56791.4280,116.4183,NA,NA,NA,NA,NA,NA,NA,NA,NA,NA
123.770,4.1470,13.1069,7.5621,28.5992,56791.4280,116.4183,NA,NA,NA,NA,NA,NA,NA,NA,NA,NA
123.863,4.1821,14.0656,7.6328,29.8019,27109.4800,3.3076,NA,NA,NA,NA,NA,NA,NA,NA,NA,NA
123.961,4.2328,15.4473,7.6654,30.3568,29303.4920,11.6685,NA,NA,NA,NA,NA,NA,NA,NA,NA,NA
124.061,4.2501,15.9188,7.6821,30.6395,29303.4920,11.6685,NA,NA,NA,NA,NA,NA,NA,NA,NA,NA
124.165,4.2726,16.5321,7.6935,30.8345,22504.5960,-14.2405,NA,NA,NA,NA,NA,NA,NA,NA,NA,NA
124.265,4.2726,16.5321,7.6998,30.9418,53869.3960,105.2832,NA,NA,NA,NA,NA,NA,NA,NA,NA,NA
124.360,4.2476,15.8512,7.7019,30.9763,57884.5000,120.5838,NA,NA,NA,NA,NA,NA,NA,NA,NA,NA
124.453,4.2369,15.5595,7.7019,30.9763,57884.5000,120.5838,NA,NA,NA,NA,NA,NA,NA,NA,NA,NA
124.552,4.2321,15.4288,7.6977,30.9064,27992.8280,6.6739,NA,NA,NA,NA,NA,NA,NA,NA,NA,NA
124.655,4.2533,16.0067,7.6977,30.9064,30971.1640,18.0236,NA,NA,NA,NA,NA,NA,NA,NA,NA,NA
124.753,4.2633,16.2777,7.6936,30.8363,30971.1640,18.0236,NA,NA,NA,NA,NA,NA,NA,NA,NA,NA
124.848,4.2633,16.2777,7.6907,30.7859,23254.4900,-11.3828,NA,NA,NA,NA,NA,NA,NA,NA,NA,NA
124.958,4.3023,17.3431,7.7038,31.0096,24926.2780,-5.0120,NA,NA,NA,NA,NA,NA,NA,NA,NA,NA
125.038,4.3499,18.6421,7.8087,32.7927,45846.5960,74.7102,NA,NA,NA,NA,NA,NA,NA,NA,NA,NA
125.143,4.3859,19.6235,7.8915,34.2014,50056.8760,90.7546,NA,NA,NA,NA,NA,NA,NA,NA,NA,NA
125.252,4.4368,21.0098,7.9891,35.8607,54120.0960,106.2385,NA,NA,NA,NA,NA,NA,NA,NA,NA,NA
125.334,4.4761,22.0834,8.1062,37.8522,54120.0960,106.2385,NA,NA,NA,NA,NA,NA,NA,NA,NA,NA
125.438,4.5123,23.0715,8.1677,38.8979,25427.4920,-3.1020,NA,NA,NA,NA,NA,NA,NA,NA,NA,NA
125.554,4.5594,24.3536,8.1952,39.3659,28392.5540,8.1971,NA,NA,NA,NA,NA,NA,NA,NA,NA,NA
125.628,4.6053,25.6080,8.2329,40.0069,31726.9760,20.9038,NA,NA,NA,NA,NA,NA,NA,NA,NA,NA
125.729,4.6169,25.9226,8.2468,40.2439,31726.9760,20.9038,NA,NA,NA,NA,NA,NA,NA,NA,NA,NA
125.826,4.6169,25.9226,8.2468,40.2439,23703.7440,-9.6708,NA,NA,NA,NA,NA,NA,NA,NA,NA,NA
125.928,4.6050,25.5994,8.2467,40.2418,25447.0760,-3.0274,NA,NA,NA,NA,NA,NA,NA,NA,NA,NA
126.030,4.5732,24.7302,8.2423,40.1665,47038.6720,79.2529,NA,NA,NA,NA,NA,NA,NA,NA,NA,NA
126.200,4.5705,24.6566,8.2386,40.1043,51040.5240,94.5030,NA,NA,NA,NA,NA,NA,NA,NA,NA,NA
126.225,4.5451,23.9658,8.2350,40.0421,55039.7400,109.7431,NA,NA,NA,NA,NA,NA,NA,NA,NA,NA
126.321,4.5357,23.7076,8.2192,39.7748,55039.7400,109.7431,NA,NA,NA,NA,NA,NA,NA,NA,NA,NA
126.415,4.5357,23.7076,8.2128,39.6652,26227.4200,-0.0537,NA,NA,NA,NA,NA,NA,NA,NA,NA,NA
126.517,4.5700,24.6445,8.2652,40.5559,29156.3700,11.1078,NA,NA,NA,NA,NA,NA,NA,NA,NA,NA
126.615,4.6730,27.4541,8.3144,41.3935,29156.3700,11.1078,NA,NA,NA,NA,NA,NA,NA,NA,NA,NA
126.722,4.7222,28.7962,8.4221,43.2242,22191.8640,-15.4322,NA,NA,NA,NA,NA,NA,NA,NA,NA,NA
126.806,4.7560,29.7176,8.4719,44.0717,23841.6460,-9.1453,NA,NA,NA,NA,NA,NA,NA,NA,NA,NA
126.905,4.7599,29.8225,8.5106,44.7297,25831.1080,-1.5639,NA,NA,NA,NA,NA,NA,NA,NA,NA,NA
127.014,4.7837,30.4725,8.5445,45.3056,47897.2160,82.5246,NA,NA,NA,NA,NA,NA,NA,NA,NA,NA
127.114,4.7862,30.5411,8.5674,45.6962,47897.2160,82.5246,NA,NA,NA,NA,NA,NA,NA,NA,NA,NA
127.206,4.7984,30.8743,8.5772,45.8623,30512.4880,16.2757,NA,NA,NA,NA,NA,NA,NA,NA,NA,NA
127.360,4.7984,30.8743,8.5803,45.9155,30512.4880,16.2757,NA,NA,NA,NA,NA,NA,NA,NA,NA,NA
127.399,4.8141,31.3013,8.5820,45.9445,22764.2920,-13.2508,NA,NA,NA,NA,NA,NA,NA,NA,NA,NA
127.510,4.8286,31.6985,8.5820,45.9445,24194.9100,-7.7991,NA,NA,NA,NA,NA,NA,NA,NA,NA,NA
127.601,4.8286,31.6985,8.5772,45.8618,43834.4640,67.0425,NA,NA,NA,NA,NA,NA,NA,NA,NA,NA
127.707,4.7890,30.6161,8.5746,45.8181,47358.3640,80.4712,NA,NA,NA,NA,NA,NA,NA,NA,NA,NA
127.797,4.7668,30.0122,8.5694,45.7293,51938.8040,97.9262,NA,NA,NA,NA,NA,NA,NA,NA,NA,NA
127.891,4.7668,30.0122,8.5694,45.7293,57529.4200,119.2306,NA,NA,NA,NA,NA,NA,NA,NA,NA,NA
128.018,4.7860,30.5353,8.5685,45.7149,57529.4200,119.2306,NA,NA,NA,NA,NA,NA,NA,NA,NA,NA
128.100,4.8108,31.2111,8.6093,46.4073,28151.8900,7.2800,NA,NA,NA,NA,NA,NA,NA,NA,NA,NA
128.195,4.9012,33.6763,8.6492,47.0864,30904.1920,17.7684,NA,NA,NA,NA,NA,NA,NA,NA,NA,NA
128.289,4.9357,34.6174,8.7155,48.2141,30904.1920,17.7684,NA,NA,NA,NA,NA,NA,NA,NA,NA,NA
128.381,4.9732,35.6419,8.7737,49.2045,23165.4380,-11.7221,NA,NA,NA,NA,NA,NA,NA,NA,NA,NA
128.491,5.0382,37.4142,8.7983,49.6227,24613.3200,-6.2046,NA,NA,NA,NA,NA,NA,NA,NA,NA,NA
128.595,5.0382,37.4142,8.8111,49.8407,44426.5800,69.2989,NA,NA,NA,NA,NA,NA,NA,NA,NA,NA
128.684,5.0181,36.8643,8.8114,49.8444,48159.2280,83.5231,NA,NA,NA,NA,NA,NA,NA,NA,NA,NA
128.773,5.0208,36.9387,8.8144,49.8957,53160.8520,102.5831,NA,NA,NA,NA,NA,NA,NA,NA,NA,NA
128.878,5.0208,36.9387,8.8146,49.8993,53160.8520,102.5831,NA,NA,NA,NA,NA,NA,NA,NA,NA,NA
128.979,4.9920,36.1545,8.8146,49.8993,25970.6820,-1.0320,NA,NA,NA,NA,NA,NA,NA,NA,NA,NA
129.069,4.9915,36.1410,8.8065,49.7617,28384.4900,8.1664,NA,NA,NA,NA,NA,NA,NA,NA,NA,NA
129.197,4.9945,36.2217,8.7942,49.5518,31554.2040,20.2454,NA,NA,NA,NA,NA,NA,NA,NA,NA,NA
129.281,4.9945,36.2217,8.7833,49.3669,31554.2040,20.2454,NA,NA,NA,NA,NA,NA,NA,NA,NA,NA
129.368,4.9929,36.1782,8.7662,49.0766,23508.5420,-10.4147,NA,NA,NA,NA,NA,NA,NA,NA,NA,NA
129.460,4.9979,36.3157,8.7735,49.2008,24948.0320,-4.9291,NA,NA,NA,NA,NA,NA,NA,NA,NA,NA
129.559,4.9979,36.3157,8.7799,49.3089,44971.1120,71.3740,NA,NA,NA,NA,NA,NA,NA,NA,NA,NA
129.662,4.9673,35.4798,8.7915,49.5061,49075.2680,87.0139,NA,NA,NA,NA,NA,NA,NA,NA,NA,NA
129.777,4.9499,35.0048,8.7915,49.5061,54779.3200,108.7507,NA,NA,NA,NA,NA,NA,NA,NA,NA,NA
129.852,4.9499,35.0048,8.7858,49.4090,54779.3200,108.7507,NA,NA,NA,NA,NA,NA,NA,NA,NA,NA
129.964,4.9446,34.8610,8.7858,49.4090,26666.2660,1.6187,195992.1440,0.0000,NA,NA,NA,NA,NA,NA,NA,NA
130.061,4.9328,34.5382,8.7728,49.1893,27919.9960,6.3963,NA,NA,NA,NA,NA,NA,NA,NA,NA,NA
130.154,4.8998,33.6385,8.7728,49.1893,31569.2940,20.3029,NA,NA,NA,NA,NA,NA,NA,NA,NA,NA
130.256,4.8998,33.6385,8.7689,49.1230,31569.2940,20.3029,NA,NA,NA,NA,NA,NA,NA,NA,NA,NA
130.376,4.8907,33.3905,8.7583,48.9419,23810.6300,-9.2635,NA,NA,NA,NA,NA,NA,NA,NA,NA,NA
130.447,4.8907,33.3905,8.7583,48.9419,25535.2080,-2.6915,NA,NA,NA,NA,NA,NA,NA,NA,NA,NA
130.564,4.8059,31.0779,8.7347,48.5412,47002.9200,79.1167,NA,NA,NA,NA,NA,NA,NA,NA,NA,NA
130.650,4.7992,30.8956,8.6919,47.8133,51444.3320,96.0418,NA,NA,NA,NA,NA,NA,NA,NA,NA,NA
130.746,4.7726,30.1707,8.6549,47.1839,55570.3240,111.7650,NA,NA,NA,NA,NA,NA,NA,NA,NA,NA
130.842,4.7610,29.8538,8.6430,46.9811,55570.3240,111.7650,NA,NA,NA,NA,NA,NA,NA,NA,NA,NA
130.943,4.7245,28.8590,8.6430,46.9811,25678.1320,-2.1469,NA,NA,NA,NA,NA,NA,NA,NA,NA,NA
131.039,4.7162,28.6312,8.5129,44.7690,28673.5080,9.2678,NA,NA,NA,NA,NA,NA,NA,NA,NA,NA
131.142,4.7319,29.0592,8.4772,44.1610,28673.5080,9.2678,NA,NA,NA,NA,NA,NA,NA,NA,NA,NA
131.233,4.7361,29.1739,8.4527,43.7447,22341.8300,-14.8607,NA,NA,NA,NA,NA,NA,NA,NA,NA,NA
131.329,4.7361,29.1739,8.4366,43.4719,23953.8840,-8.7176,NA,NA,NA,NA,NA,NA,NA,NA,NA,NA
131.429,4.7036,28.2878,8.4274,43.3151,25916.5500,-1.2383,NA,NA,NA,NA,NA,NA,NA,NA,NA,NA
131.537,4.6469,26.7413,8.4146,43.0975,48101.1880,83.3019,NA,NA,NA,NA,NA,NA,NA,NA,NA,NA
131.638,4.6317,26.3268,8.4076,42.9784,52265.1600,99.1698,NA,NA,NA,NA,NA,NA,NA,NA,NA,NA
131.731,4.6185,25.9670,8.3996,42.8426,56373.8640,114.8271,NA,NA,NA,NA,NA,NA,NA,NA,NA,NA
131.839,4.6166,25.9150,8.3878,42.6420,56373.8640,114.8271,NA,NA,NA,NA,NA,NA,NA,NA,NA,NA
131.916,4.5958,25.3484,8.3818,42.5386,26422.0680,0.6881,NA,NA,NA,NA,NA,NA,NA,NA,NA,NA
132.017,4.5889,25.1593,8.3764,42.4470,29735.1480,13.3134,NA,NA,NA,NA,NA,NA,NA,NA,NA,NA
132.166,4.6186,25.9688,8.3645,42.2454,29735.1480,13.3134,NA,NA,NA,NA,NA,NA,NA,NA,NA,NA
132.228,4.6186,25.9688,8.3581,42.1360,22744.2200,-13.3273,NA,NA,NA,NA,NA,NA,NA,NA,NA,NA
132.318,4.6127,25.8097,8.3512,42.0181,51127.2160,94.8334,NA,NA,NA,NA,NA,NA,NA,NA,NA,NA
132.416,4.5813,24.9533,8.3471,41.9488,56025.5240,113.4997,NA,NA,NA,NA,NA,NA,NA,NA,NA,NA
132.513,4.5650,24.5087,8.3354,41.7510,56025.5240,113.4997,NA,NA,NA,NA,NA,NA,NA,NA,NA,NA
132.608,4.5310,23.5815,8.3193,41.4772,28641.4400,9.1456,197272.1440,0.0000,NA,NA,NA,NA,NA,NA,NA,NA
132.707,4.5079,22.9507,8.3049,41.2317,59346.0320,126.1533,NA,NA,NA,NA,NA,NA,NA,NA,NA,NA
132.806,4.5044,22.8540,8.2877,40.9382,59346.0320,126.1533,NA,NA,NA,NA,NA,NA,NA,NA,NA,NA
132.905,4.4982,22.6870,8.2781,40.7753,27534.6000,4.9277,NA,NA,NA,NA,NA,NA,NA,NA,NA,NA
133.016,4.4821,22.2465,8.2673,40.5922,30056.7820,14.5391,NA,NA,NA,NA,NA,NA,NA,NA,NA,NA
133.115,4.5156,23.1594,8.2511,40.3174,30056.7820,14.5391,NA,NA,NA,NA,NA,NA,NA,NA,NA,NA
133.226,4.5156,23.1594,8.2422,40.1647,22209.0440,-15.3667,NA,NA,NA,NA,NA,NA,NA,NA,NA,NA
133.307,4.5093,22.9888,8.2319,39.9898,23885.1680,-8.9794,NA,NA,NA,NA,NA,NA,NA,NA,NA,NA
133.449,4.5057,22.8905,8.2194,39.7772,43277.7280,64.9209,NA,NA,NA,NA,NA,NA,NA,NA,NA,NA
133.499,4.4616,21.6866,8.2090,39.6004,48674.7400,85.4876,NA,NA,NA,NA,NA,NA,NA,NA,NA,NA
133.595,4.4503,21.3804,8.1992,39.4337,54379.0760,107.2254,NA,NA,NA,NA,NA,NA,NA,NA,NA,NA
133.693,4.4438,21.2030,8.1913,39.3005,60111.2560,129.0694,NA,NA,NA,NA,NA,NA,NA,NA,NA,NA
133.787,4.4438,21.2030,8.1885,39.2519,60111.2560,129.0694,NA,NA,NA,NA,NA,NA,NA,NA,NA,NA
133.892,4.4336,20.9229,8.1797,39.1020,28313.4060,7.8955,NA,NA,NA,NA,NA,NA,NA,NA,NA,NA
134.000,4.4570,21.5611,8.1705,38.9461,30733.3700,17.1174,NA,NA,NA,NA,NA,NA,NA,NA,NA,NA
134.086,4.4605,21.6575,8.1544,38.6728,30733.3700,17.1174,NA,NA,NA,NA,NA,NA,NA,NA,NA,NA
134.179,4.4605,21.6575,8.1456,38.5222,22636.8040,-13.7366,NA,NA,NA,NA,NA,NA,NA,NA,NA,NA
134.280,4.4513,21.4058,8.1368,38.3730,24448.2240,-6.8338,NA,NA,NA,NA,NA,NA,NA,NA,NA,NA
134.398,4.4462,21.2675,8.1296,38.2496,44591.0560,69.9257,NA,NA,NA,NA,NA,NA,NA,NA,NA,NA
134.486,4.4349,20.9585,8.1290,38.2410,44591.0560,69.9257,NA,NA,NA,NA,NA,NA,NA,NA,NA,NA
134.646,4.4326,20.8951,8.1180,38.0524,27753.1240,5.7604,NA,NA,NA,NA,NA,NA,NA,NA,NA,NA
134.679,4.4179,20.4944,8.1096,37.9107,30710.0200,17.0284,NA,NA,NA,NA,NA,NA,NA,NA,NA,NA
134.786,4.4179,20.4944,8.1049,37.8299,30710.0200,17.0284,NA,NA,NA,NA,NA,NA,NA,NA,NA,NA
134.875,4.4361,20.9912,8.0966,37.6890,23941.5940,-8.7644,NA,NA,NA,NA,NA,NA,NA,NA,NA,NA
134.978,4.4361,20.9912,8.0890,37.5600,25546.7140,-2.6477,NA,NA,NA,NA,NA,NA,NA,NA,NA,NA
135.071,4.4117,20.3261,8.0827,37.4522,47707.7920,81.8028,NA,NA,NA,NA,NA,NA,NA,NA,NA,NA
135.191,4.3825,19.5312,8.0749,37.3209,51336.1800,95.6297,NA,NA,NA,NA,NA,NA,NA,NA,NA,NA
135.275,4.3862,19.6320,8.0699,37.2348,56010.2240,113.4413,NA,NA,NA,NA,NA,NA,NA,NA,NA,NA
135.376,4.3862,19.6320,8.0655,37.1609,56010.2240,113.4413,NA,NA,NA,NA,NA,NA,NA,NA,NA,NA
135.470,4.3775,19.3944,8.0480,36.8633,25812.9860,-1.6330,NA,NA,NA,NA,NA,NA,NA,NA,NA,NA
135.561,4.3775,19.3944,8.0396,36.7204,28029.7000,6.8144,NA,NA,NA,NA,NA,NA,NA,NA,NA,NA
135.677,4.3804,19.4715,8.0168,36.3320,28029.7000,6.8144,NA,NA,NA,NA,NA,NA,NA,NA,NA,NA
135.761,4.3804,19.4715,8.0087,36.1943,22372.8480,-14.7425,NA,NA,NA,NA,NA,NA,NA,NA,NA,NA
135.855,4.3887,19.6988,7.9902,35.8791,24014.3300,-8.4872,NA,NA,NA,NA,NA,NA,NA,NA,NA,NA
135.972,4.3887,19.6988,7.9802,35.7090,25909.2300,-1.2662,NA,NA,NA,NA,NA,NA,NA,NA,NA,NA
136.053,4.3665,19.0948,7.9717,35.5649,48007.3680,82.9444,NA,NA,NA,NA,NA,NA,NA,NA,NA,NA
136.158,4.3603,18.9241,7.9675,35.4930,52188.6800,98.8784,NA,NA,NA,NA,NA,NA,NA,NA,NA,NA
136.247,4.3492,18.6231,7.9637,35.4298,56747.9640,116.2527,NA,NA,NA,NA,NA,NA,NA,NA,NA,NA
136.343,4.3450,18.5068,7.9543,35.2696,56747.9640,116.2527,NA,NA,NA,NA,NA,NA,NA,NA,NA,NA
136.442,4.3374,18.3011,7.9483,35.1671,26425.7520,0.7021,NA,NA,NA,NA,NA,NA,NA,NA,NA,NA
136.546,4.3374,18.3011,7.9414,35.0496,28986.5500,10.4607,NA,NA,NA,NA,NA,NA,NA,NA,NA,NA
136.642,4.3531,18.7286,7.9358,34.9546,28986.5500,10.4607,NA,NA,NA,NA,NA,NA,NA,NA,NA,NA
136.738,4.3596,18.9051,7.9324,34.8972,22825.2680,-13.0185,NA,NA,NA,NA,NA,NA,NA,NA,NA,NA
136.833,4.3686,19.1497,7.9311,34.8751,24395.1720,-7.0359,NA,NA,NA,NA,NA,NA,NA,NA,NA,NA
136.955,4.3686,19.1497,7.9214,34.7102,45427.6440,73.1137,NA,NA,NA,NA,NA,NA,NA,NA,NA,NA
137.045,4.3426,18.4410,7.9174,34.6419,49046.0120,86.9024,NA,NA,NA,NA,NA,NA,NA,NA,NA,NA
137.141,4.3196,17.8153,7.9157,34.6122,49046.0120,86.9024,NA,NA,NA,NA,NA,NA,NA,NA,NA,NA
137.233,4.3267,18.0068,7.9127,34.5620,31894.1180,21.5407,NA,NA,NA,NA,NA,NA,NA,NA,NA,NA
137.336,4.3295,18.0835,7.9060,34.4478,31894.1180,21.5407,NA,NA,NA,NA,NA,NA,NA,NA,NA,NA
137.437,4.3309,18.1231,7.9005,34.3536,23397.8980,-10.8363,NA,NA,NA,NA,NA,NA,NA,NA,NA,NA
137.528,4.3353,18.2421,7.9005,34.3536,25038.0660,-4.5860,NA,NA,NA,NA,NA,NA,NA,NA,NA,NA
137.648,4.3353,18.2421,7.8971,34.2971,45870.9280,74.8030,NA,NA,NA,NA,NA,NA,NA,NA,NA,NA
137.723,4.3114,17.5903,7.8881,34.1434,49249.4000,87.6775,NA,NA,NA,NA,NA,NA,NA,NA,NA,NA
137.826,4.3129,17.6318,7.8846,34.0839,52521.9600,100.1484,NA,NA,NA,NA,NA,NA,NA,NA,NA,NA
137.922,4.3174,17.7533,7.8772,33.9583,52521.9600,100.1484,NA,NA,NA,NA,NA,NA,NA,NA,NA,NA
138.019,4.3224,17.8910,7.8730,33.8872,26052.9560,-0.7185,NA,NA,NA,NA,NA,NA,NA,NA,NA,NA
138.121,4.3224,17.8910,7.8679,33.8005,29017.5940,10.5790,NA,NA,NA,NA,NA,NA,NA,NA,NA,NA
138.240,4.3148,17.6841,7.8627,33.7107,32090.5460,22.2893,NA,NA,NA,NA,NA,NA,NA,NA,NA,NA
138.308,4.3275,18.0304,7.8627,33.7107,32090.5460,22.2893,NA,NA,NA,NA,NA,NA,NA,NA,NA,NA
138.422,4.3409,18.3959,7.8599,33.6639,23794.6720,-9.3243,NA,NA,NA,NA,NA,NA,NA,NA,NA,NA
138.515,4.3409,18.3959,7.8595,33.6566,25474.3100,-2.9236,NA,NA,NA,NA,NA,NA,NA,NA,NA,NA
138.616,4.3162,17.7213,7.8580,33.6313,46660.5880,77.8122,NA,NA,NA,NA,NA,NA,NA,NA,NA,NA
138.729,4.2982,17.2313,7.8545,33.5717,49979.3640,90.4592,NA,NA,NA,NA,NA,NA,NA,NA,NA,NA
138.803,4.2975,17.2121,7.8514,33.5195,53175.7240,102.6398,NA,NA,NA,NA,NA,NA,NA,NA,NA,NA
138.899,4.2923,17.0710,7.8514,33.5195,53175.7240,102.6398,NA,NA,NA,NA,NA,NA,NA,NA,NA,NA
139.009,4.2923,17.0710,7.8348,33.2371,26809.6900,2.1652,197856.3360,0.0000,NA,NA,NA,NA,NA,NA,NA,NA
139.096,4.2835,16.8312,7.8336,33.2159,54694.8440,108.4288,NA,NA,NA,NA,NA,NA,NA,NA,NA,NA
139.198,4.2783,16.6867,7.8307,33.1666,54694.8440,108.4288,NA,NA,NA,NA,NA,NA,NA,NA,NA,NA
139.305,4.2881,16.9542,7.8256,33.0802,25875.3460,-1.3953,NA,NA,NA,NA,NA,NA,NA,NA,NA,NA
139.415,4.2881,16.9542,7.8229,33.0350,25875.3460,-1.3953,NA,NA,NA,NA,NA,NA,NA,NA,NA,NA
139.517,4.2854,16.8825,7.8208,32.9991,25797.6020,-1.6916,NA,NA,NA,NA,NA,NA,NA,NA,NA,NA
139.596,4.2822,16.7934,7.8202,32.9895,48196.4960,83.6651,NA,NA,NA,NA,NA,NA,NA,NA,NA,NA
139.694,4.2780,16.6793,7.8202,32.9895,52266.0040,99.1730,NA,NA,NA,NA,NA,NA,NA,NA,NA,NA
139.799,4.2693,16.4419,7.8195,32.9771,56068.9600,113.6652,NA,NA,NA,NA,NA,NA,NA,NA,NA,NA
139.891,4.2693,16.4419,7.8161,32.9195,56068.9600,113.6652,NA,NA,NA,NA,NA,NA,NA,NA,NA,NA
140.021,4.2641,16.3007,7.8115,32.8415,26520.5300,1.0633,NA,NA,NA,NA,NA,NA,NA,NA,NA,NA
140.085,4.2631,16.2727,7.7979,32.6089,28401.9360,8.2329,NA,NA,NA,NA,NA,NA,NA,NA,NA,NA
140.186,4.2759,16.6215,7.7919,32.5082,28401.9360,8.2329,NA,NA,NA,NA,NA,NA,NA,NA,NA,NA
140.288,4.2759,16.6215,7.7886,32.4507,22042.2960,-16.0022,NA,NA,NA,NA,NA,NA,NA,NA,NA,NA
140.380,4.2725,16.5301,7.7855,32.3983,23990.8880,-8.5766,NA,NA,NA,NA,NA,NA,NA,NA,NA,NA
140.481,4.2725,16.5301,7.7855,32.3983,26066.6160,-0.6665,NA,NA,NA,NA,NA,NA,NA,NA,NA,NA
140.599,4.2655,16.3397,7.7773,32.2599,49059.7920,86.9549,NA,NA,NA,NA,NA,NA,NA,NA,NA,NA
140.675,4.2561,16.0815,7.7677,32.0967,52928.8160,101.6989,NA,NA,NA,NA,NA,NA,NA,NA,NA,NA
140.795,4.2405,15.6567,7.7647,32.0452,57317.5480,118.4232,NA,NA,NA,NA,NA,NA,NA,NA,NA,NA
140.874,4.2362,15.5395,7.7647,32.0452,57317.5480,118.4232,NA,NA,NA,NA,NA,NA,NA,NA,NA,NA
140.975,4.2391,15.6188,7.7622,32.0026,27031.3500,3.0099,NA,NA,NA,NA,NA,NA,NA,NA,NA,NA
141.067,4.2391,15.6188,7.7580,31.9312,28962.9620,10.3708,NA,NA,NA,NA,NA,NA,NA,NA,NA,NA
141.208,4.2607,16.2092,7.7580,31.9312,28962.9620,10.3708,NA,NA,NA,NA,NA,NA,NA,NA,NA,NA
141.263,4.2607,16.2092,7.7577,31.9265,22579.0600,-13.9567,NA,NA,NA,NA,NA,NA,NA,NA,NA,NA
141.370,4.2560,16.0801,7.7548,31.8774,24544.1400,-6.4682,NA,NA,NA,NA,NA,NA,NA,NA,NA,NA
141.458,4.2560,16.0801,7.7514,31.8189,45546.9120,73.5682,NA,NA,NA,NA,NA,NA,NA,NA,NA,NA
141.555,4.2389,15.6127,7.7545,31.8713,49880.4240,90.0822,NA,NA,NA,NA,NA,NA,NA,NA,NA,NA
141.655,4.2264,15.2729,7.7545,31.8713,53676.6280,104.5486,NA,NA,NA,NA,NA,NA,NA,NA,NA,NA
141.752,4.2239,15.2033,7.7502,31.7976,58543.2760,123.0942,NA,NA,NA,NA,NA,NA,NA,NA,NA,NA
141.851,4.2041,14.6635,7.7468,31.7402,58543.2760,123.0942,NA,NA,NA,NA,NA,NA,NA,NA,NA,NA
141.947,4.1961,14.4451,7.7468,31.7402,27622.0060,5.2607,NA,NA,NA,NA,NA,NA,NA,NA,NA,NA
142.077,4.2182,15.0486,7.7461,31.7290,29620.1700,12.8753,NA,NA,NA,NA,NA,NA,NA,NA,NA,NA
142.143,4.2182,15.0486,7.7415,31.6504,29620.1700,12.8753,NA,NA,NA,NA,NA,NA,NA,NA,NA,NA
142.246,4.2123,14.8887,7.7287,31.4328,23097.7120,-11.9802,NA,NA,NA,NA,NA,NA,NA,NA,NA,NA
142.345,4.2123,14.8875,7.7248,31.3657,24997.6360,-4.7401,NA,NA,NA,NA,NA,NA,NA,NA,NA,NA
142.451,4.2123,14.8875,7.7154,31.2074,46661.5040,77.8156,NA,NA,NA,NA,NA,NA,NA,NA,NA,NA
142.542,4.1992,14.5309,7.7151,31.2021,46661.5040,77.8156,NA,NA,NA,NA,NA,NA,NA,NA,NA,NA
142.647,4.1974,14.4802,7.7013,30.9667,28921.2440,10.2118,NA,NA,NA,NA,NA,NA,NA,NA,NA,NA
142.741,4.1907,14.2992,7.6939,30.8417,32290.5700,23.0515,NA,NA,NA,NA,NA,NA,NA,NA,NA,NA
142.843,4.2026,14.6245,7.6772,30.5576,32290.5700,23.0515,NA,NA,NA,NA,NA,NA,NA,NA,NA,NA
142.979,4.2149,14.9587,7.6702,30.4379,23852.4340,-9.1042,NA,NA,NA,NA,NA,NA,NA,NA,NA,NA
143.050,4.2149,14.9587,7.6665,30.3745,25536.4740,-2.6867,NA,NA,NA,NA,NA,NA,NA,NA,NA,NA
143.127,4.1943,14.3962,7.6665,30.3745,47185.4240,79.8122,NA,NA,NA,NA,NA,NA,NA,NA,NA,NA
143.248,4.1741,13.8460,7.6571,30.2159,51085.2280,94.6734,NA,NA,NA,NA,NA,NA,NA,NA,NA,NA
143.356,4.1653,13.6061,7.6526,30.1378,54615.2400,108.1254,NA,NA,NA,NA,NA,NA,NA,NA,NA,NA
143.426,4.1673,13.6616,7.6500,30.0944,54615.2400,108.1254,NA,NA,NA,NA,NA,NA,NA,NA,NA,NA
143.522,4.1685,13.6929,7.6457,30.0217,26196.8460,-0.1702,198340.5440,0.0000,NA,NA,NA,NA,NA,NA,NA,NA
143.646,4.1685,13.6929,7.6430,29.9758,52827.6240,101.3132,NA,NA,NA,NA,NA,NA,NA,NA,NA,NA
143.718,4.1682,13.6847,7.6409,29.9394,52827.6240,101.3132,NA,NA,NA,NA,NA,NA,NA,NA,NA,NA
143.837,4.1665,13.6397,7.6391,29.9088,26150.1240,-0.3482,NA,NA,NA,NA,NA,NA,NA,NA,NA,NA
143.922,4.1664,13.6362,7.6321,29.7893,28429.8140,8.3391,NA,NA,NA,NA,NA,NA,NA,NA,NA,NA
144.015,4.1648,13.5925,7.6289,29.7355,31569.9740,20.3055,NA,NA,NA,NA,NA,NA,NA,NA,NA,NA
144.117,4.1836,14.1056,7.6203,29.5889,31569.9740,20.3055,NA,NA,NA,NA,NA,NA,NA,NA,NA,NA
144.227,4.1836,14.1056,7.6108,29.4273,53049.0400,102.1570,NA,NA,NA,NA,NA,NA,NA,NA,NA,NA
144.324,4.1792,13.9847,7.6078,29.3765,57551.3720,119.3143,NA,NA,NA,NA,NA,NA,NA,NA,NA,NA
144.413,4.1566,13.3695,7.6028,29.2921,57551.3720,119.3143,NA,NA,NA,NA,NA,NA,NA,NA,NA,NA
144.517,4.1489,13.1588,7.5925,29.1164,26892.0420,2.4790,NA,NA,NA,NA,NA,NA,NA,NA,NA,NA
144.636,4.1298,12.6365,7.5857,29.0012,29101.1320,10.8973,NA,NA,NA,NA,NA,NA,NA,NA,NA,NA
144.719,4.1216,12.4143,7.5786,28.8798,29101.1320,10.8973,NA,NA,NA,NA,NA,NA,NA,NA,NA,NA
144.850,4.1216,12.4143,7.5712,28.7549,21818.7220,-16.8542,NA,NA,NA,NA,NA,NA,NA,NA,NA,NA
144.901,4.1219,12.4227,7.5681,28.7013,23658.1140,-9.8447,NA,NA,NA,NA,NA,NA,NA,NA,NA,NA
145.004,4.1219,12.4227,7.5630,28.6157,25946.0400,-1.1259,NA,NA,NA,NA,NA,NA,NA,NA,NA,NA
145.102,4.1036,11.9239,7.5531,28.4463,48604.6640,85.2206,NA,NA,NA,NA,NA,NA,NA,NA,NA,NA
145.198,4.0965,11.7302,7.5468,28.3395,53776.3920,104.9288,NA,NA,NA,NA,NA,NA,NA,NA,NA,NA
145.300,4.0929,11.6302,7.5423,28.2621,58351.1400,122.3620,NA,NA,NA,NA,NA,NA,NA,NA,NA,NA
145.404,4.0813,11.3148,7.5405,28.2326,58351.1400,122.3620,NA,NA,NA,NA,NA,NA,NA,NA,NA,NA
145.495,4.0830,11.3605,7.5382,28.1932,27494.9220,4.7765,NA,NA,NA,NA,NA,NA,NA,NA,NA,NA
145.587,4.0840,11.3895,7.5359,28.1546,29675.6480,13.0867,NA,NA,NA,NA,NA,NA,NA,NA,NA,NA
145.729,4.1037,11.9255,7.5269,28.0014,29675.6480,13.0867,NA,NA,NA,NA,NA,NA,NA,NA,NA,NA
145.803,4.1045,11.9490,7.5193,27.8715,22321.6020,-14.9378,NA,NA,NA,NA,NA,NA,NA,NA,NA,NA
145.982,4.1045,11.9490,7.5154,27.8051,24242.6360,-7.6172,NA,NA,NA,NA,NA,NA,NA,NA,NA,NA
145.988,4.1045,11.9465,7.5119,27.7458,44637.7560,70.1036,NA,NA,NA,NA,NA,NA,NA,NA,NA,NA
146.077,4.1033,11.9136,7.5108,27.7280,49621.0640,89.0938,NA,NA,NA,NA,NA,NA,NA,NA,NA,NA
146.187,4.0934,11.6442,7.5088,27.6931,54768.5120,108.7095,NA,NA,NA,NA,NA,NA,NA,NA,NA,NA
146.275,4.0934,11.6442,7.5029,27.5920,58983.0520,124.7701,NA,NA,NA,NA,NA,NA,NA,NA,NA,NA
146.375,4.0769,11.1956,7.4948,27.4553,58983.0520,124.7701,NA,NA,NA,NA,NA,NA,NA,NA,NA,NA
146.477,4.0750,11.1432,7.4908,27.3862,28165.9140,7.3335,NA,NA,NA,NA,NA,NA,NA,NA,NA,NA
146.625,4.0888,11.5189,7.4844,27.2780,30232.8000,15.2099,NA,NA,NA,NA,NA,NA,NA,NA,NA,NA
146.676,4.0939,11.6587,7.4788,27.1829,30232.8000,15.2099,NA,NA,NA,NA,NA,NA,NA,NA,NA,NA
146.766,4.1015,11.8667,7.4784,27.1757,22803.8040,-13.1002,NA,NA,NA,NA,NA,NA,NA,NA,NA,NA
146.866,4.1015,11.8667,7.4751,27.1202,24779.1200,-5.5728,NA,NA,NA,NA,NA,NA,NA,NA,NA,NA
146.968,4.0997,11.8160,7.4699,27.0308,45986.4160,75.2431,NA,NA,NA,NA,NA,NA,NA,NA,NA,NA
147.074,4.0789,11.2502,7.4699,27.0308,51052.3520,94.5481,NA,NA,NA,NA,NA,NA,NA,NA,NA,NA
147.185,4.0644,10.8550,7.4664,26.9718,51052.3520,94.5481,NA,NA,NA,NA,NA,NA,NA,NA,NA,NA
147.267,4.0647,10.8620,7.4727,27.0794,32084.9120,22.2678,NA,NA,NA,NA,NA,NA,NA,NA,NA,NA
147.362,4.0705,11.0212,7.4727,27.0794,32084.9120,22.2678,NA,NA,NA,NA,NA,NA,NA,NA,NA,NA
147.459,4.0705,11.0212,7.4654,26.9547,23846.0280,-9.1286,NA,NA,NA,NA,NA,NA,NA,NA,NA,NA
147.555,4.0686,10.9699,7.4661,26.9675,25568.7620,-2.5637,NA,NA,NA,NA,NA,NA,NA,NA,NA,NA
147.656,4.0646,10.8594,7.4661,26.9675,47002.3840,79.1147,NA,NA,NA,NA,NA,NA,NA,NA,NA,NA
147.757,4.0646,10.8594,7.4644,26.9390,51516.8760,96.3183,NA,NA,NA,NA,NA,NA,NA,NA,NA,NA
147.853,4.0588,10.7002,7.4495,26.6852,55902.9120,113.0324,NA,NA,NA,NA,NA,NA,NA,NA,NA,NA
147.956,4.0588,10.7002,7.4447,26.6025,55902.9120,113.0324,NA,NA,NA,NA,NA,NA,NA,NA,NA,NA
148.050,4.0552,10.6030,7.4429,26.5717,25701.1880,-2.0590,198224.7360,0.0000,NA,NA,NA,NA,NA,NA,NA,NA
148.149,4.0339,10.0228,7.4242,26.2549,52213.2400,98.9720,NA,NA,NA,NA,NA,NA,NA,NA,NA,NA
148.254,4.0266,9.8238,7.4164,26.1221,52213.2400,98.9720,NA,NA,NA,NA,NA,NA,NA,NA,NA,NA
148.343,4.0235,9.7394,7.4085,25.9883,26213.9040,-0.1052,NA,NA,NA,NA,NA,NA,NA,NA,NA,NA
148.440,4.0216,9.6855,7.4005,25.8518,28802.4720,9.7592,198379.2960,0.0000,NA,NA,NA,NA,NA,NA,NA,NA
148.549,4.0225,9.7122,7.3959,25.7736,60141.4400,129.1844,NA,NA,NA,NA,NA,NA,NA,NA,NA,NA
148.691,4.0225,9.7122,7.3869,25.6204,60141.4400,129.1844,NA,NA,NA,NA,NA,NA,NA,NA,NA,NA
148.741,4.0297,9.9076,7.3752,25.4209,27385.6320,4.3600,NA,NA,NA,NA,NA,NA,NA,NA,NA,NA
148.858,4.0297,9.9076,7.3694,25.3221,25424.6460,-3.1129,NA,NA,NA,NA,NA,NA,NA,NA,NA,NA
148.945,4.0226,9.7143,7.3654,25.2552,46836.4800,78.4824,NA,NA,NA,NA,NA,NA,NA,NA,NA,NA
149.038,4.0104,9.3824,7.3572,25.1144,50655.7080,93.0366,NA,NA,NA,NA,NA,NA,NA,NA,NA,NA
149.144,4.0163,9.5435,7.3525,25.0351,54905.8960,109.2330,NA,NA,NA,NA,NA,NA,NA,NA,NA,NA
149.236,4.0163,9.5435,7.3455,24.9169,54905.8960,109.2330,NA,NA,NA,NA,NA,NA,NA,NA,NA,NA
149.334,4.0111,9.4009,7.3387,24.7999,25494.8020,-2.8455,NA,NA,NA,NA,NA,NA,NA,NA,NA,NA
149.431,3.9950,8.9609,7.3320,24.6869,27410.8180,4.4560,NA,NA,NA,NA,NA,NA,NA,NA,NA,NA
149.581,4.0004,9.1093,7.3294,24.6426,30366.5420,15.7195,NA,NA,NA,NA,NA,NA,NA,NA,NA,NA
149.629,4.0181,9.5900,7.3294,24.6426,30366.5420,15.7195,NA,NA,NA,NA,NA,NA,NA,NA,NA,NA
149.722,4.0183,9.5959,7.3240,24.5507,23840.4200,-9.1500,NA,NA,NA,NA,NA,NA,NA,NA,NA,NA
149.826,4.0183,9.5959,7.3196,24.4753,25463.8600,-2.9634,NA,NA,NA,NA,NA,NA,NA,NA,NA,NA
149.921,4.0111,9.4016,7.3174,24.4382,47713.9040,81.8261,NA,NA,NA,NA,NA,NA,NA,NA,NA,NA
150.019,4.0089,9.3391,7.3174,24.4382,51246.4400,95.2877,NA,NA,NA,NA,NA,NA,NA,NA,NA,NA
150.117,4.0087,9.3344,7.3165,24.4238,56057.1600,113.6202,NA,NA,NA,NA,NA,NA,NA,NA,NA,NA
150.242,4.0059,9.2573,7.3148,24.3936,56057.1600,113.6202,NA,NA,NA,NA,NA,NA,NA,NA,NA,NA
150.314,3.9986,9.0589,7.3131,24.3644,26034.9860,-0.7870,NA,NA,NA,NA,NA,NA,NA,NA,NA,NA
150.408,3.9889,8.7938,7.3079,24.2766,28027.1660,6.8047,NA,NA,NA,NA,NA,NA,NA,NA,NA,NA
150.516,3.9877,8.7622,7.3031,24.1953,28027.1660,6.8047,NA,NA,NA,NA,NA,NA,NA,NA,NA,NA
150.605,3.9915,8.8651,7.3031,24.1953,22280.8420,-15.0931,NA,NA,NA,NA,NA,NA,NA,NA,NA,NA
150.707,3.9947,8.9536,7.2980,24.1083,24024.2840,-8.4493,NA,NA,NA,NA,NA,NA,NA,NA,NA,NA
150.847,3.9947,8.9536,7.2933,24.0293,25846.7900,-1.5042,NA,NA,NA,NA,NA,NA,NA,NA,NA,NA
150.899,3.9854,8.6986,7.2888,23.9520,48545.4400,84.9949,NA,NA,NA,NA,NA,NA,NA,NA,NA,NA
150.999,3.9755,8.4282,7.2882,23.9416,52364.4360,99.5481,NA,NA,NA,NA,NA,NA,NA,NA,NA,NA
151.099,3.9755,8.4282,7.2882,23.9416,57190.9320,117.9407,NA,NA,NA,NA,NA,NA,NA,NA,NA,NA
151.196,3.9651,8.1449,7.2865,23.9124,57190.9320,117.9407,NA,NA,NA,NA,NA,NA,NA,NA,NA,NA
151.301,3.9655,8.1573,7.2871,23.9235,26415.1320,0.6616,NA,NA,NA,NA,NA,NA,NA,NA,NA,NA
151.429,3.9679,8.2213,7.2893,23.9600,28660.2060,9.2171,NA,NA,NA,NA,NA,NA,NA,NA,NA,NA
151.497,3.9713,8.3151,7.2893,23.9600,28660.2060,9.2171,NA,NA,NA,NA,NA,NA,NA,NA,NA,NA
151.604,3.9713,8.3151,7.2909,23.9879,49023.5160,86.8167,NA,NA,NA,NA,NA,NA,NA,NA,NA,NA
151.729,3.9686,8.2406,7.2909,23.9879,52188.7880,98.8788,NA,NA,NA,NA,NA,NA,NA,NA,NA,NA
151.790,3.9686,8.2406,7.2908,23.9868,55388.7480,111.0731,NA,NA,NA,NA,NA,NA,NA,NA,NA,NA
151.886,3.9624,8.0714,7.2879,23.9359,55388.7480,111.0731,NA,NA,NA,NA,NA,NA,NA,NA,NA,NA
152.003,3.9608,8.0287,7.2863,23.9093,28566.4600,8.8598,NA,NA,NA,NA,NA,NA,NA,NA,NA,NA
152.087,3.9857,8.7073,7.2820,23.8360,31414.9760,19.7148,NA,NA,NA,NA,NA,NA,NA,NA,NA,NA
152.183,3.9860,8.7163,7.2801,23.8045,31414.9760,19.7148,NA,NA,NA,NA,NA,NA,NA,NA,NA,NA
152.284,3.9860,8.7163,7.2801,23.8045,23242.7620,-11.4275,NA,NA,NA,NA,NA,NA,NA,NA,NA,NA
152.381,3.9811,8.5824,7.2861,23.9059,24953.2040,-4.9094,NA,NA,NA,NA,NA,NA,NA,NA,NA,NA
152.486,3.9811,8.5824,7.3311,24.6711,45903.8280,74.9283,NA,NA,NA,NA,NA,NA,NA,NA,NA,NA
152.639,3.9750,8.4158,7.3468,24.9388,49632.5840,89.1377,NA,NA,NA,NA,NA,NA,NA,NA,NA,NA
152.682,3.9750,8.4158,7.3468,24.9388,53701.9560,104.6451,NA,NA,NA,NA,NA,NA,NA,NA,NA,NA
152.770,3.9726,8.3496,7.3192,24.4690,53701.9560,104.6451,NA,NA,NA,NA,NA,NA,NA,NA,NA,NA
152.874,3.9726,8.3496,7.3117,24.3413,25734.5380,-1.9319,NA,NA,NA,NA,NA,NA,NA,NA,NA,NA
152.972,3.9753,8.4241,7.3087,24.2896,28469.6360,8.4909,NA,NA,NA,NA,NA,NA,NA,NA,NA,NA
153.064,3.9954,8.9719,7.2874,23.9281,31599.4740,20.4179,NA,NA,NA,NA,NA,NA,NA,NA,NA,NA
153.228,3.9981,9.0461,7.2743,23.7060,31599.4740,20.4179,NA,NA,NA,NA,NA,NA,NA,NA,NA,NA
153.290,3.9981,9.0461,7.2595,23.4543,23669.7120,-9.8005,NA,NA,NA,NA,NA,NA,NA,NA,NA,NA
153.359,3.9915,8.8664,7.2848,23.8845,25416.2800,-3.1447,NA,NA,NA,NA,NA,NA,NA,NA,NA,NA
153.456,4.0634,10.8277,7.3301,24.6541,46937.7840,78.8685,NA,NA,NA,NA,NA,NA,NA,NA,NA,NA
153.556,4.1421,12.9741,7.4406,26.5336,50721.8400,93.2886,NA,NA,NA,NA,NA,NA,NA,NA,NA,NA
153.659,4.1931,14.3636,7.5415,28.2492,54610.0920,108.1058,NA,NA,NA,NA,NA,NA,NA,NA,NA,NA
153.800,4.2343,15.4886,7.6112,29.4347,54610.0920,108.1058,NA,NA,NA,NA,NA,NA,NA,NA,NA,NA
153.848,4.2669,16.3764,7.6415,29.9494,26474.6720,0.8885,NA,NA,NA,NA,NA,NA,NA,NA,NA,NA
153.948,4.2920,17.0630,7.6542,30.1657,29292.3580,11.6261,NA,NA,NA,NA,NA,NA,NA,NA,NA,NA
154.042,4.3176,17.7590,7.6542,30.1657,29292.3580,11.6261,NA,NA,NA,NA,NA,NA,NA,NA,NA,NA
154.160,4.3355,18.2477,7.6546,30.1723,22199.7560,-15.4021,NA,NA,NA,NA,NA,NA,NA,NA,NA,NA
154.247,4.3355,18.2477,7.6546,30.1723,51882.0200,97.7098,NA,NA,NA,NA,NA,NA,NA,NA,NA,NA
154.346,4.3237,17.9266,7.6512,30.1148,57169.0920,117.8575,NA,NA,NA,NA,NA,NA,NA,NA,NA,NA
154.445,4.2959,17.1681,7.6500,30.0945,57169.0920,117.8575,NA,NA,NA,NA,NA,NA,NA,NA,NA,NA
154.550,4.2924,17.0734,7.7007,30.9564,27497.3760,4.7858,NA,NA,NA,NA,NA,NA,NA,NA,NA,NA
154.705,4.3558,18.8019,7.8214,33.0097,30163.6260,14.9462,NA,NA,NA,NA,NA,NA,NA,NA,NA,NA
154.740,4.4708,21.9371,7.9194,34.6761,30163.6260,14.9462,NA,NA,NA,NA,NA,NA,NA,NA,NA,NA
154.847,4.5190,23.2535,7.9888,35.8562,22603.0300,-13.8653,NA,NA,NA,NA,NA,NA,NA,NA,NA,NA
154.933,4.5724,24.7107,8.0573,37.0205,24055.3640,-8.3309,NA,NA,NA,NA,NA,NA,NA,NA,NA,NA
155.034,4.5724,24.7107,8.1293,38.2459,43284.1280,64.9453,NA,NA,NA,NA,NA,NA,NA,NA,NA,NA
155.136,4.5730,24.7252,8.1647,38.8473,47723.9520,81.8644,NA,NA,NA,NA,NA,NA,NA,NA,NA,NA
155.233,4.5779,24.8583,8.1696,38.9313,52885.7360,101.5347,NA,NA,NA,NA,NA,NA,NA,NA,NA,NA
155.337,4.5793,24.8975,8.1743,39.0110,58416.7440,122.6120,NA,NA,NA,NA,NA,NA,NA,NA,NA,NA
155.429,4.5827,24.9906,8.1743,39.0110,58416.7440,122.6120,NA,NA,NA,NA,NA,NA,NA,NA,NA,NA
155.558,4.5827,24.9906,8.1729,38.9866,28210.2880,7.5025,NA,NA,NA,NA,NA,NA,NA,NA,NA,NA
155.648,4.5947,25.3173,8.1599,38.7664,30940.8620,17.9081,NA,NA,NA,NA,NA,NA,NA,NA,NA,NA
155.724,4.5947,25.3173,8.1558,38.6954,30940.8620,17.9081,NA,NA,NA,NA,NA,NA,NA,NA,NA,NA
155.817,4.5958,25.3487,8.1415,38.4523,22966.3040,-12.4810,NA,NA,NA,NA,NA,NA,NA,NA,NA,NA
155.913,4.6061,25.6294,8.1384,38.4003,24492.8200,-6.6638,NA,NA,NA,NA,NA,NA,NA,NA,NA,NA
156.020,4.6061,25.6294,8.1693,38.9254,44230.1360,68.5503,NA,NA,NA,NA,NA,NA,NA,NA,NA,NA
156.120,4.6016,25.5045,8.2110,39.6354,48697.1200,85.5729,NA,NA,NA,NA,NA,NA,NA,NA,NA,NA
156.234,4.6347,26.4086,8.2731,40.6911,54208.8080,106.5766,NA,NA,NA,NA,NA,NA,NA,NA,NA,NA
156.309,4.6502,26.8319,8.2905,40.9863,54208.8080,106.5766,NA,NA,NA,NA,NA,NA,NA,NA,NA,NA
156.402,4.6798,27.6390,8.2919,41.0102,25849.4360,-1.4941,NA,NA,NA,NA,NA,NA,NA,NA,NA,NA
156.502,4.7192,28.7139,8.3209,41.5029,28475.5480,8.5134,NA,NA,NA,NA,NA,NA,NA,NA,NA,NA
156.603,4.7539,29.6598,8.3343,41.7320,31621.5120,20.5019,NA,NA,NA,NA,NA,NA,NA,NA,NA,NA
156.703,4.7706,30.1143,8.3387,41.8066,31621.5120,20.5019,NA,NA,NA,NA,NA,NA,NA,NA,NA,NA
156.815,4.7763,30.2698,8.3387,41.8066,23360.2480,-10.9798,NA,NA,NA,NA,NA,NA,NA,NA,NA,NA
156.895,4.7763,30.2698,8.3368,41.7744,24949.4900,-4.9236,NA,NA,NA,NA,NA,NA,NA,NA,NA,NA
156.994,4.7507,29.5721,8.3366,41.7708,45086.9320,71.8153,NA,NA,NA,NA,NA,NA,NA,NA,NA,NA
157.103,4.7340,29.1175,8.3361,41.7623,49998.5600,90.5324,NA,NA,NA,NA,NA,NA,NA,NA,NA,NA
157.186,4.6956,28.0694,8.3354,41.7502,55437.8920,111.2603,NA,NA,NA,NA,NA,NA,NA,NA,NA,NA
157.292,4.6956,28.0694,8.3316,41.6862,55437.8920,111.2603,NA,NA,NA,NA,NA,NA,NA,NA,NA,NA
157.441,4.6921,27.9741,8.3564,42.1070,26571.9720,1.2593,NA,NA,NA,NA,NA,NA,NA,NA,NA,NA
157.489,4.7207,28.7537,8.3687,42.3158,26571.9720,1.2593,NA,NA,NA,NA,NA,NA,NA,NA,NA,NA
157.590,4.7318,29.0563,8.3747,42.4181,26245.0960,0.0137,NA,NA,NA,NA,NA,NA,NA,NA,NA,NA
157.687,4.7757,30.2549,8.4088,42.9985,48629.7040,85.3160,NA,NA,NA,NA,NA,NA,NA,NA,NA,NA
157.799,4.7924,30.7099,8.4344,43.4346,52609.3160,100.4813,NA,NA,NA,NA,NA,NA,NA,NA,NA,NA
157.898,4.8151,31.3297,8.4488,43.6790,57062.8240,117.4526,NA,NA,NA,NA,NA,NA,NA,NA,NA,NA
158.025,4.8151,31.3297,8.4589,43.8507,57062.8240,117.4526,NA,NA,NA,NA,NA,NA,NA,NA,NA,NA
158.090,4.8092,31.1678,8.4635,43.9283,27205.9540,3.6753,NA,NA,NA,NA,NA,NA,NA,NA,NA,NA
158.180,4.8092,31.1678,8.4643,43.9420,29375.8440,11.9442,NA,NA,NA,NA,NA,NA,NA,NA,NA,NA
158.277,4.8188,31.4312,8.4647,43.9485,29375.8440,11.9442,NA,NA,NA,NA,NA,NA,NA,NA,NA,NA
158.375,4.8194,31.4453,8.4647,43.9485,22644.5980,-13.7069,NA,NA,NA,NA,NA,NA,NA,NA,NA,NA
158.471,4.8194,31.4453,8.4568,43.8148,24523.6340,-6.5464,NA,NA,NA,NA,NA,NA,NA,NA,NA,NA
158.571,4.8158,31.3469,8.4378,43.4909,45417.9440,73.0767,NA,NA,NA,NA,NA,NA,NA,NA,NA,NA
158.672,4.7726,30.1694,8.5110,44.7363,49656.7040,89.2296,NA,NA,NA,NA,NA,NA,NA,NA,NA,NA
158.783,4.7823,30.4338,8.5378,45.1922,53529.8640,103.9893,NA,NA,NA,NA,NA,NA,NA,NA,NA,NA
158.860,4.7823,30.4338,8.5382,45.1987,58486.9280,122.8795,NA,NA,NA,NA,NA,NA,NA,NA,NA,NA
158.961,4.7676,30.0338,8.5382,45.1987,58486.9280,122.8795,NA,NA,NA,NA,NA,NA,NA,NA,NA,NA
159.057,4.7355,29.1568,8.5038,44.6140,27631.6300,5.2974,NA,NA,NA,NA,NA,NA,NA,NA,NA,NA
159.156,4.7162,28.6325,8.4865,44.3196,29666.8600,13.0532,NA,NA,NA,NA,NA,NA,NA,NA,NA,NA
159.251,4.7084,28.4175,8.4618,43.8995,29666.8600,13.0532,NA,NA,NA,NA,NA,NA,NA,NA,NA,NA
159.361,4.7018,28.2397,8.4417,43.5586,23160.9340,-11.7393,NA,NA,NA,NA,NA,NA,NA,NA,NA,NA
159.453,4.6949,28.0496,8.4241,43.2585,25067.6580,-4.4732,NA,NA,NA,NA,NA,NA,NA,NA,NA,NA
159.554,4.6760,27.5338,8.3564,42.1082,46835.7360,78.4796,NA,NA,NA,NA,NA,NA,NA,NA,NA,NA
159.646,4.6134,25.8266,8.3260,41.5912,51155.5200,94.9413,NA,NA,NA,NA,NA,NA,NA,NA,NA,NA
159.744,4.5930,25.2718,8.2477,40.2594,54752.9680,108.6503,NA,NA,NA,NA,NA,NA,NA,NA,NA,NA
159.844,4.5755,24.7934,8.1805,39.1154,54752.9680,108.6503,NA,NA,NA,NA,NA,NA,NA,NA,NA,NA
159.948,4.5678,24.5838,8.1498,38.5939,25641.6880,-2.2858,NA,NA,NA,NA,NA,NA,NA,NA,NA,NA
160.041,4.5488,24.0653,8.1334,38.3156,27568.1440,5.0555,NA,NA,NA,NA,NA,NA,NA,NA,NA,NA
160.144,4.5361,23.7182,8.1185,38.0617,30187.8540,15.0386,NA,NA,NA,NA,NA,NA,NA,NA,NA,NA
160.241,4.5441,23.9372,8.1096,37.9095,30187.8540,15.0386,NA,NA,NA,NA,NA,NA,NA,NA,NA,NA
160.330,4.5441,23.9372,8.1055,37.8406,23709.1720,-9.6501,NA,NA,NA,NA,NA,NA,NA,NA,NA,NA
160.434,4.5372,23.7495,8.0957,37.6736,25535.2020,-2.6916,NA,NA,NA,NA,NA,NA,NA,NA,NA,NA
160.537,4.5201,23.2819,8.0861,37.5102,47956.6880,82.7513,NA,NA,NA,NA,NA,NA,NA,NA,NA,NA
160.642,4.4958,22.6199,8.0741,37.3073,47956.6880,82.7513,NA,NA,NA,NA,NA,NA,NA,NA,NA,NA
160.733,4.4747,22.0459,8.0710,37.2537,29928.1420,14.0489,NA,NA,NA,NA,NA,NA,NA,NA,NA,NA
160.856,4.4982,22.6846,8.0622,37.1049,29928.1420,14.0489,NA,NA,NA,NA,NA,NA,NA,NA,NA,NA
160.938,4.4982,22.6846,8.0573,37.0217,22398.6420,-14.6442,NA,NA,NA,NA,NA,NA,NA,NA,NA,NA
161.027,4.4873,22.3894,8.0531,36.9493,24005.1700,-8.5221,NA,NA,NA,NA,NA,NA,NA,NA,NA,NA
161.122,4.4673,21.8440,8.0510,36.9131,25975.0100,-1.0156,NA,NA,NA,NA,NA,NA,NA,NA,NA,NA
161.222,4.4673,21.8440,8.0435,36.7861,48157.2280,83.5155,NA,NA,NA,NA,NA,NA,NA,NA,NA,NA
161.358,4.4613,21.6780,8.0393,36.7148,51829.2520,97.5087,NA,NA,NA,NA,NA,NA,NA,NA,NA,NA
161.446,4.4285,20.7854,8.0333,36.6124,55510.8240,111.5383,NA,NA,NA,NA,NA,NA,NA,NA,NA,NA
161.522,4.4274,20.7538,8.0309,36.5716,55510.8240,111.5383,NA,NA,NA,NA,NA,NA,NA,NA,NA,NA
161.633,4.4279,20.7673,8.0239,36.4537,27264.6260,3.8989,NA,NA,NA,NA,NA,NA,NA,NA,NA,NA
161.716,4.4279,20.7673,8.0127,36.2631,30421.8900,15.9304,NA,NA,NA,NA,NA,NA,NA,NA,NA,NA
161.815,4.4545,21.4927,8.0041,36.1156,30421.8900,15.9304,NA,NA,NA,NA,NA,NA,NA,NA,NA,NA
161.906,4.4545,21.4927,8.0045,36.1226,22827.3940,-13.0104,NA,NA,NA,NA,NA,NA,NA,NA,NA,NA
162.009,4.4425,21.1661,8.0045,36.1226,24441.4260,-6.8597,NA,NA,NA,NA,NA,NA,NA,NA,NA,NA
162.105,4.4425,21.1661,7.9903,35.8815,44999.5120,71.4822,NA,NA,NA,NA,NA,NA,NA,NA,NA,NA
162.210,4.4328,20.9008,7.9801,35.7082,48779.2640,85.8859,NA,NA,NA,NA,NA,NA,NA,NA,NA,NA
162.302,4.4234,20.6448,7.9772,35.6584,52597.4440,100.4361,NA,NA,NA,NA,NA,NA,NA,NA,NA,NA
162.396,4.4050,20.1443,7.9623,35.4046,56340.9000,114.7015,NA,NA,NA,NA,NA,NA,NA,NA,NA,NA
162.500,4.4090,20.2522,7.9554,35.2887,56340.9000,114.7015,NA,NA,NA,NA,NA,NA,NA,NA,NA,NA
162.594,4.4090,20.2522,7.9525,35.2390,28176.6080,7.3742,NA,NA,NA,NA,NA,NA,NA,NA,NA,NA
162.815,4.4390,21.0702,7.9486,35.1716,31300.4680,19.2785,NA,NA,NA,NA,NA,NA,NA,NA,NA,NA
162.819,4.4390,21.0702,7.9461,35.1299,31300.4680,19.2785,NA,NA,NA,NA,NA,NA,NA,NA,NA,NA
162.887,4.4374,21.0274,7.9443,35.0994,23292.1660,-11.2392,NA,NA,NA,NA,NA,NA,NA,NA,NA,NA
162.987,4.4219,20.6058,7.9370,34.9751,24907.2380,-5.0846,NA,NA,NA,NA,NA,NA,NA,NA,NA,NA
163.083,4.4168,20.4644,7.9351,34.9424,45917.8880,74.9819,NA,NA,NA,NA,NA,NA,NA,NA,NA,NA
163.195,4.3603,18.9253,7.9351,34.9424,49712.5440,89.4424,NA,NA,NA,NA,NA,NA,NA,NA,NA,NA
163.293,4.3570,18.8352,7.9233,34.7417,49712.5440,89.4424,NA,NA,NA,NA,NA,NA,NA,NA,NA,NA
163.412,4.3651,19.0546,7.9143,34.5884,32353.1520,23.2900,NA,NA,NA,NA,NA,NA,NA,NA,NA,NA
163.486,4.3805,19.4749,7.9114,34.5393,32353.1520,23.2900,NA,NA,NA,NA,NA,NA,NA,NA,NA,NA
163.587,4.3805,19.4749,7.9097,34.5106,23526.5080,-10.3462,NA,NA,NA,NA,NA,NA,NA,NA,NA,NA
163.678,4.3829,19.5396,7.9055,34.4398,24904.2040,-5.0961,NA,NA,NA,NA,NA,NA,NA,NA,NA,NA
163.778,4.3829,19.5396,7.9032,34.4007,44572.3920,69.8546,NA,NA,NA,NA,NA,NA,NA,NA,NA,NA
163.876,4.3566,18.8247,7.8999,34.3443,48868.0760,86.2244,NA,NA,NA,NA,NA,NA,NA,NA,NA,NA
163.994,4.3566,18.8247,7.8929,34.2254,54735.5600,108.5839,NA,NA,NA,NA,NA,NA,NA,NA,NA,NA
164.075,4.3501,18.6470,7.8830,34.0575,54735.5600,108.5839,NA,NA,NA,NA,NA,NA,NA,NA,NA,NA
164.174,4.3464,18.5457,7.8772,33.9576,26878.1840,2.4262,193198.7840,0.0000,NA,NA,NA,NA,NA,NA,NA,NA
164.274,4.3455,18.5218,7.8725,33.8778,56378.6640,114.8454,NA,NA,NA,NA,NA,NA,NA,NA,NA,NA
164.369,4.3437,18.4710,7.8601,33.6666,56378.6640,114.8454,NA,NA,NA,NA,NA,NA,NA,NA,NA,NA
164.467,4.3384,18.3259,7.8579,33.6303,26007.3320,-0.8924,NA,NA,NA,NA,NA,NA,NA,NA,NA,NA
164.562,4.3225,17.8949,7.8579,33.6303,28162.2960,7.3197,NA,NA,NA,NA,NA,NA,NA,NA,NA,NA
164.661,4.3095,17.5385,7.8521,33.5318,30666.1160,16.8611,NA,NA,NA,NA,NA,NA,NA,NA,NA,NA
164.757,4.3209,17.8511,7.8515,33.5211,30666.1160,16.8611,NA,NA,NA,NA,NA,NA,NA,NA,NA,NA
164.868,4.3284,18.0556,7.8512,33.5167,23387.4440,-10.8761,NA,NA,NA,NA,NA,NA,NA,NA,NA,NA
164.955,4.3284,18.0556,7.8473,33.4502,25427.2880,-3.1028,NA,NA,NA,NA,NA,NA,NA,NA,NA,NA
165.048,4.3082,17.5028,7.8437,33.3879,47370.2640,80.5166,NA,NA,NA,NA,NA,NA,NA,NA,NA,NA
165.187,4.3082,17.5028,7.8397,33.3201,52373.4120,99.5823,NA,NA,NA,NA,NA,NA,NA,NA,NA,NA
165.247,4.2843,16.8508,7.8354,33.2476,56842.0960,116.6114,NA,NA,NA,NA,NA,NA,NA,NA,NA,NA
165.349,4.2843,16.8508,7.8297,33.1501,56842.0960,116.6114,NA,NA,NA,NA,NA,NA,NA,NA,NA,NA
165.461,4.2708,16.4846,7.8201,32.9878,26733.8520,1.8762,NA,NA,NA,NA,NA,NA,NA,NA,NA,NA
165.558,4.2813,16.7711,7.8140,32.8835,26733.8520,1.8762,NA,NA,NA,NA,NA,NA,NA,NA,NA,NA
165.650,4.2829,16.8145,7.8126,32.8598,26330.1640,0.3379,NA,NA,NA,NA,NA,NA,NA,NA,NA,NA
165.750,4.2925,17.0744,7.8093,32.8037,48331.2160,84.1785,NA,NA,NA,NA,NA,NA,NA,NA,NA,NA
165.842,4.2925,17.0744,7.8077,32.7761,52639.2400,100.5953,NA,NA,NA,NA,NA,NA,NA,NA,NA,NA
165.947,4.2909,17.0316,7.8015,32.6715,56805.9400,116.4736,NA,NA,NA,NA,NA,NA,NA,NA,NA,NA
166.043,4.2622,16.2477,7.7977,32.6056,56805.9400,116.4736,NA,NA,NA,NA,NA,NA,NA,NA,NA,NA
166.142,4.2622,16.2477,7.7957,32.5723,26525.3160,1.0815,NA,NA,NA,NA,NA,NA,NA,NA,NA,NA
166.237,4.2573,16.1158,7.7818,32.3359,29773.8460,13.4609,NA,NA,NA,NA,NA,NA,NA,NA,NA,NA
166.369,4.2689,16.4310,7.7744,32.2092,29773.8460,13.4609,NA,NA,NA,NA,NA,NA,NA,NA,NA,NA
166.443,4.2872,16.9311,7.7724,32.1751,22817.7060,-13.0473,NA,NA,NA,NA,NA,NA,NA,NA,NA,NA
166.528,4.2872,16.9311,7.7697,32.1301,24493.2460,-6.6622,NA,NA,NA,NA,NA,NA,NA,NA,NA,NA
166.629,4.2735,16.5560,7.7684,32.1071,44741.1680,70.4977,NA,NA,NA,NA,NA,NA,NA,NA,NA,NA
166.726,4.2688,16.4301,7.7635,32.0239,49110.8240,87.1494,NA,NA,NA,NA,NA,NA,NA,NA,NA,NA
166.835,4.2574,16.1183,7.7579,31.9286,53547.3800,104.0560,NA,NA,NA,NA,NA,NA,NA,NA,NA,NA
166.996,4.2475,15.8470,7.7565,31.9054,57780.2040,120.1863,NA,NA,NA,NA,NA,NA,NA,NA,NA,NA
167.036,4.2471,15.8367,7.7513,31.8178,57780.2040,120.1863,NA,NA,NA,NA,NA,NA,NA,NA,NA,NA
167.117,4.2452,15.7863,7.7509,31.8111,27308.0220,4.0642,NA,NA,NA,NA,NA,NA,NA,NA,NA,NA
167.222,4.2479,15.8597,7.7471,31.7465,30838.6500,17.5186,NA,NA,NA,NA,NA,NA,NA,NA,NA,NA
167.313,4.2534,16.0080,7.7480,31.7613,30838.6500,17.5186,NA,NA,NA,NA,NA,NA,NA,NA,NA,NA
167.412,4.2534,16.0080,7.7480,31.7613,23267.4860,-11.3333,NA,NA,NA,NA,NA,NA,NA,NA,NA,NA
167.558,4.2416,15.6869,7.7469,31.7429,24966.6220,-4.8583,NA,NA,NA,NA,NA,NA,NA,NA,NA,NA
167.607,4.2392,15.6207,7.7416,31.6524,45807.9920,74.5631,NA,NA,NA,NA,NA,NA,NA,NA,NA,NA
167.708,4.2379,15.5855,7.7416,31.6524,50204.7880,91.3182,NA,NA,NA,NA,NA,NA,NA,NA,NA,NA
167.806,4.2258,15.2562,7.7374,31.5808,54520.5680,107.7646,NA,NA,NA,NA,NA,NA,NA,NA,NA,NA
167.912,4.2223,15.1608,7.7341,31.5241,54520.5680,107.7646,NA,NA,NA,NA,NA,NA,NA,NA,NA,NA
167.999,4.2112,14.8575,7.7265,31.3957,24886.6080,-5.1632,NA,NA,NA,NA,NA,NA,NA,NA,NA,NA
168.098,4.2112,14.8575,7.7241,31.3545,27724.0700,5.6497,NA,NA,NA,NA,NA,NA,NA,NA,NA,NA
168.199,4.2118,14.8751,7.7241,31.3545,31522.2660,20.1237,NA,NA,NA,NA,NA,NA,NA,NA,NA,NA
168.297,4.2218,15.1462,7.7170,31.2346,31522.2660,20.1237,NA,NA,NA,NA,NA,NA,NA,NA,NA,NA
168.396,4.2243,15.2151,7.7098,31.1106,23717.8700,-9.6170,NA,NA,NA,NA,NA,NA,NA,NA,NA,NA
168.494,4.2243,15.2151,7.7091,31.0988,25477.0700,-2.9131,NA,NA,NA,NA,NA,NA,NA,NA,NA,NA
168.597,4.1868,14.1933,7.7051,31.0309,46848.7600,78.5292,NA,NA,NA,NA,NA,NA,NA,NA,NA,NA
168.700,4.1868,14.1933,7.7010,30.9616,46848.7600,78.5292,NA,NA,NA,NA,NA,NA,NA,NA,NA,NA
168.791,4.1702,13.7387,7.7017,30.9731,30103.4640,14.7170,NA,NA,NA,NA,NA,NA,NA,NA,NA,NA
168.898,4.1709,13.7593,7.7029,30.9938,30103.4640,14.7170,NA,NA,NA,NA,NA,NA,NA,NA,NA,NA
168.987,4.1855,14.1581,7.7029,30.9938,22412.7900,-14.5903,NA,NA,NA,NA,NA,NA,NA,NA,NA,NA
169.091,4.1913,14.3159,7.6994,30.9350,23920.4420,-8.8450,NA,NA,NA,NA,NA,NA,NA,NA,NA,NA
169.185,4.1913,14.3159,7.6988,30.9249,25544.8720,-2.6547,NA,NA,NA,NA,NA,NA,NA,NA,NA,NA
169.286,4.1734,13.8260,7.6954,30.8669,46620.4400,77.6592,NA,NA,NA,NA,NA,NA,NA,NA,NA,NA
169.403,4.1734,13.8260,7.6944,30.8498,49841.8240,89.9351,NA,NA,NA,NA,NA,NA,NA,NA,NA,NA
169.474,4.1577,13.4001,7.6924,30.8159,54364.0240,107.1681,NA,NA,NA,NA,NA,NA,NA,NA,NA,NA
169.577,4.1533,13.2789,7.6868,30.7208,54364.0240,107.1681,NA,NA,NA,NA,NA,NA,NA,NA,NA,NA
169.677,4.1535,13.2850,7.6837,30.6680,27848.1240,6.1224,194963.5360,0.0000,NA,NA,NA,NA,NA,NA,NA,NA
169.773,4.1586,13.4234,7.6837,30.6678,57583.6080,119.4371,NA,NA,NA,NA,NA,NA,NA,NA,NA,NA
169.877,4.1586,13.4234,7.6819,30.6377,57583.6080,119.4371,NA,NA,NA,NA,NA,NA,NA,NA,NA,NA
169.989,4.1560,13.3531,7.6819,30.6377,26701.1940,1.7518,NA,NA,NA,NA,NA,NA,NA,NA,NA,NA
170.072,4.1516,13.2321,7.6820,30.6392,29281.0760,11.5831,NA,NA,NA,NA,NA,NA,NA,NA,NA,NA
170.166,4.1789,13.9767,7.6836,30.6665,29281.0760,11.5831,NA,NA,NA,NA,NA,NA,NA,NA,NA,NA
170.266,4.1866,14.1861,7.6836,30.6665,21776.2340,-17.0161,NA,NA,NA,NA,NA,NA,NA,NA,NA,NA
170.366,4.1869,14.1944,7.6823,30.6445,23316.5980,-11.1461,NA,NA,NA,NA,NA,NA,NA,NA,NA,NA
170.470,4.1869,14.1944,7.6783,30.5754,25502.4840,-2.8162,NA,NA,NA,NA,NA,NA,NA,NA,NA,NA
170.609,4.1725,13.8017,7.6687,30.4120,47124.3920,79.5796,NA,NA,NA,NA,NA,NA,NA,NA,NA,NA
170.666,4.1576,13.3955,7.6551,30.1811,47124.3920,79.5796,NA,NA,NA,NA,NA,NA,NA,NA,NA,NA
170.760,4.1492,13.1670,7.6467,30.0378,29333.6220,11.7833,NA,NA,NA,NA,NA,NA,NA,NA,NA,NA
170.859,4.1466,13.0954,7.6424,29.9648,29333.6220,11.7833,NA,NA,NA,NA,NA,NA,NA,NA,NA,NA
170.959,4.1740,13.8437,7.6279,29.7191,22903.1380,-12.7217,NA,NA,NA,NA,NA,NA,NA,NA,NA,NA
171.062,4.1740,13.8437,7.6213,29.6059,24615.8120,-6.1951,NA,NA,NA,NA,NA,NA,NA,NA,NA,NA
171.170,4.1704,13.7459,7.6128,29.4617,45874.4280,74.8163,NA,NA,NA,NA,NA,NA,NA,NA,NA,NA
171.253,4.1232,12.4570,7.6015,29.2705,49275.1040,87.7754,NA,NA,NA,NA,NA,NA,NA,NA,NA,NA
171.353,4.1289,12.6134,7.5886,29.0505,53783.9240,104.9575,NA,NA,NA,NA,NA,NA,NA,NA,NA,NA
171.449,4.1294,12.6260,7.5886,29.0505,58655.1160,123.5204,NA,NA,NA,NA,NA,NA,NA,NA,NA,NA
171.552,4.1294,12.6260,7.5709,28.7492,58655.1160,123.5204,NA,NA,NA,NA,NA,NA,NA,NA,NA,NA
171.653,4.1151,12.2376,7.5620,28.5981,27220.7120,3.7315,NA,NA,NA,NA,NA,NA,NA,NA,NA,NA
171.768,4.1328,12.7198,7.5566,28.5068,29700.7580,13.1824,NA,NA,NA,NA,NA,NA,NA,NA,NA,NA
171.839,4.1362,12.8110,7.5566,28.5068,29700.7580,13.1824,NA,NA,NA,NA,NA,NA,NA,NA,NA,NA
171.943,4.1512,13.2202,7.5479,28.3586,23354.5860,-11.0014,NA,NA,NA,NA,NA,NA,NA,NA,NA,NA
172.037,4.1512,13.2202,7.5467,28.3379,25023.4820,-4.6416,NA,NA,NA,NA,NA,NA,NA,NA,NA,NA
172.133,4.1485,13.1479,7.5426,28.2688,46927.9600,78.8310,NA,NA,NA,NA,NA,NA,NA,NA,NA,NA
172.239,4.1367,12.8253,7.5390,28.2076,50164.1200,91.1633,NA,NA,NA,NA,NA,NA,NA,NA,NA,NA
172.387,4.1210,12.3982,7.5322,28.0904,54782.3840,108.7623,NA,NA,NA,NA,NA,NA,NA,NA,NA,NA
172.430,4.1156,12.2511,7.5278,28.0165,54782.3840,108.7623,NA,NA,NA,NA,NA,NA,NA,NA,NA,NA
172.524,4.1011,11.8545,7.5227,27.9302,25274.4620,-3.6852,NA,NA,NA,NA,NA,NA,NA,NA,NA,NA
172.626,4.0966,11.7315,7.5205,27.8923,27371.8740,4.3076,NA,NA,NA,NA,NA,NA,NA,NA,NA,NA
172.731,4.1383,12.8696,7.5193,27.8724,30473.3360,16.1265,NA,NA,NA,NA,NA,NA,NA,NA,NA,NA
172.820,4.1383,12.8696,7.5164,27.8231,30473.3360,16.1265,NA,NA,NA,NA,NA,NA,NA,NA,NA,NA
172.915,4.1440,13.0251,7.5164,27.8231,23847.9260,-9.1214,NA,NA,NA,NA,NA,NA,NA,NA,NA,NA
173.024,4.1440,13.0251,7.5149,27.7969,25459.7980,-2.9789,NA,NA,NA,NA,NA,NA,NA,NA,NA,NA
173.117,4.1242,12.4845,7.5173,27.8370,47605.2880,81.4122,NA,NA,NA,NA,NA,NA,NA,NA,NA,NA
173.225,4.1133,12.1879,7.5173,27.8370,51148.9920,94.9164,NA,NA,NA,NA,NA,NA,NA,NA,NA,NA
173.308,4.1006,11.8426,7.5144,27.7885,55878.1480,112.9380,NA,NA,NA,NA,NA,NA,NA,NA,NA,NA
173.406,4.0976,11.7586,7.5060,27.6458,55878.1480,112.9380,NA,NA,NA,NA,NA,NA,NA,NA,NA,NA
173.517,4.0831,11.3647,7.5030,27.5949,25805.6900,-1.6608,NA,NA,NA,NA,NA,NA,NA,NA,NA,NA
173.637,4.0831,11.3647,7.5002,27.5473,25805.6900,-1.6608,NA,NA,NA,NA,NA,NA,NA,NA,NA,NA
173.711,4.0820,11.3350,7.4961,27.4778,26191.2640,-0.1915,NA,NA,NA,NA,NA,NA,NA,NA,NA,NA
173.815,4.0746,11.1330,7.4906,27.3833,47860.2400,82.3837,NA,NA,NA,NA,NA,NA,NA,NA,NA,NA
173.907,4.0746,11.1330,7.4906,27.3833,51298.9120,95.4877,NA,NA,NA,NA,NA,NA,NA,NA,NA,NA
174.002,4.0675,10.9395,7.4897,27.3678,54671.3160,108.3391,NA,NA,NA,NA,NA,NA,NA,NA,NA,NA
174.100,4.0675,10.9395,7.4880,27.3402,54671.3160,108.3391,NA,NA,NA,NA,NA,NA,NA,NA,NA,NA
174.200,4.0660,10.8972,7.4860,27.3054,27623.5460,5.2666,197577.6800,0.0000,NA,NA,NA,NA,NA,NA,NA,NA
174.309,4.0519,10.5142,7.4852,27.2927,56004.7680,113.4206,NA,NA,NA,NA,NA,NA,NA,NA,NA,NA
174.395,4.0438,10.2927,7.4808,27.2165,56004.7680,113.4206,NA,NA,NA,NA,NA,NA,NA,NA,NA,NA
174.498,4.0429,10.2685,7.4748,27.1156,26692.7680,1.7196,194537.8240,0.0000,NA,NA,NA,NA,NA,NA,NA,NA
174.606,4.0336,10.0138,7.4743,27.1070,56086.7200,113.7329,NA,NA,NA,NA,NA,NA,NA,NA,NA,NA
174.687,4.0336,10.0138,7.4572,26.8165,56086.7200,113.7329,NA,NA,NA,NA,NA,NA,NA,NA,NA,NA
174.800,4.0322,9.9755,7.4551,26.7798,25813.8140,-1.6298,NA,NA,NA,NA,NA,NA,NA,NA,NA,NA
174.902,4.0409,10.2129,7.4555,26.7870,25813.8140,-1.6298,NA,NA,NA,NA,NA,NA,NA,NA,NA,NA
175.023,4.0409,10.2129,7.4555,26.7870,25731.8140,-1.9423,NA,NA,NA,NA,NA,NA,NA,NA,NA,NA
175.100,4.0399,10.1862,7.4507,26.7044,47122.1680,79.5711,NA,NA,NA,NA,NA,NA,NA,NA,NA,NA
175.206,4.0331,10.0010,7.4416,26.5510,51339.0360,95.6406,NA,NA,NA,NA,NA,NA,NA,NA,NA,NA
175.292,4.0331,10.0010,7.4304,26.3607,55390.7640,111.0807,NA,NA,NA,NA,NA,NA,NA,NA,NA,NA
175.418,4.0300,9.9157,7.4245,26.2588,55390.7640,111.0807,NA,NA,NA,NA,NA,NA,NA,NA,NA,NA
175.482,4.0109,9.3960,7.4231,26.2358,25825.1700,-1.5866,196193.4080,0.0000,NA,NA,NA,NA,NA,NA,NA,NA
175.589,4.0047,9.2254,7.4208,26.1964,51930.4000,97.8941,NA,NA,NA,NA,NA,NA,NA,NA,NA,NA
175.683,4.0082,9.3222,7.4208,26.1961,51930.4000,97.8941,NA,NA,NA,NA,NA,NA,NA,NA,NA,NA
175.791,4.0082,9.3222,7.4159,26.1137,26300.3480,0.2242,NA,NA,NA,NA,NA,NA,NA,NA,NA,NA
175.946,4.0024,9.1627,7.4108,26.0260,28787.3960,9.7018,197216.7840,0.0000,NA,NA,NA,NA,NA,NA,NA,NA
175.997,3.9892,8.8020,7.3981,25.8111,29890.1660,13.9042,NA,NA,NA,NA,NA,NA,NA,NA,NA,NA
176.099,4.0115,9.4118,7.3947,25.7526,29890.1660,13.9042,NA,NA,NA,NA,NA,NA,NA,NA,NA,NA
176.181,4.0277,9.8542,7.3891,25.6573,23431.3220,-10.7089,NA,NA,NA,NA,NA,NA,NA,NA,NA,NA
176.274,4.0316,9.9605,7.3837,25.5654,25015.8660,-4.6706,NA,NA,NA,NA,NA,NA,NA,NA,NA,NA
176.387,4.0316,9.9605,7.3736,25.3934,46815.3680,78.4020,NA,NA,NA,NA,NA,NA,NA,NA,NA,NA
176.479,4.0278,9.8556,7.3664,25.2715,50154.9080,91.1282,NA,NA,NA,NA,NA,NA,NA,NA,NA,NA
176.578,4.0261,9.8093,7.3579,25.1265,54920.9680,109.2905,NA,NA,NA,NA,NA,NA,NA,NA,NA,NA
176.675,4.0237,9.7438,7.3544,25.0670,54920.9680,109.2905,NA,NA,NA,NA,NA,NA,NA,NA,NA,NA
176.771,4.0175,9.5757,7.3485,24.9678,25275.9440,-3.6795,NA,NA,NA,NA,NA,NA,NA,NA,NA,NA
176.873,4.0094,9.3543,7.3410,24.8397,27371.5200,4.3062,NA,NA,NA,NA,NA,NA,NA,NA,NA,NA
176.972,4.0294,9.9008,7.3390,24.8057,30558.6900,16.4517,NA,NA,NA,NA,NA,NA,NA,NA,NA,NA
177.058,4.0364,10.0912,7.3337,24.7159,30558.6900,16.4517,NA,NA,NA,NA,NA,NA,NA,NA,NA,NA
177.183,4.0378,10.1289,7.3304,24.6588,23873.0900,-9.0255,NA,NA,NA,NA,NA,NA,NA,NA,NA,NA
177.258,4.0378,10.1289,7.3247,24.5619,25452.0980,-3.0082,NA,NA,NA,NA,NA,NA,NA,NA,NA,NA
177.356,4.0223,9.7062,7.3210,24.4998,47584.8000,81.3341,NA,NA,NA,NA,NA,NA,NA,NA,NA,NA
177.459,3.9964,8.9993,7.3179,24.4476,51265.0600,95.3587,NA,NA,NA,NA,NA,NA,NA,NA,NA,NA
177.560,3.9969,9.0116,7.3149,24.3954,56046.9880,113.5814,NA,NA,NA,NA,NA,NA,NA,NA,NA,NA
177.649,3.9969,9.0116,7.3149,24.3954,56046.9880,113.5814,NA,NA,NA,NA,NA,NA,NA,NA,NA,NA
177.773,3.9962,8.9927,7.3097,24.3065,25812.7980,-1.6337,NA,NA,NA,NA,NA,NA,NA,NA,NA,NA
177.850,3.9952,8.9664,7.3030,24.1930,28004.4260,6.7181,NA,NA,NA,NA,NA,NA,NA,NA,NA,NA
177.942,4.0085,9.3306,7.2971,24.0938,28004.4260,6.7181,NA,NA,NA,NA,NA,NA,NA,NA,NA,NA
178.047,4.0224,9.7073,7.2971,24.0938,22317.3880,-14.9539,NA,NA,NA,NA,NA,NA,NA,NA,NA,NA
178.143,4.0280,9.8606,7.2926,24.0172,23998.2660,-8.5484,NA,NA,NA,NA,NA,NA,NA,NA,NA,NA
178.235,4.0280,9.8606,7.2877,23.9337,25856.0840,-1.4687,NA,NA,NA,NA,NA,NA,NA,NA,NA,NA
178.336,4.0112,9.4025,7.2831,23.8546,48210.2880,83.7177,NA,NA,NA,NA,NA,NA,NA,NA,NA,NA
178.434,4.0066,9.2783,7.2813,23.8251,52402.1720,99.6919,NA,NA,NA,NA,NA,NA,NA,NA,NA,NA
178.534,4.0066,9.2783,7.2752,23.7208,57105.1560,117.6139,NA,NA,NA,NA,NA,NA,NA,NA,NA,NA
178.636,3.9955,8.9741,7.2689,23.6127,57105.1560,117.6139,NA,NA,NA,NA,NA,NA,NA,NA,NA,NA
178.742,4.0059,9.2573,7.2593,23.4504,26088.9200,-0.5815,NA,NA,NA,NA,NA,NA,NA,NA,NA,NA
178.841,4.0059,9.2573,7.2593,23.4504,24824.3300,-5.4005,NA,NA,NA,NA,NA,NA,NA,NA,NA,NA
178.941,3.9877,8.7623,7.2589,23.4439,44917.9760,71.1715,NA,NA,NA,NA,NA,NA,NA,NA,NA,NA
179.035,3.9877,8.7623,7.2555,23.3865,48487.1920,84.7729,NA,NA,NA,NA,NA,NA,NA,NA,NA,NA
179.134,3.9733,8.3696,7.2494,23.2817,51953.5520,97.9824,NA,NA,NA,NA,NA,NA,NA,NA,NA,NA
179.227,3.9538,7.8374,7.2457,23.2189,55369.8880,111.0012,NA,NA,NA,NA,NA,NA,NA,NA,NA,NA
179.337,3.9538,7.8374,7.2435,23.1816,55369.8880,111.0012,NA,NA,NA,NA,NA,NA,NA,NA,NA,NA
179.420,3.9540,7.8434,7.2337,23.0142,28552.3300,8.8060,NA,NA,NA,NA,NA,NA,NA,NA,NA,NA
179.553,3.9750,8.4166,7.2299,22.9503,31513.8160,20.0915,NA,NA,NA,NA,NA,NA,NA,NA,NA,NA
179.620,3.9781,8.4995,7.2287,22.9305,31513.8160,20.0915,NA,NA,NA,NA,NA,NA,NA,NA,NA,NA
179.711,3.9781,8.4995,7.2249,22.8651,23274.3720,-11.3070,NA,NA,NA,NA,NA,NA,NA,NA,NA,NA
179.816,3.9821,8.6103,7.2248,22.8639,24961.5920,-4.8774,NA,NA,NA,NA,NA,NA,NA,NA,NA,NA
179.917,3.9821,8.6103,7.2215,22.8069,45715.7200,74.2115,NA,NA,NA,NA,NA,NA,NA,NA,NA,NA
180.009,3.9680,8.2244,7.2094,22.6017,49326.2200,87.9702,NA,NA,NA,NA,NA,NA,NA,NA,NA,NA
180.110,3.9520,7.7880,7.2063,22.5482,52753.2240,101.0297,NA,NA,NA,NA,NA,NA,NA,NA,NA,NA
180.212,3.9478,7.6730,7.2038,22.5062,52753.2240,101.0297,NA,NA,NA,NA,NA,NA,NA,NA,NA,NA
180.304,3.9412,7.4932,7.2010,22.4592,25901.8860,-1.2942,NA,NA,NA,NA,NA,NA,NA,NA,NA,NA
180.406,3.9412,7.4932,7.1984,22.4150,28929.2320,10.2423,NA,NA,NA,NA,NA,NA,NA,NA,NA,NA
180.499,3.9665,8.1832,7.1972,22.3938,32126.6620,22.4269,NA,NA,NA,NA,NA,NA,NA,NA,NA,NA
180.611,3.9706,8.2952,7.1972,22.3938,32126.6620,22.4269,NA,NA,NA,NA,NA,NA,NA,NA,NA,NA
180.694,3.9706,8.2952,7.1939,22.3373,23717.9200,-9.6168,NA,NA,NA,NA,NA,NA,NA,NA,NA,NA
180.806,3.9555,7.8847,7.1838,22.1671,25432.9240,-3.0813,NA,NA,NA,NA,NA,NA,NA,NA,NA,NA
180.896,3.9238,7.0201,7.1810,22.1192,46589.1040,77.5397,NA,NA,NA,NA,NA,NA,NA,NA,NA,NA
180.996,3.9238,7.0201,7.1810,22.1192,50150.8240,91.1126,NA,NA,NA,NA,NA,NA,NA,NA,NA,NA
181.087,3.9174,6.8450,7.1743,22.0049,53552.3280,104.0749,NA,NA,NA,NA,NA,NA,NA,NA,NA,NA
181.190,3.9064,6.5434,7.1658,21.8600,53552.3280,104.0749,NA,NA,NA,NA,NA,NA,NA,NA,NA,NA
181.301,3.9078,6.5840,7.1658,21.8600,26730.3160,1.8627,196653.0720,0.0000,NA,NA,NA,NA,NA,NA,NA,NA
181.402,3.9097,6.6359,7.1566,21.7041,28029.4240,6.8133,NA,NA,NA,NA,NA,NA,NA,NA,NA,NA
181.490,3.9179,6.8570,7.1578,21.7241,30347.0360,15.6452,NA,NA,NA,NA,NA,NA,NA,NA,NA,NA
181.586,3.9179,6.8570,7.1578,21.7241,30347.0360,15.6452,NA,NA,NA,NA,NA,NA,NA,NA,NA,NA
181.685,3.9166,6.8230,7.1586,21.7371,23641.4180,-9.9083,NA,NA,NA,NA,NA,NA,NA,NA,NA,NA
181.784,3.9216,6.9595,7.1586,21.7371,25599.2520,-2.4475,NA,NA,NA,NA,NA,NA,NA,NA,NA,NA
181.889,3.9216,6.9595,7.1619,21.7944,47935.1360,82.6692,NA,NA,NA,NA,NA,NA,NA,NA,NA,NA
181.983,3.9173,6.8429,7.1641,21.8318,52534.8200,100.1974,NA,NA,NA,NA,NA,NA,NA,NA,NA,NA
182.080,3.9020,6.4250,7.1641,21.8318,56245.6840,114.3386,NA,NA,NA,NA,NA,NA,NA,NA,NA,NA
182.173,3.8928,6.1729,7.1629,21.8102,56245.6840,114.3386,NA,NA,NA,NA,NA,NA,NA,NA,NA,NA
182.270,3.8850,5.9607,7.1627,21.8078,26542.4320,1.1468,NA,NA,NA,NA,NA,NA,NA,NA,NA,NA
182.373,3.8804,5.8343,7.1627,21.8078,28630.1680,9.1026,NA,NA,NA,NA,NA,NA,NA,NA,NA,NA
182.472,3.9090,6.6143,7.1574,21.7176,28630.1680,9.1026,NA,NA,NA,NA,NA,NA,NA,NA,NA,NA
182.567,3.9256,7.0679,7.1548,21.6727,21923.9720,-16.4531,NA,NA,NA,NA,NA,NA,NA,NA,NA,NA
182.665,3.9293,7.1699,7.1538,21.6567,23849.7400,-9.1144,NA,NA,NA,NA,NA,NA,NA,NA,NA,NA
182.767,3.9293,7.1699,7.1464,21.5298,26136.7720,-0.3991,NA,NA,NA,NA,NA,NA,NA,NA,NA,NA
182.859,3.9246,7.0421,7.1414,21.4450,49042.9280,86.8907,NA,NA,NA,NA,NA,NA,NA,NA,NA,NA
182.962,3.8877,6.0335,7.1366,21.3629,53530.0000,103.9898,NA,NA,NA,NA,NA,NA,NA,NA,NA,NA
183.058,3.8888,6.0648,7.1345,21.3279,57206.1440,117.9987,NA,NA,NA,NA,NA,NA,NA,NA,NA,NA
183.201,3.8888,6.0648,7.1288,21.2309,57206.1440,117.9987,NA,NA,NA,NA,NA,NA,NA,NA,NA,NA
183.250,3.8875,6.0305,7.1213,21.1039,27165.5400,3.5213,NA,NA,NA,NA,NA,NA,NA,NA,NA,NA
183.349,3.8819,5.8757,7.1180,21.0465,29149.3480,11.0811,NA,NA,NA,NA,NA,NA,NA,NA,NA,NA
183.448,3.8908,6.1192,7.1247,21.1611,29149.3480,11.0811,NA,NA,NA,NA,NA,NA,NA,NA,NA,NA
183.552,3.8908,6.1192,7.1247,21.1611,22375.2980,-14.7332,NA,NA,NA,NA,NA,NA,NA,NA,NA,NA
183.655,3.8905,6.1100,7.1168,21.0272,53975.6000,105.6879,NA,NA,NA,NA,NA,NA,NA,NA,NA,NA
183.753,3.8686,5.5129,7.1168,21.0272,57704.4080,119.8975,NA,NA,NA,NA,NA,NA,NA,NA,NA,NA
183.852,3.8740,5.6605,7.1101,20.9125,57704.4080,119.8975,NA,NA,NA,NA,NA,NA,NA,NA,NA,NA
183.952,3.8775,5.7555,7.1101,20.9125,27584.1160,5.1164,NA,NA,NA,NA,NA,NA,NA,NA,NA,NA
184.047,3.8775,5.7555,7.1036,20.8031,31038.0120,18.2783,NA,NA,NA,NA,NA,NA,NA,NA,NA,NA
184.143,3.8877,6.0334,7.0962,20.6761,31038.0120,18.2783,NA,NA,NA,NA,NA,NA,NA,NA,NA,NA
184.239,3.8990,6.3423,7.0962,20.6761,23325.2760,-11.1130,NA,NA,NA,NA,NA,NA,NA,NA,NA,NA
184.392,3.9027,6.4435,7.0957,20.6676,25055.0300,-4.5214,NA,NA,NA,NA,NA,NA,NA,NA,NA,NA
184.436,3.9027,6.4435,7.0939,20.6378,46013.9600,75.3480,NA,NA,NA,NA,NA,NA,NA,NA,NA,NA
184.532,3.8995,6.3559,7.0939,20.6378,50302.9040,91.6921,NA,NA,NA,NA,NA,NA,NA,NA,NA,NA
184.631,3.8953,6.2411,7.0915,20.5973,54348.4280,107.1086,NA,NA,NA,NA,NA,NA,NA,NA,NA,NA
184.737,3.8757,5.7074,7.0915,20.5973,54348.4280,107.1086,NA,NA,NA,NA,NA,NA,NA,NA,NA,NA
184.829,3.8738,5.6565,7.0913,20.5930,25066.5220,-4.4776,NA,NA,NA,NA,NA,NA,NA,NA,NA,NA
184.933,3.8743,5.6682,7.0930,20.6224,28036.0980,6.8388,NA,NA,NA,NA,NA,NA,NA,NA,NA,NA
185.026,3.8877,6.0345,7.0930,20.6224,31855.1520,21.3922,NA,NA,NA,NA,NA,NA,NA,NA,NA,NA
185.129,3.8938,6.2014,7.0910,20.5875,31855.1520,21.3922,NA,NA,NA,NA,NA,NA,NA,NA,NA,NA
185.239,3.9045,6.4940,7.0899,20.5703,23794.6780,-9.3243,NA,NA,NA,NA,NA,NA,NA,NA,NA,NA
185.315,3.9045,6.4940,7.0909,20.5858,25514.8680,-2.7690,NA,NA,NA,NA,NA,NA,NA,NA,NA,NA
185.425,3.8789,5.7937,7.0909,20.5858,47158.2320,79.7086,NA,NA,NA,NA,NA,NA,NA,NA,NA,NA
185.514,3.8789,5.7937,7.0901,20.5736,51326.7360,95.5937,NA,NA,NA,NA,NA,NA,NA,NA,NA,NA
185.667,3.8642,5.3941,7.0886,20.5471,55217.1200,110.4190,NA,NA,NA,NA,NA,NA,NA,NA,NA,NA
185.713,3.8610,5.3059,7.0886,20.5471,55217.1200,110.4190,NA,NA,NA,NA,NA,NA,NA,NA,NA,NA
185.816,3.8583,5.2324,7.0817,20.4302,25758.4020,-1.8410,196621.7600,0.0000,NA,NA,NA,NA,NA,NA,NA,NA
185.907,3.8597,5.2714,7.0798,20.3974,51783.4160,97.3340,NA,NA,NA,NA,NA,NA,NA,NA,NA,NA
186.012,3.8597,5.2714,7.0792,20.3874,NA,NA,NA,NA,NA,NA,NA,NA,NA,NA,NA,NA
186.164,3.8619,5.3320,7.0791,20.3864,NA,NA,NA,NA,NA,NA,NA,NA,NA,NA,NA,NA
186.211,3.8619,5.3320,7.0776,20.3608,29690.4440,13.1431,NA,NA,NA,NA,NA,NA,NA,NA,NA,NA
186.316,3.8718,5.6012,7.0734,20.2891,30355.1480,15.6761,NA,NA,NA,NA,NA,NA,NA,NA,NA,NA
186.409,3.8815,5.8654,7.0710,20.2478,30355.1480,15.6761,NA,NA,NA,NA,NA,NA,NA,NA,NA,NA
186.504,3.8815,5.8654,7.0710,20.2478,23354.0640,-11.0033,NA,NA,NA,NA,NA,NA,NA,NA,NA,NA
186.602,3.8806,5.8400,7.0705,20.2402,24958.0320,-4.8910,NA,NA,NA,NA,NA,NA,NA,NA,NA,NA
186.706,3.8806,5.8400,7.0705,20.2402,46711.3720,78.0057,NA,NA,NA,NA,NA,NA,NA,NA,NA,NA
186.827,3.8682,5.5028,7.0725,20.2733,50020.9440,90.6177,NA,NA,NA,NA,NA,NA,NA,NA,NA,NA
186.898,3.8632,5.3665,7.0725,20.2733,54734.9200,108.5815,NA,NA,NA,NA,NA,NA,NA,NA,NA,NA
186.997,3.8543,5.1226,7.0741,20.3011,54734.9200,108.5815,NA,NA,NA,NA,NA,NA,NA,NA,NA,NA
187.090,3.8581,5.2286,7.0761,20.3351,25274.2920,-3.6858,NA,NA,NA,NA,NA,NA,NA,NA,NA,NA
187.188,3.8581,5.2286,7.0776,20.3597,27326.7440,4.1356,NA,NA,NA,NA,NA,NA,NA,NA,NA,NA
187.288,3.8632,5.3664,7.0826,20.4446,30457.8100,16.0673,NA,NA,NA,NA,NA,NA,NA,NA,NA,NA
187.419,3.8675,5.4829,7.0860,20.5031,30457.8100,16.0673,NA,NA,NA,NA,NA,NA,NA,NA,NA,NA
187.497,3.8675,5.4829,7.0860,20.5031,23788.2480,-9.3488,NA,NA,NA,NA,NA,NA,NA,NA,NA,NA
187.584,3.8608,5.3016,7.0920,20.6054,25408.0320,-3.1762,NA,NA,NA,NA,NA,NA,NA,NA,NA,NA
187.692,3.8504,5.0168,7.0959,20.6723,47605.6880,81.4137,NA,NA,NA,NA,NA,NA,NA,NA,NA,NA
187.789,3.8504,5.0168,7.0959,20.6723,47605.6880,81.4137,NA,NA,NA,NA,NA,NA,NA,NA,NA,NA
187.882,3.8364,4.6355,7.0933,20.6271,30173.3560,14.9833,NA,NA,NA,NA,NA,NA,NA,NA,NA,NA
188.004,3.8423,4.7968,7.0971,20.6916,30173.3560,14.9833,NA,NA,NA,NA,NA,NA,NA,NA,NA,NA
188.105,3.8527,5.0808,7.0981,20.7089,22383.8200,-14.7007,NA,NA,NA,NA,NA,NA,NA,NA,NA,NA
188.179,3.8702,5.5580,7.0981,20.7089,23979.5200,-8.6199,NA,NA,NA,NA,NA,NA,NA,NA,NA,NA
188.277,3.8702,5.5580,7.0995,20.7335,25947.0880,-1.1220,NA,NA,NA,NA,NA,NA,NA,NA,NA,NA
188.374,3.8554,5.1535,7.1003,20.7460,47783.2840,82.0905,NA,NA,NA,NA,NA,NA,NA,NA,NA,NA
188.479,3.8543,5.1247,7.1003,20.7460,51344.1160,95.6599,NA,NA,NA,NA,NA,NA,NA,NA,NA,NA
188.582,3.8559,5.1677,7.0993,20.7296,54750.1800,108.6396,NA,NA,NA,NA,NA,NA,NA,NA,NA,NA
188.673,3.8559,5.1677,7.0931,20.6246,54750.1800,108.6396,NA,NA,NA,NA,NA,NA,NA,NA,NA,NA
188.770,3.8534,5.0991,7.0923,20.6100,27533.0400,4.9217,197626.8640,0.0000,NA,NA,NA,NA,NA,NA,NA,NA
188.878,3.8410,4.7599,7.0811,20.4193,55708.6160,112.2920,NA,NA,NA,NA,NA,NA,NA,NA,NA,NA
188.959,3.8378,4.6740,7.0801,20.4023,55708.6160,112.2920,NA,NA,NA,NA,NA,NA,NA,NA,NA,NA
189.057,3.8346,4.5867,7.0801,20.4023,26628.5900,1.4751,192404.0800,0.0000,NA,NA,NA,NA,NA,NA,NA,NA
189.184,3.8262,4.3584,7.0750,20.3162,55698.2800,112.2526,NA,NA,NA,NA,NA,NA,NA,NA,NA,NA
189.265,3.8187,4.1539,7.0709,20.2461,NA,NA,NA,NA,NA,NA,NA,NA,NA,NA,NA,NA
189.362,3.8236,4.2854,7.0705,20.2400,NA,NA,NA,NA,NA,NA,NA,NA,NA,NA,NA,NA
189.458,3.8267,4.3696,7.0727,20.2767,30394.3060,15.8253,NA,NA,NA,NA,NA,NA,NA,NA,NA,NA
189.573,3.8565,5.1847,7.0727,20.2767,31217.3020,18.9615,NA,NA,NA,NA,NA,NA,NA,NA,NA,NA
189.658,3.8691,5.5282,7.0699,20.2294,31217.3020,18.9615,NA,NA,NA,NA,NA,NA,NA,NA,NA,NA
189.792,3.8740,5.6614,7.0466,19.8331,23203.2120,-11.5782,NA,NA,NA,NA,NA,NA,NA,NA,NA,NA
189.857,3.8740,5.6614,7.0287,19.5284,24778.3740,-5.5756,NA,NA,NA,NA,NA,NA,NA,NA,NA,NA
189.954,3.8715,5.5915,7.0143,19.2830,45047.6480,71.6656,NA,NA,NA,NA,NA,NA,NA,NA,NA,NA
190.089,3.8681,5.5010,7.0033,19.0967,48648.5120,85.3877,NA,NA,NA,NA,NA,NA,NA,NA,NA,NA
190.152,3.8977,6.3086,7.0431,19.7737,52720.6800,100.9057,NA,NA,NA,NA,NA,NA,NA,NA,NA,NA
190.243,3.9639,8.1126,7.1182,21.0514,52720.6800,100.9057,NA,NA,NA,NA,NA,NA,NA,NA,NA,NA
190.354,3.9913,8.8603,7.2141,22.6813,25956.0040,-1.0880,NA,NA,NA,NA,NA,NA,NA,NA,NA,NA
190.451,4.1304,12.6533,7.3050,24.2267,25956.0040,-1.0880,NA,NA,NA,NA,NA,NA,NA,NA,NA,NA
190.554,4.1727,13.8087,7.4011,25.8623,25374.1380,-3.3053,NA,NA,NA,NA,NA,NA,NA,NA,NA,NA
190.662,4.1940,14.3882,7.4759,27.1331,46198.3160,76.0506,NA,NA,NA,NA,NA,NA,NA,NA,NA,NA
190.752,4.2137,14.9251,7.4818,27.2341,51099.1400,94.7264,NA,NA,NA,NA,NA,NA,NA,NA,NA,NA
190.850,4.2228,15.1754,7.4818,27.2341,56504.4440,115.3247,NA,NA,NA,NA,NA,NA,NA,NA,NA,NA
190.944,4.2256,15.2506,7.4749,27.1165,56504.4440,115.3247,NA,NA,NA,NA,NA,NA,NA,NA,NA,NA
191.041,4.2256,15.2506,7.4521,26.7283,26806.5760,2.1533,NA,NA,NA,NA,NA,NA,NA,NA,NA,NA
191.146,4.2163,14.9962,7.4380,26.4893,29391.7440,12.0048,NA,NA,NA,NA,NA,NA,NA,NA,NA,NA
191.230,4.2359,15.5305,7.4330,26.4037,29391.7440,12.0048,NA,NA,NA,NA,NA,NA,NA,NA,NA,NA
191.336,4.2359,15.5305,7.4614,26.8879,21980.0640,-16.2393,NA,NA,NA,NA,NA,NA,NA,NA,NA,NA
191.432,4.2109,14.8489,7.4952,27.4620,23545.5480,-10.2736,NA,NA,NA,NA,NA,NA,NA,NA,NA,NA
191.529,4.2445,15.7660,7.5842,28.9759,25640.5740,-2.2900,NA,NA,NA,NA,NA,NA,NA,NA,NA,NA
191.638,4.2639,16.2940,7.6281,29.7217,47307.8800,80.2788,NA,NA,NA,NA,NA,NA,NA,NA,NA,NA
191.730,4.3200,17.8259,7.6799,30.6023,52252.8040,99.1227,NA,NA,NA,NA,NA,NA,NA,NA,NA,NA
191.828,4.3544,18.7630,7.7691,32.1196,57756.1360,120.0946,NA,NA,NA,NA,NA,NA,NA,NA,NA,NA
191.924,4.3997,19.9992,7.8145,32.8927,57756.1360,120.0946,NA,NA,NA,NA,NA,NA,NA,NA,NA,NA
192.023,4.4183,20.5064,7.8369,33.2734,27489.7700,4.7568,NA,NA,NA,NA,NA,NA,NA,NA,NA,NA
192.117,4.4318,20.8737,7.8396,33.3185,30083.7920,14.6420,NA,NA,NA,NA,NA,NA,NA,NA,NA,NA
192.242,4.4415,21.1382,7.8396,33.3185,30083.7920,14.6420,NA,NA,NA,NA,NA,NA,NA,NA,NA,NA
192.313,4.4415,21.1382,7.8390,33.3086,22392.8300,-14.6664,NA,NA,NA,NA,NA,NA,NA,NA,NA,NA
192.426,4.4413,21.1329,7.8318,33.1857,24016.0820,-8.4805,NA,NA,NA,NA,NA,NA,NA,NA,NA,NA
192.579,4.4413,21.1329,7.8270,33.1042,43483.6880,65.7058,NA,NA,NA,NA,NA,NA,NA,NA,NA,NA
192.670,4.4371,21.0195,7.8232,33.0404,48211.9920,83.7242,NA,NA,NA,NA,NA,NA,NA,NA,NA,NA
192.705,4.4256,20.7058,7.8099,32.8129,53363.4120,103.3550,NA,NA,NA,NA,NA,NA,NA,NA,NA,NA
192.806,4.4053,20.1526,7.7990,32.6283,58912.8680,124.5026,NA,NA,NA,NA,NA,NA,NA,NA,NA,NA
192.902,4.4260,20.7153,7.8277,33.1167,58912.8680,124.5026,NA,NA,NA,NA,NA,NA,NA,NA,NA,NA
193.020,4.4548,21.5027,7.9049,34.4289,28215.8100,7.5236,NA,NA,NA,NA,NA,NA,NA,NA,NA,NA
193.095,4.5564,24.2726,7.9897,35.8721,30806.2320,17.3951,NA,NA,NA,NA,NA,NA,NA,NA,NA,NA
193.203,4.6217,26.0530,8.0323,36.5965,30806.2320,17.3951,NA,NA,NA,NA,NA,NA,NA,NA,NA,NA
193.288,4.6590,27.0707,8.0865,37.5166,22851.3460,-12.9191,NA,NA,NA,NA,NA,NA,NA,NA,NA,NA
193.390,4.6902,27.9226,8.1010,37.7643,24483.4540,-6.6995,NA,NA,NA,NA,NA,NA,NA,NA,NA,NA
193.494,4.6902,27.9226,8.1075,37.8739,44402.8240,69.2084,NA,NA,NA,NA,NA,NA,NA,NA,NA,NA
193.596,4.6567,27.0087,8.1075,37.8739,49325.5040,87.9675,NA,NA,NA,NA,NA,NA,NA,NA,NA,NA
193.702,4.6567,27.0087,8.1043,37.8196,49325.5040,87.9675,NA,NA,NA,NA,NA,NA,NA,NA,NA,NA
193.789,4.6443,26.6706,8.0947,37.6572,31239.2220,19.0451,NA,NA,NA,NA,NA,NA,NA,NA,NA,NA
193.894,4.6443,26.6706,8.0918,37.6074,31239.2220,19.0451,NA,NA,NA,NA,NA,NA,NA,NA,NA,NA
193.993,4.6272,26.2030,8.0871,37.5280,23784.8960,-9.3615,NA,NA,NA,NA,NA,NA,NA,NA,NA,NA
194.086,4.6163,25.9080,8.0797,37.4020,25518.8420,-2.7539,NA,NA,NA,NA,NA,NA,NA,NA,NA,NA
194.182,4.5889,25.1596,8.1388,38.4073,47327.1480,80.3523,NA,NA,NA,NA,NA,NA,NA,NA,NA,NA
194.279,4.5865,25.0952,8.2325,39.9995,51210.8880,95.1522,NA,NA,NA,NA,NA,NA,NA,NA,NA,NA
194.378,4.6086,25.6981,8.3540,42.0658,55926.5440,113.1225,NA,NA,NA,NA,NA,NA,NA,NA,NA,NA
194.484,4.6336,26.3788,8.5186,44.8662,55926.5440,113.1225,NA,NA,NA,NA,NA,NA,NA,NA,NA,NA
194.577,4.6474,26.7539,8.5186,44.8662,26349.7980,0.4127,NA,NA,NA,NA,NA,NA,NA,NA,NA,NA
194.676,4.6474,26.7539,8.4902,44.3830,28556.8680,8.8233,NA,NA,NA,NA,NA,NA,NA,NA,NA,NA
194.778,4.6451,26.6936,8.4746,44.1180,28556.8680,8.8233,NA,NA,NA,NA,NA,NA,NA,NA,NA,NA
194.874,4.6359,26.4401,8.4408,43.5426,22186.1520,-15.4540,NA,NA,NA,NA,NA,NA,NA,NA,NA,NA
194.969,4.6249,26.1421,8.4088,42.9976,23956.7180,-8.7068,NA,NA,NA,NA,NA,NA,NA,NA,NA,NA
195.067,4.6203,26.0159,8.3609,42.1839,25880.0900,-1.3773,NA,NA,NA,NA,NA,NA,NA,NA,NA,NA
195.213,4.6037,25.5633,8.3171,41.4393,48485.2160,84.7654,NA,NA,NA,NA,NA,NA,NA,NA,NA,NA
195.264,4.5706,24.6611,8.3043,41.2220,52275.8000,99.2104,NA,NA,NA,NA,NA,NA,NA,NA,NA,NA
195.368,4.5706,24.6611,8.3043,41.2220,57072.5480,117.4896,NA,NA,NA,NA,NA,NA,NA,NA,NA,NA
195.481,4.5645,24.4937,8.3054,41.2394,57072.5480,117.4896,NA,NA,NA,NA,NA,NA,NA,NA,NA,NA
195.564,4.5645,24.4937,8.3054,41.2394,26838.6040,2.2754,NA,NA,NA,NA,NA,NA,NA,NA,NA,NA
195.661,4.5533,24.1885,8.2721,40.6737,28888.5680,10.0873,NA,NA,NA,NA,NA,NA,NA,NA,NA,NA
195.844,4.5589,24.3408,8.2540,40.3658,28888.5680,10.0873,NA,NA,NA,NA,NA,NA,NA,NA,NA,NA
195.849,4.5589,24.3408,8.2344,40.0322,22658.8640,-13.6526,NA,NA,NA,NA,NA,NA,NA,NA,NA,NA
195.953,4.5516,24.1432,8.2045,39.5239,24614.0520,-6.2018,NA,NA,NA,NA,NA,NA,NA,NA,NA,NA
196.045,4.5296,23.5409,8.1746,39.0163,45624.5760,73.8642,NA,NA,NA,NA,NA,NA,NA,NA,NA,NA
196.139,4.4901,22.4638,8.1306,38.2675,49706.1360,89.4180,NA,NA,NA,NA,NA,NA,NA,NA,NA,NA
196.250,4.4702,21.9215,8.0702,37.2400,53441.6080,103.6530,NA,NA,NA,NA,NA,NA,NA,NA,NA,NA
196.336,4.4632,21.7303,8.0365,36.6680,58458.1280,122.7697,NA,NA,NA,NA,NA,NA,NA,NA,NA,NA
196.437,4.4549,21.5038,8.0017,36.0747,58458.1280,122.7697,NA,NA,NA,NA,NA,NA,NA,NA,NA,NA
196.538,4.4225,20.6210,7.9823,35.7462,27463.9920,4.6586,NA,NA,NA,NA,NA,NA,NA,NA,NA,NA
196.631,4.4389,21.0692,7.9712,35.5571,29555.9540,12.6306,NA,NA,NA,NA,NA,NA,NA,NA,NA,NA
196.738,4.4389,21.0692,7.9579,35.3298,29555.9540,12.6306,NA,NA,NA,NA,NA,NA,NA,NA,NA,NA
196.839,4.4052,20.1489,7.9532,35.2497,50516.0400,92.5043,NA,NA,NA,NA,NA,NA,NA,NA,NA,NA
196.958,4.3858,19.6203,7.9354,34.9479,54126.2120,106.2618,NA,NA,NA,NA,NA,NA,NA,NA,NA,NA
197.039,4.3770,19.3814,7.9354,34.9479,54126.2120,106.2618,NA,NA,NA,NA,NA,NA,NA,NA,NA,NA
197.132,4.3609,18.9406,7.9213,34.7080,25396.9720,-3.2183,NA,NA,NA,NA,NA,NA,NA,NA,NA,NA
197.229,4.3383,18.3251,7.9161,34.6192,28604.5700,9.0051,NA,NA,NA,NA,NA,NA,NA,NA,NA,NA
197.325,4.3559,18.8058,7.9091,34.5001,32100.1360,22.3258,NA,NA,NA,NA,NA,NA,NA,NA,NA,NA
197.426,4.3575,18.8493,7.8996,34.3384,32100.1360,22.3258,NA,NA,NA,NA,NA,NA,NA,NA,NA,NA
197.522,4.3749,19.3234,7.8958,34.2744,23826.5940,-9.2026,NA,NA,NA,NA,NA,NA,NA,NA,NA,NA
197.630,4.3749,19.3234,7.8887,34.1536,25518.9660,-2.7534,NA,NA,NA,NA,NA,NA,NA,NA,NA,NA
197.733,4.3304,18.1096,7.8786,33.9819,47069.2000,79.3693,NA,NA,NA,NA,NA,NA,NA,NA,NA,NA
197.813,4.3288,18.0656,7.8730,33.8861,51064.4520,94.5942,NA,NA,NA,NA,NA,NA,NA,NA,NA,NA
197.912,4.3107,17.5725,7.8734,33.8935,54845.8000,109.0040,NA,NA,NA,NA,NA,NA,NA,NA,NA,NA
198.013,4.2866,16.9155,7.8734,33.8935,54845.8000,109.0040,NA,NA,NA,NA,NA,NA,NA,NA,NA,NA
198.110,4.2865,16.9112,7.8722,33.8723,26090.2820,-0.5763,NA,NA,NA,NA,NA,NA,NA,NA,NA,NA
198.207,4.2865,16.9112,7.8722,33.8723,29340.5260,11.8096,NA,NA,NA,NA,NA,NA,NA,NA,NA,NA
198.307,4.3064,17.4535,7.8674,33.7922,29340.5260,11.8096,NA,NA,NA,NA,NA,NA,NA,NA,NA,NA
198.415,4.3182,17.7774,7.8659,33.7658,22292.0040,-15.0506,NA,NA,NA,NA,NA,NA,NA,NA,NA,NA
198.502,4.3288,18.0650,7.8659,33.7658,23949.2140,-8.7354,NA,NA,NA,NA,NA,NA,NA,NA,NA,NA
198.602,4.3288,18.0650,7.8638,33.7306,25943.6460,-1.1351,NA,NA,NA,NA,NA,NA,NA,NA,NA,NA
198.702,4.3164,17.7284,7.8606,33.6756,48151.4640,83.4935,NA,NA,NA,NA,NA,NA,NA,NA,NA,NA
198.796,4.3164,17.7284,7.8595,33.6565,52002.7000,98.1696,NA,NA,NA,NA,NA,NA,NA,NA,NA,NA
198.901,4.2995,17.2659,7.8587,33.6442,55902.1200,113.0294,NA,NA,NA,NA,NA,NA,NA,NA,NA,NA
198.997,4.2952,17.1480,7.8566,33.6074,55902.1200,113.0294,NA,NA,NA,NA,NA,NA,NA,NA,NA,NA
199.095,4.2863,16.9058,7.8526,33.5394,26803.3020,2.1409,NA,NA,NA,NA,NA,NA,NA,NA,NA,NA
199.189,4.2863,16.9058,7.8475,33.4523,30063.1440,14.5633,NA,NA,NA,NA,NA,NA,NA,NA,NA,NA
199.292,4.2851,16.8732,7.8462,33.4312,30063.1440,14.5633,NA,NA,NA,NA,NA,NA,NA,NA,NA,NA
199.449,4.2900,17.0069,7.8447,33.4059,22729.2780,-13.3842,NA,NA,NA,NA,NA,NA,NA,NA,NA,NA
199.496,4.2900,17.0069,7.8447,33.4059,51367.3840,95.7486,NA,NA,NA,NA,NA,NA,NA,NA,NA,NA
199.595,4.2627,16.2618,7.8417,33.3551,56793.2000,116.4251,NA,NA,NA,NA,NA,NA,NA,NA,NA,NA
199.686,4.2577,16.1264,7.8220,33.0190,56793.2000,116.4251,NA,NA,NA,NA,NA,NA,NA,NA,NA,NA
199.795,4.2565,16.0945,7.8157,32.9124,28550.4760,8.7989,195672.1920,0.0000,NA,NA,NA,NA,NA,NA,NA,NA
199.886,4.2535,16.0117,7.8120,32.8499,59081.5920,125.1456,NA,NA,NA,NA,NA,NA,NA,NA,NA,NA
199.987,4.2697,16.4541,7.8048,32.7273,59081.5920,125.1456,NA,NA,NA,NA,NA,NA,NA,NA,NA,NA
200.087,4.2697,16.4541,7.7986,32.6223,27537.0140,4.9369,NA,NA,NA,NA,NA,NA,NA,NA,NA,NA
200.180,4.2517,15.9625,7.7872,32.4282,30056.9580,14.5398,NA,NA,NA,NA,NA,NA,NA,NA,NA,NA
200.292,4.2639,16.2963,7.7802,32.3090,30056.9580,14.5398,NA,NA,NA,NA,NA,NA,NA,NA,NA,NA
200.379,4.2658,16.3458,7.7760,32.2380,22274.7160,-15.1165,NA,NA,NA,NA,NA,NA,NA,NA,NA,NA
200.475,4.2708,16.4837,7.7728,32.1826,24013.9460,-8.4887,NA,NA,NA,NA,NA,NA,NA,NA,NA,NA
200.598,4.2708,16.4837,7.7724,32.1767,43584.2680,66.0890,NA,NA,NA,NA,NA,NA,NA,NA,NA,NA
200.674,4.2495,15.9021,7.7665,32.0753,48784.8240,85.9071,NA,NA,NA,NA,NA,NA,NA,NA,NA,NA
200.770,4.2409,15.6692,7.7563,31.9029,54404.0440,107.3206,NA,NA,NA,NA,NA,NA,NA,NA,NA,NA
200.870,4.2229,15.1779,7.7511,31.8146,59813.0960,127.9332,NA,NA,NA,NA,NA,NA,NA,NA,NA,NA
200.962,4.2229,15.1779,7.7388,31.6040,59813.0960,127.9332,NA,NA,NA,NA,NA,NA,NA,NA,NA,NA
201.057,4.2192,15.0761,7.7360,31.5561,28286.2800,7.7921,NA,NA,NA,NA,NA,NA,NA,NA,NA,NA
201.158,4.2305,15.3855,7.7318,31.4862,30690.3120,16.9533,NA,NA,NA,NA,NA,NA,NA,NA,NA,NA
201.255,4.2582,16.1392,7.7265,31.3956,30690.3120,16.9533,NA,NA,NA,NA,NA,NA,NA,NA,NA,NA
201.358,4.2582,16.1392,7.7169,31.2326,22689.9860,-13.5340,NA,NA,NA,NA,NA,NA,NA,NA,NA,NA
201.453,4.2569,16.1056,7.7109,31.1293,24486.7160,-6.6871,NA,NA,NA,NA,NA,NA,NA,NA,NA,NA
201.602,4.2569,16.1056,7.7064,31.0538,44568.7600,69.8407,NA,NA,NA,NA,NA,NA,NA,NA,NA,NA
201.694,4.2341,15.4813,7.7029,30.9937,49902.6480,90.1669,NA,NA,NA,NA,NA,NA,NA,NA,NA,NA
201.776,4.2183,15.0528,7.6995,30.9367,49902.6480,90.1669,NA,NA,NA,NA,NA,NA,NA,NA,NA,NA
201.862,4.2260,15.2613,7.6913,30.7967,31165.3180,18.7635,NA,NA,NA,NA,NA,NA,NA,NA,NA,NA
201.948,4.2260,15.2613,7.6867,30.7179,31165.3180,18.7635,NA,NA,NA,NA,NA,NA,NA,NA,NA,NA
202.050,4.2311,15.4002,7.6774,30.5598,23900.1700,-8.9223,NA,NA,NA,NA,NA,NA,NA,NA,NA,NA
202.150,4.2311,15.4002,7.6756,30.5294,25525.1900,-2.7297,NA,NA,NA,NA,NA,NA,NA,NA,NA,NA
202.271,4.2073,14.7527,7.6585,30.2385,47738.6000,81.9202,NA,NA,NA,NA,NA,NA,NA,NA,NA,NA
202.356,4.2073,14.7527,7.6508,30.1077,51463.2720,96.1140,NA,NA,NA,NA,NA,NA,NA,NA,NA,NA
202.460,4.1978,14.4930,7.6434,29.9818,56071.8480,113.6762,NA,NA,NA,NA,NA,NA,NA,NA,NA,NA
202.543,4.1978,14.4930,7.6399,29.9226,56071.8480,113.6762,NA,NA,NA,NA,NA,NA,NA,NA,NA,NA
202.637,4.1892,14.2585,7.6299,29.7522,26018.9680,-0.8480,NA,NA,NA,NA,NA,NA,NA,NA,NA,NA
202.771,4.1892,14.2585,7.6271,29.7043,28167.1660,7.3382,NA,NA,NA,NA,NA,NA,NA,NA,NA,NA
202.858,4.2014,14.5913,7.6248,29.6659,28167.1660,7.3382,NA,NA,NA,NA,NA,NA,NA,NA,NA,NA
202.933,4.2018,14.6019,7.6208,29.5984,22288.7520,-15.0630,NA,NA,NA,NA,NA,NA,NA,NA,NA,NA
203.028,4.2094,14.8094,7.6118,29.4452,24059.2540,-8.3160,NA,NA,NA,NA,NA,NA,NA,NA,NA,NA
203.175,4.2094,14.8094,7.6072,29.3660,25922.5420,-1.2155,NA,NA,NA,NA,NA,NA,NA,NA,NA,NA
203.264,4.1859,14.1668,7.6034,29.3025,48737.4320,85.7265,NA,NA,NA,NA,NA,NA,NA,NA,NA,NA
203.321,4.1524,13.2532,7.6008,29.2577,52379.7840,99.6066,NA,NA,NA,NA,NA,NA,NA,NA,NA,NA
203.433,4.1497,13.1805,7.5921,29.1105,57381.4600,118.6668,NA,NA,NA,NA,NA,NA,NA,NA,NA,NA
203.530,4.1472,13.1119,7.5880,29.0395,57381.4600,118.6668,NA,NA,NA,NA,NA,NA,NA,NA,NA,NA
203.637,4.1531,13.2728,7.5774,28.8596,26631.3800,1.4857,NA,NA,NA,NA,NA,NA,NA,NA,NA,NA
203.715,4.1531,13.2728,7.5723,28.7723,28865.2660,9.9985,NA,NA,NA,NA,NA,NA,NA,NA,NA,NA
203.826,4.1669,13.6503,7.5660,28.6659,28865.2660,9.9985,NA,NA,NA,NA,NA,NA,NA,NA,NA,NA
203.916,4.1671,13.6548,7.5551,28.4804,22723.0760,-13.4079,NA,NA,NA,NA,NA,NA,NA,NA,NA,NA
204.007,4.1750,13.8700,7.5493,28.3815,24547.7800,-6.4544,NA,NA,NA,NA,NA,NA,NA,NA,NA,NA
204.116,4.1750,13.8700,7.5381,28.1919,45648.5760,73.9556,NA,NA,NA,NA,NA,NA,NA,NA,NA,NA
204.222,4.1690,13.7062,7.5331,28.1070,49507.0120,88.6592,NA,NA,NA,NA,NA,NA,NA,NA,NA,NA
204.310,4.1624,13.5270,7.5331,28.1070,53341.2320,103.2705,NA,NA,NA,NA,NA,NA,NA,NA,NA,NA
204.403,4.1591,13.4376,7.5247,27.9629,58419.9960,122.6244,NA,NA,NA,NA,NA,NA,NA,NA,NA,NA
204.568,4.1534,13.2827,7.5215,27.9098,58419.9960,122.6244,NA,NA,NA,NA,NA,NA,NA,NA,NA,NA
204.662,4.1396,12.9048,7.5177,27.8450,27326.7740,4.1357,NA,NA,NA,NA,NA,NA,NA,NA,NA,NA
204.825,4.1672,13.6582,7.5161,27.8178,29555.5760,12.6291,NA,NA,NA,NA,NA,NA,NA,NA,NA,NA
204.901,4.1470,13.1072,7.5078,27.6767,23170.2600,-11.7038,NA,NA,NA,NA,NA,NA,NA,NA,NA,NA
204.998,4.1705,13.7470,7.5014,27.5678,24984.0480,-4.7919,NA,NA,NA,NA,NA,NA,NA,NA,NA,NA
205.102,4.1705,13.7470,7.5014,27.5678,46631.0720,77.6997,NA,NA,NA,NA,NA,NA,NA,NA,NA,NA
205.240,4.1368,12.8286,7.4856,27.2981,46631.0720,77.6997,NA,NA,NA,NA,NA,NA,NA,NA,NA,NA
205.354,4.1368,12.8286,7.4776,27.1621,29011.8740,10.5572,NA,NA,NA,NA,NA,NA,NA,NA,NA,NA
205.396,4.1230,12.4528,7.4705,27.0413,32213.9760,22.7596,NA,NA,NA,NA,NA,NA,NA,NA,NA,NA
205.492,4.1451,13.0539,7.4656,26.9582,32213.9760,22.7596,NA,NA,NA,NA,NA,NA,NA,NA,NA,NA
205.627,4.1451,13.0539,7.4670,26.9817,23826.7020,-9.2022,NA,NA,NA,NA,NA,NA,NA,NA,NA,NA
205.715,4.1445,13.0390,7.4670,26.9817,25489.9140,-2.8641,NA,NA,NA,NA,NA,NA,NA,NA,NA,NA
205.785,4.1304,12.6538,7.4558,26.7922,47121.1440,79.5672,NA,NA,NA,NA,NA,NA,NA,NA,NA,NA
205.877,4.1148,12.2292,7.4499,26.6916,51220.6240,95.1893,NA,NA,NA,NA,NA,NA,NA,NA,NA,NA
206.046,4.1081,12.0455,7.4432,26.5779,54705.8240,108.4706,NA,NA,NA,NA,NA,NA,NA,NA,NA,NA
206.125,4.1081,12.0455,7.4372,26.4758,54705.8240,108.4706,NA,NA,NA,NA,NA,NA,NA,NA,NA,NA
206.208,4.1047,11.9537,7.4336,26.4139,26160.8760,-0.3073,197631.5680,0.0000,NA,NA,NA,NA,NA,NA,NA,NA
206.285,4.0947,11.6815,7.4318,26.3838,52692.9640,100.8001,NA,NA,NA,NA,NA,NA,NA,NA,NA,NA
206.370,4.0907,11.5704,7.4309,26.3676,52692.9640,100.8001,NA,NA,NA,NA,NA,NA,NA,NA,NA,NA
206.469,4.0907,11.5704,7.4256,26.2783,26166.3580,-0.2864,NA,NA,NA,NA,NA,NA,NA,NA,NA,NA
206.576,4.0821,11.3363,7.4168,26.1292,28463.8040,8.4686,198180.4640,0.0000,NA,NA,NA,NA,NA,NA,NA,NA
206.667,4.0822,11.3388,7.4102,26.0156,30155.3200,14.9146,NA,NA,NA,NA,NA,NA,NA,NA,NA,NA
206.772,4.0822,11.3388,7.4102,26.0156,30155.3200,14.9146,NA,NA,NA,NA,NA,NA,NA,NA,NA,NA
206.879,4.0867,11.4625,7.4078,25.9763,23352.6940,-11.0086,NA,NA,NA,NA,NA,NA,NA,NA,NA,NA
206.963,4.0922,11.6126,7.3974,25.7982,24931.1660,-4.9934,NA,NA,NA,NA,NA,NA,NA,NA,NA,NA
207.062,4.0922,11.6126,7.3888,25.6520,46122.7600,75.7626,NA,NA,NA,NA,NA,NA,NA,NA,NA,NA
207.209,4.0797,11.2717,7.3844,25.5784,50166.2680,91.1715,NA,NA,NA,NA,NA,NA,NA,NA,NA,NA
207.263,4.0717,11.0527,7.3845,25.5801,54864.5760,109.0756,NA,NA,NA,NA,NA,NA,NA,NA,NA,NA
207.359,4.0717,11.0527,7.3845,25.5801,54864.5760,109.0756,NA,NA,NA,NA,NA,NA,NA,NA,NA,NA
207.455,4.0635,10.8300,7.3750,25.4172,25116.3240,-4.2878,NA,NA,NA,NA,NA,NA,NA,NA,NA,NA
207.552,4.0594,10.7176,7.3782,25.4720,27394.5800,4.3941,NA,NA,NA,NA,NA,NA,NA,NA,NA,NA
207.657,4.0675,10.9390,7.3799,25.5020,30826.9560,17.4740,NA,NA,NA,NA,NA,NA,NA,NA,NA,NA
207.774,4.0675,10.9390,7.3802,25.5055,30826.9560,17.4740,NA,NA,NA,NA,NA,NA,NA,NA,NA,NA
207.901,4.0675,10.9388,7.3831,25.5551,23836.6140,-9.1645,NA,NA,NA,NA,NA,NA,NA,NA,NA,NA
207.945,4.0675,10.9388,7.3831,25.5551,25431.3840,-3.0872,NA,NA,NA,NA,NA,NA,NA,NA,NA,NA
208.044,4.0643,10.8524,7.3804,25.5091,47138.0120,79.6315,NA,NA,NA,NA,NA,NA,NA,NA,NA,NA
208.137,4.0533,10.5503,7.3783,25.4733,51291.4480,95.4592,NA,NA,NA,NA,NA,NA,NA,NA,NA,NA
208.238,4.0406,10.2062,7.3795,25.4951,55980.0160,113.3262,NA,NA,NA,NA,NA,NA,NA,NA,NA,NA
208.340,4.0340,10.0251,7.3857,25.5999,55980.0160,113.3262,NA,NA,NA,NA,NA,NA,NA,NA,NA,NA
208.447,4.0295,9.9017,7.3857,25.5999,25774.7660,-1.7786,198084.6240,0.0000,NA,NA,NA,NA,NA,NA,NA,NA
208.547,4.0283,9.8687,7.3848,25.5848,28614.5160,9.0430,NA,NA,NA,NA,NA,NA,NA,NA,NA,NA
208.639,4.0324,9.9803,7.3791,25.4880,31767.3300,21.0576,NA,NA,NA,NA,NA,NA,NA,NA,NA,NA
208.738,4.0324,9.9803,7.3742,25.4035,31767.3300,21.0576,NA,NA,NA,NA,NA,NA,NA,NA,NA,NA
208.837,4.0395,10.1761,7.3627,25.2085,23351.3520,-11.0137,NA,NA,NA,NA,NA,NA,NA,NA,NA,NA
208.940,4.0395,10.1761,7.3578,25.1250,24887.2920,-5.1606,NA,NA,NA,NA,NA,NA,NA,NA,NA,NA
209.039,4.0363,10.0881,7.3577,25.1229,44655.3200,70.1706,NA,NA,NA,NA,NA,NA,NA,NA,NA,NA
209.129,4.0242,9.7568,7.3552,25.0809,49521.4480,88.7142,NA,NA,NA,NA,NA,NA,NA,NA,NA,NA
209.238,4.0186,9.6036,7.3497,24.9882,55493.8800,111.4737,NA,NA,NA,NA,NA,NA,NA,NA,NA,NA
209.341,3.9909,8.8485,7.3500,24.9929,55493.8800,111.4737,NA,NA,NA,NA,NA,NA,NA,NA,NA,NA
209.432,3.9978,9.0369,7.3506,25.0036,26691.7880,1.7159,194843.0400,0.0000,NA,NA,NA,NA,NA,NA,NA,NA
209.545,4.0016,9.1399,7.3506,25.0036,55857.6480,112.8599,NA,NA,NA,NA,NA,NA,NA,NA,NA,NA
209.621,4.0016,9.1399,7.3465,24.9329,55857.6480,112.8599,NA,NA,NA,NA,NA,NA,NA,NA,NA,NA
209.727,3.9969,9.0126,7.3356,24.7485,25881.3420,-1.3725,NA,NA,NA,NA,NA,NA,NA,NA,NA,NA
209.826,3.9971,9.0184,7.3255,24.5764,25881.3420,-1.3725,NA,NA,NA,NA,NA,NA,NA,NA,NA,NA
209.925,3.9977,9.0342,7.3212,24.5030,25755.9780,-1.8502,NA,NA,NA,NA,NA,NA,NA,NA,NA,NA
210.023,3.9977,9.0342,7.3216,24.5090,47197.8080,79.8594,NA,NA,NA,NA,NA,NA,NA,NA,NA,NA
210.119,3.9929,8.9030,7.3216,24.5090,51537.2720,96.3960,NA,NA,NA,NA,NA,NA,NA,NA,NA,NA
210.252,3.9928,8.9003,7.3212,24.5030,55700.6280,112.2616,NA,NA,NA,NA,NA,NA,NA,NA,NA,NA
210.317,3.9841,8.6629,7.3212,24.5023,55700.6280,112.2616,NA,NA,NA,NA,NA,NA,NA,NA,NA,NA
210.415,3.9782,8.5020,7.3235,24.5412,25828.0400,-1.5756,196965.1200,0.0000,NA,NA,NA,NA,NA,NA,NA,NA
210.529,3.9778,8.4922,7.3250,24.5671,52197.4600,98.9118,NA,NA,NA,NA,NA,NA,NA,NA,NA,NA
210.611,3.9611,8.0359,7.3250,24.5671,52197.4600,98.9118,NA,NA,NA,NA,NA,NA,NA,NA,NA,NA
210.711,3.9775,8.4852,7.3327,24.6988,26207.4380,-0.1298,NA,NA,NA,NA,NA,NA,NA,NA,NA,NA
210.818,3.9775,8.4852,7.3327,24.6988,28857.3640,9.9684,NA,NA,NA,NA,NA,NA,NA,NA,NA,NA
210.904,4.0002,9.1031,7.3323,24.6913,31602.5360,20.4296,NA,NA,NA,NA,NA,NA,NA,NA,NA,NA
211.014,4.0095,9.3578,7.3324,24.6940,31602.5360,20.4296,NA,NA,NA,NA,NA,NA,NA,NA,NA,NA
211.106,4.0215,9.6831,7.3342,24.7244,23704.4860,-9.6680,NA,NA,NA,NA,NA,NA,NA,NA,NA,NA
211.197,4.0215,9.6831,7.3342,24.7244,25290.4300,-3.6243,NA,NA,NA,NA,NA,NA,NA,NA,NA,NA
211.303,3.9959,8.9861,7.3310,24.6698,46121.7040,75.7586,NA,NA,NA,NA,NA,NA,NA,NA,NA,NA
211.405,3.9959,8.9861,7.3275,24.6096,49433.9320,88.3807,NA,NA,NA,NA,NA,NA,NA,NA,NA,NA
211.495,3.9931,8.9105,7.3259,24.5833,52855.9280,101.4211,NA,NA,NA,NA,NA,NA,NA,NA,NA,NA
211.592,3.9852,8.6947,7.3197,24.4773,52855.9280,101.4211,NA,NA,NA,NA,NA,NA,NA,NA,NA,NA
211.703,3.9766,8.4584,7.3111,24.3304,26878.8480,2.4288,196011.2000,0.0000,NA,NA,NA,NA,NA,NA,NA,NA
211.800,3.9766,8.4584,7.3069,24.2600,27818.5100,6.0096,NA,NA,NA,NA,NA,NA,NA,NA,NA,NA
211.896,3.9928,8.9007,7.2893,23.9597,30353.0720,15.6682,NA,NA,NA,NA,NA,NA,NA,NA,NA,NA
211.997,3.9928,8.9007,7.2800,23.8019,30353.0720,15.6682,NA,NA,NA,NA,NA,NA,NA,NA,NA,NA
212.094,3.9835,8.6477,7.2574,23.4176,23740.4720,-9.5308,NA,NA,NA,NA,NA,NA,NA,NA,NA,NA
212.198,3.9835,8.6477,7.2462,23.2271,25598.2140,-2.4514,NA,NA,NA,NA,NA,NA,NA,NA,NA,NA
212.283,3.9695,8.2660,7.2369,23.0696,47887.7120,82.4884,NA,NA,NA,NA,NA,NA,NA,NA,NA,NA
212.385,3.9347,7.3165,7.2247,22.8621,51906.2520,97.8021,NA,NA,NA,NA,NA,NA,NA,NA,NA,NA
212.546,3.9230,6.9986,7.2190,22.7652,55910.1760,113.0601,NA,NA,NA,NA,NA,NA,NA,NA,NA,NA
212.579,3.9185,6.8752,7.2140,22.6791,55910.1760,113.0601,NA,NA,NA,NA,NA,NA,NA,NA,NA,NA
212.679,3.9185,6.8752,7.2075,22.5685,26382.1720,0.5360,NA,NA,NA,NA,NA,NA,NA,NA,NA,NA
212.778,3.9180,6.8622,7.2045,22.5181,28380.4900,8.1511,NA,NA,NA,NA,NA,NA,NA,NA,NA,NA
212.873,3.9511,7.7636,7.1999,22.4400,28380.4900,8.1511,NA,NA,NA,NA,NA,NA,NA,NA,NA,NA
212.974,3.9511,7.7636,7.2008,22.4560,21961.8120,-16.3089,NA,NA,NA,NA,NA,NA,NA,NA,NA,NA
213.069,3.9507,7.7538,7.2019,22.4733,23887.5040,-8.9705,NA,NA,NA,NA,NA,NA,NA,NA,NA,NA
213.210,3.9475,7.6662,7.2025,22.4845,26035.7240,-0.7842,NA,NA,NA,NA,NA,NA,NA,NA,NA,NA
213.263,3.9329,7.2674,7.2025,22.4845,48918.4960,86.4165,NA,NA,NA,NA,NA,NA,NA,NA,NA,NA
213.365,3.9320,7.2417,7.2021,22.4769,53178.3200,102.6496,NA,NA,NA,NA,NA,NA,NA,NA,NA,NA
213.468,3.9384,7.4177,7.1963,22.3789,57098.2880,117.5877,NA,NA,NA,NA,NA,NA,NA,NA,NA,NA
213.563,3.9384,7.4177,7.1887,22.2494,57098.2880,117.5877,NA,NA,NA,NA,NA,NA,NA,NA,NA,NA
213.668,3.9281,7.1353,7.1836,22.1627,27081.3520,3.2004,NA,NA,NA,NA,NA,NA,NA,NA,NA,NA
213.824,3.9237,7.0154,7.1813,22.1238,29116.7600,10.9569,NA,NA,NA,NA,NA,NA,NA,NA,NA,NA
213.884,3.9360,7.3507,7.1777,22.0632,29116.7600,10.9569,NA,NA,NA,NA,NA,NA,NA,NA,NA,NA
213.959,3.9360,7.3507,7.1765,22.0418,49665.7640,89.2642,NA,NA,NA,NA,NA,NA,NA,NA,NA,NA
214.057,3.9209,6.9410,7.1676,21.8911,53631.4760,104.3765,NA,NA,NA,NA,NA,NA,NA,NA,NA,NA
214.156,3.9209,6.9410,7.1615,21.7879,57561.2320,119.3519,NA,NA,NA,NA,NA,NA,NA,NA,NA,NA
214.254,3.9058,6.5278,7.1565,21.7021,57561.2320,119.3519,NA,NA,NA,NA,NA,NA,NA,NA,NA,NA
214.356,3.8906,6.1142,7.1529,21.6415,27558.6420,5.0193,NA,NA,NA,NA,NA,NA,NA,NA,NA,NA
214.450,3.9140,6.7511,7.1469,21.5392,30920.6920,17.8312,NA,NA,NA,NA,NA,NA,NA,NA,NA,NA
214.549,3.9174,6.8454,7.1461,21.5256,30920.6920,17.8312,NA,NA,NA,NA,NA,NA,NA,NA,NA,NA
214.647,3.9335,7.2826,7.1461,21.5256,23298.2340,-11.2161,NA,NA,NA,NA,NA,NA,NA,NA,NA,NA
214.742,3.9360,7.3515,7.1435,21.4814,24990.4280,-4.7676,NA,NA,NA,NA,NA,NA,NA,NA,NA,NA
214.841,3.9360,7.3515,7.1427,21.4668,45864.1760,74.7772,NA,NA,NA,NA,NA,NA,NA,NA,NA,NA
214.944,3.9058,6.5284,7.1420,21.4554,50246.9960,91.4791,NA,NA,NA,NA,NA,NA,NA,NA,NA,NA
215.047,3.9143,6.7597,7.1385,21.3961,54539.6600,107.8374,NA,NA,NA,NA,NA,NA,NA,NA,NA,NA
215.140,3.9143,6.7597,7.1333,21.3074,54539.6600,107.8374,NA,NA,NA,NA,NA,NA,NA,NA,NA,NA
215.232,3.9078,6.5837,7.1274,21.2067,24984.4640,-4.7903,NA,NA,NA,NA,NA,NA,NA,NA,NA,NA
215.327,3.9078,6.5837,7.1266,21.1934,27773.0240,5.8362,NA,NA,NA,NA,NA,NA,NA,NA,NA,NA
215.447,3.9073,6.5687,7.1196,21.0743,31534.9520,20.1720,NA,NA,NA,NA,NA,NA,NA,NA,NA,NA
215.546,3.9183,6.8685,7.1172,21.0335,31534.9520,20.1720,NA,NA,NA,NA,NA,NA,NA,NA,NA,NA
215.631,3.9275,7.1207,7.1129,20.9607,23749.5540,-9.4962,NA,NA,NA,NA,NA,NA,NA,NA,NA,NA
215.722,3.9275,7.1207,7.1121,20.9463,25533.9400,-2.6964,NA,NA,NA,NA,NA,NA,NA,NA,NA,NA
215.827,3.9192,6.8936,7.1104,20.9182,46863.3360,78.5848,NA,NA,NA,NA,NA,NA,NA,NA,NA,NA
215.924,3.9082,6.5947,7.1040,20.8098,51328.5640,95.6007,NA,NA,NA,NA,NA,NA,NA,NA,NA,NA
216.015,3.8999,6.3665,7.1012,20.7624,55879.1320,112.9418,NA,NA,NA,NA,NA,NA,NA,NA,NA,NA
216.120,3.8956,6.2513,7.0980,20.7074,55879.1320,112.9418,NA,NA,NA,NA,NA,NA,NA,NA,NA,NA
216.221,3.8822,5.8837,7.0957,20.6681,25673.4180,-2.1648,195873.0080,0.0000,NA,NA,NA,NA,NA,NA,NA,NA
216.318,3.8833,5.9143,7.0891,20.5565,52241.1880,99.0785,NA,NA,NA,NA,NA,NA,NA,NA,NA,NA
216.418,3.8833,5.9143,7.0891,20.5565,NA,NA,NA,NA,NA,NA,NA,NA,NA,NA,NA,NA
216.519,3.8825,5.8938,7.0795,20.3932,NA,NA,NA,NA,NA,NA,NA,NA,NA,NA,NA,NA
216.620,3.8825,5.8938,7.0756,20.3256,29294.9080,11.6358,NA,NA,NA,NA,NA,NA,NA,NA,NA,NA
216.781,3.9037,6.4703,7.0659,20.1610,30116.4120,14.7663,NA,NA,NA,NA,NA,NA,NA,NA,NA,NA
216.813,3.9097,6.6360,7.0564,19.9998,30116.4120,14.7663,NA,NA,NA,NA,NA,NA,NA,NA,NA,NA
216.918,3.9177,6.8533,7.0504,19.8984,23144.0280,-11.8037,NA,NA,NA,NA,NA,NA,NA,NA,NA,NA
217.005,3.9177,6.8533,7.0505,19.8995,25022.6060,-4.6449,NA,NA,NA,NA,NA,NA,NA,NA,NA,NA
217.122,3.9174,6.8437,7.0505,19.8995,46692.5520,77.9340,NA,NA,NA,NA,NA,NA,NA,NA,NA,NA
217.209,3.9045,6.4938,7.0465,19.8313,50969.1480,94.2310,NA,NA,NA,NA,NA,NA,NA,NA,NA,NA
217.302,3.8907,6.1162,7.0430,19.7719,54567.4600,107.9433,NA,NA,NA,NA,NA,NA,NA,NA,NA,NA
217.420,3.8841,5.9366,7.0392,19.7066,54567.4600,107.9433,NA,NA,NA,NA,NA,NA,NA,NA,NA,NA
217.511,3.8778,5.7642,7.0376,19.6802,25749.0920,-1.8765,NA,NA,NA,NA,NA,NA,NA,NA,NA,NA
217.605,3.8778,5.7642,7.0355,19.6445,25749.0920,-1.8765,NA,NA,NA,NA,NA,NA,NA,NA,NA,NA
217.713,3.8767,5.7353,7.0348,19.6325,25692.6740,-2.0915,NA,NA,NA,NA,NA,NA,NA,NA,NA,NA
217.798,3.8705,5.5665,7.0297,19.5463,47146.8720,79.6653,NA,NA,NA,NA,NA,NA,NA,NA,NA,NA
217.896,3.8705,5.5665,7.0273,19.5055,51424.6880,95.9670,NA,NA,NA,NA,NA,NA,NA,NA,NA,NA
217.996,3.8673,5.4793,7.0219,19.4130,55375.8200,111.0238,NA,NA,NA,NA,NA,NA,NA,NA,NA,NA
218.101,3.8632,5.3661,7.0183,19.3510,55375.8200,111.0238,NA,NA,NA,NA,NA,NA,NA,NA,NA,NA
218.192,3.8560,5.1709,7.0182,19.3502,25924.7680,-1.2070,196251.8400,0.0000,NA,NA,NA,NA,NA,NA,NA,NA
218.288,3.8492,4.9833,7.0161,19.3144,52139.4400,98.6907,NA,NA,NA,NA,NA,NA,NA,NA,NA,NA
218.391,3.8450,4.8698,7.0161,19.3144,52139.4400,98.6907,NA,NA,NA,NA,NA,NA,NA,NA,NA,NA
218.490,3.8438,4.8383,7.0156,19.3058,26239.7160,-0.0068,NA,NA,NA,NA,NA,NA,NA,NA,NA,NA
218.587,3.8485,4.9643,7.0093,19.1994,28776.2960,9.6595,196802.1760,0.0000,NA,NA,NA,NA,NA,NA,NA,NA
218.683,3.8485,4.9643,7.0061,19.1442,60361.0520,130.0213,NA,NA,NA,NA,NA,NA,NA,NA,NA,NA
218.801,3.8363,4.6323,7.0127,19.2572,60361.0520,130.0213,NA,NA,NA,NA,NA,NA,NA,NA,NA,NA
218.887,3.8449,4.8681,7.0146,19.2893,27401.8400,4.4218,NA,NA,NA,NA,NA,NA,NA,NA,NA,NA
218.994,3.8638,5.3815,7.0153,19.3002,25398.6920,-3.2118,NA,NA,NA,NA,NA,NA,NA,NA,NA,NA
219.086,3.8638,5.3815,7.0153,19.3002,46771.8840,78.2363,NA,NA,NA,NA,NA,NA,NA,NA,NA,NA
219.188,3.8523,5.0678,7.0133,19.2669,50326.4040,91.7817,NA,NA,NA,NA,NA,NA,NA,NA,NA,NA
219.281,3.8486,4.9675,7.0133,19.2669,54883.2440,109.1467,NA,NA,NA,NA,NA,NA,NA,NA,NA,NA
219.377,3.8408,4.7560,7.0083,19.1816,54883.2440,109.1467,NA,NA,NA,NA,NA,NA,NA,NA,NA,NA
219.486,3.8383,4.6872,7.0057,19.1384,25569.9940,-2.5590,NA,NA,NA,NA,NA,NA,NA,NA,NA,NA
219.576,3.8367,4.6441,7.0023,19.0790,27495.0960,4.7771,NA,NA,NA,NA,NA,NA,NA,NA,NA,NA
219.677,3.8412,4.7674,6.9991,19.0259,30365.1940,15.7144,NA,NA,NA,NA,NA,NA,NA,NA,NA,NA
219.773,3.8414,4.7725,6.9938,18.9359,30365.1940,15.7144,NA,NA,NA,NA,NA,NA,NA,NA,NA,NA
219.873,3.8478,4.9451,6.9907,18.8832,23814.8760,-9.2473,NA,NA,NA,NA,NA,NA,NA,NA,NA,NA
219.966,3.8478,4.9451,6.9854,18.7922,25594.6600,-2.4650,NA,NA,NA,NA,NA,NA,NA,NA,NA,NA
220.064,3.8297,4.4523,6.9872,18.8222,47798.8160,82.1497,NA,NA,NA,NA,NA,NA,NA,NA,NA,NA
220.159,3.8234,4.2815,6.9872,18.8222,51586.7440,96.5845,NA,NA,NA,NA,NA,NA,NA,NA,NA,NA
220.260,3.8311,4.4901,6.9798,18.6980,55635.0320,112.0116,NA,NA,NA,NA,NA,NA,NA,NA,NA,NA
220.391,3.8416,4.7779,6.9692,18.5165,55635.0320,112.0116,NA,NA,NA,NA,NA,NA,NA,NA,NA,NA
220.454,3.8416,4.7779,6.9511,18.2091,26364.8740,0.4701,NA,NA,NA,NA,NA,NA,NA,NA,NA,NA
220.555,3.8406,4.7513,6.9353,17.9400,28536.0500,8.7439,NA,NA,NA,NA,NA,NA,NA,NA,NA,NA
220.650,3.8642,5.3948,6.9225,17.7233,28536.0500,8.7439,NA,NA,NA,NA,NA,NA,NA,NA,NA,NA
220.752,3.8642,5.3948,6.9115,17.5364,22089.7000,-15.8215,NA,NA,NA,NA,NA,NA,NA,NA,NA,NA
220.854,3.8612,5.3118,6.8916,17.1974,23860.4740,-9.0735,NA,NA,NA,NA,NA,NA,NA,NA,NA,NA
220.944,3.8632,5.3674,6.8769,16.9473,25867.3780,-1.4257,NA,NA,NA,NA,NA,NA,NA,NA,NA,NA
221.049,3.8632,5.3674,6.8653,16.7498,48289.6360,84.0201,NA,NA,NA,NA,NA,NA,NA,NA,NA,NA
221.149,3.8385,4.6929,6.8574,16.6155,52593.3840,100.4206,NA,NA,NA,NA,NA,NA,NA,NA,NA,NA
221.245,3.8385,4.6929,6.8520,16.5240,56727.0160,116.1729,NA,NA,NA,NA,NA,NA,NA,NA,NA,NA
221.337,3.8522,5.0654,6.8578,16.6224,56727.0160,116.1729,NA,NA,NA,NA,NA,NA,NA,NA,NA,NA
221.442,3.8821,5.8832,6.9314,17.8741,27143.6340,3.4378,NA,NA,NA,NA,NA,NA,NA,NA,NA,NA
221.529,3.9681,8.2283,7.1237,21.1450,29332.7800,11.7801,NA,NA,NA,NA,NA,NA,NA,NA,NA,NA
221.637,4.0360,10.0786,7.2161,22.7161,29332.7800,11.7801,NA,NA,NA,NA,NA,NA,NA,NA,NA,NA
221.740,4.1111,12.1289,7.3156,24.4083,22456.4060,-14.4241,NA,NA,NA,NA,NA,NA,NA,NA,NA,NA
221.836,4.1366,12.8240,7.3536,25.0541,53997.6160,105.7718,NA,NA,NA,NA,NA,NA,NA,NA,NA,NA
221.939,4.1453,13.0599,7.3718,25.3637,57961.3480,120.8766,NA,NA,NA,NA,NA,NA,NA,NA,NA,NA
222.028,4.1453,13.0599,7.3819,25.5351,57961.3480,120.8766,NA,NA,NA,NA,NA,NA,NA,NA,NA,NA
222.152,4.1421,12.9736,7.3990,25.8261,27754.3020,5.7649,NA,NA,NA,NA,NA,NA,NA,NA,NA,NA
222.227,4.1715,13.7764,7.4050,25.9284,30864.4540,17.6169,NA,NA,NA,NA,NA,NA,NA,NA,NA,NA
222.329,4.1846,14.1318,7.4079,25.9780,30864.4540,17.6169,NA,NA,NA,NA,NA,NA,NA,NA,NA,NA
222.430,4.1846,14.1318,7.4079,25.9780,23244.4700,-11.4210,NA,NA,NA,NA,NA,NA,NA,NA,NA,NA
222.523,4.1754,13.8816,7.4071,25.9636,24962.7140,-4.8732,NA,NA,NA,NA,NA,NA,NA,NA,NA,NA
222.618,4.1643,13.5777,7.4054,25.9353,45688.7920,74.1089,NA,NA,NA,NA,NA,NA,NA,NA,NA,NA
222.717,4.1568,13.3729,7.4061,25.9463,50027.9680,90.6444,NA,NA,NA,NA,NA,NA,NA,NA,NA,NA
222.834,4.1405,12.9304,7.4084,25.9855,54600.3560,108.0687,NA,NA,NA,NA,NA,NA,NA,NA,NA,NA
222.917,4.1273,12.5707,7.4084,25.9855,54600.3560,108.0687,NA,NA,NA,NA,NA,NA,NA,NA,NA,NA
223.014,4.1124,12.1628,7.4065,25.9542,25217.6520,-3.9017,NA,NA,NA,NA,NA,NA,NA,NA,NA,NA
223.109,4.1080,12.0419,7.4026,25.8876,27820.5660,6.0174,NA,NA,NA,NA,NA,NA,NA,NA,NA,NA
223.217,4.1100,12.0990,7.3948,25.7546,31362.7220,19.5157,NA,NA,NA,NA,NA,NA,NA,NA,NA,NA
223.316,4.1136,12.1961,7.3698,25.3291,31362.7220,19.5157,NA,NA,NA,NA,NA,NA,NA,NA,NA,NA
223.445,4.1136,12.1961,7.3769,25.4505,23646.6900,-9.8882,NA,NA,NA,NA,NA,NA,NA,NA,NA,NA
223.513,4.1182,12.3205,7.5004,27.5501,25416.4820,-3.1440,NA,NA,NA,NA,NA,NA,NA,NA,NA,NA
223.604,4.2122,14.8857,7.7074,31.0699,46613.0880,77.6311,NA,NA,NA,NA,NA,NA,NA,NA,NA,NA
223.696,4.2769,16.6487,7.7491,31.7799,51095.1080,94.7110,NA,NA,NA,NA,NA,NA,NA,NA,NA,NA
223.797,4.2989,17.2490,7.7895,32.4663,55795.8720,112.6245,NA,NA,NA,NA,NA,NA,NA,NA,NA,NA
223.893,4.3200,17.8245,7.7932,32.5299,55795.8720,112.6245,NA,NA,NA,NA,NA,NA,NA,NA,NA,NA
224.011,4.3318,18.1484,7.7939,32.5419,25955.8300,-1.0886,197869.0560,0.0000,NA,NA,NA,NA,NA,NA,NA,NA
224.097,4.3337,18.1983,7.7939,32.5419,53037.9960,102.1149,NA,NA,NA,NA,NA,NA,NA,NA,NA,NA
224.227,4.3337,18.1983,7.7805,32.3130,NA,NA,NA,NA,NA,NA,NA,NA,NA,NA,NA,NA
224.315,4.3203,17.8326,7.7649,32.0490,NA,NA,NA,NA,NA,NA,NA,NA,NA,NA,NA,NA
224.398,4.3169,17.7400,7.7477,31.7562,29491.0640,12.3833,NA,NA,NA,NA,NA,NA,NA,NA,NA,NA
224.554,4.3341,18.2099,7.7377,31.5864,30407.9740,15.8774,NA,NA,NA,NA,NA,NA,NA,NA,NA,NA
224.589,4.3420,18.4261,7.7323,31.4942,30407.9740,15.8774,NA,NA,NA,NA,NA,NA,NA,NA,NA,NA
224.696,4.3420,18.4261,7.7323,31.4942,23074.1560,-12.0700,NA,NA,NA,NA,NA,NA,NA,NA,NA,NA
224.784,4.3449,18.5057,7.7274,31.4106,24978.2260,-4.8141,NA,NA,NA,NA,NA,NA,NA,NA,NA,NA
224.885,4.3449,18.5057,7.7226,31.3296,46122.6000,75.7620,NA,NA,NA,NA,NA,NA,NA,NA,NA,NA
224.982,4.3366,18.2782,7.7203,31.2900,50564.7040,92.6898,NA,NA,NA,NA,NA,NA,NA,NA,NA,NA
225.092,4.3159,17.7148,7.6816,30.6322,54677.6520,108.3632,NA,NA,NA,NA,NA,NA,NA,NA,NA,NA
225.275,4.2805,16.7469,7.6412,29.9446,54677.6520,108.3632,NA,NA,NA,NA,NA,NA,NA,NA,NA,NA
225.337,4.2805,16.7469,7.6818,30.6359,25865.0640,-1.4345,NA,NA,NA,NA,NA,NA,NA,NA,NA,NA
225.371,4.3574,18.8451,7.7746,32.2135,28127.7740,7.1881,NA,NA,NA,NA,NA,NA,NA,NA,NA,NA
225.470,4.4835,22.2857,7.8694,33.8248,30736.0960,17.1278,NA,NA,NA,NA,NA,NA,NA,NA,NA,NA
225.567,4.5319,23.6038,7.9575,35.3245,30736.0960,17.1278,NA,NA,NA,NA,NA,NA,NA,NA,NA,NA
225.666,4.5645,24.4929,8.0265,36.4971,23435.9780,-10.6912,NA,NA,NA,NA,NA,NA,NA,NA,NA,NA
225.825,4.5810,24.9438,8.0445,36.8024,25342.5100,-3.4259,NA,NA,NA,NA,NA,NA,NA,NA,NA,NA
225.873,4.6173,25.9343,8.0522,36.9341,46852.6720,78.5441,NA,NA,NA,NA,NA,NA,NA,NA,NA,NA
225.984,4.6173,25.9343,8.0522,36.9341,46852.6720,78.5441,NA,NA,NA,NA,NA,NA,NA,NA,NA,NA
226.069,4.6173,25.9330,8.0503,36.9017,29209.2820,11.3095,NA,NA,NA,NA,NA,NA,NA,NA,NA,NA
226.164,4.6173,25.9330,8.0429,36.7757,29209.2820,11.3095,NA,NA,NA,NA,NA,NA,NA,NA,NA,NA
226.270,4.6204,26.0184,8.0416,36.7537,22348.7980,-14.8342,NA,NA,NA,NA,NA,NA,NA,NA,NA,NA
226.359,4.6204,26.0184,8.0370,36.6759,23919.5780,-8.8483,NA,NA,NA,NA,NA,NA,NA,NA,NA,NA
226.457,4.6195,25.9940,8.0292,36.5423,25912.8200,-1.2525,NA,NA,NA,NA,NA,NA,NA,NA,NA,NA
226.557,4.5957,25.3458,8.0158,36.3157,47889.1000,82.4937,NA,NA,NA,NA,NA,NA,NA,NA,NA,NA
226.659,4.5817,24.9637,8.0158,36.3157,52373.4680,99.5826,NA,NA,NA,NA,NA,NA,NA,NA,NA,NA
226.757,4.5795,24.9018,8.0133,36.2729,57021.8600,117.2964,NA,NA,NA,NA,NA,NA,NA,NA,NA,NA
226.856,4.5703,24.6522,8.0075,36.1739,57021.8600,117.2964,NA,NA,NA,NA,NA,NA,NA,NA,NA,NA
226.991,4.5564,24.2743,8.0000,36.0467,26639.1320,1.5153,NA,NA,NA,NA,NA,NA,NA,NA,NA,NA
227.046,4.5477,24.0363,7.9995,36.0381,29377.8400,11.9518,NA,NA,NA,NA,NA,NA,NA,NA,NA,NA
227.147,4.5349,23.6876,7.9893,35.8651,29377.8400,11.9518,NA,NA,NA,NA,NA,NA,NA,NA,NA,NA
227.248,4.5217,23.3255,7.9742,35.6079,22781.0420,-13.1870,NA,NA,NA,NA,NA,NA,NA,NA,NA,NA
227.343,4.5196,23.2685,7.9500,35.1962,24362.5180,-7.1604,NA,NA,NA,NA,NA,NA,NA,NA,NA,NA
227.446,4.5178,23.2207,7.9569,35.3138,45015.4800,71.5431,NA,NA,NA,NA,NA,NA,NA,NA,NA,NA
227.541,4.5266,23.4594,8.0239,36.4531,48679.5040,85.5058,NA,NA,NA,NA,NA,NA,NA,NA,NA,NA
227.677,4.5888,25.1578,8.1028,37.7942,53533.8280,104.0044,NA,NA,NA,NA,NA,NA,NA,NA,NA,NA
227.732,4.6071,25.6551,8.1528,38.6442,58232.3040,121.9092,NA,NA,NA,NA,NA,NA,NA,NA,NA,NA
227.838,4.6608,27.1205,8.1796,39.1004,58232.3040,121.9092,NA,NA,NA,NA,NA,NA,NA,NA,NA,NA
227.927,4.6822,27.7038,8.2116,39.6444,27379.5780,4.3369,NA,NA,NA,NA,NA,NA,NA,NA,NA,NA
228.032,4.7527,29.6284,8.2383,40.0997,30028.5720,14.4316,NA,NA,NA,NA,NA,NA,NA,NA,NA,NA
228.169,4.7527,29.6284,8.2449,40.2117,30028.5720,14.4316,NA,NA,NA,NA,NA,NA,NA,NA,NA,NA
228.237,4.7673,30.0256,8.2467,40.2424,23240.0340,-11.4379,NA,NA,NA,NA,NA,NA,NA,NA,NA,NA
228.347,4.7673,30.0256,8.2467,40.2424,24844.5120,-5.3236,NA,NA,NA,NA,NA,NA,NA,NA,NA,NA
228.439,4.7660,29.9906,8.2358,40.0568,46090.6000,75.6401,NA,NA,NA,NA,NA,NA,NA,NA,NA,NA
228.530,4.7396,29.2701,8.2334,40.0148,49763.0080,89.6347,NA,NA,NA,NA,NA,NA,NA,NA,NA,NA
228.627,4.7102,28.4673,8.2219,39.8206,49763.0080,89.6347,NA,NA,NA,NA,NA,NA,NA,NA,NA,NA
228.720,4.7181,28.6826,8.2773,40.7630,32528.6320,23.9587,NA,NA,NA,NA,NA,NA,NA,NA,NA,NA
228.857,4.7376,29.2148,8.2973,41.1031,32528.6320,23.9587,NA,NA,NA,NA,NA,NA,NA,NA,NA,NA
228.942,4.7457,29.4368,8.2973,41.1031,23791.4600,-9.3365,NA,NA,NA,NA,NA,NA,NA,NA,NA,NA
229.019,4.7457,29.4368,8.2943,41.0513,25513.6080,-2.7738,NA,NA,NA,NA,NA,NA,NA,NA,NA,NA
229.116,4.7153,28.6079,8.3132,41.3728,46932.7480,78.8493,NA,NA,NA,NA,NA,NA,NA,NA,NA,NA
229.210,4.6883,27.8715,8.3132,41.3728,50875.4080,93.8738,NA,NA,NA,NA,NA,NA,NA,NA,NA,NA
229.345,4.6862,27.8140,8.2998,41.1456,54494.8920,107.6668,NA,NA,NA,NA,NA,NA,NA,NA,NA,NA
229.410,4.6784,27.6013,8.2985,41.1232,54494.8920,107.6668,NA,NA,NA,NA,NA,NA,NA,NA,NA,NA
229.504,4.6502,26.8318,8.2787,40.7857,26336.9880,0.3639,NA,NA,NA,NA,NA,NA,NA,NA,NA,NA
229.617,4.5906,25.2057,8.2684,40.6109,29525.3920,12.5141,NA,NA,NA,NA,NA,NA,NA,NA,NA,NA
229.702,4.5996,25.4516,8.3280,41.6250,29525.3920,12.5141,NA,NA,NA,NA,NA,NA,NA,NA,NA,NA
229.798,4.6034,25.5562,8.3280,41.6250,22380.8960,-14.7118,NA,NA,NA,NA,NA,NA,NA,NA,NA,NA
229.895,4.6068,25.6485,8.2039,39.5143,23991.3800,-8.5747,NA,NA,NA,NA,NA,NA,NA,NA,NA,NA
230.030,4.6068,25.6485,8.1495,38.5880,25967.4280,-1.0444,NA,NA,NA,NA,NA,NA,NA,NA,NA,NA
230.102,4.5748,24.7738,8.1147,37.9974,48281.0000,83.9872,NA,NA,NA,NA,NA,NA,NA,NA,NA,NA
230.198,4.5629,24.4499,8.0966,37.6885,52044.0400,98.3272,NA,NA,NA,NA,NA,NA,NA,NA,NA,NA
230.297,4.5462,23.9952,8.0834,37.4639,55977.9200,113.3182,NA,NA,NA,NA,NA,NA,NA,NA,NA,NA
230.397,4.5381,23.7739,8.0745,37.3133,55977.9200,113.3182,NA,NA,NA,NA,NA,NA,NA,NA,NA,NA
230.486,4.5168,23.1925,8.0621,37.1033,26730.5280,1.8635,NA,NA,NA,NA,NA,NA,NA,NA,NA,NA
230.626,4.5050,22.8706,8.0515,36.9219,30149.3020,14.8917,NA,NA,NA,NA,NA,NA,NA,NA,NA,NA
230.686,4.5203,23.2880,8.0451,36.8133,30149.3020,14.8917,NA,NA,NA,NA,NA,NA,NA,NA,NA,NA
230.780,4.5235,23.3745,8.0398,36.7237,22797.2460,-13.1252,NA,NA,NA,NA,NA,NA,NA,NA,NA,NA
230.882,4.5235,23.3745,8.0334,36.6151,24455.7920,-6.8049,NA,NA,NA,NA,NA,NA,NA,NA,NA,NA
230.981,4.5030,22.8179,8.0259,36.4866,44779.8960,70.6453,NA,NA,NA,NA,NA,NA,NA,NA,NA,NA
231.076,4.4793,22.1710,8.0171,36.3377,49097.5840,87.0990,NA,NA,NA,NA,NA,NA,NA,NA,NA,NA
231.237,4.4793,22.1710,8.0061,36.1504,53265.3640,102.9814,NA,NA,NA,NA,NA,NA,NA,NA,NA,NA
231.268,4.4703,21.9239,7.9999,36.0447,57313.3760,118.4073,NA,NA,NA,NA,NA,NA,NA,NA,NA,NA
231.373,4.4702,21.9214,7.9885,35.8508,57313.3760,118.4073,NA,NA,NA,NA,NA,NA,NA,NA,NA,NA
231.469,4.4577,21.5818,7.9746,35.6144,27370.4060,4.3020,NA,NA,NA,NA,NA,NA,NA,NA,NA,NA
231.562,4.4591,21.6188,7.9659,35.4673,30647.1700,16.7889,NA,NA,NA,NA,NA,NA,NA,NA,NA,NA
231.677,4.4788,22.1569,7.9622,35.4029,30647.1700,16.7889,NA,NA,NA,NA,NA,NA,NA,NA,NA,NA
231.786,4.4788,22.1569,7.9568,35.3112,23226.8540,-11.4881,NA,NA,NA,NA,NA,NA,NA,NA,NA,NA
231.862,4.4787,22.1539,7.9522,35.2337,24929.0000,-5.0016,NA,NA,NA,NA,NA,NA,NA,NA,NA,NA
231.958,4.4620,21.6978,7.9461,35.1306,45763.9160,74.3952,NA,NA,NA,NA,NA,NA,NA,NA,NA,NA
232.067,4.4470,21.2886,7.9378,34.9881,45763.9160,74.3952,NA,NA,NA,NA,NA,NA,NA,NA,NA,NA
232.160,4.4426,21.1698,7.9329,34.9055,29463.2440,12.2773,NA,NA,NA,NA,NA,NA,NA,NA,NA,NA
232.261,4.4579,21.5852,7.9296,34.8488,32045.5520,22.1178,NA,NA,NA,NA,NA,NA,NA,NA,NA,NA
232.387,4.4579,21.5852,7.9246,34.7639,32045.5520,22.1178,NA,NA,NA,NA,NA,NA,NA,NA,NA,NA
232.456,4.4376,21.0332,7.9195,34.6767,23811.9460,-9.2585,NA,NA,NA,NA,NA,NA,NA,NA,NA,NA
232.551,4.4227,20.6273,7.9168,34.6319,25402.4720,-3.1974,NA,NA,NA,NA,NA,NA,NA,NA,NA,NA
232.651,4.4227,20.6273,7.9121,34.5513,46368.6640,76.6997,NA,NA,NA,NA,NA,NA,NA,NA,NA,NA
232.745,4.4143,20.3971,7.9074,34.4723,49754.4280,89.6020,NA,NA,NA,NA,NA,NA,NA,NA,NA,NA
232.854,4.4143,20.3971,7.9074,34.4723,52971.2040,101.8604,NA,NA,NA,NA,NA,NA,NA,NA,NA,NA
233.010,4.3935,19.8287,7.8985,34.3207,52971.2040,101.8604,NA,NA,NA,NA,NA,NA,NA,NA,NA,NA
233.042,4.3975,19.9395,7.8936,34.2371,26946.7000,2.6873,198270.3520,0.0000,NA,NA,NA,NA,NA,NA,NA,NA
233.140,4.3975,19.9395,7.8894,34.1655,54853.7520,109.0343,NA,NA,NA,NA,NA,NA,NA,NA,NA,NA
233.239,4.3914,19.7731,7.8797,33.9998,54853.7520,109.0343,NA,NA,NA,NA,NA,NA,NA,NA,NA,NA
233.356,4.3877,19.6706,7.8779,33.9703,25911.3120,-1.2583,NA,NA,NA,NA,NA,NA,NA,NA,NA,NA
233.436,4.3666,19.0952,7.8752,33.9241,28513.1280,8.6566,NA,NA,NA,NA,NA,NA,NA,NA,NA,NA
233.532,4.4201,20.5545,7.8631,33.7188,31702.3600,20.8100,NA,NA,NA,NA,NA,NA,NA,NA,NA,NA
233.630,4.4201,20.5545,7.8593,33.6534,31702.3600,20.8100,NA,NA,NA,NA,NA,NA,NA,NA,NA,NA
233.729,4.4136,20.3783,7.8559,33.5967,23286.2960,-11.2616,NA,NA,NA,NA,NA,NA,NA,NA,NA,NA
233.825,4.4136,20.3783,7.8549,33.5787,24731.9280,-5.7526,NA,NA,NA,NA,NA,NA,NA,NA,NA,NA
233.937,4.4124,20.3446,7.8515,33.5204,44236.4400,68.5743,NA,NA,NA,NA,NA,NA,NA,NA,NA,NA
234.032,4.4014,20.0446,7.8424,33.3669,44236.4400,68.5743,NA,NA,NA,NA,NA,NA,NA,NA,NA,NA
234.177,4.3973,19.9350,7.8358,33.2537,29172.1720,11.1681,NA,NA,NA,NA,NA,NA,NA,NA,NA,NA
234.235,4.3927,19.8078,7.8323,33.1940,29172.1720,11.1681,NA,NA,NA,NA,NA,NA,NA,NA,NA,NA
234.328,4.3932,19.8228,7.8301,33.1579,21892.7400,-16.5721,NA,NA,NA,NA,NA,NA,NA,NA,NA,NA
234.421,4.4000,20.0073,7.8203,32.9902,23778.3020,-9.3867,NA,NA,NA,NA,NA,NA,NA,NA,NA,NA
234.541,4.4000,20.0073,7.8156,32.9111,26056.8360,-0.7037,NA,NA,NA,NA,NA,NA,NA,NA,NA,NA
234.627,4.3613,18.9531,7.8077,32.7757,48854.0560,86.1709,NA,NA,NA,NA,NA,NA,NA,NA,NA,NA
234.718,4.3595,18.9035,7.8016,32.6733,53860.3280,105.2486,NA,NA,NA,NA,NA,NA,NA,NA,NA,NA
234.813,4.3478,18.5846,7.7954,32.5675,58510.1520,122.9680,NA,NA,NA,NA,NA,NA,NA,NA,NA,NA
234.917,4.3373,18.2976,7.7938,32.5403,58510.1520,122.9680,NA,NA,NA,NA,NA,NA,NA,NA,NA,NA
235.023,4.3243,17.9423,7.7869,32.4218,27507.8200,4.8256,NA,NA,NA,NA,NA,NA,NA,NA,NA,NA
235.107,4.3243,17.9423,7.7756,32.2295,29700.9540,13.1831,NA,NA,NA,NA,NA,NA,NA,NA,NA,NA
235.215,4.3267,18.0093,7.7692,32.1209,29700.9540,13.1831,NA,NA,NA,NA,NA,NA,NA,NA,NA,NA
235.355,4.3470,18.5611,7.7616,31.9914,22254.5040,-15.1935,NA,NA,NA,NA,NA,NA,NA,NA,NA,NA
235.407,4.3470,18.5611,7.7543,31.8678,24078.8140,-8.2415,NA,NA,NA,NA,NA,NA,NA,NA,NA,NA
235.522,4.3409,18.3960,7.7507,31.8067,44146.6960,68.2323,NA,NA,NA,NA,NA,NA,NA,NA,NA,NA
235.612,4.3185,17.7856,7.7356,31.5505,49111.3960,87.1516,NA,NA,NA,NA,NA,NA,NA,NA,NA,NA
235.696,4.3229,17.9057,7.7333,31.5112,54743.7880,108.6153,NA,NA,NA,NA,NA,NA,NA,NA,NA,NA
235.793,4.3229,17.9057,7.7272,31.4078,59929.2360,128.3757,NA,NA,NA,NA,NA,NA,NA,NA,NA,NA
235.893,4.3097,17.5439,7.7200,31.2841,59929.2360,128.3757,NA,NA,NA,NA,NA,NA,NA,NA,NA,NA
236.021,4.2926,17.0772,7.7141,31.1849,28250.3360,7.6552,NA,NA,NA,NA,NA,NA,NA,NA,NA,NA
236.087,4.2944,17.1264,7.7137,31.1778,30651.4180,16.8051,NA,NA,NA,NA,NA,NA,NA,NA,NA,NA
236.186,4.2948,17.1379,7.7114,31.1388,30651.4180,16.8051,NA,NA,NA,NA,NA,NA,NA,NA,NA,NA
236.283,4.3049,17.4133,7.7047,31.0238,22659.4140,-13.6505,NA,NA,NA,NA,NA,NA,NA,NA,NA,NA
236.411,4.3049,17.4133,7.7043,31.0185,24483.8400,-6.6980,NA,NA,NA,NA,NA,NA,NA,NA,NA,NA
236.479,4.2996,17.2687,7.7033,31.0006,44448.2160,69.3813,NA,NA,NA,NA,NA,NA,NA,NA,NA,NA
236.674,4.2946,17.1331,7.6898,30.7712,49909.0080,90.1911,NA,NA,NA,NA,NA,NA,NA,NA,NA,NA
236.682,4.2920,17.0609,7.6834,30.6631,49909.0080,90.1911,NA,NA,NA,NA,NA,NA,NA,NA,NA,NA
236.797,4.2947,17.1341,7.6753,30.5240,31021.1840,18.2142,NA,NA,NA,NA,NA,NA,NA,NA,NA,NA
236.882,4.2980,17.2261,7.6713,30.4562,31021.1840,18.2142,NA,NA,NA,NA,NA,NA,NA,NA,NA,NA
236.986,4.2980,17.2261,7.6704,30.4421,23958.8040,-8.6988,NA,NA,NA,NA,NA,NA,NA,NA,NA,NA
237.076,4.2949,17.1417,7.6684,30.4071,25611.9000,-2.3993,NA,NA,NA,NA,NA,NA,NA,NA,NA,NA
237.195,4.2673,16.3871,7.6579,30.2287,48105.4000,83.3180,NA,NA,NA,NA,NA,NA,NA,NA,NA,NA
237.280,4.2603,16.1979,7.6475,30.0524,51618.7400,96.7065,NA,NA,NA,NA,NA,NA,NA,NA,NA,NA
237.375,4.2561,16.0814,7.6419,29.9562,56281.5920,114.4755,NA,NA,NA,NA,NA,NA,NA,NA,NA,NA
237.470,4.2561,16.0814,7.6407,29.9369,56281.5920,114.4755,NA,NA,NA,NA,NA,NA,NA,NA,NA,NA
237.589,4.2559,16.0778,7.6326,29.7978,26291.7380,0.1914,NA,NA,NA,NA,NA,NA,NA,NA,NA,NA
237.669,4.2506,15.9317,7.6301,29.7555,28235.5520,7.5988,NA,NA,NA,NA,NA,NA,NA,NA,NA,NA
237.789,4.2550,16.0535,7.6238,29.6484,28235.5520,7.5988,NA,NA,NA,NA,NA,NA,NA,NA,NA,NA
237.859,4.2560,16.0790,7.6213,29.6062,22113.4460,-15.7310,NA,NA,NA,NA,NA,NA,NA,NA,NA,NA
237.961,4.2560,16.0790,7.6190,29.5675,24047.2780,-8.3617,NA,NA,NA,NA,NA,NA,NA,NA,NA,NA
238.075,4.2549,16.0510,7.6100,29.4138,26139.4900,-0.3888,NA,NA,NA,NA,NA,NA,NA,NA,NA,NA
238.150,4.2405,15.6565,7.6066,29.3569,49353.9960,88.0761,NA,NA,NA,NA,NA,NA,NA,NA,NA,NA
238.256,4.2304,15.3802,7.6015,29.2700,53313.3000,103.1640,NA,NA,NA,NA,NA,NA,NA,NA,NA,NA
238.348,4.2304,15.3802,7.6083,29.3848,57443.8680,118.9046,NA,NA,NA,NA,NA,NA,NA,NA,NA,NA
238.453,4.2016,14.5972,7.6083,29.3848,57443.8680,118.9046,NA,NA,NA,NA,NA,NA,NA,NA,NA,NA
238.548,4.1996,14.5413,7.6023,29.2824,27125.9760,3.3705,NA,NA,NA,NA,NA,NA,NA,NA,NA,NA
238.643,4.1923,14.3437,7.5989,29.2249,29096.5860,10.8800,NA,NA,NA,NA,NA,NA,NA,NA,NA,NA
238.740,4.2040,14.6614,7.5926,29.1187,29096.5860,10.8800,NA,NA,NA,NA,NA,NA,NA,NA,NA,NA
238.851,4.2066,14.7332,7.5936,29.1360,22430.5380,-14.5227,NA,NA,NA,NA,NA,NA,NA,NA,NA,NA
238.946,4.2066,14.7332,7.5936,29.1360,24402.2320,-7.0090,NA,NA,NA,NA,NA,NA,NA,NA,NA,NA
239.037,4.2008,14.5752,7.5884,29.0475,45186.9240,72.1964,NA,NA,NA,NA,NA,NA,NA,NA,NA,NA
239.133,4.1880,14.2257,7.5864,29.0127,50095.1960,90.9006,NA,NA,NA,NA,NA,NA,NA,NA,NA,NA
239.241,4.1822,14.0673,7.5858,29.0023,54575.9720,107.9758,NA,NA,NA,NA,NA,NA,NA,NA,NA,NA
239.358,4.1728,13.8101,7.5858,29.0023,58449.6240,122.7373,NA,NA,NA,NA,NA,NA,NA,NA,NA,NA
239.425,4.1660,13.6251,7.5748,28.8160,58449.6240,122.7373,NA,NA,NA,NA,NA,NA,NA,NA,NA,NA
239.523,4.1628,13.5373,7.5685,28.7077,27966.5960,6.5739,NA,NA,NA,NA,NA,NA,NA,NA,NA,NA
239.633,4.1677,13.6724,7.5619,28.5956,30026.5840,14.4240,NA,NA,NA,NA,NA,NA,NA,NA,NA,NA
239.722,4.1741,13.8474,7.5509,28.4097,30026.5840,14.4240,NA,NA,NA,NA,NA,NA,NA,NA,NA,NA
239.842,4.1741,13.8474,7.5439,28.2909,22839.4440,-12.9644,NA,NA,NA,NA,NA,NA,NA,NA,NA,NA
239.924,4.1674,13.6643,7.5438,28.2877,24803.7840,-5.4788,NA,NA,NA,NA,NA,NA,NA,NA,NA,NA
240.014,4.1634,13.5544,7.5380,28.1897,45992.7880,75.2673,NA,NA,NA,NA,NA,NA,NA,NA,NA,NA
240.125,4.1577,13.3988,7.5343,28.1266,50907.5080,93.9961,NA,NA,NA,NA,NA,NA,NA,NA,NA,NA
240.217,4.1540,13.2985,7.5287,28.0320,50907.5080,93.9961,NA,NA,NA,NA,NA,NA,NA,NA,NA,NA
240.317,4.1611,13.4917,7.5257,27.9800,31868.8460,21.4444,NA,NA,NA,NA,NA,NA,NA,NA,NA,NA
240.432,4.1757,13.8891,7.5238,27.9475,31868.8460,21.4444,NA,NA,NA,NA,NA,NA,NA,NA,NA,NA
240.513,4.1757,13.8891,7.5194,27.8727,23870.8460,-9.0340,NA,NA,NA,NA,NA,NA,NA,NA,NA,NA
240.639,4.1698,13.7279,7.5162,27.8185,25571.1440,-2.5546,NA,NA,NA,NA,NA,NA,NA,NA,NA,NA
240.710,4.1491,13.1648,7.5131,27.7657,47037.2280,79.2474,NA,NA,NA,NA,NA,NA,NA,NA,NA,NA
240.827,4.1298,12.6366,7.5051,27.6310,51494.9960,96.2349,NA,NA,NA,NA,NA,NA,NA,NA,NA,NA
240.910,4.1243,12.4875,7.5002,27.5476,56049.3480,113.5904,NA,NA,NA,NA,NA,NA,NA,NA,NA,NA
241.008,4.1217,12.4165,7.4968,27.4895,56049.3480,113.5904,NA,NA,NA,NA,NA,NA,NA,NA,NA,NA
241.110,4.1203,12.3799,7.4937,27.4360,25751.3700,-1.8678,197404.3040,0.0000,NA,NA,NA,NA,NA,NA,NA,NA
241.205,4.1178,12.3100,7.4903,27.3785,52889.7560,101.5500,NA,NA,NA,NA,NA,NA,NA,NA,NA,NA
241.305,4.1178,12.3100,7.4880,27.3400,52889.7560,101.5500,NA,NA,NA,NA,NA,NA,NA,NA,NA,NA
241.453,4.1108,12.1187,7.4870,27.3229,25879.4300,-1.3798,NA,NA,NA,NA,NA,NA,NA,NA,NA,NA
241.532,4.1151,12.2376,7.4800,27.2033,28853.7640,9.9547,NA,NA,NA,NA,NA,NA,NA,NA,NA,NA
241.612,4.1282,12.5940,7.4767,27.1475,32101.6860,22.3317,NA,NA,NA,NA,NA,NA,NA,NA,NA,NA
241.697,4.1325,12.7101,7.4742,27.1054,32101.6860,22.3317,NA,NA,NA,NA,NA,NA,NA,NA,NA,NA
241.788,4.1327,12.7158,7.4702,27.0364,23782.6620,-9.3701,NA,NA,NA,NA,NA,NA,NA,NA,NA,NA
241.887,4.1327,12.7158,7.4624,26.9048,25421.5800,-3.1245,NA,NA,NA,NA,NA,NA,NA,NA,NA,NA
242.046,4.1192,12.3492,7.4634,26.9219,46696.9720,77.9508,NA,NA,NA,NA,NA,NA,NA,NA,NA,NA
242.105,4.1128,12.1737,7.4634,26.9219,46696.9720,77.9508,NA,NA,NA,NA,NA,NA,NA,NA,NA,NA
242.192,4.1104,12.1079,7.4600,26.8629,29836.3780,13.6992,NA,NA,NA,NA,NA,NA,NA,NA,NA,NA
242.285,4.1142,12.2136,7.4491,26.6781,29836.3780,13.6992,NA,NA,NA,NA,NA,NA,NA,NA,NA,NA
242.391,4.1328,12.7207,7.4467,26.6368,22299.8680,-15.0206,NA,NA,NA,NA,NA,NA,NA,NA,NA,NA
242.556,4.1421,12.9722,7.4425,26.5655,23569.3920,-10.1828,NA,NA,NA,NA,NA,NA,NA,NA,NA,NA
242.645,4.1421,12.9722,7.4408,26.5362,25226.9640,-3.8662,NA,NA,NA,NA,NA,NA,NA,NA,NA,NA
242.729,4.1270,12.5611,7.4408,26.5362,45470.7440,73.2780,NA,NA,NA,NA,NA,NA,NA,NA,NA,NA
242.817,4.1086,12.0590,7.4337,26.4169,49980.5840,90.4639,NA,NA,NA,NA,NA,NA,NA,NA,NA,NA
242.898,4.0931,11.6376,7.4301,26.3543,55707.8640,112.2891,NA,NA,NA,NA,NA,NA,NA,NA,NA,NA
242.980,4.0953,11.6975,7.4301,26.3543,55707.8640,112.2891,NA,NA,NA,NA,NA,NA,NA,NA,NA,NA
243.069,4.0953,11.6975,7.4270,26.3024,27720.8360,5.6374,193799.0240,0.0000,NA,NA,NA,NA,NA,NA,NA,NA
243.204,4.0916,11.5956,7.4241,26.2525,57766.8480,120.1354,NA,NA,NA,NA,NA,NA,NA,NA,NA,NA
243.272,4.0827,11.3524,7.4211,26.2010,57766.8480,120.1354,NA,NA,NA,NA,NA,NA,NA,NA,NA,NA
243.371,4.0786,11.2426,7.4196,26.1755,26740.6600,1.9022,NA,NA,NA,NA,NA,NA,NA,NA,NA,NA
243.465,4.0841,11.3913,7.4148,26.0941,29100.7380,10.8958,NA,NA,NA,NA,NA,NA,NA,NA,NA,NA
243.604,4.0865,11.4567,7.4098,26.0097,29100.7380,10.8958,NA,NA,NA,NA,NA,NA,NA,NA,NA,NA
243.665,4.0996,11.8153,7.4062,25.9479,21762.8380,-17.0671,NA,NA,NA,NA,NA,NA,NA,NA,NA,NA
243.841,4.1012,11.8571,7.4034,25.9009,23394.6660,-10.8486,NA,NA,NA,NA,NA,NA,NA,NA,NA,NA
243.863,4.1012,11.8571,7.4019,25.8758,25636.8500,-2.3042,NA,NA,NA,NA,NA,NA,NA,NA,NA,NA
243.963,4.0860,11.4432,7.4012,25.8631,47743.1920,81.9377,NA,NA,NA,NA,NA,NA,NA,NA,NA,NA
244.061,4.0681,10.9541,7.3918,25.7035,47743.1920,81.9377,NA,NA,NA,NA,NA,NA,NA,NA,NA,NA
244.156,4.0687,10.9722,7.3866,25.6155,29349.5440,11.8440,NA,NA,NA,NA,NA,NA,NA,NA,NA,NA
244.259,4.0862,11.4491,7.3854,25.5942,29349.5440,11.8440,NA,NA,NA,NA,NA,NA,NA,NA,NA,NA
244.369,4.0921,11.6082,7.3805,25.5108,22938.4860,-12.5870,NA,NA,NA,NA,NA,NA,NA,NA,NA,NA
244.475,4.0921,11.6082,7.3805,25.5108,24591.3360,-6.2884,NA,NA,NA,NA,NA,NA,NA,NA,NA,NA
244.547,4.0901,11.5545,7.3764,25.4418,45926.0080,75.0129,NA,NA,NA,NA,NA,NA,NA,NA,NA,NA
244.650,4.0728,11.0837,7.3760,25.4349,49493.1520,88.6064,NA,NA,NA,NA,NA,NA,NA,NA,NA,NA
244.744,4.0503,10.4704,7.3705,25.3411,53724.8520,104.7324,NA,NA,NA,NA,NA,NA,NA,NA,NA,NA
244.850,4.0249,9.7756,7.3616,25.1902,58691.4120,123.6587,NA,NA,NA,NA,NA,NA,NA,NA,NA,NA
244.940,4.0275,9.8476,7.3629,25.2128,58691.4120,123.6587,NA,NA,NA,NA,NA,NA,NA,NA,NA,NA
245.047,4.0297,9.9080,7.3629,25.2128,27281.0700,3.9615,NA,NA,NA,NA,NA,NA,NA,NA,NA,NA
245.144,4.0700,11.0080,7.3492,24.9795,29558.9720,12.6421,NA,NA,NA,NA,NA,NA,NA,NA,NA,NA
245.234,4.0700,11.0080,7.3436,24.8838,29558.9720,12.6421,NA,NA,NA,NA,NA,NA,NA,NA,NA,NA
245.335,4.0682,10.9569,7.3430,24.8735,23272.3480,-11.3147,NA,NA,NA,NA,NA,NA,NA,NA,NA,NA
245.435,4.0587,10.6978,7.3425,24.8644,25113.9140,-4.2970,NA,NA,NA,NA,NA,NA,NA,NA,NA,NA
245.599,4.0587,10.6978,7.3349,24.7367,46900.0960,78.7249,NA,NA,NA,NA,NA,NA,NA,NA,NA,NA
245.623,4.0420,10.2435,7.3329,24.7011,50741.6120,93.3639,NA,NA,NA,NA,NA,NA,NA,NA,NA,NA
245.724,4.0342,10.0292,7.3362,24.7588,54449.6680,107.4944,NA,NA,NA,NA,NA,NA,NA,NA,NA,NA
245.827,4.0342,10.0292,7.3362,24.7588,54449.6680,107.4944,NA,NA,NA,NA,NA,NA,NA,NA,NA,NA
245.927,4.0218,9.6913,7.3358,24.7516,25731.3200,-1.9442,NA,NA,NA,NA,NA,NA,NA,NA,NA,NA
246.033,4.0142,9.4852,7.3042,24.2141,27927.9980,6.4268,NA,NA,NA,NA,NA,NA,NA,NA,NA,NA
246.118,4.0354,10.0620,7.2666,23.5741,30712.0100,17.0360,NA,NA,NA,NA,NA,NA,NA,NA,NA,NA
246.246,4.0354,10.0620,7.2484,23.2644,30712.0100,17.0360,NA,NA,NA,NA,NA,NA,NA,NA,NA,NA
246.310,4.0351,10.0551,7.2180,22.7486,23568.9140,-10.1846,NA,NA,NA,NA,NA,NA,NA,NA,NA,NA
246.459,4.0190,9.6158,7.1852,22.1909,25403.9960,-3.1915,NA,NA,NA,NA,NA,NA,NA,NA,NA,NA
246.521,3.9976,9.0333,7.1446,21.5000,47159.8320,79.7147,NA,NA,NA,NA,NA,NA,NA,NA,NA,NA
246.610,3.9958,8.9835,7.0900,20.5714,51430.9440,95.9908,NA,NA,NA,NA,NA,NA,NA,NA,NA,NA
246.706,3.9883,8.7788,7.0639,20.1274,55654.7840,112.0869,NA,NA,NA,NA,NA,NA,NA,NA,NA,NA
246.825,4.0228,9.7192,7.1240,21.1487,55654.7840,112.0869,NA,NA,NA,NA,NA,NA,NA,NA,NA,NA
246.919,4.0920,11.6068,7.2424,23.1632,26515.5340,1.0443,NA,NA,NA,NA,NA,NA,NA,NA,NA,NA
247.007,4.2308,15.3928,7.3542,25.0636,26515.5340,1.0443,NA,NA,NA,NA,NA,NA,NA,NA,NA,NA
247.104,4.2640,16.2979,7.4148,26.0955,26200.3020,-0.1570,NA,NA,NA,NA,NA,NA,NA,NA,NA,NA
247.201,4.2873,16.9326,7.4757,27.1303,48131.7360,83.4183,NA,NA,NA,NA,NA,NA,NA,NA,NA,NA
247.298,4.2945,17.1293,7.5094,27.7035,52595.8480,100.4300,NA,NA,NA,NA,NA,NA,NA,NA,NA,NA
247.398,4.3036,17.3793,7.5258,27.9816,57050.7200,117.4064,NA,NA,NA,NA,NA,NA,NA,NA,NA,NA
247.496,4.3173,17.7530,7.5337,28.1162,57050.7200,117.4064,NA,NA,NA,NA,NA,NA,NA,NA,NA,NA
247.632,4.3173,17.7530,7.5337,28.1162,26818.0380,2.1970,NA,NA,NA,NA,NA,NA,NA,NA,NA,NA
247.696,4.3168,17.7390,7.5313,28.0757,29683.1960,13.1154,NA,NA,NA,NA,NA,NA,NA,NA,NA,NA
247.808,4.2994,17.2630,7.5244,27.9582,29683.1960,13.1154,NA,NA,NA,NA,NA,NA,NA,NA,NA,NA
247.887,4.3010,17.3073,7.5207,27.8949,22709.9220,-13.4580,NA,NA,NA,NA,NA,NA,NA,NA,NA,NA
247.988,4.3177,17.7634,7.5153,27.8031,24347.7580,-7.2166,NA,NA,NA,NA,NA,NA,NA,NA,NA,NA
248.088,4.3177,17.7634,7.5110,27.7299,44534.9040,69.7117,NA,NA,NA,NA,NA,NA,NA,NA,NA,NA
248.192,4.3226,17.8965,7.5627,28.6100,48753.4440,85.7875,NA,NA,NA,NA,NA,NA,NA,NA,NA,NA
248.283,4.3989,19.9761,7.6364,29.8632,53466.4760,103.7477,NA,NA,NA,NA,NA,NA,NA,NA,NA,NA
248.382,4.4336,20.9231,7.7164,31.2230,58132.6840,121.5295,NA,NA,NA,NA,NA,NA,NA,NA,NA,NA
248.476,4.4975,22.6671,7.8063,32.7531,58132.6840,121.5295,NA,NA,NA,NA,NA,NA,NA,NA,NA,NA
248.609,4.5205,23.2952,7.8327,33.2008,27459.5200,4.6416,NA,NA,NA,NA,NA,NA,NA,NA,NA,NA
248.697,4.6034,25.5541,7.8607,33.6781,30238.6220,15.2320,NA,NA,NA,NA,NA,NA,NA,NA,NA,NA
248.796,4.6261,26.1750,7.8882,34.1459,30238.6220,15.2320,NA,NA,NA,NA,NA,NA,NA,NA,NA,NA
248.962,4.6747,27.4986,7.9022,34.3827,23217.2840,-11.5246,NA,NA,NA,NA,NA,NA,NA,NA,NA,NA
248.967,4.6806,27.6605,7.9090,34.4985,24857.2760,-5.2750,NA,NA,NA,NA,NA,NA,NA,NA,NA,NA
249.067,4.6806,27.6605,7.9132,34.5712,45953.3640,75.1171,NA,NA,NA,NA,NA,NA,NA,NA,NA,NA
249.192,4.6677,27.3077,7.9132,34.5712,49933.2360,90.2834,NA,NA,NA,NA,NA,NA,NA,NA,NA,NA
249.276,4.6470,26.7435,7.9128,34.5638,54800.6920,108.8321,NA,NA,NA,NA,NA,NA,NA,NA,NA,NA
249.358,4.6417,26.5988,7.9128,34.5638,54800.6920,108.8321,NA,NA,NA,NA,NA,NA,NA,NA,NA,NA
249.461,4.6029,25.5400,7.9048,34.4283,25437.7720,-3.0628,NA,NA,NA,NA,NA,NA,NA,NA,NA,NA
249.560,4.5897,25.1802,7.8956,34.2715,27730.8080,5.6754,NA,NA,NA,NA,NA,NA,NA,NA,NA,NA
249.654,4.6264,26.1824,7.8956,34.2715,30821.6820,17.4539,NA,NA,NA,NA,NA,NA,NA,NA,NA,NA
249.767,4.6425,26.6220,7.9440,35.0944,30821.6820,17.4539,NA,NA,NA,NA,NA,NA,NA,NA,NA,NA
249.876,4.7215,28.7761,8.0080,36.1820,23694.7040,-9.7052,NA,NA,NA,NA,NA,NA,NA,NA,NA,NA
249.946,4.7463,29.4530,8.0629,37.1159,25315.6480,-3.5282,NA,NA,NA,NA,NA,NA,NA,NA,NA,NA
250.060,4.7608,29.8472,8.1021,37.7831,47084.1360,79.4262,NA,NA,NA,NA,NA,NA,NA,NA,NA,NA
250.149,4.7804,30.3820,8.1249,38.1705,47084.1360,79.4262,NA,NA,NA,NA,NA,NA,NA,NA,NA,NA
250.248,4.7914,30.6815,8.1381,38.3955,29827.3280,13.6647,NA,NA,NA,NA,NA,NA,NA,NA,NA,NA
250.344,4.8060,31.0818,8.1519,38.6290,29827.3280,13.6647,NA,NA,NA,NA,NA,NA,NA,NA,NA,NA
250.445,4.8246,31.5868,8.1606,38.7783,22324.7220,-14.9259,NA,NA,NA,NA,NA,NA,NA,NA,NA,NA
250.540,4.8246,31.5868,8.1634,38.8245,23929.2460,-8.8115,NA,NA,NA,NA,NA,NA,NA,NA,NA,NA
250.639,4.8228,31.5382,8.1634,38.8245,25903.1640,-1.2893,NA,NA,NA,NA,NA,NA,NA,NA,NA,NA
250.740,4.8182,31.4137,8.1601,38.7693,48108.3120,83.3291,NA,NA,NA,NA,NA,NA,NA,NA,NA,NA
250.840,4.7972,30.8414,8.1534,38.6559,51893.4680,97.7534,NA,NA,NA,NA,NA,NA,NA,NA,NA,NA
250.939,4.7797,30.3630,8.1484,38.5705,55964.5000,113.2671,NA,NA,NA,NA,NA,NA,NA,NA,NA,NA
251.035,4.7766,30.2776,8.1352,38.3455,55964.5000,113.2671,NA,NA,NA,NA,NA,NA,NA,NA,NA,NA
251.133,4.7660,29.9903,8.1332,38.3112,27371.9800,4.3080,NA,NA,NA,NA,NA,NA,NA,NA,NA,NA
251.232,4.7709,30.1222,8.1733,38.9942,30199.3520,15.0824,NA,NA,NA,NA,NA,NA,NA,NA,NA,NA
251.345,4.8655,32.7035,8.2283,39.9294,30199.3520,15.0824,NA,NA,NA,NA,NA,NA,NA,NA,NA,NA
251.434,4.9536,35.1060,8.2717,40.6671,22741.1280,-13.3391,NA,NA,NA,NA,NA,NA,NA,NA,NA,NA
251.577,4.9793,35.8068,8.3162,41.4237,24403.2800,-7.0050,NA,NA,NA,NA,NA,NA,NA,NA,NA,NA
251.623,4.9844,35.9453,8.3442,41.9003,44814.6960,70.7779,NA,NA,NA,NA,NA,NA,NA,NA,NA,NA
251.719,5.0311,37.2214,8.4005,42.8575,48962.4280,86.5839,NA,NA,NA,NA,NA,NA,NA,NA,NA,NA
251.815,5.1068,39.2858,8.4245,43.2658,53153.5920,102.5554,NA,NA,NA,NA,NA,NA,NA,NA,NA,NA
251.914,5.1068,39.2858,8.4386,43.5058,57247.0080,118.1544,NA,NA,NA,NA,NA,NA,NA,NA,NA,NA
252.014,5.1025,39.1685,8.4455,43.6224,57247.0080,118.1544,NA,NA,NA,NA,NA,NA,NA,NA,NA,NA
252.121,5.0903,38.8337,8.4486,43.6754,27852.1120,6.1376,NA,NA,NA,NA,NA,NA,NA,NA,NA,NA
252.233,5.0975,39.0309,8.4486,43.6754,30824.5260,17.4648,NA,NA,NA,NA,NA,NA,NA,NA,NA,NA
252.308,5.1023,39.1622,8.4412,43.5493,30824.5260,17.4648,NA,NA,NA,NA,NA,NA,NA,NA,NA,NA
252.415,5.1046,39.2261,8.4283,43.3294,23188.5320,-11.6341,NA,NA,NA,NA,NA,NA,NA,NA,NA,NA
252.514,5.1046,39.2261,8.4010,42.8658,24864.8320,-5.2462,NA,NA,NA,NA,NA,NA,NA,NA,NA,NA
252.604,5.0736,38.3797,8.4216,43.2158,45742.2720,74.3127,NA,NA,NA,NA,NA,NA,NA,NA,NA,NA
252.766,5.0271,37.1123,8.4653,43.9589,50106.1560,90.9424,NA,NA,NA,NA,NA,NA,NA,NA,NA,NA
252.813,5.0257,37.0728,8.5016,44.5760,50106.1560,90.9424,NA,NA,NA,NA,NA,NA,NA,NA,NA,NA
252.901,5.0545,37.8571,8.5385,45.2040,32254.7740,22.9151,NA,NA,NA,NA,NA,NA,NA,NA,NA,NA
253.009,5.0545,37.8571,8.5423,45.2691,32254.7740,22.9151,NA,NA,NA,NA,NA,NA,NA,NA,NA,NA
253.102,4.9967,36.2814,8.5423,45.2691,23809.6060,-9.2674,NA,NA,NA,NA,NA,NA,NA,NA,NA,NA
253.195,4.9569,35.1960,8.5270,45.0079,25237.0800,-3.8276,NA,NA,NA,NA,NA,NA,NA,NA,NA,NA
253.300,4.9268,34.3765,8.4944,44.4542,45850.7440,74.7260,NA,NA,NA,NA,NA,NA,NA,NA,NA,NA
253.407,4.8990,33.6169,8.4601,43.8708,49052.0640,86.9255,NA,NA,NA,NA,NA,NA,NA,NA,NA,NA
253.510,4.8445,32.1298,8.4088,42.9987,53126.4400,102.4519,NA,NA,NA,NA,NA,NA,NA,NA,NA,NA
253.594,4.8334,31.8285,8.3726,42.3834,53126.4400,102.4519,NA,NA,NA,NA,NA,NA,NA,NA,NA,NA
253.687,4.8089,31.1609,8.3332,41.7122,27103.6000,3.2852,197154.6880,0.0000,NA,NA,NA,NA,NA,NA,NA,NA
253.796,4.8011,30.9463,8.3161,41.4213,55943.7520,113.1880,NA,NA,NA,NA,NA,NA,NA,NA,NA,NA
253.889,4.7937,30.7459,8.3046,41.2271,55943.7520,113.1880,NA,NA,NA,NA,NA,NA,NA,NA,NA,NA
253.984,4.7843,30.4898,8.2950,41.0633,25994.7720,-0.9402,NA,NA,NA,NA,NA,NA,NA,NA,NA,NA
254.086,4.7843,30.4879,8.2851,40.8950,28582.5860,8.9213,NA,NA,NA,NA,NA,NA,NA,NA,NA,NA
254.178,4.7795,30.3585,8.2816,40.8351,31589.6060,20.3803,NA,NA,NA,NA,NA,NA,NA,NA,NA,NA
254.281,4.7795,30.3585,8.2770,40.7572,31589.6060,20.3803,NA,NA,NA,NA,NA,NA,NA,NA,NA,NA
254.374,4.7752,30.2397,8.2752,40.7256,23192.3960,-11.6194,NA,NA,NA,NA,NA,NA,NA,NA,NA,NA
254.478,4.7752,30.2397,8.2574,40.4231,24906.2280,-5.0884,NA,NA,NA,NA,NA,NA,NA,NA,NA,NA
254.600,4.7635,29.9221,8.2549,40.3806,45062.7600,71.7232,NA,NA,NA,NA,NA,NA,NA,NA,NA,NA
254.672,4.7456,29.4328,8.2459,40.2288,50529.3600,92.5551,NA,NA,NA,NA,NA,NA,NA,NA,NA,NA
254.767,4.7202,28.7413,8.2310,39.9747,56218.9080,114.2366,NA,NA,NA,NA,NA,NA,NA,NA,NA,NA
254.862,4.7202,28.7413,8.2249,39.8718,56218.9080,114.2366,NA,NA,NA,NA,NA,NA,NA,NA,NA,NA
254.974,4.6790,27.6178,8.2154,39.7094,26628.8700,1.4762,NA,NA,NA,NA,NA,NA,NA,NA,NA,NA
255.075,4.7150,28.5985,8.2085,39.5925,26628.8700,1.4762,NA,NA,NA,NA,NA,NA,NA,NA,NA,NA
255.181,4.7150,28.5985,8.1844,39.1821,26329.9640,0.3371,NA,NA,NA,NA,NA,NA,NA,NA,NA,NA
255.274,4.7077,28.3984,8.1795,39.0984,48988.1760,86.6820,NA,NA,NA,NA,NA,NA,NA,NA,NA,NA
255.361,4.7161,28.6281,8.1795,39.0984,52807.0200,101.2347,NA,NA,NA,NA,NA,NA,NA,NA,NA,NA
255.462,4.7161,28.6281,8.1745,39.0135,57488.8440,119.0760,NA,NA,NA,NA,NA,NA,NA,NA,NA,NA
255.559,4.6970,28.1087,8.1728,38.9850,57488.8440,119.0760,NA,NA,NA,NA,NA,NA,NA,NA,NA,NA
255.655,4.6743,27.4893,8.1653,38.8583,27092.2540,3.2420,NA,NA,NA,NA,NA,NA,NA,NA,NA,NA
255.805,4.6743,27.4893,8.1610,38.7838,29146.2120,11.0691,NA,NA,NA,NA,NA,NA,NA,NA,NA,NA
255.867,4.6845,27.7678,8.1559,38.6974,29146.2120,11.0691,NA,NA,NA,NA,NA,NA,NA,NA,NA,NA
255.949,4.6855,27.7938,8.1529,38.6462,22645.5620,-13.7033,NA,NA,NA,NA,NA,NA,NA,NA,NA,NA
256.049,4.6855,27.7938,8.1444,38.5013,24506.2640,-6.6126,NA,NA,NA,NA,NA,NA,NA,NA,NA,NA
256.156,4.6837,27.7458,8.1444,38.5013,45353.1080,72.8297,NA,NA,NA,NA,NA,NA,NA,NA,NA,NA
256.261,4.6413,26.5887,8.1311,38.2757,49926.7040,90.2585,NA,NA,NA,NA,NA,NA,NA,NA,NA,NA
256.358,4.6507,26.8441,8.1242,38.1587,54015.8480,105.8413,NA,NA,NA,NA,NA,NA,NA,NA,NA,NA
256.440,4.6507,26.8441,8.1215,38.1133,58436.5760,122.6876,NA,NA,NA,NA,NA,NA,NA,NA,NA,NA
256.535,4.6222,26.0679,8.1210,38.1039,58436.5760,122.6876,NA,NA,NA,NA,NA,NA,NA,NA,NA,NA
256.645,4.6224,26.0733,8.1153,38.0070,27821.8000,6.0221,NA,NA,NA,NA,NA,NA,NA,NA,NA,NA
256.738,4.6295,26.2679,8.1119,37.9501,29835.3520,13.6953,NA,NA,NA,NA,NA,NA,NA,NA,NA,NA
256.834,4.6348,26.4115,8.1118,37.9485,29835.3520,13.6953,NA,NA,NA,NA,NA,NA,NA,NA,NA,NA
256.929,4.6358,26.4379,8.0990,37.7306,22992.6060,-12.3808,NA,NA,NA,NA,NA,NA,NA,NA,NA,NA
257.033,4.6358,26.4379,8.0987,37.7248,24973.5680,-4.8318,NA,NA,NA,NA,NA,NA,NA,NA,NA,NA
257.128,4.6328,26.3577,8.0896,37.5700,46392.0480,76.7888,NA,NA,NA,NA,NA,NA,NA,NA,NA,NA
257.229,4.5947,25.3166,8.0896,37.5700,51119.9480,94.8057,NA,NA,NA,NA,NA,NA,NA,NA,NA,NA
257.326,4.6055,25.6126,8.0560,36.9983,55232.5520,110.4778,NA,NA,NA,NA,NA,NA,NA,NA,NA,NA
257.419,4.6055,25.6126,8.0460,36.8286,55232.5520,110.4778,NA,NA,NA,NA,NA,NA,NA,NA,NA,NA
257.515,4.5873,25.1148,8.0457,36.8229,25919.6500,-1.2265,NA,NA,NA,NA,NA,NA,NA,NA,NA,NA
257.614,4.5860,25.0813,8.0457,36.8229,28045.5320,6.8747,NA,NA,NA,NA,NA,NA,NA,NA,NA,NA
257.712,4.5950,25.3248,8.0344,36.6315,30452.7940,16.0482,NA,NA,NA,NA,NA,NA,NA,NA,NA,NA
257.812,4.5999,25.4583,8.0344,36.6315,30452.7940,16.0482,NA,NA,NA,NA,NA,NA,NA,NA,NA,NA
257.914,4.6010,25.4882,8.0324,36.5967,23433.5080,-10.7006,NA,NA,NA,NA,NA,NA,NA,NA,NA,NA
258.012,4.6010,25.4882,8.0324,36.5967,25426.0960,-3.1073,NA,NA,NA,NA,NA,NA,NA,NA,NA,NA
258.102,4.5799,24.9130,8.0343,36.6301,47337.1840,80.3905,NA,NA,NA,NA,NA,NA,NA,NA,NA,NA
258.215,4.5448,23.9570,8.0343,36.6301,52158.0080,98.7615,NA,NA,NA,NA,NA,NA,NA,NA,NA,NA
258.296,4.5078,22.9463,8.0318,36.5866,56422.0280,115.0106,NA,NA,NA,NA,NA,NA,NA,NA,NA,NA
258.409,4.5078,22.9463,8.0265,36.4969,56422.0280,115.0106,NA,NA,NA,NA,NA,NA,NA,NA,NA,NA
258.521,4.5221,23.3387,8.0222,36.4247,26021.7380,-0.8375,NA,NA,NA,NA,NA,NA,NA,NA,NA,NA
258.602,4.5221,23.3387,8.0186,36.3621,24318.0420,-7.3299,NA,NA,NA,NA,NA,NA,NA,NA,NA,NA
258.704,4.5173,23.2057,8.0153,36.3062,26050.9620,-0.7261,NA,NA,NA,NA,NA,NA,NA,NA,NA,NA
258.817,4.5173,23.2057,8.0091,36.2006,48294.3600,84.0381,NA,NA,NA,NA,NA,NA,NA,NA,NA,NA
258.906,4.5006,22.7506,8.0039,36.1120,52566.2760,100.3173,NA,NA,NA,NA,NA,NA,NA,NA,NA,NA
258.994,4.4798,22.1850,7.9966,35.9879,56854.0480,116.6570,NA,NA,NA,NA,NA,NA,NA,NA,NA,NA
259.091,4.4786,22.1519,7.9894,35.8669,56854.0480,116.6570,NA,NA,NA,NA,NA,NA,NA,NA,NA,NA
259.189,4.4786,22.1519,7.9882,35.8455,26555.2940,1.1958,NA,NA,NA,NA,NA,NA,NA,NA,NA,NA
259.288,4.4773,22.1161,7.9763,35.6440,29623.4620,12.8878,NA,NA,NA,NA,NA,NA,NA,NA,NA,NA
259.408,4.4871,22.3822,7.9691,35.5202,29623.4620,12.8878,NA,NA,NA,NA,NA,NA,NA,NA,NA,NA
259.482,4.4892,22.4415,7.9620,35.4004,22786.9680,-13.1644,NA,NA,NA,NA,NA,NA,NA,NA,NA,NA
259.586,4.4892,22.4415,7.9583,35.3379,24463.9960,-6.7737,NA,NA,NA,NA,NA,NA,NA,NA,NA,NA
259.686,4.4858,22.3474,7.9532,35.2508,44908.7200,71.1362,NA,NA,NA,NA,NA,NA,NA,NA,NA,NA
259.777,4.4691,21.8915,7.9532,35.2508,49142.2160,87.2690,NA,NA,NA,NA,NA,NA,NA,NA,NA,NA
259.900,4.4686,21.8775,7.9461,35.1302,53530.1760,103.9905,NA,NA,NA,NA,NA,NA,NA,NA,NA,NA
260.011,4.4530,21.4516,7.9342,34.9272,57966.1520,120.8949,NA,NA,NA,NA,NA,NA,NA,NA,NA,NA
260.073,4.4377,21.0353,7.9270,34.8050,57966.1520,120.8949,NA,NA,NA,NA,NA,NA,NA,NA,NA,NA
260.166,4.4387,21.0635,7.9229,34.7354,27273.8020,3.9338,NA,NA,NA,NA,NA,NA,NA,NA,NA,NA
260.277,4.4422,21.1582,7.9204,34.6930,30393.2400,15.8212,NA,NA,NA,NA,NA,NA,NA,NA,NA,NA
260.368,4.4551,21.5100,7.9195,34.6773,30393.2400,15.8212,NA,NA,NA,NA,NA,NA,NA,NA,NA,NA
260.469,4.4551,21.5100,7.9156,34.6105,23256.2480,-11.3761,NA,NA,NA,NA,NA,NA,NA,NA,NA,NA
260.568,4.4515,21.4119,7.9140,34.5845,24942.9960,-4.9483,NA,NA,NA,NA,NA,NA,NA,NA,NA,NA
260.665,4.4365,21.0026,7.9096,34.5084,45865.6280,74.7828,NA,NA,NA,NA,NA,NA,NA,NA,NA,NA
260.757,4.4303,20.8327,7.9078,34.4779,50118.8240,90.9907,NA,NA,NA,NA,NA,NA,NA,NA,NA,NA
260.863,4.4225,20.6212,7.8996,34.3397,54686.8720,108.3984,NA,NA,NA,NA,NA,NA,NA,NA,NA,NA
260.956,4.4073,20.2058,7.8959,34.2760,54686.8720,108.3984,NA,NA,NA,NA,NA,NA,NA,NA,NA,NA
261.061,4.4054,20.1532,7.8848,34.0878,24998.2220,-4.7379,NA,NA,NA,NA,NA,NA,NA,NA,NA,NA
261.181,4.4148,20.4098,7.8814,34.0302,24998.2220,-4.7379,NA,NA,NA,NA,NA,NA,NA,NA,NA,NA
261.272,4.4148,20.4098,7.8720,33.8692,25632.0880,-2.3223,NA,NA,NA,NA,NA,NA,NA,NA,NA,NA
261.361,4.4057,20.1624,7.8666,33.7779,46309.0640,76.4726,NA,NA,NA,NA,NA,NA,NA,NA,NA,NA
261.457,4.3875,19.6665,7.8631,33.7186,49701.8200,89.4016,NA,NA,NA,NA,NA,NA,NA,NA,NA,NA
261.553,4.3881,19.6838,7.8577,33.6260,53216.8920,102.7966,NA,NA,NA,NA,NA,NA,NA,NA,NA,NA
261.646,4.3881,19.6838,7.8470,33.4440,53216.8920,102.7966,NA,NA,NA,NA,NA,NA,NA,NA,NA,NA
261.745,4.3861,19.6292,7.8409,33.3417,27003.6260,2.9043,197407.5520,0.0000,NA,NA,NA,NA,NA,NA,NA,NA
261.845,4.3861,19.6292,7.8308,33.1695,55232.2880,110.4768,NA,NA,NA,NA,NA,NA,NA,NA,NA,NA
261.949,4.3842,19.5768,7.8258,33.0843,55232.2880,110.4768,NA,NA,NA,NA,NA,NA,NA,NA,NA,NA
262.043,4.3751,19.3281,7.8233,33.0420,25936.7460,-1.1614,NA,NA,NA,NA,NA,NA,NA,NA,NA,NA
262.142,4.3742,19.3041,7.8160,32.9171,28642.6540,9.1502,NA,NA,NA,NA,NA,NA,NA,NA,NA,NA
262.243,4.3883,19.6890,7.7939,32.5421,31559.3280,20.2649,NA,NA,NA,NA,NA,NA,NA,NA,NA,NA
262.399,4.3906,19.7498,7.7906,32.4852,31559.3280,20.2649,NA,NA,NA,NA,NA,NA,NA,NA,NA,NA
262.434,4.3906,19.7498,7.7905,32.4844,23215.4760,-11.5315,NA,NA,NA,NA,NA,NA,NA,NA,NA,NA
262.545,4.3859,19.6217,7.7821,32.3410,24869.7500,-5.2274,NA,NA,NA,NA,NA,NA,NA,NA,NA,NA
262.628,4.3669,19.1042,7.7818,32.3353,44954.8920,71.3122,NA,NA,NA,NA,NA,NA,NA,NA,NA,NA
262.723,4.3554,18.7907,7.7778,32.2680,50342.5200,91.8431,NA,NA,NA,NA,NA,NA,NA,NA,NA,NA
262.822,4.3550,18.7790,7.7715,32.1604,56044.0040,113.5701,NA,NA,NA,NA,NA,NA,NA,NA,NA,NA
262.926,4.3550,18.7790,7.7702,32.1378,56044.0040,113.5701,NA,NA,NA,NA,NA,NA,NA,NA,NA,NA
263.056,4.3401,18.3741,7.7661,32.0686,26626.8040,1.4683,NA,NA,NA,NA,NA,NA,NA,NA,NA,NA
263.130,4.3367,18.2821,7.7564,31.9037,26626.8040,1.4683,NA,NA,NA,NA,NA,NA,NA,NA,NA,NA
263.243,4.3367,18.2821,7.7536,31.8557,26322.8720,0.3101,NA,NA,NA,NA,NA,NA,NA,NA,NA,NA
263.325,4.3175,17.7559,7.7516,31.8214,49045.4160,86.9002,NA,NA,NA,NA,NA,NA,NA,NA,NA,NA
263.423,4.3113,17.5879,7.7433,31.6803,52656.5000,100.6611,NA,NA,NA,NA,NA,NA,NA,NA,NA,NA
263.576,4.3113,17.5879,7.7419,31.6580,57501.3200,119.1236,NA,NA,NA,NA,NA,NA,NA,NA,NA,NA
263.623,4.3102,17.5594,7.7375,31.5832,57501.3200,119.1236,NA,NA,NA,NA,NA,NA,NA,NA,NA,NA
263.728,4.3102,17.5594,7.7312,31.4755,27032.5900,3.0146,NA,NA,NA,NA,NA,NA,NA,NA,NA,NA
263.816,4.3039,17.3860,7.7249,31.3674,29024.8460,10.6066,NA,NA,NA,NA,NA,NA,NA,NA,NA,NA
263.915,4.3060,17.4449,7.7211,31.3039,29024.8460,10.6066,NA,NA,NA,NA,NA,NA,NA,NA,NA,NA
264.021,4.3243,17.9422,7.7188,31.2640,22678.5320,-13.5776,NA,NA,NA,NA,NA,NA,NA,NA,NA,NA
264.105,4.3243,17.9422,7.7154,31.2065,24540.3440,-6.4827,NA,NA,NA,NA,NA,NA,NA,NA,NA,NA
264.206,4.3239,17.9315,7.7122,31.1526,45730.6880,74.2685,NA,NA,NA,NA,NA,NA,NA,NA,NA,NA
264.303,4.3154,17.6997,7.7078,31.0778,49755.9400,89.6078,NA,NA,NA,NA,NA,NA,NA,NA,NA,NA
264.404,4.3088,17.5192,7.6973,30.8991,53618.7760,104.3281,NA,NA,NA,NA,NA,NA,NA,NA,NA,NA
264.499,4.3031,17.3646,7.6917,30.8037,58752.5080,123.8915,NA,NA,NA,NA,NA,NA,NA,NA,NA,NA
264.599,4.2859,16.8942,7.6817,30.6328,58752.5080,123.8915,NA,NA,NA,NA,NA,NA,NA,NA,NA,NA
264.702,4.2776,16.6690,7.6769,30.5515,27540.7860,4.9512,NA,NA,NA,NA,NA,NA,NA,NA,NA,NA
264.827,4.2914,17.0461,7.6749,30.5171,29694.0400,13.1568,NA,NA,NA,NA,NA,NA,NA,NA,NA,NA
264.893,4.2914,17.0461,7.6676,30.3941,29694.0400,13.1568,NA,NA,NA,NA,NA,NA,NA,NA,NA,NA
265.003,4.2904,17.0172,7.6552,30.1820,23196.9760,-11.6020,NA,NA,NA,NA,NA,NA,NA,NA,NA,NA
265.092,4.2874,16.9356,7.6479,30.0587,24999.5420,-4.7328,NA,NA,NA,NA,NA,NA,NA,NA,NA,NA
265.247,4.2874,16.9356,7.6453,30.0140,46737.1520,78.1039,NA,NA,NA,NA,NA,NA,NA,NA,NA,NA
265.317,4.2839,16.8414,7.6399,29.9218,50740.2080,93.3586,NA,NA,NA,NA,NA,NA,NA,NA,NA,NA
265.386,4.2670,16.3793,7.6308,29.7682,54727.3520,108.5526,NA,NA,NA,NA,NA,NA,NA,NA,NA,NA
265.478,4.2664,16.3635,7.6274,29.7093,54727.3520,108.5526,NA,NA,NA,NA,NA,NA,NA,NA,NA,NA
265.593,4.2586,16.1510,7.6241,29.6532,25590.7960,-2.4797,NA,NA,NA,NA,NA,NA,NA,NA,NA,NA
265.676,4.2586,16.1510,7.6208,29.5983,27501.2460,4.8006,NA,NA,NA,NA,NA,NA,NA,NA,NA,NA
265.772,4.2670,16.3797,7.6188,29.5642,30251.3700,15.2806,NA,NA,NA,NA,NA,NA,NA,NA,NA,NA
265.878,4.2750,16.5969,7.6105,29.4220,30251.3700,15.2806,NA,NA,NA,NA,NA,NA,NA,NA,NA,NA
266.002,4.2840,16.8445,7.6136,29.4763,23721.0580,-9.6048,NA,NA,NA,NA,NA,NA,NA,NA,NA,NA
266.066,4.2840,16.8445,7.6136,29.4763,25507.5040,-2.7971,NA,NA,NA,NA,NA,NA,NA,NA,NA,NA
266.165,4.2492,15.8936,7.6080,29.3795,47665.0960,81.6401,NA,NA,NA,NA,NA,NA,NA,NA,NA,NA
266.276,4.2457,15.7984,7.5972,29.1967,51258.7120,95.3345,NA,NA,NA,NA,NA,NA,NA,NA,NA,NA
266.367,4.2440,15.7537,7.5940,29.1418,55886.7720,112.9709,NA,NA,NA,NA,NA,NA,NA,NA,NA,NA
266.476,4.2429,15.7225,7.5934,29.1311,55886.7720,112.9709,NA,NA,NA,NA,NA,NA,NA,NA,NA,NA
266.582,4.2571,16.1099,7.5834,28.9613,25754.3820,-1.8563,NA,NA,NA,NA,NA,NA,NA,NA,NA,NA
266.664,4.2571,16.1099,7.5801,28.9062,24296.2640,-7.4128,NA,NA,NA,NA,NA,NA,NA,NA,NA,NA
266.760,4.2546,16.0413,7.5748,28.8157,26017.2000,-0.8548,NA,NA,NA,NA,NA,NA,NA,NA,NA,NA
266.862,4.2358,15.5292,7.5713,28.7554,48063.6360,83.1588,NA,NA,NA,NA,NA,NA,NA,NA,NA,NA
266.956,4.2347,15.4999,7.5773,28.8587,51625.9200,96.7338,NA,NA,NA,NA,NA,NA,NA,NA,NA,NA
267.064,4.2265,15.2749,7.5773,28.8587,55300.4120,110.7364,NA,NA,NA,NA,NA,NA,NA,NA,NA,NA
267.160,4.2265,15.2749,7.5727,28.7794,55300.4120,110.7364,NA,NA,NA,NA,NA,NA,NA,NA,NA,NA
267.250,4.2212,15.1310,7.5725,28.7771,27387.9160,4.3687,NA,NA,NA,NA,NA,NA,NA,NA,NA,NA
267.352,4.2258,15.2574,7.5634,28.6210,30509.8500,16.2656,NA,NA,NA,NA,NA,NA,NA,NA,NA,NA
267.456,4.2435,15.7378,7.5678,28.6959,30509.8500,16.2656,NA,NA,NA,NA,NA,NA,NA,NA,NA,NA
267.555,4.2468,15.8281,7.5703,28.7382,22813.9600,-13.0615,NA,NA,NA,NA,NA,NA,NA,NA,NA,NA
267.658,4.2468,15.8281,7.5703,28.7382,24442.5740,-6.8553,NA,NA,NA,NA,NA,NA,NA,NA,NA,NA
267.740,4.2421,15.7004,7.5688,28.7130,44991.9960,71.4536,NA,NA,NA,NA,NA,NA,NA,NA,NA,NA
267.836,4.2284,15.3276,7.5709,28.7498,48645.3240,85.3755,NA,NA,NA,NA,NA,NA,NA,NA,NA,NA
267.944,4.2228,15.1732,7.5709,28.7498,52277.2320,99.2158,NA,NA,NA,NA,NA,NA,NA,NA,NA,NA
268.052,4.2194,15.0821,7.5661,28.6676,55858.1640,112.8619,NA,NA,NA,NA,NA,NA,NA,NA,NA,NA
268.150,4.2194,15.0821,7.5653,28.6535,55858.1640,112.8619,NA,NA,NA,NA,NA,NA,NA,NA,NA,NA
268.236,4.2115,14.8657,7.5632,28.6175,28292.4600,7.8157,NA,NA,NA,NA,NA,NA,NA,NA,NA,NA
268.332,4.2191,15.0723,7.5600,28.5634,31360.5400,19.5074,NA,NA,NA,NA,NA,NA,NA,NA,NA,NA
268.456,4.2207,15.1162,7.5583,28.5342,31360.5400,19.5074,NA,NA,NA,NA,NA,NA,NA,NA,NA,NA
268.534,4.2207,15.1162,7.5577,28.5256,23249.4780,-11.4019,NA,NA,NA,NA,NA,NA,NA,NA,NA,NA
268.626,4.2161,14.9910,7.5570,28.5136,24911.4800,-5.0684,NA,NA,NA,NA,NA,NA,NA,NA,NA,NA
268.723,4.2140,14.9337,7.5545,28.4698,45824.4480,74.6258,NA,NA,NA,NA,NA,NA,NA,NA,NA,NA
268.821,4.1956,14.4320,7.5461,28.3272,49536.6520,88.7721,NA,NA,NA,NA,NA,NA,NA,NA,NA,NA
268.916,4.1851,14.1466,7.5393,28.2123,53058.1640,102.1918,NA,NA,NA,NA,NA,NA,NA,NA,NA,NA
269.035,4.1662,13.6296,7.5358,28.1528,53058.1640,102.1918,NA,NA,NA,NA,NA,NA,NA,NA,NA,NA
269.126,4.1662,13.6296,7.5327,28.0999,25719.5860,-1.9889,NA,NA,NA,NA,NA,NA,NA,NA,NA,NA
269.220,4.1804,14.0176,7.5286,28.0296,25719.5860,-1.9889,NA,NA,NA,NA,NA,NA,NA,NA,NA,NA
269.325,4.1804,14.0176,7.5248,27.9654,25103.7800,-4.3356,NA,NA,NA,NA,NA,NA,NA,NA,NA,NA
269.411,4.1632,13.5501,7.5232,27.9378,44752.5680,70.5412,NA,NA,NA,NA,NA,NA,NA,NA,NA,NA
269.514,4.1680,13.6787,7.5170,27.8323,49539.3600,88.7825,NA,NA,NA,NA,NA,NA,NA,NA,NA,NA
269.619,4.1680,13.6787,7.5061,27.6468,55705.7040,112.2809,NA,NA,NA,NA,NA,NA,NA,NA,NA,NA
269.706,4.1218,12.4185,7.5013,27.5664,55705.7040,112.2809,NA,NA,NA,NA,NA,NA,NA,NA,NA,NA
269.815,4.1312,12.6754,7.4872,27.3265,26742.7580,1.9101,196335.5040,0.0000,NA,NA,NA,NA,NA,NA,NA,NA
269.905,4.1338,12.7479,7.4817,27.2326,55608.0000,111.9086,NA,NA,NA,NA,NA,NA,NA,NA,NA,NA
270.004,4.1338,12.7479,7.4815,27.2294,55608.0000,111.9086,NA,NA,NA,NA,NA,NA,NA,NA,NA,NA
270.124,4.1356,12.7953,7.4792,27.1893,25878.8580,-1.3820,NA,NA,NA,NA,NA,NA,NA,NA,NA,NA
270.209,4.1421,12.9734,7.4753,27.1241,27942.3640,6.4816,NA,NA,NA,NA,NA,NA,NA,NA,NA,NA
270.298,4.1518,13.2369,7.4684,27.0060,30413.7540,15.8994,NA,NA,NA,NA,NA,NA,NA,NA,NA,NA
270.407,4.1556,13.3408,7.4617,26.8916,30413.7540,15.8994,NA,NA,NA,NA,NA,NA,NA,NA,NA,NA
270.499,4.1556,13.3408,7.4565,26.8046,23563.3720,-10.2057,NA,NA,NA,NA,NA,NA,NA,NA,NA,NA
270.598,4.1554,13.3363,7.4534,26.7515,25557.8960,-2.6051,NA,NA,NA,NA,NA,NA,NA,NA,NA,NA
270.693,4.1549,13.3214,7.4488,26.6726,47603.7480,81.4063,NA,NA,NA,NA,NA,NA,NA,NA,NA,NA
270.815,4.1365,12.8192,7.4462,26.6289,51991.7680,98.1280,NA,NA,NA,NA,NA,NA,NA,NA,NA,NA
270.885,4.1306,12.6609,7.4438,26.5883,55955.9400,113.2345,NA,NA,NA,NA,NA,NA,NA,NA,NA,NA
270.983,4.1306,12.6609,7.4412,26.5440,55955.9400,113.2345,NA,NA,NA,NA,NA,NA,NA,NA,NA,NA
271.088,4.1232,12.4574,7.4396,26.5157,26451.6020,0.8006,NA,NA,NA,NA,NA,NA,NA,NA,NA,NA
271.188,4.1279,12.5869,7.4318,26.3842,26451.6020,0.8006,NA,NA,NA,NA,NA,NA,NA,NA,NA,NA
271.373,4.1279,12.5869,7.4286,26.3296,26286.8200,0.1727,NA,NA,NA,NA,NA,NA,NA,NA,NA,NA
271.383,4.1248,12.5024,7.4224,26.2232,48378.3040,84.3580,NA,NA,NA,NA,NA,NA,NA,NA,NA,NA
271.489,4.1125,12.1658,7.4174,26.1385,52294.1120,99.2801,NA,NA,NA,NA,NA,NA,NA,NA,NA,NA
271.591,4.1113,12.1324,7.4114,26.0374,56231.0040,114.2827,NA,NA,NA,NA,NA,NA,NA,NA,NA,NA
271.683,4.1086,12.0601,7.4087,25.9908,56231.0040,114.2827,NA,NA,NA,NA,NA,NA,NA,NA,NA,NA
271.775,4.1086,12.0601,7.4044,25.9179,26922.1760,2.5939,NA,NA,NA,NA,NA,NA,NA,NA,NA,NA
271.871,4.1006,11.8408,7.4044,25.9179,30195.8120,15.0689,NA,NA,NA,NA,NA,NA,NA,NA,NA,NA
271.985,4.1274,12.5718,7.3937,25.7355,30195.8120,15.0689,NA,NA,NA,NA,NA,NA,NA,NA,NA,NA
272.074,4.1312,12.6767,7.3866,25.6154,22834.6840,-12.9826,NA,NA,NA,NA,NA,NA,NA,NA,NA,NA
272.176,4.1312,12.6767,7.3823,25.5426,24514.6420,-6.5807,NA,NA,NA,NA,NA,NA,NA,NA,NA,NA
272.269,4.1185,12.3305,7.3748,25.4137,45023.5520,71.5738,NA,NA,NA,NA,NA,NA,NA,NA,NA,NA
272.364,4.1012,11.8590,7.3699,25.3310,49168.1600,87.3679,NA,NA,NA,NA,NA,NA,NA,NA,NA,NA
272.461,4.1012,11.8590,7.3699,25.3304,53145.0720,102.5229,NA,NA,NA,NA,NA,NA,NA,NA,NA,NA
272.585,4.0963,11.7244,7.3602,25.1665,56959.6760,117.0595,NA,NA,NA,NA,NA,NA,NA,NA,NA,NA
272.658,4.0963,11.7244,7.3545,25.0691,56959.6760,117.0595,NA,NA,NA,NA,NA,NA,NA,NA,NA,NA
272.755,4.0960,11.7151,7.3540,25.0609,27843.9120,6.1064,NA,NA,NA,NA,NA,NA,NA,NA,NA,NA
272.874,4.0946,11.6764,7.3540,25.0609,31135.0820,18.6482,NA,NA,NA,NA,NA,NA,NA,NA,NA,NA
272.959,4.1092,12.0765,7.3455,24.9158,31135.0820,18.6482,NA,NA,NA,NA,NA,NA,NA,NA,NA,NA
273.062,4.1167,12.2798,7.3454,24.9149,23270.4500,-11.3220,NA,NA,NA,NA,NA,NA,NA,NA,NA,NA
273.160,4.1167,12.2798,7.3396,24.8156,24965.4840,-4.8626,NA,NA,NA,NA,NA,NA,NA,NA,NA,NA
273.256,4.1061,11.9917,7.3366,24.7649,46057.0560,75.5122,NA,NA,NA,NA,NA,NA,NA,NA,NA,NA
273.342,4.0864,11.4547,7.3259,24.5820,50085.9800,90.8655,NA,NA,NA,NA,NA,NA,NA,NA,NA,NA
273.449,4.0864,11.4547,7.3208,24.4955,53887.2400,105.3512,NA,NA,NA,NA,NA,NA,NA,NA,NA,NA
273.542,4.0763,11.1797,7.3177,24.4431,53887.2400,105.3512,NA,NA,NA,NA,NA,NA,NA,NA,NA,NA
273.689,4.0763,11.1797,7.3191,24.4676,25226.4140,-3.8683,NA,NA,NA,NA,NA,NA,NA,NA,NA,NA
273.795,4.0675,10.9378,7.3191,24.4676,28350.4360,8.0366,NA,NA,NA,NA,NA,NA,NA,NA,NA,NA
273.859,4.0658,10.8928,7.3186,24.4581,31870.0360,21.4490,NA,NA,NA,NA,NA,NA,NA,NA,NA,NA
273.944,4.0884,11.5097,7.3175,24.4403,31870.0360,21.4490,NA,NA,NA,NA,NA,NA,NA,NA,NA,NA
274.035,4.0906,11.5676,7.3175,24.4403,23755.3260,-9.4742,NA,NA,NA,NA,NA,NA,NA,NA,NA,NA
274.131,4.0906,11.5676,7.3171,24.4330,25418.2120,-3.1374,NA,NA,NA,NA,NA,NA,NA,NA,NA,NA
274.226,4.0755,11.1565,7.3058,24.2414,46975.3760,79.0117,NA,NA,NA,NA,NA,NA,NA,NA,NA,NA
274.359,4.0637,10.8348,7.3036,24.2038,50945.9320,94.1426,NA,NA,NA,NA,NA,NA,NA,NA,NA,NA
274.426,4.0637,10.8348,7.3046,24.2206,54731.7200,108.5693,NA,NA,NA,NA,NA,NA,NA,NA,NA,NA
274.530,4.0590,10.7075,7.3046,24.2206,54731.7200,108.5693,NA,NA,NA,NA,NA,NA,NA,NA,NA,NA
274.635,4.0732,11.0949,7.3041,24.2126,24970.8180,-4.8423,NA,NA,NA,NA,NA,NA,NA,NA,NA,NA
274.728,4.0732,11.0949,7.3019,24.1741,24042.8540,-8.3785,NA,NA,NA,NA,NA,NA,NA,NA,NA,NA
274.821,4.0465,10.3654,7.2988,24.1217,25469.0520,-2.9436,NA,NA,NA,NA,NA,NA,NA,NA,NA,NA
274.952,4.0465,10.3654,7.2966,24.0847,45851.4320,74.7287,NA,NA,NA,NA,NA,NA,NA,NA,NA,NA
275.018,4.0415,10.2284,7.2928,24.0204,49928.8000,90.2665,NA,NA,NA,NA,NA,NA,NA,NA,NA,NA
275.127,4.0302,9.9221,7.2845,23.8795,55582.7640,111.8124,NA,NA,NA,NA,NA,NA,NA,NA,NA,NA
275.216,4.0263,9.8141,7.2814,23.8254,55582.7640,111.8124,NA,NA,NA,NA,NA,NA,NA,NA,NA,NA
275.322,4.0292,9.8930,7.2755,23.7260,27623.7920,5.2676,194102.0960,0.0000,NA,NA,NA,NA,NA,NA,NA,NA
275.410,4.0292,9.8930,7.2733,23.6886,57545.6120,119.2923,NA,NA,NA,NA,NA,NA,NA,NA,NA,NA
275.568,4.0281,9.8633,7.2742,23.7044,57545.6120,119.2923,NA,NA,NA,NA,NA,NA,NA,NA,NA,NA
275.618,4.0281,9.8633,7.2742,23.7044,26702.9000,1.7583,NA,NA,NA,NA,NA,NA,NA,NA,NA,NA
275.704,4.0274,9.8453,7.2700,23.6328,28973.1380,10.4096,NA,NA,NA,NA,NA,NA,NA,NA,NA,NA
275.862,4.0346,10.0405,7.2648,23.5440,28973.1380,10.4096,NA,NA,NA,NA,NA,NA,NA,NA,NA,NA
275.945,4.0408,10.2093,7.2653,23.5527,21794.4500,-16.9466,NA,NA,NA,NA,NA,NA,NA,NA,NA,NA
276.032,4.0411,10.2194,7.2678,23.5943,23569.1600,-10.1837,NA,NA,NA,NA,NA,NA,NA,NA,NA,NA
276.097,4.0411,10.2194,7.2749,23.7150,25805.5000,-1.6615,NA,NA,NA,NA,NA,NA,NA,NA,NA,NA
276.194,4.0351,10.0560,7.2749,23.7150,48218.6200,83.7494,NA,NA,NA,NA,NA,NA,NA,NA,NA,NA
276.298,4.0261,9.8107,7.2716,23.6592,53289.7760,103.0744,NA,NA,NA,NA,NA,NA,NA,NA,NA,NA
276.391,4.0062,9.2673,7.2701,23.6347,57993.0480,120.9974,NA,NA,NA,NA,NA,NA,NA,NA,NA,NA
276.500,3.9996,9.0860,7.2697,23.6263,57993.0480,120.9974,NA,NA,NA,NA,NA,NA,NA,NA,NA,NA
276.602,4.0046,9.2222,7.2697,23.6263,26716.9840,1.8119,NA,NA,NA,NA,NA,NA,NA,NA,NA,NA
276.693,4.0239,9.7495,7.2697,23.6278,24834.9060,-5.3602,NA,NA,NA,NA,NA,NA,NA,NA,NA,NA
276.838,4.0239,9.7495,7.2697,23.6278,44918.6800,71.1742,NA,NA,NA,NA,NA,NA,NA,NA,NA,NA
276.888,3.9927,8.8992,7.2650,23.5473,49266.1080,87.7412,NA,NA,NA,NA,NA,NA,NA,NA,NA,NA
276.991,3.9927,8.8992,7.2633,23.5176,53691.2120,104.6042,NA,NA,NA,NA,NA,NA,NA,NA,NA,NA
277.091,3.9873,8.7501,7.2612,23.4832,57983.9800,120.9629,NA,NA,NA,NA,NA,NA,NA,NA,NA,NA
277.194,3.9719,8.3304,7.2583,23.4341,57983.9800,120.9629,NA,NA,NA,NA,NA,NA,NA,NA,NA,NA
277.285,3.9752,8.4223,7.2558,23.3913,27356.6180,4.2494,NA,NA,NA,NA,NA,NA,NA,NA,NA,NA
277.376,3.9826,8.6221,7.2531,23.3446,30668.2580,16.8693,NA,NA,NA,NA,NA,NA,NA,NA,NA,NA
277.497,3.9885,8.7838,7.2399,23.1203,30668.2580,16.8693,NA,NA,NA,NA,NA,NA,NA,NA,NA,NA
277.573,3.9945,8.9471,7.2347,23.0316,23274.6280,-11.3061,NA,NA,NA,NA,NA,NA,NA,NA,NA,NA
277.682,3.9945,8.9471,7.2318,22.9823,24992.6680,-4.7590,NA,NA,NA,NA,NA,NA,NA,NA,NA,NA
277.766,3.9784,8.5078,7.2318,22.9823,45814.9280,74.5896,NA,NA,NA,NA,NA,NA,NA,NA,NA,NA
277.878,3.9719,8.3322,7.2230,22.8337,50450.1240,92.2532,NA,NA,NA,NA,NA,NA,NA,NA,NA,NA
277.966,3.9648,8.1379,7.2191,22.7661,54662.2200,108.3044,NA,NA,NA,NA,NA,NA,NA,NA,NA,NA
278.063,3.9651,8.1465,7.2175,22.7394,54662.2200,108.3044,NA,NA,NA,NA,NA,NA,NA,NA,NA,NA
278.164,3.9651,8.1465,7.2167,22.7264,25009.9820,-4.6930,NA,NA,NA,NA,NA,NA,NA,NA,NA,NA
278.258,3.9632,8.0942,7.2105,22.6198,27715.0640,5.6154,NA,NA,NA,NA,NA,NA,NA,NA,NA,NA
278.358,3.9725,8.3469,7.1956,22.3678,31504.3900,20.0556,NA,NA,NA,NA,NA,NA,NA,NA,NA,NA
278.460,3.9774,8.4808,7.1956,22.3678,31504.3900,20.0556,NA,NA,NA,NA,NA,NA,NA,NA,NA,NA
278.587,3.9810,8.5798,7.1798,22.0975,23719.1520,-9.6121,NA,NA,NA,NA,NA,NA,NA,NA,NA,NA
278.659,3.9810,8.5798,7.1734,21.9888,25456.6220,-2.9910,NA,NA,NA,NA,NA,NA,NA,NA,NA,NA
278.754,3.9734,8.3717,7.1699,21.9297,46939.0560,78.8733,NA,NA,NA,NA,NA,NA,NA,NA,NA,NA
278.847,3.9663,8.1790,7.1680,21.8980,51372.9720,95.7699,NA,NA,NA,NA,NA,NA,NA,NA,NA,NA
278.948,3.9663,8.1790,7.1677,21.8917,55530.9400,111.6149,NA,NA,NA,NA,NA,NA,NA,NA,NA,NA
279.047,3.9640,8.1150,7.1563,21.6995,55530.9400,111.6149,NA,NA,NA,NA,NA,NA,NA,NA,NA,NA
279.155,3.9630,8.0885,7.1495,21.5823,25690.8620,-2.0984,195898.7200,0.0000,NA,NA,NA,NA,NA,NA,NA,NA
279.255,3.9598,8.0017,7.1425,21.4643,28681.6520,9.2988,NA,NA,NA,NA,NA,NA,NA,NA,NA,NA
279.352,3.9767,8.4621,7.1425,21.4643,31551.7000,20.2359,NA,NA,NA,NA,NA,NA,NA,NA,NA,NA
279.451,3.9868,8.7363,7.1374,21.3767,31551.7000,20.2359,NA,NA,NA,NA,NA,NA,NA,NA,NA,NA
279.555,3.9947,8.9533,7.1326,21.2960,23221.5940,-11.5082,NA,NA,NA,NA,NA,NA,NA,NA,NA,NA
279.642,3.9947,8.9533,7.1307,21.2635,25087.5700,-4.3974,NA,NA,NA,NA,NA,NA,NA,NA,NA,NA
279.739,3.9689,8.2490,7.1320,21.2848,45750.8600,74.3454,NA,NA,NA,NA,NA,NA,NA,NA,NA,NA
279.838,3.9583,7.9596,7.1419,21.4531,50843.9240,93.7538,NA,NA,NA,NA,NA,NA,NA,NA,NA,NA
279.933,3.9637,8.1063,7.1450,21.5059,56256.4000,114.3795,NA,NA,NA,NA,NA,NA,NA,NA,NA,NA
280.043,3.9749,8.4125,7.1450,21.5059,56256.4000,114.3795,NA,NA,NA,NA,NA,NA,NA,NA,NA,NA
280.135,3.9749,8.4125,7.1438,21.4866,26688.3900,1.7030,NA,NA,NA,NA,NA,NA,NA,NA,NA,NA
280.234,3.9720,8.3346,7.1332,21.3050,29340.9100,11.8111,NA,NA,NA,NA,NA,NA,NA,NA,NA,NA
280.333,3.9844,8.6711,7.0898,20.5681,29340.9100,11.8111,NA,NA,NA,NA,NA,NA,NA,NA,NA,NA
280.424,4.0041,9.2092,7.0606,20.0720,21943.9720,-16.3769,NA,NA,NA,NA,NA,NA,NA,NA,NA,NA
280.523,4.0654,10.8801,7.0507,19.9027,23538.9140,-10.2989,NA,NA,NA,NA,NA,NA,NA,NA,NA,NA
280.620,4.0950,11.6886,7.1354,21.3435,25578.3180,-2.5272,NA,NA,NA,NA,NA,NA,NA,NA,NA,NA
280.721,4.1198,12.3642,7.2090,22.5949,47310.0320,80.2870,NA,NA,NA,NA,NA,NA,NA,NA,NA,NA
280.814,4.1591,13.4377,7.2897,23.9664,52249.8120,99.1113,NA,NA,NA,NA,NA,NA,NA,NA,NA,NA
280.947,4.1846,14.1325,7.3254,24.5743,57629.2720,119.6111,NA,NA,NA,NA,NA,NA,NA,NA,NA,NA
281.020,4.2257,15.2531,7.3527,25.0389,57629.2720,119.6111,NA,NA,NA,NA,NA,NA,NA,NA,NA,NA
281.110,4.2271,15.2909,7.3665,25.2732,27469.8460,4.6809,NA,NA,NA,NA,NA,NA,NA,NA,NA,NA
281.212,4.2271,15.2909,7.3689,25.3140,29948.8600,14.1278,NA,NA,NA,NA,NA,NA,NA,NA,NA,NA
281.307,4.2592,16.1668,7.3689,25.3140,29948.8600,14.1278,NA,NA,NA,NA,NA,NA,NA,NA,NA,NA
281.413,4.2720,16.5150,7.3661,25.2666,22331.2100,-14.9012,NA,NA,NA,NA,NA,NA,NA,NA,NA,NA
281.512,4.2720,16.5150,7.3576,25.1223,54115.9240,106.2226,NA,NA,NA,NA,NA,NA,NA,NA,NA,NA
281.609,4.2377,15.5795,7.3516,25.0203,58797.3040,124.0622,NA,NA,NA,NA,NA,NA,NA,NA,NA,NA
281.718,4.2275,15.3022,7.3487,24.9708,58797.3040,124.0622,NA,NA,NA,NA,NA,NA,NA,NA,NA,NA
281.813,4.2175,15.0294,7.3481,24.9610,27511.2920,4.8388,NA,NA,NA,NA,NA,NA,NA,NA,NA,NA
281.903,4.3413,18.4054,7.4134,26.0701,30119.6820,14.7788,NA,NA,NA,NA,NA,NA,NA,NA,NA,NA
281.998,4.4038,20.1109,7.5804,28.9101,30119.6820,14.7788,NA,NA,NA,NA,NA,NA,NA,NA,NA,NA
282.109,4.4524,21.4358,7.6299,29.7524,23284.7480,-11.2675,NA,NA,NA,NA,NA,NA,NA,NA,NA,NA
282.199,4.5578,24.3121,7.7149,31.1976,24893.5120,-5.1369,NA,NA,NA,NA,NA,NA,NA,NA,NA,NA
282.317,4.5798,24.9122,7.8100,32.8159,46077.7600,75.5911,NA,NA,NA,NA,NA,NA,NA,NA,NA,NA
282.393,4.6055,25.6114,7.8497,33.4902,49951.7000,90.3538,NA,NA,NA,NA,NA,NA,NA,NA,NA,NA
282.495,4.6614,27.1373,7.8651,33.7529,54850.2880,109.0211,NA,NA,NA,NA,NA,NA,NA,NA,NA,NA
282.593,4.6704,27.3827,7.8676,33.7950,54850.2880,109.0211,NA,NA,NA,NA,NA,NA,NA,NA,NA,NA
282.699,4.6704,27.3827,7.8676,33.7950,25411.2220,-3.1640,NA,NA,NA,NA,NA,NA,NA,NA,NA,NA
282.826,4.6694,27.3540,7.8565,33.6060,27632.6900,5.3015,NA,NA,NA,NA,NA,NA,NA,NA,NA,NA
282.884,4.6593,27.0790,7.8509,33.5107,30849.5320,17.5601,NA,NA,NA,NA,NA,NA,NA,NA,NA,NA
282.982,4.6593,27.0790,7.8465,33.4366,30849.5320,17.5601,NA,NA,NA,NA,NA,NA,NA,NA,NA,NA
283.083,4.6589,27.0679,7.8392,33.3122,23770.7740,-9.4154,NA,NA,NA,NA,NA,NA,NA,NA,NA,NA
283.176,4.6429,26.6335,7.8358,33.2549,25364.8700,-3.3406,NA,NA,NA,NA,NA,NA,NA,NA,NA,NA
283.277,4.6072,25.6576,7.8191,32.9697,46899.3680,78.7221,NA,NA,NA,NA,NA,NA,NA,NA,NA,NA
283.376,4.5899,25.1869,7.8083,32.7870,51126.8200,94.8319,NA,NA,NA,NA,NA,NA,NA,NA,NA,NA
283.472,4.5892,25.1671,7.9251,34.7733,55852.5320,112.8404,NA,NA,NA,NA,NA,NA,NA,NA,NA,NA
283.572,4.6063,25.6346,8.0556,36.9920,55852.5320,112.8404,NA,NA,NA,NA,NA,NA,NA,NA,NA,NA
283.673,4.6286,26.2432,8.1096,37.9107,26060.8600,-0.6884,NA,NA,NA,NA,NA,NA,NA,NA,NA,NA
283.771,4.7154,28.6097,8.1572,38.7190,28365.7960,8.0952,NA,NA,NA,NA,NA,NA,NA,NA,NA,NA
283.863,4.8144,31.3109,8.1850,39.1922,28365.7960,8.0952,NA,NA,NA,NA,NA,NA,NA,NA,NA,NA
283.976,4.8367,31.9193,8.1952,39.3665,22238.8640,-15.2531,NA,NA,NA,NA,NA,NA,NA,NA,NA,NA
284.064,4.8469,32.1964,8.1952,39.3665,23836.5560,-9.1647,NA,NA,NA,NA,NA,NA,NA,NA,NA,NA
284.157,4.8469,32.1964,8.1867,39.2217,25774.2080,-1.7808,NA,NA,NA,NA,NA,NA,NA,NA,NA,NA
284.258,4.8293,31.7172,8.1718,38.9683,47665.8880,81.6431,NA,NA,NA,NA,NA,NA,NA,NA,NA,NA
284.359,4.8197,31.4541,8.1593,38.7551,52286.2200,99.2501,NA,NA,NA,NA,NA,NA,NA,NA,NA,NA
284.457,4.7952,30.7853,8.1399,38.4261,57111.1000,117.6365,NA,NA,NA,NA,NA,NA,NA,NA,NA,NA
284.604,4.7952,30.7853,8.1159,38.0179,57111.1000,117.6365,NA,NA,NA,NA,NA,NA,NA,NA,NA,NA
284.658,4.7952,30.7855,8.1024,37.7885,26116.7340,-0.4755,NA,NA,NA,NA,NA,NA,NA,NA,NA,NA
284.771,4.7952,30.7855,8.0925,37.6196,24852.3260,-5.2938,NA,NA,NA,NA,NA,NA,NA,NA,NA,NA
284.854,4.7874,30.5721,8.0853,37.4968,44726.5720,70.4421,NA,NA,NA,NA,NA,NA,NA,NA,NA,NA
284.952,4.7557,29.7085,8.0684,37.2095,48428.3400,84.5486,NA,NA,NA,NA,NA,NA,NA,NA,NA,NA
285.055,4.8252,31.6055,8.1956,39.3728,52278.8200,99.2219,NA,NA,NA,NA,NA,NA,NA,NA,NA,NA
285.180,4.8252,31.6055,8.2627,40.5145,56211.7600,114.2094,NA,NA,NA,NA,NA,NA,NA,NA,NA,NA
285.243,4.8539,32.3884,8.2670,40.5877,56211.7600,114.2094,NA,NA,NA,NA,NA,NA,NA,NA,NA,NA
285.346,4.8893,33.3532,8.2843,40.8815,28368.8560,8.1068,NA,NA,NA,NA,NA,NA,NA,NA,NA,NA
285.438,4.9407,34.7538,8.2939,41.0448,31066.2360,18.3859,NA,NA,NA,NA,NA,NA,NA,NA,NA,NA
285.536,4.9589,35.2497,8.2988,41.1276,31066.2360,18.3859,NA,NA,NA,NA,NA,NA,NA,NA,NA,NA
285.639,4.9949,36.2333,8.3007,41.1609,23240.3920,-11.4365,NA,NA,NA,NA,NA,NA,NA,NA,NA,NA
285.794,4.9949,36.2333,8.3016,41.1754,24939.3220,-4.9623,NA,NA,NA,NA,NA,NA,NA,NA,NA,NA
285.828,4.9939,36.2055,8.3016,41.1754,45776.5560,74.4433,NA,NA,NA,NA,NA,NA,NA,NA,NA,NA
285.928,4.9648,35.4112,8.2993,41.1356,49256.2560,87.7036,NA,NA,NA,NA,NA,NA,NA,NA,NA,NA
286.031,4.9585,35.2411,8.2883,40.9485,52894.0800,101.5665,NA,NA,NA,NA,NA,NA,NA,NA,NA,NA
286.126,4.8778,33.0396,8.2835,40.8670,52894.0800,101.5665,NA,NA,NA,NA,NA,NA,NA,NA,NA,NA
286.223,4.9124,33.9821,8.3295,41.6500,25934.0820,-1.1715,NA,NA,NA,NA,NA,NA,NA,NA,NA,NA
286.319,4.9131,34.0027,8.3535,42.0573,28749.8780,9.5588,NA,NA,NA,NA,NA,NA,NA,NA,NA,NA
286.417,4.9479,34.9498,8.3594,42.1580,31811.0640,21.2242,NA,NA,NA,NA,NA,NA,NA,NA,NA,NA
286.521,4.9512,35.0415,8.3594,42.1580,31811.0640,21.2242,NA,NA,NA,NA,NA,NA,NA,NA,NA,NA
286.612,4.9512,35.0415,8.3488,41.9784,23753.1220,-9.4826,NA,NA,NA,NA,NA,NA,NA,NA,NA,NA
286.721,4.9502,35.0128,8.3292,41.6453,25396.1240,-3.2215,NA,NA,NA,NA,NA,NA,NA,NA,NA,NA
286.820,4.9219,34.2422,8.3164,41.4275,46396.2240,76.8047,NA,NA,NA,NA,NA,NA,NA,NA,NA,NA
286.949,4.9017,33.6910,8.3090,41.3009,49757.0560,89.6120,NA,NA,NA,NA,NA,NA,NA,NA,NA,NA
287.009,4.8861,33.2652,8.2797,40.8038,53026.0520,102.0694,NA,NA,NA,NA,NA,NA,NA,NA,NA,NA
287.108,4.8644,32.6732,8.2657,40.5656,53026.0520,102.0694,NA,NA,NA,NA,NA,NA,NA,NA,NA,NA
287.218,4.8442,32.1238,8.2413,40.1495,26840.3360,2.2820,196723.7760,0.0000,NA,NA,NA,NA,NA,NA,NA,NA
287.317,4.8308,31.7581,8.1685,38.9116,27916.8140,6.3842,NA,NA,NA,NA,NA,NA,NA,NA,NA,NA
287.406,4.8170,31.3804,8.1183,38.0578,30373.3180,15.7453,NA,NA,NA,NA,NA,NA,NA,NA,NA,NA
287.505,4.8146,31.3154,8.0938,37.6411,30373.3180,15.7453,NA,NA,NA,NA,NA,NA,NA,NA,NA,NA
287.648,4.8146,31.3154,8.0752,37.3251,23711.8960,-9.6397,NA,NA,NA,NA,NA,NA,NA,NA,NA,NA
287.704,4.7699,30.0970,8.0601,37.0681,25628.9740,-2.3342,NA,NA,NA,NA,NA,NA,NA,NA,NA,NA
287.800,4.7299,29.0061,8.0529,36.9468,47944.4160,82.7045,NA,NA,NA,NA,NA,NA,NA,NA,NA,NA
287.899,4.7299,29.0061,8.0303,36.5620,52124.0200,98.6320,NA,NA,NA,NA,NA,NA,NA,NA,NA,NA
287.997,4.7186,28.6958,8.0249,36.4702,56124.9760,113.8786,NA,NA,NA,NA,NA,NA,NA,NA,NA,NA
288.106,4.6832,27.7301,8.0214,36.4104,56124.9760,113.8786,NA,NA,NA,NA,NA,NA,NA,NA,NA,NA
288.197,4.6849,27.7766,8.0214,36.4104,26342.1160,0.3834,NA,NA,NA,NA,NA,NA,NA,NA,NA,NA
288.294,4.6849,27.7766,8.0195,36.3788,28342.9360,8.0080,NA,NA,NA,NA,NA,NA,NA,NA,NA,NA
288.419,4.6927,27.9905,8.0165,36.3262,28342.9360,8.0080,NA,NA,NA,NA,NA,NA,NA,NA,NA,NA
288.488,4.7109,28.4874,8.0159,36.3161,22034.7180,-16.0310,NA,NA,NA,NA,NA,NA,NA,NA,NA,NA
288.587,4.7109,28.4874,8.0154,36.3079,23963.1440,-8.6823,NA,NA,NA,NA,NA,NA,NA,NA,NA,NA
288.755,4.6933,28.0076,8.0154,36.3079,26019.6300,-0.8455,NA,NA,NA,NA,NA,NA,NA,NA,NA,NA
288.783,4.6837,27.7458,8.0180,36.3530,48992.8080,86.6997,NA,NA,NA,NA,NA,NA,NA,NA,NA,NA
288.892,4.6803,27.6523,8.0180,36.3530,52798.4200,101.2019,NA,NA,NA,NA,NA,NA,NA,NA,NA,NA
288.983,4.6728,27.4467,8.0098,36.2139,57221.5000,118.0572,NA,NA,NA,NA,NA,NA,NA,NA,NA,NA
289.075,4.6307,26.3004,8.0006,36.0564,57221.5000,118.0572,NA,NA,NA,NA,NA,NA,NA,NA,NA,NA
289.182,4.6307,26.3004,7.9973,35.9998,26902.2900,2.5181,NA,NA,NA,NA,NA,NA,NA,NA,NA,NA
289.279,4.6384,26.5104,7.9973,35.9998,28892.1200,10.1008,NA,NA,NA,NA,NA,NA,NA,NA,NA,NA
289.387,4.6736,27.4686,7.9952,35.9645,28892.1200,10.1008,NA,NA,NA,NA,NA,NA,NA,NA,NA,NA
289.474,4.6763,27.5430,7.9939,35.9431,22578.4220,-13.9591,NA,NA,NA,NA,NA,NA,NA,NA,NA,NA
289.574,4.6763,27.5430,7.9864,35.8159,53557.6720,104.0953,NA,NA,NA,NA,NA,NA,NA,NA,NA,NA
289.672,4.6340,26.3885,7.9816,35.7336,56839.3400,116.6009,NA,NA,NA,NA,NA,NA,NA,NA,NA,NA
289.772,4.6362,26.4500,7.9765,35.6474,56839.3400,116.6009,NA,NA,NA,NA,NA,NA,NA,NA,NA,NA
289.876,4.6362,26.4500,7.9717,35.5654,28130.7240,7.1994,NA,NA,NA,NA,NA,NA,NA,NA,NA,NA
289.963,4.6233,26.0964,7.9717,35.5654,31278.9800,19.1966,NA,NA,NA,NA,NA,NA,NA,NA,NA,NA
290.066,4.6233,26.0964,7.9607,35.3781,31278.9800,19.1966,NA,NA,NA,NA,NA,NA,NA,NA,NA,NA
290.161,4.6065,25.6394,7.9600,35.3659,23336.9440,-11.0686,NA,NA,NA,NA,NA,NA,NA,NA,NA,NA
290.262,4.6065,25.6394,7.9489,35.1773,24970.7280,-4.8426,NA,NA,NA,NA,NA,NA,NA,NA,NA,NA
290.361,4.5982,25.4144,7.9351,34.9423,45995.8080,75.2788,NA,NA,NA,NA,NA,NA,NA,NA,NA,NA
290.458,4.5445,23.9484,7.9292,34.8432,50032.0960,90.6602,NA,NA,NA,NA,NA,NA,NA,NA,NA,NA
290.576,4.5216,23.3250,7.9108,34.5293,53779.9320,104.9422,NA,NA,NA,NA,NA,NA,NA,NA,NA,NA
290.658,4.4880,22.4063,7.9042,34.4171,53779.9320,104.9422,NA,NA,NA,NA,NA,NA,NA,NA,NA,NA
290.753,4.4790,22.1625,7.8939,34.2421,25405.4160,-3.1861,NA,NA,NA,NA,NA,NA,NA,NA,NA,NA
290.852,4.4746,22.0412,7.8904,34.1826,28580.4300,8.9131,NA,NA,NA,NA,NA,NA,NA,NA,NA,NA
290.951,4.4945,22.5847,7.8870,34.1240,32097.6180,22.3162,NA,NA,NA,NA,NA,NA,NA,NA,NA,NA
291.049,4.5019,22.7867,7.8831,34.0582,32097.6180,22.3162,NA,NA,NA,NA,NA,NA,NA,NA,NA,NA
291.153,4.5127,23.0825,7.8808,34.0189,23778.1500,-9.3873,NA,NA,NA,NA,NA,NA,NA,NA,NA,NA
291.240,4.5127,23.0825,7.8765,33.9457,25474.0740,-2.9245,NA,NA,NA,NA,NA,NA,NA,NA,NA,NA
291.340,4.5007,22.7539,7.8700,33.8365,47030.6560,79.2224,NA,NA,NA,NA,NA,NA,NA,NA,NA,NA
291.441,4.4870,22.3803,7.8684,33.8079,50783.5520,93.5238,NA,NA,NA,NA,NA,NA,NA,NA,NA,NA
291.541,4.4713,21.9523,7.8532,33.5497,54593.2400,108.0416,NA,NA,NA,NA,NA,NA,NA,NA,NA,NA
291.645,4.4713,21.9523,7.8479,33.4593,54593.2400,108.0416,NA,NA,NA,NA,NA,NA,NA,NA,NA,NA
291.734,4.4534,21.4637,7.8456,33.4211,26341.7420,0.3820,NA,NA,NA,NA,NA,NA,NA,NA,NA,NA
291.849,4.4534,21.4637,7.8456,33.4211,29423.7460,12.1267,NA,NA,NA,NA,NA,NA,NA,NA,NA,NA
291.927,4.4643,21.7614,7.8412,33.3462,29423.7460,12.1267,NA,NA,NA,NA,NA,NA,NA,NA,NA,NA
292.031,4.4695,21.9035,7.8356,33.2511,22288.2320,-15.0650,NA,NA,NA,NA,NA,NA,NA,NA,NA,NA
292.119,4.4752,22.0584,7.8328,33.2039,23895.3980,-8.9404,NA,NA,NA,NA,NA,NA,NA,NA,NA,NA
292.223,4.4752,22.0584,7.8322,33.1927,25860.7060,-1.4511,NA,NA,NA,NA,NA,NA,NA,NA,NA,NA
292.380,4.4558,21.5283,7.8262,33.0913,47938.9200,82.6836,NA,NA,NA,NA,NA,NA,NA,NA,NA,NA
292.416,4.4423,21.1616,7.8237,33.0479,51567.4680,96.5111,NA,NA,NA,NA,NA,NA,NA,NA,NA,NA
292.512,4.4251,20.6931,7.8151,32.9022,55244.0200,110.5215,NA,NA,NA,NA,NA,NA,NA,NA,NA,NA
292.616,4.4212,20.5852,7.8097,32.8099,55244.0200,110.5215,NA,NA,NA,NA,NA,NA,NA,NA,NA,NA
292.715,4.4098,20.2755,7.8061,32.7485,25963.3340,-1.0600,NA,NA,NA,NA,NA,NA,NA,NA,NA,NA
292.813,4.4098,20.2755,7.8027,32.6914,24364.2520,-7.1538,NA,NA,NA,NA,NA,NA,NA,NA,NA,NA
292.967,4.3917,19.7799,7.8022,32.6834,43130.0960,64.3583,NA,NA,NA,NA,NA,NA,NA,NA,NA,NA
293.011,4.3894,19.7169,7.7956,32.5712,46534.0000,77.3298,NA,NA,NA,NA,NA,NA,NA,NA,NA,NA
293.116,4.3894,19.7169,7.7862,32.4114,51573.3440,96.5335,NA,NA,NA,NA,NA,NA,NA,NA,NA,NA
293.204,4.3734,19.2819,7.7639,32.0306,58034.4240,121.1551,NA,NA,NA,NA,NA,NA,NA,NA,NA,NA
293.301,4.3734,19.2819,7.7521,31.8302,58034.4240,121.1551,NA,NA,NA,NA,NA,NA,NA,NA,NA,NA
293.404,4.3587,18.8814,7.7441,31.6954,28266.5440,7.7169,NA,NA,NA,NA,NA,NA,NA,NA,NA,NA
293.508,4.3512,18.6757,7.7386,31.6006,31023.6540,18.2236,NA,NA,NA,NA,NA,NA,NA,NA,NA,NA
293.599,4.3751,19.3278,7.7343,31.5281,31023.6540,18.2236,NA,NA,NA,NA,NA,NA,NA,NA,NA,NA
293.700,4.3764,19.3627,7.7311,31.4739,23067.7260,-12.0945,NA,NA,NA,NA,NA,NA,NA,NA,NA,NA
293.792,4.3764,19.3627,7.7212,31.3047,24418.2020,-6.9482,NA,NA,NA,NA,NA,NA,NA,NA,NA,NA
293.895,4.3602,18.9207,7.7133,31.1717,43934.6000,67.4241,NA,NA,NA,NA,NA,NA,NA,NA,NA,NA
293.994,4.3533,18.7347,7.7034,31.0021,47614.6960,81.4480,NA,NA,NA,NA,NA,NA,NA,NA,NA,NA
294.088,4.3529,18.7227,7.6964,30.8841,53132.1320,102.4736,NA,NA,NA,NA,NA,NA,NA,NA,NA,NA
294.218,4.3467,18.5542,7.6912,30.7949,53132.1320,102.4736,NA,NA,NA,NA,NA,NA,NA,NA,NA,NA
294.283,4.3369,18.2858,7.6714,30.4587,26086.5180,-0.5906,NA,NA,NA,NA,NA,NA,NA,NA,NA,NA
294.396,4.3288,18.0641,7.6601,30.2663,28493.1820,8.5806,NA,NA,NA,NA,NA,NA,NA,NA,NA,NA
294.484,4.3241,17.9363,7.6562,30.1993,31748.8960,20.9873,NA,NA,NA,NA,NA,NA,NA,NA,NA,NA
294.578,4.3389,18.3406,7.6426,29.9692,31748.8960,20.9873,NA,NA,NA,NA,NA,NA,NA,NA,NA,NA
294.677,4.3389,18.3406,7.6353,29.8443,23408.5820,-10.7956,NA,NA,NA,NA,NA,NA,NA,NA,NA,NA
294.777,4.3385,18.3287,7.6261,29.6875,24816.4440,-5.4306,NA,NA,NA,NA,NA,NA,NA,NA,NA,NA
294.882,4.3199,17.8214,7.6228,29.6321,44536.6560,69.7184,NA,NA,NA,NA,NA,NA,NA,NA,NA,NA
295.028,4.3144,17.6734,7.6180,29.5506,48840.8680,86.1207,NA,NA,NA,NA,NA,NA,NA,NA,NA,NA
295.069,4.3124,17.6169,7.6117,29.4423,54729.1400,108.5594,NA,NA,NA,NA,NA,NA,NA,NA,NA,NA
295.171,4.3071,17.4723,7.6086,29.3912,54729.1400,108.5594,NA,NA,NA,NA,NA,NA,NA,NA,NA,NA
295.271,4.3004,17.2906,7.6057,29.3410,26683.9940,1.6862,191675.1040,0.0000,NA,NA,NA,NA,NA,NA,NA,NA
295.378,4.3004,17.2906,7.5973,29.1978,27979.0880,6.6215,NA,NA,NA,NA,NA,NA,NA,NA,NA,NA
295.472,4.3226,17.8957,7.5921,29.1101,31705.5600,20.8222,NA,NA,NA,NA,NA,NA,NA,NA,NA,NA
295.573,4.3226,17.8957,7.5867,29.0178,31705.5600,20.8222,NA,NA,NA,NA,NA,NA,NA,NA,NA,NA
295.678,4.3165,17.7308,7.5838,28.9682,23786.3520,-9.3560,NA,NA,NA,NA,NA,NA,NA,NA,NA,NA
295.766,4.3100,17.5540,7.5822,28.9411,25492.1940,-2.8554,NA,NA,NA,NA,NA,NA,NA,NA,NA,NA
295.860,4.3020,17.3339,7.5754,28.8264,47090.4840,79.4504,NA,NA,NA,NA,NA,NA,NA,NA,NA,NA
295.993,4.2875,16.9380,7.5661,28.6683,51371.0080,95.7624,NA,NA,NA,NA,NA,NA,NA,NA,NA,NA
296.056,4.2717,16.5087,7.5646,28.6423,55541.1280,111.6537,NA,NA,NA,NA,NA,NA,NA,NA,NA,NA
296.156,4.2708,16.4832,7.5652,28.6518,55541.1280,111.6537,NA,NA,NA,NA,NA,NA,NA,NA,NA,NA
296.253,4.2650,16.3255,7.5652,28.6518,25751.5360,-1.8672,196845.1040,0.0000,NA,NA,NA,NA,NA,NA,NA,NA
296.351,4.2627,16.2624,7.5578,28.5264,52091.9120,98.5096,NA,NA,NA,NA,NA,NA,NA,NA,NA,NA
296.453,4.2444,15.7631,7.5488,28.3727,52091.9120,98.5096,NA,NA,NA,NA,NA,NA,NA,NA,NA,NA
296.563,4.2444,15.7631,7.5436,28.2851,26123.6200,-0.4492,NA,NA,NA,NA,NA,NA,NA,NA,NA,NA
296.660,4.2608,16.2095,7.5385,28.1975,26123.6200,-0.4492,NA,NA,NA,NA,NA,NA,NA,NA,NA,NA
296.754,4.2608,16.2095,7.5285,28.0283,25333.1100,-3.4617,NA,NA,NA,NA,NA,NA,NA,NA,NA,NA
296.852,4.2528,15.9935,7.5145,27.7909,46086.2000,75.6233,NA,NA,NA,NA,NA,NA,NA,NA,NA,NA
296.957,4.2362,15.5408,7.5077,27.6748,51445.7280,96.0472,NA,NA,NA,NA,NA,NA,NA,NA,NA,NA
297.060,4.2374,15.5728,7.4979,27.5074,57208.9080,118.0092,NA,NA,NA,NA,NA,NA,NA,NA,NA,NA
297.206,4.2374,15.5728,7.4933,27.4302,57208.9080,118.0092,NA,NA,NA,NA,NA,NA,NA,NA,NA,NA
297.245,4.2389,15.6134,7.4914,27.3973,26817.8060,2.1961,NA,NA,NA,NA,NA,NA,NA,NA,NA,NA
297.337,4.2389,15.6134,7.4860,27.3054,29407.9080,12.0664,NA,NA,NA,NA,NA,NA,NA,NA,NA,NA
297.457,4.2357,15.5250,7.4787,27.1811,29407.9080,12.0664,NA,NA,NA,NA,NA,NA,NA,NA,NA,NA
297.534,4.2350,15.5077,7.4741,27.1037,21976.9140,-16.2513,NA,NA,NA,NA,NA,NA,NA,NA,NA,NA
297.643,4.2556,16.0689,7.4641,26.9330,23502.9920,-10.4358,NA,NA,NA,NA,NA,NA,NA,NA,NA,NA
297.731,4.2556,16.0689,7.4576,26.8223,25828.6720,-1.5732,NA,NA,NA,NA,NA,NA,NA,NA,NA,NA
297.836,4.2490,15.8878,7.4512,26.7139,48516.2760,84.8837,NA,NA,NA,NA,NA,NA,NA,NA,NA,NA
297.926,4.2388,15.6107,7.4470,26.6422,53935.1720,105.5338,NA,NA,NA,NA,NA,NA,NA,NA,NA,NA
298.024,4.2315,15.4115,7.4472,26.6453,58586.0440,123.2572,NA,NA,NA,NA,NA,NA,NA,NA,NA,NA
298.133,4.2238,15.2011,7.4492,26.6798,58586.0440,123.2572,NA,NA,NA,NA,NA,NA,NA,NA,NA,NA
298.236,4.2141,14.9362,7.4492,26.6798,27434.8120,4.5474,NA,NA,NA,NA,NA,NA,NA,NA,NA,NA
298.316,4.1953,14.4242,7.4469,26.6400,30013.1620,14.3729,NA,NA,NA,NA,NA,NA,NA,NA,NA,NA
298.442,4.2100,14.8248,7.4459,26.6234,30013.1620,14.3729,NA,NA,NA,NA,NA,NA,NA,NA,NA,NA
298.522,4.2158,14.9844,7.4429,26.5729,22347.2020,-14.8402,NA,NA,NA,NA,NA,NA,NA,NA,NA,NA
298.616,4.2304,15.3827,7.4400,26.5225,23974.6000,-8.6386,NA,NA,NA,NA,NA,NA,NA,NA,NA,NA
298.709,4.2304,15.3827,7.4400,26.5225,43343.4800,65.1715,NA,NA,NA,NA,NA,NA,NA,NA,NA,NA
298.809,4.2179,15.0414,7.4399,26.5211,48449.1160,84.6278,NA,NA,NA,NA,NA,NA,NA,NA,NA,NA
298.947,4.1866,14.1864,7.4360,26.4548,53799.2640,105.0159,NA,NA,NA,NA,NA,NA,NA,NA,NA,NA
299.006,4.1866,14.1864,7.4304,26.3597,59316.5480,126.0409,NA,NA,NA,NA,NA,NA,NA,NA,NA,NA
299.105,4.1834,14.0984,7.4288,26.3325,59316.5480,126.0409,NA,NA,NA,NA,NA,NA,NA,NA,NA,NA
299.204,4.1822,14.0669,7.4265,26.2934,28263.4640,7.7052,NA,NA,NA,NA,NA,NA,NA,NA,NA,NA
299.304,4.1945,14.4028,7.4257,26.2798,30711.1460,17.0327,NA,NA,NA,NA,NA,NA,NA,NA,NA,NA
299.401,4.1959,14.4396,7.4313,26.3750,30711.1460,17.0327,NA,NA,NA,NA,NA,NA,NA,NA,NA,NA
299.581,4.1994,14.5348,7.4313,26.3750,22733.9580,-13.3664,NA,NA,NA,NA,NA,NA,NA,NA,NA,NA
299.596,4.2051,14.6923,7.4313,26.3746,24484.0120,-6.6974,NA,NA,NA,NA,NA,NA,NA,NA,NA,NA
299.698,4.2051,14.6923,7.4281,26.3216,44785.5200,70.6667,NA,NA,NA,NA,NA,NA,NA,NA,NA,NA
299.796,4.2016,14.5968,7.4248,26.2655,44785.5200,70.6667,NA,NA,NA,NA,NA,NA,NA,NA,NA,NA
299.895,4.1880,14.2241,7.4227,26.2294,27937.4100,6.4627,NA,NA,NA,NA,NA,NA,NA,NA,NA,NA
299.992,4.1806,14.0246,7.4214,26.2068,30940.6900,17.9074,NA,NA,NA,NA,NA,NA,NA,NA,NA,NA
300.100,4.1910,14.3069,7.4204,26.1891,30940.6900,17.9074,NA,NA,NA,NA,NA,NA,NA,NA,NA,NA
300.204,4.1932,14.3683,7.4182,26.1525,23855.2000,-9.0936,NA,NA,NA,NA,NA,NA,NA,NA,NA,NA
300.291,4.1932,14.3683,7.4163,26.1203,25452.7260,-3.0058,NA,NA,NA,NA,NA,NA,NA,NA,NA,NA
300.391,4.1775,13.9395,7.4099,26.0109,47336.6960,80.3886,NA,NA,NA,NA,NA,NA,NA,NA,NA,NA
300.502,4.1703,13.7414,7.4050,25.9282,51403.6320,95.8867,NA,NA,NA,NA,NA,NA,NA,NA,NA,NA
300.588,4.1666,13.6402,7.3953,25.7631,55892.5600,112.9930,NA,NA,NA,NA,NA,NA,NA,NA,NA,NA
300.682,4.1654,13.6075,7.3899,25.6716,55892.5600,112.9930,NA,NA,NA,NA,NA,NA,NA,NA,NA,NA
300.859,4.1654,13.6075,7.3841,25.5729,25841.8420,-1.5230,197387.5040,0.0000,NA,NA,NA,NA,NA,NA,NA,NA
300.889,4.1619,13.5136,7.3808,25.5171,52888.7960,101.5463,NA,NA,NA,NA,NA,NA,NA,NA,NA,NA
300.982,4.1543,13.3067,7.3738,25.3973,52888.7960,101.5463,NA,NA,NA,NA,NA,NA,NA,NA,NA,NA
301.077,4.1417,12.9615,7.3689,25.3136,25908.2200,-1.2701,NA,NA,NA,NA,NA,NA,NA,NA,NA,NA
301.175,4.1359,12.8051,7.3656,25.2573,28847.1320,9.9294,NA,NA,NA,NA,NA,NA,NA,NA,NA,NA
301.266,4.1459,13.0774,7.3602,25.1668,31981.8120,21.8749,NA,NA,NA,NA,NA,NA,NA,NA,NA,NA
301.402,4.1592,13.4386,7.3574,25.1184,31981.8120,21.8749,NA,NA,NA,NA,NA,NA,NA,NA,NA,NA
301.471,4.1592,13.4386,7.3543,25.0663,23704.1620,-9.6692,NA,NA,NA,NA,NA,NA,NA,NA,NA,NA
301.562,4.1573,13.3866,7.3504,24.9993,25392.1020,-3.2369,NA,NA,NA,NA,NA,NA,NA,NA,NA,NA
301.676,4.1361,12.8107,7.3374,24.7790,46350.3120,76.6298,NA,NA,NA,NA,NA,NA,NA,NA,NA,NA
301.766,4.1276,12.5770,7.3354,24.7449,46350.3120,76.6298,NA,NA,NA,NA,NA,NA,NA,NA,NA,NA
301.863,4.1253,12.5153,7.3354,24.7449,29874.4880,13.8444,NA,NA,NA,NA,NA,NA,NA,NA,NA,NA
301.994,4.1270,12.5612,7.3334,24.7097,29874.4880,13.8444,NA,NA,NA,NA,NA,NA,NA,NA,NA,NA
302.081,4.1270,12.5612,7.3271,24.6039,22051.5120,-15.9670,NA,NA,NA,NA,NA,NA,NA,NA,NA,NA
302.162,4.1238,12.4734,7.3233,24.5385,23410.6520,-10.7877,NA,NA,NA,NA,NA,NA,NA,NA,NA,NA
302.255,4.1238,12.4734,7.3217,24.5120,25346.8960,-3.4091,NA,NA,NA,NA,NA,NA,NA,NA,NA,NA
302.353,4.1172,12.2952,7.3036,24.2037,46164.9520,75.9234,NA,NA,NA,NA,NA,NA,NA,NA,NA,NA
302.457,4.1092,12.0752,7.3034,24.2001,51674.5040,96.9190,NA,NA,NA,NA,NA,NA,NA,NA,NA,NA
302.575,4.1123,12.1598,7.3094,24.3017,57737.9120,120.0251,NA,NA,NA,NA,NA,NA,NA,NA,NA,NA
302.647,4.1123,12.1598,7.3094,24.3017,57737.9120,120.0251,NA,NA,NA,NA,NA,NA,NA,NA,NA,NA
302.746,4.0965,11.7283,7.3054,24.2342,27488.1200,4.7505,NA,NA,NA,NA,NA,NA,NA,NA,NA,NA
302.853,4.0994,11.8093,7.2994,24.1329,30213.1280,15.1349,NA,NA,NA,NA,NA,NA,NA,NA,NA,NA
302.950,4.1166,12.2766,7.2938,24.0375,30213.1280,15.1349,NA,NA,NA,NA,NA,NA,NA,NA,NA,NA
303.041,4.1166,12.2766,7.2917,24.0011,22398.1800,-14.6460,NA,NA,NA,NA,NA,NA,NA,NA,NA,NA
303.190,4.1261,12.5364,7.2820,23.8365,23868.5360,-9.0428,NA,NA,NA,NA,NA,NA,NA,NA,NA,NA
303.236,4.1261,12.5364,7.2729,23.6812,42634.5720,62.4700,NA,NA,NA,NA,NA,NA,NA,NA,NA,NA
303.356,4.1161,12.2629,7.2693,23.6204,47272.2720,80.1431,NA,NA,NA,NA,NA,NA,NA,NA,NA,NA
303.436,4.1110,12.1250,7.2601,23.4633,53096.0680,102.3362,NA,NA,NA,NA,NA,NA,NA,NA,NA,NA
303.534,4.0974,11.7539,7.2515,23.3174,59304.3640,125.9945,NA,NA,NA,NA,NA,NA,NA,NA,NA,NA
303.628,4.0914,11.5895,7.2465,23.2333,59304.3640,125.9945,NA,NA,NA,NA,NA,NA,NA,NA,NA,NA
303.744,4.0929,11.6302,7.2416,23.1500,28209.9380,7.5012,NA,NA,NA,NA,NA,NA,NA,NA,NA,NA
303.821,4.1136,12.1971,7.2416,23.1493,30942.3260,17.9137,NA,NA,NA,NA,NA,NA,NA,NA,NA,NA
303.922,4.1136,12.1971,7.2464,23.2317,30942.3260,17.9137,NA,NA,NA,NA,NA,NA,NA,NA,NA,NA
304.023,4.1116,12.1404,7.2507,23.3048,22755.9560,-13.2826,NA,NA,NA,NA,NA,NA,NA,NA,NA,NA
304.123,4.1010,11.8527,7.2547,23.3713,24310.0200,-7.3604,NA,NA,NA,NA,NA,NA,NA,NA,NA,NA
304.216,4.1010,11.8527,7.2586,23.4384,43613.6640,66.2011,NA,NA,NA,NA,NA,NA,NA,NA,NA,NA
304.330,4.0980,11.7713,7.2612,23.4823,48713.1320,85.6339,NA,NA,NA,NA,NA,NA,NA,NA,NA,NA
304.435,4.0826,11.3502,7.2638,23.5272,48713.1320,85.6339,NA,NA,NA,NA,NA,NA,NA,NA,NA,NA
304.526,4.0871,11.4738,7.2644,23.5375,30975.5160,18.0402,NA,NA,NA,NA,NA,NA,NA,NA,NA,NA
304.637,4.0922,11.6114,7.2682,23.6015,30975.5160,18.0402,NA,NA,NA,NA,NA,NA,NA,NA,NA,NA
304.719,4.0922,11.6114,7.2682,23.6015,23821.3920,-9.2225,NA,NA,NA,NA,NA,NA,NA,NA,NA,NA
304.815,4.0910,11.5797,7.2683,23.6037,25656.9800,-2.2275,NA,NA,NA,NA,NA,NA,NA,NA,NA,NA
304.941,4.0902,11.5565,7.2683,23.6037,48028.5920,83.0253,NA,NA,NA,NA,NA,NA,NA,NA,NA,NA
305.018,4.0510,10.4875,7.2670,23.5804,51935.8840,97.9150,NA,NA,NA,NA,NA,NA,NA,NA,NA,NA
305.106,4.0510,10.4875,7.2670,23.5804,56152.8480,113.9849,NA,NA,NA,NA,NA,NA,NA,NA,NA,NA
305.212,4.0395,10.1738,7.2656,23.5566,56152.8480,113.9849,NA,NA,NA,NA,NA,NA,NA,NA,NA,NA
305.307,4.0395,10.1738,7.2536,23.3527,26360.1860,0.4523,NA,NA,NA,NA,NA,NA,NA,NA,NA,NA
305.404,4.0338,10.0192,7.2448,23.2042,28322.6240,7.9306,NA,NA,NA,NA,NA,NA,NA,NA,NA,NA
305.503,4.0327,9.9908,7.2425,23.1650,28322.6240,7.9306,NA,NA,NA,NA,NA,NA,NA,NA,NA,NA
305.615,4.0327,9.9908,7.2384,23.0951,22158.1480,-15.5607,NA,NA,NA,NA,NA,NA,NA,NA,NA,NA
305.697,4.0410,10.2147,7.2360,23.0537,24033.7240,-8.4133,NA,NA,NA,NA,NA,NA,NA,NA,NA,NA
305.791,4.0410,10.2147,7.2344,23.0265,26006.9360,-0.8939,NA,NA,NA,NA,NA,NA,NA,NA,NA,NA
305.912,4.0255,9.7933,7.2327,22.9983,48923.2240,86.4345,NA,NA,NA,NA,NA,NA,NA,NA,NA,NA
305.994,4.0216,9.6870,7.2305,22.9610,52588.5760,100.4023,NA,NA,NA,NA,NA,NA,NA,NA,NA,NA
306.084,4.0216,9.6870,7.2301,22.9540,57297.1560,118.3455,NA,NA,NA,NA,NA,NA,NA,NA,NA,NA
306.189,4.0206,9.6592,7.2285,22.9272,57297.1560,118.3455,NA,NA,NA,NA,NA,NA,NA,NA,NA,NA
306.287,4.0206,9.6592,7.2275,22.9096,26927.2460,2.6132,NA,NA,NA,NA,NA,NA,NA,NA,NA,NA
306.379,4.0292,9.8951,7.2254,22.8742,29009.1360,10.5468,NA,NA,NA,NA,NA,NA,NA,NA,NA,NA
306.482,4.0405,10.2032,7.2134,22.6703,29009.1360,10.5468,NA,NA,NA,NA,NA,NA,NA,NA,NA,NA
306.578,4.0594,10.7179,7.2107,22.6246,22660.0900,-13.6479,NA,NA,NA,NA,NA,NA,NA,NA,NA,NA
306.676,4.0629,10.8119,7.1981,22.4103,24419.8260,-6.9420,NA,NA,NA,NA,NA,NA,NA,NA,NA,NA
306.813,4.0629,10.8119,7.1939,22.3386,45071.0320,71.7547,NA,NA,NA,NA,NA,NA,NA,NA,NA,NA
306.872,4.0567,10.6440,7.1390,21.4051,49179.4920,87.4111,NA,NA,NA,NA,NA,NA,NA,NA,NA,NA
306.973,4.0348,10.0456,7.0043,19.1145,53112.6440,102.3994,NA,NA,NA,NA,NA,NA,NA,NA,NA,NA
307.070,4.0333,10.0049,6.9551,18.2776,58291.1400,122.1334,NA,NA,NA,NA,NA,NA,NA,NA,NA,NA
307.194,4.0132,9.4578,6.9155,17.6039,58291.1400,122.1334,NA,NA,NA,NA,NA,NA,NA,NA,NA,NA
307.264,4.0301,9.9181,6.9343,17.9233,27610.3580,5.2164,NA,NA,NA,NA,NA,NA,NA,NA,NA,NA
307.372,4.1060,11.9875,7.0645,20.1374,29914.9380,13.9986,NA,NA,NA,NA,NA,NA,NA,NA,NA,NA
307.457,4.1562,13.3575,7.1346,21.3299,29914.9380,13.9986,NA,NA,NA,NA,NA,NA,NA,NA,NA,NA
307.564,4.2401,15.6466,7.2011,22.4598,23139.1320,-11.8224,NA,NA,NA,NA,NA,NA,NA,NA,NA,NA
307.654,4.3004,17.2907,7.2925,24.0152,24879.0420,-5.1920,NA,NA,NA,NA,NA,NA,NA,NA,NA,NA
307.759,4.3224,17.8895,7.3275,24.6099,45977.2480,75.2081,NA,NA,NA,NA,NA,NA,NA,NA,NA,NA
307.868,4.3281,18.0472,7.3448,24.9035,50096.0400,90.9038,NA,NA,NA,NA,NA,NA,NA,NA,NA,NA
307.957,4.3479,18.5870,7.3631,25.2162,50096.0400,90.9038,NA,NA,NA,NA,NA,NA,NA,NA,NA,NA
308.054,4.3792,19.4396,7.3643,25.2364,32381.7040,23.3988,NA,NA,NA,NA,NA,NA,NA,NA,NA,NA
308.209,4.3882,19.6856,7.3643,25.2364,32381.7040,23.3988,NA,NA,NA,NA,NA,NA,NA,NA,NA,NA
308.294,4.3913,19.7711,7.3638,25.2273,23760.8480,-9.4532,NA,NA,NA,NA,NA,NA,NA,NA,NA,NA
308.352,4.3913,19.7711,7.3620,25.1959,25515.6480,-2.7661,NA,NA,NA,NA,NA,NA,NA,NA,NA,NA
308.446,4.3495,18.6293,7.3620,25.1959,46921.3200,78.8057,NA,NA,NA,NA,NA,NA,NA,NA,NA,NA
308.609,4.3468,18.5561,7.3464,24.9312,50877.1880,93.8806,NA,NA,NA,NA,NA,NA,NA,NA,NA,NA
308.643,4.3360,18.2616,7.4350,26.4378,54828.6840,108.9388,NA,NA,NA,NA,NA,NA,NA,NA,NA,NA
308.738,4.3975,19.9389,7.5526,28.4386,54828.6840,108.9388,NA,NA,NA,NA,NA,NA,NA,NA,NA,NA
308.836,4.4172,20.4775,7.6048,29.3253,26470.6420,0.8732,NA,NA,NA,NA,NA,NA,NA,NA,NA,NA
308.936,4.4356,20.9788,7.6536,30.1557,29342.5740,11.8174,NA,NA,NA,NA,NA,NA,NA,NA,NA,NA
309.036,4.5480,24.0442,7.6882,30.7448,29342.5740,11.8174,NA,NA,NA,NA,NA,NA,NA,NA,NA,NA
309.143,4.6051,25.6021,7.7241,31.3539,22278.3920,-15.1025,NA,NA,NA,NA,NA,NA,NA,NA,NA,NA
309.229,4.6051,25.6021,7.7346,31.5328,23888.9060,-8.9652,NA,NA,NA,NA,NA,NA,NA,NA,NA,NA
309.330,4.6036,25.5614,7.7413,31.6475,25868.1500,-1.4228,NA,NA,NA,NA,NA,NA,NA,NA,NA,NA
309.430,4.5947,25.3172,7.7474,31.7501,47930.0800,82.6499,NA,NA,NA,NA,NA,NA,NA,NA,NA,NA
309.527,4.5942,25.3042,7.7474,31.7501,51883.5280,97.7155,NA,NA,NA,NA,NA,NA,NA,NA,NA,NA
309.631,4.5739,24.7500,7.7389,31.6066,55871.0920,112.9111,NA,NA,NA,NA,NA,NA,NA,NA,NA,NA
309.721,4.5739,24.7500,7.7286,31.4318,55871.0920,112.9111,NA,NA,NA,NA,NA,NA,NA,NA,NA,NA
309.820,4.5594,24.3537,7.7154,31.2073,27258.9020,3.8770,NA,NA,NA,NA,NA,NA,NA,NA,NA,NA
309.921,4.5443,23.9433,7.7082,31.0849,30143.0860,14.8680,NA,NA,NA,NA,NA,NA,NA,NA,NA,NA
310.023,4.5663,24.5444,7.6861,30.7081,30143.0860,14.8680,NA,NA,NA,NA,NA,NA,NA,NA,NA,NA
310.113,4.5663,24.5444,7.6864,30.7136,22694.7480,-13.5158,NA,NA,NA,NA,NA,NA,NA,NA,NA,NA
310.216,4.5586,24.3338,7.8144,32.8907,24330.2940,-7.2832,NA,NA,NA,NA,NA,NA,NA,NA,NA,NA
310.364,4.5958,25.3469,7.9404,35.0329,44782.1800,70.6540,NA,NA,NA,NA,NA,NA,NA,NA,NA,NA
310.410,4.6382,26.5033,8.0095,36.2085,48680.0640,85.5079,NA,NA,NA,NA,NA,NA,NA,NA,NA,NA
310.508,4.6479,26.7677,8.0371,36.6772,52624.9480,100.5409,NA,NA,NA,NA,NA,NA,NA,NA,NA,NA
310.602,4.7128,28.5392,8.0584,37.0395,56654.1240,115.8951,NA,NA,NA,NA,NA,NA,NA,NA,NA,NA
310.707,4.7358,29.1665,8.0732,37.2906,56654.1240,115.8951,NA,NA,NA,NA,NA,NA,NA,NA,NA,NA
310.817,4.7583,29.7809,8.0761,37.3406,26888.4140,2.4652,NA,NA,NA,NA,NA,NA,NA,NA,NA,NA
310.908,4.7738,30.2013,8.0768,37.3519,24890.7520,-5.1474,NA,NA,NA,NA,NA,NA,NA,NA,NA,NA
311.060,4.7738,30.2013,8.0768,37.3519,44403.9240,69.2126,NA,NA,NA,NA,NA,NA,NA,NA,NA,NA
311.103,4.7609,29.8501,8.0633,37.1227,48307.3080,84.0874,NA,NA,NA,NA,NA,NA,NA,NA,NA,NA
311.205,4.7406,29.2983,8.0535,36.9570,53660.2800,104.4863,NA,NA,NA,NA,NA,NA,NA,NA,NA,NA
311.299,4.7406,29.2983,8.0483,36.8679,53660.2800,104.4863,NA,NA,NA,NA,NA,NA,NA,NA,NA,NA
311.417,4.7234,28.8280,8.0372,36.6789,25994.5360,-0.9411,NA,NA,NA,NA,NA,NA,NA,NA,NA,NA
311.502,4.7234,28.8280,8.0302,36.5598,28453.6760,8.4300,NA,NA,NA,NA,NA,NA,NA,NA,NA,NA
311.629,4.7328,29.0853,8.0560,36.9993,31677.0580,20.7136,NA,NA,NA,NA,NA,NA,NA,NA,NA,NA
311.688,4.7492,29.5324,8.1658,38.8664,31677.0580,20.7136,NA,NA,NA,NA,NA,NA,NA,NA,NA,NA
311.793,4.8416,32.0513,8.2066,39.5592,23548.1600,-10.2637,NA,NA,NA,NA,NA,NA,NA,NA,NA,NA
311.884,4.8567,32.4624,8.3280,41.6247,25023.7180,-4.6407,NA,NA,NA,NA,NA,NA,NA,NA,NA,NA
311.988,4.8567,32.4624,8.3523,42.0368,45243.4880,72.4119,NA,NA,NA,NA,NA,NA,NA,NA,NA,NA
312.080,4.8501,32.2836,8.3676,42.2972,49622.4080,89.0989,NA,NA,NA,NA,NA,NA,NA,NA,NA,NA
312.187,4.8417,32.0548,8.3676,42.2972,55047.2800,109.7718,NA,NA,NA,NA,NA,NA,NA,NA,NA,NA
312.277,4.8417,32.0548,8.3588,42.1484,55047.2800,109.7718,NA,NA,NA,NA,NA,NA,NA,NA,NA,NA
312.378,4.8335,31.8305,8.3412,41.8483,26602.5720,1.3759,197257.2320,0.0000,NA,NA,NA,NA,NA,NA,NA,NA
312.475,4.8335,31.8305,8.3195,41.4796,55492.5480,111.4686,NA,NA,NA,NA,NA,NA,NA,NA,NA,NA
312.578,4.8250,31.5983,8.3123,41.3569,55492.5480,111.4686,NA,NA,NA,NA,NA,NA,NA,NA,NA,NA
312.690,4.8076,31.1255,8.3034,41.2067,25887.7640,-1.3480,NA,NA,NA,NA,NA,NA,NA,NA,NA,NA
312.799,4.8523,32.3423,8.2958,41.0764,25887.7640,-1.3480,NA,NA,NA,NA,NA,NA,NA,NA,NA,NA
312.876,4.8523,32.3423,8.2958,41.0764,25712.1580,-2.0172,NA,NA,NA,NA,NA,NA,NA,NA,NA,NA
312.970,4.8087,31.1530,8.2735,40.6978,47076.4640,79.3970,NA,NA,NA,NA,NA,NA,NA,NA,NA,NA
313.074,4.7976,30.8514,8.2442,40.1989,51334.1800,95.6221,NA,NA,NA,NA,NA,NA,NA,NA,NA,NA
313.166,4.7715,30.1407,8.2113,39.6391,55534.1760,111.6272,NA,NA,NA,NA,NA,NA,NA,NA,NA,NA
313.273,4.7639,29.9311,8.1822,39.1455,55534.1760,111.6272,NA,NA,NA,NA,NA,NA,NA,NA,NA,NA
313.404,4.7284,28.9652,8.1582,38.7375,25978.8600,-1.0009,NA,NA,NA,NA,NA,NA,NA,NA,NA,NA
313.472,4.7284,28.9652,8.1436,38.4877,29019.6040,10.5867,NA,NA,NA,NA,NA,NA,NA,NA,NA,NA
313.568,4.7320,29.0621,8.1342,38.3294,29019.6040,10.5867,NA,NA,NA,NA,NA,NA,NA,NA,NA,NA
313.656,4.7347,29.1366,8.1248,38.1680,22319.2420,-14.9468,NA,NA,NA,NA,NA,NA,NA,NA,NA,NA
313.754,4.7347,29.1366,8.1119,37.9494,23954.5400,-8.7151,NA,NA,NA,NA,NA,NA,NA,NA,NA,NA
313.859,4.7332,29.0955,8.1046,37.8256,25926.0960,-1.2020,NA,NA,NA,NA,NA,NA,NA,NA,NA,NA
313.954,4.7174,28.6651,8.0956,37.6714,48015.2800,82.9746,NA,NA,NA,NA,NA,NA,NA,NA,NA,NA
314.051,4.6897,27.9084,8.0876,37.5355,52348.8200,99.4886,NA,NA,NA,NA,NA,NA,NA,NA,NA,NA
314.149,4.6826,27.7147,8.0784,37.3804,56516.3640,115.3701,NA,NA,NA,NA,NA,NA,NA,NA,NA,NA
314.255,4.6789,27.6144,8.0634,37.1254,56516.3640,115.3701,NA,NA,NA,NA,NA,NA,NA,NA,NA,NA
314.354,4.6777,27.5811,8.0560,36.9983,26763.2020,1.9881,NA,NA,NA,NA,NA,NA,NA,NA,NA,NA
314.440,4.6732,27.4576,8.0512,36.9176,29890.9080,13.9070,NA,NA,NA,NA,NA,NA,NA,NA,NA,NA
314.542,4.6807,27.6628,8.0481,36.8645,29890.9080,13.9070,NA,NA,NA,NA,NA,NA,NA,NA,NA,NA
314.640,4.6919,27.9674,8.0433,36.7834,22734.3660,-13.3649,NA,NA,NA,NA,NA,NA,NA,NA,NA,NA
314.741,4.6919,27.9674,8.0371,36.6771,24430.6780,-6.9006,NA,NA,NA,NA,NA,NA,NA,NA,NA,NA
314.832,4.6810,27.6707,8.0311,36.5753,44668.8320,70.2221,NA,NA,NA,NA,NA,NA,NA,NA,NA,NA
314.932,4.6626,27.1706,8.0211,36.4047,49001.0080,86.7309,NA,NA,NA,NA,NA,NA,NA,NA,NA,NA
315.042,4.6543,26.9441,8.0152,36.3043,53223.8120,102.8230,NA,NA,NA,NA,NA,NA,NA,NA,NA,NA
315.131,4.6501,26.8278,8.0120,36.2514,57361.7080,118.5915,NA,NA,NA,NA,NA,NA,NA,NA,NA,NA
315.233,4.6300,26.2811,8.0043,36.1187,57361.7080,118.5915,NA,NA,NA,NA,NA,NA,NA,NA,NA,NA
315.321,4.6237,26.1076,7.9965,35.9864,27506.5300,4.8207,NA,NA,NA,NA,NA,NA,NA,NA,NA,NA
315.424,4.6285,26.2396,7.9880,35.8432,30770.8920,17.2604,NA,NA,NA,NA,NA,NA,NA,NA,NA,NA
315.524,4.6420,26.6081,7.9825,35.7495,30770.8920,17.2604,NA,NA,NA,NA,NA,NA,NA,NA,NA,NA
315.621,4.6493,26.8066,7.9756,35.6318,23187.8320,-11.6368,NA,NA,NA,NA,NA,NA,NA,NA,NA,NA
315.757,4.6493,26.8066,7.9715,35.5610,24922.0220,-5.0282,NA,NA,NA,NA,NA,NA,NA,NA,NA,NA
315.818,4.6425,26.6212,7.9691,35.5202,45663.0800,74.0109,NA,NA,NA,NA,NA,NA,NA,NA,NA,NA
315.919,4.6174,25.9372,7.9568,35.3112,49900.5880,90.1590,NA,NA,NA,NA,NA,NA,NA,NA,NA,NA
316.018,4.6104,25.7461,7.9523,35.2345,49900.5880,90.1590,NA,NA,NA,NA,NA,NA,NA,NA,NA,NA
316.126,4.6252,26.1486,7.9479,35.1599,32178.8160,22.6256,NA,NA,NA,NA,NA,NA,NA,NA,NA,NA
316.218,4.6399,26.5495,7.9347,34.9364,32178.8160,22.6256,NA,NA,NA,NA,NA,NA,NA,NA,NA,NA
316.313,4.6399,26.5495,7.9261,34.7890,23771.8480,-9.4113,NA,NA,NA,NA,NA,NA,NA,NA,NA,NA
316.444,4.6347,26.4084,7.9376,34.9853,25184.7100,-4.0272,NA,NA,NA,NA,NA,NA,NA,NA,NA,NA
316.515,4.6281,26.2293,7.9477,35.1563,45813.0000,74.5822,NA,NA,NA,NA,NA,NA,NA,NA,NA,NA
316.614,4.6067,25.6449,7.9521,35.2315,49188.7640,87.4464,NA,NA,NA,NA,NA,NA,NA,NA,NA,NA
316.702,4.5979,25.4050,7.9588,35.3457,53581.9360,104.1877,NA,NA,NA,NA,NA,NA,NA,NA,NA,NA
316.800,4.5676,24.5773,7.9712,35.5572,53581.9360,104.1877,NA,NA,NA,NA,NA,NA,NA,NA,NA,NA
316.898,4.5673,24.5698,7.9712,35.5572,26982.4820,2.8237,195922.4480,0.0000,NA,NA,NA,NA,NA,NA,NA,NA
317.002,4.5597,24.3639,7.9515,35.2224,55961.2680,113.2548,NA,NA,NA,NA,NA,NA,NA,NA,NA,NA
317.099,4.5562,24.2672,7.9388,35.0052,55961.2680,113.2548,NA,NA,NA,NA,NA,NA,NA,NA,NA,NA
317.196,4.5560,24.2609,7.9217,34.7141,25963.8380,-1.0581,NA,NA,NA,NA,NA,NA,NA,NA,NA,NA
317.296,4.5560,24.2609,7.9066,34.4588,28554.3620,8.8137,NA,NA,NA,NA,NA,NA,NA,NA,NA,NA
317.393,4.5449,23.9600,7.8952,34.2644,31280.6820,19.2031,NA,NA,NA,NA,NA,NA,NA,NA,NA,NA
317.494,4.5403,23.8330,7.8818,34.0362,31280.6820,19.2031,NA,NA,NA,NA,NA,NA,NA,NA,NA,NA
317.587,4.5472,24.0216,7.8316,33.1822,23193.9060,-11.6137,NA,NA,NA,NA,NA,NA,NA,NA,NA,NA
317.680,4.5472,24.0216,7.7912,32.4958,25058.7280,-4.5073,NA,NA,NA,NA,NA,NA,NA,NA,NA,NA
317.792,4.5163,23.1789,7.7721,32.1701,46150.4800,75.8683,NA,NA,NA,NA,NA,NA,NA,NA,NA,NA
317.884,4.5092,22.9861,7.7601,31.9664,51300.3880,95.4933,NA,NA,NA,NA,NA,NA,NA,NA,NA,NA
317.981,4.4958,22.6201,7.7416,31.6522,57012.2400,117.2598,NA,NA,NA,NA,NA,NA,NA,NA,NA,NA
318.095,4.4892,22.4397,7.7181,31.2521,57012.2400,117.2598,NA,NA,NA,NA,NA,NA,NA,NA,NA,NA
318.185,4.4871,22.3827,7.7084,31.0867,25859.1120,-1.4572,NA,NA,NA,NA,NA,NA,NA,NA,NA,NA
318.277,4.4913,22.4974,7.6991,30.9290,24370.7280,-7.1291,NA,NA,NA,NA,NA,NA,NA,NA,NA,NA
318.377,4.4913,22.4974,7.6937,30.8381,26079.4680,-0.6175,NA,NA,NA,NA,NA,NA,NA,NA,NA,NA
318.474,4.4913,22.4966,7.6908,30.7879,48426.3320,84.5410,NA,NA,NA,NA,NA,NA,NA,NA,NA,NA
318.575,4.4737,22.0170,7.6853,30.6954,52686.9880,100.7773,NA,NA,NA,NA,NA,NA,NA,NA,NA,NA
318.673,4.4462,21.2674,7.6846,30.6828,57517.3000,119.1844,NA,NA,NA,NA,NA,NA,NA,NA,NA,NA
318.780,4.4487,21.3360,7.6829,30.6547,57517.3000,119.1844,NA,NA,NA,NA,NA,NA,NA,NA,NA,NA
318.877,4.4511,21.4008,7.6826,30.6496,26785.1240,2.0716,NA,NA,NA,NA,NA,NA,NA,NA,NA,NA
318.965,4.4511,21.4008,7.6793,30.5934,29188.5440,11.2304,NA,NA,NA,NA,NA,NA,NA,NA,NA,NA
319.067,4.4665,21.8204,7.6766,30.5461,29188.5440,11.2304,NA,NA,NA,NA,NA,NA,NA,NA,NA,NA
319.162,4.4665,21.8204,7.6690,30.4178,22836.9340,-12.9740,NA,NA,NA,NA,NA,NA,NA,NA,NA,NA
319.258,4.4649,21.7777,7.6644,30.3393,24459.7440,-6.7899,NA,NA,NA,NA,NA,NA,NA,NA,NA,NA
319.364,4.4645,21.7652,7.6611,30.2840,45528.2840,73.4972,NA,NA,NA,NA,NA,NA,NA,NA,NA,NA
319.455,4.4645,21.7652,7.6584,30.2380,49036.4520,86.8660,NA,NA,NA,NA,NA,NA,NA,NA,NA,NA
319.582,4.4509,21.3963,7.6541,30.1648,53902.4320,105.4091,NA,NA,NA,NA,NA,NA,NA,NA,NA,NA
319.651,4.4402,21.1042,7.6510,30.1118,58331.6760,122.2878,NA,NA,NA,NA,NA,NA,NA,NA,NA,NA
319.819,4.4289,20.7945,7.6478,30.0569,58331.6760,122.2878,NA,NA,NA,NA,NA,NA,NA,NA,NA,NA
319.858,4.4269,20.7413,7.6456,30.0204,27149.7200,3.4610,NA,NA,NA,NA,NA,NA,NA,NA,NA,NA
320.010,4.4327,20.9004,7.6439,29.9903,29994.7140,14.3026,NA,NA,NA,NA,NA,NA,NA,NA,NA,NA
320.053,4.4359,20.9868,7.6405,29.9332,29994.7140,14.3026,NA,NA,NA,NA,NA,NA,NA,NA,NA,NA
320.140,4.4400,21.0986,7.6366,29.8670,23360.1140,-10.9803,NA,NA,NA,NA,NA,NA,NA,NA,NA,NA
320.250,4.4400,21.0986,7.6272,29.7074,24914.9860,-5.0550,NA,NA,NA,NA,NA,NA,NA,NA,NA,NA
320.338,4.4242,20.6682,7.6211,29.6034,46391.4520,76.7865,NA,NA,NA,NA,NA,NA,NA,NA,NA,NA
320.437,4.4106,20.2970,7.6126,29.4577,50172.4080,91.1948,NA,NA,NA,NA,NA,NA,NA,NA,NA,NA
320.551,4.3972,19.9315,7.6060,29.3467,54977.2920,109.5051,NA,NA,NA,NA,NA,NA,NA,NA,NA,NA
320.634,4.3972,19.9315,7.6009,29.2599,54977.2920,109.5051,NA,NA,NA,NA,NA,NA,NA,NA,NA,NA
320.742,4.3903,19.7427,7.5984,29.2172,25109.1540,-4.3151,NA,NA,NA,NA,NA,NA,NA,NA,NA,NA
320.833,4.3939,19.8414,7.5902,29.0776,25109.1540,-4.3151,NA,NA,NA,NA,NA,NA,NA,NA,NA,NA
320.939,4.3939,19.8414,7.5868,29.0191,25667.1400,-2.1888,NA,NA,NA,NA,NA,NA,NA,NA,NA,NA
321.030,4.3862,19.6311,7.5831,28.9560,46985.9080,79.0519,NA,NA,NA,NA,NA,NA,NA,NA,NA,NA
321.130,4.3804,19.4727,7.5744,28.8088,50443.1960,92.2268,NA,NA,NA,NA,NA,NA,NA,NA,NA,NA
321.229,4.3804,19.4727,7.5725,28.7761,53587.5800,104.2092,NA,NA,NA,NA,NA,NA,NA,NA,NA,NA
321.328,4.3736,19.2880,7.5657,28.6607,53587.5800,104.2092,NA,NA,NA,NA,NA,NA,NA,NA,NA,NA
321.424,4.3736,19.2880,7.5541,28.4630,26860.3000,2.3581,197275.8080,0.0000,NA,NA,NA,NA,NA,NA,NA,NA
321.524,4.3708,19.2104,7.5538,28.4592,54849.2000,109.0170,NA,NA,NA,NA,NA,NA,NA,NA,NA,NA
321.628,4.3708,19.2104,7.5509,28.4084,54849.2000,109.0170,NA,NA,NA,NA,NA,NA,NA,NA,NA,NA
321.717,4.3462,18.5413,7.5473,28.3472,30960.7520,17.9839,NA,NA,NA,NA,NA,NA,NA,NA,NA,NA
321.861,4.3383,18.3241,7.5427,28.2696,30960.7520,17.9839,NA,NA,NA,NA,NA,NA,NA,NA,NA,NA
321.922,4.3351,18.2371,7.5388,28.2035,30388.0540,15.8015,NA,NA,NA,NA,NA,NA,NA,NA,NA,NA
322.017,4.3437,18.4716,7.5367,28.1671,47766.3560,82.0260,NA,NA,NA,NA,NA,NA,NA,NA,NA,NA
322.116,4.3458,18.5283,7.5326,28.0973,51100.0360,94.7298,NA,NA,NA,NA,NA,NA,NA,NA,NA,NA
322.211,4.3458,18.5283,7.5214,27.9077,54445.5600,107.4788,NA,NA,NA,NA,NA,NA,NA,NA,NA,NA
322.310,4.3312,18.1312,7.5138,27.7776,54445.5600,107.4788,NA,NA,NA,NA,NA,NA,NA,NA,NA,NA
322.432,4.3294,18.0805,7.5096,27.7070,27716.1160,5.6194,NA,NA,NA,NA,NA,NA,NA,NA,NA,NA
322.503,4.3270,18.0154,7.5045,27.6207,30582.2460,16.5415,NA,NA,NA,NA,NA,NA,NA,NA,NA,NA
322.650,4.3215,17.8651,7.4936,27.4347,30582.2460,16.5415,NA,NA,NA,NA,NA,NA,NA,NA,NA,NA
322.699,4.3377,18.3094,7.4877,27.3338,22760.1940,-13.2664,NA,NA,NA,NA,NA,NA,NA,NA,NA,NA
322.796,4.3377,18.3094,7.4844,27.2785,24422.5340,-6.9317,NA,NA,NA,NA,NA,NA,NA,NA,NA,NA
322.899,4.3350,18.2356,7.4806,27.2130,44821.3440,70.8032,NA,NA,NA,NA,NA,NA,NA,NA,NA,NA
323.038,4.3078,17.4935,7.4733,27.0892,48277.5480,83.9740,NA,NA,NA,NA,NA,NA,NA,NA,NA,NA
323.092,4.2941,17.1199,7.4676,26.9932,51714.2280,97.0704,NA,NA,NA,NA,NA,NA,NA,NA,NA,NA
323.198,4.2926,17.0773,7.4635,26.9220,55166.5440,110.2263,NA,NA,NA,NA,NA,NA,NA,NA,NA,NA
323.284,4.2785,16.6932,7.4609,26.8787,55166.5440,110.2263,NA,NA,NA,NA,NA,NA,NA,NA,NA,NA
323.436,4.2784,16.6901,7.4484,26.6664,28433.6740,8.3538,NA,NA,NA,NA,NA,NA,NA,NA,NA,NA
323.484,4.3130,17.6343,7.4421,26.5584,31328.8420,19.3866,NA,NA,NA,NA,NA,NA,NA,NA,NA,NA
323.616,4.3159,17.7149,7.4392,26.5094,31328.8420,19.3866,NA,NA,NA,NA,NA,NA,NA,NA,NA,NA
323.682,4.3199,17.8230,7.4392,26.5094,23218.0100,-11.5218,NA,NA,NA,NA,NA,NA,NA,NA,NA,NA
323.775,4.3199,17.8230,7.4400,26.5239,24886.6660,-5.1630,NA,NA,NA,NA,NA,NA,NA,NA,NA,NA
323.879,4.3138,17.6560,7.4400,26.5239,45656.1760,73.9846,NA,NA,NA,NA,NA,NA,NA,NA,NA,NA
323.982,4.3048,17.4115,7.4375,26.4803,48923.8160,86.4368,NA,NA,NA,NA,NA,NA,NA,NA,NA,NA
324.125,4.2820,16.7891,7.4350,26.4387,48923.8160,86.4368,NA,NA,NA,NA,NA,NA,NA,NA,NA,NA
324.173,4.3010,17.3083,7.4350,26.4387,32323.4640,23.1769,NA,NA,NA,NA,NA,NA,NA,NA,NA,NA
324.287,4.3010,17.3083,7.4341,26.4224,32323.4640,23.1769,NA,NA,NA,NA,NA,NA,NA,NA,NA,NA
324.375,4.2704,16.4732,7.4304,26.3597,23311.9060,-11.1640,NA,NA,NA,NA,NA,NA,NA,NA,NA,NA
324.469,4.2671,16.3824,7.4203,26.1881,24888.4440,-5.1562,NA,NA,NA,NA,NA,NA,NA,NA,NA,NA
324.569,4.2510,15.9424,7.4171,26.1345,44662.3840,70.1975,NA,NA,NA,NA,NA,NA,NA,NA,NA,NA
324.665,4.2349,15.5044,7.4160,26.1144,49922.2880,90.2417,NA,NA,NA,NA,NA,NA,NA,NA,NA,NA
324.806,4.2165,15.0023,7.4160,26.1144,55940.8880,113.1771,NA,NA,NA,NA,NA,NA,NA,NA,NA,NA
324.861,4.2156,14.9780,7.4178,26.1454,55940.8880,113.1771,NA,NA,NA,NA,NA,NA,NA,NA,NA,NA
324.963,4.2153,14.9685,7.4221,26.2195,26719.9980,1.8234,197025.9840,0.0000,NA,NA,NA,NA,NA,NA,NA,NA
325.056,4.2024,14.6184,7.4221,26.2195,55357.9840,110.9558,NA,NA,NA,NA,NA,NA,NA,NA,NA,NA
325.156,4.1992,14.5319,7.4170,26.1327,55357.9840,110.9558,NA,NA,NA,NA,NA,NA,NA,NA,NA,NA
325.299,4.1963,14.4523,7.4117,26.0413,25732.0560,-1.9414,NA,NA,NA,NA,NA,NA,NA,NA,NA,NA
325.394,4.2067,14.7348,7.4097,26.0086,27756.3000,5.7725,NA,NA,NA,NA,NA,NA,NA,NA,NA,NA
325.455,4.2384,15.5998,7.4054,25.9352,30340.2580,15.6193,NA,NA,NA,NA,NA,NA,NA,NA,NA,NA
325.562,4.2529,15.9945,7.4045,25.9194,30340.2580,15.6193,NA,NA,NA,NA,NA,NA,NA,NA,NA,NA
325.645,4.2529,15.9945,7.4030,25.8941,23562.5280,-10.2089,NA,NA,NA,NA,NA,NA,NA,NA,NA,NA
325.748,4.2376,15.5783,7.3979,25.8072,25524.9700,-2.7305,NA,NA,NA,NA,NA,NA,NA,NA,NA,NA
325.853,4.2312,15.4035,7.3964,25.7816,47775.5320,82.0609,NA,NA,NA,NA,NA,NA,NA,NA,NA,NA
325.963,4.2312,15.4035,7.3904,25.6799,51967.0440,98.0338,NA,NA,NA,NA,NA,NA,NA,NA,NA,NA
326.045,4.2189,15.0669,7.3883,25.6439,55733.5800,112.3871,NA,NA,NA,NA,NA,NA,NA,NA,NA,NA
326.144,4.2045,14.6759,7.3841,25.5718,55733.5800,112.3871,NA,NA,NA,NA,NA,NA,NA,NA,NA,NA
326.266,4.2056,14.7045,7.3841,25.5718,25877.5640,-1.3869,NA,NA,NA,NA,NA,NA,NA,NA,NA,NA
326.346,4.2333,15.4594,7.3791,25.4883,24318.2020,-7.3292,NA,NA,NA,NA,NA,NA,NA,NA,NA,NA
326.447,4.2333,15.4594,7.3783,25.4736,26034.1360,-0.7902,NA,NA,NA,NA,NA,NA,NA,NA,NA,NA
326.584,4.2078,14.7642,7.3783,25.4736,48353.8560,84.2648,NA,NA,NA,NA,NA,NA,NA,NA,NA,NA
326.636,4.1970,14.4714,7.3769,25.4494,52317.2280,99.3682,NA,NA,NA,NA,NA,NA,NA,NA,NA,NA
326.737,4.1970,14.4714,7.3757,25.4294,56129.5920,113.8962,NA,NA,NA,NA,NA,NA,NA,NA,NA,NA
326.833,4.1853,14.1519,7.3752,25.4220,56129.5920,113.8962,NA,NA,NA,NA,NA,NA,NA,NA,NA,NA
326.928,4.1853,14.1519,7.3713,25.3547,26848.1220,2.3117,NA,NA,NA,NA,NA,NA,NA,NA,NA,NA
327.027,4.1919,14.3309,7.3713,25.3547,30111.0060,14.7457,NA,NA,NA,NA,NA,NA,NA,NA,NA,NA
327.130,4.1919,14.3309,7.3691,25.3181,30111.0060,14.7457,NA,NA,NA,NA,NA,NA,NA,NA,NA,NA
327.226,4.2041,14.6640,7.3651,25.2490,22797.9500,-13.1226,NA,NA,NA,NA,NA,NA,NA,NA,NA,NA
327.321,4.2073,14.7513,7.3651,25.2490,24472.1000,-6.7428,NA,NA,NA,NA,NA,NA,NA,NA,NA,NA
327.421,4.2073,14.7513,7.3644,25.2369,44865.8800,70.9730,NA,NA,NA,NA,NA,NA,NA,NA,NA,NA
327.521,4.1912,14.3136,7.3606,25.1733,49036.3040,86.8654,NA,NA,NA,NA,NA,NA,NA,NA,NA,NA
327.620,4.1702,13.7395,7.3572,25.1156,53115.8280,102.4115,NA,NA,NA,NA,NA,NA,NA,NA,NA,NA
327.754,4.1682,13.6842,7.3530,25.0429,57009.1240,117.2479,NA,NA,NA,NA,NA,NA,NA,NA,NA,NA
327.814,4.1547,13.3157,7.3436,24.8841,57009.1240,117.2479,NA,NA,NA,NA,NA,NA,NA,NA,NA,NA
327.911,4.1547,13.3157,7.3320,24.6869,27694.4260,5.5367,NA,NA,NA,NA,NA,NA,NA,NA,NA,NA
328.020,4.1668,13.6478,7.3210,24.4991,30959.6920,17.9799,NA,NA,NA,NA,NA,NA,NA,NA,NA,NA
328.103,4.1743,13.8519,7.3088,24.2915,30959.6920,17.9799,NA,NA,NA,NA,NA,NA,NA,NA,NA,NA
328.207,4.1743,13.8519,7.2998,24.1396,23284.2560,-11.2694,NA,NA,NA,NA,NA,NA,NA,NA,NA,NA
328.304,4.1704,13.7442,7.2936,24.0336,24931.6900,-4.9914,NA,NA,NA,NA,NA,NA,NA,NA,NA,NA
328.398,4.1704,13.7442,7.2929,24.0219,45957.1760,75.1316,NA,NA,NA,NA,NA,NA,NA,NA,NA,NA
328.501,4.1639,13.5687,7.2848,23.8833,50005.8560,90.5602,NA,NA,NA,NA,NA,NA,NA,NA,NA,NA
328.596,4.1397,12.9071,7.2762,23.7372,53864.9760,105.2663,NA,NA,NA,NA,NA,NA,NA,NA,NA,NA
328.704,4.1279,12.5852,7.2737,23.6951,53864.9760,105.2663,NA,NA,NA,NA,NA,NA,NA,NA,NA,NA
328.804,4.1279,12.5852,7.2703,23.6369,48171.2400,83.5689,NA,NA,NA,NA,NA,NA,NA,NA,NA,NA
328.908,4.1259,12.5315,7.2742,23.7031,52558.0360,100.2859,NA,NA,NA,NA,NA,NA,NA,NA,NA,NA
329.024,4.1259,12.5315,7.2742,23.7031,57199.3240,117.9727,NA,NA,NA,NA,NA,NA,NA,NA,NA,NA
329.095,4.1189,12.3406,7.2735,23.6916,57199.3240,117.9727,NA,NA,NA,NA,NA,NA,NA,NA,NA,NA
329.253,4.1189,12.3406,7.2694,23.6228,26484.4740,0.9259,NA,NA,NA,NA,NA,NA,NA,NA,NA,NA
329.301,4.1155,12.2479,7.2677,23.5937,29024.7420,10.6062,NA,NA,NA,NA,NA,NA,NA,NA,NA,NA
329.397,4.1449,13.0495,7.2630,23.5139,29024.7420,10.6062,NA,NA,NA,NA,NA,NA,NA,NA,NA,NA
329.486,4.1532,13.2760,7.2561,23.3955,22817.8700,-13.0466,NA,NA,NA,NA,NA,NA,NA,NA,NA,NA
329.596,4.1532,13.2760,7.2542,23.3641,24396.1140,-7.0323,NA,NA,NA,NA,NA,NA,NA,NA,NA,NA
329.681,4.1494,13.1733,7.2489,23.2726,45307.3120,72.6552,NA,NA,NA,NA,NA,NA,NA,NA,NA,NA
329.791,4.1272,12.5661,7.2489,23.2726,48807.1480,85.9922,NA,NA,NA,NA,NA,NA,NA,NA,NA,NA
329.886,4.1168,12.2838,7.2410,23.1391,48807.1480,85.9922,NA,NA,NA,NA,NA,NA,NA,NA,NA,NA
329.992,4.1376,12.8492,7.2410,23.1391,31852.1360,21.3807,NA,NA,NA,NA,NA,NA,NA,NA,NA,NA
330.085,4.1376,12.8492,7.2396,23.1145,31852.1360,21.3807,NA,NA,NA,NA,NA,NA,NA,NA,NA,NA
330.181,4.1310,12.6711,7.2443,23.1945,23325.4660,-11.1123,NA,NA,NA,NA,NA,NA,NA,NA,NA,NA
330.277,4.1242,12.4861,7.2476,23.2516,24999.1320,-4.7344,NA,NA,NA,NA,NA,NA,NA,NA,NA,NA
330.373,4.1277,12.5813,7.2476,23.2516,45763.8720,74.3950,NA,NA,NA,NA,NA,NA,NA,NA,NA,NA
330.476,4.1277,12.5813,7.2470,23.2404,49119.0680,87.1808,NA,NA,NA,NA,NA,NA,NA,NA,NA,NA
330.574,4.1030,11.9059,7.2449,23.2058,52660.0120,100.6745,NA,NA,NA,NA,NA,NA,NA,NA,NA,NA
330.675,4.0867,11.4627,7.2428,23.1694,52660.0120,100.6745,NA,NA,NA,NA,NA,NA,NA,NA,NA,NA
330.774,4.0816,11.3227,7.2392,23.1091,25997.8180,-0.9286,NA,NA,NA,NA,NA,NA,NA,NA,NA,NA
330.872,4.0816,11.3227,7.2348,23.0330,28970.7200,10.4004,NA,NA,NA,NA,NA,NA,NA,NA,NA,NA
330.994,4.1059,11.9852,7.2331,23.0056,32307.0180,23.1142,NA,NA,NA,NA,NA,NA,NA,NA,NA,NA
331.062,4.1147,12.2253,7.2316,22.9799,32307.0180,23.1142,NA,NA,NA,NA,NA,NA,NA,NA,NA,NA
331.166,4.1147,12.2253,7.2273,22.9055,23774.5300,-9.4010,NA,NA,NA,NA,NA,NA,NA,NA,NA,NA
331.266,4.1095,12.0852,7.2245,22.8579,25483.2000,-2.8897,NA,NA,NA,NA,NA,NA,NA,NA,NA,NA
331.377,4.0993,11.8047,7.2159,22.7115,46541.4640,77.3582,NA,NA,NA,NA,NA,NA,NA,NA,NA,NA
331.452,4.0955,11.7017,7.2130,22.6625,50078.1240,90.8356,NA,NA,NA,NA,NA,NA,NA,NA,NA,NA
331.559,4.0993,11.8059,7.2130,22.6625,53342.4920,103.2753,NA,NA,NA,NA,NA,NA,NA,NA,NA,NA
331.658,4.0993,11.8059,7.2082,22.5811,53342.4920,103.2753,NA,NA,NA,NA,NA,NA,NA,NA,NA,NA
331.768,4.0854,11.4271,7.2070,22.5601,26712.2480,1.7939,196480.7040,0.0000,NA,NA,NA,NA,NA,NA,NA,NA
331.847,4.0725,11.0743,7.1956,22.3668,54473.6440,107.5858,NA,NA,NA,NA,NA,NA,NA,NA,NA,NA
332.028,4.0654,10.8809,7.1907,22.2832,54473.6440,107.5858,NA,NA,NA,NA,NA,NA,NA,NA,NA,NA
332.056,4.0641,10.8456,7.1891,22.2569,25858.0200,-1.4614,NA,NA,NA,NA,NA,NA,NA,NA,NA,NA
332.155,4.0803,11.2873,7.1807,22.1131,25858.0200,-1.4614,NA,NA,NA,NA,NA,NA,NA,NA,NA,NA
332.251,4.0803,11.2873,7.1802,22.1049,25823.3360,-1.5935,NA,NA,NA,NA,NA,NA,NA,NA,NA,NA
332.357,4.0696,10.9951,7.1736,21.9933,48029.6600,83.0294,NA,NA,NA,NA,NA,NA,NA,NA,NA,NA
332.441,4.0582,10.6842,7.1781,22.0701,52336.0800,99.4401,NA,NA,NA,NA,NA,NA,NA,NA,NA,NA
332.541,4.0582,10.6842,7.1781,22.0701,56034.0400,113.5321,NA,NA,NA,NA,NA,NA,NA,NA,NA,NA
332.640,4.0581,10.6823,7.1703,21.9361,56034.0400,113.5321,NA,NA,NA,NA,NA,NA,NA,NA,NA,NA
332.738,4.0581,10.6823,7.1695,21.9239,26547.0280,1.1643,NA,NA,NA,NA,NA,NA,NA,NA,NA,NA
332.835,4.0496,10.4514,7.1761,22.0358,28578.6340,8.9062,NA,NA,NA,NA,NA,NA,NA,NA,NA,NA
332.933,4.0408,10.2104,7.1776,22.0610,28578.6340,8.9062,NA,NA,NA,NA,NA,NA,NA,NA,NA,NA
333.037,4.0564,10.6355,7.1776,22.0610,22016.7240,-16.0996,NA,NA,NA,NA,NA,NA,NA,NA,NA,NA
333.130,4.0697,10.9991,7.1750,22.0161,23902.6400,-8.9128,NA,NA,NA,NA,NA,NA,NA,NA,NA,NA
333.253,4.0697,10.9991,7.1738,21.9956,26075.1860,-0.6338,NA,NA,NA,NA,NA,NA,NA,NA,NA,NA
333.329,4.0538,10.5650,7.1737,21.9951,49016.7280,86.7908,NA,NA,NA,NA,NA,NA,NA,NA,NA,NA
333.427,4.0356,10.0681,7.1682,21.9006,53334.3040,103.2441,NA,NA,NA,NA,NA,NA,NA,NA,NA,NA
333.532,4.0363,10.0871,7.1577,21.7227,57315.8960,118.4169,NA,NA,NA,NA,NA,NA,NA,NA,NA,NA
333.623,4.0372,10.1115,7.1577,21.7227,57315.8960,118.4169,NA,NA,NA,NA,NA,NA,NA,NA,NA,NA
333.721,4.0372,10.1115,7.1561,21.6952,27149.4620,3.4600,NA,NA,NA,NA,NA,NA,NA,NA,NA,NA
333.849,4.0281,9.8645,7.1638,21.8264,29171.0680,11.1638,NA,NA,NA,NA,NA,NA,NA,NA,NA,NA
333.913,4.0249,9.7776,7.1638,21.8264,29171.0680,11.1638,NA,NA,NA,NA,NA,NA,NA,NA,NA,NA
334.013,4.0429,10.2680,7.1582,21.7305,22451.8560,-14.4414,NA,NA,NA,NA,NA,NA,NA,NA,NA,NA
334.117,4.0531,10.5458,7.1524,21.6316,24427.0500,-6.9145,NA,NA,NA,NA,NA,NA,NA,NA,NA,NA
334.208,4.0531,10.5458,7.1524,21.6316,45246.8200,72.4246,NA,NA,NA,NA,NA,NA,NA,NA,NA,NA
334.305,4.0499,10.4599,7.1479,21.5555,49726.5600,89.4958,NA,NA,NA,NA,NA,NA,NA,NA,NA,NA
334.409,4.0265,9.8215,7.1430,21.4721,54162.4480,106.3999,NA,NA,NA,NA,NA,NA,NA,NA,NA,NA
334.500,4.0231,9.7280,7.1419,21.4534,58474.8200,122.8333,NA,NA,NA,NA,NA,NA,NA,NA,NA,NA
334.619,4.0281,9.8650,7.1406,21.4316,58474.8200,122.8333,NA,NA,NA,NA,NA,NA,NA,NA,NA,NA
334.701,4.0281,9.8650,7.1376,21.3804,27722.6260,5.6442,NA,NA,NA,NA,NA,NA,NA,NA,NA,NA
334.796,4.0311,9.9455,7.1372,21.3746,29798.2480,13.5539,NA,NA,NA,NA,NA,NA,NA,NA,NA,NA
334.895,4.0319,9.9672,7.1372,21.3746,29798.2480,13.5539,NA,NA,NA,NA,NA,NA,NA,NA,NA,NA
335.025,4.0467,10.3718,7.1336,21.3128,22963.8000,-12.4905,NA,NA,NA,NA,NA,NA,NA,NA,NA,NA
335.088,4.0467,10.3718,7.1285,21.2254,24934.6060,-4.9803,NA,NA,NA,NA,NA,NA,NA,NA,NA,NA
335.197,4.0437,10.2898,7.1263,21.1879,46219.0760,76.1297,NA,NA,NA,NA,NA,NA,NA,NA,NA,NA
335.294,4.0225,9.7103,7.1225,21.1238,46219.0760,76.1297,NA,NA,NA,NA,NA,NA,NA,NA,NA,NA
335.397,4.0172,9.5666,7.1169,21.0291,28692.4240,9.3399,NA,NA,NA,NA,NA,NA,NA,NA,NA,NA
335.487,4.0244,9.7623,7.1121,20.9476,31879.1260,21.4836,NA,NA,NA,NA,NA,NA,NA,NA,NA,NA
335.591,4.0337,10.0175,7.1034,20.7993,31879.1260,21.4836,NA,NA,NA,NA,NA,NA,NA,NA,NA,NA
335.693,4.0337,10.0175,7.1043,20.8144,23821.1660,-9.2233,NA,NA,NA,NA,NA,NA,NA,NA,NA,NA
335.787,4.0275,9.8476,7.1043,20.8144,25516.4860,-2.7629,NA,NA,NA,NA,NA,NA,NA,NA,NA,NA
335.882,4.0127,9.4452,7.1033,20.7977,47250.8800,80.0616,NA,NA,NA,NA,NA,NA,NA,NA,NA,NA
335.978,4.0126,9.4406,7.1033,20.7977,51324.6200,95.5856,NA,NA,NA,NA,NA,NA,NA,NA,NA,NA
336.082,3.9976,9.0332,7.0944,20.6468,55337.4360,110.8775,NA,NA,NA,NA,NA,NA,NA,NA,NA,NA
336.187,3.9772,8.4763,7.0929,20.6212,55337.4360,110.8775,NA,NA,NA,NA,NA,NA,NA,NA,NA,NA
336.281,3.9757,8.4345,7.0894,20.5614,25971.2160,-1.0300,196901.9680,0.0000,NA,NA,NA,NA,NA,NA,NA,NA
336.371,3.9794,8.5357,7.0839,20.4670,52130.6160,98.6571,NA,NA,NA,NA,NA,NA,NA,NA,NA,NA
336.468,3.9794,8.5357,7.0804,20.4078,52130.6160,98.6571,NA,NA,NA,NA,NA,NA,NA,NA,NA,NA
336.578,3.9806,8.5687,7.0804,20.4078,26179.4560,-0.2365,NA,NA,NA,NA,NA,NA,NA,NA,NA,NA
336.672,3.9806,8.5687,7.0768,20.3460,28666.9740,9.2429,197465.7920,0.0000,NA,NA,NA,NA,NA,NA,NA,NA
336.778,3.9815,8.5923,7.0768,20.3460,29879.2940,13.8627,NA,NA,NA,NA,NA,NA,NA,NA,NA,NA
336.871,3.9945,8.9468,7.0728,20.2792,29879.2940,13.8627,NA,NA,NA,NA,NA,NA,NA,NA,NA,NA
336.968,3.9945,8.9468,7.0720,20.2645,23358.9480,-10.9847,NA,NA,NA,NA,NA,NA,NA,NA,NA,NA
337.069,4.0163,9.5427,7.0645,20.1368,24987.3020,-4.7795,NA,NA,NA,NA,NA,NA,NA,NA,NA,NA
337.171,4.0163,9.5427,7.0688,20.2103,46845.8560,78.5182,NA,NA,NA,NA,NA,NA,NA,NA,NA,NA
337.307,4.0023,9.1609,7.0702,20.2347,50221.0360,91.3802,NA,NA,NA,NA,NA,NA,NA,NA,NA,NA
337.363,4.0023,9.1609,7.0702,20.2347,54835.5760,108.9650,NA,NA,NA,NA,NA,NA,NA,NA,NA,NA
337.459,3.9879,8.7676,7.0630,20.1122,54835.5760,108.9650,NA,NA,NA,NA,NA,NA,NA,NA,NA,NA
337.563,3.9879,8.7676,7.0680,20.1974,25318.5580,-3.5171,NA,NA,NA,NA,NA,NA,NA,NA,NA,NA
337.662,3.9819,8.6052,7.0680,20.1974,27400.0940,4.4151,NA,NA,NA,NA,NA,NA,NA,NA,NA,NA
337.750,3.9998,9.0933,7.0667,20.1749,30528.2600,16.3358,NA,NA,NA,NA,NA,NA,NA,NA,NA,NA
337.858,3.9998,9.0933,7.0667,20.1749,30528.2600,16.3358,NA,NA,NA,NA,NA,NA,NA,NA,NA,NA
337.951,4.0078,9.3099,7.0589,20.0424,23799.8180,-9.3047,NA,NA,NA,NA,NA,NA,NA,NA,NA,NA
338.049,4.0078,9.3099,7.0536,19.9521,25443.2800,-3.0418,NA,NA,NA,NA,NA,NA,NA,NA,NA,NA
338.160,3.9932,8.9124,7.0558,19.9889,47524.3720,81.1038,NA,NA,NA,NA,NA,NA,NA,NA,NA,NA
338.248,3.9932,8.9124,7.0558,19.9889,51074.5280,94.6326,NA,NA,NA,NA,NA,NA,NA,NA,NA,NA
338.350,3.9870,8.7423,7.0590,20.0443,55920.9840,113.1013,NA,NA,NA,NA,NA,NA,NA,NA,NA,NA
338.450,3.9788,8.5206,7.0606,20.0712,55920.9840,113.1013,NA,NA,NA,NA,NA,NA,NA,NA,NA,NA
338.564,3.9788,8.5206,7.0607,20.0730,25888.1300,-1.3466,NA,NA,NA,NA,NA,NA,NA,NA,NA,NA
338.643,3.9784,8.5076,7.0607,20.0730,28120.5720,7.1607,NA,NA,NA,NA,NA,NA,NA,NA,NA,NA
338.737,3.9987,9.0634,7.0564,19.9996,28120.5720,7.1607,NA,NA,NA,NA,NA,NA,NA,NA,NA,NA
338.835,4.0044,9.2163,7.0503,19.8965,22200.1980,-15.4004,NA,NA,NA,NA,NA,NA,NA,NA,NA,NA
338.941,4.0044,9.2163,7.0501,19.8930,51876.3200,97.6880,NA,NA,NA,NA,NA,NA,NA,NA,NA,NA
339.034,3.9886,8.7865,7.0464,19.8291,55282.9840,110.6700,NA,NA,NA,NA,NA,NA,NA,NA,NA,NA
339.139,3.9904,8.8353,7.0408,19.7347,55282.9840,110.6700,NA,NA,NA,NA,NA,NA,NA,NA,NA,NA
339.236,3.9904,8.8353,7.0361,19.6553,27574.4320,5.0795,198052.7520,0.0000,NA,NA,NA,NA,NA,NA,NA,NA
339.334,3.9816,8.5945,7.0328,19.5989,55538.5520,111.6439,NA,NA,NA,NA,NA,NA,NA,NA,NA,NA
339.430,3.9778,8.4923,7.0308,19.5643,55538.5520,111.6439,NA,NA,NA,NA,NA,NA,NA,NA,NA,NA
339.536,3.9778,8.4923,7.0277,19.5114,26736.3320,1.8857,192196.8320,0.0000,NA,NA,NA,NA,NA,NA,NA,NA
339.627,3.9768,8.4647,7.0265,19.4915,56006.1600,113.4259,NA,NA,NA,NA,NA,NA,NA,NA,NA,NA
339.780,3.9796,8.5406,7.0223,19.4205,56006.1600,113.4259,NA,NA,NA,NA,NA,NA,NA,NA,NA,NA
339.829,3.9796,8.5406,7.0220,19.4156,25902.7380,-1.2910,NA,NA,NA,NA,NA,NA,NA,NA,NA,NA
339.931,3.9918,8.8751,7.0170,19.3291,25902.7380,-1.2910,NA,NA,NA,NA,NA,NA,NA,NA,NA,NA
340.041,3.9918,8.8751,7.0173,19.3347,25764.7480,-1.8168,NA,NA,NA,NA,NA,NA,NA,NA,NA,NA
340.124,3.9837,8.6541,7.0173,19.3347,47229.3280,79.9795,NA,NA,NA,NA,NA,NA,NA,NA,NA,NA
340.225,3.9734,8.3709,7.0159,19.3118,51507.3680,96.2821,NA,NA,NA,NA,NA,NA,NA,NA,NA,NA
340.353,3.9724,8.3447,7.0158,19.3095,55716.6240,112.3225,NA,NA,NA,NA,NA,NA,NA,NA,NA,NA
340.414,3.9659,8.1686,7.0159,19.3110,55716.6240,112.3225,NA,NA,NA,NA,NA,NA,NA,NA,NA,NA
340.520,3.9607,8.0247,7.0159,19.3110,25802.3600,-1.6735,195645.9840,0.0000,NA,NA,NA,NA,NA,NA,NA,NA
340.658,3.9538,7.8388,7.0138,19.2752,52167.6800,98.7983,NA,NA,NA,NA,NA,NA,NA,NA,NA,NA
340.742,3.9589,7.9764,7.0122,19.2489,52167.6800,98.7983,NA,NA,NA,NA,NA,NA,NA,NA,NA,NA
340.816,3.9589,7.9764,7.0148,19.2922,26272.2300,0.1171,NA,NA,NA,NA,NA,NA,NA,NA,NA,NA
340.912,3.9534,7.8252,7.0148,19.2922,28833.1880,9.8763,196864.8160,0.0000,NA,NA,NA,NA,NA,NA,NA,NA
341.020,3.9573,7.9317,7.0132,19.2649,60096.8400,129.0144,NA,NA,NA,NA,NA,NA,NA,NA,NA,NA
341.120,3.9573,7.9317,7.0101,19.2117,60096.8400,129.0144,NA,NA,NA,NA,NA,NA,NA,NA,NA,NA
341.219,3.9675,8.2100,7.0077,19.1716,27330.6580,4.1505,NA,NA,NA,NA,NA,NA,NA,NA,NA,NA
341.312,3.9719,8.3322,7.0015,19.0664,25407.4360,-3.1784,NA,NA,NA,NA,NA,NA,NA,NA,NA,NA
341.415,3.9774,8.4823,6.9940,18.9383,46874.7600,78.6283,NA,NA,NA,NA,NA,NA,NA,NA,NA,NA
341.580,3.9774,8.4823,6.9886,18.8466,50762.3000,93.4428,NA,NA,NA,NA,NA,NA,NA,NA,NA,NA
341.606,3.9690,8.2514,6.9817,18.7303,54964.2400,109.4554,NA,NA,NA,NA,NA,NA,NA,NA,NA,NA
341.710,3.9600,8.0073,6.9806,18.7108,54964.2400,109.4554,NA,NA,NA,NA,NA,NA,NA,NA,NA,NA
341.802,3.9588,7.9748,6.9752,18.6196,25576.5900,-2.5338,NA,NA,NA,NA,NA,NA,NA,NA,NA,NA
341.898,3.9528,7.8099,6.9735,18.5899,27544.8940,4.9669,NA,NA,NA,NA,NA,NA,NA,NA,NA,NA
341.996,3.9592,7.9852,6.9675,18.4876,30325.5360,15.5632,NA,NA,NA,NA,NA,NA,NA,NA,NA,NA
342.098,3.9592,7.9852,6.9689,18.5125,30325.5360,15.5632,NA,NA,NA,NA,NA,NA,NA,NA,NA,NA
342.233,3.9607,8.0246,6.9689,18.5125,23797.8080,-9.3123,NA,NA,NA,NA,NA,NA,NA,NA,NA,NA
342.297,3.9607,8.0246,6.9659,18.4613,25556.1720,-2.6116,NA,NA,NA,NA,NA,NA,NA,NA,NA,NA
342.393,3.9571,7.9264,6.9615,18.3864,47801.0160,82.1581,NA,NA,NA,NA,NA,NA,NA,NA,NA,NA
342.491,3.9467,7.6445,6.9652,18.4488,51862.5000,97.6354,NA,NA,NA,NA,NA,NA,NA,NA,NA,NA
342.614,3.9371,7.3807,6.9652,18.4488,56129.7040,113.8967,NA,NA,NA,NA,NA,NA,NA,NA,NA,NA
342.757,3.9335,7.2828,6.9625,18.4037,56129.7040,113.8967,NA,NA,NA,NA,NA,NA,NA,NA,NA,NA
342.781,3.9287,7.1521,6.9507,18.2029,26251.3740,0.0376,NA,NA,NA,NA,NA,NA,NA,NA,NA,NA
342.881,3.9277,7.1259,6.9464,18.1297,28264.8120,7.7103,NA,NA,NA,NA,NA,NA,NA,NA,NA,NA
342.975,3.9336,7.2861,6.9387,17.9983,28264.8120,7.7103,NA,NA,NA,NA,NA,NA,NA,NA,NA,NA
343.076,3.9336,7.2861,6.9390,18.0033,22069.7580,-15.8975,NA,NA,NA,NA,NA,NA,NA,NA,NA,NA
343.170,3.9323,7.2506,6.9390,18.0033,23960.9380,-8.6907,NA,NA,NA,NA,NA,NA,NA,NA,NA,NA
343.268,3.9323,7.2506,6.9358,17.9480,25906.0920,-1.2782,NA,NA,NA,NA,NA,NA,NA,NA,NA,NA
343.378,3.9168,6.8275,6.9323,17.8902,48954.0520,86.5520,NA,NA,NA,NA,NA,NA,NA,NA,NA,NA
343.466,3.9121,6.7015,6.9272,17.8024,52800.1320,101.2085,NA,NA,NA,NA,NA,NA,NA,NA,NA,NA
343.561,3.8986,6.3320,6.9250,17.7646,57059.6640,117.4405,NA,NA,NA,NA,NA,NA,NA,NA,NA,NA
343.668,3.9026,6.4398,6.9249,17.7637,57059.6640,117.4405,NA,NA,NA,NA,NA,NA,NA,NA,NA,NA
343.758,3.9026,6.4398,6.9224,17.7208,27029.9880,3.0047,NA,NA,NA,NA,NA,NA,NA,NA,NA,NA
343.857,3.8796,5.8138,6.9151,17.5976,29250.0680,11.4649,NA,NA,NA,NA,NA,NA,NA,NA,NA,NA
343.977,3.9033,6.4593,6.9136,17.5716,29250.0680,11.4649,NA,NA,NA,NA,NA,NA,NA,NA,NA,NA
344.062,3.9033,6.4593,6.9058,17.4388,22509.3660,-14.2223,NA,NA,NA,NA,NA,NA,NA,NA,NA,NA
344.163,3.8982,6.3211,6.9031,17.3935,53774.2240,104.9205,NA,NA,NA,NA,NA,NA,NA,NA,NA,NA
344.262,3.8982,6.3211,6.8981,17.3073,57263.7440,118.2182,NA,NA,NA,NA,NA,NA,NA,NA,NA,NA
344.356,3.8977,6.3071,6.8692,16.8168,57263.7440,118.2182,NA,NA,NA,NA,NA,NA,NA,NA,NA,NA
344.459,3.8993,6.3507,6.8394,16.3097,27873.5620,6.2194,NA,NA,NA,NA,NA,NA,NA,NA,NA,NA
344.575,3.9206,6.9311,6.7723,15.1676,30920.8240,17.8317,NA,NA,NA,NA,NA,NA,NA,NA,NA,NA
344.651,3.9254,7.0630,6.7204,14.2865,30920.8240,17.8317,NA,NA,NA,NA,NA,NA,NA,NA,NA,NA
344.750,3.9671,8.2005,6.7246,14.3579,23247.8960,-11.4079,NA,NA,NA,NA,NA,NA,NA,NA,NA,NA
344.847,4.0564,10.6352,6.8033,15.6954,24936.2680,-4.9739,NA,NA,NA,NA,NA,NA,NA,NA,NA,NA
344.945,4.0688,10.9742,6.9807,18.7121,45882.5160,74.8471,NA,NA,NA,NA,NA,NA,NA,NA,NA,NA
345.042,4.1358,12.8002,7.0355,19.6439,50004.3040,90.5542,NA,NA,NA,NA,NA,NA,NA,NA,NA,NA
345.145,4.1782,13.9567,7.0707,20.2424,54174.6440,106.4464,NA,NA,NA,NA,NA,NA,NA,NA,NA,NA
345.237,4.2143,14.9418,7.1256,21.1764,54174.6440,106.4464,NA,NA,NA,NA,NA,NA,NA,NA,NA,NA
345.347,4.2284,15.3276,7.1605,21.7702,25346.3180,-3.4113,NA,NA,NA,NA,NA,NA,NA,NA,NA,NA
345.441,4.2569,16.1037,7.1749,22.0149,28200.7480,7.4662,NA,NA,NA,NA,NA,NA,NA,NA,NA,NA
345.528,4.2987,17.2443,7.1822,22.1390,31622.3420,20.5051,NA,NA,NA,NA,NA,NA,NA,NA,NA,NA
345.633,4.2987,17.2443,7.1822,22.1390,31622.3420,20.5051,NA,NA,NA,NA,NA,NA,NA,NA,NA,NA
345.739,4.3087,17.5174,7.1945,22.3491,23701.8340,-9.6781,NA,NA,NA,NA,NA,NA,NA,NA,NA,NA
345.835,4.3087,17.5174,7.2119,22.6450,25408.6780,-3.1737,NA,NA,NA,NA,NA,NA,NA,NA,NA,NA
345.929,4.2918,17.0557,7.2119,22.6450,46843.4720,78.5091,NA,NA,NA,NA,NA,NA,NA,NA,NA,NA
346.020,4.2724,16.5277,7.2159,22.7122,51128.4480,94.8381,NA,NA,NA,NA,NA,NA,NA,NA,NA,NA
346.117,4.2724,16.5277,7.2159,22.7122,55290.3160,110.6980,NA,NA,NA,NA,NA,NA,NA,NA,NA,NA
346.217,4.2499,15.9138,7.1796,22.0951,55290.3160,110.6980,NA,NA,NA,NA,NA,NA,NA,NA,NA,NA
346.316,4.2259,15.2600,7.0988,20.7206,25961.1160,-1.0685,196512.4640,0.0000,NA,NA,NA,NA,NA,NA,NA,NA
346.416,4.1901,14.2828,7.0594,20.0511,52589.1360,100.4044,NA,NA,NA,NA,NA,NA,NA,NA,NA,NA
346.520,4.2266,15.2792,7.1309,21.2674,NA,NA,NA,NA,NA,NA,NA,NA,NA,NA,NA,NA
346.624,4.2807,16.7529,7.2013,22.4633,NA,NA,NA,NA,NA,NA,NA,NA,NA,NA,NA,NA
346.713,4.3446,18.4969,7.2689,23.6130,29832.4360,13.6842,NA,NA,NA,NA,NA,NA,NA,NA,NA,NA
346.830,4.3954,19.8824,7.4168,26.1279,30530.0180,16.3425,NA,NA,NA,NA,NA,NA,NA,NA,NA,NA
346.914,4.4930,22.5445,7.4434,26.5813,30530.0180,16.3425,NA,NA,NA,NA,NA,NA,NA,NA,NA,NA
347.013,4.5448,23.9561,7.4515,26.7196,23201.9180,-11.5831,NA,NA,NA,NA,NA,NA,NA,NA,NA,NA
347.108,4.5448,23.9561,7.4515,26.7196,24885.7860,-5.1663,NA,NA,NA,NA,NA,NA,NA,NA,NA,NA
347.205,4.5428,23.9009,7.4501,26.6958,46129.7120,75.7891,NA,NA,NA,NA,NA,NA,NA,NA,NA,NA
347.304,4.5316,23.5972,7.4443,26.5955,49797.4440,89.7660,NA,NA,NA,NA,NA,NA,NA,NA,NA,NA
347.409,4.5273,23.4796,7.4443,26.5955,54514.2800,107.7407,NA,NA,NA,NA,NA,NA,NA,NA,NA,NA
347.501,4.5131,23.0922,7.4369,26.4703,54514.2800,107.7407,NA,NA,NA,NA,NA,NA,NA,NA,NA,NA
347.643,4.5028,22.8117,7.4264,26.2923,25436.1520,-3.0690,NA,NA,NA,NA,NA,NA,NA,NA,NA,NA
347.701,4.4859,22.3504,7.4403,26.5279,27578.6600,5.0956,NA,NA,NA,NA,NA,NA,NA,NA,NA,NA
347.821,4.4750,22.0540,7.4403,26.5279,30600.0980,16.6095,NA,NA,NA,NA,NA,NA,NA,NA,NA,NA
347.904,4.4744,22.0359,7.3869,25.6197,30600.0980,16.6095,NA,NA,NA,NA,NA,NA,NA,NA,NA,NA
347.999,4.4744,22.0359,7.5287,28.0322,51511.4640,96.2977,NA,NA,NA,NA,NA,NA,NA,NA,NA,NA
348.099,4.4839,22.2951,7.5519,28.4267,55033.3960,109.7189,NA,NA,NA,NA,NA,NA,NA,NA,NA,NA
348.214,4.5322,23.6140,7.6157,29.5116,55033.3960,109.7189,NA,NA,NA,NA,NA,NA,NA,NA,NA,NA
348.296,4.5552,24.2398,7.6318,29.7852,26544.9540,1.1564,NA,NA,NA,NA,NA,NA,NA,NA,NA,NA
348.393,4.5990,25.4360,7.6555,30.1884,29421.1380,12.1168,NA,NA,NA,NA,NA,NA,NA,NA,NA,NA
348.495,4.6339,26.3855,7.6644,30.3394,29421.1380,12.1168,NA,NA,NA,NA,NA,NA,NA,NA,NA,NA
348.588,4.6622,27.1578,7.6666,30.3768,22328.5540,-14.9113,NA,NA,NA,NA,NA,NA,NA,NA,NA,NA
348.685,4.6751,27.5100,7.6682,30.4036,23947.0740,-8.7435,NA,NA,NA,NA,NA,NA,NA,NA,NA,NA
348.826,4.6751,27.5100,7.6682,30.4036,25916.4680,-1.2386,NA,NA,NA,NA,NA,NA,NA,NA,NA,NA
348.883,4.6741,27.4834,7.6466,30.0363,47940.3880,82.6892,NA,NA,NA,NA,NA,NA,NA,NA,NA,NA
348.993,4.6494,26.8087,7.6319,29.7867,51817.1280,97.4625,NA,NA,NA,NA,NA,NA,NA,NA,NA,NA
349.085,4.6393,26.5337,7.6228,29.6315,55581.6280,111.8081,NA,NA,NA,NA,NA,NA,NA,NA,NA,NA
349.176,4.6211,26.0371,7.6143,29.4880,55581.6280,111.8081,NA,NA,NA,NA,NA,NA,NA,NA,NA,NA
349.276,4.6051,25.6009,7.6088,29.3932,27120.9820,3.3515,NA,NA,NA,NA,NA,NA,NA,NA,NA,NA
349.374,4.5999,25.4595,7.5960,29.1764,30075.7880,14.6115,NA,NA,NA,NA,NA,NA,NA,NA,NA,NA
349.474,4.5948,25.3195,7.5702,28.7370,30075.7880,14.6115,NA,NA,NA,NA,NA,NA,NA,NA,NA,NA
349.569,4.5878,25.1302,7.5417,28.2532,22782.8800,-13.1800,NA,NA,NA,NA,NA,NA,NA,NA,NA,NA
349.666,4.5705,24.6585,7.4891,27.3585,24391.0800,-7.0515,NA,NA,NA,NA,NA,NA,NA,NA,NA,NA
349.792,4.5626,24.4432,7.4519,26.7261,44751.8480,70.5384,NA,NA,NA,NA,NA,NA,NA,NA,NA,NA
349.903,4.4859,22.3495,7.4488,26.6727,49034.6960,86.8593,NA,NA,NA,NA,NA,NA,NA,NA,NA,NA
350.025,4.4918,22.5114,7.6005,29.2523,53012.0200,102.0159,NA,NA,NA,NA,NA,NA,NA,NA,NA,NA
350.058,4.5321,23.6108,7.6842,30.6760,57210.0560,118.0136,NA,NA,NA,NA,NA,NA,NA,NA,NA,NA
350.155,4.5994,25.4446,7.7110,31.1312,57210.0560,118.0136,NA,NA,NA,NA,NA,NA,NA,NA,NA,NA
350.264,4.6613,27.1354,7.7201,31.2866,27885.4940,6.2648,NA,NA,NA,NA,NA,NA,NA,NA,NA,NA
350.352,4.7319,29.0586,7.7486,31.7719,30903.5640,17.7660,NA,NA,NA,NA,NA,NA,NA,NA,NA,NA
350.452,4.7517,29.5985,7.7558,31.8939,30903.5640,17.7660,NA,NA,NA,NA,NA,NA,NA,NA,NA,NA
350.545,4.7517,29.5985,7.7588,31.9441,23227.4120,-11.4860,NA,NA,NA,NA,NA,NA,NA,NA,NA,NA
350.645,4.7532,29.6410,7.7588,31.9441,24939.8080,-4.9605,NA,NA,NA,NA,NA,NA,NA,NA,NA,NA
350.744,4.7532,29.6410,7.7533,31.8507,45846.0160,74.7080,NA,NA,NA,NA,NA,NA,NA,NA,NA,NA
350.852,4.7143,28.5788,7.8018,32.6758,50062.7760,90.7771,NA,NA,NA,NA,NA,NA,NA,NA,NA,NA
350.950,4.7034,28.2826,7.9544,35.2707,50062.7760,90.7771,NA,NA,NA,NA,NA,NA,NA,NA,NA,NA
351.048,4.7212,28.7673,7.9984,36.0193,32204.4660,22.7234,NA,NA,NA,NA,NA,NA,NA,NA,NA,NA
351.190,4.7217,28.7814,8.0137,36.2799,32204.4660,22.7234,NA,NA,NA,NA,NA,NA,NA,NA,NA,NA
351.248,4.7310,29.0364,8.0217,36.4155,23777.8280,-9.3885,NA,NA,NA,NA,NA,NA,NA,NA,NA,NA
351.339,4.7310,29.0364,8.0226,36.4307,25161.0640,-4.1173,NA,NA,NA,NA,NA,NA,NA,NA,NA,NA
351.435,4.7063,28.3622,8.0226,36.4307,45622.4880,73.8562,NA,NA,NA,NA,NA,NA,NA,NA,NA,NA
351.535,4.6723,27.4336,8.0131,36.2689,48663.7400,85.4457,NA,NA,NA,NA,NA,NA,NA,NA,NA,NA
351.635,4.6582,27.0502,8.0063,36.1536,53197.7560,102.7237,NA,NA,NA,NA,NA,NA,NA,NA,NA,NA
351.745,4.6440,26.6636,7.9942,35.9476,53197.7560,102.7237,NA,NA,NA,NA,NA,NA,NA,NA,NA,NA
351.837,4.6145,25.8571,7.9769,35.6534,27108.2380,3.3029,194455.7120,0.0000,NA,NA,NA,NA,NA,NA,NA,NA
351.926,4.6045,25.5849,7.9497,35.1906,56452.8600,115.1281,NA,NA,NA,NA,NA,NA,NA,NA,NA,NA
352.027,4.5970,25.3808,7.9015,34.3722,56452.8600,115.1281,NA,NA,NA,NA,NA,NA,NA,NA,NA,NA
352.133,4.5892,25.1682,7.8606,33.6752,25971.7260,-1.0281,NA,NA,NA,NA,NA,NA,NA,NA,NA,NA
352.234,4.5852,25.0579,7.8394,33.3153,28502.1600,8.6148,NA,NA,NA,NA,NA,NA,NA,NA,NA,NA
352.388,4.5801,24.9205,7.8266,33.0983,31334.0760,19.4065,NA,NA,NA,NA,NA,NA,NA,NA,NA,NA
352.427,4.5866,25.0955,7.8127,32.8618,31334.0760,19.4065,NA,NA,NA,NA,NA,NA,NA,NA,NA,NA
352.525,4.5905,25.2033,7.8041,32.7150,23155.9380,-11.7583,NA,NA,NA,NA,NA,NA,NA,NA,NA,NA
352.615,4.5905,25.2033,7.7898,32.4726,24938.1880,-4.9666,NA,NA,NA,NA,NA,NA,NA,NA,NA,NA
352.713,4.5722,24.7033,7.7821,32.3411,45574.4320,73.6731,NA,NA,NA,NA,NA,NA,NA,NA,NA,NA
352.810,4.5554,24.2464,7.7724,32.1754,51109.1400,94.7645,NA,NA,NA,NA,NA,NA,NA,NA,NA,NA
352.908,4.5554,24.2464,7.7663,32.0730,56795.1400,116.4325,NA,NA,NA,NA,NA,NA,NA,NA,NA,NA
353.007,4.5480,24.0441,7.7601,31.9673,56795.1400,116.4325,NA,NA,NA,NA,NA,NA,NA,NA,NA,NA
353.114,4.5136,23.1055,7.7555,31.8885,26662.8180,1.6055,NA,NA,NA,NA,NA,NA,NA,NA,NA,NA
353.209,4.5638,24.4761,7.7482,31.7643,26662.8180,1.6055,NA,NA,NA,NA,NA,NA,NA,NA,NA,NA
353.305,4.5638,24.4761,7.7407,31.6376,26302.8280,0.2337,NA,NA,NA,NA,NA,NA,NA,NA,NA,NA
353.406,4.5473,24.0244,7.7363,31.5628,49222.6360,87.5755,NA,NA,NA,NA,NA,NA,NA,NA,NA,NA
353.505,4.5387,23.7916,7.7319,31.4875,52666.7680,100.7002,NA,NA,NA,NA,NA,NA,NA,NA,NA,NA
353.609,4.5206,23.2958,7.7274,31.4110,57156.5480,117.8097,NA,NA,NA,NA,NA,NA,NA,NA,NA,NA
353.702,4.4930,22.5448,7.7230,31.3365,57156.5480,117.8097,NA,NA,NA,NA,NA,NA,NA,NA,NA,NA
353.813,4.4928,22.5390,7.7189,31.2666,26976.8060,2.8020,NA,NA,NA,NA,NA,NA,NA,NA,NA,NA
353.904,4.4873,22.3889,7.7112,31.1355,29007.6020,10.5409,NA,NA,NA,NA,NA,NA,NA,NA,NA,NA
353.995,4.4975,22.6656,7.7088,31.0949,29007.6020,10.5409,NA,NA,NA,NA,NA,NA,NA,NA,NA,NA
354.094,4.5136,23.1047,7.6980,30.9115,22731.6880,-13.3751,NA,NA,NA,NA,NA,NA,NA,NA,NA,NA
354.229,4.5136,23.1047,7.6949,30.8576,24641.8180,-6.0960,NA,NA,NA,NA,NA,NA,NA,NA,NA,NA
354.286,4.5118,23.0558,7.6844,30.6788,45903.7920,74.9282,NA,NA,NA,NA,NA,NA,NA,NA,NA,NA
354.388,4.5017,22.7808,7.6828,30.6519,49990.7480,90.5026,NA,NA,NA,NA,NA,NA,NA,NA,NA,NA
354.482,4.4838,22.2935,7.6787,30.5819,53900.5840,105.4020,NA,NA,NA,NA,NA,NA,NA,NA,NA,NA
354.587,4.4750,22.0540,7.6763,30.5420,58742.1800,123.8522,NA,NA,NA,NA,NA,NA,NA,NA,NA,NA
354.681,4.4517,21.4164,7.6753,30.5245,58742.1800,123.8522,NA,NA,NA,NA,NA,NA,NA,NA,NA,NA
354.778,4.4501,21.3748,7.6692,30.4218,27517.0420,4.8608,NA,NA,NA,NA,NA,NA,NA,NA,NA,NA
354.877,4.4639,21.7497,7.6665,30.3755,29701.0320,13.1834,NA,NA,NA,NA,NA,NA,NA,NA,NA,NA
354.980,4.4655,21.7949,7.6646,30.3420,29701.0320,13.1834,NA,NA,NA,NA,NA,NA,NA,NA,NA,NA
355.072,4.4655,21.7949,7.6611,30.2828,23133.9860,-11.8420,NA,NA,NA,NA,NA,NA,NA,NA,NA,NA
355.176,4.4546,21.4964,7.6593,30.2533,25040.3160,-4.5774,NA,NA,NA,NA,NA,NA,NA,NA,NA,NA
355.276,4.4536,21.4694,7.6556,30.1900,46913.7920,78.7771,NA,NA,NA,NA,NA,NA,NA,NA,NA,NA
355.376,4.4283,20.7796,7.6514,30.1189,51138.5600,94.8766,NA,NA,NA,NA,NA,NA,NA,NA,NA,NA
355.461,4.4101,20.2835,7.6441,29.9945,54863.6120,109.0719,NA,NA,NA,NA,NA,NA,NA,NA,NA,NA
355.561,4.3988,19.9737,7.6323,29.7936,54863.6120,109.0719,NA,NA,NA,NA,NA,NA,NA,NA,NA,NA
355.708,4.3938,19.8376,7.6253,29.6740,25796.2020,-1.6969,NA,NA,NA,NA,NA,NA,NA,NA,NA,NA
355.802,4.3966,19.9139,7.6253,29.6740,27816.5300,6.0020,NA,NA,NA,NA,NA,NA,NA,NA,NA,NA
355.855,4.4092,20.2587,7.6194,29.5739,30226.9920,15.1877,NA,NA,NA,NA,NA,NA,NA,NA,NA,NA
355.961,4.4126,20.3515,7.6139,29.4807,30226.9920,15.1877,NA,NA,NA,NA,NA,NA,NA,NA,NA,NA
356.062,4.4126,20.3515,7.6082,29.3831,52020.5600,98.2377,NA,NA,NA,NA,NA,NA,NA,NA,NA,NA
356.158,4.3995,19.9948,7.5980,29.2105,55694.5960,112.2386,NA,NA,NA,NA,NA,NA,NA,NA,NA,NA
356.257,4.3941,19.8457,7.5925,29.1159,55694.5960,112.2386,NA,NA,NA,NA,NA,NA,NA,NA,NA,NA
356.351,4.3783,19.4157,7.5834,28.9625,25915.6040,-1.2419,NA,NA,NA,NA,NA,NA,NA,NA,NA,NA
356.454,4.3715,19.2291,7.5760,28.8356,29081.8700,10.8239,NA,NA,NA,NA,NA,NA,NA,NA,NA,NA
356.643,4.3710,19.2172,7.5701,28.7359,29081.8700,10.8239,NA,NA,NA,NA,NA,NA,NA,NA,NA,NA
356.652,4.3627,18.9910,7.5673,28.6878,22360.3560,-14.7901,NA,NA,NA,NA,NA,NA,NA,NA,NA,NA
356.756,4.3615,18.9568,7.5627,28.6092,24014.8500,-8.4852,NA,NA,NA,NA,NA,NA,NA,NA,NA,NA
356.854,4.3615,18.9568,7.5573,28.5173,25966.6660,-1.0473,NA,NA,NA,NA,NA,NA,NA,NA,NA,NA
356.948,4.3450,18.5084,7.5398,28.2210,48199.0640,83.6749,NA,NA,NA,NA,NA,NA,NA,NA,NA,NA
357.046,4.3282,18.0484,7.5091,27.6990,52731.7760,100.9480,NA,NA,NA,NA,NA,NA,NA,NA,NA,NA
357.139,4.3282,18.0484,7.4935,27.4326,56825.9640,116.5499,NA,NA,NA,NA,NA,NA,NA,NA,NA,NA
357.240,4.3182,17.7753,7.4846,27.2811,56825.9640,116.5499,NA,NA,NA,NA,NA,NA,NA,NA,NA,NA
357.338,4.3160,17.7151,7.4696,27.0265,26489.9460,0.9467,NA,NA,NA,NA,NA,NA,NA,NA,NA,NA
357.432,4.3080,17.4992,7.4609,26.8779,29649.2080,12.9859,NA,NA,NA,NA,NA,NA,NA,NA,NA,NA
357.527,4.3086,17.5155,7.4586,26.8398,29649.2080,12.9859,NA,NA,NA,NA,NA,NA,NA,NA,NA,NA
357.627,4.3086,17.5155,7.4491,26.6783,22793.2260,-13.1406,NA,NA,NA,NA,NA,NA,NA,NA,NA,NA
357.723,4.3126,17.6226,7.4390,26.5061,24447.2720,-6.8374,NA,NA,NA,NA,NA,NA,NA,NA,NA,NA
357.844,4.3126,17.6226,7.4299,26.3516,44827.9840,70.8285,NA,NA,NA,NA,NA,NA,NA,NA,NA,NA
357.922,4.2971,17.1994,7.4243,26.2557,49110.4560,87.1480,NA,NA,NA,NA,NA,NA,NA,NA,NA,NA
358.026,4.2730,16.5433,7.4128,26.0599,53690.9200,104.6030,NA,NA,NA,NA,NA,NA,NA,NA,NA,NA
358.129,4.2673,16.3890,7.4061,25.9461,58084.7320,121.3468,NA,NA,NA,NA,NA,NA,NA,NA,NA,NA
358.214,4.2461,15.8099,7.4047,25.9237,58084.7320,121.3468,NA,NA,NA,NA,NA,NA,NA,NA,NA,NA
358.362,4.2516,15.9606,7.4029,25.8920,27156.0220,3.4850,NA,NA,NA,NA,NA,NA,NA,NA,NA,NA
358.414,4.2725,16.5306,7.3949,25.7569,30154.9440,14.9132,NA,NA,NA,NA,NA,NA,NA,NA,NA,NA
358.516,4.2725,16.5306,7.3913,25.6956,30154.9440,14.9132,NA,NA,NA,NA,NA,NA,NA,NA,NA,NA
358.615,4.2673,16.3880,7.3893,25.6617,23271.5960,-11.3176,NA,NA,NA,NA,NA,NA,NA,NA,NA,NA
358.704,4.2735,16.5571,7.3837,25.5652,24910.3260,-5.0728,NA,NA,NA,NA,NA,NA,NA,NA,NA,NA
358.814,4.2735,16.5571,7.3827,25.5480,45810.0520,74.5710,NA,NA,NA,NA,NA,NA,NA,NA,NA,NA
358.917,4.2572,16.1117,7.3768,25.4490,50105.2560,90.9389,NA,NA,NA,NA,NA,NA,NA,NA,NA,NA
359.033,4.2496,15.9053,7.3736,25.3942,50105.2560,90.9389,NA,NA,NA,NA,NA,NA,NA,NA,NA,NA
359.111,4.2539,16.0225,7.3733,25.3881,32585.8960,24.1769,NA,NA,NA,NA,NA,NA,NA,NA,NA,NA
359.204,4.2550,16.0532,7.3727,25.3785,32585.8960,24.1769,NA,NA,NA,NA,NA,NA,NA,NA,NA,NA
359.306,4.2550,16.0532,7.3678,25.2949,23860.9740,-9.0716,NA,NA,NA,NA,NA,NA,NA,NA,NA,NA
359.402,4.2544,16.0351,7.3672,25.2848,25525.8040,-2.7274,NA,NA,NA,NA,NA,NA,NA,NA,NA,NA
359.496,4.2342,15.4842,7.3672,25.2848,46675.3080,77.8683,NA,NA,NA,NA,NA,NA,NA,NA,NA,NA
359.601,4.2326,15.4423,7.3669,25.2797,49878.9640,90.0766,NA,NA,NA,NA,NA,NA,NA,NA,NA,NA
359.692,4.2246,15.2245,7.3686,25.3097,53381.6000,103.4243,NA,NA,NA,NA,NA,NA,NA,NA,NA,NA
359.795,4.2212,15.1311,7.3686,25.3097,53381.6000,103.4243,NA,NA,NA,NA,NA,NA,NA,NA,NA,NA
359.899,4.2120,14.8791,7.3657,25.2590,26784.6120,2.0696,196346.7360,0.0000,NA,NA,NA,NA,NA,NA,NA,NA
359.995,4.2184,15.0556,7.3540,25.0606,54408.7200,107.3384,NA,NA,NA,NA,NA,NA,NA,NA,NA,NA
360.086,4.2184,15.0556,7.3496,24.9857,54408.7200,107.3384,NA,NA,NA,NA,NA,NA,NA,NA,NA,NA
360.186,4.2157,14.9811,7.3438,24.8868,25959.0000,-1.0766,NA,NA,NA,NA,NA,NA,NA,NA,NA,NA
360.290,4.2157,14.9811,7.3403,24.8282,28384.7900,8.1675,NA,NA,NA,NA,NA,NA,NA,NA,NA,NA
360.384,4.2271,15.2911,7.3377,24.7837,31722.3900,20.8863,NA,NA,NA,NA,NA,NA,NA,NA,NA,NA
360.477,4.2284,15.3262,7.3356,24.7471,31722.3900,20.8863,NA,NA,NA,NA,NA,NA,NA,NA,NA,NA
360.576,4.2515,15.9580,7.3319,24.6847,23351.9800,-11.0113,NA,NA,NA,NA,NA,NA,NA,NA,NA,NA
360.679,4.2515,15.9580,7.3296,24.6453,24831.1620,-5.3745,NA,NA,NA,NA,NA,NA,NA,NA,NA,NA
360.783,4.2263,15.2710,7.3261,24.5860,44487.1160,69.5296,NA,NA,NA,NA,NA,NA,NA,NA,NA,NA
360.875,4.2073,14.7520,7.3261,24.5860,49039.0800,86.8760,NA,NA,NA,NA,NA,NA,NA,NA,NA,NA
360.974,4.1886,14.2413,7.2930,24.0235,54489.4680,107.6461,NA,NA,NA,NA,NA,NA,NA,NA,NA,NA
361.065,4.1827,14.0813,7.2574,23.4187,54489.4680,107.6461,NA,NA,NA,NA,NA,NA,NA,NA,NA,NA
361.181,4.1729,13.8122,7.2364,23.0605,26683.5940,1.6847,191463.0720,0.0000,NA,NA,NA,NA,NA,NA,NA,NA
361.272,4.1729,13.8122,7.2255,22.8760,27827.5160,6.0439,NA,NA,NA,NA,NA,NA,NA,NA,NA,NA
361.368,4.1910,14.3060,7.2190,22.7651,31441.7660,19.8169,NA,NA,NA,NA,NA,NA,NA,NA,NA,NA
361.473,4.1910,14.3060,7.2102,22.6150,31441.7660,19.8169,NA,NA,NA,NA,NA,NA,NA,NA,NA,NA
361.572,4.1909,14.3030,7.2015,22.4676,23784.8880,-9.3616,NA,NA,NA,NA,NA,NA,NA,NA,NA,NA
361.662,4.1841,14.1192,7.1967,22.3850,25487.2640,-2.8742,NA,NA,NA,NA,NA,NA,NA,NA,NA,NA
361.764,4.1579,13.4047,7.1846,22.1807,46658.5920,77.8046,NA,NA,NA,NA,NA,NA,NA,NA,NA,NA
361.865,4.1656,13.6129,7.1799,22.0997,51319.1120,95.5647,NA,NA,NA,NA,NA,NA,NA,NA,NA,NA
362.009,4.1656,13.6129,7.1779,22.0661,55863.3720,112.8817,NA,NA,NA,NA,NA,NA,NA,NA,NA,NA
362.054,4.1507,13.2080,7.1744,22.0068,55863.3720,112.8817,NA,NA,NA,NA,NA,NA,NA,NA,NA,NA
362.160,4.1366,12.8227,7.1701,21.9333,25635.6140,-2.3089,193235.9200,0.0000,NA,NA,NA,NA,NA,NA,NA,NA
362.265,4.1366,12.8227,7.1685,21.9067,52648.8880,100.6321,NA,NA,NA,NA,NA,NA,NA,NA,NA,NA
362.357,4.1308,12.6637,7.1641,21.8314,NA,NA,NA,NA,NA,NA,NA,NA,NA,NA,NA,NA
362.462,4.1205,12.3853,7.1617,21.7912,NA,NA,NA,NA,NA,NA,NA,NA,NA,NA,NA,NA
362.553,4.1206,12.3880,7.1561,21.6955,29348.3360,11.8394,NA,NA,NA,NA,NA,NA,NA,NA,NA,NA
362.660,4.1355,12.7945,7.1539,21.6583,30261.7320,15.3201,NA,NA,NA,NA,NA,NA,NA,NA,NA,NA
362.757,4.1355,12.7945,7.1538,21.6561,30261.7320,15.3201,NA,NA,NA,NA,NA,NA,NA,NA,NA,NA
362.855,4.1341,12.7559,7.1514,21.6145,23102.4000,-11.9624,NA,NA,NA,NA,NA,NA,NA,NA,NA,NA
362.953,4.1412,12.9489,7.1383,21.3925,25081.4840,-4.4206,NA,NA,NA,NA,NA,NA,NA,NA,NA,NA
363.047,4.1412,12.9489,7.1427,21.4670,46414.3560,76.8738,NA,NA,NA,NA,NA,NA,NA,NA,NA,NA
363.142,4.1364,12.8170,7.1427,21.4670,50735.6040,93.3411,NA,NA,NA,NA,NA,NA,NA,NA,NA,NA
363.240,4.1361,12.8089,7.1348,21.3322,54404.2880,107.3215,NA,NA,NA,NA,NA,NA,NA,NA,NA,NA
363.341,4.1308,12.6638,7.1204,21.0877,54404.2880,107.3215,NA,NA,NA,NA,NA,NA,NA,NA,NA,NA
363.438,4.1343,12.7598,7.1135,20.9714,25808.1540,-1.6514,NA,NA,NA,NA,NA,NA,NA,NA,NA,NA
363.539,4.1343,12.7598,7.0830,20.4517,27975.9060,6.6094,NA,NA,NA,NA,NA,NA,NA,NA,NA,NA
363.646,4.1432,13.0042,7.0454,19.8125,30381.8080,15.7777,NA,NA,NA,NA,NA,NA,NA,NA,NA,NA
363.733,4.1470,13.1073,6.9947,18.9501,30381.8080,15.7777,NA,NA,NA,NA,NA,NA,NA,NA,NA,NA
363.833,4.1703,13.7418,6.9970,18.9904,23444.1480,-10.6601,NA,NA,NA,NA,NA,NA,NA,NA,NA,NA
363.927,4.1951,14.4186,7.0750,20.3157,25371.5400,-3.3152,NA,NA,NA,NA,NA,NA,NA,NA,NA,NA
364.035,4.2471,15.8362,7.1248,21.1622,46840.7760,78.4988,NA,NA,NA,NA,NA,NA,NA,NA,NA,NA
364.137,4.2766,16.6426,7.1697,21.9268,51757.4600,97.2351,NA,NA,NA,NA,NA,NA,NA,NA,NA,NA
364.224,4.2962,17.1766,7.1849,22.1844,56003.5400,113.4159,NA,NA,NA,NA,NA,NA,NA,NA,NA,NA
364.327,4.3067,17.4622,7.1929,22.3211,56003.5400,113.4159,NA,NA,NA,NA,NA,NA,NA,NA,NA,NA
364.438,4.3378,18.3105,7.1993,22.4306,25689.2840,-2.1044,NA,NA,NA,NA,NA,NA,NA,NA,NA,NA
364.529,4.3520,18.6971,7.1993,22.4306,24240.8860,-7.6239,NA,NA,NA,NA,NA,NA,NA,NA,NA,NA
364.624,4.3520,18.6971,7.1838,22.1665,25973.8900,-1.0198,NA,NA,NA,NA,NA,NA,NA,NA,NA,NA
364.720,4.3292,18.0760,7.1738,21.9963,47963.3600,82.7767,NA,NA,NA,NA,NA,NA,NA,NA,NA,NA
364.819,4.2942,17.1230,7.1684,21.9038,52396.9200,99.6719,NA,NA,NA,NA,NA,NA,NA,NA,NA,NA
364.914,4.2942,17.1230,7.1642,21.8337,56649.6440,115.8780,NA,NA,NA,NA,NA,NA,NA,NA,NA,NA
365.021,4.2747,16.5904,7.1529,21.6406,56649.6440,115.8780,NA,NA,NA,NA,NA,NA,NA,NA,NA,NA
365.115,4.3068,17.4660,7.2210,22.7994,26611.8160,1.4112,196983.5680,0.0000,NA,NA,NA,NA,NA,NA,NA,NA
365.208,4.3978,19.9486,7.3290,24.6348,53953.0680,105.6020,NA,NA,NA,NA,NA,NA,NA,NA,NA,NA
365.310,4.4238,20.6559,7.3879,25.6370,53953.0680,105.6020,NA,NA,NA,NA,NA,NA,NA,NA,NA,NA
365.412,4.4428,21.1752,7.4363,26.4606,26731.7200,1.8681,196058.0000,0.0000,NA,NA,NA,NA,NA,NA,NA,NA
365.512,4.4842,22.3051,7.4732,27.0871,54848.5520,109.0145,NA,NA,NA,NA,NA,NA,NA,NA,NA,NA
365.612,4.5071,22.9295,7.5032,27.5987,NA,NA,NA,NA,NA,NA,NA,NA,NA,NA,NA,NA
365.711,4.5399,23.8227,7.5146,27.7923,NA,NA,NA,NA,NA,NA,NA,NA,NA,NA,NA,NA
365.804,4.5435,23.9202,7.5175,27.8406,30652.2020,16.8081,NA,NA,NA,NA,NA,NA,NA,NA,NA,NA
365.914,4.5744,24.7627,7.5175,27.8406,31407.4940,19.6863,NA,NA,NA,NA,NA,NA,NA,NA,NA,NA
366.004,4.5864,25.0910,7.5087,27.6913,31407.4940,19.6863,NA,NA,NA,NA,NA,NA,NA,NA,NA,NA
366.155,4.5864,25.0910,7.4970,27.4918,23215.5740,-11.5311,NA,NA,NA,NA,NA,NA,NA,NA,NA,NA
366.204,4.5745,24.7669,7.4924,27.4151,24875.4120,-5.2059,NA,NA,NA,NA,NA,NA,NA,NA,NA,NA
366.297,4.5478,24.0373,7.4842,27.2755,45680.3960,74.0769,NA,NA,NA,NA,NA,NA,NA,NA,NA,NA
366.399,4.5013,22.7708,7.4775,27.1613,50032.4640,90.6616,NA,NA,NA,NA,NA,NA,NA,NA,NA,NA
366.504,4.4938,22.5661,7.4802,27.2075,53978.3920,105.6985,NA,NA,NA,NA,NA,NA,NA,NA,NA,NA
366.598,4.4759,22.0783,7.6455,30.0173,53978.3920,105.6985,NA,NA,NA,NA,NA,NA,NA,NA,NA,NA
366.692,4.4901,22.4653,7.6735,30.4948,25153.8140,-4.1449,NA,NA,NA,NA,NA,NA,NA,NA,NA,NA
366.812,4.5500,24.0995,7.7894,32.4648,27907.9000,6.3502,NA,NA,NA,NA,NA,NA,NA,NA,NA,NA
366.899,4.6007,25.4812,7.8082,32.7854,31461.5080,19.8922,NA,NA,NA,NA,NA,NA,NA,NA,NA,NA
366.994,4.6671,27.2934,7.8354,33.2465,31461.5080,19.8922,NA,NA,NA,NA,NA,NA,NA,NA,NA,NA
367.093,4.6671,27.2934,7.8498,33.4925,49798.8320,89.7712,NA,NA,NA,NA,NA,NA,NA,NA,NA,NA
367.195,4.6119,25.7877,7.8564,33.6039,53850.5520,105.2114,NA,NA,NA,NA,NA,NA,NA,NA,NA,NA
367.296,4.6114,25.7727,7.8564,33.6039,53850.5520,105.2114,NA,NA,NA,NA,NA,NA,NA,NA,NA,NA
367.387,4.6020,25.5178,7.8416,33.3526,26984.2580,2.8304,195993.7280,0.0000,NA,NA,NA,NA,NA,NA,NA,NA
367.492,4.6028,25.5396,7.8318,33.1856,55577.9120,111.7939,NA,NA,NA,NA,NA,NA,NA,NA,NA,NA
367.589,4.6028,25.5396,7.8070,32.7641,55577.9120,111.7939,NA,NA,NA,NA,NA,NA,NA,NA,NA,NA
367.684,4.5957,25.3462,7.7791,32.2897,25851.6320,-1.4857,NA,NA,NA,NA,NA,NA,NA,NA,NA,NA
367.776,4.5921,25.2479,7.7655,32.0593,28499.3920,8.6043,NA,NA,NA,NA,NA,NA,NA,NA,NA,NA
367.882,4.5933,25.2792,7.7308,31.4693,31511.6540,20.0833,NA,NA,NA,NA,NA,NA,NA,NA,NA,NA
368.023,4.5933,25.2792,7.6964,30.8836,31511.6540,20.0833,NA,NA,NA,NA,NA,NA,NA,NA,NA,NA
368.081,4.5862,25.0852,7.6953,30.8649,23280.2240,-11.2847,NA,NA,NA,NA,NA,NA,NA,NA,NA,NA
368.168,4.5827,24.9912,7.6393,29.9122,24914.1140,-5.0584,NA,NA,NA,NA,NA,NA,NA,NA,NA,NA
368.272,4.5666,24.5522,7.6483,30.0651,45085.9480,71.8116,NA,NA,NA,NA,NA,NA,NA,NA,NA,NA
368.365,4.5576,24.3051,7.6483,30.0651,50217.4000,91.3663,NA,NA,NA,NA,NA,NA,NA,NA,NA,NA
368.470,4.5097,23.0001,7.6372,29.8772,55916.9400,113.0859,NA,NA,NA,NA,NA,NA,NA,NA,NA,NA
368.648,4.5032,22.8226,7.6162,29.5196,55916.9400,113.0859,NA,NA,NA,NA,NA,NA,NA,NA,NA,NA
368.671,4.4936,22.5589,7.5956,29.1700,26569.1560,1.2486,196289.1200,0.0000,NA,NA,NA,NA,NA,NA,NA,NA
368.762,4.4890,22.4345,7.5593,28.5518,55032.3880,109.7151,NA,NA,NA,NA,NA,NA,NA,NA,NA,NA
368.866,4.4827,22.2638,7.5418,28.2539,NA,NA,NA,NA,NA,NA,NA,NA,NA,NA,NA,NA
368.960,4.4747,22.0451,7.5307,28.0660,NA,NA,NA,NA,NA,NA,NA,NA,NA,NA,NA,NA
369.056,4.4505,21.3853,7.5244,27.9587,30384.3880,15.7875,NA,NA,NA,NA,NA,NA,NA,NA,NA,NA
369.194,4.4566,21.5521,7.5185,27.8585,31197.4240,18.8858,NA,NA,NA,NA,NA,NA,NA,NA,NA,NA
369.255,4.4566,21.5521,7.5136,27.7752,31197.4240,18.8858,NA,NA,NA,NA,NA,NA,NA,NA,NA,NA
369.355,4.4468,21.2841,7.5059,27.6437,23193.9640,-11.6134,NA,NA,NA,NA,NA,NA,NA,NA,NA,NA
369.457,4.4468,21.2841,7.4968,27.4887,24690.4480,-5.9107,NA,NA,NA,NA,NA,NA,NA,NA,NA,NA
369.551,4.4409,21.1223,7.4891,27.3590,44747.3040,70.5211,NA,NA,NA,NA,NA,NA,NA,NA,NA,NA
369.659,4.4128,20.3559,7.4868,27.3185,48190.4200,83.6420,NA,NA,NA,NA,NA,NA,NA,NA,NA,NA
369.768,4.3914,19.7724,7.4676,26.9923,48190.4200,83.6420,NA,NA,NA,NA,NA,NA,NA,NA,NA,NA
369.855,4.4013,20.0427,7.4574,26.8193,32117.3420,22.3914,NA,NA,NA,NA,NA,NA,NA,NA,NA,NA
369.954,4.4129,20.3584,7.4515,26.7185,32117.3420,22.3914,NA,NA,NA,NA,NA,NA,NA,NA,NA,NA
370.050,4.4174,20.4818,7.4455,26.6175,23351.7580,-11.0121,NA,NA,NA,NA,NA,NA,NA,NA,NA,NA
370.153,4.4174,20.4818,7.4371,26.4732,25114.6080,-4.2943,NA,NA,NA,NA,NA,NA,NA,NA,NA,NA
370.250,4.3769,19.3777,7.4260,26.2844,46060.6040,75.5258,NA,NA,NA,NA,NA,NA,NA,NA,NA,NA
370.348,4.3670,19.1073,7.4198,26.1790,52000.6000,98.1616,NA,NA,NA,NA,NA,NA,NA,NA,NA,NA
370.440,4.3509,18.6689,7.4055,25.9360,56620.8280,115.7682,NA,NA,NA,NA,NA,NA,NA,NA,NA,NA
370.560,4.3471,18.5641,7.3975,25.8012,56620.8280,115.7682,NA,NA,NA,NA,NA,NA,NA,NA,NA,NA
370.636,4.3394,18.3544,7.3914,25.6969,26709.3420,1.7828,NA,NA,NA,NA,NA,NA,NA,NA,NA,NA
370.735,4.3397,18.3630,7.3863,25.6104,29525.6080,12.5149,NA,NA,NA,NA,NA,NA,NA,NA,NA,NA
370.839,4.3523,18.7069,7.3824,25.5442,29525.6080,12.5149,NA,NA,NA,NA,NA,NA,NA,NA,NA,NA
370.975,4.3701,19.1925,7.3680,25.2982,22017.8940,-16.0952,NA,NA,NA,NA,NA,NA,NA,NA,NA,NA
371.034,4.3701,19.1925,7.3590,25.1452,23415.9120,-10.7677,NA,NA,NA,NA,NA,NA,NA,NA,NA,NA
371.125,4.3606,18.9323,7.3512,25.0135,25343.8900,-3.4206,NA,NA,NA,NA,NA,NA,NA,NA,NA,NA
371.237,4.3408,18.3934,7.3394,24.8129,45994.2400,75.2729,NA,NA,NA,NA,NA,NA,NA,NA,NA,NA
371.334,4.3361,18.2646,7.3340,24.7201,51095.4400,94.7123,NA,NA,NA,NA,NA,NA,NA,NA,NA,NA
371.426,4.3300,18.0976,7.3251,24.5684,57206.0280,117.9983,NA,NA,NA,NA,NA,NA,NA,NA,NA,NA
371.519,4.3315,18.1389,7.3201,24.4849,57206.0280,117.9983,NA,NA,NA,NA,NA,NA,NA,NA,NA,NA
371.635,4.3315,18.1389,7.3119,24.3451,27396.4320,4.4011,197280.3840,0.0000,NA,NA,NA,NA,NA,NA,NA,NA
371.718,4.3174,17.7537,7.2984,24.1158,56480.7760,115.2345,NA,NA,NA,NA,NA,NA,NA,NA,NA,NA
371.814,4.3040,17.3880,7.2906,23.9828,56480.7760,115.2345,NA,NA,NA,NA,NA,NA,NA,NA,NA,NA
371.935,4.2980,17.2264,7.2858,23.9008,26547.0040,1.1642,NA,NA,NA,NA,NA,NA,NA,NA,NA,NA
372.015,4.2995,17.2676,7.2755,23.7258,26547.0040,1.1642,NA,NA,NA,NA,NA,NA,NA,NA,NA,NA
372.160,4.2995,17.2676,7.3016,24.1696,26287.0980,0.1737,NA,NA,NA,NA,NA,NA,NA,NA,NA,NA
372.212,4.2971,17.2002,7.3152,24.4007,48234.0800,83.8084,NA,NA,NA,NA,NA,NA,NA,NA,NA,NA
372.313,4.2896,16.9961,7.3152,24.4007,52494.9320,100.0454,NA,NA,NA,NA,NA,NA,NA,NA,NA,NA
372.413,4.2578,16.1294,7.3101,24.3144,56648.5600,115.8739,NA,NA,NA,NA,NA,NA,NA,NA,NA,NA
372.528,4.2506,15.9324,7.2861,23.9068,56648.5600,115.8739,NA,NA,NA,NA,NA,NA,NA,NA,NA,NA
372.611,4.2442,15.7573,7.2586,23.4378,26599.0600,1.3626,NA,NA,NA,NA,NA,NA,NA,NA,NA,NA
372.737,4.2399,15.6398,7.2392,23.1089,29564.0840,12.6615,NA,NA,NA,NA,NA,NA,NA,NA,NA,NA
372.797,4.2511,15.9467,7.2298,22.9494,29564.0840,12.6615,NA,NA,NA,NA,NA,NA,NA,NA,NA,NA
372.910,4.2511,15.9467,7.2166,22.7246,22837.0540,-12.9735,NA,NA,NA,NA,NA,NA,NA,NA,NA,NA
373.003,4.2529,15.9951,7.2013,22.4645,24407.4660,-6.9891,NA,NA,NA,NA,NA,NA,NA,NA,NA,NA
373.111,4.2529,15.9951,7.1913,22.2946,44996.3760,71.4703,NA,NA,NA,NA,NA,NA,NA,NA,NA,NA
373.191,4.2355,15.5205,7.1986,22.4180,48884.7040,86.2877,NA,NA,NA,NA,NA,NA,NA,NA,NA,NA
373.292,4.2641,16.3015,7.2645,23.5385,53610.8960,104.2981,NA,NA,NA,NA,NA,NA,NA,NA,NA,NA
373.423,4.3302,18.1043,7.3552,25.0817,58042.8240,121.1871,NA,NA,NA,NA,NA,NA,NA,NA,NA,NA
373.493,4.3845,19.5845,7.4046,25.9216,58042.8240,121.1871,NA,NA,NA,NA,NA,NA,NA,NA,NA,NA
373.603,4.3874,19.6638,7.4148,26.0950,27212.0800,3.6986,NA,NA,NA,NA,NA,NA,NA,NA,NA,NA
373.695,4.4308,20.8481,7.4148,26.0950,30015.7640,14.3828,NA,NA,NA,NA,NA,NA,NA,NA,NA,NA
373.831,4.4308,20.8481,7.4108,26.0263,30015.7640,14.3828,NA,NA,NA,NA,NA,NA,NA,NA,NA,NA
373.939,4.4266,20.7335,7.4056,25.9388,23353.8180,-11.0043,NA,NA,NA,NA,NA,NA,NA,NA,NA,NA
373.978,4.4265,20.7305,7.3858,25.6009,24943.7460,-4.9454,NA,NA,NA,NA,NA,NA,NA,NA,NA,NA
374.082,4.4211,20.5821,7.3920,25.7067,46783.1080,78.2791,NA,NA,NA,NA,NA,NA,NA,NA,NA,NA
374.173,4.4096,20.2693,7.4071,25.9638,49891.3520,90.1238,NA,NA,NA,NA,NA,NA,NA,NA,NA,NA
374.272,4.4028,20.0832,7.4071,25.9638,54178.5600,106.4613,NA,NA,NA,NA,NA,NA,NA,NA,NA,NA
374.369,4.3493,18.6238,7.4010,25.8600,54178.5600,106.4613,NA,NA,NA,NA,NA,NA,NA,NA,NA,NA
374.468,4.3379,18.3141,7.3758,25.4320,25191.9620,-3.9996,NA,NA,NA,NA,NA,NA,NA,NA,NA,NA
374.583,4.3274,18.0260,7.3654,25.2546,27259.4780,3.8792,NA,NA,NA,NA,NA,NA,NA,NA,NA,NA
374.694,4.3279,18.0399,7.3424,24.8641,30273.9120,15.3665,NA,NA,NA,NA,NA,NA,NA,NA,NA,NA
374.760,4.3279,18.0399,7.3301,24.6539,30273.9120,15.3665,NA,NA,NA,NA,NA,NA,NA,NA,NA,NA
374.861,4.3105,17.5664,7.3235,24.5421,23875.3280,-9.0169,NA,NA,NA,NA,NA,NA,NA,NA,NA,NA
374.956,4.3105,17.5664,7.3154,24.4042,25530.7780,-2.7084,NA,NA,NA,NA,NA,NA,NA,NA,NA,NA
375.062,4.3032,17.3676,7.3141,24.3820,48063.6640,83.1589,NA,NA,NA,NA,NA,NA,NA,NA,NA,NA
375.160,4.2956,17.1595,7.3103,24.3183,48063.6640,83.1589,NA,NA,NA,NA,NA,NA,NA,NA,NA,NA
375.260,4.2922,17.0667,7.3094,24.3028,30295.3700,15.4483,NA,NA,NA,NA,NA,NA,NA,NA,NA,NA
375.355,4.2785,16.6923,7.3092,24.2989,30295.3700,15.4483,NA,NA,NA,NA,NA,NA,NA,NA,NA,NA
375.455,4.2773,16.6598,7.3021,24.1782,22413.5280,-14.5875,NA,NA,NA,NA,NA,NA,NA,NA,NA,NA
375.555,4.2773,16.6598,7.2992,24.1296,23988.8800,-8.5842,NA,NA,NA,NA,NA,NA,NA,NA,NA,NA
375.653,4.2699,16.4600,7.2934,24.0302,25993.2580,-0.9460,NA,NA,NA,NA,NA,NA,NA,NA,NA,NA
375.753,4.2660,16.3537,7.2899,23.9704,47871.4840,82.4266,NA,NA,NA,NA,NA,NA,NA,NA,NA,NA
375.846,4.2603,16.1961,7.2899,23.9704,51552.9600,96.4558,NA,NA,NA,NA,NA,NA,NA,NA,NA,NA
375.952,4.2514,15.9534,7.2886,23.9481,54326.3520,107.0245,NA,NA,NA,NA,NA,NA,NA,NA,NA,NA
376.042,4.2466,15.8231,7.2881,23.9403,54326.3520,107.0245,NA,NA,NA,NA,NA,NA,NA,NA,NA,NA
376.148,4.2434,15.7351,7.2802,23.8062,27144.5120,3.4411,198010.3040,0.0000,NA,NA,NA,NA,NA,NA,NA,NA
376.248,4.2417,15.6902,7.2761,23.7359,54146.0960,106.3376,NA,NA,NA,NA,NA,NA,NA,NA,NA,NA
376.340,4.2396,15.6323,7.2714,23.6569,54146.0960,106.3376,NA,NA,NA,NA,NA,NA,NA,NA,NA,NA
376.439,4.2372,15.5660,7.2625,23.5046,27186.6160,3.6016,192217.2160,0.0000,NA,NA,NA,NA,NA,NA,NA,NA
376.538,4.2372,15.5660,7.2573,23.4163,57180.7760,117.9020,NA,NA,NA,NA,NA,NA,NA,NA,NA,NA
376.641,4.2349,15.5040,7.2563,23.3996,NA,NA,NA,NA,NA,NA,NA,NA,NA,NA,NA,NA
376.739,4.2292,15.3476,7.2551,23.3787,NA,NA,NA,NA,NA,NA,NA,NA,NA,NA,NA,NA
376.836,4.2004,14.5624,7.2539,23.3592,30954.3820,17.9596,NA,NA,NA,NA,NA,NA,NA,NA,NA,NA
376.984,4.2134,14.9166,7.2413,23.1438,32035.6320,22.0800,NA,NA,NA,NA,NA,NA,NA,NA,NA,NA
377.035,4.2209,15.1221,7.2349,23.0345,32035.6320,22.0800,NA,NA,NA,NA,NA,NA,NA,NA,NA,NA
377.134,4.2244,15.2179,7.2258,22.8809,23312.8860,-11.1603,NA,NA,NA,NA,NA,NA,NA,NA,NA,NA
377.236,4.2259,15.2585,7.2231,22.8346,24996.7180,-4.7436,NA,NA,NA,NA,NA,NA,NA,NA,NA,NA
377.328,4.2259,15.2585,7.2189,22.7631,45817.6800,74.6000,NA,NA,NA,NA,NA,NA,NA,NA,NA,NA
377.429,4.2074,14.7548,7.2176,22.7419,49397.2960,88.2411,NA,NA,NA,NA,NA,NA,NA,NA,NA,NA
377.529,4.2029,14.6313,7.2017,22.4706,52989.5160,101.9302,NA,NA,NA,NA,NA,NA,NA,NA,NA,NA
377.636,4.2007,14.5726,7.1934,22.3296,52989.5160,101.9302,NA,NA,NA,NA,NA,NA,NA,NA,NA,NA
377.726,4.1994,14.5358,7.1890,22.2541,25399.1360,-3.2101,NA,NA,NA,NA,NA,NA,NA,NA,NA,NA
377.825,4.1972,14.4755,7.1890,22.2541,25399.1360,-3.2101,NA,NA,NA,NA,NA,NA,NA,NA,NA,NA
377.931,4.1965,14.4564,7.1755,22.0252,25082.6640,-4.4161,NA,NA,NA,NA,NA,NA,NA,NA,NA,NA
378.021,4.1892,14.2571,7.1644,21.8362,44622.7120,70.0463,NA,NA,NA,NA,NA,NA,NA,NA,NA,NA
378.117,4.1857,14.1615,7.1633,21.8173,48589.9720,85.1646,NA,NA,NA,NA,NA,NA,NA,NA,NA,NA
378.218,4.1814,14.0440,7.1534,21.6501,54176.5800,106.4538,NA,NA,NA,NA,NA,NA,NA,NA,NA,NA
378.319,4.1747,13.8629,7.1497,21.5856,54176.5800,106.4538,NA,NA,NA,NA,NA,NA,NA,NA,NA,NA
378.412,4.1697,13.7254,7.1425,21.4634,27175.9120,3.5608,191017.3440,0.0000,NA,NA,NA,NA,NA,NA,NA,NA
378.512,4.1630,13.5421,7.1425,21.4634,57242.7520,118.1382,NA,NA,NA,NA,NA,NA,NA,NA,NA,NA
378.615,4.1570,13.3809,7.1375,21.3786,57242.7520,118.1382,NA,NA,NA,NA,NA,NA,NA,NA,NA,NA
378.735,4.1595,13.4491,7.1303,21.2564,26041.6640,-0.7615,NA,NA,NA,NA,NA,NA,NA,NA,NA,NA
378.811,4.1623,13.5232,7.1150,20.9963,28367.9600,8.1034,NA,NA,NA,NA,NA,NA,NA,NA,NA,NA
378.903,4.1727,13.8087,7.1094,20.9015,30901.7220,17.7590,NA,NA,NA,NA,NA,NA,NA,NA,NA,NA
379.006,4.1805,14.0217,7.1091,20.8956,30901.7220,17.7590,NA,NA,NA,NA,NA,NA,NA,NA,NA,NA
379.110,4.1805,14.0217,7.1061,20.8456,23129.4680,-11.8592,NA,NA,NA,NA,NA,NA,NA,NA,NA,NA
379.197,4.1773,13.9327,7.1059,20.8420,25123.4280,-4.2607,NA,NA,NA,NA,NA,NA,NA,NA,NA,NA
379.295,4.1690,13.7079,7.1089,20.8921,46445.3760,76.9920,NA,NA,NA,NA,NA,NA,NA,NA,NA,NA
379.394,4.1678,13.6739,7.1089,20.8921,52092.7960,98.5130,NA,NA,NA,NA,NA,NA,NA,NA,NA,NA
379.499,4.1589,13.4315,7.1071,20.8627,57822.4920,120.3475,NA,NA,NA,NA,NA,NA,NA,NA,NA,NA
379.594,4.1469,13.1053,7.1068,20.8577,57822.4920,120.3475,NA,NA,NA,NA,NA,NA,NA,NA,NA,NA
379.699,4.1412,12.9484,7.1061,20.8450,26702.9920,1.7586,NA,NA,NA,NA,NA,NA,NA,NA,NA,NA
379.802,4.1501,13.1916,7.1025,20.7836,26702.9920,1.7586,NA,NA,NA,NA,NA,NA,NA,NA,NA,NA
379.934,4.1501,13.1916,7.0995,20.7321,26355.2760,0.4335,NA,NA,NA,NA,NA,NA,NA,NA,NA,NA
379.992,4.1250,12.5064,7.0995,20.7321,49137.8880,87.2525,NA,NA,NA,NA,NA,NA,NA,NA,NA,NA
380.091,4.1354,12.7903,7.0933,20.6278,52687.8640,100.7806,NA,NA,NA,NA,NA,NA,NA,NA,NA,NA
380.191,4.1354,12.7903,7.0933,20.6278,57547.5520,119.2997,NA,NA,NA,NA,NA,NA,NA,NA,NA,NA
380.288,4.1077,12.0354,7.0885,20.5458,57547.5520,119.2997,NA,NA,NA,NA,NA,NA,NA,NA,NA,NA
380.385,4.1078,12.0375,7.0821,20.4365,26704.7780,1.7654,NA,NA,NA,NA,NA,NA,NA,NA,NA,NA
380.541,4.1113,12.1336,7.0766,20.3428,28744.6520,9.5389,NA,NA,NA,NA,NA,NA,NA,NA,NA,NA
380.580,4.1207,12.3885,7.0766,20.3428,28744.6520,9.5389,NA,NA,NA,NA,NA,NA,NA,NA,NA,NA
380.681,4.1379,12.8576,7.0754,20.3227,22814.2600,-13.0604,NA,NA,NA,NA,NA,NA,NA,NA,NA,NA
380.774,4.1604,13.4733,7.0792,20.3881,24696.1840,-5.8888,NA,NA,NA,NA,NA,NA,NA,NA,NA,NA
380.879,4.1604,13.4733,7.0792,20.3881,46227.3520,76.1612,NA,NA,NA,NA,NA,NA,NA,NA,NA,NA
380.975,4.1480,13.1352,7.0826,20.4461,50350.6880,91.8742,NA,NA,NA,NA,NA,NA,NA,NA,NA,NA
381.076,4.1454,13.0645,7.0843,20.4734,53838.6240,105.1659,NA,NA,NA,NA,NA,NA,NA,NA,NA,NA
381.186,4.1442,13.0314,7.0843,20.4734,58798.6680,124.0674,NA,NA,NA,NA,NA,NA,NA,NA,NA,NA
381.271,4.1392,12.8953,7.0851,20.4882,58798.6680,124.0674,NA,NA,NA,NA,NA,NA,NA,NA,NA,NA
381.372,4.1392,12.8953,7.0863,20.5088,27447.9000,4.5973,NA,NA,NA,NA,NA,NA,NA,NA,NA,NA
381.462,4.1373,12.8423,7.0863,20.5090,29564.1580,12.6618,NA,NA,NA,NA,NA,NA,NA,NA,NA,NA
381.563,4.1489,13.1585,7.0870,20.5201,29564.1580,12.6618,NA,NA,NA,NA,NA,NA,NA,NA,NA,NA
381.662,4.1646,13.5874,7.0986,20.7174,23174.8400,-11.6863,NA,NA,NA,NA,NA,NA,NA,NA,NA,NA
381.775,4.1646,13.5874,7.1045,20.8177,25148.6940,-4.1644,NA,NA,NA,NA,NA,NA,NA,NA,NA,NA
381.852,4.1579,13.4041,7.1045,20.8177,47069.7680,79.3714,NA,NA,NA,NA,NA,NA,NA,NA,NA,NA
381.961,4.1364,12.8184,7.1055,20.8340,51647.6280,96.8166,NA,NA,NA,NA,NA,NA,NA,NA,NA,NA
382.059,4.1288,12.6115,7.1055,20.8340,55368.3640,110.9954,NA,NA,NA,NA,NA,NA,NA,NA,NA,NA
382.151,4.1288,12.6115,7.1077,20.8716,55368.3640,110.9954,NA,NA,NA,NA,NA,NA,NA,NA,NA,NA
382.242,4.1126,12.1688,7.1077,20.8716,25804.6480,-1.6648,NA,NA,NA,NA,NA,NA,NA,NA,NA,NA
382.386,4.1154,12.2441,7.1067,20.8545,27776.0300,5.8477,NA,NA,NA,NA,NA,NA,NA,NA,NA,NA
382.443,4.1247,12.4989,7.1067,20.8545,30097.7720,14.6953,NA,NA,NA,NA,NA,NA,NA,NA,NA,NA
382.542,4.1250,12.5058,7.1055,20.8343,30097.7720,14.6953,NA,NA,NA,NA,NA,NA,NA,NA,NA,NA
382.636,4.1419,12.9680,7.0981,20.7096,23494.4860,-10.4682,NA,NA,NA,NA,NA,NA,NA,NA,NA,NA
382.768,4.1419,12.9680,7.0950,20.6564,25570.0180,-2.5589,NA,NA,NA,NA,NA,NA,NA,NA,NA,NA
382.836,4.1127,12.1713,7.0905,20.5801,47885.5680,82.4803,NA,NA,NA,NA,NA,NA,NA,NA,NA,NA
382.981,4.1038,11.9278,7.0883,20.5429,52920.9840,101.6690,NA,NA,NA,NA,NA,NA,NA,NA,NA,NA
383.027,4.0990,11.7982,7.0877,20.5315,57345.4960,118.5297,NA,NA,NA,NA,NA,NA,NA,NA,NA,NA
383.125,4.0961,11.7185,7.0818,20.4324,57345.4960,118.5297,NA,NA,NA,NA,NA,NA,NA,NA,NA,NA
383.239,4.0849,11.4130,7.0798,20.3972,26705.0060,1.7663,NA,NA,NA,NA,NA,NA,NA,NA,NA,NA
383.335,4.0849,11.4130,7.0777,20.3615,26705.0060,1.7663,NA,NA,NA,NA,NA,NA,NA,NA,NA,NA
383.435,4.0810,11.3061,7.0829,20.4507,26358.7260,0.4467,NA,NA,NA,NA,NA,NA,NA,NA,NA,NA
383.538,4.0725,11.0762,7.0829,20.4507,48363.9760,84.3034,NA,NA,NA,NA,NA,NA,NA,NA,NA,NA
383.623,4.0725,11.0762,7.0781,20.3686,52710.2320,100.8659,NA,NA,NA,NA,NA,NA,NA,NA,NA,NA
383.743,4.0729,11.0866,7.0781,20.3686,56907.4920,116.8606,NA,NA,NA,NA,NA,NA,NA,NA,NA,NA
383.821,4.0729,11.0866,7.0719,20.2642,56907.4920,116.8606,NA,NA,NA,NA,NA,NA,NA,NA,NA,NA
383.928,4.0583,10.6886,7.0673,20.1854,26309.9740,0.2609,195862.7520,0.0000,NA,NA,NA,NA,NA,NA,NA,NA
384.019,4.0559,10.6216,7.0543,19.9647,52615.5920,100.5052,NA,NA,NA,NA,NA,NA,NA,NA,NA,NA
384.124,4.0591,10.7098,7.0456,19.8163,52615.5920,100.5052,NA,NA,NA,NA,NA,NA,NA,NA,NA,NA
384.225,4.0665,10.9126,7.0485,19.8647,27053.6340,3.0948,195018.4960,0.0000,NA,NA,NA,NA,NA,NA,NA,NA
384.315,4.0669,10.9219,7.0485,19.8647,55500.1120,111.4974,NA,NA,NA,NA,NA,NA,NA,NA,NA,NA
384.427,4.0669,10.9219,7.0557,19.9873,NA,NA,NA,NA,NA,NA,NA,NA,NA,NA,NA,NA
384.515,4.0552,10.6027,7.0557,19.9873,NA,NA,NA,NA,NA,NA,NA,NA,NA,NA,NA,NA
384.613,4.0537,10.5626,7.0501,19.8925,31137.9360,18.6591,NA,NA,NA,NA,NA,NA,NA,NA,NA,NA
384.716,4.0685,10.9649,7.0462,19.8255,31827.2760,21.2860,NA,NA,NA,NA,NA,NA,NA,NA,NA,NA
384.812,4.0740,11.1147,7.0414,19.7447,31827.2760,21.2860,NA,NA,NA,NA,NA,NA,NA,NA,NA,NA
384.911,4.0740,11.1147,7.0382,19.6900,23328.3780,-11.1012,NA,NA,NA,NA,NA,NA,NA,NA,NA,NA
385.015,4.0758,11.1660,7.0382,19.6900,25064.2120,-4.4864,NA,NA,NA,NA,NA,NA,NA,NA,NA,NA
385.112,4.0758,11.1660,7.0268,19.4961,45984.2240,75.2347,NA,NA,NA,NA,NA,NA,NA,NA,NA,NA
385.207,4.0689,10.9768,7.0205,19.3896,50168.2960,91.1792,NA,NA,NA,NA,NA,NA,NA,NA,NA,NA
385.307,4.0625,10.8025,7.0185,19.3550,54181.6920,106.4733,NA,NA,NA,NA,NA,NA,NA,NA,NA,NA
385.450,4.0506,10.4788,7.0130,19.2624,54181.6920,106.4733,NA,NA,NA,NA,NA,NA,NA,NA,NA,NA
385.499,4.0443,10.3063,7.0095,19.2028,24707.3120,-5.8464,NA,NA,NA,NA,NA,NA,NA,NA,NA,NA
385.597,4.0402,10.1931,6.9988,19.0208,27741.9760,5.7179,NA,NA,NA,NA,NA,NA,NA,NA,NA,NA
385.695,4.0412,10.2222,6.9900,18.8713,31763.0340,21.0412,NA,NA,NA,NA,NA,NA,NA,NA,NA,NA
385.794,4.0550,10.5970,6.9869,18.8171,31763.0340,21.0412,NA,NA,NA,NA,NA,NA,NA,NA,NA,NA
385.890,4.0635,10.8290,6.9715,18.5554,23765.6620,-9.4348,NA,NA,NA,NA,NA,NA,NA,NA,NA,NA
386.044,4.0635,10.8290,6.9697,18.5249,25512.8200,-2.7768,NA,NA,NA,NA,NA,NA,NA,NA,NA,NA
386.096,4.0496,10.4510,6.9696,18.5242,46916.0640,78.7857,NA,NA,NA,NA,NA,NA,NA,NA,NA,NA
386.191,4.0547,10.5897,6.9619,18.3933,46916.0640,78.7857,NA,NA,NA,NA,NA,NA,NA,NA,NA,NA
386.295,4.0547,10.5897,6.9573,18.3137,30303.1100,15.4778,197669.1360,0.0000,NA,NA,NA,NA,NA,NA,NA,NA
386.387,4.0543,10.5797,6.9571,18.3111,30303.1100,15.4778,NA,NA,NA,NA,NA,NA,NA,NA,NA,NA
386.491,4.0371,10.1094,6.9540,18.2587,25775.9380,-1.7742,NA,NA,NA,NA,NA,NA,NA,NA,NA,NA
386.651,4.0517,10.5063,6.9540,18.2587,28537.3720,8.7490,NA,NA,NA,NA,NA,NA,NA,NA,NA,NA
386.737,4.0584,10.6898,6.9462,18.1262,31551.0960,20.2336,NA,NA,NA,NA,NA,NA,NA,NA,NA,NA
386.786,4.0787,11.2451,6.9420,18.0536,31551.0960,20.2336,NA,NA,NA,NA,NA,NA,NA,NA,NA,NA
386.879,4.0821,11.3360,6.9376,17.9801,23147.4380,-11.7907,NA,NA,NA,NA,NA,NA,NA,NA,NA,NA
386.981,4.0821,11.3360,6.9351,17.9368,24765.8660,-5.6233,NA,NA,NA,NA,NA,NA,NA,NA,NA,NA
387.082,4.0660,10.8989,6.9278,17.8122,44374.6400,69.1010,NA,NA,NA,NA,NA,NA,NA,NA,NA,NA
387.173,4.0544,10.5811,6.9322,17.8873,50192.3960,91.2710,NA,NA,NA,NA,NA,NA,NA,NA,NA,NA
387.274,4.0544,10.5811,6.9381,17.9888,57677.0240,119.7931,NA,NA,NA,NA,NA,NA,NA,NA,NA,NA
387.369,4.0447,10.3166,6.9381,17.9888,57677.0240,119.7931,NA,NA,NA,NA,NA,NA,NA,NA,NA,NA
387.478,4.0386,10.1511,6.9283,17.8222,26714.5120,1.8025,198293.7120,0.0000,NA,NA,NA,NA,NA,NA,NA,NA
387.565,4.0256,9.7954,6.9266,17.7920,55615.3080,111.9364,NA,NA,NA,NA,NA,NA,NA,NA,NA,NA
387.675,4.0210,9.6710,6.9197,17.6751,NA,NA,NA,NA,NA,NA,NA,NA,NA,NA,NA,NA
387.771,4.0214,9.6816,6.9197,17.6751,NA,NA,NA,NA,NA,NA,NA,NA,NA,NA,NA,NA
387.885,4.0214,9.6816,6.9154,17.6011,30639.5880,16.7600,NA,NA,NA,NA,NA,NA,NA,NA,NA,NA
387.973,4.0306,9.9332,6.9170,17.6290,31483.0400,19.9742,NA,NA,NA,NA,NA,NA,NA,NA,NA,NA
388.064,4.0420,10.2428,6.9206,17.6910,31483.0400,19.9742,NA,NA,NA,NA,NA,NA,NA,NA,NA,NA
388.166,4.0474,10.3908,6.9206,17.6910,23198.4320,-11.5964,NA,NA,NA,NA,NA,NA,NA,NA,NA,NA
388.262,4.0474,10.3908,6.9237,17.7427,24578.2580,-6.3382,NA,NA,NA,NA,NA,NA,NA,NA,NA,NA
388.407,4.0388,10.1556,6.9237,17.7427,44058.6480,67.8968,NA,NA,NA,NA,NA,NA,NA,NA,NA,NA
388.456,4.0217,9.6901,6.9231,17.7330,46970.1920,78.9920,NA,NA,NA,NA,NA,NA,NA,NA,NA,NA
388.556,4.0217,9.6901,6.9231,17.7330,50639.0640,92.9732,NA,NA,NA,NA,NA,NA,NA,NA,NA,NA
388.650,4.0200,9.6431,6.9214,17.7048,50639.0640,92.9732,NA,NA,NA,NA,NA,NA,NA,NA,NA,NA
388.761,4.0200,9.6431,6.9149,17.5936,26421.3660,0.6854,NA,NA,NA,NA,NA,NA,NA,NA,NA,NA
388.855,4.0210,9.6711,6.9161,17.6134,26421.3660,0.6854,NA,NA,NA,NA,NA,NA,NA,NA,NA,NA
388.958,4.0210,9.6711,6.9161,17.6134,25202.6440,-3.9589,NA,NA,NA,NA,NA,NA,NA,NA,NA,NA
389.050,4.0053,9.2434,6.9152,17.5981,45670.8720,74.0406,NA,NA,NA,NA,NA,NA,NA,NA,NA,NA
389.156,4.0118,9.4198,6.9134,17.5677,51506.6400,96.2793,NA,NA,NA,NA,NA,NA,NA,NA,NA,NA
389.252,4.0118,9.4198,6.9113,17.5325,57806.5760,120.2868,NA,NA,NA,NA,NA,NA,NA,NA,NA,NA
389.347,4.0002,9.1026,6.9098,17.5075,57806.5760,120.2868,NA,NA,NA,NA,NA,NA,NA,NA,NA,NA
389.452,3.9977,9.0343,6.9072,17.4630,26861.4220,2.3623,NA,NA,NA,NA,NA,NA,NA,NA,NA,NA
389.548,3.9970,9.0154,6.9064,17.4483,29526.7760,12.5194,NA,NA,NA,NA,NA,NA,NA,NA,NA,NA
389.643,4.0176,9.5777,6.9051,17.4263,29526.7760,12.5194,NA,NA,NA,NA,NA,NA,NA,NA,NA,NA
389.736,4.0176,9.5777,6.9064,17.4482,21841.1400,-16.7687,NA,NA,NA,NA,NA,NA,NA,NA,NA,NA
389.847,4.0233,9.7334,6.9066,17.4526,23272.0180,-11.3160,NA,NA,NA,NA,NA,NA,NA,NA,NA,NA
389.933,4.0233,9.7334,6.9069,17.4572,25385.0880,-3.2636,NA,NA,NA,NA,NA,NA,NA,NA,NA,NA
390.037,4.0046,9.2236,6.9069,17.4572,46087.9600,75.6300,NA,NA,NA,NA,NA,NA,NA,NA,NA,NA
390.181,3.9908,8.8470,6.9064,17.4481,52230.4280,99.0375,NA,NA,NA,NA,NA,NA,NA,NA,NA,NA
390.227,3.9836,8.6512,6.9009,17.3560,58557.6280,123.1489,NA,NA,NA,NA,NA,NA,NA,NA,NA,NA
390.326,3.9770,8.4707,6.8990,17.3223,58557.6280,123.1489,NA,NA,NA,NA,NA,NA,NA,NA,NA,NA
390.426,3.9709,8.3050,6.8979,17.3035,27579.6100,5.0992,NA,NA,NA,NA,NA,NA,NA,NA,NA,NA
390.522,3.9751,8.4177,6.8910,17.1878,30254.7640,15.2936,NA,NA,NA,NA,NA,NA,NA,NA,NA,NA
390.625,3.9847,8.6790,6.8886,17.1459,30254.7640,15.2936,NA,NA,NA,NA,NA,NA,NA,NA,NA,NA
390.721,3.9847,8.6790,6.8859,17.1001,22260.3440,-15.1712,NA,NA,NA,NA,NA,NA,NA,NA,NA,NA
390.815,3.9890,8.7966,6.8799,16.9975,23699.2100,-9.6881,NA,NA,NA,NA,NA,NA,NA,NA,NA,NA
390.915,3.9890,8.7966,6.8760,16.9322,41976.9800,59.9641,NA,NA,NA,NA,NA,NA,NA,NA,NA,NA
391.014,3.9810,8.5791,6.8745,16.9068,46702.4480,77.9717,NA,NA,NA,NA,NA,NA,NA,NA,NA,NA
391.110,3.9810,8.5791,6.8724,16.8705,52967.4160,101.8459,NA,NA,NA,NA,NA,NA,NA,NA,NA,NA
391.232,3.9578,7.9468,6.8718,16.8600,59845.0920,128.0551,NA,NA,NA,NA,NA,NA,NA,NA,NA,NA
391.313,3.9507,7.7526,6.8706,16.8404,59845.0920,128.0551,NA,NA,NA,NA,NA,NA,NA,NA,NA,NA
391.404,3.9352,7.3310,6.8666,16.7713,28269.9700,7.7300,NA,NA,NA,NA,NA,NA,NA,NA,NA,NA
391.506,3.9486,7.6963,6.8647,16.7405,30990.0920,18.0957,NA,NA,NA,NA,NA,NA,NA,NA,NA,NA
391.608,3.9522,7.7940,6.8616,16.6879,30990.0920,18.0957,NA,NA,NA,NA,NA,NA,NA,NA,NA,NA
391.697,3.9527,7.8069,6.8577,16.6215,22732.7900,-13.3709,NA,NA,NA,NA,NA,NA,NA,NA,NA,NA
391.795,3.9640,8.1149,6.8528,16.5366,24093.4720,-8.1856,NA,NA,NA,NA,NA,NA,NA,NA,NA,NA
391.896,3.9640,8.1149,6.8495,16.4807,42725.6200,62.8170,NA,NA,NA,NA,NA,NA,NA,NA,NA,NA
392.008,3.9523,7.7975,6.8495,16.4807,47349.0560,80.4357,NA,NA,NA,NA,NA,NA,NA,NA,NA,NA
392.096,3.9321,7.2468,6.8490,16.4731,47349.0560,80.4357,NA,NA,NA,NA,NA,NA,NA,NA,NA,NA
392.201,3.9366,7.3672,6.8486,16.4667,30727.1120,17.0936,NA,NA,NA,NA,NA,NA,NA,NA,NA,NA
392.295,3.9417,7.5070,6.8498,16.4860,30727.1120,17.0936,NA,NA,NA,NA,NA,NA,NA,NA,NA,NA
392.414,3.9443,7.5796,6.8498,16.4860,23574.1520,-10.1646,NA,NA,NA,NA,NA,NA,NA,NA,NA,NA
392.492,3.9443,7.5796,6.8474,16.4450,25678.1460,-2.1468,NA,NA,NA,NA,NA,NA,NA,NA,NA,NA
392.603,3.9301,7.1906,6.8439,16.3858,48305.1480,84.0792,NA,NA,NA,NA,NA,NA,NA,NA,NA,NA
392.704,3.9215,6.9565,6.8441,16.3899,53227.6720,102.8377,NA,NA,NA,NA,NA,NA,NA,NA,NA,NA
392.793,3.9215,6.9565,6.8441,16.3899,57583.3000,119.4360,NA,NA,NA,NA,NA,NA,NA,NA,NA,NA
392.884,3.9175,6.8469,6.8415,16.3459,57583.3000,119.4360,NA,NA,NA,NA,NA,NA,NA,NA,NA,NA
392.981,3.8989,6.3411,6.8353,16.2405,26691.7180,1.7156,NA,NA,NA,NA,NA,NA,NA,NA,NA,NA
393.086,3.9013,6.4057,6.8321,16.1861,28653.8100,9.1927,NA,NA,NA,NA,NA,NA,NA,NA,NA,NA
393.182,3.9201,6.9190,6.8321,16.1861,28653.8100,9.1927,NA,NA,NA,NA,NA,NA,NA,NA,NA,NA
393.274,3.9313,7.2242,6.8272,16.1025,21819.0400,-16.8529,NA,NA,NA,NA,NA,NA,NA,NA,NA,NA
393.370,3.9344,7.3072,6.8243,16.0527,23668.7840,-9.8040,NA,NA,NA,NA,NA,NA,NA,NA,NA,NA
393.472,3.9344,7.3072,6.8208,15.9939,26069.3920,-0.6559,NA,NA,NA,NA,NA,NA,NA,NA,NA,NA
393.567,3.9203,6.9237,6.8187,15.9581,49164.7400,87.3549,NA,NA,NA,NA,NA,NA,NA,NA,NA,NA
393.669,3.9129,6.7230,6.8180,15.9456,54641.3120,108.2248,NA,NA,NA,NA,NA,NA,NA,NA,NA,NA
393.798,3.9129,6.7230,6.8159,15.9105,59155.0680,125.4256,NA,NA,NA,NA,NA,NA,NA,NA,NA,NA
393.865,3.8976,6.3058,6.8142,15.8804,59155.0680,125.4256,NA,NA,NA,NA,NA,NA,NA,NA,NA,NA
393.959,3.8946,6.2234,6.8141,15.8795,27444.8300,4.5856,NA,NA,NA,NA,NA,NA,NA,NA,NA,NA
394.065,3.9026,6.4411,6.8124,15.8504,29471.9380,12.3104,NA,NA,NA,NA,NA,NA,NA,NA,NA,NA
394.162,3.9026,6.4411,6.8078,15.7722,29471.9380,12.3104,NA,NA,NA,NA,NA,NA,NA,NA,NA,NA
394.253,3.9154,6.7888,6.8067,15.7537,22146.5540,-15.6049,NA,NA,NA,NA,NA,NA,NA,NA,NA,NA
394.408,3.9195,6.9012,6.8049,15.7222,24084.1360,-8.2212,NA,NA,NA,NA,NA,NA,NA,NA,NA,NA
394.456,3.9195,6.9012,6.8059,15.7406,44056.3800,67.8882,NA,NA,NA,NA,NA,NA,NA,NA,NA,NA
394.546,3.9039,6.4762,6.8059,15.7406,49981.4320,90.4671,NA,NA,NA,NA,NA,NA,NA,NA,NA,NA
394.651,3.8891,6.0741,6.8020,15.6740,55494.2320,111.4750,NA,NA,NA,NA,NA,NA,NA,NA,NA,NA
394.742,3.8891,6.0741,6.8018,15.6696,60288.4080,129.7445,NA,NA,NA,NA,NA,NA,NA,NA,NA,NA
394.861,3.8890,6.0695,6.7898,15.4668,60288.4080,129.7445,NA,NA,NA,NA,NA,NA,NA,NA,NA,NA
394.965,3.8890,6.0695,6.7820,15.3331,28268.1840,7.7232,NA,NA,NA,NA,NA,NA,NA,NA,NA,NA
395.036,3.8953,6.2427,6.7770,15.2481,30279.1040,15.3863,NA,NA,NA,NA,NA,NA,NA,NA,NA,NA
395.146,3.8953,6.2427,6.7752,15.2180,30279.1040,15.3863,NA,NA,NA,NA,NA,NA,NA,NA,NA,NA
395.249,3.8951,6.2366,6.7733,15.1851,50881.2120,93.8959,NA,NA,NA,NA,NA,NA,NA,NA,NA,NA
395.346,3.8831,5.9084,6.7695,15.1212,55179.6960,110.2764,NA,NA,NA,NA,NA,NA,NA,NA,NA,NA
395.437,3.8805,5.8374,6.7658,15.0575,55179.6960,110.2764,NA,NA,NA,NA,NA,NA,NA,NA,NA,NA
395.575,3.8805,5.8374,6.7661,15.0637,24981.8700,-4.8002,NA,NA,NA,NA,NA,NA,NA,NA,NA,NA
395.637,3.8798,5.8193,6.7677,15.0910,27170.0340,3.5384,NA,NA,NA,NA,NA,NA,NA,NA,NA,NA
395.734,3.8983,6.3236,6.7677,15.0910,30618.0440,16.6779,NA,NA,NA,NA,NA,NA,NA,NA,NA,NA
395.832,3.9085,6.6018,6.7686,15.1049,30618.0440,16.6779,NA,NA,NA,NA,NA,NA,NA,NA,NA,NA
395.937,3.9122,6.7020,6.7686,15.1049,24027.3300,-8.4377,NA,NA,NA,NA,NA,NA,NA,NA,NA,NA
396.028,3.9122,6.7020,6.7663,15.0657,25650.2880,-2.2530,NA,NA,NA,NA,NA,NA,NA,NA,NA,NA
396.128,3.8855,5.9745,6.7602,14.9634,48276.9400,83.9717,NA,NA,NA,NA,NA,NA,NA,NA,NA,NA
396.224,3.9004,6.3819,6.7573,14.9134,51538.1440,96.3993,NA,NA,NA,NA,NA,NA,NA,NA,NA,NA
396.321,3.9004,6.3819,6.7573,14.9134,56304.4800,114.5627,NA,NA,NA,NA,NA,NA,NA,NA,NA,NA
396.415,3.8768,5.7375,6.7559,14.8890,56304.4800,114.5627,NA,NA,NA,NA,NA,NA,NA,NA,NA,NA
396.520,3.8738,5.6549,6.7504,14.7966,25660.9620,-2.2123,NA,NA,NA,NA,NA,NA,NA,NA,NA,NA
396.618,3.8787,5.7887,6.7476,14.7489,27826.6020,6.0404,NA,NA,NA,NA,NA,NA,NA,NA,NA,NA
396.712,3.9081,6.5910,6.7436,14.6801,27826.6020,6.0404,NA,NA,NA,NA,NA,NA,NA,NA,NA,NA
396.855,3.9169,6.8299,6.7412,14.6392,22358.2320,-14.7982,NA,NA,NA,NA,NA,NA,NA,NA,NA,NA
396.915,3.9169,6.8299,6.7312,14.4698,24158.6440,-7.9373,NA,NA,NA,NA,NA,NA,NA,NA,NA,NA
397.005,3.8986,6.3312,6.7274,14.4048,26003.6420,-0.9064,NA,NA,NA,NA,NA,NA,NA,NA,NA,NA
397.104,3.8792,5.8033,6.7207,14.2916,49369.4320,88.1349,NA,NA,NA,NA,NA,NA,NA,NA,NA,NA
397.203,3.8792,5.8033,6.7172,14.2322,52750.5840,101.0197,NA,NA,NA,NA,NA,NA,NA,NA,NA,NA
397.299,3.8780,5.7705,6.7078,14.0722,57338.9080,118.5046,NA,NA,NA,NA,NA,NA,NA,NA,NA,NA
397.401,3.8780,5.7705,6.7030,13.9897,57338.9080,118.5046,NA,NA,NA,NA,NA,NA,NA,NA,NA,NA
397.501,3.8674,5.4806,6.7030,13.9897,26397.2180,0.5934,NA,NA,NA,NA,NA,NA,NA,NA,NA,NA
397.602,3.8628,5.3553,6.6999,13.9370,28497.7860,8.5981,NA,NA,NA,NA,NA,NA,NA,NA,NA,NA
397.692,3.8922,6.1565,6.7030,13.9904,28497.7860,8.5981,NA,NA,NA,NA,NA,NA,NA,NA,NA,NA
397.805,3.8922,6.1565,6.7030,13.9904,22755.1460,-13.2857,NA,NA,NA,NA,NA,NA,NA,NA,NA,NA
397.934,3.8909,6.1231,6.7003,13.9445,52631.5920,100.5662,NA,NA,NA,NA,NA,NA,NA,NA,NA,NA
397.996,3.8818,5.8739,6.7003,13.9445,55708.6880,112.2923,NA,NA,NA,NA,NA,NA,NA,NA,NA,NA
398.100,3.8715,5.5940,6.6985,13.9140,55708.6880,112.2923,NA,NA,NA,NA,NA,NA,NA,NA,NA,NA
398.195,3.8626,5.3505,6.6985,13.9140,28451.6800,8.4224,NA,NA,NA,NA,NA,NA,NA,NA,NA,NA
398.291,3.8825,5.8924,6.6940,13.8369,31766.1520,21.0531,NA,NA,NA,NA,NA,NA,NA,NA,NA,NA
398.387,3.8839,5.9306,6.6913,13.7910,31766.1520,21.0531,NA,NA,NA,NA,NA,NA,NA,NA,NA,NA
398.483,3.8867,6.0069,6.6904,13.7763,23433.0800,-10.7022,NA,NA,NA,NA,NA,NA,NA,NA,NA,NA
398.626,3.8867,6.0069,6.6892,13.7560,25030.7520,-4.6139,NA,NA,NA,NA,NA,NA,NA,NA,NA,NA
398.680,3.8858,5.9826,6.6877,13.7301,46091.6520,75.6441,NA,NA,NA,NA,NA,NA,NA,NA,NA,NA
398.777,3.8745,5.6753,6.6828,13.6465,49833.7000,89.9041,NA,NA,NA,NA,NA,NA,NA,NA,NA,NA
398.876,3.8633,5.3681,6.6732,13.4829,53360.7360,103.3448,NA,NA,NA,NA,NA,NA,NA,NA,NA,NA
398.974,3.8633,5.3681,6.6669,13.3753,53360.7360,103.3448,NA,NA,NA,NA,NA,NA,NA,NA,NA,NA
399.075,3.8598,5.2726,6.6638,13.3232,25377.7660,-3.2915,NA,NA,NA,NA,NA,NA,NA,NA,NA,NA
399.205,3.8598,5.2740,6.6571,13.2094,28640.0460,9.1403,NA,NA,NA,NA,NA,NA,NA,NA,NA,NA
399.278,3.8746,5.6774,6.6496,13.0815,32015.2680,22.0024,NA,NA,NA,NA,NA,NA,NA,NA,NA,NA
399.371,3.8835,5.9192,6.6368,12.8644,32015.2680,22.0024,NA,NA,NA,NA,NA,NA,NA,NA,NA,NA
399.463,3.9107,6.6615,6.6078,12.3708,23751.6760,-9.4881,NA,NA,NA,NA,NA,NA,NA,NA,NA,NA
399.564,3.9107,6.6615,6.5947,12.1490,25399.3860,-3.2091,NA,NA,NA,NA,NA,NA,NA,NA,NA,NA
399.661,3.8938,6.2020,6.5726,11.7732,46883.2000,78.6605,NA,NA,NA,NA,NA,NA,NA,NA,NA,NA
399.831,3.9334,7.2823,6.5901,12.0695,50906.4720,93.9922,NA,NA,NA,NA,NA,NA,NA,NA,NA,NA
399.873,3.9860,8.7169,6.6880,13.7341,54937.1640,109.3522,NA,NA,NA,NA,NA,NA,NA,NA,NA,NA
399.952,4.0337,10.0156,6.7634,15.0178,54937.1640,109.3522,NA,NA,NA,NA,NA,NA,NA,NA,NA,NA
400.049,4.0858,11.4374,6.8223,16.0182,26088.0440,-0.5848,197989.4720,0.0000,NA,NA,NA,NA,NA,NA,NA,NA
400.150,4.1021,11.8809,6.8772,16.9526,52908.3200,101.6207,NA,NA,NA,NA,NA,NA,NA,NA,NA,NA
400.245,4.1235,12.4665,6.9101,17.5121,52908.3200,101.6207,NA,NA,NA,NA,NA,NA,NA,NA,NA,NA
400.354,4.1329,12.7231,6.9205,17.6881,26028.2220,-0.8128,NA,NA,NA,NA,NA,NA,NA,NA,NA,NA
400.456,4.1464,13.0898,6.9256,17.7751,26028.2220,-0.8128,NA,NA,NA,NA,NA,NA,NA,NA,NA,NA
400.555,4.1464,13.0898,6.9272,17.8019,25499.0640,-2.8293,NA,NA,NA,NA,NA,NA,NA,NA,NA,NA
400.646,4.1244,12.4900,6.9272,17.8019,46780.8640,78.2705,NA,NA,NA,NA,NA,NA,NA,NA,NA,NA
400.745,4.1274,12.5712,6.9245,17.7572,51710.9080,97.0577,NA,NA,NA,NA,NA,NA,NA,NA,NA,NA
400.885,4.1274,12.5712,6.9216,17.7070,56930.2360,116.9473,NA,NA,NA,NA,NA,NA,NA,NA,NA,NA
401.056,4.0838,11.3837,6.9210,17.6967,56930.2360,116.9473,NA,NA,NA,NA,NA,NA,NA,NA,NA,NA
401.141,4.0942,11.6656,6.9428,18.0675,29153.0440,11.0952,NA,NA,NA,NA,NA,NA,NA,NA,NA,NA
401.236,4.1628,13.5387,6.9725,18.5738,29153.0440,11.0952,NA,NA,NA,NA,NA,NA,NA,NA,NA,NA
401.332,4.2197,15.0898,7.0439,19.7872,21893.6920,-16.5685,NA,NA,NA,NA,NA,NA,NA,NA,NA,NA
401.432,4.2470,15.8337,7.1200,21.0811,23547.3300,-10.2668,NA,NA,NA,NA,NA,NA,NA,NA,NA,NA
401.594,4.2942,17.1224,7.2001,22.4439,25750.7180,-1.8703,NA,NA,NA,NA,NA,NA,NA,NA,NA,NA
401.640,4.3241,17.9381,7.2349,23.0352,47819.5640,82.2287,NA,NA,NA,NA,NA,NA,NA,NA,NA,NA
401.737,4.3375,18.3029,7.2517,23.3209,52894.6040,101.5685,NA,NA,NA,NA,NA,NA,NA,NA,NA,NA
401.827,4.3520,18.6992,7.2602,23.4654,58372.9080,122.4450,NA,NA,NA,NA,NA,NA,NA,NA,NA,NA
401.927,4.3534,18.7377,7.2637,23.5255,58372.9080,122.4450,NA,NA,NA,NA,NA,NA,NA,NA,NA,NA
402.021,4.3637,19.0180,7.2657,23.5589,27464.9240,4.6621,NA,NA,NA,NA,NA,NA,NA,NA,NA,NA
402.126,4.3637,19.0180,7.2657,23.5589,29922.8880,14.0289,NA,NA,NA,NA,NA,NA,NA,NA,NA,NA
402.222,4.3758,19.3474,7.2562,23.3984,29922.8880,14.0289,NA,NA,NA,NA,NA,NA,NA,NA,NA,NA
402.319,4.3795,19.4483,7.2486,23.2687,22314.0600,-14.9665,NA,NA,NA,NA,NA,NA,NA,NA,NA,NA
402.418,4.3795,19.4483,7.2399,23.1198,24061.1520,-8.3088,NA,NA,NA,NA,NA,NA,NA,NA,NA,NA
402.520,4.3686,19.1498,7.2345,23.0283,43604.3760,66.1657,NA,NA,NA,NA,NA,NA,NA,NA,NA,NA
402.609,4.3315,18.1383,7.2753,23.7232,48719.4400,85.6579,NA,NA,NA,NA,NA,NA,NA,NA,NA,NA
402.746,4.3404,18.3807,7.2926,24.0171,53903.2640,105.4122,NA,NA,NA,NA,NA,NA,NA,NA,NA,NA
402.804,4.3792,19.4395,7.4162,26.1181,59321.6280,126.0603,NA,NA,NA,NA,NA,NA,NA,NA,NA,NA
402.911,4.3934,19.8261,7.4162,26.1181,59321.6280,126.0603,NA,NA,NA,NA,NA,NA,NA,NA,NA,NA
403.001,4.3934,19.8261,7.4067,25.9572,28153.1360,7.2848,NA,NA,NA,NA,NA,NA,NA,NA,NA,NA
403.098,4.4568,21.5563,7.4273,26.3071,30612.7500,16.6577,NA,NA,NA,NA,NA,NA,NA,NA,NA,NA
403.213,4.4925,22.5304,7.4352,26.4418,30612.7500,16.6577,NA,NA,NA,NA,NA,NA,NA,NA,NA,NA
403.304,4.4931,22.5467,7.4352,26.4418,50522.6800,92.5297,NA,NA,NA,NA,NA,NA,NA,NA,NA,NA
403.400,4.4931,22.5467,7.4325,26.3957,55077.2080,109.8859,NA,NA,NA,NA,NA,NA,NA,NA,NA,NA
403.497,4.4762,22.0852,7.4269,26.3000,55077.2080,109.8859,NA,NA,NA,NA,NA,NA,NA,NA,NA,NA
403.595,4.4722,21.9753,7.4233,26.2399,25427.9780,-3.1002,NA,NA,NA,NA,NA,NA,NA,NA,NA,NA
403.697,4.4406,21.1147,7.4160,26.1152,27641.0640,5.3334,NA,NA,NA,NA,NA,NA,NA,NA,NA,NA
403.792,4.4586,21.6067,7.4079,25.9780,30804.0420,17.3867,NA,NA,NA,NA,NA,NA,NA,NA,NA,NA
403.898,4.4586,21.6067,7.4046,25.9216,30804.0420,17.3867,NA,NA,NA,NA,NA,NA,NA,NA,NA,NA
403.997,4.4460,21.2631,7.4461,26.6267,23821.4840,-9.2221,NA,NA,NA,NA,NA,NA,NA,NA,NA,NA
404.085,4.4460,21.2631,7.4461,26.6267,25479.0600,-2.9055,NA,NA,NA,NA,NA,NA,NA,NA,NA,NA
404.190,4.4241,20.6645,7.4829,27.2531,47436.6720,80.7696,NA,NA,NA,NA,NA,NA,NA,NA,NA,NA
404.284,4.4484,21.3265,7.5130,27.7640,51283.9560,95.4307,NA,NA,NA,NA,NA,NA,NA,NA,NA,NA
404.379,4.5023,22.7973,7.5570,28.5126,55877.4280,112.9353,NA,NA,NA,NA,NA,NA,NA,NA,NA,NA
404.479,4.5351,23.6922,7.5786,28.8807,55877.4280,112.9353,NA,NA,NA,NA,NA,NA,NA,NA,NA,NA
404.604,4.5440,23.9342,7.5883,29.0444,26049.8320,-0.7304,NA,NA,NA,NA,NA,NA,NA,NA,NA,NA
404.679,4.5440,23.9342,7.5883,29.0444,28323.6820,7.9347,NA,NA,NA,NA,NA,NA,NA,NA,NA,NA
404.780,4.5956,25.3430,7.5879,29.0382,28323.6820,7.9347,NA,NA,NA,NA,NA,NA,NA,NA,NA,NA
404.871,4.5956,25.3430,7.5833,28.9606,22249.0700,-15.2142,NA,NA,NA,NA,NA,NA,NA,NA,NA,NA
404.986,4.5783,24.8715,7.5777,28.8645,23972.1400,-8.6480,NA,NA,NA,NA,NA,NA,NA,NA,NA,NA
405.066,4.5783,24.8715,7.5665,28.6744,25817.1420,-1.6171,NA,NA,NA,NA,NA,NA,NA,NA,NA,NA
405.195,4.5675,24.5762,7.5599,28.5628,48512.4000,84.8690,NA,NA,NA,NA,NA,NA,NA,NA,NA,NA
405.263,4.5533,24.1889,7.5609,28.5785,52293.1280,99.2764,NA,NA,NA,NA,NA,NA,NA,NA,NA,NA
405.367,4.5288,23.5193,7.6045,29.3210,57257.5800,118.1947,NA,NA,NA,NA,NA,NA,NA,NA,NA,NA
405.458,4.5175,23.2113,7.6453,30.0147,57257.5800,118.1947,NA,NA,NA,NA,NA,NA,NA,NA,NA,NA
405.559,4.5143,23.1244,7.6639,30.3300,26461.7920,0.8395,NA,NA,NA,NA,NA,NA,NA,NA,NA,NA
405.657,4.5126,23.0783,7.6639,30.3300,28540.4120,8.7606,NA,NA,NA,NA,NA,NA,NA,NA,NA,NA
405.754,4.5054,22.8817,7.6572,30.2174,28540.4120,8.7606,NA,NA,NA,NA,NA,NA,NA,NA,NA,NA
405.859,4.5054,22.8817,7.6380,29.8899,22965.8300,-12.4828,NA,NA,NA,NA,NA,NA,NA,NA,NA,NA
405.957,4.4792,22.1687,7.7028,30.9930,51569.0480,96.5171,NA,NA,NA,NA,NA,NA,NA,NA,NA,NA
406.057,4.4660,21.8066,7.7028,30.9930,54689.6320,108.4089,NA,NA,NA,NA,NA,NA,NA,NA,NA,NA
406.158,4.4190,20.5266,7.6490,30.0767,54689.6320,108.4089,NA,NA,NA,NA,NA,NA,NA,NA,NA,NA
406.252,4.4006,20.0242,7.6134,29.4723,28819.7320,9.8250,NA,NA,NA,NA,NA,NA,NA,NA,NA,NA
406.419,4.3934,19.8278,7.5933,29.1304,32146.0600,22.5008,NA,NA,NA,NA,NA,NA,NA,NA,NA,NA
406.444,4.3911,19.7642,7.5717,28.7629,32146.0600,22.5008,NA,NA,NA,NA,NA,NA,NA,NA,NA,NA
406.548,4.3853,19.6063,7.5597,28.5590,23423.2600,-10.7397,NA,NA,NA,NA,NA,NA,NA,NA,NA,NA
406.658,4.3806,19.4776,7.5518,28.4241,25052.8240,-4.5298,NA,NA,NA,NA,NA,NA,NA,NA,NA,NA
406.741,4.3806,19.4776,7.5324,28.0950,45778.8680,74.4521,NA,NA,NA,NA,NA,NA,NA,NA,NA,NA
406.847,4.3482,18.5953,7.5214,27.9073,49212.6520,87.5375,NA,NA,NA,NA,NA,NA,NA,NA,NA,NA
406.975,4.3324,18.1626,7.5111,27.7316,52095.4800,98.5232,NA,NA,NA,NA,NA,NA,NA,NA,NA,NA
407.035,4.3148,17.6849,7.5049,27.6274,52095.4800,98.5232,NA,NA,NA,NA,NA,NA,NA,NA,NA,NA
407.142,4.3082,17.5039,7.5009,27.5586,25832.8340,-1.5573,NA,NA,NA,NA,NA,NA,NA,NA,NA,NA
407.230,4.2965,17.1834,7.4886,27.3504,29259.4360,11.5006,NA,NA,NA,NA,NA,NA,NA,NA,NA,NA
407.335,4.3039,17.3849,7.4810,27.2201,32846.2440,25.1691,NA,NA,NA,NA,NA,NA,NA,NA,NA,NA
407.423,4.3129,17.6311,7.4742,27.1053,32846.2440,25.1691,NA,NA,NA,NA,NA,NA,NA,NA,NA,NA
407.530,4.3156,17.7046,7.4670,26.9826,23869.8660,-9.0377,NA,NA,NA,NA,NA,NA,NA,NA,NA,NA
407.622,4.3156,17.7046,7.4575,26.8214,25497.3420,-2.8358,NA,NA,NA,NA,NA,NA,NA,NA,NA,NA
407.716,4.3145,17.6764,7.4554,26.7858,46734.1120,78.0923,NA,NA,NA,NA,NA,NA,NA,NA,NA,NA
407.815,4.2985,17.2396,7.4338,26.4173,49894.9000,90.1373,NA,NA,NA,NA,NA,NA,NA,NA,NA,NA
407.917,4.2685,16.4211,7.4210,26.2005,53005.8320,101.9923,NA,NA,NA,NA,NA,NA,NA,NA,NA,NA
408.023,4.2685,16.4211,7.4107,26.0243,53005.8320,101.9923,NA,NA,NA,NA,NA,NA,NA,NA,NA,NA
408.112,4.2534,16.0098,7.4018,25.8736,26734.1020,1.8772,196823.9200,0.0000,NA,NA,NA,NA,NA,NA,NA,NA
408.223,4.2427,15.7159,7.3859,25.6038,53475.4200,103.7818,NA,NA,NA,NA,NA,NA,NA,NA,NA,NA
408.316,4.2427,15.7159,7.3754,25.4247,53475.4200,103.7818,NA,NA,NA,NA,NA,NA,NA,NA,NA,NA
408.423,4.2407,15.6629,7.3686,25.3091,26311.0320,0.2649,NA,NA,NA,NA,NA,NA,NA,NA,NA,NA
408.514,4.2690,16.4346,7.3542,25.0635,26311.0320,0.2649,NA,NA,NA,NA,NA,NA,NA,NA,NA,NA
408.621,4.2690,16.4346,7.3455,24.9159,25961.8900,-1.0655,NA,NA,NA,NA,NA,NA,NA,NA,NA,NA
408.713,4.2304,15.3829,7.3358,24.7504,48564.8760,85.0689,NA,NA,NA,NA,NA,NA,NA,NA,NA,NA
408.846,4.2202,15.1030,7.3285,24.6275,54159.9520,106.3904,NA,NA,NA,NA,NA,NA,NA,NA,NA,NA
408.908,4.2090,14.7980,7.3237,24.5450,58285.3400,122.1113,NA,NA,NA,NA,NA,NA,NA,NA,NA,NA
409.012,4.2090,14.7980,7.3206,24.4928,58285.3400,122.1113,NA,NA,NA,NA,NA,NA,NA,NA,NA,NA
409.100,4.2079,14.7689,7.3133,24.3689,26625.6460,1.4639,NA,NA,NA,NA,NA,NA,NA,NA,NA,NA
409.212,4.2042,14.6669,7.3043,24.2161,28511.1500,8.6491,NA,NA,NA,NA,NA,NA,NA,NA,NA,NA
409.301,4.2075,14.7571,7.2984,24.1157,28511.1500,8.6491,NA,NA,NA,NA,NA,NA,NA,NA,NA,NA
409.419,4.2291,15.3471,7.2888,23.9527,21764.0940,-17.0623,NA,NA,NA,NA,NA,NA,NA,NA,NA,NA
409.493,4.2319,15.4217,7.2828,23.8502,23796.4940,-9.3173,NA,NA,NA,NA,NA,NA,NA,NA,NA,NA
409.594,4.2319,15.4217,7.2789,23.7834,26260.8440,0.0737,NA,NA,NA,NA,NA,NA,NA,NA,NA,NA
409.693,4.2249,15.2305,7.2700,23.6326,49994.6320,90.5174,NA,NA,NA,NA,NA,NA,NA,NA,NA,NA
409.787,4.2137,14.9262,7.2651,23.5489,55142.7760,110.1357,NA,NA,NA,NA,NA,NA,NA,NA,NA,NA
409.892,4.2137,14.9262,7.2586,23.4380,58937.8400,124.5978,NA,NA,NA,NA,NA,NA,NA,NA,NA,NA
410.040,4.1884,14.2356,7.2499,23.2907,58937.8400,124.5978,NA,NA,NA,NA,NA,NA,NA,NA,NA,NA
410.085,4.1846,14.1319,7.2418,23.1525,27213.9320,3.7057,NA,NA,NA,NA,NA,NA,NA,NA,NA,NA
410.185,4.1861,14.1737,7.2275,22.9099,29057.4920,10.7310,NA,NA,NA,NA,NA,NA,NA,NA,NA,NA
410.281,4.1955,14.4290,7.2100,22.6113,29057.4920,10.7310,NA,NA,NA,NA,NA,NA,NA,NA,NA,NA
410.375,4.2274,15.3007,7.2047,22.5212,22232.4680,-15.2775,NA,NA,NA,NA,NA,NA,NA,NA,NA,NA
410.475,4.2274,15.3007,7.1899,22.2698,24373.3240,-7.1192,NA,NA,NA,NA,NA,NA,NA,NA,NA,NA
410.604,4.2217,15.1431,7.1811,22.1208,45412.4560,73.0558,NA,NA,NA,NA,NA,NA,NA,NA,NA,NA
410.677,4.1834,14.1007,7.1751,22.0187,50948.7760,94.1534,NA,NA,NA,NA,NA,NA,NA,NA,NA,NA
410.767,4.1713,13.7706,7.1651,21.8484,56074.8200,113.6875,NA,NA,NA,NA,NA,NA,NA,NA,NA,NA
410.876,4.1689,13.7035,7.1589,21.7437,59624.1040,127.2130,NA,NA,NA,NA,NA,NA,NA,NA,NA,NA
410.965,4.1570,13.3799,7.1553,21.6809,59624.1040,127.2130,NA,NA,NA,NA,NA,NA,NA,NA,NA,NA
411.062,4.1570,13.3799,7.1484,21.5642,27858.1280,6.1606,NA,NA,NA,NA,NA,NA,NA,NA,NA,NA
411.191,4.1681,13.6811,7.1398,21.4188,29613.4140,12.8495,NA,NA,NA,NA,NA,NA,NA,NA,NA,NA
411.266,4.1713,13.7698,7.1345,21.3271,29613.4140,12.8495,NA,NA,NA,NA,NA,NA,NA,NA,NA,NA
411.363,4.1739,13.8405,7.1274,21.2070,22730.3900,-13.3800,NA,NA,NA,NA,NA,NA,NA,NA,NA,NA
411.460,4.1751,13.8721,7.1259,21.1820,24918.2240,-5.0427,NA,NA,NA,NA,NA,NA,NA,NA,NA,NA
411.567,4.1751,13.8721,7.1179,21.0463,46755.4840,78.1738,NA,NA,NA,NA,NA,NA,NA,NA,NA,NA
411.655,4.1709,13.7582,7.1157,21.0081,46755.4840,78.1738,NA,NA,NA,NA,NA,NA,NA,NA,NA,NA
411.765,4.1687,13.6983,7.0993,20.7300,27928.6340,6.4292,NA,NA,NA,NA,NA,NA,NA,NA,NA,NA
411.854,4.1755,13.8833,7.0940,20.6390,32026.6860,22.0459,NA,NA,NA,NA,NA,NA,NA,NA,NA,NA
411.953,4.1755,13.8833,7.0903,20.5759,32026.6860,22.0459,NA,NA,NA,NA,NA,NA,NA,NA,NA,NA
412.051,4.1749,13.8685,7.0801,20.4036,23956.7860,-8.7065,NA,NA,NA,NA,NA,NA,NA,NA,NA,NA
412.155,4.1726,13.8060,7.0745,20.3075,25675.6480,-2.1563,NA,NA,NA,NA,NA,NA,NA,NA,NA,NA
412.247,4.1512,13.2203,7.0680,20.1974,47285.4760,80.1935,NA,NA,NA,NA,NA,NA,NA,NA,NA,NA
412.375,4.1460,13.0786,7.0611,20.0789,51720.9400,97.0959,NA,NA,NA,NA,NA,NA,NA,NA,NA,NA
412.444,4.1401,12.9184,7.0582,20.0309,55637.8080,112.0222,NA,NA,NA,NA,NA,NA,NA,NA,NA,NA
412.539,4.1302,12.6491,7.0471,19.8408,55637.8080,112.0222,NA,NA,NA,NA,NA,NA,NA,NA,NA,NA
412.640,4.1302,12.6480,7.0407,19.7329,25319.3580,-3.5141,195327.0080,0.0000,NA,NA,NA,NA,NA,NA,NA,NA
412.735,4.1175,12.3017,7.0382,19.6903,50800.3920,93.5879,NA,NA,NA,NA,NA,NA,NA,NA,NA,NA
412.833,4.1152,12.2397,7.0348,19.6323,50800.3920,93.5879,NA,NA,NA,NA,NA,NA,NA,NA,NA,NA
412.952,4.1108,12.1195,7.0316,19.5780,26579.4440,1.2878,NA,NA,NA,NA,NA,NA,NA,NA,NA,NA
413.046,4.1098,12.0910,7.0265,19.4912,29298.7400,11.6504,196664.1760,0.0000,NA,NA,NA,NA,NA,NA,NA,NA
413.146,4.1098,12.0910,7.0240,19.4480,29556.0820,12.6310,NA,NA,NA,NA,NA,NA,NA,NA,NA,NA
413.235,4.1043,11.9410,7.0207,19.3921,29556.0820,12.6310,NA,NA,NA,NA,NA,NA,NA,NA,NA,NA
413.337,4.1094,12.0813,7.0172,19.3338,23478.5620,-10.5289,NA,NA,NA,NA,NA,NA,NA,NA,NA,NA
413.434,4.1166,12.2790,7.0085,19.1852,25330.7700,-3.4706,NA,NA,NA,NA,NA,NA,NA,NA,NA,NA
413.546,4.1166,12.2790,7.0039,19.1065,48085.4840,83.2421,NA,NA,NA,NA,NA,NA,NA,NA,NA,NA
413.627,4.0980,11.7698,6.9994,19.0302,51317.6400,95.5591,NA,NA,NA,NA,NA,NA,NA,NA,NA,NA
413.737,4.0953,11.6958,6.9994,19.0302,55240.5560,110.5083,NA,NA,NA,NA,NA,NA,NA,NA,NA,NA
413.829,4.0851,11.4187,6.9912,18.8902,55240.5560,110.5083,NA,NA,NA,NA,NA,NA,NA,NA,NA,NA
413.924,4.0559,10.6208,6.9899,18.8683,25232.5780,-3.8448,NA,NA,NA,NA,NA,NA,NA,NA,NA,NA
414.018,4.0588,10.7025,6.9785,18.6750,26928.5680,2.6182,NA,NA,NA,NA,NA,NA,NA,NA,NA,NA
414.164,4.0664,10.9092,6.9740,18.5991,29812.3260,13.6075,NA,NA,NA,NA,NA,NA,NA,NA,NA,NA
414.216,4.0732,11.0949,6.9740,18.5991,29812.3260,13.6075,NA,NA,NA,NA,NA,NA,NA,NA,NA,NA
414.314,4.0732,11.0949,6.9732,18.5851,24003.6620,-8.5279,NA,NA,NA,NA,NA,NA,NA,NA,NA,NA
414.410,4.0693,10.9880,6.9717,18.5590,25773.3040,-1.7842,NA,NA,NA,NA,NA,NA,NA,NA,NA,NA
414.509,4.0573,10.6600,6.9647,18.4408,48920.0680,86.4225,NA,NA,NA,NA,NA,NA,NA,NA,NA,NA
414.613,4.0426,10.2600,6.9585,18.3349,52100.0640,98.5407,NA,NA,NA,NA,NA,NA,NA,NA,NA,NA
414.716,4.0376,10.1239,6.9547,18.2695,56176.4320,114.0747,NA,NA,NA,NA,NA,NA,NA,NA,NA,NA
414.808,4.0304,9.9274,6.9523,18.2301,56176.4320,114.0747,NA,NA,NA,NA,NA,NA,NA,NA,NA,NA
415.007,4.0295,9.9013,6.9511,18.2094,25729.6980,-1.9504,NA,NA,NA,NA,NA,NA,NA,NA,NA,NA
415.018,4.0309,9.9393,6.9474,18.1453,25729.6980,-1.9504,NA,NA,NA,NA,NA,NA,NA,NA,NA,NA
415.114,4.0309,9.9393,6.9454,18.1125,26227.8320,-0.0521,NA,NA,NA,NA,NA,NA,NA,NA,NA,NA
415.205,4.0294,9.8996,6.9381,17.9883,47980.4800,82.8419,NA,NA,NA,NA,NA,NA,NA,NA,NA,NA
415.301,4.0201,9.6471,6.9302,17.8532,51164.9000,94.9770,NA,NA,NA,NA,NA,NA,NA,NA,NA,NA
415.397,4.0201,9.6471,6.9302,17.8532,54302.6520,106.9342,NA,NA,NA,NA,NA,NA,NA,NA,NA,NA
415.495,4.0107,9.3899,6.9228,17.7275,54302.6520,106.9342,NA,NA,NA,NA,NA,NA,NA,NA,NA,NA
415.593,4.0107,9.3899,6.9207,17.6923,27605.7320,5.1987,196911.6000,0.0000,NA,NA,NA,NA,NA,NA,NA,NA
415.711,4.0056,9.2494,6.9134,17.5674,54579.1400,107.9878,NA,NA,NA,NA,NA,NA,NA,NA,NA,NA
415.791,4.0046,9.2217,6.9094,17.5002,54579.1400,107.9878,NA,NA,NA,NA,NA,NA,NA,NA,NA,NA
415.892,4.0046,9.2217,6.9078,17.4727,27131.3580,3.3910,190606.3360,0.0000,NA,NA,NA,NA,NA,NA,NA,NA
416.032,3.9959,8.9864,6.9056,17.4349,57687.1880,119.8318,NA,NA,NA,NA,NA,NA,NA,NA,NA,NA
416.093,4.0006,9.1138,6.9019,17.3715,57687.1880,119.8318,NA,NA,NA,NA,NA,NA,NA,NA,NA,NA
416.194,4.0033,9.1875,6.9016,17.3667,25926.1920,-1.2016,NA,NA,NA,NA,NA,NA,NA,NA,NA,NA
416.297,4.0330,9.9983,6.8993,17.3282,25926.1920,-1.2016,NA,NA,NA,NA,NA,NA,NA,NA,NA,NA
416.394,4.0330,9.9983,6.8956,17.2659,25888.8000,-1.3441,NA,NA,NA,NA,NA,NA,NA,NA,NA,NA
416.492,4.0173,9.5694,6.8921,17.2064,47301.1440,80.2532,NA,NA,NA,NA,NA,NA,NA,NA,NA,NA
416.587,3.9998,9.0922,6.8849,17.0839,51764.3440,97.2613,NA,NA,NA,NA,NA,NA,NA,NA,NA,NA
416.681,3.9895,8.8110,6.8848,17.0819,55690.8680,112.2244,NA,NA,NA,NA,NA,NA,NA,NA,NA,NA
416.792,3.9973,9.0247,6.8787,16.9773,55690.8680,112.2244,NA,NA,NA,NA,NA,NA,NA,NA,NA,NA
416.882,3.9973,9.0247,6.8698,16.8270,25299.4880,-3.5898,191130.4480,0.0000,NA,NA,NA,NA,NA,NA,NA,NA
416.979,3.9863,8.7231,6.8687,16.8076,50702.8400,93.2162,NA,NA,NA,NA,NA,NA,NA,NA,NA,NA
417.077,3.9846,8.6786,6.8665,16.7696,50702.8400,93.2162,NA,NA,NA,NA,NA,NA,NA,NA,NA,NA
417.175,3.9598,8.0010,6.8627,16.7055,26614.5740,1.4217,NA,NA,NA,NA,NA,NA,NA,NA,NA,NA
417.276,3.9656,8.1588,6.8543,16.5627,29437.1360,12.1778,195130.6080,0.0000,NA,NA,NA,NA,NA,NA,NA,NA
417.378,3.9748,8.4099,6.8514,16.5142,61651.1440,134.9375,NA,NA,NA,NA,NA,NA,NA,NA,NA,NA
417.484,3.9770,8.4703,6.8514,16.5142,61651.1440,134.9375,NA,NA,NA,NA,NA,NA,NA,NA,NA,NA
417.574,3.9939,8.9312,6.8528,16.5377,27549.3600,4.9839,NA,NA,NA,NA,NA,NA,NA,NA,NA,NA
417.675,4.0014,9.1365,6.8528,16.5377,25783.4060,-1.7457,NA,NA,NA,NA,NA,NA,NA,NA,NA,NA
417.792,4.0014,9.1365,6.8519,16.5223,48197.6560,83.6696,NA,NA,NA,NA,NA,NA,NA,NA,NA,NA
417.867,3.9914,8.8638,6.8480,16.4562,51657.3600,96.8536,NA,NA,NA,NA,NA,NA,NA,NA,NA,NA
417.968,3.9777,8.4898,6.8473,16.4447,55291.7560,110.7034,NA,NA,NA,NA,NA,NA,NA,NA,NA,NA
418.066,3.9767,8.4628,6.8486,16.4664,55291.7560,110.7034,NA,NA,NA,NA,NA,NA,NA,NA,NA,NA
418.161,3.9767,8.4628,6.8488,16.4693,25355.5360,-3.3762,NA,NA,NA,NA,NA,NA,NA,NA,NA,NA
418.278,3.9718,8.3285,6.8536,16.5504,27049.7500,3.0800,NA,NA,NA,NA,NA,NA,NA,NA,NA,NA
418.374,3.9911,8.8537,6.8596,16.6522,29756.8600,13.3962,NA,NA,NA,NA,NA,NA,NA,NA,NA,NA
418.453,3.9911,8.8537,6.8609,16.6746,29756.8600,13.3962,NA,NA,NA,NA,NA,NA,NA,NA,NA,NA
418.554,3.9896,8.8137,6.8609,16.6746,23961.3540,-8.6891,NA,NA,NA,NA,NA,NA,NA,NA,NA,NA
418.653,3.9820,8.6055,6.8604,16.6664,25834.7860,-1.5499,NA,NA,NA,NA,NA,NA,NA,NA,NA,NA
418.752,3.9797,8.5432,6.8604,16.6664,49058.4240,86.9497,NA,NA,NA,NA,NA,NA,NA,NA,NA,NA
418.850,3.9681,8.2276,6.8598,16.6572,52524.9280,100.1597,NA,NA,NA,NA,NA,NA,NA,NA,NA,NA
418.957,3.9660,8.1703,6.8568,16.6047,56492.8480,115.2805,NA,NA,NA,NA,NA,NA,NA,NA,NA,NA
419.046,3.9660,8.1703,6.8533,16.5464,56492.8480,115.2805,NA,NA,NA,NA,NA,NA,NA,NA,NA,NA
419.138,3.9617,8.0542,6.8389,16.3003,25878.2280,-1.3844,NA,NA,NA,NA,NA,NA,NA,NA,NA,NA
419.245,3.9621,8.0651,6.8208,15.9930,27592.1660,5.1470,NA,NA,NA,NA,NA,NA,NA,NA,NA,NA
419.350,3.9798,8.5463,6.8136,15.8707,27592.1660,5.1470,NA,NA,NA,NA,NA,NA,NA,NA,NA,NA
419.443,3.9798,8.5463,6.8117,15.8385,22199.5620,-15.4029,NA,NA,NA,NA,NA,NA,NA,NA,NA,NA
419.538,3.9783,8.5064,6.8107,15.8211,24258.4680,-7.5569,NA,NA,NA,NA,NA,NA,NA,NA,NA,NA
419.663,3.9781,8.5009,6.8107,15.8211,26231.3480,-0.0387,NA,NA,NA,NA,NA,NA,NA,NA,NA,NA
419.734,3.9671,8.2008,6.8077,15.7703,50136.7720,91.0590,NA,NA,NA,NA,NA,NA,NA,NA,NA,NA
419.840,3.9661,8.1736,6.8069,15.7566,53288.0960,103.0680,NA,NA,NA,NA,NA,NA,NA,NA,NA,NA
419.924,3.9661,8.1736,6.8014,15.6627,57622.9240,119.5870,NA,NA,NA,NA,NA,NA,NA,NA,NA,NA
420.031,3.9553,7.8771,6.7986,15.6165,57622.9240,119.5870,NA,NA,NA,NA,NA,NA,NA,NA,NA,NA
420.138,3.9500,7.7327,6.7944,15.5443,26428.7080,0.7134,NA,NA,NA,NA,NA,NA,NA,NA,NA,NA
420.247,3.9500,7.7327,6.7905,15.4781,28178.8860,7.3829,NA,NA,NA,NA,NA,NA,NA,NA,NA,NA
420.315,3.9529,7.8133,6.7866,15.4121,28178.8860,7.3829,NA,NA,NA,NA,NA,NA,NA,NA,NA,NA
420.430,3.9529,7.8133,6.7848,15.3809,22784.2920,-13.1746,NA,NA,NA,NA,NA,NA,NA,NA,NA,NA
420.519,3.9521,7.7914,6.7748,15.2114,52416.2800,99.7457,NA,NA,NA,NA,NA,NA,NA,NA,NA,NA
420.629,3.9393,7.4412,6.7738,15.1946,55345.8680,110.9096,NA,NA,NA,NA,NA,NA,NA,NA,NA,NA
420.780,3.9370,7.3784,6.7640,15.0270,55345.8680,110.9096,NA,NA,NA,NA,NA,NA,NA,NA,NA,NA
420.814,3.9260,7.0799,6.7569,14.9066,28457.6720,8.4453,196387.4880,0.0000,NA,NA,NA,NA,NA,NA,NA,NA
420.923,3.9257,7.0710,6.7518,14.8204,56307.5160,114.5743,NA,NA,NA,NA,NA,NA,NA,NA,NA,NA
421.015,3.9300,7.1880,6.7489,14.7706,56307.5160,114.5743,NA,NA,NA,NA,NA,NA,NA,NA,NA,NA
421.117,3.9300,7.1880,6.7456,14.7151,27889.1560,6.2788,192844.0640,0.0000,NA,NA,NA,NA,NA,NA,NA,NA
421.215,3.9269,7.1040,6.7396,14.6120,58924.9280,124.5486,NA,NA,NA,NA,NA,NA,NA,NA,NA,NA
421.317,3.9215,6.9564,6.7267,14.3925,58924.9280,124.5486,NA,NA,NA,NA,NA,NA,NA,NA,NA,NA
421.419,3.9298,7.1833,6.7215,14.3045,26041.1800,-0.7634,NA,NA,NA,NA,NA,NA,NA,NA,NA,NA
421.520,3.9298,7.1833,6.7171,14.2304,24484.7700,-6.6945,NA,NA,NA,NA,NA,NA,NA,NA,NA,NA
421.614,3.9234,7.0080,6.7164,14.2180,26239.6360,-0.0071,NA,NA,NA,NA,NA,NA,NA,NA,NA,NA
421.709,3.9116,6.6858,6.7093,14.0978,48378.0560,84.3570,NA,NA,NA,NA,NA,NA,NA,NA,NA,NA
421.807,3.9078,6.5830,6.7057,14.0356,52789.4480,101.1678,NA,NA,NA,NA,NA,NA,NA,NA,NA,NA
421.941,3.8935,6.1923,6.7055,14.0316,56764.6400,116.3162,NA,NA,NA,NA,NA,NA,NA,NA,NA,NA
422.003,3.8936,6.1969,6.6987,13.9162,56764.6400,116.3162,NA,NA,NA,NA,NA,NA,NA,NA,NA,NA
422.099,3.8967,6.2794,6.6886,13.7458,26241.0240,-0.0018,194808.0960,0.0000,NA,NA,NA,NA,NA,NA,NA,NA
422.222,3.8996,6.3592,6.6722,13.4667,52804.1840,101.2239,NA,NA,NA,NA,NA,NA,NA,NA,NA,NA
422.312,3.8996,6.3592,6.6551,13.1753,52804.1840,101.2239,NA,NA,NA,NA,NA,NA,NA,NA,NA,NA
422.405,3.8992,6.3495,6.6459,13.0185,26887.7960,2.4629,193191.3280,0.0000,NA,NA,NA,NA,NA,NA,NA,NA
422.498,3.8829,5.9048,6.6038,12.3023,55162.2680,110.2100,NA,NA,NA,NA,NA,NA,NA,NA,NA,NA
422.600,3.8855,5.9753,6.5681,11.6957,NA,NA,NA,NA,NA,NA,NA,NA,NA,NA,NA,NA
422.698,3.8894,6.0819,6.5512,11.4081,NA,NA,NA,NA,NA,NA,NA,NA,NA,NA,NA,NA
422.794,3.8894,6.0819,6.5214,10.9022,30804.3440,17.3879,NA,NA,NA,NA,NA,NA,NA,NA,NA,NA
422.895,3.9364,7.3632,6.4976,10.4973,31632.7800,20.5448,NA,NA,NA,NA,NA,NA,NA,NA,NA,NA
423.008,4.0036,9.1951,6.5682,11.6967,31632.7800,20.5448,NA,NA,NA,NA,NA,NA,NA,NA,NA,NA
423.124,4.0419,10.2417,6.6454,13.0108,23271.5520,-11.3178,NA,NA,NA,NA,NA,NA,NA,NA,NA,NA
423.237,4.1501,13.1912,6.7644,15.0341,24881.5980,-5.1823,NA,NA,NA,NA,NA,NA,NA,NA,NA,NA
423.285,4.1788,13.9734,6.8348,16.2307,45899.3720,74.9113,NA,NA,NA,NA,NA,NA,NA,NA,NA,NA
423.392,4.1879,14.2231,6.8910,17.1869,49817.6720,89.8430,NA,NA,NA,NA,NA,NA,NA,NA,NA,NA
423.494,4.2006,14.5699,6.9166,17.6228,53749.2720,104.8254,NA,NA,NA,NA,NA,NA,NA,NA,NA,NA
423.584,4.2072,14.7501,6.9305,17.8583,53749.2720,104.8254,NA,NA,NA,NA,NA,NA,NA,NA,NA,NA
423.751,4.2072,14.7501,6.9357,17.9480,25331.2120,-3.4689,NA,NA,NA,NA,NA,NA,NA,NA,NA,NA
423.781,4.2070,14.7444,6.9376,17.9788,28438.8400,8.3735,NA,NA,NA,NA,NA,NA,NA,NA,NA,NA
423.884,4.2416,15.6874,6.9387,17.9987,31867.4240,21.4390,NA,NA,NA,NA,NA,NA,NA,NA,NA,NA
423.975,4.2526,15.9882,6.9387,17.9987,31867.4240,21.4390,NA,NA,NA,NA,NA,NA,NA,NA,NA,NA
424.075,4.2526,15.9882,6.9367,17.9642,23702.7620,-9.6745,NA,NA,NA,NA,NA,NA,NA,NA,NA,NA
424.170,4.2238,15.2024,6.9332,17.9050,25381.9020,-3.2757,NA,NA,NA,NA,NA,NA,NA,NA,NA,NA
424.280,4.2003,14.5599,6.9321,17.8862,46772.6200,78.2391,NA,NA,NA,NA,NA,NA,NA,NA,NA,NA
424.412,4.1886,14.2418,6.9306,17.8607,46772.6200,78.2391,NA,NA,NA,NA,NA,NA,NA,NA,NA,NA
424.473,4.1752,13.8758,6.9219,17.7130,29695.4040,13.1620,NA,NA,NA,NA,NA,NA,NA,NA,NA,NA
424.569,4.1675,13.6654,6.9105,17.5188,29695.4040,13.1620,NA,NA,NA,NA,NA,NA,NA,NA,NA,NA
424.666,4.2054,14.6991,6.9196,17.6733,22261.4960,-15.1669,NA,NA,NA,NA,NA,NA,NA,NA,NA,NA
424.786,4.2521,15.9742,6.9946,18.9492,23665.4060,-9.8169,NA,NA,NA,NA,NA,NA,NA,NA,NA,NA
424.874,4.2591,16.1657,7.0763,20.3386,25353.3600,-3.3845,NA,NA,NA,NA,NA,NA,NA,NA,NA,NA
425.009,4.3315,18.1388,7.1286,21.2280,45865.7680,74.7833,NA,NA,NA,NA,NA,NA,NA,NA,NA,NA
425.069,4.4080,20.2256,7.1868,22.2166,50215.2560,91.3581,NA,NA,NA,NA,NA,NA,NA,NA,NA,NA
425.168,4.4251,20.6923,7.2384,23.0957,56170.2440,114.0511,NA,NA,NA,NA,NA,NA,NA,NA,NA,NA
425.267,4.4367,21.0070,7.2620,23.4963,56170.2440,114.0511,NA,NA,NA,NA,NA,NA,NA,NA,NA,NA
425.351,4.4382,21.0485,7.2743,23.7056,27562.9720,5.0358,194096.7680,0.0000,NA,NA,NA,NA,NA,NA,NA,NA
425.450,4.4488,21.3396,7.2810,23.8193,57253.3240,118.1785,NA,NA,NA,NA,NA,NA,NA,NA,NA,NA
425.563,4.4542,21.4853,7.2882,23.9412,57253.3240,118.1785,NA,NA,NA,NA,NA,NA,NA,NA,NA,NA
425.665,4.4542,21.4853,7.2882,23.9412,26628.4720,1.4746,NA,NA,NA,NA,NA,NA,NA,NA,NA,NA
425.755,4.4485,21.3288,7.2865,23.9124,28879.6440,10.0533,NA,NA,NA,NA,NA,NA,NA,NA,NA,NA
425.846,4.4438,21.2030,7.2865,23.9124,28879.6440,10.0533,NA,NA,NA,NA,NA,NA,NA,NA,NA,NA
425.951,4.4530,21.4518,7.2835,23.8612,21828.2400,-16.8179,NA,NA,NA,NA,NA,NA,NA,NA,NA,NA
426.046,4.4530,21.4518,7.2823,23.8415,53102.2320,102.3597,NA,NA,NA,NA,NA,NA,NA,NA,NA,NA
426.203,4.4141,20.3920,7.2811,23.8210,57187.2640,117.9268,NA,NA,NA,NA,NA,NA,NA,NA,NA,NA
426.287,4.4104,20.2910,7.2776,23.7608,57187.2640,117.9268,NA,NA,NA,NA,NA,NA,NA,NA,NA,NA
426.455,4.4049,20.1408,7.2669,23.5793,26618.7000,1.4374,NA,NA,NA,NA,NA,NA,NA,NA,NA,NA
426.461,4.3983,19.9616,7.2810,23.8185,29587.2380,12.7498,NA,NA,NA,NA,NA,NA,NA,NA,NA,NA
426.550,4.4246,20.6779,7.2860,23.9036,29587.2380,12.7498,NA,NA,NA,NA,NA,NA,NA,NA,NA,NA
426.685,4.4325,20.8935,7.3212,24.5022,22900.1560,-12.7331,NA,NA,NA,NA,NA,NA,NA,NA,NA,NA
426.778,4.5059,22.8950,7.3875,25.6301,24463.2240,-6.7766,NA,NA,NA,NA,NA,NA,NA,NA,NA,NA
426.838,4.5315,23.5929,7.4407,26.5350,44858.7800,70.9459,NA,NA,NA,NA,NA,NA,NA,NA,NA,NA
426.931,4.5426,23.8970,7.4656,26.9583,49100.3920,87.1097,NA,NA,NA,NA,NA,NA,NA,NA,NA,NA
427.112,4.5457,23.9808,7.4885,27.3484,53580.3880,104.1818,NA,NA,NA,NA,NA,NA,NA,NA,NA,NA
427.130,4.5572,24.2952,7.5019,27.5751,57862.7040,120.5007,NA,NA,NA,NA,NA,NA,NA,NA,NA,NA
427.223,4.5945,25.3115,7.5250,27.9693,57862.7040,120.5007,NA,NA,NA,NA,NA,NA,NA,NA,NA,NA
427.321,4.6045,25.5844,7.5386,28.2003,27373.1660,4.3125,NA,NA,NA,NA,NA,NA,NA,NA,NA,NA
427.424,4.6328,26.3561,7.5452,28.3117,30571.1280,16.4991,NA,NA,NA,NA,NA,NA,NA,NA,NA,NA
427.518,4.6340,26.3894,7.5515,28.4188,30571.1280,16.4991,NA,NA,NA,NA,NA,NA,NA,NA,NA,NA
427.638,4.6340,26.3894,7.5547,28.4737,23259.4360,-11.3639,NA,NA,NA,NA,NA,NA,NA,NA,NA,NA
427.713,4.6226,26.0775,7.5547,28.4737,24962.4980,-4.8740,NA,NA,NA,NA,NA,NA,NA,NA,NA,NA
427.814,4.6195,25.9927,7.5535,28.4529,45810.9760,74.5745,NA,NA,NA,NA,NA,NA,NA,NA,NA,NA
427.918,4.6031,25.5472,7.5476,28.3530,50084.6840,90.8606,NA,NA,NA,NA,NA,NA,NA,NA,NA,NA
428.032,4.5702,24.6484,7.5453,28.3132,54484.1920,107.6260,NA,NA,NA,NA,NA,NA,NA,NA,NA,NA
428.115,4.5561,24.2647,7.5295,28.0454,54484.1920,107.6260,NA,NA,NA,NA,NA,NA,NA,NA,NA,NA
428.206,4.5561,24.2647,7.5350,28.1393,25070.4760,-4.4625,NA,NA,NA,NA,NA,NA,NA,NA,NA,NA
428.301,4.5609,24.3952,7.5818,28.9346,27783.2040,5.8750,NA,NA,NA,NA,NA,NA,NA,NA,NA,NA
428.412,4.6242,26.1233,7.6178,29.5468,31401.8700,19.6649,NA,NA,NA,NA,NA,NA,NA,NA,NA,NA
428.504,4.6538,26.9288,7.6372,29.8772,31401.8700,19.6649,NA,NA,NA,NA,NA,NA,NA,NA,NA,NA
428.598,4.6686,27.3330,7.6477,30.0548,23713.8980,-9.6321,NA,NA,NA,NA,NA,NA,NA,NA,NA,NA
428.696,4.6686,27.3330,7.6547,30.1748,25430.4420,-3.0908,NA,NA,NA,NA,NA,NA,NA,NA,NA,NA
428.795,4.6851,27.7835,7.6556,30.1900,46809.9760,78.3814,NA,NA,NA,NA,NA,NA,NA,NA,NA,NA
428.926,4.6880,27.8630,7.6556,30.1900,51212.5200,95.1585,NA,NA,NA,NA,NA,NA,NA,NA,NA,NA
428.990,4.6880,27.8630,7.6530,30.1451,55497.3600,111.4869,NA,NA,NA,NA,NA,NA,NA,NA,NA,NA
429.087,4.6687,27.3361,7.6524,30.1359,55497.3600,111.4869,NA,NA,NA,NA,NA,NA,NA,NA,NA,NA
429.196,4.6508,26.8475,7.6523,30.1330,25737.1820,-1.9219,196476.3680,0.0000,NA,NA,NA,NA,NA,NA,NA,NA
429.292,4.6437,26.6554,7.6443,29.9968,28617.4280,9.0541,NA,NA,NA,NA,NA,NA,NA,NA,NA,NA
429.392,4.6342,26.3941,7.6382,29.8945,31501.2660,20.0437,NA,NA,NA,NA,NA,NA,NA,NA,NA,NA
429.514,4.6406,26.5683,7.6356,29.8497,31501.2660,20.0437,NA,NA,NA,NA,NA,NA,NA,NA,NA,NA
429.584,4.6406,26.5683,7.6350,29.8386,23240.1280,-11.4375,NA,NA,NA,NA,NA,NA,NA,NA,NA,NA
429.686,4.6391,26.5276,7.6231,29.6374,25068.5520,-4.4698,NA,NA,NA,NA,NA,NA,NA,NA,NA,NA
429.779,4.6217,26.0548,7.6204,29.5916,45512.4400,73.4368,NA,NA,NA,NA,NA,NA,NA,NA,NA,NA
429.883,4.6178,25.9471,7.7240,31.3526,51719.0800,97.0888,NA,NA,NA,NA,NA,NA,NA,NA,NA,NA
429.984,4.6371,26.4733,7.7726,32.1792,57788.2680,120.2170,NA,NA,NA,NA,NA,NA,NA,NA,NA,NA
430.141,4.6371,26.4733,7.7830,32.3570,57788.2680,120.2170,NA,NA,NA,NA,NA,NA,NA,NA,NA,NA
430.177,4.6251,26.1457,7.7830,32.3570,26769.3840,2.0116,NA,NA,NA,NA,NA,NA,NA,NA,NA,NA
430.270,4.6018,25.5100,7.7741,32.2045,29358.2400,11.8771,NA,NA,NA,NA,NA,NA,NA,NA,NA,NA
430.373,4.6072,25.6593,7.7697,32.1305,29358.2400,11.8771,NA,NA,NA,NA,NA,NA,NA,NA,NA,NA
430.473,4.6139,25.8409,7.7663,32.0716,21572.1080,-17.7939,NA,NA,NA,NA,NA,NA,NA,NA,NA,NA
430.567,4.6242,26.1209,7.7535,31.8539,23090.5000,-12.0077,NA,NA,NA,NA,NA,NA,NA,NA,NA,NA
430.673,4.6242,26.1209,7.7455,31.7186,25347.0520,-3.4085,NA,NA,NA,NA,NA,NA,NA,NA,NA,NA
430.767,4.6001,25.4654,7.7402,31.6288,46912.3840,78.7717,NA,NA,NA,NA,NA,NA,NA,NA,NA,NA
430.856,4.5773,24.8432,7.7298,31.4523,53504.9680,103.8944,NA,NA,NA,NA,NA,NA,NA,NA,NA,NA
430.958,4.5773,24.8432,7.7296,31.4486,59884.2760,128.2044,NA,NA,NA,NA,NA,NA,NA,NA,NA,NA
431.056,4.5694,24.6263,7.7225,31.3271,59884.2760,128.2044,NA,NA,NA,NA,NA,NA,NA,NA,NA,NA
431.151,4.5388,23.7931,7.7138,31.1788,27520.3920,4.8735,NA,NA,NA,NA,NA,NA,NA,NA,NA,NA
431.310,4.5285,23.5107,7.7053,31.0349,29964.4060,14.1871,NA,NA,NA,NA,NA,NA,NA,NA,NA,NA
431.362,4.5324,23.6191,7.6930,30.8262,29964.4060,14.1871,NA,NA,NA,NA,NA,NA,NA,NA,NA,NA
431.459,4.5324,23.6191,7.6860,30.7067,51000.6200,94.3510,NA,NA,NA,NA,NA,NA,NA,NA,NA,NA
431.552,4.5129,23.0855,7.6773,30.5578,54330.8760,107.0418,NA,NA,NA,NA,NA,NA,NA,NA,NA,NA
431.660,4.5080,22.9522,7.6670,30.3833,58731.4360,123.8112,NA,NA,NA,NA,NA,NA,NA,NA,NA,NA
431.746,4.4820,22.2440,7.6572,30.2163,58731.4360,123.8112,NA,NA,NA,NA,NA,NA,NA,NA,NA,NA
431.849,4.4549,21.5037,7.6395,29.9164,26931.8000,2.6305,NA,NA,NA,NA,NA,NA,NA,NA,NA,NA
431.949,4.4708,21.9390,7.6258,29.6828,29218.0040,11.3427,NA,NA,NA,NA,NA,NA,NA,NA,NA,NA
432.044,4.4785,22.1485,7.6176,29.5442,29218.0040,11.3427,NA,NA,NA,NA,NA,NA,NA,NA,NA,NA
432.140,4.4914,22.5014,7.6033,29.3007,23507.2920,-10.4194,NA,NA,NA,NA,NA,NA,NA,NA,NA,NA
432.257,4.4914,22.5014,7.5962,29.1789,25264.9480,-3.7214,NA,NA,NA,NA,NA,NA,NA,NA,NA,NA
432.335,4.4894,22.4457,7.5873,29.0279,47909.5040,82.5715,NA,NA,NA,NA,NA,NA,NA,NA,NA,NA
432.433,4.4691,21.8928,7.5815,28.9300,50959.2800,94.1934,NA,NA,NA,NA,NA,NA,NA,NA,NA,NA
432.535,4.4602,21.6491,7.5737,28.7965,55063.0800,109.8320,NA,NA,NA,NA,NA,NA,NA,NA,NA,NA
432.658,4.4320,20.8800,7.5684,28.7073,55063.0800,109.8320,NA,NA,NA,NA,NA,NA,NA,NA,NA,NA
432.727,4.4299,20.8242,7.5610,28.5815,25203.9860,-3.9537,NA,NA,NA,NA,NA,NA,NA,NA,NA,NA
432.833,4.4299,20.8242,7.5554,28.4860,27018.4580,2.9608,NA,NA,NA,NA,NA,NA,NA,NA,NA,NA
432.923,4.4240,20.6609,7.5478,28.3562,30021.5100,14.4047,NA,NA,NA,NA,NA,NA,NA,NA,NA,NA
433.022,4.4344,20.9467,7.5424,28.2642,30021.5100,14.4047,NA,NA,NA,NA,NA,NA,NA,NA,NA,NA
433.123,4.4344,20.9467,7.5372,28.1756,24067.2400,-8.2856,NA,NA,NA,NA,NA,NA,NA,NA,NA,NA
433.220,4.4327,20.8981,7.5348,28.1359,25775.2160,-1.7769,NA,NA,NA,NA,NA,NA,NA,NA,NA,NA
433.320,4.4100,20.2802,7.5242,27.9544,48823.3200,86.0538,NA,NA,NA,NA,NA,NA,NA,NA,NA,NA
433.419,4.4100,20.2802,7.5125,27.7557,51860.2760,97.6269,NA,NA,NA,NA,NA,NA,NA,NA,NA,NA
433.519,4.4108,20.3010,7.5054,27.6353,56276.3600,114.4555,NA,NA,NA,NA,NA,NA,NA,NA,NA,NA
433.622,4.4108,20.3010,7.5004,27.5504,56276.3600,114.4555,NA,NA,NA,NA,NA,NA,NA,NA,NA,NA
433.712,4.4039,20.1130,7.4931,27.4255,25667.3720,-2.1879,NA,NA,NA,NA,NA,NA,NA,NA,NA,NA
433.805,4.4039,20.1130,7.4889,27.3541,27655.5780,5.3887,NA,NA,NA,NA,NA,NA,NA,NA,NA,NA
433.914,4.4141,20.3925,7.4872,27.3259,27655.5780,5.3887,NA,NA,NA,NA,NA,NA,NA,NA,NA,NA
434.009,4.4221,20.6102,7.4820,27.2380,22282.5280,-15.0867,NA,NA,NA,NA,NA,NA,NA,NA,NA,NA
434.107,4.4221,20.6102,7.4748,27.1151,51267.2320,95.3670,NA,NA,NA,NA,NA,NA,NA,NA,NA,NA
434.219,4.4053,20.1507,7.4696,27.0261,54159.1480,106.3873,NA,NA,NA,NA,NA,NA,NA,NA,NA,NA
434.309,4.3998,20.0013,7.4648,26.9457,54159.1480,106.3873,NA,NA,NA,NA,NA,NA,NA,NA,NA,NA
434.412,4.3871,19.6542,7.4621,26.8990,27809.9320,5.9769,197231.2160,0.0000,NA,NA,NA,NA,NA,NA,NA,NA
434.505,4.3833,19.5525,7.4547,26.7733,55479.4160,111.4186,NA,NA,NA,NA,NA,NA,NA,NA,NA,NA
434.611,4.3672,19.1119,7.4490,26.6761,55479.4160,111.4186,NA,NA,NA,NA,NA,NA,NA,NA,NA,NA
434.698,4.3604,18.9262,7.4409,26.5382,26905.3100,2.5296,193046.0000,0.0000,NA,NA,NA,NA,NA,NA,NA,NA
434.798,4.3604,18.9262,7.4355,26.4464,57253.1200,118.1777,NA,NA,NA,NA,NA,NA,NA,NA,NA,NA
434.898,4.3494,18.6277,7.4318,26.3838,57253.1200,118.1777,NA,NA,NA,NA,NA,NA,NA,NA,NA,NA
435.000,4.3494,18.6277,7.4271,26.3042,25850.6840,-1.4893,NA,NA,NA,NA,NA,NA,NA,NA,NA,NA
435.096,4.3609,18.9405,7.4219,26.2160,25850.6840,-1.4893,NA,NA,NA,NA,NA,NA,NA,NA,NA,NA
435.236,4.3609,18.9405,7.4156,26.1089,25862.1080,-1.4458,NA,NA,NA,NA,NA,NA,NA,NA,NA,NA
435.297,4.3471,18.5652,7.4056,25.9379,47159.2800,79.7126,NA,NA,NA,NA,NA,NA,NA,NA,NA,NA
435.404,4.3329,18.1765,7.4007,25.8556,51653.0520,96.8372,NA,NA,NA,NA,NA,NA,NA,NA,NA,NA
435.558,4.3329,18.1765,7.3731,25.3860,55319.4080,110.8088,NA,NA,NA,NA,NA,NA,NA,NA,NA,NA
435.585,4.3273,18.0244,7.3619,25.1948,55319.4080,110.8088,NA,NA,NA,NA,NA,NA,NA,NA,NA,NA
435.687,4.3239,17.9328,7.3575,25.1206,25493.5860,-2.8501,193962.5120,0.0000,NA,NA,NA,NA,NA,NA,NA,NA
435.791,4.3225,17.8926,7.3454,24.9140,51188.3520,95.0664,NA,NA,NA,NA,NA,NA,NA,NA,NA,NA
435.891,4.3225,17.8926,7.3394,24.8130,51188.3520,95.0664,NA,NA,NA,NA,NA,NA,NA,NA,NA,NA
435.989,4.3201,17.8270,7.3301,24.6542,26651.6420,1.5629,NA,NA,NA,NA,NA,NA,NA,NA,NA,NA
436.101,4.3070,17.4713,7.3246,24.5603,29256.9920,11.4913,195577.7440,0.0000,NA,NA,NA,NA,NA,NA,NA,NA
436.177,4.3070,17.4713,7.3164,24.4205,61803.1840,135.5169,NA,NA,NA,NA,NA,NA,NA,NA,NA,NA
436.284,4.2958,17.1661,7.3119,24.3455,61803.1840,135.5169,NA,NA,NA,NA,NA,NA,NA,NA,NA,NA
436.387,4.3056,17.4323,7.3093,24.3006,27544.7800,4.9665,NA,NA,NA,NA,NA,NA,NA,NA,NA,NA
436.491,4.3190,17.7978,7.3036,24.2036,25651.7060,-2.2476,NA,NA,NA,NA,NA,NA,NA,NA,NA,NA
436.615,4.3190,17.7978,7.3036,24.2036,47797.2520,82.1437,NA,NA,NA,NA,NA,NA,NA,NA,NA,NA
436.677,4.3009,17.3041,7.2956,24.0677,50984.0440,94.2878,NA,NA,NA,NA,NA,NA,NA,NA,NA,NA
436.791,4.3066,17.4587,7.2952,24.0616,55122.3400,110.0578,NA,NA,NA,NA,NA,NA,NA,NA,NA,NA
436.881,4.3066,17.4587,7.2867,23.9156,55122.3400,110.0578,NA,NA,NA,NA,NA,NA,NA,NA,NA,NA
436.973,4.3037,17.3795,7.2819,23.8341,25218.1420,-3.8998,NA,NA,NA,NA,NA,NA,NA,NA,NA,NA
437.072,4.2894,16.9914,7.2763,23.7389,26960.5640,2.7402,NA,NA,NA,NA,NA,NA,NA,NA,NA,NA
437.167,4.2804,16.7463,7.2756,23.7272,30076.5140,14.6143,NA,NA,NA,NA,NA,NA,NA,NA,NA,NA
437.273,4.2950,17.1435,7.2749,23.7153,30076.5140,14.6143,NA,NA,NA,NA,NA,NA,NA,NA,NA,NA
437.377,4.2967,17.1892,7.2634,23.5198,23977.7140,-8.6268,NA,NA,NA,NA,NA,NA,NA,NA,NA,NA
437.461,4.2967,17.1892,7.2552,23.3813,25679.2680,-2.1426,NA,NA,NA,NA,NA,NA,NA,NA,NA,NA
437.563,4.2732,16.5490,7.2492,23.2777,48645.5800,85.3765,NA,NA,NA,NA,NA,NA,NA,NA,NA,NA
437.665,4.2541,16.0268,7.2480,23.2581,51724.2320,97.1085,NA,NA,NA,NA,NA,NA,NA,NA,NA,NA
437.754,4.2541,16.0268,7.2437,23.1852,56157.6920,114.0033,NA,NA,NA,NA,NA,NA,NA,NA,NA,NA
437.866,4.2396,15.6317,7.2388,23.1017,56157.6920,114.0033,NA,NA,NA,NA,NA,NA,NA,NA,NA,NA
437.962,4.2409,15.6693,7.2339,23.0187,25855.1100,-1.4725,NA,NA,NA,NA,NA,NA,NA,NA,NA,NA
438.046,4.2409,15.6693,7.2280,22.9179,27747.4800,5.7389,NA,NA,NA,NA,NA,NA,NA,NA,NA,NA
438.159,4.2258,15.2563,7.2247,22.8616,27747.4800,5.7389,NA,NA,NA,NA,NA,NA,NA,NA,NA,NA
438.248,4.2538,16.0189,7.2229,22.8305,22265.9460,-15.1499,NA,NA,NA,NA,NA,NA,NA,NA,NA,NA
438.345,4.2618,16.2371,7.2218,22.8124,24239.1200,-7.6306,NA,NA,NA,NA,NA,NA,NA,NA,NA,NA
438.453,4.2618,16.2371,7.2179,22.7455,26030.8840,-0.8026,NA,NA,NA,NA,NA,NA,NA,NA,NA,NA
438.534,4.2418,15.6917,7.2112,22.6321,49643.9600,89.1811,NA,NA,NA,NA,NA,NA,NA,NA,NA,NA
438.634,4.2276,15.3059,7.2044,22.5167,52826.6560,101.3095,NA,NA,NA,NA,NA,NA,NA,NA,NA,NA
438.733,4.2150,14.9627,7.1997,22.4374,57229.8400,118.0890,NA,NA,NA,NA,NA,NA,NA,NA,NA,NA
438.846,4.2205,15.1105,7.1956,22.3675,57229.8400,118.0890,NA,NA,NA,NA,NA,NA,NA,NA,NA,NA
438.932,4.2205,15.1105,7.1868,22.2169,26300.8940,0.2263,NA,NA,NA,NA,NA,NA,NA,NA,NA,NA
439.093,4.2092,14.8037,7.1820,22.1362,28316.9340,7.9090,NA,NA,NA,NA,NA,NA,NA,NA,NA,NA
439.130,4.2145,14.9489,7.1696,21.9249,28316.9340,7.9090,NA,NA,NA,NA,NA,NA,NA,NA,NA,NA
439.234,4.2285,15.3309,7.1622,21.7983,22854.1620,-12.9083,NA,NA,NA,NA,NA,NA,NA,NA,NA,NA
439.334,4.2285,15.3309,7.1605,21.7698,51995.6640,98.1428,NA,NA,NA,NA,NA,NA,NA,NA,NA,NA
439.431,4.2098,14.8193,7.1506,21.6024,55401.1720,111.1204,NA,NA,NA,NA,NA,NA,NA,NA,NA,NA
439.533,4.2048,14.6843,7.1421,21.4577,55401.1720,111.1204,NA,NA,NA,NA,NA,NA,NA,NA,NA,NA
439.680,4.2020,14.6064,7.1272,21.2038,28713.5780,9.4205,NA,NA,NA,NA,NA,NA,NA,NA,NA,NA
439.723,4.2284,15.3262,7.1244,21.1559,31883.6020,21.5007,NA,NA,NA,NA,NA,NA,NA,NA,NA,NA
439.822,4.2336,15.4676,7.1123,20.9510,31883.6020,21.5007,NA,NA,NA,NA,NA,NA,NA,NA,NA,NA
439.920,4.2336,15.4676,7.1081,20.8783,23414.5320,-10.7729,NA,NA,NA,NA,NA,NA,NA,NA,NA,NA
440.020,4.2296,15.3606,7.1041,20.8109,24998.7400,-4.7359,NA,NA,NA,NA,NA,NA,NA,NA,NA,NA
440.115,4.2296,15.3606,7.0912,20.5912,45991.3920,75.2620,NA,NA,NA,NA,NA,NA,NA,NA,NA,NA
440.270,4.1779,13.9508,7.0807,20.4135,49404.3120,88.2678,NA,NA,NA,NA,NA,NA,NA,NA,NA,NA
440.313,4.1779,13.9508,7.0702,20.2339,52427.8560,99.7898,NA,NA,NA,NA,NA,NA,NA,NA,NA,NA
440.423,4.1709,13.7594,7.0579,20.0261,52427.8560,99.7898,NA,NA,NA,NA,NA,NA,NA,NA,NA,NA
440.504,4.1703,13.7434,7.0559,19.9908,25591.1180,-2.4785,NA,NA,NA,NA,NA,NA,NA,NA,NA,NA
440.606,4.1749,13.8668,7.0440,19.7887,29099.5080,10.8912,NA,NA,NA,NA,NA,NA,NA,NA,NA,NA
440.727,4.1902,14.2853,7.0371,19.6710,32659.9040,24.4590,NA,NA,NA,NA,NA,NA,NA,NA,NA,NA
440.807,4.1908,14.3007,7.0354,19.6423,32659.9040,24.4590,NA,NA,NA,NA,NA,NA,NA,NA,NA,NA
440.908,4.1908,14.3007,7.0320,19.5846,23887.9620,-8.9688,NA,NA,NA,NA,NA,NA,NA,NA,NA,NA
441.000,4.1796,13.9954,7.0304,19.5584,25479.2600,-2.9047,NA,NA,NA,NA,NA,NA,NA,NA,NA,NA
441.098,4.1658,13.6204,7.0292,19.5378,46821.7120,78.4262,NA,NA,NA,NA,NA,NA,NA,NA,NA,NA
441.192,4.1658,13.6204,7.0274,19.5074,50231.4080,91.4197,NA,NA,NA,NA,NA,NA,NA,NA,NA,NA
441.300,4.1509,13.2139,7.0262,19.4859,53374.5480,103.3974,NA,NA,NA,NA,NA,NA,NA,NA,NA,NA
441.391,4.1408,12.9370,7.0223,19.4200,53374.5480,103.3974,NA,NA,NA,NA,NA,NA,NA,NA,NA,NA
441.507,4.1364,12.8177,7.0178,19.3441,26405.3860,0.6245,194329.6960,0.0000,NA,NA,NA,NA,NA,NA,NA,NA
441.597,4.1311,12.6739,7.0146,19.2889,52673.3400,100.7253,NA,NA,NA,NA,NA,NA,NA,NA,NA,NA
441.697,4.1260,12.5330,7.0091,19.1959,NA,NA,NA,NA,NA,NA,NA,NA,NA,NA,NA,NA
441.815,4.1236,12.4677,7.0018,19.0719,NA,NA,NA,NA,NA,NA,NA,NA,NA,NA,NA,NA
441.896,4.1078,12.0379,6.9907,18.8823,30755.2660,17.2008,NA,NA,NA,NA,NA,NA,NA,NA,NA,NA
442.059,4.1314,12.6823,6.9833,18.7561,31129.7240,18.6278,NA,NA,NA,NA,NA,NA,NA,NA,NA,NA
442.088,4.1397,12.9083,6.9783,18.6722,31129.7240,18.6278,NA,NA,NA,NA,NA,NA,NA,NA,NA,NA
442.187,4.1397,12.9083,6.9741,18.6004,23430.9440,-10.7104,NA,NA,NA,NA,NA,NA,NA,NA,NA,NA
442.280,4.1520,13.2427,6.9693,18.5188,25052.6600,-4.5304,NA,NA,NA,NA,NA,NA,NA,NA,NA,NA
442.382,4.1520,13.2427,6.9661,18.4647,46075.0560,75.5808,NA,NA,NA,NA,NA,NA,NA,NA,NA,NA
442.482,4.1304,12.6549,6.9620,18.3943,50340.0320,91.8336,NA,NA,NA,NA,NA,NA,NA,NA,NA,NA
442.578,4.1178,12.3116,6.9573,18.3145,54493.8920,107.6630,NA,NA,NA,NA,NA,NA,NA,NA,NA,NA
442.709,4.1098,12.0927,6.9417,18.0494,54493.8920,107.6630,NA,NA,NA,NA,NA,NA,NA,NA,NA,NA
442.769,4.1093,12.0782,6.9325,17.8920,24615.4740,-6.1964,NA,NA,NA,NA,NA,NA,NA,NA,NA,NA
442.874,4.1140,12.2061,6.9249,17.7638,27194.7400,3.6325,NA,NA,NA,NA,NA,NA,NA,NA,NA,NA
442.964,4.1319,12.6940,6.9180,17.6469,31390.5800,19.6219,NA,NA,NA,NA,NA,NA,NA,NA,NA,NA
443.077,4.1319,12.6940,6.9148,17.5914,31390.5800,19.6219,NA,NA,NA,NA,NA,NA,NA,NA,NA,NA
443.159,4.1336,12.7423,6.9133,17.5664,23851.0040,-9.1096,NA,NA,NA,NA,NA,NA,NA,NA,NA,NA
443.268,4.1336,12.7423,6.9082,17.4799,25566.3440,-2.5729,NA,NA,NA,NA,NA,NA,NA,NA,NA,NA
443.367,4.1259,12.5302,6.9067,17.4545,47081.2680,79.4153,NA,NA,NA,NA,NA,NA,NA,NA,NA,NA
443.492,4.0818,11.3273,6.9059,17.4408,47081.2680,79.4153,NA,NA,NA,NA,NA,NA,NA,NA,NA,NA
443.560,4.0793,11.2602,6.9042,17.4117,30566.3800,16.4810,NA,NA,NA,NA,NA,NA,NA,NA,NA,NA
443.660,4.0870,11.4701,6.9003,17.3449,30566.3800,16.4810,NA,NA,NA,NA,NA,NA,NA,NA,NA,NA
443.803,4.0914,11.5900,6.8979,17.3051,22341.4680,-14.8621,NA,NA,NA,NA,NA,NA,NA,NA,NA,NA
443.858,4.0988,11.7916,6.8961,17.2734,24043.4540,-8.3762,NA,NA,NA,NA,NA,NA,NA,NA,NA,NA
443.956,4.0988,11.7916,6.8955,17.2641,25678.2740,-2.1463,NA,NA,NA,NA,NA,NA,NA,NA,NA,NA
444.085,4.0923,11.6162,6.8947,17.2493,46481.3720,77.1292,NA,NA,NA,NA,NA,NA,NA,NA,NA,NA
444.153,4.0833,11.3685,6.8933,17.2269,49664.8560,89.2607,NA,NA,NA,NA,NA,NA,NA,NA,NA,NA
444.254,4.0828,11.3549,6.8904,17.1761,52984.0160,101.9092,NA,NA,NA,NA,NA,NA,NA,NA,NA,NA
444.353,4.0723,11.0688,6.8861,17.1043,52984.0160,101.9092,NA,NA,NA,NA,NA,NA,NA,NA,NA,NA
444.505,4.0723,11.0688,6.8826,17.0442,28220.0040,7.5396,194550.8160,0.0000,NA,NA,NA,NA,NA,NA,NA,NA
444.546,4.0668,10.9184,6.8813,17.0228,57540.7800,119.2739,NA,NA,NA,NA,NA,NA,NA,NA,NA,NA
444.641,4.0644,10.8531,6.8796,16.9934,57540.7800,119.2739,NA,NA,NA,NA,NA,NA,NA,NA,NA,NA
444.743,4.0425,10.2554,6.8759,16.9301,26692.5320,1.7188,196436.2560,0.0000,NA,NA,NA,NA,NA,NA,NA,NA
444.842,4.0406,10.2059,6.8751,16.9168,55280.6000,110.6609,NA,NA,NA,NA,NA,NA,NA,NA,NA,NA
444.951,4.0401,10.1916,6.8686,16.8052,NA,NA,NA,NA,NA,NA,NA,NA,NA,NA,NA,NA
445.053,4.0409,10.2129,6.8620,16.6943,NA,NA,NA,NA,NA,NA,NA,NA,NA,NA,NA,NA
445.134,4.0434,10.2803,6.8636,16.7215,30509.9120,16.2659,NA,NA,NA,NA,NA,NA,NA,NA,NA,NA
445.242,4.0434,10.2803,6.8657,16.7570,31424.5980,19.7515,NA,NA,NA,NA,NA,NA,NA,NA,NA,NA
445.341,4.0550,10.5978,6.8657,16.7570,31424.5980,19.7515,NA,NA,NA,NA,NA,NA,NA,NA,NA,NA
445.437,4.0554,10.6086,6.8698,16.8268,23084.0740,-12.0322,NA,NA,NA,NA,NA,NA,NA,NA,NA,NA
445.538,4.0554,10.6086,6.8712,16.8511,24299.7900,-7.3994,NA,NA,NA,NA,NA,NA,NA,NA,NA,NA
445.633,4.0444,10.3097,6.8712,16.8511,43523.8800,65.8589,NA,NA,NA,NA,NA,NA,NA,NA,NA,NA
445.747,4.0265,9.8193,6.8589,16.6407,46489.4840,77.1601,NA,NA,NA,NA,NA,NA,NA,NA,NA,NA
445.830,4.0265,9.8193,6.8551,16.5766,51161.6720,94.9647,NA,NA,NA,NA,NA,NA,NA,NA,NA,NA
445.931,4.0241,9.7560,6.8535,16.5491,51161.6720,94.9647,NA,NA,NA,NA,NA,NA,NA,NA,NA,NA
446.036,4.0241,9.7560,6.8463,16.4274,26541.2080,1.1421,NA,NA,NA,NA,NA,NA,NA,NA,NA,NA
446.130,4.0533,10.5508,6.8419,16.3521,26541.2080,1.1421,NA,NA,NA,NA,NA,NA,NA,NA,NA,NA
446.231,4.0533,10.5508,6.8409,16.3353,25535.0200,-2.6922,NA,NA,NA,NA,NA,NA,NA,NA,NA,NA
446.331,4.0344,10.0357,6.8345,16.2266,47233.4560,79.9952,NA,NA,NA,NA,NA,NA,NA,NA,NA,NA
446.423,4.0168,9.5553,6.8300,16.1492,53145.6800,102.5253,NA,NA,NA,NA,NA,NA,NA,NA,NA,NA
446.524,4.0052,9.2396,6.8246,16.0581,59007.2440,124.8623,NA,NA,NA,NA,NA,NA,NA,NA,NA,NA
446.626,4.0053,9.2426,6.8246,16.0581,59007.2440,124.8623,NA,NA,NA,NA,NA,NA,NA,NA,NA,NA
446.716,4.0053,9.2426,6.8242,16.0515,26883.8280,2.4477,NA,NA,NA,NA,NA,NA,NA,NA,NA,NA
446.875,3.9971,9.0171,6.8198,15.9757,29190.9360,11.2396,NA,NA,NA,NA,NA,NA,NA,NA,NA,NA
446.914,4.0142,9.4858,6.8176,15.9386,29190.9360,11.2396,NA,NA,NA,NA,NA,NA,NA,NA,NA,NA
447.011,4.0160,9.5339,6.8173,15.9336,21651.3980,-17.4918,NA,NA,NA,NA,NA,NA,NA,NA,NA,NA
447.111,4.0198,9.6368,6.8171,15.9301,23401.4920,-10.8226,NA,NA,NA,NA,NA,NA,NA,NA,NA,NA
447.205,4.0198,9.6368,6.8204,15.9863,25849.0740,-1.4955,NA,NA,NA,NA,NA,NA,NA,NA,NA,NA
447.311,4.0143,9.4874,6.8204,15.9863,48218.7280,83.7499,NA,NA,NA,NA,NA,NA,NA,NA,NA,NA
447.402,4.0076,9.3057,6.8160,15.9112,54285.0880,106.8673,NA,NA,NA,NA,NA,NA,NA,NA,NA,NA
447.499,3.9993,9.0777,6.8109,15.8243,60064.1000,128.8897,NA,NA,NA,NA,NA,NA,NA,NA,NA,NA
447.598,3.9988,9.0642,6.8109,15.8243,60064.1000,128.8897,NA,NA,NA,NA,NA,NA,NA,NA,NA,NA
447.721,3.9992,9.0768,6.8054,15.7314,27554.1780,5.0023,NA,NA,NA,NA,NA,NA,NA,NA,NA,NA
447.812,3.9992,9.0768,6.7966,15.5824,29845.6340,13.7345,NA,NA,NA,NA,NA,NA,NA,NA,NA,NA
447.896,3.9957,8.9794,6.7966,15.5824,29845.6340,13.7345,NA,NA,NA,NA,NA,NA,NA,NA,NA,NA
448.015,3.9957,8.9794,6.7954,15.5606,22144.0400,-15.6144,NA,NA,NA,NA,NA,NA,NA,NA,NA,NA
448.122,4.0061,9.2639,6.7930,15.5206,23903.7860,-8.9085,NA,NA,NA,NA,NA,NA,NA,NA,NA,NA
448.208,4.0061,9.2639,6.7916,15.4972,42775.7600,63.0080,NA,NA,NA,NA,NA,NA,NA,NA,NA,NA
448.299,3.9957,8.9811,6.7684,15.1020,48879.8200,86.2691,NA,NA,NA,NA,NA,NA,NA,NA,NA,NA
448.391,3.9902,8.8310,6.7568,14.9046,55857.5160,112.8594,NA,NA,NA,NA,NA,NA,NA,NA,NA,NA
448.486,3.9830,8.6334,6.7364,14.5572,61999.4640,136.2649,NA,NA,NA,NA,NA,NA,NA,NA,NA,NA
448.666,3.9796,8.5418,6.7262,14.3847,61999.4640,136.2649,NA,NA,NA,NA,NA,NA,NA,NA,NA,NA
448.677,3.9801,8.5538,6.7182,14.2481,28442.4420,8.3872,NA,NA,NA,NA,NA,NA,NA,NA,NA,NA
448.784,4.0169,9.5594,6.7134,14.1666,30835.1780,17.5054,NA,NA,NA,NA,NA,NA,NA,NA,NA,NA
448.876,4.0169,9.5594,6.7099,14.1070,30835.1780,17.5054,NA,NA,NA,NA,NA,NA,NA,NA,NA,NA
448.972,4.0159,9.5304,6.7079,14.0738,22538.0780,-14.1129,NA,NA,NA,NA,NA,NA,NA,NA,NA,NA
449.072,4.0059,9.2576,6.7025,13.9808,24386.5560,-7.0688,NA,NA,NA,NA,NA,NA,NA,NA,NA,NA
449.171,4.0010,9.1243,6.7065,14.0500,44615.0400,70.0171,NA,NA,NA,NA,NA,NA,NA,NA,NA,NA
449.290,3.9842,8.6667,6.7065,14.0500,50807.7120,93.6158,NA,NA,NA,NA,NA,NA,NA,NA,NA,NA
449.392,3.9771,8.4722,6.6983,13.9099,50807.7120,93.6158,NA,NA,NA,NA,NA,NA,NA,NA,NA,NA
449.530,3.9688,8.2475,6.6976,13.8985,30677.1100,16.9030,NA,NA,NA,NA,NA,NA,NA,NA,NA,NA
449.572,3.9889,8.7957,6.7016,13.9658,30677.1100,16.9030,NA,NA,NA,NA,NA,NA,NA,NA,NA,NA
449.669,3.9889,8.7957,6.7016,13.9658,24140.4600,-8.0066,NA,NA,NA,NA,NA,NA,NA,NA,NA,NA
449.870,3.9871,8.7469,6.6982,13.9087,25829.8340,-1.5688,NA,NA,NA,NA,NA,NA,NA,NA,NA,NA
449.875,3.9639,8.1121,6.6973,13.8935,48947.1680,86.5258,NA,NA,NA,NA,NA,NA,NA,NA,NA,NA
449.975,3.9487,7.6995,6.6934,13.8269,51917.6920,97.8457,NA,NA,NA,NA,NA,NA,NA,NA,NA,NA
450.098,3.9487,7.6995,6.6906,13.7789,56000.2360,113.4033,NA,NA,NA,NA,NA,NA,NA,NA,NA,NA
450.189,3.9460,7.6242,6.6906,13.7789,56000.2360,113.4033,NA,NA,NA,NA,NA,NA,NA,NA,NA,NA
450.272,3.9460,7.6242,6.6833,13.6551,25901.9780,-1.2939,NA,NA,NA,NA,NA,NA,NA,NA,NA,NA
450.359,3.9372,7.3839,6.6769,13.5461,27711.0280,5.6000,NA,NA,NA,NA,NA,NA,NA,NA,NA,NA
450.583,3.9380,7.4054,6.6715,13.4550,27711.0280,5.6000,NA,NA,NA,NA,NA,NA,NA,NA,NA,NA
450.590,3.9564,7.9083,6.6681,13.3962,22201.0860,-15.3971,NA,NA,NA,NA,NA,NA,NA,NA,NA,NA
450.675,3.9573,7.9341,6.6661,13.3619,24250.7760,-7.5862,NA,NA,NA,NA,NA,NA,NA,NA,NA,NA
450.745,3.9573,7.9341,6.6609,13.2739,26190.4220,-0.1947,NA,NA,NA,NA,NA,NA,NA,NA,NA,NA
450.856,3.9406,7.4765,6.6643,13.3323,49964.9440,90.4043,NA,NA,NA,NA,NA,NA,NA,NA,NA,NA
450.940,3.9308,7.2107,6.6643,13.3323,53097.1040,102.3402,NA,NA,NA,NA,NA,NA,NA,NA,NA,NA
451.111,3.9271,7.1080,6.6627,13.3051,57262.7960,118.2146,NA,NA,NA,NA,NA,NA,NA,NA,NA,NA
451.198,3.9219,6.9663,6.6641,13.3292,57262.7960,118.2146,NA,NA,NA,NA,NA,NA,NA,NA,NA,NA
451.284,3.9219,6.9663,6.6641,13.3292,26663.6940,1.6089,NA,NA,NA,NA,NA,NA,NA,NA,NA,NA
451.375,3.9149,6.7765,6.6622,13.2964,28428.2660,8.3332,NA,NA,NA,NA,NA,NA,NA,NA,NA,NA
451.431,3.9139,6.7498,6.6614,13.2820,28428.2660,8.3332,NA,NA,NA,NA,NA,NA,NA,NA,NA,NA
451.579,3.9293,7.1696,6.6589,13.2401,22651.4260,-13.6809,NA,NA,NA,NA,NA,NA,NA,NA,NA,NA
451.686,3.9293,7.1696,6.6561,13.1922,24720.7200,-5.7953,NA,NA,NA,NA,NA,NA,NA,NA,NA,NA
451.755,3.9291,7.1648,6.6522,13.1256,46490.8720,77.1654,NA,NA,NA,NA,NA,NA,NA,NA,NA,NA
451.833,3.9158,6.8001,6.6498,13.0850,51161.6280,94.9645,NA,NA,NA,NA,NA,NA,NA,NA,NA,NA
451.921,3.9033,6.4606,6.6430,12.9704,54788.8280,108.7869,NA,NA,NA,NA,NA,NA,NA,NA,NA,NA
452.031,3.9020,6.4255,6.6387,12.8959,58749.8280,123.8813,NA,NA,NA,NA,NA,NA,NA,NA,NA,NA
452.123,3.8904,6.1095,6.6359,12.8487,58749.8280,123.8813,NA,NA,NA,NA,NA,NA,NA,NA,NA,NA
452.274,3.8904,6.1095,6.6336,12.8090,27203.8260,3.6672,NA,NA,NA,NA,NA,NA,NA,NA,NA,NA
452.327,3.8994,6.3527,6.6314,12.7726,25394.0780,-3.2293,NA,NA,NA,NA,NA,NA,NA,NA,NA,NA
452.420,3.8994,6.3527,6.6312,12.7690,46027.8720,75.4010,NA,NA,NA,NA,NA,NA,NA,NA,NA,NA
452.516,3.8961,6.2632,6.6315,12.7742,50040.0560,90.6905,NA,NA,NA,NA,NA,NA,NA,NA,NA,NA
452.620,3.8900,6.0963,6.6315,12.7742,53850.4280,105.2109,NA,NA,NA,NA,NA,NA,NA,NA,NA,NA
452.719,3.8775,5.7556,6.6237,12.6414,53850.4280,105.2109,NA,NA,NA,NA,NA,NA,NA,NA,NA,NA
452.887,3.8733,5.6432,6.6202,12.5812,24844.3640,-5.3242,NA,NA,NA,NA,NA,NA,NA,NA,NA,NA
452.960,3.8798,5.8202,6.6152,12.4969,28192.6960,7.4355,NA,NA,NA,NA,NA,NA,NA,NA,NA,NA
453.045,3.9138,6.7461,6.6165,12.5185,32319.7680,23.1628,NA,NA,NA,NA,NA,NA,NA,NA,NA,NA
453.119,3.9156,6.7944,6.6165,12.5185,32319.7680,23.1628,NA,NA,NA,NA,NA,NA,NA,NA,NA,NA
453.211,3.9156,6.7944,6.6156,12.5033,23937.0380,-8.7818,NA,NA,NA,NA,NA,NA,NA,NA,NA,NA
453.305,3.9124,6.7090,6.6144,12.4840,25687.4980,-2.1112,NA,NA,NA,NA,NA,NA,NA,NA,NA,NA
453.399,3.8957,6.2523,6.6142,12.4806,47783.9280,82.0929,NA,NA,NA,NA,NA,NA,NA,NA,NA,NA
453.515,3.8879,6.0413,6.6109,12.4233,51845.8200,97.5718,NA,NA,NA,NA,NA,NA,NA,NA,NA,NA
453.609,3.8825,5.8930,6.6078,12.3708,54880.7480,109.1372,NA,NA,NA,NA,NA,NA,NA,NA,NA,NA
453.695,3.8706,5.5682,6.6001,12.2407,54880.7480,109.1372,NA,NA,NA,NA,NA,NA,NA,NA,NA,NA
453.792,3.8659,5.4414,6.5965,12.1784,25451.8980,-3.0090,194865.4400,0.0000,NA,NA,NA,NA,NA,NA,NA,NA
453.888,3.8611,5.3080,6.5943,12.1407,50976.7640,94.2601,NA,NA,NA,NA,NA,NA,NA,NA,NA,NA
453.984,3.8593,5.2613,6.5934,12.1263,50976.7640,94.2601,NA,NA,NA,NA,NA,NA,NA,NA,NA,NA
454.109,3.8531,5.0918,6.5918,12.0988,26634.5920,1.4980,NA,NA,NA,NA,NA,NA,NA,NA,NA,NA
454.192,3.8608,5.3011,6.5884,12.0405,26634.5920,1.4980,NA,NA,NA,NA,NA,NA,NA,NA,NA,NA
